t_ms,node,yaw,hi,sdf0,sdf90,sdf180,sdf270,best_deg
638677808,chair_2,0,204,0.297043,0.27432,0.165306,0.187904,180
638677853,chair_1,0,204,0.297043,0.27432,0.165306,0.187904,180
638677901,chair_2,3.14159,207,0.165235,0.188321,0.301646,0.277976,0
638678001,chair_2,3.14159,207,0.167745,0.18922,0.303148,0.278368,0
638678102,chair_2,3.14159,214,0.167109,0.188601,0.303085,0.278112,0
638678201,chair_2,3.19703,214,0.169526,0.193062,0.304049,0.276041,0
638678301,chair_2,3.19703,214,0.166779,0.185786,0.301513,0.270103,0
638678401,chair_2,3.19703,214,0.168255,0.185699,0.301992,0.269589,0
638678501,chair_2,3.19703,213,0.168316,0.185751,0.301866,0.269499,0
638678601,chair_3,0,204,0.296525,0.273601,0.164476,0.187279,180
638678626,chair_2,3.19703,213,0.168316,0.185811,0.302289,0.269829,0
638678701,chair_2,3.19703,213,0.168326,0.185808,0.302217,0.269777,0
638678802,chair_2,3.18744,213,0.156734,0.176119,0.294861,0.255697,0
638678901,chair_2,3.18744,213,0.156734,0.176112,0.294813,0.255662,0
638679002,chair_2,3.18744,213,0.164125,0.177106,0.299187,0.25546,0
638679101,chair_2,3.18744,213,0.167101,0.190551,0.301321,0.265823,0
638679202,chair_2,3.18744,213,0.167101,0.190545,0.301275,0.26579,0
638679301,chair_2,3.18744,213,0.1671,0.190538,0.301225,0.265756,0
638679401,chair_3,0,204,0.296525,0.273601,0.164476,0.187279,180
638679425,chair_2,3.18744,214,0.167017,0.19045,0.301443,0.265858,0
638679503,chair_2,3.18089,214,0.166454,0.189455,0.301097,0.265844,0
638679601,chair_2,3.18089,214,0.168837,0.189783,0.302312,0.265669,0
638679702,chair_2,3.18715,213,0.147167,0.170963,0.28931,0.250837,0
638679802,chair_2,3.18715,213,0.147167,0.170957,0.289268,0.250807,0
638679902,chair_2,3.18715,213,0.147167,0.170957,0.289268,0.250807,0
638680001,chair_2,3.18715,211,0.147436,0.171418,0.290538,0.251842,0
638680101,chair_2,3.18715,211,0.149095,0.176593,0.291023,0.255391,0
638680201,chair_3,0,204,0.296525,0.273601,0.164476,0.187279,180
638680240,chair_2,3.18715,211,0.149095,0.176588,0.290987,0.255366,0
638680302,chair_2,3.18715,211,0.149094,0.176581,0.290941,0.255334,0
638680402,chair_2,3.18715,210,0.149283,0.176851,0.291687,0.255942,0
638680501,chair_2,3.18715,209,0.149288,0.176982,0.292233,0.256354,0
638680602,chair_2,3.18715,209,0.153733,0.177772,0.294621,0.256214,0
638680702,chair_2,3.17426,209,0.15395,0.179304,0.294763,0.258816,0
638680802,chair_2,3.16917,209,0.153694,0.178839,0.294592,0.25901,0
638680901,chair_2,3.16324,209,0.153409,0.178313,0.294404,0.25925,0
638681001,chair_3,0,204,0.296525,0.273601,0.164476,0.187279,180
638681023,chair_2,3.15773,209,0.15316,0.177842,0.294231,0.259475,0
638681101,chair_2,3.15364,209,0.153433,0.178563,0.294378,0.260439,0
638681201,chair_2,3.149,209,0.153258,0.178158,0.293956,0.260419,0
638681302,chair_2,3.15061,209,0.156914,0.178898,0.296047,0.260203,0
638681402,chair_2,3.15907,208,0.157527,0.180003,0.297046,0.260562,0
638681502,chair_2,3.17146,207,0.158362,0.181763,0.298123,0.260903,0
638681601,chair_2,3.1741,207,0.158976,0.183259,0.29845,0.261724,0
638681702,chair_2,3.18062,207,0.159148,0.183352,0.298068,0.26079,0
638681801,chair_3,0,204,0.296525,0.273601,0.164476,0.187279,180
638681826,chair_2,3.18653,207,0.159428,0.183791,0.298236,0.260458,0
638681901,chair_2,3.18653,207,0.159428,0.183791,0.298236,0.260458,0
638682001,chair_2,3.18653,207,0.159428,0.183791,0.298236,0.260458,0
638682102,chair_2,3.18653,207,0.159428,0.183791,0.298236,0.260458,0
638682202,chair_2,3.18653,207,0.159429,0.183791,0.298236,0.260458,0
638682301,chair_2,3.18653,207,0.159429,0.183791,0.298236,0.260458,0
638682401,chair_2,3.18653,207,0.159428,0.183791,0.298236,0.260458,0
638682502,chair_2,3.18653,207,0.159428,0.183791,0.298236,0.260458,0
638682601,chair_3,0,204,0.296525,0.273601,0.164476,0.187279,180
638682635,chair_2,3.18653,207,0.159428,0.183791,0.298236,0.260458,0
638682701,chair_2,3.18653,207,0.159428,0.183791,0.298236,0.260458,0
638682800,chair_2,3.18653,207,0.159428,0.183791,0.298236,0.260458,0
638682901,chair_2,3.18653,207,0.159429,0.183791,0.298236,0.260458,0
638683001,chair_2,3.18653,207,0.159429,0.183791,0.298236,0.260458,0
638683100,chair_2,3.18653,207,0.159429,0.183791,0.298236,0.260458,0
638683201,chair_2,3.18653,207,0.159428,0.183791,0.298236,0.260458,0
638683301,chair_2,3.18653,207,0.159428,0.183791,0.298236,0.260458,0
638683401,chair_3,0,204,0.296525,0.273601,0.164476,0.187279,180
638683446,chair_2,3.18653,207,0.159428,0.183791,0.298236,0.260458,0
638683503,chair_2,3.18653,207,0.159428,0.183791,0.298236,0.260458,0
638683602,chair_2,3.18653,207,0.159429,0.183791,0.298236,0.260458,0
638683701,chair_2,3.18653,207,0.159429,0.183791,0.298236,0.260458,0
638683801,chair_2,3.18653,207,0.159428,0.183791,0.298236,0.260458,0
638683901,chair_2,3.18653,207,0.159428,0.183791,0.298236,0.260458,0
638684001,chair_2,3.18653,207,0.159428,0.183791,0.298236,0.260458,0
638684101,chair_2,3.18653,207,0.159428,0.183791,0.298236,0.260458,0
638684201,chair_3,0,204,0.296525,0.273601,0.164476,0.187279,180
638684223,chair_2,3.18653,207,0.159428,0.183791,0.298236,0.260458,0
638684301,chair_2,3.18653,207,0.159429,0.183791,0.298236,0.260458,0
638684401,chair_2,3.18653,207,0.159429,0.183791,0.298236,0.260458,0
638684501,chair_2,3.18653,211,0.154255,0.179291,0.295594,0.256767,0
638684601,chair_2,3.17654,204,0.154324,0.181781,0.300351,0.25768,0
638684702,chair_2,3.17654,212,0.166696,0.188298,0.309581,0.274203,0
638684801,chair_2,3.18252,207,0.167214,0.188598,0.307599,0.272108,0
638684902,chair_2,3.18401,208,0.167322,0.188556,0.30826,0.272736,0
638685002,chair_3,0,205,0.305514,0.282754,0.166363,0.188148,180
638685033,chair_2,3.18599,208,0.167497,0.18885,0.307994,0.272521,0
638685105,chair_2,3.18789,208,0.167627,0.189022,0.307828,0.272298,0
638685202,chair_2,3.18964,205,0.167866,0.189122,0.308238,0.27312,0
638685302,chair_2,3.19211,207,0.167863,0.189398,0.306495,0.27078,0
638685402,chair_2,3.19281,207,0.167789,0.189185,0.307807,0.271343,0
638685502,chair_2,3.1955,207,0.167987,0.189449,0.307614,0.27106,0
638685601,chair_2,3.19691,205,0.168249,0.189394,0.308536,0.272552,0
638685702,chair_2,3.19797,204,0.168497,0.189709,0.308768,0.272777,0
638685801,chair_3,0,204,0.30489,0.282035,0.166674,0.188531,180
638685829,chair_2,3.20115,207,0.168408,0.189928,0.30668,0.270111,0
638685902,chair_2,3.20174,207,0.166415,0.1893,0.306734,0.271722,0
638686003,chair_2,3.20196,208,0.166621,0.189938,0.307204,0.271717,0
638686101,chair_2,3.20196,208,0.166621,0.189938,0.307204,0.271717,0
638686201,chair_2,3.20196,208,0.166621,0.189938,0.307204,0.271717,0
638686301,chair_2,3.20196,208,0.166621,0.189938,0.307204,0.271717,0
638686401,chair_2,3.20196,208,0.166621,0.189938,0.307204,0.271717,0
638686502,chair_2,3.20196,208,0.166621,0.189938,0.307204,0.271717,0
638686601,chair_3,0,205,0.305721,0.282978,0.16671,0.18846,180
638686637,chair_2,3.20196,208,0.166621,0.189939,0.307204,0.271717,0
638686702,chair_2,3.20196,208,0.166622,0.189939,0.307205,0.271718,0
638686802,chair_2,3.20196,208,0.166622,0.189939,0.307205,0.271718,0
638686902,chair_2,3.20196,208,0.166622,0.18994,0.307205,0.271718,0
638687002,chair_2,3.20196,208,0.166623,0.18994,0.307205,0.271719,0
638687102,chair_2,3.20196,208,0.166623,0.18994,0.307205,0.271719,0
638687202,chair_2,3.20196,208,0.166624,0.189941,0.307206,0.271719,0
638687301,chair_2,3.20196,208,0.166624,0.189941,0.307206,0.27172,0
638687401,chair_3,0,205,0.305721,0.282978,0.16671,0.18846,180
638687447,chair_2,3.20196,208,0.166624,0.189941,0.307206,0.27172,0
638687502,chair_2,3.20196,208,0.166624,0.189941,0.307206,0.27172,0
638687602,chair_2,3.20196,208,0.166625,0.189942,0.307206,0.271721,0
638687703,chair_2,3.20196,208,0.166625,0.189942,0.307207,0.271721,0
638687802,chair_2,3.20196,208,0.166626,0.189942,0.307207,0.271721,0
638687901,chair_2,3.20196,208,0.166626,0.189943,0.307207,0.271721,0
638688001,chair_2,3.20196,208,0.166626,0.189943,0.307207,0.271722,0
638688103,chair_2,3.20196,208,0.166626,0.189943,0.307207,0.271722,0
638688201,chair_3,0,205,0.305721,0.282978,0.16671,0.18846,180
638688232,chair_2,3.20196,208,0.166627,0.189944,0.307208,0.271723,0
638688301,chair_2,3.20196,208,0.166627,0.189944,0.307208,0.271723,0
638688402,chair_2,3.20196,208,0.166627,0.189944,0.307208,0.271723,0
638688502,chair_2,3.20196,208,0.166627,0.189944,0.307208,0.271723,0
638688602,chair_2,3.20196,208,0.166627,0.189944,0.307208,0.271723,0
638688702,chair_2,3.20196,208,0.166627,0.189944,0.307208,0.271723,0
638688802,chair_2,3.20196,208,0.166627,0.189944,0.307208,0.271723,0
638688902,chair_2,3.20196,208,0.166627,0.189944,0.307208,0.271723,0
638689001,chair_3,0,205,0.305721,0.282978,0.16671,0.18846,180
638689037,chair_2,3.20196,208,0.166627,0.189944,0.307208,0.271723,0
638689102,chair_2,3.20196,208,0.166627,0.189944,0.307208,0.271723,0
638689202,chair_2,3.20196,208,0.166627,0.189944,0.307208,0.271723,0
638689302,chair_2,3.20196,208,0.166627,0.189944,0.307208,0.271723,0
638689402,chair_2,3.20196,208,0.166627,0.189944,0.307208,0.271723,0
638689501,chair_2,3.20196,208,0.166627,0.189944,0.307208,0.271723,0
638689601,chair_2,3.20196,208,0.166627,0.189944,0.307208,0.271723,0
638689702,chair_2,3.20196,208,0.166627,0.189944,0.307208,0.271723,0
638689801,chair_3,0,205,0.305721,0.282978,0.16671,0.18846,180
638689822,chair_2,3.20196,208,0.166627,0.189944,0.307208,0.271723,0
638689901,chair_2,3.20196,208,0.166627,0.189944,0.307208,0.271723,0
638690001,chair_2,3.20196,208,0.166627,0.189944,0.307208,0.271723,0
638690102,chair_2,3.20196,208,0.166627,0.189944,0.307208,0.271723,0
638690201,chair_2,3.20196,208,0.166627,0.189944,0.307208,0.271723,0
638690302,chair_2,3.20196,208,0.166627,0.189944,0.307208,0.271723,0
638690402,chair_2,3.20196,208,0.166627,0.189944,0.307208,0.271723,0
638690502,chair_2,3.20196,208,0.166627,0.189944,0.307208,0.271723,0
638690602,chair_3,0,205,0.305721,0.282978,0.16671,0.18846,180
638690625,chair_2,3.20196,208,0.166627,0.189944,0.307208,0.271723,0
638690702,chair_2,3.20196,208,0.166627,0.189944,0.307208,0.271723,0
638690802,chair_2,3.20196,208,0.166627,0.189944,0.307208,0.271723,0
638690901,chair_2,3.20196,208,0.166627,0.189944,0.307208,0.271723,0
638691002,chair_2,3.20196,208,0.166627,0.189944,0.307208,0.271723,0
638691102,chair_2,3.20196,208,0.166628,0.189945,0.307209,0.271723,0
638691201,chair_2,3.20196,208,0.166629,0.189945,0.307209,0.271724,0
638691301,chair_2,3.20196,208,0.16663,0.189946,0.307209,0.271724,0
638691402,chair_3,0,205,0.305721,0.282978,0.16671,0.18846,180
638691431,chair_2,3.20196,208,0.16663,0.189946,0.307209,0.271724,0
638691502,chair_2,3.20196,208,0.16663,0.189946,0.307209,0.271724,0
638691602,chair_2,3.20196,208,0.16663,0.189946,0.307209,0.271724,0
638691702,chair_2,3.20196,208,0.16663,0.189946,0.307209,0.271724,0
638691802,chair_2,3.20196,208,0.16663,0.189946,0.307209,0.271724,0
638691902,chair_2,3.20196,208,0.16663,0.189946,0.307209,0.271724,0
638692002,chair_2,3.20196,208,0.16663,0.189946,0.307209,0.271724,0
638692101,chair_2,3.20196,208,0.16663,0.189946,0.307209,0.271724,0
638692201,chair_3,0,205,0.305721,0.282978,0.16671,0.18846,180
638692231,chair_2,3.20196,208,0.16663,0.189946,0.307209,0.271724,0
638692302,chair_2,3.20196,208,0.16663,0.189946,0.307209,0.271724,0
638692401,chair_2,3.20196,208,0.16663,0.189946,0.307209,0.271724,0
638692502,chair_2,3.20196,208,0.16663,0.189946,0.307209,0.271724,0
638692601,chair_2,3.20196,208,0.16663,0.189946,0.307209,0.271724,0
638692702,chair_2,3.20196,208,0.16663,0.189946,0.307209,0.271724,0
638692802,chair_2,3.20196,208,0.16663,0.189946,0.307209,0.271724,0
638692902,chair_2,3.20196,208,0.16663,0.189946,0.307209,0.271724,0
638693002,chair_3,0,205,0.305721,0.282978,0.16671,0.18846,180
638693039,chair_2,3.20196,208,0.16663,0.189946,0.307209,0.271724,0
638693101,chair_2,3.20196,208,0.16663,0.189946,0.307209,0.271724,0
638693202,chair_2,3.20196,208,0.16663,0.189946,0.307209,0.271724,0
638693302,chair_2,3.20196,208,0.16663,0.189946,0.307209,0.271724,0
638693402,chair_2,3.20196,208,0.16663,0.189946,0.307209,0.271724,0
638693502,chair_2,3.20196,208,0.16663,0.189946,0.307209,0.271724,0
638693601,chair_2,3.20196,208,0.16663,0.189946,0.307209,0.271724,0
638693702,chair_2,3.20196,208,0.16663,0.189946,0.307209,0.271724,0
638693802,chair_3,0,205,0.305721,0.282978,0.16671,0.18846,180
638693848,chair_2,3.20196,208,0.16663,0.189946,0.307209,0.271724,0
638693901,chair_2,3.20196,208,0.16663,0.189946,0.307209,0.271724,0
638694002,chair_2,3.20196,208,0.16663,0.189946,0.307209,0.271724,0
638694102,chair_2,3.20196,208,0.16663,0.189946,0.307209,0.271724,0
638694202,chair_2,3.20196,208,0.16663,0.189946,0.307209,0.271724,0
638694301,chair_2,3.20196,208,0.16663,0.189946,0.307209,0.271724,0
638694402,chair_2,3.20196,208,0.16663,0.189946,0.307209,0.271724,0
638694503,chair_2,3.20196,202,0.169378,0.187553,0.299397,0.27725,0
638694602,chair_3,0,200,0.294933,0.272632,0.163772,0.185612,180
638694627,chair_2,3.20196,200,0.173878,0.194014,0.306406,0.277463,0
638694702,chair_2,3.20196,212,0.182215,0.197621,0.316773,0.29386,0
638694804,chair_2,3.20341,219,0.171925,0.187143,0.307933,0.289643,0
638694903,chair_2,3.20341,215,0.173717,0.188712,0.309644,0.286449,0
638695003,chair_2,3.19969,212,0.164098,0.182661,0.308517,0.278192,0
638695103,chair_2,3.19969,219,0.164134,0.182626,0.310098,0.279561,0
638695202,chair_2,3.19969,221,0.164043,0.183091,0.310476,0.278761,0
638695303,chair_2,3.19969,221,0.164046,0.183091,0.310477,0.278764,0
638695401,chair_3,0,216,0.305214,0.283772,0.161265,0.179257,180
638695434,chair_2,3.19969,221,0.164046,0.183088,0.310477,0.278764,0
638695502,chair_2,3.19969,210,0.17815,0.19341,0.314821,0.289306,0
638695604,chair_2,3.19146,203,0.171871,0.187963,0.307457,0.276983,0
638695704,chair_2,3.19146,212,0.16533,0.190205,0.305975,0.264131,0
638695804,chair_2,3.19146,209,0.164105,0.188746,0.300065,0.261079,0
638695904,chair_2,3.19146,201,0.163227,0.189928,0.298343,0.259341,0
638696002,chair_2,3.19146,194,0.159374,0.181649,0.290383,0.262349,0
638696103,chair_2,3.19146,200,0.165719,0.187688,0.291106,0.263829,0
638696201,chair_3,0,197,0.290503,0.27377,0.164704,0.185876,180
638696236,chair_2,3.19146,200,0.165695,0.187667,0.291091,0.26379,0
638696306,chair_2,3.19146,200,0.165692,0.187666,0.291089,0.263783,0
638696404,chair_2,3.19146,200,0.16569,0.187665,0.291088,0.26378,0
638696503,chair_2,3.19146,200,0.165692,0.187667,0.291089,0.263781,0
638696603,chair_2,3.19146,200,0.165692,0.187667,0.29109,0.263781,0
638696708,chair_2,3.19146,201,0.165677,0.187534,0.291293,0.264116,0
638696805,chair_2,3.19146,201,0.165677,0.187534,0.291293,0.264116,0
638696903,chair_2,3.19146,200,0.165692,0.187666,0.291089,0.263781,0
638697001,chair_3,0,197,0.289679,0.272706,0.163379,0.184784,180
638697036,chair_2,3.19146,200,0.165692,0.187666,0.291089,0.263781,0
638697104,chair_2,3.19146,200,0.165692,0.187666,0.291089,0.263781,0
638697204,chair_2,3.19146,200,0.165692,0.187666,0.291089,0.263781,0
638697304,chair_2,3.19146,201,0.165677,0.187534,0.291293,0.264116,0
638697405,chair_2,3.19146,200,0.165692,0.187666,0.291089,0.263781,0
638697504,chair_2,3.19146,200,0.165692,0.187666,0.291089,0.263781,0
638697603,chair_2,3.19146,200,0.165692,0.187666,0.291089,0.263781,0
638697703,chair_2,3.19146,200,0.165692,0.187666,0.291089,0.263781,0
638697801,chair_3,0,197,0.289244,0.272175,0.162676,0.184187,180
638697835,chair_2,3.19146,200,0.165692,0.187666,0.291089,0.263781,0
638697903,chair_2,3.19146,200,0.165692,0.187666,0.291089,0.263781,0
638698002,chair_2,3.19146,200,0.165692,0.187666,0.291089,0.263781,0
638698105,chair_2,3.19146,200,0.165692,0.187666,0.291089,0.263781,0
638698205,chair_2,3.19146,200,0.165692,0.187666,0.291089,0.263781,0
638698302,chair_2,3.19146,200,0.165692,0.187666,0.291089,0.263781,0
638698407,chair_2,3.19146,200,0.165692,0.187666,0.291089,0.263781,0
638698505,chair_2,3.19146,200,0.165692,0.187666,0.291089,0.263781,0
638698602,chair_3,0,197,0.289244,0.272175,0.162676,0.184187,180
638698634,chair_2,3.19146,200,0.165692,0.187666,0.291089,0.263781,0
638698705,chair_2,3.19146,200,0.165692,0.187666,0.291089,0.263781,0
638698803,chair_2,3.19146,200,0.165692,0.187666,0.291089,0.263781,0
638698904,chair_2,3.19146,200,0.165692,0.187666,0.291089,0.263781,0
638699003,chair_2,3.19146,200,0.165692,0.187666,0.291089,0.263781,0
638699104,chair_2,3.19146,200,0.165692,0.187666,0.291089,0.263781,0
638699204,chair_2,3.19146,200,0.165692,0.187666,0.291089,0.263781,0
638699304,chair_2,3.19146,200,0.165692,0.187666,0.291089,0.263781,0
638699401,chair_3,0,197,0.289244,0.272175,0.162676,0.184187,180
638699443,chair_2,3.19146,200,0.165692,0.187666,0.291089,0.263781,0
638699504,chair_2,3.19146,200,0.165692,0.187666,0.291089,0.263781,0
638699603,chair_2,3.19146,203,0.167298,0.192208,0.29661,0.260929,0
638699704,chair_2,3.19146,201,0.189295,0.216452,0.314386,0.271964,0
638699804,chair_2,3.19146,206,0.155436,0.182423,0.291343,0.256188,0
638699903,chair_2,3.19146,203,0.149913,0.181816,0.290016,0.247429,0
638700004,chair_2,3.19146,197,0.165273,0.195412,0.295955,0.253755,0
638700104,chair_2,3.19146,193,0.158906,0.187136,0.290291,0.252382,0
638700201,chair_3,0,191,0.294599,0.270995,0.165846,0.189898,180
638700232,chair_2,3.19146,193,0.164159,0.190815,0.294155,0.257854,0
638700310,chair_2,3.19146,192,0.164138,0.190947,0.294075,0.257582,0
638700411,chair_2,3.19146,193,0.16414,0.190803,0.294142,0.257832,0
638700505,chair_2,3.19146,199,0.172113,0.198381,0.30222,0.266402,0
638700608,chair_2,3.19146,196,0.161708,0.189997,0.293803,0.253887,0
638700705,chair_2,3.19146,177,0.191102,0.202835,0.310041,0.287183,0
638700810,chair_2,3.19146,175,0.189078,0.209146,0.309608,0.277254,0
638700904,chair_2,3.19146,167,0.203289,0.218376,0.321035,0.295148,0
638701002,chair_3,0,166,0.305245,0.295749,0.178636,0.191371,180
638701032,chair_2,3.19146,168,0.210589,0.223448,0.326471,0.301933,0
638701105,chair_2,3.19146,134,0.224492,0.223483,0.344126,0.316542,90
638701203,chair_2,3.18998,134,0.241094,0.245224,0.3539,0.319382,0
638701303,chair_2,3.18998,151,0.266813,0.274993,0.375841,0.33781,0
638701405,chair_2,3.19454,162,0.25764,0.270695,0.366675,0.329149,0
638701505,chair_2,3.19454,172,0.259587,0.2724,0.364204,0.329457,0
638701604,chair_2,3.19454,191,0.251987,0.266524,0.352427,0.326823,0
638701705,chair_2,3.19561,190,0.259776,0.279848,0.363745,0.328344,0
638701801,chair_3,0,235,0.224723,0.150587,0.0572747,0.13109,180
638701839,chair_2,3.18133,230,0.281074,0.314867,0.377395,0.32369,0
638701901,chair_3,3.14159,240,0.109661,0.0876149,0.20194,0.176494,90
638701930,chair_2,3.18133,244,0.222945,0.254493,0.338994,0.292489,0
638702001,chair_3,4.71239,249,0.10465,0.20164,0.176437,0.10311,270
638702025,chair_2,3.18133,249,0.22983,0.25581,0.336969,0.296911,0
638702102,chair_3,4.71041,265,0.0860861,0.209404,0.180203,0.0995527,0
638702141,chair_2,3.18342,265,0.235558,0.265756,0.349852,0.303342,0
638702203,chair_3,4.71041,259,0.107437,0.211717,0.18205,0.0937762,270
638702245,chair_2,3.18758,260,0.243797,0.271272,0.355111,0.310302,0
638702303,chair_3,4.70307,271,0.101492,0.211053,0.184473,0.0916275,270
638702363,chair_2,3.18758,271,0.246578,0.270902,0.351097,0.313595,0
638702402,chair_3,4.69604,268,0.104448,0.214795,0.17936,0.0905505,270
638702430,chair_2,3.18758,268,0.248859,0.275097,0.354798,0.313189,0
638702502,chair_3,4.69494,283,0.113427,0.221201,0.167553,0.0771992,270
638702533,chair_2,3.19002,286,0.261696,0.293498,0.370301,0.319334,0
638702601,chair_4,0,232,0.220286,0.126141,0.0754103,0.154933,180
638702630,chair_3,9.40733,221,0.0633057,0.137467,0.220801,0.131413,0
638702651,chair_2,3.19002,228,0.27243,0.314766,0.373618,0.311708,0
638702704,chair_3,9.40733,295,0.0703129,0.113272,0.220338,0.166946,0
638702739,chair_2,3.19002,304,0.269331,0.299846,0.374626,0.325926,0
638702802,chair_3,9.40733,288,0.0536793,0.117428,0.230168,0.158521,0
638702845,chair_2,3.19002,301,0.285083,0.317479,0.38815,0.336833,0
638702903,chair_3,9.40565,300,0.0482243,0.106753,0.22612,0.159342,0
638702929,chair_2,3.19002,312,0.289895,0.321689,0.391172,0.337719,0
638703003,chair_3,9.40593,273,0.0397515,0.125701,0.222131,0.142311,0
638703034,chair_2,3.19002,284,0.298606,0.332352,0.39318,0.340045,0
638703102,chair_3,9.40448,307,0.0428157,0.0984583,0.22619,0.152895,0
638703142,chair_2,3.19002,319,0.2953,0.325254,0.393469,0.343816,0
638703203,chair_3,9.3924,310,0.112133,0.0977579,0.212,0.209676,90
638703232,chair_2,3.19002,324,0.247313,0.265485,0.356854,0.327696,0
638703303,chair_3,9.3924,316,0.0968211,0.0978806,0.216222,0.202702,0
638703338,chair_2,3.19002,334,0.262027,0.28017,0.369294,0.335498,0
638703402,chair_4,0,343,0.23554,0.143878,0.0571673,0.147176,180
638703438,chair_3,9.3924,321,0.1097,0.111235,0.224213,0.217698,0
638703462,chair_2,3.19002,338,0.265626,0.281551,0.375895,0.344585,0
638703505,chair_3,9.3924,325,0.108073,0.112729,0.226685,0.217485,0
638703568,chair_2,3.19002,343,0.26718,0.284355,0.378839,0.346083,0
638703608,chair_3,9.3924,337,0.104856,0.110352,0.221609,0.211864,0
638703650,chair_2,3.19002,355,0.268544,0.285349,0.375615,0.344364,0
638703705,chair_3,9.3924,324,0.103071,0.107311,0.219226,0.209138,0
638703740,chair_2,3.19002,344,0.269034,0.285107,0.371667,0.342492,0
638703807,chair_2,3.19002,346,0.27743,0.295318,0.380783,0.34825,0
638703905,chair_2,3.19002,342,0.280295,0.297446,0.382744,0.351052,0
638704005,chair_2,3.19002,340,0.284974,0.301124,0.386673,0.356363,0
638704110,chair_2,3.19002,318,0.28587,0.301109,0.391298,0.360569,0
638704202,chair_3,0,310,0.226327,0.150599,0.0600959,0.129176,180
638704232,chair_2,3.19002,303,0.274629,0.286033,0.378049,0.353767,0
638704301,chair_3,3.14159,306,0.0533588,0.129649,0.229137,0.151922,0
638704334,chair_2,3.19002,315,0.281145,0.295611,0.38482,0.356847,0
638704401,chair_3,3.14159,281,0.0570154,0.121793,0.224725,0.155118,0
638704439,chair_2,3.19002,296,0.279104,0.292194,0.381802,0.356302,0
638704502,chair_3,3.14159,275,0.0596088,0.118084,0.221596,0.152686,0
638704530,chair_2,3.19002,293,0.275457,0.289258,0.378449,0.350687,0
638704601,chair_3,3.14159,257,0.0734304,0.110627,0.211649,0.157093,0
638704625,chair_2,3.19002,272,0.259875,0.273239,0.361499,0.340176,0
638704702,chair_3,3.14159,265,0.0595908,0.117559,0.222467,0.155864,0
638704728,chair_2,3.19002,277,0.275922,0.290254,0.380586,0.352051,0
638704802,chair_3,3.14159,244,0.073957,0.115694,0.214897,0.155943,0
638704836,chair_2,3.19002,259,0.258595,0.273845,0.363911,0.337287,0
638704902,chair_3,3.14159,241,0.0677801,0.106275,0.215027,0.158695,0
638704939,chair_2,3.19002,256,0.267363,0.280292,0.367004,0.345302,0
638705001,chair_4,0,258,0.228512,0.145775,0.0661801,0.146533,180
638705039,chair_3,3.14159,242,0.0699121,0.111942,0.217344,0.157617,0
638705060,chair_2,3.19002,255,0.264772,0.279507,0.368278,0.342336,0
638705105,chair_3,3.13491,249,0.0673779,0.116525,0.219743,0.154629,0
638705144,chair_2,3.19002,261,0.26663,0.2828,0.372846,0.342745,0
638705203,chair_3,3.1311,228,0.065688,0.107376,0.217715,0.156313,0
638705231,chair_2,3.19002,244,0.271399,0.284976,0.373,0.345666,0
638705302,chair_3,3.12615,185,0.0290882,0.0969716,0.233635,0.17006,0
638705326,chair_2,3.19002,193,0.410685,0.416036,0.486766,0.4693,0
638705402,chair_3,3.13336,113,0.078598,0.0541162,0.201716,0.171173,90
638705436,chair_2,3.19002,119,0.263979,0.271842,0.353034,0.344274,0
638705502,chair_3,4.70377,96,0.0770954,0.214766,0.176943,0.0241823,270
638705535,chair_2,3.19002,104,0.321941,0.328065,0.401352,0.391697,0
638705602,chair_3,9.40897,80,0.15704,0.172427,0.276384,0.262168,0
638705639,chair_2,3.19002,86,0.544025,0.544955,0.597037,0.591254,0
638705703,chair_3,9.41525,81,0.209405,0.0640444,0.0265224,0.181404,180
638705732,chair_2,3.19002,86,0.0972197,0.12378,0.243463,0.236833,0
638705804,chair_3,12.5568,79,0.170162,0.187248,0.137008,0.0678517,270
638705860,chair_2,3.19002,86,0.180736,0.194956,0.292833,0.279823,0
638705904,chair_3,17.2692,77,0.0750871,0.123785,0.182278,0.177364,0
638705940,chair_2,3.19002,85,0.113618,0.137425,0.250932,0.237262,0
638706003,chair_3,17.2692,68,0.0359362,0.197398,0.186611,0.041862,0
638706027,chair_2,3.19002,78,0.29712,0.299682,0.367912,0.365582,0
638706103,chair_3,17.2666,81,0.0896516,0.0230639,0.173206,0.21672,90
638706134,chair_2,3.19002,89,0.100022,0.106038,0.210734,0.217368,0
638706205,chair_3,18.8374,81,0.174521,0.166479,0.129047,0.0928714,270
638706237,chair_2,3.19002,89,0.177582,0.192726,0.288105,0.271356,0
638706302,chair_3,23.5498,81,0.0918958,0.174854,0.166907,0.129319,0
638706326,chair_2,3.19002,89,0.177557,0.192704,0.288089,0.271336,0
638706403,chair_3,23.5498,79,0.104305,0.167655,0.161255,0.136002,0
638706427,chair_2,3.19002,86,0.161964,0.181099,0.277932,0.256674,0
638706503,chair_3,23.5498,81,0.120884,0.19526,0.15917,0.097253,270
638706526,chair_2,3.19002,86,0.214923,0.231546,0.314081,0.292062,0
638706607,chair_3,28.2622,75,0.118934,0.105042,0.18543,0.170679,90
638706655,chair_2,3.19002,79,0.189575,0.203169,0.302796,0.285218,0
638706706,chair_3,28.268,64,0.107639,0.0960722,0.18035,0.172966,90
638706737,chair_2,3.19002,70,0.203202,0.206346,0.296664,0.290251,0
638706805,chair_3,28.268,41,0.0994961,0.146564,0.186357,0.13055,0
638706832,chair_2,3.19002,45,0.218519,0.248131,0.293752,0.259542,0
638706901,chair_4,0,68,0.207924,0.171421,0.0641599,0.121864,180
638706942,chair_3,28.268,60,0.110384,0.0918125,0.185088,0.181316,90
638706968,chair_2,3.19002,64,0.202555,0.205623,0.305468,0.299751,0
638707003,chair_3,29.8388,61,0.0846129,0.178006,0.180444,0.119851,0
638707026,chair_2,3.19002,65,0.187782,0.192058,0.293799,0.288482,0
638707204,chair_3,29.8615,67,0.100987,0.15439,0.178931,0.16801,0
638707226,chair_2,3.19002,75,0.131246,0.151362,0.266902,0.245284,0
638707304,chair_3,29.8615,96,0.0987551,0.201832,0.160831,0.0954277,270
638707328,chair_2,3.19002,102,0.226382,0.243443,0.329647,0.308294,0
638707404,chair_3,29.8615,100,0.0936818,0.182096,0.16848,0.124481,0
638707431,chair_2,3.19002,108,0.186083,0.201424,0.299247,0.282112,0
638707503,chair_3,29.8615,124,0.280154,0.347943,0.326491,0.261793,270
638707528,chair_2,3.19002,132,0.632077,0.634704,0.677458,0.668471,0
638707604,chair_3,29.8615,124,0.108995,0.183408,0.152006,0.124373,0
638707633,chair_2,3.19002,132,0.184612,0.208287,0.297256,0.270335,0
638707706,chair_3,29.8672,132,0.112705,0.186376,0.150267,0.121785,0
638707737,chair_2,3.19002,141,0.186406,0.211531,0.304985,0.273828,0
638707905,chair_3,29.8672,234,0.115576,0.173782,0.164817,0.146771,0
638707930,chair_2,3.19002,247,0.161719,0.189283,0.300612,0.262871,0
638708005,chair_3,29.8661,348,0.120607,0.188002,0.159098,0.129345,0
638708041,chair_2,3.19002,362,0.184035,0.210223,0.315469,0.276667,0
638708104,chair_3,29.8641,453,0.114299,0.239678,0.157979,0.0415146,270
638708137,chair_2,3.19002,471,0.333555,0.346812,0.426649,0.397479,0
638708203,chair_3,34.5764,486,0.0684159,0.12731,0.220595,0.152106,0
638708228,chair_2,3.19002,505,0.250569,0.271475,0.361158,0.325036,0
638708301,chair_4,0,514,0.30582,0.275827,0.160996,0.190816,180
638708329,chair_3,34.578,487,0.130663,0.134664,0.188187,0.139066,0
638708353,chair_2,3.19002,506,0.176464,0.206822,0.311505,0.267182,0
638708404,chair_3,34.5716,486,0.130154,0.133743,0.187444,0.138342,0
638708435,chair_2,3.18111,513,0.17595,0.205799,0.313059,0.268583,0
638708504,chair_3,34.5702,497,0.12113,0.126296,0.195694,0.157541,0
638708530,chair_2,3.17435,528,0.189658,0.215071,0.323192,0.28292,0
638708605,chair_3,34.5702,543,0.128759,0.0987582,0.190974,0.156386,90
638708638,chair_2,3.17589,574,0.19391,0.212912,0.326149,0.295253,0
638708703,chair_3,36.1343,582,0.121038,0.19181,0.169967,0.128838,0
638708735,chair_2,3.18498,609,0.203587,0.218138,0.331774,0.307025,0
638708803,chair_3,36.1306,622,0.129717,0.184743,0.156139,0.132222,0
638708829,chair_2,3.18512,647,0.197034,0.21178,0.323022,0.296123,0
638708906,chair_3,36.1273,216,0.20172,0.170296,0.0480353,0.131972,180
638708931,chair_2,3.18721,228,0.154248,0.197956,0.271877,0.218031,0
638709003,chair_3,39.2659,116,0.0412799,0.129557,0.176141,0.155004,0
638709030,chair_2,3.18721,126,0.148001,0.193961,0.239028,0.203883,0
638709101,chair_4,0,1795,1.38805,1.39726,1.37195,1.36431,270
638709122,chair_3,39.261,1755,1.59825,1.59856,1.57498,1.57529,180
638709146,chair_2,3.18721,1774,1.54783,1.52295,1.52197,1.5488,180
638709201,chair_4,0,1941,1.4154,1.42673,1.40006,1.39433,270
638709223,chair_3,39.261,1901,1.61345,1.6137,1.59016,1.59041,180
638709249,chair_2,3.18721,1921,1.56806,1.54329,1.54225,1.56908,180
638709301,chair_4,0,2006,1.39522,1.41032,1.37926,1.37752,270
638709321,chair_3,39.2631,1965,1.59221,1.59252,1.56869,1.569,180
638709346,chair_2,3.18721,1985,1.54467,1.51953,1.51853,1.54565,180
638709401,chair_4,0,2157,1.39564,1.41043,1.37892,1.37747,270
638709424,chair_3,39.2653,2114,1.58888,1.58918,1.5651,1.5654,180
638709456,chair_2,3.18721,2134,1.54215,1.51674,1.51573,1.54314,180
638709501,chair_4,0,2278,1.37996,1.39479,1.36265,1.3613,270
638709525,chair_3,39.2674,2231,1.57343,1.57375,1.54924,1.54957,180
638709549,chair_2,3.18721,2254,1.52503,1.49914,1.49815,1.526,180
638709901,chair_5,0,3087,1.08437,1.10765,1.07991,1.06233,270
638709921,chair_4,-0.0445167,3087,1.43677,1.45467,1.42496,1.42276,270
638709946,chair_3,39.2721,3021,1.59696,1.59708,1.57311,1.57323,180
638709991,chair_2,3.20673,3064,1.55935,1.53337,1.53217,1.56054,180
638710001,chair_5,0,3283,1.08339,1.10635,1.07765,1.06043,270
638710025,chair_4,-0.0445167,3283,1.43575,1.45354,1.42314,1.42116,270
638710051,chair_3,39.2751,3214,1.59423,1.59431,1.56994,1.57003,180
638710083,chair_2,3.20673,3259,1.5558,1.52932,1.52812,1.55698,180
638710102,chair_5,0,3620,1.09317,1.11527,1.08648,1.07019,270
638710146,chair_4,-0.0445167,3620,1.44569,1.46317,1.43278,1.43116,270
638710172,chair_3,39.2751,3546,1.59809,1.59816,1.57393,1.574,180
638710214,chair_2,3.20673,3594,1.56197,1.53567,1.53444,1.56317,180
638710217,chair_5,0,3860,1.08993,1.11172,1.08282,1.0672,270
638710388,chair_4,-0.0445167,3860,1.43937,1.45559,1.42509,1.42494,270
638710447,chair_3,39.2751,3782,1.59405,1.59434,1.56993,1.5698,270
638710607,chair_2,3.20673,3831,1.55751,1.53102,1.5295,1.55838,180
638710803,chair_5,0,6620,1.08432,1.10665,1.07445,1.05997,270
638710973,chair_4,-0.0715687,6603,1.43463,1.45608,1.4266,1.42327,270
638711175,chair_3,39.2751,6468,1.58053,1.58064,1.55538,1.55548,180
638711241,chair_2,3.20673,6556,1.54551,1.51809,1.51685,1.54672,180
638716506,chair_2,3.20673,790,2.26971,2.24267,2.24534,2.26701,90
638716609,chair_2,3.20673,1651,2.66731,2.66362,2.6476,2.64606,270
638716704,chair_2,3.20673,1596,2.615,2.61162,2.59466,2.59303,270
638716803,chair_2,3.20673,1475,2.67279,2.66964,2.65317,2.65144,270
638716903,chair_2,3.20673,1413,0.708566,0.730762,0.889523,0.854053,0
638717005,chair_2,3.20673,1061,0.655202,0.722522,0.862231,0.785613,0
638717104,chair_2,3.20673,1060,1.1758,1.19876,1.28447,1.23941,0
638717203,chair_2,3.20673,828,0.756788,0.775802,0.893644,0.848931,0
638717304,chair_2,3.20673,677,0.712638,0.748039,0.863806,0.796262,0
638717413,chair_2,3.20673,600,0.741713,0.77319,0.892025,0.829239,0
638717505,chair_2,3.20673,602,0.759929,0.776221,0.901809,0.86,0
638717607,chair_2,3.20673,609,0.753328,0.769412,0.894695,0.853354,0
638717706,chair_2,3.20673,598,0.690598,0.721281,0.839906,0.779957,0
638717809,chair_2,3.20673,561,0.580571,0.59414,0.72247,0.6864,0
638717905,chair_2,3.20673,494,0.545294,0.566055,0.690044,0.645454,0
638718004,chair_2,3.20673,441,0.553742,0.565205,0.694622,0.658887,0
638718105,chair_2,3.20673,380,0.579322,0.598952,0.724481,0.678642,0
638718205,chair_2,3.20673,358,0.532863,0.553395,0.681642,0.634815,0
638718305,chair_2,3.20673,332,0.477628,0.503271,0.630107,0.576466,0
638718410,chair_2,3.20673,310,0.677249,0.701189,0.824067,0.768435,0
638718508,chair_2,3.20673,283,1.16141,1.16505,1.2711,1.24817,0
638718607,chair_2,3.20673,336,0.587636,0.639902,0.745985,0.659987,0
638718710,chair_2,3.20673,351,0.534049,0.538647,0.671929,0.648393,0
638718811,chair_2,3.20673,352,0.606133,0.668501,0.7698,0.671584,0
638718906,chair_2,3.20673,383,0.429083,0.493685,0.605395,0.502745,0
638719011,chair_2,3.20673,443,0.506718,0.546314,0.665656,0.59352,0
638719104,chair_2,3.20673,397,0.593593,0.631208,0.759111,0.681511,0
638719204,chair_2,3.20673,481,0.441799,0.476203,0.597123,0.534299,0
638719301,chair_3,0,508,0.696718,0.662419,0.535076,0.556867,180
638719329,chair_2,3.20673,508,0.52996,0.568229,0.685907,0.616158,0
638719404,chair_2,3.20673,530,0.488944,0.534952,0.645041,0.570031,0
638719503,chair_2,3.20673,542,0.53109,0.564202,0.684305,0.621767,0
638719606,chair_2,3.20673,611,0.671442,0.679058,0.805703,0.777082,0
638719709,chair_2,3.20673,738,0.797247,0.809656,0.927753,0.892601,0
638719811,chair_2,3.20673,1060,0.814299,0.844154,0.951359,0.893953,0
638719909,chair_2,3.20673,281,2.59106,2.57941,2.58114,2.59435,90
638720012,chair_2,3.20673,1640,0.685462,0.803791,0.859627,0.71637,0
638720106,chair_2,3.20673,1680,0.744349,0.772043,0.888003,0.830344,0
638720205,chair_2,3.20673,1677,0.751063,0.773841,0.892524,0.840892,0
638720306,chair_2,3.20673,1636,0.743986,0.769779,0.886972,0.831301,0
638720404,chair_2,3.20673,1418,0.795684,0.835474,0.939687,0.869765,0
638720507,chair_2,3.20673,1167,1.33031,1.34558,1.43993,1.4014,0
638720605,chair_2,3.20673,1085,0.818506,0.83643,0.951128,0.907704,0
638720701,chair_3,0,966,0.897826,0.870737,0.764189,0.780535,180
638720728,chair_2,3.20673,966,0.796639,0.796622,0.911474,0.899459,90
638720806,chair_2,3.20673,966,0.730727,0.755021,0.866819,0.817561,0
638720905,chair_2,3.20673,966,0.730732,0.755025,0.866822,0.817565,0
638721005,chair_2,3.20673,972,0.735654,0.765309,0.87522,0.819762,0
638721105,chair_2,3.20673,992,0.749664,0.788593,0.891635,0.824501,0
638721206,chair_2,3.20673,1028,0.773335,0.81475,0.916395,0.846006,0
638721302,chair_3,0,583,0.122379,0.241962,0.182593,0.0603935,270
638721328,chair_2,3.20673,1038,0.783478,0.818702,0.924519,0.86104,0
638721401,chair_3,4.71239,583,0.0631526,0.118631,0.236066,0.181498,0
638721427,chair_2,3.20673,1073,0.828499,0.864633,0.973378,0.908509,0
638721503,chair_3,4.70749,581,0.118825,0.124574,0.206662,0.176249,0
638721540,chair_2,3.20673,1151,0.761888,0.825897,0.914434,0.820961,0
638721603,chair_3,4.71327,596,0.162288,0.109185,0.176055,0.183458,90
638721632,chair_2,3.20673,1255,0.760989,0.846549,0.919306,0.806616,0
638721703,chair_3,6.28406,616,0.0966042,0.12688,0.192381,0.197442,0
638721734,chair_2,3.20673,1386,0.743941,0.856249,0.907112,0.774634,0
638721809,chair_3,6.28406,618,0.0960586,0.108104,0.189183,0.205028,0
638721831,chair_2,3.20673,1470,0.69367,0.814766,0.862212,0.720663,0
638721905,chair_3,6.28406,627,0.121014,0.20994,0.171762,0.110991,270
638721932,chair_2,3.20673,1517,0.723415,0.781339,0.873105,0.78568,0
638722002,chair_3,6.28406,637,0.121912,0.170774,0.17702,0.157725,0
638722028,chair_2,3.20673,1584,0.740842,0.82329,0.895656,0.785728,0
638722102,chair_3,6.30401,641,0.105189,0.234721,0.159319,0.0388401,270
638722127,chair_2,3.20673,1599,0.767665,0.799371,0.90502,0.848747,0
638722203,chair_3,11.0123,623,0.0265535,0.113477,0.235507,0.160618,0
638722227,chair_2,3.20586,1604,0.765853,0.793231,0.899689,0.847566,0
638722305,chair_3,11.0143,619,0.0265625,0.113283,0.235417,0.161025,0
638722328,chair_2,3.20653,1599,0.764351,0.791646,0.898627,0.846417,0
638722403,chair_3,11.0152,618,0.026572,0.112995,0.234806,0.160839,0
638722429,chair_2,3.20935,1599,0.764414,0.791993,0.898627,0.846052,0
638722506,chair_3,11.0145,615,0.0253173,0.110396,0.232701,0.159574,0
638722534,chair_2,3.21104,1599,0.764909,0.79214,0.898921,0.845729,0
638722605,chair_3,11.0145,612,0.0237805,0.113564,0.237247,0.15725,0
638722633,chair_2,3.21214,1532,0.773594,0.791311,0.901778,0.858911,0
638722704,chair_3,11.0145,591,0.0412351,0.115719,0.229352,0.158702,0
638722732,chair_2,3.2127,1477,0.7914,0.831156,0.929745,0.861033,0
638722804,chair_3,11.0156,555,0.048916,0.116797,0.229107,0.159206,0
638722828,chair_2,3.21284,1141,0.734947,0.781429,0.881196,0.803002,0
638722913,chair_3,11.0156,519,0.0440936,0.114439,0.229977,0.1589,0
638722985,chair_2,3.21284,901,0.718753,0.758743,0.859469,0.791132,0
638723014,chair_3,11.0086,515,0.0419417,0.111618,0.23003,0.161178,0
638723039,chair_2,3.21222,847,0.703543,0.739506,0.842158,0.777087,0
638723103,chair_3,11.0092,474,0.0846094,0.111931,0.213512,0.16129,0
638723139,chair_2,3.21234,601,0.613267,0.690598,0.783195,0.669877,0
638723209,chair_3,11.0079,501,0.0764174,0.112996,0.215415,0.158748,0
638723246,chair_2,3.21234,567,0.509814,0.580145,0.687872,0.575994,0
638723304,chair_3,11.0113,483,0.0543441,0.108242,0.224339,0.16254,0
638723335,chair_2,3.21234,582,0.517158,0.566915,0.678704,0.593798,0
638723404,chair_3,11.0113,482,0.0745017,0.110367,0.21737,0.162356,0
638723429,chair_2,3.21234,579,0.490746,0.559669,0.66524,0.558429,0
638723503,chair_3,11.0113,486,0.0746162,0.110638,0.218324,0.163081,0
638723533,chair_2,3.21234,579,0.490756,0.559657,0.665049,0.55839,0
638723607,chair_3,11.0061,485,0.0636026,0.109939,0.221835,0.162604,0
638723637,chair_2,3.21234,579,0.490768,0.559576,0.664527,0.558306,0
638723706,chair_3,11.0017,485,0.0637496,0.110018,0.22263,0.163227,0
638723732,chair_2,3.21234,581,0.494125,0.562878,0.671543,0.561191,0
638723806,chair_3,11.0046,487,0.0636385,0.110107,0.222186,0.162796,0
638723840,chair_2,3.19804,581,0.494252,0.560688,0.671074,0.56353,0
638723907,chair_3,11.0059,486,0.0632658,0.110982,0.220722,0.160855,0
638723935,chair_2,3.19804,580,0.49489,0.561208,0.67148,0.564222,0
638724005,chair_3,11.0026,485,0.0633287,0.110138,0.220567,0.161236,0
638724045,chair_2,3.19804,580,0.494891,0.561147,0.671104,0.564156,0
638724106,chair_3,10.9988,484,0.0634465,0.10999,0.220758,0.161603,0
638724136,chair_2,3.19804,580,0.495386,0.560978,0.671332,0.563978,0
638724202,chair_3,10.9954,484,0.0635308,0.109708,0.22073,0.161725,0
638724227,chair_2,3.19804,580,0.495837,0.560825,0.671543,0.563817,0
638724305,chair_3,10.9921,485,0.0636269,0.109985,0.220839,0.161592,0
638724338,chair_2,3.17577,580,0.496551,0.5573,0.672045,0.567332,0
638724410,chair_3,10.9895,494,0.0755089,0.114667,0.215916,0.157546,0
638724439,chair_2,3.17577,554,0.497649,0.570414,0.673048,0.560771,0
638724505,chair_3,10.9866,498,0.0733788,0.112064,0.216357,0.158958,0
638724531,chair_2,3.17577,530,0.50025,0.573092,0.67898,0.564521,0
638724607,chair_3,10.9841,483,0.0644049,0.109311,0.218734,0.159069,0
638724648,chair_2,3.16614,469,0.55695,0.6145,0.730857,0.629928,0
638724704,chair_3,10.9808,481,0.0679816,0.109436,0.21827,0.15969,0
638724734,chair_2,3.16242,490,0.52021,0.580806,0.691332,0.589821,0
638724803,chair_3,10.9786,481,0.0688767,0.102455,0.219189,0.166046,0
638724827,chair_2,3.16242,365,0.625072,0.688655,0.80571,0.693302,0
638724904,chair_3,10.9787,509,0.0686839,0.106985,0.217649,0.161553,0
638724938,chair_2,3.16242,429,0.547634,0.604145,0.713831,0.619458,0
638725003,chair_3,10.9784,506,0.0842466,0.109903,0.212354,0.161159,0
638725039,chair_2,3.15653,445,0.50934,0.579787,0.678322,0.573672,0
638725107,chair_3,10.9783,518,0.0818997,0.108094,0.215573,0.164729,0
638725171,chair_2,3.15653,434,0.521422,0.592577,0.696871,0.584708,0
638725212,chair_3,10.9781,534,0.0846585,0.109139,0.214018,0.163141,0
638725236,chair_2,3.15041,421,0.513198,0.579439,0.686963,0.579721,0
638725304,chair_3,10.9753,567,0.0632842,0.105187,0.220336,0.176086,0
638725337,chair_2,3.1468,412,0.447778,0.490267,0.62824,0.548559,0
638725405,chair_3,10.9751,580,0.0544935,0.0907746,0.223717,0.181694,0
638725444,chair_2,3.1468,382,0.533247,0.567389,0.707837,0.637734,0
638725504,chair_3,10.9751,629,0.0591091,0.0960604,0.222688,0.181478,0
638725535,chair_2,3.1468,361,0.560498,0.594426,0.733405,0.663872,0
638725603,chair_3,10.9751,658,0.0551801,0.0863743,0.222899,0.179569,0
638725637,chair_2,3.1468,378,0.51555,0.545819,0.684511,0.621667,0
638725703,chair_3,10.9782,736,0.0766372,0.104833,0.244509,0.201495,0
638725731,chair_2,3.1468,378,0.492271,0.522596,0.662525,0.599425,0
638725804,chair_3,10.981,803,0.0809536,0.11788,0.239678,0.198933,0
638725831,chair_2,3.1468,377,0.400748,0.440879,0.589741,0.510372,0
638725906,chair_3,10.9835,855,0.122877,0.160013,0.270425,0.231296,0
638725938,chair_2,3.1468,400,0.457894,0.511242,0.644608,0.555125,0
638726005,chair_3,10.981,979,0.0692419,0.103679,0.240716,0.195129,0
638726033,chair_2,3.15067,410,0.450224,0.4862,0.627916,0.559623,0
638726105,chair_3,10.9842,1020,0.0607029,0.107624,0.232985,0.187491,0
638726145,chair_2,3.14843,409,0.460089,0.491743,0.636224,0.572643,0
638726205,chair_3,10.9886,994,0.428592,0.421942,0.551507,0.554888,90
638726244,chair_2,3.14843,396,0.590508,0.637337,0.769584,0.684097,0
638726304,chair_3,10.9886,1333,0.0499476,0.0864254,0.230085,0.184042,0
638726328,chair_2,3.14843,440,0.518135,0.549329,0.691399,0.625717,0
638726403,chair_3,10.9937,1363,0.07994,0.116336,0.226116,0.186332,0
638726428,chair_2,3.14843,436,0.481285,0.534708,0.670152,0.577778,0
638726503,chair_3,10.9924,1364,0.0645568,0.110397,0.225466,0.182354,0
638726527,chair_2,3.14843,437,0.489582,0.533595,0.673171,0.591126,0
638726605,chair_3,10.9918,1353,0.0701047,0.115867,0.229886,0.186568,0
638726631,chair_2,3.14843,436,0.484209,0.52816,0.667984,0.586317,0
638726703,chair_3,10.9888,1369,0.0648793,0.109949,0.225307,0.182411,0
638726729,chair_2,3.14843,436,0.484209,0.528165,0.667987,0.586314,0
638726804,chair_3,10.9883,1359,0.0704001,0.115246,0.229839,0.186865,0
638726827,chair_2,3.14843,437,0.483378,0.527226,0.666966,0.585474,0
638726904,chair_3,10.9881,1363,0.0649483,0.109653,0.224979,0.182102,0
638726928,chair_2,3.14843,437,0.48338,0.527228,0.666967,0.585475,0
638727004,chair_3,10.9878,1365,0.0649591,0.109236,0.22489,0.182221,0
638727029,chair_2,3.14843,437,0.483381,0.527229,0.666967,0.585475,0
638727105,chair_3,10.9872,1360,0.0650168,0.108979,0.224762,0.181952,0
638727135,chair_2,3.14843,437,0.483384,0.527231,0.666968,0.585476,0
638727203,chair_3,10.9857,1361,0.0651221,0.107719,0.224779,0.182228,0
638727228,chair_2,3.14843,437,0.483385,0.527232,0.666969,0.585477,0
638727303,chair_3,10.9856,1362,0.0651713,0.107869,0.225133,0.182415,0
638727365,chair_2,3.14843,437,0.483386,0.527233,0.666969,0.585477,0
638727405,chair_3,10.985,1358,0.0690755,0.0947371,0.229087,0.186252,0
638727441,chair_2,3.14843,437,0.483386,0.527234,0.666969,0.585477,0
638727505,chair_3,10.9852,1360,0.0690518,0.0949544,0.229117,0.18629,0
638727534,chair_2,3.14843,437,0.483387,0.527234,0.666969,0.585477,0
638727603,chair_3,10.9858,1361,0.0635134,0.0899733,0.224458,0.181728,0
638727628,chair_2,3.14843,438,0.482553,0.5263,0.665949,0.584637,0
638727704,chair_3,10.9861,1365,0.0634907,0.0903864,0.224455,0.181606,0
638727729,chair_2,3.14843,437,0.483385,0.527232,0.666969,0.585476,0
638727803,chair_3,10.987,1359,0.0633794,0.0913828,0.224079,0.18113,0
638727851,chair_2,3.14843,437,0.483385,0.527232,0.666969,0.585476,0
638727904,chair_3,10.9873,1360,0.0633689,0.0917294,0.224004,0.181064,0
638727945,chair_2,3.14843,437,0.483384,0.527232,0.666969,0.585476,0
638728004,chair_3,10.9875,1357,0.0688535,0.0976653,0.229118,0.186071,0
638728033,chair_2,3.14843,437,0.483384,0.527232,0.666969,0.585476,0
638728105,chair_3,10.9874,1359,0.0633707,0.0920594,0.224446,0.181418,0
638728137,chair_2,3.14843,438,0.482553,0.5263,0.66595,0.584637,0
638728208,chair_3,10.9877,1361,0.0633312,0.0922425,0.224396,0.18152,0
638728214,chair_2,3.14843,437,0.483385,0.527233,0.666969,0.585476,0
638728303,chair_3,10.9877,1362,0.0633457,0.0922047,0.224312,0.181469,0
638728308,chair_2,3.14843,437,0.483384,0.527232,0.666968,0.585475,0
638728406,chair_3,10.9877,1362,0.0633456,0.0922047,0.224313,0.181468,0
638728412,chair_2,3.14843,437,0.483385,0.527233,0.666969,0.585476,0
638728505,chair_3,10.9877,1362,0.0633456,0.0922047,0.224313,0.181468,0
638728512,chair_2,3.14843,437,0.483385,0.527233,0.666969,0.585476,0
638728605,chair_3,10.9877,1361,0.0633309,0.0922424,0.224396,0.18152,0
638728612,chair_2,3.14843,437,0.483385,0.527233,0.666969,0.585476,0
638728705,chair_3,10.9877,1361,0.0633309,0.0922424,0.224396,0.18152,0
638728712,chair_2,3.14843,437,0.483385,0.527233,0.666969,0.585476,0
638728805,chair_3,10.9877,1361,0.063331,0.0922424,0.224396,0.18152,0
638728810,chair_2,3.14843,437,0.483385,0.527233,0.666969,0.585476,0
638728904,chair_3,10.9877,1361,0.0633312,0.0922424,0.224396,0.18152,0
638728909,chair_2,3.14843,437,0.483385,0.527233,0.666969,0.585476,0
638729005,chair_3,10.9877,1361,0.0633311,0.0922423,0.224396,0.18152,0
638729009,chair_2,3.14843,437,0.483386,0.527234,0.666969,0.585477,0
638729103,chair_3,10.9877,1361,0.0633311,0.0922423,0.224396,0.18152,0
638729107,chair_2,3.14843,437,0.483386,0.527233,0.666969,0.585476,0
638729205,chair_3,10.9877,1361,0.0633311,0.0922423,0.224396,0.18152,0
638729211,chair_2,3.14843,437,0.483386,0.527233,0.666969,0.585476,0
638729304,chair_3,10.9877,1361,0.0633312,0.0922423,0.224396,0.18152,0
638729311,chair_2,3.14843,437,0.483386,0.527234,0.666969,0.585476,0
638729405,chair_3,10.9877,1361,0.0633315,0.0922423,0.224396,0.181519,0
638729411,chair_2,3.14843,437,0.483386,0.527234,0.666969,0.585476,0
638729505,chair_3,10.9877,1361,0.0633315,0.0922422,0.224396,0.181519,0
638729511,chair_2,3.14843,437,0.483386,0.527234,0.66697,0.585477,0
638729603,chair_3,10.9877,1361,0.0633315,0.0922422,0.224396,0.181519,0
638729607,chair_2,3.14843,437,0.483386,0.527234,0.66697,0.585477,0
638729703,chair_3,10.9877,1361,0.0633315,0.0922422,0.224396,0.181519,0
638729707,chair_2,3.14843,437,0.483386,0.527234,0.66697,0.585477,0
638729805,chair_3,10.9877,1361,0.0633317,0.0922423,0.224396,0.181519,0
638729811,chair_2,3.14843,437,0.483386,0.527234,0.666969,0.585476,0
638729903,chair_3,10.9877,1361,0.063332,0.0922423,0.224396,0.181519,0
638729907,chair_2,3.14843,437,0.483386,0.527234,0.666969,0.585476,0
638730005,chair_3,10.9877,1361,0.063332,0.0922423,0.224396,0.181519,0
638730011,chair_2,3.14843,437,0.483386,0.527234,0.666969,0.585476,0
638730105,chair_3,10.9877,1361,0.0633317,0.0922423,0.224396,0.181519,0
638730112,chair_2,3.14843,437,0.483386,0.527234,0.666969,0.585476,0
638730203,chair_3,10.9877,1361,0.0633317,0.0922423,0.224396,0.181519,0
638730207,chair_2,3.14843,437,0.483386,0.527234,0.666969,0.585476,0
638730304,chair_3,10.9877,1361,0.0633317,0.0922423,0.224396,0.181519,0
638730311,chair_2,3.14843,437,0.483386,0.527234,0.666969,0.585476,0
638730404,chair_3,10.9877,1361,0.0633317,0.0922423,0.224396,0.181519,0
638730410,chair_2,3.14843,437,0.483386,0.527234,0.666969,0.585476,0
638730504,chair_3,10.9877,1361,0.0633317,0.0922423,0.224396,0.181519,0
638730511,chair_2,3.14843,437,0.483386,0.527234,0.666969,0.585476,0
638730605,chair_3,10.9877,1361,0.0633315,0.0922423,0.224396,0.181519,0
638730611,chair_2,3.14843,437,0.483386,0.527234,0.666969,0.585476,0
638730705,chair_3,10.9877,1361,0.0633317,0.0922423,0.224396,0.181519,0
638730710,chair_2,3.14843,437,0.483386,0.527234,0.666969,0.585476,0
638730805,chair_3,10.9877,1361,0.063332,0.0922423,0.224396,0.181519,0
638730812,chair_2,3.14843,437,0.483386,0.527234,0.666969,0.585476,0
638730905,chair_3,10.9877,1361,0.063332,0.0922423,0.224396,0.181519,0
638730911,chair_2,3.14843,437,0.483386,0.527234,0.666969,0.585476,0
638731005,chair_3,10.9877,1361,0.0633323,0.0922422,0.224395,0.181519,0
638731012,chair_2,3.14843,437,0.483386,0.527235,0.666969,0.585476,0
638731106,chair_3,10.9877,1361,0.0633323,0.0922422,0.224395,0.181519,0
638731112,chair_2,3.14843,437,0.483386,0.527235,0.666969,0.585476,0
638731205,chair_3,10.9877,1361,0.0633323,0.0922422,0.224395,0.181519,0
638731211,chair_2,3.14843,437,0.483386,0.527235,0.666969,0.585476,0
638731306,chair_3,10.9877,1361,0.0633323,0.0922422,0.224395,0.181519,0
638731334,chair_2,3.14843,437,0.483386,0.527235,0.666969,0.585476,0
638731404,chair_3,10.9881,1361,0.0633052,0.0928472,0.224529,0.181603,0
638731436,chair_2,3.15587,437,0.483621,0.528363,0.666564,0.584253,0
638731503,chair_3,10.9886,1364,0.0632561,0.0932998,0.224403,0.181497,0
638731529,chair_2,3.16285,437,0.483817,0.529221,0.666374,0.582996,0
638731605,chair_3,10.9893,1358,0.0631738,0.0944253,0.22425,0.181226,0
638731632,chair_2,3.16583,437,0.483886,0.529418,0.666157,0.582291,0
638731704,chair_3,10.9902,1358,0.0631096,0.0958121,0.224412,0.181302,0
638731733,chair_2,3.16825,437,0.483943,0.529576,0.665683,0.581645,0
638731804,chair_3,10.9907,1360,0.0630603,0.0966931,0.224388,0.18127,0
638731829,chair_2,3.17049,437,0.483996,0.529717,0.665276,0.581051,0
638731905,chair_3,10.9909,1361,0.0630576,0.0967235,0.224547,0.181403,0
638731929,chair_2,3.17365,437,0.484076,0.53001,0.664904,0.580339,0
638732004,chair_3,10.991,1364,0.0630463,0.0970307,0.224472,0.18137,0
638732028,chair_2,3.1747,437,0.484099,0.530047,0.664721,0.58004,0
638732103,chair_3,10.9917,1358,0.0629811,0.0980792,0.224533,0.181289,0
638732128,chair_2,3.17543,437,0.484115,0.530061,0.664371,0.57977,0
638732205,chair_3,10.9925,1361,0.0628977,0.0992616,0.224427,0.18117,0
638732232,chair_2,3.17593,437,0.484123,0.530031,0.664051,0.579534,0
638732303,chair_3,10.993,1361,0.0628815,0.0999598,0.22474,0.181406,0
638732345,chair_2,3.17631,437,0.484118,0.529858,0.663685,0.579203,0
638732403,chair_3,10.9928,1364,0.0628914,0.0995978,0.224608,0.181344,0
638732427,chair_2,3.17636,437,0.484104,0.529642,0.663356,0.57894,0
638732503,chair_3,10.9933,1364,0.0628391,0.100295,0.224547,0.181251,0
638732529,chair_2,3.17655,437,0.484094,0.529456,0.663073,0.578673,0
638732604,chair_3,10.9945,1358,0.0627239,0.101952,0.22448,0.181026,0
638732632,chair_2,3.17665,437,0.481866,0.529918,0.661758,0.579266,0
638732704,chair_3,10.9948,1358,0.0627043,0.102418,0.224694,0.181181,0
638732729,chair_2,3.17535,437,0.481808,0.529466,0.661599,0.579222,0
638732803,chair_3,10.9955,1361,0.0626387,0.103006,0.224633,0.181112,0
638732807,chair_2,3.17534,437,0.481791,0.529241,0.661459,0.579011,0
638732903,chair_3,10.9955,1361,0.0626387,0.103049,0.224633,0.181112,0
638732907,chair_2,3.17534,437,0.481791,0.529241,0.661459,0.579011,0
638733005,chair_3,10.9955,1361,0.0626387,0.103049,0.224633,0.181112,0
638733012,chair_2,3.17534,437,0.481791,0.529241,0.661459,0.579011,0
638733105,chair_3,10.9955,1361,0.0626387,0.103049,0.224633,0.181112,0
638733110,chair_2,3.17534,437,0.481791,0.529241,0.661459,0.579011,0
638733203,chair_3,10.9955,1361,0.062639,0.103049,0.224633,0.181112,0
638733230,chair_2,3.17534,437,0.481791,0.529241,0.661459,0.579011,0
638733303,chair_3,10.9955,1361,0.0626488,0.103058,0.224813,0.181268,0
638733329,chair_2,3.17534,437,0.481791,0.529241,0.661459,0.579011,0
638733403,chair_3,10.9956,1364,0.0626445,0.103014,0.224806,0.181294,0
638733428,chair_2,3.17534,437,0.481791,0.529241,0.661459,0.579011,0
638733503,chair_3,10.9961,1364,0.0625904,0.103564,0.224734,0.18119,0
638733532,chair_2,3.17534,437,0.481791,0.529241,0.661459,0.579011,0
638733603,chair_3,10.9973,1358,0.0624698,0.104747,0.224628,0.180932,0
638733627,chair_2,3.17534,437,0.481791,0.529241,0.661459,0.579011,0
638733703,chair_3,10.9976,1358,0.0624438,0.105016,0.224632,0.180913,0
638733727,chair_2,3.17534,437,0.481791,0.529241,0.661459,0.579011,0
638733805,chair_3,10.9977,1358,0.0624286,0.105027,0.22456,0.180843,0
638733845,chair_2,3.17534,437,0.481791,0.529241,0.661459,0.579012,0
638733904,chair_3,10.9981,1358,0.0624109,0.105415,0.224748,0.180978,0
638733929,chair_2,3.17534,437,0.481791,0.529241,0.661459,0.579012,0
638734003,chair_3,10.9983,1358,0.0623846,0.105543,0.224656,0.180882,0
638734029,chair_2,3.17534,437,0.481792,0.529241,0.661459,0.579012,0
638734105,chair_3,10.9983,1358,0.0623753,0.105547,0.224574,0.180808,0
638734138,chair_2,3.17534,437,0.481792,0.529241,0.661459,0.579012,0
638734205,chair_3,10.9984,1358,0.062366,0.105679,0.224598,0.18082,0
638734236,chair_2,3.17534,437,0.481792,0.529241,0.661459,0.579012,0
638734305,chair_3,10.9986,1358,0.06234,0.105771,0.224504,0.180723,0
638734339,chair_2,3.17534,437,0.481792,0.529241,0.661459,0.579012,0
638734405,chair_3,10.9988,1358,0.0623505,0.105989,0.224813,0.180978,0
638734444,chair_2,3.17534,437,0.481792,0.529241,0.661459,0.579012,0
638734505,chair_3,10.999,1361,0.0623296,0.105987,0.224703,0.180907,0
638734552,chair_2,3.17534,437,0.481792,0.529242,0.661459,0.579012,0
638734603,chair_3,10.9996,1361,0.0622904,0.106465,0.224941,0.181064,0
638734628,chair_2,3.17534,437,0.481792,0.529242,0.661459,0.579012,0
638734704,chair_3,10.9996,1363,0.0622845,0.106367,0.224873,0.181032,0
638734708,chair_2,3.17534,437,0.481792,0.529242,0.661459,0.579012,0
638734804,chair_3,10.9996,1363,0.0622845,0.106367,0.224873,0.181032,0
638734808,chair_2,3.17534,437,0.481792,0.529242,0.661459,0.579012,0
638734904,chair_3,10.9996,1363,0.0622845,0.106367,0.224873,0.181032,0
638734909,chair_2,3.17534,437,0.481792,0.529242,0.661459,0.579012,0
638735005,chair_3,10.9996,1363,0.0622845,0.106367,0.224873,0.181032,0
638735012,chair_2,3.17534,437,0.481792,0.529242,0.661459,0.579012,0
638735105,chair_3,10.9996,1363,0.0622845,0.106367,0.224873,0.181032,0
638735109,chair_2,3.17534,437,0.481792,0.529242,0.661459,0.579012,0
638735205,chair_3,10.9996,1363,0.0622845,0.106367,0.224873,0.181032,0
638735210,chair_2,3.17534,437,0.481792,0.529242,0.661459,0.579012,0
638735303,chair_3,10.9996,1363,0.0622845,0.106367,0.224873,0.181032,0
638735307,chair_2,3.17534,437,0.481792,0.529242,0.661459,0.579012,0
638735405,chair_3,10.9996,1363,0.0622842,0.106367,0.224873,0.181032,0
638735438,chair_2,3.17534,437,0.481792,0.529242,0.661459,0.579012,0
638735505,chair_3,11,1361,0.0622382,0.106834,0.224777,0.180889,0
638735544,chair_2,3.17534,437,0.481792,0.529242,0.661459,0.579012,0
638735605,chair_3,11.0002,1361,0.0622306,0.106955,0.224942,0.181013,0
638735643,chair_2,3.17534,437,0.481792,0.529242,0.661459,0.579012,0
638735703,chair_3,11.0002,1364,0.0622222,0.106775,0.224776,0.180909,0
638735729,chair_2,3.17534,437,0.481792,0.529242,0.661459,0.579012,0
638735803,chair_3,11.0005,1358,0.0621911,0.107214,0.224782,0.180818,0
638735828,chair_2,3.17534,437,0.481792,0.529242,0.661459,0.579012,0
638735912,chair_3,11.0006,1360,0.0621828,0.107265,0.224753,0.180816,0
638735965,chair_2,3.17534,437,0.481792,0.529242,0.661459,0.579012,0
638736004,chair_3,11.0008,1361,0.0621759,0.107367,0.224854,0.180897,0
638736038,chair_2,3.17534,437,0.481792,0.529242,0.661459,0.579012,0
638736103,chair_3,11.0011,1364,0.0621465,0.107517,0.224834,0.18089,0
638736131,chair_2,3.17534,437,0.481792,0.529242,0.661459,0.579012,0
638736204,chair_3,11.0019,1225,0.0937573,0.163112,0.271202,0.208932,0
638736228,chair_2,3.17534,438,0.511477,0.552643,0.683295,0.607178,0
638736303,chair_3,11.0028,1247,0.064842,0.114328,0.226936,0.17595,0
638736330,chair_2,3.17534,431,0.53029,0.571042,0.695355,0.619671,0
638736512,chair_3,11.0008,1110,0.0753158,0.123481,0.236441,0.186661,0
638736551,chair_2,3.17534,403,0.475991,0.51615,0.65009,0.572176,0
638736603,chair_3,10.9983,1073,0.0560071,0.107388,0.220951,0.163938,0
638736628,chair_2,3.1684,421,0.529353,0.566742,0.690263,0.615952,0
638736703,chair_3,10.998,942,0.0674566,0.115254,0.231375,0.180952,0
638736729,chair_2,3.1684,412,0.493982,0.534163,0.663284,0.584963,0
638736804,chair_3,10.9973,782,0.0549431,0.110721,0.220759,0.165034,0
638736830,chair_2,3.1684,417,0.460197,0.504156,0.639237,0.555135,0
638736904,chair_3,10.9965,751,0.0585884,0.0942461,0.218424,0.177058,0
638736908,chair_2,3.16331,392,0.543374,0.581908,0.710311,0.634559,0
638737003,chair_3,10.9965,641,0.0587366,0.07431,0.226272,0.189911,0
638737007,chair_2,3.15966,376,0.558281,0.593956,0.719315,0.642243,0
638737103,chair_3,10.9965,575,0.0555595,0.0832161,0.218283,0.183853,0
638737109,chair_2,3.15966,377,0.516514,0.556236,0.685626,0.605167,0
638737206,chair_3,10.9965,527,0.0676797,0.0695959,0.234718,0.207114,0
638737222,chair_2,3.15966,358,0.525529,0.563383,0.690996,0.611933,0
638737304,chair_3,10.9965,453,0.0491259,0.0421422,0.223963,0.205098,90
638737310,chair_2,3.15966,339,0.478441,0.513832,0.649021,0.57029,0
638737403,chair_3,10.9965,415,0.0484047,0.0269064,0.222528,0.214493,90
638737408,chair_2,3.15966,321,0.459406,0.494341,0.63202,0.553045,0
638737502,chair_3,12.5673,370,0.029725,0.223364,0.217375,0.0467239,0
638737528,chair_2,3.14441,323,0.44831,0.480853,0.61972,0.543915,0
638737603,chair_3,12.5673,314,0.0472509,0.217645,0.229559,0.0532492,0
638737636,chair_2,3.14441,318,0.378817,0.420024,0.564638,0.482112,0
638737709,chair_3,12.5673,330,0.0106685,0.222299,0.224371,0.0456599,0
638737745,chair_2,3.1361,320,0.394947,0.429801,0.571153,0.496489,0
638737809,chair_3,12.57,313,0.0479341,0.221201,0.230305,0.0455498,270
638737854,chair_2,3.12673,314,0.3942,0.432464,0.581127,0.503254,0
638737903,chair_3,12.57,308,0.0191819,0.221064,0.215794,0.0482977,0
638737930,chair_2,3.11928,303,0.383189,0.419584,0.564744,0.487897,0
638738003,chair_3,12.5704,292,0.298747,0.443716,0.41117,0.284914,270
638738032,chair_2,3.11397,291,0.347339,0.383617,0.525333,0.449135,0
638738104,chair_3,12.5704,343,0.0518105,0.222493,0.194848,0.0435084,270
638738130,chair_2,3.11397,295,0.324198,0.35805,0.499432,0.428248,0
638738205,chair_3,17.2827,345,0.0452541,0.0815061,0.219893,0.188399,0
638738242,chair_2,3.11397,279,0.280613,0.32213,0.469182,0.394539,0
638738305,chair_3,17.2808,337,0.0448324,0.0823137,0.219217,0.184103,0
638738337,chair_2,3.11397,277,0.289509,0.329129,0.472524,0.400384,0
638738405,chair_3,17.277,342,0.0468662,0.0847109,0.21568,0.184152,0
638738439,chair_2,3.11397,279,0.258389,0.300222,0.453526,0.380789,0
638738504,chair_3,17.28,340,0.0409027,0.0576237,0.221687,0.184369,0
638738542,chair_2,3.11397,275,0.286019,0.319701,0.460572,0.394404,0
638738606,chair_3,17.2805,350,0.0406202,0.0738669,0.22024,0.17346,0
638738643,chair_2,3.11397,257,0.246788,0.277403,0.418391,0.354128,0
638738704,chair_3,17.2778,353,0.0431089,0.0978221,0.22421,0.176713,0
638738731,chair_2,3.11397,259,0.184824,0.219902,0.374135,0.307158,0
638738803,chair_3,17.2772,359,0.0412859,0.101893,0.219089,0.162583,0
638738829,chair_2,3.11397,251,0.152184,0.186067,0.338668,0.273041,0
638738905,chair_3,17.2764,355,0.0411045,0.105021,0.222032,0.162421,0
638738930,chair_2,3.11397,261,0.149267,0.186306,0.342635,0.269617,0
638739003,chair_3,17.2775,352,0.0400339,0.107787,0.218801,0.154865,0
638739030,chair_2,3.11397,256,0.151592,0.187239,0.343662,0.271958,0
638739104,chair_3,17.2776,356,0.0409997,0.107595,0.222473,0.164443,0
638739132,chair_2,3.11397,257,0.14093,0.177173,0.33929,0.268465,0
638739203,chair_3,17.2767,354,0.0402011,0.108214,0.221213,0.157981,0
638739240,chair_2,3.11397,250,0.151245,0.189137,0.342795,0.269806,0
638739304,chair_3,17.2763,347,0.0371156,0.0990071,0.224283,0.166284,0
638739336,chair_2,3.11397,251,0.167125,0.200359,0.345828,0.279727,0
638739407,chair_3,17.2761,347,0.0414721,0.107262,0.221688,0.16785,0
638739435,chair_2,3.11397,248,0.132698,0.175479,0.334591,0.259398,0
638739505,chair_3,17.279,342,0.0357118,0.109424,0.22443,0.163411,0
638739545,chair_2,3.11397,244,0.160445,0.195519,0.350632,0.277322,0
638739611,chair_3,17.2787,329,0.0409404,0.115048,0.222292,0.151135,0
638739648,chair_2,3.11397,228,0.153912,0.190138,0.346058,0.274936,0
638739706,chair_3,17.2788,329,0.0373196,0.083933,0.225973,0.173544,0
638739738,chair_2,3.11397,235,0.120394,0.16514,0.337852,0.254562,0
638739807,chair_3,17.279,324,0.03305,0.116208,0.227621,0.153377,0
638739845,chair_2,3.11397,214,0.153309,0.186481,0.351324,0.280018,0
638739904,chair_3,17.2799,328,0.0361826,0.114115,0.228982,0.165924,0
638739932,chair_2,3.11397,222,0.127936,0.168897,0.346975,0.26515,0
638740003,chair_3,17.2807,322,0.0352049,0.113816,0.226596,0.15959,0
638740029,chair_2,3.11397,211,0.143085,0.183448,0.346669,0.269485,0
638740103,chair_3,17.2805,324,0.034851,0.0883174,0.226298,0.168667,0
638740127,chair_2,3.11397,194,0.124213,0.167993,0.348313,0.263858,0
638740209,chair_3,17.2846,316,0.0326884,0.113489,0.226722,0.162508,0
638740241,chair_2,3.11397,191,0.130162,0.165497,0.343164,0.271098,0
638740303,chair_3,17.2846,323,0.0326409,0.115888,0.22568,0.158001,0
638740334,chair_2,3.11397,204,0.132706,0.163658,0.347652,0.277463,0
638740408,chair_3,17.2849,307,0.0364123,0.115501,0.226213,0.160565,0
638740444,chair_2,3.11397,194,0.128367,0.160126,0.349866,0.277829,0
638740503,chair_3,17.2861,319,0.0325942,0.113579,0.226652,0.162317,0
638740532,chair_2,3.11397,200,0.129356,0.164323,0.348341,0.272914,0
638740609,chair_3,17.2882,312,0.0314712,0.113301,0.227528,0.160908,0
638740643,chair_2,3.11397,180,0.133234,0.167904,0.355734,0.277334,0
638740706,chair_3,17.2864,312,0.0305014,0.0884948,0.226115,0.168592,0
638740757,chair_2,3.11397,180,0.115922,0.154934,0.350206,0.268462,0
638740805,chair_3,17.2872,304,0.0290981,0.113995,0.225944,0.159533,0
638740831,chair_2,3.11397,178,0.126369,0.163014,0.353963,0.274134,0
638740907,chair_3,17.2881,308,0.0338846,0.0937364,0.22695,0.172187,0
638740948,chair_2,3.11397,164,0.102845,0.148434,0.347169,0.26071,0
638741010,chair_3,17.2876,305,0.0526453,0.103674,0.226742,0.189515,0
638741058,chair_2,3.11397,189,0.0648952,0.11634,0.334549,0.246933,0
638741106,chair_3,17.2865,307,0.0477536,0.100321,0.224215,0.179724,0
638741146,chair_2,3.11397,182,0.0838584,0.135123,0.342735,0.249762,0
638741206,chair_3,17.2864,318,0.0408084,0.0955622,0.225298,0.174495,0
638741218,chair_2,3.11397,197,0.096181,0.142377,0.338238,0.252994,0
638741303,chair_3,17.2864,323,0.0434142,0.0966261,0.226386,0.178531,0
638741307,chair_2,3.11397,197,0.0894245,0.136692,0.335511,0.249994,0
638741409,chair_3,17.2864,321,0.042425,0.095058,0.226909,0.180666,0
638741417,chair_2,3.11397,196,0.0895254,0.132488,0.337831,0.255949,0
638741505,chair_3,17.2864,324,0.044796,0.0957201,0.223966,0.179064,0
638741513,chair_2,3.11397,207,0.0897906,0.137551,0.333482,0.249313,0
638741605,chair_3,17.2864,322,0.0423362,0.0954138,0.225244,0.175677,0
638741612,chair_2,3.11397,193,0.0949781,0.142411,0.333739,0.252774,0
638741705,chair_3,17.2864,318,0.0441055,0.0962638,0.225392,0.178613,0
638741712,chair_2,3.11397,217,0.090043,0.133233,0.329663,0.252878,0
638741803,chair_3,17.2864,313,0.0409349,0.0940988,0.228681,0.181761,0
638741808,chair_2,3.11397,207,0.0956357,0.138238,0.335328,0.254865,0
638741907,chair_3,17.2864,325,0.0474234,0.096901,0.221807,0.176645,0
638741916,chair_2,3.11397,188,0.0924446,0.137698,0.332074,0.252202,0
638742005,chair_3,17.2864,325,0.0434503,0.0941645,0.227101,0.181585,0
638742010,chair_2,3.11397,186,0.0970834,0.143035,0.336538,0.253836,0
638742104,chair_3,17.2864,329,0.0400319,0.092117,0.227962,0.175412,0
638742108,chair_2,3.11397,213,0.108872,0.155621,0.335909,0.253511,0
638742203,chair_3,17.2864,331,0.041852,0.0935121,0.226494,0.177524,0
638742207,chair_2,3.11397,235,0.101863,0.152134,0.33318,0.246403,0
638742308,chair_3,17.2864,344,0.0447926,0.0920861,0.222556,0.178633,0
638742317,chair_2,3.11397,233,0.095489,0.149946,0.332023,0.241116,0
638742404,chair_3,17.2864,332,0.041016,0.0857358,0.22118,0.174115,0
638742410,chair_2,3.13199,222,0.106309,0.155647,0.328922,0.248837,0
638742507,chair_3,17.2864,340,0.0441726,0.089872,0.224155,0.182563,0
638742518,chair_2,3.13099,221,0.0921171,0.147091,0.322915,0.240857,0
638742604,chair_3,17.2864,338,0.0435242,0.0906409,0.222119,0.177484,0
638742612,chair_2,3.1407,237,0.0993546,0.157721,0.326609,0.238747,0
638742705,chair_3,17.2864,345,0.0420029,0.0882278,0.222227,0.175515,0
638742712,chair_2,3.14404,220,0.100339,0.158953,0.323385,0.239067,0
638742808,chair_3,17.2864,344,0.0447789,0.09059,0.223274,0.180202,0
638742825,chair_2,3.14185,244,0.0928568,0.15372,0.319814,0.233299,0
638742903,chair_3,17.2864,347,0.0418433,0.087648,0.224478,0.175884,0
638742908,chair_2,3.1434,239,0.115396,0.168368,0.321459,0.246379,0
638743003,chair_3,17.2864,340,0.048678,0.0911331,0.220857,0.175498,0
638743011,chair_2,3.14209,243,0.10816,0.166323,0.318851,0.23717,0
638743104,chair_3,17.2864,351,0.0481644,0.0909065,0.220959,0.180027,0
638743109,chair_2,3.1422,238,0.0988605,0.158906,0.317045,0.233892,0
638743204,chair_3,17.2864,348,0.0445885,0.0874339,0.222715,0.18074,0
638743209,chair_2,3.14727,254,0.10299,0.161688,0.31539,0.237927,0
638743303,chair_3,17.2864,347,0.0455544,0.0886336,0.221306,0.178511,0
638743307,chair_2,3.14833,248,0.102943,0.162509,0.315039,0.236457,0
638743404,chair_3,17.2864,349,0.047081,0.0891705,0.224139,0.184144,0
638743410,chair_2,3.13872,246,0.0947576,0.154896,0.312524,0.234671,0
638743511,chair_3,17.2864,357,0.0464915,0.0886203,0.222088,0.180413,0
638743521,chair_2,3.14757,256,0.0990442,0.158415,0.313912,0.236397,0
638743606,chair_3,17.2864,361,0.0470935,0.0905683,0.224009,0.182421,0
638743638,chair_2,3.14425,256,0.0953098,0.155597,0.312887,0.234943,0
638743706,chair_3,17.2854,358,0.0467829,0.0881681,0.220871,0.178041,0
638743738,chair_2,3.13962,250,0.0959255,0.157335,0.314111,0.233884,0
638743803,chair_3,17.2841,359,0.0462056,0.0875314,0.219864,0.177592,0
638743830,chair_2,3.13962,255,0.0980302,0.154341,0.314156,0.237321,0
638743904,chair_3,17.2828,355,0.0447207,0.0842829,0.218057,0.173942,0
638743929,chair_2,3.13962,258,0.105198,0.159234,0.315729,0.240183,0
638744007,chair_3,17.2814,364,0.0479837,0.0878196,0.220913,0.182783,0
638744034,chair_2,3.13962,256,0.0929925,0.152283,0.31289,0.233038,0
638744103,chair_3,17.2799,363,0.0459701,0.0867191,0.221565,0.179391,0
638744128,chair_2,3.13962,253,0.0982592,0.157992,0.314679,0.232707,0
638744204,chair_3,17.2787,358,0.0430425,0.0790061,0.220354,0.184067,0
638744229,chair_2,3.13962,253,0.104542,0.160066,0.314102,0.239148,0
638744303,chair_3,17.2772,370,0.0454637,0.0841246,0.218775,0.17785,0
638744330,chair_2,3.13962,254,0.0996066,0.160446,0.312804,0.233663,0
638744404,chair_3,17.2749,362,0.046923,0.0851766,0.21579,0.172921,0
638744430,chair_2,3.13962,255,0.101392,0.161199,0.313212,0.234676,0
638744506,chair_3,17.2739,362,0.0464122,0.0835621,0.217376,0.177149,0
638744542,chair_2,3.13962,256,0.101133,0.158538,0.310835,0.234921,0
638744605,chair_3,17.2734,367,0.047028,0.0839764,0.219777,0.18004,0
638744634,chair_2,3.13962,251,0.0974632,0.155253,0.310401,0.233387,0
638744705,chair_3,17.2724,362,0.0466633,0.0835785,0.220288,0.180487,0
638744744,chair_2,3.13962,256,0.098501,0.159869,0.313883,0.230942,0
638744805,chair_3,17.2713,365,0.0474409,0.0824211,0.222062,0.183299,0
638744834,chair_2,3.13962,262,0.101097,0.157721,0.310446,0.232142,0
638744904,chair_3,17.2693,362,0.0479099,0.0784843,0.220359,0.185026,0
638744935,chair_2,3.13962,260,0.101109,0.156167,0.308711,0.2312,0
638745004,chair_3,17.2688,366,0.0479391,0.0768755,0.217052,0.182877,0
638745031,chair_2,3.14062,248,0.122601,0.173823,0.331451,0.257948,0
638745103,chair_3,17.2687,367,0.0486279,0.0756467,0.217125,0.186081,0
638745109,chair_2,3.14303,252,0.123767,0.171406,0.329797,0.259843,0
638745204,chair_3,17.2687,368,0.0497329,0.0791624,0.21885,0.186531,0
638745209,chair_2,3.14548,257,0.120658,0.172528,0.328172,0.255201,0
638745304,chair_3,17.2687,357,0.0509139,0.0792493,0.221479,0.190628,0
638745331,chair_2,3.13952,258,0.159457,0.212473,0.366529,0.291754,0
638745405,chair_3,17.2685,363,0.0505381,0.0775674,0.222224,0.190891,0
638745452,chair_2,3.13484,252,0.17246,0.223725,0.377631,0.305274,0
638745505,chair_3,17.2686,359,0.0491286,0.0746612,0.220293,0.18609,0
638745539,chair_2,3.14043,255,0.155964,0.201692,0.359242,0.29167,0
638745604,chair_3,17.2685,364,0.0510581,0.0764719,0.216493,0.185094,0
638745639,chair_2,3.13419,260,0.181325,0.23096,0.387012,0.314789,0
638745703,chair_3,17.2685,366,0.0500545,0.0709022,0.216812,0.186787,0
638745732,chair_2,3.13419,262,0.228069,0.278288,0.427666,0.353223,0
638745805,chair_3,17.2684,359,0.110329,0.125453,0.281188,0.259068,0
638745847,chair_2,3.13419,262,0.214055,0.259398,0.416857,0.34968,0
638745904,chair_3,17.2681,350,0.0495352,0.0653634,0.220114,0.192397,0
638745932,chair_2,3.13419,261,0.217109,0.263224,0.418524,0.349669,0
638746004,chair_3,17.2679,346,0.0503734,0.0624231,0.219498,0.192753,0
638746037,chair_2,3.13419,261,0.229059,0.276177,0.428667,0.3584,0
638746105,chair_3,17.2687,350,0.0519347,0.0664772,0.217315,0.191679,0
638746132,chair_2,3.13419,280,0.21488,0.267866,0.421213,0.345525,0
638746206,chair_3,17.2696,355,0.0525519,0.0627269,0.216419,0.195448,0
638746241,chair_2,3.13419,280,0.215899,0.270283,0.421117,0.343779,0
638746306,chair_3,17.2707,354,0.051916,0.0606957,0.216671,0.196359,0
638746336,chair_2,3.13419,279,0.218097,0.27326,0.422478,0.343692,0
638746403,chair_3,17.2712,352,0.0498698,0.0603434,0.219764,0.194921,0
638746432,chair_2,3.13419,275,0.221603,0.277389,0.425628,0.344718,0
638746505,chair_3,17.2729,345,0.0499182,0.0578112,0.220544,0.196921,0
638746540,chair_2,3.13419,283,0.220931,0.273018,0.423309,0.346892,0
638746605,chair_3,17.2743,346,0.0501497,0.057339,0.218658,0.195637,0
638746640,chair_2,3.13419,280,0.239338,0.293162,0.442395,0.363436,0
638746705,chair_3,17.275,352,0.0502566,0.0545221,0.219565,0.200152,0
638746739,chair_2,3.13419,298,0.23406,0.288779,0.43649,0.357397,0
638746802,chair_3,17.2756,354,0.0489975,0.0511752,0.219447,0.19959,0
638746827,chair_2,3.13419,293,0.238903,0.292267,0.439135,0.36087,0
638746904,chair_3,17.2777,359,0.0517368,0.0557348,0.220955,0.203004,0
638746930,chair_2,3.13419,288,0.250505,0.305948,0.455483,0.375194,0
638747004,chair_3,17.2793,357,0.0492762,0.0483359,0.22162,0.201843,90
638747031,chair_2,3.13419,281,0.263147,0.315238,0.464364,0.384985,0
638747105,chair_3,17.2804,351,0.0498114,0.0441234,0.222518,0.207839,90
638747135,chair_2,3.13419,300,0.253476,0.308371,0.456295,0.374127,0
638747211,chair_3,17.2811,363,0.0525619,0.0531223,0.220637,0.2084,0
638747268,chair_2,3.13419,300,0.261368,0.315339,0.470398,0.39105,0
638747307,chair_3,17.2811,354,0.0489257,0.03613,0.219477,0.207332,90
638747335,chair_2,3.13419,300,0.276424,0.326565,0.475928,0.398245,0
638747403,chair_3,18.852,346,0.042316,0.219756,0.211088,0.0522662,0
638747433,chair_2,3.13419,302,0.265943,0.321021,0.47148,0.388954,0
638747504,chair_3,18.85,336,0.0366604,0.217828,0.213575,0.0530575,0
638747535,chair_2,3.13419,306,0.292177,0.348851,0.499566,0.411635,0
638747605,chair_3,18.8486,331,0.0255272,0.220035,0.223395,0.0530261,0
638747638,chair_2,3.13419,304,0.335115,0.386406,0.538117,0.455025,0
638747704,chair_3,18.8483,331,0.0254791,0.21961,0.2224,0.0539189,0
638747734,chair_2,3.13419,304,0.336697,0.388749,0.538292,0.453845,0
638747802,chair_3,18.8478,331,0.0184728,0.219786,0.230868,0.0537109,0
638747831,chair_2,3.13419,314,0.300969,0.353215,0.501896,0.421788,0
638747904,chair_3,18.8474,327,0.0207932,0.219358,0.232534,0.0552759,0
638747944,chair_2,3.13419,312,0.297476,0.351069,0.501706,0.420216,0
638748006,chair_3,18.8462,333,0.0192583,0.217871,0.232349,0.0557139,0
638748041,chair_2,3.13419,308,0.373794,0.426225,0.576264,0.491383,0
638748108,chair_3,18.8439,325,0.0252925,0.216902,0.233715,0.0592903,0
638748140,chair_2,3.13363,322,0.383034,0.439707,0.587224,0.499802,0
638748203,chair_3,18.8426,333,0.023797,0.220097,0.235272,0.0575116,0
638748233,chair_2,3.13264,321,0.306983,0.361804,0.510752,0.428577,0
638748303,chair_3,18.8418,336,0.0249795,0.218152,0.230711,0.0580916,0
638748332,chair_2,3.13165,315,0.311131,0.365763,0.515551,0.432622,0
638748404,chair_3,18.8402,345,0.0266161,0.217895,0.231486,0.059177,0
638748434,chair_2,3.13129,332,0.316969,0.373885,0.524032,0.437754,0
638748503,chair_3,18.8368,349,0.01438,0.217206,0.231485,0.0580451,0
638748530,chair_2,3.13036,315,0.340136,0.391289,0.540728,0.457773,0
638748603,chair_3,18.8365,356,0.00985766,0.22023,0.235795,0.0584651,0
638748638,chair_2,3.12766,319,0.357834,0.406468,0.55992,0.47853,0
638748707,chair_3,18.8361,353,0.0211506,0.21956,0.235552,0.0610507,0
638748741,chair_2,3.12871,319,0.353895,0.409963,0.561465,0.473005,0
638748803,chair_3,18.8342,370,0.0170211,0.217489,0.230144,0.0600051,0
638748851,chair_2,3.12864,326,0.365478,0.41731,0.570599,0.485153,0
638748903,chair_3,18.833,386,0.0211998,0.219574,0.233681,0.0611312,0
638748951,chair_2,3.12934,330,0.384487,0.433943,0.588058,0.50666,0
638749003,chair_3,18.8324,395,0.0218535,0.221188,0.231182,0.0603915,0
638749044,chair_2,3.12899,326,0.390541,0.443168,0.591272,0.505845,0
638749105,chair_3,18.8317,409,0.0266474,0.217941,0.229188,0.0634674,0
638749138,chair_2,3.12875,333,0.414694,0.466639,0.618217,0.53421,0
638749204,chair_3,18.8309,430,0.0269184,0.217914,0.223566,0.0628467,0
638749228,chair_2,3.12675,339,0.41256,0.464895,0.612563,0.532651,0
638749304,chair_3,18.8305,456,0.0332985,0.218761,0.216302,0.0616488,0
638749329,chair_2,3.12728,330,0.430913,0.482268,0.62965,0.551012,0
638749403,chair_3,18.8296,469,0.0370788,0.219583,0.212663,0.061947,0
638749429,chair_2,3.12801,340,0.447908,0.498595,0.643818,0.566542,0
638749504,chair_3,18.829,492,0.0438798,0.215502,0.209162,0.0642144,0
638749528,chair_2,3.13009,345,0.443093,0.496554,0.642118,0.562738,0
638749603,chair_3,18.8284,507,0.0416036,0.217754,0.206901,0.0625343,0
638749627,chair_2,3.13009,344,0.451537,0.502561,0.646347,0.56865,0
638749704,chair_3,18.8279,528,0.0474071,0.216227,0.202614,0.0635456,0
638749729,chair_2,3.13009,350,0.475908,0.526649,0.66978,0.593084,0
638749807,chair_3,18.8282,547,0.0497859,0.216862,0.202698,0.06416,0
638749834,chair_2,3.13009,354,0.478101,0.528978,0.671544,0.594691,0
638749904,chair_3,18.8273,562,0.0461014,0.215525,0.199557,0.0638534,0
638749930,chair_2,3.13009,352,0.485019,0.535306,0.675746,0.598686,0
638750004,chair_3,18.8273,571,0.0488764,0.216404,0.201498,0.0644152,0
638750034,chair_2,3.13009,375,0.474502,0.527546,0.666272,0.587131,0
638750105,chair_3,18.8276,597,0.0524505,0.215154,0.194466,0.064297,0
638750137,chair_2,3.13009,376,0.479273,0.531574,0.667847,0.588877,0
638750203,chair_3,18.8273,603,0.05333,0.214169,0.197688,0.069217,0
638750229,chair_2,3.13009,375,0.480177,0.535396,0.67188,0.590789,0
638750306,chair_3,18.8278,621,0.0526514,0.217653,0.192541,0.0601232,0
638750336,chair_2,3.13009,367,0.487964,0.536042,0.677692,0.602937,0
638750407,chair_3,18.8272,640,0.0625464,0.215684,0.196723,0.0687853,0
638750461,chair_2,3.13009,379,0.469596,0.525986,0.666601,0.584211,0
638750503,chair_3,18.8276,715,0.0687394,0.214602,0.190772,0.0685427,270
638750528,chair_2,3.13009,395,0.468495,0.523261,0.66197,0.583962,0
638750604,chair_3,18.8276,788,0.0775819,0.215603,0.194348,0.0698804,270
638750644,chair_2,3.13009,404,0.384686,0.442619,0.594216,0.510414,0
638750704,chair_3,18.8275,815,0.0832486,0.216131,0.198777,0.0746061,270
638750730,chair_2,3.13009,418,0.392727,0.45629,0.605629,0.518051,0
638750805,chair_3,18.8269,872,0.0851571,0.216522,0.196443,0.0730879,270
638750832,chair_2,3.13009,430,0.390842,0.454333,0.602003,0.515712,0
638750903,chair_3,18.8263,922,0.0772416,0.21656,0.183562,0.0637671,270
638750928,chair_2,3.13009,421,0.435268,0.491049,0.62901,0.548249,0
638751005,chair_3,23.539,948,0.0748037,0.11442,0.228651,0.189178,0
638751035,chair_2,3.13009,408,0.466448,0.518958,0.65144,0.573514,0
638751104,chair_3,23.5377,945,0.0691849,0.106893,0.220067,0.180427,0
638751130,chair_2,3.13009,423,0.450307,0.502719,0.634395,0.555761,0
638751203,chair_3,23.5378,945,0.0688388,0.10689,0.219799,0.180048,0
638751228,chair_2,3.12885,424,0.437744,0.486841,0.622394,0.548954,0
638751303,chair_3,23.5379,944,0.0646905,0.102901,0.215914,0.176113,0
638751328,chair_2,3.12909,425,0.436926,0.486006,0.621242,0.547807,0
638751405,chair_3,23.5383,944,0.0644722,0.102855,0.215858,0.176016,0
638751449,chair_2,3.12935,427,0.447075,0.499258,0.633081,0.553071,0
638751503,chair_3,23.5384,943,0.0643022,0.102557,0.215726,0.176108,0
638751529,chair_2,3.13008,427,0.447751,0.499139,0.63297,0.552571,0
638751606,chair_3,23.5386,943,0.0641387,0.102512,0.215678,0.176041,0
638751642,chair_2,3.13028,425,0.437709,0.485462,0.621024,0.546795,0
638751703,chair_3,23.5387,943,0.0639842,0.102473,0.215624,0.175963,0
638751729,chair_2,3.1296,425,0.437656,0.485291,0.624413,0.547803,0
638751805,chair_3,23.539,971,0.075457,0.0844876,0.221179,0.188238,0
638751852,chair_2,3.12929,414,0.432856,0.48706,0.632157,0.548796,0
638751903,chair_3,23.5395,1049,0.0989715,0.122062,0.252015,0.214602,0
638751928,chair_2,3.12695,430,0.43226,0.484612,0.630605,0.556169,0
638752006,chair_3,23.5401,1109,0.0811457,0.0968076,0.228996,0.198334,0
638752032,chair_2,3.12388,416,0.464185,0.520864,0.663557,0.582622,0
638752103,chair_3,23.539,1246,0.0699743,0.0858929,0.216869,0.188594,0
638752133,chair_2,3.12823,438,0.472266,0.52839,0.670686,0.593391,0
638752203,chair_3,23.5394,1321,0.0850666,0.102802,0.234126,0.200313,0
638752227,chair_2,3.1341,433,0.479373,0.534092,0.673263,0.596883,0
638752303,chair_3,23.5394,1354,0.0703373,0.0882583,0.220699,0.187268,0
638752328,chair_2,3.13496,438,0.468324,0.522867,0.660808,0.586028,0
638752404,chair_3,23.5424,1542,0.0733699,0.0902546,0.22045,0.192236,0
638752428,chair_2,3.13622,456,0.435832,0.498022,0.635744,0.556774,0
638752504,chair_3,23.5413,1584,0.103609,0.121308,0.255184,0.218106,0
638752532,chair_2,3.14053,456,0.456429,0.513289,0.643159,0.567849,0
638752603,chair_3,23.5402,1853,0.102619,0.119596,0.249202,0.216974,0
638752633,chair_2,3.14076,466,0.443015,0.50476,0.636315,0.55633,0
638752703,chair_3,23.5367,1905,0.168342,0.195121,0.319847,0.283378,0
638752728,chair_2,3.14076,471,0.447154,0.507824,0.641888,0.563137,0
638752806,chair_3,23.538,2112,0.108894,0.129054,0.2611,0.225335,0
638752839,chair_2,3.14076,479,0.451648,0.511942,0.643106,0.562546,0
638752905,chair_3,23.5397,2022,0.131256,0.162628,0.289224,0.251821,0
638752931,chair_2,3.14076,480,0.436761,0.498411,0.637687,0.556941,0
638753005,chair_3,23.5418,2222,0.0707419,0.113312,0.223642,0.180122,0
638753038,chair_2,3.14076,485,0.466183,0.521588,0.647946,0.570312,0
638753105,chair_3,23.5422,2222,0.0704922,0.113248,0.223574,0.18004,0
638753139,chair_2,3.14076,485,0.466151,0.52156,0.647933,0.570299,0
638753205,chair_3,23.5414,2224,0.0686831,0.111588,0.222012,0.178449,0
638753233,chair_2,3.14076,485,0.471913,0.527061,0.653268,0.576013,0
638753306,chair_3,23.5413,2224,0.0686935,0.111575,0.222008,0.178477,0
638753332,chair_2,3.14076,485,0.466123,0.521473,0.647835,0.570376,0
638753406,chair_3,23.5413,2223,0.0686902,0.111496,0.222005,0.178525,0
638753438,chair_2,3.14076,485,0.466118,0.521468,0.647832,0.570373,0
638753506,chair_3,23.5413,2223,0.068686,0.111484,0.222006,0.178522,0
638753552,chair_2,3.14076,485,0.466117,0.521467,0.647832,0.570373,0
638753605,chair_3,23.5415,2223,0.0686704,0.111481,0.222013,0.178511,0
638753629,chair_2,3.14076,485,0.466117,0.521467,0.647832,0.570374,0
638753705,chair_3,23.5418,2223,0.0686518,0.111481,0.222021,0.178499,0
638753736,chair_2,3.14076,485,0.466118,0.521467,0.647832,0.570374,0
638753806,chair_3,23.542,2223,0.0686327,0.11148,0.22203,0.178486,0
638753843,chair_2,3.14076,485,0.466118,0.521467,0.647832,0.570374,0
638753906,chair_3,23.5423,2229,0.0686492,0.111609,0.222515,0.178879,0
638753940,chair_2,3.14076,485,0.466118,0.521468,0.647832,0.570374,0
638754005,chair_3,23.5402,2232,0.0687908,0.111534,0.222321,0.178857,0
638754011,chair_2,3.14134,485,0.466132,0.521413,0.646599,0.569914,0
638754103,chair_3,23.5402,2232,0.0687908,0.111534,0.222321,0.178857,0
638754107,chair_2,3.14256,485,0.465016,0.521832,0.645148,0.5699,0
638754203,chair_3,23.5402,2232,0.0687909,0.111534,0.222321,0.178857,0
638754208,chair_2,3.14321,485,0.465431,0.521803,0.645259,0.56962,0
638754306,chair_3,23.5402,2232,0.0687909,0.111534,0.222321,0.178857,0
638754313,chair_2,3.14301,485,0.465426,0.521758,0.645138,0.569614,0
638754405,chair_3,23.5402,2232,0.0687909,0.111534,0.222321,0.178857,0
638754411,chair_2,3.14281,485,0.465422,0.521716,0.645037,0.569614,0
638754503,chair_3,23.5402,2232,0.0687909,0.111534,0.222321,0.178857,0
638754507,chair_2,3.14258,485,0.465416,0.52167,0.644952,0.569624,0
638754606,chair_3,23.5402,2232,0.0687909,0.111534,0.222321,0.178857,0
638754610,chair_2,3.14236,485,0.465411,0.521628,0.64488,0.569637,0
638754704,chair_3,23.5402,2232,0.0687909,0.111534,0.222321,0.178857,0
638754730,chair_2,3.14068,485,0.465372,0.521384,0.644987,0.569928,0
638754805,chair_3,23.5379,2232,0.0689742,0.11154,0.222354,0.17905,0
638754842,chair_2,3.14137,485,0.465637,0.521406,0.645026,0.5697,0
638754903,chair_3,23.5374,2232,0.0690135,0.111529,0.222336,0.179077,0
638754928,chair_2,3.1425,485,0.465162,0.521698,0.644547,0.56965,0
638755004,chair_3,23.5359,2233,0.0691251,0.111519,0.22234,0.179203,0
638755036,chair_2,3.14463,485,0.4661,0.521773,0.645072,0.569005,0
638755105,chair_3,23.5362,2233,0.0691083,0.111531,0.222347,0.179192,0
638755133,chair_2,3.14463,485,0.4661,0.521776,0.645097,0.569013,0
638755205,chair_3,23.5364,2233,0.0690891,0.111544,0.222356,0.179179,0
638755230,chair_2,3.14463,485,0.4661,0.521772,0.645067,0.569004,0
638755304,chair_3,23.5366,2233,0.069076,0.111557,0.222362,0.17917,0
638755329,chair_2,3.14463,485,0.4661,0.521768,0.645035,0.568995,0
638755403,chair_3,23.537,2233,0.0690482,0.111564,0.222374,0.179151,0
638755427,chair_2,3.14463,485,0.4661,0.521764,0.645003,0.568985,0
638755506,chair_3,23.5372,2233,0.0690308,0.111586,0.222381,0.179139,0
638755533,chair_2,3.14463,485,0.4661,0.521764,0.645003,0.568985,0
638755603,chair_3,23.5375,2233,0.0690063,0.111605,0.222392,0.179123,0
638755637,chair_2,3.14463,485,0.4661,0.521764,0.645003,0.568985,0
638755704,chair_3,23.5378,2233,0.0689812,0.111626,0.222403,0.179106,0
638755728,chair_2,3.14463,485,0.4661,0.521764,0.645003,0.568985,0
638755803,chair_3,23.5381,2233,0.0689632,0.111645,0.22241,0.179094,0
638755828,chair_2,3.14463,485,0.4661,0.521764,0.645003,0.568985,0
638755904,chair_3,23.5383,2233,0.068945,0.111664,0.222418,0.179082,0
638755928,chair_2,3.14463,485,0.4661,0.521764,0.645003,0.568985,0
638756005,chair_3,23.5389,2233,0.0689034,0.111679,0.222436,0.179071,0
638756073,chair_2,3.14463,485,0.4661,0.521764,0.645003,0.568985,0
638756105,chair_3,23.5394,2233,0.0688469,0.111804,0.222461,0.17876,0
638756142,chair_2,3.14463,485,0.4661,0.521764,0.645003,0.568985,0
638756205,chair_3,23.5414,2233,0.068711,0.111879,0.222646,0.178724,0
638756210,chair_2,3.14463,485,0.4661,0.521764,0.645003,0.568985,0
638756304,chair_3,23.5414,2233,0.0687108,0.111879,0.222646,0.178724,0
638756309,chair_2,3.14463,485,0.4661,0.521764,0.645003,0.568985,0
638756404,chair_3,23.5414,2233,0.068711,0.111879,0.222646,0.178724,0
638756408,chair_2,3.14463,485,0.4661,0.521764,0.645003,0.568985,0
638756504,chair_3,23.5414,2233,0.068711,0.111879,0.222646,0.178724,0
638756508,chair_2,3.14463,485,0.4661,0.521764,0.645003,0.568985,0
638756606,chair_3,23.5414,2233,0.068711,0.111879,0.222646,0.178724,0
638756612,chair_2,3.14463,485,0.4661,0.521764,0.645003,0.568985,0
638756705,chair_3,23.5414,2233,0.068711,0.111879,0.222646,0.178724,0
638756772,chair_2,3.14463,485,0.4661,0.521764,0.645003,0.568985,0
638756805,chair_3,23.5442,2236,0.0684897,0.111842,0.222619,0.178515,0
638756850,chair_2,3.14463,485,0.4661,0.521764,0.645003,0.568985,0
638756905,chair_3,23.5424,2233,0.0687032,0.111915,0.222751,0.178542,0
638756939,chair_2,3.14463,485,0.4661,0.521764,0.645003,0.568985,0
638757003,chair_3,23.5436,2233,0.0686184,0.111939,0.222788,0.178511,0
638757029,chair_2,3.14463,485,0.4661,0.521764,0.645003,0.568985,0
638757104,chair_3,23.5456,2233,0.068468,0.11194,0.222854,0.178405,0
638757130,chair_2,3.14463,485,0.4661,0.521764,0.645003,0.568985,0
638757204,chair_3,23.5472,2233,0.0683499,0.111949,0.222905,0.178323,0
638757230,chair_2,3.14463,485,0.4661,0.521764,0.645003,0.568985,0
638757304,chair_3,23.5488,2233,0.0682364,0.111947,0.222954,0.178273,0
638757332,chair_2,3.14463,485,0.4661,0.521764,0.645003,0.568985,0
638757406,chair_3,23.5492,2233,0.068209,0.111955,0.222966,0.178253,0
638757438,chair_2,3.14463,485,0.4661,0.521764,0.645003,0.568985,0
638757505,chair_3,23.5494,2233,0.0681925,0.11196,0.222973,0.178242,0
638757547,chair_2,3.14463,485,0.4661,0.521764,0.645003,0.568985,0
638757604,chair_3,23.5496,2233,0.0681763,0.111965,0.22298,0.17823,0
638757630,chair_2,3.14463,485,0.4661,0.521764,0.645003,0.568985,0
638757706,chair_3,23.5498,2233,0.0681611,0.111969,0.222987,0.178219,0
638757742,chair_2,3.14463,485,0.4661,0.521764,0.645003,0.568985,0
638757804,chair_3,23.55,2233,0.0681448,0.111956,0.222994,0.178208,0
638757830,chair_2,3.14463,485,0.4661,0.521764,0.645003,0.568985,0
638757905,chair_3,23.5509,2233,0.0680834,0.111947,0.22302,0.178165,0
638757938,chair_2,3.14463,485,0.4661,0.521764,0.645003,0.568985,0
638758003,chair_3,23.5513,2233,0.0680508,0.111956,0.223034,0.178142,0
638758029,chair_2,3.14463,485,0.4661,0.521766,0.645023,0.568991,0
638758105,chair_3,23.552,2233,0.0680053,0.11197,0.223053,0.178109,0
638758129,chair_2,3.14463,485,0.4661,0.521769,0.645043,0.568997,0
638758204,chair_3,23.5534,2233,0.0679019,0.111985,0.223097,0.17806,0
638758208,chair_2,3.14463,485,0.4661,0.521771,0.645062,0.569003,0
638758305,chair_3,23.5534,2233,0.0679019,0.111985,0.223097,0.17806,0
638758310,chair_2,3.14463,485,0.4661,0.521774,0.645082,0.569008,0
638758403,chair_3,23.5534,2233,0.0679019,0.111985,0.223097,0.17806,0
638758407,chair_2,3.14463,485,0.4661,0.521776,0.645101,0.569014,0
638758503,chair_3,23.5534,2233,0.0679018,0.111985,0.223097,0.17806,0
638758508,chair_2,3.14463,485,0.4661,0.521778,0.645119,0.56902,0
638758603,chair_3,23.5534,2233,0.0679018,0.111985,0.223097,0.17806,0
638758609,chair_2,3.14463,485,0.4661,0.52178,0.645137,0.569025,0
638758706,chair_3,23.5534,2233,0.0679019,0.111985,0.223097,0.17806,0
638758712,chair_2,3.14463,485,0.4661,0.521783,0.645156,0.569031,0
638758803,chair_3,23.5534,2233,0.0679019,0.111985,0.223097,0.17806,0
638758807,chair_2,3.13761,485,0.465933,0.52072,0.645212,0.570131,0
638758905,chair_3,23.5534,2233,0.0679019,0.111985,0.223097,0.17806,0
638758910,chair_2,3.13578,485,0.465889,0.520417,0.644994,0.570346,0
638759004,chair_3,23.5534,2233,0.0679019,0.111985,0.223097,0.17806,0
638759009,chair_2,3.13872,485,0.466702,0.520641,0.645297,0.569587,0
638759106,chair_3,23.5534,2233,0.0679019,0.111985,0.223097,0.17806,0
638759113,chair_2,3.14192,485,0.466764,0.521121,0.645214,0.569078,0
638759205,chair_3,23.5534,2233,0.0679018,0.111985,0.223097,0.17806,0
638759210,chair_2,3.14192,485,0.466764,0.521115,0.645163,0.569063,0
638759304,chair_3,23.5534,2233,0.0679018,0.111985,0.223097,0.17806,0
638759328,chair_2,3.14192,485,0.466764,0.521109,0.645116,0.569048,0
638759404,chair_3,23.5539,2233,0.0678638,0.111996,0.223113,0.178033,0
638759431,chair_2,3.14192,485,0.466764,0.521103,0.645067,0.569033,0
638759504,chair_3,23.555,2233,0.0677813,0.111976,0.223148,0.177993,0
638759532,chair_2,3.14192,485,0.466764,0.521103,0.645067,0.569033,0
638759604,chair_3,23.5554,2233,0.0677533,0.111985,0.22316,0.177973,0
638759634,chair_2,3.14192,485,0.466764,0.521103,0.645067,0.569033,0
638759705,chair_3,23.5558,2233,0.0677264,0.111993,0.223171,0.177954,0
638759751,chair_2,3.14192,485,0.466764,0.521103,0.645067,0.569033,0
638759805,chair_3,23.556,2233,0.0677076,0.111998,0.223179,0.177941,0
638759830,chair_2,3.14192,485,0.466764,0.521103,0.645067,0.569033,0
638759903,chair_3,23.5563,2233,0.0676887,0.112004,0.223187,0.177927,0
638759928,chair_2,3.14192,485,0.466764,0.521105,0.645078,0.569037,0
638760005,chair_3,23.5568,2233,0.0676538,0.112014,0.223201,0.177903,0
638760035,chair_2,3.14192,485,0.466764,0.521106,0.64509,0.569041,0
638760105,chair_3,23.5575,2233,0.0675976,0.111981,0.223225,0.177863,0
638760130,chair_2,3.14192,485,0.466764,0.521108,0.645102,0.569044,0
638760204,chair_3,23.5584,2233,0.0675382,0.111991,0.22325,0.177839,0
638760229,chair_2,3.14192,485,0.466764,0.521109,0.645114,0.569048,0
638760305,chair_3,23.5592,2233,0.067479,0.112,0.223274,0.177797,0
638760336,chair_2,3.14192,485,0.466764,0.521102,0.645058,0.569031,0
638760406,chair_3,23.56,2233,0.067419,0.11201,0.2233,0.177772,0
638760472,chair_2,3.13026,485,0.466481,0.519342,0.64509,0.570831,0
638760504,chair_3,23.5608,2233,0.0673587,0.111979,0.223325,0.177729,0
638760544,chair_2,3.13762,485,0.466916,0.520368,0.645105,0.569571,0
638760605,chair_3,23.5613,2233,0.067325,0.111981,0.223339,0.177705,0
638760635,chair_2,3.15155,485,0.466684,0.52262,0.644638,0.567589,0
638760704,chair_3,23.5614,2233,0.06732,0.111974,0.223341,0.177701,0
638760729,chair_2,3.15155,485,0.466684,0.522638,0.644785,0.567633,0
638760806,chair_3,23.5615,2233,0.0673109,0.111952,0.223345,0.177694,0
638760812,chair_2,3.15155,485,0.466684,0.522648,0.644866,0.567657,0
638760906,chair_3,23.5615,2233,0.0673109,0.111952,0.223345,0.177694,0
638760912,chair_2,3.15155,485,0.466684,0.522658,0.644949,0.567682,0
638761006,chair_3,23.5615,2233,0.0673109,0.111952,0.223345,0.177694,0
638761013,chair_2,3.13358,485,0.46626,0.519944,0.645056,0.570475,0
638761110,chair_3,23.5615,2233,0.0673109,0.111952,0.223345,0.177694,0
638761116,chair_2,3.1409,485,0.46676,0.520943,0.645085,0.569186,0
638761206,chair_3,23.5615,2233,0.0673109,0.111952,0.223345,0.177694,0
638761211,chair_2,3.14978,485,0.466967,0.522208,0.644411,0.56762,0
638761305,chair_3,23.5615,2233,0.0673109,0.111952,0.223345,0.177694,0
638761312,chair_2,3.14978,485,0.466967,0.522224,0.644541,0.567659,0
638761406,chair_3,23.5615,2233,0.0673108,0.111952,0.223345,0.177694,0
638761413,chair_2,3.14978,485,0.466967,0.522224,0.644541,0.567659,0
638761506,chair_3,23.5615,2233,0.0673108,0.111952,0.223345,0.177694,0
638761510,chair_2,3.14978,485,0.466967,0.522224,0.644541,0.567659,0
638761604,chair_3,23.5615,2233,0.0673109,0.111952,0.223345,0.177694,0
638761608,chair_2,3.14978,485,0.466967,0.522224,0.644541,0.567659,0
638761704,chair_3,23.5615,2233,0.0673109,0.111952,0.223345,0.177694,0
638761708,chair_2,3.14978,485,0.466967,0.522224,0.644541,0.567659,0
638761804,chair_3,23.5615,2233,0.0673109,0.111952,0.223345,0.177694,0
638761808,chair_2,3.14978,485,0.466967,0.522224,0.644541,0.567659,0
638761905,chair_3,23.5615,2233,0.0673109,0.111952,0.223345,0.177694,0
638761910,chair_2,3.14978,485,0.466967,0.522224,0.644541,0.567659,0
638762007,chair_3,23.5615,2233,0.0673109,0.111952,0.223345,0.177694,0
638762014,chair_2,3.14978,485,0.466967,0.522224,0.644541,0.567659,0
638762105,chair_3,23.5615,2233,0.0673108,0.111952,0.223345,0.177694,0
638762111,chair_2,3.14978,485,0.466967,0.522224,0.644541,0.567659,0
638762205,chair_3,23.5615,2233,0.0673109,0.111952,0.223345,0.177694,0
638762209,chair_2,3.14978,485,0.466967,0.522224,0.644541,0.567659,0
638762306,chair_3,23.5615,2233,0.0673109,0.111952,0.223345,0.177694,0
638762312,chair_2,3.14978,485,0.466967,0.522224,0.644541,0.567659,0
638762406,chair_3,23.5615,2233,0.0673109,0.111952,0.223345,0.177694,0
638762412,chair_2,3.14978,485,0.466967,0.522224,0.644541,0.567659,0
638762506,chair_3,23.5615,2233,0.0673109,0.111952,0.223345,0.177694,0
638762512,chair_2,3.14978,485,0.466967,0.522224,0.644541,0.567659,0
638762606,chair_3,23.5615,2233,0.0673109,0.111952,0.223345,0.177694,0
638762610,chair_2,3.14978,485,0.466967,0.522224,0.644541,0.567659,0
638762706,chair_3,23.5615,2233,0.0673109,0.111952,0.223345,0.177694,0
638762711,chair_2,3.14978,485,0.466967,0.522224,0.644541,0.567659,0
638762804,chair_3,23.5615,2233,0.0673109,0.111952,0.223345,0.177694,0
638762832,chair_2,3.14978,485,0.466967,0.522224,0.644541,0.567659,0
638762903,chair_3,23.5618,2233,0.0672881,0.111957,0.223355,0.177678,0
638762929,chair_2,3.14978,485,0.466967,0.522224,0.644541,0.567659,0
638763004,chair_3,23.5621,2233,0.0672638,0.111961,0.223365,0.177661,0
638763029,chair_2,3.14978,485,0.466967,0.522224,0.644541,0.567659,0
638763103,chair_3,23.5625,2233,0.0672367,0.111965,0.223376,0.177642,0
638763141,chair_2,3.14978,485,0.466967,0.522224,0.644541,0.567659,0
638763205,chair_3,23.5625,2233,0.0672396,0.111959,0.223375,0.177643,0
638763239,chair_2,3.14978,485,0.466967,0.522224,0.644541,0.567659,0
638763306,chair_3,23.5625,2233,0.0672412,0.11195,0.223375,0.177644,0
638763331,chair_2,3.14978,485,0.466967,0.522224,0.644541,0.567659,0
638763404,chair_3,23.5625,2233,0.0672417,0.111946,0.223375,0.177644,0
638763430,chair_2,3.14978,485,0.466967,0.522224,0.644541,0.567659,0
638763504,chair_3,23.5623,2233,0.0672493,0.111939,0.223372,0.17765,0
638763530,chair_2,3.14978,485,0.466967,0.522224,0.644541,0.567659,0
638763605,chair_3,23.5624,2233,0.0672455,0.111934,0.223373,0.177647,0
638763630,chair_2,3.14978,485,0.466967,0.522224,0.644541,0.567659,0
638763706,chair_3,23.5625,2233,0.0672371,0.111931,0.223377,0.17764,0
638763735,chair_2,3.14978,485,0.466967,0.522224,0.644541,0.567659,0
638763805,chair_3,23.5623,2233,0.0672552,0.11192,0.22337,0.177653,0
638763838,chair_2,3.14978,485,0.466967,0.522224,0.644541,0.567659,0
638763904,chair_3,23.562,2233,0.0672724,0.111909,0.223363,0.177665,0
638763935,chair_2,3.14978,485,0.466967,0.522224,0.644541,0.567659,0
638764003,chair_3,23.5619,2233,0.0672839,0.1119,0.223358,0.177673,0
638764029,chair_2,3.14978,485,0.466967,0.522224,0.644541,0.567659,0
638764104,chair_3,23.5618,2233,0.0672934,0.111893,0.223355,0.177679,0
638764129,chair_2,3.14978,485,0.466967,0.522224,0.644541,0.567659,0
638764206,chair_3,23.5616,2233,0.0673036,0.111885,0.223351,0.177686,0
638764232,chair_2,3.14978,485,0.466967,0.522224,0.644541,0.567659,0
638764306,chair_3,23.5606,2233,0.0673805,0.111903,0.223319,0.17774,0
638764312,chair_2,3.14978,485,0.466967,0.522224,0.644541,0.567659,0
638764405,chair_3,23.5606,2233,0.0673805,0.111903,0.223319,0.17774,0
638764446,chair_2,3.14978,485,0.466967,0.522224,0.644541,0.567659,0
638764505,chair_3,23.5598,2233,0.0674365,0.11188,0.223296,0.177779,0
638764530,chair_2,3.14978,485,0.466967,0.522224,0.644541,0.567659,0
638764606,chair_3,23.5596,2233,0.0674509,0.111872,0.223291,0.177772,0
638764645,chair_2,3.14978,485,0.466967,0.522224,0.644541,0.567659,0
638764706,chair_3,23.5599,2233,0.0674307,0.111875,0.223299,0.177775,0
638764744,chair_2,3.14978,485,0.466967,0.522244,0.6447,0.567707,0
638764806,chair_3,23.5598,2233,0.0674373,0.111869,0.223296,0.177779,0
638764842,chair_2,3.14978,485,0.466967,0.522265,0.644869,0.567758,0
638764904,chair_3,23.5598,2233,0.0674363,0.111866,0.223297,0.177778,0
638764930,chair_2,3.14978,485,0.466967,0.522285,0.645038,0.567808,0
638765004,chair_3,23.5596,2233,0.0674503,0.111859,0.223291,0.177771,0
638765038,chair_2,3.12623,485,0.4664,0.518743,0.645247,0.571481,0
638765105,chair_3,23.5601,2233,0.067412,0.111867,0.223307,0.177761,0
638765131,chair_2,3.13832,485,0.466675,0.520555,0.645039,0.569582,0
638765206,chair_3,23.5599,2233,0.0674314,0.111858,0.2233,0.177775,0
638765237,chair_2,3.14477,485,0.466955,0.521499,0.645136,0.568551,0
638765303,chair_3,23.5596,2233,0.067448,0.11185,0.223293,0.177786,0
638765330,chair_2,3.14477,485,0.466955,0.521504,0.645173,0.568562,0
638765403,chair_3,23.5599,2233,0.0674286,0.111855,0.223301,0.177773,0
638765432,chair_2,3.14477,485,0.466955,0.521497,0.645121,0.568547,0
638765503,chair_3,23.5601,2233,0.0674177,0.111855,0.223305,0.177764,0
638765528,chair_2,3.14477,485,0.466955,0.521491,0.645066,0.56853,0
638765605,chair_3,23.56,2233,0.0674232,0.111851,0.223303,0.177768,0
638765630,chair_2,3.14477,485,0.466955,0.521484,0.64501,0.568513,0
638765703,chair_3,23.5598,2233,0.0674336,0.111846,0.223299,0.177776,0
638765732,chair_2,3.11424,485,0.466195,0.516862,0.645003,0.573144,0
638765804,chair_3,23.5597,2233,0.0674425,0.111841,0.223295,0.177782,0
638765834,chair_2,3.12513,485,0.466182,0.518583,0.644721,0.571581,0
638765905,chair_3,23.5597,2233,0.0674467,0.111837,0.223294,0.177785,0
638765912,chair_2,3.13043,485,0.466426,0.519349,0.644756,0.570733,0
638766004,chair_3,23.5597,2233,0.0674467,0.111837,0.223294,0.177785,0
638766011,chair_2,3.13549,485,0.466794,0.520037,0.644828,0.569853,0
638766105,chair_3,23.5597,2233,0.0674466,0.111837,0.223294,0.177785,0
638766111,chair_2,3.14078,485,0.466866,0.520858,0.644835,0.56907,0
638766203,chair_3,23.5597,2233,0.0674467,0.111837,0.223294,0.177785,0
638766210,chair_2,3.14078,485,0.466866,0.520858,0.644835,0.56907,0
638766305,chair_3,23.5597,2233,0.0674467,0.111837,0.223294,0.177785,0
638766332,chair_2,3.14078,485,0.466866,0.520858,0.644835,0.56907,0
638766406,chair_3,23.56,2233,0.0674251,0.111843,0.223303,0.177769,0
638766434,chair_2,3.14078,485,0.466866,0.520858,0.644835,0.56907,0
638766504,chair_3,23.5599,2233,0.0674312,0.11184,0.2233,0.177774,0
638766529,chair_2,3.14078,485,0.466866,0.520858,0.644835,0.56907,0
638766606,chair_3,23.5598,2233,0.067436,0.111837,0.223298,0.177777,0
638766636,chair_2,3.14078,485,0.466866,0.520858,0.644835,0.56907,0
638766705,chair_3,23.5598,2233,0.0674394,0.111834,0.223297,0.177779,0
638766738,chair_2,3.14078,485,0.466866,0.520858,0.644835,0.56907,0
638766806,chair_3,23.5599,2233,0.0674334,0.111834,0.2233,0.177775,0
638766832,chair_2,3.14078,485,0.466866,0.520858,0.644835,0.56907,0
638766904,chair_3,23.5598,2233,0.0674372,0.111831,0.223298,0.177778,0
638766932,chair_2,3.14078,485,0.466866,0.520858,0.644835,0.56907,0
638767006,chair_3,23.5598,2233,0.0674404,0.111829,0.223297,0.17778,0
638767035,chair_2,3.14078,485,0.466866,0.520858,0.644835,0.56907,0
638767104,chair_3,23.5601,2233,0.0674152,0.111835,0.223307,0.177762,0
638767128,chair_2,3.14078,485,0.466866,0.520858,0.644835,0.56907,0
638767204,chair_3,23.5603,2233,0.0673987,0.11184,0.223314,0.17775,0
638767234,chair_2,3.14078,485,0.466866,0.520858,0.644835,0.56907,0
638767304,chair_3,23.5607,2233,0.0673721,0.111815,0.223325,0.177731,0
638767329,chair_2,3.14078,485,0.466866,0.520858,0.644835,0.56907,0
638767404,chair_3,23.5607,2233,0.0673728,0.111814,0.223325,0.177732,0
638767427,chair_2,3.14078,485,0.466866,0.520858,0.644835,0.56907,0
638767503,chair_3,23.5609,2233,0.0673539,0.111819,0.223332,0.177719,0
638767527,chair_2,3.14078,485,0.466866,0.520858,0.644835,0.56907,0
638767604,chair_3,23.5612,2233,0.0673362,0.111824,0.22334,0.177706,0
638767631,chair_2,3.14078,485,0.466866,0.520858,0.644835,0.56907,0
638767705,chair_3,23.5615,2233,0.0673153,0.111813,0.223348,0.177691,0
638767731,chair_2,3.14078,485,0.466866,0.520858,0.644835,0.56907,0
638767805,chair_3,23.5616,2233,0.0673063,0.111815,0.223352,0.177685,0
638767812,chair_2,3.14078,485,0.466866,0.520858,0.644835,0.56907,0
638767905,chair_3,23.5616,2233,0.0673063,0.111815,0.223352,0.177685,0
638767912,chair_2,3.14078,485,0.466866,0.520858,0.644835,0.56907,0
638768005,chair_3,23.5616,2233,0.0673063,0.111815,0.223352,0.177685,0
638768010,chair_2,3.14078,485,0.466866,0.520858,0.644835,0.56907,0
638768106,chair_3,23.5616,2233,0.0673063,0.111815,0.223352,0.177685,0
638768112,chair_2,3.14078,485,0.466866,0.520858,0.644835,0.56907,0
638768205,chair_3,23.5616,2233,0.0673063,0.111815,0.223352,0.177685,0
638768210,chair_2,3.14078,485,0.466866,0.520858,0.644835,0.56907,0
638768304,chair_3,23.5616,2233,0.0673062,0.111815,0.223352,0.177685,0
638768308,chair_2,3.14078,485,0.466866,0.520858,0.644835,0.56907,0
638768406,chair_3,23.5616,2233,0.0673062,0.111815,0.223352,0.177685,0
638768411,chair_2,3.14078,485,0.466866,0.520858,0.644835,0.56907,0
638768506,chair_3,23.5616,2233,0.0673063,0.111815,0.223352,0.177685,0
638768512,chair_2,3.14078,485,0.466866,0.520858,0.644835,0.56907,0
638768606,chair_3,23.5616,2233,0.0673063,0.111815,0.223352,0.177685,0
638768613,chair_2,3.14078,485,0.466866,0.520858,0.644835,0.56907,0
638768704,chair_3,23.5616,2233,0.0673063,0.111815,0.223352,0.177685,0
638768709,chair_2,3.14078,485,0.466866,0.520858,0.644835,0.56907,0
638768803,chair_3,23.5616,2233,0.0673063,0.111815,0.223352,0.177685,0
638768813,chair_2,3.14078,485,0.466866,0.520858,0.644835,0.56907,0
638768906,chair_3,23.5616,2233,0.0673063,0.111815,0.223352,0.177685,0
638768911,chair_2,3.14078,485,0.466866,0.520858,0.644835,0.56907,0
638769006,chair_3,23.5616,2233,0.0673062,0.111815,0.223352,0.177685,0
638769013,chair_2,3.14078,485,0.466866,0.520858,0.644835,0.56907,0
638769105,chair_3,23.5616,2233,0.0673062,0.111815,0.223352,0.177685,0
638769110,chair_2,3.14078,485,0.466866,0.520858,0.644835,0.56907,0
638769205,chair_3,23.5616,2233,0.0673063,0.111815,0.223352,0.177685,0
638769212,chair_2,3.14078,485,0.466866,0.520858,0.644835,0.56907,0
638769306,chair_3,23.5616,2233,0.0673063,0.111815,0.223352,0.177685,0
638769311,chair_2,3.14078,485,0.466866,0.520858,0.644835,0.56907,0
638769406,chair_3,23.5616,2233,0.0673063,0.111815,0.223352,0.177685,0
638769411,chair_2,3.14078,485,0.466866,0.520858,0.644835,0.56907,0
638769506,chair_3,23.5616,2233,0.0673063,0.111815,0.223352,0.177685,0
638769513,chair_2,3.14078,485,0.466866,0.520858,0.644835,0.56907,0
638769606,chair_3,23.5616,2233,0.0673063,0.111815,0.223352,0.177685,0
638769612,chair_2,3.14078,485,0.466866,0.520858,0.644835,0.56907,0
638769704,chair_3,23.5616,2233,0.0673062,0.111815,0.223352,0.177685,0
638769709,chair_2,3.14078,485,0.466866,0.520858,0.644835,0.56907,0
638769806,chair_3,23.5616,2233,0.0673062,0.111815,0.223352,0.177685,0
638769812,chair_2,3.14078,485,0.466866,0.520858,0.644835,0.56907,0
638769905,chair_3,23.5616,2233,0.0673063,0.111815,0.223352,0.177685,0
638769912,chair_2,3.14078,485,0.466866,0.520858,0.644835,0.56907,0
638770005,chair_3,23.5616,2233,0.0673063,0.111815,0.223352,0.177685,0
638770032,chair_2,3.14078,485,0.466866,0.520858,0.644835,0.56907,0
638770105,chair_3,23.5619,2233,0.0672863,0.11182,0.22336,0.177671,0
638770138,chair_2,3.14078,485,0.466866,0.520858,0.644835,0.56907,0
638770204,chair_3,23.562,2233,0.067276,0.111823,0.223364,0.177664,0
638770230,chair_2,3.14078,485,0.466866,0.520858,0.644835,0.56907,0
638770303,chair_3,23.5624,2233,0.0672457,0.111832,0.223377,0.177642,0
638770328,chair_2,3.14078,485,0.466866,0.520858,0.644835,0.56907,0
638770406,chair_3,23.5627,2233,0.0672266,0.111837,0.223385,0.177629,0
638770431,chair_2,3.14078,485,0.466866,0.520858,0.644835,0.56907,0
638770505,chair_3,23.5627,2233,0.0672273,0.111837,0.223384,0.177629,0
638770530,chair_2,3.14078,485,0.466866,0.520858,0.644835,0.56907,0
638770605,chair_3,23.5627,2233,0.0672279,0.111836,0.223384,0.17763,0
638770641,chair_2,3.14078,485,0.466866,0.520858,0.644835,0.56907,0
638770705,chair_3,23.5627,2233,0.0672279,0.111836,0.223384,0.17763,0
638770740,chair_2,3.14078,485,0.466866,0.520858,0.644835,0.56907,0
638770804,chair_3,23.5627,2233,0.0672275,0.111835,0.223384,0.177629,0
638770828,chair_2,3.14078,485,0.466866,0.520858,0.644835,0.56907,0
638770904,chair_3,23.5628,2233,0.0672204,0.111838,0.223387,0.177624,0
638770930,chair_2,3.14078,485,0.466866,0.520858,0.644835,0.56907,0
638771004,chair_3,23.5627,2233,0.067229,0.111835,0.223384,0.17763,0
638771030,chair_2,3.14078,485,0.466866,0.520858,0.644835,0.56907,0
638771105,chair_3,23.5628,2233,0.0672167,0.111839,0.223389,0.177622,0
638771131,chair_2,3.14078,485,0.466866,0.520858,0.644835,0.56907,0
638771204,chair_3,23.5627,2233,0.067224,0.111836,0.223386,0.177627,0
638771228,chair_2,3.14078,485,0.466866,0.520858,0.644835,0.56907,0
638771304,chair_3,23.5629,2233,0.0672112,0.11184,0.223391,0.177618,0
638771329,chair_2,3.14078,485,0.466866,0.520858,0.644835,0.56907,0
638771404,chair_3,23.5628,2233,0.0672189,0.111837,0.223388,0.177623,0
638771435,chair_2,3.14129,485,0.466878,0.520862,0.644232,0.568811,0
638771503,chair_3,23.5627,2233,0.0672292,0.111834,0.223384,0.17763,0
638771508,chair_2,3.14185,485,0.466891,0.520886,0.643736,0.568576,0
638771604,chair_3,23.5627,2233,0.0672292,0.111834,0.223384,0.17763,0
638771630,chair_2,3.14185,485,0.467303,0.520768,0.643944,0.568419,0
638771705,chair_3,23.5629,2233,0.0672143,0.111839,0.22339,0.17762,0
638771732,chair_2,3.14185,485,0.467508,0.520719,0.644127,0.568366,0
638771806,chair_3,23.5626,2233,0.067231,0.111833,0.223383,0.177632,0
638771836,chair_2,3.14185,485,0.467476,0.520741,0.644221,0.568411,0
638771906,chair_3,23.5626,2233,0.0672302,0.111834,0.223383,0.177631,0
638771939,chair_2,3.14185,485,0.467482,0.520751,0.644326,0.568439,0
638772004,chair_3,23.5627,2233,0.0672276,0.111835,0.223384,0.177629,0
638772029,chair_2,3.14185,485,0.467489,0.520761,0.644422,0.568465,0
638772106,chair_3,23.5627,2233,0.0672261,0.111836,0.223385,0.177628,0
638772133,chair_2,3.14185,485,0.467417,0.52079,0.644456,0.568513,0
638772204,chair_3,23.5623,2233,0.0672556,0.111826,0.223373,0.177649,0
638772237,chair_2,3.14185,485,0.467421,0.520798,0.644539,0.568536,0
638772304,chair_3,23.5624,2233,0.0672468,0.111829,0.223376,0.177643,0
638772332,chair_2,3.14185,485,0.467426,0.520806,0.644616,0.568556,0
638772405,chair_3,23.5627,2233,0.0672258,0.111835,0.223385,0.177628,0
638772433,chair_2,3.14185,485,0.467431,0.520812,0.644685,0.568574,0
638772505,chair_3,23.5628,2233,0.0672224,0.111837,0.223386,0.177626,0
638772530,chair_2,3.14185,485,0.467435,0.520818,0.644748,0.568591,0
638772603,chair_3,23.5628,2233,0.067218,0.111838,0.223388,0.177623,0
638772629,chair_2,3.14185,485,0.467439,0.520824,0.644805,0.568606,0
638772705,chair_3,23.5626,2233,0.0672351,0.111832,0.223381,0.177635,0
638772735,chair_2,3.14185,485,0.467442,0.520829,0.644857,0.56862,0
638772803,chair_3,23.5626,2233,0.0672308,0.111834,0.223383,0.177632,0
638772830,chair_2,3.14185,485,0.467445,0.520833,0.644904,0.568633,0
638772904,chair_3,23.5626,2233,0.0672302,0.111835,0.223383,0.177631,0
638772928,chair_2,3.14185,485,0.467445,0.520833,0.644904,0.568633,0
638773003,chair_3,23.5627,2233,0.0672297,0.111835,0.223383,0.177631,0
638773028,chair_2,3.14185,485,0.467445,0.520833,0.644904,0.568633,0
638773104,chair_3,23.5627,2233,0.06723,0.111835,0.223383,0.177631,0
638773109,chair_2,3.14185,485,0.467445,0.520833,0.644904,0.568633,0
638773207,chair_3,23.5627,2233,0.06723,0.111835,0.223383,0.177631,0
638773214,chair_2,3.14185,485,0.467445,0.520833,0.644904,0.568633,0
638773305,chair_3,23.5627,2233,0.06723,0.111835,0.223383,0.177631,0
638773309,chair_2,3.14185,485,0.467445,0.520833,0.644904,0.568633,0
638773406,chair_3,23.5627,2233,0.0672299,0.111835,0.223383,0.177631,0
638773434,chair_2,3.14185,485,0.467445,0.520833,0.644904,0.568633,0
638773504,chair_3,23.5624,2233,0.0672473,0.111829,0.223376,0.177643,0
638773528,chair_2,3.14185,485,0.467445,0.520833,0.644904,0.568633,0
638773604,chair_3,23.5627,2233,0.067228,0.111835,0.223384,0.17763,0
638773633,chair_2,3.14185,485,0.467445,0.520833,0.644904,0.568633,0
638773704,chair_3,23.5627,2233,0.0672266,0.111836,0.223385,0.177629,0
638773728,chair_2,3.14185,485,0.467445,0.520833,0.644904,0.568633,0
638773806,chair_3,23.5624,2233,0.0672488,0.111829,0.223376,0.177644,0
638773845,chair_2,3.14185,485,0.467445,0.520833,0.644904,0.568633,0
638773904,chair_3,23.5626,2233,0.0672307,0.111834,0.223383,0.177632,0
638773931,chair_2,3.14185,485,0.467445,0.520833,0.644904,0.568633,0
638774004,chair_3,23.5627,2233,0.0672283,0.111835,0.223384,0.17763,0
638774030,chair_2,3.14185,485,0.467445,0.520833,0.644904,0.568633,0
638774104,chair_3,23.5625,2233,0.0672444,0.11183,0.223377,0.177641,0
638774130,chair_2,3.14185,485,0.467445,0.520833,0.644904,0.568633,0
638774205,chair_3,23.5627,2233,0.0672242,0.111836,0.223386,0.177627,0
638774237,chair_2,3.14185,485,0.467445,0.520833,0.644904,0.568633,0
638774304,chair_3,23.5628,2233,0.0672201,0.111838,0.223387,0.177624,0
638774328,chair_2,3.14185,485,0.467445,0.520833,0.644904,0.568633,0
638774405,chair_3,23.5625,2233,0.0672407,0.111831,0.223379,0.177639,0
638774450,chair_2,3.14185,485,0.467445,0.520833,0.644904,0.568633,0
638774504,chair_3,23.5626,2233,0.0672321,0.111833,0.223383,0.177633,0
638774530,chair_2,3.14185,485,0.467445,0.520833,0.644904,0.568633,0
638774604,chair_3,23.5626,2233,0.0672307,0.111834,0.223383,0.177632,0
638774629,chair_2,3.14185,485,0.467445,0.520833,0.644904,0.568633,0
638774704,chair_3,23.5627,2233,0.0672279,0.111835,0.223384,0.17763,0
638774728,chair_2,3.14185,485,0.467445,0.520833,0.644904,0.568633,0
638774803,chair_3,23.5627,2233,0.0672246,0.111837,0.223385,0.177627,0
638774828,chair_2,3.14185,485,0.467445,0.520833,0.644904,0.568633,0
638774904,chair_3,23.5625,2233,0.0672431,0.11183,0.223378,0.17764,0
638774908,chair_2,3.14185,485,0.467445,0.520833,0.644904,0.568633,0
638775004,chair_3,23.5625,2233,0.0672432,0.11183,0.223378,0.17764,0
638775009,chair_2,3.14185,485,0.467445,0.520833,0.644904,0.568633,0
638775103,chair_3,23.5625,2233,0.0672432,0.11183,0.223378,0.17764,0
638775107,chair_2,3.14185,485,0.467445,0.520833,0.644904,0.568633,0
638775206,chair_3,23.5625,2233,0.0672432,0.11183,0.223378,0.17764,0
638775210,chair_2,3.14185,485,0.467445,0.520833,0.644904,0.568633,0
638775305,chair_3,23.5625,2233,0.0672432,0.11183,0.223378,0.17764,0
638775312,chair_2,3.14185,485,0.467445,0.520833,0.644904,0.568633,0
638775403,chair_3,23.5625,2233,0.0672432,0.11183,0.223378,0.17764,0
638775428,chair_2,3.14185,485,0.467445,0.520833,0.644904,0.568633,0
638775504,chair_3,23.5627,2233,0.0672252,0.111836,0.223385,0.177628,0
638775529,chair_2,3.14185,485,0.467445,0.520833,0.644904,0.568633,0
638775603,chair_3,23.5628,2233,0.0672214,0.111837,0.223387,0.177625,0
638775627,chair_2,3.14185,485,0.467445,0.520833,0.644904,0.568633,0
638775704,chair_3,23.5626,2233,0.0672344,0.111833,0.223382,0.177634,0
638775728,chair_2,3.14185,485,0.467445,0.520833,0.644904,0.568633,0
638775804,chair_3,23.5627,2233,0.0672262,0.111836,0.223385,0.177628,0
638775828,chair_2,3.14185,485,0.467445,0.520833,0.644904,0.568633,0
638775903,chair_3,23.5628,2233,0.0672201,0.111838,0.223387,0.177624,0
638775929,chair_2,3.14185,485,0.467445,0.520833,0.644904,0.568633,0
638776006,chair_3,23.5626,2233,0.0672366,0.111833,0.223381,0.177636,0
638776043,chair_2,3.14185,485,0.467445,0.520833,0.644904,0.568633,0
638776104,chair_3,23.5627,2233,0.06723,0.111835,0.223383,0.177631,0
638776129,chair_2,3.14185,485,0.467445,0.520833,0.644904,0.568633,0
638776204,chair_3,23.5624,2233,0.0672466,0.11183,0.223376,0.177643,0
638776229,chair_2,3.14185,485,0.467445,0.520833,0.644904,0.568633,0
638776304,chair_3,23.5626,2233,0.0672336,0.111834,0.223382,0.177634,0
638776329,chair_2,3.14185,485,0.467445,0.520833,0.644904,0.568633,0
638776404,chair_3,23.5627,2233,0.067226,0.111837,0.223385,0.177628,0
638776429,chair_2,3.14185,485,0.467445,0.520833,0.644904,0.568633,0
638776504,chair_3,23.5626,2233,0.0672365,0.111833,0.223381,0.177636,0
638776528,chair_2,3.14185,485,0.467445,0.520833,0.644904,0.568633,0
638776604,chair_3,23.5626,2233,0.0672327,0.111835,0.223382,0.177633,0
638776628,chair_2,3.14185,485,0.467445,0.520833,0.644904,0.568633,0
638776703,chair_3,23.5625,2233,0.0672402,0.111832,0.223379,0.177638,0
638776731,chair_2,3.14185,485,0.467445,0.520833,0.644904,0.568633,0
638776804,chair_3,23.5626,2233,0.0672315,0.111834,0.223383,0.177632,0
638776838,chair_2,3.14185,485,0.467445,0.520833,0.644904,0.568633,0
638776903,chair_3,23.5625,2233,0.0672389,0.111832,0.22338,0.177637,0
638776907,chair_2,3.14185,485,0.467445,0.520833,0.644904,0.568633,0
638777006,chair_3,23.5625,2233,0.0672387,0.111832,0.22338,0.177637,0
638777011,chair_2,3.14185,485,0.467445,0.520833,0.644904,0.568633,0
638777104,chair_3,23.5625,2233,0.0672387,0.111832,0.22338,0.177637,0
638777108,chair_2,3.14185,485,0.467445,0.520833,0.644904,0.568633,0
638777206,chair_3,23.5625,2233,0.0672389,0.111832,0.22338,0.177637,0
638777214,chair_2,3.14185,485,0.467445,0.520833,0.644904,0.568633,0
638777305,chair_3,23.5625,2233,0.0672389,0.111832,0.22338,0.177637,0
638777310,chair_2,3.14185,485,0.467439,0.520841,0.644946,0.568649,0
638777406,chair_3,23.5625,2233,0.0672389,0.111832,0.22338,0.177637,0
638777412,chair_2,3.14185,485,0.467445,0.520844,0.644992,0.568659,0
638777504,chair_3,23.5625,2233,0.0672389,0.111832,0.22338,0.177637,0
638777512,chair_2,3.14185,485,0.467447,0.520848,0.645031,0.56867,0
638777603,chair_3,23.5625,2233,0.0672389,0.111832,0.22338,0.177637,0
638777609,chair_2,3.14185,485,0.467449,0.520852,0.645067,0.56868,0
638777704,chair_3,23.5625,2233,0.0672387,0.111832,0.22338,0.177637,0
638777711,chair_2,3.14185,485,0.467451,0.520855,0.6451,0.568689,0
638777804,chair_3,23.5625,2233,0.0672387,0.111832,0.22338,0.177637,0
638777809,chair_2,3.14185,485,0.467453,0.520858,0.645129,0.568697,0
638777905,chair_3,23.5625,2233,0.0672389,0.111832,0.22338,0.177637,0
638777912,chair_2,3.14185,485,0.467454,0.52086,0.645156,0.568704,0
638778006,chair_3,23.5625,2233,0.0672389,0.111832,0.22338,0.177637,0
638778011,chair_2,3.14185,485,0.467445,0.520864,0.645162,0.568711,0
638778104,chair_3,23.5625,2233,0.0672389,0.111832,0.22338,0.177637,0
638778108,chair_2,3.14185,485,0.467445,0.520866,0.645174,0.568714,0
638778204,chair_3,23.5625,2233,0.0672389,0.111832,0.22338,0.177637,0
638778208,chair_2,3.14185,485,0.467446,0.520867,0.645186,0.568717,0
638778305,chair_3,23.5625,2233,0.0672389,0.111832,0.22338,0.177637,0
638778310,chair_2,3.14185,485,0.467447,0.520868,0.645198,0.56872,0
638778405,chair_3,23.5625,2233,0.0672387,0.111832,0.22338,0.177637,0
638778411,chair_2,3.13254,485,0.467222,0.519466,0.645221,0.570157,0
638778504,chair_3,23.5625,2233,0.0672387,0.111832,0.22338,0.177637,0
638778508,chair_2,3.13985,485,0.466628,0.520742,0.644422,0.569205,0
638778604,chair_3,23.5625,2233,0.0672389,0.111832,0.22338,0.177637,0
638778608,chair_2,3.14284,485,0.4667,0.521142,0.643985,0.568613,0
638778704,chair_3,23.5625,2233,0.0672389,0.111832,0.22338,0.177637,0
638778708,chair_2,3.14284,485,0.4667,0.521153,0.644071,0.568639,0
638778804,chair_3,23.5625,2233,0.0672389,0.111832,0.22338,0.177637,0
638778810,chair_2,3.14284,485,0.4667,0.521153,0.644071,0.568639,0
638778903,chair_3,23.5625,2233,0.0672389,0.111832,0.22338,0.177637,0
638778908,chair_2,3.14284,485,0.4667,0.521153,0.644071,0.568639,0
638779006,chair_3,23.5625,2233,0.0672389,0.111832,0.22338,0.177637,0
638779012,chair_2,3.14284,485,0.4667,0.521153,0.644071,0.568639,0
638779105,chair_3,23.5625,2233,0.0672389,0.111832,0.22338,0.177637,0
638779112,chair_2,3.14284,485,0.4667,0.521153,0.644071,0.568639,0
638779205,chair_3,23.5625,2233,0.0672389,0.111832,0.22338,0.177637,0
638779212,chair_2,3.14284,485,0.4667,0.521153,0.644071,0.568639,0
638779305,chair_3,23.5625,2233,0.0672387,0.111832,0.22338,0.177637,0
638779312,chair_2,3.14284,485,0.4667,0.521153,0.644071,0.568639,0
638779404,chair_3,23.5625,2233,0.0672389,0.111832,0.22338,0.177637,0
638779408,chair_2,3.14284,485,0.4667,0.521153,0.644071,0.568639,0
638779506,chair_3,23.5625,2233,0.0672389,0.111832,0.22338,0.177637,0
638779514,chair_2,3.14284,485,0.4667,0.521153,0.644071,0.568639,0
638779606,chair_3,23.5625,2233,0.0672389,0.111832,0.22338,0.177637,0
638779638,chair_2,3.14284,485,0.4667,0.521153,0.644071,0.568639,0
638779705,chair_3,23.5627,2233,0.0672238,0.111836,0.223386,0.177627,0
638779729,chair_2,3.14284,485,0.4667,0.521153,0.644071,0.568639,0
638779805,chair_3,23.5628,2233,0.067218,0.111838,0.223388,0.177623,0
638779830,chair_2,3.14284,485,0.4667,0.521153,0.644071,0.568639,0
638779905,chair_3,23.5627,2233,0.0672277,0.111835,0.223384,0.177629,0
638779937,chair_2,3.14284,485,0.4667,0.521153,0.644071,0.568639,0
638780004,chair_3,23.5628,2233,0.0672155,0.111839,0.223389,0.177621,0
638780029,chair_2,3.14284,485,0.4667,0.521153,0.644071,0.568639,0
638780106,chair_3,23.5627,2233,0.0672252,0.111835,0.223385,0.177628,0
638780134,chair_2,3.14284,485,0.4667,0.521153,0.644071,0.568639,0
638780205,chair_3,23.5628,2233,0.0672198,0.111837,0.223388,0.177624,0
638780234,chair_2,3.14284,485,0.4667,0.521153,0.644071,0.568639,0
638780303,chair_3,23.5627,2233,0.0672266,0.111835,0.223385,0.177629,0
638780334,chair_2,3.14284,485,0.4667,0.521153,0.644071,0.568639,0
638780404,chair_3,23.5629,2233,0.0672136,0.111839,0.22339,0.177619,0
638780429,chair_2,3.14284,485,0.4667,0.521153,0.644071,0.568639,0
638780504,chair_3,23.5627,2233,0.0672233,0.111836,0.223386,0.177626,0
638780528,chair_2,3.14284,485,0.4667,0.521153,0.644071,0.568639,0
638780606,chair_3,23.5629,2233,0.0672147,0.111839,0.22339,0.17762,0
638780639,chair_2,3.14284,485,0.4667,0.521153,0.644071,0.568639,0
638780705,chair_3,23.5628,2233,0.0672211,0.111836,0.223387,0.177625,0
638780733,chair_2,3.14284,485,0.4667,0.521153,0.644071,0.568639,0
638780806,chair_3,23.5627,2233,0.0672275,0.111834,0.223384,0.177629,0
638780841,chair_2,3.14284,485,0.4667,0.521153,0.644071,0.568639,0
638780904,chair_3,23.5628,2233,0.0672157,0.111838,0.223389,0.177621,0
638780931,chair_2,3.14284,485,0.4667,0.521153,0.644071,0.568639,0
638781005,chair_3,23.5627,2233,0.0672253,0.111835,0.223385,0.177628,0
638781048,chair_2,3.14284,485,0.4667,0.521153,0.644071,0.568639,0
638781105,chair_3,23.5629,2233,0.067212,0.11184,0.223391,0.177618,0
638781130,chair_2,3.14284,485,0.4667,0.521153,0.644071,0.568639,0
638781204,chair_3,23.5628,2233,0.0672206,0.111837,0.223387,0.177624,0
638781230,chair_2,3.14284,485,0.4667,0.521153,0.644071,0.568639,0
638781304,chair_3,23.5626,2233,0.0672303,0.111833,0.223383,0.177631,0
638781333,chair_2,3.14284,485,0.4667,0.521153,0.644071,0.568639,0
638781406,chair_3,23.5628,2233,0.0672158,0.111838,0.223389,0.177621,0
638781435,chair_2,3.14284,485,0.4667,0.521153,0.644071,0.568639,0
638781504,chair_3,23.5628,2233,0.0672211,0.111836,0.223387,0.177625,0
638781529,chair_2,3.14284,485,0.4667,0.521153,0.644071,0.568639,0
638781605,chair_3,23.5627,2233,0.0672268,0.111834,0.223385,0.177629,0
638781635,chair_2,3.14284,485,0.4667,0.521153,0.644071,0.568639,0
638781705,chair_3,23.5628,2233,0.0672164,0.111838,0.223389,0.177621,0
638781737,chair_2,3.14284,485,0.4667,0.521153,0.644071,0.568639,0
638781806,chair_3,23.5628,2233,0.0672227,0.111835,0.223386,0.177626,0
638781843,chair_2,3.14284,485,0.4667,0.521153,0.644071,0.568639,0
638781904,chair_3,23.5629,2233,0.0672104,0.11184,0.223391,0.177617,0
638781930,chair_2,3.14284,485,0.4667,0.521153,0.644071,0.568639,0
638782006,chair_3,23.5628,2233,0.0672161,0.111838,0.223389,0.177621,0
638782041,chair_2,3.14284,485,0.4667,0.521153,0.644071,0.568639,0
638782106,chair_3,23.5627,2233,0.0672243,0.111835,0.223386,0.177627,0
638782140,chair_2,3.14284,485,0.4667,0.521153,0.644071,0.568639,0
638782204,chair_3,23.5628,2233,0.0672213,0.111836,0.223387,0.177625,0
638782229,chair_2,3.14284,485,0.4667,0.521153,0.644071,0.568639,0
638782305,chair_3,23.5627,2233,0.0672249,0.111835,0.223385,0.177627,0
638782333,chair_2,3.14284,485,0.4667,0.521153,0.644071,0.568639,0
638782404,chair_3,23.5629,2233,0.0672152,0.111838,0.223389,0.177621,0
638782429,chair_2,3.14284,485,0.4667,0.521153,0.644071,0.568639,0
638782504,chair_3,23.5628,2233,0.067221,0.111836,0.223387,0.177625,0
638782529,chair_2,3.14284,485,0.4667,0.521153,0.644071,0.568639,0
638782606,chair_3,23.5627,2233,0.0672261,0.111834,0.223385,0.177628,0
638782611,chair_2,3.14284,485,0.4667,0.521153,0.644071,0.568639,0
638782706,chair_3,23.5627,2233,0.0672261,0.111834,0.223385,0.177628,0
638782713,chair_2,3.14284,485,0.4667,0.521153,0.644071,0.568639,0
638782803,chair_3,23.5627,2233,0.0672261,0.111834,0.223385,0.177628,0
638782808,chair_2,3.14284,485,0.4667,0.521153,0.644071,0.568639,0
638782904,chair_3,23.5627,2233,0.0672261,0.111834,0.223385,0.177628,0
638782908,chair_2,3.14284,485,0.4667,0.521153,0.644071,0.568639,0
638783006,chair_3,23.5627,2233,0.067226,0.111834,0.223385,0.177628,0
638783013,chair_2,3.14284,485,0.4667,0.521153,0.644071,0.568639,0
638783103,chair_3,23.5627,2233,0.0672261,0.111834,0.223385,0.177628,0
638783108,chair_2,3.14284,485,0.4667,0.521165,0.644175,0.56867,0
638783206,chair_3,23.5627,2233,0.0672261,0.111834,0.223385,0.177628,0
638783212,chair_2,3.14284,485,0.4667,0.521178,0.644279,0.568701,0
638783304,chair_3,23.5627,2233,0.0672261,0.111834,0.223385,0.177628,0
638783308,chair_2,3.14284,485,0.4667,0.52119,0.644379,0.568731,0
638783406,chair_3,23.5627,2233,0.0672261,0.111834,0.223385,0.177628,0
638783413,chair_2,3.14284,485,0.4667,0.521202,0.644476,0.56876,0
638783505,chair_3,23.5627,2233,0.0672261,0.111834,0.223385,0.177628,0
638783512,chair_2,3.12727,485,0.46632,0.518862,0.644589,0.571173,0
638783605,chair_3,23.5627,2233,0.0672261,0.111834,0.223385,0.177628,0
638783611,chair_2,3.13689,485,0.466661,0.520328,0.645003,0.569779,0
638783705,chair_3,23.5627,2233,0.0672261,0.111834,0.223385,0.177628,0
638783710,chair_2,3.14276,485,0.466949,0.521201,0.645307,0.568889,0
638783806,chair_3,23.5627,2233,0.067226,0.111834,0.223385,0.177628,0
638783832,chair_2,3.14276,485,0.467557,0.521012,0.645504,0.568626,0
638783906,chair_3,23.5628,2233,0.0672169,0.111837,0.223389,0.177622,0
638783933,chair_2,3.14276,485,0.467584,0.521006,0.645534,0.568621,0
638784003,chair_3,23.5628,2233,0.0672209,0.111836,0.223387,0.177625,0
638784028,chair_2,3.14276,485,0.467584,0.521008,0.64555,0.568625,0
638784104,chair_3,23.5627,2233,0.0672234,0.111835,0.223386,0.177626,0
638784128,chair_2,3.14276,485,0.467584,0.52101,0.645568,0.56863,0
638784204,chair_3,23.5629,2233,0.0672126,0.111839,0.223391,0.177619,0
638784228,chair_2,3.14276,485,0.467531,0.521026,0.645546,0.568652,0
638784305,chair_3,23.5628,2233,0.0672162,0.111838,0.223389,0.177621,0
638784329,chair_2,3.12567,485,0.467106,0.518451,0.645593,0.571289,0
638784404,chair_3,23.5628,2233,0.0672219,0.111836,0.223387,0.177625,0
638784428,chair_2,3.14707,485,0.466886,0.52189,0.645122,0.568259,0
638784504,chair_3,23.5627,2233,0.067226,0.111834,0.223385,0.177628,0
638784529,chair_2,3.14707,485,0.466886,0.521898,0.645186,0.568278,0
638784605,chair_3,23.5629,2233,0.067213,0.111839,0.22339,0.177619,0
638784630,chair_2,3.14707,485,0.466886,0.521898,0.645186,0.568278,0
638784703,chair_3,23.5628,2233,0.0672168,0.111837,0.223389,0.177622,0
638784736,chair_2,3.14707,485,0.466886,0.521893,0.645145,0.568266,0
638784806,chair_3,23.5627,2233,0.0672234,0.111835,0.223386,0.177626,0
638784832,chair_2,3.14707,485,0.466886,0.521876,0.645009,0.568225,0
638784905,chair_3,23.5628,2233,0.0672167,0.111838,0.223389,0.177622,0
638784932,chair_2,3.14707,485,0.466886,0.521865,0.644913,0.568196,0
638785006,chair_3,23.5627,2233,0.0672235,0.111835,0.223386,0.177626,0
638785053,chair_2,3.12823,485,0.466432,0.519005,0.644827,0.571056,0
638785103,chair_3,23.5628,2233,0.0672162,0.111838,0.223389,0.177621,0
638785128,chair_2,3.13879,485,0.4667,0.520624,0.645064,0.56951,0
638785204,chair_3,23.5628,2233,0.0672226,0.111835,0.223386,0.177626,0
638785229,chair_2,3.15049,485,0.467075,0.522394,0.645322,0.567737,0
638785304,chair_3,23.5628,2233,0.0672168,0.111838,0.223389,0.177622,0
638785308,chair_2,3.15049,485,0.467075,0.522386,0.645248,0.567715,0
638785406,chair_3,23.5628,2233,0.0672168,0.111838,0.223389,0.177622,0
638785412,chair_2,3.15049,485,0.467075,0.522369,0.645112,0.567674,0
638785503,chair_3,23.5628,2233,0.0672168,0.111838,0.223389,0.177622,0
638785509,chair_2,3.15049,485,0.467075,0.52238,0.645198,0.5677,0
638785606,chair_3,23.5628,2233,0.0672168,0.111838,0.223389,0.177622,0
638785613,chair_2,3.1301,485,0.466589,0.519305,0.645316,0.570866,0
638785706,chair_3,23.5628,2233,0.0672168,0.111838,0.223389,0.177622,0
638785712,chair_2,3.13974,485,0.466894,0.520791,0.645764,0.569482,0
638785803,chair_3,23.5628,2233,0.0672168,0.111838,0.223389,0.177622,0
638785808,chair_2,3.14506,485,0.466203,0.521789,0.644944,0.568852,0
638785905,chair_3,23.5628,2233,0.0672167,0.111838,0.223389,0.177622,0
638785912,chair_2,3.14506,485,0.466203,0.521782,0.644894,0.568836,0
638786004,chair_3,23.5628,2233,0.0672167,0.111838,0.223389,0.177622,0
638786008,chair_2,3.14506,485,0.466203,0.521775,0.64483,0.568817,0
638786104,chair_3,23.5628,2233,0.0672168,0.111838,0.223389,0.177622,0
638786109,chair_2,3.14506,485,0.466203,0.521782,0.644886,0.568834,0
638786204,chair_3,23.5628,2233,0.0672168,0.111838,0.223389,0.177622,0
638786210,chair_2,3.14506,485,0.466203,0.521782,0.644886,0.568834,0
638786305,chair_3,23.5628,2233,0.0672168,0.111838,0.223389,0.177622,0
638786312,chair_2,3.14506,485,0.466203,0.521782,0.644886,0.568834,0
638786406,chair_3,23.5628,2233,0.0672168,0.111838,0.223389,0.177622,0
638786413,chair_2,3.14506,485,0.466203,0.521782,0.644886,0.568834,0
638786507,chair_3,23.5628,2233,0.0672168,0.111838,0.223389,0.177622,0
638786513,chair_2,3.14506,485,0.466203,0.521782,0.644886,0.568834,0
638786604,chair_3,23.5628,2233,0.0672167,0.111838,0.223389,0.177622,0
638786629,chair_2,3.14506,485,0.466203,0.521782,0.644886,0.568834,0
638786706,chair_3,23.5627,2233,0.0672233,0.111835,0.223386,0.177626,0
638786734,chair_2,3.14506,485,0.466203,0.521782,0.644886,0.568834,0
638786806,chair_3,23.5628,2233,0.067221,0.111837,0.223387,0.177625,0
638786840,chair_2,3.14506,485,0.466203,0.521782,0.644886,0.568834,0
638786905,chair_3,23.5627,2233,0.0672275,0.111834,0.223384,0.177629,0
638786939,chair_2,3.14506,485,0.466203,0.521782,0.644886,0.568834,0
638787004,chair_3,23.5628,2233,0.0672188,0.111838,0.223388,0.177623,0
638787030,chair_2,3.14506,485,0.466203,0.521782,0.644886,0.568834,0
638787103,chair_3,23.5626,2233,0.0672301,0.111834,0.223383,0.177631,0
638787129,chair_2,3.14506,485,0.466203,0.521782,0.644886,0.568834,0
638787206,chair_3,23.5628,2233,0.0672188,0.111838,0.223388,0.177623,0
638787255,chair_2,3.14506,485,0.466203,0.521782,0.644886,0.568834,0
638787304,chair_3,23.5627,2233,0.0672289,0.111835,0.223384,0.17763,0
638787336,chair_2,3.14506,485,0.466203,0.521782,0.644886,0.568834,0
638787404,chair_3,23.5627,2233,0.0672228,0.111837,0.223386,0.177626,0
638787430,chair_2,3.14506,485,0.466203,0.521782,0.644886,0.568834,0
638787506,chair_3,23.5628,2233,0.067218,0.111838,0.223388,0.177623,0
638787539,chair_2,3.14506,485,0.466203,0.521782,0.644886,0.568834,0
638787605,chair_3,23.5627,2233,0.0672253,0.111836,0.223385,0.177628,0
638787632,chair_2,3.14506,485,0.466203,0.521782,0.644886,0.568834,0
638787703,chair_3,23.5628,2233,0.0672177,0.111838,0.223388,0.177623,0
638787729,chair_2,3.14506,485,0.466203,0.521782,0.644886,0.568834,0
638787804,chair_3,23.5627,2233,0.0672247,0.111836,0.223386,0.177627,0
638787830,chair_2,3.14506,485,0.466203,0.521782,0.644886,0.568834,0
638787903,chair_3,23.5628,2233,0.0672167,0.111838,0.223389,0.177622,0
638787928,chair_2,3.14506,485,0.466203,0.521782,0.644886,0.568834,0
638788004,chair_3,23.5627,2233,0.0672233,0.111836,0.223386,0.177626,0
638788057,chair_2,3.14506,485,0.466203,0.521782,0.644886,0.568834,0
638788105,chair_3,23.5629,2233,0.0672153,0.111839,0.223389,0.177621,0
638788112,chair_2,3.14506,485,0.466203,0.521788,0.644939,0.56885,0
638788203,chair_3,23.5629,2233,0.0672154,0.111839,0.223389,0.177621,0
638788215,chair_2,3.14506,485,0.466203,0.521794,0.644992,0.568866,0
638788304,chair_3,23.5629,2233,0.0672154,0.111839,0.223389,0.177621,0
638788308,chair_2,3.14506,485,0.466203,0.521804,0.645066,0.568888,0
638788405,chair_3,23.5629,2233,0.0672154,0.111839,0.223389,0.177621,0
638788436,chair_2,3.12176,485,0.465632,0.518276,0.645149,0.572474,0
638788504,chair_3,23.5626,2233,0.067231,0.111833,0.223383,0.177632,0
638788529,chair_2,3.13339,485,0.466233,0.519996,0.645686,0.570708,0
638788604,chair_3,23.5627,2233,0.0672297,0.111834,0.223383,0.177631,0
638788634,chair_2,3.14022,485,0.466727,0.520909,0.645612,0.569457,0
638788705,chair_3,23.5627,2233,0.0672259,0.111836,0.223385,0.177628,0
638788733,chair_2,3.14661,485,0.466284,0.521995,0.644837,0.568558,0
638788804,chair_3,23.5628,2233,0.0672219,0.111837,0.223387,0.177625,0
638788828,chair_2,3.14661,485,0.466284,0.522002,0.644891,0.568574,0
638788904,chair_3,23.5626,2233,0.067236,0.111832,0.223381,0.177635,0
638788929,chair_2,3.14661,485,0.466284,0.522009,0.644952,0.568592,0
638789004,chair_3,23.5626,2233,0.0672348,0.111833,0.223381,0.177634,0
638789030,chair_2,3.14661,485,0.466284,0.522018,0.645021,0.568613,0
638789103,chair_3,23.5626,2233,0.0672349,0.111833,0.223381,0.177635,0
638789128,chair_2,3.12276,485,0.465702,0.51841,0.645127,0.572293,0
638789204,chair_3,23.5626,2233,0.0672349,0.111833,0.223381,0.177635,0
638789229,chair_2,3.13444,485,0.466189,0.520134,0.64529,0.570464,0
638789304,chair_3,23.5626,2233,0.0672348,0.111834,0.223381,0.177634,0
638789328,chair_2,3.14651,485,0.466934,0.521822,0.64544,0.568409,0
638789404,chair_3,23.5626,2233,0.0672344,0.111834,0.223382,0.177634,0
638789428,chair_2,3.14651,485,0.466934,0.521807,0.645323,0.568374,0
638789504,chair_3,23.5626,2233,0.0672339,0.111834,0.223382,0.177634,0
638789534,chair_2,3.14651,485,0.466934,0.521804,0.645293,0.568365,0
638789604,chair_3,23.5624,2233,0.0672478,0.111829,0.223376,0.177644,0
638789627,chair_2,3.14651,485,0.466934,0.521804,0.645293,0.568365,0
638789703,chair_3,23.5625,2233,0.0672405,0.111831,0.223379,0.177639,0
638789728,chair_2,3.14651,485,0.466934,0.521804,0.645293,0.568365,0
638789803,chair_3,23.5628,2233,0.0672159,0.111839,0.223389,0.177621,0
638789828,chair_2,3.14651,485,0.466934,0.521804,0.645293,0.568365,0
638789903,chair_3,23.5627,2233,0.0672292,0.111834,0.223384,0.17763,0
638789907,chair_2,3.14651,485,0.466934,0.521804,0.645293,0.568365,0
638790006,chair_3,23.5627,2233,0.0672292,0.111834,0.223384,0.17763,0
638790015,chair_2,3.14651,485,0.466934,0.521804,0.645293,0.568365,0
638790106,chair_3,23.5627,2233,0.0672292,0.111834,0.223384,0.17763,0
638790135,chair_2,3.14651,478,0.471686,0.52829,0.6507,0.571394,0
638790204,chair_3,23.5627,2233,0.0672296,0.111834,0.223384,0.177631,0
638790230,chair_2,3.14651,478,0.471686,0.52829,0.6507,0.571394,0
638790304,chair_3,23.5627,2233,0.0672284,0.111835,0.223384,0.17763,0
638790331,chair_2,3.14651,478,0.471686,0.52829,0.6507,0.571394,0
638790406,chair_3,23.5627,2233,0.0672272,0.111836,0.223384,0.177629,0
638790437,chair_2,3.14651,478,0.471686,0.52829,0.6507,0.571394,0
638790503,chair_3,23.5624,2233,0.0672504,0.111828,0.223375,0.177645,0
638790528,chair_2,3.14651,478,0.471686,0.52829,0.6507,0.571394,0
638790604,chair_3,23.5625,2233,0.067244,0.11183,0.223378,0.177641,0
638790632,chair_2,3.14651,478,0.471686,0.52829,0.6507,0.571394,0
638790705,chair_3,23.5626,2233,0.0672319,0.111833,0.223383,0.177633,0
638790738,chair_2,3.14651,478,0.471686,0.52829,0.6507,0.571394,0
638790803,chair_3,23.5626,2233,0.0672312,0.111834,0.223383,0.177632,0
638790832,chair_2,3.14651,478,0.471686,0.52829,0.6507,0.571394,0
638790906,chair_3,23.5627,2233,0.067229,0.111835,0.223384,0.17763,0
638790935,chair_2,3.14651,485,0.466934,0.521804,0.645293,0.568365,0
638791006,chair_3,23.5627,2233,0.0672265,0.111836,0.223385,0.177629,0
638791039,chair_2,3.14651,478,0.471686,0.52829,0.6507,0.571394,0
638791103,chair_3,23.5625,2233,0.0672436,0.11183,0.223378,0.177641,0
638791149,chair_2,3.14651,478,0.471686,0.52829,0.6507,0.571394,0
638791205,chair_3,23.5626,2233,0.0672343,0.111833,0.223382,0.177634,0
638791233,chair_2,3.14651,485,0.466934,0.521804,0.645293,0.568365,0
638791306,chair_3,23.5626,2233,0.0672309,0.111835,0.223383,0.177632,0
638791335,chair_2,3.14651,478,0.471686,0.52829,0.6507,0.571394,0
638791404,chair_3,23.5627,2233,0.0672274,0.111836,0.223384,0.177629,0
638791429,chair_2,3.16019,478,0.471168,0.530582,0.649899,0.569438,0
638791503,chair_3,23.5624,2233,0.0672497,0.111828,0.223375,0.177645,0
638791529,chair_2,3.16278,478,0.471035,0.531303,0.651883,0.569674,0
638791604,chair_3,23.5626,2233,0.0672316,0.111834,0.223383,0.177632,0
638791608,chair_2,3.16576,478,0.471122,0.531721,0.651636,0.569119,0
638791703,chair_3,23.5626,2233,0.0672316,0.111834,0.223383,0.177632,0
638791707,chair_2,3.16789,478,0.471167,0.532005,0.651304,0.568688,0
638791805,chair_3,23.5626,2233,0.0672318,0.111834,0.223383,0.177632,0
638791811,chair_2,3.1687,485,0.466425,0.525577,0.645507,0.565523,0
638791903,chair_3,23.5626,2233,0.0672318,0.111834,0.223383,0.177632,0
638791907,chair_2,3.16249,485,0.466296,0.524604,0.645329,0.566442,0
638792005,chair_3,23.5626,2233,0.0672318,0.111834,0.223383,0.177632,0
638792010,chair_2,3.15634,478,0.470894,0.53016,0.650637,0.570357,0
638792104,chair_3,23.5626,2233,0.0672318,0.111834,0.223383,0.177632,0
638792109,chair_2,3.15822,478,0.470935,0.530454,0.650701,0.570075,0
638792204,chair_3,23.5626,2233,0.0672318,0.111834,0.223383,0.177632,0
638792208,chair_2,3.15995,485,0.466242,0.524214,0.645318,0.566831,0
638792303,chair_3,23.5626,2233,0.0672316,0.111834,0.223383,0.177632,0
638792310,chair_2,3.15372,485,0.466105,0.523245,0.645194,0.567754,0
638792404,chair_3,23.5626,2233,0.0672316,0.111834,0.223383,0.177632,0
638792408,chair_2,3.13862,485,0.465755,0.520942,0.645185,0.570075,0
638792506,chair_3,23.5626,2233,0.0672318,0.111834,0.223383,0.177632,0
638792512,chair_2,3.13358,485,0.466011,0.520238,0.646879,0.571161,0
638792606,chair_3,23.5626,2233,0.0672318,0.111834,0.223383,0.177632,0
638792613,chair_2,3.13293,485,0.46615,0.518306,0.646697,0.569696,0
638792705,chair_3,23.5626,2233,0.0672318,0.111834,0.223383,0.177632,0
638792712,chair_2,3.13155,485,0.466124,0.518109,0.646857,0.569956,0
638792804,chair_3,23.5626,2233,0.0672318,0.111834,0.223383,0.177632,0
638792809,chair_2,3.13029,485,0.466088,0.517932,0.647001,0.570198,0
638792903,chair_3,23.5626,2233,0.0672318,0.111834,0.223383,0.177632,0
638792908,chair_2,3.13029,485,0.466088,0.517932,0.647001,0.570198,0
638793006,chair_3,23.5626,2233,0.0672318,0.111834,0.223383,0.177632,0
638793019,chair_2,3.13029,485,0.466088,0.517932,0.647001,0.570198,0
638793105,chair_3,23.5626,2233,0.0672318,0.111834,0.223383,0.177632,0
638793112,chair_2,3.13029,485,0.466088,0.517932,0.647001,0.570198,0
638793206,chair_3,23.5626,2233,0.0672318,0.111834,0.223383,0.177632,0
638793212,chair_2,3.13029,485,0.466088,0.517932,0.647001,0.570198,0
638793305,chair_3,23.5626,2233,0.0672318,0.111834,0.223383,0.177632,0
638793312,chair_2,3.13029,485,0.466088,0.517932,0.647001,0.570198,0
638793406,chair_3,23.5626,2233,0.0672318,0.111834,0.223383,0.177632,0
638793413,chair_2,3.13029,485,0.466088,0.517932,0.647001,0.570198,0
638793506,chair_3,23.5626,2233,0.0672318,0.111834,0.223383,0.177632,0
638793512,chair_2,3.13029,485,0.466088,0.517932,0.647001,0.570198,0
638793704,chair_3,23.5626,2233,0.0672318,0.111834,0.223383,0.177632,0
638793709,chair_2,3.13029,485,0.466088,0.517932,0.647001,0.570198,0
638793804,chair_3,23.5626,2233,0.0672316,0.111834,0.223383,0.177632,0
638793808,chair_2,3.13029,485,0.466088,0.517932,0.647001,0.570198,0
638793906,chair_3,23.5626,2233,0.0672316,0.111834,0.223383,0.177632,0
638793913,chair_2,3.13029,485,0.466088,0.517932,0.647001,0.570198,0
638794005,chair_3,23.5626,2233,0.0672318,0.111834,0.223383,0.177632,0
638794012,chair_2,3.13029,485,0.466088,0.517932,0.647001,0.570198,0
638794105,chair_3,23.5626,2233,0.0672318,0.111834,0.223383,0.177632,0
638794149,chair_2,3.13029,485,0.466088,0.517932,0.647001,0.570198,0
638794203,chair_3,23.5627,2233,0.0672266,0.111836,0.223385,0.177629,0
638794227,chair_2,3.13029,485,0.466088,0.517932,0.647001,0.570198,0
638794305,chair_3,23.5627,2233,0.0672294,0.111835,0.223384,0.177631,0
638794350,chair_2,3.13029,485,0.466088,0.517932,0.647001,0.570198,0
638794403,chair_3,23.5627,2233,0.067223,0.111837,0.223386,0.177626,0
638794442,chair_2,3.13029,485,0.466088,0.517932,0.647001,0.570198,0
638794504,chair_3,23.5627,2233,0.0672269,0.111835,0.223385,0.177629,0
638794529,chair_2,3.13029,485,0.466088,0.517932,0.647001,0.570198,0
638794605,chair_3,23.5629,2233,0.0672114,0.111841,0.223391,0.177618,0
638794636,chair_2,3.13029,485,0.466088,0.517932,0.647001,0.570198,0
638794704,chair_3,23.5628,2233,0.0672183,0.111838,0.223388,0.177623,0
638794732,chair_2,3.13029,485,0.466088,0.517932,0.647001,0.570198,0
638794803,chair_3,23.5626,2233,0.0672311,0.111834,0.223383,0.177632,0
638794827,chair_2,3.12652,485,0.466405,0.51713,0.646257,0.570334,0
638794904,chair_3,23.5627,2233,0.0672287,0.111835,0.223384,0.17763,0
638794928,chair_2,3.12655,485,0.466035,0.517379,0.647363,0.570869,0
638795004,chair_3,23.5628,2233,0.0672194,0.111838,0.223388,0.177624,0
638795038,chair_2,3.12637,485,0.466326,0.517204,0.646935,0.570606,0
638795104,chair_3,23.5626,2233,0.0672339,0.111833,0.223382,0.177634,0
638795128,chair_2,3.12616,485,0.466364,0.517125,0.646634,0.570523,0
638795204,chair_3,23.5628,2233,0.0672182,0.111838,0.223388,0.177623,0
638795230,chair_2,3.12464,485,0.466684,0.516768,0.646626,0.570561,0
638795305,chair_3,23.5627,2233,0.0672236,0.111836,0.223386,0.177626,0
638795340,chair_2,3.12472,485,0.466974,0.516677,0.646573,0.570377,0
638795405,chair_3,23.5628,2233,0.0672159,0.111839,0.223389,0.177621,0
638795440,chair_2,3.12572,485,0.467684,0.516599,0.646591,0.569857,0
638795505,chair_3,23.5627,2233,0.0672231,0.111836,0.223386,0.177626,0
638795541,chair_2,3.12857,485,0.468024,0.516941,0.646567,0.569265,0
638795603,chair_3,23.5628,2233,0.0672159,0.111839,0.223389,0.177621,0
638795637,chair_2,3.13122,485,0.467668,0.517404,0.645786,0.568845,0
638795704,chair_3,23.5627,2233,0.0672257,0.111835,0.223385,0.177628,0
638795729,chair_2,3.13452,485,0.467857,0.516195,0.645564,0.566871,0
638795805,chair_3,23.5629,2233,0.0672092,0.111841,0.223392,0.177616,0
638795837,chair_2,3.13593,485,0.468294,0.516283,0.64568,0.566471,0
638795906,chair_3,23.5628,2233,0.0672182,0.111837,0.223388,0.177623,0
638795936,chair_2,3.13784,485,0.46835,0.516557,0.64557,0.566136,0
638796004,chair_3,23.5627,2233,0.0672246,0.111835,0.223386,0.177627,0
638796034,chair_2,3.14,485,0.468261,0.516908,0.645338,0.565806,0
638796103,chair_3,23.5628,2233,0.067221,0.111837,0.223387,0.177625,0
638796127,chair_2,3.14357,485,0.468716,0.517319,0.645304,0.565045,0
638796205,chair_3,23.5626,2233,0.0672301,0.111833,0.223383,0.177631,0
638796236,chair_2,3.14595,485,0.468756,0.517678,0.645243,0.564669,0
638796305,chair_3,23.5629,2233,0.0672136,0.111839,0.22339,0.177619,0
638796350,chair_2,3.14595,485,0.468756,0.517678,0.645243,0.564669,0
638796406,chair_3,23.5628,2233,0.0672189,0.111837,0.223388,0.177623,0
638796442,chair_2,3.14595,485,0.468756,0.517678,0.645243,0.564669,0
638796506,chair_3,23.5627,2233,0.0672261,0.111835,0.223385,0.177628,0
638796537,chair_2,3.14595,485,0.468756,0.517678,0.645243,0.564669,0
638796605,chair_3,23.5628,2233,0.0672206,0.111837,0.223387,0.177624,0
638796639,chair_2,3.14595,485,0.468756,0.517678,0.645243,0.564669,0
638796704,chair_3,23.5627,2233,0.0672275,0.111834,0.223384,0.177629,0
638796738,chair_2,3.14595,485,0.468756,0.517678,0.645243,0.564669,0
638796803,chair_3,23.5629,2233,0.0672107,0.11184,0.223391,0.177618,0
638796828,chair_2,3.14595,485,0.468756,0.517678,0.645243,0.564669,0
638796904,chair_3,23.5628,2233,0.0672172,0.111838,0.223389,0.177622,0
638796938,chair_2,3.14595,485,0.468756,0.517678,0.645243,0.564669,0
638797004,chair_3,23.5627,2233,0.0672283,0.111834,0.223384,0.17763,0
638797029,chair_2,3.14595,485,0.468756,0.517678,0.645243,0.564669,0
638797103,chair_3,23.5627,2233,0.0672268,0.111835,0.223385,0.177629,0
638797109,chair_2,3.14595,485,0.468756,0.517678,0.645243,0.564669,0
638797204,chair_3,23.5627,2233,0.0672268,0.111835,0.223385,0.177629,0
638797209,chair_2,3.14595,485,0.468756,0.517678,0.645243,0.564669,0
638797304,chair_3,23.5627,2233,0.0672268,0.111835,0.223385,0.177629,0
638797308,chair_2,3.14595,485,0.468756,0.517678,0.645243,0.564669,0
638797404,chair_3,23.5627,2233,0.0672268,0.111835,0.223385,0.177629,0
638797410,chair_2,3.14595,485,0.468756,0.517678,0.645243,0.564669,0
638797506,chair_3,23.5627,2233,0.0672268,0.111835,0.223385,0.177629,0
638797510,chair_2,3.14595,485,0.468756,0.517678,0.645243,0.564669,0
638797606,chair_3,23.5627,2233,0.0672267,0.111835,0.223385,0.177629,0
638797611,chair_2,3.14595,485,0.468756,0.517678,0.645243,0.564669,0
638797705,chair_3,23.5627,2233,0.0672267,0.111835,0.223385,0.177629,0
638797741,chair_2,3.14595,485,0.468756,0.517678,0.645243,0.564669,0
638797803,chair_3,23.5628,2233,0.0672161,0.111838,0.223389,0.177621,0
638797829,chair_2,3.14595,485,0.468756,0.517678,0.645243,0.564669,0
638797904,chair_3,23.5628,2233,0.0672224,0.111836,0.223386,0.177626,0
638797937,chair_2,3.14595,485,0.468756,0.517678,0.645243,0.564669,0
638798004,chair_3,23.5629,2233,0.067211,0.11184,0.223391,0.177618,0
638798030,chair_2,3.1523,485,0.467875,0.518862,0.644015,0.563864,0
638798104,chair_3,23.5628,2233,0.0672207,0.111837,0.223387,0.177624,0
638798134,chair_2,3.15746,485,0.467963,0.519632,0.64377,0.563009,0
638798203,chair_3,23.5627,2233,0.0672287,0.111834,0.223384,0.17763,0
638798237,chair_2,3.16011,485,0.467917,0.520037,0.643475,0.562566,0
638798304,chair_3,23.5629,2233,0.0672145,0.111839,0.22339,0.17762,0
638798330,chair_2,3.161,485,0.46783,0.52017,0.643163,0.562393,0
638798404,chair_3,23.5628,2233,0.0672197,0.111837,0.223388,0.177624,0
638798429,chair_2,3.16322,485,0.467811,0.520497,0.642899,0.562006,0
638798504,chair_3,23.5627,2233,0.0672234,0.111835,0.223386,0.177626,0
638798528,chair_2,3.16291,485,0.46785,0.520406,0.642698,0.56197,0
638798603,chair_3,23.5629,2233,0.0672117,0.111839,0.223391,0.177618,0
638798633,chair_2,3.16326,485,0.46787,0.520433,0.64254,0.561862,0
638798704,chair_3,23.5628,2233,0.0672183,0.111837,0.223388,0.177623,0
638798731,chair_2,3.16386,485,0.467807,0.520503,0.642184,0.561703,0
638798804,chair_3,23.5627,2233,0.067225,0.111835,0.223385,0.177627,0
638798830,chair_2,3.16476,485,0.467747,0.520616,0.64181,0.561495,0
638798905,chair_3,23.5628,2233,0.0672213,0.111836,0.223387,0.177625,0
638798930,chair_2,3.16561,485,0.467721,0.52071,0.641444,0.561278,0
638799005,chair_3,23.5627,2233,0.0672253,0.111835,0.223385,0.177628,0
638799058,chair_2,3.16614,485,0.467693,0.520761,0.641133,0.561124,0
638799103,chair_3,23.5629,2233,0.067211,0.11184,0.223391,0.177618,0
638799141,chair_2,3.16641,485,0.467666,0.520771,0.64084,0.561012,0
638799204,chair_3,23.5628,2233,0.0672161,0.111838,0.223389,0.177621,0
638799208,chair_2,3.16668,485,0.467647,0.520777,0.640529,0.56089,0
638799305,chair_3,23.5628,2233,0.0672162,0.111838,0.223389,0.177621,0
638799309,chair_2,3.16693,485,0.46763,0.520779,0.640216,0.560768,0
638799404,chair_3,23.5628,2233,0.0672162,0.111838,0.223389,0.177621,0
638799408,chair_2,3.16722,485,0.467613,0.520793,0.639944,0.560654,0
638799504,chair_3,23.5628,2233,0.0672162,0.111838,0.223389,0.177621,0
638799531,chair_2,3.16722,485,0.467613,0.520793,0.639944,0.560654,0
638799604,chair_3,23.5627,2233,0.0672256,0.111835,0.223385,0.177628,0
638799628,chair_2,3.16722,485,0.467613,0.520793,0.639944,0.560654,0
638799705,chair_3,23.5627,2233,0.0672231,0.111836,0.223386,0.177626,0
638799729,chair_2,3.16722,485,0.467613,0.520793,0.639944,0.560654,0
638799806,chair_3,23.5629,2233,0.067213,0.111839,0.22339,0.177619,0
638799842,chair_2,3.16722,485,0.467613,0.520793,0.639944,0.560654,0
638799906,chair_3,23.5628,2233,0.0672192,0.111837,0.223388,0.177623,0
638799934,chair_2,3.16722,485,0.467613,0.520793,0.639944,0.560654,0
638800004,chair_3,23.5627,2233,0.0672233,0.111835,0.223386,0.177626,0
638800029,chair_2,3.16722,485,0.467613,0.520793,0.639944,0.560654,0
638800104,chair_3,23.5629,2233,0.0672132,0.111839,0.22339,0.177619,0
638800138,chair_2,3.16722,485,0.467613,0.520793,0.639944,0.560654,0
638800205,chair_3,23.5628,2233,0.0672197,0.111837,0.223388,0.177624,0
638800229,chair_2,3.16722,485,0.467613,0.520793,0.639944,0.560654,0
638800304,chair_3,23.5627,2233,0.0672239,0.111835,0.223386,0.177627,0
638800333,chair_2,3.16722,485,0.467613,0.520793,0.639944,0.560654,0
638800406,chair_3,23.5629,2233,0.0672132,0.111839,0.22339,0.177619,0
638800438,chair_2,3.16741,485,0.467593,0.520785,0.639629,0.560544,0
638800505,chair_3,23.5628,2233,0.0672193,0.111837,0.223388,0.177623,0
638800536,chair_2,3.16758,485,0.467576,0.520784,0.639389,0.560455,0
638800603,chair_3,23.5628,2233,0.0672226,0.111836,0.223386,0.177626,0
638800627,chair_2,3.16714,485,0.46756,0.520688,0.639174,0.560462,0
638800703,chair_3,23.5629,2233,0.0672114,0.111839,0.223391,0.177618,0
638800730,chair_2,3.16612,485,0.467488,0.519795,0.639079,0.559985,0
638800803,chair_3,23.5628,2233,0.0672156,0.111838,0.223389,0.177621,0
638800827,chair_2,3.16626,485,0.467451,0.519322,0.63883,0.559512,0
638800904,chair_3,23.5627,2233,0.0672257,0.111835,0.223385,0.177628,0
638800929,chair_2,3.16626,485,0.467451,0.519346,0.638996,0.559563,0
638801006,chair_3,23.5628,2233,0.0672224,0.111836,0.223386,0.177626,0
638801016,chair_2,3.16626,485,0.467451,0.519372,0.63918,0.559618,0
638801105,chair_3,23.5628,2233,0.0672224,0.111836,0.223386,0.177626,0
638801111,chair_2,3.16626,485,0.467451,0.5194,0.639368,0.559675,0
638801203,chair_3,23.5628,2233,0.0672224,0.111836,0.223386,0.177626,0
638801208,chair_2,3.16626,485,0.467451,0.519426,0.639552,0.559731,0
638801304,chair_3,23.5628,2233,0.0672224,0.111836,0.223386,0.177626,0
638801308,chair_2,3.16626,485,0.467451,0.519451,0.639727,0.559784,0
638801405,chair_3,23.5628,2233,0.0672223,0.111836,0.223387,0.177626,0
638801412,chair_2,3.16626,485,0.467451,0.519476,0.639898,0.559835,0
638801506,chair_3,23.5628,2233,0.0672224,0.111836,0.223386,0.177626,0
638801510,chair_2,3.15624,485,0.467224,0.517988,0.640067,0.561436,0
638801706,chair_3,23.5628,2233,0.0672224,0.111836,0.223386,0.177626,0
638801712,chair_2,3.14394,485,0.466926,0.516228,0.640862,0.563586,0
638801806,chair_3,23.5628,2233,0.0672224,0.111836,0.223386,0.177626,0
638801848,chair_2,3.1389,485,0.466858,0.515538,0.641623,0.564568,0
638801904,chair_3,23.5628,2233,0.0672182,0.111838,0.223388,0.177623,0
638801929,chair_2,3.1389,485,0.466858,0.515538,0.641623,0.564568,0
638802004,chair_3,23.5627,2233,0.0672253,0.111835,0.223385,0.177628,0
638802029,chair_2,3.1389,485,0.466858,0.515538,0.641623,0.564568,0
638802105,chair_3,23.5628,2233,0.0672195,0.111837,0.223388,0.177624,0
638802130,chair_2,3.1389,485,0.466858,0.515538,0.641623,0.564568,0
638802204,chair_3,23.5627,2233,0.0672278,0.111834,0.223384,0.177629,0
638802229,chair_2,3.1389,485,0.466858,0.515538,0.641623,0.564568,0
638802303,chair_3,23.5628,2233,0.0672214,0.111837,0.223387,0.177625,0
638802327,chair_2,3.1389,485,0.466858,0.515538,0.641623,0.564568,0
638802405,chair_3,23.5627,2233,0.0672294,0.111834,0.223384,0.177631,0
638802430,chair_2,3.1389,485,0.466858,0.515538,0.641623,0.564568,0
638802504,chair_3,23.5628,2233,0.0672224,0.111836,0.223386,0.177626,0
638802535,chair_2,3.1389,485,0.466858,0.515538,0.641623,0.564568,0
638802606,chair_3,23.5629,2233,0.067215,0.111839,0.22339,0.17762,0
638802637,chair_2,3.1389,485,0.466858,0.515538,0.641623,0.564568,0
638802705,chair_3,23.5627,2233,0.067226,0.111835,0.223385,0.177628,0
638802735,chair_2,3.1389,485,0.466858,0.515538,0.641623,0.564568,0
638802806,chair_3,23.5628,2233,0.0672173,0.111838,0.223389,0.177622,0
638802841,chair_2,3.1389,485,0.466858,0.515538,0.641623,0.564568,0
638802905,chair_3,23.5627,2233,0.0672247,0.111835,0.223386,0.177627,0
638802939,chair_2,3.1389,485,0.466858,0.515538,0.641623,0.564568,0
638803003,chair_3,23.5628,2233,0.0672175,0.111838,0.223388,0.177622,0
638803029,chair_2,3.1389,485,0.466858,0.515538,0.641623,0.564568,0
638803103,chair_3,23.5627,2233,0.067225,0.111835,0.223385,0.177627,0
638803134,chair_2,3.1389,485,0.466858,0.515538,0.641623,0.564568,0
638803204,chair_3,23.5628,2233,0.0672158,0.111838,0.223389,0.177621,0
638803230,chair_2,3.1389,485,0.466858,0.515538,0.641623,0.564568,0
638803304,chair_3,23.5627,2233,0.0672229,0.111836,0.223386,0.177626,0
638803308,chair_2,3.1389,485,0.466858,0.515538,0.641623,0.564568,0
638803404,chair_3,23.5627,2233,0.0672229,0.111836,0.223386,0.177626,0
638803408,chair_2,3.1389,485,0.466858,0.515538,0.641623,0.564568,0
638803505,chair_3,23.5627,2233,0.0672229,0.111836,0.223386,0.177626,0
638803536,chair_2,3.1389,485,0.466858,0.515538,0.641623,0.564568,0
638803604,chair_3,23.5628,2233,0.0672175,0.111838,0.223388,0.177622,0
638803633,chair_2,3.1389,485,0.466858,0.515538,0.641623,0.564568,0
638803703,chair_3,23.5627,2233,0.0672247,0.111835,0.223386,0.177627,0
638803738,chair_2,3.1389,485,0.466858,0.515538,0.641623,0.564568,0
638803804,chair_3,23.5628,2233,0.067222,0.111836,0.223387,0.177625,0
638803827,chair_2,3.1389,485,0.466858,0.515538,0.641623,0.564568,0
638803904,chair_3,23.5629,2233,0.0672145,0.111839,0.22339,0.17762,0
638803931,chair_2,3.1389,485,0.466858,0.515538,0.641623,0.564568,0
638804006,chair_3,23.5627,2233,0.0672261,0.111835,0.223385,0.177628,0
638804048,chair_2,3.1389,485,0.466858,0.515538,0.641623,0.564568,0
638804104,chair_3,23.5629,2233,0.0672117,0.11184,0.223391,0.177618,0
638804128,chair_2,3.1389,485,0.466858,0.515538,0.641623,0.564568,0
638804206,chair_3,23.5628,2233,0.0672223,0.111836,0.223387,0.177626,0
638804234,chair_2,3.1389,485,0.466858,0.515538,0.641623,0.564568,0
638804305,chair_3,23.5629,2233,0.0672143,0.111839,0.22339,0.17762,0
638804329,chair_2,3.1389,485,0.466858,0.515538,0.641623,0.564568,0
638804406,chair_3,23.5628,2233,0.0672223,0.111836,0.223387,0.177626,0
638804440,chair_2,3.1389,485,0.466858,0.515538,0.641623,0.564568,0
638804506,chair_3,23.5628,2233,0.0672165,0.111839,0.223389,0.177622,0
638804538,chair_2,3.1389,485,0.466858,0.515538,0.641623,0.564568,0
638804603,chair_3,23.5628,2233,0.0672205,0.111837,0.223387,0.177624,0
638804627,chair_2,3.13559,485,0.466811,0.515099,0.642269,0.565261,0
638804703,chair_3,23.5627,2233,0.0672252,0.111835,0.223385,0.177628,0
638804727,chair_2,3.13456,485,0.466783,0.515089,0.643483,0.565804,0
638804805,chair_3,23.5629,2233,0.0672151,0.111839,0.223389,0.177621,0
638804830,chair_2,3.13255,485,0.466648,0.514849,0.643797,0.566258,0
638804903,chair_3,23.5627,2233,0.0672243,0.111836,0.223386,0.177627,0
638804927,chair_2,3.13193,485,0.466654,0.51488,0.644931,0.566696,0
638805003,chair_3,23.5628,2233,0.0672175,0.111838,0.223388,0.177622,0
638805007,chair_2,3.12971,485,0.466266,0.514727,0.645577,0.567423,0
638805104,chair_3,23.5628,2233,0.0672176,0.111838,0.223388,0.177622,0
638805130,chair_2,3.12944,485,0.46626,0.514663,0.645383,0.567406,0
638805204,chair_3,23.5625,2233,0.0672393,0.111831,0.22338,0.177638,0
638805229,chair_2,3.13048,485,0.466322,0.514856,0.645785,0.567348,0
638805305,chair_3,23.5627,2209,0.0916215,0.138727,0.249799,0.200056,0
638805336,chair_2,3.13085,480,0.478429,0.525169,0.654082,0.576391,0
638805405,chair_3,23.5638,2115,0.108222,0.158871,0.2669,0.213077,0
638805457,chair_2,3.12933,480,0.484398,0.530397,0.658453,0.580628,0
638805504,chair_3,23.5638,1883,0.0936865,0.144532,0.252174,0.19821,0
638805530,chair_2,3.1267,467,0.474665,0.519659,0.64816,0.572596,0
638805604,chair_3,23.5634,1755,0.0904395,0.130866,0.250845,0.200007,0
638805631,chair_2,3.12537,461,0.492464,0.53274,0.65906,0.586423,0
638805703,chair_3,23.5627,1436,0.0638081,0.112805,0.228584,0.170067,0
638805728,chair_2,3.12284,457,0.519925,0.553613,0.675928,0.608795,0
638805805,chair_3,23.5622,1409,0.0700124,0.104306,0.230764,0.178194,0
638805834,chair_2,3.12284,440,0.523427,0.558162,0.685348,0.617421,0
638805907,chair_3,23.5635,1292,0.0581976,0.112041,0.219613,0.170033,0
638805942,chair_2,3.12284,439,0.526925,0.562455,0.693285,0.623909,0
638806005,chair_3,23.5626,1170,0.0554956,0.107378,0.219272,0.168507,0
638806032,chair_2,3.11892,443,0.499151,0.538615,0.674776,0.602611,0
638806105,chair_3,23.5618,1050,0.0527072,0.0827911,0.21919,0.169816,0
638806138,chair_2,3.11892,426,0.49801,0.53513,0.667722,0.593792,0
638806205,chair_3,23.5598,949,0.06293,0.113111,0.225941,0.172854,0
638806232,chair_2,3.11679,415,0.462683,0.49989,0.638912,0.566866,0
638806303,chair_3,23.5576,743,0.271891,0.254207,0.41578,0.399646,90
638806330,chair_2,3.12101,419,0.501088,0.537212,0.667517,0.593672,0
638806403,chair_3,23.5576,739,0.0535166,0.0909832,0.217874,0.180355,0
638806446,chair_2,3.12101,410,0.518801,0.551146,0.683938,0.615653,0
638806511,chair_3,23.5577,606,0.171097,0.215864,0.34042,0.282678,0
638806557,chair_2,3.12101,395,0.52832,0.556877,0.691968,0.624866,0
638806604,chair_3,23.5589,627,0.0514993,0.0548239,0.218293,0.185641,0
638806631,chair_2,3.12101,375,0.533282,0.56524,0.703636,0.630092,0
638806703,chair_3,23.5588,536,0.174737,0.15986,0.33216,0.316844,90
638806736,chair_2,3.11805,356,0.520301,0.550651,0.68832,0.616463,0
638806806,chair_3,23.5594,485,0.0513537,0.039118,0.219086,0.201876,90
638806838,chair_2,3.11805,343,0.5004,0.529224,0.671672,0.597517,0
638806903,chair_3,25.1302,455,0.0628145,0.220431,0.20796,0.0513892,270
638806933,chair_2,3.11433,331,0.470706,0.500585,0.646964,0.573023,0
638807005,chair_3,29.8447,400,0.0449372,0.0265984,0.226861,0.217144,90
638807054,chair_2,3.10974,327,0.446427,0.475284,0.622039,0.548898,0
638807105,chair_3,31.4155,354,0.0480349,0.222432,0.227466,0.0452756,270
638807160,chair_2,3.10917,321,0.391077,0.421223,0.572492,0.499667,0
638807205,chair_3,31.4155,328,0.0229162,0.222552,0.224811,0.0420011,0
638807242,chair_2,3.10858,320,0.383628,0.410599,0.551674,0.48141,0
638807303,chair_3,31.4155,311,0.120934,0.284864,0.295734,0.125285,0
638807328,chair_2,3.10858,316,0.313354,0.358585,0.512553,0.425758,0
638807404,chair_3,31.4152,327,0.0469688,0.220681,0.22689,0.0436999,270
638807432,chair_2,3.11395,303,0.318734,0.35447,0.507252,0.430763,0
638807505,chair_3,31.4152,359,0.0649515,0.224049,0.192538,0.0370361,270
638807556,chair_2,3.116,297,0.353131,0.378967,0.5142,0.444497,0
638807603,chair_3,36.1307,354,0.0378075,0.0592674,0.222275,0.190611,0
638807633,chair_2,3.116,299,0.322025,0.34968,0.491223,0.419851,0
638807705,chair_3,36.1311,352,0.0400186,0.0797139,0.221613,0.19209,0
638807753,chair_2,3.116,279,0.286904,0.319382,0.466293,0.392081,0
638807807,chair_3,36.1312,351,0.0394005,0.0806924,0.220095,0.188757,0
638807835,chair_2,3.116,282,0.268053,0.301341,0.453201,0.373113,0
638807907,chair_3,36.131,353,0.0328441,0.0696943,0.22106,0.180307,0
638807942,chair_2,3.116,282,0.274888,0.299406,0.448195,0.376642,0
638808006,chair_3,36.1305,354,0.0361334,0.08692,0.222229,0.182147,0
638808039,chair_2,3.116,267,0.207188,0.238639,0.406547,0.333722,0
638808105,chair_3,36.1308,364,0.0421784,0.0627598,0.219136,0.184508,0
638808163,chair_2,3.116,269,0.190343,0.231734,0.401415,0.318951,0
638808203,chair_3,36.1296,360,0.0405404,0.0655164,0.220324,0.18411,0
638808230,chair_2,3.116,265,0.189023,0.229994,0.401029,0.319315,0
638808312,chair_3,36.129,363,0.0394374,0.0665863,0.220746,0.185186,0
638808377,chair_2,3.116,265,0.18671,0.227561,0.400185,0.319319,0
638808403,chair_3,36.1283,362,0.0481873,0.0723244,0.221859,0.19242,0
638808436,chair_2,3.116,265,0.152538,0.194562,0.375131,0.297265,0
638808503,chair_3,36.1281,344,0.0798913,0.0908077,0.224048,0.209745,0
638808532,chair_2,3.116,262,0.20095,0.264322,0.436528,0.351605,0
638808605,chair_3,36.1292,351,0.0617562,0.0768034,0.223322,0.202969,0
638808635,chair_2,3.116,279,0.205729,0.263175,0.427766,0.341704,0
638808708,chair_3,36.1292,355,0.0863938,0.0991919,0.231412,0.220125,0
638808742,chair_2,3.116,280,0.18736,0.26199,0.437379,0.346809,0
638808804,chair_3,36.1292,353,0.0637718,0.0685974,0.227942,0.220515,0
638808843,chair_2,3.116,299,0.233603,0.287959,0.465047,0.382815,0
638808906,chair_3,36.1292,329,0.102349,0.0942565,0.242026,0.24977,90
638808940,chair_2,3.116,302,0.211738,0.286912,0.472266,0.386847,0
638809008,chair_3,36.1292,330,0.0980097,0.0813627,0.236387,0.248216,90
638809052,chair_2,3.116,307,0.236297,0.308476,0.490163,0.39935,0
638809105,chair_3,37.7,231,0.692982,0.813901,0.788579,0.66905,270
638809140,chair_2,3.116,335,0.348212,0.397047,0.57627,0.49866,0
638809202,chair_3,37.6991,457,0.0750341,0.231749,0.227923,0.0754918,0
638809229,chair_2,3.116,331,0.377452,0.430039,0.607587,0.527082,0
638809304,chair_3,37.6991,630,0.117639,0.241677,0.234371,0.106503,270
638809328,chair_2,3.116,380,0.390674,0.470512,0.640569,0.55888,0
638809403,chair_3,37.6991,725,0.0800574,0.224684,0.19571,0.0563934,270
638809429,chair_2,3.116,392,0.452708,0.496024,0.658612,0.580139,0
638809505,chair_3,42.4112,818,0.0652923,0.0910969,0.226703,0.20229,0
638809542,chair_2,3.116,405,0.416601,0.465882,0.634071,0.555645,0
638809605,chair_3,42.4107,973,0.0869727,0.113529,0.240895,0.219843,0
638809635,chair_2,3.116,413,0.389996,0.450531,0.62244,0.537534,0
638809705,chair_3,42.4093,1114,0.0695141,0.100249,0.234743,0.20382,0
638809752,chair_2,3.116,434,0.45454,0.499779,0.655328,0.581125,0
638809805,chair_3,42.4075,1208,0.0700863,0.092533,0.222904,0.196903,0
638809865,chair_2,3.116,432,0.451011,0.499854,0.654774,0.578322,0
638809905,chair_3,42.4063,1262,0.05956,0.0903365,0.231836,0.18916,0
638809952,chair_2,3.116,437,0.477242,0.511427,0.659675,0.591217,0
638810004,chair_3,42.406,1261,0.0625205,0.0895664,0.230483,0.187122,0
638810041,chair_2,3.116,441,0.490637,0.526197,0.671892,0.599304,0
638810103,chair_3,42.4066,1257,0.0532978,0.0807429,0.221945,0.178367,0
638810127,chair_2,3.116,443,0.48884,0.524647,0.670318,0.596942,0
638810204,chair_3,42.4073,1256,0.0532955,0.0806342,0.221543,0.177888,0
638810230,chair_2,3.116,433,0.483956,0.520189,0.66692,0.592265,0
638810303,chair_3,42.4078,1256,0.0532268,0.0806186,0.221549,0.177863,0
638810330,chair_2,3.116,434,0.483122,0.519382,0.66641,0.591422,0
638810405,chair_3,42.4083,1256,0.0531615,0.0805922,0.221565,0.177841,0
638810433,chair_2,3.116,434,0.48312,0.519381,0.666409,0.591422,0
638810505,chair_3,42.4088,1256,0.0531129,0.080567,0.22158,0.177825,0
638810545,chair_2,3.116,433,0.483995,0.520112,0.667466,0.592497,0
638810603,chair_3,42.4095,1256,0.0530442,0.0805362,0.221603,0.177788,0
638810630,chair_2,3.116,433,0.483995,0.520112,0.667466,0.592497,0
638810704,chair_3,42.4107,1256,0.0528447,0.0805057,0.221615,0.177695,0
638810730,chair_2,3.116,433,0.483995,0.520112,0.667466,0.592497,0
638810804,chair_3,42.4122,1256,0.0526156,0.0804624,0.221635,0.177589,0
638810833,chair_2,3.116,433,0.483995,0.520112,0.667466,0.592497,0
638810905,chair_3,42.4131,1256,0.052422,0.0804539,0.221628,0.177502,0
638810930,chair_2,3.116,433,0.483995,0.520112,0.667466,0.592497,0
638811005,chair_3,42.4136,1256,0.0523205,0.0804511,0.221623,0.177459,0
638811033,chair_2,3.116,433,0.483995,0.520112,0.667466,0.592497,0
638811106,chair_3,42.4139,1253,0.0522466,0.0803463,0.221315,0.177139,0
638811133,chair_2,3.116,433,0.483995,0.520112,0.667466,0.592497,0
638811206,chair_3,42.4142,1253,0.0520557,0.080385,0.221242,0.177036,0
638811245,chair_2,3.11967,433,0.484603,0.520547,0.667675,0.591784,0
638811304,chair_3,42.4147,1247,0.0518502,0.0803726,0.221148,0.176832,0
638811335,chair_2,3.12227,433,0.484875,0.520913,0.667955,0.591413,0
638811404,chair_3,42.4157,1247,0.0517566,0.0803296,0.221179,0.17678,0
638811438,chair_2,3.12313,433,0.485052,0.521027,0.668315,0.591342,0
638811503,chair_3,42.4162,1247,0.0516892,0.0829426,0.221187,0.176323,0
638811530,chair_2,3.12403,433,0.485207,0.521147,0.668597,0.591248,0
638811606,chair_3,42.4178,1247,0.0515477,0.0844029,0.221235,0.176242,0
638811632,chair_2,3.12523,433,0.485178,0.521366,0.668752,0.59117,0
638811703,chair_3,42.4187,1247,0.0514585,0.0858809,0.221266,0.176191,0
638811732,chair_2,3.12792,433,0.485249,0.521782,0.668611,0.590733,0
638811805,chair_3,42.4191,1247,0.0514276,0.0861935,0.221276,0.176173,0
638811834,chair_2,3.12885,433,0.485234,0.521934,0.668494,0.590579,0
638811903,chair_3,42.4195,1247,0.0513954,0.0869411,0.22129,0.176153,0
638811948,chair_2,3.12985,433,0.485214,0.522097,0.668366,0.590415,0
638812004,chair_3,42.4208,1247,0.0512781,0.098476,0.221325,0.175649,0
638812056,chair_2,3.13078,433,0.485195,0.522249,0.668238,0.59026,0
638812103,chair_3,42.4212,1247,0.0512454,0.0988542,0.221339,0.175628,0
638812128,chair_2,3.13303,433,0.485321,0.522583,0.668204,0.589889,0
638812203,chair_3,42.4216,1247,0.0512123,0.0992052,0.221352,0.175607,0
638812229,chair_2,3.13391,433,0.485407,0.5227,0.668169,0.589717,0
638812304,chair_3,42.4221,1247,0.0511656,0.0997693,0.221368,0.17558,0
638812333,chair_2,3.1351,433,0.485504,0.522863,0.668086,0.58948,0
638812404,chair_3,42.4226,1247,0.0511199,0.100276,0.221384,0.175554,0
638812429,chair_2,3.13559,433,0.485582,0.522916,0.668038,0.589357,0
638812503,chair_3,42.4232,1247,0.0510656,0.100736,0.221402,0.175522,0
638812508,chair_2,3.13583,433,0.485654,0.522929,0.667979,0.589265,0
638812604,chair_3,42.4232,1247,0.0510656,0.100736,0.221402,0.175522,0
638812608,chair_2,3.1361,433,0.485671,0.52229,0.667885,0.588694,0
638812705,chair_3,42.4232,1247,0.0510656,0.100736,0.221402,0.175522,0
638812712,chair_2,3.1361,433,0.485671,0.52229,0.667885,0.588694,0
638812804,chair_3,42.4232,1247,0.0510656,0.100736,0.221402,0.175522,0
638812809,chair_2,3.1361,433,0.485671,0.52229,0.667885,0.588694,0
638812906,chair_3,42.4232,1247,0.0510656,0.100736,0.221402,0.175522,0
638812912,chair_2,3.1361,433,0.485671,0.52229,0.667885,0.588694,0
638813005,chair_3,42.4232,1247,0.0510652,0.100736,0.221402,0.175522,0
638813012,chair_2,3.1361,433,0.485671,0.52229,0.667885,0.588694,0
638813105,chair_3,42.4232,1247,0.0510652,0.100736,0.221402,0.175522,0
638813111,chair_2,3.1361,433,0.485671,0.52229,0.667885,0.588694,0
638813204,chair_3,42.4232,1247,0.0510656,0.100736,0.221402,0.175522,0
638813208,chair_2,3.1361,433,0.485671,0.52229,0.667885,0.588694,0
638813305,chair_3,42.4232,1247,0.0510656,0.100736,0.221402,0.175522,0
638813309,chair_2,3.1361,433,0.485671,0.52229,0.667885,0.588694,0
638813403,chair_3,42.4232,1247,0.0510656,0.100736,0.221402,0.175522,0
638813433,chair_2,3.1361,433,0.485671,0.52229,0.667885,0.588694,0
638813505,chair_3,42.4235,1247,0.0510442,0.104849,0.221405,0.175091,0
638813538,chair_2,3.1361,433,0.485671,0.52229,0.667885,0.588694,0
638813604,chair_3,42.4235,1247,0.0510557,0.104928,0.221645,0.175291,0
638813628,chair_2,3.1361,433,0.485671,0.52229,0.667885,0.588694,0
638813806,chair_3,42.4246,1247,0.0509528,0.105061,0.221681,0.175229,0
638813835,chair_2,3.1361,433,0.485671,0.52229,0.667885,0.588694,0
638813904,chair_3,42.4272,1247,0.0507233,0.105136,0.221759,0.175091,0
638813928,chair_2,3.1361,433,0.485671,0.52229,0.667885,0.588694,0
638814006,chair_3,42.4287,1247,0.0505962,0.105188,0.221802,0.175015,0
638814034,chair_2,3.1361,433,0.485671,0.52229,0.667885,0.588694,0
638814105,chair_3,42.4309,1247,0.0503981,0.105252,0.221869,0.174895,0
638814152,chair_2,3.1361,433,0.485671,0.52229,0.667885,0.588694,0
638814204,chair_3,42.4306,1250,0.050432,0.105137,0.221644,0.174757,0
638814229,chair_2,3.1361,433,0.485671,0.52229,0.667885,0.588694,0
638814305,chair_3,42.4311,1181,0.0448702,0.106831,0.222931,0.165767,0
638814334,chair_2,3.1361,440,0.513883,0.544158,0.681285,0.609092,0
638814403,chair_3,42.4277,1083,0.0533885,0.112958,0.228543,0.170721,0
638814428,chair_2,3.1361,430,0.508253,0.539772,0.677756,0.601304,0
638814504,chair_3,42.427,1028,0.046397,0.105556,0.220405,0.171116,0
638814530,chair_2,3.1361,419,0.496284,0.526393,0.668922,0.589617,0
638814604,chair_3,42.4257,924,0.0549779,0.114607,0.233744,0.177623,0
638814629,chair_2,3.1361,426,0.466033,0.498527,0.639917,0.560139,0
638814705,chair_3,42.4227,747,0.0440983,0.0701775,0.219288,0.177187,0
638814746,chair_2,3.1361,406,0.525369,0.54889,0.684947,0.615712,0
638814806,chair_3,42.4229,612,0.0417982,0.0856877,0.220144,0.18755,0
638814842,chair_2,3.1361,369,0.523878,0.553428,0.694674,0.617275,0
638814905,chair_3,42.4229,553,0.0446426,0.079012,0.221001,0.192779,0
638814912,chair_2,3.1361,352,0.498147,0.530929,0.680427,0.600892,0
638815005,chair_3,42.4229,482,0.0385245,0.0613564,0.225067,0.196407,0
638815036,chair_2,3.1361,344,0.517026,0.539393,0.677678,0.605873,0
638815104,chair_3,42.4229,423,0.0381996,0.0598058,0.223516,0.21587,0
638815130,chair_2,3.1361,339,0.450112,0.478963,0.627128,0.550825,0
638815203,chair_3,42.4229,312,0.360069,0.368058,0.542844,0.53723,0
638815246,chair_2,3.1361,324,0.406474,0.428399,0.568745,0.498729,0
638815304,chair_3,42.4229,295,0.33938,0.323847,0.52263,0.523412,90
638815334,chair_2,3.1361,314,0.371939,0.397398,0.546117,0.473562,0
638815403,chair_3,42.4205,327,0.0330778,0.00668764,0.222647,0.225052,90
638815434,chair_2,3.1361,303,0.33664,0.366005,0.515015,0.438109,0
638815504,chair_3,43.9913,358,0.0733388,0.225575,0.19726,0.0312605,270
638815528,chair_2,3.1361,297,0.305154,0.339917,0.489272,0.410493,0
638815604,chair_3,48.7049,362,0.0297631,0.0466138,0.22361,0.192388,0
638815631,chair_2,3.1361,285,0.307576,0.3374,0.484167,0.409177,0
638815707,chair_3,48.7053,280,0.396665,0.437617,0.557562,0.508412,0
638815741,chair_2,3.1361,274,0.279783,0.309349,0.45043,0.374291,0
638815807,chair_3,48.7045,350,0.0304995,0.0849557,0.221131,0.182773,0
638815858,chair_2,3.1361,282,0.218277,0.254993,0.421565,0.339178,0
638815903,chair_3,48.7045,361,0.0224254,0.0778113,0.222611,0.171576,0
638815930,chair_2,3.1361,265,0.253677,0.276542,0.429571,0.356609,0
638816003,chair_3,48.7028,360,0.0217768,0.0876861,0.223448,0.166102,0
638816045,chair_2,3.1361,265,0.198608,0.220261,0.37309,0.302364,0
638816108,chair_3,48.7015,360,0.024579,0.100004,0.225895,0.174216,0
638816145,chair_2,3.1361,254,0.165916,0.195878,0.356696,0.280219,0
638816206,chair_3,48.698,366,0.0216808,0.106402,0.221825,0.16123,0
638816232,chair_2,3.1361,263,0.149987,0.179923,0.338599,0.260752,0
638816305,chair_3,48.6976,333,0.0394116,0.113692,0.21482,0.147768,0
638816336,chair_2,3.1361,251,0.126304,0.163059,0.328382,0.246355,0
638816405,chair_3,48.6969,364,0.0325905,0.108099,0.223266,0.16206,0
638816434,chair_2,3.1361,242,0.129402,0.162138,0.326708,0.250807,0
638816508,chair_3,48.6972,360,0.0277288,0.0815938,0.224049,0.173444,0
638816567,chair_2,3.1361,248,0.121035,0.154825,0.321209,0.24823,0
638816603,chair_3,48.6969,364,0.0624078,0.0867136,0.214263,0.16863,0
638816633,chair_2,3.1361,235,0.105554,0.16194,0.320731,0.220428,0
638816704,chair_3,48.6971,363,0.0403087,0.0913442,0.224221,0.177751,0
638816734,chair_2,3.1361,239,0.0890253,0.138106,0.313433,0.230045,0
638816806,chair_3,48.6964,364,0.0404146,0.0909995,0.22448,0.17839,0
638816840,chair_2,3.1361,245,0.096905,0.142928,0.313522,0.234085,0
638816903,chair_3,48.6956,363,0.0404891,0.0912667,0.224412,0.178164,0
638816931,chair_2,3.1361,246,0.0981503,0.143664,0.313577,0.234758,0
638817004,chair_3,48.6929,363,0.0408344,0.0914764,0.224644,0.17857,0
638817029,chair_2,3.1361,246,0.0981482,0.143658,0.313567,0.23475,0
638817105,chair_3,48.6927,365,0.0410127,0.0915416,0.22429,0.178172,0
638817156,chair_2,3.1361,246,0.0981486,0.143658,0.313567,0.234749,0
638817210,chair_3,48.6914,365,0.0408648,0.0914162,0.224133,0.177889,0
638817261,chair_2,3.1361,246,0.0981486,0.143659,0.313567,0.234749,0
638817304,chair_3,48.69,363,0.0410647,0.0912829,0.224333,0.178306,0
638817331,chair_2,3.1361,246,0.0981496,0.143659,0.313568,0.234751,0
638817404,chair_3,48.6895,363,0.04113,0.0913881,0.224602,0.17857,0
638817438,chair_2,3.1361,246,0.0981499,0.143659,0.313568,0.234751,0
638817504,chair_3,48.6894,364,0.0413013,0.0913158,0.224457,0.178521,0
638817530,chair_2,3.1361,246,0.0981498,0.143659,0.313568,0.234751,0
638817605,chair_3,48.6885,363,0.0410517,0.0913091,0.224678,0.178511,0
638817636,chair_2,3.14733,246,0.0988422,0.145775,0.313261,0.232984,0
638817703,chair_3,48.688,363,0.0412007,0.0911275,0.22415,0.178119,0
638817733,chair_2,3.14953,246,0.098973,0.146209,0.312745,0.232488,0
638817805,chair_3,48.6874,367,0.0493019,0.0945132,0.223829,0.183085,0
638817852,chair_2,3.15184,239,0.0780755,0.136256,0.309106,0.218027,0
638817905,chair_3,48.6865,376,0.0504722,0.0991135,0.229092,0.194252,0
638817939,chair_2,3.15405,240,0.070287,0.124368,0.304487,0.226401,0
638818003,chair_3,48.6867,377,0.0611726,0.103257,0.230172,0.201091,0
638818032,chair_2,3.15761,241,0.0545229,0.116373,0.304446,0.221283,0
638818106,chair_3,48.6856,372,0.0666281,0.106379,0.228216,0.198976,0
638818161,chair_2,3.15629,242,0.0512808,0.109557,0.301634,0.223587,0
638818203,chair_3,48.6844,381,0.0728231,0.10936,0.231534,0.206997,0
638818228,chair_2,3.14985,258,0.0394059,0.114013,0.301412,0.211543,0
638818310,chair_3,48.6836,379,0.0704235,0.107212,0.22663,0.199857,0
638818340,chair_2,3.14703,256,0.0413113,0.117728,0.301824,0.207718,0
638818403,chair_3,48.682,389,0.0434953,0.0876395,0.223467,0.179678,0
638818429,chair_2,3.14405,259,0.0915854,0.141742,0.306631,0.224611,0
638818503,chair_3,48.6816,384,0.0722547,0.105654,0.228781,0.205709,0
638818538,chair_2,3.14618,265,0.0415421,0.118639,0.294685,0.202185,0
638818603,chair_3,48.6812,339,0.263817,0.264741,0.399746,0.404859,0
638818609,chair_2,3.14574,272,0.0962396,0.175182,0.358439,0.278173,0
638818705,chair_3,48.6812,360,0.0922181,0.103447,0.234492,0.232123,0
638818713,chair_2,3.13434,284,0.109658,0.191834,0.378457,0.291676,0
638818803,chair_3,48.6812,380,0.0799024,0.100461,0.230193,0.21723,0
638818807,chair_2,3.13398,298,0.151275,0.224985,0.407234,0.312641,0
638818907,chair_3,48.6812,369,0.083976,0.101833,0.234251,0.221141,0
638818913,chair_2,3.13454,285,0.191921,0.266674,0.449537,0.352366,0
638819005,chair_3,48.6812,370,0.303251,0.295127,0.445679,0.456251,90
638819011,chair_2,3.1336,286,0.25533,0.31499,0.501771,0.40978,0
638819103,chair_3,48.6812,357,0.105161,0.0999055,0.241905,0.248137,90
638819107,chair_2,3.1336,295,0.213308,0.294957,0.477927,0.385966,0
638819206,chair_3,48.6812,340,0.106505,0.0907741,0.240826,0.256387,90
638819215,chair_2,3.1336,302,0.227473,0.309113,0.493192,0.396134,0
638819304,chair_3,48.6812,283,0.656157,0.642149,0.762521,0.774498,90
638819311,chair_2,3.1336,327,0.269185,0.350147,0.528307,0.425705,0
638819406,chair_3,48.6812,375,0.0766351,0.059761,0.230667,0.243108,90
638819414,chair_2,3.1336,332,0.335404,0.392965,0.570596,0.478931,0
638819506,chair_3,50.252,460,0.0774695,0.229593,0.237537,0.0867116,0
638819550,chair_2,3.1336,351,0.380981,0.446194,0.619685,0.522618,0
638819603,chair_3,50.2505,548,0.0894584,0.230581,0.22592,0.0839877,270
638819628,chair_2,3.1336,377,0.417732,0.478037,0.650084,0.559642,0
638819703,chair_3,50.2495,592,0.0822327,0.224467,0.215306,0.0754547,270
638819728,chair_2,3.1336,388,0.440977,0.492204,0.661602,0.576021,0
638819804,chair_3,50.2495,705,0.114228,0.233208,0.228546,0.104587,270
638819828,chair_2,3.1336,408,0.340404,0.424882,0.593084,0.501561,0
638819903,chair_3,50.2495,746,0.0907226,0.224307,0.206595,0.0726818,270
638819928,chair_2,3.1336,400,0.395928,0.445706,0.618482,0.536549,0
638820005,chair_3,54.9657,744,0.054341,0.0689916,0.218638,0.191014,0
638820044,chair_2,3.1336,402,0.429813,0.46779,0.628309,0.549639,0
638820105,chair_3,54.9657,743,0.0542884,0.0687669,0.21858,0.191225,0
638820141,chair_2,3.1336,399,0.432378,0.470037,0.631493,0.552602,0
638820204,chair_3,54.9657,743,0.0542132,0.0689266,0.21881,0.191316,0
638820229,chair_2,3.1336,399,0.439215,0.476886,0.63777,0.558977,0
638820304,chair_3,54.9669,741,0.0538298,0.0685684,0.218978,0.19117,0
638820327,chair_2,3.1336,399,0.439211,0.476884,0.637769,0.558975,0
638820405,chair_3,54.97,740,0.0529128,0.0668444,0.219976,0.192626,0
638820432,chair_2,3.1336,399,0.439212,0.476884,0.637769,0.558975,0
638820503,chair_3,54.9708,740,0.0526168,0.0667362,0.219541,0.192133,0
638820560,chair_2,3.1336,399,0.439207,0.476879,0.637765,0.558971,0
638820605,chair_3,54.9708,740,0.0528517,0.0680194,0.218627,0.190299,0
638820632,chair_2,3.1336,399,0.439212,0.476884,0.637769,0.558975,0
638820705,chair_3,54.9708,740,0.0526336,0.0668331,0.219945,0.192554,0
638820734,chair_2,3.1336,399,0.439212,0.476884,0.637769,0.558975,0
638820803,chair_3,54.9724,740,0.052654,0.0677956,0.218485,0.190022,0
638820828,chair_2,3.1336,399,0.439212,0.476884,0.637769,0.558975,0
638820904,chair_3,54.9724,740,0.0526633,0.0678395,0.218659,0.1902,0
638820929,chair_2,3.1336,399,0.439208,0.47688,0.637765,0.558971,0
638821003,chair_3,54.9738,741,0.0524604,0.0677174,0.2187,0.19018,0
638821034,chair_2,3.1336,399,0.439211,0.476883,0.637769,0.558975,0
638821105,chair_3,54.9751,740,0.0523677,0.0676207,0.218909,0.190238,0
638821132,chair_2,3.1336,399,0.43921,0.476883,0.637769,0.558975,0
638821203,chair_3,54.9774,739,0.052186,0.0673107,0.219026,0.190118,0
638821228,chair_2,3.1336,399,0.439212,0.476884,0.637769,0.558975,0
638821305,chair_3,54.9783,740,0.0520572,0.067211,0.21898,0.190045,0
638821350,chair_2,3.1336,399,0.439213,0.476885,0.637769,0.558975,0
638821403,chair_3,54.9797,740,0.0518484,0.0671598,0.219263,0.190224,0
638821432,chair_2,3.1336,399,0.439213,0.476885,0.637769,0.558975,0
638821504,chair_3,54.9804,739,0.0516135,0.0671915,0.219079,0.19004,0
638821533,chair_2,3.1336,399,0.439213,0.476885,0.637769,0.558975,0
638821605,chair_3,54.9812,740,0.0515072,0.0671061,0.219042,0.189987,0
638821641,chair_2,3.1336,399,0.439213,0.476885,0.637769,0.558975,0
638821705,chair_3,54.9839,740,0.0510955,0.0669538,0.219373,0.190114,0
638821739,chair_2,3.1336,399,0.439213,0.476885,0.637769,0.558975,0
638821805,chair_3,54.9842,739,0.0510817,0.0668524,0.219198,0.189873,0
638821835,chair_2,3.1336,399,0.439213,0.476885,0.637769,0.558975,0
638821905,chair_3,54.9862,740,0.050778,0.0667309,0.219254,0.189816,0
638821940,chair_2,3.1336,399,0.439213,0.476885,0.637769,0.558975,0
638822005,chair_3,54.9889,740,0.0503526,0.0665552,0.219524,0.189877,0
638822037,chair_2,3.1336,399,0.439213,0.476885,0.637769,0.558975,0
638822104,chair_3,54.989,740,0.0503889,0.0665342,0.219631,0.189973,0
638822129,chair_2,3.1336,399,0.439213,0.476885,0.637769,0.558975,0
638822205,chair_3,54.9891,740,0.0503672,0.0664412,0.21932,0.189654,0
638822242,chair_2,3.1336,399,0.439213,0.476885,0.637769,0.558975,0
638822305,chair_3,54.99,743,0.0502841,0.0665658,0.219682,0.190066,0
638822339,chair_2,3.1336,399,0.439213,0.476885,0.637769,0.558975,0
638822405,chair_3,54.9882,740,0.0500209,0.0663774,0.219568,0.189764,0
638822435,chair_2,3.1336,399,0.439213,0.476885,0.637769,0.558975,0
638822505,chair_3,54.988,740,0.0499837,0.0662985,0.219219,0.189403,0
638822541,chair_2,3.1336,399,0.439213,0.476885,0.637769,0.558975,0
638822609,chair_3,54.989,740,0.0498418,0.066274,0.219461,0.18957,0
638822647,chair_2,3.1336,399,0.439213,0.476885,0.637769,0.558975,0
638822704,chair_3,54.9889,739,0.0499444,0.0661465,0.219254,0.189322,0
638822741,chair_2,3.1336,399,0.439213,0.476885,0.637769,0.558975,0
638822805,chair_3,54.9894,740,0.0498833,0.066086,0.21922,0.189292,0
638822834,chair_2,3.1336,399,0.439213,0.476885,0.637769,0.558975,0
638822905,chair_3,54.9909,740,0.0496687,0.0660495,0.219593,0.189553,0
638822932,chair_2,3.1336,399,0.439213,0.476885,0.637769,0.558975,0
638823003,chair_3,54.9898,739,0.0497511,0.06624,0.219272,0.189387,0
638823029,chair_2,3.1336,399,0.439213,0.476885,0.637769,0.558975,0
638823103,chair_3,54.9901,740,0.0497103,0.0661908,0.219238,0.189366,0
638823126,chair_2,3.1336,399,0.439213,0.476885,0.637769,0.558975,0
638823205,chair_3,54.9916,740,0.0497696,0.0659518,0.219646,0.189644,0
638823238,chair_2,3.13399,399,0.43923,0.476912,0.637224,0.558714,0
638823303,chair_3,54.9911,739,0.0497242,0.0660283,0.219406,0.189476,0
638823328,chair_2,3.13456,399,0.439255,0.476978,0.636852,0.55849,0
638823405,chair_3,54.9922,740,0.0498302,0.0657555,0.219555,0.189564,0
638823439,chair_2,3.1358,399,0.43931,0.477215,0.637557,0.558567,0
638823503,chair_3,54.9935,740,0.0499091,0.0655035,0.219838,0.189733,0
638823528,chair_2,3.13614,399,0.439325,0.477253,0.637322,0.558429,0
638823605,chair_3,54.9926,740,0.0499529,0.0651693,0.219555,0.189362,0
638823643,chair_2,3.13643,399,0.439338,0.47728,0.637037,0.558281,0
638823705,chair_3,54.993,740,0.0499023,0.0651834,0.219744,0.18952,0
638823731,chair_2,3.13683,399,0.439356,0.477374,0.637543,0.558408,0
638823804,chair_3,54.9927,739,0.0499225,0.0651719,0.219531,0.189293,0
638823829,chair_2,3.13735,399,0.439379,0.477442,0.637326,0.55825,0
638823906,chair_3,54.993,740,0.0501189,0.0649963,0.219627,0.189398,0
638823935,chair_2,3.1377,399,0.439394,0.477479,0.637053,0.558098,0
638824006,chair_3,54.9936,740,0.0503354,0.064802,0.219964,0.189673,0
638824039,chair_2,3.13795,399,0.439405,0.47753,0.637228,0.558123,0
638824105,chair_3,54.9933,739,0.0503587,0.0648008,0.219807,0.189501,0
638824138,chair_2,3.13827,399,0.439419,0.477566,0.636998,0.557991,0
638824204,chair_3,54.9937,740,0.0499904,0.0647478,0.219698,0.189484,0
638824231,chair_2,3.13884,399,0.437563,0.478211,0.636619,0.558828,0
638824304,chair_3,54.9959,740,0.0496585,0.0646622,0.219971,0.189588,0
638824328,chair_2,3.14134,399,0.437672,0.478597,0.636492,0.558409,0
638824404,chair_3,54.9956,739,0.0496799,0.0646473,0.219753,0.189356,0
638824427,chair_2,3.14629,399,0.437888,0.479364,0.636321,0.557607,0
638824505,chair_3,54.9959,740,0.0498548,0.064475,0.219779,0.189396,0
638824511,chair_2,3.15035,399,0.438064,0.479971,0.635864,0.556833,0
638824605,chair_3,54.9959,740,0.0498548,0.064475,0.219779,0.189396,0
638824612,chair_2,3.15379,399,0.438212,0.480476,0.635317,0.55612,0
638824805,chair_3,54.9959,740,0.0498547,0.0644748,0.219779,0.189395,0
638824812,chair_2,3.15379,399,0.438213,0.480476,0.635317,0.55612,0
638824905,chair_3,54.9959,740,0.0498548,0.064475,0.219779,0.189396,0
638824910,chair_2,3.15379,399,0.438212,0.480476,0.635317,0.55612,0
638825005,chair_3,54.9959,740,0.0498548,0.064475,0.219779,0.189396,0
638825013,chair_2,3.15379,399,0.438212,0.480476,0.635317,0.55612,0
638825105,chair_3,54.9959,740,0.0498548,0.064475,0.219779,0.189396,0
638825112,chair_2,3.15379,399,0.438212,0.480476,0.635317,0.55612,0
638825204,chair_3,54.9959,740,0.0498548,0.064475,0.219779,0.189396,0
638825209,chair_2,3.15379,399,0.438212,0.480476,0.635317,0.55612,0
638825305,chair_3,54.9959,740,0.0498548,0.064475,0.219779,0.189396,0
638825312,chair_2,3.15379,399,0.438212,0.480476,0.635317,0.55612,0
638825405,chair_3,54.9959,740,0.0498548,0.064475,0.219779,0.189396,0
638825412,chair_2,3.15379,399,0.438212,0.480476,0.635317,0.55612,0
638825505,chair_3,54.9959,740,0.0498548,0.064475,0.219779,0.189396,0
638825512,chair_2,3.15379,399,0.438212,0.480476,0.635317,0.55612,0
638825604,chair_3,54.9959,740,0.0498548,0.064475,0.219779,0.189396,0
638825611,chair_2,3.15379,399,0.438212,0.480476,0.635317,0.55612,0
638825705,chair_3,54.9959,740,0.0498547,0.0644748,0.219779,0.189395,0
638825713,chair_2,3.15379,399,0.438213,0.480476,0.635317,0.55612,0
638825805,chair_3,54.9959,740,0.0498547,0.0644748,0.219779,0.189395,0
638825812,chair_2,3.15379,399,0.438213,0.480476,0.635317,0.55612,0
638825905,chair_3,54.9959,740,0.0498547,0.0644748,0.219779,0.189395,0
638825912,chair_2,3.15379,399,0.438213,0.480476,0.635317,0.55612,0
638826006,chair_3,54.9959,740,0.0498548,0.064475,0.219779,0.189396,0
638826012,chair_2,3.15916,399,0.438474,0.481626,0.635098,0.555448,0
638826103,chair_3,54.9959,740,0.0498548,0.064475,0.219779,0.189396,0
638826108,chair_2,3.16326,399,0.438648,0.482317,0.63556,0.555011,0
638826205,chair_3,54.9959,740,0.0498548,0.064475,0.219779,0.189396,0
638826211,chair_2,3.16812,399,0.438853,0.483074,0.635325,0.554204,0
638826303,chair_3,54.9959,740,0.0498548,0.064475,0.219779,0.189396,0
638826307,chair_2,3.16989,399,0.438928,0.483336,0.635059,0.553844,0
638826405,chair_3,54.9959,740,0.0498548,0.064475,0.219779,0.189396,0
638826411,chair_2,3.17148,399,0.438994,0.483621,0.635395,0.553725,0
638826505,chair_3,54.9959,740,0.0498548,0.064475,0.219779,0.189396,0
638826512,chair_2,3.17279,399,0.439049,0.483817,0.635212,0.553463,0
638826605,chair_3,54.9959,740,0.0498547,0.064475,0.219779,0.189395,0
638826610,chair_2,3.1746,399,0.439124,0.484098,0.635087,0.553146,0
638826705,chair_3,54.9959,740,0.0498547,0.0644748,0.219779,0.189395,0
638826711,chair_2,3.17559,399,0.43648,0.485137,0.634454,0.554284,0
638826805,chair_3,54.9959,740,0.0498547,0.0644748,0.219779,0.189395,0
638826810,chair_2,3.17755,399,0.436561,0.485447,0.634322,0.553944,0
638826905,chair_3,54.9959,740,0.0498548,0.064475,0.219779,0.189396,0
638826936,chair_2,3.18043,399,0.436679,0.485889,0.63402,0.553404,0
638827005,chair_3,54.9963,740,0.0499789,0.064447,0.220052,0.189629,0
638827040,chair_2,3.18194,399,0.436741,0.48614,0.634055,0.55319,0
638827103,chair_3,54.9961,739,0.0499544,0.0644503,0.219859,0.189415,0
638827128,chair_2,3.18477,399,0.436856,0.486608,0.634095,0.552775,0
638827203,chair_3,54.9965,740,0.0501622,0.0643151,0.219904,0.189462,0
638827228,chair_2,3.18596,399,0.436904,0.486803,0.634107,0.5526,0
638827303,chair_3,54.998,740,0.0499376,0.0642476,0.220186,0.189628,0
638827328,chair_2,3.18806,399,0.432655,0.488565,0.632438,0.554124,0
638827404,chair_3,54.9978,739,0.0498934,0.0642852,0.220023,0.189449,0
638827428,chair_2,3.18607,399,0.432575,0.488224,0.632344,0.554384,0
638827503,chair_3,54.998,740,0.0500435,0.0641746,0.220049,0.18949,0
638827529,chair_2,3.18607,399,0.432575,0.488224,0.632344,0.554384,0
638827603,chair_3,54.9988,740,0.0501986,0.0640123,0.220416,0.189789,0
638827627,chair_2,3.18607,399,0.432575,0.488224,0.632344,0.554384,0
638827703,chair_3,54.998,739,0.0503425,0.0640477,0.220194,0.189584,0
638827730,chair_2,3.18607,399,0.432575,0.488224,0.632344,0.554384,0
638827806,chair_3,54.998,740,0.0506304,0.0638661,0.220314,0.189733,0
638827835,chair_2,3.18607,399,0.432575,0.488224,0.632344,0.554384,0
638827905,chair_3,54.9972,739,0.0506143,0.0640005,0.22014,0.189586,0
638827935,chair_2,3.18607,399,0.432575,0.488224,0.632344,0.554384,0
638828005,chair_3,54.9972,740,0.0509309,0.0637881,0.220229,0.189703,0
638828031,chair_2,3.18607,399,0.432575,0.488224,0.632344,0.554384,0
638828103,chair_3,54.9983,740,0.0509456,0.063625,0.220515,0.189898,0
638828131,chair_2,3.18607,399,0.432575,0.488224,0.632344,0.554384,0
638828203,chair_3,54.9978,739,0.0509946,0.06385,0.220408,0.189898,0
638828229,chair_2,3.18607,399,0.432575,0.488224,0.632344,0.554384,0
638828303,chair_3,54.9985,740,0.0511445,0.0635924,0.220442,0.189908,0
638828326,chair_2,3.18607,399,0.432575,0.488224,0.632344,0.554384,0
638828406,chair_3,54.9983,740,0.051164,0.0636269,0.220476,0.189957,0
638828432,chair_2,3.18607,399,0.432575,0.488224,0.632344,0.554384,0
638828508,chair_3,54.9981,739,0.0511298,0.0635993,0.220153,0.189611,0
638828544,chair_2,3.18607,399,0.432575,0.488224,0.632344,0.554384,0
638828605,chair_3,54.9992,739,0.050981,0.0635598,0.220365,0.189748,0
638828647,chair_2,3.18607,399,0.432575,0.488224,0.632344,0.554384,0
638828705,chair_3,54.9992,740,0.0512461,0.063406,0.220522,0.189935,0
638828734,chair_2,3.18607,399,0.432575,0.488224,0.632344,0.554384,0
638828804,chair_3,54.9991,740,0.0508986,0.0634823,0.220504,0.190008,0
638828832,chair_2,3.18459,399,0.432515,0.487958,0.632148,0.554532,0
638828904,chair_3,54.9986,739,0.0508148,0.0635644,0.220233,0.189738,0
638828929,chair_2,3.1835,399,0.432471,0.487765,0.63203,0.55465,0
638829003,chair_3,54.9995,739,0.0506818,0.0635372,0.220463,0.189899,0
638829031,chair_2,3.18199,399,0.432409,0.487504,0.631934,0.554839,0
638829105,chair_3,55.0002,739,0.0507321,0.0633907,0.220528,0.189913,0
638829140,chair_2,3.18128,399,0.432381,0.487391,0.631977,0.554959,0
638829203,chair_3,55.0016,739,0.0506592,0.0631849,0.220616,0.189896,0
638829230,chair_2,3.18044,399,0.432346,0.487246,0.63193,0.555068,0
638829303,chair_3,55.002,739,0.0507348,0.0630592,0.220672,0.189917,0
638829327,chair_2,3.18017,399,0.432335,0.487206,0.631964,0.555119,0
638829411,chair_3,55.0024,740,0.0505051,0.0617917,0.221831,0.191908,0
638829450,chair_2,3.17961,399,0.432344,0.487446,0.63197,0.555428,0
638829503,chair_3,55.0024,740,0.0503118,0.0629027,0.220533,0.189931,0
638829528,chair_2,3.17784,398,0.433204,0.488559,0.633201,0.55698,0
638829604,chair_3,55.0024,739,0.05011,0.0616721,0.221572,0.19175,0
638829648,chair_2,3.17728,398,0.433199,0.488668,0.633383,0.557252,0
638829704,chair_3,55.0027,740,0.0500884,0.0616381,0.221574,0.191775,0
638829737,chair_2,3.17684,398,0.433194,0.488745,0.633601,0.557481,0
638829803,chair_3,55.0033,740,0.0503481,0.0627096,0.220553,0.189882,0
638829829,chair_2,3.17643,398,0.433188,0.488809,0.633777,0.557683,0
638829909,chair_3,55.0033,740,0.0499603,0.0616229,0.221966,0.192159,0
638829914,chair_2,3.17586,398,0.433171,0.48882,0.634273,0.557986,0
638830003,chair_3,55.0033,740,0.0503021,0.0626806,0.22064,0.19001,0
638830026,chair_2,3.17569,398,0.433174,0.488908,0.634414,0.55813,0
638830106,chair_3,55.0033,739,0.0502282,0.0625834,0.220152,0.189497,0
638830140,chair_2,3.17536,398,0.43317,0.488952,0.634504,0.558272,0
638830203,chair_3,55.0047,739,0.0500487,0.0624884,0.22027,0.189514,0
638830237,chair_2,3.17513,398,0.433169,0.489003,0.634582,0.558388,0
638830305,chair_3,55.0075,740,0.0493279,0.061203,0.221778,0.191662,0
638830346,chair_2,3.17513,399,0.432282,0.488089,0.633471,0.557464,0
638830403,chair_3,55.0075,740,0.0500234,0.0622762,0.220875,0.189933,0
638830427,chair_2,3.17513,398,0.433169,0.489003,0.634582,0.558388,0
638830503,chair_3,55.0075,740,0.0499644,0.0623336,0.22091,0.189964,0
638830527,chair_2,3.17513,398,0.433169,0.489003,0.634582,0.558388,0
638830704,chair_3,55.0075,740,0.0501247,0.0623344,0.221104,0.190155,0
638830740,chair_2,3.17513,398,0.433169,0.489003,0.634582,0.558388,0
638830804,chair_3,55.0075,740,0.0501158,0.0618499,0.220744,0.189601,0
638830829,chair_2,3.17494,398,0.433169,0.489034,0.634472,0.558424,0
638830905,chair_3,55.0075,743,0.0502548,0.0619249,0.221227,0.190178,0
638830935,chair_2,3.1747,398,0.43316,0.489011,0.634509,0.558482,0
638831003,chair_3,55.0075,740,0.0502573,0.0613267,0.221251,0.189785,0
638831031,chair_2,3.17453,398,0.433154,0.488995,0.634531,0.558522,0
638831103,chair_3,55.0075,740,0.0502338,0.061204,0.220772,0.189321,0
638831130,chair_2,3.17438,398,0.433149,0.488979,0.634548,0.558556,0
638831203,chair_3,55.0075,740,0.0504449,0.0611375,0.221065,0.189607,0
638831228,chair_2,3.17424,398,0.433144,0.488963,0.634562,0.558584,0
638831303,chair_3,55.0075,740,0.0504397,0.0609796,0.22089,0.189379,0
638831329,chair_2,3.17422,399,0.432256,0.488034,0.633359,0.557627,0
638831405,chair_3,55.0047,742,0.0511479,0.06122,0.221007,0.189738,0
638831439,chair_2,3.17397,398,0.433132,0.488901,0.63453,0.558603,0
638831503,chair_3,55.0047,739,0.0509212,0.0608046,0.220819,0.189182,0
638831528,chair_2,3.17384,398,0.433126,0.488881,0.634558,0.558631,0
638831605,chair_3,55.004,738,0.0509278,0.0608303,0.220443,0.188833,0
638831634,chair_2,3.17382,398,0.433125,0.488864,0.634465,0.558597,0
638831703,chair_3,55.004,738,0.0509389,0.0608827,0.220647,0.189031,0
638831729,chair_2,3.17369,398,0.433119,0.488837,0.634532,0.558632,0
638831803,chair_3,55.004,739,0.0511584,0.0607654,0.220808,0.189225,0
638831830,chair_2,3.17367,398,0.433117,0.488821,0.634445,0.558602,0
638831904,chair_3,55.0037,740,0.0510794,0.0607563,0.220948,0.189443,0
638831948,chair_2,3.17363,397,0.434012,0.489608,0.635527,0.559517,0
638832003,chair_3,55.0037,739,0.0510048,0.0604829,0.220739,0.189001,0
638832029,chair_2,3.17361,397,0.434012,0.489611,0.635482,0.559509,0
638832104,chair_3,55.0037,740,0.0513308,0.0603458,0.220803,0.189105,0
638832128,chair_2,3.1736,398,0.433117,0.488827,0.634363,0.558601,0
638832204,chair_3,55.0037,740,0.0516553,0.0602875,0.221239,0.189532,0
638832228,chair_2,3.17358,398,0.433117,0.488831,0.634352,0.558604,0
638832303,chair_3,55.0037,740,0.0516592,0.0603061,0.221309,0.1896,0
638832346,chair_2,3.17358,398,0.433117,0.488831,0.634352,0.558604,0
638832403,chair_3,55.0037,740,0.0516371,0.0602073,0.220923,0.189226,0
638832427,chair_2,3.17358,397,0.434013,0.48962,0.635445,0.559513,0
638832503,chair_3,55.0037,740,0.0518834,0.0601207,0.221229,0.189526,0
638832534,chair_2,3.17358,398,0.433117,0.488832,0.634352,0.558605,0
638832605,chair_3,55.0037,739,0.0518618,0.0601118,0.221059,0.189336,0
638832644,chair_2,3.17358,398,0.433117,0.488832,0.634352,0.558605,0
638832703,chair_3,55.0037,740,0.0519771,0.0600316,0.22109,0.189403,0
638832727,chair_2,3.17358,398,0.433117,0.488831,0.634352,0.558604,0
638832805,chair_3,55.0037,740,0.0518089,0.0597313,0.221069,0.189164,0
638832853,chair_2,3.17358,398,0.433117,0.488831,0.634352,0.558604,0
638832905,chair_3,55.0037,739,0.0517424,0.0603713,0.220871,0.188763,0
638832936,chair_2,3.17358,398,0.433117,0.488831,0.634352,0.558604,0
638833006,chair_3,55.0019,739,0.05206,0.0598987,0.220991,0.189012,0
638833033,chair_2,3.17358,398,0.433117,0.488831,0.634352,0.558604,0
638833105,chair_3,55.0019,740,0.0522784,0.0603818,0.221097,0.189156,0
638833133,chair_2,3.17358,398,0.433117,0.488831,0.634352,0.558604,0
638833204,chair_3,55.0019,739,0.0521437,0.059768,0.220579,0.188645,0
638833229,chair_2,3.17358,398,0.433117,0.488831,0.634352,0.558604,0
638833303,chair_3,55.0047,739,0.0518055,0.0612435,0.220994,0.188847,0
638833329,chair_2,3.17358,398,0.433117,0.488831,0.634352,0.558604,0
638833405,chair_3,55.0047,740,0.0519519,0.0618894,0.221112,0.189,0
638833436,chair_2,3.17358,398,0.433117,0.488831,0.634352,0.558605,0
638833503,chair_3,55.0047,740,0.0517408,0.0607055,0.220979,0.188877,0
638833528,chair_2,3.17358,398,0.433117,0.488832,0.634352,0.558605,0
638833605,chair_3,55.0047,740,0.0519934,0.0618149,0.221293,0.189187,0
638833637,chair_2,3.17358,398,0.433117,0.488832,0.634352,0.558605,0
638833704,chair_3,55.0047,739,0.0519714,0.0616834,0.221121,0.188994,0
638833743,chair_2,3.17358,398,0.433117,0.488831,0.634352,0.558604,0
638833805,chair_3,55.0047,740,0.0520681,0.0621941,0.221136,0.189046,0
638833832,chair_2,3.17358,398,0.433117,0.488831,0.634352,0.558604,0
638833903,chair_3,55.0047,740,0.051934,0.0639594,0.221135,0.188923,0
638833927,chair_2,3.17358,398,0.433117,0.488831,0.634352,0.558604,0
638834003,chair_3,55.0047,739,0.0518379,0.064481,0.220689,0.188413,0
638834027,chair_2,3.17358,398,0.433117,0.488831,0.634352,0.558604,0
638834103,chair_3,55.0056,739,0.0517396,0.0655585,0.220995,0.188644,0
638834129,chair_2,3.17358,398,0.433117,0.488831,0.634352,0.558604,0
638834203,chair_3,55.0056,740,0.0518782,0.0666521,0.221115,0.188799,0
638834228,chair_2,3.17358,398,0.433117,0.488831,0.634352,0.558604,0
638834303,chair_3,55.0056,740,0.0518002,0.0678476,0.221162,0.188782,0
638834327,chair_2,3.17358,398,0.433117,0.488831,0.634352,0.558604,0
638834405,chair_3,55.0056,739,0.0517507,0.0693295,0.220929,0.188466,0
638834436,chair_2,3.17358,398,0.433117,0.488832,0.634352,0.558605,0
638834503,chair_3,55.0063,739,0.0516806,0.0703879,0.221182,0.188662,0
638834507,chair_2,3.17358,398,0.433117,0.488832,0.634352,0.558605,0
638834703,chair_3,55.0063,739,0.0516806,0.070388,0.221182,0.188662,0
638834708,chair_2,3.17358,398,0.433117,0.488831,0.634352,0.558604,0
638834804,chair_3,55.0063,739,0.0516806,0.070388,0.221182,0.188662,0
638834808,chair_2,3.17338,398,0.43311,0.488813,0.634345,0.558642,0
638834905,chair_3,55.0063,739,0.0516806,0.070388,0.221182,0.188662,0
638834912,chair_2,3.17326,398,0.433107,0.488807,0.634351,0.55867,0
638835005,chair_3,55.0063,739,0.0516806,0.070388,0.221182,0.188662,0
638835012,chair_2,3.17316,398,0.433104,0.488804,0.63436,0.558696,0
638835105,chair_3,55.0063,739,0.0516806,0.070388,0.221182,0.188662,0
638835111,chair_2,3.17308,398,0.433102,0.488801,0.634369,0.558717,0
638835203,chair_3,55.0063,739,0.0516806,0.070388,0.221182,0.188662,0
638835208,chair_2,3.17305,398,0.433101,0.488804,0.634379,0.558731,0
638835303,chair_3,55.0063,739,0.0516806,0.070388,0.221182,0.188662,0
638835308,chair_2,3.17301,398,0.4331,0.488805,0.634386,0.558744,0
638835405,chair_3,55.0063,739,0.0516806,0.0703879,0.221182,0.188662,0
638835411,chair_2,3.17296,398,0.4331,0.488804,0.634394,0.558757,0
638835503,chair_3,55.0063,739,0.0516806,0.070388,0.221182,0.188662,0
638835510,chair_2,3.17283,398,0.433095,0.4888,0.634405,0.558792,0
638835603,chair_3,55.0063,739,0.0516806,0.070388,0.221182,0.188662,0
638835607,chair_2,3.17271,398,0.433092,0.488795,0.634418,0.558825,0
638835703,chair_3,55.0063,739,0.0516806,0.070388,0.221182,0.188662,0
638835732,chair_2,3.17258,398,0.433088,0.488787,0.63443,0.558855,0
638835805,chair_3,55.0063,740,0.0517978,0.0779942,0.221157,0.18849,0
638835830,chair_2,3.17246,398,0.433084,0.488777,0.634441,0.558882,0
638835904,chair_3,55.0063,740,0.0517875,0.0750661,0.221106,0.188525,0
638835939,chair_2,3.17235,398,0.43308,0.488766,0.634451,0.558907,0
638836003,chair_3,55.0063,740,0.0518376,0.0755933,0.2213,0.188713,0
638836039,chair_2,3.17224,398,0.433076,0.488754,0.63446,0.558929,0
638836103,chair_3,55.0063,739,0.0517014,0.0759154,0.220904,0.188249,0
638836128,chair_2,3.17214,398,0.433072,0.488741,0.634467,0.558949,0
638836204,chair_3,55.0086,739,0.0514178,0.079048,0.221217,0.188387,0
638836236,chair_2,3.17204,398,0.433069,0.488728,0.634473,0.558967,0
638836304,chair_3,55.0086,740,0.0515179,0.0800251,0.221318,0.188523,0
638836337,chair_2,3.17204,398,0.433069,0.488728,0.634473,0.558968,0
638836403,chair_3,55.0086,739,0.0513078,0.0774819,0.221046,0.188237,0
638836430,chair_2,3.17204,398,0.433069,0.488728,0.634473,0.558968,0
638836503,chair_3,55.0092,739,0.051246,0.0782341,0.221271,0.188414,0
638836527,chair_2,3.17204,398,0.433068,0.488727,0.634473,0.558967,0
638836605,chair_3,55.0092,740,0.051405,0.0797609,0.221383,0.188563,0
638836632,chair_2,3.17204,398,0.433068,0.488727,0.634473,0.558967,0
638836708,chair_3,55.0092,739,0.0512589,0.0801352,0.220978,0.188077,0
638836775,chair_2,3.17204,398,0.433068,0.488727,0.634473,0.558967,0
638836802,chair_3,55.0099,739,0.0511897,0.0812703,0.22124,0.188283,0
638836827,chair_2,3.17204,398,0.433068,0.488727,0.634473,0.558967,0
638836903,chair_3,55.0099,740,0.0512716,0.0817406,0.221405,0.188481,0
638836933,chair_2,3.17204,398,0.433068,0.488727,0.634473,0.558967,0
638837005,chair_3,55.0099,739,0.0510823,0.0831767,0.221008,0.18795,0
638837039,chair_2,3.17204,398,0.433068,0.488727,0.634473,0.558967,0
638837104,chair_3,55.0104,739,0.0510323,0.0837879,0.221238,0.188138,0
638837131,chair_2,3.17204,398,0.433068,0.488727,0.634473,0.558967,0
638837211,chair_3,55.0104,740,0.0510852,0.0840707,0.221402,0.188331,0
638837221,chair_2,3.17204,398,0.433069,0.488728,0.634473,0.558967,0
638837305,chair_3,55.0104,740,0.0510852,0.0840706,0.221402,0.188331,0
638837311,chair_2,3.17204,398,0.433069,0.488728,0.634473,0.558968,0
638837406,chair_3,55.0104,740,0.0510852,0.0840706,0.221402,0.188331,0
638837411,chair_2,3.17204,398,0.433069,0.488728,0.634473,0.558968,0
638837506,chair_3,55.0104,740,0.0510853,0.0840707,0.221402,0.188331,0
638837511,chair_2,3.17204,398,0.433068,0.488727,0.634473,0.558967,0
638837605,chair_3,55.0104,740,0.0510853,0.0840707,0.221402,0.188331,0
638837610,chair_2,3.17204,398,0.433068,0.488727,0.634473,0.558967,0
638837705,chair_3,55.0104,740,0.0510853,0.0840707,0.221402,0.188331,0
638837711,chair_2,3.172,398,0.433067,0.48872,0.634471,0.558973,0
638837805,chair_3,55.0104,740,0.0510853,0.0840707,0.221402,0.188331,0
638837811,chair_2,3.17195,398,0.433065,0.488712,0.634472,0.55898,0
638837905,chair_3,55.0104,740,0.0510853,0.0840707,0.221402,0.188331,0
638837912,chair_2,3.17189,398,0.433063,0.488705,0.634474,0.558991,0
638838004,chair_3,55.0104,740,0.0510853,0.0840707,0.221402,0.188331,0
638838008,chair_2,3.17183,398,0.43306,0.488697,0.634477,0.559003,0
638838108,chair_3,55.0104,740,0.0510853,0.0840707,0.221402,0.188331,0
638838113,chair_2,3.17176,398,0.433058,0.488688,0.634481,0.559015,0
638838204,chair_3,55.0104,740,0.0510852,0.0840706,0.221402,0.188331,0
638838208,chair_2,3.1717,398,0.433056,0.488679,0.634484,0.559026,0
638838304,chair_3,55.0104,740,0.0510852,0.0840706,0.221402,0.188331,0
638838309,chair_2,3.17163,398,0.433053,0.488667,0.634487,0.559037,0
638838405,chair_3,55.0104,740,0.0510853,0.0840707,0.221402,0.188331,0
638838412,chair_2,3.17154,398,0.433045,0.488608,0.63449,0.559021,0
638838505,chair_3,55.0104,740,0.0510853,0.0840707,0.221402,0.188331,0
638838511,chair_2,3.17156,398,0.43304,0.488553,0.634473,0.558975,0
638838619,chair_3,55.0104,740,0.0510853,0.0840707,0.221402,0.188331,0
638838626,chair_2,3.17159,398,0.433036,0.488505,0.634448,0.55893,0
638838703,chair_3,55.0104,740,0.0510853,0.0840707,0.221402,0.188331,0
638838707,chair_2,3.17161,398,0.433032,0.488464,0.634421,0.558889,0
638838804,chair_3,55.0104,740,0.0510853,0.0840707,0.221402,0.188331,0
638838810,chair_2,3.17163,398,0.433028,0.488417,0.634396,0.558845,0
638838904,chair_3,55.0104,740,0.0510853,0.0840707,0.221402,0.188331,0
638838928,chair_2,3.17165,398,0.433025,0.488377,0.634369,0.558805,0
638839005,chair_3,55.0104,739,0.0510913,0.0886996,0.22128,0.187955,0
638839045,chair_2,3.17167,398,0.433022,0.488342,0.634343,0.558769,0
638839103,chair_3,55.0104,740,0.0511651,0.0904784,0.22131,0.187811,0
638839129,chair_2,3.17168,398,0.43302,0.488316,0.634319,0.558741,0
638839204,chair_3,55.0104,739,0.0509055,0.0895203,0.220985,0.187519,0
638839231,chair_2,3.17168,398,0.43302,0.488316,0.634319,0.558741,0
638839305,chair_3,55.0104,739,0.0511864,0.0906381,0.221182,0.187515,0
638839359,chair_2,3.17168,398,0.43302,0.488316,0.634319,0.558741,0
638839402,chair_3,55.0104,740,0.0510659,0.0906059,0.221193,0.187552,0
638839430,chair_2,3.17168,398,0.43302,0.488316,0.634319,0.55874,0
638839503,chair_3,55.0104,740,0.0510853,0.090641,0.22136,0.187725,0
638839527,chair_2,3.17168,398,0.43302,0.488316,0.634319,0.55874,0
638839604,chair_3,55.0104,739,0.0508072,0.0905204,0.220914,0.187205,0
638839628,chair_2,3.17168,398,0.43302,0.488316,0.634319,0.55874,0
638839703,chair_3,55.0104,739,0.0508416,0.0906403,0.221078,0.187113,0
638839732,chair_2,3.17168,398,0.43302,0.488316,0.634319,0.55874,0
638839805,chair_3,55.0104,740,0.050855,0.0906572,0.221127,0.187194,0
638839836,chair_2,3.17168,398,0.43302,0.488316,0.634319,0.55874,0
638839905,chair_3,55.0104,740,0.0505345,0.090628,0.221194,0.187334,0
638839946,chair_2,3.17168,398,0.43302,0.488316,0.634319,0.55874,0
638840003,chair_3,55.0104,739,0.0505019,0.090521,0.220678,0.186762,0
638840028,chair_2,3.17168,398,0.43302,0.488316,0.634319,0.55874,0
638840103,chair_3,55.0104,739,0.0505308,0.0906361,0.220866,0.186754,0
638840133,chair_2,3.17168,398,0.43302,0.488316,0.634319,0.558741,0
638840203,chair_3,55.0104,739,0.0505177,0.0907091,0.221078,0.186955,0
638840228,chair_2,3.17168,398,0.43302,0.488316,0.634319,0.558741,0
638840303,chair_3,55.0104,740,0.0505308,0.0906504,0.221122,0.187032,0
638840327,chair_2,3.17168,398,0.43302,0.488316,0.634319,0.558741,0
638840403,chair_3,55.0104,739,0.0504984,0.0905528,0.220635,0.186498,0
638840408,chair_2,3.17168,398,0.43302,0.488316,0.634319,0.55874,0
638840504,chair_3,55.0104,739,0.0504984,0.0905528,0.220635,0.186498,0
638840508,chair_2,3.17168,398,0.43302,0.488316,0.634319,0.55874,0
638840603,chair_3,55.0104,739,0.0504984,0.0905528,0.220635,0.186498,0
638840607,chair_2,3.17168,398,0.43302,0.488316,0.634319,0.55874,0
638840705,chair_3,55.0104,739,0.0504984,0.0905528,0.220635,0.186498,0
638840711,chair_2,3.17168,398,0.43302,0.488316,0.634319,0.55874,0
638840804,chair_3,55.0104,739,0.0504984,0.0905528,0.220635,0.186498,0
638840810,chair_2,3.17165,398,0.433015,0.488267,0.634293,0.558707,0
638840905,chair_3,55.0104,739,0.0504984,0.0905528,0.220635,0.186498,0
638840909,chair_2,3.17165,398,0.43301,0.488225,0.634271,0.558674,0
638841005,chair_3,55.0104,739,0.0504983,0.0905528,0.220635,0.186498,0
638841010,chair_2,3.17164,398,0.433007,0.488189,0.634267,0.55865,0
638841105,chair_3,55.0104,739,0.0504983,0.0905529,0.220635,0.186498,0
638841111,chair_2,3.17165,398,0.433004,0.488157,0.634253,0.558624,0
638841205,chair_3,55.0104,739,0.0504983,0.0905529,0.220635,0.186498,0
638841212,chair_2,3.17165,398,0.433002,0.488129,0.634237,0.5586,0
638841303,chair_3,55.0104,739,0.0504984,0.0905528,0.220635,0.186498,0
638841307,chair_2,3.17165,398,0.432999,0.488106,0.63422,0.558579,0
638841405,chair_3,55.0104,739,0.0504984,0.0905528,0.220635,0.186498,0
638841420,chair_2,3.17166,398,0.432998,0.488087,0.634206,0.558561,0
638841505,chair_3,55.0104,739,0.0504984,0.0905528,0.220635,0.186498,0
638841511,chair_2,3.17167,398,0.432996,0.488072,0.634193,0.558545,0
638841604,chair_3,55.0104,739,0.0504984,0.0905528,0.220635,0.186498,0
638841614,chair_2,3.17167,398,0.432995,0.48806,0.634183,0.558533,0
638841703,chair_3,55.0104,739,0.0504984,0.0905528,0.220635,0.186498,0
638841709,chair_2,3.17168,398,0.432995,0.488051,0.634174,0.558522,0
638841803,chair_3,55.0104,739,0.0504984,0.0905528,0.220635,0.186498,0
638841807,chair_2,3.1717,398,0.432995,0.488047,0.634167,0.558512,0
638841904,chair_3,55.0104,739,0.0504983,0.0905528,0.220635,0.186498,0
638841908,chair_2,3.17171,398,0.432995,0.488044,0.634162,0.558505,0
638842003,chair_3,55.0104,739,0.0504983,0.0905528,0.220635,0.186498,0
638842008,chair_2,3.17173,398,0.432995,0.488042,0.634158,0.5585,0
638842105,chair_3,55.0104,739,0.0504983,0.0905529,0.220635,0.186498,0
638842147,chair_2,3.17174,398,0.432996,0.488042,0.634155,0.558496,0
638842204,chair_3,55.0104,739,0.0506824,0.0906151,0.220786,0.186625,0
638842233,chair_2,3.17175,398,0.432996,0.488043,0.634154,0.558493,0
638842305,chair_3,55.0104,739,0.0509716,0.0907602,0.221113,0.186773,0
638842331,chair_2,3.17175,398,0.432996,0.488043,0.634154,0.558493,0
638842405,chair_3,55.0104,740,0.0509755,0.0906975,0.221084,0.186835,0
638842441,chair_2,3.17175,398,0.432996,0.488043,0.634154,0.558493,0
638842504,chair_3,55.0104,740,0.0510025,0.0907883,0.221378,0.187002,0
638842551,chair_2,3.17175,398,0.432996,0.488043,0.634154,0.558493,0
638842604,chair_3,55.0104,739,0.0509676,0.0906924,0.22093,0.186541,0
638842632,chair_2,3.17175,398,0.432996,0.488043,0.634154,0.558493,0
638842704,chair_3,55.0104,739,0.0512217,0.0908798,0.221158,0.186609,0
638842727,chair_2,3.17175,398,0.432996,0.488043,0.634154,0.558493,0
638842805,chair_3,55.0104,740,0.051234,0.0908422,0.2211,0.186545,0
638842832,chair_2,3.17175,398,0.432996,0.488043,0.634154,0.558493,0
638842905,chair_3,55.0104,740,0.0512483,0.0908902,0.221363,0.186794,0
638842929,chair_2,3.17175,398,0.432996,0.488043,0.634154,0.558493,0
638843005,chair_3,55.0104,739,0.0512152,0.090812,0.220968,0.186384,0
638843031,chair_2,3.17175,398,0.432996,0.488043,0.634154,0.558493,0
638843104,chair_3,55.0104,739,0.0514089,0.0909389,0.221165,0.186455,0
638843129,chair_2,3.17175,398,0.432996,0.488043,0.634154,0.558493,0
638843206,chair_3,55.0104,739,0.0514259,0.0909911,0.221347,0.186566,0
638843234,chair_2,3.17175,398,0.432996,0.488043,0.634154,0.558493,0
638843304,chair_3,55.0104,740,0.0514389,0.0909634,0.221381,0.186632,0
638843327,chair_2,3.17175,398,0.432996,0.488043,0.634154,0.558493,0
638843405,chair_3,55.0104,738,0.0513885,0.0908818,0.220872,0.18605,0
638843441,chair_2,3.17175,398,0.432996,0.488043,0.634154,0.558493,0
638843506,chair_3,55.0104,739,0.0513938,0.090829,0.220761,0.185979,0
638843532,chair_2,3.17175,398,0.432996,0.488043,0.634154,0.558493,0
638843605,chair_3,55.0104,739,0.0511035,0.0908719,0.220804,0.185871,0
638843610,chair_2,3.17175,398,0.432996,0.488043,0.634154,0.558493,0
638843705,chair_3,55.0104,739,0.0511035,0.0908719,0.220804,0.185871,0
638843710,chair_2,3.17175,398,0.432996,0.488043,0.634154,0.558493,0
638843905,chair_3,55.0104,739,0.0511035,0.0908719,0.220804,0.185871,0
638843911,chair_2,3.17175,398,0.432996,0.488043,0.634154,0.558493,0
638844004,chair_3,55.0104,739,0.0511035,0.0908719,0.220804,0.185871,0
638844010,chair_2,3.17175,398,0.432996,0.488043,0.634154,0.558493,0
638844105,chair_3,55.0104,739,0.0511035,0.0908719,0.220804,0.185871,0
638844111,chair_2,3.17175,398,0.432996,0.488043,0.634154,0.558493,0
638844205,chair_3,55.0104,739,0.0511035,0.0908719,0.220804,0.185871,0
638844211,chair_2,3.17175,398,0.432996,0.488043,0.634154,0.558493,0
638844305,chair_3,55.0104,739,0.0511035,0.0908719,0.220804,0.185871,0
638844311,chair_2,3.17175,398,0.432996,0.488043,0.634154,0.558493,0
638844405,chair_3,55.0104,739,0.0511035,0.0908719,0.220804,0.185871,0
638844410,chair_2,3.17175,398,0.432996,0.488043,0.634154,0.558493,0
638844505,chair_3,55.0104,739,0.0511035,0.0908719,0.220804,0.185871,0
638844509,chair_2,3.17175,398,0.432996,0.488043,0.634154,0.558493,0
638844603,chair_3,55.0104,739,0.0511035,0.0908719,0.220804,0.185871,0
638844607,chair_2,3.17178,398,0.432999,0.488072,0.634144,0.558502,0
638844705,chair_3,55.0104,739,0.0511035,0.0908719,0.220804,0.185871,0
638844711,chair_2,3.17181,398,0.433003,0.488101,0.634154,0.558515,0
638844804,chair_3,55.0104,739,0.0511035,0.0908719,0.220804,0.185871,0
638844810,chair_2,3.17182,398,0.433006,0.488125,0.634166,0.558532,0
638844903,chair_3,55.0104,739,0.0511035,0.0908719,0.220804,0.185871,0
638844909,chair_2,3.17183,398,0.433008,0.488146,0.63418,0.558548,0
638845005,chair_3,55.0104,739,0.0511035,0.0908719,0.220804,0.185871,0
638845012,chair_2,3.17183,398,0.43301,0.488165,0.634193,0.558563,0
638845104,chair_3,55.0104,739,0.0511035,0.0908719,0.220804,0.185871,0
638845108,chair_2,3.17184,398,0.433011,0.488181,0.634205,0.558577,0
638845204,chair_3,55.0104,739,0.0511035,0.0908719,0.220804,0.185871,0
638845208,chair_2,3.17183,398,0.433013,0.488195,0.634216,0.55859,0
638845304,chair_3,55.0104,739,0.0511035,0.0908719,0.220804,0.185871,0
638845335,chair_2,3.17183,398,0.433014,0.488208,0.634226,0.558602,0
638845405,chair_3,55.0104,739,0.051177,0.0909028,0.220963,0.186033,0
638845435,chair_2,3.17183,398,0.433015,0.488219,0.634235,0.558614,0
638845503,chair_3,55.0104,739,0.0512517,0.0910049,0.221138,0.186221,0
638845528,chair_2,3.17182,398,0.433015,0.488229,0.634244,0.558624,0
638845604,chair_3,55.0104,740,0.0512739,0.0909992,0.221167,0.186187,0
638845630,chair_2,3.17182,398,0.433016,0.488241,0.634252,0.558636,0
638845705,chair_3,55.0104,740,0.051299,0.0910499,0.221201,0.185988,0
638845735,chair_2,3.17181,398,0.433017,0.48825,0.63426,0.558646,0
638845805,chair_3,55.0104,738,0.0512547,0.0909971,0.22088,0.185639,0
638845842,chair_2,3.1718,398,0.433018,0.488258,0.634268,0.558656,0
638845903,chair_3,55.0104,739,0.0512687,0.0909652,0.220753,0.185461,0
638845933,chair_2,3.17179,398,0.433018,0.488265,0.634274,0.558664,0
638846004,chair_3,55.0104,739,0.0513302,0.0910403,0.221091,0.185803,0
638846028,chair_2,3.17178,398,0.433018,0.488271,0.63428,0.558673,0
638846103,chair_3,55.0104,740,0.0513569,0.0910475,0.221141,0.185757,0
638846127,chair_2,3.17178,398,0.433018,0.488271,0.63428,0.558673,0
638846203,chair_3,55.0104,740,0.0513815,0.0911032,0.221155,0.185532,0
638846227,chair_2,3.17178,398,0.433018,0.488271,0.63428,0.558673,0
638846303,chair_3,55.0104,740,0.0513764,0.0910669,0.221065,0.185447,0
638846327,chair_2,3.17178,398,0.433018,0.488271,0.63428,0.558673,0
638846403,chair_3,55.0104,740,0.0513898,0.0911141,0.221303,0.185671,0
638846429,chair_2,3.17178,398,0.433018,0.488271,0.63428,0.558673,0
638846505,chair_3,55.0104,739,0.0513558,0.0910417,0.22091,0.185269,0
638846537,chair_2,3.17178,398,0.433018,0.488271,0.63428,0.558673,0
638846603,chair_3,55.0104,739,0.0514136,0.0911079,0.221043,0.185286,0
638846627,chair_2,3.17178,398,0.433018,0.488271,0.63428,0.558673,0
638846703,chair_3,55.0104,740,0.0514565,0.0911602,0.221059,0.185029,0
638846729,chair_2,3.17178,398,0.433018,0.488271,0.63428,0.558673,0
638846804,chair_3,55.0104,740,0.0514733,0.0912354,0.221359,0.185309,0
638846835,chair_2,3.17178,398,0.433019,0.488278,0.634289,0.558681,0
638846904,chair_3,55.0104,740,0.0514666,0.0911881,0.221239,0.185197,0
638846928,chair_2,3.17177,398,0.43302,0.488285,0.634275,0.558685,0
638847004,chair_3,55.0104,738,0.0514364,0.0910857,0.220837,0.184582,0
638847034,chair_2,3.17176,398,0.433021,0.488305,0.634291,0.558703,0
638847104,chair_3,55.0104,739,0.0514485,0.0909911,0.220708,0.184415,0
638847131,chair_2,3.17175,398,0.433021,0.48831,0.634289,0.558709,0
638847203,chair_3,55.0104,739,0.0512042,0.0910826,0.220869,0.184547,0
638847230,chair_2,3.17175,398,0.433023,0.488327,0.634306,0.558727,0
638847303,chair_3,55.0104,740,0.050888,0.0911638,0.220901,0.184586,0
638847327,chair_2,3.17174,398,0.433023,0.48833,0.634305,0.558731,0
638847403,chair_3,55.0104,740,0.0509067,0.0912336,0.22126,0.18492,0
638847429,chair_2,3.17172,398,0.433023,0.488333,0.634306,0.558737,0
638847503,chair_3,55.0104,739,0.0508665,0.0911204,0.220709,0.184374,0
638847528,chair_2,3.17171,398,0.433023,0.488336,0.634309,0.558743,0
638847606,chair_3,55.0104,739,0.0505739,0.0912124,0.220884,0.184515,0
638847636,chair_2,3.17168,398,0.433022,0.488336,0.634313,0.558751,0
638847705,chair_3,55.0104,740,0.0505875,0.0911533,0.220935,0.184596,0
638847737,chair_2,3.17166,398,0.433022,0.488336,0.634316,0.558758,0
638847805,chair_3,55.0104,739,0.050562,0.0910983,0.220655,0.184302,0
638847830,chair_2,3.17164,398,0.433021,0.488336,0.634319,0.558764,0
638847903,chair_3,55.0104,739,0.0502931,0.0911615,0.220798,0.184414,0
638847928,chair_2,3.17162,398,0.433021,0.488336,0.634322,0.55877,0
638848003,chair_3,55.0104,740,0.0503063,0.0911289,0.22084,0.184487,0
638848033,chair_2,3.17161,398,0.43302,0.488336,0.634325,0.558775,0
638848103,chair_3,55.0104,740,0.050319,0.0911948,0.221099,0.184727,0
638848127,chair_2,3.17159,398,0.43302,0.488336,0.634327,0.558779,0
638848206,chair_3,55.0104,739,0.0502854,0.0910978,0.220642,0.18427,0
638848231,chair_2,3.17158,398,0.433019,0.488336,0.634329,0.558783,0
638848303,chair_3,55.0051,739,0.0506463,0.091129,0.220609,0.184585,0
638848307,chair_2,3.17158,398,0.433019,0.488336,0.634329,0.558783,0
638848405,chair_3,55.0051,739,0.0506463,0.091129,0.220609,0.184585,0
638848411,chair_2,3.17158,398,0.433019,0.488336,0.634329,0.558783,0
638848503,chair_3,55.0051,739,0.0506463,0.091129,0.220609,0.184585,0
638848508,chair_2,3.17158,398,0.433019,0.488336,0.634329,0.558783,0
638848603,chair_3,55.0051,739,0.0506462,0.091129,0.220609,0.184585,0
638848608,chair_2,3.17158,398,0.43302,0.488336,0.634329,0.558784,0
638848704,chair_3,55.0051,739,0.0506462,0.091129,0.220609,0.184585,0
638848709,chair_2,3.17158,398,0.43302,0.488336,0.634329,0.558784,0
638848805,chair_3,55.0051,739,0.0506462,0.091129,0.220609,0.184585,0
638848812,chair_2,3.17158,398,0.43302,0.488336,0.634329,0.558784,0
638848904,chair_3,55.0051,739,0.0506463,0.091129,0.220609,0.184585,0
638848911,chair_2,3.17158,398,0.433019,0.488336,0.634329,0.558783,0
638849005,chair_3,55.0051,739,0.0506463,0.091129,0.220609,0.184585,0
638849011,chair_2,3.17158,398,0.433019,0.488336,0.634329,0.558783,0
638849105,chair_3,55.0051,739,0.0506463,0.091129,0.220609,0.184585,0
638849111,chair_2,3.17158,398,0.433019,0.488336,0.634329,0.558783,0
638849305,chair_3,55.0051,739,0.0506463,0.091129,0.220609,0.184585,0
638849311,chair_2,3.17158,398,0.433019,0.488336,0.634329,0.558783,0
638849405,chair_3,55.0051,739,0.0506463,0.091129,0.220609,0.184585,0
638849412,chair_2,3.17158,398,0.433019,0.488336,0.634329,0.558783,0
638849504,chair_3,55.0051,739,0.0506463,0.091129,0.220609,0.184585,0
638849533,chair_2,3.17158,398,0.433019,0.488336,0.634329,0.558783,0
638849703,chair_3,55.0051,740,0.0506567,0.0910749,0.220597,0.184608,0
638849728,chair_2,3.17158,398,0.43302,0.488336,0.634329,0.558784,0
638849804,chair_3,55.0051,739,0.0506401,0.0910666,0.22049,0.184472,0
638849828,chair_2,3.17158,398,0.43302,0.488336,0.634329,0.558784,0
638849905,chair_3,55.0051,740,0.0506518,0.0910223,0.220503,0.184519,0
638849930,chair_2,3.17158,398,0.433019,0.488336,0.634329,0.558783,0
638850004,chair_3,55.0051,740,0.0506655,0.091081,0.220769,0.184768,0
638850030,chair_2,3.17158,398,0.433019,0.488336,0.634329,0.558783,0
638850105,chair_3,55.0051,739,0.0506425,0.0910456,0.220536,0.184516,0
638850150,chair_2,3.17158,398,0.433019,0.488336,0.634329,0.558783,0
638850210,chair_3,55.0051,740,0.0506523,0.0909922,0.220512,0.184528,0
638850235,chair_2,3.17158,398,0.433019,0.488336,0.634329,0.558783,0
638850303,chair_3,55.0051,740,0.0506646,0.0910441,0.220751,0.184751,0
638850334,chair_2,3.17158,398,0.433019,0.488336,0.634329,0.558783,0
638850405,chair_3,55.0051,738,0.0506154,0.0909668,0.220245,0.184209,0
638850433,chair_2,3.17158,398,0.433019,0.488336,0.634329,0.558783,0
638850503,chair_3,55.0051,739,0.0506216,0.0909154,0.220143,0.184148,0
638850527,chair_2,3.17158,398,0.433019,0.488336,0.634329,0.558783,0
638850704,chair_3,55.0051,739,0.0502574,0.0909396,0.220319,0.184288,0
638850732,chair_2,3.17158,398,0.43302,0.488336,0.634329,0.558784,0
638850805,chair_3,55.0051,740,0.0499566,0.0908965,0.220293,0.184276,0
638850835,chair_2,3.17147,398,0.433013,0.48829,0.634336,0.558782,0
638850902,chair_3,55.0051,740,0.0499698,0.0909635,0.220558,0.184524,0
638850926,chair_2,3.17142,398,0.433007,0.488252,0.634325,0.558768,0
638851003,chair_3,55.0051,739,0.049925,0.0908083,0.219884,0.18386,0
638851007,chair_2,3.17138,398,0.433003,0.488219,0.634312,0.558753,0
638851104,chair_3,55.0051,739,0.049925,0.0908083,0.219884,0.18386,0
638851110,chair_2,3.17134,398,0.432999,0.488191,0.634299,0.558739,0
638851203,chair_3,55.0051,739,0.049925,0.0908083,0.219884,0.18386,0
638851208,chair_2,3.17132,398,0.432997,0.488167,0.634286,0.558725,0
638851303,chair_3,55.0051,739,0.049925,0.0908083,0.219884,0.18386,0
638851307,chair_2,3.1713,398,0.432994,0.488148,0.634274,0.558714,0
638851402,chair_3,55.0051,739,0.049925,0.0908083,0.219884,0.18386,0
638851407,chair_2,3.17129,398,0.432992,0.488133,0.634282,0.55871,0
638851503,chair_3,55.0051,739,0.049925,0.0908083,0.219884,0.18386,0
638851509,chair_2,3.17132,398,0.432993,0.488125,0.634273,0.558694,0
638851603,chair_3,55.0051,739,0.0499249,0.0908083,0.219884,0.18386,0
638851607,chair_2,3.17134,398,0.432993,0.48812,0.634265,0.558681,0
638851702,chair_3,55.0051,739,0.0499249,0.0908083,0.219884,0.18386,0
638851707,chair_2,3.17137,398,0.432993,0.488116,0.634259,0.55867,0
638851804,chair_3,55.0051,739,0.0499249,0.0908083,0.219884,0.18386,0
638851808,chair_2,3.17139,398,0.432994,0.488115,0.634253,0.558662,0
638851908,chair_3,55.0051,739,0.049925,0.0908083,0.219884,0.18386,0
638851915,chair_2,3.17142,398,0.432994,0.488113,0.634249,0.558654,0
638852006,chair_3,55.0051,739,0.049925,0.0908083,0.219884,0.18386,0
638852022,chair_2,3.17144,398,0.432994,0.488113,0.634246,0.558648,0
638852105,chair_3,55.0051,739,0.049925,0.0908083,0.219884,0.18386,0
638852110,chair_2,3.17143,398,0.43299,0.488075,0.634245,0.558624,0
638852205,chair_3,55.0051,739,0.049925,0.0908083,0.219884,0.18386,0
638852210,chair_2,3.17142,398,0.432987,0.488038,0.634231,0.558597,0
638852305,chair_3,55.0051,739,0.049925,0.0908083,0.219884,0.18386,0
638852311,chair_2,3.17142,398,0.432987,0.488038,0.634231,0.558597,0
638852403,chair_3,55.0051,739,0.049925,0.0908083,0.219884,0.18386,0
638852407,chair_2,3.17142,398,0.432987,0.488038,0.634231,0.558597,0
638852504,chair_3,55.0051,739,0.049925,0.0908083,0.219884,0.18386,0
638852508,chair_2,3.17142,398,0.432987,0.488038,0.634231,0.558597,0
638852605,chair_3,55.0051,739,0.0499249,0.0908083,0.219884,0.18386,0
638852609,chair_2,3.17142,398,0.432987,0.488039,0.634232,0.558597,0
638852705,chair_3,55.0051,739,0.0499249,0.0908083,0.219884,0.18386,0
638852712,chair_2,3.17142,398,0.432987,0.488039,0.634232,0.558597,0
638852804,chair_3,55.0051,739,0.049925,0.0908083,0.219884,0.18386,0
638852809,chair_2,3.17144,398,0.432985,0.488014,0.634209,0.55857,0
638852903,chair_3,55.0051,739,0.049925,0.0908083,0.219884,0.18386,0
638852927,chair_2,3.17146,398,0.432984,0.487996,0.634194,0.558549,0
638853004,chair_3,55.0051,739,0.0499317,0.0908409,0.220016,0.183983,0
638853029,chair_2,3.17148,398,0.432983,0.487982,0.634181,0.558531,0
638853103,chair_3,55.0051,739,0.049625,0.0908754,0.220154,0.184091,0
638853129,chair_2,3.17149,398,0.432982,0.487972,0.634171,0.558517,0
638853203,chair_3,55.0051,740,0.0496419,0.0908278,0.220265,0.184228,0
638853227,chair_2,3.17151,398,0.432982,0.487965,0.634162,0.558505,0
638853305,chair_3,55.0051,740,0.0496554,0.0908946,0.220539,0.184484,0
638853332,chair_2,3.17154,398,0.432983,0.487963,0.634155,0.558493,0
638853403,chair_3,55.0051,739,0.0496302,0.0908516,0.220264,0.184194,0
638853426,chair_2,3.17157,398,0.432983,0.487963,0.634149,0.558485,0
638853505,chair_3,55.0051,740,0.049641,0.0908191,0.220246,0.18421,0
638853529,chair_2,3.17158,398,0.432984,0.487966,0.634145,0.558484,0
638853604,chair_3,55.0051,740,0.0496528,0.0908779,0.220485,0.184433,0
638853629,chair_2,3.17146,398,0.432978,0.487937,0.634145,0.558495,0
638853705,chair_3,55.0051,739,0.0496138,0.0907508,0.219926,0.183878,0
638853735,chair_2,3.17135,398,0.432974,0.487912,0.634143,0.558505,0
638853804,chair_3,55.0051,739,0.0494122,0.0907877,0.22005,0.183979,0
638853837,chair_2,3.17126,398,0.432969,0.487889,0.634141,0.558513,0
638853903,chair_3,55.0051,739,0.0490969,0.0908194,0.220179,0.184077,0
638853939,chair_2,3.17118,398,0.432965,0.487869,0.634138,0.55852,0
638854004,chair_3,55.0051,740,0.0491182,0.0908375,0.220355,0.184276,0
638854036,chair_2,3.17111,398,0.432961,0.487852,0.634136,0.558526,0
638854102,chair_3,55.0051,739,0.0490809,0.090714,0.219844,0.183764,0
638854126,chair_2,3.17105,398,0.432959,0.487838,0.634134,0.558531,0
638854205,chair_3,55.0051,739,0.0489289,0.0907434,0.219953,0.183855,0
638854228,chair_2,3.171,398,0.432956,0.487826,0.634133,0.558535,0
638854304,chair_3,55.0051,740,0.0489438,0.0907329,0.220002,0.183935,0
638854329,chair_2,3.171,398,0.432956,0.487826,0.634133,0.558535,0
638854403,chair_3,55.0051,740,0.0489641,0.0908353,0.220412,0.184318,0
638854408,chair_2,3.171,398,0.432956,0.487826,0.634133,0.558535,0
638854503,chair_3,55.0051,740,0.0489641,0.0908353,0.220412,0.184318,0
638854507,chair_2,3.171,398,0.432956,0.487826,0.634133,0.558535,0
638854604,chair_3,55.0051,740,0.048964,0.0908353,0.220412,0.184318,0
638854627,chair_2,3.171,398,0.432956,0.487826,0.634133,0.558535,0
638854705,chair_3,55.0051,740,0.0489633,0.0908295,0.220396,0.184303,0
638854729,chair_2,3.171,398,0.432957,0.487826,0.634133,0.558535,0
638854804,chair_3,55.0051,739,0.0489174,0.0906821,0.219712,0.18363,0
638854829,chair_2,3.171,398,0.432956,0.487826,0.634133,0.558535,0
638854903,chair_3,55.0051,739,0.0487774,0.0906999,0.219763,0.183668,0
638854928,chair_2,3.171,398,0.432956,0.487826,0.634133,0.558535,0
638855006,chair_3,55.0051,739,0.0487905,0.090885,0.220039,0.183925,0
638855036,chair_2,3.171,398,0.432956,0.487826,0.634133,0.558535,0
638855104,chair_3,55.0051,740,0.0488064,0.0908763,0.2201,0.184017,0
638855128,chair_2,3.171,398,0.432956,0.487826,0.634133,0.558535,0
638855203,chair_3,55.0051,740,0.0488138,0.0909131,0.22025,0.184156,0
638855228,chair_2,3.171,398,0.432956,0.487826,0.634133,0.558535,0
638855303,chair_3,55.0051,739,0.04877,0.0907778,0.219608,0.183523,0
638855327,chair_2,3.171,398,0.432956,0.487826,0.634133,0.558535,0
638855403,chair_3,55.0064,739,0.0487558,0.0908985,0.219877,0.183511,0
638855429,chair_2,3.171,398,0.432956,0.487826,0.634133,0.558535,0
638855503,chair_3,55.0064,739,0.0486191,0.0909556,0.220135,0.183741,0
638855529,chair_2,3.171,398,0.432956,0.487826,0.634133,0.558535,0
638855603,chair_3,55.0064,740,0.0486368,0.0909548,0.220226,0.18386,0
638855626,chair_2,3.171,398,0.432956,0.487826,0.634133,0.558535,0
638855704,chair_3,55.0064,739,0.0486154,0.0909274,0.22006,0.183671,0
638855739,chair_2,3.171,398,0.432957,0.487826,0.634133,0.558535,0
638855805,chair_3,55.0064,740,0.0486286,0.0908982,0.220061,0.183706,0
638855831,chair_2,3.171,398,0.432956,0.487826,0.634133,0.558535,0
638855903,chair_3,55.0064,740,0.0486481,0.0909961,0.220455,0.184073,0
638855930,chair_2,3.171,398,0.432956,0.487826,0.634133,0.558535,0
638856005,chair_3,55.0064,741,0.0486577,0.0909536,0.220378,0.184036,0
638856039,chair_2,3.171,398,0.432956,0.487826,0.634133,0.558535,0
638856105,chair_3,55.0064,743,0.0486594,0.0908474,0.220072,0.183791,0
638856111,chair_2,3.171,398,0.432956,0.487826,0.634133,0.558535,0
638856206,chair_3,55.0064,743,0.0486594,0.0908474,0.220072,0.183791,0
638856212,chair_2,3.171,398,0.432956,0.487826,0.634133,0.558535,0
638856305,chair_3,55.0064,743,0.0486594,0.0908474,0.220072,0.183791,0
638856312,chair_2,3.171,398,0.432956,0.487826,0.634133,0.558535,0
638856404,chair_3,55.0064,743,0.0486594,0.0908474,0.220072,0.183791,0
638856413,chair_2,3.171,398,0.432956,0.487826,0.634133,0.558535,0
638856503,chair_3,55.0064,743,0.0486594,0.0908474,0.220072,0.183791,0
638856508,chair_2,3.171,398,0.432956,0.487826,0.634133,0.558535,0
638856604,chair_3,55.0064,743,0.0486594,0.0908474,0.220072,0.183791,0
638856609,chair_2,3.171,398,0.432956,0.487826,0.634133,0.558535,0
638856704,chair_3,55.0064,743,0.0486594,0.0908474,0.220072,0.183791,0
638856708,chair_2,3.171,398,0.432956,0.487826,0.634133,0.558535,0
638856806,chair_3,55.0064,743,0.0486593,0.0908474,0.220072,0.183791,0
638856813,chair_2,3.171,398,0.432957,0.487826,0.634133,0.558535,0
638856905,chair_3,55.0064,743,0.0486593,0.0908474,0.220072,0.183791,0
638856911,chair_2,3.171,398,0.432957,0.487826,0.634133,0.558535,0
638857005,chair_3,55.0064,743,0.0486594,0.0908474,0.220072,0.183791,0
638857009,chair_2,3.171,398,0.432956,0.487826,0.634133,0.558535,0
638857105,chair_3,55.0064,743,0.0486594,0.0908474,0.220072,0.183791,0
638857112,chair_2,3.171,398,0.432956,0.487826,0.634133,0.558535,0
638857203,chair_3,55.0064,743,0.0486594,0.0908474,0.220072,0.183791,0
638857208,chair_2,3.171,398,0.432956,0.487826,0.634133,0.558535,0
638857303,chair_3,55.0064,743,0.0486594,0.0908474,0.220072,0.183791,0
638857307,chair_2,3.171,398,0.432956,0.487826,0.634133,0.558535,0
638857405,chair_3,55.0064,743,0.0486594,0.0908474,0.220072,0.183791,0
638857409,chair_2,3.171,398,0.432956,0.487826,0.634133,0.558535,0
638857505,chair_3,55.0064,743,0.0486594,0.0908474,0.220072,0.183791,0
638857512,chair_2,3.171,398,0.432956,0.487826,0.634133,0.558535,0
638857606,chair_3,55.0064,743,0.0486594,0.0908474,0.220072,0.183791,0
638857612,chair_2,3.171,398,0.432956,0.487826,0.634133,0.558535,0
638857705,chair_3,55.0064,743,0.0486593,0.0908474,0.220072,0.183791,0
638857710,chair_2,3.171,398,0.432956,0.487826,0.634133,0.558535,0
638857807,chair_3,55.0064,743,0.0486593,0.0908474,0.220072,0.183791,0
638857813,chair_2,3.171,398,0.432957,0.487826,0.634133,0.558535,0
638857904,chair_3,55.0064,743,0.0486593,0.0908474,0.220072,0.183791,0
638857928,chair_2,3.171,398,0.432957,0.487826,0.634133,0.558535,0
638858003,chair_3,55.0064,740,0.0486356,0.0909368,0.220202,0.183837,0
638858032,chair_2,3.171,398,0.432956,0.487826,0.634133,0.558535,0
638858103,chair_3,55.0064,739,0.0486155,0.0909209,0.22006,0.183671,0
638858126,chair_2,3.171,398,0.432956,0.487826,0.634133,0.558535,0
638858203,chair_3,55.0064,740,0.0486271,0.0908845,0.22003,0.183676,0
638858228,chair_2,3.171,398,0.432956,0.487826,0.634133,0.558535,0
638858303,chair_3,55.0064,740,0.0486382,0.0909408,0.220253,0.183885,0
638858328,chair_2,3.171,398,0.432956,0.487826,0.634133,0.558535,0
638858404,chair_3,55.0064,739,0.0486056,0.090866,0.219853,0.183477,0
638858429,chair_2,3.17112,398,0.432965,0.487883,0.634124,0.558541,0
638858505,chair_3,55.0064,739,0.0484375,0.0908875,0.219964,0.183569,0
638858535,chair_2,3.17116,398,0.43297,0.487922,0.634139,0.55856,0
638858604,chair_3,55.0064,740,0.0484522,0.0908681,0.219994,0.183631,0
638858629,chair_2,3.1712,398,0.432974,0.487956,0.634156,0.558578,0
638858703,chair_3,55.0064,740,0.0484702,0.0909578,0.220357,0.18397,0
638858726,chair_2,3.17123,398,0.432978,0.487986,0.634172,0.558595,0
638858803,chair_3,55.0064,741,0.0484787,0.0909093,0.220257,0.183911,0
638858827,chair_2,3.17134,398,0.432985,0.488033,0.634188,0.558601,0
638858905,chair_3,55.0064,741,0.0484849,0.0909398,0.22038,0.184026,0
638858940,chair_2,3.17142,398,0.43299,0.488071,0.634203,0.55861,0
638859003,chair_3,55.0064,740,0.0484507,0.0908289,0.219963,0.183602,0
638859028,chair_2,3.17149,398,0.432995,0.488104,0.634217,0.55862,0
638859103,chair_3,55.0064,740,0.0484602,0.0908791,0.220154,0.18378,0
638859128,chair_2,3.17154,398,0.432999,0.488133,0.63423,0.558629,0
638859205,chair_3,55.0064,739,0.0484299,0.0908082,0.219804,0.183419,0
638859237,chair_2,3.17158,398,0.433003,0.488158,0.634243,0.558639,0
638859304,chair_3,55.0064,739,0.0482304,0.0908087,0.219922,0.183515,0
638859329,chair_2,3.1716,398,0.433005,0.488183,0.634254,0.558653,0
638859403,chair_3,55.0064,740,0.0482457,0.0907858,0.219958,0.183583,0
638859408,chair_2,3.17162,398,0.433008,0.488205,0.634266,0.558667,0
638859505,chair_3,55.0064,740,0.0482457,0.0907858,0.219958,0.183583,0
638859509,chair_2,3.17163,398,0.43301,0.488224,0.634278,0.55868,0
638859603,chair_3,55.0064,740,0.0482457,0.0907858,0.219958,0.183583,0
638859607,chair_2,3.17164,398,0.433012,0.488241,0.634289,0.558692,0
638859803,chair_3,55.0064,740,0.0482457,0.0907858,0.219958,0.183583,0
638859807,chair_2,3.17163,398,0.433014,0.488256,0.634281,0.558702,0
638859903,chair_3,55.0064,740,0.0482457,0.0907858,0.219958,0.183583,0
638859907,chair_2,3.17163,398,0.433013,0.488256,0.634281,0.558701,0
638860003,chair_3,55.0064,740,0.0482457,0.0907858,0.219958,0.183583,0
638860007,chair_2,3.17163,398,0.433013,0.488256,0.634281,0.558701,0
638860115,chair_3,55.0064,740,0.0482457,0.0907858,0.219958,0.183583,0
638860131,chair_2,3.17163,398,0.433013,0.488256,0.634281,0.558701,0
638860203,chair_3,55.0064,740,0.0482457,0.0907858,0.219958,0.183583,0
638860207,chair_2,3.17163,398,0.433013,0.488256,0.634281,0.558701,0
638860303,chair_3,55.0064,740,0.0482457,0.0907858,0.219958,0.183583,0
638860327,chair_2,3.17163,398,0.433013,0.488256,0.634281,0.558701,0
638860403,chair_3,55.0064,740,0.0480191,0.0908143,0.220073,0.183676,0
638860436,chair_2,3.17163,398,0.433013,0.488256,0.634281,0.558701,0
638860503,chair_3,55.0064,740,0.0480039,0.09073,0.219765,0.183387,0
638860528,chair_2,3.17163,398,0.433013,0.488256,0.634281,0.558701,0
638860608,chair_3,55.0064,740,0.0480191,0.0908088,0.220074,0.183676,0
638860637,chair_2,3.17163,398,0.433013,0.488256,0.634281,0.558701,0
638860703,chair_3,55.0024,740,0.0481558,0.090749,0.219531,0.183198,0
638860727,chair_2,3.17163,398,0.433014,0.488256,0.634281,0.558702,0
638860803,chair_3,55.003,740,0.0482983,0.090864,0.21987,0.183347,0
638860827,chair_2,3.17163,398,0.433014,0.488256,0.634281,0.558702,0
638860903,chair_3,55.003,739,0.0482733,0.0908222,0.219634,0.183091,0
638860927,chair_2,3.17163,398,0.433013,0.488256,0.634281,0.558701,0
638861103,chair_3,55.003,740,0.0482848,0.0907807,0.219596,0.18309,0
638861128,chair_2,3.17163,398,0.433013,0.488256,0.634281,0.558701,0
638861206,chair_3,55.003,740,0.0483033,0.0908746,0.219973,0.183444,0
638861235,chair_2,3.17163,398,0.433013,0.488256,0.634281,0.558701,0
638861304,chair_3,55.003,739,0.0482621,0.0907482,0.219401,0.182873,0
638861330,chair_2,3.17163,398,0.433013,0.488256,0.634281,0.558701,0
638861405,chair_3,55.0052,739,0.0480179,0.0909385,0.219677,0.182976,0
638861430,chair_2,3.17163,398,0.433013,0.488256,0.634281,0.558701,0
638861503,chair_3,55.0052,740,0.0477528,0.090895,0.21963,0.182948,0
638861531,chair_2,3.17163,398,0.433013,0.488256,0.634281,0.558701,0
638861603,chair_3,55.0054,740,0.047754,0.091025,0.220045,0.183288,0
638861629,chair_2,3.17163,398,0.433014,0.488256,0.634281,0.558702,0
638861703,chair_3,55.0054,740,0.0477576,0.0910414,0.220123,0.183362,0
638861728,chair_2,3.17163,398,0.433014,0.488256,0.634281,0.558702,0
638861804,chair_3,55.0054,741,0.0477665,0.0909909,0.220016,0.183296,0
638861811,chair_2,3.17163,398,0.433013,0.488256,0.634281,0.558701,0
638861905,chair_3,55.0054,741,0.0477665,0.0909909,0.220016,0.183296,0
638861911,chair_2,3.17163,398,0.433013,0.488256,0.634281,0.558701,0
638862005,chair_3,55.0054,741,0.0477665,0.0909909,0.220016,0.183296,0
638862014,chair_2,3.17163,398,0.433013,0.488256,0.634281,0.558701,0
638862104,chair_3,55.0054,741,0.0477665,0.0909909,0.220016,0.183296,0
638862112,chair_2,3.17163,398,0.433013,0.488256,0.634281,0.558701,0
638862204,chair_3,55.0054,741,0.0477665,0.0909909,0.220016,0.183296,0
638862211,chair_2,3.17163,398,0.433013,0.488256,0.634281,0.558701,0
638862304,chair_3,55.0054,741,0.0477665,0.0909909,0.220016,0.183296,0
638862308,chair_2,3.17163,398,0.433013,0.488256,0.634281,0.558701,0
638862402,chair_3,55.0054,741,0.0477665,0.0909909,0.220016,0.183296,0
638862407,chair_2,3.17163,398,0.433013,0.488256,0.634281,0.558701,0
638862503,chair_3,55.0054,741,0.0477664,0.0909909,0.220016,0.183296,0
638862508,chair_2,3.17163,398,0.433013,0.488256,0.634281,0.558702,0
638862603,chair_3,55.0054,741,0.0477664,0.0909909,0.220016,0.183296,0
638862607,chair_2,3.17163,398,0.433014,0.488256,0.634281,0.558702,0
638862704,chair_3,55.0054,741,0.0477664,0.0909909,0.220016,0.183296,0
638862728,chair_2,3.17163,398,0.433014,0.488256,0.634281,0.558702,0
638862803,chair_3,55.0054,741,0.0477699,0.091009,0.220088,0.183363,0
638862826,chair_2,3.17163,398,0.433013,0.488256,0.634281,0.558701,0
638862905,chair_3,55.0054,740,0.0477363,0.0909245,0.219667,0.182935,0
638862929,chair_2,3.17163,398,0.433013,0.488256,0.634281,0.558701,0
638863005,chair_3,55.0054,740,0.0477439,0.0909722,0.219825,0.183083,0
638863038,chair_2,3.17157,398,0.433007,0.488218,0.634315,0.558704,0
638863105,chair_3,55.0054,740,0.0477316,0.0909187,0.219574,0.182849,0
638863133,chair_2,3.17153,398,0.433003,0.488184,0.634287,0.558684,0
638863206,chair_3,55.0054,740,0.0477449,0.0909868,0.219846,0.183103,0
638863234,chair_2,3.1715,398,0.433,0.488159,0.63427,0.558668,0
638863304,chair_3,55.0054,740,0.0477468,0.0909921,0.219888,0.183142,0
638863332,chair_2,3.17149,398,0.432998,0.488141,0.634275,0.558661,0
638863404,chair_3,55.0054,740,0.0477346,0.0909223,0.219634,0.182904,0
638863429,chair_2,3.1714,398,0.432989,0.488066,0.634272,0.558633,0
638863505,chair_3,55.0054,740,0.0477488,0.0910047,0.219933,0.183184,0
638863531,chair_2,3.17138,398,0.432983,0.488009,0.634248,0.558595,0
638863604,chair_3,55.0054,739,0.0477204,0.0909549,0.219635,0.18287,0
638863628,chair_2,3.17136,398,0.432978,0.487963,0.63422,0.55856,0
638863703,chair_3,55.0054,740,0.0473512,0.0908792,0.219478,0.182734,0
638863730,chair_2,3.17136,398,0.432975,0.487926,0.634194,0.558529,0
638863803,chair_3,55.0054,740,0.0473631,0.0909435,0.219735,0.182973,0
638863829,chair_2,3.17136,398,0.432972,0.487898,0.63417,0.558502,0
638863903,chair_3,55.0054,740,0.047366,0.0909476,0.219798,0.183032,0
638863926,chair_2,3.17136,398,0.43297,0.487876,0.634151,0.558481,0
638864004,chair_3,55.0054,739,0.0473406,0.0909032,0.219555,0.18277,0
638864029,chair_2,3.17137,398,0.432969,0.48786,0.634135,0.558463,0
638864104,chair_3,55.0054,740,0.0469696,0.0908305,0.219395,0.182631,0
638864131,chair_2,3.17138,398,0.432968,0.487848,0.634123,0.558449,0
638864209,chair_3,55.0067,740,0.0470967,0.0910003,0.219885,0.182807,0
638864214,chair_2,3.1714,398,0.432968,0.487841,0.634113,0.558438,0
638864303,chair_3,55.0067,740,0.0470967,0.0910003,0.219885,0.182807,0
638864327,chair_2,3.17141,398,0.432968,0.487837,0.634105,0.558429,0
638864403,chair_3,55.0067,739,0.0470634,0.0909133,0.219469,0.182387,0
638864427,chair_2,3.17143,398,0.432968,0.487837,0.6341,0.558423,0
638864503,chair_3,55.0067,739,0.0467664,0.0909345,0.219579,0.182467,0
638864527,chair_2,3.17143,398,0.432968,0.487837,0.6341,0.558423,0
638864602,chair_3,55.0067,740,0.0464284,0.0908899,0.219493,0.182394,0
638864627,chair_2,3.17143,398,0.432968,0.487837,0.6341,0.558423,0
638864704,chair_3,55.0077,740,0.0464585,0.0909411,0.219563,0.182296,0
638864730,chair_2,3.17143,398,0.432968,0.487837,0.6341,0.558423,0
638864805,chair_3,55.0077,740,0.0464663,0.0909962,0.219761,0.182481,0
638864840,chair_2,3.1715,398,0.432971,0.487852,0.634095,0.558412,0
638864903,chair_3,55.007,739,0.0462991,0.0908551,0.219357,0.182317,0
638864927,chair_2,3.17155,398,0.432974,0.487865,0.634095,0.558408,0
638865005,chair_3,55.007,740,0.0463105,0.0908064,0.219284,0.182283,0
638865042,chair_2,3.1716,398,0.432976,0.487879,0.634096,0.558406,0
638865104,chair_3,55.007,740,0.0463242,0.0908988,0.219629,0.182603,0
638865132,chair_2,3.17163,398,0.432978,0.487891,0.634098,0.558406,0
638865205,chair_3,55.007,739,0.0462907,0.0907954,0.219159,0.182133,0
638865231,chair_2,3.17166,398,0.43298,0.487904,0.6341,0.558407,0
638865305,chair_3,55.0082,739,0.0461683,0.0908562,0.219444,0.182315,0
638865339,chair_2,3.17171,398,0.432984,0.48793,0.634098,0.558411,0
638865407,chair_3,55.0082,740,0.0461838,0.0908344,0.219467,0.182371,0
638865432,chair_2,3.1716,398,0.43298,0.487912,0.634102,0.558429,0
638865503,chair_3,55.0082,740,0.0461932,0.0909045,0.219714,0.1826,0
638865528,chair_2,3.1715,398,0.432976,0.487897,0.634106,0.558446,0
638865603,chair_3,55.0082,739,0.0461585,0.090801,0.219203,0.182092,0
638865628,chair_2,3.17142,398,0.432973,0.487883,0.634109,0.558459,0
638865702,chair_3,55.0098,739,0.0459856,0.0908658,0.219503,0.182256,0
638865727,chair_2,3.17134,398,0.432969,0.487871,0.634112,0.558471,0
638865805,chair_3,55.0098,740,0.0460007,0.0908425,0.219516,0.182302,0
638865811,chair_2,3.17127,398,0.432966,0.48786,0.634114,0.558482,0
638865903,chair_3,55.0098,740,0.0460007,0.0908425,0.219516,0.182302,0
638865907,chair_2,3.17122,398,0.432964,0.487851,0.634116,0.558492,0
638866003,chair_3,55.0098,740,0.0460007,0.0908425,0.219516,0.182302,0
638866008,chair_2,3.17117,398,0.432962,0.487844,0.634118,0.5585,0
638866105,chair_3,55.0098,740,0.0460007,0.0908425,0.219516,0.182302,0
638866110,chair_2,3.17113,398,0.43296,0.487838,0.63412,0.558508,0
638866203,chair_3,55.0098,740,0.0460007,0.0908425,0.219516,0.182302,0
638866210,chair_2,3.17109,398,0.432959,0.487833,0.634122,0.558514,0
638866303,chair_3,55.0098,740,0.0460007,0.0908425,0.219516,0.182302,0
638866331,chair_2,3.17109,398,0.432959,0.487833,0.634122,0.558514,0
638866404,chair_3,55.0098,740,0.046007,0.0908914,0.21968,0.182454,0
638866444,chair_2,3.17109,398,0.432959,0.487833,0.634122,0.558514,0
638866503,chair_3,55.0098,739,0.0459836,0.0908591,0.219451,0.182208,0
638866527,chair_2,3.17109,398,0.43296,0.487834,0.634122,0.558514,0
638866603,chair_3,55.0098,740,0.0459972,0.0908272,0.219429,0.182221,0
638866628,chair_2,3.17109,398,0.43296,0.487834,0.634122,0.558514,0
638866705,chair_3,55.0098,740,0.0460148,0.0909533,0.219892,0.182652,0
638866742,chair_2,3.17109,398,0.432959,0.487833,0.634122,0.558514,0
638866805,chair_3,55.0098,741,0.0460233,0.0908927,0.219746,0.18255,0
638866836,chair_2,3.17109,398,0.432959,0.487833,0.634122,0.558514,0
638866904,chair_3,55.0098,742,0.0460204,0.0908382,0.219657,0.182502,0
638866941,chair_2,3.17109,398,0.432959,0.487833,0.634122,0.558514,0
638867003,chair_3,55.0098,740,0.0459944,0.0908171,0.219359,0.182156,0
638867031,chair_2,3.17109,398,0.432959,0.487833,0.634122,0.558514,0
638867105,chair_3,55.0098,740,0.0460032,0.0904305,0.219582,0.182362,0
638867138,chair_2,3.17109,398,0.432959,0.487833,0.634122,0.558514,0
638867206,chair_3,55.0098,740,0.0460101,0.0904747,0.219764,0.182532,0
638867238,chair_2,3.17109,398,0.432959,0.487833,0.634122,0.558514,0
638867305,chair_3,55.0098,739,0.0459733,0.0903583,0.2192,0.181975,0
638867330,chair_2,3.17109,398,0.432959,0.487833,0.634122,0.558514,0
638867403,chair_3,55.0132,739,0.045609,0.0905041,0.219526,0.181828,0
638867427,chair_2,3.17109,398,0.43296,0.487834,0.634122,0.558514,0
638867503,chair_3,55.0132,740,0.0453224,0.0904566,0.219461,0.18178,0
638867530,chair_2,3.17109,398,0.43296,0.487834,0.634122,0.558514,0
638867603,chair_3,55.0132,740,0.0453356,0.0905424,0.219803,0.182097,0
638867625,chair_2,3.17109,398,0.432959,0.487833,0.634122,0.558514,0
638867805,chair_3,55.0132,739,0.0453064,0.0904721,0.219438,0.181724,0
638867811,chair_2,3.17109,398,0.432959,0.487833,0.634122,0.558514,0
638867904,chair_3,55.0132,739,0.0453064,0.0904721,0.219438,0.181724,0
638867909,chair_2,3.17109,398,0.432959,0.487833,0.634122,0.558514,0
638868005,chair_3,55.0132,739,0.0453064,0.0904721,0.219438,0.181724,0
638868010,chair_2,3.17109,398,0.432959,0.487833,0.634122,0.558514,0
638868103,chair_3,55.0132,739,0.0453064,0.0904721,0.219438,0.181724,0
638868107,chair_2,3.17109,398,0.432959,0.487833,0.634122,0.558514,0
638868202,chair_3,55.0132,739,0.0453064,0.0904721,0.219438,0.181724,0
638868206,chair_2,3.17109,398,0.432959,0.487833,0.634122,0.558514,0
638868303,chair_3,55.0132,739,0.0453064,0.0904721,0.219438,0.181724,0
638868307,chair_2,3.17109,398,0.43296,0.487834,0.634122,0.558514,0
638868403,chair_3,55.0132,739,0.0453064,0.0904721,0.219438,0.181724,0
638868407,chair_2,3.17109,398,0.43296,0.487834,0.634122,0.558514,0
638868505,chair_3,55.0132,739,0.0453064,0.0904721,0.219438,0.181724,0
638868511,chair_2,3.17109,398,0.432959,0.487833,0.634122,0.558514,0
638868605,chair_3,55.0132,739,0.0453064,0.0904721,0.219438,0.181724,0
638868611,chair_2,3.17109,398,0.432959,0.487833,0.634122,0.558514,0
638868704,chair_3,55.0132,739,0.0453064,0.0904721,0.219438,0.181724,0
638868710,chair_2,3.17109,398,0.432959,0.487833,0.634122,0.558514,0
638868803,chair_3,55.0132,739,0.0453064,0.0904721,0.219438,0.181724,0
638868808,chair_2,3.17109,398,0.432959,0.487833,0.634122,0.558514,0
638868904,chair_3,55.0132,739,0.0453064,0.0904721,0.219438,0.181724,0
638868911,chair_2,3.17109,398,0.432959,0.487833,0.634122,0.558514,0
638869005,chair_3,55.0132,739,0.0453064,0.0904721,0.219438,0.181724,0
638869009,chair_2,3.17109,398,0.432959,0.487833,0.634122,0.558514,0
638869105,chair_3,55.0132,739,0.0453064,0.0904721,0.219438,0.181724,0
638869111,chair_2,3.17109,398,0.432959,0.487833,0.634122,0.558514,0
638869205,chair_3,55.0132,739,0.0453064,0.0904721,0.219438,0.181724,0
638869211,chair_2,3.17109,398,0.432959,0.487833,0.634122,0.558514,0
638869305,chair_3,55.0132,739,0.0453064,0.0904721,0.219438,0.181724,0
638869312,chair_2,3.17109,398,0.43296,0.487834,0.634122,0.558514,0
638869404,chair_3,55.0132,739,0.0453064,0.0904721,0.219438,0.181724,0
638869411,chair_2,3.17109,398,0.43296,0.487834,0.634122,0.558514,0
638869505,chair_3,55.0132,739,0.0453064,0.0904721,0.219438,0.181724,0
638869510,chair_2,3.17109,398,0.432959,0.487833,0.634122,0.558514,0
638869604,chair_3,55.0132,739,0.0453064,0.0904721,0.219438,0.181724,0
638869608,chair_2,3.17109,398,0.432959,0.487833,0.634122,0.558514,0
638869704,chair_3,55.0132,739,0.0453064,0.0904721,0.219438,0.181724,0
638869736,chair_2,3.17109,398,0.432959,0.487833,0.634122,0.558514,0
638869903,chair_3,55.0132,740,0.0453203,0.0904316,0.219403,0.181726,0
638869941,chair_2,3.17109,398,0.432959,0.487833,0.634122,0.558514,0
638870003,chair_3,55.0132,740,0.0453313,0.090504,0.219691,0.181993,0
638870028,chair_2,3.17109,398,0.432959,0.487833,0.634122,0.558514,0
638870105,chair_3,55.0132,743,0.0453533,0.0904051,0.219495,0.181881,0
638870139,chair_2,3.17109,398,0.432959,0.487833,0.634122,0.558514,0
638870203,chair_3,55.0132,740,0.0453374,0.0905464,0.219851,0.182142,0
638870227,chair_2,3.17109,398,0.43296,0.487834,0.634122,0.558514,0
638870303,chair_3,55.0115,739,0.0453125,0.0904192,0.219346,0.181889,0
638870327,chair_2,3.17109,398,0.43296,0.487834,0.634122,0.558514,0
638870403,chair_3,55.0115,740,0.0453266,0.0903862,0.219325,0.181904,0
638870429,chair_2,3.17109,398,0.43296,0.487834,0.634122,0.558514,0
638870503,chair_3,55.0115,740,0.0453399,0.0904748,0.219678,0.182232,0
638870560,chair_2,3.17109,398,0.432959,0.487833,0.634122,0.558514,0
638870603,chair_3,55.0115,740,0.0453298,0.0904065,0.219406,0.181979,0
638870633,chair_2,3.17109,398,0.432959,0.487833,0.634122,0.558514,0
638870703,chair_3,55.0115,740,0.0453391,0.090469,0.219655,0.182211,0
638870727,chair_2,3.17109,398,0.432959,0.487833,0.634122,0.558514,0
638870803,chair_3,55.0115,740,0.0453404,0.0904685,0.219692,0.182245,0
638870827,chair_2,3.17118,398,0.432968,0.487896,0.634131,0.558535,0
638870903,chair_3,55.0115,739,0.0453163,0.0904248,0.219446,0.181982,0
638870931,chair_2,3.17121,398,0.432972,0.487938,0.634152,0.558562,0
638871003,chair_3,55.0115,740,0.0453302,0.0903918,0.219415,0.181988,0
638871030,chair_2,3.17123,398,0.432976,0.487973,0.634172,0.558587,0
638871103,chair_3,55.0115,740,0.0453398,0.0904685,0.219676,0.182231,0
638871129,chair_2,3.17126,398,0.43298,0.488006,0.634191,0.558607,0
638871206,chair_3,55.0115,740,0.0453335,0.0904253,0.219505,0.182071,0
638871213,chair_2,3.17132,398,0.432986,0.488048,0.634208,0.558622,0
638871304,chair_3,55.0115,740,0.0453335,0.0904253,0.219505,0.182071,0
638871308,chair_2,3.17138,398,0.43299,0.488084,0.634225,0.558637,0
638871404,chair_3,55.0115,740,0.0453335,0.0904253,0.219505,0.182071,0
638871428,chair_2,3.17142,398,0.432994,0.488115,0.63424,0.558651,0
638871503,chair_3,55.0115,740,0.0453402,0.090471,0.219686,0.18224,0
638871527,chair_2,3.17145,398,0.432998,0.488141,0.634254,0.558664,0
638871604,chair_3,55.0115,740,0.0453295,0.090393,0.219396,0.18197,0
638871644,chair_2,3.17147,398,0.433,0.488167,0.634267,0.558682,0
638871705,chair_3,55.0115,740,0.0453405,0.0904681,0.219695,0.182248,0
638871748,chair_2,3.17147,398,0.433003,0.488189,0.634281,0.558698,0
638871803,chair_3,55.0115,740,0.0453273,0.0903743,0.21934,0.181918,0
638871829,chair_2,3.17148,398,0.433004,0.488208,0.634293,0.558713,0
638871905,chair_3,55.0115,740,0.0453388,0.0904642,0.219647,0.182204,0
638871933,chair_2,3.17148,398,0.433006,0.488223,0.634286,0.55872,0
638872005,chair_3,55.0115,740,0.0453409,0.0904696,0.219706,0.182258,0
638872046,chair_2,3.17149,398,0.433008,0.488239,0.634307,0.558736,0
638872103,chair_3,55.0115,739,0.0453097,0.0903793,0.219269,0.181817,0
638872127,chair_2,3.17147,398,0.433009,0.488253,0.634303,0.558748,0
638872203,chair_3,55.0115,740,0.0450979,0.0903359,0.219174,0.181747,0
638872228,chair_2,3.1715,398,0.433011,0.48827,0.634301,0.558752,0
638872303,chair_3,55.0115,740,0.0451074,0.0904,0.21943,0.181985,0
638872327,chair_2,3.1715,398,0.433011,0.48827,0.634301,0.558752,0
638872404,chair_3,55.0115,741,0.0451279,0.0904167,0.21959,0.182169,0
638872441,chair_2,3.1715,398,0.433011,0.488269,0.634301,0.558752,0
638872504,chair_3,55.0115,741,0.0451299,0.0904309,0.219646,0.182222,0
638872551,chair_2,3.1715,398,0.433011,0.488269,0.634301,0.558752,0
638872603,chair_3,55.0115,739,0.045087,0.0903903,0.219284,0.181816,0
638872627,chair_2,3.1715,398,0.433011,0.488269,0.634301,0.558752,0
638872705,chair_3,55.0115,740,0.0447057,0.0903354,0.219169,0.181715,0
638872739,chair_2,3.1715,398,0.433011,0.488269,0.634301,0.558752,0
638872805,chair_3,55.0115,740,0.0447141,0.0903953,0.21941,0.18194,0
638872838,chair_2,3.1715,398,0.433011,0.488269,0.634301,0.558752,0
638872903,chair_3,55.0115,741,0.0447342,0.0904173,0.219566,0.182122,0
638872907,chair_2,3.1715,398,0.433011,0.488269,0.634301,0.558752,0
638873005,chair_3,55.0115,741,0.0447342,0.0904173,0.219566,0.182122,0
638873010,chair_2,3.1715,398,0.433011,0.488269,0.634301,0.558752,0
638873103,chair_3,55.0115,741,0.0447341,0.0904173,0.219566,0.182122,0
638873107,chair_2,3.1715,398,0.433011,0.48827,0.634301,0.558752,0
638873204,chair_3,55.0115,741,0.0447341,0.0904173,0.219566,0.182122,0
638873208,chair_2,3.1715,398,0.433011,0.48827,0.634301,0.558752,0
638873305,chair_3,55.0115,741,0.0447341,0.0904173,0.219566,0.182122,0
638873312,chair_2,3.1715,398,0.433011,0.48827,0.634301,0.558752,0
638873404,chair_3,55.0115,741,0.0447342,0.0904173,0.219566,0.182122,0
638873408,chair_2,3.1715,398,0.433011,0.488269,0.634301,0.558752,0
638873503,chair_3,55.0115,741,0.0447342,0.0904173,0.219566,0.182122,0
638873527,chair_2,3.1715,398,0.433011,0.488269,0.634301,0.558752,0
638873607,chair_3,55.0115,740,0.0447186,0.0904373,0.219545,0.182066,0
638873650,chair_2,3.1715,398,0.433011,0.488269,0.634301,0.558752,0
638873703,chair_3,55.0112,740,0.0445051,0.0903373,0.21928,0.181965,0
638873727,chair_2,3.1715,398,0.433011,0.488269,0.634301,0.558752,0
638873803,chair_3,55.0112,740,0.0445101,0.0903812,0.219432,0.182108,0
638873827,chair_2,3.1715,398,0.433011,0.488269,0.634301,0.558752,0
638873903,chair_3,55.0115,743,0.0446019,0.0903223,0.21922,0.181837,0
638873929,chair_2,3.1715,398,0.433011,0.488269,0.634301,0.558752,0
638874003,chair_3,55.0115,740,0.0445775,0.0904146,0.219373,0.181908,0
638874027,chair_2,3.1715,398,0.433011,0.48827,0.634301,0.558752,0
638874103,chair_3,55.012,741,0.0446804,0.0904486,0.219498,0.181889,0
638874128,chair_2,3.1715,398,0.433011,0.48827,0.634301,0.558752,0
638874205,chair_3,55.0109,740,0.0445944,0.0903962,0.219206,0.181648,0
638874232,chair_2,3.1715,398,0.433011,0.48827,0.634301,0.558752,0
638874303,chair_3,55.0133,740,0.0445859,0.0905276,0.219703,0.181911,0
638874345,chair_2,3.1715,398,0.433011,0.488269,0.634301,0.558752,0
638874405,chair_3,55.0129,739,0.0442201,0.0904408,0.219105,0.181217,0
638874436,chair_2,3.1715,398,0.433011,0.488269,0.634301,0.558752,0
638874503,chair_3,55.0129,740,0.0439845,0.0903727,0.218966,0.181105,0
638874527,chair_2,3.1715,398,0.433011,0.488269,0.634301,0.558752,0
638874605,chair_3,55.0129,740,0.0441533,0.0903762,0.219268,0.181579,0
638874630,chair_2,3.17148,398,0.433007,0.488237,0.634313,0.558739,0
638874703,chair_3,55.016,740,0.043836,0.0903402,0.219384,0.181613,0
638874728,chair_2,3.17145,398,0.433003,0.488204,0.634301,0.55872,0
638874803,chair_3,55.0118,740,0.0443147,0.090372,0.219414,0.181935,0
638874826,chair_2,3.17144,398,0.433,0.488177,0.634287,0.558701,0
638874903,chair_3,55.0137,743,0.044427,0.0903303,0.219297,0.18157,0
638874927,chair_2,3.17144,398,0.432998,0.488155,0.634273,0.558682,0
638875005,chair_3,55.0137,740,0.0443998,0.0904025,0.219378,0.181578,0
638875010,chair_2,3.17144,398,0.432997,0.488138,0.634278,0.558673,0
638875103,chair_3,55.0137,740,0.0443998,0.0904025,0.219378,0.181578,0
638875107,chair_2,3.17144,398,0.432996,0.488125,0.634274,0.558662,0
638875203,chair_3,55.0137,740,0.0443998,0.0904025,0.219378,0.181578,0
638875207,chair_2,3.17138,398,0.432987,0.488059,0.634267,0.558633,0
638875403,chair_3,55.0137,740,0.0443998,0.0904025,0.219378,0.181578,0
638875408,chair_2,3.17137,398,0.432982,0.48801,0.634245,0.558596,0
638875503,chair_3,55.0137,740,0.0443998,0.0904025,0.219378,0.181578,0
638875507,chair_2,3.17137,398,0.432979,0.487972,0.634219,0.558562,0
638875605,chair_3,55.0137,740,0.0443998,0.0904025,0.219378,0.181578,0
638875612,chair_2,3.17138,398,0.432976,0.487942,0.634195,0.558533,0
638875705,chair_3,55.0137,740,0.0443998,0.0904025,0.219378,0.181578,0
638875711,chair_2,3.1714,398,0.432975,0.487919,0.634174,0.558508,0
638875805,chair_3,55.0137,740,0.0443998,0.0904025,0.219378,0.181578,0
638875811,chair_2,3.17142,398,0.432974,0.487902,0.634157,0.558486,0
638875903,chair_3,55.0137,740,0.0443998,0.0904025,0.219378,0.181578,0
638875907,chair_2,3.17143,398,0.432973,0.487888,0.634142,0.55847,0
638876004,chair_3,55.0137,740,0.0443998,0.0904025,0.219378,0.181578,0
638876009,chair_2,3.17144,398,0.432972,0.487879,0.634131,0.558457,0
638876104,chair_3,55.0137,740,0.0443998,0.0904025,0.219378,0.181578,0
638876110,chair_2,3.17144,398,0.432973,0.487879,0.634131,0.558457,0
638876205,chair_3,55.0137,740,0.0443998,0.0904025,0.219378,0.181578,0
638876211,chair_2,3.17144,398,0.432973,0.487879,0.634131,0.558457,0
638876305,chair_3,55.0137,740,0.0443998,0.0904025,0.219378,0.181578,0
638876312,chair_2,3.17144,398,0.432972,0.487879,0.634131,0.558457,0
638876404,chair_3,55.0137,740,0.0443998,0.0904025,0.219378,0.181578,0
638876409,chair_2,3.17144,398,0.432972,0.487879,0.634131,0.558457,0
638876503,chair_3,55.0137,740,0.0443998,0.0904025,0.219378,0.181578,0
638876507,chair_2,3.17144,398,0.432972,0.487879,0.634131,0.558457,0
638876604,chair_3,55.0137,740,0.0443998,0.0904025,0.219378,0.181578,0
638876608,chair_2,3.17144,398,0.432972,0.487879,0.634131,0.558457,0
638876704,chair_3,55.0137,740,0.0443998,0.0904025,0.219378,0.181578,0
638876708,chair_2,3.17144,398,0.432972,0.487879,0.634131,0.558457,0
638876805,chair_3,55.0137,740,0.0443998,0.0904025,0.219378,0.181578,0
638876810,chair_2,3.17153,398,0.432976,0.487895,0.63412,0.55844,0
638876903,chair_3,55.0137,740,0.0443998,0.0904025,0.219378,0.181578,0
638876908,chair_2,3.17159,398,0.432979,0.487908,0.634117,0.558433,0
638877006,chair_3,55.0137,740,0.0443998,0.0904025,0.219378,0.181578,0
638877013,chair_2,3.17162,398,0.432981,0.487925,0.634118,0.558438,0
638877108,chair_3,55.0137,740,0.0443998,0.0904025,0.219378,0.181578,0
638877112,chair_2,3.17164,398,0.432984,0.487942,0.634122,0.558444,0
638877204,chair_3,55.0137,740,0.0443998,0.0904025,0.219378,0.181578,0
638877208,chair_2,3.17149,398,0.432977,0.487917,0.634128,0.558468,0
638877305,chair_3,55.0137,740,0.0443998,0.0904025,0.219378,0.181578,0
638877311,chair_2,3.17137,398,0.432972,0.487895,0.634131,0.558487,0
638877403,chair_3,55.0137,740,0.0443998,0.0904025,0.219378,0.181578,0
638877407,chair_2,3.17126,398,0.432967,0.487876,0.634134,0.558503,0
638877503,chair_3,55.0137,740,0.0443998,0.0904025,0.219378,0.181578,0
638877507,chair_2,3.17116,398,0.432963,0.487859,0.634136,0.558516,0
638877705,chair_3,55.0137,740,0.0443998,0.0904025,0.219378,0.181578,0
638877711,chair_2,3.17108,398,0.43296,0.487845,0.634138,0.558528,0
638877803,chair_3,55.0137,740,0.0443998,0.0904025,0.219378,0.181578,0
638877807,chair_2,3.17106,398,0.432959,0.48784,0.634139,0.558532,0
638877903,chair_3,55.0137,740,0.0443998,0.0904025,0.219378,0.181578,0
638877907,chair_2,3.17102,398,0.432958,0.487834,0.63414,0.558537,0
638878005,chair_3,55.0137,740,0.0443998,0.0904025,0.219378,0.181578,0
638878011,chair_2,3.17099,398,0.432957,0.48783,0.63414,0.558542,0
638878105,chair_3,55.0137,740,0.0443998,0.0904025,0.219378,0.181578,0
638878111,chair_2,3.17097,398,0.432956,0.487826,0.634141,0.558547,0
638878205,chair_3,55.0137,740,0.0443998,0.0904025,0.219378,0.181578,0
638878212,chair_2,3.17094,398,0.432955,0.487823,0.634142,0.558552,0
638878303,chair_3,55.0137,740,0.0443998,0.0904025,0.219378,0.181578,0
638878327,chair_2,3.17094,398,0.432954,0.487822,0.634142,0.558551,0
638878405,chair_3,55.0137,740,0.0444048,0.0904381,0.21952,0.18171,0
638878431,chair_2,3.17094,398,0.432954,0.487822,0.634142,0.558551,0
638878505,chair_3,55.0137,740,0.0444078,0.0904583,0.21961,0.181794,0
638878533,chair_2,3.17094,398,0.432954,0.487822,0.634142,0.558551,0
638878605,chair_3,55.0134,740,0.0442622,0.0902861,0.219048,0.181391,0
638878630,chair_2,3.17094,398,0.432954,0.487822,0.634142,0.558551,0
638878705,chair_3,55.0134,740,0.0442686,0.0903297,0.219233,0.181564,0
638878732,chair_2,3.17094,398,0.432954,0.487822,0.634142,0.558551,0
638878803,chair_3,55.0134,740,0.0442812,0.09044,0.219606,0.18191,0
638878832,chair_2,3.17094,398,0.432954,0.487822,0.634142,0.558551,0
638878905,chair_3,55.0132,739,0.0439856,0.0903711,0.219069,0.18128,0
638878948,chair_2,3.17094,398,0.432954,0.487822,0.634142,0.558551,0
638879005,chair_3,55.0132,740,0.0436746,0.0902994,0.218905,0.181139,0
638879032,chair_2,3.17094,398,0.432955,0.487823,0.634142,0.558552,0
638879103,chair_3,55.0167,740,0.0434668,0.0903262,0.219294,0.181407,0
638879128,chair_2,3.17105,398,0.432962,0.487873,0.634136,0.558556,0
638879205,chair_3,55.0173,740,0.0435267,0.0904018,0.21935,0.181434,0
638879233,chair_2,3.17108,398,0.432966,0.487911,0.634147,0.558577,0
638879303,chair_3,55.0163,740,0.0436457,0.0904405,0.219485,0.181629,0
638879327,chair_2,3.1711,398,0.43297,0.487941,0.634163,0.558595,0
638879404,chair_3,55.0181,742,0.0435648,0.0903782,0.219478,0.181622,0
638879433,chair_2,3.17112,398,0.432972,0.487965,0.634179,0.558611,0
638879505,chair_3,55.0181,740,0.0435416,0.0903677,0.219248,0.18134,0
638879538,chair_2,3.17113,398,0.432975,0.487985,0.634192,0.558625,0
638879604,chair_3,55.0181,740,0.0432143,0.0904002,0.219383,0.181441,0
638879627,chair_2,3.17114,398,0.432976,0.488001,0.634204,0.558637,0
638879704,chair_3,55.0189,740,0.0431495,0.0903799,0.21943,0.181615,0
638879728,chair_2,3.17115,398,0.432978,0.488015,0.634214,0.558647,0
638879804,chair_3,55.0193,740,0.0433526,0.0904827,0.219512,0.18163,0
638879808,chair_2,3.17115,398,0.432979,0.488027,0.634222,0.558656,0
638879905,chair_3,55.0193,740,0.0433526,0.0904827,0.219512,0.18163,0
638879911,chair_2,3.17116,398,0.43298,0.488037,0.63423,0.558664,0
638880003,chair_3,55.0193,740,0.0433526,0.0904828,0.219512,0.18163,0
638880008,chair_2,3.17116,398,0.432982,0.488046,0.634236,0.55867,0
638880103,chair_3,55.0193,740,0.0433526,0.0904827,0.219512,0.18163,0
638880108,chair_2,3.17121,398,0.432985,0.488068,0.634242,0.558674,0
638880205,chair_3,55.0193,740,0.0433526,0.0904827,0.219512,0.18163,0
638880234,chair_2,3.17126,398,0.432987,0.488089,0.634249,0.558679,0
638880303,chair_3,55.0193,740,0.0431589,0.0905052,0.219585,0.181683,0
638880327,chair_2,3.17129,398,0.43299,0.488106,0.634257,0.558683,0
638880403,chair_3,55.0197,740,0.0428063,0.090442,0.219546,0.181725,0
638880427,chair_2,3.17132,398,0.432992,0.488122,0.634264,0.558688,0
638880503,chair_3,55.0187,740,0.0428613,0.0904196,0.21924,0.181355,0
638880526,chair_2,3.17135,398,0.432994,0.488136,0.63427,0.558692,0
638880604,chair_3,55.0205,741,0.0430092,0.0905303,0.219499,0.181544,0
638880629,chair_2,3.17135,398,0.432994,0.488136,0.63427,0.558692,0
638880703,chair_3,55.0191,739,0.0431288,0.0904952,0.219286,0.181377,0
638880728,chair_2,3.17135,398,0.432994,0.488136,0.63427,0.558692,0
638880805,chair_3,55.0196,740,0.0431021,0.0905042,0.219287,0.181308,0
638880828,chair_2,3.17135,398,0.432994,0.488136,0.63427,0.558692,0
638880904,chair_3,55.0204,740,0.043277,0.090634,0.219748,0.181615,0
638880940,chair_2,3.17135,398,0.432995,0.488136,0.63427,0.558692,0
638881009,chair_3,55.0199,739,0.0432691,0.0905596,0.219383,0.181225,0
638881035,chair_2,3.17135,398,0.432995,0.488136,0.63427,0.558692,0
638881105,chair_3,55.0203,740,0.0432454,0.0905399,0.21938,0.181236,0
638881142,chair_2,3.17135,398,0.432994,0.488136,0.63427,0.558692,0
638881205,chair_3,55.0211,740,0.0433511,0.090574,0.219714,0.181664,0
638881228,chair_2,3.17135,398,0.432994,0.488136,0.63427,0.558692,0
638881305,chair_3,55.0203,740,0.0434507,0.0906051,0.2198,0.181803,0
638881340,chair_2,3.17135,398,0.432994,0.488136,0.63427,0.558692,0
638881405,chair_3,55.0202,739,0.0432173,0.0904488,0.219379,0.181616,0
638881435,chair_2,3.17135,398,0.432994,0.488136,0.63427,0.558692,0
638881506,chair_3,55.0202,740,0.0430992,0.0903976,0.219269,0.18154,0
638881540,chair_2,3.17135,398,0.432994,0.488136,0.63427,0.558692,0
638881603,chair_3,55.0214,740,0.0432575,0.0905339,0.219703,0.181832,0
638881627,chair_2,3.17135,398,0.432994,0.488136,0.63427,0.558692,0
638881705,chair_3,55.0214,743,0.0429842,0.0903959,0.219357,0.181555,0
638881711,chair_2,3.17135,398,0.432994,0.488136,0.63427,0.558692,0
638881803,chair_3,55.0214,743,0.0429842,0.0903959,0.219357,0.181555,0
638881807,chair_2,3.17135,398,0.432994,0.488136,0.63427,0.558692,0
638881905,chair_3,55.0214,743,0.0429841,0.0903959,0.219357,0.181555,0
638881911,chair_2,3.17135,398,0.432994,0.488136,0.63427,0.558692,0
638882005,chair_3,55.0214,743,0.0429841,0.0903959,0.219357,0.181555,0
638882011,chair_2,3.17135,398,0.432995,0.488136,0.63427,0.558692,0
638882104,chair_3,55.0214,743,0.0429841,0.0903959,0.219357,0.181555,0
638882110,chair_2,3.17135,398,0.432995,0.488136,0.63427,0.558692,0
638882203,chair_3,55.0214,743,0.0429842,0.0903959,0.219357,0.181555,0
638882208,chair_2,3.17135,398,0.432994,0.488136,0.63427,0.558692,0
638882303,chair_3,55.0214,743,0.0429842,0.0903959,0.219357,0.181555,0
638882310,chair_2,3.17135,398,0.432994,0.488136,0.63427,0.558692,0
638882403,chair_3,55.0214,743,0.0429842,0.0903959,0.219357,0.181555,0
638882409,chair_2,3.17135,398,0.432994,0.488136,0.63427,0.558692,0
638882505,chair_3,55.0214,743,0.0429842,0.0903959,0.219357,0.181555,0
638882511,chair_2,3.17135,398,0.432994,0.488136,0.63427,0.558692,0
638882605,chair_3,55.0214,743,0.0429842,0.0903959,0.219357,0.181555,0
638882612,chair_2,3.17135,398,0.432994,0.488136,0.63427,0.558692,0
638882705,chair_3,55.0214,743,0.0429842,0.0903959,0.219357,0.181555,0
638882711,chair_2,3.17135,398,0.432994,0.488136,0.63427,0.558692,0
638882803,chair_3,55.0214,743,0.0429842,0.0903959,0.219357,0.181555,0
638882809,chair_2,3.1714,398,0.432997,0.488156,0.634279,0.558695,0
638882906,chair_3,55.0214,743,0.0429841,0.0903959,0.219357,0.181555,0
638882912,chair_2,3.17141,398,0.433,0.488173,0.634285,0.558705,0
638883005,chair_3,55.0214,743,0.0429841,0.0903959,0.219357,0.181555,0
638883010,chair_2,3.17143,398,0.433002,0.488188,0.634274,0.558708,0
638883103,chair_3,55.0214,743,0.0429842,0.0903959,0.219357,0.181555,0
638883107,chair_2,3.17144,398,0.433003,0.488203,0.634292,0.55872,0
638883203,chair_3,55.0214,743,0.0429842,0.0903959,0.219357,0.181555,0
638883207,chair_2,3.17145,398,0.433004,0.488214,0.634286,0.558724,0
638883303,chair_3,55.0214,743,0.0429842,0.0903959,0.219357,0.181555,0
638883307,chair_2,3.17145,398,0.433006,0.488227,0.634305,0.558736,0
638883403,chair_3,55.0214,743,0.0429842,0.0903959,0.219357,0.181555,0
638883407,chair_2,3.17146,398,0.433007,0.488236,0.634299,0.558739,0
638883504,chair_3,55.0214,743,0.0429842,0.0903959,0.219357,0.181555,0
638883511,chair_2,3.17146,398,0.433008,0.488245,0.6343,0.558743,0
638883603,chair_3,55.0214,743,0.0429842,0.0903959,0.219357,0.181555,0
638883607,chair_2,3.17147,398,0.433009,0.488253,0.634303,0.558749,0
638883704,chair_3,55.0214,743,0.0429842,0.0903959,0.219357,0.181555,0
638883710,chair_2,3.17146,398,0.433009,0.488263,0.634307,0.558759,0
638883809,chair_3,55.0214,743,0.0429842,0.0903959,0.219357,0.181555,0
638883834,chair_2,3.17146,398,0.43301,0.488273,0.634313,0.558768,0
638883903,chair_3,55.0214,740,0.0429571,0.0904709,0.219475,0.181599,0
638883927,chair_2,3.17145,398,0.433011,0.488281,0.634319,0.558777,0
638884005,chair_3,55.0214,740,0.0429646,0.0905384,0.219712,0.181818,0
638884029,chair_2,3.17144,398,0.433012,0.488288,0.634325,0.558785,0
638884104,chair_3,55.0221,740,0.0426421,0.0903676,0.219333,0.181587,0
638884132,chair_2,3.17144,398,0.433012,0.488294,0.63433,0.558793,0
638884205,chair_3,55.0235,740,0.0427669,0.0904654,0.219696,0.18186,0
638884229,chair_2,3.17143,398,0.433012,0.4883,0.634335,0.558799,0
638884304,chair_3,55.0235,741,0.0427828,0.0904387,0.219666,0.181867,0
638884328,chair_2,3.17143,398,0.433012,0.4883,0.634335,0.558799,0
638884403,chair_3,55.0235,740,0.0427584,0.0904032,0.219434,0.181617,0
638884426,chair_2,3.17143,398,0.433012,0.4883,0.634335,0.558799,0
638884503,chair_3,55.0235,740,0.0424932,0.0904125,0.219476,0.181637,0
638884527,chair_2,3.17143,398,0.433012,0.4883,0.634335,0.558799,0
638884603,chair_3,55.0235,741,0.0425131,0.0904231,0.219588,0.181775,0
638884626,chair_2,3.17143,398,0.433012,0.4883,0.634335,0.558799,0
638884704,chair_3,55.0227,740,0.0423934,0.0902778,0.219138,0.18137,0
638884728,chair_2,3.17143,398,0.433012,0.4883,0.634335,0.5588,0
638884804,chair_3,55.0232,740,0.0425738,0.0903502,0.219411,0.181614,0
638884828,chair_2,3.17143,398,0.433013,0.4883,0.634335,0.5588,0
638884905,chair_3,55.0236,740,0.042734,0.0904009,0.219729,0.181974,0
638884933,chair_2,3.17143,398,0.433013,0.4883,0.634335,0.5588,0
638885004,chair_3,55.0236,742,0.0425302,0.0903078,0.219584,0.181893,0
638885029,chair_2,3.17143,398,0.433012,0.4883,0.634335,0.558799,0
638885103,chair_3,55.0236,740,0.0425101,0.0903014,0.21936,0.181616,0
638885128,chair_2,3.17143,398,0.433012,0.4883,0.634335,0.558799,0
638885205,chair_3,55.0236,740,0.0422745,0.0903255,0.219448,0.181733,0
638885244,chair_2,3.17143,398,0.433012,0.4883,0.634335,0.558799,0
638885305,chair_3,55.0236,741,0.0422948,0.0903359,0.219579,0.181889,0
638885310,chair_2,3.17143,398,0.433012,0.4883,0.634335,0.558799,0
638885404,chair_3,55.0236,741,0.0422948,0.0903359,0.219579,0.181889,0
638885409,chair_2,3.17143,398,0.433012,0.4883,0.634335,0.558799,0
638885504,chair_3,55.0236,741,0.0422948,0.0903359,0.219579,0.181889,0
638885509,chair_2,3.17143,398,0.433012,0.4883,0.634335,0.558799,0
638885605,chair_3,55.0236,741,0.0422948,0.0903359,0.219579,0.181889,0
638885609,chair_2,3.17143,398,0.433012,0.4883,0.634335,0.558799,0
638885703,chair_3,55.0236,741,0.0422947,0.0903359,0.219579,0.181889,0
638885707,chair_2,3.17143,398,0.433012,0.4883,0.634335,0.5588,0
638885804,chair_3,55.0236,741,0.0422947,0.0903359,0.219579,0.181889,0
638885809,chair_2,3.17143,398,0.433013,0.4883,0.634335,0.5588,0
638885903,chair_3,55.0236,741,0.0422947,0.0903359,0.219579,0.181889,0
638885907,chair_2,3.1714,398,0.433008,0.488263,0.634344,0.558785,0
638886005,chair_3,55.0236,741,0.0422948,0.0903359,0.219579,0.181889,0
638886009,chair_2,3.17141,398,0.433005,0.48823,0.634323,0.558756,0
638886104,chair_3,55.0236,741,0.0422948,0.0903359,0.219579,0.181889,0
638886108,chair_2,3.17141,398,0.433002,0.488201,0.634304,0.55873,0
638886205,chair_3,55.0236,741,0.0422948,0.0903359,0.219579,0.181889,0
638886211,chair_2,3.17142,398,0.433,0.488177,0.634287,0.558706,0
638886302,chair_3,55.0236,741,0.0422948,0.0903359,0.219579,0.181889,0
638886307,chair_2,3.17143,398,0.432998,0.488157,0.634272,0.558685,0
638886405,chair_3,55.0236,741,0.0422948,0.0903359,0.219579,0.181889,0
638886412,chair_2,3.17145,398,0.432998,0.488144,0.634275,0.558672,0
638886506,chair_3,55.0236,741,0.0422948,0.0903359,0.219579,0.181889,0
638886512,chair_2,3.17147,398,0.432997,0.488133,0.634271,0.558658,0
638886603,chair_3,55.0236,741,0.0422948,0.0903359,0.219579,0.181889,0
638886607,chair_2,3.17149,398,0.432996,0.488124,0.634263,0.558646,0
638886703,chair_3,55.0236,741,0.0422948,0.0903359,0.219579,0.181889,0
638886708,chair_2,3.17151,398,0.432996,0.488117,0.634256,0.558635,0
638886803,chair_3,55.0236,741,0.0422947,0.0903359,0.219579,0.181889,0
638886807,chair_2,3.17152,398,0.432997,0.488113,0.634251,0.558626,0
638886903,chair_3,55.0236,741,0.0422948,0.0903359,0.219579,0.181889,0
638886907,chair_2,3.17154,398,0.432997,0.48811,0.634245,0.558619,0
638887006,chair_3,55.0236,741,0.0422948,0.0903359,0.219579,0.181889,0
638887013,chair_2,3.17155,398,0.432997,0.488108,0.634241,0.558612,0
638887105,chair_3,55.0236,741,0.0422948,0.0903359,0.219579,0.181889,0
638887111,chair_2,3.17157,398,0.432997,0.488107,0.634238,0.558607,0
638887205,chair_3,55.0236,741,0.0422948,0.0903359,0.219579,0.181889,0
638887212,chair_2,3.17158,398,0.432998,0.488108,0.634236,0.558604,0
638887303,chair_3,55.0236,741,0.0422948,0.0903359,0.219579,0.181889,0
638887327,chair_2,3.1716,398,0.432998,0.488111,0.634235,0.558602,0
638887403,chair_3,55.0221,741,0.0424729,0.0903391,0.219588,0.182006,0
638887441,chair_2,3.1716,398,0.432998,0.488111,0.634235,0.558602,0
638887503,chair_3,55.0221,740,0.0424538,0.0903313,0.219499,0.181887,0
638887529,chair_2,3.17159,398,0.432994,0.488076,0.634236,0.558581,0
638887603,chair_3,55.0221,740,0.0422251,0.0903454,0.219547,0.181917,0
638887629,chair_2,3.17158,398,0.432991,0.488043,0.634224,0.558557,0
638887703,chair_3,55.0224,740,0.0420392,0.0903013,0.219602,0.18208,0
638887726,chair_2,3.17158,398,0.432989,0.488016,0.634208,0.558534,0
638887803,chair_3,55.0216,740,0.0419833,0.0901818,0.219299,0.18194,0
638887830,chair_2,3.17159,398,0.432987,0.487992,0.634192,0.558512,0
638887903,chair_3,55.0216,740,0.0419867,0.0902152,0.219435,0.182067,0
638887927,chair_2,3.17159,398,0.432985,0.487973,0.634176,0.558493,0
638888003,chair_3,55.0228,742,0.0420924,0.0901981,0.219405,0.181892,0
638888026,chair_2,3.17161,398,0.432984,0.487959,0.634163,0.558477,0
638888104,chair_3,55.0228,740,0.042083,0.0902887,0.219534,0.181942,0
638888128,chair_2,3.17162,398,0.432983,0.487948,0.634152,0.558463,0
638888204,chair_3,55.0248,741,0.0418914,0.0902788,0.219487,0.181609,0
638888235,chair_2,3.17163,398,0.432983,0.487941,0.634143,0.558452,0
638888303,chair_3,55.0241,740,0.0418696,0.0902506,0.21944,0.181715,0
638888328,chair_2,3.17164,398,0.432982,0.487935,0.634136,0.558444,0
638888404,chair_3,55.0241,740,0.0416256,0.0902615,0.219473,0.181729,0
638888428,chair_2,3.17165,398,0.432982,0.487932,0.63413,0.558439,0
638888503,chair_3,55.0254,742,0.0417097,0.090184,0.219417,0.181735,0
638888528,chair_2,3.17166,398,0.432983,0.487931,0.634126,0.558434,0
638888605,chair_3,55.0254,740,0.0416955,0.0902295,0.21939,0.181642,0
638888632,chair_2,3.17167,398,0.432983,0.487932,0.634123,0.558431,0
638888703,chair_3,55.0254,740,0.0417018,0.0902883,0.219626,0.18186,0
638888728,chair_2,3.17167,398,0.432984,0.487938,0.634122,0.558434,0
638888804,chair_3,55.0266,743,0.0416918,0.0901468,0.219357,0.181702,0
638888808,chair_2,3.17169,398,0.432986,0.487948,0.634124,0.558435,0
638888903,chair_3,55.0266,743,0.0416918,0.0901468,0.219357,0.181702,0
638888907,chair_2,3.17171,398,0.432987,0.487957,0.634126,0.558438,0
638889004,chair_3,55.0266,743,0.0416919,0.0901467,0.219357,0.181702,0
638889008,chair_2,3.1716,398,0.432982,0.487936,0.634129,0.558453,0
638889103,chair_3,55.0266,743,0.0416919,0.0901467,0.219357,0.181702,0
638889127,chair_2,3.17151,398,0.432978,0.487918,0.634131,0.558466,0
638889204,chair_3,55.0266,740,0.0416683,0.0902603,0.219633,0.181891,0
638889253,chair_2,3.17142,398,0.432974,0.487902,0.634132,0.558478,0
638889305,chair_3,55.0266,741,0.0414995,0.0902084,0.219509,0.181797,0
638889331,chair_2,3.17134,398,0.43297,0.487887,0.634133,0.558489,0
638889403,chair_3,55.0231,740,0.0419111,0.0901914,0.219036,0.181311,0
638889428,chair_2,3.17127,398,0.432968,0.487874,0.634134,0.558499,0
638889504,chair_3,55.0235,740,0.041872,0.090261,0.219232,0.18143,0
638889533,chair_2,3.17121,398,0.432965,0.487863,0.634134,0.558507,0
638889603,chair_3,55.0251,740,0.0418433,0.0902827,0.219578,0.181859,0
638889627,chair_2,3.17116,398,0.432963,0.487854,0.634135,0.558514,0
638889703,chair_3,55.0256,741,0.0419087,0.0902602,0.219632,0.182001,0
638889727,chair_2,3.17111,398,0.432961,0.487846,0.634136,0.558522,0
638889805,chair_3,55.0239,743,0.0421065,0.0901491,0.219269,0.181816,0
638889830,chair_2,3.17107,398,0.432959,0.487839,0.634137,0.558528,0
638889903,chair_3,55.0239,740,0.0420775,0.0902086,0.219308,0.181782,0
638889931,chair_2,3.17105,398,0.432959,0.487836,0.634137,0.558531,0
638890003,chair_3,55.0239,740,0.0418728,0.0902486,0.219455,0.181904,0
638890041,chair_2,3.17104,398,0.432958,0.487834,0.634138,0.558533,0
638890104,chair_3,55.0239,740,0.0416946,0.0902859,0.219601,0.182028,0
638890142,chair_2,3.17102,398,0.432957,0.487832,0.634139,0.558537,0
638890203,chair_3,55.0241,740,0.0414425,0.0901914,0.219506,0.182079,0
638890227,chair_2,3.17104,398,0.432959,0.487847,0.63414,0.558542,0
638890306,chair_3,55.025,743,0.0414756,0.0900836,0.219231,0.181778,0
638890344,chair_2,3.17102,398,0.432883,0.489652,0.634242,0.556427,0
638890403,chair_3,55.025,740,0.0414466,0.0901577,0.219309,0.181782,0
638890429,chair_2,3.17133,398,0.432477,0.489804,0.63373,0.556427,0
638890503,chair_3,55.0253,740,0.0417174,0.0902576,0.219675,0.182138,0
638890529,chair_2,3.1716,398,0.432487,0.489804,0.633304,0.556234,0
638890605,chair_3,55.0259,741,0.0416187,0.0901468,0.219559,0.182212,0
638890611,chair_2,3.17158,398,0.432487,0.489747,0.632787,0.556049,0
638890703,chair_3,55.0259,741,0.0416187,0.0901468,0.219559,0.182212,0
638890707,chair_2,3.17184,398,0.432497,0.489799,0.632871,0.556041,0
638890804,chair_3,55.0259,741,0.0416187,0.0901468,0.219559,0.182211,0
638890809,chair_2,3.1721,398,0.426068,0.485233,0.630567,0.55299,0
638890903,chair_3,55.0259,741,0.0416187,0.0901468,0.219559,0.182211,0
638890907,chair_2,3.17168,398,0.425822,0.485274,0.630804,0.553267,0
638891005,chair_3,55.0259,741,0.0416187,0.0901468,0.219559,0.182212,0
638891011,chair_2,3.17182,398,0.425663,0.485338,0.630604,0.553266,0
638891105,chair_3,55.0259,741,0.0416187,0.0901468,0.219559,0.182212,0
638891111,chair_2,3.1712,398,0.425329,0.485307,0.630174,0.553375,0
638891207,chair_3,55.0259,741,0.0416187,0.0901468,0.219559,0.182212,0
638891215,chair_2,3.17078,398,0.425125,0.485519,0.629798,0.553578,0
638891303,chair_3,55.0259,741,0.0416187,0.0901468,0.219559,0.182212,0
638891308,chair_2,3.17032,398,0.424878,0.485629,0.629553,0.553772,0
638891403,chair_3,55.0259,741,0.0416187,0.0901468,0.219559,0.182212,0
638891408,chair_2,3.16923,398,0.424629,0.485638,0.629331,0.554063,0
638891503,chair_3,55.0259,741,0.0416187,0.0901468,0.219559,0.182212,0
638891508,chair_2,3.16896,398,0.424467,0.48574,0.629317,0.554245,0
638891603,chair_3,55.0259,741,0.0416187,0.0901468,0.219559,0.182212,0
638891609,chair_2,3.16866,398,0.424308,0.48583,0.629291,0.554421,0
638891705,chair_3,55.0259,741,0.0416187,0.0901468,0.219559,0.182211,0
638891710,chair_2,3.16863,398,0.424192,0.485933,0.629285,0.554533,0
638891805,chair_3,55.0259,741,0.0416187,0.0901468,0.219559,0.182211,0
638891811,chair_2,3.16867,398,0.424094,0.486082,0.629289,0.554657,0
638891905,chair_3,55.0259,741,0.0416187,0.0901468,0.219559,0.182212,0
638891912,chair_2,3.16862,398,0.423991,0.486176,0.629391,0.554792,0
638892005,chair_3,55.0259,741,0.0416187,0.0901468,0.219559,0.182212,0
638892012,chair_2,3.16862,398,0.423991,0.486176,0.629391,0.554792,0
638892105,chair_3,55.0259,741,0.0416187,0.0901468,0.219559,0.182212,0
638892111,chair_2,3.16862,398,0.423991,0.486176,0.629391,0.554792,0
638892205,chair_3,55.0259,741,0.0416187,0.0901468,0.219559,0.182212,0
638892210,chair_2,3.16862,398,0.423991,0.486176,0.629391,0.554792,0
638892305,chair_3,55.0259,741,0.0416187,0.0901468,0.219559,0.182212,0
638892312,chair_2,3.16862,398,0.423991,0.486176,0.629391,0.554792,0
638892405,chair_3,55.0259,741,0.0416187,0.0901468,0.219559,0.182212,0
638892412,chair_2,3.16862,398,0.423991,0.486176,0.629391,0.554792,0
638892505,chair_3,55.0259,741,0.0416187,0.0901468,0.219559,0.182212,0
638892512,chair_2,3.16862,398,0.423991,0.486176,0.629391,0.554792,0
638892604,chair_3,55.0259,741,0.0416187,0.0901468,0.219559,0.182212,0
638892611,chair_2,3.16862,398,0.423991,0.486176,0.629391,0.554792,0
638892705,chair_3,55.0259,741,0.0416187,0.0901468,0.219559,0.182211,0
638892742,chair_2,3.16862,398,0.423991,0.486176,0.629391,0.554793,0
638892803,chair_3,55.0228,740,0.0419612,0.0901252,0.219335,0.182186,0
638892827,chair_2,3.16862,398,0.423991,0.486176,0.629391,0.554793,0
638892903,chair_3,55.0228,740,0.0419667,0.09018,0.219538,0.182376,0
638892928,chair_2,3.16862,398,0.423991,0.486176,0.629391,0.554792,0
638893005,chair_3,55.0249,742,0.0417585,0.0901316,0.219422,0.181941,0
638893035,chair_2,3.16862,398,0.423991,0.486176,0.629391,0.554792,0
638893103,chair_3,55.0249,740,0.0417463,0.0901927,0.219464,0.18191,0
638893127,chair_2,3.16862,398,0.423991,0.486176,0.629391,0.554792,0
638893204,chair_3,55.0249,740,0.0417497,0.0902258,0.219589,0.182027,0
638893228,chair_2,3.16862,398,0.423991,0.486176,0.629391,0.554792,0
638893305,chair_3,55.026,741,0.0418918,0.0902166,0.219666,0.182141,0
638893336,chair_2,3.16862,398,0.423991,0.486176,0.629391,0.554792,0
638893402,chair_3,55.0249,743,0.0420191,0.0901042,0.219324,0.181932,0
638893430,chair_2,3.16862,398,0.423991,0.486176,0.629391,0.554792,0
638893504,chair_3,55.0249,740,0.0419898,0.0901684,0.219367,0.181902,0
638893531,chair_2,3.16862,398,0.423991,0.486176,0.629391,0.554792,0
638893609,chair_3,55.0249,740,0.0418066,0.0901977,0.219469,0.181984,0
638893633,chair_2,3.16917,398,0.423985,0.486576,0.629327,0.554915,0
638893703,chair_3,55.0249,740,0.0418114,0.0902427,0.219649,0.182152,0
638893726,chair_2,3.16953,398,0.423971,0.486916,0.629266,0.555046,0
638893803,chair_3,55.0262,743,0.0417988,0.0901074,0.219389,0.181976,0
638893830,chair_2,3.16983,398,0.423993,0.487217,0.629316,0.555187,0
638893903,chair_3,55.0262,740,0.0417725,0.0901955,0.219558,0.182063,0
638893928,chair_2,3.17042,398,0.424013,0.487543,0.62927,0.555247,0
638894004,chair_3,55.0262,740,0.0417759,0.0902263,0.21968,0.182176,0
638894028,chair_2,3.17073,398,0.424039,0.48784,0.62964,0.555474,0
638894105,chair_3,55.0262,741,0.041588,0.0902031,0.219675,0.182192,0
638894133,chair_2,3.17127,398,0.424054,0.488165,0.629896,0.555634,0
638894203,chair_3,55.0262,740,0.0415679,0.0902015,0.219591,0.18208,0
638894207,chair_2,3.17182,398,0.42408,0.488586,0.629927,0.55579,0
638894304,chair_3,55.0262,740,0.0415679,0.0902015,0.219591,0.18208,0
638894308,chair_2,3.17169,398,0.424018,0.488602,0.629882,0.55584,0
638894403,chair_3,55.0262,740,0.0415679,0.0902015,0.219591,0.18208,0
638894407,chair_2,3.17146,398,0.423996,0.488812,0.630096,0.556111,0
638894503,chair_3,55.0262,740,0.0415679,0.0902015,0.219591,0.18208,0
638894507,chair_2,3.17143,398,0.423956,0.488892,0.630146,0.556201,0
638894604,chair_3,55.0262,740,0.0415679,0.0902015,0.219591,0.18208,0
638894611,chair_2,3.17139,398,0.423923,0.488969,0.630193,0.556287,0
638894705,chair_3,55.0262,740,0.0415678,0.0902015,0.219591,0.18208,0
638894709,chair_2,3.17135,398,0.42393,0.489082,0.63046,0.556451,0
638894803,chair_3,55.0262,740,0.0415678,0.0902015,0.219591,0.18208,0
638894807,chair_2,3.17121,398,0.423982,0.489264,0.630582,0.556635,0
638895005,chair_3,55.0262,740,0.0415679,0.0902015,0.219591,0.18208,0
638895010,chair_2,3.17107,398,0.42401,0.489325,0.630664,0.556726,0
638895105,chair_3,55.0262,740,0.0415679,0.0902015,0.219591,0.18208,0
638895111,chair_2,3.17107,398,0.42401,0.489325,0.630664,0.556726,0
638895203,chair_3,55.0262,740,0.0415679,0.0902015,0.219591,0.18208,0
638895207,chair_2,3.17107,398,0.42401,0.489325,0.630664,0.556726,0
638895305,chair_3,55.0262,740,0.0415679,0.0902015,0.219591,0.18208,0
638895312,chair_2,3.17107,398,0.42401,0.489325,0.630664,0.556726,0
638895404,chair_3,55.0262,740,0.0415679,0.0902015,0.219591,0.18208,0
638895408,chair_2,3.17107,398,0.42401,0.489325,0.630664,0.556726,0
638895503,chair_3,55.0262,740,0.0415679,0.0902015,0.219591,0.18208,0
638895508,chair_2,3.17107,398,0.42401,0.489325,0.630664,0.556726,0
638895605,chair_3,55.0262,740,0.0415679,0.0902015,0.219591,0.18208,0
638895612,chair_2,3.17059,398,0.424046,0.489504,0.630608,0.556945,0
638895705,chair_3,55.0262,740,0.0415679,0.0902015,0.219591,0.18208,0
638895711,chair_2,3.17037,398,0.424045,0.489601,0.630764,0.557113,0
638895806,chair_3,55.0262,740,0.0415678,0.0902015,0.219591,0.18208,0
638895813,chair_2,3.17017,398,0.424069,0.489764,0.630717,0.557258,0
638895904,chair_3,55.0262,740,0.0415678,0.0902015,0.219591,0.18208,0
638895909,chair_2,3.16945,398,0.424131,0.489912,0.630732,0.557528,0
638896003,chair_3,55.0262,740,0.0415679,0.0902015,0.219591,0.18208,0
638896011,chair_2,3.16969,398,0.424199,0.49032,0.631051,0.557826,0
638896103,chair_3,55.0262,740,0.0415679,0.0902015,0.219591,0.18208,0
638896110,chair_2,3.17013,398,0.424251,0.490629,0.631508,0.558049,0
638896205,chair_3,55.0262,740,0.0415679,0.0902015,0.219591,0.18208,0
638896211,chair_2,3.17017,398,0.424269,0.490709,0.631496,0.558088,0
638896306,chair_3,55.0262,740,0.0415679,0.0902015,0.219591,0.18208,0
638896312,chair_2,3.17016,398,0.424284,0.490788,0.631492,0.55814,0
638896409,chair_3,55.0262,740,0.0415679,0.0902015,0.219591,0.18208,0
638896435,chair_2,3.17014,398,0.424295,0.490865,0.631487,0.558193,0
638896503,chair_3,55.0262,740,0.0412615,0.0902094,0.219626,0.182091,0
638896529,chair_2,3.17012,398,0.424305,0.490938,0.631486,0.558247,0
638896605,chair_3,55.0259,740,0.0409712,0.0901266,0.219557,0.182204,0
638896633,chair_2,3.17006,398,0.424301,0.490974,0.631484,0.558287,0
638896703,chair_3,55.0259,740,0.0408259,0.0893513,0.219207,0.182078,0
638896727,chair_2,3.17027,398,0.424305,0.491101,0.631608,0.558361,0
638896802,chair_3,55.0259,740,0.0406879,0.0891329,0.219356,0.182208,0
638896826,chair_2,3.17027,398,0.424312,0.491164,0.631512,0.558377,0
638896904,chair_3,55.0263,741,0.0408347,0.0898522,0.219436,0.182234,0
638896927,chair_2,3.17044,398,0.424313,0.491284,0.631612,0.558447,0
638897004,chair_3,55.0263,740,0.0408138,0.0898926,0.219333,0.182102,0
638897027,chair_2,3.17051,398,0.42432,0.491386,0.63166,0.558513,0
638897104,chair_3,55.0266,740,0.0409336,0.0901252,0.219386,0.182074,0
638897129,chair_2,3.17051,398,0.42432,0.491386,0.63166,0.558513,0
638897204,chair_3,55.0266,740,0.0406733,0.0900498,0.219424,0.182092,0
638897228,chair_2,3.17051,398,0.42432,0.491386,0.63166,0.558513,0
638897304,chair_3,55.0271,741,0.0408066,0.0900448,0.219532,0.182269,0
638897356,chair_2,3.17051,398,0.42432,0.491386,0.63166,0.558513,0
638897403,chair_3,55.0271,740,0.0407783,0.0899807,0.219159,0.181886,0
638897428,chair_2,3.17051,398,0.42432,0.491386,0.63166,0.558513,0
638897505,chair_3,55.0275,740,0.0409246,0.0899356,0.219408,0.182247,0
638897538,chair_2,3.17051,398,0.42432,0.491386,0.63166,0.558513,0
638897604,chair_3,55.0275,741,0.0406909,0.0894434,0.219404,0.182262,0
638897637,chair_2,3.17051,398,0.42432,0.491386,0.63166,0.558513,0
638897703,chair_3,55.0265,740,0.0407104,0.0898155,0.219312,0.182079,0
638897726,chair_2,3.17051,398,0.42432,0.491386,0.63166,0.558513,0
638897805,chair_3,55.0271,740,0.0407479,0.0892225,0.219374,0.182264,0
638897835,chair_2,3.17051,398,0.42432,0.491386,0.63166,0.558513,0
638897903,chair_3,55.0276,740,0.0408515,0.0895448,0.219444,0.182331,0
638897908,chair_2,3.17051,398,0.42432,0.491386,0.63166,0.558513,0
638898003,chair_3,55.0276,740,0.0408515,0.0895448,0.219444,0.182331,0
638898007,chair_2,3.17051,398,0.42432,0.491386,0.63166,0.558513,0
638898105,chair_3,55.0276,740,0.0408515,0.0895448,0.219444,0.182331,0
638898133,chair_2,3.17051,398,0.42432,0.491386,0.63166,0.558513,0
638898205,chair_3,55.0291,740,0.040878,0.0900523,0.219551,0.182326,0
638898237,chair_2,3.17051,398,0.42432,0.491386,0.63166,0.558513,0
638898303,chair_3,55.0291,740,0.040654,0.0899053,0.219632,0.182386,0
638898328,chair_2,3.17051,398,0.42432,0.491386,0.63166,0.558513,0
638898405,chair_3,55.0313,741,0.0404376,0.0901655,0.219674,0.182134,0
638898434,chair_2,3.17051,398,0.42432,0.491386,0.63166,0.558513,0
638898505,chair_3,55.0302,740,0.0404405,0.0901068,0.219458,0.181967,0
638898529,chair_2,3.17051,398,0.42432,0.491386,0.63166,0.558513,0
638898608,chair_3,55.0309,745,0.0406145,0.0898762,0.219435,0.18221,0
638898632,chair_2,3.17051,398,0.42432,0.491386,0.63166,0.558513,0
638898706,chair_3,55.0309,743,0.0405967,0.089986,0.219515,0.182215,0
638898732,chair_2,3.17051,398,0.42432,0.491386,0.63166,0.558513,0
638898805,chair_3,55.0309,741,0.0405835,0.090032,0.219578,0.182238,0
638898829,chair_2,3.17051,398,0.42432,0.491386,0.63166,0.558513,0
638898903,chair_3,55.0298,740,0.040542,0.0894214,0.219278,0.182099,0
638898928,chair_2,3.17051,398,0.42432,0.491386,0.63166,0.558513,0
638899005,chair_3,55.0308,740,0.040719,0.0900238,0.219582,0.18233,0
638899038,chair_2,3.17051,398,0.42432,0.491386,0.63166,0.558513,0
638899103,chair_3,55.0308,741,0.0405397,0.0898298,0.219563,0.182334,0
638899130,chair_2,3.17051,398,0.42432,0.491386,0.63166,0.558513,0
638899205,chair_3,55.0281,740,0.0407684,0.0892204,0.219333,0.182262,0
638899236,chair_2,3.17051,398,0.42432,0.491386,0.63166,0.558513,0
638899305,chair_3,55.0281,740,0.0405655,0.088823,0.219433,0.18234,0
638899340,chair_2,3.17051,398,0.42432,0.491386,0.63166,0.558513,0
638899404,chair_3,55.0284,740,0.0405824,0.0883602,0.219464,0.18243,0
638899439,chair_2,3.17051,398,0.42432,0.491386,0.63166,0.558513,0
638899504,chair_3,55.0287,740,0.0406392,0.0888195,0.219497,0.18244,0
638899527,chair_2,3.17051,398,0.42432,0.491386,0.63166,0.558513,0
638899605,chair_3,55.0289,740,0.040697,0.0890386,0.219529,0.182467,0
638899612,chair_2,3.17054,398,0.424329,0.4915,0.631749,0.558608,0
638899703,chair_3,55.0289,740,0.0406969,0.0890386,0.219529,0.182467,0
638899709,chair_2,3.17049,398,0.424334,0.491577,0.631621,0.558637,0
638899805,chair_3,55.0289,740,0.0406969,0.0890386,0.219529,0.182467,0
638899812,chair_2,3.17053,398,0.42434,0.491684,0.631727,0.55873,0
638899904,chair_3,55.0289,740,0.040697,0.0890386,0.219529,0.182467,0
638899908,chair_2,3.17056,398,0.424342,0.49177,0.63178,0.558798,0
638900002,chair_3,55.0289,740,0.040697,0.0890386,0.219529,0.182467,0
638900006,chair_2,3.17057,398,0.424334,0.491895,0.631752,0.558879,0
638900104,chair_3,55.0289,740,0.040697,0.0890386,0.219529,0.182467,0
638900110,chair_2,3.17052,398,0.424311,0.492064,0.631669,0.558995,0
638900203,chair_3,55.0289,740,0.040697,0.0890386,0.219529,0.182467,0
638900207,chair_2,3.17044,398,0.424311,0.492271,0.631684,0.559165,0
638900304,chair_3,55.0289,740,0.040697,0.0890386,0.219529,0.182467,0
638900308,chair_2,3.17037,398,0.424305,0.492305,0.631459,0.559144,0
638900404,chair_3,55.0289,740,0.040697,0.0890386,0.219529,0.182467,0
638900411,chair_2,3.17016,398,0.424272,0.492252,0.631175,0.559089,0
638900505,chair_3,55.0289,740,0.040697,0.0890386,0.219529,0.182467,0
638900533,chair_2,3.17,398,0.42425,0.492247,0.630961,0.55907,0
638900604,chair_3,55.0289,740,0.0406909,0.089033,0.219663,0.182591,0
638900635,chair_2,3.16989,398,0.424233,0.492251,0.630726,0.559039,0
638900703,chair_3,55.0291,740,0.0404068,0.0861683,0.219562,0.182652,0
638900739,chair_2,3.16984,398,0.42418,0.492174,0.630738,0.559014,0
638900804,chair_3,55.0321,743,0.0404191,0.0897775,0.219567,0.182332,0
638900827,chair_2,3.16982,398,0.424132,0.492104,0.630752,0.558988,0
638900903,chair_3,55.0321,741,0.0404057,0.0898226,0.219629,0.182354,0
638900929,chair_2,3.16966,398,0.424078,0.492043,0.630941,0.559053,0
638901003,chair_3,55.0298,740,0.0405404,0.0892671,0.219476,0.18232,0
638901029,chair_2,3.16913,398,0.424052,0.492045,0.631234,0.559279,0
638901104,chair_3,55.0298,740,0.0403536,0.0889123,0.219554,0.182379,0
638901128,chair_2,3.16913,398,0.424052,0.492045,0.631234,0.559279,0
638901203,chair_3,55.0303,741,0.0405064,0.0894669,0.219612,0.182429,0
638901227,chair_2,3.16913,398,0.424052,0.492045,0.631234,0.559279,0
638901306,chair_3,55.0303,740,0.0403038,0.0891504,0.21939,0.182176,0
638901344,chair_2,3.16913,398,0.424052,0.492045,0.631234,0.559279,0
638901404,chair_3,55.0303,740,0.0400867,0.0886704,0.219539,0.182301,0
638901429,chair_2,3.16913,398,0.424052,0.492045,0.631234,0.559279,0
638901504,chair_3,55.0317,741,0.0399772,0.0899084,0.219493,0.182013,0
638901527,chair_2,3.16913,398,0.424052,0.492045,0.631234,0.559279,0
638901602,chair_3,55.0288,740,0.0401347,0.0890533,0.21909,0.181796,0
638901626,chair_2,3.16913,398,0.424053,0.492045,0.631234,0.559279,0
638901704,chair_3,55.0295,740,0.0403305,0.0892193,0.219401,0.182152,0
638901729,chair_2,3.16913,398,0.424053,0.492045,0.631234,0.559279,0
638901803,chair_3,55.0301,740,0.0404263,0.0894472,0.219474,0.182239,0
638901827,chair_2,3.16913,398,0.424053,0.492045,0.631234,0.559279,0
638901903,chair_3,55.0305,740,0.0405402,0.0897648,0.219543,0.182309,0
638901926,chair_2,3.16913,398,0.424052,0.492045,0.631234,0.559279,0
638902003,chair_3,55.0305,740,0.0403518,0.089346,0.219605,0.182354,0
638902028,chair_2,3.16849,398,0.424029,0.491974,0.632068,0.559634,0
638902105,chair_3,55.0312,743,0.0404398,0.089489,0.219332,0.182169,0
638902146,chair_2,3.16787,398,0.424029,0.491869,0.632015,0.559698,0
638902204,chair_3,55.0312,740,0.0404133,0.0896467,0.219597,0.182345,0
638902228,chair_2,3.16758,398,0.424017,0.491766,0.631984,0.559693,0
638902304,chair_3,55.0312,740,0.0403287,0.0894594,0.219712,0.182447,0
638902330,chair_2,3.1672,398,0.423992,0.491649,0.631769,0.55965,0
638902403,chair_3,55.0313,740,0.0400991,0.0879096,0.219588,0.182444,0
638902427,chair_2,3.16654,398,0.42396,0.491469,0.632161,0.55981,0
638902503,chair_3,55.0318,741,0.040247,0.0888156,0.219586,0.182438,0
638902526,chair_2,3.16649,398,0.423949,0.491445,0.631994,0.559762,0
638902605,chair_3,55.0296,740,0.0403285,0.0883898,0.219243,0.182135,0
638902638,chair_2,3.16661,398,0.423927,0.491454,0.631973,0.559739,0
638902703,chair_3,55.0305,740,0.0404186,0.0883309,0.219496,0.182437,0
638902728,chair_2,3.16636,398,0.423915,0.491427,0.632198,0.55985,0
638902804,chair_3,55.0305,740,0.0402494,0.0876918,0.219649,0.182568,0
638902830,chair_2,3.16637,398,0.423909,0.491394,0.632008,0.559772,0
638902903,chair_3,55.0307,740,0.0400059,0.0845237,0.219521,0.182571,0
638902927,chair_2,3.16636,398,0.423928,0.491388,0.631862,0.559722,0
638903005,chair_3,55.0308,741,0.040274,0.0872208,0.219526,0.182532,0
638903058,chair_2,3.16638,398,0.423952,0.491374,0.631712,0.559658,0
638903104,chair_3,55.0285,740,0.0404377,0.0864989,0.219287,0.182367,0
638903131,chair_2,3.16644,398,0.42397,0.491377,0.631588,0.559604,0
638903203,chair_3,55.0289,740,0.0406809,0.0879349,0.219564,0.182618,0
638903228,chair_2,3.16652,398,0.42399,0.491457,0.631862,0.559713,0
638903302,chair_3,55.0264,741,0.0410792,0.0892657,0.219461,0.182487,0
638903328,chair_2,3.16667,398,0.424013,0.491474,0.631751,0.559649,0
638903405,chair_3,55.0258,740,0.0410099,0.0895121,0.219233,0.182179,0
638903435,chair_2,3.16675,398,0.424028,0.491527,0.631877,0.559699,0
638903503,chair_3,55.0274,740,0.0409888,0.0890936,0.219512,0.182536,0
638903508,chair_2,3.16675,398,0.424044,0.491542,0.631758,0.55967,0
638903605,chair_3,55.0274,740,0.0409887,0.0890936,0.219512,0.182536,0
638903612,chair_2,3.1668,398,0.424059,0.491602,0.631909,0.559738,0
638903703,chair_3,55.0274,740,0.0409887,0.0890936,0.219512,0.182536,0
638903708,chair_2,3.16621,398,0.42403,0.491461,0.631732,0.559744,0
638903802,chair_3,55.0274,740,0.0409887,0.0890936,0.219512,0.182536,0
638903807,chair_2,3.16593,398,0.424003,0.491342,0.631464,0.55966,0
638903907,chair_3,55.0274,740,0.0409888,0.0890936,0.219512,0.182536,0
638903914,chair_2,3.16565,398,0.42399,0.491255,0.631282,0.559623,0
638904003,chair_3,55.0274,740,0.0409888,0.0890936,0.219512,0.182536,0
638904007,chair_2,3.16582,398,0.423996,0.491394,0.63152,0.559743,0
638904103,chair_3,55.0274,740,0.0409888,0.0890936,0.219512,0.182536,0
638904108,chair_2,3.1658,398,0.423979,0.491351,0.631363,0.559678,0
638904204,chair_3,55.0274,740,0.0409888,0.0890936,0.219512,0.182536,0
638904208,chair_2,3.16603,398,0.423975,0.491469,0.631426,0.559724,0
638904305,chair_3,55.0274,740,0.0409888,0.0890936,0.219512,0.182536,0
638904309,chair_2,3.16577,398,0.423932,0.491324,0.631331,0.55967,0
638904405,chair_3,55.0274,740,0.0409888,0.0890936,0.219512,0.182536,0
638904412,chair_2,3.16601,398,0.423934,0.49144,0.631404,0.559713,0
638904511,chair_3,55.0274,740,0.0409888,0.0890936,0.219512,0.182536,0
638904517,chair_2,3.16617,398,0.423957,0.491621,0.631828,0.559916,0
638904605,chair_3,55.0274,740,0.0409887,0.0890936,0.219512,0.182536,0
638904612,chair_2,3.16579,398,0.423942,0.491476,0.6317,0.559875,0
638904705,chair_3,55.0274,740,0.0409887,0.0890936,0.219512,0.182536,0
638904710,chair_2,3.16586,398,0.423935,0.491408,0.631637,0.559794,0
638904804,chair_3,55.0274,740,0.0409888,0.0890936,0.219512,0.182536,0
638904808,chair_2,3.16552,398,0.423917,0.491286,0.631457,0.559748,0
638905003,chair_3,55.0274,740,0.0409888,0.0890936,0.219512,0.182536,0
638905007,chair_2,3.16563,398,0.423948,0.491342,0.631936,0.559887,0
638905105,chair_3,55.0274,740,0.0409888,0.0890936,0.219512,0.182536,0
638905111,chair_2,3.16563,398,0.423948,0.491342,0.631936,0.559887,0
638905203,chair_3,55.0274,740,0.0409888,0.0890936,0.219512,0.182536,0
638905208,chair_2,3.16563,398,0.423948,0.491342,0.631936,0.559887,0
638905304,chair_3,55.0274,740,0.0409888,0.0890936,0.219512,0.182536,0
638905308,chair_2,3.16563,398,0.423948,0.491342,0.631936,0.559887,0
638905503,chair_3,55.0274,740,0.0409888,0.0890936,0.219512,0.182536,0
638905509,chair_2,3.16563,398,0.423948,0.491342,0.631936,0.559887,0
638905604,chair_3,55.0274,740,0.0409887,0.0890936,0.219512,0.182536,0
638905611,chair_2,3.16563,398,0.423948,0.491342,0.631936,0.559887,0
638905705,chair_3,55.0274,740,0.0409887,0.0890936,0.219512,0.182536,0
638905710,chair_2,3.16563,398,0.423948,0.491342,0.631936,0.559887,0
638905804,chair_3,55.0274,740,0.0409888,0.0890936,0.219512,0.182536,0
638905809,chair_2,3.16563,398,0.423948,0.491342,0.631936,0.559887,0
638905907,chair_3,55.0274,740,0.0409888,0.0890936,0.219512,0.182536,0
638905937,chair_2,3.16563,398,0.423948,0.491342,0.631936,0.559887,0
638906003,chair_3,55.0277,740,0.0409835,0.0886319,0.219541,0.182632,0
638906027,chair_2,3.16563,398,0.423948,0.491342,0.631936,0.559887,0
638906105,chair_3,55.0267,740,0.0410756,0.0881071,0.219619,0.182773,0
638906132,chair_2,3.16563,398,0.423948,0.491342,0.631936,0.559887,0
638906203,chair_3,55.028,746,0.0411155,0.0890114,0.21928,0.182475,0
638906232,chair_2,3.16563,398,0.423948,0.491342,0.631936,0.559887,0
638906307,chair_3,55.028,743,0.0410839,0.0891602,0.219534,0.182641,0
638906347,chair_2,3.16563,398,0.423948,0.491342,0.631936,0.559887,0
638906404,chair_3,55.028,741,0.0410714,0.0892028,0.219599,0.182665,0
638906441,chair_2,3.16563,398,0.423948,0.491342,0.631936,0.559887,0
638906503,chair_3,55.0266,740,0.0411183,0.0893542,0.219474,0.182487,0
638906527,chair_2,3.16563,398,0.423948,0.491342,0.631936,0.559887,0
638906605,chair_3,55.0274,740,0.0411849,0.0897237,0.219553,0.182546,0
638906635,chair_2,3.16563,398,0.423948,0.491342,0.631936,0.559887,0
638906705,chair_3,55.026,740,0.0411316,0.0889691,0.219589,0.182661,0
638906736,chair_2,3.16563,398,0.423948,0.491342,0.631936,0.559887,0
638906805,chair_3,55.028,741,0.0411531,0.0898593,0.219683,0.182653,0
638906846,chair_2,3.16563,398,0.423948,0.491342,0.631936,0.559887,0
638906904,chair_3,55.0269,740,0.0412586,0.0896919,0.219423,0.182454,0
638906928,chair_2,3.16563,398,0.423948,0.491342,0.631936,0.559887,0
638907005,chair_3,55.0269,740,0.0410529,0.0892886,0.219557,0.182564,0
638907047,chair_2,3.16563,398,0.423948,0.491342,0.631936,0.559887,0
638907104,chair_3,55.0274,741,0.041107,0.0887088,0.219673,0.182813,0
638907129,chair_2,3.16563,398,0.423948,0.491342,0.631936,0.559887,0
638907203,chair_3,55.0274,741,0.0411041,0.0886818,0.219567,0.182715,0
638907229,chair_2,3.16563,398,0.423948,0.491342,0.631936,0.559887,0
638907303,chair_3,55.0264,740,0.0411456,0.0891779,0.219469,0.182527,0
638907328,chair_2,3.16563,398,0.423948,0.491342,0.631936,0.559887,0
638907405,chair_3,55.0278,740,0.0411387,0.0893025,0.219572,0.182628,0
638907410,chair_2,3.16563,398,0.423948,0.491342,0.631936,0.559887,0
638907503,chair_3,55.0278,740,0.0411386,0.0893025,0.219572,0.182628,0
638907509,chair_2,3.16563,398,0.423948,0.491342,0.631936,0.559887,0
638907605,chair_3,55.0278,740,0.0411386,0.0893025,0.219572,0.182628,0
638907609,chair_2,3.16563,398,0.423948,0.491342,0.631936,0.559887,0
638907704,chair_3,55.0278,740,0.0411387,0.0893025,0.219572,0.182628,0
638907708,chair_2,3.16563,398,0.423948,0.491342,0.631936,0.559887,0
638907803,chair_3,55.0278,740,0.0411387,0.0893025,0.219572,0.182628,0
638907808,chair_2,3.16563,398,0.423948,0.491342,0.631936,0.559887,0
638907904,chair_3,55.0278,740,0.0411387,0.0893025,0.219572,0.182628,0
638907909,chair_2,3.16563,398,0.423948,0.491342,0.631936,0.559887,0
638908005,chair_3,55.0278,740,0.0411387,0.0893025,0.219572,0.182628,0
638908011,chair_2,3.16563,398,0.423948,0.491342,0.631936,0.559887,0
638908105,chair_3,55.0278,740,0.0411387,0.0893025,0.219572,0.182628,0
638908111,chair_2,3.1658,398,0.423963,0.491313,0.6317,0.559754,0
638908202,chair_3,55.0278,740,0.0411387,0.0893025,0.219572,0.182628,0
638908206,chair_2,3.16592,398,0.423962,0.491291,0.63153,0.559659,0
638908304,chair_3,55.0278,740,0.0411387,0.0893025,0.219572,0.182628,0
638908338,chair_2,3.16598,398,0.423976,0.491341,0.631785,0.559748,0
638908403,chair_3,55.0278,740,0.0409223,0.088855,0.219644,0.18268,0
638908428,chair_2,3.16605,398,0.423988,0.491328,0.631665,0.559683,0
638908505,chair_3,55.029,744,0.0409236,0.0887815,0.219517,0.182652,0
638908528,chair_2,3.16611,398,0.423999,0.491315,0.631546,0.559623,0
638908604,chair_3,55.029,742,0.0408865,0.0888398,0.219539,0.182635,0
638908628,chair_2,3.16618,398,0.424012,0.491369,0.631757,0.559698,0
638908704,chair_3,55.029,740,0.0408701,0.0889137,0.219459,0.182493,0
638908734,chair_2,3.16624,398,0.424021,0.49135,0.63164,0.559636,0
638908805,chair_3,55.029,740,0.0407382,0.0886365,0.219596,0.18261,0
638908830,chair_2,3.16632,398,0.424032,0.49139,0.631792,0.559684,0
638908903,chair_3,55.029,741,0.0407341,0.0884729,0.21957,0.182619,0
638908928,chair_2,3.16639,398,0.424041,0.491378,0.631667,0.559619,0
638909005,chair_3,55.0276,740,0.0408309,0.0898171,0.219238,0.18207,0
638909040,chair_2,3.16645,398,0.424052,0.491415,0.631811,0.559667,0
638909103,chair_3,55.0287,740,0.0408359,0.0892024,0.219461,0.182423,0
638909126,chair_2,3.16651,398,0.424057,0.491432,0.631665,0.559622,0
638909207,chair_3,55.0287,741,0.0405581,0.0884121,0.219501,0.182475,0
638909235,chair_2,3.16655,398,0.42406,0.491512,0.631522,0.559628,0
638909303,chair_3,55.0265,740,0.0406547,0.0867437,0.219114,0.182221,0
638909327,chair_2,3.16673,398,0.424066,0.491582,0.631647,0.559666,0
638909403,chair_3,55.027,740,0.0408819,0.0877032,0.219414,0.18254,0
638909427,chair_2,3.16671,398,0.424066,0.491563,0.631466,0.559606,0
638909503,chair_3,55.0281,740,0.0408672,0.0886685,0.219483,0.182529,0
638909527,chair_2,3.16664,398,0.42405,0.491513,0.631232,0.559524,0
638909605,chair_3,55.0281,740,0.0406877,0.0880466,0.219552,0.182581,0
638909637,chair_2,3.16664,398,0.42405,0.491513,0.631232,0.559524,0
638909703,chair_3,55.0295,743,0.0407219,0.0886098,0.219331,0.182401,0
638909728,chair_2,3.16664,398,0.42405,0.491513,0.631231,0.559524,0
638909803,chair_3,55.0271,740,0.0409799,0.0877362,0.219559,0.182711,0
638909807,chair_2,3.16664,398,0.42405,0.491513,0.631231,0.559524,0
638909906,chair_3,55.0271,740,0.0409799,0.0877362,0.219559,0.182711,0
638909912,chair_2,3.16664,398,0.42405,0.491513,0.631231,0.559524,0
638910005,chair_3,55.0271,740,0.0409799,0.0877362,0.219559,0.182711,0
638910012,chair_2,3.16664,398,0.42405,0.491513,0.631231,0.559524,0
638910104,chair_3,55.0271,740,0.0409799,0.0877362,0.219559,0.182711,0
638910108,chair_2,3.16664,398,0.42405,0.491513,0.631231,0.559524,0
638910205,chair_3,55.0271,740,0.0409799,0.0877362,0.219559,0.182711,0
638910210,chair_2,3.16664,398,0.42405,0.491513,0.631231,0.559524,0
638910302,chair_3,55.0271,740,0.0409799,0.0877362,0.219559,0.182711,0
638910307,chair_2,3.16664,398,0.42405,0.491513,0.631231,0.559524,0
638910405,chair_3,55.0271,740,0.0409799,0.0877362,0.219559,0.182711,0
638910411,chair_2,3.16664,398,0.42405,0.491513,0.631232,0.559524,0
638910504,chair_3,55.0271,740,0.0409799,0.0877362,0.219559,0.182711,0
638910508,chair_2,3.16634,398,0.424048,0.491493,0.632075,0.559828,0
638910603,chair_3,55.0271,740,0.0409799,0.0877362,0.219559,0.182711,0
638910607,chair_2,3.16564,398,0.42403,0.491338,0.631965,0.559866,0
638910703,chair_3,55.0271,740,0.0409799,0.0877362,0.219559,0.182711,0
638910709,chair_2,3.16567,398,0.424026,0.491271,0.631858,0.559781,0
638910803,chair_3,55.0271,740,0.0409799,0.0877362,0.219559,0.182711,0
638910837,chair_2,3.16532,398,0.424017,0.49115,0.631742,0.559753,0
638910903,chair_3,55.0274,741,0.04107,0.0876569,0.219521,0.182752,0
638910939,chair_2,3.16548,398,0.424028,0.491152,0.631614,0.559675,0
638911003,chair_3,55.0272,740,0.0409139,0.084663,0.219171,0.182537,0
638911026,chair_2,3.16562,398,0.424041,0.491204,0.631801,0.559727,0
638911105,chair_3,55.0252,740,0.0412674,0.0846589,0.219245,0.182708,0
638911136,chair_2,3.16574,398,0.424055,0.491203,0.631685,0.559658,0
638911207,chair_3,55.0261,740,0.0413803,0.0868563,0.219594,0.182968,0
638911234,chair_2,3.16588,398,0.424064,0.491236,0.631543,0.559602,0
638911305,chair_3,55.0251,741,0.0414794,0.0860927,0.219551,0.18303,0
638911331,chair_2,3.16595,398,0.42407,0.491338,0.631416,0.55962,0
638911403,chair_3,55.0238,740,0.0416081,0.0855535,0.219077,0.182617,0
638911426,chair_2,3.16634,398,0.424078,0.491503,0.631396,0.559631,0
638911503,chair_3,55.0247,740,0.0415236,0.0883519,0.219282,0.182585,0
638911530,chair_2,3.16632,398,0.424072,0.491468,0.631179,0.559551,0
638911605,chair_3,55.0256,740,0.0416161,0.0883314,0.219589,0.182932,0
638911636,chair_2,3.16632,398,0.42403,0.491431,0.631119,0.559519,0
638911704,chair_3,55.0243,740,0.0415634,0.0868635,0.21966,0.183076,0
638911727,chair_2,3.16598,398,0.423985,0.491368,0.631575,0.559704,0
638911804,chair_3,55.0246,740,0.0412545,0.0834771,0.219586,0.183077,0
638911829,chair_2,3.16612,398,0.424003,0.491424,0.631743,0.559752,0
638911903,chair_3,55.0248,741,0.0410002,0.0785329,0.219345,0.182979,0
638911927,chair_2,3.16619,398,0.424015,0.491406,0.631646,0.55969,0
638912005,chair_3,55.0238,740,0.0409162,0.07204,0.219175,0.182986,0
638912034,chair_2,3.16619,398,0.424015,0.491406,0.631646,0.55969,0
638912105,chair_3,55.0238,740,0.0411189,0.0737339,0.219382,0.183197,0
638912133,chair_2,3.16619,398,0.424015,0.491406,0.631646,0.55969,0
638912203,chair_3,55.0243,740,0.0412061,0.0787596,0.219435,0.183101,0
638912230,chair_2,3.16619,398,0.424015,0.491406,0.631646,0.55969,0
638912304,chair_3,55.0247,740,0.0413278,0.0823289,0.219495,0.183082,0
638912308,chair_2,3.16619,398,0.424015,0.491406,0.631646,0.55969,0
638912403,chair_3,55.0247,740,0.0413278,0.0823288,0.219495,0.183082,0
638912409,chair_2,3.16619,398,0.424015,0.491406,0.631646,0.55969,0
638912503,chair_3,55.0247,740,0.0413278,0.0823288,0.219495,0.183082,0
638912509,chair_2,3.16625,398,0.424022,0.491443,0.631864,0.559761,0
638912603,chair_3,55.0247,740,0.0413278,0.0823288,0.219495,0.183082,0
638912610,chair_2,3.16629,398,0.424024,0.491426,0.631802,0.559721,0
638912703,chair_3,55.0247,740,0.0413278,0.0823289,0.219495,0.183082,0
638912708,chair_2,3.16635,398,0.42403,0.491405,0.63166,0.55965,0
638912803,chair_3,55.0247,740,0.0413278,0.0823289,0.219495,0.183082,0
638912808,chair_2,3.16643,398,0.424038,0.491445,0.631845,0.559708,0
638912904,chair_3,55.0247,740,0.0413278,0.0823289,0.219495,0.183082,0
638912908,chair_2,3.1665,398,0.424045,0.491432,0.631723,0.559645,0
638913004,chair_3,55.0247,740,0.0413278,0.0823289,0.219495,0.183082,0
638913010,chair_2,3.16655,398,0.424051,0.491419,0.631601,0.559586,0
638913109,chair_3,55.0247,740,0.0413278,0.0823289,0.219495,0.183082,0
638913113,chair_2,3.16663,398,0.424063,0.491489,0.631547,0.559596,0
638913208,chair_3,55.0247,740,0.0413278,0.0823289,0.219495,0.183082,0
638913217,chair_2,3.16695,398,0.424088,0.491665,0.631699,0.559677,0
638913304,chair_3,55.0247,740,0.0413278,0.0823289,0.219495,0.183082,0
638913309,chair_2,3.16691,398,0.424084,0.491644,0.631526,0.559625,0
638913404,chair_3,55.0247,740,0.0413278,0.0823289,0.219495,0.183082,0
638913408,chair_2,3.16685,398,0.424067,0.491595,0.631295,0.559543,0
638913503,chair_3,55.0247,740,0.0413278,0.0823288,0.219495,0.183082,0
638913507,chair_2,3.16641,398,0.424033,0.491433,0.631777,0.559688,0
638913603,chair_3,55.0247,740,0.0413278,0.0823288,0.219495,0.183082,0
638913607,chair_2,3.16622,398,0.424013,0.491347,0.631678,0.559652,0
638913703,chair_3,55.0247,740,0.0413278,0.0823289,0.219495,0.183082,0
638913708,chair_2,3.16621,398,0.424008,0.491321,0.631549,0.5596,0
638913803,chair_3,55.0247,740,0.0413278,0.0823289,0.219495,0.183082,0
638913807,chair_2,3.1663,398,0.424025,0.491399,0.631506,0.559616,0
638913903,chair_3,55.0247,740,0.0413278,0.0823289,0.219495,0.183082,0
638913908,chair_2,3.16652,398,0.424037,0.491475,0.631633,0.559645,0
638914003,chair_3,55.0247,740,0.0413278,0.0823289,0.219495,0.183082,0
638914007,chair_2,3.16652,398,0.424037,0.491475,0.631633,0.559645,0
638914104,chair_3,55.0247,740,0.0413278,0.0823289,0.219495,0.183082,0
638914137,chair_2,3.16652,398,0.424037,0.491475,0.631633,0.559645,0
638914208,chair_3,55.0256,740,0.0413418,0.0845652,0.219559,0.183052,0
638914236,chair_2,3.16652,398,0.424037,0.491475,0.631633,0.559645,0
638914304,chair_3,55.0245,740,0.0415718,0.0878337,0.219621,0.182967,0
638914336,chair_2,3.16652,398,0.424037,0.491475,0.631633,0.559645,0
638914403,chair_3,55.0257,742,0.0414633,0.0897405,0.219469,0.182611,0
638914434,chair_2,3.16652,398,0.424037,0.491475,0.631633,0.559645,0
638914505,chair_3,55.0257,740,0.0414493,0.0898315,0.219447,0.182521,0
638914553,chair_2,3.16652,398,0.424037,0.491475,0.631633,0.559645,0
638914603,chair_3,55.0257,740,0.0411548,0.0891779,0.219591,0.182635,0
638914627,chair_2,3.16652,398,0.424037,0.491475,0.631633,0.559645,0
638914703,chair_3,55.0255,741,0.0409572,0.0868756,0.219346,0.182567,0
638914728,chair_2,3.16652,398,0.424037,0.491475,0.631633,0.559645,0
638914805,chair_3,55.0251,740,0.0407968,0.0827119,0.218959,0.182348,0
638914849,chair_2,3.16652,398,0.424037,0.491475,0.631633,0.559645,0
638914905,chair_3,55.0248,740,0.0411062,0.0842977,0.219188,0.1826,0
638914941,chair_2,3.16652,398,0.424037,0.491475,0.631633,0.559645,0
638915004,chair_3,55.0242,740,0.0413429,0.0881277,0.219384,0.182611,0
638915030,chair_2,3.16652,398,0.424037,0.491475,0.631633,0.559645,0
638915105,chair_3,55.0249,740,0.0414104,0.0890644,0.219456,0.182619,0
638915134,chair_2,3.16652,398,0.424037,0.491475,0.631633,0.559645,0
638915204,chair_3,55.0238,740,0.0413906,0.0881763,0.219504,0.182736,0
638915229,chair_2,3.16652,398,0.424037,0.491475,0.631633,0.559645,0
638915303,chair_3,55.0263,743,0.0412908,0.0892218,0.219294,0.182464,0
638915326,chair_2,3.16652,398,0.424037,0.491475,0.631633,0.559645,0
638915403,chair_3,55.0263,740,0.0412663,0.0893809,0.219562,0.182643,0
638915427,chair_2,3.16652,398,0.424037,0.491475,0.631633,0.559645,0
638915503,chair_3,55.0252,740,0.041369,0.0890332,0.219671,0.182821,0
638915527,chair_2,3.16652,398,0.424037,0.491475,0.631633,0.559645,0
638915603,chair_3,55.0262,740,0.0411075,0.0873736,0.219561,0.182787,0
638915608,chair_2,3.16652,398,0.424037,0.491475,0.631633,0.559645,0
638915705,chair_3,55.0262,740,0.0411075,0.0873736,0.219561,0.182787,0
638915731,chair_2,3.16652,398,0.424037,0.491475,0.631633,0.559645,0
638915811,chair_3,55.0269,741,0.0413,0.0889416,0.219641,0.182825,0
638915836,chair_2,3.16652,398,0.424037,0.491475,0.631633,0.559645,0
638915903,chair_3,55.0269,740,0.0412761,0.0889554,0.219426,0.182591,0
638915940,chair_2,3.16652,398,0.424037,0.491475,0.631633,0.559645,0
638916005,chair_3,55.0269,740,0.0412818,0.0898051,0.219604,0.182631,0
638916028,chair_2,3.16652,398,0.424037,0.491475,0.631633,0.559645,0
638916103,chair_3,55.0269,741,0.0412073,0.0894702,0.219561,0.182619,0
638916126,chair_2,3.16652,398,0.424037,0.491475,0.631633,0.559645,0
638916205,chair_3,55.0264,740,0.0411486,0.0898975,0.219481,0.182429,0
638916228,chair_2,3.16652,398,0.424037,0.491475,0.631633,0.559645,0
638916303,chair_3,55.027,740,0.0411851,0.0897135,0.21954,0.182541,0
638916328,chair_2,3.16652,398,0.424037,0.491475,0.631633,0.559645,0
638916405,chair_3,55.027,740,0.0410057,0.0893808,0.219604,0.182588,0
638916439,chair_2,3.16652,398,0.424037,0.491475,0.631633,0.559645,0
638916504,chair_3,55.0269,741,0.0408123,0.0871505,0.219407,0.18257,0
638916529,chair_2,3.16652,398,0.424037,0.491475,0.631633,0.559645,0
638916604,chair_3,55.0267,740,0.0405581,0.0838682,0.219353,0.182588,0
638916628,chair_2,3.16662,398,0.424059,0.491544,0.632032,0.559778,0
638916704,chair_3,55.0269,740,0.0406677,0.0864519,0.219394,0.182533,0
638916734,chair_2,3.16628,398,0.424026,0.491453,0.631804,0.559744,0
638916804,chair_3,55.0273,740,0.0407113,0.0873855,0.219428,0.182515,0
638916830,chair_2,3.1664,398,0.424032,0.491466,0.631643,0.559674,0
638916903,chair_3,55.0276,740,0.0407555,0.0883258,0.219463,0.182502,0
638916927,chair_2,3.16648,398,0.424041,0.491502,0.631813,0.559726,0
638917003,chair_3,55.0278,740,0.0408132,0.0888387,0.219494,0.182503,0
638917027,chair_2,3.16586,398,0.423997,0.491299,0.631649,0.559704,0
638917103,chair_3,55.0282,740,0.0408573,0.0892856,0.219529,0.182496,0
638917128,chair_2,3.16603,398,0.424011,0.491351,0.631798,0.559735,0
638917203,chair_3,55.0282,740,0.0408574,0.0893269,0.219693,0.182649,0
638917208,chair_2,3.16612,398,0.424025,0.491338,0.631677,0.559666,0
638917304,chair_3,55.0282,740,0.0408574,0.0893269,0.219693,0.182649,0
638917309,chair_2,3.16629,398,0.424039,0.491392,0.631822,0.559698,0
638917405,chair_3,55.0282,740,0.0408574,0.0893269,0.219693,0.182649,0
638917437,chair_2,3.16646,398,0.424057,0.491394,0.631699,0.559618,0
638917503,chair_3,55.0281,740,0.0406338,0.0871689,0.219515,0.182608,0
638917529,chair_2,3.16656,398,0.424064,0.491415,0.63155,0.559563,0
638917602,chair_3,55.0283,741,0.0408611,0.0890019,0.219517,0.182551,0
638917627,chair_2,3.16662,398,0.424069,0.491508,0.631424,0.559576,0
638917703,chair_3,55.0273,740,0.0408928,0.0880265,0.219345,0.182472,0
638917728,chair_2,3.16633,398,0.424047,0.491434,0.631446,0.55961,0
638917805,chair_3,55.0273,740,0.0409293,0.0902245,0.219511,0.182298,0
638917842,chair_2,3.16658,398,0.424064,0.491549,0.631604,0.559667,0
638917904,chair_3,55.0274,741,0.0411046,0.0902433,0.219637,0.182469,0
638917930,chair_2,3.16629,398,0.424032,0.491418,0.631629,0.559664,0
638918004,chair_3,55.0274,741,0.0411019,0.0902186,0.219538,0.182377,0
638918028,chair_2,3.16645,398,0.424047,0.491472,0.631819,0.559712,0
638918105,chair_3,55.0266,740,0.0411044,0.0903366,0.21943,0.182162,0
638918132,chair_2,3.16645,398,0.424047,0.491472,0.631819,0.559712,0
638918203,chair_3,55.0272,746,0.0412933,0.0901993,0.219301,0.182203,0
638918228,chair_2,3.16645,398,0.424047,0.491472,0.631819,0.559712,0
638918303,chair_3,55.0272,743,0.0412618,0.0903089,0.219554,0.182368,0
638918336,chair_2,3.16645,398,0.424048,0.491472,0.631819,0.559712,0
638918403,chair_3,55.0272,741,0.0412476,0.0903366,0.219554,0.182332,0
638918430,chair_2,3.16645,398,0.424048,0.491472,0.631819,0.559712,0
638918503,chair_3,55.0265,740,0.0412437,0.0903842,0.219497,0.182154,0
638918528,chair_2,3.16645,398,0.424048,0.491472,0.631819,0.559712,0
638918604,chair_3,55.0265,740,0.040992,0.090399,0.219549,0.182186,0
638918629,chair_2,3.16645,398,0.424047,0.491472,0.631819,0.559712,0
638918704,chair_3,55.0261,740,0.0407125,0.0897218,0.219483,0.182278,0
638918729,chair_2,3.16645,398,0.424047,0.491472,0.631819,0.559712,0
638918803,chair_3,55.027,741,0.0405843,0.0887178,0.21938,0.182327,0
638918838,chair_2,3.16658,398,0.42407,0.491468,0.631628,0.559616,0
638918903,chair_3,55.0262,740,0.0405542,0.0888321,0.219075,0.181976,0
638918908,chair_2,3.16664,398,0.424084,0.491523,0.631559,0.559614,0
638919005,chair_3,55.0262,740,0.0405542,0.0888321,0.219075,0.181976,0
638919011,chair_2,3.16674,398,0.424087,0.49161,0.631435,0.559615,0
638919104,chair_3,55.0262,740,0.0405542,0.0888321,0.219075,0.181976,0
638919110,chair_2,3.16613,398,0.424059,0.491496,0.631344,0.55967,0
638919205,chair_3,55.0262,740,0.0405541,0.0888321,0.219075,0.181975,0
638919210,chair_2,3.16608,398,0.42405,0.491419,0.631112,0.559564,0
638919303,chair_3,55.0262,740,0.0405541,0.0888321,0.219075,0.181975,0
638919308,chair_2,3.1656,398,0.424024,0.491263,0.631111,0.559581,0
638919405,chair_3,55.0262,740,0.0405541,0.0888321,0.219075,0.181975,0
638919410,chair_2,3.16532,398,0.423993,0.491191,0.631496,0.559719,0
638919503,chair_3,55.0262,740,0.0405541,0.0888321,0.219075,0.181975,0
638919507,chair_2,3.16562,398,0.424009,0.491255,0.631521,0.559691,0
638919603,chair_3,55.0262,740,0.0405542,0.0888321,0.219075,0.181976,0
638919607,chair_2,3.1657,398,0.424019,0.491299,0.631551,0.559708,0
638919703,chair_3,55.0262,740,0.0405542,0.0888321,0.219075,0.181976,0
638919707,chair_2,3.16579,398,0.424028,0.491343,0.631579,0.559721,0
638919803,chair_3,55.0262,740,0.0405542,0.0888321,0.219075,0.181976,0
638919808,chair_2,3.16601,398,0.424046,0.491425,0.631834,0.559795,0
638919903,chair_3,55.0262,740,0.0405542,0.0888321,0.219075,0.181976,0
638919907,chair_2,3.16559,398,0.424038,0.491294,0.631752,0.559783,0
638920003,chair_3,55.0262,740,0.0405542,0.0888321,0.219075,0.181976,0
638920007,chair_2,3.16581,398,0.424053,0.491308,0.631636,0.559701,0
638920103,chair_3,55.0262,740,0.0405542,0.0888321,0.219075,0.181976,0
638920108,chair_2,3.16589,398,0.424064,0.491351,0.631827,0.559764,0
638920205,chair_3,55.0262,740,0.0405542,0.0888321,0.219075,0.181976,0
638920210,chair_2,3.166,398,0.424074,0.491391,0.631695,0.559725,0
638920305,chair_3,55.0262,740,0.0405541,0.0888321,0.219075,0.181975,0
638920311,chair_2,3.166,398,0.424075,0.491392,0.631695,0.559725,0
638920403,chair_3,55.0262,740,0.0405541,0.0888321,0.219075,0.181975,0
638920408,chair_2,3.166,398,0.424075,0.491392,0.631695,0.559725,0
638920503,chair_3,55.0262,740,0.0405542,0.0888321,0.219075,0.181976,0
638920507,chair_2,3.166,398,0.424074,0.491391,0.631695,0.559725,0
638920604,chair_3,55.0262,740,0.0405542,0.0888321,0.219075,0.181976,0
638920610,chair_2,3.166,398,0.424074,0.491391,0.631695,0.559725,0
638920708,chair_3,55.0262,740,0.0405542,0.0888321,0.219075,0.181976,0
638920716,chair_2,3.166,398,0.424074,0.491391,0.631695,0.559725,0
638920804,chair_3,55.0262,740,0.0405542,0.0888321,0.219075,0.181976,0
638920812,chair_2,3.166,398,0.424074,0.491391,0.631695,0.559725,0
638920903,chair_3,55.0262,740,0.0405542,0.0888321,0.219075,0.181976,0
638920907,chair_2,3.166,398,0.424074,0.491391,0.631695,0.559725,0
638921005,chair_3,55.0262,740,0.0405542,0.0888321,0.219075,0.181976,0
638921060,chair_2,3.16604,398,0.424073,0.491437,0.631498,0.559689,0
638921105,chair_3,55.0276,740,0.0406344,0.0896741,0.219375,0.18218,0
638921137,chair_2,3.16606,398,0.424064,0.491415,0.63126,0.559604,0
638921203,chair_3,55.028,740,0.0407365,0.0902224,0.219432,0.182163,0
638921227,chair_2,3.1658,398,0.424031,0.491318,0.631317,0.559626,0
638921305,chair_3,55.0288,740,0.0408341,0.0902839,0.219512,0.182213,0
638921336,chair_2,3.16546,398,0.423993,0.491211,0.631486,0.559696,0
638921405,chair_3,55.0288,740,0.040599,0.090254,0.21956,0.182243,0
638921431,chair_2,3.16557,398,0.424002,0.491285,0.631759,0.559795,0
638921503,chair_3,55.0303,743,0.040602,0.090235,0.219358,0.182042,0
638921528,chair_2,3.16578,398,0.424013,0.491301,0.631717,0.559739,0
638921604,chair_3,55.0273,740,0.040929,0.090183,0.219391,0.182216,0
638921628,chair_2,3.16597,398,0.424023,0.491318,0.631672,0.559688,0
638921705,chair_3,55.0273,740,0.0406653,0.0897478,0.219539,0.182335,0
638921735,chair_2,3.1661,398,0.424036,0.491367,0.631849,0.559738,0
638921803,chair_3,55.0267,740,0.040314,0.0870651,0.219431,0.182379,0
638921832,chair_2,3.16613,398,0.424044,0.491356,0.631728,0.559686,0
638921904,chair_3,55.0267,741,0.0399967,0.0829303,0.219139,0.182237,0
638921932,chair_2,3.16629,398,0.424056,0.491365,0.631607,0.559612,0
638922003,chair_3,55.0262,740,0.0398162,0.0760454,0.218947,0.182222,0
638922027,chair_2,3.16653,398,0.424074,0.491462,0.631555,0.559602,0
638922103,chair_3,55.026,740,0.0401022,0.078348,0.219204,0.182491,0
638922127,chair_2,3.16658,398,0.42408,0.49156,0.631446,0.559624,0
638922205,chair_3,55.0265,742,0.0403697,0.0844442,0.219182,0.182381,0
638922241,chair_2,3.1663,398,0.424055,0.49149,0.631222,0.559588,0
638922305,chair_3,55.0265,740,0.0403544,0.0845655,0.219142,0.182272,0
638922329,chair_2,3.16632,398,0.424044,0.491393,0.631016,0.559458,0
638922405,chair_3,55.0283,740,0.0404464,0.0888083,0.219487,0.182361,0
638922431,chair_2,3.16579,398,0.424024,0.491299,0.631397,0.55964,0
638922503,chair_3,55.029,743,0.0405892,0.0897895,0.219259,0.1821,0
638922527,chair_2,3.16579,398,0.424024,0.491299,0.631397,0.55964,0
638922605,chair_3,55.029,740,0.040561,0.0899292,0.219442,0.182201,0
638922638,chair_2,3.16579,398,0.424024,0.491299,0.631397,0.55964,0
638922705,chair_3,55.03,740,0.0405875,0.0903269,0.219511,0.182109,0
638922737,chair_2,3.16579,398,0.424024,0.491299,0.631397,0.55964,0
638922805,chair_3,55.0311,740,0.0406949,0.090374,0.219611,0.182102,0
638922837,chair_2,3.16579,398,0.424024,0.491299,0.631397,0.55964,0
638922905,chair_3,55.0311,740,0.0404697,0.0903922,0.219679,0.182149,0
638922929,chair_2,3.16579,398,0.424024,0.491299,0.631397,0.55964,0
638923005,chair_3,55.0328,744,0.0404498,0.0903059,0.219607,0.182073,0
638923031,chair_2,3.16579,398,0.424024,0.491299,0.631397,0.55964,0
638923105,chair_3,55.0328,743,0.0404257,0.0902871,0.219446,0.181892,0
638923130,chair_2,3.16579,398,0.424024,0.491299,0.631397,0.55964,0
638923202,chair_3,55.0328,740,0.0404032,0.0904435,0.219862,0.18221,0
638923227,chair_2,3.16579,398,0.424024,0.491299,0.631397,0.55964,0
638923305,chair_3,55.0321,740,0.0402861,0.0902125,0.219552,0.182165,0
638923341,chair_2,3.16579,398,0.424024,0.491299,0.631397,0.55964,0
638923403,chair_3,55.0321,740,0.0400719,0.0900162,0.219611,0.182204,0
638923427,chair_2,3.16579,398,0.424024,0.491299,0.631397,0.55964,0
638923504,chair_3,55.0327,741,0.0401977,0.0902335,0.219679,0.182263,0
638923529,chair_2,3.16579,398,0.424024,0.491299,0.631397,0.55964,0
638923607,chair_3,55.0327,740,0.0401684,0.0901745,0.219346,0.181919,0
638923633,chair_2,3.16579,398,0.424024,0.491299,0.631397,0.55964,0
638923707,chair_3,55.0327,740,0.0401191,0.0902098,0.219489,0.182048,0
638923746,chair_2,3.16579,398,0.424024,0.491299,0.631397,0.55964,0
638923803,chair_3,55.0327,741,0.0398697,0.0898523,0.219512,0.182085,0
638923829,chair_2,3.16579,398,0.424024,0.491299,0.631397,0.55964,0
638923903,chair_3,55.03,740,0.0400801,0.0898668,0.219276,0.181876,0
638923928,chair_2,3.16579,398,0.424024,0.491299,0.631397,0.55964,0
638924003,chair_3,55.0308,740,0.0403471,0.0900895,0.219609,0.182278,0
638924007,chair_2,3.16579,398,0.424024,0.491299,0.631397,0.55964,0
638924105,chair_3,55.0308,740,0.0403471,0.0900895,0.219609,0.182278,0
638924112,chair_2,3.16579,398,0.424024,0.491299,0.631397,0.55964,0
638924205,chair_3,55.0308,740,0.0403471,0.0900895,0.219609,0.182278,0
638924230,chair_2,3.16579,398,0.424024,0.491299,0.631397,0.55964,0
638924303,chair_3,55.0317,741,0.0404104,0.090048,0.219626,0.182349,0
638924345,chair_2,3.16579,398,0.424024,0.491299,0.631397,0.55964,0
638924405,chair_3,55.0308,740,0.0403745,0.0900346,0.219398,0.18209,0
638924432,chair_2,3.16579,398,0.424024,0.491299,0.631397,0.55964,0
638924504,chair_3,55.0316,740,0.0405463,0.0902866,0.219757,0.182433,0
638924528,chair_2,3.16579,398,0.424024,0.491299,0.631397,0.55964,0
638924604,chair_3,55.0329,743,0.0405347,0.0902566,0.219535,0.182238,0
638924632,chair_2,3.16579,398,0.424024,0.491299,0.631397,0.55964,0
638924705,chair_3,55.0329,740,0.0405062,0.0903618,0.219743,0.18236,0
638924740,chair_2,3.16579,398,0.424024,0.491299,0.631397,0.55964,0
638924805,chair_3,55.0329,740,0.0404282,0.0903073,0.219875,0.182478,0
638924832,chair_2,3.16579,398,0.424024,0.491299,0.631397,0.55964,0
638924903,chair_3,55.0336,740,0.0400905,0.089518,0.219576,0.182282,0
638924927,chair_2,3.16579,398,0.424024,0.491299,0.631397,0.55964,0
638925005,chair_3,55.0336,740,0.0399284,0.0893627,0.219777,0.182458,0
638925036,chair_2,3.16579,398,0.424024,0.491299,0.631397,0.55964,0
638925105,chair_3,55.0336,740,0.0396556,0.086861,0.219687,0.182517,0
638925139,chair_2,3.16591,398,0.424033,0.491373,0.631541,0.559702,0
638925203,chair_3,55.0375,741,0.0392103,0.088548,0.219736,0.182324,0
638925226,chair_2,3.16596,398,0.424036,0.491403,0.631575,0.55972,0
638925305,chair_3,55.0375,740,0.0388994,0.0875255,0.21919,0.181763,0
638925330,chair_2,3.16567,398,0.424007,0.491292,0.631442,0.559682,0
638925403,chair_3,55.0375,740,0.0390512,0.0874935,0.219362,0.18199,0
638925427,chair_2,3.16583,398,0.424021,0.491377,0.631542,0.559729,0
638925503,chair_3,55.0375,740,0.0391023,0.0864613,0.219563,0.182296,0
638925527,chair_2,3.16588,398,0.424024,0.49141,0.631573,0.559746,0
638925604,chair_3,55.0375,740,0.0390702,0.0869687,0.219746,0.182411,0
638925641,chair_2,3.16553,398,0.423992,0.491262,0.631432,0.559699,0
638925805,chair_3,55.0378,742,0.0393858,0.0893407,0.219678,0.182253,0
638925843,chair_2,3.16571,398,0.424008,0.491338,0.631519,0.559727,0
638925905,chair_3,55.0378,740,0.0393687,0.0894039,0.219548,0.182064,0
638925934,chair_2,3.16578,398,0.424013,0.491373,0.631552,0.559744,0
638926005,chair_3,55.0378,740,0.0393548,0.0897451,0.219676,0.182112,0
638926032,chair_2,3.16584,398,0.424019,0.491407,0.631585,0.559759,0
638926103,chair_3,55.0378,740,0.0393781,0.0903317,0.219887,0.182056,0
638926126,chair_2,3.16546,398,0.423987,0.491252,0.631436,0.55971,0
638926203,chair_3,55.038,741,0.03933,0.0900754,0.219799,0.182153,0
638926226,chair_2,3.16566,398,0.424005,0.49133,0.631525,0.559737,0
638926303,chair_3,55.038,740,0.0393112,0.0901503,0.219848,0.182164,0
638926333,chair_2,3.16572,398,0.424012,0.491364,0.631558,0.559753,0
638926404,chair_3,55.0389,743,0.0394504,0.0901844,0.219564,0.181764,0
638926446,chair_2,3.16554,398,0.42399,0.491262,0.631436,0.559698,0
638926503,chair_3,55.0389,740,0.0394229,0.0903011,0.219813,0.181929,0
638926527,chair_2,3.16576,398,0.424009,0.491346,0.631526,0.559723,0
638926605,chair_3,55.0389,741,0.0394449,0.0902987,0.219889,0.182032,0
638926629,chair_2,3.16576,398,0.424009,0.491346,0.631526,0.559723,0
638926705,chair_3,55.0389,740,0.0394171,0.09025,0.219594,0.181726,0
638926731,chair_2,3.16576,398,0.424009,0.491346,0.631526,0.559723,0
638926803,chair_3,55.0389,740,0.0392778,0.0902765,0.219712,0.181824,0
638926829,chair_2,3.16576,398,0.424009,0.491346,0.631526,0.559723,0
638926903,chair_3,55.0389,741,0.0390537,0.0902767,0.219811,0.18193,0
638926937,chair_2,3.16576,398,0.424009,0.491346,0.631526,0.559723,0
638927004,chair_3,55.0389,740,0.0390284,0.0902457,0.219601,0.181703,0
638927034,chair_2,3.16576,398,0.424009,0.491346,0.631526,0.559723,0
638927103,chair_3,55.0389,740,0.0389297,0.0901987,0.219753,0.181835,0
638927128,chair_2,3.16576,398,0.424009,0.491346,0.631526,0.559723,0
638927204,chair_3,55.0388,742,0.0392061,0.0902694,0.219651,0.181737,0
638927229,chair_2,3.16576,398,0.42401,0.491346,0.631526,0.559723,0
638927305,chair_3,55.0388,741,0.0392137,0.0903131,0.219705,0.181754,0
638927310,chair_2,3.16576,398,0.42401,0.491346,0.631526,0.559723,0
638927405,chair_3,55.0388,741,0.0392138,0.090313,0.219705,0.181754,0
638927411,chair_2,3.16576,398,0.424009,0.491346,0.631526,0.559723,0
638927503,chair_3,55.0388,741,0.0392138,0.090313,0.219705,0.181754,0
638927508,chair_2,3.16579,398,0.424013,0.491372,0.631576,0.559745,0
638927603,chair_3,55.0388,741,0.0392138,0.090313,0.219705,0.181754,0
638927607,chair_2,3.1659,398,0.424026,0.491433,0.631876,0.559846,0
638927703,chair_3,55.0388,741,0.0392138,0.090313,0.219705,0.181754,0
638927707,chair_2,3.16568,398,0.424024,0.491348,0.631783,0.559812,0
638927805,chair_3,55.0388,741,0.0392138,0.090313,0.219705,0.181754,0
638927810,chair_2,3.16575,398,0.424019,0.491283,0.631725,0.559734,0
638927903,chair_3,55.0388,741,0.0392138,0.090313,0.219705,0.181754,0
638927910,chair_2,3.16549,398,0.423992,0.491147,0.631564,0.559666,0
638928007,chair_3,55.0388,741,0.0392138,0.090313,0.219705,0.181754,0
638928043,chair_2,3.16565,398,0.424003,0.49119,0.631587,0.559659,0
638928104,chair_3,55.0388,740,0.03895,0.0902749,0.219302,0.181223,0
638928127,chair_2,3.16581,398,0.424015,0.491237,0.63161,0.559654,0
638928203,chair_3,55.0388,740,0.0389427,0.0903091,0.219443,0.181352,0
638928229,chair_2,3.16593,398,0.424029,0.491293,0.631847,0.559729,0
638928305,chair_3,55.0388,740,0.038773,0.0903478,0.219597,0.18148,0
638928329,chair_2,3.16602,398,0.424046,0.491286,0.631718,0.559658,0
638928403,chair_3,55.0388,741,0.0385372,0.0903331,0.219624,0.181517,0
638928433,chair_2,3.1661,398,0.424059,0.491278,0.631593,0.559595,0
638928504,chair_3,55.0388,740,0.0383881,0.0902909,0.219341,0.181215,0
638928528,chair_2,3.16626,398,0.424076,0.49136,0.631541,0.559592,0
638928602,chair_3,55.0388,740,0.0382558,0.0902581,0.219536,0.181456,0
638928627,chair_2,3.16636,398,0.424082,0.491453,0.631429,0.5596,0
638928703,chair_3,55.0398,746,0.0383882,0.0902581,0.219507,0.18139,0
638928729,chair_2,3.16675,398,0.424092,0.491604,0.63141,0.559599,0
638928803,chair_3,55.0398,746,0.0381202,0.0901428,0.21906,0.180959,0
638928827,chair_2,3.1664,398,0.424076,0.491526,0.631291,0.559604,0
638928903,chair_3,55.0398,743,0.0380827,0.0902402,0.21923,0.181054,0
638928927,chair_2,3.16636,398,0.42406,0.491465,0.631031,0.559501,0
638929005,chair_3,55.0398,740,0.0380495,0.0903164,0.219323,0.181078,0
638929036,chair_2,3.16636,398,0.42406,0.491465,0.631031,0.559501,0
638929103,chair_3,55.0392,740,0.0384483,0.090364,0.21963,0.181495,0
638929126,chair_2,3.16636,398,0.42406,0.491465,0.631031,0.559501,0
638929203,chair_3,55.0399,743,0.0385215,0.0902454,0.219429,0.181386,0
638929250,chair_2,3.16636,398,0.424061,0.491465,0.631031,0.559501,0
638929305,chair_3,55.0399,740,0.0384861,0.0902969,0.219412,0.181308,0
638929330,chair_2,3.16636,398,0.424061,0.491465,0.631031,0.559501,0
638929403,chair_3,55.0399,740,0.038292,0.0902863,0.219536,0.181407,0
638929433,chair_2,3.16636,398,0.42406,0.491465,0.631031,0.559501,0
638929503,chair_3,55.0399,741,0.0380603,0.0901902,0.219415,0.181382,0
638929531,chair_2,3.16601,398,0.424024,0.491448,0.631974,0.559856,0
638929610,chair_3,55.0371,741,0.0379881,0.0876908,0.219272,0.181496,0
638929636,chair_2,3.16554,398,0.42401,0.491313,0.631864,0.55985,0
638929703,chair_3,55.0362,741,0.0377656,0.0832424,0.219169,0.181591,0
638929727,chair_2,3.16567,398,0.424015,0.491312,0.631804,0.559799,0
638929805,chair_3,55.0346,740,0.0377046,0.0754737,0.218671,0.181383,0
638929845,chair_2,3.16578,398,0.424019,0.491308,0.631742,0.55975,0
638929906,chair_3,55.035,740,0.0376958,0.0814217,0.218938,0.181383,0
638929933,chair_2,3.1659,398,0.424026,0.491312,0.631687,0.559704,0
638930003,chair_3,55.036,740,0.037939,0.0865707,0.219345,0.181602,0
638930028,chair_2,3.16602,398,0.424036,0.49136,0.631862,0.559756,0
638930103,chair_3,55.0366,741,0.0379557,0.0845862,0.219333,0.181764,0
638930127,chair_2,3.16606,398,0.424043,0.491342,0.631724,0.559693,0
638930203,chair_3,55.0366,740,0.0378392,0.0839836,0.218986,0.181402,0
638930227,chair_2,3.16619,398,0.424051,0.491344,0.631595,0.559621,0
638930303,chair_3,55.037,740,0.0381601,0.0876988,0.219335,0.181607,0
638930328,chair_2,3.16638,398,0.424066,0.49143,0.631542,0.559614,0
638930404,chair_3,55.0369,740,0.0382933,0.0887249,0.219362,0.18159,0
638930428,chair_2,3.16642,398,0.424068,0.491514,0.63143,0.559631,0
638930503,chair_3,55.0369,740,0.0384596,0.0895047,0.219411,0.181578,0
638930528,chair_2,3.16638,398,0.424051,0.49148,0.631198,0.559557,0
638930603,chair_3,55.0373,740,0.0385637,0.0899492,0.219464,0.181598,0
638930628,chair_2,3.16597,398,0.424007,0.491405,0.631632,0.559741,0
638930705,chair_3,55.0371,740,0.0386713,0.0898473,0.219492,0.181689,0
638930733,chair_2,3.16608,398,0.424019,0.491448,0.63181,0.559793,0
638930803,chair_3,55.0366,740,0.0388015,0.0896133,0.2195,0.181771,0
638930826,chair_2,3.16591,398,0.423992,0.491301,0.631668,0.559699,0
638930904,chair_3,55.0366,741,0.0387722,0.0894562,0.219441,0.181746,0
638930928,chair_2,3.16605,398,0.424007,0.49135,0.631818,0.559736,0
638931005,chair_3,55.0354,740,0.0388114,0.0886129,0.219288,0.181667,0
638931028,chair_2,3.16605,398,0.424007,0.49135,0.631818,0.559736,0
638931105,chair_3,55.0354,740,0.038698,0.088231,0.219423,0.181837,0
638931130,chair_2,3.16605,398,0.424008,0.49135,0.631818,0.559737,0
638931205,chair_3,55.0352,740,0.0388249,0.0885177,0.219446,0.181824,0
638931244,chair_2,3.16605,398,0.424008,0.49135,0.631818,0.559737,0
638931303,chair_3,55.0352,741,0.0388044,0.0883056,0.219393,0.181806,0
638931339,chair_2,3.16605,398,0.424007,0.49135,0.631818,0.559736,0
638931403,chair_3,55.0337,740,0.0388757,0.0864742,0.219165,0.181735,0
638931428,chair_2,3.16605,398,0.424007,0.49135,0.631818,0.559736,0
638931503,chair_3,55.0345,740,0.039091,0.0885401,0.219517,0.181989,0
638931528,chair_2,3.16605,398,0.424007,0.49135,0.631818,0.559736,0
638931604,chair_3,55.0351,740,0.0390164,0.0877019,0.219631,0.182154,0
638931635,chair_2,3.16605,398,0.424007,0.49135,0.631818,0.559736,0
638931705,chair_3,55.0352,740,0.0387602,0.0834597,0.219032,0.18178,0
638931749,chair_2,3.16605,398,0.424007,0.49135,0.631818,0.559736,0
638931805,chair_3,55.0352,740,0.0388766,0.0822257,0.219212,0.182064,0
638931833,chair_2,3.16605,398,0.424007,0.49135,0.631818,0.559736,0
638931903,chair_3,55.0352,740,0.0389119,0.0810374,0.219439,0.182345,0
638931927,chair_2,3.16605,398,0.424007,0.49135,0.631818,0.559736,0
638932003,chair_3,55.0352,743,0.0388718,0.0843557,0.219202,0.181983,0
638932028,chair_2,3.16605,398,0.424008,0.49135,0.631818,0.559737,0
638932105,chair_3,55.0352,740,0.0388424,0.0845187,0.219368,0.182068,0
638932142,chair_2,3.16605,398,0.424008,0.49135,0.631818,0.559737,0
638932203,chair_3,55.0352,740,0.0388279,0.0879296,0.219564,0.181988,0
638932229,chair_2,3.16605,398,0.424007,0.49135,0.631818,0.559736,0
638932304,chair_3,55.0337,741,0.0386303,0.0815264,0.219226,0.181987,0
638932328,chair_2,3.16605,398,0.424007,0.49135,0.631818,0.559736,0
638932404,chair_3,55.0336,740,0.0385324,0.0753104,0.218856,0.181835,0
638932427,chair_2,3.16605,398,0.424007,0.49135,0.631818,0.559736,0
638932503,chair_3,55.0341,740,0.0384805,0.0759136,0.219154,0.182079,0
638932508,chair_2,3.16605,398,0.424007,0.49135,0.631818,0.559736,0
638932604,chair_3,55.0341,740,0.0384805,0.0759136,0.219154,0.182079,0
638932609,chair_2,3.16605,398,0.424007,0.49135,0.631818,0.559736,0
638932703,chair_3,55.0341,740,0.0384805,0.0759136,0.219154,0.182079,0
638932708,chair_2,3.16605,398,0.424007,0.49135,0.631818,0.559736,0
638932804,chair_3,55.0341,740,0.0384805,0.0759136,0.219154,0.182079,0
638932811,chair_2,3.16605,398,0.424007,0.49135,0.631818,0.559736,0
638932903,chair_3,55.0341,740,0.0384804,0.0759136,0.219154,0.182079,0
638932907,chair_2,3.16605,398,0.424008,0.49135,0.631818,0.559736,0
638933005,chair_3,55.0341,740,0.0384804,0.0759135,0.219154,0.182079,0
638933012,chair_2,3.16605,398,0.424008,0.49135,0.631818,0.559737,0
638933104,chair_3,55.0341,740,0.0384805,0.0759136,0.219154,0.182079,0
638933110,chair_2,3.16605,398,0.424007,0.49135,0.631818,0.559736,0
638933208,chair_3,55.0341,740,0.0384805,0.0759136,0.219154,0.182079,0
638933215,chair_2,3.16605,398,0.424007,0.49135,0.631818,0.559736,0
638933303,chair_3,55.0341,740,0.0384805,0.0759136,0.219154,0.182079,0
638933307,chair_2,3.16605,398,0.424007,0.49135,0.631818,0.559736,0
638933405,chair_3,55.0341,740,0.0384805,0.0759136,0.219154,0.182079,0
638933411,chair_2,3.16605,398,0.424007,0.49135,0.631818,0.559736,0
638933504,chair_3,55.0341,740,0.0384805,0.0759136,0.219154,0.182079,0
638933510,chair_2,3.16605,398,0.424007,0.49135,0.631818,0.559736,0
638933605,chair_3,55.0341,740,0.0384805,0.0759136,0.219154,0.182079,0
638933611,chair_2,3.16612,398,0.424013,0.49134,0.631724,0.559684,0
638933705,chair_3,55.0341,740,0.0384805,0.0759136,0.219154,0.182079,0
638933712,chair_2,3.16621,398,0.424022,0.49133,0.63155,0.559602,0
638933803,chair_3,55.0341,740,0.0384805,0.0759136,0.219154,0.182079,0
638933831,chair_2,3.16628,398,0.424028,0.491365,0.63158,0.559615,0
638933905,chair_3,55.0341,740,0.0386018,0.0775935,0.219302,0.182198,0
638933934,chair_2,3.16634,398,0.424039,0.491418,0.631838,0.55971,0
638934005,chair_3,55.0349,740,0.0387619,0.0845773,0.21938,0.182033,0
638934037,chair_2,3.1664,398,0.42405,0.491408,0.631704,0.559646,0
638934105,chair_3,55.0349,740,0.0386783,0.0840508,0.219489,0.182128,0
638934134,chair_2,3.16647,398,0.424061,0.491406,0.631578,0.559586,0
638934205,chair_3,55.0361,741,0.0386142,0.0837435,0.219487,0.182177,0
638934231,chair_2,3.1666,398,0.424075,0.491482,0.631527,0.55959,0
638934305,chair_3,55.0361,740,0.0385868,0.0837383,0.219139,0.181819,0
638934330,chair_2,3.16663,398,0.42408,0.491571,0.631418,0.559613,0
638934403,chair_3,55.0361,740,0.0386626,0.0827661,0.219314,0.182069,0
638934429,chair_2,3.16661,398,0.424068,0.491546,0.631189,0.559538,0
638934503,chair_3,55.0361,740,0.0386818,0.0838034,0.219527,0.182214,0
638934528,chair_2,3.16624,398,0.42405,0.491429,0.631187,0.559553,0
638934605,chair_3,55.0371,743,0.0388324,0.0879918,0.219318,0.181843,0
638934630,chair_2,3.16609,398,0.424029,0.491335,0.631153,0.55952,0
638934703,chair_3,55.0371,740,0.0388031,0.08813,0.219513,0.181956,0
638934732,chair_2,3.16589,398,0.424004,0.491281,0.631546,0.559651,0
638934804,chair_3,55.0371,740,0.0386288,0.0875791,0.2196,0.182025,0
638934835,chair_2,3.16596,398,0.424015,0.491325,0.631568,0.559669,0
638934905,chair_3,55.0358,740,0.0382974,0.0784262,0.219483,0.182246,0
638934943,chair_2,3.16602,398,0.424029,0.49138,0.631819,0.55976,0
638935003,chair_3,55.0354,741,0.0380205,0.0693653,0.219221,0.182297,0
638935030,chair_2,3.16611,398,0.424043,0.491373,0.631705,0.559696,0
638935105,chair_3,55.0335,739,0.0380429,0.0620652,0.218831,0.182253,0
638935151,chair_2,3.16611,398,0.424042,0.491373,0.631705,0.559695,0
638935205,chair_3,55.0338,740,0.038026,0.0623178,0.218881,0.182311,0
638935231,chair_2,3.16611,398,0.424042,0.491373,0.631705,0.559695,0
638935403,chair_3,55.0348,740,0.0379178,0.062948,0.219233,0.182572,0
638935408,chair_2,3.16611,398,0.424042,0.491373,0.631705,0.559695,0
638935508,chair_3,55.0348,740,0.0379178,0.062948,0.219233,0.182572,0
638935515,chair_2,3.16611,398,0.424042,0.491373,0.631705,0.559695,0
638935603,chair_3,55.0348,740,0.0379178,0.062948,0.219233,0.182572,0
638935608,chair_2,3.16611,398,0.424042,0.491373,0.631705,0.559695,0
638935805,chair_3,55.0348,740,0.0379178,0.0629479,0.219233,0.182572,0
638935809,chair_2,3.16611,398,0.424043,0.491373,0.631705,0.559696,0
638935905,chair_3,55.0348,740,0.0379178,0.0629478,0.219233,0.182572,0
638935911,chair_2,3.16611,398,0.424043,0.491373,0.631705,0.559696,0
638936004,chair_3,55.0348,740,0.0379178,0.0629478,0.219233,0.182572,0
638936008,chair_2,3.1662,398,0.424053,0.491366,0.631536,0.559616,0
638936103,chair_3,55.0348,740,0.0379178,0.062948,0.219233,0.182572,0
638936107,chair_2,3.16628,398,0.424065,0.491432,0.631864,0.559734,0
638936205,chair_3,55.0348,740,0.0379178,0.062948,0.219233,0.182572,0
638936212,chair_2,3.16633,398,0.42407,0.491445,0.631725,0.55969,0
638936305,chair_3,55.0348,740,0.0379178,0.062948,0.219233,0.182572,0
638936310,chair_2,3.16633,398,0.424067,0.491486,0.631526,0.559662,0
638936406,chair_3,55.0348,740,0.0379178,0.062948,0.219233,0.182572,0
638936413,chair_2,3.1663,398,0.424054,0.491458,0.631293,0.559586,0
638936504,chair_3,55.0348,740,0.0379178,0.062948,0.219233,0.182572,0
638936508,chair_2,3.16615,398,0.424028,0.491375,0.631349,0.559589,0
638936705,chair_3,55.0348,740,0.0379178,0.062948,0.219233,0.182572,0
638936712,chair_2,3.1663,398,0.424046,0.491479,0.631599,0.559692,0
638936803,chair_3,55.0348,740,0.0379178,0.0629479,0.219233,0.182572,0
638936808,chair_2,3.16603,398,0.42402,0.491348,0.631503,0.559648,0
638936905,chair_3,55.0348,740,0.0379178,0.0629478,0.219233,0.182572,0
638936909,chair_2,3.16607,398,0.424029,0.491385,0.631573,0.559681,0
638937005,chair_3,55.0348,740,0.0379178,0.0629478,0.219233,0.182572,0
638937012,chair_2,3.16617,398,0.424044,0.491446,0.631827,0.559767,0
638937103,chair_3,55.0348,740,0.0379178,0.062948,0.219233,0.182572,0
638937107,chair_2,3.166,398,0.424019,0.49131,0.631686,0.55968,0
638937205,chair_3,55.0348,740,0.0379178,0.062948,0.219233,0.182572,0
638937212,chair_2,3.16613,398,0.424036,0.491313,0.631583,0.559617,0
638937303,chair_3,55.0348,740,0.0379178,0.062948,0.219233,0.182572,0
638937307,chair_2,3.16622,398,0.42405,0.491375,0.631818,0.5597,0
638937405,chair_3,55.0348,740,0.0379178,0.062948,0.219233,0.182572,0
638937411,chair_2,3.16627,398,0.424065,0.491361,0.631712,0.559642,0
638937605,chair_3,55.0348,740,0.0379178,0.062948,0.219233,0.182572,0
638937610,chair_2,3.16627,398,0.424065,0.491361,0.631712,0.559642,0
638937703,chair_3,55.0348,740,0.0379178,0.062948,0.219233,0.182572,0
638937707,chair_2,3.16627,398,0.424065,0.491361,0.631712,0.559642,0
638937805,chair_3,55.0348,740,0.0379178,0.062948,0.219233,0.182572,0
638937810,chair_2,3.16627,398,0.424065,0.491361,0.631712,0.559642,0
638937905,chair_3,55.0348,740,0.0379178,0.0629479,0.219233,0.182572,0
638937910,chair_2,3.16627,398,0.424065,0.491361,0.631712,0.559642,0
638938003,chair_3,55.0348,740,0.0379178,0.0629478,0.219233,0.182572,0
638938028,chair_2,3.16629,398,0.424059,0.491387,0.631433,0.559578,0
638938104,chair_3,55.0351,740,0.0381807,0.0647548,0.219333,0.182661,0
638938144,chair_2,3.16646,398,0.42406,0.491491,0.631412,0.559602,0
638938203,chair_3,55.035,740,0.0383244,0.0656791,0.219371,0.18271,0
638938227,chair_2,3.16661,398,0.424068,0.491592,0.631659,0.559706,0
638938306,chair_3,55.0345,740,0.0385621,0.0664741,0.219414,0.182792,0
638938331,chair_2,3.16632,398,0.424032,0.491464,0.631689,0.559706,0
638938405,chair_3,55.0343,740,0.0387538,0.0674065,0.219456,0.182858,0
638938434,chair_2,3.16641,398,0.424042,0.491505,0.631869,0.559761,0
638938503,chair_3,55.0342,740,0.0388847,0.0682181,0.21949,0.182903,0
638938526,chair_2,3.16597,398,0.42403,0.491373,0.631782,0.559756,0
638938604,chair_3,55.0341,740,0.0390217,0.0690699,0.219525,0.18295,0
638938628,chair_2,3.16601,398,0.424036,0.491355,0.63166,0.559697,0
638938703,chair_3,55.0339,740,0.0391792,0.0696901,0.219554,0.183004,0
638938729,chair_2,3.16614,398,0.424046,0.491407,0.631853,0.559754,0
638938803,chair_3,55.0336,740,0.0393406,0.0704344,0.219587,0.18306,0
638938829,chair_2,3.16618,398,0.424053,0.491395,0.631735,0.5597,0
638938904,chair_3,55.0344,740,0.039511,0.0735358,0.219691,0.183119,0
638938928,chair_2,3.16622,398,0.424059,0.491383,0.631617,0.559644,0
638939005,chair_3,55.0345,741,0.039762,0.0757044,0.219742,0.183205,0
638939036,chair_2,3.16641,398,0.424075,0.491468,0.631567,0.559639,0
638939203,chair_3,55.0345,740,0.0394058,0.0754787,0.219271,0.182604,0
638939226,chair_2,3.16645,398,0.424079,0.491558,0.63146,0.559661,0
638939303,chair_3,55.0345,740,0.0394668,0.0743982,0.219408,0.182802,0
638939327,chair_2,3.16642,398,0.424073,0.491525,0.631256,0.559587,0
638939408,chair_3,55.0351,740,0.0396006,0.0768623,0.219754,0.183094,0
638939445,chair_2,3.16622,398,0.424043,0.491425,0.631075,0.559526,0
638939505,chair_3,55.0355,741,0.039895,0.0799099,0.219909,0.183265,0
638939509,chair_2,3.16622,398,0.424043,0.491425,0.631075,0.559526,0
638939705,chair_3,55.0355,741,0.039895,0.0799099,0.219909,0.183265,0
638939710,chair_2,3.16622,398,0.424043,0.491425,0.631075,0.559526,0
638939803,chair_3,55.0355,741,0.039895,0.0799099,0.219909,0.183265,0
638939807,chair_2,3.16622,398,0.424043,0.491425,0.631075,0.559526,0
638939906,chair_3,55.0355,741,0.0398949,0.0799099,0.219909,0.183265,0
638939912,chair_2,3.16622,398,0.424043,0.491425,0.631075,0.559526,0
638940005,chair_3,55.0355,741,0.039895,0.0799099,0.219909,0.183265,0
638940012,chair_2,3.16622,398,0.424043,0.491425,0.631076,0.559526,0
638940105,chair_3,55.0355,741,0.039895,0.0799099,0.219909,0.183265,0
638940112,chair_2,3.16622,398,0.424043,0.491425,0.631076,0.559526,0
638940205,chair_3,55.0355,741,0.039895,0.0799099,0.219909,0.183265,0
638940212,chair_2,3.16622,398,0.424043,0.491425,0.631075,0.559526,0
638940306,chair_3,55.0355,741,0.039895,0.0799099,0.219909,0.183265,0
638940310,chair_2,3.16622,398,0.424043,0.491425,0.631075,0.559526,0
638940405,chair_3,55.0355,741,0.039895,0.0799099,0.219909,0.183265,0
638940411,chair_2,3.16622,398,0.424043,0.491425,0.631075,0.559526,0
638940605,chair_3,55.0355,741,0.039895,0.0799099,0.219909,0.183265,0
638940611,chair_2,3.16622,398,0.424043,0.491425,0.631075,0.559526,0
638940705,chair_3,55.0355,741,0.039895,0.0799099,0.219909,0.183265,0
638940711,chair_2,3.16622,398,0.424043,0.491425,0.631075,0.559526,0
638940803,chair_3,55.0355,741,0.039895,0.0799099,0.219909,0.183265,0
638940807,chair_2,3.16622,398,0.424043,0.491425,0.631075,0.559526,0
638940904,chair_3,55.0355,741,0.039895,0.0799099,0.219909,0.183265,0
638940909,chair_2,3.16622,398,0.424043,0.491425,0.631076,0.559526,0
638941005,chair_3,55.0355,741,0.039895,0.0799099,0.219909,0.183265,0
638941010,chair_2,3.16622,398,0.424043,0.491425,0.631076,0.559526,0
638941105,chair_3,55.0355,741,0.039895,0.0799099,0.219909,0.183265,0
638941112,chair_2,3.16622,398,0.424043,0.491425,0.631075,0.559526,0
638941205,chair_3,55.0355,741,0.039895,0.0799099,0.219909,0.183265,0
638941211,chair_2,3.16622,398,0.424043,0.491425,0.631075,0.559526,0
638941305,chair_3,55.0355,741,0.039895,0.0799099,0.219909,0.183265,0
638941311,chair_2,3.16622,398,0.424043,0.491425,0.631075,0.559526,0
638941406,chair_3,55.0355,741,0.039895,0.0799099,0.219909,0.183265,0
638941411,chair_2,3.16622,398,0.424043,0.491425,0.631075,0.559526,0
638941505,chair_3,55.0355,741,0.039895,0.0799099,0.219909,0.183265,0
638941512,chair_2,3.16622,398,0.424043,0.491425,0.631075,0.559526,0
638941604,chair_3,55.0355,741,0.039895,0.0799099,0.219909,0.183265,0
638941608,chair_2,3.16622,398,0.424043,0.491425,0.631075,0.559526,0
638941705,chair_3,55.0355,741,0.039895,0.0799099,0.219909,0.183265,0
638941710,chair_2,3.16622,398,0.424043,0.491425,0.631075,0.559526,0
638941803,chair_3,55.0355,741,0.039895,0.0799099,0.219909,0.183265,0
638941808,chair_2,3.16622,398,0.424043,0.491425,0.631075,0.559526,0
638941904,chair_3,55.0355,741,0.039895,0.0799099,0.219909,0.183265,0
638941908,chair_2,3.16622,398,0.424043,0.491425,0.631076,0.559526,0
638942005,chair_3,55.0355,741,0.039895,0.0799099,0.219909,0.183265,0
638942013,chair_2,3.16622,398,0.424043,0.491425,0.631076,0.559526,0
638942103,chair_3,55.0355,741,0.039895,0.0799099,0.219909,0.183265,0
638942128,chair_2,3.1661,398,0.424007,0.491414,0.631592,0.559707,0
638942203,chair_3,55.0355,740,0.0398731,0.0799619,0.21984,0.183167,0
638942227,chair_2,3.16619,398,0.424018,0.491465,0.631805,0.559775,0
638942303,chair_3,55.0355,740,0.0399098,0.0787834,0.219904,0.183299,0
638942326,chair_2,3.16603,398,0.423993,0.491339,0.631665,0.559694,0
638942403,chair_3,55.0355,740,0.0396886,0.0758209,0.219634,0.183077,0
638942428,chair_2,3.16615,398,0.424006,0.491385,0.631839,0.559742,0
638942503,chair_3,55.0355,740,0.0398386,0.077695,0.219793,0.18321,0
638942529,chair_2,3.16619,398,0.424016,0.491368,0.631721,0.559686,0
638942604,chair_3,55.0355,741,0.0400509,0.0811069,0.219832,0.183217,0
638942630,chair_2,3.1663,398,0.424027,0.491368,0.6316,0.559619,0
638942703,chair_3,55.0355,740,0.0397734,0.0790127,0.219548,0.182903,0
638942726,chair_2,3.16639,398,0.424039,0.491416,0.631816,0.559689,0
638942804,chair_3,55.0359,740,0.0399477,0.0811708,0.219858,0.18318,0
638942828,chair_2,3.16643,398,0.424047,0.491398,0.631699,0.559632,0
638942903,chair_3,55.0359,740,0.0396481,0.0774426,0.219748,0.183106,0
638942928,chair_2,3.16647,398,0.424055,0.491387,0.631583,0.559577,0
638943004,chair_3,55.0361,740,0.0397608,0.0790391,0.219799,0.183146,0
638943029,chair_2,3.16654,398,0.424068,0.491451,0.631534,0.559587,0
638943104,chair_3,55.0361,740,0.0399678,0.0811226,0.219926,0.183265,0
638943127,chair_2,3.16659,398,0.424071,0.491534,0.63143,0.559603,0
638943203,chair_3,55.0361,740,0.039686,0.0768375,0.219872,0.183268,0
638943228,chair_2,3.16653,398,0.424055,0.491497,0.631208,0.559532,0
638943303,chair_3,55.0369,741,0.0399295,0.0802964,0.219998,0.183388,0
638943333,chair_2,3.16613,398,0.424015,0.491427,0.631629,0.559715,0
638943404,chair_3,55.0369,740,0.0398899,0.0784191,0.219777,0.183223,0
638943427,chair_2,3.16623,398,0.424027,0.491469,0.631806,0.559767,0
638943503,chair_3,55.0373,741,0.0402514,0.0821859,0.220151,0.183599,0
638943528,chair_2,3.16606,398,0.424002,0.491329,0.631669,0.55968,0
638943603,chair_3,55.0373,740,0.0402236,0.0822035,0.219902,0.183333,0
638943608,chair_2,3.16606,398,0.424002,0.491329,0.631669,0.55968,0
638943707,chair_3,55.0373,740,0.0402236,0.0822035,0.219902,0.183333,0
638943712,chair_2,3.16606,398,0.424002,0.491329,0.631669,0.55968,0
638943804,chair_3,55.0373,740,0.0402236,0.0822035,0.219902,0.183333,0
638943827,chair_2,3.16606,398,0.424002,0.491329,0.631669,0.55968,0
638943905,chair_3,55.0373,740,0.0403561,0.0842833,0.220031,0.183383,0
638943931,chair_2,3.16606,398,0.424002,0.491329,0.631669,0.55968,0
638944004,chair_3,55.0373,741,0.0405704,0.087792,0.220099,0.183289,0
638944028,chair_2,3.16606,398,0.424002,0.49133,0.631669,0.55968,0
638944104,chair_3,55.0373,740,0.0405479,0.0878339,0.220012,0.183175,0
638944127,chair_2,3.16606,398,0.424002,0.49133,0.631669,0.55968,0
638944303,chair_3,55.0373,740,0.0404587,0.0869393,0.220093,0.183301,0
638944327,chair_2,3.16606,398,0.424002,0.491329,0.631669,0.55968,0
638944405,chair_3,55.0373,741,0.0407629,0.0879595,0.220277,0.183526,0
638944429,chair_2,3.16606,398,0.424002,0.491329,0.631669,0.55968,0
638944505,chair_3,55.0373,741,0.0407604,0.0879387,0.220202,0.183456,0
638944535,chair_2,3.16614,398,0.424013,0.491373,0.631909,0.559755,0
638944604,chair_3,55.0373,740,0.0407456,0.088034,0.220356,0.183565,0
638944627,chair_2,3.16624,398,0.424031,0.491365,0.631776,0.559681,0
638944705,chair_3,55.0346,740,0.040866,0.0815336,0.219732,0.183349,0
638944731,chair_2,3.16627,398,0.424039,0.491346,0.631648,0.55962,0
638944805,chair_3,55.0346,740,0.0410797,0.083046,0.219929,0.183547,0
638944840,chair_2,3.16638,398,0.424051,0.491395,0.631854,0.559685,0
638944904,chair_3,55.0346,740,0.0413395,0.0879168,0.220167,0.183534,0
638944928,chair_2,3.16643,398,0.424058,0.49141,0.631718,0.559642,0
638945003,chair_3,55.0346,741,0.0415086,0.0890841,0.220311,0.183624,0
638945028,chair_2,3.16643,398,0.424058,0.491453,0.631528,0.559617,0
638945104,chair_3,55.0346,741,0.0415054,0.0890597,0.220213,0.183532,0
638945127,chair_2,3.16658,398,0.424066,0.49152,0.631694,0.559673,0
638945205,chair_3,55.0346,740,0.0414831,0.0890872,0.22009,0.183383,0
638945230,chair_2,3.16655,398,0.424053,0.49149,0.631495,0.559606,0
638945305,chair_3,55.0346,740,0.0414196,0.0887664,0.22017,0.183462,0
638945313,chair_2,3.16665,398,0.424074,0.491624,0.631678,0.55972,0
638945403,chair_3,55.0346,740,0.0414196,0.0887664,0.22017,0.183462,0
638945409,chair_2,3.16663,398,0.424069,0.491589,0.631499,0.559652,0
638945504,chair_3,55.0346,740,0.0414196,0.0887664,0.22017,0.183462,0
638945510,chair_2,3.16666,398,0.42406,0.491508,0.631335,0.559543,0
638945603,chair_3,55.0346,740,0.0414196,0.0887664,0.22017,0.183462,0
638945608,chair_2,3.1663,398,0.424045,0.491384,0.63133,0.559549,0
638945703,chair_3,55.0346,740,0.0414196,0.0887664,0.22017,0.183462,0
638945707,chair_2,3.16607,398,0.424018,0.491298,0.6315,0.559601,0
638945805,chair_3,55.0346,740,0.0414196,0.0887664,0.22017,0.183462,0
638945809,chair_2,3.16613,398,0.424029,0.491334,0.631536,0.559619,0
638945903,chair_3,55.0346,740,0.0414196,0.0887664,0.22017,0.183462,0
638945909,chair_2,3.16619,398,0.424038,0.49137,0.631572,0.559638,0
638946005,chair_3,55.0346,740,0.0414196,0.0887664,0.22017,0.183462,0
638946010,chair_2,3.16619,398,0.424038,0.49137,0.631572,0.559638,0
638946103,chair_3,55.0346,740,0.0414196,0.0887664,0.22017,0.183462,0
638946109,chair_2,3.16619,398,0.424038,0.49137,0.631572,0.559638,0
638946203,chair_3,55.0346,740,0.0414196,0.0887664,0.22017,0.183462,0
638946208,chair_2,3.16619,398,0.424038,0.49137,0.631572,0.559638,0
638946303,chair_3,55.0346,740,0.0414196,0.0887664,0.22017,0.183462,0
638946308,chair_2,3.16619,398,0.424038,0.49137,0.631572,0.559638,0
638946403,chair_3,55.0346,740,0.0414196,0.0887664,0.22017,0.183462,0
638946407,chair_2,3.16619,398,0.424038,0.49137,0.631572,0.559638,0
638946503,chair_3,55.0346,740,0.0414196,0.0887664,0.22017,0.183462,0
638946509,chair_2,3.16624,398,0.424045,0.491422,0.631855,0.559739,0
638946605,chair_3,55.0346,740,0.0414196,0.0887664,0.22017,0.183462,0
638946611,chair_2,3.16628,398,0.424046,0.491408,0.631802,0.559705,0
638946703,chair_3,55.0346,740,0.0414196,0.0887664,0.22017,0.183462,0
638946707,chair_2,3.16632,398,0.424048,0.491395,0.631747,0.559671,0
638946805,chair_3,55.0346,740,0.0414196,0.0887664,0.22017,0.183462,0
638946835,chair_2,3.16637,398,0.424053,0.491384,0.631613,0.559608,0
638946905,chair_3,55.0346,740,0.041461,0.0894145,0.220346,0.183572,0
638946937,chair_2,3.16656,398,0.424066,0.491457,0.63156,0.559595,0
638947005,chair_3,55.0346,740,0.041505,0.0899043,0.220235,0.183192,0
638947037,chair_2,3.1666,398,0.42407,0.491544,0.631447,0.559612,0
638947105,chair_3,55.0346,740,0.0412425,0.0897321,0.219952,0.182958,0
638947137,chair_2,3.16655,398,0.424052,0.491508,0.631222,0.55954,0
638947205,chair_3,55.0346,740,0.041246,0.0898739,0.220056,0.182937,0
638947236,chair_2,3.16616,398,0.424009,0.491436,0.631634,0.559717,0
638947306,chair_3,55.0346,740,0.0411629,0.0899135,0.2202,0.183055,0
638947341,chair_2,3.16626,398,0.42402,0.491477,0.631809,0.559769,0
638947404,chair_3,55.0346,740,0.041193,0.0899499,0.220158,0.182831,0
638947443,chair_2,3.16608,398,0.423993,0.491334,0.631676,0.559681,0
638947503,chair_3,55.0346,739,0.0409362,0.0898797,0.219822,0.182496,0
638947526,chair_2,3.1662,398,0.423997,0.491335,0.631574,0.559623,0
638947603,chair_3,55.0346,740,0.0409064,0.0897987,0.219691,0.182483,0
638947629,chair_2,3.16629,398,0.424013,0.491392,0.631797,0.5597,0
638947703,chair_3,55.0346,740,0.0408243,0.0898476,0.219813,0.182513,0
638947729,chair_2,3.16641,398,0.424029,0.491387,0.631694,0.559631,0
638947803,chair_3,55.0346,741,0.0406137,0.0898416,0.219896,0.182607,0
638947828,chair_2,3.1665,398,0.424037,0.491379,0.631586,0.559571,0
638947904,chair_3,55.0346,740,0.0405978,0.0898945,0.220021,0.182689,0
638947928,chair_2,3.16652,398,0.424062,0.491448,0.631984,0.559722,0
638948003,chair_3,55.0322,740,0.0406985,0.088401,0.219399,0.182459,0
638948044,chair_2,3.16652,398,0.424062,0.491448,0.631984,0.559722,0
