# P3Bot display mesh — converted from webots-p3bot/protos/p3bot_meshes/p3bot_body.stl
# Native robot-base frame: metres, z-up, origin at the wheel axis centre (base sits at z~+0.04).
# Same convention as meshes/shadow.obj, so the viewers recentre it identically.
# 9387 vertices, 19488 triangles
v -0.1886818 0.1865224 0.2369575
v -0.1967026 0.1865224 0.2375086
v -0.1925189 0.1865224 0.2374972
v -0.1893329 0.1865224 0.2269669
v -0.1996329 0.1865224 0.2269669
v -0.1893148 0.1865224 0.2359193
v -0.199961 0.1865224 0.2368107
v -0.2041946 0.1861184 0.2367177
v -0.2031769 0.186507 0.2385091
v -0.1985997 0.1865224 0.2412259
v -0.199474 0.1864944 0.244138
v -0.1966421 0.1865343 0.2446782
v -0.1905758 0.1865224 0.2399647
v -0.1908593 0.1865224 0.2430721
v -0.1891509 0.1864306 0.2441657
v -0.1849577 0.1862085 0.2387113
v -0.1939982 0.1864943 0.2452877
v -0.1852612 0.1864092 0.2370179
v -0.1919371 0.1835224 0.2414967
v -0.1919829 0.1817224 0.2411169
v -0.1920209 0.1817224 0.2415511
v -0.1921337 0.1817224 0.241972
v -0.1923178 0.1817224 0.2423669
v -0.1935084 0.1835224 0.2435788
v -0.192868 0.1817224 0.2430416
v -0.1932329 0.1817224 0.243282
v -0.1936278 0.1817224 0.2434662
v -0.1940488 0.1817224 0.243579
v -0.1944829 0.1817224 0.2436169
v -0.194917 0.1817224 0.243579
v -0.196463 0.1835224 0.2428747
v -0.1953379 0.1817224 0.2434662
v -0.1960979 0.1817224 0.2430415
v -0.196398 0.1817224 0.2427239
v -0.196648 0.1817224 0.2423669
v -0.1968321 0.1817224 0.241972
v -0.1969449 0.1817224 0.2415511
v -0.196924 0.1835224 0.2403009
v -0.1969829 0.1817224 0.2411169
v -0.1969449 0.1817224 0.2406828
v -0.1968321 0.1817224 0.2402619
v -0.196648 0.1817224 0.2398669
v -0.196398 0.1817224 0.23951
v -0.1954269 0.1835224 0.2387224
v -0.1960899 0.1817224 0.2392018
v -0.1957329 0.1817224 0.2389519
v -0.1953379 0.1817224 0.2387677
v -0.194917 0.1817224 0.2386549
v -0.1944829 0.1817224 0.2386169
v -0.1928382 0.1835224 0.239042
v -0.1940488 0.1817224 0.2386549
v -0.1936278 0.1817224 0.2387677
v -0.1932329 0.1817224 0.2389519
v -0.1928759 0.1817224 0.2392018
v -0.1925678 0.1817224 0.23951
v -0.1923178 0.1817224 0.2398669
v -0.1921337 0.1817224 0.2402619
v -0.1920209 0.1817224 0.2406828
v -0.2033588 0.1817768 0.2232517
v -0.1923033 0.18181 0.2452326
v -0.1855914 0.1817888 0.2232015
v -0.1976504 0.1817727 0.2449968
v -0.1875651 0.1817932 0.2428875
v -0.2035059 0.1818144 0.239202
v -0.1854401 0.1818164 0.2390642
v -0.2043208 0.1828034 0.239035
v -0.2042456 0.1857692 0.23903
v -0.2043968 0.2009114 0.2361367
v -0.204128 0.2015158 0.222909
v -0.2041199 0.1824232 0.2226234
v -0.2028639 0.1859724 0.2420056
v -0.2023683 0.1822712 0.2426446
v -0.2005424 0.1856124 0.2445498
v -0.2000298 0.1825872 0.2448907
v -0.1970697 0.1856874 0.2460014
v -0.1968605 0.1826993 0.246
v -0.1922347 0.1827955 0.2460295
v -0.1902915 0.1855424 0.245631
v -0.1846537 0.182785 0.2390594
v -0.1861186 0.1856035 0.2423969
v -0.1860596 0.1828589 0.2422294
v -0.1886646 0.1825435 0.2447739
v -0.184525 0.1854592 0.2360424
v -0.184812 0.1825101 0.22255
v -0.1846389 0.2010255 0.23634
v -0.1845952 0.201024 0.2230785
v -0.2034881 0.2012361 0.2222687
v -0.1853416 0.201685 0.2225878
v -0.1962299 0.1835225 0.2447922
v -0.192839 0.1835225 0.2449223
v -0.1902481 0.1835224 0.241235
v -0.1926167 0.1835224 0.2373848
v -0.1974425 0.1835224 0.2379853
v -0.1983887 0.1835224 0.2424226
v -0.1890356 0.1973062 0.2367687
v -0.185426 0.2015243 0.2368433
v -0.1999177 0.1973175 0.2367685
v -0.2036385 0.2016444 0.2367825
v -0.1996329 0.1970224 0.2269669
v -0.1893329 0.1970224 0.2269669
v 0.1897161 -0.1850776 0.2369575
v 0.1966693 -0.1850776 0.2372098
v 0.1925575 -0.1850776 0.2379853
v 0.1903671 -0.1850776 0.2269669
v 0.2006671 -0.1850776 0.2269669
v 0.190349 -0.1850776 0.2359192
v 0.2009952 -0.1850776 0.2368107
v 0.2044501 -0.1850313 0.2370783
v 0.204218 -0.1850625 0.2384552
v 0.199709 -0.1850776 0.2401196
v 0.1987926 -0.1849994 0.2451605
v 0.1976988 -0.185084 0.2446599
v 0.1916861 -0.1850776 0.2427686
v 0.2041873 -0.1850293 0.2399518
v 0.1889957 -0.1850133 0.2434225
v 0.1867419 -0.1850767 0.2371054
v 0.1943598 -0.1850659 0.2450223
v 0.1928704 -0.1820776 0.2410432
v 0.1931881 -0.1802776 0.2398575
v 0.1934225 -0.1802776 0.2426706
v 0.1945426 -0.1820776 0.2435788
v 0.1946621 -0.1802776 0.2434662
v 0.195083 -0.1802776 0.243579
v 0.1955171 -0.1802776 0.243617
v 0.1959512 -0.1802776 0.243579
v 0.1978529 -0.1820776 0.2425557
v 0.1963721 -0.1802776 0.2434662
v 0.197989 -0.1802776 0.2421857
v 0.1971234 -0.1820776 0.2389554
v 0.1974444 -0.1802776 0.2394109
v 0.1963721 -0.1802776 0.2387677
v 0.1959512 -0.1802776 0.2386549
v 0.1955171 -0.1802776 0.238617
v 0.1942896 -0.1820776 0.2388546
v 0.195083 -0.1802776 0.2386549
v 0.1946621 -0.1802776 0.2387677
v 0.2046413 -0.1803663 0.2233354
v 0.1924124 -0.1803863 0.2451501
v 0.1865615 -0.1803854 0.2230297
v 0.1981946 -0.1803603 0.2451262
v 0.1866076 -0.1803433 0.2392791
v 0.20442 -0.1803484 0.2393178
v 0.2027497 -0.1806757 0.2433733
v 0.1875319 -0.1806341 0.2424196
v 0.2052889 -0.1812122 0.2395216
v 0.2053171 -0.1840928 0.2392787
v 0.205382 -0.184372 0.2363754
v 0.2049705 -0.2002222 0.2363527
v 0.2053558 -0.1996311 0.2229474
v 0.2051164 -0.1809499 0.2226018
v 0.2026994 -0.1842444 0.2438179
v 0.1991348 -0.1810707 0.2457535
v 0.1981032 -0.1839631 0.2460317
v 0.1932688 -0.1813507 0.2460295
v 0.1923288 -0.1842672 0.2458687
v 0.18569 -0.1812655 0.239008
v 0.1857708 -0.1845156 0.2383235
v 0.1864703 -0.1841099 0.2411521
v 0.1885986 -0.1839697 0.2439328
v 0.1896965 -0.1812423 0.244769
v 0.1857216 -0.1844891 0.2365069
v 0.1858118 -0.1811821 0.2225399
v 0.1856153 -0.1997037 0.2359443
v 0.1859809 -0.1997828 0.2225596
v 0.2046115 -0.2000954 0.2224478
v 0.1965493 -0.1820777 0.2451638
v 0.1929408 -0.1820776 0.2443228
v 0.1913262 -0.1820776 0.2404979
v 0.1940066 -0.1820776 0.2372857
v 0.1984767 -0.1820776 0.2379854
v 0.1994229 -0.1820776 0.2424226
v 0.1900698 -0.1958614 0.2367687
v 0.1862051 -0.2000169 0.2367875
v 0.2009519 -0.1958727 0.2367685
v 0.2045282 -0.1994674 0.2370386
v 0.2006671 -0.1955776 0.2269669
v 0.1903671 -0.1955776 0.2269669
v 0.1865889 -0.2005008 0.2231882
v 0.1886123 -0.160792 0.2936969
v 0.2183998 -0.180353 0.2511229
v 0.2246716 -0.1764502 0.2511159
v -0.1159484 0.06853573 0.6492761
v -0.105446 0.06527265 0.701117
v -0.1005814 0.06693973 0.7011172
v -0.05713112 0.0609599 0.7011127
v -0.01911174 0.05549575 0.7011191
v -0.01093677 0.06210038 0.6551376
v 0.07646988 -0.06511221 0.4927188
v 0.06332749 -0.07441266 0.5044085
v 0.08412817 -0.08555436 0.46541
v -0.2040543 0.09216025 0.3347449
v -0.1932702 0.09256162 0.3781748
v -0.1929609 0.1101206 0.3794744
v -0.1927909 -0.1080351 0.3801666
v -0.2044816 -0.09389003 0.333074
v -0.2254829 -0.1390225 0.2511169
v -0.2046591 -0.09312884 0.3324963
v -0.2048312 -0.02440961 0.3325055
v -0.1975115 -0.09379344 0.3611453
v -0.2039202 0.03203396 0.3353715
v -0.2041825 0.03262952 0.3345311
v -0.225483 0.1469704 0.2511169
v -0.1975608 -0.0246692 0.3610964
v -0.1932551 0.03177838 0.3782033
v 0.05708793 -0.1018941 0.4638959
v 0.03264107 -0.09165684 0.4999149
v -0.1470781 -0.09059832 0.4946486
v -0.1264895 -0.07588651 0.573234
v 0.003352404 -0.07671884 0.5634623
v -0.04487623 -0.07334054 0.5842921
v -0.08101636 -0.06864104 0.6269357
v -0.05803863 -0.06251957 0.6718606
v -0.1092132 -0.06842304 0.6518172
v -0.1183884 -0.07171875 0.6107332
v -0.007451739 -0.06681246 0.6174478
v 0.004283756 -0.06970121 0.5961121
v 0.001835372 -0.06393741 0.6226688
v -0.01168055 -0.06044473 0.65668
v -0.04329055 -0.06582639 0.6346501
v -0.01451927 -0.05215418 0.7011171
v -0.01851652 -0.05390723 0.7011307
v -0.032105 -0.05598028 0.7011107
v -0.1371851 -0.08378933 0.525888
v 0.0216414 -0.08385962 0.5306193
v 0.02475836 -0.0769114 0.5502039
v 0.01599796 -0.07711012 0.5578353
v 0.0329798 -0.07260564 0.5504254
v 0.01800291 -0.06930903 0.5807116
v 0.0296219 -0.0671968 0.5665869
v 0.01247759 -0.06203648 0.6105402
v 0.01521332 -0.05471127 0.6210619
v 0.07218005 -0.04998611 0.5050349
v 0.0599634 -0.05335154 0.5277185
v 0.05115255 -0.04089633 0.54947
v 0.09692524 -0.0793695 0.4527813
v 0.04349099 -0.04185888 0.5667043
v 0.05523166 0.06697369 0.5265498
v 0.07279773 0.07246303 0.4941069
v 0.06580465 0.08296218 0.492892
v 0.09253486 -0.0636341 0.466091
v 0.09948935 0.06610382 0.4533789
v 0.06240933 0.04871579 0.5250369
v 0.04740344 0.04058313 0.5581075
v 0.03122495 0.0388993 0.5968598
v 0.03745634 -0.08914919 0.5064254
v 0.04413176 -0.08327581 0.5151317
v 0.0391274 -0.06280304 0.5579782
v 0.0300534 -0.05935425 0.5807466
v 0.02912756 -0.04906345 0.5957527
v 0.009396654 -0.04543467 0.6499937
v 0.02189746 -0.03900692 0.620635
v 0.05497511 -0.08189949 0.5051934
v 0.07526794 -0.09404093 0.4652877
v 0.05715301 -0.06090169 0.5276801
v 0.04470734 -0.05319973 0.5579081
v -0.00954831 -0.0468335 0.7011152
v -0.007564697 -0.03985385 0.7011148
v -0.0075779 -0.04188011 0.7011072
v 0.0494968 -0.09130079 0.4932984
v 0.04837843 -0.0668299 0.5366998
v 0.011407 0.03951763 0.6487943
v 0.05864114 0.05915619 0.5276442
v 0.04260815 0.05895706 0.5580245
v 0.04653459 0.04899734 0.557838
v 0.01027934 0.04473899 0.6493804
v -0.009145841 0.04779167 0.7011171
v -0.007672157 0.04404251 0.7011237
v 0.02722047 0.05421927 0.5960522
v 0.03049153 0.04568791 0.5962472
v 0.00624837 0.05163215 0.6521636
v 0.07792865 0.05884874 0.4934479
v 0.002095632 0.05685205 0.651186
v 0.01635689 0.06021321 0.6105475
v -0.005142655 0.05968597 0.6573465
v -0.01351227 0.05301645 0.7011174
v 0.0340769 0.06433214 0.5665857
v 0.03137579 0.07172074 0.5580053
v 0.02290508 0.06769281 0.5807924
v 0.009128954 0.06554303 0.6106345
v -0.0006700046 0.06907243 0.6106136
v 0.01849243 0.07512392 0.5665673
v 0.04482843 0.07226315 0.5366665
v 0.07409602 -0.1019635 0.4531959
v -0.1806622 0.09635599 0.426089
v -0.1623384 0.07200305 0.5000561
v -0.1544979 0.07156824 0.5263351
v -0.1664819 0.08925237 0.4711996
v 0.02194142 0.08537952 0.5297155
v -0.1465534 0.09278671 0.4926212
v -0.1391577 0.08627901 0.5212925
v -0.1544882 0.08955748 0.4934982
v -0.1588439 0.0984756 0.4654231
v -0.1667995 0.09926038 0.4527947
v -0.1320558 0.08095327 0.5499718
v 0.008102056 0.07673629 0.5694924
v -0.05511565 0.07539618 0.5813721
v -0.1560324 -0.05667117 0.5252678
v -0.1114829 -0.0224415 0.701117
v -0.1411622 0.05885047 0.5835761
v 0.03165108 0.08601121 0.5227743
v -0.05596101 0.07106038 0.6106493
v 0.05181735 0.08506279 0.5057638
v 0.04479947 0.0889383 0.5051395
v 0.03507596 0.07925556 0.536894
v -0.04949864 0.06714526 0.6386457
v -0.135163 0.0680626 0.5920047
v -0.1324629 0.07414626 0.5804271
v -0.1397834 0.0780751 0.550937
v -0.1458348 0.07242777 0.5511933
v -0.1471226 0.0832278 0.5219844
v -0.1561014 0.08080561 0.5085398
v -0.1406904 0.06458142 0.5806304
v -0.1297741 0.06197575 0.6233249
v -0.1201323 0.06516463 0.6501929
v -0.1188093 0.07338521 0.6090503
v -0.1108873 0.0699827 0.6489697
v -0.1002523 0.06938478 0.6497076
v -0.1254923 0.07661998 0.5795108
v 0.05477953 0.07772005 0.5141585
v -0.1251543 0.07124759 0.6103916
v -0.1529471 0.1001895 0.464878
v -0.1090185 0.06222319 0.7011171
v -0.1112393 0.05773865 0.7011126
v -0.1433934 -0.06929688 0.5613452
v -0.1452841 -0.06176692 0.5660353
v -0.1599083 -0.07057688 0.5087294
v -0.1307483 -0.05709138 0.6238459
v -0.1285489 -0.06227228 0.6242667
v -0.118039 -0.06518904 0.6517333
v -0.1082119 -0.06185078 0.7011172
v -0.1113738 -0.0556974 0.7011204
v -0.1015085 -0.06542233 0.7011167
v -0.1205007 -0.0689834 0.6259002
v 0.001707911 -0.05590089 0.650795
v -0.1327225 -0.07888146 0.552254
v -0.2252515 0.1745108 0.2511168
v -0.2099286 0.1551815 0.3013385
v -0.2217328 0.1797134 0.2511169
v -0.2039768 0.1615584 0.2976752
v -0.217278 0.1816172 0.2511171
v -0.1948512 0.1385485 0.3462333
v -0.1917074 0.1463797 0.3342815
v -0.1942424 0.1270718 0.3635962
v -0.2062993 0.138697 0.3251334
v -0.1788286 0.1309566 0.3732484
v -0.1823957 0.1251614 0.3836454
v -0.1818628 0.1167517 0.3990236
v -0.1782543 0.1036644 0.4252474
v -0.1697278 0.1106126 0.425559
v -0.1641721 0.1122611 0.425145
v 0.07814527 0.1156941 0.424865
v 0.04809215 0.09934699 0.4771054
v 0.06806877 0.09957737 0.4655257
v 0.08049758 0.09106295 0.4653939
v 0.08793302 0.08137672 0.4652947
v 0.09860083 0.07490595 0.4530625
v -0.2179328 -0.1800779 0.2511169
v -0.1978472 -0.151852 0.3168958
v -0.2231852 -0.1769378 0.2511168
v -0.2153526 -0.1594851 0.2850101
v -0.2005526 -0.1314273 0.3442176
v -0.2012807 -0.125633 0.3461612
v -0.2254378 -0.171871 0.2511169
v -0.1764458 -0.08865164 0.4433331
v -0.1868188 -0.1089714 0.3981542
v -0.1722392 -0.09089682 0.453029
v -0.1753018 -0.1039232 0.4283177
v -0.1629953 -0.08673324 0.4803004
v -0.1549593 -0.08790302 0.4932804
v -0.1492105 -0.08023725 0.5218612
v -0.1548398 -0.07614212 0.5176638
v -0.1402295 -0.07639904 0.5508162
v -0.1322781 -0.06945427 0.5919847
v -0.1934048 -0.1274635 0.3625418
v -0.1771768 -0.1129072 0.4099755
v -0.1668189 -0.1050903 0.4378242
v -0.1605623 -0.09633497 0.4652576
v -0.1439497 -0.08336537 0.521888
v -0.2028338 -0.1487307 0.3181609
v -0.1861563 -0.1271886 0.3732399
v -0.1568412 -0.1020304 0.4529201
v -0.1295299 -0.074041 0.5803647
v 0.18009 -0.1622831 0.2957532
v 0.1414643 -0.1431639 0.3440984
v -0.1797464 -0.1297736 0.3722704
v 0.1943844 -0.1538165 0.2950659
v 0.1745676 -0.1469623 0.3185176
v 0.1834537 -0.1329224 0.3161263
v 0.2264924 -0.1716539 0.2511169
v 0.1687888 -0.1289005 0.3359797
v 0.2190548 0.1814077 0.2511169
v 0.1775455 0.1583662 0.3054954
v 0.2240709 0.1784993 0.2511166
v 0.1894502 0.1557152 0.2995703
v 0.226418 0.1731741 0.2511195
v 0.1676337 0.1235568 0.3401636
v 0.1491888 -0.1395224 0.3457191
v 0.1603641 -0.1289737 0.3456923
v 0.1604797 0.1300406 0.3458019
v 0.1557242 0.1361517 0.3458348
v 0.1495801 0.1408185 0.3456476
v 0.1611748 0.1554649 0.3166122
v 0.1396653 -0.1226564 0.3713978
v -0.1695714 -0.1158602 0.4103979
v 0.1003249 -0.1232078 0.398214
v 0.1089004 -0.1202585 0.398995
v 0.1159663 -0.1166924 0.3986862
v 0.1287338 -0.1008783 0.3984804
v 0.1478839 -0.1033614 0.3716201
v 0.1311018 0.0891671 0.3990024
v 0.1301904 0.09718179 0.3987522
v 0.1266834 0.1061845 0.3987382
v 0.1204071 0.1144258 0.3987132
v 0.1121001 0.1205935 0.3985595
v 0.1228507 0.1335355 0.3717234
v 0.08492148 0.114655 0.42528
v 0.1178356 0.1350246 0.3700623
v 0.115109 -0.07860263 0.4258252
v 0.1069661 -0.09910613 0.425628
v 0.08694072 0.1070327 0.4377434
v 0.09644198 0.1001905 0.4376654
v 0.1035559 0.09095541 0.4375593
v 0.0914571 -0.1029813 0.4375467
v 0.07401477 -0.1105755 0.4361838
v -0.1927355 0.139744 0.337239
v -0.1916007 0.129086 0.3559363
v -0.2126797 0.1651197 0.2749236
v -0.134285 0.1402761 0.3394172
v -0.125829 0.1133608 0.4115118
v -0.1796112 0.1286701 0.3679116
v -0.1085444 0.07552082 0.5571272
v -0.09840146 0.06560379 0.6411114
v -0.120107 0.06982979 0.6030167
v -0.2004271 0.09227107 0.334072
v -0.1945548 0.1230492 0.3562346
v -0.1897355 0.09235993 0.3771021
v -0.2127332 0.1560948 0.2848011
v -0.2006186 0.06635012 0.3344432
v -0.1894228 0.09164165 0.3777555
v -0.1730605 0.08739863 0.4416765
v -0.1621615 0.04348559 0.48476
v -0.1893375 0.05898211 0.3778137
v -0.1479927 0.06254233 0.5406182
v -0.1349945 0.03151147 0.5917861
v -0.1351882 0.06278364 0.5864963
v -0.1207615 0.06133895 0.6411172
v -0.1224818 0.05579083 0.6411167
v -0.124524 0.06820655 0.6040865
v -0.1280271 0.06557132 0.603784
v -0.1140276 0.06639217 0.6411174
v -0.1479186 0.09049074 0.484683
v -0.1581298 0.1005563 0.4489994
v -0.1205709 0.098567 0.4571751
v -0.2098241 0.1688162 0.2709478
v -0.1422687 0.1689721 0.2707746
v -0.1965262 0.1507677 0.3132693
v -0.212733 0.0748168 0.2850936
v -0.1592773 0.09485193 0.4622087
v -0.1653574 0.09082845 0.4598292
v -0.1609032 0.07904854 0.486034
v -0.1771379 0.1002167 0.4208003
v -0.114358 0.08516804 0.5084602
v -0.1390679 0.08241738 0.5197334
v -0.1483417 0.0827646 0.5073937
v -0.1529146 0.07869717 0.5073721
v -0.1488755 0.06981461 0.5324396
v -0.1305193 0.0759077 0.5548984
v -0.1359717 0.07381243 0.5560727
v -0.1403475 0.07057615 0.5550479
v -0.1769255 0.1186503 0.3917802
v -0.1675849 0.1071553 0.4250411
v -0.1754732 0.1075456 0.4143227
v -0.1659023 0.1115313 0.4150619
v -0.1222857 0.02781755 0.6411174
v -0.1123364 -0.06514048 0.641117
v -0.1198408 -0.06841564 0.6030608
v -0.1246277 -0.06671847 0.6039767
v -0.1051103 -0.06977901 0.5859485
v -0.1117658 -0.07899952 0.5303051
v -0.1305093 -0.07444279 0.5549961
v -0.1186988 -0.09260012 0.4723657
v -0.1272355 -0.1161669 0.3993253
v -0.1594141 -0.1027005 0.4375395
v -0.2009151 -0.09381071 0.3323289
v -0.1939956 -0.09393886 0.3600205
v -0.2127317 -0.1535026 0.2850448
v -0.1938074 -0.09329974 0.360699
v -0.1849658 -0.1034026 0.3946929
v -0.2011034 -0.06494367 0.3323567
v -0.2127326 -0.07341569 0.2850549
v -0.2032317 -0.1473583 0.3109736
v -0.212784 -0.1625423 0.2765079
v -0.2000467 -0.1356459 0.3307517
v -0.1981875 -0.1495961 0.312326
v -0.2118497 -0.1654839 0.2729844
v -0.2091921 -0.1674671 0.2707733
v -0.1424339 -0.167523 0.2703072
v -0.1723706 -0.1180702 0.3924228
v -0.1855982 -0.132421 0.3543924
v -0.1344387 -0.1388866 0.3392578
v -0.1481293 -0.08908744 0.4844624
v -0.0982783 -0.06441443 0.641117
v -0.1166849 -0.06359654 0.641117
v -0.1290359 -0.06363693 0.6022009
v -0.1203649 -0.0600998 0.6411144
v -0.1223345 -0.05621061 0.6411169
v -0.1354808 -0.06023816 0.5869762
v -0.1420318 -0.05839613 0.5641745
v -0.1564183 -0.0387328 0.5074674
v -0.1355804 -0.03078248 0.5896983
v -0.1936974 -0.05994977 0.3607651
v -0.1774263 -0.05011577 0.4244253
v -0.162486 -0.07337953 0.4834115
v -0.1786208 -0.0992261 0.4161847
v -0.1610701 -0.07868797 0.4845529
v -0.1650805 -0.08915661 0.4605383
v -0.1641447 -0.1015788 0.4375618
v -0.1600957 -0.09282871 0.462393
v -0.1392872 -0.08113566 0.5189254
v -0.1479222 -0.08122992 0.5084175
v -0.1479312 -0.06725828 0.5365741
v -0.1523919 -0.07765811 0.5077155
v -0.136051 -0.07242331 0.5556926
v -0.1409838 -0.06854896 0.5547925
v -0.1218635 -0.02742259 0.6411171
v -0.1886356 -0.1235405 0.3667301
v -0.1769122 -0.1171818 0.3918437
v -0.1761262 -0.1056427 0.4141285
v -0.2127326 0.04577637 0.285122
v -0.2006822 0.03947125 0.3343935
v -0.200386 0.0320471 0.3342926
v -0.1937729 -0.02529657 0.3607078
v -0.1940056 -0.02454339 0.3598487
v -0.1895824 0.03203495 0.377003
v -0.2009418 -0.02467114 0.332077
v -0.20116 -0.03796976 0.3324018
v -0.2127327 -0.04436869 0.2851563
v -0.1937232 -0.03413374 0.3607817
v -0.1774762 -0.02591087 0.4243413
v -0.1729266 0.02591704 0.4422797
v -0.1893195 0.03357494 0.3777448
v -0.1545339 -0.01680948 0.5148854
v -0.1553854 0.01902178 0.5114422
v -0.1365855 0.01323354 0.5857093
v -0.1368211 -0.01244375 0.5847811
v -0.1225388 0.01070337 0.6411169
v -0.1224012 -0.01010662 0.6411166
v -0.1947193 -0.03980128 0.3323034
v -0.2127328 -0.04818332 0.2649377
v -0.1973429 -0.03855409 0.3318419
v -0.1969026 -0.06419555 0.3323987
v -0.2126949 -0.07677447 0.2511061
v -0.1931891 -0.06207252 0.3323765
v -0.1898258 -0.05814723 0.3324112
v -0.2070294 -0.06883581 0.251117
v -0.1881922 -0.05410707 0.3320942
v -0.206543 -0.06213592 0.251117
v -0.1882477 -0.04831868 0.331951
v -0.2086972 -0.05617076 0.251117
v -0.19068 -0.0434552 0.332226
v -0.2127292 -0.05205907 0.2511161
v -0.1908143 -0.03456524 0.3606798
v -0.1744031 -0.02694015 0.4228519
v -0.1869334 -0.03620391 0.3609647
v -0.1626517 -0.02664129 0.4521896
v -0.1832397 -0.04005193 0.3608329
v -0.1612763 -0.03203561 0.4477544
v -0.181134 -0.04802933 0.3608662
v -0.1474222 -0.02942592 0.5055103
v -0.1605555 -0.0394604 0.4550431
v -0.1828475 -0.05312301 0.3607471
v -0.184647 -0.05591452 0.3610983
v -0.1723927 -0.04867774 0.4228734
v -0.1872772 -0.05796515 0.3608574
v -0.1903117 -0.05953019 0.3612089
v -0.13394 -0.03063973 0.588407
v -0.1308498 -0.02862412 0.586527
v -0.1160305 -0.02377779 0.6411171
v -0.1361898 -0.02794952 0.5560433
v -0.1146554 -0.0186023 0.6411161
v -0.1365145 -0.02013618 0.5537656
v -0.1161847 -0.01363016 0.6411171
v -0.1386054 -0.01658208 0.5550773
v -0.1338328 -0.0129687 0.5865536
v -0.1475043 -0.01625736 0.532074
v -0.1442314 -0.03342314 0.5320509
v -0.1475392 -0.03554308 0.5320371
v -0.1609717 -0.02097699 0.477694
v -0.1574114 -0.03965176 0.4776651
v -0.1609507 -0.04192977 0.4777537
v -0.2127329 0.0773688 0.265484
v -0.1953668 0.06519274 0.3344291
v -0.1973359 0.03974914 0.3343121
v -0.2127801 0.05315069 0.2511514
v -0.1936649 0.04126073 0.333966
v -0.2094777 0.05659306 0.251117
v -0.1913368 0.0434066 0.3343151
v -0.1888358 0.04669422 0.333794
v -0.191268 0.06253252 0.3343793
v -0.2127308 0.07792193 0.2511163
v -0.2097234 0.07511093 0.2511169
v -0.1878652 0.05679905 0.3339052
v -0.2069588 0.07001028 0.251117
v -0.1875807 0.05144355 0.3341715
v -0.2066673 0.06249738 0.2511169
v -0.1323939 0.0137249 0.5910926
v -0.1182802 0.012267 0.641117
v -0.1292044 0.01570173 0.592297
v -0.1253085 0.01819425 0.6001985
v -0.1148064 0.01769388 0.6411168
v -0.1269739 0.02655743 0.595649
v -0.1161379 0.02396049 0.641117
v -0.1309707 0.03000987 0.5918325
v -0.1538553 0.04017773 0.5101785
v -0.1867797 0.05900211 0.3784664
v -0.1690485 0.04863651 0.4446827
v -0.1828751 0.05737707 0.3783631
v -0.1656981 0.04653763 0.4431727
v -0.1798333 0.05423907 0.3778125
v -0.153597 0.03788915 0.4841019
v -0.1778774 0.05027298 0.3777875
v -0.1524626 0.03412358 0.4839343
v -0.1773605 0.04408778 0.3778649
v -0.1469721 0.02705104 0.5081964
v -0.1581668 0.0270784 0.4690859
v -0.179693 0.03870632 0.3776891
v -0.1839642 0.03503588 0.377776
v -0.1691888 0.02660954 0.4430563
v -0.1521522 0.02029359 0.5093515
v -0.1503619 0.03839815 0.5096527
v -0.04104511 -0.04721567 0.7011123
v -0.1002434 -0.05585667 0.701117
v -0.0314524 -0.04624356 0.701117
v -0.01717222 -0.02084803 0.7009944
v -0.01699134 0.02289797 0.7011145
v -0.01813772 0.0212059 0.7011179
v -0.03796431 -0.04503499 0.7011149
v -0.03362687 -0.04513453 0.701117
v -0.01845588 -0.01947722 0.7011319
v -0.0411142 0.0486832 0.7011154
v -0.03820239 0.04663588 0.7011171
v -0.03395025 0.04649798 0.701117
v -0.06091857 0.04402537 0.7009016
v -0.05511388 0.04114273 0.7010861
v -0.05305846 0.03319746 0.7008601
v -0.04267525 0.03735303 0.701117
v -0.06780426 0.04390494 0.7010628
v -0.1001294 0.05733366 0.701117
v -0.0314196 0.04768068 0.7011166
v -0.05947971 -0.04222056 0.700943
v -0.05515975 -0.03906084 0.7009361
v -0.07258815 0.03919351 0.7009863
v -0.1018531 0.05573955 0.701117
v -0.05530836 0.02672091 0.7010719
v -0.03759383 0.02719466 0.701117
v -0.02788908 0.02109155 0.701117
v -0.07954959 0.02052923 0.701117
v -0.07348382 0.008883481 0.701117
v -0.04397487 0.003419255 0.7010891
v -0.06661973 -0.04258722 0.7009664
v -0.1019732 0.03093716 0.701117
v -0.07392714 0.0310808 0.7010841
v -0.08984457 0.02805341 0.701117
v -0.06787182 0.02405644 0.7010841
v -0.0742472 -0.03273842 0.7010881
v -0.1019829 -0.02927383 0.701117
v -0.1018682 -0.05422967 0.701117
v -0.0711451 -0.03951503 0.7009786
v -0.06074081 0.02414703 0.7009177
v -0.03011423 -0.00973119 0.7010691
v -0.03653116 -0.009135163 0.7009477
v -0.05244246 -0.0320792 0.7010924
v -0.04055591 0.007988079 0.7009057
v -0.07743395 -0.01600771 0.701117
v -0.07139576 -0.02577562 0.7009979
v -0.06340642 -0.02153009 0.7010737
v -0.08457989 -0.02349457 0.701117
v -0.0938393 -0.02811845 0.701117
v -0.07251844 -0.003831475 0.701117
v -0.04269369 -0.004832568 0.7010922
v -0.03599685 0.01086794 0.7009705
v -0.03007927 0.0105518 0.7009569
v -0.02397186 0.006257356 0.7010838
v -0.02285696 -0.003018644 0.7010766
v -0.04293524 -0.04010745 0.7011164
v -0.05556148 -0.02557991 0.7009594
v -0.03583569 -0.02402928 0.701117
v -0.02855103 -0.0201098 0.701117
v -0.04065206 -0.03045833 0.701117
v -0.1016792 0.02266019 0.7010856
v -0.1019407 0.01245897 0.7011139
v -0.09991702 0.01713334 0.7011169
v -0.1000948 -0.0182913 0.7011168
v -0.1002279 -0.01413321 0.701117
v -0.1019804 -0.01114796 0.7011156
v -0.1018455 -0.0217104 0.7010253
v -0.01698359 0.02154322 0.6973972
v -0.0313524 -0.04622751 0.6821857
v -0.03556343 -0.04681973 0.6793603
v -0.01399218 -0.07210325 0.5658336
v -0.02585409 -0.06503145 0.6076613
v -0.02054991 -0.06378571 0.5915644
v 0.1058187 -0.167526 0.2706243
v 0.09311891 -0.1529492 0.2993106
v 0.1182792 -0.1675296 0.251118
v 0.09780233 -0.1469836 0.29832
v 0.1229903 -0.1629109 0.2511171
v 0.0901159 -0.1321046 0.3614161
v 0.1349493 -0.1675198 0.2714362
v 0.1398009 -0.1675239 0.2604177
v 0.1427 -0.1675276 0.2511169
v 0.08476125 -0.1255615 0.3695337
v -0.007705398 -0.06164537 0.6048474
v -0.01754968 -0.05509781 0.641117
v -0.008051399 -0.06423512 0.609107
v -0.01654932 -0.05858959 0.641117
v -0.02017416 -0.05208204 0.6411168
v -0.01521501 -0.05555042 0.609342
v -0.02390638 -0.05058177 0.641117
v -0.01777471 -0.05646262 0.6042204
v -0.02842408 -0.05123541 0.641117
v -0.02579738 -0.0568352 0.6175833
v -0.0319499 -0.05424764 0.641117
v -0.02775831 -0.06072871 0.6171819
v -0.03374527 -0.05947314 0.6411171
v 0.03433749 -0.1073176 0.4317264
v 0.01621244 -0.09316353 0.4778193
v 0.03145771 -0.1015359 0.4418059
v 0.01895747 -0.08807513 0.4791814
v 0.03458304 -0.09831004 0.441732
v 0.03235618 -0.09287435 0.4546969
v 0.05426386 -0.1031164 0.4198752
v 0.0377317 -0.09374702 0.4496611
v 0.01768476 -0.0772045 0.51127
v 0.05852942 -0.1052708 0.4200703
v 0.006499439 -0.06906521 0.5486193
v 0.02263976 -0.08100528 0.5129735
v 0.053363 -0.1031739 0.4395635
v 0.02971492 -0.08794397 0.4981127
v 0.04743892 -0.1004229 0.4548334
v 0.01129625 -0.07885512 0.5071282
v 0.01622972 -0.07877442 0.5036227
v -0.001912259 -0.08002892 0.5285627
v 5.920604e-05 -0.07612759 0.5287647
v -0.006001223 -0.06772222 0.5549923
v -0.001889717 -0.0663761 0.5547189
v 0.00986388 -0.07480723 0.5520394
v 0.0004790686 -0.06618603 0.5761957
v -0.002242044 -0.0640282 0.566817
v -0.01215879 -0.06796649 0.5658321
v -0.01707493 -0.06019944 0.5914549
v 0.1398703 -0.1643827 0.251117
v 0.1048513 -0.1387588 0.3183295
v 0.1325388 -0.16121 0.251117
v 0.09572521 -0.1333217 0.3289035
v 0.1048776 -0.1438983 0.298675
v 0.07224803 -0.1389486 0.3431506
v 0.04933188 -0.1196057 0.3952376
v 0.07260509 -0.1342466 0.3451539
v 0.053847 -0.1142131 0.3934539
v 0.07635 -0.129761 0.3455482
v 0.08177577 -0.1272756 0.3458202
v 0.06006509 -0.1112606 0.3935932
v 0.06923394 -0.1163747 0.4054781
v -0.1019829 -0.01703256 0.6926172
v -0.1019762 -0.01316734 0.695965
v -0.1019823 0.01518637 0.6944996
v -0.1019858 0.01959822 0.6934453
v -0.03567595 0.0482792 0.679805
v -0.03155498 0.04769281 0.6801723
v 0.04896699 0.1029181 0.45117
v 0.02462306 0.08589407 0.5113823
v 0.02405067 0.08414975 0.5108922
v 0.007506575 0.07485302 0.5590662
v -0.007435653 0.0660957 0.6067008
v -0.008133419 0.06275231 0.6062147
v 0.1049874 0.1423863 0.3287123
v 0.140244 0.1689724 0.2595921
v 0.1348954 0.1689654 0.2715459
v 0.1401295 0.1660825 0.2511179
v 0.1427 0.1689724 0.2511169
v 0.1233204 0.1641661 0.2511171
v 0.09811804 0.1485911 0.2980046
v 0.11832 0.1689738 0.2511172
v 0.09392101 0.1530277 0.2989248
v 0.1061455 0.168971 0.2701223
v 0.07770067 0.1450552 0.3308836
v -0.02074642 0.06949583 0.5883999
v -0.0282435 0.06269995 0.6183185
v -0.03371675 0.06045438 0.6411172
v -0.0255903 0.05811127 0.6173241
v -0.03111466 0.05456948 0.641117
v -0.02057225 0.05558085 0.6175303
v -0.02685902 0.05218571 0.641117
v -0.02253976 0.05220412 0.6411124
v -0.01633781 0.05998072 0.6411172
v -0.01910204 0.05445642 0.6411166
v 0.016521 0.09178433 0.4800091
v 0.02859435 0.1041449 0.445746
v 0.03096096 0.1026275 0.443019
v 0.01984463 0.08887409 0.4790889
v 0.03460718 0.09977023 0.4416773
v 0.03608887 0.09554373 0.449042
v 0.06050083 0.1091537 0.4218219
v 0.003598917 0.06865537 0.5591825
v 0.06638452 0.1123325 0.3994416
v 0.01942406 0.07977977 0.5067694
v 0.04512898 0.09813105 0.4412988
v 0.0160323 0.08102234 0.5010303
v 0.006468296 0.0874114 0.5047684
v 0.001013201 0.07638543 0.5290182
v 0.003658876 0.08205108 0.5159706
v -0.001099024 0.06801242 0.5538167
v -0.005115502 0.06875267 0.5548213
v -0.006261133 0.07863002 0.5415374
v -0.01266678 0.06959894 0.5663365
v -0.006779864 0.06247826 0.5806511
v 0.001288515 0.06843725 0.5748509
v -0.01506106 0.06050498 0.5915518
v -0.02047884 0.06465497 0.5920811
v 0.09418561 0.1346009 0.3283743
v 0.1329928 0.1627301 0.251117
v 0.09728758 0.1346741 0.3331472
v 0.08842613 0.1349163 0.3287502
v 0.09465897 0.13728 0.3518921
v 0.073195 0.1208154 0.3968836
v 0.06295048 0.1126841 0.3930383
v 0.05715608 0.113794 0.3932582
v 0.07534431 0.1320291 0.3455094
v 0.05309747 0.1166282 0.3933013
v 0.07252988 0.136377 0.3448022
v 0.0483337 0.1202395 0.3976131
v -0.1019829 -0.02927383 0.641117
v -0.09473094 -0.02837 0.641117
v -0.08533362 -0.02403326 0.641117
v -0.07796066 -0.01676987 0.641117
v -0.0734838 -0.007438575 0.641117
v -0.07243219 0.002857513 0.641117
v -0.07583062 0.01514788 0.641117
v -0.08457978 0.02493933 0.641117
v -0.0938393 0.02956327 0.641117
v -0.1019829 0.03071866 0.641117
v -0.01698292 -0.02009275 0.641117
v -0.04104751 -0.04760205 0.641117
v -0.04269442 -0.03938738 0.641117
v -0.04114223 -0.03126221 0.641117
v -0.03519656 -0.02349859 0.641117
v -0.02509346 -0.01915883 0.641117
v -0.01698291 0.02153757 0.641117
v -0.02179886 0.02065468 0.641117
v -0.03186406 0.02261722 0.641117
v -0.04002869 0.0305134 0.641117
v -0.042899 0.04112773 0.641117
v -0.04082968 0.04902533 0.641117
v 0.1506285 -0.0337392 0.3596247
v 0.1515474 0.03606443 0.357719
v 0.2137671 -0.04753036 0.263059
v 0.2137668 0.04900869 0.2629993
v 0.113983 -0.02615502 0.419848
v 0.07236905 0.04183455 0.4958714
v 0.06896603 0.0534186 0.5022756
v 0.09254462 0.06633434 0.4575093
v 0.1179607 0.08361576 0.4130671
v 0.1554213 0.06311404 0.3518797
v 0.1057301 0.05014851 0.43421
v 0.1640641 0.119409 0.3385123
v 0.2137648 0.1649816 0.2629181
v 0.2137671 0.07858091 0.2630543
v 0.169728 0.1289535 0.3288409
v 0.2108859 0.1688045 0.2640663
v 0.1769167 0.1417662 0.314936
v 0.1743827 0.148832 0.3120487
v 0.1990927 0.1689644 0.2716396
v 0.1492889 0.1459235 0.3299754
v 0.0710962 0.1083476 0.4345255
v 0.04444112 0.09432362 0.4802384
v 0.03471992 0.08715721 0.5054885
v -0.003221337 0.0642114 0.6159691
v -0.00307231 0.1423237 0.3366472
v -0.01259694 0.124917 0.3826215
v 0.01111292 0.1689723 0.2713117
v -0.02742828 0.09811039 0.4626427
v -0.03730723 0.08074682 0.5309729
v -0.04795186 0.06238467 0.6411161
v -0.04284148 0.07119436 0.5805954
v 0.006878573 0.06276083 0.6080332
v -0.007813856 0.06012115 0.6411166
v 0.0004705004 0.05641548 0.6411173
v 0.01576337 0.0583012 0.6029097
v 0.006872497 0.04957782 0.641117
v 0.02065505 0.05056142 0.6046978
v 0.02519617 -0.01176358 0.6011922
v 0.01000797 -0.01029578 0.6411169
v 0.009949911 0.04082427 0.6411172
v 0.03075499 0.01316377 0.5870367
v 0.04204745 -0.01379539 0.5602258
v 0.05484467 0.01738286 0.5317033
v 0.07235704 -0.01847853 0.4953623
v 0.08127025 0.02242729 0.4786074
v 0.1017124 0.02629346 0.4413033
v 0.06677748 0.06122493 0.5033593
v 0.09069254 0.07493251 0.4577249
v 0.02236387 0.04116612 0.6080948
v 0.05214864 0.04921597 0.5366017
v 0.04997942 0.03653522 0.5425967
v 0.03912577 0.0451595 0.5659838
v 0.03512636 0.03310223 0.5767646
v 0.0733404 0.09566434 0.4583327
v 0.05192335 0.08175781 0.5025318
v 0.06358384 0.09866963 0.4607314
v 0.08564757 0.1096658 0.4255704
v 0.06648824 0.07478793 0.4933252
v 0.07515615 0.0869015 0.468776
v 0.08688965 0.08269299 0.457896
v 0.09470972 0.09805743 0.4344017
v 0.05228897 0.06129521 0.5284386
v 0.04749819 0.06873588 0.5278244
v 0.04337349 0.08535656 0.5039268
v 0.04273989 0.07295836 0.5285344
v 0.03462992 0.05988475 0.5623782
v 0.02538695 0.06755279 0.5648742
v 0.03703209 0.05178737 0.5661771
v 0.03174282 0.07625028 0.5365508
v 0.01744731 0.07101798 0.5665696
v 0.02178269 0.07934054 0.5367433
v 0.008468393 0.07130506 0.5743725
v 0.1441273 0.117465 0.3650627
v 0.1541263 0.1341931 0.342608
v 0.1377557 0.1329973 0.3565599
v 0.117171 0.1257988 0.3796589
v 0.1236082 0.1153419 0.3880523
v 0.1031521 0.1241047 0.3884174
v 0.1163451 0.09243859 0.4127452
v 0.114002 0.09968501 0.4112735
v 0.1018514 0.1112637 0.4116645
v 0.1328204 0.09880235 0.3875644
v 0.0111644 -0.1674941 0.2706468
v -0.009811029 -0.1284772 0.3689509
v -0.02068294 -0.1088223 0.4246316
v -0.03006807 -0.09203784 0.4798539
v -0.03746616 -0.07904672 0.5324174
v -0.04237095 -0.07061174 0.5756897
v -0.04808193 -0.06088334 0.641112
v -0.0008446984 -0.06452052 0.6049662
v 0.01010224 -0.07171129 0.5660163
v 0.02078617 -0.07823946 0.5360164
v 0.03915628 -0.08718985 0.498876
v 0.09508769 -0.1179614 0.4012758
v 0.1436485 -0.1414714 0.337374
v 0.1998637 -0.1675304 0.2716216
v 0.1763637 -0.1435279 0.3135304
v 0.2125727 -0.1658858 0.2632471
v 0.2098954 -0.167485 0.2647509
v 0.1726681 -0.1289595 0.3248233
v 0.2137753 -0.1631591 0.2629485
v 0.1583716 -0.06206169 0.3475009
v 0.2137669 -0.0771943 0.2629532
v 0.09441668 -0.04541183 0.4542931
v 0.09602453 -0.06786901 0.4513038
v 0.0710399 -0.05503088 0.4979604
v 0.06538208 -0.03846959 0.5096468
v 0.0519867 -0.04556189 0.537399
v 0.04240147 -0.03884755 0.5593743
v 0.0363794 -0.03215538 0.5732392
v 0.02076342 -0.03949375 0.6122585
v 0.009989474 -0.02742956 0.6411169
v 0.00993247 -0.03935313 0.6411171
v 0.01664734 -0.05621784 0.6022166
v 0.0005689971 -0.05510867 0.6411179
v 0.007286299 -0.04729306 0.641117
v -0.008953046 -0.0588009 0.6411169
v 0.06935324 -0.09738313 0.4565923
v 0.04678188 -0.08317136 0.5026222
v 0.02819086 -0.07655863 0.5357164
v 0.07760143 -0.06896075 0.4801641
v 0.05611403 -0.05812503 0.5229782
v 0.03865365 -0.0538135 0.5600023
v 0.02137258 -0.04945903 0.6026374
v 0.03248144 -0.04436665 0.5809409
v 0.06143413 -0.1002536 0.4546884
v 0.08074957 -0.09004539 0.4567663
v 0.06026252 -0.08087423 0.4921336
v 0.04406235 -0.07168516 0.5264951
v 0.03600875 -0.07280543 0.5355626
v 0.1681284 -0.1479753 0.3158606
v 0.1292492 -0.1298162 0.3643067
v 0.1349349 -0.1270767 0.3642238
v 0.0968716 -0.1131432 0.4102115
v 0.1039866 -0.1097445 0.4101171
v 0.01842555 -0.07104531 0.5612877
v 0.02541457 -0.06739424 0.5618407
v 0.006196279 -0.06384521 0.5999724
v 0.01138676 -0.06045229 0.6025586
v 0.03187979 -0.06209572 0.5617121
v 0.04956115 -0.06527603 0.5272477
v 0.07246254 -0.07712817 0.4809082
v 0.1004594 -0.0849744 0.4375772
v 0.1400365 -0.1229258 0.3641584
v 0.1440098 -0.1176786 0.3641292
v 0.1103435 -0.1045587 0.4100518
v 0.1152595 -0.09798645 0.4100407
v 0.1330325 -0.0999881 0.3864663
v 0.1189537 -0.08331171 0.4113925
v 0.1200423 -0.05194519 0.4097328
v 0.1474194 -0.1036733 0.3649421
v -0.107146 -0.1374355 0.3435396
v -0.03272227 -0.134746 0.352051
v -0.01827097 -0.1675251 0.27105
v -0.1129066 -0.1675276 0.2709105
v -0.101778 -0.1124727 0.4105705
v -0.04081856 -0.1165153 0.4010854
v -0.0978348 -0.09772886 0.4564145
v -0.04769646 -0.1011708 0.4470474
v -0.09296821 -0.08252595 0.5139202
v -0.05483189 -0.08529015 0.5046331
v -0.05927993 -0.07519885 0.5505697
v -0.08678247 -0.06992911 0.5832219
v -0.06245586 -0.06793389 0.5942277
v -0.06476147 -0.06225975 0.6411162
v -0.08132095 -0.06321006 0.6411169
v 0.2136004 -0.05197856 0.251077
v 0.1610682 -0.04030563 0.3325303
v 0.213765 -0.04905028 0.2570024
v 0.09167424 -0.02340167 0.4538
v 0.05496205 -0.0169217 0.5255238
v 0.1063107 -0.04805001 0.4253923
v 0.2138398 -0.07687365 0.2511697
v 0.1415472 -0.05650423 0.3631498
v 0.2092317 -0.07170114 0.2511187
v 0.2073809 -0.06629137 0.2511191
v 0.1557464 -0.04907298 0.3328423
v 0.2083659 -0.05904774 0.2511169
v 0.157581 -0.04415851 0.3326874
v 0.04727897 -0.03410164 0.5411183
v 0.004864473 -0.02530797 0.6411171
v 0.03230286 -0.03012352 0.5707156
v 0.01660614 -0.02471425 0.6041859
v 0.001959492 -0.01903747 0.6411172
v 0.01659251 -0.01907629 0.6027609
v 0.004671749 -0.01265906 0.6411171
v 0.01918372 -0.01405704 0.6028928
v 0.03179045 -0.02564894 0.5649462
v 0.03197848 -0.02089493 0.564676
v 0.03464245 -0.01599099 0.5647386
v 0.07185769 -0.0199984 0.4905023
v 0.06856224 -0.02254933 0.4905558
v 0.05072544 -0.0193732 0.5272682
v 0.06643125 -0.02614111 0.4905877
v 0.04830667 -0.02371704 0.5273732
v 0.06574 -0.03092558 0.4907235
v 0.04844322 -0.02927245 0.527475
v 0.06721298 -0.03542487 0.4908138
v 0.05513016 -0.03481537 0.5193332
v 0.08749719 -0.02625575 0.4544186
v 0.08475846 -0.03110144 0.4545844
v 0.09308437 -0.0386899 0.4392327
v 0.09484336 -0.04273445 0.4395145
v 0.1175218 -0.03061494 0.40397
v 0.1143316 -0.03412919 0.4041325
v 0.1126767 -0.03861879 0.404245
v 0.1439943 -0.03367468 0.365825
v 0.1340241 -0.047582 0.3683474
v 0.1348918 -0.05113945 0.368619
v 0.01261918 -0.1675273 0.2607813
v 0.01282256 -0.1675181 0.2511081
v -0.02131275 -0.1066905 0.4241698
v -0.04873779 -0.0586776 0.6411171
v -0.04036854 -0.07286678 0.5439868
v -0.02859958 -0.09385387 0.454108
v -0.04748017 -0.06208542 0.5940616
v -0.03865316 -0.0785461 0.5046476
v -0.04462461 -0.06819768 0.5528546
v -0.05329235 -0.05485261 0.641117
v -0.03236775 -0.09208898 0.4501996
v -0.04249495 -0.07718944 0.5042329
v -0.0482076 -0.06700481 0.5523856
v -0.05173723 -0.06088807 0.5903828
v -0.03726725 -0.09013817 0.45425
v -0.0490443 -0.08668514 0.4794447
v -0.04556791 -0.08420726 0.4795659
v -0.04017005 -0.09482633 0.4421019
v -0.04385781 -0.09741259 0.4420571
v -0.05941204 -0.05480276 0.6411162
v -0.05932098 -0.06327865 0.5904578
v -0.0630746 -0.05751959 0.6411104
v -0.05182076 -0.06977084 0.5403775
v -0.05512095 -0.06319764 0.5772819
v -0.04790619 -0.07670959 0.5074554
v -0.05507237 -0.07600593 0.5259096
v -0.05086606 -0.08931356 0.4793379
v -0.05900783 -0.06896114 0.5652118
v -0.00765368 -0.163543 0.251117
v -0.01708458 -0.1466369 0.2963293
v 0.0008423366 -0.1609744 0.2511171
v -0.01111192 -0.143338 0.2985379
v -0.02799492 -0.139794 0.3299227
v -0.01208191 -0.1675728 0.2511469
v -0.01062103 -0.1320385 0.3304784
v 0.009031165 -0.1637184 0.2511182
v -0.01432269 -0.1194988 0.3750826
v -0.03723484 -0.113759 0.3938922
v -0.02813055 -0.1298155 0.3460778
v -0.02396978 -0.126844 0.3461317
v -0.0324123 -0.1101454 0.3938946
v -0.0182651 -0.1254713 0.3464693
v -0.02701186 -0.1089339 0.3940861
v -0.0216678 -0.1102512 0.3942266
v -0.09776354 -0.06146726 0.6411169
v -0.0933992 -0.05679911 0.6411167
v -0.1009132 -0.06316116 0.5974746
v -0.1209499 -0.09871945 0.4422438
v -0.1172434 -0.1674551 0.2511131
v -0.1094887 -0.1361648 0.3341815
v -0.1146735 -0.1675264 0.2593964
v -0.08870322 -0.06988997 0.5690202
v -0.1024915 -0.0654222 0.6010857
v -0.0953477 -0.08106806 0.5051295
v -0.1009036 -0.09358885 0.4530388
v -0.09306556 -0.07224718 0.5410604
v -0.09031128 -0.06421453 0.5832343
v -0.08332273 -0.05925504 0.641117
v -0.08697233 -0.05664266 0.641117
v -0.09620054 -0.07000055 0.5408786
v -0.09562258 -0.06504141 0.5659362
v -0.1044524 -0.09096728 0.4528388
v -0.09781562 -0.07851537 0.5049139
v -0.09415981 -0.06153642 0.5906752
v -0.11023 -0.08977901 0.4522617
v -0.1020557 -0.07657858 0.5047718
v -0.1005457 -0.06898856 0.5408512
v -0.1174425 -0.094941 0.4426864
v -0.1114562 -0.08336216 0.4800967
v -0.1149603 -0.08585296 0.4798892
v -0.1096957 -0.07442579 0.5419026
v -0.1058045 -0.07657021 0.5045873
v -0.106187 -0.07216745 0.5289317
v -0.09961361 -0.06345143 0.5782139
v -0.1094129 -0.07451484 0.5286797
v -0.1045148 -0.06743527 0.5655429
v -0.1378067 -0.1636566 0.251117
v -0.1258758 -0.12964 0.3353021
v -0.1312334 -0.1611171 0.2511218
v -0.1299263 -0.1317973 0.3358642
v -0.1417829 -0.1675316 0.2511296
v -0.1289281 -0.1220174 0.3715143
v -0.1241802 -0.1619677 0.251117
v -0.1132497 -0.1317764 0.3347828
v -0.1180935 -0.1285896 0.3370467
v -0.1227496 -0.1103735 0.3943947
v -0.118334 -0.1083864 0.3944492
v -0.1127318 -0.1082651 0.3945834
v -0.1077917 -0.1105903 0.3946094
v -0.1041557 -0.114375 0.3954975
v 0.1253721 0.03354572 0.3939142
v 0.1834872 0.04598375 0.2993643
v 0.2137671 0.05069755 0.2566596
v 0.2137671 0.07896256 0.2571628
v 0.2138496 0.07823393 0.2511413
v 0.1186041 0.0532461 0.4081642
v 0.03749368 0.03336958 0.5614645
v 0.008297127 0.02784587 0.641117
v 0.02099426 0.03016385 0.6092144
v 0.004686546 0.02700439 0.6411164
v 0.01302074 0.02608596 0.610205
v 0.0002133287 0.02274013 0.6411173
v 0.008553255 0.02057805 0.6176651
v 0.000237599 0.01635268 0.641117
v 0.009767149 0.01640135 0.6173687
v 0.002937712 0.01274096 0.641117
v 0.01321338 0.01238003 0.6187829
v 0.007986862 0.01062513 0.6411172
v 0.1639909 0.06334239 0.3264188
v 0.2110329 0.07543725 0.2511169
v 0.2078395 0.06972966 0.251117
v 0.1606463 0.05856859 0.3273517
v 0.1619229 0.05333416 0.3238361
v 0.2079761 0.06148269 0.2511169
v 0.1797593 0.05065975 0.2984907
v 0.2136677 0.053236 0.2510766
v 0.07090423 0.04021572 0.4905485
v 0.1083914 0.04890357 0.4200161
v 0.06752068 0.03573252 0.491193
v 0.09380126 0.04187207 0.4421004
v 0.09303291 0.03705122 0.4422024
v 0.06703892 0.02956426 0.4913261
v 0.09418003 0.03238165 0.442221
v 0.06909075 0.02509443 0.4912776
v 0.09690623 0.02866364 0.4422505
v 0.071771 0.02217778 0.4921402
v 0.1212083 0.04859385 0.393638
v 0.1203891 0.0434233 0.3937391
v 0.1215983 0.03841732 0.3937863
v 0.03836675 0.03117141 0.5526332
v 0.03628981 0.02703755 0.5535548
v 0.03761472 0.02310395 0.5511595
v 0.04423473 0.02052405 0.5410701
v 0.04713384 0.01787213 0.5411236
v 0.1499965 0.04495857 0.3458824
v 0.1530143 0.04072309 0.3460357
v 0.02630791 0.01673596 0.5809966
v 0.02973573 0.01443552 0.5804821
v 0.01957106 0.02463649 0.5916533
v 0.01940119 0.02002761 0.5918586
v -0.2211678 -0.1716215 0.2511172
v -0.221258 -0.1692172 0.2511202
v -0.2205971 -0.170292 0.2533965
v -0.2179379 -0.1736312 0.2540374
v -0.2183987 -0.1750696 0.2511168
v -0.2164908 -0.1750554 0.2511432
v 0.01295331 0.1688394 0.2510829
v 0.005194344 0.1633234 0.251117
v -0.0117011 0.1689668 0.2511161
v -0.0081071 0.1653855 0.2511169
v -0.002365161 0.1628614 0.251117
v -0.1171523 0.168974 0.2511173
v -0.1361074 0.1639938 0.251117
v -0.1417028 0.1689607 0.2511142
v -0.1275398 0.1627232 0.2511169
v -0.121629 0.16488 0.2511169
v -0.220333 0.1721775 0.2537373
v -0.2212514 0.1706727 0.2511201
v -0.2209235 0.1737628 0.2511167
v -0.2171212 0.1757637 0.2536266
v -0.217391 0.1770003 0.2511169
v -0.2163747 0.176477 0.2511405
v -0.1035417 -0.06004007 0.7013253
v -0.09989467 -0.06115528 0.7013297
v -0.1070564 -0.05592417 0.7012784
v -0.106782 0.05799653 0.7012517
v -0.1003216 0.06263886 0.7012564
v -0.01343013 0.04660648 0.7012875
v -0.01902039 0.05105638 0.7012686
v -0.01184897 0.04286228 0.7013079
v -0.01191803 -0.042079 0.7012661
v -0.01448708 -0.04672159 0.7012516
v -0.01939203 -0.05008643 0.7011696
v 0.2156564 0.1739014 0.2511169
v 0.0004799552 0.1739724 0.2511169
v 0.2186907 -0.1688099 0.2511169
v 0.2186063 0.1705253 0.2511169
v 0.2191426 0.1749716 0.251187
v 0.2175578 -0.175128 0.2512452
v 0.217386 -0.1749685 0.2512082
v 0.2158391 -0.1723996 0.2511169
v 0.0004799403 -0.1725276 0.2511169
v -0.2135304 -0.172518 0.2511169
v -0.2171966 -0.1703605 0.2511169
v -0.2174064 0.17149 0.2511169
v -0.2136247 0.1739608 0.2511169
v -0.01821085 0.1689724 0.271228
v -0.03063121 0.1409792 0.3394597
v -0.1126952 0.1689705 0.2703174
v -0.1050294 0.1282762 0.3703832
v -0.04155235 0.1161883 0.4059587
v -0.09830638 0.1003344 0.4524623
v -0.05191549 0.09310359 0.4799017
v -0.09371637 0.08606821 0.5056827
v -0.05758566 0.08054467 0.5313389
v -0.09003744 0.07722705 0.5473278
v -0.06099269 0.07272262 0.572852
v -0.0853669 0.06948671 0.5982462
v -0.06483741 0.06351009 0.6411138
v -0.08130825 0.06467729 0.6411169
v -0.007740926 0.1338062 0.3361209
v -0.01517403 0.1186621 0.3877311
v 0.01278311 0.1689724 0.2589658
v -0.02762833 0.1382196 0.3333045
v -0.01556028 0.1689696 0.2605744
v -0.04746111 0.09906537 0.4516484
v -0.04016742 0.09627219 0.442096
v -0.04556837 0.08566842 0.479516
v -0.04386961 0.09882973 0.4421439
v -0.04906721 0.0880971 0.4795859
v -0.051531 0.07401179 0.5284799
v -0.05343732 0.08187874 0.5081071
v -0.05778003 0.07213815 0.5532148
v -0.05420862 0.06669062 0.5653161
v -0.06204105 0.06560243 0.6025565
v -0.05910948 0.06332476 0.5963666
v -0.06002278 0.05664485 0.6411173
v -0.05362122 0.06228026 0.5899923
v -0.03710274 0.09179895 0.453493
v -0.04227585 0.08181445 0.4908037
v -0.04790703 0.07285322 0.5295506
v -0.06328906 0.059595 0.641117
v -0.03216745 0.09571538 0.4419662
v -0.02365562 0.105706 0.4158559
v -0.03593381 0.08594143 0.4791603
v -0.03232948 0.08853385 0.4808324
v -0.04015325 0.07606992 0.5254554
v -0.04390434 0.07374988 0.5273697
v -0.04795379 0.06451347 0.5810662
v -0.04943803 0.06628321 0.5651542
v -0.05526078 0.05590253 0.641117
v -0.05077779 0.05772922 0.641117
v -0.04500574 0.06648299 0.5864539
v -0.01191881 0.1320293 0.3340345
v -0.01651757 0.1315013 0.3338146
v -0.0254893 0.1350971 0.3340342
v -0.02116257 0.1322474 0.3342607
v -0.02386409 0.110983 0.3937542
v -0.03071682 0.1107462 0.3940427
v -0.03727777 0.1151146 0.3941557
v -0.1134651 0.09191919 0.4523158
v -0.1080688 0.09446874 0.4427592
v -0.107951 0.08727922 0.4671631
v -0.1128667 0.1332235 0.3354481
v -0.1062729 0.1242672 0.370786
v -0.1132322 0.08221869 0.5099757
v -0.1027311 0.06725876 0.5998792
v -0.08908513 0.07154688 0.5661802
v -0.0997057 0.09953979 0.4464208
v -0.09539764 0.08546118 0.4971281
v -0.1080182 0.07351853 0.5554095
v -0.09670819 0.06117638 0.641117
v -0.1062704 0.07106125 0.5533873
v -0.1005325 0.06419799 0.6007574
v -0.1178159 0.09502929 0.4497622
v -0.1112876 0.08004031 0.5067171
v -0.1048864 0.07143252 0.5408451
v -0.1008718 0.06673445 0.5657811
v -0.09826783 0.06274357 0.5991017
v -0.09367682 0.05861685 0.641117
v -0.1092189 0.08147863 0.4917851
v -0.1027299 0.0730629 0.5263777
v -0.09604567 0.06297486 0.5904712
v -0.0894973 0.05760773 0.641117
v -0.1033298 0.09263825 0.4538412
v -0.09897182 0.08628315 0.4821334
v -0.1033391 0.08125684 0.4915179
v -0.09732708 0.07364955 0.5290106
v -0.09416461 0.07600743 0.5289123
v -0.09004226 0.06681128 0.5790854
v -0.0939028 0.06475259 0.5779641
v -0.08418624 0.0596941 0.641117
v -0.1172503 0.1313294 0.3343855
v -0.1217818 0.1318855 0.331327
v -0.1426667 0.1689719 0.2602859
v -0.1329652 0.1357704 0.3418234
v -0.1305947 0.1335768 0.3368694
v -0.1265124 0.1322142 0.3327308
v -0.1078122 0.1121189 0.3943641
v -0.1127417 0.109751 0.3944617
v -0.118326 0.1098094 0.3945136
v -0.1227278 0.1117504 0.3945972
v -0.1260328 0.1150803 0.3948751
v 0.2183394 -0.1692172 0.2263086
v 0.2183931 0.1706854 0.2263687
v 0.2172577 -0.1710798 0.2267664
v 0.2146954 -0.172411 0.2263465
v 0.06682058 -0.1725276 0.2435308
v 0.06798899 -0.1725276 0.2400482
v 0.1946526 -0.1725276 0.2385134
v 0.1976786 -0.1725276 0.2427233
v 0.1976935 -0.1725276 0.23968
v -0.1969241 -0.1725276 0.241933
v -0.1965775 -0.1725276 0.2395633
v -0.2143939 -0.1723469 0.2266719
v -0.06250279 -0.1725276 0.2428747
v -0.06215387 -0.1725276 0.2398575
v 0.06513019 -0.1725276 0.2384976
v 0.1929441 -0.1725276 0.2410488
v 0.1943106 -0.1725276 0.2435246
v -0.1921472 -0.1725276 0.2425557
v -0.1925891 -0.1725276 0.239324
v -0.06486984 -0.1725276 0.2384976
v -0.06715801 -0.1725276 0.2408066
v -0.1952265 -0.1725276 0.2436166
v 0.06312256 -0.1725276 0.2401729
v 0.06344216 -0.1725276 0.2427617
v -0.1946414 -0.1725276 0.238576
v -0.06545744 -0.1725276 0.2435788
v -0.2168169 -0.170382 0.2267768
v -0.2174235 -0.1686652 0.2262688
v -0.2173785 0.1700675 0.2262767
v -0.2163045 0.1724826 0.2266012
v -0.213561 0.1738668 0.2263089
v 0.1933556 0.1739724 0.2427233
v 0.06457308 0.1739724 0.2387224
v 0.06716189 0.1739724 0.239042
v 0.067931 0.1739724 0.2424204
v -0.196924 0.1739724 0.2403009
v -0.06681193 0.1739724 0.2398575
v -0.06409597 0.1739724 0.2384976
v 0.06491126 0.1739724 0.2436535
v 0.06277493 0.1739724 0.241195
v -0.1954269 0.1739724 0.2387224
v -0.0622031 0.1739724 0.2399837
v -0.06223415 0.1739724 0.2425987
v -0.196463 0.1739724 0.2428747
v -0.1928382 0.1739724 0.239042
v -0.1919371 0.1739724 0.2414967
v -0.06683511 0.1739724 0.2420324
v -0.1935084 0.1739724 0.2435788
v -0.06531876 0.1739724 0.2436293
v 0.1932547 0.1739724 0.2398895
v 0.1980672 0.1739724 0.2401057
v 0.2144528 0.1738601 0.2265448
v 0.1967237 0.1739724 0.2435246
v 0.1952189 0.1739724 0.2385261
v 0.2137059 -0.1646548 0.2262978
v 0.2123372 -0.1661211 0.2268192
v 0.2103755 -0.1675511 0.2264187
v 0.213631 0.1660021 0.2266378
v 0.2103028 0.1689657 0.2265809
v -0.1952265 0.1689724 0.2436166
v -0.1921471 0.1689724 0.2425557
v -0.06715799 0.1689724 0.2408066
v -0.06545743 0.1689724 0.2435788
v -0.06250278 0.1689724 0.2428747
v 0.1976935 0.1689724 0.23968
v 0.1946526 0.1689724 0.2385134
v -0.2091733 0.169043 0.226377
v -0.1965775 0.1689724 0.2395633
v -0.196924 0.1689724 0.241933
v -0.06215385 0.1689724 0.2398575
v 0.06312257 0.1689724 0.2401729
v 0.06344217 0.1689724 0.2427617
v 0.06798901 0.1689724 0.2400482
v 0.0651302 0.1689724 0.2384976
v -0.06486983 0.1689724 0.2384976
v -0.1925891 0.1689724 0.239324
v 0.1929441 0.1689724 0.2410488
v 0.06682059 0.1689724 0.2435308
v 0.1943106 0.1689724 0.2435246
v 0.1976787 0.1689724 0.2427233
v -0.1946414 0.1689724 0.238576
v -0.2127244 0.1656384 0.2263393
v -0.2115383 0.1677968 0.2263202
v -0.2126907 -0.1642619 0.2263986
v -0.2086472 -0.1675193 0.226749
v -0.2109008 -0.1665128 0.2267572
v 0.06744437 -0.1675276 0.2394108
v 0.06793098 -0.1675276 0.2424204
v 0.1980672 -0.1675276 0.2401057
v -0.1969241 -0.1675276 0.2403009
v -0.195427 -0.1675276 0.2387224
v 0.1967236 -0.1675276 0.2435246
v 0.06544898 -0.1675276 0.2385439
v 0.1933556 -0.1675276 0.2427233
v 0.1932547 -0.1675276 0.2398895
v 0.1952189 -0.1675276 0.2385261
v -0.06220312 -0.1675276 0.2399837
v -0.06223417 -0.1675276 0.2425987
v 0.06491125 -0.1675276 0.2436535
v 0.06323731 -0.1675276 0.2422502
v -0.06531878 -0.1675276 0.2436293
v -0.06683513 -0.1675276 0.2420324
v -0.06409599 -0.1675276 0.2384976
v -0.06681195 -0.1675276 0.2398575
v 0.06318808 -0.1675276 0.2398575
v -0.196463 -0.1675276 0.2428747
v -0.1928382 -0.1675276 0.239042
v -0.1919371 -0.1675276 0.2414967
v -0.1935084 -0.1675276 0.2435788
v 0.2163099 0.1730598 0.2262746
v 0.2142048 0.1654815 0.2261739
v -0.2104435 -0.1677884 0.2261608
v -0.214614 -0.1716265 0.2261566
v 0.2114809 0.1689567 0.2261975
v -0.07348714 -0.03147603 0.661117
v -0.07326625 -0.02994025 0.7007092
v -0.07317962 -0.03521293 0.7007023
v -0.0718528 -0.03824763 0.661117
v -0.06624805 -0.04238442 0.661117
v -0.06428377 -0.04272496 0.7007023
v -0.05929561 -0.04195077 0.661117
v -0.0547374 -0.03785643 0.661117
v -0.05418225 -0.03693488 0.7007023
v -0.05318451 -0.03109793 0.661117
v -0.05308508 -0.03165185 0.7006223
v -0.05670882 -0.02502742 0.661117
v -0.05751997 -0.02432068 0.7007023
v -0.06139547 -0.02271481 0.661117
v -0.06159148 -0.02257431 0.7006631
v -0.06661062 -0.02305536 0.661117
v -0.06685057 -0.02303167 0.7006631
v -0.0709568 -0.02595787 0.661117
v -0.04330524 -0.0008110148 0.661117
v -0.04343992 -0.0001306263 0.7007023
v -0.04253822 -0.003538314 0.7007023
v -0.04120155 -0.005595199 0.661117
v -0.04052543 -0.006432075 0.7007023
v -0.03620661 -0.009045362 0.661117
v -0.03247302 -0.009391425 0.7007023
v -0.02925415 -0.008611724 0.661117
v -0.02905278 -0.008424873 0.7005474
v -0.0255152 -0.005840415 0.7006734
v -0.0246959 -0.004517377 0.661117
v -0.0230532 -0.0001524319 0.7007089
v -0.02314303 0.002241166 0.661117
v -0.02411391 0.004983097 0.7007023
v -0.02666725 0.008311585 0.661117
v -0.02612675 0.007876931 0.7007023
v -0.03135394 0.01062424 0.661117
v -0.03417909 0.01083625 0.7007023
v -0.03739803 0.01005655 0.661117
v -0.04244523 0.005255389 0.661117
v -0.04290746 0.004215299 0.7006631
v -0.07353146 0.03342749 0.661117
v -0.07341172 0.03229577 0.7006631
v -0.07124303 0.02774383 0.661117
v -0.07169995 0.02826588 0.7007023
v -0.06847123 0.02523222 0.7006631
v -0.06624804 0.02429368 0.661117
v -0.06428381 0.02395316 0.7007023
v -0.05929561 0.02472734 0.661117
v -0.05757426 0.02578354 0.7005759
v -0.0547374 0.02882167 0.661117
v -0.05509314 0.02827632 0.7005475
v -0.05318451 0.03558018 0.661117
v -0.05427452 0.03875895 0.7007909
v -0.05670882 0.04165069 0.661117
v -0.05751996 0.04235742 0.7007023
v -0.06139548 0.0439633 0.661117
v -0.06424581 0.04412699 0.7005759
v -0.0666106 0.04362275 0.661117
v -0.06846134 0.04284612 0.7005324
v -0.07156107 0.04010909 0.661117
v -0.0731632 0.03671902 0.7007023
v -0.01990623 -0.0445146 0.641117
v -0.01705596 -0.04068771 0.641117
v -0.04862089 -0.0201114 0.641117
v -0.01259709 -0.001754763 0.641117
v -0.1019829 -0.001754759 0.641117
v -0.06916242 -0.02969522 0.641117
v -0.06916242 0.03114008 0.641117
v -0.01970162 0.04585541 0.641117
v -0.01706697 0.04207475 0.641117
v -0.06045675 0.04665181 0.641117
v -0.06554399 -0.03405347 0.641117
v -0.0616098 0.03604158 0.641117
v -0.06484933 0.03631021 0.641117
v -0.06591333 0.03368178 0.641117
v -0.06103182 0.03262272 0.641117
v -0.06434215 0.0315996 0.641117
v -0.03061198 0.001121687 0.641117
v -0.03302784 0.003313256 0.641117
v -0.03573371 0.001928931 0.641117
v -0.03508385 -0.001257706 0.641117
v -0.03228893 -0.001670433 0.641117
v -0.06570015 -0.03145026 0.641117
v -0.06077386 -0.03314887 0.641117
v -0.06166149 -0.03068937 0.641117
v -0.06374728 -0.03007087 0.641117
v -0.06298061 -0.03523597 0.641117
v -0.06389552 0.03731388 0.6610808
v -0.06626736 0.03511325 0.6610584
v -0.06522021 0.03188735 0.6609312
v -0.06313309 0.0312906 0.6609068
v -0.06086943 0.03217256 0.6610404
v -0.0609429 0.03572398 0.6609445
v -0.06070622 0.03384338 0.6605724
v -0.06188406 0.03196029 0.6604019
v -0.06604986 0.03392088 0.6606895
v -0.06506151 0.03614786 0.6607113
v -0.06293768 0.03666636 0.6605778
v -0.06083495 -0.03484371 0.6610764
v -0.06069368 -0.03078008 0.6610331
v -0.06373531 -0.02936159 0.661074
v -0.06600572 -0.03391472 0.6609515
v -0.06387155 -0.03543023 0.6608986
v -0.06090423 -0.03157307 0.6605119
v -0.06146858 -0.03454354 0.6605182
v -0.0659522 -0.03158274 0.6607171
v -0.06505913 -0.03059527 0.6605573
v -0.06291916 -0.03003066 0.6605107
v -0.03235223 -0.001950623 0.6609161
v -0.03069197 -0.0002774868 0.6609108
v -0.03063077 0.002553079 0.661016
v -0.0341606 0.003947624 0.6610838
v -0.03591029 0.001951447 0.6609421
v -0.03513869 -0.001554452 0.6609914
v -0.03585294 -0.0001746725 0.6606941
v -0.03372808 0.003435038 0.6605263
v -0.0311818 0.00224136 0.6603771
v -0.01957228 -0.04446961 0.7106794
v -0.01698223 -0.041431 0.7109109
v -0.01706646 0.04221217 0.7104237
v -0.1003047 -0.05592695 0.7105407
v -0.01843953 0.04467153 0.7106324
v -0.02010014 0.04610763 0.710902
v -0.1001636 0.05759927 0.7109064
v -0.1020114 -0.05448488 0.7108943
v -0.1019866 0.05608362 0.7109087
v -0.01230302 0.04292573 0.7108988
v -0.01200914 -0.04046702 0.7018377
v -0.01247682 -0.04198626 0.7109715
v -0.01813596 0.05031608 0.710902
v -0.01623179 0.04949414 0.7014864
v -0.01430114 0.04712937 0.7109346
v -0.1002639 0.06223592 0.7109167
v -0.1070049 0.05567459 0.701653
v -0.1065187 0.05692193 0.7109278
v -0.1043937 0.06028089 0.7108884
v -0.1034703 0.06137256 0.7014897
v -0.1065466 -0.05561823 0.7109717
v -0.1003897 -0.06072582 0.710939
v -0.1042788 -0.0590851 0.7106295
v -0.1049262 -0.05862018 0.7016541
v -0.01818311 -0.04924455 0.7015552
v -0.01838538 -0.04902256 0.710915
v -0.01462193 -0.04619998 0.7106645
v -0.01671022 0.04293321 0.7110375
v -0.10007 -0.05642955 0.7110448
v -0.01967056 -0.04515745 0.7111011
v -0.2008737 0.09203743 0.3348114
v -0.1927901 0.09200979 0.3775173
v -0.2010532 0.03250175 0.3347932
v -0.1927443 0.03253673 0.3775691
v -0.1893468 0.0470214 0.334567
v -0.1886475 0.05744477 0.3345362
v -0.1895916 0.03263383 0.3776218
v -0.1845597 0.05778709 0.3776684
v -0.2042684 -0.02499823 0.3327508
v -0.2014223 -0.02493609 0.3328023
v -0.1970888 -0.02498554 0.360523
v -0.2017372 -0.09346551 0.3328221
v -0.197018 -0.09349554 0.3604991
v -0.1886216 -0.04980548 0.3326095
v 0.2006671 0.1865224 0.2269669
v 0.1903671 0.1865224 0.2269669
v 0.2006852 0.1865224 0.2359195
v 0.190039 0.1865224 0.2368107
v 0.1862416 0.1863772 0.2369994
v 0.1869798 0.1865152 0.2387739
v 0.1913519 0.1865224 0.240867
v 0.189806 0.1864944 0.2436934
v 0.1937197 0.1865423 0.24494
v 0.2005551 0.1864885 0.244077
v 0.204589 0.1861178 0.2406178
v 0.2013182 0.1865224 0.2369575
v 0.1994561 0.1865224 0.2395576
v 0.1989168 0.1865224 0.2433593
v 0.1966744 0.1865107 0.2450223
v 0.1930981 0.1865224 0.2378396
v 0.1961246 0.1865224 0.2370437
v 0.2047388 0.1864092 0.2370179
v 0.19791 0.1835224 0.2421541
v 0.1977724 0.1817224 0.2425042
v 0.1951178 0.1835224 0.2438311
v 0.1963722 0.1817224 0.2434662
v 0.1959512 0.1817224 0.243579
v 0.1955171 0.1817224 0.243617
v 0.195083 0.1817224 0.243579
v 0.1946621 0.1817224 0.2434662
v 0.1931881 0.1817224 0.2423764
v 0.1928704 0.1835224 0.2411908
v 0.1934225 0.1817224 0.2395633
v 0.1943508 0.1835224 0.2387844
v 0.1946621 0.1817224 0.2387677
v 0.195083 0.1817224 0.2386549
v 0.1955171 0.1817224 0.238617
v 0.1973669 0.1835224 0.2391597
v 0.1959512 0.1817224 0.2386549
v 0.1963722 0.1817224 0.2387677
v 0.1976935 0.1817224 0.23968
v 0.1866496 0.1817935 0.2231381
v 0.1995213 0.1817687 0.2447193
v 0.2045722 0.1818218 0.2231914
v 0.1909673 0.1818304 0.24484
v 0.1867076 0.1818038 0.2402822
v 0.2042716 0.1817843 0.2399974
v 0.1858159 0.1826288 0.2395701
v 0.1859751 0.1860842 0.2391314
v 0.1855536 0.1854351 0.2360301
v 0.1860563 0.2011773 0.2368551
v 0.1859119 0.2015035 0.2227662
v 0.1858516 0.1824865 0.2226288
v 0.1868114 0.1856046 0.2418163
v 0.1879927 0.1827173 0.243387
v 0.1894588 0.1857142 0.2445132
v 0.1923396 0.1827698 0.2459229
v 0.1929744 0.1857428 0.2459478
v 0.1977228 0.1825694 0.2459885
v 0.197859 0.1858277 0.2459366
v 0.2053247 0.1826635 0.2390594
v 0.2054911 0.1855748 0.2362073
v 0.2037199 0.1825664 0.2424533
v 0.2018733 0.1857179 0.2444363
v 0.2011806 0.182601 0.2448278
v 0.2051654 0.1825452 0.2224999
v 0.2053612 0.2010255 0.23634
v 0.2050441 0.201209 0.222528
v 0.1866096 0.2008284 0.2221727
v 0.1926534 0.1835224 0.2440431
v 0.1952133 0.1835224 0.2451842
v 0.1986803 0.1835223 0.2439438
v 0.199423 0.1835224 0.2398113
v 0.1970276 0.1835224 0.2372857
v 0.1935531 0.1835224 0.2374972
v 0.1913718 0.1835224 0.2406398
v 0.2009645 0.1973062 0.2367687
v 0.2046052 0.2014989 0.2368314
v 0.1900823 0.1973175 0.2367685
v 0.1903671 0.1970224 0.2269669
v 0.2006671 0.1970224 0.2269669
v 0.2045463 0.2018638 0.2229319
v 0.1864636 0.2019184 0.2360548
v 0.06036711 -0.1850776 0.2269669
v 0.07066712 -0.1850776 0.2269669
v 0.06034901 -0.1850776 0.2359193
v 0.07099523 -0.1850776 0.2368107
v 0.07443622 -0.1850379 0.237081
v 0.07436016 -0.1850058 0.2395
v 0.06956494 -0.1850776 0.2415732
v 0.0703108 -0.1850234 0.2444238
v 0.06769875 -0.185084 0.2446599
v 0.05971605 -0.1850776 0.2369575
v 0.06186942 -0.1850776 0.2393038
v 0.06168608 -0.1850776 0.2427685
v 0.05910613 -0.1849583 0.2434736
v 0.0562335 -0.185058 0.2370331
v 0.06479154 -0.1850653 0.2452575
v 0.06854719 -0.1850776 0.2382482
v 0.06454773 -0.1850776 0.2370584
v 0.06287037 -0.1820776 0.2410432
v 0.0630171 -0.1802776 0.2411169
v 0.06305508 -0.1802776 0.2415511
v 0.06316787 -0.1802776 0.241972
v 0.06387848 -0.1802776 0.2430698
v 0.06454253 -0.1820776 0.2435788
v 0.06449246 -0.1802776 0.2434067
v 0.065083 -0.1802776 0.243579
v 0.0655171 -0.1802776 0.2436169
v 0.06595123 -0.1802776 0.243579
v 0.06749719 -0.1820776 0.2428747
v 0.06637216 -0.1802776 0.2434662
v 0.06713209 -0.1802776 0.2430415
v 0.06743222 -0.1802776 0.2427239
v 0.06768218 -0.1802776 0.2423669
v 0.06786633 -0.1802776 0.241972
v 0.06797913 -0.1802776 0.2415511
v 0.06795827 -0.1820776 0.240301
v 0.06801711 -0.1802776 0.2411169
v 0.06797913 -0.1802776 0.2406828
v 0.06786633 -0.1802776 0.2402619
v 0.06768218 -0.1802776 0.2398669
v 0.06743222 -0.1802776 0.23951
v 0.06646113 -0.1820776 0.2387224
v 0.06712407 -0.1802776 0.2392018
v 0.0667671 -0.1802776 0.2389519
v 0.06637216 -0.1802776 0.2387677
v 0.06595123 -0.1802776 0.2386549
v 0.0655171 -0.1802776 0.2386169
v 0.0642896 -0.1820776 0.2388546
v 0.065083 -0.1802776 0.2386549
v 0.06466207 -0.1802776 0.2387677
v 0.0642671 -0.1802776 0.2389519
v 0.06391014 -0.1802776 0.2392018
v 0.06360199 -0.1802776 0.23951
v 0.06335205 -0.1802776 0.2398669
v 0.06316787 -0.1802776 0.2402619
v 0.06305508 -0.1802776 0.2406828
v 0.07439798 -0.1803529 0.2231302
v 0.06199028 -0.1803242 0.2450264
v 0.05630527 -0.1803749 0.2382595
v 0.05665845 -0.1803735 0.223011
v 0.06885487 -0.1803266 0.244969
v 0.07449538 -0.1803723 0.2399396
v 0.07526894 -0.1813539 0.2395261
v 0.07524408 -0.1839694 0.239638
v 0.07538207 -0.184372 0.2363753
v 0.07495836 -0.199879 0.2368015
v 0.07539992 -0.1997171 0.2232183
v 0.07515492 -0.1810032 0.2226311
v 0.0725958 -0.18428 0.2438619
v 0.07213043 -0.1810762 0.244318
v 0.06810319 -0.1839631 0.2460317
v 0.06789473 -0.1812545 0.246
v 0.06218568 -0.181339 0.2458913
v 0.0627813 -0.1845035 0.2458018
v 0.0557043 -0.181313 0.2391098
v 0.05556506 -0.1842191 0.2363857
v 0.05651115 -0.1842262 0.2414158
v 0.05726773 -0.1809112 0.2422256
v 0.05894217 -0.1810266 0.244073
v 0.05982534 -0.1839309 0.2448466
v 0.05585698 -0.1811215 0.2225244
v 0.05565598 -0.1996584 0.2362134
v 0.0559964 -0.1997956 0.2225371
v 0.07467969 -0.2000676 0.2224483
v 0.06838083 -0.1820775 0.2440431
v 0.06582095 -0.1820776 0.2451841
v 0.06235402 -0.1820775 0.2439439
v 0.06161125 -0.1820776 0.2398114
v 0.0646655 -0.1820776 0.236967
v 0.0686007 -0.1820776 0.2383872
v 0.06958267 -0.1820776 0.2413705
v 0.06006974 -0.1958613 0.2367687
v 0.05658519 -0.2001081 0.2368797
v 0.07095195 -0.1958727 0.2367685
v 0.07066712 -0.1955776 0.2269669
v 0.06036711 -0.1955776 0.2269669
v 0.05639619 -0.2004476 0.223111
v 0.07459338 -0.2004796 0.2359971
v -0.1233752 -0.01413472 1.113918
v -0.1234462 -0.00425033 1.113235
v -0.1231314 -0.01318556 1.104886
v -0.1231937 -0.003256531 1.104377
v 0.05664803 -0.1140597 0.8893374
v 0.05117441 -0.1254499 0.8893942
v 0.03846494 -0.1096231 0.8539929
v 0.001539081 -0.0379356 0.7319868
v -0.001563914 -0.0465125 0.727666
v -0.05464426 0.09958671 0.766865
v -0.03216706 0.1439577 0.8376491
v -0.02832296 0.101206 0.7776555
v 0.05644264 0.1537308 0.9420661
v 0.05125 0.1480628 0.9172072
v 0.0435474 0.1562585 0.9167854
v 0.06379695 0.1449966 0.9467264
v 0.05800482 0.1382676 0.9171181
v 0.07390124 0.1237754 0.9516205
v 0.06762102 0.1152398 0.9168591
v 0.06354374 0.1272613 0.9170029
v 0.05024311 0.1287328 0.8896715
v 0.04316285 0.138645 0.8895645
v 0.05595281 0.1176869 0.889748
v 0.07501122 0.1084102 0.941962
v 0.07000735 0.1024624 0.9166157
v 0.07541721 -0.1057887 0.9424556
v 0.07285655 -0.03609544 0.9290245
v 0.07244067 0.09090585 0.9251713
v -0.1061674 0.05193966 1.145579
v -0.09995291 0.04784895 1.156126
v -0.09628996 0.06560515 1.142523
v -0.07035375 0.05284091 1.201108
v -0.06220723 0.05472817 1.201204
v -0.06253371 0.05569552 1.186645
v 0.05676924 0.05430868 1.103738
v 0.05857969 0.07307813 1.098235
v 0.04815085 0.05491019 1.113239
v -0.04820623 0.1870429 1.070555
v -0.02973044 0.181053 1.074392
v -0.03266256 0.1878264 1.066464
v -0.0804792 0.1983675 0.9716818
v -0.09706477 0.186527 0.9701222
v -0.09161867 0.1937365 0.9910579
v -0.03272915 -0.04962481 1.201021
v -0.04020765 -0.05219043 1.20122
v -0.04117864 -0.0534108 1.186594
v 0.03412698 -0.09455208 1.108671
v 0.02053732 -0.1114348 1.106839
v 0.0312438 -0.1188299 1.098899
v 0.06252907 -0.08344796 1.088958
v 0.06754532 -0.1001086 1.07069
v 0.06905109 -0.08152331 1.075267
v -0.0754345 -0.05278799 1.17777
v -0.08676991 -0.04990206 1.169344
v -0.07857784 -0.05631701 1.164873
v -0.1155068 -0.06649743 1.127823
v -0.1089114 -0.08712415 1.121729
v -0.1079809 -0.07113199 1.130488
v 0.0006383955 -0.002500983 1.201132
v 0.0001752228 -0.00743343 1.195836
v 0.0009872094 0.005934536 1.189514
v -0.134524 -0.07333162 1.104544
v -0.1356054 -0.08641039 1.096844
v -0.1346633 -0.09178848 1.097525
v -0.05169036 -0.2047892 1.022329
v -0.04315698 -0.2049463 1.021667
v -0.0510713 -0.201961 1.036427
v -0.003353409 0.1887212 1.044857
v -0.01718548 0.1979373 1.036237
v -0.02131057 0.1957106 1.046716
v -0.0513503 0.2074592 1.00942
v -0.05554367 0.2072744 1.010094
v -0.05140406 0.2063204 1.021843
v -0.03780073 0.2059477 1.021471
v -0.03623676 0.2026757 1.036633
v -0.05170241 0.2031601 1.037091
v -0.03017554 0.204673 1.023025
v -0.02309744 0.2014296 1.029547
v 0.03823915 0.1590012 1.058926
v 0.03919924 0.1680692 1.039567
v 0.02959054 0.1725337 1.046009
v 0.04747775 0.155467 1.050202
v 0.04648429 0.16458 1.031428
v 0.06301509 0.1466341 1.026636
v 0.06418863 0.1503192 1.007238
v 0.05303005 0.1619948 1.018458
v 0.05524469 0.162835 1.000268
v 0.06107112 0.1565423 0.9833908
v 0.05224692 0.1649126 0.9644725
v 0.0499728 0.1684186 0.9765442
v 0.0530971 0.1657705 0.9865625
v 0.03138419 0.1774292 0.9492872
v 0.0414352 0.1734112 0.9589664
v 0.03003873 0.1733834 0.9330764
v 0.02037433 0.1808675 0.9416562
v 0.0007610882 0.1863482 0.9364942
v 0.01006998 0.1833924 0.938037
v 0.01751051 0.176177 0.9238332
v -0.02927713 0.1948913 0.9288245
v -0.03028597 0.1998923 0.9443708
v -0.01348203 0.1921017 0.9367005
v -0.04250707 0.2013112 0.9443046
v -0.06067351 0.2005574 0.9473073
v -0.05801684 0.2032326 0.9575327
v -0.05172707 0.2033933 0.954135
v -0.05081341 0.2011277 0.9449265
v -0.05913347 0.2070578 1.005429
v -0.05876131 0.2072328 0.9942247
v -0.06723781 0.2052625 0.9887645
v -0.06695323 0.2050576 1.014151
v -0.03538176 -0.1946855 0.9289253
v -0.04116122 -0.1997831 0.9444828
v -0.04859226 -0.195075 0.9280869
v -0.05136028 -0.1997204 0.944518
v -0.02325275 -0.1953196 0.940456
v -0.03026413 -0.1984075 0.9449413
v -0.01468345 -0.1912109 0.9372814
v -0.0249451 -0.1921379 0.9286948
v 0.000594103 -0.1847684 0.9361407
v -0.002028279 -0.1798981 0.9194229
v 0.01702061 -0.1748792 0.9236552
v 0.01977577 -0.179447 0.9406723
v 0.04000041 -0.1726424 0.9580272
v 0.02980605 -0.1765669 0.9483367
v 0.04114348 -0.1677037 0.9425769
v 0.05463015 -0.1617101 1.001745
v 0.06105423 -0.1540145 1.002783
v 0.05311121 -0.1607252 1.017115
v 0.06301133 -0.1452097 1.0266
v 0.05264434 -0.1548362 1.036512
v 0.04611622 -0.1632077 1.032632
v 0.04749497 -0.1538219 1.050479
v 0.03801132 -0.1670947 1.040977
v 0.03582491 -0.1623376 1.054163
v 0.02905869 -0.1714384 1.045742
v 0.0009899251 -0.1846784 1.046018
v 0.01583625 -0.1771443 1.048648
v -0.01910084 -0.1896376 1.054746
v -0.01888878 -0.1977057 1.034897
v -0.05870371 -0.2055469 0.9866244
v -0.06754197 -0.2030053 0.9798459
v -0.05824051 -0.2038716 0.9707916
v -0.05777707 -0.2016579 0.9563694
v -0.0670258 -0.1971466 0.9457334
v -0.05177931 -0.2018824 0.9543386
v -0.1331687 -0.1247192 1.063239
v -0.1347369 -0.111217 1.080915
v -0.1357517 -0.1074101 1.076156
v -0.1360724 -0.09772466 1.087439
v -0.134381 -0.1059032 1.089109
v -0.1317677 -0.06395278 1.112778
v -0.1332379 -0.05889064 1.109934
v -0.08931303 -0.0416632 1.188609
v -0.08328594 -0.04587836 1.189732
v -0.08847801 -0.04181387 1.201237
v -0.07460535 -0.0501161 1.201068
v -0.07559147 -0.04972684 1.194162
v -0.06260319 -0.05326087 1.201109
v -0.02746275 -0.0475792 1.189859
v -0.02079519 -0.04289448 1.201061
v -0.003019248 -0.0204719 1.189875
v -0.00274916 -0.01909703 1.201163
v -0.01045292 -0.03272732 1.201045
v -0.0002578124 0.01136631 1.201038
v -0.01514464 0.04000327 1.188992
v -0.0132695 0.03767594 1.201188
v -0.008462682 0.03154755 1.192655
v -0.02105822 0.04465076 1.192957
v -0.02413868 0.04649378 1.201057
v -0.08200207 0.04826479 1.188192
v -0.08240432 0.04760891 1.201116
v -0.07626258 0.05100362 1.190275
v -0.09381413 0.03855539 1.201096
v -0.09037425 0.04186632 1.191409
v -0.0948844 0.03784072 1.18602
v -0.1299307 0.1322839 1.025571
v -0.1312578 0.1257173 1.032098
v -0.1333351 0.1223152 1.048828
v -0.127038 0.125662 1.002962
v -0.1293262 -0.1316753 1.021749
v -0.1319037 -0.123832 1.03674
v -0.1273524 -0.1244349 1.005012
v -0.1204239 -0.1299064 0.9597123
v -0.1174649 -0.1320461 0.9364865
v -0.1223441 -0.1570587 1.02924
v -0.1261999 -0.1479676 1.029515
v -0.1194293 -0.1580044 0.9941511
v -0.1183445 -0.1633721 1.03706
v -0.1150205 -0.1689375 1.010117
v -0.1114016 -0.1738799 1.028891
v -0.07475667 -0.1981592 0.9639071
v -0.08341017 -0.1974059 0.9901422
v -0.07469261 -0.2016339 0.9989457
v -0.05808821 -0.205698 1.007184
v -0.05464493 -0.2059016 1.010035
v -0.05137964 -0.2061291 1.009717
v -0.07546757 -0.2004277 1.018209
v -0.06301946 -0.202461 1.027589
v -0.1301188 -0.1358298 1.061018
v -0.1267669 -0.143238 1.063236
v -0.1177754 -0.1607587 1.054758
v -0.1074542 -0.1721591 1.05459
v -0.1053459 -0.1788726 1.036962
v -0.1224705 -0.1472954 1.070032
v -0.1259585 -0.1324357 1.083711
v -0.1320047 -0.1226162 1.079028
v -0.1072852 -0.1655059 1.069335
v -0.11654 -0.1554042 1.070005
v -0.12774 -0.1225858 1.09013
v -0.1310897 -0.1027172 1.098761
v -0.1180203 -0.1441301 1.083243
v -0.1163719 -0.135692 1.092754
v -0.1114175 -0.1513084 1.083223
v -0.1247854 -0.1127439 1.100301
v -0.1026189 -0.1539634 1.087769
v -0.1043259 -0.1426746 1.095664
v -0.1181353 -0.1243258 1.098976
v -0.1012493 -0.1633479 1.079119
v -0.0787937 -0.1900356 1.054504
v -0.0768052 -0.1966713 1.036881
v -0.06447448 -0.1973232 1.045792
v -0.06050225 -0.1941077 1.055409
v -0.0909002 -0.1764525 1.069925
v -0.07209083 -0.1857094 1.066525
v -0.05535003 -0.1882592 1.066505
v -0.08225889 -0.177216 1.074188
v -0.06540361 -0.1816972 1.074165
v -0.04448863 -0.1854383 1.070582
v -0.08503843 -0.1668544 1.08481
v -0.06874884 -0.1714748 1.084772
v -0.05324643 -0.1726766 1.084753
v -0.03094677 -0.1739544 1.080632
v -0.02929069 -0.1802259 1.073568
v -0.04519697 -0.1952263 1.054424
v -0.03540655 -0.2009629 1.037076
v -0.03067565 -0.2034019 1.022712
v -0.03435098 -0.1670545 1.087238
v -0.08922378 -0.1507362 1.096021
v -0.07408547 -0.1555699 1.095986
v -0.0595766 -0.1572096 1.095966
v -0.03950137 -0.1571026 1.094873
v 0.01500304 -0.1500853 1.085159
v -0.1321194 -0.08075945 1.107454
v -0.1282944 -0.04267701 1.121519
v -0.1146314 -0.02861135 1.143908
v -0.1268062 -0.08605696 1.111221
v -0.1190969 -0.1089689 1.106653
v -0.09783127 -0.0796051 1.130428
v -0.0947698 -0.09763727 1.121511
v -0.08196253 -0.08627873 1.13038
v -0.07549557 -0.1042976 1.120969
v -0.1100487 -0.03409284 1.149942
v -0.1113424 -0.02429233 1.150777
v -0.1200035 -0.0551945 1.129061
v -0.1107556 -0.04079588 1.145654
v -0.1017509 -0.03732175 1.162205
v -0.1058969 -0.02790253 1.160669
v -0.1090828 -0.04969359 1.142694
v -0.1009921 -0.04841024 1.153023
v -0.09694742 -0.04636694 1.160511
v -0.09913139 -0.03523866 1.170627
v -0.09700047 -0.03548118 1.177789
v -0.09314184 -0.04230233 1.17299
v -0.09728074 -0.03308818 1.201178
v -0.09506695 -0.0364861 1.184199
v -0.08547774 -0.04730346 1.177547
v -0.1021675 -0.05996292 1.141817
v 0.003183585 -0.1342518 1.099577
v -0.04995986 -0.1411183 1.104066
v -0.06151748 -0.1032564 1.121434
v -0.09468904 -0.06603273 1.141705
v -0.06966293 -0.08767132 1.130262
v -0.08665658 -0.07001001 1.141826
v -0.08705646 -0.06033037 1.152716
v -0.09042685 -0.05435065 1.157701
v -0.07601763 -0.07598592 1.139194
v -0.03016994 -0.08706094 1.130214
v -0.07467262 -0.07094745 1.144509
v -0.05624787 -0.06405038 1.15591
v -0.06996576 -0.05884976 1.16443
v -0.07508533 -0.06450229 1.152794
v -0.05788006 -0.05475791 1.186597
v -0.05517495 -0.05396222 1.201176
v -0.07253921 -0.05186319 1.185799
v -0.06084436 -0.05598675 1.177469
v -0.03528492 -0.07392635 1.142064
v -0.04766025 -0.0558966 1.177788
v -0.04793083 -0.05360791 1.201185
v 0.05283981 -0.1646349 0.984951
v 0.06058762 -0.1554107 0.9789617
v 0.04932782 -0.1674931 0.9737081
v 0.05881001 -0.1549529 0.9601716
v 0.05169379 -0.1629505 0.959749
v 0.01640007 -0.1691388 1.062941
v -0.02328715 -0.1842244 1.065958
v -0.03042469 -0.1932221 1.054412
v 0.01721745 -0.1595185 1.074872
v 0.02646104 -0.1635971 1.062799
v 0.06100499 -0.1389355 1.045871
v 0.04110018 -0.1519042 1.062865
v 0.03154968 -0.1539262 1.070708
v 0.03906487 -0.1394184 1.079151
v 0.0387446 -0.1247936 1.090804
v 0.03017921 -0.1326228 1.090903
v 0.06710057 -0.1205297 1.054452
v 0.06382503 -0.111447 1.07072
v 0.05801282 -0.1312165 1.063032
v 0.05711551 -0.116587 1.078069
v 0.05081322 -0.1265479 1.078244
v 0.04929397 -0.1108448 1.091269
v 0.05942099 -0.1000521 1.085816
v 0.04776001 -0.09746353 1.099329
v 0.01437299 -0.1370623 1.094998
v 0.02545852 -0.1440383 1.084908
v 0.0696436 -0.1274175 1.036697
v 0.07242556 -0.1129539 1.046235
v 0.07339443 -0.09704142 1.055026
v 0.06023066 -0.0613197 1.097767
v 0.06481764 -0.06972542 1.087997
v 0.06029179 -0.01951072 1.097028
v 0.054739 -0.04714837 1.106842
v 0.078545 -0.0914089 1.02276
v 0.07978405 0.0007214947 1.013988
v 0.07612988 -0.0008881043 1.049244
v 0.00958864 -0.1207125 1.105467
v -0.004127759 -0.1275932 1.104639
v 0.002614394 -0.09896674 1.118006
v -0.02028621 -0.1032218 1.119244
v -0.03216065 -0.1246738 1.10931
v 0.01299012 -0.07788905 1.124848
v 0.0243828 -0.06642584 1.124567
v 0.04128416 -0.08217186 1.109616
v 0.04833624 -0.06900218 1.109134
v 0.05527555 -0.07737844 1.100392
v 0.05686576 -0.09031464 1.093835
v 0.05169633 -0.05654873 1.109293
v 0.01206859 -0.05733017 1.136004
v 0.002627652 -0.06629564 1.135974
v 0.005612686 -0.04982998 1.145268
v 0.02705066 -0.05202978 1.128641
v 0.01492504 -0.0412463 1.14221
v 0.02164933 -0.03456515 1.13882
v -0.03760132 -0.06291229 1.156911
v -0.0543614 -0.05879416 1.168559
v -0.0197047 -0.06971467 1.14327
v -0.01112736 -0.08294179 1.130123
v -0.004127875 -0.06027163 1.144362
v -0.01174675 -0.05695069 1.152915
v -0.0160647 -0.05336684 1.160764
v -0.02648191 -0.06078785 1.156614
v -0.03467276 -0.05646495 1.169216
v -0.02954117 -0.05180958 1.177693
v -0.02025327 -0.05085701 1.168872
v -0.02079026 -0.04530128 1.18147
v 0.002383541 -0.04351387 1.15289
v -0.003992178 -0.04241357 1.160727
v 0.002256725 -0.02928976 1.162181
v 0.009908054 -0.02863403 1.15291
v -0.01183227 -0.04155772 1.172251
v -0.01421769 -0.03904476 1.182996
v -0.006574757 -0.0312721 1.177064
v -0.01208432 -0.03505863 1.190461
v -0.01931189 -0.04181474 1.192793
v 0.07645895 -0.08651995 1.041641
v 0.07338886 -0.07947168 1.059424
v 0.0328194 -0.03747919 1.128757
v 0.04475779 -0.02736455 1.119181
v 0.02754859 -0.02094832 1.136457
v 0.04958678 -0.005393069 1.111197
v 0.02247023 -0.005292804 1.142309
v 0.0335539 0.001590838 1.128695
v -0.004519623 -0.03398338 1.169423
v 0.004796214 -0.02097308 1.162867
v 0.006922845 -0.008423043 1.167609
v 0.0003134757 -0.02023285 1.173739
v 0.01475907 -0.01792353 1.15021
v 0.01288408 -0.006162827 1.156303
v 0.00127684 -0.01126232 1.181883
v -0.007319923 -0.02862756 1.189282
v 0.01283824 -0.0005775733 1.15734
v 0.0633923 0.06825788 1.091321
v 0.07017423 0.002495083 1.074697
v 0.07977609 0.09814972 0.9875706
v 0.07977992 -0.0949109 0.9967906
v 0.0780289 -0.1083627 1.018161
v 0.0760392 -0.1224924 1.008419
v 0.0460991 -0.1401857 1.070759
v -0.07446702 -0.1383996 1.105376
v -0.09414093 -0.1314176 1.105512
v -0.1071474 -0.1227741 1.105728
v 0.07893223 0.09466278 1.01692
v 0.05881007 0.1563976 0.9601715
v 0.05247089 0.1565215 1.036455
v 0.06768847 0.07960456 1.079805
v 0.06327748 0.08836506 1.08614
v 0.05801288 0.1326614 1.063032
v 0.06100507 0.1403803 1.045871
v 0.02646107 0.1650418 1.062799
v 0.01750566 0.161462 1.074125
v 0.0162685 0.1710908 1.062286
v 0.01996916 0.1766379 1.048651
v 0.05988332 0.09980612 1.086071
v 0.05584579 0.084237 1.098007
v 0.05408679 0.1043332 1.090874
v 0.05060109 0.09352719 1.099195
v 0.04609909 0.1416304 1.07076
v 0.05083612 0.1280362 1.07817
v 0.04132087 0.1315526 1.084989
v 0.04731114 0.1158364 1.090824
v 0.03184623 0.1228463 1.097144
v 0.03154964 0.1553711 1.070708
v 0.02142042 0.1524901 1.081105
v 0.01466892 0.1170171 1.106845
v 0.01375471 0.1386549 1.095135
v 0.02803121 0.1398463 1.08792
v 0.03638044 0.1443298 1.078131
v 0.035145 0.09503011 1.10872
v 0.04221667 0.1077423 1.099043
v -0.05905177 0.2058378 0.9737982
v -0.07001474 0.2022139 0.9687485
v -0.08280157 0.199414 0.9987199
v -0.1182541 0.1630629 0.9991272
v -0.112644 0.1662105 0.967812
v -0.1181338 0.1550912 0.9724831
v -0.04505913 0.1966691 1.054414
v -0.1196129 0.1349042 0.9543303
v -0.01992786 0.1866836 1.062736
v 0.009599153 0.1813826 1.049028
v -0.06140779 0.1959133 1.054415
v -0.06356248 0.2017124 1.036807
v -0.08279008 0.1804435 1.071599
v -0.06432161 0.1861684 1.070563
v -0.07531228 0.1884856 1.062739
v -0.07302855 0.1966422 1.04579
v -0.07149775 0.2017682 1.027574
v -0.08734287 0.1878233 1.054424
v -0.09664138 0.1749046 1.069318
v -0.08385441 0.1982063 1.018031
v -0.08535364 0.1944525 1.036753
v -0.1028713 0.1650735 1.077175
v -0.1092999 0.1646616 1.069833
v -0.09964093 0.18013 1.054488
v -0.1073886 0.1736978 1.054503
v -0.1016987 0.183783 1.036719
v -0.09581938 0.1906262 1.018145
v -0.1025342 0.1854909 1.009458
v -0.1055467 0.1779232 0.9732324
v -0.1091826 0.1783447 1.009537
v -0.1122539 0.1730442 1.036854
v -0.1143985 0.1663101 1.054518
v -0.1161692 0.1573871 1.069857
v -0.1149557 0.1704455 1.009651
v -0.1206778 0.1616619 1.033442
v -0.1249401 0.1515398 1.050473
v -0.1204862 0.158127 1.054532
v -0.1289464 0.1382643 1.067464
v -0.1221893 0.1492682 1.069875
v -0.1248115 0.1515369 1.019348
v -0.1299006 0.1396378 1.045501
v -0.1356788 0.1096184 1.075091
v -0.1334671 0.124044 1.069248
v -0.1347401 0.1170663 1.062472
v -0.1273533 0.142719 1.018968
v -0.1205328 0.1464486 0.9726039
v -0.1349363 0.10871 1.085102
v -0.136093 0.09924675 1.087367
v -0.1319069 0.125218 1.077422
v -0.09286477 0.1652768 1.084247
v -0.1114706 0.1526816 1.083244
v -0.1180574 0.145498 1.083278
v -0.1237654 0.1375668 1.083316
v -0.1291469 0.1253909 1.086068
v -0.1222695 0.1273063 1.094576
v -0.112119 0.1289634 1.100949
v -0.1086528 0.1479686 1.090304
v -0.1296058 0.1096018 1.097512
v -0.1354401 0.08442702 1.099353
v -0.133635 0.0989463 1.09714
v -0.1329304 0.1126568 1.088622
v 0.07332934 0.08072792 1.059808
v 0.07710965 0.08933043 1.036613
v 0.05139717 0.03919176 1.11139
v 0.04372535 0.00929718 1.118012
v 0.0228528 0.01237637 1.141986
v 0.007514235 0.08415253 1.124561
v 0.01934874 0.07563207 1.123777
v 0.0005099389 0.1330349 1.101646
v -0.02017264 0.1030147 1.120168
v -0.006785456 0.09177285 1.124582
v -0.0290484 0.08857954 1.13005
v -0.01578096 0.07759938 1.136311
v -0.03508774 0.07547968 1.141922
v 0.01122672 0.008311504 1.159305
v 0.01830748 0.007626927 1.147682
v 0.006228145 0.01136938 1.168268
v 0.005304772 0.001325223 1.173585
v 0.01218257 0.02277287 1.152597
v 0.003666174 0.02259476 1.164393
v 0.03905081 0.02234098 1.125115
v 0.02599333 0.02539659 1.137381
v 0.0007436946 0.01487055 1.181923
v -0.0007359795 0.0137273 1.194575
v 0.001804568 -0.001813716 1.186102
v -0.004001196 0.02407442 1.189257
v -0.000286039 0.02182357 1.175823
v -0.004638463 0.02464943 1.20112
v 0.05701933 0.1180705 1.078181
v 0.0444644 0.07653794 1.11001
v 0.02856616 0.06135545 1.124752
v 0.02753035 0.04122941 1.132273
v 0.009366322 0.03599183 1.150664
v 0.00307681 0.04723135 1.150256
v -0.006096132 0.04476618 1.162212
v -0.001257654 0.03347872 1.165582
v -0.00324617 0.05541262 1.149063
v -0.01728192 0.0514697 1.166192
v -0.007399973 0.03533657 1.175299
v -0.03731567 0.06460649 1.156498
v -0.02842612 0.06257305 1.156836
v -0.020253 0.06937518 1.145389
v -0.0004049316 0.06982096 1.136021
v -0.007060625 0.06268512 1.145267
v -0.02018381 0.05917943 1.157248
v -0.038349 0.05843453 1.169444
v -0.02716187 0.05468382 1.17091
v 0.009539086 0.06139635 1.136029
v -0.01223714 0.04425956 1.171346
v -0.009486176 0.0344339 1.184146
v -0.01644611 0.04387849 1.179951
v -0.02430182 0.04783897 1.187057
v -0.0245187 0.05021983 1.178933
v -0.03583327 0.05566011 1.176114
v -0.02490233 0.1297767 1.106835
v -0.02753512 0.1741656 1.080654
v -0.03028695 0.1946326 1.054418
v -0.04568566 0.1736233 1.084758
v -0.06053033 0.1739206 1.084766
v -0.06656187 0.1582133 1.095973
v -0.08147556 0.1550901 1.095996
v -0.08723193 0.1358554 1.105498
v -0.09996541 0.1299037 1.10537
v -0.1239383 0.1065394 1.105236
v -0.1286314 0.08800135 1.109245
v -0.1322756 0.08294591 1.10667
v -0.1298808 0.06507434 1.115698
v -0.07565092 0.1054652 1.121108
v -0.08973773 0.1016547 1.121188
v -0.08561151 0.08730774 1.12989
v -0.07299936 0.09070043 1.129406
v -0.08646289 0.07174901 1.14163
v -0.05262562 0.1584758 1.095956
v -0.073788 0.1396722 1.105364
v -0.09976105 0.09598415 1.121519
v -0.1091132 0.08391199 1.123874
v -0.1135843 0.1098964 1.109784
v -0.1159992 0.06995006 1.126564
v -0.07654727 0.1711711 1.084781
v -0.09682839 0.1486572 1.095863
v -0.1201662 0.0516181 1.130872
v -0.133905 0.06684241 1.107905
v -0.1281639 0.04377538 1.121725
v -0.1144254 0.02807111 1.144618
v -0.1079026 0.06283855 1.136302
v -0.1042536 0.07470053 1.131303
v -0.09522927 0.08120859 1.131117
v -0.06071347 0.1404968 1.105423
v -0.1323583 0.05331801 1.111695
v -0.05463006 0.06000098 1.16913
v -0.0558116 0.06562454 1.155677
v -0.03649334 0.1597689 1.093415
v -0.04498257 0.1465665 1.101737
v -0.06119044 0.1018875 1.122793
v 0.01356863 0.1485943 1.087965
v -0.07203418 0.08067507 1.136498
v -0.07100245 0.07252676 1.144604
v -0.05425732 0.05777912 1.17757
v -0.04954011 0.05567131 1.189184
v -0.0372652 0.05385827 1.186564
v -0.05020484 0.05551963 1.200988
v -0.04016644 0.0536468 1.201158
v -0.03226605 0.05083077 1.20114
v -0.07990141 0.07364671 1.141805
v -0.08164028 0.06416313 1.152694
v -0.09263903 0.05823095 1.152836
v -0.084231 0.05592228 1.163468
v -0.09015568 0.05174958 1.163687
v -0.1140729 0.0547351 1.135733
v -0.1119295 0.02492957 1.14991
v -0.1094434 0.03455675 1.151139
v -0.1111283 0.04201907 1.145264
v -0.1006353 0.03988728 1.162874
v -0.1016365 0.03557674 1.165403
v -0.09287962 0.04553988 1.169982
v -0.06776927 0.05747525 1.173111
v -0.07656852 0.05488138 1.173459
v -0.07361308 0.06188031 1.160108
v -0.08379357 0.05042209 1.175855
v -0.09655025 0.03832803 1.175808
v -0.08807688 0.04505502 1.183232
v -0.07241581 0.06644179 1.152514
v -0.03213884 0.1673804 1.087458
v -0.1080764 0.02633992 1.157899
v 0.02123876 0.04560208 0.7850341
v 0.04052318 0.06412604 0.8307427
v 0.02179549 -0.04474668 0.7864937
v 0.01079271 0.04014757 0.7587492
v 0.01047236 -0.03857226 0.7578755
v 0.003311578 0.03878527 0.7373841
v -0.001333535 0.04746927 0.7278847
v -0.005755268 0.05686488 0.7287062
v -0.0110426 0.05058382 0.7011166
v -0.0122816 0.06378888 0.7282602
v -0.01523525 0.05391254 0.7011205
v -0.01681106 0.07016276 0.7343552
v -0.02630711 0.07101251 0.7282549
v -0.09953579 0.06694689 0.701117
v 0.002670679 0.05760298 0.7497768
v -0.00542552 0.06954788 0.7498865
v -0.01323534 0.08044073 0.7568272
v -0.01992 0.0838621 0.7559997
v -0.02881796 0.08170218 0.7464136
v -0.003591813 0.08358545 0.7723877
v 0.003457509 0.07022648 0.7655338
v 0.01507726 0.06454102 0.7817659
v 0.008907612 0.04896542 0.757718
v 0.03168467 0.1216895 0.8548138
v 0.00751951 0.08600533 0.7892625
v 0.00454909 0.09976032 0.8008481
v 0.02186323 0.05911372 0.7911028
v 0.04743584 0.08773338 0.8530737
v 0.05533317 0.0030375 0.868722
v 0.05584352 0.08034933 0.868971
v 0.06673484 -0.001573324 0.9037854
v 0.06686024 0.08309768 0.9026842
v 0.04390318 0.09982928 0.853807
v 0.06361245 0.09599588 0.8940178
v 0.07714915 0.09797248 0.9517674
v 0.0785245 -0.09798638 0.9655983
v 0.06011034 0.1057111 0.8897996
v 0.0140967 0.07812708 0.7909274
v 0.03861552 0.1110929 0.854237
v 0.01035288 0.1521505 0.8715409
v 0.022005 0.1607211 0.8956544
v 0.01726064 0.1421874 0.8628239
v 0.03492678 0.1472826 0.8894429
v 0.07780023 0.1123177 0.9650715
v 0.0697166 0.1356663 0.95155
v 0.07606952 0.1254548 0.9792091
v 0.07882789 0.1126371 0.9889285
v 0.0760392 0.1239372 1.008419
v 0.0780289 0.1098075 1.018161
v 0.07242559 0.1143987 1.046235
v 0.07339443 0.09848627 1.055026
v 0.06754534 0.1015535 1.07069
v 0.06382506 0.1128919 1.070719
v 0.06710055 0.1219747 1.054452
v 0.06964363 0.1288623 1.036697
v 0.07203689 0.1354289 1.00838
v 0.07201034 0.1371306 0.979167
v 0.04897571 0.1621148 0.9420876
v 0.03820121 0.1666694 0.9294276
v 0.02705795 0.166118 0.9114386
v 0.01079327 0.1689206 0.9009237
v 0.06603934 0.1476578 0.9694883
v 0.06703535 0.1473617 0.9888294
v 0.01766802 0.05117839 1.136055
v 0.03834829 0.1747351 0.9568699
v -0.08749694 0.08014577 0.7273765
v -0.006984174 0.1002001 0.7903497
v -0.01250301 0.1389365 0.8381668
v -0.01619197 0.1047186 0.789262
v -0.0006212406 0.1365618 0.8416322
v 0.02305922 0.1299849 0.853766
v -0.06921654 0.1084007 0.7752634
v -0.04038452 0.1358605 0.8213727
v -0.05133312 0.1483108 0.8351721
v -0.0944047 0.07917802 0.726818
v -0.1050383 0.06556602 0.7011164
v -0.1035868 0.0711279 0.7157541
v -0.1089223 0.06208715 0.7011203
v -0.09749837 0.08093267 0.7334971
v -0.1114068 0.06325933 0.7463401
v -0.1094331 0.06867255 0.7348705
v -0.1046408 0.07569149 0.7334901
v -0.07760105 0.09702616 0.7569981
v -0.08613694 0.09598356 0.7571185
v -0.09719665 0.0902235 0.7556825
v -0.1060673 0.07913952 0.7495483
v -0.1019104 0.09333765 0.772779
v -0.09440335 0.1081345 0.7887164
v -0.08777764 0.1118286 0.7877472
v -0.0760006 0.1224326 0.7980781
v -0.1114642 0.09173715 0.8312408
v -0.1108529 0.07762347 0.7823067
v -0.1060599 0.08759553 0.7729002
v -0.1092688 0.08369241 0.7811003
v -0.1043128 0.1054177 0.805369
v -0.09942132 0.1103654 0.8020799
v -0.03022508 0.155335 0.8532922
v -0.001003772 0.1557005 0.8695047
v -0.0241433 0.1571904 0.8610197
v -0.01705773 0.1691931 0.8838455
v -0.01760892 0.1773068 0.8975418
v -0.02463542 0.1865177 0.9110035
v -0.05676731 0.1702329 0.8709981
v -0.06315006 0.1511759 0.8401327
v -0.06831528 0.1680665 0.8711668
v -0.07547552 0.1528533 0.848154
v -0.09940065 0.1468899 0.8706849
v -0.09336817 0.1459361 0.8566247
v -0.1051979 0.1495787 0.8932344
v -0.1102709 0.1455997 0.9059113
v -0.0894791 0.1650421 0.8872804
v -0.08678725 0.1503216 0.8546725
v -0.07815543 0.1723181 0.8872656
v -0.1083287 0.1084656 0.827812
v -0.1121528 0.1288506 0.8887118
v -0.1116623 0.1062798 0.8507549
v -0.1145028 0.1237221 0.9020879
v -0.0994079 0.1626378 0.903523
v -0.06412351 0.1850712 0.9036908
v -0.0378973 0.1817888 0.8939142
v -0.0456757 0.1702307 0.8708419
v -0.05143484 0.1870335 0.9036217
v -0.03530842 0.1684352 0.8708683
v -0.03815492 0.1896476 0.9110805
v -0.04155765 0.1965566 0.9283923
v -0.05466191 0.1963187 0.9288482
v -0.06858966 0.193016 0.9284457
v -0.07480285 0.1958374 0.9463452
v -0.08939773 0.1782881 0.9180726
v -0.07637714 0.1835166 0.9109893
v -0.1054803 0.168119 0.9377331
v -0.09760876 0.1777465 0.9381302
v -0.08870298 0.1878507 0.946215
v -0.08215551 0.1867892 0.9283533
v -0.1067428 -0.06291281 0.7011189
v -0.1043126 -0.0721808 0.7261267
v -0.1095546 -0.05996261 0.7011166
v -0.09154036 -0.09239257 0.7568551
v -0.09566449 -0.08005618 0.7329171
v -0.08052939 -0.112486 0.7862926
v -0.08572908 -0.09426564 0.7566253
v -0.1008023 -0.06543273 0.7011216
v -0.0695595 -0.1067536 0.7749568
v -0.08247321 -0.08604933 0.7407409
v -0.05389676 -0.103213 0.7743068
v -0.02581514 -0.06890403 0.7272874
v -0.1112424 -0.07287475 0.7837337
v -0.1113445 -0.06077998 0.7372767
v -0.1100005 -0.08043143 0.783069
v -0.07317168 -0.1132613 0.7851627
v -0.09682117 -0.08951864 0.7570659
v -0.08777835 -0.1102376 0.7874596
v -0.1113401 -0.09385952 0.8266871
v -0.1098516 -0.1094681 0.8419572
v -0.1067765 -0.09567146 0.7979658
v -0.1090379 -0.07179997 0.7495833
v -0.1067248 -0.07289033 0.7387792
v -0.1031279 -0.09171239 0.7756035
v -0.09448878 -0.1064403 0.7883605
v -0.09112237 -0.146683 0.856795
v -0.08168201 -0.1520578 0.8546776
v -0.07315296 -0.1486446 0.8422358
v -0.1020072 -0.1059453 0.8024516
v -0.06131101 -0.1465493 0.8345444
v -0.04622174 -0.1470513 0.8366839
v -0.03751171 -0.1318341 0.8204874
v -0.0283835 -0.100917 0.7792993
v -0.005712356 -0.05438151 0.7270066
v 0.006532419 -0.0499165 0.7533305
v -0.01023732 -0.0481628 0.7011155
v -0.01423272 -0.05178163 0.701125
v -0.00725957 -0.06455292 0.7414129
v -0.0009474121 -0.06248732 0.7499152
v 0.01497681 -0.06288666 0.7814283
v 0.02162801 -0.05749545 0.7905479
v -0.02837498 -0.08002361 0.7461997
v -0.01742364 -0.0695084 0.7352266
v -0.02005281 -0.08441056 0.758996
v -0.01324915 -0.07949011 0.7575591
v -0.003673926 -0.08232473 0.7725282
v 0.002584204 -0.07556758 0.7725212
v 0.01204725 -0.09083759 0.8014936
v 0.01817885 -0.08190734 0.8014858
v 0.0438542 -0.09836031 0.8537197
v 0.04740771 -0.08636154 0.8530777
v -0.1124566 -0.110753 0.8688985
v -0.1073588 -0.1464792 0.8971843
v -0.09924862 -0.1457326 0.870843
v -0.1014551 -0.08576077 0.7572634
v -0.04516694 -0.1655481 0.8651679
v -0.05679337 -0.1689208 0.8712442
v -0.0683136 -0.1667937 0.8714899
v -0.0255678 -0.1532739 0.8565261
v -0.03035664 -0.1542709 0.8537233
v -0.04023407 -0.1341384 0.8212196
v -0.0781424 -0.1710699 0.887666
v -0.0894632 -0.1639206 0.8879395
v -0.1137377 -0.1500228 0.9366086
v -0.03767246 -0.1781463 0.8895114
v -0.05471839 -0.1852681 0.9034281
v -0.06752078 -0.1825644 0.9033363
v -0.09943095 -0.1616657 0.9046705
v -0.1144172 -0.1371826 0.9190055
v -0.1242473 -0.1446322 0.9987292
v -0.1302147 -0.1360016 1.03895
v -0.1345362 -0.1168711 1.060061
v -0.1108658 -0.1691962 0.9743204
v -0.1104438 -0.1614793 0.9459897
v -0.1033576 -0.1828346 1.018304
v -0.1074291 -0.1775679 0.9933715
v -0.1010096 -0.1845388 0.9931953
v -0.1021096 -0.1788469 0.9651058
v -0.1030748 -0.1702053 0.9388944
v -0.09556991 -0.1793881 0.9411364
v -0.06199728 -0.1933527 0.928236
v -0.07538567 -0.1889334 0.9285575
v -0.09588253 -0.1814236 1.054582
v -0.09207667 -0.1919649 1.018278
v -0.09390241 -0.1906462 0.9930683
v -0.0890886 -0.1904504 0.9650319
v -0.08182955 -0.1909136 0.9464955
v -0.09153404 -0.1761699 0.9211798
v -0.08337467 -0.1811631 0.9183336
v -0.09380378 -0.1881176 1.036956
v -0.02811362 -0.1859001 0.9100892
v -0.04415209 -0.1887242 0.9111176
v -0.02121678 -0.174922 0.8930796
v -0.01424878 -0.16773 0.8859835
v 0.01025904 -0.167149 0.8998489
v -0.01645591 -0.1018977 0.7871348
v -0.001328889 -0.1345784 0.8404069
v 0.009490419 -0.1294363 0.8419442
v -0.007637493 -0.09698941 0.7873983
v 0.004585989 -0.09865104 0.8012744
v -0.01022753 -0.1429473 0.8469278
v 0.007112671 -0.1532532 0.8728965
v 0.01995954 -0.144796 0.8712991
v 0.02037303 -0.1624406 0.8997026
v 0.02300918 -0.128288 0.8534029
v 0.03144592 -0.1196552 0.8538669
v 0.0442596 -0.1357328 0.8894294
v 0.007730372 -0.0680114 0.7724757
v 0.04229224 -0.06432773 0.8348491
v 0.05600181 -0.07900944 0.8694265
v -0.02430694 -0.1663135 0.8759066
v 0.03464621 -0.1621502 0.9164773
v 0.02887584 -0.171161 0.9289126
v 0.03485039 -0.1475271 0.8915846
v 0.05139522 -0.146035 0.9166145
v 0.06278709 -0.123691 0.9128125
v 0.043526 -0.1546992 0.9165765
v 0.04921198 -0.1605235 0.942323
v 0.05663424 -0.1521035 0.9422235
v 0.0640559 -0.1431403 0.9468164
v 0.06603935 -0.1462129 0.9694886
v 0.07041509 -0.1341226 0.9559836
v 0.07201032 -0.1356857 0.9791669
v 0.06703535 -0.1459168 0.9888294
v 0.07203688 -0.1339841 1.00838
v 0.06681639 -0.1440296 1.008278
v 0.05812548 -0.136145 0.9165002
v 0.06699026 -0.1298292 0.9332153
v 0.07448733 -0.1223136 0.9560397
v 0.0786754 -0.1119479 0.9789724
v 0.0760695 -0.12401 0.9792089
v 0.06893577 -0.100816 0.9129465
v 0.06906226 -0.1158851 0.9233452
v 0.06051106 -0.1017531 0.8892508
v 0.07081002 -0.08822498 0.9177026
v 0.06413589 -0.0879228 0.8938445
v -0.04887544 -0.06565654 1.08452
v -0.04875407 -0.03555394 1.047751
v -0.04889458 -0.03521357 1.020177
v -0.04887982 0.00616912 1.114803
v -0.0487962 -0.005202763 1.114573
v -0.0489451 0.0007227243 1.133202
v -0.0487664 0.004195704 1.111403
v -0.04875058 -0.002693272 1.111099
v -0.04896472 -0.1398222 1.099125
v -0.04894567 -0.1088729 1.112361
v -0.04885196 -0.064805 1.110293
v -0.04883586 -0.01861569 1.011406
v -0.04890788 -0.19503 0.9456441
v -0.04887004 -0.1873957 0.9214289
v -0.04880838 0.1888209 0.9211923
v -0.04874782 0.0197587 1.011662
v -0.04891141 0.1964706 0.94565
v -0.04894723 -0.0918531 1.121111
v -0.0489231 0.03641148 1.020101
v -0.04884277 0.03727989 1.047172
v -0.0489265 0.06686062 1.08515
v -0.04875123 0.03575145 1.050645
v -0.04868578 0.04651816 1.068273
v -0.04887277 0.06601609 1.108327
v -0.04883708 -0.03355399 1.051633
v -0.04894819 -0.07996893 1.12942
v -0.04884447 -0.06185673 1.114783
v -0.04872006 -0.04452214 1.067417
v -0.04882408 -0.1998928 1.02202
v -0.04895826 -0.198438 1.030458
v -0.0489494 -0.1655902 1.083845
v -0.04894759 -0.1541937 1.091585
v -0.0489649 -0.1939759 1.045033
v -0.04900603 -0.1875123 1.058732
v -0.04894923 -0.1778644 1.07219
v -0.04894494 0.09144168 1.122298
v -0.04887712 0.06591859 1.112544
v -0.04894586 0.0813904 1.129502
v -0.04889445 0.06309605 1.11511
v -0.04894963 0.166968 1.083893
v -0.04894248 0.1813267 1.069853
v -0.04896681 0.1426496 1.098526
v -0.04894605 0.155324 1.0918
v -0.04894479 0.1071138 1.113835
v -0.04884253 0.04345624 1.065897
v -0.04883543 -0.04141118 1.066067
v -0.04892346 -0.002192355 1.084007
v -0.04886595 0.004475028 1.083956
v -0.04872933 0.0006274226 1.06697
v -0.0489523 0.1920181 1.052719
v -0.04898674 0.1975336 1.039127
v -0.04880558 0.2014119 1.02173
v -0.09386427 -0.09945676 0.787531
v -0.09808722 -0.1032168 0.8039782
v -0.09140044 -0.153161 0.8836124
v -0.04466964 0.1476713 0.8446831
v -0.06793525 0.1039593 0.7779387
v -0.05361068 0.1014453 0.7787538
v -0.113116 0.03420039 1.136561
v -0.1101542 0.04262602 1.138121
v -0.1014512 0.03846009 1.152157
v -0.009433173 0.03317672 1.1688
v -0.004828863 0.0376331 1.158008
v 0.003869619 0.02494049 1.154146
v -0.0751479 0.1969035 0.9879116
v -0.06459273 0.2007246 0.9880401
v -0.07191364 0.1987171 1.004498
v 0.006530721 -0.02089676 1.151692
v -0.003102362 -0.03279804 1.158119
v 0.0005225614 -0.01879893 1.161212
v -0.03965998 -0.05159462 1.169978
v -0.04582696 -0.04974299 1.181151
v -0.03639133 -0.0475262 1.181376
v -0.08678795 -0.04295208 1.169482
v -0.08415984 -0.04069345 1.181129
v -0.07919356 -0.04603807 1.174561
v -0.09021497 -0.03733875 1.173626
v -0.09187334 -0.04291449 1.161508
v -0.09267399 -0.08786856 0.7611163
v -0.1000528 -0.08134923 0.7611169
v 0.00701059 -0.06302987 0.777279
v 0.0004892386 -0.05900839 0.7611166
v 0.0006709732 -0.07357109 0.7778376
v -0.008468218 -0.07084976 0.7611238
v 0.006403513 -0.009241416 0.761117
v 0.008268204 0.04019633 0.7660875
v 0.006342992 0.04060357 0.7611167
v 0.01432376 0.05418208 0.7851285
v 0.004361469 0.05120822 0.7611168
v 0.002613399 0.07075986 0.7758127
v -0.002349421 0.06519548 0.7611166
v 0.01329013 0.06354539 0.7884725
v -0.01444728 0.08856114 0.7774408
v -0.01207681 0.07564326 0.7611165
v -0.006683238 0.08285359 0.7776368
v -0.03109397 0.08518885 0.7611241
v -0.02159884 0.08172632 0.761117
v -0.01976002 0.09567659 0.7833335
v -0.0764859 0.1041245 0.7782396
v -0.08770183 0.09175084 0.7611169
v -0.07599933 0.09384669 0.7611176
v -0.1047516 0.08613411 0.7927822
v -0.1061961 0.0686217 0.7611168
v -0.1022489 0.0795548 0.7611186
v -0.1243666 0.1337747 1.022578
v -0.117999 0.1295922 0.9774018
v -0.1129365 0.1316978 0.939169
v -0.1265383 0.1255022 1.034399
v -0.1219689 0.1256716 1.002831
v -0.1286498 0.1212765 1.052123
v -0.08621463 0.03918422 1.191107
v -0.08525345 0.04083333 1.183743
v -0.0747389 0.04656448 1.191103
v -0.07688215 0.04671014 1.181321
v -0.06834123 0.05006708 1.181316
v -0.06243914 0.05020968 1.191109
v -0.05425624 0.05191379 1.181153
v -0.05218028 0.05094862 1.191112
v -0.0419964 0.05039223 1.181838
v -0.003780775 -0.0005728831 1.191103
v -0.00442047 0.008375667 1.191104
v -0.003202401 0.01037848 1.181167
v -0.0287467 -0.04246558 1.191079
v -0.03764031 -0.04673701 1.191106
v -0.06837431 -0.04858702 1.181396
v -0.07980084 -0.04231948 1.191045
v -0.06801312 -0.04762042 1.191105
v -0.09024365 -0.03404943 1.191109
v -0.09045228 -0.03418078 1.18406
v -0.1041624 -0.0302846 1.151401
v -0.1088603 -0.02473156 1.144484
v -0.09683292 -0.03212584 1.165126
v -0.1123418 -0.02215864 1.138227
v -0.1230112 -0.03979814 1.120617
v -0.1284586 -0.06385192 1.108487
v -0.1271766 -0.05194931 1.11162
v -0.1255539 -0.1244848 1.02719
v -0.1279407 -0.122019 1.04545
v -0.1235206 -0.1367294 1.021725
v -0.1173801 -0.1341669 0.9744862
v -0.04737667 0.197056 0.9476788
v -0.04894508 0.1970385 0.9479065
v -0.05737254 0.1948671 0.942963
v -0.04916012 0.1989458 0.9562864
v -0.05107075 0.1991326 0.9578814
v -0.05431484 0.1988672 0.9583218
v -0.02629229 0.1625088 0.8761132
v -0.01562264 0.1645781 0.887897
v -0.02375747 0.1729817 0.896032
v -3.469363e-05 0.1509757 0.8723074
v -0.01040435 0.1366641 0.8447984
v 0.002659503 0.1339368 0.8492925
v 0.01092912 0.1378779 0.8613459
v 0.03486095 0.0817664 0.8374141
v 0.03051467 0.09880641 0.8417689
v 0.01482881 -0.07857286 0.8034952
v 0.02748696 -0.1059819 0.8447793
v 0.03451265 -0.08252145 0.8377613
v 0.01899618 -0.0690989 0.8030432
v -0.03220978 -0.1786243 0.904452
v -0.02103189 -0.1691549 0.8933004
v -0.03529219 -0.1653296 0.878171
v -0.05382973 -0.1974625 0.9581617
v -0.05064695 -0.1976994 0.9577562
v -0.04903945 -0.1974161 0.9558536
v -0.0489451 -0.1955936 0.9479065
v -0.05771188 -0.1933262 0.9428868
v -0.04743705 -0.1955926 0.9476236
v -0.05930324 -0.1886165 0.9283312
v -0.0559723 -0.1991835 0.9680567
v -0.05570881 -0.1975077 0.9597692
v -0.06438722 -0.1992996 0.9873189
v -0.05595418 -0.2013068 0.9985256
v -0.05373052 -0.2011938 1.008047
v -0.05553057 -0.2010089 1.006973
v -0.06439592 -0.1994533 1.008624
v -0.04898258 -0.201337 1.010663
v -0.05050398 -0.2014003 1.008337
v -0.04719061 -0.200277 1.019822
v -0.04894485 -0.2002938 1.019521
v -0.06022166 -0.1670874 1.082785
v -0.06393679 -0.1068635 1.114391
v -0.03153128 -0.07987211 1.129453
v -0.02121475 -0.06918286 1.137031
v -0.01161184 -0.07492813 1.129744
v -0.00522729 -0.0606263 1.137534
v 0.005247332 -0.06215077 1.130716
v 0.01340111 0.03710968 1.139038
v 0.01723808 0.04720183 1.131733
v 0.02340895 0.02963179 1.132317
v 0.001225829 0.05690747 1.137406
v 0.005537823 0.06385724 1.130672
v -0.01843946 0.06931415 1.137283
v -0.01140977 0.07606668 1.129768
v -0.008336727 0.06407502 1.13753
v -0.03260002 0.07272092 1.137497
v -0.02960587 0.08161807 1.129356
v -0.06730734 0.1037134 1.116632
v -0.05953122 0.1689797 1.082469
v -0.04686556 0.2017322 1.019737
v -0.04894903 0.2017999 1.019471
v -0.05417259 0.202717 1.007807
v -0.05120968 0.2030351 1.007914
v -0.04906199 0.2027922 1.010068
v -0.05585031 0.1990306 0.9603037
v -0.06471596 0.1978461 0.9631537
v -0.1299026 -0.100047 1.090578
v -0.1280316 -0.1117528 1.086464
v -0.1293535 -0.1145288 1.077699
v -0.1301928 -0.1129189 1.067939
v -0.1310272 -0.100076 1.085134
v -0.1301917 -0.08420432 1.098745
v -0.1253109 -0.09294954 1.102612
v -0.1202439 -0.1110162 1.098075
v -0.1266365 -0.1076009 1.092844
v -0.1209995 -0.120641 1.091252
v -0.12424 -0.1237181 1.083633
v -0.1177664 -0.136021 1.082337
v -0.114037 -0.1312745 1.090461
v -0.108297 -0.1466025 1.082412
v -0.103358 -0.1446487 1.087871
v -0.1003007 -0.1580182 1.077202
v -0.06458262 -0.1981673 1.02067
v -0.06566845 -0.1947228 1.036434
v -0.06738099 -0.1891598 1.051299
v -0.06310845 -0.1819953 1.065818
v -0.06418192 -0.175373 1.074116
v -0.07457046 -0.169753 1.078036
v -0.07717068 -0.1581933 1.087596
v -0.07630053 -0.1404915 1.098539
v -0.06230111 -0.153954 1.092023
v -0.1272316 -0.07414557 1.107622
v -0.1026656 -0.1315145 1.096905
v -0.1064697 -0.1119515 1.1053
v -0.09275214 -0.09624779 1.116983
v -0.08489564 -0.06851317 1.136928
v -0.0835624 -0.08355655 1.125794
v -0.09443507 -0.0711605 1.131008
v -0.1023058 -0.08956178 1.117267
v -0.1097342 -0.07650194 1.120333
v -0.1010814 -0.06788687 1.12987
v -0.117763 -0.0488575 1.126253
v -0.1104381 -0.03956881 1.138336
v -0.1083788 -0.04767123 1.136819
v -0.1014551 -0.03847504 1.151283
v -0.1012403 -0.05006995 1.142551
v -0.1067207 -0.05945704 1.131501
v -0.1152662 -0.06061891 1.124012
v -0.09145026 -0.04806276 1.155399
v -0.09383728 -0.0538896 1.14641
v -0.09625261 -0.05973308 1.139061
v -0.07783154 -0.05040902 1.165553
v -0.07323396 -0.111608 1.112097
v -0.0707707 -0.09119342 1.122424
v -0.0879044 -0.08815388 1.12225
v -0.07240888 -0.08123516 1.128729
v -0.07333203 -0.07022645 1.13784
v -0.09460089 -0.03109822 1.173865
v -0.09820592 -0.02432454 1.178379
v -0.05506708 -0.0492826 1.19109
v -0.06972533 -0.05300114 1.165443
v -0.08225539 -0.05758623 1.150308
v -0.1163274 -0.1016126 1.105453
v -0.1118636 -0.1235967 1.096801
v -0.07297529 -0.06024483 1.150292
v -0.0372747 -0.06902329 1.140452
v -0.05483022 -0.05184679 1.174093
v -0.05553031 -0.0558962 1.16189
v -0.05680123 -0.06170285 1.149942
v -0.03099211 -0.04790633 1.173557
v -0.02840111 -0.0548108 1.157464
v -0.03954167 -0.05672746 1.157973
v -0.03520594 -0.06325339 1.147388
v -0.02563862 -0.04721239 1.169527
v -0.01809738 -0.04711092 1.161643
v -0.02302399 -0.04198167 1.177831
v -0.002271157 -0.04191274 1.150337
v 0.007327273 -0.03727925 1.143909
v 0.003051255 -0.0498011 1.140102
v -0.008436177 -0.04861339 1.150263
v -0.01580542 -0.05408451 1.150247
v -0.01879077 -0.06182168 1.143432
v 0.01599796 -0.04792877 1.13169
v 0.02234231 -0.03224377 1.132208
v 0.0129551 -0.02555705 1.142901
v -0.01620435 -0.04182686 1.166932
v -0.01412363 -0.03555228 1.172938
v -0.02160549 -0.03879193 1.18384
v -0.01615217 -0.03336293 1.183662
v -0.01924852 -0.03579309 1.191085
v -0.04548541 -0.04875465 1.191109
v 0.01794686 -0.004940204 1.140087
v 0.02457456 -0.01848287 1.132729
v 0.01753659 -0.01458592 1.140144
v 0.003432106 -0.01014908 1.161378
v 0.01043325 -0.006277404 1.150422
v 0.000228513 -0.01024547 1.169289
v -0.005237576 -0.02487885 1.167712
v -0.002557021 -0.00307483 1.182
v -0.004110061 -0.01203268 1.18154
v -0.005070396 -0.01030997 1.1911
v -0.007342257 -0.01790417 1.188753
v -0.01112571 -0.02651469 1.183668
v -0.01164218 -0.02612435 1.191101
v -2.233684e-05 0.001118784 1.17367
v -0.008753847 -0.02607194 1.175263
v 0.005277466 -0.0009576948 1.16133
v 0.01009003 0.005481902 1.152012
v -0.08307703 0.1935366 0.9969406
v -0.120491 0.1494249 1.023307
v -0.1253779 0.1361848 1.039669
v -0.1207452 0.1435132 1.007815
v -0.1157405 0.1533232 0.9898803
v -0.1164692 0.1544581 1.056633
v -0.1178898 0.1561621 1.030951
v -0.1112925 0.1662963 1.03759
v -0.111015 0.1675873 1.014381
v -0.1134726 0.1611056 0.9981467
v -0.1073025 0.1689381 0.9834423
v -0.1039054 0.1693836 1.055999
v -0.1106307 0.1623067 1.0563
v -0.1006312 0.1791465 1.030082
v -0.1053757 0.175144 1.014111
v -0.09732288 0.1829482 0.9972482
v -0.1019169 0.1761537 0.9823529
v -0.1289182 0.1216712 1.068795
v -0.1302602 0.1137365 1.068975
v -0.09466054 0.1717151 1.065753
v -0.09588905 0.1773504 1.051888
v -0.09328064 0.1851753 1.02986
v -0.0904368 0.1887136 0.9970779
v -0.1228291 0.1441964 1.051563
v -0.1258728 0.1327923 1.065576
v -0.1237239 0.1342347 1.073568
v -0.1064467 0.1585671 1.071687
v -0.1130007 0.1514575 1.071994
v -0.1186068 0.1436806 1.07235
v -0.1198658 0.1336511 1.082877
v -0.06458928 0.1995959 1.020772
v -0.08081332 0.1937754 1.020965
v -0.06570203 0.1961379 1.036514
v -0.08224101 0.1902532 1.03676
v -0.06745028 0.1905636 1.051356
v -0.08409595 0.1845872 1.051643
v -0.07819698 0.1801536 1.065157
v -0.08182281 0.1700682 1.076748
v -0.07416694 0.1692554 1.080007
v -0.07733572 0.1595738 1.08761
v -0.09259059 0.1532097 1.087833
v -0.0972421 0.1610458 1.078049
v -0.1063427 0.140799 1.090196
v -0.1145148 0.1412974 1.082517
v -0.1252288 0.1201347 1.086552
v -0.1278166 0.1201319 1.079066
v -0.1287051 0.1039006 1.092534
v -0.126314 0.1044132 1.096242
v -0.1211593 0.1175966 1.094322
v -0.1160834 0.1276776 1.092276
v -0.1082539 0.1480971 1.082398
v -0.07929763 0.1455113 1.096192
v -0.09823896 0.1325052 1.098899
v -0.1097085 0.1242841 1.098494
v -0.1238937 0.09116833 1.105297
v -0.1310921 0.101574 1.085014
v -0.1163507 0.1081086 1.103067
v 0.01146512 0.01572023 1.146966
v 0.01614563 0.006452246 1.142322
v -0.0003591217 0.02269596 1.161323
v -0.006037127 0.01924231 1.180668
v 0.002580108 0.009548154 1.164655
v -0.004981648 0.02465971 1.168774
v 0.02342007 0.000338704 1.132979
v 0.013017 0.02708505 1.142841
v 0.003191985 0.03559427 1.149788
v -0.03711339 0.06503153 1.147072
v -0.02541545 0.06026175 1.150051
v -0.0362602 0.05753175 1.158363
v 0.003596023 0.04537784 1.143427
v -0.01240238 0.0394974 1.166084
v -0.01857327 0.04776615 1.163229
v -0.008421563 0.05007063 1.150237
v -0.01580623 0.05556206 1.150209
v -0.0212744 0.04471495 1.171846
v -0.02589986 0.04398737 1.182082
v -0.02891798 0.05259322 1.16429
v -0.01176118 0.02981766 1.180988
v -0.01920211 0.03854294 1.182197
v -0.007138956 0.01868433 1.191106
v -0.01131175 0.02710364 1.191101
v -0.01608289 0.03354242 1.191104
v -0.02330777 0.04021269 1.191113
v -0.03588032 0.04769761 1.191111
v -0.03435066 0.04823128 1.181811
v -0.04297097 0.04981338 1.191113
v 0.02457156 0.01720792 1.132823
v -0.07283267 0.08595158 1.126453
v -0.07353888 0.07202663 1.13742
v -0.06927483 0.1396499 1.100104
v -0.06198212 0.1554811 1.091996
v -0.1037211 0.08452722 1.119868
v -0.08968319 0.09069914 1.121231
v -0.1103466 0.07674874 1.120543
v -0.09744704 0.07049121 1.131079
v -0.06341367 0.1794381 1.071245
v -0.06096448 0.1865156 1.061364
v -0.1160173 0.06590848 1.121794
v -0.103897 0.06447253 1.131318
v -0.1276969 0.0787188 1.106004
v -0.1304462 0.08860107 1.096439
v -0.1102433 0.05533252 1.131778
v -0.1177609 0.05025265 1.126277
v -0.1286603 0.06808741 1.10757
v -0.1232531 0.04240086 1.12014
v -0.1270795 0.05255038 1.111808
v -0.08483221 0.06960199 1.137284
v -0.08670145 0.07770464 1.130259
v -0.08316121 0.06145389 1.146866
v -0.07018468 0.06460097 1.146929
v -0.05350041 0.06131813 1.153652
v -0.05583113 0.05588874 1.165441
v -0.03615404 0.0524339 1.169956
v -0.09770592 0.05989445 1.139216
v -0.09122799 0.05290187 1.151118
v -0.08637164 0.04709603 1.164956
v -0.08010463 0.05501137 1.157744
v -0.06963097 0.05453091 1.165294
v -0.07193211 0.05951735 1.154346
v -0.1030702 0.04917698 1.142424
v -0.05569708 0.2025067 1.006539
v -0.103904 0.02910103 1.15266
v -0.09270733 0.04407078 1.160023
v -0.08479472 0.04316411 1.176252
v -0.0792476 0.05005562 1.168519
v -0.09602383 0.03778782 1.162133
v -0.0928413 0.03853405 1.16784
v -0.09051456 0.03770821 1.175764
v -0.1132821 0.0269083 1.136756
v -0.09304879 0.03242395 1.183711
v -0.09749225 0.02922446 1.169624
v -0.09848836 0.0298156 1.164747
v 0.006299369 -0.03881753 0.7611256
v 0.03692419 0.06667886 0.8353509
v 0.01765332 0.04575264 0.7894972
v -0.001676463 0.1002138 0.8042169
v 0.004548024 0.08567453 0.7946843
v 0.01454303 0.07997554 0.8030288
v 0.02509234 0.1129614 0.8471825
v -0.02549077 0.1026619 0.7899291
v 0.01768802 0.127671 0.854582
v -0.03677955 0.1430691 0.8414555
v -0.02497005 0.1536637 0.8648518
v -0.0348676 0.1371996 0.8361419
v -0.05719119 0.1471531 0.8422713
v -0.09550379 0.08727097 0.7611213
v -0.09712403 0.1011753 0.7945576
v -0.06462039 0.1505968 0.849273
v -0.04681501 0.1603662 0.863948
v -0.03601004 0.1665735 0.8775355
v -0.04395232 0.1755807 0.8913103
v -0.03535906 0.1823583 0.9076276
v -0.05442518 0.168481 0.8778985
v -0.05895983 0.1816563 0.9059649
v -0.08456834 0.1043188 0.7826148
v -0.0654415 0.1666268 0.8779566
v -0.05985083 0.189643 0.927507
v -0.06896834 0.1780537 0.9041615
v -0.074694 0.1482589 0.8505061
v -0.09091989 0.1059072 0.7923931
v -0.08393498 0.143765 0.8513708
v -0.07357761 0.1636859 0.8779653
v -0.08155248 0.1595247 0.8779822
v -0.07975284 0.1739014 0.9064164
v -0.07222813 0.1886334 0.9362361
v -0.07482665 0.1944657 0.9660565
v -0.09169918 0.1434317 0.86264
v -0.09076025 0.1590639 0.8920293
v -0.08781515 0.1738838 0.921087
v -0.08180253 0.1834399 0.9362054
v -0.09104452 0.1784884 0.9430652
v -0.0818769 0.1907416 0.9661086
v -0.08863191 0.1861321 0.966177
v -0.09569159 0.1663377 0.9212157
v -0.09495744 0.1806571 0.966288
v -0.1008387 0.09754764 0.7981715
v -0.1023347 0.1444694 0.8934165
v -0.1036542 0.1641449 0.9453157
v -0.1081061 0.1589788 0.9535047
v -0.09692287 0.147222 0.8819492
v -0.09961955 0.1714626 0.9506392
v -0.1055241 0.1180544 0.860666
v -0.1086901 0.1485689 0.9328284
v -0.05596537 0.2009581 0.9710264
v -0.1141202 0.1455043 0.9626423
v -0.106283 0.08085097 0.8011622
v -0.1067358 0.1016094 0.8461319
v -0.108812 0.1207815 0.8937376
v -0.05595327 0.202767 0.9967263
v -0.100334 -0.08833632 0.778745
v -0.06573816 -0.1477107 0.8472884
v -0.05690607 -0.1486706 0.8468778
v -0.0763919 -0.09199805 0.761144
v -0.04934385 -0.1041533 0.786097
v -0.06396959 -0.09019264 0.7611187
v -0.08812179 -0.1024353 0.7852362
v -0.08249681 -0.1529115 0.868842
v -0.08423827 -0.09127159 0.7611214
v -0.08138622 -0.1083103 0.7899252
v -0.03200386 -0.1412117 0.8450226
v -0.03809584 -0.1379002 0.8359626
v 0.009121921 -0.08719648 0.8035512
v -0.0007756837 -0.08967486 0.7945584
v 0.01491807 -0.05336552 0.7865759
v 0.004893497 -0.04754461 0.7611178
v 0.01790209 -0.04444964 0.7900079
v -0.02698516 -0.102912 0.7917147
v -0.01010879 -0.1354735 0.8453187
v -0.01737073 -0.1001457 0.7932126
v -0.02386575 -0.1522703 0.8655298
v 0.01931525 -0.123275 0.852957
v 0.01300589 -0.1336494 0.8592618
v -0.008631051 -0.09570213 0.7941239
v 0.00317971 -0.1321036 0.849186
v -0.0008469038 -0.1503002 0.8731176
v -0.0154368 -0.1629823 0.8877121
v 0.03706392 -0.06368557 0.8352112
v -0.07344335 -0.1558602 0.865371
v -0.08247276 -0.1704502 0.9060168
v -0.09063648 -0.1698636 0.9204665
v -0.05598914 -0.1647179 0.8737459
v -0.06546409 -0.1650317 0.8776803
v -0.06183709 -0.1796631 0.9062232
v -0.04508112 -0.186061 0.9173447
v -0.04767576 -0.1466235 0.8442805
v -0.04379224 -0.1667018 0.8776531
v -0.04769511 -0.1778951 0.8986331
v -0.03005256 -0.1539639 0.86291
v -0.09891725 -0.1693346 0.9447646
v -0.09866889 -0.1471295 0.8890061
v -0.1042491 -0.07373948 0.7611293
v -0.0180815 -0.07823484 0.7611241
v -0.02870482 -0.08312904 0.7611268
v -0.07392122 -0.1754203 0.9061013
v -0.09108509 -0.1768563 0.9425539
v -0.1271689 -0.1292009 1.053759
v -0.1151564 -0.1455503 0.9718118
v -0.1144602 -0.1315938 0.9524959
v -0.1092508 -0.1209839 0.8991252
v -0.1061129 -0.1147855 0.8622825
v -0.1069162 -0.1030963 0.852484
v -0.1061319 -0.08151665 0.800696
v -0.1016359 -0.1021903 0.8136014
v -0.1036729 -0.09889299 0.8166036
v -0.1074488 -0.142577 0.9172453
v -0.104749 -0.1541454 0.9276447
v -0.1154642 -0.1551553 0.9959401
v -0.1075799 -0.162394 0.9648378
v -0.1178469 -0.1548018 1.030598
v -0.1226601 -0.1437752 1.038819
v -0.1211315 -0.1450243 1.056528
v -0.1253658 -0.13408 1.060249
v -0.1249515 -0.1301743 1.073364
v -0.1183839 -0.1427817 1.072044
v -0.1121853 -0.1530051 1.068993
v -0.1164344 -0.1531123 1.056497
v -0.1092195 -0.1659326 1.045647
v -0.113057 -0.1630917 1.030345
v -0.1053501 -0.1737274 1.013828
v -0.1089253 -0.1675571 0.9972857
v -0.1021597 -0.1745239 0.9831432
v -0.1060691 -0.06783351 0.7611169
v -0.1061317 -0.1574458 1.071655
v -0.09398694 -0.1710961 1.065014
v -0.1038523 -0.1680176 1.055927
v -0.0958571 -0.1759442 1.051847
v -0.09325938 -0.1837667 1.029733
v -0.1006099 -0.1777446 1.029913
v -0.09043342 -0.1872606 0.9968573
v -0.0973071 -0.1814985 0.9969658
v -0.08547068 -0.1870606 0.9657852
v -0.09494386 -0.1791424 0.9659032
v -0.08866899 -0.1399189 1.096602
v -0.09245238 -0.1518774 1.087803
v -0.08912635 -0.1647467 1.077511
v -0.07808922 -0.1787807 1.065104
v -0.08403727 -0.1832161 1.051532
v -0.08080587 -0.1923575 1.020771
v -0.07544427 -0.1959274 0.9967022
v -0.08308335 -0.1920827 0.9967698
v -0.07145643 -0.1945457 0.9658533
v -0.07226013 -0.1870896 0.935953
v -0.08176888 -0.1819187 0.9358873
v -0.0822112 -0.1888605 1.036608
v -0.1118148 -0.01510229 0.9336386
v -0.1198375 -0.1100926 0.9885264
v -0.1204558 -0.1176942 0.9928351
v -0.1211868 -0.1218199 0.9977787
v -0.1207149 0.1209202 0.9945983
v -0.1200711 0.1153725 0.9901925
v -0.1197894 0.1085985 0.9880745
v -0.1084677 -0.002882031 0.8994108
v -0.1058931 0.01179583 0.8178472
v -0.1058901 0.009564823 0.8135783
v -0.1058925 0.005885053 0.8107694
v -0.1059736 0.0007365319 0.7952013
v -0.1058933 0.0006974508 0.8094866
v -0.1066296 0.0304382 0.7611158
v -0.1065188 -0.02900613 0.7611152
v -0.106437 -0.02920095 0.8597736
v -0.1200744 -0.02819808 0.9879842
v -0.1221788 -0.1243205 1.004384
v -0.1059576 0.004278157 0.8322642
v -0.1059308 0.009666456 0.8284895
v -0.1058898 0.01223914 0.8229197
v -0.1058935 -0.01091109 0.8198171
v -0.1059233 -0.009214521 0.8273056
v -0.1059566 -0.003241374 0.8321307
v -0.1058904 -0.008095941 0.8135406
v -0.1058926 -0.004268457 0.8106984
v -0.1142829 0.008747055 0.9092474
v -0.1108878 0.0114526 0.8164729
v -0.1109082 0.01217163 0.8230107
v -0.1109377 0.008801214 0.8297143
v -0.1116811 0.01881916 0.8678957
v -0.110962 0.000895172 0.8328001
v -0.1108902 0.006094143 0.8107132
v -0.1109509 -0.004681918 0.8313093
v -0.110929 -0.008984356 0.8276382
v -0.1109014 -0.01076894 0.8221148
v -0.1108902 -0.01001457 0.8164904
v -0.1108898 -0.005641274 0.8114205
v -0.1251044 0.1149804 0.9899842
v -0.1257712 0.1209226 0.9945687
v -0.1249169 0.1082613 0.9880292
v -0.1263041 -0.1220403 0.9981632
v -0.1255509 -0.1179788 0.9930801
v -0.124891 -0.1100641 0.9884597
v -0.1108958 -0.0005616256 0.8095897
v 0.02807975 -0.05376959 1.090089
v 0.02873727 -0.06749278 1.084025
v 0.02589123 -0.05283704 1.088089
v 0.02596733 -0.06647143 1.081835
v 0.02641787 -0.06516943 1.079043
v 0.02667882 -0.05144341 1.0851
v 0.02893521 -0.06462705 1.07788
v 0.02934669 -0.05103244 1.084219
v 0.03135873 -0.06496425 1.078603
v 0.03186372 -0.05157481 1.085382
v 0.03249555 -0.06644616 1.081781
v 0.03231431 -0.05287674 1.088174
v 0.03061425 -0.05368091 1.089899
v -0.01205578 -0.05664825 1.096262
v -0.01135579 -0.07016453 1.089755
v -0.01477258 -0.06957995 1.088501
v -0.01496211 -0.05568992 1.094207
v -0.01467852 -0.05438185 1.091402
v -0.01425396 -0.06769059 1.084449
v -0.01103903 -0.05373186 1.090008
v -0.01033289 -0.06748439 1.084007
v -0.008570481 -0.0548889 1.092489
v -0.008631881 -0.06843773 1.086052
v -0.008996729 -0.06950506 1.088341
v -0.009091452 -0.05594465 1.094753
v -0.01205575 -0.02390377 1.026041
v -0.01135571 -0.03742008 1.019534
v -0.01454662 -0.03692506 1.018472
v -0.01522101 -0.02271921 1.023501
v -0.01488157 -0.03538061 1.01516
v -0.01406715 -0.02136796 1.020603
v -0.01144579 -0.03455169 1.013383
v -0.01135582 -0.02102815 1.019874
v -0.009186305 -0.02159613 1.021093
v -0.008551661 -0.03568849 1.015821
v -0.008583147 -0.02288603 1.023859
v -0.009186283 -0.03685202 1.018316
v 0.03094431 -0.0264086 1.031413
v 0.0284727 -0.04014992 1.025388
v 0.02727273 -0.02636529 1.03132
v 0.02587477 -0.03922343 1.023401
v 0.02585194 -0.02532621 1.029092
v 0.02685561 -0.02408185 1.026423
v 0.02721443 -0.03752876 1.019767
v 0.03077826 -0.02389006 1.026012
v 0.03088997 -0.03755869 1.019831
v 0.03252504 -0.03867842 1.022233
v 0.03248573 -0.02513213 1.028676
v 0.03122291 -0.0398712 1.024791
v -0.01896832 -0.07003253 1.089472
v -0.008985426 -0.07159769 1.092828
v -0.02994509 -0.06655136 1.082006
v -0.01155058 -0.03343538 1.010989
v -0.02271503 -0.03577304 1.016002
v 0.02715046 -0.06947906 1.088284
v 0.03906005 -0.06522331 1.079158
v 0.01513686 -0.07158536 1.092802
v 0.05017167 -0.05285054 1.052625
v 0.04706291 -0.05950265 1.06689
v 0.03989029 -0.03996561 1.024993
v 0.04781498 -0.04611706 1.038185
v -0.04690502 -0.06649515 1.082125
v -0.04738924 -0.03794061 1.021183
v -0.03005269 -0.03818282 1.02117
v 0.004310671 -0.07229909 1.094332
v 0.02046121 -0.03387601 1.011934
v 0.03077335 -0.0363631 1.017267
v 0.004575081 -0.03247064 1.00892
v -0.01234265 0.0388649 1.019534
v -0.01451208 0.03829688 1.018316
v -0.02994509 0.06799619 1.082006
v -0.004485767 0.07351592 1.093843
v -0.008925825 0.07102478 1.088501
v -0.01234261 0.07160936 1.089755
v -0.0193341 0.03634511 1.01413
v -0.03002226 0.03962081 1.021155
v -0.04754911 0.0393066 1.021162
v -0.0473976 0.06788234 1.082302
v -0.01963307 0.07131921 1.089132
v 0.03007681 0.0415506 1.025294
v 0.0266788 0.06648285 1.078761
v 0.02934637 0.06607187 1.07788
v 0.03225152 0.0407788 1.023638
v -0.01451201 0.07104138 1.088537
v 0.02585195 0.06762451 1.081209
v 0.02727288 0.06866363 1.083438
v 0.02673019 0.07107101 1.0886
v 0.03036821 0.06878347 1.083695
v 0.01147971 0.07345768 1.093719
v -0.01225263 0.03599653 1.013383
v -0.007850893 0.0345141 1.010204
v -0.008996684 0.03672701 1.014949
v 0.005237013 0.03393672 1.008966
v -0.01336554 0.06892923 1.084007
v -0.01514675 0.03713336 1.015821
v -0.0151587 0.07000211 1.086308
v -0.008925859 0.03828036 1.01828
v 0.03688905 0.04006641 1.022111
v 0.03186381 0.03935544 1.020586
v 0.04483684 0.04463715 1.031912
v 0.02813948 0.03879127 1.019376
v 0.02875141 0.03715992 1.015878
v 0.03877861 0.0668035 1.079448
v 0.03231429 0.06791623 1.081835
v -0.009444434 0.06913541 1.084449
v 0.02727288 0.04140477 1.024981
v 0.02575659 0.04012324 1.022233
v 0.01626321 0.03478012 1.010774
v 0.03186372 0.06661426 1.079043
v 0.04670671 0.06132044 1.06769
v 0.05007467 0.05464349 1.05337
v 0.04859344 0.04898048 1.041227
v -0.02355828 0.003602892 0.741117
v -0.02355829 -0.00215807 0.711117
v -0.0242766 -0.004187598 0.741117
v -0.02841611 -0.008327058 0.711117
v -0.0304456 -0.009045376 0.741117
v -0.03620662 -0.009045361 0.711117
v -0.03739804 -0.008611714 0.741117
v -0.04120155 -0.0055952 0.711117
v -0.04244521 -0.003810612 0.741117
v -0.04330524 -0.0008110129 0.711117
v -0.04330524 0.002255838 0.741117
v -0.04244523 0.005255389 0.711117
v -0.0407046 0.007741267 0.741117
v -0.03659005 0.01048702 0.711117
v -0.03529817 0.01062425 0.741117
v -0.0284161 0.009771898 0.741117
v -0.02794399 0.009499329 0.711117
v -0.0237648 0.003965464 0.711117
v -0.05338841 0.03252804 0.741117
v -0.0533884 0.03559489 0.711117
v -0.05424844 0.02952844 0.711117
v -0.0554921 0.02774386 0.741117
v -0.05929562 0.02472734 0.711117
v -0.06048704 0.02429369 0.741117
v -0.06624807 0.02429368 0.711117
v -0.06661064 0.0245002 0.741117
v -0.07156112 0.02801391 0.741117
v -0.0718528 0.02843048 0.711117
v -0.07353146 0.03469545 0.741117
v -0.07348714 0.03520208 0.711117
v -0.07074612 0.0410803 0.741117
v -0.0709568 0.04072024 0.711117
v -0.06575687 0.04396088 0.711117
v -0.0653397 0.04396329 0.741117
v -0.05929562 0.04339561 0.741117
v -0.06062005 0.04371231 0.711117
v -0.05598905 0.04108032 0.711117
v -0.05424842 0.03859444 0.741117
v -0.05338841 -0.03415007 0.741117
v -0.05338841 -0.03108322 0.711117
v -0.05424844 -0.03714966 0.711117
v -0.0554921 -0.03893425 0.741117
v -0.05929561 -0.04195077 0.711117
v -0.06048704 -0.04238441 0.741117
v -0.06624807 -0.04238442 0.711117
v -0.06581358 -0.04234826 0.741117
v -0.07107662 -0.03944099 0.741117
v -0.07185281 -0.03824763 0.711117
v -0.07353147 -0.03198266 0.741117
v -0.07348714 -0.03147603 0.711117
v -0.07074613 -0.0255978 0.741117
v -0.0709568 -0.02595787 0.711117
v -0.06575688 -0.02271723 0.711117
v -0.06533971 -0.02271481 0.741117
v -0.05929562 -0.0232825 0.741117
v -0.06062005 -0.0229658 0.711117
v -0.05598904 -0.02559779 0.711117
v -0.05424842 -0.02808366 0.741117
v -0.1074829 -0.02885364 0.711117
v -0.1072316 -0.05575229 0.711117
v -0.1073922 -0.05481565 0.701117
v -0.1070448 0.05834207 0.701117
v -0.1069493 0.05834312 0.711117
v -0.1074286 0.03061905 0.7111171
v -0.03833289 -0.05232825 0.761117
v -0.01729778 -0.04938801 0.761117
v -0.03749699 -0.05266098 0.711117
v -0.0176449 -0.04954081 0.701117
v -0.09975091 -0.0614449 0.711117
v -0.1007008 -0.06141812 0.701117
v -0.01192991 0.02318799 0.761117
v -0.01171728 0.04372378 0.761117
v -0.01148292 0.02396405 0.711117
v -0.01164878 0.04339078 0.701117
v -0.01164342 -0.0218641 0.711117
v -0.01181337 -0.04302469 0.701117
v -0.01154843 -0.02220617 0.761117
v -0.01190155 -0.04303464 0.761117
v -0.1013919 0.06280906 0.711117
v -0.1010554 0.06287511 0.701117
v -0.03817094 0.05403956 0.711117
v -0.01821389 0.05116075 0.701117
v -0.03749698 0.05410581 0.761117
v -0.01658421 0.05049048 0.761117
v -0.1041216 0.008874452 1.177044
v -0.1043078 0.01085081 1.171999
v -0.102463 0.01507138 1.180357
v -0.1036509 -0.006506341 1.191113
v -0.1044026 -0.002410707 1.180802
v -0.1034637 0.008976285 1.191113
v -0.1043753 0.004313963 1.180644
v -0.1054469 -0.007753072 1.165731
v -0.1043868 -0.009538156 1.171167
v -0.1048314 -0.0134489 1.16309
v -0.1020539 -0.01387303 1.183935
v -0.104119 -0.007186976 1.177413
v -0.1081809 -0.00319035 1.153377
v -0.1068013 0.002173413 1.160989
v -0.1063213 -0.004667911 1.162525
v -0.108357 0.01300937 1.149797
v -0.1059354 0.007744053 1.163871
v -0.1161392 0.002200741 1.127849
v -0.116816 0.01816775 1.127936
v -0.1215354 -0.01673745 1.117891
v -0.124579 -0.0322226 1.113335
v -0.11675 -0.01668834 1.127972
v -0.1052598 -0.02023899 1.154485
v -0.1009542 -0.02243152 1.166976
v -0.09917177 0.02291382 1.191111
v -0.09962406 0.02319944 1.176525
v -0.1245929 0.03235621 1.113359
v -0.1208767 0.01836966 1.119295
v -0.1232827 0.01606688 1.114135
v -0.1234487 0.005695784 1.113213
v -0.1071534 0.022902 1.148947
v -0.1034959 0.02131094 1.16047
v -0.111166 0.01975703 1.140845
v -0.1051179 0.009998031 1.167235
v -0.1099021 -0.01352639 1.143916
v -0.1122225 -0.002450942 1.137904
v -0.09777636 -0.02384955 1.191114
v -0.105431 -0.05888766 0.701117
v -0.01408437 0.04793093 0.701117
v -0.1174057 0.02054788 1.13893
v -0.1152764 0.009104371 1.145316
v -0.1060352 -0.02209572 1.169166
v -0.1081907 -0.01417992 1.173848
v -0.109878 -0.01721071 1.159484
v -0.1080044 0.01951131 1.167464
v -0.102978 0.0282713 1.174623
v -0.1116562 0.01226341 1.158207
v -0.11181 -0.001682205 1.16114
v -0.1115217 0.005395799 1.162138
v -0.1106038 -0.007828919 1.165471
v -0.1094997 -0.009351143 1.171584
v -0.1091877 -0.007491879 1.177106
v -0.1305943 0.03927225 1.113178
v -0.1289845 0.002244194 1.113233
v -0.1260592 0.02167101 1.120641
v -0.1015049 0.0283586 1.201054
v -0.1053149 0.02110619 1.184601
v -0.1068029 0.01590696 1.201089
v -0.1092068 0.008819137 1.177158
v -0.1310532 -0.04268635 1.113055
v -0.1003209 0.0304505 1.189194
v -0.1104957 0.009405458 1.165982
v -0.1094739 0.01095332 1.171633
v -0.1076429 -0.0114495 1.189848
v -0.1077894 -0.009789149 1.201418
v -0.1093971 -0.002016772 1.180911
v -0.1088401 0.003291187 1.201147
v -0.1093684 0.004313954 1.180603
v -0.1145889 -0.01615058 1.145929
v -0.1020667 -0.02853739 1.173956
v -0.1040615 -0.02158852 1.201267
v -0.101758 -0.02680707 1.189833
v -0.129995 -0.02890627 1.113289
v -0.1192249 0.001144805 1.133141
v -0.1179274 -0.01911029 1.137943
v -0.1040589 -0.060078 0.711117
v -0.06591333 0.03444115 0.761117
v -0.06434216 0.03652333 0.761117
v -0.06176591 0.03607635 0.761117
v -0.06079456 0.03412957 0.761117
v -0.05195207 0.01175583 0.761117
v -0.06181388 0.03196685 0.761117
v -0.0994377 0.03062708 0.761117
v -0.09004874 0.02814814 0.761117
v -0.06484935 0.03181272 0.761117
v -0.08144376 0.02227642 0.761117
v -0.07530506 0.01376053 0.761117
v -0.04246535 0.04638638 0.761117
v -0.02416987 0.02013076 0.761117
v -0.04232381 0.03431828 0.761117
v -0.0355289 0.02420843 0.761117
v -0.03088413 0.001442531 0.761117
v -0.03114967 -0.0007144567 0.761117
v -0.03292684 0.003436529 0.761117
v -0.03583844 0.001558247 0.761117
v -0.03304085 -0.001807472 0.761117
v -0.02848942 -0.01940437 0.761117
v -0.01970664 -0.01905482 0.761117
v -0.04281215 -0.04225685 0.761117
v -0.04256693 -0.03372433 0.761117
v -0.03511902 -0.001171455 0.761117
v -0.0374346 -0.02469006 0.761117
v -0.06591333 -0.03223695 0.761117
v -0.09899518 -0.02916753 0.761117
v -0.06151783 -0.03065935 0.761117
v -0.06121675 -0.03431949 0.761117
v -0.06484935 -0.03486538 0.761117
v -0.07251288 0.003800875 0.761117
v -0.08920504 -0.02630573 0.761117
v -0.08078609 -0.02017024 0.761117
v -0.06453393 -0.03028404 0.761117
v -0.07376418 -0.008972964 0.761117
v -0.1044451 0.0007224143 1.191117
v -0.02426866 0.04180167 1.191118
v -0.0140894 0.03213379 1.211141
v -0.02464039 0.04214152 1.21112
v -0.03471302 0.04763712 1.211131
v -0.04451364 0.0505469 1.211142
v -0.05813802 0.05133227 1.211134
v -0.06963386 0.04895013 1.211135
v -0.08270837 0.04256434 1.211131
v -0.09078927 0.03578544 1.21114
v -0.09709007 0.02759521 1.21115
v -0.1028802 0.01457237 1.211145
v -0.104716 0.00378065 1.211141
v -0.1040631 -0.007604992 1.211155
v -0.1009799 -0.01840475 1.211156
v -0.09495316 -0.02939646 1.21115
v -0.08346899 -0.04070662 1.211144
v -0.06767189 -0.04816106 1.21113
v -0.05667091 -0.0499731 1.211133
v -0.04548187 -0.04930161 1.211147
v -0.0315239 -0.04483373 1.211134
v -0.01786408 -0.03495274 1.211128
v -0.01104057 -0.0264022 1.211138
v -0.004881971 -0.01244884 1.211135
v -0.003425751 0.006017917 1.211134
v -0.008114483 0.02250843 1.21113
v -0.04246536 -0.04494154 0.711117
v -0.04232381 -0.03287346 0.711117
v -0.03680058 -0.02407277 0.711117
v -0.0258779 -0.01868062 0.711117
v -0.01634038 0.02137158 0.711117
v -0.0250521 0.02019978 0.711117
v -0.03631139 0.02484807 0.711117
v -0.04256692 0.03516915 0.711117
v -0.04281214 0.04370167 0.711117
v -0.09135304 0.02890025 0.711117
v -0.08078609 0.02161507 0.711117
v -0.07496977 0.01299009 0.711117
v -0.07243188 0.002871713 0.711117
v -0.07421775 -0.010224 0.711117
v -0.08144376 -0.02083159 0.711117
v -0.09004875 -0.02670331 0.711117
v -0.1000361 -0.02927672 0.7111169
v -0.06250305 -0.03522016 0.741117
v -0.065544 -0.03405347 0.741117
v -0.06570016 -0.03145026 0.741117
v -0.06374729 -0.03007087 0.741117
v -0.06166144 -0.03068941 0.741117
v -0.06079457 -0.03268475 0.741117
v -0.06176591 0.03204658 0.741117
v -0.06434216 0.0315996 0.741117
v -0.06591333 0.03368178 0.741117
v -0.06484934 0.03631021 0.741117
v -0.06181388 0.03615608 0.741117
v -0.06079456 0.03399336 0.741117
v -0.03228893 -0.001670433 0.741117
v -0.03508385 -0.001257706 0.741117
v -0.03573372 0.001928931 0.741117
v -0.03302784 0.003313256 0.741117
v -0.03061198 0.001121687 0.741117
v -0.04898362 0.2042938 1.019296
v -0.04928658 0.2057064 1.009246
v -0.05608018 0.2017965 0.9595476
v -0.05601133 0.2044845 0.9819952
v -0.05597125 0.2047082 1.00455
v -0.04906821 0.1996522 0.9467077
v -0.04946239 0.202255 0.9545332
v -0.05403833 0.202152 0.9565855
v -0.05057639 0.2023469 0.9561642
v -0.03009831 0.1991858 0.9466949
v 0.0491206 0.1605361 1.01279
v 0.05012099 0.161329 1.004952
v 0.05003857 0.1630581 0.9956102
v 0.02838907 0.1771027 0.9502366
v 0.02132782 0.1792874 0.9451822
v 0.00615152 0.1834005 0.9393302
v -0.001887716 0.1860178 0.9383581
v -0.01803907 0.1933424 0.9400915
v -0.02531117 0.1969958 0.9433284
v -0.00959979 0.1895088 0.9382653
v 0.01370756 0.1815439 0.9414088
v 0.03516075 0.1742159 0.9573518
v 0.04109854 0.1712123 0.9660767
v 0.04582646 0.1681027 0.9760311
v 0.04847476 0.1644566 0.9865077
v 0.04735713 0.1611824 1.020001
v 0.04156694 0.1621268 1.030948
v 0.0447287 0.1611617 1.025694
v 0.03609659 0.1650679 1.036831
v 0.02957879 0.1687584 1.041121
v 0.0224066 0.1715182 1.044149
v 0.01630395 0.1741929 1.045359
v 0.009999286 0.1772563 1.045505
v 0.003391046 0.1809178 1.044325
v -0.01105238 0.1909435 1.037352
v -0.00333669 0.1850109 1.041968
v -0.02548752 0.2005759 1.024745
v -0.01839285 0.1965142 1.031576
v -0.02981635 0.2013856 1.01991
v 0.02983275 0.0524483 1.084157
v 0.02663546 0.05293593 1.085202
v 0.02583754 0.05396033 1.087399
v 0.02712099 0.05502404 1.08968
v 0.03020189 0.05521441 1.090089
v 0.03210458 0.05449584 1.088548
v 0.03231432 0.053425 1.086251
v -0.01265939 0.05517669 1.090008
v -0.01512792 0.05633375 1.092489
v -0.01460696 0.05738946 1.094753
v -0.01164264 0.05809308 1.096262
v -0.008736301 0.05713474 1.094207
v -0.009019878 0.05582664 1.091402
v -0.01028067 0.02254885 1.020037
v -0.01442331 0.02290589 1.020803
v -0.01506652 0.02419975 1.023578
v -0.01359835 0.02507715 1.025459
v -0.01078852 0.02521282 1.02575
v -0.008477401 0.02416403 1.023501
v 0.02750335 0.02533486 1.026012
v 0.0257959 0.02657697 1.028676
v 0.02733727 0.02785342 1.031413
v 0.03100887 0.02781007 1.03132
v 0.03242968 0.02677104 1.029092
v 0.03142597 0.02552656 1.026423
v -0.04923919 -0.1986417 0.9464385
v -0.04912772 -0.200111 0.9545334
v -0.05587242 -0.202864 1.00519
v -0.05603904 -0.2036658 0.988519
v -0.05630982 -0.2007727 0.9592847
v -0.04891369 -0.2024227 1.019195
v -0.04902094 -0.2035854 1.009686
v -0.0505325 -0.2007582 0.9562583
v -0.05473635 -0.200771 0.9568494
v -0.05054795 -0.2026088 1.007793
v -0.0302125 -0.1975559 0.9468311
v -0.0296257 -0.2002869 1.019958
v -0.03871813 -0.2010473 1.019361
v -0.01083307 -0.1891047 1.037567
v -0.01811622 -0.1949566 1.031836
v -0.02568059 -0.1992255 1.024543
v -0.003855981 -0.1839407 1.041713
v 0.003519922 -0.1796537 1.044311
v 0.01041655 -0.1756605 1.045524
v 0.02364858 -0.1697795 1.043705
v 0.01723133 -0.1728354 1.045131
v 0.03284143 -0.1653803 1.039374
v 0.03981647 -0.162233 1.03302
v 0.04380738 -0.1600615 1.027482
v 0.04735459 -0.1591 1.019657
v 0.04942278 -0.1589084 1.010946
v 0.05016291 -0.1599977 1.000809
v 0.04893823 -0.1624398 0.9886968
v 0.04592464 -0.1658332 0.977187
v 0.04110288 -0.1688731 0.9667693
v 0.03444851 -0.1727699 0.9566982
v 0.02689655 -0.176041 0.9490792
v 0.01186298 -0.1807692 0.9405211
v 0.0198447 -0.1785852 0.9440926
v 0.00345077 -0.1828924 0.9387909
v -0.004668977 -0.1858553 0.9381032
v -0.01283107 -0.1894588 0.9387869
v -0.02202588 -0.1937991 0.9415247
v -0.04729556 0.03527733 1.047111
v 0.03878114 0.03507577 1.047114
v 0.03886229 0.0196997 1.014127
v -0.04681754 0.01971577 1.013949
v -0.04679824 -0.03370661 1.04703
v 0.03896651 -0.03378317 1.04767
v 0.0392868 -0.01819123 1.014116
v -0.04722533 -0.01832722 1.013866
v -0.0473078 -0.01700366 1.01288
v 0.03919889 -0.01666572 1.01318
v -0.0470352 0.01821441 1.012936
v 0.03913025 0.01810429 1.013163
v -0.04698212 0.0348033 1.049544
v 0.03943257 0.03429782 1.049571
v -0.04680718 0.0007330918 1.065472
v 0.03897777 0.0007260162 1.065302
v -0.04685123 -0.03331219 1.049417
v 0.03885838 -0.03243349 1.050013
v 0.04073462 0.03381958 1.047866
v 0.04079011 0.01829965 1.014796
v 0.04083037 0.0006979566 1.063697
v 0.04088801 -0.01640737 1.014894
v 0.0406779 -0.03234408 1.048399
v -0.04702528 -0.04405824 1.069165
v 0.03856577 -0.04403334 1.069331
v 0.03920403 -0.0626114 1.109393
v -0.04706786 -0.06286407 1.109486
v -0.04722759 -0.04088787 1.068094
v 0.03904761 -0.04184778 1.068175
v -0.04691863 -0.005164104 1.084884
v 0.0392957 -0.004707192 1.085674
v -0.04672924 -0.004266337 1.086498
v -0.04684521 -0.004353611 1.111282
v 0.0391742 -0.004489377 1.110837
v -0.0468146 -0.006203189 1.11294
v 0.03952038 -0.006037842 1.112602
v -0.04728756 -0.06085252 1.113048
v 0.03949018 -0.06079642 1.112613
v 0.04084505 -0.006159266 1.086506
v 0.04072749 -0.04277281 1.069869
v 0.0408952 -0.006274648 1.110728
v 0.04088645 -0.06091996 1.110713
v 0.03851451 0.04512333 1.068805
v -0.04657898 0.04552538 1.069317
v -0.04725249 0.06437086 1.109561
v 0.03908936 0.06408299 1.109392
v -0.04684084 0.007650963 1.11295
v -0.04657012 0.06203642 1.11295
v 0.03928872 0.007683424 1.112726
v 0.0387405 0.06224176 1.112809
v -0.0468103 0.005761585 1.086166
v -0.04680374 0.005716871 1.110803
v 0.03932771 0.006144373 1.085746
v 0.03884679 0.005890967 1.110978
v -0.04728426 0.04251397 1.068039
v -0.04733571 0.006621655 1.084769
v 0.03926636 0.04281223 1.068322
v 0.04063186 0.04401528 1.069508
v 0.04084983 0.00759304 1.086539
v 0.04093048 0.06233634 1.110294
v 0.04070127 0.00729203 1.111055
v -0.04826204 -0.0342892 1.049414
v -0.0475283 0.006791027 1.112795
v 0.0403356 0.06206563 1.111905
v -0.04843958 0.004568404 1.0862
v 0.03925407 0.0636929 1.11144
v -0.04804589 0.06279211 1.113551
v -0.04630812 0.06386443 1.111545
v -0.04729064 0.04435391 1.068214
v -0.04806306 0.06455068 1.111677
v -0.04843609 -0.003148642 1.086158
v 0.0400588 -0.04117361 1.068964
v 0.03896164 -0.0623285 1.11143
v -0.0484629 -0.004423112 1.083985
v -0.04694628 -0.06250901 1.111552
v -0.04677353 -0.04256086 1.068223
v -0.04814699 -0.06286207 1.112328
v -0.03655303 0.2037892 1.01958
v -0.0295861 0.2037981 1.020909
v -0.04976122 0.2056357 1.020209
v 0.0005298642 0.1860978 1.044881
v 0.01139877 0.180191 1.047076
v 0.02029714 0.1761447 1.046599
v 0.03790338 0.1676961 1.037073
v 0.04907163 0.1633002 1.023152
v 0.05282733 0.1627434 1.009684
v 0.0504089 0.1672431 0.9824606
v 0.04366534 0.1650837 1.031397
v 0.05219727 0.1644336 0.9957539
v -0.0101617 0.1924687 1.038567
v 0.03099948 0.1707576 1.041725
v 0.05186808 0.1629544 1.005279
v 0.05041887 0.1622635 1.012986
v -0.002560511 0.1865355 1.042379
v 0.004194651 0.1825029 1.044643
v 0.01086863 0.1788888 1.04574
v 0.01715371 0.1758873 1.045512
v 0.02302035 0.1733709 1.0443
v 0.04447204 0.1630998 1.027513
v 0.04956432 0.1658067 0.9865899
v 0.03954725 0.1649933 1.033967
v -0.04973006 0.2042324 1.008479
v -0.0499875 0.206917 1.010252
v -0.05142888 0.2056032 1.007706
v -0.05544278 0.2044596 1.006179
v -0.05415814 0.2049938 1.007564
v -0.05439231 0.2067083 1.00859
v -0.05692592 0.2064939 1.005815
v -0.05696686 0.2059788 0.9813983
v -0.05465705 0.2030404 0.9549871
v -0.05546656 0.2022415 0.9574995
v -0.05059111 -0.2016507 0.95386
v -0.02994451 -0.2027574 1.021167
v 0.04096745 -0.1710429 0.9637236
v 0.04783013 -0.1673235 0.9770376
v 0.05005256 -0.1638076 0.9889457
v 0.05179592 -0.1643516 0.9889464
v 0.05285896 -0.1621324 1.00137
v 0.05118275 -0.1614893 1.001259
v 0.0499506 -0.1604411 1.013676
v 0.05238346 -0.1613488 1.01174
v 0.04960119 -0.1614823 1.020365
v 0.04660259 -0.1610619 1.023803
v 0.04502129 -0.1633943 1.030848
v 0.04214309 -0.1632417 1.031699
v 0.03453887 -0.1666202 1.03892
v 0.0355996 -0.1679396 1.040188
v 0.02466258 -0.1722244 1.044405
v 0.01804421 -0.1749683 1.045989
v 0.01174446 -0.1775761 1.045991
v 0.004251685 -0.1814738 1.044894
v -0.003183343 -0.1858559 1.042202
v -0.01013327 -0.1906429 1.038328
v -0.0138114 -0.1941824 1.037
v -0.04179577 -0.2036847 1.019745
v -0.0499214 -0.2043523 1.020408
v -0.04969869 -0.2051485 1.009763
v -0.05095615 -0.2044858 1.007912
v -0.05647773 -0.2045031 1.005357
v -0.05678803 -0.2046472 0.9864352
v -0.05385011 -0.204926 1.008261
v -0.05420148 -0.2036385 1.007548
v -0.05484318 -0.2025051 1.006967
v -0.1233423 0.01398881 1.105055
v -0.1232364 0.004906151 1.104493
v -0.1146748 0.01159981 1.103559
v -0.114981 -0.009917313 1.103408
v -0.1219702 0.01421342 1.103422
v -0.1221044 -0.01253641 1.103462
v -0.1136814 0.01556572 1.123752
v -0.1138135 -0.01428839 1.12374
v -0.1137563 -0.01046969 1.104651
v -0.1138993 0.01216414 1.104805
v -0.1224874 -0.002427507 1.111312
v -0.1179451 -0.002027585 1.110982
v -0.1216721 -0.002094507 1.105415
v -0.1179451 -0.002027585 1.105482
v -0.1220137 0.00361022 1.105337
v -0.1179451 0.003472415 1.105482
v -0.1223686 0.003708011 1.111217
v -0.1179451 0.003472415 1.110982
v -0.1207541 0.01534147 1.103968
v -0.1209399 -0.01414754 1.104208
v -0.1223496 0.01530793 1.104773
v -0.1237386 -0.00793122 1.112734
v -0.1242276 -0.007402531 1.110429
v -0.1242395 -0.003244031 1.111702
v -0.1241893 -0.003724377 1.104355
v -0.1240858 0.005333799 1.111992
v -0.1241859 0.008238051 1.109331
v -0.1242065 0.00965043 1.11176
v -0.1240936 0.005319163 1.104514
v -0.1238146 0.01621811 1.112982
v -0.1198287 -0.09576596 0.9882323
v -0.1204449 -0.1174195 0.9927449
v -0.1198467 -0.1082635 0.9885222
v -0.1262227 -0.09565134 1.028295
v -0.1219536 -0.1238734 1.002881
v -0.1263801 -0.1239874 1.0328
v -0.1273152 -0.09288711 1.035127
v -0.1288457 -0.1195745 1.051944
v -0.1322386 -0.04893404 1.075281
v -0.1311744 -0.1032184 1.081006
v -0.1258031 -0.04201811 1.112787
v -0.1292057 -0.02630824 1.10114
v -0.125672 0.04291423 1.112863
v -0.1304583 0.04873367 1.097154
v -0.1309555 0.08090474 1.097461
v -0.1282355 0.06151852 1.109329
v -0.1315 0.08919165 1.090636
v -0.130527 0.1122249 1.070482
v -0.1316502 0.0539533 1.065769
v -0.1283636 0.1224595 1.047325
v -0.1261391 0.1254876 1.031087
v -0.1273119 0.09410907 1.035171
v -0.1264887 0.09675479 1.029981
v -0.1223797 0.1256567 1.005699
v -0.1199231 0.09783951 0.988233
v -0.1212722 0.1233205 0.9983348
v -0.119843 0.1095654 0.9884924
v -0.1202618 0.1168932 0.9914802
v -0.1200575 -0.06247177 0.9882318
v -0.1198348 0.06457832 0.988232
v -0.127203 -0.0002901819 1.028186
v -0.126342 -0.0629985 1.026341
v -0.1275546 -0.06506312 1.034028
v -0.1309248 -0.02780401 1.054387
v -0.1322532 0.04032812 1.079579
v -0.1311688 0.1037872 1.081985
v -0.1317377 -0.02053323 1.089655
v -0.1285951 0.009989057 1.101946
v -0.1284675 0.04421506 1.104429
v -0.1315413 -0.0879151 1.090742
v -0.1279275 -0.007744413 1.102587
v -0.1301328 -0.06983482 1.102669
v -0.1280516 -0.05893538 1.109665
v -0.1280055 0.06409826 1.035629
v -0.127695 0.06680714 1.034781
v -0.1362288 0.09426457 1.091474
v -0.1360082 0.1074372 1.077735
v -0.1373141 0.03888142 1.074162
v -0.1311755 -0.04267178 1.112741
v -0.1290909 -0.006700294 1.112983
v -0.1329013 -0.02367191 1.105233
v -0.1263759 -0.1220199 0.9986145
v -0.1274913 -0.1242242 1.006061
v -0.1249092 -0.1056948 0.9882473
v -0.125014 -0.1110502 0.9893051
v -0.1254791 -0.1168245 0.9925486
v -0.1249935 0.1077999 0.9882517
v -0.1262668 0.1231509 0.9979016
v -0.1251875 0.1153959 0.9905369
v -0.1274606 0.1256701 1.005852
v -0.1341388 0.05417651 1.042329
v -0.1347446 0.1174826 1.060772
v -0.135937 0.04577344 1.095014
v -0.1351605 0.07891718 1.102081
v -0.1324848 0.0543245 1.111061
v -0.1336929 0.06393266 1.10855
v -0.1328259 0.025434 1.105533
v -0.130585 0.03969014 1.112976
v -0.1370148 -0.02917947 1.064443
v -0.1372081 -0.01983739 1.084344
v -0.1362185 -0.09227508 1.091972
v -0.135229 -0.05119146 1.099272
v -0.1332478 -0.05830029 1.10979
v -0.1361747 -0.1026324 1.081612
v -0.1349383 -0.07524699 1.103508
v -0.1352741 -0.113262 1.066488
v -0.1334037 -0.1206606 1.048712
v -0.1331808 -0.02450924 1.033984
v -0.1311743 -0.1240575 1.031123
v -0.1312787 0.1254231 1.031761
v -0.1332295 0.1223571 1.047727
v -0.1198848 0.09572241 0.988232
v -0.1185231 0.0958814 0.988232
v -0.1198848 -0.09427759 0.988232
v -0.1200266 -0.06427759 0.988232
v -0.1184409 -0.06418897 0.988232
v -0.1179617 -0.09431112 0.988232
v -0.1301252 -0.1130793 1.066747
v -0.1308187 -0.09079801 1.093148
v -0.1296347 -0.0767523 1.102514
v -0.1292963 0.1188597 1.057829
v -0.1308848 0.09368361 1.091927
v -0.1297918 0.07954324 1.101816
v -0.1184308 -0.06458017 0.9793463
v -0.1183887 -0.09405687 0.9794943
v -0.1104206 -0.06444939 0.980047
v -0.11012 -0.06456529 1.002205
v -0.1245324 -0.06422776 1.024943
v -0.1108126 -0.0924233 0.9783325
v -0.1168289 -0.09244883 0.9782823
v -0.1103665 -0.06590135 0.9784601
v -0.1168941 -0.06607215 0.9782901
v -0.1107425 -0.09402841 0.9794975
v -0.1105186 -0.09414798 1.002668
v -0.1246964 -0.09435017 1.026874
v -0.1090991 -0.09274758 1.00313
v -0.1091922 -0.092799 0.9797021
v -0.1090302 -0.06617314 1.002398
v -0.1091102 -0.06592153 0.9800026
v -0.1183839 0.09548273 0.9794795
v -0.1185057 0.06593411 0.979552
v -0.1107759 0.09556468 0.9798056
v -0.1105201 0.09559382 1.002654
v -0.1251107 0.0957132 1.027987
v -0.1168348 0.09394215 0.978295
v -0.110385 0.09417888 0.9784833
v -0.1170812 0.06739802 0.9783064
v -0.1101489 0.06751247 0.9785356
v -0.1183566 0.06564931 0.988232
v -0.1105083 0.06594496 0.9795935
v -0.1107199 0.0658095 1.002005
v -0.1258395 0.06529756 1.026918
v -0.1091726 0.09436622 0.9800249
v -0.1091139 0.0942084 1.003144
v -0.1091183 0.06708926 1.002333
v -0.1091009 0.0673629 0.9800391
v -0.1253052 -0.002232305 1.105287
v -0.1289451 -0.002027585 1.105482
v -0.1258516 -0.00209229 1.11098
v -0.1289451 -0.002027585 1.110982
v -0.1289451 0.003472415 1.110982
v -0.1252688 0.003707741 1.111063
v -0.1254954 0.003611524 1.10534
v -0.1289451 0.003472415 1.105482
v -0.1248222 -0.006244966 1.103456
v -0.1271192 0.008599361 1.102913
v -0.1246893 0.007689053 1.10367
v -0.05911809 0.1865425 0.2366742
v -0.0656351 0.1865224 0.2372098
v -0.06185127 0.1865224 0.237797
v -0.0593329 0.1865224 0.2269669
v -0.06963289 0.1865224 0.2269669
v -0.06996101 0.1865224 0.2368107
v -0.06867475 0.1865224 0.2401196
v -0.0708634 0.1864848 0.2435323
v -0.06664209 0.1865343 0.2446782
v -0.06046163 0.1865224 0.2424474
v -0.05727182 0.1863289 0.243132
v -0.06358067 0.1865245 0.2452302
v -0.0735788 0.1864363 0.2371347
v -0.05519355 0.1865206 0.2370525
v -0.06180777 0.1835224 0.2408066
v -0.06197049 0.1817224 0.2411169
v -0.06202085 0.1817224 0.2415511
v -0.06213365 0.1817224 0.241972
v -0.06231782 0.1817224 0.2423669
v -0.06350835 0.1835224 0.2435788
v -0.06286801 0.1817224 0.2430416
v -0.06323289 0.1817224 0.243282
v -0.06362785 0.1817224 0.2434662
v -0.06404878 0.1817224 0.243579
v -0.06448289 0.1817224 0.2436169
v -0.06491701 0.1817224 0.243579
v -0.06646299 0.1835224 0.2428747
v -0.06533793 0.1817224 0.2434662
v -0.06609783 0.1817224 0.2430416
v -0.06639799 0.1817224 0.2427239
v -0.06664796 0.1817224 0.2423669
v -0.06683213 0.1817224 0.241972
v -0.0669449 0.1817224 0.2415511
v -0.06695774 0.1835224 0.2405196
v -0.06698289 0.1817224 0.2411169
v -0.0669449 0.1817224 0.2406828
v -0.06683213 0.1817224 0.2402619
v -0.06664796 0.1817224 0.2398669
v -0.06564923 0.1835224 0.2387844
v -0.06639799 0.1817224 0.23951
v -0.06608985 0.1817224 0.2392018
v -0.06573289 0.1817224 0.2389519
v -0.06533793 0.1817224 0.2387677
v -0.06491701 0.1817224 0.2386549
v -0.06448289 0.1817224 0.2386169
v -0.06346489 0.1835224 0.2387834
v -0.06404878 0.1817224 0.2386549
v -0.06362785 0.1817224 0.2387677
v -0.06323289 0.1817224 0.2389519
v -0.06287593 0.1817224 0.2392018
v -0.06256779 0.1817224 0.23951
v -0.06231782 0.1817224 0.2398669
v -0.06213365 0.1817224 0.2402619
v -0.07346049 0.1818095 0.2231501
v -0.06080934 0.1817978 0.2450342
v -0.05534912 0.1818763 0.2230105
v -0.06799904 0.181768 0.2449229
v -0.05613883 0.1817736 0.2407648
v -0.07361481 0.1818299 0.2389942
v -0.07424019 0.1828333 0.2395292
v -0.07426766 0.1856621 0.2390901
v -0.07434774 0.1858169 0.2363755
v -0.07396463 0.2010898 0.2368449
v -0.07435672 0.2010804 0.223077
v -0.07413621 0.1824992 0.2226146
v -0.0724429 0.1856588 0.2428358
v -0.07212535 0.1822997 0.242882
v -0.0701288 0.1826796 0.244851
v -0.06826054 0.185592 0.2458079
v -0.06686048 0.1826993 0.246
v -0.06099229 0.1826326 0.2458293
v -0.06211532 0.1853754 0.2460358
v -0.05479502 0.1824865 0.2395299
v -0.05483117 0.1855706 0.2397701
v -0.05707032 0.1827032 0.2434713
v -0.0589384 0.1855574 0.2449041
v -0.05453415 0.1855034 0.2360711
v -0.05479984 0.1827462 0.22248
v -0.05463888 0.2010255 0.23634
v -0.05492305 0.2011496 0.2225554
v -0.07359755 0.2015467 0.2224565
v -0.06514627 0.1835225 0.245312
v -0.06138913 0.1835224 0.2438358
v -0.06041732 0.1835224 0.2408634
v -0.0617531 0.1835224 0.2380334
v -0.06473646 0.1835224 0.2370514
v -0.06756648 0.1835224 0.2383872
v -0.06854143 0.1835224 0.2420863
v -0.05903554 0.1973062 0.2367687
v -0.0554341 0.2015325 0.2368391
v -0.06991774 0.1973175 0.2367685
v -0.06963288 0.1970224 0.2269669
v -0.0593329 0.1970224 0.2269669
v -0.05530282 0.2018588 0.2230679
v -0.07346874 0.2018739 0.2363244
v 0.07066713 0.1865224 0.2269669
v 0.06036713 0.1865224 0.2269669
v 0.07068524 0.1865224 0.2359194
v 0.06003899 0.1865224 0.2368107
v 0.05658404 0.1864761 0.2370783
v 0.05662993 0.1864451 0.2392672
v 0.06135191 0.1865224 0.240867
v 0.05921512 0.1864982 0.2431541
v 0.06335793 0.1865343 0.2446782
v 0.06945612 0.1865224 0.2395576
v 0.06891677 0.1865224 0.2433593
v 0.07131819 0.1865224 0.2369575
v 0.07224033 0.1864884 0.2431437
v 0.06667441 0.1865108 0.2450223
v 0.06309807 0.1865224 0.2378395
v 0.06612462 0.1865224 0.2370437
v 0.07479791 0.1864208 0.2370361
v 0.067931 0.1835224 0.2424204
v 0.06801713 0.1817224 0.2411169
v 0.06797914 0.1817224 0.2415511
v 0.06786634 0.1817224 0.241972
v 0.06768219 0.1817224 0.2423669
v 0.06713204 0.1817224 0.2430416
v 0.06676711 0.1817224 0.243282
v 0.06637217 0.1817224 0.2434662
v 0.06444834 0.1835224 0.2435888
v 0.06595124 0.1817224 0.243579
v 0.06551711 0.1817224 0.2436169
v 0.06508301 0.1817224 0.243579
v 0.06387845 0.1817224 0.2430698
v 0.06344011 0.1817224 0.2425237
v 0.06289779 0.1835224 0.24073
v 0.06316788 0.1817224 0.241972
v 0.0630551 0.1817224 0.2415511
v 0.06301711 0.1817224 0.2411169
v 0.0630551 0.1817224 0.2406828
v 0.06316788 0.1817224 0.2402619
v 0.06335206 0.1817224 0.2398669
v 0.063602 0.1817224 0.23951
v 0.06457308 0.1835224 0.2387224
v 0.06391016 0.1817224 0.2392018
v 0.06426711 0.1817224 0.2389519
v 0.06466208 0.1817224 0.2387677
v 0.06508301 0.1817224 0.2386549
v 0.06551711 0.1817224 0.2386169
v 0.06716189 0.1835224 0.239042
v 0.06595124 0.1817224 0.2386549
v 0.06637217 0.1817224 0.2387677
v 0.06676711 0.1817224 0.2389519
v 0.06712408 0.1817224 0.2392018
v 0.06743224 0.1817224 0.23951
v 0.06768219 0.1817224 0.2398669
v 0.06786634 0.1817224 0.2402619
v 0.06797914 0.1817224 0.2406828
v 0.05639299 0.1818111 0.2233354
v 0.06782857 0.1817955 0.2451965
v 0.07445121 0.181793 0.2232189
v 0.06172273 0.181781 0.2448907
v 0.07370452 0.1817646 0.2411928
v 0.05717703 0.1817839 0.2410733
v 0.05560317 0.2009114 0.2361367
v 0.05587499 0.2014949 0.2228684
v 0.05555668 0.1857098 0.2363727
v 0.05591772 0.1823723 0.2226303
v 0.05568394 0.1825853 0.2386315
v 0.05622977 0.1853953 0.2407317
v 0.05689057 0.1826413 0.2419474
v 0.05771767 0.1858372 0.242887
v 0.05982703 0.1827618 0.2448447
v 0.0600355 0.1856229 0.2448641
v 0.06287367 0.1859213 0.2458895
v 0.06313951 0.1826993 0.246
v 0.06776538 0.1827955 0.2460295
v 0.06791583 0.1857829 0.2459404
v 0.07523051 0.1824765 0.2394256
v 0.07507578 0.1854916 0.2402565
v 0.0729989 0.182795 0.2434308
v 0.07151003 0.185605 0.2446745
v 0.07046807 0.1823824 0.2450794
v 0.07547502 0.1854592 0.2360424
v 0.07518259 0.1825645 0.2225078
v 0.07540138 0.2010607 0.2361412
v 0.07508389 0.2011219 0.2225237
v 0.05663549 0.2010112 0.2221957
v 0.0627685 0.1835223 0.2443525
v 0.06624326 0.1835224 0.2450939
v 0.06861089 0.1835224 0.2438358
v 0.06958269 0.1835224 0.2408634
v 0.06824687 0.1835224 0.2380333
v 0.0641797 0.1835224 0.2370972
v 0.06148177 0.1835224 0.2402947
v 0.07096447 0.1973062 0.2367687
v 0.07456468 0.2015205 0.2368565
v 0.06008226 0.1973175 0.2367685
v 0.05637402 0.2016674 0.2367847
v 0.06036713 0.1970224 0.2269669
v 0.07066713 0.1970224 0.2269669
v 0.07457207 0.2018626 0.2229491
v -0.07766155 -0.02863064 1.315051
v -0.07188754 -0.03234218 1.318441
v -0.06514826 -0.02352022 1.340993
v -0.03500609 -0.01190434 1.337654
v -0.03696899 0.003859553 1.341202
v -0.03708822 -0.01839585 1.340951
v -0.03262663 -0.02481301 1.327078
v -0.02528439 -0.02542309 1.315375
v -0.02141783 -0.01960198 1.314325
v -0.02419627 -0.01452811 1.320744
v -0.0330556 -0.0198926 1.331663
v -0.02682162 -0.00721903 1.326732
v -0.02719721 0.02857095 1.317135
v -0.03408915 0.02514012 1.331674
v -0.03451204 0.01747013 1.336153
v -0.02394349 0.02044183 1.318562
v -0.02702023 0.01341533 1.325899
v -0.03702286 0.01998831 1.34103
v -0.0297293 0.03361917 1.315349
v -0.03408296 0.03594587 1.317695
v -0.03815341 0.02352105 1.341076
v -0.04432604 0.0284291 1.341004
v -0.04076958 0.02647577 1.341101
v -0.066394 0.0240864 1.341013
v -0.07483807 0.03035294 1.319495
v -0.06779201 0.02103733 1.340981
v -0.07182819 0.02290233 1.331419
v -0.07396181 0.03595253 1.313776
v -0.0633673 0.02717106 1.341064
v -0.07808974 0.0267299 1.318352
v -0.08075647 0.01674998 1.320745
v -0.1027731 0.01794139 1.291055
v -0.0781172 0.009448866 1.326751
v -0.06994807 0.01412414 1.337654
v -0.07185355 -0.02138962 1.330878
v -0.06780786 -0.01894722 1.340768
v -0.02841858 -0.03579634 1.307582
v -0.03856008 -0.02186631 1.341013
v -0.04161561 -0.02498605 1.340948
v -0.07185958 -0.01457576 1.333878
v -0.07828538 -0.02097712 1.320741
v -0.07169416 -0.007020656 1.335705
v -0.08153984 -0.01517793 1.319447
v -0.06798112 0.002779018 1.341133
v -0.04012473 -0.050464 1.291134
v -0.04545235 -0.02633894 1.340996
v -0.06045536 -0.02624201 1.340949
v -0.04902612 -0.0518575 1.290949
v -0.0990554 0.02659539 1.291096
v -0.09355961 -0.03252559 1.291099
v -0.08455774 -0.04118801 1.291049
v -0.09795239 -0.02616512 1.290954
v -0.102347 -0.01710933 1.291107
v -0.1047618 0.01037736 1.291087
v -0.1055172 -0.003297395 1.291056
v -0.09272107 0.03571778 1.291127
v -0.07535855 -0.04679057 1.2911
v -0.06676096 -0.04996993 1.291085
v -0.05988646 -0.05146388 1.291058
v -0.03041546 -0.04721833 1.291123
v -0.01950479 -0.04061029 1.29116
v -0.006003659 -0.02461795 1.291069
v -0.01069652 -0.03160087 1.291053
v -0.001069531 -0.01234343 1.290967
v 0.0005964674 -9.424311e-05 1.291131
v -0.0008145794 0.01389689 1.291102
v -0.01985995 0.04300287 1.291099
v -0.01277374 0.03631647 1.291116
v -0.006398272 0.02755044 1.291065
v -0.0648443 0.05270042 1.291156
v -0.07636047 0.0485775 1.290985
v -0.02840917 0.0483689 1.291054
v -0.05967791 0.02854433 1.340951
v -0.05316499 0.05424863 1.291059
v -0.03879866 0.05251209 1.29114
v -0.08567851 0.04247636 1.291092
v -0.04379657 0.02513175 1.351117
v -0.03925636 0.02525665 1.351117
v -0.04470795 0.02846332 1.351117
v -0.06063948 0.02531328 1.351117
v -0.05955002 0.02855701 1.351117
v -0.06392647 0.02675673 1.351117
v -0.04045534 -0.01957057 1.351117
v -0.04102769 -0.02453674 1.351117
v -0.03719127 -0.01942828 1.351117
v -0.04015535 0.02068149 1.351117
v -0.03701349 0.02007924 1.351117
v -0.06468037 -0.01905238 1.351117
v -0.06569779 -0.02303665 1.351117
v -0.06056846 -0.02307151 1.351117
v -0.06025367 -0.02624792 1.351117
v -0.0449056 -0.02321172 1.351117
v -0.04540424 -0.02633703 1.351117
v -0.06465861 0.02120132 1.351117
v -0.06776287 0.0216483 1.351117
v -0.06794066 -0.01785924 1.351117
v -0.1054807 0.003878582 1.279117
v -0.1036871 0.01505836 1.279117
v -0.09801107 0.02869112 1.279117
v -0.08540486 0.0430544 1.279117
v -0.0710426 0.05083957 1.279117
v -0.05728937 0.05412855 1.279117
v -0.03923066 0.05266776 1.279117
v -0.02413348 0.04609156 1.279117
v -0.01327131 0.0368891 1.279117
v -0.00525704 0.02558865 1.279117
v -0.0006239451 0.01243527 1.279117
v 0.000598684 0.001172799 1.279117
v -0.001143206 -0.01286342 1.279117
v -0.00817658 -0.02833667 1.279117
v -0.01775888 -0.03905369 1.279117
v -0.02718598 -0.04555367 1.279117
v -0.04246499 -0.05130254 1.279117
v -0.0619635 -0.05122639 1.279117
v -0.07831958 -0.04544366 1.279117
v -0.09201162 -0.03447322 1.279117
v -0.1009345 -0.02081841 1.279117
v -0.1048611 -0.007430415 1.279117
v 0.02399291 0.1853017 0.05206455
v 0.001036383 0.1852825 0.06413151
v -0.02398679 0.1853353 0.05183863
v -0.006236166 0.1852825 0.06577984
v 0.01266987 0.1852818 0.07139497
v 0.008276206 0.1852825 0.06682241
v -0.01111559 0.1852821 0.06954881
v -0.01422954 0.1852806 0.07599745
v 0.009144146 0.1852825 0.09589925
v 0.01394074 0.1852825 0.08537517
v 0.02418902 0.1853073 0.2458942
v 0.01455546 0.1852822 0.07712524
v -0.02410848 0.1852943 0.2461327
v -0.008499533 0.1852825 0.09633707
v 0.0001171269 0.1854409 0.1033133
v -0.01349769 0.1852825 0.08619443
v -0.01988312 0.238116 0.236209
v 0.0201171 0.2461913 0.2312162
v 0.02011712 0.2351031 0.2375041
v 0.02011712 0.2200243 0.2430684
v -0.01988288 0.218342 0.2435135
v 0.02011712 0.1904762 0.2474451
v -0.01988288 0.1903469 0.2473363
v -0.0198821 0.2516767 0.2270834
v 0.01359746 0.2592291 0.2186757
v 0.0201088 0.2534369 0.2253761
v -0.01982215 0.2590557 0.2193005
v -0.01216688 0.2635088 0.2103895
v -0.01988287 0.1902825 0.05096693
v -0.01987315 0.2664308 0.05096693
v -0.01987076 0.2663116 0.2036934
v -0.01988058 0.2636212 0.2129143
v 0.02011713 0.1902825 0.05096694
v 0.0201177 0.2658591 0.2075416
v 0.01995905 0.2660779 0.05096694
v 0.02012214 0.2599571 0.2185175
v 0.05068634 0.1869083 0.2469746
v 0.02538566 0.1861505 0.2465886
v 0.0262223 0.1980586 0.2466654
v 0.05004673 0.1957383 0.2468504
v 0.04394864 0.2101553 0.2452414
v 0.02530573 0.2114707 0.2446103
v 0.02622074 0.2182566 0.2433957
v 0.03962464 0.2277293 0.2409633
v 0.02590757 0.2291972 0.2399097
v 0.03580454 0.2721238 0.05096694
v 0.04001469 0.2747643 0.2032432
v 0.03058559 0.269569 0.2047268
v 0.02527033 0.2674609 0.2036332
v 0.02529522 0.2676078 0.05096694
v 0.02543522 0.2654473 0.2111831
v 0.02538129 0.2403263 0.2344352
v 0.0360373 0.2374481 0.2367935
v 0.02619316 0.2524562 0.2270212
v 0.03710723 0.2484296 0.2319929
v 0.05899106 0.2869332 0.2086984
v 0.0393982 0.2726393 0.2100215
v 0.03186965 0.2675082 0.2122988
v 0.03924353 0.2683634 0.2170712
v 0.03673113 0.2633034 0.2209304
v 0.03859317 0.257835 0.2264738
v 0.02538035 0.2606416 0.2185003
v -0.04970882 0.2066673 0.2460372
v -0.02560981 0.2012789 0.2463889
v -0.05036956 0.1869349 0.2470103
v -0.02576288 0.1846071 0.2469485
v -0.04319179 0.2106899 0.2451175
v -0.02553116 0.2178977 0.2433877
v -0.02507365 0.2675978 0.05096693
v -0.02528633 0.2677245 0.2025292
v -0.03903917 0.2742351 0.2034273
v -0.03897759 0.2743002 0.05096694
v -0.02592672 0.2293433 0.2399173
v -0.03936595 0.2269621 0.2411188
v -0.03627705 0.2607141 0.2232962
v -0.0257928 0.2565574 0.2233643
v -0.02513248 0.2475912 0.2301014
v -0.02498345 0.2667467 0.2070371
v -0.02556612 0.2646336 0.2131352
v -0.03209362 0.2690471 0.2091439
v -0.02604464 0.2395752 0.2352469
v -0.03863862 0.2383488 0.2370818
v -0.03906307 0.2490802 0.2323736
v -0.04047241 0.2737313 0.2093586
v -0.02511417 0.2610824 0.2179827
v -0.03896062 0.2683323 0.2170863
v 0.1907642 0.2056593 0.2470059
v 0.1903597 0.1829008 0.2469674
v 0.0836048 0.221156 0.2468669
v 0.02435079 0.1845641 0.2468689
v -0.1901136 0.1828996 0.2469674
v 0.07954375 0.1869307 0.2469669
v 0.07971005 0.2058178 0.2469903
v -0.1905171 0.20564 0.2469751
v -0.08281877 0.2209695 0.2468676
v -0.07941796 0.2058293 0.2469709
v -0.07930917 0.1869309 0.2469669
v 0.2077089 0.1869108 0.2447571
v 0.2077463 0.205699 0.2447281
v 0.2110134 0.2189236 0.2432114
v 0.2047039 0.2237387 0.2455354
v 0.1989243 0.1818849 0.2470348
v 0.1991292 0.1865222 0.2466748
v 0.2082105 0.1827678 0.2445899
v 0.1906725 0.1868428 0.2469691
v 0.2009173 0.2060471 0.246519
v 0.1980963 0.2238265 0.246534
v 0.2132806 0.1825708 0.2417373
v 0.2157594 0.2256726 0.2389344
v 0.2167247 0.1826119 0.2380227
v 0.2184619 0.2268091 0.2342882
v 0.2196411 0.182237 0.2319622
v 0.220804 0.2268963 0.2257182
v 0.221115 0.1823466 0.2238204
v -0.1998492 0.1865216 0.2466468
v -0.1903845 0.1869042 0.2469677
v -0.1954893 0.182262 0.2470632
v -0.2050552 0.1825632 0.2456524
v -0.2074444 0.1868933 0.2447567
v -0.2105966 0.1824939 0.243391
v -0.2075114 0.2056652 0.2447306
v -0.2100598 0.2195355 0.2436361
v -0.2008847 0.2059775 0.2465244
v -0.19943 0.2211262 0.2465364
v -0.2149851 0.1825656 0.2399805
v -0.2152521 0.218851 0.2395079
v -0.2182359 0.2261119 0.2343388
v -0.2186352 0.1823289 0.2340827
v -0.2203318 0.2312337 0.2267639
v -0.2207023 0.1824476 0.2254888
v -0.2207874 0.2658147 0.2058647
v 0.2247875 0.1815224 0.2267875
v 0.2194727 0.1816068 0.2349741
v 0.2220954 0.1815683 0.2226997
v 0.2203697 0.1815224 0.2401482
v 0.2212675 0.1819551 0.05096695
v 0.2251171 0.1815224 0.05096694
v -0.2217586 0.181581 0.2244623
v -0.2179798 0.1816197 0.2375007
v -0.224522 0.1815226 0.2278854
v -0.2188905 0.1815224 0.24186
v -0.2031846 0.1816014 0.2471381
v -0.2103051 0.1815224 0.2479796
v -0.2124861 0.1816057 0.2432283
v -0.2248829 0.1815224 0.05096693
v -0.22105 0.1819173 0.05096693
v -0.1995504 0.1815225 0.2507651
v 0.2090403 0.1816438 0.2451619
v 0.2104293 0.1815224 0.2482506
v 0.2147381 0.18162 0.2415704
v 0.1976611 0.1815224 0.2508773
v -0.2244941 0.2713362 0.05096697
v 0.03160481 0.2742509 0.05096697
v 0.01221183 0.2691509 0.05096694
v -0.01776589 0.2698193 0.05096696
v -0.007893473 0.2650189 0.05096694
v 0.02507104 0.1861737 0.0510393
v -0.0248623 0.1863541 0.05099883
v -0.03448804 0.2762162 0.05096694
v -0.2105281 0.2909549 0.0509669
v -0.2121326 0.2857078 0.05096692
v -0.2185543 0.2852171 0.05096698
v -0.2178708 0.2787486 0.05096693
v 0.2246953 0.2711617 0.05096702
v 0.2208015 0.2707283 0.05096699
v 0.219125 0.2849612 0.05096694
v 0.2170044 0.2805484 0.05096695
v 0.2118499 0.2860557 0.05096694
v 0.2101896 0.2912009 0.05096694
v 0.1995386 0.2938321 0.05096696
v -0.2207133 0.2680881 0.05096693
v -0.1995258 0.2938227 0.05096695
v -0.1998779 0.2898105 0.05096694
v -0.05981486 0.2933598 0.05096695
v -0.06151717 0.2896227 0.05096694
v 0.1995693 0.2898471 0.05096694
v 0.06055753 0.2935227 0.05096696
v 0.06134466 0.2894924 0.05096695
v -0.05682256 0.2914931 0.2052876
v -0.03681286 0.2776017 0.2040818
v -0.06259867 0.2937273 0.203631
v -0.2005487 0.293393 0.2067444
v -0.2247772 0.2399604 0.2203541
v -0.2247582 0.2660915 0.2038845
v 0.224989 0.2383899 0.2214727
v 0.2247542 0.2696452 0.203959
v 0.06447403 0.2938027 0.2050563
v 0.1998865 0.2937266 0.2039695
v 0.05758308 0.2918437 0.2050261
v 0.03720307 0.27771 0.2038562
v -0.04804741 0.1964291 0.2507925
v -0.08212334 0.2215426 0.250815
v -0.1960716 0.218998 0.2508279
v 0.2012873 0.218072 0.2505512
v 0.08376674 0.2184089 0.2509033
v 0.04856426 0.1980374 0.2507008
v 0.1979875 0.2276619 0.2501644
v 0.08023894 0.2300557 0.2499665
v 0.2002482 0.2383869 0.2483712
v 0.1978995 0.2483628 0.2460233
v 0.07648537 0.2424873 0.2476969
v 0.1964713 0.2614146 0.2412788
v 0.07177427 0.257711 0.2429264
v 0.06785782 0.2697812 0.2366751
v 0.1981195 0.2710772 0.2358671
v 0.06519257 0.2783606 0.2305181
v 0.1964909 0.2792391 0.2299323
v 0.06505954 0.2850934 0.2237926
v 0.1979576 0.2866199 0.2218897
v 0.06385575 0.2891096 0.2179636
v 0.1999616 0.2905433 0.2151787
v 0.06334101 0.2918051 0.2123686
v 0.1998629 0.292737 0.2092241
v 0.04414692 0.2115227 0.2490911
v 0.03959307 0.2231136 0.2462691
v 0.04290958 0.2375426 0.2427303
v 0.0361355 0.2623511 0.2274106
v 0.03559836 0.2501417 0.2354011
v 0.05990088 0.2837346 0.2231099
v 0.05807861 0.2886201 0.2150621
v 0.03554616 0.2701483 0.2189981
v 0.03677978 0.2756088 0.2111472
v -0.01970318 0.2589746 0.2254864
v 0.02106761 0.257125 0.2275585
v -9.473041e-05 0.2645543 0.2176179
v -0.02214796 0.2537716 0.2305219
v -0.02997419 0.2339876 0.2423954
v 0.03317606 0.2344878 0.2422692
v -0.02696606 0.2480223 0.2349953
v 0.02484414 0.2471725 0.2354438
v -0.03950962 0.2227129 0.2463719
v -0.04254598 0.2111903 0.249074
v -0.06443267 0.292582 0.2102967
v -0.199368 0.2904533 0.2153835
v -0.06494989 0.289713 0.2171145
v -0.1961388 0.286571 0.2220105
v -0.06603683 0.2855152 0.2233927
v -0.1961546 0.278873 0.2302691
v -0.06488302 0.2771471 0.231464
v -0.0695833 0.2658717 0.2392257
v -0.201042 0.2664325 0.2384496
v -0.1995044 0.2542304 0.2440906
v -0.07400076 0.2498828 0.245688
v -0.1974052 0.2360114 0.2490539
v -0.07813265 0.2364318 0.2489773
v -0.0585902 0.290762 0.211274
v -0.03649841 0.2755382 0.2112358
v -0.05943097 0.2882052 0.2171881
v -0.03456199 0.2695702 0.2191851
v -0.06098368 0.2839894 0.2236499
v -0.03275993 0.2633822 0.2246838
v -0.03467049 0.2565331 0.23113
v -0.03563405 0.2470397 0.2369246
v -0.03817898 0.2366509 0.2420816
v -0.207603 0.2917817 0.2065414
v -0.2145467 0.2886183 0.2049192
v -0.2204366 0.2822818 0.2051907
v -0.2236529 0.2732013 0.2074056
v -0.203403 0.2848185 0.2230646
v -0.2159573 0.284678 0.2130571
v -0.2205119 0.2787007 0.212566
v -0.2162262 0.2809357 0.2185498
v -0.2099287 0.2871278 0.216085
v -0.2202846 0.2271284 0.2390041
v -0.2163619 0.2354078 0.2422931
v -0.2187086 0.2494967 0.2360955
v -0.2101237 0.2674608 0.2348734
v -0.2148874 0.2580053 0.2366785
v -0.2094947 0.2529006 0.2420849
v -0.2233272 0.2264768 0.2319421
v -0.2219555 0.2485581 0.2306551
v -0.2159903 0.2193701 0.2443768
v -0.2060442 0.2203049 0.2493448
v -0.2067681 0.2351972 0.2475154
v -0.2126095 0.2249518 0.2464683
v -0.2134377 0.2446341 0.2424593
v -0.2236593 0.2533113 0.2231416
v -0.221966 0.2662743 0.2217839
v -0.2175602 0.2646283 0.2308275
v -0.2031636 0.2768086 0.2308956
v -0.2098347 0.2771772 0.2281046
v -0.2191794 0.2741055 0.2213912
v -0.216158 0.2748654 0.2250947
v -0.2100699 0.2835213 0.2214021
v -0.2117337 0.2889739 0.2100765
v 0.2222986 0.2789072 0.2036863
v 0.2191207 0.2839605 0.2068971
v 0.2156982 0.2878983 0.2032987
v 0.2099951 0.2912863 0.2028182
v 0.2094215 0.289792 0.2113693
v 0.2087189 0.2850894 0.2204548
v 0.2161411 0.2844146 0.2136777
v 0.2222136 0.2767895 0.2101907
v 0.219105 0.2782266 0.2173792
v 0.2164002 0.2747375 0.2251984
v 0.2206478 0.2726005 0.2203131
v 0.2146598 0.2671037 0.2324048
v 0.2188785 0.2602319 0.2317676
v 0.2055134 0.2535233 0.2432433
v 0.2235999 0.2678682 0.2151366
v 0.2221998 0.2545104 0.2286121
v 0.2206706 0.2275286 0.2387154
v 0.223522 0.2263636 0.2320029
v 0.2076674 0.2343808 0.2474132
v 0.2105327 0.2198083 0.2478544
v 0.2138485 0.2815847 0.2209358
v 0.2135676 0.2541081 0.2396413
v 0.206166 0.2672319 0.2367223
v 0.2101661 0.2767022 0.228474
v 0.2034152 0.2785775 0.2294875
v 0.2135008 0.2341375 0.2448411
v 0.2184248 0.2397417 0.2396342
v 0.2238937 0.2517652 0.2238577
v 0.216346 0.2204558 0.2442491
v 0.2129689 0.2889022 0.2080604
v 0.008573126 0.2689663 0.2038407
v -0.02748427 0.272747 0.2037961
v -0.01584199 0.2695534 0.2036239
v -0.02805606 0.2715967 0.2100088
v -0.0276303 0.2672797 0.2179274
v 0.008985195 0.2676966 0.2101463
v -0.01345114 0.2679591 0.2106176
v -0.02134425 0.2693204 0.2102101
v -0.01813965 0.2644584 0.2186048
v 0.02083584 0.2705413 0.2037961
v 0.02902577 0.2733572 0.2037364
v 0.0180722 0.2640505 0.2191386
v 0.02566957 0.2662506 0.2182283
v 0.02103882 0.2692729 0.2100087
v 0.0278235 0.2713217 0.2102102
v 0.02967606 0.2595782 0.2271645
v -0.05848398 0.2879493 0.2033586
v -0.1970754 0.2898394 0.2038193
v -0.06321356 0.2897664 0.2031972
v 0.2208429 0.2686131 0.2039253
v 0.1954997 0.2899156 0.2032207
v 0.06476285 0.2898928 0.2033771
v 0.05981574 0.2885944 0.2032785
v 0.1993097 0.2885668 0.2093845
v 0.06385371 0.2885562 0.2094495
v 0.1955681 0.2847587 0.2177823
v 0.06489994 0.2857591 0.2159977
v 0.06387496 0.2817867 0.2211801
v 0.1999105 0.2790857 0.2242477
v 0.06573299 0.2759789 0.2272632
v 0.1974208 0.271659 0.2308126
v 0.06853354 0.2681282 0.2330628
v 0.2001977 0.2588987 0.2378125
v 0.07100955 0.2595308 0.2376479
v 0.07462162 0.2488398 0.2418176
v 0.1972817 0.2429657 0.2434931
v 0.07886775 0.2361551 0.2449914
v 0.04994447 0.2067289 0.246058
v 0.0601658 0.2845676 0.2150485
v -0.1970031 0.2349899 0.2451875
v -0.07830931 0.2356757 0.245052
v -0.07444397 0.2486482 0.2418947
v -0.1974114 0.2478532 0.2419943
v -0.1975033 0.2593291 0.2377692
v -0.07074999 0.25982 0.2375203
v -0.06830607 0.2680194 0.2331191
v -0.1957511 0.2716638 0.2308164
v -0.06542356 0.2757996 0.2273917
v -0.1994986 0.2787127 0.2246394
v -0.06406163 0.2818244 0.2213024
v -0.1961442 0.2845354 0.218062
v -0.06530115 0.286318 0.214999
v -0.1991149 0.2886389 0.2093317
v -0.06364176 0.288707 0.2089891
v -0.06067733 0.284622 0.2157589
v -0.05891449 0.2868487 0.2091628
v -0.06275609 0.2064516 0.246781
v -0.2193889 0.2746353 0.2032105
v -0.217139 0.2797375 0.2057284
v -0.21275 0.2850845 0.2040911
v -0.2050531 0.2885617 0.2044838
v -0.2043516 0.2821263 0.2194427
v -0.2021537 0.2863462 0.2134131
v -0.209745 0.2822194 0.2160059
v -0.2149792 0.2762039 0.217545
v -0.2188367 0.2714245 0.2130307
v -0.2056002 0.2344331 0.2437559
v -0.2108188 0.2331598 0.2417324
v -0.2146812 0.2351745 0.2384209
v -0.2056129 0.2528526 0.2389515
v -0.2116258 0.2456902 0.2383593
v -0.2155975 0.2494286 0.2334768
v -0.2181892 0.246866 0.2297367
v -0.2133379 0.2819233 0.2118559
v -0.2115895 0.2565289 0.2345387
v -0.2137689 0.2631507 0.229374
v -0.2193243 0.2603521 0.2202407
v -0.2169456 0.2645943 0.2241385
v -0.2049099 0.2747313 0.2269125
v -0.2117655 0.2732513 0.2242874
v -0.202399 0.266477 0.233272
v -0.208554 0.2655239 0.2317177
v -0.2083257 0.2866421 0.2082926
v 0.2045808 0.288759 0.2038033
v 0.2116235 0.2859029 0.2045036
v 0.2154352 0.2825944 0.2037885
v 0.2184436 0.2777077 0.2046702
v 0.2155367 0.2804052 0.2103652
v 0.2167438 0.2754411 0.215435
v 0.2129276 0.2776389 0.2189516
v 0.2195492 0.2715224 0.2103322
v 0.2091836 0.2809975 0.2182634
v 0.2122984 0.2827116 0.2121361
v 0.2020153 0.2864753 0.2133534
v 0.2026393 0.2824371 0.2196265
v 0.2087772 0.285466 0.2110897
v 0.2089861 0.2561641 0.2362867
v 0.2125223 0.2504681 0.2364759
v 0.2058615 0.2428218 0.2419725
v 0.2074752 0.2746505 0.2259801
v 0.2057537 0.2660066 0.2326866
v 0.2115675 0.2650885 0.2303247
v 0.214675 0.2710455 0.2233667
v 0.2158149 0.2596788 0.2292016
v 0.2201317 0.2494662 0.2236225
v 0.2189755 0.2611765 0.2220053
v 0.2167624 0.2458711 0.2334112
v 0.2091652 0.2332747 0.2426927
v 0.2137118 0.2344546 0.2396266
v -0.007038578 0.2649 0.2041738
v 0.01306946 0.2652825 0.2035088
v 0.01412201 0.2638599 0.2100809
v -0.06055402 0.1872807 0.2274486
v -0.06024463 0.1950879 0.2279738
v -0.06015386 0.1876204 0.2369995
v -0.06035023 0.1957413 0.2366349
v -0.06105736 0.1956853 0.2273784
v -0.06934631 0.1957442 0.2367295
v -0.06878253 0.1955906 0.2274055
v -0.06884615 0.1870123 0.2273053
v -0.06953749 0.1950056 0.2279857
v -0.06957276 0.1876391 0.2280856
v -0.06934454 0.186862 0.2370862
v -0.06116753 0.1866445 0.2278334
v -0.0608856 0.1866461 0.2372681
v -0.1991749 0.1952402 0.2274222
v -0.1993007 0.1870017 0.2277383
v -0.199369 0.1957458 0.2363316
v -0.1995693 0.1874801 0.2365889
v -0.1912108 0.1959908 0.2369832
v -0.1909669 0.1955856 0.2273423
v -0.1985056 0.1959189 0.2278713
v -0.1911249 0.186605 0.228083
v -0.1987262 0.1865921 0.2369599
v -0.1902297 0.1952017 0.2372926
v -0.1906199 0.1872481 0.2274056
v -0.1902791 0.1950379 0.2277617
v -0.1985963 0.1875471 0.2270622
v 0.1998035 0.1876947 0.2280358
v 0.1997936 0.1950601 0.2281976
v 0.1995879 0.1868569 0.2367296
v 0.1996966 0.1956784 0.2364203
v 0.1989091 0.1959715 0.2365608
v 0.1991257 0.1955135 0.2273306
v 0.1913575 0.1959 0.2278879
v 0.1906668 0.1956102 0.2371303
v 0.1906938 0.1869631 0.2277656
v 0.1990892 0.1868814 0.2274796
v 0.1908246 0.1952174 0.2274231
v 0.1914038 0.187547 0.2270622
v 0.06067318 0.1957606 0.2365589
v 0.06071292 0.195666 0.2279669
v 0.0603904 0.1876257 0.2369817
v 0.06079134 0.1869734 0.2276902
v 0.06949405 0.195819 0.2367796
v 0.06949129 0.1956143 0.2278054
v 0.06941302 0.1872623 0.2273886
v 0.06959738 0.1868771 0.2371102
v 0.0698362 0.1949908 0.2359225
v 0.06140378 0.1875471 0.2270622
v 0.0690318 0.1949846 0.2271071
v 0.06128784 0.1950586 0.2271008
v 0.06911168 0.1866634 0.2280777
v 0.06111616 0.1866376 0.2372999
v -0.02498192 0.1862214 0.2462395
v -0.02491085 0.202418 0.2452464
v -0.02492769 0.2348723 0.2368839
v 0.02518095 0.2526316 0.225838
v -0.01405074 0.1757111 0.07524312
v -0.01438913 0.1728975 0.07891857
v -0.01205733 0.1765134 0.07085008
v -0.006921377 0.1765325 0.06603257
v 0.001770996 0.1765325 0.06419579
v 0.00864682 0.1765325 0.06708191
v 0.01258362 0.1764843 0.07129412
v 0.01449284 0.175618 0.07618139
v 0.01367236 0.1716007 0.07886918
v 0.01469674 0.1727705 0.07888805
v -0.01362661 0.1716441 0.07886918
v -0.007151563 0.1828259 0.09775814
v -0.01223265 0.1786223 0.0898523
v -0.004351351 0.1754772 0.05746422
v -0.003117837 0.1719852 0.05684374
v -0.009079393 0.1724861 0.06242704
v -0.009444623 0.1761705 0.06346843
v -0.01267289 0.1757051 0.06949165
v -0.01281353 0.1726645 0.06951794
v -0.01411227 0.1724636 0.07537843
v -0.001094237 0.1754881 0.05599057
v 0.0001543574 0.172084 0.05613806
v 0.00207688 0.1762415 0.05650967
v 0.003558882 0.1724439 0.05675941
v 0.004563984 0.1757183 0.05751485
v 0.007079862 0.1829775 0.0980432
v 0.01212387 0.1790334 0.09062549
v 0.01359322 0.1725747 0.07093074
v 0.01298016 0.17554 0.06958033
v 0.009945337 0.1756747 0.06337926
v 0.009188455 0.1727001 0.06220497
v 0.01333513 0.1715851 0.07398634
v -0.01240967 0.1716268 0.07053509
v -0.008190539 0.1715654 0.06288925
v 0.009760904 0.1716977 0.06391013
v 0.003193848 0.1715862 0.05757361
v 0.008360375 0.1764666 0.06258374
v -0.003051888 0.1764449 0.05746923
v 0.2265171 0.02400213 0.1410223
v 0.2265171 0.01570318 0.1419462
v 0.2265171 0.01201714 0.1307089
v 0.2265171 -0.02595948 0.1935446
v 0.2265171 -0.04270251 0.1810635
v 0.2265171 -0.02666002 0.1618564
v 0.2265171 -0.02458902 0.1940552
v 0.2265171 -0.01727895 0.1906455
v 0.2265171 -0.01856862 0.1622027
v 0.2265171 -0.01550736 0.1926782
v 0.2265132 -0.02231357 0.191048
v 0.2265171 -0.01890539 0.1907705
v 0.2265171 -0.02043206 0.1921898
v 0.2265171 -0.01709552 0.1919706
v 0.2265171 -0.01443116 0.1917641
v 0.2265171 -0.01304053 0.1927617
v 0.2265171 -0.01134943 0.1953675
v 0.2265171 -0.01351935 0.1945411
v 0.2265171 -0.01136433 0.1991451
v 0.2265171 -0.01148384 0.1975349
v 0.2265171 0.008979048 0.1858724
v 0.2265171 -0.01042803 0.1967135
v 0.2265171 -0.009993191 0.1997651
v 0.2265171 -0.007848643 0.2049851
v 0.2265171 -0.01230451 0.2055046
v 0.2265171 -0.007348584 0.2002907
v 0.2265171 -0.01155258 0.2042097
v 0.2265171 -0.01036838 0.2091255
v 0.2265171 -0.01192192 0.2019173
v 0.2265171 -0.01014145 0.2014422
v 0.2265171 -0.01468293 0.207583
v 0.2265171 -0.03362112 0.2511169
v 0.2265171 -0.01624655 0.2078688
v 0.2265171 -0.01469029 0.205698
v 0.2265171 -0.02507619 0.2064575
v 0.2265171 -0.02333541 0.2067964
v 0.2265171 -0.02118121 0.2071376
v 0.2265171 -0.02093813 0.2085797
v 0.2265171 -0.01926102 0.208728
v 0.2265171 -0.01854357 0.2072632
v 0.2265171 -0.02775622 0.2025369
v 0.2265171 -0.02686765 0.2038577
v 0.2265171 -0.02487515 0.2044702
v 0.2265171 -0.02808194 0.199411
v 0.2265171 -0.0264738 0.2009343
v 0.2265171 -0.02807564 0.197783
v 0.2265171 -0.02651806 0.1974717
v 0.2265171 -0.02641034 0.1952412
v 0.2265171 0.01407541 0.2171403
v 0.2265171 0.01803101 0.2131519
v 0.2265171 0.009246265 0.2511169
v 0.2265171 0.01919029 0.208508
v 0.2265171 0.0165404 0.2086009
v 0.2265171 0.009474734 0.2159277
v 0.2265171 0.007439705 0.206844
v 0.2265171 0.009034704 0.2086977
v 0.2265171 0.007813424 0.212408
v 0.2265171 0.01300536 0.2069726
v 0.2265171 0.01480335 0.2052342
v 0.2265171 -0.003258348 0.1411135
v 0.2265171 0.001360706 0.1307089
v 0.2265171 0.001936717 0.1416195
v 0.2265171 -0.00285946 0.1435503
v 0.2265171 0.0001826508 0.1592133
v 0.2265171 -0.00404234 0.1594088
v 0.2265171 0.0007589931 0.1440606
v 0.2265171 0.007491987 0.1461121
v 0.2265171 0.01050931 0.1484393
v 0.2265171 0.008468759 0.1539554
v 0.2265171 0.005836933 0.1588059
v 0.2265171 0.0009509214 0.161698
v 0.2265171 -0.006778608 0.1618643
v 0.2265171 -0.01221588 0.1608445
v 0.2265171 -0.009889288 0.1569392
v 0.2265171 -0.01253584 0.141117
v 0.2265171 -0.009799574 0.1411169
v 0.2265171 -0.006778608 0.1411249
v 0.2265171 0.004512831 0.1468411
v 0.2265171 0.00497911 0.1555955
v 0.2265171 0.005819102 0.1506225
v 0.2265171 -0.02094234 0.1491518
v 0.2265171 -0.01253584 0.1491518
v 0.2265171 -0.02094234 0.1411169
v 0.2265171 -0.0236786 0.1411169
v 0.2265171 -0.02516933 0.1409845
v 0.2265171 -0.02328745 0.1583113
v 0.2265171 -0.003542432 0.09057844
v 0.2265171 -0.004732834 0.09251275
v 0.2265171 -0.006963491 0.09078383
v 0.2265171 -0.01160322 0.092427
v 0.2265171 -0.007324439 0.09264344
v 0.2265171 -0.007627718 0.09727254
v 0.2265171 -0.01188284 0.09067306
v 0.2265171 -0.01160322 0.09854462
v 0.2265171 -0.01235529 0.1024414
v 0.226518 -0.007149154 0.09998628
v 0.2265171 -0.00713933 0.1028517
v 0.2265171 -0.01001571 0.1041046
v 0.2265171 -0.004255839 0.09669305
v 0.2265171 -0.003167547 0.1160058
v 0.2265171 -0.00855924 0.1058488
v 0.2265171 -0.005173057 0.1033273
v 0.2265171 -0.004946158 0.1005556
v 0.2265171 -0.006381165 0.09855617
v 0.2265171 -0.006000371 0.09521934
v 0.2265171 -0.01455647 0.1081892
v 0.2265171 -0.0139234 0.1039142
v 0.2265171 -0.01439653 0.09067306
v 0.2264956 -0.1710569 0.04453836
v 0.2265171 0.006866675 0.09060547
v 0.2265171 0.002056048 0.09088603
v 0.2265171 0.01234352 0.09710502
v 0.2265171 0.0107368 0.09337508
v 0.2265171 0.01150919 0.09057844
v 0.2265171 0.008445883 0.1049068
v 0.2265171 0.01165771 0.1012837
v 0.2265171 0.01398574 0.105487
v 0.2265171 -0.001382583 0.09333577
v 0.2265171 -0.00306036 0.09844683
v 0.2265171 -0.0005471338 0.103821
v 0.2265171 0.03764561 0.09067306
v 0.2265171 0.03513192 0.09067305
v 0.2265171 0.03345367 0.09057844
v 0.226518 0.0423793 0.09998627
v 0.2265171 0.03717317 0.1024414
v 0.2265171 0.03792522 0.09854462
v 0.2265171 0.03260225 0.1138151
v 0.2265171 0.03560505 0.1039142
v 0.2264445 0.1733758 0.0441375
v 0.2265171 0.0444971 0.09196534
v 0.2265171 0.04190673 0.09071216
v 0.2265171 0.04238911 0.1028517
v 0.2265171 0.03951276 0.1041046
v 0.2265171 0.03792522 0.092427
v 0.2265171 0.04190077 0.09727253
v 0.2265171 0.04220407 0.09264345
v 0.2265171 0.04435539 0.1033274
v 0.2265171 0.04458227 0.1005555
v 0.2265171 0.04343969 0.09867007
v 0.2265171 0.04538878 0.09534859
v 0.2265171 0.04096921 0.1058488
v 0.2265171 0.04352809 0.09521933
v 0.2265171 -0.05619746 0.1435804
v 0.2264732 -0.1717553 0.2511169
v 0.2265171 -0.05619746 0.1411249
v 0.2265171 -0.05511831 0.1535025
v 0.2265171 -0.05634354 0.1579562
v 0.2265171 -0.04716298 0.1438018
v 0.2265171 -0.04600839 0.1472441
v 0.2265171 -0.04506658 0.1618643
v 0.2265171 -0.0450547 0.1594088
v 0.2265171 -0.04097798 0.141117
v 0.2265171 -0.04436456 0.1494521
v 0.2265171 -0.04318271 0.1450046
v 0.2265171 -0.04644278 0.1413074
v 0.2265171 -0.0527436 0.1590275
v 0.2265171 -0.05320952 0.1553717
v 0.2265171 0.03124816 0.1047641
v 0.2265171 0.03291001 0.1019746
v 0.2265171 0.03101961 0.09067305
v 0.2265171 0.03072914 0.09057844
v 0.2265171 0.03297408 0.09067305
v 0.2265171 0.02671047 0.1057343
v 0.2265171 0.0159402 0.105487
v 0.2265171 0.01772709 0.09241108
v 0.2265171 0.02187706 0.09237052
v 0.2265171 0.02306047 0.09067305
v 0.2265171 0.0217297 0.09050706
v 0.2265171 0.03101961 0.09641222
v 0.2265171 0.02501497 0.09641221
v 0.2265171 0.02501497 0.09067305
v 0.2265171 0.02333986 0.1029547
v 0.2265171 0.01612522 0.09350183
v 0.2265171 0.01530131 0.09148526
v 0.2265171 0.01403557 0.09381782
v 0.2265171 -0.02151274 0.09060547
v 0.2265171 -0.02744058 0.09126533
v 0.2265171 -0.01993358 0.1049068
v 0.2265171 -0.01620912 0.1002366
v 0.2265171 -0.01687055 0.09431199
v 0.2265171 -0.03029062 0.09428277
v 0.2265171 -0.0314398 0.09844673
v 0.2265171 -0.03207722 0.09057844
v 0.2265171 -0.02892657 0.103821
v 0.2265171 -0.03035025 0.1194992
v 0.2265171 -0.04097798 0.1618564
v 0.2265171 -0.03824171 0.1618564
v 0.2265171 -0.02666002 0.1411169
v 0.2265171 -0.02939628 0.1618564
v 0.2265171 -0.02939628 0.1529557
v 0.2265171 -0.03824171 0.1529557
v 0.2265171 -0.03824171 0.1505001
v 0.2265171 -0.03824171 0.141117
v 0.2265171 -0.02939628 0.1505001
v 0.2265171 -0.02939628 0.1411169
v 0.2265171 0.03050127 0.1462115
v 0.2265171 0.03209141 0.1759039
v 0.2265171 0.03142733 0.1545057
v 0.2265171 0.01958471 0.1621286
v 0.2265171 0.02621303 0.1610442
v 0.2265171 0.01362281 0.1595241
v 0.2265171 0.01067079 0.1542605
v 0.2265171 -0.04154454 0.09067306
v 0.2265171 -0.03483381 0.09067305
v 0.2265171 -0.03288215 0.09067305
v 0.2265171 -0.0407057 0.09752502
v 0.2265171 -0.04120401 0.1028094
v 0.2265171 -0.03574999 0.1053264
v 0.2265171 -0.03323188 0.103091
v 0.2265171 -0.03450689 0.09759879
v 0.2265171 -0.0330952 0.09637255
v 0.2265171 -0.03302792 0.09949254
v 0.2265171 -0.03638767 0.09840356
v 0.2265171 -0.03466396 0.1015894
v 0.2265171 -0.03727384 0.1039776
v 0.2265171 -0.03961017 0.1056383
v 0.2265171 -0.04311349 0.1033745
v 0.2265171 -0.03519626 0.09601416
v 0.2265171 -0.04349904 0.09067306
v 0.2265171 0.01179811 0.1241043
v 0.2265171 0.00805108 0.1207821
v 0.2265171 0.007661914 0.115895
v 0.2265171 0.009973953 0.1249241
v 0.2265171 0.01006264 0.1307089
v 0.2265171 0.007939689 0.1226808
v 0.2265171 0.003315204 0.1307089
v 0.2265171 0.001783404 0.1232625
v 0.2265171 0.00386554 0.1236351
v 0.2265171 0.005679979 0.1208871
v 0.2265171 0.005707446 0.115895
v 0.2265171 -0.008086856 0.115895
v 0.226518 -0.003353173 0.1252082
v 0.2265171 -0.008559304 0.1276633
v 0.2265171 -0.007807233 0.1237666
v 0.2265171 -0.01060057 0.115895
v 0.2265171 -0.01012741 0.1291362
v 0.2265171 -0.003343341 0.1280736
v 0.2265171 -0.006219702 0.1293265
v 0.2265171 -0.007807233 0.1176489
v 0.2265171 -0.003831738 0.1224945
v 0.2265171 -0.003528439 0.1178654
v 0.2265171 -0.00220438 0.1204412
v 0.2265171 -0.000936932 0.1177346
v 0.2265171 -0.001377069 0.1285493
v 0.2265171 -0.001150219 0.1257774
v 0.2265171 -0.0004598438 0.121915
v 0.2265171 -0.002585185 0.1237781
v 0.2265171 -0.004763327 0.1310708
v 0.2265171 0.03711038 0.1448174
v 0.2265171 0.04394681 0.1453575
v 0.2265171 0.03666952 0.1618564
v 0.2265171 0.03419193 0.1446387
v 0.2265171 0.03393325 0.1618564
v 0.2265171 0.04415471 0.1618564
v 0.2265171 0.03759459 0.141314
v 0.2265171 0.04711654 0.1454156
v 0.2265171 0.05415645 0.1453576
v 0.2265171 0.04689098 0.1618564
v 0.2265171 0.05436429 0.1618564
v 0.2264946 0.1733593 0.2511169
v 0.2265171 0.05710056 0.1618564
v 0.2265171 0.056616 0.1439987
v 0.2265171 0.04089111 0.1431991
v 0.2265171 0.05046138 0.1430646
v 0.2265171 0.05225337 0.1409062
v 0.2265171 0.04160469 0.1408814
v 0.2265171 0.04766073 0.141391
v 0.2265171 0.04561549 0.1429841
v 0.2265171 0.005251571 0.2119327
v 0.2265171 0.02019519 0.1971301
v 0.2265171 0.02116344 0.1960242
v 0.2265171 0.02369002 0.1982176
v 0.2265171 0.02321323 0.199473
v 0.2265171 0.02806573 0.197666
v 0.2265171 0.02071931 0.1927165
v 0.2265171 0.02977191 0.1937013
v 0.2265171 0.02298744 0.1902918
v 0.2265171 0.02289546 0.1937595
v 0.2265171 0.02569393 0.1959023
v 0.2265171 -0.05292529 0.1617135
v 0.2265171 -0.02466808 0.1056814
v 0.2265171 0.003711342 0.1056814
v -0.2254764 0.1375087 0.0698152
v -0.2254727 0.1341506 0.07565015
v -0.2254816 0.1350726 0.07609686
v -0.2254829 0.04322975 0.08810222
v -0.2254829 0.03944419 0.07111693
v -0.2254829 0.04324077 0.09038235
v -0.2254829 0.07905813 0.09337734
v -0.2254829 0.05371225 0.08675332
v -0.2254829 0.05060818 0.09020179
v -0.2254829 0.04258883 0.07885665
v -0.2254829 0.04149148 0.07472677
v -0.2254829 0.05357659 0.07340439
v -0.2254829 0.05257459 0.08261788
v -0.2254829 0.05080207 0.08435342
v -0.2254829 0.05044224 0.08764009
v -0.2254829 0.04411532 0.07680642
v -0.2254829 0.04510614 0.07369195
v -0.2254829 0.04448484 0.07131493
v -0.2254829 0.05357659 0.07112426
v -0.2254829 0.0286898 0.07982988
v -0.2254829 0.03690339 0.07982988
v -0.2254829 0.0286898 0.07111693
v -0.2254829 0.03690339 0.07111693
v -0.2254829 0.02614897 0.07111693
v -0.2254829 0.0008555221 0.07074393
v -0.2254829 0.03944419 0.09037501
v -0.2254829 0.03690339 0.08211
v -0.2254829 0.0286898 0.08211
v -0.2254829 0.03690339 0.09037501
v -0.2254829 0.0286898 0.09037501
v -0.2254829 0.01863551 0.09069657
v -0.2254829 0.02614897 0.09037501
v -0.2254829 0.0233805 0.07111693
v -0.2254829 0.02307619 0.08699378
v -0.2254829 0.01273649 0.08943532
v -0.2254829 0.01059752 0.08587433
v -0.2254829 0.00768763 0.09038235
v -0.2254829 0.00768763 0.07112426
v -0.2254829 0.01049284 0.07111693
v -0.2254829 0.01303364 0.07111693
v -0.225475 -0.1710756 0.2511169
v -0.2254829 0.01303364 0.07857782
v -0.2254829 0.0208397 0.07857782
v -0.2254829 0.0208397 0.07111693
v -0.2254829 -0.04235785 0.07510856
v -0.2254829 -0.04889489 0.07505465
v -0.2254829 -0.0421484 0.09037501
v -0.2254829 -0.0301162 0.09037501
v -0.2254829 -0.01846789 0.09087048
v -0.2254829 -0.02415091 0.08863919
v -0.2254829 -0.05162872 0.09037501
v -0.2253221 -0.1118537 0.08486404
v -0.2253018 -0.1206465 0.09513
v -0.2254829 -0.04908792 0.09037501
v -0.2254829 -0.02089452 0.07102906
v -0.2254829 -0.03035644 0.07438711
v -0.2254829 -0.02692934 0.07584747
v -0.2254829 -0.03960757 0.09037501
v -0.2254829 -0.03265704 0.09037501
v -0.2254829 -0.03941454 0.07505463
v -0.2254829 -0.03306643 0.07455302
v -0.2254829 -0.02778929 0.08354942
v -0.2252504 -0.1099628 0.07574064
v -0.2254829 -0.05117878 0.07379279
v -0.2254829 -0.04546376 0.07292547
v -0.2254829 -0.0365771 0.07305036
v -0.2254829 -0.03351607 0.07129987
v -0.2254829 -0.0428631 0.07137144
v -0.2254829 -0.03723975 0.07089824
v -0.2254829 -0.04712781 0.07092123
v -0.2254829 -0.04096401 0.07285072
v -0.2254539 -0.1110158 0.06619402
v -0.2254829 0.1063183 0.09711692
v -0.2254361 0.1074363 0.09970998
v -0.2254829 0.1073578 0.097319
v -0.2254716 0.1109104 0.09400533
v -0.2254829 0.1100514 0.09770267
v -0.2254198 0.109262 0.09990126
v -0.2254829 0.1130102 0.2511169
v -0.225309 0.1400334 0.08244455
v -0.2254639 0.1426094 0.08599716
v -0.225461 0.141824 0.07566057
v -0.225483 0.1420912 0.07374561
v -0.2254394 0.1405627 0.07337566
v -0.2254795 0.1392077 0.07312998
v -0.2254829 0.1394698 0.07603572
v -0.2252363 0.1368184 0.08094954
v -0.2254689 0.13778 0.07593538
v -0.2254412 0.1328968 0.07341198
v -0.2254829 0.1317728 0.07603157
v -0.2254829 0.131428 0.07302959
v -0.225387 0.1321457 0.06842387
v -0.2252924 0.134381 0.08100668
v -0.2254716 0.1317886 0.08141217
v -0.225473 0.115209 0.07343608
v -0.22544 0.1165827 0.07340962
v -0.225433 0.1152405 0.06897235
v -0.2254763 0.1178348 0.07564791
v -0.2254829 0.1292668 0.07341114
v -0.2254829 0.1154592 0.07603157
v -0.2254644 0.1185707 0.08535241
v -0.2253385 0.1154844 0.08192923
v -0.2254829 0.1152006 0.09770267
v -0.2254804 0.1158027 0.09712989
v -0.2254829 0.112507 0.097319
v -0.2254829 0.111169 0.09711692
v -0.2254783 0.1106208 0.09983992
v -0.2254829 0.1117318 0.09984824
v -0.225436 0.1125855 0.09970996
v -0.2254198 0.1144112 0.09990125
v -0.225412 0.1089135 0.07337595
v -0.225474 0.1102066 0.07518935
v -0.2254623 0.1088241 0.06925668
v -0.2254862 0.1123638 0.0733261
v -0.2254566 0.1104235 0.07608687
v -0.2254724 0.1123904 0.08021952
v -0.2254829 0.1112327 0.07610197
v -0.2254829 0.1077727 0.07603157
v -0.2254816 0.1074819 0.0734683
v -0.225223 0.1074696 0.08237422
v -0.225603 0.1054601 0.07613207
v -0.2254829 0.1053755 0.07367662
v -0.2254109 0.1057332 0.09053659
v -0.2254251 -0.1299857 0.04616068
v -0.2252598 -0.1300689 0.05121935
v -0.2253191 -0.1179435 0.05704835
v -0.2253664 -0.1716318 0.04355203
v -0.22544 -0.1544975 0.06061887
v -0.2251774 -0.1467091 0.05430212
v -0.2252628 -0.1385283 0.05120863
v -0.2252559 -0.1384898 0.04625141
v -0.2252361 -0.1583034 0.07121917
v -0.2251242 -0.1552218 0.0872863
v -0.2252493 -0.1581232 0.07972936
v -0.2252664 -0.1500565 0.09366364
v -0.225215 -0.1425338 0.09803921
v -0.2253184 -0.1334567 0.09954882
v -0.2254829 -0.007379205 0.09337734
v -0.2254491 0.1162649 0.09238438
v -0.2251996 0.1296275 0.08560313
v -0.2254808 0.1299204 0.07604741
v -0.2254829 0.1290314 0.07505963
v -0.2254355 0.1296027 0.08994891
v -0.2254829 0.1292752 0.0752525
v -0.2254829 0.1142154 0.07585268
v -0.225456 0.1135002 0.07453237
v -0.2254829 0.1130869 0.07528078
v -0.2254832 0.1130465 0.07557803
v -0.2254829 0.1134103 0.07329361
v -0.2254633 0.1051364 0.06541478
v -0.225465 0.1187028 0.06320985
v -0.2254829 0.1253064 0.04511693
v -0.2252553 0.1320245 0.05809872
v -0.2254456 0.1358253 0.05619386
v -0.2254416 0.128851 0.06307084
v -0.2254461 0.1112014 0.05589802
v -0.2252795 0.1162014 0.05876848
v -0.2252708 0.1061352 0.05988885
v -0.2254513 0.1726326 0.04426974
v -0.2253444 0.142104 0.06305073
v -0.2253131 0.1398695 0.06793976
v -0.2251442 0.1403428 0.05869792
v -0.2254829 0.1319364 0.09735613
v -0.2254714 0.1332752 0.0936794
v -0.2254662 0.1412695 0.09125066
v -0.2254797 0.1395262 0.09781797
v -0.2254829 0.1406114 0.097319
v -0.2254589 0.17324 0.2511169
v -0.2253715 0.1425371 0.09995747
v -0.2254301 0.1406976 0.09973745
v -0.2254829 0.1427754 0.09730077
v -0.2254829 0.1433513 0.09902866
v -0.2254829 0.1350589 0.09770267
v -0.2254198 0.1342695 0.09990125
v -0.2254322 0.1324473 0.09971426
v -0.2254829 0.1337728 0.2511169
v -0.2254295 0.1321996 0.09792057
v -0.2254272 0.1171806 0.09741157
v -0.2254739 0.1184322 0.09964893
v -0.2255257 0.1287299 0.09878372
v -0.2254829 0.129827 0.09711692
v -0.2254829 0.1298643 0.09990793
v -0.2254829 0.1280546 0.09982834
v -0.2254829 0.1314128 0.1000273
v -0.2254865 0.1307419 0.09889565
v -0.2254829 0.1160562 0.1000316
v -0.2254829 -0.01125652 0.08820929
v -0.2254829 -0.007379205 0.07287438
v -0.2254829 -0.01318832 0.07188689
v -0.2254829 -0.008365395 0.07791632
v -0.2254829 -0.00851539 0.08332168
v -0.2254829 -0.005563616 0.07575523
v -0.2254829 -0.0004051802 0.07158355
v -0.2254829 0.0002063993 0.09010374
v -0.2254829 -0.004026836 0.08754232
v -0.2254829 -0.006470625 0.08303839
v -0.2254829 0.004054353 0.07337625
v -0.2254829 0.005146828 0.08810222
v -0.2254829 0.004927859 0.07110892
v -0.2254829 0.001290596 0.0879495
v -0.2254829 0.00068847 0.07385027
v -0.2254829 -0.003671852 0.07748747
v -0.2254829 -0.003230193 0.08456142
v -0.2254829 0.1052789 0.1000973
v -0.2254829 0.1060989 0.09848422
v -0.2254691 0.1054274 0.09822677
v -0.2254829 0.1045266 0.09916048
v -0.2254829 0.1370139 0.09683397
v -0.2254645 0.1395218 0.09977476
v -0.2254497 0.1375185 0.09757446
v -0.2254625 0.1355889 0.1000908
v -0.2194829 -0.1240497 0.08735295
v -0.2214829 -0.1242027 0.08817727
v -0.2194829 -0.1232854 0.08984698
v -0.2214829 -0.1216865 0.09055528
v -0.2194829 -0.1198247 0.09001776
v -0.2214829 -0.1191347 0.08890409
v -0.2194829 -0.1191986 0.08660745
v -0.2214829 -0.119433 0.08631323
v -0.2194829 -0.1221509 0.08524702
v -0.2214829 -0.1222977 0.08528636
v -0.2194829 -0.1240497 0.06185295
v -0.2214829 -0.1236784 0.06066411
v -0.2214829 -0.1235077 0.06412472
v -0.2194829 -0.1234214 0.06415988
v -0.2194829 -0.1213691 0.0649079
v -0.2214829 -0.1210137 0.06488902
v -0.2194829 -0.11912 0.06357352
v -0.2214829 -0.1191348 0.06340411
v -0.2214829 -0.1198247 0.0602161
v -0.2194829 -0.1195127 0.06076526
v -0.2194829 -0.1221509 0.05974702
v -0.2194829 -0.1495497 0.06185295
v -0.2214829 -0.1491785 0.06066412
v -0.2214829 -0.1490077 0.0641247
v -0.2194829 -0.1489215 0.06415987
v -0.2194829 -0.1468691 0.0649079
v -0.2214829 -0.146053 0.0648288
v -0.2194829 -0.144933 0.06392059
v -0.2214829 -0.1443809 0.06229313
v -0.2194829 -0.1445528 0.06176953
v -0.2194829 -0.1458613 0.06003434
v -0.2214829 -0.1459905 0.05997409
v -0.2194829 -0.1482551 0.06010455
v -0.2194829 -0.1495497 0.08735296
v -0.2214829 -0.1492763 0.08638515
v -0.2214829 -0.1491222 0.08942058
v -0.2194829 -0.1487854 0.08984698
v -0.2214829 -0.1462575 0.09044751
v -0.2194829 -0.1459905 0.09025977
v -0.2194829 -0.1443809 0.08794072
v -0.2214829 -0.1443809 0.08779314
v -0.2194829 -0.1455157 0.08581854
v -0.2214829 -0.1461917 0.08535457
v -0.2194829 -0.1478635 0.08535457
v -0.2194829 -0.1446745 0.07304623
v -0.2210278 -0.1448724 0.07603408
v -0.2194829 -0.1440785 0.07939246
v -0.2210241 -0.1435369 0.08047697
v -0.2194829 -0.1397793 0.08417863
v -0.2210278 -0.1403852 0.08382259
v -0.2213008 -0.1374999 0.08542334
v -0.2194829 -0.1326829 0.08580911
v -0.2212949 -0.1316341 0.08555927
v -0.2210278 -0.1281859 0.08383369
v -0.2194829 -0.1256744 0.08146688
v -0.2210278 -0.1255719 0.08122455
v -0.2210241 -0.1237392 0.07696269
v -0.2194829 -0.123679 0.07535066
v -0.2210278 -0.124003 0.07237392
v -0.2194829 -0.1253681 0.06920438
v -0.2210278 -0.1255608 0.06902519
v -0.2209883 -0.1281831 0.06641859
v -0.2194829 -0.131253 0.06486076
v -0.2211339 -0.1330923 0.06441528
v -0.2194829 -0.1376828 0.0650776
v -0.2212446 -0.1387243 0.06533813
v -0.2194829 -0.1422463 0.06812521
v -0.2212202 -0.1423593 0.06793603
v -0.2210278 -0.1445472 0.07235517
v -0.2161262 0.1814038 0.05052405
v 0.2173036 0.1815278 0.05045225
v -0.216653 0.1816549 0.04462657
v 0.2177419 0.1815894 0.04404302
v -0.1280737 0.1737224 0.2068187
v -0.1278757 0.1787224 0.2060798
v -0.1275775 0.1787224 0.2086706
v -0.1264942 0.1737224 0.2096671
v -0.1247128 0.1787224 0.2096975
v -0.1232276 0.1737224 0.2085042
v -0.1227959 0.1787224 0.2065639
v -0.1236604 0.1737224 0.2050665
v -0.1255567 0.1787224 0.2044702
v -0.1267104 0.1737224 0.2048545
v 0.06393655 0.1737224 0.2063468
v 0.06399502 0.1787224 0.2076309
v 0.06550588 0.1737224 0.2096671
v 0.06589384 0.1787224 0.2097369
v 0.06844439 0.1737224 0.208823
v 0.06869353 0.1787224 0.2085538
v 0.06905369 0.1737224 0.206511
v 0.06895906 0.1787224 0.2063967
v 0.06755427 0.1787224 0.2047241
v 0.06682748 0.1737224 0.2044418
v 0.06475933 0.1787224 0.2051368
v 0.07798055 0.1737224 0.09172284
v 0.07812428 0.1787224 0.09007978
v 0.07823734 0.1787224 0.09225021
v 0.07998489 0.1737224 0.09371066
v 0.08013022 0.1787224 0.09373628
v 0.0824444 0.1737224 0.09282301
v 0.08298899 0.1787224 0.09218573
v 0.08302946 0.1737224 0.09028105
v 0.0825655 0.1787224 0.08960503
v 0.08081533 0.1737224 0.08852611
v 0.08044332 0.1787224 0.08847021
v 0.07858984 0.1737224 0.08941086
v 0.07792342 0.1737224 0.06058465
v 0.07812428 0.1787224 0.06007978
v 0.07823734 0.1787224 0.0622502
v 0.078811 0.1737224 0.06304418
v 0.07991125 0.1787224 0.06365353
v 0.08182061 0.1737224 0.0635308
v 0.08222325 0.1787224 0.06304416
v 0.08306724 0.1787224 0.06010567
v 0.08305371 0.1737224 0.06051106
v 0.08059521 0.1737224 0.05837475
v 0.08021888 0.1787224 0.05852611
v 0.2040752 0.1737224 0.06039686
v 0.2041882 0.1787224 0.05985747
v 0.2043408 0.1737224 0.06255393
v 0.2044226 0.1787224 0.06267072
v 0.206232 0.1737224 0.06364685
v 0.2072873 0.1787224 0.06369752
v 0.2084972 0.1737224 0.06287473
v 0.2091639 0.1787224 0.06104313
v 0.208668 0.1737224 0.05941413
v 0.2071405 0.1787224 0.05849704
v 0.20548 0.1737224 0.05872412
v 0.2040752 0.1737224 0.09039685
v 0.2040174 0.1787224 0.0918605
v 0.2043408 0.1737224 0.09255392
v 0.2057011 0.1787224 0.0935581
v 0.2071404 0.1737224 0.09373687
v 0.208668 0.1787224 0.09281975
v 0.2091638 0.1737224 0.09119077
v 0.2084972 0.1787224 0.08935918
v 0.208029 0.1737224 0.08906853
v 0.2056812 0.1737224 0.08860461
v 0.2050784 0.1787224 0.08878119
v -0.0620737 0.1737224 0.2068187
v -0.06163371 0.1787224 0.2054141
v -0.06157748 0.1787224 0.2086707
v -0.06049415 0.1737224 0.2096671
v -0.05941477 0.1787224 0.20969
v -0.05738825 0.1737224 0.2086706
v -0.05730646 0.1787224 0.2085538
v -0.05733206 0.1737224 0.2054141
v -0.05704095 0.1787224 0.2063967
v -0.05844576 0.1787224 0.2047241
v -0.06052002 0.1737224 0.2047241
v -0.04781193 0.1737224 0.09237637
v -0.04795773 0.1787224 0.09051958
v -0.04733267 0.1787224 0.09307417
v -0.04555101 0.1737224 0.09368996
v -0.04431657 0.1787224 0.09344953
v -0.04338824 0.1737224 0.09267059
v -0.04283616 0.1787224 0.09104313
v -0.04300804 0.1737224 0.09051958
v -0.04471275 0.1737224 0.08853636
v -0.04425539 0.1787224 0.08885457
v -0.04664922 0.1787224 0.08878434
v -0.04757751 0.1737224 0.08956326
v -0.04800496 0.1737224 0.06060296
v -0.04763373 0.1787224 0.05941412
v -0.04757751 0.1787224 0.06267061
v -0.04737672 0.1737224 0.0629099
v -0.04471274 0.1787224 0.0636975
v -0.04532441 0.1737224 0.06365791
v -0.04338825 0.1737224 0.06267061
v -0.04283616 0.1787224 0.06104313
v -0.04300804 0.1737224 0.06051958
v -0.04431655 0.1737224 0.05878435
v -0.04444575 0.1787224 0.0587241
v -0.04671036 0.1737224 0.05885456
v -0.1940861 0.1737224 0.2072732
v -0.194197 0.1787224 0.2067177
v -0.1924574 0.1737224 0.2095788
v -0.19252 0.1787224 0.2095098
v -0.189332 0.1787224 0.2088197
v -0.1893213 0.1737224 0.2087232
v -0.189408 0.1737224 0.2054722
v -0.1892886 0.1787224 0.2057715
v -0.1915567 0.1787224 0.2044702
v -0.1925517 0.1737224 0.2046451
v -0.2080861 0.1737224 0.09127314
v -0.2077381 0.1787224 0.0925042
v -0.2068284 0.1737224 0.09331118
v -0.2054148 0.1787224 0.09368995
v -0.2044458 0.1737224 0.09350978
v -0.2031539 0.1787224 0.09237637
v -0.203041 0.1737224 0.09183715
v -0.2034079 0.1737224 0.08947218
v -0.2033883 0.1787224 0.08956326
v -0.2053244 0.1787224 0.08857595
v -0.2065517 0.1737224 0.08864505
v -0.2075578 0.1787224 0.08947215
v -0.2077316 0.1737224 0.06259872
v -0.2081296 0.1787224 0.06119074
v -0.2063188 0.1787224 0.06362928
v -0.204647 0.1737224 0.06362928
v -0.2039711 0.1787224 0.06316534
v -0.203041 0.1737224 0.06183713
v -0.2028362 0.1787224 0.06104312
v -0.2033065 0.1737224 0.05968004
v -0.2044458 0.1787224 0.05872409
v -0.2051978 0.1737224 0.05858704
v -0.2068284 0.1787224 0.05892269
v -0.207463 0.1737224 0.05935911
v -0.08200496 0.1737224 0.06060296
v -0.08163373 0.1787224 0.05941412
v -0.08157751 0.1787224 0.06267061
v -0.08108922 0.1737224 0.06327845
v -0.07964136 0.1787224 0.06365791
v -0.07763308 0.1737224 0.06307417
v -0.07758903 0.1787224 0.0629099
v -0.076953 0.1787224 0.06083173
v -0.07700803 0.1737224 0.06051962
v -0.07822341 0.1787224 0.05878792
v -0.0783165 0.1737224 0.05878436
v -0.08071037 0.1737224 0.05885456
v -0.08163375 0.1737224 0.09281974
v -0.08173162 0.1787224 0.08963516
v -0.08133267 0.1787224 0.09307417
v -0.07778003 0.1737224 0.09326776
v -0.07831653 0.1787224 0.09344952
v -0.07679592 0.1787224 0.0905638
v -0.07723415 0.1737224 0.08963515
v -0.0791032 0.1787224 0.08857118
v -0.07964137 0.1737224 0.08857596
v -0.08157751 0.1737224 0.08956327
v -0.06812961 0.1737224 0.2070431
v -0.06763373 0.1787224 0.2054141
v -0.06757752 0.1787224 0.2086706
v -0.06625299 0.1737224 0.2096975
v -0.06541477 0.1787224 0.20969
v -0.06338825 0.1737224 0.2086706
v -0.06346804 0.1787224 0.2087186
v -0.0629832 0.1787224 0.2063733
v -0.06333206 0.1737224 0.2054141
v -0.06466687 0.1787224 0.2046758
v -0.06652002 0.1737224 0.2047241
v 0.1903663 0.1737224 0.2088197
v 0.1903663 0.1787224 0.2054141
v 0.1906673 0.1787224 0.2090742
v 0.1935543 0.1737224 0.2095098
v 0.1936835 0.1787224 0.2094495
v 0.1952055 0.1737224 0.2069581
v 0.1951639 0.1787224 0.2070431
v 0.1935543 0.1787224 0.2047241
v 0.1932608 0.1737224 0.2046173
v 0.1905371 0.1737224 0.2053591
v 0.1240752 0.1737224 0.2063967
v 0.1242619 0.1787224 0.2085042
v 0.1244422 0.1737224 0.2087617
v 0.1265852 0.1787224 0.20969
v 0.1275859 0.1737224 0.2095888
v 0.1283617 0.1787224 0.2088717
v 0.1291364 0.1737224 0.20673
v 0.1291108 0.1787224 0.2065847
v 0.1276504 0.1737224 0.2048371
v 0.1273331 0.1787224 0.2046758
v 0.12548 0.1737224 0.2047241
v 0.1245599 0.1787224 0.2052672
v 0.05792341 0.1737224 0.2065847
v 0.0583663 0.1787224 0.2054141
v 0.05842252 0.1787224 0.2086706
v 0.05950588 0.1737224 0.2096671
v 0.06058526 0.1787224 0.20969
v 0.06244438 0.1737224 0.208823
v 0.06269351 0.1787224 0.2085539
v 0.0630537 0.1737224 0.2065111
v 0.06291166 0.1787224 0.2061729
v 0.06059523 0.1737224 0.2043747
v 0.06133314 0.1787224 0.2046758
v 0.04391359 0.1737224 0.09198145
v 0.04396702 0.1787224 0.09212822
v 0.04690404 0.1737224 0.09373628
v 0.04704935 0.1787224 0.09371065
v 0.04911082 0.1737224 0.09164923
v 0.04913645 0.1787224 0.0915039
v 0.04807083 0.1737224 0.08902235
v 0.04795404 0.1787224 0.08894057
v 0.04525765 0.1737224 0.08878792
v 0.04512984 0.1787224 0.08886172
v 0.04405526 0.1737224 0.06014236
v 0.04397615 0.1787224 0.06095846
v 0.04491081 0.1737224 0.06327847
v 0.04472414 0.1787224 0.06301076
v 0.04703103 0.1787224 0.06363904
v 0.04816191 0.1737224 0.06319187
v 0.04913704 0.1787224 0.06174028
v 0.04905811 0.1737224 0.06095848
v 0.04807083 0.1737224 0.05902234
v 0.04795403 0.1787224 0.05894056
v 0.0459198 0.1737224 0.05864209
v 0.04512984 0.1787224 0.05886171
v 0.1966421 0.1697224 0.2047354
v 0.2000339 0.1697023 0.204616
v 0.1966421 0.1697224 0.2094985
v 0.1986602 0.1697199 0.2116511
v 0.1925171 0.1697224 0.2023538
v 0.1940576 0.1697168 0.1995564
v 0.1925171 0.1697224 0.2118801
v 0.1943083 0.1697196 0.2145387
v 0.1853389 0.1697168 0.2042869
v 0.188877 0.1697215 0.2004782
v 0.1883921 0.1697224 0.2047354
v 0.1891186 0.1697199 0.213954
v 0.1855192 0.1697196 0.2101698
v 0.1883921 0.1697224 0.2094985
v 0.2131345 0.1697212 0.08741768
v 0.2106421 0.1697224 0.08873538
v 0.2093278 0.1697166 0.08396649
v 0.2065171 0.1697224 0.0863538
v 0.2028374 0.1697168 0.08433495
v 0.2106421 0.1697224 0.09349851
v 0.2141041 0.1697197 0.09198362
v 0.21181 0.1697201 0.09660309
v 0.2023921 0.1697224 0.09349851
v 0.2009851 0.1697199 0.09637935
v 0.1987562 0.1697113 0.0902236
v 0.2023921 0.1697224 0.08873538
v 0.2065171 0.1697224 0.09588008
v 0.2065936 0.169714 0.09887851
v 0.2141041 0.1697197 0.0619836
v 0.21181 0.1697201 0.06660307
v 0.2106421 0.1697224 0.06349852
v 0.2131345 0.1697212 0.05741769
v 0.2106421 0.1697224 0.05873537
v 0.2065171 0.1697224 0.0563538
v 0.2028374 0.1697168 0.05433495
v 0.2093278 0.1697166 0.05396649
v 0.1991938 0.1697199 0.05895727
v 0.2023921 0.1697224 0.05873537
v 0.2023921 0.1697224 0.06349852
v 0.1999985 0.1697104 0.06542072
v 0.2065171 0.1697224 0.06588008
v 0.2065936 0.1697148 0.06887931
v 0.11893 0.1697199 0.2062618
v 0.1222128 0.1697113 0.2005975
v 0.1223921 0.1697224 0.2047354
v 0.1335045 0.1697113 0.2106109
v 0.1306421 0.1697224 0.2094985
v 0.1332991 0.1697168 0.2034372
v 0.1306421 0.1697224 0.2047354
v 0.1286768 0.1697199 0.1997936
v 0.1265171 0.1697224 0.2023538
v 0.1265171 0.1697224 0.2118801
v 0.1283083 0.1697196 0.2145387
v 0.1212578 0.1697023 0.2130412
v 0.1223921 0.1697224 0.2094985
v 0.06339827 0.1697224 0.2100574
v 0.06121146 0.1697216 0.2146694
v 0.06051712 0.1697224 0.2118801
v 0.06651711 0.1697224 0.2118801
v 0.06722261 0.1697183 0.2147688
v 0.05479081 0.1697199 0.2020669
v 0.05639211 0.1697224 0.2047354
v 0.05288447 0.1697199 0.2069264
v 0.0549167 0.1697168 0.2124243
v 0.05639211 0.1697224 0.2094985
v 0.06582274 0.1697216 0.1995645
v 0.07313147 0.1697023 0.2027579
v 0.06651711 0.1697224 0.2023538
v 0.07064211 0.1697224 0.2047354
v 0.06351712 0.1697224 0.2040858
v 0.07064211 0.1697224 0.2094985
v 0.07317497 0.1697121 0.2112049
v 0.06051712 0.1697224 0.2023538
v 0.05981157 0.1697183 0.1994651
v -0.04791493 0.1697215 0.08394691
v -0.04265283 0.1697168 0.08393873
v -0.04548288 0.1697224 0.08635379
v -0.04960788 0.1697224 0.08873536
v -0.04888142 0.1697199 0.09795401
v -0.05280083 0.1697168 0.09356308
v -0.04960788 0.1697224 0.0934985
v -0.05206013 0.1697162 0.08708373
v -0.04135788 0.1697224 0.08873536
v -0.03848466 0.1697199 0.08806401
v -0.04135788 0.1697224 0.0934985
v -0.03849553 0.1697113 0.09461082
v -0.04548289 0.1697224 0.09588007
v -0.04369164 0.1697196 0.09853867
v -0.05280083 0.1697168 0.06356307
v -0.04960788 0.1697224 0.0634985
v -0.04888142 0.1697199 0.067954
v -0.04853582 0.1697199 0.0541187
v -0.04265283 0.1697168 0.05393872
v -0.04548288 0.1697224 0.05635379
v -0.04135788 0.1697224 0.05873536
v -0.03848495 0.1697196 0.05806414
v -0.03849479 0.1697121 0.06461119
v -0.04135788 0.1697224 0.0634985
v -0.04548288 0.1697224 0.06588007
v -0.04369163 0.1697196 0.06853867
v -0.05231967 0.1697196 0.05771854
v -0.04960788 0.1697224 0.05873536
v 0.08051711 0.1697224 0.08635379
v 0.08072138 0.1697162 0.08340427
v 0.08748659 0.1697035 0.08734809
v 0.08464211 0.1697224 0.08873537
v 0.07639211 0.1697224 0.08873537
v 0.07275617 0.1697113 0.0902236
v 0.07577951 0.1697215 0.08521111
v 0.07639211 0.1697224 0.09349851
v 0.07498534 0.1697196 0.09637909
v 0.08464211 0.1697224 0.09349851
v 0.08709484 0.1697168 0.09515049
v 0.08051711 0.1697224 0.09588008
v 0.08098502 0.1697113 0.09891511
v 0.08464211 0.1697224 0.05873537
v 0.08703658 0.1697113 0.05681264
v 0.08750522 0.1697121 0.0646112
v 0.08464211 0.1697224 0.06349851
v 0.07639211 0.1697224 0.05873537
v 0.07275617 0.1697113 0.0602236
v 0.07577951 0.1697215 0.0552111
v 0.07639211 0.1697224 0.06349851
v 0.07498536 0.1697196 0.06637909
v 0.08051711 0.1697224 0.06588008
v 0.08098501 0.1697113 0.06891511
v 0.08051711 0.1697224 0.0563538
v 0.08072139 0.1697162 0.05340427
v 0.2174319 0.1816126 0.2178793
v -0.216332 0.1816763 0.2180217
v 0.1974444 0.1817224 0.2394109
v -0.2172683 0.1816802 0.2511168
v 0.06466207 0.1817224 0.2387677
v 0.2180705 0.1816947 0.2511169
v 0.197989 0.1817224 0.2421858
v 0.1929136 0.1817224 0.2402525
v 0.06335205 0.1817224 0.2398669
v 0.06743224 0.1817224 0.2427239
v -0.06256776 0.1817224 0.23951
v -0.06256776 0.1817224 0.2427239
v 0.06449242 0.1817224 0.2434067
v 0.1937625 0.1817224 0.2429616
v -0.06573289 0.1817224 0.243282
v -0.1957329 0.1817224 0.243282
v -0.06202088 0.1817224 0.2406828
v -0.1925678 0.1817224 0.2427239
v -0.1101859 0.1815621 0.07724015
v -0.09124421 0.1817278 0.07289345
v -0.1118897 0.1813358 0.07177532
v -0.09220965 0.1815359 0.1563165
v -0.1214582 0.1816487 0.1361765
v -0.1268511 0.181652 0.1366494
v -0.1863704 0.1816152 0.1560979
v -0.130971 0.1814121 0.1353904
v -0.1362724 0.1815021 0.1319079
v -0.13937 0.1815575 0.1274776
v -0.1153986 0.1815298 0.1327767
v -0.09035981 0.1815675 0.1544213
v -0.1104463 0.1816333 0.1258891
v -0.1407425 0.1817495 0.07294504
v -0.188981 0.1816769 0.07305924
v -0.1939768 0.1816009 0.07867084
v -0.1405963 0.1815055 0.123039
v -0.194006 0.1815331 0.1497025
v -0.1911334 0.1814393 0.1540168
v -0.01458325 0.1815357 0.1240951
v -0.034168 0.1815471 0.1553248
v -0.01242368 0.181676 0.1299006
v 0.01562127 0.1815006 0.1231045
v 0.01434213 0.1814997 0.1275821
v 0.03565197 0.1815703 0.1546063
v 0.01072277 0.181458 0.1325776
v 0.00582809 0.1816461 0.1358717
v 0.03415634 0.1815379 0.1562638
v -0.03461487 0.1815239 0.07378196
v -0.01480582 0.1817531 0.07304599
v -0.003453035 0.181657 0.136231
v -0.03291778 0.1815559 0.1562573
v -0.009265305 0.1814668 0.1329477
v -0.03315302 0.1814383 0.07191048
v 0.01565387 0.1815276 0.07695688
v 0.03508693 0.1815866 0.07278222
v 0.01409564 0.1813931 0.07178232
v 0.1123852 0.1816487 0.1276955
v 0.09136071 0.1815347 0.1547792
v 0.1153001 0.1816792 0.132024
v 0.1880576 0.1814711 0.1561724
v 0.1400216 0.1816833 0.1292964
v 0.1354137 0.1816577 0.1339522
v 0.1947661 0.1816072 0.1504557
v 0.141655 0.1814955 0.1228625
v 0.09201396 0.1816109 0.07260695
v 0.1113915 0.1815177 0.07691889
v 0.1129179 0.1814183 0.07184705
v 0.1114589 0.1814987 0.1241488
v 0.1893294 0.1815289 0.07274677
v 0.140121 0.1813716 0.07177322
v 0.1417348 0.1815666 0.07700984
v 0.1919835 0.1815568 0.1538683
v 0.1251483 0.1816487 0.1366449
v 0.118846 0.1814884 0.1344602
v 0.09326483 0.1815759 0.1563049
v 0.1305438 0.181652 0.1361806
v 0.1955822 0.1814757 0.07943758
v 0.1927139 0.1815 0.07499843
v -0.2038514 0.1757184 0.1047561
v -0.2115251 0.175626 0.1298521
v -0.2109022 0.1756613 0.1034724
v -0.1399747 0.1757227 0.07399979
v -0.193643 0.1757123 0.08385658
v -0.2030324 0.1757455 0.0774731
v -0.1401844 0.1757224 0.1250322
v -0.1377632 0.1757173 0.1298139
v -0.1964945 0.1757211 0.1013614
v -0.1921227 0.1757183 0.09434141
v -0.06727619 0.1757113 0.06773996
v -0.06248288 0.1757224 0.07611693
v -0.07559554 0.1757179 0.074299
v -0.06248288 0.1757224 0.04736694
v -0.2029987 0.1757157 0.04750967
v -0.2130857 0.1754483 0.04707569
v -0.2108318 0.1756677 0.04872602
v -0.210812 0.1756644 0.07351267
v -0.2038514 0.1757184 0.07475608
v -0.08895479 0.1757173 0.07107412
v -0.08278494 0.1757219 0.07425404
v -0.1107212 0.1757224 0.07533915
v -0.08087315 0.1757221 0.04764248
v -0.07285982 0.1757113 0.04891025
v -0.1936392 0.1757166 0.05385428
v -0.08764462 0.1757183 0.05005903
v -0.06630082 0.1757179 0.05722955
v -0.09314054 0.1757187 0.06265635
v -0.129152 0.1757224 0.06401952
v -0.1211621 0.1757224 0.06396527
v -0.1964949 0.1757204 0.07136089
v -0.1138075 0.175722 0.06899615
v -0.09184732 0.1757222 0.05558371
v -0.1349594 0.1757224 0.0668038
v -0.1921224 0.1757187 0.06434149
v -0.06764381 0.1757113 0.08385714
v -0.07625842 0.1757179 0.07775725
v -0.08674268 0.1757113 0.07927787
v -0.08707915 0.1757221 0.1023326
v -0.1131976 0.1757226 0.1297942
v -0.1107518 0.1757224 0.1245078
v -0.08033843 0.1757179 0.1048336
v -0.0713217 0.1757173 0.102174
v -0.06248289 0.1757224 0.1297964
v -0.06612318 0.1757179 0.09434137
v -0.09178965 0.1757179 0.09723429
v -0.09284303 0.1757183 0.08789235
v -0.01415261 0.175722 0.07496732
v -0.03364293 0.1757123 0.0838566
v -0.04225841 0.1757179 0.07775725
v -0.05274267 0.1757113 0.07927787
v -0.05884257 0.1757179 0.08789246
v -0.01418437 0.1757224 0.1250322
v -0.04409266 0.1757221 0.1045914
v -0.03732136 0.1757179 0.1021744
v -0.05097808 0.1757173 0.1037132
v -0.01176389 0.1757139 0.129813
v -0.03212318 0.1757179 0.09434137
v -0.05778912 0.1757173 0.09723404
v -0.01198288 0.1757224 0.04724193
v -0.03187017 0.1757159 0.05834325
v -0.03885981 0.1757113 0.04891025
v -0.05364401 0.1757173 0.05005987
v -0.05884257 0.1757179 0.05789246
v -0.04687313 0.175722 0.04764261
v -0.05778912 0.1757173 0.06723405
v -0.05097804 0.1757173 0.0737132
v -0.04159553 0.1757179 0.07429899
v -0.0004338287 0.1757224 0.06337108
v -0.01001117 0.1757224 0.06754916
v -0.03403101 0.1757187 0.0687167
v 0.04566155 0.1757179 0.07483359
v 0.06351712 0.1757224 0.07611694
v 0.01527881 0.1757224 0.07533911
v 0.04385526 0.1757207 0.04775114
v 0.03655918 0.1757183 0.05164433
v 0.06351712 0.1757224 0.04736694
v 0.0596992 0.1757179 0.05722955
v 0.05314015 0.1757113 0.04891024
v 0.03704519 0.1757173 0.0710741
v 0.05467829 0.1757173 0.07217396
v 0.05942292 0.1757204 0.06549449
v 0.008376691 0.1757224 0.0656716
v 0.03263049 0.175715 0.06148469
v 0.01287305 0.1757221 0.0700407
v 0.05161082 0.1757113 0.1040368
v 0.05911342 0.1757173 0.09661202
v 0.06351712 0.1757224 0.1297964
v 0.05943795 0.1757123 0.08602289
v 0.0509202 0.1757123 0.07794463
v 0.04213941 0.1757207 0.104023
v 0.01280241 0.1757226 0.1297942
v 0.04040004 0.1757173 0.07881068
v 0.03467527 0.1757145 0.09837844
v 0.01524818 0.1757224 0.1245078
v 0.03334399 0.1757131 0.08671358
v 0.09388292 0.1757207 0.08845508
v 0.1120253 0.1757228 0.0739997
v 0.09342316 0.1757207 0.09549464
v 0.1118156 0.1757224 0.1250322
v 0.08915921 0.1757113 0.08024578
v 0.07966156 0.1757179 0.1048336
v 0.07198954 0.1757204 0.1017472
v 0.1142365 0.1757181 0.1298134
v 0.08867928 0.175719 0.1021754
v 0.08148782 0.175722 0.07760591
v 0.07440002 0.1757173 0.07881069
v 0.06792083 0.1757173 0.08562184
v 0.06733505 0.1757179 0.09500434
v 0.1330895 0.1757224 0.06507625
v 0.1255662 0.1757224 0.06337108
v 0.1451421 0.1757224 0.04724194
v 0.07542305 0.1757123 0.04819613
v 0.1412989 0.1757224 0.07536075
v 0.1381925 0.1757218 0.06899619
v 0.09343873 0.1757132 0.05602256
v 0.08601223 0.1757173 0.04852065
v 0.08867829 0.1757173 0.07217396
v 0.09342289 0.1757204 0.06549454
v 0.06792083 0.1757173 0.05562184
v 0.06733507 0.1757179 0.06500433
v 0.07198949 0.1757204 0.07174717
v 0.07966141 0.17572 0.07483576
v 0.1170406 0.1757224 0.06680381
v 0.1412482 0.1757224 0.1245077
v 0.1522671 0.1757224 0.1297964
v 0.1388021 0.1757227 0.1297946
v 0.2065044 0.1757424 0.07473111
v 0.2118462 0.1756643 0.07872119
v 0.2048856 0.1757184 0.07747781
v 0.1938169 0.1757204 0.09605921
v 0.1931574 0.1757179 0.08789244
v 0.1975292 0.1757204 0.08087295
v 0.1979894 0.1757207 0.1017475
v 0.2133581 0.1755369 0.1299036
v 0.2052227 0.1757188 0.1047516
v 0.2119401 0.1756601 0.1034697
v 0.2048856 0.1757184 0.0474778
v 0.1975292 0.1757204 0.05087294
v 0.1931574 0.1757179 0.05789244
v 0.2118844 0.1756674 0.04873369
v 0.2131225 0.1755672 0.04711748
v 0.1938169 0.1757204 0.0660592
v 0.1989182 0.1757173 0.07256763
v 0.07551712 0.1757224 0.04711694
v -0.2194829 0.1557224 0.1413434
v -0.1325387 0.1674846 0.1345525
v -0.1254829 0.1645939 0.1362215
v 0.1265171 0.1645939 0.1362215
v 0.133825 0.1676776 0.1344405
v 0.1194614 0.1674846 0.1345526
v 0.0005171224 0.1645939 0.1362215
v -0.006538652 0.1674846 0.1345525
v 0.007824939 0.1676777 0.1344405
v 0.2177994 0.1725884 0.1316058
v 0.2202357 0.1685979 0.1339098
v 0.2205171 0.1557224 0.1413434
v -0.219336 0.1684295 0.134007
v -0.2158547 0.1735113 0.131073
v -0.1181751 0.1676777 0.1344405
v -0.2194829 -0.09624942 0.09038936
v -0.2194696 -0.1653418 0.2511169
v -0.2192632 -0.1670039 0.1521169
v -0.2194829 -0.1542776 0.1521169
v -0.2194829 -0.1423245 0.09667061
v -0.2194829 0.1237224 0.1015993
v -0.2194829 0.1557224 0.1521169
v -0.2194829 0.1657224 0.08546068
v -0.2194829 0.1406386 0.09074546
v -0.2194829 0.1418208 0.0867366
v -0.2194829 0.1325786 0.09229507
v -0.2194829 0.1366337 0.09322675
v -0.2194829 0.1298637 0.08907533
v -0.2194829 0.1237224 0.07917943
v -0.2194829 0.1306954 0.08338808
v -0.2194829 0.1398171 0.08249157
v -0.2194829 0.1353421 0.08101857
v -0.2194697 -0.1651633 0.04711693
v -0.2194829 -0.1642776 0.08546068
v -0.2194829 0.1401496 0.05890566
v -0.2194636 0.1664781 0.04711693
v -0.2194829 0.1418208 0.06273661
v -0.2194829 0.1302509 0.06039715
v -0.2194829 0.1298637 0.06507532
v -0.2194829 0.1334567 0.06886382
v -0.2194829 0.1376683 0.06885368
v -0.2194829 0.1406385 0.06674546
v -0.2194829 0.1369056 0.05717582
v -0.2194829 0.1237528 0.04711693
v -0.2194829 0.1332792 0.05751646
v -0.2194829 0.1115889 0.06917323
v -0.2194829 0.1080939 0.06803302
v -0.2194829 0.1151011 0.06820803
v -0.2194829 0.1092792 0.05751646
v -0.2194829 0.1065443 0.05997307
v -0.2194829 0.1056126 0.06402818
v -0.2194829 0.1173678 0.0653138
v -0.2194829 0.1175812 0.06115854
v -0.2194829 0.1139882 0.05737003
v -0.2194829 0.1146684 0.0925466
v -0.2194829 0.1173678 0.08931381
v -0.2194829 0.1176621 0.08568337
v -0.2194771 0.07448558 0.1297998
v -0.2194829 0.1094567 0.09286383
v -0.2194829 0.1056346 0.08857103
v -0.2194829 0.1074192 0.08257178
v -0.2194829 0.115351 0.08220084
v -0.2194829 0.111856 0.08106061
v -0.2189679 0.1696773 0.1521169
v -0.2193339 0.1688702 0.2511169
v -0.2194829 0.0007224194 0.1297964
v -0.2192842 -0.07229499 0.1299112
v -0.2194501 -0.07298783 0.1521169
v -0.2194529 0.07456709 0.1521169
v -0.2194829 -0.1542776 0.1413434
v -0.2193289 -0.1668287 0.1340971
v -0.2194829 -0.1292211 0.04711693
v 0.2204843 0.07443266 0.152117
v 0.2204111 -0.07245516 0.152117
v 0.220247 -0.1676447 0.2511169
v 0.2201955 -0.1673832 0.152117
v 0.2205171 -0.1542776 0.152117
v 0.2205171 -0.1542776 0.1413434
v 0.2204494 -0.07232156 0.1298355
v 0.2202624 -0.1672369 0.1338614
v 0.2203063 0.1685859 0.2511169
v 0.2200622 0.1694243 0.152117
v 0.2205171 0.1557224 0.152117
v 0.2204701 0.1683183 0.04711701
v 0.2205057 0.07460566 0.1298031
v 0.2205171 0.0007224001 0.1297964
v 0.2205171 -0.1240346 0.04711695
v 0.220002 -0.1685082 0.04711678
v 0.1825599 0.1757173 0.197645
v 0.179047 0.1757207 0.2050469
v 0.1595171 0.1757224 0.172867
v 0.1802072 0.1757214 0.2132359
v 0.1968947 0.1757204 0.1942112
v 0.1898552 0.1757207 0.1937512
v 0.2137588 0.1756256 0.152117
v 0.1870218 0.1757179 0.2197138
v 0.1964612 0.1757224 0.2387224
v 0.1964043 0.1757173 0.2202985
v 0.2022433 0.175722 0.2165453
v 0.212064 0.1756966 0.2511169
v 0.2058768 0.1757179 0.2103415
v 0.2043571 0.1757123 0.1998566
v -0.068285 0.1757183 0.193668
v -0.07623047 0.1757173 0.1985527
v -0.09548289 0.1757224 0.1728669
v -0.124003 0.1757236 0.2511171
v -0.07305725 0.1757205 0.218446
v -0.06430565 0.1757207 0.2206186
v -0.04173289 0.1757224 0.2296169
v -0.04173288 0.1757224 0.1728669
v -0.05668078 0.1757183 0.2205659
v -0.06066021 0.1757205 0.1936155
v -0.07885803 0.175722 0.2049734
v -0.07827615 0.1757173 0.2121357
v -0.04789792 0.1757113 0.214775
v -0.05090969 0.1757179 0.1963758
v -0.04601215 0.1757179 0.2043947
v -0.2124554 0.1756577 0.1521169
v -0.1941448 0.1757207 0.1937511
v -0.2004709 0.1757204 0.196873
v -0.2048426 0.1757179 0.2038925
v -0.2094829 0.1757224 0.2296169
v -0.2037891 0.1757173 0.2132341
v -0.1969783 0.1757179 0.2197137
v -0.134472 0.1757221 0.1968717
v -0.1871054 0.1757204 0.1942111
v -0.1717329 0.1757224 0.2296169
v -0.1875956 0.1757179 0.220299
v -0.1792762 0.1757113 0.21374
v -0.1812388 0.1757207 0.1981287
v -0.1781171 0.1757207 0.2044551
v 0.09651712 0.1757224 0.1728669
v 0.03051712 0.1757224 0.1728669
v -0.1136439 0.1757113 0.1998571
v -0.1211054 0.1757204 0.1942111
v -0.1227099 0.1757123 0.220726
v -0.1140322 0.1757173 0.2147159
v -0.1281448 0.1757207 0.1937511
v -0.1388426 0.1757179 0.2038925
v -0.1377891 0.1757173 0.2132341
v -0.1119719 0.175722 0.2080875
v -0.132035 0.1757204 0.2190665
v 0.01157415 0.1757173 0.1989558
v 0.004894737 0.1757207 0.1942109
v -0.002144706 0.1757204 0.1937514
v 0.03051712 0.1757224 0.2296169
v 0.008678231 0.1757173 0.218174
v 0.0142539 0.1757123 0.2091658
v -0.01178913 0.1757173 0.2132341
v -0.004978005 0.1757173 0.2197132
v 0.001907364 0.175722 0.2205913
v -0.008470796 0.1757204 0.1968729
v -0.01284258 0.1757179 0.2038925
v 0.09651712 0.1757224 0.2296169
v 0.07954545 0.1757179 0.2114912
v 0.06533982 0.1757207 0.1936152
v 0.05650428 0.175712 0.1938271
v 0.04777787 0.1757123 0.2015854
v 0.0693192 0.1757183 0.2205659
v 0.07538888 0.1757219 0.2173531
v 0.07960023 0.1757205 0.2033023
v 0.07508998 0.1757173 0.1963762
v 0.06169435 0.1757207 0.2206186
v 0.04772383 0.1757173 0.2121357
v 0.05294278 0.1757205 0.218446
v 0.1367611 0.1757204 0.198129
v 0.1308947 0.1757207 0.1942109
v 0.140174 0.1757179 0.2055777
v 0.1379678 0.1757173 0.2147159
v 0.1238553 0.1757204 0.1937514
v 0.1156459 0.1757113 0.1984749
v 0.1304045 0.1757179 0.220299
v 0.114868 0.1757204 0.2141895
v 0.121022 0.1757173 0.2197132
v 0.1128922 0.1757207 0.2074174
v -0.1924079 0.1757224 0.2394722
v -0.1920884 0.1757224 0.242061
v -0.1946414 0.1757224 0.238576
v -0.1965775 0.1757224 0.2395633
v -0.2128532 0.1755589 0.2511169
v -0.1968119 0.1757224 0.2423764
v -0.194096 0.1757224 0.2437363
v -0.06207527 0.1757224 0.2423235
v -0.062468 0.1757224 0.2395153
v -0.06486983 0.1757224 0.2384976
v -0.06715799 0.1757224 0.2408066
v -0.06525303 0.1757224 0.2436975
v -0.005607886 0.1757224 0.2511169
v 0.06813645 0.1757224 0.24073
v 0.06559521 0.1757224 0.2383748
v 0.06292342 0.1757224 0.2405847
v 0.06658593 0.1757224 0.2435888
v 0.1280171 0.1757224 0.2511169
v 0.06381102 0.1757224 0.2430442
v 0.1940802 0.1757224 0.2389406
v 0.1929441 0.1757224 0.2410488
v 0.1938111 0.1757224 0.2430442
v 0.1965859 0.1757224 0.2435888
v 0.1981365 0.1757224 0.24073
v -0.195338 -0.1802776 0.2387677
v -0.216368 -0.1801765 0.2177773
v -0.194917 -0.1802776 0.2386549
v -0.1944829 -0.1802776 0.2386169
v -0.1920209 -0.1802776 0.2406828
v -0.1921337 -0.1802776 0.2402619
v 0.2173667 -0.1802178 0.2177782
v -0.1968322 -0.1802776 0.241972
v -0.2177684 -0.1802231 0.2511169
v -0.1969449 -0.1802776 0.2415511
v -0.1969829 -0.1802776 0.2411169
v -0.06256778 -0.1802776 0.23951
v -0.06287594 -0.1802776 0.2392018
v -0.06323291 -0.1802776 0.2389519
v -0.1957329 -0.1802776 0.2389519
v -0.1960899 -0.1802776 0.2392018
v -0.196398 -0.1802776 0.23951
v 0.2190506 -0.1802021 0.2511169
v 0.1977723 -0.1802776 0.2425042
v 0.1976935 -0.1802776 0.23968
v -0.06362787 -0.1802776 0.2387677
v -0.0640488 -0.1802776 0.2386549
v -0.0644829 -0.1802776 0.2386169
v -0.196648 -0.1802776 0.2398669
v -0.1968322 -0.1802776 0.2402619
v -0.1969449 -0.1802776 0.2406828
v -0.196648 -0.1802776 0.2423669
v -0.196398 -0.1802776 0.2427239
v -0.1960978 -0.1802776 0.2430416
v -0.1919829 -0.1802776 0.2411169
v -0.06639801 -0.1802776 0.23951
v -0.06664798 -0.1802776 0.2398669
v -0.06683215 -0.1802776 0.2402619
v -0.06694491 -0.1802776 0.2406828
v -0.06698291 -0.1802776 0.2411169
v -0.06197051 -0.1802776 0.241117
v -0.06213366 -0.1802776 0.2402619
v -0.06231784 -0.1802776 0.2398669
v -0.1923178 -0.1802776 0.2398669
v -0.1925678 -0.1802776 0.23951
v -0.192876 -0.1802776 0.2392018
v -0.195338 -0.1802776 0.2434662
v -0.194917 -0.1802776 0.243579
v -0.06491702 -0.1802776 0.2386549
v -0.06533795 -0.1802776 0.2387677
v -0.06664798 -0.1802776 0.2423669
v -0.06639801 -0.1802776 0.2427239
v -0.1932329 -0.1802776 0.2389519
v -0.1936279 -0.1802776 0.2387677
v -0.1940488 -0.1802776 0.2386549
v -0.0657329 -0.1802776 0.2389519
v -0.06608987 -0.1802776 0.2392018
v -0.06609778 -0.1802776 0.2430416
v -0.06533795 -0.1802776 0.2434662
v 0.06335203 -0.1802776 0.2398669
v 0.06344007 -0.1802776 0.2425237
v -0.06231784 -0.1802776 0.2423669
v 0.06466205 -0.1802776 0.2387677
v -0.0640488 -0.1802776 0.243579
v -0.0644829 -0.1802776 0.2436169
v -0.06491702 -0.1802776 0.243579
v -0.06286791 -0.1802776 0.2430415
v -0.192868 -0.1802776 0.2430415
v -0.1932329 -0.1802776 0.243282
v -0.06362787 -0.1802776 0.2434662
v -0.06323291 -0.1802776 0.243282
v -0.0620209 -0.1802776 0.2415511
v -0.1944829 -0.1802776 0.2436169
v -0.1940488 -0.1802776 0.243579
v -0.1936279 -0.1802776 0.2434662
v -0.06694491 -0.1802776 0.2415511
v -0.1921337 -0.1802776 0.241972
v -0.1920209 -0.1802776 0.2415511
v -0.1923178 -0.1802776 0.2423669
v -0.06683215 -0.1802776 0.241972
v 0.192967 -0.1802776 0.2401057
v 0.0667671 -0.1802776 0.243282
v -0.06213366 -0.1802776 0.241972
v 0.1936725 -0.1802776 0.2428717
v -0.1228921 -0.1722776 0.2068187
v -0.1233321 -0.1772776 0.2054141
v -0.1235028 -0.1772776 0.2088747
v -0.1244717 -0.1722776 0.2096671
v -0.1264574 -0.1772776 0.2095788
v -0.1275775 -0.1722776 0.2086706
v -0.1280287 -0.1772776 0.2074966
v -0.1278119 -0.1722776 0.2058575
v -0.1269647 -0.1772776 0.2048682
v -0.1248596 -0.1722776 0.204497
v 0.06895904 -0.1722776 0.2063967
v 0.06866793 -0.1772776 0.2054141
v 0.06859207 -0.1722776 0.2087617
v 0.06861174 -0.1772776 0.2086706
v 0.06644899 -0.1772776 0.20969
v 0.06521367 -0.1722776 0.2095308
v 0.06418806 -0.1772776 0.2083764
v 0.06398052 -0.1722776 0.2065111
v 0.06481428 -0.1772776 0.2049661
v 0.06501977 -0.1722776 0.2048858
v 0.06755425 -0.1722776 0.2047241
v 0.08305369 -0.1722776 0.09172283
v 0.08311081 -0.1772776 0.09164923
v 0.0805952 -0.1722776 0.09385914
v 0.08043902 -0.1772776 0.09385914
v 0.07812257 -0.1722776 0.09206104
v 0.07807596 -0.1772776 0.09193297
v 0.07844216 -0.1722776 0.0894722
v 0.07881428 -0.1772776 0.0889661
v 0.08182059 -0.1722776 0.08870309
v 0.08207083 -0.1772776 0.08902235
v 0.08306721 -0.1722776 0.06010567
v 0.08306721 -0.1772776 0.06212823
v 0.08222324 -0.1722776 0.06304417
v 0.08067562 -0.1772776 0.06365792
v 0.07991123 -0.1722776 0.06365353
v 0.07844216 -0.1772776 0.0627617
v 0.07777491 -0.1722776 0.06119505
v 0.07846667 -0.1772776 0.05929446
v 0.07998484 -0.1722776 0.05852324
v 0.0819044 -0.1772776 0.05886171
v 0.2091638 -0.1722776 0.06104314
v 0.208668 -0.1772776 0.05941413
v 0.2084972 -0.1772776 0.06287473
v 0.208029 -0.1722776 0.06316537
v 0.2056812 -0.1722776 0.06362929
v 0.2050784 -0.1772776 0.06345271
v 0.2040752 -0.1722776 0.06183704
v 0.2040174 -0.1772776 0.0603734
v 0.2043408 -0.1722776 0.05967997
v 0.2057011 -0.1772776 0.05867581
v 0.2071405 -0.1722776 0.05849704
v 0.208668 -0.1722776 0.09281975
v 0.208992 -0.1772776 0.09051954
v 0.2086118 -0.1772776 0.09267057
v 0.206449 -0.1772776 0.09368997
v 0.20548 -0.1722776 0.09350979
v 0.2041881 -0.1772776 0.09237643
v 0.2040752 -0.1722776 0.09183706
v 0.2043408 -0.1722776 0.08967996
v 0.2044226 -0.1772776 0.08956319
v 0.206232 -0.1722776 0.08858705
v 0.2072873 -0.1772776 0.08853637
v 0.2084972 -0.1722776 0.08935917
v -0.05688919 -0.1722776 0.2065847
v -0.05722765 -0.1772776 0.2085042
v -0.05847168 -0.1722776 0.2096671
v -0.05955102 -0.1772776 0.20969
v -0.0615775 -0.1722776 0.2086706
v -0.06181193 -0.1772776 0.2083764
v -0.06163372 -0.1722776 0.2054141
v -0.06167711 -0.1772776 0.2057714
v -0.05917254 -0.1772776 0.2044418
v -0.05866688 -0.1722776 0.2046758
v -0.05714934 -0.1772776 0.206099
v -0.04333204 -0.1722776 0.09281974
v -0.04307527 -0.1772776 0.0923235
v -0.04555103 -0.1772776 0.09368996
v -0.04629888 -0.1722776 0.09355809
v -0.04781194 -0.1772776 0.09237637
v -0.048158 -0.1722776 0.09142728
v -0.04733269 -0.1772776 0.0891597
v -0.04625303 -0.1722776 0.08853636
v -0.04387656 -0.1772776 0.08895542
v -0.04338827 -0.1722776 0.08956326
v -0.04283617 -0.1722776 0.06104313
v -0.04333204 -0.1772776 0.05941412
v -0.04338827 -0.1772776 0.06267061
v -0.04471276 -0.1722776 0.0636975
v -0.04532442 -0.1772776 0.06365791
v -0.04737674 -0.1772776 0.0629099
v -0.04757753 -0.1722776 0.06267061
v -0.04800498 -0.1772776 0.06060296
v -0.04795774 -0.1722776 0.06051958
v -0.04664924 -0.1722776 0.05878435
v -0.04652004 -0.1772776 0.0587241
v -0.04425541 -0.1722776 0.05885456
v -0.1893214 -0.1722776 0.2055106
v -0.1887946 -0.1772776 0.206958
v -0.1894079 -0.1722776 0.2087617
v -0.1908596 -0.1772776 0.2097369
v -0.1916414 -0.1722776 0.2096579
v -0.1935775 -0.1722776 0.2086706
v -0.1936593 -0.1772776 0.2085539
v -0.1939578 -0.1722776 0.2065196
v -0.1939248 -0.1772776 0.2063968
v -0.1924575 -0.1722776 0.2046551
v -0.19252 -0.1772776 0.2047241
v -0.1903497 -0.1772776 0.2048371
v -0.2028362 -0.1722776 0.09104311
v -0.2030081 -0.1772776 0.09051955
v -0.2033883 -0.1772776 0.09267058
v -0.2043166 -0.1722776 0.09344953
v -0.206253 -0.1772776 0.09369751
v -0.2069198 -0.1722776 0.09329332
v -0.2080287 -0.1772776 0.09149659
v -0.2080861 -0.1722776 0.09096072
v -0.2072759 -0.1772776 0.08922313
v -0.2069948 -0.1722776 0.08906852
v -0.204647 -0.1722776 0.08860458
v -0.2045084 -0.1772776 0.08865505
v -0.2028362 -0.1722776 0.06104312
v -0.2030081 -0.1772776 0.06051955
v -0.2033883 -0.1772776 0.0626706
v -0.2045084 -0.1722776 0.06357881
v -0.2053244 -0.1772776 0.0636579
v -0.207463 -0.1722776 0.06287475
v -0.2075578 -0.1772776 0.06276171
v -0.2076337 -0.1722776 0.0594141
v -0.2075333 -0.1772776 0.05929444
v -0.2044458 -0.1722776 0.05872409
v -0.2043166 -0.1772776 0.05878433
v -0.07704175 -0.1722776 0.06193295
v -0.07715387 -0.1772776 0.05985747
v -0.0776331 -0.1772776 0.06307417
v -0.07895064 -0.1722776 0.06371063
v -0.08064923 -0.1772776 0.06344952
v -0.08157752 -0.1722776 0.06267061
v -0.08195774 -0.1772776 0.0617143
v -0.08195774 -0.1722776 0.06051958
v -0.08157753 -0.1772776 0.05956327
v -0.08064923 -0.1722776 0.05878435
v -0.07941476 -0.1772776 0.05854392
v -0.0776331 -0.1722776 0.0591597
v -0.07715386 -0.1722776 0.0923764
v -0.07700805 -0.1772776 0.09051962
v -0.07763311 -0.1772776 0.09307417
v -0.07941477 -0.1722776 0.09368996
v -0.08064921 -0.1772776 0.09344953
v -0.08157754 -0.1722776 0.09267059
v -0.08212963 -0.1772776 0.09104313
v -0.08195774 -0.1722776 0.09051958
v -0.08064923 -0.1722776 0.08878434
v -0.08071039 -0.1772776 0.08885457
v -0.07831652 -0.1772776 0.08878436
v -0.0776331 -0.1722776 0.0891597
v -0.06288919 -0.1722776 0.2065847
v -0.06294631 -0.1772776 0.2065111
v -0.06355567 -0.1772776 0.208823
v -0.06447168 -0.1722776 0.2096671
v -0.06555102 -0.1772776 0.20969
v -0.06757754 -0.1722776 0.2086706
v -0.0676593 -0.1772776 0.2085538
v -0.06763374 -0.1722776 0.2054141
v -0.06792483 -0.1772776 0.2063967
v -0.06652004 -0.1772776 0.2047241
v -0.06466689 -0.1722776 0.2046758
v -0.06434967 -0.1772776 0.2048371
v 0.1951638 -0.1722776 0.2070431
v 0.1952055 -0.1772776 0.2069581
v 0.1936834 -0.1722776 0.2094495
v 0.1935542 -0.1772776 0.2095098
v 0.1906673 -0.1722776 0.2090742
v 0.1903663 -0.1772776 0.2088197
v 0.190076 -0.1722776 0.2063009
v 0.1905371 -0.1772776 0.2053591
v 0.191573 -0.1722776 0.2047224
v 0.1932608 -0.1772776 0.2046173
v 0.1937446 -0.1722776 0.2048546
v 0.128931 -0.1722776 0.2084204
v 0.1286679 -0.1772776 0.2054141
v 0.1286117 -0.1772776 0.2086706
v 0.126449 -0.1772776 0.20969
v 0.1256813 -0.1722776 0.2096293
v 0.1243407 -0.1772776 0.2085539
v 0.123995 -0.1722776 0.2076309
v 0.1240752 -0.1772776 0.2063967
v 0.1250784 -0.1722776 0.2047812
v 0.12548 -0.1772776 0.2047241
v 0.1283101 -0.1722776 0.2052231
v 0.06291164 -0.1722776 0.2061729
v 0.06295905 -0.1772776 0.2078371
v 0.06259204 -0.1722776 0.2087617
v 0.06114042 -0.1772776 0.2097369
v 0.06035868 -0.1722776 0.2096579
v 0.05826188 -0.1722776 0.2085042
v 0.05834072 -0.1772776 0.2085538
v 0.05812256 -0.1772776 0.2061729
v 0.05855989 -0.1722776 0.2052671
v 0.05970109 -0.1772776 0.2046758
v 0.06133312 -0.1722776 0.2046758
v 0.06247434 -0.1772776 0.2052671
v 0.04905369 -0.1722776 0.09172282
v 0.04901678 -0.1772776 0.09186055
v 0.04704934 -0.1722776 0.09371065
v 0.04667601 -0.1772776 0.0938053
v 0.04410947 -0.1722776 0.0923235
v 0.04400476 -0.1772776 0.09195284
v 0.04491079 -0.1722776 0.08895541
v 0.04446873 -0.1772776 0.08960503
v 0.04659091 -0.1772776 0.08847022
v 0.04816188 -0.1722776 0.08904201
v 0.04863839 -0.1772776 0.08970917
v 0.04905809 -0.1722776 0.0612754
v 0.04913644 -0.1772776 0.06072999
v 0.04807082 -0.1722776 0.06321154
v 0.04795403 -0.1772776 0.06329332
v 0.04591981 -0.1722776 0.06359179
v 0.04469463 -0.1772776 0.06316738
v 0.04383014 -0.1722776 0.06167004
v 0.04407517 -0.1772776 0.06039681
v 0.04535074 -0.1722776 0.05878436
v 0.04547996 -0.1772776 0.05872411
v 0.04816188 -0.1722776 0.059042
v 0.0476503 -0.1772776 0.05883713
v 0.04651711 -0.1682776 0.0563538
v 0.04896327 -0.168272 0.05379898
v 0.04377135 -0.1682767 0.0540611
v 0.04239211 -0.1682776 0.05873537
v 0.0397356 -0.1682714 0.05743749
v 0.03952899 -0.1682673 0.06461119
v 0.04239211 -0.1682776 0.06349851
v 0.04651711 -0.1682776 0.06588008
v 0.04472583 -0.1682748 0.06853868
v 0.05335393 -0.1682748 0.05771857
v 0.05064211 -0.1682776 0.05873537
v 0.04991567 -0.1682751 0.06795402
v 0.05383507 -0.168272 0.06356309
v 0.05064211 -0.1682776 0.06349851
v 0.05410424 -0.1682751 0.09026174
v 0.05177948 -0.1682751 0.08558492
v 0.0506421 -0.1682776 0.08873537
v 0.04737226 -0.1682751 0.09870407
v 0.0465171 -0.1682776 0.09588008
v 0.0417156 -0.168272 0.09715694
v 0.03909181 -0.1682765 0.0925957
v 0.0423921 -0.1682776 0.09349851
v 0.03999694 -0.1682673 0.08681219
v 0.0423921 -0.1682776 0.08873537
v 0.04651711 -0.1682776 0.08635379
v 0.04631286 -0.1682714 0.08340427
v 0.05255665 -0.1682714 0.09591809
v 0.0506421 -0.1682776 0.09349851
v -0.12243 -0.1682751 0.2001187
v -0.1276425 -0.1682751 0.1997936
v -0.1254829 -0.1682776 0.2023538
v -0.1296079 -0.1682776 0.2047354
v -0.1326508 -0.1682665 0.2040102
v -0.1296079 -0.1682776 0.2094985
v -0.1320602 -0.1682714 0.2111502
v -0.1213579 -0.1682776 0.2094985
v -0.1208288 -0.1682665 0.2133914
v -0.1177227 -0.1682574 0.2055244
v -0.1272742 -0.1682751 0.214539
v -0.1254829 -0.1682776 0.2118801
v -0.1213579 -0.1682776 0.2047354
v -0.2130699 -0.1682749 0.06198358
v -0.2107757 -0.1682753 0.06660308
v -0.2096079 -0.1682776 0.0634985
v -0.2054829 -0.1682776 0.06588006
v -0.2055594 -0.1682699 0.06887929
v -0.2013579 -0.1682776 0.0634985
v -0.1985146 -0.1682574 0.06488517
v -0.2121002 -0.1682764 0.05741759
v -0.2096079 -0.1682776 0.05873536
v -0.2054829 -0.1682776 0.05635379
v -0.2036916 -0.1682748 0.05369518
v -0.2088612 -0.1682751 0.05429169
v -0.2013579 -0.1682776 0.05873536
v -0.1989052 -0.168272 0.05708335
v -0.2121002 -0.1682764 0.08741758
v -0.2096079 -0.1682776 0.08873536
v -0.2082936 -0.1682717 0.08396646
v -0.2054829 -0.1682776 0.08635378
v -0.2018032 -0.168272 0.08433491
v -0.2054829 -0.1682776 0.09588006
v -0.2055594 -0.1682692 0.0988785
v -0.1999509 -0.1682751 0.0963793
v -0.2013579 -0.1682776 0.09349849
v -0.2096079 -0.1682776 0.09349849
v -0.2130699 -0.1682749 0.09198359
v -0.2107757 -0.1682753 0.0966031
v -0.197722 -0.1682665 0.09022354
v -0.2013579 -0.1682776 0.08873536
v -0.1956079 -0.1682776 0.2047354
v -0.1986508 -0.1682665 0.2040101
v -0.1956079 -0.1682776 0.2094985
v -0.1980607 -0.168272 0.2111505
v -0.1873579 -0.1682776 0.2047354
v -0.183722 -0.1682665 0.2062236
v -0.1878032 -0.168272 0.2003349
v -0.1914829 -0.1682776 0.2118801
v -0.1932742 -0.1682748 0.2145387
v -0.1936426 -0.1682751 0.1997936
v -0.1914829 -0.1682776 0.2023538
v -0.1868288 -0.1682665 0.2133914
v -0.1873579 -0.1682776 0.2094985
v 0.003570043 -0.1682751 0.2001187
v -0.001642533 -0.1682751 0.1997936
v 0.0005171001 -0.1682776 0.2023538
v -0.003607899 -0.1682776 0.2094985
v -0.007043511 -0.168272 0.2086575
v -0.003704727 -0.1682751 0.2134787
v -0.005844411 -0.1682748 0.2028953
v -0.003607899 -0.1682776 0.2047354
v 0.004642099 -0.1682776 0.2047354
v 0.007695336 -0.168272 0.2042869
v 0.0005171001 -0.1682776 0.2118801
v 0.001372203 -0.1682748 0.2147038
v 0.004642099 -0.1682776 0.2094985
v 0.007036593 -0.1682665 0.2114212
v -0.07862774 -0.1682751 0.06870406
v -0.0794829 -0.1682776 0.06588007
v -0.08370472 -0.1682751 0.06747869
v -0.0836079 -0.1682776 0.05873536
v -0.08474216 -0.1682574 0.05519266
v -0.08704349 -0.168272 0.06265751
v -0.0836079 -0.1682776 0.0634985
v -0.0794829 -0.1682776 0.05635379
v -0.07571468 -0.1682574 0.05414862
v -0.0753579 -0.1682776 0.05873536
v -0.07176964 -0.168272 0.06091268
v -0.0753579 -0.1682776 0.0634985
v -0.07395115 -0.1682748 0.06637914
v -0.07794237 -0.168272 0.09867755
v -0.0794829 -0.1682776 0.09588007
v -0.08540717 -0.1682574 0.0963762
v -0.0836079 -0.1682776 0.0934985
v -0.0836079 -0.1682776 0.08873536
v -0.08680085 -0.168272 0.08867078
v -0.0794829 -0.1682776 0.08635379
v -0.08107542 -0.1682574 0.08335673
v -0.0753579 -0.1682776 0.0934985
v -0.07196611 -0.1682574 0.09361788
v -0.0753579 -0.1682776 0.08873536
v -0.07370551 -0.168272 0.08600246
v -0.05788596 -0.1682683 0.2146916
v -0.0594829 -0.1682776 0.2118801
v -0.06260174 -0.1682776 0.2100574
v -0.06548291 -0.1682776 0.2118801
v -0.06913779 -0.1682751 0.2138203
v -0.0728806 -0.168272 0.2093094
v -0.06960791 -0.1682776 0.2094985
v -0.05375663 -0.1682751 0.2020668
v -0.0553579 -0.1682776 0.2047354
v -0.0517769 -0.1682575 0.2089522
v -0.0654829 -0.1682776 0.2023538
v -0.06708179 -0.1682678 0.1994731
v -0.06960791 -0.1682776 0.2047354
v -0.07218891 -0.1682748 0.2034675
v -0.0624829 -0.1682776 0.2040858
v -0.0553579 -0.1682776 0.2094985
v -0.0594829 -0.1682776 0.2023538
v -0.05946891 -0.1682731 0.1995081
v 0.1858936 -0.1742675 0.1949093
v 0.195179 -0.1742756 0.1937514
v 0.2112583 -0.174273 0.152117
v 0.1595171 -0.1742776 0.229617
v 0.1875747 -0.1742759 0.2198175
v 0.1810664 -0.1742725 0.2147159
v 0.178908 -0.1742675 0.2043439
v 0.1969223 -0.1742742 0.2202959
v 0.2033891 -0.1742675 0.1984742
v 0.2061739 -0.1742731 0.2086563
v 0.2034911 -0.1742772 0.2150581
v 0.213783 -0.1741669 0.2511169
v -0.06828497 -0.1742734 0.2205659
v -0.07623048 -0.1742725 0.2156812
v -0.1164864 -0.1742807 0.251117
v -0.07928161 -0.1742675 0.2055415
v -0.07405572 -0.1742725 0.1963762
v -0.0954829 -0.1742776 0.1728669
v -0.06430557 -0.1742758 0.1936152
v -0.0417329 -0.1742776 0.1728669
v -0.05668074 -0.1742734 0.193668
v -0.0417329 -0.1742776 0.2296169
v -0.05588346 -0.1742725 0.2204065
v -0.04849206 -0.1742756 0.2151742
v -0.04789791 -0.1742665 0.1994589
v -0.04593603 -0.1742759 0.2086031
v -0.20254 -0.1742725 0.1989558
v -0.1958605 -0.1742759 0.1942109
v -0.2104041 -0.1742691 0.1521169
v -0.1369446 -0.1742837 0.2147212
v -0.1859876 -0.1742731 0.2197138
v -0.1928732 -0.1742771 0.2205913
v -0.1717329 -0.1742776 0.1728669
v -0.188821 -0.1742756 0.1937514
v -0.1996441 -0.1742725 0.218174
v -0.2094829 -0.1742776 0.2296169
v -0.2052197 -0.1742675 0.2091658
v -0.1824947 -0.1742759 0.1968728
v -0.1785769 -0.1742759 0.2027393
v -0.1785631 -0.1742665 0.2122106
v -0.2118571 -0.1742037 0.2511169
v -0.1972251 -0.1742776 0.241195
v -0.194561 -0.1742776 0.2383748
v -0.1920884 -0.1742776 0.2401729
v -0.192408 -0.1742776 0.2427617
v -0.1950888 -0.1742776 0.2436535
v -0.06715801 -0.1742776 0.2414273
v -0.06564924 -0.1742776 0.2387844
v -0.06263311 -0.1742776 0.2391597
v -0.06223417 -0.1742776 0.2425987
v -0.005607903 -0.1742776 0.2511169
v -0.06508878 -0.1742776 0.2436535
v 0.06289777 -0.1742776 0.24073
v 0.06543902 -0.1742776 0.2383747
v 0.03051711 -0.1742776 0.2296169
v 0.1185619 -0.1742796 0.251117
v 0.06811081 -0.1742776 0.2405847
v 0.06672369 -0.1742776 0.2435246
v 0.0639154 -0.1742776 0.2431318
v 0.1928972 -0.1742776 0.2404937
v 0.1952189 -0.1742776 0.2385261
v 0.1980672 -0.1742776 0.2401057
v 0.1939154 -0.1742776 0.2431318
v 0.1967237 -0.1742776 0.2435246
v -0.1389939 -0.1742771 0.2080875
v -0.1373219 -0.1742665 0.1998571
v -0.1298605 -0.1742759 0.1942109
v -0.1164949 -0.1742756 0.196873
v -0.1121232 -0.1742731 0.2038925
v -0.1131767 -0.1742725 0.2132341
v -0.1199878 -0.1742725 0.2197132
v -0.1293703 -0.1742731 0.220299
v -0.1228211 -0.1742756 0.1937514
v -0.01053994 -0.1742725 0.1989558
v -0.003860414 -0.1742756 0.1942111
v -0.01011318 -0.1742756 0.2156445
v -0.00337027 -0.1742731 0.220299
v -0.01319956 -0.1742731 0.2079725
v 0.003179021 -0.1742759 0.1937511
v 0.03051711 -0.1742776 0.1728669
v 0.01343696 -0.1742665 0.2122106
v 0.006012209 -0.1742725 0.2197132
v 0.00950503 -0.1742756 0.1968729
v 0.01342317 -0.1742759 0.2027393
v 0.04677832 -0.1742731 0.206774
v 0.0495263 -0.1742756 0.1990596
v 0.05686649 -0.1742694 0.1937754
v 0.06951913 -0.1742748 0.1938133
v 0.07810208 -0.1742665 0.1994589
v 0.0965171 -0.1742776 0.1728669
v 0.08006401 -0.1742759 0.208603
v 0.07607773 -0.1742665 0.2171893
v 0.06533986 -0.1742758 0.2206187
v 0.05771501 -0.1742734 0.2205659
v 0.04976954 -0.1742725 0.2156812
v 0.1150664 -0.1742725 0.2147159
v 0.1128921 -0.1742759 0.2068165
v 0.1154601 -0.1742725 0.1989558
v 0.1232926 -0.1742731 0.1937573
v 0.1398768 -0.1742731 0.2038926
v 0.1237441 -0.1742675 0.2207261
v 0.1337769 -0.1742665 0.1952779
v 0.1388233 -0.1742725 0.2132341
v 0.1330692 -0.1742756 0.2190665
v 0.211866 -0.1742229 0.04872604
v 0.2138145 -0.1740295 0.04711757
v 0.204033 -0.1742703 0.0475103
v 0.2040667 -0.1743007 0.07747312
v 0.2118463 -0.1742195 0.0735127
v 0.2048856 -0.1742736 0.07475611
v 0.141021 -0.1742778 0.07401513
v 0.1931574 -0.1742731 0.06434144
v 0.1437984 -0.1742776 0.04724194
v 0.1946781 -0.1742665 0.05385713
v 0.1975292 -0.1742756 0.07136092
v 0.2048856 -0.1742736 0.1047561
v 0.2123861 -0.1742547 0.1297971
v 0.2119364 -0.1742165 0.1034725
v 0.1975292 -0.1742756 0.101361
v 0.1931574 -0.1742731 0.09434145
v 0.1946781 -0.1742665 0.08385713
v 0.1412186 -0.1742776 0.1250322
v 0.1387884 -0.1742524 0.1298253
v 0.06733505 -0.1742731 0.05722953
v 0.07198949 -0.1742756 0.05048668
v 0.06351711 -0.1742776 0.04736694
v 0.07966153 -0.1742731 0.04740028
v 0.08867928 -0.1742742 0.0500585
v 0.08137268 -0.1742731 0.0748336
v 0.1117554 -0.1742776 0.07533929
v 0.08998904 -0.1742725 0.07107411
v 0.06351711 -0.1742776 0.07611694
v 0.07235594 -0.1742725 0.07217397
v 0.06761131 -0.1742756 0.06549448
v 0.1221963 -0.1742776 0.06396528
v 0.1301862 -0.1742776 0.06401952
v 0.09388328 -0.1742763 0.06377888
v 0.1148417 -0.1742772 0.06899618
v 0.09342335 -0.1742761 0.05673919
v 0.1359936 -0.1742776 0.06680377
v 0.06351711 -0.1742776 0.1297964
v 0.0679208 -0.1742725 0.09661202
v 0.06759629 -0.1742675 0.08602288
v 0.08545937 -0.1742756 0.07841668
v 0.09272471 -0.1742675 0.08449341
v 0.07611401 -0.1742675 0.07794463
v 0.07542339 -0.1742665 0.1040368
v 0.1142318 -0.1742777 0.1297942
v 0.08601294 -0.1742742 0.1037148
v 0.09343873 -0.1742683 0.09621132
v 0.1117861 -0.1742776 0.1245078
v 0.03421035 -0.1742731 0.08499955
v 0.03996501 -0.1742756 0.07916737
v 0.01500898 -0.1742779 0.07399975
v 0.04805643 -0.1742731 0.07746011
v 0.05943793 -0.1742675 0.09621099
v 0.05306925 -0.1742756 0.1030665
v 0.04497783 -0.1742731 0.1047738
v 0.01280003 -0.1742733 0.1298106
v 0.03655866 -0.1742742 0.1005901
v 0.0152186 -0.1742776 0.1250323
v 0.03304695 -0.1742759 0.09318697
v 0.05550508 -0.1742756 0.08087298
v 0.05942291 -0.1742756 0.08673939
v 0.03315517 -0.1742753 0.06434193
v 0.03421087 -0.1742725 0.05499981
v 0.0005171038 -0.1742776 0.04724194
v 0.04211406 -0.1742675 0.04794462
v 0.0581662 -0.1742756 0.0681895
v 0.05201222 -0.1742725 0.07371323
v 0.001468062 -0.1742776 0.06337108
v 0.009993602 -0.1742776 0.06680378
v 0.04512682 -0.1742771 0.07459126
v 0.03835594 -0.1742725 0.07217397
v 0.05022604 -0.174277 0.04808884
v 0.0564743 -0.1742725 0.05164503
v 0.06023377 -0.1742731 0.06026135
v -0.0521059 -0.1742665 0.04891022
v -0.0624829 -0.1742776 0.04736694
v -0.05818313 -0.1742756 0.05617463
v -0.04159551 -0.1742731 0.04793487
v -0.03403219 -0.1742725 0.05351797
v -0.03182421 -0.1742749 0.06265644
v -0.04462732 -0.1742731 0.07483359
v -0.0624829 -0.1742776 0.07611693
v -0.01424459 -0.1742776 0.07533929
v -0.05364406 -0.1742725 0.07217397
v -0.05884259 -0.1742731 0.0643414
v -0.03601095 -0.1742725 0.07107411
v -0.01115819 -0.1742771 0.06899611
v -0.006055284 -0.1742776 0.06507625
v -0.05572689 -0.1742756 0.082129
v -0.04870736 -0.1742731 0.07775724
v -0.05913973 -0.1742731 0.0895776
v -0.0624829 -0.1742776 0.1297964
v -0.01176826 -0.1742779 0.1297941
v -0.01421394 -0.1742776 0.1245078
v -0.03822306 -0.1742665 0.07927789
v -0.04343408 -0.1742675 0.1048537
v -0.05364403 -0.1742725 0.102174
v -0.05784706 -0.174277 0.09665003
v -0.03212274 -0.1742735 0.0878924
v -0.03364294 -0.1742675 0.09837729
v -0.06611711 -0.1742759 0.09377887
v -0.07001099 -0.1742725 0.1010741
v -0.110991 -0.1742779 0.07399973
v -0.08972688 -0.1742756 0.08212899
v -0.08270737 -0.1742731 0.07775724
v -0.07222306 -0.1742665 0.07927789
v -0.07862733 -0.1742731 0.1048336
v -0.09314018 -0.1742735 0.08957755
v -0.1107814 -0.1742776 0.1250323
v -0.09184706 -0.174277 0.09665002
v -0.06657709 -0.1742756 0.08673941
v -0.1132009 -0.1742712 0.1298118
v -0.08764505 -0.1742742 0.1021754
v -0.2125119 -0.1740546 0.04707452
v -0.2108502 -0.1742226 0.04873367
v -0.2050697 -0.1742761 0.04750209
v -0.08033859 -0.1742752 0.04739811
v -0.1973218 -0.1742725 0.05005987
v -0.1931184 -0.1742774 0.05558373
v -0.0713217 -0.1742725 0.05005991
v -0.06612319 -0.1742731 0.05789251
v -0.1298037 -0.1742776 0.06396527
v -0.1218138 -0.1742776 0.06401952
v -0.09309629 -0.1742717 0.05834304
v -0.1160064 -0.1742776 0.06680378
v -0.08801047 -0.1742756 0.05048665
v -0.07001096 -0.1742725 0.07107411
v -0.07862731 -0.1742731 0.07483359
v -0.06645477 -0.174277 0.06482579
v -0.1402446 -0.1742776 0.07533927
v -0.195239 -0.1742756 0.07010494
v -0.2030325 -0.1743007 0.07476076
v -0.08764406 -0.1742725 0.07217397
v -0.1918236 -0.1742754 0.06265641
v -0.09184729 -0.1742773 0.06665011
v -0.1371583 -0.1742769 0.06899617
v -0.140214 -0.1742776 0.1245077
v -0.1921228 -0.1742735 0.08789245
v -0.2109031 -0.1742142 0.07876428
v -0.2050697 -0.1742761 0.07750209
v -0.1973218 -0.1742725 0.08005987
v -0.2122429 -0.1741284 0.1298826
v -0.2029988 -0.1742703 0.1047236
v -0.2109059 -0.1742153 0.1034697
v -0.1377683 -0.1742779 0.1297941
v -0.193643 -0.1742675 0.09837729
v 0.06951712 -0.1742776 0.04711694
v -0.1241141 -0.1802039 0.1366448
v -0.1178117 -0.1800436 0.13446
v -0.09237719 -0.1801096 0.1563247
v -0.1389874 -0.1802385 0.1292963
v -0.1344156 -0.1802039 0.1338918
v -0.1855672 -0.1801417 0.1562272
v -0.1295096 -0.1802071 0.1361806
v -0.1883068 -0.1800863 0.0727547
v -0.1390787 -0.1799471 0.07178748
v -0.1406147 -0.1800742 0.07695367
v -0.1917774 -0.180111 0.1532636
v -0.1945998 -0.180146 0.1472804
v -0.1405871 -0.1800557 0.1231045
v -0.09070409 -0.1801497 0.1552585
v -0.1140674 -0.1801306 0.1314565
v -0.1115425 -0.1800763 0.1274031
v -0.1945496 -0.1800098 0.07932167
v -0.1917081 -0.1800556 0.0750238
v -0.09206107 -0.180044 0.07191122
v -0.1103669 -0.1800942 0.07620737
v -0.1118512 -0.179991 0.07182513
v -0.09040278 -0.1800565 0.07343835
v -0.1103373 -0.1800542 0.1228121
v -0.01458706 -0.1800557 0.1231045
v -0.01330794 -0.1800549 0.1275821
v -0.0339229 -0.1802606 0.1552854
v -0.004793864 -0.1802012 0.1358717
v -0.01030597 -0.1801173 0.1319705
v -0.01461967 -0.1800828 0.07695705
v -0.03332713 -0.1799847 0.07201803
v -0.01306936 -0.179972 0.07180505
v 0.03404763 -0.1801784 0.1562354
v 0.008191773 -0.1800425 0.1344569
v 0.01173503 -0.1802329 0.1320194
v 0.01540375 -0.1801747 0.1260261
v 0.001885314 -0.1802071 0.1366493
v -0.03472878 -0.180021 0.07387048
v 0.03566346 -0.180077 0.07350331
v 0.01554536 -0.1800825 0.07581861
v 0.03388855 -0.1800473 0.07190875
v 0.01410814 -0.1800708 0.0718134
v 0.09257163 -0.1802575 0.1557337
v 0.1114129 -0.1800557 0.1231045
v 0.1126921 -0.1800549 0.1275821
v 0.1113803 -0.1800828 0.07695701
v 0.09296285 -0.1800557 0.07197598
v 0.1129282 -0.1799759 0.07180584
v 0.116483 -0.1800792 0.1328002
v 0.1224925 -0.1802039 0.1361765
v 0.1418634 -0.1802503 0.1254863
v 0.1957204 -0.1800109 0.1473986
v 0.1940237 -0.1800932 0.1516257
v 0.1417768 -0.1803047 0.072945
v 0.1926756 -0.180107 0.07499136
v 0.1954984 -0.1800632 0.0792531
v 0.1884077 -0.180025 0.07215601
v 0.09130733 -0.1800324 0.07363024
v 0.1278853 -0.1802072 0.1366494
v 0.1872465 -0.1801601 0.1561422
v 0.1320054 -0.1799674 0.1353903
v 0.1373066 -0.1800573 0.1319079
v 0.01383927 -0.1772787 0.0715697
v 0.009340953 -0.1772776 0.06642323
v 0.00222801 -0.1772776 0.06343757
v -0.007929396 -0.1772776 0.06588912
v -0.01276874 -0.1772776 0.07161237
v -0.1121607 -0.1772787 0.0715697
v -0.1166591 -0.1772776 0.06642323
v -0.123772 -0.1772776 0.06343757
v -0.1339294 -0.1772776 0.06588911
v -0.1387639 -0.1772777 0.07160365
v 0.1397667 -0.177279 0.07144748
v 0.1353409 -0.1772776 0.06642321
v 0.1294751 -0.1772776 0.06376417
v 0.122848 -0.1772776 0.06401953
v 0.1170406 -0.1772776 0.06680379
v 0.1132312 -0.1772776 0.07161238
v 0.1400222 -0.1798118 0.07172525
v 0.1414941 -0.1797244 0.07684243
v 0.2184871 -0.180068 0.04397023
v 0.2172022 -0.1800501 0.05039766
v -0.2167076 -0.1801446 0.04404308
v -0.2162286 -0.1800157 0.05041758
v -0.2228613 0.1787413 0.2511169
v 0.2235359 0.179101 0.2511169
v 0.2168348 0.1735979 0.2511169
v 0.2243924 -0.1765954 0.2511169
v -0.2236764 -0.1763251 0.2511169
v -0.2176764 -0.1703252 0.2511169
v -0.2155305 -0.1724711 0.1521169
v 0.2161481 -0.1727629 0.152117
v -0.2135021 -0.06459094 0.1332494
v -0.2144733 -0.065378 0.1521169
v -0.1954024 -0.05345383 0.1436996
v -0.1947304 -0.05298381 0.1521173
v -0.1897747 -0.04394112 0.1469482
v -0.1897242 -0.04300128 0.1521164
v -0.1897733 0.04459248 0.1469494
v -0.1899554 0.04585813 0.1521157
v -0.2146042 0.06685612 0.1521169
v -0.1955955 0.05504753 0.1521177
v 0.1908075 -0.04314762 0.1469494
v 0.1909896 -0.04441327 0.1521151
v 0.1908089 0.04538588 0.1469482
v 0.1907584 0.0444461 0.1521165
v 0.1954669 -0.05272214 0.1442609
v 0.1966297 -0.05360262 0.1521174
v 0.2144562 -0.06458154 0.1332957
v 0.2145362 -0.06459089 0.152117
v 0.2155076 0.06682284 0.152117
v 0.1957645 0.05442861 0.1521174
v 0.1335729 -0.1660398 0.1345525
v 0.1265171 -0.1631491 0.1362215
v -0.1254829 -0.1631491 0.1362215
v -0.1327907 -0.1662328 0.1344405
v 0.0005170926 -0.1631491 0.1362215
v -0.1184271 -0.1660397 0.1345525
v 0.007572878 -0.1660397 0.1345525
v -0.2167653 -0.1711435 0.1316058
v -0.006790724 -0.1662328 0.1344405
v 0.2168889 -0.1720666 0.131073
v 0.1192093 -0.1662328 0.1344405
v 0.01531331 -0.1795435 0.1243133
v 0.01285788 -0.1795475 0.1297739
v 0.004407167 -0.1795589 0.1356857
v -0.000810165 -0.1795589 0.1361376
v -0.005866464 -0.1796351 0.1348289
v -0.1215928 -0.1795589 0.1356857
v -0.1268102 -0.1795589 0.1361376
v -0.1318991 -0.1795619 0.1347642
v -0.1361925 -0.1795748 0.1317417
v -0.1391917 -0.1797357 0.1275003
v 0.1414758 -0.1797073 0.1230625
v 0.1402218 -0.1797324 0.1275036
v 0.1251898 -0.1795589 0.1361376
v 0.1201009 -0.179562 0.1347643
v -0.2159829 -0.1772776 0.05061692
v -0.2159829 -0.1772776 0.2176169
v 0.2170171 -0.1772776 0.217617
v 0.1595171 -0.1772776 0.2176169
v 0.09401736 -0.1772776 0.2176169
v -0.1235455 -0.1772776 0.2176169
v -0.06209269 -0.1772776 0.2176169
v 0.03357948 -0.1772776 0.2176169
v 0.06351711 -0.1772776 0.2176169
v 0.2170171 -0.1772776 0.06774347
v 0.2170171 -0.1772776 0.05061694
v 0.03925851 -0.1772775 0.05061699
v -0.09152748 -0.1772776 0.1564202
v -0.09160141 -0.1772776 0.177793
v -0.1867939 -0.1772776 0.1777821
v -0.1064829 -0.1772776 0.06118019
v -0.1775951 -0.1772776 0.05789856
v -0.09004457 -0.1772776 0.1798183
v -0.07073338 -0.1772776 0.06774346
v -0.09008531 -0.1772776 0.07359073
v -0.09005114 -0.1772776 0.1543936
v -0.09175581 -0.1772776 0.071782
v -0.2043451 -0.1772776 0.1670638
v -0.1873121 -0.1772776 0.1563778
v -0.1948635 -0.1772776 0.1477184
v -0.1928209 -0.1772776 0.1523094
v -0.1946733 -0.1772776 0.07945392
v -0.1870582 -0.1772776 0.07181478
v -0.1967072 -0.1772776 0.06774345
v -0.1919081 -0.1772776 0.0749343
v -0.06856944 -0.1772775 0.1500598
v -0.06884751 -0.1772776 0.07985595
v -0.06648159 -0.1772775 0.07463171
v -0.05677604 -0.1772775 0.07732506
v -0.06211237 -0.1772777 0.0718006
v -0.05598192 -0.1772776 0.06774346
v -0.05598193 -0.1772776 0.1670638
v -0.05855029 -0.1772775 0.1534579
v -0.0562441 -0.1772776 0.1486507
v -0.0559829 -0.1772776 0.1461169
v -0.0559829 -0.1772776 0.08211693
v -0.06284046 -0.1772777 0.156222
v -0.0184829 -0.1772776 0.0611802
v 0.04764185 -0.1772776 0.1670638
v 0.03438031 -0.1772776 0.1564485
v 0.03593267 -0.1772776 0.1544796
v 0.03595546 -0.1772776 0.07381832
v 0.03447383 -0.1772776 0.07185079
v 0.03439863 -0.1772776 0.177793
v -0.03341289 -0.1772776 0.1777927
v -0.03349341 -0.1772776 0.156421
v -0.03466559 -0.1772776 0.07292959
v -0.03255604 -0.1772776 0.07164951
v -0.03494258 -0.1772776 0.1542539
v 0.09726711 -0.1772776 0.05789857
v 0.1869872 -0.1772776 0.07170039
v 0.1958694 -0.1772776 0.08028162
v 0.1927379 -0.1772776 0.07450056
v 0.1957668 -0.1772776 0.1484648
v 0.1959657 -0.1772776 0.1670638
v 0.1877819 -0.1772776 0.1564575
v 0.1930099 -0.1772776 0.1532991
v 0.09324463 -0.1772776 0.177668
v 0.09330708 -0.1772776 0.1565733
v 0.09124044 -0.1772776 0.1551048
v 0.0870171 -0.1772776 0.06774347
v 0.09252928 -0.1772776 0.07184026
v 0.09108536 -0.1772776 0.07384027
v 0.06744969 -0.1772775 0.1534579
v 0.06986357 -0.1772776 0.1482656
v 0.06979404 -0.1772776 0.07892762
v 0.05743056 -0.1772775 0.1500599
v 0.06315954 -0.1772777 0.156222
v 0.05715247 -0.1772776 0.07985607
v 0.05526662 -0.1772776 0.06774347
v 0.05951839 -0.1772775 0.07463174
v 0.06435812 -0.1772776 0.07183565
v -0.1948134 -0.1772778 0.1882852
v -0.191137 -0.1772775 0.1941952
v -0.1857821 -0.1772776 0.1965476
v -0.1933519 -0.1772774 0.1823507
v -0.06790863 -0.1772776 0.1914735
v -0.09198587 -0.1772776 0.19653
v -0.09014797 -0.1772776 0.1948441
v -0.03492125 -0.1772784 0.1944155
v -0.05874809 -0.1772775 0.1938798
v -0.05638569 -0.1772776 0.1894722
v -0.05642489 -0.1772777 0.1838419
v -0.06280066 -0.1772776 0.1964301
v -0.06898875 -0.1772777 0.1861339
v -0.06216512 -0.1772777 0.1778037
v -0.06621762 -0.1772775 0.1803539
v 0.05676458 -0.1772778 0.1873096
v 0.05905348 -0.1772776 0.1927841
v 0.0597824 -0.1772775 0.1803539
v 0.06894284 -0.1772775 0.1827604
v 0.07002294 -0.1772777 0.1881
v 0.06319934 -0.1772776 0.1964301
v 0.06725186 -0.1772775 0.1938799
v 0.06383491 -0.1772777 0.1778037
v 0.1959657 -0.1772776 0.200617
v 0.1943861 -0.1772774 0.1918832
v 0.1958476 -0.1772778 0.1859487
v 0.1921712 -0.1772776 0.1800387
v 0.1868162 -0.1772776 0.1776863
v 0.1878282 -0.1772776 0.1964518
v 0.09125096 -0.1772776 0.1791602
v 0.09107877 -0.1772776 0.1944155
v 0.09263559 -0.1772776 0.1964409
v 0.03401411 -0.1772776 0.19653
v 0.03585204 -0.1772776 0.194844
v 0.03595545 -0.1772776 0.1798183
v -0.03491466 -0.1772776 0.1798403
v 0.00266793 -0.1772776 0.2054141
v -0.0005200505 -0.1772776 0.2047241
v -0.03333922 -0.1772776 0.1964603
v -0.001659285 -0.1772776 0.2085539
v 0.0004490018 -0.1772776 0.20969
v 0.002611715 -0.1772776 0.2086706
v -0.001924846 -0.1772776 0.2063968
v -0.2119829 -0.1772776 0.06774345
v 0.06670499 -0.1772776 0.05461694
v -0.0649829 -0.1772776 0.05461694
v -0.1852531 -0.1797964 0.07175316
v -0.1941461 -0.1796183 0.149818
v -0.1881988 -0.1796184 0.155774
v -0.09005566 -0.1795283 0.1543495
v -0.06243868 -0.1801077 0.07216077
v -0.06532838 -0.1800826 0.07381454
v -0.06808727 -0.1801312 0.07796666
v -0.06889547 -0.1796506 0.08081714
v -0.06848713 -0.1800454 0.1492824
v -0.06607386 -0.180073 0.1532803
v -0.06242114 -0.1799901 0.1560327
v -0.05778127 -0.1799892 0.152244
v -0.05624857 -0.1801173 0.1475483
v -0.05649742 -0.1801045 0.07884576
v -0.05915137 -0.1800007 0.07433524
v -0.03487559 -0.1795939 0.1544711
v -0.03338752 -0.179682 0.1563221
v 0.0357911 -0.1798732 0.1546592
v 0.09133063 -0.179738 0.1550538
v 0.09323967 -0.1795537 0.1565328
v 0.1915217 -0.1797162 0.1545216
v 0.06343458 -0.1800946 0.155898
v 0.06570406 -0.1798271 0.1547798
v 0.0680445 -0.180126 0.1520403
v 0.06970766 -0.1799737 0.1483862
v 0.06958509 -0.1801528 0.07993252
v 0.06917347 -0.1796194 0.07767344
v 0.06710623 -0.1800324 0.07468294
v 0.06354906 -0.180072 0.07211506
v 0.06125787 -0.1800686 0.07343457
v 0.05879535 -0.1797027 0.07594151
v 0.05731893 -0.1800373 0.07960474
v 0.05738257 -0.1801289 0.1474182
v 0.058772 -0.1800879 0.1520896
v -0.1946911 -0.1800647 0.1880244
v -0.1923871 -0.180119 0.192392
v -0.1899108 -0.1797028 0.1948572
v -0.1866571 -0.1800485 0.1961658
v -0.09222856 -0.180062 0.1963353
v -0.09033243 -0.1799465 0.1950345
v -0.09013486 -0.1797229 0.1796875
v -0.09163626 -0.1796421 0.1778534
v -0.1864558 -0.1801756 0.1781114
v -0.1909663 -0.179808 0.1800372
v -0.1939698 -0.1799868 0.1842827
v -0.05604247 -0.1797703 0.186826
v -0.05756554 -0.1800804 0.1824732
v -0.06036275 -0.1799 0.179225
v -0.06263721 -0.1801149 0.1781167
v -0.06691323 -0.1801073 0.1814357
v -0.06869229 -0.18015 0.1867321
v -0.06800418 -0.1800331 0.1909715
v -0.06468207 -0.1796925 0.1950426
v -0.06251402 -0.1801562 0.1960674
v -0.05969103 -0.1798754 0.1945524
v -0.05682138 -0.1800986 0.1902671
v 0.05730896 -0.1801835 0.1874877
v 0.05856619 -0.1799426 0.1919321
v 0.06132007 -0.1795843 0.1950724
v 0.06358805 -0.1800893 0.1961686
v 0.06800272 -0.1800819 0.1926704
v 0.06982892 -0.1800637 0.187224
v 0.06956102 -0.1795715 0.1846583
v 0.06705698 -0.1800836 0.1804564
v 0.06313588 -0.1801415 0.1780866
v 0.0581504 -0.1799786 0.1830154
v 0.1881575 -0.1800309 0.1961182
v 0.1918261 -0.1800309 0.1940577
v 0.1943784 -0.1799615 0.1911594
v 0.1956764 -0.1801123 0.1875042
v 0.1944317 -0.1801234 0.1830928
v 0.1909449 -0.1797028 0.1793767
v 0.187675 -0.1800505 0.1780616
v 0.09309054 -0.1800129 0.1778868
v 0.09136201 -0.1800648 0.1795537
v 0.09146234 -0.1801686 0.1947961
v 0.09273259 -0.1797265 0.1963597
v 0.0356168 -0.1801161 0.1795746
v 0.03417453 -0.1798903 0.1779201
v -0.03288437 -0.1800501 0.1779679
v -0.03431662 -0.1801086 0.1790302
v -0.03490586 -0.1795598 0.1798752
v -0.03461795 -0.1801291 0.1942921
v -0.03346857 -0.1799003 0.1962036
v 0.03372737 -0.1800177 0.1963706
v 0.03500361 -0.179594 0.1958832
v 0.03575974 -0.180043 0.1943512
v -0.09154272 -0.1802581 0.1784296
v 0.003097672 -0.1722776 0.2063468
v 0.00152836 -0.1722776 0.2096671
v -0.0015775 -0.1722776 0.2086706
v -0.001924049 -0.1722776 0.206301
v 0.0002067722 -0.1722776 0.2044418
v 0.1989888 -0.1682765 0.2031878
v 0.1966421 -0.1682776 0.2047354
v 0.2000339 -0.1682575 0.2096179
v 0.1845983 -0.1682575 0.2073377
v 0.1883921 -0.1682776 0.2047354
v 0.187983 -0.1682751 0.2009739
v 0.1925171 -0.1682776 0.2118801
v 0.1940576 -0.168272 0.2146776
v 0.1966421 -0.1682776 0.2094985
v 0.1883921 -0.1682776 0.2094985
v 0.1882953 -0.1682751 0.2134787
v 0.1925171 -0.1682776 0.2023538
v 0.194332 -0.1682665 0.1995185
v 0.2028374 -0.168272 0.09789895
v 0.2093278 -0.1682717 0.09826742
v 0.2065171 -0.1682776 0.09588008
v 0.2009854 -0.1682748 0.08585472
v 0.1987562 -0.1682665 0.09201029
v 0.2023921 -0.1682776 0.08873538
v 0.2023921 -0.1682776 0.09349851
v 0.2065171 -0.1682776 0.0863538
v 0.2065936 -0.16827 0.08335458
v 0.2141041 -0.1682749 0.09025029
v 0.21181 -0.1682753 0.0856308
v 0.2106421 -0.1682776 0.08873538
v 0.2131344 -0.1682764 0.09481633
v 0.2106421 -0.1682776 0.09349851
v 0.2141041 -0.1682749 0.06025029
v 0.21181 -0.1682753 0.05563081
v 0.2106421 -0.1682776 0.05873537
v 0.2023921 -0.1682776 0.06349852
v 0.1987562 -0.1682665 0.06201029
v 0.2034103 -0.1682665 0.06828481
v 0.2023921 -0.1682776 0.05873537
v 0.2009854 -0.1682748 0.05585474
v 0.2106421 -0.1682776 0.06349852
v 0.2131344 -0.1682764 0.06481633
v 0.2065171 -0.1682776 0.06588008
v 0.2098954 -0.1682751 0.06794219
v 0.2065171 -0.1682776 0.0563538
v 0.2065936 -0.16827 0.05335458
v 0.12957 -0.1682751 0.2001187
v 0.1243575 -0.1682751 0.1997936
v 0.1265171 -0.1682776 0.2023538
v 0.1306421 -0.1682776 0.2094985
v 0.1342773 -0.1682575 0.2055244
v 0.1306421 -0.1682776 0.2047354
v 0.1223921 -0.1682776 0.2047354
v 0.1193492 -0.1682665 0.2040101
v 0.1223921 -0.1682776 0.2094985
v 0.1199398 -0.1682714 0.2111502
v 0.1311713 -0.1682665 0.2133914
v 0.1247258 -0.1682751 0.214539
v 0.1265171 -0.1682776 0.2118801
v 0.0563921 -0.1682776 0.2094985
v 0.05479106 -0.1682748 0.2121668
v 0.05981156 -0.1682738 0.2147692
v 0.06051711 -0.1682776 0.2118801
v 0.06339826 -0.1682776 0.2100574
v 0.0560358 -0.1682767 0.2010144
v 0.05278959 -0.1682665 0.2059718
v 0.0563921 -0.1682776 0.2047354
v 0.06582275 -0.1682767 0.2146695
v 0.0665171 -0.1682776 0.2118801
v 0.06351711 -0.1682776 0.2040858
v 0.06121151 -0.1682767 0.1995644
v 0.06051711 -0.1682776 0.2023538
v 0.07414977 -0.1682751 0.2069264
v 0.07224315 -0.1682748 0.202067
v 0.0706421 -0.1682776 0.2047354
v 0.0665171 -0.1682776 0.2023538
v 0.0672227 -0.1682738 0.1994647
v 0.07211752 -0.168272 0.2124243
v 0.0706421 -0.1682776 0.2094985
v -0.05280085 -0.168272 0.08867078
v -0.0496079 -0.1682776 0.08873536
v -0.04941216 -0.1682767 0.08464508
v -0.05231969 -0.1682748 0.09451533
v -0.04664056 -0.1682574 0.09895381
v -0.0496079 -0.1682776 0.0934985
v -0.0454829 -0.1682776 0.09588007
v -0.0454829 -0.1682776 0.08635379
v -0.04366795 -0.1682665 0.08351848
v -0.03896343 -0.1682665 0.09542125
v -0.0413579 -0.1682776 0.0934985
v -0.0413579 -0.1682776 0.08873536
v -0.03830466 -0.168272 0.08828693
v -0.05307002 -0.1682751 0.06197213
v -0.05028439 -0.168272 0.06715694
v -0.0496079 -0.1682776 0.0634985
v -0.05074216 -0.1682574 0.05519266
v -0.0496079 -0.1682776 0.05873536
v -0.0413579 -0.1682776 0.05873536
v -0.04171468 -0.1682574 0.05414862
v -0.0454829 -0.1682776 0.05635379
v -0.03776964 -0.168272 0.06091268
v -0.0454829 -0.1682776 0.06588007
v -0.04462777 -0.1682748 0.06870374
v -0.03995092 -0.1682751 0.06637935
v -0.0413579 -0.1682776 0.0634985
v 0.0763921 -0.1682776 0.08873537
v 0.07354879 -0.1682574 0.08734872
v 0.0763921 -0.1682776 0.09349851
v 0.07393986 -0.1682714 0.09515015
v 0.0805171 -0.1682776 0.08635379
v 0.08098501 -0.1682665 0.08331876
v 0.0846421 -0.1682776 0.08873537
v 0.08709486 -0.168272 0.08708341
v 0.0846421 -0.1682776 0.09349851
v 0.08748658 -0.1682587 0.0948858
v 0.0805171 -0.1682776 0.09588008
v 0.08004922 -0.1682665 0.09891512
v 0.07319915 -0.168272 0.0586708
v 0.0763921 -0.1682776 0.05873537
v 0.07711856 -0.1682751 0.05427986
v 0.0846421 -0.1682776 0.05873537
v 0.08709484 -0.168272 0.05708341
v 0.0805171 -0.1682776 0.0563538
v 0.0823084 -0.1682748 0.0536952
v 0.0763921 -0.1682776 0.06349851
v 0.07393986 -0.1682714 0.06515015
v 0.0846421 -0.1682776 0.06349851
v 0.08748658 -0.1682587 0.0648858
v 0.08004922 -0.1682665 0.06891512
v 0.0805171 -0.1682776 0.06588008
v 0.2161859 -0.1726267 0.05378275
v 0.2173882 -0.1715441 0.06132688
v 0.2161163 -0.172673 0.06856956
v 0.2119275 -0.174215 0.07875932
v 0.2161634 -0.1726307 0.08375289
v 0.2173865 -0.1715426 0.09132747
v 0.2161334 -0.1726391 0.09849738
v -0.2125519 -0.1739547 0.07253031
v -0.2164153 -0.1715131 0.06281003
v -0.21512 -0.1726378 0.0537625
v -0.2151465 -0.1726307 0.09846198
v -0.2163537 -0.1715439 0.09090668
v -0.2151028 -0.1726421 0.08373595
v -0.06548291 -0.1722776 0.2023538
v -0.0594829 -0.1722776 0.2118801
v -0.06260174 -0.1722776 0.2100574
v -0.0594829 -0.1722776 0.2023538
v -0.06960791 -0.1722776 0.2047354
v -0.06960791 -0.1722776 0.2094985
v -0.0624829 -0.1722776 0.2040858
v -0.0553579 -0.1722776 0.2047354
v -0.06548291 -0.1722776 0.2118801
v -0.0553579 -0.1722776 0.2094985
v -0.0753579 -0.1722776 0.0934985
v -0.0753579 -0.1722776 0.08873536
v -0.0836079 -0.1722776 0.08873536
v -0.0794829 -0.1722776 0.08635379
v -0.0836079 -0.1722776 0.0934985
v -0.0794829 -0.1722776 0.09588007
v -0.0836079 -0.1722776 0.05873536
v -0.0836079 -0.1722776 0.0634985
v -0.0794829 -0.1722776 0.05635379
v -0.0753579 -0.1722776 0.0634985
v -0.0753579 -0.1722776 0.05873536
v -0.0794829 -0.1722776 0.06588007
v -0.003607899 -0.1722776 0.2094985
v -0.003607899 -0.1722776 0.2047354
v 0.0005170964 -0.1722776 0.2118801
v 0.0005171001 -0.1722776 0.2023538
v 0.004642099 -0.1722776 0.2094985
v 0.004642099 -0.1722776 0.2047354
v 0.0763921 -0.1722776 0.05873537
v 0.0763921 -0.1722776 0.06349851
v 0.0846421 -0.1722776 0.05873537
v 0.0846421 -0.1722776 0.06349851
v 0.0805171 -0.1722776 0.0563538
v 0.0805171 -0.1722776 0.06588008
v 0.0846421 -0.1722776 0.08873537
v 0.0846421 -0.1722776 0.09349851
v 0.0763921 -0.1722776 0.09349851
v 0.0763921 -0.1722776 0.08873537
v 0.0805171 -0.1722776 0.08635379
v 0.0805171 -0.1722776 0.09588008
v -0.1873579 -0.1722776 0.2094985
v -0.1873579 -0.1722776 0.2047354
v -0.1956079 -0.1722776 0.2047354
v -0.1914829 -0.1722776 0.2023538
v -0.1956079 -0.1722776 0.2094985
v -0.1914829 -0.1722776 0.2118801
v -0.2013579 -0.1722776 0.09349849
v -0.2013579 -0.1722776 0.08873536
v -0.2096079 -0.1722776 0.09349849
v -0.2096079 -0.1722776 0.08873536
v -0.2054829 -0.1722776 0.08635378
v -0.2054829 -0.1722776 0.09588006
v -0.2013579 -0.1722776 0.0634985
v -0.2013579 -0.1722776 0.05873536
v -0.2054829 -0.1722776 0.05635379
v -0.2054829 -0.1722776 0.06588006
v -0.2096079 -0.1722776 0.0634985
v -0.2096079 -0.1722776 0.05873536
v -0.1213579 -0.1722776 0.2094985
v -0.1213579 -0.1722776 0.2047354
v -0.1296079 -0.1722776 0.2047354
v -0.1254829 -0.1722776 0.2023538
v -0.1254829 -0.1722776 0.2118801
v -0.1296079 -0.1722776 0.2094985
v -0.0413579 -0.1722776 0.0634985
v -0.0496079 -0.1722776 0.05873536
v -0.0496079 -0.1722776 0.0634985
v -0.0413579 -0.1722776 0.05873536
v -0.0454829 -0.1722776 0.05635379
v -0.0454829 -0.1722776 0.06588007
v -0.0496079 -0.1722776 0.08873536
v -0.0454829 -0.1722776 0.08635379
v -0.0413579 -0.1722776 0.08873536
v -0.0454829 -0.1722776 0.09588007
v -0.0413579 -0.1722776 0.0934985
v -0.0496079 -0.1722776 0.0934985
v 0.0665171 -0.1722776 0.2118801
v 0.06339826 -0.1722776 0.2100574
v 0.0665171 -0.1722776 0.2023538
v 0.06051711 -0.1722776 0.2023538
v 0.0563921 -0.1722776 0.2094985
v 0.0563921 -0.1722776 0.2047354
v 0.06051711 -0.1722776 0.2118801
v 0.0706421 -0.1722776 0.2047354
v 0.0706421 -0.1722776 0.2094985
v 0.0465171 -0.1722776 0.08635379
v 0.0423921 -0.1722776 0.08873537
v 0.0506421 -0.1722776 0.08873537
v 0.0506421 -0.1722776 0.09349851
v 0.0465171 -0.1722776 0.09588008
v 0.0423921 -0.1722776 0.09349851
v 0.04239211 -0.1722776 0.05873537
v 0.04239211 -0.1722776 0.06349851
v 0.04651711 -0.1722776 0.0563538
v 0.05064211 -0.1722776 0.06349851
v 0.05064211 -0.1722776 0.05873537
v 0.04651711 -0.1722776 0.06588008
v 0.1223921 -0.1722776 0.2094985
v 0.1223921 -0.1722776 0.2047354
v 0.1265171 -0.1722776 0.2023538
v 0.1306421 -0.1722776 0.2047354
v 0.1306421 -0.1722776 0.2094985
v 0.1265171 -0.1722776 0.2118801
v 0.2023921 -0.1722776 0.05873537
v 0.2023921 -0.1722776 0.06349852
v 0.2106421 -0.1722776 0.06349852
v 0.2106421 -0.1722776 0.05873537
v 0.2065171 -0.1722776 0.06588008
v 0.2065171 -0.1722776 0.0563538
v 0.2023921 -0.1722776 0.08873538
v 0.2065171 -0.1722776 0.0863538
v 0.2023921 -0.1722776 0.09349851
v 0.2106421 -0.1722776 0.09349851
v 0.2065171 -0.1722776 0.09588008
v 0.2106421 -0.1722776 0.08873538
v 0.1883921 -0.1722776 0.2047354
v 0.1925171 -0.1722776 0.2023538
v 0.1966421 -0.1722776 0.2047354
v 0.1966421 -0.1722776 0.2094985
v 0.1925171 -0.1722776 0.2118801
v 0.1883921 -0.1722776 0.2094985
v -0.2176605 -0.1703338 0.04711685
v -0.2204871 -0.1789219 0.04393342
v -0.223621 -0.1759654 0.0439422
v 0.222205 -0.1784157 0.04394233
v 0.2246454 -0.1759794 0.04394225
v 0.226129 -0.1724826 0.04358195
v -0.2233151 -0.1729268 0.04164026
v -0.2144733 0.06682283 0.1326887
v -0.1944327 0.05416697 0.1442609
v 0.2156385 0.06685615 0.1326131
v 0.1964366 0.05489868 0.1436996
v -0.01280503 0.1787235 0.0715697
v -0.008306716 0.1787224 0.06642322
v -0.001193769 0.1787224 0.06343757
v 0.008963596 0.1787224 0.06588911
v 0.01380297 0.1787225 0.07161237
v -0.01450047 0.1812491 0.07698461
v -0.01298836 0.181261 0.07172622
v -0.01313994 0.1810031 0.1275086
v -0.005843662 0.1810036 0.1347889
v -0.0007725209 0.1813046 0.1362225
v 0.004473045 0.1810197 0.135675
v -0.1241556 0.1810037 0.1361376
v -0.1190667 0.1810068 0.1347643
v -0.1104672 0.1812429 0.1228561
v -0.1117982 0.1810101 0.1274565
v -0.1404584 0.1811663 0.07684951
v -0.1387325 0.1787238 0.07144748
v -0.1343067 0.1787224 0.06642324
v -0.1271938 0.1787224 0.06343757
v -0.1170364 0.1787224 0.06588911
v -0.112197 0.1787225 0.07161237
v -0.138988 0.1812567 0.07172526
v 0.1141763 0.1809923 0.129774
v 0.122627 0.1810037 0.1356857
v 0.1278444 0.1810037 0.1361376
v 0.1329333 0.1810068 0.1347643
v 0.1372055 0.1810778 0.1317806
v 0.140226 0.1811805 0.1275003
v 0.113249 0.1787225 0.07161425
v 0.1165291 0.1787224 0.06723305
v 0.1248062 0.1787224 0.06343757
v 0.1349636 0.1787224 0.06588911
v 0.1397981 0.1787225 0.07160366
v 0.1595171 0.1787224 0.2071169
v -0.09198584 0.1787224 0.1777039
v -0.0916014 0.1787224 0.1564409
v -0.1859477 0.1787224 0.1565375
v 0.03401415 0.1787224 0.1777039
v 0.03455471 0.1787224 0.1563971
v -0.03257861 0.1787224 0.1565901
v 0.03595546 0.1787224 0.1944155
v 0.03439863 0.1787224 0.1964409
v 0.05201687 0.1787224 0.1985544
v 0.03585206 0.1787224 0.1793899
v -0.03475958 0.1787224 0.1791292
v -0.03267486 0.1787224 0.1776539
v -0.05642487 0.1787224 0.1903919
v -0.03491465 0.1787224 0.1943936
v -0.03341287 0.1787224 0.1964412
v 0.09124044 0.1787224 0.1791291
v 0.07002296 0.1787225 0.1861339
v 0.06894286 0.1787223 0.1914735
v 0.06725183 0.1787223 0.1803539
v 0.05809137 0.1787224 0.1827604
v 0.06319933 0.1787225 0.1778037
v 0.03597682 0.1787224 0.1542538
v 0.06387469 0.1787225 0.156222
v 0.05701129 0.1787225 0.1881
v 0.05978237 0.1787223 0.1938799
v 0.06383489 0.1787225 0.1964301
v -0.2043451 0.1787224 0.1985544
v -0.1584829 0.1787224 0.2071169
v -0.186794 0.1787224 0.1964518
v -0.06898873 0.1787224 0.1881
v -0.09014794 0.1787224 0.1793899
v -0.09004455 0.1787224 0.1944156
v -0.09160142 0.1787224 0.1964409
v -0.1948134 0.1787226 0.1859487
v -0.191137 0.1787224 0.1800387
v -0.2043451 0.1787224 0.1563856
v -0.185782 0.1787224 0.1776863
v -0.1933519 0.1787222 0.1918832
v 0.09279002 0.1787224 0.07178202
v 0.09256165 0.1787224 0.1564202
v 0.09108537 0.1787224 0.1543936
v 0.09111953 0.1787224 0.0735908
v 0.09324466 0.1787224 0.1965659
v 0.09125099 0.1787224 0.1950737
v 0.09330711 0.1787224 0.1776606
v 0.1878282 0.1787224 0.1777821
v 0.1959658 0.1787224 0.1985545
v 0.1958476 0.1787226 0.1882852
v 0.1921712 0.1787223 0.1941952
v 0.1959658 0.1787224 0.1563857
v 0.1943861 0.1787222 0.1823507
v 0.1867899 0.1787224 0.1565495
v 0.195791 0.1787224 0.1485453
v 0.1920754 0.1787224 0.1542667
v 0.2170171 0.1787224 0.06774347
v 0.1958434 0.1787224 0.08033402
v 0.2170171 0.1787224 0.217617
v 0.1880924 0.1787224 0.07181479
v 0.19368 0.1787224 0.0756674
v 0.1375043 0.1787224 0.05061694
v -0.06882934 0.1787224 0.1482656
v -0.06875981 0.1787224 0.07892758
v -0.0559819 0.1787224 0.06774346
v -0.05848416 0.1787223 0.07463173
v -0.05611823 0.1787224 0.07985602
v -0.05639634 0.1787224 0.1500599
v -0.06212533 0.1787225 0.156222
v -0.05598191 0.1787224 0.1563856
v -0.06641547 0.1787224 0.1534579
v -0.06332388 0.1787224 0.07183564
v -0.1876867 0.1787224 0.07191405
v -0.1967072 0.1787224 0.06774345
v -0.1945166 0.1787224 0.07843325
v -0.1947326 0.1787224 0.1484647
v -0.191422 0.1787224 0.1539414
v -0.09014794 0.1787224 0.07338984
v -0.09004455 0.1787224 0.1544156
v -0.09195669 0.1787224 0.07171935
v -0.142039 0.1787224 0.05061693
v -0.0346918 0.1787224 0.1552349
v -0.03475957 0.1787224 0.07312915
v -0.03275956 0.1787224 0.07168519
v 0.03450492 0.1787224 0.07184026
v 0.03594888 0.1787224 0.07384031
v 0.00564212 0.1787224 0.05061693
v 0.06960368 0.1787224 0.1500598
v 0.06988175 0.1787224 0.07985599
v 0.06751584 0.1787223 0.07463172
v 0.07401811 0.1787224 0.06774347
v 0.06267613 0.1787224 0.07183565
v 0.05724019 0.1787224 0.07892767
v 0.05717067 0.1787224 0.1482657
v 0.05958452 0.1787224 0.1534579
v -0.06790861 0.1787224 0.1827604
v -0.06621765 0.1787223 0.1938799
v -0.05874811 0.1787223 0.180354
v -0.05638568 0.1787224 0.1847617
v -0.06280068 0.1787225 0.1778037
v -0.06216513 0.1787225 0.1964301
v 0.1868163 0.1787224 0.1965476
v 0.2170171 0.1787224 0.05061694
v 0.066705 0.1787224 0.05061693
v -0.06498288 0.1787224 0.05061693
v -0.2119829 0.1787224 0.06774345
v -0.2159829 0.1787224 0.05061692
v 0.06351712 0.1787224 0.2136169
v 0.03357949 0.1787224 0.2136169
v -0.002004985 0.1787224 0.2076308
v -0.00124066 0.1787224 0.2051368
v -0.0001061708 0.1787224 0.2097369
v -0.0372324 0.1787224 0.2136169
v 0.001114476 0.1787224 0.2046421
v 0.002978988 0.1787224 0.2061424
v 0.002531972 0.1787224 0.2087186
v -0.06248289 0.1787224 0.2136169
v -0.2159829 0.1787224 0.2176169
v -0.09182432 0.1811834 0.07181162
v -0.09012918 0.1811419 0.07365594
v -0.09086176 0.1810177 0.1557337
v -0.1948304 0.1812854 0.1467856
v -0.1948521 0.1811954 0.08137255
v -0.1918255 0.1811473 0.0749255
v -0.1852523 0.1812312 0.07174531
v -0.06882528 0.1812821 0.0807458
v -0.06790067 0.1816399 0.07768235
v -0.06581447 0.1814455 0.07433528
v -0.06250892 0.1815301 0.07215027
v -0.05962449 0.1813521 0.07371943
v -0.05695141 0.1815582 0.07785133
v -0.05613503 0.1812691 0.0807336
v -0.05614284 0.181255 0.1474255
v -0.05700501 0.1816386 0.1500537
v -0.05882718 0.1811473 0.1534692
v -0.0623077 0.1815402 0.1559432
v -0.06584474 0.1813446 0.1538848
v -0.06872149 0.1814734 0.1480885
v 0.03392195 0.1811661 0.07175705
v 0.03591558 0.1811439 0.07391334
v -0.03487401 0.1810596 0.1544664
v 0.1862873 0.1812413 0.07175319
v 0.1958861 0.1811983 0.1468807
v 0.09112294 0.1811931 0.0740623
v 0.09352034 0.1811822 0.07170733
v 0.06964869 0.1816165 0.1477184
v 0.06904528 0.1811496 0.1505862
v 0.06686044 0.1815508 0.1535573
v 0.06356408 0.1815361 0.1558769
v 0.06045122 0.1814718 0.1540609
v 0.05794424 0.1810639 0.1505382
v 0.05728325 0.1815133 0.1474792
v 0.05737543 0.1815508 0.07995567
v 0.0594884 0.18139 0.07489949
v 0.06350906 0.1816094 0.07215264
v 0.06639934 0.1812918 0.07374513
v 0.06887706 0.1815971 0.07746625
v 0.0697999 0.1814297 0.08077639
v -0.1869881 0.1814775 0.1961812
v -0.1907953 0.1814802 0.1940522
v -0.1933441 0.1814064 0.1911595
v -0.1947247 0.1816249 0.1870559
v -0.1928778 0.1814016 0.1822592
v -0.1899107 0.1811477 0.1793767
v -0.1866615 0.1815123 0.1780847
v -0.09221587 0.1810215 0.1777043
v -0.09022585 0.181129 0.1792046
v -0.09039064 0.1815452 0.1947331
v -0.09186344 0.1813702 0.1963207
v -0.06205972 0.181623 0.1780922
v -0.05754379 0.1814877 0.1824506
v -0.05608472 0.1814726 0.1871658
v -0.05771986 0.181501 0.1919864
v -0.06036274 0.1813448 0.1950089
v -0.06265748 0.1815492 0.1961302
v -0.06591949 0.1810182 0.1939709
v -0.06801411 0.1814264 0.1907147
v -0.0686791 0.181605 0.1864324
v -0.06731306 0.1815517 0.1822669
v -0.0646821 0.1811374 0.1791914
v 0.06353472 0.1816111 0.196091
v 0.06048683 0.1813349 0.1944028
v 0.05704582 0.181517 0.1878886
v 0.05871005 0.1815913 0.1824226
v 0.06298807 0.1815399 0.1780182
v 0.06596804 0.1815142 0.1795291
v 0.06878322 0.1814064 0.1830693
v 0.06984823 0.1815428 0.1872112
v 0.06853679 0.1811885 0.1919151
v 0.06588055 0.1815467 0.1947228
v 0.1958336 0.1812577 0.1868484
v 0.1951966 0.181612 0.1891202
v 0.1929727 0.1814082 0.1931206
v 0.1893554 0.1811556 0.1956988
v 0.187083 0.1815406 0.1961944
v 0.09308291 0.1814324 0.1963508
v 0.09136366 0.1815192 0.1946577
v 0.0914022 0.1815542 0.1796674
v 0.09273575 0.1813439 0.1779433
v 0.1871761 0.1815226 0.1780369
v 0.1906449 0.1815725 0.1794035
v 0.1938605 0.1815822 0.1823893
v 0.03372286 0.1811588 0.177722
v 0.03488109 0.1815815 0.1784943
v 0.03579646 0.1813951 0.1799741
v 0.03564695 0.1814741 0.1947922
v 0.03384896 0.1814666 0.1963735
v -0.03249125 0.1811632 0.19653
v -0.0338596 0.1816 0.195654
v -0.03481685 0.1812959 0.1943828
v -0.03456818 0.181429 0.1792464
v -0.03294238 0.1814861 0.1779771
v -0.09135532 0.1817084 0.1787041
v -0.001731616 0.1737224 0.2085987
v 0.001820564 0.1737224 0.2095308
v 0.003053702 0.1737224 0.2065111
v 0.0008274652 0.1737224 0.2044418
v -0.001677103 0.1737224 0.2057714
v 0.03868025 0.1697023 0.06227461
v 0.04274892 0.1697023 0.05414863
v 0.04239212 0.1697224 0.05873537
v 0.05064212 0.1697224 0.06349851
v 0.05131863 0.1697168 0.06715693
v 0.04651712 0.1697224 0.06588008
v 0.04428968 0.1697113 0.06860486
v 0.05410424 0.1697199 0.06197214
v 0.04651712 0.1697224 0.0563538
v 0.04239212 0.1697224 0.06349851
v 0.05177638 0.1697023 0.05519267
v 0.05064212 0.1697224 0.05873537
v 0.05383507 0.1697168 0.0886708
v 0.05064211 0.1697224 0.08873537
v 0.05044642 0.1697215 0.08464511
v 0.04239212 0.1697224 0.09349851
v 0.0409851 0.1697199 0.09637931
v 0.03875693 0.1697023 0.08952441
v 0.04651712 0.1697224 0.08635379
v 0.04470219 0.1697113 0.08351849
v 0.05064211 0.1697224 0.09349851
v 0.05335392 0.1697196 0.09451532
v 0.04239212 0.1697224 0.08873537
v 0.04767479 0.1697023 0.09895381
v 0.04651712 0.1697224 0.09588008
v -0.1285358 0.1697199 0.2001187
v -0.1233232 0.1697199 0.1997936
v -0.1254829 0.1697224 0.2023538
v -0.1213579 0.1697224 0.2047354
v -0.118315 0.1697113 0.2040102
v -0.1213579 0.1697224 0.2094985
v -0.1189056 0.1697162 0.2111502
v -0.1296079 0.1697224 0.2094985
v -0.130137 0.1697113 0.2133914
v -0.1332431 0.1697023 0.2055244
v -0.1236916 0.1697199 0.214539
v -0.1254829 0.1697224 0.2118801
v -0.1296079 0.1697224 0.2047354
v -0.2130699 0.1697198 0.06025027
v -0.2107757 0.1697201 0.05563076
v -0.2096079 0.1697224 0.05873536
v -0.2013579 0.1697224 0.05873536
v -0.1985146 0.1697023 0.05734869
v -0.2013579 0.1697224 0.0634985
v -0.1989057 0.1697162 0.0651502
v -0.2054829 0.1697224 0.05635379
v -0.2055594 0.1697148 0.05335457
v -0.2096079 0.1697224 0.0634985
v -0.2121002 0.1697212 0.06481624
v -0.2054829 0.1697224 0.06588006
v -0.2036916 0.1697199 0.06853898
v -0.2088612 0.1697199 0.06794216
v -0.2130699 0.1697198 0.09025027
v -0.2107757 0.1697201 0.08563074
v -0.2096079 0.1697224 0.08873536
v -0.2003684 0.1697168 0.08533955
v -0.1979995 0.1697215 0.08996696
v -0.2013579 0.1697224 0.08873536
v -0.2013579 0.1697224 0.09349849
v -0.1989052 0.1697168 0.0951505
v -0.2054829 0.1697224 0.08635378
v -0.2061937 0.1697186 0.08348234
v -0.2088612 0.1697199 0.09794216
v -0.2096079 0.1697224 0.09349849
v -0.2054829 0.1697224 0.09588006
v -0.2036917 0.1697196 0.09853867
v -0.2121002 0.1697212 0.09481624
v -0.1893233 0.1697199 0.1997936
v -0.1914829 0.1697224 0.2023538
v -0.1945358 0.1697199 0.2001187
v -0.1873579 0.1697224 0.2047354
v -0.1843151 0.1697113 0.2040101
v -0.1873579 0.1697224 0.2094985
v -0.1849057 0.1697162 0.2111502
v -0.1896916 0.1697199 0.214539
v -0.1914829 0.1697224 0.2118801
v -0.196137 0.1697113 0.2133914
v -0.1992431 0.1697023 0.2055244
v -0.1956079 0.1697224 0.2094985
v -0.1956079 0.1697224 0.2047354
v 0.002676748 0.1697199 0.1997936
v 0.000517115 0.1697224 0.2023538
v -0.003162585 0.1697168 0.2003349
v 0.004642114 0.1697224 0.2047354
v 0.007684976 0.1697113 0.2040101
v 0.004642114 0.1697224 0.2094985
v 0.007094864 0.1697168 0.2111505
v -0.003607884 0.1697224 0.2047354
v -0.006806239 0.1697199 0.2049573
v -0.002881434 0.1697199 0.213954
v -0.006480824 0.1697196 0.2101698
v -0.003607884 0.1697224 0.2094985
v 0.000517115 0.1697224 0.2118801
v 0.002308324 0.1697196 0.2145387
v -0.07535788 0.1697224 0.0634985
v -0.0720576 0.1697213 0.06259572
v -0.07468139 0.1697168 0.06715693
v -0.07535788 0.1697224 0.05873536
v -0.07270089 0.1697168 0.05743721
v -0.07732323 0.1697199 0.05379358
v -0.07948288 0.1697224 0.05635379
v -0.08253583 0.1697199 0.0541187
v -0.08552289 0.1697168 0.06591841
v -0.08697079 0.1697113 0.05888947
v -0.08360788 0.1697224 0.0634985
v -0.08360788 0.1697224 0.05873536
v -0.07948288 0.1697224 0.06588007
v -0.08033802 0.1697196 0.06870373
v -0.07535788 0.1697224 0.0934985
v -0.07164602 0.1697023 0.08995929
v -0.07468139 0.1697168 0.09715693
v -0.07535788 0.1697224 0.08873536
v -0.07665282 0.1697168 0.08393873
v -0.07948288 0.1697224 0.09588007
v -0.07948288 0.1697224 0.08635379
v -0.08253583 0.1697199 0.0841187
v -0.08033801 0.1697196 0.09870373
v -0.08360788 0.1697224 0.08873536
v -0.08697079 0.1697113 0.08888946
v -0.08552289 0.1697168 0.09591841
v -0.08360788 0.1697224 0.0934985
v -0.06708178 0.1697126 0.2147608
v -0.06548289 0.1697224 0.2118801
v -0.06260172 0.1697224 0.2100574
v -0.05375666 0.1697199 0.2121671
v -0.05535789 0.1697224 0.2094985
v -0.05185023 0.1697199 0.2073075
v -0.05948289 0.1697224 0.2118801
v -0.05946896 0.1697179 0.2147258
v -0.05388246 0.1697168 0.2018096
v -0.05535789 0.1697224 0.2047354
v -0.06248289 0.1697224 0.2040858
v -0.05923231 0.169722 0.1995222
v -0.05948289 0.1697224 0.2023538
v -0.06913777 0.1697199 0.2004136
v -0.06548289 0.1697224 0.2023538
v -0.06960789 0.1697224 0.2094985
v -0.07218891 0.1697196 0.2107663
v -0.07288058 0.1697168 0.2049245
v -0.06960789 0.1697224 0.2047354
v 0.2119274 0.1756598 0.07347459
v 0.2161668 0.1740753 0.06847692
v 0.2173861 0.172987 0.06090597
v 0.2161547 0.1740824 0.05376329
v 0.2161807 0.1740756 0.09846207
v 0.217388 0.1729887 0.09090664
v 0.2161175 0.1741177 0.08366586
v -0.2151517 0.1740716 0.05378278
v -0.2163539 0.1729889 0.06132682
v -0.2150819 0.1741179 0.0685698
v -0.2108932 0.1756598 0.07875929
v -0.2151292 0.1740755 0.0837529
v -0.2163523 0.1729874 0.09132741
v -0.215099 0.1740839 0.09849764
v -0.06548289 0.1737224 0.2118801
v -0.06260172 0.1737224 0.2100574
v -0.05948289 0.1737224 0.2118801
v -0.05535789 0.1737224 0.2094985
v -0.05535789 0.1737224 0.2047354
v -0.05948289 0.1737224 0.2023538
v -0.06248289 0.1737224 0.2040858
v -0.06548288 0.1737224 0.2023538
v -0.06960789 0.1737224 0.2047354
v -0.06960789 0.1737224 0.2094985
v -0.07535788 0.1737224 0.0934985
v -0.07535788 0.1737224 0.08873536
v -0.07948288 0.1737224 0.08635379
v -0.08360788 0.1737224 0.08873536
v -0.08360788 0.1737224 0.0934985
v -0.07948288 0.1737224 0.09588007
v -0.07948288 0.1737224 0.06588007
v -0.07535788 0.1737224 0.0634985
v -0.07535788 0.1737224 0.05873536
v -0.07948288 0.1737224 0.05635379
v -0.08360788 0.1737224 0.05873536
v -0.08360788 0.1737224 0.0634985
v 0.004642114 0.1737224 0.2094985
v 0.004642114 0.1737224 0.2047354
v 0.000517115 0.1737224 0.2023538
v -0.003607884 0.1737224 0.2047354
v -0.003607884 0.1737224 0.2094985
v 0.000517115 0.1737224 0.2118801
v 0.08051711 0.1737224 0.0563538
v 0.07639211 0.1737224 0.05873537
v 0.07639211 0.1737224 0.06349851
v 0.08051711 0.1737224 0.06588008
v 0.08464211 0.1737224 0.06349851
v 0.08464211 0.1737224 0.05873537
v 0.08464211 0.1737224 0.08873537
v 0.08051711 0.1737224 0.08635379
v 0.07639211 0.1737224 0.08873537
v 0.07639211 0.1737224 0.09349851
v 0.08051711 0.1737224 0.09588008
v 0.08464211 0.1737224 0.09349851
v -0.1914829 0.1737224 0.2118801
v -0.1873579 0.1737224 0.2094985
v -0.1873579 0.1737224 0.2047354
v -0.1914829 0.1737224 0.2023538
v -0.1956079 0.1737224 0.2047354
v -0.1956079 0.1737224 0.2094985
v -0.2013579 0.1737224 0.09349849
v -0.2013579 0.1737224 0.08873536
v -0.2054829 0.1737224 0.08635378
v -0.2096079 0.1737224 0.08873536
v -0.2096079 0.1737224 0.09349849
v -0.2054829 0.1737224 0.09588006
v -0.2054829 0.1737224 0.06588006
v -0.2013579 0.1737224 0.0634985
v -0.2013579 0.1737224 0.05873536
v -0.2054829 0.1737224 0.05635379
v -0.2096079 0.1737224 0.05873536
v -0.2096079 0.1737224 0.0634985
v -0.1296079 0.1737224 0.2094985
v -0.1254829 0.1737224 0.2118801
v -0.1213579 0.1737224 0.2094985
v -0.1213579 0.1737224 0.2047354
v -0.1254829 0.1737224 0.2023538
v -0.1296079 0.1737224 0.2047354
v -0.04548288 0.1737224 0.05635379
v -0.04960788 0.1737224 0.05873536
v -0.04960788 0.1737224 0.0634985
v -0.04548288 0.1737224 0.06588007
v -0.04135788 0.1737224 0.0634985
v -0.04135788 0.1737224 0.05873536
v -0.04135788 0.1737224 0.08873536
v -0.04548288 0.1737224 0.08635379
v -0.04960788 0.1737224 0.08873536
v -0.04960788 0.1737224 0.0934985
v -0.04548288 0.1737224 0.09588007
v -0.04135788 0.1737224 0.0934985
v 0.07064211 0.1737224 0.2047354
v 0.06651711 0.1737224 0.2023538
v 0.06351712 0.1737224 0.2040858
v 0.06051712 0.1737224 0.2023538
v 0.05639211 0.1737224 0.2047354
v 0.05639211 0.1737224 0.2094985
v 0.06051712 0.1737224 0.2118801
v 0.06339827 0.1737224 0.2100574
v 0.06651711 0.1737224 0.2118801
v 0.07064211 0.1737224 0.2094985
v 0.05064211 0.1737224 0.09349851
v 0.05064211 0.1737224 0.08873537
v 0.04651712 0.1737224 0.08635379
v 0.04239212 0.1737224 0.08873537
v 0.04239212 0.1737224 0.09349851
v 0.04651712 0.1737224 0.09588008
v 0.04651712 0.1737224 0.06588008
v 0.05064212 0.1737224 0.06349851
v 0.05064212 0.1737224 0.05873537
v 0.04651712 0.1737224 0.0563538
v 0.04239212 0.1737224 0.05873537
v 0.04239212 0.1737224 0.06349851
v 0.1223921 0.1737224 0.2047354
v 0.1223921 0.1737224 0.2094985
v 0.1265171 0.1737224 0.2118801
v 0.1306421 0.1737224 0.2094985
v 0.1306421 0.1737224 0.2047354
v 0.1265171 0.1737224 0.2023538
v 0.2065171 0.1737224 0.0563538
v 0.2023921 0.1737224 0.05873537
v 0.2023921 0.1737224 0.06349852
v 0.2065171 0.1737224 0.06588008
v 0.2106421 0.1737224 0.06349852
v 0.2106421 0.1737224 0.05873537
v 0.2106421 0.1737224 0.08873538
v 0.2065171 0.1737224 0.0863538
v 0.2023921 0.1737224 0.08873538
v 0.2023921 0.1737224 0.09349851
v 0.2065171 0.1737224 0.09588008
v 0.2106421 0.1737224 0.09349851
v 0.1925171 0.1737224 0.2023538
v 0.1883921 0.1737224 0.2047354
v 0.1883921 0.1737224 0.2094985
v 0.1925171 0.1737224 0.2118801
v 0.1966421 0.1737224 0.2094985
v 0.1966421 0.1737224 0.2047354
v -0.2144123 0.1444516 0.04711693
v -0.2147735 0.1435662 0.04211693
v -0.2121216 0.1465849 0.04711693
v -0.2119472 0.1466156 0.04211693
v -0.2087766 0.1451371 0.04711693
v -0.2137026 0.1411237 0.04711693
v -0.2143543 0.168717 0.04711693
v -0.2146268 0.1667244 0.04211693
v -0.2127654 0.1704387 0.04211693
v -0.2110038 0.1707293 0.04711693
v -0.2096686 0.1650144 0.04711693
v -0.208889 0.1655449 0.04211693
v -0.2122099 0.1644285 0.04711693
v -0.2120996 0.1644459 0.04211693
v -0.2142186 0.1661125 0.04711693
v -0.2181333 0.1710459 0.04711681
v 0.2174598 0.1729303 0.04711709
v -0.220467 0.1803783 0.0439334
v -0.2241272 0.1767266 0.04393341
v 0.220721 0.1807172 0.0439423
v 0.2241759 0.1781339 0.04393336
v -0.2224509 0.1735859 0.04120192
v -0.2244578 0.173457 0.04249909
v -0.2218834 0.1772577 0.04181663
v -0.2248663 0.12973 0.0882648
v -0.2249825 0.1313548 0.09150656
v -0.2252145 0.135374 0.09341009
v -0.2251115 0.1393872 0.09210728
v -0.2250284 0.1412596 0.08971858
v -0.2249812 0.141921 0.08604073
v -0.2249898 0.1312945 0.08275818
v -0.2249082 0.1297667 0.06473637
v -0.2249765 0.1357534 0.06934716
v -0.2250284 0.1412596 0.06571858
v -0.2249273 0.1356938 0.056897
v -0.224991 0.1299765 0.06086935
v -0.22517 0.1055959 0.06204654
v -0.2249992 0.106121 0.06583291
v -0.2248536 0.1086825 0.06840857
v -0.2250121 0.1117333 0.06926589
v -0.2248452 0.1152685 0.06814475
v -0.2250463 0.1177229 0.06488133
v -0.2250262 0.117506 0.06101152
v -0.2250856 0.1129356 0.05696482
v -0.2250507 0.1089685 0.05756235
v -0.2249765 0.1056679 0.08615841
v -0.2250284 0.1058084 0.08868315
v -0.2249019 0.1072373 0.09130954
v -0.2250183 0.1107033 0.09333225
v -0.2250172 0.1144713 0.09266423
v -0.2249503 0.1170277 0.09018974
v -0.2250284 0.1178155 0.08766792
v -0.2250262 0.117506 0.08501152
v -0.2250812 0.1115028 0.08077495
v -0.2214829 -0.1302776 0.0514526
v -0.2214829 -0.1302776 0.0464526
v -0.2214829 -0.1382776 0.0464526
v -0.221469 -0.1297458 0.06437911
v -0.2214829 -0.1116979 0.06633358
v -0.2214829 -0.1174934 0.05784405
v -0.2214829 -0.1242255 0.05323016
v -0.2214827 -0.1102156 0.07632417
v -0.2214587 -0.1228877 0.07224118
v -0.2214822 -0.1339393 0.09919628
v -0.2214829 -0.1120209 0.08431718
v -0.2214829 -0.1175068 0.09254888
v -0.2214828 -0.125902 0.09769027
v -0.2214631 -0.1254881 0.08270052
v -0.2214829 -0.1565342 0.08431751
v -0.2214829 -0.1521838 0.09122135
v -0.2214827 -0.1583396 0.07632382
v -0.221468 -0.143778 0.08159463
v -0.221463 -0.1457027 0.0739722
v -0.2214829 -0.1439518 0.09734526
v -0.2214829 -0.1382776 0.0514526
v -0.2214829 -0.1510616 0.05784387
v -0.2214829 -0.1568574 0.06633383
v -0.2214829 -0.1443297 0.05323013
v -0.2249494 -0.1533184 0.06027572
v -0.2249939 -0.1563714 0.06557462
v -0.2250247 -0.1261537 0.09789146
v -0.2250004 -0.1159743 0.09088504
v -0.2249503 -0.1113694 0.06749597
v -0.2249921 -0.1141171 0.06197526
v -0.2249407 -0.1251017 0.05277782
v -0.2253435 0.1058857 0.08416892
v -0.2234829 0.1432706 0.0984152
v -0.2234829 0.1404165 0.09806994
v -0.2234829 0.1415181 0.09715748
v -0.2234829 0.1427091 0.09725267
v -0.2254829 0.1415908 0.09989657
v -0.2254829 0.1404552 0.09874793
v -0.2254829 0.14102 0.097523
v -0.2254829 0.142652 0.09751048
v -0.2254829 0.1429954 0.09910209
v -0.2234829 0.1067659 0.07388808
v -0.2234829 0.105496 0.07604983
v -0.2234829 0.105401 0.07374837
v -0.2254829 0.1059539 0.07428944
v -0.2234829 0.1078404 0.07597148
v -0.2239153 0.1110368 0.07601987
v -0.2234829 0.1129441 0.07552903
v -0.2235071 0.114136 0.07594761
v -0.2234829 0.1133227 0.07486551
v -0.2234654 0.1128607 0.07400297
v -0.2235341 0.1135886 0.07320904
v -0.2234829 0.1350244 0.09841508
v -0.2234829 0.133272 0.09715748
v -0.2234829 0.1344629 0.09725267
v -0.2254829 0.1333446 0.09989657
v -0.2254829 0.1322091 0.09874794
v -0.2254829 0.1344059 0.09751049
v -0.2254829 0.1347493 0.0991021
v -0.2234829 0.1312387 0.09711692
v -0.2234774 0.1313193 0.09990398
v -0.2234829 0.1305732 0.09868407
v -0.2234829 0.1292984 0.09711692
v -0.2234797 0.1293811 0.09985524
v -0.2234829 0.1286329 0.09868407
v -0.2234829 0.1161239 0.09997148
v -0.2234829 0.1151661 0.09841516
v -0.2234829 0.112312 0.09806991
v -0.2234829 0.1134137 0.09715748
v -0.2234829 0.1146047 0.09725267
v -0.2254829 0.1134864 0.09989658
v -0.2254829 0.1123508 0.09874796
v -0.2254829 0.1129156 0.09752299
v -0.2254829 0.1145476 0.09751047
v -0.2254829 0.114891 0.09910209
v -0.2234829 0.1115296 0.09977859
v -0.2234829 0.1110819 0.09711692
v -0.2234829 0.1155269 0.07597148
v -0.2234829 0.1291568 0.07514266
v -0.2234853 0.130154 0.0759595
v -0.2234829 0.129547 0.0734934
v -0.223473 0.1318331 0.07598657
v -0.2234829 0.1395269 0.07597148
v -0.2234803 0.1060661 0.09851169
v -0.2234829 0.1063183 0.09982834
v -0.2253417 0.1047764 0.09968082
v -0.2252298 0.1048755 0.09885533
v -0.2254829 0.1061458 0.0990821
v -0.2234829 0.1100169 0.09841516
v -0.2234829 0.1071628 0.09806991
v -0.2234829 0.1082645 0.09715748
v -0.2234829 0.1094555 0.09725266
v -0.2254829 0.1083372 0.09989657
v -0.2254829 0.1072016 0.09874797
v -0.2254829 0.1077664 0.09752299
v -0.2254829 0.1093984 0.09751048
v -0.2254829 0.1097418 0.09910211
v -0.2234829 -0.03935881 0.07492419
v -0.2234829 -0.03639492 0.07303277
v -0.2234829 -0.03960757 0.09037501
v -0.2234829 -0.0421484 0.09037501
v -0.2234829 -0.04230561 0.07523608
v -0.2234829 -0.04527131 0.07293869
v -0.2234829 -0.04883916 0.0749242
v -0.2234829 -0.04908792 0.09037501
v -0.2234829 -0.05162872 0.09037501
v -0.2234829 -0.05127738 0.07399046
v -0.2234829 -0.04736277 0.07097068
v -0.2234829 -0.04087521 0.07300621
v -0.2234829 -0.0431357 0.07125121
v -0.2234829 -0.03534514 0.07084475
v -0.2234829 -0.03907361 0.07146262
v -0.2234829 -0.03019597 0.07540705
v -0.2234829 -0.03174468 0.07242315
v -0.2234829 -0.0301162 0.09037501
v -0.2234829 -0.03265704 0.09037501
v -0.2234829 -0.03298292 0.07469216
v -0.2234829 -0.008497668 0.07747538
v -0.2234829 -0.01226479 0.07266467
v -0.2234829 -0.01090278 0.08786727
v -0.2234829 -0.008447097 0.08305209
v -0.2234829 -0.01641304 0.09057145
v -0.2234829 -0.02252138 0.08984559
v -0.2234829 -0.02765591 0.08399728
v -0.2234829 -0.02715002 0.07625743
v -0.2234829 -0.01808868 0.07064442
v -0.2234829 -0.02325091 0.07229201
v -0.2234829 -0.01323707 0.07477438
v -0.2234829 -0.01852896 0.07304981
v -0.2234829 -0.02227139 0.07448014
v -0.2234829 -0.02510122 0.07826365
v -0.2234829 -0.02512252 0.08255202
v -0.2234829 -0.0232699 0.0862638
v -0.2234829 -0.01819611 0.08852409
v -0.2234829 -0.01289427 0.08632267
v -0.2234829 -0.01068765 0.08064402
v -0.2254829 -0.01783724 0.08851996
v -0.2254829 -0.02256876 0.08683327
v -0.2254829 -0.02490483 0.08342657
v -0.2254829 -0.02519592 0.07860535
v -0.2254829 -0.02250493 0.07466004
v -0.2254829 -0.01885487 0.07307853
v -0.2254829 -0.01495155 0.07382953
v -0.2254829 -0.01160894 0.0769572
v -0.2254829 -0.01095152 0.08285346
v -0.2254829 -0.01366515 0.08684031
v -0.2234829 0.00405489 0.07110722
v -0.2234829 0.00405386 0.07338683
v -0.2234829 -0.003561179 0.07727201
v -0.2234829 0.001002503 0.07373396
v -0.2234829 -0.003380196 0.08431203
v -0.2234829 0.001047721 0.08789244
v -0.2234829 0.005146828 0.08810222
v -0.2234829 0.005146828 0.07112426
v -0.2234829 0.00768763 0.07112426
v -0.2234829 0.00768763 0.09038235
v -0.2234829 0.000561577 0.09019118
v -0.2234829 -0.0037683 0.08779556
v -0.2234829 -0.006364335 0.08347367
v -0.2234829 -0.005781362 0.07616956
v -0.2234829 -0.0008266315 0.0717385
v -0.2234829 0.01303364 0.07857782
v -0.2234829 0.0208397 0.07857782
v -0.2234829 0.0208397 0.07111692
v -0.2234829 0.0233805 0.07111692
v -0.2234829 0.02274241 0.08786914
v -0.2234829 0.01785596 0.09068955
v -0.2234829 0.01297738 0.08961923
v -0.2234829 0.01059049 0.08593673
v -0.2234829 0.01049284 0.07111692
v -0.2234829 0.01303364 0.07111692
v -0.2234829 0.01315651 0.08575727
v -0.2234829 0.01303364 0.08085795
v -0.2234829 0.0208397 0.08085795
v -0.2234829 0.02052598 0.08640787
v -0.2234829 0.01813786 0.08820894
v -0.2234829 0.01536721 0.08817837
v -0.2254829 0.01303364 0.08085795
v -0.2254829 0.01320299 0.08589618
v -0.2254829 0.0208397 0.08085795
v -0.2254829 0.02059643 0.08625674
v -0.2254829 0.01827608 0.08816265
v -0.2254829 0.01553738 0.08824395
v -0.2234829 0.03690339 0.07111692
v -0.2234829 0.03944419 0.07111692
v -0.2234829 0.03944419 0.09037501
v -0.2234829 0.03690339 0.09037501
v -0.2234829 0.03690339 0.08211
v -0.2234829 0.0286898 0.08211
v -0.2234829 0.0286898 0.09037501
v -0.2234829 0.02614897 0.09037501
v -0.2234829 0.02614897 0.07111692
v -0.2234829 0.0286898 0.07111692
v -0.2234829 0.0286898 0.07982988
v -0.2234829 0.03690339 0.07982988
v -0.2234829 0.04445612 0.07720096
v -0.2234829 0.04465941 0.07388828
v -0.2234829 0.05244936 0.08248241
v -0.2234829 0.05375604 0.08650874
v -0.2234829 0.05077312 0.09014585
v -0.2234829 0.04324076 0.09038235
v -0.2234829 0.04322975 0.08810222
v -0.2234829 0.05035639 0.08771156
v -0.2234829 0.05085847 0.0844387
v -0.2234829 0.04271663 0.0789988
v -0.2234829 0.04144698 0.07496347
v -0.2234829 0.04435622 0.07136183
v -0.2234829 0.05357659 0.07112426
v -0.2234829 0.05357659 0.07340439
v 0.2245171 -0.04637542 0.147669
v 0.2245171 -0.04623164 0.1448688
v 0.2245171 -0.05498343 0.1533566
v 0.2245171 -0.05639071 0.1576928
v 0.2245171 -0.05312169 0.161645
v 0.2245171 -0.04506657 0.1618643
v 0.2245171 -0.0450547 0.1594088
v 0.2245171 -0.05272957 0.1589881
v 0.2245171 -0.05327024 0.1554635
v 0.2245171 -0.04450214 0.1496051
v 0.2245171 -0.04313479 0.1452595
v 0.2245171 -0.04635134 0.1413252
v 0.2245171 -0.05619746 0.1411249
v 0.2245171 -0.05619746 0.1435804
v 0.2245171 -0.04799223 0.1436331
v 0.2245171 0.03792522 0.09795998
v 0.2245171 0.04140754 0.09930457
v 0.2245171 0.0428981 0.1020477
v 0.2245171 0.03969332 0.1041197
v 0.2245171 0.03719629 0.1025105
v 0.2245171 0.03708639 0.09067305
v 0.2245171 0.03513192 0.09067305
v 0.2245171 0.03550718 0.1037501
v 0.2245171 0.040683 0.1058936
v 0.2245171 0.04461844 0.100705
v 0.2245171 0.04426692 0.1034975
v 0.2245171 0.04318869 0.09855903
v 0.2245171 0.04484569 0.09715941
v 0.2245171 0.04528846 0.09334005
v 0.2245171 0.04269866 0.09081618
v 0.2245171 0.03792522 0.09125771
v 0.2245171 0.04211869 0.09259719
v 0.2245171 0.04354017 0.09507725
v 0.2245171 0.04199032 0.09723976
v 0.2245171 0.03101961 0.09641221
v 0.2245171 0.02501497 0.09699687
v 0.2245171 0.02501497 0.09067305
v 0.2245171 0.02306047 0.09067305
v 0.2245171 0.02348725 0.1034888
v 0.2245171 0.02731009 0.1057289
v 0.2245171 0.03106285 0.1049056
v 0.2245171 0.03288084 0.1021228
v 0.2245171 0.03297408 0.09067305
v 0.2245171 0.03101961 0.09067305
v 0.2245171 0.03092507 0.1019349
v 0.2245171 0.03101961 0.09816616
v 0.2245171 0.02525624 0.1024353
v 0.2245171 0.02854854 0.1041245
v 0.2265171 0.03101961 0.09816616
v 0.2265171 0.0308893 0.1020418
v 0.2265171 0.02501497 0.09816616
v 0.2265171 0.02520206 0.102319
v 0.2265171 0.02838331 0.1041479
v 0.2245171 0.01430683 0.09251036
v 0.2245171 0.0172117 0.0907529
v 0.2245171 0.01398574 0.105487
v 0.2245171 0.0159402 0.105487
v 0.2245171 0.01609471 0.09355825
v 0.2245171 0.01763214 0.09243014
v 0.2245171 0.02187706 0.09237052
v 0.2245171 0.02187706 0.09067305
v 0.2245171 -0.002669352 0.0955642
v 0.2245171 0.0002284173 0.09186365
v 0.2245171 -0.0008192328 0.103558
v 0.2245171 -0.002708257 0.09985401
v 0.2245171 0.003419407 0.1056381
v 0.2245171 0.00811813 0.1050797
v 0.2245171 0.01206777 0.100581
v 0.2245171 0.01167861 0.09462731
v 0.2245171 0.004708337 0.09030959
v 0.2245171 0.008679292 0.09157696
v 0.2245171 0.0009763795 0.09348646
v 0.2245171 0.006380334 0.09221535
v 0.2245171 0.01010261 0.09617054
v 0.2245171 0.009433908 0.1016334
v 0.2245171 0.004790998 0.1040632
v 0.2245171 0.0007126284 0.1023697
v 0.2245171 -0.0009847577 0.09800155
v 0.2265171 0.004514928 0.10406
v 0.2265171 0.009243374 0.1018928
v 0.2265171 0.01017547 0.09643341
v 0.2265171 0.008105509 0.09339855
v 0.2265171 0.003980156 0.09200642
v 0.2265171 -0.0002760694 0.09516562
v 0.2265171 -0.0007817738 0.09970121
v 0.2265171 0.00130561 0.1027679
v 0.2245171 -0.01160322 0.09795998
v 0.2245171 -0.008120889 0.09930459
v 0.2245171 -0.006630365 0.1020477
v 0.2245171 -0.009835172 0.1041197
v 0.2245171 -0.01233217 0.1025105
v 0.2245171 -0.01244206 0.09067305
v 0.2245171 -0.01439653 0.09067305
v 0.2245171 -0.01402126 0.1037501
v 0.2245171 -0.008845432 0.1058936
v 0.2245171 -0.004910006 0.1007051
v 0.2245171 -0.00526151 0.1034975
v 0.2245171 -0.006339761 0.09855904
v 0.2245171 -0.004682742 0.09715933
v 0.2245171 -0.00423997 0.09334006
v 0.2245171 -0.006829739 0.0908162
v 0.2245171 -0.01160322 0.09125771
v 0.2245171 -0.007409844 0.09259716
v 0.2245171 -0.00598829 0.09507724
v 0.2245171 -0.007538185 0.09723977
v 0.2245171 -0.03104879 0.09556421
v 0.2245171 -0.028151 0.09186364
v 0.2245171 -0.02919872 0.1035579
v 0.2245171 -0.03108768 0.09985401
v 0.2245171 -0.02495999 0.1056381
v 0.2245171 -0.02026132 0.1050797
v 0.2245171 -0.01631171 0.1005811
v 0.2245171 -0.01670079 0.09462737
v 0.2245171 -0.02367109 0.09030959
v 0.2245171 -0.0197001 0.09157699
v 0.2245171 -0.02740308 0.09348647
v 0.2245171 -0.02199913 0.09221534
v 0.2245171 -0.01827684 0.09617053
v 0.2245171 -0.01894549 0.1016333
v 0.2245171 -0.02358844 0.1040632
v 0.2245171 -0.02766684 0.1023697
v 0.2245171 -0.02936419 0.09800155
v 0.2265171 -0.02386452 0.10406
v 0.2265171 -0.01913604 0.1018927
v 0.2265171 -0.01820398 0.09643341
v 0.2265171 -0.02027401 0.0933985
v 0.2265171 -0.02439931 0.09200642
v 0.2265171 -0.0286555 0.09516556
v 0.2265171 -0.02916121 0.09970116
v 0.2265171 -0.02707385 0.1027679
v 0.2245171 -0.03824171 0.1411169
v 0.2245171 -0.04097798 0.1411169
v 0.2245171 -0.04097798 0.1618564
v 0.2245171 -0.03824171 0.1618564
v 0.2245171 -0.03824171 0.1529557
v 0.2245171 -0.02939628 0.1529557
v 0.2245171 -0.02939628 0.1618564
v 0.2245171 -0.02666002 0.1618564
v 0.2245171 -0.02666002 0.1411169
v 0.2245171 -0.02939628 0.1411169
v 0.2245171 -0.02939628 0.1505001
v 0.2245171 -0.03824171 0.1505001
v 0.2245171 -0.02094234 0.1491518
v 0.2245171 -0.01253584 0.1491518
v 0.2245171 -0.02094234 0.1411169
v 0.2245171 -0.0236786 0.1411169
v 0.2245171 -0.02354823 0.1572026
v 0.2245171 -0.02154282 0.1605036
v 0.2245171 -0.01772911 0.1621952
v 0.2245171 -0.0124753 0.1610425
v 0.2245171 -0.00993014 0.1571467
v 0.2245171 -0.009799574 0.1411169
v 0.2245171 -0.01253584 0.1411169
v 0.2245171 -0.0126682 0.1568835
v 0.2245171 -0.01253584 0.1516073
v 0.2245171 -0.02094234 0.1516073
v 0.2245171 -0.02060453 0.1575841
v 0.2245171 -0.01803266 0.1595237
v 0.2245171 -0.01504892 0.1594908
v 0.2265171 -0.01253584 0.1516073
v 0.2265171 -0.01271826 0.1570332
v 0.2265171 -0.02094234 0.1516073
v 0.2265171 -0.02068039 0.1574214
v 0.2265171 -0.01818155 0.1594739
v 0.2265171 -0.01523215 0.1595614
v 0.2245171 -0.002864842 0.1411065
v 0.2245171 -0.00286529 0.1435615
v 0.2245171 0.004348303 0.1466403
v 0.2245171 0.0004207595 0.1439353
v 0.2245171 0.005792021 0.1503636
v 0.2245171 0.005140651 0.155327
v 0.2245171 0.0002996212 0.1592171
v 0.2245171 -0.00404234 0.1594088
v 0.2245171 -0.00404234 0.1411249
v 0.2245171 -0.006778608 0.1411249
v 0.2245171 -0.006778608 0.1618643
v 0.2245171 0.0008956325 0.1616585
v 0.2245171 0.005558485 0.1590786
v 0.2245171 0.00835428 0.1544243
v 0.2245171 0.007726453 0.1465582
v 0.2245171 0.002390627 0.1417864
v 0.2245171 0.01065174 0.1479645
v 0.2245171 0.01470854 0.1427838
v 0.2245171 0.01324184 0.1591558
v 0.2245171 0.01059725 0.1539702
v 0.2245171 0.01917599 0.162068
v 0.2245171 0.02575414 0.1612863
v 0.2245171 0.03128372 0.154988
v 0.2245171 0.03073895 0.146653
v 0.2245171 0.02098051 0.1406081
v 0.2245171 0.02653991 0.1423825
v 0.2245171 0.01575574 0.1450557
v 0.2245171 0.02145458 0.1431985
v 0.2245171 0.02548496 0.1447389
v 0.2245171 0.02853245 0.1488134
v 0.2245171 0.02855547 0.1534315
v 0.2245171 0.02656031 0.157429
v 0.2245171 0.02109616 0.1598631
v 0.2245171 0.01538648 0.1574923
v 0.2245171 0.01301016 0.1513769
v 0.2265171 0.02070968 0.1598587
v 0.2265171 0.0258052 0.1580423
v 0.2265171 0.02832099 0.1543735
v 0.2265171 0.02863445 0.1491814
v 0.2265171 0.02573648 0.1449326
v 0.2265171 0.02180552 0.1432294
v 0.2265171 0.01760195 0.1440383
v 0.2265171 0.01400232 0.1474065
v 0.2265171 0.01329432 0.1537563
v 0.2265171 0.01621676 0.1580498
v 0.2245171 -0.03515088 0.0959666
v 0.2245171 -0.0407057 0.09694037
v 0.2245171 -0.03652381 0.09833809
v 0.2245171 -0.03464385 0.1014367
v 0.2245171 -0.03709237 0.1039321
v 0.2245171 -0.04112859 0.1029191
v 0.2245171 -0.04154454 0.09067305
v 0.2245171 -0.04349904 0.09067305
v 0.2245171 -0.04319908 0.1032016
v 0.2245171 -0.03985549 0.1055834
v 0.2245171 -0.03275213 0.1023241
v 0.2245171 -0.03597276 0.105412
v 0.2245171 -0.03431232 0.09758023
v 0.2245171 -0.03301898 0.09602492
v 0.2245171 -0.03288215 0.09067305
v 0.2245171 -0.03483381 0.09067305
v 0.2245171 0.01201714 0.1307089
v 0.2245171 0.01185811 0.1242856
v 0.2245171 0.008441752 0.1209372
v 0.2245171 0.007661914 0.115895
v 0.2245171 0.005707446 0.115895
v 0.2245171 0.005237059 0.1207621
v 0.2245171 0.001541085 0.1242333
v 0.2245171 0.001360706 0.1307089
v 0.2245171 0.003315204 0.1307089
v 0.2245171 0.003767407 0.1237659
v 0.2245171 0.007792688 0.1226311
v 0.2245171 0.009939977 0.1248095
v 0.2245171 0.01006264 0.1307089
v 0.2245171 -0.007807233 0.1231819
v 0.2245171 -0.004324976 0.1245265
v 0.2245171 -0.002834373 0.1272696
v 0.2245171 -0.006039159 0.1293417
v 0.2245171 -0.008536177 0.1277325
v 0.2245171 -0.0086461 0.115895
v 0.2245171 -0.01060057 0.115895
v 0.2245171 -0.01022528 0.1289721
v 0.2245171 -0.005049523 0.1311156
v 0.2245171 -0.001114045 0.125927
v 0.2245171 -0.001465527 0.1287194
v 0.2245171 -0.002543793 0.123781
v 0.2245171 -0.000886822 0.1223814
v 0.2245171 -0.0004440086 0.118562
v 0.2245171 -0.003033813 0.1160381
v 0.2245171 -0.007807233 0.1164797
v 0.2245171 -0.00361381 0.1178191
v 0.2245171 -0.002192304 0.1202991
v 0.2245171 -0.003742211 0.1224617
v 0.2245171 0.04388679 0.145217
v 0.2245171 0.0406949 0.1431802
v 0.2245171 0.04415471 0.1618564
v 0.2245171 0.04689098 0.1618564
v 0.2245171 0.04706029 0.1455529
v 0.2245171 0.05025412 0.1430788
v 0.2245171 0.05409643 0.1452171
v 0.2245171 0.05436429 0.1618564
v 0.2245171 0.05710056 0.1618564
v 0.2245171 0.0567222 0.1442116
v 0.2245171 0.05250643 0.1409595
v 0.2245171 0.04551987 0.1431515
v 0.2245171 0.04795427 0.1412616
v 0.2245171 0.03956442 0.1408238
v 0.2245171 0.04357957 0.1414892
v 0.2245171 0.03401911 0.1457372
v 0.2245171 0.03568698 0.1425236
v 0.2245171 0.03393325 0.1618564
v 0.2245171 0.03666952 0.1618564
v 0.2245171 0.03702046 0.1449672
v 0.2245171 0.006676782 0.2074299
v 0.2245171 -0.007241676 0.2003681
v 0.2245171 -0.009476767 0.2085607
v 0.2245171 0.005522799 0.2125521
v 0.2245171 0.02044576 0.1977417
v 0.2245171 0.01407546 0.2053279
v 0.2245171 0.01875836 0.2076097
v 0.2245171 0.02386964 0.1994303
v 0.2265171 0.01445211 0.2132686
v 0.2245171 0.01486249 0.2125659
v 0.2245171 0.01291962 0.2139763
v 0.2265171 0.01215636 0.2138949
v 0.2245171 0.01133642 0.2132301
v 0.2265171 0.01105805 0.2125299
v 0.2245171 0.01129524 0.2108462
v 0.2265171 0.01142026 0.2108059
v 0.2265171 0.01409209 0.2104493
v 0.2245171 0.01362902 0.210341
v 0.2245171 0.01772745 0.2137164
v 0.2245171 0.01474835 0.2168576
v 0.2245171 0.01042714 0.2165946
v 0.2245171 0.007714225 0.2126862
v 0.2245171 0.009474734 0.2082576
v 0.2245171 0.0140754 0.2070451
v 0.2245171 0.01740636 0.2098376
v 0.2245171 0.02980925 0.1936238
v 0.2245171 0.02787816 0.1978101
v 0.2245171 0.02347995 0.1981339
v 0.2245171 0.02045603 0.1944883
v 0.2245171 0.02295078 0.190099
v 0.2245171 0.02297275 0.1939227
v 0.2245171 0.02588746 0.1959151
v 0.2245171 -0.02778639 0.1979038
v 0.2245171 -0.02596646 0.1964617
v 0.2245171 -0.02695939 0.1949094
v 0.2245171 -0.02818698 0.1993949
v 0.2245171 -0.02703492 0.2021904
v 0.2245171 -0.02679087 0.2002524
v 0.2245171 -0.02710253 0.2040857
v 0.2245171 -0.02468407 0.2058083
v 0.2245171 -0.02577636 0.2037907
v 0.2245171 -0.02383625 0.2073659
v 0.2245171 -0.02081741 0.2082904
v 0.2245171 -0.02200204 0.2065752
v 0.2245171 -0.0193262 0.208691
v 0.2245171 -0.01621554 0.208258
v 0.2245171 -0.01773999 0.2069444
v 0.2245171 -0.01466111 0.2076111
v 0.2245171 -0.01228295 0.2056862
v 0.2245171 -0.01358464 0.205139
v 0.2245171 -0.01488561 0.2062924
v 0.2245171 -0.01123776 0.2042991
v 0.2245171 -0.01095519 0.2013433
v 0.2245171 -0.01215631 0.2032981
v 0.2245171 -0.01003008 0.1998303
v 0.2245171 -0.01088443 0.1968231
v 0.2245171 -0.01156902 0.1987555
v 0.2245171 -0.01119378 0.1953269
v 0.2245171 -0.0130679 0.1927845
v 0.2245171 -0.0134817 0.1946235
v 0.2245171 -0.01439698 0.1919437
v 0.2245171 -0.01729126 0.190679
v 0.2245171 -0.01673013 0.1924785
v 0.2245171 -0.01898533 0.1904531
v 0.2245171 -0.02168641 0.1916862
v 0.2245171 -0.01939296 0.1917491
v 0.2245171 -0.02339422 0.1916979
v 0.2245171 -0.02593667 0.193572
v 0.2245171 -0.02409767 0.1939858
v 0.2265171 -0.01322042 0.2002905
v 0.2245171 -0.01342756 0.1979227
v 0.2245171 -0.01428745 0.2028119
v 0.2265171 -0.0159092 0.2044337
v 0.2245171 -0.01794062 0.2053445
v 0.2265171 -0.01923502 0.2053476
v 0.2245171 -0.02318343 0.2039166
v 0.2265171 -0.02254459 0.2042679
v 0.2265171 -0.02454098 0.2014552
v 0.2245171 -0.02487339 0.1982357
v 0.2265171 -0.02455056 0.1974671
v 0.2245171 -0.02079849 0.1939316
v 0.2265171 -0.02186648 0.1945827
v 0.2265171 -0.01846045 0.193863
v 0.2245171 -0.01635054 0.1945827
v 0.2265171 -0.0149163 0.1956247
v 0.2265171 -0.02176118 0.2013639
v 0.2265171 -0.02195154 0.198191
v 0.2265171 -0.01983653 0.1965962
v 0.2265171 -0.01696608 0.1971992
v 0.2265171 -0.01603454 0.2002389
v 0.2265171 -0.01834884 0.2028058
v 0.2245171 -0.0160057 0.2000753
v 0.2245171 -0.01768699 0.2024556
v 0.2245171 -0.0203493 0.2024568
v 0.2245171 -0.0222698 0.2002614
v 0.2245171 -0.02135678 0.1974739
v 0.2245171 -0.01891815 0.1964397
v 0.2245171 -0.01661193 0.1977699
v -0.02375864 -0.1838569 0.05206456
v -0.0008021444 -0.1838376 0.06413151
v 0.024221 -0.1838905 0.05183866
v 0.008878078 -0.183838 0.06697562
v -0.01243563 -0.1838369 0.07139494
v -0.008041948 -0.1838376 0.0668224
v 0.01316843 -0.183837 0.07249632
v 0.01457839 -0.1838369 0.07723083
v -0.008909907 -0.1838376 0.09589925
v -0.01370652 -0.1838376 0.08537508
v -0.02408182 -0.1838762 0.2459831
v -0.01432138 -0.1838374 0.07712594
v 0.02423285 -0.1838638 0.2459494
v 0.008733768 -0.1838376 0.09633707
v 0.000117112 -0.1839961 0.1033133
v 0.01373189 -0.1838376 0.08619454
v 0.02011735 -0.2366711 0.2362091
v -0.01988288 -0.2447469 0.2312159
v -0.0198829 -0.2336582 0.2375042
v -0.0198829 -0.2185792 0.2430685
v 0.0201171 -0.216897 0.2435136
v -0.0198829 -0.1890313 0.2474451
v 0.0201171 -0.188902 0.2473363
v 0.02011633 -0.2502318 0.2270835
v -0.01336372 -0.2577841 0.218676
v -0.01987458 -0.2519921 0.2253761
v 0.02005636 -0.2576107 0.2193007
v 0.01240113 -0.262064 0.2103896
v 0.02011712 -0.1888376 0.05096694
v 0.02010738 -0.2649859 0.05096694
v 0.02010499 -0.2648667 0.2036939
v 0.0201148 -0.2621762 0.2129145
v -0.01988289 -0.1888376 0.05096693
v -0.01988348 -0.2644143 0.2075419
v -0.01972481 -0.2646331 0.05096693
v -0.01988791 -0.2585123 0.2185174
v -0.05045212 -0.1854635 0.2469746
v -0.02594368 -0.1841526 0.246948
v -0.02552472 -0.1964544 0.2465538
v -0.04981251 -0.1942937 0.2468504
v -0.04371444 -0.2087103 0.2452414
v -0.02607261 -0.209967 0.2449221
v -0.03955467 -0.2210557 0.2422904
v -0.02568111 -0.2262945 0.2405612
v -0.03641301 -0.233019 0.2381759
v -0.03557063 -0.2706791 0.05096693
v -0.03977975 -0.273319 0.2032435
v -0.03035134 -0.2681242 0.2047264
v -0.02503613 -0.2660161 0.2036331
v -0.02506103 -0.266163 0.05096693
v -0.02520101 -0.2640025 0.211183
v -0.02514707 -0.2388813 0.2344353
v -0.02595886 -0.2510113 0.2270212
v -0.03687305 -0.2469848 0.2319929
v -0.05875687 -0.2854884 0.2086981
v -0.03916376 -0.2711943 0.2100215
v -0.03163544 -0.2660636 0.2122984
v -0.03900904 -0.2669186 0.217071
v -0.03649705 -0.2618586 0.2209304
v -0.03835901 -0.2563899 0.226474
v -0.02514615 -0.2591968 0.2185003
v 0.04992656 -0.2052305 0.2460487
v 0.02612877 -0.2003424 0.2463931
v 0.05060377 -0.1854901 0.2470103
v 0.02559424 -0.1835942 0.2468033
v 0.04342598 -0.2092451 0.2451174
v 0.0257654 -0.2164528 0.2433878
v 0.0253079 -0.266153 0.05096694
v 0.02552052 -0.2662797 0.2025293
v 0.03927328 -0.2727902 0.2034277
v 0.03921203 -0.2728555 0.05096694
v 0.02616093 -0.2278985 0.2399173
v 0.03960025 -0.2255171 0.2411188
v 0.03651123 -0.2592692 0.2232963
v 0.02602702 -0.2551126 0.2233642
v 0.02536669 -0.2461464 0.2301014
v 0.02521766 -0.2653019 0.2070371
v 0.02580031 -0.2631888 0.2131351
v 0.03232807 -0.2676023 0.2091442
v 0.02627892 -0.2381304 0.2352469
v 0.03887271 -0.236904 0.2370817
v 0.03929734 -0.2476354 0.2323736
v 0.04070632 -0.2722863 0.2093585
v 0.02534838 -0.2596376 0.2179826
v 0.03919492 -0.2668875 0.2170864
v -0.1905176 -0.2041931 0.2469755
v -0.1901253 -0.181456 0.2469673
v -0.08337121 -0.2197114 0.2468669
v -0.02410945 -0.1831059 0.2468574
v 0.1903478 -0.1814548 0.2469674
v -0.07930955 -0.1854859 0.2469669
v -0.07946996 -0.2043679 0.2469903
v 0.1907514 -0.2041953 0.2469751
v 0.08305332 -0.2195248 0.2468676
v 0.07965218 -0.2043844 0.2469709
v 0.0795434 -0.185486 0.2469669
v -0.2074746 -0.185466 0.2447571
v -0.2075121 -0.2042542 0.2447281
v -0.2107792 -0.2174786 0.2432113
v -0.2044695 -0.2222939 0.2455355
v -0.2049729 -0.1808937 0.2457262
v -0.2110254 -0.1810275 0.2431663
v -0.1962253 -0.1812145 0.2469235
v -0.198895 -0.1850774 0.2466747
v -0.1904382 -0.1853981 0.2469691
v -0.2006832 -0.2046022 0.246519
v -0.197862 -0.2223816 0.246534
v -0.2158152 -0.18113 0.2391071
v -0.2155252 -0.2242278 0.2389344
v -0.2182277 -0.2253643 0.2342881
v -0.2192104 -0.1808212 0.2324946
v -0.2205669 -0.2253895 0.225752
v -0.2208162 -0.181125 0.2239311
v 0.2000834 -0.1850768 0.2466468
v 0.1906187 -0.1854594 0.2469678
v 0.1982607 -0.180912 0.2469777
v 0.206631 -0.1811544 0.2451856
v 0.2076787 -0.1854485 0.2447567
v 0.2109744 -0.1808603 0.2433466
v 0.2077456 -0.2042204 0.2447306
v 0.2102939 -0.2180908 0.2436362
v 0.201119 -0.2045327 0.2465244
v 0.1996641 -0.2196814 0.2465364
v 0.2152454 -0.1808894 0.2400246
v 0.2154864 -0.2174062 0.2395079
v 0.2184701 -0.2246672 0.2343388
v 0.2188637 -0.1808637 0.2341134
v 0.2205754 -0.23001 0.2266577
v 0.2210558 -0.1809681 0.224715
v 0.2210078 -0.2644895 0.2061124
v -0.2201356 -0.1800776 0.2401482
v -0.2180078 -0.1801897 0.2369525
v -0.2215266 -0.1801732 0.2261779
v -0.2245533 -0.1800776 0.2267873
v -0.2210333 -0.1805103 0.05096693
v -0.2248829 -0.1800776 0.05096693
v 0.2217613 -0.1801664 0.2251359
v 0.2182242 -0.1801117 0.2383139
v 0.2247562 -0.1800778 0.2278856
v 0.2191246 -0.1800776 0.2418601
v 0.2087072 -0.1801874 0.2453774
v 0.2105394 -0.1800776 0.2479796
v 0.2251171 -0.1800776 0.05096694
v 0.2212843 -0.1804725 0.05096695
v 0.1997846 -0.1800777 0.2507651
v 0.1983081 -0.180146 0.2477994
v -0.1973914 -0.180218 0.2475837
v -0.2095675 -0.1801931 0.2448932
v -0.210195 -0.1800776 0.2482506
v -0.2152111 -0.1801932 0.2407007
v -0.1974269 -0.1800776 0.2508773
v 0.2247283 -0.2698913 0.05096699
v -0.03137071 -0.2728062 0.05096696
v -0.01197801 -0.2677061 0.05096694
v 0.01799965 -0.2683744 0.05096696
v 0.008127816 -0.2635742 0.05096694
v -0.0248368 -0.1847289 0.0510393
v 0.02509653 -0.1849093 0.05099883
v 0.0347224 -0.2747715 0.05096694
v 0.2107622 -0.2895101 0.05096692
v 0.212367 -0.284263 0.05096694
v 0.2187886 -0.2837722 0.050967
v 0.218105 -0.2773038 0.05096695
v -0.224461 -0.2697169 0.050967
v -0.2205673 -0.2692836 0.05096697
v -0.2188909 -0.2835162 0.05096692
v -0.2167704 -0.2791034 0.05096693
v -0.2116159 -0.2846107 0.05096692
v -0.2099554 -0.289756 0.05096692
v -0.199304 -0.2923874 0.05096694
v 0.2209476 -0.2666435 0.05096695
v 0.1997601 -0.2923779 0.05096697
v 0.200113 -0.2883655 0.05096696
v 0.06004915 -0.291915 0.05096696
v 0.0617513 -0.2881778 0.05096695
v -0.199335 -0.2884023 0.05096693
v -0.06032344 -0.292078 0.05096695
v -0.06111032 -0.2880475 0.05096694
v 0.05705681 -0.2900483 0.2052873
v 0.03704713 -0.2761569 0.204082
v 0.062833 -0.2922825 0.2036311
v 0.2007827 -0.2919482 0.2067444
v 0.2250114 -0.2385156 0.2203538
v 0.2249923 -0.264647 0.203884
v -0.2247548 -0.2369452 0.2214728
v -0.22452 -0.2682002 0.2039587
v -0.06423951 -0.2923579 0.2050555
v -0.1996521 -0.2922817 0.2039694
v -0.05734883 -0.2903989 0.205026
v -0.03696904 -0.2762653 0.2038563
v 0.04828165 -0.1949841 0.2507925
v 0.08235815 -0.220098 0.250815
v 0.1963058 -0.2175532 0.2508279
v -0.2010532 -0.2166272 0.2505512
v -0.08353632 -0.2169654 0.2509033
v -0.04832917 -0.1965915 0.2507008
v -0.1977532 -0.2262171 0.2501645
v -0.08000495 -0.2286108 0.2499665
v -0.200014 -0.2369421 0.2483711
v -0.1976651 -0.2469181 0.2460233
v -0.07625122 -0.2410426 0.2476969
v -0.1962371 -0.2599698 0.2412788
v -0.07153996 -0.2562665 0.2429263
v -0.06762373 -0.2683361 0.2366753
v -0.1978852 -0.2696324 0.2358671
v -0.06495838 -0.276916 0.2305179
v -0.1962565 -0.2777941 0.2299324
v -0.0648252 -0.2836485 0.2237926
v -0.1977239 -0.2851744 0.2218903
v -0.06362157 -0.2876647 0.2179638
v -0.1997275 -0.2890985 0.2151785
v -0.06310686 -0.2903605 0.2123681
v -0.1996295 -0.2912922 0.2092238
v -0.04391296 -0.2100777 0.2490911
v -0.03935872 -0.2216688 0.2462691
v -0.04267544 -0.2360977 0.2427303
v -0.03590127 -0.2609063 0.2274106
v -0.03536398 -0.2486968 0.2354011
v -0.05966679 -0.28229 0.2231098
v -0.05784453 -0.2871755 0.215062
v -0.03531161 -0.2687034 0.2189979
v -0.03654515 -0.2741638 0.2111471
v 0.01993732 -0.2575297 0.2254865
v -0.02083356 -0.25568 0.2275587
v 0.0003279261 -0.2631096 0.2176177
v 0.02238237 -0.2523267 0.230522
v 0.03020875 -0.232543 0.2423953
v -0.03294284 -0.2330431 0.2422693
v 0.02720026 -0.2465776 0.2349952
v -0.02460954 -0.2457278 0.2354438
v 0.0397436 -0.2212681 0.2463719
v 0.04278026 -0.2097455 0.249074
v 0.06466666 -0.2911373 0.2102965
v 0.1996024 -0.2890084 0.2153834
v 0.0651843 -0.2882682 0.2171146
v 0.1963743 -0.2851256 0.2220112
v 0.06627123 -0.2840703 0.2233927
v 0.1963891 -0.277428 0.2302692
v 0.06511724 -0.2757024 0.2314638
v 0.06981752 -0.2644269 0.2392257
v 0.2012762 -0.2649874 0.2384497
v 0.1997387 -0.2527854 0.2440907
v 0.07423501 -0.2484378 0.2456881
v 0.1976394 -0.2345666 0.2490539
v 0.07836686 -0.2349869 0.2489773
v 0.05882433 -0.289317 0.2112743
v 0.03673216 -0.2740929 0.211236
v 0.05966525 -0.2867607 0.2171878
v 0.03479604 -0.2681252 0.2191852
v 0.06121795 -0.2825447 0.2236498
v 0.03299413 -0.2619374 0.2246837
v 0.03490457 -0.2550884 0.23113
v 0.03586822 -0.2455948 0.2369246
v 0.0384131 -0.235206 0.2420816
v 0.2078371 -0.2903369 0.2065413
v 0.2147808 -0.2871735 0.204919
v 0.2206709 -0.2808369 0.2051905
v 0.2238871 -0.2717565 0.2074053
v 0.2036373 -0.2833739 0.2230644
v 0.2161917 -0.2832331 0.213057
v 0.2207461 -0.2772562 0.2125658
v 0.2164604 -0.2794912 0.2185494
v 0.2101629 -0.2856831 0.2160849
v 0.2205188 -0.2256835 0.2390042
v 0.2165961 -0.2339631 0.2422932
v 0.2189428 -0.2480519 0.2360955
v 0.2103579 -0.2660157 0.2348736
v 0.2151218 -0.2565603 0.2366784
v 0.209729 -0.2514556 0.2420849
v 0.2235614 -0.2250318 0.2319422
v 0.2221898 -0.2471133 0.2306549
v 0.2162245 -0.217925 0.2443769
v 0.2062784 -0.21886 0.2493448
v 0.2070023 -0.2337525 0.2475153
v 0.2128437 -0.223507 0.2464683
v 0.2136719 -0.2431894 0.2424593
v 0.2238935 -0.2518665 0.2231417
v 0.2222003 -0.2648293 0.2217837
v 0.2177944 -0.2631837 0.2308273
v 0.2033979 -0.2753637 0.2308957
v 0.2100689 -0.2757325 0.2281045
v 0.2194135 -0.272661 0.2213911
v 0.2163922 -0.2734207 0.2250947
v 0.2103043 -0.2820763 0.2214022
v 0.2119678 -0.2875292 0.2100763
v -0.2220644 -0.2774623 0.203686
v -0.2188865 -0.2825156 0.206897
v -0.2154638 -0.2864535 0.2032989
v -0.209761 -0.2898414 0.2028184
v -0.2091874 -0.288347 0.2113695
v -0.2084847 -0.2836449 0.2204545
v -0.2159068 -0.2829697 0.213678
v -0.2219794 -0.2753449 0.2101904
v -0.2188708 -0.2767819 0.217379
v -0.2161659 -0.2732929 0.2251983
v -0.2204137 -0.2711557 0.220313
v -0.2144255 -0.265659 0.2324047
v -0.2186444 -0.2587872 0.2317675
v -0.2052793 -0.2520787 0.2432432
v -0.2233656 -0.2664233 0.2151366
v -0.2219655 -0.2530656 0.2286123
v -0.2204365 -0.2260839 0.2387153
v -0.2232877 -0.2249188 0.2320029
v -0.2074331 -0.2329361 0.2474132
v -0.2102986 -0.2183635 0.2478544
v -0.213614 -0.28014 0.2209359
v -0.2133334 -0.2526633 0.2396412
v -0.2059318 -0.2657871 0.2367223
v -0.2099317 -0.2752575 0.2284739
v -0.2031809 -0.2771327 0.2294876
v -0.2132666 -0.2326927 0.2448411
v -0.2181906 -0.2382967 0.2396342
v -0.2236595 -0.2503203 0.2238576
v -0.2161118 -0.2190109 0.2442491
v -0.2127347 -0.2874574 0.2080601
v -0.008338667 -0.2675215 0.2038404
v 0.02771861 -0.2713023 0.2037961
v 0.01607632 -0.2681086 0.2036238
v 0.02829021 -0.2701518 0.2100089
v 0.02786456 -0.265835 0.2179273
v -0.008750636 -0.2662518 0.2101464
v 0.01368525 -0.2665143 0.2106175
v 0.02157846 -0.2678756 0.2102102
v 0.01837396 -0.2630133 0.2186051
v -0.02060108 -0.2690964 0.203796
v -0.02879121 -0.2719122 0.2037366
v -0.01783756 -0.2626056 0.2191386
v -0.02543523 -0.2648057 0.2182283
v -0.02080438 -0.267828 0.2100088
v -0.02758911 -0.2698768 0.2102102
v -0.02944216 -0.2581335 0.2271644
v 0.05871808 -0.2865042 0.2033594
v 0.1973098 -0.2883946 0.2038194
v 0.0634478 -0.2883215 0.2031976
v -0.2206087 -0.2671685 0.2039251
v -0.1952667 -0.2884705 0.2032219
v -0.06452822 -0.2884479 0.2033772
v -0.05958166 -0.2871496 0.203279
v -0.1990754 -0.2871219 0.2093845
v -0.06361932 -0.2871114 0.2094495
v -0.1953342 -0.2833137 0.2177824
v -0.06466594 -0.2843142 0.2159978
v -0.06364068 -0.2803419 0.2211801
v -0.1996766 -0.2776409 0.2242477
v -0.06549877 -0.2745341 0.2272631
v -0.1971864 -0.2702142 0.2308125
v -0.06829943 -0.2666835 0.2330627
v -0.1999636 -0.2574538 0.2378124
v -0.07077529 -0.2580861 0.2376478
v -0.07438734 -0.2473951 0.2418176
v -0.1970474 -0.2415209 0.2434931
v -0.07863341 -0.2347103 0.2449914
v -0.04965676 -0.2053431 0.2460571
v -0.05993139 -0.2831228 0.2150482
v 0.1972374 -0.2335451 0.2451875
v 0.07854351 -0.234231 0.245052
v 0.07467818 -0.2472034 0.2418947
v 0.1976456 -0.2464084 0.2419943
v 0.1977378 -0.2578842 0.2377692
v 0.07098414 -0.2583753 0.2375202
v 0.06854041 -0.2665745 0.2331191
v 0.1992941 -0.2704048 0.2305385
v 0.06564531 -0.2743575 0.2273835
v 0.2003213 -0.2795943 0.2222566
v 0.06429575 -0.2803794 0.2213025
v 0.1995162 -0.2846581 0.2151345
v 0.06553559 -0.2848732 0.2149989
v 0.1993492 -0.287194 0.2093318
v 0.06387587 -0.2872621 0.208989
v 0.06091144 -0.2831771 0.2157589
v 0.05914857 -0.2854037 0.2091628
v 0.06299026 -0.2050067 0.246781
v 0.2196231 -0.2731905 0.2032109
v 0.2174512 -0.2782045 0.2056023
v 0.2129844 -0.2836396 0.2040911
v 0.2052872 -0.2871169 0.2044838
v 0.2091043 -0.2797924 0.218312
v 0.2171469 -0.2724038 0.2162112
v 0.2195561 -0.2688509 0.2117086
v 0.2058345 -0.2329882 0.2437559
v 0.2110529 -0.231715 0.2417324
v 0.2149155 -0.2337296 0.2384208
v 0.2058472 -0.2514077 0.2389515
v 0.2118598 -0.2442453 0.2383594
v 0.2158317 -0.2479837 0.233477
v 0.2184233 -0.2454212 0.2297368
v 0.2142113 -0.2754643 0.218218
v 0.213572 -0.2804784 0.2118559
v 0.2118236 -0.2550842 0.2345388
v 0.2140031 -0.2617059 0.229374
v 0.2195585 -0.2589074 0.2202406
v 0.2171799 -0.2631495 0.2241385
v 0.2086088 -0.2716986 0.2265531
v 0.2131319 -0.2697125 0.224776
v 0.2087881 -0.2640792 0.2317176
v 0.2026327 -0.2650324 0.233272
v 0.2085598 -0.2851973 0.2082926
v -0.2043464 -0.2873142 0.2038038
v -0.2113892 -0.2844581 0.2045036
v -0.215201 -0.2811496 0.2037885
v -0.218209 -0.2762634 0.2046708
v -0.2153026 -0.2789601 0.2103653
v -0.2165095 -0.2739961 0.2154353
v -0.2126934 -0.2761941 0.2189516
v -0.2193149 -0.2700777 0.2103323
v -0.2089496 -0.2795526 0.2182633
v -0.2120645 -0.2812666 0.2121358
v -0.2017816 -0.2850305 0.2133534
v -0.2024052 -0.2809925 0.2196263
v -0.2085431 -0.284021 0.2110901
v -0.2087518 -0.2547196 0.2362866
v -0.2122882 -0.2490233 0.2364758
v -0.2056271 -0.241377 0.2419725
v -0.2072407 -0.2732059 0.22598
v -0.2055193 -0.2645621 0.2326865
v -0.2113334 -0.2636442 0.2303243
v -0.2144408 -0.2696006 0.2233668
v -0.2155807 -0.2582339 0.2292016
v -0.2198974 -0.2480213 0.2236227
v -0.2187413 -0.2597317 0.2220052
v -0.2165282 -0.244426 0.2334113
v -0.208931 -0.23183 0.2426927
v -0.2134776 -0.2330099 0.2396267
v 0.007273272 -0.2634552 0.2041735
v -0.01283509 -0.2638376 0.2035092
v -0.01388741 -0.2624149 0.210081
v 0.06079989 -0.1858397 0.2274009
v 0.06074944 -0.1935835 0.227311
v 0.06038808 -0.1861755 0.2369995
v 0.06058117 -0.1943043 0.2366419
v 0.06124393 -0.194438 0.2279047
v 0.06957983 -0.1942979 0.2367282
v 0.06881645 -0.1944797 0.2279345
v 0.06904186 -0.1855739 0.2273144
v 0.06943838 -0.1937349 0.227384
v 0.06978559 -0.1860803 0.2280778
v 0.06957877 -0.1854171 0.2370862
v 0.06140872 -0.1851987 0.2278353
v 0.06111979 -0.1852013 0.2372681
v 0.1993882 -0.1937783 0.2273705
v 0.199788 -0.1860802 0.2280906
v 0.1996039 -0.1943067 0.2363354
v 0.1998035 -0.1860353 0.2365889
v 0.1914451 -0.194546 0.2369832
v 0.1912591 -0.1941077 0.2273218
v 0.1988104 -0.1944801 0.2279319
v 0.1991197 -0.1856075 0.2273141
v 0.191543 -0.1852068 0.2277251
v 0.1989603 -0.1851473 0.2369599
v 0.1904639 -0.1937568 0.2372927
v 0.190859 -0.185793 0.227416
v 0.190515 -0.1937745 0.2279794
v -0.1992099 -0.1859875 0.2273964
v -0.1994714 -0.1937327 0.2278692
v -0.1993537 -0.185412 0.2367296
v -0.1994648 -0.1942316 0.2364186
v -0.1986752 -0.1945266 0.2365607
v -0.1986591 -0.1941233 0.2273
v -0.1911894 -0.194434 0.2277345
v -0.1912162 -0.1945425 0.2369777
v -0.1904362 -0.1855584 0.2278084
v -0.1987254 -0.185216 0.2278855
v -0.190232 -0.1937951 0.2373078
v -0.1905948 -0.1937628 0.2274176
v -0.1911247 -0.1861881 0.227049
v -0.06044376 -0.1943386 0.2366192
v -0.06025242 -0.1937039 0.2280107
v -0.06015703 -0.1861635 0.2369998
v -0.06019161 -0.1861968 0.228088
v -0.0687373 -0.1945077 0.236858
v -0.06929344 -0.1940855 0.2278676
v -0.06101624 -0.1942441 0.2274457
v -0.06920948 -0.1859748 0.227392
v -0.06936318 -0.1854323 0.2371102
v -0.06946413 -0.1942087 0.2367779
v -0.06087237 -0.1855972 0.2273308
v -0.06878302 -0.193512 0.2270953
v -0.06885896 -0.1852286 0.2279882
v -0.06088194 -0.1851927 0.2372999
v 0.02517121 -0.1848503 0.246094
v 0.02521054 -0.2021474 0.2454161
v 0.02516059 -0.2334203 0.2368879
v -0.02491015 -0.2123689 0.2437629
v -0.02499325 -0.1848673 0.2462707
v -0.02494673 -0.2511869 0.2258379
v 0.01229153 -0.1750685 0.07084994
v 0.01445733 -0.1741994 0.07594083
v 0.007155634 -0.1750876 0.06603259
v -0.0002056584 -0.1750876 0.0642331
v -0.007480446 -0.1750876 0.06635535
v -0.01234933 -0.1750395 0.07129403
v -0.01425882 -0.1741728 0.07618206
v -0.01379749 -0.1702436 0.07885766
v -0.01462906 -0.1712699 0.07878813
v 0.01398536 -0.170142 0.07884063
v 0.01466647 -0.1712925 0.07886977
v 0.007385802 -0.1813811 0.09775814
v 0.0124669 -0.1771775 0.08985227
v 0.00362201 -0.1740476 0.05675333
v 0.003578206 -0.1704993 0.05710843
v 0.007926244 -0.17101 0.06081124
v 0.009560646 -0.1747131 0.0631992
v 0.01156792 -0.1713095 0.0659997
v 0.01290708 -0.1742603 0.06949151
v 0.01401271 -0.1708041 0.0733486
v 0.0001350494 -0.1707373 0.05600552
v -0.001143813 -0.1742344 0.05604457
v -0.003777396 -0.1710532 0.05705904
v -0.004398566 -0.1741047 0.05751401
v -0.006845616 -0.1815327 0.0980432
v -0.01188961 -0.1775886 0.09062552
v -0.01274594 -0.1740952 0.06958042
v -0.01282683 -0.1712129 0.06956486
v -0.009516344 -0.1746724 0.06345689
v -0.008954231 -0.1712553 0.06220497
v -0.01258686 -0.1701366 0.07187302
v 0.01012094 -0.1701688 0.0649519
v -0.009690021 -0.1702735 0.06417189
v -0.003019407 -0.1701649 0.05747412
v 0.002637929 -0.1750204 0.05702936
v -0.003462166 -0.17502 0.057875
v -0.1999162 -0.1850776 0.2367621
v -0.1926167 -0.1850776 0.2373848
v -0.1974425 -0.1850776 0.2379853
v -0.1996329 -0.1850776 0.2269669
v -0.1893329 -0.1850776 0.2269669
v -0.1890048 -0.1850776 0.2368107
v -0.1902481 -0.1850776 0.241235
v -0.1866144 -0.1849959 0.2417414
v -0.1926248 -0.1850934 0.2447887
v -0.1983139 -0.1850776 0.2427686
v -0.1997489 -0.1850175 0.2441842
v -0.195052 -0.1850286 0.2453297
v -0.1855415 -0.1850522 0.2370786
v -0.2040851 -0.184826 0.2369357
v -0.1969241 -0.1820776 0.241933
v -0.1952265 -0.1820776 0.2436166
v -0.1957329 -0.1802776 0.243282
v -0.1923214 -0.1820776 0.2427232
v -0.1925678 -0.1802776 0.2427239
v -0.1924079 -0.1820776 0.2394722
v -0.1946414 -0.1820776 0.238576
v -0.1965775 -0.1820776 0.2395633
v -0.1852898 -0.1804325 0.2230575
v -0.198554 -0.180365 0.2448536
v -0.2035481 -0.180406 0.2230369
v -0.1908331 -0.1803721 0.2449826
v -0.2026273 -0.1802779 0.2408022
v -0.1863246 -0.1802824 0.2407626
v -0.184749 -0.1809884 0.2392464
v -0.1846292 -0.1841325 0.2386382
v -0.1846437 -0.1844343 0.2364322
v -0.1850538 -0.1998552 0.2368171
v -0.1848914 -0.2001199 0.2227829
v -0.184849 -0.1811386 0.2225865
v -0.1857048 -0.1839872 0.2417429
v -0.1864319 -0.180904 0.2425358
v -0.188501 -0.184511 0.2444491
v -0.1888613 -0.1814545 0.244909
v -0.1919504 -0.1843427 0.2459368
v -0.1921054 -0.1812545 0.246
v -0.1979754 -0.1812628 0.2458702
v -0.1976137 -0.1839871 0.2459537
v -0.2042344 -0.1810586 0.2393492
v -0.2041081 -0.1842216 0.2398146
v -0.201973 -0.1811627 0.2433695
v -0.2016001 -0.1841339 0.2437794
v -0.2043587 -0.1812562 0.2230613
v -0.2043847 -0.1997037 0.2359443
v -0.2040288 -0.2001648 0.2227944
v -0.1855152 -0.1994218 0.2221898
v -0.2035329 -0.1813454 0.2222197
v -0.2032976 -0.1996042 0.2221965
v -0.1931183 -0.1820776 0.2449141
v -0.1904789 -0.1820775 0.2425683
v -0.1957882 -0.1820776 0.2450032
v -0.1986328 -0.1820776 0.2419686
v -0.1972127 -0.1820776 0.2380334
v -0.1942294 -0.1820776 0.2370514
v -0.1913994 -0.1820776 0.2383871
v -0.1999303 -0.1958613 0.2367687
v -0.2037684 -0.2000568 0.236801
v -0.1890481 -0.1958727 0.2367685
v -0.1893329 -0.1955776 0.2269669
v -0.1996329 -0.1955776 0.2269669
v -0.1854558 -0.2004964 0.2359471
v -0.0696329 -0.1850776 0.2269669
v -0.05933291 -0.1850776 0.2269669
v -0.06991617 -0.1850776 0.2367621
v -0.05900478 -0.1850776 0.2368107
v -0.0603177 -0.1850776 0.240867
v -0.05927029 -0.1849993 0.2441589
v -0.06232504 -0.185092 0.2446814
v -0.05603476 -0.1850328 0.2402107
v -0.06850417 -0.1850776 0.2424474
v -0.06968077 -0.1850405 0.2442525
v -0.06505193 -0.1850286 0.2453297
v -0.05554146 -0.1850522 0.2370786
v -0.06206387 -0.1850776 0.2378395
v -0.06509041 -0.1850776 0.2370437
v -0.07408265 -0.1848147 0.2369158
v -0.06776031 -0.1850776 0.2386979
v -0.06695775 -0.1820776 0.2417143
v -0.06545744 -0.1820776 0.2435788
v -0.0657329 -0.1802776 0.243282
v -0.06214714 -0.1820776 0.2425557
v -0.06256781 -0.1802776 0.2427239
v -0.06202087 -0.1802776 0.2406828
v -0.06287661 -0.1820776 0.2389554
v -0.06256781 -0.1802776 0.23951
v -0.06633269 -0.1820776 0.2391597
v -0.05549121 -0.1803498 0.2232583
v -0.06907649 -0.180327 0.2444811
v -0.07354809 -0.180406 0.2230369
v -0.06041918 -0.1803911 0.2449821
v -0.07239494 -0.1803147 0.2415946
v -0.0559896 -0.1803085 0.2405351
v -0.05462974 -0.1811859 0.2385772
v -0.05480681 -0.1840725 0.2396622
v -0.05464375 -0.1844343 0.2364322
v -0.05498513 -0.1997679 0.2368164
v -0.05455966 -0.1995058 0.2231883
v -0.05487487 -0.1810283 0.2225935
v -0.05643958 -0.1811242 0.2428914
v -0.05746903 -0.1842936 0.2439171
v -0.06130542 -0.181325 0.2459229
v -0.06212707 -0.1843785 0.2459286
v -0.06672867 -0.1809949 0.2459463
v -0.06761368 -0.1839871 0.2459536
v -0.07416048 -0.1811881 0.2399939
v -0.07409257 -0.1844253 0.2395286
v -0.07188767 -0.1841461 0.2435448
v -0.0706322 -0.1814285 0.2446277
v -0.07435873 -0.1812562 0.2230613
v -0.07412805 -0.1996639 0.2367936
v -0.07399363 -0.1999207 0.2225726
v -0.05526073 -0.2001079 0.2224549
v -0.07353286 -0.1813454 0.2222197
v -0.06381951 -0.1820777 0.2453119
v -0.06757668 -0.1820775 0.2438358
v -0.06854848 -0.1820776 0.2408634
v -0.06721269 -0.1820776 0.2380334
v -0.06422935 -0.1820776 0.2370514
v -0.06139933 -0.1820776 0.2383872
v -0.06042436 -0.1820776 0.2420863
v -0.06993026 -0.1958613 0.2367687
v -0.05904805 -0.1958727 0.2367685
v -0.05933291 -0.1955776 0.2269669
v -0.0696329 -0.1955776 0.2269669
v -0.07354648 -0.2004141 0.2362533
v -0.07336346 -0.2005015 0.2231618
v -0.05549518 -0.2004289 0.2363251
f 1 2 3
f 4 5 6
f 6 5 7
f 8 9 7
f 10 11 12
f 1 13 14
f 15 16 1
f 1 14 15
f 15 14 17
f 9 11 10
f 9 10 2
f 16 18 1
f 1 3 13
f 1 6 2
f 2 6 9
f 9 6 7
f 19 20 21
f 19 21 22
f 19 22 23
f 19 23 24
f 24 23 25
f 24 25 26
f 24 26 27
f 24 27 28
f 24 28 29
f 24 29 30
f 24 30 31
f 31 30 32
f 31 32 33
f 31 33 34
f 31 34 35
f 31 35 36
f 31 36 37
f 31 37 38
f 38 37 39
f 38 39 40
f 38 40 41
f 38 41 42
f 38 42 43
f 38 43 44
f 44 43 45
f 44 45 46
f 44 46 47
f 44 47 48
f 44 48 49
f 44 49 50
f 50 49 51
f 50 51 52
f 50 52 53
f 50 53 54
f 50 54 55
f 50 55 56
f 50 56 57
f 50 57 19
f 19 57 58
f 19 58 20
f 48 47 59
f 26 60 27
f 27 60 28
f 53 52 61
f 61 52 51
f 61 51 59
f 59 51 49
f 59 49 48
f 34 33 62
f 62 33 32
f 62 32 30
f 62 30 60
f 60 30 29
f 60 29 28
f 20 63 21
f 47 46 59
f 59 46 45
f 59 45 64
f 45 43 64
f 64 43 42
f 64 42 41
f 34 62 35
f 21 63 22
f 37 62 39
f 39 62 64
f 23 63 25
f 25 63 60
f 25 60 26
f 22 63 23
f 63 20 65
f 65 20 58
f 57 56 65
f 65 56 55
f 65 55 61
f 61 55 54
f 61 54 53
f 64 41 40
f 39 64 40
f 35 62 36
f 36 62 37
f 57 65 58
f 66 67 8
f 68 69 8
f 8 69 70
f 8 70 66
f 67 66 71
f 71 66 72
f 71 72 73
f 73 72 74
f 73 74 75
f 76 75 74
f 77 78 75
f 77 75 76
f 79 16 80
f 79 80 81
f 81 80 82
f 82 80 78
f 82 78 77
f 16 79 83
f 83 79 84
f 83 84 85
f 85 84 86
f 70 87 84
f 84 87 88
f 89 12 90
f 17 90 12
f 90 17 14
f 90 14 91
f 91 14 13
f 91 13 92
f 92 13 3
f 92 3 2
f 92 2 93
f 93 2 10
f 93 10 94
f 94 10 12
f 94 12 89
f 19 91 50
f 50 91 92
f 50 92 44
f 44 92 93
f 44 93 38
f 38 93 94
f 38 94 31
f 31 94 89
f 31 89 24
f 24 89 90
f 24 90 19
f 19 90 91
f 1 18 95
f 95 18 96
f 95 96 97
f 97 96 98
f 97 98 7
f 7 98 8
f 7 5 97
f 97 5 99
f 100 99 4
f 4 99 5
f 95 100 6
f 6 100 4
f 97 99 95
f 95 99 100
f 96 88 98
f 98 88 69
f 65 79 81
f 65 81 63
f 63 81 82
f 82 77 60
f 63 82 60
f 62 60 76
f 76 60 77
f 65 61 84
f 65 84 79
f 72 66 64
f 62 76 74
f 62 74 72
f 62 72 64
f 59 64 70
f 70 64 66
f 61 59 70
f 61 70 84
f 86 84 88
f 83 18 16
f 87 70 69
f 88 87 69
f 85 86 88
f 85 88 96
f 85 18 83
f 96 18 85
f 15 80 16
f 78 80 15
f 15 17 78
f 17 75 78
f 69 68 98
f 8 98 68
f 9 8 67
f 17 12 11
f 17 11 75
f 73 75 11
f 71 73 11
f 9 71 11
f 71 9 67
f 95 6 1
f 101 102 103
f 104 105 106
f 106 105 107
f 108 109 107
f 110 111 112
f 101 103 113
f 110 114 111
f 101 115 116
f 101 113 115
f 115 113 117
f 109 114 110
f 110 102 109
f 101 106 102
f 102 106 109
f 109 106 107
f 118 119 120
f 118 120 121
f 121 120 122
f 121 122 123
f 121 123 124
f 121 124 125
f 121 125 126
f 126 125 127
f 126 127 128
f 126 128 129
f 129 128 130
f 129 130 131
f 129 131 132
f 129 132 133
f 129 133 134
f 134 133 135
f 134 135 136
f 134 136 119
f 134 119 118
f 132 131 137
f 120 138 122
f 122 138 123
f 119 136 139
f 139 136 135
f 139 135 137
f 137 135 133
f 137 133 132
f 140 128 127
f 140 127 125
f 140 125 138
f 138 125 124
f 138 124 123
f 119 141 120
f 131 130 137
f 137 130 142
f 140 143 128
f 141 144 120
f 120 144 138
f 141 119 139
f 142 130 128
f 128 143 142
f 145 146 147
f 148 149 147
f 147 149 150
f 147 150 145
f 146 145 151
f 151 145 143
f 151 143 152
f 151 152 153
f 154 155 153
f 154 153 152
f 156 157 158
f 156 158 144
f 144 158 159
f 144 159 160
f 160 159 155
f 160 155 154
f 157 156 161
f 161 156 162
f 161 162 163
f 163 162 164
f 150 165 162
f 162 165 164
f 117 166 112
f 117 167 166
f 167 117 113
f 167 113 168
f 168 113 103
f 168 103 169
f 169 103 102
f 169 102 170
f 170 102 110
f 170 110 171
f 171 110 112
f 171 112 166
f 118 167 168
f 118 168 134
f 134 168 169
f 134 169 129
f 129 169 170
f 129 170 126
f 126 170 171
f 126 171 166
f 126 166 121
f 121 166 167
f 121 167 118
f 101 116 172
f 172 116 173
f 172 173 174
f 174 173 175
f 174 175 107
f 107 175 108
f 107 105 174
f 174 105 176
f 177 176 104
f 104 176 105
f 172 177 106
f 106 177 104
f 174 176 172
f 172 176 177
f 173 178 148
f 148 178 165
f 141 156 144
f 144 160 138
f 138 160 154
f 140 138 152
f 152 138 154
f 141 139 162
f 141 162 156
f 140 152 143
f 142 143 145
f 137 142 145
f 137 145 150
f 139 137 150
f 139 150 162
f 165 150 149
f 164 165 178
f 163 164 178
f 163 178 173
f 163 173 161
f 116 161 173
f 157 161 116
f 116 115 157
f 115 158 157
f 159 158 115
f 155 159 115
f 115 117 155
f 149 148 165
f 173 148 175
f 155 111 153
f 117 112 111
f 111 155 117
f 108 175 147
f 147 175 148
f 109 108 114
f 114 108 147
f 114 147 146
f 151 153 111
f 111 114 151
f 146 151 114
f 172 106 101
f 179 180 181
f 182 183 184
f 185 186 187
f 188 189 190
f 191 192 193
f 194 195 196
f 196 195 197
f 196 197 198
f 194 199 195
f 198 200 201
f 198 201 202
f 202 201 191
f 203 204 200
f 203 200 198
f 202 191 193
f 205 206 207
f 208 209 210
f 211 212 213
f 211 213 214
f 215 209 216
f 216 217 218
f 216 218 215
f 210 209 215
f 215 218 219
f 217 220 218
f 218 220 221
f 218 221 222
f 218 222 219
f 215 219 210
f 214 208 211
f 211 219 212
f 223 207 206
f 223 206 224
f 224 225 226
f 225 227 228
f 228 227 229
f 228 229 230
f 230 229 231
f 188 232 233
f 233 232 234
f 190 235 188
f 233 234 236
f 237 238 239
f 240 241 232
f 232 242 234
f 234 242 243
f 234 243 236
f 236 243 244
f 206 205 245
f 245 246 225
f 225 246 227
f 229 247 248
f 231 248 249
f 231 249 250
f 235 240 188
f 188 240 232
f 251 236 244
f 252 253 189
f 254 233 255
f 255 233 236
f 206 245 224
f 224 245 225
f 229 248 231
f 231 250 256
f 257 258 250
f 257 250 251
f 251 250 249
f 249 248 247
f 247 229 227
f 246 245 259
f 259 245 205
f 256 250 258
f 246 252 227
f 227 252 260
f 227 260 247
f 247 255 249
f 253 190 189
f 189 188 254
f 254 188 233
f 251 244 261
f 262 237 263
f 242 262 264
f 265 266 267
f 262 263 264
f 264 263 268
f 264 268 269
f 269 268 270
f 269 270 265
f 265 270 266
f 238 237 262
f 238 262 271
f 271 262 242
f 242 264 243
f 243 264 269
f 243 269 244
f 244 269 265
f 244 265 261
f 261 265 267
f 272 273 274
f 275 270 272
f 275 272 274
f 276 277 278
f 274 279 187
f 274 187 186
f 274 186 275
f 280 187 279
f 280 279 281
f 281 279 278
f 281 278 277
f 277 276 282
f 279 274 273
f 279 273 278
f 278 273 276
f 237 282 276
f 237 276 263
f 263 276 268
f 268 276 273
f 268 273 272
f 268 272 270
f 270 275 266
f 205 283 259
f 259 283 252
f 259 252 246
f 252 189 260
f 247 260 255
f 249 255 236
f 249 236 251
f 257 261 267
f 283 253 252
f 260 189 254
f 260 254 255
f 257 251 261
f 284 285 286
f 284 286 287
f 288 289 290
f 291 292 293
f 288 290 294
f 288 294 295
f 295 294 296
f 204 297 298
f 204 298 299
f 295 300 288
f 295 296 301
f 302 303 304
f 304 303 300
f 304 300 281
f 281 300 295
f 280 295 301
f 280 301 305
f 306 307 308
f 306 308 309
f 309 308 310
f 309 310 311
f 311 310 291
f 311 291 293
f 311 293 287
f 286 299 312
f 312 299 313
f 311 287 286
f 311 286 309
f 309 312 306
f 306 313 314
f 315 316 317
f 294 318 296
f 296 318 315
f 296 315 301
f 301 315 317
f 301 317 305
f 305 317 187
f 319 302 304
f 187 280 305
f 282 319 304
f 282 304 277
f 277 304 281
f 281 295 280
f 185 317 184
f 290 308 294
f 294 308 307
f 294 307 318
f 318 307 320
f 318 320 315
f 315 320 182
f 315 182 316
f 306 314 320
f 306 320 307
f 291 310 289
f 291 289 292
f 292 289 321
f 309 286 312
f 312 313 306
f 313 322 314
f 313 323 322
f 316 182 184
f 316 184 317
f 185 187 317
f 299 323 313
f 324 325 326
f 327 325 328
f 329 330 328
f 328 330 331
f 328 331 327
f 332 333 213
f 331 298 297
f 331 297 327
f 299 298 323
f 325 327 297
f 334 220 217
f 226 216 209
f 209 208 335
f 336 337 338
f 338 337 339
f 338 339 340
f 337 341 339
f 339 341 342
f 337 343 341
f 337 336 344
f 344 336 193
f 345 342 346
f 284 343 344
f 343 347 341
f 341 347 346
f 341 346 342
f 343 348 347
f 346 347 349
f 346 349 345
f 345 349 350
f 344 193 284
f 347 348 293
f 347 293 349
f 351 350 321
f 351 321 352
f 353 352 303
f 353 303 302
f 353 302 354
f 354 302 239
f 354 239 355
f 355 239 238
f 355 238 356
f 356 238 271
f 356 271 241
f 241 271 232
f 232 271 242
f 343 284 348
f 343 337 344
f 193 336 202
f 202 196 198
f 357 358 359
f 360 361 362
f 360 362 363
f 192 204 285
f 285 204 299
f 285 299 286
f 194 362 364
f 194 363 362
f 362 361 365
f 366 365 367
f 366 367 368
f 368 369 370
f 364 362 365
f 364 365 366
f 324 371 372
f 324 372 373
f 363 359 360
f 361 360 374
f 367 375 376
f 367 376 377
f 369 377 207
f 369 207 378
f 208 210 211
f 211 210 219
f 212 219 222
f 374 360 379
f 374 379 380
f 377 376 381
f 377 381 207
f 226 225 228
f 334 230 231
f 334 231 256
f 365 361 374
f 365 374 367
f 368 367 377
f 368 377 369
f 372 378 335
f 372 335 382
f 203 199 194
f 203 194 297
f 326 364 371
f 329 373 333
f 329 333 332
f 324 328 325
f 297 204 203
f 196 363 194
f 371 368 370
f 371 370 372
f 373 372 382
f 373 382 333
f 368 371 366
f 366 371 364
f 364 297 194
f 222 332 212
f 212 332 213
f 208 214 382
f 208 382 335
f 375 367 374
f 374 380 375
f 378 207 223
f 378 223 335
f 335 223 224
f 335 224 209
f 209 224 226
f 216 226 228
f 216 228 217
f 217 228 230
f 217 230 334
f 220 334 256
f 332 330 329
f 373 329 328
f 373 328 324
f 371 324 326
f 364 326 297
f 326 325 297
f 193 192 285
f 193 285 284
f 348 284 287
f 348 287 293
f 349 293 292
f 349 292 350
f 350 292 321
f 383 180 179
f 358 357 180
f 379 359 358
f 383 358 180
f 383 384 358
f 358 384 385
f 358 385 380
f 358 380 379
f 181 386 387
f 181 387 179
f 388 181 389
f 181 388 390
f 391 392 393
f 394 393 392
f 393 394 395
f 388 389 396
f 396 389 395
f 384 383 397
f 397 383 179
f 397 179 387
f 398 387 386
f 398 386 390
f 396 395 399
f 399 395 394
f 399 394 400
f 400 394 401
f 401 394 392
f 340 339 402
f 392 391 402
f 402 391 340
f 403 397 387
f 403 387 398
f 404 380 385
f 404 385 405
f 405 385 384
f 405 384 406
f 406 384 397
f 406 397 407
f 407 397 403
f 403 398 408
f 408 398 390
f 408 390 409
f 410 409 396
f 410 396 411
f 411 396 412
f 412 396 399
f 412 399 413
f 413 399 400
f 413 400 414
f 414 400 401
f 414 401 415
f 351 416 415
f 342 345 417
f 415 416 414
f 409 410 418
f 409 418 408
f 403 408 419
f 403 419 407
f 417 345 351
f 417 351 415
f 386 181 390
f 390 388 409
f 409 388 396
f 415 401 392
f 415 392 417
f 417 392 402
f 417 402 342
f 342 402 339
f 214 213 333
f 214 333 382
f 378 372 370
f 378 370 369
f 319 282 237
f 319 237 239
f 319 239 302
f 300 303 288
f 288 303 352
f 288 352 289
f 289 352 321
f 290 289 310
f 290 310 308
f 182 320 314
f 182 314 183
f 183 314 322
f 345 350 351
f 414 416 420
f 414 420 413
f 413 420 421
f 413 421 412
f 412 421 422
f 412 422 411
f 411 422 356
f 411 356 410
f 410 356 241
f 410 241 418
f 408 418 235
f 408 235 419
f 407 419 423
f 407 423 406
f 406 423 283
f 406 283 405
f 405 283 424
f 405 424 404
f 404 424 381
f 360 359 379
f 375 380 404
f 375 404 376
f 376 404 381
f 207 381 205
f 205 381 424
f 205 424 283
f 253 283 423
f 253 423 190
f 190 423 419
f 190 419 235
f 240 235 418
f 240 418 241
f 355 356 422
f 355 422 354
f 354 422 421
f 354 421 353
f 353 421 420
f 353 420 416
f 353 416 352
f 352 416 351
f 425 426 427
f 428 429 430
f 431 432 433
f 434 435 436
f 435 434 437
f 437 434 438
f 435 439 436
f 440 441 442
f 440 442 439
f 443 444 441
f 445 446 447
f 448 446 449
f 449 446 445
f 448 450 446
f 433 450 448
f 450 433 432
f 451 452 453
f 454 455 428
f 428 456 454
f 425 454 456
f 425 427 454
f 427 426 437
f 437 438 457
f 452 451 458
f 459 460 461
f 461 460 440
f 453 462 451
f 451 463 464
f 465 466 460
f 465 460 459
f 465 459 464
f 464 459 458
f 464 458 451
f 440 460 443
f 443 460 466
f 451 462 463
f 463 467 464
f 464 467 468
f 464 468 465
f 465 468 469
f 465 469 466
f 462 431 463
f 463 431 467
f 466 469 445
f 466 445 443
f 467 433 468
f 468 433 448
f 468 448 469
f 469 448 449
f 469 449 445
f 443 445 447
f 433 467 431
f 443 441 440
f 439 435 440
f 456 428 430
f 435 437 426
f 470 425 430
f 426 425 470
f 461 440 435
f 471 472 470
f 471 470 473
f 461 435 426
f 461 426 472
f 472 426 470
f 473 470 430
f 473 430 429
f 425 456 430
f 429 453 473
f 473 453 452
f 473 452 471
f 471 452 458
f 471 458 472
f 472 458 459
f 472 459 461
f 443 447 474
f 443 474 444
f 475 476 477
f 478 479 480
f 481 482 483
f 484 485 486
f 485 487 488
f 484 486 489
f 489 486 490
f 491 492 493
f 494 495 492
f 494 492 491
f 494 496 495
f 497 496 494
f 498 482 499
f 499 482 500
f 481 501 479
f 502 478 476
f 502 476 475
f 477 503 475
f 504 505 503
f 504 503 477
f 506 505 507
f 508 509 510
f 487 511 488
f 488 511 512
f 512 509 513
f 514 513 515
f 514 515 516
f 517 518 501
f 517 501 483
f 501 481 483
f 519 479 501
f 519 501 520
f 521 522 515
f 521 515 513
f 520 501 518
f 520 518 522
f 522 518 516
f 522 516 515
f 513 488 512
f 480 479 519
f 480 519 523
f 523 519 520
f 523 520 524
f 524 520 522
f 524 522 521
f 508 521 513
f 507 524 521
f 508 513 509
f 505 504 507
f 476 478 480
f 476 480 477
f 477 480 523
f 477 523 504
f 504 523 524
f 504 524 507
f 507 521 508
f 507 508 506
f 508 510 506
f 506 510 525
f 499 494 526
f 526 494 491
f 526 491 493
f 494 499 500
f 494 500 497
f 483 482 498
f 483 498 517
f 517 498 527
f 517 527 528
f 528 527 526
f 499 526 527
f 499 527 498
f 492 486 493
f 486 485 488
f 514 526 493
f 514 493 488
f 528 526 514
f 486 488 493
f 518 517 528
f 518 528 516
f 516 528 514
f 513 514 488
f 529 530 531
f 532 533 534
f 531 533 535
f 536 537 535
f 531 535 537
f 534 533 531
f 538 532 534
f 538 534 539
f 540 534 541
f 539 534 540
f 539 540 542
f 542 540 543
f 542 543 544
f 542 544 545
f 546 547 544
f 544 547 545
f 531 537 529
f 548 549 550
f 550 549 536
f 536 549 537
f 490 551 489
f 551 490 552
f 551 552 553
f 553 552 554
f 554 552 555
f 554 555 556
f 556 555 557
f 556 557 558
f 558 557 559
f 558 559 560
f 560 559 561
f 560 561 548
f 548 561 549
f 539 562 538
f 562 539 563
f 562 563 564
f 564 563 565
f 564 565 566
f 566 565 567
f 566 567 568
f 568 567 569
f 570 571 568
f 570 572 571
f 570 573 572
f 572 573 574
f 574 573 575
f 575 573 512
f 575 512 511
f 510 509 576
f 510 576 525
f 525 576 577
f 525 577 578
f 578 577 579
f 578 579 580
f 580 581 582
f 582 581 583
f 582 583 584
f 582 584 547
f 547 584 545
f 542 545 584
f 542 584 585
f 585 584 583
f 569 580 579
f 579 577 586
f 586 577 576
f 586 576 587
f 587 576 509
f 542 585 588
f 588 585 583
f 588 583 565
f 565 583 581
f 565 581 567
f 567 581 580
f 567 580 569
f 569 579 570
f 570 579 586
f 570 586 589
f 589 586 587
f 589 587 590
f 590 587 509
f 509 512 590
f 590 512 573
f 590 573 589
f 589 573 570
f 570 568 569
f 565 563 588
f 588 563 539
f 588 539 542
f 457 438 591
f 591 438 592
f 593 594 595
f 530 529 593
f 593 529 594
f 595 594 596
f 595 596 597
f 597 596 598
f 591 592 599
f 591 599 600
f 600 599 601
f 601 599 602
f 601 602 603
f 603 602 604
f 603 604 605
f 605 604 598
f 605 598 596
f 544 606 546
f 546 606 607
f 607 606 608
f 607 608 609
f 607 609 610
f 610 611 612
f 612 611 613
f 612 613 474
f 474 613 444
f 614 441 444
f 615 616 617
f 617 616 618
f 617 618 619
f 619 618 620
f 619 620 621
f 621 620 622
f 621 622 623
f 623 622 624
f 623 624 625
f 623 625 626
f 626 625 627
f 627 625 628
f 627 628 541
f 541 628 540
f 544 543 606
f 606 543 629
f 606 629 608
f 608 629 625
f 608 625 609
f 609 625 624
f 609 624 610
f 610 624 622
f 610 622 611
f 611 622 620
f 611 620 613
f 613 620 630
f 613 630 444
f 444 630 614
f 442 441 615
f 615 441 616
f 616 441 614
f 616 614 630
f 616 630 618
f 618 630 620
f 625 629 628
f 628 629 543
f 628 543 540
f 631 632 633
f 634 635 636
f 637 633 638
f 636 639 634
f 633 637 631
f 640 641 642
f 640 643 644
f 645 646 644
f 644 646 640
f 647 643 648
f 648 643 640
f 648 640 649
f 649 640 642
f 650 631 651
f 648 652 647
f 652 648 653
f 654 655 645
f 645 655 646
f 654 656 655
f 657 658 659
f 631 650 660
f 631 660 632
f 652 653 661
f 652 661 662
f 662 661 663
f 662 663 657
f 662 657 664
f 664 657 659
f 665 666 667
f 665 667 668
f 659 669 664
f 667 632 668
f 670 671 672
f 669 659 654
f 654 659 673
f 674 675 676
f 660 668 632
f 675 674 677
f 675 677 665
f 665 677 678
f 665 678 666
f 659 658 679
f 659 679 680
f 680 679 674
f 673 681 654
f 654 681 656
f 682 683 636
f 639 684 670
f 685 651 631
f 674 676 680
f 656 681 682
f 656 682 636
f 672 671 686
f 686 671 680
f 686 680 676
f 683 684 636
f 636 684 639
f 672 687 688
f 672 688 670
f 670 688 639
f 651 685 672
f 672 685 689
f 672 689 687
f 690 691 692
f 693 694 695
f 693 695 696
f 697 636 635
f 698 638 633
f 698 699 637
f 699 631 637
f 698 637 638
f 700 701 702
f 703 704 705
f 705 704 706
f 705 706 707
f 708 709 710
f 710 711 712
f 713 714 715
f 715 714 716
f 717 714 713
f 718 719 717
f 720 719 718
f 720 721 719
f 722 721 720
f 722 723 721
f 724 723 722
f 701 725 724
f 724 725 723
f 726 727 728
f 728 727 729
f 728 729 730
f 730 729 731
f 732 733 734
f 732 734 735
f 735 734 736
f 735 736 737
f 735 737 738
f 738 737 739
f 738 739 740
f 731 729 741
f 731 741 742
f 731 742 733
f 733 742 734
f 727 743 744
f 727 744 729
f 729 744 741
f 744 745 741
f 741 745 746
f 741 746 742
f 742 746 734
f 739 737 747
f 748 747 737
f 748 737 736
f 736 734 749
f 749 734 746
f 750 745 744
f 750 744 700
f 700 744 743
f 700 702 750
f 750 702 745
f 745 702 751
f 745 751 746
f 746 751 720
f 746 720 749
f 749 720 718
f 749 718 736
f 748 713 747
f 747 713 715
f 702 701 724
f 702 724 722
f 702 722 751
f 751 722 720
f 736 718 717
f 736 717 748
f 748 717 713
f 712 711 752
f 712 752 735
f 735 752 753
f 753 752 754
f 753 754 755
f 707 706 756
f 707 756 754
f 754 756 755
f 757 758 759
f 759 758 760
f 759 760 761
f 761 760 762
f 762 760 763
f 762 763 755
f 755 763 732
f 755 732 753
f 753 732 735
f 708 712 764
f 703 757 704
f 704 757 759
f 704 759 706
f 706 759 761
f 706 761 762
f 706 762 756
f 756 762 755
f 710 712 708
f 758 726 728
f 758 728 760
f 760 728 730
f 760 730 763
f 763 730 731
f 763 731 733
f 763 733 732
f 735 738 712
f 712 738 764
f 764 738 740
f 694 765 766
f 693 765 694
f 766 695 694
f 765 693 696
f 692 767 768
f 768 690 692
f 767 692 691
f 640 769 641
f 649 642 770
f 770 642 641
f 770 641 769
f 771 772 773
f 774 775 776
f 777 778 779
f 780 781 777
f 777 781 778
f 782 783 784
f 783 785 784
f 784 785 786
f 786 785 787
f 788 789 790
f 791 792 790
f 791 790 789
f 793 794 791
f 791 794 792
f 793 795 794
f 776 796 797
f 796 776 775
f 798 799 800
f 798 800 801
f 801 800 802
f 801 802 803
f 771 773 804
f 804 773 805
f 804 805 806
f 806 805 807
f 806 807 808
f 808 807 803
f 803 807 809
f 803 809 801
f 799 798 810
f 801 809 811
f 801 811 798
f 798 811 812
f 798 812 810
f 772 774 773
f 807 813 809
f 809 813 814
f 809 814 811
f 812 811 815
f 812 815 810
f 788 815 816
f 816 815 811
f 816 811 814
f 817 813 807
f 817 807 805
f 818 805 773
f 818 773 774
f 774 776 818
f 813 817 819
f 813 819 814
f 814 819 816
f 816 819 820
f 816 820 788
f 818 776 797
f 818 797 805
f 805 797 795
f 805 795 817
f 817 795 793
f 817 793 819
f 819 793 791
f 819 791 820
f 820 791 789
f 820 789 788
f 821 822 823
f 823 822 780
f 822 821 824
f 822 824 782
f 782 824 783
f 825 826 777
f 777 826 804
f 777 804 780
f 780 804 823
f 823 804 806
f 823 806 821
f 821 806 827
f 821 827 824
f 824 827 828
f 824 828 829
f 829 828 830
f 829 830 831
f 831 830 832
f 831 832 787
f 779 825 777
f 783 824 829
f 783 829 785
f 785 829 831
f 785 831 787
f 804 826 771
f 806 808 827
f 827 808 803
f 827 803 828
f 828 803 802
f 828 802 830
f 830 802 800
f 830 800 832
f 832 800 799
f 833 666 834
f 834 666 678
f 834 678 835
f 835 678 677
f 835 677 836
f 836 677 674
f 836 674 837
f 837 674 679
f 837 679 838
f 838 679 658
f 838 658 839
f 839 658 657
f 839 657 840
f 840 657 663
f 840 663 841
f 841 663 661
f 841 661 842
f 843 634 639
f 685 631 844
f 685 844 845
f 685 845 846
f 685 846 689
f 689 846 687
f 687 846 847
f 687 847 688
f 688 847 848
f 688 848 639
f 639 848 843
f 697 849 850
f 636 697 850
f 636 850 656
f 656 850 851
f 656 851 655
f 655 851 852
f 655 852 646
f 646 852 853
f 646 853 640
f 640 853 854
f 855 856 857
f 857 856 858
f 859 856 855
f 860 861 862
f 863 864 865
f 866 867 868
f 868 864 866
f 869 870 867
f 871 872 870
f 870 872 873
f 874 825 779
f 874 779 873
f 771 826 875
f 771 876 772
f 877 772 876
f 788 775 878
f 879 787 880
f 787 879 881
f 787 881 786
f 880 787 832
f 880 832 799
f 880 799 882
f 799 810 882
f 810 883 882
f 883 810 815
f 878 884 788
f 788 884 885
f 788 885 883
f 788 883 815
f 886 887 878
f 886 888 887
f 886 889 888
f 888 889 890
f 890 889 891
f 892 893 894
f 892 895 896
f 896 895 897
f 896 897 898
f 898 897 899
f 898 899 900
f 898 900 859
f 859 900 856
f 861 901 902
f 895 892 903
f 903 892 894
f 861 860 904
f 904 860 905
f 904 905 906
f 906 905 907
f 906 907 903
f 903 907 895
f 901 861 904
f 908 909 910
f 908 910 911
f 912 913 914
f 914 913 915
f 901 912 914
f 901 914 902
f 908 915 913
f 916 912 901
f 908 913 909
f 909 913 912
f 909 912 917
f 917 912 916
f 918 910 909
f 919 909 917
f 920 921 919
f 876 875 910
f 876 910 877
f 877 910 918
f 917 916 920
f 920 916 922
f 923 921 924
f 877 918 923
f 877 923 925
f 925 923 924
f 925 924 926
f 921 923 919
f 886 926 924
f 886 924 921
f 886 921 889
f 889 921 920
f 889 920 891
f 891 920 922
f 878 926 886
f 772 877 925
f 772 925 774
f 774 925 926
f 774 926 775
f 775 926 878
f 878 887 884
f 871 927 928
f 872 928 929
f 874 929 930
f 928 927 931
f 928 931 929
f 874 930 932
f 927 933 934
f 927 934 931
f 929 931 935
f 929 935 930
f 930 911 932
f 825 932 826
f 931 934 915
f 931 915 935
f 930 935 911
f 932 911 875
f 872 871 928
f 873 872 929
f 873 929 874
f 825 874 932
f 826 932 875
f 771 875 876
f 918 909 923
f 923 909 919
f 919 917 920
f 933 902 934
f 934 902 914
f 934 914 915
f 935 915 908
f 935 908 911
f 911 910 875
f 936 869 866
f 866 869 867
f 861 902 862
f 862 902 933
f 862 933 863
f 863 933 936
f 863 936 866
f 860 862 865
f 865 862 863
f 863 866 864
f 870 869 871
f 871 869 927
f 927 869 936
f 927 936 933
f 901 904 916
f 916 904 906
f 916 906 922
f 922 906 903
f 922 903 891
f 891 903 894
f 891 894 890
f 703 937 757
f 757 937 938
f 757 938 758
f 939 726 758
f 939 758 938
f 726 939 727
f 727 939 940
f 743 727 940
f 940 941 743
f 743 941 942
f 743 942 700
f 715 701 943
f 747 715 944
f 944 945 747
f 747 945 946
f 747 946 947
f 747 947 739
f 764 740 948
f 764 948 949
f 764 949 708
f 949 709 708
f 950 709 949
f 951 952 953
f 954 955 952
f 954 956 955
f 955 956 957
f 958 959 960
f 958 960 961
f 961 960 962
f 961 962 963
f 961 963 964
f 964 963 965
f 964 965 966
f 966 965 967
f 968 969 970
f 715 943 971
f 943 701 942
f 942 701 700
f 972 947 973
f 973 947 974
f 960 975 976
f 960 976 962
f 962 976 977
f 971 944 715
f 967 965 978
f 978 965 979
f 962 977 979
f 979 977 978
f 978 970 967
f 739 947 980
f 739 980 740
f 740 980 948
f 981 972 973
f 981 973 982
f 982 973 983
f 983 973 984
f 985 986 987
f 987 986 988
f 987 988 989
f 989 988 972
f 989 972 981
f 973 974 984
f 984 974 990
f 984 990 991
f 991 990 992
f 991 992 993
f 993 992 969
f 950 949 985
f 985 949 986
f 986 949 948
f 986 948 988
f 988 948 980
f 988 980 972
f 972 980 947
f 947 946 974
f 974 946 945
f 974 945 990
f 990 945 992
f 992 945 944
f 992 944 971
f 992 971 969
f 994 995 983
f 983 995 996
f 983 996 982
f 982 996 981
f 951 953 950
f 977 976 995
f 995 976 975
f 995 975 996
f 996 975 997
f 951 998 999
f 999 998 1000
f 999 1000 1001
f 1001 1000 981
f 1001 981 997
f 997 981 996
f 995 994 977
f 977 994 968
f 977 968 978
f 978 968 970
f 1002 997 1003
f 1003 997 959
f 959 997 975
f 959 975 960
f 954 952 951
f 954 951 999
f 954 999 1002
f 1002 999 1001
f 1002 1001 997
f 950 985 951
f 951 985 987
f 951 987 998
f 998 987 989
f 998 989 1000
f 1000 989 981
f 983 984 991
f 983 991 994
f 994 991 993
f 994 993 968
f 968 993 969
f 1003 959 1004
f 959 958 1004
f 1003 1004 1005
f 1005 1004 956
f 1005 956 954
f 1005 954 1002
f 1005 1002 1003
f 963 962 979
f 963 979 965
f 1006 1007 1008
f 1006 1008 1009
f 1010 1011 1006
f 1006 1011 1007
f 1012 1013 1010
f 1010 1013 1011
f 1013 1012 1014
f 1013 1014 1015
f 1015 1014 1016
f 1016 1014 1017
f 1016 1017 1018
f 1018 1017 1019
f 1019 1017 1020
f 1021 1022 1023
f 1023 855 857
f 1024 898 859
f 896 898 1025
f 957 956 1026
f 957 1026 1027
f 1027 1028 1029
f 1030 1031 1032
f 1032 1031 1033
f 1032 1033 1021
f 1021 1033 1022
f 964 966 1034
f 1034 966 1035
f 1034 1035 1036
f 1036 1035 1037
f 1037 1035 1038
f 1037 1038 1039
f 1039 1038 1040
f 1039 1040 1041
f 1041 1040 893
f 1041 893 892
f 1036 1037 1042
f 1042 1037 1039
f 1042 1039 1043
f 1043 1039 1041
f 1043 1041 1044
f 1044 1041 892
f 1044 892 896
f 1025 898 1045
f 1025 1045 1046
f 1025 1046 1047
f 1047 1046 1048
f 1047 1048 1049
f 1049 1048 1050
f 1049 1050 1051
f 1051 1050 1052
f 1051 1052 1053
f 898 1024 1045
f 1045 1024 1054
f 1045 1054 1046
f 1046 1054 1055
f 1046 1055 1048
f 1048 1055 1050
f 1050 1055 1056
f 1050 1056 1052
f 1052 1056 1057
f 1052 1057 1053
f 1053 1057 1026
f 1053 1026 1034
f 1034 1026 961
f 961 1026 958
f 1024 859 1058
f 1024 1058 1054
f 1054 1058 1059
f 1054 1059 1055
f 1055 1059 1060
f 1055 1060 1056
f 1026 1004 958
f 859 855 1061
f 859 1061 1058
f 1060 1062 1056
f 1056 1062 1063
f 1056 1063 1057
f 1057 1063 1028
f 1057 1028 1026
f 956 1004 1026
f 1062 1060 1031
f 1031 1060 1059
f 1031 1059 1033
f 1033 1059 1058
f 1033 1058 1022
f 1022 1058 1061
f 855 1023 1061
f 1061 1023 1022
f 1031 1030 1062
f 1062 1030 1063
f 1063 1030 1029
f 1063 1029 1028
f 1028 1027 1026
f 896 1025 1044
f 1044 1025 1047
f 1044 1047 1049
f 1044 1049 1043
f 1043 1049 1042
f 1042 1049 1051
f 1042 1051 1053
f 1042 1053 1036
f 1036 1053 1034
f 1034 961 964
f 1064 1065 1066
f 939 1066 940
f 1067 943 942
f 941 1068 942
f 942 1068 1067
f 1066 1069 1068
f 1068 1070 1067
f 940 1066 1068
f 940 1068 941
f 1069 1071 1068
f 1068 1071 1072
f 1068 1072 1070
f 1070 1073 1067
f 1069 1074 1071
f 1074 1075 1071
f 1071 1075 1076
f 1071 1076 1072
f 1072 1076 1077
f 1072 1077 1070
f 1074 1078 1075
f 1077 1073 1070
f 1079 1080 1081
f 1079 1081 1082
f 1083 1084 1085
f 1075 1086 1076
f 1076 1086 1087
f 1076 1087 1077
f 1077 1087 1083
f 1084 1083 1087
f 1088 1075 1078
f 1088 1086 1075
f 1089 1079 1090
f 1090 1079 1082
f 1090 1082 1013
f 1078 1081 1080
f 1086 1088 1089
f 1086 1089 1091
f 1089 1088 1080
f 1087 1086 1091
f 1087 1091 1084
f 1090 1013 1015
f 1090 1015 1089
f 1089 1015 1016
f 1089 1016 1091
f 1018 1019 1085
f 1091 1016 1018
f 1018 1085 1084
f 1018 1084 1091
f 1079 1089 1080
f 1080 1088 1078
f 1092 1093 1094
f 1094 1093 1095
f 1008 1096 1097
f 1097 1096 1093
f 1097 1093 1092
f 1094 1098 1099
f 1065 1099 1100
f 1094 1095 1098
f 1007 1011 1096
f 1096 1011 1101
f 1096 1101 1102
f 1102 1101 1103
f 1103 1101 1104
f 1103 1104 1105
f 1105 1104 1106
f 1105 1106 1098
f 1098 1106 1107
f 1098 1107 1100
f 1065 1100 1069
f 1065 1069 1066
f 938 1066 939
f 1008 1007 1096
f 1096 1102 1093
f 1093 1102 1103
f 1093 1103 1095
f 1095 1103 1105
f 1095 1105 1098
f 1099 1098 1100
f 1064 1066 938
f 1064 938 937
f 1077 1083 1073
f 1011 1013 1101
f 1101 1013 1082
f 1101 1082 1104
f 1104 1082 1081
f 1104 1081 1106
f 1106 1081 1078
f 1106 1078 1074
f 1106 1074 1107
f 1107 1074 1069
f 1107 1069 1100
f 1108 1109 1110
f 482 481 1111
f 1112 1113 1114
f 1114 1006 1009
f 1017 1115 1020
f 478 502 1108
f 1116 478 1108
f 1014 1115 1017
f 1012 1117 1014
f 1014 1117 1115
f 1012 1118 1117
f 1117 1119 1115
f 1120 1115 1119
f 1120 1121 1115
f 1115 1121 1020
f 1120 1122 1121
f 1123 1124 1120
f 1118 1125 1126
f 1126 1123 1119
f 1119 1123 1120
f 1124 1127 1120
f 1120 1127 1122
f 1125 1128 1129
f 1129 1130 1123
f 1123 1130 1124
f 1125 1129 1126
f 1126 1129 1123
f 1118 1126 1117
f 1117 1126 1119
f 1128 1131 1132
f 1131 1111 1133
f 481 479 1134
f 1128 1132 1135
f 1135 1132 1136
f 1135 1136 1130
f 1130 1136 1137
f 1128 1135 1129
f 1129 1135 1130
f 1130 1137 1124
f 1124 1137 1127
f 1127 1137 1109
f 1131 1133 1132
f 1132 1133 1138
f 1132 1138 1136
f 1136 1138 1139
f 1136 1139 1137
f 1137 1139 1110
f 1137 1110 1109
f 1110 1116 1108
f 1111 481 1133
f 1133 481 1134
f 1133 1134 1138
f 1138 1134 1139
f 1139 1134 1116
f 1139 1116 1110
f 479 478 1134
f 1134 478 1116
f 1140 1141 1142
f 1140 1143 1141
f 1140 1144 1143
f 1143 1144 1145
f 1145 1144 500
f 500 1144 497
f 1146 1147 1112
f 1112 1147 1113
f 1146 1142 1148
f 1146 1148 1147
f 500 482 1145
f 1143 1145 1149
f 1143 1149 1141
f 1141 1149 1150
f 1141 1150 1148
f 1148 1150 1151
f 1148 1151 1147
f 1147 1151 1152
f 1147 1152 1113
f 1113 1152 1153
f 1113 1153 1006
f 1006 1153 1010
f 1142 1141 1148
f 1114 1113 1006
f 1127 1109 1122
f 1145 482 1111
f 1145 1111 1149
f 1149 1111 1131
f 1149 1131 1150
f 1150 1131 1128
f 1150 1128 1151
f 1151 1128 1125
f 1151 1125 1152
f 1152 1125 1118
f 1152 1118 1153
f 1153 1118 1012
f 1153 1012 1010
f 856 900 1154
f 1155 1156 856
f 856 1156 858
f 1157 1158 1159
f 1157 864 868
f 860 865 1159
f 1160 905 860
f 1161 1162 1163
f 1163 1164 1165
f 1165 1164 1166
f 1165 1166 1167
f 1167 1166 1168
f 1167 1168 1169
f 1169 1168 1170
f 895 1171 1170
f 1170 1171 1169
f 1172 1158 1173
f 1172 1173 1174
f 1172 1174 1175
f 1175 1174 1176
f 1176 1174 1177
f 1176 1177 1178
f 1178 1177 1179
f 1178 1179 1155
f 1155 1179 1156
f 860 1159 1160
f 1160 1159 1180
f 1180 1159 1181
f 1180 1181 1182
f 1182 1181 1183
f 1182 1183 1184
f 1182 1184 1185
f 1185 1184 1186
f 1185 1186 1187
f 1187 1186 1188
f 1187 1188 1189
f 1189 1188 900
f 1189 900 899
f 865 864 1159
f 1181 1190 1183
f 1183 1190 1191
f 1183 1191 1184
f 1184 1191 1192
f 1184 1192 1186
f 1186 1192 1154
f 1186 1154 1188
f 1188 1154 900
f 1160 1180 1193
f 1193 1180 1182
f 1193 1182 1194
f 1194 1182 1185
f 1194 1185 1195
f 1195 1185 1187
f 1195 1187 1196
f 1196 1187 1189
f 1196 1189 1197
f 1197 1189 899
f 1197 899 897
f 1159 1158 1172
f 1159 1172 1181
f 1181 1172 1175
f 1181 1175 1190
f 1190 1175 1176
f 1190 1176 1191
f 1191 1176 1198
f 1191 1198 1192
f 1192 1198 1199
f 1192 1199 1154
f 1154 1199 856
f 907 905 1160
f 1195 1196 1200
f 1200 1196 1197
f 1200 1197 1201
f 1201 1197 897
f 1201 897 895
f 864 1157 1159
f 1198 1176 1178
f 1198 1178 1199
f 1199 1178 1155
f 1199 1155 856
f 1162 907 1160
f 1164 1160 1193
f 1164 1193 1202
f 1202 1193 1194
f 1202 1194 1203
f 1203 1194 1195
f 1203 1195 1200
f 895 1170 1201
f 1201 1170 1200
f 1200 1170 1168
f 1200 1168 1203
f 1203 1168 1166
f 1203 1166 1202
f 1202 1166 1164
f 1160 1164 1163
f 1160 1163 1162
f 1204 1205 1206
f 1207 1204 1206
f 1207 1208 1204
f 1208 1207 1209
f 1027 1029 1021
f 1021 1029 1032
f 1032 1029 1030
f 1158 1179 1173
f 1177 1174 1179
f 1179 1174 1173
f 784 781 780
f 784 780 822
f 784 822 782
f 1210 1211 1212
f 1212 1211 1213
f 1211 1214 1213
f 1215 1216 1217
f 1218 1216 1215
f 1219 1218 1215
f 594 600 596
f 596 600 601
f 596 601 603
f 596 603 605
f 561 559 552
f 552 559 555
f 555 559 557
f 1112 1144 1140
f 1112 1140 1142
f 1142 1146 1112
f 1099 1065 1097
f 1094 1097 1092
f 1094 1099 1097
f 752 711 705
f 707 754 705
f 705 754 752
f 1220 1221 1222
f 1220 1222 1223
f 1223 1222 1224
f 1223 1224 1225
f 330 332 1226
f 1226 332 1227
f 1228 330 1226
f 1228 331 330
f 1229 322 323
f 1229 183 322
f 183 1229 1230
f 1229 323 298
f 1229 298 1228
f 1228 298 331
f 1230 184 183
f 1231 275 1232
f 1233 266 1231
f 266 1233 267
f 266 275 1231
f 186 1232 275
f 1234 258 257
f 258 1234 256
f 256 1234 1235
f 222 221 1236
f 186 185 1232
f 1232 185 1230
f 1230 185 184
f 1234 257 267
f 1234 267 1233
f 256 1235 220
f 220 1235 1236
f 221 220 1236
f 1227 332 222
f 1227 222 1236
f 1237 1238 340
f 1239 1240 1241
f 1237 340 1241
f 1241 340 391
f 1241 393 395
f 1241 391 393
f 1241 1240 1237
f 180 1242 181
f 181 1242 1243
f 1241 395 1239
f 1239 395 389
f 1239 389 1243
f 1243 1244 1239
f 1245 1244 180
f 180 1244 1243
f 180 1243 1242
f 1243 389 181
f 1245 180 1246
f 1246 180 1209
f 1209 180 357
f 1205 1247 1209
f 196 1248 1247
f 196 1247 1205
f 196 1205 363
f 1209 1247 1246
f 359 1204 1208
f 1209 357 1208
f 1208 357 359
f 1205 1204 363
f 363 1204 359
f 1225 1248 1221
f 1224 340 1225
f 1225 340 1249
f 1249 340 1238
f 1225 1249 1248
f 1248 196 202
f 1248 202 1221
f 1221 202 336
f 1221 336 1222
f 1222 336 338
f 1222 338 1224
f 1224 338 340
f 1250 1251 1252
f 1252 1251 1253
f 1253 1251 1254
f 1253 1254 1255
f 1255 1254 1256
f 1255 1256 1257
f 1257 1256 1258
f 1257 1258 1259
f 1259 1258 1260
f 1259 1260 1261
f 1262 1263 1261
f 1262 1261 1260
f 1264 1210 1265
f 1265 1210 1266
f 1265 1266 879
f 879 1266 881
f 1212 1267 1268
f 1268 1251 1250
f 1256 1254 1269
f 1270 1271 1272
f 1272 1271 1273
f 1272 1273 1269
f 1271 1274 1273
f 1273 1274 1275
f 1256 1275 1258
f 1269 1273 1275
f 1269 1275 1256
f 1275 1274 1276
f 1275 1276 1258
f 1274 1277 1276
f 1258 1276 1260
f 1262 1260 1278
f 1277 1279 1276
f 1276 1279 1278
f 1276 1278 1260
f 1280 1279 1281
f 1281 1279 1277
f 1270 1282 1271
f 1271 1282 1283
f 1271 1283 1284
f 1271 1284 1274
f 1274 1284 1277
f 1279 1280 1285
f 1279 1285 1278
f 1278 1285 1262
f 1286 1287 1288
f 1287 1265 1289
f 1287 1289 1288
f 1288 1289 1290
f 1291 1290 1292
f 1283 1291 1284
f 1286 1288 1282
f 1282 1288 1283
f 1283 1288 1291
f 1293 1292 1281
f 1281 1292 1294
f 1284 1291 1293
f 1288 1290 1291
f 1292 1295 1294
f 1296 1295 1292
f 1291 1292 1293
f 1289 1296 1290
f 882 883 1296
f 1296 885 884
f 1296 883 885
f 1265 882 1289
f 1289 882 1296
f 1296 884 1295
f 1290 1296 1292
f 1211 1297 1298
f 1211 1298 1214
f 1297 1211 1264
f 1264 1211 1210
f 1213 1299 1212
f 1212 1299 1267
f 1298 1300 1214
f 1214 1300 1213
f 1213 1300 1299
f 879 880 1265
f 1264 1265 1287
f 1264 1287 1297
f 1297 1287 1301
f 1297 1301 1298
f 1298 1301 1302
f 1298 1302 1300
f 1300 1302 1299
f 1299 1302 1303
f 1299 1303 1267
f 1267 1303 1251
f 1251 1303 1254
f 1268 1267 1251
f 1284 1293 1277
f 1277 1293 1281
f 1281 1294 1280
f 880 882 1265
f 1301 1287 1286
f 1301 1286 1302
f 1302 1286 1282
f 1302 1282 1270
f 1302 1270 1303
f 1303 1270 1272
f 1303 1272 1269
f 1303 1269 1254
f 701 715 716
f 701 716 725
f 1161 1171 895
f 1162 1161 895
f 1162 895 907
f 796 775 788
f 796 788 790
f 1304 1305 1306
f 1219 1215 1307
f 1307 1215 1308
f 1308 1215 1252
f 1309 462 453
f 1310 432 431
f 1311 1257 1259
f 1312 1255 1313
f 1313 1255 1257
f 462 1309 1314
f 462 1314 431
f 431 1314 1310
f 1310 1315 432
f 1314 1316 1317
f 1314 1317 1310
f 1317 1315 1310
f 453 1318 1319
f 453 1319 1309
f 1309 1316 1314
f 1320 1321 1316
f 1316 1321 1322
f 1316 1322 1317
f 1317 1322 1323
f 1318 1304 1324
f 1318 1324 1319
f 1319 1320 1316
f 1317 1323 1315
f 1304 1306 1324
f 1320 1325 1321
f 1321 1326 1322
f 1322 1326 1327
f 1322 1327 1323
f 1324 1325 1319
f 1319 1325 1320
f 1309 1319 1316
f 1328 1312 1329
f 1328 1329 1330
f 1330 1329 1331
f 1329 1332 1331
f 1331 1332 1333
f 1331 1333 1334
f 1334 1325 1331
f 1331 1325 1330
f 1330 1306 1328
f 1328 1306 1305
f 1333 1335 1334
f 1334 1335 1327
f 1329 1313 1332
f 1329 1312 1313
f 1332 1313 1311
f 1333 1311 1335
f 1332 1311 1333
f 1313 1257 1311
f 1311 1261 1263
f 1311 1259 1261
f 1311 1263 1335
f 1219 1336 1218
f 1218 1336 1337
f 1219 1307 1336
f 428 455 1338
f 1339 1338 1217
f 1339 1217 1340
f 1340 1217 1216
f 1340 1216 1341
f 1218 1337 1216
f 1216 1337 1341
f 1307 1308 1342
f 1307 1342 1336
f 1336 1342 1343
f 1336 1343 1337
f 1337 1343 1344
f 1337 1344 1341
f 1341 1344 1345
f 1341 1345 1340
f 1340 1345 1346
f 1340 1346 1339
f 1339 1346 429
f 1339 429 428
f 1252 1253 1308
f 1338 1339 428
f 1334 1327 1326
f 1306 1330 1324
f 1324 1330 1325
f 1325 1334 1321
f 1321 1334 1326
f 1253 1255 1308
f 1308 1255 1312
f 1308 1312 1342
f 1342 1312 1328
f 1342 1328 1343
f 1343 1328 1305
f 1343 1305 1344
f 1344 1305 1304
f 1344 1304 1345
f 1345 1304 1318
f 1345 1318 1346
f 1346 1318 453
f 1346 453 429
f 1239 1347 1348
f 1239 1348 1240
f 1347 1239 1244
f 1347 1244 1349
f 1349 1244 1350
f 1351 1352 1353
f 1244 1354 1350
f 1354 1355 1350
f 1356 1246 1357
f 1357 1246 1358
f 1245 1359 1360
f 1355 1353 1350
f 1350 1352 1361
f 1351 1353 1362
f 1363 1354 1244
f 1352 1350 1353
f 1364 1365 1350
f 1350 1365 1358
f 1366 1367 1364
f 1246 1356 1368
f 1360 1369 1245
f 1245 1369 1370
f 1350 1360 1366
f 1350 1366 1364
f 1365 1371 1358
f 1358 1371 1357
f 1372 1359 1245
f 1367 1246 1368
f 1367 1368 1364
f 1367 1372 1246
f 1350 1361 1360
f 1360 1361 1369
f 1246 1372 1245
f 1245 1363 1244
f 1362 1363 1245
f 1370 1351 1245
f 1245 1351 1362
f 1358 1246 1247
f 1358 1247 1373
f 1373 1247 1374
f 1248 1375 1374
f 1248 1374 1247
f 1375 1248 1376
f 1376 1248 1249
f 1376 1249 1377
f 1378 1379 1380
f 1378 1380 1381
f 1249 1382 1377
f 1383 1384 1377
f 1385 1386 1238
f 1377 1382 1387
f 1386 1384 1388
f 1388 1389 1386
f 1386 1389 1238
f 1249 1390 1382
f 1383 1377 1387
f 1383 1387 1391
f 1391 1392 1383
f 1383 1392 1393
f 1394 1390 1249
f 1377 1384 1386
f 1237 1381 1385
f 1237 1385 1238
f 1249 1395 1393
f 1392 1394 1393
f 1393 1394 1249
f 1378 1396 1379
f 1397 1237 1398
f 1237 1397 1399
f 1386 1379 1377
f 1377 1396 1400
f 1377 1400 1398
f 1377 1379 1396
f 1381 1237 1399
f 1381 1399 1378
f 1389 1395 1238
f 1238 1395 1249
f 1398 1400 1397
f 955 1401 952
f 952 1401 1402
f 952 1402 1403
f 952 1403 953
f 1158 1404 1179
f 1179 1404 1401
f 1179 1401 1021
f 1021 1401 1027
f 1158 1157 1404
f 1404 1157 867
f 955 957 1027
f 955 1027 1401
f 1179 1021 1023
f 1179 1023 1156
f 857 1156 1023
f 868 867 1157
f 857 858 1156
f 1404 870 1405
f 1404 867 870
f 784 786 1210
f 779 778 873
f 786 1266 1210
f 784 1406 781
f 781 1406 1407
f 870 873 781
f 781 873 778
f 1215 1212 1268
f 1215 1268 1252
f 1215 1217 1406
f 1212 1215 1406
f 1212 1406 1210
f 1210 1406 784
f 1407 1408 1409
f 1407 1409 781
f 781 1409 1410
f 1405 1411 1412
f 1413 1414 1415
f 1413 1415 454
f 1416 1417 1410
f 1410 1417 1418
f 786 881 1266
f 1405 1419 1420
f 1405 1420 1416
f 1407 1421 1408
f 1407 1422 1421
f 454 1415 1406
f 1416 1420 1417
f 1419 1405 1412
f 1419 1412 1423
f 1419 1423 781
f 1419 781 1424
f 781 1423 1425
f 870 1426 1405
f 1405 1426 1411
f 781 1425 870
f 1410 1418 1424
f 1410 1424 781
f 455 454 1338
f 870 1425 1426
f 1268 1250 1252
f 1405 1416 1421
f 1405 1421 1413
f 1413 1421 1422
f 1217 1338 1406
f 1406 1338 454
f 1422 1427 1413
f 1413 1427 1414
f 427 1428 454
f 454 1428 1429
f 1413 454 1429
f 1428 561 1430
f 1430 561 552
f 1430 552 492
f 427 591 600
f 427 600 1428
f 437 457 591
f 490 486 552
f 552 486 492
f 591 427 437
f 1428 600 594
f 1428 594 561
f 561 594 549
f 529 537 549
f 529 549 594
f 496 1431 1432
f 496 1432 495
f 495 1432 1430
f 495 1430 492
f 705 1433 1434
f 1435 953 1403
f 1431 1436 1437
f 953 1435 1438
f 496 497 1144
f 1433 705 1439
f 705 1434 703
f 705 711 1439
f 1439 711 1438
f 1439 1438 1440
f 1440 1441 1431
f 1403 1442 1435
f 953 1438 950
f 1443 1444 1097
f 1065 1445 1446
f 1144 1447 1448
f 1065 1449 1097
f 1097 1449 1443
f 703 1434 1445
f 703 1445 1065
f 1431 1441 1403
f 1403 1441 1442
f 1008 1097 1444
f 1008 1444 1447
f 1431 1450 1449
f 1431 1449 1451
f 1451 1449 1446
f 1446 1449 1065
f 1431 1451 1439
f 1431 1439 1440
f 710 950 711
f 711 950 1438
f 950 710 709
f 1065 1064 703
f 496 1452 1431
f 1431 1452 1436
f 1144 1112 1447
f 1447 1112 1114
f 1450 1431 1437
f 1450 1437 1453
f 1450 1453 1454
f 703 1064 937
f 1450 1454 1144
f 1450 1144 1448
f 1144 1454 1455
f 1144 1455 496
f 496 1455 1452
f 1447 1114 1008
f 1008 1114 1009
f 1398 1237 1456
f 1456 1237 1348
f 1348 1237 1240
f 1347 1401 1348
f 1348 1401 1457
f 1374 1430 1458
f 1458 1459 1374
f 1428 1375 1429
f 1456 1457 1460
f 1456 1460 1377
f 1377 1460 1413
f 1377 1413 1429
f 1377 1429 1375
f 1375 1428 1374
f 1374 1428 1430
f 1459 1458 1350
f 1350 1458 1403
f 1350 1403 1401
f 1401 1347 1350
f 1456 1348 1457
f 1444 1360 1359
f 1444 1359 1447
f 1447 1359 1372
f 1447 1372 1448
f 1448 1372 1367
f 1448 1367 1450
f 1450 1367 1366
f 1450 1366 1449
f 1449 1366 1360
f 1449 1360 1443
f 1443 1360 1444
f 1454 1364 1455
f 1455 1364 1368
f 1455 1368 1452
f 1452 1368 1356
f 1452 1356 1436
f 1436 1356 1357
f 1436 1357 1437
f 1437 1357 1371
f 1437 1371 1453
f 1453 1371 1365
f 1453 1365 1454
f 1454 1365 1364
f 1434 1352 1351
f 1434 1351 1445
f 1445 1351 1370
f 1445 1370 1446
f 1446 1370 1451
f 1451 1370 1369
f 1451 1369 1361
f 1451 1361 1439
f 1439 1361 1433
f 1433 1361 1352
f 1433 1352 1434
f 1435 1354 1438
f 1438 1354 1363
f 1438 1363 1440
f 1440 1363 1362
f 1440 1362 1441
f 1441 1362 1353
f 1441 1353 1442
f 1442 1353 1435
f 1435 1353 1355
f 1435 1355 1354
f 1389 1416 1410
f 1389 1410 1395
f 1395 1410 1409
f 1395 1409 1393
f 1393 1409 1408
f 1393 1408 1383
f 1383 1408 1421
f 1383 1421 1384
f 1384 1421 1416
f 1384 1416 1388
f 1388 1416 1389
f 1392 1407 1394
f 1394 1407 1406
f 1394 1406 1390
f 1390 1406 1415
f 1390 1415 1382
f 1382 1415 1414
f 1382 1414 1387
f 1387 1414 1427
f 1387 1427 1391
f 1391 1427 1422
f 1391 1422 1392
f 1392 1422 1407
f 1381 1419 1424
f 1381 1424 1385
f 1385 1424 1418
f 1385 1418 1386
f 1386 1418 1417
f 1386 1417 1379
f 1379 1417 1420
f 1379 1420 1380
f 1380 1420 1419
f 1380 1419 1381
f 1397 1426 1399
f 1399 1426 1425
f 1399 1425 1378
f 1378 1425 1423
f 1378 1423 1396
f 1396 1423 1412
f 1396 1412 1400
f 1400 1412 1397
f 1397 1412 1411
f 1397 1411 1426
f 1220 1225 1221
f 1225 1220 1223
f 1209 1207 1206
f 1209 1206 1205
f 1461 1462 1463
f 1461 1463 1464
f 1464 1463 668
f 1464 668 1465
f 1465 668 660
f 1465 660 1466
f 1465 1466 1467
f 1467 1466 650
f 1467 650 651
f 1467 651 1468
f 1468 651 1469
f 1468 1469 1470
f 1470 1469 1471
f 1470 1471 686
f 1470 686 1472
f 1472 686 1473
f 1472 1473 1474
f 1474 1473 1475
f 1474 1475 1476
f 1476 1475 1477
f 1476 1477 1478
f 1478 1477 675
f 1478 675 1462
f 1478 1462 1461
f 1479 1480 1481
f 1479 1481 1482
f 1482 1481 1483
f 1482 1483 1484
f 1484 1483 671
f 1484 671 1485
f 1484 1485 1486
f 1486 1485 1487
f 1486 1487 1488
f 1486 1488 1489
f 1489 1488 1490
f 1489 1490 1491
f 1491 1490 1492
f 1491 1492 1493
f 1493 1492 1494
f 1493 1494 682
f 1493 682 1495
f 1495 682 1496
f 1495 1496 1497
f 1497 1496 681
f 1497 681 673
f 1497 673 1498
f 1498 673 1499
f 1498 1499 1479
f 1479 1499 1480
f 1500 1501 1502
f 1502 1501 1503
f 1502 1503 1504
f 1502 1504 1505
f 1505 1504 1506
f 1505 1506 1507
f 1507 1506 669
f 1507 669 1508
f 1507 1508 1509
f 1509 1508 1510
f 1509 1510 645
f 1509 645 1511
f 1511 645 1512
f 1511 1512 1513
f 1513 1512 1514
f 1513 1514 1515
f 1515 1514 643
f 1515 643 1516
f 1515 1516 1517
f 1517 1516 1518
f 1517 1518 1519
f 1519 1518 652
f 1519 652 1520
f 1519 1520 1500
f 1500 1520 1501
f 970 1521 1522
f 1523 846 845
f 1523 845 1073
f 1073 845 844
f 843 1524 1522
f 1523 848 847
f 843 848 1524
f 1524 848 1523
f 1523 847 846
f 578 580 833
f 833 580 1525
f 833 834 1526
f 1526 834 835
f 835 836 1526
f 1526 836 837
f 1525 580 582
f 506 525 833
f 547 1525 582
f 833 525 578
f 840 841 1527
f 610 612 842
f 1527 839 840
f 607 610 1525
f 852 838 1527
f 1527 838 839
f 1525 610 842
f 841 842 447
f 447 842 474
f 842 612 474
f 547 546 1525
f 1525 546 607
f 852 837 838
f 1528 854 890
f 890 1529 1528
f 849 1529 890
f 852 851 1524
f 1524 851 850
f 1524 850 849
f 1530 853 852
f 714 970 716
f 970 717 719
f 970 719 844
f 844 719 721
f 970 714 717
f 844 721 723
f 723 725 844
f 844 725 943
f 943 725 971
f 971 725 716
f 971 716 970
f 887 796 790
f 887 790 884
f 854 794 890
f 890 794 795
f 890 795 797
f 890 797 796
f 790 792 854
f 854 792 794
f 884 790 854
f 1315 447 446
f 447 1315 1323
f 1530 1327 1335
f 1530 1335 1263
f 1323 1327 447
f 1315 446 432
f 446 450 432
f 1527 841 447
f 1527 447 1530
f 1530 447 1327
f 833 1526 506
f 506 1526 1531
f 502 503 1108
f 1531 1121 1122
f 503 505 1108
f 502 475 503
f 505 506 1108
f 1531 1122 1109
f 1531 1109 506
f 1531 1020 1121
f 1109 1108 506
f 1019 1020 1531
f 1083 1085 1531
f 1531 1085 1019
f 1073 1083 1531
f 844 1067 1073
f 1521 970 844
f 943 1067 844
f 969 971 970
f 967 970 1522
f 1038 1522 1524
f 1522 966 967
f 1524 893 1040
f 1524 1040 1038
f 1522 1035 966
f 1038 1035 1522
f 1163 1165 849
f 893 1524 1169
f 893 1169 1171
f 893 1171 894
f 1171 1161 894
f 849 1165 1524
f 1524 1165 1167
f 1524 1167 1169
f 1161 1163 894
f 894 1163 849
f 894 849 890
f 890 887 888
f 1295 854 1530
f 1530 854 853
f 1295 884 854
f 1530 1294 1295
f 1263 1262 1530
f 1530 1262 1285
f 1285 1280 1530
f 1530 1280 1294
f 1532 1533 1530
f 1530 1533 1527
f 1527 1533 1534
f 852 1535 1530
f 1530 1535 1532
f 1534 1536 1527
f 1536 1535 852
f 1524 1537 1538
f 852 1538 1539
f 852 1539 1523
f 1523 1539 1540
f 1524 1538 852
f 1524 1541 1537
f 1540 1541 1523
f 1523 1541 1524
f 1526 1542 1531
f 1523 1543 1544
f 1536 852 1527
f 852 1523 837
f 837 1523 1526
f 1526 1523 1545
f 1526 1545 1542
f 1523 1544 1545
f 1531 1546 1073
f 1073 1546 1543
f 1073 1543 1523
f 890 796 887
f 1547 1513 1515
f 1547 1515 1517
f 1547 1517 1519
f 1547 1519 1548
f 1548 1519 1500
f 1548 1500 1549
f 1549 1500 1502
f 1549 1502 1505
f 1549 1505 1550
f 1550 1505 1507
f 1550 1507 1551
f 1551 1507 1509
f 1551 1509 1552
f 1552 1509 1511
f 1552 1511 1513
f 1552 1513 1547
f 1553 1535 1554
f 1554 1535 1550
f 1550 1535 1536
f 1550 1536 1549
f 1549 1536 1534
f 1549 1534 1555
f 1555 1534 1533
f 1555 1533 1556
f 1556 1533 1557
f 1557 1533 1532
f 1557 1532 1552
f 1552 1532 1553
f 1553 1532 1535
f 1558 1467 1468
f 1558 1468 1470
f 1558 1470 1559
f 1559 1470 1472
f 1559 1472 1560
f 1560 1472 1474
f 1560 1474 1476
f 1560 1476 1478
f 1560 1478 1561
f 1561 1478 1461
f 1561 1461 1464
f 1561 1464 1562
f 1562 1464 1465
f 1562 1465 1558
f 1558 1465 1467
f 1563 1543 1564
f 1564 1543 1546
f 1564 1546 1562
f 1562 1546 1531
f 1562 1531 1561
f 1561 1531 1565
f 1565 1531 1542
f 1565 1542 1566
f 1566 1542 1545
f 1566 1545 1567
f 1567 1545 1544
f 1567 1544 1563
f 1563 1544 1543
f 1568 1484 1486
f 1568 1486 1569
f 1569 1486 1489
f 1569 1489 1491
f 1569 1491 1570
f 1570 1491 1493
f 1570 1493 1495
f 1570 1495 1571
f 1571 1495 1497
f 1571 1497 1572
f 1572 1497 1498
f 1572 1498 1573
f 1573 1498 1479
f 1573 1479 1482
f 1573 1482 1484
f 1573 1484 1568
f 1569 1537 1541
f 1569 1541 1568
f 1568 1541 1573
f 1573 1541 1540
f 1573 1540 1574
f 1574 1540 1539
f 1574 1539 1572
f 1572 1539 1575
f 1575 1539 1538
f 1575 1538 1576
f 1576 1538 1537
f 1576 1537 1569
f 1521 1577 1522
f 1522 1577 1578
f 697 635 1579
f 1579 635 1578
f 635 634 1578
f 1578 634 1522
f 1522 634 843
f 1529 849 1579
f 1579 849 697
f 699 844 631
f 844 699 1521
f 699 698 1521
f 1521 698 1577
f 632 1580 633
f 633 1580 1577
f 633 1577 698
f 1529 1579 1528
f 1528 1579 1581
f 1528 1581 1582
f 1583 648 1582
f 1582 648 649
f 1528 770 854
f 854 770 769
f 1582 770 1528
f 1582 649 770
f 854 769 640
f 1584 667 666
f 842 661 1525
f 691 690 1585
f 1585 690 661
f 1585 661 653
f 765 696 666
f 833 765 666
f 695 1584 696
f 696 1584 666
f 1525 661 833
f 833 661 768
f 1585 1584 691
f 691 1584 695
f 691 695 767
f 661 690 768
f 833 768 765
f 695 766 767
f 767 766 768
f 768 766 765
f 1233 1586 1587
f 1587 1586 1588
f 1232 1589 1590
f 1590 1589 1591
f 1590 1591 1231
f 1231 1591 1586
f 1231 1586 1233
f 1230 1592 1232
f 1232 1592 1589
f 1593 1594 1229
f 1229 1594 1595
f 1229 1595 1596
f 1596 1595 1592
f 1596 1592 1230
f 1228 1597 1593
f 1593 1597 1594
f 1227 1598 1226
f 1226 1598 1599
f 1226 1599 1600
f 1600 1599 1597
f 1600 1597 1228
f 1601 1602 1227
f 1227 1602 1598
f 1587 1588 1234
f 1234 1588 1603
f 1234 1603 1235
f 1235 1603 1602
f 1235 1602 1601
f 648 1583 653
f 653 1583 1585
f 667 1584 632
f 632 1584 1580
f 1578 1588 1604
f 1604 1588 1586
f 1604 1586 1591
f 1604 1591 1582
f 1582 1591 1589
f 1582 1589 1583
f 1583 1589 1592
f 1583 1592 1585
f 1585 1592 1595
f 1585 1595 1594
f 1585 1594 1584
f 1584 1594 1597
f 1584 1597 1605
f 1605 1597 1598
f 1605 1598 1606
f 1606 1598 1602
f 1606 1602 1578
f 1578 1602 1588
f 191 1607 1608
f 1608 1607 436
f 534 1609 200
f 1610 534 200
f 1607 191 438
f 201 1609 530
f 201 530 191
f 191 530 438
f 438 530 593
f 1611 592 438
f 438 593 597
f 597 1611 438
f 1612 599 1611
f 1612 1611 604
f 599 592 1611
f 1608 439 442
f 1608 442 1610
f 1610 442 541
f 1610 541 1613
f 541 442 1614
f 619 541 1614
f 541 619 621
f 541 621 623
f 627 541 626
f 541 623 626
f 1615 1616 1617
f 1617 1616 533
f 485 1618 195
f 1619 485 195
f 197 1618 489
f 197 536 1615
f 1615 536 1616
f 197 489 536
f 536 489 551
f 554 560 548
f 553 554 536
f 536 554 548
f 536 551 553
f 554 1620 560
f 487 1619 511
f 511 1619 1617
f 511 1617 538
f 538 1617 532
f 568 571 562
f 562 574 511
f 571 574 562
f 511 538 562
f 562 566 568
f 1596 1230 1229
f 1590 1231 1232
f 1229 1228 1593
f 1233 1587 1234
f 1228 1226 1600
f 1236 1235 1601
f 1601 1227 1236
f 1605 1580 1584
f 1577 1580 1605
f 1577 1605 1606
f 1578 1577 1606
f 1579 1578 1604
f 1582 1581 1604
f 1581 1579 1604
f 1598 1597 1599
f 1588 1602 1603
f 1358 1373 1459
f 1459 1373 1374
f 1350 1358 1459
f 1349 1350 1347
f 1376 1377 1375
f 1377 1398 1456
f 1405 1413 1460
f 1405 1460 1404
f 1404 1460 1457
f 1401 1404 1457
f 1431 1458 1432
f 1432 1458 1430
f 1401 1403 1402
f 1431 1403 1458
f 198 197 1615
f 536 548 550
f 558 1620 556
f 560 1620 558
f 556 1620 554
f 195 199 1619
f 1618 197 195
f 489 1618 484
f 1616 536 535
f 203 198 1617
f 1617 198 1615
f 199 203 1617
f 199 1617 1619
f 485 1619 487
f 485 484 1618
f 533 1616 535
f 532 1617 533
f 575 511 574
f 574 571 572
f 566 562 564
f 1610 192 1608
f 204 192 1610
f 619 1614 617
f 617 1614 615
f 615 1614 442
f 191 1608 192
f 439 1608 436
f 534 1610 1613
f 1610 200 204
f 1613 541 534
f 436 1607 434
f 534 531 1609
f 1609 201 200
f 1607 438 434
f 531 530 1609
f 599 1612 602
f 604 1611 598
f 598 1611 597
f 602 1612 604
f 597 593 595
f 1554 1550 1551
f 1554 1551 1553
f 1556 1548 1555
f 1553 1551 1552
f 1557 1552 1547
f 1557 1547 1556
f 1556 1547 1548
f 1555 1548 1549
f 1563 1559 1567
f 1567 1559 1560
f 1564 1562 1558
f 1564 1558 1563
f 1563 1558 1559
f 1567 1560 1566
f 1566 1560 1565
f 1565 1560 1561
f 1569 1570 1576
f 1576 1570 1575
f 1575 1570 1571
f 1575 1571 1572
f 1574 1572 1573
f 1510 654 645
f 1501 662 1503
f 1503 664 1504
f 1504 664 1506
f 669 654 1508
f 1508 654 1510
f 1512 644 1514
f 1516 643 647
f 1516 647 1518
f 1518 647 652
f 1520 662 1501
f 1503 662 664
f 1506 664 669
f 1512 645 644
f 1514 644 643
f 1520 652 662
f 1462 665 1463
f 1469 672 1471
f 1473 676 1475
f 1475 676 1477
f 1471 672 686
f 1463 665 668
f 1466 660 650
f 1469 651 672
f 1473 686 676
f 1477 676 675
f 1462 675 665
f 1487 670 1488
f 1480 680 1481
f 1481 680 1483
f 671 670 1485
f 1485 670 1487
f 1488 684 1490
f 1490 683 1492
f 1492 683 1494
f 682 681 1496
f 673 659 1499
f 1499 659 1480
f 1488 670 684
f 1480 659 680
f 1483 680 671
f 1490 684 683
f 1494 683 682
f 1621 1622 1623
f 1623 1622 1624
f 1625 1626 1624
f 1627 1628 1629
f 1630 1631 1632
f 1633 1634 1632
f 1632 1634 1630
f 1630 1634 1635
f 1626 1628 1627
f 1626 1627 1636
f 1626 1636 1637
f 1631 1638 1632
f 1632 1637 1633
f 1632 1623 1637
f 1637 1623 1626
f 1626 1623 1624
f 1639 1640 1641
f 1641 1640 1642
f 1641 1642 1643
f 1641 1643 1644
f 1641 1644 1645
f 1641 1645 1646
f 1641 1646 1647
f 1641 1647 1648
f 1648 1647 1649
f 1648 1649 1650
f 1650 1649 1651
f 1650 1651 1652
f 1650 1652 1653
f 1650 1653 1654
f 1654 1653 1655
f 1654 1655 1656
f 1654 1656 1657
f 1654 1657 1639
f 1639 1657 1640
f 1652 1651 1658
f 1640 1659 1642
f 1642 1659 1643
f 1657 1656 1660
f 1660 1656 1655
f 1660 1655 1658
f 1658 1655 1653
f 1658 1653 1652
f 1661 1647 1646
f 1661 1646 1645
f 1661 1645 1659
f 1659 1645 1644
f 1659 1644 1643
f 1651 1649 1658
f 1658 1649 1662
f 1663 1659 1640
f 1663 1640 1657
f 1663 1657 1660
f 1647 1661 1662
f 1647 1662 1649
f 1664 1665 1666
f 1667 1668 1666
f 1666 1668 1669
f 1666 1669 1664
f 1665 1664 1670
f 1670 1664 1671
f 1670 1671 1672
f 1672 1671 1673
f 1672 1673 1674
f 1675 1676 1674
f 1675 1674 1673
f 1677 1678 1631
f 1677 1631 1679
f 1679 1631 1680
f 1679 1680 1681
f 1681 1680 1676
f 1681 1676 1675
f 1678 1677 1682
f 1678 1682 1683
f 1683 1682 1684
f 1669 1685 1682
f 1682 1685 1684
f 1686 1629 1687
f 1635 1687 1629
f 1635 1688 1687
f 1688 1635 1634
f 1688 1634 1633
f 1688 1633 1689
f 1689 1633 1690
f 1690 1633 1637
f 1690 1637 1691
f 1691 1637 1636
f 1691 1636 1692
f 1692 1636 1627
f 1692 1627 1686
f 1686 1627 1629
f 1639 1688 1689
f 1639 1689 1654
f 1654 1689 1690
f 1654 1690 1650
f 1650 1690 1691
f 1650 1691 1648
f 1648 1691 1692
f 1648 1692 1686
f 1648 1686 1641
f 1641 1686 1687
f 1641 1687 1688
f 1641 1688 1639
f 1632 1638 1693
f 1693 1638 1694
f 1693 1694 1695
f 1695 1694 1667
f 1695 1667 1624
f 1624 1667 1625
f 1624 1622 1695
f 1695 1622 1696
f 1697 1696 1621
f 1621 1696 1622
f 1693 1697 1623
f 1623 1697 1621
f 1695 1696 1693
f 1693 1696 1697
f 1694 1698 1699
f 1699 1698 1668
f 1659 1681 1675
f 1663 1677 1679
f 1663 1679 1659
f 1659 1679 1681
f 1661 1659 1675
f 1661 1675 1673
f 1663 1660 1682
f 1663 1682 1677
f 1661 1673 1671
f 1661 1671 1662
f 1662 1671 1664
f 1658 1662 1669
f 1669 1662 1664
f 1660 1658 1682
f 1682 1658 1669
f 1685 1669 1668
f 1684 1685 1668
f 1684 1668 1698
f 1683 1684 1698
f 1683 1698 1694
f 1683 1638 1678
f 1694 1638 1683
f 1678 1638 1631
f 1630 1676 1680
f 1631 1630 1680
f 1630 1635 1676
f 1668 1667 1699
f 1694 1699 1667
f 1629 1676 1635
f 1676 1629 1674
f 1625 1667 1666
f 1626 1625 1665
f 1672 1628 1670
f 1628 1674 1629
f 1672 1674 1628
f 1665 1670 1628
f 1626 1665 1628
f 1665 1625 1666
f 1693 1623 1632
f 1700 1701 1702
f 1702 1701 1703
f 1703 1704 1705
f 1706 1707 1708
f 1709 1710 1711
f 1709 1712 1713
f 1709 1711 1712
f 1712 1711 1714
f 1706 1705 1707
f 1705 1706 1715
f 1705 1715 1716
f 1709 1716 1710
f 1709 1702 1716
f 1716 1702 1705
f 1705 1702 1703
f 1717 1718 1719
f 1717 1719 1720
f 1717 1720 1721
f 1717 1721 1722
f 1722 1721 1723
f 1722 1723 1724
f 1722 1724 1725
f 1722 1725 1726
f 1722 1726 1727
f 1727 1726 1728
f 1727 1728 1729
f 1727 1729 1730
f 1727 1730 1731
f 1727 1731 1732
f 1727 1732 1733
f 1727 1733 1734
f 1734 1733 1735
f 1734 1735 1736
f 1734 1736 1737
f 1734 1737 1738
f 1734 1738 1739
f 1734 1739 1740
f 1740 1739 1741
f 1740 1741 1742
f 1740 1742 1743
f 1740 1743 1744
f 1740 1744 1745
f 1740 1745 1746
f 1746 1745 1747
f 1746 1747 1748
f 1746 1748 1749
f 1746 1749 1750
f 1746 1750 1751
f 1746 1751 1717
f 1717 1751 1752
f 1717 1752 1753
f 1717 1753 1754
f 1717 1754 1718
f 1744 1743 1755
f 1723 1756 1724
f 1718 1757 1756
f 1749 1748 1758
f 1758 1748 1747
f 1758 1747 1755
f 1755 1747 1745
f 1755 1745 1744
f 1730 1729 1759
f 1759 1729 1728
f 1759 1728 1726
f 1759 1726 1756
f 1756 1726 1725
f 1756 1725 1724
f 1718 1756 1719
f 1743 1742 1755
f 1755 1742 1741
f 1755 1741 1760
f 1741 1739 1760
f 1760 1739 1738
f 1760 1738 1737
f 1730 1759 1731
f 1719 1756 1720
f 1733 1759 1735
f 1721 1756 1723
f 1720 1756 1721
f 1757 1718 1754
f 1753 1752 1757
f 1757 1752 1751
f 1757 1751 1758
f 1758 1751 1750
f 1758 1750 1749
f 1760 1737 1736
f 1759 1760 1735
f 1735 1760 1736
f 1731 1759 1732
f 1732 1759 1733
f 1753 1757 1754
f 1761 1762 1763
f 1764 1765 1763
f 1763 1765 1766
f 1763 1766 1761
f 1762 1761 1767
f 1767 1761 1768
f 1767 1768 1769
f 1770 1769 1768
f 1771 1772 1769
f 1771 1769 1770
f 1773 1774 1775
f 1773 1775 1776
f 1776 1775 1777
f 1777 1775 1778
f 1777 1778 1771
f 1771 1778 1772
f 1774 1773 1779
f 1774 1779 1780
f 1780 1779 1781
f 1766 1782 1779
f 1779 1782 1781
f 1783 1708 1784
f 1714 1784 1708
f 1714 1785 1784
f 1785 1714 1711
f 1785 1711 1786
f 1786 1711 1710
f 1786 1710 1787
f 1787 1710 1716
f 1787 1716 1715
f 1787 1715 1788
f 1788 1715 1789
f 1789 1715 1706
f 1789 1706 1783
f 1783 1706 1708
f 1717 1785 1786
f 1717 1786 1746
f 1746 1786 1787
f 1746 1787 1740
f 1740 1787 1788
f 1740 1788 1734
f 1734 1788 1789
f 1734 1789 1727
f 1727 1789 1783
f 1727 1783 1784
f 1727 1784 1722
f 1722 1784 1785
f 1722 1785 1717
f 1709 1713 1790
f 1790 1713 1791
f 1790 1791 1792
f 1792 1791 1764
f 1792 1764 1703
f 1703 1764 1704
f 1703 1701 1792
f 1792 1701 1793
f 1794 1793 1700
f 1700 1793 1701
f 1790 1794 1702
f 1702 1794 1700
f 1792 1793 1790
f 1790 1793 1794
f 1791 1795 1796
f 1796 1795 1782
f 1777 1771 1756
f 1757 1773 1776
f 1776 1777 1756
f 1757 1776 1756
f 1759 1756 1770
f 1770 1756 1771
f 1757 1758 1779
f 1757 1779 1773
f 1759 1770 1768
f 1760 1768 1761
f 1759 1768 1760
f 1755 1760 1766
f 1766 1760 1761
f 1758 1755 1766
f 1758 1766 1779
f 1782 1766 1765
f 1781 1782 1795
f 1780 1781 1795
f 1780 1795 1791
f 1780 1713 1774
f 1791 1713 1780
f 1775 1774 1713
f 1713 1712 1775
f 1775 1712 1778
f 1772 1778 1712
f 1712 1714 1772
f 1765 1764 1796
f 1765 1796 1782
f 1791 1796 1764
f 1772 1714 1769
f 1704 1764 1763
f 1705 1704 1763
f 1705 1763 1762
f 1767 1705 1762
f 1708 1707 1714
f 1714 1707 1769
f 1767 1769 1707
f 1705 1767 1707
f 1790 1702 1709
f 1797 1798 1799
f 1799 1798 1800
f 1801 1802 1803
f 1804 1805 258
f 1806 1807 1808
f 1809 1810 1811
f 1812 1813 1810
f 1814 1815 1816
f 1817 1818 1810
f 1817 1813 1819
f 1820 1821 1815
f 1822 1823 1824
f 1825 1826 1827
f 1828 1829 1830
f 1831 1832 1833
f 1834 1835 1836
f 1837 1838 1839
f 1840 1841 1842
f 1843 1844 1845
f 1846 1847 1848
f 1849 1850 1851
f 1852 1853 1854
f 1855 1856 1857
f 1858 1859 1860
f 1861 1862 1863
f 1864 1865 1866
f 1867 1868 1869
f 1870 1869 1871
f 1871 1869 1872
f 1873 1871 1874
f 1875 1876 1877
f 1878 1879 1876
f 1880 1881 1882
f 1881 1883 1882
f 1884 1883 1881
f 1885 1886 1887
f 1888 1889 1890
f 1888 1890 1891
f 1892 1893 1894
f 1895 1896 1897
f 1896 1895 1898
f 1899 1900 1901
f 1901 1902 1899
f 1903 1904 1905
f 1868 1903 1906
f 1907 1908 1909
f 1909 1908 1910
f 1911 1912 1907
f 1907 1912 1908
f 1913 1911 1914
f 1914 1911 1907
f 1915 1916 1917
f 1915 1917 1918
f 1919 1920 1921
f 1922 1923 1924
f 1924 1923 1925
f 1926 1927 1924
f 1927 1928 1929
f 1930 1929 1928
f 1926 1928 1927
f 1930 1931 1929
f 1932 1933 1934
f 1932 1934 1935
f 1936 1937 1938
f 1938 1937 1939
f 1910 1939 1940
f 1910 1941 1939
f 1942 1943 1944
f 1945 1946 1860
f 1945 1860 1859
f 1947 1948 1858
f 1949 1950 1951
f 1951 1950 1952
f 1952 1950 1953
f 1952 1953 1954
f 1955 1956 1840
f 1957 1958 1959
f 1856 1958 1957
f 1960 1855 1857
f 1961 1962 1963
f 1962 1964 1965
f 1966 1967 1968
f 1968 1967 1828
f 1967 1966 1969
f 1969 1966 1970
f 1969 1970 1971
f 1972 1973 1974
f 1972 1975 1973
f 1976 1977 1978
f 1978 1979 1976
f 1976 1979 1980
f 1981 1982 1983
f 1984 1981 1985
f 1984 1985 1986
f 1987 1937 1988
f 1988 1937 1989
f 1989 1937 1936
f 1989 1936 1990
f 1991 1992 1861
f 1991 1861 1990
f 1993 1989 1990
f 1993 1990 1994
f 1994 1990 1861
f 1994 1861 1863
f 1995 1982 1996
f 1996 1982 1981
f 1996 1981 1997
f 1997 1981 1984
f 1997 1984 1986
f 1997 1986 1998
f 1998 1986 1999
f 2000 2001 1996
f 1996 2001 2002
f 1996 2002 1995
f 1942 2002 1943
f 1998 2003 1997
f 1997 2003 2004
f 1997 2004 2000
f 1997 2000 1996
f 1946 1945 1944
f 1946 1944 1943
f 1943 2002 1946
f 1946 2002 2005
f 1946 2005 2006
f 1946 2006 1860
f 2004 2003 2007
f 2004 2007 2001
f 2005 2001 2007
f 2008 2005 2007
f 2008 2007 2009
f 2010 2006 2005
f 2010 2005 2008
f 2008 2009 2011
f 2011 2012 2008
f 2008 2013 2010
f 2009 2007 2003
f 2009 2003 2014
f 2015 2016 2017
f 2018 2015 2017
f 2019 2015 2020
f 2020 2015 2018
f 2020 2018 2021
f 2022 2019 2020
f 2022 2020 2023
f 2023 2020 2021
f 2023 2021 2024
f 2009 2014 2011
f 2025 2022 2026
f 2026 2022 2023
f 2026 2023 2027
f 2027 2023 2024
f 2027 2024 2028
f 2029 2028 2024
f 2024 2021 2030
f 2030 2021 2018
f 2031 2032 1935
f 2033 2027 2028
f 2034 2025 2035
f 2035 2025 2026
f 2035 2026 2036
f 2036 2026 2027
f 2036 2027 2037
f 2037 2027 2033
f 2030 2018 1863
f 1863 2018 2017
f 1863 2017 1994
f 1994 2017 2016
f 1994 2016 1993
f 2033 2028 2038
f 1858 2039 1947
f 2040 1948 1947
f 2040 1947 2041
f 2041 1947 2039
f 2042 2010 2043
f 1854 1853 2044
f 2044 1853 2045
f 2044 2045 2046
f 2046 2045 2047
f 2048 2049 2041
f 2008 2012 2013
f 2039 2006 2042
f 2039 2042 2050
f 2039 2050 2041
f 2041 2050 2051
f 2041 2051 2048
f 2051 2052 2048
f 2048 2052 2053
f 2050 2054 2051
f 1852 2054 2050
f 2051 2054 2055
f 2051 2055 2056
f 2053 2049 2048
f 2052 2051 2056
f 2057 2058 2053
f 2057 2053 2052
f 2057 2059 2058
f 2060 2061 1949
f 2060 1949 1951
f 2059 2057 2052
f 2061 2058 1949
f 1949 2058 2059
f 2062 1949 2059
f 1852 1854 2063
f 2063 2054 1852
f 2055 2054 2063
f 1850 1849 2062
f 1950 1949 2062
f 1849 1950 2062
f 2037 2064 2065
f 2047 2066 2046
f 2044 2046 2067
f 2044 2067 1854
f 2066 2068 2046
f 2046 2069 2067
f 2067 2063 1854
f 2070 2071 2067
f 2070 2067 2069
f 2072 2068 2073
f 2072 2074 2069
f 2069 2074 2070
f 2075 2076 2077
f 2077 2076 1851
f 2078 2079 1954
f 2078 1954 2080
f 2080 1954 1953
f 2080 1849 2078
f 2078 1849 2081
f 2082 2074 2072
f 2077 2074 2075
f 2075 2074 2082
f 2083 1842 2078
f 2078 1842 2084
f 1923 1922 2085
f 1923 2085 2086
f 2086 2085 2087
f 2086 2087 2088
f 2088 2087 2089
f 1924 1925 1926
f 2090 2091 1934
f 1934 2091 2092
f 2031 1863 1862
f 1863 2031 2030
f 2030 2031 2092
f 2029 2091 2093
f 2093 2091 2090
f 2093 2090 2094
f 1862 2032 2031
f 2031 1935 2092
f 2092 1935 1934
f 1934 1933 2090
f 2090 1933 1931
f 2090 1931 2094
f 2094 1931 1930
f 1925 2095 1926
f 1926 2095 1928
f 1928 2096 1930
f 1930 2096 2097
f 1930 2097 2094
f 2094 2097 2093
f 2093 2038 2028
f 2093 2028 2029
f 2091 2029 2024
f 2091 2024 2092
f 2092 2024 2030
f 2098 2099 2100
f 2101 2102 2103
f 2103 2102 2104
f 2103 2104 2105
f 2098 2105 2099
f 2099 2105 2106
f 2099 2106 1845
f 2102 2107 2104
f 2105 2104 2106
f 2106 2108 1845
f 1845 2108 1843
f 2109 2038 2110
f 2103 2095 2101
f 2101 2095 2111
f 2101 2111 2112
f 1848 1847 2113
f 2113 1847 2112
f 2114 1846 2115
f 2115 1846 1848
f 2101 2112 2102
f 2102 2112 1847
f 2102 1847 2107
f 2107 1847 1846
f 2114 2116 2117
f 2118 2119 2120
f 2121 2122 2109
f 2109 2122 2064
f 1844 2121 1845
f 2121 2123 2122
f 2122 2123 2124
f 2122 2124 2125
f 1843 2126 1844
f 1844 2126 2123
f 1844 2123 2121
f 2121 2109 1845
f 1845 2109 2100
f 1845 2100 2099
f 2126 1843 2127
f 2128 2108 2129
f 2130 2129 2108
f 2130 2108 2131
f 2131 2108 2106
f 2132 2129 2130
f 2107 2131 2106
f 2133 2126 2127
f 2134 2126 2133
f 2134 2133 2135
f 2133 2136 2137
f 2137 2136 2138
f 2082 2139 2075
f 2075 2140 2076
f 2076 2140 2081
f 2076 2081 1849
f 2076 1849 1851
f 1849 2080 1950
f 1950 2080 1953
f 2082 2141 2139
f 2075 2139 2140
f 2140 2083 2081
f 2081 2083 2078
f 2078 2084 2079
f 1850 2056 2071
f 1850 2071 1851
f 1851 2071 2070
f 1851 2070 2077
f 2077 2070 2074
f 2072 2073 2082
f 2082 2073 2142
f 2082 2142 2141
f 2141 2142 2143
f 2144 2145 2146
f 1841 2084 1842
f 2083 2140 2147
f 2147 2140 2139
f 2146 2139 2141
f 2146 2141 2144
f 2144 2141 2143
f 1955 1840 1842
f 1955 1842 2148
f 2147 2149 2148
f 2149 2150 2148
f 2142 2123 2126
f 2142 2126 2134
f 2143 2134 2135
f 2143 2135 2151
f 2142 2134 2143
f 2144 2143 2151
f 2144 2151 2152
f 2068 2124 2073
f 2073 2124 2123
f 2073 2123 2142
f 2145 2144 2152
f 2135 2133 2137
f 2152 2151 2153
f 2153 2151 2154
f 2149 2155 2150
f 2156 2157 2158
f 2156 2158 2159
f 2113 2160 2161
f 2113 2161 1848
f 2162 2129 2132
f 2163 2132 2117
f 2127 2128 2136
f 2136 2128 2129
f 2136 2129 2162
f 2164 2132 2163
f 2163 2117 2165
f 2162 2138 2136
f 2162 2164 2138
f 2163 2165 2166
f 2163 2166 2164
f 2138 2164 2154
f 2138 2154 2137
f 2137 2154 2151
f 2137 2151 2135
f 2162 2132 2164
f 2165 2167 2166
f 2168 2169 2157
f 2169 2170 2171
f 2169 2171 2157
f 2150 2156 2159
f 2169 2153 2172
f 2169 2172 2166
f 2173 2170 2169
f 2170 2174 2171
f 2171 2174 1957
f 2171 1957 2157
f 2157 1957 2175
f 2157 2175 2158
f 2159 1955 2150
f 2150 1955 2148
f 2173 2176 2170
f 2175 1957 1959
f 2175 1959 2158
f 2158 1959 1956
f 2158 1956 2159
f 2159 1956 1955
f 2148 1842 2083
f 2148 2083 2147
f 2153 2154 2172
f 2116 2114 2177
f 2177 2114 2115
f 2177 2115 2178
f 2178 2115 1848
f 2178 1848 2161
f 2178 2161 2120
f 2120 2161 2160
f 2120 2160 2118
f 2179 2119 2180
f 2180 2118 2181
f 2182 2181 2112
f 2182 2112 2111
f 2095 2103 1928
f 1928 2103 2183
f 1928 2183 2096
f 2096 2183 2098
f 2096 2098 2097
f 2097 2098 2110
f 2097 2110 2038
f 2038 2109 2037
f 2037 2109 2064
f 2064 2122 2065
f 2065 2122 2125
f 2065 2125 2066
f 2065 2066 2047
f 2065 2047 2184
f 2184 2047 2045
f 2184 2045 2185
f 2185 2045 2186
f 2186 2045 1853
f 2186 1853 2043
f 2043 1853 1852
f 2043 1852 2042
f 2042 1852 2050
f 2179 2187 2119
f 2180 2119 2118
f 2118 2160 2181
f 2181 2160 2113
f 2181 2113 2112
f 2103 2105 2183
f 2183 2105 2098
f 2098 2100 2110
f 2110 2100 2109
f 2125 2124 2066
f 2066 2124 2068
f 2046 2068 2072
f 2046 2072 2069
f 2063 2067 2071
f 2063 2071 2055
f 2055 2071 2056
f 2056 1850 2059
f 2059 1850 2062
f 2056 2059 2052
f 2188 1885 1884
f 1884 1885 1887
f 1884 1887 1883
f 2189 1880 1882
f 2190 2191 2177
f 2177 2191 1832
f 2177 1832 1831
f 1878 2192 2193
f 2189 1882 1879
f 2189 1879 1878
f 2194 1875 1877
f 1878 1876 1875
f 2195 2194 2196
f 2196 2194 1877
f 2196 1877 2197
f 2191 2198 2199
f 2191 2199 1832
f 2198 2200 2199
f 2199 2200 2201
f 2192 2202 2203
f 2203 2202 2204
f 2203 2204 2205
f 2205 2204 2206
f 2207 2195 2208
f 2209 2206 2210
f 2210 2206 2211
f 2192 1878 2202
f 2202 1878 1875
f 2202 1875 2212
f 2212 1875 2207
f 2212 2207 2208
f 2209 2213 2206
f 2206 2213 2214
f 2206 2214 2205
f 2215 2216 1905
f 1837 1839 2217
f 2218 2219 2220
f 1873 1870 1871
f 1871 1872 2221
f 1972 2222 1975
f 2223 2195 2196
f 2223 2196 2224
f 2224 2196 2197
f 2225 2221 1872
f 2225 1872 2226
f 2226 1872 1869
f 2226 1869 1906
f 1906 1869 1868
f 2227 2228 2229
f 2229 2228 2225
f 2229 2225 2230
f 2230 2225 2226
f 2230 2226 2231
f 2231 2226 1906
f 1906 1903 1905
f 1905 2216 1837
f 2232 2233 2227
f 1905 1837 2217
f 1905 2217 1906
f 1906 2217 2234
f 1906 2234 2231
f 2231 2234 2235
f 2231 2235 2230
f 2230 2235 2232
f 2230 2232 2229
f 2229 2232 2227
f 2236 2233 2237
f 2237 2233 2238
f 2237 2238 2239
f 2239 2238 2240
f 2240 2241 2242
f 2242 2241 1839
f 2242 1839 1838
f 1838 2243 2244
f 1838 2244 2242
f 2242 2244 2245
f 2242 2245 2240
f 2240 2245 2246
f 2240 2246 2239
f 2239 2246 2247
f 2239 2247 2237
f 2219 2218 2248
f 2248 2218 2249
f 2249 2250 2251
f 2251 2250 2252
f 2251 2252 2253
f 2220 2254 2218
f 2218 2254 2249
f 2249 2254 2255
f 2249 2255 2250
f 2250 2255 2252
f 2256 2257 2258
f 2258 2257 2255
f 2258 2255 1974
f 1974 2255 1972
f 1972 2255 2259
f 1972 2259 2260
f 1972 2260 2222
f 2257 2256 2261
f 2261 2256 2262
f 2220 2260 2259
f 2220 2259 2254
f 2254 2259 2255
f 2255 2257 2252
f 2252 2257 2263
f 2217 1839 2241
f 2217 2241 2234
f 2234 2241 2240
f 2234 2240 2235
f 2235 2240 2238
f 2235 2238 2232
f 2232 2238 2233
f 2233 2236 2264
f 2233 2264 2227
f 2236 2237 2265
f 2265 2237 2247
f 2265 2247 2266
f 2266 2247 2253
f 2266 2253 2267
f 2267 2253 2252
f 2267 2252 2268
f 2269 2270 2271
f 2269 2268 2272
f 2261 2263 2257
f 2273 2274 2262
f 2262 2274 2261
f 2261 2275 2263
f 2252 2263 2268
f 2268 2263 2275
f 2275 2261 2274
f 2265 2271 2236
f 2177 1831 2116
f 2190 2177 2178
f 2190 2178 2276
f 2276 2178 2120
f 2276 2120 2277
f 2277 2120 2119
f 2277 2119 2187
f 1831 2165 2116
f 2116 2165 2117
f 2117 2132 2114
f 2114 2132 2130
f 2114 2130 1846
f 1846 2130 2131
f 1846 2131 2107
f 2104 2107 2106
f 2108 2128 1843
f 1843 2128 2127
f 2127 2136 2133
f 2278 2279 2165
f 2165 2279 2167
f 2167 2280 2166
f 2166 2173 2169
f 2153 2169 2168
f 2168 2157 2156
f 2168 2156 2155
f 2155 2156 2150
f 1832 2199 1833
f 2281 2282 2213
f 2210 2283 2209
f 2202 2212 2204
f 2204 2212 2211
f 2204 2211 2206
f 2209 2283 2284
f 2209 2284 2285
f 2285 2284 2286
f 2285 2286 2287
f 2287 2286 2288
f 2289 2176 2290
f 2289 2291 2292
f 2289 2292 2176
f 2292 2174 2170
f 2292 2170 2176
f 2176 2173 2166
f 2176 2166 2290
f 2290 2166 2280
f 2293 2290 2280
f 2294 2291 2289
f 2293 2294 2290
f 1831 1833 2278
f 2278 1833 2295
f 2295 1833 2296
f 2295 2296 2280
f 2280 2296 2293
f 2297 2298 1857
f 1856 2299 1857
f 1960 1857 2298
f 2300 2298 2297
f 2294 2301 2291
f 2291 2301 2297
f 2291 2297 2292
f 2292 2299 2174
f 2174 2299 1856
f 2174 1856 1957
f 2298 2300 1960
f 2300 1963 2302
f 2290 2294 2289
f 2303 2205 2200
f 2200 2205 2214
f 2200 2214 2201
f 2201 2214 2213
f 2201 2213 2304
f 2304 2213 2305
f 1833 2306 2296
f 2296 2306 2307
f 2296 2307 2293
f 2293 2307 2294
f 2199 2201 2304
f 2199 2304 1833
f 1833 2304 2306
f 2308 2309 2310
f 2294 2310 2301
f 2308 2311 2312
f 2308 2312 2309
f 2310 2313 2301
f 2301 2300 2297
f 2297 1857 2292
f 2292 1857 2299
f 1856 1855 1958
f 2314 2315 2316
f 2287 2317 2281
f 2281 2317 2282
f 2318 2319 2311
f 2311 2319 2312
f 2320 2321 2315
f 2318 2317 2316
f 2318 2316 2319
f 2319 2315 2321
f 2319 2321 2312
f 2316 2287 2288
f 2316 2288 2314
f 2282 2317 2322
f 2322 2317 2318
f 2322 2318 2311
f 2309 2312 2323
f 1961 1964 1962
f 1961 2324 2325
f 1961 2325 2326
f 2326 2325 2327
f 2324 2313 2325
f 2321 2320 2328
f 2313 2323 2325
f 2325 2323 2312
f 2325 2312 2327
f 2327 2312 2321
f 2327 2321 2328
f 2317 2287 2316
f 2319 2316 2315
f 2315 2314 2320
f 2284 2283 2329
f 2224 1864 1866
f 2224 1866 2223
f 2195 2223 1835
f 2195 1835 2330
f 1866 2331 2223
f 2223 2331 1836
f 2223 1836 1835
f 1835 1834 2332
f 2332 1834 2333
f 2334 2333 2335
f 2336 2335 2337
f 2269 2272 2338
f 2269 2338 2270
f 2275 2274 2268
f 2271 2264 2236
f 2253 2247 2246
f 2253 2246 2251
f 2251 2246 2245
f 2251 2245 2249
f 2249 2245 2244
f 2249 2244 2248
f 2248 2244 2243
f 2248 2243 2219
f 2339 2340 2341
f 2342 2343 2344
f 2342 2344 2345
f 2345 2344 2346
f 2347 2334 2348
f 2348 2336 2343
f 2343 2336 2349
f 2350 2351 2352
f 1865 1874 1866
f 1866 1874 1871
f 1866 1871 2331
f 2331 1871 2221
f 1834 2221 2228
f 2353 2264 2354
f 2351 2270 2338
f 2355 2338 2339
f 2338 2272 2339
f 2339 2272 2274
f 2339 2274 2340
f 2340 2356 2341
f 2341 2356 2357
f 2331 2221 1834
f 1834 2228 2333
f 2333 2228 2353
f 2335 2353 2354
f 2337 2354 2270
f 2337 2270 2351
f 2351 2338 2352
f 2352 2338 2355
f 2354 2271 2270
f 2339 2341 2355
f 2355 2341 2358
f 2358 2341 2357
f 2359 1827 2360
f 2360 2361 2349
f 2349 2361 2343
f 2348 2362 2347
f 2221 2225 2228
f 2228 2227 2353
f 2353 2227 2264
f 2354 2264 2271
f 2271 2265 2266
f 2271 2266 2269
f 2269 2266 2267
f 2269 2267 2268
f 2272 2268 2274
f 2340 2274 2273
f 2340 2273 2356
f 2357 2356 2363
f 2364 2320 2365
f 2365 2320 2314
f 2365 2314 2288
f 2285 2287 2281
f 2285 2281 2209
f 2209 2281 2213
f 2366 2367 2283
f 2283 2367 2329
f 2329 2367 2368
f 2212 2208 2211
f 2211 2208 2369
f 2211 2369 2210
f 2284 2329 2368
f 2284 2368 2286
f 2286 2368 2345
f 2286 2345 2370
f 2286 2370 2288
f 2288 2370 2371
f 2288 2371 2365
f 2364 2372 2320
f 2320 2372 2328
f 2372 1830 2373
f 2372 2373 2328
f 2328 2373 2374
f 2328 2374 2327
f 2327 2374 2326
f 2326 1964 1961
f 2324 1961 1963
f 1963 1962 2302
f 1830 1829 2375
f 1830 2375 2373
f 2374 2373 2375
f 2374 2375 2376
f 2374 2376 2377
f 2374 2377 2326
f 2326 2377 1964
f 1964 2377 1965
f 2346 2378 2345
f 2343 2361 2344
f 2344 2361 2346
f 2346 2361 1827
f 2360 1827 2361
f 2343 2342 2348
f 2348 2342 2362
f 2378 2346 2379
f 2379 2346 2380
f 2379 2380 2381
f 2381 2380 2382
f 2347 2332 2334
f 2348 2334 2336
f 2349 2350 2360
f 2360 2350 2359
f 2359 2350 2352
f 2359 2352 2383
f 2359 2383 1825
f 2358 2384 2385
f 2358 2385 2386
f 2385 2387 2386
f 2386 2387 1826
f 1826 2380 1827
f 2346 1827 2380
f 2382 2380 1826
f 2387 2385 2388
f 2371 2378 2379
f 2382 1826 2389
f 2389 1826 2387
f 2332 2333 2334
f 2334 2335 2336
f 2336 2337 2349
f 2349 2337 2350
f 1825 2383 2386
f 1827 2359 1825
f 1826 1825 2386
f 1968 1828 1830
f 1968 1830 2390
f 2390 2391 1968
f 1966 1968 2391
f 2391 2390 2392
f 2391 2381 2393
f 2393 2381 2382
f 2393 2382 2389
f 2389 2387 2394
f 2394 2387 2388
f 1966 2393 2389
f 1966 2389 2395
f 2395 2389 2394
f 1966 2395 1970
f 2390 1830 2372
f 2390 2372 2364
f 2390 2364 2392
f 2392 2364 2365
f 2392 2365 2396
f 2396 2365 2371
f 2366 2283 2210
f 2366 2210 2397
f 2397 2210 2369
f 2397 2369 2330
f 2330 2369 2208
f 2330 2208 2195
f 2194 2195 2207
f 2194 2207 1875
f 2189 1878 2193
f 2189 2193 1880
f 2391 2393 1966
f 2395 2394 1970
f 1970 2394 1971
f 2384 2398 2385
f 2385 2398 2388
f 1835 2332 2330
f 2330 2332 2397
f 2397 2332 2347
f 2397 2347 2366
f 2366 2347 2367
f 2367 2347 2362
f 2367 2362 2342
f 2367 2342 2368
f 2368 2342 2345
f 2370 2345 2378
f 2370 2378 2371
f 2396 2371 2379
f 2396 2379 2392
f 2392 2379 2381
f 2392 2381 2391
f 2388 2398 2394
f 2355 2358 2386
f 2355 2386 2383
f 2355 2383 2352
f 2351 2350 2337
f 2354 2337 2335
f 2353 2335 2333
f 1834 1836 2331
f 2399 2400 2401
f 2399 2401 2402
f 2402 2401 2403
f 2402 2403 2404
f 2404 2403 1804
f 2405 267 2406
f 267 2407 2406
f 2406 2407 2408
f 2407 2409 2408
f 2408 2409 2410
f 2410 2409 2411
f 2409 186 2411
f 2411 186 2412
f 2413 2405 2406
f 2413 2406 2414
f 2414 2406 2408
f 2414 2408 2415
f 2415 2408 2410
f 2415 2410 2416
f 2411 2417 2416
f 2411 2416 2410
f 2414 2415 2418
f 2414 2418 2419
f 2414 2419 2413
f 2413 2419 2420
f 2420 2421 2413
f 2413 2421 2405
f 2422 2423 2424
f 2402 2425 2399
f 2399 2425 2400
f 2400 2425 2426
f 2427 2428 2429
f 2429 2428 2430
f 2425 2420 2431
f 2425 2431 2426
f 2400 2426 2428
f 2428 2432 2430
f 2430 2432 1821
f 1821 1820 2433
f 1815 1814 1820
f 2434 1822 2433
f 2433 1822 1824
f 2433 1824 1821
f 2432 2435 1815
f 2432 1815 1821
f 2420 2436 2437
f 2420 2437 2431
f 2428 2426 2435
f 2428 2435 2432
f 2438 2439 2440
f 2440 2439 2441
f 1816 1819 1813
f 1811 1810 1818
f 2179 2434 2433
f 2442 2433 1820
f 2442 1820 1814
f 2443 1814 1816
f 2443 1816 1813
f 1810 1809 1812
f 2442 1814 2444
f 2442 2444 2445
f 2445 2444 2446
f 2445 2446 2447
f 2447 2446 2448
f 2447 2448 2449
f 2449 2448 2450
f 2449 2450 2190
f 2190 2450 2191
f 2198 2191 2450
f 2198 2450 2451
f 2451 2450 2448
f 2451 2448 2452
f 2452 2448 2453
f 2453 2448 2446
f 2453 2446 2454
f 2454 2446 2444
f 2454 2444 2455
f 2455 2444 1814
f 2455 1814 2443
f 2456 1809 1811
f 2456 1811 2457
f 2439 2458 2441
f 2441 2458 1811
f 1816 1815 2435
f 1816 2435 1819
f 1813 1817 1810
f 1818 2441 1811
f 2457 1811 2458
f 2459 2458 2439
f 1809 2456 2188
f 1809 2188 1812
f 1812 2188 2460
f 1812 2460 2443
f 2443 2460 2455
f 2455 2460 2461
f 2455 2461 2454
f 2454 2461 1881
f 2454 1881 1880
f 2454 1880 2453
f 2453 1880 2193
f 2453 2193 2452
f 2452 2193 2192
f 2452 2192 2451
f 2451 2192 2303
f 2451 2303 2198
f 2198 2303 2200
f 2304 2305 2306
f 2306 2305 2462
f 2306 2462 2308
f 2306 2308 2307
f 2307 2308 2310
f 2307 2310 2294
f 2280 2167 2295
f 2295 2167 2279
f 2295 2279 2278
f 1888 2463 1889
f 1885 1889 1886
f 1893 1891 1894
f 1894 1891 1890
f 2457 1890 1889
f 2457 1889 2456
f 2456 1889 1885
f 2456 1885 2188
f 2460 2188 1884
f 2460 1884 2461
f 2461 1884 1881
f 2192 2203 2303
f 2303 2203 2205
f 2213 2282 2305
f 2305 2282 2322
f 2305 2322 2462
f 2462 2322 2311
f 2462 2311 2308
f 2309 2323 2310
f 2310 2323 2313
f 2301 2313 2324
f 2301 2324 2300
f 2300 2324 1963
f 2300 2302 1960
f 1813 1812 2443
f 2433 2442 2179
f 2179 2442 2445
f 2179 2445 2447
f 2179 2447 2187
f 2187 2447 2277
f 2277 2447 2449
f 2277 2449 2276
f 2276 2449 2190
f 1831 2278 2165
f 2164 2166 2172
f 2164 2172 2154
f 2153 2168 2152
f 2152 2168 2155
f 2152 2155 2145
f 2145 2155 2149
f 2145 2149 2146
f 2146 2149 2147
f 2146 2147 2139
f 2464 2411 2412
f 2411 2464 2417
f 2416 2417 1808
f 2418 2465 2424
f 2418 2424 2423
f 1807 2466 1808
f 1808 2466 2467
f 2467 2466 2468
f 2467 2468 2465
f 2465 2468 2440
f 2465 2440 2424
f 2424 2440 2469
f 2424 2469 2422
f 2470 2471 1806
f 2470 2472 2471
f 2464 2412 2473
f 2412 2474 2473
f 2475 2474 2476
f 2473 2474 2475
f 2473 2475 2477
f 323 2478 2479
f 323 2479 2476
f 2476 2479 2480
f 2476 2480 2475
f 2475 2480 2477
f 2436 2420 2419
f 2436 2419 2423
f 2423 2419 2418
f 2465 2418 2415
f 2465 2415 2467
f 2467 2415 2416
f 2467 2416 1808
f 1806 1808 2417
f 1806 2417 2464
f 1806 2464 2481
f 2481 2464 2482
f 2482 2464 2473
f 2482 2473 2477
f 2482 2477 2483
f 2483 2477 2480
f 2483 2480 2484
f 2484 2480 2479
f 2483 2485 2486
f 2483 2486 2487
f 2483 2487 2482
f 2482 2487 2488
f 2482 2488 2481
f 2481 2488 2470
f 2478 2489 2490
f 2491 2492 2493
f 2491 2493 2485
f 2485 2493 2494
f 2485 2494 2486
f 2478 2490 2479
f 2479 2490 2492
f 2479 2492 2484
f 2484 2492 2491
f 2484 2491 2485
f 2484 2485 2483
f 2481 2470 1806
f 2471 2472 2495
f 2471 2495 1807
f 2466 1807 2496
f 2466 2496 2468
f 2468 2496 2438
f 2468 2438 2440
f 2497 2495 2498
f 1894 1890 2458
f 2458 1890 2457
f 2430 1824 1823
f 2430 1823 2429
f 2498 2499 2459
f 1895 1897 2500
f 2500 1897 1892
f 2500 1892 2499
f 2499 1892 1894
f 2499 1894 2459
f 2459 1894 2458
f 2439 2438 2459
f 2459 2438 2496
f 2459 2496 2498
f 2498 2496 2497
f 2501 2502 2503
f 2503 2502 2504
f 2505 2506 2494
f 2505 2494 2493
f 2505 2493 2507
f 2507 2493 2508
f 2506 2505 2509
f 2506 2509 2510
f 2510 2509 2511
f 2510 2511 2504
f 2504 2511 2503
f 2508 2512 2513
f 2513 2514 2515
f 2505 2507 2516
f 2505 2516 2509
f 2503 2511 2517
f 2518 2519 2520
f 2521 2519 2518
f 2522 2518 2520
f 2522 2520 2523
f 2523 2520 2524
f 2519 2501 2520
f 2520 2517 2524
f 2524 2517 2525
f 2524 2525 1899
f 1899 2525 2526
f 2498 2495 2521
f 2498 2521 2499
f 2499 2521 2518
f 2499 2518 2500
f 2500 2518 2522
f 2500 2522 1895
f 1895 2522 2523
f 1895 2523 1898
f 1898 2523 2524
f 1898 2524 1902
f 1902 2524 1899
f 1819 2431 1817
f 1817 2431 2437
f 1817 2437 1818
f 1818 2437 2422
f 1818 2422 2441
f 2441 2422 2469
f 2441 2469 2440
f 2497 2496 1807
f 2497 1807 2495
f 2521 2495 2472
f 2521 2472 2519
f 2519 2472 2501
f 2520 2501 2517
f 2509 2516 2527
f 2509 2527 2511
f 2511 2527 2528
f 2511 2528 2517
f 2493 2512 2508
f 2513 2222 2260
f 2513 2260 2508
f 2508 2260 2220
f 2508 2220 2219
f 2508 2219 2529
f 2527 2530 2531
f 2527 2531 2532
f 2515 2222 2513
f 2507 2508 2529
f 2507 2529 2516
f 2516 2529 2530
f 2516 2530 2527
f 2527 2532 2528
f 2512 2514 2513
f 2490 2489 2514
f 2490 2514 2492
f 2492 2514 2512
f 2492 2512 2493
f 2494 2506 2486
f 2486 2506 2510
f 2486 2510 2487
f 2487 2510 2504
f 2487 2504 2488
f 2488 2504 2502
f 2488 2502 2470
f 2470 2502 2472
f 2533 2534 2535
f 2536 2534 2537
f 2537 2534 2533
f 2538 2536 2539
f 2539 2536 2537
f 2537 2533 2540
f 2541 2542 2543
f 2542 2540 2544
f 2545 2546 2547
f 2548 2538 2539
f 2549 2536 2550
f 2550 2536 2538
f 2551 2545 2547
f 2551 2547 2552
f 2552 2547 2553
f 2554 2555 2556
f 2556 2557 2558
f 2558 2557 2559
f 331 2535 2555
f 2557 2550 2559
f 2559 2550 2560
f 2553 2554 2556
f 2553 2556 2561
f 2548 2541 2562
f 2541 2563 2562
f 2564 2543 2565
f 2548 2539 2541
f 2541 2539 2542
f 2542 2539 2537
f 2542 2537 2540
f 2540 221 2544
f 2566 1805 2567
f 2566 2568 1805
f 2568 258 1805
f 2421 2402 2404
f 2421 2404 2405
f 2405 2404 267
f 267 1804 258
f 2403 2567 1804
f 1804 267 2404
f 2402 2421 2425
f 2425 2421 2420
f 2436 2423 2437
f 2437 2423 2422
f 1805 1804 2567
f 2567 2403 2401
f 2569 2568 2566
f 2569 2566 2570
f 2570 2566 2571
f 2571 2566 2567
f 2571 2567 2572
f 2572 2567 2573
f 2573 2567 2401
f 2574 2544 2575
f 2574 2575 2576
f 2576 2575 2577
f 2578 2579 2580
f 2580 2579 2581
f 2581 2572 2582
f 2582 2572 2583
f 2584 2551 2552
f 2585 2552 2553
f 2585 2553 2586
f 2586 2553 2561
f 2546 331 2554
f 2561 2556 2558
f 2555 2534 2587
f 2587 2549 2557
f 2557 2549 2550
f 2554 331 2555
f 2556 2555 2587
f 2556 2587 2557
f 2558 2586 2561
f 2554 2553 2547
f 2554 2547 2546
f 2562 2588 2589
f 2562 2589 2560
f 2560 2589 2590
f 2560 2590 2559
f 2549 2534 2536
f 2538 2548 2562
f 2563 2588 2562
f 2562 2560 2538
f 2538 2560 2550
f 2549 2587 2534
f 2534 2555 2535
f 2591 2592 2593
f 2593 2564 2591
f 2559 2590 2594
f 2559 2594 2558
f 2558 2594 2595
f 2558 2595 2586
f 2552 2585 2596
f 2588 2597 2589
f 2589 2597 2598
f 2589 2598 2590
f 2590 2598 2599
f 2590 2599 2594
f 2586 2595 2600
f 2586 2600 2585
f 2552 2596 2601
f 2552 2601 2584
f 2601 2596 2602
f 2602 2596 1983
f 2602 1983 1982
f 2602 1982 2603
f 2603 1982 1995
f 2603 1995 1942
f 1942 1995 2002
f 1944 2604 1942
f 1942 2604 2603
f 2603 2604 1977
f 2603 1977 1976
f 2603 1976 2602
f 2602 1976 1980
f 2602 1980 2601
f 1985 1983 2605
f 2605 1983 2606
f 1999 1986 2607
f 2607 1986 2608
f 2607 2608 2609
f 2609 2608 2610
f 2610 2611 2612
f 1986 1985 2608
f 2608 1985 2605
f 2608 2605 2610
f 2610 2605 2606
f 2610 2606 2611
f 1985 1981 1983
f 1983 2596 2606
f 2606 2596 2585
f 1909 1910 2613
f 2613 1910 1940
f 2613 1940 2614
f 2019 2014 2003
f 2019 2003 2615
f 2616 2617 1988
f 1988 2617 2618
f 2618 2612 2619
f 2619 2612 2620
f 2619 2620 2621
f 2619 1987 2618
f 2618 1987 1988
f 1988 1989 1993
f 1988 1993 2616
f 2616 1993 2016
f 2616 2016 2622
f 2622 2016 2015
f 2622 2015 2615
f 2615 2015 2019
f 2019 2022 2025
f 2019 2025 2014
f 2014 2025 2011
f 2011 2025 2034
f 2011 2034 2012
f 2621 2614 2619
f 2619 2614 1940
f 2619 1940 1987
f 1987 1940 1939
f 1987 1939 1937
f 2039 1858 1860
f 2039 1860 2006
f 2001 2005 2002
f 2001 2000 2004
f 2003 1998 2615
f 2615 1998 1999
f 2615 1999 2622
f 2622 1999 2607
f 2622 2607 2616
f 2616 2607 2609
f 2616 2609 2617
f 2617 2609 2610
f 2617 2610 2618
f 2618 2610 2612
f 2597 2623 2624
f 2597 2624 2598
f 2594 2599 2621
f 2594 2621 2595
f 2595 2621 2620
f 2595 2620 2600
f 2584 2601 1980
f 2623 1914 1907
f 2623 1907 2624
f 2624 1907 1909
f 2624 1909 2598
f 2598 1909 2613
f 2598 2613 2599
f 2599 2613 2614
f 2599 2614 2621
f 2600 2620 2612
f 2600 2612 2611
f 2600 2611 2585
f 2585 2611 2606
f 2625 1916 2623
f 1916 1915 1913
f 2623 1916 1914
f 1914 1916 1913
f 2626 2627 1916
f 2565 2628 2629
f 2629 2628 2630
f 2542 2544 2574
f 2576 2577 2631
f 2631 2577 2578
f 2631 2578 2632
f 2632 2578 2580
f 2580 2581 1803
f 1803 2581 2582
f 2591 2633 2634
f 2564 2633 2591
f 2634 2635 2636
f 2633 2629 2634
f 2634 2629 2635
f 2543 2542 2565
f 2637 2638 2639
f 221 2569 2575
f 2575 2569 2570
f 2570 2571 2579
f 2579 2571 2640
f 2573 2401 2641
f 2544 221 2575
f 2577 2575 2570
f 2577 2570 2578
f 2578 2570 2579
f 2579 2640 2581
f 2581 2640 2572
f 2572 2573 2583
f 2583 2573 2641
f 2583 2641 2642
f 1916 2627 1917
f 2625 2643 2626
f 2625 2626 1916
f 2636 2644 2645
f 2591 2626 2643
f 2591 2643 2592
f 2626 2591 2634
f 2626 2634 2627
f 2627 2634 2636
f 2627 2636 1917
f 1917 2636 2645
f 2638 1803 1802
f 2638 1802 2639
f 2623 2597 2625
f 2625 2597 2643
f 2643 2597 2588
f 2643 2588 2592
f 2592 2588 2563
f 2592 2563 2593
f 2593 2563 2541
f 2593 2541 2543
f 2593 2543 2564
f 2564 2565 2633
f 2633 2565 2629
f 2629 2630 2635
f 2635 2630 2637
f 2635 2637 2646
f 2646 2637 2639
f 2646 2639 2647
f 1802 1801 2648
f 2645 1920 1918
f 1921 1920 2645
f 1921 2645 2644
f 2089 2087 1919
f 2089 1919 1921
f 2644 2646 2649
f 2649 2647 2650
f 2650 2647 2651
f 2650 2651 2088
f 2088 2651 2652
f 2088 2652 2653
f 2653 2652 2654
f 2653 2654 2655
f 2653 2655 2656
f 2656 2655 2657
f 2656 2657 2658
f 2658 2657 1925
f 2659 2648 2660
f 2659 2660 2652
f 2652 2660 2654
f 2661 2662 2663
f 2663 2662 2182
f 2182 2662 2181
f 2644 2649 1921
f 1921 2649 2650
f 1921 2650 2089
f 2089 2650 2088
f 2088 2653 2086
f 2086 2653 2656
f 2086 2656 1923
f 1923 2656 2658
f 1923 2658 1925
f 2664 2665 2666
f 2666 2665 1801
f 2666 1801 2582
f 2582 1801 1803
f 2638 2637 2632
f 2632 2637 2630
f 2632 2630 2631
f 2631 2630 2628
f 2574 2565 2542
f 2659 1802 2648
f 2648 2665 2660
f 2660 2665 2654
f 2654 2665 2661
f 2661 1822 2662
f 2662 1822 2434
f 2662 2434 2180
f 2662 2180 2181
f 2667 1823 1822
f 2659 2647 2639
f 2659 2639 1802
f 2648 1801 2665
f 2665 2664 1822
f 2665 1822 2661
f 2565 2574 2576
f 2565 2576 2628
f 2628 2576 2631
f 2632 2580 2638
f 2638 2580 1803
f 2582 2583 2666
f 2666 2583 2642
f 2666 2642 2668
f 2666 2668 2664
f 2664 2668 2667
f 2664 2667 1822
f 1918 1917 2645
f 2644 2636 2646
f 2646 2636 2635
f 2649 2646 2647
f 2647 2659 2651
f 2651 2659 2652
f 2654 2661 2655
f 2655 2661 2663
f 2655 2663 2657
f 2657 2663 2182
f 2531 2526 2532
f 2532 2526 2525
f 2532 2525 2528
f 2528 2525 2517
f 2503 2517 2501
f 2502 2501 2472
f 1806 2471 1807
f 2426 2431 1819
f 2426 1819 2435
f 1821 1824 2430
f 2400 2428 2427
f 2400 2427 2641
f 2400 2641 2401
f 2529 2219 2243
f 2529 2243 2530
f 2530 2243 1838
f 2530 1838 2531
f 2531 1838 1837
f 2531 1837 2526
f 2526 1837 2216
f 2526 2216 1899
f 1899 2216 2215
f 1899 2215 1900
f 2215 1905 1904
f 2640 2571 2572
f 2642 2641 2427
f 2642 2427 2668
f 2668 2427 2429
f 2668 2429 2667
f 2667 2429 1823
f 2434 2179 2180
f 2657 2182 2111
f 2657 2111 1925
f 1925 2111 2095
f 2093 2097 2038
f 2033 2038 2037
f 2037 2065 2036
f 2036 2065 2184
f 2036 2184 2035
f 2035 2184 2034
f 2034 2184 2185
f 2034 2185 2012
f 2012 2185 2186
f 2012 2186 2013
f 2013 2186 2043
f 2013 2043 2010
f 2006 2010 2042
f 2669 2670 2671
f 2672 2673 2674
f 2675 2676 2672
f 2672 2676 2673
f 2677 2678 2679
f 2671 2670 2680
f 2671 2680 2681
f 2681 2680 2682
f 2682 2680 2683
f 2680 2684 2683
f 2683 2684 2685
f 2679 2678 2686
f 2685 2684 2687
f 2684 2688 2687
f 2687 2688 2689
f 2689 2688 2690
f 2691 2692 2689
f 2693 2670 2669
f 2674 2673 2694
f 2694 2673 2695
f 2669 2679 2696
f 2697 2698 2669
f 2699 2700 2679
f 2679 2700 2677
f 2698 2701 2669
f 2701 2702 2669
f 2669 2702 2703
f 2704 2692 2705
f 2704 2705 2706
f 2706 2705 2707
f 2706 2707 2674
f 2674 2707 2672
f 2669 2696 2693
f 2669 2703 2679
f 2679 2703 2699
f 2692 2708 2689
f 2689 2708 2709
f 2710 2711 2692
f 2704 2712 2692
f 2692 2712 2710
f 2694 2695 2679
f 2694 2679 2686
f 2711 2708 2692
f 2713 2691 2690
f 2690 2691 2689
f 2696 2714 2693
f 2715 2716 2717
f 2689 2709 2718
f 2718 2719 2689
f 2689 2719 2720
f 2693 2714 2717
f 2717 2714 2715
f 2716 2713 2690
f 2716 2715 2675
f 2675 2715 2676
f 2690 2717 2716
f 2721 2722 2723
f 2724 2725 2726
f 2727 2728 2729
f 2730 2731 2732
f 2733 2734 2735
f 2736 2737 2738
f 2739 2740 2741
f 2742 2743 2744
f 2745 2742 2746
f 2721 2747 2748
f 2749 2750 2751
f 2751 2750 2752
f 2753 2754 2755
f 2754 2756 2755
f 2755 2756 2757
f 2758 2759 2760
f 2760 2759 2757
f 2760 2757 2756
f 2761 2762 2763
f 2763 2762 2758
f 2758 2762 2759
f 2764 2765 2766
f 2766 2765 2761
f 2761 2765 2762
f 2767 2768 2769
f 2770 2771 2772
f 2773 2774 2775
f 2773 2776 2777
f 2776 2773 2778
f 2779 2780 2781
f 2781 2780 2782
f 2781 2782 2783
f 2781 2783 2784
f 2784 2785 2786
f 2786 2785 2787
f 2788 2789 2790
f 2791 2741 2792
f 2793 2794 2795
f 2794 2743 2796
f 2796 2743 2797
f 2798 2799 2800
f 2801 2799 2802
f 2803 2804 2802
f 2805 2806 2807
f 2805 2807 2808
f 2685 2809 2810
f 2685 2810 2811
f 2811 2810 2812
f 2811 2812 2813
f 2811 2813 2814
f 2815 2816 2817
f 2818 2819 2820
f 2818 2820 2821
f 2756 2822 2760
f 2760 2822 2823
f 2824 2825 2826
f 2824 2826 2827
f 2828 2829 2830
f 2831 2832 2833
f 2834 2835 2833
f 2833 2835 2831
f 2834 2836 2681
f 2834 2681 2835
f 2835 2681 2837
f 2838 2839 2835
f 2835 2839 2831
f 2840 2841 2838
f 2842 2843 2844
f 2844 2843 2841
f 2845 2846 2842
f 2697 2847 2848
f 2698 2697 2848
f 2698 2848 2845
f 2703 2849 2699
f 2678 2850 2686
f 2851 2852 2853
f 2853 2852 2854
f 2853 2854 2855
f 2856 2857 2858
f 2859 2860 2857
f 2861 2862 2863
f 2863 2862 2860
f 2863 2860 2859
f 2864 2862 2861
f 2864 2865 2862
f 2706 2865 2864
f 2866 2710 2712
f 2867 2709 2708
f 2868 2720 2869
f 2870 2871 2872
f 2870 2872 2869
f 2814 2873 2874
f 2811 2814 2874
f 2875 2876 2877
f 2878 2879 2877
f 2877 2879 2875
f 2875 2879 2880
f 2881 2882 2883
f 2883 2882 2884
f 2876 2883 2885
f 2886 2885 2884
f 2886 2884 2887
f 2885 2883 2884
f 2888 2889 2890
f 2888 2886 2887
f 2888 2887 2889
f 2842 2844 2891
f 2842 2891 2845
f 2845 2891 2698
f 2698 2891 2892
f 2698 2892 2701
f 2701 2892 2893
f 2701 2893 2702
f 2702 2893 2894
f 2895 2896 2849
f 2849 2896 2897
f 2702 2894 2703
f 2703 2894 2895
f 2703 2895 2849
f 2897 2898 2899
f 2700 2699 2899
f 2899 2699 2849
f 2899 2849 2897
f 2677 2700 2899
f 2677 2899 2898
f 2803 2900 2880
f 2875 2880 2883
f 2883 2880 2881
f 2881 2880 2900
f 2901 2902 2903
f 2904 2905 2906
f 2903 2902 2907
f 2907 2908 2909
f 2910 2911 2912
f 2913 2914 2912
f 2900 2910 2881
f 2911 2799 2798
f 2911 2798 2913
f 2913 2798 2800
f 2802 2799 2803
f 2745 2746 2800
f 2800 2746 2913
f 2913 2912 2911
f 2799 2911 2910
f 2799 2910 2803
f 2803 2910 2900
f 2914 2915 2912
f 2912 2916 2910
f 2910 2916 2881
f 2913 2746 2917
f 2913 2917 2914
f 2914 2917 2918
f 2914 2918 2919
f 2743 2742 2745
f 2746 2742 2744
f 2917 2746 2744
f 2917 2744 2920
f 2920 2744 2793
f 2898 2921 2677
f 2898 2903 2921
f 2677 2921 2850
f 2922 2850 2905
f 2905 2850 2921
f 2905 2921 2923
f 2923 2921 2903
f 2923 2906 2905
f 2922 2905 2924
f 2686 2922 2694
f 2678 2677 2850
f 2850 2922 2686
f 2925 2924 2905
f 2925 2905 2904
f 2922 2924 2694
f 2694 2924 2925
f 2793 2744 2794
f 2794 2744 2743
f 2743 2745 2797
f 2797 2745 2926
f 2745 2800 2926
f 2926 2927 2797
f 2795 2928 2793
f 2793 2929 2920
f 2920 2930 2917
f 2917 2930 2918
f 2914 2919 2915
f 2912 2915 2916
f 2916 2931 2881
f 2881 2931 2882
f 2889 2887 2932
f 2889 2932 2901
f 2901 2932 2931
f 2901 2931 2902
f 2902 2931 2908
f 2904 2919 2930
f 2933 2930 2929
f 2851 2925 2934
f 2935 2936 2929
f 2929 2936 2933
f 2930 2933 2904
f 2740 2739 2935
f 2935 2739 2936
f 2936 2937 2933
f 2933 2925 2904
f 2938 2939 2940
f 2940 2941 2937
f 2937 2941 2934
f 2852 2934 2941
f 2925 2933 2937
f 2937 2936 2940
f 2940 2936 2739
f 2934 2925 2937
f 2940 2739 2938
f 2938 2739 2741
f 2939 2942 2943
f 2944 2942 2938
f 2938 2942 2939
f 2945 2946 2947
f 2945 2947 2948
f 2948 2947 2854
f 2948 2854 2949
f 2949 2854 2950
f 2950 2852 2941
f 2941 2939 2950
f 2950 2939 2949
f 2946 2945 2737
f 2851 2934 2852
f 2852 2950 2854
f 2855 2854 2947
f 2855 2947 2951
f 2951 2947 2946
f 2951 2946 2952
f 2953 2952 2946
f 2953 2946 2737
f 2953 2737 2736
f 2943 2942 2954
f 2954 2955 2737
f 2942 2944 2954
f 2954 2944 2955
f 2955 2944 2956
f 2955 2956 2957
f 2791 2958 2956
f 2956 2958 2957
f 2959 2792 2740
f 2740 2792 2741
f 2741 2791 2938
f 2938 2791 2944
f 2944 2791 2956
f 2954 2737 2945
f 2954 2945 2943
f 2943 2945 2948
f 2943 2948 2949
f 2943 2949 2939
f 2940 2939 2941
f 2960 2961 2962
f 2962 2953 2736
f 2963 2964 2738
f 2964 2960 2736
f 2736 2960 2962
f 2953 2962 2961
f 2953 2961 2952
f 2965 2963 2966
f 2967 2968 2969
f 2969 2968 2970
f 2970 2971 2972
f 2972 2971 2957
f 2972 2957 2958
f 2967 2973 2965
f 2967 2965 2968
f 2968 2965 2974
f 2974 2965 2966
f 2970 2968 2974
f 2970 2974 2971
f 2971 2974 2957
f 2964 2963 2975
f 2976 2964 2975
f 2977 2733 2735
f 2978 2979 2980
f 2978 2980 2981
f 2979 2773 2980
f 2982 2983 2984
f 2984 2983 2985
f 2985 2983 2986
f 2985 2986 2987
f 2983 2978 2986
f 2986 2978 2981
f 2988 2989 2984
f 2988 2984 2990
f 2990 2984 2991
f 2990 2991 2992
f 2992 2991 2993
f 2989 2982 2984
f 2984 2985 2991
f 2991 2985 2987
f 2991 2987 2993
f 2773 2979 2778
f 2778 2979 2994
f 2778 2994 2995
f 2996 2988 2997
f 2997 2988 2990
f 2997 2990 2998
f 2998 2990 2992
f 2998 2992 2999
f 2979 3000 3001
f 2979 3001 2994
f 3001 3000 3002
f 2989 3003 3004
f 2982 2989 3004
f 2982 3004 3005
f 3005 3004 3006
f 3005 3006 3002
f 2735 3007 3008
f 3008 3007 3009
f 3008 3009 3010
f 3010 3009 3011
f 3010 3011 3012
f 3012 3011 3013
f 3014 3015 3016
f 3014 3016 3017
f 2999 2977 3008
f 2999 3008 2998
f 2998 3008 3010
f 2998 3010 3012
f 2998 3012 2997
f 2997 3012 2996
f 3018 3017 3019
f 2977 2735 3008
f 3012 3013 2996
f 2996 3013 3014
f 2996 3014 3018
f 3018 3014 3017
f 3004 3003 3020
f 3004 3020 3006
f 3002 3006 3021
f 3002 3021 3022
f 3022 3021 3023
f 3023 3021 3024
f 3024 3021 3025
f 3025 3021 3006
f 3025 3006 3020
f 3026 3025 3020
f 3026 3020 3027
f 3016 3028 3017
f 3017 3028 3029
f 3017 3029 3019
f 3019 3030 3026
f 3024 3025 3031
f 3019 3026 3027
f 3019 3027 3018
f 3000 2982 3002
f 3002 2982 3005
f 3001 3002 3022
f 3001 3022 2994
f 2994 3022 3032
f 3032 3022 3023
f 3019 3029 3030
f 3026 3030 3033
f 3026 3033 3025
f 2736 2738 2964
f 2960 2964 2976
f 3034 3035 3036
f 3036 2732 3034
f 2790 2973 2967
f 2790 2967 2788
f 2788 2967 2969
f 3037 3038 2790
f 2790 3038 2973
f 3037 3039 3038
f 3038 2975 2973
f 3040 2960 3035
f 3041 3042 2856
f 2731 3042 2732
f 2732 3042 3041
f 3043 2864 3044
f 3044 2864 2861
f 3044 3045 3043
f 3042 2731 3046
f 3042 3046 2856
f 3047 3048 3049
f 3047 3049 2731
f 2731 3049 3046
f 3046 3049 2859
f 3048 3050 3049
f 3049 3050 2863
f 3049 2863 2859
f 2732 3036 2730
f 3051 3047 3052
f 3048 3051 3053
f 3054 3039 3037
f 2730 3039 3054
f 2730 3054 3055
f 2955 2957 2974
f 2955 2974 2966
f 2955 2966 2737
f 2737 2966 2738
f 2738 2966 2963
f 2963 2965 2975
f 2975 2965 2973
f 2976 2975 3038
f 2976 3038 3039
f 3036 3039 2730
f 2790 2789 3056
f 2790 3056 3037
f 3037 3056 3057
f 3037 3057 3054
f 3054 3057 3058
f 3054 3058 3055
f 3055 3058 3059
f 3055 3059 3052
f 3052 3059 3060
f 3052 3060 3061
f 3061 3060 3062
f 3061 3062 2787
f 3040 3035 3063
f 3063 3035 3034
f 3063 3034 3041
f 3041 3034 2732
f 2731 2730 3047
f 3048 3053 3044
f 3048 3044 3050
f 3050 3044 2861
f 3050 2861 2863
f 3055 3052 3047
f 3055 3047 2730
f 3039 3036 2976
f 2976 3036 3035
f 2976 3035 2960
f 2960 3040 2961
f 2866 2712 2704
f 2866 2704 3064
f 3064 2704 2706
f 3064 2706 3065
f 2866 3066 2710
f 2710 3067 2711
f 3068 3029 3069
f 3030 3029 3068
f 3030 3068 3033
f 3070 3033 3068
f 3068 3069 3071
f 3066 3028 3067
f 2867 3072 2709
f 2709 3072 3073
f 2709 3073 2718
f 3031 3033 3074
f 3074 3033 3070
f 3071 3075 3068
f 3068 3075 3070
f 3031 3076 3024
f 3024 3076 3023
f 3023 3077 3032
f 2994 3032 2995
f 3023 3076 3077
f 3075 3078 3070
f 3070 3078 3074
f 3074 3079 3031
f 3031 3079 3076
f 3076 3080 3077
f 3074 3078 3079
f 3076 3079 3080
f 3080 3081 3082
f 3079 2728 2727
f 3078 2728 3079
f 3079 2727 3080
f 3080 2727 3081
f 3065 3083 3084
f 3065 3084 3064
f 2706 2864 3065
f 3085 3083 3086
f 3086 3083 3065
f 3044 3053 3045
f 3087 3045 3088
f 2787 3089 3061
f 3061 3089 3052
f 3052 3089 3053
f 3052 3053 3051
f 3051 3048 3047
f 2787 3088 3089
f 3089 3088 3045
f 3089 3045 3053
f 2784 2783 2785
f 2867 2708 2711
f 2867 2711 3067
f 3067 2710 3066
f 3066 2866 3069
f 3069 2866 3064
f 3069 3064 3084
f 3090 3083 3085
f 3090 3085 3091
f 3092 3091 3093
f 3094 3093 3095
f 3094 3095 3087
f 3087 3095 3086
f 3096 3090 3091
f 2728 3078 3096
f 3096 3078 3090
f 3090 3078 3075
f 3090 3075 3071
f 3090 3071 3084
f 3084 3071 3069
f 2729 2728 3096
f 3097 2870 2869
f 3097 2869 3007
f 3007 2869 2720
f 3007 2720 2719
f 3007 2719 3009
f 3009 2719 3011
f 3011 2719 2718
f 3011 2718 3073
f 3072 2867 3015
f 3015 2867 3016
f 3016 2867 3067
f 3016 3067 3028
f 3028 3066 3069
f 3084 3083 3090
f 2729 3098 2727
f 3099 2729 3096
f 3099 3096 3091
f 3093 3091 3085
f 3093 3085 3095
f 3095 3085 3086
f 2782 3100 3101
f 3099 3091 3092
f 2782 3101 2783
f 2783 3101 3094
f 2783 3094 3088
f 3087 3043 3045
f 3102 3099 3103
f 3103 3099 3092
f 3103 3092 3104
f 3100 3104 3092
f 3099 3102 2729
f 3081 2727 3105
f 2780 3106 3104
f 2780 3104 3100
f 3100 3092 3101
f 3101 3092 3093
f 3101 3093 3094
f 3088 3094 3087
f 3087 3086 3043
f 3043 3086 3065
f 3043 3065 2864
f 3046 2859 2857
f 3046 2857 2856
f 3041 2856 2858
f 3041 2858 3063
f 3062 2786 2787
f 2787 2785 3088
f 3088 2785 2783
f 3100 2782 2780
f 2780 2779 3106
f 3104 3106 3107
f 3104 3107 3103
f 3103 3107 3102
f 3102 3107 3108
f 3102 3108 2729
f 2729 3108 3098
f 2727 3098 3105
f 2753 3109 2754
f 2822 2756 3110
f 3110 2756 3111
f 2766 2761 3112
f 3112 2761 2763
f 3112 2763 3113
f 3114 3113 2758
f 3114 2758 2760
f 3115 3113 2823
f 2823 3113 3114
f 2823 3114 2760
f 2766 3112 2820
f 3116 2820 2819
f 3117 2820 3112
f 3117 3112 3113
f 2821 2820 3117
f 3115 3117 3113
f 2769 2764 2726
f 2769 2726 2725
f 2758 3113 2763
f 2766 3116 2764
f 2764 3116 2726
f 2815 3118 3119
f 3119 3118 3120
f 3120 3118 2726
f 3121 2767 2725
f 2772 3122 3123
f 2769 2725 2767
f 2767 3121 3124
f 2816 2815 3119
f 2816 3119 2818
f 2818 3119 2819
f 2819 3119 3120
f 2819 3120 3116
f 3125 2724 3126
f 3125 3126 3127
f 3128 3127 3126
f 3128 3126 2817
f 2817 3126 2815
f 2815 3126 2724
f 2815 2724 3118
f 3118 2724 2726
f 3121 3125 3129
f 3129 3125 3127
f 3124 3121 3129
f 3129 3127 3130
f 2725 2724 3121
f 3121 2724 3125
f 3127 3128 2683
f 3127 2683 3130
f 2768 2767 3131
f 3131 2767 3124
f 3124 3129 3132
f 3132 3129 3130
f 3130 2683 3133
f 3133 2683 2811
f 2811 2683 2685
f 3130 3134 3132
f 3132 3135 3124
f 3124 3135 3131
f 3122 3131 3136
f 3136 3131 3135
f 3136 3135 3137
f 3137 3135 3138
f 3137 3138 3139
f 3139 3138 3134
f 3139 3134 3140
f 3140 3134 3141
f 3141 2874 3142
f 3122 3136 3123
f 3123 3136 3137
f 3123 3137 3143
f 3143 3137 3139
f 3143 3139 3144
f 3144 3139 3140
f 3144 3140 3145
f 3145 3140 3146
f 3145 3146 3147
f 3147 3146 3148
f 3147 3148 3149
f 3140 3141 3146
f 3146 3141 3142
f 3146 3142 3148
f 2768 3131 3122
f 3135 3132 3138
f 3138 3132 3134
f 3134 3130 3133
f 3134 3133 3141
f 3141 3133 2811
f 3141 2811 2874
f 3144 3145 3150
f 3150 3145 3147
f 3147 3149 3151
f 2770 2772 3152
f 3153 3154 3155
f 2772 3123 3152
f 3152 3156 3153
f 3153 3156 3150
f 3153 3150 3154
f 3154 3150 3157
f 2770 3152 3158
f 3158 3152 3153
f 3158 3153 3159
f 3159 3153 3155
f 3160 2874 2873
f 2986 2981 3155
f 2986 3155 2987
f 2992 2993 3151
f 2992 3151 2999
f 2999 3151 3149
f 2999 3149 2977
f 2977 3149 3148
f 2977 3148 2733
f 2733 3148 3142
f 2733 3142 2734
f 2734 3142 2874
f 2734 2874 3160
f 2981 3159 3155
f 2987 3155 3154
f 2987 3154 2993
f 2993 3154 3157
f 2993 3157 3151
f 3151 3157 3147
f 3147 3157 3150
f 3150 3156 3144
f 3144 3156 3143
f 3143 3156 3152
f 3143 3152 3123
f 3158 3159 3161
f 3161 3159 2981
f 2771 2770 3162
f 3162 2770 3158
f 3162 3158 3163
f 3163 3158 3164
f 3164 3158 3161
f 3164 3161 2775
f 2775 3161 2773
f 3160 3165 2734
f 3161 2981 2980
f 3161 2980 2773
f 2774 2773 2777
f 2979 2978 3000
f 3000 2978 2983
f 3000 2983 2982
f 2989 2988 3003
f 3003 2988 2996
f 3003 2996 3018
f 3003 3018 3027
f 3003 3027 3020
f 3031 3025 3033
f 3069 3029 3028
f 3015 3014 3072
f 3072 3014 3013
f 3072 3013 3073
f 3073 3013 3011
f 3007 2735 3097
f 3097 2735 3165
f 3165 2735 2734
f 3166 2721 2748
f 2722 2721 3166
f 3167 3168 3169
f 3169 3170 3171
f 3172 2747 2721
f 3172 2721 3173
f 3173 2721 2723
f 3174 2747 3172
f 3174 3172 3175
f 3176 3170 3177
f 2827 2749 2824
f 2824 2749 3178
f 3178 2749 2751
f 3178 2751 3179
f 2749 3180 3181
f 2749 3181 2750
f 3182 3109 3180
f 3181 3180 3109
f 2749 2827 3180
f 3111 2754 3109
f 3111 3109 3182
f 3183 3184 3185
f 3186 3184 3176
f 3176 3184 3183
f 3187 3179 3188
f 3188 3179 3189
f 3188 3189 3190
f 2825 2824 3178
f 2825 3178 3187
f 3187 3178 3179
f 3188 3190 3191
f 3191 3190 3184
f 3189 3185 3190
f 3190 3185 3184
f 3191 3184 3186
f 3191 3186 3192
f 3193 3180 2826
f 2826 3180 2827
f 2756 2754 3111
f 3182 3193 3110
f 3182 3110 3111
f 2766 2820 3116
f 2726 3116 3120
f 3173 3194 3172
f 3172 3194 3175
f 3169 3174 3175
f 3167 3169 3175
f 3167 3175 3194
f 3195 3173 2723
f 3195 2723 3196
f 3197 3198 3199
f 2681 2682 2837
f 2837 2682 3200
f 3201 3168 3202
f 3202 3168 3197
f 3203 3197 3199
f 2830 2829 3204
f 3203 2828 3202
f 3202 2828 2830
f 3201 2830 3204
f 3201 3204 3177
f 3202 2830 3201
f 3203 3200 2828
f 2829 3192 3186
f 2829 3186 3204
f 3204 3186 3176
f 3204 3176 3177
f 3205 3196 3206
f 3206 3196 2723
f 3206 2723 2722
f 3166 2748 3207
f 3177 3170 3201
f 3202 3197 3203
f 3200 3203 3199
f 3200 3199 2837
f 3179 2751 2752
f 3179 2752 3189
f 3189 2752 3208
f 3189 3208 3185
f 3185 3208 3209
f 3185 3209 3183
f 3183 3209 3170
f 3170 3209 3171
f 3201 3169 3168
f 3167 3194 3198
f 3194 3173 3210
f 3210 3173 3195
f 3211 3196 3205
f 2877 3212 2878
f 2878 3212 2806
f 2806 3212 2807
f 2807 3213 2808
f 2808 3213 3214
f 3214 3213 3215
f 3215 3213 3216
f 3215 3216 3217
f 3217 3216 3218
f 3219 3220 3221
f 3219 3221 3222
f 3222 3221 3223
f 3222 3223 3224
f 3225 3223 3226
f 3225 3226 3227
f 3227 3226 3228
f 3227 3228 3229
f 3230 3231 3232
f 3232 3231 3233
f 3232 3233 3234
f 3234 3233 3235
f 3234 3235 3236
f 3236 3235 3237
f 3236 3237 3224
f 3224 3237 3205
f 3224 3205 3222
f 3222 3205 3206
f 3206 2722 3219
f 3219 2722 3166
f 3166 3207 3220
f 3166 3220 3219
f 3206 3219 3222
f 3224 3223 3236
f 3236 3223 3225
f 3236 3225 3234
f 3234 3225 3227
f 3234 3227 3232
f 3232 3227 3229
f 3232 3229 3230
f 3207 3238 3218
f 3207 3218 3220
f 3220 3218 3216
f 3220 3216 3221
f 3221 3216 3213
f 3221 3213 3223
f 3223 3213 2807
f 3223 2807 3226
f 3226 2807 3212
f 3226 3212 3228
f 3228 3212 2877
f 3228 2877 3229
f 3229 2885 2886
f 3229 2886 3230
f 3230 2886 3231
f 3231 2886 2888
f 3231 2888 3239
f 2890 3240 3239
f 3239 3240 3241
f 3241 3240 3242
f 3241 3242 3243
f 3241 3243 3244
f 3244 3243 3245
f 3244 3245 3246
f 3246 3245 3247
f 3246 3247 3248
f 3248 3247 3211
f 2903 3249 2901
f 2901 3249 3250
f 3251 3252 3240
f 3240 3252 3253
f 3254 3255 3256
f 3256 3255 3257
f 3256 3257 3247
f 3247 3257 3258
f 3247 3258 3259
f 3259 3258 3210
f 3259 3211 3247
f 3247 3245 3256
f 3256 3245 3243
f 3256 3243 3254
f 3254 3243 3260
f 3260 3243 3242
f 3260 3242 3253
f 3253 3242 3240
f 3240 2890 3251
f 3251 2890 2889
f 3251 2889 3250
f 3250 2889 2901
f 2907 2902 2908
f 2908 2915 2909
f 2906 2909 2919
f 2906 2919 2904
f 3198 3210 3199
f 3199 3210 3258
f 3199 3258 2837
f 2837 3258 2835
f 2835 3258 3257
f 2835 3257 2838
f 2838 3257 2840
f 2840 2844 2841
f 2893 3252 2894
f 2894 3252 2896
f 2894 2896 2895
f 2897 3249 2898
f 2898 3249 2903
f 2903 2909 2923
f 2923 2909 2906
f 3257 3255 2840
f 2840 3255 2844
f 2844 3255 3254
f 2844 3254 2891
f 2891 3254 3260
f 2891 3260 2892
f 2892 3260 3253
f 2892 3253 2893
f 2893 3253 3252
f 3252 3251 2896
f 2896 3251 3250
f 2896 3250 2897
f 2897 3250 3249
f 2903 2907 2909
f 2925 2851 2694
f 3193 3182 3180
f 3176 3183 3170
f 3170 3169 3201
f 3168 3167 3197
f 3197 3167 3198
f 3198 3194 3210
f 3210 3195 3259
f 3259 3195 3196
f 3259 3196 3211
f 3248 3211 3205
f 3248 3205 3237
f 3248 3237 3246
f 3246 3237 3235
f 3246 3235 3244
f 3244 3235 3233
f 3244 3233 3241
f 3241 3233 3231
f 3241 3231 3239
f 2890 3239 2888
f 2885 3229 2876
f 2876 3229 2877
f 2876 2875 2883
f 2887 2884 2882
f 2887 2882 2932
f 2932 2882 2931
f 2908 2931 2916
f 2908 2916 2915
f 2909 2915 2919
f 2919 2918 2930
f 2930 2920 2929
f 2929 2793 2935
f 2935 2793 2928
f 2935 2928 2740
f 2740 2928 2959
f 2775 2774 3261
f 3262 3263 2808
f 2808 3263 3264
f 3265 3266 2774
f 3266 3267 2774
f 2777 3265 2774
f 3268 3164 2775
f 3269 3270 3162
f 3162 3270 3271
f 3272 3271 3273
f 2771 3162 3272
f 3274 2771 3272
f 3274 3272 3275
f 3217 3276 3215
f 3215 3268 3261
f 3215 3261 3214
f 3214 3277 2808
f 2808 3277 3262
f 2808 3264 3278
f 2808 3278 2805
f 3163 3279 3280
f 3163 3280 3281
f 3163 3281 3162
f 3162 3281 3269
f 3218 3282 3276
f 3218 3276 3217
f 3282 3283 3276
f 3276 3283 3284
f 3276 3284 3279
f 3285 3282 3218
f 3162 3271 3272
f 3286 3272 3273
f 3272 3286 3285
f 3272 3285 3218
f 3267 3277 2774
f 2774 3277 3214
f 2774 3214 3261
f 3238 3275 3218
f 3218 3275 3272
f 3276 3268 3215
f 2775 3261 3268
f 3164 3268 3276
f 3164 3276 3163
f 3163 3276 3279
f 3287 1980 1979
f 2489 3288 3289
f 3289 3290 2489
f 3291 3290 3292
f 2478 3293 2489
f 2489 3293 3288
f 3291 3292 3294
f 2584 3294 3295
f 2584 3295 2551
f 2551 3295 3296
f 3296 3297 2551
f 3298 2545 2551
f 3298 2551 3297
f 3299 3300 2222
f 2222 3300 1975
f 2222 3301 3299
f 1978 3302 1979
f 1979 3302 3303
f 1979 3303 3304
f 3287 2515 3291
f 2514 2489 3291
f 2514 3291 2515
f 3287 1979 2222
f 3287 2222 2515
f 2489 3290 3291
f 3294 2584 3291
f 3291 2584 3287
f 2222 1979 3301
f 3301 1979 3304
f 3287 2584 1980
f 323 331 2478
f 2478 331 2546
f 2545 3298 3305
f 2545 3305 2546
f 2478 3305 3293
f 3305 2478 2546
f 3306 3307 3308
f 3308 3307 3309
f 3308 3309 3310
f 3308 3310 3311
f 3311 3310 3312
f 3311 3312 3313
f 3313 3312 3314
f 3313 3314 3315
f 3315 3314 3316
f 3315 3316 3317
f 3317 3316 3318
f 3318 3316 3307
f 3318 3307 3306
f 3319 3320 3321
f 3319 3321 3322
f 3322 3321 3323
f 3323 3321 3324
f 3323 3324 3325
f 3325 3324 3326
f 3325 3326 3327
f 3327 3326 3328
f 3327 3328 3329
f 3327 3329 3330
f 3330 3329 3319
f 3319 3329 3320
f 3331 3332 3333
f 3331 3333 3334
f 3334 3333 3335
f 3334 3335 3336
f 3336 3335 3337
f 3336 3337 3338
f 3338 3337 3339
f 3339 3337 3340
f 3339 3340 3341
f 3341 3340 3342
f 3341 3342 3331
f 3331 3342 3332
f 3343 3344 3345
f 3345 3344 3346
f 3345 3346 3347
f 3347 3346 3348
f 3348 3346 3349
f 3348 3349 3350
f 3350 3349 3351
f 3350 3351 3352
f 3350 3352 3353
f 3353 3352 3343
f 3343 3352 3354
f 3343 3354 3344
f 3355 3321 3356
f 3356 3321 3320
f 3332 3328 3326
f 3332 3355 3333
f 3333 3355 3357
f 3337 3335 3358
f 3358 3335 3359
f 3335 3333 3357
f 3332 3326 3324
f 3324 3321 3355
f 3360 3307 3316
f 3360 3316 3361
f 3344 3316 3314
f 3362 3307 3360
f 3312 3344 3314
f 3312 3310 3344
f 3332 3324 3355
f 3363 3364 3354
f 3354 3364 3344
f 3344 3364 3361
f 3344 3361 3316
f 3354 3365 3366
f 3354 3366 3363
f 3367 3368 3357
f 3357 3368 3369
f 3359 3335 3369
f 3369 3335 3357
f 3356 3320 3370
f 3370 3320 3329
f 3349 3371 3372
f 3349 3372 3351
f 3346 3329 3328
f 3365 3352 3351
f 3365 3351 3372
f 3329 3310 3309
f 3370 3329 3309
f 3370 3309 3362
f 3362 3309 3307
f 3354 3352 3365
f 3329 3346 3344
f 3329 3344 3310
f 3328 3332 3342
f 3328 3342 3346
f 3373 3340 3358
f 3358 3340 3337
f 3340 3349 3346
f 3340 3346 3342
f 3371 3349 3373
f 3373 3349 3340
f 3374 3375 3376
f 3377 3378 3379
f 3376 3380 3381
f 3382 3383 3381
f 3381 3383 3376
f 3377 3379 3384
f 3385 3386 3387
f 3385 3387 3388
f 3389 3376 3379
f 3379 3376 3384
f 3390 3386 3385
f 3391 3392 3393
f 3391 3394 3392
f 3380 3395 3396
f 3397 3398 3396
f 3397 3396 3395
f 3374 3376 3399
f 3380 3400 3395
f 3389 3401 3376
f 3402 3374 3399
f 3375 3400 3376
f 3376 3400 3380
f 3403 3404 3388
f 3403 3388 3405
f 3376 3401 3399
f 3406 3404 3407
f 3407 3404 3403
f 3387 3405 3388
f 3408 3409 3392
f 3392 3409 3393
f 3410 3411 3399
f 3399 3411 3402
f 3402 3411 3412
f 3413 3406 3407
f 3414 3415 3416
f 3414 3416 3387
f 3387 3416 3417
f 3387 3417 3405
f 3408 3414 3409
f 3410 3390 3385
f 3410 3385 3411
f 3394 3378 3377
f 3402 3412 3397
f 3406 3413 3412
f 3412 3413 3398
f 3398 3397 3412
f 3415 3414 3408
f 3394 3391 3378
f 3378 3391 3390
f 3378 3390 3410
f 3418 3419 3420
f 3420 3419 3421
f 3420 3421 3422
f 3422 3421 3423
f 3422 3423 3424
f 3424 3423 3425
f 3424 3425 3426
f 3426 3425 3427
f 3426 3427 3428
f 3428 3427 3429
f 3428 3429 3430
f 3430 3429 3431
f 3430 3431 3432
f 3432 3431 3433
f 3433 3431 3434
f 3433 3434 3418
f 3418 3434 3435
f 3418 3435 3419
f 3436 3437 3438
f 3436 3438 3439
f 3439 3438 3440
f 3439 3440 3441
f 3441 3440 3442
f 3441 3442 3443
f 3443 3442 3444
f 3444 3442 3445
f 3444 3445 3446
f 3446 3445 3447
f 3446 3447 3448
f 3448 3447 3449
f 3448 3449 3450
f 3448 3450 3451
f 3451 3450 3452
f 3452 3450 3453
f 3452 3453 3454
f 3452 3454 3455
f 3455 3454 3437
f 3455 3437 3436
f 3456 3457 3458
f 3456 3458 3459
f 3459 3458 3460
f 3459 3460 3461
f 3461 3460 3462
f 3461 3462 3463
f 3463 3462 3464
f 3464 3462 3465
f 3464 3465 3466
f 3466 3465 3467
f 3466 3467 3468
f 3468 3467 3469
f 3468 3469 3470
f 3468 3470 3471
f 3471 3470 3472
f 3472 3470 3473
f 3472 3473 3474
f 3472 3474 3475
f 3475 3474 3457
f 3475 3457 3456
f 3476 3477 3478
f 3479 3480 3481
f 3274 3275 3481
f 3481 3275 3476
f 3481 3476 3479
f 3479 3476 3478
f 3482 3483 3484
f 3484 3483 3485
f 3484 3485 3486
f 3486 3485 3487
f 3488 3489 3490
f 3490 3489 3491
f 3490 3491 3492
f 3492 3491 3493
f 3492 3493 3494
f 3494 3493 3495
f 3496 3497 3498
f 3498 3497 3499
f 3498 3499 3500
f 3500 3499 3501
f 3502 3503 3504
f 3505 3506 3507
f 3507 3506 3508
f 3509 3510 3511
f 3511 3510 3512
f 3510 3513 3512
f 3514 3515 3516
f 3517 3518 3515
f 3517 3515 3514
f 3105 3519 3520
f 1797 3521 3522
f 1798 1797 3522
f 3522 3523 2802
f 3524 2800 2799
f 2800 3525 2926
f 3506 3505 3513
f 3513 3505 3512
f 3526 3507 3504
f 3526 3504 3527
f 3526 3527 3106
f 3528 3081 3520
f 3520 3081 3105
f 3082 3081 3528
f 3529 3530 3528
f 3528 3530 3531
f 3532 3098 3533
f 3532 3517 3534
f 3532 3534 3105
f 3532 3105 3098
f 3107 3533 3108
f 3108 3533 3098
f 3107 3527 3533
f 3517 3532 3533
f 3517 3533 3535
f 3535 3504 3503
f 3504 3507 3502
f 3502 3507 3508
f 3536 3537 3514
f 3514 3537 3517
f 3518 3517 3535
f 3536 3514 3511
f 3511 3514 3516
f 3511 3516 3509
f 3524 3511 3525
f 3524 2799 3536
f 3521 3523 3522
f 3522 2802 2804
f 2796 2797 3538
f 3538 2797 2927
f 2927 2926 3525
f 3525 2800 3524
f 2799 2801 3536
f 3528 3520 3529
f 3519 3105 3537
f 3519 3537 3536
f 3519 3536 3523
f 3105 3534 3537
f 3523 3536 2801
f 3523 2801 2802
f 3538 2927 3512
f 3512 2927 3525
f 3512 3525 3511
f 3511 3524 3536
f 3537 3534 3517
f 3535 3533 3504
f 3504 3533 3527
f 3527 3107 3106
f 331 3478 2535
f 2535 3478 3539
f 3479 2474 3497
f 3479 2476 2474
f 3479 323 2476
f 3478 331 3479
f 3479 331 323
f 3539 2533 2535
f 3497 2474 2412
f 3487 2540 3539
f 3539 2540 2533
f 3499 186 2409
f 3485 2569 221
f 3499 2409 3540
f 3540 2409 2407
f 3493 2568 3485
f 3485 2568 2569
f 3493 258 2568
f 267 3491 2407
f 2407 3491 3540
f 3497 2412 3499
f 3499 2412 186
f 3485 221 2540
f 3485 2540 3487
f 3491 267 258
f 3491 258 3493
f 3541 3542 2358
f 3543 3544 3545
f 2398 3546 3547
f 2358 3542 2384
f 3548 3549 3550
f 3551 3545 3552
f 3552 3545 3544
f 3553 3552 3544
f 3554 3555 3556
f 3557 3558 3559
f 3559 3558 3560
f 2040 3561 1948
f 3547 1971 2394
f 3562 1971 3547
f 1971 3562 1969
f 2398 3547 2394
f 2384 3548 2398
f 2398 3548 3546
f 3547 3546 3558
f 3547 3558 3562
f 3562 3557 1969
f 3563 3564 3548
f 3548 3564 3546
f 3563 3548 3550
f 3546 3564 3558
f 3558 3564 3560
f 3565 3566 3567
f 3567 3566 3568
f 3567 3568 3569
f 3569 3568 3559
f 3569 3559 3560
f 2049 3545 3570
f 3543 3545 2053
f 2049 2053 3545
f 2053 2058 3571
f 3542 3570 3549
f 3549 3570 3545
f 3567 3553 3565
f 3565 3553 3544
f 3565 3544 3572
f 3572 3544 3573
f 3573 3544 3543
f 3573 2060 3572
f 3572 3566 3565
f 3573 2061 2060
f 3548 3542 3549
f 3551 3549 3545
f 3543 3571 3573
f 3573 3571 2058
f 3573 2058 2061
f 3571 3543 2053
f 3555 3574 3575
f 3575 3574 3576
f 3574 3561 2040
f 3574 2040 3576
f 3556 2357 3554
f 3554 2357 2363
f 2358 2357 3541
f 3541 2357 3556
f 3575 3541 3556
f 3575 3556 3555
f 3576 2040 2041
f 2041 2049 3570
f 2041 3570 3576
f 3576 3570 3542
f 3576 3542 3575
f 3575 3542 3541
f 2384 3542 3548
f 3562 3558 3557
f 3486 3487 3577
f 3577 3487 3539
f 3577 3539 3477
f 3477 3539 3478
f 3495 3493 3483
f 3483 3493 3485
f 3501 3499 3540
f 3501 3540 3489
f 3489 3540 3491
f 3480 3479 3496
f 3496 3479 3497
f 3274 3578 2771
f 3579 3580 2769
f 3581 3582 2769
f 3582 3581 3583
f 2769 3580 3581
f 3579 2768 3122
f 3274 3584 3578
f 3578 3584 3585
f 3578 3585 3586
f 3586 3585 3587
f 3586 3587 3588
f 2771 3578 3579
f 3579 2769 2768
f 3583 3586 3588
f 2771 3579 2772
f 3579 3122 2772
f 2769 3589 3500
f 2769 3500 2764
f 3501 2759 2762
f 3488 3590 2753
f 2753 3590 3582
f 3582 3591 3589
f 3582 3589 2769
f 3590 3592 3582
f 3582 3592 3591
f 3501 2762 3500
f 3500 2762 2765
f 3489 2757 3501
f 3501 2757 2759
f 2755 3489 2753
f 2753 3489 3488
f 3489 2755 2757
f 2765 2764 3500
f 2753 3593 3594
f 2753 3494 3109
f 3109 3494 3495
f 3595 3593 2753
f 2753 3594 3494
f 3109 3495 3181
f 3181 3495 2750
f 2750 3495 3483
f 2750 3483 2752
f 3208 2752 3483
f 3596 3595 3582
f 3597 3598 3594
f 3594 3598 3599
f 3594 3599 3494
f 3209 3208 3482
f 3482 3208 3483
f 3582 3595 2753
f 3482 3600 3171
f 3171 3600 3582
f 3582 3600 3601
f 3482 3171 3209
f 3601 3602 3582
f 3582 3602 3596
f 3602 3601 3603
f 3602 3603 3597
f 3597 3603 3598
f 3275 3604 3605
f 3582 3606 3607
f 3582 3607 3171
f 3171 3607 3608
f 3171 3608 3169
f 3169 3608 3174
f 3238 3608 3275
f 3275 3608 3604
f 3583 3588 3582
f 3582 3588 3609
f 2748 3608 3207
f 3608 2748 2747
f 3608 3238 3207
f 3605 3604 3610
f 3610 3604 3611
f 3611 3604 3612
f 3611 3612 3613
f 3613 3612 3609
f 3609 3612 3606
f 3609 3606 3582
f 2747 3174 3608
f 3507 3614 3505
f 3615 3059 3058
f 3615 3060 3059
f 3616 3617 3615
f 3615 3617 3060
f 3060 3617 3618
f 3060 3618 3062
f 3062 3618 3619
f 3062 3619 2786
f 2786 3619 3620
f 2786 3620 2784
f 2784 3620 2781
f 2781 3620 3621
f 2781 3621 3622
f 2781 3622 2779
f 2779 3622 3106
f 3106 3622 3623
f 3106 3623 3526
f 3526 3623 3624
f 3526 3624 3625
f 3526 3625 3507
f 3507 3625 3614
f 3614 3625 3626
f 3614 3626 3505
f 3505 3626 3627
f 3505 3627 3512
f 3512 3627 3628
f 3512 3628 3538
f 3538 3628 3629
f 3538 3629 2796
f 2796 3629 3630
f 2796 3630 2794
f 2794 3630 2795
f 2795 3630 3631
f 2795 3631 2928
f 2928 3631 3632
f 2928 3632 2959
f 2959 3632 3633
f 2959 3633 2792
f 2792 3633 3634
f 2792 3634 2791
f 2791 3634 2958
f 2958 3634 3635
f 2958 3635 2972
f 2972 3635 3636
f 2972 3636 2970
f 2970 3636 3637
f 2970 3637 2969
f 2969 3637 2788
f 2788 3637 3638
f 2788 3638 2789
f 2789 3638 3056
f 3056 3638 3639
f 3056 3639 3057
f 3057 3639 3058
f 3058 3639 3616
f 3058 3616 3615
f 3482 3484 3640
f 3482 3640 3600
f 3600 3640 3601
f 3601 3640 3641
f 3601 3641 3603
f 3603 3641 3642
f 3603 3642 3598
f 3598 3642 3643
f 3598 3643 3599
f 3599 3643 3492
f 3599 3492 3494
f 3488 3490 3644
f 3488 3644 3590
f 3590 3644 3645
f 3590 3645 3592
f 3592 3645 3646
f 3592 3646 3591
f 3591 3646 3647
f 3591 3647 3589
f 3589 3647 3648
f 3589 3648 3498
f 3589 3498 3500
f 3274 3481 3584
f 3584 3481 3649
f 3584 3649 3585
f 3585 3649 3587
f 3587 3649 3650
f 3587 3650 3588
f 3588 3650 3651
f 3588 3651 3609
f 3609 3651 3652
f 3609 3652 3613
f 3613 3652 3653
f 3613 3653 3611
f 3611 3653 3654
f 3611 3654 3610
f 3610 3654 3655
f 3610 3655 3605
f 3605 3655 3656
f 3605 3656 3275
f 3275 3656 3476
f 3642 3457 3643
f 3577 3477 3465
f 3640 3484 3458
f 3492 3419 3490
f 3490 3419 3435
f 3454 3453 3498
f 3498 3453 3496
f 3496 3453 3450
f 3449 3480 3496
f 3450 3449 3496
f 3480 3449 3447
f 3480 3447 3481
f 3419 3492 3421
f 3477 3476 3467
f 3490 3435 3434
f 3477 3467 3465
f 3643 3457 3474
f 3643 3474 3421
f 3454 3498 3648
f 3454 3648 3437
f 3437 3648 3647
f 3437 3647 3438
f 3646 3645 3434
f 3465 3486 3577
f 3486 3465 3462
f 3484 3460 3458
f 3492 3643 3421
f 3438 3434 3431
f 3486 3462 3484
f 3484 3462 3460
f 3457 3642 3641
f 3457 3641 3458
f 3458 3641 3640
f 3651 3445 3442
f 3476 3656 3467
f 3467 3656 3655
f 3467 3655 3469
f 3469 3655 3654
f 3469 3654 3653
f 3469 3653 3470
f 3445 3651 3650
f 3445 3650 3649
f 3445 3649 3447
f 3447 3649 3481
f 3427 3473 3470
f 3645 3644 3434
f 3434 3644 3490
f 3473 3427 3474
f 3474 3427 3425
f 3647 3646 3438
f 3438 3646 3434
f 3423 3474 3425
f 3474 3423 3421
f 3651 3429 3652
f 3652 3429 3427
f 3652 3427 3653
f 3653 3427 3470
f 3651 3442 3429
f 3442 3440 3429
f 3438 3431 3440
f 3440 3431 3429
f 3657 3459 3461
f 3657 3461 3463
f 3657 3463 3658
f 3658 3463 3464
f 3658 3464 3466
f 3658 3466 3659
f 3659 3466 3468
f 3659 3468 3660
f 3660 3468 3471
f 3660 3471 3472
f 3660 3472 3661
f 3661 3472 3475
f 3661 3475 3662
f 3662 3475 3456
f 3662 3456 3657
f 3657 3456 3459
f 3659 3604 3658
f 3658 3604 3608
f 3658 3608 3657
f 3657 3608 3607
f 3657 3607 3662
f 3662 3607 3606
f 3662 3606 3661
f 3661 3606 3660
f 3660 3606 3612
f 3660 3612 3659
f 3659 3612 3604
f 3663 3439 3441
f 3663 3441 3664
f 3664 3441 3443
f 3664 3443 3444
f 3664 3444 3665
f 3665 3444 3446
f 3665 3446 3666
f 3666 3446 3448
f 3666 3448 3451
f 3666 3451 3667
f 3667 3451 3452
f 3667 3452 3455
f 3667 3455 3668
f 3668 3455 3436
f 3668 3436 3663
f 3663 3436 3439
f 3665 3578 3586
f 3665 3586 3664
f 3664 3586 3583
f 3664 3583 3663
f 3663 3583 3668
f 3668 3583 3581
f 3668 3581 3667
f 3667 3581 3580
f 3667 3580 3579
f 3667 3579 3666
f 3666 3579 3578
f 3666 3578 3665
f 3669 3422 3670
f 3670 3422 3424
f 3670 3424 3426
f 3670 3426 3671
f 3671 3426 3428
f 3671 3428 3430
f 3671 3430 3672
f 3672 3430 3432
f 3672 3432 3433
f 3672 3433 3673
f 3673 3433 3418
f 3673 3418 3420
f 3673 3420 3669
f 3669 3420 3422
f 3671 3596 3670
f 3670 3596 3602
f 3670 3602 3597
f 3670 3597 3669
f 3669 3597 3594
f 3669 3594 3673
f 3673 3594 3593
f 3673 3593 3595
f 3673 3595 3672
f 3672 3595 3671
f 3671 3595 3596
f 3288 3269 3281
f 3288 3281 3289
f 3269 3288 3270
f 3293 3270 3288
f 3293 3271 3270
f 3293 3273 3271
f 3305 3273 3293
f 3298 3286 3305
f 3305 3286 3273
f 3298 3285 3286
f 3285 3298 3297
f 3297 3282 3285
f 3282 3297 3296
f 3295 3283 3296
f 3296 3283 3282
f 3294 3284 3295
f 3295 3284 3283
f 3284 3294 3292
f 3292 3279 3284
f 3290 3279 3292
f 3290 3280 3279
f 3289 3281 3290
f 3290 3281 3280
f 3564 3535 3503
f 3535 3564 3563
f 3563 3550 3518
f 3563 3518 3535
f 3550 3515 3518
f 3549 3515 3550
f 3549 3516 3515
f 3551 3516 3549
f 3551 3509 3516
f 3551 3510 3509
f 3552 3510 3551
f 3510 3552 3553
f 3510 3553 3513
f 3513 3553 3506
f 3506 3553 3567
f 3506 3567 3508
f 3508 3567 3569
f 3564 3502 3560
f 3560 3502 3508
f 3560 3508 3569
f 3564 3503 3502
f 2860 2706 2857
f 2706 2862 2865
f 2860 2862 2706
f 2674 3063 2858
f 2857 2706 2674
f 2858 2857 2674
f 2674 2961 3040
f 2674 3040 3063
f 2694 2951 2674
f 2951 2952 2674
f 2674 2952 2961
f 2694 2853 2855
f 2694 2855 2951
f 2694 2851 2853
f 2869 2872 3674
f 3674 2872 3675
f 2873 3676 3160
f 3160 3676 3677
f 3160 3677 3165
f 3165 3677 3678
f 3165 3678 3097
f 2810 3679 2812
f 2812 3679 3680
f 3681 2814 3682
f 3682 2814 2813
f 3683 2809 3382
f 3683 3382 3381
f 2810 2809 3679
f 3679 2809 3683
f 3684 3685 3416
f 3685 3686 3416
f 3687 3688 3407
f 3689 3690 3398
f 3691 3692 3380
f 3692 3683 3381
f 3380 3692 3381
f 3396 3693 3380
f 3380 3693 3691
f 3398 3690 3396
f 3690 3693 3396
f 3688 3694 3413
f 3413 3694 3398
f 3398 3694 3689
f 3407 3688 3413
f 3695 3407 3403
f 3695 3403 3696
f 3407 3695 3687
f 3405 3697 3696
f 3405 3696 3403
f 3416 3686 3417
f 3686 3698 3417
f 3417 3698 3405
f 3405 3698 3697
f 3415 3699 3416
f 3416 3699 3684
f 3700 3415 3408
f 3700 3701 3415
f 3415 3701 3699
f 3700 3408 3702
f 3392 3703 3702
f 3392 3702 3408
f 3703 3392 3704
f 3394 3705 3704
f 3394 3704 3392
f 3394 3706 3705
f 3706 3394 3707
f 3707 3394 3377
f 3708 3709 3377
f 3377 3709 3707
f 3708 3377 3384
f 3710 3711 3384
f 3384 3711 3708
f 3710 3384 3376
f 3710 3376 3712
f 3712 3376 3383
f 3712 3383 2868
f 3712 2868 2869
f 3713 3387 3386
f 3713 3386 3714
f 3714 3386 3715
f 3715 3386 3390
f 3715 3390 3716
f 3716 3390 3391
f 3716 3391 3717
f 3717 3391 3393
f 3717 3393 3718
f 3718 3393 3409
f 3718 3409 3719
f 3719 3409 3414
f 3719 3414 3713
f 3713 3414 3387
f 3720 3399 3721
f 3721 3399 3401
f 3721 3401 3722
f 3722 3401 3389
f 3722 3389 3723
f 3723 3389 3379
f 3723 3379 3378
f 3723 3378 3724
f 3724 3378 3725
f 3725 3378 3410
f 3725 3410 3720
f 3720 3410 3399
f 3726 3395 3727
f 3727 3395 3400
f 3727 3400 3728
f 3728 3400 3375
f 3728 3375 3729
f 3729 3375 3374
f 3729 3374 3730
f 3730 3374 3402
f 3730 3402 3731
f 3731 3402 3397
f 3731 3397 3726
f 3726 3397 3395
f 3732 3406 3412
f 3732 3412 3733
f 3733 3412 3734
f 3734 3412 3411
f 3734 3411 3385
f 3734 3385 3735
f 3735 3385 3388
f 3735 3388 3736
f 3736 3388 3404
f 3736 3404 3737
f 3737 3404 3406
f 3737 3406 3732
f 3738 2834 3739
f 3739 2834 2833
f 2843 3740 2841
f 2841 3740 3741
f 2841 3741 2838
f 2838 3741 2839
f 2839 3741 3742
f 3743 3744 2848
f 2848 3744 2845
f 3745 2832 2831
f 3745 2831 3746
f 3747 2842 2846
f 3748 3369 3368
f 3748 3368 2836
f 2836 2834 3748
f 3748 2834 3738
f 3367 3357 3749
f 3749 3750 3367
f 3367 3750 2847
f 2847 3750 2848
f 3751 3752 3355
f 3753 3749 3357
f 3355 3752 3753
f 3355 3753 3357
f 3754 3356 3370
f 3754 3370 3755
f 3356 3754 3751
f 3356 3751 3355
f 3370 3756 3755
f 3360 3757 3362
f 3362 3757 3758
f 3362 3758 3370
f 3370 3758 3756
f 3360 3759 3757
f 3361 3760 3759
f 3361 3759 3360
f 3760 3361 3761
f 3761 3361 3364
f 3364 3762 3761
f 3762 3364 3763
f 3763 3364 3363
f 3363 3764 3763
f 3764 3363 3366
f 3764 3366 3765
f 3366 3766 3765
f 3766 3366 3365
f 3766 3365 3767
f 3372 3768 3365
f 3365 3768 3767
f 3768 3372 3769
f 3769 3372 3371
f 3770 3771 3371
f 3371 3771 3769
f 3770 3371 3373
f 3373 3772 3770
f 3772 3373 3773
f 3773 3373 3358
f 3358 3774 3773
f 3774 3358 3775
f 3775 3358 3359
f 3748 3775 3369
f 3369 3775 3359
f 3728 3729 3776
f 3736 3777 3735
f 3737 3732 3778
f 3726 3727 3779
f 3777 3734 3735
f 3729 3730 3776
f 3776 3730 3734
f 3776 3734 3777
f 3734 3730 3731
f 3777 3736 3778
f 3778 3736 3737
f 3732 3726 3778
f 3778 3726 3779
f 3727 3728 3779
f 3779 3728 3776
f 3734 3731 3733
f 3726 3732 3733
f 3726 3733 3731
f 3331 3780 3781
f 3782 3348 3350
f 3780 3331 3334
f 3783 3334 3336
f 3338 3348 3782
f 3338 3782 3783
f 3338 3783 3336
f 3782 3350 3353
f 3781 3341 3331
f 3345 3347 3338
f 3338 3347 3348
f 3343 3781 3353
f 3338 3339 3345
f 3780 3334 3783
f 3782 3353 3781
f 3781 3343 3345
f 3345 3339 3341
f 3345 3341 3781
f 3784 3785 3786
f 3786 3785 3787
f 3788 3789 3790
f 3790 3789 3791
f 3792 3790 3793
f 3793 3790 3791
f 3794 3795 3796
f 3796 3795 3797
f 3796 3797 3798
f 3799 3325 3800
f 3801 3318 3306
f 3800 3313 3315
f 3311 3313 3800
f 3801 3306 3319
f 3801 3319 3802
f 3800 3315 3317
f 3800 3317 3801
f 3799 3323 3325
f 3801 3317 3318
f 3325 3311 3800
f 3319 3322 3802
f 3327 3330 3308
f 3308 3330 3306
f 3306 3330 3319
f 3311 3325 3327
f 3311 3327 3308
f 3802 3322 3799
f 3799 3322 3323
f 3803 3804 3805
f 3805 3804 3806
f 3807 3806 3808
f 3808 3806 3809
f 3810 3811 3812
f 3812 3811 3813
f 3814 3815 3816
f 3816 3815 3817
f 3818 3719 3713
f 3818 3713 3714
f 3720 3819 3818
f 3720 3818 3714
f 3820 3723 3821
f 3819 3720 3721
f 3821 3716 3717
f 3820 3722 3723
f 3717 3718 3821
f 3819 3721 3820
f 3721 3722 3820
f 3821 3718 3719
f 3821 3719 3818
f 3725 3714 3715
f 3723 3724 3716
f 3714 3725 3720
f 3821 3723 3716
f 3724 3715 3716
f 3715 3724 3725
f 3822 3823 3824
f 3824 3823 3825
f 3826 3827 3828
f 3828 3827 3829
f 3830 3831 3832
f 3832 3831 3828
f 3833 3834 3835
f 3835 3834 3836
f 2682 2683 3200
f 3110 3193 3192
f 2829 2828 2683
f 2683 2828 3200
f 2816 3110 3192
f 2816 3192 2817
f 2829 2683 3192
f 3192 2683 3128
f 3192 3128 2817
f 3193 2826 2825
f 3193 3188 3191
f 3193 3187 3188
f 3193 3191 3192
f 3193 2825 3187
f 3110 2816 2818
f 2818 2821 3110
f 3110 2821 3117
f 3110 3115 2823
f 3110 3117 3115
f 3110 2823 2822
f 1969 3623 1967
f 1967 3623 3622
f 3621 1967 3622
f 3621 1828 1967
f 3620 1829 3621
f 3621 1829 1828
f 3620 2375 1829
f 3618 2376 3619
f 3619 2376 2375
f 3619 2375 3620
f 3618 2377 2376
f 3634 1956 3635
f 3635 1956 1959
f 3635 1959 3636
f 3636 1959 1958
f 3636 1958 3637
f 3637 1958 1855
f 3637 1855 3638
f 3638 1855 1960
f 3638 1960 3639
f 3639 1960 2302
f 3639 2302 3616
f 3616 2302 1962
f 3616 1962 3617
f 3617 1962 1965
f 3617 1965 3618
f 3618 1965 2377
f 3634 1840 1956
f 3633 1841 3634
f 3634 1841 1840
f 3632 2079 3633
f 3633 2079 2084
f 3633 2084 1841
f 3631 1954 3632
f 3632 1954 2079
f 3631 1952 1954
f 3630 1952 3631
f 3629 2060 3630
f 3630 2060 1951
f 3630 1951 1952
f 3623 1969 3624
f 3624 1969 3557
f 3624 3557 3625
f 3625 3557 3559
f 3625 3559 3626
f 3626 3559 3568
f 3626 3568 3627
f 3627 3568 3566
f 3627 3566 3628
f 3628 3566 3572
f 3628 3572 3629
f 3629 3572 2060
f 3781 3793 3798
f 3793 3791 3798
f 3798 3791 3796
f 3782 3781 3798
f 3782 3798 3797
f 3781 3780 3792
f 3781 3792 3793
f 3782 3797 3785
f 2693 3792 3837
f 3837 2670 2693
f 3837 3792 3780
f 3837 3780 2670
f 3790 3792 2717
f 2717 3792 2693
f 3791 3789 3796
f 3796 3789 3794
f 3777 3778 3794
f 3794 3778 3795
f 3787 3785 3795
f 3795 3785 3797
f 3785 3784 3782
f 3782 3784 3783
f 3780 3783 2670
f 2670 3783 2680
f 3789 3777 3794
f 3795 3778 3787
f 3783 3784 2680
f 3788 3790 2717
f 3788 2717 2690
f 3789 3788 3777
f 3777 3788 3776
f 3786 3787 3779
f 3779 3787 3778
f 3784 3786 2684
f 3784 2684 2680
f 3776 3788 2690
f 3776 2690 2688
f 3786 3779 2684
f 3779 3776 2684
f 2684 3776 2688
f 3828 3829 3836
f 3828 3836 3834
f 3829 3824 3836
f 3829 3827 3838
f 3829 3838 3824
f 3824 3838 3822
f 3824 3825 3839
f 3824 3839 3836
f 3836 3839 3835
f 3821 3818 3833
f 3821 3833 3835
f 3832 3828 3833
f 3833 3828 3834
f 3826 3828 3831
f 3827 3826 3840
f 3827 3840 2675
f 2675 3840 2716
f 2672 3838 2675
f 3838 3827 2675
f 3839 3825 3841
f 3835 3841 3821
f 3839 3841 3835
f 3832 3833 3818
f 3840 3826 3831
f 3840 3831 2716
f 3823 3822 3842
f 3842 3822 3838
f 3842 3838 2707
f 2707 3838 2672
f 3825 3823 3843
f 3825 3843 3841
f 3841 3843 3821
f 3821 3843 3820
f 3830 3832 3844
f 3844 3832 3818
f 3844 3818 3819
f 3831 3830 2713
f 3831 2713 2716
f 3820 3843 3845
f 3845 3843 3842
f 3842 3843 3823
f 2692 3820 3845
f 3845 3842 2705
f 2707 2705 3842
f 2692 3845 2705
f 3844 3819 2691
f 2713 3830 3844
f 2713 3844 2691
f 3819 3820 2691
f 2691 3820 2692
f 3809 3806 3816
f 3816 3806 3814
f 3816 3811 3809
f 3813 3811 3817
f 3817 3811 3816
f 3808 3809 3811
f 3808 3811 3810
f 3807 3808 3846
f 3846 3808 2676
f 3846 2676 2715
f 3805 3806 3807
f 3806 3804 3847
f 3806 3847 3814
f 3814 3847 3815
f 3800 3801 3815
f 3815 3801 3817
f 3801 3848 3817
f 3813 3817 3848
f 2676 3808 3810
f 2676 3810 2673
f 3805 3807 3846
f 3849 3805 3846
f 2715 3849 3846
f 3815 3804 3800
f 3847 3804 3815
f 3812 3813 3850
f 3850 3813 3848
f 3850 3848 3802
f 3802 3848 3801
f 3810 3812 2673
f 2673 3812 2695
f 3803 3805 3849
f 3803 3849 2714
f 2714 3849 2715
f 3799 3800 3851
f 3851 3800 3804
f 3851 3804 3803
f 3812 3850 3852
f 3852 3850 2679
f 2679 3850 3802
f 2695 3812 3852
f 2695 3852 2679
f 3799 3851 2696
f 2696 3851 3803
f 2696 3803 2714
f 3802 3799 2696
f 3802 2696 2679
f 3853 3854 3712
f 1873 3854 1870
f 1870 3854 3853
f 1869 1870 3855
f 3855 1870 3674
f 3674 1870 3853
f 3674 3853 3712
f 3674 3712 2869
f 3710 3712 3854
f 3854 1873 1874
f 1874 1865 1864
f 3856 1864 2224
f 3856 2224 3857
f 3857 2224 2197
f 3857 2197 3858
f 3858 2197 1876
f 3859 1876 1879
f 3860 1882 3861
f 3861 1882 1887
f 1887 1886 3862
f 1886 1889 2463
f 3859 1879 3863
f 3863 1879 3860
f 3861 1887 3864
f 3864 1887 3862
f 3862 1886 2463
f 1874 1864 3865
f 3865 1864 3856
f 3858 1876 3866
f 3866 1876 3859
f 3867 3861 3864
f 3860 3861 3868
f 3868 3861 3867
f 3697 3862 2463
f 2463 1888 3687
f 3687 1888 1891
f 1891 1893 3694
f 1897 1896 3692
f 3692 1896 3683
f 3710 3854 1874
f 3710 1874 3711
f 3711 1874 3865
f 3865 3856 3869
f 3869 3856 3870
f 3870 3856 3857
f 3870 3857 3871
f 3871 3857 3858
f 3871 3858 3872
f 3872 3858 3873
f 3873 3858 3866
f 3863 3860 3874
f 3864 3862 3875
f 3875 3862 3697
f 3697 2463 3696
f 3696 2463 3695
f 3695 2463 3687
f 3687 1891 3688
f 3688 1891 3694
f 3694 1893 3689
f 3689 1893 1892
f 1892 1897 3693
f 3693 1897 3691
f 3859 3863 3876
f 3876 3863 3874
f 3874 3860 3699
f 3699 3860 3868
f 3867 3864 3686
f 3686 3864 3875
f 3691 1897 3692
f 3711 3865 3708
f 3708 3865 3869
f 3873 3866 3703
f 3703 3866 3859
f 3868 3867 3685
f 3685 3867 3686
f 3690 1892 3693
f 3699 3868 3684
f 3684 3868 3685
f 3689 1892 3690
f 3708 3869 3709
f 3709 3869 3870
f 3709 3870 3707
f 3707 3870 3871
f 3707 3871 3706
f 3706 3871 3872
f 3706 3872 3705
f 3705 3872 3873
f 3705 3873 3704
f 3704 3873 3703
f 3703 3859 3702
f 3702 3859 3876
f 3701 3874 3699
f 3686 3875 3698
f 3698 3875 3697
f 3702 3876 3700
f 3700 3876 3874
f 3700 3874 3701
f 1882 1883 1887
f 1882 3860 1879
f 1877 1876 2197
f 3877 2872 2871
f 3675 2872 3877
f 3674 3675 3855
f 3878 3855 3675
f 3855 3878 1869
f 1869 3878 1867
f 1867 3675 3879
f 3879 3675 3877
f 3879 3877 2871
f 1867 3878 3675
f 1898 3683 1896
f 3679 3683 1902
f 1902 3683 1898
f 3880 2870 3097
f 3097 3678 3880
f 3881 3879 2870
f 2870 3879 2871
f 3881 3882 3879
f 3879 3882 1867
f 1868 1867 3882
f 3679 1902 3680
f 3680 1902 1901
f 3682 2812 3680
f 3682 2813 2812
f 1903 1868 3883
f 3883 1868 3882
f 3882 3880 3883
f 3881 3880 3882
f 3678 3883 3880
f 3880 3881 2870
f 1901 3682 3680
f 3883 1904 1903
f 1904 3883 3884
f 3884 3883 3677
f 3677 3883 3678
f 2215 1904 3884
f 1900 2215 3884
f 1900 3884 3676
f 3676 3884 3677
f 1901 3885 3682
f 3681 3682 3885
f 3886 3681 3885
f 1900 3885 1901
f 1900 3886 3885
f 3676 3886 1900
f 3676 2873 3886
f 3886 2873 2814
f 3886 2814 3681
f 1908 1912 3748
f 1910 1908 3738
f 3738 1908 3748
f 2832 3745 2833
f 2833 3745 3739
f 3738 3739 3887
f 3738 3887 1910
f 1910 3887 1941
f 3753 3888 3749
f 2032 3888 1935
f 3748 1912 1911
f 1915 1918 3770
f 3770 1918 1920
f 3770 1920 3771
f 1920 1919 3889
f 1911 1913 3775
f 3774 1913 1915
f 3773 1915 3772
f 3772 1915 3770
f 3771 1920 3769
f 3775 1913 3774
f 3774 1915 3773
f 3769 1920 3768
f 3768 1920 3889
f 3748 1911 3775
f 3768 3889 3767
f 3890 3889 1919
f 3766 3767 3890
f 3890 3767 3889
f 3890 1919 2087
f 3765 3766 3891
f 3891 3766 3890
f 3891 3890 3892
f 3892 3890 2085
f 2085 3890 2087
f 2085 1922 3892
f 3892 1922 3893
f 3892 3893 3891
f 3891 3893 3894
f 3891 3894 3765
f 3765 3894 3764
f 3763 3764 3895
f 3895 3764 3894
f 3895 3894 3896
f 3896 3894 3893
f 3896 3893 1922
f 3896 1922 1924
f 3762 3763 3895
f 3897 3895 3896
f 3897 3896 1924
f 3762 3895 3898
f 3898 3895 3897
f 3761 3762 3898
f 3898 3897 3899
f 3899 3897 1924
f 3899 1924 1927
f 3900 3761 3898
f 3900 3898 3899
f 3760 3761 3900
f 3759 3760 3901
f 3901 3760 3900
f 3901 3900 3902
f 3902 3900 3899
f 3902 3899 1929
f 1929 3899 1927
f 1931 3902 1929
f 3757 3759 3903
f 3903 3759 3901
f 3903 3901 3902
f 3903 3902 1931
f 3758 3757 3903
f 3758 3903 3904
f 3904 3903 1933
f 1933 3903 1931
f 1933 3905 3904
f 3904 3905 3758
f 3758 3905 3756
f 1933 1932 3905
f 3905 1932 3906
f 3905 3906 3755
f 3905 3755 3756
f 3754 3755 3907
f 3907 3755 3906
f 3907 3906 1932
f 3751 3754 3907
f 3751 3907 3908
f 3908 3907 3909
f 3909 3907 1932
f 3909 1932 1935
f 3752 3751 3908
f 3752 3908 3909
f 3753 3752 3888
f 3888 3752 3909
f 3888 3909 1935
f 3745 1941 3887
f 3745 3887 3739
f 3910 3911 3743
f 1862 3911 3910
f 1861 3911 1862
f 3750 3749 3910
f 3910 3749 3888
f 3910 3888 1862
f 1862 3888 2032
f 2848 3750 3743
f 3743 3750 3910
f 3746 2831 2839
f 3746 2839 3742
f 3745 3746 1941
f 3744 3743 3912
f 3912 3743 3911
f 1861 1992 3911
f 3911 1992 3912
f 2845 3744 2846
f 2846 3744 3747
f 3742 1939 3746
f 1939 1941 3746
f 3747 3744 3913
f 3913 3744 3912
f 3913 3912 1992
f 3741 3740 3914
f 3741 3914 3915
f 3915 3914 1990
f 3915 1990 1936
f 3742 3741 3915
f 3742 3915 1938
f 1938 3915 1936
f 3742 1938 1939
f 3916 1992 1991
f 1992 3916 3913
f 3913 3916 3917
f 3913 3917 3747
f 2842 3747 3917
f 3916 1991 1990
f 3917 3916 1990
f 3917 1990 3914
f 2842 3917 3918
f 3918 3917 3914
f 3918 3914 3740
f 2843 2842 3918
f 3740 2843 3918
f 3367 2847 2669
f 2697 2669 2847
f 2671 2681 3368
f 2681 2836 3368
f 3368 3367 2669
f 3368 2669 2671
f 2809 2685 3382
f 3382 2685 2687
f 2689 2720 3383
f 2868 3383 2720
f 3383 3382 2689
f 2689 3382 2687
f 2777 1975 3300
f 2777 3300 3265
f 3265 3300 3266
f 3266 3300 3299
f 3301 3267 3299
f 3299 3267 3266
f 1978 3278 3302
f 3302 3278 3264
f 3302 3264 3303
f 3303 3264 3263
f 3303 3263 3304
f 3304 3263 3262
f 3278 1978 2805
f 2805 1978 1977
f 2776 1973 2777
f 2777 1973 1975
f 3555 3554 3528
f 3522 3561 3574
f 3522 3574 1798
f 1798 3574 3555
f 3555 3528 3531
f 3555 3531 1798
f 2805 1977 2806
f 1977 2604 2806
f 1944 2878 2604
f 2604 2878 2806
f 1859 2880 1945
f 1945 2880 2879
f 1945 2879 1944
f 1944 2879 2878
f 1948 3561 2804
f 1948 2804 2803
f 1948 2803 1858
f 1858 2803 2880
f 1858 2880 1859
f 3561 3522 2804
f 3277 3267 3301
f 3277 3301 3304
f 3277 3304 3262
f 2356 2273 3080
f 1973 2776 1974
f 1974 2776 2778
f 1974 2778 2258
f 2258 2778 2995
f 2258 2995 2256
f 2256 2995 3032
f 2256 3032 2262
f 2262 3032 3077
f 2262 3077 2273
f 3080 2273 3077
f 2356 3080 2363
f 2363 3080 3082
f 2363 3082 3554
f 3554 3082 3528
f 3919 3920 3531
f 3919 3531 3530
f 3921 3922 3923
f 3923 3922 3924
f 3925 3926 3927
f 3925 3927 3928
f 3929 3930 3931
f 3931 3930 3932
f 3931 3932 3933
f 3933 3932 3934
f 3933 3934 3935
f 3935 3934 3936
f 3929 3935 3930
f 3930 3935 3936
f 3936 3934 3930
f 3930 3934 3932
f 3928 3529 3925
f 3925 3529 3520
f 3529 3928 3937
f 3925 3520 3519
f 3925 3519 3523
f 3925 3523 3926
f 3938 3927 3926
f 3926 3523 3521
f 3926 3521 3938
f 1798 3531 3929
f 3929 3531 3935
f 1799 3521 1797
f 1799 3938 3521
f 3924 3922 3938
f 3938 3922 3927
f 3920 3935 3531
f 3933 3935 3920
f 3920 1800 3933
f 3933 1800 3931
f 1800 3929 3931
f 1800 1798 3929
f 3938 1799 3924
f 3919 3530 3939
f 3937 3939 3529
f 3529 3939 3530
f 1800 3920 3923
f 3924 1799 1800
f 3920 3919 3923
f 3923 3924 1800
f 3922 3921 3927
f 3927 3921 3928
f 3937 3923 3939
f 3939 3923 3919
f 3937 3921 3923
f 3921 3937 3928
f 3940 3941 3942
f 3943 3942 3941
f 3944 3945 3946
f 3945 3944 3947
f 3946 3948 3940
f 3940 3944 3946
f 3940 3942 3944
f 3949 3950 3951
f 3952 3953 3949
f 3949 3953 3950
f 3953 3952 3954
f 3954 3952 3955
f 3956 3957 3958
f 3940 3959 3960
f 3961 3948 3946
f 3962 3963 3964
f 3965 3963 3962
f 3966 3967 3968
f 3969 3968 3970
f 3970 3971 3969
f 3969 3971 3972
f 3973 3972 3971
f 3974 3972 3973
f 3973 3975 3976
f 3973 3976 3974
f 3977 3978 3979
f 3977 3979 3980
f 3981 3982 3955
f 3982 3967 3957
f 3957 3967 3983
f 3983 3967 3984
f 3965 3985 3983
f 3946 3986 3987
f 3946 3987 3961
f 3961 3987 3964
f 3986 3962 3987
f 3987 3962 3964
f 3962 3986 3985
f 3985 3965 3962
f 3957 3983 3985
f 3983 3984 3965
f 3957 3988 3958
f 3960 3985 3986
f 3960 3986 3989
f 3940 3960 3989
f 3990 3959 3991
f 3988 3985 3990
f 3990 3985 3960
f 3990 3960 3959
f 3979 3982 3980
f 3980 3982 3981
f 3985 3988 3957
f 3982 3956 3955
f 3955 3956 3954
f 3956 3982 3957
f 3978 3992 3979
f 3968 3967 3992
f 3968 3992 3970
f 3970 3992 3993
f 3979 3992 3982
f 3982 3992 3967
f 3967 3966 3984
f 3994 3995 3996
f 3997 3998 3999
f 4000 4001 4002
f 4002 4003 4004
f 4002 4004 4000
f 4005 4006 4007
f 4005 4008 4006
f 4009 4008 4005
f 4010 3996 3995
f 3994 4011 4012
f 4013 4014 4012
f 4013 4012 4011
f 4015 4016 4013
f 4015 4013 4011
f 4016 4015 3998
f 4017 4018 3996
f 3996 4018 3994
f 4018 4019 4011
f 3999 4015 4011
f 4020 4021 3997
f 4020 3997 3999
f 4020 3999 4011
f 4020 4011 4019
f 4017 4022 4018
f 4018 4022 4019
f 4020 4019 4023
f 4020 4023 4021
f 4024 4017 4025
f 4026 4025 4017
f 4002 4001 4027
f 4002 4027 4026
f 4026 4027 4025
f 4002 4026 4005
f 4010 4028 4009
f 4009 4028 4008
f 3996 4010 4009
f 3999 3998 4015
f 4018 4011 3994
f 4017 4024 4022
f 4017 3996 4009
f 4017 4009 4026
f 4026 4009 4005
f 4029 4028 4010
f 3973 4005 3975
f 4030 3973 4031
f 4032 4002 4033
f 4033 4002 4005
f 4033 4005 3977
f 4002 3949 3951
f 4033 3977 4034
f 4005 3973 4030
f 4005 4030 3978
f 4005 3978 3977
f 4032 4035 3949
f 4032 3949 4002
f 3953 4001 4000
f 3953 4000 3950
f 3950 4000 4004
f 3950 4004 4003
f 4002 3951 4003
f 4003 3951 3950
f 3954 4027 4001
f 3954 4001 3953
f 4027 3954 4025
f 4025 3954 3956
f 4025 3956 4024
f 4024 3956 4036
f 4024 4036 3958
f 4024 3958 4022
f 4037 4019 3958
f 3958 4019 4022
f 4019 4037 4023
f 4023 4037 4038
f 4023 4038 3991
f 4023 3991 4021
f 4021 3991 3997
f 3991 3959 3997
f 3997 3959 3998
f 3998 3959 3940
f 3961 4016 3948
f 3948 4016 3998
f 3948 3998 3940
f 3969 4028 3968
f 3968 4028 4029
f 3968 4029 4039
f 4039 4029 4010
f 4039 4010 3966
f 3995 3984 3966
f 3966 4010 3995
f 3995 3994 3984
f 3984 3994 4040
f 4012 4041 3994
f 3994 4041 4040
f 4041 4012 4014
f 4041 4014 3964
f 4016 3961 4013
f 4013 3961 3964
f 4013 3964 4014
f 3972 4008 3969
f 3969 4008 4028
f 3975 4005 4007
f 3975 4007 3976
f 3976 4007 4006
f 3976 4006 3974
f 3974 4006 3972
f 3972 4006 4008
f 3988 4037 3958
f 4038 3990 3991
f 4037 3988 3990
f 4037 3990 4038
f 3958 4036 3956
f 3963 4040 4041
f 4040 3963 3965
f 4040 3965 3984
f 4041 3964 3963
f 4039 3966 3968
f 4042 4043 4033
f 4033 4043 4032
f 4042 4033 4044
f 4044 4033 4034
f 4045 4044 4034
f 4045 4034 4046
f 4047 4048 4049
f 4049 4048 4050
f 4032 4043 4035
f 4035 4043 4051
f 4051 4052 4035
f 4035 4052 4053
f 4054 4055 4056
f 4056 4055 4057
f 4058 4059 3978
f 4058 3978 4030
f 4058 4030 4060
f 4060 4030 4031
f 4060 4031 4061
f 4061 4031 4062
f 4063 4064 4065
f 4065 4064 4066
f 3978 4059 4067
f 4067 4059 4068
f 4068 4069 4067
f 4067 4069 4070
f 4071 4072 4073
f 4071 4073 4074
f 4075 4076 4077
f 4077 4076 4078
f 4078 4079 4077
f 4077 4079 4080
f 4080 4079 4081
f 4081 4079 4082
f 4081 4082 4075
f 4075 4082 4076
f 4082 4079 4076
f 4076 4079 4078
f 4073 4072 3970
f 4073 3970 3993
f 3981 3955 4056
f 4056 3955 4054
f 4064 4058 4060
f 4064 4063 4058
f 4064 4060 4071
f 4058 4063 4065
f 4058 4065 4059
f 4072 4071 4061
f 4061 4071 4060
f 4071 4074 4066
f 4071 4066 4064
f 4068 4059 4065
f 4068 4065 4066
f 4068 4066 4074
f 3973 3971 4062
f 3973 4062 4031
f 4061 4062 4072
f 4072 4062 3970
f 4074 4073 4068
f 4073 4069 4068
f 4062 3971 3970
f 4070 4069 3993
f 3993 4069 4073
f 3993 3992 4070
f 4070 3978 4067
f 3992 3978 4070
f 4043 4042 4048
f 4042 4050 4048
f 4048 4047 4043
f 4043 4047 4051
f 4049 4042 4044
f 4049 4050 4042
f 4047 4049 4055
f 4055 4049 4057
f 4051 4047 4055
f 4057 4049 4044
f 4052 4051 4055
f 4052 4055 4054
f 4044 4045 4057
f 4045 4056 4057
f 4053 4052 4054
f 4053 4054 3955
f 4053 3952 3949
f 4053 3949 4035
f 4034 3977 3980
f 4034 3980 4046
f 4045 4046 3981
f 3981 4056 4045
f 3955 3952 4053
f 4046 3980 3981
f 3940 3989 3941
f 3941 3989 4083
f 3989 4084 4083
f 3989 3986 4084
f 3986 3946 4084
f 4084 3946 3945
f 3945 4085 4084
f 3947 4085 3945
f 3943 3947 4075
f 4075 3947 4081
f 3941 4083 3943
f 3947 3943 4085
f 4085 3943 4083
f 4083 4084 4085
f 3947 4080 4081
f 3947 3944 4080
f 4075 4077 3942
f 4075 3942 3943
f 3942 4077 4080
f 3944 3942 4080
f 4086 4087 4088
f 4089 4090 4086
f 4086 4090 4091
f 4092 4093 4094
f 4086 4095 4096
f 4096 4095 4097
f 4098 4093 4092
f 4092 4087 4098
f 4096 4099 4086
f 4086 4088 4095
f 4087 4086 4098
f 4098 4086 4091
f 4100 4101 4102
f 4100 4102 4103
f 4100 4103 4104
f 4100 4104 4105
f 4105 4104 4106
f 4105 4106 4107
f 4105 4107 4108
f 4105 4108 4109
f 4105 4109 4110
f 4105 4110 4111
f 4105 4111 4112
f 4112 4111 4113
f 4112 4113 4114
f 4112 4114 4115
f 4112 4115 4116
f 4112 4116 4117
f 4112 4117 4118
f 4112 4118 4119
f 4119 4118 4120
f 4119 4120 4121
f 4119 4121 4122
f 4119 4122 4123
f 4119 4123 4124
f 4124 4123 4125
f 4124 4125 4126
f 4124 4126 4127
f 4124 4127 4128
f 4124 4128 4129
f 4124 4129 4130
f 4124 4130 4131
f 4131 4130 4132
f 4131 4132 4133
f 4131 4133 4134
f 4131 4134 4135
f 4131 4135 4100
f 4100 4135 4136
f 4100 4136 4137
f 4100 4137 4138
f 4100 4138 4101
f 4129 4128 4139
f 4107 4140 4108
f 4108 4140 4109
f 4134 4133 4141
f 4141 4133 4132
f 4141 4132 4139
f 4139 4132 4130
f 4139 4130 4129
f 4115 4114 4142
f 4142 4114 4113
f 4142 4113 4111
f 4142 4111 4140
f 4140 4111 4110
f 4140 4110 4109
f 4101 4143 4102
f 4128 4127 4139
f 4139 4127 4126
f 4139 4126 4144
f 4126 4125 4144
f 4144 4125 4123
f 4144 4123 4122
f 4115 4142 4116
f 4102 4143 4103
f 4118 4142 4120
f 4120 4142 4144
f 4104 4140 4106
f 4106 4140 4107
f 4143 4140 4103
f 4103 4140 4104
f 4138 4137 4143
f 4143 4137 4136
f 4143 4136 4141
f 4141 4136 4135
f 4141 4135 4134
f 4144 4122 4121
f 4120 4144 4121
f 4116 4142 4117
f 4117 4142 4118
f 4138 4143 4101
f 4145 4146 4147
f 4148 4149 4147
f 4147 4149 4150
f 4147 4150 4145
f 4146 4145 4151
f 4151 4145 4152
f 4151 4152 4153
f 4151 4153 4154
f 4155 4154 4153
f 4156 4157 4154
f 4156 4154 4155
f 4158 4159 4160
f 4160 4159 4096
f 4160 4096 4161
f 4160 4161 4156
f 4156 4161 4157
f 4159 4158 4162
f 4162 4158 4163
f 4162 4163 4164
f 4164 4163 4165
f 4150 4166 4163
f 4163 4166 4165
f 4097 4167 4094
f 4167 4097 4168
f 4168 4097 4095
f 4168 4095 4169
f 4169 4095 4088
f 4169 4088 4170
f 4170 4088 4171
f 4171 4088 4087
f 4171 4087 4172
f 4172 4087 4092
f 4172 4092 4173
f 4173 4092 4094
f 4173 4094 4167
f 4100 4168 4169
f 4100 4169 4170
f 4100 4170 4131
f 4131 4170 4171
f 4131 4171 4124
f 4124 4171 4172
f 4124 4172 4119
f 4119 4172 4173
f 4119 4173 4112
f 4112 4173 4167
f 4112 4167 4105
f 4105 4167 4168
f 4105 4168 4100
f 4086 4099 4174
f 4174 4099 4175
f 4174 4175 4176
f 4176 4175 4148
f 4176 4148 4091
f 4091 4148 4098
f 4091 4090 4176
f 4176 4090 4177
f 4178 4177 4089
f 4089 4177 4090
f 4174 4178 4086
f 4086 4178 4089
f 4176 4177 4174
f 4174 4177 4178
f 4175 4179 4180
f 4180 4179 4166
f 4143 4158 4160
f 4160 4156 4140
f 4143 4160 4140
f 4142 4140 4155
f 4155 4140 4156
f 4143 4141 4158
f 4158 4141 4163
f 4142 4155 4153
f 4152 4145 4144
f 4142 4153 4152
f 4142 4152 4144
f 4139 4144 4150
f 4150 4144 4145
f 4141 4139 4150
f 4141 4150 4163
f 4166 4150 4149
f 4165 4166 4179
f 4164 4165 4179
f 4164 4179 4175
f 4164 4099 4162
f 4175 4099 4164
f 4159 4162 4099
f 4096 4097 4161
f 4096 4159 4099
f 4157 4161 4097
f 4149 4148 4180
f 4149 4180 4166
f 4175 4180 4148
f 4154 4157 4097
f 4098 4148 4147
f 4098 4147 4146
f 4151 4093 4146
f 4097 4094 4093
f 4097 4093 4154
f 4151 4154 4093
f 4098 4146 4093
f 4181 4182 4183
f 4183 4182 4184
f 4185 4186 4184
f 4187 4188 4189
f 4190 4191 4192
f 4192 4191 4193
f 4193 4191 4194
f 4186 4188 4187
f 4186 4187 4195
f 4186 4195 4196
f 4193 4197 4192
f 4192 4196 4190
f 4192 4183 4196
f 4196 4183 4186
f 4186 4183 4184
f 4198 4199 4200
f 4198 4200 4201
f 4198 4201 4202
f 4198 4202 4203
f 4198 4203 4204
f 4198 4204 4205
f 4198 4205 4206
f 4206 4205 4207
f 4206 4207 4208
f 4206 4208 4209
f 4206 4209 4210
f 4206 4210 4211
f 4206 4211 4212
f 4212 4211 4213
f 4212 4213 4214
f 4212 4214 4215
f 4212 4215 4216
f 4212 4216 4217
f 4212 4217 4218
f 4212 4218 4219
f 4212 4219 4220
f 4220 4219 4221
f 4220 4221 4222
f 4220 4222 4223
f 4220 4223 4224
f 4220 4224 4225
f 4220 4225 4226
f 4226 4225 4227
f 4226 4227 4228
f 4226 4228 4229
f 4226 4229 4230
f 4226 4230 4231
f 4226 4231 4232
f 4226 4232 4233
f 4226 4233 4198
f 4198 4233 4234
f 4198 4234 4199
f 4224 4223 4235
f 4204 4236 4205
f 4205 4236 4207
f 4229 4228 4237
f 4237 4228 4227
f 4237 4227 4235
f 4235 4227 4225
f 4235 4225 4224
f 4211 4210 4238
f 4238 4210 4209
f 4238 4209 4236
f 4236 4209 4208
f 4236 4208 4207
f 4199 4239 4200
f 4223 4222 4235
f 4235 4222 4221
f 4235 4221 4240
f 4221 4219 4240
f 4240 4219 4218
f 4240 4218 4217
f 4200 4239 4201
f 4214 4238 4215
f 4202 4236 4203
f 4203 4236 4204
f 4201 4239 4202
f 4202 4239 4236
f 4239 4199 4234
f 4233 4232 4239
f 4239 4232 4231
f 4239 4231 4237
f 4237 4231 4230
f 4237 4230 4229
f 4240 4217 4216
f 4238 4240 4215
f 4215 4240 4216
f 4211 4238 4213
f 4213 4238 4214
f 4233 4239 4234
f 4241 4242 4243
f 4243 4242 4244
f 4243 4244 4245
f 4243 4245 4246
f 4246 4245 4247
f 4246 4247 4248
f 4248 4247 4249
f 4248 4249 4250
f 4250 4249 4251
f 4252 4251 4249
f 4253 4254 4251
f 4253 4251 4252
f 4255 4256 4257
f 4257 4256 4258
f 4257 4258 4259
f 4259 4258 4254
f 4259 4254 4253
f 4256 4255 4260
f 4260 4255 4261
f 4260 4261 4262
f 4262 4261 4263
f 4244 4264 4261
f 4261 4264 4263
f 4265 4189 4266
f 4194 4266 4189
f 4266 4194 4267
f 4267 4194 4191
f 4267 4191 4268
f 4268 4191 4190
f 4268 4190 4269
f 4269 4190 4196
f 4269 4196 4270
f 4270 4196 4195
f 4270 4195 4271
f 4271 4195 4187
f 4271 4187 4265
f 4265 4187 4189
f 4198 4267 4268
f 4198 4268 4226
f 4226 4268 4269
f 4226 4269 4270
f 4226 4270 4220
f 4220 4270 4212
f 4212 4270 4271
f 4212 4271 4265
f 4212 4265 4206
f 4206 4265 4266
f 4206 4266 4198
f 4198 4266 4267
f 4192 4197 4272
f 4272 4197 4273
f 4272 4273 4274
f 4274 4273 4275
f 4274 4275 4184
f 4184 4275 4185
f 4184 4182 4274
f 4274 4182 4276
f 4277 4276 4181
f 4181 4276 4182
f 4272 4277 4183
f 4183 4277 4181
f 4274 4276 4272
f 4272 4276 4277
f 4273 4278 4275
f 4275 4278 4242
f 4255 4257 4239
f 4259 4253 4236
f 4239 4257 4259
f 4239 4259 4236
f 4238 4236 4252
f 4252 4236 4253
f 4239 4237 4255
f 4255 4237 4261
f 4238 4252 4249
f 4249 4247 4240
f 4238 4249 4240
f 4240 4247 4245
f 4235 4240 4245
f 4235 4245 4244
f 4237 4235 4244
f 4237 4244 4261
f 4260 4197 4256
f 4264 4244 4242
f 4263 4264 4278
f 4278 4264 4242
f 4262 4263 4278
f 4262 4278 4273
f 4262 4273 4197
f 4262 4197 4260
f 4197 4193 4256
f 4193 4254 4258
f 4258 4256 4193
f 4193 4194 4254
f 4242 4241 4275
f 4194 4189 4251
f 4251 4254 4194
f 4185 4275 4243
f 4243 4275 4241
f 4186 4185 4243
f 4188 4186 4248
f 4188 4251 4189
f 4188 4250 4251
f 4248 4250 4188
f 4246 4248 4186
f 4243 4246 4186
f 4272 4183 4192
f 4279 4280 4281
f 4282 4283 4284
f 4285 4286 4287
f 4285 4287 4288
f 4288 4289 4285
f 4288 4282 4289
f 4282 4288 4290
f 4291 4292 4293
f 4294 4291 4293
f 4294 4293 4295
f 4296 4283 4293
f 4291 4297 4292
f 4293 4292 4296
f 4297 4298 4299
f 4297 4299 4292
f 4296 4292 4299
f 4298 4300 4301
f 4298 4301 4299
f 4302 4303 4304
f 4304 4303 4305
f 4306 4303 4302
f 4302 4307 4306
f 4308 4305 4303
f 4309 4310 4311
f 4305 4309 4312
f 4313 4279 4314
f 4315 4285 4316
f 4315 4316 4317
f 4318 4319 4313
f 4313 4319 4279
f 4312 4309 4311
f 4320 4321 4318
f 4318 4321 4319
f 4312 4304 4305
f 4322 4304 4312
f 4322 4312 4311
f 4313 4314 4318
f 4318 4314 4320
f 4320 4314 4322
f 4279 4281 4314
f 4284 4285 4289
f 4323 4317 4324
f 4324 4325 4326
f 4316 4285 4284
f 4282 4284 4289
f 4310 4309 4327
f 4328 4329 4279
f 4330 4328 4319
f 4319 4328 4279
f 4330 4321 4331
f 4331 4321 4320
f 4322 4332 4333
f 4334 4327 4308
f 4308 4327 4309
f 4333 4320 4322
f 4332 4322 4311
f 4332 4311 4310
f 4331 4320 4333
f 4329 4335 4280
f 4325 4336 4337
f 4315 4338 4339
f 4325 4337 4326
f 4338 4315 4317
f 4338 4317 4323
f 4323 4324 4326
f 4336 4325 4335
f 4335 4325 4281
f 4335 4281 4280
f 4329 4280 4279
f 4321 4330 4319
f 4285 4315 4339
f 4285 4339 4286
f 4340 4287 4341
f 4341 4286 4339
f 4290 4342 4343
f 4344 4283 4343
f 4345 4291 4346
f 4347 4294 4344
f 4307 4348 4349
f 4288 4340 4342
f 4291 4347 4346
f 4347 4291 4294
f 4344 4294 4295
f 4295 4283 4344
f 4343 4283 4290
f 4288 4342 4290
f 4297 4291 4345
f 4298 4297 4345
f 4298 4345 4350
f 4349 4306 4307
f 4348 4307 4351
f 4348 4351 4352
f 4352 4351 4300
f 4352 4300 4353
f 4353 4300 4350
f 4350 4300 4298
f 4334 4308 4354
f 4354 4308 4303
f 4354 4303 4306
f 4295 4293 4283
f 4290 4283 4282
f 4286 4341 4287
f 4288 4287 4340
f 4349 4354 4306
f 4308 4309 4305
f 4355 4356 4357
f 4355 4357 4358
f 4358 4357 4359
f 4358 4359 4360
f 4361 4362 4363
f 4361 4363 4364
f 4364 4363 4365
f 4364 4365 4356
f 4364 4356 4355
f 4366 4367 4368
f 4368 4367 4369
f 4368 4369 4370
f 4370 4369 4371
f 4370 4371 4362
f 4370 4362 4361
f 4358 4360 4372
f 4372 4360 4373
f 4372 4373 4366
f 4366 4373 4374
f 4366 4374 4367
f 4374 4314 4367
f 4367 4314 4281
f 4367 4281 4325
f 4367 4325 4369
f 4369 4325 4371
f 4371 4325 4324
f 4371 4324 4317
f 4371 4317 4362
f 4362 4317 4316
f 4362 4316 4363
f 4363 4316 4284
f 4284 4283 4363
f 4363 4283 4365
f 4283 4296 4365
f 4296 4299 4365
f 4365 4299 4356
f 4299 4301 4356
f 4356 4301 4300
f 4356 4300 4357
f 4357 4300 4359
f 4359 4300 4351
f 4359 4351 4307
f 4359 4307 4360
f 4360 4307 4302
f 4360 4302 4373
f 4373 4302 4304
f 4304 4322 4373
f 4373 4322 4374
f 4374 4322 4314
f 4333 4332 4375
f 4375 4332 4376
f 4332 4310 4376
f 4376 4310 4377
f 4310 4327 4377
f 4334 4377 4327
f 4377 4334 4378
f 4354 4378 4334
f 4354 4349 4378
f 4378 4349 4379
f 4349 4348 4379
f 4379 4348 4380
f 4380 4348 4352
f 4380 4352 4381
f 4352 4353 4381
f 4350 4382 4381
f 4350 4381 4353
f 4350 4345 4382
f 4346 4383 4345
f 4345 4383 4382
f 4383 4346 4347
f 4383 4347 4384
f 4347 4344 4384
f 4384 4344 4385
f 4385 4344 4386
f 4386 4344 4343
f 4386 4343 4387
f 4343 4342 4387
f 4387 4342 4340
f 4387 4340 4388
f 4388 4340 4341
f 4388 4341 4389
f 4339 4389 4341
f 4339 4390 4389
f 4390 4339 4338
f 4390 4338 4391
f 4338 4323 4391
f 4323 4326 4391
f 4337 4392 4326
f 4326 4392 4391
f 4337 4336 4392
f 4392 4336 4393
f 4393 4336 4335
f 4393 4335 4329
f 4329 4394 4393
f 4328 4394 4329
f 4394 4328 4330
f 4394 4330 4395
f 4330 4331 4395
f 4395 4331 4396
f 4331 4333 4396
f 4396 4333 4375
f 4397 4398 4399
f 4399 4398 4400
f 4401 4402 4397
f 4397 4402 4398
f 4399 4400 4403
f 4399 4403 4404
f 4405 4406 4407
f 4407 4406 4397
f 4397 4406 4408
f 4408 4401 4397
f 4409 4410 4411
f 4409 4411 4407
f 4407 4411 4405
f 4399 4404 4412
f 4399 4412 4409
f 4409 4412 4410
f 4413 4414 4415
f 4413 4415 4416
f 4413 4416 4417
f 4417 4416 4418
f 4417 4418 4419
f 4420 4421 4422
f 4420 4422 4414
f 4420 4414 4413
f 4420 4423 4421
f 4421 4423 4424
f 4425 4420 4413
f 4426 4427 4425
f 4425 4428 4423
f 4425 4427 4428
f 4423 4420 4425
f 4425 4417 4419
f 4425 4413 4417
f 4429 4418 4416
f 4429 4430 4431
f 4429 4416 4415
f 4429 4415 4414
f 4414 4422 4429
f 4429 4422 4432
f 4429 4432 4430
f 4433 4434 4435
f 4433 4435 4436
f 4435 4437 4436
f 4437 4435 4438
f 4437 4438 4439
f 4437 4439 4440
f 4440 4439 4441
f 4442 4443 4444
f 4442 4444 4445
f 4442 4445 4446
f 4444 4447 4445
f 4448 4449 4441
f 4448 4450 4451
f 4448 4451 4449
f 4440 4441 4449
f 4443 4452 4453
f 4454 4447 4444
f 4455 4456 4454
f 4455 4454 4453
f 4453 4454 4444
f 4453 4444 4443
f 4451 4450 4457
f 4457 4450 4456
f 4456 4450 4458
f 4456 4458 4454
f 4454 4458 4447
f 4459 4460 4461
f 4461 4460 4462
f 4463 4464 4460
f 4463 4460 4459
f 4465 4466 4467
f 4465 4467 4468
f 4469 4464 4470
f 4471 4472 4473
f 4474 4475 4476
f 4466 4474 4476
f 4473 4477 4478
f 4470 4464 4463
f 4479 4473 4478
f 4470 4478 4477
f 4470 4477 4469
f 4466 4476 4480
f 4466 4480 4467
f 4481 4472 4471
f 4481 4471 4475
f 4475 4471 4482
f 4476 4475 4482
f 4476 4482 4480
f 4471 4473 4479
f 4483 4484 4485
f 4486 4434 4433
f 4487 4462 4486
f 4487 4486 4484
f 4488 4489 4484
f 4490 4491 4492
f 4490 4492 4487
f 4487 4492 4493
f 4487 4493 4462
f 4462 4493 4461
f 4484 4489 4485
f 4486 4433 4488
f 4486 4488 4484
f 4494 4495 4496
f 4496 4495 4497
f 4498 4499 4494
f 4498 4494 4500
f 4484 4483 4501
f 4484 4501 4498
f 4498 4501 4499
f 4497 4502 4503
f 4503 4502 4483
f 4497 4495 4502
f 4494 4496 4500
f 4500 4496 4504
f 4504 4496 4505
f 4504 4505 4506
f 4506 4505 4507
f 4506 4507 4508
f 4508 4507 4509
f 4508 4509 4510
f 4511 4512 4487
f 4487 4512 4490
f 4487 4513 4511
f 4511 4513 4514
f 4511 4514 4515
f 4516 4517 4515
f 4516 4515 4514
f 4517 4518 4519
f 4520 4490 4519
f 4518 4517 4516
f 4518 4516 4521
f 4518 4521 4522
f 4522 4521 4523
f 4521 4524 4523
f 4524 4525 4523
f 4525 4524 4526
f 4525 4526 4527
f 4528 4529 4530
f 4531 4529 4528
f 4532 4533 4530
f 4530 4533 4528
f 4534 4535 4536
f 4536 4535 4537
f 4538 4539 4540
f 4540 4539 4537
f 4540 4537 4535
f 4541 4542 4536
f 4536 4542 4534
f 4539 4538 4543
f 4498 4544 4545
f 4545 4544 4546
f 4545 4546 4531
f 4531 4546 4529
f 4543 4538 4547
f 4498 4545 4547
f 4498 4547 4538
f 4542 4541 4548
f 4549 4431 4550
f 4549 4446 4431
f 4426 4465 4551
f 4426 4551 4552
f 4431 4446 4429
f 4429 4446 4553
f 4429 4553 4425
f 4425 4553 4554
f 4425 4554 4426
f 4426 4554 4465
f 4550 4431 4552
f 4550 4552 4551
f 4551 4465 4555
f 4556 4557 4558
f 4558 4557 4559
f 4558 4559 4548
f 4555 4465 4468
f 4560 4561 4562
f 4562 4561 4563
f 4562 4563 4564
f 4562 4564 4565
f 4565 4564 4566
f 4549 4442 4446
f 4559 4567 4548
f 4548 4567 4542
f 4568 4569 4556
f 4556 4569 4557
f 4555 4468 4570
f 4570 4468 4571
f 4570 4571 4568
f 4568 4571 4569
f 4560 4533 4532
f 4564 4572 4566
f 4566 4572 4573
f 4573 4572 4574
f 4573 4574 4549
f 4549 4574 4442
f 4560 4532 4561
f 4575 4576 4570
f 4570 4576 4555
f 4570 4568 4577
f 4577 4568 4578
f 4541 4536 4579
f 4580 4548 4541
f 4579 4580 4541
f 4581 4528 4533
f 4533 4560 4582
f 4533 4582 4581
f 4583 4584 4573
f 4573 4584 4566
f 4573 4549 4585
f 4585 4549 4586
f 4587 4588 4589
f 4547 4590 4591
f 4591 4592 4547
f 4547 4592 4587
f 4547 4587 4543
f 4543 4587 4589
f 4591 4590 4593
f 4591 4593 4594
f 4594 4593 4595
f 4596 4597 4595
f 4595 4597 4594
f 4598 4599 4596
f 4596 4599 4597
f 4599 4598 4600
f 4598 4601 4600
f 4600 4601 4602
f 4602 4601 4603
f 4602 4603 4604
f 4604 4603 4605
f 4604 4605 4606
f 4606 4605 4607
f 4606 4607 4608
f 4609 4583 4608
f 4609 4608 4607
f 4583 4609 4584
f 4594 4592 4591
f 4594 4610 4592
f 4610 4594 4597
f 4610 4597 4611
f 4611 4597 4599
f 4611 4599 4612
f 4613 4614 4602
f 4602 4614 4600
f 4600 4614 4599
f 4599 4614 4612
f 4615 4616 4617
f 4602 4615 4613
f 4613 4615 4617
f 4585 4618 4616
f 4616 4618 4617
f 4585 4586 4618
f 4619 4620 4621
f 4620 4619 4622
f 4623 4624 4625
f 4625 4624 4626
f 4625 4626 4622
f 4622 4626 4620
f 4624 4623 4611
f 4611 4623 4627
f 4611 4627 4628
f 4611 4628 4610
f 4628 4592 4610
f 4587 4592 4628
f 4577 4578 4629
f 4629 4578 4630
f 4629 4630 4631
f 4630 4632 4631
f 4631 4632 4633
f 4633 4632 4634
f 4633 4634 4635
f 4635 4634 4636
f 4636 4634 4637
f 4636 4637 4638
f 4636 4638 4639
f 4639 4638 4640
f 4639 4640 4641
f 4641 4640 4588
f 4588 4640 4589
f 4642 4643 4575
f 4575 4643 4576
f 4644 4645 4643
f 4644 4643 4642
f 4645 4644 4646
f 4645 4646 4647
f 4647 4646 4635
f 4647 4635 4648
f 4648 4635 4649
f 4649 4635 4636
f 4639 4650 4636
f 4636 4650 4649
f 4588 4587 4628
f 4588 4628 4641
f 4641 4628 4627
f 4641 4627 4639
f 4639 4627 4650
f 4556 4651 4568
f 4568 4651 4578
f 4556 4652 4651
f 4558 4652 4556
f 4558 4653 4652
f 4653 4558 4548
f 4653 4548 4654
f 4548 4580 4654
f 4655 4634 4632
f 4656 4657 4658
f 4656 4658 4659
f 4660 4661 4662
f 4663 4664 4665
f 4666 4660 4667
f 4661 4660 4668
f 4589 4640 4669
f 4669 4640 4670
f 4669 4670 4671
f 4668 4671 4661
f 4672 4670 4665
f 4670 4640 4638
f 4665 4664 4672
f 4670 4638 4665
f 4579 4666 4673
f 4579 4673 4580
f 4666 4667 4673
f 4673 4667 4674
f 4660 4662 4667
f 4667 4662 4675
f 4667 4675 4674
f 4665 4638 4637
f 4665 4637 4663
f 4676 4637 4634
f 4634 4655 4676
f 4676 4677 4663
f 4663 4675 4664
f 4654 4674 4657
f 4657 4674 4678
f 4658 4678 4679
f 4676 4655 4677
f 4663 4677 4679
f 4663 4679 4675
f 4664 4675 4662
f 4654 4580 4673
f 4654 4673 4674
f 4678 4674 4675
f 4678 4675 4679
f 4662 4672 4664
f 4663 4637 4676
f 4630 4659 4655
f 4655 4659 4680
f 4680 4659 4658
f 4658 4679 4680
f 4632 4630 4655
f 4655 4680 4677
f 4677 4680 4679
f 4678 4658 4657
f 4671 4670 4672
f 4671 4672 4661
f 4661 4672 4662
f 4579 4536 4666
f 4666 4536 4537
f 4666 4537 4660
f 4660 4537 4668
f 4668 4537 4539
f 4668 4539 4671
f 4671 4539 4669
f 4669 4539 4543
f 4669 4543 4589
f 4653 4657 4656
f 4653 4654 4657
f 4681 4651 4652
f 4659 4681 4656
f 4652 4656 4681
f 4651 4681 4659
f 4651 4659 4630
f 4630 4578 4651
f 4656 4652 4653
f 4562 4682 4560
f 4560 4682 4582
f 4682 4562 4683
f 4683 4562 4684
f 4684 4562 4565
f 4684 4565 4685
f 4566 4584 4685
f 4566 4685 4565
f 4686 4607 4687
f 4688 4686 4687
f 4689 4683 4690
f 4690 4691 4692
f 4688 4690 4683
f 4691 4693 4694
f 4695 4598 4596
f 4692 4691 4694
f 4689 4692 4696
f 4696 4692 4697
f 4697 4698 4699
f 4700 4590 4701
f 4688 4702 4690
f 4690 4702 4691
f 4703 4693 4704
f 4704 4693 4705
f 4705 4702 4687
f 4607 4605 4687
f 4687 4605 4706
f 4706 4601 4704
f 4703 4694 4693
f 4702 4688 4687
f 4691 4702 4705
f 4691 4705 4693
f 4687 4706 4705
f 4705 4706 4704
f 4707 4708 4703
f 4605 4603 4706
f 4706 4603 4601
f 4601 4598 4704
f 4704 4598 4695
f 4704 4695 4703
f 4695 4596 4595
f 4699 4581 4709
f 4709 4581 4696
f 4696 4581 4582
f 4582 4689 4696
f 4696 4697 4709
f 4709 4697 4699
f 4689 4690 4692
f 4692 4694 4697
f 4697 4694 4708
f 4697 4708 4698
f 4707 4710 4708
f 4710 4707 4701
f 4703 4700 4707
f 4707 4700 4701
f 4593 4590 4700
f 4593 4700 4595
f 4595 4700 4695
f 4695 4700 4703
f 4694 4703 4708
f 4698 4708 4710
f 4528 4581 4699
f 4528 4699 4531
f 4531 4699 4698
f 4531 4698 4710
f 4531 4710 4545
f 4545 4710 4701
f 4545 4701 4590
f 4545 4590 4547
f 4689 4582 4682
f 4689 4682 4683
f 4609 4607 4686
f 4686 4688 4711
f 4685 4711 4684
f 4685 4584 4686
f 4685 4686 4711
f 4684 4711 4683
f 4584 4609 4686
f 4683 4711 4688
f 4712 4550 4551
f 4713 4555 4576
f 4555 4713 4551
f 4551 4713 4714
f 4551 4714 4712
f 4715 4713 4576
f 4645 4716 4643
f 4643 4716 4715
f 4717 4718 4621
f 4714 4717 4712
f 4714 4713 4715
f 4643 4715 4576
f 4719 4714 4715
f 4719 4715 4716
f 4716 4645 4647
f 4625 4648 4649
f 4720 4621 4718
f 4720 4619 4621
f 4718 4719 4720
f 4625 4649 4623
f 4623 4649 4650
f 4623 4650 4627
f 4648 4625 4622
f 4648 4622 4647
f 4647 4622 4619
f 4647 4619 4716
f 4716 4619 4720
f 4716 4720 4719
f 4714 4719 4718
f 4714 4718 4717
f 4721 4550 4712
f 4550 4721 4549
f 4549 4721 4722
f 4549 4722 4586
f 4717 4723 4724
f 4721 4712 4725
f 4725 4717 4724
f 4717 4621 4723
f 4722 4721 4725
f 4717 4725 4712
f 4726 4722 4725
f 4726 4725 4724
f 4724 4723 4727
f 4727 4723 4620
f 4727 4620 4614
f 4618 4726 4617
f 4617 4724 4613
f 4613 4727 4614
f 4612 4614 4624
f 4612 4624 4611
f 4723 4621 4620
f 4614 4620 4626
f 4626 4624 4614
f 4727 4613 4724
f 4724 4617 4726
f 4722 4726 4618
f 4722 4618 4586
f 4575 4570 4577
f 4635 4646 4633
f 4633 4646 4644
f 4633 4644 4631
f 4631 4644 4642
f 4631 4642 4629
f 4629 4642 4577
f 4642 4575 4577
f 4583 4573 4585
f 4608 4585 4616
f 4608 4616 4606
f 4606 4616 4615
f 4606 4615 4604
f 4604 4615 4602
f 4583 4585 4608
f 4467 4728 4468
f 4468 4728 4571
f 4569 4571 4729
f 4729 4571 4730
f 4542 4527 4526
f 4567 4527 4542
f 4510 4509 4532
f 4731 4561 4532
f 4731 4532 4509
f 4732 4733 4572
f 4572 4733 4574
f 4442 4574 4443
f 4443 4574 4734
f 4733 4732 4735
f 4733 4735 4736
f 4736 4735 4737
f 4736 4737 4738
f 4738 4737 4739
f 4739 4737 4740
f 4739 4740 4741
f 4741 4740 4742
f 4741 4742 4743
f 4743 4742 4744
f 4743 4744 4745
f 4745 4744 4746
f 4746 4744 4747
f 4746 4747 4748
f 4748 4747 4503
f 4748 4503 4485
f 4485 4503 4483
f 4485 4489 4749
f 4749 4748 4485
f 4437 4749 4436
f 4749 4437 4748
f 4748 4437 4440
f 4748 4440 4746
f 4746 4440 4745
f 4745 4440 4449
f 4745 4449 4451
f 4745 4451 4743
f 4743 4451 4741
f 4741 4451 4457
f 4741 4457 4456
f 4741 4456 4739
f 4739 4456 4455
f 4739 4455 4750
f 4750 4455 4453
f 4750 4453 4452
f 4452 4443 4734
f 4491 4490 4520
f 4491 4520 4751
f 4491 4751 4752
f 4752 4751 4753
f 4753 4751 4754
f 4753 4754 4755
f 4753 4755 4756
f 4756 4755 4757
f 4757 4755 4758
f 4757 4758 4759
f 4759 4758 4760
f 4759 4760 4761
f 4761 4760 4762
f 4761 4762 4763
f 4763 4762 4764
f 4763 4764 4765
f 4765 4764 4729
f 4765 4729 4730
f 4463 4752 4753
f 4491 4752 4459
f 4752 4463 4459
f 4761 4471 4759
f 4759 4471 4479
f 4759 4479 4757
f 4757 4479 4756
f 4756 4479 4478
f 4756 4478 4753
f 4753 4478 4470
f 4753 4470 4463
f 4766 4482 4761
f 4761 4482 4471
f 4728 4467 4767
f 4767 4467 4480
f 4767 4480 4766
f 4766 4480 4482
f 4459 4768 4491
f 4768 4492 4491
f 4559 4769 4567
f 4567 4769 4527
f 4559 4770 4769
f 4557 4771 4770
f 4557 4770 4559
f 4771 4557 4772
f 4772 4557 4569
f 4772 4569 4729
f 4773 4774 4762
f 4773 4775 4774
f 4770 4776 4777
f 4770 4777 4769
f 4751 4520 4778
f 4778 4520 4518
f 4778 4518 4779
f 4779 4518 4780
f 4520 4519 4518
f 4754 4751 4781
f 4781 4751 4778
f 4781 4778 4782
f 4782 4778 4779
f 4782 4779 4780
f 4782 4780 4783
f 4783 4780 4784
f 4523 4525 4784
f 4522 4523 4780
f 4785 4776 4770
f 4777 4527 4769
f 4786 4783 4787
f 4525 4788 4784
f 4784 4788 4789
f 4784 4789 4783
f 4760 4758 4790
f 4776 4785 4775
f 4776 4775 4791
f 4791 4775 4773
f 4791 4773 4790
f 4790 4773 4760
f 4760 4773 4762
f 4758 4792 4790
f 4787 4791 4793
f 4793 4791 4790
f 4793 4790 4792
f 4787 4789 4791
f 4791 4789 4776
f 4792 4755 4781
f 4792 4781 4793
f 4793 4781 4786
f 4787 4783 4789
f 4788 4525 4527
f 4758 4755 4792
f 4787 4793 4786
f 4776 4789 4777
f 4777 4789 4788
f 4777 4788 4527
f 4518 4522 4780
f 4780 4523 4784
f 4755 4754 4781
f 4786 4781 4782
f 4786 4782 4783
f 4785 4794 4775
f 4775 4794 4774
f 4762 4774 4764
f 4772 4794 4771
f 4764 4772 4729
f 4764 4794 4772
f 4764 4774 4794
f 4794 4785 4771
f 4771 4785 4770
f 4732 4572 4795
f 4795 4572 4564
f 4795 4564 4796
f 4564 4797 4796
f 4563 4798 4797
f 4563 4797 4564
f 4731 4798 4561
f 4561 4798 4563
f 4799 4800 4801
f 4802 4800 4798
f 4798 4800 4799
f 4803 4804 4801
f 4801 4804 4799
f 4737 4805 4806
f 4806 4805 4807
f 4806 4807 4803
f 4803 4807 4804
f 4808 4809 4810
f 4808 4810 4744
f 4744 4810 4747
f 4740 4811 4742
f 4803 4811 4740
f 4803 4740 4806
f 4806 4740 4737
f 4742 4811 4812
f 4812 4811 4813
f 4813 4811 4814
f 4814 4811 4801
f 4801 4811 4803
f 4814 4815 4813
f 4744 4812 4808
f 4808 4812 4813
f 4808 4813 4809
f 4809 4813 4815
f 4731 4509 4816
f 4817 4816 4818
f 4817 4818 4815
f 4800 4814 4801
f 4812 4744 4742
f 4731 4816 4817
f 4814 4817 4815
f 4503 4747 4497
f 4497 4747 4810
f 4497 4810 4819
f 4820 4505 4496
f 4820 4496 4819
f 4819 4496 4497
f 4816 4509 4507
f 4816 4507 4818
f 4818 4507 4505
f 4818 4505 4820
f 4802 4731 4817
f 4802 4817 4800
f 4800 4817 4814
f 4809 4815 4818
f 4818 4820 4809
f 4809 4820 4819
f 4809 4819 4810
f 4737 4735 4805
f 4731 4802 4798
f 4804 4807 4796
f 4795 4796 4807
f 4795 4807 4735
f 4805 4735 4807
f 4795 4735 4732
f 4799 4804 4796
f 4799 4796 4797
f 4799 4797 4798
f 4552 4821 4427
f 4552 4427 4426
f 4424 4428 4427
f 4424 4427 4821
f 4428 4424 4423
f 4431 4430 4822
f 4431 4822 4821
f 4431 4821 4552
f 4432 4422 4421
f 4430 4432 4823
f 4430 4823 4822
f 4823 4424 4822
f 4822 4424 4821
f 4421 4424 4823
f 4432 4421 4823
f 4730 4571 4728
f 4767 4766 4765
f 4767 4765 4728
f 4728 4765 4730
f 4763 4765 4766
f 4763 4766 4761
f 4734 4574 4733
f 4733 4736 4734
f 4452 4734 4736
f 4452 4736 4750
f 4750 4736 4738
f 4750 4738 4739
f 4824 4825 4826
f 4826 4825 4827
f 4827 4828 4829
f 4829 4828 4830
f 4824 4831 4828
f 4828 4831 4830
f 4829 4832 4833
f 4833 4834 4829
f 4461 4493 4834
f 4831 4835 4834
f 4834 4835 4836
f 4834 4836 4461
f 4837 4838 4839
f 4839 4838 4840
f 4841 4842 4843
f 4841 4843 4839
f 4838 4844 4845
f 4845 4844 4512
f 4845 4512 4511
f 4845 4511 4515
f 4846 4490 4512
f 4847 4848 4512
f 4512 4848 4846
f 4847 4849 4842
f 4842 4849 4837
f 4850 4851 4852
f 4852 4851 4853
f 4854 4855 4856
f 4854 4856 4857
f 4858 4859 4501
f 4501 4859 4852
f 4501 4852 4499
f 4852 4494 4499
f 4860 4858 4857
f 4857 4858 4501
f 4857 4501 4483
f 4859 4861 4855
f 4855 4861 4860
f 4862 4863 4864
f 4864 4863 4865
f 4866 4867 4863
f 4866 4863 4862
f 4868 4867 4869
f 4869 4867 4870
f 4869 4870 4866
f 4868 4871 4872
f 4872 4871 4873
f 4865 4874 4875
f 4875 4874 4869
f 4875 4869 4433
f 4433 4869 4488
f 4474 4465 4554
f 4554 4876 4877
f 4554 4878 4474
f 4554 4877 4878
f 4474 4878 4473
f 4473 4481 4474
f 4553 4438 4434
f 4553 4448 4438
f 4448 4553 4879
f 4879 4553 4446
f 4879 4446 4445
f 4445 4447 4458
f 4458 4879 4445
f 4418 4429 4419
f 4419 4429 4425
f 4404 4880 4881
f 4882 4880 4404
f 4403 4882 4404
f 4882 4403 4883
f 4883 4403 4400
f 4883 4400 4398
f 4883 4398 4884
f 4884 4398 4402
f 4884 4402 4885
f 4885 4402 4401
f 4885 4401 4886
f 4408 4887 4401
f 4401 4887 4886
f 4888 4889 4890
f 4889 4881 4890
f 4411 4410 4891
f 4891 4410 4892
f 4892 4410 4412
f 4892 4412 4881
f 4412 4404 4881
f 4893 4894 4895
f 4893 4895 4896
f 4896 4895 4897
f 4895 4898 4897
f 4897 4898 4880
f 4880 4898 4899
f 4880 4899 4881
f 4894 4893 4900
f 4894 4900 4901
f 4901 4900 4902
f 4901 4902 4903
f 4903 4902 4904
f 4887 4408 4406
f 4411 4905 4405
f 4405 4905 4906
f 4405 4906 4406
f 4406 4906 4889
f 4406 4889 4887
f 4887 4889 4907
f 4887 4907 4908
f 4908 4907 4909
f 4907 4910 4909
f 4903 4904 4910
f 4910 4904 4909
f 4888 4890 4911
f 4911 4890 4912
f 4913 4911 4912
f 4911 4913 4914
f 4914 4913 4915
f 4915 4913 4894
f 4886 4916 4885
f 4896 4882 4883
f 4902 4917 4884
f 4896 4883 4917
f 4917 4883 4884
f 4885 4916 4884
f 4884 4916 4902
f 4852 4853 4494
f 4494 4853 4495
f 4502 4495 4853
f 4502 4853 4854
f 4502 4854 4483
f 4483 4854 4857
f 4869 4866 4488
f 4488 4866 4489
f 4862 4489 4866
f 4862 4749 4489
f 4862 4436 4749
f 4436 4862 4864
f 4436 4864 4433
f 4839 4840 4515
f 4839 4515 4517
f 4519 4490 4841
f 4517 4519 4839
f 4839 4519 4841
f 4461 4826 4827
f 4461 4827 4459
f 4829 4493 4492
f 4829 4834 4493
f 4768 4829 4492
f 4768 4459 4827
f 4768 4827 4829
f 4881 4889 4892
f 4889 4906 4892
f 4892 4906 4891
f 4906 4905 4891
f 4891 4905 4411
f 4465 4474 4466
f 4481 4475 4474
f 4473 4472 4481
f 4473 4878 4477
f 4469 4477 4878
f 4879 4450 4448
f 4458 4450 4879
f 4876 4462 4460
f 4877 4464 4878
f 4877 4876 4460
f 4877 4460 4464
f 4878 4464 4469
f 4438 4435 4434
f 4438 4441 4439
f 4438 4448 4441
f 4399 4554 4553
f 4399 4553 4397
f 4399 4409 4554
f 4554 4409 4876
f 4553 4434 4407
f 4553 4407 4397
f 4409 4462 4876
f 4486 4407 4434
f 4486 4462 4409
f 4486 4409 4407
f 4532 4530 4510
f 4498 4500 4544
f 4544 4500 4504
f 4544 4504 4546
f 4546 4504 4506
f 4546 4506 4529
f 4529 4506 4508
f 4508 4510 4530
f 4529 4508 4530
f 4498 4538 4513
f 4487 4484 4513
f 4498 4513 4484
f 4534 4526 4524
f 4535 4524 4521
f 4535 4521 4540
f 4540 4521 4516
f 4540 4516 4514
f 4540 4514 4538
f 4538 4514 4513
f 4524 4535 4534
f 4542 4526 4534
f 4882 4897 4880
f 4882 4896 4897
f 4893 4896 4917
f 4887 4908 4886
f 4908 4909 4886
f 4886 4909 4916
f 4909 4904 4916
f 4916 4904 4902
f 4902 4900 4917
f 4900 4893 4917
f 4912 4890 4899
f 4899 4890 4881
f 4895 4894 4913
f 4913 4912 4895
f 4895 4912 4898
f 4899 4898 4912
f 4888 4911 4889
f 4889 4911 4907
f 4914 4907 4911
f 4910 4907 4914
f 4914 4915 4903
f 4914 4903 4910
f 4901 4915 4894
f 4903 4915 4901
f 4856 4860 4857
f 4860 4861 4858
f 4855 4854 4851
f 4851 4854 4853
f 4855 4860 4856
f 4861 4859 4858
f 4859 4850 4852
f 4851 4850 4855
f 4855 4850 4859
f 4864 4875 4433
f 4873 4871 4865
f 4873 4865 4863
f 4864 4865 4875
f 4867 4866 4870
f 4872 4873 4867
f 4867 4873 4863
f 4871 4868 4865
f 4865 4868 4874
f 4874 4868 4869
f 4867 4868 4872
f 4830 4832 4829
f 4830 4831 4832
f 4832 4831 4833
f 4834 4833 4831
f 4826 4461 4836
f 4828 4827 4825
f 4835 4831 4824
f 4836 4835 4824
f 4824 4826 4836
f 4825 4824 4828
f 4515 4840 4845
f 4839 4843 4837
f 4837 4849 4838
f 4840 4838 4845
f 4841 4490 4846
f 4842 4846 4848
f 4842 4841 4846
f 4842 4837 4843
f 4849 4847 4838
f 4838 4847 4844
f 4512 4844 4847
f 4848 4847 4842
f 4918 4919 4920
f 4921 4922 4923
f 4921 4923 4924
f 4925 4926 4927
f 4923 4926 4928
f 4929 4930 4928
f 4923 4928 4924
f 4925 4927 4931
f 4926 4925 4929
f 4926 4929 4928
f 4932 4927 4926
f 4932 4926 4933
f 4933 4934 4935
f 4936 4937 4938
f 4937 4939 4938
f 4938 4939 4934
f 4938 4934 4933
f 4940 4936 4938
f 4941 4942 4943
f 4943 4942 4944
f 4941 4945 4942
f 4946 4947 4944
f 4947 4943 4944
f 4948 4949 4950
f 4951 4942 4948
f 4949 4952 4953
f 4953 4954 4955
f 4956 4957 4950
f 4953 4955 4949
f 4949 4955 4956
f 4949 4956 4950
f 4949 4922 4958
f 4949 4958 4959
f 4949 4959 4952
f 4952 4959 4960
f 4958 4961 4962
f 4961 4958 4922
f 4961 4922 4963
f 4964 4963 4965
f 4922 4921 4965
f 4922 4965 4963
f 4966 4967 4968
f 4969 4967 4970
f 4968 4971 4966
f 4972 4973 4974
f 4938 4973 4972
f 4974 4971 4968
f 4938 4975 4973
f 4975 4938 4976
f 4975 4976 4970
f 4970 4976 4969
f 4977 4978 4979
f 4980 4981 4982
f 4980 4982 4977
f 4983 4981 4980
f 4984 4979 4985
f 4985 4979 4978
f 4986 4985 4938
f 4986 4984 4985
f 4987 4986 4938
f 4926 4988 4938
f 4988 4987 4938
f 4926 4989 4988
f 4989 4990 4991
f 4926 4990 4989
f 4992 4977 4993
f 4993 4977 4994
f 4993 4994 4991
f 4991 4994 4989
f 4981 4983 4995
f 4981 4995 4996
f 4995 4997 4996
f 4998 4992 4999
f 5000 5001 5002
f 5002 5001 5003
f 5002 5003 4923
f 4923 5003 4926
f 5004 5005 5006
f 5007 5008 5009
f 5010 5011 5012
f 5012 5011 5013
f 5014 5015 5013
f 5016 5005 5004
f 5015 5012 5013
f 5017 5018 5019
f 5019 5020 5017
f 5017 5020 5016
f 5021 5016 5020
f 5009 5008 5022
f 5004 5006 5010
f 5010 5007 5011
f 5011 5007 5009
f 5017 5016 5004
f 5018 5023 5024
f 5025 5024 5023
f 5026 5027 5028
f 5029 5030 5031
f 5032 5033 5034
f 5033 5029 5034
f 5034 5029 5031
f 5031 5030 5027
f 5035 5036 5004
f 5036 5037 5017
f 5004 5036 5017
f 5028 5035 5004
f 5038 5039 5040
f 5041 5042 5043
f 5040 5039 5044
f 5044 5039 5045
f 5046 5047 5048
f 5049 5050 5041
f 5046 5048 5040
f 5040 5048 5038
f 5042 5038 5043
f 5043 5038 5051
f 5043 5051 5052
f 5052 5051 5053
f 5050 5042 5041
f 5046 5054 5055
f 5046 5056 5057
f 5057 5047 5046
f 5046 5058 5054
f 5052 5053 5059
f 5055 5056 5046
f 5058 5044 5045
f 5060 5061 5062
f 5062 5061 5026
f 5060 5063 5061
f 5063 5064 5061
f 5065 5066 5063
f 5065 5063 5060
f 5067 5068 5069
f 5070 5071 5068
f 5068 5071 5069
f 5071 5072 5069
f 5070 5068 5073
f 5070 5073 5074
f 5075 5076 5044
f 5077 5078 5079
f 5079 5078 5040
f 5079 5040 5076
f 5076 5040 5044
f 5075 5044 5080
f 5081 5082 5083
f 5084 5083 5085
f 5077 5086 5078
f 5078 5086 5087
f 5078 5087 5088
f 5081 5080 5044
f 5085 5078 5084
f 5084 5078 5088
f 5083 5084 5081
f 5081 5084 5089
f 5081 5089 5080
f 5082 5081 5090
f 5031 5091 5092
f 5031 5092 5034
f 5031 5085 5091
f 5026 5093 5094
f 5095 5096 5023
f 5023 5096 5025
f 5025 5096 5097
f 5025 5097 5093
f 5098 5099 5100
f 5099 5101 5102
f 5100 5099 5102
f 5100 5094 5098
f 5103 5104 4922
f 5105 5002 4923
f 5106 4923 4922
f 5106 4922 5107
f 5107 4922 5104
f 5107 5104 5108
f 5109 5110 5111
f 5111 5110 5112
f 5044 5113 4918
f 5114 5115 5044
f 5044 5115 5113
f 5116 5117 5114
f 5114 5117 5115
f 5116 4938 5118
f 4920 4919 4985
f 4938 4985 5119
f 5119 5118 4938
f 5120 5100 5121
f 5121 5100 5122
f 5120 5123 5124
f 5102 5125 5126
f 5127 5128 5129
f 5129 5128 5100
f 5100 5128 5122
f 5123 5130 5124
f 5124 5130 5131
f 5102 5126 5129
f 5102 5129 5100
f 5132 5124 5131
f 5125 5102 5133
f 5134 5133 5026
f 5135 5123 5121
f 5121 5123 5120
f 5026 5136 5134
f 5137 5138 5034
f 5034 5138 5139
f 4920 5137 5034
f 5140 5141 5142
f 5142 5141 5143
f 5037 5144 4978
f 5145 5142 5143
f 5037 5146 5144
f 5037 5139 5147
f 5037 5147 5146
f 5017 5148 5023
f 5149 5150 5151
f 5017 5023 5018
f 5023 5148 5152
f 5023 5152 4992
f 4992 5152 5153
f 5154 5155 5149
f 5150 5148 5151
f 5151 5148 5156
f 5151 5156 5157
f 5157 5156 5158
f 5155 5150 5149
f 5157 5158 5159
f 5037 5160 5017
f 5161 5162 4978
f 4978 5162 5163
f 5164 5163 5162
f 4978 5163 5037
f 5037 5163 5160
f 4978 5165 5161
f 5153 5165 4992
f 4992 5165 4977
f 5166 5167 5168
f 5044 5169 5170
f 5044 5170 5114
f 5114 5170 5168
f 5114 5168 5171
f 5171 5168 5167
f 5044 5172 5169
f 5173 5174 5175
f 5175 5174 5176
f 5175 5176 5177
f 5177 5176 5178
f 5177 5178 5046
f 5046 5178 5179
f 5180 5167 5166
f 5181 5174 5173
f 5046 5179 5182
f 5172 5044 5183
f 5044 5182 5184
f 5046 5182 5044
f 5184 5183 5044
f 5184 5185 5183
f 4972 4974 4968
f 4972 4968 5186
f 4948 4942 4949
f 4949 4942 4945
f 4949 4945 4968
f 4968 4945 5186
f 4947 4940 4943
f 4943 4940 4938
f 4943 4938 4972
f 5187 5188 5189
f 5187 5189 5190
f 5189 5191 5190
f 5190 5191 5177
f 5190 5177 4969
f 4969 5177 4968
f 4969 4968 4967
f 5192 5188 4938
f 4938 5188 5187
f 5191 5193 5177
f 5177 5193 5114
f 5114 5193 5194
f 5114 5194 5116
f 5116 5194 5192
f 5193 5195 5194
f 5193 5196 5195
f 4938 5187 4976
f 5177 5114 5175
f 5175 5114 5171
f 4933 4926 4938
f 4938 5116 5192
f 4922 5067 5103
f 5103 5067 5069
f 5067 4922 5197
f 4949 5061 4922
f 4922 5061 5197
f 5197 5061 5064
f 4977 5165 4978
f 4978 5143 4985
f 4985 5143 5141
f 4985 5141 4920
f 5044 5058 5046
f 5081 4920 5034
f 4998 5000 4992
f 4992 5000 5002
f 4992 5002 5102
f 4992 5102 5023
f 5023 5102 5198
f 5023 5198 5095
f 5110 5069 5102
f 5102 5069 5026
f 5102 5026 5133
f 5044 4918 4920
f 5044 4920 5081
f 5034 5139 5032
f 5037 5199 5139
f 5139 5199 5032
f 5105 5112 5002
f 5002 5112 5110
f 5002 5110 5102
f 5198 5102 5101
f 5027 5026 5031
f 5031 5026 5085
f 5085 5026 5078
f 5078 5026 5040
f 5040 5026 5046
f 5093 5026 5025
f 5025 5026 5010
f 5010 5026 5004
f 5004 5026 5028
f 5026 5094 5100
f 5026 5100 5120
f 5026 5120 5136
f 5072 5062 5026
f 5072 5026 5069
f 5200 5201 5202
f 5203 5204 5205
f 5206 5207 5208
f 5203 5209 5210
f 5203 5210 5204
f 5206 5208 5205
f 5211 5212 5206
f 5212 5207 5206
f 5209 5203 5213
f 5213 5203 5214
f 5212 5211 5215
f 5215 5211 5216
f 5204 5210 5217
f 5204 5217 5218
f 5219 5220 5221
f 5221 5220 5222
f 5223 5221 5224
f 5224 5221 5222
f 5224 5222 5204
f 5205 5204 5225
f 5226 5227 5228
f 5228 5227 5229
f 5228 5229 5230
f 5230 5229 5231
f 5223 5232 5231
f 5231 5232 5233
f 5231 5233 5230
f 5234 5235 5236
f 5236 5235 5237
f 5237 5235 5238
f 5237 5238 5224
f 5224 5238 5239
f 5234 5236 5230
f 5230 5236 5240
f 5225 5228 5205
f 5205 5228 5230
f 5205 5230 5240
f 5241 5242 5239
f 5239 5242 5243
f 5239 5243 5224
f 5224 5243 5232
f 5224 5232 5223
f 5244 5245 5246
f 5247 5248 5249
f 5250 5251 5252
f 5250 5252 5253
f 5254 5255 5256
f 5245 5253 5246
f 5246 5253 5252
f 5246 5252 5257
f 5257 5252 5258
f 5257 5258 5259
f 5259 5258 5260
f 5247 5249 5261
f 5247 5261 5255
f 5250 5262 5251
f 5261 5256 5255
f 5250 5263 5262
f 5264 5245 5244
f 5265 5259 5260
f 5254 5266 5255
f 5267 5268 5269
f 5269 5268 5224
f 5267 5270 5268
f 5262 5263 5271
f 5271 5263 5269
f 5272 5273 5274
f 5272 5274 5275
f 5275 5274 5276
f 5277 5273 5278
f 5278 5276 5277
f 5279 5280 5281
f 5281 5282 5283
f 5283 5282 5200
f 5283 5200 5284
f 5285 5286 5279
f 5285 5279 5281
f 5285 5281 5283
f 5287 5200 5286
f 5287 5286 5285
f 5287 5285 5284
f 5287 5284 5200
f 5201 5288 5289
f 5290 5288 5291
f 5202 5201 5292
f 5291 5288 5201
f 5292 5201 5289
f 5292 5289 5293
f 5294 5295 5296
f 5296 5295 5297
f 5296 5297 5298
f 5295 5299 5297
f 5297 5299 5300
f 5297 5300 5298
f 5299 5301 5300
f 5299 5294 5301
f 5302 5303 5304
f 5304 5303 5275
f 5304 5275 5305
f 5276 5306 5305
f 5306 5276 5278
f 5306 5278 5307
f 5307 5308 5304
f 5307 5304 5305
f 5309 5308 5278
f 5307 5278 5308
f 5278 5302 5309
f 5302 5278 5303
f 5310 5311 5312
f 5296 5312 5313
f 5313 5312 5311
f 5313 5311 5314
f 5314 5315 5316
f 5314 5310 5317
f 5310 5312 5318
f 5315 5314 5317
f 5315 5317 5319
f 5320 5321 5206
f 5206 5321 5211
f 5206 5322 5320
f 5211 5321 5312
f 5312 5321 5318
f 5318 5320 5319
f 5318 5319 5317
f 5323 5324 5325
f 5326 5327 5328
f 5329 5330 5328
f 5271 5269 5224
f 5323 5325 5224
f 5224 5325 5271
f 5326 5331 5327
f 5240 5332 5333
f 5240 5333 5326
f 5326 5333 5331
f 5332 5240 5334
f 5334 5240 5335
f 5252 5336 5240
f 5335 5240 5336
f 5240 5337 5252
f 5252 5337 5248
f 5252 5248 5247
f 5252 5247 5258
f 5275 5322 5206
f 5338 5275 5303
f 5339 5293 5300
f 5293 5340 5341
f 5293 5341 5300
f 5339 5300 5342
f 5342 5300 5338
f 5300 5341 5298
f 5343 5340 5290
f 5290 5340 5293
f 5290 5293 5289
f 5344 5345 5346
f 5294 5344 5301
f 5345 5344 5294
f 5301 5344 5347
f 5301 5347 5315
f 5294 5348 5345
f 5315 5347 5313
f 5312 5349 5218
f 5296 5298 5350
f 5351 5352 5353
f 5298 5291 5354
f 5298 5354 5350
f 5350 5354 5351
f 5351 5354 5352
f 5355 5356 5351
f 5351 5356 5350
f 5351 5323 5355
f 5323 5357 5355
f 5358 5359 5282
f 5282 5359 5360
f 5282 5360 5200
f 5361 5359 5358
f 5353 5361 5358
f 5351 5353 5358
f 5338 5362 5342
f 5342 5362 5363
f 5364 5363 5365
f 5282 5281 5280
f 5282 5280 5358
f 5365 5366 5364
f 5367 5368 5369
f 5369 5366 5365
f 5358 5370 5371
f 5358 5371 5367
f 5367 5371 5368
f 5364 5366 5370
f 5363 5362 5372
f 5373 5374 5375
f 5375 5374 5362
f 5362 5374 5376
f 5375 5372 5373
f 5377 5378 5338
f 5378 5379 5380
f 5375 5381 5278
f 5278 5381 5382
f 5278 5382 5378
f 5378 5382 5379
f 5380 5362 5338
f 5380 5338 5378
f 5375 5383 5381
f 5380 5381 5384
f 5383 5375 5362
f 5378 5377 5385
f 5278 5378 5385
f 5278 5385 5303
f 5338 5303 5377
f 5386 5248 5337
f 5387 5388 5389
f 5390 5386 5337
f 5387 5389 5337
f 5337 5389 5390
f 5266 5254 5268
f 5268 5254 5224
f 5224 5254 5388
f 5391 5392 5387
f 5387 5392 5224
f 5387 5224 5388
f 5337 5393 5394
f 5337 5394 5395
f 5337 5395 5387
f 5387 5395 5391
f 5396 5397 5398
f 5237 5224 5398
f 5397 5396 5399
f 5399 5396 5400
f 5399 5400 5401
f 5401 5402 5399
f 5205 5240 5206
f 5273 5272 5278
f 5278 5272 5403
f 5278 5403 5240
f 5404 5272 5405
f 5405 5272 5206
f 5405 5206 5406
f 5240 5403 5206
f 5206 5403 5406
f 5407 5408 5365
f 5365 5408 5367
f 5365 5367 5369
f 5367 5408 5409
f 5367 5409 5375
f 5375 5409 5407
f 5272 5275 5206
f 5276 5305 5275
f 5365 5363 5407
f 5375 5407 5410
f 5375 5410 5372
f 5372 5410 5407
f 5372 5407 5363
f 5337 5240 5236
f 5337 5236 5393
f 5370 5358 5364
f 5364 5358 5280
f 5312 5218 5211
f 5200 5291 5201
f 5290 5291 5298
f 5294 5296 5313
f 5315 5313 5316
f 5202 5292 5286
f 5202 5286 5200
f 5328 5330 5326
f 5326 5330 5323
f 5392 5398 5224
f 5323 5224 5204
f 5323 5204 5218
f 5323 5218 5349
f 5323 5349 5357
f 5411 5412 5413
f 5413 5412 5414
f 5413 5414 5415
f 5415 5414 5416
f 5415 5416 5417
f 5417 5416 5418
f 5417 5418 5419
f 5419 5418 5420
f 5419 5420 5411
f 5411 5420 5412
f 5421 5422 5423
f 5421 5423 5424
f 5424 5423 5425
f 5425 5423 5426
f 5425 5426 5427
f 5427 5426 5428
f 5427 5428 5429
f 5427 5429 5430
f 5430 5429 5431
f 5431 5429 5422
f 5431 5422 5421
f 5432 5433 5434
f 5432 5434 5435
f 5435 5434 5436
f 5436 5434 5437
f 5436 5437 5438
f 5438 5437 5439
f 5438 5439 5440
f 5440 5439 5441
f 5441 5439 5442
f 5441 5442 5443
f 5443 5442 5433
f 5443 5433 5432
f 5444 5445 5446
f 5444 5446 5447
f 5447 5446 5448
f 5447 5448 5449
f 5449 5448 5450
f 5450 5448 5451
f 5450 5451 5452
f 5452 5451 5453
f 5452 5453 5454
f 5454 5453 5445
f 5454 5445 5444
f 5455 5456 5457
f 5457 5456 5458
f 5457 5458 5459
f 5459 5458 5460
f 5459 5460 5461
f 5459 5461 5462
f 5462 5461 5463
f 5462 5463 5464
f 5462 5464 5465
f 5465 5464 5466
f 5465 5466 5467
f 5465 5467 5468
f 5468 5467 5469
f 5468 5469 5470
f 5470 5469 5471
f 5470 5471 5472
f 5470 5472 5473
f 5473 5472 5474
f 5473 5474 5475
f 5475 5474 5476
f 5475 5476 5477
f 5477 5476 5478
f 5477 5478 5455
f 5455 5478 5479
f 5455 5479 5456
f 5480 5481 5482
f 5482 5481 5483
f 5484 5485 5486
f 5484 5486 5487
f 5487 5486 5488
f 5487 5488 5489
f 5489 5488 5490
f 5489 5490 5491
f 5491 5490 5492
f 5491 5492 5493
f 5493 5492 5485
f 5493 5485 5484
f 5494 5495 5496
f 5496 5495 5497
f 5496 5497 5498
f 5498 5497 5499
f 5498 5499 5500
f 5500 5499 5501
f 5500 5501 5502
f 5500 5502 5503
f 5503 5502 5504
f 5503 5504 5494
f 5494 5504 5495
f 5505 5506 5507
f 5505 5507 5508
f 5508 5507 5509
f 5508 5509 5510
f 5510 5509 5511
f 5510 5511 5512
f 5512 5511 5513
f 5512 5513 5514
f 5514 5513 5515
f 5514 5515 5516
f 5516 5515 5506
f 5516 5506 5505
f 5517 5518 5519
f 5517 5519 5520
f 5520 5519 5521
f 5520 5521 5522
f 5522 5521 5523
f 5522 5523 5524
f 5522 5524 5525
f 5525 5524 5526
f 5526 5524 5527
f 5526 5527 5518
f 5526 5518 5517
f 5528 5529 5530
f 5530 5529 5531
f 5530 5531 5532
f 5532 5531 5533
f 5532 5533 5534
f 5534 5533 5535
f 5534 5535 5536
f 5536 5535 5537
f 5536 5537 5538
f 5538 5537 5529
f 5538 5529 5528
f 5539 5540 5541
f 5541 5540 5542
f 5541 5542 5543
f 5543 5542 5544
f 5543 5544 5545
f 5545 5544 5546
f 5545 5546 5547
f 5547 5546 5548
f 5548 5546 5549
f 5548 5549 5539
f 5539 5549 5540
f 5550 5551 5552
f 5550 5552 5553
f 5553 5552 5554
f 5553 5554 5555
f 5555 5554 5556
f 5555 5556 5557
f 5557 5556 5558
f 5557 5558 5559
f 5557 5559 5560
f 5560 5559 5551
f 5560 5551 5550
f 5561 5562 5563
f 5561 5563 5564
f 5564 5563 5565
f 5564 5565 5566
f 5566 5565 5567
f 5566 5567 5568
f 5568 5567 5569
f 5569 5567 5570
f 5569 5570 5571
f 5569 5571 5572
f 5572 5571 5562
f 5572 5562 5561
f 5573 5574 5575
f 5573 5575 5576
f 5576 5575 5577
f 5576 5577 5578
f 5578 5577 5579
f 5579 5577 5580
f 5579 5580 5581
f 5581 5580 5582
f 5582 5580 5583
f 5582 5583 5584
f 5584 5583 5574
f 5584 5574 5573
f 5585 5586 5587
f 5587 5586 5588
f 5587 5588 5589
f 5587 5589 5590
f 5590 5589 5591
f 5591 5589 5592
f 5591 5592 5593
f 5591 5593 5594
f 5594 5593 5586
f 5594 5586 5585
f 5595 5596 5597
f 5597 5596 5598
f 5597 5598 5599
f 5599 5598 5600
f 5599 5600 5601
f 5601 5600 5602
f 5602 5600 5603
f 5602 5603 5604
f 5602 5604 5605
f 5605 5604 5606
f 5605 5606 5595
f 5595 5606 5596
f 5607 5608 5609
f 5607 5609 5610
f 5610 5609 5611
f 5610 5611 5612
f 5612 5611 5613
f 5612 5613 5614
f 5614 5613 5615
f 5614 5615 5616
f 5616 5615 5617
f 5616 5617 5618
f 5618 5617 5608
f 5618 5608 5607
f 5619 5620 5621
f 5619 5621 5622
f 5622 5621 5623
f 5622 5623 5624
f 5624 5623 5625
f 5624 5625 5626
f 5624 5626 5627
f 5627 5626 5628
f 5627 5628 5629
f 5629 5628 5630
f 5630 5628 5620
f 5630 5620 5619
f 5631 5632 5633
f 5631 5633 5634
f 5634 5633 5635
f 5634 5635 5636
f 5634 5636 5637
f 5637 5636 5638
f 5637 5638 5639
f 5639 5638 5632
f 5639 5632 5640
f 5640 5632 5631
f 5641 5642 5643
f 5641 5643 5644
f 5644 5643 5645
f 5644 5645 5646
f 5646 5645 5647
f 5646 5647 5648
f 5646 5648 5649
f 5649 5648 5650
f 5649 5650 5651
f 5651 5650 5642
f 5651 5642 5641
f 5652 5653 5654
f 5652 5654 5655
f 5655 5654 5656
f 5655 5656 5657
f 5657 5656 5658
f 5657 5658 5659
f 5657 5659 5660
f 5660 5659 5653
f 5660 5653 5661
f 5661 5653 5652
f 5662 5663 5664
f 5664 5663 5665
f 5664 5665 5666
f 5666 5665 5667
f 5666 5667 5668
f 5668 5667 5669
f 5668 5669 5670
f 5670 5669 5671
f 5670 5671 5672
f 5672 5671 5673
f 5672 5673 5662
f 5662 5673 5663
f 5674 5675 5676
f 5674 5676 5677
f 5677 5676 5678
f 5677 5678 5679
f 5679 5678 5680
f 5679 5680 5681
f 5681 5680 5682
f 5681 5682 5683
f 5683 5682 5684
f 5683 5684 5675
f 5683 5675 5674
f 5685 5686 5687
f 5687 5686 5688
f 5687 5688 5689
f 5689 5688 5690
f 5689 5690 5691
f 5691 5690 5692
f 5691 5692 5693
f 5693 5692 5694
f 5693 5694 5685
f 5685 5694 5686
f 5695 5696 5697
f 5697 5696 5698
f 5697 5698 5699
f 5697 5699 5700
f 5700 5699 5701
f 5700 5701 5702
f 5702 5701 5703
f 5703 5701 5704
f 5703 5704 5705
f 5705 5704 5706
f 5705 5706 5695
f 5695 5706 5696
f 5707 5708 5709
f 5709 5708 5710
f 5711 5712 5707
f 5707 5712 5708
f 5709 5710 5713
f 5713 5710 5714
f 5715 5716 5717
f 5717 5716 5711
f 5711 5716 5712
f 5718 5719 5720
f 5720 5719 5715
f 5720 5715 5717
f 5714 5718 5713
f 5713 5718 5720
f 5721 5722 5723
f 5723 5724 5725
f 5726 5727 5728
f 5729 5730 5731
f 5729 5731 5732
f 5733 5734 5730
f 5733 5730 5729
f 5722 5721 5727
f 5722 5727 5726
f 5724 5723 5722
f 5731 5725 5732
f 5732 5725 5724
f 5726 5728 5733
f 5733 5728 5734
f 5735 5736 5737
f 5738 5735 5739
f 5739 5735 5737
f 5740 5741 5742
f 5740 5742 5739
f 5739 5742 5738
f 5743 5741 5744
f 5744 5741 5740
f 5745 5746 5743
f 5745 5743 5744
f 5747 5748 5745
f 5745 5748 5746
f 5737 5736 5747
f 5747 5736 5748
f 5749 5750 5751
f 5752 5753 5754
f 5754 5753 5755
f 5756 5757 5750
f 5753 5752 5758
f 5758 5752 5759
f 5759 5760 5758
f 5758 5760 5761
f 5757 5756 5755
f 5755 5756 5754
f 5751 5750 5757
f 5760 5749 5761
f 5761 5749 5751
f 5762 5763 5764
f 5765 5766 5762
f 5762 5766 5763
f 5767 5768 5769
f 5763 5770 5764
f 5764 5770 5771
f 5772 5773 5774
f 5774 5773 5775
f 5776 5772 5774
f 5777 5778 5765
f 5765 5778 5766
f 5775 5773 5778
f 5775 5778 5777
f 5779 5780 5776
f 5776 5780 5772
f 5768 5767 5779
f 5779 5767 5780
f 5770 5769 5771
f 5771 5769 5768
f 5781 5782 5783
f 5784 5781 5783
f 5785 5786 5787
f 5784 5788 5781
f 5783 5782 5789
f 5789 5782 5790
f 5791 5792 5793
f 5793 5792 5794
f 5789 5790 5791
f 5791 5790 5792
f 5787 5786 5784
f 5784 5786 5788
f 5794 5785 5793
f 5793 5785 5787
f 5795 5796 5797
f 5798 5799 5800
f 5801 5802 5803
f 5801 5803 5804
f 5804 5803 5805
f 5805 5803 5806
f 5800 5799 5801
f 5801 5799 5802
f 5807 5798 5808
f 5808 5798 5800
f 5796 5795 5808
f 5808 5795 5807
f 5806 5797 5805
f 5805 5797 5796
f 5809 5810 5811
f 5809 5811 5812
f 5813 5814 5815
f 5816 5817 5814
f 5812 5811 5818
f 5818 5811 5819
f 5813 5815 5809
f 5809 5815 5810
f 5816 5814 5813
f 5820 5821 5816
f 5816 5821 5817
f 5818 5819 5820
f 5820 5819 5821
f 5822 5823 5824
f 5822 5824 5825
f 5826 5827 5828
f 5829 5830 5827
f 5825 5824 5831
f 5831 5824 5832
f 5829 5827 5826
f 5831 5832 5829
f 5829 5832 5830
f 5833 5834 5823
f 5833 5823 5822
f 5826 5828 5833
f 5833 5828 5834
f 1656 5835 1655
f 1655 5835 1653
f 4219 4221 5836
f 5836 4221 4222
f 1656 5837 5835
f 37 39 5838
f 5838 39 40
f 5838 40 5836
f 5836 40 41
f 5836 41 42
f 4127 4128 5836
f 5836 4128 4129
f 5836 4129 4130
f 4222 5839 5836
f 5836 5839 4224
f 5836 4224 4225
f 5835 5837 5840
f 5840 5837 5841
f 5842 4231 4232
f 4232 4233 5842
f 5842 4233 4234
f 5842 4234 4199
f 42 43 5836
f 5836 43 45
f 5836 45 46
f 46 47 5836
f 5836 47 48
f 5836 48 49
f 5836 4125 4126
f 5836 4126 4127
f 4216 4217 5836
f 5836 4217 5843
f 5836 5843 4219
f 5840 5841 1642
f 5840 1642 1643
f 5842 5836 4225
f 5842 4225 4227
f 5842 4227 4228
f 5840 4202 5844
f 4121 4122 5836
f 5836 4122 4123
f 5836 4123 4125
f 5836 5842 1651
f 5836 1651 5835
f 5835 1651 1652
f 5835 1652 1653
f 4228 4229 5842
f 5842 4229 4230
f 5842 4230 4231
f 5844 4203 5840
f 5840 4203 4205
f 4138 4215 4137
f 4137 4215 5845
f 5846 4106 4210
f 4216 5836 4130
f 4216 4130 4215
f 4215 4130 4132
f 4215 4132 4133
f 4209 5838 4208
f 4208 5838 5840
f 4208 5840 4207
f 4207 5840 4205
f 4133 4134 4215
f 4215 4134 4135
f 4215 4135 5845
f 4209 5847 5838
f 5838 5847 4210
f 4103 4104 4214
f 4121 5836 49
f 4121 49 4120
f 4120 49 51
f 4120 51 52
f 4120 55 56
f 56 57 4120
f 4120 57 58
f 4120 58 20
f 32 5838 30
f 30 5838 29
f 1643 1644 5840
f 5840 1644 1645
f 5840 1645 4202
f 4202 1645 1646
f 4202 1646 5848
f 4200 5842 4199
f 4202 5848 5842
f 4202 5842 4201
f 4201 5842 4200
f 4210 4106 4108
f 52 53 4120
f 4120 53 54
f 4120 54 55
f 5849 4114 20
f 20 4114 4116
f 5846 4210 4104
f 4104 4210 4213
f 4104 4213 4214
f 4116 4117 20
f 20 4117 4118
f 20 4118 4120
f 32 5850 5838
f 5838 5850 33
f 4138 5851 4215
f 4215 5851 4101
f 4215 4101 4214
f 4214 4101 4103
f 22 4110 21
f 21 4110 4111
f 21 4111 20
f 20 4111 4113
f 20 4113 5849
f 4108 4109 4210
f 4210 4109 4110
f 4210 4110 5838
f 5838 4110 28
f 5838 28 29
f 33 35 5838
f 5838 35 36
f 5838 36 37
f 22 23 4110
f 4110 23 5852
f 4110 5852 25
f 4110 25 27
f 4110 27 28
f 5853 5854 5855
f 5856 5857 5858
f 5856 5858 5859
f 5859 5858 5860
f 5860 5861 5859
f 5859 5861 5862
f 5856 5863 5857
f 5863 5856 5864
f 5864 5865 5863
f 5866 5867 5868
f 5862 5869 5870
f 5870 5869 5868
f 5868 5869 5866
f 5865 5864 5853
f 5853 5864 5854
f 5870 5871 5862
f 5862 5871 5859
f 5872 5873 5874
f 5875 5876 5877
f 5878 5879 5880
f 5873 5872 5881
f 5881 5872 5882
f 5877 5876 5878
f 5880 5879 5883
f 5880 5883 5884
f 5883 5885 5884
f 5884 5885 5874
f 5882 5886 5881
f 5887 5888 5889
f 5873 5884 5874
f 5878 5880 5877
f 5875 5877 5887
f 5887 5877 5888
f 5890 5891 5892
f 5893 5894 5895
f 5896 5897 5894
f 5898 5899 5900
f 5890 5901 5891
f 5891 5901 5898
f 5898 5901 5899
f 5902 5903 5904
f 5893 5905 5894
f 5906 5907 5908
f 5892 5891 5908
f 5908 5907 5892
f 5894 5905 5896
f 5895 5909 5893
f 5893 5909 5908
f 5908 5909 5906
f 5910 5911 5904
f 5897 5896 5904
f 5904 5896 5910
f 5911 5902 5904
f 5912 5913 5914
f 5915 5916 5917
f 5918 5919 5920
f 5915 5918 5921
f 5913 5912 5919
f 5919 5912 5920
f 5915 5921 5916
f 5921 5918 5920
f 5922 5923 5924
f 5925 5926 5927
f 5927 5926 5928
f 5917 5929 5930
f 5917 5930 5915
f 5931 5932 5933
f 5934 5926 5925
f 5934 5925 5935
f 5926 5934 5936
f 5936 5934 5937
f 5923 5922 5938
f 5923 5938 5925
f 5939 5931 5933
f 5933 5932 5924
f 5933 5924 5923
f 5940 5936 5941
f 5941 5936 5937
f 5930 5942 5915
f 5925 5938 5935
f 5943 5939 5933
f 5941 5937 5944
f 5936 5940 5945
f 5942 5946 5915
f 5936 5945 5915
f 5939 5943 5944
f 5944 5943 5941
f 5915 5946 5936
f 5923 5947 5948
f 5923 5948 5933
f 5933 5948 5949
f 5950 5951 5952
f 5953 5954 5955
f 5955 5956 5923
f 5923 5956 5947
f 5957 5952 5958
f 5958 5952 5933
f 5952 5957 5950
f 5955 5954 5956
f 5933 5949 5958
f 5950 5953 5951
f 5951 5953 5955
f 5959 5960 5961
f 5961 5962 5923
f 5923 5962 5963
f 5964 5965 5966
f 5955 5967 5965
f 5955 5965 5968
f 5968 5965 5964
f 5964 5969 5959
f 5959 5969 5960
f 5955 5970 5967
f 5964 5966 5969
f 5923 5963 5955
f 5955 5963 5970
f 5971 5972 5973
f 5925 5974 5975
f 5971 5973 5976
f 5971 5976 5925
f 5925 5976 5974
f 5925 5975 5923
f 5923 5975 5977
f 5923 5977 5978
f 5961 5923 5959
f 5959 5923 5979
f 5972 5980 5981
f 5979 5982 5959
f 5923 5978 5979
f 5972 5981 5982
f 5982 5981 5959
f 5983 5984 5985
f 5986 5987 5971
f 5988 5989 5990
f 5991 5983 5985
f 5983 5992 5984
f 5984 5992 5993
f 5984 5993 5989
f 5984 5989 5988
f 5988 5990 5986
f 5988 5986 5971
f 5994 5980 5971
f 5971 5980 5972
f 5994 5971 5987
f 5994 5987 5995
f 5995 5991 5985
f 5995 5985 5996
f 5995 5996 5994
f 5997 5998 5999
f 6000 6001 5984
f 5997 5999 6002
f 6002 5999 6003
f 5999 5998 6000
f 5999 6000 5984
f 6004 5985 6001
f 6001 5985 5984
f 6003 6005 6002
f 6006 6005 6003
f 6007 5985 6004
f 5985 6007 6006
f 6006 6007 6005
f 6008 6009 6010
f 6010 6009 6011
f 6009 6008 6012
f 6013 5999 6014
f 6015 6016 6011
f 6009 6012 6017
f 6018 6019 5984
f 5999 6020 6014
f 5999 6013 6015
f 6015 6013 6016
f 6011 6016 6010
f 5984 6019 6020
f 5984 6020 5999
f 6021 6022 6023
f 6024 5988 6023
f 6023 6025 6026
f 6023 6027 6028
f 6023 6026 6021
f 6023 6028 6024
f 6022 6029 6030
f 6024 6031 5988
f 6032 6033 5984
f 6022 6034 6029
f 6033 6034 5984
f 6022 6030 6027
f 6022 6027 6023
f 5988 6031 6032
f 5988 6032 5984
f 6022 6035 6034
f 6035 6009 6034
f 6034 6009 5984
f 5984 6009 6017
f 5984 6017 6018
f 6036 6037 6038
f 6037 6036 6025
f 6039 6040 6041
f 6042 6037 6043
f 6043 6037 6025
f 6039 6041 6025
f 6025 6041 6044
f 6025 6044 6043
f 6037 6042 6045
f 6037 6045 6046
f 6046 6045 6047
f 6046 6047 6048
f 6049 6050 6023
f 6023 6050 6051
f 6052 6049 6053
f 6053 6049 6023
f 6023 6051 6025
f 6025 6051 6054
f 6054 6055 6025
f 6025 6055 6039
f 5925 5927 5971
f 6023 5988 6056
f 6056 5988 5971
f 6057 6058 6059
f 6046 6060 6061
f 6062 6060 6063
f 6059 6064 6063
f 6046 6038 6037
f 6046 6061 6038
f 6015 6063 5999
f 5999 6063 6065
f 5999 6065 6003
f 6046 6066 6060
f 6060 6066 6067
f 6067 6068 6060
f 6069 6070 5913
f 5955 6071 5951
f 6063 6015 6062
f 6059 6063 6057
f 6057 6063 6068
f 6068 6063 6060
f 6071 5955 6059
f 6059 5955 5968
f 6059 5968 6064
f 6069 5913 6057
f 6057 5913 5919
f 6057 5919 6058
f 5415 5417 6072
f 6073 6074 6075
f 6073 6075 6076
f 6077 6069 6057
f 6077 6057 6078
f 6079 6080 6081
f 6077 6082 6083
f 6069 6083 6079
f 6079 6083 6080
f 6077 6083 6069
f 6077 6084 6082
f 6085 6086 6084
f 6085 6084 6077
f 6081 6087 6079
f 6088 6086 6085
f 6079 6087 6088
f 6079 6088 6085
f 5436 5455 5454
f 5440 5431 5473
f 5440 5473 5475
f 5477 5438 5475
f 5475 5438 5440
f 5431 5440 5441
f 5455 5436 5477
f 5477 5436 5438
f 5431 5441 6089
f 5454 5435 5436
f 5441 5443 6089
f 5443 5432 6089
f 5435 6090 5432
f 5432 6090 6089
f 5449 5450 6076
f 5459 5462 5450
f 5450 5462 6076
f 5459 5450 5452
f 6090 5454 5444
f 6090 5444 5447
f 6076 5447 5449
f 6091 6092 6093
f 6079 6093 6092
f 6094 6095 6085
f 6085 6095 6096
f 6097 6098 6079
f 6085 6096 6097
f 6085 6097 6079
f 6079 6098 6093
f 6091 6099 6092
f 6092 6099 6100
f 6100 6099 6101
f 6102 6085 5430
f 6102 5430 6103
f 6085 6102 6104
f 6105 6106 5430
f 5430 6107 6103
f 6106 6107 5430
f 6085 6104 6108
f 6094 6109 6110
f 6085 6108 6094
f 6094 6108 6109
f 6110 6100 6094
f 6094 6100 6101
f 6100 6110 6105
f 6111 6112 6077
f 6077 6112 6085
f 6085 6112 6113
f 6114 6115 6077
f 6077 6115 6111
f 6114 6116 6115
f 6117 6116 5430
f 5430 6116 6114
f 6085 6113 6118
f 6118 6119 6085
f 6085 6119 5430
f 5430 6119 6117
f 6072 5465 5468
f 5465 6072 5419
f 5462 5411 6076
f 6076 5411 5413
f 6072 5417 5419
f 5465 5419 5462
f 5462 5419 5411
f 5459 5452 5454
f 5459 5454 5457
f 5454 5455 5457
f 5468 5470 5424
f 6072 5468 5425
f 6072 5425 5427
f 6072 5427 5430
f 5431 5421 5473
f 5424 5425 5468
f 5424 5470 5473
f 5424 5473 5421
f 6120 6121 6078
f 6078 6121 6077
f 6077 6121 6114
f 6122 6123 6072
f 6072 6123 6124
f 6125 6114 6121
f 6125 6121 6124
f 6124 6121 6073
f 6124 6073 6072
f 6072 6073 6076
f 6072 6076 5415
f 5415 6076 5413
f 6075 6126 6076
f 6076 6126 6127
f 6076 6127 6090
f 6076 6090 5447
f 5454 6090 5435
f 6128 6100 5430
f 6072 5430 6114
f 6072 6114 6122
f 6100 6105 5430
f 6128 5430 5431
f 6128 5431 6089
f 6129 6130 6131
f 6132 6131 6133
f 6133 6131 6130
f 6133 6130 6134
f 6134 6130 6135
f 6134 6135 6136
f 6137 6138 6139
f 6067 6140 6068
f 6068 6140 6141
f 6068 6141 6139
f 6139 6141 6129
f 6139 6129 6137
f 6137 6129 6131
f 6141 6140 6142
f 6142 6140 6135
f 6140 6143 6135
f 6135 6143 6144
f 6135 6144 6136
f 6145 6146 6147
f 6147 6146 6148
f 6149 6150 6151
f 6151 6150 6147
f 6147 6150 6145
f 6148 6152 6153
f 6153 6152 6154
f 6153 6154 6155
f 6153 6155 6156
f 6156 6155 6157
f 6151 6158 6149
f 6156 6157 6151
f 6151 6157 6158
f 6159 6160 6161
f 6162 6163 6164
f 6162 6164 6165
f 6166 6159 6161
f 6165 6164 6167
f 6166 6168 6159
f 6160 6169 6161
f 6161 6169 6162
f 6162 6169 6170
f 6162 6170 6163
f 6165 6167 6171
f 6172 6166 6173
f 6166 6172 6168
f 6165 6171 6173
f 6165 6173 6166
f 6174 6175 6176
f 6174 6176 6177
f 6174 6177 6178
f 6178 6177 6179
f 6178 6179 6180
f 6181 6182 6175
f 6181 6175 6174
f 6178 6180 6183
f 6183 6180 6184
f 6183 6184 6185
f 6181 6186 6182
f 6187 6186 6181
f 6183 6185 6187
f 6183 6187 6181
f 6151 6147 6174
f 6174 6147 6188
f 6174 6188 6189
f 6174 6189 6166
f 6174 6166 6161
f 6174 6161 6181
f 6161 6190 6191
f 6162 6192 6193
f 6161 6191 6194
f 6161 6194 6181
f 6181 6195 6183
f 6183 6195 6196
f 6193 6197 6162
f 6162 6197 6161
f 6161 6197 6190
f 6196 6198 6183
f 6198 6192 6183
f 6183 6192 6162
f 6189 6199 6200
f 6201 6166 6200
f 6200 6166 6189
f 6202 6203 6204
f 6202 6204 6189
f 6189 6204 6199
f 6205 6206 6165
f 6165 6206 6207
f 6165 6207 6202
f 6202 6207 6203
f 6166 6201 6208
f 6166 6208 6209
f 6166 6209 6165
f 6165 6209 6205
f 6210 6211 6188
f 6212 6213 6189
f 6213 6214 6189
f 6210 6215 6216
f 6216 6211 6210
f 6211 6217 6188
f 6218 6212 6188
f 6188 6212 6189
f 6202 6219 6210
f 6217 6218 6188
f 6202 6220 6221
f 6215 6210 6219
f 6189 6214 6202
f 6202 6214 6220
f 6202 6221 6219
f 6222 6223 6147
f 6224 6222 6147
f 6225 6224 6148
f 6148 6224 6147
f 6188 6226 6227
f 6228 6225 6148
f 6147 6223 6188
f 6188 6223 6226
f 6210 6229 6230
f 6188 6227 6231
f 6188 6231 6210
f 6231 6229 6210
f 6232 6183 6233
f 6183 6234 6178
f 6183 6232 6234
f 6234 6235 6178
f 6178 6235 6236
f 6236 6235 6237
f 6236 6238 6162
f 6162 6238 6233
f 6236 6237 6238
f 6183 6162 6233
f 6239 6240 6165
f 6165 6240 6241
f 6162 6241 6242
f 6165 6241 6162
f 6162 6242 6243
f 6162 6243 6244
f 6243 6239 6244
f 6202 6244 6165
f 6165 6244 6239
f 6245 6246 6210
f 6210 6246 6202
f 6202 6246 6247
f 6202 6247 6244
f 6244 6248 6249
f 6244 6247 6250
f 6244 6250 6248
f 6249 6248 6245
f 6249 6245 6210
f 6251 6148 6153
f 6230 6228 6210
f 6210 6228 6148
f 6210 6148 6249
f 6249 6148 6252
f 6148 6251 6252
f 6252 6253 6249
f 6249 6253 6156
f 6156 6253 6254
f 6156 6254 6255
f 6153 6156 6255
f 6256 6257 6258
f 6258 6257 6259
f 6260 6261 6262
f 6263 6264 6265
f 6265 6264 6266
f 6267 6268 6262
f 6262 6268 6269
f 6256 6270 6257
f 6257 6270 6271
f 6257 6271 6272
f 6273 6274 6275
f 6273 6275 6262
f 1742 1743 6262
f 6262 1743 1744
f 6262 1744 1745
f 6269 6276 6262
f 6262 6276 6277
f 6262 6277 6278
f 6272 6279 6257
f 6257 6279 6280
f 6257 6280 6264
f 6264 6280 6281
f 6264 6281 6266
f 6263 6282 6264
f 6264 6282 6283
f 6264 6283 6284
f 6285 6286 6287
f 6287 6288 6285
f 6285 6288 6289
f 6285 6289 6290
f 6275 131 6262
f 6262 131 132
f 6262 132 133
f 6262 1739 1741
f 6262 1741 1742
f 6291 6292 6262
f 6262 6292 6293
f 6262 6293 6267
f 6261 6294 6262
f 6262 6294 6295
f 6262 6295 6296
f 6264 6284 6297
f 6264 6297 6298
f 6260 6262 6278
f 6260 6278 6285
f 6285 6278 6299
f 6285 6299 6300
f 6264 6301 6302
f 1736 1737 6262
f 6262 1737 1738
f 6262 1738 1739
f 6296 6303 6262
f 6262 6303 6304
f 6262 6304 6257
f 6257 6304 6305
f 6257 6305 6259
f 6300 6306 6285
f 6285 6306 6307
f 6285 6307 6286
f 6302 6308 6264
f 6264 6308 6309
f 1753 6291 6310
f 6310 6291 1751
f 6311 1721 6312
f 6291 6262 1745
f 6291 1745 1747
f 6291 1747 6313
f 6314 6273 6315
f 6315 6273 6264
f 6315 6264 6316
f 6316 6264 6309
f 6312 1721 6317
f 6318 6301 6319
f 6313 1749 6291
f 6291 1749 1750
f 6291 1750 1751
f 6314 6320 6273
f 6273 6320 6321
f 6273 6321 6317
f 1720 6311 6322
f 1736 6262 133
f 1736 133 1735
f 1735 133 135
f 1735 135 136
f 127 6273 125
f 125 6273 124
f 6298 6323 6264
f 6264 6323 6324
f 6264 6324 6301
f 6301 6324 6325
f 6301 6325 6319
f 6326 6327 6290
f 6290 6327 6328
f 6290 6328 6285
f 6318 6329 6301
f 6301 6329 6327
f 6301 6327 6330
f 6330 6327 6326
f 136 6331 1735
f 6332 1729 6331
f 6331 1729 1731
f 6311 6312 6333
f 6311 6333 6322
f 1731 1732 6331
f 6331 1732 1733
f 6331 1733 1735
f 127 6274 6273
f 1753 1754 6291
f 6291 1754 1718
f 6291 1718 6322
f 6322 1718 1719
f 6322 1719 1720
f 6331 1725 1726
f 6331 1726 1728
f 6331 1728 6332
f 1721 1724 6317
f 6317 1724 1725
f 6317 1725 6273
f 6273 1725 123
f 6273 123 124
f 6331 6334 1725
f 1725 6334 122
f 1725 122 123
f 6335 6336 6337
f 6335 6337 6338
f 6338 6337 6339
f 6338 6339 6340
f 6340 6339 6341
f 6340 6341 6342
f 6342 6341 6343
f 6342 6343 6344
f 6344 6343 6336
f 6344 6336 6335
f 6345 6346 6347
f 6347 6346 6348
f 6347 6348 6349
f 6347 6349 6350
f 6350 6349 6351
f 6350 6351 6352
f 6352 6351 6353
f 6352 6353 6354
f 6354 6353 6355
f 6355 6353 6346
f 6355 6346 6345
f 6356 6357 6358
f 6358 6357 6359
f 6358 6359 6360
f 6360 6359 6361
f 6360 6361 6362
f 6362 6361 6363
f 6362 6363 6364
f 6364 6363 6365
f 6364 6365 6357
f 6364 6357 6356
f 6366 6367 6368
f 6368 6367 6369
f 6368 6369 6370
f 6370 6369 6371
f 6370 6371 6372
f 6372 6371 6373
f 6372 6373 6374
f 6374 6373 6375
f 6374 6375 6366
f 6366 6375 6367
f 6376 6377 6378
f 6376 6378 6379
f 6379 6378 6380
f 6380 6378 6381
f 6380 6381 6382
f 6382 6381 6383
f 6382 6383 6384
f 6384 6383 6385
f 6384 6385 6386
f 6386 6385 6377
f 6386 6377 6376
f 6387 6388 6389
f 6387 6389 6390
f 6387 6390 6391
f 6391 6390 6392
f 6391 6392 6393
f 6393 6392 6394
f 6394 6392 6395
f 6394 6395 6396
f 6396 6395 6397
f 6396 6397 6398
f 6398 6397 6388
f 6398 6388 6387
f 6399 6400 6401
f 6401 6400 6402
f 6401 6402 6403
f 6403 6402 6404
f 6403 6404 6405
f 6405 6404 6406
f 6405 6406 6407
f 6405 6407 6408
f 6408 6407 6399
f 6399 6407 6409
f 6399 6409 6400
f 6410 6411 6412
f 6410 6412 6413
f 6413 6412 6414
f 6413 6414 6415
f 6415 6414 6416
f 6415 6416 6417
f 6417 6416 6418
f 6417 6418 6419
f 6419 6418 6411
f 6419 6411 6410
f 6420 6421 6422
f 6420 6422 6423
f 6423 6422 6424
f 6423 6424 6425
f 6423 6425 6426
f 6426 6425 6427
f 6426 6427 6428
f 6428 6427 6429
f 6429 6427 6430
f 6429 6430 6431
f 6431 6430 6421
f 6431 6421 6420
f 6432 6433 6434
f 6434 6433 6435
f 6434 6435 6436
f 6436 6435 6437
f 6437 6435 6438
f 6437 6438 6439
f 6439 6438 6440
f 6439 6440 6441
f 6441 6440 6442
f 6441 6442 6443
f 6441 6443 6432
f 6432 6443 6433
f 6444 6445 6446
f 6444 6446 6447
f 6447 6446 6448
f 6447 6448 6449
f 6449 6448 6450
f 6449 6450 6451
f 6451 6450 6452
f 6451 6452 6453
f 6453 6452 6454
f 6454 6452 6455
f 6454 6455 6444
f 6444 6455 6445
f 6456 6457 6458
f 6456 6458 6459
f 6459 6458 6460
f 6459 6460 6461
f 6461 6460 6462
f 6461 6462 6463
f 6463 6462 6464
f 6463 6464 6465
f 6465 6464 6466
f 6465 6466 6456
f 6456 6466 6457
f 6467 6468 6469
f 6467 6469 6470
f 6470 6469 6471
f 6470 6471 6472
f 6472 6471 6473
f 6472 6473 6474
f 6474 6473 6475
f 6474 6475 6476
f 6476 6475 6477
f 6476 6477 6478
f 6478 6477 6468
f 6478 6468 6467
f 6479 6480 6481
f 6479 6481 6482
f 6482 6481 6483
f 6482 6483 6484
f 6484 6483 6485
f 6484 6485 6486
f 6486 6485 6487
f 6487 6485 6488
f 6487 6488 6489
f 6487 6489 6490
f 6490 6489 6480
f 6490 6480 6479
f 6491 6492 6493
f 6491 6493 6494
f 6494 6493 6495
f 6494 6495 6496
f 6496 6495 6497
f 6496 6497 6498
f 6498 6497 6499
f 6498 6499 6500
f 6498 6500 6501
f 6501 6500 6502
f 6501 6502 6491
f 6491 6502 6492
f 6503 6504 6505
f 6505 6504 6506
f 6505 6506 6507
f 6507 6506 6508
f 6507 6508 6509
f 6509 6508 6510
f 6509 6510 6511
f 6511 6510 6512
f 6511 6512 6513
f 6513 6512 6504
f 6513 6504 6503
f 6514 6515 6516
f 6514 6516 6517
f 6514 6517 6518
f 6518 6517 6519
f 6518 6519 6520
f 6520 6519 6521
f 6520 6521 6522
f 6522 6521 6523
f 6522 6523 6515
f 6522 6515 6524
f 6524 6515 6514
f 6525 6526 6527
f 6527 6526 6528
f 6527 6528 6529
f 6529 6528 6530
f 6530 6528 6531
f 6530 6531 6532
f 6530 6532 6533
f 6533 6532 6534
f 6533 6534 6535
f 6535 6534 6536
f 6535 6536 6525
f 6525 6536 6526
f 6537 6538 6539
f 6539 6538 6540
f 6539 6540 6541
f 6541 6540 6542
f 6541 6542 6543
f 6543 6542 6544
f 6543 6544 6545
f 6543 6545 6546
f 6546 6545 6547
f 6546 6547 6537
f 6537 6547 6538
f 6548 6549 6550
f 6550 6549 6551
f 6550 6551 6552
f 6552 6551 6553
f 6552 6553 6554
f 6554 6553 6555
f 6554 6555 6556
f 6556 6555 6557
f 6556 6557 6558
f 6558 6557 6559
f 6558 6559 6549
f 6558 6549 6548
f 6560 6561 6562
f 6563 6564 6565
f 6563 6565 6566
f 6566 6565 6567
f 6567 6565 6568
f 6560 6562 6563
f 6563 6562 6564
f 6569 6561 6570
f 6570 6561 6560
f 6571 6572 6573
f 6573 6572 6570
f 6570 6572 6569
f 6568 6571 6567
f 6567 6571 6573
f 6574 6575 6576
f 6577 6578 6579
f 6580 6581 6582
f 6582 6581 6583
f 6581 6580 6579
f 6576 6575 6584
f 6584 6575 6585
f 6581 6579 6578
f 6584 6585 6582
f 6584 6582 6583
f 6586 6574 6587
f 6587 6574 6576
f 6578 6577 6587
f 6587 6577 6586
f 6588 6589 6590
f 6591 6592 6593
f 6593 6592 6594
f 6595 6596 6597
f 6593 6594 6598
f 6593 6598 6599
f 6590 6589 6591
f 6591 6589 6592
f 6598 6596 6599
f 6599 6596 6595
f 6597 6588 6600
f 6600 6588 6590
f 6595 6597 6600
f 6601 6602 6603
f 6604 6605 6606
f 6606 6605 6607
f 6608 6601 6609
f 6609 6601 6603
f 6610 6611 6612
f 6603 6602 6604
f 6604 6602 6605
f 6613 6614 6610
f 6610 6614 6611
f 6606 6607 6613
f 6613 6607 6614
f 6610 6612 6609
f 6609 6612 6608
f 6615 6616 6617
f 6617 6618 6619
f 6620 6621 6622
f 6620 6622 6623
f 6624 6625 6626
f 6616 6615 6625
f 6616 6625 6624
f 6623 6622 6627
f 6623 6627 6628
f 6624 6626 6620
f 6620 6626 6621
f 6618 6617 6616
f 6627 6619 6628
f 6628 6619 6618
f 6629 6630 6631
f 6631 6630 6632
f 6633 6634 6635
f 6631 6632 6636
f 6636 6632 6637
f 6635 6638 6639
f 6639 6638 6629
f 6629 6638 6630
f 6640 6634 6641
f 6641 6634 6633
f 6637 6640 6636
f 6636 6640 6641
f 6633 6635 6639
f 6642 6643 6644
f 6645 6646 6647
f 6648 6646 6649
f 6649 6646 6645
f 6650 6651 6642
f 6650 6642 6644
f 6645 6647 6652
f 6652 6647 6653
f 6644 6643 6649
f 6649 6643 6648
f 6654 6655 6651
f 6654 6651 6650
f 6652 6653 6655
f 6652 6655 6654
f 6656 6657 6658
f 6659 6660 6661
f 6659 6661 6662
f 6663 6664 6660
f 6664 6665 6666
f 6661 6658 6662
f 6662 6658 6657
f 6663 6660 6659
f 6665 6664 6663
f 6667 6668 6666
f 6667 6666 6665
f 6657 6656 6667
f 6667 6656 6668
f 6669 6670 6671
f 6672 6671 6670
f 6673 6674 6672
f 6672 6674 6671
f 6675 6676 6673
f 6673 6676 6674
f 6670 6669 6677
f 6677 6669 6678
f 6679 6680 6675
f 6675 6680 6676
f 6677 6678 6679
f 6679 6678 6680
f 6681 6682 6683
f 6684 6685 6681
f 6684 6681 6683
f 6686 6685 6687
f 6687 6685 6684
f 6688 6689 6690
f 6691 6692 6693
f 6693 6692 6694
f 6695 6692 6691
f 6682 6681 6696
f 6696 6681 6690
f 6693 6694 6686
f 6693 6686 6687
f 6697 6698 6695
f 6695 6698 6692
f 6696 6690 6689
f 6689 6688 6697
f 6697 6688 6698
f 6699 6700 6701
f 6702 6703 6704
f 6701 6705 6699
f 6706 6703 6702
f 6704 6705 6702
f 6702 6705 6701
f 6700 6707 6701
f 6708 6709 6710
f 6707 6708 6701
f 6701 6708 6710
f 6711 6712 6713
f 6714 6715 6716
f 6716 6715 6717
f 6716 6717 6718
f 6718 6717 6719
f 6712 6714 6713
f 6713 6714 6716
f 6720 6711 6713
f 6720 6721 6711
f 6721 6720 6722
f 6718 6719 6723
f 6724 6722 6720
f 6718 6723 6724
f 6718 6724 6720
f 6725 6726 6727
f 6728 6729 6730
f 6727 6726 6731
f 6731 6726 6732
f 6730 6733 6734
f 6734 6733 6735
f 6734 6735 6727
f 6727 6735 6725
f 6731 6736 6737
f 6731 6732 6736
f 6738 6728 6737
f 6737 6728 6731
f 6728 6738 6729
f 6739 6740 6734
f 6734 6740 6741
f 6730 6734 6728
f 6728 6734 6741
f 6713 6742 6743
f 6728 6741 6742
f 6713 6744 6739
f 6739 6744 6740
f 6713 6743 6744
f 6742 6713 6728
f 6713 6745 6746
f 6746 6720 6713
f 6720 6746 6747
f 6747 6748 6749
f 6713 6750 6745
f 6749 6748 6750
f 6749 6750 6713
f 6751 6752 6753
f 6747 6749 6720
f 6720 6749 6753
f 6753 6749 6751
f 6754 6752 6755
f 6754 6756 6749
f 6749 6756 6757
f 6754 6755 6756
f 6757 6751 6749
f 6758 6759 6702
f 6702 6759 6706
f 6759 6760 6706
f 6760 6710 6706
f 6761 6754 6762
f 6762 6754 6710
f 6760 6762 6710
f 6754 6761 6758
f 6706 6710 6709
f 6728 6763 6731
f 6731 6763 6764
f 6731 6764 6765
f 6716 6766 6767
f 6713 6768 6769
f 6713 6769 6770
f 6713 6770 6728
f 6731 6765 6716
f 6716 6765 6771
f 6771 6766 6716
f 6716 6767 6713
f 6713 6767 6768
f 6718 6772 6773
f 6774 6720 6775
f 6720 6774 6776
f 6720 6776 6718
f 6718 6776 6772
f 6718 6773 6777
f 6718 6777 6778
f 6779 6780 6753
f 6778 6777 6781
f 6753 6780 6775
f 6753 6775 6720
f 6778 6781 6782
f 6778 6782 6753
f 6753 6782 6779
f 6783 6784 6778
f 6778 6784 6785
f 6786 6787 6788
f 6789 6790 6754
f 6790 6791 6754
f 6753 6792 6793
f 6793 6783 6753
f 6753 6783 6778
f 6785 6786 6778
f 6778 6786 6788
f 6791 6792 6753
f 6791 6753 6754
f 6754 6753 6752
f 6788 6787 6789
f 6788 6789 6754
f 6794 6795 6754
f 6754 6795 6788
f 6788 6795 6796
f 6788 6796 6797
f 6798 6702 6701
f 6754 6758 6702
f 6754 6702 6799
f 6701 6800 6798
f 6798 6801 6702
f 6702 6801 6802
f 6799 6794 6754
f 6788 6797 6701
f 6701 6797 6800
f 6702 6802 6799
f 6727 6731 6716
f 6727 6716 6718
f 6727 6718 6778
f 6727 6778 6788
f 6727 6788 6701
f 6803 6804 6805
f 6806 6807 6808
f 6809 6810 6811
f 6811 6810 6812
f 6806 6808 6809
f 6809 6808 6813
f 6809 6813 6810
f 6812 6805 6811
f 6814 6815 6816
f 6815 6814 6817
f 6815 6817 6818
f 6815 6818 6809
f 6809 6818 6819
f 6809 6819 6806
f 6815 6820 6821
f 6815 6809 6820
f 6822 6823 6824
f 6824 6825 6811
f 6811 6825 6826
f 6823 6825 6824
f 6827 6828 6829
f 6830 6831 6832
f 6826 6833 6811
f 6811 6833 6834
f 6835 6829 6828
f 6828 6827 6830
f 6830 6827 6831
f 6830 6832 6822
f 6830 6822 6824
f 6833 6826 6836
f 6836 6826 6837
f 6811 6834 6838
f 6811 6838 6809
f 6837 6835 6836
f 6836 6835 6828
f 6839 6840 6841
f 6839 6841 6830
f 6828 6842 6843
f 6841 6844 6830
f 6845 6840 6839
f 6830 6844 6828
f 6828 6844 6842
f 6846 6847 6839
f 6839 6847 6845
f 6828 6843 6848
f 6828 6848 6849
f 6849 6848 6847
f 6849 6847 6846
f 6850 6851 6852
f 6851 6853 6852
f 6852 6853 6830
f 6839 6854 6855
f 6855 6856 6839
f 6839 6856 6857
f 6856 6858 6857
f 6857 6858 6859
f 6858 6860 6859
f 6859 6860 6852
f 6852 6860 6850
f 6830 6853 6861
f 6830 6861 6862
f 6830 6862 6854
f 6830 6854 6839
f 6863 6864 6865
f 6864 6866 6865
f 6830 6867 6868
f 6863 6869 6870
f 6830 6868 6871
f 6830 6871 6852
f 6852 6871 6872
f 6852 6872 6863
f 6865 6866 6824
f 6824 6866 6873
f 6824 6873 6874
f 6863 6870 6852
f 6824 6874 6875
f 6824 6875 6830
f 6830 6875 6867
f 6876 6877 6878
f 6865 6879 6880
f 6865 6880 6881
f 6869 6863 6865
f 6877 6876 6879
f 6877 6879 6865
f 6882 6883 6884
f 6883 6882 6885
f 6883 6885 6886
f 6881 6887 6884
f 6883 6886 6877
f 6877 6886 6878
f 6888 6881 6884
f 6887 6882 6884
f 6881 6888 6889
f 6881 6889 6865
f 6865 6889 6869
f 6890 6891 6883
f 6892 6890 6883
f 6893 6894 6895
f 6896 6884 6891
f 6891 6884 6883
f 6897 6898 6893
f 6895 6897 6893
f 6893 6898 6899
f 6899 6892 6893
f 6893 6892 6883
f 6884 6896 6900
f 6895 6901 6897
f 6884 6900 6895
f 6895 6900 6901
f 6902 6903 6893
f 6904 6905 6906
f 6904 6906 6883
f 6883 6906 6907
f 6893 6903 6908
f 6905 6904 6909
f 6910 6911 6909
f 6910 6909 6904
f 6883 6907 6912
f 6883 6912 6902
f 6883 6902 6893
f 6893 6908 6913
f 6913 6908 6914
f 6913 6914 6910
f 6910 6914 6911
f 6915 6916 6917
f 6918 6919 6920
f 6877 6921 6922
f 6923 6924 6925
f 6925 6924 6926
f 6925 6926 6904
f 6925 6927 6920
f 6927 6918 6920
f 6928 6929 6883
f 6883 6930 6928
f 6931 6932 6933
f 6929 6904 6883
f 6929 6934 6904
f 6935 6923 6925
f 6935 6925 6920
f 6918 6917 6919
f 6931 6935 6932
f 6904 6934 6936
f 6915 6917 6918
f 6915 6918 6877
f 6877 6918 6921
f 6877 6922 6883
f 6883 6922 6930
f 6937 6923 6935
f 6935 6931 6937
f 6904 6936 6925
f 6938 6931 6939
f 6933 6940 6941
f 6942 6939 6931
f 6943 6944 6945
f 6933 6941 6931
f 6931 6941 6942
f 6943 6946 6938
f 6939 6947 6938
f 6938 6947 6944
f 6938 6944 6943
f 6915 6877 6865
f 6865 6824 6948
f 6824 6811 6948
f 6811 6805 6804
f 6949 6950 6951
f 6952 6953 6954
f 6953 6955 6954
f 6954 6955 6951
f 6951 6955 6949
f 6956 6957 6958
f 6952 6954 6959
f 6960 6961 6952
f 6962 6963 6964
f 6965 6966 6958
f 6952 6959 6960
f 6951 6963 6962
f 6951 6950 6963
f 6961 6960 6958
f 6958 6960 6965
f 6966 6956 6958
f 6967 6968 6969
f 6968 6967 6970
f 6964 6971 6962
f 6962 6971 6970
f 6970 6971 6968
f 6972 6973 6974
f 6975 6974 6976
f 6977 6978 6979
f 6980 6981 6982
f 6983 6980 6982
f 6974 6973 6976
f 6974 6975 6984
f 6974 6984 6980
f 6980 6984 6981
f 6985 6977 6974
f 6974 6977 6972
f 6978 6977 6985
f 6980 6983 6986
f 6986 6983 6987
f 6988 6986 6987
f 6987 6989 6988
f 6990 6991 6992
f 6993 6994 6995
f 6990 6996 6997
f 6998 6999 7000
f 7001 7002 7003
f 6999 6998 7003
f 7003 6998 7001
f 7004 7002 7001
f 7005 6993 6990
f 6990 6993 6991
f 6990 6992 6996
f 6990 6997 7006
f 6990 7006 7007
f 7007 7006 7008
f 7008 7009 7007
f 7007 7009 6998
f 6998 7000 7007
f 6993 7005 6994
f 7010 6852 6870
f 7010 6870 7011
f 7011 6870 7012
f 7012 6870 6869
f 7012 6869 7013
f 7013 6869 6889
f 7013 6889 6888
f 7013 6888 7014
f 7014 6888 6884
f 7014 6884 6979
f 6884 6977 6979
f 6987 6852 7010
f 6987 7010 6989
f 7015 6904 6926
f 7015 6926 7016
f 7016 6926 7017
f 7017 6926 6924
f 7017 6924 6923
f 7017 6923 7018
f 7018 6923 6937
f 7018 6937 7019
f 7019 6937 6931
f 7019 6931 6957
f 6931 6958 6957
f 6968 6904 6969
f 6969 6904 7015
f 7020 6809 6838
f 7020 6838 7021
f 7021 6838 7022
f 7022 6838 6834
f 7022 6834 6833
f 7022 6833 7023
f 7023 6833 7024
f 7024 6833 6836
f 7024 6836 7025
f 7025 6836 6828
f 7025 6828 6995
f 6828 6993 6995
f 7020 7026 6809
f 7027 6809 7026
f 7028 7029 7030
f 7030 7029 7031
f 6131 5061 4949
f 6121 6236 7032
f 7033 7034 6137
f 7033 6137 5177
f 6710 6273 7035
f 6710 7035 6131
f 7036 7037 5240
f 7032 6236 5838
f 6131 7035 5061
f 6121 7032 5367
f 6131 4949 6137
f 7037 7036 6264
f 7037 6264 6739
f 7033 5840 7034
f 7034 5840 6156
f 6137 4949 4968
f 6273 6710 6754
f 6236 6162 5838
f 6137 4968 5177
f 5367 5375 6121
f 6749 6264 6273
f 6749 6273 6754
f 7037 6073 5240
f 6162 6244 5838
f 5838 6244 5840
f 6264 6749 6713
f 6121 5375 5278
f 6264 6713 6739
f 5240 6073 6121
f 5840 6244 6249
f 6249 6156 5840
f 6121 5278 5240
f 6748 6291 6322
f 6748 6322 6333
f 6748 6333 6312
f 6748 6312 6317
f 6748 6317 6321
f 6748 6321 6320
f 6748 6320 6750
f 6750 6320 6314
f 6750 6314 6315
f 6750 6315 6316
f 6750 6316 6309
f 6750 6309 6308
f 6750 6308 6745
f 6745 6308 6302
f 6745 6302 6301
f 6745 6301 6330
f 6745 6330 6326
f 6745 6326 6290
f 6745 6290 6289
f 6745 6289 6288
f 6745 6288 6287
f 6745 6287 6746
f 6746 6287 6286
f 6746 6286 6307
f 6746 6307 6306
f 6746 6306 6300
f 6746 6300 6299
f 6746 6299 6278
f 6746 6278 6747
f 6747 6278 6277
f 6747 6277 6276
f 6747 6276 6269
f 6747 6269 6268
f 6747 6268 6267
f 6747 6267 6293
f 6747 6293 6292
f 6747 6292 6291
f 6747 6291 6748
f 6755 1735 1733
f 6755 1733 1732
f 6755 1732 6756
f 6756 1732 1731
f 6756 1731 1729
f 6756 1729 6332
f 6756 6332 1728
f 6756 1728 1726
f 6756 1726 1725
f 6756 1725 1724
f 6756 1724 6757
f 6757 1724 1721
f 6757 1721 6311
f 6757 6311 6751
f 6751 6311 1720
f 6751 1720 1719
f 6751 1719 1718
f 6751 1718 1754
f 6751 1754 1753
f 6751 1753 6310
f 6751 6310 1751
f 6751 1751 6752
f 6752 1751 1750
f 6752 1750 1749
f 6752 1749 6313
f 6752 6313 1747
f 6752 1747 1745
f 6752 1745 1744
f 6752 1744 1743
f 6752 1743 1742
f 6752 1742 1741
f 6752 1741 6755
f 6755 1741 1739
f 6755 1739 1738
f 6755 1738 1737
f 6755 1737 1736
f 6755 1736 1735
f 6742 6285 6743
f 6743 6285 6328
f 6743 6328 6327
f 6743 6327 6329
f 6743 6329 6318
f 6743 6318 6319
f 6743 6319 6325
f 6743 6325 6744
f 6744 6325 6324
f 6744 6324 6323
f 6744 6323 6298
f 6744 6298 6297
f 6744 6297 6284
f 6744 6284 6740
f 6740 6284 6283
f 6740 6283 6282
f 6740 6282 6263
f 6740 6263 6265
f 6740 6265 6266
f 6740 6266 6281
f 6740 6281 6280
f 6740 6280 6279
f 6740 6279 6272
f 6740 6272 6741
f 6741 6272 6271
f 6741 6271 6270
f 6741 6270 6256
f 6741 6256 6258
f 6741 6258 6259
f 6741 6259 6305
f 6741 6305 6304
f 6741 6304 6303
f 6741 6303 6296
f 6741 6296 6742
f 6742 6296 6295
f 6742 6295 6294
f 6742 6294 6261
f 6742 6261 6260
f 6742 6260 6285
f 6760 6274 6762
f 6762 6274 127
f 6762 127 125
f 6762 125 124
f 6762 124 123
f 6762 123 6761
f 6761 123 122
f 6761 122 6334
f 6761 6334 6758
f 6758 6334 6331
f 6758 6331 6759
f 6759 6331 136
f 6759 136 135
f 6759 135 133
f 6759 133 132
f 6759 132 131
f 6759 131 6760
f 6760 131 6275
f 6760 6275 6274
f 6126 6075 6134
f 6134 6075 6133
f 6727 6075 6074
f 6727 6074 7038
f 6075 6727 6133
f 6133 6727 6701
f 6133 6701 6132
f 7039 6132 6701
f 7040 7041 6123
f 6123 7041 6124
f 7042 7043 7040
f 7040 7043 7041
f 7044 7045 7043
f 7044 7043 7042
f 7046 7047 7044
f 7044 7047 7045
f 6124 7041 7048
f 6124 7048 6125
f 7048 7041 7045
f 7048 7045 7047
f 7041 7043 7045
f 7047 7049 7048
f 7050 7051 7052
f 7052 7051 7053
f 7050 7054 7051
f 7051 7054 7055
f 7056 7057 7054
f 7054 7057 7055
f 6135 6130 7057
f 6135 7057 7056
f 6129 7058 6130
f 6130 7058 7057
f 7057 7058 7055
f 7055 7058 7053
f 7053 7058 7059
f 7053 7051 7055
f 6122 7040 6123
f 7040 6122 7044
f 7044 7042 7040
f 7050 7052 6142
f 6142 6135 7056
f 6142 7056 7050
f 7050 7056 7054
f 6134 7060 7061
f 6943 7062 7063
f 6821 7060 6134
f 7064 6126 6134
f 7064 6134 7061
f 7065 7062 7064
f 7061 7066 7064
f 6943 7063 6946
f 6943 7067 7062
f 7062 7067 6127
f 6893 7068 6894
f 7064 7062 6126
f 6126 7062 6127
f 6136 7069 6815
f 7070 6839 7061
f 7061 6839 6857
f 7061 6857 7066
f 6839 7070 6846
f 7068 6893 7064
f 7064 6893 6913
f 7064 6913 7065
f 6815 6821 6134
f 6815 6134 6136
f 6977 6884 6972
f 6972 6884 6895
f 7071 6859 6987
f 6987 6859 6852
f 6859 7071 7072
f 6859 7072 6857
f 6857 7072 6981
f 6857 6981 7066
f 7066 6981 7073
f 7066 7073 7064
f 7064 7073 7074
f 7064 7074 7068
f 7068 7074 7075
f 7068 7075 6976
f 7068 6976 6894
f 6972 6895 6973
f 6973 6895 6894
f 6973 6894 6976
f 6910 6971 6964
f 6910 6964 6963
f 6910 6963 6913
f 6913 6963 6950
f 6913 6950 7065
f 7065 6950 7076
f 7065 7076 7062
f 7062 7076 7077
f 7062 7077 7063
f 7063 7077 7078
f 7078 7079 7063
f 7063 7079 6946
f 6961 6938 7080
f 7080 6938 6946
f 7080 6946 7079
f 6971 6910 6968
f 6968 6910 6904
f 6958 6931 6961
f 6961 6931 6938
f 6820 7081 7082
f 6820 7082 6821
f 6821 7082 7009
f 6821 7009 7060
f 7060 7009 7008
f 7060 7008 7061
f 7061 7008 7083
f 7061 7083 7070
f 7070 7083 7084
f 7084 6996 7070
f 7070 6996 6846
f 6991 6849 6992
f 6992 6849 6846
f 6992 6846 6996
f 7081 6820 7027
f 7027 6820 6809
f 6993 6828 6991
f 6991 6828 6849
f 7031 7085 7086
f 7031 7086 6257
f 7087 6262 7088
f 7088 6262 7089
f 6257 7090 7091
f 6257 7092 6262
f 7092 7093 6262
f 6262 7093 7089
f 6257 7091 7092
f 6257 7086 7090
f 6262 7087 7029
f 7029 7087 7094
f 7029 7094 7095
f 7031 7096 7085
f 7029 7095 7096
f 7029 7096 7031
f 7097 7098 7099
f 7100 7017 7101
f 7101 7017 7018
f 7100 7016 7017
f 7100 7015 7016
f 7102 6481 7103
f 7103 6481 6480
f 7104 6485 7105
f 7105 6485 6483
f 7103 6480 6489
f 7104 6488 6485
f 7104 7106 7103
f 6488 7104 7103
f 6488 7103 6489
f 7097 7105 7102
f 7105 6483 7102
f 7102 6483 6481
f 7103 7106 7100
f 7100 7106 7015
f 7099 7107 7108
f 7099 7108 7097
f 7109 7110 7107
f 7110 7108 7107
f 7109 7107 7111
f 7018 7019 7101
f 7101 7019 7112
f 7101 7112 7113
f 7112 7114 7113
f 7113 7114 7111
f 7115 7102 7116
f 7116 7102 7103
f 7103 7117 7116
f 7118 7119 7120
f 7103 7119 7117
f 7121 7122 7123
f 7123 7124 7121
f 7121 7124 7125
f 7121 7125 7120
f 7120 7125 7118
f 7115 7126 7102
f 7121 7126 7122
f 7127 7013 7014
f 7011 7012 7096
f 7096 7012 7127
f 7012 7013 7127
f 7096 7010 7011
f 7128 7129 7130
f 7128 7130 7131
f 7131 7132 7096
f 7096 7132 7010
f 7128 7133 7129
f 7129 7133 7134
f 7129 7134 7135
f 6411 6418 7136
f 7136 7120 7137
f 7121 7138 7135
f 7137 7120 7127
f 7137 7127 7014
f 7136 6418 7120
f 7120 6418 6416
f 6416 6414 7120
f 7120 6414 7121
f 7121 6414 6412
f 6412 6411 7138
f 7136 7138 6411
f 7121 6412 7138
f 7024 7139 7023
f 7021 7022 7140
f 7140 7022 7139
f 7139 7022 7023
f 7140 7020 7021
f 7087 6389 7094
f 6389 6388 7094
f 6395 7141 7142
f 6395 7142 6397
f 7094 6388 6397
f 6395 6392 7141
f 7141 6392 7143
f 6392 6390 7143
f 7087 6390 6389
f 7094 6397 7142
f 7144 7145 7146
f 7144 7146 7143
f 7147 7148 7145
f 7148 7147 7149
f 7024 7025 7139
f 7139 7025 7150
f 7150 7025 7151
f 7150 7151 7152
f 7149 7153 7154
f 7149 7154 7155
f 7156 7157 7128
f 7149 7157 7153
f 7158 7156 7128
f 7158 7159 7160
f 7159 7161 7160
f 6442 7162 7163
f 6442 7163 7164
f 7165 7162 7107
f 7107 7162 6442
f 7107 7099 7165
f 7098 7097 7102
f 7166 7167 7168
f 7166 7168 7102
f 7169 7170 7171
f 7172 7121 7169
f 7172 7169 7171
f 7169 7173 7170
f 7102 7174 7166
f 7172 7175 7121
f 7175 7176 7102
f 7102 7176 7174
f 6534 7177 7178
f 7128 7179 7177
f 7180 7149 7181
f 7178 7182 6534
f 6346 7182 7183
f 7179 7128 7184
f 6346 7183 7181
f 7149 7180 7184
f 7185 7186 7187
f 7185 7187 7144
f 7187 7188 7144
f 7144 7188 7189
f 7190 7186 7185
f 7147 7191 7149
f 7192 7193 6346
f 7194 7195 6534
f 7128 7196 7133
f 7195 7196 7128
f 7121 7134 7197
f 7121 7197 7169
f 6510 6508 7190
f 6508 6506 7087
f 6510 7190 6512
f 6512 7190 7185
f 7185 6504 6512
f 6504 7185 7087
f 6506 6504 7087
f 7088 6508 7087
f 7193 6523 6521
f 7089 6519 6517
f 7089 6517 7088
f 7193 7190 6523
f 6523 7190 6515
f 6521 6519 7089
f 6517 6516 7088
f 6508 7088 7190
f 7190 7088 6516
f 7190 6516 6515
f 7093 6349 7089
f 7182 6346 6353
f 7182 6353 6351
f 7182 6351 7093
f 7093 6351 6349
f 6349 6348 7089
f 6521 7089 7193
f 7193 7089 6346
f 6346 7089 6348
f 6536 6534 7182
f 6532 6531 7092
f 7092 6528 7093
f 7093 6526 7182
f 7182 6526 6536
f 7092 6531 6528
f 7093 6528 6526
f 7194 7198 7199
f 7194 7199 7200
f 7091 7201 7202
f 7091 7202 7092
f 7202 7203 7092
f 6532 7092 6534
f 6534 7092 7194
f 7194 7092 7203
f 7194 7203 7198
f 7200 7199 7204
f 7200 7204 7091
f 7091 7204 7201
f 6400 6409 7169
f 7169 6409 6407
f 6407 7173 7169
f 7091 6402 6400
f 6407 6406 7173
f 7091 6404 6402
f 7091 6400 7169
f 7091 7169 7200
f 7173 6406 6404
f 7173 6404 7091
f 6500 6499 7166
f 7173 6492 6502
f 7173 6502 7166
f 6502 6500 7166
f 6499 6497 7090
f 6495 7091 7090
f 7090 6497 6495
f 7091 6495 6493
f 6493 6492 7091
f 7091 6492 7173
f 7167 6336 6343
f 7167 6343 7164
f 6339 6337 7090
f 7164 6343 6341
f 7090 6341 6339
f 6499 7090 7166
f 7166 7090 7167
f 7167 7090 6337
f 7167 6337 6336
f 6438 7086 6440
f 6440 7086 6442
f 6433 6443 7164
f 7164 6443 6442
f 6341 7090 7164
f 7164 7090 6433
f 7086 6438 6435
f 7086 6435 7090
f 6435 6433 7090
f 7087 7185 7144
f 7181 7149 6346
f 6346 7149 7191
f 6346 7191 7192
f 7195 7128 6534
f 6534 7128 7177
f 7143 6390 7087
f 7143 7087 7144
f 7145 7144 7189
f 7145 7189 7147
f 7128 7157 7184
f 7184 7157 7149
f 7135 7134 7121
f 7121 7175 7126
f 7126 7175 7102
f 7152 7149 7150
f 7150 7149 6357
f 7150 6357 6365
f 7155 6363 6361
f 7155 6361 7149
f 6361 6359 7149
f 7149 6359 6357
f 7150 6365 7155
f 7155 6365 6363
f 7131 6545 6544
f 7159 6538 6547
f 7159 6547 6545
f 7159 6545 7131
f 6544 6542 7131
f 7131 6542 7128
f 7128 6542 6540
f 7159 7158 7128
f 7159 7128 6538
f 7128 6540 6538
f 7113 7111 7107
f 7113 7107 6445
f 6445 7107 6446
f 6445 6455 7113
f 6455 6452 7205
f 7107 6450 6448
f 6452 6450 7205
f 7205 6450 7107
f 7107 6448 6446
f 7113 6455 7205
f 7086 7107 6442
f 7142 6383 6381
f 7142 6381 7094
f 7094 6381 6378
f 7094 6378 7095
f 7095 6378 6377
f 7095 6377 6385
f 7095 6385 7140
f 7140 6385 6383
f 7142 7140 6383
f 6373 6371 7155
f 7139 7150 6367
f 6369 6367 7150
f 7139 6375 7206
f 7206 6375 6373
f 6367 6375 7139
f 6371 6369 7155
f 7155 6369 7150
f 6373 7155 7206
f 7206 7155 7161
f 7206 7161 7159
f 7096 6557 6555
f 6549 6559 7206
f 7206 6559 6557
f 7206 6557 7096
f 6551 6549 7159
f 7159 6549 7206
f 7131 6553 7159
f 7159 6553 6551
f 7131 7096 6555
f 7131 6555 6553
f 6430 6427 7207
f 7127 6421 7207
f 7120 6427 6425
f 6421 6430 7207
f 7127 6422 6421
f 7120 6425 6424
f 7120 6424 7127
f 7127 6424 6422
f 7100 6475 6473
f 6427 7120 7207
f 7207 7120 7119
f 7207 7119 7103
f 7207 7103 6469
f 7207 6469 6468
f 7207 6468 6477
f 6473 6471 7100
f 7207 6477 7100
f 7100 6477 6475
f 7100 6471 7103
f 7103 6471 6469
f 7085 6464 7205
f 7205 6464 6462
f 6457 6466 7101
f 6462 6460 7205
f 7205 6460 7113
f 6460 6458 7113
f 7101 7113 6458
f 7101 6458 6457
f 7101 6466 7085
f 6466 6464 7085
f 7107 7086 7205
f 7205 7086 7085
f 7095 7140 7139
f 7095 7139 7096
f 7096 7139 7206
f 7096 7127 7207
f 7096 7207 7085
f 7085 7207 7100
f 7085 7100 7101
f 7019 6957 7112
f 7112 6957 7208
f 7112 7208 6956
f 7112 6956 6966
f 7112 6966 7114
f 7114 6966 6965
f 7114 6965 7111
f 6960 7109 6965
f 6965 7109 7111
f 7109 6960 7209
f 7109 7209 7110
f 7110 7209 6959
f 7110 6959 7108
f 7108 6959 7210
f 7108 7210 6954
f 6951 7097 7108
f 6951 7108 6954
f 7097 6951 6962
f 7097 6962 7211
f 7097 7211 7105
f 6970 7104 7211
f 7211 7104 7105
f 7104 6970 7106
f 7106 6970 6967
f 7106 6967 7015
f 7015 6967 6969
f 7119 7212 7213
f 7119 7213 7117
f 7117 7213 7214
f 7117 7214 7116
f 7116 7214 7215
f 7216 7115 7215
f 7215 7115 7116
f 7115 7216 7217
f 7115 7217 7126
f 7126 7217 7218
f 7126 7218 7122
f 7122 7218 7219
f 7122 7219 7123
f 7123 7219 7220
f 7123 7220 7124
f 7221 7125 7220
f 7220 7125 7124
f 7125 7221 7118
f 7118 7221 7222
f 7118 7222 7119
f 7119 7222 7212
f 6978 7137 6979
f 6979 7137 7014
f 7137 6978 7136
f 7136 6978 6985
f 7223 7138 6985
f 6985 7138 7136
f 7138 7223 7135
f 7135 7223 7224
f 6980 7129 7135
f 6980 7135 7224
f 7129 6980 7225
f 7129 7225 7130
f 6986 7131 7225
f 7225 7131 7130
f 7131 6986 7132
f 7132 6986 6988
f 7132 6988 7010
f 7010 6988 6989
f 6994 7151 6995
f 6995 7151 7025
f 7151 6994 7005
f 7151 7005 7152
f 7226 7149 7005
f 7005 7149 7152
f 7149 7226 7227
f 7149 7227 7148
f 7148 7227 7145
f 7145 7227 7007
f 7145 7007 7228
f 7145 7228 7146
f 7146 7228 7000
f 7146 7000 7143
f 7143 7000 6999
f 7003 7141 6999
f 6999 7141 7143
f 7141 7003 7142
f 7142 7003 7002
f 7142 7002 7004
f 7142 7004 7140
f 7140 7004 7026
f 7140 7026 7020
f 7157 7229 7230
f 7157 7230 7153
f 7153 7230 7231
f 7153 7231 7232
f 7153 7232 7154
f 7233 7155 7232
f 7232 7155 7154
f 7155 7233 7234
f 7155 7234 7235
f 7155 7235 7161
f 7161 7235 7236
f 7161 7236 7237
f 7161 7237 7160
f 7160 7237 7238
f 7160 7238 7239
f 7160 7239 7158
f 7240 7156 7239
f 7239 7156 7158
f 7156 7240 7241
f 7156 7241 7157
f 7157 7241 7229
f 7162 7242 7243
f 7162 7243 7163
f 7163 7243 7244
f 7163 7244 7245
f 7163 7245 7164
f 7246 7167 7164
f 7246 7164 7245
f 7167 7246 7247
f 7167 7247 7168
f 7248 7102 7247
f 7247 7102 7168
f 7102 7248 7098
f 7098 7248 7249
f 7098 7249 7099
f 7099 7249 7250
f 7099 7250 7251
f 7099 7251 7165
f 7165 7251 7252
f 7165 7252 7242
f 7165 7242 7162
f 7172 7253 7254
f 7172 7254 7255
f 7172 7255 7175
f 7175 7255 7256
f 7175 7256 7176
f 7176 7256 7257
f 7176 7257 7174
f 7174 7257 7258
f 7174 7258 7259
f 7174 7259 7166
f 7166 7259 7260
f 7166 7260 7173
f 7173 7260 7261
f 7173 7261 7262
f 7173 7262 7170
f 7170 7262 7263
f 7170 7263 7171
f 7171 7263 7253
f 7171 7253 7172
f 7177 7264 7265
f 7177 7265 7178
f 7178 7265 7266
f 7178 7266 7182
f 7182 7266 7267
f 7182 7267 7183
f 7183 7267 7268
f 7183 7268 7181
f 7181 7268 7269
f 7181 7269 7270
f 7181 7270 7180
f 7180 7270 7271
f 7180 7271 7184
f 7184 7271 7272
f 7184 7272 7179
f 7179 7272 7273
f 7179 7273 7177
f 7177 7273 7264
f 7190 7274 7275
f 7190 7275 7186
f 7186 7275 7276
f 7186 7276 7277
f 7186 7277 7187
f 7187 7277 7278
f 7187 7278 7188
f 7188 7278 7279
f 7188 7279 7280
f 7188 7280 7189
f 7281 7147 7189
f 7281 7189 7280
f 7147 7281 7191
f 7191 7281 7282
f 7283 7192 7282
f 7282 7192 7191
f 7192 7283 7193
f 7193 7283 7284
f 7193 7284 7190
f 7190 7284 7274
f 7196 7285 7133
f 7133 7285 7286
f 7133 7286 7134
f 7134 7286 7287
f 7134 7287 7288
f 7134 7288 7289
f 7134 7289 7197
f 7290 7169 7289
f 7289 7169 7197
f 7169 7290 7291
f 7169 7291 7200
f 7292 7194 7200
f 7292 7200 7291
f 7194 7292 7293
f 7194 7293 7195
f 7195 7293 7294
f 7285 7196 7294
f 7294 7196 7195
f 7294 7290 7285
f 7285 7290 7288
f 7294 7292 7290
f 7290 7292 7291
f 7288 7287 7285
f 7287 7286 7285
f 7282 7278 7283
f 7283 7278 7277
f 7283 7277 7274
f 7274 7277 7275
f 7282 7281 7278
f 7278 7281 7280
f 7269 7268 7264
f 7264 7268 7267
f 7264 7273 7272
f 7264 7271 7269
f 7265 7264 7267
f 7264 7272 7271
f 7259 7258 7261
f 7261 7258 7263
f 7258 7257 7256
f 7258 7256 7254
f 7254 7263 7258
f 7247 7243 7295
f 7295 7243 7242
f 7295 7242 7250
f 7247 7246 7243
f 7243 7246 7245
f 7239 7233 7240
f 7240 7233 7232
f 7232 7231 7240
f 7239 7237 7233
f 7233 7237 7236
f 7229 7241 7240
f 7240 7231 7229
f 7236 7235 7233
f 7218 7217 7219
f 7212 7221 7214
f 7220 7217 7216
f 7214 7221 7216
f 7216 7221 7220
f 7214 7213 7212
f 7217 7220 7219
f 7229 7231 7230
f 7237 7239 7238
f 7233 7235 7234
f 7027 7026 7001
f 7001 7026 7004
f 7081 7027 6998
f 6998 7027 7001
f 6996 7084 6997
f 6997 7084 7083
f 6997 7083 7006
f 7006 7083 7008
f 7009 7082 6998
f 6998 7082 7081
f 7007 7000 7228
f 7007 7227 6990
f 7226 6990 7227
f 7226 7005 6990
f 7274 7284 7283
f 7275 7277 7276
f 7278 7280 7279
f 7265 7267 7266
f 7269 7271 7270
f 7071 6987 6983
f 6976 7075 6975
f 6975 7075 7074
f 6975 7074 6984
f 6984 7074 7073
f 6984 7073 6981
f 6981 7072 6982
f 6982 7072 6983
f 6983 7072 7071
f 6986 7225 6980
f 6980 7224 6974
f 7223 6974 7224
f 7223 6985 6974
f 7080 7079 6952
f 6952 7079 6953
f 6953 7079 7078
f 6953 7078 6955
f 6955 7078 7077
f 6955 7077 6949
f 6949 7077 7076
f 6949 7076 6950
f 6961 7080 6952
f 6970 7211 6962
f 7208 6957 6956
f 7209 6960 6959
f 7210 6959 6954
f 7221 7212 7222
f 7214 7216 7215
f 7292 7294 7293
f 7290 7289 7288
f 7254 7253 7263
f 7254 7256 7255
f 7261 7263 7262
f 7259 7261 7260
f 7250 7249 7295
f 7250 7252 7251
f 7250 7242 7252
f 7248 7295 7249
f 7243 7245 7244
f 7248 7247 7295
f 7296 7198 7203
f 7296 7203 7297
f 7297 7203 7202
f 7297 7202 7298
f 7298 7202 7201
f 7298 7201 7299
f 7299 7201 7204
f 7299 7204 7199
f 7299 7199 7300
f 7300 7199 7198
f 7300 7198 7296
f 7301 7302 7303
f 7304 7305 7306
f 7307 7308 7309
f 7309 7308 7303
f 7310 7304 7311
f 7310 7311 7307
f 7307 7311 7308
f 7305 7304 7310
f 7309 7303 7302
f 7312 7313 7306
f 7312 7306 7305
f 7302 7301 7313
f 7302 7313 7312
f 7314 7315 7316
f 7317 7318 7319
f 7319 7318 7320
f 7321 7322 7319
f 7319 7322 7317
f 7323 7324 7325
f 7325 7324 7321
f 7321 7324 7322
f 7315 7326 7327
f 7326 7323 7327
f 7327 7323 7325
f 7316 7315 7327
f 7318 7314 7320
f 7320 7314 7316
f 7328 7329 7330
f 7331 7332 7333
f 7332 7331 7334
f 7334 7335 7332
f 7336 7337 7328
f 7336 7328 7330
f 7338 7333 7339
f 7338 7339 7336
f 7336 7339 7337
f 7340 7341 7334
f 7334 7341 7335
f 7330 7329 7340
f 7340 7329 7341
f 7331 7333 7338
f 7342 7343 7344
f 7345 7346 7347
f 7348 7349 7350
f 7350 7349 7351
f 7345 7352 7346
f 7346 7342 7347
f 7347 7342 7344
f 7353 7352 7354
f 7354 7352 7345
f 7344 7343 7348
f 7348 7343 7349
f 7350 7351 7353
f 7350 7353 7354
f 7355 7356 7357
f 7355 7357 7358
f 7358 7357 7359
f 7360 7361 7362
f 7357 7363 7359
f 7359 7363 7364
f 7365 7366 7367
f 7368 7369 7370
f 7362 7361 7355
f 7355 7361 7356
f 7371 7372 7365
f 7365 7372 7366
f 7370 7369 7372
f 7370 7372 7371
f 7364 7363 7373
f 7364 7373 7374
f 7367 7366 7360
f 7367 7360 7362
f 7373 7368 7374
f 7374 7368 7370
f 7375 7376 7377
f 7378 7379 7380
f 7380 7379 7381
f 7376 7375 7380
f 7380 7375 7378
f 7382 7383 7377
f 7382 7377 7376
f 7381 7379 7384
f 7381 7384 7385
f 7386 7387 7383
f 7386 7383 7382
f 7385 7384 7387
f 7385 7387 7386
f 7388 7389 7390
f 7391 7388 7392
f 7392 7388 7390
f 7393 7394 7395
f 7393 7396 7394
f 7390 7389 7397
f 7397 7389 7398
f 7394 7391 7395
f 7395 7391 7392
f 7399 7396 7400
f 7400 7396 7393
f 7397 7398 7399
f 7397 7399 7400
f 7401 7402 7403
f 7403 7402 7404
f 7405 7406 7401
f 7401 7406 7402
f 7407 7408 7405
f 7405 7408 7406
f 7409 7410 7407
f 7407 7410 7408
f 7411 7412 7410
f 7411 7410 7409
f 7403 7404 7412
f 7403 7412 7411
f 7413 7414 7415
f 7416 7417 7418
f 7418 7417 7419
f 7414 7413 7420
f 7420 7413 7421
f 7422 7423 7416
f 7416 7423 7417
f 7420 7421 7424
f 7420 7424 7425
f 7419 7415 7418
f 7418 7415 7414
f 7425 7424 7423
f 7425 7423 7422
f 6803 7341 7329
f 6803 7329 7426
f 7426 7329 7328
f 7426 7328 7427
f 7427 7328 7337
f 7427 7337 7428
f 7428 7337 7339
f 7428 7339 6807
f 6803 6805 7341
f 7341 6805 7335
f 7335 6805 6812
f 7335 6812 7332
f 7332 6812 6810
f 7332 6810 6813
f 7332 6813 7333
f 7333 6813 6808
f 7333 6808 7339
f 7339 6808 6807
f 7429 7322 7324
f 7429 7324 7430
f 7430 7324 7323
f 7430 7323 7431
f 7431 7323 7326
f 7431 7326 7432
f 7432 7326 7315
f 7432 7315 6816
f 7429 6806 7322
f 7322 6806 7317
f 7317 6806 6819
f 7317 6819 7318
f 7318 6819 6818
f 7318 6818 6817
f 7318 6817 7314
f 7314 6817 6814
f 7314 6814 7315
f 7315 6814 6816
f 6875 6572 6867
f 6867 6572 6571
f 6867 6571 6868
f 6868 6571 6568
f 6868 6568 6871
f 6871 6568 6872
f 6872 6568 6565
f 6872 6565 6863
f 6863 6565 6564
f 6863 6564 6864
f 6864 6564 6866
f 6866 6564 6562
f 6866 6562 6561
f 6866 6561 6873
f 6873 6561 6874
f 6874 6561 6569
f 6874 6569 6875
f 6875 6569 6572
f 6854 6574 6586
f 6854 6586 6855
f 6855 6586 6577
f 6855 6577 6856
f 6856 6577 6579
f 6856 6579 6858
f 6858 6579 6580
f 6858 6580 6860
f 6860 6580 6582
f 6860 6582 6850
f 6850 6582 6851
f 6851 6582 6585
f 6851 6585 6853
f 6853 6585 6575
f 6853 6575 6861
f 6861 6575 6862
f 6862 6575 6574
f 6862 6574 6854
f 6848 7410 6847
f 6847 7410 7412
f 6847 7412 6845
f 6845 7412 7404
f 6845 7404 6840
f 6840 7404 7402
f 6840 7402 6841
f 6841 7402 6844
f 6844 7402 7406
f 6844 7406 6842
f 6842 7406 7408
f 6842 7408 6843
f 6843 7408 7410
f 6843 7410 6848
f 6835 7423 6829
f 6829 7423 7424
f 6829 7424 6827
f 6827 7424 6831
f 6831 7424 7421
f 6831 7421 6832
f 6832 7421 7413
f 6832 7413 6822
f 6822 7413 6823
f 6823 7413 7415
f 6823 7415 6825
f 6825 7415 7419
f 6825 7419 6826
f 6826 7419 7417
f 6826 7417 6837
f 6837 7417 7423
f 6837 7423 6835
f 6881 7396 7399
f 6881 7399 6887
f 6887 7399 7398
f 6887 7398 6882
f 6882 7398 7389
f 6882 7389 6885
f 6885 7389 6886
f 6886 7389 7388
f 6886 7388 6878
f 6878 7388 7391
f 6878 7391 6876
f 6876 7391 7394
f 6876 7394 6879
f 6879 7394 6880
f 6880 7394 7396
f 6880 7396 6881
f 6900 7384 6901
f 6901 7384 6897
f 6897 7384 7379
f 6897 7379 6898
f 6898 7379 7378
f 6898 7378 6899
f 6899 7378 6892
f 6892 7378 7375
f 6892 7375 6890
f 6890 7375 7377
f 6890 7377 6891
f 6891 7377 7383
f 6891 7383 6896
f 6896 7383 7387
f 6896 7387 6900
f 6900 7387 7384
f 6902 6678 6903
f 6903 6678 6669
f 6903 6669 6908
f 6908 6669 6671
f 6908 6671 6914
f 6914 6671 6911
f 6911 6671 6909
f 6909 6671 6674
f 6909 6674 6905
f 6905 6674 6676
f 6905 6676 6906
f 6906 6676 6907
f 6907 6676 6680
f 6907 6680 6912
f 6912 6680 6678
f 6912 6678 6902
f 6922 6666 6930
f 6930 6666 6668
f 6930 6668 6928
f 6928 6668 6656
f 6928 6656 6929
f 6929 6656 6658
f 6929 6658 6934
f 6934 6658 6661
f 6934 6661 6936
f 6936 6661 6925
f 6925 6661 6660
f 6925 6660 6927
f 6927 6660 6918
f 6918 6660 6664
f 6918 6664 6921
f 6921 6664 6922
f 6922 6664 6666
f 7433 6605 6602
f 7433 6602 7434
f 7434 6602 6601
f 7434 6601 6608
f 7434 6608 7435
f 7435 6608 6612
f 7435 6612 6916
f 7433 6933 6605
f 6605 6933 6607
f 6607 6933 6932
f 6607 6932 6935
f 6607 6935 6614
f 6614 6935 6920
f 6614 6920 6919
f 6614 6919 6611
f 6611 6919 6917
f 6611 6917 6612
f 6612 6917 6916
f 6945 6621 6626
f 6945 6626 7436
f 7436 6626 6625
f 7436 6625 7437
f 7437 6625 6615
f 7437 6615 7438
f 7438 6615 6617
f 7438 6617 6940
f 6945 6944 6621
f 6621 6944 6622
f 6622 6944 6947
f 6622 6947 6627
f 6627 6947 6939
f 6627 6939 6942
f 6627 6942 6619
f 6619 6942 6941
f 6619 6941 6617
f 6617 6941 6940
f 6738 6634 6640
f 6738 6640 6729
f 6729 6640 6637
f 6729 6637 6730
f 6730 6637 6733
f 6733 6637 6632
f 6733 6632 6735
f 6735 6632 6630
f 6735 6630 6725
f 6725 6630 6638
f 6725 6638 6726
f 6726 6638 6732
f 6732 6638 6635
f 6732 6635 6736
f 6736 6635 6634
f 6736 6634 6737
f 6737 6634 6738
f 6767 6597 6768
f 6768 6597 6596
f 6768 6596 6769
f 6769 6596 6598
f 6769 6598 6770
f 6770 6598 6594
f 6770 6594 6728
f 6728 6594 6763
f 6763 6594 6592
f 6763 6592 6764
f 6764 6592 6589
f 6764 6589 6765
f 6765 6589 6771
f 6771 6589 6588
f 6771 6588 6766
f 6766 6588 6597
f 6766 6597 6767
f 6717 6692 6698
f 6721 6681 6711
f 6711 6681 6685
f 6711 6685 6712
f 6712 6685 6686
f 6712 6686 6714
f 6714 6686 6694
f 6714 6694 6715
f 6715 6694 6692
f 6715 6692 6717
f 6717 6698 6719
f 6719 6698 6688
f 6719 6688 6723
f 6723 6688 6690
f 6723 6690 6724
f 6724 6690 6722
f 6722 6690 6681
f 6722 6681 6721
f 6779 6655 6780
f 6780 6655 6653
f 6780 6653 6775
f 6775 6653 6647
f 6775 6647 6774
f 6774 6647 6646
f 6774 6646 6776
f 6776 6646 6648
f 6776 6648 6772
f 6772 6648 6643
f 6772 6643 6773
f 6773 6643 6777
f 6777 6643 6642
f 6777 6642 6781
f 6781 6642 6651
f 6781 6651 6782
f 6782 6651 6779
f 6779 6651 6655
f 7363 7357 6791
f 6791 7357 6792
f 6792 7357 7356
f 6792 7356 6793
f 6793 7356 7361
f 6793 7361 6783
f 6783 7361 6784
f 6784 7361 7360
f 6784 7360 6785
f 6785 7360 7366
f 6785 7366 6786
f 7366 7372 6786
f 6786 7372 7369
f 6786 7369 6787
f 6787 7369 7368
f 6787 7368 6789
f 6789 7368 7373
f 6789 7373 6790
f 6790 7373 7363
f 6790 7363 6791
f 6798 7346 6801
f 6801 7346 7352
f 6801 7352 6802
f 6802 7352 6799
f 6799 7352 7353
f 6799 7353 7351
f 6799 7351 6794
f 6794 7351 6795
f 6795 7351 7349
f 6795 7349 6796
f 6796 7349 7343
f 6796 7343 6797
f 6797 7343 7342
f 6797 7342 6800
f 6800 7342 7346
f 6800 7346 6798
f 6708 7303 6709
f 6709 7303 6706
f 6706 7303 7308
f 6706 7308 6703
f 6703 7308 7311
f 6703 7311 6704
f 6704 7311 7304
f 6704 7304 6705
f 6705 7304 7306
f 6705 7306 6699
f 6699 7306 7313
f 6699 7313 6700
f 6700 7313 6707
f 6707 7313 7301
f 6707 7301 7303
f 6707 7303 6708
f 6498 6501 7439
f 7440 6401 7441
f 6405 6408 7442
f 7441 6401 6403
f 6494 6403 6491
f 6498 7443 6496
f 6496 7443 7444
f 7441 6403 6494
f 7445 6405 7442
f 6408 6399 7446
f 7441 6494 7447
f 7447 6494 6496
f 7447 6496 7444
f 7442 6408 7446
f 7443 6498 7439
f 6501 7445 7439
f 6405 6491 6403
f 7445 6501 6491
f 7445 6491 6405
f 6399 6401 7448
f 7448 6401 7440
f 7446 6399 7448
f 7441 7447 6683
f 6683 7447 6684
f 7447 7444 6684
f 6684 7444 6687
f 7444 7443 6687
f 6687 7443 6693
f 7443 7439 6693
f 6693 7439 6691
f 7439 7445 6691
f 6691 7445 6695
f 7445 7442 6695
f 6695 7442 6697
f 7442 7446 6697
f 6697 7446 6689
f 7446 7448 6689
f 6689 7448 6696
f 7448 7440 6696
f 6696 7440 6682
f 7440 7441 6682
f 6682 7441 6683
f 6479 7449 6490
f 6490 7449 7450
f 7451 6486 6487
f 7451 6487 7452
f 7452 6487 6490
f 7453 6484 7451
f 7451 6484 6486
f 7449 6479 7454
f 6479 6482 7454
f 7452 6490 7450
f 7454 6482 7453
f 7453 6482 6484
f 7450 7449 6679
f 6679 7449 6677
f 7449 7454 6677
f 6677 7454 6670
f 7454 7453 6670
f 6670 7453 6672
f 7453 7451 6672
f 6672 7451 6673
f 7451 7452 6673
f 6673 7452 6675
f 7452 7450 6675
f 6675 7450 6679
f 6474 7455 6472
f 6472 7455 7456
f 7455 6476 7457
f 7457 6476 6478
f 6467 7458 7459
f 6467 7459 6478
f 6474 6476 7455
f 7457 6478 7459
f 6467 6470 7458
f 7458 6470 7460
f 7460 6470 7456
f 7456 6470 6472
f 7458 7460 6667
f 6667 7460 6657
f 7460 7456 6657
f 6657 7456 6662
f 7456 7455 6662
f 6662 7455 6659
f 7455 7457 6659
f 6659 7457 6663
f 7457 7459 6663
f 6663 7459 6665
f 7459 7458 6665
f 6665 7458 6667
f 7461 7298 7299
f 7461 7299 7462
f 7463 7297 7298
f 7463 7298 7461
f 7462 7299 7300
f 7462 7300 7464
f 7465 7296 7297
f 7465 7297 7463
f 7464 7300 7466
f 7466 7300 7296
f 7466 7296 7465
f 7466 7465 6650
f 6650 7465 6654
f 7465 7463 6654
f 6654 7463 6652
f 7463 7461 6652
f 6652 7461 6645
f 7461 7462 6645
f 6645 7462 6649
f 7462 7464 6649
f 6649 7464 6644
f 7464 7466 6644
f 6644 7466 6650
f 6372 7467 7468
f 7469 6366 7470
f 7467 6374 7471
f 7470 6366 6368
f 7467 6372 6374
f 7471 6374 6366
f 7471 6366 7469
f 7470 6368 7472
f 6370 6372 7468
f 7472 6368 6370
f 7472 6370 7468
f 7467 7471 7414
f 7414 7471 7418
f 7471 7469 7418
f 7418 7469 7416
f 7469 7470 7416
f 7416 7470 7422
f 7470 7472 7422
f 7422 7472 7425
f 7472 7468 7425
f 7425 7468 7420
f 7468 7467 7420
f 7420 7467 7414
f 7473 6356 7474
f 7475 6360 7476
f 7476 6360 6362
f 6362 6364 7477
f 7476 6362 7477
f 7473 6364 6356
f 7474 6356 6358
f 7474 6358 7478
f 7477 6364 7473
f 7478 6358 7475
f 7475 6358 6360
f 7477 7473 7405
f 7405 7473 7407
f 7473 7474 7407
f 7407 7474 7409
f 7474 7478 7409
f 7409 7478 7411
f 7478 7475 7411
f 7411 7475 7403
f 7475 7476 7403
f 7403 7476 7401
f 7476 7477 7401
f 7401 7477 7405
f 6434 7479 6432
f 6432 7479 7480
f 6439 6441 7481
f 7481 6441 7482
f 7482 6441 6432
f 7482 6432 7480
f 7483 6437 7481
f 7481 6437 6439
f 7484 6436 7483
f 7483 6436 6437
f 7479 6434 7484
f 7484 6434 6436
f 7479 7484 6641
f 6641 7484 6636
f 7484 7483 6636
f 6636 7483 6631
f 7483 7481 6631
f 6631 7481 6629
f 7481 7482 6629
f 6629 7482 6639
f 7482 7480 6639
f 6639 7480 6633
f 7480 7479 6633
f 6633 7479 6641
f 6444 7485 7486
f 7485 6444 6447
f 7487 6451 7488
f 6454 7486 7489
f 6454 6444 7486
f 7485 6447 7490
f 7488 6451 6453
f 7488 6453 7489
f 7489 6453 6454
f 7490 6449 7487
f 7487 6449 6451
f 7490 6447 6449
f 7486 7485 6628
f 6628 7485 6623
f 7485 7490 6623
f 6623 7490 6620
f 7490 7487 6620
f 6620 7487 6624
f 7487 7488 6624
f 6624 7488 6616
f 7488 7489 6616
f 6616 7489 6618
f 7489 7486 6618
f 6618 7486 6628
f 6456 7491 7492
f 7493 6463 6465
f 6465 6456 7492
f 7491 6456 6459
f 7491 6459 7494
f 7495 6461 7496
f 7496 6461 6463
f 7496 6463 7493
f 7494 6459 6461
f 7494 6461 7495
f 7493 6465 7492
f 7491 7494 6606
f 6606 7494 6604
f 7494 7495 6604
f 6604 7495 6603
f 7495 7496 6603
f 6603 7496 6609
f 7496 7493 6609
f 6609 7493 6610
f 7493 7492 6610
f 6610 7492 6613
f 7492 7491 6613
f 6613 7491 6606
f 6335 6338 7497
f 6344 6335 7498
f 7499 6342 7500
f 7500 6342 6344
f 7500 6344 7498
f 7498 6335 7497
f 7497 6338 7501
f 7502 6340 7499
f 7499 6340 6342
f 7501 6338 7502
f 7502 6338 6340
f 7501 7502 6599
f 6599 7502 6593
f 7502 7499 6593
f 6593 7499 6591
f 7499 7500 6591
f 6591 7500 6590
f 7500 7498 6590
f 6590 7498 6600
f 7498 7497 6600
f 6600 7497 6595
f 7497 7501 6595
f 6595 7501 6599
f 6420 6423 7503
f 6428 7504 6426
f 6426 7504 7505
f 6431 6420 7506
f 7506 6420 7503
f 7507 6429 6431
f 7507 6431 7506
f 7503 6423 7508
f 6428 6429 7504
f 7504 6429 7507
f 7508 6423 7505
f 7505 6423 6426
f 7504 7507 7392
f 7392 7507 7395
f 7507 7506 7395
f 7395 7506 7393
f 7506 7503 7393
f 7393 7503 7400
f 7503 7508 7400
f 7400 7508 7397
f 7508 7505 7397
f 7397 7505 7390
f 7505 7504 7390
f 7390 7504 7392
f 7509 6417 7510
f 7509 6415 6417
f 6419 7511 7510
f 6419 7510 6417
f 7512 6410 6413
f 7511 6419 6410
f 7511 6410 7513
f 7513 6410 7512
f 6413 6415 7514
f 7512 6413 7514
f 7514 6415 7509
f 7510 7511 7382
f 7382 7511 7386
f 7511 7513 7386
f 7386 7513 7385
f 7513 7512 7385
f 7385 7512 7381
f 7512 7514 7381
f 7381 7514 7380
f 7514 7509 7380
f 7380 7509 7376
f 7509 7510 7376
f 7376 7510 7382
f 7515 6350 7516
f 6354 6355 7517
f 6533 6535 7518
f 7519 6530 7520
f 7520 6530 6533
f 7516 6527 7521
f 7521 6527 6529
f 7521 6529 7519
f 7519 6529 6530
f 7516 6350 6527
f 7522 6355 6345
f 7522 6345 7523
f 7523 6345 6347
f 7523 6347 7515
f 7515 6347 6350
f 7517 6355 7522
f 7520 6533 7518
f 6525 6352 6535
f 6535 6352 6354
f 6535 6354 7518
f 6527 6350 6352
f 6527 6352 6525
f 7517 7522 7371
f 7371 7522 7370
f 7522 7523 7370
f 7370 7523 7374
f 7523 7515 7374
f 7374 7515 7364
f 7515 7516 7364
f 7364 7516 7359
f 7516 7521 7359
f 7359 7521 7358
f 7521 7519 7358
f 7358 7519 7355
f 7519 7520 7355
f 7355 7520 7362
f 7520 7518 7362
f 7362 7518 7367
f 7518 6354 7367
f 7367 6354 7365
f 6354 7517 7365
f 7365 7517 7371
f 6543 7524 7525
f 6541 6543 7525
f 6543 6546 7524
f 7524 6546 7526
f 6546 6537 7526
f 7526 6537 7527
f 6537 6539 7527
f 7527 6539 7528
f 7528 6539 7529
f 7529 6539 6541
f 7529 6541 7525
f 7526 7527 6576
f 6576 7527 6587
f 7527 7528 6587
f 6587 7528 6578
f 7528 7529 6578
f 6578 7529 6581
f 7529 7525 6581
f 6581 7525 6583
f 7525 7524 6583
f 6583 7524 6584
f 7524 7526 6584
f 6584 7526 6576
f 6554 7530 7531
f 6554 6556 7530
f 7530 6556 7532
f 7532 6556 6558
f 6550 7533 6548
f 6558 6548 7534
f 7534 6548 7533
f 7532 6558 7534
f 7535 6550 6552
f 7533 6550 7535
f 7535 6552 7531
f 7531 6552 6554
f 7533 7535 6573
f 6573 7535 6567
f 7535 7531 6567
f 6567 7531 6566
f 7531 7530 6566
f 6566 7530 6563
f 7530 7532 6563
f 6563 7532 6560
f 7532 7534 6560
f 6560 7534 6570
f 7534 7533 6570
f 6570 7533 6573
f 7536 6520 7537
f 6520 6522 7537
f 7537 6522 7538
f 7539 6514 7540
f 6520 7536 6518
f 7538 6522 6524
f 7538 6524 7539
f 7539 6524 6514
f 7541 6518 7536
f 7540 6514 7541
f 7541 6514 6518
f 7536 7537 7350
f 7350 7537 7348
f 7537 7538 7348
f 7348 7538 7344
f 7538 7539 7344
f 7344 7539 7347
f 7539 7540 7347
f 7347 7540 7345
f 7540 7541 7345
f 7345 7541 7354
f 7541 7536 7354
f 7354 7536 7350
f 6384 7542 6382
f 6382 7542 7543
f 6376 7544 7545
f 6386 6376 7545
f 7544 6376 6379
f 7544 6379 7546
f 7546 6379 6380
f 7542 6384 7547
f 7547 6384 6386
f 7546 6380 7543
f 6380 6382 7543
f 7547 6386 7545
f 7542 7547 7334
f 7334 7547 7340
f 7547 7545 7340
f 7340 7545 7330
f 7545 7544 7330
f 7330 7544 7336
f 7544 7546 7336
f 7336 7546 7338
f 7546 7543 7338
f 7338 7543 7331
f 7543 7542 7331
f 7331 7542 7334
f 7548 6394 7549
f 7550 6393 7548
f 7548 6393 6394
f 7551 6387 7552
f 6394 6396 7549
f 7553 6398 7551
f 7551 6398 6387
f 6391 7550 7552
f 6391 6393 7550
f 7549 6396 6398
f 7549 6398 7553
f 6387 6391 7552
f 7549 7553 7321
f 7321 7553 7325
f 7553 7551 7325
f 7325 7551 7327
f 7551 7552 7327
f 7327 7552 7316
f 7552 7550 7316
f 7316 7550 7320
f 7550 7548 7320
f 7320 7548 7319
f 7548 7549 7319
f 7319 7549 7321
f 7554 7555 7305
f 7305 7555 7312
f 7555 7556 7312
f 7312 7556 7302
f 7556 7557 7302
f 7302 7557 7309
f 7557 7558 7309
f 7309 7558 7307
f 7558 7559 7307
f 7307 7559 7310
f 7559 7554 7310
f 7310 7554 7305
f 6509 7554 7559
f 6509 7559 6507
f 6503 7557 7556
f 6509 6511 7554
f 7554 6511 7555
f 6511 6513 7555
f 7555 6513 7556
f 6513 6503 7556
f 7557 6503 6505
f 6505 6507 7558
f 7558 6507 7559
f 7557 6505 7558
f 7433 6940 6933
f 7433 7438 6940
f 7438 7433 7434
f 7434 7067 7437
f 7434 7437 7438
f 7434 7435 7560
f 6943 6945 7436
f 6943 7436 7067
f 7067 7436 7437
f 7434 7560 7067
f 7067 7560 6127
f 6127 7560 6089
f 6127 6089 6090
f 6915 7435 6916
f 7560 7435 6915
f 6739 6734 6727
f 6739 6727 7038
f 6739 7038 7037
f 7037 7038 6074
f 7037 6074 6073
f 6815 7432 6816
f 7432 6815 7069
f 6804 7426 6144
f 6144 7426 7427
f 7431 7427 7428
f 7431 7428 7430
f 7431 6144 7427
f 7069 7431 7432
f 6807 6806 7429
f 6807 7429 7428
f 7428 7429 7430
f 6804 6803 7426
f 7431 7069 6144
f 6144 7069 6136
f 6701 6710 7039
f 7039 6710 6131
f 7039 6131 6132
f 7030 7031 6257
f 6257 6264 7030
f 7030 6264 7561
f 7561 6264 7036
f 7561 7036 7562
f 7562 7036 5326
f 5326 7036 5240
f 6262 7029 7028
f 6262 7028 6273
f 6273 7028 7563
f 6273 7563 7035
f 7035 7563 7564
f 7035 7564 7565
f 7035 7565 5061
f 5061 7565 5026
f 5326 7566 7562
f 6242 4120 4118
f 6242 4118 4117
f 6242 4117 4116
f 6242 4116 6243
f 6243 4116 4114
f 6243 4114 5849
f 6243 5849 4113
f 6243 4113 4111
f 6243 4111 4110
f 6243 4110 4109
f 6243 4109 4108
f 6243 4108 6239
f 6239 4108 4106
f 6239 4106 5846
f 6239 5846 4104
f 6239 4104 4103
f 6239 4103 4101
f 6239 4101 5851
f 6239 5851 6240
f 6240 5851 4138
f 6240 4138 4137
f 6240 4137 5845
f 6240 5845 4135
f 6240 4135 4134
f 6240 4134 6241
f 6241 4134 4133
f 6241 4133 4132
f 6241 4132 4130
f 6241 4130 4129
f 6241 4129 4128
f 6241 4128 4127
f 6241 4127 4126
f 6241 4126 6242
f 6242 4126 4125
f 6242 4125 4123
f 6242 4123 4122
f 6242 4122 4121
f 6242 4121 4120
f 6247 4215 4214
f 6247 4214 4213
f 6247 4213 6250
f 6250 4213 4210
f 6250 4210 5847
f 6250 5847 6248
f 6248 5847 4209
f 6248 4209 4208
f 6248 4208 4207
f 6248 4207 4205
f 6248 4205 4203
f 6248 4203 5844
f 6248 5844 4202
f 6248 4202 6245
f 6245 4202 4201
f 6245 4201 4200
f 6245 4200 4199
f 6245 4199 4234
f 6245 4234 4233
f 6245 4233 4232
f 6245 4232 4231
f 6245 4231 6246
f 6246 4231 4230
f 6246 4230 4229
f 6246 4229 4228
f 6246 4228 4227
f 6246 4227 4225
f 6246 4225 4224
f 6246 4224 5839
f 6246 5839 4222
f 6246 4222 4221
f 6246 4221 6247
f 6247 4221 4219
f 6247 4219 5843
f 6247 5843 4217
f 6247 4217 4216
f 6247 4216 4215
f 6237 39 37
f 6237 37 36
f 6237 36 35
f 6237 35 33
f 6237 33 5850
f 6237 5850 6238
f 6238 5850 32
f 6238 32 30
f 6238 30 29
f 6238 29 28
f 6238 28 27
f 6238 27 25
f 6238 25 6233
f 6233 25 5852
f 6233 5852 23
f 6233 23 22
f 6233 22 21
f 6233 21 20
f 6233 20 6232
f 6232 20 58
f 6232 58 57
f 6232 57 56
f 6232 56 55
f 6232 55 54
f 6232 54 53
f 6232 53 52
f 6232 52 6234
f 6234 52 51
f 6234 51 49
f 6234 49 48
f 6234 48 47
f 6234 47 6235
f 6235 47 46
f 6235 46 45
f 6235 45 43
f 6235 43 42
f 6235 42 41
f 6235 41 40
f 6235 40 6237
f 6237 40 39
f 6252 5842 6253
f 6253 5842 5848
f 6253 5848 1646
f 6253 1646 6254
f 6254 1646 1645
f 6254 1645 1644
f 6254 1644 1643
f 6254 1643 1642
f 6254 1642 5841
f 6254 5841 6255
f 6255 5841 5837
f 6255 5837 6153
f 6153 5837 1656
f 6153 1656 1655
f 6153 1655 1653
f 6153 1653 6251
f 6251 1653 1652
f 6251 1652 1651
f 6251 1651 5842
f 6251 5842 6252
f 6068 6139 6057
f 6057 6139 6078
f 6138 6151 6139
f 6174 6078 6139
f 6174 6139 6151
f 6078 6174 6120
f 6114 6125 7048
f 6114 7048 7567
f 7046 7568 7047
f 7047 7568 7049
f 7567 7048 7568
f 7568 7048 7049
f 7569 7058 6129
f 7569 6129 6141
f 7570 7059 7569
f 7569 7059 7058
f 7052 7053 7059
f 7052 7059 7570
f 7046 7044 6122
f 6122 6114 7567
f 6122 7567 7046
f 7046 7567 7568
f 6142 7569 6141
f 7569 6142 7052
f 7052 7570 7569
f 5887 5985 5875
f 5875 5985 6006
f 7571 5959 5981
f 7571 5981 7572
f 7572 5981 7573
f 7573 5981 5980
f 7573 5980 7574
f 7574 5980 5994
f 7574 5994 5996
f 7574 5996 7575
f 7575 5996 5985
f 7575 5985 5889
f 5985 5887 5889
f 7576 5959 7577
f 7577 5959 7571
f 5872 5964 7576
f 7576 5964 5959
f 5964 5872 7578
f 5964 7578 5968
f 5968 7578 5885
f 5968 5885 6064
f 6064 5885 7579
f 6064 7579 7580
f 6064 7580 6063
f 6063 7580 7581
f 6063 7581 6065
f 5878 6065 7581
f 6065 5878 6003
f 5875 6006 5876
f 5876 6006 6003
f 5876 6003 5878
f 5918 5869 5862
f 5918 5862 5919
f 5919 5862 5861
f 5919 5861 6058
f 6058 5861 5860
f 6058 5860 6059
f 6059 5860 7582
f 6059 7582 6071
f 6071 7582 7583
f 7583 5863 6071
f 6071 5863 5951
f 7584 5952 7585
f 7585 5952 5951
f 7585 5951 5863
f 5869 5918 7586
f 7586 5918 5915
f 7587 5915 5945
f 7587 5945 7588
f 7588 5945 7589
f 7589 5945 5940
f 7589 5940 5941
f 7589 5941 7590
f 7590 5941 5943
f 7590 5943 7591
f 7591 5943 5933
f 7591 5933 5855
f 5933 5853 5855
f 7586 5915 7592
f 7592 5915 7587
f 5853 5933 7584
f 7584 5933 5952
f 6011 5901 7593
f 6011 7593 6015
f 6015 7593 5907
f 6015 5907 6062
f 6062 5907 7594
f 6062 7594 6060
f 6060 7594 7595
f 6060 7595 6061
f 6061 7595 7596
f 7596 7597 6061
f 6061 7597 6038
f 5897 6036 7598
f 7598 6036 6038
f 7598 6038 7597
f 5901 6011 5899
f 5899 6011 6009
f 7599 6009 7600
f 7600 6009 6035
f 7600 6035 7601
f 7601 6035 6022
f 7601 6022 7602
f 7602 6022 6021
f 7602 6021 6026
f 7602 6026 7603
f 7603 6026 6025
f 7603 6025 5903
f 6025 5904 5903
f 5899 6009 5900
f 5900 6009 7599
f 5904 6025 5897
f 5897 6025 6036
f 5654 5653 7604
f 7605 7606 7607
f 7608 7609 7610
f 7611 7612 7613
f 7608 7614 7609
f 7609 7614 7613
f 7613 7614 7611
f 7610 7615 7616
f 7617 7618 7615
f 7610 7616 7608
f 7619 7618 7617
f 7620 7621 5502
f 5502 7621 7622
f 7623 7621 7620
f 7624 7625 7626
f 7626 7625 7627
f 7627 7625 7620
f 7620 7625 7623
f 7613 7628 7624
f 7613 7629 7628
f 7622 7630 5502
f 7613 7630 7629
f 7631 7632 7633
f 7634 7635 7636
f 7636 7637 7634
f 7638 7639 7640
f 7640 7639 7641
f 7640 7641 7607
f 7607 7641 7605
f 7638 7640 7631
f 7638 7631 7642
f 7631 7633 7642
f 7643 7599 7600
f 7620 7644 7645
f 7645 7646 5523
f 5523 7646 7643
f 7647 7648 5502
f 7620 7649 7644
f 5502 7648 7620
f 7644 7649 7650
f 7651 7652 7653
f 7654 7650 7655
f 7654 7655 7652
f 7654 7652 7651
f 7650 7654 7656
f 7650 7656 7644
f 7654 7657 7658
f 7654 7658 7656
f 5549 5546 7659
f 7660 5540 5549
f 5546 5544 7659
f 7659 5544 7661
f 7660 5549 5531
f 5540 7660 7657
f 7657 5542 5540
f 5531 5549 7659
f 7661 5544 5542
f 5531 7662 7663
f 5531 7663 7660
f 7602 7603 7662
f 7600 7601 7664
f 7664 7601 7602
f 7635 7665 7666
f 7667 7668 7669
f 7670 7671 7672
f 7635 7671 7673
f 7667 7669 7670
f 7667 7674 7668
f 7675 7587 7588
f 7676 7677 7675
f 7640 7678 7677
f 7640 7677 7676
f 7640 7607 7679
f 7640 7679 7678
f 7666 5638 5636
f 5636 7635 7666
f 7635 5636 5635
f 7606 7605 7635
f 5632 7680 5633
f 7635 5635 5633
f 7681 7606 7635
f 5632 5638 7680
f 7680 5638 7666
f 7635 5633 7681
f 7681 5633 7680
f 7666 7682 7680
f 7682 7590 7591
f 7588 7589 7683
f 7589 7590 7683
f 7683 7590 7682
f 7672 7610 7684
f 7667 5562 5571
f 5570 5567 7685
f 7667 7685 7686
f 5567 5565 7684
f 5570 7685 7667
f 5570 7667 5571
f 7685 5567 7684
f 7670 7672 7667
f 7667 7672 5563
f 7667 5563 5562
f 7684 5565 7672
f 7672 5565 5563
f 5698 7687 7688
f 7574 7575 5698
f 5698 7575 7687
f 7686 7571 7572
f 7686 7572 7689
f 7689 7572 7573
f 7689 7573 7574
f 7690 7620 7691
f 7692 7691 7693
f 7693 7694 7692
f 7695 7626 7696
f 7690 7627 7620
f 7626 7627 7697
f 7626 7697 7696
f 7673 7665 7635
f 7698 7635 7634
f 5642 7699 7634
f 7672 7700 7701
f 7701 7617 7672
f 7672 7617 7610
f 7610 7617 7615
f 7698 7702 7635
f 7635 7702 7671
f 7671 7702 7672
f 7672 7702 7700
f 5642 7703 7699
f 7653 7704 7651
f 7651 7704 7604
f 5529 5537 7664
f 7664 5537 7705
f 7659 5533 5531
f 7659 5535 5533
f 7705 5537 5535
f 7705 5535 7659
f 7602 7662 7664
f 7664 7662 5531
f 7664 5531 5529
f 5518 7693 5519
f 7600 7664 7643
f 7643 7664 5523
f 5523 7664 5524
f 7706 5518 5527
f 5521 5519 7693
f 5527 7664 7706
f 7664 5527 5524
f 5523 5521 7693
f 7706 5704 5701
f 7689 5696 5706
f 5518 7706 7693
f 7693 7706 7694
f 7694 7706 7695
f 7695 7706 5701
f 7689 5706 7706
f 7706 5706 5704
f 7695 5701 5699
f 7695 5699 5698
f 7689 7574 5698
f 7689 5698 5696
f 7689 5583 5580
f 7689 5580 7686
f 5580 5577 7686
f 7707 5574 5583
f 7707 5583 7689
f 7667 5577 5575
f 7667 5575 5574
f 7686 5577 7667
f 7682 5621 5620
f 7682 5620 7683
f 5625 7666 5626
f 5574 7707 7667
f 7667 7707 7674
f 7674 7707 7666
f 7666 7707 5626
f 7666 5625 5623
f 7683 5620 7707
f 7707 5620 5628
f 7666 5623 7682
f 7682 5623 5621
f 7707 5628 5626
f 7708 5608 7709
f 5613 7676 7683
f 7683 7676 7675
f 7683 7675 7588
f 7709 5608 5617
f 7676 5613 5611
f 7709 5617 5615
f 7709 5615 7683
f 7683 5615 5613
f 7676 5611 5609
f 7676 5609 7708
f 5609 5608 7708
f 7691 7620 7693
f 7693 7620 5507
f 7693 5507 5506
f 7645 5523 7620
f 7620 5523 5511
f 5523 5515 5513
f 5523 5513 5511
f 7620 5509 5507
f 7693 5506 5515
f 7620 5511 5509
f 7693 5515 5523
f 5698 5686 5694
f 7695 5692 5690
f 5698 5694 7695
f 7695 5694 5692
f 7695 5690 7626
f 5698 7688 7626
f 5698 7626 5686
f 5690 5688 7626
f 5688 5686 7626
f 5603 5600 7676
f 7676 5600 7640
f 7640 5596 7708
f 7708 5596 5606
f 5604 5603 7676
f 7640 5600 5598
f 7640 5598 5596
f 5606 5604 7708
f 7708 5604 7676
f 7609 7613 7626
f 7626 7613 7624
f 5542 7657 7661
f 7661 7657 7654
f 7661 7654 7651
f 7604 5653 7651
f 7651 5653 5659
f 7661 7651 5658
f 5654 7604 7661
f 5654 7661 5656
f 5659 5658 7651
f 7661 5658 5656
f 7647 5673 5671
f 7647 5671 7604
f 7604 5671 5669
f 5669 5667 7604
f 5665 5663 7647
f 7647 5663 5673
f 7604 5667 5665
f 7604 7704 7647
f 7647 5502 5665
f 5495 7630 7710
f 5495 5504 7630
f 7630 5504 5502
f 5497 5495 7710
f 5502 5501 5665
f 5665 5501 5499
f 7710 5665 5497
f 5665 5499 5497
f 7613 5675 5684
f 7613 5684 7630
f 7711 5678 5676
f 7630 5684 5682
f 5678 7711 7710
f 7711 5676 5675
f 7710 5680 5678
f 7630 5682 7710
f 7710 5682 5680
f 7712 7713 7619
f 7711 7714 7715
f 7715 7714 7712
f 7619 7713 7716
f 7619 7716 7612
f 7717 7718 7711
f 7711 7718 7714
f 7715 7712 7619
f 7716 7717 7612
f 5675 7613 7711
f 7711 7613 7612
f 7711 7612 7717
f 7619 7617 7715
f 7703 5551 5559
f 7703 5559 7617
f 7719 5554 5552
f 7617 5559 5558
f 5554 7719 7715
f 7719 5552 5551
f 7719 5551 7703
f 7715 5556 5554
f 7617 5558 7715
f 7715 5558 5556
f 7703 5642 5650
f 5488 7719 5645
f 5650 5648 7703
f 7703 5648 7719
f 7719 5648 5647
f 7719 5647 5645
f 5645 5643 5488
f 5488 5643 5642
f 5488 5642 7634
f 5488 7634 7637
f 5486 5485 7632
f 7637 5492 5490
f 7637 7633 7632
f 7637 7632 5492
f 7637 5490 5488
f 5488 5486 7632
f 5485 5492 7632
f 5586 7631 5588
f 7632 5592 5589
f 5586 5593 7631
f 7631 5593 7632
f 7632 5593 5592
f 7632 5589 5588
f 5588 7631 7720
f 7708 7709 7640
f 7640 7709 7720
f 7640 7720 7631
f 7661 7604 5665
f 7661 5665 7710
f 7661 7710 7711
f 7661 7711 7715
f 7661 7715 7720
f 7720 7715 7719
f 7720 7719 5488
f 7720 5488 7632
f 7720 7632 5588
f 5836 7720 5480
f 5480 7720 7709
f 7705 5481 7664
f 5480 7683 7707
f 5480 7689 5481
f 5481 7689 7706
f 5481 7706 7664
f 5480 7707 7689
f 7709 7683 5480
f 7705 7659 5481
f 5481 7659 7661
f 5481 7661 5835
f 5835 7720 5836
f 5835 7661 7720
f 7721 7682 5855
f 5855 7682 7591
f 7682 7721 7680
f 7680 7721 7722
f 5864 7681 7722
f 7722 7681 7680
f 7681 5864 7723
f 7681 7723 7606
f 7606 7723 5856
f 7606 5856 7607
f 7607 5856 5859
f 7607 5859 5871
f 7607 5871 7679
f 7679 5871 5870
f 7679 5870 7678
f 7678 5870 7724
f 7725 7677 7724
f 7724 7677 7678
f 7677 7725 5868
f 7677 5868 7726
f 7677 7726 7675
f 7675 7726 5867
f 7675 5867 7727
f 7675 7727 7592
f 7675 7592 7587
f 7666 7728 7729
f 7666 7729 7730
f 7666 7730 7674
f 7674 7730 7731
f 7674 7731 7732
f 7674 7732 7668
f 7668 7732 7733
f 7668 7733 7669
f 7669 7733 7734
f 7735 7670 7734
f 7734 7670 7669
f 7670 7735 7736
f 7670 7736 7737
f 7670 7737 7671
f 7671 7737 7738
f 7671 7738 7739
f 7671 7739 7673
f 7673 7739 7740
f 7673 7740 7665
f 7728 7666 7740
f 7740 7666 7665
f 7741 7687 5889
f 5889 7687 7575
f 7687 7741 5888
f 7687 5888 7742
f 7687 7742 7688
f 5877 7626 7742
f 7742 7626 7688
f 7626 5877 7609
f 7609 5877 5880
f 7609 5880 7610
f 7610 5880 5884
f 7610 5884 7684
f 7684 5884 5873
f 7684 5873 7743
f 5881 7685 7743
f 7743 7685 7684
f 7685 5881 5886
f 7685 5886 7686
f 7686 5886 7571
f 7571 5886 7577
f 7603 5903 7662
f 7662 5903 7744
f 7662 7744 5902
f 7662 5902 5911
f 7662 5911 7663
f 7663 5911 5910
f 7663 5910 7660
f 7745 7657 5910
f 5910 7657 7660
f 7657 7745 5896
f 7657 5896 7658
f 7658 5896 5905
f 7658 5905 5893
f 7658 5893 7656
f 5908 7644 7656
f 5908 7656 5893
f 7644 5908 5891
f 7644 5891 7645
f 7746 7646 5891
f 5891 7646 7645
f 7646 7746 5898
f 7646 5898 7643
f 7643 5898 7747
f 7643 7747 7599
f 7599 7747 5900
f 7690 7748 7749
f 7690 7749 7750
f 7690 7750 7627
f 7627 7750 7751
f 7627 7751 7752
f 7627 7752 7697
f 7697 7752 7753
f 7697 7753 7696
f 7696 7753 7754
f 7755 7695 7754
f 7754 7695 7696
f 7695 7755 7756
f 7695 7756 7694
f 7694 7756 7757
f 7694 7757 7758
f 7694 7758 7692
f 7692 7758 7759
f 7692 7759 7691
f 7691 7759 7760
f 7748 7690 7760
f 7760 7690 7691
f 7633 7761 7762
f 7633 7762 7642
f 7642 7762 7763
f 7642 7763 7764
f 7642 7764 7638
f 7638 7764 7765
f 7638 7765 7639
f 7639 7765 7766
f 7639 7766 7767
f 7639 7767 7641
f 7768 7605 7641
f 7768 7641 7767
f 7605 7768 7769
f 7605 7769 7635
f 7770 7636 7769
f 7769 7636 7635
f 7636 7770 7637
f 7637 7770 7771
f 7637 7771 7633
f 7633 7771 7761
f 7702 7772 7700
f 7700 7772 7773
f 7700 7773 7701
f 7701 7773 7774
f 7701 7774 7617
f 7617 7774 7775
f 7617 7775 7776
f 7617 7776 7703
f 7703 7776 7777
f 7703 7777 7699
f 7699 7777 7778
f 7699 7778 7779
f 7699 7779 7634
f 7634 7779 7780
f 7634 7780 7698
f 7698 7780 7781
f 7698 7781 7782
f 7698 7782 7702
f 7702 7782 7772
f 7630 7783 7784
f 7630 7784 7629
f 7629 7784 7785
f 7629 7785 7628
f 7628 7785 7624
f 7624 7785 7786
f 7624 7786 7787
f 7624 7787 7625
f 7625 7787 7788
f 7625 7788 7623
f 7623 7788 7789
f 7623 7789 7621
f 7621 7789 7790
f 7621 7790 7622
f 7622 7790 7791
f 7622 7791 7792
f 7622 7792 7630
f 7630 7792 7783
f 7652 7793 7794
f 7652 7794 7795
f 7652 7795 7653
f 7653 7795 7796
f 7653 7796 7704
f 7704 7796 7797
f 7798 7647 7704
f 7798 7704 7797
f 7647 7798 7648
f 7648 7798 7799
f 7800 7620 7799
f 7799 7620 7648
f 7620 7800 7801
f 7620 7801 7649
f 7649 7801 7650
f 7650 7801 7802
f 7650 7802 7803
f 7650 7803 7655
f 7655 7803 7804
f 7655 7804 7793
f 7655 7793 7652
f 7608 7805 7806
f 7608 7806 7614
f 7614 7806 7807
f 7808 7611 7807
f 7807 7611 7614
f 7611 7808 7612
f 7612 7808 7809
f 7612 7809 7619
f 7619 7809 7810
f 7619 7810 7811
f 7619 7811 7812
f 7619 7812 7618
f 7813 7615 7812
f 7812 7615 7618
f 7615 7813 7814
f 7615 7814 7616
f 7805 7608 7616
f 7805 7616 7814
f 7809 7806 7811
f 7811 7806 7814
f 7811 7814 7813
f 7807 7806 7808
f 7808 7806 7809
f 7802 7801 7800
f 7799 7798 7794
f 7794 7798 7797
f 7797 7795 7794
f 7799 7794 7804
f 7799 7804 7800
f 7800 7804 7802
f 7804 7803 7802
f 7783 7785 7784
f 7786 7792 7790
f 7785 7783 7786
f 7786 7783 7792
f 7786 7790 7788
f 7787 7786 7788
f 7780 7775 7774
f 7774 7773 7780
f 7780 7772 7781
f 7780 7779 7777
f 7780 7777 7775
f 7773 7772 7780
f 7761 7771 7770
f 7815 7764 7770
f 7770 7764 7761
f 7761 7764 7762
f 7764 7815 7767
f 7764 7767 7765
f 7748 7759 7755
f 7759 7757 7756
f 7756 7755 7759
f 7755 7754 7748
f 7748 7754 7752
f 7748 7752 7751
f 7751 7750 7748
f 7738 7736 7739
f 7733 7729 7736
f 7736 7729 7740
f 7736 7740 7739
f 7733 7731 7729
f 7733 7732 7731
f 7748 7760 7759
f 7750 7749 7748
f 7759 7758 7757
f 7754 7753 7752
f 5900 7747 5898
f 7598 5894 5897
f 5894 7597 5895
f 5901 5890 7593
f 7593 5890 5892
f 7593 5892 5907
f 7594 5907 5906
f 7594 5906 7595
f 7595 5906 5909
f 7595 5909 7596
f 7596 5909 5895
f 7596 5895 7597
f 7597 5894 7598
f 5891 5898 7746
f 7744 5903 5902
f 5910 5896 7745
f 7804 7794 7793
f 7796 7795 7797
f 7792 7791 7790
f 7790 7789 7788
f 5882 7576 7577
f 5882 5872 7576
f 5886 5882 7577
f 7580 5883 5879
f 7578 5872 5874
f 7578 5874 5885
f 7579 5885 5883
f 7579 5883 7580
f 7580 5879 7581
f 7581 5879 5878
f 5873 5881 7743
f 7741 5889 5888
f 5888 5877 7742
f 7586 7592 5866
f 5866 5869 7586
f 7727 5867 5866
f 5866 7592 7727
f 5860 5858 7582
f 7582 5858 5857
f 7582 5857 7583
f 7583 5857 5863
f 5863 5865 7585
f 7585 5865 7584
f 7726 5868 5867
f 5865 5853 7584
f 5870 5868 7724
f 7724 5868 7725
f 7721 5855 5854
f 5854 7722 7721
f 5856 7723 5864
f 5854 5864 7722
f 7728 7740 7729
f 7730 7729 7731
f 7738 7737 7736
f 7733 7736 7734
f 7734 7736 7735
f 7814 7806 7805
f 7811 7813 7812
f 7809 7811 7810
f 7776 7775 7777
f 7772 7782 7781
f 7779 7778 7777
f 7764 7763 7762
f 7815 7770 7769
f 7767 7766 7765
f 7815 7769 7768
f 7767 7815 7768
f 7816 7712 7714
f 7816 7714 7817
f 7817 7714 7718
f 7817 7718 7818
f 7818 7718 7717
f 7818 7717 7819
f 7819 7717 7716
f 7819 7716 7713
f 7819 7713 7820
f 7820 7713 7712
f 7820 7712 7816
f 7821 7822 7823
f 7824 7825 7826
f 7825 7827 7826
f 7824 7828 7825
f 7823 7822 7829
f 7830 7821 7823
f 7822 7831 7829
f 7829 7831 7832
f 7826 7827 7830
f 7830 7827 7821
f 7832 7831 7828
f 7832 7828 7824
f 7833 7834 7835
f 7836 7837 7838
f 7839 7840 7835
f 7839 7835 7834
f 7834 7833 7841
f 7841 7833 7842
f 7843 7838 7840
f 7843 7840 7839
f 7842 7844 7841
f 7841 7844 7845
f 7845 7844 7837
f 7845 7837 7836
f 7836 7838 7843
f 7846 7847 7848
f 7849 7850 7851
f 7851 7850 7852
f 7853 7854 7855
f 7848 7847 7849
f 7849 7847 7850
f 7856 7854 7857
f 7857 7854 7853
f 7851 7852 7856
f 7851 7856 7857
f 7855 7846 7858
f 7858 7846 7848
f 7853 7855 7858
f 7859 7860 7861
f 7862 7863 7864
f 7864 7863 7865
f 7860 7866 7861
f 7860 7867 7866
f 7866 7867 7862
f 7862 7867 7863
f 7868 7869 7859
f 7868 7859 7861
f 7870 7871 7872
f 7864 7865 7871
f 7864 7871 7870
f 7870 7872 7868
f 7868 7872 7869
f 7873 7874 7875
f 7876 7877 7878
f 7878 7877 7879
f 7879 7877 7880
f 7875 7874 7881
f 7881 7874 7882
f 7883 7884 7885
f 7885 7886 7883
f 7881 7882 7876
f 7881 7876 7878
f 7883 7887 7884
f 7887 7873 7884
f 7884 7873 7875
f 7879 7880 7885
f 7885 7880 7886
f 7888 7889 7890
f 7891 7892 7893
f 7893 7892 7894
f 7893 7894 7895
f 7893 7895 7896
f 7897 7898 7899
f 7899 7898 7900
f 7895 7897 7896
f 7896 7897 7899
f 7889 7888 7891
f 7891 7888 7892
f 7900 7898 7890
f 7900 7890 7889
f 7901 7902 7903
f 7904 7905 7906
f 7906 7905 7907
f 7908 7909 7903
f 7902 7901 7904
f 7904 7901 7905
f 7910 7911 7912
f 7908 7903 7902
f 7906 7907 7913
f 7913 7907 7914
f 7912 7911 7909
f 7912 7909 7908
f 7914 7910 7913
f 7913 7910 7912
f 7915 7916 7917
f 7918 7919 7915
f 7915 7919 7916
f 7920 7921 7922
f 7923 7924 7925
f 7925 7924 7926
f 7921 7920 7918
f 7918 7920 7919
f 7927 7928 7923
f 7927 7923 7925
f 7915 7917 7927
f 7927 7917 7928
f 7926 7924 7922
f 7926 7922 7921
f 7929 7930 7931
f 7930 7932 7933
f 7931 7934 7929
f 7935 7933 7932
f 7935 7936 7933
f 7932 7930 7929
f 7931 7937 7934
f 7938 7939 7936
f 7938 7936 7935
f 7940 7939 7941
f 7941 7939 7938
f 7934 7937 7940
f 7934 7940 7941
f 7942 7943 7944
f 7945 7946 7947
f 7948 7949 7944
f 7944 7949 7942
f 7946 7945 7948
f 7948 7945 7949
f 7950 7947 7951
f 7951 7947 7946
f 7952 7953 7954
f 7955 7953 7956
f 7943 7942 7957
f 7957 7942 7958
f 7956 7953 7952
f 7959 7955 7960
f 7960 7955 7956
f 7954 7953 7950
f 7954 7950 7951
f 7957 7958 7959
f 7957 7959 7960
f 7961 5748 5736
f 7961 5736 7962
f 7962 5736 5735
f 7962 5735 7963
f 7963 5735 5738
f 7963 5738 7964
f 7964 5738 5742
f 7964 5742 6052
f 7961 6039 5748
f 5748 6039 6055
f 5748 6055 5746
f 5746 6055 6054
f 5746 6054 6051
f 5746 6051 5743
f 5743 6051 6050
f 5743 6050 5741
f 5741 6050 6049
f 5741 6049 5742
f 5742 6049 6052
f 6048 5734 5728
f 6048 5728 7965
f 7965 5728 5727
f 7965 5727 7966
f 7966 5727 5721
f 7966 5721 7967
f 7967 5721 5723
f 7967 5723 6040
f 6048 6047 5734
f 5734 6047 6045
f 5734 6045 5730
f 5730 6045 6042
f 5730 6042 5731
f 5731 6042 6043
f 5731 6043 6044
f 5731 6044 5725
f 5725 6044 6041
f 5725 6041 5723
f 5723 6041 6040
f 5995 7821 5991
f 5991 7821 7827
f 5991 7827 5983
f 5983 7827 7825
f 5983 7825 5992
f 5992 7825 5993
f 5993 7825 7828
f 5993 7828 5989
f 5989 7828 7831
f 5989 7831 5990
f 5990 7831 7822
f 5990 7822 5986
f 5986 7822 5987
f 5987 7822 7821
f 5987 7821 5995
f 6007 7838 6005
f 6005 7838 7837
f 6005 7837 6002
f 6002 7837 7844
f 6002 7844 5997
f 5997 7844 7842
f 5997 7842 5998
f 5998 7842 7833
f 5998 7833 6000
f 6000 7833 7835
f 6000 7835 6001
f 6001 7835 7840
f 6001 7840 6004
f 6004 7840 7838
f 6004 7838 6007
f 6020 5814 5817
f 6020 5817 6014
f 6014 5817 5821
f 6014 5821 6013
f 6013 5821 6016
f 6016 5821 5819
f 6016 5819 6010
f 6010 5819 5811
f 6010 5811 6008
f 6008 5811 6012
f 6012 5811 5810
f 6012 5810 6017
f 6017 5810 6018
f 6018 5810 5815
f 6018 5815 6019
f 6019 5815 5814
f 6019 5814 6020
f 6032 5827 5830
f 6032 5830 6033
f 6033 5830 5832
f 6033 5832 6034
f 6034 5832 6029
f 6029 5832 5824
f 6029 5824 6030
f 6030 5824 6027
f 6027 5824 5823
f 6027 5823 6028
f 6028 5823 5834
f 6028 5834 6024
f 6024 5834 5828
f 6024 5828 6031
f 6031 5828 5827
f 6031 5827 6032
f 5975 5795 5977
f 5977 5795 5797
f 5977 5797 5978
f 5978 5797 5806
f 5978 5806 5979
f 5979 5806 5803
f 5979 5803 5982
f 5982 5803 5972
f 5972 5803 5802
f 5972 5802 5973
f 5973 5802 5799
f 5973 5799 5976
f 5976 5799 5798
f 5976 5798 5974
f 5974 5798 5807
f 5974 5807 5975
f 5975 5807 5795
f 5963 5786 5970
f 5970 5786 5785
f 5970 5785 5967
f 5967 5785 5794
f 5967 5794 5965
f 5965 5794 5966
f 5966 5794 5792
f 5966 5792 5969
f 5969 5792 5790
f 5969 5790 5960
f 5960 5790 5782
f 5960 5782 5961
f 5961 5782 5781
f 5961 5781 5962
f 5962 5781 5788
f 5962 5788 5963
f 5963 5788 5786
f 5958 7939 5957
f 5957 7939 7940
f 5957 7940 5950
f 5950 7940 7937
f 5950 7937 5953
f 5953 7937 7931
f 5953 7931 5954
f 5954 7931 5956
f 5956 7931 7930
f 5956 7930 5947
f 5947 7930 7933
f 5947 7933 5948
f 5948 7933 7936
f 5948 7936 5949
f 5949 7936 7939
f 5949 7939 5958
f 5939 7924 7923
f 5939 7923 5931
f 5931 7923 7928
f 5931 7928 5932
f 5932 7928 5924
f 5924 7928 7917
f 5924 7917 5922
f 5922 7917 7916
f 5922 7916 5938
f 5938 7916 7919
f 5938 7919 5935
f 5935 7919 7920
f 5935 7920 5934
f 5934 7920 7922
f 5934 7922 5937
f 5937 7922 7924
f 5937 7924 5944
f 5944 7924 5939
f 5928 7867 7860
f 5928 7860 7968
f 7968 7860 7859
f 7968 7859 7969
f 7969 7859 7869
f 7969 7869 7970
f 7970 7869 7872
f 7970 7872 5929
f 5928 5926 7867
f 7867 5926 7863
f 7863 5926 5936
f 7863 5936 5946
f 7863 5946 7865
f 7865 5946 5942
f 7865 5942 7871
f 7871 5942 5930
f 7871 5930 7872
f 7872 5930 5929
f 7971 7882 7874
f 7971 7874 7972
f 7972 7874 7873
f 7972 7873 7973
f 7973 7873 7887
f 7973 7887 7974
f 7974 7887 7883
f 7974 7883 5914
f 7971 5917 7882
f 7882 5917 7876
f 7876 5917 5916
f 7876 5916 7877
f 7877 5916 5921
f 7877 5921 7880
f 7880 5921 5920
f 7880 5920 7886
f 7886 5920 5912
f 7886 5912 7883
f 7883 5912 5914
f 6177 7898 6179
f 6179 7898 7897
f 6179 7897 6180
f 6180 7897 7895
f 6180 7895 6184
f 6184 7895 7894
f 6184 7894 6185
f 6185 7894 7892
f 6185 7892 6187
f 6187 7892 6186
f 6186 7892 7888
f 6186 7888 6182
f 6182 7888 6175
f 6175 7888 7890
f 6175 7890 6176
f 6176 7890 7898
f 6176 7898 6177
f 6195 7855 6196
f 6196 7855 7854
f 6196 7854 6198
f 6198 7854 6192
f 6192 7854 7856
f 6192 7856 7852
f 6192 7852 6193
f 6193 7852 6197
f 6197 7852 7850
f 6197 7850 6190
f 6190 7850 7847
f 6190 7847 6191
f 6191 7847 6194
f 6194 7847 7846
f 6194 7846 6181
f 6181 7846 7855
f 6181 7855 6195
f 6164 7942 7949
f 6168 7953 6159
f 6159 7953 7955
f 6159 7955 6160
f 6160 7955 7959
f 6160 7959 6169
f 6169 7959 6170
f 6170 7959 7958
f 6170 7958 6163
f 6163 7958 7942
f 6163 7942 6164
f 6164 7949 6167
f 6167 7949 7945
f 6167 7945 6171
f 6171 7945 7947
f 6171 7947 6173
f 6173 7947 7950
f 6173 7950 6172
f 6172 7950 7953
f 6172 7953 6168
f 6209 7911 6205
f 6205 7911 7910
f 6205 7910 6206
f 6206 7910 7914
f 6206 7914 6207
f 6207 7914 6203
f 6203 7914 7907
f 6203 7907 6204
f 6204 7907 7905
f 6204 7905 6199
f 6199 7905 7901
f 6199 7901 6200
f 6200 7901 6201
f 6201 7901 7903
f 6201 7903 6208
f 6208 7903 7909
f 6208 7909 6209
f 6209 7909 7911
f 5772 5780 6212
f 6212 5780 6213
f 6213 5780 5767
f 6213 5767 6214
f 6214 5767 5769
f 6214 5769 6220
f 6220 5769 5770
f 6220 5770 6221
f 6221 5770 5763
f 6221 5763 6219
f 5763 5766 6219
f 6219 5766 6215
f 6215 5766 5778
f 6215 5778 6216
f 6216 5778 6211
f 6211 5778 5773
f 6211 5773 6217
f 6217 5773 6218
f 6218 5773 5772
f 6218 5772 6212
f 6231 5749 5760
f 6231 5760 6229
f 6229 5760 6230
f 6230 5760 5759
f 6230 5759 6228
f 6228 5759 5752
f 6228 5752 6225
f 6225 5752 6224
f 6224 5752 5754
f 6224 5754 6222
f 6222 5754 5756
f 6222 5756 6223
f 6223 5756 6226
f 6226 5756 5750
f 6226 5750 6227
f 6227 5750 5749
f 6227 5749 6231
f 6146 5719 6148
f 6148 5719 5718
f 6148 5718 6152
f 6152 5718 5714
f 6152 5714 6154
f 6154 5714 5710
f 6154 5710 6155
f 6155 5710 6157
f 6157 5710 5708
f 6157 5708 6158
f 6158 5708 5712
f 6158 5712 6149
f 6149 5712 6150
f 6150 5712 5716
f 6150 5716 6145
f 6145 5716 5715
f 6145 5715 6146
f 6146 5715 5719
f 7975 7976 7943
f 7943 7976 7944
f 7976 7977 7944
f 7944 7977 7948
f 7977 7978 7948
f 7948 7978 7946
f 7978 7979 7946
f 7946 7979 7951
f 7979 7980 7951
f 7951 7980 7954
f 7980 7981 7954
f 7954 7981 7952
f 7981 7982 7952
f 7952 7982 7956
f 7982 7983 7956
f 7956 7983 7960
f 7983 7984 7960
f 7960 7984 7957
f 7984 7975 7957
f 7957 7975 7943
f 5649 5651 7982
f 5557 5560 7980
f 5557 7979 5555
f 5555 7979 7978
f 7981 5649 7982
f 5550 5553 7976
f 7976 5644 5646
f 5560 5550 5649
f 5644 7976 7975
f 7976 5553 7977
f 7977 5553 7978
f 7978 5553 5555
f 7983 5651 5641
f 7983 5641 7984
f 5641 5644 7984
f 7984 5644 7975
f 7982 5651 7983
f 7979 5557 7980
f 5560 5649 7981
f 5560 7981 7980
f 7976 5646 5550
f 5550 5646 5649
f 7985 7986 7929
f 7929 7986 7932
f 7986 7987 7932
f 7932 7987 7935
f 7987 7988 7935
f 7935 7988 7938
f 7988 7989 7938
f 7938 7989 7941
f 7989 7990 7941
f 7941 7990 7934
f 7990 7985 7934
f 7934 7985 7929
f 7986 7985 5637
f 5631 7989 7988
f 5631 7988 5640
f 5637 7987 7986
f 7987 5637 5639
f 5634 7990 5631
f 7985 5634 5637
f 7987 5639 7988
f 7988 5639 5640
f 7989 5631 7990
f 7990 5634 7985
f 7991 7992 7927
f 7927 7992 7915
f 7992 7993 7915
f 7915 7993 7918
f 7993 7994 7918
f 7918 7994 7921
f 7994 7995 7921
f 7921 7995 7926
f 7995 7996 7926
f 7926 7996 7925
f 7996 7991 7925
f 7925 7991 7927
f 5627 7993 5624
f 5624 7993 7992
f 7995 5630 5619
f 7995 5619 7996
f 5629 5630 7994
f 7994 5630 7995
f 5627 5629 7993
f 7993 5629 7994
f 5619 5622 7996
f 7991 5624 7992
f 7996 5622 7991
f 7991 5622 5624
f 7997 7998 7906
f 7906 7998 7904
f 7998 7999 7904
f 7904 7999 7902
f 7999 8000 7902
f 7902 8000 7908
f 8000 8001 7908
f 7908 8001 7912
f 8001 8002 7912
f 7912 8002 7913
f 8002 7997 7913
f 7913 7997 7906
f 7817 8002 7816
f 7817 7818 7997
f 7997 7818 7998
f 7818 7819 7998
f 7998 7819 7999
f 8001 7816 8002
f 8002 7817 7997
f 7999 7819 8000
f 8000 7819 7820
f 8000 7820 8001
f 8001 7820 7816
f 8003 8004 5833
f 5833 8004 5826
f 8004 8005 5826
f 5826 8005 5829
f 8005 8006 5829
f 5829 8006 5831
f 8006 8007 5831
f 5831 8007 5825
f 8007 8008 5825
f 5825 8008 5822
f 8008 8003 5822
f 5822 8003 5833
f 5525 8008 8007
f 5526 5517 8004
f 8004 5517 8005
f 8003 5526 8004
f 8008 5525 5526
f 8008 5526 8003
f 8005 5517 5520
f 8007 5522 5525
f 8005 5520 8006
f 5520 5522 8006
f 8006 5522 8007
f 8009 8010 5812
f 5812 8010 5809
f 8010 8011 5809
f 5809 8011 5813
f 8011 8012 5813
f 5813 8012 5816
f 8012 8013 5816
f 5816 8013 5820
f 8013 8014 5820
f 5820 8014 5818
f 8014 8009 5818
f 5818 8009 5812
f 5505 8012 8011
f 8009 5512 5514
f 8009 5514 8010
f 8012 5505 5508
f 8012 5508 8013
f 8014 5510 5512
f 8014 5512 8009
f 8011 5516 5505
f 8013 5508 5510
f 8013 5510 8014
f 8010 5514 5516
f 8010 5516 8011
f 8015 8016 7896
f 7896 8016 7893
f 8016 8017 7893
f 7893 8017 7891
f 8017 8018 7891
f 7891 8018 7889
f 8018 8019 7889
f 7889 8019 7900
f 8019 8020 7900
f 7900 8020 7899
f 8020 8015 7899
f 7899 8015 7896
f 5585 8020 8019
f 8017 5591 8018
f 8018 5591 5594
f 8018 5594 8019
f 8019 5594 5585
f 8020 5585 5587
f 8016 5590 8017
f 8017 5590 5591
f 8015 5587 5590
f 8015 5590 8016
f 8020 5587 8015
f 8021 8022 7879
f 7879 8022 7878
f 8022 8023 7878
f 7878 8023 7881
f 8023 8024 7881
f 7881 8024 7875
f 8024 8025 7875
f 7875 8025 7884
f 8025 8026 7884
f 7884 8026 7885
f 8026 8021 7885
f 7885 8021 7879
f 5595 5597 8025
f 5601 8022 8021
f 8023 5602 5605
f 5601 5602 8022
f 8023 5605 8024
f 8024 5605 5595
f 8024 5595 8025
f 8025 5597 8026
f 8022 5602 8023
f 8026 5599 8021
f 8021 5599 5601
f 5597 5599 8026
f 8027 8028 7870
f 7870 8028 7864
f 8028 8029 7864
f 7864 8029 7862
f 8029 8030 7862
f 7862 8030 7866
f 8030 8031 7866
f 7866 8031 7861
f 8031 8032 7861
f 7861 8032 7868
f 8032 8027 7868
f 7868 8027 7870
f 5618 5607 8031
f 8031 5607 8032
f 8032 5607 8027
f 5616 5618 8030
f 8030 5618 8031
f 8027 5607 5610
f 8028 5612 8029
f 8029 5612 5614
f 8029 5614 8030
f 8030 5614 5616
f 8027 5610 8028
f 5610 5612 8028
f 8033 8034 7853
f 7853 8034 7857
f 8034 8035 7857
f 7857 8035 7851
f 8035 8036 7851
f 7851 8036 7849
f 8036 8037 7849
f 7849 8037 7848
f 8037 8038 7848
f 7848 8038 7858
f 8038 8033 7858
f 7858 8033 7853
f 8036 5491 8037
f 5484 8033 8038
f 5491 5493 8037
f 8037 5493 8038
f 5493 5484 8038
f 8033 5484 5487
f 8034 5487 5489
f 8034 5489 8035
f 8035 5489 8036
f 8036 5489 5491
f 8033 5487 8034
f 8039 8040 5800
f 5800 8040 5808
f 8040 8041 5808
f 5808 8041 5796
f 8041 8042 5796
f 5796 8042 5805
f 8042 8043 5805
f 5805 8043 5804
f 8043 8044 5804
f 5804 8044 5801
f 8044 8039 5801
f 5801 8039 5800
f 5581 5582 8044
f 8044 5582 8039
f 8039 5582 5584
f 5584 8040 8039
f 8040 5584 5573
f 8040 5573 8041
f 8041 5573 5576
f 8041 5576 8042
f 8042 5576 5578
f 8043 5579 8044
f 8044 5579 5581
f 8042 5578 8043
f 8043 5578 5579
f 8045 8046 5789
f 5789 8046 5783
f 8046 8047 5783
f 5783 8047 5784
f 8047 8048 5784
f 5784 8048 5787
f 8048 8049 5787
f 5787 8049 5793
f 8049 8050 5793
f 5793 8050 5791
f 8050 8045 5791
f 5791 8045 5789
f 8045 5569 8046
f 8045 5568 5569
f 8047 5572 5561
f 8047 5561 8048
f 8046 5569 8047
f 8047 5569 5572
f 8048 5561 8049
f 8049 5561 5564
f 8049 5564 8050
f 8050 5564 5566
f 8050 5566 8045
f 8045 5566 5568
f 8051 8052 5775
f 5775 8052 5774
f 8052 8053 5774
f 5774 8053 5776
f 8053 8054 5776
f 5776 8054 5779
f 8054 8055 5779
f 5779 8055 5768
f 8055 8056 5768
f 5768 8056 5771
f 8056 8057 5771
f 5771 8057 5764
f 8057 8058 5764
f 5764 8058 5762
f 8058 8059 5762
f 5762 8059 5765
f 8059 8060 5765
f 5765 8060 5777
f 8060 8051 5777
f 5777 8051 5775
f 8057 5677 8058
f 8058 5677 5679
f 5494 5679 5681
f 5500 8051 8060
f 5500 8060 5498
f 5496 8058 5494
f 5494 8058 5679
f 8053 5683 8054
f 5683 5674 8055
f 8058 5496 8059
f 8059 5496 8060
f 8060 5496 5498
f 8054 5683 8055
f 8051 5500 5503
f 8051 5503 8052
f 5494 5681 5503
f 8052 5503 5681
f 8052 5681 8053
f 8053 5681 5683
f 5674 5677 8056
f 8056 5677 8057
f 8055 5674 8056
f 8061 8062 7841
f 7841 8062 7834
f 8062 8063 7834
f 7834 8063 7839
f 8063 8064 7839
f 7839 8064 7843
f 8064 8065 7843
f 7843 8065 7836
f 8065 8066 7836
f 7836 8066 7845
f 8066 8061 7845
f 7845 8061 7841
f 8062 5691 8063
f 8063 5691 5693
f 8062 5689 5691
f 5693 8064 8063
f 8064 5693 5685
f 8064 5685 8065
f 8065 5685 8066
f 8066 5685 5687
f 5687 5689 8061
f 8066 5687 8061
f 8061 5689 8062
f 8067 8068 7826
f 7826 8068 7824
f 8068 8069 7824
f 7824 8069 7832
f 8069 8070 7832
f 7832 8070 7829
f 8070 8071 7829
f 7829 8071 7823
f 8071 8072 7823
f 7823 8072 7830
f 8072 8067 7830
f 7830 8067 7826
f 5703 8069 5702
f 8070 5703 5705
f 5695 8071 5705
f 5705 8071 8070
f 8071 5695 8072
f 8072 5695 5697
f 8069 5703 8070
f 8068 5700 5702
f 8068 5702 8069
f 5697 5700 8067
f 8067 5700 8068
f 8072 5697 8067
f 8073 8074 5751
f 5751 8074 5761
f 8074 8075 5761
f 5761 8075 5758
f 8075 8076 5758
f 5758 8076 5753
f 8076 8077 5753
f 5753 8077 5755
f 8077 8078 5755
f 5755 8078 5757
f 8078 8073 5757
f 5757 8073 5751
f 5670 5672 8078
f 5668 8077 8076
f 8073 5672 5662
f 8078 5672 8073
f 8073 5662 8074
f 8074 5662 5664
f 5668 5670 8077
f 8077 5670 8078
f 8074 5664 8075
f 8075 5664 5666
f 8075 5666 8076
f 8076 5666 5668
f 8079 8080 5740
f 5740 8080 5744
f 8080 8081 5744
f 5744 8081 5745
f 8081 8082 5745
f 5745 8082 5747
f 8082 8083 5747
f 5747 8083 5737
f 8083 8084 5737
f 5737 8084 5739
f 8084 8079 5739
f 5739 8079 5740
f 8081 5530 8082
f 8079 5536 5538
f 8081 8080 5528
f 8081 5528 5530
f 5530 5532 8082
f 8079 5538 8080
f 5538 5528 8080
f 8083 5534 8084
f 8084 5534 5536
f 8084 5536 8079
f 8082 5532 5534
f 8082 5534 8083
f 8085 8086 5722
f 5722 8086 5724
f 8086 8087 5724
f 5724 8087 5732
f 8087 8088 5732
f 5732 8088 5729
f 8088 8089 5729
f 5729 8089 5733
f 8089 8090 5733
f 5733 8090 5726
f 8090 8085 5726
f 5726 8085 5722
f 8090 5545 8085
f 5539 8088 8087
f 5539 5541 8088
f 8085 5545 5547
f 8085 5547 8086
f 8086 5547 5548
f 8086 5548 8087
f 5548 5539 8087
f 8088 5541 8089
f 8089 5541 5543
f 8089 5543 8090
f 8090 5543 5545
f 8091 8092 5711
f 5711 8092 5717
f 8092 8093 5717
f 5717 8093 5720
f 8093 8094 5720
f 5720 8094 5713
f 8094 8095 5713
f 5713 8095 5709
f 8095 8096 5709
f 5709 8096 5707
f 8096 8091 5707
f 5707 8091 5711
f 5652 5655 8094
f 8095 5657 8096
f 8094 5655 8095
f 5655 5657 8095
f 8092 5661 8093
f 8093 5661 5652
f 5657 5660 8096
f 8096 5660 8091
f 8091 5660 5661
f 8091 5661 8092
f 8093 5652 8094
f 8097 8098 8099
f 8099 8098 8100
f 8099 8100 8101
f 8102 8098 8097
f 8103 8104 8105
f 8103 8105 8106
f 8107 8108 8109
f 8109 8108 8110
f 8109 8110 8104
f 8109 8104 8111
f 8111 8104 8103
f 5913 7974 5914
f 7974 5913 6070
f 5927 7968 8112
f 8112 7968 7969
f 7973 7969 7970
f 7973 7970 7972
f 7973 8112 7969
f 6070 7973 7974
f 5929 5917 7971
f 5929 7971 7970
f 7970 7971 7972
f 5927 5928 7968
f 7973 6070 8112
f 8112 6070 6069
f 8112 6069 6092
f 6092 6069 6079
f 6121 6120 6236
f 6236 6120 6174
f 6236 6174 6178
f 6040 6039 7961
f 6040 7961 7967
f 7967 7961 7962
f 7963 6066 7966
f 7963 7966 7962
f 7962 7966 7967
f 7963 7964 8113
f 6046 6048 7965
f 6046 7965 6066
f 6066 7965 7966
f 7963 8113 6066
f 6066 8113 6140
f 6066 6140 6067
f 6053 7964 6052
f 8113 7964 6053
f 6156 6151 7034
f 7034 6151 6138
f 7034 6138 6137
f 5836 5480 5482
f 5836 5482 5838
f 5838 5482 8114
f 5838 8114 7032
f 7032 8114 8115
f 7032 8115 5367
f 5367 8115 5358
f 5483 5481 5835
f 5835 5840 5483
f 5483 5840 8116
f 8116 5840 7033
f 8116 7033 8117
f 8117 7033 5177
f 8117 5177 5046
f 8118 7566 5326
f 8118 5326 8119
f 8119 5326 5358
f 5358 5326 5323
f 5323 5351 5358
f 8114 8120 8115
f 8120 8118 8119
f 8120 8119 8115
f 8115 8119 5358
f 6084 8121 8122
f 6084 8122 6082
f 6082 8122 8123
f 6082 8123 6083
f 6083 8123 8124
f 6083 8124 6080
f 6080 8124 8125
f 6080 8125 6081
f 6081 8125 8126
f 6081 8126 6087
f 6087 8126 5279
f 6087 5279 5286
f 6087 5286 6088
f 6088 5286 5292
f 6088 5292 6086
f 6086 5292 8127
f 6086 8127 5339
f 6086 5339 6084
f 6084 5339 8121
f 6095 8128 5291
f 6095 5291 6096
f 6096 5291 8129
f 6096 8129 6097
f 6097 8129 5360
f 6097 5360 6098
f 6098 5360 8130
f 6098 8130 6093
f 6093 8130 5359
f 6093 5359 6091
f 6091 5359 5361
f 6091 5361 6099
f 6099 5361 8131
f 6099 8131 6101
f 6101 8131 5352
f 6101 5352 6094
f 6094 5352 8132
f 6094 8132 6095
f 6095 8132 8128
f 6107 8133 8134
f 6107 8134 6103
f 6103 8134 8135
f 6103 8135 6102
f 6102 8135 8136
f 6102 8136 6104
f 6104 8136 8137
f 6104 8137 6108
f 6108 8137 8138
f 6108 8138 6109
f 6109 8138 8139
f 6109 8139 5356
f 6109 5356 6110
f 6110 5356 8140
f 6110 8140 6105
f 6105 8140 8141
f 6105 8141 6106
f 6106 8141 5357
f 6106 5357 8133
f 6106 8133 6107
f 6116 8142 8143
f 6116 8143 8144
f 6116 8144 6115
f 6115 8144 8145
f 6115 8145 6111
f 6111 8145 8146
f 6111 8146 8147
f 6111 8147 6112
f 6112 8147 8148
f 6112 8148 6113
f 6113 8148 8149
f 6113 8149 6118
f 6118 8149 5301
f 6118 5301 8150
f 6118 8150 6119
f 6119 8150 6117
f 6117 8150 5319
f 6117 5319 8142
f 6117 8142 6116
f 8151 8152 8153
f 5422 8151 8154
f 5422 8154 5423
f 5429 8155 8156
f 8151 5422 8157
f 5429 5428 8155
f 8157 5422 5429
f 8157 5429 8156
f 8158 5426 8159
f 8155 5428 8158
f 8158 5428 5426
f 5423 8159 5426
f 8159 5423 8154
f 8160 5412 5463
f 8161 5418 5416
f 8161 5416 8162
f 8162 5414 8163
f 5463 5412 8164
f 8164 5412 5420
f 5418 8161 8158
f 8162 5416 5414
f 8163 5414 8160
f 8160 5414 5412
f 8164 5420 8159
f 8159 5420 8158
f 8158 5420 5418
f 5445 8165 5446
f 5446 8165 8166
f 8167 8168 8169
f 5451 8160 5463
f 5451 5463 5461
f 5445 8167 8165
f 8160 5451 5448
f 8160 5448 8170
f 5446 8166 5448
f 5448 8166 8170
f 8167 5445 8168
f 8168 5445 5453
f 8168 5453 5451
f 8168 5451 5461
f 8151 8153 8154
f 8154 8153 8171
f 8154 5439 5476
f 5433 8172 8173
f 8172 5433 8174
f 5433 5442 8174
f 5439 8154 8171
f 5439 8171 5442
f 8173 8167 5434
f 8174 5442 8171
f 8167 8169 5434
f 5434 8169 5478
f 5434 5478 5437
f 8173 5434 5433
f 5476 5439 5478
f 5478 5439 5437
f 5329 8171 5330
f 5330 8171 8153
f 8152 5323 8153
f 8153 5323 5330
f 5323 8152 5324
f 5324 8152 8151
f 8171 5329 8174
f 8174 5329 5328
f 8174 5328 8172
f 8172 5328 8175
f 8172 8175 8173
f 8173 8175 8176
f 8173 8176 5331
f 8173 5331 8167
f 8167 5331 5333
f 8167 5333 8165
f 8165 5333 5332
f 8165 5332 8166
f 8166 5332 5334
f 8166 5334 8170
f 8170 5334 5335
f 8170 5335 5336
f 5336 8160 8170
f 8160 5336 8177
f 8160 8177 8163
f 8163 8177 5252
f 8163 5252 8162
f 5252 8178 8162
f 8162 8178 8161
f 8178 5251 8161
f 8161 5251 8158
f 5251 5262 8158
f 8158 5262 8155
f 5262 8179 8155
f 8179 8180 8155
f 8155 8180 8156
f 8180 5325 8156
f 8156 5325 8157
f 5325 8181 8157
f 5324 8151 8181
f 8181 8151 8157
f 5471 8154 5472
f 5456 8169 8168
f 5456 8168 5458
f 5458 8168 5460
f 5460 8168 5461
f 5463 8164 5464
f 5464 8164 5466
f 5466 8164 5467
f 5467 8164 8159
f 5467 8159 5469
f 5469 8159 5471
f 5471 8159 8154
f 5472 8154 5474
f 5474 8154 5476
f 5478 8169 5479
f 5479 8169 5456
f 5339 5342 8121
f 8121 5342 8122
f 5292 5293 8127
f 8127 5293 5339
f 5342 5363 8122
f 8122 5363 8123
f 8124 8123 5364
f 8124 5364 8125
f 8125 5364 5280
f 8125 5280 8126
f 8126 5280 5279
f 8123 5363 5364
f 8128 5354 5291
f 5361 5353 8131
f 8131 5353 5352
f 8132 5354 8128
f 8129 5291 5200
f 8129 5200 5360
f 8130 5360 5359
f 8132 5352 5354
f 8134 5312 8135
f 8135 5312 8136
f 8136 5296 8137
f 8137 5296 8138
f 8133 5349 8134
f 8134 5349 5312
f 5312 5296 8136
f 8138 5296 5350
f 8138 5350 8139
f 8139 5350 5356
f 5356 5355 8140
f 8140 5355 8141
f 8141 5355 5357
f 8133 5357 5349
f 5319 8182 8142
f 8145 5338 8146
f 8146 5338 8147
f 8182 5322 8142
f 8142 5322 8143
f 8143 5322 8144
f 8144 5322 5275
f 8144 5275 8145
f 8145 5275 5338
f 8147 5338 5300
f 8147 5300 8148
f 8148 5300 8149
f 5315 5319 8150
f 8150 5301 5315
f 5301 8149 5300
f 5319 5320 8182
f 8182 5320 5322
f 8179 5262 5271
f 5251 8178 5252
f 5252 8177 5336
f 5324 8181 5325
f 5325 8180 5271
f 8180 8179 5271
f 5331 8176 5327
f 8176 8175 5327
f 8175 5328 5327
f 5368 5371 8183
f 8184 5366 5369
f 8185 5366 8184
f 8183 5371 5370
f 8183 5370 8186
f 8186 5370 5366
f 8186 5366 8185
f 8185 8183 8186
f 5368 8187 5369
f 5369 8187 8188
f 5369 8188 8184
f 8184 8188 8189
f 8184 8189 8185
f 8185 8189 8190
f 8185 8190 8183
f 8183 8190 8191
f 8183 8191 5368
f 5368 8191 8187
f 8192 8193 5318
f 5318 8193 5320
f 8193 8194 5320
f 5320 8194 5321
f 5321 8194 5318
f 5318 8194 8192
f 8192 8194 8195
f 8193 8192 8195
f 8194 8193 8195
f 5310 8196 5317
f 8196 5318 5317
f 5318 8196 5310
f 5310 5314 5311
f 5316 8197 5314
f 5314 8197 5313
f 5313 8197 5316
f 8198 5347 8199
f 8199 5347 5344
f 8200 5347 8198
f 8200 5313 5347
f 8201 5313 8200
f 8202 5294 5313
f 8202 5313 8201
f 8202 5348 5294
f 8201 5345 5348
f 8201 5348 8202
f 8200 5345 8201
f 8200 5346 5345
f 8199 5344 8198
f 8198 5344 5346
f 8198 5346 8200
f 5409 5408 5407
f 5373 5372 8203
f 8204 5362 5376
f 8203 5372 8205
f 8205 5372 5362
f 8205 5362 8204
f 8204 8203 8205
f 5373 8206 5374
f 5374 8206 8207
f 5374 8207 5376
f 8204 5376 8208
f 8204 8208 8203
f 8203 8208 8209
f 8203 8209 5373
f 5373 8209 8206
f 8210 8211 5362
f 5362 8211 5383
f 5383 8211 5381
f 5381 8211 5384
f 8211 8212 5384
f 8212 8210 5384
f 5384 8210 5380
f 5380 8210 5362
f 8211 8210 8212
f 8213 8214 5380
f 5380 8214 5381
f 5381 8214 5382
f 5382 8214 5379
f 8214 8215 5379
f 8215 8213 5379
f 5379 8213 5380
f 8214 8213 8215
f 5377 8216 5385
f 8216 5303 5385
f 5303 8216 5377
f 5309 5302 8217
f 8218 5304 5308
f 8219 5304 8218
f 8217 5302 8220
f 8220 5302 5304
f 8220 5304 8219
f 8219 8217 8220
f 5309 8221 5308
f 5308 8221 8222
f 5308 8222 8218
f 8218 8222 8223
f 8218 8223 8219
f 8219 8223 8224
f 8219 8224 8217
f 8217 8224 8225
f 8217 8225 5309
f 5309 8225 8221
f 8226 5306 5307
f 8226 8227 5306
f 5306 8227 5305
f 8227 8226 5305
f 5305 8226 5307
f 5295 8228 5299
f 8228 5294 5299
f 5294 8228 5295
f 8229 5341 5340
f 8229 5340 8230
f 8229 8231 5341
f 5341 8231 5298
f 5298 8231 5290
f 8231 8229 5290
f 5290 8229 5343
f 8230 5340 5343
f 8230 5343 8229
f 5288 8232 5289
f 5289 8232 5290
f 5290 8232 5288
f 5285 5283 8233
f 8233 5284 5285
f 5284 8233 5283
f 8234 8235 5272
f 5272 8235 5403
f 8235 8236 5403
f 8236 5406 5403
f 8234 5405 8237
f 8237 5405 5406
f 8237 5406 8236
f 5405 8234 5404
f 5404 8234 5272
f 8236 8235 8238
f 8234 8237 8238
f 8235 8234 8238
f 5277 5276 8239
f 8240 5274 5273
f 8241 5274 8240
f 8239 5276 8242
f 8242 5276 5274
f 8242 5274 8241
f 8241 8239 8242
f 5277 8243 5273
f 5273 8243 8244
f 5273 8244 8240
f 8240 8244 8245
f 8240 8245 8241
f 8241 8245 8246
f 8241 8246 8239
f 8239 8246 8247
f 8239 8247 5277
f 5277 8247 8243
f 8190 8189 8188
f 8187 8191 8190
f 8187 8190 8188
f 8208 5376 8207
f 8206 8209 8208
f 8206 8208 8207
f 8224 8223 8222
f 8221 8225 8224
f 8221 8224 8222
f 8236 8238 8237
f 8246 8245 8244
f 8243 8247 8246
f 8243 8246 8244
f 8248 5259 5265
f 8248 5265 8249
f 8248 8250 5259
f 5259 8250 5257
f 8250 8251 5257
f 5257 8251 5246
f 8251 8252 5246
f 5246 8252 5244
f 8253 5264 5244
f 8253 5244 8252
f 8254 5245 5264
f 8254 5264 8253
f 8254 8255 5245
f 5245 8255 5253
f 8255 8256 5253
f 5253 8256 5250
f 8256 8257 5250
f 5250 8257 5263
f 8258 5269 5263
f 8258 5263 8257
f 8259 5270 5267
f 8259 5267 8260
f 8260 5267 5269
f 8260 5269 8258
f 8261 5268 8262
f 8262 5268 5270
f 8262 5270 8259
f 8263 5255 8264
f 8264 5255 5266
f 8264 5266 8261
f 8261 5266 5268
f 8263 8265 5255
f 5255 8265 5247
f 8265 8266 5247
f 5247 8266 5258
f 8266 8267 5258
f 5258 8267 5260
f 8249 5265 5260
f 8249 5260 8267
f 8251 8259 8252
f 8259 8248 8262
f 8251 8250 8259
f 8259 8250 8248
f 8266 8265 8267
f 8267 8265 8263
f 8267 8263 8264
f 8267 8264 8249
f 8249 8264 8261
f 8256 8255 8257
f 8257 8255 8254
f 8257 8254 8258
f 8258 8254 8253
f 8258 8253 8260
f 8248 8249 8262
f 8262 8249 8261
f 8260 8253 8252
f 8260 8252 8259
f 8268 5389 5388
f 8268 5388 8269
f 8270 5386 5390
f 8270 5390 8271
f 8271 5390 5389
f 8271 5389 8268
f 8272 5248 5386
f 8272 5386 8270
f 8273 5249 5248
f 8273 5248 8272
f 8274 5261 5249
f 8274 5249 8273
f 8275 5256 5261
f 8275 5261 8274
f 8276 5254 8277
f 8277 5254 5256
f 8277 5256 8275
f 8269 5388 8276
f 8276 5388 5254
f 8278 8268 8269
f 8278 8269 8276
f 8278 8276 8279
f 8279 8276 8280
f 8280 8276 8277
f 8280 8277 8275
f 8280 8275 8281
f 8281 8275 8274
f 8281 8274 8282
f 8282 8274 8283
f 8283 8274 8273
f 8283 8273 8284
f 8284 8273 8272
f 8284 8272 8285
f 8285 8272 8270
f 8285 8270 8286
f 8286 8270 8271
f 8286 8271 8268
f 8286 8268 8278
f 8284 8287 8288
f 8284 8288 8283
f 8283 8288 8289
f 8283 8289 8282
f 8282 8289 8290
f 8282 8290 8281
f 8281 8290 8291
f 8281 8291 8280
f 8280 8291 8292
f 8280 8292 8279
f 8279 8292 8293
f 8279 8293 8278
f 8278 8293 8294
f 8278 8294 8286
f 8286 8294 8295
f 8286 8295 8285
f 8285 8295 8296
f 8285 8296 8287
f 8285 8287 8284
f 5398 8297 5396
f 5396 8297 8298
f 8299 5401 5400
f 8299 5400 8300
f 8300 5400 5396
f 8300 5396 8298
f 8301 5402 5401
f 8301 5401 8299
f 8302 5399 5402
f 8302 5402 8301
f 8302 8303 5399
f 5399 8303 5397
f 5397 8303 5398
f 5398 8303 8304
f 8304 8305 5398
f 5398 8305 5237
f 8306 5236 8305
f 8305 5236 5237
f 8306 8307 5236
f 5236 8307 5393
f 8308 5394 5393
f 8308 5393 8307
f 8309 5395 5394
f 8309 5394 8308
f 8310 5391 5395
f 8310 5395 8309
f 8297 5398 5392
f 8297 5392 8311
f 8311 5392 5391
f 8311 5391 8310
f 8305 8304 8306
f 8306 8304 8303
f 8306 8303 8307
f 8298 8297 8300
f 8300 8297 8311
f 8300 8311 8299
f 8299 8311 8310
f 8303 8302 8307
f 8307 8302 8308
f 8308 8302 8301
f 8308 8301 8309
f 8309 8301 8299
f 8309 8299 8310
f 8312 8313 5241
f 5241 8313 5242
f 5242 8313 5243
f 5243 8313 8314
f 8314 8315 5243
f 5243 8315 5232
f 8316 5233 8315
f 8315 5233 5232
f 8317 5230 8316
f 8316 5230 5233
f 8318 5234 5230
f 8318 5230 8317
f 8319 5235 5234
f 8319 5234 8318
f 5235 8319 5238
f 5238 8319 8320
f 8320 8321 5238
f 5238 8321 5239
f 8312 5241 8321
f 8321 5241 5239
f 8312 8321 8320
f 8319 8322 8323
f 8320 8319 8312
f 8312 8319 8323
f 8312 8323 8313
f 8313 8323 8324
f 8314 8313 8315
f 8315 8313 8324
f 8315 8324 8316
f 8316 8324 8325
f 8316 8325 8326
f 8316 8326 8317
f 8317 8326 8327
f 8322 8319 8318
f 8322 8318 8327
f 8327 8318 8317
f 8323 8322 8328
f 8328 8322 8329
f 8324 8323 8330
f 8330 8323 8328
f 8325 8324 8331
f 8331 8324 8330
f 8325 8331 8332
f 8325 8332 8326
f 8326 8332 8333
f 8326 8333 8327
f 8327 8333 8329
f 8327 8329 8322
f 8334 8335 5222
f 5222 8335 5204
f 8336 5225 8335
f 8335 5225 5204
f 8336 8337 5225
f 5225 8337 5228
f 8337 8338 5228
f 5228 8338 5226
f 8338 8339 5226
f 5226 8339 5227
f 8339 8340 5227
f 5227 8340 5229
f 8340 8341 5229
f 5229 8341 5231
f 5231 8341 5223
f 5223 8341 8342
f 8342 8343 5223
f 5223 8343 5221
f 8344 5219 8343
f 8343 5219 5221
f 8344 8345 5219
f 5219 8345 5220
f 5220 8345 5222
f 5222 8345 8334
f 8344 8343 8342
f 8336 8335 8345
f 8345 8335 8334
f 8341 8340 8339
f 8337 8336 8338
f 8338 8336 8345
f 8338 8345 8339
f 8339 8345 8344
f 8339 8344 8341
f 8341 8344 8342
f 8346 5215 8347
f 8346 8348 5215
f 5215 8348 5212
f 8349 5207 5212
f 8349 5212 8348
f 8350 5208 5207
f 8350 5207 8349
f 8350 8351 5208
f 5208 8351 5205
f 8351 8352 5205
f 5205 8352 5203
f 8352 8353 5203
f 5203 8353 5214
f 8354 5213 5214
f 8354 5214 8353
f 8354 8355 5213
f 5213 8355 5209
f 8356 5210 5209
f 8356 5209 8355
f 8357 5217 5210
f 8357 5210 8356
f 8357 8358 5217
f 5217 8358 5218
f 5218 8358 5211
f 5211 8358 8359
f 8359 8347 5211
f 5211 8347 5216
f 8347 5215 5216
f 8359 8358 8347
f 8347 8358 8357
f 8352 8351 8353
f 8353 8351 8350
f 8353 8350 8349
f 8353 8349 8354
f 8347 8357 8356
f 8347 8356 8346
f 8346 8356 8355
f 8346 8355 8348
f 8349 8348 8354
f 8354 8348 8355
f 8295 8289 8288
f 8289 8295 8290
f 8290 8295 8294
f 8288 8287 8295
f 8295 8287 8296
f 8293 8292 8291
f 8293 8291 8294
f 8294 8291 8290
f 8331 8330 8328
f 8328 8329 8331
f 8331 8329 8333
f 8333 8332 8331
f 8360 5066 8361
f 8360 8362 5066
f 5066 8362 5063
f 8363 5064 5063
f 8363 5063 8362
f 8364 5197 5064
f 8364 5064 8363
f 5197 8364 8365
f 5197 8365 5067
f 8365 8366 5067
f 5067 8366 5068
f 5068 8366 5073
f 5073 8366 8367
f 8368 5074 5073
f 8368 5073 8367
f 8368 8369 5074
f 5074 8369 5070
f 8370 5071 5070
f 8370 5070 8369
f 8371 5072 5071
f 8371 5071 8370
f 8372 5062 8371
f 8371 5062 5072
f 8372 8373 5062
f 5062 8373 5060
f 5060 8373 5065
f 5065 8373 8374
f 8361 5066 5065
f 8361 5065 8374
f 8373 8372 8374
f 8374 8372 8371
f 8374 8371 8361
f 8366 8365 8367
f 8367 8365 8364
f 8367 8364 8363
f 8367 8363 8368
f 8361 8371 8370
f 8361 8370 8360
f 8360 8370 8369
f 8360 8369 8362
f 8363 8362 8368
f 8368 8362 8369
f 8375 8376 5043
f 5043 8376 5041
f 8377 5041 8376
f 8378 5050 5049
f 8378 5049 8377
f 8377 5049 5041
f 8379 5042 5050
f 8379 5050 8378
f 8379 8380 5042
f 5042 8380 5038
f 8380 8381 5038
f 5038 8381 5039
f 8381 8382 5039
f 5039 8382 5045
f 8383 5058 5045
f 8383 5045 8382
f 8384 5055 5054
f 8384 5054 8385
f 8385 5054 5058
f 8385 5058 8383
f 8386 5056 5055
f 8386 5055 8384
f 8387 5056 8386
f 8388 5057 8387
f 8387 5057 5056
f 8389 5048 5047
f 8389 5047 8388
f 8388 5047 5057
f 8389 8390 5048
f 5048 8390 5038
f 5038 8390 5051
f 8390 8391 5051
f 5051 8391 5053
f 8392 5059 5053
f 8392 5053 8391
f 8393 5052 5059
f 8393 5059 8392
f 8393 8375 5052
f 5052 8375 5043
f 8393 8392 8387
f 8393 8386 8375
f 8386 8393 8387
f 8386 8376 8375
f 8386 8377 8376
f 8392 8388 8387
f 8390 8389 8391
f 8382 8381 8380
f 8391 8389 8388
f 8391 8388 8392
f 8386 8384 8377
f 8377 8384 8385
f 8377 8385 8383
f 8377 8383 8378
f 8378 8383 8382
f 8378 8382 8379
f 8379 8382 8380
f 5086 8394 8395
f 5086 8395 5087
f 8395 8396 5087
f 5087 8396 5088
f 8396 8397 5088
f 5088 8397 5084
f 8397 8398 5084
f 5084 8398 5089
f 8399 5080 8398
f 8398 5080 5089
f 8400 5075 5080
f 8400 5080 8399
f 8401 5076 5075
f 8401 5075 8400
f 8401 8402 5076
f 5076 8402 5079
f 8402 8403 5079
f 5079 8403 5077
f 8403 8394 5077
f 5077 8394 5086
f 8394 8403 8402
f 8401 8404 8405
f 8402 8401 8394
f 8394 8401 8405
f 8394 8405 8395
f 8396 8395 8397
f 8397 8395 8398
f 8398 8395 8406
f 8398 8406 8407
f 8398 8407 8399
f 8404 8401 8400
f 8404 8400 8407
f 8407 8400 8399
f 8405 8404 8408
f 8408 8404 8409
f 8395 8405 8410
f 8410 8405 8408
f 8406 8395 8411
f 8411 8395 8410
f 8406 8411 8412
f 8406 8412 8407
f 8407 8412 8409
f 8407 8409 8404
f 8413 5092 5091
f 8413 5091 8414
f 8414 5091 5085
f 8413 8415 5092
f 5092 8415 5034
f 5034 8415 8416
f 5034 8416 5081
f 8416 8417 5081
f 5081 8417 5090
f 8418 5082 5090
f 8418 5090 8417
f 5082 8418 8419
f 5082 8419 5083
f 8419 8420 5083
f 5083 8420 5085
f 5085 8420 8414
f 8414 8420 8419
f 8419 8418 8414
f 8414 8418 8413
f 8417 8413 8418
f 8416 8415 8417
f 8417 8415 8413
f 8421 5036 5035
f 8421 5035 8422
f 8423 5037 5036
f 8423 5036 8424
f 8424 5036 8421
f 8425 5199 5037
f 8425 5037 8423
f 8426 5032 5199
f 8426 5199 8425
f 8427 5029 5033
f 8427 5033 5032
f 8427 5032 8426
f 8428 5030 5029
f 8428 5029 8427
f 8429 5027 8430
f 8430 5027 5030
f 8430 5030 8428
f 8422 5035 5028
f 8422 5028 8429
f 8429 5028 5027
f 8431 8421 8422
f 8431 8422 8429
f 8431 8429 8432
f 8432 8429 8430
f 8432 8430 8428
f 8432 8428 8433
f 8433 8428 8427
f 8433 8427 8434
f 8434 8427 8426
f 8434 8426 8435
f 8435 8426 8425
f 8435 8425 8436
f 8436 8425 8423
f 8436 8423 8437
f 8437 8423 8424
f 8437 8424 8421
f 8437 8421 8431
f 8435 8438 8439
f 8435 8439 8434
f 8434 8439 8440
f 8434 8440 8433
f 8433 8440 8441
f 8433 8441 8432
f 8432 8441 8442
f 8432 8442 8431
f 8431 8442 8443
f 8431 8443 8437
f 8437 8443 8444
f 8437 8444 8436
f 8436 8444 8445
f 8436 8445 8438
f 8436 8438 8435
f 8446 8447 5011
f 5011 8447 5013
f 8448 5013 8447
f 8449 5015 5014
f 8449 5014 8448
f 8448 5014 5013
f 8450 5012 5015
f 8450 5015 8449
f 8450 8451 5012
f 5012 8451 5010
f 5010 8451 8452
f 5010 8452 5025
f 8452 8453 5025
f 5025 8453 5024
f 8454 5018 5024
f 8454 5024 8453
f 8455 5020 5019
f 8455 5019 8456
f 8456 5019 5018
f 8456 5018 8454
f 8457 5021 5020
f 8457 5020 8455
f 8458 5016 8457
f 8457 5016 5021
f 8459 5016 8458
f 8460 5006 5005
f 8460 5005 8459
f 8459 5005 5016
f 8460 8461 5006
f 5006 8461 5010
f 5010 8461 5007
f 8461 8462 5007
f 5007 8462 5008
f 8463 5022 5008
f 8463 5008 8462
f 8464 5009 5022
f 8464 5022 8463
f 8464 8446 5009
f 5009 8446 5011
f 8464 8463 8458
f 8464 8457 8446
f 8457 8464 8458
f 8457 8447 8446
f 8457 8448 8447
f 8463 8459 8458
f 8461 8460 8462
f 8453 8452 8451
f 8462 8460 8459
f 8462 8459 8463
f 8457 8455 8448
f 8448 8455 8456
f 8448 8456 8454
f 8448 8454 8449
f 8449 8454 8453
f 8449 8453 8450
f 8450 8453 8451
f 8465 5099 5098
f 8465 5098 5094
f 8465 5094 8466
f 8467 5101 5099
f 8467 5099 8468
f 8468 5099 8465
f 8469 5198 5101
f 8469 5101 8467
f 8470 5095 5198
f 8470 5198 8469
f 8471 5096 5095
f 8471 5095 8470
f 8472 5097 5096
f 8472 5096 8471
f 8473 5093 8474
f 8474 5093 5097
f 8474 5097 8472
f 8466 5094 8473
f 8473 5094 5093
f 8475 8465 8466
f 8475 8466 8473
f 8475 8473 8476
f 8476 8473 8474
f 8476 8474 8472
f 8476 8472 8477
f 8477 8472 8471
f 8477 8471 8478
f 8478 8471 8470
f 8478 8470 8479
f 8479 8470 8469
f 8479 8469 8480
f 8480 8469 8467
f 8480 8467 8481
f 8481 8467 8468
f 8481 8468 8465
f 8481 8465 8475
f 8479 8482 8483
f 8479 8483 8478
f 8478 8483 8484
f 8478 8484 8477
f 8477 8484 8485
f 8477 8485 8476
f 8476 8485 8486
f 8476 8486 8475
f 8475 8486 8487
f 8475 8487 8481
f 8481 8487 8488
f 8481 8488 8480
f 8480 8488 8489
f 8480 8489 8482
f 8480 8482 8479
f 8490 8491 5110
f 5110 8491 5069
f 8491 8492 5069
f 5069 8492 5103
f 8492 8493 5103
f 5103 8493 5104
f 8493 8494 5104
f 5104 8494 5108
f 5108 8494 5107
f 5107 8494 8495
f 8495 8496 5107
f 5107 8496 5106
f 8496 8497 5106
f 5106 8497 4923
f 8497 8498 4923
f 4923 8498 5105
f 8498 8499 5105
f 5105 8499 5112
f 8499 8500 5112
f 5112 8500 5111
f 8501 5109 8500
f 8500 5109 5111
f 8501 8490 5109
f 5109 8490 5110
f 8500 8499 8498
f 8492 8491 8501
f 8501 8491 8490
f 8497 8496 8495
f 8493 8492 8494
f 8494 8492 8501
f 8494 8501 8495
f 8495 8501 8500
f 8495 8500 8497
f 8497 8500 8498
f 8502 4998 8503
f 8503 4998 4999
f 8502 8504 4998
f 4998 8504 5000
f 8504 8505 5000
f 5000 8505 5001
f 8505 8506 5001
f 5001 8506 5003
f 8507 5003 8506
f 8508 4926 8507
f 8507 4926 5003
f 8509 4990 4926
f 8509 4926 8508
f 8510 4991 4990
f 8510 4990 8509
f 8510 8511 4991
f 4991 8511 4993
f 4993 8511 4992
f 4992 8511 8512
f 8512 8503 4992
f 4992 8503 4999
f 8503 8512 8511
f 8510 8513 8514
f 8511 8510 8503
f 8503 8510 8514
f 8503 8514 8502
f 8502 8514 8515
f 8504 8502 8505
f 8505 8502 8515
f 8505 8515 8506
f 8506 8515 8516
f 8506 8516 8507
f 8507 8516 8517
f 8507 8517 8508
f 8508 8517 8518
f 8513 8510 8509
f 8513 8509 8518
f 8518 8509 8508
f 8514 8513 8519
f 8519 8513 8520
f 8515 8514 8521
f 8521 8514 8519
f 8516 8515 8522
f 8522 8515 8521
f 8516 8522 8523
f 8516 8523 8517
f 8517 8523 8524
f 8517 8524 8518
f 8518 8524 8520
f 8518 8520 8513
f 8525 8526 4977
f 4977 8526 4980
f 8527 4995 4983
f 8527 4983 8528
f 8528 4983 4980
f 8528 4980 8526
f 8529 4997 4995
f 8529 4995 8527
f 8530 4996 4997
f 8530 4997 8529
f 8531 4981 4996
f 8531 4996 8530
f 4981 8531 4982
f 4982 8531 8532
f 8532 8533 4982
f 4982 8533 4977
f 8533 8534 4977
f 4977 8534 4994
f 8534 8535 4994
f 4994 8535 4989
f 4989 8535 4988
f 4988 8535 8536
f 8537 4987 4988
f 8537 4988 8536
f 8538 4986 4987
f 8538 4987 8537
f 8539 4984 4986
f 8539 4986 8538
f 8525 4977 4979
f 8525 4979 8540
f 8540 4979 4984
f 8540 4984 8539
f 8534 8533 8535
f 8535 8533 8532
f 8535 8532 8536
f 8526 8525 8528
f 8528 8525 8540
f 8528 8540 8527
f 8527 8540 8539
f 8527 8539 8529
f 8532 8531 8536
f 8536 8531 8537
f 8537 8531 8530
f 8537 8530 8538
f 8538 8530 8529
f 8538 8529 8539
f 8541 4985 4919
f 8541 4919 8542
f 8543 5118 5119
f 8543 5119 8544
f 8544 5119 4985
f 8544 4985 8541
f 8545 5116 5118
f 8545 5118 8543
f 8546 5117 5116
f 8546 5116 8545
f 8547 5115 5117
f 8547 5117 8546
f 8548 5113 5115
f 8548 5115 8547
f 8549 4918 8550
f 8550 4918 5113
f 8550 5113 8548
f 8542 4919 8549
f 8549 4919 4918
f 8551 8541 8542
f 8551 8542 8549
f 8551 8549 8552
f 8552 8549 8553
f 8553 8549 8550
f 8553 8550 8548
f 8553 8548 8554
f 8554 8548 8547
f 8554 8547 8555
f 8555 8547 8556
f 8556 8547 8546
f 8556 8546 8557
f 8557 8546 8545
f 8557 8545 8558
f 8558 8545 8543
f 8558 8543 8559
f 8559 8543 8544
f 8559 8544 8541
f 8559 8541 8551
f 8557 8560 8561
f 8557 8561 8556
f 8556 8561 8562
f 8556 8562 8555
f 8555 8562 8563
f 8555 8563 8554
f 8554 8563 8564
f 8554 8564 8553
f 8553 8564 8565
f 8553 8565 8552
f 8552 8565 8566
f 8552 8566 8551
f 8551 8566 8567
f 8551 8567 8559
f 8559 8567 8568
f 8559 8568 8558
f 8558 8568 8569
f 8558 8569 8560
f 8558 8560 8557
f 8570 8571 5135
f 5135 8571 5123
f 8571 8572 5123
f 5123 8572 5130
f 8573 5131 5130
f 8573 5130 8572
f 8574 5132 5131
f 8574 5131 8573
f 8575 5124 5132
f 8575 5132 8574
f 8575 8576 5124
f 5124 8576 5120
f 5120 8576 8577
f 5120 8577 5136
f 8577 8578 5136
f 5136 8578 5134
f 8579 5133 5134
f 8579 5134 8578
f 8580 5129 5126
f 8580 5126 5125
f 8580 5125 8581
f 8581 5125 5133
f 8581 5133 8579
f 8582 5127 5129
f 8582 5129 8580
f 8583 5128 8582
f 8582 5128 5127
f 8583 8584 5128
f 5128 8584 5122
f 8584 8585 5122
f 5122 8585 5121
f 8585 8570 5121
f 5121 8570 5135
f 8571 8570 8582
f 8582 8570 8583
f 8582 8572 8571
f 8585 8584 8570
f 8570 8584 8583
f 8580 8573 8582
f 8582 8573 8572
f 8577 8576 8578
f 8578 8576 8575
f 8578 8575 8579
f 8579 8575 8574
f 8579 8574 8581
f 8581 8574 8580
f 8580 8574 8573
f 8586 8587 4920
f 4920 8587 5137
f 8588 5138 5137
f 8588 5137 8587
f 8588 8589 5138
f 5138 8589 5139
f 8589 8590 5139
f 5139 8590 5147
f 8590 8591 5147
f 5147 8591 5146
f 8592 5144 8591
f 8591 5144 5146
f 8592 8593 5144
f 5144 8593 4978
f 8593 8594 4978
f 4978 8594 5143
f 8594 8595 5143
f 5143 8595 5145
f 8596 5142 5145
f 8596 5145 8595
f 8597 5140 5142
f 8597 5142 8596
f 8597 8598 5140
f 5140 8598 5141
f 8598 8586 5141
f 5141 8586 4920
f 8590 8589 8591
f 8591 8589 8588
f 8596 8595 8588
f 8594 8593 8595
f 8595 8593 8592
f 8595 8592 8591
f 8588 8595 8591
f 8586 8598 8587
f 8587 8598 8597
f 8587 8597 8588
f 8588 8597 8596
f 8599 8600 5151
f 5151 8600 5149
f 8601 5149 8600
f 8602 5155 5154
f 8602 5154 8601
f 8601 5154 5149
f 8603 5150 5155
f 8603 5155 8602
f 8603 8604 5150
f 5150 8604 5148
f 8604 8605 5148
f 5148 8605 5152
f 8605 8606 5152
f 5152 8606 5153
f 8607 5165 5153
f 8607 5153 8606
f 8608 5162 5161
f 8608 5161 8609
f 8609 5161 5165
f 8609 5165 8607
f 8610 5164 5162
f 8610 5162 8608
f 8611 5163 8610
f 8610 5163 5164
f 8612 5163 8611
f 8613 5017 5160
f 8613 5160 8612
f 8612 5160 5163
f 8613 8614 5017
f 5017 8614 5148
f 5148 8614 5156
f 8614 8615 5156
f 5156 8615 5158
f 8616 5159 5158
f 8616 5158 8615
f 8617 5157 5159
f 8617 5159 8616
f 8617 8599 5157
f 5157 8599 5151
f 8617 8616 8611
f 8617 8610 8599
f 8610 8617 8611
f 8610 8600 8599
f 8610 8601 8600
f 8616 8612 8611
f 8614 8613 8615
f 8606 8605 8604
f 8615 8613 8612
f 8615 8612 8616
f 8610 8608 8601
f 8601 8608 8609
f 8601 8609 8607
f 8601 8607 8602
f 8602 8607 8606
f 8602 8606 8603
f 8603 8606 8604
f 8618 5167 5180
f 8618 5180 8619
f 8618 8620 5167
f 5167 8620 5171
f 8620 8621 5171
f 5171 8621 5175
f 8621 8622 5175
f 5175 8622 5173
f 8623 5181 5173
f 8623 5173 8622
f 8624 5174 5181
f 8624 5181 8623
f 8624 8625 5174
f 5174 8625 5176
f 8625 8626 5176
f 5176 8626 5178
f 8626 8627 5178
f 5178 8627 5179
f 8628 5182 5179
f 8628 5179 8627
f 8629 5185 5184
f 8629 5184 8630
f 8630 5184 5182
f 8630 5182 8628
f 8631 5183 8632
f 8632 5183 5185
f 8632 5185 8629
f 8633 5169 8634
f 8634 5169 5172
f 8634 5172 8631
f 8631 5172 5183
f 8633 8635 5169
f 5169 8635 5170
f 8635 8636 5170
f 5170 8636 5168
f 8636 8637 5168
f 5168 8637 5166
f 8619 5180 5166
f 8619 5166 8637
f 8621 8629 8622
f 8629 8618 8632
f 8621 8620 8629
f 8629 8620 8618
f 8636 8635 8637
f 8637 8635 8633
f 8637 8633 8634
f 8637 8634 8619
f 8619 8634 8631
f 8626 8625 8627
f 8627 8625 8624
f 8627 8624 8628
f 8628 8624 8623
f 8628 8623 8630
f 8618 8619 8632
f 8632 8619 8631
f 8630 8623 8622
f 8630 8622 8629
f 8411 8410 8408
f 8408 8409 8411
f 8411 8409 8412
f 8439 8444 8440
f 8440 8444 8443
f 8439 8438 8444
f 8444 8438 8445
f 8442 8441 8443
f 8443 8441 8440
f 8483 8488 8484
f 8484 8488 8487
f 8483 8482 8488
f 8488 8482 8489
f 8486 8485 8487
f 8487 8485 8484
f 8522 8521 8519
f 8519 8520 8522
f 8522 8520 8524
f 8524 8523 8522
f 8568 8562 8561
f 8562 8568 8563
f 8563 8568 8567
f 8561 8560 8568
f 8568 8560 8569
f 8566 8565 8564
f 8566 8564 8567
f 8567 8564 8563
f 8638 8639 4972
f 4972 8639 4943
f 8640 4945 4941
f 8640 4941 8639
f 8639 4941 4943
f 8640 8641 4945
f 4945 8641 5186
f 8638 4972 5186
f 8638 5186 8641
f 8639 8638 8640
f 8640 8638 8641
f 8642 8643 5187
f 5187 8643 4976
f 8644 4969 4976
f 8644 4976 8643
f 8644 8645 4969
f 4969 8645 5190
f 8642 5187 5190
f 8642 5190 8645
f 8643 8642 8644
f 8644 8642 8645
f 8646 8647 8648
f 8646 8648 8649
f 8649 8648 8650
f 8649 8650 8651
f 8651 8650 8652
f 8651 8652 8653
f 8653 8652 8654
f 8654 8652 8655
f 8654 8655 8647
f 8654 8647 8646
f 8656 4967 8657
f 8657 4967 4966
f 8657 4966 8658
f 8658 4966 4971
f 8658 4971 8659
f 8659 4971 4974
f 8659 4974 4973
f 8659 4973 8660
f 8660 4973 4975
f 8660 4975 8661
f 8661 4975 4970
f 8661 4970 8662
f 8662 4970 4967
f 8662 4967 8656
f 8650 8659 8652
f 8652 8659 8660
f 8652 8660 8661
f 8652 8661 8655
f 8655 8661 8662
f 8655 8662 8647
f 8647 8662 8656
f 8647 8656 8657
f 8647 8657 8648
f 8648 8657 8658
f 8648 8658 8650
f 8650 8658 8659
f 8654 8651 8653
f 8654 8649 8651
f 8646 8649 8654
f 8663 5193 5191
f 8663 5191 8664
f 8664 5191 5189
f 8664 5189 8665
f 8665 5189 5188
f 8665 5188 8666
f 8666 5188 5192
f 8666 5192 8667
f 8667 5192 5194
f 8667 5194 5195
f 8667 5195 8668
f 8668 5195 5196
f 8668 5196 8669
f 8669 5196 5193
f 8669 5193 8663
f 8666 8667 8668
f 8669 8665 8668
f 8668 8665 8666
f 8669 8664 8665
f 8663 8664 8669
f 8670 4963 4964
f 8670 4964 8671
f 8671 4964 4965
f 8671 4965 8672
f 8673 4961 4963
f 8673 4963 8670
f 8674 4958 4962
f 8674 4962 8675
f 8675 4962 4961
f 8675 4961 8673
f 8676 4959 4958
f 8676 4958 8674
f 8677 4952 4960
f 8677 4960 8678
f 8678 4960 4959
f 8678 4959 8676
f 8679 4953 4952
f 8679 4952 8677
f 8680 4955 4954
f 8680 4954 8681
f 8681 4954 4953
f 8681 4953 8679
f 8682 4956 4955
f 8682 4955 8680
f 8683 4950 8684
f 8684 4950 4957
f 8684 4957 8682
f 8682 4957 4956
f 8685 4948 4950
f 8685 4950 8683
f 8686 4942 8687
f 8687 4942 4951
f 8687 4951 8688
f 8688 4951 4948
f 8688 4948 8685
f 8689 4944 4942
f 8689 4942 8686
f 8690 4947 4946
f 8690 4946 8691
f 8691 4946 4944
f 8691 4944 8689
f 8692 4940 4947
f 8692 4947 8690
f 8693 4939 4937
f 8693 4937 8694
f 8694 4937 4936
f 8694 4936 8692
f 8692 4936 4940
f 8695 4934 4939
f 8695 4939 8693
f 8696 4933 4935
f 8696 4935 8697
f 8697 4935 4934
f 8697 4934 8695
f 8698 4932 4933
f 8698 4933 8696
f 8699 4925 4931
f 8699 4931 8700
f 8700 4931 4927
f 8700 4927 8698
f 8698 4927 4932
f 8701 4929 4925
f 8701 4925 8699
f 8702 4928 4930
f 8702 4930 8703
f 8703 4930 4929
f 8703 4929 8701
f 8704 4928 8702
f 8705 4921 4924
f 8705 4924 8706
f 8706 4924 4928
f 8706 4928 8704
f 8707 8708 8709
f 8707 8709 8710
f 8710 8709 8711
f 8710 8711 8712
f 8712 8711 8713
f 8712 8713 8714
f 8714 8713 8715
f 8715 8713 8716
f 8715 8716 8717
f 8717 8716 8718
f 8717 8718 8719
f 8719 8718 8720
f 8720 8718 8721
f 8720 8721 8722
f 8722 8721 8708
f 8722 8708 8707
f 8672 4965 4921
f 8672 4921 8705
f 8721 8718 8700
f 8699 8703 8701
f 8718 8699 8700
f 8718 8703 8699
f 8683 8684 8711
f 8688 8685 8683
f 8695 8693 8708
f 8718 8702 8703
f 8718 8704 8702
f 8684 8682 8711
f 8711 8682 8680
f 8680 8681 8711
f 8711 8681 8713
f 8709 8687 8711
f 8711 8687 8688
f 8686 8687 8709
f 8694 8692 8708
f 8708 8692 8690
f 8708 8693 8694
f 8697 8695 8708
f 8696 8697 8721
f 8721 8700 8698
f 8718 8706 8704
f 8716 8705 8706
f 8716 8706 8718
f 8671 8672 8705
f 8711 8688 8683
f 8709 8691 8686
f 8686 8691 8689
f 8721 8697 8708
f 8721 8698 8696
f 8716 8671 8705
f 8708 8690 8709
f 8709 8690 8691
f 8670 8671 8716
f 8674 8678 8676
f 8673 8670 8716
f 8716 8675 8673
f 8713 8678 8674
f 8713 8677 8678
f 8681 8679 8713
f 8713 8679 8677
f 8713 8674 8716
f 8716 8674 8675
f 8723 8715 8724
f 8724 8715 8717
f 8724 8717 8719
f 8724 8719 8725
f 8725 8719 8720
f 8725 8720 8726
f 8726 8720 8722
f 8726 8722 8707
f 8726 8707 8727
f 8727 8707 8728
f 8728 8707 8710
f 8728 8710 8712
f 8728 8712 8714
f 8728 8714 8723
f 8723 8714 8715
f 8729 8727 8730
f 8730 8727 8728
f 8730 8728 8731
f 8731 8728 8723
f 8731 8723 8732
f 8732 8723 8724
f 8732 8724 8733
f 8733 8724 8725
f 8733 8725 8734
f 8734 8725 8726
f 8734 8726 8735
f 8735 8726 8729
f 8729 8726 8727
f 8735 8729 8730
f 8730 8734 8735
f 8730 8733 8734
f 8730 8732 8733
f 8731 8732 8730
f 8736 8737 8738
f 8738 8737 8739
f 8740 8741 8736
f 8736 8741 8737
f 8739 8742 8738
f 8738 8742 8743
f 8744 8745 8746
f 8746 8745 8736
f 8736 8745 8747
f 8747 8740 8736
f 8748 8749 8750
f 8748 8750 8746
f 8746 8750 8744
f 8738 8743 8751
f 8738 8751 8748
f 8748 8751 8749
f 8752 8753 8754
f 8752 8754 8755
f 8752 8755 8756
f 8756 8755 8757
f 8756 8757 8758
f 8759 8760 8761
f 8759 8761 8753
f 8759 8753 8752
f 8759 8762 8760
f 8760 8762 8763
f 8764 8759 8752
f 8765 8766 8764
f 8764 8767 8762
f 8764 8766 8767
f 8762 8759 8764
f 8764 8756 8758
f 8764 8752 8756
f 8768 8757 8755
f 8768 8769 8770
f 8768 8755 8754
f 8768 8754 8753
f 8753 8761 8768
f 8768 8761 8771
f 8768 8771 8769
f 8772 8773 8774
f 8772 8774 8775
f 8774 8776 8775
f 8776 8774 8777
f 8776 8777 8778
f 8778 8777 8779
f 8778 8779 8780
f 8781 8782 8783
f 8781 8783 8784
f 8781 8784 8785
f 8783 8786 8784
f 8787 8780 8779
f 8787 8788 8789
f 8787 8789 8780
f 8782 8790 8791
f 8792 8786 8783
f 8793 8794 8792
f 8793 8792 8791
f 8791 8792 8783
f 8791 8783 8782
f 8789 8788 8795
f 8795 8788 8794
f 8794 8788 8796
f 8794 8796 8792
f 8792 8796 8786
f 8797 8798 8799
f 8799 8798 8800
f 8801 8802 8798
f 8801 8798 8797
f 8803 8804 8805
f 8803 8805 8806
f 8807 8802 8808
f 8809 8810 8811
f 8812 8813 8814
f 8804 8812 8814
f 8811 8815 8816
f 8808 8802 8801
f 8817 8811 8816
f 8808 8816 8815
f 8808 8815 8807
f 8804 8814 8818
f 8804 8818 8805
f 8819 8810 8809
f 8819 8809 8813
f 8813 8809 8820
f 8814 8813 8820
f 8814 8820 8818
f 8809 8811 8817
f 8821 8822 8823
f 8824 8773 8822
f 8825 8800 8824
f 8825 8824 8822
f 8826 8827 8822
f 8828 8829 8830
f 8828 8830 8825
f 8825 8830 8831
f 8825 8831 8800
f 8800 8831 8799
f 8822 8827 8823
f 8773 8772 8826
f 8773 8826 8822
f 8832 8833 8834
f 8834 8833 8835
f 8836 8832 8837
f 8838 8839 8836
f 8836 8839 8832
f 8822 8821 8840
f 8822 8840 8838
f 8838 8840 8839
f 8835 8841 8842
f 8842 8841 8821
f 8835 8833 8841
f 8832 8834 8837
f 8837 8834 8843
f 8843 8834 8844
f 8843 8844 8845
f 8843 8845 8846
f 8846 8845 8847
f 8846 8847 8848
f 8849 8850 8825
f 8825 8850 8828
f 8825 8851 8849
f 8849 8851 8852
f 8849 8852 8853
f 8854 8855 8853
f 8854 8853 8852
f 8855 8856 8857
f 8858 8828 8857
f 8856 8855 8854
f 8856 8854 8859
f 8856 8859 8860
f 8860 8859 8861
f 8859 8862 8861
f 8862 8863 8861
f 8863 8862 8864
f 8863 8864 8865
f 8866 8867 8868
f 8866 8868 8869
f 8870 8871 8868
f 8868 8871 8869
f 8872 8873 8874
f 8874 8873 8875
f 8876 8877 8875
f 8876 8875 8873
f 8878 8879 8874
f 8874 8879 8872
f 8877 8876 8880
f 8880 8876 8881
f 8882 8883 8884
f 8884 8883 8885
f 8884 8885 8866
f 8866 8885 8867
f 8880 8881 8886
f 8882 8884 8886
f 8882 8886 8881
f 8879 8878 8887
f 8888 8770 8889
f 8888 8785 8770
f 8765 8803 8890
f 8765 8890 8891
f 8770 8785 8768
f 8768 8785 8892
f 8768 8892 8764
f 8764 8892 8893
f 8764 8893 8765
f 8765 8893 8803
f 8889 8770 8891
f 8889 8891 8890
f 8890 8803 8894
f 8895 8896 8897
f 8897 8896 8898
f 8897 8898 8887
f 8894 8803 8806
f 8899 8900 8901
f 8901 8900 8902
f 8901 8902 8903
f 8901 8903 8904
f 8904 8903 8905
f 8888 8781 8785
f 8898 8906 8887
f 8887 8906 8879
f 8907 8908 8895
f 8895 8908 8896
f 8894 8806 8909
f 8909 8806 8910
f 8909 8910 8907
f 8907 8910 8908
f 8899 8871 8870
f 8903 8911 8905
f 8905 8911 8912
f 8912 8911 8913
f 8912 8913 8888
f 8888 8913 8781
f 8899 8870 8900
f 8914 8915 8909
f 8909 8915 8894
f 8909 8907 8916
f 8916 8907 8917
f 8878 8874 8918
f 8919 8887 8878
f 8918 8919 8878
f 8920 8869 8871
f 8871 8899 8921
f 8871 8921 8920
f 8922 8923 8912
f 8912 8923 8905
f 8912 8888 8924
f 8924 8888 8925
f 8926 8927 8928
f 8886 8929 8930
f 8930 8931 8886
f 8886 8931 8926
f 8886 8926 8880
f 8880 8926 8928
f 8930 8929 8932
f 8930 8932 8933
f 8933 8932 8934
f 8935 8936 8934
f 8934 8936 8933
f 8937 8938 8935
f 8935 8938 8936
f 8938 8937 8939
f 8937 8940 8939
f 8939 8940 8941
f 8941 8940 8942
f 8941 8942 8943
f 8943 8942 8944
f 8943 8944 8945
f 8945 8944 8946
f 8945 8946 8947
f 8948 8922 8947
f 8948 8947 8946
f 8922 8948 8923
f 8933 8931 8930
f 8933 8949 8931
f 8949 8933 8936
f 8949 8936 8950
f 8950 8936 8938
f 8950 8938 8951
f 8952 8953 8941
f 8941 8953 8939
f 8939 8953 8938
f 8938 8953 8951
f 8954 8955 8956
f 8941 8954 8952
f 8952 8954 8956
f 8924 8957 8955
f 8955 8957 8956
f 8924 8925 8957
f 8958 8959 8960
f 8959 8958 8961
f 8962 8963 8964
f 8964 8963 8965
f 8964 8965 8961
f 8961 8965 8959
f 8963 8962 8950
f 8950 8962 8966
f 8950 8966 8967
f 8950 8967 8949
f 8967 8931 8949
f 8926 8931 8967
f 8916 8917 8968
f 8968 8917 8969
f 8968 8969 8970
f 8969 8971 8970
f 8970 8971 8972
f 8972 8971 8973
f 8972 8973 8974
f 8974 8973 8975
f 8975 8973 8976
f 8975 8976 8977
f 8975 8977 8978
f 8978 8977 8979
f 8978 8979 8980
f 8980 8979 8927
f 8927 8979 8928
f 8981 8982 8914
f 8914 8982 8915
f 8983 8984 8982
f 8983 8982 8981
f 8984 8983 8985
f 8984 8985 8986
f 8986 8985 8974
f 8986 8974 8987
f 8987 8974 8988
f 8988 8974 8975
f 8978 8989 8975
f 8975 8989 8988
f 8927 8926 8967
f 8927 8967 8980
f 8980 8967 8966
f 8980 8966 8978
f 8978 8966 8989
f 8895 8990 8907
f 8907 8990 8917
f 8895 8991 8990
f 8897 8991 8895
f 8897 8992 8991
f 8992 8897 8887
f 8992 8887 8993
f 8887 8919 8993
f 8994 8973 8971
f 8995 8996 8997
f 8995 8997 8998
f 8999 9000 9001
f 9002 9003 9004
f 9005 8999 9006
f 9000 8999 9007
f 8928 8979 9008
f 9008 8979 9009
f 9008 9009 9010
f 9007 9010 9000
f 9011 9009 9004
f 9009 8979 8977
f 9004 9003 9011
f 9009 8977 9004
f 8918 9005 9012
f 8918 9012 8919
f 9005 9006 9012
f 9012 9006 9013
f 8999 9001 9006
f 9006 9001 9014
f 9006 9014 9013
f 9004 8977 8976
f 9004 8976 9002
f 9015 8976 8973
f 8973 8994 9015
f 9015 9016 9002
f 9002 9014 9003
f 8993 9013 8996
f 8996 9013 9017
f 8997 9017 9018
f 9015 8994 9016
f 9002 9016 9018
f 9002 9018 9014
f 9003 9014 9001
f 8993 8919 9012
f 8993 9012 9013
f 9017 9013 9014
f 9017 9014 9018
f 9001 9011 9003
f 9002 8976 9015
f 8969 8998 8994
f 8994 8998 9019
f 9019 8998 8997
f 8997 9018 9019
f 8971 8969 8994
f 8994 9019 9016
f 9016 9019 9018
f 9017 8997 8996
f 9010 9009 9011
f 9010 9011 9000
f 9000 9011 9001
f 8918 8874 9005
f 9005 8874 8875
f 9005 8875 8999
f 8999 8875 9007
f 9007 8875 8877
f 9007 8877 9010
f 9010 8877 9008
f 9008 8877 8880
f 9008 8880 8928
f 8992 8996 8995
f 8992 8993 8996
f 9020 8990 8991
f 8998 9020 8995
f 8991 8995 9020
f 8990 9020 8998
f 8990 8998 8969
f 8969 8917 8990
f 8995 8991 8992
f 8901 9021 8899
f 8899 9021 8921
f 9021 8901 9022
f 9022 8901 9023
f 9023 8901 8904
f 9023 8904 9024
f 8905 8923 9024
f 8905 9024 8904
f 9025 8946 9026
f 9027 9025 9026
f 9028 9022 9029
f 9029 9030 9031
f 9027 9029 9022
f 9030 9032 9033
f 9034 8937 8935
f 9031 9030 9033
f 9028 9031 9035
f 9035 9031 9036
f 9036 9037 9038
f 9039 8929 9040
f 9027 9041 9029
f 9029 9041 9030
f 9042 9032 9043
f 9043 9032 9044
f 9044 9041 9026
f 8946 8944 9026
f 9026 8944 9045
f 9045 8940 9043
f 9042 9033 9032
f 9041 9027 9026
f 9030 9041 9044
f 9030 9044 9032
f 9026 9045 9044
f 9044 9045 9043
f 9046 9047 9042
f 8944 8942 9045
f 9045 8942 8940
f 8940 8937 9043
f 9043 8937 9034
f 9043 9034 9042
f 9034 8935 8934
f 9038 8920 9048
f 9048 8920 9035
f 9035 8920 8921
f 8921 9028 9035
f 9035 9036 9048
f 9048 9036 9038
f 9028 9029 9031
f 9031 9033 9036
f 9036 9033 9047
f 9036 9047 9037
f 9046 9049 9047
f 9049 9046 9040
f 9042 9039 9046
f 9046 9039 9040
f 8932 8929 9039
f 8932 9039 8934
f 8934 9039 9034
f 9034 9039 9042
f 9033 9042 9047
f 9037 9047 9049
f 8869 8920 9038
f 8869 9038 8866
f 8866 9038 9037
f 8866 9037 9049
f 8866 9049 8884
f 8884 9049 9040
f 8884 9040 8929
f 8884 8929 8886
f 9028 8921 9021
f 9028 9021 9022
f 8948 8946 9025
f 9025 9027 9050
f 9024 9050 9023
f 9024 8923 9025
f 9024 9025 9050
f 9023 9050 9022
f 8923 8948 9025
f 9022 9050 9027
f 9051 8889 8890
f 9052 8894 8915
f 8894 9052 8890
f 8890 9052 9053
f 8890 9053 9051
f 9054 9052 8915
f 8984 9055 8982
f 8982 9055 9054
f 9056 9057 8960
f 9053 9056 9051
f 9053 9052 9054
f 8982 9054 8915
f 9058 9053 9054
f 9058 9054 9055
f 9055 8984 8986
f 8964 8987 8988
f 9059 8960 9057
f 9059 8958 8960
f 9057 9058 9059
f 8964 8988 8962
f 8962 8988 8989
f 8962 8989 8966
f 8987 8964 8961
f 8987 8961 8986
f 8986 8961 8958
f 8986 8958 9055
f 9055 8958 9059
f 9055 9059 9058
f 9053 9058 9057
f 9053 9057 9056
f 9060 8889 9051
f 8889 9060 8888
f 8888 9060 9061
f 8888 9061 8925
f 9056 9062 9063
f 9060 9051 9064
f 9064 9056 9063
f 9056 8960 9062
f 9061 9060 9064
f 9056 9064 9051
f 9065 9061 9064
f 9065 9064 9063
f 9063 9062 9066
f 9066 9062 8959
f 9066 8959 8953
f 8957 9065 8956
f 8956 9063 8952
f 8952 9066 8953
f 8951 8953 8963
f 8951 8963 8950
f 9062 8960 8959
f 8953 8959 8965
f 8965 8963 8953
f 9066 8952 9063
f 9063 8956 9065
f 9061 9065 8957
f 9061 8957 8925
f 8914 8909 8916
f 8974 8985 8972
f 8972 8985 8983
f 8972 8983 8970
f 8970 8983 8981
f 8970 8981 8968
f 8968 8981 8916
f 8981 8914 8916
f 8922 8912 8924
f 8947 8924 8955
f 8947 8955 8945
f 8945 8955 8954
f 8945 8954 8943
f 8943 8954 8941
f 8922 8924 8947
f 8805 9067 8806
f 8806 9067 8910
f 8908 8910 9068
f 9068 8910 9069
f 8879 8865 8864
f 8906 8865 8879
f 8848 8847 8870
f 9070 8900 8870
f 9070 8870 8847
f 9071 9072 8911
f 8911 9072 8913
f 8781 8913 8782
f 8782 8913 9073
f 9072 9071 9074
f 9072 9074 9075
f 9075 9074 9076
f 9075 9076 9077
f 9077 9076 9078
f 9078 9076 9079
f 9078 9079 9080
f 9080 9079 9081
f 9080 9081 9082
f 9082 9081 9083
f 9082 9083 9084
f 9084 9083 9085
f 9085 9083 9086
f 9085 9086 9087
f 9087 9086 8842
f 9087 8842 8823
f 8823 8842 8821
f 8823 8827 9088
f 9088 9087 8823
f 8776 9088 8775
f 9088 8776 9087
f 9087 8776 8778
f 9087 8778 9085
f 8778 8780 9085
f 9085 8780 9084
f 9084 8780 8789
f 9084 8789 9082
f 9082 8789 9080
f 9080 8789 8795
f 9080 8795 8794
f 9080 8794 9078
f 9078 8794 8793
f 9078 8793 9089
f 9089 8793 8791
f 9089 8791 8790
f 8790 8782 9073
f 8829 8828 8858
f 8829 8858 9090
f 8829 9090 9091
f 9091 9090 9092
f 9092 9090 9093
f 9092 9093 9094
f 9092 9094 9095
f 9095 9094 9096
f 9096 9094 9097
f 9096 9097 9098
f 9098 9097 9099
f 9098 9099 9100
f 9100 9099 9101
f 9100 9101 9102
f 9102 9101 9103
f 9102 9103 9104
f 9104 9103 9068
f 9104 9068 9069
f 8801 9091 9092
f 8829 9091 8797
f 9091 8801 8797
f 9100 8809 9098
f 9098 8809 8817
f 9098 8817 9096
f 9096 8817 9095
f 9095 8817 8816
f 9095 8816 9092
f 9092 8816 8808
f 9092 8808 8801
f 9105 8820 9100
f 9100 8820 8809
f 9067 8805 9106
f 9106 8805 8818
f 9106 8818 9105
f 9105 8818 8820
f 8797 9107 8829
f 9107 8830 8829
f 8898 9108 8906
f 8906 9108 8865
f 8898 9109 9108
f 8896 9110 9109
f 8896 9109 8898
f 9110 8896 9111
f 9111 8896 8908
f 9111 8908 9068
f 9099 9112 9101
f 9109 9113 9114
f 9109 9114 9108
f 9090 8858 9115
f 9115 8858 8856
f 9115 8856 9116
f 9116 8856 9117
f 8858 8857 8856
f 9093 9090 9118
f 9118 9090 9115
f 9118 9115 9119
f 9119 9115 9116
f 9119 9116 9117
f 9119 9117 9120
f 9120 9117 9121
f 8861 8863 9121
f 8860 8861 9117
f 9122 9113 9123
f 9123 9113 9109
f 9114 8865 9108
f 9124 9120 9125
f 8863 9126 9121
f 9121 9126 9127
f 9121 9127 9120
f 9122 9123 9112
f 9127 9113 9122
f 9099 9097 9128
f 9099 9128 9112
f 9112 9128 9129
f 9112 9129 9122
f 9125 9129 9130
f 9130 9129 9128
f 9130 9128 9131
f 9125 9127 9129
f 9129 9127 9122
f 9128 9097 9131
f 9131 9094 9118
f 9131 9118 9130
f 9130 9118 9124
f 9125 9120 9127
f 9126 8863 8865
f 9097 9094 9131
f 9125 9130 9124
f 9113 9127 9126
f 9113 9126 9114
f 9114 9126 8865
f 8856 8860 9117
f 9117 8861 9121
f 9094 9093 9118
f 9124 9118 9119
f 9124 9119 9120
f 9123 9132 9112
f 9112 9132 9101
f 9111 9132 9110
f 9103 9111 9068
f 9103 9132 9111
f 9103 9101 9132
f 9132 9123 9110
f 9110 9123 9109
f 9071 8911 9133
f 9133 8911 8903
f 9133 8903 9134
f 8903 9135 9134
f 8902 9136 9135
f 8902 9135 8903
f 9070 9136 8900
f 8900 9136 8902
f 9137 9138 9139
f 9140 9138 9136
f 9136 9138 9137
f 9141 9142 9139
f 9139 9142 9137
f 9076 9143 9144
f 9144 9143 9145
f 9144 9145 9141
f 9141 9145 9142
f 9146 9147 9148
f 9146 9148 9083
f 9083 9148 9086
f 9079 9149 9081
f 9141 9149 9079
f 9141 9079 9144
f 9144 9079 9076
f 9081 9149 9150
f 9150 9149 9151
f 9151 9149 9152
f 9152 9149 9139
f 9139 9149 9141
f 9152 9153 9151
f 9083 9150 9146
f 9146 9150 9151
f 9146 9151 9147
f 9147 9151 9153
f 9070 8847 9154
f 9155 9154 9156
f 9155 9156 9153
f 9138 9152 9139
f 9150 9083 9081
f 9070 9154 9155
f 9152 9155 9153
f 8842 9086 8835
f 8835 9086 9148
f 8835 9148 9157
f 9158 8844 8834
f 9158 8834 9157
f 9157 8834 8835
f 9154 8847 8845
f 9154 8845 9156
f 9156 8845 8844
f 9156 8844 9158
f 9140 9070 9155
f 9140 9155 9138
f 9138 9155 9152
f 9147 9153 9156
f 9156 9158 9147
f 9147 9158 9157
f 9147 9157 9148
f 9076 9074 9143
f 9070 9140 9136
f 9142 9145 9134
f 9133 9134 9145
f 9133 9145 9074
f 9143 9074 9145
f 9133 9074 9071
f 9137 9142 9134
f 9137 9134 9135
f 9137 9135 9136
f 8891 9159 8766
f 8891 8766 8765
f 8763 8767 8766
f 8763 8766 9159
f 8767 8763 8762
f 8770 8769 9160
f 8770 9160 9159
f 8770 9159 8891
f 8771 8761 8760
f 8769 8771 9161
f 8769 9161 9160
f 9161 8763 9160
f 9160 8763 9159
f 8760 8763 9161
f 8771 8760 9161
f 9069 8910 9067
f 9106 9105 9104
f 9106 9104 9067
f 9067 9104 9069
f 9102 9104 9105
f 9102 9105 9100
f 9073 8913 9072
f 9072 9075 9073
f 8790 9073 9075
f 8790 9075 9089
f 9089 9075 9077
f 9089 9077 9078
f 9162 9163 9164
f 9164 9163 9165
f 9165 9166 9167
f 9167 9166 9168
f 9162 9169 9163
f 9163 9169 9170
f 9167 9170 9171
f 9171 9172 9167
f 8799 8831 9172
f 9169 9173 9172
f 9172 9173 9174
f 9172 9174 8799
f 9175 9176 9177
f 9177 9176 9178
f 9179 9180 9181
f 9179 9181 9177
f 9182 9183 9184
f 9184 9183 8850
f 9184 8850 8849
f 9184 8849 8853
f 9185 8828 8850
f 9186 9187 8850
f 8850 9187 9185
f 9186 9182 9180
f 9180 9182 9175
f 9188 9189 9190
f 9190 9189 9191
f 9192 9193 9194
f 9192 9194 9195
f 9196 9197 8840
f 8840 9197 9190
f 8840 9190 8839
f 9190 8832 8839
f 8821 9198 8840
f 9199 9196 9198
f 9198 9196 8840
f 9188 9200 9193
f 9193 9200 9199
f 9201 9202 9203
f 9203 9202 9204
f 9205 9206 9207
f 9205 9207 9201
f 9208 9206 9209
f 9209 9206 9210
f 9208 9211 9212
f 9212 9211 9207
f 9211 9213 9214
f 9214 9213 9209
f 9214 9209 8772
f 8772 9209 8826
f 8812 8803 8893
f 8893 9215 9216
f 8893 9217 8812
f 8893 9216 9217
f 8812 9217 8811
f 8811 8819 8812
f 8892 9218 9219
f 8892 8787 9218
f 8787 8892 9220
f 9220 8892 8785
f 9220 8785 8784
f 8784 8786 8796
f 8796 9220 8784
f 8757 8768 8758
f 8758 8768 8764
f 9221 9222 8742
f 8742 9222 8743
f 9221 8742 8739
f 9221 8739 9223
f 9223 8739 8737
f 9223 8737 9224
f 9224 8737 9225
f 9225 8737 8741
f 9225 8741 8740
f 9225 8740 9226
f 8747 9227 8740
f 8740 9227 9226
f 9228 9229 9230
f 9229 9231 9230
f 8750 8749 9232
f 9232 8749 9233
f 9233 8749 8751
f 9233 8751 9231
f 8751 8743 9231
f 9231 8743 9222
f 9234 9235 9236
f 9234 9236 9237
f 9236 9238 9237
f 9237 9238 9239
f 9239 9238 9240
f 9239 9240 9222
f 9222 9240 9231
f 9235 9234 9241
f 9241 9234 9242
f 9241 9242 9243
f 9243 9242 9244
f 9227 8747 8745
f 8750 9245 8744
f 8744 9245 9246
f 8744 9246 8745
f 8745 9246 9229
f 8745 9229 9227
f 9227 9229 9247
f 9247 9229 9248
f 9247 9248 9249
f 9248 9250 9249
f 9243 9244 9250
f 9250 9244 9249
f 9228 9230 9251
f 9252 9251 9230
f 9251 9252 9253
f 9253 9252 9254
f 9254 9252 9235
f 9226 9249 9225
f 9237 9221 9223
f 9255 9224 9256
f 9237 9223 9255
f 9255 9223 9224
f 9225 9249 9256
f 9225 9256 9224
f 9190 9191 8832
f 8832 9191 8833
f 8841 8833 9191
f 8841 9191 9192
f 8841 9192 8821
f 8821 9192 9195
f 9209 9210 8826
f 8826 9210 8827
f 9201 8827 9205
f 8827 9201 9088
f 8827 9210 9205
f 9201 8775 9088
f 9201 9203 8775
f 8775 9203 8772
f 9177 9178 8853
f 9177 8853 8855
f 8857 8828 9179
f 8855 8857 9177
f 9177 8857 9179
f 8799 9164 9165
f 8799 9165 8797
f 9167 8831 8830
f 9167 9172 8831
f 9107 9167 8830
f 9107 8797 9165
f 9107 9165 9167
f 9231 9229 9233
f 9229 9246 9233
f 9233 9246 9232
f 9246 9245 9232
f 9232 9245 8750
f 8803 8812 8804
f 8819 8813 8812
f 8811 8810 8819
f 8811 9217 8815
f 8807 8815 9217
f 9220 8788 8787
f 8796 8788 9220
f 9216 8802 9217
f 9215 8800 9216
f 9216 8800 8798
f 9217 8802 8807
f 9216 8798 8802
f 8774 8773 9219
f 8777 8774 9218
f 9218 8779 8777
f 9218 8774 9219
f 9218 8787 8779
f 8738 8893 8892
f 8738 8892 8736
f 8738 8748 9215
f 8738 9215 8893
f 9219 8746 8892
f 8892 8746 8736
f 8748 8800 9215
f 8824 8746 9219
f 8773 8824 9219
f 8824 8800 8746
f 8746 8800 8748
f 8870 8868 8848
f 8837 8843 8885
f 8882 8838 8836
f 8883 8836 8837
f 8885 8843 8867
f 8867 8843 8846
f 8883 8837 8885
f 8846 8848 8868
f 8882 8836 8883
f 8867 8846 8868
f 8881 8851 8882
f 8825 8822 8851
f 8882 8851 8838
f 8838 8851 8822
f 8876 8852 8851
f 8852 8876 8854
f 8862 8872 8864
f 8851 8881 8876
f 8854 8876 8873
f 8854 8873 8859
f 8859 8873 8862
f 8862 8873 8872
f 8879 8864 8872
f 9221 9239 9222
f 9221 9237 9239
f 9234 9237 9255
f 9227 9247 9226
f 9247 9249 9226
f 9249 9244 9256
f 9244 9242 9256
f 9256 9242 9255
f 9242 9234 9255
f 9230 9231 9240
f 9236 9235 9252
f 9236 9252 9238
f 9252 9230 9240
f 9252 9240 9238
f 9228 9251 9229
f 9229 9251 9248
f 9253 9248 9251
f 9250 9248 9253
f 9253 9254 9250
f 9250 9254 9243
f 9241 9254 9235
f 9243 9254 9241
f 8821 9195 9198
f 9195 9194 9198
f 9194 9199 9198
f 9199 9200 9196
f 9189 9192 9191
f 9193 9192 9189
f 9193 9199 9194
f 9200 9188 9197
f 9200 9197 9196
f 9188 9190 9197
f 9189 9188 9193
f 9203 9214 8772
f 9202 9201 9207
f 9207 9211 9202
f 9202 9211 9204
f 9203 9204 9214
f 9214 9204 9211
f 9206 9205 9210
f 9212 9207 9206
f 9211 9208 9213
f 9213 9208 9209
f 9206 9208 9212
f 9170 9167 9168
f 9170 9169 9171
f 9172 9171 9169
f 9164 8799 9174
f 9166 9165 9163
f 9168 9166 9170
f 9170 9166 9163
f 9173 9169 9162
f 9174 9173 9162
f 9162 9164 9174
f 8853 9178 9184
f 9175 9177 9181
f 9175 9182 9176
f 9178 9176 9184
f 9184 9176 9182
f 9179 8828 9185
f 9180 9179 9187
f 9187 9179 9185
f 9180 9175 9181
f 9182 9186 9183
f 9186 8850 9183
f 9187 9186 9180
f 9257 9258 9259
f 9260 9261 9257
f 9257 9261 9262
f 9263 9264 9265
f 9257 9259 9266
f 9257 9266 9267
f 9267 9266 9268
f 9269 9264 9263
f 9269 9263 9258
f 9257 9267 9270
f 9258 9257 9269
f 9269 9257 9262
f 9271 6266 6265
f 9271 6265 6263
f 9271 6263 6282
f 9271 6282 6284
f 9271 6284 9272
f 9272 6284 9273
f 9272 9273 6297
f 9272 6297 6298
f 9272 6298 6323
f 9272 6323 6324
f 9272 6324 9274
f 9274 6324 6325
f 9274 6325 6318
f 9274 6318 9275
f 9274 9275 6329
f 9274 6329 6327
f 9274 6327 6328
f 9274 6328 6285
f 9274 6285 9276
f 9276 6285 6260
f 9276 6260 6261
f 9276 6261 6294
f 9276 6294 6295
f 9276 6295 6296
f 9276 6296 6303
f 9276 6303 6304
f 9276 6304 9277
f 9277 6304 6305
f 9277 6305 6259
f 9277 6259 6258
f 9277 6258 6256
f 9277 6256 9278
f 9278 6256 6270
f 9278 6270 6271
f 9278 6271 6272
f 9278 6272 6279
f 9278 6279 6280
f 9278 6280 6281
f 9278 6281 9271
f 9271 6281 6266
f 6305 6304 9279
f 9273 9280 6297
f 6297 9280 6298
f 6270 6256 9281
f 9281 6256 6258
f 9281 6258 9279
f 9279 6258 6259
f 9279 6259 6305
f 9275 6318 9282
f 9282 6318 6325
f 9282 6325 6324
f 9282 6324 9280
f 9280 6324 6323
f 9280 6323 6298
f 6266 9283 6265
f 6304 6303 9279
f 9279 6303 6296
f 9279 6296 9284
f 6296 6295 9284
f 9284 6295 6294
f 9284 6294 6261
f 9275 9282 6329
f 6265 9283 6263
f 6328 9284 6285
f 6282 9283 6284
f 6284 9283 9280
f 6284 9280 9273
f 6263 9283 6282
f 9283 6266 6281
f 6280 6279 9283
f 9283 6279 6272
f 9283 6272 9281
f 9281 6272 6271
f 9281 6271 6270
f 9284 6261 6260
f 6285 9284 6260
f 6329 9282 9284
f 6329 9284 6327
f 6327 9284 6328
f 6280 9283 6281
f 9285 9286 9287
f 9288 9289 9287
f 9287 9289 9290
f 9287 9290 9285
f 9286 9285 9291
f 9291 9285 9292
f 9291 9292 9293
f 9293 9292 9294
f 9293 9294 9295
f 9296 9295 9294
f 9297 9298 9295
f 9297 9295 9296
f 9299 9300 9301
f 9301 9300 9302
f 9301 9302 9297
f 9297 9302 9298
f 9300 9299 9270
f 9270 9299 9303
f 9270 9303 9304
f 9304 9303 9305
f 9290 9306 9307
f 9307 9306 9308
f 9265 9309 9310
f 9309 9265 9311
f 9268 9311 9265
f 9311 9268 9266
f 9311 9266 9312
f 9312 9266 9259
f 9312 9259 9313
f 9313 9259 9314
f 9314 9259 9258
f 9314 9258 9315
f 9315 9258 9263
f 9315 9263 9310
f 9310 9263 9265
f 9271 9312 9278
f 9278 9312 9313
f 9278 9313 9277
f 9277 9313 9314
f 9277 9314 9276
f 9276 9314 9315
f 9276 9315 9310
f 9276 9310 9274
f 9274 9310 9309
f 9274 9309 9272
f 9272 9309 9311
f 9272 9311 9271
f 9271 9311 9312
f 9257 9270 9316
f 9316 9270 9317
f 9316 9317 9318
f 9318 9317 9288
f 9318 9288 9262
f 9262 9288 9269
f 9262 9261 9318
f 9318 9261 9319
f 9320 9319 9260
f 9260 9319 9261
f 9316 9320 9257
f 9257 9320 9260
f 9318 9319 9316
f 9316 9319 9320
f 9317 9305 9321
f 9321 9305 9289
f 9280 9301 9297
f 9283 9299 9301
f 9283 9301 9280
f 9282 9280 9297
f 9282 9297 9296
f 9283 9281 9299
f 9299 9281 9303
f 9282 9296 9294
f 9282 9294 9292
f 9284 9292 9285
f 9282 9292 9284
f 9303 9281 9307
f 9279 9284 9285
f 9279 9285 9290
f 9281 9279 9290
f 9281 9290 9307
f 9305 9303 9307
f 9305 9307 9308
f 9306 9290 9289
f 9308 9306 9289
f 9308 9289 9305
f 9304 9305 9317
f 9304 9317 9270
f 9270 9267 9300
f 9302 9300 9267
f 9298 9302 9267
f 9267 9268 9298
f 9289 9288 9321
f 9317 9321 9288
f 9298 9268 9295
f 9265 9295 9268
f 9269 9288 9287
f 9265 9264 9293
f 9293 9264 9291
f 9293 9295 9265
f 9286 9291 9264
f 9287 9286 9264
f 9287 9264 9269
f 9322 9323 9324
f 9324 9323 9325
f 9326 9327 9328
f 9326 9329 9327
f 9324 9330 9331
f 9331 9330 9332
f 9333 9329 9326
f 9333 9326 9334
f 9333 9334 9335
f 9324 9331 9336
f 9324 9335 9337
f 9324 9337 9330
f 9335 9324 9333
f 9333 9324 9325
f 9338 6290 6326
f 9338 6326 6330
f 9338 6330 6301
f 9338 6301 9339
f 9339 6301 6308
f 9339 6308 9340
f 9339 9340 6309
f 9339 6309 6316
f 9339 6316 6315
f 9339 6315 6314
f 9339 6314 9341
f 9341 6314 6320
f 9341 6320 6317
f 9341 6317 9342
f 9341 9342 6312
f 9341 6312 6333
f 9341 6333 6291
f 9341 6291 9343
f 9341 9343 9344
f 9344 9343 6292
f 9344 6292 6293
f 9344 6293 9345
f 9344 9345 6268
f 9344 6268 6269
f 9344 6269 6276
f 9344 6276 6277
f 9344 6277 6278
f 9344 6278 9346
f 9346 6278 6299
f 9346 6299 6300
f 9346 6300 6306
f 9346 6306 6307
f 9346 6307 6286
f 9346 6286 6287
f 9346 6287 6288
f 9346 6288 6289
f 9346 6289 9338
f 9338 6289 6290
f 6277 6276 9347
f 9340 9348 6309
f 6309 9348 6316
f 6306 6300 9349
f 9349 6300 6299
f 9349 6299 9347
f 9347 6299 6278
f 9347 6278 6277
f 9342 6317 9350
f 9350 6317 6320
f 9350 6320 6314
f 9350 6314 9348
f 9348 6314 6315
f 9348 6315 6316
f 6290 9351 6326
f 6276 6269 9347
f 9347 6269 6268
f 9347 6268 9352
f 6268 9345 9352
f 9352 9345 6293
f 9352 6293 6292
f 9342 9350 6312
f 9351 9348 6326
f 6326 9348 6330
f 6301 9348 6308
f 6308 9348 9340
f 6330 9348 6301
f 9351 6290 6289
f 6288 6287 9351
f 9351 6287 6286
f 9351 6286 9349
f 9349 6286 6307
f 9349 6307 6306
f 9352 6292 9343
f 6291 9352 9343
f 6312 9350 9352
f 6312 9352 6333
f 6333 9352 6291
f 6288 9351 6289
f 9353 9354 9355
f 9356 9357 9355
f 9355 9357 9358
f 9355 9358 9353
f 9354 9353 9359
f 9354 9359 9360
f 9360 9359 9361
f 9360 9361 9362
f 9363 9364 9362
f 9363 9362 9361
f 9365 9366 9367
f 9365 9367 9368
f 9368 9367 9364
f 9368 9364 9363
f 9366 9365 9336
f 9336 9365 9369
f 9336 9369 9370
f 9370 9369 9371
f 9358 9372 9373
f 9373 9372 9371
f 9332 9374 9328
f 9374 9332 9375
f 9375 9332 9330
f 9375 9330 9376
f 9376 9330 9337
f 9376 9337 9377
f 9377 9337 9335
f 9377 9335 9378
f 9378 9335 9334
f 9378 9334 9379
f 9379 9334 9326
f 9379 9326 9380
f 9380 9326 9328
f 9380 9328 9374
f 9338 9375 9376
f 9338 9376 9346
f 9346 9376 9377
f 9346 9377 9378
f 9346 9378 9344
f 9344 9378 9379
f 9344 9379 9341
f 9341 9379 9380
f 9341 9380 9374
f 9341 9374 9339
f 9339 9374 9375
f 9339 9375 9338
f 9324 9336 9381
f 9381 9336 9370
f 9381 9370 9382
f 9382 9370 9356
f 9382 9356 9325
f 9325 9356 9333
f 9325 9323 9382
f 9382 9323 9383
f 9384 9383 9322
f 9322 9383 9323
f 9381 9384 9324
f 9324 9384 9322
f 9382 9383 9381
f 9381 9383 9384
f 9385 9386 9387
f 9387 9386 9372
f 9351 9365 9368
f 9351 9368 9348
f 9348 9368 9363
f 9350 9348 9363
f 9350 9363 9361
f 9351 9349 9365
f 9365 9349 9369
f 9350 9361 9359
f 9359 9353 9352
f 9350 9359 9352
f 9369 9349 9373
f 9347 9352 9353
f 9347 9353 9358
f 9349 9347 9358
f 9349 9358 9373
f 9371 9369 9373
f 9372 9358 9357
f 9371 9372 9386
f 9370 9371 9385
f 9385 9371 9386
f 9336 9331 9366
f 9331 9367 9366
f 9364 9367 9331
f 9331 9332 9364
f 9357 9356 9372
f 9372 9356 9387
f 9385 9387 9370
f 9370 9387 9356
f 9364 9332 9362
f 9328 9362 9332
f 9333 9356 9355
f 9360 9329 9354
f 9327 9362 9328
f 9360 9362 9327
f 9329 9360 9327
f 9355 9354 9329
f 9355 9329 9333
