room,sigma,error
0,0.0255666,0.007197006322075849
0,0.0305302,0.013672432117220294
0,0.0248893,0.0077841670074581685
0,0.0235603,0.0148781041803047
0,0.0238295,0.018574525565946576
0,0.0236453,0.002091243649123634
1,0.0217679,0.008178979153903716
1,0.0462572,0.03427983955621712
1,0.0405907,0.03418338814395083
1,0.0302921,0.019908235105101743
1,0.0287789,0.09576908269373802
1,0.0464998,0.01014749722838082
1,0.0377045,0.11098749479108
1,0.0221906,0.11021587635182153
1,0.0235313,0.008974653196642271
1,0.0231651,0.0028956001105128705
2,0.0319887,0.012781627439414685
2,0.0318522,0.02128507693197296
2,0.0271027,0.02672420954864707
2,0.0216356,0.0481078270554804
2,0.0227661,0.05012847194958176
2,0.0227661,0.12429779885420314
3,0.0251355,0.02569461032979475
3,0.0243169,0.016257539789279456
3,0.0263559,0.013009427350963441
3,0.0280444,0.01014601399565377
3,0.023949,0.014651964407546207
3,0.0243675,0.02805943871498492
4,0.0289957,0.027388999616634293
4,0.0223608,0.0023269078194032935
4,0.0228317,0.012728444523978725
4,0.0233526,0.018900404757570568
4,0.0276044,0.02018144258074731
4,0.0370876,0.031635094768310744
5,0.0236567,0.013371705201656345
5,0.0247951,0.03256389718691552
5,0.0235975,0.03551817800788782
5,0.0263075,0.018083717123423465
5,0.0284386,0.016046688131823268
5,0.0219816,0.020775093260922105
6,0.024178,0.006601098393449408
6,0.0240089,0.007532044875065367
6,0.0254004,0.007050028368737366
6,0.0295831,0.006951172562956615
6,0.0254906,0.010446247938853332
6,0.0243714,0.00978785471898734
7,0.0250687,0.01931473271883393
7,0.0235983,0.02933388654781372
7,0.0251391,0.027850883289403838
7,0.0336581,0.043586861552536466
7,0.0250825,0.04216463234750179
7,0.0220571,0.013376150268294624
7,0.0294354,0.03139183492566189
7,0.0277266,0.02733638783745975
7,0.0276651,0.005609848482802292
7,0.0238415,0.017814390250581177
8,0.0660232,0.008757739434351862
8,0.024736,0.0007324616030890749
8,0.0235877,0.007805927235120862
8,0.023355,0.010225634454643924
8,0.0406479,0.006100860595030812
8,0.0641732,0.007104568952441859
9,0.0258831,0.015230003282993813
9,0.02346,0.003104271251034572
9,0.0241533,0.01117099816489172
9,0.0269491,0.014090031937508275
9,0.0230239,0.006657236663962149
9,0.0258613,0.01152530155787702
10,0.0393483,0.02413006837951366
10,0.037956,0.025104983569005233
10,0.0280572,0.026014855851993934
10,0.0365816,0.018799902366768033
10,0.0216074,0.028710228115429635
10,0.024769,0.023596680639658023
10,0.0239546,0.03278688152295078
10,0.0235093,0.04082877539187282
10,0.0386027,0.02765176486230109
10,0.134919,0.025186006035098348
10,0.0908686,0.0005408326913198045
10,0.0343594,0.006316723834393726
11,0.0247145,0.046504289049505765
11,0.0277218,0.04148059425803849
11,0.0462708,0.2814527291677948
11,0.0340358,0.25637405511478734
11,0.0302833,0.09147469595467375
11,0.0309273,0.09058952367685796
11,0.021992,0.05307374832249931
11,0.0235745,0.07658693136560556
12,0.460649,0.13812200295391028
12,0.548035,0.11118130508318366
12,0.0544119,0.07544127215258233
12,0.0544119,0.03478803818843462
12,0.0217494,0.25451758642577144
12,0.0223279,0.3108038939588755
13,0.0212116,0.03221766596139364
13,0.0244188,0.04520743744119984
13,0.0312063,0.03740851507344308
13,0.0398967,0.03448188074917025
13,0.0371264,0.028340735699695762
13,0.0239002,0.014899107355812022
14,1.10204,0.49287657734974594
14,0.601517,0.505861187678992
14,0.0387401,0.0365616205877149
14,0.0260291,0.11107378853717033
14,0.0233884,0.023842661344740685
14,0.0223591,0.026317562577108045
15,0.03261,0.015141785363687637
15,0.0320825,0.019275977277430648
15,0.0438102,0.015194275237733227
15,0.056194,0.08398465157396295
15,0.0443338,0.0827661555226529
15,0.0262739,0.13645875567364732
15,0.0393593,0.008428961976424598
15,0.0330822,0.00925239968872926
15,0.0261245,0.013892069680216364
15,0.0238212,0.012875404032494944
16,0.0241678,0.028573151733752432
16,0.0223615,0.031668912201084906
16,0.0560385,0.02501198034942458
16,0.046459,0.022777682586251218
16,0.0230213,0.018275396028540995
16,0.0232945,0.014984845678218381
17,0.0225218,0.00394005076109474
17,0.0240844,0.011587760784551718
17,0.0292452,0.012313220537292661
17,0.39814,0.15713373444299
17,0.641235,0.16019174760267765
17,0.0222578,0.00796900244698203
18,0.0226765,0.03506652107067324
18,0.0232089,0.01860006720417977
18,0.021935,0.012537336240206622
18,0.024219,0.02691727512212175
18,0.0430872,0.018697660843003863
18,0.0393857,0.02384877290344304
18,0.0236048,0.014440848313032125
18,0.0237736,0.018947815177481758
19,0.0222946,0.26465116209833667
19,0.0243682,0.027876961814373064
19,0.0494565,0.19315513816619018
19,0.0537135,0.1652979422134463
19,0.023676,0.013951872311629037
19,0.0219814,0.10418279072903529
20,0.0240571,0.008829631928908614
20,0.0413125,0.00763319068280115
20,0.0312452,0.005603936116695141
20,0.0251896,0.0021586338272157543
20,0.0249682,0.005989407316254242
20,0.02186,0.010225771364547607
21,0.0279644,0.1069864295132797
21,0.0236691,0.09293340034669996
21,0.0365452,0.04977763051813519
21,0.0457332,0.07257785957163483
21,0.0307375,0.06792559532311802
21,0.0245505,0.007515131402710035
21,0.0250323,0.005047900553695639
21,0.0243661,0.01418733590213485
21,0.045749,0.02913113401500189
21,0.0485265,0.054724867886181305
22,0.0278909,0.18019001748154642
22,0.0226326,0.003723895809498747
22,0.0225416,0.004766273596847193
22,0.0417791,0.0049063816606539174
22,0.0892531,0.030483059229677086
22,0.0998738,0.02909660117608251
23,0.0309636,0.007655984587236461
23,0.0465238,0.0069025850954551405
23,0.0326015,0.001538669555167714
23,0.0247784,0.007924291766460888
23,0.0249702,0.010041937064132554
23,0.0217672,0.008413518883321027
24,0.030395,0.005775205624045036
24,0.0292331,0.004240366611508908
24,0.022885,0.006076454558375325
24,0.0241244,0.007640549718443007
24,0.0238188,0.008247502652318457
24,0.0233518,0.006199258020118259
25,0.0244952,0.0073586751524986034
25,0.0236513,0.01620765251355047
25,0.0229498,0.024502124397692417
25,0.024137,0.01686075027986611
25,0.0226462,0.011361856758470682
25,0.0228956,0.015540200416982805
26,0.0236277,0.01443504762721622
26,0.0222508,0.012590853823311507
26,0.0234686,0.02524603929332266
26,0.0257245,0.01876439447464287
26,0.0231858,0.014223002495957034
26,0.0228586,0.02294297225731671
27,0.027078,0.007583587541526737
27,0.0478689,0.004465792202957826
27,0.0377229,0.0019096764123800857
27,0.023239,0.0033141552468163604
27,0.0220422,0.004804268935020203
27,0.0237299,0.007340435954355726
28,0.0230496,0.01427861019147165
28,0.0232388,0.014821109944940007
28,0.0222425,0.012597924432222948
28,0.0236173,0.012296544229985636
28,0.0263458,0.013070137719244061
28,0.0236646,0.012736234961714386
29,0.0239479,0.01984452065432662
29,0.024437,0.006309239256835938
29,0.0227097,0.0004330773602948288
29,0.0246914,0.008759660724023446
29,0.0234061,0.00813204156408479
29,0.0225009,0.01719102672908144
30,0.021881,0.007630268671547591
30,0.0353222,0.00883249115482109
30,0.184973,0.007953144032394012
30,0.104052,0.007374618634207717
30,0.0243745,0.007606115960199204
30,0.0238678,0.006832759325484734
31,0.0267105,0.009467692432689306
31,0.0234769,0.00919256221083119
31,0.0258453,0.009506555632825264
31,0.0229702,0.007908501754441041
31,0.0221225,0.005938222292908876
31,0.0264995,0.008254426751749686
32,0.0239986,0.033579901727075145
32,0.0243711,0.06241444143785941
32,0.0211647,0.059458852999364424
32,0.0263071,0.04676839317316763
32,0.0267168,0.03473164119358596
32,0.0230448,0.024535284795575454
32,0.02664,0.032115404403494544
32,0.0322773,0.00987774265710451
32,0.0685237,0.00805313603511135
32,0.0363774,0.025359432170299352
33,0.0235507,0.025368532358218572
33,0.0222729,0.010404934214592668
33,0.0308504,0.02601631730299296
33,0.0572498,0.023482988566406945
33,0.0347138,0.007270012380319587
33,0.0227031,0.024540038019734336
34,0.0224253,0.02190039497360743
34,0.0224083,0.017588430856673727
34,0.0238599,0.008083940870639652
34,0.0288507,0.013157324956084742
34,0.0410252,0.009284063819254949
34,0.0408424,0.01461969219922234
35,0.0397551,0.011358824763152128
35,0.447257,0.08827860669494061
35,0.307932,0.09256719291412052
35,0.0228954,0.024160046047141902
35,0.0238575,0.026085126029980883
35,0.0229961,0.0077073730933436505
36,0.0223401,0.006931413997157731
36,0.0355418,0.008118897708433144
36,0.0479135,0.008591885706874925
36,0.0310885,0.006565972890593178
36,0.0390186,0.005748366376632588
36,0.0339544,0.005248970946766768
36,0.0246385,0.004463462781294546
36,0.0232939,0.005787028598512146
37,0.0246182,0.003739050681656163
37,0.0234136,0.005831294881928739
37,0.415634,0.015908802594789967
37,0.495757,0.010656922632730317
37,0.0325444,0.015967269647626008
37,0.0241834,0.011567079536339364
37,0.0241953,0.006765279003854804
37,0.0272621,0.014830202291269917
38,0.647699,0.07892187592803387
38,0.0362726,0.07626105755888755
38,1.24516,0.04872816586944365
38,1.13206,0.0442999447968054
38,0.0412145,0.009203396112305369
38,0.0213972,0.017167099347298154
38,0.0234314,0.029030192903251897
38,0.483245,0.07427504897339345
39,0.0270011,0.008558636351948694
39,0.0235736,0.007399863607181994
39,0.0235451,0.008475103574877301
39,0.0238702,0.010011071801006086
39,0.0220154,0.007472649723150663
39,0.0273525,0.0068571525843385845
40,0.0234357,0.007462794382803138
40,0.0220443,0.007592127501564043
40,0.0389765,0.01083573716920099
40,0.0402698,0.016255168531885463
40,0.027815,0.01156323920880294
40,0.0232944,0.0069343564950182165
41,0.0231111,0.0071693374868254875
41,0.0249616,0.006892807845863732
41,0.0275848,0.013549059044819373
41,0.0239667,0.014426320702105545
41,0.0239873,0.00767475081028703
41,0.0226719,0.005594220231632067
42,0.0233046,0.006622174869330988
42,0.0222634,0.0035039549083855145
42,0.0356927,0.0039019724499283447
42,0.0474695,0.0060313942003489655
42,0.0350594,0.0075724302571897805
42,0.0230917,0.0077499032252024485
43,0.0222634,0.010316128149650099
43,0.02355,0.007938570400267247
43,0.673817,0.09669152703313763
43,0.457389,0.09752944683530199
43,0.0234122,0.006350787352761554
43,0.022714,0.007755049967601655
44,0.0228923,0.009539627875341253
44,0.0239567,0.007955482386379215
44,0.0243176,0.008635259173875849
44,0.0580584,0.008060533232981549
44,0.0809572,0.010239435335994184
44,0.0310524,0.00751698909138518
44,0.0232912,0.01559597643624788
44,0.0224215,0.018012363226406383
44,0.0283652,0.014402503254642582
44,0.0263156,0.015141614841224697
45,0.0237283,0.024811940673796645
45,0.0349855,0.016781540453724732
45,0.0291192,0.013613559416992932
45,0.0233264,0.006995805886386491
45,0.023011,0.00718149009607368
45,0.0258904,0.014100026985789821
45,0.0237002,0.009319668663638396
45,0.0261264,0.01985326484485658
46,0.0246922,0.014868923969138097
46,0.0290174,0.014340421890586489
46,0.0234163,0.06600194645614639
46,0.0234163,0.015340550837567997
46,0.0226784,0.011326438098537691
46,0.0246197,0.011464466843251066
47,0.0230783,0.008792002047315183
47,0.0226004,0.009499073639045138
47,0.151252,0.005795851016028767
47,0.206794,0.0055118553137760585
47,0.0361941,0.007198284517855666
47,0.0224335,0.004276178200215452
48,0.0231934,0.02691105720702922
48,0.0229036,0.029120401782942486
48,0.058508,0.021250799984941858
48,0.058508,0.02098385810569623
48,0.058508,0.02803024275670818
48,0.058508,0.027020651361504753
48,0.058508,0.03819698690996429
48,0.0502059,0.0375871919674774
49,0.0291969,0.05413569709535448
49,0.335413,0.16326309765528751
49,0.276325,0.15678033525924095
49,0.0244745,0.02258788392036782
49,0.0217178,0.02549301276820794
49,0.0313803,0.035209165979897886
49,0.0338609,0.03832390173247012
49,0.02413,0.047967140252468614
49,0.02413,0.04032646735086037
49,0.0221078,0.0393865890881655
50,0.0223787,0.01412473716569569
50,0.0260118,0.014062848217911024
50,0.653627,0.10479529046670005
50,0.497647,0.10527081088791906
50,0.0228487,0.01081649203762454
50,0.0240399,0.010724775055916137
51,0.0228778,0.005898643911951203
51,0.0246926,0.004820290447681431
51,0.0250064,0.07839232424159905
51,0.0635899,0.006627827698424497
51,0.0631894,0.002943280652605033
51,0.0335194,0.0021141497108765695
52,0.0230345,0.0010666770832828687
52,0.0237237,0.11962208199157906
52,0.0533733,0.015821772972710826
52,0.0874676,0.016168444575778356
52,0.034158,0.014067977821989661
52,1.05071,0.08893430665384429
52,1.18566,0.09005895513495596
52,0.0262947,0.013572685806427646
53,0.0382447,0.03355561206415374
53,0.0223831,0.033579548835563404
53,0.0221191,0.02776060727001473
53,0.0235884,0.027146196787027035
53,0.0243221,0.03104158662182093
53,0.0244418,0.03174284958852959
53,0.0236427,0.026523261488738497
53,0.0353579,0.026354660403807174
54,0.0219616,0.02852675936730306
54,0.0219616,0.056402834148648814
54,0.0640502,0.02780822340603587
54,0.0444648,0.012526268398849091
54,0.0236183,0.03886644310970615
54,0.0223456,0.045889088027547174
55,0.022647,0.00977417515701459
55,0.0223354,0.0237996071396151
55,0.022598,0.02558058834350756
55,0.0253724,0.013475284783632548
55,0.0524066,0.006370928425276602
55,0.037277,0.009191652952543577
56,0.0387643,0.028879316127636973
56,0.0312237,0.02141956348761563
56,0.0237676,0.012970231300944626
56,0.0216788,0.01767942589565643
56,0.0253561,0.04184873713745708
56,0.0253561,0.15121507365338935
56,0.0275471,0.11981898430549322
56,0.0289044,0.0018170580618130198
56,0.0237023,0.01360097422981152
56,0.0311082,0.013072413702143843
57,0.0237748,0.009657256339147166
57,0.0238273,0.015174933278271812
57,0.0260403,0.016206381459166096
57,0.0236953,0.009632289447477967
57,0.0240072,0.007972954283075068
57,0.0222403,0.014487322043773414
57,0.0219606,0.011429596843283742
57,0.0240552,0.004351183746981909
58,0.0243743,0.0062451901492273105
58,0.0247847,0.08792083086504598
58,0.045747,0.004742204128883878
58,0.0480566,0.011990450366854647
58,0.0229812,0.021193935453332292
58,0.0302035,0.022108577611416165
58,0.0364589,0.015404594412057784
58,0.0232904,0.011144585636083747
58,0.0225909,0.02487368215604583
58,0.0249726,0.02270159686013257
59,0.0268039,0.0073125098290532315
59,0.0255842,0.016501202986449557
59,0.023422,0.015168470588691477
59,0.0236883,0.0016602710622060524
59,0.0232545,0.013673387875724074
59,0.0235721,0.016542254501730004
60,0.0222595,0.03714331299170812
60,0.0247565,0.032066700796932565
60,0.0283727,0.018458318585396673
60,0.0261409,0.008293150728161157
60,0.0261409,0.14571757100638172
60,0.021671,0.04351028039440784
61,0.0234825,0.013055305434956244
61,0.0249063,0.013247445036685365
61,0.0244516,0.008872307704312249
61,0.0220399,0.008664323631997883
61,0.022984,0.006204232426336112
61,0.022984,0.11450689062235508
61,0.02919,0.007708028282252037
61,0.0248279,0.008403154169714974
62,0.0248765,0.03652309521385068
62,0.0250612,0.05785041572884335
62,0.0236354,0.04735859373967938
62,0.0254309,0.05516084137320601
62,0.0232726,0.05720576757635554
62,0.0218408,0.03780259928893782
62,0.0387064,0.09362280731210772
62,0.0423531,0.08767862644909559
63,0.0440585,0.03550928047708095
63,0.692605,0.09314284657986352
63,0.578094,0.09726778410141758
63,0.0253578,0.006640783086353862
63,0.0221671,0.025084650685228818
63,0.021839,0.04302106112126958
64,0.0220311,0.018485215714186133
64,0.0220311,0.040989595021175704
64,0.0230561,0.0317523243243709
64,0.0272709,0.04597437029476305
64,0.0396256,0.057951026945171596
64,0.0317577,0.13929309566521972
64,0.02152,0.116315571184601
64,0.0346873,0.038594471106623666
64,0.865143,0.18340569342580376
64,0.41858,0.1493392779010264
65,0.027268,0.17442610469766265
65,0.0258941,0.047580694614517714
65,0.0253096,0.046425907433242604
65,0.0292149,0.008308061266023601
65,0.052693,0.011549210535789957
65,0.0526177,0.009232161177102783
66,0.0230598,0.008328181073919982
66,0.0230598,0.1441512906636634
66,0.0730631,0.025756807663217817
66,0.0484861,0.018067308626355846
66,0.0237813,0.02218145621910322
66,0.02163,0.020388491852022805
67,0.0242977,0.1947419718499333
67,0.0225973,0.052690418483819494
67,0.0692752,0.09244290832724796
67,0.0637204,0.10524377653809261
67,0.0221507,0.037831957390544554
67,0.0230942,0.17187438348980316
68,0.025607,0.005130974566298603
68,0.0220631,0.0026031711430485626
68,0.0218564,0.007364054589694538
68,0.0218564,0.0731633706167231
68,0.170385,0.014184923827782877
68,0.107386,0.010408487354078129
69,0.0219799,0.023539262945130722
69,0.0222204,0.024354978957083828
69,0.0380835,0.027319518370571626
69,0.0354833,0.025423500624422075
69,0.0684886,0.028040632678311684
69,0.0805147,0.030166341856446385
69,0.0266741,0.03306931508211193
69,0.0241575,0.03214113408080026
70,0.0357038,0.023472388033602434
70,0.0237556,0.009362569091867648
70,0.0242544,0.0194904335508475
70,0.022459,0.016066938102824658
70,0.0241505,0.008376072641160618
70,0.0358541,0.024518526482845495
71,0.0277264,0.018203090396963266
71,0.0246768,0.008794202635827874
71,0.0237336,0.009307980446906712
71,0.536741,0.1114798394329667
71,0.328212,0.11488115685350647
71,0.0238372,0.021503357877317626
72,0.0266629,0.03215247065156881
72,0.0231072,0.009847843063331044
72,0.0855359,0.01675390309748745
72,0.0844554,0.015791554831618062
72,0.0275248,0.008410071164978382
72,0.0265673,0.031490932409187156
73,0.0255506,0.028904203846499332
73,0.0552584,0.016197053466602922
73,0.0596707,0.02180803118119546
73,0.0243621,0.01869744367554011
73,0.0218368,0.009008867853398743
73,0.0225624,0.028201312026215883
74,0.0247537,0.017459167019076172
74,0.0351846,0.037344779139794115
74,0.044191,0.051141411791228455
74,0.0235766,0.06694226841092267
74,0.457814,0.61884310913591
74,0.457814,0.20292271040965335
74,0.457814,0.1742555953190599
74,0.0519008,0.7974612277496633
74,0.0355622,0.09410252387688657
74,0.0671794,0.07610422984302509
74,0.0459214,0.06407226173626147
74,0.0250264,0.022514171115100037
75,0.0257186,0.007899322755780853
75,0.035278,0.002703516228913861
75,0.0317555,0.0037235119175317204
75,0.0257771,0.00494792885963405
75,0.361903,0.11156005378270488
75,1.24913,0.10169916469666797
75,0.0319488,0.015427783379344999
75,0.0285486,0.0013648809471891194
75,0.0248816,0.007597644371777045
75,0.0251245,0.003636069306270405
76,0.0292625,0.02338424469594874
76,0.0244809,0.016505589962191817
76,0.0237156,0.004667815334822158
76,0.0230802,0.015294737657115991
76,0.0292549,0.01630861379762236
76,0.0258482,0.01660005650592807
77,0.0279529,0.020527311075735095
77,0.0227781,0.01711309732339493
77,0.0215732,0.016498657521143704
77,0.0399204,0.016656605296398348
77,0.349383,0.02141647844534671
77,0.285033,0.024067767844151954
78,0.0218322,0.1284730321896391
78,0.0218322,0.21562517292746672
78,0.0604612,0.06064402691114766
78,0.0783442,0.06899987971004042
78,0.0349655,0.0718973052346192
78,0.0805615,0.05103147867738098
78,0.125711,0.187641529254587
78,0.125711,0.03337589699169168
78,0.125711,0.031537295381817584
78,0.0315608,0.043506620185898584
79,0.023146,0.02178615617772002
79,0.0211944,0.03007700118030433
79,0.0252027,0.031224762609185344
79,0.0292364,0.02325677881822802
79,0.0349123,0.028587269894132707
79,0.0275166,0.021516598244146208
79,0.0331045,0.015278697588472516
79,0.0288399,0.025789790615668256
80,0.0265483,0.006451356446515861
80,0.0214426,0.016411118182500215
80,0.126255,0.019147370576661413
80,0.15219,0.02109030345917309
80,0.0250626,0.02715558506090413
80,0.0259743,0.01694126913781884
80,0.0268007,0.011264040127769742
80,0.0330097,0.013257186730222649
81,0.0246233,0.012960246911228584
81,0.0219474,0.008362254480700404
81,0.024417,0.014149558296992692
81,0.029707,0.016020249685944326
81,0.0244742,0.01507894558647912
81,0.0244742,0.1810884814117122
82,0.0366325,0.018135724413433217
82,0.029589,0.01215413098497769
82,0.0423983,0.00857838236499152
82,0.0332984,0.004437552140538608
82,0.0241205,0.008071139944270824
82,0.0222622,0.005253846210158679
82,0.0287074,0.006644723395296543
82,0.0561903,0.01914193827698758
83,0.0361171,0.024465487937092217
83,0.0216817,0.006554265786493652
83,0.0223758,0.017081571941715275
83,0.0245983,0.01734453804516003
83,0.0952746,0.00882946934985342
83,0.192668,0.022441840387989426
84,0.0237168,0.017804819572239325
84,0.022246,0.02131926124423658
84,0.0259815,0.03313208716637101
84,0.0342787,0.02484206110611594
84,0.0256854,0.011742508249943828
84,0.0237791,0.0197831544501884
85,0.0235083,0.004731733297640495
85,0.0227486,0.0055282637418994415
85,0.0248677,0.015232691817272851
85,0.0248677,0.11275439237564097
85,0.0353758,0.0088413799827853
85,0.0356145,0.031911073037583663
85,0.0274628,0.027746157504238405
85,0.0351036,0.01213021434270672
86,0.0262433,0.032961965960785766
86,0.0241173,0.00744408490010677
86,0.0238503,0.007393896131269403
86,0.021469,0.015614582927507026
86,0.0224373,0.018464198980730134
86,0.0278252,0.0357195982620185
87,0.0234082,0.07023789433062476
87,0.023324,0.05144851504173885
87,0.023324,0.12181432756453671
87,0.0464388,0.046964715478750044
87,0.0283085,0.023814504424824388
87,0.0240208,0.06728368625454437
88,0.0265795,0.0022655683613613913
88,0.0209905,0.007816655294945988
88,0.0250528,0.008976842429273463
88,0.02696,0.0053350351451512045
88,0.0237246,0.0036848473509765757
88,0.0279311,0.0030142329040737225
89,0.021272,0.004276926466517892
89,0.0240681,0.0065111135760328
89,0.0310512,0.003702769233965131
89,0.0331722,0.0033503731135500277
89,0.0249301,0.0051483978090275774
89,0.0241162,0.0022440365415918734
90,0.0304598,0.01524524844008787
90,0.0218769,0.008189316516046775
90,0.0286122,0.015395829337843706
90,0.029497,0.01164152485716507
90,0.023759,0.004705715779772554
90,0.0304932,0.015872396290415574
91,0.0491967,0.04919418424976682
91,0.0499285,0.04590596475404921
91,0.0240279,0.01858222486679137
91,0.0240279,0.12518139388902788
91,0.0278862,0.0611181814192798
91,0.0354416,0.054966917323058924
91,0.0349071,0.022469986559854282
91,0.0223785,0.026753223450642332
92,0.029972,0.06928862893722183
92,0.0331443,0.07631674062746635
92,0.0627866,0.09405812032993217
92,0.0575903,0.08832005661230057
92,0.022629,0.011076303535024841
92,0.024868,0.020436893110255438
92,0.0256717,0.015050647826588767
92,0.0361081,0.005153183482081496
92,0.0300755,0.004538339454029365
92,0.02958,0.013383908098907545
93,0.0244468,0.006331295286116107
93,0.0233641,0.06192542934853152
93,0.0227764,0.0465912277150965
93,0.0257175,0.05609916524334389
93,0.0328475,0.029743401890167206
93,0.0422592,0.01565959450305146
93,0.0339882,0.08785428902449796
93,0.0251503,0.08588653445098364
94,0.0238975,0.034457523126307184
94,0.0243129,0.03786312718199611
94,0.0260032,0.022526644224117966
94,0.0255109,0.012927652532459146
94,0.0275194,0.024686680619313926
94,0.0275194,0.08584308766581086
95,0.0236622,0.015282241327763292
95,0.0692989,0.018224447865436214
95,0.290094,0.031246922792492766
95,0.32887,0.0331526365316547
95,0.0236917,0.05177031292159613
95,0.0214892,0.04953378342101484
96,0.0219608,0.008667808258147008
96,0.0867009,0.008734895534578674
96,0.0862539,0.009087089137892386
96,0.0546983,0.009079056338629184
96,0.0240902,0.010880266540852926
96,0.0228019,0.010887956649436223
97,0.0248555,0.03563347302747763
97,0.0240312,0.025322851340242127
97,0.0260046,0.03315020512757059
97,0.0238278,0.03054620107312851
97,0.0223794,0.008985143293236712
97,0.0243983,0.029808515561832755
98,0.0275142,0.014196524222498823
98,0.0320967,0.011252679680858281
98,0.0375885,0.017671496823981923
98,0.022504,0.015278645227899106
98,0.0216044,0.006048842864548721
98,0.0238048,0.015874136196971086
99,0.0227959,0.015227031884119807
99,0.0239514,0.015921764977539
99,0.0222706,0.009227794969547037
99,0.0358558,0.0038776926128820527
99,0.0400116,0.004860257194840545
99,0.0304888,0.0072888956639536725
100,0.0244099,0.00848653050427571
100,0.0321001,0.005230321596230845
100,0.0300427,0.009277236927016671
100,0.0253294,0.013004910457208058
100,0.0228035,0.009534533286952158
100,0.0252733,0.009320085836514636
100,0.0241068,0.009950778863988785
100,0.0233429,0.006349622035995558
101,0.0277929,0.004410997619586949
101,0.0245877,0.006775322870535613
101,0.0221006,0.00437147572336871
101,0.0247869,0.0017610508226620306
101,0.0250449,0.08932617141689222
101,0.0250449,0.009880855226143355
101,0.0250449,0.0094657963214935
101,0.0250449,0.04038190807775202
102,0.0235022,0.07013715135361576
102,0.0219144,0.05477958104987691
102,0.0260978,0.09288256294913484
102,0.0247611,0.09872555191033407
102,0.0305225,0.10437113489849564
102,0.0382744,0.13875929410313373
102,0.0271396,0.06596130987177261
102,0.0271396,0.08532817236997423
103,0.0599723,0.01003390253091996
103,0.0644369,0.11593930456924433
103,0.0319032,0.11899865305540226
103,0.0222963,0.01231066204556033
103,0.0237307,0.010358518233801618
103,0.0244577,0.01890383283887155
103,0.0606716,0.011270988244160505
103,0.0613896,0.004021989557420409
104,0.0219319,0.010992979577894147
104,0.0234821,0.011859532031239895
104,0.0240566,0.005546764822849636
104,0.0220432,0.002222521091013762
104,0.0243889,0.005190201922854446
104,0.0239793,0.0028293108701586294
105,0.0215678,0.002374026116115869
105,0.0230228,0.013412147479057848
105,0.0249471,0.018002472052471186
105,0.0477288,0.01209070287452332
105,0.0543495,0.014424181085940476
105,0.0258349,0.1514221466628966
106,0.0215657,0.032463679705171146
106,0.0249357,0.03565681982454466
106,0.531424,0.05681380378921962
106,0.728479,0.04242113299995624
106,0.0239234,0.07958202435223675
106,0.0231611,0.06880656073369734
107,0.0220535,0.032070375738366574
107,0.0229893,0.018739183546782515
107,0.0259215,0.028152131358034006
107,0.038662,0.029204124708677445
107,0.029629,0.01935711755401567
107,0.0228682,0.03132670585937807
108,0.0383337,0.011131129143083479
108,0.0356417,0.006575382574421032
108,0.0232577,0.0012353497480470464
108,0.0217824,0.006065805799726641
108,0.024651,0.0019982242116441036
108,0.0566777,0.006574091268000621
108,0.0868511,0.006803738751597992
108,0.0338084,0.007313125186949737
108,0.0244845,0.014793650665065468
108,0.0244716,0.013632639106203798
109,0.0240544,0.16991016950141602
109,0.0224746,0.008532836574082346
109,0.0217049,0.10629709356327614
109,0.0276143,0.020171794664828307
109,0.0276567,0.015023971311207926
109,0.0221731,0.07928105295724842
109,0.0238755,0.07567734799793172
109,0.0240544,0.000910659101969354
110,0.0222813,0.013152752563626517
110,0.0222813,0.1393390289904437
110,0.0238075,0.031042958944018532
110,0.0246255,0.022355933977358265
110,0.0272849,0.028488597719087697
110,0.0245615,0.02617563179753243
111,0.0246779,0.0051708123152943335
111,0.0239511,0.17670047679618744
111,0.0466836,0.004229338009665413
111,0.0823499,0.00460671249374087
111,0.0361065,0.004482822771423768
111,0.0218033,0.004412629601496023
112,0.0236253,0.03699986216190527
112,0.0278176,0.0278971145461318
112,0.0235699,0.013840438612991997
112,0.0255914,0.011685663224653075
112,0.0231822,0.005005367119402415
112,0.0220653,0.02603726944209002
113,0.0225129,0.07766001931496047
113,0.0217448,0.018180918568653153
113,0.025219,0.04820721626478754
113,0.0280015,0.06435823866452535
113,0.031088,0.07183135585522525
113,0.0233886,0.09678902055501958
114,0.0223144,0.024843228453645033
114,0.0241004,0.03683831972281039
114,0.0808524,0.05143062511772533
114,0.0692054,0.044559444565658746
114,0.0277754,0.05759492338739614
114,0.0226437,0.056431184641118654
115,0.0227614,0.009432120652324459
115,0.0222925,0.012722421153224011
115,0.460814,0.0624146399813375
115,0.689995,0.0649728480520899
115,0.0300765,0.1597694980276275
115,0.0230725,0.0030434519874643004
116,0.021128,0.00865374624136851
116,0.024062,0.006779150685004616
116,0.0466922,0.0071591958354273845
116,0.0598334,0.006640753120693348
116,0.0598334,0.08498871325070131
116,0.0245709,0.007018228694620916
117,0.0252446,0.024470619117627705
117,0.0297303,0.015823678459827198
117,0.0251221,0.0061026060007180645
117,0.0230641,0.011949560661380166
117,0.0226204,0.018208066893549875
117,0.0227532,0.022084175329860227
118,0.0229296,0.013485762863108434
118,0.0247524,0.01598211500396621
118,0.0237583,0.01950233319374892
118,0.0214465,0.012398713642955179
118,0.0229509,0.004152709958569319
118,0.0245849,0.013846566361376648
119,0.0219079,0.03012623109517676
119,0.0235764,0.03493092755710915
119,0.0239554,0.034030600935040727
119,0.0242629,0.02124419970250704
119,0.028571,0.035961676601626864
119,0.0257782,0.041648506575866516
120,0.0361969,0.014936800192812481
120,0.0232515,0.004830703882458617
120,0.0236937,0.01369113947047503
120,0.0212514,0.012098450313986705
120,0.0365535,0.007263236193323221
120,0.0520153,0.014892984925796498
121,0.0242128,0.005136925150321544
121,0.026665,0.014247543647941714
121,0.0265832,0.014697044770973496
121,0.0265832,0.15266169984642514
121,0.0237709,0.017315879994964232
121,0.0233458,0.003095948965987649
122,0.0240793,0.008595533723975708
122,0.0243131,0.00850905987756532
122,0.025024,0.07121306972740311
122,0.0272154,0.014217967505941431
122,0.0250789,0.009072915738614707
122,0.0271697,0.007539130188556105
123,0.0226985,0.0023138712150852
123,0.023582,0.0015147607071745127
123,0.0241894,0.003457195395114374
123,0.0281449,0.003967291267351201
123,0.0240853,0.003550281678965465
123,0.0234527,0.0035898746496220435
124,0.0273684,0.363490195191012
124,0.0476292,0.03136904365772122
124,0.0288789,0.011903074770831164
124,0.0226681,0.024143599752315087
124,0.0227352,0.025774159540128516
124,0.0236091,0.02869406384602918
125,0.0243476,0.014459892807348359
125,0.0373322,0.006895360759234953
125,0.0406541,0.009472412575474065
125,0.0406541,0.1797470325207074
125,0.0218798,0.007389269246685072
125,0.0239141,0.017184961448895385
126,0.0299669,0.01680220223661159
126,0.022833,0.0329841173900411
126,0.0241144,0.038841094217336704
126,0.0233863,0.020474633085845555
126,0.0527089,0.0069354717799153245
126,0.0656047,0.013407719543606159
127,0.0228721,0.013013781156912204
127,0.0236579,0.004702871463265935
127,0.0221682,0.012543659753038876
127,0.03077,0.019932328012552788
127,0.034377,0.024998211936056707
127,0.0311307,0.02206131909020857
128,0.0251339,0.004275160815688412
128,0.0253211,0.0024328584011405687
128,0.0403003,0.004391924407363936
128,0.0612934,0.004682702211330298
128,0.051346,0.005032385120397547
128,0.0215854,0.00638468480036385
129,0.0250751,0.011532861743730671
129,0.0362433,0.009414164859402378
129,0.0311146,0.009864654074016117
129,0.0311146,0.07734614276096767
129,0.0252742,0.010618309658320772
129,0.0215956,0.014247469950836363
130,0.0247726,0.027265289288764115
130,0.0247726,0.04980086043433354
130,0.0255796,0.050251556194808554
130,0.0285968,0.022210225122677233
130,0.023672,0.02478957918158357
130,0.0246978,0.03904872501119592
131,0.0230997,0.0035596769516343797
131,0.0236316,0.007222001107726211
131,0.0236316,0.1648370386169322
131,0.0256365,0.026523894887440475
131,0.0221424,0.021282333048798674
131,0.0265085,0.011378831222932876
131,0.0308475,0.011937859942217119
131,0.0279812,0.004817385182855777
132,0.0236087,0.015371379248460269
132,0.02148,0.008868849981818425
132,0.0247172,0.021055246377090466
132,0.0278727,0.013091247304974452
132,0.0326112,0.01752920651370184
132,0.0254895,0.02749534687906293
133,0.0226992,0.012612109260547854
133,0.0271821,0.014644726013142017
133,0.0380358,0.01653561308207234
133,0.025744,0.013342253033127511
133,0.0220104,0.020955041422054062
133,0.0225177,0.023304439491221355
134,0.0219308,0.03171276872176235
134,0.0402916,0.01291817421310001
134,0.0606306,0.027404755353770408
134,0.0395125,0.031620855459648746
134,0.0216923,0.0769302346285257
134,0.0247146,0.029061357504425258
135,0.0263685,0.032703726087404614
135,0.0263685,0.12035298168304738
135,0.0241043,0.04521571518841668
135,0.025196,0.015612139507447408
135,0.0334091,0.032539354501280406
135,0.0412234,0.04493080172097975
136,0.0256197,0.011612342571591525
136,0.0282877,0.0026761539567074443
136,0.0290133,0.013502296101034143
136,0.0377799,0.012077657057559057
136,0.0266484,0.014972765275659642
136,0.0227786,0.020536767028916655
137,0.0227696,0.015231526515750639
137,0.0425275,0.01461819414291664
137,0.0569704,0.019768904876092695
137,0.0293615,0.02569497421676052
137,0.0224409,0.014988238722411758
137,0.0224093,0.005158643232479039
138,0.0240632,0.00987223378977598
138,0.0244408,0.0070131947071214226
138,0.0229005,0.007110161742183075
138,0.0227881,0.007096266624078303
138,0.0237414,0.008118928500732267
138,0.0246102,0.010578137832340991
139,0.0221825,0.016144054633208033
139,0.0309941,0.0037829221509303765
139,0.0393666,0.007125980634270409
139,0.025129,0.011004367314843397
139,0.0222425,0.020054974445259405
139,0.0232033,0.024104978738841463
140,0.0643425,0.022040519503859258
140,0.063556,0.021786377877013
140,0.0258178,0.011290039858211282
140,0.0227426,0.021326345209623135
140,0.022899,0.018486887244747566
140,0.0238253,0.007266498469001385
141,0.0250752,0.008592397802709505
141,0.0220893,0.00885756738613983
141,0.0243015,0.003527676289003782
141,0.0251069,0.0022128940327094423
141,0.0397154,0.006364542403032767
141,0.0481813,0.006272798418569011
142,0.0235364,0.010030079760400651
142,0.0220499,0.011820465303870422
142,0.0223947,0.01119751758203591
142,0.0478655,0.008703332695008517
142,0.877626,0.03882136653957461
142,0.781559,0.03873390891712314
143,0.024308,0.003692424677633714
143,0.0386747,0.02786755281685132
143,0.0286698,0.028461650075144937
143,0.030244,0.02829641397774635
143,0.0881967,0.025380677079227015
143,0.0699908,0.030918707929019185
143,0.0285355,0.033970141300854184
143,0.0237,0.012103474707702991
144,0.0253285,0.0055290397005267194
144,0.0542111,0.01596065111485123
144,0.0669492,0.015519185127125882
144,0.026002,0.02287585535034698
144,0.0229677,0.026106329232774225
144,0.0227794,0.013871384502276483
145,0.0226393,0.014240014044937025
145,0.0776493,0.02818539203204404
145,0.0945423,0.03124867740705227
145,0.0278336,0.046425619005027834
145,0.0234414,0.04567927538829847
145,0.0219419,0.020607382172415784
147,0.0231121,0.03903716818623002
147,0.0635426,0.026583642508128644
147,0.0528895,0.024915468608878423
147,0.0236059,0.019240961514436133
147,0.0212988,0.015524667468258122
147,0.0238888,0.03562899100451776
148,0.0248469,0.026971520164796182
148,0.0220634,0.01860144080441163
148,0.0229924,0.007099302782668056
148,0.0248788,0.016894312652486632
148,0.0257472,0.027200148896651285
148,0.0295802,0.03049320252121802
149,0.0415689,0.058334716935972426
149,0.0380015,0.06842129095537429
149,0.0257461,0.0858645032886116
149,0.0294782,0.052406584509963994
149,0.634906,0.10267368163263657
149,0.25072,0.08270285308863276
149,0.25072,0.06115208193512283
149,0.0224596,0.056853166138747
149,0.0229529,0.035644589827910925
149,0.0368988,0.020665203144416357
149,0.0284377,0.027977785830905252
149,0.0266502,0.018519894708123895
150,0.0382793,0.04001351021842464
150,0.0382793,0.03743636333833708
150,0.103155,0.007977769111725517
150,0.67214,0.10766336888654371
150,0.879125,0.10607835830177602
150,0.879125,0.12196019842555245
150,0.0229444,0.014821595730554716
150,0.0229444,0.12677051116091587
151,0.0222308,0.012068550369037695
151,0.023661,0.01766658506927716
151,0.0271733,0.010396389854656332
151,0.0302688,0.00578129570338702
151,0.0340252,0.011041408062833536
151,0.0230922,0.007851529405791001
152,0.068291,0.019654070825149233
152,0.0225587,0.009285224822264472
152,0.0232176,0.00996939817641984
152,0.0232176,0.09017823074334509
152,0.0337563,0.02515330992135986
152,0.0559106,0.018295053976416554
153,0.0239197,0.04435559153026807
153,0.0281628,0.026084534210907433
153,0.0305845,0.03231983485415756
153,0.0246051,0.017639356564228912
153,0.0218074,0.014690384610349565
153,0.0235674,0.04636793935468759
154,0.297949,0.08318858214923491
154,0.511181,0.41799430618131667
154,0.02197,0.35541454739501055
154,0.073472,0.266618972505709
154,0.073472,0.2607137489661793
154,0.297949,0.13559738788044556
155,0.0229577,0.011984811220875073
155,0.0261404,0.03928063263237987
155,0.0399532,0.036237357795512425
155,0.0332754,0.012965469524857219
155,0.024703,0.018393895726571758
155,0.0283208,0.03893440766211832
155,0.0314764,0.03781306652468164
155,0.0314764,0.09233021282332204
156,0.021527,0.028227754072897616
156,0.0228594,0.025194316819472845
156,0.0251438,0.06703538916124818
156,0.762245,0.08089659387143575
156,0.64869,0.03400908408058062
156,0.64869,0.012833206925784237
156,0.64869,0.0082264269278952
156,0.64869,0.04077474340814453
157,0.853359,0.09325638476801494
157,0.681064,0.07821722380652482
157,0.0231245,0.0049769066698101775
157,0.0246378,0.04904277520695529
157,0.0223174,0.05022824404655207
157,0.0221145,0.01017747512893058
157,0.0244052,0.012666191219147095
157,0.0299018,0.0550027499312536
158,0.0235614,0.04289994554786735
158,0.0265462,0.041892473548478595
158,0.0433623,0.023201402113018674
158,0.0460858,0.030605738710411664
158,0.0232207,0.022343606334027242
158,0.0222466,0.013859233456797269
159,0.0220376,0.016813054451823576
159,0.0220376,0.17356083083461005
159,0.0226826,0.014727396239661801
159,0.0247331,0.021160061436583708
159,0.0439047,0.014310048078186163
159,0.0383143,0.012496049015588847
160,1.12396,0.15298145802678176
160,0.0358762,0.03743676535172341
160,0.0224263,0.03364213132368391
160,0.0229914,0.02211093846945408
160,0.0425216,0.02413304788044892
160,0.0436048,0.030296120213651072
160,0.0342423,0.02051158209402678
160,0.657388,0.1401097355646638
161,0.0236248,0.3307160488999588
161,0.0235386,0.09532897408448276
161,0.029583,0.032437934582830036
161,0.0252849,0.014940127174826567
161,0.0234235,0.015173809673249852
161,0.690616,0.020083338865836273
161,1.03863,0.028479938553304242
161,0.0275111,0.026862944738058777
162,0.0230435,0.04663063370789627
162,0.0230435,0.0790622224896315
162,0.0230435,0.07814704091646714
162,0.0230633,0.004587853528612266
162,0.0243764,0.00371052556924259
162,0.029408,0.008398733475947308
162,0.136562,0.008226354964380744
162,0.13498,0.011493389404348794
163,0.0243681,0.006046503121639724
163,0.0264104,0.01009380503080973
163,0.0326889,0.012970404773946795
163,0.0242834,0.011876282920173656
163,0.0253497,0.01990301939405185
163,0.0249271,0.018056846347023394
164,0.0268408,0.004027157806692083
164,0.0576791,0.004169148594137649
164,0.0427433,0.007512556156196142
164,0.022461,0.010879232509694975
164,0.0262794,0.009360341874098984
164,0.0298588,0.009639237521713223
164,0.0430401,0.011791916722908285
164,0.0430401,0.08000518233214632
165,0.0250484,0.0353776907103899
165,0.0250484,0.06430237087386478
165,0.0423582,0.034709307109189194
165,0.0386971,0.01980029292712648
165,0.0245816,0.031442789316471265
165,0.0210263,0.03231641688058886
166,0.0240022,0.10569932639331295
166,0.0226196,0.04856055703963894
166,0.0424094,0.05053018503825234
166,0.124331,0.03471050561429518
166,0.108146,0.032386481747791275
166,0.108146,0.13453762299074576
167,0.0239253,0.03440086772161382
167,0.0227387,0.06120720382438669
167,0.0232072,0.06653479841406298
167,0.0495485,0.04463763994657423
167,0.0441281,0.04072318749803373
167,0.0228443,0.03817579599694073
168,0.0249153,0.04579837224181667
168,0.0251101,0.03310938309603539
168,0.027006,0.031470028026679565
168,0.0361276,0.02049601180717822
168,0.0260966,0.02024200829957397
168,0.0797359,0.015822126911386222
168,0.0525278,0.009259168429183975
168,0.0237519,0.039769306003499726
169,0.0237775,0.10508932438644748
169,0.0217882,0.038350867004541635
169,0.0217882,0.1155174965102692
169,0.0487949,0.13584008576263518
169,0.0381844,0.026469129188546978
169,0.0244772,0.1612212656568604
170,0.0221058,0.02447906043948569
170,0.0248104,0.024862473730503796
170,0.0316986,0.021010483192920745
170,0.0372821,0.02728688551300776
170,0.0254278,0.02467321016811522
170,0.0226728,0.01751395158152481
171,0.0252454,0.02605203720268339
171,0.0253444,0.2310021405182427
171,0.0242705,0.23335874692843628
171,0.0237591,0.018516144199319396
171,0.0235118,0.017755765880693403
171,0.0250576,0.017037344805162655
171,0.046716,0.01161703659329693
171,0.0716053,0.12872504417559943
171,0.0716053,0.0171983361988891
171,0.0362697,0.0020960157466012566
171,0.0302422,0.022771500346046705
171,0.0248968,0.014202720317249071
172,0.0320584,0.06156557642059391
172,0.0319977,0.06110533907933077
172,0.0238051,0.003520466446367728
172,0.0278145,0.022578248382015893
172,0.0327943,0.028494899613790644
172,0.0515127,0.02492669324238588
172,0.0372275,0.6313431539186912
172,0.0372275,0.63925242119213
172,0.0372275,0.1218372206019162
172,0.0281556,0.032158339213958165
172,0.0308064,0.031064186775127393
172,0.0271173,0.0203464493216875
173,0.0237429,0.05730349553037742
173,0.0226149,0.06436932499257708
173,0.02339,0.0470602366016152
173,0.0345413,0.11226269371434126
173,0.0326751,0.0927490155257725
173,0.0235275,0.06606897623696008
173,0.0240785,0.08535972645223266
173,0.0232722,0.033994182458179256
173,0.0268156,0.0540762674747434
173,0.026883,0.046106295665559606
174,0.0215326,0.008114197434127092
174,0.0263281,0.009863635232509313
174,0.035979,0.01351896815589131
174,0.513104,0.046382547967958584
174,0.510005,0.04466318689927976
174,0.0685521,0.009540399624753684
174,0.0260296,0.015055337923806162
174,0.0236924,0.016456527580263988
175,0.0254438,0.039148384385565616
175,0.0256485,0.02509996215136565
175,0.0268976,0.11649615143857654
175,0.0268976,0.02409601834328687
175,0.0219104,0.007900515742658988
175,0.0235029,0.021062230271269945
175,0.0263783,0.21812590905254722
175,0.0275652,0.20122137311925908
176,0.0226124,0.013126348915063965
176,0.0230735,0.010043151895694673
176,0.0235709,0.008244422356963531
176,0.0252849,0.011240111209414242
176,0.0289537,0.01088698764580932
176,0.0234037,0.01075010429763366
177,0.0264947,0.02895036441912263
177,0.0271412,0.0454637987854071
177,0.0282108,0.044970751605904656
177,0.024231,0.027959086179630156
177,0.0224099,0.03503822484087877
177,0.0268618,0.03438706943023766
177,0.0280469,0.047073920125691365
177,0.0215366,0.04505701388241345
177,0.0215366,0.024900162650070824
177,0.0259732,0.054114377017572685
177,0.0237628,0.03898000513083578
177,0.0282487,0.033198224350106484
177,0.023807,0.03492962209930165
177,0.0237557,0.018446856100701896
178,0.0245233,0.0024025195108481334
178,0.0241551,0.0044359666364833595
178,0.0252334,0.024644839216355227
178,0.0330922,0.022626767334287853
178,0.0352681,0.014572528950048272
178,0.975138,0.059351445643724465
178,1.20632,0.06255046682479651
178,0.0417368,0.02038444496202918
178,0.0238132,0.008822133171178057
178,0.0261007,0.009143921478228173
180,0.0249569,0.005860034129593591
180,0.0277968,0.003190611226709161
180,0.0276445,0.0023938462774373316
180,0.0273803,0.004471453454974266
180,0.0330762,0.0028900692033236143
180,0.0316514,0.004371464285568292
181,0.0389966,0.02692418097175843
181,0.0391803,0.02241283607667724
181,0.025511,0.009209027364494192
181,0.022973,0.014944040986292813
181,0.0325469,0.015708099821429497
181,0.0386983,0.008981280532307175
181,0.0301937,0.0034848385902362063
181,0.0235943,0.01686064352271292
182,0.0236349,0.02968878744576812
182,0.0362082,0.010184835982970077
182,0.0434874,0.015487602170768604
182,0.0293702,0.014565757790104722
182,0.0226167,0.014304796398411302
182,0.0223995,0.032369275555687374
183,0.0242732,0.012504035348638582
183,0.0227048,0.002260353954583063
183,0.0239262,0.011362592133840157
183,0.0239262,0.22479917793444001
183,0.0301404,0.021429951563174336
183,0.0252763,0.012986335472333837
184,0.0513455,0.004186669320593586
184,0.0502494,0.007024115317960125
184,0.0265442,0.006381661539129116
184,0.0240719,0.012549725734054887
184,0.0247205,0.012902282743763
184,0.0234426,0.005091428188632489
185,0.0243515,0.014971416098685547
185,0.0251511,0.0342688853043105
185,0.0251511,0.01124496776340434
185,0.0251511,0.01151314031878389
185,0.0247643,0.0056300799283851444
185,0.0284417,0.0093611965047212
185,0.0272271,0.013736935611699842
185,0.0237211,0.013482581355215744
186,0.0347367,0.01930273143884046
186,0.0439917,0.01423112785410922
186,0.040055,0.008632039156537758
186,0.023839,0.01624087743935052
186,0.0228184,0.019263034548066313
186,0.0216507,0.02398508911803322
186,0.0236074,0.020585055258609056
186,0.0292862,0.013313739369538391
187,0.0236233,0.02597339022923298
187,0.02329,0.009898065467554765
187,0.0669755,0.025243095706351137
187,0.0834882,0.0237862790372935
187,0.0229898,0.0400840741442282
187,0.0230136,0.20669084643495958
188,0.0506338,0.027589130105894977
188,0.0727269,0.023052739294929837
188,0.0465715,0.012129775925383064
188,0.0222764,0.022372360179471147
188,0.0235484,0.018719081174032082
188,0.0227732,0.01375162899441387
189,0.0232845,0.03635773645319541
189,0.0245247,0.02326778244698003
189,0.0231443,0.0074743962966917375
189,0.0289437,0.018101425468730527
189,0.0364747,0.017234173870540007
189,0.0250118,0.02818589718281136
190,0.0252132,0.006872452255199803
190,0.0225888,0.007134143256201456
190,0.0266087,0.013805071531868478
190,0.0709631,0.009259125228659513
190,0.0452096,0.006618043517536086
190,0.0290954,0.011520633663128195
191,0.0267352,0.021998529496309226
191,0.148201,0.016981176519899836
191,0.123464,0.018515437369935307
191,0.0279299,0.010850792597778155
191,0.0233437,0.028633637561441768
191,0.023061,0.03406141805621147
192,0.0222947,0.020982480787552295
192,0.0325561,0.010859410849581077
192,0.0394773,0.014167353351985094
192,0.0278853,0.025040513173655125
192,0.0229509,0.033242233679462475
192,0.0234207,0.033025088947647094
193,0.0225981,0.006706131522718383
193,0.0291032,0.005642010368654049
193,0.0246882,0.004892443561248129
193,0.0251012,0.005304224731287318
193,0.0240001,0.0056491061239809385
193,0.0219047,0.006472843270155708
194,0.0233286,0.01159631838127957
194,0.0253433,0.009735856408143893
194,0.0264627,0.009841920544283778
194,0.0257206,0.011087775081142321
194,0.0280479,0.008039963836361614
194,0.0222344,0.008927093591981381
195,0.022428,0.015188038056312076
195,0.0258306,0.0399702739545279
195,0.0274531,0.04960085587971254
195,0.0252024,0.034109641804041274
195,0.0313181,0.05000429681537376
195,0.0389253,0.05034293694253476
195,0.0316197,0.031999315617681705
195,0.0234126,0.02882363266488191
196,0.0245537,0.033839739951719294
196,0.0257836,0.028410253430759865
196,0.0231304,0.026599550748085857
196,0.0241601,0.032229483396420094
196,0.0234748,0.028419058745850143
196,0.0246743,0.02816363790421941
197,0.0246863,0.02645904382248145
197,0.0227245,0.0158262124338068
197,0.0238288,0.03335312279232646
197,0.0238288,0.10822667416122476
197,0.0365223,0.03106636233935329
197,0.0365223,0.16649625203289112
198,0.0218783,0.015748412618419815
198,0.0259101,0.013864057847542337
198,0.0434588,0.020298758681259237
198,0.0711854,0.026787646406506136
198,0.0366079,0.01663971153596119
198,0.0224715,0.012679763404732888
199,0.0237133,0.00921725013222491
199,0.0219282,0.014643035887410652
199,0.0233162,0.02502456792833735
199,0.0262362,0.02360623010986709
199,0.0865635,0.015905282801635588
199,0.0714836,0.013798802158158546
200,0.0248305,0.017542693635812453
200,0.0230381,0.010453879662593943
200,0.0240473,0.020711006735549785
200,0.0240473,0.23061374308570598
200,0.0627202,0.021312378468860995
200,0.0563102,0.019441901167323784
201,0.0238172,0.017493204394849696
201,0.0241558,0.05637180589621026
201,1.21109,0.030337059003799346
201,1.05014,0.03577685067190789
201,0.0280844,0.056161425373649466
201,0.0280844,0.11414824790595768
202,0.0223884,0.04912202968119305
202,0.0258349,0.04501422552927012
202,0.566685,0.046483929706942775
202,0.682445,0.051605325897624774
202,0.0269993,0.02796440773554849
202,0.0230007,0.029331334780401775
203,0.0242247,0.02224979999910139
203,0.0231504,0.02112123102472958
203,0.0328942,0.03172949953907239
203,0.0295205,0.027981398392503878
203,0.0254626,0.03412872836775562
203,0.0244303,0.037620772187715965
204,0.0224567,0.039330325449962705
204,0.0255215,0.03345615937312585
204,0.0409172,0.022010236345845854
204,0.0485562,0.026622633021547534
204,0.0485562,0.11872315359692913
204,0.0236815,0.026418190702620532
205,0.0392076,0.031198334891464747
205,0.0252083,0.028409056654524204
205,0.024911,0.011117985429023855
205,0.0220887,0.025571832159624438
205,0.0233924,0.03526024402921817
205,0.0291537,0.029826491982799377
206,0.0236697,0.015938459775022167
206,0.0229466,0.014895076367713013
206,0.0240065,0.017239121207300725
206,0.0364935,0.017269435109464843
206,0.033569,0.01240267265552068
206,0.0262316,0.01345958766084619
207,0.0214402,0.010473857932968055
207,0.024595,0.003975172952212173
207,0.024595,0.09872950572144089
207,1.14528,0.07199288618328889
207,0.984718,0.07340767273248762
207,0.0255192,0.012861640641846807
208,0.0353664,0.03301660121832697
208,0.0237521,0.04036506551474936
208,0.0242393,0.05215742612524133
208,0.0239127,0.020690188834566095
208,0.0410932,0.0063033944038110535
208,0.0550954,0.013987430000182703
209,0.0239356,0.027082987279840556
209,0.026271,0.055566941610997705
209,0.0543639,0.052505147366710414
209,0.0438086,0.042933391433708494
209,0.0240748,0.04620045995442086
209,0.0240748,0.1496532792824803
210,0.0255496,0.008461501048868857
210,0.240262,0.017707908543924067
210,0.184732,0.015373785773192502
210,0.0274039,0.019422793310953177
210,0.0237911,0.028543889013236637
210,0.0222509,0.02090746517395159
211,0.0222047,0.016260691867199133
211,0.0222047,0.1401102494466413
211,0.338673,0.013778084046775309
211,0.274367,0.00868691544795977
211,0.0267071,0.02347354681338126
211,0.024255,0.008080099009294376
212,0.0368763,0.02783250797179463
212,0.0247094,0.03263711077898828
212,0.0227245,0.025878562556679776
212,0.0257784,0.011586768315626364
212,0.278581,0.016924892909557794
212,0.465834,0.02186014638560338
213,0.0239386,0.015507191879899294
213,0.0228346,0.018985057281978322
213,0.117505,0.025896459005045603
213,0.10243,0.017156657133602527
213,0.0289843,0.022590697200396824
213,0.0247013,0.04933074700427697
214,0.0235854,0.008966749689825936
214,0.0277724,0.01737492733797751
214,0.053059,0.017349931440786844
214,0.0615515,0.023591990695996524
214,0.0257885,0.03192758368558455
214,0.0217591,0.023898822146707792
215,0.025264,0.019679212382612887
215,0.0216246,0.018087235830828198
215,0.0231565,0.00763442859682332
215,0.0253861,0.13074983326949183
215,0.048658,0.01750758509903571
215,0.0405842,0.013534132997720553
216,0.0222643,0.019569826263919635
216,0.0236103,0.03450527061189356
216,0.191342,0.12354969243183102
216,0.162694,0.03552095985471091
216,0.0282452,0.03595728716129689
216,0.0242154,0.029244023321014046
217,0.0255425,0.19161292675599992
217,0.0399524,0.04779838177177127
217,0.0787903,0.037034945335453075
217,0.0940917,0.04466538924043971
217,0.0217407,0.03520968758736697
217,0.0267933,0.029992207321236208
218,0.0237791,0.08652679642746496
218,0.0277735,0.06073241309218688
218,0.0271946,0.04719248774964095
218,0.030742,0.0593653269931196
218,0.0239838,0.0415070801189388
218,0.0227102,0.0655262771718339
219,0.0225948,0.023537232207717508
219,0.0247441,0.03170480247533421
219,0.097072,0.03319146871848206
219,0.0817914,0.02667031246179925
219,0.0242831,0.0487952098058815
219,0.0237854,0.04979332585799044
220,0.0214043,0.040921028823821176
220,0.0232198,0.07775169773066082
220,0.0253506,0.06939884509125493
220,0.0726546,0.042377032883391064
220,0.0818032,0.054061188704004774
220,0.0258025,0.03509959686378172
221,0.0224359,0.01990081405370156
221,0.0229676,0.014995122540346406
221,0.0225838,0.02119261192019513
221,0.0226288,0.02366501637438701
221,0.0434367,0.014109299805447457
221,0.0507901,0.017433286559051204
222,0.0316498,0.19058892858715606
222,0.0236613,0.0975253526012596
222,0.0241207,0.11414747390985071
222,0.0220695,0.06835282583770828
222,0.022793,0.04887406776604524
222,0.0231379,0.06059313905055591
222,0.025379,0.06375375145824765
222,0.0317004,0.08754287692896583
223,0.0305863,0.010091823422949668
223,0.0218894,0.009034207214803053
223,0.0232434,0.013414995341035442
223,0.0230467,0.030531264303988323
223,0.023503,0.030857461010264847
223,0.0219031,0.016757651983496998
223,0.0218966,0.02860872316269987
223,0.0298723,0.037898822950060085
224,0.0273287,0.015340224900567585
224,0.0229074,0.06775577687548133
224,0.0249008,0.065248651327058
224,0.0249008,0.076664983532249
224,0.0238415,0.0049943668267355724
224,0.0225636,0.02434396229047373
224,0.0219549,0.03275243752761017
224,0.0272774,0.020914251026512908
225,0.0243095,0.1633246072274782
225,0.0248446,0.018580481048939335
225,0.0216628,0.037797481080224814
225,0.0251991,0.02782626759035439
225,0.0416483,0.018150874116967395
225,0.042356,0.03085602654280025
225,0.0235552,0.16694236636040055
225,0.0260778,0.16937581266523868
226,0.0255096,0.015990237646764372
226,0.0225911,0.00574334397367946
226,0.0222407,0.004345135210784965
226,0.023969,0.005150970782289661
226,0.0213668,0.020630752676526292
226,0.0282538,0.02016034129175397
226,0.0274952,0.01216597303958868
226,0.0235094,0.019172555906816425
227,0.0243565,0.0009257429448829552
227,0.0252226,0.004670042826356267
227,0.0236625,0.01983989879006434
227,0.0391375,0.015578752710021411
227,0.0379964,0.00831683232967941
227,0.0274216,0.0034502753513304305
227,0.0272137,0.026719257025598613
227,0.0225675,0.02955679395672004
228,0.0258913,0.02419323252482019
228,0.0240166,0.04453657485707695
228,0.0242467,0.0445255207718002
228,0.0351999,0.06752365067145046
228,0.0365357,0.061367696272123434
228,0.0248523,0.01319002848215271
229,0.0266094,0.015896578248164043
229,0.0253944,0.02376263453407475
229,0.0240395,0.0126525412214307
229,0.0343293,0.03074212332354436
229,0.034674,0.0385505603072121
229,0.0276184,0.01421988044956778
229,0.0280395,0.009782025847077803
229,0.0240957,0.011901198585525007
230,0.0250367,0.005343079636314406
230,0.0235666,0.006455238183056699
230,0.023524,0.0169100118273169
230,0.0937936,0.01891014287464813
230,0.0774511,0.016653784921680733
230,0.0239693,0.014567542689142888
231,0.0383693,0.03464077718657589
231,0.0354141,0.1290332922156139
231,0.0701775,0.01921316735991255
231,0.0504898,0.015826815851585668
231,0.0551375,0.027563385133179887
231,0.0636006,0.03359907703200351
231,0.0335462,0.01633130855779782
231,0.0240394,0.016736322774133963
231,0.0230635,0.017218307117716467
231,0.0233148,0.011967461301796684
232,0.027225,0.027968097897425923
232,0.0459934,0.02215159813647765
232,0.0386461,0.015795417056855464
232,0.0315852,0.010373278170375819
232,0.0302212,0.06490562283808682
232,0.0236083,0.06102227659633805
232,0.025473,0.01966365683183046
232,0.0264149,0.02016845556803988
232,0.0234507,0.043777475498251305
232,0.0255826,0.051395687844409635
233,0.0216589,0.25199008066985473
233,0.0281266,0.009376934467084586
233,0.0247869,0.05524864251726015
233,0.0287471,0.06354922349053538
233,0.0228843,0.04457467611279299
233,0.0216589,0.03911924973718169
234,0.0265933,0.2090480949446799
234,0.0570571,0.1902756214022174
234,0.0448354,0.17766883604053924
234,0.0210701,0.17662334641830307
234,0.0210701,0.17568296829516525
234,0.0208289,0.1557252205809968
234,0.0208289,0.04579915283059254
234,0.0217361,0.08368297616600422
234,0.0204618,0.15239059158622642
234,0.0216887,0.17808192496713418
235,0.0259462,0.05210974883842372
235,0.0899429,0.049071192765650265
235,0.07756,0.03365010069529655
235,0.0226546,0.021667648797310486
235,0.0222961,0.030225156747378457
235,0.0226759,0.05010302815203498
235,0.0241396,0.0695603380814354
235,0.021847,0.06527517992501888
236,0.0258867,0.011972870500009666
236,0.0258867,0.12413940860182149
236,0.0290162,0.04225944983089584
236,0.0237666,0.04623049550253603
236,0.0265594,0.009196811861183065
236,0.511387,0.10793923690674302
236,0.340803,0.11206832518606676
236,0.0306385,0.030326818395769735
236,0.0314539,0.004812007897957473
236,0.0237805,0.010349398388795302
237,0.0243099,0.01562753019514017
237,0.0250744,0.017556839123259005
237,0.0240629,0.013201155252476893
237,0.0245438,0.016104275829728842
237,0.024913,0.018564368262884996
237,0.0230244,0.013553390018737484
238,0.0267616,0.09743612523084036
238,0.024423,0.0248044276087962
238,0.0230844,0.012677659987552914
238,0.0252595,0.020900777497499884
238,0.0249141,0.014029588162166434
238,0.0557946,0.013513713627274954
238,0.0574412,0.012009986011648535
238,0.025342,0.09134332212044848
238,0.0272064,0.10073676042041468
238,0.0267616,0.016413701593485597
239,0.044931,0.012397810290531056
239,0.0545477,0.00506008893202488
239,0.058455,0.042799494999941276
239,0.0245911,0.04505611946461875
239,0.022865,0.007086106123958322
239,0.0238203,0.009657090659199537
239,0.0262425,0.029577674055949726
239,0.0524415,0.027328911471919303
240,0.0270368,0.015327418699833117
240,0.026188,0.028816016188918187
240,0.0363759,0.032385073722318226
240,0.0357665,0.011858284024258993
240,0.0325604,0.0032784447532328777
240,0.0350685,0.02695900962572655
240,0.0261323,0.027645725257261774
240,0.0271724,0.01847207070146706
241,0.0230893,0.016434317752800166
241,0.0238214,0.005649867255077766
241,0.0223399,0.007992468290809874
241,0.0264699,0.003507732948786649
241,0.0264122,0.009107711018692571
241,0.0593895,0.008857702862480936
241,0.0503345,0.006900507227733856
241,0.023542,0.017963563120940024
242,0.0220204,0.013945099497673223
242,0.0231305,0.02240543014539128
242,0.0240399,0.0197500632910378
242,0.0548764,0.005276337905214085
242,0.0740417,0.011884224070590291
242,0.0320416,0.01428247177487135
243,0.0243034,0.20452592818515716
243,0.0236626,0.020399294105434423
243,0.0216404,0.02739459983281346
243,0.0280932,0.02298238020745443
243,0.0527883,0.036988960515267136
243,0.0548525,0.03624496930609821
243,0.0267247,0.03932867783183168
243,0.0226329,0.04890288437301034
244,0.0229641,0.022929555163587634
244,0.862323,0.08428587188847234
244,0.684203,0.0872532939206307
244,0.0221735,0.015465189943870644
244,0.0234239,0.008403719414639563
244,0.0225967,0.01685790615705305
245,0.0222778,0.02019758896502232
245,0.0222778,0.20408992527804987
245,0.0230877,0.02751133948029431
245,0.0244803,0.004966367413915234
245,0.0289022,0.01663409526514741
245,0.0272319,0.02813742880932778
246,0.022211,0.006267264155913967
246,0.0240681,0.00526425683264061
246,0.0233659,0.008450000000000218
246,0.0293108,0.00678681692695493
246,0.0344657,0.013258014972084202
246,0.0382594,0.014041755588245624
247,0.0342163,0.013879655903875816
247,0.0234828,0.016637180290241367
247,0.0229246,0.017064975945192528
247,0.0241287,0.01236236579340705
247,0.0301884,0.008292013748782572
247,0.0281757,0.010741748694230138
248,0.0474686,0.3573217291181716
248,0.223259,0.4912589477047722
248,0.758335,0.2376284059198317
248,0.429191,0.3314124469599778
248,0.0202655,0.07004536841219403
248,0.0202655,0.12233039503328674
249,0.0241512,0.007313042868737983
249,0.0305783,0.004305275833207487
249,0.0371231,0.0023468966743340333
249,0.0302163,0.00169144908288718
249,0.022846,0.008348568739610622
249,0.0242264,0.00989499717028727
250,0.0225771,0.016220323671246602
250,0.0226379,0.030751638980711194
250,0.0231707,0.027053317726297703
250,0.0276341,0.00571312874089162
250,0.031916,0.013259644453755076
250,0.0294992,0.015258915426726662
251,0.0230566,0.014803898135288599
251,0.0231218,0.0030263013729633003
251,0.0236631,0.007010599118478099
251,0.039371,0.012800265622243881
251,0.0339507,0.009782371900515686
251,0.0235635,0.013298014889448637
252,0.297904,0.007399844592962708
252,0.206577,0.0052739833143459845
252,0.0354137,0.0071322436862464415
252,0.0249746,0.001260039681914637
252,0.0227701,0.00795268508115315
252,0.0216444,0.010321443697467972
253,0.0233148,0.04978236334285452
253,0.0233394,0.056018900381924246
253,0.0238144,0.02773082220201885
253,0.0216002,0.025150031809125614
253,0.240767,0.0335125051286831
253,0.264098,0.032617622537518015
253,0.0451922,0.04901147314660118
253,0.042744,0.04271761346330101
254,0.0217382,0.00950041051744609
254,0.022729,0.012034118164618374
254,0.0229654,0.0077881576768834785
254,0.0285251,0.006470061823506624
254,0.0253983,0.007900841727309621
254,0.0239139,0.004263906659391112
255,0.0236343,0.025676900124431037
255,0.0234274,0.03150899554095635
255,0.0222499,0.00303041251317379
255,0.024522,0.02163116790651857
255,0.029084,0.012744409911800555
255,0.028795,0.0033400073353212173
255,0.0244593,0.06716709206151494
255,0.0233848,0.058077159882349856
256,0.0225216,0.18321931366534533
256,0.0217655,0.16596298924760294
256,0.0207096,0.11764352747176528
256,0.020832,0.10164487576361121
256,0.56974,0.14810306373941082
256,0.726512,0.1257498693279638
256,0.0225216,0.03968475903920813
256,0.0225216,0.06095295316881732
257,0.0317527,0.03492094643620051
257,0.031624,0.034983038747370306
257,0.0271552,0.012971526510014165
257,0.0298049,0.012666005684508102
257,0.0268914,0.018075934277375253
257,0.0248345,0.018428309743435244
258,0.0240537,0.004867494221876435
258,0.0241406,0.010453114368455007
258,0.0257415,0.15323976572678535
258,0.0338433,0.005188111409752064
258,0.028947,0.01507317153090225
258,0.0224434,0.013011845987407096
259,0.0227615,0.012756214171924248
259,0.0260331,0.012120668298406611
259,0.02622,0.014047090125716442
259,0.0312953,0.01535750061045076
259,0.0248825,0.01404314779527704
259,0.0225937,0.013217129037729525
260,0.109676,0.06852212781284545
260,0.109676,0.06456395588871608
260,0.0207102,0.18149627131156157
260,0.020705,0.2167372897219115
260,0.0218779,0.2390269499533471
260,0.0349815,0.27687265498058833
260,0.0397326,0.2943401976353211
260,0.0307398,0.26314956070645457
261,0.630271,0.18923878777882747
261,0.964,0.1480766747330584
261,0.879248,0.17090049619588593
261,0.0264316,0.2537413620204637
261,0.0224168,0.4905609609416554
261,0.0321464,0.4958217673721071
261,0.0263937,0.3484988044757111
261,0.576431,0.20836606177590458
262,0.024346,0.07398006015136802
262,0.0223929,0.003873512617766814
262,0.021544,0.005207350573948296
262,0.0478151,0.00873985125731577
262,0.114693,0.04959516105427998
262,0.132543,0.04986326303001055
263,0.0224796,0.019455675264559626
263,0.0224796,0.2930503037022824
263,0.0246592,0.03642541008691609
263,0.0385178,0.015187590328949313
263,0.0336636,0.014065311941084003
263,0.0244519,0.01680621313681359
264,0.032997,0.03575268561940485
264,0.0234589,0.006651641677059852
264,0.0235017,0.015784047136270123
264,0.0231423,0.020839467363634623
264,0.0223479,0.014133170203461208
264,0.0223479,0.20901470278666992
265,0.0294384,0.052472135996164605
265,0.0296181,0.05234826453665874
265,0.0253088,0.009121798068363435
265,0.0252961,0.015788888497928033
265,0.028988,0.02600050578354217
265,0.026589,0.018976867523382356
266,0.0237963,0.0038928138922888654
266,0.0342646,0.0073954039781475925
266,0.0408719,0.014519469032991566
266,0.0340152,0.013119024392080443
266,0.0239506,0.004486423965699301
266,0.0232311,0.001667213243708559
267,0.027342,0.054548680094021966
267,0.0244524,0.03831449986623878
267,0.0245115,0.03647544516520653
267,0.0240616,0.03275033434943794
267,0.0257587,0.04709002548311051
267,0.0222885,0.03591533655696421
267,0.0231608,0.05281122702607893
267,0.023386,0.05727321538031536
267,0.0226919,0.054015779176089004
267,0.0266038,0.07325717166257523
268,0.0497237,0.027201948459623253
268,0.0261014,0.012200545069790982
268,0.0250887,0.013607711379949679
268,0.0222238,0.016831762860734414
268,0.0248964,0.030551276569073166
268,0.142241,0.03859056879601508
268,0.0443708,0.020869880306317028
268,0.0364918,0.0233555175493931
269,0.0230559,0.059618757115525424
269,0.0230277,0.04452809113357539
269,0.0223851,0.034683050615538426
269,0.987612,0.06927575119765972
269,0.843674,0.035675413438389175
269,0.843674,0.029476180213860958
269,0.987612,0.0834250471980687
269,0.0229827,0.055101920111734426
270,0.0238151,0.11774551303557157
270,0.0212687,0.024373732705722215
270,0.0227419,0.025495897238772044
270,0.0361041,0.019359379380806726
270,0.0310672,0.01688878142466122
270,0.0264371,0.009178329478178529
271,0.0230868,0.05275244070182909
271,0.065671,0.03480209763792994
271,0.073844,0.039139018894193
271,0.0247011,0.027712497180874988
271,0.0234033,0.01570285642805135
271,0.0227684,0.05013947347150754
272,0.0266609,0.004800374985352849
272,0.032624,0.0031672960076381002
272,0.0394707,0.005796001121462994
272,0.0297497,0.004603618142287582
272,0.024694,0.0016205246064163322
272,0.0304236,0.0032359542642010426
272,0.0264473,0.009066714730264741
272,0.0263849,0.010183510003923008
273,0.0235917,0.017906786423029925
273,0.0225465,0.03157370108175472
273,0.0226214,0.06601768323714526
273,0.0228171,0.053735724653158
273,0.0385719,0.04802071541532893
273,0.0388516,0.027887911072721247
273,0.0229635,0.04192731906525849
273,0.0239481,0.06131761573968765
274,0.0344341,0.0037922288960449586
274,0.023569,0.004450674106244643
274,0.0218839,0.009646937337828738
274,0.0247036,0.006035895625340092
274,0.0286307,0.00988575237399756
274,0.0297947,0.013460315746668014
274,0.0488917,0.010120874468147502
274,0.0389739,0.009082378543090897
274,0.0852487,0.006615430749391791
274,0.118461,0.0065527506438136035
275,0.0227208,0.012836670128970492
275,0.0251836,0.007513354776662707
275,0.0252385,0.006848863044330904
275,0.0292489,0.0016217385732602823
275,0.0258691,0.01110454411491104
275,0.0229564,0.007561514398584466
275,0.027093,0.004768399731565974
275,0.027184,0.01602847466230004
276,0.023406,0.02065373573957031
276,0.0217512,0.030866865730099797
276,0.0226027,0.024929119519148765
276,0.0228226,0.011808846217984318
276,0.0255642,0.01879466413639788
276,0.0306018,0.01312393233752712
276,0.0272635,0.011833004690271822
276,0.0240113,0.045403331375571884
276,0.0267776,0.04635423442362115
276,0.0331253,0.019804577980861136
276,0.0270771,0.015250812470160175
276,0.0233883,0.0038756549123986103
277,0.0228852,0.019792751198355395
277,0.0267298,0.018800010638295013
277,0.0330342,0.023945924496665466
277,0.059017,0.01748353511164119
277,0.047091,0.014719065867098783
277,0.0344083,0.0069951125795089395
277,0.0271842,0.005910652163678908
277,0.0240957,0.02257444874188506
278,0.0344022,0.0023617973007857298
278,0.0335318,0.013994588239744856
278,0.023659,0.008657488088354544
278,0.0278852,0.006860590353606741
278,0.0244328,0.009965159306303132
278,0.0232259,0.00726722092687412
278,0.0223475,0.0061675440817234636
278,0.0228832,0.004969037356470461
279,0.0260168,0.01529303109262515
279,0.0243064,0.021998931792248606
279,0.0216303,0.02245998441673537
279,0.0412107,0.019511065603908286
279,0.0488004,0.01709562762813904
279,0.0322117,0.015927460563441548
279,0.0242785,0.014130544257034045
279,0.0302968,0.011850885874060307
280,0.0246442,0.017269073513074978
280,0.0257537,0.008112126724848446
280,0.0291924,0.37078088475540383
280,0.839227,0.03849109637305752
280,0.642617,0.040245219591897155
280,0.0882282,0.010977454167519945
280,0.0800342,0.012274330938996431
280,0.0243617,0.018985636676182395
281,0.0224901,0.031698556749480584
281,0.0247513,0.03286251511981367
281,0.0241377,0.010078144670523285
281,0.0226022,0.014517065957003899
281,0.0326156,0.004242534737630704
281,0.0324528,0.022373371694941295
281,0.02112,0.015112807846326898
281,0.0228383,0.005320686045990771
282,0.0224936,0.04775533582752823
282,0.0242027,0.027840664503563647
282,0.0228994,0.007632168761236938
282,0.0263676,0.029510001694340555
282,0.0232158,0.055496830035597425
282,0.0238656,0.06391934496691906
283,0.0250096,0.28222992647839446
283,0.0267891,0.0664602726747339
283,0.0229235,0.047219690013806714
283,0.0246516,0.17953027070664132
283,0.0221274,0.02657533631019624
283,0.0229364,0.017111545809773022
283,0.0507221,0.03676862249255459
283,0.0571028,0.03637374877573086
284,0.025472,0.009186566279084225
284,0.0252474,0.007013451361490835
284,0.0220365,0.0032701114659900643
284,0.0295251,0.005881000000000135
284,0.0297936,0.01237179049289139
284,0.0240166,0.009724731358757227
285,0.0237916,0.012428664449570005
285,0.0212953,0.02711664617905403
285,0.0979127,0.04382989847124906
285,0.160355,0.04313916318149896
285,0.0682165,0.027532927559560254
285,0.026756,0.018397304150336344
285,0.0385776,0.029497732116214898
285,0.0553559,0.07229019988905823
285,0.0507121,0.02314819811562017
285,0.0238549,0.24418348060423747
286,0.0222047,0.03144694738762414
286,0.0218359,0.03260906009071732
286,0.0244639,0.0447980457163033
286,0.026076,0.038064036832685104
286,0.0299342,0.041922496347426515
286,0.038379,0.043471663471737323
286,0.0338003,0.028348157276973006
286,0.0229223,0.03686976539117067
287,0.0232813,0.011445300345556885
287,0.0237872,0.01295299193236826
287,0.0229595,0.0314701286937311
287,0.0247475,0.031234790154569723
287,0.0238401,0.013630143066013843
287,0.0236099,0.013267754143034039
288,0.0222605,0.01820583697609078
288,0.022417,0.018436162832867063
288,0.0301493,0.006397702712692995
288,0.04038,0.019355694252596388
288,0.0311594,0.024431627043649193
288,0.042179,0.009807395168952867
288,0.0368798,0.007580872311284284
288,0.0236304,0.007219729911845763
289,0.0298499,0.020315513776421993
289,0.024255,0.009493292368825476
289,0.0239613,0.015394154734833604
289,0.0259914,0.019736783653878112
289,0.0243598,0.008645424049750203
289,0.0297949,0.019274121095396182
290,0.0218049,0.006060635280232347
290,0.0242211,0.01601165200721038
290,0.496406,0.07879904885212762
290,0.669222,0.0813038898208444
290,0.0281188,0.028202102758482665
290,0.0247995,0.02281233219116387
290,0.0247995,0.19469583919539743
290,0.0244298,0.01350060739374352
291,0.0295643,0.038825565031303175
291,0.0232056,0.043712078422331255
291,0.673611,0.09909118873038107
291,0.554823,0.10578281739488694
291,0.0279369,0.09558091232040007
291,0.0252496,0.2440846082816362
291,0.0220331,0.08200576199267982
291,0.0254397,0.055345735156378265
292,0.0244662,0.011610275621190614
292,0.0217014,0.0004186884283089236
292,0.0273759,0.011322694025716886
292,0.0252517,0.01281356312662492
292,0.0259603,0.018386892070167787
292,0.0259603,0.10777897615026812
292,0.0258028,0.023135074000314126
292,0.0235598,0.019363956956159598
293,0.0226029,0.021159359631141635
293,0.0239236,0.0628246647424402
293,0.0239236,0.017381192249095116
293,0.0239236,0.015928531005714206
293,0.0223968,0.016707986114430456
293,0.0228574,0.009574225817266246
294,0.0235615,0.02075668807878552
294,0.0227033,0.026404336765008654
294,0.0241073,0.024551549849245905
294,0.0420016,0.03396479830648206
294,0.0340683,0.028688844521869882
294,0.0226077,0.013430655233457312
295,0.0214467,0.022826618233982722
295,0.0235451,0.02901521842068402
295,0.0272635,0.03670786836633245
295,0.0990672,0.026068071581918255
295,0.0871151,0.022143534970731456
295,0.0232528,0.026888287412924042
296,0.0261308,0.042843670477679605
296,0.0568981,0.040372091845729416
296,0.0463464,0.029009931058174215
296,0.0381321,0.0236718440346331
296,0.0305256,0.029962409782926837
296,0.0275047,0.0239625749868416
296,0.0261315,0.0501901633788933
296,0.0220262,0.06755938424823024
296,0.0273316,0.05168199323749026
296,0.0253473,0.03568402533347364
297,0.0338338,0.004280852718793502
297,0.0305305,0.007246357705772028
297,0.0309292,0.007087460758268833
297,0.0246185,0.007498613205120136
297,0.0300952,0.0048993264843241666
297,0.0286619,0.000863307592923886
297,0.0235094,0.006073631533111237
297,0.0224789,0.007328280835230755
297,0.0230425,0.004530176596999343
297,0.0288858,0.0002899999999998555
298,0.0227203,0.0014462710672626103
298,0.0243825,0.006424780151881066
298,0.0224736,0.009294051861271151
298,0.0240041,0.014236607742014837
298,1.0241,0.16379190853030473
298,0.757244,0.16137004988534756
298,0.0287566,0.01272764707241687
298,0.0439652,0.009733627073193094
298,0.0391815,0.007889275568770567
298,0.0241631,0.008941168827395901
299,0.0245537,0.1431163055001073
299,0.0245537,0.216174551925059
299,0.712314,0.10147413907001149
299,0.518195,0.08393462694263903
299,0.059434,0.05658384155392774
299,0.0518484,0.03921375076424088
299,0.0518484,0.25162730257267385
299,0.0227099,0.15230990414283646
299,0.0229344,0.13686631324033008
299,0.0219249,0.08985619455552304
300,0.0221645,0.06639655789271046
300,0.0237828,0.04765124724495722
300,0.0228681,0.028408523879286687
300,0.0286133,0.038320700672091396
300,0.0293188,0.0550584307803989
300,0.888949,0.0470384906220424
300,0.59009,0.0619253784808782
300,0.0279295,0.03657601399824735
300,0.0242127,0.026879562868469473
300,0.0235978,0.04927677343333318
301,0.0238761,0.04140600198038913
301,0.0273814,0.03624839858531695
301,0.7862,0.10214180045407478
301,0.575076,0.11015480788417716
301,0.0230962,0.17340974972590162
301,0.0230839,0.047761495998345345
301,0.023155,0.048695097289151806
301,0.0215887,0.03269193172634477
302,0.0222846,0.010564326765108968
302,0.0233065,0.015654494562265545
302,0.0308972,0.025548029278204192
302,0.110322,0.021575607268394626
302,0.0903503,0.018480461141432654
302,0.0220721,0.019265476895213587
303,0.0684544,0.0681358319828856
303,0.0256176,0.03301304590612624
303,0.0212379,0.043485917260649105
303,0.0226483,0.03457520643466919
303,0.0277753,0.08090542194439136
303,0.0235557,0.12715238770860685
303,0.024895,0.11774337518518854
303,0.0228735,0.09931393960567698
303,1.06242,0.02432526154021786
303,0.912462,0.018481121421602065
304,0.0297194,0.027616895191169163
304,0.0400754,0.028193194214207445
304,0.0293409,0.024032538359482755
304,0.0335661,0.22554396139114455
304,0.0293316,0.22339603497009547
304,0.0278503,0.024607515112258
304,0.0294878,0.02082907583163518
304,0.023305,0.011090040577022515
304,0.022728,0.004173823187438666
304,0.0354286,0.008776697328722098
304,0.0434385,0.008446254850523777
304,0.0255052,0.012211326709248847
304,0.0255698,0.013764619718684631
304,0.0307629,0.017071871045670532
305,0.0438737,0.03586699039506916
305,0.0310576,0.04716405940968243
305,0.0321512,0.037546234165359404
305,0.0247123,0.024601522310621394
305,0.0235915,0.010065147788284112
305,0.0232046,0.01137636585206348
305,0.0228141,0.02429539050931293
305,0.0246386,0.036483429457768925
305,0.026919,0.04389338912638216
305,0.0338401,0.03162234969131805
306,0.0245289,0.1045094622510328
306,0.815385,0.07155802820089491
306,0.673373,0.07921859188347223
306,1.02217,0.19162924030794481
306,0.886622,0.1973143084649464
306,0.0234266,0.05080230408160649
306,0.0216535,0.04950709141123176
306,0.0242312,0.028284336654763566
306,0.0233888,0.005966615456018683
306,0.0313636,0.03518469127333616
307,0.0219601,0.05877550935551327
307,0.0243506,0.02959355504159632
307,0.0238039,0.021915503644680385
307,0.0280099,0.00829218909576899
307,0.0259416,0.05569448985312691
307,0.0294574,0.05823695132817327
307,0.0265534,0.03420270457142228
307,0.0824912,0.04911497124095672
307,0.0714547,0.04289797091938093
307,0.0310935,0.06072397384888455
308,0.0501151,0.008945373105689623
308,0.0731506,0.014183173128746718
308,0.0474166,0.01178867252916936
308,0.0212351,0.006760332832043476
308,0.0251411,0.006472711950952203
308,0.0342865,0.0030829369114532585
308,0.0278609,0.0016658931538369038
308,0.0256169,0.0061602353851131705
308,0.0320812,0.004915699339870149
308,0.0447445,0.0077024801200647995
309,0.0271,0.31190495683781616
309,0.0209427,0.9891957842611341
309,0.0206796,0.9453662763098752
309,0.0206796,0.3154269354842734
309,0.0474761,0.5885551119275066
309,0.570879,0.42340145149137126
309,0.509098,0.07281354459164886
309,0.0237933,0.36582631926050646
309,0.0257795,0.6607248922206579
309,0.0363972,0.8865695616814282
310,0.0272369,0.0011152129841425775
310,0.0275393,0.0009638464608016371
310,0.0369239,0.0007638062581573968
310,0.0421431,0.0038166215426735403
310,0.0550185,0.004206720813175318
310,0.026374,0.0021807338214466306
310,0.0227243,0.001368247053715107
310,0.0246287,0.003124739989183913
310,0.0240366,0.004144840165797441
310,0.0259403,0.004942003642248671
310,0.0240788,0.01878517766751234
310,0.0286735,0.018489272565463812
311,0.0230228,0.02728376806821248
311,0.0237798,0.006351850124176314
311,0.0291365,0.01175374408433315
311,0.0257756,0.0185096866532097
311,0.0248553,0.02595428673649103
311,0.029623,0.040367344475454495
311,0.0337105,0.026707601914062178
311,0.0299238,0.02197635092548306
311,0.0583594,0.0477057927719473
311,0.0516754,0.04614329339134759
312,0.0278409,0.015691634714076086
312,0.0549148,0.015559579043149054
312,0.0444801,0.013875896367442485
312,0.0224948,0.01286038879661143
312,0.0234017,0.005905294234837068
312,0.0234017,0.168764210068367
313,0.024109,0.045988739926203594
313,0.021939,0.06166792115841095
313,0.0288769,0.04307310810807608
313,0.0445016,0.0676993932501616
313,0.0302824,0.08749283056342382
313,0.0302824,0.056201378096982814
313,0.0302824,0.04894549213155409
313,0.0239027,0.00618727726871853
314,0.0345166,0.1600458559288555
314,0.0307479,0.04435727210954256
314,0.0240799,0.02450004948974602
314,0.0696268,0.015416056564504352
314,0.0835629,0.34621584957942025
314,0.031607,0.3593858946870341
314,0.022058,0.03473100200109412
314,0.0223466,0.03425299986862452
314,0.112752,0.022547285867704974
314,0.153546,0.03280733149770031
314,0.0312793,0.04419916854421592
314,0.0345166,0.02976471904789312
315,0.0215863,0.01102739316429735
315,0.0226998,0.0053189660649422665
315,0.0236476,0.13453084404700674
315,0.0802368,0.010038929225769225
315,0.10406,0.00987085609255865
315,0.0275015,0.015992076162900236
315,0.0245401,0.0121560725565456
315,0.0294121,0.014125101769544877
315,0.0420329,0.01457628210484387
315,0.0698933,0.017812534912245666
315,0.0452634,0.009599928333065704
315,0.0284821,0.008064917854510516
316,0.0309196,0.008139047855861208
316,0.0267484,0.014570123541000467
316,0.022738,0.0029205821337534394
316,0.0221314,0.010602886399467059
316,0.029911,0.024050474007802858
316,0.0423945,0.01927380865319535
316,0.0309618,0.013348892688159685
316,0.0284954,0.009605248773457168
316,0.0248139,0.010800981436887847
316,0.0238961,0.012000599985000951
316,0.0232078,0.01100283599805085
316,0.0265676,0.006405161980777527
317,0.0237865,0.015598390942657987
317,0.0252727,0.016640375596722476
317,0.0247425,0.012426632689510038
317,0.0280381,0.011548147037512313
317,0.030203,0.010592417099038328
317,0.030203,0.008281551786953856
317,0.030203,0.005083551907869122
317,0.030203,0.04029141150419027
317,0.0298079,0.002563866026141041
317,0.0279417,0.002839330907097523
317,0.0315572,0.002745556592022875
317,0.0238309,0.006639231883283246
318,0.184653,0.04053922983974926
318,0.0244418,0.04782844028399859
318,0.0224092,0.037921398972084554
318,0.0242687,0.0372008776778184
318,0.433403,0.015269505558465388
318,0.5143,0.0153794993416559
318,0.0284528,0.0452765557435639
318,0.147047,0.03190159527359104
319,0.0212674,0.008791018143537048
319,0.0242605,0.009470021119300722
319,0.0267147,0.00604318624568192
319,0.0239209,0.00823476168446922
319,0.0412143,0.006655231025291394
319,0.0498947,0.014853316710421944
319,0.0253409,0.016464981598641463
319,0.0361582,0.01156000865051594
319,0.0391566,0.013647904601073872
319,0.0225273,0.008766806716245457
320,0.0249074,0.023679664271269017
320,0.0219175,0.025843732315592387
320,0.022284,0.05507487630489969
320,0.0249684,0.05092308121078284
320,0.0632295,0.030312960610933175
320,0.0723562,0.035380103108950615
321,0.0257416,0.031199751601575298
321,0.0344201,0.022470269246272524
321,0.0253188,0.021135063283558086
321,0.025579,0.10442762134607853
321,0.0270143,0.1068108332520632
321,0.0270143,0.031229756643304133
321,0.0270143,0.03442500399419014
321,0.0270143,0.06112396407302143
321,0.032072,0.023707796207155258
321,0.024088,0.04979981124462237
322,0.0284445,0.01842303449489264
322,0.0286233,0.06232590653171444
322,0.0229846,0.040478342715580644
322,0.0257226,0.011307011099313907
322,0.0285414,0.032901709682021094
322,0.0262174,0.09644352100581977
322,0.0322303,0.11558003488492286
322,0.0492102,0.13277520626984537
322,0.0407032,0.12604413592071637
322,0.026918,0.04334261298076069
322,0.0251535,0.02435415775591517
322,0.0279289,0.03157186088908927
322,0.0807242,0.025548708382225355
322,0.0638141,0.018168758047813958
323,0.0333478,0.024701945267528783
323,0.0232541,0.009780112473790742
323,0.0537993,0.026597803085969495
323,0.0627593,0.025766591082252443
323,0.0279131,0.04513732934058029
323,0.022699,0.05953642582486784
323,0.0251601,0.03814369279448411
323,0.0288518,0.01732851395821319
324,0.0244441,0.07091707974811141
324,0.0222745,0.11712054388534923
324,0.0228909,0.09278189694115982
324,0.0450586,0.05409964533155466
324,0.0532992,0.06844549382537904
324,0.0267436,0.033605121633465164
324,0.048779,0.03986331552944391
324,0.058614,0.035688217117138085
325,0.0230622,0.05774322211307585
325,0.023858,0.041391537782498426
325,0.0326037,0.02008210831660876
325,0.0383731,0.029313531120627533
325,0.0245938,0.014030612958812631
325,0.0271396,0.02352041506861646
325,0.0303084,0.0199475562663697
325,0.0235573,0.03756267296133209
326,0.0230287,0.04015330746028246
326,0.0224105,0.014642352952991987
326,0.0243989,0.014022567525243262
326,0.0742359,0.028398204168573932
326,0.0674819,0.025496707630594202
326,0.0253065,0.03816616564445533
327,0.0232394,0.05247473640715148
327,0.0220535,0.06046435396165221
327,0.0232705,0.038029647644962736
327,0.0294708,0.11211993756687474
327,0.0369299,0.026683264061954894
327,0.0415809,0.019979926025889893
327,0.0247115,0.04034229170486018
327,0.0222616,0.04603290263496328
328,0.025037,0.004186454347057929
328,0.0424717,0.010195729498177483
328,0.0372023,0.008404058543347113
328,0.0252346,0.008277783519759127
328,0.0238526,0.013073033312893006
328,0.475863,0.03105530822580913
328,0.553227,0.03179551068940407
328,0.0254827,0.008470482926020354
328,0.0442094,0.015147212581858218
328,1.00974,0.07592606793618395
328,1.09845,0.07671682482226458
328,0.0300739,0.01443998961218473
329,0.02353,0.04788363499150816
329,0.0222869,0.015723221680050106
329,0.0490226,0.022873327807732685
329,0.0561579,0.024690015411092798
329,0.0245837,0.04874300975524578
329,0.0485518,0.045036606011110716
329,0.0597818,0.05321820666839495
329,0.0506533,0.07241552595956183
330,0.0219531,0.0076740862648264525
330,0.0233454,0.01862713075060135
330,0.0276491,0.05840944872193207
330,0.0276491,0.024718247530923363
330,0.0276491,0.02127109973649683
330,0.0218313,0.013490181614789275
331,0.0250853,0.05915696493228854
331,0.0231604,0.09077715406422468
331,0.0248602,0.07129054986462115
331,0.0522911,0.03433641818841962
331,0.060412,0.046174064257870434
331,0.0253368,0.032392988438857885
331,0.0361301,0.030664039133813024
331,0.0448621,0.032500635624553575
332,0.0236962,0.07090432003763956
332,0.0230454,0.09091832048602748
332,0.0267893,0.06062864751913877
332,0.481861,0.038839614960115225
332,0.592511,0.03541811806914667
332,0.0253408,0.02284189352921524
332,0.0261571,0.03798675112456957
332,0.0301729,0.041779340839702285
333,0.023263,0.02143247069285316
333,0.0217852,0.024723771961414155
333,0.0220294,0.024987692970740612
333,0.408979,0.08829797562798375
333,0.534055,0.08555301572709177
333,0.340924,0.010814665968026936
333,0.0368368,0.016548715962273794
333,0.0303688,0.014808119394440999
333,0.0255096,0.020151720050655623
333,0.0233498,0.021810253185142035
334,0.0355453,0.03190263468743606
334,0.0323647,0.008309271929597632
334,0.0387625,0.009864486808749821
334,0.0840618,0.004008703032153826
334,0.070339,0.0072345142200426074
334,0.0293445,0.034800139367536904
334,0.0289787,0.022529748356340046
334,0.0249381,0.007029149023885759
334,0.0286668,0.017665743686581473
334,0.0286668,0.16044986163908065
334,0.0257749,0.00613278696841802
334,0.0351068,0.01697951180099161
335,0.0258403,0.0419953056900414
335,0.0257015,0.03538927769819554
335,0.0215685,0.015424831960187029
335,0.0225356,0.01697601248821415
335,0.0248428,0.003809383152165301
335,0.025017,0.015185420639547597
335,0.0261656,0.026331238102299828
335,0.0296714,0.023031814952365722
335,0.0619221,0.029967490719110913
335,0.0744138,0.03116133662088314
336,0.0233853,0.04679388848984498
336,0.0234239,0.019050577419070173
336,0.0368345,0.040604544080681274
336,0.0422743,0.04055651779923895
336,0.0250233,0.06704792912536499
336,0.814425,0.35153265452870774
336,0.909412,0.34514171364817653
336,0.909412,0.10171101464443263
337,0.0228196,0.016526929539391208
337,0.0343788,0.028579106004212516
337,0.0312794,0.021238373289872877
337,0.0312794,0.21562542637638996
337,0.0240808,0.040652370164603845
337,0.022301,0.013739232147394843
338,0.0241689,0.1189909517568459
338,0.0224465,0.00690889282012667
338,0.0223211,0.03518009096065568
338,0.0434636,0.04287808297953675
338,0.0382638,0.03482291343354261
338,0.0286257,0.05188762569245199
339,0.0374665,0.004108782789342797
339,0.0251013,0.003505739010537008
339,0.774927,0.025233449704905535
339,0.369419,0.02705323569575369
339,0.0401823,0.0031533772387714954
339,0.0266662,0.0023303008410937636
339,0.0267501,0.001758612524121703
339,0.0306072,0.004453241741697489
340,0.0256803,0.03904924327051692
340,0.0265558,0.013533312085369245
340,0.0243276,0.05252488111362099
340,0.0271818,0.05646706119500114
340,0.0285343,0.041046931675826896
340,0.0266827,0.0325335922547757
340,0.0266827,0.10843695502917818
340,0.0880055,0.5247225998563435
340,0.0723053,0.5134675812551367
340,0.0780061,0.07232161956151135
340,0.0238919,0.04857339337538598
340,0.0299488,0.04158348595295998
340,0.0270974,0.0879364224880678
340,0.0253021,0.08092529023735397
341,0.0245023,0.013811694320394106
341,0.0241661,0.017807091284091914
341,0.0253635,0.011390355569515608
341,0.0342961,0.003782076149418771
341,0.0297709,0.005060247029543348
341,0.0237252,0.012254272724237696
341,0.0232395,0.016106290975888768
341,0.0226336,0.011100128332591472
341,0.0284696,0.007510559233506229
341,0.0295548,0.003630812581227692
342,0.0234042,0.05300725327726417
342,0.0224233,0.010772067248675892
342,0.0258868,0.03166675387531831
342,0.0317691,0.007151873880319778
342,0.031842,0.01957717548575379
342,0.0304297,0.1416596198781079
342,0.034913,0.1314743426900021
342,0.0297135,0.03665904799636774
342,0.0243352,0.018369104496409286
342,0.0230804,0.043820713138879856
343,0.0413479,0.02159872681432925
343,0.0293588,0.09081392184571706
343,0.0244455,0.07908289627978995
343,0.0283749,0.0066731252048795675
343,0.0280405,0.009091474027901033
343,0.0244963,0.1366680949197725
343,0.0244963,0.05032407431836169
343,0.0217077,0.09108802445985953
343,0.03045,0.010624358804181685
343,0.0407576,0.015388112294885275
344,0.0284238,0.1965307663344344
344,0.0231172,0.13206973294816654
344,0.0246607,0.0593710451314444
344,0.0246607,0.10721757038843967
344,0.0232482,0.05803753988583604
344,0.0232482,0.06724382309179025
344,0.0332355,0.04460063676675446
344,0.0284449,0.052756441312886114
344,0.033873,0.06714483524441756
344,0.0410937,0.08136437795497473
344,0.0352671,0.07751307760629815
344,0.536924,0.08422826603937655
344,0.647017,0.08494071873960139
344,0.647017,0.14903461510669297
345,0.0288636,0.012180147782354463
345,0.114627,0.02093166261910384
345,0.102214,0.01549209153084274
345,0.022288,0.022223998290136857
345,0.0217721,0.023125786473112635
345,0.0236497,0.008154489560972129
346,0.0224619,0.024336378120008034
346,0.0246972,0.023404617065869618
346,0.0410925,0.021699544142677354
346,0.0339315,0.02109644842147593
346,0.0245204,0.010910270390783253
346,0.0219814,0.013873517938864446
347,0.0302671,0.058168343624346
347,0.0910273,0.05515086241392779
347,0.0656444,0.04160635648551784
347,0.022421,0.046802670863958555
347,0.0221383,0.017239286528160425
347,0.0248611,0.024975932415027005
347,0.027398,0.03914586983322755
347,0.0249348,0.02839131559121555
348,0.0246643,0.04505795046381947
348,0.0220371,0.0474899578858518
348,0.0225343,0.028461377338421127
348,0.0251534,0.030571033675687267
348,0.0528279,0.04112533399256462
348,0.0457641,0.03618947859530458
349,0.0228078,0.0072248252574029165
349,0.0225485,0.06252376588146362
349,0.0219889,0.061956661538530806
349,0.0251077,0.028435137576597068
349,1.10632,0.06387777031957206
349,1.3909,0.06071052977037837
349,0.0344501,0.02286032948144005
349,0.0230905,0.05882872231316902
349,0.0230905,0.0280813122912733
349,0.0232458,0.007577928476832742
350,0.023431,0.02501087763354209
350,0.0269288,0.01947450641223014
350,0.0699103,0.034717622326421
350,0.0629016,0.0309731249472829
350,0.0224489,0.043646672267195825
350,0.0224996,0.04827955675024351
351,0.0298133,0.03323874847222732
351,0.031118,0.02136755718373063
351,0.031118,0.03683106309896584
351,0.031118,0.03535117927311617
351,0.031118,0.07532605193424104
351,0.0451902,0.06648743114303624
351,0.0561986,0.06709744033865976
351,0.0241098,0.11114419867901373
351,0.0231876,0.0913068387581126
351,0.0258723,0.03364811560845554
352,0.0227541,0.012098417251855766
352,0.0247246,0.0023070543990117765
352,0.0786665,0.01177972835000867
352,0.100861,0.013129451626019948
352,0.0695058,0.010291831518247882
352,0.0218901,0.014113996599121182
353,0.0241612,0.021193988982727674
353,0.0247657,0.019187063350080455
353,0.0273171,0.01605692996808506
353,0.0340771,0.01913541219832966
353,0.0435086,0.016061211037776427
353,0.035508,0.013532956070275177
353,0.035508,0.10984992899406006
353,0.0228338,0.0023535717537393618
353,0.0235455,0.006594126174103969
353,0.0243592,0.012814421407148955
354,0.025544,0.00798748270733654
354,0.0238524,0.0019126944345608072
354,0.0257451,0.006278321125906041
354,0.0384175,0.011648796285024366
354,0.0371444,0.008850564953718863
354,0.0257057,0.008834317687291976
355,0.0242509,0.014536027655449648
355,0.0213021,0.008886844209278657
355,0.0234499,0.0015882380174266403
355,0.116681,0.006960669867189563
355,0.145435,0.008199607063756206
355,0.0280954,0.012010703559742226
356,0.0229899,0.026560018825294122
356,0.0221612,0.03474114131688747
356,0.0221612,0.2942945818393537
356,0.0230471,0.025098902366438545
356,0.0244233,0.009626183096118382
356,0.0295961,0.03660168023465616
356,0.0293591,0.045608031091026346
356,0.0224312,0.022961151974585203
357,0.0232455,0.03426588390805104
357,0.0220697,0.035463137199069
357,0.0220697,0.13207390809694391
357,0.0310749,0.051195031008878525
357,0.0350392,0.04001947151075324
357,0.0501522,0.01757800045511451
357,0.0425878,0.010241411035594429
357,0.0236777,0.01669044337337984
358,0.0402908,0.03491681829720444
358,0.023325,0.03219750897196879
358,0.0236293,0.02871772971528209
358,0.0234816,0.009635764058962756
358,0.0355853,0.006443375644023823
358,0.0661175,0.027960196570303273
359,0.0261607,0.005206944977623485
359,0.0214582,0.017662586560297677
359,0.0306953,0.010528749403419153
359,0.0493062,0.020526631384618303
359,0.044057,0.026204696144011948
359,0.0262207,0.0034096920682081524
360,0.0219014,0.013327359078227076
360,0.0245468,0.00114982607380436
360,0.0368757,0.014364156779985888
360,0.0301903,0.01778606758111537
360,0.0285602,0.00713599327353978
360,0.0252135,0.0034838197427534906
360,0.0266176,0.11852341709552563
360,0.0243402,0.01366852223175619
361,0.02315,0.0066780011979633664
361,0.0314118,0.029571325638192238
361,0.0314118,0.1508233249998156
361,0.0257884,0.01060423312880291
361,0.0242553,0.008640537946216175
361,0.0268741,0.010427425425290838
361,0.0304406,0.014506233143031946
361,0.0238928,0.010033907514024424
362,0.043537,0.03921445141781296
362,0.0278892,0.018627807171001126
362,0.0306624,0.025453072506084373
362,0.021801,0.011535636089960034
362,0.0238946,0.01797481015198777
362,0.0266445,0.046492564996997054
363,0.0232609,0.03940761855276212
363,0.0322067,0.01907576472910083
363,0.0372913,0.02419838837608806
363,0.0252893,0.01441602580463865
363,0.0243933,0.011351704717794541
363,0.0240654,0.0410641766019971
364,0.0253453,0.005806823572315483
364,0.0249834,0.008861207592647719
364,0.0222797,0.02860756018957259
364,0.0384218,0.038674928571362226
364,0.0338456,0.0327969647985913
364,0.0241071,0.018486887244747275
364,0.0225615,0.015518405201566284
364,0.0230379,0.018545236585172303
365,0.0266948,0.04050244437067967
365,0.0274424,0.033116094274536455
365,0.127595,0.030383484000357692
365,0.148382,0.03563243466281771
365,0.0263116,0.06429223281237025
365,0.0223395,0.06791656646209374
366,0.0277527,0.05052802885527987
366,0.026245,0.0036549848152899003
366,0.0264861,0.014351359134243612
366,0.0270638,0.024464774677074055
366,0.0255331,0.021042396940463014
366,0.028066,0.049589286302587826
367,0.0465791,0.013021536007706445
367,0.0343377,0.022416895413950814
367,0.0246584,0.020302100876510243
367,0.0250002,0.11028714975009561
367,0.0293005,0.11737696239041082
367,0.0238023,0.021010771047250958
367,0.0235829,0.04917425749312293
367,0.0235829,0.011232274925410513
367,0.0235829,0.009062141027373042
367,0.028819,0.007513035338662968
368,0.0235221,0.016479481181153607
368,0.0236742,0.011733358428003575
368,0.0262516,0.03025382289893287
368,0.0227084,0.033995252609739644
368,0.0237827,0.0070289970835107855
368,0.025174,0.010173603884563344
368,0.023306,0.002550317823331005
368,0.0245374,0.004720021186393167
368,0.0244315,0.007607576815254719
368,0.024599,0.012266772191575341
369,0.0273955,0.031646574854160815
369,0.0275453,0.016676930173146465
369,0.0277909,0.015394300893512458
369,0.0294895,0.005448118941432782
369,0.0261679,0.006273341135312228
369,0.0275816,0.030075532646987306
370,0.0248526,0.014286864596544713
370,0.0225746,0.024184643888219278
370,0.0267232,0.024951092160464542
370,0.0348249,0.028762379943252384
370,0.0301587,0.025204414295912622
370,0.0268567,0.013574332396107109
370,0.0234398,0.01895346765106595
370,0.026388,0.015415576538034674
371,0.0232795,0.02800815952539579
371,0.0232795,0.07094952360657544
371,0.0250589,0.1346638518682716
371,0.0248268,0.024800050403174474
371,0.0219084,0.02258058345127515
371,0.0219084,0.1031536445502534
371,0.0300406,0.06304285526528756
371,0.0223044,0.024923214078445173
372,0.0234906,0.016304128662400396
372,0.024663,0.010436902582667877
372,0.0330217,0.008266462217907791
372,0.0848765,0.007546479298328338
372,0.0484766,0.009709153133002673
372,0.0303158,0.01389349656350424
372,0.0304948,0.16420658483605363
372,0.0245613,0.019605330278271518
373,0.0244423,0.06556283779703188
373,0.0252896,0.03054287478283538
373,0.0243072,0.005462490274591087
373,0.029002,0.013535848698918032
373,0.0278914,0.038091123637928874
373,0.0278914,0.1955719903258135
374,0.0218091,0.12477261318093824
374,0.0248635,0.05702570736080324
374,0.0221986,0.013925653341944347
374,0.0262453,0.015581002053783386
374,0.0286948,0.00853014654035914
374,0.0580218,0.007679387996448362
374,0.0496352,0.007100683065734153
374,0.0218091,0.0081418978131637
375,0.0260053,0.050389310374324335
375,0.025753,0.04851651905279272
375,0.0215158,0.018273999808470977
375,0.0289057,0.030245297155094702
375,0.834477,0.1798590983214363
375,1.03746,0.17340213121239328
375,0.0363686,0.04273379575932821
375,0.0245575,0.025095246561849426
375,0.0247596,0.013484320524223986
375,0.0242108,0.010829604101720463
375,0.0226648,0.021877635269836673
375,0.0235799,0.02903705391392166
376,0.0235111,0.08196070521902556
376,0.0237865,0.020133757721796496
376,0.0223274,0.018315381513907936
376,0.0230697,0.02317495380793647
376,0.0239494,0.024676543133104925
376,0.0237049,0.029728575478821476
376,0.0237049,0.017092328688625258
376,0.0239186,0.02935038330243745
376,0.0342456,0.037918311684461976
376,0.031099,0.08020620206068858
377,0.0231554,0.005340636666166338
377,0.0226691,0.0033714833530656945
377,0.0230619,0.0018876705220988975
377,0.0275651,0.0033320414163091117
377,0.0258082,0.002476781984753671
377,0.0282952,0.004369174864891433
378,0.02738,0.01749835706573639
378,0.0234167,0.015535330701340517
378,0.0232575,0.007751180555244291
378,0.0222193,0.01110157646462925
378,0.307764,0.01512966741207488
378,0.375095,0.01427013528317092
379,0.0462063,0.014035090452148943
379,0.0237613,0.013464085561225117
379,0.0220643,0.009260637127109412
379,0.0220551,0.016348363832506253
379,0.0727981,0.016226397505299892
379,0.0790415,0.019261325914900186
379,0.032968,0.029072270361978972
379,0.0310863,0.02605818113376301
379,0.0237319,0.01881777085629454
379,0.0384172,0.01376201384245774
380,0.0214507,0.019135082962976575
380,0.0238156,0.025825779755894767
380,0.0243927,0.021078614755244512
380,0.0291015,0.007818260676134775
380,0.0228592,0.015121051021671683
380,0.0232804,0.016262831272567543
381,0.0238082,0.0451969302054907
381,0.0234894,0.0343819778372329
381,0.0212031,0.019376016205608505
381,0.0428287,0.05863125872774681
381,0.0436074,0.05189504924364184
381,0.0213414,0.01149374477705146
381,0.0244132,0.03154780657985601
381,0.033815,0.04027940585460519
381,0.038516,0.047303284674533846
381,0.0251344,0.04739303113327877
382,0.0240761,0.03399322432485673
382,0.0235784,0.030379330144030443
382,0.0222719,0.005474011326257936
382,0.0251207,0.015809253619320757
382,0.0251291,0.03028684532928417
382,0.0235303,0.024238541622795914
382,0.0394755,0.010371185986183392
382,0.0463234,0.017599284359314186
384,0.0226892,0.026529323398835576
384,0.0283788,0.05249298334063342
384,0.0263852,0.050457548493758886
384,0.0263852,0.008055662604652809
384,0.0221871,0.12644756225408219
384,0.0232729,0.07777216275763449
385,0.0217536,0.05210611367776425
385,0.0230691,0.0907150785569857
385,0.186299,0.0845363642450994
385,0.165948,0.07754381430069131
385,0.0230134,0.06859896767007553
385,0.0225483,0.01321405002261222
386,0.0228147,0.022498075473248884
386,0.0241614,0.018675333999690444
386,0.028027,0.10420238960791632
386,0.42606,0.026804387868406762
386,0.522936,0.024910149517816896
386,0.0224322,0.02182567295640594
387,0.022351,0.025937727348401118
387,0.0284573,0.05604374809021969
387,0.0284573,0.01954260118305652
387,0.0284573,0.020598996965871905
387,0.0246056,0.009856353281005719
387,0.0229946,0.01089119369031698
388,0.0241173,0.02161453446179208
388,0.0274217,0.021061861266280048
388,0.0266619,0.007526553062326153
388,0.0229555,0.007112563602527739
388,0.0255405,0.009266077918946878
388,0.0246555,0.016403392941705446
389,0.0268226,0.008804930436976895
389,0.0232396,0.009341177655948552
389,0.0217521,0.009000022222194788
389,0.0290729,0.005296260795127084
389,0.0605217,0.00874572718531752
389,0.0589649,0.00578890317763216
389,0.0241006,0.002144411341137746
389,0.0245208,0.0034338462400055995
389,0.0288214,0.0016571252215810774
389,0.0320558,0.004147000000000012
390,0.0226338,0.009671773363763419
390,0.0296824,0.01087862583233703
390,0.0392582,0.017042183076120383
390,0.0326731,0.012246739361968864
390,0.0247825,0.01408537184457685
390,0.0221051,0.01648627611075355
391,0.0238347,0.02789280373142827
391,0.0254406,0.034304490959639763
391,0.0249905,0.017452719587502673
391,0.0242725,0.0016095017862680046
391,0.0300043,0.021437334255919396
391,0.0300043,0.07019653054104588
392,0.0238776,0.016966216431485846
392,0.0312556,0.029913990038107324
392,0.0280888,0.029657756152480775
392,0.0226207,0.04831316280269773
392,0.0245161,0.05102573860317934
392,0.0273447,0.03298669580300541
392,0.0243566,0.026769962638935427
392,0.0219704,0.010240529753875032
393,0.0235774,0.025728670777947403
393,0.022036,0.017028320527873522
393,0.0240898,0.01761801634691039
393,0.0240898,0.17233626693183296
393,0.0239676,0.005188390887356122
393,0.0246873,0.014563110931390769
393,0.0227509,0.00991181113621551
393,0.0241029,0.018266307782362295
394,0.0331083,0.0173706678052399
394,0.0341263,0.01569907640595442
394,0.0225605,0.021697820167011942
394,0.0246199,0.025592440290055064
394,0.0234373,0.017316685595113204
394,0.0242767,0.006192786125807805
395,0.0216291,0.011370562870851898
395,0.0320948,0.013826152754834007
395,0.0294256,0.010618309658321456
395,0.0302783,0.009907759585294683
395,0.0254461,0.07878513628851488
395,0.0231667,0.004335758295846479
396,0.0350609,0.01563182970736336
396,0.0240774,0.02301416954834536
396,0.0223742,0.03616230772503304
396,0.0223742,0.054495751210529915
396,0.040421,0.13972674225072326
396,0.0272382,0.018173180789283983
396,0.0215932,0.023225726597891284
396,0.0318677,0.003512717039557875
397,0.0415567,0.012704034792143633
397,0.0224471,0.03215215233852938
397,0.0219377,0.029253351944691974
397,0.0236001,0.021812496418337966
397,0.0232324,0.01922833846176001
397,0.0352544,0.013680738284171639
398,0.0277927,0.07484875416464869
398,0.0255075,0.05196487756167657
398,0.0253762,0.024412165000261308
398,0.0243523,0.028500822795140712
398,0.0246868,0.04699362722752945
398,0.0246868,0.024894035430198982
398,0.0223365,0.013795023160546047
398,0.0248657,0.007874768314052651
399,0.0228751,0.01344906316439911
399,0.0228748,0.027656709854934326
399,0.0251872,0.024076401080726523
399,0.0314163,0.02171057861964997
399,0.0307088,0.01641513935365756
399,0.0236201,0.017548005584681076
399,0.0236334,0.02139998130840267
399,0.0232671,0.0039361529441825135
400,0.379143,0.09915882461989965
400,0.379143,0.1226562456624203
400,0.0370979,0.009350133688884224
400,0.0335219,0.012187444358847211
400,0.0238731,0.015916904347265372
400,0.026877,0.016998332300552168
400,0.0270805,0.01157343617945876
400,0.290668,0.09867408630942565
401,0.0271773,0.019773113057887415
401,0.0231239,0.019233109472989243
401,0.0214617,0.011310035366877033
401,0.0256893,0.005791752757153804
401,0.0243698,0.010211158063608753
401,0.0274111,0.01563834121638169
402,0.0256403,0.01798492980247607
402,0.0227955,0.012558256248381203
402,0.0248239,0.01207081190309908
402,0.0244797,0.008566241883113468
402,0.0226928,0.0018225707119341051
402,0.025893,0.015041150920059353
403,0.0232389,0.08199762191673615
403,0.0219882,0.08310618328379675
403,0.0227071,0.02544426318445855
403,0.0245988,0.028076843768486407
403,0.0230644,0.01756001138951816
403,0.0243508,0.011982395419948647
403,0.0241816,0.010624523518727764
403,0.0260183,0.010151497426488418
403,0.0223902,0.030221935146512367
403,0.0231798,0.027641608129774172
404,0.0265851,0.022960054442444033
404,0.0235483,0.014799810809601879
404,0.0218349,0.02805708823096214
404,0.0237576,0.02793211234403877
404,0.0296765,0.02601544156842229
404,0.0340136,0.03267053297698075
405,0.0231825,0.007985142453331755
405,0.0230456,0.008247987633356386
405,0.0246241,0.007774132041585031
405,0.0314149,0.014680392501564818
405,0.0300412,0.012170694310514816
405,0.0222414,0.002008083663595632
406,0.0223822,0.1496997651968765
406,0.0233872,0.02061365081687394
406,0.0240843,0.06902856872339139
406,0.0235022,0.04217729839617494
406,0.0812998,0.05428293020241264
406,0.0949102,0.060923698621800706
406,0.028358,0.08164057385883562
406,0.028358,0.10622029984894601
406,0.0273414,0.16940636646832374
406,0.0233894,0.12070640165293635
407,0.647739,0.050371770864245005
407,0.0646038,0.009575620084359731
407,0.0224702,0.006587085850359002
407,0.0217166,0.006012420477645021
407,0.0234257,0.006009667212084596
407,0.504261,0.051727649279664736
408,0.023475,0.031857244074150276
408,0.0229461,0.03093146294632694
408,0.0239518,0.0161623018162637
408,0.0272906,0.01997728710310755
408,0.0288268,0.027408137915589943
408,0.03185,0.0243247186211883
409,0.0240145,0.009933121362391738
409,0.0232816,0.01307648653117488
409,0.0245095,0.0027762204523415985
409,0.0224085,0.01586307662466514
409,0.0231879,0.020262332047422334
409,0.0252934,0.009974337070703283
409,0.0240896,0.015185688295233762
409,0.0241511,0.003690758729583836
410,0.0230674,0.025923271398494617
410,0.607514,0.054875347069517626
410,0.491395,0.05921773278334772
410,0.0264577,0.008452366532515947
410,0.0238096,0.02255975177168399
410,0.0225767,0.031837997738551796
411,0.0222511,0.00586276385333737
411,0.0236218,0.012133952365161394
411,0.024656,0.011470627707322746
411,0.0449194,0.006840411975897454
411,0.0539636,0.007900443025552607
411,0.0230628,0.0046444913607414165
412,0.0234284,0.011810660438773197
412,0.0228787,0.01237606157062921
412,0.0531715,0.022792647937438078
412,0.0631529,0.02501271076872735
412,0.028329,0.030217321191660658
412,0.0223848,0.02705540981023933
413,0.0216051,0.02009828848434607
413,0.0228812,0.026686118114105904
413,0.0242818,0.024385505941029707
413,0.024165,0.07113244548024496
413,0.0407351,0.07826050089285165
413,0.426749,0.11950456434797901
413,1.10248,0.12739442530974507
413,0.465694,0.06536291306237808
414,0.0223712,0.007860617024127126
414,0.0239073,0.024119336640961005
414,0.0256117,0.025871907544671047
414,0.0290498,0.011130543562647754
414,0.0942776,0.0056539109473002025
414,0.0789452,0.008527986925412087
414,0.0227965,0.009862114377759081
414,0.0229523,0.010821594152434211
415,0.0225882,0.030472837084853103
415,0.0224791,0.019504132895363804
415,0.0258103,0.02011346315282346
415,0.0261677,0.012134479799315477
415,0.0291484,0.015068526802577432
415,0.0232799,0.030712775843287018
416,0.0221052,0.00486987679515619
416,0.02262,0.0017940178371464717
416,0.0233956,0.004090782321267855
416,0.165499,0.005287958017987721
416,0.19828,0.006190218089857808
416,0.0254327,0.0069724744531620315
417,0.022143,0.019129027680464886
417,0.0230679,0.014629439497123278
417,0.0235681,0.0026706740722144554
417,0.0256628,0.0090902653976661
417,0.0287325,0.009840352077034707
417,0.0222837,0.013664468522412453
418,0.0216028,0.012252007998691453
418,0.0234988,0.0213264765022263
418,0.0291262,0.021939610297359517
418,0.0341466,0.026946964578594274
418,0.0426925,0.15166812222744777
418,0.0238799,0.02292190655246564
419,0.0244832,0.007039382075153901
419,0.0218545,0.005926997553567738
419,0.0227303,0.0089222418707406
419,0.0271637,0.009307985818639822
419,0.136746,0.010730098601597168
419,0.113447,0.011242639191933603
420,0.0273875,0.029282911398971247
420,0.0279961,0.043632076789903135
420,0.0293857,0.04161048210487342
420,0.0217614,0.05700193856352611
420,0.0240901,0.048893838057571054
420,0.026722,0.04062981171504492
420,0.0306515,0.0431192068572696
420,0.024955,0.017305424005207366
421,0.0238185,0.0380172342497451
421,0.0238185,0.050418488711979355
421,0.0238185,0.05388814819605528
421,0.0238185,0.10738367520251867
421,0.0229171,0.0646528823796743
421,0.0321727,0.04868824601482361
421,0.0375121,0.0548645495743835
421,0.0231313,0.02623555793193675
422,0.0217829,0.02287773808749482
422,0.0316675,0.029158170381558674
422,0.091785,0.017448184117552234
422,0.0770581,0.016916923597391838
422,0.0258869,0.015188419930986552
422,0.0226988,0.007220339327206362
423,0.114385,0.9623718458579303
423,0.114385,0.21441481292112258
423,0.114385,0.12178444769345541
423,0.114385,0.8038625865158796
423,0.114385,0.06184087402357756
423,0.112121,0.7535267740432319
423,0.0233114,0.022183320310539597
423,0.023337,0.017943918189737423
424,0.0258524,0.04739203440452827
424,0.0258524,0.013743656573125334
424,0.025045,0.022272909553984782
424,0.0231952,0.03398792285503806
424,0.0254702,0.1346628383073816
424,0.0241964,0.14002836404100416
424,0.0253378,0.03040640228636061
424,0.0397055,0.031078925914516418
424,0.032814,0.023696295512168224
424,0.025453,0.019344117969036366
425,0.0232785,0.018517529532850404
425,0.0253523,0.007433115093955975
425,0.0392072,0.004745871890390551
425,0.0363793,0.009004221232288577
425,0.0243794,0.003920420895771456
425,0.0239254,0.01565571141788211
426,0.0248948,0.022007600959668597
426,0.0237293,0.0356217152871673
426,0.0218763,0.027607433781501576
426,0.0247088,0.01825920589730005
426,0.0333457,0.024174176325161594
426,0.0301961,0.016897634627367392
427,0.0225013,0.012416448767662914
427,0.022411,0.03814084424865252
427,0.0243154,0.03817324324707042
427,0.310073,0.026321629888743574
427,0.371896,0.029971403036895213
427,0.0247768,0.01801552941214888
428,0.0224942,0.006709664671203942
428,0.0229409,0.009113725912051675
428,0.0247395,0.007922928751414976
428,0.0245595,0.008952318135544384
428,0.0250962,0.008476876842327924
428,0.0293482,0.00774741918318565
428,0.0279421,0.007350979526566421
428,0.0232041,0.0036472592449672755
429,0.0369541,0.017642857931752826
429,0.0250661,0.023355590337219175
429,0.0282183,0.012548326581659988
429,0.0350495,0.02261118307386903
429,0.0318374,0.07871030745715564
429,0.0227108,0.038873878118860124
429,0.022652,0.03346569885718827
429,0.0296528,0.015087312020369462
430,0.0227512,0.025639713336931255
430,0.0221674,0.03753944059252868
430,0.026032,0.059868861040193594
430,0.0360692,0.011731959836702052
430,0.031795,0.005653538714822656
430,0.0219791,0.09256713023530515
430,0.0230771,0.08247132471350248
430,0.0230771,0.15026994642975033
431,0.0227132,0.0533350466391472
431,0.0928258,0.03453776543148075
431,0.117708,0.04298127556273734
431,0.0295349,0.05662041063079664
431,0.0226996,0.038842309406110394
431,0.0222981,0.043988026780022796
432,0.0220004,0.03251915435554854
432,0.0224374,0.02814123309309699
432,0.0352014,0.021065927465934133
432,0.0424123,0.043415392385650495
432,0.219533,0.04616465856041839
432,0.18295,0.03765120184004771
432,0.024061,0.058117650503096106
432,0.0414322,0.04439477920882135
432,0.0358408,0.03405706136765181
432,0.0234568,0.044473893465718
433,0.0308144,0.0115261138290405
433,0.0300905,0.009660227740586686
433,0.0545823,0.011032026105842996
433,0.0401954,0.010733036336470603
433,0.0304237,0.006401249877953397
433,0.0363314,0.006177450930602293
433,0.0232134,0.0038764158703626056
433,0.023178,0.0017083940558312953
433,0.026654,0.00551209802525321
433,0.0319546,0.008184088220443374
434,0.0230932,0.00664091108207297
434,0.0263685,0.008082103686541133
434,0.0263685,0.04376314088362495
434,0.0242649,0.007459396758451832
434,0.0238785,0.024553940702054394
434,0.0251964,0.13029043288361572
434,0.031729,0.1340124270357042
434,0.031729,0.13797246283226225
435,0.0312294,0.005452118854170022
435,0.0256898,0.09089140773472512
435,0.0232432,0.017338007382625958
435,0.0214351,0.028594926123352696
435,0.0322966,0.027330411632465475
435,0.0302784,0.016530365997158014
435,0.476098,0.04150745957054029
435,0.601583,0.038612044752901156
436,0.0227472,0.006294028916361611
436,0.0279323,0.00939652063265942
436,0.0276168,0.0020846162716429443
436,0.0225157,0.005978891536062681
436,0.0263157,0.006362554518430174
436,0.0242178,0.0051324945202116815
437,0.021981,0.01980189889884267
437,0.0244342,0.033581006536433915
437,0.0262199,0.027362808700862343
437,0.0227109,0.007646067460466338
437,0.0251491,0.014871600953660245
437,0.024745,0.011211645731113655
438,0.0313708,0.022184679398179464
438,0.0230989,0.040701088437533846
438,0.0252099,0.03179019031084902
438,0.027423,0.02128522785877556
438,0.0292055,0.024418707602983022
438,0.0233642,0.011051995294968241
438,0.0264192,0.01404108614032383
438,0.0318053,0.015563615421874132
439,0.067529,0.07361255123958152
439,0.0305356,0.047356142157063505
439,0.0238261,0.04635813628695618
439,0.023839,0.14676404259899656
439,0.0231259,0.14359055714078137
439,0.0541816,0.05300459319719369
440,0.0226967,0.018853296793929764
440,0.0248526,0.015038783195458255
440,0.0255686,0.007939748358732235
440,0.0226385,0.014031203405268108
440,0.0256715,0.0051430924549339405
440,0.0234973,0.014484094724904195
441,0.122847,0.017212100394780407
441,0.174336,0.010047750992137559
441,0.0224842,0.011325060706239056
441,0.0259471,0.019907558865918187
441,0.023805,0.018546711298772178
441,0.0230029,0.017813357347788144
442,0.0239016,0.009460084566218012
442,0.0262783,0.007175862317519216
442,0.0427429,0.014950926426145076
442,0.0343389,0.015437072390838776
442,0.0267762,0.0031457431554405635
442,0.0306365,0.003105559530905815
442,0.0280799,0.006811196664316487
442,0.0229731,0.009300650514883192
443,0.0225347,0.025107074700171622
443,0.0244668,0.0147440191264115
443,0.103708,0.012296166069145204
443,0.139766,0.016155386098759477
443,0.0518669,0.105653260243118
443,0.0583739,0.010052810999914548
443,0.0423634,0.0016600168673840763
443,0.0227169,0.022747520744028638
444,0.0239607,0.023752073593688364
444,0.0257971,0.053773080625904225
444,0.0270358,0.03749118963169944
444,0.03418,0.05614133949239224
444,0.0272255,0.07615807048501232
444,0.954946,0.0907259367546019
444,1.11087,0.09916981658246636
444,1.11087,0.07798264694148317
444,0.954946,0.07010229845732609
444,0.0421365,0.026740366489635365
444,0.0839126,0.05858044468933282
444,0.0462063,0.06703803845579029
444,0.0481828,0.04398809043366153
444,0.04012,0.03880453581734994
446,0.0302149,0.013879048958772195
446,0.0212242,0.009636871899117438
446,0.0212242,0.08566411850944346
446,0.0254054,0.006476557727682349
446,0.0438712,0.010362014089934413
446,0.0544642,0.013044186597867895
447,0.0247784,0.005925343871877645
447,0.0240589,0.005977775505988569
447,0.0240589,0.006138118604262971
447,0.0240589,0.00610253226128343
447,0.0240589,0.015804615275292366
447,0.0240589,0.014755328834017667
447,0.0281098,0.0006579513659836848
447,0.0349659,0.003809278146840529
447,0.0246395,0.009432163060507752
447,0.0219682,0.006888396039718028
447,0.0221542,0.001731415605798177
447,0.0235542,0.0021466718426434066
448,0.0496322,0.009268662255147633
448,0.0352422,0.014211041481890146
448,0.0246752,0.01736611067568099
448,0.0246173,0.018539687160251773
448,0.0245516,0.022471771180750392
448,0.0293663,0.016258059539809938
449,0.0253307,0.023762602971896966
449,0.0231713,0.035861769337276216
449,0.0275237,0.04339477042225278
449,0.0246485,0.03222292506896295
449,0.0246485,0.1301071258617298
449,0.0239339,0.2758183757475194
450,0.0295903,0.00953201972301745
450,0.0294435,0.008250909101426115
450,0.0232942,0.009969003209950308
450,0.0244569,0.0010383159442095954
450,0.0235016,0.0061929153070258616
450,0.0235016,0.12936936345209438
451,0.0251292,0.015500096773891392
451,0.0211356,0.02012908592062733
451,0.0240231,0.014224064116840768
451,0.117538,0.0110986710916218
451,0.0969759,0.011366415441994184
451,0.0969759,0.08197561588667698
452,0.0271579,0.005266896619452808
452,0.0265555,0.007922133551007623
452,0.022744,0.0032501778412880656
452,0.0264987,0.010565378601829618
452,0.026462,0.014391511386925022
452,0.0228489,0.007351584863143366
453,0.024044,0.026907474797907522
453,0.0228254,0.04849994845358076
453,0.0230256,0.04539634897213643
453,0.0476858,0.02020910933217987
453,0.0651638,0.03522385555273597
453,0.0257856,0.029508325282875753
453,0.0246342,0.020690488732748712
453,0.0282946,0.029748131033730297
454,0.0225087,0.04071040407561717
454,0.0354126,0.02761400550445345
454,0.0354126,0.040438055047195415
454,0.0354126,0.04415325062778511
454,0.0354126,0.09357832708485417
454,0.0238109,0.06993543093454066
455,0.0222346,0.015214762567979946
455,0.0228672,0.004875705077216916
455,0.0233899,0.01617046999935402
455,0.297349,0.01916180054170297
455,0.342963,0.02150893070331523
455,0.0279757,0.024063393360039882
456,0.0239896,0.007397526613672973
456,0.0229398,0.0017804493814761572
456,0.0222044,0.012559186120127316
456,0.0231725,0.014540785260775934
456,0.0221893,0.010772483464828213
456,0.0227524,0.012237503830438546
457,0.0504014,0.08353146712467066
457,0.0227122,0.007860852371085586
457,0.0975293,0.007218379319487362
457,0.108476,0.005007164866468876
457,0.0263407,0.005065372641770306
457,0.0239323,0.012611871391669749
457,0.0562552,0.006682611764871512
457,0.0504014,0.008605841039666145
458,0.0241738,0.012112779243427158
458,0.0256342,0.007280830996528007
458,0.028267,0.005512223893312002
458,0.0534146,0.0412132361915453
458,0.0437014,0.042316749638884196
458,0.0238606,0.01110577885607308
459,0.0223051,0.02807877490205059
459,0.0234532,0.02395349661322947
459,0.0232177,0.01099488626589656
459,0.0298696,0.02682994746547209
459,0.0294937,0.015663872445854668
459,0.025508,0.019199567703466962
459,0.025508,0.2534544759912513
459,0.0980156,0.023277733996246355
459,0.0771276,0.01843483658728772
459,0.0216205,0.02105057956446732
460,0.0329261,0.004087113896137584
460,0.0230171,0.002742353004264461
460,0.0219529,0.005344726372790099
460,0.0226444,0.006062384019508953
460,0.0226444,0.08244135370067611
460,0.876126,0.1963459164332173
461,0.023944,0.005275699005818556
461,0.0246171,0.003692335846046833
461,0.0230437,0.034278924195488315
461,0.0299658,0.04131728935929852
461,0.0299658,0.154529564808809
461,0.0331238,0.02527190139265372
461,0.0312576,0.04671092912798913
461,0.022436,0.03475811991463267
462,0.0266506,0.03685562100955538
462,0.0271392,0.023349796572989023
462,0.0254947,0.08716061151689998
462,0.0531624,0.03682284752704544
462,0.036462,0.03617162562009092
462,0.0252789,0.05717020989991229
462,0.0249679,0.05594189932420942
462,0.0236364,0.03267893052105559
463,0.0226811,0.004653987537585413
463,0.0302881,0.027476777467526893
463,0.0311063,0.030331887511330605
463,0.0247066,0.01665775987340438
463,0.0227972,0.026944417158290924
463,0.0226227,0.025560174099563453
464,0.0239202,0.0009455686120002267
464,0.0236493,0.008662938300600073
464,0.021733,0.007470107094279452
464,0.0841911,0.0037617549096134106
464,0.110274,0.005790923933190628
464,0.0374457,0.0054605860491345306
465,0.031834,0.009933282438348363
465,0.0316806,0.008017312517296572
465,0.0233713,0.012155673572451656
465,0.0229044,0.012714578247035617
465,0.0230393,0.011936601233181694
465,0.0251736,0.01278312751246732
466,0.0226737,0.009635937940854454
466,0.0411467,0.061303874265824336
466,0.0599177,0.06057865135507695
466,0.0599177,0.1264592301890212
466,0.0533262,0.008693043195567008
466,0.0695929,0.05326270928144765
466,0.0409054,0.05457452244408575
466,0.0220779,0.01164147756944974
468,0.0236243,0.05448979537491412
468,0.0369404,0.006050126987130039
468,0.0481048,0.02033110455066324
468,0.0414592,0.1334489692729022
468,0.0223985,0.01762972773470981
468,0.0223985,0.12769666753678424
469,0.0228409,0.09387604273721828
469,0.0213551,0.08156896591228784
469,0.0218385,0.10880199492656348
469,0.0211649,0.13634146141214692
469,0.0266471,0.10596119733657228
469,0.0311824,0.15721900680261275
470,0.0274847,0.038993589216690584
470,0.0232745,0.02981081179706448
470,0.0230304,0.03437875070446847
470,0.021359,0.028825726356850132
470,0.134795,0.01916649409777392
470,0.225298,0.037978049252166655
471,0.0838712,0.04777894201423882
471,0.0252374,0.026410443407864265
471,0.0226315,0.013919012177593651
471,0.0241048,0.040893669436723214
471,0.0231173,0.027921348463138148
471,0.0215236,0.0540730106800056
471,0.0233804,0.042253815224190076
471,0.0257622,0.11498683098511753
471,0.0274197,0.13339741637677974
471,0.025597,0.028834992630482763
471,0.271462,0.040888439686542155
471,0.31511,0.03458306232825554
472,0.0356481,0.06722550855144206
472,0.0296114,0.09099704006175163
472,0.0381768,0.08347307942684275
472,0.0478911,0.07687607576483077
472,0.0590382,0.07690083885108168
472,0.260873,0.12721025675628514
472,0.419444,0.1474675099810124
472,0.0244759,0.03785649217769676
472,0.0392681,0.05767527459839257
472,0.0392681,0.02746956053525455
472,0.0392681,0.043440507593719445
472,0.0328176,0.05705468341862924
473,0.0253713,0.05652666008177038
473,0.0354699,0.062179003690956615
473,0.0354699,0.06783357888980929
473,0.0261859,0.010633556131417126
473,0.0240255,0.015243680526697032
473,0.0260999,0.06748121071824366
473,0.0242391,0.039496431484375934
473,0.0227727,0.1167817174218636
473,0.0227727,0.011927672907990428
473,0.0257084,0.04536175702064434
473,0.0765087,0.07829298899007468
473,0.0598103,0.04092413317347119
473,0.0309756,0.0594730594471144
473,0.0377268,0.023242687021943032
474,0.0241381,0.008802868850551112
474,0.023481,0.03017354138976748
474,0.0225624,0.03914010347456936
474,0.0319289,0.05162974785915576
474,0.0326038,0.03133089529521938
474,0.0226202,0.028933814128109695
474,0.0226301,0.03916008810000304
474,0.0227967,0.01451760999613875
475,0.0242062,0.011919270111882038
475,0.0238893,0.008969843922833814
475,0.0242737,0.018573874124694502
475,0.0243699,0.01480394542005611
475,0.0263617,0.02007430696188539
475,0.0296072,0.02447778820808776
475,0.0403738,0.10700657417187039
475,0.0403738,0.06189112537351389
476,0.0226069,0.059970797059902325
476,0.0226082,0.07270686900149093
476,0.0735947,0.07219664535142885
476,0.0971221,0.06060235577104247
476,0.0577768,0.03409173207685433
476,0.0223393,0.030972145550478065
477,0.0238238,0.0139117791816861
477,0.0214763,0.0021623135757791725
477,0.0349298,0.023189381190536328
477,1.30536,0.14336314763564606
477,1.00863,0.13896047279712312
477,0.0258164,0.023228501888842887
478,0.0232433,0.06093094451918505
478,0.0224723,0.19337293399025618
478,0.0227825,0.1236714760969564
478,0.0216017,0.11418084646734765
478,0.0249994,0.013401984927614281
478,0.0274599,0.03234797713922768
479,0.0214609,0.02067029269265473
479,0.023661,0.01583568122942618
479,0.0569209,0.01017432553047113
479,0.0480179,0.010651093840540542
479,0.025551,0.0036217399133563347
479,0.0235048,0.014617116678743642
480,0.0472141,0.007108811433706948
480,0.297885,0.020757339810293995
480,0.243828,0.025722915931130463
480,0.457554,0.12139278397005326
480,0.560653,0.12452000401541939
480,0.023082,0.04478160894831702
480,0.0248337,0.0442218769389086
480,0.0249436,0.04153966778875379
480,0.0231215,0.03411740318371258
480,0.0231215,0.16494605087724898
480,0.0288271,0.012240527970639035
480,0.0268633,0.005801501185038368
480,0.110265,0.00513935793655148
480,0.189022,0.006872670514436135
481,0.0278352,0.005100833265261947
481,0.0228666,0.009322494301419538
481,0.022261,0.009574701039719274
481,0.0233809,0.0034259743139724843
481,0.0641675,0.0027522354550436616
481,0.0962116,0.0025323390373326485
482,0.0226997,0.017000391171970154
482,0.0226797,0.025257858183147342
482,0.0219582,0.01786082304934462
482,0.0283658,0.011326521266479185
482,0.0321235,0.011387998990164995
482,0.0224439,0.00439010250449794
483,0.0404383,0.017724516918663905
483,0.022927,0.01856927569939115
483,0.0225646,0.012456504325050289
483,0.0221531,0.005845417008221384
483,0.0299126,0.00939103849422414
483,0.0449353,0.01349005785754824
484,0.0254131,0.026890749134228308
484,0.0254131,0.1495640370175933
484,0.0637074,0.11249694395849213
484,0.0300275,0.02943970225732587
484,0.0322567,0.038873932139674175
484,0.0631623,0.10669479649917343
484,0.0610091,0.10234158197428855
484,0.0246833,0.03378611919117078
485,0.056889,0.6100349059685027
485,0.0467997,0.609845191242007
485,0.0251068,0.1031051740408793
485,0.0251068,0.12656314749562747
485,0.0287598,0.24366467024170735
485,0.0211612,0.10563145488442348
485,0.087545,0.6442164298587859
485,0.0831714,0.15091386040056096
485,0.0218571,0.03738210801118627
485,0.0273896,0.07283932054872577
485,0.0335123,0.088963588197644
485,0.0335123,0.11974112371695866
486,0.0228648,0.08553386463851596
486,0.0224248,0.05069453718104134
486,0.0231263,0.05732068562046334
486,0.307269,0.042712360037815825
486,0.225354,0.02175022126324279
486,0.0220228,0.07755789063660816
487,0.0427542,0.10971677811529104
487,0.047576,0.10653233073771548
487,0.0236646,0.011664688115847676
487,0.025306,0.007903764482827256
487,0.0275098,0.10306553109551234
487,0.0272849,0.10042339440588519
487,0.0315807,0.01730134815556277
487,0.0364596,0.02883451133624429
488,0.0230588,0.024804265762162644
488,0.0303818,0.02939891154447711
488,0.0990611,0.03433991015946275
488,0.0751729,0.026458875668478828
488,0.024715,0.0312423958748368
488,0.0219428,0.03406922658353138
489,0.0226522,0.00447770030261077
489,0.0221104,0.004614108798023549
489,0.0224498,0.003258711401766
489,0.0415997,0.007899873416707271
489,0.040427,0.01161602772035246
489,0.0319663,0.008850158190676465
489,0.100296,0.001920338772196061
489,0.124565,0.0012104053040199237
489,0.0299775,0.005389842298249588
489,0.0252921,0.005652910754646685
490,0.022825,0.016039981296747174
490,0.033759,0.028441098783274936
490,1.23231,0.08677047539341937
490,0.965791,0.09342849939927325
490,0.0249058,0.23778315015997234
490,0.0227539,0.019058134746086634
491,0.0255012,0.0075377715539815555
491,0.0218079,0.002603401620955737
491,0.0283442,0.008702786909949895
491,0.0363061,0.016048482794332946
491,0.0300366,0.013370033657399551
491,0.0300366,0.1376897269225268
491,0.0490915,0.01983975806304101
491,0.0402384,0.018202573993806533
492,0.0242009,0.014482023339298964
492,0.0242361,0.017615317198392242
492,0.0236966,0.0466501468379251
492,0.695181,0.04069727386447388
492,0.695181,0.0482112435019052
492,0.695181,0.02983286778035262
492,0.695181,0.02385534950488059
492,0.0536221,0.03366156562015508
492,0.0484151,0.03354995380026587
492,0.0235321,0.037385014377421165
493,0.0696431,0.01383575787732651
493,0.0656752,0.01235553839539188
493,0.0408003,0.013536079234401347
493,0.0440945,0.044476683509901874
493,0.05024,0.031090664773208012
493,0.03866,0.02319577918587788
493,0.0213895,0.03940252220404173
493,0.0213895,0.11861170225589074
494,0.0246048,0.008888807569072508
494,0.0288835,0.010253818800817506
494,0.0294682,0.03733835829277974
494,0.0242516,0.03363356953996992
494,0.0263276,0.009753378901693359
494,0.0250687,0.011904990550185339
495,0.023984,0.016104272228200444
495,0.0235956,0.02067297994968325
495,0.0224393,0.03371312337488219
495,0.0228668,0.02399613993624779
495,0.030181,0.03535765829350095
495,0.0291512,0.044791331750685316
495,0.0256788,0.031212026528246842
495,0.0220159,0.02529652434624157
496,0.0237262,0.016465412232920137
496,0.0240075,0.010329593409229443
496,0.0378164,0.003271360573217322
496,0.0490722,0.0027506544675770144
496,0.036048,0.0014141074923779138
496,0.022715,0.012509836130022087
497,0.0317686,0.026935170316892024
497,0.0697394,0.010186113095778784
497,0.0450494,0.009502257626480073
497,0.0336962,0.018827814530635086
497,0.0234051,0.007300609563591205
497,0.0747692,0.014514561653732624
497,0.058493,0.006634470589278366
497,0.0255815,0.0032403857795019263
499,0.0241276,0.009250005405403765
499,0.0241459,0.018965030978091865
499,0.0241459,0.085783399909306
499,0.0236426,0.005772919538673463
499,0.0236426,0.009528824691429474
499,0.0236426,0.009347737694222903
499,0.0236426,0.01289286624455545
499,0.0236426,0.007964245099191697
500,0.0232654,0.01807806682142773
500,0.02127,0.009593002658187678
500,0.0249302,0.002757571395268595
500,0.0238963,0.013633994279007253
500,0.128887,0.025607516494185772
500,0.284572,0.036399914409239946
500,0.105359,0.020064010067780684
500,0.056534,0.01060181116602233
501,0.0243546,0.007718367703083269
501,0.0253192,0.0843160987000706
501,0.0273343,0.014974995826376125
501,0.0226208,0.01138133212765531
501,0.0240652,0.027293271991463426
501,0.0249521,0.02760133511263554
501,0.0438302,0.014229578349340122
501,0.0336988,0.015821264171993612
502,0.0240001,0.002205538483001277
502,0.0246818,0.006822792683351747
502,0.944406,0.13139958034940627
502,1.62761,0.1842931695017475
502,0.428574,0.12668173704208435
502,0.0231012,0.002713890196746975
503,0.0236605,0.07657213918913339
503,0.0256166,0.023480174616045457
503,0.0224418,0.035248678003578456
503,0.0364194,0.045133998537687126
503,0.0367676,0.026633026489679246
503,0.0244337,0.018520261877198907
503,0.0270246,0.02819498182301261
503,0.0236605,0.016831235842920282
504,0.0229903,0.04308827450710955
504,0.0227938,0.21704702255502153
504,0.0231945,0.04405980027190276
504,0.0291964,0.0335732918999612
504,0.0363149,0.054105498796333015
504,0.0258247,0.05888425426206886
504,0.0247398,0.036491249636043006
504,0.0261738,0.04152329948354272
505,0.0233289,0.01431262379859127
505,0.0224626,0.006246062759851287
505,0.0245522,0.0244572954351049
505,0.0234942,0.01831471812504913
505,0.0253556,0.012177104294535746
505,0.0304074,0.022031779319882455
506,0.0232999,0.014324559330046548
506,0.0232001,0.014459975795276985
506,0.0503941,0.0122714832029386
506,0.0558224,0.011914684217384964
506,0.0268464,0.009406912352095068
506,0.0224695,0.01025048779327121
507,0.023705,0.009880182184555168
507,0.0229753,0.01622223474124322
507,0.0215731,0.016638443316608617
507,0.0601663,0.022627420113658658
507,0.0605292,0.017623101316170262
507,0.021268,0.011575841222131518
507,0.022318,0.01446639208648804
507,0.0232481,0.006390782424711513
508,0.0238746,0.17815406724520808
508,0.0236606,0.05833169186651417
508,0.0216281,0.05579773488243061
508,0.0242963,0.053808634641756135
508,0.023083,0.042781741456023155
508,0.023083,0.30554568808610266
508,0.0364497,0.09486628743452538
508,0.0238746,0.04949837157331538
509,0.0228082,0.019104494235650336
509,0.0632697,0.03443600441398497
509,0.0742351,0.040194781999657495
509,0.0252401,0.05194717316659289
509,0.0234766,0.04572370282468403
509,0.0237029,0.013175754247859725
510,0.0340276,0.17088503181964168
510,0.0265416,0.010799416650911876
510,0.0234415,0.010074959056988424
510,0.0216951,0.006604788338773159
510,0.0230776,0.012247697742841334
510,0.0245806,0.012854917347070066
510,0.039843,0.0033227699288392878
510,0.0340276,0.005325044600752283
511,0.0230522,0.00671575014425028
511,0.0243572,0.0027051986988020343
511,0.0256891,0.010302777538120636
511,0.0352072,0.008722831191763317
511,0.0326511,0.12915416214741224
511,0.0237057,0.007749503209884143
512,0.0236113,0.06967693736093766
512,0.0218041,0.04088912936221611
512,0.0226406,0.03669761436387935
512,0.0241271,0.03482971289000248
512,0.0242411,0.030714898664980013
512,0.0330599,0.06973821334103698
512,0.0333274,0.0659318175162796
512,0.0303707,0.02512225445695506
513,0.0226846,0.019256492411651793
513,0.0239739,0.028165072341465078
513,0.0241573,0.07325214877394387
513,0.0231498,0.013019819507197461
513,0.0217755,0.015632162358419712
513,0.0347262,0.012761367481582835
513,0.0350916,0.02461884611430849
513,0.0210802,0.012533000598420167
514,0.03581,0.022722411843816178
514,0.0371664,0.017307388595625348
514,0.0400266,0.004440461687708096
514,0.0332476,0.01757978953230105
514,0.0750983,0.015487214081299602
514,0.0485673,0.027586571008372994
514,0.0252006,0.036718191077448344
514,0.0243853,0.024795809343516065
516,0.0224606,0.010401557575671285
516,0.0235623,0.012342001458434558
516,0.0232869,0.007364156435057892
516,0.0225135,0.010989436564264845
516,0.0285369,0.007642885580721234
516,0.02362,0.0019027611515899459
517,0.0257544,0.03137040165506321
517,0.0247475,0.039283728183562176
517,0.0383648,0.03879814428551982
517,0.0491322,0.047089417070080776
517,0.0252366,0.041232259215328075
517,0.0252366,0.052914600064632125
517,0.0232923,0.028966775795728917
517,0.0218686,0.01578311087840425
517,0.0226097,0.09449612624864573
517,0.024827,0.1042528680660633
518,0.0311574,0.005339672274587514
518,0.0230008,0.0070177489268283145
518,0.0236105,0.007599217064935144
518,0.0226307,0.006691038783328217
518,0.0535589,0.007904745410194987
518,0.0859987,0.007154362305614625
519,0.0283509,0.025797089390084176
519,0.0343879,0.02716852038665328
519,0.0343879,0.0071475660192823415
519,0.0225893,0.041715283769860674
519,0.0217109,0.032889762176093934
519,0.0232213,0.058104896385761
519,0.0259479,0.06133495333005454
519,0.0259479,0.16396547563435407
519,0.0249402,0.1719598557803535
519,0.025545,0.015396967103946061
520,0.0234652,0.003935708322525741
520,0.0227186,0.011510899182948503
520,0.0427666,0.01743156045797385
520,0.0738773,0.02425860878121413
520,0.0362364,0.02525178211532797
520,0.0226497,0.015988552154588432
521,0.0236521,0.0071114836707959804
521,0.0227636,0.013565257093030083
521,0.038231,0.017098564267212586
521,0.332001,0.016052619723895673
521,0.202713,0.011023075795802407
521,0.022737,0.006229807380649828
522,0.02352,0.026342241742114556
522,0.0218682,0.014472128385278726
522,0.0218682,0.1162732239167726
522,0.106344,0.03386772062008369
522,0.0924897,0.01774521062146035
522,0.0403262,0.023010698468321104
522,0.0459232,0.033494384603989694
522,0.0459232,0.22125771602364555
522,0.02223,0.022158323492539236
522,0.0252719,0.029023061520108393
523,0.0247231,0.02975434254020748
523,0.0239195,0.03400017794071053
523,0.0229281,0.025576620672012045
523,0.0253931,0.027705069012727696
523,0.0304911,0.10365547645927825
523,0.0256592,0.09297842599226999
523,0.0227183,0.03818846160818731
523,0.021618,0.033401205068080884
523,0.0221413,0.07055840275969973
523,0.024037,0.08007836474354371
524,0.0231502,0.011220182707959325
524,0.0223633,0.019366207682455443
524,0.0224139,0.020290864939671794
524,0.0305216,0.0190594464767471
524,0.175432,0.018028291655062322
524,0.0984192,0.008881362508084082
525,0.0260623,0.05552055115000235
525,0.0242235,0.03068475354308766
525,0.0222396,0.014762198345776075
525,0.0229578,0.017799508420178235
525,0.0243539,0.016698389143866708
525,0.0271155,0.0261894348927197
525,0.0252965,0.032508191275430906
525,0.0236242,0.051268806305589235
526,0.0223053,0.09429854346701134
526,0.0262592,0.025863969146285606
526,0.0277975,0.09256235195801799
526,0.0277975,0.030384379210376917
526,0.0277975,0.03152799549606668
526,0.0277975,0.039518118629307264
526,0.0277975,0.04526064626140449
526,0.0229258,0.09734146906637463
528,0.0253252,0.017795381423279067
528,0.0234942,0.020698185910847364
528,0.0234942,0.14158716643820526
528,0.0249704,0.13067506035965684
528,0.0357203,0.02515261714017071
528,0.0404503,0.023622530262441942
528,0.0239579,0.0207316280113261
528,0.0239924,0.02106938062687181
529,0.0226736,0.1047299121550285
529,0.0234222,0.05668799961191117
529,0.0249652,0.05195164386234542
529,0.0347115,0.048634368506232456
529,0.0387464,0.06803186385804812
529,0.0221195,0.044542395535040524
529,0.0221195,0.07306076443618661
529,0.0256669,0.06086375111673635
529,0.0245558,0.054939189109414324
529,0.021943,0.08533253658482219
530,0.0217999,0.021905563220332734
530,0.0227603,0.06348923767064787
530,0.0260691,0.07066389530729277
530,0.0291471,0.02904483602983516
530,0.0279999,0.08921401515457059
530,0.0244321,0.07610731699383437
530,0.0233304,0.01850813875029013
530,0.0245064,0.04219462643512802
530,0.0226699,0.07208154410110819
530,0.0233867,0.08152442149442092
531,0.0228464,0.01351623098352493
531,0.0225081,0.002441802612825114
531,0.0218707,0.0166831801524771
531,0.743691,0.15210575301414475
531,1.21656,0.14392754461881166
531,0.0353571,0.027645426384846978
532,0.0233591,0.17310533209580825
532,0.0235438,0.02526279477809208
532,0.0223059,0.009531516143824996
532,0.0215125,0.013741826661692312
532,0.0229103,0.015412219178301247
532,0.0229608,0.02493279968234597
532,0.0229608,0.07995140836783295
532,0.0230317,0.03933915733718755
532,0.0241703,0.03534009054883691
532,0.0232574,0.1691047592470419
533,0.0231041,0.011402740898573493
533,0.0232256,0.011139789046476563
533,0.02557,0.008559725462887151
533,0.0238546,0.007624440963113411
533,0.0225056,0.006170008103722225
533,0.0229175,0.00959929684924879
533,0.0220631,0.005189065426452038
533,0.0240962,0.008133842880213241
533,0.0294646,0.01564860377158348
533,0.0252252,0.010854943574243282
534,0.0458198,0.00574047663613387
534,0.022264,0.00926192193931695
534,0.022102,0.008830745495710451
534,0.0228522,0.006057399607918121
534,0.0312899,0.006031753808802411
534,0.0483079,0.004835049742246363
535,0.023591,0.011039841484369328
535,0.0238735,0.03069839409480569
535,0.0281763,0.03131258213562075
535,0.0329343,0.022247700757606403
535,0.03001,0.023472659606444277
535,0.0227402,0.01532895952111563
536,0.0237023,0.011061939251324232
536,0.0244194,0.1419621224129873
536,0.0230037,0.03503330130033389
536,0.0238485,0.025573534835841356
536,0.0235029,0.024496454355681724
536,0.0319682,0.020895035295495044
536,0.038634,0.02401639648240356
536,0.0304791,0.026836545977453923
536,0.0240346,0.017998738844708265
536,0.0222787,0.02454913440429221
537,0.0246591,0.008058399344783165
537,0.0217478,0.00706724840372841
537,0.0230904,0.01255039840005085
537,0.154274,0.006705117448635632
537,0.222411,0.008670392147994506
537,0.0272318,0.01474656570188483
538,0.0240211,0.018176605843776245
538,0.0256011,0.018315725483856623
538,0.0242223,0.03706558511611554
538,0.0256848,0.03753100051957058
538,0.0218816,0.016391317823775037
538,0.022009,0.015902292287591557
539,0.0237875,0.022075438840484955
539,0.0228777,0.008710436269211749
539,0.0215347,0.007884723584248174
539,0.0297106,0.01145700436414341
539,0.0292727,0.07845242188740888
539,0.0254005,0.018049301925559202
539,0.0227462,0.012166356438967255
539,0.0233175,0.005004662226364498
540,0.0227541,0.012129901071319593
540,0.0219232,0.01751954337304497
540,0.0225426,0.02342747747838008
540,0.0318391,0.02331888796662454
540,0.030724,0.01077071956741984
540,0.0217353,0.034359786087808986
540,0.0239489,0.028128394906215316
540,0.0241917,0.007416367035146113
540,0.028903,0.013644756080267339
540,0.032038,0.007452275810784048
541,0.032444,0.039544579906733025
541,0.0304614,0.22632826541331505
541,0.0258438,0.25691003799773954
541,0.0257074,0.0398616821019891
541,0.0435602,0.021991918970385636
541,0.0365761,0.02065550473844698
541,0.0227008,0.006751835602264469
541,0.0408889,0.048233005297203084
541,0.0437255,0.058250971665715676
541,0.025463,0.009663278998352433
541,0.025463,2.915577381432536
541,0.025463,3.141194039216782
541,0.025463,0.08820483105794147
541,0.0269929,0.06885854558440803
541,0.0228382,0.0365060173122185
541,0.0233245,0.01096989061021149
542,0.0233272,0.06261935802928648
542,0.0219096,0.08552375693338082
542,0.060757,0.08470618416621054
542,0.0696127,0.13988306259158048
542,0.0282021,0.14200254399129597
542,0.0261207,0.04450881373391116
542,0.531767,0.07604000591793814
542,0.633423,0.06760069896088354
542,0.633423,0.0813551799211338
542,0.0271511,0.05058238855817302
542,0.0262522,0.04829455090183568
542,0.043822,0.05578640344205746
542,0.0388472,0.055561971923249874
542,0.0252253,0.06580551116737855
543,0.025166,0.038702167897935624
543,0.0246756,0.04315551825664945
543,0.0532283,0.037518668899629126
543,0.0440841,0.0350812177810292
543,0.0262602,0.03347034657723186
543,0.0258459,0.03331126235974815
543,0.0244678,0.026494595675344387
543,0.023474,0.04193245044115584
543,0.0272325,0.5386261728694587
543,0.030848,0.5387527433804863
543,0.0337363,0.033663407432997776
543,0.0298505,0.030368011130135063
544,0.0248666,0.08481950836924246
544,0.0217513,0.03983956074055019
544,0.0232121,0.023883259827753748
544,0.0422042,0.03919623706429018
544,0.0395212,0.02966112944579166
544,0.0272374,0.07575846421357829
545,0.0243238,0.06478854605561082
545,0.0225227,0.06337402149145978
545,0.0248485,0.10531804878557148
545,0.0247373,0.08416556837567245
545,0.0226587,0.024314988813487017
545,0.0241394,0.07232533943231799
546,0.0238709,0.03730787852451533
546,0.022442,0.031471209064794364
546,0.0258574,0.03612032303786878
546,0.0308403,0.04606388390322708
546,0.0294177,0.02626688028677942
546,0.0321099,0.016431268971080857
546,0.043163,0.007177590124825905
546,0.0309427,0.016742216101819005
547,0.0374814,0.0109062716360819
547,0.0295434,0.008561033874480192
547,0.0268071,0.007482465435937469
547,0.0395652,0.015396636126115257
547,0.0398907,0.02161830936960597
547,0.0261333,0.012503327557094589
547,0.0222643,0.024641144453941118
547,0.0228572,0.033715064882037155
547,0.0224337,0.02428970541196408
547,0.0298211,0.01126880313076772
548,0.0405067,0.036323231568240334
548,0.0358543,0.029216876260305277
548,0.025256,0.02871225696457852
548,0.025256,0.17272999160539548
548,0.0264447,0.03187454313398074
548,0.0240087,0.03675026666569968
549,0.0251502,0.02073507414985554
549,0.0380288,0.035467308891428496
549,0.0323295,0.024475395808852805
549,0.0216105,0.035511909269990004
549,0.0242136,0.04312051252014562
549,0.0242136,0.09310463844513854
550,0.0231737,0.048433924061550344
550,0.0225792,0.07647785627225707
550,0.576213,0.08344443720224864
550,0.425124,0.0680557661039828
550,0.0218929,0.06780489141647525
550,0.0230368,0.05241268930325916
551,0.993859,0.11050273765386988
551,0.0302831,0.013513319355361894
551,0.0244495,0.012026175618209092
551,0.0212209,0.006203434532579633
551,0.023136,0.004944178394839793
551,0.533948,0.11518984677479167
552,0.0230825,0.010488741583240764
552,0.0217101,0.010858752230343785
552,0.0236102,0.012444247667095001
552,0.664569,0.04480246163995902
552,0.574574,0.043978201657184635
552,0.071499,0.016505302178390618
553,0.0236403,0.07332751802699988
553,0.022925,0.04082340627630186
553,0.023023,0.07627578187078767
553,0.0271978,0.04118936756008795
553,0.0250092,0.033326361937661274
553,0.0250092,0.19003544011578455
554,0.0241402,0.011378444533414892
554,0.028948,0.013528429324943842
554,0.0259357,0.012011078219710335
554,0.0264976,0.01042627929800454
554,0.0242334,0.011469006059812206
554,0.0242334,0.15700513654017778
555,0.0243273,0.009818294149189248
555,0.0273355,0.039017667792937194
555,0.0274565,0.03862169112040541
555,0.0238393,0.004199897736850288
555,0.0266258,0.011084619975443367
555,0.0275496,0.013880360225872936
556,0.0238405,0.02369999156117978
556,0.0236572,0.011829458990165322
556,0.0246782,0.01984759935105492
556,0.0319991,0.02585419967819519
556,0.0295125,0.020034000623939282
556,0.0363884,0.022238030488332148
557,0.0225965,0.00394549109744274
557,0.0245497,0.0006985699678629185
557,0.0302299,0.004701595473879185
557,0.0376826,0.007119651957785526
557,0.0271262,0.005121816084163883
557,0.02192,0.004108235631021979
558,0.0258351,0.01182204720004217
558,0.0295745,0.055206262325935465
558,0.0295813,0.05425545156940444
558,0.0356342,0.011852275941776024
558,0.0408734,0.060518936705795105
558,0.0379811,0.049517295968176764
559,0.0221193,0.010628758158882081
559,0.0232276,0.009956877020431569
559,0.0266853,0.011061475896099751
559,0.0338081,0.010174700241285107
559,0.0293754,0.0070820406663618515
559,0.0237575,0.008405147232499932
560,0.0217685,0.00768235640933198
560,0.0246076,0.0036432128677860226
560,0.0251289,0.12592054359793745
560,0.0656577,0.0050637732966629136
560,0.0503887,0.004705146118878908
560,0.0230515,0.006563086164297748
561,0.0284533,0.00941805181552954
561,0.0241124,0.01146900605981205
561,0.0226335,0.0074763159376792935
561,0.022355,0.007541916202133235
561,0.0233832,0.010330246850874374
561,0.0250073,0.008105584494655451
562,0.0254208,0.18878809099093066
562,0.0234541,0.09426066093551468
562,0.0234541,0.147343050396006
562,0.163448,0.03637894033640884
562,0.246329,0.004064332663549958
562,0.0277692,0.009124527385020856
562,0.0277692,0.07614943335311192
562,0.843747,0.10065563570908448
562,0.570449,0.09997240519263274
562,0.0254208,0.024642380161015155
563,0.0232717,0.021487663902807184
563,0.0235892,0.034987050461563314
563,0.0477674,0.029805247927168908
563,0.0412452,0.02585265487333953
563,0.0232265,0.029071231484063438
563,0.0226557,0.015223261805540001
564,0.0237054,0.0022770937639898237
564,0.0228164,0.012435346638112335
564,0.0230396,0.013655237457108036
564,0.0317673,0.005730731367810001
564,0.0283304,0.0011139416546660128
564,0.0251285,0.005182924465010506
565,0.0943129,0.14486888760531008
565,0.081149,0.11732907898726537
565,0.081149,0.12046474089956798
565,0.0228196,0.1411891160819412
565,0.0228196,0.10448053024367743
565,0.0228196,0.14537316980791187
566,0.0229271,0.04327233411777119
566,0.0292604,0.050496270159289806
566,0.0266256,0.042896746962910834
566,0.0238077,0.0677472154409316
566,0.0236208,0.07569984544237857
566,0.0233871,0.046825465294003936
567,0.0257914,0.0076719358704300964
567,0.0259665,0.01839464324198742
567,0.025682,0.019080984146526685
567,0.0278384,0.011488239247160689
567,0.0314456,0.014433298306346848
567,0.0276507,0.011836975965168837
568,0.0253484,0.006176609102087995
568,0.0224812,0.003706116565894343
568,0.0224812,0.10942289751235844
568,0.0277253,0.006989628030160129
568,0.0245831,0.008930652215823969
568,0.0281748,0.009690059648939403
569,0.0381731,0.022243347320041577
569,0.038288,0.007600401305194334
569,0.0227122,0.003532718499965688
569,0.0235813,0.00893218898143088
569,0.0231792,0.004809043563953262
569,0.022777,0.015222355271113262
569,0.0222997,0.015841773890571408
569,0.0246106,0.015623244349366088
570,0.0232131,0.02708025479939301
570,0.0221689,0.01656740172748894
570,0.0233816,0.005597972847379634
570,0.0284601,0.01872003472218997
570,0.026211,0.008951268066592489
570,0.0248453,0.013598830832097276
571,0.0235153,0.007531779338243734
571,0.0227082,0.0077112969077840115
571,0.0295075,0.00552381208949036
571,0.0392911,0.01086519673084674
571,0.0301019,0.012294311692811366
571,0.0225308,0.007808360903544269
572,0.0314973,0.05575931096740722
572,0.0318513,0.03309738509308556
572,0.0214333,0.01213742971143364
572,0.0218496,0.02748059133279314
572,0.0235432,0.023985330933718928
572,0.023515,0.036442761969971496
572,0.0221375,0.036933704119679514
572,0.0222324,0.033560562273150435
573,0.0232188,0.0055659320872609025
573,0.0251352,0.0025489017242727044
573,0.0262466,0.004986190930961652
573,0.0371858,0.008962778587023388
573,0.0417935,0.012956450131112494
573,0.0268796,0.012114990713987153
574,0.0236859,0.04541260617934157
574,0.0239409,0.04582015386268376
574,0.0220398,0.048008447267121626
574,0.0273518,0.07915851065425622
574,0.0273295,0.06488853982021797
574,0.0236102,0.03210433148346185
574,0.0252983,0.03820421050093846
574,0.0236892,0.03606666327788042
575,0.0357333,0.022380192135010666
575,0.0228562,0.016113587434212227
575,0.268329,0.024341316726915318
575,0.319908,0.02379482506764852
575,0.319908,0.05819457792612635
575,0.0555663,0.026558013856461584
575,0.0555663,0.05404787692407517
575,0.0233807,0.028625074672392368
575,0.0273409,0.017659142108268466
575,0.0313295,0.023115174669467792
576,0.0221555,0.025635713370218447
576,0.0226985,0.013033038786100357
576,0.0236343,0.016070224018351745
576,0.0424925,0.02346840003067971
576,0.0364552,0.014468572839088317
576,0.0250256,0.01791404476939823
577,0.0490543,0.23046267072999013
577,0.0415511,0.24985236365702068
577,0.05688,0.016236016783682167
577,0.05688,0.032855345075040905
577,0.05688,0.035034487294664476
577,0.05688,0.04620393273304754
577,0.0245084,0.046681586305522875
577,0.0213236,0.017097765935934435
578,0.0227198,0.02375166941501198
578,0.0217673,0.011484197838769654
578,0.0278479,0.025440450074635006
578,0.0278479,0.03537917042554834
578,0.0278479,0.03766907888441128
578,0.0278479,0.10098752398192545
578,0.0278479,0.103365112605753
578,0.0278479,0.05957294184443091
579,0.0534208,0.02979798073695575
579,0.047039,0.1079334730285279
579,0.0232537,0.015029534257587903
579,0.0240807,0.18101850623624088
579,0.0228393,0.013243390804473005
579,0.0219989,0.004083258502715707
579,0.0228694,0.016120868462957978
579,0.0259619,0.02387518219825764
580,0.0228764,0.025095051304988146
580,0.0228785,0.032137320983554325
580,0.0236352,0.020890864031916034
580,0.0240393,0.007020377482728264
580,0.0353862,0.01872843410432385
580,0.039024,0.014386285274524624
581,0.0279275,0.02681790485850839
581,0.0283456,0.023706716347904642
581,0.0275925,0.035860542382958834
581,0.0430495,0.03301132557168823
581,0.0284159,0.008284810800495044
581,0.0371708,0.0792845162752476
581,0.0378335,0.07952485463048643
581,0.0226964,0.013201585548713547
582,0.0318875,0.036883379725832936
582,0.0261973,0.027141444324132968
582,0.0238534,0.02551180511057561
582,0.0224982,0.0599815388265425
582,0.02217,0.05591817325342445
582,0.0280881,0.028389420564710093
583,0.021321,0.033827237546095554
583,0.0246941,0.036141433286465005
583,0.0250361,0.04699352508590932
583,0.0293411,0.022305777278543795
583,0.0451357,0.03336349651939984
583,0.0437465,0.09960695658436712
583,0.0437465,0.03181226964553135
583,0.0244186,0.014573297499193531
583,0.026612,0.06487958461642615
583,0.0247454,0.042328562460824996
583,0.0419066,0.07553188730595826
583,0.0374806,0.025568310464323084
583,0.0220841,0.0874562799346045
583,0.0235934,0.13273101370817567
584,0.0256631,0.015106885847189127
584,0.0269522,0.020363665215279457
584,0.0269522,0.05618064514581502
584,0.0247197,0.023366921063760204
584,0.0277112,0.0175270028527411
584,0.0247423,0.014912468474400918
584,0.0215347,0.019075893163886273
584,0.0238844,0.006842645687159022
585,0.0232119,0.03782861483057504
585,0.0269186,0.03256230489384926
585,0.0829887,0.02485962487649416
585,0.0706057,0.024146351049382276
585,0.0251858,0.013635255773178371
585,0.021772,0.02514789255583828
586,0.0229437,0.06706470681364374
586,0.0226028,0.057316114662457784
586,0.0245766,0.048640379315955204
586,0.0572032,0.03406542581562709
586,0.069452,0.03669869241539806
586,0.069452,0.05762848687932067
587,0.0347792,0.02293605022666281
587,0.0477382,0.022392241960107463
587,0.0227862,0.042364437916724215
587,0.0341518,0.0308312584887478
587,0.0397976,0.018877926263231367
587,0.0350978,0.015880232869828505
587,0.0246232,0.01685428432179794
587,0.0238419,0.02267007939994958
587,0.026121,0.018389676451749222
587,0.0334309,0.03798453632730071
587,0.0299461,0.029429787630903065
587,0.0260988,0.027597162897660624
587,0.0242103,0.011714866623227366
587,0.0264847,0.047040120110391284
587,0.024472,0.08701106251506163
587,0.0316249,0.11716478822581451
587,0.0265632,0.021670168434970497
587,0.0269575,0.007728001035195909
588,0.0231916,0.05873615326185412
588,0.0269838,0.1127501454544514
588,0.0242434,0.05745927949426445
588,0.0508767,0.1041414422792387
588,0.0615692,0.057026931357035696
588,0.0615692,0.35773239229904824
588,0.0231592,0.14307068183244293
588,0.0273607,0.1866379449629685
588,1.51173,0.08595084949551103
588,1.16686,0.044217636481386165
588,0.0302325,0.0755252606748232
588,0.0304937,0.12213055309790434
588,0.0330743,0.14181012939843204
588,0.0381852,0.10231282079974167
588,0.0330408,0.0723593808707619
588,0.023444,0.0725683849896081
589,0.0219839,0.19005458022989827
589,0.0530979,0.01441067193613149
589,0.0391719,0.013781698972144521
589,0.0253911,0.008814849725480701
589,0.030103,0.01146034399670497
589,0.027399,0.19535395362122268
589,0.0220477,0.1949959385851479
589,0.0219839,0.012195984078491205
590,0.0236108,0.009424192273080827
590,0.0228943,0.01858887839542804
590,0.0271443,0.020978496132945335
590,0.0908657,0.016916946414763986
590,0.0772428,0.01696835198244051
590,0.0248048,0.012236768364237283
591,0.038699,0.015115888991389187
591,0.0383038,0.010610570201454669
591,0.0246999,0.0033742739959877165
591,0.023171,0.012702007715317805
591,0.0239749,0.01120711381221764
591,0.0222806,0.004759180601742328
592,0.0232786,0.04634426933289598
592,0.0344008,0.03843380283032114
592,0.121102,0.01714678191410829
592,0.0985916,0.019187251542626318
592,0.0229785,0.017047606870173565
592,0.0218693,0.03185882923147069
593,0.411171,0.1727172052807719
593,0.288,0.16869892739433742
593,0.028108,0.00735317863240087
593,0.0232346,0.008675770859122505
593,0.0240457,0.009709011278188953
593,0.0224086,0.011696003590970982
