# https://github.com/mikedh/trimesh
mtllib material.mtl

o encimera2.obj
usemtl Worktop_2
v 0.50000000 -0.46680823 0.95883525
v 0.50000000 -0.46680823 0.95883525
v 0.50000000 -0.46680823 0.95883525
v 0.50000000 -0.48449698 1.00000000
v 0.50000000 -0.48449698 1.00000000
v 0.50000000 -0.48449698 1.00000000
v 0.50000000 -0.48449698 1.00000000
v 0.50000000 -0.46680823 1.00000000
v 0.50000000 -0.46680823 1.00000000
v 0.50000000 -0.46680823 1.00000000
v -0.50000000 -0.46680823 1.00000000
v -0.50000000 -0.46680823 1.00000000
v -0.50000000 -0.46680823 1.00000000
v -0.16923919 0.50000000 1.00000000
v -0.16923919 -0.46680823 1.00000000
v -0.16923919 -0.46680823 1.00000000
v 0.50000000 -0.46680823 0.15901911
v 0.28356853 -0.46680823 0.15412861
v 0.28356853 -0.46680823 0.15412861
v 0.28356853 -0.46680823 0.15412861
v 0.28356853 -0.46680823 0.15901911
v 0.28356853 -0.46680823 0.15901911
v 0.28356853 -0.46680823 0.15901911
v 0.28356853 -0.46680823 0.15901911
v 0.28356853 -0.44182990 0.00000003
v 0.28356853 -0.44182990 0.00000003
v 0.50000000 -0.44182990 0.15412861
v 0.50000000 -0.44182990 0.15412861
v 0.50000000 -0.44182990 0.00000000
v 0.50000000 -0.44182990 0.00000000
v -0.50000000 -0.46680823 0.15412861
v -0.50000000 -0.46680823 0.15412861
v -0.50000000 -0.46680823 0.15412861
v -0.50000000 -0.44182990 0.00000000
v -0.50000000 -0.44182990 0.00000000
v -0.50000000 -0.44182990 0.00000000
v -0.50000000 -0.46680823 0.00000000
v -0.50000000 -0.46680823 0.00000000
v 0.50000000 -0.46680823 0.15412861
v 0.50000000 -0.46680823 0.15412861
v 0.28356853 -0.44182990 0.15412861
v 0.28356853 -0.44182990 0.15412861
v -0.16923919 -0.44182990 0.00000003
v -0.16923919 -0.44182990 0.00000003
v -0.16923919 -0.46680823 0.00000003
v 0.28356853 -0.46680823 0.95883525
v 0.28356853 -0.46680823 0.95883525
v 0.28356853 -0.46680823 0.95883525
v 0.28356853 -0.46680823 0.95883525
v 0.50000000 -0.46680823 0.80026797
v 0.28356853 -0.46680823 0.80026797
v 0.28356853 -0.46680823 0.80026797
v -0.50000000 -0.48449698 0.95883525
v -0.50000000 -0.48449698 0.95883525
v -0.50000000 -0.48449698 0.95883525
v -0.50000000 -0.48449698 0.95883525
v -0.50000000 -0.46680823 0.95883525
v -0.50000000 -0.46680823 0.95883525
v -0.50000000 -0.46680823 0.95883525
v -0.16923919 -0.48449698 0.95883525
v -0.16923919 -0.48449698 0.95883525
v -0.16923919 -0.46680823 0.95883525
v -0.16923919 -0.46680823 0.95883525
v -0.16923919 -0.46680823 0.95883525
v -0.16923919 -0.46680823 0.95883525
v 0.28356853 -0.48449698 1.00000000
v 0.28356853 -0.48449698 1.00000000
v 0.28356853 -0.46680823 1.00000000
v 0.28356853 -0.46680823 1.00000000
v 0.49607708 -0.49292528 0.99389574
v 0.49607708 -0.49292528 0.99389574
v 0.49607708 -0.49292528 0.99389574
v 0.28355546 -0.49292528 0.99389574
v 0.28355546 -0.49292528 0.99389574
v -0.49607708 -0.49292528 0.96493944
v -0.49607708 -0.49292528 0.96493944
v -0.49607708 -0.49292528 0.96493944
v -0.50000000 -0.48449698 1.00000000
v -0.50000000 -0.48449698 1.00000000
v -0.50000000 -0.48449698 1.00000000
v -0.50000000 -0.48449698 1.00000000
v -0.49607708 -0.49292528 0.99389574
v -0.49607708 -0.49292528 0.99389574
v -0.49607708 -0.49292528 0.99389574
v 0.50000000 -0.48449698 0.95883525
v 0.50000000 -0.48449698 0.95883525
v 0.50000000 -0.48449698 0.95883525
v 0.50000000 -0.48449698 0.95883525
v 0.49607708 -0.49292528 0.96493944
v 0.49607708 -0.49292528 0.96493944
v 0.49607708 -0.49292528 0.96493944
v 0.28356853 -0.48449698 0.95883525
v 0.28356853 -0.48449698 0.95883525
v 0.28355546 -0.49292528 0.96493944
v 0.28355546 -0.49292528 0.96493944
v -0.16662518 -0.49292528 0.99389574
v -0.16662518 -0.49292528 0.99389574
v 0.28024825 -0.49292528 0.96493944
v 0.28024825 -0.49292528 0.96493944
v -0.16662518 -0.49292528 0.96493944
v -0.16662518 -0.49292528 0.96493944
v 0.28024825 -0.49292528 0.99389574
v 0.28024825 -0.49292528 0.99389574
v 0.28023518 -0.48449698 0.95883525
v 0.28023518 -0.48449698 0.95883525
v -0.16663840 -0.48449698 0.95883525
v -0.16663840 -0.48449698 0.95883525
v 0.28023518 -0.48449698 1.00000000
v 0.28023518 -0.48449698 1.00000000
v -0.16663840 -0.48449698 1.00000000
v -0.16663840 -0.48449698 1.00000000
v 0.28023518 -0.46680823 1.00000000
v 0.28023518 -0.46680823 1.00000000
v -0.16663840 -0.46680823 1.00000000
v -0.16663840 -0.46680823 1.00000000
v 0.28023518 -0.46680823 0.95883525
v 0.28023518 -0.46680823 0.95883525
v 0.28023518 -0.46680823 0.95883525
v 0.28023518 -0.46680823 0.95883525
v -0.16663840 -0.46680823 0.95883525
v -0.16663840 -0.46680823 0.95883525
v -0.16663840 -0.46680823 0.95883525
v -0.16663840 -0.46680823 0.95883525
v 0.28023518 -0.46680823 0.80026797
v 0.28023518 -0.46680823 0.80026797
v -0.16663840 -0.46680823 0.80026797
v -0.16663840 -0.46680823 0.80026797
v 0.28023518 -0.46680823 0.67839226
v 0.28023518 -0.46680823 0.67839226
v 0.28023518 -0.45258772 0.67429458
v 0.28023518 -0.45258772 0.67429458
v 0.28023518 -0.46680823 0.67429458
v 0.28023518 -0.46680823 0.67429458
v 0.28356853 -0.46680823 0.00000003
v 0.50000000 -0.46680823 0.00000000
v 0.28023518 -0.46680823 0.00000003
v 0.28023518 -0.46680823 0.15412861
v 0.28023518 -0.46680823 0.15412861
v 0.28023518 -0.46680823 0.15412861
v -0.16663840 -0.44182990 0.15412861
v -0.16663840 -0.44182990 0.15412861
v -0.16663840 -0.46680823 0.15412861
v -0.16663840 -0.46680823 0.15412861
v -0.16663840 -0.46680823 0.15412861
v 0.28023518 -0.44182990 0.15412861
v 0.28023518 -0.44182990 0.15412861
v 0.28023518 -0.44182990 0.00000003
v 0.28023518 -0.44182990 0.00000003
v -0.16663840 -0.44182990 0.00000003
v -0.16663840 -0.44182990 0.00000003
v 0.28023518 -0.46680823 0.15901911
v 0.28023518 -0.46680823 0.15901911
v 0.28023518 -0.46680823 0.15901911
v 0.28023518 -0.46680823 0.15901911
v -0.16663840 -0.46680823 0.15901911
v -0.16663840 -0.46680823 0.15901911
v -0.16663840 -0.46680823 0.15901911
v -0.16663840 -0.46680823 0.15901911
v 0.50000000 0.50000000 1.00000000
v 0.28356853 0.50000000 1.00000000
v -0.16923919 -0.46680823 0.15901911
v -0.16923919 -0.46680823 0.15901911
v -0.16923919 -0.46680823 0.15901911
v -0.16923919 -0.46680823 0.15901911
v -0.50000000 -0.46680823 0.15901911
v -0.16923919 -0.46680823 0.15412861
v -0.16923919 -0.46680823 0.15412861
v -0.16923919 -0.46680823 0.15412861
v -0.50000000 -0.44182990 0.15412861
v -0.50000000 -0.44182990 0.15412861
v -0.50000000 -0.44182990 0.15412861
v -0.16923919 -0.44182990 0.15412861
v -0.16923919 -0.44182990 0.15412861
v -0.16923919 -0.46680823 0.80026797
v -0.16923919 -0.46680823 0.80026797
v -0.16923919 -0.46680823 0.80026797
v -0.50000000 -0.46680823 0.80026797
v -0.50000000 -0.46680823 0.80026797
v -0.50000000 -0.46680823 0.80026797
v -0.16923919 -0.46680823 0.54538163
v -0.16923919 -0.46680823 0.54538163
v -0.16923919 -0.46680823 0.54538163
v -0.16923919 -0.45258772 0.40945620
v -0.16923919 -0.45258772 0.40945620
v -0.16923919 -0.45258772 0.40945620
v -0.16923919 -0.46680823 0.40945620
v -0.16923919 -0.46680823 0.40945620
v -0.16923919 -0.46680823 0.40945620
v -0.16923919 -0.48449698 1.00000000
v -0.16923919 -0.48449698 1.00000000
v -0.16921296 -0.49292528 0.99389574
v -0.16921296 -0.49292528 0.99389574
v -0.16921296 -0.49292528 0.96493944
v -0.16921296 -0.49292528 0.96493944
v -0.16663840 -0.46680823 0.00000003
v 0.28023518 0.50000000 1.00000000
v -0.16663840 0.50000000 1.00000000
v 0.28023518 -0.46680823 0.79744979
v 0.28023518 -0.46680823 0.79744979
v 0.28023518 -0.45258772 0.67839226
v 0.28023518 -0.45258772 0.67839226
v -0.16663840 -0.45258772 0.15901911
v -0.16663840 -0.45258772 0.15901911
v -0.16663840 -0.45258772 0.15901911
v -0.50000000 -0.46680823 0.40145799
v -0.50000000 -0.46680823 0.40145799
v -0.50000000 -0.46680823 0.40145799
v 0.28356853 -0.46680823 0.40145799
v 0.28356853 -0.46680823 0.40145799
v 0.28356853 -0.45258772 0.40945620
v 0.28356853 -0.45258772 0.40945620
v 0.28356853 -0.46680823 0.40945620
v 0.28356853 -0.46680823 0.40945620
v -0.16923919 -0.45258772 0.80026797
v -0.16923919 -0.45258772 0.80026797
v -0.16923919 -0.45258772 0.80026797
v 0.28356853 -0.45258772 0.15901911
v 0.28356853 -0.45258772 0.15901911
v 0.28356853 -0.45258772 0.15901911
v -0.16663840 -0.46680823 0.40145799
v -0.16663840 -0.46680823 0.40145799
v -0.16663840 -0.46680823 0.40945620
v -0.16663840 -0.46680823 0.40945620
v 0.28023518 -0.46680823 0.40145799
v 0.28023518 -0.46680823 0.40145799
v 0.50000000 -0.46680823 0.40145799
v -0.16663840 -0.46680823 0.54538163
v -0.16663840 -0.46680823 0.54538163
v -0.16663840 -0.45258772 0.55090188
v -0.16663840 -0.45258772 0.55090188
v -0.16663840 -0.46680823 0.55090188
v -0.16663840 -0.46680823 0.55090188
v 0.28356853 -0.45258772 0.54538163
v 0.28356853 -0.45258772 0.54538163
v 0.28356853 -0.46680823 0.54538163
v 0.28356853 -0.46680823 0.54538163
v -0.50000000 -0.46680823 0.54538163
v -0.50000000 -0.46680823 0.54538163
v -0.50000000 -0.46680823 0.54538163
v -0.50000000 -0.46680823 0.40945620
v -0.50000000 -0.46680823 0.40945620
v -0.50000000 -0.46680823 0.40945620
v 0.28356853 -0.46680823 0.79744979
v 0.28356853 -0.46680823 0.79744979
v 0.28356853 -0.45258772 0.80026797
v 0.28356853 -0.45258772 0.80026797
v -0.16923919 -0.46680823 0.67839226
v -0.16923919 -0.46680823 0.67839226
v -0.16923919 -0.46680823 0.67839226
v -0.50000000 -0.45258772 0.67839226
v -0.50000000 -0.45258772 0.67839226
v -0.50000000 -0.45258772 0.67839226
v -0.50000000 -0.46680823 0.67839226
v -0.50000000 -0.46680823 0.67839226
v -0.50000000 -0.46680823 0.67839226
v -0.16663840 -0.45258772 0.67429458
v -0.16663840 -0.45258772 0.67429458
v -0.16663840 -0.46680823 0.67429458
v -0.16663840 -0.46680823 0.67429458
v 0.28023518 -0.46680823 0.40945620
v 0.28023518 -0.46680823 0.40945620
v 0.28023518 -0.46680823 0.54538163
v 0.28023518 -0.46680823 0.54538163
v 0.50000000 -0.46680823 0.40945620
v 0.28356853 -0.46680823 0.55090188
v 0.28356853 -0.46680823 0.55090188
v 0.50000000 -0.46680823 0.54538163
v 0.28023518 -0.45258772 0.40145799
v 0.28023518 -0.45258772 0.40145799
v 0.28356853 -0.45258772 0.95883525
v 0.28356853 -0.45258772 0.95883525
v 0.28356853 -0.45258772 0.95883525
v -0.50000000 -0.46680823 0.67429458
v -0.50000000 -0.46680823 0.67429458
v -0.50000000 -0.46680823 0.67429458
v -0.16923919 -0.46680823 0.55090188
v -0.16923919 -0.46680823 0.55090188
v -0.16923919 -0.46680823 0.55090188
v -0.50000000 -0.46680823 0.55090188
v -0.50000000 -0.46680823 0.55090188
v -0.50000000 -0.46680823 0.55090188
v -0.50000000 -0.45258772 0.67429458
v -0.50000000 -0.45258772 0.67429458
v -0.50000000 -0.45258772 0.67429458
v -0.16923919 -0.45258772 0.67429458
v -0.16923919 -0.45258772 0.67429458
v -0.16923919 -0.45258772 0.67429458
v -0.16923919 -0.46680823 0.67429458
v -0.16923919 -0.46680823 0.67429458
v -0.16923919 -0.46680823 0.67429458
v 0.28023518 -0.45258772 0.40945620
v 0.28023518 -0.45258772 0.40945620
v 0.28023518 -0.46680823 0.55090188
v 0.28023518 -0.46680823 0.55090188
v -0.16663840 -0.46680823 0.67839226
v -0.16663840 -0.46680823 0.67839226
v 0.28356853 -0.46680823 0.67429458
v 0.28356853 -0.46680823 0.67429458
v 0.50000000 -0.46680823 0.55090188
v 0.28356853 -0.46680823 0.67839226
v 0.28356853 -0.46680823 0.67839226
v 0.50000000 -0.46680823 0.67429458
v 0.28023518 -0.45258772 0.79744979
v 0.28023518 -0.45258772 0.79744979
v 0.28023518 -0.45258772 0.95883525
v 0.28023518 -0.45258772 0.95883525
v 0.28023518 -0.45258772 0.95883525
v -0.50000000 -0.46680823 0.79744979
v -0.50000000 -0.46680823 0.79744979
v -0.50000000 -0.46680823 0.79744979
v -0.16923919 -0.45258772 0.55090188
v -0.16923919 -0.45258772 0.55090188
v -0.16923919 -0.45258772 0.55090188
v 0.28023518 -0.45258772 0.80026797
v 0.28023518 -0.45258772 0.80026797
v 0.28356853 -0.45258772 0.55090188
v 0.28356853 -0.45258772 0.55090188
v -0.16663840 -0.46680823 0.79744979
v -0.16663840 -0.46680823 0.79744979
v 0.50000000 -0.46680823 0.67839226
v 0.50000000 -0.46680823 0.79744979
v -0.16923919 -0.45258772 0.95883525
v -0.16923919 -0.45258772 0.95883525
v -0.16923919 -0.45258772 0.95883525
v -0.16663840 -0.45258772 0.80026797
v -0.16663840 -0.45258772 0.80026797
v -0.16923919 -0.45258772 0.40145799
v -0.16923919 -0.45258772 0.40145799
v -0.16923919 -0.45258772 0.40145799
v -0.16923919 -0.45258772 0.15901911
v -0.16923919 -0.45258772 0.15901911
v -0.16923919 -0.45258772 0.15901911
v -0.16663840 -0.45258772 0.40145799
v -0.16663840 -0.45258772 0.40145799
v -0.50000000 -0.45258772 0.40945620
v -0.50000000 -0.45258772 0.40945620
v -0.50000000 -0.45258772 0.40945620
v -0.50000000 -0.45258772 0.40145799
v -0.50000000 -0.45258772 0.40145799
v -0.50000000 -0.45258772 0.40145799
v 0.28023518 -0.45258772 0.15901911
v 0.28023518 -0.45258772 0.15901911
v 0.28023518 -0.45258772 0.15901911
v 0.28356853 -0.45258772 0.40145799
v 0.28356853 -0.45258772 0.40145799
v -0.16923919 -0.45258772 0.54538163
v -0.16923919 -0.45258772 0.54538163
v -0.16923919 -0.45258772 0.54538163
v -0.16663840 -0.45258772 0.40945620
v -0.16663840 -0.45258772 0.40945620
v -0.16663840 -0.45258772 0.54538163
v -0.16663840 -0.45258772 0.54538163
v -0.50000000 -0.45258772 0.55090188
v -0.50000000 -0.45258772 0.55090188
v -0.50000000 -0.45258772 0.55090188
v -0.50000000 -0.45258772 0.54538163
v -0.50000000 -0.45258772 0.54538163
v -0.50000000 -0.45258772 0.54538163
v 0.28023518 -0.45258772 0.54538163
v 0.28023518 -0.45258772 0.54538163
v 0.28023518 -0.45258772 0.55090188
v 0.28023518 -0.45258772 0.55090188
v -0.16923919 -0.45258772 0.67839226
v -0.16923919 -0.45258772 0.67839226
v -0.16923919 -0.45258772 0.67839226
v 0.28356853 -0.45258772 0.67429458
v 0.28356853 -0.45258772 0.67429458
v -0.16923919 -0.45258772 0.79744979
v -0.16923919 -0.45258772 0.79744979
v -0.16923919 -0.45258772 0.79744979
v -0.16663840 -0.45258772 0.67839226
v -0.16663840 -0.45258772 0.67839226
v -0.16663840 -0.45258772 0.79744979
v -0.16663840 -0.45258772 0.79744979
v -0.50000000 -0.45258772 0.80026797
v -0.50000000 -0.45258772 0.80026797
v -0.50000000 -0.45258772 0.80026797
v -0.50000000 -0.45258772 0.79744979
v -0.50000000 -0.45258772 0.79744979
v -0.50000000 -0.45258772 0.79744979
v 0.28356853 -0.45258772 0.67839226
v 0.28356853 -0.45258772 0.67839226
v 0.28356853 -0.45258772 0.79744979
v 0.28356853 -0.45258772 0.79744979
v -0.16663840 -0.45258772 0.95883525
v -0.16663840 -0.45258772 0.95883525
v -0.16663840 -0.45258772 0.95883525
v -0.16923919 -0.46680823 0.40145799
v -0.16923919 -0.46680823 0.40145799
v -0.16923919 -0.46680823 0.40145799
v -0.16923919 -0.46680823 0.79744979
v -0.16923919 -0.46680823 0.79744979
v -0.16923919 -0.46680823 0.79744979
v -0.12414898 -0.48135223 0.88941323
v -0.12284177 -0.48368043 0.89231156
v -0.12414898 -0.48087252 0.89230732
v -0.12593476 -0.46405608 0.91526968
v -0.12772041 -0.48857047 0.89938681
v -0.12772041 -0.46405621 0.91452525
v -0.12845484 -0.46377705 0.74692710
v -0.12708962 -0.46812815 0.74949545
v -0.12864847 -0.47006238 0.74881548
v -0.12414898 -0.47476830 0.89922543
v -0.12284177 -0.46405608 0.90693394
v -0.12414898 -0.46405608 0.90489961
v -0.12414898 -0.49464250 0.88941323
v -0.12593476 -0.49519113 0.89230500
v -0.12414898 -0.49416292 0.89230712
v -0.12888204 -0.47816212 0.75419280
v -0.12888204 -0.47816212 0.75419280
v -0.12772041 -0.48135242 0.76329390
v -0.12902762 -0.48415845 0.76327946
v -0.12902762 -0.48415845 0.76327946
v -0.12284177 -0.47763955 0.89935050
v -0.12236334 -0.46405608 0.90971243
v -0.12810997 -0.47772690 0.74546243
v -0.12938440 -0.46387849 0.74156190
v -0.12922304 -0.47571332 0.74651510
v -0.12750513 -0.47620438 0.75476320
v -0.12593470 -0.48032562 0.76330126
v -0.12593470 -0.48032562 0.76330126
v -0.12284177 -0.48415831 0.88942767
v -0.12236334 -0.48751683 0.89231368
v -0.12902762 -0.48564996 0.89940297
v -0.12902762 -0.46405621 0.91249119
v -0.12570484 -0.47548112 0.75479877
v -0.12570484 -0.47548112 0.75479877
v -0.12414898 -0.48135223 0.76329390
v -0.12460104 -0.47796061 0.74475503
v -0.12686427 -0.46415811 0.73762950
v -0.12641462 -0.47853806 0.74483003
v -0.12772041 -0.49464250 0.88941323
v -0.12772041 -0.49416292 0.89230712
v -0.12274925 -0.47815425 0.75335245
v -0.12284177 -0.48415831 0.76327946
v -0.12236334 -0.48162696 0.89941384
v -0.12284177 -0.46405621 0.91249119
v -0.12239663 -0.48079733 0.75226778
v -0.12236327 -0.48799393 0.76327224
v -0.12236334 -0.48799393 0.88943502
v -0.12284177 -0.49135350 0.89231143
v -0.12299876 -0.48341708 0.75132726
v -0.12284177 -0.49183152 0.76327946
v -0.12414898 -0.48857047 0.89938681
v -0.12414898 -0.46405621 0.91452525
v -0.12902762 -0.49183152 0.88942767
v -0.12902762 -0.49135350 0.89231143
v -0.12438983 -0.48531756 0.75077244
v -0.12414898 -0.49464250 0.76329390
v -0.12284177 -0.48564996 0.89940297
v -0.12950618 -0.48162696 0.89941384
v -0.12950618 -0.46405608 0.90971243
v -0.12619334 -0.48600597 0.75074693
v -0.12593470 -0.49567177 0.76330126
v -0.12284177 -0.49183152 0.88942767
v -0.12938148 -0.46379228 0.74443804
v -0.12943219 -0.47292352 0.74772750
v -0.12772041 -0.49464250 0.76329390
v -0.12950618 -0.48799393 0.88943502
v -0.12950618 -0.48751683 0.89231368
v -0.12792519 -0.48530928 0.75125711
v -0.12902762 -0.49183152 0.76327946
v -0.12341461 -0.46433643 0.73906224
v -0.12315169 -0.47613779 0.74523685
v -0.12846312 -0.46401217 0.73906993
v -0.12947340 -0.48080131 0.75324341
v -0.12950612 -0.48799393 0.76327224
v -0.12248797 -0.46432093 0.74155150
v -0.12243569 -0.47349581 0.74614657
v -0.12593476 -0.48032562 0.88940601
v -0.12593476 -0.48032562 0.88940601
v -0.12593476 -0.47984494 0.89230520
v -0.12593476 -0.47984494 0.89230520
v -0.12593476 -0.47372352 0.89916077
v -0.12593476 -0.47372352 0.89916077
v -0.12593476 -0.46405608 0.90415518
v -0.12593476 -0.46405608 0.90415518
v -0.12248506 -0.46423499 0.74442744
v -0.12261248 -0.47071584 0.74731683
v -0.12772041 -0.48087270 0.89230732
v -0.12772041 -0.46405608 0.90489961
v -0.12340633 -0.46410104 0.74691948
v -0.12362206 -0.46859222 0.74854440
v -0.12902762 -0.48368043 0.89231156
v -0.12902762 -0.48368043 0.89231156
v -0.12772041 -0.48135242 0.88941323
v -0.12902762 -0.46405608 0.90693394
v -0.12902762 -0.46405608 0.90693394
v -0.12772041 -0.47476830 0.89922543
v -0.12500518 -0.46395523 0.74836003
v -0.12500518 -0.46395523 0.74836003
v -0.12523977 -0.46763663 0.74940867
v -0.12523977 -0.46763663 0.74940867
v -0.12902762 -0.48415845 0.88942767
v -0.12902762 -0.48415845 0.88942767
v -0.12685306 -0.46383678 0.74836281
v -0.12950612 -0.49119882 0.79221417
v -0.12902762 -0.49503614 0.79221808
v -0.12950612 -0.49232432 0.82635363
v -0.12902762 -0.49616145 0.82635363
v -0.12902762 -0.49503614 0.86048918
v -0.12950618 -0.49119882 0.86049296
v -0.12772041 -0.49784633 0.79222597
v -0.12772041 -0.49897133 0.82635363
v -0.12772041 -0.49784633 0.86048116
v -0.12593470 -0.49887510 0.79222987
v -0.12593476 -0.50000000 0.82635363
v -0.12593476 -0.49887510 0.86047739
v -0.12593476 -0.49567177 0.88940601
v -0.12414898 -0.49784633 0.79222597
v -0.12414898 -0.49897133 0.82635363
v -0.12414898 -0.49784633 0.86048116
v -0.12284177 -0.49503614 0.79221808
v -0.12284177 -0.49616145 0.82635363
v -0.12284177 -0.49503614 0.86048918
v -0.12236327 -0.49119882 0.79221417
v -0.12236327 -0.49232432 0.82635363
v -0.12236334 -0.49119882 0.86049296
v -0.12284177 -0.48736302 0.79221808
v -0.12284177 -0.48848838 0.82635363
v -0.12284177 -0.48736302 0.86048918
v -0.12414898 -0.48455607 0.79222597
v -0.12414898 -0.48568111 0.82635363
v -0.12414898 -0.48455607 0.86048116
v -0.12593470 -0.48352895 0.79222987
v -0.12593470 -0.48352895 0.79222987
v -0.12593476 -0.48465399 0.82635363
v -0.12593476 -0.48465399 0.82635363
v -0.12593476 -0.48352895 0.86047739
v -0.12593476 -0.48352895 0.86047739
v -0.12772041 -0.48455621 0.79222597
v -0.12772041 -0.48568111 0.82635363
v -0.12772041 -0.48455621 0.86048116
v -0.12902762 -0.48736302 0.79221808
v -0.12902762 -0.48736302 0.79221808
v -0.12902762 -0.48848838 0.82635363
v -0.12902762 -0.48848838 0.82635363
v -0.12902762 -0.48736302 0.86048918
v -0.12902762 -0.48736302 0.86048918
v -0.12912406 -0.48341050 0.75216907
v -0.12593476 -0.48963381 0.89938058
v -0.12396212 -0.47620054 0.75428323
v -0.12902762 -0.47763987 0.89935050
v -0.12902762 -0.47763987 0.89935050
v -0.29485800 -0.48135223 0.88193520
v -0.29299540 -0.48368043 0.87990113
v -0.29299817 -0.48087252 0.88193520
v -0.27824108 -0.46405608 0.88471382
v -0.28844846 -0.48857047 0.88749244
v -0.27871958 -0.46405621 0.88749244
v -0.38642822 -0.46377705 0.88863522
v -0.38477773 -0.46812815 0.88651092
v -0.38521467 -0.47006238 0.88893644
v -0.28855217 -0.47476830 0.88193520
v -0.28359822 -0.46405608 0.87990113
v -0.28490552 -0.46405608 0.88193520
v -0.29485800 -0.49464250 0.88193520
v -0.29299966 -0.49519113 0.88471382
v -0.29299829 -0.49416292 0.88193520
v -0.38175888 -0.47816212 0.88929988
v -0.38175888 -0.47816212 0.88929988
v -0.37590992 -0.48135242 0.88749244
v -0.37591924 -0.48415845 0.88952651
v -0.37591924 -0.48415845 0.88952651
v -0.28847175 -0.47763955 0.87990113
v -0.28181251 -0.46405608 0.87915650
v -0.38736959 -0.47772690 0.88809861
v -0.38987631 -0.46387849 0.89008167
v -0.38669299 -0.47571332 0.88983059
v -0.38139231 -0.47620438 0.88715730
v -0.37590528 -0.48032562 0.88471369
v -0.37590528 -0.48032562 0.88471369
v -0.29484872 -0.48415831 0.87990113
v -0.29299404 -0.48751683 0.87915650
v -0.28843803 -0.48564996 0.88952651
v -0.28002679 -0.46405621 0.88952651
v -0.38136949 -0.47548112 0.88435615
v -0.38136949 -0.47548112 0.88435615
v -0.37590992 -0.48135223 0.88193520
v -0.38782416 -0.47796061 0.88263861
v -0.39240350 -0.46415811 0.88616014
v -0.38777601 -0.47853806 0.88546050
v -0.29485800 -0.49464250 0.88749244
v -0.29299829 -0.49416292 0.88749244
v -0.38229902 -0.47815425 0.87975704
v -0.37591924 -0.48415831 0.87990113
v -0.28843100 -0.48162696 0.87915650
v -0.28002679 -0.46405621 0.87990113
v -0.38299602 -0.48079733 0.87920844
v -0.37592392 -0.48799393 0.87915644
v -0.29484408 -0.48799393 0.87915650
v -0.29299553 -0.49135350 0.87990113
v -0.38360049 -0.48341708 0.88014532
v -0.37591924 -0.49183152 0.87990113
v -0.28844846 -0.48857047 0.88193520
v -0.27871958 -0.46405621 0.88193520
v -0.29484872 -0.49183152 0.88952651
v -0.29299553 -0.49135350 0.88952651
v -0.38395701 -0.48531756 0.88230983
v -0.37590992 -0.49464250 0.88193520
v -0.28843803 -0.48564996 0.87990113
v -0.28843100 -0.48162696 0.89027107
v -0.28181251 -0.46405608 0.89027107
v -0.38397336 -0.48600597 0.88511627
v -0.37590528 -0.49567177 0.88471369
v -0.29484872 -0.49183152 0.87990113
v -0.38802792 -0.46379228 0.89007696
v -0.38591392 -0.47292352 0.89015593
v -0.37590992 -0.49464250 0.88749244
v -0.29484408 -0.48799393 0.89027107
v -0.29299404 -0.48751683 0.89027107
v -0.38364549 -0.48530928 0.88781110
v -0.37591924 -0.49183152 0.88952651
v -0.39148274 -0.46433643 0.88079236
v -0.38751460 -0.47613779 0.88038328
v -0.39147780 -0.46401217 0.88864800
v -0.38236910 -0.48080131 0.89022006
v -0.37592392 -0.48799393 0.89027094
v -0.38988299 -0.46432093 0.87935061
v -0.38692992 -0.47349581 0.87926926
v -0.29486273 -0.48032562 0.88471382
v -0.29486273 -0.48032562 0.88471382
v -0.29299953 -0.47984494 0.88471382
v -0.29299953 -0.47984494 0.88471382
v -0.28859368 -0.47372352 0.88471382
v -0.28859368 -0.47372352 0.88471382
v -0.28538397 -0.46405608 0.88471382
v -0.28538397 -0.46405608 0.88471382
v -0.38803465 -0.46423499 0.87934591
v -0.38617780 -0.47071584 0.87954419
v -0.29299817 -0.48087270 0.88749244
v -0.28490552 -0.46405608 0.88749244
v -0.38643316 -0.46410104 0.88077951
v -0.38538889 -0.46859222 0.88111512
v -0.29299540 -0.48368043 0.88952651
v -0.29299540 -0.48368043 0.88952651
v -0.29485800 -0.48135242 0.88749244
v -0.28359822 -0.46405608 0.88952651
v -0.28359822 -0.46405608 0.88952651
v -0.28855217 -0.47476830 0.88749244
v -0.38550746 -0.46395523 0.88326737
v -0.38550746 -0.46395523 0.88326737
v -0.38483346 -0.46763663 0.88363233
v -0.38483346 -0.46763663 0.88363233
v -0.29484872 -0.48415845 0.88952651
v -0.29484872 -0.48415845 0.88952651
v -0.38550567 -0.46383678 0.88614265
v -0.35732409 -0.49119882 0.89027094
v -0.35732157 -0.49503614 0.88952651
v -0.33538400 -0.49232432 0.89027094
v -0.33538400 -0.49616145 0.88952651
v -0.31344643 -0.49503614 0.88952651
v -0.31344396 -0.49119882 0.89027107
v -0.35731642 -0.49784633 0.88749244
v -0.33538400 -0.49897133 0.88749244
v -0.31345154 -0.49784633 0.88749244
v -0.35731400 -0.49887510 0.88471369
v -0.33538400 -0.50000000 0.88471382
v -0.31345401 -0.49887510 0.88471382
v -0.29486273 -0.49567177 0.88471382
v -0.35731642 -0.49784633 0.88193520
v -0.33538400 -0.49897133 0.88193520
v -0.31345154 -0.49784633 0.88193520
v -0.35732157 -0.49503614 0.87990113
v -0.33538400 -0.49616145 0.87990113
v -0.31344643 -0.49503614 0.87990113
v -0.35732409 -0.49119882 0.87915644
v -0.33538400 -0.49232432 0.87915644
v -0.31344396 -0.49119882 0.87915650
v -0.35732157 -0.48736302 0.87990113
v -0.33538400 -0.48848838 0.87990113
v -0.31344643 -0.48736302 0.87990113
v -0.35731642 -0.48455607 0.88193520
v -0.33538400 -0.48568111 0.88193520
v -0.31345154 -0.48455607 0.88193520
v -0.35731400 -0.48352895 0.88471369
v -0.35731400 -0.48352895 0.88471369
v -0.33538400 -0.48465399 0.88471382
v -0.33538400 -0.48465399 0.88471382
v -0.31345401 -0.48352895 0.88471382
v -0.31345401 -0.48352895 0.88471382
v -0.35731642 -0.48455621 0.88749244
v -0.33538400 -0.48568111 0.88749244
v -0.31345154 -0.48455621 0.88749244
v -0.35732157 -0.48736302 0.88952651
v -0.35732157 -0.48736302 0.88952651
v -0.33538400 -0.48848838 0.88952651
v -0.33538400 -0.48848838 0.88952651
v -0.31344643 -0.48736302 0.88952651
v -0.31344643 -0.48736302 0.88952651
v -0.38305945 -0.48341050 0.88967643
v -0.28845246 -0.48963381 0.88471382
v -0.38170072 -0.47620054 0.88164430
v -0.28847175 -0.47763987 0.88952651
v -0.28847175 -0.47763987 0.88952651
v -0.29485800 -0.48135223 0.73699677
v -0.29299540 -0.48368043 0.73496271
v -0.29299817 -0.48087252 0.73699677
v -0.27824108 -0.46405608 0.73977546
v -0.28844846 -0.48857047 0.74255402
v -0.27871958 -0.46405621 0.74255402
v -0.38642822 -0.46377705 0.74369679
v -0.38477773 -0.46812815 0.74157250
v -0.38521467 -0.47006238 0.74399809
v -0.28855217 -0.47476830 0.73699677
v -0.28359822 -0.46405608 0.73496271
v -0.28490552 -0.46405608 0.73699677
v -0.29485800 -0.49464250 0.73699677
v -0.29299966 -0.49519113 0.73977546
v -0.29299829 -0.49416292 0.73699677
v -0.38175888 -0.47816212 0.74436159
v -0.38175888 -0.47816212 0.74436159
v -0.37590992 -0.48135242 0.74255402
v -0.37591924 -0.48415845 0.74458809
v -0.37591924 -0.48415845 0.74458809
v -0.28847175 -0.47763955 0.73496271
v -0.28181251 -0.46405608 0.73421822
v -0.38736959 -0.47772690 0.74316019
v -0.38987631 -0.46387849 0.74514324
v -0.38669299 -0.47571332 0.74489217
v -0.38139231 -0.47620438 0.74221888
v -0.37590528 -0.48032562 0.73977540
v -0.37590528 -0.48032562 0.73977540
v -0.29484872 -0.48415831 0.73496271
v -0.29299404 -0.48751683 0.73421822
v -0.28843803 -0.48564996 0.74458809
v -0.28002679 -0.46405621 0.74458809
v -0.38136949 -0.47548112 0.73941773
v -0.38136949 -0.47548112 0.73941773
v -0.37590992 -0.48135223 0.73699677
v -0.38782416 -0.47796061 0.73770019
v -0.39240350 -0.46415811 0.74122185
v -0.38777601 -0.47853806 0.74052208
v -0.29485800 -0.49464250 0.74255402
v -0.29299829 -0.49416292 0.74255402
v -0.38229902 -0.47815425 0.73481862
v -0.37591924 -0.48415831 0.73496271
v -0.28843100 -0.48162696 0.73421822
v -0.28002679 -0.46405621 0.73496271
v -0.38299602 -0.48079733 0.73427002
v -0.37592392 -0.48799393 0.73421815
v -0.29484408 -0.48799393 0.73421822
v -0.29299553 -0.49135350 0.73496271
v -0.38360049 -0.48341708 0.73520690
v -0.37591924 -0.49183152 0.73496271
v -0.28844846 -0.48857047 0.73699677
v -0.27871958 -0.46405621 0.73699677
v -0.29484872 -0.49183152 0.74458809
v -0.29299553 -0.49135350 0.74458809
v -0.38395701 -0.48531756 0.73737154
v -0.37590992 -0.49464250 0.73699677
v -0.28843803 -0.48564996 0.73496271
v -0.28843100 -0.48162696 0.74533278
v -0.28181251 -0.46405608 0.74533278
v -0.38397336 -0.48600597 0.74017785
v -0.37590528 -0.49567177 0.73977540
v -0.29484872 -0.49183152 0.73496271
v -0.38802792 -0.46379228 0.74513861
v -0.38591392 -0.47292352 0.74521758
v -0.37590992 -0.49464250 0.74255402
v -0.29484408 -0.48799393 0.74533278
v -0.29299404 -0.48751683 0.74533278
v -0.38364549 -0.48530928 0.74287267
v -0.37591924 -0.49183152 0.74458809
v -0.39148274 -0.46433643 0.73585394
v -0.38751460 -0.47613779 0.73544486
v -0.39147780 -0.46401217 0.74370971
v -0.38236910 -0.48080131 0.74528170
v -0.37592392 -0.48799393 0.74533265
v -0.38988299 -0.46432093 0.73441219
v -0.38692992 -0.47349581 0.73433084
v -0.29486273 -0.48032562 0.73977546
v -0.29486273 -0.48032562 0.73977546
v -0.29299953 -0.47984494 0.73977546
v -0.29299953 -0.47984494 0.73977546
v -0.28859368 -0.47372352 0.73977546
v -0.28859368 -0.47372352 0.73977546
v -0.28538397 -0.46405608 0.73977546
v -0.28538397 -0.46405608 0.73977546
v -0.38803465 -0.46423499 0.73440755
v -0.38617780 -0.47071584 0.73460590
v -0.29299817 -0.48087270 0.74255402
v -0.28490552 -0.46405608 0.74255402
v -0.38643316 -0.46410104 0.73584115
v -0.38538889 -0.46859222 0.73617669
v -0.29299540 -0.48368043 0.74458809
v -0.29299540 -0.48368043 0.74458809
v -0.29485800 -0.48135242 0.74255402
v -0.28359822 -0.46405608 0.74458809
v -0.28359822 -0.46405608 0.74458809
v -0.28855217 -0.47476830 0.74255402
v -0.38550746 -0.46395523 0.73832908
v -0.38550746 -0.46395523 0.73832908
v -0.38483346 -0.46763663 0.73869404
v -0.38483346 -0.46763663 0.73869404
v -0.29484872 -0.48415845 0.74458809
v -0.29484872 -0.48415845 0.74458809
v -0.38550567 -0.46383678 0.74120429
v -0.35732409 -0.49119882 0.74533265
v -0.35732157 -0.49503614 0.74458809
v -0.33538400 -0.49232432 0.74533265
v -0.33538400 -0.49616145 0.74458809
v -0.31344643 -0.49503614 0.74458809
v -0.31344396 -0.49119882 0.74533278
v -0.35731642 -0.49784633 0.74255402
v -0.33538400 -0.49897133 0.74255402
v -0.31345154 -0.49784633 0.74255402
v -0.35731400 -0.49887510 0.73977540
v -0.33538400 -0.50000000 0.73977546
v -0.31345401 -0.49887510 0.73977546
v -0.29486273 -0.49567177 0.73977546
v -0.35731642 -0.49784633 0.73699677
v -0.33538400 -0.49897133 0.73699677
v -0.31345154 -0.49784633 0.73699677
v -0.35732157 -0.49503614 0.73496271
v -0.33538400 -0.49616145 0.73496271
v -0.31344643 -0.49503614 0.73496271
v -0.35732409 -0.49119882 0.73421815
v -0.33538400 -0.49232432 0.73421815
v -0.31344396 -0.49119882 0.73421822
v -0.35732157 -0.48736302 0.73496271
v -0.33538400 -0.48848838 0.73496271
v -0.31344643 -0.48736302 0.73496271
v -0.35731642 -0.48455607 0.73699677
v -0.33538400 -0.48568111 0.73699677
v -0.31345154 -0.48455607 0.73699677
v -0.35731400 -0.48352895 0.73977540
v -0.35731400 -0.48352895 0.73977540
v -0.33538400 -0.48465399 0.73977546
v -0.33538400 -0.48465399 0.73977546
v -0.31345401 -0.48352895 0.73977546
v -0.31345401 -0.48352895 0.73977546
v -0.35731642 -0.48455621 0.74255402
v -0.33538400 -0.48568111 0.74255402
v -0.31345154 -0.48455621 0.74255402
v -0.35732157 -0.48736302 0.74458809
v -0.35732157 -0.48736302 0.74458809
v -0.33538400 -0.48848838 0.74458809
v -0.33538400 -0.48848838 0.74458809
v -0.31344643 -0.48736302 0.74458809
v -0.31344643 -0.48736302 0.74458809
v -0.38305945 -0.48341050 0.74473814
v -0.28845246 -0.48963381 0.73977546
v -0.38170072 -0.47620054 0.73670601
v -0.28847175 -0.47763987 0.74458809
v -0.28847175 -0.47763987 0.74458809
v -0.29485800 -0.48135223 0.61137947
v -0.29299540 -0.48368043 0.60934541
v -0.29299817 -0.48087252 0.61137947
v -0.27824108 -0.46405608 0.61415810
v -0.28844846 -0.48857047 0.61693659
v -0.27871958 -0.46405621 0.61693659
v -0.38642822 -0.46377705 0.61807943
v -0.38477773 -0.46812815 0.61595507
v -0.38521467 -0.47006238 0.61838072
v -0.28855217 -0.47476830 0.61137947
v -0.28359822 -0.46405608 0.60934541
v -0.28490552 -0.46405608 0.61137947
v -0.29485800 -0.49464250 0.61137947
v -0.29299966 -0.49519113 0.61415810
v -0.29299829 -0.49416292 0.61137947
v -0.38175888 -0.47816212 0.61874416
v -0.38175888 -0.47816212 0.61874416
v -0.37590992 -0.48135242 0.61693659
v -0.37591924 -0.48415845 0.61897066
v -0.37591924 -0.48415845 0.61897066
v -0.28847175 -0.47763955 0.60934541
v -0.28181251 -0.46405608 0.60860085
v -0.38736959 -0.47772690 0.61754282
v -0.38987631 -0.46387849 0.61952588
v -0.38669299 -0.47571332 0.61927480
v -0.38139231 -0.47620438 0.61660164
v -0.37590528 -0.48032562 0.61415797
v -0.37590528 -0.48032562 0.61415797
v -0.29484872 -0.48415831 0.60934541
v -0.29299404 -0.48751683 0.60860085
v -0.28843803 -0.48564996 0.61897066
v -0.28002679 -0.46405621 0.61897066
v -0.38136949 -0.47548112 0.61380030
v -0.38136949 -0.47548112 0.61380030
v -0.37590992 -0.48135223 0.61137947
v -0.38782416 -0.47796061 0.61208283
v -0.39240350 -0.46415811 0.61560442
v -0.38777601 -0.47853806 0.61490478
v -0.29485800 -0.49464250 0.61693659
v -0.29299829 -0.49416292 0.61693659
v -0.38229902 -0.47815425 0.60920139
v -0.37591924 -0.48415831 0.60934541
v -0.28843100 -0.48162696 0.60860085
v -0.28002679 -0.46405621 0.60934541
v -0.38299602 -0.48079733 0.60865266
v -0.37592392 -0.48799393 0.60860072
v -0.29484408 -0.48799393 0.60860085
v -0.29299553 -0.49135350 0.60934541
v -0.38360049 -0.48341708 0.60958960
v -0.37591924 -0.49183152 0.60934541
v -0.28844846 -0.48857047 0.61137947
v -0.27871958 -0.46405621 0.61137947
v -0.29484872 -0.49183152 0.61897066
v -0.29299553 -0.49135350 0.61897066
v -0.38395701 -0.48531756 0.61175417
v -0.37590992 -0.49464250 0.61137947
v -0.28843803 -0.48564996 0.60934541
v -0.28843100 -0.48162696 0.61971535
v -0.28181251 -0.46405608 0.61971535
v -0.38397336 -0.48600597 0.61456042
v -0.37590528 -0.49567177 0.61415797
v -0.29484872 -0.49183152 0.60934541
v -0.38802792 -0.46379228 0.61952131
v -0.38591392 -0.47292352 0.61960021
v -0.37590992 -0.49464250 0.61693659
v -0.29484408 -0.48799393 0.61971535
v -0.29299404 -0.48751683 0.61971535
v -0.38364549 -0.48530928 0.61725524
v -0.37591924 -0.49183152 0.61897066
v -0.39148274 -0.46433643 0.61023670
v -0.38751460 -0.47613779 0.60982756
v -0.39147780 -0.46401217 0.61809228
v -0.38236910 -0.48080131 0.61966434
v -0.37592392 -0.48799393 0.61971522
v -0.38988299 -0.46432093 0.60879482
v -0.38692992 -0.47349581 0.60871340
v -0.29486273 -0.48032562 0.61415810
v -0.29486273 -0.48032562 0.61415810
v -0.29299953 -0.47984494 0.61415810
v -0.29299953 -0.47984494 0.61415810
v -0.28859368 -0.47372352 0.61415810
v -0.28859368 -0.47372352 0.61415810
v -0.28538397 -0.46405608 0.61415810
v -0.28538397 -0.46405608 0.61415810
v -0.38803465 -0.46423499 0.60879025
v -0.38617780 -0.47071584 0.60898853
v -0.29299817 -0.48087270 0.61693659
v -0.28490552 -0.46405608 0.61693659
v -0.38643316 -0.46410104 0.61022378
v -0.38538889 -0.46859222 0.61055946
v -0.29299540 -0.48368043 0.61897066
v -0.29299540 -0.48368043 0.61897066
v -0.29485800 -0.48135242 0.61693659
v -0.28359822 -0.46405608 0.61897066
v -0.28359822 -0.46405608 0.61897066
v -0.28855217 -0.47476830 0.61693659
v -0.38550746 -0.46395523 0.61271165
v -0.38550746 -0.46395523 0.61271165
v -0.38483346 -0.46763663 0.61307667
v -0.38483346 -0.46763663 0.61307667
v -0.29484872 -0.48415845 0.61897066
v -0.29484872 -0.48415845 0.61897066
v -0.38550567 -0.46383678 0.61558699
v -0.35732409 -0.49119882 0.61971522
v -0.35732157 -0.49503614 0.61897066
v -0.33538400 -0.49232432 0.61971522
v -0.33538400 -0.49616145 0.61897066
v -0.31344643 -0.49503614 0.61897066
v -0.31344396 -0.49119882 0.61971535
v -0.35731642 -0.49784633 0.61693659
v -0.33538400 -0.49897133 0.61693659
v -0.31345154 -0.49784633 0.61693659
v -0.35731400 -0.49887510 0.61415797
v -0.33538400 -0.50000000 0.61415810
v -0.31345401 -0.49887510 0.61415810
v -0.29486273 -0.49567177 0.61415810
v -0.35731642 -0.49784633 0.61137947
v -0.33538400 -0.49897133 0.61137947
v -0.31345154 -0.49784633 0.61137947
v -0.35732157 -0.49503614 0.60934541
v -0.33538400 -0.49616145 0.60934541
v -0.31344643 -0.49503614 0.60934541
v -0.35732409 -0.49119882 0.60860072
v -0.33538400 -0.49232432 0.60860072
v -0.31344396 -0.49119882 0.60860085
v -0.35732157 -0.48736302 0.60934541
v -0.33538400 -0.48848838 0.60934541
v -0.31344643 -0.48736302 0.60934541
v -0.35731642 -0.48455607 0.61137947
v -0.33538400 -0.48568111 0.61137947
v -0.31345154 -0.48455607 0.61137947
v -0.35731400 -0.48352895 0.61415797
v -0.35731400 -0.48352895 0.61415797
v -0.33538400 -0.48465399 0.61415810
v -0.33538400 -0.48465399 0.61415810
v -0.31345401 -0.48352895 0.61415810
v -0.31345401 -0.48352895 0.61415810
v -0.35731642 -0.48455621 0.61693659
v -0.33538400 -0.48568111 0.61693659
v -0.31345154 -0.48455621 0.61693659
v -0.35732157 -0.48736302 0.61897066
v -0.35732157 -0.48736302 0.61897066
v -0.33538400 -0.48848838 0.61897066
v -0.33538400 -0.48848838 0.61897066
v -0.31344643 -0.48736302 0.61897066
v -0.31344643 -0.48736302 0.61897066
v -0.38305945 -0.48341050 0.61912071
v -0.28845246 -0.48963381 0.61415810
v -0.38170072 -0.47620054 0.61108858
v -0.28847175 -0.47763987 0.61897066
v -0.28847175 -0.47763987 0.61897066
v -0.29485800 -0.48135223 0.47264031
v -0.29299540 -0.48368043 0.47060624
v -0.29299817 -0.48087252 0.47264031
v -0.27824108 -0.46405608 0.47541903
v -0.28844846 -0.48857047 0.47819756
v -0.27871958 -0.46405621 0.47819756
v -0.38642822 -0.46377705 0.47934033
v -0.38477773 -0.46812815 0.47721603
v -0.38521467 -0.47006238 0.47964166
v -0.28855217 -0.47476830 0.47264031
v -0.28359822 -0.46405608 0.47060624
v -0.28490552 -0.46405608 0.47264031
v -0.29485800 -0.49464250 0.47264031
v -0.29299966 -0.49519113 0.47541903
v -0.29299829 -0.49416292 0.47264031
v -0.38175888 -0.47816212 0.48000509
v -0.38175888 -0.47816212 0.48000509
v -0.37590992 -0.48135242 0.47819756
v -0.37591924 -0.48415845 0.48023162
v -0.37591924 -0.48415845 0.48023162
v -0.28847175 -0.47763955 0.47060624
v -0.28181251 -0.46405608 0.46986178
v -0.38736959 -0.47772690 0.47880372
v -0.38987631 -0.46387849 0.48078678
v -0.38669299 -0.47571332 0.48053570
v -0.38139231 -0.47620438 0.47786244
v -0.37590528 -0.48032562 0.47541893
v -0.37590528 -0.48032562 0.47541893
v -0.29484872 -0.48415831 0.47060624
v -0.29299404 -0.48751683 0.46986178
v -0.28843803 -0.48564996 0.48023162
v -0.28002679 -0.46405621 0.48023162
v -0.38136949 -0.47548112 0.47506126
v -0.38136949 -0.47548112 0.47506126
v -0.37590992 -0.48135223 0.47264031
v -0.38782416 -0.47796061 0.47334372
v -0.39240350 -0.46415811 0.47686535
v -0.38777601 -0.47853806 0.47616558
v -0.29485800 -0.49464250 0.47819756
v -0.29299829 -0.49416292 0.47819756
v -0.38229902 -0.47815425 0.47046219
v -0.37591924 -0.48415831 0.47060624
v -0.28843100 -0.48162696 0.46986178
v -0.28002679 -0.46405621 0.47060624
v -0.38299602 -0.48079733 0.46991356
v -0.37592392 -0.48799393 0.46986165
v -0.29484408 -0.48799393 0.46986178
v -0.29299553 -0.49135350 0.47060624
v -0.38360049 -0.48341708 0.47085040
v -0.37591924 -0.49183152 0.47060624
v -0.28844846 -0.48857047 0.47264031
v -0.27871958 -0.46405621 0.47264031
v -0.29484872 -0.49183152 0.48023162
v -0.29299553 -0.49135350 0.48023162
v -0.38395701 -0.48531756 0.47301497
v -0.37590992 -0.49464250 0.47264031
v -0.28843803 -0.48564996 0.47060624
v -0.28843100 -0.48162696 0.48097628
v -0.28181251 -0.46405608 0.48097628
v -0.38397336 -0.48600597 0.47582139
v -0.37590528 -0.49567177 0.47541893
v -0.29484872 -0.49183152 0.47060624
v -0.38802792 -0.46379228 0.48078211
v -0.38591392 -0.47292352 0.48086114
v -0.37590992 -0.49464250 0.47819756
v -0.29484408 -0.48799393 0.48097628
v -0.29299404 -0.48751683 0.48097628
v -0.38364549 -0.48530928 0.47851621
v -0.37591924 -0.49183152 0.48023162
v -0.39148274 -0.46433643 0.47149750
v -0.38751460 -0.47613779 0.47108836
v -0.39147780 -0.46401217 0.47935325
v -0.38236910 -0.48080131 0.48092527
v -0.37592392 -0.48799393 0.48097618
v -0.38988299 -0.46432093 0.47005572
v -0.38692992 -0.47349581 0.46997437
v -0.29486273 -0.48032562 0.47541903
v -0.29486273 -0.48032562 0.47541903
v -0.29299953 -0.47984494 0.47541903
v -0.29299953 -0.47984494 0.47541903
v -0.28859368 -0.47372352 0.47541903
v -0.28859368 -0.47372352 0.47541903
v -0.28538397 -0.46405608 0.47541903
v -0.28538397 -0.46405608 0.47541903
v -0.38803465 -0.46423499 0.47005105
v -0.38617780 -0.47071584 0.47024946
v -0.29299817 -0.48087270 0.47819756
v -0.28490552 -0.46405608 0.47819756
v -0.38643316 -0.46410104 0.47148472
v -0.38538889 -0.46859222 0.47182026
v -0.29299540 -0.48368043 0.48023162
v -0.29299540 -0.48368043 0.48023162
v -0.29485800 -0.48135242 0.47819756
v -0.28359822 -0.46405608 0.48023162
v -0.28359822 -0.46405608 0.48023162
v -0.28855217 -0.47476830 0.47819756
v -0.38550746 -0.46395523 0.47397258
v -0.38550746 -0.46395523 0.47397258
v -0.38483346 -0.46763663 0.47433757
v -0.38483346 -0.46763663 0.47433757
v -0.29484872 -0.48415845 0.48023162
v -0.29484872 -0.48415845 0.48023162
v -0.38550567 -0.46383678 0.47684779
v -0.35732409 -0.49119882 0.48097618
v -0.35732157 -0.49503614 0.48023162
v -0.33538400 -0.49232432 0.48097618
v -0.33538400 -0.49616145 0.48023162
v -0.31344643 -0.49503614 0.48023162
v -0.31344396 -0.49119882 0.48097628
v -0.35731642 -0.49784633 0.47819756
v -0.33538400 -0.49897133 0.47819756
v -0.31345154 -0.49784633 0.47819756
v -0.35731400 -0.49887510 0.47541893
v -0.33538400 -0.50000000 0.47541903
v -0.31345401 -0.49887510 0.47541903
v -0.29486273 -0.49567177 0.47541903
v -0.35731642 -0.49784633 0.47264031
v -0.33538400 -0.49897133 0.47264031
v -0.31345154 -0.49784633 0.47264031
v -0.35732157 -0.49503614 0.47060624
v -0.33538400 -0.49616145 0.47060624
v -0.31344643 -0.49503614 0.47060624
v -0.35732409 -0.49119882 0.46986165
v -0.33538400 -0.49232432 0.46986165
v -0.31344396 -0.49119882 0.46986178
v -0.35732157 -0.48736302 0.47060624
v -0.33538400 -0.48848838 0.47060624
v -0.31344643 -0.48736302 0.47060624
v -0.35731642 -0.48455607 0.47264031
v -0.33538400 -0.48568111 0.47264031
v -0.31345154 -0.48455607 0.47264031
v -0.35731400 -0.48352895 0.47541893
v -0.35731400 -0.48352895 0.47541893
v -0.33538400 -0.48465399 0.47541903
v -0.33538400 -0.48465399 0.47541903
v -0.31345401 -0.48352895 0.47541903
v -0.31345401 -0.48352895 0.47541903
v -0.35731642 -0.48455621 0.47819756
v -0.33538400 -0.48568111 0.47819756
v -0.31345154 -0.48455621 0.47819756
v -0.35732157 -0.48736302 0.48023162
v -0.35732157 -0.48736302 0.48023162
v -0.33538400 -0.48848838 0.48023162
v -0.33538400 -0.48848838 0.48023162
v -0.31344643 -0.48736302 0.48023162
v -0.31344643 -0.48736302 0.48023162
v -0.38305945 -0.48341050 0.48038164
v -0.28845246 -0.48963381 0.47541903
v -0.38170072 -0.47620054 0.47234955
v -0.28847175 -0.47763987 0.48023162
v -0.28847175 -0.47763987 0.48023162
v -0.50000000 0.50000000 1.00000000
v -0.12501640 -0.46427675 0.73762659
v -0.39240529 -0.46427675 0.88328492
v -0.39240529 -0.46427675 0.73834650
v -0.39240529 -0.46427675 0.61272914
v -0.39240529 -0.46427675 0.47399004
vt 0.98324782 0.00000000
vt 0.98324782 0.00000000
vt 0.95102382 0.00000000
vt 0.95884907 0.00790000
vt 0.95884907 0.00790000
vt 0.95884907 0.00790000
vt 0.95884907 0.00790000
vt 0.95288408 0.00116199
vt 0.95288408 0.00116199
vt 0.00000000 0.75750607
vt 0.00000000 0.00000000
vt 0.95538062 0.76429558
vt 0.95538062 0.76429558
vt 0.34087771 0.25055331
vt 0.00000000 0.25055340
vt 0.95105338 0.51980281
vt 0.95102370 0.38936579
vt 0.68941510 0.16394810
vt 0.68180871 0.63394767
vt 0.78707558 0.39174661
vt 0.78707558 0.38936579
vt 0.78707558 0.38936579
vt 0.68180871 0.63632858
vt 0.68180871 0.63632858
vt 0.77325469 0.16394810
vt 0.77325469 0.16394810
vt 0.69822198 0.00000000
vt 0.69822198 0.00000000
vt 0.77325481 0.00000000
vt 0.77325481 0.00000000
vt 0.68941510 0.75750601
vt 0.69822192 0.76631278
vt 0.91629100 0.66772401
vt 0.77325469 0.75750601
vt 0.77325469 0.75750601
vt 0.77325469 0.75750601
vt 0.77325469 0.76631278
vt 0.78206158 0.75750601
vt 0.95102370 0.39174661
vt 0.68941510 0.00000000
vt 0.69822198 0.16394810
vt 0.69822198 0.16394810
vt 0.77325469 0.50695270
vt 0.77325469 0.50695270
vt 0.78206152 0.50695270
vt 0.78707558 0.00000000
vt 0.98765081 0.16061699
vt 0.68433380 0.65375107
vt 0.78707558 0.00000000
vt 0.95102382 0.07719355
vt 0.78707558 0.07719355
vt 0.78707558 0.07719355
vt 0.98066622 0.75613248
vt 0.98066622 0.75613248
vt 0.98066622 0.75613248
vt 0.98066622 0.75613248
vt 0.98672229 0.76305711
vt 0.98672229 0.76305711
vt 0.78206158 0.93188500
vt 0.98133242 0.51951778
vt 0.98133242 0.51951778
vt 0.79777789 0.67198682
vt 0.79777789 0.67198682
vt 0.68180871 0.66377902
vt 0.98762077 0.51953781
vt 0.95736670 0.16097070
vt 0.95736670 0.16097070
vt 0.00000000 0.59355801
vt 0.95107633 0.16092300
vt 0.96263391 0.01208269
vt 0.96263391 0.01208269
vt 0.96263391 0.01208269
vt 0.96165210 0.16095850
vt 0.96165210 0.16095850
vt 0.97675180 0.75180388
vt 0.97675180 0.75180388
vt 0.97675180 0.75180388
vt 0.96144628 0.75516403
vt 0.96144628 0.75516403
vt 0.96144628 0.75516403
vt 0.96144628 0.75516403
vt 0.96504062 0.75130087
vt 0.96504062 0.75130087
vt 0.96504062 0.75130087
vt 0.97736532 0.00882947
vt 0.97736532 0.00882947
vt 0.97736532 0.00882947
vt 0.97736532 0.00882947
vt 0.97389781 0.01256376
vt 0.97389781 0.01256376
vt 0.97389781 0.01256376
vt 0.98072338 0.16073909
vt 0.98072338 0.16073909
vt 0.97640240 0.16083650
vt 0.97640240 0.16083650
vt 0.96233052 0.51757878
vt 0.96233052 0.51757878
vt 0.97641522 0.16345130
vt 0.97641522 0.16345130
vt 0.97701228 0.51750070
vt 0.97701228 0.51750070
vt 0.96168011 0.16354451
vt 0.96168011 0.16354451
vt 0.98079938 0.16343801
vt 0.98079938 0.16343801
vt 0.98132878 0.51750910
vt 0.98132878 0.51750910
vt 0.95736098 0.16354591
vt 0.95736098 0.16354591
vt 0.95794421 0.51760387
vt 0.95794421 0.51760387
vt 0.95102382 0.16348299
vt 0.00000000 0.59103292
vt 0.00000000 0.25252351
vt 0.95108253 0.51763052
vt 0.34589171 0.39174661
vt 0.68180871 0.65375107
vt 0.98762202 0.16338970
vt 0.34589171 0.39174661
vt 0.68377882 0.66377902
vt 0.68440110 0.39174661
vt 0.98765081 0.51754540
vt 0.68440110 0.39174661
vt 0.34589171 0.31455311
vt 0.34589171 0.31455311
vt 0.68440110 0.31455311
vt 0.68440110 0.31455311
vt 0.34589171 0.25522161
vt 0.34589171 0.25522161
vt 0.34087780 0.25322679
vt 0.68725902 0.64259237
vt 0.34589171 0.25322679
vt 0.34589171 0.25322679
vt 0.78206158 0.16394810
vt 0.78206158 0.00000000
vt 0.78206158 0.16647311
vt 0.34589171 0.00000000
vt 0.68433380 0.63394767
vt 0.68941510 0.16647311
vt 0.69822192 0.50498247
vt 0.69822192 0.50498247
vt 0.68941498 0.50498247
vt 0.68440110 0.00000000
vt 0.68180871 0.64134252
vt 0.69822198 0.16647311
vt 0.69822198 0.16647311
vt 0.77325469 0.16647311
vt 0.77325469 0.16647311
vt 0.77325457 0.50498247
vt 0.77325457 0.50498247
vt 0.34589171 0.00238079
vt 0.68433380 0.63632858
vt 0.34589171 0.00238079
vt 0.68433380 0.63632858
vt 0.68440110 0.00238079
vt 0.68180871 0.64372331
vt 0.68180871 0.64372331
vt 0.68440110 0.00238079
vt 0.34087771 0.75750607
vt 0.34087771 0.59355801
vt 0.91372871 0.39807451
vt 0.91372871 0.39807451
vt 0.68377882 0.64372331
vt 0.68377882 0.64372331
vt 0.91372871 0.66772407
vt 0.68941498 0.50695270
vt 0.91629100 0.39807451
vt 0.68377882 0.64134252
vt 0.69822192 0.75750601
vt 0.69822192 0.75750601
vt 0.69822192 0.75750601
vt 0.69822192 0.50695270
vt 0.69822192 0.50695270
vt 0.86134821 0.70609158
vt 0.86134821 0.70609158
vt 0.86134821 0.70609158
vt 0.68318069 0.66879290
vt 0.87855941 0.93188500
vt 0.87855941 0.93188500
vt 0.02192878 0.76195389
vt 0.02192878 0.76195389
vt 0.02192878 0.76195389
vt 0.07845014 0.75901431
vt 0.59143150 0.65919530
vt 0.07845014 0.75901431
vt 0.07398909 0.76439172
vt 0.07398909 0.76439172
vt 0.07398909 0.76439172
vt 0.95799351 0.51971543
vt 0.95799351 0.51971543
vt 0.96233910 0.51962322
vt 0.96233910 0.51962322
vt 0.97702920 0.51952273
vt 0.97702920 0.51952273
vt 0.78206152 0.50498247
vt 0.34087771 0.59103292
vt 0.34087771 0.25252351
vt 0.34589171 0.31318119
vt 0.34589171 0.31318119
vt 0.34087780 0.25522161
vt 0.68725902 0.64458728
vt 0.59340179 0.78111291
vt 0.68180871 0.64873719
vt 0.68941498 0.00238079
vt 0.29228401 0.75750607
vt 0.78670961 0.66772407
vt 0.78670961 0.66772407
vt 0.78707558 0.27134201
vt 0.78707558 0.27134201
vt 0.78206170 0.26744831
vt 0.68473351 0.51366413
vt 0.78707558 0.26744831
vt 0.78707558 0.26744831
vt 0.59143138 0.46894041
vt 0.86570388 0.70310748
vt 0.86570388 0.70310748
vt 0.78206170 0.38936579
vt 0.68180871 0.64134252
vt 0.68473309 0.39174670
vt 0.68440110 0.12040470
vt 0.68440110 0.12040470
vt 0.68440110 0.12429830
vt 0.68440110 0.12429830
vt 0.34589171 0.12040470
vt 0.34589171 0.12040470
vt 0.95102382 0.27134201
vt 0.68440110 0.19046950
vt 0.68440110 0.19046950
vt 0.59340161 0.59033668
vt 0.68941498 0.19315679
vt 0.68440110 0.19315679
vt 0.68440110 0.19315679
vt 0.68473363 0.57983518
vt 0.78206170 0.20127711
vt 0.78707558 0.20127711
vt 0.78707558 0.20127711
vt 0.00484556 1.00000000
vt 0.00484556 1.00000000
vt 0.68449611 0.65375107
vt 0.09348422 1.00000000
vt 0.09348422 1.00000000
vt 0.29617760 0.75750607
vt 0.78707558 0.07856553
vt 0.78707558 0.07856553
vt 0.68473381 0.70391881
vt 0.78206170 0.07719355
vt 0.65853149 0.64032823
vt 0.65853149 0.64032823
vt 0.65853149 0.64032823
vt 0.68380362 0.66377902
vt 0.68180871 0.87559003
vt 0.34087899 0.52827263
vt 0.67548227 0.87605637
vt 0.68380362 0.65876508
vt 0.67548227 0.87605637
vt 0.68941498 0.25322679
vt 0.59340161 0.53026670
vt 0.68440110 0.25322679
vt 0.68440110 0.25322679
vt 0.34589171 0.12429830
vt 0.34589171 0.12429830
vt 0.34589171 0.19046950
vt 0.34589171 0.19046950
vt 0.95102382 0.26744831
vt 0.78707558 0.19858980
vt 0.78707558 0.19858980
vt 0.95102382 0.20127711
vt 0.68725848 0.50977051
vt 0.34087780 0.12040470
vt 0.68473309 0.78111249
vt 0.78206170 0.00000000
vt 0.68433380 0.65876502
vt 0.59824252 0.63394767
vt 0.68180871 0.65876508
vt 0.59824252 0.63394767
vt 0.66080511 0.39824781
vt 0.66080511 0.39824781
vt 0.66080511 0.39824781
vt 0.68180871 0.65375107
vt 0.67840773 0.63394767
vt 0.67840773 0.63394767
vt 0.68180871 0.66377902
vt 0.34087899 0.53026742
vt 0.59340191 0.63363892
vt 0.60883832 0.39174661
vt 0.59143138 0.53026670
vt 0.60883832 0.39174661
vt 0.61321181 0.39621201
vt 0.61321181 0.39621201
vt 0.61321181 0.39621201
vt 0.34087780 0.12429830
vt 0.68725848 0.51366413
vt 0.34589171 0.19315679
vt 0.34589171 0.19315679
vt 0.68440110 0.25522161
vt 0.68440110 0.25522161
vt 0.78707558 0.13851979
vt 0.78707558 0.13851979
vt 0.95102382 0.19858980
vt 0.78707558 0.13652501
vt 0.78707558 0.13652501
vt 0.95102382 0.13851979
vt 0.68725878 0.70254677
vt 0.34087780 0.31318119
vt 0.34087771 0.39174661
vt 0.68180883 0.65876502
vt 0.68725812 0.78111261
vt 0.59824091 0.87605637
vt 0.59824091 0.87605637
vt 0.68180871 0.66879290
vt 0.59143150 0.59033668
vt 0.66530669 0.39277500
vt 0.66530669 0.39277500
vt 0.68725878 0.70391881
vt 0.34087780 0.31455311
vt 0.78206170 0.19858980
vt 0.68473369 0.58252257
vt 0.68440110 0.31318110
vt 0.68440110 0.31318110
vt 0.95102382 0.13652501
vt 0.95102382 0.07856547
vt 0.80007619 0.66772407
vt 0.59143162 0.39174670
vt 0.68180871 0.66879290
vt 0.59340161 0.46894041
vt 0.68941498 0.31455299
vt 0.79801232 0.43514431
vt 0.59143150 0.66308898
vt 0.79801232 0.43514431
vt 0.68377882 0.64873719
vt 0.59143168 0.78111291
vt 0.91135627 0.39174661
vt 0.68941498 0.12040470
vt 0.59340161 0.66308892
vt 0.34087780 0.65919501
vt 0.09980630 0.99946457
vt 0.29617760 0.76252001
vt 0.34087780 0.66308862
vt 0.78206158 0.66740489
vt 0.29228389 0.76252001
vt 0.34087771 0.00238079
vt 0.68433380 0.64134252
vt 0.68725812 0.39174670
vt 0.68473351 0.50977051
vt 0.78206170 0.27134201
vt 0.59143150 0.59302407
vt 0.01759767 0.75750607
vt 0.01759767 0.75750607
vt 0.68941498 0.12429830
vt 0.59340161 0.65919530
vt 0.68941498 0.19046950
vt 0.59340161 0.59302407
vt 0.68180871 0.64873719
vt 0.68473309 0.63346362
vt 0.34087771 0.59033650
vt 0.34087771 0.59302390
vt 0.00000000 0.99964792
vt 0.68449611 0.64873719
vt 0.68725872 0.57983518
vt 0.34087780 0.19046950
vt 0.34087780 0.19315679
vt 0.68725872 0.58252257
vt 0.66304731 0.63481981
vt 0.66304731 0.63481981
vt 0.59143138 0.52827191
vt 0.78206170 0.13851979
vt 0.68473399 0.64259237
vt 0.60810679 0.63394767
vt 0.59143138 0.47031239
vt 0.60810679 0.63394767
vt 0.68941498 0.25522161
vt 0.59340161 0.52827191
vt 0.68941498 0.31318110
vt 0.59340161 0.47031239
vt 0.68318069 0.67380673
vt 0.34087801 0.46894041
vt 0.88460082 0.93140709
vt 0.34087801 0.47031239
vt 0.59340191 0.87576222
vt 0.68180871 0.67380673
vt 0.68473399 0.64458728
vt 0.78206170 0.13652501
vt 0.78206170 0.07856553
vt 0.68473381 0.70254677
vt 0.68377882 0.66879290
vt 0.68941498 0.39174661
vt 0.59340179 0.39174670
vt 0.80252618 0.43861949
vt 0.80252618 0.43861949
vt 0.80252618 0.43861949
vt 0.61249530 0.63842040
vt 0.61249530 0.63842040
vt 0.61249530 0.63842040
vt 0.10469260 0.82881731
vt 0.10592840 0.83034051
vt 0.10447460 0.83031011
vt 0.10566030 0.84452140
vt 0.11078730 0.83408302
vt 0.10714240 0.84478199
vt 0.13563860 0.76182717
vt 0.13592950 0.76435262
vt 0.13434459 0.76418108
vt 0.10317080 0.83446032
vt 0.10196750 0.84008872
vt 0.10103790 0.83897448
vt 0.10994100 0.82916480
vt 0.11075950 0.83054549
vt 0.10966330 0.83029652
vt 0.13300370 0.76825780
vt 0.13266400 0.76825392
vt 0.13294990 0.77359372
vt 0.13197100 0.77349132
vt 0.13136010 0.77368081
vt 0.10465280 0.83431637
vt 0.10266950 0.84135580
vt 0.13056961 0.76425642
vt 0.13353470 0.75953382
vt 0.13176700 0.76436353
vt 0.13410801 0.76845551
vt 0.11972500 0.76998651
vt 0.13453050 0.77367932
vt 0.10607820 0.82891983
vt 0.10727180 0.83025438
vt 0.11166720 0.83498162
vt 0.10861970 0.84456372
vt 0.12119910 0.76539290
vt 0.13566950 0.76872623
vt 0.12107240 0.77047622
vt 0.12801120 0.76352149
vt 0.13098900 0.75776660
vt 0.12928840 0.76396000
vt 0.11225320 0.82991302
vt 0.11179490 0.83100939
vt 0.12392100 0.76591891
vt 0.12231450 0.77111411
vt 0.10601960 0.83384222
vt 0.10338300 0.84263498
vt 0.12498360 0.76625657
vt 0.12345740 0.77182692
vt 0.10742220 0.82895130
vt 0.10850810 0.83020937
vt 0.12600879 0.76664108
vt 0.12454860 0.77250522
vt 0.10853820 0.83327627
vt 0.10436420 0.84375882
vt 0.11337580 0.83052450
vt 0.11279510 0.83165580
vt 0.12714130 0.76705349
vt 0.12565529 0.77305782
vt 0.10729740 0.83339739
vt 0.11235590 0.83616650
vt 0.10999450 0.84405559
vt 0.12836871 0.76745278
vt 0.12680779 0.77344698
vt 0.10871130 0.82900828
vt 0.13455389 0.76070041
vt 0.13295680 0.76428670
vt 0.12801351 0.77364540
vt 0.11451730 0.83127290
vt 0.11378700 0.83249182
vt 0.12959559 0.76778108
vt 0.12926570 0.77367550
vt 0.12791100 0.75770378
vt 0.12686370 0.76299810
vt 0.13237230 0.75848722
vt 0.13181470 0.76816201
vt 0.13057791 0.77358472
vt 0.12644930 0.75825238
vt 0.12586650 0.76240569
vt 0.10329120 0.82857847
vt 0.13489480 0.84274072
vt 0.13503499 0.84430551
vt 0.10300400 0.83005840
vt 0.10169290 0.83413851
vt 0.13629440 0.84866768
vt 0.09980630 0.83814907
vt 0.13830359 0.85301322
vt 0.12504899 0.75893009
vt 0.12483710 0.76182932
vt 0.13343330 0.84444910
vt 0.13696770 0.85389602
vt 0.12364520 0.75951511
vt 0.12357420 0.76145172
vt 0.13182829 0.84435368
vt 0.11483160 0.83349210
vt 0.13333391 0.84280992
vt 0.13595110 0.85509771
vt 0.11137020 0.84354311
vt 0.13469860 0.84898001
vt 0.12220070 0.75985199
vt 0.13830359 0.76342410
vt 0.12212720 0.76134461
vt 0.13749450 0.76478070
vt 0.13175690 0.84277230
vt 0.11574380 0.83210278
vt 0.13687921 0.76275623
vt 0.12750810 0.78675139
vt 0.12616520 0.78647941
vt 0.12319120 0.80249482
vt 0.12186470 0.80212468
vt 0.11742840 0.81773591
vt 0.11872000 0.81819481
vt 0.12482800 0.78618532
vt 0.12054130 0.80175531
vt 0.11613710 0.81729919
vt 0.12350240 0.78585267
vt 0.11922150 0.80138677
vt 0.11483900 0.81690168
vt 0.11111610 0.82946098
vt 0.12219010 0.78547591
vt 0.11790290 0.80101848
vt 0.11353000 0.81654739
vt 0.12088910 0.78506082
vt 0.11658230 0.80064970
vt 0.11220930 0.81623131
vt 0.11959690 0.78462482
vt 0.11525980 0.80027991
vt 0.11087960 0.81593531
vt 0.11830800 0.78418869
vt 0.11393560 0.79990971
vt 0.10954360 0.81563878
vt 0.11701280 0.78376877
vt 0.11261010 0.79953861
vt 0.10820480 0.81532258
vt 0.13397419 0.78964728
vt 0.11570420 0.78337318
vt 0.13386460 0.80828291
vt 0.11128400 0.79916757
vt 0.10686430 0.81497628
vt 0.13418850 0.82691687
vt 0.13241179 0.78963441
vt 0.13229971 0.80829197
vt 0.13261980 0.82694638
vt 0.12885261 0.78702217
vt 0.13083710 0.78965652
vt 0.13072839 0.80830121
vt 0.12452140 0.80286610
vt 0.13105141 0.82694191
vt 0.12002250 0.81865662
vt 0.13073470 0.76801699
vt 0.10972200 0.83350933
vt 0.12265210 0.76563162
vt 0.11308600 0.83744031
vt 0.13309340 0.84878922
vt 0.25867400 0.82881832
vt 0.25991011 0.83034140
vt 0.25845641 0.83031118
vt 0.25964239 0.84452182
vt 0.26476869 0.83408368
vt 0.26112449 0.84478247
vt 0.28961870 0.76182681
vt 0.28990969 0.76435262
vt 0.28832471 0.76418108
vt 0.25715280 0.83446121
vt 0.25594991 0.84008932
vt 0.25502020 0.83897531
vt 0.26392251 0.82916558
vt 0.26474109 0.83054632
vt 0.26364490 0.83029753
vt 0.28664410 0.76825380
vt 0.28698430 0.76825750
vt 0.28692979 0.77359378
vt 0.28595149 0.77349132
vt 0.28533989 0.77368063
vt 0.25863519 0.83431739
vt 0.25665179 0.84135640
vt 0.28455001 0.76425642
vt 0.28751481 0.75953358
vt 0.28574720 0.76436353
vt 0.28808811 0.76845551
vt 0.28851050 0.77367932
vt 0.27370501 0.76998669
vt 0.26005959 0.82892090
vt 0.26125339 0.83025533
vt 0.26564890 0.83498228
vt 0.26260191 0.84456432
vt 0.27517900 0.76539320
vt 0.28964949 0.76872611
vt 0.27505249 0.77047640
vt 0.28199130 0.76352137
vt 0.28496930 0.75776660
vt 0.28326860 0.76396000
vt 0.26623461 0.82991391
vt 0.26577619 0.83101022
vt 0.27790111 0.76591909
vt 0.27629480 0.77111441
vt 0.26000121 0.83384299
vt 0.25736520 0.84263593
vt 0.27896339 0.76625651
vt 0.27743769 0.77182710
vt 0.26140389 0.82895237
vt 0.26248971 0.83021033
vt 0.27998892 0.76664108
vt 0.27852890 0.77250540
vt 0.26251999 0.83327711
vt 0.25834629 0.84375942
vt 0.26735771 0.83052522
vt 0.26677659 0.83165652
vt 0.28112161 0.76705360
vt 0.27963561 0.77305812
vt 0.26127920 0.83339810
vt 0.26633781 0.83616698
vt 0.26397651 0.84405619
vt 0.28234911 0.76745260
vt 0.28078809 0.77344739
vt 0.26269269 0.82900912
vt 0.28853399 0.76070070
vt 0.28693679 0.76428640
vt 0.28199390 0.77364570
vt 0.26849881 0.83127368
vt 0.26776850 0.83249229
vt 0.28357571 0.76778108
vt 0.28324619 0.77367562
vt 0.28189081 0.75770378
vt 0.28084370 0.76299810
vt 0.28635231 0.75848699
vt 0.28579521 0.76816171
vt 0.28455809 0.77358490
vt 0.28042910 0.75825232
vt 0.27984670 0.76240557
vt 0.25727311 0.82857978
vt 0.28887540 0.84274072
vt 0.25698599 0.83005959
vt 0.28901571 0.84430540
vt 0.25567481 0.83413953
vt 0.29027471 0.84866792
vt 0.25378880 0.83815020
vt 0.29228401 0.85301328
vt 0.27902910 0.75893003
vt 0.27881721 0.76182938
vt 0.28741381 0.84444928
vt 0.29094791 0.85389620
vt 0.27762499 0.75951511
vt 0.27755430 0.76145190
vt 0.28580850 0.84435362
vt 0.26881349 0.83349270
vt 0.28731409 0.84281009
vt 0.28993109 0.85509759
vt 0.26535219 0.84354371
vt 0.28867879 0.84898013
vt 0.27618080 0.75985211
vt 0.29228401 0.76342398
vt 0.27610719 0.76134491
vt 0.29147449 0.76478052
vt 0.26972520 0.83210337
vt 0.28573731 0.84277242
vt 0.29085919 0.76275587
vt 0.28148869 0.78675211
vt 0.28014571 0.78648013
vt 0.27717209 0.80249572
vt 0.27584550 0.80212569
vt 0.27140960 0.81773663
vt 0.27270150 0.81819558
vt 0.27880871 0.78618598
vt 0.27452231 0.80175632
vt 0.27011821 0.81730008
vt 0.27748311 0.78585309
vt 0.27320221 0.80138773
vt 0.26881999 0.81690228
vt 0.26509750 0.82946181
vt 0.27617091 0.78547651
vt 0.27188370 0.80101931
vt 0.26751089 0.81654841
vt 0.27486959 0.78506142
vt 0.27056330 0.80065048
vt 0.26619059 0.81623220
vt 0.27357739 0.78462547
vt 0.26924059 0.80028093
vt 0.26486081 0.81593639
vt 0.27228820 0.78418940
vt 0.26791641 0.79991049
vt 0.26352510 0.81563968
vt 0.27099341 0.78376949
vt 0.26659080 0.79953969
vt 0.26218599 0.81532371
vt 0.26968470 0.78337401
vt 0.28795421 0.78964722
vt 0.28784490 0.80828291
vt 0.26526451 0.79916889
vt 0.28816900 0.82691681
vt 0.26084560 0.81497741
vt 0.28639200 0.78963423
vt 0.28627980 0.80829191
vt 0.28659990 0.82694650
vt 0.28283331 0.78702283
vt 0.28481719 0.78965652
vt 0.28470871 0.80830097
vt 0.27850241 0.80286688
vt 0.28503200 0.82694191
vt 0.27400410 0.81865728
vt 0.28471491 0.76801711
vt 0.26370379 0.83351010
vt 0.27663219 0.76563180
vt 0.28707361 0.84878898
vt 0.26706761 0.83744079
vt 0.22017920 0.82881802
vt 0.22141500 0.83034110
vt 0.21996140 0.83031070
vt 0.22114751 0.84452128
vt 0.22627389 0.83408332
vt 0.22262910 0.84478188
vt 0.25112390 0.76182717
vt 0.25141451 0.76435250
vt 0.24982980 0.76418120
vt 0.21865770 0.83446068
vt 0.21745449 0.84008861
vt 0.21652500 0.83897477
vt 0.22542740 0.82916510
vt 0.22624590 0.83054578
vt 0.22514980 0.83029699
vt 0.24848940 0.76825780
vt 0.24814920 0.76825392
vt 0.24843509 0.77359390
vt 0.24745630 0.77349138
vt 0.24684501 0.77368092
vt 0.22013980 0.83431667
vt 0.21815661 0.84135598
vt 0.24605490 0.76425630
vt 0.24901940 0.75953370
vt 0.24725230 0.76436359
vt 0.24959290 0.76845562
vt 0.23521011 0.76998663
vt 0.25001559 0.77367932
vt 0.22156480 0.82892031
vt 0.22275880 0.83025467
vt 0.22715379 0.83498162
vt 0.22410680 0.84456378
vt 0.25115490 0.76872629
vt 0.23668420 0.76539320
vt 0.23655760 0.77047640
vt 0.24349610 0.76352161
vt 0.24647421 0.75776690
vt 0.24477340 0.76395989
vt 0.22773980 0.82991338
vt 0.22728130 0.83100963
vt 0.23940620 0.76591903
vt 0.23779990 0.77111453
vt 0.22150630 0.83384252
vt 0.21887010 0.84263510
vt 0.24046899 0.76625681
vt 0.23894280 0.77182722
vt 0.22290909 0.82895178
vt 0.22399490 0.83020967
vt 0.24149400 0.76664132
vt 0.24003400 0.77250528
vt 0.22402491 0.83327663
vt 0.21985120 0.84375882
vt 0.22886211 0.83052439
vt 0.22828180 0.83165580
vt 0.24262670 0.76705360
vt 0.24114060 0.77305788
vt 0.22278440 0.83339769
vt 0.22784260 0.83616662
vt 0.22548120 0.84405547
vt 0.24385419 0.76745278
vt 0.24229319 0.77344727
vt 0.22419760 0.82900882
vt 0.25003889 0.76070082
vt 0.24844190 0.76428670
vt 0.24349870 0.77364558
vt 0.23000400 0.83127302
vt 0.22927330 0.83249187
vt 0.24508080 0.76778108
vt 0.24475120 0.77367592
vt 0.24339600 0.75770378
vt 0.24234881 0.76299781
vt 0.24785750 0.75848728
vt 0.24730010 0.76816201
vt 0.24606320 0.77358490
vt 0.24193419 0.75825250
vt 0.24135180 0.76240581
vt 0.21877749 0.82857943
vt 0.25037989 0.84274077
vt 0.21849100 0.83005899
vt 0.25052011 0.84430540
vt 0.21718000 0.83413881
vt 0.25177991 0.84866780
vt 0.21529371 0.83814931
vt 0.25378880 0.85301340
vt 0.24053431 0.75893033
vt 0.24032240 0.76182932
vt 0.24891840 0.84444922
vt 0.25245279 0.85389638
vt 0.23913020 0.75951541
vt 0.23905949 0.76145208
vt 0.23031840 0.83349222
vt 0.24731320 0.84435368
vt 0.24881899 0.84281027
vt 0.25143591 0.85509789
vt 0.22685710 0.84354281
vt 0.25018370 0.84898031
vt 0.25378880 0.76342422
vt 0.23768561 0.75985217
vt 0.25297961 0.76478082
vt 0.23761231 0.76134491
vt 0.24724190 0.84277242
vt 0.23123009 0.83210278
vt 0.25236431 0.76275611
vt 0.24299380 0.78675181
vt 0.24165070 0.78647977
vt 0.23867729 0.80249572
vt 0.23735049 0.80212522
vt 0.23291451 0.81773609
vt 0.23420639 0.81819522
vt 0.24031340 0.78618580
vt 0.23602749 0.80175573
vt 0.23162310 0.81729949
vt 0.23898821 0.78585309
vt 0.23470740 0.80138731
vt 0.23032500 0.81690210
vt 0.22660270 0.82946122
vt 0.23767590 0.78547639
vt 0.23338901 0.80101889
vt 0.22901610 0.81654787
vt 0.23637460 0.78506148
vt 0.23206841 0.80065018
vt 0.22769549 0.81623191
vt 0.23508270 0.78462541
vt 0.23074570 0.80028057
vt 0.22636610 0.81593603
vt 0.23379339 0.78418922
vt 0.22942171 0.79991013
vt 0.22503009 0.81563932
vt 0.23249841 0.78376943
vt 0.22809580 0.79953939
vt 0.22369090 0.81532329
vt 0.23118959 0.78337389
vt 0.24945930 0.78964722
vt 0.22677010 0.79916853
vt 0.24934980 0.80828297
vt 0.22235049 0.81497699
vt 0.24967360 0.82691687
vt 0.24789670 0.78963453
vt 0.24778470 0.80829197
vt 0.24810490 0.82694662
vt 0.24632201 0.78965682
vt 0.24433810 0.78702271
vt 0.24621370 0.80830097
vt 0.24000710 0.80286652
vt 0.24653660 0.82694232
vt 0.23550899 0.81865722
vt 0.24622010 0.76801711
vt 0.22520880 0.83350950
vt 0.23813760 0.76563162
vt 0.22857270 0.83744007
vt 0.24857810 0.84878928
vt 0.18168460 0.82881802
vt 0.18292010 0.83034128
vt 0.18146621 0.83031088
vt 0.18265210 0.84452170
vt 0.18777870 0.83408350
vt 0.18413401 0.84478247
vt 0.21262850 0.76182699
vt 0.21291940 0.76435268
vt 0.21133450 0.76418102
vt 0.18016250 0.83446097
vt 0.17895991 0.84008920
vt 0.17802989 0.83897507
vt 0.18693250 0.82916552
vt 0.18775110 0.83054620
vt 0.18665490 0.83029687
vt 0.20965400 0.76825380
vt 0.20999400 0.76825768
vt 0.20994000 0.77359390
vt 0.20896161 0.77349120
vt 0.20834990 0.77368110
vt 0.18164490 0.83431703
vt 0.17966150 0.84135622
vt 0.20755979 0.76425642
vt 0.21052450 0.75953370
vt 0.20875721 0.76436341
vt 0.21109811 0.76845551
vt 0.21152049 0.77367932
vt 0.19671500 0.76998663
vt 0.18306960 0.82892048
vt 0.18426371 0.83025521
vt 0.18865880 0.83498192
vt 0.18561169 0.84456402
vt 0.19818930 0.76539332
vt 0.21265949 0.76872623
vt 0.19806249 0.77047640
vt 0.20500130 0.76352149
vt 0.20797910 0.75776672
vt 0.20627861 0.76396000
vt 0.18924460 0.82991368
vt 0.18878619 0.83100992
vt 0.20091111 0.76591891
vt 0.19930480 0.77111459
vt 0.18301120 0.83384258
vt 0.18037520 0.84263557
vt 0.20197390 0.76625651
vt 0.20044740 0.77182710
vt 0.18441370 0.82895189
vt 0.18550000 0.83021021
vt 0.20299891 0.76664108
vt 0.20153891 0.77250528
vt 0.18552969 0.83327663
vt 0.18135600 0.84375918
vt 0.19036721 0.83052480
vt 0.18978640 0.83165610
vt 0.20413131 0.76705372
vt 0.20264550 0.77305812
vt 0.18428920 0.83339792
vt 0.18934780 0.83616692
vt 0.18698630 0.84405577
vt 0.20535929 0.76745301
vt 0.20379810 0.77344739
vt 0.18570250 0.82900888
vt 0.21154401 0.76070070
vt 0.20994680 0.76428658
vt 0.20500340 0.77364558
vt 0.19150910 0.83127338
vt 0.19077840 0.83249217
vt 0.20658571 0.76778102
vt 0.20625641 0.77367562
vt 0.20490110 0.75770390
vt 0.20385370 0.76299810
vt 0.20936200 0.75848711
vt 0.20880499 0.76816201
vt 0.20756841 0.77358460
vt 0.20343910 0.75825262
vt 0.20285670 0.76240587
vt 0.18028310 0.82857931
vt 0.21188500 0.84274161
vt 0.17999581 0.83005917
vt 0.21202540 0.84430659
vt 0.17868480 0.83413923
vt 0.21328500 0.84866887
vt 0.17679881 0.83814973
vt 0.21529371 0.85301453
vt 0.20203909 0.75893021
vt 0.20182750 0.76182938
vt 0.21042350 0.84444988
vt 0.21395791 0.85389739
vt 0.20063500 0.75951523
vt 0.20056430 0.76145190
vt 0.20881879 0.84435469
vt 0.19182350 0.83349228
vt 0.21032390 0.84281099
vt 0.18836220 0.84354341
vt 0.21294130 0.85509890
vt 0.21168880 0.84898102
vt 0.21529371 0.76342392
vt 0.19919071 0.75985217
vt 0.21448480 0.76478070
vt 0.19911720 0.76134467
vt 0.20874760 0.84277308
vt 0.19273519 0.83210337
vt 0.21386950 0.76275623
vt 0.20449901 0.78675181
vt 0.20315570 0.78647959
vt 0.20018230 0.80249560
vt 0.19885550 0.80212522
vt 0.19441959 0.81773633
vt 0.19571140 0.81819540
vt 0.20181870 0.78618592
vt 0.19753221 0.80175602
vt 0.19312841 0.81729972
vt 0.20049310 0.78585321
vt 0.19621240 0.80138731
vt 0.19182999 0.81690228
vt 0.18810751 0.82946140
vt 0.19918090 0.78547651
vt 0.19489370 0.80101919
vt 0.19052120 0.81654823
vt 0.19787960 0.78506142
vt 0.19357340 0.80065042
vt 0.18920059 0.81623191
vt 0.19658720 0.78462541
vt 0.19225070 0.80028057
vt 0.18787080 0.81593621
vt 0.19529840 0.78418940
vt 0.19092640 0.79991043
vt 0.18653481 0.81563932
vt 0.19400360 0.78376961
vt 0.18960080 0.79953933
vt 0.18519600 0.81532347
vt 0.19269480 0.78337401
vt 0.21096420 0.78964758
vt 0.18827499 0.79916853
vt 0.21085490 0.80828351
vt 0.21117920 0.82691771
vt 0.18385580 0.81497723
vt 0.20940229 0.78963470
vt 0.20929000 0.80829251
vt 0.20961019 0.82694721
vt 0.20584330 0.78702271
vt 0.20782700 0.78965688
vt 0.20771870 0.80830151
vt 0.20151199 0.80286652
vt 0.20804170 0.82694262
vt 0.19701400 0.81865722
vt 0.20772490 0.76801711
vt 0.18671380 0.83350968
vt 0.19964220 0.76563162
vt 0.21008331 0.84879023
vt 0.19007760 0.83744061
vt 0.14318940 0.82881761
vt 0.14442520 0.83034092
vt 0.14297131 0.83031040
vt 0.14415750 0.84452128
vt 0.14928410 0.83408308
vt 0.14563911 0.84478188
vt 0.17413360 0.76182699
vt 0.17442450 0.76435250
vt 0.17283989 0.76418108
vt 0.14166790 0.83446062
vt 0.14046469 0.84008872
vt 0.13953499 0.83897471
vt 0.14843790 0.82916510
vt 0.14925620 0.83054590
vt 0.14816020 0.83029670
vt 0.17115951 0.76825380
vt 0.17149919 0.76825750
vt 0.17144510 0.77359390
vt 0.16985500 0.77368092
vt 0.17046639 0.77349102
vt 0.14315000 0.83431661
vt 0.14116660 0.84135598
vt 0.16906489 0.76425630
vt 0.17202990 0.75953370
vt 0.17026231 0.76436341
vt 0.17260321 0.76845539
vt 0.17302570 0.77367938
vt 0.15822010 0.76998663
vt 0.14457500 0.82892019
vt 0.14576881 0.83025461
vt 0.15016399 0.83498168
vt 0.14711679 0.84456372
vt 0.15969440 0.76539302
vt 0.17416491 0.76872611
vt 0.15956780 0.77047628
vt 0.16650640 0.76352137
vt 0.16948450 0.75776660
vt 0.16778371 0.76395989
vt 0.15074980 0.82991332
vt 0.15029161 0.83100963
vt 0.16241621 0.76591903
vt 0.16080990 0.77111417
vt 0.14451630 0.83384252
vt 0.14188030 0.84263527
vt 0.16347900 0.76625657
vt 0.16195279 0.77182710
vt 0.14591910 0.82895178
vt 0.14700510 0.83020967
vt 0.16450401 0.76664102
vt 0.16304430 0.77250540
vt 0.14703479 0.83327651
vt 0.14286110 0.84375900
vt 0.15187231 0.83052450
vt 0.15129170 0.83165592
vt 0.16563670 0.76705349
vt 0.16415100 0.77305788
vt 0.14579430 0.83339751
vt 0.15085290 0.83616650
vt 0.14849161 0.84405547
vt 0.16686439 0.76745278
vt 0.16530350 0.77344710
vt 0.14720790 0.82900858
vt 0.17304920 0.76070052
vt 0.17145190 0.76428628
vt 0.16650870 0.77364552
vt 0.15301420 0.83127302
vt 0.15228391 0.83249182
vt 0.16809081 0.76778090
vt 0.16776130 0.77367550
vt 0.16640601 0.75770372
vt 0.16535890 0.76299792
vt 0.17086770 0.75848711
vt 0.17031030 0.76816177
vt 0.16907351 0.77358460
vt 0.16494450 0.75825250
vt 0.16436180 0.76240581
vt 0.17339049 0.84274203
vt 0.14178820 0.82857889
vt 0.14150091 0.83005887
vt 0.17353059 0.84430689
vt 0.14019001 0.83413857
vt 0.17478991 0.84866917
vt 0.17679881 0.85301489
vt 0.13830359 0.83814919
vt 0.16354451 0.75893021
vt 0.16333240 0.76182932
vt 0.17192870 0.84445041
vt 0.17546301 0.85389757
vt 0.16214040 0.75951523
vt 0.16206969 0.76145190
vt 0.15332840 0.83349222
vt 0.17032370 0.84435499
vt 0.17182900 0.84281141
vt 0.17444619 0.85509920
vt 0.14986710 0.84354299
vt 0.17319369 0.84898138
vt 0.16069590 0.75985211
vt 0.17679881 0.76342392
vt 0.17598990 0.76478058
vt 0.16062210 0.76134467
vt 0.17025250 0.84277362
vt 0.15424059 0.83210278
vt 0.17537460 0.76275599
vt 0.16600379 0.78675163
vt 0.16466080 0.78647971
vt 0.16168770 0.80249518
vt 0.16036060 0.80212492
vt 0.15592490 0.81773621
vt 0.15721659 0.81819498
vt 0.16332380 0.78618562
vt 0.15903740 0.80175561
vt 0.15463360 0.81729960
vt 0.16199820 0.78585303
vt 0.15771760 0.80138731
vt 0.15333541 0.81690192
vt 0.14961290 0.82946122
vt 0.16068600 0.78547633
vt 0.15639910 0.80101889
vt 0.15202630 0.81654781
vt 0.15938470 0.78506112
vt 0.15507869 0.80065012
vt 0.15070570 0.81623173
vt 0.15809250 0.78462541
vt 0.15375599 0.80028027
vt 0.14937601 0.81593567
vt 0.15680350 0.78418922
vt 0.15243180 0.79991001
vt 0.14804021 0.81563902
vt 0.15550880 0.78376931
vt 0.15110619 0.79953921
vt 0.14670131 0.81532311
vt 0.17246930 0.78964752
vt 0.15420011 0.78337371
vt 0.14978020 0.79916823
vt 0.17236000 0.80828351
vt 0.17268410 0.82691783
vt 0.14536101 0.81497681
vt 0.17090710 0.78963470
vt 0.17079490 0.80829263
vt 0.17111510 0.82694751
vt 0.16734850 0.78702247
vt 0.16933230 0.78965682
vt 0.16301750 0.80286628
vt 0.16922380 0.80830181
vt 0.15851919 0.81865692
vt 0.16954690 0.82694292
vt 0.16923010 0.76801711
vt 0.14821890 0.83350950
vt 0.16114759 0.76563168
vt 0.17158870 0.84879053
vt 0.15158300 0.83744037
vt 0.34087771 0.00000000
vt 0.12945400 0.75750607
vt 0.28343350 0.75750607
vt 0.24493889 0.75750607
vt 0.20644370 0.75750607
vt 0.16794909 0.75750607
f 1/1 7/7 9/9
f 11/11 14/14 15/15
f 17/17 20/20 21/21
f 26/26 28/28 29/29
f 32/32 34/34 37/37
f 40/40 41/41 18/18
f 38/38 43/43 45/45
f 46/46 50/50 52/52
f 13/13 53/53 58/58
f 57/57 61/61 65/65
f 8/8 67/67 69/69
f 66/66 71/71 73/73
f 76/76 79/79 84/84
f 87/87 70/70 4/4
f 90/90 93/93 94/94
f 74/74 89/89 95/95
f 96/96 99/99 101/101
f 103/103 95/95 99/99
f 100/100 104/104 107/107
f 94/94 104/104 98/98
f 109/109 97/97 110/110
f 66/66 102/102 109/109
f 112/112 111/111 115/115
f 69/69 108/108 112/112
f 47/47 85/85 2/2
f 118/118 92/92 47/47
f 121/121 125/125 126/126
f 128/128 130/130 132/132
f 134/134 30/30 135/135
f 136/136 25/25 134/134
f 139/139 140/140 142/142
f 18/18 145/145 139/139
f 141/141 148/148 150/150
f 146/146 26/26 148/148
f 153/153 143/143 158/158
f 24/24 138/138 152/152
f 68/68 159/159 10/10
f 113/113 160/160 68/68
f 161/161 33/33 165/165
f 156/156 168/168 164/164
f 170/170 44/44 35/35
f 173/173 150/150 44/44
f 166/166 171/171 31/31
f 142/142 172/172 166/166
f 59/59 175/175 179/179
f 181/181 183/183 188/188
f 16/16 78/78 12/12
f 115/115 190/190 16/16
f 189/189 82/82 81/81
f 110/110 191/191 189/189
f 77/77 60/60 54/54
f 194/194 107/107 60/60
f 83/83 193/193 75/75
f 192/192 101/101 193/193
f 122/122 105/105 118/118
f 65/65 106/106 122/122
f 195/195 147/147 136/136
f 45/45 149/149 195/195
f 114/114 196/196 113/113
f 15/15 197/197 114/114
f 198/198 200/200 128/128
f 163/163 203/203 157/157
f 207/207 161/161 165/165
f 209/209 210/210 212/212
f 62/62 216/216 176/176
f 154/154 218/218 23/23
f 220/220 153/153 158/158
f 223/223 225/225 220/220
f 208/208 17/17 21/21
f 213/213 226/226 208/208
f 228/228 230/230 232/232
f 212/212 234/234 236/236
f 237/237 186/186 240/240
f 243/243 246/246 51/51
f 248/248 251/251 253/253
f 232/232 256/256 259/259
f 227/227 261/261 223/223
f 231/231 263/263 227/227
f 235/235 264/264 213/213
f 265/265 267/267 235/235
f 260/260 269/269 224/224
f 51/51 271/271 49/49
f 275/275 278/278 281/281
f 254/254 282/282 274/274
f 273/273 285/285 289/289
f 262/262 291/291 260/260
f 258/258 293/293 231/231
f 295/295 133/133 258/258
f 297/297 299/299 265/265
f 300/300 302/302 297/297
f 124/124 304/304 198/198
f 48/48 306/306 117/117
f 308/308 249/249 255/255
f 288/288 312/312 277/277
f 116/116 315/315 124/124
f 236/236 316/316 266/266
f 318/318 129/129 295/295
f 126/126 199/199 318/318
f 244/244 320/320 300/300
f 52/52 321/321 244/244
f 307/307 245/245 314/314
f 323/323 325/325 214/214
f 328/328 202/202 331/331
f 184/184 334/334 328/328
f 335/335 328/328 338/338
f 268/268 219/219 343/343
f 292/292 344/344 268/268
f 346/346 350/350 184/184
f 311/311 352/352 346/346
f 355/355 346/346 356/356
f 359/359 211/211 292/292
f 362/362 233/233 359/359
f 286/286 229/229 311/311
f 365/365 257/257 286/286
f 252/252 286/286 283/283
f 131/131 317/317 362/362
f 201/201 367/367 131/131
f 369/369 372/372 365/365
f 214/214 374/374 369/369
f 376/376 369/369 378/378
f 303/303 381/381 201/201
f 314/314 384/384 303/303
f 127/127 386/386 123/123
f 224/224 341/341 151/151
f 238/238 348/348 182/182
f 279/279 358/358 239/239
f 301/301 383/383 243/243
f 319/319 326/326 127/127
f 222/222 351/351 228/228
f 22/22 345/345 209/209
f 276/276 354/354 280/280
f 298/298 382/382 301/301
f 390/390 332/332 162/162
f 221/221 349/349 222/222
f 392/392 363/363 247/247
f 155/155 333/333 221/221
f 132/132 361/361 294/294
f 309/309 368/368 391/391
f 120/120 324/324 64/64
f 177/177 380/380 310/310
f 294/294 360/360 262/262
f 296/296 373/373 319/319
f 174/174 377/377 178/178
f 206/206 327/327 388/388
f 242/242 340/340 205/205
f 266/266 366/366 298/298
f 259/259 371/371 296/296
f 187/187 336/336 241/241
f 394/394 395/395 396/396
f 397/397 398/398 399/399
f 400/400 401/401 402/402
f 403/403 404/404 405/405
f 406/406 407/407 408/408
f 410/410 411/411 413/413
f 414/414 415/415 404/404
f 416/416 417/417 418/418
f 419/419 421/421 411/411
f 422/422 423/423 395/395
f 399/399 424/424 425/425
f 426/426 428/428 420/420
f 429/429 430/430 431/431
f 407/407 432/432 433/433
f 428/428 434/434 435/435
f 436/436 437/437 415/415
f 435/435 438/438 439/439
f 440/440 441/441 423/423
f 439/439 442/442 443/443
f 444/444 397/397 445/445
f 433/433 446/446 447/447
f 443/443 448/448 449/449
f 450/450 445/445 437/437
f 425/425 451/451 452/452
f 449/449 453/453 454/454
f 455/455 408/408 441/441
f 456/456 402/402 457/457
f 453/453 458/458 454/454
f 447/447 459/459 460/460
f 461/461 462/462 458/458
f 463/463 429/429 464/464
f 431/431 465/465 416/416
f 466/466 412/412 467/467
f 468/468 464/464 469/469
f 470/470 396/396 473/473
f 474/474 405/405 476/476
f 478/478 469/469 479/479
f 480/480 471/471 472/472
f 481/481 475/475 477/477
f 482/482 479/479 483/483
f 484/484 486/486 480/480
f 487/487 489/489 481/481
f 490/490 483/483 492/492
f 460/460 495/495 485/485
f 496/496 493/493 401/401
f 418/418 456/456 457/457
f 462/462 497/497 498/498
f 498/498 499/499 500/500
f 499/499 501/501 500/500
f 502/502 446/446 501/501
f 458/458 498/498 503/503
f 503/503 500/500 504/504
f 500/500 505/505 504/504
f 501/501 432/432 505/505
f 454/454 503/503 506/506
f 506/506 504/504 507/507
f 504/504 508/508 507/507
f 505/505 509/509 508/508
f 454/454 510/510 449/449
f 506/506 511/511 510/510
f 511/511 508/508 512/512
f 512/512 509/509 406/406
f 449/449 513/513 443/443
f 510/510 514/514 513/513
f 514/514 512/512 515/515
f 515/515 406/406 455/455
f 443/443 516/516 439/439
f 513/513 517/517 516/516
f 517/517 515/515 518/518
f 518/518 455/455 440/440
f 439/439 519/519 435/435
f 516/516 520/520 519/519
f 520/520 518/518 521/521
f 521/521 440/440 422/422
f 435/435 522/522 428/428
f 519/519 523/523 522/522
f 523/523 521/521 524/524
f 524/524 422/422 394/394
f 428/428 526/526 420/420
f 522/522 528/528 526/526
f 528/528 524/524 529/529
f 529/529 394/394 470/470
f 411/411 525/525 531/531
f 531/531 527/527 532/532
f 527/527 533/533 532/532
f 530/530 486/486 533/533
f 413/413 531/531 535/535
f 535/535 532/532 536/536
f 532/532 538/538 536/536
f 533/533 494/494 538/538
f 467/467 534/534 497/497
f 497/497 537/537 499/499
f 537/537 502/502 499/499
f 539/539 459/459 502/502
f 540/540 467/467 462/462
f 460/460 424/424 447/447
f 418/418 466/466 540/540
f 447/447 398/398 433/433
f 416/416 540/540 461/461
f 433/433 541/541 407/407
f 431/431 461/461 453/453
f 408/408 541/541 444/444
f 431/431 448/448 429/429
f 441/441 444/444 450/450
f 429/429 442/442 464/464
f 423/423 450/450 436/436
f 464/464 438/438 469/469
f 395/395 436/436 414/414
f 469/469 434/434 479/479
f 396/396 414/414 403/403
f 479/479 542/542 483/483
f 473/473 403/403 474/474
f 492/492 542/542 426/426
f 472/472 489/489 480/480
f 401/401 427/427 419/419
f 480/480 544/544 484/484
f 402/402 419/419 410/410
f 485/485 451/451 460/460
f 457/457 409/409 466/466
f 452/452 543/543 488/488
f 545/545 546/546 547/547
f 548/548 549/549 550/550
f 551/551 552/552 553/553
f 554/554 555/555 556/556
f 557/557 558/558 559/559
f 560/560 562/562 564/564
f 565/565 566/566 555/555
f 567/567 568/568 569/569
f 570/570 571/571 562/562
f 573/573 574/574 546/546
f 550/550 575/575 576/576
f 577/577 579/579 572/572
f 580/580 581/581 582/582
f 558/558 583/583 584/584
f 579/579 585/585 586/586
f 587/587 588/588 566/566
f 586/586 589/589 590/590
f 591/591 592/592 574/574
f 590/590 593/593 594/594
f 595/595 548/548 596/596
f 584/584 597/597 598/598
f 594/594 599/599 600/600
f 601/601 596/596 588/588
f 576/576 602/602 603/603
f 600/600 604/604 605/605
f 606/606 559/559 592/592
f 607/607 553/553 608/608
f 604/604 609/609 605/605
f 598/598 610/610 611/611
f 612/612 613/613 609/609
f 614/614 580/580 615/615
f 582/582 616/616 567/567
f 617/617 563/563 618/618
f 619/619 615/615 620/620
f 621/621 547/547 623/623
f 625/625 556/556 627/627
f 629/629 620/620 630/630
f 631/631 622/622 624/624
f 632/632 626/626 628/628
f 633/633 630/630 634/634
f 635/635 637/637 631/631
f 638/638 640/640 632/632
f 641/641 634/634 643/643
f 611/611 645/645 636/636
f 647/647 644/644 552/552
f 569/569 607/607 608/608
f 613/613 648/648 649/649
f 649/649 650/650 651/651
f 650/650 652/652 651/651
f 653/653 597/597 652/652
f 609/609 649/649 654/654
f 654/654 651/651 655/655
f 651/651 656/656 655/655
f 652/652 583/583 656/656
f 605/605 654/654 657/657
f 657/657 655/655 658/658
f 655/655 659/659 658/658
f 656/656 660/660 659/659
f 605/605 661/661 600/600
f 657/657 662/662 661/661
f 662/662 659/659 663/663
f 663/663 660/660 557/557
f 600/600 664/664 594/594
f 661/661 665/665 664/664
f 665/665 663/663 666/666
f 666/666 557/557 606/606
f 594/594 667/667 590/590
f 664/664 668/668 667/667
f 668/668 666/666 669/669
f 669/669 606/606 591/591
f 590/590 670/670 586/586
f 667/667 671/671 670/670
f 671/671 669/669 672/672
f 672/672 591/591 573/573
f 586/586 673/673 579/579
f 670/670 674/674 673/673
f 674/674 672/672 675/675
f 675/675 573/573 545/545
f 579/579 676/676 572/572
f 673/673 679/679 676/676
f 679/679 675/675 681/681
f 681/681 545/545 621/621
f 562/562 677/677 682/682
f 682/682 678/678 683/683
f 678/678 684/684 683/683
f 680/680 637/637 684/684
f 564/564 682/682 686/686
f 686/686 683/683 687/687
f 683/683 689/689 687/687
f 684/684 646/646 689/689
f 618/618 685/685 648/648
f 648/648 688/688 650/650
f 688/688 653/653 650/650
f 690/690 610/610 653/653
f 691/691 618/618 613/613
f 611/611 575/575 598/598
f 569/569 617/617 691/691
f 598/598 549/549 584/584
f 567/567 691/691 612/612
f 584/584 692/692 558/558
f 582/582 612/612 604/604
f 559/559 692/692 595/595
f 582/582 599/599 580/580
f 592/592 595/595 601/601
f 580/580 593/593 615/615
f 574/574 601/601 587/587
f 615/615 589/589 620/620
f 546/546 587/587 565/565
f 620/620 585/585 630/630
f 547/547 565/565 554/554
f 630/630 693/693 634/634
f 623/623 554/554 625/625
f 643/643 693/693 577/577
f 624/624 640/640 631/631
f 552/552 578/578 570/570
f 631/631 694/694 635/635
f 553/553 570/570 560/560
f 636/636 602/602 611/611
f 608/608 561/561 617/617
f 603/603 695/695 639/639
f 696/696 697/697 698/698
f 699/699 700/700 701/701
f 702/702 703/703 704/704
f 705/705 706/706 707/707
f 708/708 709/709 710/710
f 712/712 713/713 715/715
f 716/716 717/717 706/706
f 718/718 719/719 720/720
f 721/721 723/723 713/713
f 724/724 725/725 697/697
f 701/701 726/726 727/727
f 729/729 730/730 722/722
f 731/731 732/732 733/733
f 709/709 734/734 735/735
f 730/730 736/736 737/737
f 738/738 739/739 717/717
f 737/737 740/740 741/741
f 742/742 743/743 725/725
f 741/741 744/744 745/745
f 746/746 699/699 747/747
f 735/735 748/748 749/749
f 745/745 750/750 751/751
f 752/752 747/747 739/739
f 727/727 753/753 754/754
f 751/751 755/755 756/756
f 757/757 710/710 743/743
f 758/758 704/704 759/759
f 755/755 760/760 756/756
f 749/749 761/761 762/762
f 763/763 764/764 760/760
f 765/765 731/731 766/766
f 733/733 767/767 718/718
f 768/768 714/714 769/769
f 770/770 766/766 771/771
f 772/772 698/698 774/774
f 776/776 707/707 778/778
f 780/780 771/771 781/781
f 782/782 773/773 775/775
f 783/783 777/777 779/779
f 784/784 781/781 785/785
f 787/787 788/788 782/782
f 789/789 791/791 783/783
f 793/793 785/785 795/795
f 762/762 797/797 786/786
f 798/798 794/794 703/703
f 720/720 758/758 759/759
f 764/764 799/799 800/800
f 800/800 801/801 802/802
f 801/801 803/803 802/802
f 804/804 748/748 803/803
f 760/760 800/800 805/805
f 805/805 802/802 806/806
f 802/802 807/807 806/806
f 803/803 734/734 807/807
f 756/756 805/805 808/808
f 808/808 806/806 809/809
f 806/806 810/810 809/809
f 807/807 811/811 810/810
f 756/756 812/812 751/751
f 808/808 813/813 812/812
f 813/813 810/810 814/814
f 814/814 811/811 708/708
f 751/751 815/815 745/745
f 812/812 816/816 815/815
f 816/816 814/814 817/817
f 817/817 708/708 757/757
f 745/745 818/818 741/741
f 815/815 819/819 818/818
f 819/819 817/817 820/820
f 820/820 757/757 742/742
f 741/741 821/821 737/737
f 818/818 822/822 821/821
f 822/822 820/820 823/823
f 823/823 742/742 724/724
f 737/737 824/824 730/730
f 821/821 825/825 824/824
f 825/825 823/823 826/826
f 826/826 724/724 696/696
f 730/730 827/827 722/722
f 824/824 829/829 827/827
f 829/829 826/826 831/831
f 831/831 696/696 772/772
f 713/713 828/828 833/833
f 833/833 830/830 834/834
f 830/830 835/835 834/834
f 832/832 788/788 835/835
f 715/715 833/833 836/836
f 836/836 834/834 838/838
f 834/834 840/840 838/838
f 835/835 796/796 840/840
f 769/769 837/837 799/799
f 799/799 839/839 801/801
f 839/839 804/804 801/801
f 841/841 761/761 804/804
f 842/842 769/769 764/764
f 762/762 726/726 749/749
f 720/720 768/768 842/842
f 749/749 700/700 735/735
f 718/718 842/842 763/763
f 735/735 843/843 709/709
f 733/733 763/763 755/755
f 710/710 843/843 746/746
f 733/733 750/750 731/731
f 743/743 746/746 752/752
f 731/731 744/744 766/766
f 725/725 752/752 738/738
f 766/766 740/740 771/771
f 697/697 738/738 716/716
f 771/771 736/736 781/781
f 698/698 716/716 705/705
f 781/781 844/844 785/785
f 774/774 705/705 776/776
f 795/795 844/844 729/729
f 775/775 791/791 782/782
f 703/703 728/728 721/721
f 782/782 846/846 787/787
f 704/704 721/721 712/712
f 786/786 753/753 762/762
f 759/759 711/711 768/768
f 754/754 845/845 790/790
f 847/847 848/848 849/849
f 850/850 851/851 852/852
f 853/853 854/854 855/855
f 856/856 857/857 858/858
f 859/859 860/860 861/861
f 862/862 864/864 866/866
f 867/867 868/868 857/857
f 869/869 870/870 871/871
f 872/872 873/873 864/864
f 875/875 876/876 848/848
f 852/852 877/877 878/878
f 879/879 881/881 874/874
f 882/882 883/883 884/884
f 860/860 885/885 886/886
f 881/881 887/887 888/888
f 889/889 890/890 868/868
f 888/888 891/891 892/892
f 893/893 894/894 876/876
f 892/892 895/895 896/896
f 897/897 850/850 898/898
f 886/886 899/899 900/900
f 896/896 901/901 902/902
f 903/903 898/898 890/890
f 878/878 904/904 905/905
f 902/902 906/906 907/907
f 908/908 861/861 894/894
f 909/909 855/855 910/910
f 906/906 911/911 907/907
f 900/900 912/912 913/913
f 914/914 915/915 911/911
f 916/916 882/882 917/917
f 884/884 918/918 869/869
f 919/919 865/865 920/920
f 921/921 917/917 922/922
f 923/923 849/849 925/925
f 927/927 858/858 929/929
f 931/931 922/922 932/932
f 933/933 924/924 926/926
f 934/934 928/928 930/930
f 935/935 932/932 936/936
f 937/937 939/939 933/933
f 941/941 942/942 934/934
f 944/944 936/936 946/946
f 913/913 948/948 938/938
f 949/949 945/945 854/854
f 871/871 909/909 910/910
f 915/915 950/950 951/951
f 951/951 952/952 953/953
f 952/952 954/954 953/953
f 955/955 899/899 954/954
f 911/911 951/951 956/956
f 956/956 953/953 957/957
f 953/953 958/958 957/957
f 954/954 885/885 958/958
f 907/907 956/956 959/959
f 959/959 957/957 960/960
f 957/957 961/961 960/960
f 958/958 962/962 961/961
f 907/907 963/963 902/902
f 959/959 964/964 963/963
f 964/964 961/961 965/965
f 965/965 962/962 859/859
f 902/902 966/966 896/896
f 963/963 967/967 966/966
f 967/967 965/965 968/968
f 968/968 859/859 908/908
f 896/896 969/969 892/892
f 966/966 970/970 969/969
f 970/970 968/968 971/971
f 971/971 908/908 893/893
f 892/892 972/972 888/888
f 969/969 973/973 972/972
f 973/973 971/971 974/974
f 974/974 893/893 875/875
f 888/888 975/975 881/881
f 972/972 976/976 975/975
f 976/976 974/974 977/977
f 977/977 875/875 847/847
f 881/881 978/978 874/874
f 975/975 980/980 978/978
f 980/980 977/977 983/983
f 983/983 847/847 923/923
f 864/864 979/979 984/984
f 984/984 981/981 985/985
f 981/981 986/986 985/985
f 982/982 939/939 986/986
f 866/866 984/984 988/988
f 988/988 985/985 989/989
f 985/985 991/991 989/989
f 986/986 947/947 991/991
f 920/920 987/987 950/950
f 950/950 990/990 952/952
f 990/990 955/955 952/952
f 992/992 912/912 955/955
f 993/993 920/920 915/915
f 913/913 877/877 900/900
f 871/871 919/919 993/993
f 900/900 851/851 886/886
f 869/869 993/993 914/914
f 886/886 994/994 860/860
f 884/884 914/914 906/906
f 861/861 994/994 897/897
f 884/884 901/901 882/882
f 894/894 897/897 903/903
f 882/882 895/895 917/917
f 876/876 903/903 889/889
f 917/917 891/891 922/922
f 848/848 889/889 867/867
f 922/922 887/887 932/932
f 849/849 867/867 856/856
f 932/932 995/995 936/936
f 925/925 856/856 927/927
f 946/946 995/995 879/879
f 926/926 942/942 933/933
f 854/854 880/880 872/872
f 933/933 996/996 937/937
f 855/855 872/872 862/862
f 938/938 904/904 913/913
f 910/910 863/863 919/919
f 905/905 997/997 940/940
f 998/998 999/999 1000/1000
f 1001/1001 1002/1002 1003/1003
f 1004/1004 1005/1005 1006/1006
f 1007/1007 1008/1008 1009/1009
f 1010/1010 1011/1011 1012/1012
f 1013/1013 1015/1015 1016/1016
f 1018/1018 1019/1019 1008/1008
f 1020/1020 1021/1021 1022/1022
f 1023/1023 1024/1024 1015/1015
f 1026/1026 1027/1027 999/999
f 1003/1003 1028/1028 1029/1029
f 1030/1030 1032/1032 1025/1025
f 1033/1033 1034/1034 1035/1035
f 1011/1011 1036/1036 1037/1037
f 1032/1032 1038/1038 1039/1039
f 1040/1040 1041/1041 1019/1019
f 1039/1039 1042/1042 1043/1043
f 1044/1044 1045/1045 1027/1027
f 1043/1043 1046/1046 1047/1047
f 1048/1048 1001/1001 1049/1049
f 1037/1037 1050/1050 1051/1051
f 1047/1047 1052/1052 1053/1053
f 1054/1054 1049/1049 1041/1041
f 1029/1029 1055/1055 1056/1056
f 1053/1053 1057/1057 1058/1058
f 1059/1059 1012/1012 1045/1045
f 1060/1060 1006/1006 1061/1061
f 1057/1057 1062/1062 1058/1058
f 1051/1051 1063/1063 1064/1064
f 1065/1065 1066/1066 1062/1062
f 1067/1067 1033/1033 1068/1068
f 1035/1035 1069/1069 1020/1020
f 1070/1070 1017/1017 1071/1071
f 1072/1072 1068/1068 1073/1073
f 1075/1075 1000/1000 1076/1076
f 1078/1078 1009/1009 1081/1081
f 1082/1082 1073/1073 1083/1083
f 1084/1084 1074/1074 1077/1077
f 1085/1085 1079/1079 1080/1080
f 1086/1086 1083/1083 1087/1087
f 1089/1089 1090/1090 1084/1084
f 1091/1091 1093/1093 1085/1085
f 1094/1094 1087/1087 1097/1097
f 1064/1064 1099/1099 1088/1088
f 1100/1100 1096/1096 1005/1005
f 1022/1022 1060/1060 1061/1061
f 1066/1066 1101/1101 1102/1102
f 1102/1102 1103/1103 1104/1104
f 1103/1103 1105/1105 1104/1104
f 1106/1106 1050/1050 1105/1105
f 1062/1062 1102/1102 1107/1107
f 1107/1107 1104/1104 1108/1108
f 1104/1104 1109/1109 1108/1108
f 1105/1105 1036/1036 1109/1109
f 1058/1058 1107/1107 1110/1110
f 1110/1110 1108/1108 1111/1111
f 1108/1108 1112/1112 1111/1111
f 1109/1109 1113/1113 1112/1112
f 1058/1058 1114/1114 1053/1053
f 1110/1110 1115/1115 1114/1114
f 1115/1115 1112/1112 1116/1116
f 1116/1116 1113/1113 1010/1010
f 1053/1053 1117/1117 1047/1047
f 1114/1114 1118/1118 1117/1117
f 1118/1118 1116/1116 1119/1119
f 1119/1119 1010/1010 1059/1059
f 1047/1047 1120/1120 1043/1043
f 1117/1117 1121/1121 1120/1120
f 1121/1121 1119/1119 1122/1122
f 1122/1122 1059/1059 1044/1044
f 1043/1043 1123/1123 1039/1039
f 1120/1120 1124/1124 1123/1123
f 1124/1124 1122/1122 1125/1125
f 1125/1125 1044/1044 1026/1026
f 1039/1039 1126/1126 1032/1032
f 1123/1123 1127/1127 1126/1126
f 1127/1127 1125/1125 1128/1128
f 1128/1128 1026/1026 998/998
f 1032/1032 1130/1130 1025/1025
f 1126/1126 1131/1131 1130/1130
f 1131/1131 1128/1128 1134/1134
f 1134/1134 998/998 1075/1075
f 1015/1015 1129/1129 1135/1135
f 1135/1135 1132/1132 1136/1136
f 1132/1132 1137/1137 1136/1136
f 1133/1133 1090/1090 1137/1137
f 1016/1016 1135/1135 1139/1139
f 1139/1139 1136/1136 1141/1141
f 1136/1136 1143/1143 1141/1141
f 1137/1137 1098/1098 1143/1143
f 1071/1071 1138/1138 1101/1101
f 1101/1101 1140/1140 1103/1103
f 1140/1140 1106/1106 1103/1103
f 1142/1142 1063/1063 1106/1106
f 1144/1144 1071/1071 1066/1066
f 1064/1064 1028/1028 1051/1051
f 1022/1022 1070/1070 1144/1144
f 1051/1051 1002/1002 1037/1037
f 1020/1020 1144/1144 1065/1065
f 1037/1037 1145/1145 1011/1011
f 1035/1035 1065/1065 1057/1057
f 1012/1012 1145/1145 1048/1048
f 1035/1035 1052/1052 1033/1033
f 1045/1045 1048/1048 1054/1054
f 1033/1033 1046/1046 1068/1068
f 1027/1027 1054/1054 1040/1040
f 1068/1068 1042/1042 1073/1073
f 999/999 1040/1040 1018/1018
f 1073/1073 1038/1038 1083/1083
f 1000/1000 1018/1018 1007/1007
f 1083/1083 1146/1146 1087/1087
f 1076/1076 1007/1007 1078/1078
f 1097/1097 1146/1146 1030/1030
f 1077/1077 1093/1093 1084/1084
f 1005/1005 1031/1031 1023/1023
f 1084/1084 1147/1147 1089/1089
f 1006/1006 1023/1023 1013/1013
f 1088/1088 1055/1055 1064/1064
f 1061/1061 1014/1014 1070/1070
f 1056/1056 1148/1148 1092/1092
f 1/1 88/88 7/7
f 11/11 1149/1149 14/14
f 17/17 39/39 20/20
f 26/26 42/42 28/28
f 32/32 169/169 34/34
f 40/40 27/27 41/41
f 38/38 36/36 43/43
f 46/46 3/3 50/50
f 13/13 80/80 53/53
f 57/57 56/56 61/61
f 8/8 5/5 67/67
f 66/66 6/6 71/71
f 76/76 55/55 79/79
f 87/87 91/91 70/70
f 90/90 86/86 93/93
f 74/74 72/72 89/89
f 96/96 103/103 99/99
f 103/103 74/74 95/95
f 100/100 98/98 104/104
f 94/94 93/93 104/104
f 109/109 102/102 97/97
f 66/66 73/73 102/102
f 112/112 108/108 111/111
f 69/69 67/67 108/108
f 47/47 92/92 85/85
f 118/118 105/105 92/92
f 121/121 119/119 125/125
f 128/128 200/200 130/130
f 134/134 25/25 30/30
f 136/136 147/147 25/25
f 139/139 145/145 140/140
f 18/18 41/41 145/145
f 141/141 146/146 148/148
f 146/146 42/42 26/26
f 153/153 137/137 143/143
f 24/24 19/19 138/138
f 68/68 160/160 159/159
f 113/113 196/196 160/160
f 161/161 167/167 33/33
f 156/156 144/144 168/168
f 170/170 173/173 44/44
f 173/173 141/141 150/150
f 166/166 172/172 171/171
f 142/142 140/140 172/172
f 59/59 63/63 175/175
f 181/181 347/347 183/183
f 16/16 190/190 78/78
f 115/115 111/111 190/190
f 189/189 191/191 82/82
f 110/110 97/97 191/191
f 77/77 194/194 60/60
f 194/194 100/100 107/107
f 83/83 192/192 193/193
f 192/192 96/96 101/101
f 122/122 106/106 105/105
f 65/65 61/61 106/106
f 195/195 149/149 147/147
f 45/45 43/43 149/149
f 114/114 197/197 196/196
f 15/15 14/14 197/197
f 198/198 304/304 200/200
f 163/163 330/330 203/203
f 207/207 389/389 161/161
f 209/209 345/345 210/210
f 62/62 322/322 216/216
f 154/154 342/342 218/218
f 220/220 225/225 153/153
f 223/223 261/261 225/225
f 208/208 226/226 17/17
f 213/213 264/264 226/226
f 228/228 351/351 230/230
f 212/212 210/210 234/234
f 237/237 180/180 186/186
f 243/243 383/383 246/246
f 248/248 364/364 251/251
f 232/232 230/230 256/256
f 227/227 263/263 261/261
f 231/231 293/293 263/263
f 235/235 267/267 264/264
f 265/265 299/299 267/267
f 260/260 291/291 269/269
f 51/51 246/246 271/271
f 275/275 290/290 278/278
f 254/254 250/250 282/282
f 273/273 284/284 285/285
f 262/262 360/360 291/291
f 258/258 133/133 293/293
f 295/295 129/129 133/133
f 297/297 302/302 299/299
f 300/300 320/320 302/302
f 124/124 315/315 304/304
f 48/48 272/272 306/306
f 308/308 393/393 249/249
f 288/288 287/287 312/312
f 116/116 305/305 315/315
f 236/236 234/234 316/316
f 318/318 199/199 129/129
f 126/126 125/125 199/199
f 244/244 321/321 320/320
f 52/52 50/50 321/321
f 307/307 270/270 245/245
f 323/323 387/387 325/325
f 328/328 334/334 202/202
f 184/184 350/350 334/334
f 335/335 184/184 328/328
f 268/268 344/344 219/219
f 292/292 211/211 344/344
f 346/346 352/352 350/350
f 311/311 229/229 352/352
f 355/355 311/311 346/346
f 359/359 233/233 211/211
f 362/362 317/317 233/233
f 286/286 257/257 229/229
f 365/365 372/372 257/257
f 252/252 365/365 286/286
f 131/131 367/367 317/317
f 201/201 381/381 367/367
f 369/369 374/374 372/372
f 214/214 325/325 374/374
f 376/376 214/214 369/369
f 303/303 384/384 381/381
f 314/314 245/245 384/384
f 127/127 326/326 386/386
f 224/224 269/269 341/341
f 238/238 357/357 348/348
f 279/279 353/353 358/358
f 301/301 382/382 383/383
f 319/319 373/373 326/326
f 222/222 349/349 351/351
f 22/22 217/217 345/345
f 276/276 313/313 354/354
f 298/298 366/366 382/382
f 390/390 329/329 332/332
f 221/221 333/333 349/349
f 392/392 370/370 363/363
f 155/155 204/204 333/333
f 132/132 130/130 361/361
f 309/309 379/379 368/368
f 120/120 385/385 324/324
f 177/177 375/375 380/380
f 294/294 361/361 360/360
f 296/296 371/371 373/373
f 174/174 215/215 377/377
f 206/206 339/339 327/327
f 242/242 337/337 340/340
f 266/266 316/316 366/366
f 259/259 256/256 371/371
f 187/187 185/185 336/336
f 394/394 422/422 395/395
f 397/397 541/541 398/398
f 400/400 496/496 401/401
f 403/403 414/414 404/404
f 406/406 509/509 407/407
f 410/410 419/419 411/411
f 414/414 436/436 415/415
f 416/416 465/465 417/417
f 419/419 427/427 421/421
f 422/422 440/440 423/423
f 399/399 398/398 424/424
f 426/426 542/542 428/428
f 429/429 1150/1150 430/430
f 407/407 509/509 432/432
f 428/428 542/542 434/434
f 436/436 450/450 437/437
f 435/435 434/434 438/438
f 440/440 455/455 441/441
f 439/439 438/438 442/442
f 444/444 541/541 397/397
f 433/433 432/432 446/446
f 443/443 442/442 448/448
f 450/450 444/444 445/445
f 425/425 424/424 451/451
f 449/449 448/448 453/453
f 455/455 406/406 408/408
f 456/456 400/400 402/402
f 453/453 461/461 458/458
f 447/447 446/446 459/459
f 461/461 540/540 462/462
f 463/463 1150/1150 429/429
f 431/431 430/430 465/465
f 466/466 409/409 412/412
f 468/468 463/463 464/464
f 470/470 394/394 396/396
f 474/474 403/403 405/405
f 478/478 468/468 469/469
f 480/480 486/486 471/471
f 481/481 489/489 475/475
f 482/482 478/478 479/479
f 484/484 494/494 486/486
f 487/487 544/544 489/489
f 490/490 482/482 483/483
f 460/460 459/459 495/495
f 496/496 491/491 493/493
f 418/418 417/417 456/456
f 462/462 467/467 497/497
f 498/498 497/497 499/499
f 499/499 502/502 501/501
f 502/502 459/459 446/446
f 458/458 462/462 498/498
f 503/503 498/498 500/500
f 500/500 501/501 505/505
f 501/501 446/446 432/432
f 454/454 458/458 503/503
f 506/506 503/503 504/504
f 504/504 505/505 508/508
f 505/505 432/432 509/509
f 454/454 506/506 510/510
f 506/506 507/507 511/511
f 511/511 507/507 508/508
f 512/512 508/508 509/509
f 449/449 510/510 513/513
f 510/510 511/511 514/514
f 514/514 511/511 512/512
f 515/515 512/512 406/406
f 443/443 513/513 516/516
f 513/513 514/514 517/517
f 517/517 514/514 515/515
f 518/518 515/515 455/455
f 439/439 516/516 519/519
f 516/516 517/517 520/520
f 520/520 517/517 518/518
f 521/521 518/518 440/440
f 435/435 519/519 522/522
f 519/519 520/520 523/523
f 523/523 520/520 521/521
f 524/524 521/521 422/422
f 428/428 522/522 526/526
f 522/522 523/523 528/528
f 528/528 523/523 524/524
f 529/529 524/524 394/394
f 411/411 421/421 525/525
f 531/531 525/525 527/527
f 527/527 530/530 533/533
f 530/530 471/471 486/486
f 413/413 411/411 531/531
f 535/535 531/531 532/532
f 532/532 533/533 538/538
f 533/533 486/486 494/494
f 467/467 412/412 534/534
f 497/497 534/534 537/537
f 537/537 539/539 502/502
f 539/539 495/495 459/459
f 540/540 466/466 467/467
f 460/460 451/451 424/424
f 418/418 457/457 466/466
f 447/447 424/424 398/398
f 416/416 418/418 540/540
f 433/433 398/398 541/541
f 431/431 416/416 461/461
f 408/408 407/407 541/541
f 431/431 453/453 448/448
f 441/441 408/408 444/444
f 429/429 448/448 442/442
f 423/423 441/441 450/450
f 464/464 442/442 438/438
f 395/395 423/423 436/436
f 469/469 438/438 434/434
f 396/396 395/395 414/414
f 479/479 434/434 542/542
f 473/473 396/396 403/403
f 492/492 483/483 542/542
f 472/472 475/475 489/489
f 401/401 493/493 427/427
f 480/480 489/489 544/544
f 402/402 401/401 419/419
f 485/485 543/543 451/451
f 457/457 402/402 409/409
f 452/452 451/451 543/543
f 545/545 573/573 546/546
f 548/548 692/692 549/549
f 551/551 647/647 552/552
f 554/554 565/565 555/555
f 557/557 660/660 558/558
f 560/560 570/570 562/562
f 565/565 587/587 566/566
f 567/567 616/616 568/568
f 570/570 578/578 571/571
f 573/573 591/591 574/574
f 550/550 549/549 575/575
f 577/577 693/693 579/579
f 580/580 1151/1151 581/581
f 558/558 660/660 583/583
f 579/579 693/693 585/585
f 587/587 601/601 588/588
f 586/586 585/585 589/589
f 591/591 606/606 592/592
f 590/590 589/589 593/593
f 595/595 692/692 548/548
f 584/584 583/583 597/597
f 594/594 593/593 599/599
f 601/601 595/595 596/596
f 576/576 575/575 602/602
f 600/600 599/599 604/604
f 606/606 557/557 559/559
f 607/607 551/551 553/553
f 604/604 612/612 609/609
f 598/598 597/597 610/610
f 612/612 691/691 613/613
f 614/614 1151/1151 580/580
f 582/582 581/581 616/616
f 617/617 561/561 563/563
f 619/619 614/614 615/615
f 621/621 545/545 547/547
f 625/625 554/554 556/556
f 629/629 619/619 620/620
f 631/631 637/637 622/622
f 632/632 640/640 626/626
f 633/633 629/629 630/630
f 635/635 646/646 637/637
f 638/638 694/694 640/640
f 641/641 633/633 634/634
f 611/611 610/610 645/645
f 647/647 642/642 644/644
f 569/569 568/568 607/607
f 613/613 618/618 648/648
f 649/649 648/648 650/650
f 650/650 653/653 652/652
f 653/653 610/610 597/597
f 609/609 613/613 649/649
f 654/654 649/649 651/651
f 651/651 652/652 656/656
f 652/652 597/597 583/583
f 605/605 609/609 654/654
f 657/657 654/654 655/655
f 655/655 656/656 659/659
f 656/656 583/583 660/660
f 605/605 657/657 661/661
f 657/657 658/658 662/662
f 662/662 658/658 659/659
f 663/663 659/659 660/660
f 600/600 661/661 664/664
f 661/661 662/662 665/665
f 665/665 662/662 663/663
f 666/666 663/663 557/557
f 594/594 664/664 667/667
f 664/664 665/665 668/668
f 668/668 665/665 666/666
f 669/669 666/666 606/606
f 590/590 667/667 670/670
f 667/667 668/668 671/671
f 671/671 668/668 669/669
f 672/672 669/669 591/591
f 586/586 670/670 673/673
f 670/670 671/671 674/674
f 674/674 671/671 672/672
f 675/675 672/672 573/573
f 579/579 673/673 676/676
f 673/673 674/674 679/679
f 679/679 674/674 675/675
f 681/681 675/675 545/545
f 562/562 571/571 677/677
f 682/682 677/677 678/678
f 678/678 680/680 684/684
f 680/680 622/622 637/637
f 564/564 562/562 682/682
f 686/686 682/682 683/683
f 683/683 684/684 689/689
f 684/684 637/637 646/646
f 618/618 563/563 685/685
f 648/648 685/685 688/688
f 688/688 690/690 653/653
f 690/690 645/645 610/610
f 691/691 617/617 618/618
f 611/611 602/602 575/575
f 569/569 608/608 617/617
f 598/598 575/575 549/549
f 567/567 569/569 691/691
f 584/584 549/549 692/692
f 582/582 567/567 612/612
f 559/559 558/558 692/692
f 582/582 604/604 599/599
f 592/592 559/559 595/595
f 580/580 599/599 593/593
f 574/574 592/592 601/601
f 615/615 593/593 589/589
f 546/546 574/574 587/587
f 620/620 589/589 585/585
f 547/547 546/546 565/565
f 630/630 585/585 693/693
f 623/623 547/547 554/554
f 643/643 634/634 693/693
f 624/624 626/626 640/640
f 552/552 644/644 578/578
f 631/631 640/640 694/694
f 553/553 552/552 570/570
f 636/636 695/695 602/602
f 608/608 553/553 561/561
f 603/603 602/602 695/695
f 696/696 724/724 697/697
f 699/699 843/843 700/700
f 702/702 798/798 703/703
f 705/705 716/716 706/706
f 708/708 811/811 709/709
f 712/712 721/721 713/713
f 716/716 738/738 717/717
f 718/718 767/767 719/719
f 721/721 728/728 723/723
f 724/724 742/742 725/725
f 701/701 700/700 726/726
f 729/729 844/844 730/730
f 731/731 1152/1152 732/732
f 709/709 811/811 734/734
f 730/730 844/844 736/736
f 738/738 752/752 739/739
f 737/737 736/736 740/740
f 742/742 757/757 743/743
f 741/741 740/740 744/744
f 746/746 843/843 699/699
f 735/735 734/734 748/748
f 745/745 744/744 750/750
f 752/752 746/746 747/747
f 727/727 726/726 753/753
f 751/751 750/750 755/755
f 757/757 708/708 710/710
f 758/758 702/702 704/704
f 755/755 763/763 760/760
f 749/749 748/748 761/761
f 763/763 842/842 764/764
f 765/765 1152/1152 731/731
f 733/733 732/732 767/767
f 768/768 711/711 714/714
f 770/770 765/765 766/766
f 772/772 696/696 698/698
f 776/776 705/705 707/707
f 780/780 770/770 771/771
f 782/782 788/788 773/773
f 783/783 791/791 777/777
f 784/784 780/780 781/781
f 787/787 796/796 788/788
f 789/789 846/846 791/791
f 793/793 784/784 785/785
f 762/762 761/761 797/797
f 798/798 792/792 794/794
f 720/720 719/719 758/758
f 764/764 769/769 799/799
f 800/800 799/799 801/801
f 801/801 804/804 803/803
f 804/804 761/761 748/748
f 760/760 764/764 800/800
f 805/805 800/800 802/802
f 802/802 803/803 807/807
f 803/803 748/748 734/734
f 756/756 760/760 805/805
f 808/808 805/805 806/806
f 806/806 807/807 810/810
f 807/807 734/734 811/811
f 756/756 808/808 812/812
f 808/808 809/809 813/813
f 813/813 809/809 810/810
f 814/814 810/810 811/811
f 751/751 812/812 815/815
f 812/812 813/813 816/816
f 816/816 813/813 814/814
f 817/817 814/814 708/708
f 745/745 815/815 818/818
f 815/815 816/816 819/819
f 819/819 816/816 817/817
f 820/820 817/817 757/757
f 741/741 818/818 821/821
f 818/818 819/819 822/822
f 822/822 819/819 820/820
f 823/823 820/820 742/742
f 737/737 821/821 824/824
f 821/821 822/822 825/825
f 825/825 822/822 823/823
f 826/826 823/823 724/724
f 730/730 824/824 827/827
f 824/824 825/825 829/829
f 829/829 825/825 826/826
f 831/831 826/826 696/696
f 713/713 723/723 828/828
f 833/833 828/828 830/830
f 830/830 832/832 835/835
f 832/832 773/773 788/788
f 715/715 713/713 833/833
f 836/836 833/833 834/834
f 834/834 835/835 840/840
f 835/835 788/788 796/796
f 769/769 714/714 837/837
f 799/799 837/837 839/839
f 839/839 841/841 804/804
f 841/841 797/797 761/761
f 842/842 768/768 769/769
f 762/762 753/753 726/726
f 720/720 759/759 768/768
f 749/749 726/726 700/700
f 718/718 720/720 842/842
f 735/735 700/700 843/843
f 733/733 718/718 763/763
f 710/710 709/709 843/843
f 733/733 755/755 750/750
f 743/743 710/710 746/746
f 731/731 750/750 744/744
f 725/725 743/743 752/752
f 766/766 744/744 740/740
f 697/697 725/725 738/738
f 771/771 740/740 736/736
f 698/698 697/697 716/716
f 781/781 736/736 844/844
f 774/774 698/698 705/705
f 795/795 785/785 844/844
f 775/775 777/777 791/791
f 703/703 794/794 728/728
f 782/782 791/791 846/846
f 704/704 703/703 721/721
f 786/786 845/845 753/753
f 759/759 704/704 711/711
f 754/754 753/753 845/845
f 847/847 875/875 848/848
f 850/850 994/994 851/851
f 853/853 949/949 854/854
f 856/856 867/867 857/857
f 859/859 962/962 860/860
f 862/862 872/872 864/864
f 867/867 889/889 868/868
f 869/869 918/918 870/870
f 872/872 880/880 873/873
f 875/875 893/893 876/876
f 852/852 851/851 877/877
f 879/879 995/995 881/881
f 882/882 1153/1153 883/883
f 860/860 962/962 885/885
f 881/881 995/995 887/887
f 889/889 903/903 890/890
f 888/888 887/887 891/891
f 893/893 908/908 894/894
f 892/892 891/891 895/895
f 897/897 994/994 850/850
f 886/886 885/885 899/899
f 896/896 895/895 901/901
f 903/903 897/897 898/898
f 878/878 877/877 904/904
f 902/902 901/901 906/906
f 908/908 859/859 861/861
f 909/909 853/853 855/855
f 906/906 914/914 911/911
f 900/900 899/899 912/912
f 914/914 993/993 915/915
f 916/916 1153/1153 882/882
f 884/884 883/883 918/918
f 919/919 863/863 865/865
f 921/921 916/916 917/917
f 923/923 847/847 849/849
f 927/927 856/856 858/858
f 931/931 921/921 922/922
f 933/933 939/939 924/924
f 934/934 942/942 928/928
f 935/935 931/931 932/932
f 937/937 947/947 939/939
f 941/941 996/996 942/942
f 944/944 935/935 936/936
f 913/913 912/912 948/948
f 949/949 943/943 945/945
f 871/871 870/870 909/909
f 915/915 920/920 950/950
f 951/951 950/950 952/952
f 952/952 955/955 954/954
f 955/955 912/912 899/899
f 911/911 915/915 951/951
f 956/956 951/951 953/953
f 953/953 954/954 958/958
f 954/954 899/899 885/885
f 907/907 911/911 956/956
f 959/959 956/956 957/957
f 957/957 958/958 961/961
f 958/958 885/885 962/962
f 907/907 959/959 963/963
f 959/959 960/960 964/964
f 964/964 960/960 961/961
f 965/965 961/961 962/962
f 902/902 963/963 966/966
f 963/963 964/964 967/967
f 967/967 964/964 965/965
f 968/968 965/965 859/859
f 896/896 966/966 969/969
f 966/966 967/967 970/970
f 970/970 967/967 968/968
f 971/971 968/968 908/908
f 892/892 969/969 972/972
f 969/969 970/970 973/973
f 973/973 970/970 971/971
f 974/974 971/971 893/893
f 888/888 972/972 975/975
f 972/972 973/973 976/976
f 976/976 973/973 974/974
f 977/977 974/974 875/875
f 881/881 975/975 978/978
f 975/975 976/976 980/980
f 980/980 976/976 977/977
f 983/983 977/977 847/847
f 864/864 873/873 979/979
f 984/984 979/979 981/981
f 981/981 982/982 986/986
f 982/982 924/924 939/939
f 866/866 864/864 984/984
f 988/988 984/984 985/985
f 985/985 986/986 991/991
f 986/986 939/939 947/947
f 920/920 865/865 987/987
f 950/950 987/987 990/990
f 990/990 992/992 955/955
f 992/992 948/948 912/912
f 993/993 919/919 920/920
f 913/913 904/904 877/877
f 871/871 910/910 919/919
f 900/900 877/877 851/851
f 869/869 871/871 993/993
f 886/886 851/851 994/994
f 884/884 869/869 914/914
f 861/861 860/860 994/994
f 884/884 906/906 901/901
f 894/894 861/861 897/897
f 882/882 901/901 895/895
f 876/876 894/894 903/903
f 917/917 895/895 891/891
f 848/848 876/876 889/889
f 922/922 891/891 887/887
f 849/849 848/848 867/867
f 932/932 887/887 995/995
f 925/925 849/849 856/856
f 946/946 936/936 995/995
f 926/926 928/928 942/942
f 854/854 945/945 880/880
f 933/933 942/942 996/996
f 855/855 854/854 872/872
f 938/938 997/997 904/904
f 910/910 855/855 863/863
f 905/905 904/904 997/997
f 998/998 1026/1026 999/999
f 1001/1001 1145/1145 1002/1002
f 1004/1004 1100/1100 1005/1005
f 1007/1007 1018/1018 1008/1008
f 1010/1010 1113/1113 1011/1011
f 1013/1013 1023/1023 1015/1015
f 1018/1018 1040/1040 1019/1019
f 1020/1020 1069/1069 1021/1021
f 1023/1023 1031/1031 1024/1024
f 1026/1026 1044/1044 1027/1027
f 1003/1003 1002/1002 1028/1028
f 1030/1030 1146/1146 1032/1032
f 1033/1033 1154/1154 1034/1034
f 1011/1011 1113/1113 1036/1036
f 1032/1032 1146/1146 1038/1038
f 1040/1040 1054/1054 1041/1041
f 1039/1039 1038/1038 1042/1042
f 1044/1044 1059/1059 1045/1045
f 1043/1043 1042/1042 1046/1046
f 1048/1048 1145/1145 1001/1001
f 1037/1037 1036/1036 1050/1050
f 1047/1047 1046/1046 1052/1052
f 1054/1054 1048/1048 1049/1049
f 1029/1029 1028/1028 1055/1055
f 1053/1053 1052/1052 1057/1057
f 1059/1059 1010/1010 1012/1012
f 1060/1060 1004/1004 1006/1006
f 1057/1057 1065/1065 1062/1062
f 1051/1051 1050/1050 1063/1063
f 1065/1065 1144/1144 1066/1066
f 1067/1067 1154/1154 1033/1033
f 1035/1035 1034/1034 1069/1069
f 1070/1070 1014/1014 1017/1017
f 1072/1072 1067/1067 1068/1068
f 1075/1075 998/998 1000/1000
f 1078/1078 1007/1007 1009/1009
f 1082/1082 1072/1072 1073/1073
f 1084/1084 1090/1090 1074/1074
f 1085/1085 1093/1093 1079/1079
f 1086/1086 1082/1082 1083/1083
f 1089/1089 1098/1098 1090/1090
f 1091/1091 1147/1147 1093/1093
f 1094/1094 1086/1086 1087/1087
f 1064/1064 1063/1063 1099/1099
f 1100/1100 1095/1095 1096/1096
f 1022/1022 1021/1021 1060/1060
f 1066/1066 1071/1071 1101/1101
f 1102/1102 1101/1101 1103/1103
f 1103/1103 1106/1106 1105/1105
f 1106/1106 1063/1063 1050/1050
f 1062/1062 1066/1066 1102/1102
f 1107/1107 1102/1102 1104/1104
f 1104/1104 1105/1105 1109/1109
f 1105/1105 1050/1050 1036/1036
f 1058/1058 1062/1062 1107/1107
f 1110/1110 1107/1107 1108/1108
f 1108/1108 1109/1109 1112/1112
f 1109/1109 1036/1036 1113/1113
f 1058/1058 1110/1110 1114/1114
f 1110/1110 1111/1111 1115/1115
f 1115/1115 1111/1111 1112/1112
f 1116/1116 1112/1112 1113/1113
f 1053/1053 1114/1114 1117/1117
f 1114/1114 1115/1115 1118/1118
f 1118/1118 1115/1115 1116/1116
f 1119/1119 1116/1116 1010/1010
f 1047/1047 1117/1117 1120/1120
f 1117/1117 1118/1118 1121/1121
f 1121/1121 1118/1118 1119/1119
f 1122/1122 1119/1119 1059/1059
f 1043/1043 1120/1120 1123/1123
f 1120/1120 1121/1121 1124/1124
f 1124/1124 1121/1121 1122/1122
f 1125/1125 1122/1122 1044/1044
f 1039/1039 1123/1123 1126/1126
f 1123/1123 1124/1124 1127/1127
f 1127/1127 1124/1124 1125/1125
f 1128/1128 1125/1125 1026/1026
f 1032/1032 1126/1126 1130/1130
f 1126/1126 1127/1127 1131/1131
f 1131/1131 1127/1127 1128/1128
f 1134/1134 1128/1128 998/998
f 1015/1015 1024/1024 1129/1129
f 1135/1135 1129/1129 1132/1132
f 1132/1132 1133/1133 1137/1137
f 1133/1133 1074/1074 1090/1090
f 1016/1016 1015/1015 1135/1135
f 1139/1139 1135/1135 1136/1136
f 1136/1136 1137/1137 1143/1143
f 1137/1137 1090/1090 1098/1098
f 1071/1071 1017/1017 1138/1138
f 1101/1101 1138/1138 1140/1140
f 1140/1140 1142/1142 1106/1106
f 1142/1142 1099/1099 1063/1063
f 1144/1144 1070/1070 1071/1071
f 1064/1064 1055/1055 1028/1028
f 1022/1022 1061/1061 1070/1070
f 1051/1051 1028/1028 1002/1002
f 1020/1020 1022/1022 1144/1144
f 1037/1037 1002/1002 1145/1145
f 1035/1035 1020/1020 1065/1065
f 1012/1012 1011/1011 1145/1145
f 1035/1035 1057/1057 1052/1052
f 1045/1045 1012/1012 1048/1048
f 1033/1033 1052/1052 1046/1046
f 1027/1027 1045/1045 1054/1054
f 1068/1068 1046/1046 1042/1042
f 999/999 1027/1027 1040/1040
f 1073/1073 1042/1042 1038/1038
f 1000/1000 999/999 1018/1018
f 1083/1083 1038/1038 1146/1146
f 1076/1076 1000/1000 1007/1007
f 1097/1097 1087/1087 1146/1146
f 1077/1077 1079/1079 1093/1093
f 1005/1005 1096/1096 1031/1031
f 1084/1084 1093/1093 1147/1147
f 1006/1006 1005/1005 1023/1023
f 1088/1088 1148/1148 1055/1055
f 1061/1061 1006/1006 1014/1014
f 1056/1056 1055/1055 1148/1148

