# room	name	n_truth_corners	IoU	truth_xy	est_xy
# Regenerated from the 594-room run so the mosaic samples the WHOLE corpus.
0	17DRP5sb8fy_10c252c90fa24ef3b698c6f54d984c5c	6	0.9890	0.7900,-6.1000 0.7900,1.1900 -2.9400,1.1900 -2.9400,-3.0600 -0.4500,-3.0600 -0.4500,-6.1000	-2.9400,1.1900 -2.9300,-3.0700 -0.4500,-3.0700 -0.4400,-6.1000 0.8100,-6.1000 0.7900,1.2000
1	17DRP5sb8fy_51857544c192476faebf212acb1b3d90	10	0.9850	0.4500,-2.1300 0.4500,-0.4800 3.5600,-0.4800 3.5600,2.4100 0.6000,2.4100 0.6000,1.4800 0.1100,1.4800 0.1100,2.4100 -4.1700,2.4100 -4.1700,-2.1300	-4.1700,-2.1400 0.4200,-2.1400 0.4200,-0.4900 3.5600,-0.5000 3.5600,2.3100 1.8500,2.3200 1.8500,2.4000 0.6000,2.4000 0.6000,1.3700 0.1000,1.3700 0.1000,2.4000 -4.1700,2.4100
2	17DRP5sb8fy_cb6a9786e4ff47f79a11b024c36ef7c0	6	0.9760	2.8100,-3.2400 2.8100,-1.9100 6.1300,-1.9100 6.1300,0.9000 -2.1900,0.9000 -2.1900,-3.2400	-2.1900,-3.2300 2.8100,-3.2600 2.8200,-1.9400 6.1400,-1.9600 6.1500,0.8500 0.7100,0.8900 0.7100,0.8000 -1.3700,0.8100 -1.3700,0.9000 -1.5700,0.9000 -1.5700,0.7700 -2.1600,0.7800
3	1LXtFkjw3qL_36127c5e30e644799c0f1a1ecd4381ca	6	0.9870	0.7600,-2.0400 0.7600,1.3500 -0.7100,1.3500 -0.7100,3.6900 -2.4100,3.6900 -2.4100,-2.0400	-2.3900,3.7000 -2.4300,-2.0300 0.7500,-2.0500 0.7700,1.3500 -0.7000,1.3600 -0.6900,3.6900
4	1LXtFkjw3qL_4b77e304d83943999198c3cd4457512c	6	0.9860	3.0100,-0.8100 3.0100,2.0400 -0.1200,2.0400 -0.1200,0.6800 -2.2600,0.6800 -2.2600,-0.8100	-2.2600,-0.7800 3.0100,-0.8100 3.0200,2.0400 -0.1100,2.0500 -0.1100,0.7000 -2.2600,0.7100
5	1LXtFkjw3qL_60668601cee245e5bb27a12d0b022918	6	0.9760	0.3900,-5.4800 0.3900,-2.2700 1.1100,-2.2700 1.1100,2.0100 -2.2000,2.0100 -2.2000,-5.4800	-2.2200,2.0100 -2.1900,-3.1000 -2.0200,-3.1000 -2.0100,-3.4900 -2.1000,-3.4900 -2.1000,-4.6400 -2.1800,-4.6400 -2.1700,-5.4800 0.4300,-5.4700 0.4100,-2.2600 1.1200,-2.2600 1.0900,2.0300
6	1LXtFkjw3qL_74bbacaafe014759bb9a6cc694d72516	6	0.9990	2.2700,-1.1500 2.2700,2.1300 0.9200,2.1300 0.9200,4.4400 -0.7300,4.4400 -0.7300,-1.1500	-0.7300,4.4400 -0.7300,-1.1500 2.2700,-1.1500 2.2700,2.1400 0.9300,2.1400 0.9300,4.4400
7	1LXtFkjw3qL_a55a46bc13e743ca8626a97ac056b8f3	10	0.9760	2.0300,-2.3600 2.0300,-1.2000 4.6900,-1.2000 4.6900,0.6500 -0.2400,0.6500 -0.2400,5.0600 -3.4200,5.0600 -3.4200,-0.5500 -0.2400,-0.5500 -0.2400,-2.3600	-0.2500,-2.3700 2.0200,-2.3800 2.0200,-1.2300 4.6800,-1.2400 4.6900,0.6100 -0.2300,0.6400 -0.2100,5.0400 -3.3900,5.0600 -3.4000,3.8100 -3.3200,3.8100 -3.3200,2.3000 -3.4000,2.3000 -3.4200,-0.5500 -0.2400,-0.5700
8	1LXtFkjw3qL_b0299947a912497ba3e1c8f80181f408	6	0.9970	0.8300,-1.4800 0.8300,4.9500 -0.2900,4.9500 -0.2900,1.7400 -5.3300,1.7400 -5.3300,-1.4800	-5.3200,-1.4900 0.8300,-1.4800 0.8200,4.9500 -0.3000,4.9500 -0.2900,1.7400 -5.3300,1.7300
9	1LXtFkjw3qL_d5839b78130944da925af878f4e64970	6	0.9910	4.9800,-0.6600 4.9800,2.5900 1.6700,2.5900 1.6700,0.9800 -0.6800,0.9800 -0.6800,-0.6600	-0.6800,-0.6700 4.9800,-0.6600 4.9700,2.5900 1.6600,2.5800 1.6700,0.9800 -0.6900,0.9700
10	1LXtFkjw3qL_d962509cdba64e6ca76a6228582eb901	12	0.9170	0.6600,-2.9800 0.6600,-2.1900 3.7200,-2.1900 3.7200,-1.3700 10.1400,-1.3700 10.1400,0.0000 0.6900,0.0000 0.6900,1.5900 -0.4800,1.5900 -0.4800,-0.0400 -8.2900,-0.0400 -8.2900,-2.9800	-8.2900,-3.0100 -8.2500,-3.0100 -8.2500,-3.4400 -7.3900,-3.4400 -7.3900,-3.0000 -6.8300,-3.0000 -6.8300,-3.4400 -6.1200,-3.4400 -6.1200,-3.0000 -5.8600,-3.0000 -5.8600,-3.3600 -5.1000,-3.3600 -5.1000,-3.0000 -5.0600,-3.0000 -5.0600,-3.3600 -4.0300,-3.3600 -4.0300,-3.0000 0.6800,-3.0000 0.6800,-2.2100 3.7200,-2.2000 3.7200,-1.4000 10.1400,-1.3900 10.1400,-0.0300 0.6800,-0.0400 0.6800,1.5700 -0.4800,1.5700 -0.4800,-0.0400 -1.7100,-0.0400 -1.7100,0.3200 -5.7600,0.3200 -5.7600,-0.0400 -8.2900,-0.0400
11	1LXtFkjw3qL_e5c5d8fa1ad94d97bcdb74e69e938ea0	8	0.9600	5.7800,-3.1600 5.7800,-0.3800 3.2100,-0.3800 3.2100,6.4700 -0.5100,6.4700 -0.5100,-0.6500 -2.9900,-0.6500 -2.9900,-3.1600	-3.0000,-3.1200 5.7700,-3.2000 5.8000,-0.6600 3.2300,-0.6400 3.3000,6.4500 -0.4200,6.4900 -0.4900,-0.6000 -2.9700,-0.5700
12	1pXnuDYAj8r_7e1850bf73f24a7f9ab824a82143e1b6	6	0.9170	0.9800,-0.5500 0.9800,0.5700 0.2300,0.5700 0.2300,3.5500 -3.7500,3.5500 -3.7500,-0.5500	-3.6700,-0.6600 -1.2900,-0.4600 -1.2800,-0.6700 -0.9700,-0.6400 -0.9800,-0.4300 -0.3500,-0.3800 -0.3300,-0.5900 0.0400,-0.5600 0.0300,-0.4200 0.6700,-0.3700 0.6800,-0.5100 1.0700,-0.4700 0.9700,0.6400 0.2600,0.5800 0.2400,0.8600 0.2000,0.8600 -0.0300,3.5600 -3.8200,3.2500 -3.7000,1.8200 -3.8700,1.8100
13	1pXnuDYAj8r_834865d0e74042d38b796ded2488d64c	6	0.9900	1.0200,-1.0500 1.0200,6.6700 -0.2900,6.6700 -0.2900,4.8800 -6.0800,4.8800 -6.0800,-1.0500	-6.0500,-1.0600 1.0500,-1.0200 1.0000,6.7000 -0.3200,6.6900 -0.3000,4.9100 -6.0900,4.8700
14	1pXnuDYAj8r_a8ae1f18502e4a6aa301af029f976f5f	6	0.9690	4.2600,-1.6500 4.2600,5.7700 -3.8300,5.7700 -3.8300,0.8400 -3.2600,0.8400 -3.2600,-1.6500	-3.8000,-1.6700 -3.7500,-1.6700 -3.7600,0.8000 -3.8200,0.8000 -3.8000,-1.6700 1.9200,-1.6500 1.9200,-1.4600 2.3000,-1.4600 2.3000,-1.5500 4.2800,-1.5400 4.2500,5.7900 -3.8400,5.7500
15	1pXnuDYAj8r_f6af6b4247ea4353b90f8bce6e05f58a	10	0.9940	0.6400,-11.1300 0.6400,3.2500 -0.5700,3.2500 -0.5700,1.5400 -5.7400,1.5400 -5.7400,-2.4100 -4.2300,-2.4100 -4.2300,-6.8000 -1.3800,-6.8000 -1.3800,-11.1300	-1.3800,-11.1100 0.6500,-11.1100 0.6500,3.2700 -0.6500,3.2700 -0.6500,1.5500 -5.6100,1.5500 -5.6100,0.8400 -5.5500,0.8400 -5.5500,0.4200 -5.7400,0.4200 -5.7400,-2.4100 -4.2200,-2.4000 -4.2200,-6.7900 -1.3800,-6.7900
16	2azQ1b91cZZ_c757b3ad24ed4706bc84645a8e748bee	6	0.9800	1.1900,-1.3300 1.1900,0.7200 0.5000,0.7200 0.5000,2.2700 -4.1400,2.2700 -4.1400,-1.3300	-4.1700,-1.3200 1.1600,-1.3500 1.1700,0.7100 0.4800,0.7100 0.4800,2.2600 -4.1500,2.2800
17	2n8kARJN3HM_3f0be3965cde46ad87538ca4f3e1d271	6	0.9760	-0.1100,-4.6300 -0.1100,-0.7300 4.0800,-0.7300 4.0800,0.8300 -4.6400,0.8300 -4.6400,-4.6300	-4.6400,-4.6200 -0.1100,-4.6200 -0.1100,-0.7200 3.9300,-0.7100 3.9200,0.8500 -4.6500,0.8300
18	2n8kARJN3HM_4cc28f0811834f66a8b759b463fa7f9c	8	0.9770	3.1400,-3.4400 3.1400,1.4000 -0.2800,1.4000 -0.2800,0.6100 -0.7300,0.6100 -0.7300,-0.8500 -0.2500,-0.8500 -0.2500,-3.4400	3.1100,1.4200 -0.2900,1.3900 -0.2900,0.5900 -0.7600,0.5900 -0.7400,-0.8600 -0.2700,-0.8600 -0.2500,-3.4600 3.1600,-3.4300
19	2n8kARJN3HM_5b951c3db95148eb8fb7963165f14e8f	6	0.9370	3.0800,-0.6900 3.0800,5.3300 0.1400,5.3300 0.1400,0.6800 -12.0600,0.6800 -12.0600,-0.6900	-12.0400,-0.4200 -11.5500,-0.4300 -11.5500,-0.5900 3.1000,-0.7000 3.1500,5.1500 0.1800,5.1700 0.1500,0.6900 -12.0300,0.7800
20	2n8kARJN3HM_c897ee33e7bd4d36a122867a2800c9b4	6	0.9950	1.4500,-3.5000 1.4500,1.0000 -2.3600,1.0000 -2.3600,-0.5200 -0.7100,-0.5200 -0.7100,-3.5000	-2.3700,1.0000 -2.3600,-0.5300 -0.7100,-0.5200 -0.7100,-3.5000 1.4500,-3.5000 1.4400,1.0100
21	2n8kARJN3HM_dac4509f882848258838272f16d18302	10	0.9820	2.3400,-2.7600 2.3400,2.6200 0.3300,2.6200 0.3300,0.6700 -6.3500,0.6700 -6.3500,-2.6900 -0.1100,-2.6900 -0.1100,-0.8700 0.4700,-0.8700 0.4700,-2.7600	0.4100,-2.6700 2.3500,-2.6700 2.3300,2.6700 0.3900,2.6600 0.4000,0.6900 -6.3500,0.6700 -6.3400,-2.6900 -0.1100,-2.6700 -0.1200,-0.8500 0.4000,-0.8400 0.4000,-0.9300 0.4800,-0.9300 0.4800,-1.5100 0.4000,-1.5100
22	2n8kARJN3HM_e0b2917ecb6d4e31846957451348f80a	6	0.9910	-0.1500,-6.2000 -0.1500,-0.8100 0.7700,-0.8100 0.7700,1.5500 -2.3100,1.5500 -2.3100,-6.2000	-2.1300,1.5500 -2.1300,1.2000 -2.3100,1.2000 -2.3100,-6.2000 -0.1500,-6.2100 -0.1500,-0.8200 0.7400,-0.8200 0.7400,1.5500
23	2n8kARJN3HM_ea42c4694c05490eb7ae29590321e1a3	6	0.9900	-0.4800,-2.8500 -0.4800,-0.8000 2.7500,-0.8000 2.7500,1.4400 -1.9900,1.4400 -1.9900,-2.8500	-1.9800,-2.8600 -0.4700,-2.8500 -0.4700,-0.8000 2.7500,-0.7900 2.7400,1.4500 -1.9900,1.4400
24	2n8kARJN3HM_ffacc18a27644508a6e4223823a0e2a4	6	1.0000	2.8600,-5.1100 2.8600,0.8800 -1.1900,0.8800 -1.1900,-0.6100 0.5000,-0.6100 0.5000,-5.1100	-1.1800,0.8800 -1.1900,-0.6100 0.5000,-0.6200 0.4900,-5.1100 2.8500,-5.1200 2.8600,0.8700
25	2t7WUuJeko7_1a0d730696cc4057b0037a75c8ef6b59	6	0.9910	1.8700,-1.8600 1.8700,1.1400 0.8200,1.1400 0.8200,2.3000 -1.6400,2.3000 -1.6400,-1.8600	-1.6400,2.3100 -1.6600,-1.8600 1.8500,-1.8800 1.8600,1.1300 0.8200,1.1300 0.8300,2.2900
26	2t7WUuJeko7_218fdf5321f9482e85e828c56f2c0c94	6	0.9930	1.1100,-1.3700 1.1100,2.2300 -1.8800,2.2300 -1.8800,1.1400 -2.9300,1.1400 -2.9300,-1.3700	-2.9300,-1.3600 1.1100,-1.3800 1.1300,2.2100 -1.8600,2.2300 -1.8600,1.1500 -2.9100,1.1600
27	2t7WUuJeko7_383d84c26afa4fae9e68b89d445e091e	6	0.9940	1.9500,-0.9900 1.9500,0.0600 3.9800,0.0600 3.9800,2.6200 -1.0200,2.6200 -1.0200,-0.9900	-1.0200,-0.9900 1.9500,-0.9900 1.9500,0.0600 3.9800,0.0600 3.9800,2.6200 -1.0100,2.6300
28	2t7WUuJeko7_8898d3cea28d404f8f69c3a3bce52371	6	1.0000	0.5500,-1.3300 0.5500,2.7700 -3.1600,2.7700 -3.1600,-0.1200 -2.0100,-0.1200 -2.0100,-1.3300	-2.0000,-1.3200 0.5600,-1.3200 0.5600,2.7800 -3.1500,2.7800 -3.1500,-0.1100 -2.0000,-0.1100
29	2t7WUuJeko7_edc7b2c25f054ce8992ae3fb66e80881	6	1.0000	0.6300,-1.0900 0.6300,0.0400 1.8800,0.0400 1.8800,2.5000 -2.3400,2.5000 -2.3400,-1.0900	-2.3500,-1.0700 0.6200,-1.0900 0.6300,0.0400 1.8700,0.0300 1.8800,2.5000 -2.3300,2.5200
30	5LpN3gDmAk7_1d47ba7d0b094cee93aad6322445fd4b	6	1.0000	2.4300,-3.5500 2.4300,0.5600 -2.6000,0.5600 -2.6000,-7.0900 -1.7400,-7.0900 -1.7400,-3.5500	-2.5900,0.5600 -2.5900,-7.0900 -1.7300,-7.0900 -1.7300,-3.5500 2.4400,-3.5500 2.4400,0.5600
31	5LpN3gDmAk7_3a9381248af24e2795095eda5bee2270	6	0.9930	2.4800,-0.5100 2.4800,3.4600 -0.9000,3.4600 -0.9000,1.4300 -4.2800,1.4300 -4.2800,-0.5100	-4.2800,-0.5200 2.4800,-0.5200 2.4800,3.4600 -0.8900,3.4600 -0.8900,1.4200 -4.2800,1.4200
32	5LpN3gDmAk7_4e928c0ff7504619b7c308a354c78f5f	10	0.9860	-0.1400,-2.6700 -0.1400,-0.6100 2.1900,-0.6100 2.1900,0.6300 -0.1900,0.6300 -0.1900,4.6700 -5.9300,4.6700 -5.9300,0.4000 -1.5200,0.4000 -1.5200,-2.6700	-1.5400,-2.6900 -0.2000,-2.6900 -0.1900,-0.6500 2.1700,-0.6600 2.1800,0.5900 -0.1900,0.6000 -0.1700,4.6500 -5.9200,4.6700 -5.9400,0.4000 -1.5300,0.3800
33	5LpN3gDmAk7_69da3742bce54199a1f2a49ecabf8618	6	0.9920	5.5900,-1.7400 5.5900,-0.7100 2.0100,-0.7100 2.0100,3.2800 -2.0600,3.2800 -2.0600,-1.7400	-2.0300,3.2900 -2.0600,-1.7300 5.5800,-1.7600 5.5900,-0.7300 2.0100,-0.7100 2.0300,3.2700
34	5LpN3gDmAk7_83108d9e987b45c484362f5cda5b1bd1	6	0.9960	3.3600,-2.4600 3.3600,2.2300 -1.9100,2.2300 -1.9100,3.9800 -3.1900,3.9800 -3.1900,-2.4600	-3.1800,-2.4800 3.3700,-2.4500 3.3600,2.2400 -1.9000,2.2200 -1.9100,3.9800 -3.2000,3.9700
35	5LpN3gDmAk7_85b4d3014af0457e9bb0827ea6e18925	6	0.9890	2.9700,-3.1200 2.9700,-2.0300 6.6300,-2.0300 6.6300,0.9200 -0.7200,0.9200 -0.7200,-3.1200	-0.7100,-3.1200 2.8800,-3.1100 2.8800,-2.0200 6.6400,-2.0100 6.6200,0.9500 -0.7200,0.9200
36	5LpN3gDmAk7_89e86606acae450e99ab412da3e1defd	8	0.9960	3.0300,-2.2100 3.0300,0.5300 1.3900,0.5300 1.3900,2.4100 -3.2700,2.4100 -3.2700,-0.9900 1.8600,-0.9900 1.8600,-2.2100	-3.2600,-0.9900 1.8700,-0.9900 1.8700,-2.2100 3.0400,-2.2100 3.0400,0.5300 1.3900,0.5300 1.3900,2.4100 -3.2600,2.4100
37	5LpN3gDmAk7_92b53ec4323443c1a4f64e6722f0e8f1	8	0.9970	0.0300,-5.2000 0.0300,-0.6600 0.7100,-0.6600 0.7100,0.6600 -1.3700,0.6600 -1.3700,-0.9600 -2.9700,-0.9600 -2.9700,-5.2000	-2.9700,-5.1900 0.0300,-5.2000 0.0400,-0.6500 0.7200,-0.6500 0.7200,0.6600 -1.3600,0.6600 -1.3600,-0.9600 -2.9500,-0.9500
38	5LpN3gDmAk7_a7a41dd2adbf4a69a12d49254f8a14e5	8	0.9840	3.5500,-1.5700 3.5500,0.9900 3.0800,0.9900 3.0800,3.9400 -3.0400,3.9400 -3.0400,-0.5500 2.1400,-0.5500 2.1400,-1.5700	2.2100,-1.5600 3.4700,-1.5600 3.4700,-0.3700 3.4100,-0.3700 3.4100,0.0300 3.5700,0.0300 3.5700,1.0300 3.0900,1.0300 3.0800,3.9500 -3.0300,3.9200 -3.0200,-0.5700 2.2100,-0.5400
39	5LpN3gDmAk7_ccabfad5dfcd47cd821e57a15a58d55c	6	0.9980	1.5200,-2.0100 1.5200,2.0100 -2.1200,2.0100 -2.1200,0.6700 -6.0500,0.6700 -6.0500,-2.0100	-6.0500,-2.0200 1.5200,-2.0000 1.5100,2.0100 -2.1300,2.0100 -2.1200,0.6700 -6.0600,0.6700
40	5LpN3gDmAk7_d8b984d439ea4b09928f11d867f661cb	6	1.0000	3.0500,-0.6100 3.0500,0.4100 0.8700,0.4100 0.8700,4.5500 -3.1100,4.5500 -3.1100,-0.6100	-3.1200,4.5400 -3.1100,-0.6100 3.0500,-0.6000 3.0500,0.4200 0.8800,0.4200 0.8700,4.5500
41	5LpN3gDmAk7_f1426ef89da84f05bf939918945f71aa	6	1.0000	0.6300,-1.3300 0.6300,0.2200 2.6500,0.2200 2.6500,4.8200 -1.5100,4.8200 -1.5100,-1.3300	-1.5100,4.8100 -1.5100,-1.3400 0.6400,-1.3400 0.6400,0.2100 2.6500,0.2100 2.6400,4.8200
42	5ZKStnWn8Zo_1e6520e3cc06443cb3a54ab6461064b6	6	0.9950	0.6300,-1.3400 0.6300,1.0100 1.9500,1.0100 1.9500,1.8700 -2.9900,1.8700 -2.9900,-1.3400	-3.0000,-1.3400 0.6300,-1.3500 0.6400,1.0100 1.9500,1.0100 1.9500,1.8700 -2.9900,1.8800
43	5ZKStnWn8Zo_35f5b361dca240ef8effcee3a2d02b68	6	0.9940	3.1200,-0.7900 3.1200,0.9200 1.7800,0.9200 1.7800,5.3200 -2.5300,5.3200 -2.5300,-0.7900	-2.5200,-0.7900 3.1300,-0.7900 3.1300,0.8200 1.7900,0.8200 1.7900,5.3200 -2.5200,5.3100
44	5ZKStnWn8Zo_41e93c57be774f0f8d4389a19eeb4cd5	10	0.9980	6.7100,-0.8700 6.7100,1.1800 2.1300,1.1800 2.1300,2.3000 0.4900,2.3000 0.4900,0.8500 -0.5300,0.8500 -0.5300,6.0900 -4.9900,6.0900 -4.9900,-0.8700	-4.9800,-0.8600 6.7200,-0.8800 6.7200,1.1800 2.1400,1.1800 2.1400,2.2900 0.4900,2.2900 0.4900,0.8600 0.4200,0.8600 0.4200,0.7000 -0.3200,0.7000 -0.3200,0.8600 -0.5200,0.8600 -0.5100,6.0900 -4.9700,6.1000
45	5ZKStnWn8Zo_54b7c9b192714638ac7b01b4a5400d29	8	0.9810	0.5400,-0.9900 0.5400,0.2800 2.9100,0.2800 2.9100,3.2300 0.7000,3.2300 0.7000,2.3000 -1.5900,2.3000 -1.5900,-0.9900	-1.5800,-1.0100 0.5500,-1.0000 0.5500,0.2700 2.9100,0.2800 2.9000,3.2300 0.6900,3.2200 0.6900,2.2900 -1.6000,2.2800
46	5ZKStnWn8Zo_65d4a26be97b4519ae11c4c65aece4c5	6	0.9970	-0.1100,-3.1600 -0.1100,-0.4400 0.6000,-0.4400 0.6000,0.3800 -4.0500,0.3800 -4.0500,-3.1600	-4.0400,-3.1700 -0.0900,-3.1600 -0.1000,-0.5000 -0.0100,-0.5000 -0.0100,-0.4300 0.6100,-0.4300 0.6100,0.3800 -4.0400,0.3700
47	5ZKStnWn8Zo_9b029358672b4874a8c4834d41c55c0e	6	0.9910	1.4500,-2.7800 1.4500,-0.3600 2.7000,-0.3600 2.7000,0.4800 -2.2000,0.4800 -2.2000,-2.7800	-2.2100,-2.7800 1.4400,-2.7900 1.4400,-0.3600 2.6900,-0.3600 2.6900,0.4700 -2.2100,0.4800
48	5ZKStnWn8Zo_b2569ef8136042bc9a20e30814e578f4	8	0.9880	1.9900,-3.7900 1.9900,0.4400 1.1600,0.4400 1.1600,0.9600 -0.5000,0.9600 -0.5000,0.4600 -1.3300,0.4600 -1.3300,-3.7900	-1.3300,-3.8100 2.0000,-3.8200 2.0000,0.4200 1.1700,0.4200 1.1700,0.9400 -0.4900,0.9400 -0.4900,0.4200 -1.3200,0.4200
49	5ZKStnWn8Zo_ce7589e64ee6481dab982bb3dc59e08e	10	0.9630	0.3900,-2.8700 0.3900,-2.2500 2.6800,-2.2500 2.6800,1.3000 1.9700,1.3000 1.9700,1.8200 0.2800,1.8200 0.2800,1.2900 -0.4800,1.2900 -0.4800,-2.8700	-0.4500,-2.9200 0.5500,-2.9100 0.5400,-2.2800 2.7000,-2.2600 2.6600,1.2800 1.9400,1.2700 1.9400,1.8000 0.2500,1.7800 0.2600,1.3200 0.1400,1.3200 0.1400,1.2600 -0.5000,1.2500
50	5ZKStnWn8Zo_e51817dd7c914c66a74365729c79c211	6	0.9970	1.5600,-0.7900 1.5600,0.9200 0.6000,0.9200 0.6000,6.4900 -3.9600,6.4900 -3.9600,-0.7900	-3.9500,-0.7900 1.5800,-0.7900 1.5700,0.8200 0.6100,0.8200 0.6100,6.5000 -3.9500,6.4900
51	5ZKStnWn8Zo_f6f4628612b2444e80b41e015247178e	6	0.9940	-0.0600,-4.5900 8.5400,-4.5900 8.5400,0.5900 -4.7700,0.5900 -4.7700,-1.4300 -0.0600,-1.4300	-0.0600,-4.5800 8.5500,-4.5900 8.5500,0.5200 5.8200,0.5200 5.8200,0.6000 -1.6400,0.6000 -1.6400,0.4300 -2.2300,0.4300 -2.2300,0.6000 -4.7600,0.6000 -4.7600,-1.4300 -0.0600,-1.4300
52	5ZKStnWn8Zo_f7ea2b9238c4406192bc928f5625e79a	8	0.9950	-1.1100,1.2400 -1.1100,-7.3500 3.2000,-7.3500 3.2000,-0.4800 5.3600,-0.4800 5.3600,0.4700 -0.0100,0.4700 -0.0100,1.2400	-1.1100,-7.3500 3.0800,-7.3400 3.0800,-6.3400 3.1900,-6.3400 3.1900,-0.4700 5.3500,-0.4700 5.3500,0.4800 -0.1000,0.4800 -0.1000,1.2400 -1.1200,1.2300
53	5ZKStnWn8Zo_ffa79f02cca84b42bce24be9d0a52e81	8	0.9810	1.1100,-1.0600 1.1100,-0.5700 1.8100,-0.5700 1.8100,3.5500 -1.2600,3.5500 -1.2600,-0.5700 -0.4900,-0.5700 -0.4900,-1.0600	-0.4900,-1.0200 1.1200,-1.0200 1.1200,-0.5400 1.8100,-0.5400 1.8100,3.5900 -1.2600,3.5900 -1.2600,-0.5400 -0.4900,-0.5400
54	5q7pvUzZiYa_7939ba3afc934e268aec59027819ae4b	6	0.9820	2.5700,-1.5000 2.5700,0.6300 0.1800,0.6300 0.1800,4.0500 -5.0700,4.0500 -5.0700,-1.5000	-5.0700,-1.4700 -0.1900,-1.5100 -0.1900,-1.4200 2.5700,-1.4500 2.5800,0.6000 0.1900,0.6200 0.2200,4.0400 -5.0300,4.0800
55	5q7pvUzZiYa_ffbed768a549496c9752a736bff9efd5	6	0.9930	3.6200,-2.3600 3.6200,-0.4600 1.3600,-0.4600 1.3600,3.5900 -3.6800,3.5900 -3.6800,-2.3600	1.3700,3.5900 -3.6700,3.6100 -3.6900,-2.3400 3.6000,-2.3600 3.6100,-0.4600 1.3500,-0.4500
56	759xd9YjKW5_14af8cbc71694b0ab5ca408ceb1c2cdb	10	0.9860	1.8600,-4.0600 1.8600,-2.8900 4.5700,-2.8900 4.5700,0.4700 1.0700,0.4700 1.0700,5.9100 -1.0600,5.9100 -1.0600,3.8800 -2.5000,3.8800 -2.5000,-4.0600	-1.0900,5.9000 -1.0800,3.8800 -2.5100,3.8800 -2.4900,-4.0700 1.4400,-4.0600 1.4400,-4.0200 1.8600,-4.0200 1.8600,-3.0400 1.4300,-3.0400 1.4300,-2.8900 3.0700,-2.8900 3.0700,-2.7200 3.7300,-2.7200 3.7300,-2.7700 4.5800,-2.7700 4.5700,0.4700 1.0800,0.4600 1.0600,5.9100
57	759xd9YjKW5_481282c812c24f8292054a9c8b23adb9	8	1.0000	1.3700,-2.2200 1.3700,1.9300 0.1900,1.9300 0.1900,3.4200 -1.9300,3.4200 -1.9300,1.9500 -2.6800,1.9500 -2.6800,-2.2200	-1.9400,3.4100 -1.9300,1.9300 -2.6800,1.9300 -2.6700,-2.2300 1.3800,-2.2200 1.3700,1.9400 0.1900,1.9400 0.1800,3.4200
58	759xd9YjKW5_7f0b1a5b010945c1b27da9828360d402	10	0.9930	0.2900,-5.0600 0.2900,-0.4800 0.7200,-0.4800 0.7200,0.6600 -0.6100,0.6600 -0.6100,1.7800 -2.1600,1.7800 -2.1600,0.6300 -3.1100,0.6300 -3.1100,-5.0600	-3.1200,-5.0600 0.2000,-5.0600 0.2000,-3.6500 0.2900,-3.6500 0.2900,-0.4900 0.7100,-0.4900 0.7100,0.6500 -0.5900,0.6500 -0.5900,1.7800 -2.1700,1.7800 -2.1700,0.6500 -3.1100,0.6500
59	759xd9YjKW5_fffe7407b0324ceca095d418d02e2ea3	6	1.0000	2.3900,-5.0400 2.3900,4.0700 0.0300,4.0700 0.0300,2.1300 -1.1600,2.1300 -1.1600,-5.0400	-1.1600,2.1400 -1.1800,-5.0300 2.3800,-5.0300 2.3900,4.0800 0.0200,4.0800 0.0100,2.1400
60	7y3sRwLe3Va_112edb40f34e470da3a5b04599e71211	6	0.9880	2.1300,-3.6100 2.1300,-0.9800 0.7500,-0.9800 0.7500,3.0900 -5.7300,3.0900 -5.7300,-3.6100	-5.7400,-3.5800 2.1100,-3.6300 2.1300,-1.0000 0.7500,-0.9900 0.7700,1.4000 0.6000,1.4000 0.6000,2.0800 0.7700,2.0800 0.7800,2.5800 0.6000,2.5800 0.6100,3.0700 -5.7000,3.1200
61	7y3sRwLe3Va_155fac2d50764bf09feb6c8f33e8fb76	8	0.9940	3.3900,-2.2300 3.3900,-0.0000 1.6500,-0.0000 1.6500,2.3600 -2.0300,2.3600 -2.0300,0.5100 -0.9400,0.5100 -0.9400,-2.2300	-0.9600,-2.2300 3.3800,-2.2300 3.3900,-0.0000 1.6500,-0.0000 1.6500,2.3500 -1.1700,2.3600 -1.1700,2.2400 -2.0400,2.2400 -2.0400,0.5100 -0.9500,0.5100
62	7y3sRwLe3Va_1679b5de39e548d38ba240f2fd99cae9	8	0.9440	-0.0900,-1.5900 -0.0900,-0.6200 2.1500,-0.6200 2.1500,0.7300 -0.0700,0.7300 -0.0700,10.5100 -1.4600,10.5100 -1.4600,-1.5900	-1.4400,-1.5600 -0.0500,-1.5400 -0.0600,-0.5900 2.1600,-0.5700 2.1400,0.7900 -0.0700,0.7700 -0.1500,10.5500 -1.5500,10.5300
63	7y3sRwLe3Va_1e7c16e6cb054c9fbbeb15160bc11f73	6	0.9850	0.7700,-1.5800 0.7700,-0.8900 4.6000,-0.8900 4.6000,4.9100 -1.6800,4.9100 -1.6800,-1.5800	-1.6700,-1.6200 0.6800,-1.6000 0.6800,-0.9200 4.6100,-0.8900 4.5800,4.9000 -1.7000,4.8700
64	7y3sRwLe3Va_4291cbfde1024467b1548934653f07ce	10	0.9460	4.1300,-3.8400 4.1300,0.0000 0.3900,0.0000 0.3900,3.3600 -0.4700,3.3600 -0.4700,0.1400 -3.2800,0.1400 -3.2800,-1.2800 -0.6300,-1.2800 -0.6300,-3.8400	-0.6100,-3.8300 2.7900,-3.8800 2.7900,-3.8000 4.1000,-3.8200 4.1600,-0.0200 0.7800,0.0400 0.7800,-0.1300 0.4700,-0.1200 0.4800,0.0400 0.3900,0.0500 0.4400,3.3400 -0.3300,3.3600 -0.3400,2.6300 -0.5100,2.6400 -0.5200,2.1300 -0.3200,2.1200 -0.3400,0.8600 -0.5400,0.8600 -0.5500,0.0600 -3.2700,0.1100 -3.2900,-1.1000 -0.5700,-1.1400
65	7y3sRwLe3Va_5c39473b25b74307858764d1a2045b9e	6	0.9750	9.5600,-1.1900 9.5600,0.6600 -0.0700,0.6600 -0.0700,2.6900 -2.1500,2.6900 -2.1500,-1.1900	-2.1500,-1.0100 -0.9600,-1.0200 -0.9600,-1.1900 -0.3500,-1.1900 -0.3400,-1.0100 0.5100,-1.0200 0.5100,-1.2000 9.5500,-1.2300 9.5600,0.6200 -0.0700,0.6600 -0.0600,2.6800 -2.1400,2.6900
66	7y3sRwLe3Va_6376b741b50a4418b3dc3fde791c3c09	6	0.9900	0.7000,-5.7800 0.7000,-4.0200 3.5900,-4.0200 3.5900,0.6800 -0.5900,0.6800 -0.5900,-5.7800	-0.5900,0.6800 -0.5700,-5.1700 -0.4400,-5.1700 -0.4400,-5.7800 0.7300,-5.7800 0.7200,-4.0200 3.6100,-4.0000 3.5800,0.7000
67	7y3sRwLe3Va_9b72664399a34e4f9dbe470571c73187	6	0.9390	0.7400,-4.0600 0.7400,2.7800 -0.5200,2.7800 -0.5200,0.1700 -3.7600,0.1700 -3.7600,-4.0600	-3.5700,-4.0900 -2.4400,-4.0500 -2.4300,-4.1800 0.7900,-4.0500 0.7000,-1.8500 0.8400,-1.8500 0.6500,2.8000 -0.6200,2.7400 -0.5100,0.1300 -3.7400,-0.0000
68	7y3sRwLe3Va_9e4c92fd7eb74504baecf55a3264716e	6	0.9850	1.4700,-3.5200 1.4700,0.6800 -5.6600,0.6800 -5.6600,-0.6600 -3.3000,-0.6600 -3.3000,-3.5200	-3.3000,-3.5100 1.4700,-3.5200 1.4800,0.6800 -3.2800,0.6900 -3.2800,0.6100 -5.6600,0.6100 -5.6600,-0.6500 -3.3000,-0.6500
69	7y3sRwLe3Va_ad77d6eeca5b492b8fe3317177f4f03f	8	0.9880	-0.8000,-1.4100 -0.8000,-0.9100 0.8700,-0.9100 0.8700,-1.4100 2.4900,-1.4100 2.4900,4.6300 -2.4000,4.6300 -2.4000,-1.4100	-2.4100,4.6500 -2.3900,-1.3800 -0.8100,-1.3800 -0.8100,-0.8800 0.8700,-0.8800 0.8700,-1.3800 2.4900,-1.3800 2.4800,4.6600
70	7y3sRwLe3Va_af5f1942b4374015823bd32e31b31c64	6	0.9810	4.3600,-1.0000 4.3600,3.0900 0.7400,3.0900 0.7400,0.6800 -5.0800,0.6800 -5.0800,-1.0000	-5.0800,-1.0200 4.3600,-0.9900 4.3400,3.1000 0.7300,3.0900 0.7300,0.6800 -5.0900,0.6600
71	7y3sRwLe3Va_b564162b2c7d4033bfe6ef3dfb959c9e	6	0.9790	3.2900,-4.4300 3.2900,0.6500 -6.4700,0.6500 -6.4700,-0.8100 -2.2500,-0.8100 -2.2500,-4.4300	-2.2500,-4.4500 3.3000,-4.4400 3.2900,0.6500 -6.3700,0.6300 -6.3600,-0.8400 -2.2500,-0.8300
72	7y3sRwLe3Va_dd83fb40a2e14ac99de9fe9bcfaf44df	6	0.9730	4.7100,-1.5000 4.7100,-0.0900 0.8400,-0.0900 0.8400,4.7900 -0.5600,4.7900 -0.5600,-1.5000	-0.5900,4.7800 -0.5600,-1.5100 4.7100,-1.4800 4.7100,-0.0800 0.8400,-0.1000 0.8100,4.7900
73	8WUmhLawc2A_52be196a34fd415fa984b16aa270481c	6	0.9870	0.7400,-0.7400 0.7400,3.1200 -3.8400,3.1200 -3.8400,-0.2500 -2.0800,-0.2500 -2.0800,-0.7400	-3.8600,-0.2200 -2.0900,-0.2300 -2.0900,-0.7200 0.7200,-0.7400 0.7500,3.1100 -3.8300,3.1400
74	8WUmhLawc2A_74a12d0675b54d6193ba63104a6a8e2e	12	0.6540	0.0600,-2.4200 0.0600,-0.5900 6.9900,-0.5900 6.9900,0.6800 0.7200,0.6800 0.7200,1.3300 -0.5400,1.3300 -0.5400,-0.1700 -3.5800,-0.1700 -3.5800,-1.7600 -1.1000,-1.7600 -1.1000,-2.4200	-3.5700,-1.7800 -1.0800,-1.7300 -1.0700,-2.3800 0.0900,-2.3600 0.0700,-1.7100 7.0500,-1.5700 7.0200,0.0300 6.9800,0.0300 6.9600,0.8800 0.8700,0.7600 0.8900,-0.0900 0.6900,-0.0900 0.6600,1.4000 -0.6000,1.3800 -0.5700,-0.1200 -3.6000,-0.1800
75	8WUmhLawc2A_77b63a9f928e4dda898ab31c0569ec99	10	0.9820	-2.7400,-0.6000 1.0900,-0.6000 1.0900,0.0300 2.8900,0.0300 2.8900,0.6000 8.2000,0.6000 8.2000,4.2800 -0.6700,4.2800 -0.6700,0.6200 -2.7400,0.6200	-2.7500,-0.5900 1.0800,-0.6000 1.0900,0.0400 2.8900,0.0300 2.8900,0.7200 8.2000,0.7100 8.2000,4.2600 4.7100,4.2700 4.7100,4.1100 4.2800,4.1100 4.2800,4.2700 -0.6600,4.2800 -0.6700,0.6200 -2.7500,0.6200
76	8WUmhLawc2A_aaab09df2ec34ea584e93e42ad0cf8e4	6	0.9940	0.6700,-2.2500 0.6700,2.4200 -0.6600,2.4200 -0.6600,1.7700 -2.6500,1.7700 -2.6500,-2.2500	-2.6300,1.7900 -2.6500,-2.2300 0.6600,-2.2400 0.6800,2.4200 -0.6500,2.4300 -0.6500,1.7800
77	8WUmhLawc2A_c2af9032cf534313842c59dc39bba4da	6	0.9950	3.4900,-2.4800 3.4900,0.7200 -0.8600,0.7200 -0.8600,-0.7700 -0.2400,-0.7700 -0.2400,-2.4800	-0.2600,-2.4700 3.4800,-2.4700 3.4800,0.7300 -0.8800,0.7300 -0.8800,-0.7600 -0.2600,-0.7600
78	8WUmhLawc2A_ecf4e1fb7421476e9988c8823a311171	10	0.9750	0.5000,-1.8600 0.5000,1.9400 1.4900,1.9400 1.4900,3.1500 -1.2200,3.1500 -1.2200,2.6100 -3.2600,2.6100 -3.2600,2.0900 -8.4400,2.0900 -8.4400,-1.8600	-8.4300,-1.7300 -8.0000,-1.7200 -7.9900,-1.8900 -0.4500,-1.8200 -0.4500,-1.6500 -0.1000,-1.6400 -0.1000,-1.6500 0.5000,-1.6400 0.4700,1.9900 1.4600,2.0000 1.4500,3.2100 0.2400,3.1900 0.2500,2.9900 -0.1700,2.9900 -0.1700,3.1900 -1.2600,3.1800 -1.2500,2.1200 -1.4000,2.1200 -1.4100,2.6400 -3.2900,2.6200 -3.2900,2.1000 -8.4700,2.0600
79	ARNzJeq3xxb_20db218ae92c46e6899cd3c0bb1c8d65	8	0.9940	1.4600,-1.2600 1.4600,5.3800 -1.1000,5.3800 -1.1000,7.9100 -4.5300,7.9100 -4.5300,-0.4000 -0.7200,-0.4000 -0.7200,-1.2600	-0.7300,-1.2800 1.4500,-1.2900 1.4700,5.3500 -1.0900,5.3500 -1.0800,7.8900 -4.5100,7.9000 -4.5400,-0.4200 -0.7300,-0.4300
80	ARNzJeq3xxb_2e304220c00c4d41b9f687ed1f11c3ef	8	0.9970	0.6400,-4.3900 0.6400,-0.6800 1.3100,-0.6800 1.3100,1.4300 -4.0800,1.4300 -4.0800,-0.7000 -7.8400,-0.7000 -7.8400,-4.3900	-7.8400,-4.3900 0.6400,-4.4100 0.6500,-0.6900 1.3200,-0.6900 1.3300,1.4100 -4.0600,1.4200 -4.0700,-0.7000 -6.6600,-0.6900 -6.6600,-0.9000 -7.0800,-0.8900 -7.0800,-0.6900 -7.8300,-0.6900
81	ARNzJeq3xxb_4c75f4c69d39491b82569ac69e86b3da	6	0.9980	3.6600,-1.2800 3.6600,4.8500 -1.0200,4.8500 -1.0200,2.6400 -4.9800,2.6400 -4.9800,-1.2800	-4.9700,-1.2700 3.6700,-1.2800 3.6800,4.8500 -1.0100,4.8500 -1.0100,2.6500 -4.5300,2.6500 -4.5300,2.4600 -4.9700,2.4600
82	ARNzJeq3xxb_84ddee2c46b4416fa47c5e55599911e3	8	0.9920	1.4700,-0.8400 1.4700,0.7400 0.0600,0.7400 0.0600,2.7500 -3.8500,2.7500 -3.8500,0.1900 -8.7500,0.1900 -8.7500,-0.8400	-8.7600,-0.8200 1.4700,-0.8500 1.4700,0.7300 0.0600,0.7300 0.0600,2.7500 -3.8500,2.7600 -3.8600,0.2000 -8.7600,0.2100
83	ARNzJeq3xxb_8ed2cc9e75f84c42b59b5687e234e98c	6	0.9780	3.6600,-0.7100 3.6600,2.9900 -0.3100,2.9900 -0.3100,0.3600 -5.3500,0.3600 -5.3500,-0.7100	-5.3500,-0.6800 -4.2000,-0.6900 -4.2000,-0.5200 -3.6900,-0.5200 -3.6900,-0.5200 -3.2400,-0.5200 -3.2400,-0.5200 -2.7500,-0.5200 -2.7500,-0.6900 3.6600,-0.7100 3.6700,2.9800 -0.3000,2.9900 -0.3100,0.3600 -5.3400,0.3800
84	ARNzJeq3xxb_908ace599b044f259ce175291d9fa29c	6	0.9900	5.8300,-0.5500 5.8300,6.2400 1.0500,6.2400 1.0500,3.2200 -2.9300,3.2200 -2.9300,-0.5500	-2.9300,-0.5700 5.8300,-0.5300 5.8000,6.2600 1.0300,6.2400 1.0300,6.0200 1.1900,6.0200 1.2000,5.6300 1.0300,5.6300 1.0400,3.2200 -2.9500,3.2000
85	ARNzJeq3xxb_9a671e6915de4eb897f45fee8bf2031d	8	0.9870	1.2000,-0.6800 1.2000,3.6600 0.5300,3.6600 0.5300,6.1800 -0.4300,6.1800 -0.4300,3.8600 -2.3000,3.8600 -2.3000,-0.6800	-2.3000,-0.6900 1.1900,-0.6800 1.1900,3.6700 0.6400,3.6700 0.6400,3.7800 0.5200,3.7800 0.5200,6.1800 -0.4600,6.1800 -0.4600,3.8700 -2.3100,3.8600
86	ARNzJeq3xxb_d4e359d5addc4f4d94e253fa0b7253d1	6	0.9770	3.6300,-0.7500 3.6300,3.1000 -0.3700,3.1000 -0.3700,0.3700 -7.6100,0.3700 -7.6100,-0.7500	-7.6100,-0.7200 3.6300,-0.7500 3.6400,3.1000 -0.3700,3.1100 -0.3700,0.3900 -7.6000,0.4100
87	ARNzJeq3xxb_e98ec3731cd94927a32fa5ef8f309a23	6	0.9820	7.0800,-0.6100 7.0800,5.9800 1.4200,5.9800 1.4200,3.1500 -2.5700,3.1500 -2.5700,-0.6100	-2.6000,-0.5400 7.0500,-0.6500 7.1200,5.4700 6.9600,5.4700 6.9700,5.9400 5.7500,5.9500 5.7500,5.7900 4.8600,5.7900 4.8600,5.9600 1.4700,6.0000 1.4400,3.1700 -2.5600,3.2200
88	ARNzJeq3xxb_ffbe14a1bab6497abb439dfcc3cfd11e	6	0.9960	3.9200,-3.2000 3.9200,3.0600 -0.9100,3.0600 -0.9100,0.7900 -5.3400,0.7900 -5.3400,-3.2000	-5.3300,-3.2000 3.9200,-3.1900 3.9100,3.0700 -0.9200,3.0600 -0.9200,0.7900 -5.3400,0.7800
89	B6ByNegPMKs_0f8e559bf8d4427ba275e63aba46e3e5	6	1.0000	1.8800,-3.6000 1.8800,0.1600 3.5500,0.1600 3.5500,1.3400 -3.1300,1.3400 -3.1300,-3.6000	-3.1300,-3.6000 1.8700,-3.6000 1.8700,0.1500 3.5500,0.1500 3.5500,1.3300 -3.1300,1.3400
90	B6ByNegPMKs_c946db5792df4f90bea20f06a0030c37	6	0.9940	3.1800,-0.7300 3.1800,3.9900 1.6700,3.9900 1.6700,0.7500 -8.3900,0.7500 -8.3900,-0.7300	-8.3900,-0.7400 3.1800,-0.7200 3.1700,4.0000 1.6700,4.0000 1.6800,0.7600 -8.3900,0.7400
91	B6ByNegPMKs_d19d2ae4bddf4445a3c623edc0346937	8	0.9730	0.0400,-7.1100 0.0400,-1.2400 8.9900,-1.2400 8.9900,0.7400 -8.3500,0.7400 -8.3500,-1.3000 -1.6900,-1.3000 -1.6900,-7.1100	-1.6400,-7.1200 0.0800,-7.1100 0.0400,-1.2600 6.9300,-1.2100 6.9300,-1.0400 7.4900,-1.0400 7.4900,-1.1300 9.0000,-1.1200 8.9900,0.8000 -8.3600,0.6800 -8.3400,-1.3200 -1.6800,-1.2700
92	B6ByNegPMKs_d2dcbd73533446dcaf50e6be98c30386	10	0.9010	1.4200,-14.5000 1.4200,14.3300 0.0100,14.3300 0.0100,0.7900 -3.7000,0.7900 -3.7000,-1.7000 -0.4100,-1.7000 -0.4100,-0.6200 0.0200,-0.6200 0.0200,-14.5000	0.0900,-14.5000 1.5000,-14.4900 1.3500,11.5200 1.6800,11.5200 1.6700,14.3000 1.3300,14.3000 1.3300,14.3400 -0.0800,14.3300 -0.0800,14.2900 -0.4200,14.2900 -0.4100,12.0500 -0.0700,12.0500 -0.0700,12.0100 -0.3600,12.0100 -0.3300,6.8200 -0.0300,6.8200 0.0000,0.8000 -3.7100,0.7700 -3.7000,-1.7200 -0.4100,-1.7000 -0.4200,-0.6200 0.0100,-0.6100
93	EDJbREhghzL_0e51c17b16974fe3ac943e17686c4842	8	0.9810	6.0400,-1.6000 6.0400,3.0100 0.3400,3.0100 0.3400,0.4400 -1.4400,0.4400 -1.4400,-0.6000 0.4700,-0.6000 0.4700,-1.6000	6.0500,-1.5900 6.0400,2.9500 4.8000,2.9500 4.8000,3.0200 0.3900,3.0200 0.3900,0.4700 -1.4500,0.4700 -1.4400,-0.5900 -1.4000,-0.5900 -1.4000,-0.4300 -0.3500,-0.4300 -0.3500,-0.4300 0.0600,-0.4300 0.0600,-0.5900 0.3900,-0.5900 0.3900,-1.5900
94	EDJbREhghzL_b20fb75f6c3a4ea08a6f6f8ac7780b8d	6	0.9900	6.7200,-0.4000 6.7200,5.3000 4.7800,5.3000 4.7800,6.5600 -2.2500,6.5600 -2.2500,-0.4000	-2.2700,-0.3800 -1.5100,-0.3800 -1.5100,-0.2200 -1.0200,-0.2200 -1.0200,-0.3900 6.7000,-0.4300 6.7300,5.2800 4.7900,5.3000 4.8000,6.5400 -1.4200,6.5800 -1.4200,6.4700 -2.2300,6.4700
95	EDJbREhghzL_fe9c9d20c3ac4666a01dd87ea2fad630	6	0.9770	1.3700,-2.6800 1.3700,-0.7100 1.8600,-0.7100 1.8600,1.5100 -1.7600,1.5100 -1.7600,-2.6800	-1.7500,-2.6600 1.3800,-2.7000 1.4000,-0.7300 1.8800,-0.7400 1.9000,1.4900 -1.7100,1.5300
96	JF19kD82Mey_0672a86275c14b148e8618ecde714e06	6	1.0000	2.8900,-0.5900 2.8900,0.4600 0.7300,0.4600 0.7300,5.8700 -3.3800,5.8700 -3.3800,-0.5900	-3.3900,-0.5900 2.8800,-0.5900 2.8800,0.4600 0.7300,0.4600 0.7200,5.8700 -3.3900,5.8700
97	JmbYfDe2QKZ_ce06069f651f49d19d05fde4a7e231b5	6	0.9870	4.4800,-1.9200 4.4800,6.3300 -0.3900,6.3300 -0.3900,2.6700 -2.0400,2.6700 -2.0400,-1.9200	-0.3600,6.3500 -0.3800,2.7000 -2.0300,2.7000 -2.0500,-1.8900 4.4700,-1.9300 4.4700,-1.5400 4.3000,-1.5400 4.3100,-1.1200 4.4700,-1.1200 4.5100,6.3300
98	JmbYfDe2QKZ_e3eeb7b8deed4a2fa0000daec3538b75	6	0.9950	3.5300,-3.7100 3.5300,1.7900 -0.9000,1.7900 -0.9000,0.4900 -1.6400,0.4900 -1.6400,-3.7100	-0.8900,1.8000 -0.9000,0.5000 -1.6300,0.5000 -1.6400,-3.7000 3.5300,-3.7200 3.5500,1.7800
99	JmbYfDe2QKZ_f5cf1375de4d46b38328dda8ebcd6ce0	6	1.0000	-0.1100,-3.8000 -0.1100,-0.5700 2.1100,-0.5700 2.1100,0.5700 -3.2200,0.5700 -3.2200,-3.8000	-3.2100,0.5800 -3.2300,-3.7800 -0.1200,-3.7900 -0.1100,-0.5700 2.1100,-0.5700 2.1100,0.5700
100	PX4nDJXEHrG_0bee565558544262b0368f2a92702677	8	0.9970	0.8700,-0.5200 0.8700,0.2800 4.0200,0.2800 4.0200,5.1300 -1.8000,5.1300 -1.8000,-0.9200 -0.0200,-0.9200 -0.0200,-0.5200	-1.7900,-0.9200 -0.0200,-0.9200 -0.0200,-0.5300 0.8800,-0.5300 0.8800,0.2800 4.0300,0.2800 4.0200,5.1400 -1.8000,5.1300
101	PX4nDJXEHrG_104c429382034f88a37f95c5888e3557	8	0.9940	2.6800,-0.9300 2.6800,-0.3400 3.4700,-0.3400 3.4700,-2.1200 7.7400,-2.1200 7.7400,3.4700 -1.8800,3.4700 -1.8800,-0.9300	3.4700,-2.1200 7.7400,-2.1100 7.7400,3.4700 -1.8800,3.4700 -1.8800,-0.8400 -0.3300,-0.8400 -0.3300,-0.8100 0.4500,-0.8100 0.4500,-0.7500 0.8500,-0.7500 0.8500,-0.9200 2.6900,-0.9200 2.6900,-0.3400 3.4300,-0.3400 3.4300,-0.9200 3.4700,-0.9200
102	PX4nDJXEHrG_13c30ac9dae6410fa1da3247fba2af76	8	0.9700	4.6100,-4.1500 4.6100,0.7800 3.8800,0.7800 3.8800,5.3700 0.1900,5.3700 0.1900,0.5700 -2.0300,0.5700 -2.0300,-4.1500	-1.9900,-4.2100 4.6400,-4.1100 4.5700,0.7000 3.8500,0.6900 3.7800,5.3900 0.3300,5.3400 0.3400,4.9900 0.3300,4.9900 0.3400,4.4800 0.1000,4.4700 0.1100,4.0600 0.2800,4.0700 0.2900,3.3700 0.2700,3.3700 0.2800,2.4800 0.3300,2.4800 0.3400,1.8500 0.1400,1.8400 0.1600,0.6300 -0.0200,0.6300 -0.0200,0.5300 -2.0600,0.5000
103	PX4nDJXEHrG_16aea59da05d408683abb0ecbea14077	8	0.9850	0.8400,-4.4900 0.8400,-1.9500 7.4200,-1.9500 7.4200,0.2900 0.9800,0.2900 0.9800,7.0300 -1.0500,7.0300 -1.0500,-4.4900	-1.0600,-4.4900 0.9500,-4.4900 0.9500,-1.9500 7.4100,-1.9600 7.4200,0.2800 0.9600,0.2900 0.9700,7.0300 -1.0500,7.0300
104	PX4nDJXEHrG_1d262441697444b0908ea10b5ce60a59	6	0.9960	5.3500,-2.0700 5.3500,2.2500 2.4600,2.2500 2.4600,3.9100 -0.4700,3.9100 -0.4700,-2.0700	-0.4800,-2.0700 5.3400,-2.0800 5.3500,2.2400 2.4700,2.2500 2.4700,3.9100 -0.4700,3.9100
105	PX4nDJXEHrG_201e139a7dba42d494a8290754252134	6	0.9940	2.9100,-1.5200 2.9100,1.4100 4.1900,1.4100 4.1900,4.3400 -1.2600,4.3400 -1.2600,-1.5200	-1.2600,4.3400 -1.2500,-1.5200 2.9200,-1.5100 2.9100,1.4200 4.1900,1.4300 4.1900,4.1900 3.7500,4.1900 3.7500,4.3500
106	PX4nDJXEHrG_20c06e17f2134fbab5d3e60b1d974645	6	0.9830	4.1700,-4.9600 4.1700,-1.9400 5.3600,-1.9400 5.3600,0.8700 -0.8500,0.8700 -0.8500,-4.9600	-0.8600,-4.9300 4.1600,-5.0000 4.2000,-1.9000 5.3900,-1.9100 5.4200,0.8200 -0.7900,0.9000
107	PX4nDJXEHrG_2449c88db38b45a78a4227382dfbd3e4	6	0.9850	3.5700,-0.7000 3.5700,2.5700 2.0700,2.5700 2.0700,4.2100 -0.8200,4.2100 -0.8200,-0.7000	-0.8500,4.2000 -0.8000,-0.7100 3.5800,-0.6700 3.5500,2.5900 2.0600,2.5800 2.0400,4.2200
108	PX4nDJXEHrG_24dbd843e0fe400baa0228c00158bb29	10	0.9980	2.1700,-5.4300 2.1700,-2.3000 6.8400,-2.3000 6.8400,1.3300 0.5700,1.3300 0.5700,3.5000 -0.9000,3.5000 -0.9000,-2.3100 0.5100,-2.3100 0.5100,-5.4300	0.5000,-5.4200 2.1600,-5.4300 2.1700,-2.3000 6.8400,-2.3000 6.8400,1.3200 0.5700,1.3300 0.5700,3.5000 -0.8900,3.5000 -0.9000,-2.3000 0.5000,-2.3000
109	PX4nDJXEHrG_280d28cd4c80476384046234022051f9	8	0.9930	5.0700,-0.7300 5.0700,1.0000 7.1900,1.0000 7.1900,2.5300 5.2500,2.5300 5.2500,5.5900 -1.0500,5.5900 -1.0500,-0.7300	-1.0600,-0.3300 -0.8800,-0.3300 -0.8800,-0.7300 5.0800,-0.7300 5.0800,0.8900 5.1700,0.8900 5.1700,0.9800 7.1900,0.9800 7.1900,2.5400 5.1700,2.5500 5.1800,5.5900 -1.0500,5.5900
110	PX4nDJXEHrG_2ba3d353cffb46eda191ea81569608f7	6	0.9870	-0.1900,-4.0000 -0.1900,-1.1100 0.8500,-1.1100 0.8500,1.8300 -5.2000,1.8300 -5.2000,-4.0000	-5.1900,1.8400 -5.2200,-3.5100 -5.0500,-3.5100 -5.0600,-3.9900 -0.2200,-4.0200 -0.2000,-1.1300 0.8400,-1.1300 0.8600,1.8000
111	PX4nDJXEHrG_31e2ead1db884aa0974a21674f83b488	6	0.9950	1.9700,-0.5000 1.9700,4.3000 4.5800,4.3000 4.5800,5.2300 -1.6000,5.2300 -1.6000,-0.5000	-1.6000,-0.5000 1.7900,-0.5000 1.7900,0.1900 1.9700,0.1900 1.9700,4.3000 4.5900,4.3000 4.5900,5.2400 -1.6000,5.2400
112	PX4nDJXEHrG_3389b852c9c84bbeb9855d46d3637a1d	6	0.9850	2.8500,-2.1900 2.8500,3.8700 -3.0900,3.8700 -3.0900,-1.1700 -0.1700,-1.1700 -0.1700,-2.1900	-3.1100,3.8400 -3.0900,-1.2000 -0.1700,-1.1900 -0.1700,-2.2000 2.8600,-2.1800 2.8300,3.8700
113	PX4nDJXEHrG_35538596d1564408a4d3ec39541feead	6	0.9730	4.3100,-0.7900 4.3100,2.2200 5.2200,2.2200 5.2200,4.9800 -0.7800,4.9800 -0.7800,-0.7900	-0.7100,5.0000 -0.7800,-0.7700 4.3100,-0.8400 4.3500,2.1700 5.2500,2.1600 5.2800,3.9900 5.1100,3.9900 5.1200,4.4500 5.2800,4.4500 5.2900,4.9200
114	PX4nDJXEHrG_3bb211c9aabb496c8c5474f242e71a4f	6	0.9860	3.5800,-1.6000 3.5800,1.5700 3.1100,1.5700 3.1100,2.9100 -0.7000,2.9100 -0.7000,-1.6000	-0.6900,-1.6200 3.5900,-1.5600 3.5500,1.6100 3.0800,1.6000 3.0600,2.9300 -0.7500,2.8800
115	PX4nDJXEHrG_40094a9ad3934b5cb69633e07e0bd6ab	6	0.9900	3.8600,-0.9100 3.8600,2.1000 5.2700,2.1000 5.2700,5.2800 -0.4800,5.2800 -0.4800,-0.9100	-0.4700,-0.9100 3.8700,-0.9100 3.8600,2.1600 5.2800,2.1600 5.2700,5.1200 4.8500,5.1200 4.8500,5.2900 -0.4800,5.2800
116	PX4nDJXEHrG_4f0a87d560244c2f926f2110e9dfc1e4	6	0.9920	2.5800,-1.5200 2.5800,1.3500 3.8300,1.3500 3.8300,4.5000 -2.4700,4.5000 -2.4700,-1.5200	-2.4800,-1.5100 2.5700,-1.5100 2.5700,1.3500 3.8300,1.3500 3.8300,2.9500 3.7400,2.9500 3.7400,4.5000 -2.4800,4.5000
117	PX4nDJXEHrG_53652351502d4b5dba01ad8f23be3443	6	0.9890	1.0700,-2.3100 1.0700,-0.7700 2.8100,-0.7700 2.8100,2.3700 -2.3400,2.3700 -2.3400,-2.3100	-2.3200,-2.3300 -1.8900,-2.3300 -1.8900,-2.1600 -1.4900,-2.1600 -1.4900,-2.3200 1.0900,-2.3100 1.0800,-0.7700 2.8200,-0.7600 2.8000,2.3900 -2.3500,2.3500
118	PX4nDJXEHrG_5ae31c91d7294d3087d9e257b3108083	6	0.9930	2.1000,-0.7700 2.1000,2.2300 0.3500,2.2300 0.3500,3.5100 -2.5900,3.5100 -2.5900,-0.7700	-2.5800,-0.7800 2.1100,-0.7600 2.0900,2.2500 0.3600,2.2400 0.3500,3.5100 -2.6000,3.5000
119	PX4nDJXEHrG_5e83ef2965d445d18d539afdda8b88e5	6	0.9900	1.2700,-2.7900 1.2700,0.2100 2.8700,0.2100 2.8700,3.0500 -2.9700,3.0500 -2.9700,-2.7900	-2.9500,3.0700 -3.0000,-2.7700 1.2500,-2.8100 1.2700,0.1900 2.8700,0.1700 2.8900,3.0200
120	PX4nDJXEHrG_5ebe5e4ed7384814bde7bdf5aad27e8f	6	1.0000	3.6000,-2.5600 3.6000,0.9700 1.9500,0.9700 1.9500,2.6200 -1.1500,2.6200 -1.1500,-2.5600	-1.1400,2.6200 -1.1500,-2.5700 3.6000,-2.5800 3.6100,0.9600 1.9600,0.9700 1.9600,2.6100
121	PX4nDJXEHrG_6846c7228e654e1c91373852dfcc2c6c	6	0.9860	1.2000,-2.5700 1.2000,-0.4400 2.9200,-0.4400 2.9200,1.6000 -5.7600,1.6000 -5.7600,-2.5700	-5.7600,-2.5700 1.1900,-2.5800 1.2000,-0.4600 2.2100,-0.4600 2.2100,-0.2900 2.9200,-0.2900 2.9200,1.5800 -5.7600,1.6000
122	PX4nDJXEHrG_6bd6fde111574af289492ba17859be83	6	0.9960	7.9400,-1.4400 7.9400,2.9200 0.8100,2.9200 0.8100,0.6500 -0.9700,0.6500 -0.9700,-1.4400	-0.9700,-1.4500 7.9400,-1.4400 7.9300,2.8500 6.0900,2.8500 6.0900,2.9300 0.8000,2.9200 0.8000,0.6500 -0.9800,0.6400
123	PX4nDJXEHrG_6e8e41636dc84e94af80d009663e7c75	6	1.0000	2.7800,-2.0300 2.7800,-0.8400 4.3900,-0.8400 4.3900,2.3800 -0.8100,2.3800 -0.8100,-2.0300	-0.8100,-2.0300 2.7800,-2.0300 2.7800,-0.8400 4.3900,-0.8400 4.4000,2.3700 -0.8100,2.3800
124	PX4nDJXEHrG_721eb57eb6c14bdd80a31060a0365ef8	6	0.9830	3.5200,-5.0400 3.5200,-2.0100 4.9500,-2.0100 4.9500,0.9200 -0.6700,0.9200 -0.6700,-5.0400	-0.7000,-4.6800 -0.2200,-4.6800 -0.2200,-4.8500 0.2400,-4.8500 0.2400,-5.0200 3.4900,-5.0500 3.5100,-2.0200 4.9500,-2.0300 4.9700,0.9000 -0.6500,0.9400
125	PX4nDJXEHrG_90ffb16e607e495b9c230de85201dac7	6	0.9930	4.0500,-5.3800 4.0500,0.7600 -5.6800,0.7600 -5.6800,-3.8500 -0.6900,-3.8500 -0.6900,-5.3800	-5.6800,-3.8300 -0.6900,-3.8400 -0.6900,-5.3700 2.7500,-5.3800 2.7500,-5.2600 3.5100,-5.2600 3.5000,-5.3800 3.6300,-5.3800 3.6300,-5.2000 4.0500,-5.2000 4.0600,0.7600 -5.6700,0.7700
126	PX4nDJXEHrG_a2131c9b8e674c3db73821fb924f1644	6	0.9900	3.8600,-2.7100 3.8600,1.3400 -3.4000,1.3400 -3.4000,-0.7900 -4.8700,-0.7900 -4.8700,-2.7100	-4.8700,-2.7000 3.8600,-2.7500 3.8800,1.3000 -3.3800,1.3500 -3.3900,-0.7900 -4.8600,-0.7800
127	PX4nDJXEHrG_ba3d3163aa4a4211a0bda0b7adf07b60	6	0.9810	0.2400,-4.9600 0.2400,-0.5100 2.4200,-0.5100 2.4200,0.6100 -3.1200,0.6100 -3.1200,-4.9600	-3.1100,0.6100 -3.1100,0.2100 -2.9300,0.2100 -2.9300,-0.3700 -3.1100,-0.3700 -3.1200,-4.9700 0.2400,-4.9700 0.2500,-0.5300 2.4300,-0.5400 2.4300,0.6000
128	PX4nDJXEHrG_c35ee12417344d66b004d046df9842de	6	0.9980	2.8300,-4.6900 2.8300,0.0200 5.2300,0.0200 5.2300,1.0800 -0.7000,1.0800 -0.7000,-4.6900	-0.7000,-4.6800 2.8300,-4.6900 2.8300,0.0200 5.2400,0.0200 5.2400,1.0800 -0.7000,1.0800
129	PX4nDJXEHrG_c8ce61375bc8403691ec503de5401235	6	0.9840	2.9300,-6.7100 2.9300,0.7100 -3.0100,0.7100 -3.0100,-0.8600 -0.6400,-0.8600 -0.6400,-6.7100	-3.0200,0.7100 -3.0200,-0.8600 -0.6500,-0.8600 -0.6500,-4.5900 -0.5700,-4.5900 -0.5700,-6.7000 2.9300,-6.7000 2.9200,0.7200
130	PX4nDJXEHrG_cd289dfb2a4d4161ab18c8b0e7889f0d	6	0.9880	6.2100,-1.5600 6.2100,2.8100 -1.2800,2.8100 -1.2800,0.5300 -3.1500,0.5300 -3.1500,-1.5600	-3.1600,-1.5400 4.2300,-1.5900 4.2300,-1.5000 6.2000,-1.5100 6.2300,2.7700 -1.2600,2.8200 -1.2800,0.5500 -3.1400,0.5700
131	PX4nDJXEHrG_d218377018e14219a034d3bcf992d9a1	8	0.9920	1.1700,-5.5100 1.1700,6.6400 -3.3100,6.6400 -3.3100,0.7500 -5.5800,0.7500 -5.5800,-0.8400 -3.3300,-0.8400 -3.3300,-5.5100	-3.3200,-5.5100 1.1700,-5.5100 1.1600,5.1300 0.9600,5.1300 0.9600,5.5400 1.1500,5.5400 1.1500,6.1000 1.0100,6.1000 1.0100,6.6400 -3.3300,6.6400 -3.3300,4.4500 -3.1200,4.4500 -3.1200,4.1700 -3.3300,4.1700 -3.3300,0.7600 -5.5900,0.7600 -5.5900,-0.8400 -3.3300,-0.8400
132	PX4nDJXEHrG_d837361a192a46f796fa084b58952201	6	0.9980	2.2500,-4.8000 2.2500,-2.0000 3.3500,-2.0000 3.3500,1.0700 -2.7000,1.0700 -2.7000,-4.8000	-2.7200,1.0700 -2.7000,-4.8000 2.2600,-4.7800 2.2400,-1.9900 3.3500,-1.9900 3.3400,1.1000
133	PX4nDJXEHrG_dec940911e0a44e7b51b8fa218fb3550	6	0.9980	0.3900,-3.9200 0.3900,-0.7800 2.2700,-0.7800 2.2700,2.1500 -4.0000,2.1500 -4.0000,-3.9200	-3.9900,2.1500 -4.0100,-3.9200 0.3800,-3.9400 0.3900,-0.7900 2.2600,-0.8000 2.2800,2.1300
134	PX4nDJXEHrG_df6fc365206c4d22bb6cbb167dbfe4b4	6	0.9820	0.6100,-2.7800 0.6100,5.0300 -3.8500,5.0300 -3.8500,-1.3100 -6.7700,-1.3100 -6.7700,-2.7800	-3.8800,5.0200 -3.8500,-1.3200 -6.7600,-1.3300 -6.7600,-2.8100 0.5300,-2.7700 0.5200,-1.0400 0.6100,-1.0400 0.6100,-0.8300 0.4400,-0.8300 0.4300,0.4700 0.6000,0.4700 0.5800,5.0400
135	PX4nDJXEHrG_ea6f8b054a3b493482b183a6e92b9aa7	6	0.9880	6.2900,-2.7000 6.2900,1.3200 -1.3100,1.3200 -1.3100,-0.7100 -3.0000,-0.7100 -3.0000,-2.7000	-3.0200,-2.6700 5.8300,-2.7400 5.8300,-2.5800 6.2700,-2.5800 6.3000,1.2700 -1.3000,1.3300 -1.3200,-0.6800 -3.0100,-0.6700
136	PX4nDJXEHrG_eb3774d7d7c9470ca3ef2727c4cb58a7	6	1.0000	0.5900,-3.0100 0.5900,1.7300 1.7000,1.7300 1.7000,2.8400 -2.8500,2.8400 -2.8500,-3.0100	-2.8500,-3.0000 0.5900,-3.0100 0.6000,1.7300 1.7200,1.7300 1.7200,2.8400 -2.8300,2.8500
137	QUCTc6BB5sX_2fd76c93017a41f899c836b12234fcc9	6	0.9970	1.7600,-3.2800 1.7600,3.0500 -4.3400,3.0500 -4.3400,-1.6800 0.4700,-1.6800 0.4700,-3.2800	-4.3300,-1.6800 0.4800,-1.6700 0.4900,-3.2700 1.7800,-3.2600 1.7600,3.0600 -4.3500,3.0400
138	QUCTc6BB5sX_92596327f9434ec3a471a36084273142	6	0.9920	6.0400,-6.2500 6.0400,0.6900 -0.4700,0.6900 -0.4700,-3.8900 4.2500,-3.8900 4.2500,-6.2500	-0.4700,-3.8800 4.2500,-3.8800 4.2500,-6.2400 6.0400,-6.2400 6.0500,0.7000 -0.4700,0.7000
139	QUCTc6BB5sX_96de8fc454ee419bad4fcb17c49cca7a	6	0.9980	2.3200,-4.3400 2.3200,1.2400 -3.6200,1.2400 -3.6200,-3.2800 1.0300,-3.2800 1.0300,-4.3400	-3.6200,-3.3000 1.0300,-3.2800 1.0400,-4.3300 2.3200,-4.3300 2.3000,1.2500 -3.6400,1.2200
140	QUCTc6BB5sX_b2a808be7a684e2d9e36517c5036d6be	6	0.9820	0.7600,-6.1500 0.7600,-0.9000 7.8100,-0.9000 7.8100,1.4000 -1.2200,1.4000 -1.2200,-6.1500	-1.2500,-6.1400 0.7400,-6.1500 0.7500,-0.9000 0.8200,-0.9000 0.8200,-0.7400 1.3400,-0.7400 1.3400,-0.7400 1.7300,-0.7400 1.7300,-0.7400 2.1900,-0.7400 2.1900,-0.9000 7.8000,-0.9200 7.8000,1.3900 -1.2300,1.4100
141	QUCTc6BB5sX_c60b5077e11840faa23e474570ae0a72	6	1.0000	0.6200,-1.5600 0.6200,4.6100 -5.4100,4.6100 -5.4100,0.0400 -0.5900,0.0400 -0.5900,-1.5600	0.6200,-1.5700 0.6300,4.6000 -5.4000,4.6100 -5.4100,0.0400 -0.5900,0.0300 -0.5900,-1.5700
142	QUCTc6BB5sX_e194c64fe2634caaa64ee6945a1e066e	6	0.9960	4.5300,-4.6400 4.5300,0.6100 -0.7100,0.6100 -0.7100,-0.5400 -0.2500,-0.5400 -0.2500,-4.6400	-0.2600,-4.6500 4.5200,-4.6500 4.5300,0.6000 -0.7200,0.6000 -0.7200,-0.5000 -0.2600,-0.5000
143	S9hNv5qa7GM_27869fb0e3414f2687b9580b335ec615	8	0.9830	0.4800,-1.7600 0.4800,-0.6300 1.2100,-0.6300 1.2100,0.5700 0.4500,0.5700 0.4500,1.4500 -3.4400,1.4500 -3.4400,-1.7600	-3.4400,-1.7600 0.4600,-1.7800 0.4700,-0.6500 1.2100,-0.6500 1.2200,0.5500 0.4700,0.5500 0.4800,1.4200 -3.4300,1.4400
144	S9hNv5qa7GM_8b55e4f095374cfe8ddb0fda0f0dfa02	6	0.9900	1.3500,-3.0300 1.3500,1.1500 -1.3900,1.1500 -1.3900,-1.7200 -1.9400,-1.7200 -1.9400,-3.0300	-1.3800,1.1600 -1.4000,-1.7100 -1.9500,-1.7100 -1.9600,-3.0200 1.3300,-3.0400 1.3600,1.1400
145	S9hNv5qa7GM_ed36c0b595de42f0a4e13ba5d332814a	6	0.9770	0.4700,-2.2300 0.4700,2.1000 -2.1800,2.1000 -2.1800,-0.7300 -2.8800,-0.7300 -2.8800,-2.2300	-2.1800,2.1100 -2.2100,-0.7100 -2.9100,-0.7100 -2.9200,-2.2100 0.4300,-2.2500 0.4800,2.0800
147	SN83YJsR3w2_0bd192ffc30d4cc3805558d09c158b62	6	0.9910	0.8000,-4.0200 0.8000,-3.3100 5.2200,-3.3100 5.2200,2.4400 -1.3200,2.4400 -1.3200,-4.0200	-1.3000,-4.0600 0.8200,-4.0400 0.8200,-3.3300 5.2400,-3.3000 5.2000,2.4500 -1.3400,2.4100
148	SN83YJsR3w2_1213fecfa51441efb2b77cfab9e1f228	6	0.9900	5.4400,-6.3900 5.4400,0.0400 0.6800,0.0400 0.6800,1.1900 -0.9700,1.1900 -0.9700,-6.3900	-0.9500,1.2000 -0.9800,-6.3700 5.4400,-6.3900 5.4400,-6.0500 5.2800,-6.0500 5.2800,-5.5100 5.4400,-5.5100 5.4600,0.0300 0.7100,0.0500 0.7100,1.2000
149	SN83YJsR3w2_199235cc58084824924d94235bbad767	12	0.9700	6.6500,-4.6800 6.6500,-0.5300 3.2400,-0.5300 3.2400,1.7000 -1.9300,1.7000 -1.9300,-2.1400 -0.5100,-2.1400 -0.5100,-1.1500 0.4500,-1.1500 0.4500,-6.1900 3.4300,-6.1900 3.4300,-4.6800	0.5000,-6.2200 3.3700,-6.1800 3.3500,-4.6800 4.5100,-4.6700 4.5100,-4.4900 4.9300,-4.4900 4.9300,-4.5800 5.9600,-4.5700 5.9600,-4.6500 6.6800,-4.6400 6.6300,-0.4300 3.3000,-0.4700 3.2900,-0.1200 3.2100,-0.1200 3.1800,1.7100 -1.9600,1.6500 -1.9200,-2.1800 -0.5000,-2.1600 -0.5100,-1.1800 0.4400,-1.1700
150	SN83YJsR3w2_2c154feae9ae4430b93d25f7581e3a23	8	0.9780	1.2600,-3.3000 1.2600,4.4700 -5.3000,4.4700 -5.3000,-3.9500 -3.3400,-3.9500 -3.3400,-2.0900 -0.4800,-2.0900 -0.4800,-3.3000	-5.3000,-3.5600 -5.2600,-3.5600 -5.2600,-3.9500 -3.3700,-3.9600 -3.3700,-3.5600 -3.3300,-3.5600 -3.3300,-2.1000 -0.3700,-2.1000 -0.3700,-3.3100 0.5200,-3.3100 0.5200,-3.1800 1.2600,-3.1800 1.2700,4.4500 -3.0500,4.4600 -3.0500,4.3000 -3.4600,4.3000 -3.4600,4.4600 -4.1900,4.4600 -4.1900,4.3800 -5.2100,4.3800 -5.2100,2.4600 -5.1300,2.4600 -5.1300,1.9100 -5.1300,1.9100 -5.1300,1.4800 -5.3000,1.4800
151	SN83YJsR3w2_3378b61df6f2484eb2996a26ae80ed23	6	0.9950	0.7600,-3.2100 0.7600,-1.3900 1.6300,-1.3900 1.6300,2.3300 -3.0600,2.3300 -3.0600,-3.2100	-3.0500,2.3400 -3.0700,-3.2000 0.7500,-3.2200 0.7500,-1.3900 1.6200,-1.4000 1.6300,2.3200
152	SN83YJsR3w2_3d5bce87412642248767e15e69469372	6	0.9940	1.6900,-3.7800 1.6900,0.9800 -3.8800,0.9800 -3.8800,-2.7300 -2.0000,-2.7300 -2.0000,-3.7800	-2.0100,-3.7600 1.6800,-3.7800 1.7000,0.9800 -3.2800,1.0000 -3.2800,0.8900 -3.8700,0.8900 -3.8800,-2.7000 -2.0000,-2.7100
153	SN83YJsR3w2_4423663e4f284674a12f0a4d19fcc4fd	6	0.9810	1.3900,-2.1700 1.3900,1.6800 -3.7500,1.6800 -3.7500,-1.6000 -1.3500,-1.6000 -1.3500,-2.1700	-3.7600,-1.5500 -1.3600,-1.5700 -1.3700,-2.1400 1.3800,-2.1600 1.4100,1.6800 -3.7300,1.7200
154	SN83YJsR3w2_5da884a1eef8480eac0c8a1b0b869787	6	0.8900	4.5500,-3.7600 4.5500,1.1800 -2.7800,1.1800 -2.7800,-0.5300 0.0600,-0.5300 0.0600,-3.7600	-0.0700,-0.5600 0.2500,-0.5800 -0.0200,-3.7400 0.6200,-3.7900 0.6400,-3.5400 4.1500,-3.8400 4.5400,0.8200 -2.7700,1.4400 -2.8600,0.3400 -2.7400,0.3300 -2.7900,-0.2700 -0.0700,-0.5000
155	SN83YJsR3w2_6e25552e328643fa8cd4a9854bfae7f3	8	0.9910	3.8500,-1.4900 3.8500,0.5900 2.4300,0.5900 2.4300,3.3800 3.9000,3.3800 3.9000,5.0900 -4.1900,5.0900 -4.1900,-1.4900	-4.1800,-1.5000 3.8800,-1.4800 3.8800,0.6000 2.4400,0.6000 2.4300,3.4000 3.8700,3.4000 3.8700,5.1000 -1.7000,5.0900 -1.7000,4.9200 -2.1700,4.9200 -2.1700,5.0000 -4.1900,5.0000
156	SN83YJsR3w2_939f1c7150e14550ab5594c60431dbeb	8	0.9860	1.2500,-5.5900 1.2500,2.1000 -5.2900,2.1000 -5.2900,-5.4400 -3.5200,-5.4400 -3.5200,-4.8400 -0.5300,-4.8400 -0.5300,-5.5900	1.2500,-4.8600 1.2700,2.0900 -5.2600,2.1100 -5.2900,-5.5100 -3.5600,-5.5100 -3.5600,-4.8400 -0.5200,-4.8500 -0.5200,-5.5900 1.2100,-5.6000 1.2100,-4.8600
157	SN83YJsR3w2_a66ae65dba11419683aedcb00688da59	8	0.9930	3.2500,-2.6100 3.2500,5.4000 -3.2800,5.4000 -3.2800,-2.5100 -1.4400,-2.5100 -1.4400,-1.5500 1.9700,-1.5500 1.9700,-2.6100	-1.5100,-2.5600 -1.5100,-1.5600 1.9700,-1.5500 1.9800,-2.5600 3.2500,-2.5600 3.2400,5.4000 -3.2900,5.3900 -3.2800,-2.5600
158	SN83YJsR3w2_b1872d81d95a456494793c284002da68	6	0.9810	1.4000,-1.6000 1.4000,0.6400 1.8800,0.6400 1.8800,3.3500 -1.7100,3.3500 -1.7100,-1.6000	-1.7500,-1.5800 1.3600,-1.6100 1.3800,0.6200 1.8500,0.6200 1.8800,3.3300 -1.7000,3.3600
159	SN83YJsR3w2_b227c3cafc50455eaa601243127e26ec	6	0.9930	0.7000,-2.0400 0.7000,-1.3800 4.4900,-1.3800 4.4900,4.1300 -1.3500,4.1300 -1.3500,-2.0400	4.5100,-1.3700 4.4900,3.7700 4.3200,3.7700 4.3200,4.1400 -1.3600,4.1200 -1.3300,-2.0600 0.7100,-2.0500 0.7100,-1.3800
160	SN83YJsR3w2_c6cb28fe88854b638d8b6b8469943bd3	8	0.9810	0.6800,-9.1500 0.6800,0.7800 -6.1300,0.7800 -6.1300,-8.4100 -4.3000,-8.4100 -4.3000,-6.4700 -1.0100,-6.4700 -1.0100,-9.1500	-0.8600,-9.1400 0.7100,-9.1300 0.6600,0.8000 -6.1500,0.7700 -6.1200,-5.2900 -6.0300,-5.2900 -6.0200,-7.5900 -6.1100,-7.5900 -6.1100,-8.4100 -4.2700,-8.4100 -4.2800,-6.4700 -0.8700,-6.4600
161	SN83YJsR3w2_c94b508e103a4af2a7d54920ca214634	8	0.9800	1.4700,-1.7200 1.4700,6.4400 -0.5800,6.4400 -0.5800,5.0500 -3.5300,5.0500 -3.5300,7.0500 -4.9500,7.0500 -4.9500,-1.7200	-4.9600,-1.3900 -4.4500,-1.3900 -4.4500,-1.7200 1.3800,-1.7400 1.3900,-0.2700 1.3000,-0.2700 1.3000,0.2300 1.4700,0.2300 1.5000,6.4200 -0.5800,6.4300 -0.5800,5.0400 -3.5100,5.0500 -3.5000,7.0500 -4.9300,7.0600 -4.9600,-0.2800 -4.8300,-0.2800 -4.8400,-1.3000 -4.9600,-1.3000
162	SN83YJsR3w2_ca5809206bde40fd93a879721ecfb608	8	0.9930	5.7300,-1.5300 5.7300,2.3100 0.4100,2.3100 0.4100,4.4200 -0.8900,4.4200 -0.8900,-2.1000 0.1100,-2.1000 0.1100,-1.5300	-0.8800,-1.5400 -0.8400,-1.5400 -0.8400,-2.1100 0.1900,-2.1100 0.1900,-1.5400 5.7300,-1.5300 5.7300,2.3100 0.4100,2.3100 0.4100,4.4100 -0.8900,4.4100
163	SN83YJsR3w2_d1de344c27c544be87d6705a81aeb732	6	0.9890	5.5000,-3.2100 5.5000,4.2300 1.7000,4.2300 1.7000,8.2300 -0.9100,8.2300 -0.9100,-3.2100	-0.9200,-3.2100 5.5000,-3.2200 5.5100,4.2300 1.7200,4.2300 1.7200,8.2200 -0.8900,8.2300 -0.9100,0.2600 -0.7400,0.2600 -0.7400,-0.0800 -0.8300,-0.0800 -0.8300,-1.1900 -0.9100,-1.1900 -0.9100,-1.5200 -0.8200,-1.5200 -0.8200,-2.8800 -0.9100,-2.8800
164	SN83YJsR3w2_eedfc04db7404fd08275483db41c4537	8	0.9950	1.4600,-5.1500 1.4600,-3.8000 4.7500,-3.8000 4.7500,0.1300 2.5000,0.1300 2.5000,2.3400 -3.2500,2.3400 -3.2500,-5.1500	-3.2500,-5.1500 1.4600,-5.1500 1.4600,-3.8100 4.7500,-3.8100 4.7600,0.1300 2.5100,0.1300 2.5100,2.3300 -1.1600,2.3400 -1.1600,2.1700 -2.1300,2.1700 -2.1300,2.2600 -3.2400,2.2600
165	SN83YJsR3w2_fb76fb85a5984f3b871b02607a535c8d	6	0.9860	5.9600,-5.8600 5.9600,-3.8700 3.5500,-3.8700 3.5500,0.7000 -2.6200,0.7000 -2.6200,-5.8600	-2.6400,-5.8400 2.6700,-5.8800 2.6700,-5.7000 3.1500,-5.7000 3.1500,-5.7800 5.9300,-5.8000 5.9500,-3.9000 3.5400,-3.8800 3.5800,0.6800 -2.5900,0.7300
166	SN83YJsR3w2_fbce2bf4588444e492e9a9e66fadb5fa	6	0.9860	1.8900,-5.2600 1.8900,1.4100 -1.3400,1.4100 -1.3400,0.8400 -6.0900,0.8400 -6.0900,-5.2600	-6.0800,-5.1600 -4.9000,-5.1500 -4.8900,-5.2600 1.9100,-5.2100 1.8700,1.4500 -1.3600,1.4300 -1.3600,0.8600 -5.3900,0.8300 -5.3900,0.7100 -6.1100,0.7100
167	TbHJrupSAjP_29869aadaa614e5fa1a74873ad03df57	6	0.9850	2.8500,-1.8800 2.8500,2.5400 0.8600,2.5400 0.8600,2.0500 -3.0400,2.0500 -3.0400,-1.8800	-3.0100,-1.9000 2.8700,-1.8200 2.8100,2.5900 0.8300,2.5700 0.8300,2.0800 -3.0700,2.0300
168	TbHJrupSAjP_2b4e25f552e9419c92a44e459d670ee9	8	0.9930	1.5900,-4.5700 1.5900,2.4600 -1.3900,2.4600 -1.3900,0.7600 -6.7900,0.7600 -6.7900,-5.7000 -4.2100,-5.7000 -4.2100,-4.5700	-6.7700,-5.7300 -4.1800,-5.7200 -4.1900,-4.6000 1.6100,-4.5700 1.5700,2.4700 -1.4100,2.4500 -1.4000,0.7500 -6.8000,0.7200
169	TbHJrupSAjP_5aa05f3ff46248e39050dba3e7d8603c	6	0.9840	3.2800,-4.4100 3.2800,2.7700 0.2300,2.7700 0.2300,1.1700 -5.5400,1.1700 -5.5400,-4.4100	-5.5200,-4.3100 -4.3500,-4.3000 -4.3500,-4.4300 3.3000,-4.3800 3.2600,1.5800 3.1800,1.5800 3.1700,2.8100 0.3700,2.7900 0.3700,2.3000 0.2000,2.3000 0.2100,1.1800 -5.3800,1.1500 -5.3800,0.5400 -5.5500,0.5400
170	TbHJrupSAjP_5ec5dd4b73a34fdab5735118235801a2	6	0.9790	0.5800,-3.2800 0.5800,-1.0700 1.4800,-1.0700 1.4800,0.9400 -3.5100,0.9400 -3.5100,-3.2800	-3.5400,-3.2800 0.5600,-3.2900 0.5600,-1.0700 1.4600,-1.0700 1.4600,0.9300 -3.5300,0.9400
171	TbHJrupSAjP_678a1863c78745f282c8357445739ebb	12	0.9880	2.3300,-3.1800 2.3300,-2.3200 4.7400,-2.3200 4.7400,-0.5700 0.5900,-0.5700 0.5900,2.3300 1.9500,2.3300 1.9500,6.7000 -2.0400,6.7000 -2.0400,0.3800 -0.5700,0.3800 -0.5700,-3.1800	-0.5500,-3.1700 2.1000,-3.1600 2.0900,-2.3200 4.7500,-2.3100 4.7500,-0.5500 0.6100,-0.5700 0.6000,2.3400 2.0800,2.3500 2.0800,2.5900 1.9500,2.5900 1.9400,6.7100 -2.0400,6.7000 -2.0200,0.3800 -0.5600,0.3800
172	TbHJrupSAjP_67a27df8992e4e3ba4c52afabbe2da44	12	0.9500	-1.2000,-9.5800 -1.2000,-1.7800 0.2300,-1.7800 0.2300,-0.6100 2.0500,-0.6100 2.0500,1.5400 1.4800,1.5400 1.4800,0.5300 0.3000,0.5300 0.3000,1.0200 -2.5800,1.0200 -2.5800,-9.5800	-2.6400,-9.5700 -1.2600,-9.5800 -1.2000,-1.7800 0.2500,-1.7900 0.2600,-0.6200 2.0400,-0.6300 2.0500,0.5100 2.0100,0.5100 2.0100,0.9100 1.6100,0.9100 1.6000,0.5100 0.2700,0.5200 0.2700,1.0000 -2.5600,1.0300
173	TbHJrupSAjP_6f74aff5213145d989f9a30bcd69a978	10	0.9590	1.5600,-3.3700 1.5600,-1.9700 4.7100,-1.9700 4.7100,-0.7100 3.4400,-0.7100 3.4400,0.6900 1.0600,0.6900 1.0600,1.5200 -0.8700,1.5200 -0.8700,-3.3700	-0.9300,-3.3600 1.5100,-3.4100 1.5400,-2.0200 4.6800,-2.0800 4.7100,-0.8100 3.4400,-0.7800 3.4600,0.6100 1.0700,0.6600 1.0900,1.4800 -0.8300,1.5200
174	TbHJrupSAjP_7504e98760f046d7a8f1b179dc85d93a	8	0.9920	2.6400,-1.0700 2.6400,1.6200 0.5600,1.6200 0.5600,0.8100 0.1500,0.8100 0.1500,3.4700 -4.1400,3.4700 -4.1400,-1.0700	-4.1400,-1.0700 2.6300,-1.0600 2.6300,1.6300 0.5200,1.6200 0.5200,0.8100 0.1400,0.8100 0.1400,3.4700 -4.1500,3.4600
175	TbHJrupSAjP_759672c65fcc4a1ab1e1552fe60c0304	8	0.9460	6.9500,-0.7200 6.9500,1.6500 4.4400,1.6500 4.4400,0.6600 0.3400,0.6600 0.3400,2.1000 -2.1400,2.1000 -2.1400,-0.7200	-2.1600,-0.6800 1.9800,-0.7100 1.9800,-0.6000 3.0800,-0.6100 3.0800,-0.7200 5.0300,-0.7300 5.0300,-0.5400 5.7100,-0.5500 5.7100,-0.7300 5.7800,-0.7300 5.7800,-0.5500 6.1800,-0.5500 6.1800,-0.5500 6.6400,-0.5500 6.6400,-0.7400 6.9400,-0.7400 6.9600,1.8300 6.8300,1.8300 6.8300,1.6600 4.4500,1.6700 4.4500,0.6600 0.3400,0.6900 0.3500,1.8800 -2.1400,1.8900
176	TbHJrupSAjP_8808b20fbd4f4791a13aae0ca4c28b7d	6	1.0000	1.2900,-4.5100 1.2900,0.5600 -2.7200,0.5600 -2.7200,-3.2100 -0.6400,-3.2100 -0.6400,-4.5100	-0.6400,-4.5000 1.2900,-4.5000 1.3000,0.5700 -2.7200,0.5700 -2.7200,-3.2000 -0.6400,-3.2000
177	TbHJrupSAjP_9aa641ad8268410ab98f7941baf2391d	14	0.9860	4.9600,-6.0300 4.9600,0.8200 0.3200,0.8200 0.3200,1.6000 2.4500,1.6000 2.4500,3.0700 0.1600,3.0700 0.1600,4.0900 -1.0500,4.0900 -1.0500,2.5200 -2.5100,2.5200 -2.5100,-1.1800 0.5300,-1.1800 0.5300,-6.0300	0.5600,-6.0400 4.9900,-6.0000 4.9300,0.8600 0.2900,0.8100 0.2800,1.5900 2.4200,1.6100 2.4000,3.0800 0.2700,3.0600 0.2700,3.1100 0.1500,3.1100 0.1400,4.0900 -1.1000,4.0700 -1.0800,2.5200 -2.5400,2.5100 -2.5000,-1.2100 0.5200,-1.1900
178	TbHJrupSAjP_b48f150202734a7ea60102e1d22d216e	10	0.9770	0.8800,-8.6000 0.8800,1.0200 -3.4900,1.0200 -3.4900,-1.9500 -2.0300,-1.9500 -2.0300,-0.6500 -0.5300,-0.6500 -0.5300,-5.2600 -1.8600,-5.2600 -1.8600,-8.6000	-1.8600,-8.6000 0.8800,-8.5900 0.8500,1.0200 -3.5200,1.0100 -3.5100,-1.9500 -2.0900,-1.9500 -2.0900,-0.6500 -0.5500,-0.6400 -0.5400,-5.2600 -1.8700,-5.2600
180	TbHJrupSAjP_d142b55fe4fb4e1cb26608085d729ac2	6	0.9820	-0.8200,-5.6200 -0.8200,-0.8500 0.7800,-0.8500 0.7800,1.9000 -2.1300,1.9000 -2.1300,-5.6200	-2.1300,1.9000 -2.1300,1.6300 -1.9500,1.6300 -1.9500,1.0800 -1.9500,1.0800 -1.9500,0.6000 -2.1300,0.6000 -2.1300,-5.6200 -0.8200,-5.6200 -0.8200,-0.8400 0.7800,-0.8400 0.7800,1.9000
181	TbHJrupSAjP_f192ea07f69a47939aff3027b87529a5	8	0.9820	-1.2500,-3.1400 -1.2500,-0.5500 2.2300,-0.5500 2.2300,2.1000 0.3000,2.1000 0.3000,0.7200 -3.2300,0.7200 -3.2300,-3.1400	-3.2100,-3.1600 -1.2300,-3.1500 -1.2400,-0.5600 2.2400,-0.5400 2.2200,2.1100 0.2900,2.1000 0.3000,0.7200 -3.2300,0.7000
182	TbHJrupSAjP_f320ae084f3a447da3e8ab11dd5f9320	6	0.9850	0.8600,-1.2500 0.8600,3.1200 -3.9100,3.1200 -3.9100,0.0000 -0.8000,0.0000 -0.8000,-1.2500	-3.9000,-0.0300 -0.7900,-0.0100 -0.7800,-1.2600 0.8700,-1.2500 0.8500,3.1300 -3.9200,3.1000
183	TbHJrupSAjP_fa1e045efce4481f9b398c97366a5dcc	6	0.9840	1.9000,-3.3500 1.9000,1.0800 -7.9400,1.0800 -7.9400,-0.8400 -3.3300,-0.8400 -3.3300,-3.3500	-3.3300,-3.3400 1.9000,-3.3500 1.9100,1.0800 -4.4800,1.1000 -4.4800,0.9800 -5.3600,0.9900 -5.3600,0.9800 -6.2800,0.9800 -6.2800,1.1000 -6.5800,1.1000 -6.5800,0.9400 -6.9300,0.9400 -6.9300,0.8600 -7.9300,0.8600 -7.9300,-0.8200 -3.3200,-0.8300
184	ULsKaCPVFJR_c73a6f3769bc471588158d99186b80e6	6	1.0000	0.8800,-2.6100 0.8800,-0.0100 4.3500,-0.0100 4.3500,1.4400 -0.9700,1.4400 -0.9700,-2.6100	-0.9800,-2.6100 0.8700,-2.6200 0.8800,-0.0200 4.3500,-0.0200 4.3600,1.4300 -0.9700,1.4400
185	ULsKaCPVFJR_c8ae82ea5c134b8ba10bb8148f1eee2d	8	0.9960	1.0500,-0.6300 1.0500,0.9500 0.6400,0.9500 0.6400,3.2800 1.7100,3.2800 1.7100,7.4200 -3.5200,7.4200 -3.5200,-0.6300	-3.5300,-0.6200 0.6300,-0.6300 0.6300,-0.5900 1.0400,-0.5900 1.0500,0.9400 0.6300,0.9400 0.6400,3.2700 1.7100,3.2700 1.7200,7.4100 -3.5100,7.4300
186	ULsKaCPVFJR_dd567b91bf7147b3869277c4d0691452	8	0.9960	2.6200,-2.1300 2.6200,2.4500 -3.3800,2.4500 -3.3800,-2.1300 -1.2500,-2.1300 -1.2500,-3.3800 1.1800,-3.3800 1.1800,-2.1300	-1.2600,-3.3700 1.1600,-3.3800 1.1700,-2.1400 2.6100,-2.1500 2.6300,2.4400 -3.3600,2.4700 -3.3800,-2.1100 -1.2600,-2.1200
187	UwV83HsGsw3_1018c8753d68416e8f2d48a144282aeb	6	0.9800	0.9800,-5.5800 0.9800,-1.3500 1.8900,-1.3500 1.8900,0.6300 -2.9000,0.6300 -2.9000,-5.5800	-2.9100,-5.5600 0.9700,-5.5900 1.0000,-1.3500 1.9200,-1.3600 1.9300,0.6100 -2.6900,0.6500 -2.7000,-0.0900 -2.8600,-0.0900
188	UwV83HsGsw3_2460d9e0bb2047e3b15b5eeeb58f68a8	6	0.9830	0.5200,-3.3200 0.5200,-1.7500 3.4800,-1.7500 3.4800,1.3300 -0.6100,1.3300 -0.6100,-3.3200	-0.6300,-3.3100 0.5000,-3.3100 0.5100,-1.7500 3.4600,-1.7700 3.4800,1.3200 -0.6000,1.3500
189	UwV83HsGsw3_a3630444bbd94cd6ac4edbe2dc1221de	6	0.9850	3.3300,-2.9500 3.3300,0.7000 -0.5700,0.7000 -0.5700,1.6800 -2.5400,1.6800 -2.5400,-2.9500	-2.5600,-2.9200 3.3100,-2.9600 3.3300,0.7000 -0.5700,0.7200 -0.5600,1.6900 -2.5300,1.7100
190	UwV83HsGsw3_a7ae0b7c2c574b4a843af1be0c808f77	6	1.0000	0.5400,-2.8700 0.5400,1.6800 -0.6000,1.6800 -0.6000,0.1800 -3.3600,0.1800 -3.3600,-2.8700	-3.3500,-2.8700 0.5500,-2.8700 0.5600,1.6700 -0.6000,1.6800 -0.6000,0.1700 -3.3500,0.1800
191	UwV83HsGsw3_b51c75363db94cc09b68d661fcfcd186	6	0.9740	0.3900,-1.6900 0.3900,-0.9500 1.7600,-0.9500 1.7600,4.0100 -0.5200,4.0100 -0.5200,-1.6900	-0.5200,-1.7200 0.3900,-1.7100 0.3800,-0.9700 1.7600,-0.9600 1.7400,4.0000 -0.5500,3.9900
192	UwV83HsGsw3_c3d8db2f8817403e88c7d96e96ebd9b6	6	0.9830	2.3300,-3.9200 2.3300,1.7600 -1.3000,1.7600 -1.3000,-2.0600 -2.2700,-2.0600 -2.2700,-3.9200	-1.2800,1.7600 -1.3100,-2.0500 -2.2800,-2.0500 -2.2900,-3.9100 2.3100,-3.9500 2.3600,1.7300
193	UwV83HsGsw3_cfd92c05e31846e89144f7b2bb8e59a8	6	0.9890	1.4100,-0.4100 1.4100,2.7500 -2.6400,2.7500 -2.6400,-1.7500 -1.5600,-1.7500 -1.5600,-0.4100	-2.6400,-1.7400 -1.5500,-1.7400 -1.5500,-0.4100 1.4100,-0.4100 1.4100,2.7600 -2.6400,2.7600
194	UwV83HsGsw3_f9641b59487a4b0ca0fe41a82edc0980	6	0.9970	-0.4200,-5.3500 -0.4200,-1.3900 0.5200,-1.3900 0.5200,0.6100 -4.2200,0.6100 -4.2200,-5.3500	-4.2100,0.6100 -4.2100,-5.3500 -0.4100,-5.3500 -0.4100,-1.3800 0.5200,-1.3800 0.5200,0.6100
195	UwV83HsGsw3_fcd79f4b6a6642e99227caffb51bf407	8	0.9740	2.9600,-4.1400 2.9600,-1.0500 0.5700,-1.0500 0.5700,3.1200 -0.4800,3.1200 -0.4800,0.2600 -4.8000,0.2600 -4.8000,-4.1400	-4.7900,-4.1500 2.9700,-4.1000 2.9500,-1.0100 0.5500,-1.0200 0.5400,0.8000 0.3700,0.8000 0.3700,1.1600 0.5300,1.1600 0.5200,3.1500 -0.5300,3.1400 -0.5100,0.2800 -4.8200,0.2500
196	V2XKFyX4ASd_0ce7a1fe811a44d98744e968d9b44dc4	6	0.9910	1.4700,-8.1100 1.4700,0.8000 -3.7900,0.8000 -3.7900,-7.2200 -2.0700,-7.2200 -2.0700,-8.1100	-3.7800,0.8300 -3.7900,-7.1900 -2.0700,-7.1900 -2.0700,-8.0700 1.4700,-8.0800 1.4800,0.8200
197	V2XKFyX4ASd_1ad77d6ebc304b7894e4608ac7738b8a	6	0.9860	8.1200,-2.1000 8.1200,3.0900 0.3300,3.0900 0.3300,1.3300 -0.6400,1.3300 -0.6400,-2.1000	-0.6300,-2.0700 8.1400,-2.1100 8.1600,3.0800 0.9900,3.1000 0.9900,2.9800 0.3700,2.9800 0.3600,1.3500 -0.1600,1.3500 -0.1600,1.1600 -0.6100,1.1700
198	V2XKFyX4ASd_3d8bc9f4323a47ef99f8210711ca1b60	6	0.9900	1.0400,-7.4300 1.0400,3.8300 -3.9400,3.8300 -3.9400,-4.8300 -0.7000,-4.8300 -0.7000,-7.4300	-3.9300,3.8400 -3.9500,-4.8200 -0.7200,-4.8300 -0.7300,-7.4300 1.0300,-7.4400 1.0300,-6.9700 0.7600,-6.9700 0.7600,-6.4500 0.9100,-6.4500 0.9100,-5.2900 1.0300,-5.2900 1.0400,-4.8500 0.9300,-4.8500 0.9300,-3.4900 1.0400,-3.4900 1.0600,3.8300
199	V2XKFyX4ASd_479ed85f86aa4a8bab37194b5eeaa051	6	0.9970	5.0100,-3.7900 5.0100,1.2700 -1.3700,1.2700 -1.3700,-1.9000 -0.4900,-1.9000 -0.4900,-3.7900	-0.4800,-3.7900 5.0200,-3.8000 5.0400,1.2600 -1.3500,1.2700 -1.3600,-1.9000 -0.4700,-1.9000
200	V2XKFyX4ASd_4868d91f4f544213acd2c266c98befaa	6	0.9820	1.4800,-4.7800 1.4800,3.8700 -2.0500,3.8700 -2.0500,2.9100 -3.7700,2.9100 -3.7700,-4.7800	-3.7500,2.9000 -3.7700,-4.7900 1.4800,-4.8000 1.4900,2.1700 1.2500,2.1700 1.2500,3.8500 -2.0400,3.8500 -2.0400,2.9000
201	V2XKFyX4ASd_500527577f0b4e0db97d0a3e4de565dd	6	0.9820	0.7300,-2.0400 0.7300,1.3700 -0.1800,1.3700 -0.1800,3.0000 -8.2600,3.0000 -8.2600,-2.0400	-8.2500,-2.0600 0.7400,-1.9900 0.7200,1.3400 -0.1900,1.3300 -0.2000,3.0500 -6.5900,3.0000 -6.5900,2.8200 -7.0200,2.8100 -7.0200,2.9000 -8.2900,2.8900
202	V2XKFyX4ASd_64685718397043c08a14614bb91e36bc	6	0.9880	1.2100,-6.2500 1.2100,1.9500 -3.7300,1.9500 -3.7300,-5.4700 -2.0000,-5.4700 -2.0000,-6.2500	-3.7000,1.9900 -3.7500,-5.4300 -2.0400,-5.4400 -2.0400,-6.2200 1.1800,-6.2500 1.2400,1.9500
203	V2XKFyX4ASd_65b7fe76c12f44f1b67c5ad7b03ba63b	6	0.9860	5.4400,-1.2900 5.4400,2.1800 4.5000,2.1800 4.5000,3.8400 -3.2800,3.8400 -3.2800,-1.2900	-3.2900,-1.3200 5.4400,-1.2800 5.4200,2.2000 4.4800,2.2000 4.4700,3.8500 -1.6200,3.8200 -1.6200,3.7100 -2.4800,3.7000 -2.4800,3.8200 -3.3100,3.8200
204	V2XKFyX4ASd_6d0b2a9abbed4e6b812b898f027fc9f9	6	0.9870	3.2400,-2.5100 3.2400,5.7600 -1.7200,5.7600 -1.7200,-1.6300 -0.0100,-1.6300 -0.0100,-2.5100	-1.6900,5.7800 -1.7400,-1.6000 -0.0200,-1.6100 -0.0300,-2.4900 2.3500,-2.5100 2.3500,-2.3900 3.2200,-2.4000 3.2700,5.7500
205	V2XKFyX4ASd_71834224b28f45aca00f1c19f2ba0668	6	0.9850	4.2100,-6.4700 4.2100,1.9700 0.7900,1.9700 0.7900,1.0400 -0.9200,1.0400 -0.9200,-6.4700	-0.9400,1.0100 -0.9100,-6.5000 4.2200,-6.4700 4.1900,1.9600 0.7600,1.9500 0.7600,1.0200
206	V2XKFyX4ASd_788770d79fc940cfa0b70fdd7c4f58d0	6	0.9960	1.2000,-2.6500 1.2000,3.8900 -1.8300,3.8900 -1.8300,2.9500 -3.5600,2.9500 -3.5600,-2.6500	-3.5600,-2.6700 1.1900,-2.6700 1.1900,3.8700 -1.8400,3.8700 -1.8400,2.9400 -3.5600,2.9300
207	V2XKFyX4ASd_79103bf93d81464786b23dc26991d23e	6	0.9900	2.4000,-5.7800 2.4000,3.0800 -1.0900,3.0800 -1.0900,2.1700 -2.8900,2.1700 -2.8900,-5.7800	-2.8900,-5.7900 2.4100,-5.7800 2.3900,0.9100 2.3100,0.9100 2.3000,3.0800 -1.0200,3.0700 -1.0200,2.1700 -2.9000,2.1600
208	V2XKFyX4ASd_86abf0dfba5c44d383ff3dfc701c6ee6	6	0.9910	5.6600,-1.7600 5.6600,3.2400 -2.6800,3.2400 -2.6800,-0.1400 -5.0600,-0.1400 -5.0600,-1.7600	-5.0400,-1.7900 5.6800,-1.7200 5.6500,3.1900 3.2700,3.1700 3.2700,3.2600 -2.6900,3.2200 -2.6700,-0.1300 -5.0500,-0.1500
209	V2XKFyX4ASd_896df402e31046c495d09d9370dc054a	6	0.9860	8.2700,-1.2800 8.2700,2.2700 6.9800,2.2700 6.9800,3.9700 -0.8600,3.9700 -0.8600,-1.2800	-0.8900,-1.2700 8.2500,-1.3400 8.2800,2.2200 6.9900,2.2300 7.0000,3.9200 -0.2600,3.9800 -0.2600,3.8100 -0.8500,3.8200
210	V2XKFyX4ASd_8e5ae8d7ee55420f80bf433f33e790fe	6	0.9990	3.2700,-5.8700 3.2700,0.8200 -1.3200,0.8200 -1.3200,-6.8100 1.8100,-6.8100 1.8100,-5.8700	-1.3200,-6.8000 1.8200,-6.7900 1.8200,-5.8500 3.2600,-5.8500 3.2500,0.8400 -1.3400,0.8300
211	V2XKFyX4ASd_975da2a88145482aabcac7255f0a45cf	6	0.9860	8.1800,-2.9900 8.1800,0.5500 6.8800,0.5500 6.8800,2.0600 -0.7500,2.0600 -0.7500,-2.9900	-0.7700,-2.9800 7.1600,-3.0100 7.1600,-2.8500 7.5300,-2.8500 7.5300,-2.8500 8.1600,-2.8500 8.1700,0.5400 6.8700,0.5400 6.8800,2.0300 -0.7500,2.0600
212	V2XKFyX4ASd_98e10164fed14c2baaa107af2560555e	6	0.9900	8.6900,-0.8300 8.6900,4.5000 -0.5300,4.5000 -0.5300,0.8000 -2.7800,0.8000 -2.7800,-0.8300	-2.8000,-0.8100 -1.5600,-0.8200 -1.5600,-0.6000 -1.1800,-0.6000 -1.1800,-0.8200 8.6700,-0.8600 8.7000,4.4700 -0.5300,4.5100 -0.5500,0.8000 -2.7900,0.8100
213	V2XKFyX4ASd_9fb720a0582945cc81a6e6d2b63b6b30	6	0.9910	3.2300,-0.9400 3.2300,2.4200 2.3900,2.4200 2.3900,4.0500 -5.1500,4.0500 -5.1500,-0.9400	-5.1600,-0.9500 3.2200,-0.9200 3.2100,2.4300 2.3700,2.4300 2.3700,4.0700 -5.1000,4.0400 -5.0900,2.4000 -5.1700,2.4000
214	V2XKFyX4ASd_a426fc0b709e42e1a8ee8ede0de335f7	6	0.9900	1.7500,-1.5600 1.7500,0.0900 2.8000,0.0900 2.8000,3.4400 -5.1600,3.4400 -5.1600,-1.5600	-5.1600,-1.5600 1.7500,-1.5400 1.7400,0.1000 2.7900,0.1000 2.7800,3.4600 -5.1800,3.4300
215	V2XKFyX4ASd_cd7869a1f80046b5adeeb20d8108a409	6	0.9930	0.9300,-0.7300 0.9300,6.2300 -2.6800,6.2300 -2.6800,5.5300 -4.7500,5.5300 -4.7500,-0.7300	-4.7600,5.5100 -4.7500,-0.7500 0.9300,-0.7400 0.9100,6.1000 0.0400,6.1000 0.0400,6.2200 -2.6900,6.2200 -2.6900,5.5100
216	V2XKFyX4ASd_dcb7130402734c3e8735b24d8afc2406	6	0.9860	5.7200,-1.3200 5.7200,2.1400 4.7100,2.1400 4.7100,3.8000 -2.9500,3.8000 -2.9500,-1.3200	-2.9400,-1.3400 5.7200,-1.2900 5.7000,2.0200 5.2400,2.0200 5.2400,2.1800 4.7000,2.1800 4.6900,3.8300 -2.9700,3.7800
217	V2XKFyX4ASd_f2ad72c11231453fa9a85ea2cb22be42	6	0.9860	3.3800,-4.0900 3.3800,-2.2500 4.5800,-2.2500 4.5800,1.2400 -4.4600,1.2400 -4.4600,-4.0900	-4.5000,-3.9100 -3.8200,-3.9100 -3.8200,-4.0700 3.3300,-4.1200 3.3500,-2.2800 4.5500,-2.2800 4.5700,1.2000 -4.4600,1.2700
218	V2XKFyX4ASd_f5a31e39d8fa40e89bbbc110bf25de2c	6	0.9820	0.9800,-3.2600 0.9800,5.3500 -4.0600,5.3500 -4.0600,-2.2200 -2.4200,-2.2200 -2.4200,-3.2600	-4.0000,5.4100 -4.0900,-2.1700 -2.4500,-2.1900 -2.4700,-3.2200 0.9400,-3.2600 1.0400,5.3500
219	VFuaQ6m2Qom_24d1e0ee55a542b68d600b81eae4f4d4	6	0.9840	1.7900,-3.3500 1.7900,-1.1800 0.9800,-1.1800 0.9800,0.9800 -4.3200,0.9800 -4.3200,-3.3500	-4.3300,-3.3700 1.7800,-3.3200 1.7600,-1.1800 0.9500,-1.1800 0.9300,1.0000 -4.3600,0.9600
220	VFuaQ6m2Qom_381ce3cd69b846c3b920be16d29ed48e	6	0.9540	2.3400,-2.5700 2.3400,0.7100 0.3200,0.7100 0.3200,1.1800 -1.3300,1.1800 -1.3300,-2.5700	-1.3600,-2.5900 2.3000,-2.6400 2.3500,0.6400 0.3200,0.6700 0.3300,1.1300 -1.3100,1.1500
221	VFuaQ6m2Qom_8a4ee4cfaba847cc8e68500039c9a916	6	0.9910	2.6700,-2.7500 2.6700,0.8600 -0.6300,0.8600 -0.6300,-1.0100 -1.1100,-1.0100 -1.1100,-2.7500	-1.1000,-2.7700 2.6800,-2.7400 2.6500,0.8700 -0.6400,0.8400 -0.6300,-1.0200 -1.1100,-1.0300
222	VVfe2KiqLaN_35b41dcbfcf84f96878f6ca28c70e5af	8	0.9790	6.6800,-1.6800 6.6800,4.3900 0.0000,4.3900 0.0000,0.7800 -1.6300,0.7800 -1.6300,-0.7900 0.0700,-0.7900 0.0700,-1.6800	-1.6700,-0.6000 -1.0600,-0.6100 -1.0700,-0.7500 -0.0200,-0.7600 -0.0300,-1.6300 6.6300,-1.7200 6.7000,4.3500 0.0400,4.4300 -0.0000,0.8400 -1.6500,0.8600
223	VVfe2KiqLaN_3e3839eafbd8467993527dffed63a8f7	8	0.9900	5.9300,-1.7900 5.9300,3.7700 -0.3900,3.7700 -0.3900,0.7400 -2.0700,0.7400 -2.0700,-0.7300 -0.4100,-0.7300 -0.4100,-1.7900	-2.0800,-0.7300 -0.4100,-0.7400 -0.4100,-1.7800 5.9100,-1.8200 5.9400,3.7400 -0.3800,3.7800 -0.4000,0.7700 -2.0700,0.7800
224	VVfe2KiqLaN_b6aff1ec4dd447c0ab21f2a6bf52e592	8	0.9890	4.6500,-1.8900 4.6500,3.8700 -1.4100,3.8700 -1.4100,0.6800 -3.1200,0.6800 -3.1200,-0.8500 -1.5000,-0.8500 -1.5000,-1.8900	-3.1300,-0.8600 -1.4400,-0.8700 -1.4400,-1.8900 2.6200,-1.8900 2.6200,-1.8200 4.6400,-1.8200 4.6400,3.8600 -1.4300,3.8700 -1.4400,0.7000 -3.1300,0.7000
225	VVfe2KiqLaN_e57c3575f3674cc782b1155b1de1d110	8	0.9860	2.7900,-0.6200 2.7900,6.0500 -0.2900,6.0500 -0.2900,7.8900 -1.8700,7.8900 -1.8700,6.2400 -2.9700,6.2400 -2.9700,-0.6200	-2.9600,-0.4600 -2.2400,-0.4600 -2.2400,-0.6300 2.8000,-0.6100 2.7800,6.0900 -0.3000,6.0800 -0.3100,7.8900 -1.9000,7.8800 -1.8900,6.0700 -2.9800,6.0700
226	VVfe2KiqLaN_f1a43d69cfc04812b3099e08fc27d56c	8	0.9980	3.8000,-1.8000 3.8000,3.7900 -2.4100,3.7900 -2.4100,0.7000 -4.3100,0.7000 -4.3100,-0.9000 -2.4300,-0.9000 -2.4300,-1.8000	-2.4200,-1.7900 3.8000,-1.7900 3.8000,3.7900 -2.4200,3.7900 -2.4200,0.7200 -4.3100,0.7200 -4.3100,-0.9100 -2.4200,-0.9100
227	Vt2qJdWjCF2_11089f92a044490ab8e3ecc2dc77eae5	8	0.9710	0.6300,-5.3100 0.6300,3.7700 -0.5500,3.7700 -0.5500,1.4400 -1.8800,1.4400 -1.8800,-1.7700 -0.4900,-1.7700 -0.4900,-5.3100	-1.8800,1.4500 -1.8700,-1.7700 -0.5100,-1.7700 -0.5100,-1.8600 -0.3500,-1.8600 -0.3500,-2.5500 -0.3500,-2.5500 -0.3500,-3.3700 -0.5100,-3.3700 -0.5100,-3.8500 -0.3500,-3.8500 -0.3500,-4.7600 -0.5100,-4.7600 -0.5100,-5.3100 0.6400,-5.3100 0.6300,3.7700 -0.5200,3.7700 -0.5200,1.4500
228	Vt2qJdWjCF2_179c962a0afc4030966f865350736980	6	0.9710	0.9200,-2.6200 0.9200,0.8300 -12.3000,0.8300 -12.3000,-0.9300 -6.4300,-0.9300 -6.4300,-2.6200	-6.4400,-2.6100 0.9100,-2.6700 0.9400,0.7800 -6.4300,0.8500 -6.4300,0.7600 -8.6200,0.7700 -8.6200,0.8600 -8.6900,0.8600 -8.6900,0.6800 -9.0800,0.6900 -9.0800,0.7400 -9.7100,0.7500 -9.7100,0.8700 -10.0200,0.8700 -10.0200,0.6800 -10.7700,0.6900 -10.7700,0.6800 -11.4200,0.6800 -11.4200,0.6800 -11.8500,0.6900 -11.8500,0.8900 -12.2800,0.8900 -12.3000,-0.8700 -6.4300,-0.9200
229	Vt2qJdWjCF2_282b31dbc77f419b880cbd2f9682a0ae	8	0.9910	2.9500,-1.7900 2.9500,-0.5500 5.9800,-0.5500 5.9800,0.5700 -2.3400,0.5700 -2.3400,-0.5400 -0.1200,-0.5400 -0.1200,-1.7900	-0.1300,-1.7900 2.9300,-1.8100 2.9400,-0.5600 5.9700,-0.5800 5.9700,0.5300 -2.3400,0.5800 -2.3500,-0.5300 -0.1300,-0.5500
230	Vt2qJdWjCF2_546d9775caef49f3a9d1d33a82114051	6	0.9980	1.2100,-5.1200 1.2100,2.3000 -0.9500,2.3000 -0.9500,1.0600 -2.9300,1.0600 -2.9300,-5.1200	-2.9200,-5.1200 1.2200,-5.1200 1.2300,2.3000 -0.9300,2.3000 -0.9300,1.0600 -2.9200,1.0600
231	Vt2qJdWjCF2_8192e5bea3554668be057df123f24bf3	10	0.9790	4.6300,-1.9300 4.6300,-0.8000 1.6000,-0.8000 1.6000,0.5400 -1.5000,0.5400 -1.5000,-0.7900 -5.5500,-0.7900 -5.5500,-3.0000 -2.5100,-3.0000 -2.5100,-1.9300	-5.5500,-0.8200 -5.5400,-2.8800 -5.0300,-2.8700 -5.0300,-3.0400 -2.5000,-3.0200 -2.5000,-1.9500 4.6300,-1.9000 4.6300,-0.7600 1.5900,-0.7800 1.5800,0.5400 -1.5200,0.5300 -1.5100,-0.8000
232	Vt2qJdWjCF2_89f1fd4ff49347de90ef043b8a1309a4	10	0.9780	1.8600,-3.6100 1.8600,-0.3900 0.4700,-0.3900 0.4700,2.7500 -1.3200,2.7500 -1.3200,0.4200 -0.6900,0.4200 -0.6900,-5.4000 0.5600,-5.4000 0.5600,-3.6100	-1.3000,2.7400 -1.3000,0.4100 -0.6800,0.4100 -0.6900,-5.4100 0.5000,-5.4200 0.5100,-3.6300 1.8600,-3.6300 1.8700,-0.4000 0.5100,-0.4000 0.5200,2.7300
233	Vt2qJdWjCF2_9eea9941c5a84c398b385d536fb474aa	6	0.9380	1.2600,-6.5300 1.2600,6.3300 -0.0800,6.3300 -0.0800,2.4000 -1.3700,2.4000 -1.3700,-6.5300	-1.3800,-3.2300 -1.2000,-3.2200 -1.2000,-3.6400 -1.1300,-3.6400 -1.1200,-6.5400 1.2700,-6.5300 1.2200,4.2000 1.0400,4.2000 1.0400,4.5800 1.0400,4.5800 1.0400,5.0600 1.2100,5.0600 1.2100,5.4700 1.0400,5.4700 1.0400,5.8800 1.2100,5.8800 1.2000,6.3200 -0.1400,6.3200 -0.1200,2.3800 -1.4000,2.3800
234	Vt2qJdWjCF2_a830196166e344299578c9d68d3665d2	10	0.9220	0.8200,-1.1900 0.8200,-0.5100 6.6200,-0.5100 6.6200,0.6100 4.8200,0.6100 4.8200,4.0400 1.6300,4.0400 1.6300,0.6100 -1.5900,0.6100 -1.5900,-1.1900	-1.4000,-1.2800 1.0100,-1.2300 0.9900,-0.5500 6.7900,-0.4300 6.7900,-0.3900 6.4800,-0.4000 6.4600,0.6800 4.9700,0.6500 4.9700,0.7900 4.7200,0.7900 4.7100,1.2300 4.9600,1.2300 4.9500,1.5100 4.7200,1.5100 4.7100,1.9600 4.8400,1.9700 4.7900,4.0700 1.7100,4.0100 1.7800,0.5800 -1.4400,0.5200
235	Vt2qJdWjCF2_affd403975a04befb62195d2aed06f93	8	0.9700	0.5200,-1.1900 0.5200,-0.5000 1.5700,-0.5000 1.5700,3.3500 -1.7600,3.3500 -1.7600,-0.5400 -0.7700,-0.5400 -0.7700,-1.1900	-0.8000,-1.1500 0.4900,-1.1500 0.4900,-0.4800 1.5500,-0.4900 1.5700,3.3800 -1.7500,3.4000 -1.7800,-0.4700 -0.7900,-0.4700
236	Vt2qJdWjCF2_cc3902e7d9b04494a69f384edce8617c	10	0.9690	6.6100,-1.8700 6.6100,0.8000 0.7800,0.8000 0.7800,2.0400 -0.7400,2.0400 -0.7400,0.8800 -5.7400,0.8800 -5.7400,-0.6200 -1.4600,-0.6200 -1.4600,-1.8700	-1.4500,-1.8600 3.6800,-1.8600 3.6800,-1.7400 6.6100,-1.7400 6.6100,0.8400 0.7800,0.8500 0.7800,2.0500 -0.6300,2.0500 -0.6300,0.8500 -5.7400,0.8500 -5.7400,-0.6300 -1.4500,-0.6300
237	Vt2qJdWjCF2_cd1682c0b41845eeaf6668f8eab2e191	6	1.0000	0.7700,-1.1700 0.7700,5.2700 -0.8800,5.2700 -0.8800,4.0200 -2.7400,4.0200 -2.7400,-1.1700	-2.7400,4.0100 -2.7300,-1.1900 0.7800,-1.1800 0.7700,5.2500 -0.8800,5.2500 -0.8800,4.0100
238	Vt2qJdWjCF2_ea385c52656c4ec385c2236d57ce5f05	10	0.9600	0.4300,-8.1300 0.4300,-3.8600 1.5600,-3.8600 1.5600,-0.6000 4.2600,-0.6000 4.2600,0.5900 1.6600,0.5900 1.6600,4.3900 -1.1200,4.3900 -1.1200,-8.1300	-1.1100,-5.2900 -0.9400,-5.2900 -0.9400,-5.8600 -1.0300,-5.8600 -1.0200,-8.1500 0.4600,-8.1500 0.4500,-3.8600 1.5800,-3.8600 1.5700,-0.5900 4.2500,-0.5900 4.2500,0.5900 1.5700,0.5900 1.5600,4.3900 -1.1300,4.3800
239	Vt2qJdWjCF2_ea3f8f1af29b48dc8e76dcb7668e3f3e	8	0.9830	-0.8000,-5.1400 -0.8000,-2.8600 0.5200,-2.8600 0.5200,0.1200 -0.7300,0.1200 -0.7300,2.4000 -1.9400,2.4000 -1.9400,-5.1400	-1.9200,2.4000 -1.9300,-5.1400 -0.7600,-5.1400 -0.7600,-2.8600 0.5300,-2.8600 0.5300,0.1100 -0.7600,0.1200 -0.7500,2.3900
240	Vt2qJdWjCF2_eeac358958f945e8bd5173e33f6c81b9	8	0.9850	1.5100,-3.1600 1.5100,0.4300 0.6100,0.4300 0.6100,3.8700 -0.5100,3.8700 -0.5100,0.3800 -1.3700,0.3800 -1.3700,-3.1600	-0.4900,3.8700 -0.5000,0.4000 -1.3500,0.4100 -1.3600,-3.1500 1.5100,-3.1600 1.5200,0.4000 0.6200,0.4000 0.6300,3.8700
241	Vt2qJdWjCF2_f14bfdf54f524272826962276b158689	8	0.9990	2.4400,-5.8200 2.4400,-4.1100 1.9900,-4.1100 1.9900,0.1300 -0.5200,0.1300 -0.5200,-2.9500 0.7400,-2.9500 0.7400,-5.8200	-0.5400,0.1200 -0.5300,-2.9500 0.7300,-2.9500 0.7400,-5.8200 2.4400,-5.8100 2.4300,-4.1100 1.9900,-4.1100 1.9800,0.1300
242	Vvot9Ly1tCj_0b2156c0034b43bc8b06023a4c4fe2db	6	0.9950	5.2300,-3.7800 5.2300,0.3700 0.5500,0.3700 0.5500,1.9900 -1.3700,1.9900 -1.3700,-3.7800	-1.3800,-3.7800 5.2200,-3.8000 5.2400,0.3600 0.5500,0.3700 0.5600,1.9900 -1.3600,2.0000
243	Vvot9Ly1tCj_15ef51c638de46f196fdd00a805e80c4	8	0.9780	0.2500,-3.5900 0.2500,-0.5200 1.8000,-0.5200 1.8000,0.5600 0.2200,0.5600 0.2200,1.8900 -3.9300,1.8900 -3.9300,-3.5900	-3.7200,1.9100 -3.7300,1.3500 -3.9000,1.3500 -3.9400,-3.5700 0.2300,-3.6000 0.2500,-0.5400 1.8100,-0.5500 1.8200,0.5300 0.2600,0.5400 0.2700,1.8700
244	Vvot9Ly1tCj_1d44101ccb254245afdba5eef63200f6	6	0.9980	0.5900,-1.6300 0.5900,-0.5900 7.1900,-0.5900 7.1900,6.3600 -0.7600,6.3600 -0.7600,-1.6300	-0.7400,-1.6400 0.5000,-1.6400 0.5000,-0.6000 7.2000,-0.5800 7.1800,6.3700 -0.7600,6.3500
245	Vvot9Ly1tCj_1ee4777aa75549f5bb8d1c8371c72fc1	6	0.9860	3.7500,-2.2300 3.7500,1.8000 -0.2000,1.8000 -0.2000,3.5900 -2.1900,3.5900 -2.1900,-2.2300	-2.1700,-2.2400 3.1500,-2.2100 3.1500,-2.0300 3.7600,-2.0200 3.7400,1.8300 -0.2000,1.8000 -0.2100,3.5900 -2.2100,3.5800
246	Vvot9Ly1tCj_29ce3d91cc444cf69654227e2e113a16	6	0.9990	4.2200,-1.5500 4.2200,7.1700 0.0500,7.1700 0.0500,0.9400 -7.7700,0.9400 -7.7700,-1.5500	4.2100,-1.5500 4.2200,7.1700 0.0500,7.1800 0.0400,0.9400 -7.7800,0.9500 -7.7800,-1.5400
247	Vvot9Ly1tCj_2cd333ec665f42ac814e6b95ae4fbda5	6	0.9960	2.2100,-2.7900 2.2100,1.8500 -2.5300,1.8500 -2.5300,-1.6300 -0.5100,-1.6300 -0.5100,-2.7900	-0.5200,-2.7800 2.2100,-2.7700 2.2000,1.8600 -2.5300,1.8600 -2.5300,-1.6200 -0.5200,-1.6200
248	Vvot9Ly1tCj_3454391896f8483495a88db58f2a30b7	6	0.8530	1.4500,-2.5800 1.4500,6.1400 -2.5400,6.1400 -2.5400,-0.1800 -10.0700,-0.1800 -10.0700,-2.5800	-9.9700,-2.2400 -8.5000,-2.2300 -8.5000,-2.4600 -7.7900,-2.4600 -7.7900,-2.2700 -6.0300,-2.2600 -6.0300,-2.4600 -1.2700,-2.4500 -1.2700,-2.2900 -0.4100,-2.2900 -0.4100,-2.4400 0.9700,-2.4400 0.9600,2.5000 1.3900,2.5000 1.3800,5.9100 -2.3100,5.9000 -2.3000,1.4900 -2.4500,1.4900 -2.4500,-0.0600 -2.5800,-0.0600 -2.5800,-0.2400 -9.9800,-0.2600
249	Vvot9Ly1tCj_5e829267d55f4008be713ab979f3e0b5	6	0.9950	0.7000,-1.2100 0.7000,2.0100 -5.0000,2.0100 -5.0000,0.0800 -0.8200,0.0800 -0.8200,-1.2100	-5.0000,0.0900 -0.8200,0.0800 -0.8200,-1.2100 0.7000,-1.2100 0.7100,2.0100 -5.0000,2.0200
250	Vvot9Ly1tCj_65404a6cb00f4598aa943d0ed191e4dd	6	0.9920	3.3400,-0.5700 3.3400,3.4700 -0.7300,3.4700 -0.7300,5.1400 -2.6800,5.1400 -2.6800,-0.5700	-2.6900,-0.5600 3.3300,-0.5900 3.3500,3.4400 -0.7300,3.4600 -0.7200,5.1400 -2.6600,5.1500
251	Vvot9Ly1tCj_69bfe7e5f2ee4facbc130becf22ff496	6	0.9990	2.0300,-4.6900 2.0300,-0.9900 1.2600,-0.9900 1.2600,0.7400 -1.5200,0.7400 -1.5200,-4.6900	-1.5300,0.7400 -1.5200,-4.6900 2.0300,-4.6800 2.0200,-0.9900 1.2500,-0.9900 1.2500,0.7400
252	Vvot9Ly1tCj_6bf4c6906bc64cacb55a9dc584388d77	6	0.9990	3.4400,-1.2800 3.4400,4.3000 -1.6900,4.3000 -1.6900,-4.1700 -0.4000,-4.1700 -0.4000,-1.2800	-1.6900,-4.1600 -0.3900,-4.1600 -0.3900,-1.2800 3.4400,-1.2800 3.4500,4.3000 -1.6800,4.3000
253	Vvot9Ly1tCj_6d1084f4dba747cc88730abb109d1a76	8	0.9900	3.5600,-3.3500 3.5600,4.2100 -3.0100,4.2100 -3.0100,1.3500 -3.4700,1.3500 -3.4700,-0.9600 -3.0300,-0.9600 -3.0300,-3.3500	-3.0700,-3.3200 3.5100,-3.3700 3.5700,4.1800 -3.0100,4.2400 -3.0300,1.3800 -3.4800,1.3800 -3.5000,-0.9200 -3.0500,-0.9200
254	Vvot9Ly1tCj_748f1839415c4d75af12d6fb742b0639	6	0.9940	3.4400,-4.2200 3.4400,1.9400 2.1700,1.9400 2.1700,0.8000 -1.4100,0.8000 -1.4100,-4.2200	-1.4000,-4.2200 3.4400,-4.2100 3.4400,1.9400 2.1700,1.9400 2.1700,0.8100 -1.4100,0.8000
255	Vvot9Ly1tCj_7ad0587e953d43e2b5824a6cf80084e9	8	0.9880	1.4500,-2.7500 1.4500,0.3200 2.9300,0.3200 2.9300,1.4400 1.5400,1.4400 1.5400,2.8600 -2.4000,2.8600 -2.4000,-2.7500	-2.3900,2.8800 -2.4300,-2.7300 1.4500,-2.7500 1.4700,0.3200 2.9300,0.3100 2.9300,1.4400 1.4800,1.4500 1.4800,2.8600
256	Vvot9Ly1tCj_bab3fc6b17774cf6ac3dac4c9ac670bb	8	0.9280	0.1600,-3.8700 0.1600,-1.7200 1.4100,-1.7200 1.4100,-0.0400 2.3400,-0.0400 2.3400,1.1400 -3.4400,1.1400 -3.4400,-3.8700	-3.5600,-2.9100 -3.4500,-2.9100 -3.4700,-3.6800 0.0300,-3.7700 0.0800,-1.6300 1.3200,-1.6700 1.3600,0.1000 2.3000,0.0800 2.3300,1.1800 -0.7600,1.2600 -0.7600,1.1300 -3.4600,1.2000
257	Vvot9Ly1tCj_c313e18d8f404a86b7d80b2845334ff5	6	0.9870	0.5600,-5.8200 0.5600,-0.4400 4.3600,-0.4400 4.3600,5.2000 -0.8000,5.2000 -0.8000,-5.8200	-0.7700,-5.8300 0.6000,-5.8300 0.5700,-0.4400 4.3700,-0.4300 4.3400,5.2100 -0.8100,5.1900
258	Vvot9Ly1tCj_db1c82faa15640afa3048f71246ba621	6	0.9950	1.9000,-2.9900 1.9000,0.9400 1.0200,0.9400 1.0200,2.8800 -1.8900,2.8800 -1.8900,-2.9900	-1.8800,2.8800 -1.8800,-2.9900 1.7500,-2.9900 1.7500,-2.3500 1.9100,-2.3500 1.9100,0.9400 1.0400,0.9400 1.0400,2.8800
259	Vvot9Ly1tCj_ed39e17ee82f43988e8ede839b9358ae	6	1.0000	1.0000,-1.3300 1.0000,-0.5000 2.7900,-0.5000 2.7900,2.3000 -3.7100,2.3000 -3.7100,-1.3300	-3.7200,-1.3400 1.0000,-1.3400 1.0000,-0.5100 2.7800,-0.5100 2.7800,2.2900 -3.7200,2.2900
260	Vvot9Ly1tCj_ff666d48400744e5b1c0b0ed48217391	8	0.9120	-0.2800,-2.2900 -0.2800,-0.5500 0.5700,-0.5500 0.5700,0.6100 -5.0300,0.6100 -5.0300,-4.2500 -1.4900,-4.2500 -1.4900,-2.2900	-5.2800,0.6000 -5.1000,0.6100 -4.9800,-4.2000 -1.6200,-4.1200 -1.6700,-2.1700 -0.4600,-2.1400 -0.5100,-0.3900 0.3400,-0.3700 0.3100,0.6400 -2.4000,0.5700 -2.4000,0.7200 -5.2900,0.6400
261	VzqfbhrpDEA_133f53368f164e1d9ec08f6f98369f1b	8	0.9150	1.4500,-0.8700 1.4500,-0.4600 5.5700,-0.4600 5.5700,7.5700 2.1800,7.5700 2.1800,5.1200 -1.8200,5.1200 -1.8200,-0.8700	-1.7400,-1.0400 1.3100,-0.8500 1.2800,-0.4700 5.5700,-0.2100 5.0900,7.6600 3.3900,7.5600 3.3800,7.7100 1.6800,7.6000 1.8300,5.1600 -1.9000,4.9300 -1.7200,1.9500 -1.9200,1.9400
262	VzqfbhrpDEA_54bad10553c44721a9b6d5bb822e1d3f	6	0.9960	3.3400,-0.7400 3.3400,5.1000 -2.7800,5.1000 -2.7800,4.5700 -3.6700,4.5700 -3.6700,-0.7400	-3.6700,-0.6600 -2.0600,-0.6600 -2.0600,-0.7500 3.3400,-0.7400 3.3400,5.0900 -2.7900,5.0900 -2.7900,4.5200 -3.6700,4.5200
263	VzqfbhrpDEA_63dcba1c6ee545ffb1909bf229d0dfa9	6	0.9630	3.3100,-2.9000 3.3100,2.4800 -2.6000,2.4800 -2.6000,1.9500 -3.3400,1.9500 -3.3400,-2.9000	-3.3600,-2.8900 -0.2400,-2.9100 -0.2400,-2.7500 0.3600,-2.7500 0.3600,-2.6500 3.1300,-2.6700 3.1300,-2.2100 3.2900,-2.2100 3.3200,2.4500 2.7100,2.4500 2.7000,2.3300 1.5900,2.3400 1.5900,2.4600 -2.5800,2.4800 -2.5900,1.9500 -3.3300,1.9600
264	VzqfbhrpDEA_6f18db4cdf70471dac7f545b9fb08163	6	0.9780	1.9300,-2.4600 1.9300,0.9100 -4.2700,0.9100 -4.2700,-0.7200 -0.2500,-0.7200 -0.2500,-2.4600	-4.2600,-0.7500 -0.2500,-0.7200 -0.2300,-2.4600 1.9400,-2.4500 1.9200,0.9300 -3.7800,0.8800 -3.7700,0.7100 -4.2700,0.7100
265	VzqfbhrpDEA_8630d0d97d4c4767b37488dfbe97f51b	6	0.9790	0.6300,-5.1500 0.6300,3.1200 -1.5500,3.1200 -1.5500,-0.2800 -0.8800,-0.2800 -0.8800,-5.1500	-0.8300,-5.1600 0.6800,-5.1500 0.6200,3.1300 -1.5600,3.1100 -1.5300,-0.3000 -0.8600,-0.2900
266	VzqfbhrpDEA_9127aae77ad348eb8fd02f7cd52a3ce5	6	1.0000	3.5600,-0.8500 3.5600,0.6300 1.2100,0.6300 1.2100,2.5900 -5.1000,2.5900 -5.1000,-0.8500	-5.1000,-0.8500 3.5700,-0.8400 3.5700,0.6400 1.2100,0.6400 1.2100,2.6000 -5.1000,2.5900
267	VzqfbhrpDEA_98adaae2e097459da98a6bfc3cf42cc4	10	0.9840	4.3100,-3.9500 4.3100,1.6300 1.9500,1.6300 1.9500,3.6100 -0.7500,3.6100 -0.7500,1.6000 -3.0600,1.6000 -3.0600,-3.5500 -1.4500,-3.5500 -1.4500,-3.9500	-3.0800,-3.5000 -1.4400,-3.5200 -1.4400,-3.9200 4.2800,-3.9800 4.3400,1.6000 1.9900,1.6200 2.0100,3.6100 -0.7000,3.6300 -0.7200,1.6500 -3.0300,1.6700
268	VzqfbhrpDEA_a26f1480cb934ad2ba3fa36542dffaf0	8	0.9890	9.1000,-1.8000 9.1000,0.8600 1.7200,0.8600 1.7200,7.0400 -2.4200,7.0400 -2.4200,0.8100 -2.9300,0.8100 -2.9300,-1.8000	-2.9400,-1.8200 9.1000,-1.7800 9.0900,0.8700 1.7100,0.8500 1.6900,7.0300 -2.4500,7.0200 -2.4300,0.8300 -2.9500,0.8300
269	VzqfbhrpDEA_bff9c16c112048898cedad2b5d3cbe32	8	0.9850	5.9400,-5.2400 5.9400,1.0700 1.9000,1.0700 1.9000,0.3400 1.4400,0.3400 1.4400,0.9200 -1.8200,0.9200 -1.8200,-5.2400	-1.7900,-5.1900 -0.6500,-5.1800 -0.6500,-5.2700 5.9700,-5.2100 5.9200,1.0400 1.9300,1.0000 1.9300,0.3500 1.4700,0.3400 1.4600,1.0000 -1.8400,0.9700
270	VzqfbhrpDEA_e557a32bdc27490ea03fe8751e631dca	6	0.9930	5.3100,-3.2900 5.3100,4.3700 2.8400,4.3700 2.8400,3.1000 -1.7800,3.1000 -1.7800,-3.2900	-1.7700,-3.1800 -0.7400,-3.1700 -0.7400,-3.2900 5.3200,-3.2700 5.3000,4.3900 2.8300,4.3900 2.8300,3.1100 -1.7900,3.1000
271	WYY7iVyf5p8_081c771fb2d5416e8f7a2c97188d5dfd	6	0.9840	1.5200,-1.4800 1.5200,3.6300 -1.5000,3.6300 -1.5000,1.7100 -1.9700,1.7100 -1.9700,-1.4800	-1.4600,3.6500 -1.4800,1.7300 -1.9400,1.7300 -1.9800,-1.4500 1.5100,-1.4900 1.5700,3.6200
272	WYY7iVyf5p8_283b127133c543039e562ffb158d3446	8	1.0000	2.7200,-2.1700 2.7200,3.0100 0.2200,3.0100 0.2200,6.3000 -1.2300,6.3000 -1.2300,0.4900 -2.9500,0.4900 -2.9500,-2.1700	-1.2200,6.3000 -1.2200,0.4900 -2.9400,0.4900 -2.9400,-2.1700 2.7200,-2.1700 2.7200,3.0000 0.2300,3.0100 0.2300,6.3000
273	WYY7iVyf5p8_4eb7ce12528041d3a3bf0c1c57846411	8	0.9820	2.7200,-3.0700 2.7200,1.4400 -0.2100,1.4400 -0.2100,3.2400 -1.2500,3.2400 -1.2500,1.3700 -3.7500,1.3700 -3.7500,-3.0700	-3.7600,-3.0600 2.7100,-3.1000 2.7400,1.3800 -0.1700,1.4000 -0.1600,3.2300 -1.2300,3.2400 -1.2400,1.4100 -3.7200,1.4300
274	WYY7iVyf5p8_63ef05e0d28c49c4b8264f736d9c92f9	10	0.9920	2.8600,-3.9900 2.8600,1.0000 0.2700,1.0000 0.2700,4.3500 -1.9400,4.3500 -1.9400,1.1700 -1.0300,1.1700 -1.0300,-1.3300 -3.0900,-1.3300 -3.0900,-3.9900	-3.0900,-4.0000 2.8600,-3.9900 2.8500,1.0000 0.2700,1.0000 0.2600,4.3500 -1.9600,4.3500 -1.9500,1.1700 -1.0300,1.1700 -1.0300,-1.3300 -3.0900,-1.3300
275	WYY7iVyf5p8_6e826145a28a4855af5fbbeed8348b14	8	0.9970	3.2300,-5.3100 3.2300,-0.7400 5.0700,-0.7400 5.0700,1.7000 -0.8200,1.7000 -0.8200,-3.3500 1.7600,-3.3500 1.7600,-5.3100	-0.8300,1.6900 -0.8200,-3.3500 1.7500,-3.3500 1.7500,-5.3100 3.2400,-5.3100 3.2300,-0.7500 5.0600,-0.7400 5.0600,1.7100
276	WYY7iVyf5p8_94f10c8ced74447f943cd132c3e590a0	12	0.9780	3.2900,-3.1200 3.2900,0.2400 1.3100,0.2400 1.3100,1.7500 -1.5900,1.7500 -1.5900,0.9000 -6.3600,0.9000 -6.3600,-2.0300 -1.6900,-2.0300 -1.6900,-0.5300 -0.1000,-0.5300 -0.1000,-3.1200	-0.1300,-3.1200 3.2700,-3.1400 3.2900,0.2200 1.3100,0.2300 1.3200,1.7400 -1.5800,1.7600 -1.5900,0.9100 -1.7100,0.9100 -1.7100,0.7500 -2.1200,0.7500 -2.1200,0.9200 -6.3500,0.9500 -6.3700,-1.9800 -1.7100,-2.0200 -1.6900,-0.5100 -0.1100,-0.5200
277	WYY7iVyf5p8_a4f570759107410fb03ace49b814346b	8	0.9860	4.0600,-3.1100 4.0600,1.7600 -1.8800,1.7600 -1.8800,0.7800 -3.0100,0.7800 -3.0100,0.3200 -9.5200,0.3200 -9.5200,-3.1100	-9.5200,-3.0900 4.0600,-3.1300 4.0800,1.7400 2.3500,1.7500 2.3500,1.6200 -0.1000,1.6300 -0.1000,1.7500 -1.8600,1.7600 -1.8600,0.7800 -3.0000,0.7800 -3.0000,0.3200 -9.5100,0.3400
278	WYY7iVyf5p8_e20df3d9cd3a4b059ed7acf2238a29b3	8	0.9970	0.6000,-2.0400 0.6000,4.0700 -3.9000,4.0700 -3.9000,1.1700 -5.8100,1.1700 -5.8100,-0.0000 -3.4700,-0.0000 -3.4700,-2.0400	-5.8100,1.1700 -5.8100,-0.0100 -3.4600,-0.0100 -3.4600,-2.0400 0.6100,-2.0400 0.6000,4.0800 -3.9000,4.0700 -3.9000,1.1700
279	WYY7iVyf5p8_ece231cb606d4e7793fbd8ef5801ee10	8	0.9940	4.0600,-1.4300 4.0600,3.5300 1.4900,3.5300 1.4900,5.0800 0.1300,5.0800 0.1300,1.0100 -1.8800,1.0100 -1.8800,-1.4300	-1.8700,-1.4200 4.0700,-1.4100 4.0600,3.5600 1.5000,3.5500 1.5000,5.0900 0.1200,5.0900 0.1300,1.0200 -1.8800,1.0200
280	WYY7iVyf5p8_f024612e20c544e29823e91d6d1c94f6	8	0.9860	3.0100,-3.9800 3.0100,1.0900 -3.3600,1.0900 -3.3600,0.0600 -5.5400,0.0600 -5.5400,-0.4600 -10.4500,-0.4600 -10.4500,-3.9800	-10.4500,-3.9600 3.0000,-3.9800 3.0100,0.7200 1.3100,0.7300 1.3100,1.0900 -3.4000,1.1000 -3.4000,0.0700 -5.5400,0.0700 -5.5500,-0.4500 -10.4500,-0.4400
281	WYY7iVyf5p8_f6b5c5032227489db09df8222a6b4488	8	0.9950	3.7500,-4.9500 3.7500,0.0400 0.5100,0.0400 0.5100,2.0500 -0.5700,2.0500 -0.5700,0.0200 -3.3500,0.0200 -3.3500,-4.9500	-3.3200,-4.9700 3.7800,-4.9300 3.7500,0.0500 0.5200,0.0300 0.5100,2.0500 -0.5900,2.0400 -0.5800,0.0300 -3.3500,0.0100
282	X7HyMhZNoso_0595477618f44940b004970372df16dc	6	0.9810	3.0700,-4.7200 3.0700,0.2000 0.7000,0.2000 0.7000,1.4000 -0.6100,1.4000 -0.6100,-4.7200	-0.5700,1.4300 -0.5800,0.2000 -0.4100,0.2000 -0.4200,-0.2600 -0.5800,-0.2500 -0.6100,-4.6900 3.0600,-4.7200 3.1000,0.2000 0.7600,0.2200 0.7600,1.4200
283	X7HyMhZNoso_215ab480f5084ac992c0d0e6b3e82268	8	0.9870	4.1800,-0.7900 4.1800,2.3000 6.7200,2.3000 6.7200,8.6900 0.2300,8.6900 0.2300,3.6700 -0.4300,3.6700 -0.4300,-0.7900	-0.4900,-0.5100 -0.0700,-0.5200 -0.0800,-0.7700 4.1200,-0.8000 4.1400,2.2900 6.5400,2.2700 6.5400,2.7000 6.6800,2.7000 6.7200,8.6700 0.2300,8.7100 0.2000,3.6800 -0.4600,3.6900 -0.4700,2.0700 -0.3100,2.0700 -0.3100,1.5700 -0.3900,1.5700 -0.4100,-0.3900 -0.4900,-0.3900
284	X7HyMhZNoso_28ada927582d4d6ea7cf44cabf31527a	6	0.9960	0.6700,-3.3000 0.6700,-0.5000 3.3700,-0.5000 3.3700,0.5200 -3.3200,0.5200 -3.3200,-3.3000	-3.3200,-3.3100 0.6800,-3.2900 0.6700,-0.5000 3.3700,-0.5000 3.3700,0.5300 -3.3300,0.5100
285	X7HyMhZNoso_2b16acff0dc042a1a75816a1fbd0a302	10	0.9770	0.6200,-0.7600 0.6200,8.9500 -0.2800,8.9500 -0.2800,4.3500 -2.1100,4.3500 -2.1100,7.5300 -3.6300,7.5300 -3.6300,5.7800 -6.7400,5.7800 -6.7400,-0.7600	-6.7300,-0.7700 0.6300,-0.7300 0.5900,8.9800 -0.3200,8.9700 -0.3000,4.3700 -2.1200,4.3600 -2.1300,7.5400 -3.5600,7.5400 -3.5500,5.9700 -3.6500,5.9700 -3.6500,5.7800 -6.4900,5.7700 -6.4800,3.4900 -6.7500,3.4900
286	X7HyMhZNoso_445ae0203f294b5c9889505576e37998	8	0.9880	0.6300,-4.0000 0.6300,0.7400 0.0100,0.7400 0.0100,2.5400 -2.4000,2.5400 -2.4000,0.7600 -4.3400,0.7600 -4.3400,-4.0000	-4.3200,-4.0200 0.6500,-3.9700 0.6000,0.7800 -0.0100,0.7700 -0.0200,2.5600 -2.4500,2.5300 -2.4300,0.7500 -4.3600,0.7300
287	X7HyMhZNoso_f59aa4dda2024d88ac3f9b22331b475b	6	0.9980	2.3000,-2.8900 2.3000,1.9400 -1.4800,1.9400 -1.4800,-2.0300 1.1900,-2.0300 1.1900,-2.8900	-1.4800,1.9300 -1.4800,-2.0400 1.1600,-2.0400 1.1600,-2.9000 2.3000,-2.9000 2.3000,1.9200
288	XcA2TqTSSAj_369b253e4e054e8c9fba8f9d1f7d5ea7	8	1.0000	0.8600,-4.5100 0.8600,-0.5000 3.8900,-0.5000 3.8900,1.2600 -1.5800,1.2600 -1.5800,0.3500 -3.6500,0.3500 -3.6500,-4.5100	-3.6300,-4.5200 0.8800,-4.5000 0.8600,-0.4900 3.8800,-0.4800 3.8800,1.2800 -1.5900,1.2600 -1.5900,0.3500 -3.6500,0.3400
289	YFuZgdQ5vWj_021e0fed78a948bf8627ff9beccae0af	6	0.9720	0.6300,-1.0900 0.6300,1.0900 -1.9400,1.0900 -1.9400,0.3600 -9.4900,0.3600 -9.4900,-1.0900	-9.4800,-1.1000 -9.4400,-1.1000 -9.4400,-0.9300 -8.9400,-0.9200 -8.9400,-0.9300 -8.5100,-0.9200 -8.5100,-1.1000 0.6300,-1.0900 0.6300,1.0700 -1.9300,1.0700 -1.9300,0.3600 -9.4800,0.3500
290	YFuZgdQ5vWj_0d6f152e5fdc42bbb8fc744ecd1dbef2	8	0.9920	1.1800,-3.0800 1.1800,0.4900 2.2400,0.4900 2.2400,1.8000 0.4500,1.8000 0.4500,3.6200 -3.3900,3.6200 -3.3900,-3.0800	-3.3900,-3.0800 1.1800,-3.0700 1.1700,0.5700 2.2300,0.5700 2.2300,1.8200 0.4400,1.8200 0.4400,3.2200 0.2600,3.2200 0.2500,3.6300 -3.4100,3.6200
291	YFuZgdQ5vWj_1e3899a265b34afb8992f88ca155ee8e	8	0.9740	1.2100,-5.6400 1.2100,-0.5000 0.4800,-0.5000 0.4800,2.4700 -6.2500,2.4700 -6.2500,-2.3800 -4.1300,-2.3800 -4.1300,-5.6400	-4.1100,-5.6800 1.2200,-5.6000 1.1500,-0.5800 0.4400,-0.5900 0.3900,2.4900 -6.0200,2.4000 -6.0100,1.7900 -6.3400,1.7800 -6.2800,-2.4500 -5.6500,-2.4500 -5.6500,-2.2700 -4.9900,-2.2600 -4.9900,-2.4400 -4.1500,-2.4300
292	YFuZgdQ5vWj_2e0f20c23f5841ffb5d16166b21ea4d1	8	0.9890	1.3700,-3.5600 1.3700,1.4800 0.6600,1.4800 0.6600,4.2100 -5.7800,4.2100 -5.7800,-0.2500 -3.9400,-0.2500 -3.9400,-3.5600	-3.9400,-3.5700 1.3700,-3.5600 1.3600,1.4800 0.6500,1.4800 0.6400,4.2100 -4.3100,4.2000 -4.3100,4.0300 -4.7100,4.0300 -4.7200,4.1100 -5.8000,4.1000 -5.7900,-0.2800 -3.9500,-0.2700
293	YFuZgdQ5vWj_332c9a36564249c39b5bdb93111b4855	6	0.9920	1.9100,-2.9500 1.9100,-1.7600 1.1400,-1.7600 1.1400,2.4000 -2.9400,2.4000 -2.9400,-2.9500	-2.9200,-2.9500 1.1600,-2.9300 1.1600,-2.8900 1.9300,-2.8900 1.9200,-1.7500 1.1500,-1.7500 1.1300,2.4200 -2.9400,2.4000
294	YFuZgdQ5vWj_36d3666931ed456c816bd8c3bfac8741	6	0.9880	3.9400,-4.7000 3.9400,-3.5400 2.9100,-3.5400 2.9100,0.6300 -1.2300,0.6300 -1.2300,-4.7000	-1.2400,0.6100 -1.2100,-4.7200 3.9600,-4.6900 3.9500,-3.5000 2.9300,-3.5100 2.9000,0.6300
295	YFuZgdQ5vWj_55d2b2f02b244a35b4df100f3b7ab127	6	0.9870	1.6600,-3.8700 1.6600,-2.6600 1.1400,-2.6600 1.1400,1.6000 -3.0100,1.6000 -3.0100,-3.8700	-3.0300,1.5800 -2.9900,-3.8800 1.6900,-3.8400 1.6800,-2.6400 1.1600,-2.6500 1.1200,1.6200
296	YFuZgdQ5vWj_5806fe5d921147acb87456324b91240c	10	0.9850	2.1000,-4.9300 2.1000,-3.4400 1.4500,-3.4400 1.4500,0.2700 0.6100,0.2700 0.6100,2.9200 -5.5900,2.9200 -5.5900,-1.5200 -3.9700,-1.5200 -3.9700,-4.9300	-3.9400,-4.9600 2.1200,-4.9000 2.1100,-3.4200 1.4600,-3.4200 1.4200,0.2900 0.5800,0.2800 0.5600,2.9300 -5.5400,2.8700 -5.5300,1.1500 -5.6200,1.1400 -5.5900,-1.5700 -3.9700,-1.5500
297	YFuZgdQ5vWj_58f58d38d349411b96ceb7d25a757317	10	0.9950	3.8400,-3.1200 3.8400,0.5500 -0.1200,0.5500 -0.1200,5.2800 -5.3500,5.2800 -5.3500,0.5600 -1.4500,0.5600 -1.4500,-0.5700 0.1300,-0.5700 0.1300,-3.1200	-1.4500,-0.5700 0.1300,-0.5700 0.1300,-3.1200 2.9600,-3.1200 2.9600,-2.9200 3.4300,-2.9200 3.4300,-3.1200 3.8300,-3.1200 3.8300,-2.7800 3.6700,-2.7800 3.6700,-2.2200 3.8300,-2.2200 3.8400,0.5500 -0.1200,0.5500 -0.1100,5.2800 -5.3400,5.2900 -5.3500,0.5600 -1.4500,0.5600
298	YFuZgdQ5vWj_662b7b8b29ed49d99654891ba3a29e1f	10	0.9870	0.6600,-2.0600 0.6600,0.1300 3.9800,0.1300 3.9800,9.3100 2.4500,9.3100 2.4500,5.6800 -1.1500,5.6800 -1.1500,4.7000 -4.1900,4.7000 -4.1900,-2.0600	-4.1900,-2.0500 0.6600,-2.0600 0.6700,0.1200 3.9800,0.1200 3.9900,6.7100 3.8600,6.7100 3.8600,7.3100 3.9900,7.3100 3.9900,9.1400 2.4600,9.1500 2.4600,5.6700 2.3500,5.6700 2.3500,5.5900 1.5000,5.5900 1.5000,5.6700 1.2200,5.6700 1.2200,5.5000 0.8400,5.5000 0.8400,5.6700 -1.1400,5.6700 -1.1400,4.7000 -4.1800,4.7100
299	YFuZgdQ5vWj_6f16abdc4e9b43b68a8bf4f1cea04de8	10	0.9640	4.2800,-4.6500 4.2800,-3.0600 2.8000,-3.0600 2.8000,0.3500 2.1100,0.3500 2.1100,3.4000 -4.4000,3.4000 -4.4000,-1.3000 -2.4300,-1.3000 -2.4300,-4.6500	-2.3100,-4.7300 3.1600,-4.5900 3.1600,-4.5000 4.3900,-4.4700 4.3600,-3.0000 2.8800,-3.0400 2.8000,0.4100 2.1100,0.3900 2.0400,2.9700 1.8700,2.9700 1.8600,3.4300 -4.4800,3.2700 -4.3600,-1.4300 -2.4000,-1.3800
300	YFuZgdQ5vWj_79252d1758f04e19b2d27d4ddd6ebc63	10	0.9830	3.3400,-1.1900 3.3400,0.8900 6.9800,0.8900 6.9800,8.4700 5.5100,8.4700 5.5100,6.7200 1.5500,6.7200 1.5500,5.4100 -1.2100,5.4100 -1.2100,-1.1900	-1.1700,-1.2300 3.3900,-1.1900 3.3700,0.8900 7.0100,0.9200 6.9700,4.4800 6.8900,4.4800 6.8800,6.1100 6.9600,6.1100 6.9400,8.5000 5.5500,8.4900 5.5700,6.7300 1.5200,6.6900 1.5300,5.3900 -1.2300,5.3600
301	YFuZgdQ5vWj_8379b904ae304b219c35488391b98c4b	8	0.9830	1.8100,-1.1300 1.8100,1.0900 0.5500,1.0900 0.5500,6.6400 -7.2600,6.6400 -7.2600,2.7000 -4.7500,2.7000 -4.7500,-1.1300	-4.7200,-1.1600 1.8400,-1.1200 1.8300,0.9900 0.5700,0.9800 0.5400,6.4700 -0.0700,6.4600 -0.0700,6.6400 -7.2800,6.6000 -7.2500,2.6500 -4.7400,2.6700
302	YFuZgdQ5vWj_85c77bac1e554dab95cffa805a00e943	6	0.9900	2.3600,-4.3800 2.3600,-3.0500 1.5900,-3.0500 1.5900,1.0700 -2.5700,1.0700 -2.5700,-4.3800	-2.5800,1.0700 -2.5500,-4.3900 2.3800,-4.3600 2.3700,-3.0300 1.6000,-3.0400 1.5800,1.0900
303	YFuZgdQ5vWj_8761b1a07991404d91c2807884c17a2c	10	0.9730	3.6400,-2.4100 3.6400,2.4000 1.5400,2.4000 1.5400,6.0300 -5.4100,6.0300 -5.4100,4.0600 -3.7300,4.0600 -3.7300,0.5600 -3.0700,0.5600 -3.0700,-2.4100	-3.0400,-2.4700 -0.3700,-2.4400 -0.3700,-2.2600 0.0400,-2.2500 0.0400,-2.4300 3.6700,-2.3900 3.6100,2.4200 1.5000,2.4000 1.4600,6.0200 -5.4900,5.9300 -5.4700,3.9600 -3.7900,3.9800 -3.7400,0.5400 -3.0800,0.5500
304	YFuZgdQ5vWj_87abdbbe4412443f8880dc8201eae793	14	0.9770	0.9600,-2.8900 0.9600,-1.5800 2.7400,-1.5800 2.7400,-0.5500 0.9600,-0.5500 0.9600,-0.1200 5.7900,-0.1200 5.7900,2.9700 2.3400,2.9700 2.3400,4.0700 1.0200,4.0700 1.0200,2.1700 -0.8000,2.1700 -0.8000,-2.8900	-0.8200,-2.8700 0.9300,-2.8700 0.9400,-1.5600 2.5200,-1.5700 2.5200,-0.5300 0.9400,-0.5300 0.9400,-0.1100 5.7800,-0.1200 5.7900,2.9700 2.3400,2.9800 2.3500,4.0800 1.0100,4.0800 1.0100,2.1800 -0.8100,2.1800
305	YFuZgdQ5vWj_8add56ad6dd54be795cd5e3b6e3349ca	10	0.9780	6.0300,-3.2900 6.0300,0.0400 0.5100,0.0400 0.5100,3.7700 -3.0000,3.7700 -3.0000,0.2000 -0.4800,0.2000 -0.4800,-1.2800 1.3000,-1.2800 1.3000,-3.2900	1.2700,-3.3000 3.3800,-3.3100 3.3800,-3.2100 4.3800,-3.2200 4.3800,-3.3100 5.9900,-3.3200 6.0100,0.0100 0.4800,0.0300 0.5000,3.7700 -3.0100,3.7800 -3.0200,0.2100 -0.5200,0.2000 -0.5300,-1.2900 1.2800,-1.3000
306	YFuZgdQ5vWj_8b222f6c479d48ccb0cc24fbd402618c	10	0.9800	1.2400,-1.7100 1.2400,5.0400 -3.4800,5.0400 -3.4800,2.7300 -7.1700,2.7300 -7.1700,-3.1500 -5.1900,-3.1500 -5.1900,-2.3200 -1.7400,-2.3200 -1.7400,-1.7100	-7.1200,-3.0600 -6.2200,-3.0500 -6.2200,-3.1800 -5.2500,-3.1700 -5.2600,-2.3400 -5.0800,-2.3400 -5.0800,-2.2500 -3.7800,-2.2400 -3.7800,-2.3300 -3.1400,-2.3200 -3.1400,-2.1400 -2.7600,-2.1400 -2.7600,-2.3200 -1.9300,-2.3100 -1.9300,-1.7000 1.2700,-1.6700 1.2100,5.0800 -3.5000,5.0400 -3.4800,2.7400 -7.1800,2.7000 -7.1500,-0.6200 -6.9800,-0.6200 -6.9700,-1.3400 -7.1400,-1.3400
307	YFuZgdQ5vWj_8c8df75cf06041a5b7b0b4cce4e9e6ed	10	0.9820	1.4800,-1.2600 1.4800,1.0200 4.7700,1.0200 4.7700,9.8200 3.0300,9.8200 3.0300,6.2100 -0.3300,6.2100 -0.3300,5.3300 -3.2500,5.3300 -3.2500,-1.2600	-3.2300,-1.3100 1.5000,-1.2800 1.4900,1.0000 4.7700,1.0200 4.7500,4.5400 4.6400,4.5400 4.6300,5.5900 4.7400,5.5900 4.7100,9.8200 2.9700,9.8100 3.0000,6.1900 -0.3600,6.1700 -0.3500,5.2900 -3.2700,5.2700
308	YFuZgdQ5vWj_8f50ee3ca01343dd82e9c55fbc59d379	10	0.9980	0.8000,-3.3800 0.8000,1.8700 -1.0100,1.8700 -1.0100,0.5000 -5.8700,0.5000 -5.8700,-4.1300 -2.4500,-4.1300 -2.4500,-5.1900 -1.1200,-5.1900 -1.1200,-3.3800	-2.4500,-5.1900 -1.1400,-5.1900 -1.1400,-3.3800 0.7900,-3.3800 0.8000,1.8700 -1.0100,1.8700 -1.0100,0.5000 -5.8700,0.5100 -5.8800,-4.1300 -2.4500,-4.1300
309	YFuZgdQ5vWj_90bab42098594c2ca44b917d5a857cd8	10	0.7540	3.3900,-0.7200 3.3900,1.4000 0.8400,1.4000 0.8400,0.7000 -0.4100,0.7000 -0.4100,1.8700 -2.3300,1.8700 -2.3300,5.6800 -6.8300,5.6800 -6.8300,-0.7200	-6.5500,-0.8600 -2.6000,-0.2700 -2.5700,-0.4500 -2.0200,-0.3700 -2.0200,-0.3800 -1.4600,-0.3000 -1.4300,-0.5000 1.4300,-0.0800 1.4000,0.1300 1.8200,0.1900 1.8200,0.2000 2.3300,0.2800 2.3600,0.0600 3.6200,0.2500 3.3000,2.3500 2.8500,2.2800 2.8600,2.1800 2.2800,2.1000 2.3000,1.9700 1.8700,1.9100 1.8400,2.1300 1.2100,2.0300 1.2500,1.7800 0.8200,1.7200 0.8800,1.2900 -0.3000,1.1100 -0.4100,1.7900 -2.3600,1.5000 -2.9900,5.6900 -7.4300,5.0300
310	YFuZgdQ5vWj_90d93cf5bd974b238727888cd07a8526	12	1.0000	0.0300,-4.3300 0.0300,-0.6600 1.1200,-0.6600 1.1200,0.6700 -0.6600,0.6700 -0.6600,2.6200 -6.2100,2.6200 -6.2100,0.8800 -3.2100,0.8800 -3.2100,-0.0500 -4.7200,-0.0500 -4.7200,-4.3300	-4.7200,-4.3300 0.0300,-4.3300 0.0300,-0.6600 1.1200,-0.6600 1.1200,0.6700 -0.6600,0.6700 -0.6600,2.6200 -6.2100,2.6200 -6.2100,0.8800 -3.2100,0.8800 -3.2100,-0.0300 -4.7200,-0.0300
311	YFuZgdQ5vWj_92cb150e5f1e440da6046f0f1f007aae	10	0.9930	2.6600,-1.4600 2.6600,3.3900 0.2700,3.3900 0.2700,6.4800 -6.3700,6.4800 -6.3700,4.9700 -4.8300,4.9700 -4.8300,1.6500 -4.3900,1.6500 -4.3900,-1.4600	-4.3900,-1.4400 2.6600,-1.4600 2.6700,3.4000 0.2900,3.4000 0.3000,6.4900 -6.3500,6.5200 -6.3600,4.9900 -4.8200,4.9800 -4.8300,1.7000 -4.3800,1.6900
312	YFuZgdQ5vWj_a49940b6a8204bfbac3c67cc57f78009	6	0.9960	4.0000,-4.8400 4.0000,0.7000 -0.9700,0.7000 -0.9700,-0.5300 -0.1300,-0.5300 -0.1300,-4.8400	-0.9800,0.6900 -0.9800,-0.5500 -0.1400,-0.5500 -0.1300,-4.8500 4.0000,-4.8400 3.9900,0.2400 3.8300,0.2400 3.8300,0.7000
313	YFuZgdQ5vWj_aa31721c3c23418bb05a4caa3b88b7cf	8	0.9770	3.2500,-1.3100 3.2500,1.7500 -0.1000,1.7500 -0.1000,1.1600 -5.5500,1.1600 -5.5500,-5.2900 -0.6700,-5.2900 -0.6700,-1.3100	-5.5000,-5.2900 -0.6200,-5.2500 -0.6500,-1.2700 3.2600,-1.2500 3.2500,1.2300 3.2100,1.2300 3.2000,1.8200 -0.1300,1.8000 -0.1200,1.2100 -5.5500,1.1700
314	YFuZgdQ5vWj_d5dde04ba5cd4517b91615ddbe9b0ee9	12	0.9660	0.9200,-3.6000 0.9200,-1.4100 1.3800,-1.4100 1.3800,-2.8200 2.7500,-2.8200 2.7500,2.9700 -2.2500,2.9700 -2.2500,-0.7800 -3.4100,-0.7800 -3.4100,-2.1500 -1.5200,-2.1500 -1.5200,-3.6000	-1.4900,-2.4900 -1.3100,-2.4900 -1.3100,-2.9100 -1.3700,-2.9100 -1.3600,-3.6100 0.9600,-3.5900 0.9400,-1.4200 1.4000,-1.4100 1.4100,-2.4700 2.7700,-2.4600 2.7200,2.9900 -2.2700,2.9500 -2.2400,-0.8000 -3.4000,-0.8100 -3.3900,-2.1800 -1.5000,-2.1600
315	YFuZgdQ5vWj_dafccfaeaa6342dfb58c0d927dbced58	12	0.9930	-0.5500,-4.3300 -0.5500,-2.0000 0.3200,-2.0000 0.3200,-4.0500 4.9500,-4.0500 4.9500,1.2100 0.9500,1.2100 0.9500,2.2700 -0.3900,2.2700 -0.3900,0.4400 -2.2800,0.4400 -2.2800,-4.3300	0.3200,-4.0600 4.9600,-4.0600 4.9500,1.0800 4.0400,1.0800 4.0400,1.2100 0.9500,1.2000 0.9500,2.2600 -0.4100,2.2500 -0.4000,0.4300 -2.2800,0.4200 -2.2700,-4.3200 -0.5500,-4.3200 -0.5500,-2.0100 0.3200,-2.0000
316	YFuZgdQ5vWj_fdfadee66c364112b088538355513121	12	0.9940	0.9300,-1.1100 0.9300,4.3000 -0.8200,4.3000 -0.8200,1.3500 -1.7700,1.3500 -1.7700,2.9600 -6.3300,2.9600 -6.3300,-1.9400 -2.5300,-1.9400 -2.5300,-3.2300 -0.9000,-3.2300 -0.9000,-1.1100	-2.5200,-3.2300 -0.8900,-3.2200 -0.8900,-1.1100 0.9400,-1.1000 0.9200,4.3200 -0.8400,4.3200 -0.8300,1.3600 -1.7700,1.3600 -1.7800,2.9700 -4.2700,2.9600 -4.2700,2.8000 -4.6700,2.7900 -4.6700,2.8000 -5.0800,2.7900 -5.0800,2.9600 -6.3400,2.9500 -6.3200,-1.9500 -2.5200,-1.9300
317	aayBHfsNo7d_0fa45532f291420e9275811772f05e49	12	0.9990	0.9400,-3.5300 0.9400,0.3400 1.8700,0.3400 1.8700,2.2800 -0.0100,2.2800 -0.0100,2.7700 -0.9100,2.7700 -0.9100,1.8400 -2.5700,1.8400 -2.5700,2.7700 -4.4900,2.7700 -4.4900,-3.5300	-4.4700,-3.5300 0.9600,-3.5200 0.9500,0.3400 1.8800,0.3400 1.8800,2.2900 -0.0000,2.2900 -0.0000,2.7700 -0.8700,2.7700 -0.8700,2.2800 -0.9100,2.2800 -0.9100,1.8400 -2.5700,1.8400 -2.5700,2.7700 -4.4800,2.7700
318	aayBHfsNo7d_5ab3ffcf9e124111bd2fa931badc3c83	8	0.9870	0.7800,-5.0100 0.7800,1.2100 -4.5700,1.2100 -4.5700,-2.6600 -5.1900,-2.6600 -5.1900,-4.1200 -1.0500,-4.1200 -1.0500,-5.0100	-1.0900,-5.0100 0.7400,-5.0300 0.8100,1.1800 -4.5500,1.2400 -4.5900,-2.6600 -5.2100,-2.6500 -5.2200,-4.0900 -1.0800,-4.1300
319	aayBHfsNo7d_648bb87f6b844a088376ef700d77aa5d	10	0.9970	1.4800,-4.6400 1.4800,0.9400 0.5800,0.9400 0.5800,3.6200 -1.0300,3.6200 -1.0300,0.9400 -2.5600,0.9400 -2.5600,1.4100 -3.8000,1.4100 -3.8000,-4.6400	-3.8100,-4.6400 1.4700,-4.6400 1.4800,0.9400 0.5700,0.9400 0.5700,3.6300 -1.0500,3.6300 -1.0500,0.9400 -2.5700,0.9400 -2.5700,1.4000 -3.8000,1.4000
320	aayBHfsNo7d_9568123de77d4e68bfba11f34b83ac7a	6	0.9840	0.6400,-2.1600 0.6400,1.8100 -2.7900,1.8100 -2.7900,0.1700 -3.3500,0.1700 -3.3500,-2.1600	-3.3500,-2.1400 0.6400,-2.1900 0.6900,1.7900 -2.7400,1.8300 -2.7600,0.1800 -3.3200,0.1800
321	aayBHfsNo7d_d1af2f90794243db807d60a07050941c	10	0.9690	0.0400,-4.7600 0.0400,-0.7300 11.2300,-0.7300 11.2300,1.1100 -0.9200,1.1100 -0.9200,1.5800 -1.8500,1.5800 -1.8500,0.7800 -4.9900,0.7800 -4.9900,-4.7600	-5.0000,-4.7300 0.0200,-4.7700 0.0500,-0.7400 11.2400,-0.8300 11.2600,1.0100 -0.8900,1.1000 -0.8900,1.5800 -1.7900,1.5800 -1.7900,1.1100 -1.8300,1.1100 -1.8400,0.8000 -4.9600,0.8200
322	ac26ZMwG7aT_0cf943705a6f4cf798dbcc605c811a50	14	0.9660	1.7400,-5.9100 1.7400,-0.4000 0.5600,-0.4000 0.5600,3.6100 -1.8600,3.6100 -1.8600,2.1800 -1.0700,2.1800 -1.0700,-1.9900 -1.9400,-1.9900 -1.9400,-3.6400 -1.0700,-3.6400 -1.0700,-10.4300 0.4500,-10.4300 0.4500,-5.9100	-1.0500,-10.4400 0.5100,-10.4300 0.4900,-5.9100 1.7300,-5.9000 1.7100,-1.8600 1.5500,-1.8600 1.5500,-1.4600 1.7100,-1.4600 1.7100,-0.3900 0.4600,-0.4000 0.4400,3.6100 -1.9900,3.6000 -1.9900,2.1700 -1.1100,2.1700 -1.0900,-2.0000 -1.9700,-2.0000 -1.9600,-3.6500 -1.0800,-3.6500
323	ac26ZMwG7aT_11fae969386e4e4fa6ed73ac9f20cd1d	8	0.9810	-0.3600,-3.8800 -0.3600,-0.7400 0.4400,-0.7400 0.4400,0.9200 -4.2400,0.9200 -4.2400,-3.2700 -2.4000,-3.2700 -2.4000,-3.8800	-2.4100,-3.8600 -0.3700,-3.8800 -0.3300,-0.7400 0.4700,-0.7500 0.4900,0.9000 -4.1900,0.9600 -4.2400,-3.2300 -2.4000,-3.2500
324	ac26ZMwG7aT_1374647ec3f94d46a28310bdf04bb8d8	8	0.9700	1.3600,-3.6900 1.3600,0.3100 -0.4500,0.3100 -0.4500,1.0700 -2.5700,1.0700 -2.5700,-2.0600 -3.3400,-2.0600 -3.3400,-3.6900	-3.4100,-3.6800 1.2900,-3.7800 1.3800,0.2200 -0.4400,0.2600 -0.4300,1.0000 -2.5400,1.0500 -2.6100,-2.0700 -3.3700,-2.0500
325	ac26ZMwG7aT_13faa4c86406405ba802f5bdcba744ee	8	0.9860	2.5400,-3.9100 2.5400,-0.6700 3.3000,-0.6700 3.3000,0.8000 -1.5700,0.8000 -1.5700,-3.2000 0.3800,-3.2000 0.3800,-3.9100	-1.5300,0.8400 -1.5800,-3.1600 0.3700,-3.1800 0.3600,-3.8900 2.5300,-3.9100 2.5600,-0.6600 3.3200,-0.6700 3.3400,0.7800
326	ac26ZMwG7aT_1674e74d24cc478e832b252de024bc9b	6	0.9870	1.1400,-3.2000 1.1400,0.2000 0.5000,0.2000 0.5000,2.5500 -3.2700,2.5500 -3.2700,-3.2000	-3.3000,2.5400 -3.2700,-3.2100 1.1300,-3.1900 1.1100,0.2100 0.4700,0.2100 0.4600,2.5600
327	ac26ZMwG7aT_178df5c45ab94180b8c956c7b3f54ca7	8	0.9710	0.5000,-4.0400 0.5000,0.7700 -3.6600,0.7700 -3.6600,-1.1800 -4.3000,-1.1800 -4.3000,-3.1900 -1.0700,-3.1900 -1.0700,-4.0400	-1.1200,-4.0600 0.4500,-4.0800 0.5000,0.7300 -3.5500,0.7800 -3.5600,-0.0500 -3.6700,-0.0500 -3.6900,-1.1800 -4.3100,-1.1700 -4.3300,-3.1700 -1.1100,-3.2100
328	ac26ZMwG7aT_2291e23cde8e4eaebe6b9fe9cbdeb888	12	0.9920	2.4300,-4.7600 2.4300,-4.0600 3.1600,-4.0600 3.1600,-0.5800 0.4500,-0.5800 0.4500,-0.0900 1.9100,-0.0900 1.9100,2.5800 1.3300,2.5800 1.3300,3.0800 -0.5300,3.0800 -0.5300,-4.7600	-0.5300,-4.7600 2.4300,-4.7500 2.4300,-4.0600 3.1600,-4.0500 3.1600,-0.5700 0.4200,-0.5800 0.4200,-0.0900 1.9100,-0.0800 1.9000,2.5800 1.2600,2.5800 1.2600,3.0800 -0.5500,3.0800
329	ac26ZMwG7aT_329e410f057b4056a2b61cab3322d815	8	0.9770	2.6800,-2.1700 2.6800,1.0600 3.4600,1.0600 3.4600,2.7400 -1.6400,2.7400 -1.6400,-1.5200 0.5000,-1.5200 0.5000,-2.1700	-1.5900,2.7500 -1.6500,-1.5100 0.4900,-1.5400 0.4800,-2.1800 2.6600,-2.2100 2.7100,1.0200 3.4800,1.0100 3.5000,2.6800
330	ac26ZMwG7aT_47bec259eaac4e00a4db928751889af6	6	0.9990	1.1900,-1.9500 1.1900,2.7600 -0.4700,2.7600 -0.4700,2.0800 -3.1900,2.0800 -3.1900,-1.9500	-3.2000,-1.9500 1.1900,-1.9300 1.1800,2.1000 1.1400,2.1000 1.1400,2.7800 -0.4800,2.7700 -0.4800,2.0900 -3.2100,2.0900
331	ac26ZMwG7aT_500a6e1357ea4860b4971a3011195e05	8	0.9790	2.8700,3.8500 0.8100,3.8500 0.8100,4.5400 -1.2700,4.5400 -1.2700,1.0700 -2.1300,1.0700 -2.1300,-0.5300 2.8700,-0.5300	-2.1900,-0.5100 2.8100,-0.6000 2.8900,3.7800 0.8200,3.8100 0.8300,4.5000 -1.2400,4.5400 -1.3000,1.0800 -2.1600,1.0900
332	ac26ZMwG7aT_5dee09fa6cca450bbffec66329368e89	8	0.9760	2.9300,-4.6100 2.9300,-0.1100 0.9400,-0.1100 0.9400,0.5900 -1.2600,0.5900 -1.2600,-2.7200 -2.1300,-2.7200 -2.1300,-4.6100	-2.1900,-4.5800 2.8700,-4.6700 2.9500,-0.1700 0.9100,-0.1300 0.9200,0.5600 -1.2400,0.6000 -1.3000,-2.7100 -2.1600,-2.6900
333	ac26ZMwG7aT_6e5f25022c4d4dbf9a7f35bd77cbf296	10	0.9810	4.5900,-2.6900 4.5900,1.5700 0.9800,1.5700 0.9800,2.3600 1.6100,2.3600 1.6100,3.8900 -0.1800,3.8900 -0.1800,-0.9200 1.4600,-0.9200 1.4600,-2.6900	1.4500,-2.7100 4.5800,-2.7100 4.5900,1.5400 0.9000,1.5500 0.9000,2.3700 1.6100,2.3700 1.6100,3.8800 -0.1800,3.8800 -0.1800,-0.9400 1.4500,-0.9400
334	ac26ZMwG7aT_735cc8eae07743a1aa5d41ba878b0eb4	12	0.9770	1.2400,-7.9900 1.2400,-2.9100 2.6400,-2.9100 2.6400,2.7100 1.2600,2.7100 1.2600,7.2500 -0.4600,7.2500 -0.4600,1.0000 -1.6700,1.0000 -1.6700,-0.8600 -0.4500,-0.8600 -0.4500,-7.9900	-0.4300,7.2500 -0.4500,1.0000 -1.6700,1.0000 -1.6800,-0.8600 -0.4600,-0.8600 -0.4800,-7.9900 1.2200,-7.9900 1.2400,-2.9200 2.6200,-2.9200 2.6400,2.2200 2.4800,2.2200 2.4800,2.7000 1.2600,2.7100 1.2800,7.2400
335	ac26ZMwG7aT_7fb0cc6c0754461ca29084c1d793b600	10	0.9840	1.3300,-1.7900 1.3300,1.1100 -2.5700,1.1100 -2.5700,2.7900 -6.4000,2.7900 -6.4000,-0.2500 -3.3500,-0.2500 -3.3500,-1.0900 -0.7600,-1.0900 -0.7600,-1.7900	1.3100,-1.8300 1.3300,1.0800 -2.5700,1.1000 -2.5700,2.7700 -6.3900,2.7900 -6.4100,-0.2500 -3.3600,-0.2700 -3.3600,-1.1100 -0.7800,-1.1200 -0.7800,-1.8200
336	ac26ZMwG7aT_8b6a76eb79104e6cbfe32db46e5fb58c	8	0.9660	-5.0800,-3.8100 -0.3100,-3.8100 -0.3100,-1.3000 0.3000,-1.3000 0.3000,0.8800 -3.5200,0.8800 -3.5200,1.3300 -5.0800,1.3300	-5.0800,-3.7600 -0.3100,-3.8300 -0.2700,-1.3200 0.3300,-1.3200 0.3600,0.8500 -3.8700,0.9100 -3.8600,1.3600 -4.2700,1.3600 -4.2700,1.2400 -5.0100,1.2500
337	ac26ZMwG7aT_8dc2bb01c486457b9a0348c413d62f67	6	0.9800	5.1500,-3.1700 5.1500,0.9800 -0.7800,0.9800 -0.7800,-3.9000 2.6300,-3.9000 2.6300,-3.1700	-0.7600,-3.9000 2.6400,-3.8800 2.6300,-3.1500 4.3900,-3.1300 4.3900,-2.9500 5.1600,-2.9500 5.1300,1.0100 -0.7900,0.9800
338	ac26ZMwG7aT_8e24f06762dd4535ae68bdaf10aba9c4	6	0.9870	0.2900,-2.2500 0.2900,2.2400 -2.7800,2.2400 -2.7800,1.5600 -5.0200,1.5600 -5.0200,-2.2500	-5.0100,-2.1400 -4.5200,-2.1300 -4.5200,-2.3000 0.2900,-2.2500 0.2500,2.2400 -2.8100,2.2100 -2.8000,1.5400 -5.0400,1.5200
339	ac26ZMwG7aT_91b29545634c4754bfe914564d6c950f	8	0.9840	1.8100,-2.0900 1.8100,0.4500 -4.1900,0.4500 -4.1900,1.1400 -10.5000,1.1400 -10.5000,-1.1900 0.0300,-1.1900 0.0300,-2.0900	0.0300,-2.0900 1.8100,-2.0900 1.8100,0.4700 -4.1900,0.4800 -4.1900,1.1400 -10.5000,1.1400 -10.5000,-1.1900 0.0300,-1.2000
340	ac26ZMwG7aT_97dfbaecdc3f417385083e8302b2b694	14	0.9320	0.5200,-11.9900 0.5200,-6.3800 1.4500,-6.3800 1.4500,-2.3800 0.5300,-2.3800 0.5300,1.6100 -2.0200,1.6100 -2.0200,-0.2300 -1.0800,-0.2300 -1.0800,-4.3000 -1.5700,-4.3000 -1.5700,-6.5000 -1.0400,-6.5000 -1.0400,-11.9900	-1.0700,-11.9800 0.5100,-11.9900 0.5400,-6.4200 1.4700,-6.4300 1.4900,-2.3800 0.5600,-2.3800 0.5800,0.8300 0.4200,0.8300 0.4200,1.6100 -1.4900,1.6200 -1.5100,-0.2200 -1.0000,-0.2200 -1.0300,-4.2900 -1.5300,-4.2800 -1.5400,-6.4100 -1.0400,-6.4100
341	ac26ZMwG7aT_9d97383beaee4ec78b8b20f44ba72c3b	10	0.9950	4.7600,-4.7200 4.7600,0.7000 -1.3000,0.7000 -1.3000,-0.3300 -4.5600,-0.3300 -4.5600,-1.9800 -0.2100,-1.9800 -0.2100,-0.4800 0.2800,-0.4800 0.2800,-4.7200	0.2900,-4.7200 4.7800,-4.7100 4.7600,0.7100 -1.3000,0.6900 -1.2900,-0.3300 -4.5500,-0.3400 -4.5500,-2.0000 -0.2000,-1.9800 -0.2000,-0.4800 0.2800,-0.4700
342	ac26ZMwG7aT_bbac569878204a37bb6482bc5089aaa5	10	0.9690	0.3100,-1.4700 0.3100,0.9600 -1.4600,0.9600 -1.4600,1.8200 -2.8000,1.8200 -2.8000,-1.5200 -5.3300,-1.5200 -5.3300,-3.4800 -1.6500,-3.4800 -1.6500,-1.4700	-5.3500,-3.4300 -1.6400,-3.4700 -1.6200,-1.4500 0.3000,-1.4700 0.3200,0.9600 -1.6000,0.9800 -1.5900,1.8300 -2.7800,1.8400 -2.8100,-1.5000 -5.3300,-1.4700
343	ac26ZMwG7aT_bd4a599f645342adafc1b09a953431e8	10	0.9770	0.5500,-6.8000 0.5500,-2.7700 2.8900,-2.7700 2.8900,0.9600 0.3200,0.9600 0.3200,2.7000 -0.8200,2.7000 -0.8200,-2.2800 -2.4100,-2.2800 -2.4100,-6.8000	-2.4300,-6.7900 0.4600,-6.8000 0.4700,-2.7700 2.8900,-2.7800 2.9000,0.9600 0.4800,0.9600 0.4800,1.0900 0.3700,1.0900 0.3700,2.7100 -0.7300,2.7100 -0.7300,1.5400 -0.8100,1.5400 -0.8200,-2.2700 -2.4200,-2.2600
344	ac26ZMwG7aT_c370bbcbfbf649e38524754b668bb1b2	14	0.9410	0.9400,-4.1400 0.9400,-0.0200 3.2400,-0.0200 3.2400,3.6800 0.6900,3.6800 0.6900,5.5000 -0.4500,5.5000 -0.4500,0.5700 -1.8800,0.5700 -1.8800,-0.3200 -1.2000,-0.3200 -1.2000,-2.1400 -2.3900,-2.1400 -2.3900,-4.1400	-1.9800,-4.0900 0.7400,-4.1300 0.8100,-0.0200 3.1900,-0.0500 3.2400,2.8300 3.1200,2.8300 3.1400,3.6400 0.8700,3.6800 0.8700,3.7200 0.7200,3.7200 0.7500,5.5100 -0.4100,5.5300 -0.4900,0.6000 -1.9100,0.6200 -1.9200,-0.2500 -1.2500,-0.2700 -1.2800,-2.1500 -1.9500,-2.1300 -1.9500,-2.1700 -2.4700,-2.1700 -2.5000,-4.0400 -1.9800,-4.0500
345	ac26ZMwG7aT_fa1974a668c94fa393eccece0be0ede3	6	1.0000	0.7600,-3.3600 0.7600,-2.7300 3.0500,-2.7300 3.0500,1.0300 -2.3100,1.0300 -2.3100,-3.3600	-2.3100,-3.3500 0.7700,-3.3400 0.7700,-2.7200 3.0600,-2.7100 3.0400,1.0500 -2.3200,1.0300
346	b8cTxDM8gDG_12fc603ce4bc4cbd81c704e630f130bd	6	0.9930	1.1900,-0.7300 1.1900,0.5200 0.3100,0.5200 0.3100,3.2200 -3.7300,3.2200 -3.7300,-0.7300	-3.7100,-0.7400 1.2100,-0.7200 1.2100,0.5300 0.3200,0.5300 0.3200,3.2200 -3.7200,3.2100
347	b8cTxDM8gDG_298a2386166a43c8a04e1c24433f7d15	8	0.9830	0.3200,-1.4700 0.3200,-0.0800 2.8700,-0.0800 2.8700,4.5200 -1.3300,4.5200 -1.3300,1.8100 -0.5300,1.8100 -0.5300,-1.4700	-0.4800,-1.4800 0.3700,-1.4800 0.3600,-0.0800 2.9100,-0.0600 2.8600,4.5400 -1.3200,4.5000 -1.3000,1.7800 -0.5100,1.7900
348	b8cTxDM8gDG_51c90ec9afc4495ab3788c6badc303df	6	0.9780	0.6500,-3.0800 0.6500,1.2600 -1.5200,1.2600 -1.5200,0.7800 -3.1600,0.7800 -3.1600,-3.0800	-3.1600,0.7300 -3.1400,-3.1200 0.6600,-3.1000 0.6400,1.2300 -1.5300,1.2200 -1.5200,0.7400
349	b8cTxDM8gDG_8316e9313299447bb1f574aaf8cbec73	10	0.9820	-0.0200,-1.3500 -0.0200,-0.2700 1.5700,-0.2700 1.5700,0.5200 -2.5400,0.5200 -2.5400,1.6700 -8.1600,1.6700 -8.1600,-2.7400 -2.4300,-2.7400 -2.4300,-1.3500	-8.1600,-2.7500 -2.4900,-2.7600 -2.4900,-1.3800 -0.0200,-1.3800 -0.0200,-0.2100 1.5800,-0.2100 1.5800,0.5000 -2.4800,0.5100 -2.4800,0.6300 -2.5700,0.6300 -2.5600,1.6500 -8.1600,1.6600
350	b8cTxDM8gDG_f339391e9479496e8652c972953f0ce4	6	0.9770	0.5800,-1.1800 0.5800,2.5200 -3.0100,2.5200 -3.0100,-1.6900 -0.8300,-1.6900 -0.8300,-1.1800	-3.0300,2.5300 -2.9900,-1.6800 -0.8200,-1.6600 -0.8200,-1.1500 0.5900,-1.1400 0.5500,2.5600
351	b8cTxDM8gDG_f3748786c3704532abb2358581488f3f	10	0.9670	3.7100,-3.3200 3.7100,-0.9900 4.2400,-0.9900 4.2400,0.9300 0.1700,0.9300 0.1700,1.8900 -3.2800,1.8900 -3.2800,-1.1900 0.5400,-1.1900 0.5400,-3.3200	0.5300,-3.2900 3.7000,-3.3400 3.7400,-1.0100 4.2600,-1.0200 4.2900,0.8800 3.7700,0.8800 3.7700,0.9200 0.2200,0.9800 0.2300,1.9200 -1.5900,1.9500 -1.6000,1.7800 -2.0200,1.7900 -2.0200,1.9600 -3.2100,1.9800 -3.2600,-1.1000 0.5600,-1.1600
352	e9zR4mvMWw7_16eb46a968384060821cb59d0e04f4dd	6	0.9910	3.2900,-1.5200 3.2900,2.8700 1.5500,2.8700 1.5500,1.3000 -2.5100,1.3000 -2.5100,-1.5200	-2.5100,-1.5300 3.2900,-1.5200 3.2800,2.8700 1.5400,2.8600 1.5400,1.3000 -2.5100,1.2900
353	e9zR4mvMWw7_1d316dfbe35f41dd9203eaf88be5aae8	10	0.9850	0.5900,-2.1800 0.5900,0.7700 2.2000,0.7700 2.2000,2.6800 0.0600,2.6800 0.0600,9.2000 -5.6000,9.2000 -5.6000,4.1400 -2.4700,4.1400 -2.4700,-2.1800	-2.4900,-2.1900 0.5700,-2.1900 0.5800,-0.6000 0.4500,-0.6000 0.4600,0.5600 0.5800,0.5600 0.5800,0.7600 0.7400,0.7600 0.7400,0.9300 1.1800,0.9300 1.1800,0.9300 1.6800,0.9300 1.6800,0.7600 2.1800,0.7600 2.1900,2.6700 0.0500,2.6700 0.0600,8.5400 -0.0500,8.5400 -0.0500,9.1900 -5.6000,9.2000 -5.6100,4.1300 -2.4800,4.1300
354	e9zR4mvMWw7_1ff35596f9cb4b98ba4f08dda81c1654	6	1.0000	0.4300,-1.4500 0.4300,-0.4100 3.8300,-0.4100 3.8300,0.6200 -4.0200,0.6200 -4.0200,-1.4500	-4.0200,-1.4400 0.4300,-1.4500 0.4300,-0.4200 3.8300,-0.4200 3.8300,0.6200 -4.0200,0.6300
355	e9zR4mvMWw7_409f2a738bf54153b9b77c39e7a4ea45	6	1.0000	1.5600,-4.1300 1.5600,0.6800 -2.2500,0.6800 -2.2500,1.5300 -5.1800,1.5300 -5.1800,-4.1300	-5.1700,-4.1500 1.5700,-4.1300 1.5600,0.6800 -2.2500,0.6800 -2.2500,1.5200 -5.1800,1.5200
356	e9zR4mvMWw7_4273c4dd97974531b5256f96204fee47	8	0.9810	0.7900,-4.8800 0.7900,1.8800 -4.1400,1.8800 -4.1400,-2.0200 -8.1000,-2.0200 -8.1000,-3.9600 -4.1400,-3.9600 -4.1400,-4.8800	-4.1100,-4.8900 0.8200,-4.8600 0.7800,0.5500 0.6000,0.5500 0.6000,0.9300 0.5100,0.9300 0.5000,1.9000 -4.1600,1.8600 -4.1300,-2.0300 -8.0900,-2.0500 -8.0800,-4.0100 -4.1200,-3.9800
357	e9zR4mvMWw7_511976eee78f42e6858dcb7845a44777	8	0.9830	0.6700,-4.6400 0.6700,3.9700 -6.8100,3.9700 -6.8100,1.3500 -2.9100,1.3500 -2.9100,0.2900 -4.0900,0.2900 -4.0900,-4.6400	-4.0600,-4.6500 0.6900,-4.6100 0.6400,2.6500 0.5400,2.6500 0.5300,3.9900 -6.8500,3.9300 -6.8300,1.3100 -2.9300,1.3400 -2.9200,0.2900 -4.1000,0.2800
358	e9zR4mvMWw7_5a03fdefad7a46f4abaf1b2b924ec153	6	0.9880	5.0200,-0.5900 5.0200,1.4000 -0.3800,1.4000 -0.3800,0.3900 -3.7900,0.3900 -3.7900,-0.5900	-3.7800,-0.6200 5.0400,-0.5600 5.0200,1.4300 -0.3800,1.3900 -0.3700,0.3800 -3.7800,0.3600
359	e9zR4mvMWw7_5d711de78dbd400aa4cfd51fc05dfbee	6	0.9740	3.3400,-1.7800 3.3400,-0.6100 6.2900,-0.6100 6.2900,0.3900 -2.0000,0.3900 -2.0000,-1.7800	-2.0000,-1.7800 3.3400,-1.7700 3.3400,-0.6000 6.2900,-0.5900 6.2900,0.4200 -2.0100,0.3900
360	e9zR4mvMWw7_6a856f5cb71645558f9f9ee069f37f1b	8	0.9930	8.2800,-0.7200 8.2800,1.7700 0.9300,1.7700 0.9300,2.9300 2.1200,2.9300 2.1200,7.9900 -2.7500,7.9900 -2.7500,-0.7200	-2.7600,7.9800 -2.7500,-0.7200 8.2800,-0.7000 8.2700,1.7900 0.9200,1.7800 0.9200,1.9100 0.8300,1.9100 0.8300,2.7700 0.9200,2.7700 0.9200,2.9300 2.0000,2.9300 2.0000,3.8700 2.1100,3.8700 2.1100,7.9900
361	e9zR4mvMWw7_a5b1928b6c1144bf8b7fda2317debf08	8	0.9900	0.7000,-1.6000 0.7000,0.1000 1.3000,0.1000 1.3000,1.0500 0.3100,1.0500 0.3100,1.9100 -2.8100,1.9100 -2.8100,-1.6000	-2.8100,-1.6100 0.3200,-1.6100 0.3200,-1.5700 0.7000,-1.5700 0.7100,-0.0500 0.3200,-0.0500 0.3200,0.0900 1.3000,0.0900 1.3000,1.0400 0.3200,1.0400 0.3200,1.9000 -2.8100,1.9100
362	e9zR4mvMWw7_c904c55a5d0e420bbd6e4e030b9fe5b4	6	0.9900	4.3300,-1.1100 4.3300,3.6000 -4.3400,3.6000 -4.3400,-0.2000 -0.6500,-0.2000 -0.6500,-1.1100	-4.3400,-0.1600 -0.6500,-0.1800 -0.6600,-1.0900 4.3200,-1.1200 4.3500,3.6000 -4.3200,3.6500
363	e9zR4mvMWw7_f624a40d100144e696a39abe258ee090	6	0.9870	2.3200,-1.3300 2.3200,3.4700 -6.8900,3.4700 -6.8900,-0.3100 -2.5900,-0.3100 -2.5900,-1.3300	-6.9000,-0.2700 -2.6000,-0.2900 -2.6100,-1.3100 2.3100,-1.3400 2.3300,3.4700 2.0400,3.4700 2.0400,3.3400 1.3300,3.3500 1.3300,3.4700 -6.8800,3.5100
364	e9zR4mvMWw7_f6c327acf9884d988714467217d67dcd	8	0.9930	2.9700,-6.6800 2.9700,2.0300 -9.0800,2.0300 -9.0800,-0.4600 -0.6300,-0.4600 -0.6300,-1.5200 -1.7700,-1.5200 -1.7700,-6.6800	-1.7600,-6.6700 2.9700,-6.6800 3.0000,2.0200 -9.0600,2.0600 -9.0600,-0.4400 -0.6100,-0.4600 -0.6100,-1.5200 -1.7500,-1.5200
365	e9zR4mvMWw7_f8d915e2d06a4ff8ab6f4cdaf3e42295	6	0.9840	0.5400,-1.6100 0.5400,2.2100 1.2600,2.2100 1.2600,4.9400 -4.1700,4.9400 -4.1700,-1.6100	-4.1900,-1.5700 0.5100,-1.6300 0.5600,2.1900 1.2800,2.1900 1.3100,4.9100 -4.1100,4.9800 -4.1200,4.2100 -3.9500,4.2100 -3.9600,3.7400 -4.1200,3.7400
366	fzynW3qQPVF_2cc420cf791c45c1b618382ab9fdb9b2	6	0.9840	1.3100,-8.6300 1.3100,-4.2200 0.6500,-4.2200 0.6500,1.6100 -0.9100,1.6100 -0.9100,-8.6300	-0.9600,1.6100 -0.9100,-8.6200 1.3200,-8.6100 1.2900,-4.2100 0.6300,-4.2100 0.6000,1.6200
367	fzynW3qQPVF_522f93cfd1c441bfab873cd3442256bb	10	0.9930	2.3400,-3.8400 2.3400,3.5500 -2.8400,3.5500 -2.8400,5.4300 -4.2800,5.4300 -4.2800,-1.7000 -3.0700,-1.7000 -3.0700,-1.2500 -0.0600,-1.2500 -0.0600,-3.8400	-0.0500,-3.8400 2.3600,-3.8300 2.3300,3.5700 -2.9500,3.5500 -2.9500,5.4300 -4.2900,5.4200 -4.2700,-1.2600 -4.2300,-1.2600 -4.2300,-1.7100 -3.0600,-1.7000 -3.0700,-1.2500 -0.0600,-1.2400
368	fzynW3qQPVF_93d81a30e96f40f5a07c7a1e6d67b487	10	0.9960	1.1600,-2.9600 1.1600,0.8400 0.0400,0.8400 0.0400,2.9700 -0.9000,2.9700 -0.9000,0.8000 -1.3800,0.8000 -1.3800,2.1000 -3.5500,2.1000 -3.5500,-2.9600	-3.5400,-2.9700 1.1700,-2.9600 1.1600,0.8100 0.0500,0.8000 0.0400,2.9700 -0.9100,2.9600 -0.9000,0.8000 -1.3800,0.8000 -1.3800,2.1000 -3.5500,2.0900
369	fzynW3qQPVF_d45bc7c06ffe437f827edbec486589e6	6	0.9850	8.0800,-0.8200 8.0800,1.7900 3.1400,1.7900 3.1400,0.7500 -2.7500,0.7500 -2.7500,-0.8200	-2.7400,-0.8500 5.9100,-0.8200 5.9100,-0.6500 6.5900,-0.6500 6.5900,-0.8200 8.0900,-0.8100 8.0800,1.8000 3.1400,1.7800 3.1400,0.7500 -2.7500,0.7200
370	fzynW3qQPVF_e04ee80e0ad949b6867eb233c023f270	8	0.9920	5.7500,-1.2600 5.7500,3.6300 8.1700,3.6300 8.1700,5.2500 1.0100,5.2500 1.0100,1.0400 -1.4500,1.0400 -1.4500,-1.2600	-1.4400,-1.2500 5.7600,-1.2400 5.7500,3.6600 8.1700,3.6600 8.1700,5.2700 1.0100,5.2600 1.0100,1.0600 -1.4400,1.0500
371	gTV8FGcVJC9_3d8a7ef8ace848de93dadc773b2d436d	8	0.9750	5.1900,-1.1300 5.1900,4.4800 -1.1800,4.4800 -1.1800,1.1300 -8.2300,1.1300 -8.2300,-0.5200 -1.1800,-0.5200 -1.1800,-1.1300	-1.2000,-1.1100 3.9800,-1.1400 3.9800,-1.0500 5.1700,-1.0600 5.2100,4.3500 4.2200,4.3500 4.2200,4.4700 -1.1600,4.5000 -1.1800,1.1500 -6.8200,1.1800 -6.8200,1.0100 -8.2300,1.0200 -8.2400,-0.4600 -1.1900,-0.5000
372	gTV8FGcVJC9_4c328fadee7746aaa3bc81984c4bce68	8	0.9930	1.0000,-4.4100 1.0000,5.4500 -0.9700,5.4500 -0.9700,2.3800 -1.7600,2.3800 -1.7600,1.3200 -0.9700,1.3200 -0.9700,-4.4100	-0.9900,5.4600 -0.9800,2.3900 -1.7600,2.3800 -1.7600,1.3200 -0.9800,1.3300 -0.9600,-4.4000 0.8300,-4.4000 0.8300,-3.8800 1.0100,-3.8800 0.9800,5.4600
373	gTV8FGcVJC9_d99257204fff475ab4fb92677ac86dff	6	0.9870	0.8900,-2.4500 0.8900,6.8900 -4.8100,6.8900 -4.8100,-0.6000 -0.7600,-0.6000 -0.7600,-2.4500	-4.7400,6.8800 -4.7300,5.0400 -4.8200,5.0400 -4.7800,-0.6200 -0.7600,-0.6000 -0.7500,-2.4400 0.9300,-2.4300 0.8800,6.0400 0.7000,6.0300 0.7000,6.9100
374	i5noydFURQK_09032e947ac442f3bd01ad3b4f4e1b13	8	0.9880	3.8200,-7.7200 3.8200,-2.2100 6.9200,-2.2100 6.9200,1.3500 3.3400,1.3500 3.3400,0.6100 -0.5400,0.6100 -0.5400,-7.7200	-0.5100,-6.6600 -0.4100,-6.6600 -0.4100,-7.7300 3.7600,-7.7200 3.7600,-4.7800 3.6700,-4.7800 3.6700,-4.2300 3.8400,-4.2300 3.8300,-2.2100 6.9400,-2.2000 6.9300,1.3600 3.3400,1.3500 3.3400,0.6200 -0.5300,0.6100
375	i5noydFURQK_37fc3df516b34c7b95d95c9097151ad9	12	0.9740	2.7400,-0.6400 2.7400,2.4300 3.6600,2.4300 3.6600,3.9900 -2.3100,3.9900 -2.3100,-0.6400 -0.4900,-0.6400 -0.4900,-2.2100 -1.2000,-2.2100 -1.2000,-5.1400 0.4000,-5.1400 0.4000,-0.6400	-1.2500,-5.1400 0.3500,-5.1500 0.3800,-0.6500 2.7300,-0.6700 2.7500,2.6100 3.6700,2.6000 3.6800,3.9500 -2.2800,4.0000 -2.3200,-0.6300 -0.5000,-0.6400 -0.5100,-2.2200 -1.2300,-2.2100
376	i5noydFURQK_3a4c65b97ebb4b4fb888a262586c3fa7	10	0.9790	3.4000,-2.7900 3.4000,1.7900 2.4200,1.7900 2.4200,2.3200 0.0300,2.3200 0.0300,1.7900 -1.2100,1.7900 -1.2100,-0.5500 -0.1700,-0.5500 -0.1700,-2.7900	-0.0900,-2.8100 3.4100,-2.8000 3.4000,1.7700 2.4100,1.7700 2.4100,2.2900 0.0200,2.2900 0.0200,1.8000 -0.1000,1.8000 -0.1000,1.7600 -1.2100,1.7600 -1.2000,-0.5900 -0.1000,-0.5900
377	i5noydFURQK_433a39089bf94c7994e39d5e7115cd02	6	1.0000	2.4400,-3.0400 2.4400,0.6000 -2.1200,0.6000 -2.1200,-0.3300 -2.7200,-0.3300 -2.7200,-3.0400	-2.7100,-3.0400 2.4400,-3.0400 2.4400,0.6000 -2.1200,0.6000 -2.1200,-0.3300 -2.7100,-0.3300
378	i5noydFURQK_4dcc93d2006646e19f9b2748dcb4f860	6	0.9890	4.2100,-0.5800 4.2100,3.8600 -0.7600,3.8600 -0.7600,0.8000 -1.4500,0.8000 -1.4500,-0.5800	-1.4600,-0.5700 4.1900,-0.5800 4.2000,3.8600 -0.7700,3.8700 -0.7800,0.8000 -1.4600,0.8100
379	i5noydFURQK_57bdea1f5113402d9b4a65450e030424	10	0.9960	2.5500,-2.1000 2.5500,3.7400 -1.9000,3.7400 -1.9000,1.9000 -3.6700,1.9000 -3.6700,1.0000 -1.9000,1.0000 -1.9000,-1.2500 1.0300,-1.2500 1.0300,-2.1000	1.0400,-2.1100 2.5600,-2.1000 2.5500,3.7400 -1.9000,3.7300 -1.9000,1.8900 -3.6600,1.8800 -3.6600,0.9700 -1.8900,0.9700 -1.8900,-1.2700 1.0300,-1.2600
380	i5noydFURQK_5f1b89f0e0f341849fcdab381165cd26	6	0.9940	5.3700,-0.7800 5.3700,3.8700 0.1600,3.8700 0.1600,0.7100 -0.5700,0.7100 -0.5700,-0.7800	-0.5900,-0.7700 5.3500,-0.8000 5.3800,3.8500 0.1700,3.8700 0.1500,0.7200 -0.5800,0.7300
381	i5noydFURQK_81309402fcf041df881e7aca01b8b4f2	10	0.9800	3.9500,-1.7500 3.9500,0.3400 7.7800,0.3400 7.7800,1.2800 3.9500,1.2800 3.9500,3.6700 0.7700,3.6700 0.7700,4.3400 -0.6800,4.3400 -0.6800,-1.7500	-0.7100,-1.7200 3.9200,-1.7700 3.9400,0.3200 7.7700,0.2800 7.7800,1.2300 3.9500,1.2700 3.9700,3.6600 0.8100,3.6900 0.8100,4.3600 -0.6500,4.3800
382	i5noydFURQK_902b0496eeb94742995708a15c69bb26	8	0.9840	0.5200,-10.3500 0.5200,-5.4700 3.8700,-5.4700 3.8700,0.6200 -0.7400,0.6200 -0.7400,-3.1700 -1.9200,-3.1700 -1.9200,-10.3500	-1.9500,-10.3400 0.4900,-10.3500 0.5200,-5.4700 3.8600,-5.4900 3.8900,-0.7300 3.7000,-0.7300 3.7000,-0.1700 3.8900,-0.1700 3.9000,0.6100 -0.7200,0.6300 -0.7400,-3.1600 -1.9100,-3.1600
384	i5noydFURQK_bf86bc749f794739a74bac109ec2f4ef	6	0.9440	0.7000,-2.2200 0.7000,1.1900 -2.9000,1.1900 -2.9000,-2.9100 -1.5400,-2.9100 -1.5400,-2.2200	-2.9200,-2.9300 -1.5600,-2.9600 -1.5400,-2.2700 -0.3100,-2.2900 -0.3100,-2.2000 0.6900,-2.2200 0.7700,1.0900 -2.8300,1.1700
385	i5noydFURQK_e6ac6b13b27c41b28df5d51a7e26549d	6	0.9670	1.2000,-1.7400 1.2000,-0.5600 0.7600,-0.5600 0.7600,1.7400 -2.6500,1.7400 -2.6500,-1.7400	-2.7000,-1.7500 1.1400,-1.8200 1.1600,-0.6400 0.7300,-0.6300 0.7700,1.6800 -2.6400,1.7300
386	i5noydFURQK_f9e969d895654fb5b82a1366e0b72762	6	0.9880	3.7500,-3.0600 3.7500,2.0200 0.7600,2.0200 0.7600,2.8100 -0.7300,2.8100 -0.7300,-3.0600	-0.7300,-3.0300 3.7500,-3.0400 3.7600,1.9100 2.9300,1.9200 2.9300,1.8700 2.5300,1.8700 2.5300,2.0400 0.7400,2.0400 0.7400,2.8300 -0.7200,2.8300
387	i5noydFURQK_fae6e14f539d49e6ae5007da3497e6fa	6	0.9930	1.7800,-0.5900 1.7800,0.7200 1.3500,0.7200 1.3500,3.2000 -2.1300,3.2000 -2.1300,-0.5900	-2.1100,-0.6000 1.3800,-0.5800 1.3800,-0.5400 1.8000,-0.5400 1.8000,0.7300 1.3700,0.7300 1.3600,3.2100 -2.1300,3.1900
388	jh4fc5c5qoQ_3182b6eba9ce405f9e1c0af86cc6b862	6	0.9910	6.6100,-1.3700 6.6100,0.3600 4.4400,0.3600 4.4400,2.7000 -1.4100,2.7000 -1.4100,-1.3700	-1.4200,-1.3600 6.6000,-1.3900 6.6000,0.3500 4.4300,0.3600 4.4400,2.6900 -1.4000,2.7200
389	jh4fc5c5qoQ_6ab11272308c46068c9ae583da8ff311	10	1.0000	4.5200,-1.5500 4.5200,2.3000 1.7000,2.3000 1.7000,4.0800 0.7000,4.0800 0.7000,2.3000 -0.1700,2.3000 -0.1700,0.9700 -2.9700,0.9700 -2.9700,-1.5500	-2.9600,-1.5500 4.5200,-1.5400 4.5100,2.3100 1.7000,2.3000 1.7000,4.0800 0.7000,4.0800 0.7000,2.3000 -0.1800,2.3000 -0.1700,0.9800 -2.9700,0.9700
390	jh4fc5c5qoQ_97739a403b984dcd8253741a073b18dd	6	0.9910	5.4700,-1.3700 5.4700,0.3100 2.9500,0.3100 2.9500,2.7400 -2.7400,2.7400 -2.7400,-1.3700	-2.7500,-1.3800 5.4600,-1.3600 5.4600,0.3300 2.9400,0.3200 2.9400,2.7500 -2.7600,2.7300
391	jh4fc5c5qoQ_abbdc7ac89204f23a935fcb9ccae887c	6	0.9900	3.2000,-1.2300 3.2000,0.5300 0.9300,0.5300 0.9300,2.8100 -4.8600,2.8100 -4.8600,-1.2300	-4.8700,-1.2100 3.1800,-1.2700 3.2000,0.5200 0.9300,0.5300 0.9500,2.8000 -3.9400,2.8300 -3.9400,2.7400 -4.8400,2.7400
392	jh4fc5c5qoQ_b000c5baa76b454caa1c58c9aac585f6	8	0.9880	-0.0900,-2.9100 -0.0900,-0.7100 2.3000,-0.7100 2.3000,-2.4300 7.9200,-2.4300 7.9200,1.0200 -2.8700,1.0200 -2.8700,-2.9100	2.2900,-2.4200 7.9100,-2.4600 7.9300,0.9900 -2.8600,1.0600 -2.8900,-2.8600 -0.1100,-2.8800 -0.0900,-0.6900 2.3000,-0.7000
393	jtcxE69GiFV_29d51ea54a5040098e9b1ba6eaa1f5bd	8	0.9940	2.0800,-1.3700 2.0800,4.3400 -2.1300,4.3400 -2.1300,3.2200 -4.7200,3.2200 -4.7200,0.7500 -2.1300,0.7500 -2.1300,-1.3700	-4.7100,0.7300 -2.1200,0.7300 -2.1100,-1.3800 1.1100,-1.3700 1.1100,-1.2000 1.5000,-1.2000 1.5000,-1.2000 2.0900,-1.2000 2.0700,4.3400 -2.1300,4.3200 -2.1300,3.2100 -4.7200,3.2000
394	jtcxE69GiFV_539fb3f6f19b442285b593628a8ce14e	6	0.9950	4.3500,-0.5000 4.3500,5.0100 0.1700,5.0100 0.1700,0.5900 -2.4100,0.5900 -2.4100,-0.5000	-2.4100,0.6000 -2.4200,-0.4800 4.3400,-0.5200 4.3700,4.9900 0.1900,5.0100 0.1700,0.5900
395	jtcxE69GiFV_6723e18211d244f8b17ced91aae64d99	6	0.9940	0.6200,-0.6700 0.6200,0.4100 2.9900,0.4100 2.9900,4.1900 -3.9400,4.1900 -3.9400,-0.6700	-3.9300,-0.6700 0.6300,-0.6700 0.6300,0.4100 3.0000,0.4100 2.9900,4.1100 1.4100,4.1100 1.4100,4.2000 -3.1700,4.1900 -3.1700,4.0300 -3.5700,4.0300 -3.5700,4.1900 -3.9400,4.1900
396	jtcxE69GiFV_67790605390f4d439c3c59395967ec84	8	0.9740	5.1600,-2.0200 5.1600,1.6600 -5.6800,1.6600 -5.6800,-1.7200 -2.0200,-1.7200 -2.0200,-0.8200 0.5500,-0.8200 0.5500,-2.0200	0.5400,-2.0100 5.1500,-2.0500 5.1800,1.6300 -1.9600,1.6900 -1.9600,1.5200 -2.5500,1.5300 -2.5500,1.5200 -3.4900,1.5300 -3.4900,1.7000 -4.1500,1.7000 -4.1500,1.5200 -4.6200,1.5300 -4.6200,1.6100 -5.6600,1.6100 -5.6900,-1.5800 -4.5300,-1.5900 -4.5300,-1.6800 -2.0200,-1.7000 -2.0100,-0.8000 0.5500,-0.8200
397	jtcxE69GiFV_7ca707708ef54c5bac2992d05d4f1408	6	0.9890	0.7800,-3.3900 0.7800,0.6100 -3.0400,0.6100 -3.0400,-2.5800 -0.3600,-2.5800 -0.3600,-3.3900	-0.3600,-3.4000 0.7600,-3.4100 0.8000,0.5800 -3.0300,0.6200 -3.0600,-2.5600 -0.3600,-2.5900
398	jtcxE69GiFV_fb1ac7e96b884d289aff3fe02bb3c248	8	0.9770	6.9600,-1.7700 6.9600,1.7300 -3.1700,1.7300 -3.1700,-1.6000 -0.3200,-1.6000 -0.3200,-0.7500 2.3600,-0.7500 2.3600,-1.7700	2.3500,-1.6900 6.9500,-1.7200 6.9600,1.7000 -3.1600,1.7600 -3.1800,-1.6600 -3.1400,-1.6600 -3.1400,-1.5600 -0.3300,-1.5700 -0.3200,-0.7400 2.3500,-0.7600
399	kEZ7cmS4wCh_3c4a8eb4ef504942b6df1937932aa3f2	8	0.9930	1.2200,-1.2600 1.2200,0.5900 -1.5400,0.5900 -1.5400,2.1200 -5.5200,2.1200 -5.5200,-4.0200 -1.5100,-4.0200 -1.5100,-1.2600	-5.5300,-4.0300 -1.5300,-4.0300 -1.5300,-1.2800 1.2200,-1.2800 1.2200,0.5700 -1.5200,0.5800 -1.5200,2.1100 -5.5200,2.1200
400	kEZ7cmS4wCh_6811d52593b740cb9047202ce1e8a1e4	8	0.9910	6.3200,-1.2600 6.3200,1.6100 1.6800,1.6100 1.6800,0.4700 -1.3900,0.4700 -1.3900,-0.4800 2.3100,-0.4800 2.3100,-1.2600	2.4000,-1.2700 5.8500,-1.2700 5.8500,-1.1300 6.3200,-1.1300 6.3300,1.6100 1.6900,1.6200 1.6900,0.4800 -1.3900,0.4900 -1.3900,-0.4700 2.4100,-0.4800
401	mJXqzFtmKg4_0ed0d93b000d491585d3b8f8e6898d7c	6	0.9880	2.6900,-4.7900 2.6900,-0.0100 0.7900,-0.0100 0.7900,4.9100 -1.4200,4.9100 -1.4200,-4.7900	-1.4300,4.8900 -1.4300,4.1600 -1.2900,4.1600 -1.2800,3.6400 -1.4200,3.6400 -1.4000,-4.8000 2.7000,-4.7900 2.6900,-0.0100 0.7900,-0.0200 0.7800,4.9000
402	mJXqzFtmKg4_58c1ee4403b241b384060e71d2cf0256	6	0.9900	5.2200,-1.2800 5.2200,3.2000 0.3000,3.2000 0.3000,0.6400 -4.2000,0.6400 -4.2000,-1.2800	-4.2000,-1.2900 5.2200,-1.2600 5.2100,3.2100 0.2900,3.2000 0.3000,0.6400 -4.2000,0.6300
403	mJXqzFtmKg4_74b98484805f4ce6902f7001915b80bf	10	0.9820	4.3800,-1.4800 4.3800,1.3300 0.1200,1.3300 0.1200,0.6400 -3.0100,0.6400 -3.0100,-1.5700 -1.1800,-1.5700 -1.1800,-0.6100 0.1000,-0.6100 0.1000,-1.4800	-3.0100,-1.4900 -1.1800,-1.4900 -1.1800,-0.5800 0.1100,-0.5800 0.1100,-1.4900 4.3900,-1.4900 4.3800,1.3400 0.1100,1.3400 0.1100,0.6700 -3.0100,0.6700
404	mJXqzFtmKg4_972a6c55f1fd40ff8f32fab7fe82f5e7	6	0.9740	1.4200,-4.0600 1.4200,-0.4500 0.3400,-0.4500 0.3400,0.3300 -1.5500,0.3300 -1.5500,-4.0600	-1.5300,0.3300 -1.5300,-0.0400 -1.3700,-0.0400 -1.3700,-0.4500 -1.5400,-0.4500 -1.5700,-4.0600 1.4000,-4.0900 1.4300,-0.4700 0.3700,-0.4600 0.3700,0.3100
405	oLBMNvg9in8_124cb258e88347a99605655d1d69d8df	6	0.9940	0.8800,-4.3100 0.8800,1.5500 -3.2300,1.5500 -3.2300,-1.4400 -0.9900,-1.4400 -0.9900,-4.3100	-3.2200,1.5600 -3.2300,-1.4300 -1.0000,-1.4400 -1.0000,-4.3100 0.8600,-4.3100 0.8800,1.5500
406	oLBMNvg9in8_17b0a62ece1a46479ad80021b5b28eee	10	0.9470	4.1300,-1.7100 4.1300,3.5100 -0.3200,3.5100 -0.3200,0.5500 -0.9600,0.5500 -0.9600,3.2600 -5.7100,3.2600 -5.7100,-0.6700 -0.3000,-0.6700 -0.3000,-1.7100	-0.3300,-1.5700 4.0700,-1.6100 4.0700,-1.7000 4.1100,-1.7000 4.1600,3.4500 -0.2800,3.4900 -0.3100,0.6000 -0.9500,0.6000 -0.9200,3.5000 -1.0200,3.5000 -1.0200,3.3100 -5.6800,3.3600 -5.7100,-0.5000 -0.3200,-0.5500
407	oLBMNvg9in8_3568f636692c4bfe9159ebb15e86b78d	6	0.9970	0.9100,-2.0200 0.9100,3.7200 -4.6600,3.7200 -4.6600,-1.1400 -0.4100,-1.1400 -0.4100,-2.0200	-0.3600,-2.0200 0.9000,-2.0300 0.9100,3.7100 -4.6500,3.7200 -4.6600,-1.1300 -0.3600,-1.1400
408	oLBMNvg9in8_50b87256231240eeb2ccee2c6c28ec1c	6	0.9830	3.8100,-3.4400 3.8100,1.7700 0.9700,1.7700 0.9700,2.5200 -0.8400,2.5200 -0.8400,-3.4400	-0.8300,2.5500 -0.8500,-3.4100 3.8000,-3.4300 3.8200,1.7900 0.9700,1.8000 0.9700,2.5400
409	p5wJjkQkbXX_0e93040c3a574977ad36fa61e1d54897	8	0.9960	1.5600,-2.2500 1.5600,1.8500 0.5200,1.8500 0.5200,3.1600 -0.6200,3.1600 -0.6200,1.8700 -3.4000,1.8700 -3.4000,-2.2500	-3.4100,-2.2400 1.5500,-2.2600 1.5600,1.8500 0.5300,1.8600 0.5400,3.1600 -0.6300,3.1600 -0.6300,1.8600 -3.4000,1.8700
410	p5wJjkQkbXX_130eb894f4dc4bc4929831f54445c926	6	0.9840	1.3800,-4.1500 1.3800,1.3700 -3.2500,1.3700 -3.2500,-4.8700 -1.6200,-4.8700 -1.6200,-4.1500	-3.2400,-4.8900 -1.6800,-4.8900 -1.6800,-4.1600 1.3900,-4.1500 1.3600,1.3700 -3.2700,1.3500
411	p5wJjkQkbXX_1bbb3bf17efd4fbea301b8f2194d15ab	6	1.0000	3.6200,-3.2300 3.6200,0.5600 0.5100,0.5600 0.5100,1.2900 -0.5000,1.2900 -0.5000,-3.2300	-0.5000,-3.2300 3.6300,-3.2200 3.6200,0.5700 0.5000,0.5600 0.5000,1.3000 -0.5100,1.2900
412	p5wJjkQkbXX_216f559483e047469d81c24a67801f66	6	0.9920	3.2600,-2.9200 3.2600,0.2900 3.9200,0.2900 3.9200,1.2200 -0.5400,1.2200 -0.5400,-2.9200	-0.5400,-2.9100 3.2600,-2.9300 3.2800,0.2800 3.9400,0.2800 3.9400,1.2100 -0.5100,1.2400
413	p5wJjkQkbXX_31086714d7104f12b1a8068066cad127	8	0.9730	0.7700,-3.5000 0.7700,1.4500 -3.4400,1.4500 -3.4400,0.3400 -7.2300,0.3400 -7.2300,-0.7000 -3.3300,-0.7000 -3.3300,-3.5000	-3.3300,-3.5200 0.7900,-3.4800 0.7500,1.4600 -3.3700,1.4300 -3.3600,0.3400 -7.1100,0.3100 -7.1000,-0.6700 -3.3500,-0.6400
414	p5wJjkQkbXX_4ea8a0b3ea934457bfce7d1c54e256b0	8	0.9970	3.5900,-3.4100 3.5900,1.4700 -0.5500,1.4700 -0.5500,0.5300 -1.8300,0.5300 -1.8300,-0.5700 -0.5200,-0.5700 -0.5200,-3.4100	3.5800,1.4700 -0.5300,1.4600 -0.5300,0.5300 -1.8300,0.5200 -1.8300,-0.5700 -0.5300,-0.5700 -0.5200,-3.4100 3.6000,-3.4000
415	p5wJjkQkbXX_a2c880331c3d4e0294d048252dca60f1	6	0.9870	0.5500,-1.0200 0.5500,2.4900 -0.5700,2.4900 -0.5700,3.3600 -4.4100,3.3600 -4.4100,-1.0200	-4.4000,-1.0400 0.5700,-1.0100 0.5400,2.5100 -0.5800,2.5000 -0.5900,3.3600 -4.4300,3.3300
416	p5wJjkQkbXX_b63c954def2a4e86b44707384d727391	6	1.0000	2.8600,-0.6600 2.8600,2.3100 3.5300,2.3100 3.5300,3.1400 -0.5300,3.1400 -0.5300,-0.6600	-0.5400,3.1400 -0.5400,-0.6600 2.8600,-0.6600 2.8600,2.3100 3.5200,2.3100 3.5200,3.1400
417	p5wJjkQkbXX_ba4dee4c0dd9410480e5ddeb625cdc88	6	0.9950	3.4600,-4.1500 3.4600,-0.6000 0.5600,-0.6000 0.5600,0.3000 -0.5200,0.3000 -0.5200,-4.1500	-0.5300,-4.1400 3.4500,-4.1500 3.4600,-0.6000 0.5600,-0.5900 0.5600,0.3100 -0.5100,0.3200
418	p5wJjkQkbXX_cf90b02d6cdb45c480bfcdf4cbba79ac	6	0.9870	0.6000,-3.4700 0.6000,1.2200 1.4200,1.2200 1.4200,2.8600 -4.6200,2.8600 -4.6200,-3.4700	-4.6300,-3.4600 0.5900,-3.4900 0.6100,1.2100 1.4300,1.2000 1.4400,2.7100 0.7400,2.7200 0.7500,2.8400 -4.5900,2.8700
419	p5wJjkQkbXX_e4611e4d227a4a3e82a77d93640b2ce5	6	0.9990	4.4900,-1.1100 4.4900,3.4500 -1.6500,3.4500 -1.6500,1.7200 -0.8300,1.7200 -0.8300,-1.1100	-0.8400,-1.1100 4.4800,-1.1100 4.4800,3.4500 -1.6600,3.4500 -1.6600,1.7200 -0.8400,1.7200
420	p5wJjkQkbXX_e87237996a4e4c71a6aac65c3ef77b26	8	0.9820	3.0000,2.4900 1.8500,2.4900 1.8500,3.4400 -1.9000,3.4400 -1.9000,-0.5900 0.8400,-0.5900 0.8400,-1.0000 3.0000,-1.0000	-1.9200,-0.6100 0.8200,-0.6300 0.8100,-1.0300 2.9700,-1.0500 3.0000,2.4400 1.8400,2.4500 1.8500,3.4000 -1.8900,3.4300
421	p5wJjkQkbXX_eec88eb9fe534ed79ef172a3e115f54a	8	0.9780	0.5700,-2.7100 0.5700,0.8700 -0.5200,0.8700 -0.5200,1.7400 -4.3500,1.7400 -4.3500,-2.2900 -1.5000,-2.2900 -1.5000,-2.7100	-4.3900,-2.2900 -1.5400,-2.3300 -1.5400,-2.7400 0.4900,-2.7700 0.4900,-2.3600 0.5300,-2.3600 0.5800,0.8100 -0.5100,0.8200 -0.4900,1.7000 -4.3300,1.7500
422	p5wJjkQkbXX_fdad368d493446b5a174695b65a94f56	6	0.9980	6.0800,-0.9900 6.0800,0.6200 4.8800,0.6200 4.8800,4.0900 -0.8300,4.0900 -0.8300,-0.9900	-0.8000,-0.9900 6.1000,-0.9700 6.1000,0.6200 4.8900,0.6200 4.8800,4.1100 -0.8200,4.0900
423	pRbA3pwrgk9_0350fc96e88c4a52886d4eb50b2d52c6	10	0.8590	-1.8700,-1.1200 -0.1500,-1.1200 -0.1500,-0.3800 5.1900,-0.3800 5.1900,3.2000 0.8600,3.2000 0.8600,2.2700 0.0200,2.2700 0.0200,0.1900 -1.8700,0.1900	-0.1500,3.2200 -0.1700,0.3000 -1.8800,0.3100 -1.8900,-0.3200 -0.1700,-0.3300 -0.1700,-0.3700 5.1700,-0.4000 5.1900,3.1900
424	pRbA3pwrgk9_03de6e2562bb4f56a88db3ceb681af78	10	0.9810	3.1700,-3.2600 3.1700,1.2200 0.7100,1.2200 0.7100,0.6700 -0.8000,0.6700 -0.8000,-0.5300 0.1600,-0.5300 0.1600,-2.5100 1.0400,-2.5100 1.0400,-3.2600	0.8900,-2.5600 1.0400,-2.5500 1.0500,-3.2700 3.1800,-3.2400 3.1300,1.2300 0.8500,1.2100 0.8500,0.6700 -0.8200,0.6500 -0.8100,-0.5600 0.1400,-0.5500 0.1700,-2.5200 0.8900,-2.5200
425	pRbA3pwrgk9_05c49a8b61034633ad57ae3527dac65d	6	0.9990	0.6600,-0.5100 0.6600,-0.0800 4.0700,-0.0800 4.0700,4.1500 -0.5700,4.1500 -0.5700,-0.5100	-0.5800,4.1400 -0.5700,-0.5200 0.6600,-0.5100 0.6500,-0.0800 4.0600,-0.0700 4.0500,4.1500
426	pRbA3pwrgk9_bc9ae89832854c19a69741f97291efad	6	0.9900	-0.4000,-0.3600 0.3800,-0.3600 0.3800,-1.3700 5.0800,-1.3700 5.0800,2.2600 -0.4000,2.2600	0.4000,-1.3800 5.1000,-1.3500 5.0700,2.2900 -0.4000,2.2400 -0.3800,-0.3800 0.4000,-0.3800
427	pa4otMbVnkk_270f6920ec0f48c391bca974b356bc3b	6	0.9840	1.6700,-1.4400 1.6700,1.8300 -0.0200,1.8300 -0.0200,2.3600 -2.8800,2.3600 -2.8800,-1.4400	-2.8900,-1.4400 1.6600,-1.4800 1.6900,1.7900 -0.0000,1.8000 -0.0000,2.3300 -2.8600,2.3600
428	pa4otMbVnkk_3df9a5180b94479997b19a8823f31eab	8	0.9990	3.4200,-3.0200 3.4200,-2.0900 4.4500,-2.0900 4.4500,0.4900 -0.5900,0.4900 -0.5900,-3.9900 2.6800,-3.9900 2.6800,-3.0200	-0.5900,-3.9900 2.6800,-3.9900 2.6800,-3.0100 3.4300,-3.0100 3.4300,-2.0900 4.4500,-2.0800 4.4400,0.5000 -0.5900,0.5000
429	pa4otMbVnkk_48321c1bb20244f1b43b2c41b4dc9657	8	0.9870	3.9900,-7.8600 3.9900,-0.9500 9.3200,-0.9500 9.3200,1.6000 -1.4100,1.6000 -1.4100,-4.8600 2.1500,-4.8600 2.1500,-7.8600	2.1600,-7.8800 4.0200,-7.8700 3.9800,-0.9600 9.3100,-0.9300 9.3000,1.5300 6.1700,1.5100 6.1700,1.6100 -1.4300,1.5700 -1.4000,-4.8900 2.1500,-4.8700
430	pa4otMbVnkk_4fbdfc08c934474ea9a04977f9081d0e	8	0.9850	0.2500,-3.1400 0.2500,-0.8400 2.3000,-0.8400 2.3000,0.9500 0.4200,0.9500 0.4200,2.9000 -4.2500,2.9000 -4.2500,-3.1400	-4.2700,-3.1300 0.2200,-3.1500 0.2300,-0.9700 0.3100,-0.9700 0.3100,-0.8300 2.2900,-0.8500 2.3000,0.9500 0.3200,0.9600 0.3300,2.8900 -3.6800,2.9100 -3.6800,2.7400 -4.2400,2.7500
431	pa4otMbVnkk_64ba4f267872432abdcb00af002649d5	6	0.9800	2.0600,-5.1400 2.0600,0.4800 -1.6900,0.4800 -1.6900,-3.7200 -2.4000,-3.7200 -2.4000,-5.1400	-1.6500,0.5100 -1.7100,-3.6800 -2.4100,-3.6800 -2.4300,-5.1000 2.0300,-5.1600 2.1000,0.4600
432	pa4otMbVnkk_7172b7e0aefe4e23a53449a4531ca5e3	10	0.9850	0.9300,-2.9700 0.9300,-1.0000 2.8500,-1.0000 2.8500,0.3800 2.0700,0.3800 2.0700,2.3900 -0.4500,2.3900 -0.4500,1.5300 -3.0700,1.5300 -3.0700,-2.9700	-3.0500,-3.0000 0.9500,-2.9500 0.9200,-0.9800 2.8400,-0.9500 2.8200,0.4200 2.0500,0.4100 2.0200,2.4200 -0.4900,2.3900 -0.4800,1.5300 -3.1000,1.5000
433	pa4otMbVnkk_8c292f0d6db5479fb361ac01a935863a	10	1.0000	2.6000,-0.6900 2.6000,0.7800 1.2400,0.7800 1.2400,2.8200 1.9300,2.8200 1.9300,4.3500 0.0000,4.3500 0.0000,1.6600 -1.1600,1.6600 -1.1600,-0.6900	-1.1500,-0.6900 2.6000,-0.6900 2.6000,0.7900 1.2500,0.7800 1.2500,2.8200 1.9400,2.8200 1.9400,4.3500 0.0000,4.3500 0.0100,1.6600 -1.1500,1.6600
434	pa4otMbVnkk_8d4d0f90d2b145648e952352535c0f50	8	0.9860	0.4500,-4.7800 0.4500,-2.6200 2.3200,-2.6200 2.3200,-0.7600 0.6700,-0.7600 0.6700,1.1900 -4.0600,1.1900 -4.0600,-4.7800	-4.0600,-4.7900 0.4400,-4.7800 0.4400,-2.6600 0.5400,-2.6600 0.5400,-2.6200 2.3100,-2.6200 2.3100,-0.7400 0.5400,-0.7400 0.5300,1.2000 -3.3300,1.1900 -3.3300,1.0600 -4.0700,1.0500
435	pa4otMbVnkk_8d9a72e210cd480a897945c465e5cade	8	0.9960	2.9100,-8.0300 2.9100,2.4900 -2.8800,2.4900 -2.8800,-1.0200 -2.0900,-1.0200 -2.0900,-3.6500 -2.8600,-3.6500 -2.8600,-8.0300	-2.8600,-8.0300 2.8200,-8.0300 2.8200,-7.3100 2.9200,-7.3100 2.9300,2.4900 -2.8600,2.4900 -2.8600,-1.0200 -2.0700,-1.0200 -2.0700,-3.6800 -2.8600,-3.6800
436	pa4otMbVnkk_9548771afcfd442a8dcb73d739a23b27	6	1.0000	2.1300,-0.6000 2.1300,0.6200 0.1000,0.6200 0.1000,3.4000 -4.0300,3.4000 -4.0300,-0.6000	-4.0400,-0.6000 2.1300,-0.6100 2.1300,0.6300 0.0900,0.6300 0.1000,3.3900 -4.0300,3.4000
437	pa4otMbVnkk_a390863f6b5f4b9497580c29d4d7bbe9	6	0.9870	5.5400,-2.7900 5.5400,1.6100 1.3800,1.6100 1.3800,3.4300 -0.8400,3.4300 -0.8400,-2.7900	-0.8600,-2.7800 5.5200,-2.8100 5.5400,1.5800 1.3900,1.6000 1.4000,3.4200 -0.8300,3.4400
438	pa4otMbVnkk_d02457f6d5b84e8fb43b49a52c81c78e	8	0.9840	4.8300,-0.6200 4.8300,2.7100 3.1900,2.7100 3.1900,3.1500 1.1100,3.1500 1.1100,1.2600 -2.2100,1.2600 -2.2100,-0.6200	-2.2300,-0.6100 4.8100,-0.6500 4.8300,2.6800 3.1900,2.6900 3.1900,3.1200 1.1100,3.1300 1.1000,1.2600 -2.2200,1.2800
439	pa4otMbVnkk_e976f604378648b3bd1d1ed1e9638294	6	0.9670	0.9200,-1.5100 0.9200,4.3400 -9.2500,4.3400 -9.2500,-0.5900 -2.9800,-0.5900 -2.9800,-1.5100	-3.0300,-1.4500 0.8700,-1.5100 0.9600,4.3200 -0.5900,4.3400 -0.5900,4.1700 -1.2200,4.1800 -1.2200,4.3500 -9.2100,4.4800 -9.2800,-0.4500 -9.0000,-0.4600 -9.0000,-0.2900 -8.3500,-0.3000 -8.3600,-0.4700 -3.0100,-0.5500
440	pa4otMbVnkk_f0397335d45f43c282646a8653918f86	6	0.9950	5.1200,-2.2600 5.1200,-1.1000 3.3200,-1.1000 3.3200,1.6200 -0.7300,1.6200 -0.7300,-2.2600	-0.7400,-2.2400 5.1100,-2.2700 5.1100,-1.0900 3.3200,-1.0900 3.3300,1.6200 -0.7200,1.6300
441	pa4otMbVnkk_f750030380cb4bbe87e4bf3d31b63f94	6	0.9990	1.3700,-0.8700 1.3700,0.0600 3.0400,0.0600 3.0400,3.5300 -1.9000,3.5300 -1.9000,-0.8700	-1.9100,-0.8600 1.3600,-0.8800 1.3600,0.0500 3.0400,0.0400 3.0600,3.5200 -1.8900,3.5400
442	q9vSo1VnCiC_9ba6cd412cb04c5c9beb15ef9e6d22c5	8	0.9920	3.4900,-4.2600 3.4900,-3.1200 2.5000,-3.1200 2.5000,0.8600 4.2700,0.8600 4.2700,2.0700 -1.4900,2.0700 -1.4900,-4.2600	-1.4900,-4.2600 3.4900,-4.2600 3.4900,-3.1100 2.5000,-3.1100 2.5000,0.8600 4.2800,0.8600 4.2800,2.0800 -1.4900,2.0800
443	q9vSo1VnCiC_9c9fb1fccf4e46a597a9510a1938c8b4	8	0.9860	1.7400,-1.8800 1.7400,1.0800 -0.3400,1.0800 -0.3400,7.2900 -4.6200,7.2900 -4.6200,-0.8000 0.0600,-0.8000 0.0600,-1.8800	-4.6400,7.2800 -4.6100,-0.8100 0.0700,-0.7900 0.0700,-1.8700 1.6400,-1.8600 1.6400,-1.2000 1.7600,-1.2000 1.7500,1.0900 -0.3400,1.0800 -0.3600,7.3000
444	q9vSo1VnCiC_a6560bae311a403a9bfe94e4c1c645f4	14	0.9700	6.1300,-5.2400 6.1300,-0.5400 8.4400,-0.5400 8.4400,0.8500 3.2400,0.8500 3.2400,1.5200 1.8600,1.5200 1.8600,0.8500 0.3300,0.8500 0.3300,4.5100 -1.5900,4.5100 -1.5900,1.1300 -0.6700,1.1300 -0.6700,-5.2400	-0.6500,-5.2500 -0.1800,-5.2400 -0.1800,-5.0800 0.4200,-5.0700 0.4200,-5.2400 6.1500,-5.1900 6.1100,-0.5100 8.4300,-0.4900 8.4100,0.9200 3.1500,0.8800 3.1500,1.5600 1.7800,1.5500 1.7900,0.8600 0.3000,0.8500 0.2700,4.5000 -1.6600,4.4900 -1.6300,1.1000 -0.7100,1.1100
446	q9vSo1VnCiC_bac003e7f0294457905fb183c34ef2bf	6	0.9900	4.9200,-0.7900 4.9200,7.5100 0.0000,7.5100 0.0000,0.8600 -2.1100,0.8600 -2.1100,-0.7900	-2.0900,-0.7900 4.9300,-0.7900 4.9300,5.2100 4.7500,5.2100 4.7500,5.6900 4.8400,5.6900 4.8400,7.5100 0.0100,7.5100 0.0100,6.9300 0.1300,6.9300 0.1300,6.1300 0.0100,6.1300 0.0100,0.8600 -2.1000,0.8500
447	q9vSo1VnCiC_ca6944f5dd334193bb86058ba5ab5dc3	12	0.9970	3.3700,-3.4900 3.3700,-2.9800 4.2700,-2.9800 4.2700,-2.1100 3.3700,-2.1100 3.3700,1.9100 4.8700,1.9100 4.8700,2.9300 3.3700,2.9300 3.3700,3.3700 -0.6400,3.3700 -0.6400,-3.4900	-0.6400,-3.4900 3.3700,-3.4900 3.3700,-2.9800 4.2700,-2.9800 4.2700,-2.1000 3.3700,-2.1000 3.3700,1.9100 4.8600,1.9100 4.8600,2.9400 3.3700,2.9400 3.3700,3.3700 -0.6400,3.3700
448	q9vSo1VnCiC_cefeb34bd9d04b4dac1189e24191c03f	6	1.0000	2.4300,-5.2300 2.4300,1.5900 -3.7300,1.5900 -3.7300,0.3700 -1.8200,0.3700 -1.8200,-5.2300	-1.8100,-5.2400 2.4300,-5.2200 2.4100,1.6000 -3.7400,1.5800 -3.7400,0.3500 -1.8300,0.3600
449	q9vSo1VnCiC_dc873df7717c43888a1cff13713fe146	6	0.9850	0.5800,-6.3100 0.5800,-0.7400 3.3100,-0.7400 3.3100,0.8400 -6.5700,0.8400 -6.5700,-6.3100	0.5700,-6.3300 0.5900,-0.7700 3.3200,-0.7800 3.3200,0.8100 -6.0300,0.8300 -6.0300,0.7100 -6.5600,0.7100 -6.5800,-6.0400 -5.0500,-6.0400 -5.0500,-6.3200
450	q9vSo1VnCiC_e58ef65f48d045e88b119261b96996c9	6	0.9940	6.5200,-0.9900 6.5200,3.0400 -0.7400,3.0400 -0.7400,-3.2500 0.7000,-3.2500 0.7000,-0.9900	-0.7500,-3.2400 0.7000,-3.2400 0.7100,-0.9800 6.5200,-0.9900 6.5300,3.0300 -0.1000,3.0400 -0.1000,2.9100 -0.7400,2.9100
451	q9vSo1VnCiC_f7452776f0604b508bb2b0263238deb0	6	0.9950	3.9500,-3.0700 3.9500,2.1300 2.8000,2.1300 2.8000,1.4700 -2.6800,1.4700 -2.6800,-3.0700	-2.6900,-3.0700 3.9300,-3.0800 3.9500,2.1200 2.8000,2.1200 2.8000,1.4600 -0.9500,1.4700 -0.9500,1.3900 -2.6800,1.3900
452	qoiz87JEwZ2_88f5ba9d06ac4413b1a3908af6544308	6	1.0000	0.3800,-3.2800 0.3800,-0.8500 3.1000,-0.8500 3.1000,0.5100 -2.5000,0.5100 -2.5000,-3.2800	-2.5000,-3.2800 0.3800,-3.2700 0.3800,-0.8500 3.1000,-0.8400 3.0900,0.5300 -2.5100,0.5100
453	qoiz87JEwZ2_8928b554a7004ef9855170e584781f31	8	0.9880	2.9800,-2.7800 2.9800,-0.2200 0.6700,-0.2200 0.6700,1.1800 -0.1900,1.1800 -0.1900,0.4400 -2.4900,0.4400 -2.4900,-2.7800	-2.5100,-2.7600 2.9600,-2.8300 2.9900,-0.2600 0.6900,-0.2300 0.7000,1.1600 -0.1700,1.1700 -0.1700,0.4300 -2.4700,0.4600
454	qoiz87JEwZ2_a85bf887101b49c3aee8b0da72cd4189	6	0.9790	0.1600,-3.4400 0.1600,-0.3100 0.6100,-0.3100 0.6100,1.8900 -4.2000,1.8900 -4.2000,-3.4400	-4.2200,-3.4000 0.1500,-3.4700 0.1900,-0.3300 0.6400,-0.3400 0.6700,1.8100 0.2200,1.8200 0.2200,1.8600 -4.1400,1.9200
455	qoiz87JEwZ2_bdb1023cb7cc4ebd8245b9291fcbc1a2	6	1.0000	1.4400,-4.8200 1.4400,-0.1400 2.0100,-0.1400 2.0100,0.9000 -2.4700,0.9000 -2.4700,-4.8200	-2.4900,0.9000 -2.4700,-4.8200 1.4500,-4.8000 1.4300,-0.1300 1.9900,-0.1300 1.9900,0.9200
456	qoiz87JEwZ2_be3d7ae0352d481191e4c9e351e71b08	6	0.9980	1.1100,-3.3900 1.1100,-0.9500 2.3000,-0.9500 2.3000,0.5100 -1.8800,0.5100 -1.8800,-3.3900	-1.8900,-3.3800 1.1100,-3.3900 1.1200,-0.9600 2.3000,-0.9600 2.3000,0.5000 -1.8700,0.5100
457	qoiz87JEwZ2_d3020d8bf0cb45fd881991cd53e38baf	8	0.9910	1.3500,-1.4800 1.3500,4.0700 1.8100,4.0700 1.8100,5.1700 -2.8200,5.1700 -2.8200,0.4900 -2.2300,0.4900 -2.2300,-1.4800	-2.2400,0.3500 -2.1400,0.3500 -2.1500,-1.4800 1.3400,-1.4900 1.3600,4.0700 1.8000,4.0700 1.8100,5.1700 -2.8100,5.1800 -2.8200,0.4900 -2.2400,0.4900
458	qoiz87JEwZ2_de655166da274d40841f1e5e488ab641	6	0.9710	-0.3600,-1.6500 -0.3600,-0.6200 6.6400,-0.6200 6.6400,0.5800 -3.4900,0.5800 -3.4900,-1.6500	-3.5000,-1.6400 -0.3600,-1.6600 -0.3500,-0.6300 6.6400,-0.6600 6.6500,0.5300 -3.4800,0.5900
459	qoiz87JEwZ2_e57db85f00a9481787bd9c3c98453f27	10	0.9870	0.4800,-3.0200 0.4800,-1.1400 3.0600,-1.1400 3.0600,1.1300 2.0100,1.1300 2.0100,2.3200 -0.6500,2.3200 -0.6500,1.0900 -4.7800,1.0900 -4.7800,-3.0200	-4.7600,-3.0400 0.5000,-3.0100 0.4900,-1.1300 3.0600,-1.1100 3.0400,1.1300 1.9900,1.1200 1.9900,1.9900 1.7600,1.9900 1.7600,2.3500 -0.6700,2.3300 -0.6600,1.1000 -4.7900,1.0700
460	qoiz87JEwZ2_e6dda34693584c21b33bf327b2539740	6	0.9900	1.3100,-3.0900 1.3100,3.0700 -2.6800,3.0700 -2.6800,-1.9600 -3.4600,-1.9600 -3.4600,-3.0900	-3.4600,-3.0800 1.3100,-3.0900 1.3100,3.0700 -2.6700,3.0700 -2.6800,-1.2700 -2.5100,-1.2700 -2.5100,-1.8800 -2.6800,-1.8800 -2.6800,-2.1600 -3.4600,-2.1600
461	r1Q1Z4BcV1o_35b3d70f47994598aedb510108752797	8	0.9860	6.8000,-4.0600 6.8000,5.1900 1.9500,5.1900 1.9500,1.4800 -2.7100,1.4800 -2.7100,-1.1600 1.8900,-1.1600 1.8900,-4.0600	-2.7200,1.4800 -2.7100,-1.1600 1.9300,-1.1500 1.9400,-4.0500 5.8900,-4.0400 5.8900,-3.8700 6.2600,-3.8700 6.2600,-3.9100 6.8100,-3.9100 6.7800,5.2100 2.0000,5.2000 2.0100,2.7500 1.9200,2.7500 1.9200,2.6700 2.0300,2.6700 2.0300,2.0400 2.0900,2.0400 2.0900,1.6000 1.9200,1.6000 1.9200,1.4900
462	r1Q1Z4BcV1o_cdf8f1073405426c88f1957b3538d4b3	8	0.9830	9.2400,-2.6100 9.2400,3.1500 3.8400,3.1500 3.8400,1.3300 -0.2200,1.3300 -0.2200,-1.3300 4.4800,-1.3300 4.4800,-2.6100	4.4600,-2.5800 9.2200,-2.6100 9.2500,3.0600 6.7200,3.0800 6.7300,3.1600 3.8600,3.1800 3.8500,1.3700 -0.2200,1.3900 -0.2400,-1.2800 4.4700,-1.3100
463	r1Q1Z4BcV1o_d08536af13b44cf486b3d906d76cfaf8	6	0.9930	-0.0000,-4.1900 -0.0000,-1.7500 1.9100,-1.7500 1.9100,0.4800 -2.2300,0.4800 -2.2300,-4.1900	-2.2300,0.4800 -2.2000,-4.1900 0.0200,-4.1800 0.0100,-1.7400 1.9200,-1.7200 1.9100,0.5100
464	r1Q1Z4BcV1o_d3f317176f3b4bd28f915bd387a716c8	6	1.0000	1.1600,-2.3600 1.1600,1.2600 -2.5400,1.2600 -2.5400,2.7200 -5.6600,2.7200 -5.6600,-2.3600	-5.6600,-2.3600 1.1600,-2.3600 1.1700,1.2600 -2.5400,1.2600 -2.5400,2.7100 -5.6600,2.7200
465	r1Q1Z4BcV1o_ea0d50a98d7e47c9a528c364b08bfacd	6	0.9880	1.6200,-1.9000 1.6200,2.6500 -0.4700,2.6500 -0.4700,0.4500 -2.4400,0.4500 -2.4400,-1.9000	-2.4400,0.4600 -2.4400,-1.8900 1.6200,-1.8900 1.6100,2.6600 -0.4800,2.6500 -0.4700,0.4600
466	r1Q1Z4BcV1o_f72db8cac8304a5f9e8d26835a004272	8	0.9870	7.7600,-2.9700 7.7600,4.0100 2.9400,4.0100 2.9400,1.4800 -1.4100,1.4800 -1.4100,-1.2200 3.0500,-1.2200 3.0500,-2.9700	-1.4100,-1.2100 2.9900,-1.2100 2.9900,-2.9600 6.4400,-2.9600 6.4400,-2.8000 6.9300,-2.8000 6.9300,-2.8400 7.7600,-2.8400 7.7600,4.0200 2.9900,4.0200 2.9900,1.4900 -1.4100,1.4900
468	r47D5H71a5s_7dcc99131ec74b968cb9d728c49220e0	6	0.9610	2.4700,-0.7300 2.4700,10.6500 -0.5700,10.6500 -0.5700,0.7700 -3.1400,0.7700 -3.1400,-0.7300	-0.5200,10.6500 -0.5400,6.4100 -0.3800,6.4100 -0.3800,5.8500 -0.3800,5.8500 -0.3800,5.0600 -0.5500,5.0600 -0.5700,0.7700 -3.1400,0.7900 -3.1500,-0.6000 -2.2800,-0.6000 -2.2800,-0.5500 -1.9100,-0.5500 -1.9100,-0.7200 2.4600,-0.7400 2.5100,7.8500 2.3400,7.8500 2.3400,8.7000 2.3400,8.7000 2.3400,9.2400 2.5100,9.2400 2.5200,10.0500 2.3400,10.0500 2.3400,10.6400
469	r47D5H71a5s_a0fbf9972e79491bbcbf4a6e7cf38d8a	6	0.9340	2.7800,-0.8800 2.7800,2.5600 -0.5200,2.5600 -0.5200,0.0000 -1.5800,0.0000 -1.5800,-0.8800	-1.4900,-0.9100 -0.9300,-0.8800 -0.9200,-1.0100 -0.0400,-0.9600 -0.0500,-0.7700 0.6000,-0.7400 0.6100,-0.9300 2.7300,-0.8200 2.6700,0.3800 2.8100,0.3900 2.6900,2.6300 -0.6000,2.4600 -0.4700,-0.0900 -1.5300,-0.1500
470	r47D5H71a5s_cc94b5dda437408a9a166fcdbafa2a48	6	0.9820	0.5300,-2.4000 0.5300,1.2100 -2.7100,1.2100 -2.7100,-1.4400 -4.2900,-1.4400 -4.2900,-2.4000	-4.2700,-2.4300 0.5500,-2.3800 0.5100,1.2300 -2.7400,1.2000 -2.7100,-1.4600 -4.2800,-1.4700
471	rPc6DW4iMge_0dfe61800cc540db8e25c1738bc4b8ff	12	0.9650	1.1800,-3.6500 1.1800,-2.0300 2.3300,-2.0300 2.3300,0.5500 1.1200,0.5500 1.1200,2.0100 -1.5000,2.0100 -1.5000,-0.3800 -0.6400,-0.3800 -0.6400,-1.8000 -1.2600,-1.8000 -1.2600,-3.6500	-1.2100,-3.6600 1.2000,-3.6400 1.1900,-2.0300 2.3700,-2.0200 2.3500,0.5700 1.1700,0.5600 1.1600,2.0200 -1.3900,2.0000 -1.3700,-0.3900 -0.6100,-0.3800 -0.6000,-1.8100 -1.2300,-1.8100
472	rPc6DW4iMge_186a32a1b7e34cb797731bfa78365db5	12	0.9550	1.1100,-1.4200 1.1100,0.6100 0.6000,0.6100 0.6000,1.1200 -0.6400,1.1200 -0.6400,3.1100 -4.1100,3.1100 -4.1100,-1.1100 -1.9300,-1.1100 -1.9300,-0.5900 -0.8000,-0.5900 -0.8000,-1.4200	-0.7800,-1.3600 1.1300,-1.3300 1.1000,0.7000 0.6100,0.6900 0.6000,1.2000 -0.7500,1.1800 -0.7800,3.1600 -4.1500,3.1100 -4.1000,-0.5700 -4.0600,-0.5700 -4.0500,-1.1100 -1.9400,-1.0800 -1.9500,-0.5500 -0.7900,-0.5300
473	rPc6DW4iMge_fbc169773c954580baea6d2798c0d486	14	0.9650	0.7200,-2.6600 0.7200,-2.2000 1.2800,-2.2000 1.2800,-0.8900 2.6600,-0.8900 2.6600,1.7800 1.1100,1.7800 1.1100,3.0700 -1.3700,3.0700 -1.3700,0.5700 -0.5200,0.5700 -0.5200,-0.7200 -1.3000,-0.7200 -1.3000,-2.6600	-1.2500,-2.6800 0.7800,-2.6500 0.7700,-2.2400 0.8800,-2.2300 0.8800,-2.1900 1.2900,-2.1900 1.2700,-0.8800 2.7200,-0.8600 2.6800,1.8100 1.2300,1.7900 1.2200,2.2000 1.1300,2.1900 1.1100,3.0800 -1.3300,3.0400 -1.2900,0.5500 -0.4800,0.5600 -0.4600,-0.7100 -1.2800,-0.7200
474	sKLMLpTHeUy_2214a74fb40846aa8acf94d88a1b19c0	8	0.9810	0.4700,-1.8900 0.4700,0.0700 1.0800,0.0700 1.0800,4.4600 -2.6100,4.4600 -2.6100,0.0500 -0.4800,0.0500 -0.4800,-1.8900	-2.6100,4.4700 -2.6400,0.0700 -0.5200,0.0500 -0.5300,-1.8900 0.4400,-1.9000 0.4500,0.0500 1.0500,0.0400 1.0800,4.4400
475	sKLMLpTHeUy_2b718e682ee748bd8f192db63b7047ac	8	0.9850	0.5500,-2.5400 0.5500,1.6200 -0.0600,1.6200 -0.0600,2.5000 -1.4000,2.5000 -1.4000,2.0200 -3.1400,2.0200 -3.1400,-2.5400	-3.1400,-2.5300 0.5500,-2.5500 0.5700,1.6100 -0.0400,1.6200 -0.0400,2.4900 -1.3800,2.5000 -1.3800,1.6200 -1.5100,1.6200 -1.5100,2.0300 -3.0800,2.0300 -3.0800,1.6300 -3.1200,1.6300
476	sKLMLpTHeUy_40268bad0e6240a2950ec0b8f46ba5bb	6	0.9700	0.6400,-0.5900 0.6400,5.0700 -0.3600,5.0700 -0.3600,3.1600 -3.3100,3.1600 -3.3100,-0.5900	-3.2600,-0.6200 0.7000,-0.5400 0.5900,5.1200 -0.4200,5.1000 -0.3800,3.1900 -3.3300,3.1400
477	sKLMLpTHeUy_522362613f6341389177c0c259455f38	6	0.9890	0.6800,-5.7500 0.6800,3.7500 -0.6900,3.7500 -0.6900,2.0800 -4.4800,2.0800 -4.4800,-5.7500	-4.4900,-5.7300 0.6700,-5.7500 0.7000,3.7500 -0.5400,3.7600 -0.5500,2.0900 -4.4700,2.1000 -4.4700,1.4300 -4.2600,1.4300 -4.2600,1.0200 -4.4700,1.0200
478	sKLMLpTHeUy_54ec02d8e3b34bb98f816214688ee85c	6	0.9310	3.1200,-3.3500 3.1200,0.2800 0.3700,0.2800 0.3700,1.1200 -0.6500,1.1200 -0.6500,-3.3500	-0.6600,1.0600 -0.4600,-3.4100 3.1700,-3.2400 3.1000,-1.6500 3.2300,-1.6400 3.1400,0.3900 0.3800,0.2700 0.3400,1.1100
479	sKLMLpTHeUy_5832fa0c60c9437b88f5d4caea1ee610	6	0.9860	3.3700,-3.5300 3.3700,0.6800 -1.1600,0.6800 -1.1600,-0.4700 -0.5300,-0.4700 -0.5300,-3.5300	3.3500,0.7000 -1.1700,0.6800 -1.1700,-0.4700 -0.5400,-0.4700 -0.5300,-3.5300 3.3700,-3.5200
480	sKLMLpTHeUy_5b51cd89b9cd4ee5926803ed37c834ea	14	0.9850	1.8300,-1.4300 1.8300,6.0300 -0.1100,6.0300 -0.1100,3.6800 -7.9700,3.6800 -7.9700,2.1200 -5.7600,2.1200 -5.7600,-0.6000 -7.9700,-0.6000 -7.9700,-1.4200 -2.8100,-1.4200 -2.8100,-0.7700 -0.9900,-0.7700 -0.9900,-1.4300	-7.9600,-1.4200 -2.8100,-1.4000 -2.8100,-0.7400 -0.8700,-0.7400 -0.8700,-1.3900 1.8400,-1.3800 1.8100,6.0700 -0.1300,6.0700 -0.1200,3.7100 -6.8700,3.6900 -6.8700,3.5200 -7.2700,3.5200 -7.2700,3.5200 -7.9800,3.5200 -7.9700,2.1100 -5.7600,2.1200 -5.7500,-0.6000 -7.9600,-0.6100
481	sKLMLpTHeUy_5c092cee3b7c4684955a2827c06b87e1	6	0.9900	2.9300,-3.5500 2.9300,0.3100 0.3200,0.3100 0.3200,2.0600 -0.6900,2.0600 -0.6900,-3.5500	-0.6800,2.0600 -0.6900,-3.5400 2.9200,-3.5500 2.9300,0.3100 0.3100,0.3100 0.3200,2.0600
482	sKLMLpTHeUy_7401b31bb6bc415d8802bcca69c7f12a	6	0.9880	1.3000,-3.0000 1.3000,0.6200 -1.3200,0.6200 -1.3200,1.1700 -2.5100,1.1700 -2.5100,-3.0000	-2.5200,-3.0000 1.2800,-3.0200 1.2900,0.6100 -1.3300,0.6200 -1.3200,1.1600 -2.5100,1.1600
483	sKLMLpTHeUy_76df66b4815b44abb28ecdc7bdd95a29	6	0.9950	2.0700,-0.7200 2.0700,3.0800 -0.3600,3.0800 -0.3600,4.5300 -1.3700,4.5300 -1.3700,-0.7200	-1.3800,4.5100 -1.3500,-0.7300 2.0900,-0.7200 2.0700,3.0800 -0.3600,3.0700 -0.3700,4.5200
484	sKLMLpTHeUy_7c3b9e689c014d5483dcee581d6c53f5	8	0.9120	13.9500,-1.8800 13.9500,-0.3200 3.4800,-0.3200 3.4800,0.5900 -5.2200,0.5900 -5.2200,-0.7100 2.0900,-0.7100 2.0900,-1.8800	2.1000,-1.8600 5.0600,-1.8900 5.0700,-1.7300 5.9500,-1.7300 5.9400,-1.9000 6.6300,-1.9100 6.6300,-1.7900 7.1700,-1.7900 7.1700,-1.8100 8.2800,-1.8300 8.2800,-1.7300 8.7500,-1.7300 8.7500,-1.7300 9.2900,-1.7300 9.2900,-1.9400 13.2900,-1.9800 13.2900,-1.7300 13.9700,-1.7400 13.9800,-0.4300 3.5000,-0.3100 3.5100,0.5900 -3.7900,0.6700 -3.8000,0.5000 -4.3600,0.5100 -4.3500,0.6800 -5.1800,0.6900 -5.2000,-0.6100 2.1100,-0.6900
485	sKLMLpTHeUy_8a3c83d4c42842c8a60866868b7730a4	12	0.7560	6.4700,-1.0700 6.4700,0.6000 0.5200,0.6000 0.5200,3.1400 -0.6000,3.1400 -0.6000,1.5400 -7.9300,1.5400 -7.9300,0.2100 -1.0200,0.2100 -1.0200,-0.5900 0.3000,-0.5900 0.3000,-1.0700	6.3400,-1.6600 6.4800,-0.0100 0.5500,0.5000 0.6500,1.7400 0.5000,1.7500 0.6100,3.0600 -0.3500,3.1400 -0.4900,1.5400 -1.9600,1.6600 -1.9700,1.5100 -3.2400,1.6200 -3.2600,1.4400 -3.9900,1.5100 -3.9800,1.6200 -4.4600,1.6700 -4.4400,1.8800 -7.7900,2.1700 -7.9000,0.8400 -7.8600,0.8300 -7.9000,0.3500 -3.6900,-0.0100 -3.6500,0.4700 -1.0000,0.2400 -1.0700,-0.5500 -0.6700,-0.5800 -0.6700,-0.5800 0.2500,-0.6600 0.2000,-1.1400 0.8100,-1.1900 0.8200,-1.0800 1.1000,-1.1000 1.1200,-0.9600 3.9300,-1.2100 3.9100,-1.4500
486	sKLMLpTHeUy_8f1702c829e84c9f9b440be385f50367	6	0.9700	3.1800,-1.2600 3.1800,3.6000 2.1600,3.6000 2.1600,2.5900 -0.7500,2.5900 -0.7500,-1.2600	-0.7000,-1.3300 3.2300,-1.2400 3.1300,3.6200 2.1200,3.5900 2.1400,2.5900 -0.7900,2.5200
487	sKLMLpTHeUy_9b9d929b88994a0eaf69501c2cab3444	8	0.8850	0.6200,-2.8500 0.6200,4.2000 1.5900,4.2000 1.5900,12.0000 0.2800,12.0000 0.2800,5.8900 -0.6600,5.8900 -0.6600,-2.8500	-0.7700,-2.8300 0.5100,-2.8400 0.5100,-2.8000 0.7900,-2.8100 0.8900,4.1700 0.6100,4.1700 0.6100,4.2100 1.5800,4.2000 1.6900,11.9900 0.3800,12.0100 0.2900,5.9000 -0.6400,5.9200
488	sKLMLpTHeUy_a183fdb964e144488b74375d9ea65dd9	6	0.9840	-0.7100,-1.0700 4.5400,-1.0700 4.5400,0.5000 3.3500,0.5000 3.3500,1.9700 -0.7100,1.9700	-0.7300,-1.0800 4.5100,-1.0700 4.5000,0.5000 3.3200,0.5000 3.3200,1.9700 -0.7400,1.9600
489	sKLMLpTHeUy_a78f668e5f7b4afebd355b946aeb9422	10	0.9850	3.9400,-1.1200 3.9400,2.4700 -0.0400,2.4700 -0.0400,1.8000 -1.0500,1.8000 -1.0500,0.3000 -2.5600,0.3000 -2.5600,-0.5300 -0.5300,-0.5300 -0.5300,-1.1200	-0.5300,-1.1200 3.9300,-1.1200 3.9300,2.4700 -0.0500,2.4700 -0.0500,1.8100 -1.0500,1.8100 -1.0500,0.3000 -2.5600,0.3000 -2.5600,-0.5400 -2.5200,-0.5400 -2.5200,-0.3700 -2.0500,-0.3700 -2.0500,-0.4100 -0.9700,-0.4100 -0.9700,-0.3700 -0.6000,-0.3700 -0.6000,-0.5400 -0.5300,-0.5400
490	sKLMLpTHeUy_b7399a1023fa401cac7c61be394ab63d	6	0.9840	2.8600,-2.6000 2.8600,-1.2100 1.3600,-1.2100 1.3600,2.5000 -6.2400,2.5000 -6.2400,-2.6000	-6.2300,-2.6100 2.8700,-2.5700 2.8700,-1.3000 1.3600,-1.3000 1.3500,2.2600 1.0400,2.2600 1.0400,2.5200 0.4700,2.5100 0.4700,2.4200 -1.0700,2.4100 -1.0700,2.4300 -2.6100,2.4200 -2.6100,2.5000 -6.2500,2.4800
491	sKLMLpTHeUy_b75981f465ee4e9cb88d8ffa92a8d5ba	8	0.9840	0.5500,-4.7200 0.5500,2.2200 -1.1900,2.2200 -1.1900,0.2400 -8.1700,0.2400 -8.1700,-1.1100 -6.8700,-1.1100 -6.8700,-4.7200	-6.8600,-4.7300 0.5500,-4.7200 0.5400,2.2300 -1.2000,2.2200 -1.2000,0.2400 -3.8300,0.2300 -3.8300,0.0600 -4.3100,0.0600 -4.3100,0.1000 -8.1800,0.1000 -8.1700,-1.1300 -6.8700,-1.1200
492	sKLMLpTHeUy_b814285591cc43f799874da54f847a54	10	0.9790	3.8200,-6.7200 3.8200,-0.9400 0.5100,-0.9400 0.5100,0.1400 3.5500,0.1400 3.5500,1.4000 -5.2000,1.4000 -5.2000,0.1200 -0.5500,0.1200 -0.5500,-6.7200	-0.5400,-6.7300 3.8100,-6.7000 3.7800,-0.9200 0.4700,-0.9400 0.4600,0.1300 3.5800,0.1400 3.5700,1.3900 0.4500,1.3700 0.4500,1.4100 -5.1800,1.3800 -5.1700,0.1200 -0.5900,0.1400 -0.5800,0.0200 -0.4100,0.0200 -0.4000,-1.8600 -0.5700,-1.8700
493	sKLMLpTHeUy_cd34b75acbf5486bba1630b63870a345	8	0.9920	0.9900,-4.8300 0.9900,-2.7000 9.0800,-2.7000 9.0800,-1.3600 7.0200,-1.3600 7.0200,2.3700 -0.8500,2.3700 -0.8500,-4.8300	-0.8600,-4.8300 0.9800,-4.8400 0.9900,-2.7100 9.0800,-2.7500 9.0800,-1.3900 7.0200,-1.3800 7.0400,2.3300 -0.0900,2.3600 -0.0900,2.2500 -0.8300,2.2500
494	sKLMLpTHeUy_d9a69bc7b8a54a319a05f366120ef056	6	0.9980	2.6400,-0.9900 2.6400,0.2900 0.8200,0.2900 0.8200,3.9500 -6.4800,3.9500 -6.4800,-0.9900	-6.4800,-1.0000 2.6400,-0.9800 2.6400,0.3300 0.8200,0.3200 0.8100,3.9600 -6.4900,3.9400
495	sKLMLpTHeUy_dfa0373deb9d4e5db88b76c95dc0d6a9	8	0.9900	4.5600,-1.4900 4.5600,3.0800 -0.6100,3.0800 -0.6100,5.6900 -5.1800,5.6900 -5.1800,0.6900 -2.8100,0.6900 -2.8100,-1.4900	-2.8200,-1.5000 4.5500,-1.4700 4.5300,3.1000 -0.6300,3.0800 -0.6400,5.6800 -5.2200,5.6600 -5.2000,0.6700 -2.8300,0.6800
496	sKLMLpTHeUy_e82e3f859f25463c8b9505111de68b78	6	1.0000	3.0000,-3.2800 3.0000,-0.4500 3.9700,-0.4500 3.9700,0.5500 -0.6000,0.5500 -0.6000,-3.2800	-0.6100,-3.2700 2.9900,-3.2800 3.0000,-0.4400 3.9700,-0.4500 3.9700,0.5500 -0.6000,0.5600
497	sKLMLpTHeUy_f67a0a7122734994ab1807898f0e8441	8	0.9880	4.1400,-5.8800 4.1400,1.5100 -2.8300,1.5100 -2.8300,-0.2700 -0.8500,-0.2700 -0.8500,-8.3600 0.4000,-8.3600 0.4000,-5.8800	-0.8700,-8.3500 0.3900,-8.3600 0.4000,-5.8700 4.1200,-5.8800 4.1300,-5.3500 3.9500,-5.3500 3.9500,-4.9100 3.9500,-4.9100 3.9500,-4.5200 4.1300,-4.5200 4.1300,-4.0500 3.9500,-4.0500 3.9500,-3.4000 4.1300,-3.4000 4.1500,1.5000 -2.8300,1.5200 -2.8300,-0.2600 -0.8500,-0.2700
499	sT4fr6TAbpF_00f205a65f374c5299b67176c0852e91	8	0.9940	0.8000,-0.5800 0.8000,-0.1200 1.3100,-0.1200 1.3100,5.2700 -6.5600,5.2700 -6.5600,-0.1100 -0.6700,-0.1100 -0.6700,-0.5800	1.3100,-0.1300 1.3300,5.2600 -1.4900,5.2700 -1.4900,5.1100 -1.8400,5.1100 -1.8400,5.2700 -4.9100,5.2800 -4.9100,5.1800 -6.5500,5.1900 -6.5600,-0.1100 -0.6700,-0.1200 -0.6700,-0.5900 0.8000,-0.6000 0.8000,-0.1300
500	sT4fr6TAbpF_12eaf8b2b7b64622b330bd58d275f02a	8	0.9820	4.8900,-1.8200 4.8900,4.2000 -1.5600,4.2000 -1.5600,0.6000 -7.2400,0.6000 -7.2400,-0.6400 -1.5600,-0.6400 -1.5600,-1.8200	-1.5700,-1.8100 4.8900,-1.8200 4.9000,4.2100 -1.5600,4.2200 -1.5600,0.6300 -7.2400,0.6400 -7.2500,-0.6300 -7.2100,-0.6300 -7.2100,-0.8600 -4.6500,-0.8700 -4.6500,-0.6300 -1.5600,-0.6400
501	sT4fr6TAbpF_177f67f4e2264d24996672f84cd38405	8	0.9840	3.2400,-6.4400 3.2400,0.0800 0.6100,0.0800 0.6100,5.4700 -1.7200,5.4700 -1.7200,0.5500 -0.9500,0.5500 -0.9500,-6.4400	-0.9400,-6.4400 3.1500,-6.4300 3.1500,-4.7300 3.2400,-4.7300 3.2200,0.0900 0.5900,0.0800 0.5800,5.4700 -1.7500,5.4600 -1.7400,0.5400 -0.9600,0.5400
502	sT4fr6TAbpF_4c778faa3ebe485590f7b201b0090251	6	0.9810	5.2900,-0.8600 5.2900,1.5600 9.2400,1.5600 9.2400,3.0100 -1.6800,3.0100 -1.6800,-0.8600	-1.6800,-0.8600 5.3000,-0.8600 5.2900,1.6900 9.1200,1.7000 9.1200,3.0200 -1.6800,3.0000
503	sT4fr6TAbpF_4cb29a3b0953492ab298b638d9cc092d	8	0.9750	6.0700,-1.7100 6.0700,2.2400 8.8600,2.2400 8.8600,3.4300 6.0700,3.4300 6.0700,4.4100 -0.9400,4.4100 -0.9400,-1.7100	-0.9500,-0.2900 -0.8600,-0.2900 -0.8700,-1.7100 -0.1300,-1.7100 -0.1300,-1.5500 0.3800,-1.5500 0.3800,-1.5500 0.9500,-1.5500 0.9500,-1.7100 6.0700,-1.7300 6.0800,2.2000 8.8700,2.1900 8.8800,3.4100 7.8400,3.4100 7.8400,3.2500 7.4300,3.2500 7.4300,3.3300 6.2400,3.3300 6.2400,3.4200 6.0900,3.4200 6.0900,4.3900 -0.9300,4.4100
504	sT4fr6TAbpF_5d8d5fbcc95e47b4be3ef51862b4d1f8	8	0.9860	2.1200,-4.2000 2.1200,0.8200 -0.0800,0.8200 -0.0800,2.4000 -2.7000,2.4000 -2.7000,0.8400 -3.2700,0.8400 -3.2700,-4.2000	-3.3000,-4.1700 1.9100,-4.2300 1.9100,-3.8300 2.1000,-3.8300 2.1500,0.7900 -0.0400,0.8200 -0.0200,2.3900 -2.6400,2.4200 -2.6600,0.8500 -3.2300,0.8600
505	sT4fr6TAbpF_6ae4a52e16074a7f9e8cbbba2bf16eac	6	0.9890	1.6700,-1.8200 1.6700,2.8500 -0.9000,2.8500 -0.9000,1.2600 -1.8700,1.2600 -1.8700,-1.8200	-1.8700,-1.8000 1.6700,-1.8200 1.6900,2.8500 -0.8800,2.8600 -0.8900,1.2700 -1.8500,1.2800
506	sT4fr6TAbpF_6e41a7632c5a4048a17a316d7192b97e	6	1.0000	-0.0600,-4.3000 -0.0600,-0.7300 0.5000,-0.7300 0.5000,0.7800 -5.4000,0.7800 -5.4000,-4.3000	-5.3900,-4.3000 -0.0500,-4.3000 -0.0500,-0.7200 0.5100,-0.7200 0.5100,0.7800 -5.3900,0.7700
507	sT4fr6TAbpF_7d41ce8de085471f9d97bbff6b0c1831	8	0.9980	5.5400,-2.9300 5.5400,0.8600 10.4400,0.8600 10.4400,2.0500 5.5400,2.0500 5.5400,3.3100 -0.8800,3.3100 -0.8800,-2.9300	-0.8900,-2.9300 5.5300,-2.9400 5.5400,0.8500 10.4400,0.8400 10.4400,2.0400 5.5400,2.0400 5.5400,3.3000 -0.8800,3.3100
508	sT4fr6TAbpF_8112f9278bdf4dfbad53e140b846620c	8	0.9710	0.8100,-2.9700 0.8100,2.8200 -5.7700,2.8200 -5.7700,1.8100 -9.3900,1.8100 -9.3900,0.6000 -5.7700,0.6000 -5.7700,-2.9700	-5.7400,-2.5700 -5.6000,-2.5600 -5.5900,-3.0100 0.8500,-2.9200 0.7800,2.8700 -4.2900,2.8000 -4.2900,2.6900 -5.1800,2.6800 -5.1800,2.7900 -5.8000,2.7800 -5.7900,1.7700 -5.8600,1.7700 -5.8600,1.6800 -7.6600,1.6500 -7.6600,1.7500 -8.9200,1.7300 -8.9200,1.5100 -9.4000,1.5100 -9.3900,0.5100 -5.7800,0.5500
509	sT4fr6TAbpF_828c1d66f183441db9ac8bfcc7e5de31	6	0.9810	4.5000,-1.6500 4.5000,1.6000 -1.2600,1.6000 -1.2600,-1.0200 2.8400,-1.0200 2.8400,-1.6500	-1.2400,-1.0300 2.8600,-0.9900 2.8600,-1.6200 4.5300,-1.6100 4.5000,1.6400 -1.2700,1.5900
510	sT4fr6TAbpF_88a0c5bfe697410199d1846d7ecea7d1	8	0.9880	3.0800,-4.3200 3.0800,2.5600 0.6700,2.5600 0.6700,10.5400 -2.2600,10.5400 -2.2600,3.3300 -0.8100,3.3300 -0.8100,-4.3200	-0.8100,-3.0700 -0.6400,-3.0700 -0.6400,-3.5800 -0.6400,-3.5800 -0.6400,-4.3200 3.0900,-4.3100 3.0800,2.5700 0.6700,2.5600 0.6600,10.5400 -2.2700,10.5400 -2.2600,3.3300 -0.8100,3.3300
511	sT4fr6TAbpF_a16dec9339d9487491fd55c465312db4	6	0.9820	2.2600,-0.6900 2.2600,1.5700 4.7600,1.5700 4.7600,3.2100 -4.2700,3.2100 -4.2700,-0.6900	-4.2800,-0.6900 2.2500,-0.6900 2.2500,1.5600 4.7600,1.5600 4.7600,3.0800 4.1400,3.0800 4.1400,3.0300 3.6900,3.0300 3.6900,3.2100 3.3600,3.2100 3.3600,3.0300 2.7300,3.0300 2.7300,3.2100 -4.2800,3.2100
512	sT4fr6TAbpF_cf20a83d4f5a490f8b07ddd43d0abc72	8	0.9740	2.4400,-4.2100 2.4400,1.8000 -4.1000,1.8000 -4.1000,0.6200 -9.0000,0.6200 -9.0000,-0.5100 -4.1000,-0.5100 -4.1000,-4.2100	-4.0700,-4.1500 -2.8000,-4.1400 -2.8000,-4.0600 -2.0100,-4.0500 -2.0100,-4.2200 2.4700,-4.1800 2.4100,1.8300 -2.4900,1.7900 -2.4900,1.6300 -2.8800,1.6200 -2.8800,1.7900 -4.1200,1.7700 -4.1100,0.5900 -4.2500,0.5900 -4.2500,0.5100 -5.1000,0.5000 -5.1000,0.5900 -9.0100,0.5500 -9.0000,-0.5800 -4.1000,-0.5400
513	sT4fr6TAbpF_eed2f80b1b7c4900bdf96f39bee92c8f	8	0.9890	6.1600,-4.3300 6.1600,1.7600 -0.4600,1.7600 -0.4600,0.6400 -3.7800,0.6400 -3.7800,-0.5600 -0.4400,-0.5600 -0.4400,-4.3300	-0.4200,-4.3400 6.1800,-4.3100 6.1600,1.6900 5.0700,1.6800 5.0700,1.5900 4.6900,1.5900 4.6900,1.7700 -0.4400,1.7500 -0.4400,0.6400 -3.7700,0.6300 -3.7700,-0.5900 -0.4400,-0.5700
514	sT4fr6TAbpF_ff07f2a04de04dac84e8ed51039c87ca	8	0.9860	4.4100,-4.1000 4.4100,1.7600 -2.1600,1.7600 -2.1600,0.6300 -5.9200,0.6300 -5.9200,-0.6700 -2.1600,-0.6700 -2.1600,-4.1000	-2.1400,-4.1100 4.4300,-4.0900 4.4100,1.7600 -2.1600,1.7400 -2.1600,0.6100 -5.9200,0.6000 -5.9200,-0.7100 -2.1500,-0.6900
516	uNb9QFRL6hY_1434b965c3c147419c4ff40310633b58	6	1.0000	3.4700,-3.6000 3.4700,0.4200 0.4300,0.4200 0.4300,3.0700 -0.5700,3.0700 -0.5700,-3.6000	-0.5600,-3.6000 3.4800,-3.5900 3.4800,0.4300 0.4400,0.4200 0.4300,3.0800 -0.5700,3.0700
517	uNb9QFRL6hY_2ed0e171a7c34f17a85363923a26ab98	10	0.9810	2.5800,-2.4400 2.5800,-1.5200 3.8400,-1.5200 3.8400,1.0800 2.5800,1.0800 2.5800,3.0100 -0.1900,3.0100 -0.1900,1.2800 -1.4700,1.2800 -1.4700,-2.4400	-1.4400,-2.4400 2.6100,-2.4100 2.6000,-1.4900 3.8600,-1.4800 3.8400,1.1200 2.6200,1.1100 2.6200,1.2100 2.5800,1.2100 2.5700,3.0400 -0.2000,3.0200 -0.1900,1.1900 -1.4700,1.1800
518	uNb9QFRL6hY_33dd9892d10e474ead8f7ad38a8da562	6	1.0000	0.6000,-0.6500 0.6000,3.6400 -3.8600,3.6400 -3.8600,0.3500 -6.9500,0.3500 -6.9500,-0.6500	-6.9500,-0.6500 0.6000,-0.6400 0.6000,3.6500 -3.8700,3.6500 -3.8700,0.3600 -6.9500,0.3600
519	uNb9QFRL6hY_5b62816d9cf94f17ae166291822ea9ab	10	0.9750	2.0300,-1.8500 2.0300,-0.5900 3.9700,-0.5900 3.9700,2.1900 2.2900,2.1900 2.2900,3.3600 -1.5600,3.3600 -1.5600,-0.5700 -0.4600,-0.5700 -0.4600,-1.8500	-0.4400,-1.8300 2.0300,-1.8200 2.0200,-0.5900 2.2500,-0.5900 2.2500,-0.5500 3.9800,-0.5500 3.9700,2.2300 2.2400,2.2200 2.2300,3.3900 -1.1300,3.3800 -1.1300,3.2000 -1.5600,3.2000 -1.5500,-0.4000 -0.5900,-0.4000 -0.5900,-0.5600 -0.4500,-0.5600
520	uNb9QFRL6hY_6115ed700b5144cfa3443346381cb7cd	6	0.9880	0.1400,-3.4500 0.1400,-0.4300 2.9100,-0.4300 2.9100,0.4800 -3.8100,0.4800 -3.8100,-3.4500	-3.8000,-3.4500 0.1400,-3.4700 0.1500,-0.4400 2.9200,-0.4500 2.9300,0.4600 -3.7900,0.4800
521	uNb9QFRL6hY_68df002b0bc84182b4141e8f9cd03fae	6	0.9990	2.0000,-0.4800 2.0000,5.7600 1.1000,5.7600 1.1000,3.5400 -1.9200,3.5400 -1.9200,-0.4800	-1.9200,-0.4800 2.0000,-0.4900 2.0200,5.7500 1.1200,5.7500 1.1100,3.5300 -1.9100,3.5400
522	uNb9QFRL6hY_6adff04b1e974c72a81b54fa8f15e7a2	10	0.9850	0.8300,-3.5800 0.8300,4.8000 -0.6400,4.8000 -0.6400,4.0200 -3.1200,4.0200 -3.1200,4.7400 -4.5600,4.7400 -4.5600,1.5600 -7.3600,1.5600 -7.3600,-3.5800	-7.3600,-3.6000 0.8400,-3.5700 0.8100,3.4700 0.7300,3.4700 0.7200,4.7800 -0.6600,4.7700 -0.6600,4.0200 -3.1400,4.0100 -3.1400,4.7600 -3.7300,4.7600 -3.7300,4.5300 -4.5900,4.5200 -4.5800,1.5500 -7.3800,1.5300 -7.3700,-1.3300 -7.2000,-1.3300 -7.2000,-1.7700 -7.3700,-1.7700
523	uNb9QFRL6hY_76ba70b55bde4313939a4a0cd78a49d3	10	0.9800	1.8800,-1.3200 1.8800,-0.3100 3.2600,-0.3100 3.2600,2.1900 1.9000,2.1900 1.9000,4.1400 -0.8600,4.1400 -0.8600,2.3200 -2.0900,2.3200 -2.0900,-1.3200	-2.0700,-1.3400 1.9100,-1.3000 1.9000,-0.2900 3.2700,-0.2800 3.2500,2.2900 1.8800,2.2800 1.8600,4.1600 -0.8900,4.1300 -0.8700,2.2500 -2.1000,2.2400
524	uNb9QFRL6hY_85e7a14905bd44648061e3eb7f79cf13	6	0.9920	2.5000,-0.6100 2.5000,5.6600 1.5000,5.6600 1.5000,3.6000 -1.5600,3.6000 -1.5600,-0.6100	-1.5500,3.6100 -1.5700,-0.6000 2.4800,-0.6200 2.5100,5.6500 1.5200,5.6600 1.5100,3.5900
525	uNb9QFRL6hY_9f199750b00c4f5484a546d79e06a0f8	8	0.9750	4.5700,-2.5300 4.5700,2.8100 0.4800,2.8100 0.4800,1.6900 -0.7700,1.6900 -0.7700,-0.8300 0.4300,-0.8300 0.4300,-2.5300	0.4900,-2.5400 4.6000,-2.5200 4.6000,-1.8700 4.4300,-1.8700 4.4300,-0.8400 4.6000,-0.8400 4.5900,2.8100 0.4700,2.8000 0.4700,1.6800 -0.7500,1.6800 -0.7400,-0.8400 0.4800,-0.8400
526	uNb9QFRL6hY_a372582c11864f31a9dd174e4a0ae6ad	8	0.9770	-2.6400,0.5500 -2.6400,-0.2700 -7.7200,-0.2700 -7.7200,-4.7800 3.2000,-4.7800 3.2000,-0.2900 2.1800,-0.2900 2.1800,0.5500	-7.7000,-4.8700 -0.8600,-4.8000 -0.8600,-4.6800 -0.1700,-4.6700 -0.1700,-4.6300 0.6400,-4.6200 0.6400,-4.7900 3.2200,-4.7600 3.1800,-0.3800 2.2100,-0.3900 2.2100,-0.2700 2.1500,-0.2700 2.1500,0.5500 -2.6400,0.5100 -2.6300,-0.3200 -7.7500,-0.3700
528	uNb9QFRL6hY_b1aedc485cfa4b47be0977925c3dc799	8	0.9900	7.1200,-2.7800 7.1200,4.4900 -0.3300,4.4900 -0.3300,0.6700 -1.0800,0.6700 -1.0800,-0.7300 1.9000,-0.7300 1.9000,-2.7800	1.8800,-2.7700 7.1000,-2.7600 7.0900,3.6700 6.9800,3.6700 6.9800,4.5000 -0.2000,4.4900 -0.2000,4.0200 -0.3600,4.0200 -0.3600,0.6600 -1.1000,0.6600 -1.1000,-0.7400 1.8800,-0.7400
529	uNb9QFRL6hY_b98c9460586e4f138658181461df9f51	10	0.9690	3.1500,-1.6100 3.1500,2.3200 2.3900,2.3200 2.3900,3.5100 -0.1200,3.5100 -0.1200,2.3200 -1.8800,2.3200 -1.8800,-0.3800 -0.2600,-0.3800 -0.2600,-1.6100	-0.1600,-1.6200 3.1900,-1.5600 3.1200,2.3600 2.3500,2.3500 2.3300,3.5300 -0.1600,3.4900 -0.1400,2.3900 -0.2300,2.3900 -0.2300,2.3000 -1.9200,2.2700 -1.8700,-0.4400 -0.1800,-0.4100
530	uNb9QFRL6hY_ba24e5a57ef34c6dbc0458ed4c1e701d	10	0.9750	3.2000,-3.2300 3.2000,-2.3600 4.4800,-2.3600 4.4800,0.1600 3.0800,0.1600 3.0800,1.9900 0.2300,1.9900 0.2300,0.2700 -0.7800,0.2700 -0.7800,-3.2300	-0.7700,-3.2500 3.1400,-3.2100 3.1300,-2.3400 4.4800,-2.3300 4.4500,0.2400 3.1100,0.2300 3.0900,2.0100 0.1900,1.9800 0.2100,0.2000 -0.8000,0.1900
531	uNb9QFRL6hY_c1ebb8b34eb846ba9b5ce23b30b299a7	6	0.9720	2.9000,-2.1200 2.9000,1.9700 -0.1600,1.9700 -0.1600,4.1100 -1.2300,4.1100 -1.2300,-2.1200	-1.2300,-2.1100 2.9000,-2.1300 2.9200,1.9700 -0.3100,1.9800 -0.3000,4.1100 -1.2000,4.1200
532	uNb9QFRL6hY_c6410f47ad754d6cbd890ba7dff8b449	10	0.9730	3.3700,-3.3800 3.3700,0.4900 2.4800,0.4900 2.4800,1.8000 0.0500,1.8000 0.0500,0.5100 -1.8100,0.5100 -1.8100,-2.1600 -0.2400,-2.1600 -0.2400,-3.3800	-0.0600,-3.4000 3.4000,-3.3800 3.3800,0.4900 2.5000,0.4900 2.4900,1.7900 0.0400,1.7800 0.0400,0.5900 -0.0800,0.5900 -0.0800,0.4800 -1.8000,0.4700 -1.7900,-2.1900 -0.0700,-2.1800
533	uNb9QFRL6hY_ca08ebfb2da647f68db41630637e400b	10	0.9990	0.8300,-0.7700 0.8300,0.6600 -0.1400,0.6600 -0.1400,4.1600 -3.6500,4.1600 -3.6500,3.4200 -5.0700,3.4200 -5.0700,1.0300 -3.6500,1.0300 -3.6500,-0.7700	-3.6400,-0.7800 0.8400,-0.7600 0.8400,0.6700 -0.1300,0.6700 -0.1400,4.1600 -3.6600,4.1500 -3.6500,3.4200 -5.0700,3.4200 -5.0600,1.0100 -3.6500,1.0200
534	uNb9QFRL6hY_cdca0a1a2fc343bb94bacdc3045b2d8d	6	1.0000	2.9900,-1.9500 2.9900,2.1900 -0.1600,2.1900 -0.1600,4.4300 -1.1200,4.4300 -1.1200,-1.9500	-1.1200,4.4300 -1.1300,-1.9500 2.9800,-1.9500 2.9900,2.1900 -0.1600,2.2000 -0.1600,4.4300
535	uNb9QFRL6hY_ce88ee8b7ee84fca92c13ab16599d90e	6	0.9870	1.1200,-2.7000 1.1200,-1.3300 0.5300,-1.3300 0.5300,2.5700 -2.4700,2.5700 -2.4700,-2.7000	-2.4800,2.5600 -2.4400,-2.7000 1.1400,-2.6800 1.1300,-1.3200 0.5500,-1.3200 0.5200,2.5800
536	uNb9QFRL6hY_d11f14ddecbe406681d4980365ea5a43	10	0.9900	3.2000,-7.4300 3.2000,0.2000 0.6800,0.2000 0.6800,1.1600 1.6900,1.1600 1.6900,2.8300 -0.6100,2.8300 -0.6100,0.1800 -2.0100,0.1800 -2.0100,-7.4300	-2.0200,-7.4300 3.0600,-7.4500 3.0600,-6.9100 3.1900,-6.9100 3.2200,0.1700 0.7000,0.1800 0.7000,1.1500 1.7000,1.1400 1.7100,2.8200 -0.5800,2.8300 -0.5900,0.1900 -1.9900,0.1900
537	uNb9QFRL6hY_e8fcf8c5bd324655a25186117151ccbd	6	0.9960	0.7200,-0.4600 0.7200,3.9600 -2.6100,3.9600 -2.6100,5.4500 -3.6200,5.4500 -3.6200,-0.4600	-3.6200,-0.4600 0.7300,-0.4600 0.7300,3.9600 -2.6000,3.9600 -2.6000,5.4500 -3.6100,5.4500
538	uNb9QFRL6hY_fd10460fd2bc4c52af84e36e89357269	6	0.9980	0.6600,-2.2200 0.6600,1.1600 1.4600,1.1600 1.4600,1.9400 -3.4900,1.9400 -3.4900,-2.2200	-3.5100,-2.2200 0.6400,-2.2200 0.6400,1.1300 1.4400,1.1300 1.4400,1.9400 -3.5100,1.9400
539	ur6pFq6Qu1A_06707456aa1e41ccb840fed4137cb468	8	0.9870	0.0400,-1.7000 0.0400,-0.3300 4.0300,-0.3300 4.0300,1.4800 -1.7800,1.4800 -1.7800,0.0200 -3.2600,0.0200 -3.2600,-1.7000	-3.2500,-1.7200 0.0500,-1.7000 0.0400,-0.3400 4.0300,-0.3200 4.0200,1.4000 3.0600,1.4000 3.0600,1.4900 -1.7900,1.4600 -1.7800,0.0400 -3.2600,0.0300
540	ur6pFq6Qu1A_07eec017bd8e4bf68011d958735a997a	10	0.9930	-0.2000,-2.1500 -0.2000,-0.9100 2.4000,-0.9100 2.4000,0.6500 -0.1400,0.6500 -0.1400,2.1800 -2.8100,2.1800 -2.8100,-0.6800 -3.5000,-0.6800 -3.5000,-2.1500	-3.5100,-2.1400 -0.1800,-2.1600 -0.1800,-0.9200 2.3900,-0.9300 2.4000,0.6400 -0.1700,0.6500 -0.1600,2.1800 -2.8100,2.1900 -2.8200,-0.6900 -3.5000,-0.6800
541	ur6pFq6Qu1A_5c51cb6896db49b39e37d8574502946d	18	0.9450	-0.8500,-6.2400 -0.3500,-6.2400 -0.3500,-8.8300 1.1900,-8.8300 1.1900,-6.2400 2.0300,-6.2400 2.0300,-2.7200 0.8700,-2.7200 0.8700,-0.8800 3.9100,-0.8800 3.9100,0.7200 0.8400,0.7200 0.8400,2.3800 -0.8500,2.3800 -0.8500,-1.5200 -1.2900,-1.5200 -1.2900,-2.1800 -0.8500,-2.1800	-0.3100,-8.8400 0.9600,-8.8200 0.9300,-6.2300 2.0600,-6.2200 2.0200,-2.7000 0.8900,-2.7100 0.8700,-0.8700 3.8800,-0.8400 3.8600,0.7600 0.8500,0.7300 0.8500,0.8500 0.7700,0.8500 0.7500,2.3800 -0.9200,2.3600 -0.8200,-6.2500 -0.3400,-6.2500
542	ur6pFq6Qu1A_5eaf782cc1e34b038bfa2d2fd383ab0a	14	0.9540	1.0000,-3.6500 1.0000,-2.1800 1.6800,-2.1800 1.6800,0.3800 0.9600,0.3800 0.9600,3.3800 1.5100,3.3800 1.5100,5.8400 -1.6600,5.8400 -1.6600,1.8700 -0.9600,1.8700 -0.9600,0.9600 -3.8800,0.9600 -3.8800,-3.6500	-3.9400,-3.6300 0.9200,-3.6300 0.9200,-2.1800 1.5400,-2.1800 1.5400,0.3900 0.9100,0.3900 0.9100,3.4400 1.5300,3.4400 1.5300,3.5900 1.4300,3.5900 1.4300,5.8500 -1.7100,5.8500 -1.7100,1.8800 -1.0100,1.8800 -1.0100,0.9700 -3.9400,0.9700
543	ur6pFq6Qu1A_67a696124eb54cb9bb570f28df5fb8ab	12	0.9690	1.9700,-8.2400 1.9700,-4.2400 1.0700,-4.2400 1.0700,-3.2100 3.9500,-3.2100 3.9500,1.5400 -0.8800,1.5400 -0.8800,0.0100 -1.6300,0.0100 -1.6300,-2.4300 -0.9000,-2.4300 -0.9000,-8.2400	-0.9400,-8.2300 1.9300,-8.2400 1.9300,-4.2400 1.0300,-4.2400 1.0300,-3.2000 3.9200,-3.2100 3.9300,1.5400 -0.9200,1.5500 -0.9200,0.5500 -1.6600,0.5500 -1.6600,-2.4200 -0.9300,-2.4200
544	ur6pFq6Qu1A_79569bffc7674614a31ad21a0d3f922f	6	0.9780	1.1900,-5.4700 1.1900,-2.4000 0.5400,-2.4000 0.5400,1.0700 -3.2200,1.0700 -3.2200,-5.4700	-3.3000,1.0400 -3.2100,-5.5100 1.2000,-5.4500 1.1600,-2.3800 0.5100,-2.3800 0.4600,1.0900
545	ur6pFq6Qu1A_8923021abb864d32bc0323178b26ee8f	6	0.9550	-2.2500,-0.5900 3.1700,-0.5900 3.1700,3.3300 0.1300,3.3300 0.1300,0.6000 -2.2500,0.6000	-2.2600,-0.5300 3.1600,-0.6500 3.2500,3.2700 0.2100,3.3400 0.1500,0.6100 -2.2300,0.6700
546	ur6pFq6Qu1A_9f6209947e3d45fe81ea6e3293c3efdc	8	0.9860	4.1900,-2.6200 4.1900,-1.1300 5.4100,-1.1300 5.4100,0.2300 2.0500,0.2300 2.0500,1.7400 -0.5400,1.7400 -0.5400,-2.6200	-0.5700,-2.6000 4.1600,-2.6300 4.1700,-1.1600 5.3900,-1.1700 5.3900,0.2100 2.0300,0.2300 2.0400,1.7400 -0.5500,1.7500
547	ur6pFq6Qu1A_a4755f88913d48a885da112031e73536	10	0.9760	1.4600,-2.0800 1.4600,-0.7900 2.4600,-0.7900 2.4600,0.7300 -0.5500,0.7300 -0.5500,2.4700 -2.2800,2.4700 -2.2800,-0.7800 -0.4200,-0.7800 -0.4200,-2.0800	-0.4200,-2.0900 1.4700,-2.0700 1.4600,-0.7800 2.4600,-0.7700 2.4500,0.7400 -0.5600,0.7200 -0.5700,2.4600 -2.3100,2.4500 -2.2800,-0.8100 -0.4300,-0.7900
548	ur6pFq6Qu1A_eb6b13622d6a4efcab3e53cabf5e2f01	6	0.9840	0.3600,-1.4000 0.3600,4.1500 -0.8100,4.1500 -0.8100,3.3800 -2.0200,3.3800 -2.0200,-1.4000	-0.8100,4.1200 -0.8100,3.3500 -2.0200,3.3500 -2.0200,-1.0100 -1.8500,-1.0100 -1.8500,-1.4300 0.3600,-1.4300 0.3600,4.1200
549	vyrNrziPKCB_0ec77a25298c4935b585db95e91ed83f	6	0.9870	3.9700,-1.5600 3.9700,-0.7100 6.3900,-0.7100 6.3900,3.5500 -2.1600,3.5500 -2.1600,-1.5600	-2.1400,-1.5700 3.9900,-1.5300 3.9900,-0.6900 6.4100,-0.6800 6.3800,3.5900 -0.4900,3.5500 -0.4900,3.4600 -2.1700,3.4500
550	vyrNrziPKCB_3a0dc03705854da6abdd90b433887691	6	0.9820	2.8900,-4.4700 2.8900,-0.5900 1.7800,-0.5900 1.7800,1.4700 -3.3500,1.4700 -3.3500,-4.4700	-3.3900,-4.4400 2.8500,-4.5300 2.9000,-0.6800 1.7900,-0.6600 1.8200,1.4200 -3.3100,1.4900
551	vyrNrziPKCB_468dc41d313746d0a4bcda690794d9bb	6	0.9870	4.5200,-6.0200 4.5200,1.7400 -0.5500,1.7400 -0.5500,-3.3200 1.6700,-3.3200 1.6700,-6.0200	1.7800,-6.0200 4.5200,-6.0300 4.5200,-5.9300 4.3700,-5.9300 4.3700,-5.2300 4.5200,-5.2300 4.5300,1.7300 -0.5500,1.7400 -0.5600,-3.3200 1.7900,-3.3200
552	vyrNrziPKCB_468e68b506364540972f4c718ca8c752	6	0.9970	2.9000,-1.4500 2.9000,4.6500 -0.7500,4.6500 -0.7500,4.1000 -2.9000,4.1000 -2.9000,-1.4500	-2.9100,-1.4500 2.9000,-1.4600 2.9100,4.6400 -0.7000,4.6500 -0.7000,4.1100 -2.9000,4.1100
553	vyrNrziPKCB_4fcd68dd08c4492aa47ddb5c31d7e1bf	6	0.9740	3.3100,-0.9300 3.3100,4.3400 2.4900,4.3400 2.4900,6.8100 -1.2100,6.8100 -1.2100,-0.9300	-1.2800,6.7700 -1.1900,-0.9600 3.2300,-0.9100 3.2200,0.0800 3.3200,0.0800 3.2700,4.3500 2.4600,4.3400 2.4500,5.4400 2.2800,5.4400 2.2700,5.8300 2.3200,5.8300 2.3000,6.8100
554	vyrNrziPKCB_61891832db1a494cb1e163fc4f23a693	6	0.9930	5.4100,-2.0300 5.4100,-1.1700 7.0600,-1.1700 7.0600,3.0200 -1.1100,3.0200 -1.1100,-2.0300	-1.1000,-2.0300 5.4200,-2.0200 5.4100,-1.1800 7.0700,-1.1700 7.0700,3.0300 -0.5800,3.0200 -0.5800,2.8700 -1.1100,2.8700
555	vyrNrziPKCB_6459d2b4acd84d8590eeda3114a24885	6	0.9850	1.1800,-8.9500 1.1800,0.4600 3.2600,0.4600 3.2600,3.5300 -0.7500,3.5300 -0.7500,-8.9500	-0.7600,3.5300 -0.7400,-2.9300 -0.5700,-2.9300 -0.5700,-3.4200 -0.7400,-3.4200 -0.7200,-8.9500 1.2200,-8.9400 1.1800,0.4600 3.2600,0.4700 3.2500,3.5400
556	vyrNrziPKCB_9ed4c18d4e0b494095a24e48c801bfb3	6	0.9930	0.6700,-1.3700 0.6700,4.6100 -2.8100,4.6100 -2.8100,3.8100 -4.6800,3.8100 -4.6800,-1.3700	-4.6700,-1.3900 0.6800,-1.3600 0.6500,4.6100 -2.8300,4.5900 -2.8300,3.8000 -4.7000,3.7900
557	vyrNrziPKCB_ab9ba8a03d1e494190a7ff9ec6cfb677	6	1.0000	3.4100,1.1800 -1.8600,1.1800 -1.8600,-3.7500 0.3100,-3.7500 0.3100,-6.8200 3.4100,-6.8200	-1.8600,1.1800 -1.8600,-3.7500 0.3100,-3.7500 0.3100,-6.8200 3.4000,-6.8300 3.4100,1.1700
558	vyrNrziPKCB_b364eb0104d34725810601cc14ebc900	6	0.9700	1.1900,-5.6400 1.1900,3.3600 2.0200,3.3600 2.0200,5.6900 -0.7000,5.6900 -0.7000,-5.6400	-0.7000,5.7000 -0.7500,-5.6300 1.1300,-5.6300 1.1800,3.3600 1.9600,3.3600 1.9700,5.6800
559	vyrNrziPKCB_bff73ad3851642d79ce25063c9c5a71e	6	1.0000	4.3200,-4.8300 4.3200,2.6400 -0.5200,2.6400 -0.5200,-2.2000 1.6800,-2.2000 1.6800,-4.8300	-0.5200,2.6300 -0.5200,-2.2100 1.6700,-2.2100 1.6800,-4.8400 4.3200,-4.8400 4.3200,2.6300
560	vyrNrziPKCB_c782e1f5ad79494882c9b6715060236c	6	0.9950	3.5700,-4.7100 3.5700,1.3400 2.6600,1.3400 2.6600,3.5700 -1.4000,3.5700 -1.4000,-4.7100	-1.3900,3.5700 -1.4000,-4.7100 3.4400,-4.7100 3.4400,-4.0000 3.5700,-4.0000 3.5700,1.3400 2.6700,1.3400 2.6700,3.5700
561	vyrNrziPKCB_cd657625baf8410f88fe3a3bd8e5a771	6	1.0000	3.4400,-1.8300 3.4400,2.0400 -0.8400,2.0400 -0.8400,-0.6200 0.2900,-0.6200 0.2900,-1.8300	0.3000,-1.8300 3.4500,-1.8200 3.4500,2.0500 -0.8300,2.0400 -0.8300,-0.6200 0.3000,-0.6200
562	vyrNrziPKCB_ce528f7b4649463a8b908c34ee620d36	10	0.9860	4.6000,-6.2600 4.6000,0.1200 3.6400,0.1200 3.6400,2.5000 -0.4400,2.5000 -0.4400,0.9000 -2.4400,0.9000 -2.4400,-0.7200 -0.5700,-0.7200 -0.5700,-6.2600	-0.5500,-5.7000 -0.3800,-5.7000 -0.3800,-6.2600 4.5100,-6.2600 4.5100,-4.5800 4.4200,-4.5800 4.4200,-4.1200 4.6000,-4.1200 4.6000,-0.2800 4.4600,-0.2800 4.4600,0.1600 3.6400,0.1600 3.6500,2.5000 -0.4300,2.5000 -0.4300,0.9700 -0.5400,0.9700 -0.5400,0.8900 -2.3400,0.8900 -2.3400,-0.7300 -0.5400,-0.7300
563	vyrNrziPKCB_d5363662598b42b5b72a401065028040	6	0.9890	4.1600,-4.3000 4.1600,-0.5400 3.4100,-0.5400 3.4100,1.5200 -1.9100,1.5200 -1.9100,-4.3000	-1.9300,-4.2900 4.1400,-4.3300 4.1600,-0.5700 3.4100,-0.5600 3.4300,1.4900 -1.8900,1.5200
564	vyrNrziPKCB_d7fe8f872086493d81b333ca1a867d0d	6	1.0000	2.5500,-6.3600 2.5500,-0.2400 1.7400,-0.2400 1.7400,2.0000 -2.4700,2.0000 -2.4700,-6.3600	-2.4700,2.0100 -2.4900,-6.3600 2.5300,-6.3600 2.5400,-0.2500 1.7400,-0.2500 1.7500,2.0000
565	vyrNrziPKCB_de9e1c3afd574dd79fb4c0a7282f7935	6	0.9650	-1.4700,-1.2900 1.9200,-1.2900 1.9200,-0.6500 4.0900,-0.6500 4.0900,4.4900 -1.4700,4.4900	1.7800,-1.2900 1.8000,-0.6500 3.3100,-0.7200 3.3200,-0.6000 3.9800,-0.6300 4.1900,4.3900 0.1900,4.5600 0.1800,4.4500 -1.3700,4.5200 -1.5600,0.0800 -1.4400,0.0700 -1.5000,-1.1500
566	vyrNrziPKCB_ea8a6c77ddc24b0bab54602bd79fa277	6	0.9830	3.3900,-3.8300 3.3900,4.4800 -1.6600,4.4800 -1.6600,-1.6100 -0.8900,-1.6100 -0.8900,-3.8300	-1.7000,4.4500 -1.6200,-1.6400 -0.8500,-1.6300 -0.8300,-3.8400 3.4600,-3.7900 3.3600,4.5100
567	vyrNrziPKCB_f6458019ed794e9e9b1ab46c800284c2	6	0.9970	1.2200,-4.3500 1.2200,4.8500 2.1200,4.8500 2.1200,8.4100 -0.6600,8.4100 -0.6600,-4.3500	-0.6600,8.4100 -0.6700,7.9400 -0.4800,7.9400 -0.4800,7.5700 -0.6700,7.5700 -0.6800,-4.3600 1.2000,-4.3600 1.2100,4.8500 2.1100,4.8500 2.1100,8.4000
568	vyrNrziPKCB_fdf2c8890ea9424ca8e780e96c84c393	6	0.9920	3.6200,-4.3800 3.6200,0.7600 -1.4900,0.7600 -1.4900,-1.5400 -4.3100,-1.5400 -4.3100,-4.3800	-4.3100,-4.3800 3.6300,-4.3800 3.6300,-0.1700 3.5100,-0.1700 3.5100,0.7600 -1.4900,0.7600 -1.4900,-1.5300 -4.3100,-1.5300
569	wc2JMjhGNzB_03c1aca95e254bf4b0db303a28d79aee	8	0.9910	1.3000,-2.1000 1.3000,2.5100 -3.0400,2.5100 -3.0400,-2.1000 -0.5200,-2.1000 -0.5200,-4.3500 0.5500,-4.3500 0.5500,-2.1000	-0.5400,-4.3400 0.5500,-4.3400 0.5500,-2.0900 1.2900,-2.1000 1.3100,2.5100 -3.0300,2.5200 -3.0400,-2.0800 -0.5400,-2.0900
570	wc2JMjhGNzB_12757e972ea64bbfbeb14f7cf5ccaf8b	6	0.9900	0.6700,-0.6900 0.6700,3.2900 -0.0600,3.2900 -0.0600,4.2100 -3.0900,4.2100 -3.0900,-0.6900	-3.1100,4.2000 -3.0800,-0.7100 0.6700,-0.6900 0.6500,3.2900 -0.0700,3.2900 -0.0800,4.2100
571	wc2JMjhGNzB_36f4749077674307bce31998171e96ef	6	1.0000	0.6600,-2.8700 0.6600,2.3800 -0.4300,2.3800 -0.4300,0.7000 -4.1000,0.7000 -4.1000,-2.8700	-4.1100,-2.8700 0.6600,-2.8700 0.6600,2.3800 -0.4400,2.3800 -0.4400,0.7100 -4.1100,0.7100
572	wc2JMjhGNzB_3a035012369c4eb58295238d946fbc66	8	0.9850	3.9800,-4.0800 3.9800,0.4600 -0.3200,0.4600 -0.3200,-4.0800 2.0100,-4.0800 2.0100,-6.3400 3.1600,-6.3400 3.1600,-4.0800	1.9600,-6.3300 3.1300,-6.3400 3.1500,-4.0800 3.9500,-4.0900 4.0000,0.4400 -0.3000,0.4900 -0.3500,-4.0500 1.9800,-4.0700
573	wc2JMjhGNzB_4884da3227464ab5b82f631ff22205bd	6	1.0000	-0.0600,-4.1900 -0.0600,-0.5000 0.3400,-0.5000 0.3400,0.8000 -3.1700,0.8000 -3.1700,-4.1900	-3.1800,0.8000 -3.1700,-4.1800 -0.0600,-4.1800 -0.0600,-0.4900 0.3300,-0.4900 0.3300,0.8000
574	wc2JMjhGNzB_52ed6a0219e84a0bb6db8037ae700366	8	0.9760	3.3200,-4.7300 3.3200,-2.4400 3.9400,-2.4400 3.9400,2.2800 -0.5200,2.2800 -0.5200,-2.4100 2.0400,-2.4100 2.0400,-4.7300	-0.4900,2.3100 -0.5500,-2.3800 1.9900,-2.4100 1.9600,-4.7300 3.2500,-4.7400 3.2900,-2.4300 3.9100,-2.4400 3.9700,2.2500
575	wc2JMjhGNzB_649ef3674e0f4e7c9eac67f94d237573	10	0.9910	1.0600,-2.7800 1.0600,2.4600 1.7100,2.4600 1.7100,4.0100 1.0600,4.0100 1.0600,4.9900 -4.0100,4.9900 -4.0100,-1.8400 -3.2000,-1.8400 -3.2000,-2.7800	-3.1800,-2.7700 1.0800,-2.7800 1.0900,2.4600 1.7300,2.4600 1.7300,3.2000 1.6500,3.2000 1.6500,4.0100 1.0900,4.0100 1.0900,4.1500 1.0100,4.1500 1.0100,4.9800 -3.9900,4.9900 -4.0000,-1.8500 -3.1800,-1.8500
576	wc2JMjhGNzB_9087f0358178420a8b9ac7b17a8919c7	6	0.9890	3.2000,-4.7300 3.2000,-0.3100 2.4600,-0.3100 2.4600,0.6600 -0.7900,0.6600 -0.7900,-4.7300	-0.8100,0.6500 -0.7800,-4.7400 3.2100,-4.7100 3.1800,-0.3000 2.4500,-0.3000 2.4400,0.6700
577	wc2JMjhGNzB_aeb3199e10354e45a4884bb185c03257	8	0.9560	1.0000,-3.0200 1.0000,0.5500 -4.4300,0.5500 -4.4300,-3.2600 -2.4200,-3.2600 -2.4200,-2.6100 -0.4900,-2.6100 -0.4900,-3.0200	-4.4100,-3.0300 -2.4000,-3.0100 -2.4100,-2.6000 -0.4700,-2.5800 -0.4700,-3.0000 0.9800,-2.9800 0.9800,-2.5700 1.0200,-2.5700 0.9800,0.6000 -4.4500,0.5400
578	wc2JMjhGNzB_b41b10699d614f24851b56a9a0e743c6	8	0.9820	0.2600,-0.7400 0.2600,4.0800 -0.4100,4.0800 -0.4100,3.6400 -2.5400,3.6400 -2.5400,4.0700 -3.1900,4.0700 -3.1900,-0.7400	-3.1800,3.6600 -3.2000,-0.7200 0.2500,-0.7400 0.2800,3.6400 0.2400,3.6400 0.2400,4.0900 -0.4400,4.0900 -0.4500,3.6400 -2.4400,3.6500 -2.4400,4.0900 -3.1400,4.0900 -3.1400,3.6600
579	wc2JMjhGNzB_c7c84bf01a834489ad11d8450a7dc2bc	8	0.9830	1.3700,-4.2800 1.3700,0.4200 -3.0200,0.4200 -3.0200,-4.2800 -0.5000,-4.2800 -0.5000,-6.8000 0.5800,-6.8000 0.5800,-4.2800	-0.5300,-6.8100 0.4700,-6.8100 0.4800,-5.2000 0.4500,-5.2000 0.4500,-4.4400 0.5700,-4.4500 0.5700,-4.2900 1.1900,-4.2900 1.1900,-3.6200 1.3500,-3.6200 1.3600,0.4100 -3.0200,0.4200 -3.0300,-4.2800 -0.5200,-4.2800
580	wc2JMjhGNzB_e6693f97b36545f7a76e03c3fe32ba8c	6	0.9830	4.4700,-3.6200 4.4700,0.9100 -0.4300,0.9100 -0.4300,-1.6500 -0.9300,-1.6500 -0.9300,-3.6200	-0.9600,-3.6100 4.4400,-3.6400 4.4600,0.8900 -0.4400,0.9100 -0.4500,-1.6500 -0.9500,-1.6500
581	yqstnuAEVhm_26b2e92ccd314a2da1a4fc8dfc6e6f56	8	0.9570	2.2300,-1.9600 2.2300,3.2100 0.5100,3.2100 0.5100,0.6800 -6.3300,0.6800 -6.3300,-0.7000 0.7600,-0.7000 0.7600,-1.9600	0.7300,-1.9500 2.2100,-1.9700 2.2600,3.2000 0.5400,3.2200 0.5200,0.6900 -6.3300,0.7600 -6.3400,-0.6200 0.7500,-0.7000
582	yqstnuAEVhm_4642492bb42d40debb1a3bad0ea7a24f	6	0.9780	5.1200,-3.2500 5.1200,1.5900 -1.7800,1.5900 -1.7800,-2.4100 1.3900,-2.4100 1.3900,-3.2500	1.3600,-3.2300 5.0900,-3.2600 5.1400,1.5800 2.5200,1.6100 2.5200,1.4400 2.0300,1.4500 2.0400,1.6100 -1.7600,1.6500 -1.8000,-2.3500 1.3700,-2.3800
583	yqstnuAEVhm_48447297e8444171a5db34ccf38bc229	14	0.9680	1.7400,-3.1900 1.7400,-0.9800 3.2100,-0.9800 3.2100,0.4600 2.1900,0.4600 2.1900,1.3400 1.1500,1.3400 1.1500,6.1200 -4.2600,6.1200 -4.2600,1.5800 -2.9600,1.5800 -2.9600,-0.9200 -4.0700,-0.9200 -4.0700,-3.1900	-4.1400,-3.2300 -4.0800,-3.2300 -4.0900,-3.0500 -3.3700,-3.0400 -3.3700,-3.0500 -2.8600,-3.0400 -2.8500,-3.2100 1.7200,-3.1700 1.7000,-0.9800 1.8900,-0.9700 1.8900,-0.8000 2.3900,-0.8000 2.3900,-0.9700 3.1900,-0.9600 3.1800,0.4800 1.6800,0.4600 1.6800,0.5500 2.1800,0.5600 2.1700,1.3100 1.6700,1.3100 1.6700,1.3500 1.1300,1.3400 1.1100,3.6100 0.9300,3.6100 0.9300,4.2400 0.9900,4.2400 0.9800,5.0100 0.9300,5.0100 0.9300,5.3800 1.0900,5.3800 1.0900,6.1400 -4.2300,6.0900 -4.1900,1.5600 -2.9800,1.5700 -2.9500,-1.0100 -4.1600,-1.0200 -4.1500,-2.0100 -3.9500,-2.0100 -3.9500,-2.2900 -4.1500,-2.2900
584	yqstnuAEVhm_6440d94be92546fdab587df78fbea28b	8	0.9930	-0.5200,-2.5000 -0.5200,-1.0500 0.8000,-1.0500 0.8000,1.4500 -0.0600,1.4500 -0.0600,2.3700 -3.1100,2.3700 -3.1100,-2.5000	-3.1200,-2.5100 -0.5300,-2.5200 -0.5300,-1.1100 -0.0700,-1.1100 -0.0700,-1.0700 0.7800,-1.0800 0.8000,1.4300 -0.0600,1.4400 -0.0600,2.3600 -3.1000,2.3700
585	yqstnuAEVhm_882f2a028ad249d49fdaabc1ddae789d	6	0.9810	3.2700,-3.9200 3.2700,2.4000 -1.2500,2.4000 -1.2500,-4.4800 0.0500,-4.4800 0.0500,-3.9200	-1.2700,2.3800 -1.2300,-4.5100 0.0600,-4.5000 0.0600,-3.9500 3.2800,-3.9300 3.2400,2.4000
586	yqstnuAEVhm_9de98503fd994452b627cdcc7a7d47b2	6	0.9810	7.0600,-3.9600 7.0600,-0.3500 1.6000,-0.3500 1.6000,0.2700 -0.6500,0.2700 -0.6500,-3.9600	-0.6800,-3.9000 7.0200,-4.0000 7.0700,-0.3900 1.6100,-0.3200 1.6200,0.3000 0.3700,0.3100 0.3600,0.2000 -0.6300,0.2200
587	yqstnuAEVhm_c93bf298b1cb41a1b368a6ce8bcff53d	18	0.9830	3.3200,-1.3000 3.3200,1.0100 4.4800,1.0100 4.4800,2.3400 3.6900,2.3400 3.6900,3.1900 2.6600,3.1900 2.6600,8.1800 -2.5400,8.1800 -2.5400,3.4200 -1.2100,3.4200 -1.2100,1.0200 -2.2400,1.0200 -2.2400,-1.3000 -1.6400,-1.3000 -1.6400,-2.4500 -0.6700,-2.4500 -0.6700,-1.3000	-2.2600,1.0000 -2.2500,-1.3200 -1.6800,-1.3200 -1.6800,-1.4100 -1.5800,-1.4100 -1.5700,-2.4200 -1.6700,-2.4200 -1.6700,-2.4600 -0.6500,-2.4500 -0.6600,-1.3100 3.3100,-1.2800 3.3000,1.0100 4.4700,1.0200 4.4600,2.3700 3.6700,2.3600 3.6700,3.2000 2.6500,3.1900 2.6200,8.1900 -2.4600,8.1500 -2.4300,3.4000 -1.2300,3.4100 -1.2200,1.0100
588	yqstnuAEVhm_e650c19e3eb34cc0b98374e5a23d1f65	16	0.9530	-3.6200,-2.9800 0.3900,-2.9800 0.3900,-1.9200 2.6700,-1.9200 2.6700,-2.8700 4.8600,-2.8700 4.8600,-2.2500 6.7900,-2.2500 6.7900,-1.3800 4.8600,-1.3800 4.8600,2.5400 2.8000,2.5400 2.8000,3.7900 0.3900,3.7900 0.3900,1.9900 -3.6200,1.9900	-3.5600,-2.9800 0.4500,-2.8800 0.4200,-1.8700 2.6800,-1.8100 2.7100,-2.8300 3.9500,-2.8000 3.9500,-2.5400 4.9100,-2.5200 4.9000,-2.1200 6.8200,-2.0700 6.8100,-1.3000 4.8800,-1.3400 4.7900,2.5600 4.1600,2.5500 4.1500,2.6800 2.7300,2.6400 2.7000,3.9000 0.3000,3.8400 0.3400,2.0400 -3.6800,1.9500
589	yqstnuAEVhm_fc84c67a0ffd49cf8ffdc32df703bc86	8	0.9680	0.8300,-2.8500 0.8300,-1.3800 2.1400,-1.3800 2.1400,1.2300 1.2100,1.2300 1.2100,2.0900 -1.7500,2.0900 -1.7500,-2.8500	-1.7400,-2.2300 -1.5600,-2.2300 -1.5600,-2.8400 0.8400,-2.8400 0.8400,-2.5000 0.6800,-2.5000 0.6800,-1.5200 0.8400,-1.5200 0.8400,-1.3800 2.1500,-1.3800 2.1500,1.2300 1.0100,1.2300 1.0100,2.0900 -1.7400,2.0900
590	zsNo4HB9uLZ_19b2aa3137ae44f19821ec0f3da4a836	6	0.9970	0.4300,-3.4200 0.4300,1.1100 -0.5700,1.1100 -0.5700,0.5300 -2.8000,0.5300 -2.8000,-3.4200	-2.8000,-3.4100 0.4400,-3.4000 0.4200,1.1300 -0.5800,1.1200 -0.5800,0.5400 -2.8100,0.5400
591	zsNo4HB9uLZ_38260e04f02546a6af3dcaf8689546a2	6	1.0000	0.2100,-2.9200 0.2100,-0.5200 3.6600,-0.5200 3.6600,3.1800 -0.8600,3.1800 -0.8600,-2.9200	-0.8700,-2.9100 0.2000,-2.9200 0.2000,-0.5200 3.6500,-0.5300 3.6600,3.1700 -0.8600,3.1800
592	zsNo4HB9uLZ_5e966f4bdbc849f4b2b200e2f8cc49a0	6	0.9750	3.2100,-3.2800 3.2100,-1.8000 2.6000,-1.8000 2.6000,0.3900 -0.4800,0.3900 -0.4800,-3.2800	-0.4400,-3.3100 3.2400,-3.2600 3.2200,-1.7900 2.6200,-1.7900 2.5900,0.4100 -0.4900,0.3600
593	zsNo4HB9uLZ_faad06c7cb2b4a6f9220e7f6f87c800b	6	0.9860	-0.1400,-5.2000 -0.1400,-2.6500 3.0900,-2.6500 3.0900,0.7900 -1.2000,0.7900 -1.2000,-5.2000	-1.2100,-5.0300 -0.1500,-5.0300 -0.1400,-2.6400 3.0800,-2.6500 3.0900,0.7800 -1.1900,0.8000
