# frame;ts_ms;est_x,est_y,est_th;verts;corner_sigma;edge_sigma_d;closed,publishable
0;1789210698556;0,0,0;-10,-10 10,-10 10,10 -10,10;2.66539 2.66539 2.66539 2.66539;0.5 0.5 0.5 0.5;1,0
1;1789210698602;-3.13788e-05,-7.70174e-05,0.000432424;-10,-10 10,-10 10,10 -10,10;2.66539 2.66539 2.66539 2.66539;0.5 0.5 0.5 0.5;1,0
2;1789210698648;-0.000113599,-0.000179717,0.000926921;-10,-10 10,-10 10,10 -10,10;2.66539 2.66539 2.66539 2.66539;0.5 0.5 0.5 0.5;1,0
3;1789210698703;-0.000185992,-0.000225479,0.000543907;-10,-10 10,-10 10,10 -10,10;2.66539 2.66539 2.66539 2.66539;0.5 0.5 0.5 0.5;1,0
4;1789210698755;-0.000282378,-0.000341568,0.00065195;-10,-10 10,-10 10,10 -10,10;2.66539 2.66539 2.66539 2.66539;0.5 0.5 0.5 0.5;1,0
5;1789210698806;-0.000376297,-0.000455468,0.00147423;-10,-10 10,-10 10,10 -10,10;2.66539 2.66539 2.66539 2.66539;0.5 0.5 0.5 0.5;1,0
6;1789210698852;-0.000458446,-0.000558225,0.00128794;-10,-10 10,-10 10,10 -10,10;2.66539 2.66539 2.66539 2.66539;0.5 0.5 0.5 0.5;1,0
7;1789210698906;-0.000559643,-0.00067885,0.00129277;-10,-10 10,-10 10,10 -10,10;2.66539 2.66539 2.66539 2.66539;0.5 0.5 0.5 0.5;1,0
8;1789210698958;-0.000648755,-0.00078832,0.00167099;-10,-10 10,-10 10,10 -10,10;2.66539 2.66539 2.66539 2.66539;0.5 0.5 0.5 0.5;1,0
9;1789210699012;-0.000742571,-0.000902305,0.00227008;-10,-10 10,-10 10,10 -10,10;2.66539 2.66539 2.66539 2.66539;0.5 0.5 0.5 0.5;1,0
10;1789210699056;-0.000815638,-0.000996194,0.00240681;-6.12518,-10 10,-10 10,10 -10,10 -10,3.30142 -5.31369,3.30142;1.68296 2.66539 2.66539 2.66539 2.66539 1.48113;0.5 0.5 0.5 0.5 0.5 0.00300769;1,0
11;1789210699108;-0.00090461,-0.00110578,0.00304858;-5.67739,-9.90307 9.82515,-10.1718 10.1718,9.82515 -5.3307,10.0939;1.52557 2.66539 2.66539 1.52557;0.5 0.5 0.5 0.00300769;1,0
12;1789210699159;-0.000991237,-0.00121312,0.00254392;-5.67738,-9.90307 9.82515,-10.1718 10.1718,9.82515 -5.3307,10.0939;1.52557 2.66539 2.66539 1.52557;0.5 0.5 0.5 0.00300769;1,0
13;1789210699214;-0.00108739,-0.00132941,0.00264067;-5.67738,-9.90307 9.82515,-10.1718 10.1718,9.82515 -5.3307,10.0939;1.52557 2.66539 2.66539 1.52557;0.5 0.5 0.5 0.00300769;1,0
14;1789210699264;-0.00117168,-0.00143452,0.00313892;-5.67738,-9.90307 9.82515,-10.1718 10.1718,9.82515 -5.3307,10.0939;1.52557 2.66539 2.66539 1.52557;0.5 0.5 0.5 0.00300769;1,0
15;1789210699313;-0.00125365,-0.00153743,0.00315756;-5.67738,-9.90307 9.82515,-10.1718 10.1718,9.82515 -5.3307,10.0939;1.52557 2.66539 2.66539 1.52557;0.5 0.5 0.5 0.00300769;1,0
16;1789210699363;-0.00133792,-0.00164256,0.00308318;-5.67738,-9.90307 9.82515,-10.1718 10.1718,9.82515 -5.3307,10.0939;1.52557 2.66539 2.66539 1.52557;0.5 0.5 0.5 0.00300769;1,0
17;1789210699418;-0.00143396,-0.00175894,0.00408359;-5.67738,-9.90307 9.82515,-10.1718 10.1718,9.82515 -5.3307,10.0939;1.52557 2.66539 2.66539 1.52557;0.5 0.5 0.5 0.00300769;1,0
18;1789210699463;-0.00150905,-0.00185522,0.00460948;-5.67738,-9.90307 9.82515,-10.1718 10.1718,9.82515 -5.3307,10.0939;1.52557 2.66539 2.66539 1.52557;0.5 0.5 0.5 0.00300769;1,0
19;1789210699517;-0.00160252,-0.00196948,0.00533212;-5.67738,-9.90307 9.82515,-10.1718 10.1718,9.82515 -5.3307,10.0939;1.52557 2.66539 2.66539 1.52557;0.5 0.5 0.5 0.00300769;1,0
20;1789210699570;-0.00169358,-0.00208153,0.00506869;-5.67738,-9.90307 9.82515,-10.1718 10.1718,9.82515 -5.3307,10.0939;1.52557 2.66539 2.66539 1.52557;0.5 0.5 0.5 0.00300769;1,0
21;1789210699624;-0.00178702,-0.00219583,0.00556582;-5.67738,-9.90307 9.82515,-10.1718 10.1718,9.82515 -5.3307,10.0939;1.52557 2.66539 2.66539 1.52557;0.5 0.5 0.5 0.00300769;1,0
22;1789210699667;-0.0018576,-0.00228771,0.00553189;-5.67738,-9.90307 9.82515,-10.1718 10.1718,9.82515 -5.3307,10.0939;1.52557 2.66539 2.66539 1.52557;0.5 0.5 0.5 0.00300769;1,0
23;1789210699719;-0.00194623,-0.00239757,0.00623757;-5.67738,-9.90307 9.82515,-10.1718 10.1718,9.82515 -5.3307,10.0939;1.52557 2.66539 2.66539 1.52557;0.5 0.5 0.5 0.00300769;1,0
24;1789210699773;-0.00203952,-0.00251198,0.00689757;-5.67738,-9.90307 9.82515,-10.1718 10.1718,9.82515 -5.3307,10.0939;1.52557 2.66539 2.66539 1.52557;0.5 0.5 0.5 0.00300769;1,0
25;1789210699830;-0.00213756,-0.00263095,0.00743956;-5.67738,-9.90307 9.82515,-10.1718 10.1718,9.82515 -5.3307,10.0939;1.52557 2.66539 2.66539 1.52557;0.5 0.5 0.5 0.00300769;1,0
26;1789210699883;-0.00222835,-0.00274322,0.00784939;-5.67738,-9.90307 9.82515,-10.1718 10.1718,9.82515 -5.3307,10.0939;1.52557 2.66539 2.66539 1.52557;0.5 0.5 0.5 0.00300769;1,0
27;1789210699928;-0.0023009,-0.00283751,0.00789218;-5.67738,-9.90307 9.82515,-10.1718 10.1718,9.82515 -5.3307,10.0939;1.52557 2.66539 2.66539 1.52557;0.5 0.5 0.5 0.00300769;1,0
28;1789210699977;-0.0023824,-0.00294078,0.00743493;-5.67738,-9.90307 9.82515,-10.1718 10.1718,9.82515 -5.3307,10.0939;1.52557 2.66539 2.66539 1.52557;0.5 0.5 0.5 0.00300769;1,0
29;1789210700030;-0.00247318,-0.00305306,0.00807169;-5.67738,-9.90307 9.82515,-10.1718 10.1718,9.82515 -5.3307,10.0939;1.52557 2.66539 2.66539 1.52557;0.5 0.5 0.5 0.00300769;1,0
30;1789210700084;-0.00256628,-0.00316762,0.00831545;-5.67738,-9.90307 9.82515,-10.1718 10.1718,9.82515 -5.3307,10.0939;1.52557 2.66539 2.66539 1.52557;0.5 0.5 0.5 0.00300769;1,0
31;1789210700144;-0.00267163,-0.00329342,0.00751107;-5.67738,-9.90307 9.82515,-10.1718 10.1718,9.82515 -5.3307,10.0939;1.52557 2.66539 2.66539 1.52557;0.5 0.5 0.5 0.00300769;1,0
32;1789210700185;-0.00273772,-0.00338096,0.00799028;-5.67738,-9.90307 9.82515,-10.1718 10.1718,9.82515 -5.3307,10.0939;1.52557 2.66539 2.66539 1.52557;0.5 0.5 0.5 0.00300769;1,0
33;1789210700237;-0.00282615,-0.00349097,0.00735177;-5.67738,-9.90307 9.82515,-10.1718 10.1718,9.82515 -5.3307,10.0939;1.52557 2.66539 2.66539 1.52557;0.5 0.5 0.5 0.00300769;1,0
34;1789210700285;-0.00290542,-0.00359197,0.00727452;-5.67738,-9.90307 9.82515,-10.1718 10.1718,9.82515 -5.3307,10.0939;1.52557 2.66539 2.66539 1.52557;0.5 0.5 0.5 0.00300769;1,0
35;1789210700346;-0.00301334,-0.00371996,0.00756406;-5.67738,-9.90307 9.82515,-10.1718 10.1718,9.82515 -5.3307,10.0939;1.52557 2.66539 2.66539 1.52557;0.5 0.5 0.5 0.00300769;1,0
36;1789210700397;-0.00309949,-0.00382769,0.00678998;-5.67738,-9.90307 9.82515,-10.1718 10.1718,9.82515 -5.3307,10.0939;1.52557 2.66539 2.66539 1.52557;0.5 0.5 0.5 0.00300769;1,0
37;1789210700448;-0.00318569,-0.00393538,0.0067621;-5.67738,-9.90307 9.82515,-10.1718 10.1718,9.82515 -5.3307,10.0939;1.52557 2.66539 2.66539 1.52557;0.5 0.5 0.5 0.00300769;1,0
38;1789210700493;-0.00325832,-0.0040296,0.00707289;-5.67738,-9.90307 9.82515,-10.1718 10.1718,9.82515 -5.3307,10.0939;1.52557 2.66539 2.66539 1.52557;0.5 0.5 0.5 0.00300769;1,0
39;1789210700545;-0.00334681,-0.00413958,0.00733528;-5.67738,-9.90307 9.82515,-10.1718 10.1718,9.82515 -5.3307,10.0939;1.52557 2.66539 2.66539 1.52557;0.5 0.5 0.5 0.00300769;1,0
40;1789210700590;-0.00341938,-0.00423385,0.0077919;-5.67738,-9.90307 9.82515,-10.1718 10.1718,9.82515 -5.3307,10.0939;1.52557 2.66539 2.66539 1.52557;0.5 0.5 0.5 0.00300769;1,0
41;1789210700645;-0.00351493,-0.00435063,0.00781922;-5.67738,-9.90307 9.82515,-10.1718 10.1718,9.82515 -5.3307,10.0939;1.52557 2.66539 2.66539 1.52557;0.5 0.5 0.5 0.00300769;1,0
42;1789210700703;-0.00361532,-0.00447193,0.00817184;-5.67738,-9.90307 9.82515,-10.1718 10.1718,9.82515 -5.3307,10.0939;1.52557 2.66539 2.66539 1.52557;0.5 0.5 0.5 0.00300769;1,0
43;1789210700757;-0.00370841,-0.00458651,0.00835981;-5.67738,-9.90307 9.82515,-10.1718 10.1718,9.82515 -5.3307,10.0939;1.52557 2.66539 2.66539 1.52557;0.5 0.5 0.5 0.00300769;1,0
44;1789210700800;-0.00377659,-0.00467633,0.00823436;-5.67738,-9.90307 9.82515,-10.1718 10.1718,9.82515 -5.3307,10.0939;1.52557 2.66539 2.66539 1.52557;0.5 0.5 0.5 0.00300769;1,0
45;1789210700850;-0.00386034,-0.00478188,0.00785762;-5.67738,-9.90307 9.82515,-10.1718 10.1718,9.82515 -5.3307,10.0939;1.52557 2.66539 2.66539 1.52557;0.5 0.5 0.5 0.00300769;1,0
46;1789210700897;-0.00393731,-0.00488067,0.00781548;-5.67738,-9.90307 9.82515,-10.1718 10.1718,9.82515 -5.3307,10.0939;1.52557 2.66539 2.66539 1.52557;0.5 0.5 0.5 0.00300769;1,0
47;1789210700954;-0.00403523,-0.00499974,0.00859631;-5.67738,-9.90307 9.82515,-10.1718 10.1718,9.82515 -5.3307,10.0939;1.52557 2.66539 2.66539 1.52557;0.5 0.5 0.5 0.00300769;1,0
48;1789210701004;-0.00411895,-0.00510532,0.00808918;-5.67738,-9.90307 9.82515,-10.1718 10.1718,9.82515 -5.3307,10.0939;1.52557 2.66539 2.66539 1.52557;0.5 0.5 0.5 0.00300769;1,0
49;1789210701061;-0.00421688,-0.00522437,0.00805107;-5.67738,-9.90307 9.82515,-10.1718 10.1718,9.82515 -5.3307,10.0939;1.52557 2.66539 2.66539 1.52557;0.5 0.5 0.5 0.00300769;1,0
50;1789210701110;-0.00429833,-0.00532769,0.00833862;-5.67738,-9.90307 9.82515,-10.1718 10.1718,9.82515 -5.3307,10.0939;1.52557 2.66539 2.66539 1.52557;0.5 0.5 0.5 0.00300769;1,0
51;1789210701161;-0.00438435,-0.00543552,0.00849628;-5.67738,-9.90307 9.82515,-10.1718 10.1718,9.82515 -5.3307,10.0939;1.52557 2.66539 2.66539 1.52557;0.5 0.5 0.5 0.00300769;1,0
52;1789210701206;-0.00445683,-0.00552986,0.00854851;-5.67738,-9.90307 9.82515,-10.1718 10.1718,9.82515 -5.3307,10.0939;1.52557 2.66539 2.66539 1.52557;0.5 0.5 0.5 0.00300769;1,0
53;1789210701255;-0.00453822,-0.00563323,0.00909771;-5.67738,-9.90307 9.82515,-10.1718 10.1718,9.82515 -5.3307,10.0939;1.52557 2.66539 2.66539 1.52557;0.5 0.5 0.5 0.00300769;1,0
54;1789210701305;-0.00462182,-0.00573889,0.00973502;-5.67738,-9.90307 9.82515,-10.1718 10.1718,9.82515 -5.3307,10.0939;1.52557 2.66539 2.66539 1.52557;0.5 0.5 0.5 0.00300769;1,0
55;1789210701357;-0.00471001,-0.00584911,0.0101038;-5.67738,-9.90307 9.82515,-10.1718 10.1718,9.82515 -5.3307,10.0939;1.52557 2.66539 2.66539 1.52557;0.5 0.5 0.5 0.00300769;1,0
56;1789210701408;-0.00479583,-0.0059571,0.010375;-5.67738,-9.90307 9.82515,-10.1718 10.1718,9.82515 -5.3307,10.0939;1.52557 2.66539 2.66539 1.52557;0.5 0.5 0.5 0.00300769;1,0
57;1789210701459;-0.00488164,-0.0060651,0.0103183;-5.67738,-9.90307 9.82515,-10.1718 10.1718,9.82515 -5.3307,10.0939;1.52557 2.66539 2.66539 1.52557;0.5 0.5 0.5 0.00300769;1,0
58;1789210701511;-0.00496979,-0.00617535,0.0101531;-5.67738,-9.90307 9.82515,-10.1718 10.1718,9.82515 -5.3307,10.0939;1.52557 2.66539 2.66539 1.52557;0.5 0.5 0.5 0.00300769;1,0
59;1789210701564;-0.00506033,-0.00628781,0.00952136;-5.67738,-9.90307 9.82515,-10.1718 10.1718,9.82515 -5.3307,10.0939;1.52557 2.66539 2.66539 1.52557;0.5 0.5 0.5 0.00300769;1,0
60;1789210701608;-0.00513053,-0.00637998,0.00987557;-5.67738,-9.90307 9.82515,-10.1718 10.1718,9.82515 -5.3307,10.0939;1.52557 2.66539 2.66539 1.52557;0.5 0.5 0.5 0.00300769;1,0
61;1789210701661;-0.00522112,-0.00649242,0.00909047;-5.67738,-9.90307 9.82515,-10.1718 10.1718,9.82515 -5.3307,10.0939;1.52557 2.66539 2.66539 1.52557;0.5 0.5 0.5 0.00300769;1,0
62;1789210701714;-0.00531172,-0.00660484,0.00961119;-5.67738,-9.90307 9.82515,-10.1718 10.1718,9.82515 -5.3307,10.0939;1.52557 2.66539 2.66539 1.52557;0.5 0.5 0.5 0.00300769;1,0
63;1789210701764;-0.00539532,-0.00671051,0.00926627;-5.67738,-9.90307 9.82515,-10.1718 10.1718,9.82515 -5.3307,10.0939;1.52557 2.66539 2.66539 1.52557;0.5 0.5 0.5 0.00300769;1,0
64;1789210701810;-0.00546992,-0.00680716,0.0094772;-5.67738,-9.90307 9.82515,-10.1718 10.1718,9.82515 -5.3307,10.0939;1.52557 2.66539 2.66539 1.52557;0.5 0.5 0.5 0.00300769;1,0
65;1789210701865;-0.00556528,-0.00692409,0.00928427;-5.67738,-9.90307 9.82515,-10.1718 10.1718,9.82515 -5.3307,10.0939;1.52557 2.66539 2.66539 1.52557;0.5 0.5 0.5 0.00300769;1,0
66;1789210701918;-0.00565587,-0.00703652,0.00968521;-5.67738,-9.90307 9.82515,-10.1718 10.1718,9.82515 -5.3307,10.0939;1.52557 2.66539 2.66539 1.52557;0.5 0.5 0.5 0.00300769;1,0
67;1789210701976;-0.00575604,-0.007158,0.00987562;-5.67738,-9.90307 9.82515,-10.1718 10.1718,9.82515 -5.3307,10.0939;1.52557 2.66539 2.66539 1.52557;0.5 0.5 0.5 0.00300769;1,0
68;1789210702019;-0.00582408,-0.00724793,0.00964073;-5.67738,-9.90307 9.82515,-10.1718 10.1718,9.82515 -5.3307,10.0939;1.52557 2.66539 2.66539 1.52557;0.5 0.5 0.5 0.00300769;1,0
69;1789210702071;-0.00591233,-0.00735809,0.00906302;-5.67738,-9.90307 9.82515,-10.1718 10.1718,9.82515 -5.3307,10.0939;1.52557 2.66539 2.66539 1.52557;0.5 0.5 0.5 0.00300769;1,0
70;1789210702123;-0.00600058,-0.00746826,0.00958329;-5.67738,-9.90307 9.82515,-10.1718 10.1718,9.82515 -5.3307,10.0939;1.52557 2.66539 2.66539 1.52557;0.5 0.5 0.5 0.00300769;1,0
71;1789210702176;-0.00609114,-0.00758071,0.00978603;-5.67738,-9.90307 9.82515,-10.1718 10.1718,9.82515 -5.3307,10.0939;1.52557 2.66539 2.66539 1.52557;0.5 0.5 0.5 0.00300769;1,0
72;1789210702228;-0.00617936,-0.0076909,0.00933424;-5.67738,-9.90307 9.82515,-10.1718 10.1718,9.82515 -5.3307,10.0939;1.52557 2.66539 2.66539 1.52557;0.5 0.5 0.5 0.00300769;1,0
73;1789210702278;-0.00626302,-0.00779652,0.00852196;-5.67738,-9.90307 9.82515,-10.1718 10.1718,9.82515 -5.3307,10.0939;1.52557 2.66539 2.66539 1.52557;0.5 0.5 0.5 0.00300769;1,0
74;1789210702324;-0.00633772,-0.0078931,0.00813626;-5.67738,-9.90307 9.82515,-10.1718 10.1718,9.82515 -5.3307,10.0939;1.52557 2.66539 2.66539 1.52557;0.5 0.5 0.5 0.00300769;1,0
75;1789210702373;-0.00641919,-0.00799639,0.00778948;-5.67738,-9.90307 9.82515,-10.1718 10.1718,9.82515 -5.3307,10.0939;1.52557 2.66539 2.66539 1.52557;0.5 0.5 0.5 0.00300769;1,0
76;1789210702422;-0.0065007,-0.00809966,0.00741263;-5.67738,-9.90307 9.82515,-10.1718 10.1718,9.82515 -5.3307,10.0939;1.52557 2.66539 2.66539 1.52557;0.5 0.5 0.5 0.00300769;1,0
77;1789210702481;-0.00660361,-0.00822316,0.00754209;-5.67738,-9.90307 9.82515,-10.1718 10.1718,9.82515 -5.3307,10.0939;1.52557 2.66539 2.66539 1.52557;0.5 0.5 0.5 0.00300769;1,0
78;1789210702533;-0.00669205,-0.00833318,0.00779596;-5.67738,-9.90307 9.82515,-10.1718 10.1718,9.82515 -5.3307,10.0939;1.52557 2.66539 2.66539 1.52557;0.5 0.5 0.5 0.00300769;1,0
79;1789210702583;-0.00677583,-0.0084387,0.00762931;-5.67739,-9.90307 9.82515,-10.1718 10.1718,9.82515 -5.3307,10.0939;1.52557 2.66539 2.66539 1.52557;0.5 0.5 0.5 0.00300769;1,0
80;1789210702629;-0.0068506,-0.00853523,0.00777505;-5.67738,-9.90307 9.82515,-10.1718 10.1718,9.82515 -5.3307,10.0939;1.52557 2.66539 2.66539 1.52557;0.5 0.5 0.5 0.00300769;1,0
81;1789210702682;-0.00694138,-0.0086475,0.00754033;-5.67739,-9.90307 9.82515,-10.1718 10.1718,9.82515 -5.3307,10.0939;1.52557 2.66539 2.66539 1.52557;0.5 0.5 0.5 0.00300769;1,0
82;1789210702733;-0.00702748,-0.00875527,0.00795319;-5.67739,-9.90307 9.82515,-10.1718 10.1718,9.82515 -5.3307,10.0939;1.52557 2.66539 2.66539 1.52557;0.5 0.5 0.5 0.00300769;1,0
83;1789210702783;-0.00711127,-0.00886079,0.00736685;-5.67739,-9.90307 9.82515,-10.1718 10.1718,9.82515 -5.3307,10.0939;1.52557 2.66539 2.66539 1.52557;0.5 0.5 0.5 0.00300769;1,0
84;1789210702830;-0.00718826,-0.00895956,0.00777717;-5.67739,-9.90307 9.82515,-10.1718 10.1718,9.82515 -5.3307,10.0939;1.52557 2.66539 2.66539 1.52557;0.5 0.5 0.5 0.00300769;1,0
85;1789210702884;-0.00728144,-0.00907407,0.00744194;-5.67739,-9.90307 9.82515,-10.1718 10.1718,9.82515 -5.3307,10.0939;1.52557 2.66539 2.66539 1.52557;0.5 0.5 0.5 0.00300769;1,0
86;1789210702938;-0.00737465,-0.00918855,0.00699743;-5.67739,-9.90307 9.82515,-10.1718 10.1718,9.82515 -5.3307,10.0939;1.52557 2.66539 2.66539 1.52557;0.5 0.5 0.5 0.00300769;1,0
87;1789210702990;-0.00746317,-0.0092985,0.00683468;-5.67739,-9.90307 9.82515,-10.1718 10.1718,9.82515 -5.3307,10.0939;1.52557 2.66539 2.66539 1.52557;0.5 0.5 0.5 0.00300769;1,0
88;1789210703034;-0.00753363,-0.00939047,0.00680559;-5.67739,-9.90307 9.82515,-10.1718 10.1718,9.82515 -5.3307,10.0939;1.52557 2.66539 2.66539 1.52557;0.5 0.5 0.5 0.00300769;1,0
89;1789210703088;-0.00762688,-0.00950492,0.00712304;-5.67739,-9.90307 9.82515,-10.1718 10.1718,9.82515 -5.3307,10.0939;1.52557 2.66539 2.66539 1.52557;0.5 0.5 0.5 0.00300769;1,0
90;1789210703139;-0.00771305,-0.00961263,0.00693398;-5.67739,-9.90307 9.82515,-10.1718 10.1718,9.82515 -5.3307,10.0939;1.52557 2.66539 2.66539 1.52557;0.5 0.5 0.5 0.00300769;1,0
91;1789210703193;-0.00780633,-0.00972706,0.00630651;-5.67739,-9.90307 9.82515,-10.1718 10.1718,9.82515 -5.3307,10.0939;1.52557 2.66539 2.66539 1.52557;0.5 0.5 0.5 0.00300769;1,0
92;1789210703239;-0.00788122,-0.00982349,0.00647807;-5.67739,-9.90307 9.82515,-10.1718 10.1718,9.82515 -5.3307,10.0939;1.52557 2.66539 2.66539 1.52557;0.5 0.5 0.5 0.00300769;1,0
93;1789210703294;-0.00797457,-0.00993785,0.00554577;-5.67739,-9.90307 9.82515,-10.1718 10.1718,9.82515 -5.3307,10.0939;1.52557 2.66539 2.66539 1.52557;0.5 0.5 0.5 0.00300769;1,0
94;1789210703344;-0.00805857,-0.0100432,0.00576324;-5.67739,-9.90307 9.82515,-10.1718 10.1718,9.82515 -5.3307,10.0939;1.52557 2.66539 2.66539 1.52557;0.5 0.5 0.5 0.00300769;1,0
95;1789210703405;-0.00815831,-0.00922841,0.00617661;-5.67739,-9.90307 9.82515,-10.1718 10.1718,9.82515 -5.3307,10.0939;1.52557 2.66539 2.66539 1.52557;0.5 0.5 0.5 0.00300769;1,0
96;1789210703458;-0.00825304,-0.00816464,0.00624286;-5.67739,-9.90307 9.82515,-10.1718 10.1718,9.82515 -5.3307,10.0939;1.52557 2.66539 2.66539 1.52557;0.5 0.5 0.5 0.00300769;1,0
97;1789210703507;-0.00833886,-0.00731591,0.00650267;-5.67739,-9.90307 9.82515,-10.1718 10.1718,9.82515 -5.3307,10.0939;1.52557 2.66539 2.66539 1.52557;0.5 0.5 0.5 0.00300769;1,0
98;1789210703554;-0.00842019,-0.00656525,0.00660216;-5.67739,-9.90307 9.82515,-10.1718 10.1718,9.82515 -5.3307,10.0939;1.52557 2.66539 2.66539 1.52557;0.5 0.5 0.5 0.00300769;1,0
99;1789210703605;-0.00851137,-0.00575021,0.00648898;-5.67739,-9.90307 9.82515,-10.1718 10.1718,9.82515 -5.3307,10.0939;1.52557 2.66539 2.66539 1.52557;0.5 0.5 0.5 0.00300769;1,0
100;1789210703653;-0.00859603,-0.00502184,0.00639353;-5.67739,-9.90307 9.82515,-10.1718 10.1718,9.82515 -5.3307,10.0939;1.52557 2.66539 2.66539 1.52557;0.5 0.5 0.5 0.00300769;1,0
101;1789210703705;-0.00869056,-0.00419313,0.0061435;-5.67739,-9.90307 9.82515,-10.1718 10.1718,9.82515 -5.3307,10.0939;1.52557 2.66539 2.66539 1.52557;0.5 0.5 0.5 0.00300769;1,0
102;1789210703755;-0.00878029,-0.0034046,0.00687459;-5.67739,-9.90307 9.82515,-10.1718 10.1718,9.82515 -5.3307,10.0939;1.52557 2.66539 2.66539 1.52557;0.5 0.5 0.5 0.00300769;1,0
103;1789210703807;-0.00889373,-0.00254759,0.00653097;-5.67739,-9.90307 9.82515,-10.1718 10.1718,9.82515 -5.3307,10.0939;1.52557 2.66539 2.66539 1.52557;0.5 0.5 0.5 0.00300769;1,0
104;1789210703862;-0.00898542,-0.00162089,0.00675033;-5.67739,-9.90307 9.82515,-10.1718 10.1718,9.82515 -5.3307,10.0939;1.52557 2.66539 2.66539 1.52557;0.5 0.5 0.5 0.00300769;1,0
105;1789210703913;-0.00904222,-0.000822778,0.00664842;-5.67739,-9.90307 9.82515,-10.1718 10.1718,9.82515 -5.3307,10.0939;1.52557 2.66539 2.66539 1.52557;0.5 0.5 0.5 0.00300769;1,0
106;1789210703958;-0.00909808,-0.000169208,0.00694944;-5.67739,-9.90307 9.82515,-10.1718 10.1718,9.82515 -5.3307,10.0939;1.52557 2.66539 2.66539 1.52557;0.5 0.5 0.5 0.00300769;1,0
107;1789210704009;-0.00916371,0.000629415,0.00700137;-5.67739,-9.90307 9.82515,-10.1718 10.1718,9.82515 -5.33069,10.0939;1.52557 2.66539 2.66539 1.52557;0.5 0.5 0.5 0.00300769;1,0
108;1789210704054;-0.00922137,0.00127979,0.00677379;-5.67739,-9.90307 9.82515,-10.1718 10.1718,9.82515 -5.3307,10.0939;1.52557 2.66539 2.66539 1.52557;0.5 0.5 0.5 0.00300769;1,0
109;1789210704106;-0.00928899,0.00212417,0.00652707;-5.67739,-9.90307 9.82515,-10.1718 10.1718,9.82515 -5.33069,10.0939;1.52557 2.66539 2.66539 1.52557;0.5 0.5 0.5 0.00300769;1,0
110;1789210704159;-0.00935786,0.00299891,0.00626835;-5.67739,-9.90307 9.82515,-10.1718 10.1718,9.82515 -5.3307,10.0939;1.52557 2.66539 2.66539 1.52557;0.5 0.5 0.5 0.00300769;1,0
111;1789210704214;-0.00942936,0.00393333,0.00595279;-5.67739,-9.90307 9.82515,-10.1718 10.1718,9.82515 -5.33069,10.0939;1.52557 2.66539 2.66539 1.52557;0.5 0.5 0.5 0.00300769;1,0
112;1789210704256;-0.00948354,0.0045614,0.00559666;-5.67739,-9.90307 9.82515,-10.1718 10.1718,9.82515 -5.33069,10.0939;1.52557 2.66539 2.66539 1.52557;0.5 0.5 0.5 0.00300769;1,0
113;1789210704308;-0.00955021,0.00541509,0.00536885;-5.67739,-9.90307 9.82515,-10.1718 10.1718,9.82515 -5.33069,10.0939;1.52557 2.66539 2.66539 1.52557;0.5 0.5 0.5 0.00300769;1,0
114;1789210704358;-0.00961402,0.00620216,0.00559743;-5.67739,-9.90307 9.82515,-10.1718 10.1718,9.82515 -5.33069,10.0939;1.52557 2.66539 2.66539 1.52557;0.5 0.5 0.5 0.00300769;1,0
115;1789210704421;-0.00969561,0.00736805,0.00625607;-5.67739,-9.90307 9.82515,-10.1718 10.1718,9.82515 -5.33069,10.0939;1.52557 2.66539 2.66539 1.52557;0.5 0.5 0.5 0.00300769;1,0
116;1789210704472;-0.00976126,0.00817378,0.00585296;-5.67739,-9.90307 9.82515,-10.1718 10.1718,9.82515 -5.33069,10.0939;1.52557 2.66539 2.66539 1.52557;0.5 0.5 0.5 0.00300769;1,0
117;1789210704521;-0.00982384,0.00890876,0.0058216;-5.67739,-9.90307 9.82515,-10.1718 10.1718,9.82515 -5.33069,10.0939;1.52557 2.66539 2.66539 1.52557;0.5 0.5 0.5 0.00300769;1,0
118;1789210704567;-0.00988254,0.00959399,0.00661604;-5.67739,-9.90307 9.82515,-10.1718 10.1718,9.82515 -5.33069,10.0939;1.52557 2.66539 2.66539 1.52557;0.5 0.5 0.5 0.00300769;1,0
119;1789210704621;-0.00995077,0.0101153,0.00733288;-5.67739,-9.90307 9.82515,-10.1718 10.1718,9.82515 -5.33069,10.0939;1.52557 2.66539 2.66539 1.52557;0.5 0.5 0.5 0.00300769;1,0
120;1789210704673;-0.0100141,0.0103155,0.00655025;-5.67739,-9.90307 9.82515,-10.1718 10.1718,9.82515 -5.33069,10.0939;1.52557 2.66539 2.66539 1.52557;0.5 0.5 0.5 0.00300769;1,0
121;1789210704722;-0.0100736,0.0105269,0.00623414;-5.67739,-9.90307 9.82515,-10.1718 10.1718,9.82515 -5.33069,10.0939;1.52557 2.66539 2.66539 1.52557;0.5 0.5 0.5 0.00300769;1,0
122;1789210704769;-0.0101308,0.0107602,0.00675856;-5.67739,-9.90307 9.82515,-10.1718 10.1718,9.82515 -5.33069,10.0939;1.52557 2.66539 2.66539 1.52557;0.5 0.5 0.5 0.00300769;1,0
123;1789210704820;-0.0101926,0.0109203,0.00667543;-5.67739,-9.90307 9.82515,-10.1718 10.1718,9.82515 -5.33069,10.0939;1.52557 2.66539 2.66539 1.52557;0.5 0.5 0.5 0.00300769;1,0
124;1789210704875;-0.0102595,0.0110716,0.00671103;-5.67739,-9.90307 9.82515,-10.1718 10.1718,9.82515 -5.33069,10.0939;1.52557 2.66539 2.66539 1.52557;0.5 0.5 0.5 0.00300769;1,0
125;1789210704926;-0.0103218,0.0113106,0.00699881;-5.67739,-9.90307 9.82515,-10.1718 10.1718,9.82515 -5.33069,10.0939;1.52557 2.66539 2.66539 1.52557;0.5 0.5 0.5 0.00300769;1,0
126;1789210704972;-0.0103778,0.0115716,0.00577494;-5.67739,-9.90307 9.82515,-10.1718 10.1718,9.82515 -5.33069,10.0939;1.52557 2.66539 2.66539 1.52557;0.5 0.5 0.5 0.00300769;1,0
127;1789210705025;-0.0104426,0.0118224,0.0062165;-5.67739,-9.90307 9.82515,-10.1718 10.1718,9.82515 -5.33069,10.0939;1.52557 2.66539 2.66539 1.52557;0.5 0.5 0.5 0.00300769;1,0
128;1789210705076;-0.0105049,0.0120693,0.00619716;-5.67739,-9.90307 9.82515,-10.1718 10.1718,9.82515 -5.33069,10.0939;1.52557 2.66539 2.66539 1.52557;0.5 0.5 0.5 0.00300769;1,0
129;1789210705128;-0.0105681,0.0122734,0.00562325;-5.67739,-9.90307 9.82515,-10.1718 10.1718,9.82515 -5.33069,10.0939;1.52557 2.66539 2.66539 1.52557;0.5 0.5 0.5 0.00300769;1,0
130;1789210705184;-0.0106364,0.0124873,0.00645944;-5.67739,-9.90307 9.82515,-10.1718 10.1718,9.82515 -5.33069,10.0939;1.52557 2.66539 2.66539 1.52557;0.5 0.5 0.5 0.00300769;1,0
131;1789210705236;-0.010743,0.0127805,0.012118;-5.67739,-9.90307 9.82515,-10.1718 10.1718,9.82515 -5.33069,10.0939;1.52557 2.66539 2.66539 1.52557;0.5 0.5 0.5 0.00300769;1,0
132;1789210705281;-0.0108843,0.0133982,0.019128;-5.67739,-9.90307 9.82515,-10.1718 10.1718,9.82515 -5.33069,10.0939;1.52557 2.66539 2.66539 1.52557;0.5 0.5 0.5 0.00300769;1,0
133;1789210705330;-0.011079,0.0142781,0.028728;-5.67739,-9.90307 9.82515,-10.1718 10.1718,9.82515 -5.33069,10.0939;1.52557 2.66539 2.66539 1.52557;0.5 0.5 0.5 0.00300769;1,0
134;1789210705379;-0.0112947,0.0153506,0.0399602;-5.67739,-9.90307 9.82515,-10.1718 10.1718,9.82515 -5.33069,10.0939;1.52557 2.66539 2.66539 1.52557;0.5 0.5 0.5 0.00300769;1,0
135;1789210705435;-0.0116162,0.0169269,0.0551153;-5.67739,-9.90307 9.82515,-10.1718 10.1718,9.82515 -5.33069,10.0939;1.52557 2.66539 2.66539 1.52557;0.5 0.5 0.5 0.00300769;1,0
136;1789210705484;-0.0119332,0.0185226,0.0707923;-5.67739,-9.90307 9.82515,-10.1718 10.1718,9.82515 -5.33069,10.0939;1.52557 2.66539 2.66539 1.52557;0.5 0.5 0.5 0.00300769;1,0
137;1789210705533;-0.0123047,0.0203825,0.0883063;-5.67739,-9.90307 9.82515,-10.1718 10.1718,9.82515 -5.33069,10.0939;1.52557 2.66539 2.66539 1.52557;0.5 0.5 0.5 0.00300769;1,0
138;1789210705579;-0.0127155,0.022357,0.106548;-5.67739,-9.90307 9.82515,-10.1718 10.1718,9.82515 -5.33069,10.0939;1.52557 2.66539 2.66539 1.52557;0.5 0.5 0.5 0.00300769;1,0
139;1789210705633;-0.0133299,0.024992,0.128621;-5.67739,-9.90307 9.82515,-10.1718 10.1718,9.82515 -5.33069,10.0939;1.52557 2.66539 2.66539 1.52557;0.5 0.5 0.5 0.00300769;1,0
140;1789210705689;-0.0140418,0.0277069,0.151114;-5.67739,-9.90307 9.82515,-10.1718 10.1718,9.82516 -5.33069,10.0939;1.52557 2.66539 2.66539 1.52557;0.5 0.5 0.5 0.00300769;1,0
141;1789210705742;-0.028408,0.0551253,0.301583;-5.9136,-9.89898 9.82515,-10.1718 10.1718,9.82516 -5.19237,10.0915;1.58441 2.66539 2.66539 1.49167;0.5 0.5 0.5 0.00300769;1,0
142;1789210705785;-0.0292088,0.0569154,0.320458;-5.90659,-9.79522 9.63633,-10.3509 10.3509,9.63633 -5.19202,10.192;1.53745 2.66539 2.66539 1.53745;0.5 0.5 0.5 0.00300769;1,0
143;1789210705838;-0.0292511,0.0569224,0.320224;-5.90659,-9.79522 9.63633,-10.3509 10.3509,9.63633 -5.19202,10.192;1.53745 2.66539 2.66539 1.53745;0.5 0.5 0.5 0.00300769;1,0
144;1789210705890;-0.0303364,0.0592144,0.34085;-5.90659,-9.79522 9.63633,-10.3509 10.3509,9.63633 -5.19202,10.192;1.53745 2.66539 2.66539 1.53745;0.5 0.5 0.5 0.00300769;1,0
145;1789210705947;-0.0316333,0.0618137,0.362879;-5.90659,-9.79522 9.63633,-10.3509 10.3509,9.63633 -5.19202,10.192;1.53745 2.66539 2.66539 1.53745;0.5 0.5 0.5 0.00300769;1,0
146;1789210705995;-0.0323624,0.0631071,0.377249;-5.90659,-9.79522 9.63633,-10.3509 10.3509,9.63633 -5.19202,10.192;1.53745 2.66539 2.66539 1.53745;0.5 0.5 0.5 0.00300769;1,0
147;1789210706046;-0.0330974,0.0643616,0.390852;-5.90659,-9.79522 9.63633,-10.3509 10.3509,9.63633 -5.19202,10.192;1.53745 2.66539 2.66539 1.53745;0.5 0.5 0.5 0.00300769;1,0
148;1789210706094;-0.033685,0.065384,0.400691;-5.90659,-9.79522 9.63633,-10.3509 10.3509,9.63633 -5.19202,10.192;1.53745 2.66539 2.66539 1.53745;0.5 0.5 0.5 0.00300769;1,0
149;1789210706145;-0.0342245,0.0662578,0.40995;-5.90659,-9.79522 9.63633,-10.3509 10.3509,9.63633 -5.19202,10.192;1.53745 2.66539 2.66539 1.53745;0.5 0.5 0.5 0.00300769;1,0
150;1789210706197;-0.0346749,0.0669146,0.418332;-5.90659,-9.79522 9.63633,-10.3509 10.3509,9.63633 -5.19202,10.192;1.53745 2.66539 2.66539 1.53745;0.5 0.5 0.5 0.00300769;1,0
151;1789210706254;-0.0349212,0.06716,0.422329;-5.90659,-9.79522 9.63633,-10.3509 10.3509,9.63633 -5.19202,10.192;1.53745 2.66539 2.66539 1.53745;0.5 0.5 0.5 0.00300769;1,0
152;1789210706302;-0.0351499,0.0675724,0.422475;-5.90659,-9.79522 9.63633,-10.3509 10.3509,9.63633 -5.19202,10.192;1.53745 2.66539 2.66539 1.53745;0.5 0.5 0.5 0.00300769;1,0
153;1789210706355;-0.0352771,0.0677744,0.422879;-5.90659,-9.79522 9.63633,-10.3509 10.3509,9.63633 -5.19202,10.192;1.53745 2.66539 2.66539 1.53745;0.5 0.5 0.5 0.00300769;1,0
154;1789210706399;-0.0354026,0.0679734,0.423213;-5.90659,-9.79522 9.63633,-10.3509 10.3509,9.63633 -5.19202,10.192;1.53745 2.66539 2.66539 1.53745;0.5 0.5 0.5 0.00300769;1,0
155;1789210706451;-0.0355338,0.0681802,0.423079;-5.90659,-9.79522 9.63633,-10.3509 10.3509,9.63633 -5.19202,10.192;1.53745 2.66539 2.66539 1.53745;0.5 0.5 0.5 0.00300769;1,0
156;1789210706498;-0.0356626,0.0683843,0.422605;-5.90659,-9.79522 9.63633,-10.3509 10.3509,9.63633 -5.19202,10.192;1.53745 2.66539 2.66539 1.53745;0.5 0.5 0.5 0.00300769;1,0
157;1789210706554;-0.035792,0.0685863,0.422224;-5.90659,-9.79522 9.63633,-10.3509 10.3509,9.63633 -5.19202,10.192;1.53745 2.66539 2.66539 1.53745;0.5 0.5 0.5 0.00300769;1,0
158;1789210706603;-0.0359148,0.0687763,0.421719;-5.90659,-9.79522 9.63633,-10.3509 10.3509,9.63633 -5.19202,10.192;1.53745 2.66539 2.66539 1.53745;0.5 0.5 0.5 0.00300769;1,0
159;1789210706651;-0.0360351,0.0689613,0.421932;-5.90659,-9.79522 9.63633,-10.3509 10.3509,9.63633 -5.19202,10.192;1.53745 2.66539 2.66539 1.53745;0.5 0.5 0.5 0.00300769;1,0
160;1789210706698;-0.0361551,0.0691464,0.422245;-5.90659,-9.79522 9.63633,-10.3509 10.3509,9.63633 -5.19202,10.192;1.53745 2.66539 2.66539 1.53745;0.5 0.5 0.5 0.00300769;1,0
161;1789210706756;-0.0362826,0.0693438,0.422451;-5.90659,-9.79522 9.63633,-10.3509 10.3509,9.63633 -5.19202,10.192;1.53745 2.66539 2.66539 1.53745;0.5 0.5 0.5 0.00300769;1,0
162;1789210706809;-0.0364088,0.0695398,0.421747;-5.90659,-9.79522 9.63633,-10.3509 10.3509,9.63633 -5.19202,10.192;1.53745 2.66539 2.66539 1.53745;0.5 0.5 0.5 0.00300769;1,0
163;1789210706864;-0.0365384,0.0697428,0.422508;-5.90659,-9.79522 9.63633,-10.3509 10.3509,9.63633 -5.19202,10.192;1.53745 2.66539 2.66539 1.53745;0.5 0.5 0.5 0.00300769;1,0
164;1789210706910;-0.036665,0.0699453,0.422488;-5.90659,-9.79522 9.63633,-10.3509 10.3509,9.63633 -5.19202,10.192;1.53745 2.66539 2.66539 1.53745;0.5 0.5 0.5 0.00300769;1,0
165;1789210706962;-0.0367958,0.0701546,0.422055;-5.90659,-9.79522 9.63633,-10.3509 10.3509,9.63633 -5.19202,10.192;1.53745 2.66539 2.66539 1.53745;0.5 0.5 0.5 0.00300769;1,0
166;1789210707007;-0.0369267,0.0703676,0.421657;-5.90659,-9.79522 9.63633,-10.3509 10.3509,9.63633 -5.19202,10.192;1.53745 2.66539 2.66539 1.53745;0.5 0.5 0.5 0.00300769;1,0
167;1789210707065;-0.0370524,0.0705652,0.421657;-5.90659,-9.79522 9.63633,-10.3509 10.3509,9.63633 -5.19202,10.192;1.53745 2.66539 2.66539 1.53744;0.5 0.5 0.5 0.00300769;1,0
168;1789210707114;-0.0371661,0.0707376,0.421797;-5.90659,-9.79522 9.63633,-10.3509 10.3509,9.63633 -5.19202,10.192;1.53745 2.66539 2.66539 1.53745;0.5 0.5 0.5 0.00300769;1,0
169;1789210707164;-0.0372275,0.070793,0.422158;-5.90659,-9.79522 9.63633,-10.3509 10.3509,9.63633 -5.19202,10.192;1.53745 2.66539 2.66539 1.53745;0.5 0.5 0.5 0.00300769;1,0
170;1789210707211;-0.0373475,0.0709803,0.422401;-5.90659,-9.79522 9.63633,-10.3509 10.3509,9.63633 -5.19202,10.192;1.53745 2.66539 2.66539 1.53745;0.5 0.5 0.5 0.00300769;1,0
171;1789210707262;-0.0374772,0.071187,0.42288;-5.90659,-9.79522 9.63633,-10.3509 10.3509,9.63633 -5.19202,10.192;1.53745 2.66539 2.66539 1.53745;0.5 0.5 0.5 0.00300769;1,0
172;1789210707312;-0.0375766,0.0714103,0.423017;-5.90659,-9.79522 9.63633,-10.3509 10.3509,9.63633 -5.19202,10.192;1.53745 2.66539 2.66539 1.53745;0.5 0.5 0.5 0.00300769;1,0
173;1789210707368;-0.0377504,0.0715801,0.422722;-5.90659,-9.79522 9.63633,-10.3509 10.3509,9.63633 -5.19202,10.192;1.53745 2.66539 2.66539 1.53745;0.5 0.5 0.5 0.00300769;1,0
174;1789210707419;-0.0378982,0.0717521,0.422672;-5.90659,-9.79522 9.63633,-10.3509 10.3509,9.63633 -5.19202,10.192;1.53745 2.66539 2.66539 1.53745;0.5 0.5 0.5 0.00300769;1,0
175;1789210707464;-0.0380321,0.0719199,0.423042;-5.90659,-9.79522 9.63633,-10.3509 10.3509,9.63633 -5.19202,10.192;1.53745 2.66539 2.66539 1.53745;0.5 0.5 0.5 0.00300769;1,0
176;1789210707512;-0.0381678,0.0720827,0.423127;-5.90659,-9.79522 9.63633,-10.3509 10.3509,9.63633 -5.19202,10.192;1.53745 2.66539 2.66539 1.53745;0.5 0.5 0.5 0.00300769;1,0
177;1789210707570;-0.0383258,0.0722638,0.423245;-5.90659,-9.79522 9.63633,-10.3509 10.3509,9.63633 -5.19202,10.192;1.53745 2.66539 2.66539 1.53745;0.5 0.5 0.5 0.00300769;1,0
178;1789210707630;-0.0384971,0.0724718,0.422558;-5.90659,-9.79522 9.63633,-10.3509 10.3509,9.63633 -5.19202,10.192;1.53745 2.66539 2.66539 1.53745;0.5 0.5 0.5 0.00300769;1,0
179;1789210707684;-0.0386543,0.0726642,0.422431;-5.90659,-9.79522 9.63633,-10.3509 10.3509,9.63633 -5.19202,10.192;1.53745 2.66539 2.66539 1.53745;0.5 0.5 0.5 0.00300769;1,0
180;1789210707727;-0.0387729,0.0727842,0.425271;-5.90659,-9.79522 9.63633,-10.3509 10.3509,9.63633 -5.19202,10.192;1.53745 2.66539 2.66539 1.53745;0.5 0.5 0.5 0.00300769;1,0
181;1789210707777;-0.0391889,0.0734011,0.431815;-5.90659,-9.79522 9.63633,-10.3509 10.3509,9.63633 -5.19202,10.192;1.53745 2.66539 2.66539 1.53745;0.5 0.5 0.5 0.00300769;1,0
182;1789210707822;-0.0395394,0.0738574,0.439134;-5.90659,-9.79522 9.63633,-10.3509 10.3509,9.63633 -5.19202,10.192;1.53745 2.66539 2.66539 1.53745;0.5 0.5 0.5 0.00300769;1,0
183;1789210707874;-0.0402129,0.0748215,0.450816;-5.90659,-9.79522 9.63633,-10.3509 10.3509,9.63633 -5.19202,10.192;1.53745 2.66539 2.66539 1.53745;0.5 0.5 0.5 0.00300769;1,0
184;1789210707929;-0.0409991,0.0758918,0.464547;-5.90659,-9.79522 9.63633,-10.3509 10.3509,9.63634 -5.19202,10.192;1.53745 2.66539 2.66539 1.53744;0.5 0.5 0.5 0.00300769;1,0
185;1789210707989;-0.0551656,0.0993017,0.652466;-5.90659,-9.79522 9.63633,-10.3509 10.3509,9.63633 -5.19202,10.192;1.53745 2.66539 2.66539 1.53745;0.5 0.5 0.5 0.00300769;1,0
186;1789210708036;-1.85841,-2.29013,0.58361;-4.001,-9.2768 1.79775,-9.47987 2.4675,9.91817 -3.24634,10.1224;1.08421 2.5144 2.66472 1.06846;0.5 0.5 0.5 0.00300769;1,0
187;1789210708083;-2.46384,-4.56681,0.79316;-4.70472,-8.5318 2.25773,-8.77634 2.55366,-0.507929 -4.41118,-0.235796;1.25648 2.32941 0.838837 1.25559;0.5 0.5 0.5 0.00300769;1,0
188;1789210708132;-1.98982,-3.8505,0.788734;-4.7042,-8.5401 2.26613,-8.77292 2.5628,-0.527364 -4.461,-0.228607;1.25988 2.32835 0.841246 1.26738;0.5 0.5 0.5 0.00300769;1,0
189;1789210708185;-1.99099,-3.84989,0.805115;-4.71038,-8.54205 2.25929,-8.79021 2.56289,-0.541746 -4.44891,-0.229846;1.25675 2.33228 0.84158 1.26426;0.5 0.5 0.5 0.00300769;1,0
190;1789210708235;-1.99127,-3.84968,0.810147;-4.70245,-8.5506 2.2699,-8.78677 2.57354,-0.548503 -4.44411,-0.235988;1.25839 2.33127 0.843889 1.26304;0.5 0.5 0.5 0.00300769;1,0
191;1789210708287;-1.99315,-3.84827,0.829196;-4.68829,-8.55553 2.27285,-8.80148 2.56018,-0.549043 -4.4395,-0.24289;1.25192 2.33634 0.841024 1.26195;0.5 0.5 0.5 0.00300769;1,0
192;1789210708338;-1.9949,-3.8469,0.84776;-4.68099,-8.56294 2.28119,-8.78503 2.55485,-0.550458 -4.43808,-0.249926;1.25726 2.33311 0.839858 1.26162;0.5 0.5 0.5 0.00300769;1,0
193;1789210708390;-1.99695,-3.84544,0.867946;-4.67552,-8.5681 2.29449,-8.78603 2.56004,-0.55299 -4.43808,-0.25673;1.25723 2.33389 0.840916 1.26162;0.5 0.5 0.5 0.00300769;1,0
194;1789210708434;-1.99846,-3.84436,0.885126;-4.67563,-8.57309 2.29464,-8.78213 2.55425,-0.550449 -4.43509,-0.264254;1.25988 2.33337 0.839539 1.26094;0.5 0.5 0.5 0.00300769;1,0
195;1789210708487;-2.00064,-3.84285,0.906403;-4.66229,-8.57693 2.30503,-8.77819 2.55055,-0.550498 -4.43417,-0.272109;1.25896 2.33339 0.838668 1.26077;0.5 0.5 0.5 0.00300769;1,0
196;1789210708541;-2.00303,-3.8413,0.92786;-4.65963,-8.57817 2.31156,-8.77529 2.55294,-0.552063 -4.42948,-0.27593;1.25959 2.33292 0.839157 1.25963;0.5 0.5 0.5 0.00300769;1,0
197;1789210708590;-2.0053,-3.83987,0.948007;-4.62391,-8.62209 2.35071,-8.76202 2.53449,-0.560516 -4.42543,-0.310885;1.26795 2.33381 0.835053 1.25875;0.5 0.5 0.5 0.00300769;1,0
198;1789210708637;-2.0208,-3.83005,1.11227;-4.60633,-8.65762 2.34692,-8.76577 2.55722,-0.56145 -4.3909,-0.367002;1.27308 2.33281 0.838915 1.25085;0.5 0.5 0.5 0.00300769;1,0
199;1789210708686;-1.99705,-3.85186,1.10707;-4.59368,-8.66279 2.36076,-8.7641 2.56053,-0.551805 -4.3986,-0.375237;1.27207 2.33315 0.839285 1.25295;0.5 0.5 0.5 0.00300769;1,0
200;1789210708741;-1.99819,-3.85134,1.1153;-4.59008,-8.66515 2.36037,-8.75796 2.56833,-0.550561 -4.39782,-0.375444;1.27376 2.33098 0.840894 1.25279;0.5 0.5 0.5 0.00300769;1,0
201;1789210708795;-2.00075,-3.85063,1.13572;-4.58399,-8.6685 2.371,-8.76186 2.56316,-0.54837 -4.39954,-0.377834;1.27212 2.33313 0.83973 1.25327;0.5 0.5 0.5 0.00300769;1,0
202;1789210708840;-2.0021,-3.85002,1.15077;-4.57315,-8.67133 2.37847,-8.75742 2.55697,-0.5451 -4.40445,-0.38497;1.27168 2.33303 0.838261 1.25458;0.5 0.5 0.5 0.00300769;1,0
203;1789210708889;-2.00325,-3.8496,1.1656;-4.56265,-8.6775 2.38332,-8.74568 2.54946,-0.5351 -4.40549,-0.390326;1.27455 2.33101 0.836416 1.25505;0.5 0.5 0.5 0.00300769;1,0
204;1789210708936;-2.00414,-3.84961,1.17609;-4.55561,-8.68143 2.39428,-8.74316 2.54949,-0.532476 -4.41006,-0.394033;1.27479 2.33118 0.836318 1.25624;0.5 0.5 0.5 0.00300769;1,0
205;1789210708990;-2.00501,-3.84928,1.18669;-4.55054,-8.67846 2.39889,-8.73402 2.54392,-0.531939 -4.40874,-0.396227;1.27544 2.32961 0.835113 1.25596;0.5 0.5 0.5 0.00300769;1,0
206;1789210709043;-2.00551,-3.84956,1.19243;-4.55009,-8.68101 2.40436,-8.73445 2.54692,-0.530026 -4.40762,-0.398012;1.27599 2.32989 0.835678 1.25574;0.5 0.5 0.5 0.00300769;1,0
207;1789210709101;-2.00606,-3.84939,1.19479;-4.54972,-8.68174 2.40376,-8.73302 2.55248,-0.533356 -4.40896,-0.396964;1.27655 2.32906 0.83692 1.256;0.5 0.5 0.5 0.00300769;1,0
208;1789210709146;-2.00637,-3.84925,1.19594;-4.54846,-8.68289 2.40458,-8.73184 2.55189,-0.532245 -4.40703,-0.397925;1.27695 2.32887 0.836761 1.25556;0.5 0.5 0.5 0.00300769;1,0
209;1789210709196;-2.00671,-3.84919,1.19586;-4.54261,-8.68616 2.41561,-8.73119 2.55186,-0.529774 -4.41077,-0.400709;1.27672 2.32952 0.836671 1.25654;0.5 0.5 0.5 0.00300769;1,0
210;1789210709242;-2.00716,-3.84897,1.1985;-4.53786,-8.68531 2.42266,-8.7274 2.54238,-0.527302 -4.41361,-0.403928;1.27647 2.3298 0.834596 1.2573;0.5 0.5 0.5 0.00300769;1,0
211;1789210709295;-2.00732,-3.84893,1.19864;-4.53488,-8.68718 2.42615,-8.72331 2.53951,-0.519958 -4.41348,-0.40695;1.27755 2.32925 0.833818 1.25742;0.5 0.5 0.5 0.00300769;1,0
212;1789210709347;-2.00762,-3.84905,1.19889;-4.52466,-8.69427 2.43713,-8.71598 2.53361,-0.516933 -4.42151,-0.411069;1.27943 2.32867 0.832473 1.25946;0.5 0.5 0.5 0.00300769;1,0
213;1789210709401;-2.0078,-3.84879,1.20232;-4.52359,-8.69469 2.43787,-8.71387 2.53472,-0.517023 -4.42275,-0.411977;1.27993 2.32811 0.832693 1.25977;0.5 0.5 0.5 0.00300769;1,0
214;1789210709445;-2.00809,-3.84873,1.20319;-4.5185,-8.69669 2.44377,-8.71254 2.52933,-0.510225 -4.4252,-0.415053;1.2797 2.32863 0.831403 1.2605;0.5 0.5 0.5 0.00300769;1,0
215;1789210709495;-2.00837,-3.84871,1.20294;-4.49918,-8.70535 2.46692,-8.69851 2.51844,-0.497183 -4.44008,-0.424451;1.28187 2.32766 0.828781 1.26443;0.5 0.5 0.5 0.00300769;1,0
216;1789210709550;-2.00867,-3.84866,1.20748;-4.4925,-8.70821 2.47083,-8.6874 2.5149,-0.490798 -4.44384,-0.42843;1.28448 2.32542 0.827882 1.26549;0.5 0.5 0.5 0.00300769;1,0
217;1789210709607;-2.00893,-3.84887,1.20756;-4.48839,-8.70659 2.4749,-8.68061 2.51117,-0.492456 -4.44748,-0.429775;1.28504 2.32428 0.827116 1.26636;0.5 0.5 0.5 0.00300769;1,0
218;1789210709656;-2.00908,-3.84886,1.20886;-4.48204,-8.71079 2.48025,-8.67577 2.503,-0.485014 -4.45296,-0.43361;1.28623 2.32409 0.825244 1.26785;0.5 0.5 0.5 0.00300769;1,0
219;1789210709706;-2.00912,-3.84883,1.20929;-4.46668,-8.71695 2.50146,-8.67536 2.49201,-0.469513 -4.46368,-0.441804;1.28448 2.32644 0.822616 1.2708;0.5 0.5 0.5 0.00300769;1,0
220;1789210709751;-2.00949,-3.8485,1.213;-4.45898,-8.72068 2.50805,-8.65478 2.48772,-0.464281 -4.46838,-0.445085;1.28996 2.32206 0.821606 1.27206;0.5 0.5 0.5 0.00300769;1,0
221;1789210709812;-2.00995,-3.84899,1.21331;-4.44628,-8.72675 2.522,-8.64985 2.48297,-0.457849 -4.47812,-0.451014;1.2902 2.32225 0.820452 1.2746;0.5 0.5 0.5 0.00300769;1,0
222;1789210709863;-2.01027,-3.84866,1.21735;-4.44389,-8.72708 2.5231,-8.6479 2.48068,-0.455663 -4.47991,-0.452323;1.29032 2.32202 0.819928 1.27509;0.5 0.5 0.5 0.00300769;1,0
223;1789210709910;-2.01045,-3.84871,1.21874;-4.43826,-8.73238 2.53498,-8.64196 2.48346,-0.452379 -4.48426,-0.454306;1.29233 2.32123 0.820436 1.27622;0.5 0.5 0.5 0.00300769;1,0
224;1789210709956;-2.01118,-3.84854,1.22007;-4.43158,-8.73443 2.54112,-8.6257 2.48096,-0.450314 -4.48838,-0.457966;1.29623 2.31779 0.819842 1.27731;0.5 0.5 0.5 0.00300769;1,0
225;1789210710012;-2.01151,-3.84888,1.22108;-4.42913,-8.73411 2.5472,-8.62512 2.48006,-0.449331 -4.49019,-0.459365;1.29569 2.31818 0.81963 1.27778;0.5 0.5 0.5 0.00300769;1,0
226;1789210710063;-2.01198,-3.84878,1.22162;-4.41526,-8.74183 2.56198,-8.62261 2.46935,-0.436782 -4.50155,-0.466944;1.29543 2.3195 0.817151 1.28084;0.5 0.5 0.5 0.00300769;1,0
227;1789210710117;-2.01207,-3.84834,1.22543;-4.41053,-8.7448 2.56678,-8.61612 2.46877,-0.431421 -4.50393,-0.466449;1.29714 2.31829 0.816971 1.28149;0.5 0.5 0.5 0.00300769;1,0
228;1789210710165;-2.01266,-3.84839,1.22674;-4.4076,-8.74182 2.57564,-8.60999 2.46685,-0.430837 -4.50611,-0.466917;1.29732 2.31757 0.816573 1.28204;0.5 0.5 0.5 0.00300769;1,0
229;1789210710214;-2.01314,-3.84862,1.22641;-4.39449,-8.74915 2.5856,-8.6051 2.45701,-0.418797 -4.51632,-0.470797;1.29786 2.31786 0.814349 1.28475;0.5 0.5 0.5 0.00300769;1,0
230;1789210710264;-2.01309,-3.84826,1.23088;-4.3931,-8.75218 2.58359,-8.58179 2.45743,-0.423109 -4.5156,-0.473397;1.30549 2.31181 0.814451 1.28456;0.5 0.5 0.5 0.00300769;1,0
231;1789210710317;-2.01328,-3.84914,1.22834;-4.37208,-8.76106 2.61169,-8.57986 2.44374,-0.40623 -4.53241,-0.481311;1.30361 2.31455 0.811357 1.28901;0.5 0.5 0.5 0.00300769;1,0
232;1789210710366;-2.01368,-3.84845,1.23566;-4.36601,-8.76424 2.61577,-8.56996 2.43745,-0.39889 -4.5358,-0.484791;1.3061 2.31285 0.809938 1.29;0.5 0.5 0.5 0.00300769;1,0
233;1789210710417;-2.01386,-3.84875,1.23599;-4.36497,-8.76437 2.61595,-8.56917 2.43557,-0.399108 -4.53657,-0.484652;1.30613 2.3128 0.809559 1.29018;0.5 0.5 0.5 0.00300769;1,0
234;1789210710463;-2.01406,-3.84869,1.23669;-4.35894,-8.76621 2.6211,-8.55273 2.43046,-0.398238 -4.54017,-0.486836;1.31017 2.30946 0.808483 1.29111;0.5 0.5 0.5 0.00300769;1,0
235;1789210710521;-2.01429,-3.84902,1.23629;-4.34873,-8.77252 2.63104,-8.55206 2.42164,-0.386914 -4.54793,-0.492762;1.30983 2.31073 0.806483 1.29325;0.5 0.5 0.5 0.00300769;1,0
236;1789210710571;-2.01447,-3.84873,1.23884;-4.33567,-8.7792 2.64596,-8.54253 2.41466,-0.377461 -4.55768,-0.499106;1.31154 2.31004 0.804894 1.29587;0.5 0.5 0.5 0.00300769;1,0
237;1789210710619;-2.01481,-3.84854,1.24209;-4.33447,-8.77816 2.64907,-8.54011 2.4142,-0.376658 -4.55872,-0.499352;1.31163 2.30971 0.804793 1.29614;0.5 0.5 0.5 0.00300769;1,0
238;1789210710665;-2.01518,-3.84867,1.24346;-4.32317,-8.78472 2.65135,-8.51832 2.40414,-0.367189 -4.56576,-0.505795;1.31754 2.30516 0.802562 1.2981;0.5 0.5 0.5 0.00300769;1,0
239;1789210710719;-2.01504,-3.8491,1.24572;-4.31867,-8.78803 2.66219,-8.51804 2.40148,-0.363631 -4.56952,-0.507528;1.31748 2.30615 0.801982 1.29909;0.5 0.5 0.5 0.00300769;1,0
240;1789210710773;-2.01557,-3.84889,1.24632;-4.31436,-8.78925 2.6671,-8.51702 2.40016,-0.361902 -4.57237,-0.509446;1.3171 2.30639 0.801681 1.29985;0.5 0.5 0.5 0.00300769;1,0
241;1789210710828;-2.01595,-3.84877,1.24825;-4.30869,-8.79277 2.67266,-8.50383 2.39592,-0.356809 -4.57596,-0.512388;1.32076 2.30384 0.80074 1.30084;0.5 0.5 0.5 0.00300769;1,0
242;1789210710879;-2.01633,-3.84898,1.24835;-4.30556,-8.79293 2.67809,-8.50413 2.39376,-0.35529 -4.57815,-0.513997;1.31993 2.30451 0.800277 1.30143;0.5 0.5 0.5 0.00300769;1,0
243;1789210710928;-2.01656,-3.84887,1.25006;-4.29355,-8.7969 2.69276,-8.50537 2.38596,-0.342379 -4.58785,-0.521147;1.31782 2.30656 0.798508 1.30409;0.5 0.5 0.5 0.00300769;1,0
244;1789210710979;-2.0169,-3.84856,1.25453;-4.28319,-8.80371 2.69238,-8.48131 2.37608,-0.335185 -4.59331,-0.526456;1.32475 2.30121 0.796377 1.30562;0.5 0.5 0.5 0.00300769;1,0
245;1789210711030;-2.01675,-3.84902,1.2548;-4.27384,-8.80725 2.70895,-8.47803 2.37562,-0.328853 -4.60146,-0.530763;1.32445 2.30177 0.796207 1.30778;0.5 0.5 0.5 0.00300769;1,0
246;1789210711080;-2.01732,-3.84878,1.25489;-4.26869,-8.8104 2.71576,-8.47605 2.36948,-0.320508 -4.60471,-0.534394;1.32473 2.30227 0.794867 1.30874;0.5 0.5 0.5 0.00300769;1,0
247;1789210711135;-2.01801,-3.84876,1.24676;-4.25343,-8.81463 2.7329,-8.47135 2.35814,-0.308663 -4.61697,-0.540479;1.3237 2.3033 0.792452 1.31201;0.5 0.5 0.5 0.00300769;1,0
248;1789210711184;-2.01887,-3.84801,1.24361;-4.24493,-8.82051 2.74118,-8.4557 2.35455,-0.29944 -4.62094,-0.547437;1.32813 2.30031 0.791593 1.31323;0.5 0.5 0.5 0.00300769;1,0
249;1789210711234;-2.01999,-3.84812,1.23337;-4.24489,-8.82102 2.73997,-8.45407 2.35427,-0.298202 -4.62194,-0.546937;1.32879 2.29982 0.791534 1.31348;0.5 0.5 0.5 0.00300769;1,0
250;1789210711280;-2.02073,-3.84786,1.22409;-4.24158,-8.82324 2.747,-8.44986 2.35062,-0.296962 -4.62363,-0.548515;1.32987 2.29962 0.790787 1.31394;0.5 0.5 0.5 0.00300769;1,0
251;1789210711331;-2.02224,-3.84723,1.21033;-4.2428,-8.82209 2.74496,-8.44647 2.35139,-0.295974 -4.62517,-0.549105;1.33083 2.29854 0.790925 1.31434;0.5 0.5 0.5 0.00300769;1,0
252;1789210711385;-2.02362,-3.84665,1.19588;-4.23766,-8.82334 2.75341,-8.45023 2.34467,-0.294008 -4.62719,-0.550436;1.3288 2.30066 0.789563 1.31489;0.5 0.5 0.5 0.00300769;1,0
253;1789210711438;-2.02564,-3.84549,1.17895;-4.23615,-8.8243 2.75367,-8.44936 2.34179,-0.293566 -4.62831,-0.550072;1.32901 2.30067 0.788989 1.31516;0.5 0.5 0.5 0.00300769;1,0
254;1789210711481;-2.02683,-3.84476,1.16555;-4.2344,-8.82729 2.75214,-8.43815 2.3479,-0.2922 -4.62954,-0.551245;1.33291 2.29731 0.79019 1.3155;0.5 0.5 0.5 0.00300769;1,0
255;1789210711535;-2.02872,-3.84421,1.14879;-4.22568,-8.82835 2.76114,-8.43816 2.34023,-0.28549 -4.63553,-0.555589;1.3311 2.29859 0.788574 1.31714;0.5 0.5 0.5 0.00300769;1,0
256;1789210711589;-2.03049,-3.84292,1.13541;-4.22364,-8.82995 2.76475,-8.43533 2.34161,-0.282385 -4.63851,-0.556692;1.33192 2.29808 0.788829 1.31792;0.5 0.5 0.5 0.00300769;1,0
257;1789210711639;-2.03236,-3.84197,1.11987;-4.21952,-8.83153 2.77601,-8.43207 2.33416,-0.2808 -4.64088,-0.556978;1.33226 2.29875 0.78735 1.31853;0.5 0.5 0.5 0.00300769;1,0
258;1789210711685;-2.03429,-3.84104,1.10157;-4.21269,-8.83544 2.77869,-8.42375 2.32286,-0.278074 -4.64593,-0.559981;1.33436 2.2977 0.785047 1.31987;0.5 0.5 0.5 0.00300769;1,0
259;1789210711740;-2.036,-3.83967,1.08296;-4.21197,-8.83684 2.77637,-8.41872 2.33293,-0.275066 -4.64673,-0.560853;1.33617 2.29552 0.787026 1.32011;0.5 0.5 0.5 0.00300769;1,0
260;1789210711791;-2.0387,-3.83849,1.06458;-4.21076,-8.83694 2.78087,-8.41895 2.32828,-0.272184 -4.64846,-0.563566;1.33578 2.29627 0.786057 1.32063;0.5 0.5 0.5 0.00300769;1,0
261;1789210711843;-2.04094,-3.83699,1.04354;-4.21007,-8.83529 2.78266,-8.42488 2.32711,-0.27036 -4.64883,-0.562316;1.33331 2.29798 0.785833 1.32071;0.5 0.5 0.5 0.00300769;1,0
262;1789210711888;-2.04273,-3.83565,1.02716;-4.24476,-8.82336 2.76201,-8.43915 2.35547,-0.305289 -4.62118,-0.545399;1.33359 2.29788 0.791897 1.31318;0.5 0.5 0.5 0.00300769;1,0
263;1789210711942;-2.04569,-3.83527,0.990788;-4.23616,-8.82476 2.75753,-8.44666 2.34661,-0.296407 -4.63277,-0.547376;1.32989 2.29999 0.790022 1.31616;0.5 0.5 0.5 0.00300769;1,0
264;1789210711995;-2.04694,-3.83278,0.977135;-4.26508,-8.81271 2.74168,-8.46467 2.36987,-0.321473 -4.61053,-0.534897;1.32764 2.30156 0.795008 1.31016;0.5 0.5 0.5 0.00300769;1,0
265;1789210712046;-2.05006,-3.83205,0.943889;-4.32353,-8.91934 2.88119,-8.27451 2.00307,-0.308974 -5.19928,-0.792073;0.41157 0.397753 0.720901 1.46159;0.196556 0.208002 0.5 0.00300743;1,0
266;1789210712091;-2.55848,-3.85438,0.746903;-4.44824,-8.81982 2.61776,-8.28347 1.99368,-0.351269 -5.27582,-0.697665;0.174509 0.306984 0.239438 0.344718;0.0946143 0.136761 0.130082 0.00300675;1,0
267;1789210712141;-3.05929,-3.73778,0.71186;-4.50144,-8.79107 2.28201,-8.32762 1.8994,-0.339602 -5.25993,-0.710253;0.122622 0.270497 0.18495 0.231399;0.0729464 0.122444 0.0888764 0.00300647;1,0
268;1789210712191;-3.80947,-3.73371,0.731372;-4.54134,-8.79368 2.15243,-8.33687 1.76288,-0.269424 -5.29816,-0.675948;0.105992 0.246968 0.180951 0.135727;0.0631182 0.115088 0.0767591 0.00300642;1,0
269;1789210712254;-4.0494,-3.2946,0.709375;-4.51461,-8.80441 2.30424,-8.30329 1.70645,-0.237968 -5.34241,-0.668108;0.106155 0.199888 0.138938 0.113053;0.0629454 0.0820898 0.0640706 0.00300597;1,0
270;1789210712305;-4.16005,-3.18845,0.735039;-4.52473,-8.80515 2.2834,-8.30482 1.70059,-0.237376 -5.35445,-0.657908;0.106268 0.160506 0.119757 0.0973031;0.0628574 0.0592189 0.0528436 0.00300549;1,0
271;1789210712355;-4.21939,-3.11235,0.707049;-4.52146,-8.80491 2.27795,-8.30522 1.70173,-0.229888 -5.35125,-0.663296;0.106182 0.160339 0.119769 0.0972485;0.0628574 0.0592189 0.0528436 0.00300549;1,0
272;1789210712401;-4.21104,-3.12025,0.705365;-4.52183,-8.80494 2.27689,-8.3053 1.70512,-0.228466 -5.35391,-0.664464;0.106193 0.160307 0.119843 0.0973086;0.0628574 0.0592189 0.0528436 0.00300549;1,0
273;1789210712454;-4.22276,-3.11516,0.670402;-4.52053,-8.80484 2.27662,-8.30532 1.70497,-0.228418 -5.35396,-0.664724;0.106159 0.160299 0.11984 0.0973108;0.0628574 0.0592189 0.0528436 0.00300549;1,0
274;1789210712507;-4.22614,-3.10598,0.635338;-4.53512,-8.80592 2.26025,-8.30652 1.70865,-0.225912 -5.35719,-0.666582;0.10654 0.159798 0.119914 0.0973787;0.0628574 0.0485304 0.0528436 0.00300549;1,0
275;1789210712557;-4.26232,-3.07285,0.510777;-4.53326,-8.80578 2.2602,-8.30652 1.70931,-0.226582 -5.35904,-0.666091;0.106493 0.159796 0.11993 0.0974184;0.0628574 0.0485304 0.0528436 0.00300549;1,0
276;1789210712603;-4.25762,-3.08195,0.598179;-4.53251,-8.80572 2.25948,-8.30658 1.70944,-0.225026 -5.3584,-0.667238;0.106473 0.159774 0.119931 0.0974077;0.0628574 0.0485304 0.0528436 0.00300549;1,0
277;1789210712656;-4.26065,-3.07659,0.562586;-4.53617,-8.80498 2.25638,-8.30163 1.71121,-0.229383 -5.35486,-0.66691;0.106698 0.159535 0.119971 0.0973266;0.0628574 0.0485304 0.0528436 0.00300549;1,0
278;1789210712709;-4.26103,-3.07011,0.525436;-4.53262,-8.80471 2.25865,-8.30146 1.7099,-0.224094 -5.35817,-0.668095;0.106607 0.159604 0.119941 0.0974048;0.0628574 0.0485304 0.0528436 0.00300549;1,0
279;1789210712762;-4.26925,-3.06125,0.491395;-4.5321,-8.80467 2.25898,-8.30144 1.70923,-0.224901 -5.3576,-0.667588;0.106593 0.159614 0.119926 0.0973913;0.0628574 0.0485304 0.0528436 0.00300549;1,0
280;1789210712808;-4.27085,-3.05552,0.461114;-4.53745,-8.80507 2.24874,-8.3022 1.71005,-0.215336 -5.35916,-0.674766;0.106734 0.159302 0.119938 0.0974412;0.0628574 0.0477894 0.0528436 0.00300549;1,0
281;1789210712857;-4.30057,-3.00932,0.259978;-4.54606,-8.80571 2.23396,-8.30329 1.70267,-0.20352 -5.36666,-0.683668;0.106962 0.158849 0.119765 0.0976238;0.0628574 0.0421273 0.0528436 0.00300514;1,0
282;1789210712907;-4.33063,-2.9984,0.240878;-4.54234,-8.80543 2.23347,-8.30333 1.70322,-0.202559 -5.36656,-0.685147;0.106865 0.158835 0.119777 0.0976263;0.0628574 0.0421273 0.0528436 0.00300514;1,0
283;1789210712971;-4.32847,-3.01195,0.230803;-4.54212,-8.80542 2.2339,-8.3033 1.70303,-0.203316 -5.36576,-0.68548;0.106859 0.158848 0.119772 0.0976095;0.0628574 0.0421273 0.0528436 0.00300514;1,0
284;1789210713016;-4.32711,-2.99537,0.202393;-4.54149,-8.80537 2.23409,-8.30328 1.70428,-0.204226 -5.36789,-0.685384;0.106843 0.158854 0.1198 0.0976551;0.0628574 0.0421273 0.0528436 0.00300514;1,0
285;1789210713062;-4.32696,-2.99296,0.173091;-4.54096,-8.80533 2.23426,-8.30327 1.70336,-0.204467 -5.36581,-0.685546;0.106828 0.158859 0.119779 0.0976106;0.0628574 0.0421273 0.0528436 0.00300514;1,0
286;1789210713118;-4.32768,-2.98933,0.137349;-4.54155,-8.80537 2.23467,-8.30324 1.70326,-0.205443 -5.36563,-0.68516;0.106844 0.158871 0.119776 0.0976052;0.0628574 0.0421273 0.0528436 0.00300514;1,0
287;1789210713173;-4.32809,-2.98374,0.103128;-4.54453,-8.80559 2.23366,-8.30332 1.69367,-0.215749 -5.36852,-0.658203;0.106922 0.158838 0.107306 0.0870202;0.0628574 0.0380385 0.0461846 0.00300479;1,0
288;1789210713224;-4.36217,-2.88785,-0.0565389;-4.54015,-8.80527 2.25281,-8.3019 1.68369,-0.199199 -5.38416,-0.64615;0.106814 0.159422 0.103577 0.0799245;0.0628574 0.0358935 0.0431387 0.00300442;1,0
289;1789210713271;-4.42174,-2.79814,-0.0223146;-4.52375,-8.80406 2.26194,-8.30122 1.67525,-0.151911 -5.39226,-0.659227;0.106392 0.159701 0.101522 0.0744026;0.0628574 0.0348428 0.041236 0.00300415;1,0
290;1789210713318;-4.41048,-2.84047,0.0103989;-4.51728,-8.80357 2.26469,-8.30102 1.67067,-0.162805 -5.38978,-0.652929;0.106222 0.159786 0.101435 0.0743503;0.0628574 0.0348428 0.041236 0.00300415;1,0
291;1789210713369;-4.39569,-2.80866,0.0395528;-4.51929,-8.80372 2.26506,-8.30099 1.66988,-0.163219 -5.38855,-0.652363;0.106274 0.159797 0.101421 0.0743281;0.0628574 0.0348428 0.041236 0.00300415;1,0
292;1789210713423;-4.39235,-2.80215,0.00743387;-4.52986,-8.80715 2.26799,-8.31839 1.67041,-0.167957 -5.38891,-0.645743;0.106074 0.160415 0.101434 0.0743197;0.0628574 0.0348428 0.041236 0.00300415;1,0
293;1789210713478;-4.40659,-2.7728,-0.0165007;-4.51878,-8.80636 2.26576,-8.31855 1.67133,-0.162123 -5.39122,-0.652807;0.105789 0.160346 0.101448 0.074374;0.0628574 0.0348428 0.041236 0.00300415;1,0
294;1789210713530;-4.40022,-2.79271,-0.0493442;-4.51704,-8.80623 2.26608,-8.31852 1.66945,-0.162865 -5.38864,-0.652254;0.105743 0.160356 0.101413 0.0743302;0.0628574 0.0348428 0.041236 0.00300415;1,0
295;1789210713579;-4.38704,-2.78755,-0.0804483;-4.51854,-8.80634 2.26599,-8.31853 1.6702,-0.162452 -5.38945,-0.652508;0.105782 0.160353 0.101427 0.0743438;0.0628574 0.0348428 0.041236 0.00300415;1,0
296;1789210713626;-4.39021,-2.78765,-0.109156;-4.51876,-8.80636 2.26535,-8.31857 1.67104,-0.160553 -5.38996,-0.653698;0.105788 0.160334 0.101443 0.0743546;0.0628574 0.0348428 0.041236 0.00300415;1,0
297;1789210713678;-4.39273,-2.78767,-0.141463;-4.51826,-8.80632 2.26564,-8.31855 1.67076,-0.16157 -5.38996,-0.653134;0.105775 0.160343 0.101437 0.0743536;0.0628574 0.0348428 0.041236 0.00300415;1,0
298;1789210713732;-4.39002,-2.78256,-0.172386;-4.52107,-8.80652 2.29617,-8.31636 1.65916,-0.17276 -5.40635,-0.635255;0.105855 0.161285 0.0989154 0.0699555;0.0628574 0.0332878 0.0389668 0.00300379;1,0
299;1789210713783;-4.47014,-2.53905,-0.40041;-4.52513,-8.81293 2.30641,-8.29979 1.64989,-0.146882 -5.40911,-0.631225;0.106671 0.160806 0.0974159 0.0667196;0.0628574 0.0323446 0.0377813 0.00300363;1,0
300;1789210713829;-4.47671,-2.48663,-0.398273;-4.51325,-8.81203 2.30784,-8.29968 1.64852,-0.14724 -5.41337,-0.632885;0.106365 0.16085 0.0973911 0.0667904;0.0628574 0.0323446 0.0377813 0.00300363;1,0
301;1789210713881;-4.4782,-2.50123,-0.406533;-4.51315,-8.81203 2.30784,-8.29968 1.64843,-0.147055 -5.41346,-0.63285;0.106363 0.16085 0.0973896 0.0667918;0.0628574 0.0323446 0.0377813 0.00300363;1,0
302;1789210713927;-4.47704,-2.49818,-0.43334;-4.51314,-8.81203 2.30783,-8.29968 1.64839,-0.146985 -5.41349,-0.6328;0.106362 0.16085 0.097389 0.0667923;0.0628574 0.0323446 0.0377813 0.00300363;1,0
303;1789210713984;-4.47495,-2.4942,-0.466948;-4.51313,-8.81203 2.30782,-8.29968 1.64837,-0.146938 -5.41352,-0.632763;0.106362 0.16085 0.0973886 0.0667926;0.0628574 0.0323446 0.0377813 0.00300363;1,0
304;1789210714030;-4.47326,-2.49104,-0.494762;-4.51313,-8.81203 2.30782,-8.29968 1.64837,-0.146938 -5.41352,-0.632763;0.106362 0.16085 0.0973886 0.0667926;0.0628574 0.0323446 0.0377813 0.00300363;1,0
305;1789210714080;-4.47114,-2.48791,-0.52454;-4.51313,-8.81203 2.30781,-8.29968 1.64835,-0.146898 -5.41353,-0.632731;0.106362 0.160849 0.0973883 0.0667928;0.0628574 0.0323446 0.0377813 0.00300363;1,0
306;1789210714127;-4.46918,-2.48485,-0.553228;-4.51269,-8.81199 2.31284,-8.2993 1.65184,-0.144836 -5.41083,-0.633326;0.106349 0.161004 0.0974497 0.0667528;0.0628574 0.030043 0.0377813 0.00300337;1,0
307;1789210714190;-4.43129,-2.4649,-0.765416;-4.49807,-8.81089 2.31912,-8.29883 1.64976,-0.133021 -5.41192,-0.624473;0.105971 0.161198 0.0927078 0.0638135;0.0628574 0.0282584 0.0354101 0.00300303;1,0
308;1789210714239;-4.34112,-2.40352,-0.70176;-4.49323,-8.81053 2.33383,-8.29773 1.64668,-0.127515 -5.41577,-0.622727;0.105848 0.161654 0.0914883 0.0615825;0.0628574 0.027458 0.0341942 0.00300278;1,0
309;1789210714290;-4.42359,-2.36985,-0.620422;-4.49788,-8.81088 2.33357,-8.29775 1.64643,-0.12527 -5.41411,-0.62366;0.105967 0.161646 0.0914841 0.0615589;0.0628574 0.027458 0.0341942 0.00300278;1,0
310;1789210714335;-4.40636,-2.34661,-0.608786;-4.49645,-8.81077 2.3335,-8.29775 1.64659,-0.125132 -5.41508,-0.623368;0.105931 0.161644 0.091487 0.0615727;0.0628574 0.027458 0.0341942 0.00300278;1,0
311;1789210714387;-4.40512,-2.37302,-0.640532;-4.4967,-8.81079 2.33363,-8.29774 1.64628,-0.12538 -5.41461,-0.623171;0.105937 0.161648 0.0914821 0.0615658;0.0628574 0.027458 0.0341942 0.00300278;1,0
312;1789210714439;-4.39184,-2.368,-0.671673;-4.49707,-8.81082 2.3337,-8.29774 1.64655,-0.125623 -5.41524,-0.623057;0.105947 0.16165 0.0914865 0.0615744;0.0628574 0.027458 0.0341942 0.00300278;1,0
313;1789210714495;-4.39504,-2.36369,-0.705569;-4.49752,-8.81085 2.33369,-8.29774 1.64666,-0.12551 -5.41541,-0.623107;0.105959 0.16165 0.0914883 0.0615768;0.0628574 0.027458 0.0341942 0.00300278;1,0
314;1789210714544;-4.39167,-2.36146,-0.734157;-4.49267,-8.81049 2.3334,-8.29776 1.64612,-0.125352 -5.41507,-0.623216;0.105833 0.161641 0.0914793 0.0615734;0.0628574 0.027458 0.0341942 0.00300278;1,0
315;1789210714601;-4.38533,-2.35854,-0.767982;-4.49301,-8.81051 2.33355,-8.29775 1.6461,-0.125804 -5.41509,-0.62298;0.105842 0.161646 0.091479 0.0615733;0.0628574 0.027458 0.0341942 0.00300278;1,0
316;1789210714649;-4.38499,-2.35436,-0.797452;-4.49299,-8.81051 2.33357,-8.29775 1.64605,-0.125856 -5.41503,-0.622955;0.105842 0.161646 0.0914782 0.0615724;0.0628574 0.027458 0.0341942 0.00300278;1,0
317;1789210714702;-4.38022,-2.35115,-0.830538;-4.49291,-8.81051 2.33359,-8.29775 1.64597,-0.125893 -5.41492,-0.622935;0.105839 0.161647 0.091477 0.0615708;0.0628574 0.027458 0.0341942 0.00300278;1,0
318;1789210714745;-4.37552,-2.34911,-0.856407;-4.49291,-8.81051 2.33523,-8.29762 1.65025,-0.125591 -5.41492,-0.622935;0.105839 0.161697 0.0865882 0.0592994;0.0628574 0.0260752 0.0324697 0.00300248;1,0
319;1789210714797;-4.14725,-3.13897,-1.03954;-4.47017,-8.8088 2.33932,-8.29731 1.64772,-0.12577 -5.42616,-0.623727;0.105261 0.161824 0.0865498 0.0594591;0.0628574 0.0260752 0.0324697 0.00300248;1,0
320;1789210714850;-4.13259,-3.19162,-0.819018;-4.50332,-8.82132 2.33911,-8.28745 1.64878,-0.125695 -5.41848,-0.623186;0.106762 0.161086 0.0865663 0.0593448;0.0628574 0.0260752 0.0324697 0.00300248;1,0
321;1789210714901;-4.17347,-2.69837,-0.836089;-4.52275,-8.81474 2.33891,-8.30039 1.65094,-0.133354 -5.41312,-0.62228;0.106581 0.161844 0.0865974 0.0592654;0.0628574 0.0260752 0.0324697 0.00300248;1,0
322;1789210714956;-4.22947,-1.94561,-0.863762;-4.52765,-8.81532 2.34417,-8.28838 1.65054,-0.132794 -5.41391,-0.622702;0.107085 0.161587 0.0865922 0.0592754;0.0628574 0.0257834 0.0324697 0.00300248;1,0
323;1789210715005;-4.22114,-1.89737,-0.886434;-4.52601,-8.8166 2.34433,-8.29435 1.65043,-0.129878 -5.41409,-0.622997;0.106899 0.161751 0.0865911 0.059279;0.0628574 0.0257834 0.0324697 0.00300248;1,0
324;1789210715051;-4.2217,-1.89597,-0.884173;-4.52652,-8.81642 2.34405,-8.29231 1.65077,-0.129909 -5.41467,-0.623298;0.106971 0.161677 0.0865962 0.0592871;0.0628574 0.0257834 0.0324697 0.00300248;1,0
325;1789210715101;-4.21777,-1.89183,-0.909357;-4.52672,-8.81637 2.34418,-8.29231 1.6505,-0.130227 -5.41411,-0.62308;0.106973 0.161684 0.086592 0.0592791;0.0628574 0.0257834 0.0324697 0.00300248;1,0
326;1789210715148;-4.21073,-1.88416,-0.931587;-4.52784,-8.81568 2.34377,-8.2892 1.65081,-0.130389 -5.41425,-0.6236;0.107077 0.161589 0.0865964 0.0592812;0.0628574 0.0257834 0.0324697 0.00300248;1,0
327;1789210715210;-4.20548,-1.88573,-0.960135;-4.52935,-8.81641 2.34439,-8.29274 1.65077,-0.130279 -5.41444,-0.623004;0.107023 0.161713 0.0865962 0.0592828;0.0628574 0.0257834 0.0324697 0.00300248;1,0
328;1789210715260;-4.20177,-1.87347,-0.981409;-4.52993,-8.81709 2.34441,-8.29297 1.65076,-0.130038 -5.41427,-0.622923;0.107052 0.161697 0.0865962 0.0592803;0.0628574 0.0257834 0.0324697 0.00300248;1,0
329;1789210715311;-4.19956,-1.86819,-1.00431;-4.52816,-8.81796 2.34356,-8.28758 1.65085,-0.130335 -5.41407,-0.623256;0.107213 0.16144 0.0865972 0.0592784;0.0628574 0.0257834 0.0324697 0.00300248;1,0
330;1789210715356;-4.19771,-1.86646,-1.02495;-4.53269,-8.82403 2.34787,-8.29382 1.654,-0.129477 -5.41051,-0.620968;0.107314 0.161589 0.086648 0.0592266;0.0628574 0.0249766 0.0324697 0.00300248;1,0
331;1789210715404;-4.12456,-1.80116,-1.22001;-4.53231,-8.82991 2.35072,-8.29366 1.65637,-0.131177 -5.4085,-0.618167;0.107501 0.161457 0.0866865 0.059196;0.0628574 0.0240674 0.0324697 0.00300211;1,0
332;1789210715457;-4.09099,-1.76844,-1.23642;-4.52793,-8.83022 2.35048,-8.29406 1.65587,-0.130853 -5.40778,-0.618261;0.107396 0.161438 0.0866787 0.0591875;0.0628574 0.0240674 0.0324697 0.00300211;1,0
333;1789210715513;-4.09306,-1.76785,-1.23982;-4.52846,-8.82921 2.35021,-8.29159 1.65597,-0.131317 -5.40763,-0.618699;0.107453 0.161382 0.0866799 0.0591857;0.0628574 0.0240674 0.0324697 0.00300211;1,0
334;1789210715564;-4.08914,-1.76999,-1.25997;-4.52935,-8.83132 2.35063,-8.29427 1.65614,-0.131295 -5.4083,-0.617885;0.107459 0.161414 0.0866831 0.0591935;0.0628574 0.0240674 0.0324697 0.00300211;1,0
335;1789210715617;-4.09281,-1.76306,-1.28162;-4.52972,-8.83125 2.35134,-8.29985 1.65594,-0.13071 -5.40833,-0.617436;0.107286 0.161638 0.0866806 0.0591935;0.0628574 0.0240674 0.0324697 0.00300211;1,0
336;1789210715660;-4.09234,-1.75912,-1.29651;-4.52971,-8.8305 2.3511,-8.29732 1.65601,-0.131352 -5.40833,-0.617636;0.107342 0.161569 0.0866814 0.0591936;0.0628574 0.0240674 0.0324697 0.00300211;1,0
337;1789210715713;-4.08955,-1.76073,-1.31724;-4.52968,-8.83096 2.35105,-8.2982 1.65603,-0.130571 -5.40824,-0.617834;0.107329 0.161581 0.0866817 0.0591928;0.0628574 0.0240674 0.0324697 0.00300211;1,0
338;1789210715763;-4.08716,-1.75987,-1.33631;-4.52938,-8.8323 2.35094,-8.29769 1.65606,-0.130469 -5.40828,-0.617618;0.107383 0.161508 0.0866823 0.0591931;0.0628574 0.0240674 0.0324697 0.00300211;1,0
339;1789210715819;-4.08476,-1.75761,-1.35661;-4.52939,-8.83198 2.35082,-8.29694 1.65609,-0.130444 -5.40824,-0.617814;0.107397 0.161489 0.0866827 0.0591929;0.0628574 0.0240674 0.0324697 0.00300211;1,0
340;1789210715864;-4.08293,-1.75844,-1.37329;-4.52498,-8.84677 2.35332,-8.30261 1.6577,-0.130026 -5.40709,-0.612138;0.106304 0.138781 0.0867121 0.0591717;0.0587125 0.0231989 0.0324697 0.00300174;1,0
341;1789210715913;-4.05252,-1.70315,-1.54907;-4.50445,-8.84463 2.35433,-8.28398 1.65891,-0.118099 -5.40599,-0.606936;0.105987 0.133415 0.0840548 0.0579022;0.057653 0.0224449 0.0313652 0.00300135;1,0
342;1789210715963;-4.00943,-1.63753,-1.43062;-4.50467,-8.84469 2.35486,-8.28837 1.65881,-0.117416 -5.40591,-0.607238;0.105864 0.133562 0.0840532 0.0579015;0.057653 0.0224449 0.0313652 0.00300135;1,0
343;1789210716019;-4.00878,-1.63889,-1.43237;-4.50437,-8.84573 2.35461,-8.28652 1.65895,-0.11807 -5.40583,-0.607588;0.105945 0.133464 0.0840549 0.0579008;0.057653 0.0224449 0.0313652 0.00300135;1,0
344;1789210716069;-4.00548,-1.64151,-1.45022;-4.50479,-8.84389 2.35473,-8.28758 1.65898,-0.118126 -5.40565,-0.608332;0.105865 0.13356 0.0840548 0.0578992;0.057653 0.0224449 0.0313652 0.00300135;1,0
345;1789210716118;-4.00382,-1.64638,-1.46155;-4.50445,-8.84607 2.35489,-8.28888 1.65895,-0.117933 -5.40572,-0.608002;0.105887 0.133533 0.0840546 0.0578998;0.057653 0.0224449 0.0313652 0.00300135;1,0
346;1789210716164;-4.00366,-1.6435,-1.46725;-4.50431,-8.84693 2.35494,-8.28947 1.65895,-0.117782 -5.40571,-0.608001;0.105894 0.133524 0.0840546 0.0578998;0.057653 0.0224449 0.0313652 0.00300135;1,0
347;1789210716217;-4.00315,-1.64262,-1.47025;-4.50497,-8.84346 2.35493,-8.2891 1.659,-0.118309 -5.40554,-0.608822;0.10581 0.133627 0.0840546 0.0578982;0.057653 0.0224449 0.0313652 0.00300135;1,0
348;1789210716277;-4.00171,-1.64921,-1.47164;-4.50448,-8.84577 2.35479,-8.28843 1.65903,-0.118118 -5.40558,-0.608574;0.105892 0.133526 0.0840554 0.0578986;0.057653 0.0224449 0.0313652 0.00300135;1,0
349;1789210716326;-4.00092,-1.64727,-1.47226;-4.50404,-8.84844 2.35495,-8.28989 1.65897,-0.117641 -5.40571,-0.607968;0.105923 0.133487 0.084055 0.0578997;0.057653 0.0224449 0.0313652 0.00300135;1,0
350;1789210716373;-4.00133,-1.64192,-1.47211;-4.50473,-8.84496 2.35504,-8.29006 1.65897,-0.118115 -5.40558,-0.608605;0.105824 0.13361 0.0840545 0.0578985;0.057653 0.0224449 0.0313652 0.00300135;1,0
351;1789210716424;-4.00061,-1.64726,-1.47209;-4.50442,-8.84629 2.3549,-8.28914 1.65901,-0.118141 -5.40562,-0.608471;0.105886 0.133534 0.0840551 0.0578989;0.057653 0.0224449 0.0313652 0.00300135;1,0
352;1789210716478;-3.99935,-1.64618,-1.47292;-4.50404,-8.84838 2.35491,-8.28968 1.65899,-0.117701 -5.40568,-0.608101;0.105927 0.133481 0.0840552 0.0578994;0.057653 0.0224449 0.0313652 0.00300135;1,0
353;1789210716530;-3.99853,-1.64278,-1.47347;-4.50415,-8.84742 2.35484,-8.28903 1.65903,-0.117932 -5.40567,-0.608342;0.105918 0.133491 0.0840556 0.0578995;0.057653 0.0224449 0.0313652 0.00300135;1,0
354;1789210716576;-3.97044,-1.64158,-1.47409;-4.49234,-8.86333 2.35794,-8.24827 1.65658,-0.109557 -5.40907,-0.60554;0.106921 0.127932 0.0836143 0.0570505;0.0569968 0.0222801 0.0309798 0.00300109;1,0
355;1789210716629;-3.93552,-1.59532,-1.53575;-4.49464,-8.85219 2.35812,-8.24981 1.65656,-0.109243 -5.40851,-0.607937;0.106578 0.128338 0.0836123 0.0570455;0.0569968 0.0222801 0.0309798 0.00300109;1,0
356;1789210716679;-3.94256,-1.61884,-1.45594;-4.49347,-8.85809 2.35828,-8.24966 1.6565,-0.11005 -5.40898,-0.605985;0.106741 0.128149 0.0836126 0.0570496;0.0569968 0.0222801 0.0309798 0.00300109;1,0
357;1789210716730;-3.91207,-1.59871,-1.45486;-4.49331,-8.85908 2.35829,-8.25023 1.65649,-0.109758 -5.40901,-0.605723;0.106752 0.128135 0.0836127 0.0570498;0.0569968 0.0222801 0.0309798 0.00300109;1,0
358;1789210716775;-3.88265,-1.59155,-1.45484;-4.49529,-8.84125 2.35914,-8.26002 1.65599,-0.103984 -5.40962,-0.600286;0.105296 0.117324 0.081734 0.0561297;0.05294 0.0217599 0.0301891 0.00300066;1,0
359;1789210716827;-3.64955,-1.52182,-1.3414;-4.49323,-8.85258 2.35769,-8.22705 1.6527,-0.0787998 -5.41415,-0.608225;0.105987 0.112324 0.0813099 0.0554277;0.0521597 0.0217599 0.0298466 0.00300066;1,0
360;1789210716871;-3.27502,-1.47835,-1.32492;-4.50254,-8.85313 2.35892,-8.23438 1.653,-0.0772058 -5.41423,-0.605008;0.10445 0.101025 0.0792915 0.0547417;0.0482628 0.0217599 0.0291865 0.00300066;1,0
361;1789210716926;-3.19457,-1.44547,-1.33152;-4.50337,-8.85339 2.35907,-8.23445 1.65331,-0.0778289 -5.41523,-0.604784;0.104471 0.101026 0.0792958 0.0547535;0.0482628 0.0217599 0.0291865 0.00300066;1,0
362;1789210716980;-3.18696,-1.44225,-1.33286;-4.50277,-8.85527 2.35836,-8.23081 1.65333,-0.0782388 -5.4145,-0.605129;0.104612 0.100867 0.0792957 0.054745;0.0482628 0.0217599 0.0291865 0.00300066;1,0
363;1789210717030;-3.14539,-1.43628,-1.33281;-4.50991,-8.86191 2.35805,-8.23153 1.65466,-0.0775405 -5.41471,-0.603867;0.103278 0.0930186 0.0778878 0.0540872;0.0448221 0.0217599 0.028642 0.00300066;1,0
364;1789210717076;-3.04147,-1.40585,-1.33555;-4.51339,-8.86639 2.35908,-8.22718 1.65472,-0.0735055 -5.4177,-0.603352;0.101366 0.0880729 0.0765771 0.0534942;0.0417316 0.0217599 0.0281453 0.00300066;1,0
365;1789210717129;-3.02561,-1.393,-1.3335;-4.51067,-8.86726 2.35888,-8.22699 1.65445,-0.0734047 -5.41771,-0.603482;0.101344 0.0880366 0.0765734 0.0534949;0.0417316 0.0217599 0.0281453 0.00300066;1,0
366;1789210717185;-3.01354,-1.39056,-1.33326;-4.51233,-8.86687 2.35904,-8.22762 1.65457,-0.0733847 -5.41789,-0.603643;0.101348 0.0880679 0.076575 0.0534969;0.0417316 0.0217599 0.0281453 0.00300066;1,0
367;1789210717236;-2.98272,-1.38381,-1.33252;-4.51343,-8.86796 2.35896,-8.2263 1.65454,-0.0740963 -5.4175,-0.603552;0.101432 0.0880117 0.0765744 0.0534919;0.0417316 0.0217599 0.0281453 0.00300066;1,0
368;1789210717281;-2.94959,-1.37733,-1.33411;-4.51446,-8.8666 2.35948,-8.22918 1.65451,-0.0733998 -5.41804,-0.603447;0.10134 0.0881245 0.0765744 0.0534981;0.0417316 0.0217599 0.0281453 0.00300066;1,0
369;1789210717338;-2.91293,-1.36426,-1.33274;-4.51751,-8.87124 2.36006,-8.23477 1.65419,-0.0722558 -5.41593,-0.602757;0.0978244 0.0822246 0.0752616 0.0528937;0.0387318 0.0217599 0.0276694 0.00300066;1,0
370;1789210717388;-2.75388,-1.32646,-1.33308;-4.51852,-8.87616 2.36014,-8.23553 1.65385,-0.0695624 -5.41986,-0.603285;0.0958777 0.0787273 0.0740481 0.0523773;0.0367395 0.0213843 0.0272209 0.00299989;1,0
371;1789210717437;-2.76727,-1.32868,-1.33129;-4.51615,-8.87736 2.35997,-8.23479 1.65345,-0.0698777 -5.41966,-0.603659;0.0958853 0.078676 0.0740425 0.0523757;0.0367395 0.0213843 0.0272209 0.00299989;1,0
372;1789210717483;-2.76228,-1.33159,-1.33077;-4.51811,-8.87767 2.36031,-8.23542 1.65338,-0.0700588 -5.4197,-0.603801;0.0959117 0.0786932 0.0740415 0.052376;0.0367395 0.0213843 0.0272209 0.00299989;1,0
373;1789210717539;-2.72608,-1.3235,-1.33087;-4.51842,-8.87875 2.36036,-8.23504 1.65327,-0.0703631 -5.41964,-0.603911;0.0959536 0.0786629 0.0740398 0.0523753;0.0367395 0.0213843 0.0272209 0.00299989;1,0
374;1789210717596;-2.68766,-1.316,-1.3316;-4.51861,-8.87979 2.36033,-8.23457 1.65324,-0.0706676 -5.41963,-0.603975;0.095995 0.0786292 0.0740392 0.0523751;0.0367395 0.0213843 0.0272209 0.00299989;1,0
375;1789210717646;-2.65445,-1.30897,-1.331;-4.51948,-8.88447 2.35927,-8.23412 1.64922,-0.0691266 -5.42555,-0.604145;0.0935939 0.075165 0.0729564 0.0519155;0.0346775 0.0210657 0.0268166 0.00299914;1,0
376;1789210717693;-2.52866,-1.27454,-1.33225;-4.52314,-8.89169 2.35871,-8.2334 1.64809,-0.0670783 -5.42696,-0.605158;0.0912027 0.0722107 0.0718276 0.051406;0.0329666 0.020719 0.0264162 0.00299834;1,0
377;1789210717744;-2.55296,-1.28268,-1.32942;-4.52305,-8.89093 2.35934,-8.23501 1.64731,-0.0673185 -5.42615,-0.605083;0.0911451 0.07227 0.0718177 0.0513968;0.0329666 0.020719 0.0264162 0.00299834;1,0
378;1789210717799;-2.53956,-1.28018,-1.32967;-4.52273,-8.89119 2.35951,-8.23531 1.64735,-0.0677071 -5.42645,-0.605204;0.0911389 0.0722731 0.0718179 0.0514003;0.0329666 0.020719 0.0264162 0.00299834;1,0
379;1789210717853;-2.50459,-1.27246,-1.3303;-4.52339,-8.89202 2.3596,-8.23539 1.64724,-0.0675296 -5.42608,-0.605426;0.0911681 0.0722601 0.0718166 0.0513962;0.0329666 0.020719 0.0264162 0.00299834;1,0
380;1789210717899;-2.47436,-1.26765,-1.32942;-4.52136,-8.89237 2.3594,-8.23498 1.64717,-0.0675305 -5.42617,-0.605889;0.0911529 0.0722366 0.0718154 0.051398;0.0329666 0.020719 0.0264162 0.00299834;1,0
381;1789210717948;-2.44058,-1.26316,-1.32823;-4.52104,-8.8937 2.35935,-8.23444 1.64723,-0.067807 -5.42629,-0.605863;0.0911925 0.0721964 0.071816 0.0513994;0.0329666 0.020719 0.0264162 0.00299834;1,0
382;1789210717999;-2.40778,-1.25523,-1.32962;-4.5247,-8.90129 2.35729,-8.23564 1.64533,-0.068076 -5.43506,-0.607231;0.0877778 0.0688293 0.0708774 0.0510118;0.0312315 0.0204305 0.0260641 0.00299755;1,0
383;1789210718058;-2.2516,-1.2248,-1.33116;-4.52921,-8.90547 2.35764,-8.23858 1.64337,-0.0686383 -5.4338,-0.607017;0.0852375 0.0668989 0.0699425 0.0505414;0.0299118 0.0201694 0.0257274 0.00299662;1,0
384;1789210718106;-2.27558,-1.23218,-1.3336;-4.52955,-8.90771 2.35713,-8.23685 1.64429,-0.0690095 -5.43441,-0.607384;0.085331 0.0668155 0.0699534 0.0505483;0.0299118 0.0201694 0.0257274 0.00299662;1,0
385;1789210718157;-2.28159,-1.23714,-1.33322;-4.52916,-8.90767 2.35731,-8.23736 1.64388,-0.0690529 -5.43354,-0.60742;0.0853126 0.066828 0.0699483 0.0505389;0.0299118 0.0201694 0.0257274 0.00299662;1,0
386;1789210718202;-2.24915,-1.23059,-1.33471;-4.52723,-8.90671 2.35742,-8.23819 1.64396,-0.0691278 -5.43406,-0.607625;0.0852441 0.06686 0.0699493 0.0505451;0.0299118 0.0201694 0.0257274 0.00299662;1,0
387;1789210718254;-2.21533,-1.22323,-1.34146;-4.52765,-8.90713 2.35741,-8.2381 1.64404,-0.0691763 -5.43371,-0.607782;0.085262 0.0668506 0.0699501 0.0505413;0.0299118 0.0201694 0.0257274 0.00299662;1,0
388;1789210718310;-2.17798,-1.21536,-1.35263;-4.52878,-8.90872 2.35717,-8.23701 1.64462,-0.0693598 -5.43386,-0.60795;0.0853387 0.0667978 0.0699571 0.0505429;0.0299118 0.0201694 0.0257274 0.00299662;1,0
389;1789210718363;-2.14773,-1.21139,-1.36666;-4.53606,-8.91294 2.35662,-8.23813 1.64315,-0.0701052 -5.4412,-0.608756;0.0826596 0.0648865 0.0690694 0.0501733;0.028651 0.0199285 0.0254096 0.00299575;1,0
390;1789210718406;-2.01782,-1.1851,-1.39732;-4.54265,-8.91425 2.35687,-8.2416 1.64179,-0.0710106 -5.4396,-0.608711;0.0804016 0.0636745 0.0682634 0.0497565;0.0278444 0.0197043 0.0251144 0.00299479;1,0
391;1789210718456;-2.04537,-1.19837,-1.40834;-4.54161,-8.91409 2.35681,-8.24192 1.64203,-0.0707563 -5.44008,-0.608848;0.0803774 0.0636797 0.0682663 0.0497619;0.0278444 0.0197043 0.0251144 0.00299479;1,0
392;1789210718505;-2.04034,-1.19705,-1.41154;-4.54269,-8.91543 2.35668,-8.24097 1.64213,-0.0710808 -5.43956,-0.608728;0.0804405 0.0636387 0.0682675 0.049756;0.0278444 0.0197043 0.0251144 0.00299479;1,0
393;1789210718565;-1.99885,-1.19266,-1.42969;-4.54106,-8.91364 2.35684,-8.24217 1.64189,-0.0710273 -5.43955,-0.608884;0.0803546 0.0636918 0.0682645 0.0497564;0.0278444 0.0197043 0.0251144 0.00299479;1,0
394;1789210718617;-1.96303,-1.18726,-1.44694;-4.54051,-8.91503 2.35681,-8.24159 1.64165,-0.0713186 -5.43927,-0.60844;0.080388 0.0636548 0.0682617 0.049753;0.0278444 0.0197043 0.0251144 0.00299479;1,0
395;1789210718668;-1.92168,-1.18108,-1.46557;-4.54253,-8.91554 2.35679,-8.24122 1.64204,-0.0713545 -5.43903,-0.608544;0.0804353 0.0636425 0.0682663 0.0497502;0.0278444 0.0197043 0.0251144 0.00299479;1,0
396;1789210718713;-1.89594,-1.18057,-1.48088;-4.55213,-8.91765 2.35659,-8.2436 1.64045,-0.0732198 -5.44541,-0.608917;0.0783254 0.0620482 0.0674845 0.0493974;0.0268935 0.0195066 0.024831 0.00299381;1,0
397;1789210718766;-1.75457,-1.17204,-1.57523;-4.55041,-8.91742 2.35692,-8.24448 1.63859,-0.0746111 -5.44593,-0.608991;0.0760974 0.0601217 0.0666911 0.0490327;0.026014 0.0193011 0.0245602 0.00299275;1,0
398;1789210718821;-1.76099,-1.18408,-1.58318;-4.54894,-8.91662 2.35703,-8.2456 1.63913,-0.0738626 -5.448,-0.609054;0.0760407 0.0601529 0.0666979 0.0490547;0.026014 0.0193011 0.0245602 0.00299275;1,0
399;1789210718872;-1.7531,-1.17946,-1.58122;-4.5515,-8.91769 2.35696,-8.24448 1.63834,-0.0742011 -5.44543,-0.609051;0.0761172 0.0601197 0.0666884 0.0490274;0.026014 0.0193011 0.0245602 0.00299275;1,0
400;1789210718925;-1.72774,-1.18583,-1.5993;-4.55147,-8.91791 2.35692,-8.24423 1.63847,-0.0742571 -5.4457,-0.609072;0.0761261 0.0601112 0.0666899 0.0490303;0.026014 0.0193011 0.0245602 0.00299275;1,0
401;1789210718975;-1.6935,-1.18776,-1.61641;-4.55226,-8.91693 2.35702,-8.24539 1.63915,-0.0736013 -5.44656,-0.609264;0.0760956 0.0601493 0.0666981 0.0490394;0.026014 0.0193011 0.0245602 0.00299275;1,0
402;1789210719024;-1.67185,-1.18483,-1.63137;-4.55322,-8.91824 2.35687,-8.24407 1.63922,-0.0740352 -5.44634,-0.60924;0.0761594 0.0601052 0.0666987 0.0490368;0.026014 0.0193011 0.0245602 0.00299275;1,0
403;1789210719073;-1.6373,-1.19107,-1.6447;-4.55336,-8.92366 2.35685,-8.24183 1.63687,-0.0717305 -5.45183,-0.61141;0.0734498 0.0580938 0.0660055 0.0486987;0.0251173 0.0191256 0.0243058 0.00299169;1,0
404;1789210719122;-1.51516,-1.21054,-1.71705;-4.54045,-8.92144 2.35732,-8.24099 1.63581,-0.0700581 -5.45592,-0.613245;0.0709793 0.05652 0.0653584 0.0483895;0.0243118 0.0189536 0.0240672 0.0029906;1,0
405;1789210719180;-1.52033,-1.21663,-1.69967;-4.54072,-8.92226 2.3573,-8.24033 1.63566,-0.0701207 -5.45608,-0.613185;0.0710091 0.0564976 0.0653567 0.0483911;0.0243118 0.0189536 0.0240672 0.0029906;1,0
406;1789210719228;-1.521,-1.21597,-1.69916;-4.54008,-8.92236 2.35725,-8.24012 1.63545,-0.0701814 -5.45619,-0.613194;0.0710067 0.0564913 0.0653542 0.0483924;0.0243118 0.0189536 0.0240672 0.0029906;1,0
407;1789210719278;-1.4862,-1.22016,-1.70889;-4.54397,-8.924 2.3572,-8.23924 1.63509,-0.069984 -5.45423,-0.613149;0.0711001 0.0564577 0.0653501 0.0483715;0.0243118 0.0189536 0.0240672 0.0029906;1,0
408;1789210719323;-1.46918,-1.22478,-1.7156;-4.54411,-8.92422 2.35723,-8.23907 1.63492,-0.0699633 -5.45416,-0.613136;0.0711087 0.0564525 0.0653481 0.0483708;0.0243118 0.0189536 0.0240672 0.0029906;1,0
409;1789210719382;-1.4277,-1.23231,-1.72738;-4.54048,-8.92238 2.3573,-8.24014 1.63542,-0.0698686 -5.45653,-0.613333;0.0710116 0.0564925 0.065354 0.0483959;0.0243118 0.0189536 0.0240672 0.0029906;1,0
410;1789210719435;-1.38076,-1.23686,-1.73693;-4.52391,-8.92886 2.35775,-8.23559 1.63268,-0.0656693 -5.46348,-0.615644;0.0692695 0.0552305 0.0648808 0.0482386;0.02361 0.0187997 0.023878 0.00298964;1,0
411;1789210719485;-1.2245,-1.25551,-1.75363;-4.51776,-8.93278 2.35768,-8.23205 1.63291,-0.0660114 -5.46481,-0.615293;0.0672653 0.054253 0.064176 0.0479084;0.0229632 0.0186336 0.02365 0.00298862;1,0
412;1789210719531;-1.21228,-1.24699,-1.73348;-4.51637,-8.93066 2.35785,-8.23376 1.63277,-0.064988 -5.46525,-0.615787;0.067184 0.0543087 0.0641747 0.0479136;0.0229632 0.0186336 0.02365 0.00298862;1,0
413;1789210719584;-1.21639,-1.2432,-1.72517;-4.51602,-8.93054 2.35786,-8.2337 1.63274,-0.0650501 -5.46545,-0.615853;0.0671788 0.0543093 0.0641744 0.0479157;0.0229632 0.0186336 0.02365 0.00298862;1,0
414;1789210719638;-1.18134,-1.25024,-1.7238;-4.51588,-8.93021 2.35786,-8.23391 1.63275,-0.0649438 -5.46556,-0.61594;0.0671679 0.0543169 0.0641745 0.0479169;0.0229632 0.0186336 0.02365 0.00298862;1,0
415;1789210719689;-1.1486,-1.25427,-1.72259;-4.5159,-8.93025 2.35785,-8.23388 1.63272,-0.0647991 -5.46558,-0.616009;0.0671695 0.0543158 0.0641741 0.0479172;0.0229632 0.0186336 0.02365 0.00298862;1,0
416;1789210719734;-1.11798,-1.25906,-1.72271;-4.50364,-8.93938 2.3575,-8.22641 1.63202,-0.0580145 -5.46929,-0.618917;0.0654567 0.052874 0.0638313 0.047756;0.0223425 0.0184963 0.0234887 0.00298765;1,0
417;1789210719783;-0.993424,-1.24952,-1.6922;-4.49968,-8.93942 2.35751,-8.22508 1.63461,-0.054403 -5.47028,-0.619369;0.0635092 0.051859 0.0632582 0.0474472;0.0217465 0.0183307 0.0232794 0.00298665;1,0
418;1789210719830;-0.871108,-1.22025,-1.68248;-4.49835,-8.94391 2.35731,-8.22145 1.63441,-0.0506849 -5.47036,-0.62101;0.061429 0.0507441 0.0625608 0.0471223;0.0211887 0.0182778 0.0230686 0.00298665;1,0
419;1789210719889;-0.918435,-1.21368,-1.67102;-4.49836,-8.94402 2.3573,-8.22148 1.63449,-0.0509001 -5.47037,-0.62084;0.0614304 0.0507428 0.0625617 0.0471223;0.0211887 0.0182778 0.0230686 0.00298665;1,0
420;1789210719939;-0.909231,-1.21439,-1.67153;-4.49843,-8.94374 2.35733,-8.22183 1.63458,-0.050789 -5.47036,-0.620836;0.0614214 0.0507515 0.0625627 0.0471221;0.0211887 0.0182778 0.0230686 0.00298665;1,0
421;1789210719990;-0.873505,-1.21832,-1.67143;-4.49847,-8.94356 2.35732,-8.22202 1.63463,-0.0508592 -5.47035,-0.620819;0.0614165 0.050756 0.0625632 0.047122;0.0211887 0.0182778 0.0230686 0.00298665;1,0
422;1789210720034;-0.837711,-1.21989,-1.67119;-4.4985,-8.94355 2.35731,-8.22199 1.6347,-0.051076 -5.47035,-0.620757;0.0614169 0.0507558 0.0625639 0.047122;0.0211887 0.0182778 0.0230686 0.00298665;1,0
423;1789210720087;-0.79894,-1.22452,-1.67191;-4.49601,-8.94263 2.3574,-8.22258 1.63463,-0.0513904 -5.47097,-0.620548;0.0613677 0.050773 0.062563 0.0471282;0.0211887 0.0182778 0.0230686 0.00298665;1,0
424;1789210720143;-0.764369,-1.2282,-1.67256;-4.49347,-8.93863 2.3577,-8.22553 1.63451,-0.0516449 -5.47163,-0.619268;0.0588171 0.049813 0.0618702 0.0468174;0.0205963 0.0182333 0.0228621 0.00298665;1,0
425;1789210720199;-0.575569,-1.24139,-1.67456;-4.49424,-8.93575 2.35787,-8.22735 1.63423,-0.0509337 -5.47162,-0.618291;0.0567144 0.0489393 0.0612149 0.0465059;0.020077 0.0181787 0.0226573 0.00298665;1,0
426;1789210720248;-0.578935,-1.23417,-1.67459;-4.49421,-8.93581 2.35784,-8.22731 1.63438,-0.0512315 -5.47163,-0.618177;0.0567156 0.0489378 0.0612165 0.0465059;0.020077 0.0181787 0.0226573 0.00298665;1,0
427;1789210720298;-0.580983,-1.23681,-1.674;-4.49424,-8.93565 2.35786,-8.22752 1.63446,-0.0513253 -5.47163,-0.618126;0.0567108 0.0489424 0.0612173 0.0465058;0.020077 0.0181787 0.0226573 0.00298665;1,0
428;1789210720346;-0.546645,-1.24009,-1.67445;-4.49424,-8.93536 2.35786,-8.22762 1.63456,-0.0514657 -5.47161,-0.61824;0.0567053 0.0489471 0.0612182 0.0465057;0.020077 0.0181787 0.0226573 0.00298665;1,0
429;1789210720397;-0.510257,-1.24504,-1.67428;-4.49421,-8.93573 2.35786,-8.22759 1.63461,-0.0516256 -5.47164,-0.617896;0.0567107 0.0489422 0.0612189 0.0465058;0.020077 0.0181787 0.0226573 0.00298665;1,0
430;1789210720449;-0.472611,-1.24767,-1.67572;-4.49427,-8.93511 2.35795,-8.22871 1.63524,-0.0509657 -5.47163,-0.617841;0.0550852 0.0483225 0.0605595 0.0462164;0.0196484 0.0181343 0.0224577 0.00298661;1,0
431;1789210720506;3.04956,-1.52463,2.93759;-4.18581,3.39482 -4.14781,-3.49395 4.06323,-3.5644 4.18581,3.5644;0.0538775 0.0477457 0.0598779 0.0458766;0.0192802 0.0180883 0.0222492 0.0029866;1,1
432;1789210720554;3.04845,-1.5507,2.92817;-4.18522,3.39427 -4.1426,-3.49418 4.06736,-3.56314 4.18455,3.56467;0.0538997 0.0477213 0.0598962 0.0458494;0.0192802 0.0180883 0.0222492 0.0029866;1,1
433;1789210720605;3.34614,-1.1984,2.93908;-4.19188,3.39417 -4.14083,-3.49439 4.06423,-3.5618 4.18401,3.56116;0.0536617 0.04751 0.0595881 0.045719;0.0191792 0.0180661 0.02218 0.00298658;1,1
434;1789210720651;3.18159,-1.17682,2.92238;-4.19612,3.39335 -4.14346,-3.49408 4.06483,-3.56186 4.18235,3.5597;0.0533597 0.0473207 0.0590077 0.0455052;0.0190553 0.0180142 0.0220604 0.00298658;1,1
435;1789210720704;3.11437,-1.16682,2.90252;-4.19565,3.38985 -4.14393,-3.49408 4.06453,-3.56189 4.18251,3.5611;0.0533191 0.0473258 0.0590056 0.0455211;0.0190553 0.0180142 0.0220604 0.00298658;1,1
436;1789210720756;3.10933,-1.17332,2.89736;-4.19646,3.39411 -4.14342,-3.49409 4.06495,-3.56176 4.1822,3.5595;0.0533696 0.0473187 0.0590083 0.0455018;0.0190553 0.0180142 0.0220604 0.00298658;1,1
437;1789210720807;3.10148,-1.20873,2.88318;-4.19604,3.39088 -4.14374,-3.49408 4.06456,-3.56189 4.18242,3.56082;0.0533329 0.0473225 0.0590063 0.0455177;0.0190553 0.0180142 0.0220604 0.00298658;1,1
438;1789210720855;3.08967,-1.23712,2.86491;-4.20348,3.38877 -4.14425,-3.49414 4.06324,-3.56163 4.18005,3.5624;0.0519095 0.0467448 0.0582786 0.0451668;0.0187111 0.0179713 0.0218477 0.00298658;1,1
439;1789210720903;3.01336,-1.3353,2.8088;-4.20278,3.38865 -4.14424,-3.49411 4.0648,-3.5614 4.18019,3.56272;0.0507132 0.0463218 0.0575329 0.0447028;0.0183896 0.0179498 0.0216173 0.00298658;1,1
440;1789210720956;3.00602,-1.34108,2.79701;-4.20227,3.38491 -4.1446,-3.49413 4.0645,-3.56126 4.18049,3.56379;0.0506738 0.0463263 0.0575281 0.044716;0.0183896 0.0179498 0.0216173 0.00298658;1,1
441;1789210721014;3.00085,-1.35193,2.78794;-4.20246,3.38723 -4.1444,-3.49414 4.0648,-3.56129 4.18028,3.563;0.0506973 0.0463245 0.0575313 0.0447059;0.0183896 0.0179498 0.0216173 0.00298658;1,1
442;1789210721063;2.99054,-1.38395,2.76996;-4.20214,3.38575 -4.14454,-3.49412 4.06473,-3.56128 4.18027,3.56344;0.0506811 0.0463266 0.0575309 0.0447103;0.0183896 0.0179498 0.0216173 0.00298658;1,1
443;1789210721112;2.97724,-1.41463,2.74946;-4.20251,3.38694 -4.1443,-3.49413 4.06479,-3.56133 4.18035,3.56309;0.0506954 0.0463236 0.0575312 0.0447072;0.0183896 0.0179498 0.0216173 0.00298658;1,1
444;1789210721162;2.96452,-1.44553,2.72875;-4.2038,3.38842 -4.14298,-3.49439 4.06636,-3.56105 4.17966,3.56302;0.0499254 0.0459469 0.0569331 0.0443511;0.0181487 0.0179362 0.0214147 0.00298658;1,1
445;1789210721218;2.90233,-1.59048,2.63361;-4.20531,3.39456 -4.14162,-3.49483 4.06886,-3.55996 4.17806,3.56005;0.0490018 0.045535 0.0562817 0.0439591;0.0178553 0.0178163 0.0212072 0.00298551;1,1
446;1789210721269;2.89784,-1.58224,2.63378;-4.20544,3.39767 -4.14157,-3.49479 4.06974,-3.56026 4.17774,3.55917;0.0490296 0.0455339 0.0562912 0.0439448;0.0178553 0.0178163 0.0212072 0.00298551;1,1
447;1789210721318;2.90509,-1.57957,2.63874;-4.20531,3.39687 -4.14152,-3.49477 4.0697,-3.56035 4.17782,3.55936;0.0490222 0.0455342 0.0562914 0.0439472;0.0178553 0.0178163 0.0212072 0.00298551;1,1
448;1789210721363;2.88925,-1.60556,2.61829;-4.20544,3.39722 -4.14132,-3.49479 4.06965,-3.5603 4.17793,3.55903;0.0490269 0.0455327 0.05629 0.0439452;0.0178553 0.0178163 0.0212072 0.00298551;1,1
449;1789210721416;2.87076,-1.63774,2.59279;-4.20507,3.39636 -4.14151,-3.49483 4.06977,-3.56015 4.17784,3.55902;0.0490165 0.0455357 0.0562897 0.0439441;0.0178553 0.0178163 0.0212072 0.00298551;1,1
450;1789210721461;2.85322,-1.66479,2.57199;-4.20538,3.39732 -4.1413,-3.49481 4.06987,-3.56017 4.17794,3.55864;0.0490273 0.0455331 0.0562899 0.0439407;0.0178553 0.0178163 0.0212072 0.00298551;1,1
451;1789210721518;2.8323,-1.69916,2.54376;-4.20908,3.38148 -4.13975,-3.49526 4.07276,-3.55926 4.17541,3.56567;0.0483156 0.0452127 0.055865 0.0436657;0.0176057 0.0176957 0.0210196 0.00298435;1,1
452;1789210721573;2.73858,-1.83006,2.42853;-4.2103,3.36488 -4.13947,-3.49567 4.07366,-3.55847 4.1743,3.57033;0.0475567 0.0449362 0.055308 0.0433454;0.0173913 0.0175856 0.0208169 0.00298328;1,1
453;1789210721628;2.72061,-1.8214,2.42549;-4.21038,3.36319 -4.13932,-3.49549 4.07364,-3.55848 4.17452,3.57069;0.0475455 0.0449335 0.0553068 0.04335;0.0173913 0.0175856 0.0208169 0.00298328;1,1
454;1789210721673;2.7238,-1.83212,2.41997;-4.2092,3.358 -4.13992,-3.49561 4.07306,-3.55849 4.17461,3.57204;0.0475027 0.0449428 0.0553035 0.0433655;0.0173913 0.0175856 0.0208169 0.00298328;1,1
455;1789210721725;2.69515,-1.8407,2.40032;-4.20987,3.36277 -4.13955,-3.49568 4.07349,-3.5586 4.17457,3.57045;0.0475393 0.0449387 0.0553069 0.043349;0.0173913 0.0175856 0.0208169 0.00298328;1,1
456;1789210721769;2.67915,-1.86362,2.37817;-4.21027,3.36491 -4.13928,-3.49572 4.07363,-3.55846 4.17461,3.56942;0.0475566 0.0449358 0.055306 0.0433395;0.0173913 0.0175856 0.0208169 0.00298328;1,1
457;1789210721823;2.65333,-1.89091,2.34525;-4.21419,3.35645 -4.13851,-3.49645 4.07628,-3.55721 4.1716,3.57234;0.047185 0.0447542 0.054911 0.0431446;0.0172123 0.0174791 0.0206544 0.00298212;1,1
458;1789210721876;2.57045,-1.95378,2.25765;-4.21457,3.32463 -4.13856,-3.49687 4.07721,-3.55659 4.1695,3.5815;0.0465366 0.044585 0.0543515 0.0428924;0.0170461 0.0173723 0.0204564 0.00298083;1,1
459;1789210721930;2.55103,-1.94644,2.25487;-4.21664,3.32927 -4.13762,-3.49687 4.07761,-3.55648 4.17019,3.57993;0.0465708 0.0445712 0.0543487 0.0428801;0.0170461 0.0173723 0.0204564 0.00298083;1,1
460;1789210721972;2.56795,-1.94473,2.259;-4.21655,3.33708 -4.13781,-3.49685 4.07954,-3.55677 4.16863,3.57731;0.046615 0.0445729 0.0543695 0.0428399;0.0170461 0.0173723 0.0204564 0.00298083;1,1
461;1789210722025;2.54954,-1.95072,2.23476;-4.21642,3.33627 -4.13788,-3.49683 4.07959,-3.55673 4.1685,3.57764;0.0466096 0.0445736 0.0543702 0.0428419;0.0170461 0.0173723 0.0204564 0.00298083;1,1
462;1789210722075;2.52134,-1.9684,2.2022;-4.21646,3.3351 -4.13788,-3.49685 4.07936,-3.55669 4.16872,3.57815;0.0466031 0.0445735 0.0543675 0.0428485;0.0170461 0.0173723 0.0204564 0.00298083;1,1
463;1789210722127;2.4903,-1.99139,2.16681;-4.21611,3.33444 -4.13797,-3.49689 4.07926,-3.55661 4.16853,3.57834;0.0465978 0.0445758 0.0543672 0.0428497;0.0170461 0.0173723 0.0204564 0.00298083;1,1
464;1789210722181;2.45598,-2.00831,2.13006;-4.22046,3.3226 -4.13676,-3.49725 4.08133,-3.55578 4.16593,3.58291;0.0463802 0.0445006 0.0539977 0.042732;0.0169696 0.0172874 0.020318 0.00297974;1,1
465;1789210722232;2.31409,-2.09128,1.95863;-4.22353,3.30963 -4.13604,-3.49773 4.08566,-3.55508 4.16322,3.58562;0.0456497 0.0442871 0.0532806 0.0423401;0.0168135 0.0171847 0.0200899 0.00297842;1,1
466;1789210722278;2.33355,-2.07835,1.971;-4.22382,3.30767 -4.13562,-3.49769 4.08506,-3.55527 4.16366,3.58665;0.0456425 0.0442837 0.053277 0.0423538;0.0168135 0.0171847 0.0200899 0.00297842;1,1
467;1789210722327;2.32724,-2.08535,1.95893;-4.2238,3.30775 -4.13563,-3.49769 4.08503,-3.55529 4.16368,3.58658;0.0456427 0.0442838 0.0532769 0.0423534;0.0168135 0.0171847 0.0200899 0.00297842;1,1
468;1789210722377;2.29499,-2.09808,1.92334;-4.22393,3.30945 -4.13558,-3.49769 4.08521,-3.55534 4.16359,3.58601;0.0456513 0.0442832 0.0532787 0.0423472;0.0168135 0.0171847 0.0200899 0.00297842;1,1
469;1789210722429;2.26226,-2.11322,1.88491;-4.22378,3.30791 -4.13565,-3.49768 4.085,-3.55531 4.1637,3.58647;0.0456433 0.044284 0.0532768 0.0423527;0.0168135 0.0171847 0.0200899 0.00297842;1,1
470;1789210722482;2.22406,-2.1203,1.84265;-4.22396,3.31014 -4.13557,-3.49769 4.08526,-3.55535 4.16356,3.58573;0.0456546 0.0442831 0.0532792 0.0423444;0.0168135 0.0171847 0.0200899 0.00297842;1,1
471;1789210722533;2.1921,-2.13298,1.80518;-4.22827,3.29581 -4.13367,-3.49808 4.0876,-3.55497 4.16065,3.59074;0.0454285 0.0441953 0.0528744 0.0422241;0.0167138 0.0170924 0.0199296 0.00297721;1,1
472;1789210722578;2.01453,-2.18402,1.60569;-4.22385,3.27798 -4.13598,-3.49846 4.0833,-3.55442 4.16277,3.59516;0.0445746 0.0440397 0.0520637 0.0419617;0.01655 0.0169921 0.0197002 0.0029757;1,1
473;1789210722630;1.94732,-2.1497,1.62225;-4.22809,3.29438 -4.1337,-3.49814 4.08811,-3.55526 4.16062,3.59012;0.0446647 0.044011 0.0521056 0.0418857;0.01655 0.0169921 0.0197002 0.0029757;1,1
474;1789210722680;1.98278,-2.19981,1.56243;-4.22851,3.29548 -4.13341,-3.49812 4.08787,-3.55533 4.16087,3.58955;0.0446716 0.0440079 0.0521037 0.0418833;0.01655 0.0169921 0.0197002 0.0029757;1,1
475;1789210722742;1.93612,-2.20274,1.51251;-4.22845,3.29578 -4.13345,-3.49811 4.08766,-3.55538 4.16096,3.58928;0.0446726 0.0440084 0.0521026 0.0418826;0.01655 0.0169921 0.0197002 0.0029757;1,1
476;1789210723048;1.97376,2.20728,-1.556;-4.22823,3.28001 -4.1334,-3.50132 4.08687,-3.55057 4.16083,3.59748;0.044603 0.0440296 0.0520573 0.0419538;0.01655 0.0169921 0.0197002 0.0029757;1,1
477;1789210723097;0.000762196,0.0335824,-0.0371333;-4.22842,3.27197 -4.13209,-3.50483 4.0875,-3.54502 4.16151,3.59954;0.0445704 0.0440463 0.0520082 0.0419721;0.01655 0.0169921 0.0197002 0.0029757;1,1
478;1789210723148;0.00269716,0.0682358,-0.0765655;-4.22847,3.27512 -4.13209,-3.50474 4.08722,-3.54597 4.15993,3.59859;0.0445839 0.0440462 0.0520231 0.0419577;0.01655 0.0169921 0.0197002 0.0029757;1,1
479;1789210723192;0.0044227,0.0651735,-0.0724316;-4.22847,3.27512 -4.13209,-3.50474 4.08722,-3.54597 4.15993,3.59859;0.0445839 0.0440462 0.0520231 0.0419577;0.01655 0.0169921 0.0197002 0.0029757;1,1
480;1789210723245;0.00843859,0.102212,-0.113305;-4.22847,3.27512 -4.13209,-3.50474 4.08722,-3.54597 4.15993,3.59859;0.0445839 0.0440462 0.0520231 0.0419577;0.01655 0.0169921 0.0197002 0.0029757;1,1
481;1789210723300;0.0136653,0.140504,-0.157981;-4.22847,3.27513 -4.13209,-3.50474 4.08722,-3.54598 4.15994,3.59859;0.0445839 0.0440462 0.0520231 0.0419577;0.01655 0.0169921 0.0197002 0.0029757;1,1
482;1789210723352;0.0320859,0.276728,-0.313588;-4.22847,3.27513 -4.13209,-3.50474 4.08722,-3.54598 4.15994,3.59859;0.0445839 0.0440462 0.0520231 0.0419577;0.01655 0.0169921 0.0197002 0.0029757;1,1
483;1789210723397;0.0415957,0.306106,-0.348747;-4.22847,3.27513 -4.13209,-3.50474 4.08722,-3.54598 4.15994,3.59859;0.0445839 0.0440462 0.0520231 0.0419577;0.01655 0.0169921 0.0197002 0.0029757;1,1
484;1789210723449;0.0428704,0.3063,-0.347307;-4.22847,3.27513 -4.13209,-3.50474 4.08722,-3.54598 4.15994,3.59859;0.0445839 0.0440462 0.0520231 0.0419577;0.01655 0.0169921 0.0197002 0.0029757;1,1
485;1789210723504;0.056345,0.342099,-0.389468;-4.22847,3.27513 -4.13209,-3.50474 4.08722,-3.54598 4.15994,3.59859;0.0445839 0.0440462 0.0520231 0.0419577;0.01655 0.0169921 0.0197002 0.0029757;1,1
486;1789210723705;0.121482,0.463775,-0.544773;-4.22835,3.28318 -4.13257,-3.49825 4.08721,-3.55497 4.16123,3.59699;0.0446196 0.0440051 0.0520958 0.0419494;0.01655 0.0169921 0.0197002 0.0029757;1,1
487;1789210723764;0.00142008,0.040479,-0.0463065;-4.22835,3.28318 -4.13256,-3.49825 4.08721,-3.55497 4.16123,3.59699;0.0446196 0.0440051 0.0520958 0.0419493;0.01655 0.0169921 0.0197002 0.0029757;1,1
488;1789210723810;0.00351994,0.0712027,-0.0849519;-4.22835,3.28318 -4.13256,-3.49825 4.08721,-3.55497 4.16123,3.59699;0.0446196 0.0440051 0.0520958 0.0419493;0.01655 0.0169921 0.0197002 0.0029757;1,1
489;1789210723859;0.0040365,0.0643023,-0.0776392;-4.22835,3.28318 -4.13256,-3.49825 4.08721,-3.55497 4.16123,3.59699;0.0446196 0.0440051 0.0520958 0.0419493;0.01655 0.0169921 0.0197002 0.0029757;1,1
490;1789210723910;0.00726696,0.0994739,-0.117416;-4.22835,3.28318 -4.13256,-3.49825 4.08721,-3.55497 4.16123,3.59699;0.0446196 0.0440051 0.0520958 0.0419493;0.01655 0.0169921 0.0197002 0.0029757;1,1
491;1789210723959;0.0115563,0.132962,-0.155128;-4.22835,3.28318 -4.13256,-3.49825 4.08721,-3.55497 4.16123,3.59699;0.0446196 0.0440051 0.0520958 0.0419493;0.01655 0.0169921 0.0197002 0.0029757;1,1
492;1789210724013;0.0182531,0.169806,-0.19675;-4.22835,3.28318 -4.13256,-3.49825 4.08721,-3.55497 4.16123,3.59699;0.0446196 0.0440051 0.0520958 0.0419493;0.01655 0.0169921 0.0197002 0.0029757;1,1
493;1789210724065;0.0427686,0.336005,-0.39185;-4.22835,3.28318 -4.13256,-3.49825 4.08721,-3.55497 4.16123,3.59699;0.0446196 0.0440051 0.0520958 0.0419493;0.01655 0.0169921 0.0197002 0.0029757;1,1
494;1789210724115;0.0565075,0.367296,-0.430431;-4.22835,3.28318 -4.13256,-3.49825 4.08721,-3.55497 4.16123,3.59699;0.0446196 0.0440051 0.0520958 0.0419493;0.01655 0.0169921 0.0197002 0.0029757;1,1
495;1789210724422;-0.0302195,0.300326,-2.78853;-4.22835,3.28318 -4.13256,-3.49825 4.08721,-3.55497 4.16123,3.59699;0.0446196 0.0440051 0.0520958 0.0419493;0.01655 0.0169921 0.0197002 0.0029757;1,1
496;1789210724470;0.000306549,0.0333389,-0.0290666;-4.22835,3.28318 -4.13256,-3.49825 4.08721,-3.55497 4.16123,3.59699;0.0446196 0.0440051 0.0520958 0.0419493;0.01655 0.0169921 0.0197002 0.0029757;1,1
497;1789210724515;0.00102866,0.0636177,-0.0518174;-4.22835,3.28318 -4.13256,-3.49825 4.08721,-3.55497 4.16123,3.59699;0.0446196 0.0440051 0.0520958 0.0419493;0.01655 0.0169921 0.0197002 0.0029757;1,1
498;1789210724568;0.00135715,0.065755,-0.0434172;-4.22884,3.28316 -4.13186,-3.49826 4.08721,-3.55497 4.16123,3.59699;0.044622 0.0440001 0.0520958 0.0419493;0.01655 0.0169921 0.0197002 0.0029757;1,1
499;1789210724624;0.00270269,0.10412,-0.0593369;-4.2281,3.28319 -4.13244,-3.49825 4.08721,-3.55497 4.16123,3.59699;0.0446191 0.0440056 0.0520958 0.0419493;0.01655 0.0169921 0.0197002 0.0029757;1,1
500;1789210724929;-0.000537336,0.0643573,-3.08277;-4.2281,3.28319 -4.13244,-3.49825 4.08061,-3.55492 4.16566,3.59716;0.0446191 0.0440056 0.0520403 0.0420031;0.01655 0.0169921 0.0197002 0.0029757;1,1
501;1789210724988;5.15634e-05,0.0426135,-0.000660746;-4.2281,3.28319 -4.13244,-3.49825 4.08085,-3.55493 4.16525,3.59714;0.0446191 0.0440056 0.0520436 0.0419999;0.01655 0.0169921 0.0197002 0.0029757;1,1
502;1789210725042;-3.46415e-05,0.0816305,-0.000346952;-4.22551,3.28329 -4.13512,-3.49824 4.08537,-3.55496 4.16205,3.59702;0.0446082 0.0440279 0.0520824 0.0419622;0.01655 0.0169921 0.0197002 0.0029757;1,1
503;1789210725094;-0.000257478,0.076296,0.00153123;-4.22525,3.2833 -4.13528,-3.49824 4.08624,-3.55496 4.1611,3.59699;0.0446073 0.0440297 0.0520916 0.0419533;0.01655 0.0169921 0.0197002 0.0029757;1,1
504;1789210725138;-0.000446458,0.107746,0.00704283;-4.22885,3.27651 -4.1317,-3.49826 4.08977,-3.55499 4.15897,3.5993;0.0445932 0.043999 0.0521203 0.041946;0.01655 0.0169921 0.0197002 0.0029757;1,1
505;1789210725442;0.000548579,0.0710096,-3.13167;-4.22885,3.27651 -4.1317,-3.49826 4.08138,-3.55493 4.16492,3.59953;0.0445932 0.043999 0.052048 0.042016;0.01655 0.0169921 0.0197002 0.0029757;1,1
506;1789210725498;-0.000251775,0.0405391,0.0201793;-4.22187,3.27677 -4.13757,-3.49822 4.08666,-3.55497 4.16071,3.59937;0.0445682 0.0440535 0.0520958 0.0419696;0.01655 0.0169921 0.0197002 0.0029757;1,1
507;1789210725547;-0.00220324,0.0762701,0.0391362;-4.22518,3.27665 -4.13535,-3.49823 4.08994,-3.55499 4.15675,3.59921;0.044579 0.0440299 0.0521324 0.0419339;0.01655 0.0169921 0.0197002 0.0029757;1,1
508;1789210725597;-0.00256007,0.0722329,0.0389168;-4.22593,3.27662 -4.13468,-3.49824 4.0911,-3.555 4.15549,3.59916;0.0445818 0.0440238 0.0521446 0.0419221;0.01655 0.0169921 0.0197002 0.0029757;1,1
509;1789210725642;-0.00361756,0.104741,0.0576664;-4.22593,3.27662 -4.13468,-3.49824 4.08615,-3.55496 4.15936,3.59931;0.0445818 0.0440238 0.0521 0.0419651;0.01655 0.0169921 0.0197002 0.0029757;1,1
510;1789210725956;0.0060721,0.0699691,-3.05419;-4.22586,3.27096 -4.1347,-3.49696 4.08462,-3.55409 4.16288,3.60107;0.0445582 0.0440135 0.0520669 0.0420043;0.01655 0.0169921 0.0197002 0.0029757;1,1
511;1789210726005;-0.000930196,0.0339311,0.0322074;-4.2276,3.26973 -4.13303,-3.49798 4.08856,-3.55183 4.15908,3.59889;0.0445562 0.0440052 0.0520857 0.0419504;0.01655 0.0169921 0.0197002 0.0029757;1,1
512;1789210726056;-0.00272103,0.06888,0.0661694;-4.22722,3.27678 -4.13327,-3.49884 4.0901,-3.54983 4.15753,3.59815;0.0445863 0.0440136 0.0520835 0.0419287;0.01655 0.0169921 0.0197002 0.0029757;1,1
513;1789210726106;-0.00337794,0.0659552,0.0675601;-4.22851,3.27626 -4.13241,-3.49881 4.09,-3.54986 4.1577,3.59825;0.0445886 0.0440042 0.0520823 0.0419308;0.01655 0.0169921 0.0197002 0.0029757;1,1
514;1789210726152;-0.00536255,0.0948496,0.0989624;-4.22755,3.27743 -4.13304,-3.49882 4.08939,-3.54984 4.15836,3.59808;0.0445904 0.0440111 0.0520758 0.0419353;0.01655 0.0169921 0.0197002 0.0029757;1,1
515;1789210726460;0.00869305,0.0651212,-3.00561;-4.22726,3.27639 -4.13188,-3.4989 4.08935,-3.55419 4.15835,3.59729;0.0445853 0.0440108 0.0521141 0.0419292;0.01655 0.0169921 0.0197002 0.0029757;1,1
516;1789210726511;-0.000620842,0.0288125,0.038514;-4.22148,3.27576 -4.13561,-3.49782 4.08818,-3.55389 4.16023,3.59499;0.0445587 0.0440429 0.052096 0.0419256;0.01655 0.0169921 0.0197002 0.0029757;1,1
517;1789210726557;-0.00227965,0.0546088,0.0708691;-4.22049,3.28059 -4.13634,-3.49725 4.08934,-3.55378 4.1591,3.59377;0.0445757 0.0440461 0.0521064 0.0419041;0.01655 0.0169921 0.0197002 0.0029757;1,1
518;1789210726606;-0.00298727,0.0527394,0.0663929;-4.22083,3.28018 -4.13608,-3.49719 4.0894,-3.55377 4.15888,3.59403;0.0445754 0.044043 0.0521078 0.0419049;0.01655 0.0169921 0.0197002 0.0029757;1,1
519;1789210726656;-0.00511843,0.080417,0.101205;-4.22118,3.28152 -4.13586,-3.49809 4.08892,-3.55351 4.15946,3.59345;0.044582 0.0440475 0.0521001 0.0419052;0.01655 0.0169921 0.0197002 0.0029757;1,1
520;1789210726967;0.00339341,0.0522501,3.076;-4.22883,3.27197 -4.13015,-3.4987 4.08892,-3.55386 4.15952,3.59901;0.0445736 0.0439948 0.0521032 0.0419513;0.01655 0.0169921 0.0197002 0.0029757;1,1
521;1789210727016;-0.00116833,0.027003,0.0339323;-4.22203,3.26542 -4.13397,-3.49748 4.08802,-3.55393 4.1605,3.59855;0.0445218 0.0440303 0.0520944 0.0419579;0.01655 0.0169921 0.0197002 0.0029757;1,1
522;1789210727064;-0.00273271,0.0541464,0.0669978;-4.21971,3.26738 -4.13562,-3.49804 4.08816,-3.55397 4.16035,3.59798;0.0445219 0.0440519 0.0520961 0.0419516;0.01655 0.0169921 0.0197002 0.0029757;1,1
523;1789210727120;-0.00315795,0.0589046,0.0718315;-4.22006,3.2681 -4.13539,-3.49777 4.08814,-3.55404 4.1603,3.59778;0.0445258 0.0440474 0.0520969 0.0419497;0.01655 0.0169921 0.0197002 0.0029757;1,1
524;1789210727170;-0.00620458,0.0873435,0.106847;-4.2195,3.26326 -4.13572,-3.49805 4.08798,-3.55393 4.16046,3.59931;0.044506 0.044053 0.0520944 0.0419643;0.01655 0.0169921 0.0197002 0.0029757;1,1
525;1789210727475;0.00970483,-0.114946,-3.01644;-4.23035,3.26543 -4.12872,-3.49942 4.08798,-3.55385 4.16048,3.60132;0.0445528 0.0439875 0.0520938 0.0419799;0.01655 0.0169921 0.0197002 0.0029757;1,1
526;1789210727535;-0.000126879,0.033945,0.017201;-4.22639,3.25635 -4.13026,-3.49844 4.08278,-3.55356 4.16303,3.60209;0.0445032 0.0440025 0.0520525 0.0420248;0.01655 0.0169921 0.0197002 0.0029757;1,1
527;1789210727584;-0.000457725,0.0617804,0.0262132;-4.23119,3.25192 -4.12481,-3.49839 4.08739,-3.55401 4.15907,3.60301;0.0445033 0.043959 0.0520995 0.0419921;0.01655 0.0169921 0.0197002 0.0029757;1,1
528;1789210727635;-0.000677227,0.0562656,0.0155153;-4.2313,3.25294 -4.12469,-3.49848 4.08771,-3.5538 4.15913,3.60305;0.0445079 0.0439587 0.0520988 0.0419909;0.01655 0.0169921 0.0197002 0.0029757;1,1
529;1789210727679;-0.00106341,0.0803934,0.0196198;-4.23124,3.25243 -4.12476,-3.49829 4.08755,-3.55412 4.15911,3.60271;0.0445051 0.043958 0.052101 0.041989;0.01655 0.0169921 0.0197002 0.0029757;1,1
530;1789210727731;-0.00170397,0.109993,0.0244695;-4.23119,3.25406 -4.12486,-3.49841 4.08674,-3.55392 4.1597,3.60237;0.0445112 0.0439595 0.0520922 0.0419927;0.01655 0.0169921 0.0197002 0.0029757;1,1
531;1789210727777;-0.00252417,0.135718,0.0325874;-4.23659,3.24264 -4.11677,-3.49904 4.088,-3.55293 4.15611,3.60511;0.0444889 0.0439072 0.0521079 0.0419936;0.01655 0.0169921 0.0197002 0.0029757;1,1
532;1789210727843;-0.00775411,0.281778,0.070679;-4.24181,3.22975 -4.10885,-3.49986 4.0919,-3.55155 4.15128,3.60878;0.0444619 0.0438585 0.0521398 0.0419839;0.01655 0.0169921 0.0197002 0.0029757;1,1
533;1789210727900;-0.0118713,0.312649,0.0881774;-4.24186,3.23053 -4.10878,-3.4996 4.09072,-3.55211 4.15122,3.60806;0.0444642 0.0438566 0.0521392 0.0419833;0.01655 0.0169921 0.0197002 0.0029757;1,1
534;1789210727951;-0.0105218,0.306267,0.0953807;-4.24141,3.22964 -4.10878,-3.49946 4.09046,-3.55203 4.15186,3.60863;0.0444603 0.0438572 0.0521339 0.0419923;0.01655 0.0169921 0.0197002 0.0029757;1,1
535;1789210728146;-0.0287098,0.412398,0.183287;-4.23321,3.27003 -4.12623,-3.49935 4.0886,-3.55201 4.15866,3.60106;0.0445847 0.0439637 0.0520897 0.0419654;0.01655 0.0169921 0.0197002 0.0029757;1,1
536;1789210728200;-0.000689724,0.029031,0.025104;-4.23775,3.26519 -4.1191,-3.49857 4.08228,-3.55459 4.1606,3.60136;0.0445851 0.0439115 0.0520714 0.0420077;0.01655 0.0169921 0.0197002 0.0029757;1,1
537;1789210728251;-0.00219328,0.0561185,0.0493671;-4.23916,3.26208 -4.11705,-3.49878 4.08389,-3.55454 4.15883,3.60258;0.044579 0.0438988 0.0520879 0.042002;0.01655 0.0169921 0.0197002 0.0029757;1,1
538;1789210728296;-0.00236394,0.0505257,0.0459716;-4.239,3.26128 -4.11728,-3.49875 4.08392,-3.55452 4.15898,3.60304;0.044575 0.0439001 0.0520872 0.0420063;0.01655 0.0169921 0.0197002 0.0029757;1,1
539;1789210728605;0.0021496,0.0262459,3.12088;-4.23252,3.27555 -4.12664,-3.49949 4.08394,-3.55313 4.15895,3.59956;0.0446068 0.0439705 0.0520749 0.0419758;0.01655 0.0169921 0.0197002 0.0029757;1,1
540;1789210728658;-0.000882612,0.0273423,0.0287011;-4.23303,3.27732 -4.12438,-3.4984 4.08462,-3.5522 4.16246,3.59859;0.0446195 0.0439501 0.0520522 0.0419814;0.01655 0.0169921 0.0197002 0.0029757;1,1
541;1789210728708;-0.00227219,0.0530347,0.0549748;-4.23301,3.28027 -4.12447,-3.49834 4.08358,-3.55274 4.16312,3.59648;0.0446314 0.0439507 0.0520484 0.0419722;0.01655 0.0169921 0.0197002 0.0029757;1,1
542;1789210728759;-0.00280954,0.0523303,0.053539;-4.2328,3.27979 -4.12476,-3.49833 4.08299,-3.55274 4.16326,3.59676;0.0446281 0.0439527 0.0520448 0.0419779;0.01655 0.0169921 0.0197002 0.0029757;1,1
543;1789210728806;-0.00445147,0.0767461,0.0786647;-4.2328,3.27999 -4.12476,-3.49854 4.08269,-3.55242 4.16337,3.59694;0.0446294 0.043954 0.05204 0.0419812;0.01655 0.0169921 0.0197002 0.0029757;1,1
544;1789210728863;-0.00702682,0.106125,0.109269;-4.23299,3.27957 -4.12449,-3.49847 4.08303,-3.5525 4.16323,3.59702;0.0446284 0.0439516 0.052043 0.0419797;0.01655 0.0169921 0.0197002 0.0029757;1,1
545;1789210728912;-0.0100827,0.131747,0.134484;-4.233,3.28092 -4.12446,-3.49875 4.07462,-3.55191 4.16739,3.59503;0.0446325 0.0439533 0.0519753 0.0420234;0.01655 0.0169921 0.0197002 0.0029757;1,1
546;1789210728962;-0.0223444,0.263285,0.269878;-4.2329,3.28194 -4.12457,-3.499 4.06792,-3.55138 4.17083,3.59332;0.0446347 0.0439558 0.0519204 0.0420581;0.01655 0.0169921 0.0197002 0.0029757;1,1
547;1789210729009;-0.0270001,0.288501,0.294771;-4.23295,3.28086 -4.12439,-3.49903 4.058,-3.55119 4.1754,3.59406;0.0446303 0.0439549 0.0518476 0.0421335;0.01655 0.0169921 0.0197002 0.0029757;1,1
548;1789210729060;-0.022558,0.287876,0.297083;-4.2329,3.28263 -4.12458,-3.49903 4.06766,-3.55139 4.17106,3.59305;0.0446379 0.0439562 0.051918 0.0420582;0.01655 0.0169921 0.0197002 0.0029757;1,1
549;1789210729264;-0.0633635,0.385852,0.399938;-4.22973,3.27963 -4.13122,-3.49899 4.07624,-3.55145 4.16548,3.59749;0.0446085 0.0439967 0.0519889 0.0420264;0.01655 0.0169921 0.0197002 0.0029757;1,1
550;1789210729312;-0.000437342,0.0245049,0.0245544;-4.22944,3.28236 -4.13161,-3.49899 4.05877,-3.55133 4.17336,3.59425;0.0446154 0.0439997 0.0518628 0.0421211;0.01655 0.0169921 0.0197002 0.0029757;1,1
551;1789210729370;-0.0016269,0.0541573,0.0546039;-4.22936,3.28439 -4.13184,-3.49899 4.05702,-3.55132 4.17418,3.59371;0.0446242 0.0440012 0.0518501 0.0421287;0.01655 0.0169921 0.0197002 0.0029757;1,1
552;1789210729415;-0.00232763,0.0519324,0.0528531;-4.22939,3.28417 -4.13182,-3.49899 4.05753,-3.55133 4.17393,3.59393;0.0446235 0.0440009 0.0518539 0.0421268;0.01655 0.0169921 0.0197002 0.0029757;1,1
553;1789210729468;-0.00428505,0.0781306,0.0798376;-4.22941,3.28462 -4.13166,-3.49899 4.05791,-3.55133 4.17375,3.59356;0.0446256 0.0440002 0.0518566 0.0421211;0.01655 0.0169921 0.0197002 0.0029757;1,1
554;1789210729515;-0.00655971,0.101779,0.104053;-4.2294,3.28483 -4.13168,-3.49899 4.05726,-3.55132 4.174,3.59338;0.0446264 0.0440003 0.0518521 0.042124;0.01655 0.0169921 0.0197002 0.0029757;1,1
555;1789210729571;-0.0097839,0.129621,0.1327;-4.22787,3.29636 -4.13336,-3.49768 4.04551,-3.55479 4.18006,3.58652;0.0446694 0.0440069 0.0517951 0.0421521;0.01655 0.0169921 0.0197002 0.0029757;1,1
556;1789210729620;-0.0205839,0.257335,0.262407;-4.22771,3.30367 -4.13361,-3.49755 4.03647,-3.55449 4.18457,3.58134;0.0447019 0.0440079 0.0517263 0.0421746;0.01655 0.0169921 0.0197002 0.0029757;1,1
557;1789210729670;-0.0239509,0.286404,0.290043;-4.22771,3.30393 -4.13361,-3.49758 4.03644,-3.55445 4.18461,3.58098;0.0447029 0.0440081 0.0517256 0.042172;0.01655 0.0169921 0.0197002 0.0029757;1,1
558;1789210729716;-0.0243653,0.285634,0.289249;-4.22772,3.30296 -4.13359,-3.49756 4.03683,-3.55441 4.18448,3.5817;0.0446984 0.0440078 0.0517278 0.0421754;0.01655 0.0169921 0.0197002 0.0029757;1,1
559;1789210729766;-0.032218,0.308702,0.314579;-4.22771,3.3037 -4.13361,-3.49757 4.03629,-3.55437 4.18465,3.58115;0.0447018 0.0440081 0.051724 0.0421743;0.01655 0.0169921 0.0197002 0.0029757;1,1
560;1789210729818;-0.0399664,0.334282,0.341089;-4.2277,3.30361 -4.13363,-3.49714 4.03618,-3.55477 4.1847,3.58129;0.0447014 0.0440051 0.0517267 0.0421762;0.01655 0.0169921 0.0197002 0.0029757;1,1
561;1789210729875;-0.0496607,0.361572,0.371915;-4.22754,3.30996 -4.13387,-3.49682 4.02683,-3.55477 4.18941,3.5766;0.044731 0.0440047 0.0516585 0.0422053;0.01655 0.0169921 0.0197002 0.0029757;1,1
562;1789210729925;-0.0848249,0.486007,0.50278;-4.22756,3.31133 -4.13384,-3.49872 4.06618,-3.55389 4.16869,3.58396;0.0447314 0.0440122 0.0516685 0.0419228;0.0165487 0.0169921 0.0196703 0.00297542;1,1
563;1789210729971;-0.317489,0.368506,1.30898;-4.22727,3.29031 -4.13384,-3.49887 4.0488,-3.55349 4.17906,3.58991;0.044574 0.0440132 0.050979 0.0418888;0.0165487 0.0169921 0.0195541 0.00297495;1,1
564;1789210730020;-0.289976,0.314122,1.28886;-4.2273,3.29258 -4.13384,-3.49885 4.04968,-3.55351 4.1784,3.58903;0.0445873 0.0440131 0.0509865 0.0418741;0.0165487 0.0169921 0.0195541 0.00297495;1,1
565;1789210730075;-0.30491,0.311496,1.29239;-4.22732,3.29366 -4.13384,-3.49884 4.05009,-3.55352 4.17808,3.58862;0.0445937 0.044013 0.05099 0.0418672;0.0165487 0.0169921 0.0195541 0.00297495;1,1
566;1789210730125;-0.336644,0.311892,1.31142;-4.22731,3.29318 -4.13384,-3.49884 4.04987,-3.55351 4.17824,3.58882;0.0445909 0.044013 0.0509882 0.0418707;0.0165487 0.0169921 0.0195541 0.00297495;1,1
567;1789210730174;-0.355634,0.319939,1.31901;-4.2273,3.29271 -4.13384,-3.49884 4.04961,-3.55351 4.17842,3.58902;0.0445881 0.044013 0.0509861 0.0418744;0.0165487 0.0169921 0.0195541 0.00297495;1,1
568;1789210730219;-0.377135,0.322537,1.32208;-4.2273,3.29285 -4.13384,-3.49884 4.04966,-3.55351 4.17839,3.58897;0.044589 0.044013 0.0509865 0.0418736;0.0165487 0.0169921 0.0195541 0.00297495;1,1
569;1789210730275;-0.40364,0.330692,1.32462;-4.22731,3.2934 -4.13384,-3.49884 4.04985,-3.55351 4.17824,3.58877;0.0445922 0.044013 0.0509881 0.0418703;0.0165487 0.0169921 0.0195541 0.00297495;1,1
570;1789210730330;-0.42633,0.337495,1.3248;-4.2272,3.28518 -4.13384,-3.49884 4.04286,-3.55347 4.18263,3.59103;0.0445042 0.0440128 0.0490863 0.0413988;0.0165487 0.0169905 0.0193358 0.00297425;1,1
571;1789210730389;-0.567408,0.374401,1.39778;-4.22716,3.28222 -4.13384,-3.49878 4.03555,-3.55345 4.18822,3.59094;0.0444632 0.0440123 0.0473079 0.04095;0.0165487 0.0169893 0.019116 0.00297365;1,1
572;1789210730433;-0.608784,0.414213,1.34025;-4.22723,3.28773 -4.13384,-3.49875 4.03744,-3.55348 4.1867,3.58869;0.0445004 0.0440121 0.0473225 0.0409177;0.0165487 0.0169893 0.019116 0.00297365;1,1
573;1789210730741;0.606705,-0.378349,-1.7713;-4.2326,3.28753 -4.12659,-3.49933 4.03747,-3.5523 4.1867,3.58869;0.0445488 0.0439626 0.0473135 0.0409177;0.0165487 0.0169893 0.019116 0.00297365;1,1
574;1789210730793;-0.000486877,0.0240846,0.0323504;-4.23852,3.29777 -4.1195,-3.50026 4.04357,-3.55039 4.18178,3.58383;0.0446755 0.0439155 0.0473454 0.0408327;0.0165487 0.0169893 0.019116 0.00297365;1,1
575;1789210730840;-0.00120955,0.0462412,0.0647771;-4.23567,3.29786 -4.12181,-3.49864 4.04067,-3.55133 4.18397,3.58391;0.0446541 0.043925 0.0473308 0.0408554;0.0165487 0.0169893 0.019116 0.00297365;1,1
576;1789210730899;-0.00219414,0.0493044,0.0737614;-4.23564,3.29786 -4.12184,-3.49862 4.04001,-3.55134 4.18439,3.58392;0.0446538 0.0439251 0.0473263 0.0408602;0.0165487 0.0169893 0.019116 0.00297365;1,1
577;1789210730945;-0.00438982,0.0707726,0.109284;-4.24069,3.29065 -4.11678,-3.50166 4.04005,-3.54953 4.18443,3.5862;0.0446444 0.0439051 0.0473127 0.0408782;0.0165487 0.0169893 0.019116 0.00297365;1,1
578;1789210730994;-0.00802653,0.0945769,0.147833;-4.23849,3.29876 -4.11907,-3.50027 4.04297,-3.55037 4.18214,3.58291;0.0446842 0.043914 0.0473411 0.0408301;0.0165487 0.0169893 0.019116 0.00297365;1,1
579;1789210731048;-0.0120373,0.119914,0.189486;-4.23842,3.30461 -4.11925,-3.50018 4.04164,-3.55042 4.18273,3.57752;0.0447243 0.0439148 0.0473328 0.0407987;0.0165487 0.0169893 0.019116 0.00297365;1,1
580;1789210731102;-0.0288038,0.243079,0.374303;-4.23842,3.31099 -4.11935,-3.50011 4.04153,-3.55046 4.1827,3.57155;0.0447697 0.0439152 0.0473323 0.0407551;0.0165487 0.0169893 0.019116 0.00297365;1,1
581;1789210731145;-0.0369932,0.271395,0.398425;-4.23842,3.31131 -4.11936,-3.50011 4.04153,-3.55046 4.1827,3.57125;0.044772 0.0439152 0.0473323 0.040753;0.0165487 0.0169893 0.019116 0.00297365;1,1
582;1789210731194;-0.0368664,0.269084,0.382451;-4.23842,3.31123 -4.11936,-3.50011 4.04153,-3.55046 4.1827,3.57136;0.0447714 0.0439152 0.0473323 0.0407537;0.0165487 0.0169893 0.019116 0.00297365;1,1
583;1789210731354;-0.0657334,0.33769,0.417978;-4.23818,3.29731 -4.11936,-3.50011 4.04359,-3.55047 4.18175,3.58298;0.0446706 0.0439152 0.0473462 0.0408265;0.0165487 0.0169893 0.019116 0.00297365;1,1
584;1789210731407;-0.000461751,0.0244622,0.00643225;-4.23827,3.30256 -4.11938,-3.49847 4.0411,-3.55432 4.18329,3.57898;0.0447083 0.043906 0.0473584 0.0408141;0.0165487 0.0169893 0.019116 0.00297365;1,1
585;1789210731450;-0.000920678,0.0443898,0.0100614;-4.23827,3.30263 -4.11938,-3.49854 4.04109,-3.55435 4.18331,3.57896;0.0447088 0.0439065 0.0473584 0.040814;0.0165487 0.0169893 0.019116 0.00297365;1,1
586;1789210731501;-0.000667828,0.0439713,0.00491727;-4.23821,3.29904 -4.11938,-3.49854 4.04245,-3.55436 4.18227,3.58035;0.0446821 0.0439065 0.0473689 0.0408142;0.0165487 0.0169893 0.019116 0.00297365;1,1
587;1789210731547;-0.000872209,0.0657676,0.00556653;-4.23821,3.29899 -4.11938,-3.49854 4.04247,-3.55436 4.18226,3.58037;0.0446817 0.0439065 0.047369 0.0408142;0.0165487 0.0169893 0.019116 0.00297365;1,1
588;1789210731606;-0.000897823,0.094,0.00461158;-4.23821,3.29899 -4.11938,-3.49854 4.04247,-3.55436 4.18226,3.58037;0.0446817 0.0439065 0.047369 0.0408142;0.0165487 0.0169893 0.019116 0.00297365;1,1
589;1789210731655;-0.000714024,0.117601,-0.00246839;-4.23821,3.29899 -4.11938,-3.49854 4.04247,-3.55436 4.18226,3.58037;0.0446817 0.0439065 0.047369 0.0408142;0.0165487 0.0169893 0.019116 0.00297365;1,1
590;1789210731706;-0.00047602,0.142125,-0.0135528;-4.23827,3.3026 -4.11938,-3.4986 4.04109,-3.55433 4.1833,3.57897;0.0447086 0.0439069 0.0473583 0.040814;0.0165487 0.0169893 0.019116 0.00297365;1,1
591;1789210731754;-0.000719624,0.282988,-0.0275733;-4.23827,3.30262 -4.11938,-3.49879 4.04109,-3.55431 4.1833,3.57896;0.0447087 0.0439084 0.0473582 0.040814;0.0165487 0.0169893 0.019116 0.00297365;1,1
592;1789210731803;0.000222304,0.306679,-0.0435996;-4.23827,3.30261 -4.11937,-3.49914 4.0411,-3.55425 4.1833,3.57897;0.0447087 0.0439109 0.0473578 0.040814;0.0165487 0.0169893 0.019116 0.00297365;1,1
593;1789210731857;0.00118811,0.310311,-0.0544187;-4.23827,3.30262 -4.11938,-3.49879 4.04109,-3.55431 4.1833,3.57896;0.0447088 0.0439084 0.0473582 0.040814;0.0165487 0.0169893 0.019116 0.00297365;1,1
594;1789210731910;0.00303381,0.33554,-0.0773923;-4.23827,3.30262 -4.11938,-3.49879 4.04109,-3.55431 4.1833,3.57896;0.0447088 0.0439084 0.0473582 0.040814;0.0165487 0.0169893 0.019116 0.00297365;1,1
595;1789210731956;0.00496838,0.357821,-0.0992448;-4.23827,3.30262 -4.11938,-3.49879 4.04109,-3.55431 4.1833,3.57896;0.0447088 0.0439084 0.0473582 0.040814;0.0165487 0.0169893 0.019116 0.00297365;1,1
596;1789210732006;0.00755979,0.381552,-0.122895;-4.23827,3.30262 -4.11938,-3.49879 4.04109,-3.55431 4.1833,3.57896;0.0447088 0.0439084 0.0473582 0.040814;0.0165487 0.0169893 0.019116 0.00297365;1,1
597;1789210732055;0.0107671,0.404854,-0.14673;-4.23827,3.30262 -4.11938,-3.49879 4.04109,-3.55431 4.1833,3.57896;0.0447088 0.0439084 0.0473582 0.040814;0.0165487 0.0169893 0.019116 0.00297365;1,1
598;1789210732115;0.0273622,0.553969,-0.288259;-4.23827,3.30262 -4.11941,-3.49692 4.04107,-3.55522 4.1833,3.57896;0.0447087 0.0438952 0.0473507 0.0408095;0.0165487 0.0169893 0.0191152 0.00297363;1,1
599;1789210732168;3.61065,0.216466,-1.10826;-4.22727,3.2963 -4.13331,-3.49844 4.04047,-3.55409 4.18309,3.58142;0.0445581 0.0440082 0.0473408 0.0408301;0.0165487 0.0169893 0.0191152 0.00297363;1,1
600;1789210732220;2.05685,-0.224386,-1.45111;-4.22617,3.2998 -4.13242,-3.49941 4.03696,-3.55322 4.18339,3.57987;0.0445813 0.0440159 0.0473179 0.0408348;0.0165487 0.0169858 0.0191152 0.00297363;1,1
601;1789210732264;1.9589,-0.245065,-1.52543;-4.22454,3.29951 -4.13198,-3.50083 4.03296,-3.55241 4.18417,3.58003;0.0445741 0.0440313 0.0472915 0.0408568;0.0165487 0.0169858 0.0191152 0.00297363;1,1
602;1789210732318;1.71633,-0.283693,-1.63611;-4.22447,3.29922 -4.13025,-3.50147 4.02918,-3.55207 4.18501,3.58017;0.0445785 0.044029 0.0472696 0.0408779;0.0165487 0.0169858 0.0191152 0.00297363;1,1
603;1789210732364;1.60425,-0.298126,-1.70617;-4.22387,3.29912 -4.12907,-3.50253 4.02533,-3.5515 4.18597,3.58025;0.0445799 0.0440343 0.0472452 0.0408994;0.0165487 0.0169858 0.0191152 0.00297363;1,1
604;1789210732425;1.52816,-0.311297,-1.78273;-4.22403,3.29911 -4.12894,-3.50243 4.02536,-3.55156 4.18595,3.58025;0.044581 0.0440323 0.0472458 0.0408991;0.0165487 0.0169858 0.0191152 0.00297363;1,1
605;1789210732475;1.54569,-0.314723,-1.78421;-4.22415,3.29911 -4.12876,-3.5024 4.02519,-3.55158 4.18601,3.58025;0.0445823 0.0440308 0.047245 0.0409001;0.0165487 0.0169858 0.0191152 0.00297363;1,1
606;1789210732536;1.57186,-0.319817,-1.82459;-4.22416,3.29909 -4.1288,-3.50237 4.0253,-3.5516 4.18598,3.58026;0.044582 0.0440308 0.0472457 0.0408996;0.0165487 0.0169858 0.0191152 0.00297363;1,1
607;1789210732581;1.57793,-0.331062,-1.85364;-4.22394,3.2991 -4.12904,-3.50248 4.02531,-3.55153 4.186,3.58025;0.0445802 0.0440336 0.0472452 0.0408996;0.0165487 0.0169858 0.0191152 0.00297363;1,1
608;1789210732630;1.60774,-0.33613,-1.87685;-4.22243,3.29915 -4.12911,-3.50062 4.01879,-3.55301 4.18909,3.58036;0.043508 0.0434446 0.0471798 0.0409378;0.0164172 0.0168114 0.0191072 0.00297361;1,1
609;1789210732676;1.72113,-0.383822,-2.04129;-4.22539,3.29905 -4.12483,-3.497 4.0153,-3.55467 4.18989,3.58038;0.0430109 0.0426548 0.0471209 0.0409499;0.0162419 0.0165855 0.0190956 0.00297361;1,1
610;1789210732729;1.75864,-0.413917,-2.03116;-4.22517,3.29906 -4.1251,-3.49711 4.01531,-3.55459 4.18989,3.58038;0.0430106 0.0426573 0.0471203 0.0409499;0.0162419 0.0165855 0.0190956 0.00297361;1,1
611;1789210732781;1.75405,-0.41468,-2.03111;-4.22547,3.29905 -4.1248,-3.49696 4.01527,-3.55468 4.1899,3.58039;0.0430111 0.0426541 0.0471207 0.0409501;0.0162419 0.0165855 0.0190956 0.00297361;1,1
612;1789210732830;1.77277,-0.42628,-2.04435;-4.22544,3.29905 -4.12489,-3.49697 4.01538,-3.55467 4.18987,3.58038;0.0430111 0.0426546 0.0471212 0.0409494;0.0162419 0.0165855 0.0190956 0.00297361;1,1
613;1789210732877;1.79395,-0.43793,-2.05779;-4.22533,3.29906 -4.12501,-3.49705 4.01539,-3.55462 4.18987,3.58038;0.0430109 0.042656 0.0471209 0.0409494;0.0162419 0.0165855 0.0190956 0.00297361;1,1
614;1789210732929;1.81479,-0.449942,-2.07275;-4.22739,3.29899 -4.12352,-3.49902 4.01234,-3.55378 4.19042,3.5804;0.0429725 0.0421482 0.0470464 0.0409588;0.0160858 0.0163822 0.0190838 0.00297361;1,1
615;1789210732973;1.75084,-0.48829,-2.08375;-4.22794,3.29897 -4.12309,-3.4986 4.01263,-3.55406 4.19032,3.5804;0.0429741 0.0421423 0.0470501 0.040957;0.0160858 0.0163822 0.0190838 0.00297361;1,1
616;1789210733027;1.68745,-0.449517,-2.03885;-4.23422,3.29876 -4.11855,-3.50225 4.01139,-3.5533 4.19047,3.5804;0.0429864 0.0417928 0.0469935 0.040958;0.0159965 0.0162394 0.0190738 0.00297361;1,1
617;1789210733080;1.71139,-0.471823,-2.05925;-4.23514,3.29873 -4.11762,-3.50169 4.01135,-3.55366 4.19049,3.5804;0.0429891 0.0417838 0.0469959 0.0409583;0.0159965 0.0162394 0.0190738 0.00297361;1,1
618;1789210733133;1.70578,-0.465296,-2.05247;-4.23506,3.29873 -4.11764,-3.50176 4.01121,-3.55362 4.19054,3.58041;0.0429888 0.0417845 0.0469948 0.0409591;0.0159965 0.0162394 0.0190738 0.00297361;1,1
619;1789210733178;1.72424,-0.474501,-2.06704;-4.23499,3.29873 -4.11778,-3.50176 4.01136,-3.55362 4.19049,3.5804;0.0429887 0.0417851 0.0469956 0.0409582;0.0159965 0.0162394 0.0190738 0.00297361;1,1
620;1789210733230;1.74889,-0.486471,-2.08455;-4.23536,3.29872 -4.11739,-3.50152 4.01136,-3.55376 4.19049,3.5804;0.0429898 0.0417814 0.0469967 0.0409582;0.0159965 0.0162394 0.0190738 0.00297361;1,1
621;1789210733281;1.77058,-0.500539,-2.10248;-4.23563,3.29871 -4.11712,-3.50137 4.01136,-3.55386 4.19048,3.5804;0.0429905 0.0417789 0.0469975 0.0409582;0.0159965 0.0162394 0.0190738 0.00297361;1,1
622;1789210733339;1.79632,-0.517366,-2.12634;-4.24375,3.29844 -4.11158,-3.50412 4.0116,-3.55379 4.19029,3.5804;0.0430145 0.0415063 0.0469518 0.0409508;0.0159262 0.0160918 0.0190636 0.00297361;1,1
623;1789210733391;1.90722,-0.596299,-2.22241;-4.2377,3.29864 -4.11496,-3.50063 4.01136,-3.55533 4.19045,3.5804;0.0429866 0.0406732 0.0469207 0.0409476;0.0156918 0.015887 0.0190551 0.00297361;1,1
624;1789210733439;1.90815,-0.621219,-2.24282;-4.2374,3.29865 -4.11527,-3.50081 4.01136,-3.55521 4.19045,3.5804;0.0429857 0.0406753 0.0469198 0.0409476;0.0156918 0.015887 0.0190551 0.00297361;1,1
625;1789210733483;1.90145,-0.616503,-2.24155;-4.23751,3.29865 -4.11516,-3.50076 4.01136,-3.55525 4.19045,3.5804;0.042986 0.0406746 0.0469201 0.0409476;0.0156918 0.015887 0.0190551 0.00297361;1,1
626;1789210733535;1.92351,-0.633009,-2.26537;-4.23726,3.29866 -4.11543,-3.50094 4.01136,-3.55513 4.19046,3.5804;0.0429852 0.0406766 0.0469192 0.0409476;0.0156918 0.015887 0.0190551 0.00297361;1,1
627;1789210733582;1.93752,-0.647578,-2.28743;-4.23736,3.29865 -4.11532,-3.50089 4.01136,-3.55517 4.19045,3.5804;0.0429855 0.0406759 0.0469195 0.0409476;0.0156918 0.015887 0.0190551 0.00297361;1,1
628;1789210733642;1.95719,-0.667384,-2.31529;-4.2373,3.29866 -4.11538,-3.50095 4.01136,-3.55513 4.19046,3.5804;0.0429853 0.0406764 0.0469192 0.0409476;0.0156918 0.015887 0.0190551 0.00297361;1,1
629;1789210733696;1.97983,-0.687858,-2.34052;-4.23352,3.29878 -4.11813,-3.50268 4.01137,-3.55425 4.19046,3.5804;0.0429682 0.0400078 0.0468736 0.0409429;0.0154793 0.0156727 0.0190472 0.00297361;1,1
630;1789210733745;2.03135,-0.763195,-2.45004;-4.23492,3.29873 -4.11664,-3.50171 4.01135,-3.5549 4.19047,3.5804;0.042973 0.0399988 0.0468783 0.040943;0.0154793 0.0156727 0.0190472 0.00297361;1,1
631;1789210733792;1.95722,-0.690371,-2.34967;-4.23535,3.29872 -4.11618,-3.50138 4.01135,-3.55511 4.19047,3.5804;0.0429745 0.039996 0.0468799 0.0409429;0.0154793 0.0156727 0.0190472 0.00297361;1,1
632;1789210733846;1.98041,-0.711179,-2.37424;-4.23502,3.29873 -4.11654,-3.50163 4.01134,-3.55495 4.19047,3.5804;0.0429733 0.0399982 0.0468787 0.040943;0.0154793 0.0156727 0.0190472 0.00297361;1,1
633;1789210733896;1.99783,-0.728653,-2.40203;1.54408,-1.51689 2.51752,-1.52151 2.5217,-0.641527 2.04057,-0.639242 2.03924,-0.919238 1.98452,-0.918978;0.474777 0.528716 0.528716 0.454175 0.454175 0.551832;0.258199 0.258199 0.258199 0.258199 0.258199 0.00126671;1,0
634;1789210737727;0.000370398,0.0262822,-0.0168583;-4.23465,3.2829 -4.11664,-3.5017 4.01134,-3.5549 4.19058,3.58459;0.0429459 0.0399988 0.0468784 0.040977;0.0154793 0.0156727 0.0190472 0.00297361;1,1
635;1789210737776;0.000887906,0.0502802,-0.0330341;-4.23465,3.2829 -4.11664,-3.5017 4.01134,-3.5549 4.19058,3.58459;0.0429459 0.0399988 0.0468784 0.040977;0.0154793 0.0156727 0.0190472 0.00297361;1,1
636;1789210737827;0.00106231,0.0480564,-0.0345233;-4.23465,3.2829 -4.1166,-3.50362 4.01138,-3.55352 4.19058,3.58459;0.0429459 0.0400054 0.0468681 0.040977;0.0154793 0.0156727 0.0190472 0.00297361;1,1
637;1789210737872;0.00176424,0.0693964,-0.0504505;-4.23465,3.2829 -4.1166,-3.50362 4.01138,-3.55352 4.19058,3.58459;0.0429459 0.0400054 0.0468681 0.040977;0.0154793 0.0156727 0.0190472 0.00297361;1,1
638;1789210737928;0.00313798,0.0959959,-0.0716388;-4.23465,3.2829 -4.1166,-3.50362 4.01138,-3.55352 4.19058,3.58459;0.0429459 0.0400054 0.0468681 0.040977;0.0154793 0.0156727 0.0190472 0.00297361;1,1
639;1789210737980;0.00493108,0.12055,-0.0932457;-4.23465,3.2829 -4.1166,-3.50362 4.01138,-3.55352 4.19058,3.58459;0.0429459 0.0400054 0.0468681 0.040977;0.0154793 0.0156727 0.0190472 0.00297361;1,1
640;1789210738028;0.0073409,0.142941,-0.115969;-4.23465,3.2829 -4.1166,-3.50362 4.01138,-3.55352 4.19058,3.58459;0.0429459 0.0400054 0.0468681 0.040977;0.0154793 0.0156727 0.0190472 0.00297361;1,1
641;1789210738072;0.016967,0.284008,-0.233178;-4.23465,3.2829 -4.1166,-3.50362 4.01138,-3.55352 4.19058,3.58459;0.0429459 0.0400054 0.0468681 0.040977;0.0154793 0.0156727 0.0190472 0.00297361;1,1
642;1789210738129;0.0237052,0.310132,-0.264969;-4.23465,3.2829 -4.1166,-3.50362 4.01138,-3.55352 4.19058,3.58459;0.0429459 0.0400054 0.0468681 0.040977;0.0154793 0.0156727 0.0190472 0.00297361;1,1
643;1789210738281;0.0391187,0.358203,-0.33293;-4.23596,3.2757 -4.1166,-3.50317 4.00893,-3.55394 4.19433,3.58974;0.042935 0.0400018 0.046846 0.041043;0.0154793 0.0156727 0.0190472 0.00297361;1,1
644;1789210738331;0.000488705,0.0232454,-0.0367291;-4.23596,3.2757 -4.11656,-3.50534 4.00902,-3.55064 4.19433,3.58974;0.042935 0.0400074 0.0468213 0.041043;0.0154793 0.0156727 0.0190472 0.00297361;1,1
645;1789210738377;0.00200968,0.043963,-0.0740212;-4.23596,3.2757 -4.11657,-3.50531 4.00902,-3.55067 4.19433,3.58974;0.042935 0.0400073 0.0468216 0.041043;0.0154793 0.0156727 0.0190472 0.00297361;1,1
646;1789210738429;0.00303215,0.0449432,-0.0824542;-4.23596,3.2757 -4.11656,-3.50553 4.00902,-3.5504 4.19433,3.58974;0.042935 0.0400079 0.0468196 0.041043;0.0154793 0.0156727 0.0190472 0.00297361;1,1
647;1789210738744;-0.00167182,0.0204961,-3.105;-4.23338,3.29253 -4.11974,-3.50423 4.01633,-3.55329 4.1883,3.58282;0.0429566 0.0400173 0.0468962 0.0409307;0.0154793 0.0156727 0.0190472 0.00297361;1,1
648;1789210738790;0.0014375,0.0224944,-0.0428992;-4.23336,3.29124 -4.1197,-3.50672 4.01639,-3.5509 4.18831,3.58336;0.0429542 0.0400255 0.0468784 0.0409349;0.0154793 0.0156727 0.0190472 0.00297361;1,1
649;1789210738841;0.00395007,0.0461605,-0.0875904;-4.23336,3.29124 -4.11974,-3.5042 4.01636,-3.5521 4.18831,3.58336;0.0429542 0.0400159 0.0468872 0.0409349;0.0154793 0.0156727 0.0190472 0.00297361;1,1
650;1789210738886;0.00408921,0.0446838,-0.0836145;-4.23336,3.29124 -4.11975,-3.50395 4.01635,-3.55239 4.18831,3.58336;0.0429542 0.0400151 0.0468894 0.0409349;0.0154793 0.0156727 0.0190472 0.00297361;1,1
651;1789210738941;0.0071779,0.0702471,-0.131315;-4.23336,3.29124 -4.11974,-3.50411 4.01636,-3.55222 4.18831,3.58336;0.0429542 0.0400156 0.0468881 0.0409349;0.0154793 0.0156727 0.0190472 0.00297361;1,1
652;1789210738994;0.011045,0.0942591,-0.177213;-4.23336,3.29124 -4.11974,-3.50404 4.01635,-3.55229 4.18831,3.58336;0.0429542 0.0400154 0.0468886 0.0409349;0.0154793 0.0156727 0.0190472 0.00297361;1,1
653;1789210739053;0.0168197,0.120981,-0.22847;-4.23336,3.29124 -4.11971,-3.50634 4.01644,-3.54861 4.18831,3.58336;0.0429542 0.0400213 0.046861 0.0409349;0.0154793 0.0156727 0.0190472 0.00297361;1,1
654;1789210739096;0.0363998,0.229421,-0.444327;-4.23336,3.29124 -4.11966,-3.50903 4.01654,-3.54449 4.18831,3.58336;0.0429542 0.0400288 0.0468303 0.0409349;0.0154793 0.0156727 0.0190472 0.00297361;1,1
655;1789210739145;0.0472241,0.240895,-0.486438;-4.23336,3.29124 -4.11966,-3.50889 4.01654,-3.54466 4.18831,3.58336;0.0429542 0.0400283 0.0468316 0.0409349;0.0154793 0.0156727 0.0190472 0.00297361;1,1
656;1789210739194;0.0493852,0.243319,-0.484765;-4.23336,3.29124 -4.11966,-3.50897 4.01654,-3.54458 4.18831,3.58336;0.0429542 0.0400286 0.046831 0.0409349;0.0154793 0.0156727 0.0190472 0.00297361;1,1
657;1789210739349;0.0882646,0.306418,-0.575;-4.23336,3.29124 -4.11976,-3.50345 4.01635,-3.55262 4.18831,3.58336;0.0429542 0.0400132 0.0468911 0.0409349;0.0154793 0.0156727 0.0190472 0.00297361;1,1
658;1789210739404;0.000645138,0.0262934,-0.021477;-4.23332,3.28897 -4.1197,-3.50649 4.01642,-3.54949 4.18834,3.58437;0.0429497 0.040023 0.0468678 0.0409427;0.0154793 0.0156727 0.0190472 0.00297361;1,1
659;1789210739457;0.00126984,0.0511383,-0.0368738;-4.23336,3.29125 -4.1197,-3.50693 4.01643,-3.5492 4.18832,3.58353;0.0429539 0.0400246 0.0468656 0.0409361;0.0154793 0.0156727 0.0190472 0.00297361;1,1
660;1789210739500;0.000901947,0.0452334,-0.0228429;-4.23336,3.29121 -4.1197,-3.50694 4.01643,-3.5492 4.18832,3.58356;0.0429538 0.0400246 0.0468656 0.0409364;0.0154793 0.0156727 0.0190472 0.00297361;1,1
661;1789210739809;-0.00135898,0.0251023,3.11876;-4.23422,3.29734 -4.1189,-3.50482 4.01582,-3.55291 4.18866,3.58091;0.0429684 0.0400163 0.0468895 0.0409198;0.0154793 0.0156727 0.0190472 0.00297361;1,1
662;1789210739858;9.37192e-05,0.0232006,-4.51258e-05;-4.23385,3.27516 -4.1189,-3.50482 4.01582,-3.55291 4.18889,3.59006;0.0429265 0.0400163 0.0468895 0.0409913;0.0154793 0.0156727 0.0190472 0.00297361;1,1
663;1789210739905;0.000316129,0.0455426,-0.000302227;-4.23384,3.27466 -4.1189,-3.50482 4.01582,-3.55291 4.18889,3.59027;0.0429255 0.0400163 0.0468895 0.0409929;0.0154793 0.0156727 0.0190472 0.00297361;1,1
664;1789210739964;0.000467227,0.0505477,-0.000515982;-4.23405,3.28699 -4.1189,-3.50482 4.01362,-3.5529 4.19022,3.5851;0.0429488 0.0400163 0.0468743 0.0409685;0.0154793 0.0156727 0.0190472 0.00297361;1,1
665;1789210740016;0.000444229,0.0753896,-0.000283995;-4.23384,3.27488 -4.1189,-3.50482 4.01362,-3.5529 4.19035,3.59026;0.0429259 0.0400163 0.0468743 0.0410088;0.0154793 0.0156727 0.0190472 0.00297361;1,1
666;1789210740323;-0.000460815,0.0518586,3.14124;-4.23543,3.29219 -4.11747,-3.50487 4.01207,-3.55286 4.19168,3.58305;0.0429631 0.0400111 0.0468612 0.0409659;0.0154793 0.0156727 0.0190472 0.00297361;1,1
667;1789210740376;1.81974e-05,0.0254656,-0.000176629;-4.23513,3.2751 -4.11747,-3.50487 4.01207,-3.55286 4.19186,3.5901;0.0429308 0.0400111 0.0468612 0.0410211;0.0154793 0.0156727 0.0190472 0.00297361;1,1
668;1789210740418;6.64347e-05,0.0456795,-0.000512293;-4.23513,3.27488 -4.11747,-3.50487 4.01207,-3.55286 4.19186,3.59011;0.0429305 0.0400111 0.0468612 0.0410212;0.0154793 0.0156727 0.0190472 0.00297361;1,1
669;1789210740475;0.000107638,0.0478521,7.58456e-05;-4.23513,3.27484 -4.11747,-3.50487 4.01207,-3.55286 4.19186,3.59014;0.0429304 0.0400111 0.0468612 0.0410215;0.0154793 0.0156727 0.0190472 0.00297361;1,1
670;1789210740525;6.29104e-05,0.0718198,-0.000406106;-4.23513,3.27476 -4.11747,-3.50487 4.01207,-3.55286 4.19186,3.59018;0.0429303 0.0400111 0.0468612 0.0410217;0.0154793 0.0156727 0.0190472 0.00297361;1,1
671;1789210740840;-9.30987e-05,0.0478131,3.12618;-4.23546,3.29208 -4.11744,-3.50486 4.01201,-3.55287 4.19174,3.5831;0.042963 0.040011 0.0468608 0.0409668;0.0154793 0.0156727 0.0190472 0.00297361;1,1
672;1789210740890;0.000413605,0.0239,-0.0168466;-4.23517,3.27551 -4.11744,-3.50486 4.01201,-3.55287 4.19191,3.58986;0.0429318 0.040011 0.0468608 0.0410198;0.0154793 0.0156727 0.0190472 0.00297361;1,1
673;1789210740937;0.00123319,0.0463305,-0.0327121;-4.23517,3.2755 -4.11744,-3.50486 4.01201,-3.55287 4.19191,3.58993;0.0429317 0.040011 0.0468608 0.0410203;0.0154793 0.0156727 0.0190472 0.00297361;1,1
674;1789210740986;0.00127303,0.0459187,-0.0321582;-4.23517,3.27557 -4.11744,-3.50486 4.01201,-3.55287 4.19191,3.58987;0.0429318 0.040011 0.0468608 0.0410199;0.0154793 0.0156727 0.0190472 0.00297361;1,1
675;1789210741033;0.00197484,0.0685419,-0.0476146;-4.23517,3.27553 -4.11744,-3.50486 4.01201,-3.55287 4.19191,3.58993;0.0429317 0.040011 0.0468608 0.0410203;0.0154793 0.0156727 0.0190472 0.00297361;1,1
676;1789210741346;-0.00384134,0.0407198,3.06939;-4.23517,3.27553 -4.11747,-3.50293 4.01199,-3.55347 4.19191,3.58993;0.0429317 0.0400034 0.046865 0.0410203;0.0154793 0.0156727 0.0190472 0.00297361;1,1
677;1789210741402;0.000661995,0.0306312,-0.0272019;-4.23476,3.28959 -4.11792,-3.50548 4.01205,-3.55117 4.19178,3.58456;0.0429553 0.0400139 0.046848 0.0409779;0.0154793 0.0156727 0.0190472 0.00297361;1,1
678;1789210741452;0.00219362,0.0582413,-0.0510369;-4.23511,3.29392 -4.11754,-3.50581 4.01205,-3.55096 4.19173,3.58289;0.0429644 0.0400138 0.0468465 0.0409648;0.0154793 0.0156727 0.0190472 0.00297361;1,1
679;1789210741504;0.00310736,0.0566488,-0.0489709;-4.2351,3.29377 -4.11755,-3.50582 4.01205,-3.55096 4.19174,3.58299;0.042964 0.0400139 0.0468464 0.0409656;0.0154793 0.0156727 0.0190472 0.00297361;1,1
680;1789210741547;0.00455994,0.0813835,-0.0701838;-4.23518,3.29402 -4.1175,-3.50581 4.01205,-3.55096 4.19173,3.58284;0.0429648 0.0400136 0.0468464 0.0409645;0.0154793 0.0156727 0.0190472 0.00297361;1,1
681;1789210741856;-0.00748586,0.0472506,3.05496;-4.23432,3.29693 -4.11878,-3.5049 4.01537,-3.55286 4.18903,3.58108;0.042968 0.0400162 0.0468857 0.0409247;0.0154793 0.0156727 0.0190472 0.00297361;1,1
682;1789210741910;-0.000226966,0.0340012,-0.0131942;-4.23294,3.29891 -4.11971,-3.5049 4.01825,-3.55287 4.18655,3.58049;0.0429663 0.0400205 0.0469082 0.0408967;0.0154793 0.0156727 0.0190472 0.00297361;1,1
683;1789210741961;-0.000250369,0.0658271,-0.0244723;-4.23594,3.28784 -4.11622,-3.50492 4.01825,-3.55287 4.18666,3.58513;0.042956 0.0400075 0.0469082 0.0409327;0.0154793 0.0156727 0.0190472 0.00297361;1,1
684;1789210742011;0.000231036,0.062835,-0.0203194;-4.23509,3.28815 -4.11682,-3.50491 4.01825,-3.55287 4.18666,3.58504;0.0429535 0.0400102 0.0469082 0.040932;0.0154793 0.0156727 0.0190472 0.00297361;1,1
685;1789210742056;0.000279569,0.090502,-0.0266646;-4.23542,3.28802 -4.11654,-3.50492 4.01825,-3.55287 4.18666,3.58507;0.0429544 0.040009 0.0469082 0.0409322;0.0154793 0.0156727 0.0190472 0.00297361;1,1
686;1789210742362;-0.00103739,0.0572972,3.11558;-4.23542,3.28802 -4.11657,-3.50274 4.01822,-3.55412 4.18666,3.58507;0.0429544 0.0400012 0.0469174 0.0409322;0.0154793 0.0156727 0.0190472 0.00297361;1,1
687;1789210742421;-0.00033112,0.0370232,6.72126e-05;-4.23435,3.29245 -4.11829,-3.50499 4.01826,-3.5524 4.18661,3.58297;0.0429595 0.0400147 0.0469046 0.040916;0.0154793 0.0156727 0.0190472 0.00297361;1,1
688;1789210742476;-0.00115973,0.0716413,-0.000692249;-4.23434,3.29481 -4.11819,-3.50547 4.01827,-3.55219 4.18659,3.58201;0.0429637 0.0400164 0.0469031 0.0409085;0.0154793 0.0156727 0.0190472 0.00297361;1,1
689;1789210742528;-0.00165192,0.0672388,-0.000636695;-4.23418,3.29462 -4.11828,-3.50547 4.01827,-3.55219 4.18659,3.58214;0.0429627 0.0400168 0.0469031 0.0409095;0.0154793 0.0156727 0.0190472 0.00297361;1,1
690;1789210742572;-0.00247666,0.094424,-0.000791986;-4.23436,3.29465 -4.11816,-3.50547 4.01827,-3.55219 4.18659,3.5822;0.0429634 0.0400163 0.0469031 0.0409099;0.0154793 0.0156727 0.0190472 0.00297361;1,1
691;1789210742891;0.00305009,0.0638732,3.14122;-4.23431,3.29155 -4.11817,-3.5049 4.01827,-3.55219 4.18661,3.58307;0.042958 0.0400138 0.046903 0.0409169;0.0154793 0.0156727 0.0190472 0.00297361;1,1
692;1789210742941;-0.000557484,0.0311198,0.000184499;-4.23443,3.29843 -4.11822,-3.50212 4.01585,-3.55329 4.1881,3.57882;0.0429733 0.0400032 0.0468944 0.0409019;0.0154793 0.0156727 0.0190472 0.00297361;1,1
693;1789210742986;-0.00054135,0.0590175,-0.000466021;-4.23454,3.28941 -4.11792,-3.50399 4.01588,-3.55208 4.18821,3.5837;0.0429553 0.0400088 0.0468855 0.0409394;0.0154793 0.0156727 0.0190472 0.00297361;1,1
694;1789210743038;-8.80951e-05,0.0595356,-2.0751e-05;-4.23474,3.28844 -4.11779,-3.50403 4.01588,-3.552 4.18822,3.58397;0.0429544 0.0400082 0.0468849 0.0409415;0.0154793 0.0156727 0.0190472 0.00297361;1,1
695;1789210743083;-0.000104788,0.0870018,5.4464e-05;-4.23529,3.28831 -4.11737,-3.50402 4.01588,-3.55206 4.18823,3.58415;0.0429559 0.0400064 0.0468854 0.0409428;0.0154793 0.0156727 0.0190472 0.00297361;1,1
696;1789210743393;5.46044e-05,-0.0533779,-0.0144486;-4.23497,3.26979 -4.11737,-3.50402 4.01588,-3.55206 4.1884,3.59149;0.0429216 0.0400064 0.0468854 0.0410005;0.0154793 0.0156727 0.0190472 0.00297361;1,1
697;1789210743446;3.82758e-05,0.0329527,-0.0170026;-4.23502,3.27244 -4.11735,-3.50544 4.01589,-3.55163 4.18836,3.58962;0.0429275 0.040012 0.0468823 0.0409862;0.0154793 0.0156727 0.0190472 0.00297361;1,1
698;1789210743488;0.000464189,0.0588316,-0.0311268;-4.23508,3.27585 -4.11734,-3.50612 4.0159,-3.55123 4.18832,3.58819;0.0429339 0.0400145 0.0468794 0.040975;0.0154793 0.0156727 0.0190472 0.00297361;1,1
699;1789210743540;0.00152232,0.0587307,-0.0319038;-4.23509,3.27644 -4.11734,-3.50609 4.0159,-3.55125 4.18832,3.58792;0.0429351 0.0400144 0.0468795 0.0409729;0.0154793 0.0156727 0.0190472 0.00297361;1,1
700;1789210743595;0.0034862,0.0934201,-0.0506286;-4.23509,3.27641 -4.11734,-3.5061 4.01589,-3.55131 4.18832,3.58801;0.0429349 0.0400145 0.0468799 0.0409736;0.0154793 0.0156727 0.0190472 0.00297361;1,1
701;1789210743651;0.00595026,0.128327,-0.0694809;-4.23508,3.27624 -4.11734,-3.50612 4.01589,-3.5513 4.18832,3.58804;0.0429346 0.0400146 0.0468799 0.0409738;0.0154793 0.0156727 0.0190472 0.00297361;1,1
702;1789210743702;0.00871053,0.159895,-0.0869599;-4.23493,3.26726 -4.11733,-3.50621 4.01591,-3.55048 4.18839,3.59088;0.0429192 0.0400141 0.0468737 0.0409966;0.0154793 0.0156727 0.0190472 0.00297361;1,1
703;1789210743751;0.0197577,0.319095,-0.172487;-4.23355,3.26765 -4.1189,-3.50505 4.01626,-3.55122 4.18809,3.5902;0.042916 0.0400157 0.0468819 0.0409887;0.0154793 0.0156727 0.0190472 0.00297361;1,1
704;1789210743799;0.0258386,0.350003,-0.1883;-4.23363,3.27204 -4.11892,-3.50419 4.01721,-3.55178 4.18714,3.58803;0.0429245 0.0400126 0.0468937 0.0409638;0.0154793 0.0156727 0.0190472 0.00297361;1,1
705;1789210743849;0.0271944,0.351693,-0.188897;-4.23364,3.2727 -4.11892,-3.50419 4.01729,-3.55178 4.18687,3.58811;0.0429252 0.0400126 0.0468952 0.0409626;0.0154793 0.0156727 0.0190472 0.00297361;1,1
706;1789210744054;0.0574878,0.474567,-0.259323;-4.23404,3.296 -4.11892,-3.50419 4.01756,-3.55179 4.18667,3.58107;0.0429656 0.0400126 0.0468965 0.040905;0.0154793 0.0156727 0.0190472 0.00297361;1,1
707;1789210744106;-0.000341924,0.0322975,-0.0181548;-4.23389,3.28747 -4.11892,-3.50419 4.01829,-3.55179 4.18551,3.58354;0.0429507 0.0400126 0.0469047 0.0409162;0.0154793 0.0156727 0.0190472 0.00297361;1,1
708;1789210744159;-9.69244e-05,0.0654314,-0.0359153;-4.23397,3.29217 -4.11892,-3.50417 4.01707,-3.55326 4.18641,3.58195;0.0429593 0.0400141 0.046907 0.0409129;0.0154793 0.0156727 0.0190472 0.00297361;1,1
709;1789210744204;0.000592205,0.0607117,-0.0328334;-4.23394,3.29032 -4.11892,-3.50411 4.01709,-3.55331 4.18641,3.58242;0.0429561 0.0400139 0.0469075 0.0409166;0.0154793 0.0156727 0.0190472 0.00297361;1,1
710;1789210744507;-0.000623745,-0.0324533,0.0206679;-4.23395,3.29848 -4.11922,-3.5046 4.01704,-3.55306 4.18769,3.58042;0.0429696 0.0400167 0.0468998 0.0409065;0.0154793 0.0156727 0.0190472 0.00297361;1,1
711;1789210744573;-0.00062814,0.041378,-0.0198064;-4.23378,3.28815 -4.11919,-3.50614 4.01707,-3.55184 4.18777,3.58411;0.0429506 0.040022 0.0468907 0.0409355;0.0154793 0.0156727 0.0190472 0.00297361;1,1
712;1789210744624;-0.000515694,0.0731445,-0.0295909;-4.23378,3.28808 -4.11919,-3.5061 4.01706,-3.55191 4.18778,3.58426;0.0429503 0.0400219 0.0468913 0.0409366;0.0154793 0.0156727 0.0190472 0.00297361;1,1
713;1789210744677;0.000402994,0.0650288,-0.014467;-4.23375,3.28671 -4.11919,-3.50611 4.01706,-3.55194 4.18779,3.58466;0.0429479 0.040022 0.0468915 0.0409398;0.0154793 0.0156727 0.0190472 0.00297361;1,1
714;1789210744718;0.000657478,0.0911659,-0.0152908;-4.2335,3.27167 -4.11919,-3.50611 4.01706,-3.55194 4.18793,3.59074;0.04292 0.040022 0.0468915 0.0409874;0.0154793 0.0156727 0.0190472 0.00297361;1,1
715;1789210744772;0.00112246,0.125011,-0.0153446;-4.23351,3.27244 -4.11919,-3.50611 4.01706,-3.55194 4.18792,3.59022;0.0429217 0.040022 0.0468915 0.0409835;0.0154793 0.0156727 0.0190472 0.00297361;1,1
716;1789210744821;0.00153128,0.155809,-0.0146743;-4.2334,3.26575 -4.11919,-3.50611 4.01706,-3.55194 4.18796,3.59185;0.042911 0.040022 0.0468915 0.0409969;0.0154793 0.0156727 0.0190472 0.00297361;1,1
717;1789210744879;0.00364516,0.319065,-0.0302268;-4.23322,3.25533 -4.11919,-3.50611 4.01706,-3.55194 4.18804,3.59502;0.0428937 0.040022 0.0468915 0.0410225;0.0154793 0.0156727 0.0190472 0.00297361;1,1
718;1789210744927;0.00443609,0.352233,-0.0306365;-4.23327,3.258 -4.11919,-3.50611 4.01706,-3.55194 4.18802,3.59423;0.042898 0.040022 0.0468915 0.0410161;0.0154793 0.0156727 0.0190472 0.00297361;1,1
719;1789210744977;0.00450495,0.345631,-0.0303346;-4.23345,3.2686 -4.1192,-3.50565 4.01706,-3.55188 4.18791,3.58969;0.0429175 0.0400199 0.0468909 0.0409805;0.0154793 0.0156727 0.0190472 0.00297361;1,1
720;1789210745184;0.00874047,0.472257,-0.0318073;-4.23374,3.28582 -4.11919,-3.50605 4.01706,-3.55205 4.18779,3.58495;0.0429464 0.0400219 0.0468923 0.0409421;0.0154793 0.0156727 0.0190472 0.00297361;1,1
721;1789210745227;0.0003932,0.0263787,0.000409761;-4.23375,3.28622 -4.11922,-3.50456 4.01262,-3.55263 4.19035,3.58407;0.0429482 0.0400161 0.0468674 0.0409662;0.0154793 0.0156727 0.0190472 0.00297361;1,1
722;1789210745277;0.000918515,0.057152,0.00076578;-4.23376,3.28708 -4.11922,-3.50422 4.01305,-3.55292 4.18976,3.58365;0.0429499 0.0400149 0.0468738 0.0409585;0.0154793 0.0156727 0.0190472 0.00297361;1,1
723;1789210745325;0.000439557,0.0606799,0.000209185;-4.23377,3.28781 -4.11922,-3.5041 4.01292,-3.5532 4.18972,3.58342;0.0429512 0.0400147 0.0468756 0.040957;0.0154793 0.0156727 0.0190472 0.00297361;1,1
724;1789210745640;-9.03606e-05,0.0268193,-3.12121;-4.23696,3.2877 -4.1144,-3.50413 4.01292,-3.5532 4.18972,3.58342;0.0429616 0.0399988 0.0468756 0.040957;0.0154793 0.0156727 0.0190472 0.00297361;1,1
725;1789210745695;-0.000803638,0.0340355,0.024078;-4.23404,3.2878 -4.11632,-3.50363 4.01087,-3.55356 4.19202,3.5835;0.0429514 0.0400058 0.0468601 0.0409767;0.0154793 0.0156727 0.0190472 0.00297361;1,1
726;1789210745744;-0.0020381,0.0641415,0.0480299;-4.23354,3.28782 -4.11687,-3.50332 4.01073,-3.55363 4.19158,3.58349;0.0429496 0.0400067 0.0468619 0.0409752;0.0154793 0.0156727 0.0190472 0.00297361;1,1
727;1789210745794;-0.00273202,0.0610512,0.0487573;-4.23354,3.28782 -4.11687,-3.50341 4.01079,-3.55355 4.19145,3.58348;0.0429496 0.0400069 0.0468621 0.0409744;0.0154793 0.0156727 0.0190472 0.00297361;1,1
728;1789210745843;-0.00442259,0.0912842,0.0750855;-4.23354,3.28782 -4.11687,-3.50332 4.01098,-3.55368 4.19159,3.58349;0.0429496 0.0400067 0.0468633 0.0409742;0.0154793 0.0156727 0.0190472 0.00297361;1,1
729;1789210745895;-0.0070976,0.123876,0.103672;-4.23368,3.28781 -4.11672,-3.50332 4.01096,-3.55368 4.19127,3.58348;0.0429501 0.0400062 0.0468646 0.0409728;0.0154793 0.0156727 0.0190472 0.00297361;1,1
730;1789210745947;-0.0101163,0.156305,0.133316;-4.23345,3.28782 -4.11697,-3.50326 4.00399,-3.55361 4.19441,3.58359;0.0429493 0.0400068 0.0468224 0.0410177;0.0154793 0.0156727 0.0190472 0.00297361;1,1
731;1789210745996;-0.0215255,0.307949,0.266061;-4.23504,3.2946 -4.11533,-3.50456 4.00043,-3.55252 4.19533,3.58222;0.0429655 0.0400051 0.0467958 0.041026;0.0154793 0.0156727 0.0190472 0.00297361;1,1
732;1789210746046;-0.0255632,0.33581,0.297786;-4.23543,3.29484 -4.11491,-3.50486 4.00117,-3.55233 4.19478,3.58165;0.0429679 0.0400046 0.0467997 0.0410162;0.0154793 0.0156727 0.0190472 0.00297361;1,1
733;1789210746096;-0.0274534,0.337925,0.299626;-4.23544,3.29554 -4.11491,-3.50486 4.00099,-3.55234 4.19472,3.58145;0.0429691 0.0400046 0.0467992 0.0410151;0.0154793 0.0156727 0.0190472 0.00297361;1,1
734;1789210746308;-0.0762944,0.459124,0.436772;-4.23548,3.2976 -4.11491,-3.50486 4.01423,-3.55241 4.18932,3.58066;0.0429728 0.0400046 0.0468764 0.0409278;0.0154793 0.0156727 0.0190472 0.00297361;1,1
735;1789210746354;-0.000778486,0.0280997,0.0299795;-4.23307,3.29355 -4.11979,-3.50343 4.0085,-3.55308 4.19246,3.58199;0.0429581 0.0400143 0.0468447 0.0409769;0.0154793 0.0156727 0.0190472 0.00297361;1,1
736;1789210746404;-0.00264655,0.0586031,0.0642702;-4.23317,3.29947 -4.11978,-3.504 4.0073,-3.55324 4.19347,3.57993;0.042969 0.0400169 0.0468366 0.0409705;0.0154793 0.0156727 0.0190472 0.00297361;1,1
737;1789210746459;-0.00460785,0.0647802,0.0739363;-4.23316,3.2993 -4.11978,-3.50415 4.01045,-3.55306 4.19167,3.57994;0.0429687 0.0400174 0.0468558 0.040949;0.0154793 0.0156727 0.0190472 0.00297361;1,1
738;1789210746515;-0.0087379,0.0991311,0.114068;-4.23316,3.29933 -4.11978,-3.50403 4.01005,-3.55315 4.19195,3.57994;0.0429687 0.0400169 0.0468536 0.0409519;0.0154793 0.0156727 0.0190472 0.00297361;1,1
739;1789210746563;-0.0129146,0.1282,0.14824;-4.23316,3.29933 -4.11978,-3.50424 4.00966,-3.55268 4.19223,3.57994;0.0429687 0.0400173 0.0468472 0.040955;0.0154793 0.0156727 0.0190472 0.00297361;1,1
740;1789210746612;-0.0301785,0.255512,0.296908;-4.23316,3.29932 -4.11977,-3.50447 4.00964,-3.55219 4.19249,3.57996;0.0429687 0.0400178 0.0468424 0.0409563;0.0154793 0.0156727 0.0190472 0.00297361;1,1
741;1789210746660;-0.0400264,0.281572,0.331356;-4.23316,3.29917 -4.11977,-3.50466 4.0095,-3.55198 4.19234,3.58;0.0429684 0.0400184 0.0468408 0.0409566;0.0154793 0.0156727 0.0190472 0.00297361;1,1
742;1789210746716;-0.0420224,0.284511,0.337081;-4.23316,3.29912 -4.11977,-3.50456 4.00969,-3.55211 4.19222,3.58001;0.0429683 0.0400181 0.0468431 0.0409554;0.0154793 0.0156727 0.0190472 0.00297361;1,1
743;1789210747019;0.032557,0.254497,2.82826;-4.23316,3.29912 -4.1198,-3.50252 4.00964,-3.55399 4.19222,3.58001;0.0429683 0.0400114 0.046857 0.0409554;0.0154793 0.0156727 0.0190472 0.00297361;1,1
744;1789210747070;-0.000605722,0.0312589,0.0175151;-4.23552,3.28631 -4.11556,-3.5036 4.01628,-3.553 4.18823,3.58439;0.0429534 0.040001 0.0468941 0.0409432;0.0154793 0.0156727 0.0190472 0.00297361;1,1
745;1789210747130;-0.00226402,0.068588,0.0330947;-4.23334,3.28594 -4.11947,-3.5038 4.01641,-3.55285 4.18802,3.58407;0.0429463 0.0400142 0.0468944 0.0409395;0.0154793 0.0156727 0.0190472 0.00297361;1,1
746;1789210747178;-0.00195562,0.0669362,0.0230275;-4.23268,3.28657 -4.11993,-3.50379 4.0158,-3.55286 4.18829,3.5839;0.042945 0.0400163 0.0468908 0.040942;0.0154793 0.0156727 0.0190472 0.00297361;1,1
747;1789210747223;-0.0028064,0.094303,0.0270256;-4.23327,3.28548 -4.11951,-3.5038 4.01614,-3.55285 4.18814,3.58421;0.0429453 0.0400144 0.0468928 0.0409423;0.0154793 0.0156727 0.0190472 0.00297361;1,1
748;1789210747531;0.00182066,0.065482,3.11344;-4.23327,3.28548 -4.11953,-3.50261 4.01611,-3.55402 4.18814,3.58421;0.0429453 0.0400106 0.0469016 0.0409423;0.0154793 0.0156727 0.0190472 0.00297361;1,1
749;1789210747579;5.1644e-05,0.0292731,-0.000436047;-4.23385,3.28367 -4.11874,-3.50363 4.01691,-3.55307 4.18759,3.58532;0.0429434 0.0400111 0.0469001 0.0409449;0.0154793 0.0156727 0.0190472 0.00297361;1,1
750;1789210747637;-0.000449534,0.065141,-0.00126606;-4.23448,3.28535 -4.11799,-3.50399 4.01771,-3.55284 4.18684,3.58421;0.0429491 0.0400098 0.0469048 0.0409298;0.0154793 0.0156727 0.0190472 0.00297361;1,1
751;1789210747687;-0.00118682,0.0667487,-0.00167707;-4.2345,3.28761 -4.11802,-3.50398 4.01757,-3.55285 4.18704,3.58357;0.042953 0.0400098 0.0469033 0.0409262;0.0154793 0.0156727 0.0190472 0.00297361;1,1
752;1789210747738;-0.0013634,0.0982751,-0.000920067;-4.23432,3.2831 -4.11821,-3.504 4.01749,-3.55284 4.18724,3.58487;0.0429449 0.0400105 0.0469022 0.0409378;0.0154793 0.0156727 0.0190472 0.00297361;1,1
753;1789210747782;-0.000971069,0.126037,-0.000966939;-4.23463,3.28586 -4.11774,-3.50399 4.0175,-3.55284 4.18719,3.58407;0.0429505 0.040009 0.0469024 0.0409312;0.0154793 0.0156727 0.0190472 0.00297361;1,1
754;1789210747837;-0.000879494,0.160054,-0.00049994;-4.2356,3.25846 -4.11532,-3.50419 4.01844,-3.55273 4.18617,3.59204;0.0429086 0.0400018 0.0469106 0.0409859;0.0154793 0.0156727 0.0190472 0.00297361;1,1
755;1789210747890;-0.00270534,0.322566,-0.00271244;-4.23605,3.22853 -4.11372,-3.50439 4.0196,-3.55261 4.18486,3.60081;0.042863 0.0399974 0.0469209 0.0410454;0.0154793 0.0156727 0.0190472 0.00297361;1,1
756;1789210747944;-0.00322184,0.363983,-0.00386009;-4.23563,3.23994 -4.11398,-3.50425 4.01885,-3.5527 4.18574,3.59758;0.042879 0.0399984 0.0469144 0.0410265;0.0154793 0.0156727 0.0190472 0.00297361;1,1
757;1789210747990;-0.00472995,0.356927,-0.00308972;-4.23621,3.23999 -4.11352,-3.50431 4.01936,-3.55266 4.18502,3.59744;0.0428811 0.0399967 0.0469193 0.04102;0.0154793 0.0156727 0.0190472 0.00297361;1,1
758;1789210748198;-0.00262217,0.487374,-0.00352969;-4.23508,3.28815 -4.11702,-3.50429 4.01846,-3.55266 4.18649,3.58367;0.0429554 0.0400077 0.0469079 0.0409206;0.0154793 0.0156727 0.0190472 0.00297361;1,1
759;1789210748246;-8.92459e-05,0.030013,-0.000458955;-4.23462,3.27204 -4.11643,-3.50467 4.01656,-3.55302 4.1876,3.58822;0.0429272 0.0400087 0.0468987 0.0409698;0.0154793 0.0156727 0.0190472 0.00297361;1,1
760;1789210748293;0.000247231,0.0597698,-0.000460943;-4.23539,3.26856 -4.11551,-3.50468 4.01892,-3.55304 4.18611,3.58968;0.0429234 0.0400053 0.046915 0.0409642;0.0154793 0.0156727 0.0190472 0.00297361;1,1
761;1789210748348;0.000676158,0.0645773,-0.00050647;-4.23541,3.26939 -4.11551,-3.50468 4.01892,-3.55304 4.1861,3.58943;0.0429248 0.0400053 0.046915 0.0409623;0.0154793 0.0156727 0.0190472 0.00297361;1,1
762;1789210748658;-0.000816565,-0.103293,3.1402;-4.23541,3.26939 -4.11555,-3.50255 4.0189,-3.55398 4.1861,3.58943;0.0429248 0.0399973 0.0469219 0.0409623;0.0154793 0.0156727 0.0190472 0.00297361;1,1
763;1789210748708;0.000101758,0.0316101,-0.000298518;-4.23551,3.27511 -4.11551,-3.50449 4.01894,-3.55229 4.18607,3.58811;0.042934 0.0400037 0.0469094 0.0409514;0.0154793 0.0156727 0.0190472 0.00297361;1,1
764;1789210748761;0.000439523,0.0646285,-0.000150513;-4.23548,3.27366 -4.1155,-3.50507 4.01894,-3.55196 4.18607,3.58811;0.0429321 0.0400058 0.0469069 0.0409516;0.0154793 0.0156727 0.0190472 0.00297361;1,1
765;1789210748804;0.000608392,0.0595645,0.000421569;-4.23549,3.2743 -4.1155,-3.50525 4.01895,-3.55181 4.18607,3.58786;0.0429333 0.0400064 0.0469057 0.0409497;0.0154793 0.0156727 0.0190472 0.00297361;1,1
766;1789210748858;0.000450733,0.093258,0.00012352;-4.23548,3.27324 -4.1155,-3.50526 4.01895,-3.5518 4.18607,3.58821;0.0429315 0.0400064 0.0469057 0.0409525;0.0154793 0.0156727 0.0190472 0.00297361;1,1
767;1789210748909;0.000201465,0.125322,3.12269e-05;-4.23549,3.27425 -4.1155,-3.50525 4.01895,-3.5518 4.18607,3.58791;0.0429332 0.0400064 0.0469057 0.04095;0.0154793 0.0156727 0.0190472 0.00297361;1,1
768;1789210748963;4.40129e-05,0.159699,0.000198204;-4.23484,3.2376 -4.11549,-3.50566 4.01895,-3.55154 4.18632,3.59886;0.0428723 0.0400078 0.0469038 0.0410386;0.0154793 0.0156727 0.0190472 0.00297361;1,1
769;1789210749014;5.74868e-05,0.322131,-0.000183605;-4.23444,3.21456 -4.11549,-3.50593 4.01896,-3.55136 4.1865,3.60642;0.0428351 0.0400088 0.0469025 0.0410998;0.0154793 0.0156727 0.0190472 0.00297361;1,1
770;1789210749062;-0.00015372,0.356653,-0.00112921;-4.23451,3.21873 -4.11549,-3.50588 4.01896,-3.5514 4.18646,3.6049;0.0428419 0.0400086 0.0469027 0.0410875;0.0154793 0.0156727 0.0190472 0.00297361;1,1
771;1789210749109;-0.000110865,0.353101,-0.00108418;-4.23442,3.21386 -4.11549,-3.50594 4.01896,-3.55136 4.1865,3.60646;0.0428342 0.0400088 0.0469025 0.0411003;0.0154793 0.0156727 0.0190472 0.00297361;1,1
772;1789210749267;0.00115034,0.451992,-0.000681979;-4.23538,3.26806 -4.11549,-3.50594 4.01896,-3.55136 4.18615,3.59154;0.0429202 0.0400088 0.0469025 0.0409779;0.0154793 0.0156727 0.0190472 0.00297361;1,1
773;1789210749314;1.10113e-05,0.0293462,-6.67428e-06;-4.23495,3.24345 -4.11549,-3.50594 4.01896,-3.55136 4.18632,3.59851;0.04288 0.0400088 0.0469025 0.0410346;0.0154793 0.0156727 0.0190472 0.00297361;1,1
774;1789210749366;9.39154e-06,0.0617466,-0.000157201;-4.23499,3.24566 -4.11549,-3.50594 4.01896,-3.55136 4.18631,3.59811;0.0428832 0.0400088 0.0469025 0.0410312;0.0154793 0.0156727 0.0190472 0.00297361;1,1
775;1789210749418;0.000116047,0.0625293,-0.000252756;-4.23492,3.24177 -4.11549,-3.50594 4.01896,-3.55136 4.18633,3.59931;0.0428769 0.0400088 0.0469025 0.0410408;0.0154793 0.0156727 0.0190472 0.00297361;1,1
776;1789210749471;0.000252185,0.0925985,-0.000877818;-4.23495,3.24359 -4.11549,-3.50594 4.01896,-3.55136 4.18632,3.59875;0.0428798 0.0400088 0.0469025 0.0410363;0.0154793 0.0156727 0.0190472 0.00297361;1,1
777;1789210749515;0.000247957,0.11631,-0.000577599;-4.23494,3.24321 -4.11549,-3.50594 4.01896,-3.55136 4.18632,3.59885;0.0428792 0.0400088 0.0469025 0.0410371;0.0154793 0.0156727 0.0190472 0.00297361;1,1
778;1789210749564;0.000234226,0.141917,-0.000428806;-4.23429,3.20608 -4.11549,-3.50594 4.01896,-3.55136 4.18659,3.61029;0.0428205 0.0400088 0.0469025 0.0411305;0.0154793 0.0156727 0.0190472 0.00297361;1,1
779;1789210749615;0.00033207,0.287343,-0.00142824;-4.23394,3.18671 -4.11549,-3.50594 4.01896,-3.55136 4.18673,3.61635;0.0427912 0.0400088 0.0469025 0.0411803;0.0154793 0.0156727 0.0190472 0.00297361;1,1
780;1789210749679;0.000202989,0.32096,-0.00231888;-4.2338,3.17889 -4.11549,-3.50594 4.01896,-3.55136 4.18679,3.61877;0.0427796 0.0400088 0.0469025 0.0412003;0.0154793 0.0156727 0.0190472 0.00297361;1,1
781;1789210749727;1.69702e-05,0.319776,-0.0024525;-4.23394,3.18662 -4.11549,-3.50594 4.01896,-3.55136 4.18673,3.61638;0.042791 0.0400088 0.0469025 0.0411805;0.0154793 0.0156727 0.0190472 0.00297361;1,1
782;1789210749777;-2.03603e-05,0.340277,-0.00144417;-4.2339,3.18414 -4.11549,-3.50594 4.01896,-3.55136 4.18675,3.61693;0.0427876 0.0400088 0.0469025 0.0411853;0.0154793 0.0156727 0.0190472 0.00297361;1,1
783;1789210749824;-0.000121022,0.362142,-0.0011419;-4.23394,3.18643 -4.11549,-3.50594 4.01896,-3.55136 4.18673,3.61639;0.0427908 0.0400088 0.0469025 0.0411807;0.0154793 0.0156727 0.0190472 0.00297361;1,1
784;1789210749877;0.000148131,0.383738,-0.00109231;-4.23388,3.18303 -4.11549,-3.50594 4.01896,-3.55136 4.18675,3.61727;0.042786 0.0400088 0.0469025 0.0411881;0.0154793 0.0156727 0.0190472 0.00297361;1,1
785;1789210749928;0.000215842,0.406263,-0.000573968;-4.23378,3.1772 -4.11549,-3.50594 4.01896,-3.55136 4.18679,3.61859;0.042778 0.0400088 0.0469025 0.0411995;0.0154793 0.0156727 0.0190472 0.00297361;1,1
786;1789210749979;8.45228e-05,0.546032,0.000154487;-4.23525,3.26047 -4.11549,-3.50594 4.01896,-3.55136 4.1862,3.59356;0.0428715 0.0400088 0.0469025 0.0409944;0.0154793 0.0156727 0.0190472 0.00297355;1,1
787;1789210750032;1.62331,1.85389,-1.22583;-4.23647,3.27588 -4.11595,-3.50473 4.01224,-3.5527 4.19157,3.58748;0.0426535 0.0400048 0.0468616 0.0410001;0.0154793 0.0156727 0.0190472 0.0029733;1,1
788;1789210750081;1.81929,1.9407,-1.20067;-4.23882,3.28946 -4.11436,-3.50479 4.01506,-3.55242 4.19014,3.58294;0.0424416 0.039998 0.0468766 0.0409459;0.0154793 0.0156727 0.0190472 0.00297304;1,1
789;1789210750131;1.91342,1.97713,-1.27667;-4.24324,3.3008 -4.11085,-3.50448 4.01567,-3.55264 4.19093,3.5774;0.0424552 0.0399832 0.0468767 0.0409047;0.0154793 0.0156727 0.0190472 0.00297298;1,1
790;1789210750185;1.95148,1.95882,-1.31493;-4.2435,3.30152 -4.11061,-3.50447 4.01565,-3.55264 4.19097,3.5771;0.0424575 0.0399823 0.0468765 0.0409027;0.0154793 0.0156727 0.0190472 0.00297298;1,1
791;1789210750233;1.9276,1.9751,-1.33279;-4.24349,3.3051 -4.11013,-3.50443 4.01635,-3.55267 4.18965,3.57556;0.0424641 0.0399812 0.0468851 0.040882;0.0154793 0.0156727 0.0190472 0.00297298;1,1
792;1789210750283;1.81774,1.97891,-1.35122;-4.24325,3.30323 -4.11053,-3.50444 4.01617,-3.55266 4.19004,3.57635;0.0424597 0.0399824 0.0468827 0.0408906;0.0154793 0.0156727 0.0190472 0.00297298;1,1
793;1789210750329;1.84319,1.97934,-1.34154;-4.24374,3.30438 -4.11009,-3.50445 4.01606,-3.55266 4.19021,3.57588;0.0424636 0.0399808 0.0468815 0.0408882;0.0154793 0.0156727 0.0190472 0.00297298;1,1
794;1789210750391;1.86834,1.97226,-1.33814;-4.2434,3.30338 -4.11043,-3.50444 4.01614,-3.55266 4.19015,3.57629;0.0424606 0.039982 0.0468821 0.0408908;0.0154793 0.0156727 0.0190472 0.00297298;1,1
795;1789210750448;1.84914,1.98187,-1.34645;-4.2434,3.30364 -4.11039,-3.50444 4.01616,-3.55267 4.19012,3.57621;0.042461 0.0399819 0.0468823 0.0408899;0.0154793 0.0156727 0.0190472 0.00297298;1,1
796;1789210750501;1.84863,1.98076,-1.34691;-4.2432,3.30323 -4.11055,-3.50444 4.01621,-3.55267 4.18997,3.57635;0.0424596 0.0399825 0.0468832 0.0408901;0.0154793 0.0156727 0.0190472 0.00297298;1,1
797;1789210750544;1.8416,1.98308,-1.34506;-4.24364,3.30379 -4.11023,-3.50445 4.01604,-3.55266 4.19027,3.57612;0.0424622 0.0399812 0.0468811 0.0408904;0.0154793 0.0156727 0.0190472 0.00297298;1,1
798;1789210750593;1.86767,1.98725,-1.34408;-4.24352,3.30322 -4.11036,-3.50445 4.016,-3.55266 4.19034,3.57637;0.0424607 0.0399817 0.0468807 0.0408928;0.0154793 0.0156727 0.0190472 0.00297298;1,1
799;1789210750640;1.86796,1.98223,-1.34039;-4.24335,3.30378 -4.11039,-3.50445 4.01623,-3.55267 4.18994,3.57612;0.0424611 0.0399819 0.0468833 0.0408881;0.0154793 0.0156727 0.0190472 0.00297298;1,1
800;1789210750700;1.85263,1.981,-1.34417;-4.24353,3.30408 -4.11023,-3.50445 4.01614,-3.55266 4.19004,3.576;0.0424623 0.0399814 0.0468825 0.040888;0.0154793 0.0156727 0.0190472 0.00297298;1,1
801;1789210750750;1.86336,1.98012,-1.34229;-4.24316,3.30221 -4.11071,-3.50445 4.01607,-3.55266 4.19029,3.57678;0.0424575 0.0399829 0.0468812 0.0408954;0.0154793 0.0156727 0.0190472 0.00297298;1,1
802;1789210750798;1.86018,1.98069,-1.34201;-4.24327,3.30381 -4.11041,-3.50444 4.01628,-3.55267 4.18982,3.5761;0.0424609 0.0399821 0.0468841 0.0408872;0.0154793 0.0156727 0.0190472 0.00297298;1,1
803;1789210750845;1.83433,1.98641,-1.34865;-4.24315,3.29794 -4.1113,-3.50448 4.01532,-3.55263 4.19176,3.57861;0.0424496 0.0399842 0.0468719 0.0409192;0.0154793 0.0156727 0.0190472 0.00297298;1,1
804;1789210750898;1.95896,2.01129,-1.34158;-4.24376,3.3032 -4.11022,-3.50447 4.01582,-3.55265 4.19063,3.57639;0.0424615 0.0399811 0.0468786 0.040895;0.0154793 0.0156727 0.0190472 0.00297298;1,1
805;1789210750951;1.9714,1.98235,-1.34134;-4.24331,3.30153 -4.1107,-3.5045 4.01576,-3.55263 4.19071,3.57708;0.0424568 0.0399828 0.046878 0.0409009;0.0154793 0.0156727 0.0190472 0.00297298;1,1
806;1789210751004;2.05686,1.98732,-1.33132;-4.24797,3.31794 -4.10635,-3.50448 4.01579,-3.55266 4.19091,3.56955;0.0425058 0.0399676 0.0468766 0.0408445;0.0154793 0.0156727 0.0190472 0.00297292;1,1
807;1789210751047;2.30413,2.0125,-1.47443;-4.24295,3.31063 -4.11164,-3.50443 4.01775,-3.55268 4.18931,3.57123;0.0424753 0.0399854 0.0468919 0.0408425;0.0154793 0.0156727 0.0190472 0.00297288;1,1
808;1789210751101;2.33049,0.885123,-1.61808;-4.24434,3.31989 -4.10934,-3.50444 4.01871,-3.55269 4.18846,3.56946;0.0423749 0.0397911 0.0468984 0.0408127;0.0153686 0.015672 0.0190409 0.0029727;1,1
809;1789210751153;2.34545,0.943115,-1.61602;-4.24414,3.31603 -4.1094,-3.50444 4.01761,-3.55268 4.18932,3.57088;0.042367 0.0397913 0.0468903 0.0408321;0.0153686 0.015672 0.0190409 0.0029727;1,1
810;1789210751213;2.32425,2.23313,-1.61929;-4.24157,3.31943 -4.10979,-3.50444 4.01803,-3.55268 4.18867,3.56983;0.0423497 0.0395225 0.046891 0.0407932;0.0151763 0.015672 0.0190323 0.00297255;1,1
811;1789210751518;-2.3827,-1.03514,1.52325;-4.23353,3.31967 -4.11787,-3.50313 4.00065,-3.55353 4.19893,3.57013;0.042321 0.0395331 0.046783 0.0409155;0.0151763 0.015672 0.0190323 0.00297255;1,1
812;1789210751562;-0.000127335,0.0101945,-0.000551596;-4.2351,3.30421 -4.11373,-3.50474 3.98924,-3.55264 4.20462,3.57636;0.0422969 0.0395272 0.0467074 0.0410385;0.0151763 0.015672 0.0190323 0.00297255;1,1
813;1789210751616;-0.00037858,0.0226515,-0.00115626;-4.2336,3.30426 -4.11506,-3.50332 3.9877,-3.55349 4.20637,3.57642;0.0422916 0.039527 0.0467001 0.0410534;0.0151763 0.015672 0.0190323 0.00297255;1,1
814;1789210751668;-0.000442565,0.0242365,-0.000344824;-4.23296,3.30428 -4.11624,-3.50329 3.98766,-3.5535 4.20641,3.57642;0.0422895 0.0395293 0.0466999 0.0410537;0.0151763 0.015672 0.0190323 0.00297255;1,1
815;1789210751721;-0.000568478,0.0361595,-0.000634419;-4.23301,3.30428 -4.11626,-3.50309 3.98765,-3.55356 4.20641,3.57642;0.0422897 0.039529 0.0467003 0.0410537;0.0151763 0.015672 0.0190323 0.00297255;1,1
816;1789210751766;-0.000567829,0.0459247,-0.00153737;-4.23335,3.30426 -4.11569,-3.50311 3.98766,-3.55356 4.2064,3.57642;0.0422908 0.039528 0.0467004 0.0410536;0.0151763 0.015672 0.0190323 0.00297255;1,1
817;1789210751816;-0.000609145,0.0566901,-0.000702312;-4.23341,3.30426 -4.1156,-3.5033 3.98767,-3.5535 4.2064,3.57642;0.042291 0.0395281 0.0467 0.0410536;0.0151763 0.015672 0.0190323 0.00297255;1,1
818;1789210751874;-0.000656158,0.0692176,6.45667e-05;-4.23333,3.30427 -4.1156,-3.50329 3.98767,-3.55352 4.2064,3.57642;0.0422908 0.039528 0.0467002 0.0410536;0.0151763 0.015672 0.0190323 0.00297255;1,1
819;1789210751923;-0.000779353,0.0797132,0.000111967;-4.23365,3.30426 -4.11504,-3.50331 3.98768,-3.55349 4.20639,3.57642;0.0422918 0.039527 0.0467001 0.0410535;0.0151763 0.015672 0.0190323 0.00297255;1,1
820;1789210751971;-0.000979029,0.0899255,-0.000202138;-4.2333,3.30427 -4.11564,-3.5033 3.98767,-3.5535 4.2064,3.57642;0.0422907 0.0395281 0.0467 0.0410536;0.0151763 0.015672 0.0190323 0.00297255;1,1
821;1789210752126;-0.000992639,0.123242,-0.000956177;-4.239,3.30408 -4.11062,-3.50333 3.98767,-3.5535 4.2064,3.57642;0.0423108 0.0395211 0.0467 0.0410536;0.0151763 0.015672 0.0190323 0.00297255;1,1
822;1789210752175;9.46107e-05,0.0105508,-3.28487e-05;-4.24156,3.304 -4.10462,-3.50337 3.98767,-3.5535 4.2064,3.57642;0.0423193 0.0395091 0.0467 0.0410536;0.0151763 0.015672 0.0190323 0.00297255;1,1
823;1789210752225;9.15159e-05,0.0213351,3.10313e-05;-4.24108,3.30402 -4.10541,-3.50336 3.98767,-3.5535 4.2064,3.57642;0.0423176 0.0395105 0.0467 0.0410536;0.0151763 0.015672 0.0190323 0.00297255;1,1
824;1789210752270;1.62478e-05,0.0203469,0.000290207;-4.24129,3.30401 -4.10514,-3.50337 3.98767,-3.5535 4.2064,3.57642;0.0423184 0.0395101 0.0467 0.0410536;0.0151763 0.015672 0.0190323 0.00297255;1,1
825;1789210752325;-7.12269e-05,0.0321488,0.000132994;-4.24146,3.304 -4.10483,-3.50337 3.98767,-3.5535 4.2064,3.57642;0.042319 0.0395095 0.0467 0.0410536;0.0151763 0.015672 0.0190323 0.00297255;1,1
826;1789210752377;-0.000222299,0.0431552,-7.98713e-05;-4.24003,3.30405 -4.10812,-3.50335 3.98767,-3.5535 4.2064,3.57642;0.0423142 0.039516 0.0467 0.0410536;0.0151763 0.015672 0.0190323 0.00297255;1,1
827;1789210752426;2.96166e-05,0.0535523,-0.000207752;-4.24003,3.30405 -4.10812,-3.50335 3.98767,-3.5535 4.2064,3.57642;0.0423142 0.039516 0.0467 0.0410536;0.0151763 0.015672 0.0190323 0.00297255;1,1
828;1789210752474;5.15942e-05,0.0636952,-0.000483525;-4.24003,3.30405 -4.10812,-3.50335 3.98767,-3.5535 4.2064,3.57642;0.0423142 0.039516 0.0467 0.0410536;0.0151763 0.015672 0.0190323 0.00297255;1,1
829;1789210752534;0.00015254,0.0765934,-0.000279472;-4.23789,3.30412 -4.11053,-3.50457 3.9877,-3.55243 4.2064,3.57642;0.0423067 0.0395216 0.0466922 0.0410536;0.0151763 0.015672 0.0190323 0.00297255;1,1
830;1789210752584;0.000234909,0.08731,0.00035155;-4.23649,3.30416 -4.11215,-3.50456 4.01332,-3.55258 4.19202,3.57596;0.0423018 0.0395242 0.0468574 0.0408751;0.0151763 0.015672 0.0190323 0.00297255;1,1
831;1789210752644;0.00024157,0.100067,0.000696201;-4.23625,3.30417 -4.11242,-3.50456 4.01373,-3.55259 4.19171,3.57595;0.0423009 0.0395247 0.0468604 0.0408719;0.0151763 0.015672 0.0190323 0.00297255;1,1
832;1789210752688;0.000219711,0.109403,0.000451786;-4.23996,3.30405 -4.10819,-3.50458 4.01373,-3.55259 4.19171,3.57595;0.0423139 0.0395178 0.0468604 0.0408719;0.0151763 0.015672 0.0190323 0.00297255;1,1
833;1789210752739;9.22892e-05,0.120339,7.37853e-05;-4.24018,3.30404 -4.10785,-3.50459 4.01373,-3.55259 4.19171,3.57595;0.0423147 0.0395172 0.0468604 0.0408719;0.0151763 0.015672 0.0190323 0.00297255;1,1
834;1789210752785;9.32192e-05,0.239585,-0.000114468;-4.23819,3.30411 -4.11002,-3.50498 4.01373,-3.55253 4.19171,3.57595;0.0423077 0.0395213 0.04686 0.0408719;0.0151763 0.015672 0.0190323 0.00297255;1,1
835;1789210752834;-1.99043e-05,0.250385,-0.000584846;-4.23816,3.30411 -4.11007,-3.5046 4.01373,-3.55259 4.19171,3.57595;0.0423076 0.0395208 0.0468604 0.0408719;0.0151763 0.015672 0.0190323 0.00297255;1,1
836;1789210752891;-4.29756e-07,0.252491,-0.000588537;-4.24029,3.30404 -4.10764,-3.50461 4.01373,-3.55259 4.19171,3.57595;0.0423151 0.0395168 0.0468604 0.0408719;0.0151763 0.015672 0.0190323 0.00297255;1,1
837;1789210752948;-5.96012e-05,0.26467,-0.000341234;-4.24033,3.30404 -4.10759,-3.50461 4.01373,-3.55259 4.19171,3.57595;0.0423152 0.0395168 0.0468604 0.0408719;0.0151763 0.015672 0.0190323 0.00297255;1,1
838;1789210753001;-0.000123675,0.276143,-0.000266294;-4.24033,3.30404 -4.10759,-3.50461 4.01373,-3.55259 4.19171,3.57595;0.0423152 0.0395168 0.0468604 0.0408719;0.0151763 0.015672 0.0190323 0.00297255;1,1
839;1789210753048;-8.67387e-05,0.286144,-0.000450941;-4.24033,3.30404 -4.10759,-3.50461 4.01373,-3.55259 4.19171,3.57595;0.0423152 0.0395168 0.0468604 0.0408719;0.0151763 0.015672 0.0190323 0.00297255;1,1
840;1789210753092;1.13287e-05,0.295532,-0.000126044;-4.24033,3.30404 -4.10759,-3.50461 4.01373,-3.55259 4.19171,3.57595;0.0423152 0.0395168 0.0468604 0.0408719;0.0151763 0.015672 0.0190323 0.00297255;1,1
841;1789210753152;-2.49671e-05,0.308455,-1.44179e-05;-4.24033,3.30404 -4.10759,-3.50461 4.01373,-3.55259 4.19171,3.57595;0.0423152 0.0395168 0.0468604 0.0408719;0.0151763 0.015672 0.0190323 0.00297255;1,1
842;1789210753201;-0.000181523,0.31922,-0.000140868;-4.24033,3.30404 -4.10759,-3.50461 4.01373,-3.55259 4.19171,3.57595;0.0423152 0.0395168 0.0468604 0.0408719;0.0151763 0.015672 0.0190323 0.00297255;1,1
843;1789210753251;-0.000329216,0.330709,-0.000298078;-4.24033,3.30404 -4.10759,-3.50461 4.01373,-3.55259 4.19171,3.57595;0.0423152 0.0395168 0.0468604 0.0408719;0.0151763 0.015672 0.0190323 0.00297255;1,1
844;1789210753297;-0.000271648,0.341432,-0.00015662;-4.24033,3.30404 -4.10759,-3.50461 4.01373,-3.55259 4.19171,3.57595;0.0423152 0.0395168 0.0468604 0.0408719;0.0151763 0.015672 0.0190323 0.00297255;1,1
845;1789210753356;-0.000569849,0.456516,-0.000616618;-4.24007,3.30405 -4.10806,-3.50461 4.01373,-3.55259 4.19171,3.57595;0.0423143 0.0394992 0.0468604 0.0408719;0.0151668 0.015672 0.0190323 0.00297255;1,1
846;1789210753405;-0.592523,10.2008,-0.601304;-4.23713,3.30631 -4.11069,-3.50582 4.01416,-3.55223 4.19062,3.57615;0.0423064 0.0395048 0.0468643 0.0408663;0.0151668 0.015672 0.0190323 0.00297255;1,1
847;1789210753456;-0.739617,3.34781,-0.132979;-4.23527,3.31482 -4.11202,-3.50736 4.01671,-3.55233 4.18761,3.574;0.0423139 0.0395082 0.0468883 0.0408248;0.0151663 0.015672 0.0190323 0.00297255;1,1
848;1789210753501;-0.76783,3.40073,-0.1183;-4.23521,3.31404 -4.11208,-3.5072 4.01678,-3.55227 4.18756,3.5741;0.0423125 0.0395081 0.0468883 0.0408252;0.0151663 0.015672 0.0190323 0.00297255;1,1
849;1789210753551;-0.815606,3.45289,-0.0960077;-4.23373,3.3203 -4.1138,-3.5098 4.01673,-3.55162 4.18758,3.57292;0.0423173 0.0395148 0.0468832 0.0408159;0.0151663 0.015672 0.0190323 0.00297255;1,1
850;1789210753858;0.821478,-3.47543,3.04935;-4.2333,3.29545 -4.11391,-3.50369 4.00855,-3.55305 4.19351,3.57714;0.0422772 0.039506 0.0468352 0.0409126;0.0151663 0.015672 0.0190323 0.00297255;1,1
851;1789210753904;1.77741e-05,0.00156516,-0.000129982;-4.23301,3.27915 -4.11392,-3.50333 3.99665,-3.55306 4.19944,3.58049;0.042251 0.0395054 0.0467624 0.0410183;0.0151663 0.015672 0.0190323 0.00297255;1,1
852;1789210753956;3.81386e-05,0.00317743,-0.000270128;-4.233,3.27851 -4.11388,-3.50554 4.00157,-3.55391 4.19661,3.58048;0.04225 0.0395089 0.046801 0.0409843;0.0151663 0.015672 0.0190323 0.00297255;1,1
853;1789210754010;7.50008e-06,0.00330569,-0.000155116;-4.23913,3.27558 -4.10671,-3.50654 4.00297,-3.55354 4.19553,3.58164;0.0422657 0.0394983 0.0468087 0.0409824;0.0151663 0.015672 0.0190323 0.00297255;1,1
854;1789210754062;-1.72653e-05,0.00437041,-0.000383607;-4.23741,3.27555 -4.11003,-3.50671 4.00298,-3.55333 4.19553,3.58157;0.0422601 0.0395051 0.0468071 0.0409819;0.0151663 0.015672 0.0190323 0.00297255;1,1
855;1789210754104;5.83362e-05,0.00514474,-0.000659981;-4.23734,3.2764 -4.11029,-3.50659 4.00296,-3.55349 4.19554,3.58142;0.0422612 0.0395055 0.0468082 0.0409807;0.0151663 0.015672 0.0190323 0.00297255;1,1
856;1789210754156;0.000132462,0.00530882,-0.000216551;-4.2374,3.27936 -4.11029,-3.50608 4.00166,-3.55399 4.19653,3.58021;0.0422669 0.0395049 0.0468023 0.0409814;0.0151663 0.015672 0.0190323 0.00297255;1,1
857;1789210754211;0.000215766,0.00528262,-0.000429419;-4.23739,3.27598 -4.11001,-3.50659 4.00296,-3.55336 4.19554,3.58148;0.0422607 0.0395049 0.0468073 0.0409813;0.0151663 0.015672 0.0190323 0.00297255;1,1
858;1789210754267;0.000172439,0.00527558,-0.000596934;-4.23743,3.27634 -4.11009,-3.50682 4.00296,-3.55346 4.19553,3.58143;0.0422614 0.0395055 0.0468081 0.0409807;0.0151663 0.015672 0.0190323 0.00297255;1,1
859;1789210754316;9.64768e-05,0.00531985,-0.000888629;-4.23739,3.27615 -4.11015,-3.50674 4.00297,-3.55329 4.19553,3.58145;0.042261 0.0395054 0.0468068 0.0409809;0.0151663 0.015672 0.0190323 0.00297255;1,1
860;1789210754463;0.000111875,0.00518406,-0.000787408;-4.2378,3.29785 -4.11012,-3.50809 4.00299,-3.55278 4.19546,3.57859;0.0422944 0.0395074 0.0468032 0.0409551;0.0151663 0.015672 0.0190323 0.00297255;1,1
861;1789210754520;0.000116716,-8.31748e-06,-0.00478404;-4.2377,3.29228 -4.11003,-3.51297 4.00293,-3.55464 4.19548,3.57951;0.0422855 0.0395152 0.0468179 0.0409631;0.0151663 0.015672 0.0190323 0.00297255;1,1
862;1789210754571;0.00018568,1.49548e-05,-0.012373;-4.23771,3.29304 -4.11003,-3.51279 4.00293,-3.55467 4.19548,3.57937;0.0422867 0.0395149 0.0468181 0.0409619;0.0151663 0.015672 0.0190323 0.00297255;1,1
863;1789210754615;1.87584e-05,-1.38111e-05,-0.0145136;-4.23769,3.29223 -4.11003,-3.51271 4.00293,-3.55472 4.19548,3.57952;0.0422854 0.0395148 0.0468185 0.0409632;0.0151663 0.015672 0.0190323 0.00297255;1,1
864;1789210754667;-4.09559e-05,-4.15187e-05,-0.0224127;-4.23771,3.29298 -4.11003,-3.51283 4.00293,-3.55471 4.19548,3.5794;0.0422866 0.039515 0.0468184 0.0409621;0.0151663 0.015672 0.0190323 0.00297255;1,1
865;1789210754714;-7.30211e-05,-7.20879e-05,-0.029824;-4.23771,3.29323 -4.11007,-3.51086 4.00294,-3.55426 4.19548,3.57931;0.042287 0.0395119 0.0468147 0.0409614;0.0151663 0.015672 0.0190323 0.00297255;1,1
866;1789210754772;-0.000112305,-0.000204145,-0.0391298;-4.2377,3.2923 -4.11007,-3.5108 4.00294,-3.55426 4.19548,3.5795;0.0422855 0.0395118 0.0468147 0.040963;0.0151663 0.015672 0.0190323 0.00297255;1,1
867;1789210754820;-0.000141235,-0.000569191,-0.0470508;-4.23771,3.29289 -4.11007,-3.51062 4.00294,-3.55435 4.19548,3.57938;0.0422865 0.0395115 0.0468153 0.040962;0.0151663 0.015672 0.0190323 0.00297255;1,1
868;1789210754874;-0.000281003,-0.00293529,-0.0544005;-4.23932,3.29159 -4.10828,-3.51105 4.00295,-3.55409 4.19549,3.57987;0.0422898 0.0395092 0.0468134 0.0409658;0.0151663 0.015672 0.0190323 0.00297255;1,1
869;1789210754926;-0.000321649,-0.00472615,-0.0600984;-4.23938,3.29163 -4.10815,-3.51104 4.00295,-3.55413 4.19549,3.57986;0.0422901 0.0395089 0.0468137 0.0409657;0.0151663 0.015672 0.0190323 0.00297255;1,1
870;1789210754977;-0.000406234,-0.00756735,-0.065962;-4.23939,3.29224 -4.10815,-3.5108 4.00294,-3.55427 4.19548,3.5795;0.0422914 0.0395086 0.0468147 0.040963;0.0151663 0.015672 0.0190323 0.00297255;1,1
871;1789210755022;-0.000582583,-0.0110719,-0.0712895;-4.23939,3.29205 -4.10815,-3.51088 4.00294,-3.55458 4.19548,3.57954;0.0422911 0.0395088 0.0468172 0.0409633;0.0151663 0.015672 0.0190323 0.00297255;1,1
872;1789210755074;-0.0010909,-0.0181756,-0.0773696;-4.23939,3.2922 -4.10815,-3.51075 4.00295,-3.55415 4.19548,3.5795;0.0422913 0.0395085 0.0468138 0.040963;0.0151663 0.015672 0.0190323 0.00297255;1,1
873;1789210755120;-0.00154198,-0.0239794,-0.0820938;-4.23941,3.29286 -4.10816,-3.51067 4.00295,-3.55423 4.19548,3.57938;0.0422924 0.0395084 0.0468145 0.040962;0.0151663 0.015672 0.0190323 0.00297255;1,1
874;1789210755428;0.00287875,-0.00846541,3.05478;-4.23941,3.29286 -4.10816,-3.51067 4.00358,-3.55424 4.19837,3.57948;0.0422924 0.0395084 0.0468048 0.0409729;0.0151663 0.015672 0.0190323 0.00297255;1,1
875;1789210755481;0.000145017,-0.0195042,-0.00546452;-4.24108,3.28641 -4.10494,-3.50322 4.00561,-3.55342 4.19522,3.58262;0.042285 0.0394904 0.0468193 0.0409741;0.0151663 0.015672 0.0190323 0.00297255;1,1
876;1789210755533;-8.06121e-05,-0.0403239,-0.0111622;-4.24141,3.3029 -4.10494,-3.50326 4.00593,-3.55398 4.19478,3.57621;0.0423171 0.0394906 0.0468261 0.0409211;0.0151663 0.015672 0.0190323 0.00297255;1,1
877;1789210755588;-0.000165494,-0.0429786,-0.0119385;-4.24147,3.30577 -4.10493,-3.50352 4.00646,-3.55374 4.19433,3.57506;0.0423228 0.0394909 0.0468282 0.040908;0.0151663 0.015672 0.0190323 0.00297255;1,1
878;1789210755635;-0.000614531,-0.0639382,-0.0165712;-4.23793,3.30351 -4.11012,-3.50413 4.00784,-3.55332 4.19327,3.57618;0.0423056 0.0395014 0.0468353 0.0409059;0.0151663 0.015672 0.0190323 0.00297255;1,1
879;1789210755938;-0.000560805,0.0370552,0.0121194;-4.23776,3.30569 -4.11055,-3.50445 4.01682,-3.55267 4.18946,3.57577;0.0423084 0.0395026 0.0468832 0.040847;0.0151663 0.015672 0.0190323 0.00297255;1,1
880;1789210755991;-0.000353061,-0.0298414,-0.00543141;-4.23939,3.29643 -4.1084,-3.50557 4.01682,-3.55237 4.18954,3.57897;0.0422973 0.0395006 0.0468811 0.0408722;0.0151663 0.015672 0.0190323 0.00297255;1,1
881;1789210756045;-0.000975208,-0.0616581,-0.0110945;-4.2394,3.29677 -4.1084,-3.50526 4.01682,-3.55251 4.18953,3.57864;0.0422983 0.0395002 0.0468821 0.0408697;0.0151663 0.015672 0.0190323 0.00297255;1,1
882;1789210756094;-0.00112653,-0.0611821,-0.0102907;-4.23941,3.29764 -4.1084,-3.50535 4.01682,-3.55258 4.18952,3.57846;0.0422997 0.0395003 0.0468827 0.0408682;0.0151663 0.015672 0.0190323 0.00297255;1,1
883;1789210756142;-0.00213884,-0.0913515,-0.0150798;-4.23939,3.29612 -4.10839,-3.50551 4.01682,-3.55239 4.18954,3.57903;0.0422969 0.0395005 0.0468813 0.0408726;0.0151663 0.015672 0.0190323 0.00297255;1,1
884;1789210756444;-0.00193684,0.0581046,0.0142026;-4.23805,3.30447 -4.11019,-3.50472 4.01529,-3.55248 4.19068,3.57631;0.0423071 0.0395024 0.0468704 0.0408631;0.0151663 0.015672 0.0190323 0.00297255;1,1
885;1789210756501;-0.000731118,-0.040099,0.000239848;-4.23794,3.29839 -4.11018,-3.50508 4.01529,-3.55251 4.19073,3.57837;0.0422957 0.0395029 0.0468707 0.0408793;0.0151663 0.015672 0.0190323 0.00297255;1,1
886;1789210756549;-0.00134124,-0.0734335,-2.96709e-05;-4.23792,3.29737 -4.11019,-3.50497 4.0153,-3.55243 4.19073,3.57858;0.042294 0.0395027 0.0468701 0.0408811;0.0151663 0.015672 0.0190323 0.00297255;1,1
887;1789210756599;-0.00114794,-0.0696281,-0.000291898;-4.23792,3.29732 -4.11019,-3.50467 4.01529,-3.55273 4.19073,3.57859;0.0422939 0.0395024 0.0468723 0.0408811;0.0151663 0.015672 0.0190323 0.00297255;1,1
888;1789210756645;-0.00162438,-0.10245,8.39694e-05;-4.23792,3.2977 -4.11019,-3.50467 4.01529,-3.55267 4.19073,3.57851;0.0422946 0.0395023 0.0468719 0.0408805;0.0151663 0.015672 0.0190323 0.00297255;1,1
889;1789210756949;-0.00211202,0.0690176,-0.00108728;-4.23794,3.29833 -4.11017,-3.50578 4.01531,-3.55178 4.19073,3.57843;0.0422955 0.0395038 0.0468652 0.0408798;0.0151663 0.015672 0.0190323 0.00297255;1,1
890;1789210757012;-0.000640255,-0.0451266,-0.000562538;-4.23789,3.29598 -4.11017,-3.50561 4.01529,-3.5527 4.19073,3.57834;0.0422924 0.0395037 0.0468722 0.0408796;0.0151663 0.015672 0.0190323 0.00297255;1,1
891;1789210757061;-0.000730099,-0.0788517,0.006034;-4.23784,3.29322 -4.11018,-3.50538 4.01529,-3.55273 4.19075,3.57941;0.0422871 0.0395034 0.0468724 0.040888;0.0151663 0.015672 0.0190323 0.00297255;1,1
892;1789210757114;0.000196334,-0.0711796,0.0201776;-4.23785,3.29368 -4.11017,-3.50569 4.0153,-3.55237 4.19075,3.57935;0.0422879 0.0395038 0.0468697 0.0408875;0.0151663 0.015672 0.0190323 0.00297255;1,1
893;1789210757156;0.000858927,-0.100604,0.0375635;-4.23786,3.29454 -4.11018,-3.50543 4.01529,-3.55274 4.19075,3.57914;0.0422893 0.0395035 0.0468725 0.0408857;0.0151663 0.015672 0.0190323 0.00297255;1,1
894;1789210757463;0.000295742,0.0627263,0.00510477;-4.23768,3.28445 -4.11018,-3.50543 4.01529,-3.55274 4.19087,3.58396;0.0422689 0.0395035 0.0468725 0.0409229;0.0151663 0.015672 0.0190323 0.00297255;1,1
895;1789210757521;0.0011864,-0.0405771,0.0484478;-4.23782,3.29199 -4.11016,-3.50614 4.01527,-3.55367 4.19076,3.57974;0.042285 0.0395047 0.0468796 0.0408906;0.0151663 0.015672 0.0190323 0.00297255;1,1
896;1789210757568;0.00395761,-0.0721032,0.0895202;-4.23785,3.29369 -4.11015,-3.5068 4.01527,-3.5534 4.19074,3.57877;0.0422887 0.0395057 0.0468776 0.0408832;0.0151663 0.015672 0.0190323 0.00297255;1,1
897;1789210757621;0.00618668,-0.0696916,0.0857543;-4.23783,3.29243 -4.11015,-3.50685 4.01527,-3.55332 4.19074,3.579;0.0422866 0.0395057 0.0468771 0.0408852;0.0151663 0.015672 0.0190323 0.00297255;1,1
898;1789210757671;0.0101295,-0.103393,0.120369;-4.23782,3.29195 -4.11015,-3.50677 4.01527,-3.55333 4.19075,3.57907;0.0422859 0.0395056 0.0468771 0.0408858;0.0151663 0.015672 0.0190323 0.00297255;1,1
899;1789210757971;0.00645699,0.0691814,-0.112726;-4.23771,3.28621 -4.11015,-3.50677 4.01527,-3.55333 4.19086,3.58359;0.0422717 0.0395056 0.0468771 0.0409199;0.0151663 0.015672 0.0190323 0.00297255;1,1
900;1789210758020;0.000351275,-0.0336023,0.00514525;-4.23789,3.29576 -4.11014,-3.50766 4.0153,-3.55246 4.19075,3.57913;0.042291 0.0395068 0.0468707 0.0408854;0.0151663 0.015672 0.0190323 0.00297255;1,1
901;1789210758069;0.000835591,-0.0663276,0.00877639;-4.23791,3.2971 -4.11013,-3.50791 4.01529,-3.55248 4.19073,3.57839;0.0422939 0.0395071 0.0468709 0.0408798;0.0151663 0.015672 0.0190323 0.00297255;1,1
902;1789210758123;0.000731709,-0.0707045,0.00502857;-4.23792,3.29732 -4.11013,-3.50783 4.0153,-3.55234 4.19073,3.57833;0.0422943 0.039507 0.0468698 0.0408793;0.0151663 0.015672 0.0190323 0.00297255;1,1
903;1789210758175;0.000916923,-0.106928,0.00423682;-4.23791,3.29698 -4.11013,-3.50775 4.0153,-3.55245 4.19073,3.57836;0.0422938 0.0395069 0.0468706 0.0408796;0.0151663 0.015672 0.0190323 0.00297255;1,1
904;1789210758484;-0.000690307,-0.0635968,-3.13744;-4.23791,3.29698 -4.11023,-3.50264 4.01527,-3.55347 4.19073,3.57836;0.0422938 0.0394995 0.0468776 0.0408796;0.0151663 0.015672 0.0190323 0.00297255;1,1
905;1789210758540;-0.000478863,-0.0414556,-0.000197958;-4.23879,3.29002 -4.10819,-3.50392 4.01678,-3.5523 4.18944,3.58065;0.0422843 0.0394971 0.0468807 0.0408853;0.0151663 0.015672 0.0190323 0.00297255;1,1
906;1789210758585;-0.00127837,-0.0744319,-2.33973e-05;-4.23875,3.28831 -4.10812,-3.50715 4.0168,-3.55158 4.18947,3.58161;0.0422806 0.0395018 0.0468757 0.0408926;0.0151663 0.015672 0.0190323 0.00297255;1,1
907;1789210758638;-0.00110273,-0.0720785,0.000251597;-4.23872,3.28646 -4.10812,-3.50719 4.0168,-3.55161 4.18948,3.58226;0.0422772 0.0395019 0.046876 0.0408978;0.0151663 0.015672 0.0190323 0.00297255;1,1
908;1789210758685;-0.00123148,-0.106294,-0.000617021;-4.23895,3.29857 -4.10813,-3.50683 4.01679,-3.55178 4.1894,3.57873;0.0422988 0.0395013 0.0468772 0.0408696;0.0151663 0.015672 0.0190323 0.00297255;1,1
909;1789210759004;-0.00204668,0.0706838,-0.0130209;-4.23895,3.29857 -4.1082,-3.50317 4.01674,-3.55381 4.1894,3.57873;0.0422988 0.0394963 0.0468921 0.0408696;0.0151663 0.015672 0.0190323 0.00297255;1,1
910;1789210759053;-0.000825805,-0.0350004,-0.0163529;-4.23874,3.2875 -4.10812,-3.50743 4.01677,-3.55262 4.18948,3.58211;0.0422788 0.0395024 0.0468836 0.0408965;0.0151663 0.015672 0.0190323 0.00297255;1,1
911;1789210759098;-0.00177656,-0.0660973,-0.0343465;-4.23895,3.29844 -4.10811,-3.50766 4.01678,-3.5524 4.1894,3.57874;0.0422986 0.0395027 0.046882 0.0408697;0.0151663 0.015672 0.0190323 0.00297255;1,1
912;1789210759151;-0.00174762,-0.0702473,-0.0407471;-4.23894,3.298 -4.10811,-3.50771 4.01677,-3.55251 4.1894,3.57874;0.042298 0.0395028 0.0468828 0.0408697;0.0151663 0.015672 0.0190323 0.00297255;1,1
913;1789210759205;-0.00340157,-0.108159,-0.0649263;-4.23894,3.29805 -4.10811,-3.50798 4.01678,-3.55251 4.1894,3.57872;0.0422981 0.0395032 0.0468828 0.0408696;0.0151663 0.015672 0.0190323 0.00297255;1,1
914;1789210759513;0.00611543,-0.0725237,3.05918;-4.2387,3.28566 -4.10811,-3.50798 4.01678,-3.55251 4.18952,3.58372;0.0422741 0.0395032 0.0468828 0.0409086;0.0151663 0.015672 0.0190323 0.00297255;1,1
915;1789210759564;-0.000237773,-0.0358246,-0.0122721;-4.23905,3.28899 -4.10811,-3.50499 4.01187,-3.55237 4.19343,3.58079;0.042284 0.0394988 0.0468444 0.0409255;0.0151663 0.015672 0.0190323 0.00297255;1,1
916;1789210759614;-0.00100102,-0.0710025,-0.0199636;-4.23921,3.29702 -4.10808,-3.5065 4.01187,-3.55244 4.19337,3.57844;0.0422983 0.0395011 0.0468451 0.0409067;0.0151663 0.015672 0.0190323 0.00297255;1,1
917;1789210759668;-0.000906012,-0.0733728,-0.0117507;-4.23936,3.30509 -4.10811,-3.505 4.01445,-3.55345 4.19131,3.57515;0.0423142 0.0394991 0.0468716 0.040861;0.0151663 0.015672 0.0190323 0.00297255;1,1
918;1789210759715;-0.00132935,-0.106716,-0.0131953;-4.23921,3.29695 -4.10811,-3.50469 4.01447,-3.55283 4.19139,3.57841;0.0422982 0.0394985 0.0468669 0.0408863;0.0151663 0.015672 0.0190323 0.00297255;1,1
919;1789210760025;0.00046666,-0.075126,-3.12914;-4.23916,3.29435 -4.1081,-3.50537 4.0145,-3.55147 4.19139,3.57852;0.0422944 0.0394992 0.0468567 0.0408877;0.0151663 0.015672 0.0190323 0.00297255;1,1
920;1789210760077;0.000528274,-0.037107,-0.000454286;-4.2374,3.28374 -4.11037,-3.50392 4.01458,-3.55172 4.19095,3.57955;0.0422731 0.0395012 0.0468608 0.0408951;0.0151663 0.015672 0.0190323 0.00297255;1,1
921;1789210760124;0.000267696,-0.070511,-0.00088527;-4.23746,3.28712 -4.11039,-3.50328 4.01458,-3.55193 4.19093,3.57887;0.0422787 0.0395003 0.0468623 0.0408894;0.0151663 0.015672 0.0190323 0.00297255;1,1
922;1789210760185;-0.000772249,-0.0775694,-0.00081862;-4.23747,3.28734 -4.11034,-3.5056 4.01459,-3.55137 4.19093,3.57887;0.0422789 0.0395037 0.0468584 0.0408894;0.0151663 0.015672 0.0190323 0.00297255;1,1
923;1789210760236;-0.000899087,-0.11354,-0.00106111;-4.23746,3.28711 -4.11038,-3.50357 4.01458,-3.55184 4.19093,3.57889;0.0422786 0.0395008 0.0468617 0.0408896;0.0151663 0.015672 0.0190323 0.00297255;1,1
924;1789210760546;0.000397157,-0.0770095,-3.14073;-4.2376,3.29443 -4.11035,-3.50524 4.01459,-3.55134 4.19093,3.57874;0.0422888 0.0395031 0.046858 0.0408868;0.0151663 0.015672 0.0190323 0.00297255;1,1
925;1789210760596;-4.21096e-05,-0.035778,0.000358401;-4.23891,3.27852 -4.10855,-3.50545 4.01461,-3.5505 4.19102,3.58248;0.0422676 0.0395003 0.0468518 0.0409175;0.0151663 0.015672 0.0190323 0.00297255;1,1
926;1789210760642;-0.000117772,-0.0679747,0.000152023;-4.23823,3.28403 -4.10915,-3.50592 4.01462,-3.55026 4.19098,3.58101;0.0422743 0.0395018 0.04685 0.0409056;0.0151663 0.015672 0.0190323 0.00297255;1,1
927;1789210760697;-0.00020127,-0.0716672,-0.000391079;-4.23838,3.29204 -4.10919,-3.50421 4.01468,-3.55141 4.19103,3.57766;0.0422899 0.0394995 0.0468583 0.0408797;0.0151663 0.015672 0.0190323 0.00297255;1,1
928;1789210760745;-6.17984e-05,-0.104079,-0.000541669;-4.23842,3.29404 -4.10924,-3.5016 4.01598,-3.55238 4.19,3.57677;0.0422939 0.0394958 0.046875 0.0408627;0.0151663 0.015672 0.0190323 0.00297255;1,1
929;1789210761056;7.78891e-05,0.105983,3.14128;-4.23842,3.29423 -4.10917,-3.50525 4.016,-3.55127 4.19005,3.57905;0.0422909 0.039501 0.0468671 0.0408791;0.0151663 0.015672 0.0190323 0.00297255;1,1
930;1789210761107;-1.85689e-05,-0.00155185,0.000732992;-4.23875,3.27912 -4.10869,-3.50506 4.01603,-3.55031 4.19015,3.5832;0.0422668 0.0394999 0.0468598 0.0409126;0.0151663 0.015672 0.0190323 0.00297255;1,1
931;1789210761152;-4.67625e-06,-0.00264093,0.00101842;-4.2387,3.27457 -4.10865,-3.50486 4.01603,-3.5501 4.19019,3.58489;0.0422584 0.0394995 0.0468582 0.0409259;0.0151663 0.015672 0.0190323 0.00297255;1,1
932;1789210761204;3.43954e-05,-0.0024916,0.000480903;-4.23875,3.27725 -4.10866,-3.50446 4.01603,-3.55025 4.19017,3.58401;0.0422632 0.0394989 0.0468592 0.0409189;0.0151663 0.015672 0.0190323 0.00297255;1,1
933;1789210761248;4.62634e-05,-0.00366246,0.00038301;-4.23873,3.27662 -4.10866,-3.50433 4.01603,-3.55031 4.19018,3.58414;0.0422622 0.0394988 0.0468597 0.04092;0.0151663 0.015672 0.0190323 0.00297255;1,1
934;1789210761556;4.87641e-06,0.0048003,-3.14129;-4.23906,3.29361 -4.10864,-3.50515 4.016,-3.55127 4.19006,3.57931;0.042292 0.0395001 0.0468671 0.0408812;0.0151663 0.015672 0.0190323 0.00297255;1,1
935;1789210761615;-4.68869e-05,-0.000398899,0.000729555;-4.23862,3.27745 -4.10877,-3.5045 4.01603,-3.55034 4.19017,3.58384;0.0422633 0.0394992 0.04686 0.0409176;0.0151663 0.015672 0.0190323 0.00297255;1,1
936;1789210761660;1.00147e-05,-0.000574702,0.00140584;-4.23864,3.27816 -4.10878,-3.50394 4.01603,-3.55032 4.19017,3.58385;0.0422642 0.0394984 0.0468597 0.0409175;0.0151663 0.015672 0.0190323 0.00297255;1,1
937;1789210761709;0.000201552,-0.000269923,0.00066545;-4.23861,3.27702 -4.10879,-3.50378 4.01603,-3.55033 4.19017,3.58401;0.0422625 0.0394981 0.0468598 0.040919;0.0151663 0.015672 0.0190323 0.00297255;1,1
938;1789210761755;0.000330942,-0.000268339,0.000420047;-4.23863,3.27763 -4.10879,-3.50382 4.01603,-3.55037 4.19017,3.58395;0.0422634 0.0394982 0.0468601 0.0409184;0.0151663 0.015672 0.0190323 0.00297255;1,1
939;1789210761816;0.000494686,-7.75274e-05,-0.00015908;-4.23895,3.28634 -4.10868,-3.50405 4.01603,-3.55023 4.19011,3.58157;0.042279 0.0394984 0.0468591 0.0408992;0.0151663 0.015672 0.0190323 0.00297255;1,1
940;1789210761867;0.000612908,2.33925e-05,-0.000359057;-4.23895,3.28648 -4.10869,-3.50376 4.01603,-3.55032 4.19011,3.58141;0.0422794 0.039498 0.0468597 0.0408979;0.0151663 0.015672 0.0190323 0.00297255;1,1
941;1789210761917;0.000643619,-3.25972e-05,-0.000437777;-4.23898,3.28816 -4.10869,-3.50362 4.01602,-3.55043 4.19009,3.58081;0.0422825 0.0394978 0.0468605 0.0408932;0.0151663 0.015672 0.0190323 0.00297255;1,1
942;1789210761961;0.000668396,-8.34902e-05,-0.0009281;-4.23894,3.28608 -4.10869,-3.50375 4.01603,-3.55031 4.19011,3.5815;0.0422787 0.039498 0.0468596 0.0408987;0.0151663 0.015672 0.0190323 0.00297255;1,1
943;1789210762011;0.000587102,-0.00014435,-0.00109651;-4.23914,3.28632 -4.10853,-3.50399 4.01603,-3.55023 4.19011,3.58146;0.0422798 0.0394981 0.046859 0.0408984;0.0151663 0.015672 0.0190323 0.00297255;1,1
944;1789210762226;0.000309443,5.77773e-05,-0.00082638;-4.2394,3.29951 -4.10852,-3.5046 4.01599,-3.55167 4.19005,3.57889;0.0423016 0.0394992 0.04687 0.0408768;0.0151663 0.015672 0.0190323 0.00297255;1,1
945;1789210762272;-7.19829e-05,-9.1089e-05,-0.000678614;-4.23938,3.29854 -4.10855,-3.50272 4.01601,-3.5512 4.19009,3.58049;0.0422979 0.0394964 0.0468662 0.0408886;0.0151663 0.015672 0.0190323 0.00297255;1,1
946;1789210762320;-8.58133e-05,-0.000153573,-0.000661874;-4.23938,3.29867 -4.10855,-3.50269 4.01601,-3.55116 4.19008,3.58031;0.0422984 0.0394963 0.0468659 0.0408873;0.0151663 0.015672 0.0190323 0.00297255;1,1
947;1789210762368;2.65421e-05,-7.6081e-05,0.000386921;-4.23916,3.29796 -4.10874,-3.50299 4.01601,-3.55092 4.19009,3.58077;0.042296 0.039497 0.0468641 0.0408908;0.0151663 0.015672 0.0190323 0.00297255;1,1
948;1789210762683;1.3617e-05,-0.000177461,-3.14105;-4.23922,3.30148 -4.10873,-3.5036 4.0145,-3.55226 4.1912,3.57607;0.0423076 0.0394982 0.0468631 0.0408678;0.0151663 0.015672 0.0190323 0.00297255;1,1
949;1789210762740;-4.77117e-05,0.000112193,-0.000257512;-4.23735,3.28464 -4.11054,-3.50313 4.01733,-3.5512 4.189,3.58064;0.0422725 0.0395003 0.0468764 0.0408822;0.0151663 0.015672 0.0190323 0.00297255;1,1
950;1789210762789;-9.42951e-05,0.000124322,-0.000682935;-4.23746,3.29403 -4.11061,-3.50276 4.01724,-3.55102 4.18902,3.57828;0.0422884 0.0394998 0.0468742 0.0408638;0.0151663 0.015672 0.0190323 0.00297255;1,1
951;1789210762837;-9.19815e-05,-3.40611e-06,-0.000581368;-4.23755,3.29883 -4.11062,-3.50202 4.01591,-3.55148 4.19001,3.57647;0.0422976 0.0394988 0.0468678 0.04086;0.0151663 0.015672 0.0190323 0.00297255;1,1
952;1789210762884;-4.93916e-05,-3.93099e-05,-0.000837229;-4.23752,3.29733 -4.11063,-3.50177 4.01592,-3.55165 4.19002,3.57695;0.0422948 0.0394985 0.0468691 0.0408637;0.0151663 0.015672 0.0190323 0.00297255;1,1
953;1789210762942;4.26101e-05,-8.96194e-05,-0.00158248;-4.23751,3.29666 -4.11063,-3.50198 4.01593,-3.55147 4.19001,3.57709;0.0422937 0.0394988 0.0468679 0.0408648;0.0151663 0.015672 0.0190323 0.00297255;1,1
954;1789210762997;0.000137834,-0.00013615,-0.00108159;-4.23754,3.29843 -4.11063,-3.50196 4.01591,-3.55154 4.19002,3.57668;0.0422967 0.0394987 0.0468682 0.0408616;0.0151663 0.015672 0.0190323 0.00297255;1,1
955;1789210763053;0.000245121,-0.000186914,-0.00104397;-4.23753,3.29756 -4.11063,-3.50195 4.01592,-3.55147 4.19002,3.57694;0.0422952 0.0394987 0.0468678 0.0408635;0.0151663 0.015672 0.0190323 0.00297255;1,1
956;1789210763097;0.000288725,-0.000225886,-0.00134588;-4.23752,3.29754 -4.11063,-3.50182 4.01592,-3.55157 4.19002,3.57687;0.0422952 0.0394985 0.0468685 0.0408631;0.0151663 0.015672 0.0190323 0.00297255;1,1
957;1789210763147;0.000267613,-0.000266527,-0.00130522;-4.23753,3.29796 -4.11063,-3.50184 4.01591,-3.55153 4.19002,3.57692;0.0422958 0.0394986 0.0468682 0.0408634;0.0151663 0.015672 0.0190323 0.00297255;1,1
958;1789210763352;0.000281391,-0.000268693,-0.00146006;-4.2376,3.30162 -4.11057,-3.50465 4.01591,-3.55158 4.19005,3.57819;0.042299 0.0395027 0.0468689 0.0408718;0.0151663 0.015672 0.0190323 0.00297255;1,1
959;1789210763400;2.9652e-05,2.52291e-06,-4.00254e-05;-4.23925,3.30256 -4.10875,-3.50308 4.01593,-3.55082 4.19008,3.5792;0.0423046 0.0394972 0.046863 0.0408789;0.0151663 0.015672 0.0190323 0.00297255;1,1
960;1789210763452;3.95911e-05,2.4169e-05,0.0005956;-4.23925,3.3026 -4.10876,-3.50264 4.01593,-3.55103 4.19008,3.57921;0.0423046 0.0394965 0.0468645 0.040879;0.0151663 0.015672 0.0190323 0.00297255;1,1
961;1789210763503;1.56566e-05,5.886e-05,0.00120013;-4.23925,3.30295 -4.10876,-3.50273 4.01593,-3.55096 4.19007,3.57901;0.0423054 0.0394967 0.046864 0.0408775;0.0151663 0.015672 0.0190323 0.00297255;1,1
962;1789210763804;-3.02875e-05,8.13261e-05,3.14029;-4.23926,3.29309 -4.10841,-3.5054 4.01592,-3.55113 4.19009,3.57955;0.0422917 0.0395001 0.0468656 0.0408835;0.0151663 0.015672 0.0190323 0.00297255;1,1
963;1789210763862;-3.06127e-06,-3.01434e-05,0.000125328;-4.23894,3.27742 -4.10824,-3.50449 4.01594,-3.55031 4.19019,3.58371;0.0422645 0.0394981 0.0468593 0.0409171;0.0151663 0.015672 0.0190323 0.00297255;1,1
964;1789210763910;-0.000102282,-2.01452e-05,0.000780186;-4.23903,3.28852 -4.10838,-3.50395 4.01595,-3.55025 4.19012,3.5809;0.042283 0.0394975 0.0468588 0.0408943;0.0151663 0.015672 0.0190323 0.00297255;1,1
965;1789210763960;-0.000202607,3.8786e-06,0.000703223;-4.23915,3.28738 -4.10827,-3.50398 4.01595,-3.55022 4.19013,3.58117;0.0422816 0.0394974 0.0468585 0.0408964;0.0151663 0.015672 0.0190323 0.00297255;1,1
966;1789210764007;-0.000157291,1.51056e-05,0.000350499;-4.23917,3.28875 -4.10829,-3.50398 4.01595,-3.55022 4.19012,3.58084;0.0422839 0.0394975 0.0468585 0.0408937;0.0151663 0.015672 0.0190323 0.00297255;1,1
967;1789210764063;-0.000102616,2.59159e-05,0.000554984;-4.23915,3.28747 -4.10828,-3.50393 4.01594,-3.5503 4.19013,3.58119;0.0422817 0.0394974 0.0468591 0.0408966;0.0151663 0.015672 0.0190323 0.00297255;1,1
968;1789210764114;-0.000150052,0.000124153,0.000797393;-4.23892,3.28708 -4.10843,-3.50394 4.01595,-3.55022 4.19013,3.58125;0.0422802 0.0394976 0.0468586 0.0408971;0.0151663 0.015672 0.0190323 0.00297255;1,1
969;1789210764165;-0.000212788,0.000232173,0.000719102;-4.23915,3.28724 -4.10828,-3.50386 4.01595,-3.55026 4.19013,3.58124;0.0422813 0.0394973 0.0468588 0.040897;0.0151663 0.015672 0.0190323 0.00297255;1,1
970;1789210764207;-0.000209448,0.000170272,0.000680955;-4.23894,3.28865 -4.10845,-3.50403 4.01595,-3.55016 4.19012,3.58091;0.0422828 0.0394977 0.0468581 0.0408943;0.0151663 0.015672 0.0190323 0.00297255;1,1
971;1789210764259;-0.000198616,5.10258e-05,0.000160205;-4.23916,3.28809 -4.10829,-3.50379 4.01594,-3.55029 4.19012,3.58099;0.0422828 0.0394972 0.0468591 0.040895;0.0151663 0.015672 0.0190323 0.00297255;1,1
972;1789210764474;-0.000105002,0.000102736,0.000610179;-4.23939,3.2998 -4.10827,-3.50478 4.01591,-3.5515 4.19007,3.57886;0.0423019 0.0394989 0.0468684 0.040877;0.0151663 0.015672 0.0190323 0.00297255;1,1
973;1789210764516;1.74599e-05,5.07295e-05,-0.000177131;-4.2394,3.30059 -4.10831,-3.50283 4.01593,-3.55088 4.1901,3.58005;0.0423013 0.0394959 0.0468634 0.0408855;0.0151663 0.015672 0.0190323 0.00297255;1,1
974;1789210764566;9.34862e-06,4.66334e-05,-0.000159298;-4.23938,3.29972 -4.1083,-3.50295 4.01593,-3.55086 4.1901,3.58032;0.0422997 0.0394961 0.0468633 0.0408876;0.0151663 0.015672 0.0190323 0.00297255;1,1
975;1789210764613;-1.57908e-05,2.93229e-06,3.55386e-05;-4.2394,3.30045 -4.1083,-3.50291 4.01593,-3.55081 4.1901,3.58014;0.042301 0.039496 0.0468628 0.0408862;0.0151663 0.015672 0.0190323 0.00297255;1,1
976;1789210764673;-0.000116563,6.75455e-06,-0.000806632;-4.23939,3.30006 -4.1083,-3.50299 4.01593,-3.55078 4.1901,3.58027;0.0423002 0.0394961 0.0468627 0.0408872;0.0151663 0.015672 0.0190323 0.00297255;1,1
977;1789210764721;-0.000209269,8.33295e-06,-0.000852275;-4.2394,3.30057 -4.1083,-3.50286 4.01593,-3.55088 4.1901,3.58006;0.0423012 0.0394959 0.0468633 0.0408855;0.0151663 0.015672 0.0190323 0.00297255;1,1
978;1789210764772;-0.000243765,-3.0372e-05,-0.000868048;-4.23942,3.30141 -4.10831,-3.50286 4.01593,-3.55082 4.19009,3.57992;0.0423026 0.0394959 0.0468629 0.0408844;0.0151663 0.015672 0.0190323 0.00297255;1,1
979;1789210764820;-0.000263701,-8.25806e-05,-0.00146463;-4.23903,3.29833 -4.10882,-3.50322 4.01594,-3.55056 4.19012,3.58095;0.0422957 0.0394974 0.046861 0.0408925;0.0151663 0.015672 0.0190323 0.00297255;1,1
980;1789210764873;-0.0002564,-7.77274e-05,-0.000934581;-4.23906,3.30018 -4.10883,-3.50282 4.01593,-3.55085 4.1901,3.5802;0.0422994 0.0394968 0.0468631 0.0408866;0.0151663 0.015672 0.0190323 0.00297255;1,1
981;1789210765180;0.000272911,-0.000106441,-3.14047;-4.23895,3.2942 -4.10878,-3.50524 4.01592,-3.55118 4.19008,3.57946;0.0422922 0.0395005 0.046866 0.0408825;0.0151663 0.015672 0.0190323 0.00297255;1,1
982;1789210765229;5.48503e-05,-5.91958e-07,-0.000703176;-4.23914,3.28674 -4.10853,-3.5044 4.01594,-3.55029 4.19014,3.58176;0.0422799 0.0394987 0.0468591 0.0409009;0.0151663 0.015672 0.0190323 0.00297255;1,1
983;1789210765282;0.000114626,-6.87554e-06,-0.000474883;-4.23899,3.28843 -4.10867,-3.50407 4.01595,-3.54996 4.19014,3.58161;0.0422818 0.0394984 0.0468566 0.0408994;0.0151663 0.015672 0.0190323 0.00297255;1,1
984;1789210765328;0.000115256,-4.20846e-05,0.000173822;-4.23899,3.28832 -4.10868,-3.5039 4.01595,-3.55012 4.19014,3.5816;0.0422817 0.0394981 0.0468578 0.0408994;0.0151663 0.015672 0.0190323 0.00297255;1,1
985;1789210765378;0.000177308,-7.94329e-05,-0.000219373;-4.23903,3.28723 -4.10863,-3.50407 4.01595,-3.54994 4.19015,3.58198;0.0422799 0.0394983 0.0468564 0.0409024;0.0151663 0.015672 0.0190323 0.00297255;1,1
986;1789210765427;0.000218614,-0.000134695,-1.42997e-06;-4.23919,3.28744 -4.10851,-3.50374 4.01595,-3.55011 4.19014,3.58195;0.0422808 0.0394977 0.0468577 0.0409021;0.0151663 0.015672 0.0190323 0.00297255;1,1
987;1789210765487;0.000269077,-0.000205449,0.000134654;-4.23903,3.28628 -4.10862,-3.50404 4.01595,-3.55001 4.19015,3.58228;0.0422782 0.0394982 0.046857 0.0409047;0.0151663 0.015672 0.0190323 0.00297255;1,1
988;1789210765534;0.000312374,-0.000180864,-6.5031e-05;-4.23906,3.28808 -4.10862,-3.50376 4.01595,-3.5502 4.19014,3.58156;0.0422817 0.0394978 0.0468583 0.0408991;0.0151663 0.015672 0.0190323 0.00297255;1,1
989;1789210765583;0.000364186,-0.000129691,-0.000242972;-4.23909,3.2871 -4.10858,-3.50404 4.01595,-3.55001 4.19015,3.582;0.0422799 0.0394982 0.046857 0.0409026;0.0151663 0.015672 0.0190323 0.00297255;1,1
990;1789210765628;0.000306574,-0.000109193,4.52502e-05;-4.23913,3.28918 -4.10858,-3.50371 4.01595,-3.55016 4.19013,3.5813;0.0422837 0.0394977 0.0468581 0.040897;0.0151663 0.015672 0.0190323 0.00297255;1,1
991;1789210765798;4.93662e-05,-0.000162816,-4.23643e-05;-4.23925,3.29955 -4.10866,-3.50493 4.01592,-3.55133 4.19008,3.57913;0.0423007 0.0394999 0.046867 0.040879;0.0151663 0.015672 0.0190323 0.00297255;1,1
992;1789210765843;2.39574e-05,-2.97239e-05,-3.22237e-05;-4.23898,3.30138 -4.10893,-3.50282 4.01594,-3.55064 4.1901,3.58008;0.0423008 0.039497 0.0468615 0.0408855;0.0151663 0.015672 0.0190323 0.00297255;1,1
993;1789210765894;7.86238e-05,-2.30142e-05,-3.6213e-05;-4.23891,3.30064 -4.10896,-3.50296 4.01594,-3.55059 4.1901,3.58029;0.0422993 0.0394972 0.0468612 0.0408872;0.0151663 0.015672 0.0190323 0.00297255;1,1
994;1789210765941;0.000104555,2.46521e-05,0.000475863;-4.23913,3.29962 -4.10879,-3.50282 4.01594,-3.55068 4.19011,3.58062;0.0422983 0.0394968 0.0468619 0.0408898;0.0151663 0.015672 0.0190323 0.00297255;1,1
995;1789210766247;-0.000114818,-6.82466e-05,-3.14068;-4.23903,3.29431 -4.10874,-3.50521 4.01592,-3.55123 4.19007,3.57899;0.0422933 0.0395004 0.0468663 0.0408792;0.0151663 0.015672 0.0190323 0.00297255;1,1
996;1789210766303;1.93695e-06,0.000102862,4.03934e-05;-4.23891,3.28841 -4.10876,-3.50429 4.01594,-3.55044 4.1901,3.58025;0.0422834 0.0394989 0.0468602 0.0408895;0.0151663 0.015672 0.0190323 0.00297255;1,1
997;1789210766356;-5.95157e-06,0.000245284,0.000207412;-4.23893,3.2894 -4.10877,-3.50372 4.01595,-3.55022 4.1901,3.58034;0.0422846 0.039498 0.0468585 0.04089;0.0151663 0.015672 0.0190323 0.00297255;1,1
998;1789210766403;-2.30216e-05,0.000227706,0.0002322;-4.23893,3.28925 -4.10877,-3.50359 4.01594,-3.55035 4.19011,3.58037;0.0422844 0.0394979 0.0468595 0.0408903;0.0151663 0.015672 0.0190323 0.00297255;1,1
999;1789210766447;-5.04081e-05,0.000246916,0.000308854;-4.23893,3.28934 -4.10877,-3.50367 4.01595,-3.55021 4.19011,3.58041;0.0422845 0.039498 0.0468584 0.0408905;0.0151663 0.015672 0.0190323 0.00297255;1,1
1000;1789210766499;-7.65056e-05,0.000257016,0.000514796;-4.23895,3.29009 -4.10877,-3.50373 4.01594,-3.55043 4.1901,3.5802;0.0422858 0.0394981 0.0468601 0.0408888;0.0151663 0.015672 0.0190323 0.00297255;1,1
1001;1789210766543;-6.89072e-05,0.00021905,0.000514505;-4.23891,3.28844 -4.10877,-3.50368 4.01595,-3.55023 4.19012,3.58075;0.0422827 0.039498 0.0468586 0.0408932;0.0151663 0.015672 0.0190323 0.00297255;1,1
1002;1789210766603;-5.86845e-05,0.000162151,0.000457697;-4.23894,3.2897 -4.10878,-3.50351 4.01594,-3.55041 4.19011,3.58034;0.042285 0.0394978 0.0468599 0.0408899;0.0151663 0.015672 0.0190323 0.00297255;1,1
1003;1789210766653;-9.01909e-06,0.000136219,0.000295204;-4.23892,3.2887 -4.10878,-3.5035 4.01594,-3.5503 4.19011,3.58059;0.0422833 0.0394977 0.0468591 0.0408919;0.0151663 0.015672 0.0190323 0.00297255;1,1
1004;1789210766702;3.9245e-05,0.000112819,0.000336337;-4.2389,3.28773 -4.10877,-3.50383 4.01595,-3.55013 4.19012,3.58084;0.0422817 0.0394982 0.0468579 0.040894;0.0151663 0.015672 0.0190323 0.00297255;1,1
1005;1789210766907;0.000136554,-0.000135319,-0.00141751;-4.23915,3.30077 -4.10875,-3.50479 4.01592,-3.55144 4.19006,3.57868;0.0423026 0.0394998 0.0468678 0.0408755;0.0151663 0.015672 0.0190323 0.00297255;1,1
1006;1789210766951;-1.50586e-05,4.25401e-05,7.98951e-07;-4.2391,3.3005 -4.10879,-3.50326 4.01594,-3.55041 4.19011,3.58045;0.0422996 0.0394974 0.0468599 0.0408884;0.0151663 0.015672 0.0190323 0.00297255;1,1
1007;1789210767001;-4.4704e-05,0.000147814,0.000326514;-4.23915,3.29966 -4.10877,-3.50316 4.01593,-3.55073 4.19012,3.58091;0.042298 0.0394973 0.0468622 0.0408919;0.0151663 0.015672 0.0190323 0.00297255;1,1
1008;1789210767050;-3.13871e-05,0.000170629,0.000799995;-4.23918,3.30126 -4.10877,-3.50298 4.01593,-3.55084 4.1901,3.58012;0.0423013 0.039497 0.0468631 0.0408858;0.0151663 0.015672 0.0190323 0.00297255;1,1
1009;1789210767367;-4.1178e-05,-0.000101646,-3.1409;-4.23905,3.29411 -4.10873,-3.50517 4.01592,-3.55124 4.19008,3.57924;0.0422927 0.0395003 0.0468664 0.040881;0.0151663 0.015672 0.0190323 0.00297255;1,1
1010;1789210767415;-5.87166e-06,2.83565e-05,0.000609687;-4.23894,3.2885 -4.10875,-3.50423 4.01594,-3.55046 4.19011,3.58061;0.0422831 0.0394988 0.0468604 0.0408922;0.0151663 0.015672 0.0190323 0.00297255;1,1
1011;1789210767462;-2.06824e-05,6.12606e-05,0.000517031;-4.23894,3.28775 -4.1087,-3.50399 4.01595,-3.55018 4.19013,3.58141;0.042281 0.0394983 0.0468582 0.0408981;0.0151663 0.015672 0.0190323 0.00297255;1,1
1012;1789210767516;-1.18675e-05,0.000104914,-0.000492024;-4.23897,3.28929 -4.1087,-3.50373 4.01594,-3.55032 4.19012,3.58085;0.0422839 0.0394979 0.0468592 0.0408938;0.0151663 0.015672 0.0190323 0.00297255;1,1
1013;1789210767574;6.58572e-06,0.000200342,0.00017716;-4.23895,3.28817 -4.1087,-3.50375 4.01594,-3.55031 4.19012,3.58114;0.042282 0.039498 0.0468592 0.0408961;0.0151663 0.015672 0.0190323 0.00297255;1,1
1014;1789210767628;-5.54302e-06,0.000297787,1.1131e-05;-4.23894,3.28759 -4.1087,-3.50375 4.01594,-3.55035 4.19013,3.5814;0.0422808 0.039498 0.0468595 0.0408981;0.0151663 0.015672 0.0190323 0.00297255;1,1
1015;1789210767672;-4.05046e-05,0.000379267,-0.000357915;-4.23896,3.28859 -4.1087,-3.50379 4.01594,-3.55031 4.19012,3.58111;0.0422826 0.039498 0.0468592 0.0408958;0.0151663 0.015672 0.0190323 0.00297255;1,1
1016;1789210767719;-4.65384e-05,0.000414522,-0.000258495;-4.23897,3.2894 -4.1087,-3.50373 4.01594,-3.55038 4.19012,3.58106;0.0422838 0.039498 0.0468597 0.0408952;0.0151663 0.015672 0.0190323 0.00297255;1,1
1017;1789210767766;2.76325e-06,0.000357706,0.000247168;-4.23898,3.28981 -4.1087,-3.50378 4.01594,-3.55028 4.19012,3.58082;0.0422847 0.039498 0.0468589 0.0408934;0.0151663 0.015672 0.0190323 0.00297255;1,1
1018;1789210767824;6.72115e-05,0.000315755,0.000614865;-4.23897,3.28905 -4.1087,-3.50384 4.01594,-3.55031 4.19012,3.58101;0.0422834 0.0394981 0.0468592 0.0408949;0.0151663 0.015672 0.0190323 0.00297255;1,1
1019;1789210768032;0.000200445,0.000471835,0.000875346;-4.23901,3.29949 -4.10883,-3.50511 4.01592,-3.55143 4.19008,3.57924;0.0422996 0.0395004 0.0468678 0.0408798;0.0151663 0.015672 0.0190323 0.00297255;1,1
1020;1789210768081;-1.1078e-05,-4.17097e-05,0.00032707;-4.23866,3.30068 -4.10912,-3.50328 4.01593,-3.55096 4.19011,3.58063;0.042298 0.0394979 0.046864 0.0408896;0.0151663 0.015672 0.0190323 0.00297255;1,1
1021;1789210768131;-2.28228e-05,-0.000101811,0.000575929;-4.23866,3.30068 -4.10912,-3.50336 4.01593,-3.5509 4.19011,3.58066;0.0422979 0.039498 0.0468636 0.0408899;0.0151663 0.015672 0.0190323 0.00297255;1,1
1022;1789210768184;-2.87916e-05,-0.000111947,-1.45897e-05;-4.23865,3.30001 -4.10912,-3.50328 4.01593,-3.551 4.19012,3.58089;0.0422967 0.0394979 0.0468644 0.0408917;0.0151663 0.015672 0.0190323 0.00297255;1,1
1023;1789210768492;0.000102215,-0.00011964,3.14132;-4.23855,3.29447 -4.10908,-3.50516 4.01592,-3.55128 4.19007,3.57889;0.0422919 0.0395007 0.0468667 0.0408784;0.0151663 0.015672 0.0190323 0.00297255;1,1
1024;1789210768541;-3.47353e-05,1.59614e-05,0.000262142;-4.23844,3.28909 -4.1091,-3.50412 4.01594,-3.55052 4.1901,3.58009;0.0422828 0.0394991 0.0468609 0.0408883;0.0151663 0.015672 0.0190323 0.00297255;1,1
1025;1789210768588;-6.78387e-05,2.41946e-05,3.7517e-05;-4.23843,3.28823 -4.10911,-3.50376 4.01594,-3.55039 4.19012,3.58088;0.0422805 0.0394985 0.0468598 0.0408942;0.0151663 0.015672 0.0190323 0.00297255;1,1
1026;1789210768639;8.40761e-05,6.36124e-05,-0.000464636;-4.23847,3.29031 -4.10911,-3.50372 4.01594,-3.55042 4.1901,3.5802;0.0422844 0.0394985 0.04686 0.0408888;0.0151663 0.015672 0.0190323 0.00297255;1,1
1027;1789210768693;0.000208591,0.000116436,0.000181818;-4.23843,3.28824 -4.10911,-3.50382 4.01594,-3.55038 4.19011,3.58068;0.0422808 0.0394986 0.0468597 0.0408928;0.0151663 0.015672 0.0190323 0.00297255;1,1
1028;1789210768743;0.000274856,0.000113357,-0.000179333;-4.23844,3.28878 -4.10911,-3.5037 4.01594,-3.55049 4.19011,3.58069;0.0422816 0.0394985 0.0468605 0.0408927;0.0151663 0.015672 0.0190323 0.00297255;1,1
1029;1789210768800;0.000341726,9.15493e-05,-0.000729101;-4.23844,3.28914 -4.10911,-3.50361 4.01594,-3.55058 4.19011,3.58047;0.0422824 0.0394983 0.0468612 0.040891;0.0151663 0.015672 0.0190323 0.00297255;1,1
1030;1789210768848;0.000251319,7.34161e-05,-0.000858615;-4.23842,3.2879 -4.10911,-3.50371 4.01594,-3.55045 4.19012,3.58089;0.0422801 0.0394985 0.0468602 0.0408943;0.0151663 0.015672 0.0190323 0.00297255;1,1
1031;1789210768895;0.000105418,5.36696e-05,-0.00106458;-4.23862,3.29812 -4.10914,-3.50193 4.01491,-3.55168 4.19116,3.57716;0.0422994 0.039496 0.0468604 0.0408744;0.0151663 0.015672 0.0190323 0.00297255;1,1
1032;1789210768946;7.57824e-05,4.9687e-05,-0.00144721;-4.23846,3.29 -4.10911,-3.50363 4.01494,-3.55048 4.19123,3.58033;0.0422838 0.0394983 0.0468516 0.0408991;0.0151663 0.015672 0.0190323 0.00297255;1,1
1033;1789210769145;0.000440894,1.58347e-05,-0.00186731;-4.23908,3.29949 -4.10879,-3.50509 4.01492,-3.5514 4.19121,3.57928;0.0422999 0.0395003 0.0468587 0.0408895;0.0151663 0.015672 0.0190323 0.00297255;1,1
1034;1789210769192;6.75335e-05,-5.33723e-05,-0.000510572;-4.23881,3.30131 -4.10905,-3.50338 4.01493,-3.55088 4.19123,3.5803;0.0422998 0.039498 0.0468545 0.0408964;0.0151663 0.015672 0.0190323 0.00297255;1,1
1035;1789210769252;0.000154779,-0.000132762,-0.000920049;-4.2388,3.30097 -4.10905,-3.50331 4.01493,-3.55085 4.19124,3.58054;0.042299 0.0394979 0.0468543 0.0408983;0.0151663 0.015672 0.0190323 0.00297255;1,1
1036;1789210769302;2.32151e-05,-0.000239457,-0.000524703;-4.2388,3.3007 -4.10905,-3.50325 4.01493,-3.55101 4.19124,3.58061;0.0422986 0.0394978 0.0468555 0.0408988;0.0151663 0.015672 0.0190323 0.00297255;1,1
1037;1789210769353;-4.19959e-05,-0.000403306,-0.000463829;-4.23879,3.29959 -4.10903,-3.50334 4.01493,-3.55089 4.19125,3.58101;0.0422965 0.0394979 0.0468546 0.040902;0.0151663 0.015672 0.0190323 0.00297255;1,1
1038;1789210769397;2.97031e-05,-0.000358468,-0.000228166;-4.23881,3.30149 -4.10905,-3.50334 4.01493,-3.55084 4.19124,3.58047;0.0422998 0.0394979 0.0468542 0.0408977;0.0151663 0.015672 0.0190323 0.00297255;1,1
1039;1789210769447;0.00011629,-0.000304741,-0.000172138;-4.23879,3.29998 -4.10904,-3.50325 4.01493,-3.55096 4.19125,3.58093;0.0422971 0.0394978 0.0468551 0.0409013;0.0151663 0.015672 0.0190323 0.00297255;1,1
1040;1789210769499;0.00019029,-0.000259986,-0.000274686;-4.23881,3.30145 -4.10905,-3.50341 4.01493,-3.55083 4.19124,3.58041;0.0422999 0.039498 0.0468542 0.0408972;0.0151663 0.015672 0.0190323 0.00297255;1,1
1041;1789210769555;0.000261478,-0.000232793,-0.000336394;-4.2388,3.30086 -4.10905,-3.5032 4.01493,-3.55101 4.19124,3.58061;0.0422988 0.0394977 0.0468555 0.0408988;0.0151663 0.015672 0.0190323 0.00297255;1,1
1042;1789210769856;-0.000206503,-0.00020491,-3.14095;-4.23867,3.29404 -4.10901,-3.50517 4.01492,-3.55124 4.19121,3.57935;0.0422912 0.0395007 0.0468575 0.0408911;0.0151663 0.015672 0.0190323 0.00297255;1,1
1043;1789210769900;-4.59099e-05,-2.90594e-05,5.85585e-05;-4.23905,3.28715 -4.1086,-3.50437 4.01494,-3.55032 4.19126,3.5814;0.0422807 0.0394988 0.0468505 0.0409075;0.0151663 0.015672 0.0190323 0.00297255;1,1
1044;1789210769953;0.000116516,-5.59365e-05,0.000645266;-4.23907,3.28802 -4.10861,-3.50378 4.01494,-3.55035 4.19126,3.58146;0.0422818 0.0394979 0.0468506 0.0409078;0.0151663 0.015672 0.0190323 0.00297255;1,1
1045;1789210770004;0.000328672,-5.26931e-05,0.000450883;-4.23901,3.28774 -4.10863,-3.50404 4.01495,-3.55017 4.19127,3.58164;0.042281 0.0394983 0.0468492 0.0409091;0.0151663 0.015672 0.0190323 0.00297255;1,1
1046;1789210770060;0.00033185,-5.45688e-05,0.000779169;-4.23904,3.28904 -4.10863,-3.50367 4.01494,-3.55039 4.19126,3.5813;0.0422832 0.0394978 0.0468509 0.0409064;0.0151663 0.015672 0.0190323 0.00297255;1,1
1047;1789210770366;-0.000326305,-9.93756e-05,-3.1413;-4.23926,3.29356 -4.10841,-3.50539 4.01492,-3.55113 4.19122,3.57958;0.0422923 0.0395001 0.0468567 0.0408929;0.0151663 0.015672 0.0190323 0.00297255;1,1
1048;1789210770407;-2.77652e-05,3.73409e-06,0.000256594;-4.23897,3.28835 -4.10842,-3.50428 4.01494,-3.55045 4.19125,3.58083;0.0422827 0.0394981 0.0468514 0.0409032;0.0151663 0.015672 0.0190323 0.00297255;1,1
1049;1789210770459;-7.08904e-05,-9.98522e-06,0.000481185;-4.23882,3.28896 -4.10854,-3.50369 4.01494,-3.55045 4.19125,3.58118;0.0422825 0.0394974 0.0468513 0.0409055;0.0151663 0.015672 0.0190323 0.00297255;1,1
1050;1789210770514;-0.000128965,-0.000101664,0.000403262;-4.23917,3.28895 -4.10829,-3.50392 4.01494,-3.55033 4.19125,3.5811;0.0422838 0.0394974 0.0468505 0.040905;0.0151663 0.015672 0.0190323 0.00297255;1,1
1051;1789210770572;-0.00021767,-0.000194963,0.000619005;-4.23917,3.28859 -4.10829,-3.50382 4.01494,-3.5504 4.19126,3.58139;0.0422829 0.0394973 0.046851 0.0409071;0.0151663 0.015672 0.0190323 0.00297255;1,1
1052;1789210770620;-0.000276638,-0.000286952,0.00017118;-4.23918,3.28953 -4.10829,-3.50401 4.01495,-3.55028 4.19125,3.58113;0.0422846 0.0394975 0.0468501 0.0409051;0.0151663 0.015672 0.0190323 0.00297255;1,1
1053;1789210770670;-0.000338307,-0.000382509,0.000618043;-4.23916,3.28767 -4.10828,-3.50394 4.01494,-3.55032 4.19127,3.58164;0.0422814 0.0394974 0.0468504 0.0409092;0.0151663 0.015672 0.0190323 0.00297255;1,1
1054;1789210770716;-0.00036703,-0.000473395,0.000871615;-4.2379,3.29496 -4.10989,-3.50272 4.0154,-3.55107 4.19082,3.57886;0.0422904 0.0394984 0.0468595 0.0408837;0.0151663 0.015672 0.0190323 0.00297255;1,1
1055;1789210770770;-0.000401464,-0.00059374,0.00173856;-4.23917,3.28998 -4.10831,-3.50398 4.01542,-3.55036 4.19087,3.58087;0.0422855 0.0394975 0.0468542 0.0408993;0.0151663 0.015672 0.0190323 0.00297255;1,1
1056;1789210770823;-0.000420978,-0.000643563,0.00170966;-4.23918,3.28936 -4.10829,-3.50391 4.01542,-3.55034 4.19087,3.58104;0.0422844 0.0394974 0.0468541 0.0409007;0.0151663 0.015672 0.0190323 0.00297255;1,1
1057;1789210771019;-0.000532666,-0.000487778,0.00204144;-4.23938,3.30017 -4.10828,-3.50478 4.01539,-3.55158 4.19082,3.5788;0.0423025 0.0394989 0.0468636 0.0408821;0.0151663 0.015672 0.0190323 0.00297255;1,1
1058;1789210771078;8.1201e-05,-1.65188e-05,-0.00018598;-4.23875,3.29969 -4.10907,-3.50334 4.01541,-3.55082 4.19086,3.58068;0.0422969 0.0394979 0.0468576 0.0408959;0.0151663 0.015672 0.0190323 0.00297255;1,1
1059;1789210771130;0.000135126,-4.53454e-05,-6.13558e-05;-4.23896,3.3008 -4.1089,-3.5034 4.01541,-3.5508 4.19086,3.58047;0.0422995 0.0394978 0.0468575 0.0408941;0.0151663 0.015672 0.0190323 0.00297255;1,1
1060;1789210771183;3.22491e-05,-4.42409e-05,0.000187433;-4.23896,3.3004 -4.10891,-3.50283 4.0154,-3.5511 4.19086,3.58038;0.0422991 0.039497 0.0468597 0.0408935;0.0151663 0.015672 0.0190323 0.00297255;1,1
1061;1789210771481;1.13364e-05,-2.71179e-05,3.14147;-4.23885,3.29469 -4.10887,-3.50518 4.0154,-3.55128 4.19083,3.57916;0.0422929 0.0395005 0.0468614 0.0408859;0.0151663 0.015672 0.0190323 0.00297255;1,1
1062;1789210771525;-5.34036e-06,-5.0042e-05,0.000358527;-4.2389,3.28797 -4.10873,-3.50444 4.01542,-3.55036 4.19088,3.58122;0.0422815 0.039499 0.0468543 0.0409023;0.0151663 0.015672 0.0190323 0.00297255;1,1
1063;1789210771579;1.74049e-05,-9.102e-05,0.00108136;-4.23901,3.28825 -4.10866,-3.50403 4.01542,-3.55029 4.19089,3.58149;0.0422818 0.0394983 0.0468537 0.0409042;0.0151663 0.015672 0.0190323 0.00297255;1,1
1064;1789210771632;7.9644e-05,-5.02553e-05,0.000585108;-4.23904,3.28975 -4.10867,-3.50377 4.01542,-3.55047 4.19087,3.58102;0.0422845 0.039498 0.046855 0.0409005;0.0151663 0.015672 0.0190323 0.00297255;1,1
1065;1789210771691;0.000102881,-7.77085e-05,0.00069451;-4.23904,3.28977 -4.10867,-3.50376 4.01542,-3.55039 4.19087,3.58093;0.0422847 0.039498 0.0468545 0.0408998;0.0151663 0.015672 0.0190323 0.00297255;1,1
1066;1789210771741;3.5409e-05,-0.000131621,0.000861237;-4.23904,3.28986 -4.10867,-3.50388 4.01542,-3.55034 4.19087,3.58105;0.0422846 0.0394981 0.046854 0.0409006;0.0151663 0.015672 0.0190323 0.00297255;1,1
1067;1789210771788;-8.68177e-06,-0.000182413,0.000954849;-4.23906,3.29097 -4.10867,-3.50382 4.01542,-3.5504 4.19086,3.58054;0.0422869 0.0394981 0.0468545 0.0408967;0.0151663 0.015672 0.0190323 0.00297255;1,1
1068;1789210771836;3.24981e-05,-0.000221497,0.000865915;-4.23902,3.289 -4.10867,-3.5039 4.01542,-3.5504 4.19088,3.58127;0.0422832 0.0394982 0.0468545 0.0409024;0.0151663 0.015672 0.0190323 0.00297255;1,1
1069;1789210771893;8.20239e-05,-0.000264678,0.000166493;-4.23904,3.29023 -4.10867,-3.50368 4.01542,-3.55048 4.19087,3.58087;0.0422854 0.0394979 0.0468551 0.0408993;0.0151663 0.015672 0.0190323 0.00297255;1,1
1070;1789210771942;5.49556e-05,-0.000196166,0.000389239;-4.23905,3.29068 -4.10867,-3.50386 4.01542,-3.5504 4.19087,3.5807;0.0422862 0.0394981 0.0468545 0.040898;0.0151663 0.015672 0.0190323 0.00297255;1,1
1071;1789210772151;-0.00044397,-0.000270414,-0.000390677;-4.23921,3.29892 -4.10865,-3.50468 4.01538,-3.55174 4.19083,3.57931;0.0422995 0.0394995 0.0468647 0.0408861;0.0151663 0.015672 0.0190323 0.00297255;1,1
1072;1789210772200;-3.63862e-05,-0.000140094,-2.70587e-05;-4.23918,3.2972 -4.10869,-3.50278 4.01539,-3.55143 4.19089,3.58158;0.0422939 0.0394967 0.0468622 0.0409029;0.0151663 0.015672 0.0190323 0.00297255;1,1
1073;1789210772246;-4.24354e-05,-0.000146149,-0.000155555;-4.23921,3.29898 -4.10869,-3.50279 4.01539,-3.55133 4.19088,3.58116;0.042297 0.0394967 0.0468614 0.0408995;0.0151663 0.015672 0.0190323 0.00297255;1,1
1074;1789210772301;1.14313e-05,0.000129212,-0.000307631;-4.23912,3.29634 -4.10874,-3.50301 4.0154,-3.55122 4.1909,3.58198;0.0422921 0.0394971 0.0468606 0.040906;0.0151663 0.015672 0.0190323 0.00297255;1,1
1075;1789210772604;-7.61409e-05,-5.31354e-05,3.1414;-4.23908,3.29414 -4.1087,-3.50523 4.0154,-3.55123 4.19083,3.57907;0.0422932 0.0395004 0.0468609 0.0408854;0.0151663 0.015672 0.0190323 0.00297255;1,1
1076;1789210772650;6.57548e-05,-7.74537e-05,4.07523e-05;-4.23897,3.28847 -4.10872,-3.50413 4.01542,-3.55047 4.19086,3.5803;0.0422837 0.0394986 0.0468551 0.0408955;0.0151663 0.015672 0.0190323 0.00297255;1,1
1077;1789210772696;4.37054e-05,-3.99575e-05,0.000167881;-4.23896,3.28792 -4.10872,-3.50387 4.01542,-3.55035 4.19087,3.58093;0.042282 0.0394982 0.0468541 0.0409002;0.0151663 0.015672 0.0190323 0.00297255;1,1
1078;1789210772743;-5.12549e-05,8.68458e-05,-0.00042561;-4.23913,3.29682 -4.10876,-3.50203 4.01489,-3.55154 4.19118,3.57758;0.042299 0.0394957 0.0468592 0.0408779;0.0151663 0.015672 0.0190323 0.00297255;1,1
1079;1789210772804;-7.08685e-05,0.000121461,-0.000983048;-4.23898,3.2892 -4.10872,-3.50381 4.01492,-3.55037 4.19126,3.58063;0.0422842 0.0394981 0.0468505 0.0409017;0.0151663 0.015672 0.0190323 0.00297255;1,1
1080;1789210773114;1.85863e-05,-0.000205867,3.14124;-4.23922,3.30157 -4.10873,-3.50351 4.01515,-3.55237 4.19044,3.5762;0.0423075 0.039498 0.0468698 0.0408625;0.0151663 0.015672 0.0190323 0.00297255;1,1
1081;1789210773159;-2.43002e-05,-1.82825e-05,-0.000183435;-4.23914,3.29718 -4.10876,-3.50214 4.01679,-3.55193 4.18883,3.57692;0.0423003 0.0394959 0.0468799 0.0408544;0.0151663 0.015672 0.0190323 0.00297255;1,1
1082;1789210773218;-5.71464e-05,-4.77547e-05,-0.000713087;-4.23916,3.29825 -4.10876,-3.50175 4.01678,-3.55178 4.18885,3.57727;0.0423013 0.0394953 0.0468786 0.0408568;0.0151663 0.015672 0.0190323 0.00297255;1,1
1083;1789210773264;-6.16776e-05,1.63503e-05,-0.00046594;-4.23729,3.29468 -4.11074,-3.50243 4.01808,-3.55141 4.18787,3.57874;0.0422879 0.0394995 0.0468856 0.0408582;0.0151663 0.015672 0.0190323 0.00297255;1,1
1084;1789210773315;-9.63817e-05,7.07703e-05,-0.000521433;-4.23735,3.29766 -4.11075,-3.50173 4.0168,-3.55182 4.18884,3.57746;0.0422939 0.0394986 0.0468791 0.0408582;0.0151663 0.015672 0.0190323 0.00297255;1,1
1085;1789210773361;-0.000139122,0.000135613,-0.000525268;-4.23733,3.29683 -4.11075,-3.50185 4.0168,-3.55171 4.18884,3.57763;0.0422925 0.0394987 0.0468783 0.0408596;0.0151663 0.015672 0.0190323 0.00297255;1,1
1086;1789210773417;-0.000195914,0.000222395,-0.000864671;-4.23733,3.29663 -4.11075,-3.50176 4.0168,-3.55175 4.18884,3.5777;0.0422921 0.0394986 0.0468786 0.0408601;0.0151663 0.015672 0.0190323 0.00297255;1,1
1087;1789210773471;-0.000190503,0.000312313,-0.000775331;-4.23727,3.2939 -4.11074,-3.50253 4.0181,-3.55126 4.18786,3.57893;0.0422866 0.0394997 0.0468846 0.0408596;0.0151663 0.015672 0.0190323 0.00297255;1,1
1088;1789210773532;-0.000149219,0.000417243,-0.000818839;-4.23733,3.29701 -4.11075,-3.50175 4.01681,-3.55175 4.18884,3.57771;0.0422926 0.0394986 0.0468786 0.0408601;0.0151663 0.015672 0.0190323 0.00297255;1,1
1089;1789210773574;-9.72065e-05,0.000450125,-0.00118722;-4.23709,3.29464 -4.11089,-3.50249 4.01808,-3.55133 4.18787,3.57865;0.0422873 0.0394998 0.046885 0.0408575;0.0151663 0.015672 0.0190323 0.00297255;1,1
1090;1789210773776;0.00039112,0.000415272,-0.00206969;-4.23717,3.29918 -4.11085,-3.50469 4.01807,-3.55166 4.18788,3.57912;0.0422928 0.0395031 0.0468877 0.04086;0.0151663 0.015672 0.0190323 0.00297255;1,1
1091;1789210773827;-2.35099e-05,-7.50999e-05,-0.000174752;-4.23715,3.29802 -4.11089,-3.50284 4.01808,-3.55119 4.18793,3.58113;0.0422884 0.0395003 0.046884 0.0408747;0.0151663 0.015672 0.0190323 0.00297255;1,1
1092;1789210773873;-4.43617e-05,-0.000154365,-0.000126544;-4.23909,3.29779 -4.10878,-3.50306 4.01809,-3.55103 4.18793,3.58144;0.0422945 0.0394972 0.0468827 0.0408771;0.0151663 0.015672 0.0190323 0.00297255;1,1
1093;1789210773925;-5.56661e-05,-0.000225924,0.000321257;-4.23921,3.29733 -4.10868,-3.50317 4.01809,-3.55101 4.18794,3.5816;0.0422941 0.0394972 0.0468827 0.0408784;0.0151663 0.015672 0.0190323 0.00297255;1,1
1094;1789210774240;4.8343e-05,0.000245757,-3.14054;-4.23927,3.29362 -4.10841,-3.50544 4.01809,-3.55114 4.18789,3.57946;0.0422924 0.0395001 0.0468839 0.0408636;0.0151663 0.015672 0.0190323 0.00297255;1,1
1095;1789210774287;3.43409e-05,-2.31844e-05,1.27206e-05;-4.23915,3.28722 -4.10827,-3.50418 4.01811,-3.55024 4.18792,3.58077;0.0422818 0.0394977 0.0468769 0.0408745;0.0151663 0.015672 0.0190323 0.00297255;1,1
1096;1789210774345;3.93848e-05,-2.18708e-05,0.000173692;-4.23916,3.28738 -4.10827,-3.50395 4.0181,-3.55041 4.18794,3.58158;0.0422809 0.0394974 0.0468782 0.0408804;0.0151663 0.015672 0.0190323 0.00297255;1,1
1097;1789210774396;-7.1269e-05,7.76905e-05,2.76117e-05;-4.23916,3.28747 -4.10827,-3.504 4.0181,-3.55033 4.18794,3.58166;0.0422809 0.0394975 0.0468776 0.0408809;0.0151663 0.015672 0.0190323 0.00297255;1,1
1098;1789210774448;-0.000135531,0.000128642,0.000518315;-4.23918,3.28938 -4.10829,-3.50402 4.01811,-3.5503 4.18792,3.58107;0.0422843 0.0394975 0.0468774 0.0408762;0.0151663 0.015672 0.0190323 0.00297255;1,1
1099;1789210774492;-0.000132405,6.64749e-05,0.000405053;-4.23917,3.2887 -4.10828,-3.50403 4.0181,-3.55034 4.18793,3.58113;0.0422833 0.0394976 0.0468777 0.0408768;0.0151663 0.015672 0.0190323 0.00297255;1,1
1100;1789210774544;-0.000128923,3.53223e-06,0.000414901;-4.23919,3.29019 -4.1083,-3.50401 4.0181,-3.55034 4.18792,3.58095;0.0422856 0.0394975 0.0468777 0.0408751;0.0151663 0.015672 0.0190323 0.00297255;1,1
1101;1789210774590;-0.000129886,-1.28525e-06,-4.39241e-06;-4.23917,3.28844 -4.10828,-3.50394 4.0181,-3.55045 4.18793,3.58133;0.0422827 0.0394974 0.0468785 0.0408783;0.0151663 0.015672 0.0190323 0.00297255;1,1
1102;1789210774648;-0.000131849,2.02141e-05,-0.00105197;-4.23918,3.28969 -4.10829,-3.50397 4.0181,-3.55034 4.18792,3.58091;0.0422849 0.0394975 0.0468777 0.0408749;0.0151663 0.015672 0.0190323 0.00297255;1,1
1103;1789210774697;-7.82749e-05,-2.38638e-05,-0.00117629;-4.23881,3.28892 -4.10855,-3.50395 4.0181,-3.55037 4.18792,3.58111;0.0422823 0.0394977 0.0468779 0.0408766;0.0151663 0.015672 0.0190323 0.00297255;1,1
1104;1789210774901;-8.33421e-05,-0.000227526,-0.00161761;-4.23901,3.29965 -4.10853,-3.50482 4.01807,-3.55164 4.18787,3.57891;0.0423002 0.0394993 0.0468876 0.0408583;0.0151663 0.015672 0.0190323 0.00297255;1,1
1105;1789210774953;2.07086e-06,-1.7169e-05,-0.00063191;-4.23904,3.29866 -4.10882,-3.50341 4.01809,-3.55093 4.18792,3.58102;0.042296 0.0394978 0.0468821 0.0408738;0.0151663 0.015672 0.0190323 0.00297255;1,1
1106;1789210774997;-9.18444e-06,-5.12604e-05,-0.000967222;-4.239,3.29889 -4.10885,-3.50342 4.01809,-3.55091 4.18792,3.58089;0.0422964 0.0394978 0.0468819 0.0408728;0.0151663 0.015672 0.0190323 0.00297255;1,1
1107;1789210775050;-4.76224e-05,-6.94356e-05,-0.000309416;-4.23902,3.29998 -4.10886,-3.503 4.01808,-3.55121 4.18791,3.58051;0.0422984 0.0394972 0.0468841 0.0408699;0.0151663 0.015672 0.0190323 0.00297255;1,1
1108;1789210775367;9.70944e-05,-6.63804e-05,-3.14098;-4.23927,3.29347 -4.10841,-3.50542 4.01809,-3.55113 4.18789,3.57959;0.0422921 0.0395001 0.0468838 0.0408646;0.0151663 0.015672 0.0190323 0.00297255;1,1
1109;1789210775408;-5.23626e-05,4.89737e-06,0.000200673;-4.23916,3.28702 -4.10827,-3.50423 4.01811,-3.55013 4.18792,3.58101;0.0422812 0.0394978 0.0468761 0.0408763;0.0151663 0.015672 0.0190323 0.00297255;1,1
1110;1789210775459;-0.000118709,8.72437e-05,-0.000205713;-4.23917,3.2877 -4.10828,-3.50402 4.01811,-3.55028 4.18794,3.58163;0.0422813 0.0394975 0.0468772 0.0408806;0.0151663 0.015672 0.0190323 0.00297255;1,1
1111;1789210775510;-0.000133045,0.000205423,-0.00035083;-4.23918,3.28866 -4.10829,-3.50401 4.0181,-3.55033 4.18793,3.58147;0.0422828 0.0394975 0.0468776 0.0408793;0.0151663 0.015672 0.0190323 0.00297255;1,1
1112;1789210775573;-0.000183213,0.00028401,-0.000421833;-4.23917,3.28787 -4.10828,-3.50396 4.0181,-3.55035 4.18794,3.5816;0.0422816 0.0394975 0.0468778 0.0408803;0.0151663 0.015672 0.0190323 0.00297255;1,1
1113;1789210775878;0.000260986,0.000401695,-3.14094;-4.23928,3.29398 -4.10826,-3.50522 4.01808,-3.55123 4.18788,3.57907;0.0422935 0.0394995 0.0468846 0.0408607;0.0151663 0.015672 0.0190323 0.00297255;1,1
1114;1789210775922;-4.01174e-05,3.61512e-05,0.000102518;-4.2391,3.28422 -4.10827,-3.50462 4.01811,-3.55023 4.18792,3.58101;0.0422774 0.0394984 0.0468769 0.0408769;0.0151663 0.015672 0.0190323 0.00297255;1,1
1115;1789210775973;-8.75439e-05,7.90724e-05,5.24562e-05;-4.23917,3.28825 -4.10828,-3.50388 4.0181,-3.55036 4.18792,3.58101;0.0422829 0.0394973 0.0468778 0.040876;0.0151663 0.015672 0.0190323 0.00297255;1,1
1116;1789210776027;4.23183e-06,8.56295e-05,-0.000298813;-4.23905,3.287 -4.1086,-3.50403 4.01811,-3.5502 4.18793,3.58143;0.0422803 0.0394982 0.0468766 0.0408794;0.0151663 0.015672 0.0190323 0.00297255;1,1
1117;1789210776088;9.23687e-05,0.00014203,-0.000845711;-4.23907,3.28773 -4.1086,-3.50386 4.0181,-3.55034 4.18793,3.58114;0.0422817 0.039498 0.0468777 0.040877;0.0151663 0.015672 0.0190323 0.00297255;1,1
1118;1789210776133;0.000120187,0.000125227,-0.000622656;-4.23909,3.28905 -4.1086,-3.5039 4.01811,-3.55031 4.18792,3.58079;0.042284 0.0394981 0.0468774 0.0408742;0.0151663 0.015672 0.0190323 0.00297255;1,1
1119;1789210776180;0.00013593,8.73717e-05,-0.000824803;-4.23911,3.28992 -4.10861,-3.50385 4.0181,-3.55042 4.18791,3.58041;0.0422857 0.039498 0.0468783 0.0408713;0.0151663 0.015672 0.0190323 0.00297255;1,1
1120;1789210776235;0.000169428,5.68295e-05,-0.00102079;-4.23908,3.2883 -4.10861,-3.50373 4.0181,-3.55049 4.18792,3.58088;0.0422829 0.0394978 0.0468788 0.0408751;0.0151663 0.015672 0.0190323 0.00297255;1,1
1121;1789210776292;0.000221985,3.36991e-05,-0.000230563;-4.23909,3.28919 -4.10861,-3.50374 4.0181,-3.55049 4.18791,3.5807;0.0422843 0.0394979 0.0468788 0.0408735;0.0151663 0.015672 0.0190323 0.00297255;1,1
1122;1789210776340;0.00027268,4.23776e-06,-0.000361838;-4.23908,3.28869 -4.1086,-3.50389 4.01811,-3.55029 4.18792,3.58078;0.0422835 0.039498 0.0468773 0.0408743;0.0151663 0.015672 0.0190323 0.00297255;1,1
1123;1789210776542;0.000355841,1.8888e-05,-0.000363164;-4.23928,3.29898 -4.10859,-3.50485 4.01807,-3.55157 4.18788,3.57917;0.0422999 0.0394997 0.0468871 0.0408604;0.0151663 0.015672 0.0190323 0.00297255;1,1
1124;1789210776598;4.41367e-05,0.000184539,0.000384354;-4.23928,3.29905 -4.10862,-3.5031 4.01809,-3.55105 4.18792,3.58088;0.0422976 0.039497 0.0468829 0.0408727;0.0151663 0.015672 0.0190323 0.00297255;1,1
1125;1789210776649;9.05369e-05,0.000352273,0.000436119;-4.23899,3.29697 -4.10883,-3.50342 4.01809,-3.5508 4.18794,3.58169;0.0422927 0.0394977 0.0468811 0.0408791;0.0151663 0.015672 0.0190323 0.00297255;1,1
1126;1789210776697;4.36723e-05,0.000197966,-9.2941e-05;-4.2391,3.2971 -4.10874,-3.50348 4.01809,-3.55086 4.18794,3.58164;0.0422933 0.0394977 0.0468815 0.0408787;0.0151663 0.015672 0.0190323 0.00297255;1,1
1127;1789210776997;-6.92093e-05,-0.000132285,3.14099;-4.23904,3.29377 -4.10871,-3.50513 4.01808,-3.55126 4.18788,3.57913;0.0422923 0.0395002 0.0468848 0.0408612;0.0151663 0.015672 0.0190323 0.00297255;1,1
1128;1789210777047;1.92155e-05,3.33501e-05,-4.99627e-05;-4.23884,3.28315 -4.10872,-3.50436 4.01811,-3.55024 4.18793,3.58132;0.0422747 0.0394989 0.046877 0.0408794;0.0151663 0.015672 0.0190323 0.00297255;1,1
1129;1789210777111;3.25284e-05,6.85022e-05,-0.000142444;-4.23892,3.28754 -4.10873,-3.50364 4.0181,-3.55053 4.18792,3.58105;0.0422811 0.0394979 0.0468791 0.0408765;0.0151663 0.015672 0.0190323 0.00297255;1,1
1130;1789210777161;-3.30043e-05,8.88957e-06,-0.000512582;-4.23892,3.28749 -4.10873,-3.50362 4.0181,-3.55045 4.18793,3.58118;0.0422808 0.0394978 0.0468785 0.0408774;0.0151663 0.015672 0.0190323 0.00297255;1,1
1131;1789210777216;-8.46011e-05,-1.68169e-05,-0.000880552;-4.2389,3.28626 -4.10873,-3.50373 4.0181,-3.55033 4.18794,3.58161;0.0422785 0.039498 0.0468775 0.0408808;0.0151663 0.015672 0.0190323 0.00297255;1,1
1132;1789210777266;-4.57525e-05,-0.000113809,-0.00114327;-4.23892,3.28775 -4.10873,-3.50371 4.0181,-3.55041 4.18792,3.58103;0.0422814 0.039498 0.0468781 0.0408763;0.0151663 0.015672 0.0190323 0.00297255;1,1
1133;1789210777315;-7.6897e-06,-0.00020712,-0.000920898;-4.23892,3.28736 -4.10874,-3.50355 4.0181,-3.55053 4.18793,3.58127;0.0422805 0.0394978 0.0468791 0.0408781;0.0151663 0.015672 0.0190323 0.00297255;1,1
1134;1789210777362;3.118e-05,-0.000305204,-0.000951683;-4.23896,3.28982 -4.10874,-3.50355 4.0181,-3.55053 4.18791,3.58068;0.0422847 0.0394978 0.046879 0.0408733;0.0151663 0.015672 0.0190323 0.00297255;1,1
1135;1789210777415;7.60943e-05,-0.000427021,-0.000479945;-4.2389,3.28675 -4.10873,-3.50366 4.0181,-3.55039 4.18793,3.58138;0.0422795 0.0394979 0.046878 0.040879;0.0151663 0.015672 0.0190323 0.00297255;1,1
1136;1789210777461;9.57399e-05,-0.000472552,-0.000837196;-4.23886,3.28706 -4.10876,-3.50376 4.01811,-3.55026 4.18793,3.58145;0.0422797 0.039498 0.0468771 0.0408795;0.0151663 0.015672 0.0190323 0.00297255;1,1
1137;1789210777662;6.37931e-05,-0.000512264,-0.000214176;-4.23911,3.30042 -4.10874,-3.50475 4.01807,-3.55175 4.18787,3.57879;0.0423018 0.0394998 0.0468884 0.0408573;0.0151663 0.015672 0.0190323 0.00297255;1,1
1138;1789210777716;4.663e-05,-5.87364e-05,-0.000754201;-4.23913,3.30126 -4.10878,-3.50287 4.01808,-3.5514 4.18791,3.58031;0.0423008 0.0394969 0.0468855 0.0408681;0.0151663 0.015672 0.0190323 0.00297255;1,1
1139;1789210777766;9.53759e-05,-0.0001218,-0.000536944;-4.23925,3.30761 -4.10881,-3.50127 4.01515,-3.55242 4.19096,3.57753;0.0423137 0.0394947 0.0468679 0.0408731;0.0151663 0.015672 0.0190323 0.00297255;1,1
1140;1789210777818;0.000127092,-8.57327e-05,0.000210976;-4.23913,3.30129 -4.10877,-3.50295 4.01518,-3.55139 4.19103,3.58051;0.0423007 0.039497 0.0468602 0.0408959;0.0151663 0.015672 0.0190323 0.00297255;1,1
1141;1789210778122;-1.11612e-05,-0.000138065,3.14118;-4.23926,3.29352 -4.1084,-3.5055 4.01518,-3.5511 4.19101,3.57965;0.0422922 0.0395002 0.0468584 0.0408914;0.0151663 0.015672 0.0190323 0.00297255;1,1
1142;1789210778168;-0.000142238,6.15655e-05,0.000117517;-4.23911,3.28334 -4.10821,-3.50482 4.01521,-3.55011 4.19107,3.58182;0.0422754 0.0394986 0.0468509 0.0409094;0.0151663 0.015672 0.0190323 0.00297255;1,1
1143;1789210778230;-0.000296026,5.93357e-05,6.46696e-05;-4.23918,3.28892 -4.10828,-3.50423 4.0152,-3.55022 4.19106,3.58141;0.0422834 0.0394978 0.0468516 0.0409052;0.0151663 0.015672 0.0190323 0.00297255;1,1
1144;1789210778280;-0.000230817,-0.000120336,-6.55422e-05;-4.23918,3.28935 -4.10828,-3.50425 4.0152,-3.55024 4.19105,3.5812;0.0422842 0.0394979 0.0468517 0.0409036;0.0151663 0.015672 0.0190323 0.00297255;1,1
1145;1789210778331;-0.000306495,-0.000153994,-0.000706118;-4.23918,3.2892 -4.10828,-3.50412 4.0152,-3.55041 4.19105,3.58124;0.042284 0.0394977 0.046853 0.0409039;0.0151663 0.015672 0.0190323 0.00297255;1,1
1146;1789210778374;-0.000364719,-5.10665e-05,-0.000796968;-4.23918,3.28906 -4.10828,-3.50421 4.0152,-3.55021 4.19105,3.58131;0.0422837 0.0394978 0.0468515 0.0409044;0.0151663 0.015672 0.0190323 0.00297255;1,1
1147;1789210778425;-0.00042655,5.38189e-05,-0.00119449;-4.23917,3.28867 -4.10828,-3.50412 4.0152,-3.55026 4.19106,3.58149;0.0422829 0.0394977 0.0468519 0.0409058;0.0151663 0.015672 0.0190323 0.00297255;1,1
1148;1789210778483;-0.000448666,8.19237e-05,-0.000606597;-4.23917,3.28809 -4.10827,-3.50417 4.0152,-3.55027 4.19106,3.58164;0.0422819 0.0394977 0.046852 0.040907;0.0151663 0.015672 0.0190323 0.00297255;1,1
1149;1789210778537;-0.000469251,0.000110817,-0.000665327;-4.23917,3.28829 -4.10827,-3.50427 4.0152,-3.5503 4.19106,3.58158;0.0422823 0.0394979 0.0468522 0.0409066;0.0151663 0.015672 0.0190323 0.00297255;1,1
1150;1789210778583;-0.000498386,0.000108272,-0.000304343;-4.23917,3.28829 -4.10827,-3.50408 4.0152,-3.5504 4.19106,3.58161;0.0422822 0.0394976 0.0468529 0.0409068;0.0151663 0.015672 0.0190323 0.00297255;1,1
1151;1789210778785;-0.00069186,0.000101695,0.000930103;-4.23912,3.29936 -4.10874,-3.50502 4.01517,-3.55159 4.19101,3.5794;0.0422997 0.0395002 0.046862 0.0408883;0.0151663 0.015672 0.0190323 0.00297255;1,1
1152;1789210778840;0.000118807,3.78128e-05,-2.92643e-05;-4.23886,3.29947 -4.10895,-3.50325 4.01518,-3.5514 4.19105,3.58118;0.0422964 0.0394977 0.0468604 0.0409012;0.0151663 0.015672 0.0190323 0.00297255;1,1
1153;1789210778886;8.26566e-05,1.18123e-05,-0.000112281;-4.2385,3.29995 -4.10921,-3.50333 4.01518,-3.55121 4.19105,3.5811;0.0422958 0.0394981 0.046859 0.0409005;0.0151663 0.015672 0.0190323 0.00297255;1,1
1154;1789210778938;-0.000199223,-8.42176e-05,0.000328455;-4.23886,3.2991 -4.10894,-3.50333 4.01518,-3.55119 4.19105,3.58129;0.0422957 0.0394978 0.0468588 0.0409021;0.0151663 0.015672 0.0190323 0.00297255;1,1
1155;1789210778986;-0.000277946,-0.000129601,0.00080221;-4.23886,3.29938 -4.10894,-3.50335 4.01518,-3.55121 4.19105,3.58121;0.0422962 0.0394978 0.0468589 0.0409015;0.0151663 0.015672 0.0190323 0.00297255;1,1
1156;1789210779043;-0.000223395,-0.000156786,0.00100267;-4.23888,3.30078 -4.10895,-3.50333 4.01518,-3.55121 4.19104,3.58094;0.0422985 0.0394978 0.0468589 0.0408992;0.0151663 0.015672 0.0190323 0.00297255;1,1
1157;1789210779088;-0.000179882,-0.000171206,0.000962072;-4.23868,3.30048 -4.10908,-3.50315 4.01518,-3.55139 4.19104,3.58084;0.0422975 0.0394977 0.0468603 0.0408985;0.0151663 0.015672 0.0190323 0.00297255;1,1
1158;1789210779140;-0.000125228,-9.63623e-05,0.000365547;-4.23886,3.2995 -4.10894,-3.50337 4.01518,-3.55119 4.19105,3.5812;0.0422964 0.0394978 0.0468588 0.0409014;0.0151663 0.015672 0.0190323 0.00297255;1,1
1159;1789210779189;-6.91344e-05,-3.45911e-05,0.000477299;-4.23888,3.30052 -4.10895,-3.50334 4.01518,-3.55121 4.19105,3.581;0.042298 0.0394978 0.046859 0.0408996;0.0151663 0.015672 0.0190323 0.00297255;1,1
1160;1789210779249;-8.15786e-05,-9.36532e-05,0.00059311;-4.23886,3.29909 -4.10895,-3.50313 4.01518,-3.55137 4.19105,3.58131;0.0422956 0.0394975 0.0468601 0.0409023;0.0151663 0.015672 0.0190323 0.00297255;1,1
1161;1789210779295;-0.000101415,-0.000142245,0.000743047;-4.23887,3.30018 -4.10895,-3.50326 4.01518,-3.55131 4.19104,3.58094;0.0422977 0.0394977 0.0468597 0.0408993;0.0151663 0.015672 0.0190323 0.00297255;1,1
1162;1789210779341;-0.000185501,-7.01476e-05,0.00146339;-4.23887,3.30041 -4.10895,-3.50332 4.01518,-3.55124 4.19104,3.58097;0.0422979 0.0394978 0.0468592 0.0408995;0.0151663 0.015672 0.0190323 0.00297255;1,1
1163;1789210779387;-0.000274886,6.24037e-06,0.00132684;-4.23888,3.30103 -4.10896,-3.50312 4.01518,-3.55137 4.19104,3.58075;0.0422991 0.0394975 0.0468601 0.0408978;0.0151663 0.015672 0.0190323 0.00297255;1,1
1164;1789210779440;-0.000294707,3.5029e-05,0.00172506;-4.23887,3.30024 -4.10895,-3.50319 4.01518,-3.55137 4.19105,3.58099;0.0422977 0.0394976 0.0468601 0.0408997;0.0151663 0.015672 0.0190323 0.00297255;1,1
1165;1789210779747;0.00028615,-2.26409e-05,-3.13908;-4.23877,3.295 -4.10892,-3.50509 4.01518,-3.55124 4.191,3.57903;0.0422932 0.0395004 0.0468594 0.0408866;0.0151663 0.015672 0.0190323 0.00297255;1,1
1166;1789210779796;-7.35146e-05,6.70554e-05,0.000487965;-4.23857,3.2848 -4.10893,-3.50436 4.01521,-3.55012 4.19105,3.58119;0.0422763 0.0394992 0.0468508 0.0409045;0.0151663 0.015672 0.0190323 0.00297255;1,1
1167;1789210779858;-0.000167787,0.000153537,0.000406354;-4.23872,3.29222 -4.10895,-3.50352 4.0152,-3.55054 4.19103,3.58018;0.0422878 0.039498 0.0468539 0.0408956;0.0151663 0.015672 0.0190323 0.00297255;1,1
1168;1789210779908;1.17866e-05,3.2626e-05,-5.35317e-05;-4.23871,3.29189 -4.10894,-3.50369 4.0152,-3.55035 4.19103,3.5804;0.042287 0.0394982 0.0468525 0.0408972;0.0151663 0.015672 0.0190323 0.00297255;1,1
1169;1789210779957;0.000115498,-1.62037e-05,-7.94259e-05;-4.23871,3.29203 -4.10895,-3.50365 4.0152,-3.55035 4.19103,3.58023;0.0422874 0.0394982 0.0468525 0.040896;0.0151663 0.015672 0.0190323 0.00297255;1,1
1170;1789210780268;-4.61193e-05,-9.79872e-05,-3.14117;-4.23875,3.29369 -4.10892,-3.50524 4.01518,-3.55119 4.19101,3.57942;0.0422909 0.0395006 0.0468591 0.0408897;0.0151663 0.015672 0.0190323 0.00297255;1,1
1171;1789210780314;-2.72103e-05,5.13494e-05,-0.000425092;-4.23855,3.28343 -4.10893,-3.50449 4.01521,-3.5501 4.19106,3.58148;0.042274 0.0394993 0.0468507 0.0409069;0.0151663 0.015672 0.0190323 0.00297255;1,1
1172;1789210780364;-1.41696e-05,9.40941e-05,-0.000639693;-4.23859,3.28558 -4.10894,-3.50377 4.0152,-3.55047 4.19105,3.58121;0.0422773 0.0394983 0.0468534 0.0409045;0.0151663 0.015672 0.0190323 0.00297255;1,1
1173;1789210780414;2.33287e-05,8.11118e-05,5.31328e-05;-4.2386,3.28621 -4.10894,-3.50388 4.0152,-3.55035 4.19105,3.58113;0.0422783 0.0394985 0.0468525 0.0409038;0.0151663 0.015672 0.0190323 0.00297255;1,1
1174;1789210780472;1.79136e-05,0.000128122,-0.000384632;-4.23859,3.28573 -4.10894,-3.50378 4.0152,-3.55047 4.19105,3.58119;0.0422775 0.0394984 0.0468534 0.0409043;0.0151663 0.015672 0.0190323 0.00297255;1,1
1175;1789210780520;1.33962e-05,0.000169366,-7.28397e-05;-4.2386,3.28611 -4.10894,-3.50386 4.0152,-3.55034 4.19105,3.58103;0.0422783 0.0394984 0.0468525 0.0409031;0.0151663 0.015672 0.0190323 0.00297255;1,1
1176;1789210780571;1.26393e-05,0.000236238,-5.96862e-05;-4.23884,3.28479 -4.10872,-3.50414 4.01521,-3.55014 4.19106,3.58159;0.0422766 0.0394985 0.046851 0.0409074;0.0151663 0.015672 0.0190323 0.00297255;1,1
1177;1789210780618;7.78941e-06,0.000297168,0.000127435;-4.23887,3.28613 -4.10872,-3.50388 4.0152,-3.55028 4.19105,3.58115;0.0422791 0.0394982 0.046852 0.0409039;0.0151663 0.015672 0.0190323 0.00297255;1,1
1178;1789210780669;-6.28159e-05,0.000346221,0.000531292;-4.23889,3.2872 -4.10872,-3.50385 4.0152,-3.55033 4.19104,3.58073;0.0422811 0.0394981 0.0468524 0.0409006;0.0151663 0.015672 0.0190323 0.00297255;1,1
1179;1789210780722;-0.000156683,0.000398572,0.00066036;-4.23889,3.2872 -4.10872,-3.50386 4.0152,-3.55041 4.19104,3.58073;0.0422811 0.0394982 0.046853 0.0409006;0.0151663 0.015672 0.0190323 0.00297255;1,1
1180;1789210780923;-0.000282229,0.000637782,-0.000624743;-4.23913,3.29969 -4.1087,-3.50489 4.01517,-3.55163 4.19098,3.57828;0.0423017 0.0394999 0.0468623 0.0408801;0.0151663 0.015672 0.0190323 0.00297255;1,1
1181;1789210780981;-1.42249e-05,-3.63232e-05,-0.000317725;-4.23912,3.29945 -4.10873,-3.50323 4.01518,-3.55129 4.19101,3.5794;0.0422998 0.0394974 0.0468596 0.0408883;0.0151663 0.015672 0.0190323 0.00297255;1,1
1182;1789210781033;-7.53563e-05,-4.87685e-05,-0.00016158;-4.23909,3.29776 -4.10874,-3.50322 4.01518,-3.55127 4.19099,3.57894;0.0422981 0.0394974 0.0468594 0.0408853;0.0151663 0.015672 0.0190323 0.00297255;1,1
1183;1789210781081;-0.000118487,-2.29966e-05,-0.000416847;-4.23912,3.29926 -4.10873,-3.50327 4.01518,-3.55117 4.19098,3.57847;0.0423009 0.0394974 0.0468587 0.0408816;0.0151663 0.015672 0.0190323 0.00297255;1,1
1184;1789210781380;3.02938e-05,2.70809e-05,-3.14111;-4.23926,3.29335 -4.10841,-3.50536 4.01518,-3.55112 4.19101,3.57963;0.042292 0.0395 0.0468586 0.0408913;0.0151663 0.015672 0.0190323 0.00297255;1,1
1185;1789210781430;2.91034e-05,-1.43296e-05,-1.7885e-05;-4.23911,3.28384 -4.10823,-3.50439 4.01521,-3.54999 4.19106,3.58144;0.0422765 0.0394979 0.0468499 0.0409066;0.0151663 0.015672 0.0190323 0.00297255;1,1
1186;1789210781487;3.07649e-05,-9.54576e-06,0.000127398;-4.23914,3.28669 -4.10827,-3.50395 4.0152,-3.55028 4.19105,3.58105;0.0422809 0.0394974 0.046852 0.0409031;0.0151663 0.015672 0.0190323 0.00297255;1,1
1187;1789210781533;3.18933e-05,3.6925e-05,1.42924e-05;-4.23915,3.28782 -4.10829,-3.50384 4.0152,-3.55047 4.19104,3.58068;0.0422829 0.0394973 0.0468534 0.0409002;0.0151663 0.015672 0.0190323 0.00297255;1,1
1188;1789210781587;9.52758e-05,0.000109029,-0.000222589;-4.23914,3.28629 -4.10827,-3.50399 4.0152,-3.55027 4.19105,3.58116;0.0422802 0.0394974 0.0468519 0.040904;0.0151663 0.015672 0.0190323 0.00297255;1,1
1189;1789210781636;0.000131671,0.000115447,-0.000407932;-4.23914,3.28655 -4.10827,-3.504 4.0152,-3.55033 4.19105,3.5811;0.0422806 0.0394975 0.0468524 0.0409034;0.0151663 0.015672 0.0190323 0.00297255;1,1
1190;1789210781690;0.000129699,5.11185e-06,-0.000225297;-4.23914,3.2866 -4.10827,-3.50388 4.0152,-3.55046 4.19105,3.58107;0.0422807 0.0394973 0.0468534 0.0409032;0.0151663 0.015672 0.0190323 0.00297255;1,1
1191;1789210781735;0.000124249,-6.82692e-05,-0.000535192;-4.23915,3.28782 -4.10829,-3.50375 4.0152,-3.55045 4.19104,3.58068;0.0422829 0.0394972 0.0468533 0.0409001;0.0151663 0.015672 0.0190323 0.00297255;1,1
1192;1789210781786;9.94756e-05,-7.97549e-05,-0.000474065;-4.23915,3.28737 -4.10828,-3.50381 4.0152,-3.55047 4.19104,3.58089;0.042282 0.0394972 0.0468534 0.0409017;0.0151663 0.015672 0.0190323 0.00297255;1,1
1193;1789210781838;7.411e-05,-8.42961e-05,-0.000448036;-4.23914,3.28674 -4.10828,-3.5038 4.0152,-3.55045 4.19105,3.58105;0.0422809 0.0394972 0.0468533 0.040903;0.0151663 0.015672 0.0190323 0.00297255;1,1
1194;1789210781999;-3.46471e-05,-2.83774e-05,-0.000464861;-4.23936,3.29836 -4.10826,-3.50476 4.01517,-3.55174 4.19099,3.5786;0.0423003 0.0394988 0.0468631 0.0408828;0.0151663 0.015672 0.0190323 0.00297255;1,1
1195;1789210782048;-8.04357e-05,2.58664e-06,0.000553824;-4.23933,3.29664 -4.10829,-3.50312 4.01518,-3.55133 4.191,3.57911;0.0422972 0.0394963 0.0468598 0.0408868;0.0151663 0.015672 0.0190323 0.00297255;1,1
1196;1789210782097;-8.76584e-05,2.1206e-05,0.000684024;-4.23901,3.29408 -4.10876,-3.50322 4.01518,-3.55134 4.19102,3.58003;0.0422915 0.0394974 0.0468599 0.0408941;0.0151663 0.015672 0.0190323 0.00297255;1,1
1197;1789210782143;1.5129e-05,5.24398e-05,0.000201728;-4.23905,3.29588 -4.10876,-3.50292 4.01517,-3.55151 4.19101,3.57945;0.0422948 0.039497 0.0468612 0.0408894;0.0151663 0.015672 0.0190323 0.00297255;1,1
1198;1789210782452;-2.84405e-05,1.67871e-05,-3.14135;-4.23903,3.29503 -4.10872,-3.50517 4.01518,-3.55124 4.19099,3.57896;0.0422943 0.0395003 0.0468594 0.0408861;0.0151663 0.015672 0.0190323 0.00297255;1,1
1199;1789210782509;1.35594e-05,3.35177e-05,0.000263502;-4.23885,3.28558 -4.10874,-3.50428 4.01521,-3.55002 4.19104,3.58086;0.0422787 0.0394988 0.0468501 0.0409019;0.0151663 0.015672 0.0190323 0.00297255;1,1
1200;1789210782557;-5.5516e-07,-2.52845e-05,4.90969e-05;-4.23894,3.29025 -4.10874,-3.50386 4.0152,-3.55032 4.19102,3.5798;0.0422866 0.0394982 0.0468523 0.0408932;0.0151663 0.015672 0.0190323 0.00297255;1,1
1201;1789210782608;-2.87821e-05,-0.000124359,-0.000312739;-4.23893,3.28943 -4.10875,-3.50368 4.0152,-3.55051 4.19102,3.58007;0.0422851 0.039498 0.0468537 0.0408953;0.0151663 0.015672 0.0190323 0.00297255;1,1
1202;1789210782655;3.1101e-06,-0.00016198,-0.000246885;-4.23892,3.28914 -4.10875,-3.50374 4.0152,-3.5505 4.19102,3.58016;0.0422845 0.039498 0.0468536 0.0408961;0.0151663 0.015672 0.0190323 0.00297255;1,1
1203;1789210782966;1.92587e-05,-0.000233012,3.14101;-4.23926,3.29293 -4.1084,-3.50546 4.01518,-3.55106 4.19102,3.57989;0.0422911 0.0395001 0.0468581 0.0408932;0.0151663 0.015672 0.0190323 0.00297255;1,1
1204;1789210783018;9.77714e-05,-1.94191e-05,-0.000287223;-4.23911,3.28296 -4.10821,-3.50465 4.01521,-3.54986 4.19107,3.58192;0.0422747 0.0394983 0.0468489 0.0409102;0.0151663 0.015672 0.0190323 0.00297255;1,1
1205;1789210783063;0.000165328,-4.99669e-05,-0.000157082;-4.23913,3.28566 -4.10826,-3.50397 4.0152,-3.55032 4.19106,3.58161;0.0422787 0.0394974 0.0468523 0.0409074;0.0151663 0.015672 0.0190323 0.00297255;1,1
1206;1789210783113;6.99302e-05,-0.000131448,-0.000702497;-4.23913,3.2853 -4.10825,-3.50417 4.0152,-3.55028 4.19106,3.58174;0.0422781 0.0394977 0.046852 0.0409084;0.0151663 0.015672 0.0190323 0.00297255;1,1
1207;1789210783160;7.19586e-05,-0.0002241,-0.00127213;-4.23915,3.28679 -4.10827,-3.50394 4.0152,-3.55034 4.19105,3.58124;0.0422807 0.0394974 0.0468525 0.0409044;0.0151663 0.015672 0.0190323 0.00297255;1,1
1208;1789210783470;4.00531e-05,-0.000109695,-3.14002;-4.23936,3.29352 -4.10834,-3.50557 4.01518,-3.55104 4.19101,3.57959;0.0422926 0.0395002 0.0468579 0.040891;0.0151663 0.015672 0.0190323 0.00297255;1,1
1209;1789210783534;-0.000111147,-8.86237e-05,0.000249083;-4.23931,3.28401 -4.1081,-3.50494 4.01521,-3.54982 4.19106,3.58162;0.0422772 0.0394986 0.0468487 0.0409078;0.0151663 0.015672 0.0190323 0.00297255;1,1
1210;1789210783594;-0.000161905,-7.31411e-05,0.000660081;-4.23935,3.28818 -4.10815,-3.50434 4.0152,-3.55022 4.19104,3.58059;0.0422842 0.0394979 0.0468516 0.0408994;0.0151663 0.015672 0.0190323 0.00297255;1,1
1211;1789210783642;-8.03256e-05,-1.65279e-05,0.00126764;-4.23935,3.28817 -4.10815,-3.50442 4.01521,-3.55011 4.19104,3.58059;0.0422842 0.039498 0.0468508 0.0408994;0.0151663 0.015672 0.0190323 0.00297255;1,1
1212;1789210783689;-9.06916e-05,-0.000121436,0.0016571;-4.23935,3.28818 -4.10816,-3.50425 4.0152,-3.55028 4.19104,3.58059;0.0422842 0.0394977 0.046852 0.0408994;0.0151663 0.015672 0.0190323 0.00297255;1,1
1213;1789210783987;0.00015633,-0.000127621,3.1404;-4.23947,3.29476 -4.10814,-3.50519 4.01518,-3.55128 4.191,3.57917;0.0422952 0.0394993 0.0468597 0.0408876;0.0151663 0.015672 0.0190323 0.00297255;1,1
1214;1789210784040;-7.61237e-05,1.0114e-05,0.000166975;-4.23901,3.2824 -4.10853,-3.50479 4.01521,-3.54993 4.19107,3.58201;0.0422736 0.0394992 0.0468495 0.040911;0.0151663 0.015672 0.0190323 0.00297255;1,1
1215;1789210784094;-0.000108983,3.33452e-05,0.000370307;-4.23912,3.28806 -4.10854,-3.5039 4.0152,-3.55041 4.19104,3.58069;0.0422831 0.039498 0.046853 0.0409001;0.0151663 0.015672 0.0190323 0.00297255;1,1
1216;1789210784146;-3.67266e-05,4.31533e-05,0.000131341;-4.23912,3.28825 -4.10854,-3.50394 4.0152,-3.55042 4.19104,3.58062;0.0422835 0.039498 0.0468531 0.0408996;0.0151663 0.015672 0.0190323 0.00297255;1,1
1217;1789210784190;-4.89625e-05,1.27056e-05,0.000115211;-4.23915,3.28942 -4.10855,-3.50381 4.0152,-3.5506 4.19103,3.58025;0.0422856 0.0394979 0.0468544 0.0408967;0.0151663 0.015672 0.0190323 0.00297255;1,1
1218;1789210784241;-7.05205e-05,-6.33143e-05,-0.000372889;-4.23911,3.28779 -4.10854,-3.50384 4.0152,-3.55039 4.19104,3.58076;0.0422826 0.0394979 0.0468528 0.0409007;0.0151663 0.015672 0.0190323 0.00297255;1,1
1219;1789210784290;-0.000113891,-0.000138722,-0.000724626;-4.23913,3.28836 -4.10855,-3.5038 4.0152,-3.55059 4.19104,3.58061;0.0422836 0.0394979 0.0468544 0.0408995;0.0151663 0.015672 0.0190323 0.00297255;1,1
1220;1789210784351;-0.00022073,-0.000226959,-0.000675424;-4.23911,3.28758 -4.10854,-3.50385 4.0152,-3.55047 4.19104,3.58081;0.0422823 0.0394979 0.0468534 0.0409011;0.0151663 0.015672 0.0190323 0.00297255;1,1
1221;1789210784397;-0.000286082,-0.000274839,-0.000637625;-4.23911,3.28769 -4.10855,-3.50379 4.0152,-3.55045 4.19104,3.58078;0.0422825 0.0394978 0.0468533 0.0409009;0.0151663 0.015672 0.0190323 0.00297255;1,1
1222;1789210784445;-0.000288787,-0.000228634,-0.000655905;-4.23913,3.2886 -4.10854,-3.50394 4.0152,-3.55047 4.19103,3.58056;0.042284 0.0394981 0.0468535 0.0408991;0.0151663 0.015672 0.0190323 0.00297255;1,1
1223;1789210784599;-0.000374771,-0.000125485,-0.00116275;-4.23913,3.2886 -4.10858,-3.50191 4.01512,-3.55357 4.19103,3.58056;0.042284 0.0394956 0.0468766 0.0408991;0.0151663 0.015672 0.0190323 0.00297255;1,1
1224;1789210784656;-6.41013e-05,-6.26405e-05,-0.000194072;-4.23913,3.2886 -4.10862,-3.49994 4.01513,-3.55339 4.19103,3.58056;0.042284 0.0394926 0.046875 0.0408991;0.0151663 0.015672 0.0190323 0.00297255;1,1
1225;1789210784701;-0.000117609,-0.000140314,0.000347192;-4.23913,3.2886 -4.10862,-3.49999 4.01513,-3.55336 4.19103,3.58056;0.042284 0.0394927 0.0468748 0.0408991;0.0151663 0.015672 0.0190323 0.00297255;1,1
1226;1789210784753;-7.61009e-05,-9.8925e-05,0.00090344;-4.2374,3.28866 -4.11055,-3.50193 4.01516,-3.5522 4.19103,3.58056;0.042278 0.0394987 0.0468663 0.0408991;0.0151663 0.015672 0.0190323 0.00297255;1,1
1227;1789210785069;7.48931e-05,1.00356e-05,-3.14063;-4.23926,3.29354 -4.10842,-3.50541 4.01518,-3.55113 4.19101,3.5796;0.0422923 0.0395001 0.0468587 0.040891;0.0151663 0.015672 0.0190323 0.00297255;1,1
1228;1789210785124;1.58517e-05,-7.78835e-05,-0.000542138;-4.23886,3.28365 -4.10841,-3.50467 4.01521,-3.54999 4.19106,3.58167;0.0422751 0.0394986 0.0468499 0.0409083;0.0151663 0.015672 0.0190323 0.00297255;1,1
1229;1789210785176;2.97391e-05,-0.000151858,0.000107399;-4.23916,3.28808 -4.10828,-3.50408 4.0152,-3.55027 4.19104,3.58065;0.0422833 0.0394976 0.0468519 0.0408999;0.0151663 0.015672 0.0190323 0.00297255;1,1
1230;1789210785220;5.33602e-05,-7.39079e-05,0.000645934;-4.23916,3.28812 -4.10829,-3.50395 4.0152,-3.55047 4.19104,3.58064;0.0422833 0.0394975 0.0468535 0.0408998;0.0151663 0.015672 0.0190323 0.00297255;1,1
1231;1789210785269;9.71482e-05,-6.92485e-05,0.000345665;-4.23916,3.28812 -4.10828,-3.504 4.0152,-3.55034 4.19104,3.58064;0.0422833 0.0394975 0.0468525 0.0408998;0.0151663 0.015672 0.0190323 0.00297255;1,1
1232;1789210785317;9.68698e-05,-0.000113202,0.000331757;-4.23915,3.28701 -4.10827,-3.50412 4.0152,-3.55028 4.19105,3.581;0.0422814 0.0394977 0.046852 0.0409026;0.0151663 0.015672 0.0190323 0.00297255;1,1
1233;1789210785375;8.98451e-05,-0.000168976,-0.000320647;-4.23915,3.28737 -4.10827,-3.50403 4.0152,-3.55028 4.19104,3.58092;0.042282 0.0394975 0.046852 0.040902;0.0151663 0.015672 0.0190323 0.00297255;1,1
1234;1789210785424;7.37136e-05,-0.000196732,-0.000543165;-4.23914,3.2868 -4.10827,-3.50393 4.0152,-3.55045 4.19105,3.58106;0.042281 0.0394974 0.0468532 0.0409031;0.0151663 0.015672 0.0190323 0.00297255;1,1
1235;1789210785477;5.10691e-05,-0.000204979,-0.000464306;-4.23914,3.28656 -4.10827,-3.50401 4.0152,-3.55032 4.19105,3.58111;0.0422806 0.0394975 0.0468523 0.0409035;0.0151663 0.015672 0.0190323 0.00297255;1,1
1236;1789210785520;3.91515e-05,-0.000216083,-0.000533588;-4.23916,3.28811 -4.10828,-3.5041 4.0152,-3.55028 4.19104,3.58064;0.0422833 0.0394976 0.046852 0.0408998;0.0151663 0.015672 0.0190323 0.00297255;1,1
1237;1789210785723;-6.02754e-05,-0.000397682,-0.000847951;-4.23917,3.2972 -4.10867,-3.50512 4.01517,-3.55156 4.191,3.5791;0.0422975 0.0395002 0.0468619 0.0408867;0.0151663 0.015672 0.0190323 0.00297255;1,1
1238;1789210785773;6.46666e-05,-0.000139712,-0.000204718;-4.23898,3.29554 -4.10882,-3.50344 4.01518,-3.5512 4.19101,3.57961;0.0422939 0.0394978 0.0468589 0.0408907;0.0151663 0.015672 0.0190323 0.00297255;1,1
1239;1789210785820;0.000124851,-0.000276503,0.000261815;-4.23898,3.29551 -4.1088,-3.50428 4.01517,-3.55145 4.19101,3.57962;0.0422938 0.0394991 0.0468609 0.0408908;0.0151663 0.015672 0.0190323 0.00297255;1,1
1240;1789210785880;0.000180298,-0.0001777,0.000688298;-4.23884,3.29553 -4.10891,-3.50353 4.01518,-3.5512 4.19101,3.57961;0.0422933 0.0394981 0.0468589 0.0408907;0.0151663 0.015672 0.0190323 0.00297255;1,1
1241;1789210786185;-0.000148059,0.000208253,3.1414;-4.23926,3.29397 -4.10846,-3.50533 4.01518,-3.55112 4.19101,3.57939;0.0422931 0.0395001 0.0468586 0.0408894;0.0151663 0.015672 0.0190323 0.00297255;1,1
1242;1789210786237;6.35722e-05,-2.1092e-05,-0.00012216;-4.23908,3.28272 -4.10832,-3.50448 4.01521,-3.54996 4.19106,3.58179;0.0422745 0.0394983 0.0468497 0.0409093;0.0151663 0.015672 0.0190323 0.00297255;1,1
1243;1789210786285;9.60808e-05,-5.77784e-05,-0.000782341;-4.23912,3.2872 -4.10839,-3.5038 4.0152,-3.55046 4.19104,3.58074;0.0422819 0.0394975 0.0468534 0.0409007;0.0151663 0.015672 0.0190323 0.00297255;1,1
1244;1789210786330;2.06385e-05,-0.000105544,-0.000421949;-4.23914,3.28905 -4.10841,-3.5038 4.0152,-3.55046 4.19103,3.58019;0.0422852 0.0394975 0.0468533 0.0408963;0.0151663 0.015672 0.0190323 0.00297255;1,1
1245;1789210786380;1.21392e-05,-0.000150946,-9.16589e-05;-4.23913,3.28791 -4.1084,-3.50375 4.0152,-3.55047 4.19104,3.58058;0.0422831 0.0394974 0.0468534 0.0408994;0.0151663 0.015672 0.0190323 0.00297255;1,1
1246;1789210786434;2.73337e-05,-3.01289e-05,-0.000133784;-4.23914,3.28904 -4.10841,-3.50378 4.0152,-3.55045 4.19103,3.58019;0.0422851 0.0394975 0.0468533 0.0408963;0.0151663 0.015672 0.0190323 0.00297255;1,1
1247;1789210786491;4.35199e-05,9.58887e-05,-0.000425624;-4.23915,3.28932 -4.10838,-3.50469 4.0152,-3.55057 4.19102,3.58016;0.0422856 0.0394988 0.0468543 0.040896;0.0151663 0.015672 0.0190323 0.00297255;1,1
1248;1789210786543;-1.85497e-05,9.56376e-05,-0.000234241;-4.23913,3.28738 -4.10839,-3.5038 4.0152,-3.55046 4.19104,3.58069;0.0422822 0.0394975 0.0468533 0.0409003;0.0151663 0.015672 0.0190323 0.00297255;1,1
1249;1789210786591;-7.71262e-05,5.94614e-05,0.000514672;-4.23914,3.28904 -4.10841,-3.50378 4.0152,-3.55045 4.19103,3.58019;0.0422851 0.0394975 0.0468533 0.0408963;0.0151663 0.015672 0.0190323 0.00297255;1,1
1250;1789210786636;-9.06184e-05,4.22267e-05,0.000547393;-4.2389,3.28762 -4.10855,-3.50374 4.0152,-3.55045 4.19104,3.58063;0.0422818 0.0394976 0.0468533 0.0408998;0.0151663 0.015672 0.0190323 0.00297255;1,1
1251;1789210786798;0.000143491,-2.49581e-05,-0.000649027;-4.23809,3.30425 -4.11014,-3.50476 4.01508,-3.55245 4.19085,3.57639;0.0423068 0.0395024 0.0468686 0.0408655;0.0151663 0.015672 0.0190323 0.00297255;1,1
1252;1789210786843;7.52467e-05,1.35603e-05,-0.000254981;-4.23776,3.30568 -4.11055,-3.50445 4.01682,-3.55266 4.18946,3.57577;0.0423084 0.0395026 0.0468832 0.040847;0.0151663 0.015672 0.0190323 0.00297255;1,1
1253;1789210786892;0.00011965,6.19599e-05,-0.00012372;-4.23764,3.29909 -4.11055,-3.50469 4.01684,-3.55176 4.18952,3.57838;0.0422955 0.0395028 0.0468764 0.0408673;0.0151663 0.015672 0.0190323 0.00297255;1,1
1254;1789210786947;8.62168e-05,9.1683e-05,0.000258125;-4.23764,3.29909 -4.1106,-3.50198 4.0168,-3.5536 4.18952,3.57838;0.0422955 0.0394991 0.0468899 0.0408673;0.0151663 0.015672 0.0190323 0.00297255;1,1
1255;1789210787250;-7.20816e-05,0.000121298,3.14072;-4.23899,3.29129 -4.10867,-3.50517 4.01685,-3.55128 4.18957,3.58054;0.042287 0.0395002 0.0468728 0.0408846;0.0151663 0.015672 0.0190323 0.00297255;1,1
1256;1789210787299;-1.75708e-05,3.69681e-05,0.0001783;-4.23881,3.28202 -4.10842,-3.50453 4.01688,-3.55001 4.18961,3.58217;0.042272 0.0394984 0.0468631 0.0408985;0.0151663 0.015672 0.0190323 0.00297255;1,1
1257;1789210787345;-3.54869e-05,8.17933e-05,-7.43423e-05;-4.23915,3.28703 -4.10825,-3.50478 4.01687,-3.5506 4.18959,3.58116;0.0422811 0.0394987 0.0468676 0.0408901;0.0151663 0.015672 0.0190323 0.00297255;1,1
1258;1789210787403;-1.3607e-05,3.43022e-05,0.000377306;-4.23915,3.28709 -4.10827,-3.50393 4.01687,-3.55048 4.18959,3.58114;0.0422812 0.0394974 0.0468666 0.0408899;0.0151663 0.015672 0.0190323 0.00297255;1,1
1259;1789210787452;4.2052e-06,-2.37296e-05,-0.000147585;-4.23914,3.28568 -4.10824,-3.50478 4.01687,-3.55059 4.1896,3.58159;0.0422787 0.0394987 0.0468675 0.0408935;0.0151663 0.015672 0.0190323 0.00297255;1,1
1260;1789210787505;2.62872e-05,8.6041e-06,-0.00060979;-4.23878,3.2871 -4.10851,-3.50477 4.01687,-3.5506 4.18959,3.58114;0.0422799 0.039499 0.0468676 0.0408899;0.0151663 0.015672 0.0190323 0.00297255;1,1
1261;1789210787547;4.24208e-05,8.5762e-05,-1.42137e-05;-4.23913,3.28552 -4.10826,-3.50383 4.01687,-3.55048 4.1896,3.58163;0.0422784 0.0394972 0.0468666 0.0408938;0.0151663 0.015672 0.0190323 0.00297255;1,1
1262;1789210787600;7.55726e-05,0.000124394,0.000510926;-4.23915,3.28663 -4.10825,-3.50478 4.01687,-3.55059 4.18959,3.58135;0.0422803 0.0394987 0.0468676 0.0408915;0.0151663 0.015672 0.0190323 0.00297255;1,1
1263;1789210787653;0.000116439,0.000109583,0.000780864;-4.23913,3.28517 -4.10826,-3.50389 4.01687,-3.55046 4.1896,3.58172;0.0422778 0.0394973 0.0468665 0.0408945;0.0151663 0.015672 0.0190323 0.00297255;1,1
1264;1789210787714;0.000165683,4.59012e-05,0.000652905;-4.23915,3.28706 -4.10825,-3.50478 4.01687,-3.5506 4.18959,3.58115;0.0422812 0.0394987 0.0468676 0.04089;0.0151663 0.015672 0.0190323 0.00297255;1,1
1265;1789210787911;0.000327011,-1.05965e-05,0.00115554;-4.23808,3.30435 -4.11016,-3.50475 4.01516,-3.55246 4.19078,3.57635;0.042307 0.0395024 0.0468693 0.0408645;0.0151663 0.015672 0.0190323 0.00297255;1,1
1266;1789210787961;-2.96608e-05,1.56719e-06,0.000830658;-4.23799,3.29978 -4.11016,-3.5047 4.01518,-3.55175 4.19083,3.57825;0.0422979 0.0395022 0.0468639 0.0408792;0.0151663 0.015672 0.0190323 0.00297255;1,1
1267;1789210788010;-6.79535e-05,-2.97207e-06,0.000468178;-4.23775,3.28677 -4.11016,-3.5047 4.01518,-3.55175 4.19097,3.58368;0.0422725 0.0395022 0.0468639 0.0409215;0.0151663 0.015672 0.0190323 0.00297255;1,1
1268;1789210788056;-6.65145e-05,6.50001e-05,1.39613e-05;-4.2395,3.29544 -4.10826,-3.50453 4.01517,-3.55193 4.19087,3.57977;0.0422953 0.0394987 0.0468653 0.0408911;0.0151663 0.015672 0.0190323 0.00297255;1,1
1269;1789210788363;6.0258e-05,-0.000188026,3.14136;-4.23947,3.29388 -4.10824,-3.50529 4.01519,-3.55121 4.19086,3.57941;0.0422937 0.0394997 0.0468599 0.0408889;0.0151663 0.015672 0.0190323 0.00297255;1,1
1270;1789210788422;-1.85499e-05,8.67077e-06,8.94225e-05;-4.23925,3.28279 -4.10826,-3.50458 4.01522,-3.54998 4.19092,3.5817;0.0422753 0.0394984 0.0468505 0.040908;0.0151663 0.015672 0.0190323 0.00297255;1,1
1271;1789210788470;-3.45017e-05,1.61438e-05,0.000147795;-4.23935,3.28763 -4.10825,-3.50488 4.01521,-3.55056 4.19089,3.58076;0.0422832 0.039499 0.0468549 0.0409;0.0151663 0.015672 0.0190323 0.00297255;1,1
1272;1789210788518;5.38959e-06,0.000134663,-9.13819e-06;-4.23899,3.28662 -4.10861,-3.50511 4.01521,-3.55041 4.1909,3.58118;0.0422801 0.0394999 0.0468538 0.0409033;0.0151663 0.015672 0.0190323 0.00297255;1,1
1273;1789210788564;2.41517e-05,0.000256195,0.000267658;-4.23899,3.28658 -4.10863,-3.50398 4.01521,-3.55046 4.1909,3.58112;0.0422801 0.0394982 0.046854 0.0409029;0.0151663 0.015672 0.0190323 0.00297255;1,1
1274;1789210788618;2.0835e-05,0.000315259,0.000198658;-4.239,3.2872 -4.10863,-3.50397 4.01521,-3.55045 4.1909,3.58096;0.0422812 0.0394982 0.046854 0.0409016;0.0151663 0.015672 0.0190323 0.00297255;1,1
1275;1789210788672;6.27089e-06,0.000355281,0.00019371;-4.23899,3.2866 -4.10861,-3.50489 4.01521,-3.55056 4.1909,3.58113;0.0422801 0.0394996 0.0468549 0.040903;0.0151663 0.015672 0.0190323 0.00297255;1,1
1276;1789210788726;7.81781e-06,0.00036045,0.000112709;-4.23901,3.28764 -4.10861,-3.50487 4.01521,-3.55056 4.19089,3.58076;0.0422821 0.0394996 0.0468549 0.0409;0.0151663 0.015672 0.0190323 0.00297255;1,1
1277;1789210788769;1.77228e-05,0.000314455,-0.00023702;-4.239,3.28717 -4.10861,-3.50488 4.01521,-3.55056 4.1909,3.58098;0.0422811 0.0394996 0.0468549 0.0409017;0.0151663 0.015672 0.0190323 0.00297255;1,1
1278;1789210788821;4.03687e-05,0.000312611,-6.53401e-05;-4.23902,3.28829 -4.10861,-3.50487 4.01521,-3.55057 4.19089,3.58065;0.0422831 0.0394995 0.046855 0.0408991;0.0151663 0.015672 0.0190323 0.00297255;1,1
1279;1789210789029;-0.000150952,0.000362476,-0.00158591;-4.23902,3.28829 -4.10867,-3.50204 4.01513,-3.55358 4.19089,3.58065;0.0422831 0.0394959 0.0468774 0.0408991;0.0151663 0.015672 0.0190323 0.00297255;1,1
1280;1789210789086;8.00935e-05,7.49518e-05,-0.000346907;-4.23902,3.28829 -4.10868,-3.50118 4.01514,-3.55351 4.19089,3.58065;0.0422831 0.0394946 0.0468768 0.0408991;0.0151663 0.015672 0.0190323 0.00297255;1,1
1281;1789210789136;0.00015064,0.000140778,-0.000623702;-4.23902,3.28829 -4.10868,-3.50118 4.01514,-3.55351 4.19089,3.58065;0.0422831 0.0394946 0.0468768 0.0408991;0.0151663 0.015672 0.0190323 0.00297255;1,1
1282;1789210789184;1.68013e-05,8.72622e-05,-0.000128254;-4.23902,3.28829 -4.10868,-3.50118 4.01514,-3.55351 4.19089,3.58065;0.0422831 0.0394946 0.0468768 0.0408991;0.0151663 0.015672 0.0190323 0.00297255;1,1
1283;1789210789490;-4.00014e-05,-3.55696e-05,3.14113;-4.23888,3.2907 -4.10883,-3.50511 4.01519,-3.55131 4.19089,3.5805;0.0422859 0.0395004 0.0468606 0.0408975;0.0151663 0.015672 0.0190323 0.00297255;1,1
1284;1789210789550;8.02812e-05,-6.98652e-05,-0.00015046;-4.23906,3.28242 -4.10832,-3.50454 4.01522,-3.55 4.19091,3.58134;0.0422747 0.0394984 0.0468506 0.0409054;0.0151663 0.015672 0.0190323 0.00297255;1,1
1285;1789210789592;8.82097e-05,-7.95838e-05,-0.000252566;-4.23912,3.28734 -4.10836,-3.50481 4.01521,-3.55058 4.19089,3.58042;0.0422825 0.039499 0.0468551 0.0408977;0.0151663 0.015672 0.0190323 0.00297255;1,1
1286;1789210789643;-6.85885e-05,4.62466e-05,0.000465391;-4.2388,3.28737 -4.10859,-3.50481 4.01521,-3.55058 4.19088,3.58042;0.0422814 0.0394992 0.0468551 0.0408976;0.0151663 0.015672 0.0190323 0.00297255;1,1
1287;1789210789688;-0.000128776,9.11137e-05,-0.000270224;-4.23912,3.28734 -4.10836,-3.50481 4.01521,-3.55058 4.19089,3.58042;0.0422825 0.039499 0.0468551 0.0408977;0.0151663 0.015672 0.0190323 0.00297255;1,1
1288;1789210789746;-0.000151074,0.00012067,-0.000314299;-4.23912,3.28734 -4.10836,-3.50481 4.01521,-3.55058 4.19089,3.58042;0.0422825 0.039499 0.0468551 0.0408977;0.0151663 0.015672 0.0190323 0.00297255;1,1
1289;1789210789795;-0.000170865,0.000145186,-0.000128713;-4.23912,3.28678 -4.10836,-3.50482 4.01521,-3.55058 4.19089,3.58066;0.0422814 0.039499 0.046855 0.0408995;0.0151663 0.015672 0.0190323 0.00297255;1,1
1290;1789210789846;-0.000252165,0.00011451,4.26512e-05;-4.23912,3.28734 -4.10836,-3.50481 4.01521,-3.55058 4.19089,3.58042;0.0422825 0.039499 0.0468551 0.0408977;0.0151663 0.015672 0.0190323 0.00297255;1,1
1291;1789210789891;-0.000324225,8.74115e-05,-0.000420445;-4.23911,3.28687 -4.10839,-3.50379 4.01521,-3.55046 4.19089,3.58055;0.0422817 0.0394974 0.046854 0.0408987;0.0151663 0.015672 0.0190323 0.00297255;1,1
1292;1789210789944;-0.000310858,1.1028e-05,-0.000823383;-4.23912,3.28734 -4.10836,-3.50481 4.01521,-3.55058 4.19089,3.58042;0.0422825 0.039499 0.0468551 0.0408977;0.0151663 0.015672 0.0190323 0.00297255;1,1
1293;1789210790145;-0.000426154,4.65071e-05,-0.00125258;-4.23809,3.30428 -4.11014,-3.50477 4.01506,-3.55245 4.19086,3.57639;0.0423069 0.0395024 0.0468685 0.0408655;0.0151663 0.015672 0.0190323 0.00297255;1,1
1294;1789210790196;9.00697e-05,-4.46687e-05,0.000169858;-4.23778,3.28732 -4.11014,-3.50477 4.01506,-3.55245 4.19104,3.58355;0.0422735 0.0395024 0.0468685 0.0409212;0.0151663 0.015672 0.0190323 0.00297255;1,1
1295;1789210790256;0.000161022,-7.57475e-05,1.44943e-05;-4.23892,3.30079 -4.10912,-3.50486 4.01202,-3.55238 4.19331,3.57789;0.0423032 0.0395008 0.0468453 0.040901;0.0151663 0.015672 0.0190323 0.00297255;1,1
1296;1789210790307;5.64309e-05,-7.45714e-06,-0.000806277;-4.23796,3.30487 -4.11031,-3.50463 4.0158,-3.55254 4.19027,3.57613;0.0423075 0.0395025 0.0468746 0.0408578;0.0151663 0.015672 0.0190323 0.00297255;1,1
1297;1789210790613;7.06267e-06,-3.78493e-05,3.1415;-4.23773,3.29304 -4.1103,-3.50509 4.01583,-3.55119 4.19036,3.57961;0.0422862 0.0395029 0.0468645 0.0408855;0.0151663 0.015672 0.0190323 0.00297255;1,1
1298;1789210790663;-6.75828e-05,4.96543e-05,0.00010866;-4.2375,3.28042 -4.11032,-3.50429 4.01586,-3.54987 4.19043,3.58252;0.0422651 0.0395015 0.0468544 0.0409095;0.0151663 0.015672 0.0190323 0.00297255;1,1
1299;1789210790708;-5.22164e-05,0.000138064,0.000267648;-4.23759,3.28556 -4.11031,-3.50461 4.01585,-3.55044 4.1904,3.5814;0.0422735 0.0395021 0.0468587 0.0409002;0.0151663 0.015672 0.0190323 0.00297255;1,1
1300;1789210790760;6.16502e-05,0.000209482,0.000406282;-4.23759,3.28556 -4.11033,-3.50375 4.01585,-3.55035 4.1904,3.58132;0.0422737 0.0395008 0.046858 0.0408996;0.0151663 0.015672 0.0190323 0.00297255;1,1
1301;1789210790809;0.000121523,0.000217581,0.000272981;-4.2376,3.28578 -4.11031,-3.50461 4.01585,-3.55044 4.1904,3.58126;0.042274 0.0395021 0.0468588 0.0408991;0.0151663 0.015672 0.0190323 0.00297255;1,1
1302;1789210791121;-5.99196e-05,0.000387776,3.14134;-4.23777,3.29491 -4.1103,-3.50525 4.01583,-3.55122 4.19035,3.57905;0.0422896 0.0395032 0.0468647 0.040881;0.0151663 0.015672 0.0190323 0.00297255;1,1
1303;1789210791170;4.84294e-05,5.09911e-05,0.000195271;-4.23756,3.28395 -4.11031,-3.50455 4.01586,-3.54996 4.1904,3.58139;0.0422714 0.0395019 0.0468551 0.0409005;0.0151663 0.015672 0.0190323 0.00297255;1,1
1304;1789210791217;9.42873e-05,9.92544e-05,-0.000385401;-4.23766,3.28906 -4.11032,-3.5038 4.01585,-3.55046 4.19038,3.58028;0.0422799 0.0395009 0.0468588 0.0408913;0.0151663 0.015672 0.0190323 0.00297255;1,1
1305;1789210791268;-7.5135e-05,8.69591e-05,-0.00081108;-4.23763,3.28726 -4.11031,-3.50475 4.01585,-3.55056 4.19039,3.58083;0.0422766 0.0395023 0.0468597 0.0408957;0.0151663 0.015672 0.0190323 0.00297255;1,1
1306;1789210791321;-0.000236888,0.000139002,-0.000426652;-4.23767,3.28962 -4.11031,-3.50482 4.01585,-3.55057 4.19037,3.58005;0.0422809 0.0395024 0.0468598 0.0408895;0.0151663 0.015672 0.0190323 0.00297255;1,1
1307;1789210791629;0.000223614,0.000245458,3.14135;-4.23937,3.29324 -4.1083,-3.50554 4.01583,-3.55103 4.19036,3.57966;0.0422921 0.0395001 0.0468634 0.0408858;0.0151663 0.015672 0.0190323 0.00297255;1,1
1308;1789210791680;-2.15909e-07,-8.62468e-05,0.000296336;-4.23932,3.2833 -4.10801,-3.50462 4.01586,-3.54982 4.1904,3.58135;0.0422767 0.0394979 0.0468541 0.0409003;0.0151663 0.015672 0.0190323 0.00297255;1,1
1309;1789210791724;-6.03087e-05,-4.41531e-05,0.000306642;-4.23937,3.28755 -4.10804,-3.5051 4.01585,-3.55038 4.19039,3.58077;0.0422831 0.0394988 0.0468584 0.0408952;0.0151663 0.015672 0.0190323 0.00297255;1,1
1310;1789210791789;-0.000147981,0.000104004,0.000571629;-4.23937,3.28746 -4.10804,-3.5051 4.01585,-3.55038 4.19039,3.5808;0.042283 0.0394988 0.0468584 0.0408954;0.0151663 0.015672 0.0190323 0.00297255;1,1
1311;1789210791832;-0.000119996,7.30054e-05,0.000708824;-4.23937,3.28712 -4.10804,-3.5051 4.01585,-3.55038 4.19039,3.58097;0.0422823 0.0394988 0.0468584 0.0408967;0.0151663 0.015672 0.0190323 0.00297255;1,1
1312;1789210792130;0.000181516,-6.52036e-05,-3.14093;-4.2395,3.29376 -4.10803,-3.50522 4.01583,-3.55117 4.19035,3.57921;0.0422939 0.0394991 0.0468643 0.0408825;0.0151663 0.015672 0.0190323 0.00297255;1,1
1313;1789210792181;-0.000123404,3.85738e-05,0.000117724;-4.23925,3.28118 -4.10805,-3.50455 4.01586,-3.54986 4.19042,3.58192;0.0422729 0.0394979 0.0468543 0.0409049;0.0151663 0.015672 0.0190323 0.00297255;1,1
1314;1789210792228;-0.000214319,8.38325e-05,-0.00012449;-4.23936,3.2864 -4.10804,-3.50475 4.01585,-3.55047 4.19039,3.58076;0.0422816 0.0394983 0.046859 0.0408953;0.0151663 0.015672 0.0190323 0.00297255;1,1
1315;1789210792286;-0.000155937,0.000123046,-0.000311105;-4.23952,3.29492 -4.10808,-3.50305 4.01491,-3.55156 4.19116,3.5773;0.0422982 0.039496 0.0468597 0.0408761;0.0151663 0.015672 0.0190323 0.00297255;1,1
1316;1789210792340;-0.000193128,0.000182107,-0.000353382;-4.23902,3.28644 -4.10859,-3.50496 4.01495,-3.55032 4.19124,3.58081;0.0422805 0.0394996 0.0468506 0.0409034;0.0151663 0.015672 0.0190323 0.00297255;1,1
1317;1789210792393;-0.000100892,0.000172964,-0.000938714;-4.23904,3.28742 -4.1086,-3.50474 4.01494,-3.55047 4.19124,3.5804;0.0422824 0.0394993 0.0468516 0.0409002;0.0151663 0.015672 0.0190323 0.00297255;1,1
1318;1789210792435;-2.58932e-05,0.000165781,-0.000863911;-4.23904,3.28742 -4.1086,-3.50474 4.01494,-3.55047 4.19124,3.5804;0.0422824 0.0394993 0.0468516 0.0409002;0.0151663 0.015672 0.0190323 0.00297255;1,1
1319;1789210792484;-3.20304e-05,0.000118081,-0.000688727;-4.23903,3.28687 -4.10859,-3.50474 4.01494,-3.55046 4.19124,3.58063;0.0422814 0.0394993 0.0468516 0.040902;0.0151663 0.015672 0.0190323 0.00297255;1,1
1320;1789210792538;-3.88466e-05,6.48946e-05,-0.000467338;-4.23904,3.28743 -4.1086,-3.50473 4.01494,-3.55047 4.19123,3.5804;0.0422824 0.0394993 0.0468516 0.0409002;0.0151663 0.015672 0.0190323 0.00297255;1,1
1321;1789210792596;1.98335e-05,1.24752e-05,-0.000771333;-4.23904,3.28743 -4.1086,-3.50473 4.01494,-3.55047 4.19123,3.5804;0.0422824 0.0394993 0.0468516 0.0409002;0.0151663 0.015672 0.0190323 0.00297255;1,1
1322;1789210792794;0.00011408,-0.000349885,-0.000242748;-4.23902,3.28612 -4.1086,-3.50473 4.01494,-3.55047 4.19132,3.5839;0.0422757 0.0394993 0.0468516 0.0409259;0.0151663 0.015672 0.0190323 0.00297255;1,1
1323;1789210792849;0.000114929,7.5741e-06,2.32473e-05;-4.23899,3.28483 -4.1086,-3.50473 4.01494,-3.55047 4.19134,3.58445;0.0422732 0.0394993 0.0468516 0.0409302;0.0151663 0.015672 0.0190323 0.00297255;1,1
1324;1789210792908;0.000186051,-2.30753e-05,-9.86651e-06;-4.23901,3.28551 -4.1086,-3.50473 4.01494,-3.55047 4.19133,3.58418;0.0422745 0.0394993 0.0468516 0.0409281;0.0151663 0.015672 0.0190323 0.00297255;1,1
1325;1789210792961;1.68857e-05,-0.000144446,0.000190476;-4.23901,3.28551 -4.1086,-3.50473 4.01494,-3.55047 4.19133,3.58418;0.0422745 0.0394993 0.0468516 0.0409281;0.0151663 0.015672 0.0190323 0.00297255;1,1
1326;1789210793258;3.72978e-05,0.000173644,-3.14059;-4.23913,3.29185 -4.1086,-3.50474 4.01491,-3.55154 4.19124,3.58041;0.0422885 0.0394995 0.0468597 0.0408993;0.0151663 0.015672 0.0190323 0.00297255;1,1
1327;1789210793319;-9.34102e-05,-6.90411e-05,6.13079e-05;-4.23895,3.28244 -4.1086,-3.5044 4.01495,-3.55007 4.19128,3.58222;0.0422731 0.0394988 0.0468485 0.0409146;0.0151663 0.015672 0.0190323 0.00297255;1,1
1328;1789210793373;-0.000189251,-0.00011363,0.000326519;-4.23903,3.28693 -4.1086,-3.50465 4.01494,-3.55067 4.19126,3.58127;0.0422805 0.0394992 0.0468531 0.0409066;0.0151663 0.015672 0.0190323 0.00297255;1,1
1329;1789210793424;-0.000192137,-7.61917e-05,-6.61726e-05;-4.23897,3.28709 -4.10865,-3.50487 4.01494,-3.55052 4.19126,3.5813;0.0422805 0.0394996 0.0468521 0.0409068;0.0151663 0.015672 0.0190323 0.00297255;1,1
1330;1789210793468;-0.000182771,-7.55688e-05,-0.000593147;-4.23899,3.28813 -4.10865,-3.5045 4.01494,-3.55067 4.19125,3.58087;0.0422825 0.0394991 0.0468531 0.0409035;0.0151663 0.015672 0.0190323 0.00297255;1,1
1331;1789210793518;-9.34289e-05,-5.27129e-05,-0.000384724;-4.23898,3.28758 -4.10865,-3.50464 4.01494,-3.55067 4.19125,3.58102;0.0422816 0.0394993 0.0468531 0.0409047;0.0151663 0.015672 0.0190323 0.00297255;1,1
1332;1789210793565;-5.90573e-05,-2.86765e-06,-0.00034479;-4.239,3.2871 -4.10862,-3.50487 4.01494,-3.55052 4.19126,3.5813;0.0422806 0.0394996 0.0468521 0.0409068;0.0151663 0.015672 0.0190323 0.00297255;1,1
1333;1789210793619;-0.00011923,9.7293e-05,-0.000257466;-4.23902,3.28812 -4.10862,-3.50464 4.01494,-3.55067 4.19125,3.58087;0.0422826 0.0394992 0.0468532 0.0409035;0.0151663 0.015672 0.0190323 0.00297255;1,1
1334;1789210793672;-0.000150438,0.000186759,-0.000521378;-4.23901,3.28783 -4.10862,-3.50464 4.01494,-3.55067 4.19125,3.58102;0.042282 0.0394992 0.0468532 0.0409047;0.0151663 0.015672 0.0190323 0.00297255;1,1
1335;1789210793723;-7.22986e-05,0.00021967,-0.000292615;-4.2388,3.28711 -4.10878,-3.50487 4.01494,-3.55053 4.19126,3.58129;0.0422799 0.0394998 0.0468521 0.0409068;0.0151663 0.015672 0.0190323 0.00297255;1,1
1336;1789210793931;-3.32928e-05,0.000266622,-0.000953948;-4.2381,3.30427 -4.11013,-3.50477 4.01504,-3.55245 4.19088,3.57639;0.0423069 0.0395024 0.0468683 0.0408657;0.0151663 0.015672 0.0190323 0.00297255;1,1
1337;1789210793978;2.35981e-05,2.61885e-05,-6.15709e-07;-4.2398,3.30421 -4.10808,-3.50478 4.01504,-3.55245 4.19088,3.57639;0.0423128 0.0394989 0.0468683 0.0408657;0.0151663 0.015672 0.0190323 0.00297255;1,1
1338;1789210794023;9.33785e-06,0.000120034,0.00019419;-4.23823,3.30371 -4.10997,-3.5049 4.01433,-3.55237 4.19145,3.57664;0.0423063 0.0395023 0.0468624 0.0408732;0.0151663 0.015672 0.0190323 0.00297255;1,1
1339;1789210794069;-3.89196e-05,0.00021218,0.000193694;-4.23776,3.30568 -4.11055,-3.50445 4.01682,-3.55266 4.18946,3.57577;0.0423084 0.0395026 0.0468832 0.040847;0.0151663 0.015672 0.0190323 0.00297255;1,1
1340;1789210794378;1.89024e-05,0.000219252,-3.1414;-4.23756,3.29483 -4.11053,-3.50523 4.01686,-3.55124 4.18953,3.57903;0.0422887 0.0395035 0.0468725 0.0408729;0.0151663 0.015672 0.0190323 0.00297255;1,1
1341;1789210794434;2.47862e-05,-8.81935e-06,-7.47238e-06;-4.23736,3.28419 -4.11054,-3.50469 4.01689,-3.54997 4.18958,3.58112;0.0422714 0.0395025 0.0468628 0.0408904;0.0151663 0.015672 0.0190323 0.00297255;1,1
1342;1789210794488;-3.02387e-05,5.82602e-05,0.00027059;-4.23745,3.28903 -4.11054,-3.50481 4.01687,-3.5506 4.18956,3.58016;0.0422792 0.0395028 0.0468676 0.0408824;0.0151663 0.015672 0.0190323 0.00297255;1,1
1343;1789210794544;-0.000116926,0.000139976,0.000348391;-4.23744,3.2885 -4.11054,-3.50482 4.01687,-3.55059 4.18957,3.5804;0.0422782 0.0395028 0.0468676 0.0408842;0.0151663 0.015672 0.0190323 0.00297255;1,1
1344;1789210794588;-0.000104911,9.60544e-05,0.000323674;-4.23746,3.28935 -4.11054,-3.50481 4.01687,-3.5506 4.18956,3.58008;0.0422798 0.0395028 0.0468677 0.0408817;0.0151663 0.015672 0.0190323 0.00297255;1,1
1345;1789210794888;0.000103245,-5.56544e-05,-3.14127;-4.23755,3.2944 -4.11054,-3.50516 4.01686,-3.55124 4.18954,3.5793;0.0422878 0.0395034 0.0468725 0.0408749;0.0151663 0.015672 0.0190323 0.00297255;1,1
1346;1789210794943;-8.60305e-06,-0.000169601,-0.00011065;-4.23734,3.28286 -4.11055,-3.50435 4.01689,-3.55002 4.1896,3.58193;0.0422684 0.039502 0.0468632 0.0408966;0.0151663 0.015672 0.0190323 0.00297255;1,1
1347;1789210794993;-5.66632e-06,-0.000295334,-0.00100111;-4.23755,3.29419 -4.11058,-3.50297 4.01492,-3.55169 4.19117,3.5782;0.0422891 0.0395003 0.0468607 0.0408827;0.0151663 0.015672 0.0190323 0.00297255;1,1
1348;1789210795055;7.07775e-05,-0.000126378,-0.00172233;-4.23745,3.28871 -4.11055,-3.50463 4.01495,-3.55062 4.19123,3.58059;0.0422783 0.0395025 0.0468528 0.0409013;0.0151663 0.015672 0.0190323 0.00297255;1,1
1349;1789210795104;0.000127557,-0.000123115,-0.00202358;-4.23742,3.28726 -4.11054,-3.50466 4.01495,-3.55059 4.19124,3.58107;0.0422756 0.0395026 0.0468526 0.0409051;0.0151663 0.015672 0.0190323 0.00297255;1,1
1350;1789210795152;0.000149767,-4.19152e-05,-0.00188843;-4.23744,3.28861 -4.11055,-3.50465 4.01495,-3.55061 4.19123,3.58063;0.0422781 0.0395026 0.0468527 0.0409016;0.0151663 0.015672 0.0190323 0.00297255;1,1
1351;1789210795199;0.000171592,3.37348e-05,-0.00180485;-4.23746,3.28939 -4.11055,-3.50464 4.01495,-3.55061 4.19122,3.58028;0.0422796 0.0395025 0.0468528 0.0408989;0.0151663 0.015672 0.0190323 0.00297255;1,1
1352;1789210795253;0.000118609,1.89378e-05,-0.00159719;-4.23744,3.28862 -4.11055,-3.50465 4.01495,-3.55061 4.19123,3.58063;0.0422781 0.0395026 0.0468527 0.0409015;0.0151663 0.015672 0.0190323 0.00297255;1,1
1353;1789210795304;4.8666e-05,-2.33932e-05,-0.00150912;-4.23744,3.28862 -4.11055,-3.50465 4.01495,-3.55061 4.19123,3.58063;0.0422781 0.0395026 0.0468527 0.0409015;0.0151663 0.015672 0.0190323 0.00297255;1,1
1354;1789210795358;-4.52192e-06,-1.21986e-05,-0.00128678;-4.23744,3.28862 -4.11055,-3.50465 4.01495,-3.55061 4.19123,3.58063;0.0422781 0.0395026 0.0468527 0.0409015;0.0151663 0.015672 0.0190323 0.00297255;1,1
1355;1789210795565;-0.000185487,7.35302e-05,-0.00113755;-4.23947,3.28855 -4.10809,-3.50466 4.01495,-3.55061 4.19123,3.58063;0.0422851 0.0394984 0.0468527 0.0409015;0.0151663 0.015672 0.0190323 0.00297255;1,1
1356;1789210795614;-3.97181e-06,-2.60965e-05,4.21697e-05;-4.23917,3.28856 -4.1083,-3.50466 4.01495,-3.55061 4.19123,3.58063;0.042284 0.0394986 0.0468527 0.0409015;0.0151663 0.015672 0.0190323 0.00297255;1,1
1357;1789210795666;-6.47504e-06,-4.4591e-05,7.77232e-05;-4.23887,3.28857 -4.10853,-3.50466 4.01495,-3.55061 4.19123,3.58063;0.0422829 0.0394989 0.0468527 0.0409015;0.0151663 0.015672 0.0190323 0.00297255;1,1
1358;1789210795713;2.23536e-06,7.89317e-06,2.9952e-05;-4.23917,3.28856 -4.1083,-3.50466 4.01495,-3.55061 4.19123,3.58063;0.042284 0.0394986 0.0468527 0.0409015;0.0151663 0.015672 0.0190323 0.00297255;1,1
1359;1789210796019;0.000119177,1.84946e-05,-3.14115;-4.23928,3.29395 -4.10829,-3.50522 4.01493,-3.55119 4.1912,3.57916;0.0422935 0.0394995 0.0468572 0.0408897;0.0151663 0.015672 0.0190323 0.00297255;1,1
