{
    "DSRModel": {
        "symbols": {
            "100": {
                "attribute": {
                    "color": {
                        "type": 0,
                        "value": "SeaGreen"
                    },
                    "level": {
                        "type": 1,
                        "value": 0
                    },
                    "pos_x": {
                        "type": 2,
                        "value": 0
                    },
                    "pos_y": {
                        "type": 2,
                        "value": -100
                    }
                },
                "id": "100",
                "links": [
                    {
                        "dst": "200",
                        "label": "RT",
                        "linkAttribute": {
                            "rt_head_index": {
                                "type": 1,
                                "value": 3
                            },
                            "rt_rotation_euler_xyz": {
                                "type": 3,
                                "value": [
                                    0,
                                    0,
                                    -2.7525031566619873,
                                    0,
                                    0,
                                    -2.7525038719177246,
                                    0,
                                    0,
                                    -2.7525038719177246,
                                    0,
                                    0,
                                    -2.7525036334991455,
                                    0,
                                    0,
                                    -2.7525033950805664
                                ]
                            },
                            "rt_se2_covariance": {
                                "type": 3,
                                "value": [
                                    0.004638001788407564,
                                    1.2666082511714194e-05,
                                    5.942543066339567e-05,
                                    0,
                                    0,
                                    0,
                                    1.2666084330703598e-05,
                                    0.0021517262794077396,
                                    2.2262662241701037e-05,
                                    0,
                                    0,
                                    0,
                                    5.942543066339567e-05,
                                    2.2262662241701037e-05,
                                    0.00032798072788864374,
                                    0,
                                    0,
                                    0,
                                    0,
                                    0,
                                    0,
                                    0,
                                    0,
                                    0,
                                    0,
                                    0,
                                    0,
                                    0,
                                    0,
                                    0,
                                    0,
                                    0,
                                    0,
                                    0,
                                    0,
                                    0
                                ]
                            },
                            "rt_timestamps": {
                                "type": 9,
                                "value": [
                                    "1778853545429",
                                    "1778853545229",
                                    "1778853545279",
                                    "1778853545329",
                                    "1778853545379"
                                ]
                            },
                            "rt_translation": {
                                "type": 3,
                                "value": [
                                    0.23845039308071136,
                                    -0.8622785210609436,
                                    0,
                                    0.23845039308071136,
                                    -0.8622785210609436,
                                    0,
                                    0.23845039308071136,
                                    -0.8622785210609436,
                                    0,
                                    0.23845039308071136,
                                    -0.8622785210609436,
                                    0,
                                    0.23845039308071136,
                                    -0.8622785210609436,
                                    0
                                ]
                            }
                        },
                        "src": "100"
                    }
                ],
                "name": "root",
                "type": "root"
            },
            "200": {
                "attribute": {
                    "base_target_x": {
                        "type": 2,
                        "value": 3600
                    },
                    "base_target_y": {
                        "type": 2,
                        "value": 1550
                    },
                    "color": {
                        "type": 0,
                        "value": "Blue"
                    },
                    "level": {
                        "type": 1,
                        "value": 1
                    },
                    "parent": {
                        "type": 7,
                        "value": "100"
                    },
                    "port": {
                        "type": 1,
                        "value": 12238
                    },
                    "pos_x": {
                        "type": 2,
                        "value": 80.43306
                    },
                    "pos_y": {
                        "type": 2,
                        "value": -71.205696
                    },
                    "robot_ref_adv_speed": {
                        "type": 2,
                        "value": 0
                    },
                    "robot_ref_rot_speed": {
                        "type": 2,
                        "value": 0
                    },
                    "robot_ref_side_speed": {
                        "type": 2,
                        "value": 0
                    }
                },
                "id": "200",
                "links": [
                    {
                        "dst": "210",
                        "label": "RT",
                        "linkAttribute": {
                            "rt_rotation_euler_xyz": {
                                "type": 3,
                                "value": [
                                    0,
                                    0,
                                    0
                                ]
                            },
                            "rt_translation": {
                                "type": 3,
                                "value": [
                                    0,
                                    0,
                                    0
                                ]
                            }
                        },
                        "src": "200"
                    },
                    {
                        "dst": "220",
                        "label": "RT",
                        "linkAttribute": {
                            "rt_rotation_euler_xyz": {
                                "type": 3,