wall_ms,type,valid_ts_ms,x,y,theta,innov_norm
1789391269851,0,1789391269823,-0.735313,1.81597,-0.0549992,0.107258
1789391269884,0,1789391269874,-0.729071,1.80237,-0.054446,0.0150912
1789391269966,0,1789391269921,-0.727473,1.79736,-0.0551759,0.00538152
1789391269994,0,1789391269969,-0.7274,1.79736,-0.054548,1.87265e-05
1789391270067,0,1789391270020,-0.727092,1.79724,-0.053859,0.00026647
1789391270136,0,1789391270127,-0.72714,1.79729,-0.0535889,0
1789391270178,0,1789391270171,-0.727237,1.7972,-0.0538762,0
1789391270232,0,1789391270225,-0.727394,1.79705,-0.0537314,0
1789391270279,0,1789391270273,-0.727454,1.797,-0.0534776,0
1789391270338,0,1789391270331,-0.727477,1.79702,-0.0534481,0
1789391270384,0,1789391270378,-0.727498,1.797,-0.0534466,0
1789391270433,0,1789391270426,-0.727561,1.79693,-0.0535275,0
1789391270478,0,1789391270472,-0.727606,1.79689,-0.0534397,0
1789391270536,0,1789391270530,-0.727628,1.79699,-0.0539614,0
1789391270589,0,1789391270583,-0.727646,1.79707,-0.0532585,0
1789391270651,0,1789391270643,-0.727593,1.79705,-0.0535672,0
1789391270692,0,1789391270684,-0.727548,1.79702,-0.0538726,0
1789391270742,0,1789391270735,-0.727494,1.79703,-0.0537213,0
1789391270786,0,1789391270781,-0.727451,1.79704,-0.0535754,0
1789391270844,0,1789391270836,-0.727453,1.79701,-0.0531878,0
1789391270895,0,1789391270890,-0.727507,1.79695,-0.0534537,0
1789391270953,0,1789391270947,-0.727553,1.79692,-0.0533408,0
1789391270997,0,1789391270991,-0.727599,1.79693,-0.0533944,0
1789391271048,0,1789391271041,-0.727626,1.79695,-0.0534589,0
1789391271099,0,1789391271092,-0.72763,1.79697,-0.0535306,0
1789391271157,0,1789391271149,-0.727613,1.79698,-0.0535571,0
1789391271202,0,1789391271195,-0.72752,1.79694,-0.0533808,0
1789391271254,0,1789391271246,-0.727418,1.7969,-0.0532691,0
1789391271299,0,1789391271292,-0.727517,1.79687,-0.0534808,0
1789391271357,0,1789391271350,-0.727648,1.79684,-0.0532451,0
1789391271405,0,1789391271399,-0.727766,1.79692,-0.0537691,0
1789391271455,0,1789391271447,-0.727888,1.79702,-0.0533103,0
1789391271502,0,1789391271495,-0.727912,1.79708,-0.0533383,0
1789391271558,0,1789391271550,-0.727914,1.79713,-0.0524788,0
1789391271613,0,1789391271603,-0.727949,1.79718,-0.0524453,0
1789391271668,0,1789391271658,-0.728056,1.79724,-0.0519562,0
1789391271712,0,1789391271705,-0.728103,1.79726,-0.0521183,0
1789391271762,0,1789391271755,-0.728111,1.79723,-0.0521198,0
1789391271807,0,1789391271801,-0.728117,1.79718,-0.0524781,0
1789391271868,0,1789391271861,-0.728185,1.79701,-0.0529085,0
1789391271915,0,1789391271908,-0.728233,1.79687,-0.0533623,0
1789391271960,0,1789391271953,-0.728179,1.79683,-0.0537538,0
1789391272008,0,1789391272000,-0.728124,1.79679,-0.0544021,0
1789391272062,0,1789391272056,-0.728165,1.79686,-0.0549114,0
1789391272119,0,1789391272113,-0.728256,1.79697,-0.0547167,0
1789391272172,0,1789391272164,-0.728254,1.79697,-0.0548535,0
1789391272216,0,1789391272210,-0.728229,1.79693,-0.0546158,0
1789391272272,0,1789391272262,-0.728262,1.79689,-0.0543265,0
1789391272322,0,1789391272314,-0.728382,1.79685,-0.0544011,0
1789391272375,0,1789391272368,-0.728427,1.79684,-0.0546418,0
1789391272426,0,1789391272419,-0.728339,1.79686,-0.0543336,0
1789391272494,0,1789391272473,-0.728247,1.79689,-0.053573,0
1789391272542,0,1789391272534,-0.728198,1.79684,-0.0535149,0
1789391272591,0,1789391272583,-0.728155,1.79679,-0.0535556,0
1789391272637,0,1789391272631,-0.72816,1.79675,-0.053632,0
1789391272685,0,1789391272679,-0.728164,1.79671,-0.0537085,0
1789391272734,0,1789391272726,-0.728158,1.79668,-0.0528732,0
1789391272790,0,1789391272782,-0.728159,1.79664,-0.05287,0
1789391272837,0,1789391272831,-0.728064,1.79659,-0.0529984,0
1789391272887,0,1789391272879,-0.727945,1.79653,-0.0533788,0
1789391272933,0,1789391272927,-0.727918,1.79647,-0.0528643,0
1789391272984,0,1789391272976,-0.727994,1.79643,-0.0526238,0
1789391273030,0,1789391273024,-0.728068,1.79641,-0.0526455,0
1789391273085,0,1789391273076,-0.728184,1.79646,-0.0528152,0
1789391273137,0,1789391273131,-0.728274,1.79649,-0.053465,0
1789391273188,0,1789391273181,-0.728232,1.79649,-0.0528543,0
1789391273235,0,1789391273227,-0.728191,1.79649,-0.0520108,0
1789391273287,0,1789391273278,-0.728227,1.7965,-0.0519496,0
1789391273335,0,1789391273327,-0.728261,1.7965,-0.051891,0
1789391273392,0,1789391273385,-0.728307,1.7966,-0.0520766,0
1789391273440,0,1789391273434,-0.728357,1.79673,-0.0521659,0
1789391273492,0,1789391273484,-0.728384,1.79681,-0.0525548,0
1789391273538,0,1789391273529,-0.728411,1.79686,-0.0525046,0
1789391273595,0,1789391273586,-0.728422,1.7969,-0.0527638,0
1789391273647,0,1789391273639,-0.728427,1.79692,-0.0516212,0
1789391273704,0,1789391273696,-0.728421,1.797,-0.0516296,0
1789391273746,0,1789391273740,-0.728419,1.79715,-0.0517382,0
1789391273796,0,1789391273789,-0.728427,1.79734,-0.051487,0
1789391273842,0,1789391273836,-0.728504,1.79754,-0.0513201,0
1789391273902,0,1789391273895,-0.728609,1.79781,-0.0505622,0
1789391273955,0,1789391273948,-0.728732,1.79785,-0.0509981,0
1789391274010,0,1789391274003,-0.728864,1.7979,-0.0501351,0
1789391274057,0,1789391274049,-0.728844,1.79778,-0.0501522,0
1789391274108,0,1789391274101,-0.728818,1.79764,-0.0505533,0
1789391274160,0,1789391274153,-0.728807,1.79755,-0.0506137,0
1789391274215,0,1789391274206,-0.728823,1.79749,-0.0501227,0
1789391274259,0,1789391274251,-0.728817,1.79745,-0.0501895,0
1789391274313,0,1789391274306,-0.728822,1.7974,-0.0500503,0
1789391274363,0,1789391274354,-0.72882,1.79736,-0.0502143,0
1789391274412,0,1789391274405,-0.728844,1.79728,-0.050644,0
1789391274466,0,1789391274458,-0.72887,1.79722,-0.0509289,0
1789391274516,0,1789391274510,-0.72894,1.79725,-0.0508841,0
1789391274563,0,1789391274556,-0.728998,1.79727,-0.0508447,0
1789391274622,0,1789391274614,-0.729094,1.79728,-0.0507006,0
1789391274679,0,1789391274672,-0.729197,1.79728,-0.0502552,0
1789391274732,0,1789391274723,-0.729346,1.79714,-0.0497132,0
1789391274776,0,1789391274768,-0.729492,1.79699,-0.0499899,0
1789391274828,0,1789391274820,-0.729564,1.79692,-0.0502709,0
1789391274877,0,1789391274868,-0.729595,1.79691,-0.0499572,0
1789391274934,0,1789391274924,-0.729632,1.79693,-0.0497848,0
1789391274978,0,1789391274969,-0.72968,1.79699,-0.0495779,0
1789391275035,0,1789391275026,-0.729686,1.79704,-0.0498457,0
1789391275081,0,1789391275075,-0.729599,1.79704,-0.0503694,0
1789391275132,0,1789391275124,-0.729526,1.79704,-0.0505291,0
1789391275179,0,1789391275171,-0.72955,1.79705,-0.0505132,0
1789391275230,0,1789391275223,-0.729579,1.79705,-0.050455,0
1789391275283,0,1789391275277,-0.729678,1.79695,-0.0505768,0
1789391275338,0,1789391275330,-0.729782,1.79684,-0.0505569,0
1789391275380,0,1789391275373,-0.729855,1.79688,-0.0510295,0
1789391275429,0,1789391275423,-0.729944,1.79692,-0.0518352,0
1789391275482,0,1789391275474,-0.729996,1.79703,-0.0510117,0
1789391275538,0,1789391275529,-0.730052,1.7972,-0.0509381,0
1789391275582,0,1789391275575,-0.730152,1.79724,-0.0509463,0
1789391275636,0,1789391275627,-0.730341,1.79721,-0.05099,0
1789391275682,0,1789391275674,-0.730477,1.79718,-0.0513996,0
1789391275739,0,1789391275730,-0.730612,1.79719,-0.0516461,0
1789391275784,0,1789391275776,-0.730695,1.79719,-0.0514888,0
1789391275844,0,1789391275835,-0.730733,1.79722,-0.0515504,0
1789391275890,0,1789391275883,-0.730758,1.79725,-0.0516,0
1789391275938,0,1789391275931,-0.730721,1.79724,-0.0521995,0
1789391275995,0,1789391275987,-0.730681,1.79722,-0.0511007,0
1789391276046,0,1789391276035,-0.730675,1.79719,-0.0510844,0
1789391276091,0,1789391276083,-0.730678,1.79717,-0.0508922,0
1789391276149,0,1789391276142,-0.730654,1.7971,-0.0504341,0
1789391276194,0,1789391276186,-0.730632,1.79703,-0.0511771,0
1789391276254,0,1789391276246,-0.730607,1.79699,-0.051566,0
1789391276299,0,1789391276292,-0.730608,1.797,-0.0515547,0
1789391276351,0,1789391276342,-0.730597,1.79698,-0.0512438,0
1789391276395,0,1789391276389,-0.730591,1.79689,-0.0511676,0
1789391276451,0,1789391276443,-0.730586,1.7968,-0.0513806,0
1789391276499,0,1789391276493,-0.73061,1.79684,-0.0513808,0
1789391276550,0,1789391276541,-0.730632,1.79688,-0.051381,0
1789391276593,0,1789391276588,-0.730676,1.79688,-0.0514131,0
1789391276657,0,1789391276647,-0.73074,1.79687,-0.051454,0
1789391276704,0,1789391276695,-0.730753,1.79679,-0.0514617,0
1789391276758,0,1789391276748,-0.730772,1.79668,-0.0515632,0
1789391276810,0,1789391276801,-0.730787,1.7966,-0.0504709,0
1789391276863,0,1789391276852,-0.730816,1.79653,-0.0500921,0
1789391276907,0,1789391276897,-0.730887,1.79654,-0.0501016,0
1789391276954,0,1789391276946,-0.731026,1.79662,-0.0502093,0
1789391277006,0,1789391276997,-0.73106,1.79669,-0.0506264,0
1789391277068,0,1789391277059,-0.730879,1.79676,-0.0513769,0
1789391277115,0,1789391277107,-0.730762,1.7968,-0.0521271,0
1789391277171,0,1789391277162,-0.730826,1.7968,-0.0528543,0
1789391277212,0,1789391277203,-0.730869,1.7968,-0.0528293,0
1789391277268,0,1789391277258,-0.730783,1.79679,-0.0524259,0
1789391277316,0,1789391277308,-0.730695,1.79678,-0.0531102,0
1789391277369,0,1789391277362,-0.730703,1.79694,-0.0521186,0
1789391277431,0,1789391277423,-0.730759,1.79717,-0.051794,0
1789391277479,0,1789391277473,-0.730737,1.79728,-0.0517976,0
1789391277524,0,1789391277518,-0.730703,1.79734,-0.051428,0
1789391277576,0,1789391277569,-0.730686,1.79742,-0.0515218,0
1789391277629,0,1789391277622,-0.730716,1.79751,-0.0518662,0
1789391277681,0,1789391277674,-0.730743,1.79757,-0.052285,0
1789391277726,0,1789391277719,-0.73079,1.79759,-0.0526801,0
1789391277777,0,1789391277768,-0.730825,1.79763,-0.0529797,0
1789391277830,0,1789391277823,-0.730811,1.79776,-0.0526824,0
1789391277881,0,1789391277875,-0.730795,1.79788,-0.0519965,0
1789391277927,0,1789391277920,-0.730786,1.79778,-0.0518529,0
1789391277979,0,1789391277972,-0.73078,1.79766,-0.0513031,0
1789391278021,0,1789391278015,-0.73084,1.79771,-0.0517295,0
1789391278087,0,1789391278079,-0.730945,1.7978,-0.0518231,0
1789391278138,0,1789391278129,-0.730964,1.79784,-0.0519012,0
1789391278185,0,1789391278179,-0.730971,1.79787,-0.0519219,0
1789391278230,0,1789391278223,-0.731056,1.79785,-0.051832,0
1789391278282,0,1789391278274,-0.731245,1.79779,-0.0524136,0
1789391278338,0,1789391278331,-0.73143,1.79776,-0.0529023,0
1789391278387,0,1789391278380,-0.73156,1.79779,-0.0523908,0
1789391278434,0,1789391278427,-0.73164,1.79782,-0.0522823,0
1789391278487,0,1789391278479,-0.731554,1.79785,-0.0516846,0
1789391278540,0,1789391278532,-0.731467,1.79788,-0.0515038,0
1789391278600,0,1789391278593,-0.731452,1.79784,-0.0515535,0
1789391278645,0,1789391278638,-0.731454,1.79781,-0.0518691,0
1789391278694,0,1789391278687,-0.731445,1.79785,-0.0517026,0
1789391278741,0,1789391278734,-0.731439,1.7979,-0.0517632,0
1789391278792,0,1789391278786,-0.731392,1.79797,-0.05255,0
1789391278849,0,1789391278841,-0.73134,1.79806,-0.0525948,0
1789391278902,0,1789391278896,-0.731281,1.79802,-0.0527218,0
1789391278954,0,1789391278946,-0.731248,1.79786,-0.0529281,0
1789391279007,0,1789391278999,-0.731214,1.79772,-0.0532202,0
1789391279049,0,1789391279042,-0.731209,1.79769,-0.0532658,0
1789391279101,0,1789391279093,-0.731201,1.79762,-0.0535621,0
1789391279153,0,1789391279146,-0.731207,1.79745,-0.0539875,0
1789391279203,0,1789391279196,-0.731211,1.79729,-0.0542236,0
1789391279250,0,1789391279242,-0.731164,1.79724,-0.0542759,0
1789391279308,0,1789391279298,-0.731111,1.79718,-0.0542786,0
1789391279358,0,1789391279350,-0.731098,1.79712,-0.0540493,0
1789391279411,0,1789391279401,-0.731102,1.79706,-0.0542982,0
1789391279461,0,1789391279451,-0.731084,1.79702,-0.0544939,0
1789391279509,0,1789391279501,-0.731071,1.797,-0.0544027,0
1789391279555,0,1789391279548,-0.731053,1.79699,-0.0543265,0
1789391279608,0,1789391279598,-0.731052,1.797,-0.0542534,0
1789391279654,0,1789391279646,-0.731108,1.79704,-0.0546982,0
1789391279720,0,1789391279712,-0.731384,1.79718,-0.0553153,0
1789391279769,0,1789391279761,-0.73153,1.79727,-0.0555327,0
1789391279822,0,1789391279813,-0.731475,1.79726,-0.0552376,0
1789391279863,0,1789391279857,-0.731425,1.79725,-0.0557116,0
1789391279918,0,1789391279910,-0.731517,1.7973,-0.0558303,0
1789391279961,0,1789391279954,-0.731596,1.79734,-0.0559206,0
1789391280023,0,1789391280016,-0.731634,1.79739,-0.0555946,0
1789391280065,0,1789391280058,-0.731642,1.79741,-0.0554076,0
1789391280120,0,1789391280112,-0.731624,1.79742,-0.0555974,0
1789391280179,0,1789391280172,-0.731608,1.79741,-0.0553069,0
1789391280230,0,1789391280222,-0.731505,1.7974,-0.0554526,0
1789391280275,0,1789391280268,-0.731366,1.79738,-0.0559809,0
1789391280332,0,1789391280326,-0.731249,1.79735,-0.0562061,0
1789391280382,0,1789391280375,-0.731298,1.79731,-0.0568073,0
1789391280431,0,1789391280425,-0.731354,1.79728,-0.0570303,0
1789391280477,0,1789391280470,-0.73146,1.79728,-0.0571709,0
1789391280529,0,1789391280522,-0.731587,1.79729,-0.0566051,0
1789391280573,0,1789391280566,-0.731624,1.7973,-0.0568229,0
1789391280624,0,1789391280617,-0.731671,1.79731,-0.056365,0
1789391280673,0,1789391280667,-0.731545,1.7973,-0.0559334,0
1789391280734,0,1789391280726,-0.731374,1.79729,-0.0557939,0
1789391280788,0,1789391280779,-0.731301,1.79731,-0.0554989,0
1789391280836,0,1789391280829,-0.731293,1.79736,-0.0549312,0
1789391280884,0,1789391280875,-0.731366,1.79742,-0.055515,0
1789391280935,0,1789391280928,-0.731551,1.79751,-0.0558706,0
1789391280983,0,1789391280975,-0.731658,1.79759,-0.0554176,0
1789391281041,0,1789391281032,-0.731715,1.79773,-0.0554676,0
1789391281087,0,1789391281080,-0.731771,1.79782,-0.0553677,0
1789391281136,0,1789391281129,-0.731928,1.79782,-0.0550868,0
1789391281185,0,1789391281178,-0.732086,1.79782,-0.0552745,0
1789391281245,0,1789391281237,-0.732086,1.7978,-0.0558963,0
1789391281291,0,1789391281285,-0.732062,1.79779,-0.0558766,0
1789391281349,0,1789391281342,-0.73212,1.7978,-0.0558221,0
1789391281393,0,1789391281386,-0.732192,1.79782,-0.0558789,0
1789391281442,0,1789391281435,-0.732187,1.79783,-0.0554013,0
1789391281494,0,1789391281486,-0.732157,1.79784,-0.0547938,0
1789391281553,0,1789391281546,-0.73212,1.7978,-0.0548753,0
1789391281600,0,1789391281593,-0.732109,1.79774,-0.054785,0
1789391281658,0,1789391281650,-0.732084,1.79767,-0.0544304,0
1789391281702,0,1789391281694,-0.732058,1.79763,-0.0545968,0
1789391281751,0,1789391281744,-0.732044,1.7976,-0.0544067,0
1789391281798,0,1789391281791,-0.73212,1.79759,-0.0544198,0
1789391281861,0,1789391281854,-0.732231,1.79757,-0.0538553,0
1789391281907,0,1789391281899,-0.732204,1.79753,-0.0535938,0
1789391281955,0,1789391281948,-0.732176,1.79748,-0.0533641,0
1789391282001,0,1789391281993,-0.732173,1.79749,-0.0529913,0
1789391282057,0,1789391282049,-0.732181,1.79752,-0.0526835,0
1789391282105,0,1789391282098,-0.732302,1.79751,-0.0530019,0
1789391282159,0,1789391282152,-0.732513,1.79748,-0.0527565,0
1789391282210,0,1789391282203,-0.732568,1.79759,-0.0535056,0
1789391282261,0,1789391282254,-0.732507,1.79781,-0.0532377,0
1789391282308,0,1789391282299,-0.732466,1.79793,-0.0530827,0
1789391282358,0,1789391282351,-0.732479,1.79791,-0.0530278,0
1789391282414,0,1789391282407,-0.732493,1.79789,-0.0527401,0
1789391282471,0,1789391282464,-0.732546,1.79789,-0.0525381,0
1789391282522,0,1789391282513,-0.732588,1.79788,-0.0526419,0
1789391282576,0,1789391282568,-0.732517,1.79783,-0.0528422,0
1789391282637,0,1789391282631,-0.732435,1.79777,-0.0534818,0
1789391282688,0,1789391282681,-0.732618,1.79781,-0.0535482,0
1789391282743,0,1789391282735,-0.732875,1.79786,-0.0541402,0
1789391282792,0,1789391282785,-0.732842,1.7978,-0.0544058,0
1789391282840,0,1789391282831,-0.73271,1.7977,-0.0553818,0
1789391282889,0,1789391282881,-0.732576,1.79761,-0.0549434,0
1789391282933,0,1789391282926,-0.732483,1.79754,-0.0546374,0
1789391282983,0,1789391282977,-0.732411,1.7975,-0.0550885,0
1789391283040,0,1789391283032,-0.732439,1.79751,-0.0550081,0
1789391283094,0,1789391283084,-0.732469,1.79751,-0.054938,0
1789391283136,0,1789391283129,-0.732547,1.7975,-0.0549297,0
1789391283185,0,1789391283179,-0.732638,1.79748,-0.0543903,0
1789391283234,0,1789391283228,-0.732619,1.79758,-0.0545223,0
1789391283283,0,1789391283277,-0.732601,1.79768,-0.0550887,0
1789391283340,0,1789391283333,-0.732593,1.79775,-0.0549365,0
1789391283391,0,1789391283384,-0.732598,1.79781,-0.0547918,0
1789391283438,0,1789391283430,-0.732576,1.79788,-0.0544112,0
1789391283487,0,1789391283479,-0.732555,1.79798,-0.0545067,0
1789391283534,0,1789391283528,-0.732583,1.7981,-0.0545591,0
1789391283591,0,1789391283583,-0.732695,1.79825,-0.0548596,0
1789391283639,0,1789391283634,-0.732774,1.79839,-0.0546976,0
1789391283694,0,1789391283685,-0.732846,1.79853,-0.0540246,0
1789391283745,0,1789391283736,-0.732878,1.79864,-0.0538167,0
1789391283799,0,1789391283788,-0.732755,1.79862,-0.0541661,0
1789391283849,0,1789391283841,-0.73263,1.79861,-0.0532801,0
1789391283907,0,1789391283901,-0.732776,1.7986,-0.0533314,0
1789391283956,0,1789391283950,-0.732937,1.79858,-0.0537795,0
1789391284008,0,1789391283999,-0.732944,1.79862,-0.0548633,0
1789391284052,0,1789391284045,-0.732932,1.79866,-0.0544469,0
1789391284104,0,1789391284097,-0.732927,1.79863,-0.0547401,0
1789391284150,0,1789391284145,-0.732939,1.79857,-0.0550964,0
1789391284211,0,1789391284202,-0.732915,1.79851,-0.0555193,0
1789391284265,0,1789391284257,-0.732873,1.79848,-0.0551783,0
1789391284316,0,1789391284308,-0.732824,1.79843,-0.0550782,0
1789391284360,0,1789391284353,-0.732796,1.79834,-0.0554757,0
1789391284413,0,1789391284405,-0.732769,1.79828,-0.0555284,0
1789391284457,0,1789391284450,-0.732788,1.79837,-0.0552906,0
1789391284523,0,1789391284516,-0.73283,1.79851,-0.0544443,0
1789391284572,0,1789391284565,-0.73286,1.79841,-0.0546441,0
1789391284625,0,1789391284619,-0.732896,1.79829,-0.0540739,0
1789391284676,0,1789391284670,-0.73298,1.79829,-0.0540726,0
1789391284731,0,1789391284723,-0.733088,1.79831,-0.0541661,0
1789391284774,0,1789391284766,-0.733214,1.7983,-0.0542215,0
1789391284828,0,1789391284819,-0.733399,1.79828,-0.0541058,0
1789391284873,0,1789391284865,-0.73341,1.79832,-0.0545161,0
1789391284926,0,1789391284917,-0.733346,1.79841,-0.0546518,0
1789391284979,0,1789391284971,-0.733256,1.79847,-0.0544293,0
1789391285032,0,1789391285025,-0.733148,1.79849,-0.0539108,0
1789391285072,0,1789391285066,-0.733064,1.79851,-0.0534056,0
1789391285131,0,1789391285124,-0.733016,1.79855,-0.0531085,0
1789391285184,0,1789391285177,-0.732969,1.79859,-0.0531698,0
1789391285237,0,1789391285228,-0.732976,1.79849,-0.05265,0
1789391285284,0,1789391285277,-0.732983,1.7984,-0.0532039,0
1789391285338,0,1789391285329,-0.732983,1.7984,-0.0530896,0
1789391285378,0,1789391285373,-0.732987,1.79842,-0.0530136,0
1789391285437,0,1789391285429,-0.733055,1.79852,-0.0529272,0
1789391285495,0,1789391285488,-0.733191,1.79866,-0.0525798,0
1789391285550,0,1789391285543,-0.733272,1.79876,-0.0524071,0
1789391285599,0,1789391285591,-0.73332,1.7988,-0.052175,0
1789391285648,0,1789391285641,-0.733305,1.79881,-0.0528075,0
1789391285697,0,1789391285689,-0.733201,1.79874,-0.0537337,0
1789391285754,0,1789391285747,-0.733124,1.79867,-0.0541687,0
1789391285802,0,1789391285794,-0.733311,1.79863,-0.0552015,0
1789391285854,0,1789391285846,-0.733522,1.79859,-0.0557375,0
1789391285902,0,1789391285896,-0.733477,1.79858,-0.0560211,0
1789391285955,0,1789391285947,-0.733431,1.79858,-0.0563063,0
1789391286000,0,1789391285992,-0.733427,1.7985,-0.0553816,0
1789391286058,0,1789391286051,-0.733435,1.7984,-0.0556934,0
1789391286105,0,1789391286097,-0.733464,1.7984,-0.0560177,0
1789391286156,0,1789391286149,-0.733523,1.79844,-0.0556115,0
1789391286202,0,1789391286196,-0.73353,1.79847,-0.0556503,0
1789391286267,0,1789391286257,-0.733525,1.79849,-0.0552058,0
1789391286318,0,1789391286309,-0.733519,1.79853,-0.0551358,0
1789391286369,0,1789391286361,-0.733555,1.79859,-0.054364,0
1789391286410,0,1789391286404,-0.733565,1.79862,-0.0545167,0
1789391286464,0,1789391286456,-0.733544,1.79856,-0.0548984,0
1789391286511,0,1789391286504,-0.733522,1.7985,-0.0551524,0
1789391286575,0,1789391286567,-0.733597,1.79865,-0.0557614,0
1789391286628,0,1789391286620,-0.733686,1.79882,-0.0559098,0
1789391286680,0,1789391286673,-0.733737,1.79882,-0.0564401,0
1789391286725,0,1789391286716,-0.733776,1.79879,-0.0563287,0
1789391286779,0,1789391286772,-0.733813,1.79881,-0.0556521,0
1789391286826,0,1789391286820,-0.73385,1.79887,-0.0559126,0
1789391286879,0,1789391286871,-0.733878,1.79892,-0.0565341,0
1789391286923,0,1789391286916,-0.733911,1.79897,-0.0562244,0
1789391286980,0,1789391286970,-0.733913,1.79901,-0.0570102,0
1789391287023,0,1789391287013,-0.733868,1.79901,-0.0567506,0
1789391287078,0,1789391287071,-0.733815,1.79903,-0.0567907,0
1789391287126,0,1789391287119,-0.733813,1.79911,-0.0570779,0
1789391287182,0,1789391287174,-0.733816,1.79921,-0.0566608,0
1789391287232,0,1789391287224,-0.733793,1.79923,-0.0566062,0
1789391287283,0,1789391287275,-0.733769,1.79926,-0.0565504,0
1789391287328,0,1789391287319,-0.733936,1.79917,-0.0560277,0
1789391287385,0,1789391287376,-0.73417,1.79905,-0.0561269,0
1789391287434,0,1789391287425,-0.73421,1.79902,-0.0562744,0
1789391287486,0,1789391287476,-0.734198,1.79902,-0.056329,0
1789391287533,0,1789391287524,-0.734093,1.79905,-0.0564593,0
1789391287590,0,1789391287583,-0.73392,1.79911,-0.056615,0
1789391287637,0,1789391287629,-0.733826,1.79915,-0.0567647,0
1789391287688,0,1789391287679,-0.733843,1.7992,-0.0564333,0
1789391287732,0,1789391287724,-0.733861,1.79922,-0.0562601,0
1789391287792,0,1789391287783,-0.733964,1.79917,-0.0566876,0
1789391287849,0,1789391287841,-0.734067,1.79912,-0.0569597,0
1789391287902,0,1789391287894,-0.734137,1.7992,-0.0572031,0
1789391287947,0,1789391287937,-0.73419,1.79927,-0.0574688,0
1789391287996,0,1789391287987,-0.734127,1.79922,-0.0579996,0
1789391288049,0,1789391288042,-0.734043,1.79915,-0.0586101,0
1789391288101,0,1789391288093,-0.733958,1.79915,-0.0585849,0
1789391288156,0,1789391288148,-0.733883,1.79919,-0.0582962,0
1789391288214,0,1789391288207,-0.733825,1.79922,-0.058058,0
1789391288261,0,1789391288253,-0.733823,1.79923,-0.0579879,0
1789391288309,0,1789391288301,-0.733785,1.79921,-0.0576695,0
1789391288357,0,1789391288349,-0.73371,1.79914,-0.0573613,0
1789391288408,0,1789391288402,-0.733619,1.79909,-0.0574074,0
1789391288462,0,1789391288455,-0.733527,1.79921,-0.0572873,0
1789391288513,0,1789391288504,-0.733441,1.79931,-0.0571879,0
1789391288558,0,1789391288551,-0.733429,1.7993,-0.0564111,0
1789391288607,0,1789391288601,-0.733418,1.79929,-0.0559839,0
1789391288656,0,1789391288647,-0.733369,1.79938,-0.0555701,0
1789391288718,0,1789391288710,-0.733311,1.79952,-0.0552598,0
1789391288771,0,1789391288765,-0.733261,1.7996,-0.0553551,0
1789391288820,0,1789391288812,-0.733237,1.79964,-0.0560313,0
1789391288865,0,1789391288858,-0.733173,1.7997,-0.0567909,0
1789391288923,0,1789391288915,-0.733083,1.79978,-0.0572161,0
1789391288970,0,1789391288964,-0.733055,1.79982,-0.0575255,0
1789391289028,0,1789391289020,-0.733175,1.7998,-0.0574652,0
1789391289076,0,1789391289069,-0.733246,1.79978,-0.0569596,0
1789391289134,0,1789391289125,-0.733212,1.79972,-0.0562726,0
1789391289181,0,1789391289173,-0.733179,1.79967,-0.0562717,0
1789391289235,0,1789391289225,-0.733252,1.79976,-0.0567908,0
1789391289277,0,1789391289269,-0.733313,1.79983,-0.056143,0
1789391289329,0,1789391289322,-0.733252,1.79987,-0.055962,0
1789391289372,0,1789391289365,-0.73318,1.7999,-0.055917,0
1789391289430,0,1789391289421,-0.733079,1.79987,-0.0564882,0
1789391289476,0,1789391289469,-0.733003,1.79981,-0.0559629,0
1789391289533,0,1789391289524,-0.73292,1.79981,-0.0568122,0
1789391289573,0,1789391289565,-0.732876,1.79987,-0.0566961,0
1789391289622,0,1789391289615,-0.732867,1.79989,-0.0565386,0
1789391289672,0,1789391289664,-0.732965,1.79983,-0.057003,0
1789391289732,0,1789391289723,-0.733078,1.79979,-0.0573996,0
1789391289775,0,1789391289766,-0.733156,1.79985,-0.0578894,0
1789391289832,0,1789391289825,-0.733272,1.79994,-0.0574142,0
1789391289883,0,1789391289874,-0.733338,1.79986,-0.0577166,0
1789391289935,0,1789391289926,-0.73341,1.79978,-0.0578505,0
1789391289978,0,1789391289970,-0.733515,1.79968,-0.0575411,0
1789391290033,0,1789391290024,-0.733652,1.79955,-0.057894,0
1789391290086,0,1789391290077,-0.733793,1.79949,-0.0578213,0
1789391290138,0,1789391290128,-0.73395,1.79946,-0.0576738,0
1789391290190,0,1789391290174,-0.734081,1.79935,-0.0579335,0
1789391290238,0,1789391290227,-0.734252,1.79914,-0.05768,0
1789391290286,0,1789391290277,-0.734331,1.79898,-0.0578787,0
1789391290339,0,1789391290332,-0.734284,1.79887,-0.0580683,0
1789391290399,0,1789391290390,-0.734233,1.79877,-0.0580259,0
1789391290452,0,1789391290443,-0.734218,1.79873,-0.0580638,0
1789391290502,0,1789391290494,-0.734203,1.79869,-0.0581001,0
1789391290553,0,1789391290545,-0.734306,1.79867,-0.0581258,0
1789391290606,0,1789391290598,-0.734415,1.79865,-0.0591491,0
1789391290664,0,1789391290657,-0.734467,1.79869,-0.0589417,0
1789391290712,0,1789391290704,-0.734497,1.79874,-0.0592683,0
1789391290759,0,1789391290752,-0.734533,1.79877,-0.059998,0
1789391290809,0,1789391290801,-0.734584,1.7988,-0.0600614,0
1789391290858,0,1789391290851,-0.73467,1.79882,-0.0596434,0
1789391290903,0,1789391290897,-0.734797,1.79883,-0.0593376,0
1789391290955,0,1789391290948,-0.734894,1.79887,-0.0597359,0
1789391291004,0,1789391290996,-0.734924,1.79895,-0.0601213,0
1789391291068,0,1789391291059,-0.73496,1.79902,-0.0599268,0
1789391291116,0,1789391291107,-0.73496,1.79895,-0.0596513,0
1789391291173,0,1789391291164,-0.734967,1.79887,-0.060011,0
1789391291216,0,1789391291210,-0.734793,1.79881,-0.0593465,0
1789391291269,0,1789391291260,-0.734606,1.79875,-0.0585628,0
1789391291319,0,1789391291311,-0.734588,1.79881,-0.0577694,0
1789391291374,0,1789391291366,-0.734617,1.79891,-0.0574229,0
1789391291431,0,1789391291422,-0.734641,1.79889,-0.0571735,0
1789391291484,0,1789391291476,-0.734682,1.79881,-0.0573167,0
1789391291527,0,1789391291518,-0.73469,1.79875,-0.0577942,0
1789391291584,0,1789391291574,-0.734711,1.79867,-0.0578736,0
1789391291641,0,1789391291632,-0.734749,1.79862,-0.0572667,0
1789391291690,0,1789391291681,-0.734845,1.79862,-0.057119,0
1789391291736,0,1789391291728,-0.734935,1.79861,-0.0563679,0
1789391291785,0,1789391291779,-0.735068,1.79852,-0.0565105,0
1789391291831,0,1789391291823,-0.735179,1.79844,-0.0570315,0
1789391291888,0,1789391291877,-0.735254,1.79849,-0.0571408,0
1789391291934,0,1789391291925,-0.735316,1.79853,-0.0571814,0
1789391291992,0,1789391291983,-0.73543,1.79851,-0.0569771,0
1789391292036,0,1789391292027,-0.73553,1.79848,-0.0568736,0
1789391292088,0,1789391292081,-0.735612,1.79846,-0.0567766,0
1789391292129,0,1789391292123,-0.735664,1.79846,-0.0567545,0
1789391292193,0,1789391292186,-0.735728,1.79848,-0.0567613,0
1789391292246,0,1789391292239,-0.73578,1.79854,-0.0570456,0
1789391292297,0,1789391292289,-0.735806,1.79856,-0.0569597,0
1789391292341,0,1789391292334,-0.735818,1.79853,-0.0568179,0
1789391292391,0,1789391292383,-0.73581,1.79851,-0.0575279,0
1789391292446,0,1789391292436,-0.73573,1.79852,-0.0575338,0
1789391292497,0,1789391292490,-0.735648,1.79853,-0.0577575,0
1789391292550,0,1789391292543,-0.735622,1.79848,-0.0579885,0
1789391292601,0,1789391292594,-0.735599,1.79843,-0.0575064,0
1789391292656,0,1789391292649,-0.735655,1.79843,-0.0569695,0
1789391292709,0,1789391292703,-0.735746,1.79845,-0.0563754,0
1789391292754,0,1789391292745,-0.735756,1.79853,-0.056717,0
1789391292800,0,1789391292793,-0.735764,1.79863,-0.0567959,0
1789391292849,0,1789391292840,-0.735747,1.7986,-0.0567308,0
1789391292900,0,1789391292892,-0.73573,1.79846,-0.0567557,0
1789391292952,0,1789391292945,-0.735653,1.79836,-0.0567686,0
1789391293003,0,1789391292996,-0.735489,1.79836,-0.0566022,0
1789391293053,0,1789391293044,-0.73538,1.79834,-0.0562075,0
1789391293110,0,1789391293100,-0.735548,1.79826,-0.0559554,0
1789391293155,0,1789391293146,-0.73568,1.7982,-0.0560387,0
1789391293211,0,1789391293200,-0.735813,1.79821,-0.0562669,0
1789391293262,0,1789391293253,-0.735945,1.79823,-0.0560912,0
1789391293321,0,1789391293312,-0.735909,1.79827,-0.0566396,0
1789391293363,0,1789391293356,-0.735838,1.79831,-0.0565856,0
1789391293416,0,1789391293408,-0.73587,1.79834,-0.0564674,0
1789391293461,0,1789391293453,-0.735963,1.79834,-0.0569554,0
1789391293519,0,1789391293512,-0.736122,1.79838,-0.056912,0
1789391293566,0,1789391293558,-0.736303,1.79844,-0.0572088,0
1789391293628,0,1789391293617,-0.73645,1.79851,-0.0580184,0
1789391293670,0,1789391293662,-0.736425,1.79855,-0.0585546,0
1789391293726,0,1789391293714,-0.736401,1.79858,-0.0575693,0
1789391293766,0,1789391293759,-0.736421,1.79857,-0.0578377,0
1789391293818,0,1789391293809,-0.736446,1.79856,-0.057964,0
1789391293867,0,1789391293860,-0.736396,1.79854,-0.0576941,0
1789391293931,0,1789391293923,-0.736342,1.79851,-0.0565451,0
1789391293972,0,1789391293963,-0.736334,1.79847,-0.0574274,0
1789391294024,0,1789391294015,-0.736331,1.79842,-0.0578542,0
1789391294077,0,1789391294069,-0.736383,1.79841,-0.0578468,0
1789391294135,0,1789391294126,-0.736496,1.79841,-0.0576312,0
1789391294181,0,1789391294175,-0.736572,1.7984,-0.0573868,0
1789391294238,0,1789391294229,-0.736666,1.79836,-0.0580055,0
1789391294280,0,1789391294271,-0.736731,1.79836,-0.058085,0
1789391294330,0,1789391294320,-0.736833,1.79842,-0.0582752,0
1789391294377,0,1789391294367,-0.7369,1.79848,-0.0589137,0
1789391294429,0,1789391294418,-0.736861,1.79856,-0.058967,0
1789391294478,0,1789391294471,-0.736822,1.79864,-0.0582018,0
1789391294533,0,1789391294526,-0.736984,1.79863,-0.0582328,0
1789391294576,0,1789391294567,-0.737116,1.79862,-0.0580982,0
1789391294625,0,1789391294619,-0.737132,1.7985,-0.0582466,0
1789391294681,0,1789391294673,-0.737123,1.79834,-0.0581824,0
1789391294736,0,1789391294729,-0.737127,1.79825,-0.0587563,0
1789391294785,0,1789391294778,-0.737154,1.7982,-0.0588754,0
1789391294838,0,1789391294830,-0.737184,1.79821,-0.0586425,0
1789391294880,0,1789391294874,-0.737226,1.79828,-0.0587693,0
1789391294936,0,1789391294928,-0.737314,1.79832,-0.0584235,0
1789391294983,0,1789391294975,-0.737478,1.79825,-0.0589651,0
1789391295041,0,1789391295033,-0.737648,1.79817,-0.0596749,0
1789391295085,0,1789391295076,-0.737633,1.79811,-0.0599031,0
1789391295138,0,1789391295128,-0.737619,1.79804,-0.0596686,0
1789391295184,0,1789391295174,-0.737599,1.79798,-0.0593265,0
1789391295242,0,1789391295233,-0.737579,1.79791,-0.0593215,0
1789391295289,0,1789391295281,-0.73762,1.79785,-0.0592474,0
1789391295342,0,1789391295334,-0.737682,1.79778,-0.0589242,0
1789391295386,0,1789391295378,-0.737653,1.7978,-0.0590911,0
1789391295444,0,1789391295435,-0.737607,1.79786,-0.0592399,0
1789391295502,0,1789391295495,-0.737604,1.798,-0.0590347,0
1789391295557,0,1789391295550,-0.73769,1.79822,-0.0583159,0
1789391295606,0,1789391295600,-0.737743,1.79833,-0.0582451,0
1789391295658,0,1789391295649,-0.737782,1.79828,-0.0578951,0
1789391295704,0,1789391295695,-0.737811,1.79825,-0.057769,0
1789391295757,0,1789391295747,-0.737856,1.7983,-0.0586384,0
1789391295809,0,1789391295801,-0.737904,1.79836,-0.0592619,0
1789391295861,0,1789391295853,-0.737864,1.7984,-0.0595981,0
1789391295910,0,1789391295900,-0.737825,1.79843,-0.0597382,0
1789391295953,0,1789391295947,-0.737885,1.7985,-0.0595907,0
1789391296002,0,1789391295994,-0.737958,1.79856,-0.0604016,0
1789391296058,0,1789391296050,-0.737988,1.79866,-0.0604366,0
1789391296107,0,1789391296099,-0.737995,1.79877,-0.06005,0
1789391296158,0,1789391296152,-0.738017,1.79884,-0.0606734,0
1789391296206,0,1789391296198,-0.738068,1.79887,-0.0607011,0
1789391296263,0,1789391296254,-0.738082,1.79894,-0.06082,0
1789391296310,0,1789391296302,-0.738021,1.79908,-0.0608533,0
1789391296372,0,1789391296364,-0.737954,1.79922,-0.0606665,0
1789391296415,0,1789391296408,-0.737956,1.79921,-0.0606809,0
1789391296475,0,1789391296467,-0.737966,1.79918,-0.0607002,0
1789391296523,0,1789391296514,-0.738122,1.79909,-0.0605186,0
1789391296575,0,1789391296565,-0.738294,1.79899,-0.0606857,0
1789391296616,0,1789391296609,-0.738181,1.79899,-0.0614919,0
1789391296673,0,1789391296663,-0.73804,1.79898,-0.0610322,0
1789391296723,0,1789391296716,-0.73793,1.79898,-0.0611326,0
1789391296776,0,1789391296766,-0.73786,1.79898,-0.0600947,0
1789391296821,0,1789391296812,-0.737893,1.79901,-0.0598227,0
1789391296886,0,1789391296878,-0.738093,1.79907,-0.0593146,0
1789391296937,0,1789391296930,-0.738242,1.79912,-0.0591711,0
1789391296990,0,1789391296983,-0.738428,1.79917,-0.0589223,0
1789391297040,0,1789391297031,-0.738534,1.79921,-0.058095,0
1789391297089,0,1789391297082,-0.738402,1.7992,-0.0583568,0
1789391297134,0,1789391297127,-0.738285,1.79919,-0.0578489,0
1789391297190,0,1789391297183,-0.738355,1.79922,-0.0575347,0
1789391297241,0,1789391297234,-0.738441,1.79924,-0.0571794,0
1789391297290,0,1789391297284,-0.7384,1.79925,-0.0568398,0
1789391297343,0,1789391297336,-0.738343,1.79925,-0.0573075,0
1789391297394,0,1789391297388,-0.738313,1.79926,-0.0573931,0
1789391297439,0,1789391297433,-0.738312,1.79928,-0.0573587,0
1789391297497,0,1789391297489,-0.738302,1.79931,-0.0571336,0
1789391297558,0,1789391297548,-0.738309,1.79937,-0.0571657,0
1789391297611,0,1789391297603,-0.738308,1.79945,-0.0573088,0
1789391297659,0,1789391297653,-0.738328,1.79956,-0.0570883,0
1789391297711,0,1789391297703,-0.738339,1.79965,-0.0573075,0
1789391297757,0,1789391297749,-0.738345,1.79962,-0.0573417,0
1789391297809,0,1789391297800,-0.738355,1.79958,-0.0573799,0
1789391297855,0,1789391297847,-0.738384,1.7997,-0.0576114,0
1789391297909,0,1789391297900,-0.73842,1.79983,-0.0569915,0
1789391297965,0,1789391297957,-0.738388,1.79981,-0.0564936,0
1789391298020,0,1789391298011,-0.738346,1.79974,-0.0559423,0
1789391298060,0,1789391298053,-0.738335,1.79971,-0.0561109,0
1789391298110,0,1789391298103,-0.738339,1.7997,-0.0562034,0
1789391298163,0,1789391298157,-0.738313,1.79972,-0.0560728,0
1789391298225,0,1789391298219,-0.738278,1.79981,-0.0568502,0
1789391298274,0,1789391298267,-0.73827,1.79984,-0.0572839,0
1789391298331,0,1789391298321,-0.738349,1.79979,-0.0571035,0
1789391298370,0,1789391298363,-0.738383,1.79976,-0.0563577,0
1789391298421,0,1789391298413,-0.738359,1.79977,-0.0568675,0
1789391298466,0,1789391298459,-0.738335,1.79977,-0.0569955,0
1789391298532,0,1789391298522,-0.738319,1.79969,-0.0577383,0
1789391298583,0,1789391298574,-0.738315,1.79962,-0.0579245,0
1789391298633,0,1789391298625,-0.738345,1.79949,-0.0578686,0
1789391298679,0,1789391298670,-0.738382,1.79937,-0.0580494,0
1789391298727,0,1789391298718,-0.738517,1.7992,-0.0575582,0
1789391298772,0,1789391298766,-0.738702,1.79902,-0.0568463,0
1789391298840,0,1789391298833,-0.738883,1.79881,-0.0562645,0
1789391298891,0,1789391298881,-0.738938,1.79871,-0.0562476,0
1789391298946,0,1789391298937,-0.738979,1.79867,-0.056514,0
1789391298993,0,1789391298986,-0.738992,1.79876,-0.056537,0
1789391299048,0,1789391299041,-0.739026,1.79886,-0.056647,0
1789391299097,0,1789391299090,-0.739178,1.79891,-0.0564723,0
1789391299149,0,1789391299140,-0.739334,1.79896,-0.0562399,0
1789391299192,0,1789391299186,-0.739361,1.79893,-0.0562752,0
1789391299255,0,1789391299247,-0.739406,1.79889,-0.056322,0
1789391299307,0,1789391299301,-0.7395,1.7989,-0.0563157,0
1789391299362,0,1789391299352,-0.739613,1.79893,-0.0574347,0
1789391299404,0,1789391299397,-0.739629,1.79896,-0.0574011,0
1789391299453,0,1789391299447,-0.739625,1.799,-0.0570343,0
1789391299507,0,1789391299497,-0.739606,1.79897,-0.0570603,0
1789391299556,0,1789391299548,-0.739601,1.79889,-0.0559146,0
1789391299607,0,1789391299600,-0.739628,1.79879,-0.0554857,0
1789391299658,0,1789391299651,-0.739762,1.79865,-0.0557419,0
1789391299712,0,1789391299704,-0.739867,1.79852,-0.056038,0
1789391299763,0,1789391299757,-0.739819,1.79845,-0.0555158,0
1789391299810,0,1789391299803,-0.739774,1.79839,-0.0559113,0
1789391299858,0,1789391299851,-0.739766,1.79829,-0.0550539,0
1789391299908,0,1789391299901,-0.739758,1.79819,-0.054708,0
1789391299964,0,1789391299956,-0.739789,1.79811,-0.0551601,0
1789391300008,0,1789391300002,-0.739833,1.79804,-0.0555599,0
1789391300060,0,1789391300052,-0.739908,1.79792,-0.0562102,0
1789391300107,0,1789391300098,-0.740003,1.79778,-0.0562484,0
1789391300168,0,1789391300160,-0.740108,1.79771,-0.0564782,0
1789391300222,0,1789391300213,-0.74019,1.79777,-0.0571591,0
1789391300272,0,1789391300265,-0.740267,1.79779,-0.0570006,0
1789391300316,0,1789391300309,-0.740354,1.79772,-0.0568811,0
1789391300376,0,1789391300369,-0.740456,1.79765,-0.0564078,0
1789391300430,0,1789391300414,-0.740464,1.79767,-0.0564646,0
1789391300473,0,1789391300464,-0.740474,1.7977,-0.0565266,0
1789391300517,0,1789391300510,-0.740443,1.7977,-0.0560616,0
1789391300572,0,1789391300566,-0.740412,1.79769,-0.0556854,0
1789391300625,0,1789391300617,-0.740229,1.79766,-0.0552061,0
1789391300683,0,1789391300675,-0.739999,1.79761,-0.0542571,0
1789391300728,0,1789391300720,-0.740053,1.79764,-0.0549809,0
1789391300781,0,1789391300773,-0.740221,1.79769,-0.0546268,0
1789391300826,0,1789391300818,-0.740333,1.79767,-0.0538633,0
1789391300886,0,1789391300878,-0.740478,1.79757,-0.0535423,0
1789391300939,0,1789391300932,-0.740587,1.79752,-0.0537098,0
1789391300996,0,1789391300987,-0.740692,1.79758,-0.0537579,0
1789391301042,0,1789391301036,-0.740755,1.79761,-0.0545183,0
1789391301098,0,1789391301091,-0.740724,1.79759,-0.0539169,0
1789391301153,0,1789391301143,-0.740694,1.79756,-0.0537884,0
1789391301202,0,1789391301195,-0.740642,1.79755,-0.0542474,0
1789391301248,0,1789391301239,-0.740596,1.79754,-0.0545503,0
1789391301298,0,1789391301289,-0.740627,1.79752,-0.0544515,0
1789391301343,0,1789391301335,-0.740672,1.79751,-0.0544012,0
1789391301396,0,1789391301387,-0.740673,1.79748,-0.0543985,0
1789391301449,0,1789391301441,-0.740665,1.79745,-0.0544259,0
1789391301502,0,1789391301493,-0.740631,1.79745,-0.0544623,0
1789391301547,0,1789391301536,-0.7406,1.79747,-0.0536053,0
1789391301599,0,1789391301591,-0.740564,1.79753,-0.0535008,0
1789391301650,0,1789391301641,-0.740562,1.79765,-0.0533044,0
1789391301701,0,1789391301694,-0.740554,1.79773,-0.0524146,0
1789391301748,0,1789391301740,-0.740551,1.79761,-0.052474,0
1789391301801,0,1789391301792,-0.740551,1.79748,-0.0527656,0
1789391301864,0,1789391301854,-0.740574,1.79738,-0.0529045,0
1789391301914,0,1789391301906,-0.740602,1.7973,-0.0537898,0
1789391301965,0,1789391301959,-0.740576,1.79729,-0.0528588,0
1789391302016,0,1789391302008,-0.740547,1.79731,-0.0530019,0
1789391302063,0,1789391302055,-0.740591,1.79739,-0.0533352,0
1789391302114,0,1789391302105,-0.740682,1.7975,-0.0526471,0
1789391302158,0,1789391302151,-0.740767,1.79759,-0.0525539,0
1789391302212,0,1789391302205,-0.740898,1.79768,-0.0522901,0
1789391302263,0,1789391302256,-0.740995,1.79769,-0.0522554,0
1789391302317,0,1789391302309,-0.741081,1.79754,-0.0515836,0
1789391302368,0,1789391302360,-0.741132,1.79742,-0.051435,0
1789391302419,0,1789391302411,-0.741076,1.79746,-0.0515952,0
1789391302466,0,1789391302456,-0.741023,1.79749,-0.0507183,0
1789391302513,0,1789391302506,-0.741007,1.79747,-0.0507735,0
1789391302563,0,1789391302556,-0.740991,1.79744,-0.0508288,0
1789391302619,0,1789391302612,-0.741123,1.79742,-0.0500218,0
1789391302666,0,1789391302658,-0.741277,1.7974,-0.0502191,0
1789391302720,0,1789391302711,-0.741321,1.79744,-0.0498296,0
1789391302768,0,1789391302763,-0.741306,1.79752,-0.049535,0
1789391302825,0,1789391302816,-0.741299,1.79753,-0.0498968,0
1789391302868,0,1789391302860,-0.741318,1.79747,-0.0501139,0
1789391302920,0,1789391302913,-0.741348,1.79742,-0.0506204,0
1789391302975,0,1789391302967,-0.741421,1.79741,-0.0505554,0
1789391303037,0,1789391303030,-0.741497,1.79742,-0.0503868,0
1789391303079,0,1789391303073,-0.741529,1.7975,-0.0506935,0
1789391303131,0,1789391303122,-0.741569,1.79758,-0.050493,0
1789391303176,0,1789391303169,-0.741617,1.79759,-0.0501918,0
1789391303235,0,1789391303225,-0.74168,1.7976,-0.0508023,0
1789391303283,0,1789391303275,-0.741723,1.79768,-0.0510832,0
1789391303335,0,1789391303327,-0.741775,1.79778,-0.0514505,0
1789391303386,0,1789391303377,-0.741775,1.79779,-0.0513652,0
1789391303439,0,1789391303431,-0.74177,1.79778,-0.0513748,0
1789391303491,0,1789391303482,-0.7418,1.79773,-0.0513068,0
1789391303540,0,1789391303531,-0.741886,1.79767,-0.0511134,0
1789391303587,0,1789391303579,-0.741934,1.79763,-0.0507465,0
1789391303646,0,1789391303638,-0.741952,1.79765,-0.050641,0
1789391303692,0,1789391303686,-0.741935,1.79767,-0.0506592,0
1789391303750,0,1789391303741,-0.741818,1.79772,-0.0505089,0
1789391303798,0,1789391303791,-0.74171,1.79777,-0.0507769,0
1789391303852,0,1789391303844,-0.741773,1.79797,-0.0502178,0
1789391303894,0,1789391303887,-0.741827,1.79813,-0.0504113,0
1789391303950,0,1789391303942,-0.741782,1.79825,-0.0503489,0
1789391304004,0,1789391303995,-0.741716,1.79834,-0.0508822,0
1789391304056,0,1789391304047,-0.741665,1.79828,-0.0504476,0
1789391304099,0,1789391304091,-0.741641,1.79816,-0.0506381,0
1789391304158,0,1789391304148,-0.741645,1.79806,-0.0503654,0
1789391304205,0,1789391304197,-0.741704,1.79804,-0.0503954,0
1789391304259,0,1789391304251,-0.74176,1.79805,-0.050488,0
1789391304300,0,1789391304293,-0.741806,1.79813,-0.0501698,0
1789391304353,0,1789391304346,-0.74185,1.79823,-0.0506132,0
1789391304400,0,1789391304394,-0.741838,1.79834,-0.0503662,0
1789391304460,0,1789391304452,-0.741828,1.79846,-0.0503669,0
1789391304516,0,1789391304508,-0.741799,1.79839,-0.0504866,0
1789391304566,0,1789391304558,-0.741774,1.79831,-0.0506098,0
1789391304612,0,1789391304605,-0.741767,1.79829,-0.0505443,0
1789391304665,0,1789391304658,-0.741767,1.79828,-0.0504478,0
1789391304716,0,1789391304709,-0.741837,1.79831,-0.0503754,0
1789391304769,0,1789391304763,-0.741969,1.79837,-0.0497463,0
1789391304812,0,1789391304805,-0.741984,1.79833,-0.0497907,0
1789391304863,0,1789391304855,-0.741958,1.79822,-0.0487325,0
1789391304914,0,1789391304907,-0.741956,1.79812,-0.0487022,0
1789391304972,0,1789391304964,-0.742052,1.79807,-0.0495151,0
1789391305016,0,1789391305009,-0.742119,1.79803,-0.0491887,0
1789391305070,0,1789391305060,-0.742228,1.79806,-0.0491332,0
1789391305116,0,1789391305107,-0.742325,1.79809,-0.0491228,0
1789391305170,0,1789391305162,-0.742416,1.79803,-0.0485274,0
1789391305224,0,1789391305215,-0.742504,1.79798,-0.0487144,0
1789391305280,0,1789391305274,-0.742442,1.79792,-0.0489006,0
1789391305327,0,1789391305320,-0.742354,1.79789,-0.0487113,0
1789391305385,0,1789391305378,-0.742352,1.79781,-0.0486129,0
1789391305432,0,1789391305424,-0.742421,1.79773,-0.0488871,0
1789391305483,0,1789391305475,-0.742488,1.79769,-0.0479754,0
1789391305528,0,1789391305520,-0.742554,1.79768,-0.0477828,0
1789391305586,0,1789391305578,-0.742582,1.79768,-0.0473072,0
1789391305634,0,1789391305624,-0.74251,1.79769,-0.0474377,0
1789391305684,0,1789391305676,-0.742444,1.79768,-0.0480302,0
1789391305726,0,1789391305720,-0.742475,1.79762,-0.0476728,0
1789391305789,0,1789391305782,-0.742519,1.79755,-0.0471035,0
1789391305834,0,1789391305826,-0.742474,1.79755,-0.0472071,0
1789391305886,0,1789391305878,-0.742423,1.79754,-0.0472907,0
1789391305938,0,1789391305929,-0.742539,1.79756,-0.046916,0
1789391305987,0,1789391305978,-0.742688,1.79759,-0.0465641,0
1789391306032,0,1789391306026,-0.742718,1.79754,-0.0467448,0
1789391306085,0,1789391306078,-0.742712,1.79744,-0.0475414,0
1789391306140,0,1789391306132,-0.742722,1.7974,-0.0479903,0
1789391306193,0,1789391306183,-0.742769,1.79741,-0.0473295,0
1789391306235,0,1789391306227,-0.742792,1.79743,-0.0480311,0
1789391306300,0,1789391306292,-0.742834,1.79749,-0.048348,0
1789391306351,0,1789391306343,-0.742857,1.79753,-0.0480532,0
1789391306405,0,1789391306397,-0.742878,1.79751,-0.0477297,0
1789391306455,0,1789391306445,-0.742893,1.7975,-0.0474552,0
1789391306508,0,1789391306499,-0.742903,1.79742,-0.0476362,0
1789391306563,0,1789391306556,-0.742917,1.79733,-0.0480123,0
1789391306610,0,1789391306603,-0.742924,1.79745,-0.0480516,0
1789391306657,0,1789391306649,-0.742933,1.7976,-0.0479909,0
1789391306710,0,1789391306703,-0.742961,1.79764,-0.0477761,0
1789391306753,0,1789391306746,-0.742998,1.7976,-0.0476907,0
1789391306810,0,1789391306801,-0.742991,1.7976,-0.0472522,0
1789391306862,0,1789391306854,-0.742938,1.79763,-0.0473985,0
1789391306913,0,1789391306906,-0.742905,1.79763,-0.0476753,0
1789391306956,0,1789391306950,-0.742929,1.79758,-0.0478155,0
1789391307014,0,1789391307004,-0.742944,1.7975,-0.0480332,0
1789391307054,0,1789391307046,-0.742898,1.7974,-0.0480736,0
1789391307109,0,1789391307100,-0.742844,1.79728,-0.0474648,0
1789391307164,0,1789391307157,-0.742789,1.79728,-0.046773,0
1789391307217,0,1789391307209,-0.742743,1.79729,-0.0467706,0
1789391307261,0,1789391307254,-0.742736,1.79722,-0.0468439,0
1789391307313,0,1789391307304,-0.742734,1.79713,-0.0464358,0
1789391307365,0,1789391307357,-0.74275,1.79705,-0.0470026,0
1789391307419,0,1789391307410,-0.742791,1.79697,-0.0472241,0
1789391307463,0,1789391307454,-0.742827,1.79691,-0.0473971,0
1789391307513,0,1789391307504,-0.742889,1.79684,-0.0477861,0
1789391307559,0,1789391307552,-0.742945,1.79683,-0.047799,0
1789391307616,0,1789391307606,-0.743029,1.7969,-0.048688,0
1789391307672,0,1789391307665,-0.743107,1.79696,-0.0490638,0
1789391307723,0,1789391307716,-0.743121,1.7969,-0.0487084,0
1789391307768,0,1789391307761,-0.743131,1.79685,-0.0492268,0
1789391307820,0,1789391307812,-0.743155,1.79687,-0.0494865,0
1789391307873,0,1789391307866,-0.743181,1.79689,-0.0495993,0
1789391307925,0,1789391307918,-0.743158,1.79683,-0.0497779,0
1789391307969,0,1789391307962,-0.743133,1.79676,-0.0496814,0
1789391308023,0,1789391308015,-0.743176,1.79679,-0.0494065,0
1789391308074,0,1789391308067,-0.743273,1.79689,-0.0494702,0
1789391308124,0,1789391308116,-0.743289,1.79696,-0.0489429,0
1789391308172,0,1789391308163,-0.743256,1.79701,-0.0493941,0
1789391308223,0,1789391308215,-0.743204,1.79705,-0.0494176,0
1789391308268,0,1789391308261,-0.74315,1.79705,-0.0488003,0
1789391308329,0,1789391308320,-0.743097,1.79704,-0.0487888,0
1789391308376,0,1789391308368,-0.74314,1.79693,-0.0482007,0
1789391308428,0,1789391308420,-0.74319,1.79682,-0.0483043,0
1789391308474,0,1789391308467,-0.743198,1.79681,-0.0482866,0
1789391308528,0,1789391308521,-0.74321,1.7968,-0.0482661,0
1789391308579,0,1789391308572,-0.743284,1.79678,-0.0479875,0
1789391308642,0,1789391308633,-0.7434,1.79675,-0.0477183,0
1789391308684,0,1789391308678,-0.74337,1.79673,-0.047188,0
1789391308743,0,1789391308735,-0.743302,1.7967,-0.0469354,0
1789391308790,0,1789391308782,-0.743266,1.79676,-0.0469219,0
1789391308855,0,1789391308847,-0.743276,1.79695,-0.0467691,0
1789391308904,0,1789391308895,-0.743239,1.79702,-0.0464942,0
1789391308958,0,1789391308950,-0.743147,1.79699,-0.0462876,0
1789391309000,0,1789391308992,-0.743092,1.79697,-0.046051,0
1789391309051,0,1789391309045,-0.743148,1.79696,-0.0469625,0
1789391309097,0,1789391309088,-0.743188,1.79695,-0.0473403,0
1789391309152,0,1789391309144,-0.743263,1.79702,-0.048066,0
1789391309202,0,1789391309192,-0.743329,1.79709,-0.0481205,0
1789391309254,0,1789391309246,-0.743346,1.79709,-0.0484855,0
1789391309297,0,1789391309288,-0.743351,1.79708,-0.0492393,0
1789391309345,0,1789391309338,-0.743305,1.79702,-0.0496196,0
1789391309397,0,1789391309389,-0.743244,1.79693,-0.0498007,0
1789391309457,0,1789391309449,-0.743225,1.79688,-0.0498253,0
1789391309500,0,1789391309491,-0.743274,1.7969,-0.0497648,0
1789391309555,0,1789391309547,-0.743361,1.79691,-0.0501701,0
1789391309606,0,1789391309599,-0.743501,1.79692,-0.0502927,0
1789391309659,0,1789391309652,-0.74363,1.79693,-0.0495459,0
1789391309710,0,1789391309701,-0.743715,1.79696,-0.0500589,0
1789391309762,0,1789391309754,-0.74381,1.79699,-0.0500833,0
1789391309804,0,1789391309798,-0.74387,1.79695,-0.0504693,0
1789391309859,0,1789391309850,-0.743959,1.79666,-0.0503191,0
1789391309903,0,1789391309895,-0.744037,1.79559,-0.0512718,0
1789391309962,0,1789391309954,-0.744147,1.7942,-0.0517213,0
1789391310005,0,1789391309998,-0.744241,1.79209,-0.0512942,0
1789391310060,0,1789391310052,-0.744414,1.78845,-0.0515537,0
1789391310111,0,1789391310104,-0.744603,1.78416,-0.051204,0
1789391310168,0,1789391310160,-0.744989,1.77617,-0.0502242,0
1789391310226,0,1789391310219,-0.745438,1.76823,-0.0495774,0
1789391310277,0,1789391310270,-0.746175,1.75748,-0.0503109,0
1789391310322,0,1789391310314,-0.74673,1.74905,-0.0501602,0
1789391310373,0,1789391310365,-0.747387,1.73556,-0.0501963,0
1789391310420,0,1789391310413,-0.748,1.72301,-0.0500209,0
1789391310474,0,1789391310464,-0.748729,1.707,-0.0505396,0
1789391310529,0,1789391310522,-0.749575,1.6886,-0.0511481,0
1789391310591,0,1789391310583,-0.75078,1.66865,-0.0515386,0
1789391310655,0,1789391310638,-0.752014,1.64926,-0.0514032,0
1789391310696,0,1789391310688,-0.752968,1.63152,-0.0510037,0
1789391310740,0,1789391310734,-0.753806,1.61435,-0.051194,0
1789391310795,0,1789391310786,-0.75467,1.59491,-0.0515828,0
1789391310836,0,1789391310830,-0.755409,1.57781,-0.0517101,0
1789391310891,0,1789391310882,-0.756319,1.55753,-0.0521526,0
1789391310950,0,1789391310940,-0.757429,1.53455,-0.0525366,0
1789391311004,0,1789391310996,-0.758544,1.51251,-0.0525077,0
1789391311052,0,1789391311045,-0.759554,1.49355,-0.0527694,0
1789391311110,0,1789391311101,-0.760729,1.47171,-0.053539,0
1789391311157,0,1789391311149,-0.761824,1.45343,-0.0530922,0
1789391311208,0,1789391311200,-0.762967,1.4341,-0.0527059,0
1789391311252,0,1789391311246,-0.763893,1.41658,-0.0527417,0
1789391311305,0,1789391311299,-0.764915,1.39704,-0.0525844,0
1789391311369,0,1789391311346,-0.765745,1.38021,-0.0522199,0
1789391311412,0,1789391311403,-0.766736,1.36,-0.0525625,0
1789391311458,0,1789391311450,-0.767655,1.34358,-0.0529054,0
1789391311507,0,1789391311500,-0.76873,1.32612,-0.0528539,0
1789391311556,0,1789391311547,-0.769763,1.30996,-0.0527156,0
1789391311614,0,1789391311604,-0.770989,1.29023,-0.053007,0
1789391311659,0,1789391311650,-0.77198,1.27428,-0.0531365,0
1789391311718,0,1789391311711,-0.773128,1.25246,-0.0536679,0
1789391311758,0,1789391311752,-0.773913,1.2376,-0.0538493,0
1789391311814,0,1789391311806,-0.775071,1.21749,-0.0537087,0
1789391311860,0,1789391311853,-0.776114,1.2,-0.0535237,0
1789391311922,0,1789391311912,-0.777246,1.17791,-0.0539869,0
1789391311978,0,1789391311966,-0.778258,1.15724,-0.0537525,0
1789391312026,0,1789391312020,-0.779181,1.1367,-0.0540627,0
1789391312071,0,1789391312063,-0.779912,1.12012,-0.0542944,0
1789391312127,0,1789391312118,-0.780964,1.09887,-0.0551365,0
1789391312165,0,1789391312159,-0.781879,1.08279,-0.0551716,0
1789391312218,0,1789391312212,-0.783139,1.06226,-0.0557254,0
1789391312277,0,1789391312267,-0.784561,1.04108,-0.0556272,0
1789391312323,0,1789391312316,-0.785848,1.02244,-0.0560242,0
1789391312371,0,1789391312364,-0.787021,1.00423,-0.0564505,0
1789391312423,0,1789391312415,-0.788262,0.984813,-0.0561699,0
1789391312476,0,1789391312470,-0.789494,0.963421,-0.056169,0
1789391312527,0,1789391312520,-0.790627,0.944001,-0.0562505,0
1789391312573,0,1789391312564,-0.791589,0.927103,-0.0567211,0
1789391312621,0,1789391312613,-0.792662,0.908284,-0.056717,0
1789391312676,0,1789391312670,-0.79392,0.886279,-0.0567049,0
1789391312730,0,1789391312722,-0.795114,0.865998,-0.0568411,0
1789391312775,0,1789391312767,-0.796121,0.848952,-0.0570159,0
1789391312826,0,1789391312817,-0.797234,0.829994,-0.0579749,0
1789391312880,0,1789391312871,-0.798449,0.809612,-0.0579451,0
1789391312929,0,1789391312922,-0.7996,0.79025,-0.0578717,0
1789391312984,0,1789391312977,-0.800917,0.769353,-0.0584366,0
1789391313036,0,1789391313028,-0.802444,0.749665,-0.0584814,0
1789391313080,0,1789391313073,-0.803794,0.732349,-0.0586342,0
1789391313132,0,1789391313125,-0.804893,0.71228,-0.0583434,0
1789391313184,0,1789391313174,-0.805913,0.693374,-0.0579399,0
1789391313243,0,1789391313235,-0.807181,0.670133,-0.0579467,0
1789391313287,0,1789391313280,-0.808102,0.652924,-0.0580397,0
1789391313340,0,1789391313330,-0.809525,0.633659,-0.0580028,0
1789391313386,0,1789391313377,-0.810936,0.615414,-0.0584491,0
1789391313448,0,1789391313438,-0.812715,0.592109,-0.0586636,0
1789391313489,0,1789391313482,-0.813816,0.575425,-0.0591138,0
1789391313557,0,1789391313549,-0.815531,0.549913,-0.0595767,0
1789391313604,0,1789391313597,-0.816806,0.530918,-0.0591018,0
1789391313662,0,1789391313652,-0.818207,0.509149,-0.0582492,0
1789391313702,0,1789391313694,-0.819008,0.492876,-0.0578803,0
1789391313758,0,1789391313744,-0.819975,0.473318,-0.0578575,0
1789391313799,0,1789391313789,-0.821036,0.455597,-0.0571883,0
1789391313866,0,1789391313857,-0.822639,0.428407,-0.0566042,0
1789391313912,0,1789391313905,-0.823857,0.408915,-0.0575143,0
1789391313967,0,1789391313959,-0.825242,0.386781,-0.0573609,0
1789391314030,0,1789391314018,-0.826888,0.362857,-0.0569407,0
1789391314076,0,1789391314069,-0.828345,0.341932,-0.0569607,0
1789391314121,0,1789391314114,-0.82949,0.323602,-0.0573274,0
1789391314172,0,1789391314165,-0.830652,0.302571,-0.0575302,0
1789391314217,0,1789391314211,-0.831809,0.283899,-0.0575727,0
1789391314268,0,1789391314261,-0.83325,0.263617,-0.0576341,0
1789391314326,0,1789391314317,-0.834853,0.240924,-0.0568313,0
1789391314375,0,1789391314367,-0.836056,0.220757,-0.0568292,0
1789391314421,0,1789391314413,-0.83716,0.202266,-0.0568157,0
1789391314474,0,1789391314466,-0.838346,0.180819,-0.0580336,0
1789391314517,0,1789391314509,-0.83931,0.163526,-0.0582983,0
1789391314581,0,1789391314570,-0.84072,0.139195,-0.0584908,0
1789391314630,0,1789391314624,-0.841998,0.117456,-0.0581685,0
1789391314683,0,1789391314676,-0.843552,0.0965306,-0.0573139,0
1789391314728,0,1789391314719,-0.844914,0.0791843,-0.0567712,0
1789391314780,0,1789391314772,-0.846422,0.057773,-0.0566712,0
1789391314824,0,1789391314816,-0.847444,0.0399947,-0.0568865,0
1789391314886,0,1789391314876,-0.848855,0.0158825,-0.0573517,0
1789391314928,0,1789391314920,-0.849918,-0.00178117,-0.0571878,0
1789391314986,0,1789391314978,-0.85132,-0.0252622,-0.0579935,0
1789391315033,0,1789391315025,-0.852385,-0.0442843,-0.0580313,0
1789391315082,0,1789391315075,-0.853527,-0.064566,-0.0583826,0
1789391315138,0,1789391315129,-0.85475,-0.0862891,-0.0588166,0
1789391315190,0,1789391315182,-0.85596,-0.107613,-0.0591247,0
1789391315233,0,1789391315226,-0.8569,-0.125243,-0.0588324,0
1789391315281,0,1789391315274,-0.857927,-0.144547,-0.0588961,0
1789391315338,0,1789391315330,-0.859322,-0.166906,-0.0589549,0
1789391315388,0,1789391315379,-0.860641,-0.186498,-0.0595776,0
1789391315434,0,1789391315426,-0.861857,-0.205066,-0.0599765,0
1789391315485,0,1789391315476,-0.863088,-0.225091,-0.0597845,0
1789391315543,0,1789391315534,-0.864498,-0.248338,-0.0592845,0
1789391315595,0,1789391315584,-0.865692,-0.268612,-0.0589151,0
1789391315641,0,1789391315630,-0.866815,-0.287115,-0.0582709,0
1789391315690,0,1789391315682,-0.868294,-0.308121,-0.0580541,0
1789391315741,0,1789391315734,-0.869757,-0.329149,-0.0583969,0
1789391315806,0,1789391315787,-0.870754,-0.350262,-0.0578381,0
1789391315837,0,1789391315830,-0.871524,-0.367231,-0.0579805,0
1789391315890,0,1789391315880,-0.872687,-0.387616,-0.0582234,0
1789391315936,0,1789391315928,-0.873858,-0.407268,-0.0593213,0
1789391315996,0,1789391315989,-0.875168,-0.431739,-0.059355,0
1789391316040,0,1789391316035,-0.876085,-0.450127,-0.0592416,0
1789391316093,0,1789391316086,-0.877142,-0.470566,-0.0597199,0
1789391316144,0,1789391316133,-0.878222,-0.489608,-0.0599373,0
1789391316210,0,1789391316202,-0.879881,-0.517411,-0.0599774,0
1789391316257,0,1789391316251,-0.88123,-0.537011,-0.0594569,0
1789391316314,0,1789391316305,-0.882714,-0.558594,-0.0583125,0
1789391316356,0,1789391316347,-0.883848,-0.575304,-0.0584566,0
1789391316416,0,1789391316405,-0.885396,-0.598377,-0.0582633,0
1789391316464,0,1789391316454,-0.88651,-0.617629,-0.0588577,0
1789391316519,0,1789391316509,-0.887774,-0.639339,-0.0589431,0
1789391316566,0,1789391316558,-0.888948,-0.658327,-0.0584053,0
1789391316617,0,1789391316610,-0.890192,-0.678492,-0.0585294,0
1789391316662,0,1789391316654,-0.891254,-0.695186,-0.0583755,0
1789391316722,0,1789391316709,-0.892558,-0.716183,-0.0572458,0
1789391316779,0,1789391316751,-0.890547,-0.690146,-0.0559989,0.0521145
1789391316815,0,1789391316806,-0.891,-0.700184,-0.0565205,0
1789391316864,0,1789391316857,-0.892087,-0.717162,-0.0567556,0
1789391316922,0,1789391316915,-0.893184,-0.732887,-0.0561856,0
1789391316970,0,1789391316961,-0.893912,-0.743383,-0.0559932,0
1789391317031,0,1789391317023,-0.894522,-0.753737,-0.0557356,0
1789391317081,0,1789391317072,-0.894918,-0.760493,-0.0556903,0
1789391317130,0,1789391317123,-0.895261,-0.766825,-0.05631,0
1789391317175,0,1789391317169,-0.895574,-0.77259,-0.0558395,0
1789391317228,0,1789391317220,-0.895827,-0.777882,-0.0557923,0
1789391317274,0,1789391317264,-0.896011,-0.781853,-0.0557795,0
1789391317326,0,1789391317319,-0.896251,-0.786679,-0.0560746,0
1789391317378,0,1789391317369,-0.896378,-0.789224,-0.0566482,0
1789391317428,0,1789391317421,-0.896426,-0.791103,-0.0567812,0
1789391317471,0,1789391317465,-0.896418,-0.792432,-0.0570458,0
1789391317527,0,1789391317518,-0.896383,-0.793736,-0.0583006,0
1789391317571,0,1789391317561,-0.896279,-0.793808,-0.0582637,0
1789391317628,0,1789391317619,-0.896156,-0.793901,-0.0577844,0
1789391317678,0,1789391317668,-0.896161,-0.793946,-0.0577596,0
1789391317730,0,1789391317719,-0.896167,-0.793992,-0.0577105,0
1789391317771,0,1789391317764,-0.896141,-0.793942,-0.0572358,0
1789391317825,0,1789391317817,-0.896109,-0.793876,-0.0576475,0
1789391317882,0,1789391317874,-0.896093,-0.793641,-0.057971,0
1789391317934,0,1789391317925,-0.896086,-0.793375,-0.0589095,0
1789391317985,0,1789391317977,-0.896124,-0.793251,-0.0591739,0
1789391318049,0,1789391318041,-0.896203,-0.793164,-0.0596502,0
1789391318091,0,1789391318086,-0.896257,-0.793135,-0.059747,0
1789391318144,0,1789391318136,-0.896318,-0.793096,-0.0603772,0
1789391318189,0,1789391318182,-0.89633,-0.793071,-0.0603366,0
1789391318243,0,1789391318234,-0.896263,-0.793019,-0.0604858,0
1789391318286,0,1789391318279,-0.896219,-0.792983,-0.0602154,0
1789391318337,0,1789391318330,-0.896234,-0.792914,-0.0605591,0
1789391318390,0,1789391318383,-0.89625,-0.79284,-0.0602955,0
1789391318452,0,1789391318443,-0.896284,-0.792786,-0.0603261,0
1789391318495,0,1789391318487,-0.896309,-0.792751,-0.0603391,0
1789391318550,0,1789391318542,-0.896344,-0.792683,-0.0602912,0
1789391318590,0,1789391318583,-0.89637,-0.792623,-0.0607747,0
1789391318650,0,1789391318642,-0.89639,-0.792518,-0.0671847,0
1789391318705,0,1789391318697,-0.896395,-0.79245,-0.0772728,0
1789391318755,0,1789391318747,-0.896346,-0.792454,-0.0903496,0
1789391318801,0,1789391318793,-0.896271,-0.792517,-0.106432,0
1789391318867,0,1789391318858,-0.896205,-0.792575,-0.132629,0
1789391318915,0,1789391318906,-0.896211,-0.792571,-0.15444,0
1789391318966,0,1789391318959,-0.89621,-0.792569,-0.175482,0
1789391319009,0,1789391319002,-0.896173,-0.79258,-0.191644,0
1789391319071,0,1789391319059,-0.896132,-0.792593,-0.214424,0
1789391319114,0,1789391319107,-0.896111,-0.792604,-0.233742,0
1789391319168,0,1789391319160,-0.896088,-0.792615,-0.255226,0
1789391319222,0,1789391319214,-0.89605,-0.792608,-0.279334,0
1789391319275,0,1789391319266,-0.896016,-0.792597,-0.306954,0
1789391319326,0,1789391319318,-0.896007,-0.792577,-0.338155,0
1789391319381,0,1789391319366,-0.896014,-0.79256,-0.370767,0
1789391319423,0,1789391319414,-0.895978,-0.792553,-0.406648,0
1789391319471,0,1789391319465,-0.895925,-0.79256,-0.446461,0
1789391319516,0,1789391319510,-0.895873,-0.792588,-0.480926,0
1789391319569,0,1789391319561,-0.895852,-0.792637,-0.520596,0
1789391319620,0,1789391319607,-0.895838,-0.792685,-0.556392,0
1789391319676,0,1789391319668,-0.895853,-0.792701,-0.603102,0
1789391319719,0,1789391319712,-0.895867,-0.792713,-0.63727,0
1789391319774,0,1789391319767,-0.895918,-0.792744,-0.680264,0
1789391319832,0,1789391319823,-0.89597,-0.792772,-0.72369,0
1789391319880,0,1789391319872,-0.89598,-0.792777,-0.762297,0
1789391319927,0,1789391319919,-0.895983,-0.792778,-0.798388,0
1789391319977,0,1789391319969,-0.896021,-0.792732,-0.837038,0
1789391320034,0,1789391320023,-0.896061,-0.792677,-0.879337,0
1789391320084,0,1789391320076,-0.896094,-0.79261,-0.920292,0
1789391320137,0,1789391320130,-0.896098,-0.79257,-0.962853,0
1789391320185,0,1789391320178,-0.896065,-0.792546,-1.00117,0
1789391320246,0,1789391320235,-0.89598,-0.792564,-1.04638,0
1789391320297,0,1789391320287,-0.895893,-0.792591,-1.08698,0
1789391320339,0,1789391320331,-0.895866,-0.79262,-1.12072,0
1789391320387,0,1789391320380,-0.895838,-0.792652,-1.15927,0
1789391320433,0,1789391320426,-0.895832,-0.792626,-1.19487,0
1789391320488,0,1789391320478,-0.895824,-0.7926,-1.23599,0
1789391320543,0,1789391320534,-0.895861,-0.79258,-1.27651,0
1789391320603,0,1789391320595,-0.895896,-0.792568,-1.31367,0
1789391320648,0,1789391320639,-0.895906,-0.792581,-1.33013,0
1789391320708,0,1789391320700,-0.895911,-0.792606,-1.34557,0
1789391320754,0,1789391320745,-0.895914,-0.792608,-1.35037,0
1789391320803,0,1789391320796,-0.895913,-0.792575,-1.35086,0
1789391320856,0,1789391320849,-0.895934,-0.792572,-1.3511,0
1789391320905,0,1789391320898,-0.895994,-0.792627,-1.35148,0
1789391320952,0,1789391320945,-0.896045,-0.792685,-1.35173,0
1789391321008,0,1789391321000,-0.896073,-0.792789,-1.35155,0
1789391321057,0,1789391321050,-0.896098,-0.792881,-1.35102,0
1789391321113,0,1789391321103,-0.896162,-0.792921,-1.35111,0
1789391321163,0,1789391321155,-0.896226,-0.792958,-1.35119,0
1789391321217,0,1789391321208,-0.896239,-0.792988,-1.35104,0
1789391321259,0,1789391321252,-0.896239,-0.79301,-1.35106,0
1789391321310,0,1789391321301,-0.896203,-0.793059,-1.35128,0
1789391321356,0,1789391321349,-0.896152,-0.793117,-1.35119,0
1789391321425,0,1789391321412,-0.896094,-0.793202,-1.3511,0
1789391321471,0,1789391321463,-0.896056,-0.793281,-1.35141,0
1789391321525,0,1789391321516,-0.896016,-0.793347,-1.35208,0
1789391321573,0,1789391321566,-0.895979,-0.793378,-1.35243,0
1789391321626,0,1789391321618,-0.895959,-0.793402,-1.35284,0
1789391321670,0,1789391321662,-0.895991,-0.793401,-1.35285,0
1789391321726,0,1789391321717,-0.896032,-0.793401,-1.35316,0
1789391321766,0,1789391321758,-0.896025,-0.793439,-1.35288,0
1789391321821,0,1789391321813,-0.896016,-0.793491,-1.35227,0
1789391321875,0,1789391321865,-0.895995,-0.793597,-1.35285,0
1789391321928,0,1789391321919,-0.89597,-0.793721,-1.35296,0
1789391321982,0,1789391321975,-0.895982,-0.793856,-1.35261,0
1789391322034,0,1789391322026,-0.896017,-0.79398,-1.35282,0
1789391322079,0,1789391322071,-0.896032,-0.794074,-1.3531,0
1789391322133,0,1789391322123,-0.896035,-0.794171,-1.35319,0
1789391322176,0,1789391322168,-0.896055,-0.794248,-1.35337,0
1789391322233,0,1789391322223,-0.896115,-0.794332,-1.3537,0
1789391322279,0,1789391322272,-0.896167,-0.794388,-1.35355,0
1789391322328,0,1789391322321,-0.896217,-0.794363,-1.35389,0
1789391322385,0,1789391322379,-0.896276,-0.794332,-1.35434,0
1789391322438,0,1789391322429,-0.896221,-0.794352,-1.35462,0
1789391322493,0,1789391322484,-0.89616,-0.794374,-1.35514,0
1789391322545,0,1789391322535,-0.896053,-0.794365,-1.3552,0
1789391322585,0,1789391322580,-0.895952,-0.794352,-1.355,0
1789391322639,0,1789391322630,-0.895936,-0.794341,-1.35523,0
1789391322685,0,1789391322677,-0.895963,-0.794332,-1.35531,0
1789391322733,0,1789391322726,-0.895989,-0.794289,-1.35526,0
1789391322784,0,1789391322776,-0.896014,-0.794214,-1.35581,0
1789391322833,0,1789391322825,-0.895997,-0.794164,-1.35655,0
1789391322887,0,1789391322879,-0.895894,-0.794156,-1.35669,0
1789391322939,0,1789391322931,-0.895812,-0.794149,-1.35657,0
1789391322983,0,1789391322975,-0.895817,-0.794144,-1.35655,0
1789391323036,0,1789391323028,-0.895822,-0.794139,-1.35653,0
1789391323087,0,1789391323081,-0.895868,-0.794314,-1.35668,0
1789391323143,0,1789391323134,-0.895916,-0.794497,-1.35699,0
1789391323191,0,1789391323185,-0.895937,-0.794498,-1.35715,0
1789391323251,0,1789391323245,-0.895956,-0.794458,-1.35711,0
1789391323296,0,1789391323290,-0.895901,-0.794528,-1.35717,0
1789391323357,0,1789391323349,-0.8958,-0.794663,-1.3573,0
1789391323403,0,1789391323395,-0.89578,-0.794698,-1.35749,0
1789391323457,0,1789391323447,-0.895812,-0.794675,-1.35685,0
1789391323498,0,1789391323491,-0.895829,-0.794693,-1.35622,0
1789391323554,0,1789391323546,-0.895836,-0.794793,-1.35606,0
1789391323603,0,1789391323595,-0.895849,-0.794857,-1.35656,0
1789391323655,0,1789391323648,-0.895903,-0.794802,-1.35653,0
1789391323701,0,1789391323692,-0.895947,-0.794757,-1.35681,0
1789391323762,0,1789391323755,-0.89596,-0.79479,-1.35646,0
1789391323807,0,1789391323799,-0.89596,-0.794828,-1.35583,0
1789391323871,0,1789391323863,-0.895989,-0.794827,-1.35502,0
1789391323911,0,1789391323905,-0.896016,-0.79481,-1.355,0
1789391323965,0,1789391323958,-0.895965,-0.794886,-1.35513,0
1789391324010,0,1789391324001,-0.895898,-0.794977,-1.35469,0
1789391324059,0,1789391324051,-0.895844,-0.795026,-1.35495,0
1789391324103,0,1789391324096,-0.895818,-0.795019,-1.35444,0
1789391324159,0,1789391324149,-0.895764,-0.795012,-1.35393,0
1789391324208,0,1789391324201,-0.895666,-0.795007,-1.35412,0
1789391324257,0,1789391324251,-0.895592,-0.795019,-1.35437,0
1789391324304,0,1789391324298,-0.895615,-0.79511,-1.35502,0
1789391324363,0,1789391324356,-0.895644,-0.795224,-1.35526,0
1789391324412,0,1789391324406,-0.895546,-0.795341,-1.35504,0
1789391324476,0,1789391324469,-0.895422,-0.79549,-1.35486,0
1789391324525,0,1789391324517,-0.895411,-0.795476,-1.35478,0
1789391324578,0,1789391324569,-0.89541,-0.795442,-1.3548,0
1789391324622,0,1789391324613,-0.895418,-0.795445,-1.35478,0
1789391324674,0,1789391324666,-0.895431,-0.795459,-1.35474,0
1789391324717,0,1789391324710,-0.895434,-0.795492,-1.3544,0
1789391324776,0,1789391324767,-0.895434,-0.795556,-1.35425,0
1789391324826,0,1789391324818,-0.895423,-0.795599,-1.35452,0
1789391324875,0,1789391324868,-0.895394,-0.795614,-1.35445,0
1789391324920,0,1789391324912,-0.895366,-0.795622,-1.35443,0
1789391324976,0,1789391324968,-0.895311,-0.7956,-1.35442,0
1789391325029,0,1789391325020,-0.895264,-0.795581,-1.35447,0
1789391325085,0,1789391325077,-0.895282,-0.795574,-1.35449,0
1789391325127,0,1789391325121,-0.895299,-0.79557,-1.35452,0
1789391325183,0,1789391325175,-0.895337,-0.795541,-1.35477,0
1789391325242,0,1789391325235,-0.895385,-0.795502,-1.35476,0
1789391325292,0,1789391325285,-0.895446,-0.795571,-1.35402,0
1789391325347,0,1789391325339,-0.895524,-0.795699,-1.35435,0
1789391325393,0,1789391325387,-0.895559,-0.795763,-1.35452,0
1789391325443,0,1789391325435,-0.895564,-0.795785,-1.35448,0
1789391325493,0,1789391325485,-0.895533,-0.795802,-1.35423,0
1789391325539,0,1789391325531,-0.895441,-0.795805,-1.35366,0
1789391325594,0,1789391325585,-0.895343,-0.795797,-1.35295,0
1789391325647,0,1789391325638,-0.895305,-0.795726,-1.35288,0
1789391325707,0,1789391325698,-0.895262,-0.795645,-1.35325,0
1789391325753,0,1789391325745,-0.895279,-0.795649,-1.35326,0
1789391325805,0,1789391325797,-0.895297,-0.795652,-1.35328,0
1789391325849,0,1789391325842,-0.89532,-0.79566,-1.35278,0
1789391325912,0,1789391325902,-0.895352,-0.795672,-1.35305,0
1789391325956,0,1789391325949,-0.895402,-0.795695,-1.35343,0
1789391326009,0,1789391326001,-0.895468,-0.795728,-1.3533,0
1789391326052,0,1789391326045,-0.895485,-0.795763,-1.35364,0
1789391326113,0,1789391326105,-0.89547,-0.795819,-1.35381,0
1789391326157,0,1789391326150,-0.895441,-0.795872,-1.35407,0
1789391326209,0,1789391326202,-0.895375,-0.795955,-1.35329,0
1789391326257,0,1789391326247,-0.895322,-0.796001,-1.35307,0
1789391326319,0,1789391326310,-0.895274,-0.795932,-1.35254,0
1789391326368,0,1789391326359,-0.895239,-0.795871,-1.35207,0
1789391326419,0,1789391326412,-0.895236,-0.795912,-1.35187,0
1789391326471,0,1789391326464,-0.895235,-0.795956,-1.35124,0
1789391326525,0,1789391326517,-0.895208,-0.796027,-1.35107,0
1789391326576,0,1789391326568,-0.895176,-0.796102,-1.35094,0
1789391326632,0,1789391326622,-0.895182,-0.796142,-1.35073,0
1789391326672,0,1789391326664,-0.895204,-0.796155,-1.35107,0
1789391326732,0,1789391326721,-0.89516,-0.796192,-1.35127,0
1789391326777,0,1789391326769,-0.895045,-0.796242,-1.35115,0
1789391326831,0,1789391326823,-0.894957,-0.796284,-1.35111,0
1789391326874,0,1789391326866,-0.894964,-0.796292,-1.35118,0
1789391326927,0,1789391326918,-0.894967,-0.79628,-1.35108,0
1789391326978,0,1789391326971,-0.894951,-0.796151,-1.35099,0
1789391327030,0,1789391327022,-0.894936,-0.796027,-1.35116,0
1789391327073,0,1789391327066,-0.894959,-0.796012,-1.3511,0
1789391327142,0,1789391327125,-0.894991,-0.795992,-1.35101,0
1789391327185,0,1789391327177,-0.895034,-0.795948,-1.35112,0
1789391327246,0,1789391327239,-0.89509,-0.795888,-1.35096,0
1789391327296,0,1789391327287,-0.895127,-0.795888,-1.35093,0
1789391327344,0,1789391327337,-0.895164,-0.795907,-1.35136,0
1789391327389,0,1789391327383,-0.895153,-0.795864,-1.35167,0
1789391327445,0,1789391327433,-0.895103,-0.795763,-1.35159,0
1789391327496,0,1789391327488,-0.895082,-0.795678,-1.35162,0
1789391327552,0,1789391327541,-0.895133,-0.795654,-1.35208,0
1789391327603,0,1789391327594,-0.895174,-0.79562,-1.35201,0
1789391327651,0,1789391327644,-0.895161,-0.795539,-1.3515,0
1789391327699,0,1789391327690,-0.895149,-0.795465,-1.3518,0
1789391327749,0,1789391327742,-0.895184,-0.79554,-1.35166,0
1789391327793,0,1789391327786,-0.895214,-0.795606,-1.35091,0
1789391327846,0,1789391327837,-0.895211,-0.795683,-1.35037,0
1789391327899,0,1789391327892,-0.895199,-0.795767,-1.35032,0
1789391327964,0,1789391327955,-0.895216,-0.795812,-1.35006,0
1789391328008,0,1789391328000,-0.895245,-0.795814,-1.34982,0
1789391328060,0,1789391328053,-0.895272,-0.795891,-1.34975,0
1789391328102,0,1789391328096,-0.895285,-0.796016,-1.34987,0
1789391328158,0,1789391328148,-0.895323,-0.796142,-1.34924,0
1789391328201,0,1789391328194,-0.895395,-0.7962,-1.34904,0
1789391328262,0,1789391328255,-0.895459,-0.796254,-1.34951,0
1789391328310,0,1789391328301,-0.895365,-0.796185,-1.34991,0
1789391328372,0,1789391328362,-0.895239,-0.796094,-1.35061,0
1789391328413,0,1789391328406,-0.895144,-0.796062,-1.35078,0
1789391328465,0,1789391328458,-0.895031,-0.796025,-1.35028,0
1789391328508,0,1789391328502,-0.89508,-0.795998,-1.35063,0
1789391328574,0,1789391328566,-0.895159,-0.795958,-1.35072,0
1789391328623,0,1789391328614,-0.895131,-0.795927,-1.35088,0
1789391328680,0,1789391328671,-0.895055,-0.79589,-1.35089,0
1789391328726,0,1789391328719,-0.895034,-0.795868,-1.35063,0
1789391328781,0,1789391328771,-0.89505,-0.795852,-1.35057,0
1789391328823,0,1789391328815,-0.895034,-0.795836,-1.35123,0
1789391328878,0,1789391328870,-0.894955,-0.795811,-1.35095,0
1789391328919,0,1789391328911,-0.894897,-0.795801,-1.35093,0
1789391328979,0,1789391328970,-0.89482,-0.795832,-1.35094,0
1789391329028,0,1789391329018,-0.894757,-0.795857,-1.35118,0
1789391329088,0,1789391329079,-0.894788,-0.796022,-1.35183,0
1789391329131,0,1789391329123,-0.894824,-0.796156,-1.35127,0
1789391329186,0,1789391329178,-0.89492,-0.79619,-1.35104,0
1789391329238,0,1789391329229,-0.895022,-0.796182,-1.35138,0
1789391329291,0,1789391329281,-0.894989,-0.796207,-1.35133,0
1789391329331,0,1789391329324,-0.894904,-0.796242,-1.35093,0
1789391329383,0,1789391329374,-0.894877,-0.796235,-1.35154,0
1789391329429,0,1789391329421,-0.894933,-0.796178,-1.35197,0
1789391329482,0,1789391329475,-0.894956,-0.796079,-1.35177,0
1789391329531,0,1789391329525,-0.894886,-0.795919,-1.35198,0
1789391329587,0,1789391329579,-0.89483,-0.795768,-1.35243,0
1789391329645,0,1789391329638,-0.894883,-0.795726,-1.35211,0
1789391329700,0,1789391329693,-0.89494,-0.795695,-1.35236,0
1789391329755,0,1789391329746,-0.894915,-0.795793,-1.35171,0
1789391329802,0,1789391329794,-0.894886,-0.795894,-1.35131,0
1789391329850,0,1789391329842,-0.894911,-0.795918,-1.35113,0
1789391329902,0,1789391329894,-0.894947,-0.795927,-1.35108,0
1789391329947,0,1789391329938,-0.894944,-0.795894,-1.35132,0
1789391329996,0,1789391329988,-0.894929,-0.795842,-1.35097,0
1789391330049,0,1789391330042,-0.894966,-0.795763,-1.35091,0
1789391330104,0,1789391330095,-0.895058,-0.795663,-1.35085,0
1789391330146,0,1789391330139,-0.895132,-0.795592,-1.35123,0
1789391330198,0,1789391330191,-0.895216,-0.795527,-1.35143,0
1789391330255,0,1789391330245,-0.895291,-0.795473,-1.35075,0
1789391330306,0,1789391330298,-0.89529,-0.795493,-1.35046,0
1789391330348,0,1789391330341,-0.895289,-0.795509,-1.35071,0
1789391330405,0,1789391330395,-0.895183,-0.79545,-1.34987,0
1789391330445,0,1789391330437,-0.895096,-0.7954,-1.34938,0
1789391330499,0,1789391330490,-0.895041,-0.795358,-1.34938,0
1789391330553,0,1789391330547,-0.894998,-0.795319,-1.34877,0
1789391330609,0,1789391330602,-0.895002,-0.795391,-1.34868,0
1789391330655,0,1789391330646,-0.895028,-0.795503,-1.34919,0
1789391330705,0,1789391330697,-0.895039,-0.795578,-1.34926,0
1789391330753,0,1789391330746,-0.895031,-0.795599,-1.34926,0
1789391330813,0,1789391330803,-0.895026,-0.795599,-1.34899,0
1789391330868,0,1789391330861,-0.895029,-0.795545,-1.34883,0
1789391330919,0,1789391330911,-0.895046,-0.795513,-1.34884,0
1789391330965,0,1789391330957,-0.895129,-0.795546,-1.3489,0
1789391331019,0,1789391331012,-0.895228,-0.795586,-1.34972,0
1789391331089,0,1789391331074,-0.895343,-0.795639,-1.3497,0
1789391331136,0,1789391331127,-0.895439,-0.795684,-1.34929,0
1789391331184,0,1789391331178,-0.895388,-0.795727,-1.34905,0
1789391331240,0,1789391331230,-0.89531,-0.795769,-1.35015,0
1789391331284,0,1789391331274,-0.895304,-0.795807,-1.35042,0
1789391331337,0,1789391331328,-0.895317,-0.795855,-1.35009,0
1789391331380,0,1789391331371,-0.895365,-0.79589,-1.34873,0
1789391331433,0,1789391331425,-0.895461,-0.795932,-1.34847,0
1789391331486,0,1789391331476,-0.895543,-0.795917,-1.34877,0
1789391331540,0,1789391331528,-0.895609,-0.79579,-1.34899,0
1789391331580,0,1789391331572,-0.89566,-0.795717,-1.34875,0
1789391331634,0,1789391331626,-0.8957,-0.795794,-1.34811,0
1789391331687,0,1789391331679,-0.895739,-0.795869,-1.34788,0
1789391331743,0,1789391331732,-0.895642,-0.795829,-1.34735,0
1789391331798,0,1789391331789,-0.895531,-0.795781,-1.34706,0
1789391331844,0,1789391331837,-0.895529,-0.795789,-1.34708,0
1789391331903,0,1789391331894,-0.89554,-0.795805,-1.347,0
1789391331954,0,1789391331946,-0.895574,-0.795832,-1.34784,0
1789391331997,0,1789391331989,-0.895613,-0.79586,-1.34764,0
1789391332049,0,1789391332038,-0.895628,-0.795933,-1.34808,0
1789391332096,0,1789391332087,-0.895616,-0.796055,-1.35017,0
1789391332147,0,1789391332139,-0.895637,-0.796139,-1.35627,0
1789391332199,0,1789391332191,-0.895719,-0.796136,-1.36597,0
1789391332250,0,1789391332243,-0.895786,-0.796123,-1.37997,0
1789391332310,0,1789391332299,-0.895796,-0.796071,-1.39786,0
1789391332361,0,1789391332351,-0.895802,-0.796028,-1.41542,0
1789391332404,0,1789391332395,-0.895786,-0.796003,-1.43038,0
1789391332451,0,1789391332443,-0.895803,-0.795968,-1.44741,0
1789391332498,0,1789391332491,-0.895797,-0.795947,-1.46353,0
1789391332556,0,1789391332547,-0.895797,-0.79593,-1.48182,0
1789391332605,0,1789391332595,-0.895804,-0.795908,-1.49715,0
1789391332656,0,1789391332645,-0.895826,-0.79589,-1.51255,0
1789391332709,0,1789391332700,-0.89583,-0.795825,-1.52916,0
1789391332759,0,1789391332751,-0.895832,-0.795738,-1.5427,0
1789391332805,0,1789391332796,-0.895855,-0.795702,-1.55505,0
1789391332856,0,1789391332848,-0.895961,-0.79573,-1.56896,0
1789391332902,0,1789391332892,-0.89603,-0.795754,-1.58045,0
1789391332954,0,1789391332944,-0.896056,-0.795753,-1.59302,0
1789391333007,0,1789391333000,-0.896073,-0.795749,-1.60643,0
1789391333061,0,1789391333053,-0.896122,-0.795694,-1.61818,0
1789391333112,0,1789391333105,-0.896174,-0.795635,-1.62928,0
1789391333174,0,1789391333165,-0.896176,-0.795601,-1.64229,0
1789391333217,0,1789391333210,-0.896161,-0.795585,-1.65115,0
1789391333270,0,1789391333262,-0.896251,-0.795605,-1.66074,0
1789391333314,0,1789391333308,-0.896367,-0.795629,-1.6694,0
1789391333373,0,1789391333365,-0.896501,-0.795666,-1.67962,0
1789391333421,0,1789391333412,-0.896583,-0.795699,-1.68829,0
1789391333486,0,1789391333475,-0.89668,-0.79572,-1.69893,0
1789391333534,0,1789391333524,-0.896725,-0.795678,-1.70678,0
1789391333585,0,1789391333576,-0.896767,-0.79564,-1.71466,0
1789391333628,0,1789391333620,-0.896438,-0.795671,-1.72187,0
1789391333682,0,1789391333675,-0.89517,-0.795824,-1.7322,0
1789391333735,0,1789391333723,-0.893496,-0.79605,-1.74057,0
1789391333788,0,1789391333779,-0.891749,-0.796284,-1.74947,0
1789391333836,0,1789391333828,-0.887888,-0.796962,-1.75789,0
1789391333888,0,1789391333879,-0.883089,-0.797836,-1.76676,0
1789391333932,0,1789391333924,-0.877529,-0.798915,-1.77364,0
1789391333986,0,1789391333978,-0.869111,-0.800635,-1.78254,0
1789391334039,0,1789391334030,-0.86084,-0.802455,-1.79083,0
1789391334093,0,1789391334084,-0.849503,-0.805094,-1.79945,0
1789391334136,0,1789391334126,-0.840802,-0.807272,-1.80578,0
1789391334191,0,1789391334181,-0.826237,-0.811132,-1.81398,0
1789391334241,0,1789391334231,-0.813327,-0.814622,-1.82173,0
1789391334298,0,1789391334284,-0.795775,-0.81926,-1.83037,0
1789391334336,0,1789391334327,-0.781483,-0.823144,-1.83686,0
1789391334390,0,1789391334384,-0.761487,-0.828899,-1.84579,0
1789391334443,0,1789391334432,-0.744317,-0.834008,-1.85382,0
1789391334495,0,1789391334485,-0.723641,-0.840355,-1.86216,0
1789391334537,0,1789391334529,-0.705172,-0.846159,-1.86931,0
1789391334595,0,1789391334580,-0.683975,-0.8529,-1.87702,0
1789391334638,0,1789391334630,-0.661471,-0.860205,-1.88453,0
1789391334698,0,1789391334688,-0.635942,-0.868354,-1.89295,0
1789391334740,0,1789391334733,-0.613657,-0.875451,-1.89983,0
1789391334801,0,1789391334790,-0.585995,-0.884827,-1.90805,0
1789391334845,0,1789391334837,-0.561754,-0.894054,-1.91452,0
1789391334898,0,1789391334888,-0.535408,-0.904143,-1.92198,0
1789391334951,0,1789391334941,-0.505457,-0.914978,-1.9294,0
1789391335006,0,1789391334992,-0.476652,-0.925647,-1.9367,0
1789391335055,0,1789391335045,-0.445827,-0.93807,-1.94253,0
1789391335103,0,1789391335094,-0.417279,-0.949695,-1.94534,0
1789391335158,0,1789391335150,-0.384655,-0.962093,-1.94482,0
1789391335214,0,1789391335202,-0.35414,-0.973312,-1.93988,0
1789391335254,0,1789391335247,-0.327285,-0.983714,-1.93269,0
1789391335303,0,1789391335295,-0.298107,-0.994895,-1.92287,0
1789391335359,0,1789391335351,-0.264186,-1.00733,-1.90887,0
1789391335412,0,1789391335400,-0.234321,-1.01751,-1.89268,0
1789391335454,0,1789391335447,-0.205958,-1.02664,-1.87763,0
1789391335509,0,1789391335500,-0.173985,-1.03612,-1.86002,0
1789391335562,0,1789391335552,-0.142502,-1.04504,-1.84249,0
1789391335625,0,1789391335615,-0.103948,-1.05589,-1.81999,0
1789391335667,0,1789391335660,-0.076905,-1.06299,-1.80255,0
1789391335721,0,1789391335713,-0.047037,-1.06908,-1.77973,0
1789391335763,0,1789391335755,-0.0244222,-1.07321,-1.76163,0
1789391335817,0,1789391335807,0.0022487,-1.07811,-1.73876,0
1789391335862,0,1789391335853,0.0249675,-1.08187,-1.71837,0
1789391335911,0,1789391335904,0.0489449,-1.08493,-1.69484,0
1789391335966,0,1789391335959,0.0734298,-1.08711,-1.66992,0
1789391336021,0,1789391336012,0.0953052,-1.08895,-1.64721,0
1789391336073,0,1789391336064,0.11443,-1.09044,-1.62786,0
1789391336123,0,1789391336114,0.131568,-1.09134,-1.61006,0
1789391336169,0,1789391336160,0.145942,-1.09155,-1.59709,0
1789391336224,0,1789391336215,0.162351,-1.09159,-1.58222,0
1789391336277,0,1789391336268,0.175598,-1.09161,-1.56798,0
1789391336333,0,1789391336322,0.188903,-1.09144,-1.55521,0
1789391336382,0,1789391336372,0.197304,-1.09114,-1.54292,0
1789391336437,0,1789391336428,0.204764,-1.09075,-1.52866,0
1789391336485,0,1789391336477,0.211094,-1.09045,-1.51812,0
1789391336549,0,1789391336532,0.218194,-1.09007,-1.50875,0
1789391336588,0,1789391336581,0.224139,-1.08972,-1.50301,0
1789391336644,0,1789391336636,0.230144,-1.08931,-1.49668,0
1789391336685,0,1789391336677,0.234482,-1.08897,-1.49011,0
1789391336741,0,1789391336733,0.24024,-1.08845,-1.48265,0
1789391336788,0,1789391336781,0.245088,-1.08801,-1.47746,0
1789391336842,0,1789391336834,0.248475,-1.08769,-1.47069,0
1789391336884,0,1789391336878,0.250765,-1.08745,-1.46433,0
1789391336940,0,1789391336931,0.252962,-1.08711,-1.45351,0
1789391336983,0,1789391336974,0.254556,-1.08684,-1.44046,0
1789391337038,0,1789391337030,0.255962,-1.08659,-1.41973,0
1789391337087,0,1789391337079,0.256824,-1.08641,-1.39892,0
1789391337148,0,1789391337136,0.257936,-1.08624,-1.37315,0
1789391337199,0,1789391337185,0.258597,-1.08614,-1.34861,0
1789391337249,0,1789391337237,0.259309,-1.086,-1.32053,0
1789391337298,0,1789391337289,0.259669,-1.0859,-1.2922,0
1789391337354,0,1789391337344,0.259921,-1.08583,-1.26175,0
1789391337411,0,1789391337402,0.259898,-1.08583,-1.23047,0
1789391337459,0,1789391337451,0.259865,-1.08584,-1.20373,0
1789391337512,0,1789391337498,0.259855,-1.08583,-1.17872,0
1789391337555,0,1789391337547,0.259875,-1.08582,-1.15249,0
1789391337602,0,1789391337594,0.259982,-1.08579,-1.12793,0
1789391337657,0,1789391337648,0.260183,-1.08574,-1.10102,0
1789391337707,0,1789391337700,0.26018,-1.08571,-1.07575,0
1789391337758,0,1789391337752,0.260169,-1.08568,-1.05045,0
1789391337809,0,1789391337797,0.260146,-1.08571,-1.02867,0
1789391337860,0,1789391337851,0.260119,-1.08575,-1.00319,0
1789391337911,0,1789391337901,0.260071,-1.08575,-0.979352,0
1789391337959,0,1789391337951,0.260025,-1.08573,-0.955472,0
1789391338014,0,1789391338006,0.259968,-1.08567,-0.928332,0
1789391338075,0,1789391338066,0.259915,-1.08557,-0.90014,0
1789391338123,0,1789391338112,0.259879,-1.08549,-0.878628,0
1789391338179,0,1789391338172,0.259867,-1.08543,-0.8506,0
1789391338226,0,1789391338218,0.259849,-1.08538,-0.829515,0
1789391338279,0,1789391338271,0.259798,-1.08538,-0.80467,0
1789391338331,0,1789391338323,0.25975,-1.08537,-0.780555,0
1789391338384,0,1789391338374,0.259774,-1.08534,-0.757115,0
1789391338428,0,1789391338420,0.259797,-1.0853,-0.736756,0
1789391338480,0,1789391338469,0.259698,-1.08535,-0.713787,0
1789391338525,0,1789391338516,0.259644,-1.08533,-0.690936,0
1789391338588,0,1789391338578,0.25961,-1.08524,-0.661599,0
1789391338627,0,1789391338620,0.259608,-1.0852,-0.642186,0
1789391338683,0,1789391338673,0.259603,-1.08515,-0.616865,0
1789391338731,0,1789391338725,0.259599,-1.08515,-0.592643,0
1789391338795,0,1789391338785,0.259611,-1.08519,-0.565401,0
1789391338840,0,1789391338830,0.259651,-1.08524,-0.545947,0
1789391338892,0,1789391338884,0.25969,-1.08529,-0.521955,0
1789391338958,0,1789391338949,0.259658,-1.08523,-0.493918,0
1789391339011,0,1789391339003,0.259619,-1.08518,-0.472078,0
1789391339052,0,1789391339045,0.259635,-1.08517,-0.456187,0
1789391339106,0,1789391339097,0.259654,-1.08514,-0.436536,0
1789391339158,0,1789391339150,0.259643,-1.08516,-0.417415,0
1789391339209,0,1789391339202,0.259624,-1.08518,-0.399291,0
1789391339259,0,1789391339246,0.259647,-1.08516,-0.385365,0
1789391339306,0,1789391339297,0.259674,-1.08512,-0.368381,0
1789391339351,0,1789391339343,0.259662,-1.08508,-0.353983,0
1789391339399,0,1789391339391,0.259611,-1.08504,-0.339504,0
1789391339445,0,1789391339438,0.259588,-1.08501,-0.326448,0
1789391339510,0,1789391339500,0.259612,-1.08501,-0.309495,0
1789391339563,0,1789391339555,0.259627,-1.08502,-0.294526,0
1789391339610,0,1789391339603,0.259572,-1.08507,-0.281351,0
1789391339657,0,1789391339651,0.259515,-1.08513,-0.269318,0
1789391339711,0,1789391339701,0.259524,-1.08515,-0.256661,0
1789391339762,0,1789391339755,0.259529,-1.08518,-0.243401,0
1789391339823,0,1789391339811,0.259497,-1.08518,-0.23049,0
1789391339880,0,1789391339870,0.259443,-1.08516,-0.217233,0
1789391339927,0,1789391339920,0.259444,-1.08518,-0.206929,0
1789391339973,0,1789391339967,0.25946,-1.0852,-0.196674,0
1789391340027,0,1789391340019,0.259458,-1.08521,-0.186148,0
1789391340073,0,1789391340063,0.259435,-1.0852,-0.177428,0
1789391340130,0,1789391340121,0.259434,-1.08516,-0.16573,0
1789391340176,0,1789391340167,0.259489,-1.0851,-0.15711,0
1789391340235,0,1789391340228,0.259564,-1.08501,-0.14613,0
1789391340280,0,1789391340273,0.259621,-1.08493,-0.138561,0
1789391340334,0,1789391340324,0.259686,-1.08485,-0.130285,0
1789391340375,0,1789391340368,0.259663,-1.08478,-0.122906,0
1789391340441,0,1789391340434,0.259723,-1.0838,-0.112996,0
1789391340497,0,1789391340486,0.259902,-1.08239,-0.106046,0
1789391340545,0,1789391340537,0.260106,-1.08081,-0.0998711,0
1789391340591,0,1789391340582,0.26044,-1.07769,-0.0947807,0
1789391340646,0,1789391340636,0.260897,-1.07298,-0.0876962,0
1789391340686,0,1789391340678,0.261272,-1.0689,-0.0816393,0
1789391340756,0,1789391340742,0.261855,-1.06176,-0.0724904,0
1789391340795,0,1789391340786,0.262209,-1.05688,-0.066366,0
1789391340848,0,1789391340839,0.26257,-1.05073,-0.058947,0
1789391340889,0,1789391340881,0.262819,-1.04604,-0.0538675,0
1789391340944,0,1789391340936,0.263125,-1.03997,-0.0461182,0
1789391340998,0,1789391340986,0.263354,-1.03444,-0.0392844,0
1789391341055,0,1789391341048,0.263623,-1.02763,-0.0314699,0
1789391341099,0,1789391341091,0.263792,-1.02275,-0.0264621,0
1789391341152,0,1789391341144,0.263885,-1.01682,-0.0216034,0
1789391341195,0,1789391341187,0.263931,-1.01205,-0.0168341,0
1789391341251,0,1789391341241,0.263945,-1.00599,-0.0106754,0
1789391341310,0,1789391341293,0.263922,-1.00011,-0.00521611,0
1789391341356,0,1789391341348,0.263808,-0.993957,0.000625961,0
1789391341399,0,1789391341389,0.263694,-0.989407,0.00465226,0
1789391341455,0,1789391341444,0.263487,-0.983329,0.0105022,0
1789391341497,0,1789391341487,0.263319,-0.978596,0.0144006,0
1789391341554,0,1789391341545,0.263074,-0.972264,0.0197687,0
1789391341613,0,1789391341607,0.262932,-0.965555,0.0256084,0
1789391341669,0,1789391341657,0.262816,-0.960234,0.0300965,0
1789391341710,0,1789391341701,0.262703,-0.955699,0.0374651,0
1789391341757,0,1789391341751,0.262513,-0.950329,0.0474159,0
1789391341812,0,1789391341806,0.262187,-0.944672,0.0575284,0
1789391341869,0,1789391341860,0.261794,-0.939055,0.0653626,0
1789391341918,0,1789391341910,0.261489,-0.933965,0.0720339,0
1789391341970,0,1789391341962,0.26116,-0.928595,0.0782479,0
1789391342017,0,1789391342008,0.260867,-0.923935,0.0833074,0
1789391342064,0,1789391342056,0.260497,-0.918961,0.0887469,0
1789391342119,0,1789391342112,0.260031,-0.913242,0.0937591,0
1789391342174,0,1789391342165,0.259511,-0.908005,0.0985279,0
1789391342216,0,1789391342208,0.259047,-0.903292,0.101741,0
1789391342265,0,1789391342258,0.258447,-0.896122,0.105365,0
1789391342313,0,1789391342304,0.257882,-0.889624,0.108413,0
1789391342373,0,1789391342364,0.256887,-0.880345,0.112388,0
1789391342436,0,1789391342410,0.251072,-0.862578,0.11234,0.0112781
1789391342486,0,1789391342474,0.249781,-0.850551,0.116588,0
1789391342534,0,1789391342527,0.248476,-0.838162,0.120219,0
1789391342586,0,1789391342578,0.246988,-0.825976,0.123786,0
1789391342631,0,1789391342624,0.245326,-0.813096,0.126365,0
1789391342682,0,1789391342672,0.243677,-0.799597,0.12944,0
1789391342728,0,1789391342720,0.241713,-0.7837,0.132683,0
1789391342782,0,1789391342774,0.239793,-0.766583,0.134907,0
1789391342835,0,1789391342825,0.238106,-0.74875,0.132872,0
1789391342885,0,1789391342876,0.236395,-0.730668,0.127576,0
1789391342938,0,1789391342929,0.233992,-0.710913,0.122217,0
1789391342990,0,1789391342980,0.231963,-0.69299,0.113141,0
1789391343034,0,1789391343026,0.230034,-0.675682,0.0996263,0
1789391343088,0,1789391343077,0.228183,-0.65657,0.0805439,0
1789391343133,0,1789391343122,0.227029,-0.639759,0.0617295,0
1789391343183,0,1789391343175,0.226039,-0.618965,0.03914,0
1789391343234,0,1789391343226,0.225488,-0.598408,0.0189287,0
1789391343299,0,1789391343290,0.22556,-0.572852,-0.00664641,0
1789391343343,0,1789391343335,0.225738,-0.555336,-0.0226127,0
1789391343409,0,1789391343393,0.226348,-0.533194,-0.0412843,0
1789391343447,0,1789391343436,0.22686,-0.517111,-0.0541084,0
1789391343504,0,1789391343491,0.227723,-0.495932,-0.0710265,0
1789391343551,0,1789391343542,0.228848,-0.476589,-0.0869653,0
1789391343607,0,1789391343596,0.230788,-0.456787,-0.103415,0
1789391343645,0,1789391343638,0.232393,-0.442184,-0.114586,0
1789391343711,0,1789391343701,0.235541,-0.419835,-0.131189,0
1789391343753,0,1789391343744,0.237928,-0.404419,-0.143368,0
1789391343804,0,1789391343796,0.240622,-0.386978,-0.157459,0
1789391343847,0,1789391343839,0.242935,-0.372767,-0.167781,0
1789391343909,0,1789391343900,0.246321,-0.353401,-0.183064,0
1789391343952,0,1789391343944,0.249064,-0.339072,-0.194928,0
1789391344006,0,1789391343997,0.252422,-0.322025,-0.209975,0
1789391344051,0,1789391344040,0.255191,-0.308703,-0.221993,0
1789391344100,0,1789391344092,0.258947,-0.292255,-0.237901,0
1789391344147,0,1789391344138,0.263172,-0.276258,-0.252155,0
1789391344204,0,1789391344194,0.268818,-0.256013,-0.269551,0
1789391344252,0,1789391344242,0.273745,-0.238384,-0.283081,0
1789391344311,0,1789391344302,0.280091,-0.217054,-0.300333,0
1789391344364,0,1789391344351,0.285956,-0.19899,-0.314277,0
1789391344411,0,1789391344401,0.292278,-0.18042,-0.328806,0
1789391344455,0,1789391344447,0.298762,-0.16287,-0.342497,0
1789391344508,0,1789391344501,0.307008,-0.141533,-0.356873,0
1789391344568,0,1789391344561,0.316591,-0.117284,-0.372987,0
1789391344622,0,1789391344611,0.324534,-0.0976888,-0.387838,0
1789391344666,0,1789391344658,0.332267,-0.0795335,-0.40378,0
1789391344725,0,1789391344716,0.342813,-0.0563917,-0.427799,0
1789391344769,0,1789391344761,0.351445,-0.0386347,-0.447567,0
1789391344823,0,1789391344815,0.362663,-0.0174124,-0.470982,0
1789391344879,0,1789391344869,0.37451,0.0039845,-0.494233,0
1789391344930,0,1789391344922,0.387492,0.0272444,-0.516711,0
1789391344981,0,1789391344973,0.400973,0.0501774,-0.537882,0
1789391345035,0,1789391345024,0.415983,0.0744124,-0.559021,0
1789391345079,0,1789391345069,0.429424,0.095215,-0.578069,0
1789391345136,0,1789391345130,0.449124,0.123848,-0.601252,0
1789391345182,0,1789391345174,0.464217,0.144956,-0.614141,0
1789391345236,0,1789391345226,0.482172,0.170216,-0.626183,0
1789391345280,0,1789391345270,0.497802,0.191949,-0.636703,0
1789391345332,0,1789391345324,0.517293,0.21769,-0.650533,0
1789391345383,0,1789391345376,0.537019,0.242034,-0.666106,0
1789391345433,0,1789391345426,0.556716,0.26579,-0.68237,0
1789391345483,0,1789391345472,0.575855,0.288359,-0.696599,0
1789391345549,0,1789391345540,0.604757,0.321326,-0.713957,0
1789391345600,0,1789391345590,0.626003,0.345551,-0.722709,0
1789391345659,0,1789391345647,0.650263,0.37289,-0.728211,0
1789391345703,0,1789391345696,0.671252,0.396042,-0.729066,0
1789391345754,0,1789391345746,0.692321,0.41949,-0.723265,0
1789391345800,0,1789391345792,0.711853,0.441843,-0.713433,0
1789391345857,0,1789391345846,0.734572,0.468666,-0.698848,0
1789391345908,0,1789391345900,0.756557,0.495974,-0.680902,0
1789391345960,0,1789391345953,0.777324,0.523284,-0.662307,0
1789391346006,0,1789391345996,0.793813,0.544448,-0.644936,0
1789391346066,0,1789391346050,0.814555,0.571455,-0.623125,0
1789391346099,0,1789391346091,0.829322,0.59187,-0.606202,0
1789391346151,0,1789391346143,0.847201,0.619006,-0.585872,0
1789391346197,0,1789391346190,0.863148,0.643907,-0.571275,0
1789391346261,0,1789391346250,0.883263,0.675689,-0.55808,0
1789391346316,0,1789391346307,0.902281,0.706342,-0.549427,0
1789391346395,0,1789391346360,0.900387,0.710042,-0.542494,0.0306707
1789391346419,0,1789391346412,0.916998,0.737437,-0.540984,0
1789391346473,0,1789391346463,0.933841,0.765255,-0.540526,0
1789391346515,0,1789391346508,0.948748,0.789872,-0.541534,0
1789391346565,0,1789391346556,0.964446,0.816797,-0.542207,0
1789391346613,0,1789391346606,0.980815,0.845222,-0.542396,0
1789391346668,0,1789391346657,0.997205,0.874276,-0.542178,0
1789391346719,0,1789391346712,1.01506,0.906034,-0.542503,0
1789391346771,0,1789391346764,1.03204,0.93573,-0.542073,0
1789391346816,0,1789391346807,1.04655,0.960048,-0.541185,0
1789391346872,0,1789391346861,1.06484,0.990691,-0.539107,0
1789391346922,0,1789391346915,1.08338,1.02111,-0.536007,0
1789391346972,0,1789391346966,1.10047,1.04974,-0.527976,0
1789391347018,0,1789391347011,1.11515,1.07355,-0.515513,0
1789391347081,0,1789391347072,1.1346,1.10627,-0.496276,0
1789391347124,0,1789391347116,1.14763,1.1303,-0.484108,0
1789391347175,0,1789391347168,1.16288,1.15938,-0.471184,0
1789391347219,0,1789391347211,1.17472,1.18373,-0.463552,0
1789391347274,0,1789391347264,1.18907,1.21426,-0.457386,0
1789391347325,0,1789391347319,1.20414,1.2457,-0.454652,0
1789391347385,0,1789391347376,1.22017,1.27782,-0.458398,0
1789391347435,0,1789391347425,1.23406,1.30573,-0.466799,0
1789391347482,0,1789391347475,1.24809,1.33386,-0.480944,0
1789391347527,0,1789391347519,1.26039,1.35776,-0.49716,0
1789391347576,0,1789391347569,1.27453,1.38394,-0.517764,0
1789391347637,0,1789391347625,1.28995,1.41084,-0.541659,0
1789391347684,0,1789391347677,1.30333,1.43194,-0.561318,0
1789391347739,0,1789391347730,1.3169,1.45245,-0.578614,0
1789391347789,0,1789391347780,1.32883,1.47005,-0.591831,0
1789391347832,0,1789391347826,1.33963,1.4856,-0.602738,0
1789391347900,0,1789391347886,1.35337,1.50489,-0.613466,0
1789391347948,0,1789391347939,1.36432,1.51994,-0.621694,0
1789391348000,0,1789391347992,1.37506,1.5345,-0.630797,0
1789391348041,0,1789391348035,1.38294,1.54512,-0.636666,0
1789391348093,0,1789391348085,1.39197,1.55731,-0.642767,0
1789391348146,0,1789391348139,1.4007,1.5692,-0.651397,0
1789391348201,0,1789391348194,1.40952,1.58093,-0.662865,0
1789391348255,0,1789391348245,1.41714,1.59046,-0.675896,0
1789391348305,0,1789391348297,1.42557,1.60069,-0.690956,0
1789391348357,0,1789391348348,1.43423,1.61076,-0.706891,0
1789391348406,0,1789391348399,1.44306,1.62074,-0.721947,0
1789391348453,0,1789391348445,1.45131,1.62994,-0.735916,0
1789391348509,0,1789391348501,1.46163,1.64103,-0.755107,0
1789391348557,0,1789391348550,1.47113,1.65085,-0.774614,0
1789391348610,0,1789391348600,1.48133,1.66091,-0.795629,0
1789391348656,0,1789391348645,1.49045,1.66969,-0.814356,0
1789391348712,0,1789391348703,1.50253,1.68083,-0.839248,0
1789391348766,0,1789391348759,1.51459,1.69138,-0.864173,0
1789391348821,0,1789391348812,1.52652,1.7011,-0.888864,0
1789391348863,0,1789391348856,1.53677,1.70907,-0.909259,0
1789391348916,0,1789391348909,1.55029,1.71888,-0.933933,0
1789391348970,0,1789391348962,1.56442,1.72859,-0.9591,0
1789391349023,0,1789391349013,1.5788,1.7387,-0.983907,0
1789391349066,0,1789391349058,1.59174,1.74735,-1.00471,0
1789391349116,0,1789391349108,1.60758,1.75723,-1.02916,0
1789391349170,0,1789391349161,1.62547,1.76767,-1.05521,0
1789391349223,0,1789391349214,1.6446,1.77785,-1.08188,0
1789391349267,0,1789391349257,1.66084,1.78582,-1.10312,0
1789391349322,0,1789391349309,1.68073,1.79514,-1.12837,0
1789391349371,0,1789391349364,1.70254,1.80467,-1.15596,0
1789391349423,0,1789391349415,1.72334,1.81331,-1.18064,0
1789391349476,0,1789391349469,1.74632,1.82227,-1.2069,0
1789391349526,0,1789391349518,1.76757,1.82994,-1.22993,0
1789391349575,0,1789391349565,1.78904,1.83667,-1.25231,0
1789391349625,0,1789391349617,1.81305,1.84351,-1.27667,0
1789391349676,0,1789391349669,1.83803,1.85042,-1.30112,0
1789391349734,0,1789391349727,1.86679,1.85759,-1.32773,0
1789391349786,0,1789391349774,1.89149,1.86292,-1.34976,0
1789391349839,0,1789391349831,1.92155,1.86852,-1.37552,0
1789391349885,0,1789391349879,1.94757,1.87304,-1.39682,0
1789391349941,0,1789391349934,1.97882,1.87772,-1.42211,0
1789391349997,0,1789391349986,2.00884,1.88177,-1.44638,0
1789391350045,0,1789391350037,2.03969,1.88533,-1.46802,0
1789391350091,0,1789391350082,2.06692,1.88798,-1.48454,0
1789391350138,0,1789391350130,2.09705,1.8902,-1.50099,0
1789391350188,0,1789391350177,2.12652,1.89203,-1.51393,0
1789391350244,0,1789391350237,2.165,1.89399,-1.53152,0
1789391350289,0,1789391350282,2.19387,1.89503,-1.54492,0
1789391350338,0,1789391350331,2.22594,1.89578,-1.55804,0
1789391350417,0,1789391350379,2.26762,1.89577,-1.56915,0.0103016
1789391350445,0,1789391350437,2.30535,1.89542,-1.58017,0
1789391350492,0,1789391350482,2.33495,1.89481,-1.58665,0
1789391350551,0,1789391350535,2.36921,1.89371,-1.59231,0
1789391350585,0,1789391350579,2.39722,1.89259,-1.5974,0
1789391350639,0,1789391350630,2.43034,1.89126,-1.60347,0
1789391350694,0,1789391350686,2.46749,1.8897,-1.60884,0
1789391350759,0,1789391350749,2.50838,1.88779,-1.61456,0
1789391350805,0,1789391350798,2.54019,1.88607,-1.62077,0
1789391350859,0,1789391350851,2.57458,1.88392,-1.6268,0
1789391350902,0,1789391350893,2.60238,1.88173,-1.63032,0
1789391350959,0,1789391350949,2.63944,1.87872,-1.62945,0
1789391351007,0,1789391350999,2.67165,1.87674,-1.6239,0
1789391351060,0,1789391351051,2.70578,1.87491,-1.61636,0
1789391351104,0,1789391351094,2.73324,1.87382,-1.61174,0
1789391351160,0,1789391351148,2.76793,1.87257,-1.60829,0
1789391351212,0,1789391351205,2.80506,1.87123,-1.60584,0
1789391351264,0,1789391351256,2.83859,1.86997,-1.60576,0
1789391351307,0,1789391351299,2.86693,1.8692,-1.60801,0
1789391351367,0,1789391351354,2.90412,1.86819,-1.61245,0
1789391351413,0,1789391351405,2.93781,1.86741,-1.61981,0
1789391351473,0,1789391351463,2.97508,1.86645,-1.63165,0
1789391351526,0,1789391351517,3.0082,1.86535,-1.6407,0
1789391351575,0,1789391351566,3.02794,1.86439,-1.64757,0
1789391351621,0,1789391351613,3.04843,1.86323,-1.65423,0
1789391351671,0,1789391351665,3.074,1.86108,-1.66103,0
1789391351718,0,1789391351711,3.09698,1.85897,-1.6685,0
1789391351777,0,1789391351762,3.12018,1.85668,-1.68115,0
1789391351823,0,1789391351816,3.14308,1.85407,-1.69692,0
1789391351877,0,1789391351868,3.16497,1.85105,-1.71343,0
1789391351930,0,1789391351923,3.1873,1.8474,-1.73311,0
1789391351980,0,1789391351972,3.20549,1.84408,-1.7522,0
1789391352029,0,1789391352018,3.22168,1.84074,-1.77115,0
1789391352077,0,1789391352070,3.23913,1.83681,-1.79378,0
1789391352122,0,1789391352116,3.25308,1.83339,-1.81344,0
1789391352173,0,1789391352165,3.26738,1.82957,-1.83486,0
1789391352226,0,1789391352220,3.2826,1.82506,-1.85881,0
1789391352283,0,1789391352275,3.29799,1.82011,-1.8829,0
1789391352323,0,1789391352316,3.30878,1.81674,-1.90013,0
1789391352378,0,1789391352367,3.32178,1.81239,-1.9206,0
1789391352427,0,1789391352421,3.33517,1.80737,-1.94382,0
1789391352484,0,1789391352478,3.34932,1.80158,-1.96715,0
1789391352533,0,1789391352526,3.35891,1.7974,-1.987,0
1789391352587,0,1789391352578,3.36761,1.7933,-2.00861,0
1789391352631,0,1789391352624,3.37633,1.78911,-2.02825,0
1789391352678,0,1789391352671,3.38608,1.78423,-2.04988,0
1789391352727,0,1789391352718,3.39524,1.77947,-2.07061,0
1789391352789,0,1789391352781,3.40711,1.77285,-2.0992,0
1789391352842,0,1789391352835,3.41698,1.76703,-2.12182,0
1789391352895,0,1789391352887,3.42769,1.76028,-2.142,0
1789391352949,0,1789391352940,3.43834,1.75324,-2.16397,0
1789391352998,0,1789391352991,3.45016,1.74517,-2.1865,0
1789391353042,0,1789391353036,3.46105,1.73741,-2.20616,0
1789391353100,0,1789391353089,3.47389,1.72763,-2.2306,0
1789391353142,0,1789391353136,3.48563,1.71815,-2.25256,0
1789391353210,0,1789391353202,3.50145,1.70422,-2.28162,0
1789391353267,0,1789391353259,3.51625,1.69015,-2.30655,0
1789391353317,0,1789391353309,3.5291,1.67782,-2.32903,0
1789391353364,0,1789391353355,3.54172,1.66573,-2.34786,0
1789391353418,0,1789391353406,3.55518,1.652,-2.3687,0
1789391353461,0,1789391353452,3.56761,1.63866,-2.38763,0
1789391353511,0,1789391353504,3.57966,1.62512,-2.41037,0
1789391353562,0,1789391353556,3.59019,1.61274,-2.4339,0
1789391353620,0,1789391353612,3.60137,1.59897,-2.4584,0
1789391353668,0,1789391353661,3.6101,1.5878,-2.48362,0
1789391353725,0,1789391353715,3.61988,1.57435,-2.51184,0
1789391353772,0,1789391353765,3.62843,1.56255,-2.5383,0
1789391353828,0,1789391353820,3.63705,1.54995,-2.56718,0
1789391353881,0,1789391353873,3.64478,1.53708,-2.59354,0
1789391353932,0,1789391353926,3.65196,1.524,-2.62152,0
1789391353976,0,1789391353969,3.65761,1.51352,-2.64423,0
1789391354029,0,1789391354019,3.66452,1.50033,-2.67391,0
1789391354072,0,1789391354066,3.67057,1.48807,-2.7006,0
1789391354124,0,1789391354116,3.67668,1.47481,-2.72877,0
1789391354177,0,1789391354171,3.6832,1.45984,-2.75843,0
1789391354232,0,1789391354223,3.68918,1.44389,-2.78743,0
1789391354285,0,1789391354277,3.6949,1.42692,-2.81689,0
1789391354337,0,1789391354325,3.69988,1.41132,-2.84329,0
1789391354379,0,1789391354372,3.70433,1.39598,-2.86866,0
1789391354431,0,1789391354423,3.7094,1.37849,-2.89527,0
1789391354475,0,1789391354469,3.71373,1.36206,-2.91905,0
1789391354533,0,1789391354524,3.7184,1.34162,-2.94783,0
1789391354579,0,1789391354572,3.72189,1.32312,-2.97235,0
1789391354641,0,1789391354632,3.7256,1.29975,-3.00253,0
1789391354683,0,1789391354677,3.72783,1.28158,-3.02565,0
1789391354737,0,1789391354729,3.73003,1.26061,-3.05283,0
1789391354790,0,1789391354782,3.73192,1.23848,-3.08044,0
1789391354849,0,1789391354842,3.73345,1.21207,-3.11117,0
1789391354898,0,1789391354886,3.73413,1.19223,-3.13377,0
1789391354961,0,1789391354953,3.73421,1.16141,3.1154,0
1789391355010,0,1789391355002,3.7335,1.13622,3.09044,0
1789391355063,0,1789391355056,3.73192,1.10802,3.0631,0
1789391355120,0,1789391355106,3.72911,1.08202,3.03746,0
1789391355168,0,1789391355159,3.72507,1.05439,3.00965,0
1789391355252,0,1789391355202,3.6997,1.06727,3.00691,0.0587827
1789391355315,0,1789391355307,3.68209,1.02079,2.96761,0
1789391355371,0,1789391355359,3.67648,0.991247,2.95557,0
1789391355409,0,1789391355403,3.67148,0.966614,2.94901,0
1789391355466,0,1789391355459,3.66435,0.934255,2.94262,0
1789391355528,0,1789391355520,3.65669,0.89994,2.93919,0
1789391355582,0,1789391355572,3.65063,0.869545,2.94217,0
1789391355633,0,1789391355625,3.64448,0.838025,2.94604,0
1789391355683,0,1789391355675,3.63855,0.807568,2.94979,0
1789391355727,0,1789391355721,3.63328,0.779826,2.95373,0
1789391355786,0,1789391355773,3.62744,0.74745,2.96044,0
1789391355833,0,1789391355826,3.62172,0.713931,2.96827,0
1789391355882,0,1789391355875,3.61645,0.68297,2.97605,0
1789391355929,0,1789391355922,3.61147,0.6529,2.98148,0
1789391355981,0,1789391355970,3.60626,0.62228,2.98556,0
1789391356025,0,1789391356017,3.60117,0.592013,2.99013,0
1789391356079,0,1789391356070,3.59554,0.557471,2.9971,0
1789391356141,0,1789391356126,3.59003,0.520169,3.00429,0
1789391356189,0,1789391356182,3.58472,0.483094,3.00953,0
1789391356237,0,1789391356230,3.58052,0.452318,3.01395,0
1789391356292,0,1789391356282,3.57613,0.418772,3.01899,0
1789391356333,0,1789391356326,3.57259,0.390698,3.02287,0
1789391356386,0,1789391356379,3.56851,0.356793,3.02795,0
1789391356430,0,1789391356424,3.56512,0.327004,3.03185,0
1789391356486,0,1789391356475,3.56141,0.29299,3.03579,0
1789391356534,0,1789391356528,3.55728,0.25839,3.03973,0
1789391356599,0,1789391356591,3.55235,0.217626,3.04388,0
1789391356643,0,1789391356634,3.54913,0.189664,3.04677,0
1789391356694,0,1789391356685,3.54545,0.155993,3.0487,0
1789391356743,0,1789391356734,3.54217,0.124068,3.05128,0
1789391356805,0,1789391356793,3.5387,0.0863352,3.05178,0
1789391356861,0,1789391356853,3.53534,0.0481409,3.05236,0
1789391356916,0,1789391356908,3.53302,0.0119538,3.05372,0
1789391356959,0,1789391356949,3.53123,-0.0149115,3.05349,0
1789391357012,0,1789391357005,3.52832,-0.0514171,3.05281,0
1789391357065,0,1789391357054,3.5257,-0.0830979,3.05184,0
1789391357125,0,1789391357109,3.52285,-0.118437,3.04992,0
1789391357161,0,1789391357152,3.52056,-0.146041,3.04851,0
1789391357217,0,1789391357208,3.51687,-0.182353,3.04664,0
1789391357267,0,1789391357258,3.51316,-0.214423,3.04348,0
1789391357325,0,1789391357311,3.50905,-0.249182,3.04051,0
1789391357370,0,1789391357361,3.50511,-0.282242,3.03732,0
1789391357424,0,1789391357414,3.50138,-0.316885,3.03264,0
1789391357464,0,1789391357457,3.49907,-0.344262,3.02477,0
1789391357521,0,1789391357509,3.49591,-0.377793,3.01435,0
1789391357570,0,1789391357562,3.49182,-0.412896,3.00428,0
1789391357623,0,1789391357615,3.48739,-0.448024,2.99429,0
1789391357680,0,1789391357671,3.48188,-0.483185,2.98459,0
1789391357737,0,1789391357727,3.47595,-0.518109,2.97503,0
1789391357785,0,1789391357775,3.47024,-0.548082,2.96617,0
1789391357833,0,1789391357825,3.46391,-0.579443,2.95735,0
1789391357880,0,1789391357871,3.45764,-0.608467,2.94892,0
1789391357933,0,1789391357925,3.44967,-0.64297,2.93847,0
1789391357984,0,1789391357976,3.44247,-0.675665,2.92869,0
1789391358037,0,1789391358026,3.43562,-0.708271,2.92317,0
1789391358089,0,1789391358081,3.4282,-0.744275,2.91912,0
1789391358148,0,1789391358139,3.42095,-0.781567,2.91639,0
1789391358195,0,1789391358186,3.4148,-0.811699,2.91391,0
1789391358274,0,1789391358234,3.44041,-0.809822,2.92324,0.0459944
1789391358289,0,1789391358282,3.43349,-0.840204,2.92112,0
1789391358351,0,1789391358342,3.42574,-0.87795,2.91784,0
1789391358395,0,1789391358387,3.41973,-0.906593,2.91224,0
1789391358450,0,1789391358436,3.41287,-0.937776,2.90717,0
1789391358490,0,1789391358483,3.40609,-0.967653,2.90273,0
1789391358556,0,1789391358547,3.39658,-1.00774,2.89836,0
1789391358597,0,1789391358590,3.38991,-1.03464,2.89693,0
1789391358649,0,1789391358639,3.38246,-1.06537,2.89681,0
1789391358693,0,1789391358686,3.37539,-1.09519,2.89903,0
1789391358747,0,1789391358740,3.36756,-1.12932,2.90408,0
1789391358790,0,1789391358782,3.36164,-1.15588,2.90861,0
1789391358851,0,1789391358841,3.35367,-1.19296,2.91541,0
1789391358894,0,1789391358886,3.34772,-1.2209,2.92069,0
1789391358944,0,1789391358936,3.34128,-1.25227,2.92853,0
1789391358992,0,1789391358985,3.33494,-1.28331,2.93621,0
1789391359055,0,1789391359046,3.32759,-1.32178,2.94958,0
1789391359103,0,1789391359096,3.32136,-1.35312,2.96108,0
1789391359155,0,1789391359146,3.31544,-1.38458,2.97169,0
1789391359201,0,1789391359193,3.31025,-1.41437,2.9836,0
1789391359251,0,1789391359241,3.30542,-1.44473,2.99564,0
1789391359300,0,1789391359293,3.30074,-1.47815,3.00891,0
1789391359359,0,1789391359352,3.29639,-1.51641,3.02459,0
1789391359404,0,1789391359394,3.29321,-1.54465,3.03752,0
1789391359453,0,1789391359445,3.28945,-1.57841,3.05321,0
1789391359497,0,1789391359490,3.28674,-1.60816,3.06734,0
1789391359558,0,1789391359546,3.28514,-1.646,3.08351,0
1789391359604,0,1789391359598,3.28409,-1.68106,3.09666,0
1789391359663,0,1789391359655,3.28263,-1.71872,3.10965,0
1789391359711,0,1789391359700,3.28167,-1.74814,3.11871,0
1789391359758,0,1789391359751,3.28122,-1.78288,3.12875,0
1789391359804,0,1789391359796,3.2812,-1.81385,3.13752,0
1789391359866,0,1789391359855,3.28145,-1.85448,-3.13471,0
1789391359920,0,1789391359912,3.28203,-1.89207,-3.12525,0
1789391359971,0,1789391359964,3.28275,-1.92633,-3.11645,0
1789391360023,0,1789391360007,3.28354,-1.95477,-3.10987,0
1789391360067,0,1789391360059,3.28485,-1.98883,-3.10181,0
1789391360109,0,1789391360104,3.28651,-2.01868,-3.09458,0
1789391360172,0,1789391360162,3.28898,-2.05658,-3.08726,0
1789391360228,0,1789391360220,3.29173,-2.09265,-3.0807,0
1789391360278,0,1789391360271,3.29431,-2.12507,-3.07636,0
1789391360325,0,1789391360316,3.29606,-2.15449,-3.07396,0
1789391360376,0,1789391360365,3.29798,-2.18679,-3.07456,0
1789391360422,0,1789391360415,3.30071,-2.21957,-3.07628,0
1789391360479,0,1789391360472,3.30393,-2.25712,-3.07877,0
1789391360526,0,1789391360517,3.30509,-2.28661,-3.08168,0
1789391360577,0,1789391360569,3.30573,-2.32042,-3.08549,0
1789391360621,0,1789391360615,3.30651,-2.35091,-3.09033,0
1789391360672,0,1789391360666,3.30737,-2.38472,-3.09918,0
1789391360730,0,1789391360720,3.30807,-2.41994,-3.11104,0
1789391360779,0,1789391360773,3.30865,-2.45334,-3.12542,0
1789391360823,0,1789391360816,3.30878,-2.48055,-3.14019,0
1789391360880,0,1789391360874,3.30818,-2.51682,3.12261,0
1789391360932,0,1789391360923,3.30714,-2.5471,3.10552,0
1789391360987,0,1789391360980,3.3049,-2.58335,3.08615,0
1789391361030,0,1789391361024,3.30271,-2.61165,3.07116,0
1789391361081,0,1789391361074,3.29999,-2.6434,3.05463,0
1789391361135,0,1789391361125,3.29676,-2.67502,3.03734,0
1789391361195,0,1789391361187,3.29249,-2.71225,3.014,0
1789391361239,0,1789391361232,3.28887,-2.73909,2.99557,0
1789391361287,0,1789391361279,3.28452,-2.76666,2.97608,0
1789391361335,0,1789391361324,3.27964,-2.79288,2.95745,0
1789391361388,0,1789391361380,3.27309,-2.82502,2.93424,0
1789391361440,0,1789391361433,3.26641,-2.85493,2.91202,0
1789391361501,0,1789391361491,3.2583,-2.88744,2.88746,0
1789391361544,0,1789391361535,3.25132,-2.91139,2.86861,0
1789391361595,0,1789391361586,3.24295,-2.93775,2.84672,0
1789391361638,0,1789391361632,3.23498,-2.96246,2.82619,0
1789391361701,0,1789391361694,3.22337,-2.99541,2.79958,0
1789391361783,0,1789391361747,3.19758,-3.03604,2.77372,0.021263
1789391361813,0,1789391361805,3.18665,-3.06333,2.74909,0
1789391361859,0,1789391361853,3.1771,-3.0856,2.72723,0
1789391361914,0,1789391361906,3.16587,-3.10984,2.70227,0
1789391361959,0,1789391361949,3.15665,-3.12857,2.68127,0
1789391362007,0,1789391362001,3.14486,-3.15079,2.65669,0
1789391362054,0,1789391362046,3.13445,-3.16951,2.63611,0
1789391362105,0,1789391362098,3.12179,-3.19088,2.61124,0
1789391362156,0,1789391362149,3.10893,-3.21156,2.58671,0
1789391362214,0,1789391362203,3.09472,-3.23345,2.56115,0
1789391362263,0,1789391362255,3.0806,-3.25405,2.53613,0
1789391362314,0,1789391362308,3.06546,-3.27463,2.51103,0
1789391362356,0,1789391362350,3.05283,-3.2911,2.4912,0
1789391362418,0,1789391362408,3.03501,-3.31386,2.46497,0
1789391362463,0,1789391362457,3.0194,-3.33291,2.44252,0
1789391362518,0,1789391362511,3.00143,-3.35376,2.41807,0
1789391362569,0,1789391362562,2.98397,-3.37284,2.39538,0
1789391362623,0,1789391362613,2.96684,-3.39094,2.372,0
1789391362667,0,1789391362658,2.95149,-3.40644,2.35108,0
1789391362720,0,1789391362711,2.93279,-3.42455,2.32623,0
1789391362770,0,1789391362763,2.91407,-3.44169,2.30119,0
1789391362823,0,1789391362814,2.89549,-3.45791,2.27735,0
1789391362868,0,1789391362859,2.87846,-3.4719,2.2563,0
1789391362918,0,1789391362909,2.85908,-3.48708,2.23265,0
1789391362971,0,1789391362963,2.83703,-3.50338,2.20683,0
1789391363024,0,1789391363017,2.81461,-3.51903,2.18152,0
1789391363079,0,1789391363069,2.79252,-3.53351,2.15806,0
1789391363132,0,1789391363123,2.7687,-3.54819,2.13298,0
1789391363172,0,1789391363164,2.74987,-3.55967,2.11431,0
1789391363227,0,1789391363219,2.72441,-3.57437,2.0892,0
1789391363280,0,1789391363270,2.70109,-3.58751,2.06523,0
1789391363333,0,1789391363324,2.67527,-3.60135,2.03987,0
1789391363375,0,1789391363368,2.65447,-3.61179,2.01973,0
1789391363426,0,1789391363418,2.63088,-3.62247,1.9967,0
1789391363477,0,1789391363468,2.60628,-3.63299,1.97371,0
1789391363537,0,1789391363531,2.57607,-3.64475,1.94465,0
1789391363591,0,1789391363583,2.55201,-3.65344,1.92028,0
1789391363645,0,1789391363635,2.52765,-3.66238,1.89574,0
1789391363688,0,1789391363679,2.50687,-3.66946,1.87515,0
1789391363738,0,1789391363732,2.48275,-3.67631,1.85021,0
1789391363795,0,1789391363788,2.45698,-3.68262,1.82315,0
1789391363847,0,1789391363839,2.43328,-3.68813,1.79898,0
1789391363890,0,1789391363883,2.4128,-3.6925,1.77884,0
1789391363948,0,1789391363937,2.38806,-3.69734,1.7527,0
1789391363988,0,1789391363982,2.36714,-3.70101,1.73072,0
1789391364049,0,1789391364042,2.33894,-3.7051,1.70195,0
1789391364098,0,1789391364090,2.31653,-3.70745,1.67968,0
1789391364153,0,1789391364145,2.29106,-3.70947,1.65346,0
1789391364200,0,1789391364191,2.26998,-3.71061,1.63262,0
1789391364261,0,1789391364253,2.24198,-3.71129,1.60477,0
1789391364307,0,1789391364299,2.22097,-3.7117,1.58386,0
1789391364358,0,1789391364349,2.19833,-3.71162,1.56154,0
1789391364401,0,1789391364395,2.17839,-3.71104,1.54055,0
1789391364459,0,1789391364445,2.15698,-3.70991,1.51858,0
1789391364499,0,1789391364491,2.13806,-3.70908,1.49837,0
1789391364551,0,1789391364543,2.1166,-3.70772,1.47523,0
1789391364603,0,1789391364595,2.09554,-3.70595,1.45225,0
1789391364656,0,1789391364649,2.07457,-3.70345,1.42866,0
1789391364715,0,1789391364704,2.05332,-3.70032,1.40352,0
1789391364761,0,1789391364751,2.03509,-3.69694,1.38331,0
1789391364805,0,1789391364798,2.01778,-3.69341,1.36156,0
1789391364858,0,1789391364850,1.99962,-3.68938,1.33646,0
1789391364911,0,1789391364904,1.98073,-3.68467,1.31158,0
1789391364962,0,1789391364955,1.96463,-3.67997,1.28823,0
1789391365009,0,1789391365000,1.95034,-3.6755,1.26829,0
1789391365061,0,1789391365054,1.93407,-3.67011,1.24259,0
1789391365114,0,1789391365107,1.91865,-3.66455,1.21844,0
1789391365169,0,1789391365161,1.90281,-3.65849,1.19337,0
1789391365217,0,1789391365211,1.88792,-3.65234,1.17028,0
1789391365267,0,1789391365262,1.87259,-3.64585,1.14749,0
1789391365314,0,1789391365308,1.8587,-3.6397,1.12655,0
1789391365372,0,1789391365361,1.8427,-3.632,1.10193,0
1789391365413,0,1789391365405,1.82922,-3.62469,1.08085,0
1789391365468,0,1789391365462,1.81209,-3.61481,1.0539,0
1789391365525,0,1789391365518,1.79481,-3.60415,1.02778,0
1789391365582,0,1789391365575,1.7772,-3.59265,1.002,0
1789391365629,0,1789391365623,1.76139,-3.58186,0.980491,0
1789391365685,0,1789391365676,1.74369,-3.56917,0.956199,0
1789391365728,0,1789391365720,1.72827,-3.55803,0.936113,0
1789391365777,0,1789391365769,1.71129,-3.54518,0.913448,0
1789391365834,0,1789391365825,1.69128,-3.52965,0.887807,0
1789391365887,0,1789391365878,1.67186,-3.51379,0.863681,0
1789391365962,0,1789391365921,1.62882,-3.50533,0.837212,0.0280564
1789391365983,0,1789391365974,1.61029,-3.48733,0.812602,0
1789391366035,0,1789391366027,1.59239,-3.46932,0.787451,0
1789391366092,0,1789391366082,1.57373,-3.44976,0.76063,0
1789391366142,0,1789391366134,1.5565,-3.43084,0.735942,0
1789391366190,0,1789391366183,1.54094,-3.41273,0.713772,0
1789391366236,0,1789391366230,1.52631,-3.39494,0.69162,0
1789391366292,0,1789391366285,1.50913,-3.37335,0.666651,0
1789391366347,0,1789391366336,1.49327,-3.3524,0.643395,0
1789391366394,0,1789391366386,1.47761,-3.33082,0.620515,0
1789391366440,0,1789391366432,1.46339,-3.31036,0.598718,0
1789391366491,0,1789391366484,1.44716,-3.28533,0.574154,0
1789391366553,0,1789391366543,1.4287,-3.25509,0.547555,0
1789391366603,0,1789391366596,1.41301,-3.22839,0.524757,0
1789391366647,0,1789391366640,1.40019,-3.20549,0.50615,0
1789391366700,0,1789391366690,1.38593,-3.17907,0.488072,0
1789391366746,0,1789391366735,1.37303,-3.15419,0.4744,0
1789391366798,0,1789391366789,1.35782,-3.12402,0.460137,0
1789391366851,0,1789391366845,1.34179,-3.09204,0.448612,0
1789391366910,0,1789391366895,1.32778,-3.0635,0.440463,0
1789391366947,0,1789391366940,1.31511,-3.03685,0.435138,0
1789391366998,0,1789391366990,1.30116,-3.00704,0.429024,0
1789391367045,0,1789391367038,1.28769,-2.9778,0.425169,0
1789391367110,0,1789391367098,1.27089,-2.9417,0.424133,0
1789391367153,0,1789391367145,1.25823,-2.91403,0.42674,0
1789391367201,0,1789391367193,1.24532,-2.88584,0.4302,0
1789391367247,0,1789391367240,1.23229,-2.85826,0.435781,0
1789391367309,0,1789391367297,1.21569,-2.82428,0.44212,0
1789391367362,0,1789391367355,1.19879,-2.78998,0.449601,0
1789391367414,0,1789391367407,1.18361,-2.75929,0.459019,0
1789391367462,0,1789391367451,1.17056,-2.73371,0.467136,0
1789391367511,0,1789391367502,1.15419,-2.70392,0.478446,0
1789391367556,0,1789391367549,1.13888,-2.67669,0.488515,0
1789391367624,0,1789391367611,1.12003,-2.6417,0.500816,0
1789391367671,0,1789391367663,1.10408,-2.61249,0.511957,0
1789391367720,0,1789391367712,1.08837,-2.58517,0.523633,0
1789391367767,0,1789391367761,1.0723,-2.5581,0.535225,0
1789391367821,0,1789391367811,1.05561,-2.53066,0.546445,0
1789391367862,0,1789391367855,1.0407,-2.50692,0.555962,0
1789391367925,0,1789391367917,1.01989,-2.4734,0.571123,0
1789391367967,0,1789391367960,1.00499,-2.44929,0.582094,0
1789391368024,0,1789391368012,0.986649,-2.42061,0.595154,0
1789391368064,0,1789391368056,0.970253,-2.39673,0.609038,0
1789391368118,0,1789391368110,0.949448,-2.36756,0.626617,0
1789391368174,0,1789391368165,0.927718,-2.33889,0.643221,0
1789391368227,0,1789391368219,0.906132,-2.31154,0.662435,0
1789391368281,0,1789391368274,0.884845,-2.28416,0.681543,0
1789391368337,0,1789391368328,0.862984,-2.25712,0.700422,0
1789391368383,0,1789391368376,0.843543,-2.23415,0.717068,0
1789391368436,0,1789391368427,0.822097,-2.20984,0.734837,0
1789391368478,0,1789391368472,0.802843,-2.18886,0.749912,0
1789391368539,0,1789391368525,0.779311,-2.16431,0.769125,0
1789391368578,0,1789391368571,0.759095,-2.14378,0.785818,0
1789391368639,0,1789391368630,0.732523,-2.11801,0.807858,0
1789391368681,0,1789391368675,0.712005,-2.09873,0.824953,0
1789391368736,0,1789391368726,0.687726,-2.0769,0.843304,0
1789391368779,0,1789391368771,0.666436,-2.05826,0.859612,0
1789391368836,0,1789391368830,0.637707,-2.03391,0.88093,0
1789391368885,0,1789391368879,0.61356,-2.01414,0.897157,0
1789391368942,0,1789391368931,0.58735,-1.99368,0.913583,0
1789391368982,0,1789391368974,0.565445,-1.97718,0.93038,0
1789391369037,0,1789391369031,0.535968,-1.95601,0.951834,0
1789391369103,0,1789391369093,0.503589,-1.93399,0.972848,0
1789391369148,0,1789391369141,0.478725,-1.91793,0.99146,0
1789391369193,0,1789391369188,0.453291,-1.90224,1.00945,0
1789391369248,0,1789391369238,0.427112,-1.88621,1.0268,0
1789391369297,0,1789391369287,0.402158,-1.87126,1.0467,0
1789391369346,0,1789391369339,0.374913,-1.85575,1.06974,0
1789391369400,0,1789391369393,0.346754,-1.84087,1.09335,0
1789391369471,0,1789391369442,0.337641,-1.82859,1.12002,0.0163052
1789391369501,0,1789391369489,0.314289,-1.81768,1.14195,0
1789391369548,0,1789391369540,0.289304,-1.80671,1.16487,0
1789391369603,0,1789391369595,0.262583,-1.79558,1.1906,0
1789391369654,0,1789391369646,0.237211,-1.78616,1.21571,0
1789391369703,0,1789391369692,0.215862,-1.77848,1.23599,0
1789391369751,0,1789391369744,0.1924,-1.77071,1.25943,0
1789391369804,0,1789391369798,0.167954,-1.76322,1.28294,0
1789391369856,0,1789391369850,0.144694,-1.75684,1.30535,0
1789391369901,0,1789391369894,0.126692,-1.75201,1.32575,0
1789391369955,0,1789391369946,0.106462,-1.74712,1.34764,0
1789391370007,0,1789391370000,0.0860067,-1.74258,1.36773,0
1789391370060,0,1789391370054,0.0671189,-1.73913,1.38667,0
1789391370111,0,1789391370104,0.0503133,-1.73637,1.40424,0
1789391370161,0,1789391370153,0.0357488,-1.73422,1.42081,0
1789391370208,0,1789391370200,0.0216441,-1.73235,1.43732,0
1789391370264,0,1789391370253,0.0069897,-1.73077,1.45671,0
1789391370308,0,1789391370301,-0.0057305,-1.72966,1.47447,0
1789391370368,0,1789391370360,-0.0212045,-1.7286,1.49525,0
1789391370412,0,1789391370405,-0.0326514,-1.728,1.51106,0
1789391370460,0,1789391370453,-0.0445549,-1.72751,1.52841,0
1789391370509,0,1789391370501,-0.0563155,-1.72722,1.54671,0
1789391370570,0,1789391370562,-0.07086,-1.72727,1.56968,0
1789391370625,0,1789391370618,-0.0838378,-1.72772,1.59093,0
1789391370681,0,1789391370670,-0.0959001,-1.72835,1.61121,0
1789391370721,0,1789391370714,-0.106302,-1.72902,1.62827,0
1789391370775,0,1789391370767,-0.11874,-1.7301,1.65048,0
1789391370825,0,1789391370818,-0.130602,-1.73136,1.67116,0
1789391370879,0,1789391370871,-0.142794,-1.73293,1.69333,0
1789391370927,0,1789391370919,-0.153837,-1.73448,1.71446,0
1789391370972,0,1789391370965,-0.164324,-1.73618,1.73464,0
1789391371020,0,1789391371011,-0.174493,-1.73786,1.75527,0
1789391371085,0,1789391371074,-0.188342,-1.74054,1.78322,0
1789391371134,0,1789391371126,-0.199803,-1.74304,1.80603,0
1789391371185,0,1789391371177,-0.211287,-1.74589,1.82952,0
1789391371227,0,1789391371220,-0.220686,-1.74848,1.84916,0
1789391371280,0,1789391371272,-0.232048,-1.752,1.8728,0
1789391371328,0,1789391371321,-0.242672,-1.75559,1.89571,0
1789391371390,0,1789391371383,-0.25635,-1.76078,1.92435,0
1789391371447,0,1789391371437,-0.268256,-1.76559,1.95006,0
1789391371495,0,1789391371489,-0.280406,-1.77049,1.97542,0
1789391371539,0,1789391371534,-0.290842,-1.77499,1.99671,0
1789391371593,0,1789391371585,-0.303162,-1.78062,2.02253,0
1789391371637,0,1789391371630,-0.314303,-1.78602,2.04548,0
1789391371690,0,1789391371681,-0.326842,-1.79316,2.07021,0
1789391371743,0,1789391371735,-0.340148,-1.8013,2.09668,0
1789391371798,0,1789391371784,-0.353014,-1.80902,2.12117,0
1789391371841,0,1789391371832,-0.365979,-1.81706,2.14597,0
1789391371892,0,1789391371884,-0.380341,-1.82647,2.17313,0
1789391371948,0,1789391371938,-0.395644,-1.83728,2.20055,0
1789391371999,0,1789391371990,-0.410619,-1.84844,2.2275,0
1789391372042,0,1789391372035,-0.424107,-1.85915,2.25037,0
1789391372102,0,1789391372088,-0.439523,-1.87209,2.27774,0
1789391372150,0,1789391372142,-0.455274,-1.88644,2.30659,0
1789391372198,0,1789391372189,-0.468891,-1.89947,2.33058,0
1789391372242,0,1789391372236,-0.483177,-1.91341,2.35406,0
1789391372294,0,1789391372285,-0.497538,-1.92812,2.37816,0
1789391372341,0,1789391372332,-0.510705,-1.94247,2.4007,0
1789391372395,0,1789391372388,-0.526098,-1.96022,2.42878,0
1789391372448,0,1789391372440,-0.540522,-1.97735,2.45432,0
1789391372504,0,1789391372498,-0.556686,-1.99762,2.48306,0
1789391372548,0,1789391372541,-0.568428,-2.01321,2.50383,0
1789391372607,0,1789391372598,-0.58371,-2.03505,2.5303,0
1789391372656,0,1789391372647,-0.596408,-2.05394,2.55274,0
1789391372705,0,1789391372696,-0.609423,-2.07428,2.57508,0
1789391372749,0,1789391372742,-0.621411,-2.09375,2.59563,0
1789391372804,0,1789391372797,-0.636329,-2.11892,2.62115,0
1789391372859,0,1789391372850,-0.650277,-2.14381,2.64463,0
1789391372906,0,1789391372898,-0.662753,-2.16798,2.66553,0
1789391372952,0,1789391372945,-0.674568,-2.1921,2.68561,0
1789391373007,0,1789391372998,-0.687872,-2.22013,2.70922,0
1789391373062,0,1789391373051,-0.700683,-2.24887,2.73131,0
1789391373116,0,1789391373106,-0.7137,-2.28047,2.75325,0
1789391373165,0,1789391373156,-0.725101,-2.31028,2.76916,0
1789391373216,0,1789391373207,-0.736426,-2.34091,2.78194,0
1789391373261,0,1789391373251,-0.745969,-2.36757,2.79089,0
1789391373309,0,1789391373302,-0.757294,-2.39872,2.79899,0
1789391373362,0,1789391373356,-0.769979,-2.43173,2.8048,0
1789391373422,0,1789391373410,-0.782485,-2.46471,2.8095,0
1789391373461,0,1789391373453,-0.792211,-2.49207,2.81417,0
1789391373514,0,1789391373505,-0.803868,-2.52514,2.81652,0
1789391373597,0,1789391373556,-0.814178,-2.55766,2.82194,0.00128542
1789391373624,0,1789391373614,-0.825075,-2.59366,2.8225,0
1789391373680,0,1789391373673,-0.836404,-2.63018,2.82162,0
1789391373731,0,1789391373723,-0.846228,-2.66116,2.81928,0
1789391373778,0,1789391373768,-0.855583,-2.6896,2.8145,0
1789391373826,0,1789391373819,-0.866605,-2.72217,2.80812,0
1789391373874,0,1789391373868,-0.87732,-2.75288,2.80194,0
1789391373935,0,1789391373925,-0.890214,-2.7884,2.79174,0
1789391373978,0,1789391373970,-0.900305,-2.81553,2.78281,0
1789391374029,0,1789391374022,-0.91196,-2.84666,2.77228,0
1789391374078,0,1789391374070,-0.923046,-2.87499,2.76182,0
1789391374144,0,1789391374135,-0.939408,-2.91284,2.74764,0
1789391374192,0,1789391374185,-0.952353,-2.94154,2.73682,0
1789391374241,0,1789391374234,-0.96479,-2.97071,2.72666,0
1789391374286,0,1789391374279,-0.976339,-2.99712,2.71613,0
1789391374341,0,1789391374331,-0.990733,-3.0285,2.70457,0
1789391374391,0,1789391374385,-1.00628,-3.06111,2.69194,0
1789391374449,0,1789391374442,-1.02221,-3.09472,2.67912,0
1789391374500,0,1789391374490,-1.03549,-3.12229,2.66815,0
1789391374552,0,1789391374544,-1.05096,-3.15331,2.65568,0
1789391374590,0,1789391374585,-1.06322,-3.17678,2.64577,0
1789391374644,0,1789391374635,-1.07836,-3.2051,2.63506,0
1789391374691,0,1789391374681,-1.09266,-3.23096,2.62443,0
1789391374754,0,1789391374746,-1.11325,-3.2669,2.60663,0
1789391374806,0,1789391374798,-1.13089,-3.29601,2.59077,0
1789391374861,0,1789391374851,-1.14943,-3.32532,2.57119,0
1789391374900,0,1789391374894,-1.16373,-3.34797,2.55464,0
1789391374951,0,1789391374943,-1.18052,-3.37351,2.53517,0
1789391374998,0,1789391374990,-1.19794,-3.3971,2.5159,0
1789391375057,0,1789391375048,-1.22053,-3.426,2.49112,0
1789391375107,0,1789391375099,-1.24013,-3.44976,2.46948,0
1789391375162,0,1789391375155,-1.26151,-3.47416,2.44642,0
1789391375207,0,1789391375200,-1.27823,-3.49357,2.4273,0
1789391375265,0,1789391375254,-1.2982,-3.51636,2.40263,0
1789391375305,0,1789391375298,-1.31446,-3.53403,2.38308,0
1789391375359,0,1789391375352,-1.33466,-3.55429,2.359,0
1789391375410,0,1789391375404,-1.35393,-3.57291,2.33576,0
1789391375467,0,1789391375455,-1.37301,-3.59097,2.3128,0
1789391375508,0,1789391375501,-1.39041,-3.60676,2.29169,0
1789391375563,0,1789391375556,-1.41125,-3.6247,2.26494,0
1789391375611,0,1789391375605,-1.43092,-3.64045,2.2419,0
1789391375667,0,1789391375657,-1.45186,-3.6561,2.21732,0
1789391375719,0,1789391375710,-1.47389,-3.67159,2.19227,0
1789391375771,0,1789391375762,-1.49568,-3.68614,2.17015,0
1789391375824,0,1789391375816,-1.51818,-3.7004,2.15176,0
1789391375879,0,1789391375865,-1.53845,-3.71293,2.13367,0
1789391375918,0,1789391375911,-1.5575,-3.72433,2.11605,0
1789391375974,0,1789391375965,-1.58029,-3.7376,2.09657,0
1789391376028,0,1789391376021,-1.60416,-3.75118,2.07737,0
1789391376084,0,1789391376073,-1.62663,-3.76338,2.05934,0
1789391376124,0,1789391376118,-1.64716,-3.7736,2.04082,0
1789391376178,0,1789391376171,-1.67243,-3.7855,2.01918,0
1789391376233,0,1789391376226,-1.69934,-3.79798,1.99594,0
1789391376289,0,1789391376278,-1.72538,-3.80936,1.97388,0
1789391376328,0,1789391376321,-1.7484,-3.81891,1.95517,0
1789391376381,0,1789391376373,-1.77648,-3.82983,1.93276,0
1789391376428,0,1789391376421,-1.80301,-3.83992,1.91296,0
1789391376492,0,1789391376480,-1.83554,-3.85146,1.88806,0
1789391376536,0,1789391376529,-1.86305,-3.86018,1.86606,0
1789391376591,0,1789391376584,-1.89439,-3.86866,1.84166,0
1789391376638,0,1789391376630,-1.92029,-3.87552,1.82159,0
1789391376691,0,1789391376681,-1.94876,-3.88292,1.79973,0
1789391376733,0,1789391376726,-1.97364,-3.88884,1.78062,0
1789391376789,0,1789391376783,-2.00537,-3.89496,1.75604,0
1789391376844,0,1789391376836,-2.03537,-3.90004,1.73297,0
1789391376909,0,1789391376894,-2.06954,-3.90446,1.70809,0
1789391376947,0,1789391376939,-2.09611,-3.90722,1.68947,0
1789391377000,0,1789391376991,-2.12738,-3.91012,1.66739,0
1789391377073,0,1789391377039,-2.11106,-3.92737,1.6633,0.0683208
1789391377105,0,1789391377096,-2.12666,-3.93652,1.64312,0
1789391377154,0,1789391377145,-2.15675,-3.93847,1.62737,0
1789391377208,0,1789391377194,-2.18714,-3.94021,1.61035,0
1789391377243,0,1789391377237,-2.2146,-3.94141,1.59612,0
1789391377303,0,1789391377293,-2.24998,-3.94218,1.57811,0
1789391377354,0,1789391377347,-2.28413,-3.94164,1.56222,0
1789391377417,0,1789391377404,-2.31996,-3.9406,1.54503,0
1789391377457,0,1789391377449,-2.34758,-3.93977,1.53306,0
1789391377515,0,1789391377508,-2.38439,-3.93825,1.51442,0
1789391377565,0,1789391377556,-2.41575,-3.93649,1.50481,0
1789391377617,0,1789391377607,-2.4488,-3.93434,1.49532,0
1789391377661,0,1789391377652,-2.47815,-3.93191,1.48745,0
1789391377714,0,1789391377706,-2.51374,-3.92862,1.47924,0
1789391377761,0,1789391377752,-2.54306,-3.92564,1.4726,0
1789391377819,0,1789391377810,-2.58018,-3.92143,1.46332,0
1789391377861,0,1789391377854,-2.60836,-3.91842,1.45512,0
1789391377910,0,1789391377902,-2.63948,-3.91504,1.4462,0
1789391377955,0,1789391377949,-2.66998,-3.91144,1.43682,0
1789391378018,0,1789391378006,-2.70755,-3.9064,1.42382,0
1789391378071,0,1789391378064,-2.74535,-3.90074,1.40972,0
1789391378123,0,1789391378114,-2.77618,-3.89505,1.39417,0
1789391378168,0,1789391378160,-2.80403,-3.88935,1.37656,0
1789391378222,0,1789391378211,-2.83258,-3.88353,1.35554,0
1789391378266,0,1789391378258,-2.85645,-3.87815,1.33453,0
1789391378325,0,1789391378319,-2.88597,-3.87065,1.30778,0
1789391378380,0,1789391378373,-2.9108,-3.86354,1.28417,0
1789391378434,0,1789391378423,-2.93214,-3.85663,1.26249,0
1789391378477,0,1789391378469,-2.9507,-3.84999,1.24206,0
1789391378530,0,1789391378522,-2.97174,-3.84217,1.21777,0
1789391378580,0,1789391378574,-2.99093,-3.83462,1.19424,0
1789391378644,0,1789391378637,-3.01303,-3.82534,1.16749,0
1789391378687,0,1789391378678,-3.02642,-3.81932,1.15205,0
1789391378735,0,1789391378728,-3.04128,-3.81243,1.13484,0
1789391378781,0,1789391378775,-3.05328,-3.80663,1.1205,0
1789391378834,0,1789391378826,-3.06542,-3.80052,1.10685,0
1789391378887,0,1789391378881,-3.07726,-3.79452,1.09458,0
1789391378944,0,1789391378933,-3.08799,-3.78892,1.08374,0
1789391378984,0,1789391378976,-3.09541,-3.78489,1.07691,0
1789391379036,0,1789391379029,-3.10459,-3.77979,1.06857,0
1789391379089,0,1789391379082,-3.11351,-3.77483,1.05797,0
1789391379158,0,1789391379147,-3.12387,-3.76893,1.04527,0
1789391379198,0,1789391379191,-3.13071,-3.7651,1.03558,0
1789391379245,0,1789391379237,-3.13775,-3.76111,1.02462,0
1789391379293,0,1789391379285,-3.14496,-3.75688,1.01248,0
1789391379344,0,1789391379336,-3.15224,-3.75231,0.999489,0
1789391379402,0,1789391379394,-3.16051,-3.74694,0.985118,0
1789391379451,0,1789391379443,-3.16746,-3.74218,0.971682,0
1789391379497,0,1789391379489,-3.17396,-3.73761,0.959277,0
1789391379546,0,1789391379538,-3.18072,-3.73282,0.94662,0
1789391379593,0,1789391379588,-3.18759,-3.72781,0.932656,0
1789391379659,0,1789391379648,-3.19583,-3.72168,0.914034,0
1789391379700,0,1789391379692,-3.20182,-3.71704,0.899381,0
1789391379755,0,1789391379744,-3.20872,-3.71152,0.88242,0
1789391379797,0,1789391379789,-3.21488,-3.70642,0.867415,0
1789391379855,0,1789391379849,-3.2229,-3.69965,0.845125,0
1789391379906,0,1789391379899,-3.2296,-3.69382,0.825945,0
1789391379957,0,1789391379950,-3.23637,-3.6876,0.804836,0
1789391380003,0,1789391379994,-3.24217,-3.68179,0.786974,0
1789391380050,0,1789391380044,-3.24855,-3.67509,0.765338,0
1789391380096,0,1789391380089,-3.25423,-3.66891,0.745622,0
1789391380165,0,1789391380153,-3.26234,-3.6596,0.717416,0
1789391380219,0,1789391380212,-3.27006,-3.65063,0.690968,0
1789391380314,0,1789391380265,-3.27297,-3.66716,0.690606,0.0252721
1789391380367,0,1789391380359,-3.28527,-3.65143,0.646069,0
1789391380410,0,1789391380404,-3.29118,-3.64365,0.625785,0
1789391380464,0,1789391380454,-3.29819,-3.63402,0.603215,0
1789391380516,0,1789391380508,-3.30539,-3.62364,0.579048,0
1789391380577,0,1789391380565,-3.31285,-3.61191,0.55212,0
1789391380633,0,1789391380626,-3.32078,-3.59875,0.524361,0
1789391380684,0,1789391380677,-3.328,-3.58596,0.501015,0
1789391380728,0,1789391380722,-3.33405,-3.5748,0.480194,0
1789391380781,0,1789391380773,-3.34109,-3.56053,0.455288,0
1789391380825,0,1789391380819,-3.3471,-3.54766,0.433602,0
1789391380876,0,1789391380869,-3.35408,-3.5319,0.410436,0
1789391380927,0,1789391380918,-3.36063,-3.51612,0.387361,0
1789391380987,0,1789391380979,-3.36854,-3.49655,0.358738,0
1789391381037,0,1789391381031,-3.37499,-3.47959,0.333237,0
1789391381089,0,1789391381082,-3.38085,-3.46231,0.306158,0
1789391381133,0,1789391381127,-3.3855,-3.44649,0.280688,0
1789391381188,0,1789391381180,-3.39079,-3.42755,0.253613,0
1789391381248,0,1789391381239,-3.39644,-3.40569,0.224382,0
1789391381296,0,1789391381288,-3.40048,-3.38734,0.201873,0
1789391381341,0,1789391381335,-3.40383,-3.36903,0.179932,0
1789391381393,0,1789391381385,-3.40694,-3.34983,0.156659,0
1789391381439,0,1789391381433,-3.40978,-3.33071,0.134385,0
1789391381492,0,1789391381484,-3.41241,-3.30973,0.11119,0
1789391381551,0,1789391381540,-3.41412,-3.2856,0.084615,0
1789391381603,0,1789391381593,-3.41516,-3.26194,0.0607988,0
1789391381642,0,1789391381636,-3.41631,-3.24172,0.042287,0
1789391381694,0,1789391381687,-3.41717,-3.21721,0.0197755,0
1789391381750,0,1789391381743,-3.41742,-3.18926,-0.00455825,0
1789391381807,0,1789391381796,-3.41679,-3.16128,-0.0276428,0
1789391381846,0,1789391381839,-3.41607,-3.13813,-0.0463832,0
1789391381897,0,1789391381889,-3.41465,-3.10993,-0.066865,0
1789391381942,0,1789391381935,-3.4127,-3.08352,-0.086766,0
1789391382006,0,1789391381994,-3.40873,-3.0482,-0.112196,0
1789391382058,0,1789391382052,-3.40407,-3.0132,-0.135051,0
1789391382113,0,1789391382104,-3.39961,-2.98077,-0.152884,0
1789391382156,0,1789391382148,-3.39556,-2.95362,-0.164577,0
1789391382212,0,1789391382202,-3.38996,-2.91966,-0.178196,0
1789391382260,0,1789391382253,-3.38437,-2.88768,-0.186994,0
1789391382327,0,1789391382319,-3.37611,-2.84688,-0.199581,0
1789391382376,0,1789391382367,-3.36945,-2.817,-0.208296,0
1789391382425,0,1789391382418,-3.36325,-2.78524,-0.216548,0
1789391382470,0,1789391382463,-3.35796,-2.75725,-0.222552,0
1789391382524,0,1789391382516,-3.35084,-2.72339,-0.22928,0
1789391382575,0,1789391382560,-3.34407,-2.69484,-0.23526,0
1789391382621,0,1789391382614,-3.3354,-2.66001,-0.243388,0
1789391382673,0,1789391382667,-3.32649,-2.62691,-0.251126,0
1789391382739,0,1789391382728,-3.31594,-2.58907,-0.259703,0
1789391382783,0,1789391382776,-3.30712,-2.55911,-0.266045,0
1789391382836,0,1789391382828,-3.29733,-2.52668,-0.27205,0
1789391382878,0,1789391382872,-3.28935,-2.49819,-0.276477,0
1789391382934,0,1789391382923,-3.27992,-2.4651,-0.281385,0
1789391382986,0,1789391382979,-3.26967,-2.42971,-0.287728,0
1789391383039,0,1789391383032,-3.25976,-2.39648,-0.294466,0
1789391383081,0,1789391383075,-3.25159,-2.36986,-0.299763,0
1789391383136,0,1789391383126,-3.24147,-2.33776,-0.30624,0
1789391383189,0,1789391383183,-3.23063,-2.30141,-0.313847,0
1789391383241,0,1789391383234,-3.22082,-2.26861,-0.320133,0
1789391383288,0,1789391383278,-3.21209,-2.24093,-0.324763,0
1789391383338,0,1789391383330,-3.20102,-2.20876,-0.329566,0
1789391383382,0,1789391383374,-3.1916,-2.18174,-0.333807,0
1789391383446,0,1789391383435,-3.17835,-2.14463,-0.338876,0
1789391383492,0,1789391383484,-3.16761,-2.11482,-0.341524,0
1789391383541,0,1789391383534,-3.15613,-2.08315,-0.344886,0
1789391383610,0,1789391383580,-3.15085,-2.07102,-0.342033,0.0178273
1789391383645,0,1789391383636,-3.1378,-2.03647,-0.342587,0
1789391383691,0,1789391383685,-3.12642,-2.00648,-0.343019,0
1789391383744,0,1789391383737,-3.11457,-1.97466,-0.34259,0
1789391383787,0,1789391383781,-3.10475,-1.94772,-0.34148,0
1789391383846,0,1789391383834,-3.09278,-1.91479,-0.338122,0
1789391383898,0,1789391383889,-3.08037,-1.88022,-0.33437,0
1789391383949,0,1789391383942,-3.06864,-1.84733,-0.330678,0
1789391383991,0,1789391383985,-3.05945,-1.82125,-0.32584,0
1789391384058,0,1789391384047,-3.04649,-1.78397,-0.318524,0
1789391384131,0,1789391384089,-3.04476,-1.76007,-0.313837,0.00730061
1789391384147,0,1789391384141,-3.0343,-1.72818,-0.306752,0
1789391384194,0,1789391384185,-3.02582,-1.70059,-0.300825,0
1789391384251,0,1789391384240,-3.01547,-1.6661,-0.294315,0
1789391384294,0,1789391384285,-3.00693,-1.63849,-0.289369,0
1789391384352,0,1789391384345,-2.9959,-1.60193,-0.279805,0
1789391384400,0,1789391384392,-2.98757,-1.57279,-0.271568,0
1789391384454,0,1789391384442,-2.97907,-1.54149,-0.261291,0
1789391384498,0,1789391384490,-2.97176,-1.51167,-0.250451,0
1789391384553,0,1789391384547,-2.96385,-1.47551,-0.23779,0
1789391384635,0,1789391384600,-2.94294,-1.43541,-0.22349,0.0149236
1789391384695,0,1789391384652,-2.95408,-1.39821,-0.218708,0.0193385
1789391384770,0,1789391384759,-2.9397,-1.33097,-0.193587,0
1789391384811,0,1789391384802,-2.9345,-1.30394,-0.185067,0
1789391384858,0,1789391384851,-2.92921,-1.27227,-0.172965,0
1789391384906,0,1789391384899,-2.92444,-1.2413,-0.160834,0
1789391384958,0,1789391384947,-2.91978,-1.21151,-0.147581,0
1789391385004,0,1789391384996,-2.91545,-1.18127,-0.133763,0
1789391385064,0,1789391385055,-2.91078,-1.14441,-0.113507,0
1789391385113,0,1789391385104,-2.9076,-1.11376,-0.0951982,0
1789391385201,0,1789391385152,-2.893,-1.06587,-0.0685946,0.0218411
1789391385258,0,1789391385251,-2.89002,-1.00539,-0.0311475,0
1789391385311,0,1789391385301,-2.88954,-0.974439,-0.0122587,0
1789391385365,0,1789391385359,-2.88954,-0.9382,0.00922169,0
1789391385410,0,1789391385403,-2.88943,-0.910415,0.0240761,0
1789391385458,0,1789391385452,-2.88972,-0.879289,0.0382733,0
1789391385539,0,1789391385510,-2.89085,-0.834353,0.05659,0.00836089
1789391385570,0,1789391385564,-2.89312,-0.800321,0.0714361,0
1789391385613,0,1789391385606,-2.89551,-0.772639,0.0827,0
1789391385667,0,1789391385658,-2.8989,-0.738624,0.0950308,0
1789391385713,0,1789391385706,-2.90213,-0.707638,0.105082,0
1789391385766,0,1789391385758,-2.90601,-0.673685,0.115543,0
1789391385814,0,1789391385807,-2.90955,-0.642025,0.123901,0
1789391385872,0,1789391385862,-2.91361,-0.606272,0.132776,0
1789391385919,0,1789391385912,-2.91777,-0.573765,0.140191,0
1789391385968,0,1789391385961,-2.9227,-0.541199,0.14638,0
1789391386015,0,1789391386007,-2.92729,-0.511066,0.151157,0
1789391386069,0,1789391386059,-2.93208,-0.477389,0.15722,0
1789391386117,0,1789391386108,-2.93673,-0.44576,0.161615,0
1789391386172,0,1789391386165,-2.94382,-0.408736,0.165833,0
1789391386222,0,1789391386211,-2.94978,-0.37891,0.169336,0
1789391386270,0,1789391386264,-2.95593,-0.344717,0.172575,0
1789391386317,0,1789391386308,-2.9609,-0.316518,0.174681,0
1789391386376,0,1789391386365,-2.96728,-0.2799,0.17735,0
1789391386421,0,1789391386413,-2.97261,-0.249204,0.178892,0
1789391386473,0,1789391386464,-2.97818,-0.216242,0.180236,0
1789391386517,0,1789391386509,-2.98306,-0.186844,0.181135,0
1789391386582,0,1789391386567,-2.98937,-0.148744,0.182915,0
1789391386624,0,1789391386616,-2.99467,-0.116674,0.184447,0
1789391386675,0,1789391386668,-3.00044,-0.0826089,0.186127,0
1789391386720,0,1789391386712,-3.00562,-0.054134,0.186861,0
1789391386776,0,1789391386765,-3.01194,-0.0194271,0.187181,0
1789391386828,0,1789391386821,-3.01905,0.016609,0.186735,0
1789391386883,0,1789391386875,-3.02587,0.0510981,0.185994,0
1789391386928,0,1789391386919,-3.0312,0.0797523,0.183572,0
1789391386974,0,1789391386967,-3.03698,0.111245,0.181433,0
1789391387022,0,1789391387014,-3.04213,0.142048,0.178257,0
1789391387089,0,1789391387074,-3.04839,0.181929,0.173403,0
1789391387145,0,1789391387127,-3.05413,0.216654,0.169217,0
1789391387186,0,1789391387178,-3.05994,0.250058,0.165462,0
1789391387229,0,1789391387223,-3.06456,0.278737,0.16135,0
1789391387299,0,1789391387272,-3.06842,0.325902,0.154577,0.0164663
1789391387336,0,1789391387328,-3.07322,0.361703,0.150081,0
1789391387414,0,1789391387377,-3.07875,0.374297,0.146999,0.0181089
1789391387450,0,1789391387424,-3.08167,0.403851,0.142915,0.00113406
1789391387511,0,1789391387475,-3.08405,0.457418,0.134315,0.0218347
1789391387558,0,1789391387520,-3.0906,0.448077,0.133277,0.0373499
1789391387604,0,1789391387579,-3.09512,0.485183,0.127592,0
1789391387660,0,1789391387630,-3.09779,0.50832,0.123276,0.00899696
1789391387726,0,1789391387678,-3.09843,0.568993,0.113055,0.0311326
1789391387750,0,1789391387724,-3.10119,0.57938,0.109255,0.0178432
1789391387798,0,1789391387775,-3.1037,0.610924,0.100368,0
1789391387874,0,1789391387837,-3.1044,0.658921,0.0848676,0.00971883
1789391387930,0,1789391387894,-3.10265,0.6753,0.0744055,0.0193235
1789391387963,0,1789391387938,-3.10546,0.695042,0.0630079,0.00538739
1789391388021,0,1789391387988,-3.11126,0.725103,0.0468308,0.00502161
1789391388052,0,1789391388036,-3.09517,0.794999,0.0135299,0.0637489
1789391388115,0,1789391388087,-3.10788,0.770814,0.0140709,0.0767565
1789391388169,0,1789391388143,-3.11488,0.788539,-0.00904615,0.00584432
1789391388217,0,1789391388193,-3.11413,0.808907,-0.0297311,0
1789391388272,0,1789391388239,-3.12463,0.836478,-0.0505634,0.0153904
1789391388325,0,1789391388287,-3.12232,0.895376,-0.0860506,0.0414313
1789391388351,0,1789391388335,-3.14411,0.869289,-0.0908282,0.062276
1789391388423,0,1789391388394,-3.14696,0.875933,-0.122334,0.00255146
1789391388474,0,1789391388451,-3.14467,0.892698,-0.151074,0
1789391388532,0,1789391388502,-3.14176,0.907223,-0.175814,0.000203495
1789391388573,0,1789391388548,-3.14043,0.919179,-0.196856,0.00138745
1789391388625,0,1789391388596,-3.13843,0.932597,-0.221712,0.00203774
1789391388692,0,1789391388646,-3.12175,0.993029,-0.266992,0.0499694
1789391388726,0,1789391388702,-3.10706,0.991995,-0.286543,0.0174505
1789391388788,0,1789391388750,-3.11668,0.973276,-0.302357,0.0309476
1789391388828,0,1789391388802,-3.11907,0.975769,-0.32546,0.00864128
1789391388900,0,1789391388856,-3.11636,0.987998,-0.35243,0.00360939
1789391388935,0,1789391388906,-3.1189,0.999124,-0.371028,0.00664038
1789391388983,0,1789391388952,-3.11613,1.00565,-0.394471,9.01036e-05
1789391389044,0,1789391389004,-3.1083,1.06438,-0.479763,0.069303
1789391389091,0,1789391389058,-3.08497,1.02071,-0.449561,0.0702873
1789391389148,0,1789391389111,-3.09293,1.01028,-0.473518,0.0179219
1789391389195,0,1789391389154,-3.10379,1.00866,-0.493478,0.0126384
1789391389239,0,1789391389204,-3.1066,1.01501,-0.517713,0.0055952
1789391389288,0,1789391389259,-3.10826,1.02101,-0.544962,0.00452521
1789391389361,0,1789391389313,-3.0666,1.06213,-0.61156,0.0551822
1789391389408,0,1789391389365,-3.08286,1.03104,-0.59593,0.0399392
1789391389434,0,1789391389417,-3.09584,1.03193,-0.615923,0.0149886
1789391389516,0,1789391389469,-3.09345,1.03437,-0.640826,0.000490652
1789391389559,0,1789391389521,-3.09091,1.03762,-0.665896,8.99642e-05
1789391389590,0,1789391389565,-3.0876,1.03959,-0.692196,0.00136808
1789391389665,0,1789391389615,-3.09037,1.04276,-0.719532,0.00512886
1789391389711,0,1789391389664,-3.05719,1.08366,-0.831569,0.0512153
1789391389756,0,1789391389715,-3.07136,1.03826,-0.767053,0.0553372
1789391389794,0,1789391389769,-3.08698,1.05532,-0.792508,0.0240361
1789391389836,0,1789391389820,-3.08543,1.05617,-0.815735,0.000719573
1789391389892,0,1789391389867,-3.08316,1.05824,-0.834121,5.75227e-05
1789391389958,0,1789391389915,-3.08534,1.06225,-0.856277,0.00485361
1789391389992,0,1789391389970,-3.08279,1.0644,-0.881807,0
1789391390059,0,1789391390027,-3.03139,1.09683,-0.939282,0.0697246
1789391390108,0,1789391390075,-3.05182,1.06852,-0.929453,0.049865
1789391390153,0,1789391390127,-3.0703,1.06622,-0.948193,0.0219577
1789391390213,0,1789391390171,-3.06294,1.06659,-0.96938,0.00493023
1789391390263,0,1789391390225,-3.05657,1.07061,-0.995355,0.00362381
1789391390302,0,1789391390277,-3.05221,1.07341,-1.02105,0.00130723
1789391390356,0,1789391390332,-3.04878,1.07551,-1.04743,0
1789391390426,0,1789391390381,-3.04001,1.12596,-1.11065,0.0502652
1789391390475,0,1789391390433,-3.03049,1.08152,-1.09319,0.0477749
1789391390514,0,1789391390477,-3.03438,1.08131,-1.11023,0.00703566
1789391390572,0,1789391390542,-3.03042,1.08411,-1.14181,0.000734135
1789391390601,0,1789391390584,-3.02801,1.08262,-1.16405,0.00282134
1789391390659,0,1789391390635,-3.02625,1.08484,-1.18775,0.00187822
1789391390712,0,1789391390683,-3.02259,1.09445,-1.21383,0.00836673
1789391390774,0,1789391390732,-2.98671,1.12597,-1.28429,0.0444753
1789391390816,0,1789391390780,-2.99685,1.10057,-1.27113,0.0296984
1789391390866,0,1789391390839,-3.00008,1.0991,-1.29345,0.00546229
1789391390922,0,1789391390892,-2.99991,1.10057,-1.31736,0.00159388
1789391390968,0,1789391390945,-3.00047,1.0983,-1.33981,0.00303298
1789391391020,0,1789391390988,-2.99975,1.09845,-1.36055,0
1789391391084,0,1789391391049,-2.97852,1.11318,-1.4127,0.0252956
1789391391125,0,1789391391094,-2.96079,1.09396,-1.42014,0.0259975
1789391391175,0,1789391391143,-2.9701,1.0975,-1.44096,0.0099813
1789391391221,0,1789391391191,-2.97916,1.1001,-1.46126,0.00944725
1789391391294,0,1789391391250,-2.98783,1.10174,-1.48757,0.00882157
1789391391333,0,1789391391295,-2.99595,1.10398,-1.50917,0.0084199
1789391391386,0,1789391391345,-3.00061,1.10471,-1.53253,0.00471086
1789391391440,0,1789391391395,-2.99983,1.12971,-1.58058,0.024998
1789391391509,0,1789391391452,-2.97376,1.10384,-1.59046,0.036686
1789391391534,0,1789391391499,-2.99787,1.1055,-1.60583,0.0241968
1789391391591,0,1789391391558,-2.99743,1.10337,-1.63254,0.00223187
1789391391636,0,1789391391604,-3.00138,1.10137,-1.65476,0.00443213
1789391391686,0,1789391391653,-2.99791,1.10048,-1.67659,0.00362198
1789391391734,0,1789391391700,-2.99785,1.09883,-1.69993,0.00169179
1789391391789,0,1789391391751,-2.99251,1.11338,-1.76243,0.0154719
1789391391835,0,1789391391800,-2.95547,1.10129,-1.76828,0.0389497
1789391391885,0,1789391391857,-2.96814,1.10129,-1.78652,0.0126847
1789391391936,0,1789391391907,-2.97364,1.1039,-1.807,0.00613119
1789391392017,0,1789391391967,-2.98536,1.10677,-1.83099,0.012108
1789391392050,0,1789391392012,-2.98553,1.10682,-1.85242,0.000190998
1789391392110,0,1789391392066,-2.95429,1.11476,-1.92368,0.0321882
1789391392151,0,1789391392109,-2.97857,1.11424,-1.88615,0.0243104
1789391392185,0,1789391392162,-2.97805,1.10619,-1.91263,0.00804432
1789391392249,0,1789391392213,-2.97844,1.10487,-1.93439,0.00147382
1789391392291,0,1789391392267,-2.97835,1.10497,-1.95823,0
1789391392352,0,1789391392317,-2.97575,1.10564,-1.98796,0.00265908
1789391392405,0,1789391392370,-2.98059,1.09705,-2.01666,0.00981792
1789391392459,0,1789391392414,-2.96659,1.12742,-2.10083,0.0334168
1789391392509,0,1789391392464,-2.96063,1.11667,-2.06838,0.0123416
1789391392543,0,1789391392515,-2.97235,1.10317,-2.08336,0.0179386
1789391392611,0,1789391392582,-2.97425,1.10309,-2.10771,0.00186835
1789391392652,0,1789391392631,-2.97428,1.1031,-2.12831,7.63312e-07
1789391392705,0,1789391392682,-2.97432,1.10316,-2.15189,0
1789391392775,0,1789391392735,-2.97658,1.10371,-2.17694,0.00226711
1789391392835,0,1789391392787,-2.9641,1.12126,-2.25864,0.0215473
1789391392863,0,1789391392832,-2.94573,1.11742,-2.21418,0.0187259
1789391392926,0,1789391392881,-2.95603,1.11003,-2.23009,0.0126753
1789391392955,0,1789391392929,-2.96114,1.11087,-2.24442,0.00522906
1789391393003,0,1789391392980,-2.96115,1.1108,-2.26427,0
1789391393051,0,1789391393025,-2.96082,1.10961,-2.28675,0.00120377
1789391393114,0,1789391393086,-2.96376,1.10521,-2.31484,0.00519414
1789391393182,0,1789391393138,-2.96454,1.09694,-2.34329,0.00826007
1789391393224,0,1789391393188,-2.9622,1.12136,-2.39854,0.0245637
1789391393249,0,1789391393234,-2.96621,1.10307,-2.39374,0.0187428
1789391393309,0,1789391393285,-2.97035,1.10307,-2.41234,0.00418712
1789391393379,0,1789391393340,-2.96225,1.10013,-2.43293,0.00864284
1789391393422,0,1789391393393,-2.95933,1.09895,-2.45476,0.0031592
1789391393453,0,1789391393436,-2.95505,1.09644,-2.47708,0.00497516
1789391393517,0,1789391393487,-2.95511,1.09654,-2.49844,9.3503e-05
1789391393579,0,1789391393543,-2.95725,1.11058,-2.54961,0.0141316
1789391393636,0,1789391393598,-2.95966,1.10248,-2.54581,0.00849121
1789391393687,0,1789391393651,-2.95832,1.10284,-2.56743,0.00140924
1789391393721,0,1789391393698,-2.95834,1.10282,-2.58655,0
1789391393778,0,1789391393743,-2.95704,1.09474,-2.60029,0.0082428
1789391393821,0,1789391393797,-2.95668,1.09225,-2.62075,0.00262073
1789391393878,0,1789391393853,-2.95672,1.09234,-2.64339,0
1789391393948,0,1789391393913,-2.95953,1.09487,-2.66806,0.00374595
1789391393988,0,1789391393955,-2.97032,1.13372,-2.70768,0.0403174
1789391394015,0,1789391394007,-2.97029,1.13371,-2.72808,0
1789391394063,0,1789391394054,-2.97027,1.13371,-2.74697,0
1789391394114,0,1789391394107,-2.97032,1.13375,-2.76754,0
1789391394169,0,1789391394160,-2.97035,1.13379,-2.78749,0
1789391394223,0,1789391394216,-2.97033,1.13376,-2.80833,0
1789391394268,0,1789391394262,-2.97029,1.13373,-2.82391,0
1789391394326,0,1789391394315,-2.97033,1.13366,-2.84211,0
1789391394374,0,1789391394368,-2.97039,1.13361,-2.85971,0
1789391394428,0,1789391394420,-2.97045,1.13358,-2.87574,0
1789391394493,0,1789391394464,-2.95362,1.11135,-2.88119,0.0279013
1789391394557,0,1789391394517,-2.9505,1.11479,-2.89428,0.00465364
1789391394595,0,1789391394572,-2.95054,1.11483,-2.91071,0
1789391394638,0,1789391394631,-2.95058,1.11488,-2.92782,0
1789391394714,0,1789391394679,-2.9504,1.11493,-2.93826,0.00015041
1789391394763,0,1789391394727,-2.95041,1.10483,-2.94877,0.0102011
1789391394809,0,1789391394773,-2.95036,1.10546,-2.96076,0.00058737
1789391394862,0,1789391394830,-2.95125,1.10622,-2.97556,0.0011407
1789391394912,0,1789391394878,-2.95269,1.10816,-2.9874,0.00241498
1789391394939,0,1789391394929,-2.95273,1.10813,-3.00009,0
1789391394999,0,1789391394974,-2.95166,1.1115,-3.00826,0.00353646
1789391395063,0,1789391395026,-2.95888,1.11309,-3.01788,0.00733445
1789391395088,0,1789391395081,-2.95892,1.11312,-3.03039,0
1789391395147,0,1789391395139,-2.95893,1.11315,-3.04243,0
1789391395239,0,1789391395199,-2.95896,1.11317,-3.05479,2.39729e-05
1789391395258,0,1789391395250,-2.95896,1.11319,-3.06504,0
1789391395303,0,1789391395295,-2.95899,1.1132,-3.07339,0
1789391395369,0,1789391395343,-2.9612,1.11019,-3.08183,0.00367041
1789391395398,0,1789391395391,-2.96131,1.11019,-3.09035,0
1789391395469,0,1789391395444,-2.96289,1.11319,-3.10038,0.00337363
1789391395507,0,1789391395499,-2.96289,1.11321,-3.11071,0
1789391395592,0,1789391395546,-2.96617,1.10952,-3.11776,0.00503377
1789391395658,0,1789391395650,-2.96613,1.10944,-3.13383,0
1789391395732,0,1789391395700,-2.97059,1.11083,-3.13884,0.00496197
1789391395786,0,1789391395748,-2.97231,1.11103,3.14062,0.00204319
1789391395833,0,1789391395794,-2.96529,1.1105,3.13488,0.00719157
1789391395876,0,1789391395848,-2.97291,1.10756,3.12736,0.00758211
1789391395930,0,1789391395900,-2.97044,1.09622,3.12568,0.00639736
1789391395996,0,1789391395961,-2.97063,1.08927,3.12351,0.000731216
1789391396014,0,1789391396006,-2.97084,1.08174,3.12097,0
1789391396081,0,1789391396054,-2.97108,1.07387,3.1179,0
1789391396126,0,1789391396102,-2.97094,1.0653,3.11337,0.00206885
1789391396192,0,1789391396154,-2.9753,1.04967,3.10805,0.00541917
1789391396239,0,1789391396209,-2.97872,1.03641,3.10424,0.00278829
1789391396295,0,1789391396266,-2.97989,1.02953,3.09756,0.00965139
1789391396346,0,1789391396314,-2.98091,1.01421,3.09512,0.000652864
1789391396402,0,1789391396365,-2.98915,0.98706,3.09191,0.0119082
1789391396437,0,1789391396412,-2.98928,0.982295,3.08711,0.0110397
1789391396502,0,1789391396471,-2.99113,0.962203,3.08311,0.00231924
1789391396546,0,1789391396515,-2.99262,0.945928,3.08083,0.000429009
1789391396596,0,1789391396568,-2.9964,0.923269,3.07742,0.00192754
1789391396643,0,1789391396614,-2.99798,0.903674,3.07463,8.79296e-05
1789391396715,0,1789391396673,-3.00259,0.869205,3.07013,0.00810067
1789391396766,0,1789391396724,-3.00603,0.851386,3.06551,0.00577627
1789391396799,0,1789391396775,-3.00794,0.825883,3.06251,0
1789391396846,0,1789391396821,-3.00974,0.802752,3.05991,0
1789391396920,0,1789391396874,-3.01595,0.77655,3.05434,0.00415705
1789391396952,0,1789391396927,-3.0197,0.761352,3.05449,0.0130287
1789391397005,0,1789391396977,-3.02454,0.733463,3.05707,0.00248026
1789391397055,0,1789391397024,-3.02626,0.708366,3.06104,0.00119261
1789391397108,0,1789391397076,-3.0285,0.666876,3.06904,0.0125958
1789391397181,0,1789391397122,-3.03773,0.595406,3.08011,0.0507967
1789391397211,0,1789391397184,-3.03804,0.611035,3.08384,0.0553325
1789391397260,0,1789391397236,-3.03993,0.580841,3.09737,0
1789391397318,0,1789391397292,-3.03778,0.554849,3.11464,0.00735336
1789391397381,0,1789391397340,-3.03542,0.509062,3.13602,0.018468
1789391397426,0,1789391397390,-3.03369,0.501733,-3.13583,0.021463
1789391397448,0,1789391397436,-3.0156,0.48815,-3.12215,0.0211916
1789391397514,0,1789391397485,-3.0143,0.451513,-3.10203,0.00922368
1789391397576,0,1789391397542,-3.01998,0.368004,-3.06199,0.052415
1789391397637,0,1789391397595,-3.01374,0.391714,-3.06139,0.0543765
1789391397660,0,1789391397638,-3.01133,0.369541,-3.04494,0
1789391397719,0,1789391397689,-3.00489,0.344128,-3.0235,0.00365439
1789391397780,0,1789391397745,-3.00933,0.278342,-2.98594,0.0369913
1789391397821,0,1789391397797,-2.99832,0.278479,-2.97818,0.0275957
1789391397864,0,1789391397843,-2.99469,0.255997,-2.95829,2.76134e-06
1789391397919,0,1789391397892,-2.98079,0.241972,-2.93779,0.012819
1789391397993,0,1789391397945,-2.97181,0.169973,-2.90062,0.0475058
1789391398026,0,1789391398001,-2.97334,0.171534,-2.88244,0.0278569
1789391398091,0,1789391398051,-2.96273,0.178977,-2.86679,0.02965
1789391398126,0,1789391398102,-2.95562,0.157796,-2.84376,0
1789391398178,0,1789391398148,-2.94207,0.14192,-2.82343,0.00758671
1789391398239,0,1789391398210,-2.93501,0.0607652,-2.77705,0.0545037
1789391398292,0,1789391398255,-2.93708,0.0853598,-2.77931,0.056972
1789391398346,0,1789391398303,-2.92414,0.0754845,-2.75876,0.00736191
1789391398384,0,1789391398361,-2.9137,0.0513222,-2.73281,0
1789391398447,0,1789391398414,-2.90173,0.0286971,-2.70888,0.00156322
1789391398485,0,1789391398457,-2.8856,-0.0325671,-2.67947,0.04651
1789391398534,0,1789391398509,-2.87932,-0.0317257,-2.66375,0.027554
1789391398589,0,1789391398563,-2.86883,-0.0451972,-2.63946,0.00932637
1789391398639,0,1789391398615,-2.85659,-0.0662141,-2.61546,0
1789391398711,0,1789391398668,-2.8351,-0.120896,-2.5817,0.0334187
1789391398760,0,1789391398731,-2.83497,-0.101903,-2.56817,0.0481256
1789391398804,0,1789391398775,-2.81258,-0.12042,-2.5492,0.010994
1789391398859,0,1789391398824,-2.80321,-0.131536,-2.52853,0.00892703
1789391398902,0,1789391398871,-2.78919,-0.150403,-2.50721,0.000225864
1789391398970,0,1789391398924,-2.78128,-0.223951,-2.45352,0.0890341
1789391399007,0,1789391398968,-2.7689,-0.243114,-2.43833,0.033485
1789391399053,0,1789391399017,-2.7496,-0.244567,-2.42276,0.0168204
1789391399073,0,1789391399064,-2.73437,-0.260853,-2.40196,0
1789391399128,0,1789391399118,-2.71616,-0.27923,-2.37766,0
1789391399181,0,1789391399173,-2.69677,-0.298149,-2.35289,0
1789391399241,0,1789391399226,-2.67801,-0.315744,-2.32847,0
1789391399281,0,1789391399271,-2.66222,-0.330196,-2.30828,0
1789391399328,0,1789391399321,-2.64359,-0.347142,-2.28581,0
1789391399380,0,1789391399374,-2.62264,-0.365296,-2.26136,0
1789391399444,0,1789391399429,-2.60052,-0.382961,-2.23588,0
1789391399486,0,1789391399478,-2.5809,-0.397835,-2.21383,0
1789391399537,0,1789391399530,-2.55928,-0.413785,-2.19009,0
1789391399584,0,1789391399576,-2.53906,-0.428008,-2.1696,0
1789391399640,0,1789391399629,-2.51519,-0.443969,-2.14579,0
1789391399688,0,1789391399681,-2.49162,-0.458737,-2.1221,0
1789391399746,0,1789391399738,-2.466,-0.474423,-2.09647,0
1789391399792,0,1789391399786,-2.44393,-0.48746,-2.07497,0
1789391399847,0,1789391399836,-2.42088,-0.500336,-2.05204,0
1789391399889,0,1789391399882,-2.39998,-0.511056,-2.03183,0
1789391399943,0,1789391399934,-2.37621,-0.522677,-2.00901,0
1789391399996,0,1789391399986,-2.35206,-0.533867,-1.98628,0
1789391400060,0,1789391400044,-2.32449,-0.545777,-1.96064,0
1789391400100,0,1789391400092,-2.30142,-0.555021,-1.94038,0
1789391400150,0,1789391400140,-2.27795,-0.563873,-1.91975,0
1789391400195,0,1789391400188,-2.25363,-0.572416,-1.89828,0
1789391400251,0,1789391400240,-2.22717,-0.580989,-1.87566,0
1789391400306,0,1789391400297,-2.19746,-0.589966,-1.85032,0
1789391400356,0,1789391400348,-2.17117,-0.597176,-1.8286,0
1789391400399,0,1789391400392,-2.14945,-0.602495,-1.80907,0
1789391400453,0,1789391400443,-2.12472,-0.607734,-1.78566,0
1789391400495,0,1789391400488,-2.10314,-0.611817,-1.76496,0
1789391400557,0,1789391400549,-2.07488,-0.616216,-1.73661,0
1789391400602,0,1789391400595,-2.05341,-0.619172,-1.71594,0
1789391400653,0,1789391400644,-2.03073,-0.622082,-1.69423,0
1789391400709,0,1789391400693,-2.00883,-0.624396,-1.67144,0
1789391400759,0,1789391400749,-1.98382,-0.626767,-1.64537,0
1789391400810,0,1789391400803,-1.95865,-0.628516,-1.62192,0
1789391400862,0,1789391400854,-1.93564,-0.629262,-1.60042,0
1789391400909,0,1789391400899,-1.91601,-0.629411,-1.58165,0
1789391400963,0,1789391400953,-1.89193,-0.629259,-1.55888,0
1789391401013,0,1789391401005,-1.86909,-0.628613,-1.53713,0
1789391401065,0,1789391401057,-1.84679,-0.627361,-1.51487,0
1789391401109,0,1789391401101,-1.8281,-0.625758,-1.4956,0
1789391401163,0,1789391401155,-1.8054,-0.623514,-1.47157,0
1789391401217,0,1789391401206,-1.78507,-0.621447,-1.44968,0
1789391401269,0,1789391401261,-1.76325,-0.618757,-1.42612,0
1789391401320,0,1789391401312,-1.74328,-0.615718,-1.40345,0
1789391401371,0,1789391401364,-1.72307,-0.612174,-1.38095,0
1789391401417,0,1789391401408,-1.70636,-0.608777,-1.36161,0
1789391401469,0,1789391401460,-1.68664,-0.6043,-1.33792,0
1789391401526,0,1789391401515,-1.66626,-0.598929,-1.3136,0
1789391401575,0,1789391401565,-1.64812,-0.593537,-1.29084,0
1789391401627,0,1789391401619,-1.62832,-0.587374,-1.26626,0
1789391401678,0,1789391401669,-1.60961,-0.581102,-1.24331,0
1789391401723,0,1789391401716,-1.59235,-0.575062,-1.22227,0
1789391401772,0,1789391401764,-1.57445,-0.56838,-1.20047,0
1789391401830,0,1789391401820,-1.55376,-0.560102,-1.17504,0
1789391401879,0,1789391401870,-1.53477,-0.551802,-1.15288,0
1789391401923,0,1789391401916,-1.5173,-0.54375,-1.13274,0
1789391401978,0,1789391401971,-1.49629,-0.533233,-1.10782,0
1789391402023,0,1789391402015,-1.47978,-0.524543,-1.08707,0
1789391402077,0,1789391402067,-1.45891,-0.513341,-1.06343,0
1789391402128,0,1789391402121,-1.43732,-0.501058,-1.03906,0
1789391402179,0,1789391402171,-1.41793,-0.488769,-1.01556,0
1789391402228,0,1789391402219,-1.3997,-0.47649,-0.99346,0
1789391402274,0,1789391402268,-1.38087,-0.463328,-0.970747,0
1789391402325,0,1789391402316,-1.36233,-0.449783,-0.948494,0
1789391402384,0,1789391402376,-1.3404,-0.432866,-0.921248,0
1789391402435,0,1789391402428,-1.32186,-0.41771,-0.896277,0
1789391402488,0,1789391402478,-1.30417,-0.402754,-0.872946,0
1789391402539,0,1789391402523,-1.28875,-0.389289,-0.85164,0
1789391402585,0,1789391402574,-1.2721,-0.374071,-0.82815,0
1789391402632,0,1789391402624,-1.25585,-0.358521,-0.804622,0
1789391402690,0,1789391402683,-1.23671,-0.33916,-0.776415,0
1789391402737,0,1789391402730,-1.22198,-0.323363,-0.754244,0
1789391402797,0,1789391402789,-1.20379,-0.302813,-0.726908,0
1789391402845,0,1789391402835,-1.18908,-0.285437,-0.705435,0
1789391402893,0,1789391402885,-1.17375,-0.266364,-0.681992,0
1789391402940,0,1789391402932,-1.15948,-0.247704,-0.661269,0
1789391402991,0,1789391402983,-1.14388,-0.226117,-0.638425,0
1789391403049,0,1789391403039,-1.1272,-0.202696,-0.614014,0
1789391403112,0,1789391403088,-1.10475,-0.197405,-0.607902,0.0170552
1789391403141,0,1789391403135,-1.09126,-0.178281,-0.5868,0
1789391403197,0,1789391403190,-1.07652,-0.156562,-0.561779,0
1789391403250,0,1789391403242,-1.06324,-0.135776,-0.538137,0
1789391403300,0,1789391403290,-1.05197,-0.115474,-0.516605,0
1789391403346,0,1789391403337,-1.04127,-0.0952533,-0.495697,0
1789391403398,0,1789391403389,-1.02948,-0.0719828,-0.47264,0
1789391403446,0,1789391403439,-1.01863,-0.0493048,-0.450656,0
1789391403511,0,1789391403501,-1.00564,-0.0211753,-0.423431,0
1789391403560,0,1789391403554,-0.994878,0.00364329,-0.399523,0
1789391403612,0,1789391403603,-0.985404,0.0269239,-0.377934,0
1789391403658,0,1789391403651,-0.976475,0.0505349,-0.356987,0
1789391403713,0,1789391403702,-0.967888,0.0757555,-0.33533,0
1789391403754,0,1789391403747,-0.961226,0.0981481,-0.316115,0
1789391403804,0,1789391403798,-0.953656,0.124791,-0.29512,0
1789391403860,0,1789391403853,-0.945445,0.155776,-0.271133,0
1789391403920,0,1789391403910,-0.937819,0.18731,-0.24682,0
1789391403978,0,1789391403970,-0.929865,0.221009,-0.221802,0
1789391404029,0,1789391404021,-0.923482,0.251035,-0.200212,0
1789391404074,0,1789391404067,-0.918524,0.278397,-0.180827,0
1789391404130,0,1789391404120,-0.913498,0.309991,-0.160277,0
1789391404169,0,1789391404162,-0.909841,0.335835,-0.145825,0
1789391404222,0,1789391404214,-0.905914,0.367585,-0.12887,0
1789391404269,0,1789391404262,-0.902525,0.397263,-0.113322,0
1789391404337,0,1789391404325,-0.898842,0.436885,-0.0915511,0
1789391404385,0,1789391404377,-0.896506,0.469988,-0.0742783,0
1789391404437,0,1789391404428,-0.89511,0.502597,-0.0572861,0
1789391404480,0,1789391404473,-0.894159,0.530988,-0.042612,0
1789391404549,0,1789391404537,-0.893487,0.571104,-0.0221256,0
1789391404588,0,1789391404581,-0.893397,0.598567,-0.00830708,0
1789391404639,0,1789391404630,-0.893823,0.629798,0.00590549,0
1789391404685,0,1789391404678,-0.894624,0.660213,0.0185367,0
1789391404743,0,1789391404731,-0.896236,0.694274,0.0315532,0
1789391404782,0,1789391404774,-0.897821,0.721793,0.0423841,0
1789391404835,0,1789391404826,-0.899746,0.754612,0.0551379,0
1789391404889,0,1789391404880,-0.902067,0.788939,0.0660973,0
1789391404948,0,1789391404936,-0.904727,0.824469,0.0775661,0
1789391404992,0,1789391404987,-0.907496,0.857192,0.086249,0
1789391405045,0,1789391405036,-0.910168,0.889118,0.0932048,0
1789391405088,0,1789391405081,-0.912745,0.919071,0.0996343,0
1789391405152,0,1789391405138,-0.916426,0.957012,0.106988,0
1789391405196,0,1789391405187,-0.920122,0.988672,0.113078,0
1789391405246,0,1789391405239,-0.924366,1.02247,0.120074,0
1789391405293,0,1789391405284,-0.928253,1.05165,0.123929,0
1789391405350,0,1789391405339,-0.933222,1.08748,0.12773,0
1789391405397,0,1789391405389,-0.937794,1.12015,0.1307,0
1789391405451,0,1789391405442,-0.942715,1.15509,0.13254,0
1789391405493,0,1789391405485,-0.946392,1.18263,0.133093,0
1789391405550,0,1789391405539,-0.951042,1.21752,0.1329,0
1789391405599,0,1789391405591,-0.955583,1.25142,0.131702,0
1789391405650,0,1789391405643,-0.960188,1.28579,0.130119,0
1789391405694,0,1789391405688,-0.964204,1.31484,0.127863,0
1789391405758,0,1789391405743,-0.969131,1.35055,0.123703,0
1789391405800,0,1789391405794,-0.973385,1.3835,0.118431,0
1789391405853,0,1789391405847,-0.977282,1.41836,0.113492,0
1789391405896,0,1789391405890,-0.980256,1.44636,0.109394,0
1789391405955,0,1789391405944,-0.983513,1.48135,0.103441,0
1789391406007,0,1789391405998,-0.986469,1.5159,0.0977964,0
1789391406063,0,1789391406054,-0.99013,1.55269,0.0920913,0
1789391406108,0,1789391406099,-0.992974,1.58197,0.0873334,0
1789391406160,0,1789391406152,-0.995784,1.61571,0.0806506,0
1789391406219,0,1789391406196,-0.997866,1.64328,0.0743541,0
1789391406261,0,1789391406254,-1.00068,1.68014,0.065782,0
1789391406316,0,1789391406307,-1.00307,1.71421,0.0574786,0
1789391406374,0,1789391406366,-1.00544,1.75181,0.0478221,0
1789391406416,0,1789391406409,-1.00691,1.77937,0.0403619,0
1789391406469,0,1789391406461,-1.00788,1.81327,0.0318754,0
1789391406518,0,1789391406509,-1.00749,1.84478,0.0247514,0
1789391406577,0,1789391406568,-1.00676,1.8834,0.0143222,0
1789391406620,0,1789391406613,-1.00712,1.91256,0.00556898,0
1789391406683,0,1789391406672,-1.00716,1.95075,-0.00492696,0
1789391406724,0,1789391406717,-1.00674,1.98016,-0.0129803,0
1789391406776,0,1789391406767,-1.00598,2.01308,-0.0205988,0
1789391406821,0,1789391406813,-1.00495,2.04387,-0.0271755,0
1789391406874,0,1789391406862,-1.00357,2.07691,-0.0342573,0
1789391406918,0,1789391406911,-1.00166,2.10992,-0.0411772,0
1789391406977,0,1789391406970,-0.999077,2.15004,-0.0491694,0
1789391407028,0,1789391407018,-0.997083,2.18181,-0.0543159,0
1789391407072,0,1789391407065,-0.995301,2.2125,-0.0598353,0
1789391407118,0,1789391407111,-0.993478,2.24202,-0.0639216,0
1789391407174,0,1789391407165,-0.991203,2.27675,-0.0691141,0
1789391407231,0,1789391407221,-0.988646,2.31277,-0.0733733,0
1789391407283,0,1789391407275,-0.985787,2.34786,-0.0772826,0
1789391407328,0,1789391407320,-0.98334,2.3769,-0.0798411,0
1789391407372,0,1789391407366,-0.980984,2.40792,-0.0815418,0
1789391407432,0,1789391407421,-0.978107,2.44522,-0.0830283,0
1789391407486,0,1789391407478,-0.974414,2.4836,-0.0838429,0
1789391407532,0,1789391407526,-0.971133,2.51581,-0.0842129,0
1789391407593,0,1789391407580,-0.967863,2.55159,-0.0839297,0
1789391407631,0,1789391407624,-0.965476,2.58009,-0.0816231,0
1789391407688,0,1789391407681,-0.962711,2.61751,-0.0782332,0
1789391407739,0,1789391407732,-0.960589,2.6511,-0.0756197,0
1789391407794,0,1789391407784,-0.95849,2.68523,-0.0720301,0
1789391407834,0,1789391407828,-0.95675,2.71373,-0.0691603,0
1789391407892,0,1789391407884,-0.954552,2.75035,-0.0662953,0
1789391407942,0,1789391407935,-0.952386,2.78318,-0.0620306,0
1789391408002,0,1789391407993,-0.950081,2.82089,-0.057402,0
1789391408043,0,1789391408037,-0.948292,2.84907,-0.0538899,0
1789391408098,0,1789391408089,-0.946305,2.88263,-0.0494373,0
1789391408141,0,1789391408135,-0.944866,2.91215,-0.0455298,0
1789391408205,0,1789391408195,-0.943237,2.95057,-0.0392562,0
1789391408255,0,1789391408248,-0.942068,2.98503,-0.0335914,0
1789391408304,0,1789391408297,-0.941218,3.01729,-0.0289434,0
1789391408350,0,1789391408344,-0.940406,3.04816,-0.0247307,0
1789391408405,0,1789391408392,-0.939637,3.08,-0.0204314,0
1789391408457,0,1789391408448,-0.938759,3.11664,-0.0157589,0
1789391408512,0,1789391408504,-0.93785,3.15278,-0.0119627,0
1789391408565,0,1789391408557,-0.93717,3.18685,-0.00982803,0
1789391408609,0,1789391408601,-0.937225,3.21521,-0.00931943,0
1789391408657,0,1789391408649,-0.937202,3.24644,-0.0121985,0
1789391408707,0,1789391408699,-0.937187,3.27951,-0.0161057,0
1789391408766,0,1789391408756,-0.93699,3.3173,-0.0216092,0
1789391408815,0,1789391408807,-0.936969,3.34937,-0.0289282,0
1789391408859,0,1789391408852,-0.936782,3.37717,-0.0369048,0
1789391408910,0,1789391408902,-0.936041,3.40621,-0.0470727,0
1789391408959,0,1789391408950,-0.934918,3.43103,-0.0589487,0
1789391409018,0,1789391409010,-0.932611,3.46117,-0.0727677,0
1789391409060,0,1789391409054,-0.930317,3.48137,-0.0842088,0
1789391409114,0,1789391409106,-0.927382,3.50515,-0.0991559,0
1789391409172,0,1789391409164,-0.924627,3.52798,-0.118148,0
1789391409226,0,1789391409216,-0.921819,3.54809,-0.136375,0
1789391409266,0,1789391409260,-0.919265,3.56338,-0.151653,0
1789391409319,0,1789391409311,-0.916257,3.58,-0.167713,0
1789391409373,0,1789391409366,-0.913487,3.5954,-0.183379,0
1789391409430,0,1789391409423,-0.910869,3.60916,-0.19354,0
1789391409480,0,1789391409473,-0.908755,3.61966,-0.200776,0
1789391409557,0,1789391409523,-0.903025,3.62833,-0.204929,0.00397393
1789391409576,0,1789391409571,-0.900933,3.63802,-0.208093,0
1789391409632,0,1789391409623,-0.899258,3.64567,-0.211668,0
1789391409680,0,1789391409674,-0.897745,3.6525,-0.215199,0
1789391409737,0,1789391409730,-0.896281,3.6591,-0.218719,0
1789391409785,0,1789391409779,-0.894927,3.66509,-0.22076,0
1789391409836,0,1789391409830,-0.893664,3.67048,-0.222977,0
1789391409883,0,1789391409876,-0.89253,3.67526,-0.226085,0
1789391409938,0,1789391409930,-0.891268,3.68054,-0.229798,0
1789391409990,0,1789391409984,-0.889995,3.68582,-0.229536,0
1789391410043,0,1789391410035,-0.888758,3.69073,-0.229733,0
1789391410088,0,1789391410080,-0.887673,3.69503,-0.230382,0
1789391410141,0,1789391410134,-0.886455,3.70032,-0.233477,0
1789391410197,0,1789391410189,-0.885227,3.70571,-0.236244,0
1789391410244,0,1789391410237,-0.88407,3.71027,-0.237738,0
1789391410288,0,1789391410282,-0.883238,3.71333,-0.239383,0
1789391410342,0,1789391410334,-0.882337,3.71683,-0.241401,0
1789391410394,0,1789391410387,-0.881731,3.71944,-0.248081,0
1789391410449,0,1789391410441,-0.881066,3.72215,-0.259344,0
1789391410502,0,1789391410495,-0.880733,3.72333,-0.274788,0
1789391410550,0,1789391410544,-0.880377,3.72451,-0.29246,0
1789391410599,0,1789391410591,-0.880144,3.72524,-0.31304,0
1789391410654,0,1789391410647,-0.879826,3.72615,-0.338654,0
1789391410705,0,1789391410695,-0.879698,3.72651,-0.363138,0
1789391410756,0,1789391410748,-0.879514,3.72698,-0.390701,0
1789391410798,0,1789391410791,-0.879526,3.72701,-0.413028,0
1789391410849,0,1789391410841,-0.87954,3.72704,-0.438462,0
1789391410892,0,1789391410887,-0.879496,3.72709,-0.461905,0
1789391410948,0,1789391410941,-0.879432,3.72715,-0.4893,0
1789391411005,0,1789391410995,-0.879437,3.72718,-0.516389,0
1789391411055,0,1789391411047,-0.879512,3.72718,-0.542751,0
1789391411098,0,1789391411090,-0.879532,3.72718,-0.564288,0
1789391411151,0,1789391411142,-0.879462,3.72718,-0.589367,0
1789391411197,0,1789391411190,-0.879402,3.72717,-0.613177,0
1789391411257,0,1789391411248,-0.879388,3.72715,-0.642582,0
1789391411301,0,1789391411293,-0.879377,3.72713,-0.664122,0
1789391411354,0,1789391411345,-0.879344,3.72712,-0.689308,0
1789391411406,0,1789391411399,-0.879311,3.72711,-0.715312,0
1789391411458,0,1789391411450,-0.879299,3.72703,-0.739599,0
1789391411501,0,1789391411494,-0.879295,3.72695,-0.760451,0
1789391411554,0,1789391411547,-0.879279,3.72691,-0.785359,0
1789391411601,0,1789391411593,-0.879263,3.72692,-0.807172,0
1789391411658,0,1789391411652,-0.879292,3.7269,-0.835097,0
1789391411710,0,1789391411698,-0.879357,3.72688,-0.856085,0
1789391411757,0,1789391411749,-0.879402,3.72689,-0.879842,0
1789391411804,0,1789391411797,-0.879374,3.72693,-0.901418,0
1789391411865,0,1789391411858,-0.87935,3.72699,-0.930035,0
1789391411910,0,1789391411903,-0.879412,3.72701,-0.949551,0
1789391411959,0,1789391411950,-0.879476,3.72703,-0.970703,0
1789391412005,0,1789391411997,-0.879528,3.727,-0.991817,0
1789391412065,0,1789391412056,-0.879591,3.72696,-1.0184,0
1789391412121,0,1789391412115,-0.879606,3.72694,-1.04478,0
1789391412178,0,1789391412169,-0.879594,3.72694,-1.06847,0
1789391412225,0,1789391412219,-0.879559,3.72694,-1.09064,0
1789391412273,0,1789391412267,-0.879522,3.72694,-1.11071,0
1789391412322,0,1789391412314,-0.87949,3.72693,-1.13065,0
1789391412377,0,1789391412368,-0.879469,3.72692,-1.15346,0
1789391412427,0,1789391412418,-0.879455,3.7269,-1.17432,0
1789391412480,0,1789391412473,-0.879454,3.72684,-1.1953,0
1789391412531,0,1789391412523,-0.879449,3.7268,-1.21369,0
1789391412582,0,1789391412573,-0.879427,3.72685,-1.23285,0
1789391412628,0,1789391412620,-0.879405,3.72689,-1.24972,0
1789391412688,0,1789391412680,-0.879476,3.72697,-1.27083,0
1789391412750,0,1789391412734,-0.879551,3.72706,-1.28888,0
1789391412796,0,1789391412787,-0.879595,3.72707,-1.30626,0
1789391412837,0,1789391412830,-0.879616,3.72706,-1.31968,0
1789391412889,0,1789391412879,-0.879659,3.72705,-1.33515,0
1789391412935,0,1789391412927,-0.879698,3.72703,-1.34965,0
1789391412987,0,1789391412979,-0.879752,3.72703,-1.36468,0
1789391413041,0,1789391413031,-0.8798,3.72704,-1.37885,0
1789391413095,0,1789391413087,-0.879842,3.72706,-1.39394,0
1789391413143,0,1789391413136,-0.879846,3.72707,-1.40767,0
1789391413194,0,1789391413188,-0.879852,3.72707,-1.42202,0
1789391413240,0,1789391413234,-0.879863,3.72703,-1.4338,0
1789391413293,0,1789391413285,-0.879876,3.72699,-1.44578,0
1789391413345,0,1789391413336,-0.879922,3.72704,-1.45919,0
1789391413398,0,1789391413388,-0.879965,3.7271,-1.47184,0
1789391413447,0,1789391413441,-0.880001,3.72719,-1.48326,0
1789391413504,0,1789391413492,-0.880029,3.72727,-1.49398,0
1789391413552,0,1789391413545,-0.880003,3.72726,-1.50507,0
1789391413606,0,1789391413599,-0.879951,3.7272,-1.51573,0
1789391413648,0,1789391413641,-0.87994,3.72717,-1.52375,0
1789391413703,0,1789391413693,-0.879954,3.72716,-1.53338,0
1789391413748,0,1789391413739,-0.879932,3.72715,-1.54127,0
1789391413799,0,1789391413790,-0.879852,3.72717,-1.55031,0
1789391413850,0,1789391413844,-0.879779,3.72718,-1.5599,0
1789391413903,0,1789391413895,-0.879786,3.72717,-1.56815,0
1789391413945,0,1789391413939,-0.879476,3.72716,-1.57661,0
1789391413998,0,1789391413990,-0.878622,3.72706,-1.58606,0
1789391414044,0,1789391414037,-0.878196,3.72697,-1.59812,0
1789391414106,0,1789391414098,-0.876922,3.72699,-1.61722,0
1789391414156,0,1789391414150,-0.875341,3.727,-1.63822,0
1789391414213,0,1789391414201,-0.873671,3.72693,-1.66083,0
1789391414253,0,1789391414246,-0.871935,3.72679,-1.68236,0
1789391414304,0,1789391414297,-0.869947,3.72658,-1.70877,0
1789391414353,0,1789391414346,-0.867742,3.72627,-1.73392,0
1789391414417,0,1789391414409,-0.864958,3.72578,-1.76601,0
1789391414467,0,1789391414462,-0.862322,3.72516,-1.79332,0
1789391414524,0,1789391414513,-0.859795,3.7245,-1.81965,0
1789391414565,0,1789391414557,-0.85761,3.72385,-1.84189,0
1789391414615,0,1789391414609,-0.854677,3.72291,-1.86801,0
1789391414664,0,1789391414656,-0.851537,3.72187,-1.88998,0
1789391414724,0,1789391414716,-0.847785,3.72054,-1.91733,0
1789391414776,0,1789391414768,-0.844601,3.71935,-1.94018,0
1789391414828,0,1789391414819,-0.841252,3.718,-1.96438,0
1789391414875,0,1789391414864,-0.838197,3.71662,-1.98469,0
1789391414928,0,1789391414921,-0.83429,3.71472,-2.01103,0
1789391414978,0,1789391414970,-0.830929,3.713,-2.03285,0
1789391415033,0,1789391415026,-0.82692,3.71085,-2.05786,0
1789391415082,0,1789391415074,-0.823589,3.70899,-2.07936,0
1789391415133,0,1789391415124,-0.820052,3.70696,-2.10139,0
1789391415188,0,1789391415181,-0.816105,3.70457,-2.1263,0
1789391415244,0,1789391415234,-0.812474,3.70221,-2.14987,0
1789391415286,0,1789391415277,-0.809601,3.70025,-2.16843,0
1789391415335,0,1789391415327,-0.80597,3.6979,-2.18981,0
1789391415380,0,1789391415373,-0.8026,3.69566,-2.20461,0
1789391415433,0,1789391415425,-0.798923,3.69291,-2.21809,0
1789391415488,0,1789391415481,-0.795062,3.68987,-2.23177,0
1789391415537,0,1789391415531,-0.791592,3.68711,-2.24364,0
1789391415585,0,1789391415576,-0.788429,3.68455,-2.25426,0
1789391415635,0,1789391415626,-0.784965,3.68173,-2.26565,0
1789391415679,0,1789391415673,-0.781693,3.67902,-2.27663,0
1789391415735,0,1789391415727,-0.778033,3.67582,-2.28921,0
1789391415793,0,1789391415784,-0.774237,3.67225,-2.30188,0
1789391415842,0,1789391415834,-0.771062,3.66911,-2.31255,0
1789391415886,0,1789391415880,-0.76819,3.66629,-2.32287,0
1789391415937,0,1789391415930,-0.765127,3.6632,-2.33254,0
1789391415992,0,1789391415985,-0.761555,3.65972,-2.34266,0
1789391416046,0,1789391416039,-0.758063,3.65626,-2.35272,0
1789391416087,0,1789391416081,-0.755344,3.65355,-2.36202,0
1789391416140,0,1789391416131,-0.752159,3.65031,-2.37133,0
1789391416185,0,1789391416179,-0.749095,3.64729,-2.37938,0
1789391416246,0,1789391416239,-0.745256,3.64346,-2.38934,0
1789391416290,0,1789391416285,-0.74248,3.64054,-2.39788,0
1789391416343,0,1789391416335,-0.739642,3.63733,-2.41201,0
1789391416386,0,1789391416380,-0.736436,3.63363,-2.42764,0
1789391416446,0,1789391416438,-0.731457,3.62773,-2.44815,0
1789391416505,0,1789391416496,-0.726787,3.62193,-2.46846,0
1789391416556,0,1789391416547,-0.722398,3.61607,-2.4868,0
1789391416600,0,1789391416592,-0.718221,3.61034,-2.50177,0
1789391416651,0,1789391416643,-0.711859,3.60167,-2.51894,0
1789391416704,0,1789391416696,-0.705432,3.59257,-2.53753,0
1789391416767,0,1789391416759,-0.698028,3.58141,-2.55932,0
1789391416811,0,1789391416804,-0.691924,3.57178,-2.5748,0
1789391416862,0,1789391416855,-0.684821,3.56041,-2.59209,0
1789391416906,0,1789391416899,-0.678226,3.54949,-2.60715,0
1789391416961,0,1789391416951,-0.670275,3.53624,-2.62691,0
1789391417014,0,1789391417005,-0.661547,3.5211,-2.64938,0
1789391417073,0,1789391417066,-0.652162,3.50364,-2.67623,0
1789391417119,0,1789391417112,-0.645064,3.48885,-2.69827,0
1789391417166,0,1789391417160,-0.637951,3.47316,-2.72186,0
1789391417216,0,1789391417208,-0.631259,3.45732,-2.74603,0
1789391417275,0,1789391417264,-0.624093,3.43889,-2.77469,0
1789391417324,0,1789391417316,-0.617209,3.41948,-2.80148,0
1789391417382,0,1789391417374,-0.610096,3.39742,-2.83225,0
1789391417425,0,1789391417418,-0.605263,3.38088,-2.85484,0
1789391417479,0,1789391417472,-0.599818,3.36021,-2.88301,0
1789391417536,0,1789391417524,-0.595183,3.34022,-2.90961,0
1789391417583,0,1789391417575,-0.591202,3.32026,-2.93564,0
1789391417627,0,1789391417621,-0.587681,3.30193,-2.95901,0
1789391417683,0,1789391417674,-0.583788,3.27931,-2.98632,0
1789391417733,0,1789391417725,-0.580621,3.2576,-3.01252,0
1789391417787,0,1789391417776,-0.578181,3.23522,-3.03895,0
1789391417837,0,1789391417830,-0.576242,3.21125,-3.06517,0
1789391417889,0,1789391417881,-0.575128,3.18572,-3.08911,0
1789391417935,0,1789391417928,-0.574625,3.16168,-3.11122,0
1789391417988,0,1789391417979,-0.574532,3.1342,-3.13441,0
1789391418034,0,1789391418027,-0.575014,3.10818,3.127,0
1789391418096,0,1789391418088,-0.576466,3.07393,3.09923,0
1789391418147,0,1789391418140,-0.578549,3.04321,3.0765,0
1789391418201,0,1789391418190,-0.580376,3.01317,3.05762,0
1789391418243,0,1789391418236,-0.58235,2.98491,3.04342,0
1789391418297,0,1789391418287,-0.585193,2.95405,3.02931,0
1789391418340,0,1789391418333,-0.588638,2.92562,3.01924,0
1789391418402,0,1789391418390,-0.593274,2.8905,3.00992,0
1789391418446,0,1789391418439,-0.597683,2.85962,3.00449,0
1789391418497,0,1789391418489,-0.602312,2.82823,3.00214,0
1789391418541,0,1789391418535,-0.606723,2.79903,3.00278,0
1789391418598,0,1789391418586,-0.611599,2.76645,3.0056,0
1789391418641,0,1789391418634,-0.616489,2.73524,3.00827,0
1789391418710,0,1789391418702,-0.623379,2.691,3.0119,0
1789391418763,0,1789391418755,-0.627889,2.65654,3.01513,0
1789391418818,0,1789391418811,-0.632308,2.61993,3.01946,0
1789391418862,0,1789391418855,-0.635824,2.59114,3.02288,0
1789391418912,0,1789391418904,-0.639735,2.55886,3.02628,0
1789391418962,0,1789391418952,-0.643307,2.52783,3.02969,0
1789391419011,0,1789391419003,-0.646914,2.49472,3.03362,0
1789391419063,0,1789391419056,-0.650686,2.46059,3.03758,0
1789391419121,0,1789391419110,-0.654696,2.42595,3.04096,0
1789391419192,0,1789391419161,-0.656145,2.39247,3.04206,0.0023536
1789391419220,0,1789391419211,-0.659586,2.35944,3.04439,0
1789391419269,0,1789391419259,-0.662829,2.32732,3.04717,0
1789391419324,0,1789391419308,-0.665105,2.29552,3.04811,0
1789391419368,0,1789391419362,-0.66744,2.26064,3.05022,0
1789391419427,0,1789391419419,-0.670723,2.22171,3.05224,0
1789391419478,0,1789391419468,-0.673764,2.18784,3.0541,0
1789391419529,0,1789391419522,-0.677356,2.15127,3.05414,0
1789391419571,0,1789391419564,-0.680274,2.12292,3.05351,0
1789391419620,0,1789391419614,-0.683662,2.08945,3.05206,0
1789391419669,0,1789391419661,-0.686675,2.05814,3.05052,0
1789391419728,0,1789391419720,-0.690435,2.01867,3.04815,0
1789391419774,0,1789391419768,-0.693281,1.9863,3.04619,0
1789391419833,0,1789391419819,-0.696562,1.95161,3.04431,0
1789391419872,0,1789391419864,-0.700133,1.92068,3.04264,0
1789391419921,0,1789391419915,-0.704198,1.88646,3.04164,0
1789391419983,0,1789391419972,-0.708604,1.84911,3.04131,0
1789391420031,0,1789391420025,-0.71265,1.81462,3.04269,0
1789391420084,0,1789391420077,-0.716642,1.78089,3.04362,0
1789391420140,0,1789391420128,-0.720472,1.74797,3.04686,0
1789391420179,0,1789391420172,-0.723215,1.71891,3.05052,0
1789391420234,0,1789391420226,-0.726203,1.6831,3.05525,0
1789391420284,0,1789391420278,-0.729203,1.6486,3.05939,0
1789391420337,0,1789391420328,-0.732133,1.61517,3.06364,0
1789391420382,0,1789391420375,-0.734768,1.58377,3.0677,0
1789391420445,0,1789391420436,-0.737675,1.5446,3.07423,0
1789391420492,0,1789391420482,-0.739765,1.51424,3.07836,0
1789391420541,0,1789391420532,-0.741654,1.48074,3.08347,0
1789391420584,0,1789391420578,-0.743228,1.44963,3.08928,0
1789391420647,0,1789391420634,-0.745349,1.41354,3.09544,0
1789391420694,0,1789391420686,-0.747025,1.38005,3.10058,0
1789391420759,0,1789391420749,-0.748738,1.33907,3.10813,0
1789391420806,0,1789391420792,-0.749685,1.31028,3.11329,0
1789391420850,0,1789391420842,-0.750582,1.27743,3.11976,0
1789391420898,0,1789391420889,-0.751172,1.24655,3.12537,0
1789391420947,0,1789391420938,-0.751479,1.21479,3.13096,0
1789391421009,0,1789391420994,-0.751334,1.17854,3.13812,0
1789391421059,0,1789391421049,-0.750819,1.1434,-3.13682,0
1789391421107,0,1789391421098,-0.75005,1.11194,-3.12987,0
1789391421158,0,1789391421149,-0.749088,1.0792,-3.12213,0
1789391421204,0,1789391421195,-0.748174,1.04935,-3.11387,0
1789391421257,0,1789391421250,-0.746729,1.0136,-3.10493,0
1789391421306,0,1789391421299,-0.745387,0.982566,-3.09713,0
1789391421366,0,1789391421354,-0.743496,0.947424,-3.08616,0
1789391421411,0,1789391421404,-0.741547,0.916174,-3.07591,0
1789391421460,0,1789391421453,-0.739295,0.885504,-3.06491,0
1789391421511,0,1789391421503,-0.736246,0.853716,-3.05363,0
1789391421571,0,1789391421562,-0.731928,0.815787,-3.0393,0
1789391421613,0,1789391421606,-0.728883,0.787754,-3.02924,0
1789391421664,0,1789391421657,-0.725247,0.755053,-3.01764,0
1789391421710,0,1789391421702,-0.721682,0.725989,-3.00795,0
1789391421767,0,1789391421757,-0.716667,0.691111,-2.99681,0
1789391421816,0,1789391421808,-0.711728,0.658948,-2.98711,0
1789391421870,0,1789391421861,-0.705814,0.625343,-2.97751,0
1789391421910,0,1789391421902,-0.701034,0.599213,-2.9709,0
1789391421968,0,1789391421958,-0.694933,0.562518,-2.96183,0
1789391422017,0,1789391422011,-0.688872,0.527721,-2.95294,0
1789391422094,0,1789391422061,-0.681821,0.497721,-2.94816,0.00237016
1789391422114,0,1789391422108,-0.675677,0.468018,-2.94087,0
1789391422195,0,1789391422158,-0.674225,0.43393,-2.93314,0.00561082
1789391422244,0,1789391422208,-0.660528,0.423487,-2.9305,0.022657
1789391422303,0,1789391422269,-0.65113,0.387218,-2.92377,0.00314309
1789391422352,0,1789391422323,-0.637718,0.357879,-2.91956,0.00754865
1789391422398,0,1789391422371,-0.63054,0.327258,-2.91531,0
1789391422451,0,1789391422419,-0.629786,0.296728,-2.91416,0.00635247
1789391422518,0,1789391422471,-0.621916,0.263521,-2.91235,0.000149149
1789391422550,0,1789391422525,-0.612099,0.228416,-2.91256,0.00207568
1789391422612,0,1789391422584,-0.601156,0.184322,-2.91102,0.007635
1789391422664,0,1789391422630,-0.59832,0.170451,-2.9111,0.0156957
1789391422715,0,1789391422680,-0.59137,0.138961,-2.91192,0.000729505
1789391422779,0,1789391422726,-0.591759,0.117979,-2.91134,0.0111861
1789391422806,0,1789391422778,-0.583564,0.0848357,-2.91311,0
1789391422850,0,1789391422824,-0.579367,0.0527236,-2.91383,0.00452939
1789391422912,0,1789391422883,-0.567814,0.0140848,-2.91822,0.00151109
1789391422971,0,1789391422929,-0.558878,-0.0198629,-2.92005,0.00486687
1789391423020,0,1789391422980,-0.550964,-0.0523379,-2.92345,0.000202223
1789391423052,0,1789391423023,-0.544461,-0.0801102,-2.92727,2.23517e-08
1789391423110,0,1789391423081,-0.536321,-0.117673,-2.93278,0
1789391423156,0,1789391423131,-0.529466,-0.149578,-2.93716,2.98023e-08
1789391423211,0,1789391423182,-0.522576,-0.182158,-2.94259,0
1789391423276,0,1789391423233,-0.526707,-0.207823,-2.94971,0.0127858
1789391423311,0,1789391423283,-0.520966,-0.267814,-2.95556,0.0284572
1789391423362,0,1789391423330,-0.515259,-0.29486,-2.95968,0.0023825
1789391423408,0,1789391423382,-0.511575,-0.320848,-2.96294,0.00806937
1789391423466,0,1789391423433,-0.506584,-0.357342,-2.96597,0.00361178
1789391423522,0,1789391423487,-0.501821,-0.378816,-2.9689,0.0136604
1789391423541,0,1789391423529,-0.489734,-0.406679,-2.96695,0.00726265
1789391423623,0,1789391423584,-0.47651,-0.441381,-2.96927,0.00729903
1789391423668,0,1789391423636,-0.471526,-0.486003,-2.97455,0.0114344
1789391423746,0,1789391423689,-0.473442,-0.514608,-2.98068,0.0091863
1789391423770,0,1789391423731,-0.468685,-0.541483,-2.98588,0.000360788
1789391423799,0,1789391423785,-0.464983,-0.591062,-2.99852,0.0145191
1789391423868,0,1789391423841,-0.461745,-0.609424,-3.00418,0.0184339
1789391423930,0,1789391423893,-0.46039,-0.633758,-3.01372,0.00965838
1789391423974,0,1789391423944,-0.457711,-0.658741,-3.02142,0.00588811
1789391424032,0,1789391423994,-0.45361,-0.692365,-3.02829,0.00298589
1789391424074,0,1789391424041,-0.454773,-0.714551,-3.03415,0.00684286
1789391424137,0,1789391424098,-0.452417,-0.747348,-3.04101,0.00144003
1789391424174,0,1789391424146,-0.455432,-0.779396,-3.04775,0.00690846
1789391424245,0,1789391424199,-0.446054,-0.824818,-3.05504,0.0190158
1789391424266,0,1789391424242,-0.4438,-0.843328,-3.05908,0.00427215
1789391424351,0,1789391424294,-0.439102,-0.859783,-3.06561,0.0105422
1789391424372,0,1789391424349,-0.437968,-0.874629,-3.07101,7.08393e-07
1789391424440,0,1789391424402,-0.43717,-0.886088,-3.07549,0.00239234
1789391424471,0,1789391424447,-0.436671,-0.89423,-3.07978,0
1789391424540,0,1789391424502,-0.434739,-0.899373,-3.08619,0.00423949
1789391424591,0,1789391424553,-0.43487,-0.914084,-3.09232,0.00623582
1789391424649,0,1789391424616,-0.436252,-0.919117,-3.09646,0.00564067
1789391424696,0,1789391424671,-0.436915,-0.930227,-3.10046,0.00550756
1789391424767,0,1789391424721,-0.436726,-0.931312,-3.10642,0.000374963
1789391424800,0,1789391424764,-0.429644,-0.91982,-3.11172,0.0144044
1789391424841,0,1789391424817,-0.42961,-0.921584,-3.11658,0
1789391424891,0,1789391424864,-0.432468,-0.927981,-3.11746,0.00578282
1789391424948,0,1789391424915,-0.432158,-0.931496,-3.11721,0.00202797
1789391424995,0,1789391424968,-0.432203,-0.932144,-3.11705,0
1789391425050,0,1789391425022,-0.433067,-0.939393,-3.11743,0.00683183
1789391425100,0,1789391425076,-0.433018,-0.939415,-3.11686,0
1789391425151,0,1789391425126,-0.432977,-0.939438,-3.11665,0
1789391425205,0,1789391425172,-0.433255,-0.939022,-3.11645,0.000530781
1789391425245,0,1789391425222,-0.433243,-0.939053,-3.11633,2.11932e-06
1789391425311,0,1789391425278,-0.434771,-0.931128,-3.11652,0.00800189
1789391425357,0,1789391425332,-0.434701,-0.93434,-3.1168,0.00327783
1789391425398,0,1789391425375,-0.434752,-0.934324,-3.11637,0
1789391425450,0,1789391425424,-0.434621,-0.939047,-3.11681,0.00474452
1789391425496,0,1789391425471,-0.434659,-0.939053,-3.11699,0
1789391425553,0,1789391425528,-0.434698,-0.93907,-3.11704,0
1789391425599,0,1789391425577,-0.434757,-0.939114,-3.11654,0
1789391425664,0,1789391425626,-0.434839,-0.939185,-3.1163,0
1789391425704,0,1789391425672,-0.435408,-0.937332,-3.11614,0.00195861
1789391425761,0,1789391425729,-0.435392,-0.937259,-3.11609,6.96611e-05
1789391425806,0,1789391425778,-0.435165,-0.936267,-3.11666,0.000982082
1789391425853,0,1789391425830,-0.435182,-0.936302,-3.11669,0
1789391425905,0,1789391425873,-0.437124,-0.940143,-3.11699,0.00427146
1789391425955,0,1789391425928,-0.437291,-0.942301,-3.11764,0.00217115
1789391426015,0,1789391425983,-0.437306,-0.94229,-3.11793,0
1789391426073,0,1789391426041,-0.436761,-0.942504,-3.11801,0.000535335
1789391426110,0,1789391426087,-0.436704,-0.942521,-3.11796,1.6692e-06
1789391426170,0,1789391426138,-0.436302,-0.943182,-3.11778,0.00068134
1789391426215,0,1789391426192,-0.435992,-0.945459,-3.11789,0.00216457
1789391426267,0,1789391426241,-0.437317,-0.947968,-3.11806,0.00281595
1789391426309,0,1789391426288,-0.437216,-0.947969,-3.11832,0
1789391426368,0,1789391426338,-0.437087,-0.947964,-3.11889,7.62884e-05
1789391426396,0,1789391426384,-0.431142,-0.945803,-3.12004,0.00637312
1789391426461,0,1789391426436,-0.431204,-0.945797,-3.11973,0
1789391426512,0,1789391426490,-0.431278,-0.945792,-3.12052,3.51983e-06
1789391426579,0,1789391426541,-0.430381,-0.946378,-3.12017,0.00113522
1789391426620,0,1789391426588,-0.430398,-0.946709,-3.12133,0.000292787
1789391426661,0,1789391426638,-0.430458,-0.946753,-3.12173,0
1789391426713,0,1789391426688,-0.432433,-0.946571,-3.12115,0.00194674
1789391426773,0,1789391426748,-0.432468,-0.946496,-3.12159,2.98023e-08
1789391426830,0,1789391426801,-0.438099,-0.943583,-3.12134,0.00632561
1789391426875,0,1789391426849,-0.441603,-0.94393,-3.12197,0.0035256
1789391426919,0,1789391426895,-0.441614,-0.943948,-3.12155,0
1789391426990,0,1789391426947,-0.441715,-0.943462,-3.12076,0.000521387
1789391427019,0,1789391426991,-0.442202,-0.942575,-3.12078,0.00101955
1789391427082,0,1789391427052,-0.442951,-0.944606,-3.12077,0.00220062
1789391427131,0,1789391427107,-0.443103,-0.940097,-3.12109,0.00448179
1789391427194,0,1789391427156,-0.444562,-0.941965,-3.12117,0.00242165
1789391427224,0,1789391427202,-0.44457,-0.941898,-3.12122,1.90828e-07
1789391427285,0,1789391427252,-0.444415,-0.941648,-3.12102,0.000223742
1789391427323,0,1789391427299,-0.444947,-0.943461,-3.12105,0.0019472
1789391427379,0,1789391427354,-0.446599,-0.947256,-3.1221,0.00412388
1789391427437,0,1789391427412,-0.446827,-0.954409,-3.12278,0.00712507
1789391427499,0,1789391427466,-0.446168,-0.95584,-3.12319,0.00163542
1789391427549,0,1789391427518,-0.445725,-0.957121,-3.12295,0.00144831
1789391427599,0,1789391427568,-0.445779,-0.957366,-3.1229,0.000272678
1789391427643,0,1789391427622,-0.445781,-0.957387,-3.12287,2.64553e-06
1789391427696,0,1789391427673,-0.445788,-0.957362,-3.12305,0
1789391427744,0,1789391427718,-0.444201,-0.961025,-3.12373,0.00408375
1789391427795,0,1789391427768,-0.443355,-0.966009,-3.12351,0.00513626
1789391427838,0,1789391427814,-0.443256,-0.966036,-3.12392,0
1789391427901,0,1789391427871,-0.444059,-0.960978,-3.12463,0.00517703
1789391427941,0,1789391427920,-0.442846,-0.9599,-3.12512,0.0016667
1789391427996,0,1789391427972,-0.442894,-0.959917,-3.12546,0
1789391428039,0,1789391428015,-0.4429,-0.959863,-3.12546,0
1789391428091,0,1789391428067,-0.442906,-0.959798,-3.12508,0
1789391428145,0,1789391428121,-0.442968,-0.959753,-3.12479,0
1789391428213,0,1789391428182,-0.443502,-0.959941,-3.12466,0.00048241
1789391428278,0,1789391428237,-0.443696,-0.959985,-3.12426,0.000180825
1789391428311,0,1789391428287,-0.445399,-0.962495,-3.12423,0.00309556
1789391428363,0,1789391428341,-0.445386,-0.962469,-3.12483,0
1789391428416,0,1789391428390,-0.447475,-0.963991,-3.12477,0.00253404
1789391428465,0,1789391428437,-0.4439,-0.963463,-3.12355,0.00365808
1789391428520,0,1789391428487,-0.445407,-0.963825,-3.12392,0.00145619
1789391428545,0,1789391428533,-0.439966,-0.959709,-3.12473,0.00690954
1789391428607,0,1789391428583,-0.44001,-0.959697,-3.12431,0
1789391428659,0,1789391428635,-0.440056,-0.959683,-3.12462,0
1789391428717,0,1789391428691,-0.440083,-0.959662,-3.12502,0
1789391428761,0,1789391428737,-0.440098,-0.959643,-3.12529,0
1789391428803,0,1789391428786,-0.439306,-0.960496,-3.12546,0.00113842
1789391428875,0,1789391428842,-0.439308,-0.960492,-3.12534,8.47582e-05
1789391428927,0,1789391428903,-0.439892,-0.960971,-3.12523,0.000704026
1789391428975,0,1789391428947,-0.439921,-0.960988,-3.12527,0
1789391429021,0,1789391428998,-0.439906,-0.961012,-3.12592,0
1789391429067,0,1789391429044,-0.439807,-0.961037,-3.12589,0
1789391429119,0,1789391429095,-0.439718,-0.961067,-3.1258,0
1789391429166,0,1789391429142,-0.439737,-0.961098,-3.1253,0
1789391429225,0,1789391429201,-0.439759,-0.961138,-3.12505,0
1789391429292,0,1789391429250,-0.438097,-0.959803,-3.12538,0.00213277
1789391429331,0,1789391429300,-0.438124,-0.959892,-3.12489,7.6165e-05
1789391429383,0,1789391429343,-0.438755,-0.960926,-3.12519,0.00119293
1789391429441,0,1789391429396,-0.442259,-0.962352,-3.12469,0.00374008
1789391429477,0,1789391429450,-0.445094,-0.962551,-3.12422,0.00286735
1789391429552,0,1789391429510,-0.44528,-0.962698,-3.12388,0.000275744
1789391429579,0,1789391429557,-0.445311,-0.962714,-3.12329,0
1789391429644,0,1789391429620,-0.445463,-0.962681,-3.12317,1.0583e-06
1789391429694,0,1789391429669,-0.446281,-0.964719,-3.12383,0.00215339
1789391429744,0,1789391429718,-0.446306,-0.964806,-3.12389,0
1789391429787,0,1789391429764,-0.44634,-0.964893,-3.12372,0
1789391429859,0,1789391429814,-0.446149,-0.965381,-3.12427,0.000461746
1789391429885,0,1789391429860,-0.446229,-0.965492,-3.12381,0
1789391429943,0,1789391429912,-0.446278,-0.965475,-3.12453,0
1789391429990,0,1789391429967,-0.446329,-0.965454,-3.12387,0
1789391430051,0,1789391430017,-0.444412,-0.964829,-3.12363,0.00201156
1789391430101,0,1789391430063,-0.44439,-0.965433,-3.12323,0.000688481
1789391430140,0,1789391430113,-0.446003,-0.964891,-3.12389,0.00173564
1789391430186,0,1789391430158,-0.445063,-0.962197,-3.12461,0.00282707
1789391430244,0,1789391430213,-0.445385,-0.963213,-3.1241,0.0011275
1789391430294,0,1789391430269,-0.447081,-0.965034,-3.12423,0.00252597
1789391430344,0,1789391430320,-0.447155,-0.96499,-3.12391,0
1789391430409,0,1789391430365,-0.44234,-0.969028,-3.12274,0.00626056
1789391430436,0,1789391430414,-0.442382,-0.969105,-3.12261,0
1789391430491,0,1789391430466,-0.441506,-0.968886,-3.1231,0.000894774
1789391430548,0,1789391430522,-0.441508,-0.968838,-3.12304,0
1789391430601,0,1789391430577,-0.441487,-0.968807,-3.12307,0
1789391430654,0,1789391430629,-0.441465,-0.96878,-3.12311,0
1789391430706,0,1789391430674,-0.442552,-0.966779,-3.12394,0.00219522
1789391430752,0,1789391430726,-0.443259,-0.962403,-3.12469,0.00432198
1789391430803,0,1789391430779,-0.445152,-0.961599,-3.12422,0.00200751
1789391430860,0,1789391430835,-0.445183,-0.961536,-3.12454,0
1789391430916,0,1789391430892,-0.445221,-0.961487,-3.12465,0
1789391430965,0,1789391430941,-0.44526,-0.961462,-3.12519,0
1789391431031,0,1789391430988,-0.443708,-0.963126,-3.12442,0.00230288
1789391431063,0,1789391431038,-0.44374,-0.963157,-3.12481,0
1789391431103,0,1789391431085,-0.43979,-0.962697,-3.12463,0.00399511
1789391431175,0,1789391431137,-0.440282,-0.960433,-3.12595,0.00226722
1789391431223,0,1789391431191,-0.440362,-0.960342,-3.12624,0.000127197
1789391431271,0,1789391431246,-0.440349,-0.960365,-3.12624,2.98023e-08
1789391431310,0,1789391431287,-0.440342,-0.960388,-3.12624,2.98023e-08
1789391431371,0,1789391431343,-0.440365,-0.960475,-3.12654,0
1789391431417,0,1789391431393,-0.440395,-0.960568,-3.12652,0
1789391431473,0,1789391431443,-0.440584,-0.960549,-3.1264,0.000118741
1789391431516,0,1789391431488,-0.440664,-0.960504,-3.12632,2.98023e-08
1789391431568,0,1789391431541,-0.440736,-0.960476,-3.12616,2.98023e-08
1789391431618,0,1789391431594,-0.440781,-0.960475,-3.12594,0
1789391431672,0,1789391431647,-0.440877,-0.960482,-3.12638,0
1789391431718,0,1789391431690,-0.441119,-0.960463,-3.12635,8.62246e-05
1789391431776,0,1789391431751,-0.441323,-0.96048,-3.12663,0
1789391431822,0,1789391431796,-0.441601,-0.959145,-3.12728,0.00131684
1789391431875,0,1789391431846,-0.443216,-0.957948,-3.1281,0.00196418
1789391431919,0,1789391431893,-0.445246,-0.960998,-3.12743,0.00373997
1789391431976,0,1789391431951,-0.443548,-0.9659,-3.12776,0.00526986
1789391432031,0,1789391432005,-0.442164,-0.965155,-3.12733,0.00150331
1789391432089,0,1789391432058,-0.441848,-0.965122,-3.12709,0.000257343
1789391432123,0,1789391432100,-0.441917,-0.965109,-3.12688,0
1789391432175,0,1789391432149,-0.44203,-0.965097,-3.12701,0
1789391432226,0,1789391432201,-0.442092,-0.965064,-3.12677,0
1789391432283,0,1789391432257,-0.441824,-0.965356,-3.12555,0.000441159
1789391432327,0,1789391432304,-0.441821,-0.96531,-3.12575,0
1789391432378,0,1789391432354,-0.441397,-0.964166,-3.12545,0.00117725
1789391432427,0,1789391432402,-0.441396,-0.964123,-3.12518,0
1789391432488,0,1789391432463,-0.441434,-0.964049,-3.12497,0
1789391432541,0,1789391432517,-0.441469,-0.963983,-3.12446,0
1789391432591,0,1789391432567,-0.441465,-0.96398,-3.12451,0
1789391432637,0,1789391432613,-0.441462,-0.963978,-3.12455,0
1789391432690,0,1789391432668,-0.441481,-0.964049,-3.12453,0
1789391432751,0,1789391432718,-0.445021,-0.964505,-3.12426,0.00353792
1789391432796,0,1789391432773,-0.445035,-0.964514,-3.12424,0
1789391432847,0,1789391432824,-0.445041,-0.964474,-3.12402,0
1789391432897,0,1789391432873,-0.444259,-0.96712,-3.12331,0.00280356
1789391432945,0,1789391432920,-0.444214,-0.967058,-3.12382,0
1789391433004,0,1789391432973,-0.444877,-0.966568,-3.12409,0.000862835
1789391433043,0,1789391433019,-0.444777,-0.966597,-3.12442,0
1789391433107,0,1789391433074,-0.445268,-0.967463,-3.12399,0.00103576
1789391433158,0,1789391433125,-0.445212,-0.967424,-3.12421,0
1789391433205,0,1789391433183,-0.445148,-0.967378,-3.12382,0
1789391433250,0,1789391433228,-0.445098,-0.967322,-3.12359,0
1789391433310,0,1789391433277,-0.445087,-0.96722,-3.12353,5.91456e-05
1789391433356,0,1789391433327,-0.445958,-0.964841,-3.12391,0.00249248
1789391433408,0,1789391433385,-0.445911,-0.964771,-3.12392,0
1789391433450,0,1789391433428,-0.445919,-0.964738,-3.12443,0
1789391433502,0,1789391433479,-0.445944,-0.964705,-3.12431,0
1789391433550,0,1789391433527,-0.445973,-0.964719,-3.12432,0
1789391433614,0,1789391433587,-0.447121,-0.96521,-3.1242,0.00118497
1789391433654,0,1789391433629,-0.447118,-0.965248,-3.12402,0
1789391433712,0,1789391433689,-0.447045,-0.965286,-3.12418,1.88486e-07
1789391433746,0,1789391433733,-0.440221,-0.966619,-3.12445,0.00688852
1789391433815,0,1789391433784,-0.44124,-0.967308,-3.1238,0.00127
1789391433859,0,1789391433833,-0.443345,-0.96394,-3.12423,0.00410414
1789391433918,0,1789391433894,-0.443261,-0.964022,-3.12401,0
1789391433972,0,1789391433936,-0.446895,-0.965829,-3.12337,0.0040847
1789391434013,0,1789391433988,-0.446889,-0.965846,-3.12344,0
1789391434051,0,1789391434033,-0.44095,-0.965155,-3.12471,0.00598494
1789391434106,0,1789391434082,-0.441024,-0.965123,-3.12524,0
1789391434153,0,1789391434129,-0.441123,-0.965077,-3.12485,0
1789391434220,0,1789391434196,-0.441215,-0.965009,-3.12525,0
1789391434269,0,1789391434246,-0.441221,-0.964957,-3.12599,0
1789391434322,0,1789391434298,-0.442874,-0.963475,-3.12561,0.00222874
1789391434365,0,1789391434341,-0.441728,-0.964548,-3.12594,0.00148309
1789391434422,0,1789391434397,-0.441607,-0.964575,-3.1256,0
1789391434468,0,1789391434446,-0.441521,-0.964558,-3.12568,0
1789391434537,0,1789391434496,-0.441635,-0.96386,-3.12581,0.00070884
1789391434572,0,1789391434545,-0.442083,-0.963079,-3.12593,0.000909503
1789391434646,0,1789391434604,-0.4453,-0.965944,-3.12303,0.00434139
1789391434682,0,1789391434656,-0.44534,-0.966026,-3.12297,0
1789391434739,0,1789391434707,-0.444056,-0.966589,-3.12406,0.00141642
1789391434776,0,1789391434752,-0.443984,-0.966647,-3.1241,0
1789391434826,0,1789391434803,-0.443859,-0.966703,-3.12404,0
1789391434882,0,1789391434858,-0.445555,-0.967154,-3.12372,0.00185362
1789391434937,0,1789391434913,-0.445461,-0.96722,-3.12334,0
1789391434984,0,1789391434954,-0.445698,-0.967052,-3.12357,0.000370528
1789391435030,0,1789391435005,-0.445603,-0.967075,-3.12338,0
1789391435077,0,1789391435053,-0.444961,-0.967484,-3.12363,0.000686027
1789391435137,0,1789391435113,-0.444891,-0.967439,-3.12292,0
1789391435194,0,1789391435166,-0.444705,-0.967163,-3.12361,0.000267446
1789391435242,0,1789391435216,-0.444639,-0.966887,-3.12384,0.000311873
1789391435295,0,1789391435262,-0.444774,-0.966954,-3.12353,0.000139392
1789391435345,0,1789391435315,-0.444733,-0.966878,-3.12369,0
1789391435393,0,1789391435367,-0.445597,-0.964094,-3.1241,0.00283461
1789391435445,0,1789391435419,-0.445582,-0.964078,-3.12387,0
1789391435487,0,1789391435464,-0.445586,-0.964103,-3.1239,0
1789391435538,0,1789391435514,-0.445568,-0.964139,-3.12374,0
1789391435588,0,1789391435563,-0.446559,-0.966725,-3.1236,0.00274464
1789391435654,0,1789391435623,-0.446541,-0.966776,-3.12256,6.22291e-07
1789391435708,0,1789391435674,-0.446571,-0.966831,-3.12284,2.67595e-05
1789391435753,0,1789391435728,-0.446386,-0.966558,-3.12328,0.000398141
1789391435795,0,1789391435770,-0.446364,-0.966684,-3.12292,0
1789391435850,0,1789391435822,-0.446414,-0.967978,-3.12351,0.0011405
1789391435903,0,1789391435876,-0.446355,-0.967951,-3.1231,0
1789391435957,0,1789391435927,-0.446299,-0.967915,-3.12345,0
1789391436001,0,1789391435973,-0.446316,-0.967954,-3.12362,0
1789391436061,0,1789391436027,-0.446045,-0.968139,-3.12326,0.000326608
1789391436102,0,1789391436080,-0.446068,-0.968182,-3.12333,4.17233e-07
1789391436158,0,1789391436130,-0.445118,-0.968907,-3.12354,0.00118851
1789391436209,0,1789391436176,-0.445165,-0.968825,-3.12354,8.53402e-05
1789391436253,0,1789391436229,-0.445192,-0.968791,-3.12361,0
1789391436304,0,1789391436281,-0.445223,-0.968771,-3.12394,0
1789391436364,0,1789391436334,-0.445397,-0.968976,-3.12434,0.000240665
1789391436401,0,1789391436377,-0.445418,-0.968969,-3.12466,0
1789391436466,0,1789391436434,-0.445755,-0.965238,-3.12453,0.00367487
1789391436532,0,1789391436485,-0.445524,-0.965935,-3.1241,0.00078921
1789391436567,0,1789391436544,-0.445517,-0.965947,-3.12418,0
1789391436606,0,1789391436587,-0.438435,-0.968479,-3.12472,0.00751235
1789391436674,0,1789391436641,-0.440186,-0.961032,-3.1256,0.00769037
1789391436730,0,1789391436693,-0.446874,-0.963281,-3.12326,0.00700171
1789391436771,0,1789391436747,-0.446892,-0.963328,-3.12399,0
1789391436818,0,1789391436793,-0.446896,-0.963364,-3.12407,0
1789391436863,0,1789391436840,-0.44693,-0.963327,-3.12388,0
1789391436913,0,1789391436887,-0.446991,-0.963229,-3.12393,0
1789391436973,0,1789391436944,-0.447103,-0.965478,-3.12405,0.00236841
1789391437022,0,1789391436997,-0.447136,-0.965373,-3.12397,0
1789391437079,0,1789391437055,-0.447179,-0.965273,-3.12427,0
1789391437144,0,1789391437098,-0.443984,-0.966933,-3.12372,0.00365492
1789391437190,0,1789391437150,-0.443922,-0.967822,-3.12374,0.000905953
1789391437226,0,1789391437195,-0.444611,-0.965534,-3.12415,0.00231646
1789391437271,0,1789391437247,-0.444627,-0.965449,-3.12419,0
1789391437328,0,1789391437303,-0.444606,-0.965408,-3.12371,0
1789391437388,0,1789391437363,-0.444571,-0.965382,-3.12357,0
1789391437444,0,1789391437410,-0.445275,-0.965815,-3.12409,0.000832443
1789391437489,0,1789391437461,-0.445273,-0.96583,-3.12413,0
1789391437537,0,1789391437506,-0.445999,-0.966969,-3.12427,0.0013225
1789391437585,0,1789391437557,-0.444726,-0.965088,-3.12402,0.0023254
1789391437637,0,1789391437610,-0.444795,-0.96506,-3.12451,0
1789391437694,0,1789391437661,-0.44234,-0.970792,-3.12284,0.00629395
1789391437737,0,1789391437707,-0.441718,-0.971863,-3.12293,0.00128503
1789391437789,0,1789391437759,-0.441915,-0.971578,-3.12278,0.00029587
1789391437838,0,1789391437814,-0.44281,-0.972392,-3.12275,0.00120098
1789391437896,0,1789391437864,-0.442686,-0.971866,-3.12267,0.000459024
1789391437943,0,1789391437910,-0.442757,-0.971767,-3.12272,1.56991e-05
1789391437989,0,1789391437966,-0.442848,-0.97177,-3.12281,0
1789391438056,0,1789391438019,-0.44309,-0.972068,-3.12255,0.000297901
1789391438099,0,1789391438076,-0.443155,-0.97215,-3.12275,0
1789391438149,0,1789391438121,-0.441512,-0.969882,-3.12291,0.00288576
1789391438204,0,1789391438172,-0.440359,-0.968954,-3.12258,0.00155891
1789391438254,0,1789391438216,-0.436344,-0.969267,-3.12377,0.00405766
1789391438313,0,1789391438272,-0.436471,-0.969906,-3.12329,0.000581479
1789391438344,0,1789391438320,-0.436522,-0.969962,-3.12328,0
1789391438410,0,1789391438373,-0.436734,-0.968784,-3.12367,0.00123742
1789391438444,0,1789391438421,-0.436784,-0.968772,-3.12409,0
1789391438506,0,1789391438480,-0.436846,-0.968756,-3.12484,0
1789391438564,0,1789391438529,-0.436798,-0.968832,-3.12473,8.46505e-05
1789391438605,0,1789391438580,-0.436719,-0.968828,-3.12427,0
1789391438649,0,1789391438625,-0.43679,-0.968886,-3.12421,2.98023e-08
1789391438702,0,1789391438678,-0.436882,-0.968961,-3.12407,0
1789391438753,0,1789391438727,-0.436876,-0.968945,-3.12416,0
1789391438807,0,1789391438783,-0.436832,-0.968892,-3.12434,0
1789391438851,0,1789391438827,-0.436812,-0.968858,-3.12443,0
1789391438905,0,1789391438881,-0.436798,-0.968821,-3.12457,0
1789391438956,0,1789391438932,-0.436799,-0.968828,-3.12555,0
1789391439027,0,1789391438988,-0.436296,-0.967765,-3.12598,0.00128137
1789391439065,0,1789391439040,-0.436114,-0.967138,-3.12612,0.000733931
1789391439115,0,1789391439091,-0.436116,-0.96713,-3.12579,0
1789391439150,0,1789391439135,-0.43909,-0.963339,-3.12622,0.00481179
1789391439211,0,1789391439186,-0.43913,-0.963421,-3.12509,0
1789391439261,0,1789391439237,-0.440142,-0.966672,-3.12383,0.0033149
1789391439319,0,1789391439294,-0.440095,-0.966727,-3.124,0
1789391439377,0,1789391439347,-0.442468,-0.962564,-3.12476,0.00486105
1789391439424,0,1789391439401,-0.44239,-0.962568,-3.12457,0
1789391439468,0,1789391439444,-0.442326,-0.962556,-3.12526,0
1789391439524,0,1789391439497,-0.448559,-0.963336,-3.12735,0.0063442
1789391439573,0,1789391439540,-0.445202,-0.966506,-3.12788,0.00457105
1789391439623,0,1789391439597,-0.44691,-0.967382,-3.12697,0.00191846
1789391439669,0,1789391439645,-0.446958,-0.967429,-3.12687,0
1789391439735,0,1789391439701,-0.447279,-0.967665,-3.12675,0.000333305
1789391439779,0,1789391439751,-0.446772,-0.968333,-3.12714,0.00092513
1789391439827,0,1789391439802,-0.446817,-0.968257,-3.12701,0
1789391439869,0,1789391439846,-0.44649,-0.96674,-3.12764,0.00156762
1789391439923,0,1789391439899,-0.446414,-0.966775,-3.12766,0
1789391439965,0,1789391439944,-0.44644,-0.966758,-3.12795,5.12739e-07
1789391440028,0,1789391440002,-0.444988,-0.965243,-3.12845,0.00210943
1789391440070,0,1789391440046,-0.445014,-0.965199,-3.1289,0
1789391440128,0,1789391440102,-0.445779,-0.962471,-3.12767,0.00276021
1789391440197,0,1789391440159,-0.446703,-0.960416,-3.12793,0.00219761
1789391440234,0,1789391440209,-0.446715,-0.960392,-3.12794,0
1789391440278,0,1789391440255,-0.44673,-0.96035,-3.12798,7.7486e-07
1789391440333,0,1789391440305,-0.445692,-0.960889,-3.12762,0.00123299
1789391440390,0,1789391440351,-0.444722,-0.96092,-3.12836,0.000993861
1789391440430,0,1789391440407,-0.444738,-0.961083,-3.1296,0
1789391440489,0,1789391440463,-0.440043,-0.965049,-3.12885,0.00605353
1789391440540,0,1789391440513,-0.438041,-0.967529,-3.12765,0.00320222
1789391440592,0,1789391440568,-0.438112,-0.967564,-3.12735,0
1789391440656,0,1789391440618,-0.437982,-0.967472,-3.12638,0.000157664
1789391440688,0,1789391440665,-0.437943,-0.967495,-3.12633,0
1789391440738,0,1789391440715,-0.437917,-0.967447,-3.12718,0
1789391440800,0,1789391440766,-0.434141,-0.968571,-3.12803,0.00394568
1789391440850,0,1789391440822,-0.433609,-0.969012,-3.12813,0.000765381
1789391440892,0,1789391440869,-0.433656,-0.968931,-3.12858,0
1789391440952,0,1789391440919,-0.433069,-0.968244,-3.12774,0.000880974
1789391440990,0,1789391440965,-0.433057,-0.968244,-3.12763,0
1789391441040,0,1789391441016,-0.43304,-0.968257,-3.12775,0
1789391441092,0,1789391441069,-0.432997,-0.968339,-3.12774,0
1789391441158,0,1789391441126,-0.432896,-0.96842,-3.1275,5.5714e-05
1789391441219,0,1789391441178,-0.431716,-0.9712,-3.12774,0.0029567
1789391441251,0,1789391441225,-0.431507,-0.971728,-3.12756,0.00051204
1789391441293,0,1789391441270,-0.4315,-0.971645,-3.12739,0
1789391441364,0,1789391441324,-0.427363,-0.968909,-3.12809,0.00489462
1789391441405,0,1789391441375,-0.427349,-0.968927,-3.12792,0
1789391441475,0,1789391441428,-0.426261,-0.968071,-3.12738,0.00142478
1789391441519,0,1789391441481,-0.425697,-0.971061,-3.12711,0.00301085
1789391441564,0,1789391441532,-0.42744,-0.969869,-3.12724,0.00204706
1789391441602,0,1789391441577,-0.428301,-0.965884,-3.12674,0.00407711
1789391441660,0,1789391441628,-0.42943,-0.96644,-3.12637,0.00142082
1789391441702,0,1789391441673,-0.435755,-0.961385,-3.12585,0.00819771
1789391441751,0,1789391441728,-0.435777,-0.961423,-3.1258,0
1789391441803,0,1789391441780,-0.435799,-0.961459,-3.12575,0
1789391441855,0,1789391441831,-0.435731,-0.961462,-3.12517,0
1789391441898,0,1789391441874,-0.435674,-0.961463,-3.12466,0
1789391441949,0,1789391441925,-0.439541,-0.966946,-3.1238,0.00674026
1789391442000,0,1789391441975,-0.438754,-0.973026,-3.12318,0.00612794
1789391442070,0,1789391442037,-0.439673,-0.973969,-3.12252,0.0013562
1789391442099,0,1789391442081,-0.438109,-0.972989,-3.12536,0.00185133
1789391442176,0,1789391442130,-0.444741,-0.967625,-3.12558,0.00844611
1789391442204,0,1789391442177,-0.444595,-0.964126,-3.12482,0.00339628
1789391442257,0,1789391442233,-0.444559,-0.964083,-3.12446,0
1789391442318,0,1789391442290,-0.444515,-0.964241,-3.12488,0
1789391442375,0,1789391442348,-0.444512,-0.96439,-3.12475,5.37861e-05
1789391442427,0,1789391442398,-0.447707,-0.968214,-3.12445,0.00511449
1789391442473,0,1789391442447,-0.447667,-0.968081,-3.12519,0
1789391442528,0,1789391442492,-0.447863,-0.969014,-3.12442,0.0009316
1789391442569,0,1789391442546,-0.44784,-0.969046,-3.12404,0
1789391442622,0,1789391442598,-0.4478,-0.969011,-3.1234,0
1789391442675,0,1789391442651,-0.447754,-0.96896,-3.12326,0
1789391442725,0,1789391442702,-0.447737,-0.968899,-3.12315,0
1789391442776,0,1789391442752,-0.447734,-0.968835,-3.12347,0
1789391442819,0,1789391442798,-0.447699,-0.968775,-3.12359,5.09262e-07
1789391442872,0,1789391442849,-0.447632,-0.968706,-3.12348,0
1789391442919,0,1789391442895,-0.447604,-0.968666,-3.12348,0
1789391442980,0,1789391442956,-0.44764,-0.968662,-3.12347,0
1789391443038,0,1789391443010,-0.447648,-0.96867,-3.1235,2.22823e-05
1789391443085,0,1789391443061,-0.44767,-0.968727,-3.12349,0
1789391443130,0,1789391443106,-0.44769,-0.968776,-3.12366,0
1789391443183,0,1789391443158,-0.447713,-0.968579,-3.12357,0
1789391443240,0,1789391443203,-0.447531,-0.968157,-3.1243,0.000320554
1789391443284,0,1789391443261,-0.447512,-0.967998,-3.12358,0
1789391443347,0,1789391443312,-0.44748,-0.967883,-3.12418,0
1789391443414,0,1789391443369,-0.440922,-0.970358,-3.12314,0.00702774
1789391443438,0,1789391443415,-0.440946,-0.970372,-3.12318,0
1789391443492,0,1789391443468,-0.439567,-0.96819,-3.12408,0.00264556
1789391443562,0,1789391443524,-0.438715,-0.961876,-3.12513,0.00647927
1789391443603,0,1789391443576,-0.438236,-0.96111,-3.12541,0.000967977
1789391443653,0,1789391443620,-0.439297,-0.963291,-3.12528,0.0024256
1789391443695,0,1789391443670,-0.439265,-0.963306,-3.1255,0
1789391443740,0,1789391443716,-0.43925,-0.963313,-3.12573,0
1789391443796,0,1789391443770,-0.439233,-0.963321,-3.12561,0
1789391443846,0,1789391443822,-0.439292,-0.963338,-3.12552,0
1789391443900,0,1789391443871,-0.439348,-0.963354,-3.12554,0
1789391443941,0,1789391443918,-0.439424,-0.963295,-3.12555,0
1789391444004,0,1789391443979,-0.439526,-0.963207,-3.12585,0
1789391444059,0,1789391444033,-0.439596,-0.963211,-3.12533,0
1789391444110,0,1789391444084,-0.439649,-0.96326,-3.12479,0
1789391444172,0,1789391444129,-0.440279,-0.96322,-3.12503,0.000637125
1789391444208,0,1789391444182,-0.440234,-0.963262,-3.12567,0
1789391444264,0,1789391444228,-0.44003,-0.96306,-3.12557,0.00029691
1789391444312,0,1789391444288,-0.440092,-0.963052,-3.12572,0
1789391444375,0,1789391444352,-0.440151,-0.963035,-3.1258,0
1789391444427,0,1789391444402,-0.440152,-0.962978,-3.1258,0
1789391444474,0,1789391444448,-0.440154,-0.962926,-3.12586,0
1789391444523,0,1789391444498,-0.440163,-0.962967,-3.12545,0
1789391444575,0,1789391444545,-0.440625,-0.963817,-3.12505,0.000928418
1789391444622,0,1789391444597,-0.440665,-0.963753,-3.1255,0
1789391444667,0,1789391444642,-0.440705,-0.963677,-3.12578,0
1789391444728,0,1789391444699,-0.440766,-0.963688,-3.12585,6.05851e-05
1789391444778,0,1789391444747,-0.440825,-0.96375,-3.12581,8.06138e-05
1789391444822,0,1789391444797,-0.440904,-0.963783,-3.12558,0
1789391444869,0,1789391444844,-0.441049,-0.963833,-3.12556,0
1789391444922,0,1789391444899,-0.441156,-0.963847,-3.12514,8.43464e-07
1789391444977,0,1789391444955,-0.441116,-0.963754,-3.12541,1.89637e-06
1789391445031,0,1789391445006,-0.441081,-0.963682,-3.12493,0
1789391445074,0,1789391445051,-0.441056,-0.963683,-3.12493,0
1789391445131,0,1789391445105,-0.441027,-0.963683,-3.12494,0
1789391445174,0,1789391445151,-0.441044,-0.963624,-3.12483,0
1789391445233,0,1789391445208,-0.441065,-0.963549,-3.12478,0
1789391445281,0,1789391445258,-0.44112,-0.963544,-3.12494,0
1789391445341,0,1789391445316,-0.441192,-0.963551,-3.1255,0
1789391445391,0,1789391445360,-0.441193,-0.963533,-3.12532,0
1789391445435,0,1789391445410,-0.441178,-0.963505,-3.12529,0
1789391445478,0,1789391445455,-0.441149,-0.963528,-3.12505,0
1789391445536,0,1789391445511,-0.441098,-0.963604,-3.12496,0
1789391445584,0,1789391445562,-0.441069,-0.963659,-3.12536,0
1789391445636,0,1789391445612,-0.441074,-0.963688,-3.12536,0
1789391445682,0,1789391445661,-0.441069,-0.963704,-3.12538,1.52662e-06
1789391445738,0,1789391445714,-0.441,-0.963645,-3.12552,0
1789391445786,0,1789391445763,-0.440936,-0.963592,-3.12611,0
1789391445854,0,1789391445820,-0.440592,-0.963417,-3.1267,0.000311176
1789391445892,0,1789391445868,-0.440469,-0.963481,-3.12718,1.78814e-07
1789391445947,0,1789391445921,-0.440455,-0.963396,-3.12726,0
1789391445991,0,1789391445967,-0.43904,-0.964459,-3.12684,0.00184598
1789391446068,0,1789391446029,-0.437192,-0.965281,-3.12684,0.0020563
1789391446111,0,1789391446082,-0.437162,-0.965226,-3.12653,0
1789391446169,0,1789391446129,-0.438587,-0.964642,-3.12673,0.00153494
1789391446203,0,1789391446176,-0.439712,-0.965687,-3.12632,0.00156577
1789391446253,0,1789391446225,-0.439692,-0.965627,-3.12627,0
1789391446302,0,1789391446274,-0.440126,-0.966807,-3.12594,0.0013545
1789391446360,0,1789391446333,-0.443424,-0.967273,-3.12524,0.00341177
1789391446416,0,1789391446387,-0.443651,-0.967327,-3.12499,0.000295535
1789391446468,0,1789391446436,-0.447421,-0.967067,-3.12397,0.00383195
1789391446495,0,1789391446483,-0.44018,-0.971149,-3.12554,0.00823622
1789391446559,0,1789391446535,-0.440152,-0.971273,-3.12518,0
1789391446606,0,1789391446581,-0.441993,-0.96901,-3.12449,0.00288834
1789391446665,0,1789391446638,-0.44493,-0.96832,-3.12401,0.00298747
1789391446709,0,1789391446684,-0.444843,-0.968386,-3.12482,0
1789391446774,0,1789391446738,-0.445296,-0.96679,-3.1238,0.00181906
1789391446820,0,1789391446790,-0.445282,-0.966939,-3.12279,8.95398e-05
1789391446866,0,1789391446840,-0.444611,-0.967758,-3.12356,0.00104952
1789391446904,0,1789391446884,-0.438647,-0.971598,-3.12516,0.00706802
1789391446965,0,1789391446941,-0.438611,-0.971705,-3.12412,0
1789391447021,0,1789391446995,-0.437241,-0.970798,-3.12418,0.00166766
1789391447076,0,1789391447053,-0.437204,-0.970841,-3.12483,0
1789391447129,0,1789391447096,-0.44399,-0.963435,-3.12507,0.0100851
1789391447173,0,1789391447149,-0.443971,-0.963363,-3.125,0
1789391447217,0,1789391447192,-0.443956,-0.9633,-3.12527,0
1789391447275,0,1789391447243,-0.443864,-0.963404,-3.12593,0
1789391447335,0,1789391447300,-0.44037,-0.964993,-3.12596,0.00366298
1789391447385,0,1789391447354,-0.44,-0.964442,-3.12614,0.000714582
1789391447422,0,1789391447399,-0.440032,-0.964461,-3.12615,0
1789391447479,0,1789391447449,-0.444008,-0.967011,-3.12531,0.00471734
1789391447532,0,1789391447501,-0.443986,-0.966998,-3.1251,2.78051e-05
1789391447594,0,1789391447558,-0.44471,-0.966603,-3.12364,0.000866384
1789391447634,0,1789391447608,-0.444692,-0.966635,-3.12355,0
1789391447686,0,1789391447661,-0.44466,-0.966655,-3.12363,0
1789391447734,0,1789391447704,-0.445184,-0.967112,-3.12354,0.00077956
1789391447786,0,1789391447757,-0.44509,-0.967059,-3.12398,0
1789391447836,0,1789391447813,-0.445122,-0.967074,-3.12361,0
1789391447903,0,1789391447872,-0.445502,-0.967561,-3.12366,0.000570789
1789391447948,0,1789391447919,-0.445557,-0.967533,-3.12342,0
1789391447993,0,1789391447968,-0.445617,-0.967498,-3.12397,0
1789391448039,0,1789391448015,-0.445579,-0.967549,-3.12391,0
1789391448090,0,1789391448065,-0.4455,-0.967637,-3.12361,0
1789391448136,0,1789391448113,-0.445456,-0.967687,-3.1232,8.47665e-07
1789391448205,0,1789391448176,-0.445552,-0.967673,-3.12333,0.000125864
1789391448249,0,1789391448225,-0.445524,-0.967676,-3.12354,0
1789391448313,0,1789391448286,-0.445465,-0.967639,-3.12368,0
1789391448349,0,1789391448330,-0.437819,-0.973371,-3.12508,0.00953588
1789391448405,0,1789391448381,-0.437792,-0.973399,-3.12492,0
1789391448463,0,1789391448427,-0.437902,-0.971054,-3.12455,0.00237399
1789391448514,0,1789391448487,-0.437897,-0.971176,-3.12435,0
1789391448543,0,1789391448531,-0.439194,-0.974233,-3.12524,0.00323058
1789391448615,0,1789391448582,-0.439431,-0.967443,-3.12668,0.00679276
1789391448675,0,1789391448631,-0.424164,-0.965608,-3.12593,0.0153225
1789391448716,0,1789391448691,-0.424016,-0.965636,-3.12641,0
1789391448776,0,1789391448743,-0.425666,-0.963822,-3.12601,0.00262374
1789391448822,0,1789391448792,-0.425667,-0.963834,-3.12566,7.04742e-05
1789391448881,0,1789391448839,-0.423836,-0.959439,-3.12615,0.00489636
1789391448928,0,1789391448891,-0.423982,-0.959341,-3.12653,0.000155355
1789391448969,0,1789391448945,-0.423971,-0.959258,-3.12645,1.95994e-06
1789391449019,0,1789391448996,-0.423962,-0.95919,-3.12604,2.69542e-06
1789391449065,0,1789391449041,-0.423962,-0.959181,-3.12617,0
1789391449118,0,1789391449092,-0.423961,-0.959171,-3.12586,0
1789391449171,0,1789391449137,-0.424442,-0.959163,-3.12616,0.000429042
1789391449229,0,1789391449193,-0.424238,-0.95879,-3.12543,0.000557466
1789391449275,0,1789391449250,-0.424264,-0.958782,-3.12502,0
1789391449329,0,1789391449304,-0.425071,-0.958636,-3.12571,0.000806567
1789391449372,0,1789391449346,-0.424533,-0.957201,-3.12616,0.00150053
1789391449422,0,1789391449397,-0.424477,-0.957178,-3.12619,0
1789391449468,0,1789391449444,-0.424474,-0.957166,-3.12662,0
1789391449544,0,1789391449504,-0.423523,-0.954709,-3.12652,0.00265172
1789391449587,0,1789391449564,-0.4236,-0.954727,-3.12582,0
1789391449653,0,1789391449622,-0.424796,-0.954611,-3.12553,0.00108533
1789391449688,0,1789391449665,-0.424875,-0.954633,-3.12624,0
1789391449740,0,1789391449715,-0.424899,-0.954485,-3.12675,0
1789391449788,0,1789391449765,-0.424923,-0.954337,-3.12622,0
1789391449841,0,1789391449816,-0.424948,-0.954257,-3.12601,0
1789391449894,0,1789391449871,-0.424975,-0.954176,-3.12581,0
1789391449949,0,1789391449923,-0.425035,-0.954125,-3.12537,0
1789391449992,0,1789391449967,-0.425092,-0.954084,-3.12567,0
1789391450042,0,1789391450017,-0.425121,-0.954019,-3.12553,0
1789391450098,0,1789391450074,-0.425135,-0.953936,-3.12571,0
1789391450158,0,1789391450125,-0.425284,-0.954149,-3.1259,0.000278123
1789391450193,0,1789391450171,-0.425319,-0.954148,-3.1254,0
1789391450257,0,1789391450221,-0.428087,-0.955209,-3.12467,0.00291615
1789391450313,0,1789391450277,-0.428318,-0.955596,-3.12498,0.000460221
1789391450356,0,1789391450332,-0.428403,-0.955551,-3.12564,0
1789391450405,0,1789391450381,-0.428368,-0.955566,-3.12548,0
1789391450461,0,1789391450433,-0.42833,-0.955583,-3.12576,0
1789391450503,0,1789391450477,-0.429402,-0.955294,-3.12613,0.00107638
1789391450552,0,1789391450528,-0.42945,-0.955316,-3.12617,0
1789391450599,0,1789391450575,-0.431359,-0.955037,-3.12539,0.00182292
1789391450662,0,1789391450636,-0.431501,-0.954977,-3.12514,0
1789391450714,0,1789391450687,-0.431486,-0.954967,-3.12539,0
1789391450763,0,1789391450738,-0.43141,-0.954976,-3.1255,0
1789391450800,0,1789391450785,-0.42234,-0.954117,-3.12381,0.00904228
1789391450857,0,1789391450833,-0.422275,-0.954089,-3.1237,0
1789391450907,0,1789391450880,-0.422256,-0.954062,-3.12342,0
1789391450974,0,1789391450939,-0.422499,-0.942872,-3.12355,0.0111547
1789391451013,0,1789391450990,-0.422543,-0.942843,-3.1238,0
1789391451074,0,1789391451049,-0.42246,-0.942829,-3.12432,0
1789391451133,0,1789391451091,-0.4254,-0.948581,-3.12737,0.00649516
1789391451186,0,1789391451145,-0.425487,-0.946786,-3.1279,0.00186223
1789391451215,0,1789391451191,-0.425423,-0.946839,-3.1278,0
1789391451274,0,1789391451248,-0.425442,-0.946883,-3.12765,0
1789391451320,0,1789391451296,-0.425481,-0.946914,-3.12738,0
1789391451383,0,1789391451346,-0.425924,-0.947314,-3.12792,0.000590561
1789391451417,0,1789391451395,-0.425938,-0.947279,-3.12793,0
1789391451486,0,1789391451451,-0.427915,-0.947116,-3.12763,0.00196348
1789391451535,0,1789391451501,-0.427987,-0.948597,-3.12785,0.00147556
1789391451574,0,1789391451547,-0.427964,-0.948595,-3.12852,0
1789391451634,0,1789391451593,-0.429343,-0.949835,-3.12798,0.00193825
1789391451671,0,1789391451648,-0.429249,-0.949809,-3.12769,0
1789391451734,0,1789391451703,-0.428797,-0.952464,-3.12736,0.00275148
1789391451780,0,1789391451756,-0.428829,-0.952412,-3.127,0
1789391451822,0,1789391451800,-0.428853,-0.952368,-3.12734,0
1789391451875,0,1789391451850,-0.428881,-0.952319,-3.12781,0
1789391451933,0,1789391451897,-0.428529,-0.952009,-3.12791,0.000425483
1789391451990,0,1789391451958,-0.427924,-0.952781,-3.12754,0.00114216
1789391452029,0,1789391452005,-0.427921,-0.952735,-3.12752,0
1789391452082,0,1789391452055,-0.427977,-0.957702,-3.12684,0.00498255
1789391452127,0,1789391452100,-0.427985,-0.957699,-3.12681,0
1789391452182,0,1789391452155,-0.428017,-0.957704,-3.12686,0
1789391452231,0,1789391452208,-0.428048,-0.957703,-3.1269,0
1789391452295,0,1789391452270,-0.428086,-0.957687,-3.12692,0
1789391452353,0,1789391452323,-0.430059,-0.94898,-3.12761,0.00891962
1789391452401,0,1789391452373,-0.43014,-0.949111,-3.12779,7.12964e-05
1789391452446,0,1789391452418,-0.428238,-0.952684,-3.12729,0.00401849
1789391452499,0,1789391452468,-0.428278,-0.954379,-3.12689,0.00166477
1789391452556,0,1789391452518,-0.428407,-0.960046,-3.12641,0.00563743
1789391452595,0,1789391452571,-0.428359,-0.959986,-3.12618,0
1789391452657,0,1789391452621,-0.427766,-0.959273,-3.12657,0.000838606
1789391452724,0,1789391452672,-0.430472,-0.962233,-3.12488,0.00396335
1789391452755,0,1789391452718,-0.435057,-0.957504,-3.12521,0.00664741
1789391452809,0,1789391452773,-0.438177,-0.952953,-3.12452,0.00552945
1789391452853,0,1789391452827,-0.438263,-0.952915,-3.12431,0
1789391452932,0,1789391452881,-0.43789,-0.957817,-3.12525,0.00493679
1789391452953,0,1789391452927,-0.437922,-0.957851,-3.12519,0
1789391453008,0,1789391452978,-0.438197,-0.959106,-3.12554,0.00124791
1789391453048,0,1789391453023,-0.438197,-0.959105,-3.12565,0
1789391453117,0,1789391453079,-0.436918,-0.958999,-3.125,0.00128275
1789391453161,0,1789391453137,-0.438186,-0.959764,-3.12491,0.00151925
1789391453210,0,1789391453186,-0.43813,-0.959789,-3.12512,0
1789391453249,0,1789391453232,-0.437458,-0.972234,-3.12619,0.0125838
1789391453308,0,1789391453283,-0.437439,-0.972086,-3.1264,0
1789391453355,0,1789391453331,-0.437444,-0.972032,-3.12613,0
1789391453420,0,1789391453388,-0.43851,-0.971856,-3.12618,0.0010604
1789391453452,0,1789391453434,-0.441373,-0.971383,-3.12584,0.00288039
1789391453509,0,1789391453486,-0.441401,-0.971392,-3.12519,0
1789391453554,0,1789391453530,-0.44144,-0.971382,-3.12552,0
1789391453613,0,1789391453588,-0.444409,-0.969583,-3.12642,0.00337502
1789391453670,0,1789391453637,-0.443008,-0.970142,-3.1277,0.00158641
1789391453697,0,1789391453686,-0.441724,-0.971416,-3.1282,0.00191355
1789391453759,0,1789391453734,-0.441743,-0.971293,-3.12802,0
1789391453810,0,1789391453786,-0.441752,-0.971258,-3.12803,0
1789391453861,0,1789391453837,-0.43825,-0.969241,-3.1277,0.00403273
1789391453918,0,1789391453888,-0.435505,-0.968875,-3.12765,0.00281782
1789391453951,0,1789391453934,-0.439434,-0.970817,-3.12746,0.00431482
1789391454006,0,1789391453985,-0.439432,-0.970897,-3.12731,1.01503e-06
1789391454065,0,1789391454041,-0.439496,-0.971274,-3.12692,0.00030182
1789391454129,0,1789391454101,-0.43558,-0.969158,-3.12731,0.00445901
1789391454178,0,1789391454152,-0.433018,-0.967517,-3.12664,0.00304069
1789391454238,0,1789391454201,-0.432195,-0.969179,-3.12586,0.00181555
1789391454268,0,1789391454246,-0.432119,-0.970176,-3.12546,0.000972891
1789391454324,0,1789391454295,-0.432154,-0.970147,-3.12547,7.17984e-05
1789391454364,0,1789391454342,-0.432261,-0.970122,-3.12558,0
1789391454430,0,1789391454397,-0.43342,-0.969646,-3.12567,0.00112446
1789391454499,0,1789391454452,-0.433465,-0.968474,-3.12527,0.00110122
1789391454529,0,1789391454502,-0.433191,-0.965677,-3.1256,0.00274324
1789391454573,0,1789391454548,-0.433142,-0.965702,-3.12537,0
1789391454639,0,1789391454602,-0.434687,-0.967046,-3.12526,0.00207162
1789391454680,0,1789391454652,-0.434466,-0.968017,-3.12586,0.000997876
1789391454741,0,1789391454707,-0.435625,-0.964109,-3.12499,0.00404581
1789391454797,0,1789391454761,-0.436868,-0.963254,-3.1245,0.00155335
1789391454845,0,1789391454808,-0.437828,-0.964663,-3.12435,0.00165966
1789391454894,0,1789391454855,-0.439004,-0.966363,-3.1241,0.00202772
1789391454943,0,1789391454905,-0.441749,-0.966505,-3.12445,0.00262383
1789391454993,0,1789391454961,-0.44284,-0.964776,-3.12459,0.0019339
1789391455047,0,1789391455023,-0.442802,-0.96478,-3.12461,0
1789391455091,0,1789391455068,-0.44277,-0.964784,-3.12461,0
1789391455147,0,1789391455117,-0.442839,-0.964651,-3.12413,0
1789391455198,0,1789391455164,-0.443176,-0.964752,-3.12429,0.000353924
1789391455241,0,1789391455217,-0.443093,-0.964746,-3.12467,0
1789391455295,0,1789391455273,-0.442963,-0.964777,-3.12517,0
1789391455358,0,1789391455324,-0.443208,-0.965869,-3.12523,0.00113725
1789391455396,0,1789391455369,-0.443246,-0.965834,-3.12491,0
1789391455447,0,1789391455422,-0.443286,-0.965827,-3.12465,0
1789391455496,0,1789391455473,-0.443318,-0.965855,-3.12427,0
1789391455562,0,1789391455528,-0.444839,-0.966847,-3.12446,0.00176367
1789391455595,0,1789391455570,-0.444923,-0.966811,-3.12418,0
1789391455645,0,1789391455618,-0.445654,-0.967287,-3.12416,0.000823038
1789391455688,0,1789391455666,-0.445706,-0.967266,-3.12435,0
1789391455748,0,1789391455722,-0.446437,-0.967663,-3.12409,0.0007919
1789391455796,0,1789391455773,-0.446354,-0.96772,-3.12425,0
1789391455863,0,1789391455831,-0.446122,-0.967887,-3.12439,0.000170887
1789391455908,0,1789391455876,-0.445862,-0.967222,-3.12407,0.000661493
1789391455948,0,1789391455925,-0.444813,-0.966101,-3.12418,0.00144725
1789391455999,0,1789391455976,-0.444785,-0.966107,-3.12423,0
1789391456057,0,1789391456033,-0.444792,-0.966138,-3.12429,0
1789391456114,0,1789391456089,-0.444746,-0.966175,-3.12416,0
1789391456162,0,1789391456140,-0.444647,-0.966215,-3.12367,0
1789391456196,0,1789391456185,-0.438957,-0.975028,-3.12436,0.0104475
1789391456258,0,1789391456234,-0.439034,-0.975062,-3.12379,0
1789391456326,0,1789391456282,-0.440422,-0.972782,-3.12428,0.00265485
1789391456368,0,1789391456342,-0.438957,-0.970494,-3.12439,0.00265374
1789391456427,0,1789391456387,-0.435342,-0.966169,-3.12533,0.00559223
1789391456462,0,1789391456438,-0.435363,-0.966227,-3.12522,0
1789391456522,0,1789391456493,-0.436038,-0.965829,-3.12549,0.000798196
1789391456578,0,1789391456542,-0.435622,-0.965032,-3.1255,0.00091606
1789391456611,0,1789391456590,-0.435572,-0.965059,-3.12588,8.58933e-06
1789391456665,0,1789391456639,-0.436565,-0.965477,-3.12507,0.00105263
1789391456698,0,1789391456685,-0.438342,-0.971352,-3.1259,0.00616684
1789391456760,0,1789391456738,-0.438439,-0.971277,-3.12578,1.15731e-06
1789391456814,0,1789391456791,-0.438554,-0.971188,-3.12511,0
1789391456868,0,1789391456841,-0.438638,-0.97115,-3.12591,0
1789391456909,0,1789391456887,-0.438671,-0.971199,-3.12603,0
1789391456968,0,1789391456941,-0.439235,-0.968881,-3.12594,0.00243378
1789391457020,0,1789391456993,-0.439184,-0.96892,-3.12598,0
1789391457073,0,1789391457048,-0.439129,-0.968962,-3.126,0
1789391457122,0,1789391457097,-0.439073,-0.968906,-3.12603,0
1789391457183,0,1789391457148,-0.437616,-0.965052,-3.126,0.00404459
1789391457228,0,1789391457201,-0.437543,-0.965053,-3.12588,0
1789391457284,0,1789391457252,-0.437469,-0.965069,-3.12599,0
1789391457323,0,1789391457298,-0.437423,-0.965121,-3.12527,0
1789391457380,0,1789391457351,-0.437339,-0.96518,-3.12572,4.04028e-05
1789391457428,0,1789391457394,-0.437294,-0.964823,-3.12559,0.000399624
1789391457473,0,1789391457448,-0.437305,-0.964856,-3.12564,0
1789391457526,0,1789391457501,-0.437534,-0.964352,-3.12588,0.000543565
1789391457578,0,1789391457554,-0.439038,-0.964266,-3.12539,0.00139317
1789391457626,0,1789391457597,-0.439112,-0.964247,-3.12552,0
1789391457676,0,1789391457648,-0.439123,-0.964316,-3.1246,0
1789391457723,0,1789391457698,-0.439133,-0.964383,-3.12491,0
1789391457784,0,1789391457758,-0.438337,-0.966453,-3.1241,0.00233231
1789391457827,0,1789391457802,-0.438367,-0.966352,-3.12359,0
1789391457875,0,1789391457852,-0.438362,-0.966376,-3.12313,0
1789391457928,0,1789391457904,-0.43835,-0.966426,-3.12325,0
1789391457987,0,1789391457963,-0.438354,-0.966377,-3.12289,1.67318e-06
1789391458034,0,1789391458011,-0.438368,-0.966274,-3.12314,0
1789391458106,0,1789391458062,-0.439174,-0.966028,-3.12275,0.000830602
1789391458133,0,1789391458107,-0.439154,-0.966005,-3.12291,0
1789391458183,0,1789391458159,-0.439119,-0.965979,-3.12278,0
1789391458238,0,1789391458206,-0.441566,-0.961345,-3.12493,0.0052478
1789391458289,0,1789391458266,-0.441492,-0.961337,-3.12558,0
1789391458342,0,1789391458318,-0.441411,-0.961436,-3.12587,0
1789391458391,0,1789391458367,-0.441334,-0.961528,-3.12565,0
1789391458450,0,1789391458414,-0.441875,-0.961811,-3.12592,0.000681188
1789391458505,0,1789391458464,-0.451328,-0.965913,-3.12616,0.0103804
1789391458534,0,1789391458510,-0.451448,-0.965915,-3.12649,0
1789391458595,0,1789391458570,-0.451632,-0.965914,-3.12641,0
1789391458641,0,1789391458619,-0.45172,-0.966003,-3.12668,0
1789391458697,0,1789391458669,-0.451784,-0.966135,-3.12654,0
1789391458736,0,1789391458715,-0.45179,-0.966213,-3.12661,0
1789391458799,0,1789391458767,-0.450308,-0.96784,-3.12722,0.002137
1789391458842,0,1789391458819,-0.450277,-0.967894,-3.12713,0
1789391458905,0,1789391458871,-0.450334,-0.96816,-3.12716,0.000215695
1789391458943,0,1789391458917,-0.451419,-0.970848,-3.12674,0.00285532
1789391458989,0,1789391458963,-0.451534,-0.970833,-3.12615,0
1789391459034,0,1789391459011,-0.451656,-0.970817,-3.1259,0
1789391459102,0,1789391459069,-0.451856,-0.971263,-3.12548,0.000538279
1789391459176,0,1789391459127,-0.451924,-0.971606,-3.1254,0.000439751
1789391459207,0,1789391459177,-0.451422,-0.972611,-3.12556,0.00112584
1789391459246,0,1789391459222,-0.451405,-0.97262,-3.12553,0
1789391459295,0,1789391459272,-0.451422,-0.972629,-3.12539,0
1789391459349,0,1789391459321,-0.45113,-0.972538,-3.12531,0.000340832
1789391459409,0,1789391459382,-0.447865,-0.971408,-3.12547,0.00341705
1789391459458,0,1789391459433,-0.449756,-0.972793,-3.12582,0.00248873
1789391459512,0,1789391459484,-0.446893,-0.97498,-3.1259,0.00361022
1789391459552,0,1789391459530,-0.446974,-0.975034,-3.12536,1.73264e-06
1789391459603,0,1789391459579,-0.447057,-0.975072,-3.12501,0
1789391459671,0,1789391459626,-0.449805,-0.973464,-3.125,0.00310171
1789391459715,0,1789391459688,-0.448928,-0.974861,-3.12544,0.00175497
1789391459763,0,1789391459740,-0.448983,-0.974916,-3.12556,0
1789391459821,0,1789391459792,-0.449037,-0.974974,-3.12563,0
1789391459870,0,1789391459846,-0.449367,-0.976751,-3.12552,0.00176377
1789391459922,0,1789391459898,-0.450134,-0.97843,-3.12491,0.00180956
1789391459964,0,1789391459941,-0.45006,-0.978484,-3.12467,0
1789391460019,0,1789391459991,-0.453137,-0.978053,-3.12524,0.00323193
1789391460068,0,1789391460038,-0.452427,-0.975237,-3.1255,0.00295253
1789391460133,0,1789391460091,-0.450552,-0.973818,-3.1252,0.002379
1789391460191,0,1789391460147,-0.451012,-0.974504,-3.12518,0.000787388
1789391460238,0,1789391460206,-0.451184,-0.975729,-3.12505,0.00120473
1789391460281,0,1789391460250,-0.451212,-0.97578,-3.12505,4.74849e-05
1789391460332,0,1789391460300,-0.451392,-0.975867,-3.12513,0.000183517
1789391460376,0,1789391460348,-0.452394,-0.97584,-3.12527,0.000980834
1789391460443,0,1789391460404,-0.451128,-0.973972,-3.12517,0.00220025
1789391460477,0,1789391460454,-0.451097,-0.973926,-3.12516,0
1789391460538,0,1789391460502,-0.451833,-0.97369,-3.12569,0.000672272
1789391460591,0,1789391460548,-0.45068,-0.971604,-3.12537,0.00242849
1789391460630,0,1789391460603,-0.449843,-0.969933,-3.12526,0.00192239
1789391460698,0,1789391460656,-0.45145,-0.974837,-3.12524,0.00510309
1789391460734,0,1789391460708,-0.451216,-0.976395,-3.12524,0.001561
1789391460784,0,1789391460753,-0.455336,-0.972324,-3.12613,0.00576999
1789391460841,0,1789391460806,-0.453782,-0.974391,-3.12622,0.00260794
1789391460892,0,1789391460860,-0.453739,-0.975309,-3.12579,0.000898176
1789391460944,0,1789391460913,-0.454048,-0.975026,-3.12556,0.000387582
1789391460991,0,1789391460967,-0.454103,-0.974944,-3.12615,2.98023e-07
1789391461037,0,1789391461014,-0.454151,-0.974874,-3.12646,0
1789391461092,0,1789391461061,-0.454716,-0.973858,-3.12589,0.00119165
1789391461133,0,1789391461113,-0.454468,-0.972033,-3.12615,0.00186382
1789391461188,0,1789391461165,-0.45436,-0.972054,-3.12641,0
1789391461255,0,1789391461220,-0.453975,-0.971601,-3.12616,0.000537152
1789391461293,0,1789391461269,-0.453965,-0.971647,-3.12606,6.664e-08
1789391461357,0,1789391461323,-0.454034,-0.971778,-3.12608,7.16673e-05
1789391461389,0,1789391461366,-0.454038,-0.971779,-3.12658,5.05762e-07
1789391461450,0,1789391461423,-0.454898,-0.971572,-3.12641,0.000898995
1789391461510,0,1789391461480,-0.455806,-0.971092,-3.12606,0.00104655
1789391461557,0,1789391461530,-0.454156,-0.975408,-3.12651,0.00455598
1789391461600,0,1789391461576,-0.45413,-0.97546,-3.1263,0
1789391461664,0,1789391461628,-0.45483,-0.975119,-3.12576,0.000799447
1789391461705,0,1789391461680,-0.454193,-0.974272,-3.12572,0.00112315
1789391461757,0,1789391461729,-0.454796,-0.974702,-3.12578,0.000685923
1789391461811,0,1789391461776,-0.454896,-0.974478,-3.12648,0.000283461
1789391461857,0,1789391461827,-0.45488,-0.974517,-3.12701,9.41588e-06
1789391461908,0,1789391461883,-0.45485,-0.974569,-3.12733,0
1789391461964,0,1789391461933,-0.4574,-0.981986,-3.12765,0.00780992
1789391462009,0,1789391461979,-0.457454,-0.981997,-3.12729,0
1789391462067,0,1789391462036,-0.457035,-0.982492,-3.12764,0.000644853
1789391462100,0,1789391462085,-0.43991,-0.980672,-3.12625,0.0171989
1789391462164,0,1789391462137,-0.442474,-0.980268,-3.12568,0.00262701
1789391462218,0,1789391462182,-0.443987,-0.979917,-3.12592,0.00157372
1789391462260,0,1789391462233,-0.442956,-0.978959,-3.12538,0.00138712
1789391462313,0,1789391462289,-0.442978,-0.978939,-3.1247,0
1789391462382,0,1789391462345,-0.452088,-0.975956,-3.12496,0.00955852
1789391462422,0,1789391462396,-0.450024,-0.975942,-3.12488,0.00210527
1789391462475,0,1789391462442,-0.449728,-0.974499,-3.12486,0.00143838
1789391462526,0,1789391462490,-0.450577,-0.972901,-3.12566,0.00179623
1789391462571,0,1789391462547,-0.450553,-0.972879,-3.1257,0
1789391462638,0,1789391462596,-0.450551,-0.974375,-3.1258,0.0015073
1789391462686,0,1789391462657,-0.451952,-0.974504,-3.12571,0.0013576
1789391462725,0,1789391462700,-0.451951,-0.974486,-3.12593,0
1789391462775,0,1789391462752,-0.45192,-0.974452,-3.12635,0
1789391462829,0,1789391462804,-0.451862,-0.974414,-3.12748,0
1789391462883,0,1789391462861,-0.451736,-0.974363,-3.12751,0
1789391462933,0,1789391462909,-0.451652,-0.974337,-3.12788,0
1789391462999,0,1789391462960,-0.451783,-0.972263,-3.12975,0.00212819
1789391463034,0,1789391463005,-0.451843,-0.971516,-3.12954,0.000793845
1789391463090,0,1789391463059,-0.45127,-0.970919,-3.13007,0.000809364
1789391463146,0,1789391463112,-0.453621,-0.96782,-3.1296,0.00395818
1789391463193,0,1789391463163,-0.454179,-0.966923,-3.12974,0.00098523
1789391463246,0,1789391463208,-0.45415,-0.966855,-3.13012,0.000106612
1789391463285,0,1789391463260,-0.45422,-0.966854,-3.12999,0
1789391463329,0,1789391463306,-0.454274,-0.966876,-3.12985,0
1789391463394,0,1789391463371,-0.454296,-0.966783,-3.13007,0
1789391463441,0,1789391463419,-0.454248,-0.966575,-3.13029,0
1789391463502,0,1789391463471,-0.453215,-0.967285,-3.12983,0.00131545
1789391463551,0,1789391463515,-0.452944,-0.967131,-3.13009,0.00023528
1789391463594,0,1789391463568,-0.452873,-0.967065,-3.13009,0
1789391463656,0,1789391463623,-0.451163,-0.965729,-3.12951,0.00207455
1789391463706,0,1789391463684,-0.451099,-0.965639,-3.13006,0
1789391463762,0,1789391463738,-0.451035,-0.965619,-3.13033,1.02764e-06
1789391463825,0,1789391463788,-0.450895,-0.965489,-3.13045,0.00014169
1789391463852,0,1789391463833,-0.439877,-0.965054,-3.12875,0.0110262
1789391463918,0,1789391463885,-0.436571,-0.967832,-3.12812,0.00430256
1789391463942,0,1789391463930,-0.438981,-0.972569,-3.12722,0.005388
1789391464008,0,1789391463983,-0.439454,-0.972478,-3.1266,0.00043399
1789391464059,0,1789391464035,-0.439423,-0.972413,-3.12672,0
1789391464114,0,1789391464089,-0.439309,-0.972446,-3.12665,0
1789391464170,0,1789391464138,-0.438365,-0.971653,-3.12654,0.00116614
1789391464237,0,1789391464190,-0.440206,-0.971027,-3.12696,0.00193155
1789391464324,0,1789391464291,-0.444304,-0.971605,-3.12607,0.00329635
1789391464372,0,1789391464342,-0.443882,-0.971794,-3.12613,0.000511165
1789391464428,0,1789391464402,-0.443924,-0.971822,-3.12614,0
1789391464471,0,1789391464447,-0.443951,-0.971839,-3.12578,0
1789391464519,0,1789391464494,-0.443725,-0.971321,-3.12588,0.00058372
1789391464574,0,1789391464541,-0.443492,-0.971355,-3.12585,0.000240665
1789391464620,0,1789391464594,-0.443473,-0.971303,-3.12592,0
1789391464675,0,1789391464648,-0.443439,-0.971209,-3.12559,0
1789391464722,0,1789391464700,-0.443453,-0.971158,-3.12577,1.09946e-06
1789391464804,0,1789391464756,-0.441911,-0.970948,-3.12685,0.00162287
1789391464831,0,1789391464808,-0.441953,-0.970957,-3.12745,0
1789391464887,0,1789391464852,-0.441253,-0.97064,-3.12651,0.000783234
1789391464934,0,1789391464908,-0.441607,-0.969516,-3.12615,0.00122516
1789391464984,0,1789391464948,-0.438959,-0.970946,-3.12719,0.00295661
1789391465030,0,1789391465000,-0.437318,-0.967011,-3.12735,0.00423319
1789391465079,0,1789391465053,-0.436904,-0.966173,-3.12667,0.000954395
1789391465130,0,1789391465104,-0.437398,-0.967154,-3.12646,0.00108027
1789391465183,0,1789391465157,-0.439336,-0.968211,-3.1257,0.00225255
1789391465229,0,1789391465206,-0.43927,-0.968203,-3.12559,5.96046e-08
1789391465282,0,1789391465253,-0.439742,-0.968751,-3.12543,0.000750313
1789391465331,0,1789391465305,-0.439722,-0.96874,-3.12585,0
1789391465378,0,1789391465354,-0.439717,-0.968738,-3.12623,0
1789391465456,0,1789391465411,-0.438241,-0.965311,-3.1262,0.0037432
1789391465478,0,1789391465456,-0.438252,-0.965281,-3.12627,2.40274e-07
1789391465532,0,1789391465505,-0.439438,-0.966951,-3.12552,0.00211425
1789391465576,0,1789391465555,-0.439459,-0.966884,-3.12616,6.0785e-07
1789391465633,0,1789391465610,-0.439476,-0.966974,-3.12617,0
1789391465697,0,1789391465658,-0.436353,-0.964411,-3.12631,0.00409944
1789391465740,0,1789391465709,-0.435946,-0.964321,-3.12663,0.000467495
1789391465793,0,1789391465756,-0.437861,-0.964698,-3.12575,0.00190684
1789391465837,0,1789391465814,-0.437894,-0.964705,-3.12585,0
1789391465894,0,1789391465861,-0.437915,-0.964788,-3.12615,6.34885e-05
1789391465949,0,1789391465917,-0.437922,-0.964955,-3.12596,0.000160773
1789391465992,0,1789391465962,-0.438764,-0.966839,-3.12529,0.00208204
1789391466045,0,1789391466014,-0.440044,-0.967931,-3.12539,0.00168283
1789391466093,0,1789391466068,-0.440061,-0.967981,-3.12589,0
1789391466144,0,1789391466120,-0.440094,-0.967984,-3.12561,0
1789391466204,0,1789391466163,-0.437716,-0.966674,-3.12621,0.00272856
1789391466238,0,1789391466214,-0.43777,-0.966613,-3.12593,0
1789391466287,0,1789391466262,-0.438045,-0.964873,-3.12618,0.00183492
1789391466356,0,1789391466323,-0.438936,-0.966384,-3.12558,0.0016725
1789391466398,0,1789391466374,-0.438873,-0.966411,-3.12532,0
1789391466449,0,1789391466426,-0.43881,-0.966441,-3.1246,1.45544e-06
1789391466495,0,1789391466470,-0.438861,-0.966491,-3.12418,0
1789391466566,0,1789391466532,-0.441895,-0.964361,-3.12444,0.00368704
1789391466600,0,1789391466577,-0.441897,-0.964316,-3.12446,0
1789391466651,0,1789391466626,-0.441881,-0.964233,-3.12455,0
1789391466699,0,1789391466672,-0.441906,-0.964163,-3.12433,0
1789391466754,0,1789391466728,-0.441975,-0.964081,-3.12437,0
1789391466809,0,1789391466777,-0.44375,-0.965125,-3.12428,0.00207304
1789391466852,0,1789391466827,-0.443718,-0.96505,-3.12439,0
1789391466897,0,1789391466874,-0.443694,-0.964989,-3.12447,0
1789391466950,0,1789391466926,-0.443693,-0.964962,-3.12447,0
1789391467010,0,1789391466980,-0.443836,-0.96507,-3.12446,0.000197683
1789391467057,0,1789391467033,-0.443733,-0.965079,-3.12416,0
1789391467099,0,1789391467076,-0.443647,-0.965088,-3.1245,0
1789391467160,0,1789391467129,-0.443625,-0.965073,-3.12483,0
1789391467215,0,1789391467181,-0.445264,-0.970544,-3.12388,0.00573032
1789391467268,0,1789391467243,-0.44587,-0.968717,-3.12408,0.00194075
1789391467313,0,1789391467286,-0.445091,-0.969698,-3.12475,0.00121546
1789391467352,0,1789391467334,-0.43875,-0.976712,-3.12496,0.00944435
1789391467413,0,1789391467382,-0.441185,-0.974063,-3.1261,0.00358103
1789391467463,0,1789391467438,-0.4412,-0.97404,-3.1262,0
1789391467513,0,1789391467486,-0.441222,-0.974013,-3.12565,0
1789391467562,0,1789391467538,-0.441253,-0.973999,-3.12621,0
1789391467596,0,1789391467582,-0.440507,-0.974268,-3.12546,0.000829058
1789391467672,0,1789391467639,-0.44598,-0.967873,-3.12415,0.00842528
1789391467715,0,1789391467692,-0.445975,-0.967842,-3.12393,0
1789391467778,0,1789391467753,-0.445965,-0.967802,-3.12396,0
1789391467818,0,1789391467795,-0.44593,-0.967863,-3.124,0
1789391467874,0,1789391467849,-0.445885,-0.967941,-3.12385,0
1789391467924,0,1789391467899,-0.445909,-0.968074,-3.12364,0
1789391467978,0,1789391467951,-0.448403,-0.967917,-3.12465,0.00245986
1789391468023,0,1789391467996,-0.44729,-0.969755,-3.12444,0.00213858
1789391468083,0,1789391468048,-0.440376,-0.96677,-3.12555,0.00760289
1789391468121,0,1789391468099,-0.440397,-0.966753,-3.12509,1.78814e-07
1789391468175,0,1789391468153,-0.440962,-0.966755,-3.1251,0.000681465
1789391468219,0,1789391468195,-0.440884,-0.966735,-3.12502,0
1789391468279,0,1789391468251,-0.440844,-0.966643,-3.12486,0
1789391468329,0,1789391468302,-0.440807,-0.966561,-3.12484,0
1789391468381,0,1789391468359,-0.44088,-0.966587,-3.12444,0
1789391468436,0,1789391468411,-0.445202,-0.965977,-3.1237,0.00429368
1789391468479,0,1789391468457,-0.445227,-0.965922,-3.1239,0
1789391468537,0,1789391468513,-0.445254,-0.965846,-3.12382,0
1789391468590,0,1789391468567,-0.445259,-0.965805,-3.12384,0
1789391468644,0,1789391468621,-0.445253,-0.965782,-3.12418,0
1789391468692,0,1789391468668,-0.445246,-0.965804,-3.12456,0
1789391468744,0,1789391468715,-0.445237,-0.96586,-3.12379,0
1789391468795,0,1789391468768,-0.444787,-0.967991,-3.12356,0.00211659
1789391468844,0,1789391468821,-0.44481,-0.96805,-3.12325,0
1789391468906,0,1789391468874,-0.444913,-0.968279,-3.12363,0.000196605
1789391468942,0,1789391468918,-0.444938,-0.968274,-3.12366,0
1789391468997,0,1789391468970,-0.444967,-0.968269,-3.12371,0
1789391469050,0,1789391469023,-0.444954,-0.968223,-3.12382,0
1789391469102,0,1789391469079,-0.444938,-0.968173,-3.1239,0
1789391469151,0,1789391469127,-0.444951,-0.96812,-3.12385,0
1789391469203,0,1789391469178,-0.444969,-0.968061,-3.12379,0
1789391469259,0,1789391469223,-0.445029,-0.968186,-3.12356,0.000156444
1789391469297,0,1789391469273,-0.444986,-0.968195,-3.12375,0
1789391469362,0,1789391469328,-0.444936,-0.968166,-3.12388,0
1789391469407,0,1789391469381,-0.444887,-0.968094,-3.12343,0
1789391469448,0,1789391469424,-0.444856,-0.968081,-3.1231,0
1789391469501,0,1789391469478,-0.444772,-0.968641,-3.12351,0.000489021
1789391469562,0,1789391469530,-0.44493,-0.968646,-3.12343,0.000174323
1789391469615,0,1789391469583,-0.445226,-0.968569,-3.12359,0.000247702
1789391469655,0,1789391469630,-0.445283,-0.968582,-3.12393,0
1789391469703,0,1789391469678,-0.445312,-0.968549,-3.12393,0
1789391469754,0,1789391469730,-0.444993,-0.968306,-3.12435,0.000407306
1789391469831,0,1789391469791,-0.446475,-0.969321,-3.1239,0.00184646
1789391469864,0,1789391469841,-0.446432,-0.969277,-3.1244,0
1789391469915,0,1789391469891,-0.44638,-0.969256,-3.12412,0
1789391469946,0,1789391469935,-0.438041,-0.975498,-3.1249,0.0103815
1789391470013,0,1789391469985,-0.435759,-0.968984,-3.12691,0.00693632
1789391470056,0,1789391470034,-0.435706,-0.969097,-3.12742,0
1789391470115,0,1789391470093,-0.435686,-0.969201,-3.12701,0
1789391470155,0,1789391470138,-0.436715,-0.971574,-3.12643,0.00254828
1789391470215,0,1789391470190,-0.436941,-0.972831,-3.12572,0.00125257
1789391470281,0,1789391470236,-0.437177,-0.972321,-3.12645,0.000561867
1789391470330,0,1789391470295,-0.437263,-0.972318,-3.12687,4.91544e-05
1789391470372,0,1789391470340,-0.438033,-0.97255,-3.12716,0.000715278
1789391470421,0,1789391470391,-0.438136,-0.972558,-3.12785,0
1789391470483,0,1789391470445,-0.434372,-0.971601,-3.12732,0.00385479
1789391470521,0,1789391470497,-0.434297,-0.971638,-3.12742,0
1789391470591,0,1789391470549,-0.434391,-0.971833,-3.1271,0.000166285
1789391470640,0,1789391470600,-0.437226,-0.97253,-3.12573,0.00284722
1789391470673,0,1789391470645,-0.437266,-0.972548,-3.12735,0
1789391470730,0,1789391470701,-0.43842,-0.971828,-3.13401,0.0013263
1789391470780,0,1789391470751,-0.437298,-0.97536,3.14022,0.00371504
1789391470826,0,1789391470799,-0.438166,-0.973286,3.1291,0.00225003
1789391470873,0,1789391470848,-0.438162,-0.973276,3.11684,0
1789391470937,0,1789391470901,-0.444454,-0.963754,3.1038,0.0113562
1789391470979,0,1789391470954,-0.44451,-0.963719,3.09061,5.96046e-08
1789391471043,0,1789391471017,-0.439466,-0.962793,3.07381,0.00512998
1789391471084,0,1789391471059,-0.4408,-0.965842,3.06418,0.00336333
1789391471137,0,1789391471108,-0.441706,-0.965145,3.05273,0.00110821
1789391471182,0,1789391471155,-0.441743,-0.965141,3.04112,0
1789391471239,0,1789391471207,-0.444798,-0.971912,3.02918,0.00741535
1789391471278,0,1789391471255,-0.44477,-0.971935,3.01643,0
1789391471352,0,1789391471311,-0.451899,-0.971498,3.00337,0.007159
1789391471392,0,1789391471365,-0.451917,-0.971562,2.98964,0
1789391471446,0,1789391471417,-0.443309,-0.976848,2.9767,0.0100846
1789391471485,0,1789391471462,-0.443339,-0.976909,2.9653,0
1789391471544,0,1789391471516,-0.4412,-0.975402,2.95193,0.00268609
1789391471600,0,1789391471567,-0.451019,-0.983965,2.94086,0.0129893
1789391471650,0,1789391471618,-0.449136,-0.980612,2.92717,0.00387216
1789391471702,0,1789391471671,-0.441212,-0.976634,2.91185,0.00884215
1789391471749,0,1789391471723,-0.439348,-0.985139,2.90519,0.00871857
1789391471793,0,1789391471768,-0.437056,-0.982918,2.90643,0.00323012
1789391471853,0,1789391471819,-0.438839,-0.982369,2.90446,0.00188343
1789391471902,0,1789391471868,-0.439114,-0.981601,2.90121,0.000820275
1789391471961,0,1789391471928,-0.443673,-0.976934,2.90208,0.00650023
1789391472007,0,1789391471980,-0.444749,-0.980881,2.90082,0.00410675
1789391472068,0,1789391472029,-0.441316,-0.976794,2.90174,0.00534718
1789391472099,0,1789391472076,-0.441359,-0.97677,2.90502,0
1789391472160,0,1789391472125,-0.444918,-0.972502,2.91289,0.00555238
1789391472202,0,1789391472174,-0.445053,-0.969637,2.92394,0.00286894
1789391472250,0,1789391472225,-0.44494,-0.969621,2.93942,0
1789391472343,0,1789391472281,-0.443454,-0.962605,2.96251,0.007136
1789391472364,0,1789391472331,-0.457299,-0.9633,2.97973,0.0138069
1789391472393,0,1789391472377,-0.438428,-0.970384,3.0054,0.0201861
1789391472464,0,1789391472429,-0.444096,-0.99148,3.03672,0.0218379
1789391472513,0,1789391472477,-0.446594,-0.994852,3.06689,0.00420496
1789391472572,0,1789391472539,-0.439215,-0.985476,3.10737,0.0119164
1789391472599,0,1789391472583,-0.435132,-0.991578,3.13463,0.00731556
1789391472656,0,1789391472634,-0.435774,-0.993205,-3.11695,0.0017517
1789391472709,0,1789391472679,-0.436792,-1.01056,-3.07891,0.0175293
1789391472749,0,1789391472740,-0.436748,-1.01055,-3.03779,0
1789391472821,0,1789391472792,-0.428484,-1.00172,-3.01634,0.0120815
1789391472876,0,1789391472844,-0.428543,-1.00173,-2.98184,8.08043e-05
1789391472911,0,1789391472888,-0.428558,-1.00178,-2.9547,0
1789391472984,0,1789391472941,-0.439113,-1.01066,-2.89537,0.013758
1789391473039,0,1789391472996,-0.387465,-1.00424,-2.88463,0.0520341
1789391473056,0,1789391473049,-0.387472,-1.0042,-2.85111,0
1789391473125,0,1789391473093,-0.398765,-0.996925,-2.8246,0.0134396
1789391473174,0,1789391473141,-0.414264,-0.988552,-2.80002,0.017622
1789391473233,0,1789391473192,-0.429198,-0.96861,-2.76047,0.0249425
1789391473272,0,1789391473248,-0.434437,-0.987432,-2.7492,0.019544
1789391473331,0,1789391473296,-0.440861,-0.987762,-2.72393,0.00643013
1789391473380,0,1789391473345,-0.440747,-0.987953,-2.69318,0.000242948
1789391473413,0,1789391473390,-0.440766,-0.987948,-2.66506,0
1789391473481,0,1789391473448,-0.437197,-0.977442,-2.6293,0.0110628
1789391473561,0,1789391473502,-0.48415,-1.00406,-2.56918,0.0573663
1789391473617,0,1789391473563,-0.425171,-1.01195,-2.55119,0.062293
1789391473650,0,1789391473605,-0.425173,-1.0002,-2.531,0.0117566
1789391473696,0,1789391473658,-0.421167,-0.994859,-2.49907,0.00669593
1789391473727,0,1789391473703,-0.421153,-0.994891,-2.47034,0
1789391473796,0,1789391473756,-0.463038,-0.988822,-2.40755,0.0423562
1789391473845,0,1789391473815,-0.430218,-1.01112,-2.39503,0.0396844
1789391473909,0,1789391473872,-0.43105,-0.991762,-2.36995,0.0193759
1789391473955,0,1789391473919,-0.425025,-0.983405,-2.34626,0.0103453
1789391473990,0,1789391473968,-0.425036,-0.983433,-2.31534,0
1789391474059,0,1789391474015,-0.385518,-1.00687,-2.1916,0.0459416
1789391474101,0,1789391474067,-0.334051,-1.01444,-2.19981,0.134966
1789391474132,0,1789391474122,-0.279659,-1.02246,-2.16503,0
1789391474182,0,1789391474174,-0.251948,-1.02655,-2.13098,0
1789391474227,0,1789391474219,-0.251858,-1.02654,-2.10239,0
1789391474279,0,1789391474272,-0.251779,-1.02656,-2.06781,0
1789391474332,0,1789391474324,-0.251749,-1.02662,-2.03294,0
1789391474386,0,1789391474375,-0.251732,-1.02667,-1.99799,0
1789391474427,0,1789391474420,-0.251749,-1.02661,-1.96787,0
1789391474478,0,1789391474471,-0.251955,-1.02657,-1.93657,0
1789391474526,0,1789391474519,-0.251921,-1.02656,-1.90624,0
1789391474585,0,1789391474578,-0.251875,-1.02657,-1.86945,0
1789391474634,0,1789391474624,-0.251836,-1.02656,-1.84069,0
1789391474686,0,1789391474677,-0.251815,-1.02655,-1.80815,0
1789391474728,0,1789391474721,-0.251807,-1.02653,-1.78429,0
1789391474788,0,1789391474780,-0.251824,-1.02651,-1.75376,0
1789391474838,0,1789391474831,-0.251834,-1.02649,-1.73047,0
1789391474889,0,1789391474881,-0.251795,-1.02648,-1.70845,0
1789391474934,0,1789391474925,-0.251768,-1.02646,-1.68801,0
1789391474990,0,1789391474980,-0.251818,-1.02648,-1.66339,0
1789391475046,0,1789391475037,-0.25186,-1.02651,-1.63834,0
1789391475098,0,1789391475089,-0.251812,-1.02647,-1.61501,0
1789391475139,0,1789391475132,-0.251755,-1.02643,-1.59569,0
1789391475191,0,1789391475183,-0.251713,-1.0264,-1.57304,0
1789391475237,0,1789391475229,-0.25169,-1.0264,-1.55213,0
1789391475297,0,1789391475286,-0.251698,-1.0264,-1.52615,0
1789391475343,0,1789391475335,-0.251738,-1.02641,-1.50506,0
1789391475394,0,1789391475386,-0.251786,-1.02641,-1.48543,0
1789391475441,0,1789391475433,-0.251812,-1.02642,-1.47609,0
1789391475498,0,1789391475490,-0.251846,-1.02643,-1.47257,0
1789391475542,0,1789391475536,-0.251837,-1.02643,-1.47207,0
1789391475593,0,1789391475585,-0.251828,-1.02644,-1.47188,0
1789391475639,0,1789391475631,-0.251829,-1.0265,-1.472,0
1789391475699,0,1789391475688,-0.251831,-1.02659,-1.47172,0
1789391475744,0,1789391475738,-0.251827,-1.02664,-1.47121,0
1789391475796,0,1789391475787,-0.251823,-1.02668,-1.47115,0
1789391475847,0,1789391475837,-0.251879,-1.02669,-1.4706,0
1789391475896,0,1789391475889,-0.251956,-1.02669,-1.47036,0
1789391475949,0,1789391475941,-0.251814,-1.02667,-1.46962,0
1789391475993,0,1789391475986,-0.251272,-1.02663,-1.46854,0
1789391476044,0,1789391476037,-0.250446,-1.0266,-1.46818,0
1789391476106,0,1789391476097,-0.248573,-1.02661,-1.46331,0
1789391476157,0,1789391476149,-0.246424,-1.02651,-1.45627,0
1789391476210,0,1789391476199,-0.242988,-1.02607,-1.44753,0
1789391476254,0,1789391476246,-0.239607,-1.02561,-1.43798,0
1789391476307,0,1789391476297,-0.234897,-1.02471,-1.42521,0
1789391476362,0,1789391476352,-0.229852,-1.02371,-1.41357,0
1789391476407,0,1789391476398,-0.224355,-1.02276,-1.4001,0
1789391476457,0,1789391476447,-0.218173,-1.0216,-1.38425,0
1789391476512,0,1789391476501,-0.211253,-1.02012,-1.36406,0
1789391476559,0,1789391476552,-0.204042,-1.0184,-1.34337,0
1789391476613,0,1789391476605,-0.196383,-1.01634,-1.31969,0
1789391476655,0,1789391476648,-0.189609,-1.01437,-1.3007,0
1789391476707,0,1789391476699,-0.181594,-1.01193,-1.27901,0
1789391476768,0,1789391476760,-0.171633,-1.00879,-1.25288,0
1789391476819,0,1789391476810,-0.163231,-1.00592,-1.23268,0
1789391476867,0,1789391476856,-0.154578,-1.00266,-1.21276,0
1789391476916,0,1789391476906,-0.14479,-0.998733,-1.19218,0
1789391476959,0,1789391476952,-0.13458,-0.994569,-1.17363,0
1789391477014,0,1789391477007,-0.122135,-0.989171,-1.151,0
1789391477068,0,1789391477061,-0.109295,-0.983067,-1.13047,0
1789391477122,0,1789391477114,-0.0943907,-0.975522,-1.11045,0
1789391477167,0,1789391477158,-0.0812672,-0.968855,-1.09395,0
1789391477216,0,1789391477209,-0.0648258,-0.960215,-1.07669,0
1789391477265,0,1789391477256,-0.0503125,-0.952161,-1.06115,0
1789391477321,0,1789391477315,-0.0309446,-0.940744,-1.04213,0
1789391477370,0,1789391477363,-0.0155275,-0.931198,-1.02712,0
1789391477425,0,1789391477418,0.00205526,-0.919635,-1.01145,0
1789391477471,0,1789391477465,0.0153943,-0.910817,-1.00263,0
1789391477525,0,1789391477517,0.028813,-0.902373,-0.997718,0
1789391477607,0,1789391477562,0.0849566,-0.89086,-0.962075,0.0451315
1789391477624,0,1789391477615,0.0979174,-0.881715,-0.960785,0
1789391477674,0,1789391477667,0.112175,-0.871621,-0.96595,0
1789391477730,0,1789391477720,0.125101,-0.862468,-0.976523,0
1789391477773,0,1789391477763,0.135242,-0.855485,-0.986322,0
1789391477823,0,1789391477813,0.146203,-0.848184,-0.998552,0
1789391477868,0,1789391477861,0.156801,-0.841365,-1.0075,0
1789391477935,0,1789391477928,0.171642,-0.832076,-1.01851,0
1789391477984,0,1789391477978,0.181822,-0.825888,-1.02318,0
1789391478045,0,1789391478037,0.192548,-0.819449,-1.02981,0
1789391478088,0,1789391478081,0.200413,-0.814752,-1.03305,0
1789391478137,0,1789391478131,0.20952,-0.809343,-1.03515,0
1789391478184,0,1789391478176,0.216405,-0.805168,-1.03174,0
1789391478247,0,1789391478235,0.223749,-0.800662,-1.02315,0
1789391478300,0,1789391478293,0.229833,-0.796852,-1.01524,0
1789391478361,0,1789391478353,0.236021,-0.792921,-1.01091,0
1789391478408,0,1789391478401,0.240727,-0.789903,-1.01091,0
1789391478459,0,1789391478452,0.245737,-0.786709,-1.01283,0
1789391478504,0,1789391478497,0.249781,-0.784154,-1.01346,0
1789391478557,0,1789391478549,0.254316,-0.781318,-1.01488,0
1789391478609,0,1789391478603,0.258961,-0.778462,-1.01746,0
1789391478667,0,1789391478658,0.264045,-0.775412,-1.02027,0
1789391478708,0,1789391478699,0.268212,-0.772888,-1.02298,0
1789391478755,0,1789391478748,0.273276,-0.769762,-1.02354,0
1789391478805,0,1789391478797,0.278092,-0.76675,-1.01999,0
1789391478865,0,1789391478857,0.286231,-0.761633,-1.01524,0
1789391478911,0,1789391478905,0.292578,-0.757599,-1.0102,0
1789391478973,0,1789391478964,0.300653,-0.752496,-1.00258,0
1789391479015,0,1789391479008,0.307142,-0.748329,-0.995194,0
1789391479070,0,1789391479059,0.31595,-0.742582,-0.984315,0
1789391479113,0,1789391479106,0.324023,-0.737174,-0.972392,0
1789391479164,0,1789391479157,0.333078,-0.730851,-0.958096,0
1789391479213,0,1789391479206,0.342638,-0.723909,-0.94313,0
1789391479275,0,1789391479267,0.354356,-0.715101,-0.92515,0
1789391479326,0,1789391479319,0.365752,-0.706225,-0.908687,0
1789391479377,0,1789391479371,0.376814,-0.697354,-0.890964,0
1789391479421,0,1789391479415,0.387275,-0.688696,-0.873148,0
1789391479476,0,1789391479465,0.398808,-0.67867,-0.851239,0
1789391479521,0,1789391479515,0.41065,-0.667424,-0.826881,0
1789391479583,0,1789391479576,0.424752,-0.653234,-0.797668,0
1789391479628,0,1789391479621,0.435557,-0.642421,-0.775173,0
1789391479679,0,1789391479671,0.447317,-0.630069,-0.75085,0
1789391479722,0,1789391479716,0.457911,-0.618674,-0.728193,0
1789391479780,0,1789391479769,0.469725,-0.605318,-0.702136,0
1789391479831,0,1789391479823,0.481406,-0.591184,-0.675566,0
1789391479881,0,1789391479874,0.492262,-0.577028,-0.650956,0
1789391479926,0,1789391479919,0.5013,-0.564757,-0.629238,0
1789391479979,0,1789391479972,0.511794,-0.549686,-0.604585,0
1789391480033,0,1789391480024,0.521682,-0.534628,-0.579945,0
1789391480088,0,1789391480077,0.531323,-0.51862,-0.555719,0
1789391480127,0,1789391480120,0.538796,-0.505302,-0.533256,0
1789391480179,0,1789391480172,0.547603,-0.488538,-0.506875,0
1789391480232,0,1789391480224,0.556211,-0.471232,-0.481267,0
1789391480291,0,1789391480284,0.565934,-0.451021,-0.452094,0
1789391480337,0,1789391480329,0.572854,-0.435723,-0.430432,0
1789391480391,0,1789391480381,0.581403,-0.416586,-0.407173,0
1789391480439,0,1789391480434,0.590285,-0.395421,-0.382322,0
1789391480494,0,1789391480486,0.598124,-0.374558,-0.35822,0
1789391480545,0,1789391480538,0.605727,-0.352003,-0.333764,0
1789391480597,0,1789391480589,0.612812,-0.329575,-0.309632,0
1789391480643,0,1789391480634,0.619257,-0.307634,-0.289471,0
1789391480692,0,1789391480685,0.625987,-0.282743,-0.266548,0
1789391480746,0,1789391480739,0.632936,-0.253784,-0.239498,0
1789391480799,0,1789391480791,0.638987,-0.225903,-0.215119,0
1789391480844,0,1789391480835,0.644196,-0.200983,-0.196611,0
1789391480894,0,1789391480885,0.649467,-0.172701,-0.177534,0
1789391480940,0,1789391480933,0.654282,-0.144037,-0.164019,0
1789391481007,0,1789391480998,0.660114,-0.106157,-0.150961,0
1789391481068,0,1789391481058,0.664495,-0.0726108,-0.145707,0
1789391481119,0,1789391481112,0.668118,-0.0439521,-0.1472,0
1789391481162,0,1789391481153,0.671143,-0.0233683,-0.151869,0
1789391481213,0,1789391481206,0.675115,0.00191724,-0.15841,0
1789391481271,0,1789391481262,0.679333,0.028111,-0.165384,0
1789391481326,0,1789391481318,0.683498,0.0521815,-0.177816,0
1789391481374,0,1789391481366,0.687325,0.0721143,-0.191227,0
1789391481427,0,1789391481417,0.692201,0.093857,-0.207881,0
1789391481470,0,1789391481462,0.69686,0.113815,-0.223623,0
1789391481530,0,1789391481521,0.702415,0.138079,-0.24379,0
1789391481575,0,1789391481567,0.707271,0.15766,-0.259498,0
1789391481626,0,1789391481619,0.714173,0.180069,-0.277595,0
1789391481673,0,1789391481666,0.721154,0.201496,-0.293708,0
1789391481729,0,1789391481722,0.729686,0.228862,-0.312916,0
1789391481778,0,1789391481769,0.737505,0.252988,-0.328704,0
1789391481829,0,1789391481821,0.74645,0.278739,-0.345928,0
1789391481890,0,1789391481883,0.758288,0.310087,-0.365336,0
1789391481941,0,1789391481933,0.768314,0.335941,-0.381922,0
1789391481990,0,1789391481979,0.778496,0.361126,-0.395902,0
1789391482038,0,1789391482030,0.789977,0.388791,-0.40763,0
1789391482082,0,1789391482075,0.800746,0.414028,-0.415458,0
1789391482135,0,1789391482127,0.813375,0.443069,-0.422629,0
1789391482180,0,1789391482171,0.82447,0.467841,-0.425859,0
1789391482236,0,1789391482228,0.8391,0.500293,-0.428153,0
1789391482308,0,1789391482279,0.84105,0.479757,-0.432756,0.0571537
1789391482345,0,1789391482338,0.854933,0.507367,-0.430765,0
1789391482387,0,1789391482381,0.866139,0.532321,-0.427018,0
1789391482448,0,1789391482433,0.879655,0.562961,-0.420812,0
1789391482487,0,1789391482478,0.891352,0.589761,-0.416149,0
1789391482546,0,1789391482537,0.90652,0.62505,-0.411859,0
1789391482592,0,1789391482584,0.918292,0.653285,-0.410996,0
1789391482644,0,1789391482633,0.930274,0.682534,-0.413295,0
1789391482687,0,1789391482679,0.94179,0.709835,-0.420928,0
1789391482747,0,1789391482739,0.957556,0.745219,-0.432543,0
1789391482802,0,1789391482792,0.9718,0.776253,-0.441939,0
1789391482848,0,1789391482842,0.985845,0.805475,-0.449872,0
1789391482897,0,1789391482888,0.998897,0.832268,-0.454467,0
1789391482947,0,1789391482938,1.01329,0.860727,-0.45733,0
1789391483002,0,1789391482992,1.02897,0.891453,-0.461805,0
1789391483050,0,1789391483043,1.04429,0.920872,-0.466454,0
1789391483093,0,1789391483088,1.05803,0.947092,-0.469665,0
1789391483149,0,1789391483141,1.07388,0.977638,-0.472817,0
1789391483203,0,1789391483193,1.0893,1.00749,-0.4748,0
1789391483257,0,1789391483248,1.1055,1.03962,-0.475605,0
1789391483304,0,1789391483297,1.11991,1.06904,-0.471288,0
1789391483362,0,1789391483352,1.13602,1.10192,-0.470064,0
1789391483401,0,1789391483393,1.14831,1.1263,-0.468011,0
1789391483453,0,1789391483444,1.16321,1.15626,-0.464095,0
1789391483506,0,1789391483498,1.1786,1.18743,-0.462932,0
1789391483569,0,1789391483555,1.19491,1.22044,-0.46332,0
1789391483611,0,1789391483604,1.2091,1.24878,-0.467612,0
1789391483664,0,1789391483656,1.22443,1.27877,-0.476689,0
1789391483707,0,1789391483700,1.23738,1.30382,-0.4868,0
1789391483763,0,1789391483751,1.25294,1.33283,-0.502783,0
1789391483809,0,1789391483800,1.2678,1.35976,-0.516086,0
1789391483866,0,1789391483857,1.28519,1.39009,-0.531595,0
1789391483912,0,1789391483904,1.2998,1.4145,-0.542691,0
1789391483965,0,1789391483953,1.31403,1.43714,-0.555237,0
1789391484011,0,1789391484002,1.32867,1.46024,-0.568639,0
1789391484069,0,1789391484060,1.34577,1.48711,-0.582655,0
1789391484120,0,1789391484105,1.35765,1.50536,-0.589194,0
1789391484167,0,1789391484157,1.36884,1.52205,-0.595334,0
1789391484213,0,1789391484205,1.37949,1.53773,-0.601359,0
1789391484271,0,1789391484263,1.39187,1.55524,-0.608754,0
1789391484317,0,1789391484310,1.40091,1.56783,-0.615406,0
1789391484370,0,1789391484361,1.40992,1.58049,-0.621822,0
1789391484421,0,1789391484412,1.41844,1.59239,-0.626545,0
1789391484479,0,1789391484468,1.42756,1.60473,-0.631768,0
1789391484527,0,1789391484520,1.43555,1.61526,-0.636818,0
1789391484576,0,1789391484568,1.44266,1.62462,-0.643192,0
1789391484625,0,1789391484617,1.44965,1.63385,-0.648644,0
1789391484682,0,1789391484672,1.45745,1.64404,-0.657143,0
1789391484729,0,1789391484720,1.46424,1.6528,-0.666672,0
1789391484781,0,1789391484773,1.47183,1.66242,-0.676957,0
1789391484826,0,1789391484818,1.4784,1.6706,-0.687377,0
1789391484881,0,1789391484872,1.48657,1.68053,-0.7002,0
1789391484932,0,1789391484921,1.4933,1.68868,-0.714093,0
1789391484981,0,1789391484973,1.50076,1.69744,-0.729445,0
1789391485024,0,1789391485017,1.50688,1.70421,-0.744244,0
1789391485082,0,1789391485074,1.51513,1.71296,-0.765174,0
1789391485132,0,1789391485124,1.52311,1.72088,-0.785911,0
1789391485190,0,1789391485181,1.53277,1.7299,-0.809772,0
1789391485236,0,1789391485228,1.54065,1.73711,-0.829627,0
1789391485287,0,1789391485278,1.54976,1.74517,-0.852315,0
1789391485334,0,1789391485324,1.55845,1.75257,-0.87241,0
1789391485390,0,1789391485379,1.57001,1.7619,-0.89715,0
1789391485442,0,1789391485434,1.58208,1.77121,-0.92225,0
1789391485492,0,1789391485484,1.5943,1.78029,-0.945434,0
1789391485538,0,1789391485531,1.60586,1.78848,-0.966816,0
1789391485592,0,1789391485584,1.62012,1.79834,-0.99163,0
1789391485644,0,1789391485636,1.63519,1.80823,-1.01551,0
1789391485698,0,1789391485685,1.64998,1.8173,-1.03805,0
1789391485750,0,1789391485742,1.66838,1.82785,-1.06462,0
1789391485798,0,1789391485790,1.68497,1.83681,-1.08632,0
1789391485848,0,1789391485839,1.70323,1.84604,-1.10953,0
1789391485896,0,1789391485887,1.7219,1.85481,-1.13147,0
1789391485948,0,1789391485935,1.74185,1.86345,-1.15361,0
1789391485996,0,1789391485987,1.76323,1.87208,-1.17768,0
1789391486039,0,1789391486031,1.7825,1.87936,-1.19897,0
1789391486095,0,1789391486087,1.80741,1.88813,-1.22651,0
1789391486148,0,1789391486140,1.83098,1.89635,-1.25205,0
1789391486207,0,1789391486196,1.85647,1.90455,-1.27735,0
1789391486249,0,1789391486242,1.87813,1.91037,-1.29858,0
1789391486303,0,1789391486294,1.90311,1.91645,-1.3224,0
1789391486354,0,1789391486346,1.92864,1.92215,-1.34596,0
1789391486411,0,1789391486397,1.9543,1.92724,-1.3703,0
1789391486450,0,1789391486443,1.9786,1.93141,-1.39185,0
1789391486501,0,1789391486493,2.006,1.93535,-1.414,0
1789391486550,0,1789391486542,2.03324,1.9387,-1.43691,0
1789391486619,0,1789391486607,2.07063,1.94202,-1.46645,0
1789391486666,0,1789391486657,2.09984,1.94433,-1.48708,0
1789391486717,0,1789391486710,2.1327,1.94667,-1.50711,0
1789391486800,0,1789391486762,2.15514,1.9473,-1.52275,0.00988944
1789391486821,0,1789391486810,2.1855,1.94869,-1.53709,0
1789391486865,0,1789391486858,2.21576,1.94967,-1.55005,0
1789391486918,0,1789391486910,2.24965,1.94974,-1.56186,0
1789391486970,0,1789391486962,2.28341,1.94944,-1.57223,0
1789391487027,0,1789391487014,2.31695,1.94875,-1.58268,0
1789391487065,0,1789391487058,2.34513,1.94789,-1.59085,0
1789391487118,0,1789391487112,2.38019,1.9471,-1.60174,0
1789391487173,0,1789391487167,2.4162,1.94622,-1.61119,0
1789391487232,0,1789391487219,2.4496,1.94488,-1.61978,0
1789391487271,0,1789391487263,2.47768,1.94324,-1.62685,0
1789391487322,0,1789391487315,2.51106,1.94104,-1.63539,0
1789391487369,0,1789391487363,2.54284,1.93872,-1.64174,0
1789391487433,0,1789391487423,2.5822,1.93552,-1.64889,0
1789391487476,0,1789391487468,2.61163,1.93293,-1.65105,0
1789391487525,0,1789391487517,2.64376,1.93005,-1.65238,0
1789391487574,0,1789391487567,2.67634,1.92726,-1.65272,0
1789391487635,0,1789391487625,2.71428,1.92396,-1.65387,0
1789391487674,0,1789391487668,2.74265,1.92114,-1.65578,0
1789391487729,0,1789391487721,2.77737,1.91752,-1.65885,0
1789391487781,0,1789391487774,2.81188,1.91378,-1.66529,0
1789391487838,0,1789391487825,2.8452,1.90989,-1.67287,0
1789391487886,0,1789391487879,2.88015,1.90571,-1.68079,0
1789391487937,0,1789391487930,2.91295,1.90158,-1.69014,0
1789391487984,0,1789391487976,2.94205,1.89746,-1.70196,0
1789391488039,0,1789391488028,2.975,1.89195,-1.71795,0
1789391488089,0,1789391488082,3.00898,1.88587,-1.73523,0
1789391488140,0,1789391488133,3.03702,1.8808,-1.75556,0
1789391488183,0,1789391488177,3.06122,1.87593,-1.77463,0
1789391488242,0,1789391488230,3.08989,1.8695,-1.79745,0
1789391488281,0,1789391488275,3.11372,1.86366,-1.8164,0
1789391488334,0,1789391488327,3.13902,1.8567,-1.83782,0
1789391488387,0,1789391488379,3.16279,1.84949,-1.86103,0
1789391488438,0,1789391488431,3.18579,1.84245,-1.88415,0
1789391488494,0,1789391488484,3.20937,1.83484,-1.90527,0
1789391488542,0,1789391488535,3.22946,1.82778,-1.92483,0
1789391488587,0,1789391488580,3.24536,1.82166,-1.9404,0
1789391488641,0,1789391488632,3.26328,1.81454,-1.95707,0
1789391488692,0,1789391488685,3.27974,1.80787,-1.97062,0
1789391488745,0,1789391488737,3.29524,1.80133,-1.98293,0
1789391488800,0,1789391488790,3.3091,1.79478,-1.99352,0
1789391488849,0,1789391488841,3.32157,1.78876,-2.00061,0
1789391488895,0,1789391488887,3.33195,1.78404,-2.00653,0
1789391488946,0,1789391488938,3.34361,1.77866,-2.01427,0
1789391488993,0,1789391488985,3.35196,1.77463,-2.0237,0
1789391489053,0,1789391489045,3.3624,1.76939,-2.03654,0
1789391489105,0,1789391489099,3.37226,1.76424,-2.04945,0
1789391489154,0,1789391489147,3.38119,1.75937,-2.06049,0
1789391489208,0,1789391489200,3.39064,1.75419,-2.0759,0
1789391489261,0,1789391489251,3.39967,1.74919,-2.09335,0
1789391489303,0,1789391489297,3.40759,1.74466,-2.10822,0
1789391489356,0,1789391489347,3.41636,1.73945,-2.12485,0
1789391489406,0,1789391489398,3.42509,1.73403,-2.14186,0
1789391489465,0,1789391489457,3.43535,1.72728,-2.16234,0
1789391489512,0,1789391489504,3.44338,1.72178,-2.17926,0
1789391489559,0,1789391489551,3.45154,1.71586,-2.19918,0
1789391489605,0,1789391489599,3.46072,1.70886,-2.22119,0
1789391489665,0,1789391489656,3.47205,1.69998,-2.24795,0
1789391489722,0,1789391489713,3.48402,1.6901,-2.273,0
1789391489773,0,1789391489765,3.49475,1.68087,-2.29495,0
1789391489815,0,1789391489809,3.50448,1.67213,-2.31555,0
1789391489865,0,1789391489859,3.51572,1.66153,-2.33849,0
1789391489920,0,1789391489914,3.52798,1.64926,-2.36309,0
1789391489975,0,1789391489966,3.5386,1.63807,-2.3854,0
1789391490021,0,1789391490012,3.54768,1.62798,-2.4058,0
1789391490066,0,1789391490060,3.55699,1.61714,-2.42824,0
1789391490120,0,1789391490112,3.56611,1.60605,-2.45377,0
1789391490183,0,1789391490175,3.57634,1.59285,-2.48294,0
1789391490229,0,1789391490220,3.58352,1.58345,-2.50538,0
1789391490277,0,1789391490270,3.59122,1.57254,-2.53069,0
1789391490323,0,1789391490317,3.59838,1.56192,-2.55381,0
1789391490381,0,1789391490370,3.60622,1.54954,-2.58123,0
1789391490431,0,1789391490424,3.61393,1.53657,-2.60993,0
1789391490482,0,1789391490474,3.62093,1.52379,-2.63558,0
1789391490527,0,1789391490520,3.62708,1.51182,-2.65842,0
1789391490582,0,1789391490573,3.63391,1.4973,-2.68401,0
1789391490635,0,1789391490626,3.64052,1.48268,-2.71005,0
1789391490687,0,1789391490676,3.64703,1.46801,-2.73436,0
1789391490728,0,1789391490721,3.65265,1.45462,-2.75689,0
1789391490779,0,1789391490773,3.65905,1.43794,-2.78333,0
1789391490834,0,1789391490828,3.66559,1.41935,-2.81051,0
1789391490891,0,1789391490883,3.67166,1.39984,-2.83716,0
1789391490938,0,1789391490931,3.67671,1.38205,-2.86052,0
1789391490994,0,1789391490983,3.68224,1.36147,-2.88563,0
1789391491035,0,1789391491028,3.68675,1.34306,-2.90727,0
1789391491087,0,1789391491078,3.69131,1.32153,-2.93158,0
1789391491142,0,1789391491135,3.69588,1.29568,-2.95929,0
1789391491193,0,1789391491187,3.69918,1.27199,-2.98366,0
1789391491240,0,1789391491231,3.70141,1.2514,-3.00502,0
1789391491291,0,1789391491283,3.70364,1.22716,-3.03137,0
1789391491337,0,1789391491330,3.70556,1.20462,-3.05497,0
1789391491397,0,1789391491388,3.70732,1.17596,-3.08388,0
1789391491450,0,1789391491438,3.70824,1.1505,-3.10796,0
1789391491492,0,1789391491485,3.70856,1.12632,-3.12991,0
1789391491537,0,1789391491530,3.70837,1.10162,3.13277,0
1789391491590,0,1789391491582,3.7075,1.07283,3.10913,0
1789391491648,0,1789391491637,3.70542,1.04132,3.08396,0
1789391491731,0,1789391491694,3.70465,1.02358,3.07619,0.0155788
1789391491761,0,1789391491752,3.70117,0.98916,3.05186,0
1789391491811,0,1789391491803,3.69736,0.958207,3.03443,0
1789391491858,0,1789391491848,3.69406,0.930541,3.02159,0
1789391491911,0,1789391491901,3.68987,0.896783,3.00892,0
1789391491952,0,1789391491944,3.6863,0.869151,3.00125,0
1789391492005,0,1789391491996,3.68181,0.835753,2.99476,0
1789391492056,0,1789391492044,3.67751,0.805219,2.99067,0
1789391492111,0,1789391492104,3.67149,0.767618,2.98614,0
1789391492166,0,1789391492159,3.6659,0.733178,2.98164,0
1789391492224,0,1789391492209,3.66061,0.699965,2.97803,0
1789391492263,0,1789391492256,3.6556,0.668839,2.97684,0
1789391492316,0,1789391492308,3.65048,0.635303,2.97481,0
1789391492360,0,1789391492353,3.64604,0.606477,2.9744,0
1789391492419,0,1789391492406,3.64052,0.572617,2.97479,0
1789391492464,0,1789391492458,3.63493,0.539423,2.97472,0
1789391492519,0,1789391492511,3.62905,0.505365,2.97509,0
1789391492575,0,1789391492566,3.62276,0.469516,2.97633,0
1789391492625,0,1789391492619,3.61647,0.435326,2.97746,0
1789391492669,0,1789391492663,3.61088,0.407395,2.9787,0
1789391492721,0,1789391492713,3.60462,0.375509,2.98105,0
1789391492768,0,1789391492759,3.5997,0.345893,2.98292,0
1789391492821,0,1789391492813,3.59393,0.310707,2.98592,0
1789391492872,0,1789391492866,3.58832,0.276095,2.98914,0
1789391492934,0,1789391492924,3.58226,0.238061,2.99197,0
1789391492976,0,1789391492968,3.57806,0.20988,2.995,0
1789391493025,0,1789391493017,3.57346,0.178374,2.99823,0
1789391493074,0,1789391493065,3.56877,0.147029,3.00091,0
1789391493136,0,1789391493125,3.56284,0.107049,3.00472,0
1789391493179,0,1789391493173,3.55835,0.0760574,3.00768,0
1789391493233,0,1789391493224,3.55378,0.043098,3.0103,0
1789391493276,0,1789391493270,3.5499,0.0136621,3.01267,0
1789391493331,0,1789391493320,3.54599,-0.0185744,3.01479,0
1789391493383,0,1789391493376,3.54152,-0.05488,3.01592,0
1789391493443,0,1789391493435,3.53607,-0.0936172,3.01721,0
1789391493501,0,1789391493490,3.53105,-0.129477,3.01783,0
1789391493549,0,1789391493540,3.52653,-0.161751,3.01818,0
1789391493591,0,1789391493586,3.52238,-0.191514,3.01793,0
1789391493645,0,1789391493638,3.5187,-0.224726,3.01745,0
1789391493705,0,1789391493694,3.51496,-0.260447,3.01733,0
1789391493754,0,1789391493746,3.5113,-0.293419,3.01507,0
1789391493796,0,1789391493789,3.50801,-0.321276,3.01433,0
1789391493851,0,1789391493843,3.50428,-0.355903,3.01354,0
1789391493897,0,1789391493886,3.50147,-0.383779,3.01113,0
1789391493952,0,1789391493944,3.49726,-0.421327,3.00928,0
1789391494009,0,1789391494001,3.49188,-0.458412,3.00724,0
1789391494061,0,1789391494051,3.48712,-0.491097,3.00539,0
1789391494104,0,1789391494097,3.48255,-0.521881,3.00394,0
1789391494157,0,1789391494148,3.47741,-0.556124,3.00217,0
1789391494203,0,1789391494194,3.47321,-0.586101,3.00109,0
1789391494263,0,1789391494251,3.4679,-0.623502,2.9991,0
1789391494327,0,1789391494309,3.46198,-0.661599,2.99672,0
1789391494366,0,1789391494359,3.45669,-0.694452,2.99519,0
1789391494415,0,1789391494405,3.45176,-0.723551,2.99358,0
1789391494464,0,1789391494456,3.44621,-0.755511,2.99182,0
1789391494508,0,1789391494501,3.44146,-0.784229,2.99031,0
1789391494561,0,1789391494554,3.43585,-0.819177,2.98849,0
1789391494616,0,1789391494607,3.43068,-0.853546,2.98847,0
1789391494702,0,1789391494658,3.39972,-0.88343,2.97543,0.02683
1789391494767,0,1789391494757,3.38979,-0.947881,2.97604,0
1789391494825,0,1789391494818,3.38367,-0.987382,2.98217,0
1789391494878,0,1789391494870,3.37984,-1.02134,2.98996,0
1789391494926,0,1789391494915,3.37665,-1.05074,2.99646,0
1789391494971,0,1789391494965,3.37252,-1.08299,3.00335,0
1789391495018,0,1789391495010,3.36888,-1.11185,3.00954,0
1789391495071,0,1789391495064,3.36519,-1.14683,3.01718,0
1789391495129,0,1789391495118,3.36216,-1.18179,3.02475,0
1789391495179,0,1789391495172,3.3588,-1.21676,3.03177,0
1789391495221,0,1789391495214,3.35593,-1.24426,3.03767,0
1789391495270,0,1789391495263,3.35257,-1.2757,3.0433,0
1789391495335,0,1789391495326,3.34799,-1.31569,3.05034,0
1789391495392,0,1789391495385,3.34389,-1.35378,3.05704,0
1789391495436,0,1789391495430,3.34092,-1.38339,3.06287,0
1789391495485,0,1789391495478,3.33798,-1.4151,3.07096,0
1789391495534,0,1789391495526,3.33614,-1.44654,3.07832,0
1789391495587,0,1789391495579,3.33439,-1.48139,3.08665,0
1789391495641,0,1789391495634,3.33267,-1.51627,3.09477,0
1789391495697,0,1789391495685,3.3313,-1.54823,3.10249,0
1789391495736,0,1789391495730,3.33,-1.57738,3.10988,0
1789391495789,0,1789391495782,3.32876,-1.61176,3.12039,0
1789391495844,0,1789391495836,3.32851,-1.64756,3.13017,0
1789391495895,0,1789391495886,3.32928,-1.68109,3.1393,0
1789391495940,0,1789391495932,3.32992,-1.71139,-3.13592,0
1789391495991,0,1789391495982,3.33032,-1.7437,-3.12904,0
1789391496037,0,1789391496030,3.33091,-1.77456,-3.12238,0
1789391496093,0,1789391496080,3.33194,-1.80682,-3.11601,0
1789391496143,0,1789391496137,3.33337,-1.8439,-3.10885,0
1789391496194,0,1789391496187,3.33496,-1.87687,-3.10386,0
1789391496239,0,1789391496232,3.33648,-1.90642,-3.10011,0
1789391496298,0,1789391496282,3.33783,-1.93952,-3.09704,0
1789391496345,0,1789391496338,3.33937,-1.97696,-3.09481,0
1789391496399,0,1789391496391,3.3415,-2.01239,-3.09349,0
1789391496444,0,1789391496434,3.34346,-2.04155,-3.09438,0
1789391496497,0,1789391496490,3.34582,-2.07886,-3.09562,0
1789391496546,0,1789391496538,3.34744,-2.11057,-3.09699,0
1789391496603,0,1789391496593,3.34922,-2.14682,-3.10031,0
1789391496651,0,1789391496643,3.35063,-2.17911,-3.10394,0
1789391496702,0,1789391496694,3.35205,-2.2119,-3.10972,0
1789391496748,0,1789391496741,3.35367,-2.24225,-3.11553,0
1789391496798,0,1789391496788,3.35506,-2.27263,-3.12196,0
1789391496841,0,1789391496835,3.35629,-2.30315,-3.12849,0
1789391496898,0,1789391496890,3.35753,-2.33865,-3.13677,0
1789391496959,0,1789391496950,3.35767,-2.37751,3.13595,0
1789391497015,0,1789391497005,3.35705,-2.41306,3.12551,0
1789391497063,0,1789391497055,3.35625,-2.44561,3.11412,0
1789391497111,0,1789391497103,3.35504,-2.47692,3.09985,0
1789391497161,0,1789391497151,3.35348,-2.50726,3.0847,0
1789391497215,0,1789391497207,3.35102,-2.54211,3.06741,0
1789391497263,0,1789391497256,3.34838,-2.57241,3.05178,0
1789391497317,0,1789391497308,3.34467,-2.60486,3.03225,0
1789391497362,0,1789391497352,3.34117,-2.63232,3.01424,0
1789391497414,0,1789391497406,3.33649,-2.66629,2.99113,0
1789391497465,0,1789391497457,3.33143,-2.69789,2.96948,0
1789391497518,0,1789391497510,3.32521,-2.72946,2.94633,0
1789391497564,0,1789391497554,3.31948,-2.7558,2.92774,0
1789391497612,0,1789391497604,3.31228,-2.78407,2.90724,0
1789391497667,0,1789391497659,3.30359,-2.81494,2.88427,0
1789391497722,0,1789391497715,3.29399,-2.8458,2.86077,0
1789391497775,0,1789391497765,3.2848,-2.87229,2.83908,0
1789391497821,0,1789391497814,3.27602,-2.89835,2.81811,0
1789391497876,0,1789391497868,3.26662,-2.92617,2.79496,0
1789391497928,0,1789391497920,3.25712,-2.95204,2.77145,0
1789391497973,0,1789391497964,3.24837,-2.97344,2.7525,0
1789391498022,0,1789391498013,3.23826,-2.99691,2.73019,0
1789391498068,0,1789391498062,3.22786,-3.0198,2.70807,0
1789391498130,0,1789391498122,3.21401,-3.04822,2.68061,0
1789391498202,0,1789391498173,3.16345,-3.10476,2.6479,0.0710018
1789391498251,0,1789391498239,3.13268,-3.14612,2.61959,0
1789391498293,0,1789391498287,3.12025,-3.16633,2.59702,0
1789391498345,0,1789391498337,3.10696,-3.18662,2.57284,0
1789391498388,0,1789391498383,3.09491,-3.20443,2.55115,0
1789391498440,0,1789391498434,3.08123,-3.22359,2.52721,0
1789391498489,0,1789391498479,3.06916,-3.24005,2.50635,0
1789391498540,0,1789391498531,3.05475,-3.2588,2.48241,0
1789391498591,0,1789391498585,3.03936,-3.27836,2.45701,0
1789391498648,0,1789391498642,3.02254,-3.29926,2.43075,0
1789391498700,0,1789391498692,3.00746,-3.317,2.40708,0
1789391498755,0,1789391498742,2.99041,-3.33499,2.38411,0
1789391498793,0,1789391498786,2.97544,-3.35015,2.36433,0
1789391498847,0,1789391498838,2.95743,-3.36801,2.34071,0
1789391498902,0,1789391498896,2.93587,-3.38831,2.3143,0
1789391498959,0,1789391498947,2.91667,-3.40565,2.29086,0
1789391499001,0,1789391498992,2.89932,-3.42061,2.27091,0
1789391499049,0,1789391499042,2.87948,-3.43732,2.24933,0
1789391499106,0,1789391499099,2.85581,-3.4562,2.22336,0
1789391499160,0,1789391499150,2.83416,-3.4726,2.20124,0
1789391499202,0,1789391499195,2.81451,-3.48657,2.18157,0
1789391499258,0,1789391499249,2.79064,-3.50304,2.15823,0
1789391499307,0,1789391499300,2.76775,-3.51837,2.13655,0
1789391499370,0,1789391499355,2.74335,-3.53403,2.11287,0
1789391499415,0,1789391499406,2.72139,-3.54742,2.08973,0
1789391499461,0,1789391499454,2.69959,-3.55998,2.06824,0
1789391499510,0,1789391499503,2.67784,-3.5717,2.04625,0
1789391499575,0,1789391499564,2.65065,-3.58543,2.01892,0
1789391499621,0,1789391499613,2.62862,-3.59521,1.99749,0
1789391499670,0,1789391499662,2.6062,-3.60447,1.97559,0
1789391499717,0,1789391499710,2.5838,-3.6138,1.95355,0
1789391499769,0,1789391499759,2.56084,-3.62292,1.93213,0
1789391499816,0,1789391499805,2.53932,-3.631,1.91177,0
1789391499874,0,1789391499867,2.51049,-3.64073,1.88409,0
1789391499923,0,1789391499917,2.48706,-3.64802,1.8618,0
1789391499986,0,1789391499978,2.45831,-3.65573,1.83415,0
1789391500031,0,1789391500021,2.43789,-3.66079,1.81478,0
1789391500079,0,1789391500070,2.41478,-3.66593,1.79248,0
1789391500126,0,1789391500117,2.39284,-3.67031,1.77066,0
1789391500181,0,1789391500173,2.36632,-3.67465,1.74479,0
1789391500229,0,1789391500223,2.34278,-3.67791,1.72001,0
1789391500285,0,1789391500273,2.31964,-3.68066,1.69663,0
1789391500329,0,1789391500321,2.29812,-3.68276,1.67446,0
1789391500384,0,1789391500376,2.27367,-3.68485,1.64896,0
1789391500438,0,1789391500431,2.24913,-3.68641,1.62371,0
1789391500489,0,1789391500481,2.22739,-3.68725,1.60197,0
1789391500536,0,1789391500526,2.2084,-3.68746,1.5825,0
1789391500588,0,1789391500579,2.18693,-3.68731,1.55863,0
1789391500642,0,1789391500635,2.16447,-3.68672,1.53314,0
1789391500697,0,1789391500690,2.14246,-3.68557,1.50903,0
1789391500747,0,1789391500739,2.12399,-3.68388,1.48761,0
1789391500804,0,1789391500792,2.10392,-3.68157,1.46495,0
1789391500842,0,1789391500836,2.08764,-3.67954,1.44587,0
1789391500899,0,1789391500890,2.06801,-3.67662,1.42145,0
1789391500949,0,1789391500944,2.04857,-3.67365,1.39826,0
1789391501009,0,1789391501001,2.02847,-3.67011,1.37318,0
1789391501052,0,1789391501045,2.01341,-3.66702,1.35405,0
1789391501104,0,1789391501093,1.99706,-3.66323,1.33313,0
1789391501150,0,1789391501141,1.98108,-3.65917,1.31313,0
1789391501207,0,1789391501199,1.96189,-3.65365,1.28798,0
1789391501257,0,1789391501247,1.9462,-3.6488,1.26714,0
1789391501305,0,1789391501298,1.92978,-3.64324,1.24562,0
1789391501352,0,1789391501345,1.91473,-3.63786,1.22471,0
1789391501416,0,1789391501399,1.89691,-3.63122,1.20008,0
1789391501463,0,1789391501457,1.87821,-3.62372,1.17417,0
1789391501514,0,1789391501507,1.86158,-3.6165,1.15208,0
1789391501559,0,1789391501553,1.84598,-3.60935,1.13253,0
1789391501615,0,1789391501608,1.82744,-3.59993,1.10821,0
1789391501667,0,1789391501660,1.80997,-3.5904,1.08415,0
1789391501719,0,1789391501709,1.79324,-3.58128,1.06174,0
1789391501761,0,1789391501753,1.77794,-3.57264,1.04137,0
1789391501815,0,1789391501805,1.76069,-3.56207,1.0174,0
1789391501864,0,1789391501857,1.74351,-3.55053,0.993248,0
1789391501913,0,1789391501906,1.72691,-3.539,0.970981,0
1789391501960,0,1789391501953,1.71005,-3.52694,0.949803,0
1789391502012,0,1789391502002,1.6928,-3.51395,0.927414,0
1789391502066,0,1789391502058,1.67314,-3.4978,0.901372,0
1789391502119,0,1789391502112,1.6544,-3.4817,0.876165,0
1789391502173,0,1789391502167,1.63487,-3.46514,0.85039,0
1789391502224,0,1789391502217,1.61735,-3.44969,0.827876,0
1789391502271,0,1789391502261,1.60161,-3.43495,0.807413,0
1789391502321,0,1789391502315,1.58325,-3.41689,0.78343,0
1789391502374,0,1789391502368,1.56547,-3.39848,0.757911,0
1789391502454,0,1789391502418,1.56695,-3.38929,0.757758,0.0204292
1789391502469,0,1789391502463,1.55192,-3.37302,0.737537,0
1789391502529,0,1789391502516,1.5346,-3.35334,0.715074,0
1789391502575,0,1789391502568,1.51776,-3.33362,0.692403,0
1789391502635,0,1789391502627,1.49836,-3.3094,0.665229,0
1789391502688,0,1789391502681,1.48072,-3.28638,0.642484,0
1789391502740,0,1789391502730,1.46427,-3.26411,0.621424,0
1789391502785,0,1789391502777,1.44924,-3.24293,0.601561,0
1789391502836,0,1789391502829,1.43244,-3.21776,0.58119,0
1789391502880,0,1789391502873,1.41845,-3.19597,0.563535,0
1789391502938,0,1789391502927,1.40179,-3.16834,0.542736,0
1789391502987,0,1789391502980,1.38595,-3.14063,0.52406,0
1789391503036,0,1789391503029,1.37065,-3.11456,0.509793,0
1789391503080,0,1789391503074,1.3565,-3.09012,0.497905,0
1789391503137,0,1789391503127,1.34019,-3.06103,0.486419,0
1789391503196,0,1789391503188,1.32216,-3.02757,0.474304,0
1789391503248,0,1789391503240,1.30691,-2.99801,0.464013,0
1789391503295,0,1789391503284,1.29407,-2.97241,0.457861,0
1789391503347,0,1789391503333,1.27987,-2.94406,0.453256,0
1789391503386,0,1789391503380,1.26616,-2.91661,0.450575,0
1789391503440,0,1789391503433,1.25067,-2.88551,0.449538,0
1789391503492,0,1789391503485,1.23552,-2.85487,0.450343,0
1789391503552,0,1789391503542,1.21866,-2.82112,0.454698,0
1789391503598,0,1789391503590,1.2054,-2.79367,0.458451,0
1789391503648,0,1789391503639,1.19177,-2.76564,0.463081,0
1789391503693,0,1789391503687,1.17769,-2.73786,0.469923,0
1789391503745,0,1789391503735,1.16308,-2.70991,0.477584,0
1789391503788,0,1789391503782,1.14901,-2.68286,0.485091,0
1789391503849,0,1789391503842,1.13098,-2.64865,0.496419,0
1789391503904,0,1789391503895,1.11461,-2.61824,0.508096,0
1789391503953,0,1789391503946,1.09861,-2.58922,0.519403,0
1789391503999,0,1789391503991,1.08428,-2.5638,0.530029,0
1789391504052,0,1789391504045,1.06656,-2.53363,0.543582,0
1789391504105,0,1789391504095,1.04989,-2.5059,0.555891,0
1789391504160,0,1789391504150,1.03028,-2.47583,0.56867,0
1789391504207,0,1789391504200,1.01208,-2.44877,0.580625,0
1789391504265,0,1789391504252,0.994255,-2.42211,0.592104,0
1789391504304,0,1789391504296,0.979167,-2.40003,0.60455,0
1789391504357,0,1789391504349,0.959911,-2.3728,0.621292,0
1789391504410,0,1789391504401,0.94034,-2.34625,0.637008,0
1789391504465,0,1789391504454,0.919882,-2.31949,0.655212,0
1789391504508,0,1789391504501,0.901336,-2.2963,0.671514,0
1789391504563,0,1789391504556,0.879445,-2.26956,0.691746,0
1789391504609,0,1789391504601,0.861627,-2.2483,0.708673,0
1789391504667,0,1789391504657,0.838768,-2.22218,0.729546,0
1789391504711,0,1789391504702,0.819487,-2.20164,0.745598,0
1789391504767,0,1789391504759,0.794241,-2.17581,0.765831,0
1789391504816,0,1789391504807,0.773254,-2.1545,0.782757,0
1789391504869,0,1789391504858,0.750638,-2.13239,0.802239,0
1789391504917,0,1789391504910,0.728101,-2.11014,0.823225,0
1789391504972,0,1789391504964,0.704241,-2.0875,0.844672,0
1789391505022,0,1789391505015,0.681027,-2.06723,0.864111,0
1789391505074,0,1789391505063,0.65897,-2.04929,0.88299,0
1789391505117,0,1789391505110,0.636887,-2.03153,0.90082,0
1789391505173,0,1789391505166,0.609356,-2.0101,0.921763,0
1789391505231,0,1789391505223,0.581223,-1.98912,0.942383,0
1789391505283,0,1789391505273,0.556502,-1.97187,0.961592,0
1789391505326,0,1789391505318,0.534658,-1.95705,0.978712,0
1789391505376,0,1789391505369,0.509789,-1.94044,0.999707,0
1789391505429,0,1789391505419,0.484091,-1.924,1.02032,0
1789391505497,0,1789391505481,0.454441,-1.90642,1.04581,0
1789391505533,0,1789391505527,0.433236,-1.89452,1.06449,0
1789391505581,0,1789391505573,0.410711,-1.88253,1.08326,0
1789391505632,0,1789391505624,0.385189,-1.86961,1.10385,0
1789391505691,0,1789391505681,0.356943,-1.85537,1.12823,0
1789391505735,0,1789391505728,0.333983,-1.84415,1.1481,0
1789391505794,0,1789391505786,0.306124,-1.832,1.17308,0
1789391505843,0,1789391505835,0.284001,-1.82339,1.19476,0
1789391505902,0,1789391505886,0.260509,-1.8149,1.21813,0
1789391505970,0,1789391505931,0.254641,-1.78499,1.22193,0.0269098
1789391505986,0,1789391505979,0.233698,-1.77778,1.241,0
1789391506033,0,1789391506027,0.214362,-1.7717,1.2603,0
1789391506088,0,1789391506081,0.19414,-1.76588,1.2832,0
1789391506145,0,1789391506136,0.1744,-1.76019,1.3071,0
1789391506199,0,1789391506193,0.153869,-1.75506,1.3337,0
1789391506243,0,1789391506237,0.140391,-1.75201,1.35367,0
1789391506298,0,1789391506290,0.123396,-1.74856,1.37704,0
1789391506351,0,1789391506345,0.106827,-1.74572,1.40025,0
1789391506404,0,1789391506397,0.0923381,-1.74364,1.41878,0
1789391506449,0,1789391506441,0.0805038,-1.742,1.43451,0
1789391506501,0,1789391506490,0.0678498,-1.74037,1.44941,0
1789391506545,0,1789391506537,0.0563486,-1.739,1.46324,0
1789391506600,0,1789391506592,0.0440519,-1.73769,1.47776,0
1789391506652,0,1789391506645,0.0323904,-1.7366,1.4921,0
1789391506702,0,1789391506694,0.022128,-1.7358,1.50576,0
1789391506747,0,1789391506741,0.0125087,-1.73519,1.52063,0
1789391506800,0,1789391506792,0.00239633,-1.73469,1.53704,0
1789391506854,0,1789391506846,-0.00841721,-1.73436,1.55621,0
1789391506909,0,1789391506902,-0.0193393,-1.73417,1.57621,0
1789391506958,0,1789391506951,-0.0288104,-1.73421,1.59364,0
1789391507009,0,1789391506998,-0.0378257,-1.7345,1.61073,0
1789391507054,0,1789391507047,-0.0472773,-1.73502,1.62773,0
1789391507111,0,1789391507104,-0.0580878,-1.73581,1.64949,0
1789391507159,0,1789391507153,-0.0672593,-1.73667,1.66764,0
1789391507211,0,1789391507202,-0.0763632,-1.73765,1.68705,0
1789391507256,0,1789391507248,-0.0850906,-1.73875,1.70548,0
1789391507313,0,1789391507305,-0.0958157,-1.74036,1.72773,0
1789391507364,0,1789391507357,-0.10554,-1.74231,1.74857,0
1789391507418,0,1789391507407,-0.114992,-1.74434,1.76906,0
1789391507459,0,1789391507452,-0.123444,-1.74606,1.78776,0
1789391507511,0,1789391507504,-0.133304,-1.74827,1.8097,0
1789391507565,0,1789391507559,-0.143552,-1.75085,1.83296,0
1789391507631,0,1789391507624,-0.15583,-1.75434,1.8595,0
1789391507679,0,1789391507673,-0.165043,-1.75717,1.88148,0
1789391507735,0,1789391507726,-0.175265,-1.76059,1.90446,0
1789391507778,0,1789391507769,-0.183324,-1.76351,1.92268,0
1789391507839,0,1789391507830,-0.195264,-1.76828,1.94945,0
1789391507880,0,1789391507872,-0.203519,-1.77174,1.96933,0
1789391507931,0,1789391507923,-0.213919,-1.77638,1.99299,0
1789391507976,0,1789391507970,-0.223515,-1.78088,2.01511,0
1789391508028,0,1789391508019,-0.234112,-1.78601,2.03758,0
1789391508078,0,1789391508071,-0.245609,-1.79192,2.06267,0
1789391508144,0,1789391508134,-0.25987,-1.80025,2.09136,0
1789391508194,0,1789391508188,-0.273079,-1.80857,2.11647,0
1789391508245,0,1789391508236,-0.285315,-1.81659,2.13902,0
1789391508290,0,1789391508284,-0.297682,-1.82511,2.16107,0
1789391508346,0,1789391508337,-0.311549,-1.83495,2.18672,0
1789391508397,0,1789391508390,-0.325875,-1.84568,2.213,0
1789391508451,0,1789391508443,-0.340522,-1.85696,2.23985,0
1789391508496,0,1789391508487,-0.35296,-1.86688,2.26144,0
1789391508546,0,1789391508538,-0.367352,-1.87891,2.28626,0
1789391508599,0,1789391508591,-0.382485,-1.89246,2.31268,0
1789391508660,0,1789391508651,-0.398708,-1.90784,2.34241,0
1789391508704,0,1789391508696,-0.41057,-1.91986,2.36452,0
1789391508753,0,1789391508746,-0.423694,-1.93384,2.38934,0
1789391508804,0,1789391508793,-0.436238,-1.94724,2.41326,0
1789391508854,0,1789391508847,-0.450152,-1.96284,2.44024,0
1789391508905,0,1789391508899,-0.463517,-1.9784,2.4662,0
1789391508958,0,1789391508951,-0.476946,-1.99496,2.49201,0
1789391509003,0,1789391508995,-0.488337,-2.0102,2.51311,0
1789391509057,0,1789391509046,-0.50164,-2.02915,2.53657,0
1789391509105,0,1789391509096,-0.514451,-2.04823,2.56044,0
1789391509163,0,1789391509155,-0.529316,-2.07198,2.58784,0
1789391509210,0,1789391509203,-0.54134,-2.09173,2.6087,0
1789391509255,0,1789391509249,-0.553699,-2.11268,2.62766,0
1789391509306,0,1789391509296,-0.56602,-2.13472,2.64789,0
1789391509360,0,1789391509352,-0.580241,-2.16344,2.67225,0
1789391509419,0,1789391509411,-0.595076,-2.19556,2.69955,0
1789391509470,0,1789391509462,-0.608855,-2.22458,2.72183,0
1789391509515,0,1789391509506,-0.620338,-2.24993,2.73913,0
1789391509568,0,1789391509561,-0.634365,-2.28239,2.75824,0
1789391509621,0,1789391509614,-0.647528,-2.31484,2.77281,0
1789391509674,0,1789391509662,-0.658409,-2.34441,2.78231,0
1789391509715,0,1789391509709,-0.668465,-2.37374,2.78914,0
1789391509768,0,1789391509760,-0.679723,-2.40587,2.79376,0
1789391509823,0,1789391509814,-0.692154,-2.44042,2.79541,0
1789391509873,0,1789391509865,-0.703695,-2.47286,2.79546,0
1789391509920,0,1789391509913,-0.714141,-2.50281,2.79551,0
1789391509970,0,1789391509964,-0.725307,-2.53468,2.79466,0
1789391510026,0,1789391510017,-0.737157,-2.56734,2.79124,0
1789391510080,0,1789391510072,-0.749599,-2.60122,2.78756,0
1789391510128,0,1789391510121,-0.761005,-2.63174,2.78364,0
1789391510182,0,1789391510170,-0.772499,-2.66208,2.77878,0
1789391510227,0,1789391510220,-0.784275,-2.69267,2.77227,0
1789391510285,0,1789391510277,-0.798092,-2.7277,2.76409,0
1789391510333,0,1789391510322,-0.809418,-2.75533,2.75735,0
1789391510385,0,1789391510376,-0.823354,-2.78838,2.74927,0
1789391510454,0,1789391510429,-0.834748,-2.78057,2.73854,0.0406586
1789391510489,0,1789391510482,-0.84866,-2.81368,2.73148,0
1789391510533,0,1789391510524,-0.859974,-2.83963,2.72499,0
1789391510585,0,1789391510574,-0.873596,-2.8695,2.71766,0
1789391510630,0,1789391510622,-0.886786,-2.89832,2.71101,0
1789391510690,0,1789391510682,-0.90261,-2.93436,2.70317,0
1789391510748,0,1789391510737,-0.917223,-2.96713,2.69611,0
1789391510795,0,1789391510788,-0.931638,-2.9963,2.68758,0
1789391510839,0,1789391510833,-0.944675,-3.02212,2.67873,0
1789391510891,0,1789391510885,-0.960064,-3.05164,2.66787,0
1789391510942,0,1789391510933,-0.97457,-3.07869,2.6571,0
1789391511000,0,1789391510992,-0.99268,-3.11186,2.64279,0
1789391511042,0,1789391511035,-1.00628,-3.13612,2.63058,0
1789391511094,0,1789391511086,-1.02292,-3.1645,2.61637,0
1789391511143,0,1789391511132,-1.03887,-3.19048,2.60375,0
1789391511202,0,1789391511192,-1.05971,-3.22332,2.5856,0
1789391511248,0,1789391511242,-1.07673,-3.24955,2.57044,0
1789391511308,0,1789391511298,-1.09637,-3.27885,2.55204,0
1789391511349,0,1789391511343,-1.1127,-3.30291,2.53715,0
1789391511403,0,1789391511394,-1.13174,-3.32999,2.52062,0
1789391511449,0,1789391511441,-1.14884,-3.35366,2.50423,0
1789391511506,0,1789391511491,-1.16756,-3.37856,2.48537,0
1789391511555,0,1789391511547,-1.18888,-3.40619,2.46527,0
1789391511605,0,1789391511599,-1.20912,-3.43122,2.44418,0
1789391511649,0,1789391511642,-1.22678,-3.45168,2.42604,0
1789391511703,0,1789391511691,-1.2474,-3.47427,2.40615,0
1789391511747,0,1789391511739,-1.26808,-3.49633,2.38624,0
1789391511806,0,1789391511798,-1.2938,-3.52245,2.36232,0
1789391511855,0,1789391511847,-1.31529,-3.54364,2.34167,0
1789391511910,0,1789391511898,-1.33835,-3.56549,2.31989,0
1789391511949,0,1789391511942,-1.35868,-3.5841,2.30157,0
1789391512001,0,1789391511994,-1.38319,-3.60558,2.2805,0
1789391512055,0,1789391512048,-1.40883,-3.62708,2.25803,0
1789391512123,0,1789391512112,-1.4397,-3.65132,2.23031,0
1789391512169,0,1789391512162,-1.46449,-3.66981,2.20807,0
1789391512225,0,1789391512216,-1.49092,-3.68916,2.1841,0
1789391512265,0,1789391512258,-1.51193,-3.70401,2.16534,0
1789391512326,0,1789391512317,-1.54226,-3.72415,2.13839,0
1789391512369,0,1789391512363,-1.56595,-3.7388,2.11784,0
1789391512421,0,1789391512413,-1.59218,-3.75424,2.09699,0
1789391512464,0,1789391512458,-1.61655,-3.76774,2.07744,0
1789391512523,0,1789391512512,-1.64598,-3.78339,2.05501,0
1789391512572,0,1789391512565,-1.67539,-3.79825,2.03416,0
1789391512629,0,1789391512622,-1.70742,-3.81348,2.01077,0
1789391512677,0,1789391512670,-1.73471,-3.82514,1.991,0
1789391512741,0,1789391512730,-1.76923,-3.83896,1.96795,0
1789391512782,0,1789391512776,-1.79612,-3.84925,1.95105,0
1789391512832,0,1789391512826,-1.82564,-3.85991,1.93326,0
1789391512880,0,1789391512872,-1.85137,-3.86988,1.91649,0
1789391512936,0,1789391512926,-1.88184,-3.88097,1.89394,0
1789391512986,0,1789391512979,-1.91214,-3.89107,1.87093,0
1789391513039,0,1789391513032,-1.94331,-3.90034,1.84814,0
1789391513084,0,1789391513075,-1.96879,-3.90751,1.83024,0
1789391513138,0,1789391513127,-1.99958,-3.91537,1.80853,0
1789391513179,0,1789391513173,-2.02651,-3.92168,1.78959,0
1789391513241,0,1789391513234,-2.06219,-3.92884,1.76681,0
1789391513285,0,1789391513279,-2.08875,-3.93372,1.75028,0
1789391513337,0,1789391513327,-2.1187,-3.93854,1.73431,0
1789391513387,0,1789391513381,-2.15247,-3.94336,1.71686,0
1789391513445,0,1789391513438,-2.18846,-3.94826,1.69823,0
1789391513498,0,1789391513486,-2.21853,-3.95188,1.68274,0
1789391513543,0,1789391513536,-2.25004,-3.95524,1.66487,0
1789391513592,0,1789391513585,-2.28092,-3.95797,1.64761,0
1789391513657,0,1789391513644,-2.31827,-3.96058,1.62744,0
1789391513713,0,1789391513688,-2.32019,-3.9637,1.6201,0.0257307
1789391513748,0,1789391513741,-2.35396,-3.96499,1.60299,0
1789391513799,0,1789391513793,-2.38743,-3.9655,1.58795,0
1789391513858,0,1789391513846,-2.4212,-3.96544,1.57348,0
1789391513897,0,1789391513889,-2.44883,-3.96478,1.56064,0
1789391513947,0,1789391513939,-2.48047,-3.96352,1.54584,0
1789391513995,0,1789391513988,-2.51151,-3.96209,1.53223,0
1789391514062,0,1789391514051,-2.55006,-3.95959,1.51381,0
1789391514109,0,1789391514102,-2.58066,-3.95793,1.49895,0
1789391514162,0,1789391514155,-2.61206,-3.95572,1.48387,0
1789391514211,0,1789391514205,-2.64018,-3.9528,1.46919,0
1789391514262,0,1789391514253,-2.6653,-3.94964,1.45642,0
1789391514320,0,1789391514313,-2.69593,-3.94608,1.44001,0
1789391514371,0,1789391514364,-2.72039,-3.94293,1.428,0
1789391514415,0,1789391514409,-2.74038,-3.93996,1.41845,0
1789391514468,0,1789391514459,-2.76038,-3.93655,1.40875,0
1789391514516,0,1789391514505,-2.77792,-3.93346,1.39995,0
1789391514560,0,1789391514554,-2.79503,-3.93029,1.39039,0
1789391514611,0,1789391514604,-2.81273,-3.92686,1.38092,0
1789391514671,0,1789391514664,-2.83079,-3.92315,1.36992,0
1789391514734,0,1789391514716,-2.84566,-3.91995,1.3617,0
1789391514775,0,1789391514767,-2.85916,-3.91707,1.35932,0
1789391514818,0,1789391514812,-2.86807,-3.91516,1.35962,0
1789391514867,0,1789391514861,-2.87582,-3.91353,1.36026,0
1789391514919,0,1789391514908,-2.8837,-3.91189,1.36156,0
1789391514968,0,1789391514962,-2.89273,-3.90994,1.36776,0
1789391515025,0,1789391515019,-2.89994,-3.90843,1.38081,0
1789391515076,0,1789391515069,-2.90649,-3.90714,1.39686,0
1789391515120,0,1789391515115,-2.9115,-3.90627,1.41532,0
1789391515174,0,1789391515165,-2.91702,-3.90548,1.43734,0
1789391515221,0,1789391515212,-2.92129,-3.90509,1.45986,0
1789391515282,0,1789391515274,-2.92688,-3.90471,1.49069,0
1789391515336,0,1789391515325,-2.93091,-3.90438,1.51608,0
1789391515383,0,1789391515376,-2.93494,-3.90417,1.5417,0
1789391515429,0,1789391515422,-2.9367,-3.90414,1.5642,0
1789391515484,0,1789391515476,-2.93822,-3.90416,1.58968,0
1789391515545,0,1789391515538,-2.94023,-3.90419,1.61846,0
1789391515599,0,1789391515591,-2.94126,-3.90422,1.64497,0
1789391515643,0,1789391515633,-2.94169,-3.90428,1.6669,0
1789391515692,0,1789391515685,-2.94197,-3.90437,1.69367,0
1789391515736,0,1789391515729,-2.9421,-3.90445,1.71729,0
1789391515791,0,1789391515782,-2.94214,-3.9045,1.74475,0
1789391515844,0,1789391515838,-2.94215,-3.90452,1.77521,0
1789391515903,0,1789391515894,-2.94212,-3.90443,1.80574,0
1789391515950,0,1789391515940,-2.9421,-3.90436,1.83047,0
1789391515998,0,1789391515988,-2.94214,-3.90438,1.85675,0
1789391516042,0,1789391516036,-2.9422,-3.9044,1.88381,0
1789391516098,0,1789391516088,-2.94219,-3.90449,1.91183,0
1789391516141,0,1789391516134,-2.94205,-3.90452,1.93559,0
1789391516198,0,1789391516190,-2.94209,-3.90456,1.96388,0
1789391516256,0,1789391516245,-2.94213,-3.90456,1.99206,0
1789391516304,0,1789391516295,-2.94221,-3.90455,2.01714,0
1789391516347,0,1789391516341,-2.94227,-3.90453,2.04026,0
1789391516412,0,1789391516404,-2.94228,-3.90449,2.07333,0
1789391516452,0,1789391516446,-2.94222,-3.90445,2.09488,0
1789391516505,0,1789391516497,-2.94216,-3.90442,2.12116,0
1789391516558,0,1789391516550,-2.94216,-3.90443,2.14822,0
1789391516608,0,1789391516601,-2.94216,-3.90444,2.17443,0
1789391516655,0,1789391516648,-2.94213,-3.90444,2.19819,0
1789391516715,0,1789391516707,-2.9421,-3.90445,2.22823,0
1789391516757,0,1789391516750,-2.94204,-3.90451,2.24986,0
1789391516812,0,1789391516803,-2.94198,-3.90458,2.27708,0
1789391516860,0,1789391516849,-2.94193,-3.90457,2.30051,0
1789391516916,0,1789391516909,-2.94184,-3.90452,2.33125,0
1789391516970,0,1789391516953,-2.94183,-3.90448,2.35324,0
1789391517013,0,1789391517004,-2.94182,-3.90442,2.37989,0
1789391517063,0,1789391517056,-2.94177,-3.90434,2.4063,0
1789391517125,0,1789391517118,-2.94168,-3.90427,2.43926,0
1789391517176,0,1789391517167,-2.94165,-3.9042,2.46376,0
1789391517222,0,1789391517215,-2.94168,-3.90412,2.48822,0
1789391517269,0,1789391517262,-2.94169,-3.90404,2.51244,0
1789391517326,0,1789391517317,-2.94158,-3.904,2.54095,0
1789391517368,0,1789391517361,-2.94151,-3.90397,2.56308,0
1789391517425,0,1789391517418,-2.94153,-3.90399,2.59148,0
1789391517474,0,1789391517464,-2.9416,-3.90409,2.61702,0
1789391517526,0,1789391517520,-2.94158,-3.90415,2.64868,0
1789391517577,0,1789391517570,-2.94152,-3.90417,2.67589,0
1789391517628,0,1789391517621,-2.94147,-3.90422,2.70432,0
1789391517672,0,1789391517666,-2.94143,-3.90425,2.72902,0
1789391517730,0,1789391517723,-2.9414,-3.90427,2.76039,0
1789391517787,0,1789391517777,-2.94141,-3.90425,2.78962,0
1789391517842,0,1789391517835,-2.94142,-3.90426,2.82113,0
1789391517888,0,1789391517879,-2.94144,-3.9043,2.84418,0
1789391517937,0,1789391517929,-2.94147,-3.90437,2.87063,0
1789391517983,0,1789391517976,-2.94155,-3.90442,2.89516,0
1789391518037,0,1789391518030,-2.94165,-3.90449,2.92364,0
1789391518090,0,1789391518079,-2.94164,-3.90449,2.94898,0
1789391518138,0,1789391518131,-2.94164,-3.90449,2.97494,0
1789391518182,0,1789391518176,-2.94169,-3.90455,2.9976,0
1789391518239,0,1789391518232,-2.94177,-3.90461,3.02592,0
1789391518298,0,1789391518290,-2.94178,-3.90466,3.05506,0
1789391518349,0,1789391518343,-2.94176,-3.90468,3.08128,0
1789391518398,0,1789391518387,-2.94177,-3.90466,3.10311,0
1789391518445,0,1789391518438,-2.9418,-3.90461,3.12758,0
1789391518497,0,1789391518490,-2.94185,-3.90457,-3.13049,0
1789391518551,0,1789391518543,-2.9419,-3.90456,-3.1048,0
1789391518595,0,1789391518587,-2.94194,-3.90455,-3.08429,0
1789391518646,0,1789391518639,-2.94193,-3.90456,-3.05949,0
1789391518694,0,1789391518688,-2.94191,-3.90457,-3.03606,0
1789391518762,0,1789391518751,-2.94188,-3.90454,-3.00642,0
1789391518809,0,1789391518802,-2.94186,-3.90451,-2.98296,0
1789391518861,0,1789391518853,-2.94192,-3.90455,-2.95925,0
1789391518904,0,1789391518898,-2.94197,-3.9046,-2.93883,0
1789391518958,0,1789391518949,-2.94198,-3.90462,-2.91534,0
1789391519012,0,1789391519003,-2.94195,-3.90462,-2.89113,0
1789391519063,0,1789391519054,-2.94196,-3.90461,-2.86852,0
1789391519108,0,1789391519098,-2.94199,-3.90466,-2.84826,0
1789391519158,0,1789391519150,-2.94202,-3.90464,-2.82314,0
1789391519204,0,1789391519197,-2.942,-3.90463,-2.80078,0
1789391519266,0,1789391519258,-2.94198,-3.9046,-2.77171,0
1789391519312,0,1789391519304,-2.94207,-3.90456,-2.75077,0
1789391519360,0,1789391519353,-2.94218,-3.90449,-2.72999,0
1789391519404,0,1789391519398,-2.94217,-3.90444,-2.71121,0
1789391519464,0,1789391519453,-2.9422,-3.90447,-2.68791,0
1789391519518,0,1789391519511,-2.94216,-3.90445,-2.66338,0
1789391519571,0,1789391519563,-2.94212,-3.90444,-2.64117,0
1789391519622,0,1789391519615,-2.94211,-3.90448,-2.6193,0
1789391519673,0,1789391519666,-2.94211,-3.90452,-2.59848,0
1789391519728,0,1789391519720,-2.94214,-3.90455,-2.57815,0
1789391519778,0,1789391519770,-2.94216,-3.90454,-2.55926,0
1789391519823,0,1789391519817,-2.94219,-3.90451,-2.54208,0
1789391519877,0,1789391519866,-2.9422,-3.90444,-2.52495,0
1789391519921,0,1789391519913,-2.94219,-3.90438,-2.50855,0
1789391519974,0,1789391519966,-2.94211,-3.90435,-2.49041,0
1789391520025,0,1789391520017,-2.94201,-3.90432,-2.47361,0
1789391520072,0,1789391520066,-2.94198,-3.90434,-2.45797,0
1789391520119,0,1789391520113,-2.94195,-3.90437,-2.44401,0
1789391520174,0,1789391520165,-2.94199,-3.90437,-2.42851,0
1789391520221,0,1789391520213,-2.94203,-3.90436,-2.41436,0
1789391520278,0,1789391520271,-2.94209,-3.90434,-2.39799,0
1789391520331,0,1789391520324,-2.94213,-3.90432,-2.38312,0
1789391520386,0,1789391520376,-2.94209,-3.9043,-2.36831,0
1789391520436,0,1789391520431,-2.94197,-3.90425,-2.35261,0
1789391520488,0,1789391520480,-2.94189,-3.90422,-2.33908,0
1789391520534,0,1789391520527,-2.94186,-3.90419,-2.32765,0
1789391520583,0,1789391520576,-2.94183,-3.90417,-2.31642,0
1789391520630,0,1789391520623,-2.94176,-3.90433,-2.30574,0
1789391520681,0,1789391520675,-2.94174,-3.90445,-2.29418,0
1789391520728,0,1789391520720,-2.9418,-3.90448,-2.28482,0
1789391520783,0,1789391520775,-2.94188,-3.90451,-2.27315,0
1789391520832,0,1789391520824,-2.94182,-3.90448,-2.26411,0
1789391520931,0,1789391520877,-2.94669,-3.90238,-2.26105,0.00535979
1789391520987,0,1789391520978,-2.94658,-3.90223,-2.24147,0
1789391521041,0,1789391521033,-2.94653,-3.90222,-2.23213,0
1789391521094,0,1789391521086,-2.94651,-3.9023,-2.22269,0
1789391521137,0,1789391521129,-2.9465,-3.90236,-2.21534,0
1789391521186,0,1789391521179,-2.94606,-3.9027,-2.20939,0
1789391521239,0,1789391521231,-2.94543,-3.90316,-2.20648,0
1789391521296,0,1789391521288,-2.94488,-3.9035,-2.20848,0
1789391521342,0,1789391521335,-2.94411,-3.90401,-2.21571,0
1789391521395,0,1789391521386,-2.94311,-3.90471,-2.22695,0
1789391521446,0,1789391521439,-2.94199,-3.90553,-2.24204,0
1789391521500,0,1789391521491,-2.94072,-3.90651,-2.26006,0
1789391521544,0,1789391521535,-2.93954,-3.90747,-2.27668,0
1789391521592,0,1789391521586,-2.93794,-3.90879,-2.29859,0
1789391521650,0,1789391521643,-2.93572,-3.91085,-2.32648,0
1789391521705,0,1789391521698,-2.93349,-3.91308,-2.35542,0
1789391521757,0,1789391521748,-2.93135,-3.91537,-2.38097,0
1789391521805,0,1789391521798,-2.92901,-3.91792,-2.406,0
1789391521859,0,1789391521851,-2.92633,-3.92095,-2.43321,0
1789391521912,0,1789391521902,-2.92383,-3.92392,-2.4593,0
1789391521956,0,1789391521948,-2.92172,-3.92662,-2.48187,0
1789391522006,0,1789391521999,-2.9194,-3.92974,-2.50763,0
1789391522061,0,1789391522051,-2.91712,-3.93306,-2.53418,0
1789391522115,0,1789391522107,-2.91477,-3.93671,-2.5624,0
1789391522169,0,1789391522161,-2.91268,-3.94018,-2.58965,0
1789391522226,0,1789391522218,-2.91107,-3.94308,-2.61928,0
1789391522268,0,1789391522262,-2.91003,-3.94504,-2.64009,0
1789391522320,0,1789391522312,-2.90888,-3.9473,-2.66545,0
1789391522367,0,1789391522358,-2.90778,-3.94958,-2.68854,0
1789391522418,0,1789391522411,-2.90641,-3.95261,-2.71465,0
1789391522473,0,1789391522465,-2.90496,-3.95614,-2.73954,0
1789391522524,0,1789391522515,-2.90288,-3.9615,-2.76084,0
1789391522570,0,1789391522561,-2.90141,-3.9656,-2.77597,0
1789391522621,0,1789391522614,-2.89936,-3.97122,-2.78804,0
1789391522675,0,1789391522669,-2.89746,-3.9766,-2.79504,0
1789391522728,0,1789391522720,-2.89557,-3.98158,-2.79472,0
1789391522772,0,1789391522765,-2.89384,-3.9861,-2.78904,0
1789391522825,0,1789391522818,-2.89208,-3.99055,-2.77668,0
1789391522871,0,1789391522865,-2.89034,-3.99484,-2.76323,0
1789391522931,0,1789391522924,-2.88832,-3.99942,-2.74411,0
1789391523011,0,1789391522970,-2.88405,-4.00528,-2.7275,0.00317834
1789391523032,0,1789391523024,-2.88194,-4.00965,-2.70629,0
1789391523081,0,1789391523075,-2.87935,-4.01489,-2.68388,0
1789391523136,0,1789391523128,-2.87656,-4.02015,-2.6594,0
1789391523187,0,1789391523180,-2.87317,-4.0261,-2.63326,0
1789391523237,0,1789391523231,-2.86988,-4.03152,-2.60735,0
1789391523285,0,1789391523277,-2.86638,-4.03723,-2.583,0
1789391523346,0,1789391523334,-2.86179,-4.04429,-2.55366,0
1789391523386,0,1789391523379,-2.85809,-4.04977,-2.53067,0
1789391523439,0,1789391523431,-2.85342,-4.05629,-2.50349,0
1789391523493,0,1789391523486,-2.84818,-4.06306,-2.47437,0
1789391523548,0,1789391523540,-2.84271,-4.06964,-2.44578,0
1789391523592,0,1789391523585,-2.83793,-4.07521,-2.42227,0
1789391523646,0,1789391523635,-2.83203,-4.0815,-2.39631,0
1789391523695,0,1789391523688,-2.82645,-4.08716,-2.37712,0
1789391523753,0,1789391523745,-2.8212,-4.09223,-2.37505,0
1789391523801,0,1789391523794,-2.81685,-4.09652,-2.37579,0
1789391523852,0,1789391523846,-2.81533,-4.09812,-2.3767,0
1789391523898,0,1789391523892,-2.81414,-4.09938,-2.37789,0
1789391523955,0,1789391523948,-2.81316,-4.10053,-2.37925,0
1789391524005,0,1789391523997,-2.81236,-4.10148,-2.3798,0
1789391524067,0,1789391524056,-2.81157,-4.1024,-2.37955,0
1789391524107,0,1789391524101,-2.8109,-4.10316,-2.37812,0
1789391524158,0,1789391524150,-2.81049,-4.10357,-2.37795,0
1789391524205,0,1789391524198,-2.81011,-4.10396,-2.37775,0
1789391524261,0,1789391524253,-2.8099,-4.10427,-2.37751,0
1789391524309,0,1789391524302,-2.80979,-4.10457,-2.37678,0
1789391524361,0,1789391524352,-2.80964,-4.10486,-2.37614,0
1789391524413,0,1789391524406,-2.80949,-4.10519,-2.37541,0
1789391524466,0,1789391524459,-2.80929,-4.10547,-2.37501,0
1789391524519,0,1789391524512,-2.80909,-4.10567,-2.37468,0
1789391524569,0,1789391524562,-2.80894,-4.10585,-2.37361,0
1789391524616,0,1789391524608,-2.80888,-4.10612,-2.37297,0
1789391524669,0,1789391524660,-2.80881,-4.10644,-2.37136,0
1789391524719,0,1789391524713,-2.80854,-4.10673,-2.37066,0
1789391524781,0,1789391524773,-2.80826,-4.10703,-2.36965,0
1789391524825,0,1789391524817,-2.80805,-4.1073,-2.36889,0
1789391524874,0,1789391524867,-2.8078,-4.10761,-2.36816,0
1789391524923,0,1789391524915,-2.80763,-4.10788,-2.36754,0
1789391524973,0,1789391524966,-2.80749,-4.10819,-2.3669,0
1789391525029,0,1789391525020,-2.80733,-4.10846,-2.36619,0
1789391525081,0,1789391525074,-2.80717,-4.10872,-2.3647,0
1789391525135,0,1789391525129,-2.80697,-4.10896,-2.36424,0
1789391525182,0,1789391525175,-2.80671,-4.10921,-2.36409,0
1789391525229,0,1789391525222,-2.80646,-4.10947,-2.36366,0
1789391525282,0,1789391525275,-2.80637,-4.10985,-2.36299,0
1789391525334,0,1789391525328,-2.80626,-4.11022,-2.36251,0
1789391525388,0,1789391525380,-2.80611,-4.11043,-2.36161,0
1789391525430,0,1789391525424,-2.80598,-4.1106,-2.36082,0
1789391525483,0,1789391525475,-2.80573,-4.11078,-2.36006,0
1789391525532,0,1789391525524,-2.80546,-4.11097,-2.35943,0
1789391525591,0,1789391525584,-2.80531,-4.11123,-2.35875,0
1789391525644,0,1789391525637,-2.80521,-4.1116,-2.35746,0
1789391525692,0,1789391525686,-2.80509,-4.11189,-2.35685,0
1789391525739,0,1789391525733,-2.80492,-4.11221,-2.35582,0
1789391525788,0,1789391525782,-2.80472,-4.1125,-2.35539,0
1789391525836,0,1789391525829,-2.80446,-4.1128,-2.35482,0
1789391525887,0,1789391525880,-2.80418,-4.11305,-2.35513,0
1789391525941,0,1789391525934,-2.8037,-4.11325,-2.35477,0
1789391525996,0,1789391525988,-2.80325,-4.11343,-2.3546,0
1789391526040,0,1789391526033,-2.80308,-4.1138,-2.3545,0
1789391526093,0,1789391526083,-2.80299,-4.11414,-2.35383,0
1789391526144,0,1789391526137,-2.80281,-4.11436,-2.3532,0
1789391526198,0,1789391526191,-2.80248,-4.11468,-2.35274,0
1789391526250,0,1789391526243,-2.80222,-4.11494,-2.3522,0
1789391526306,0,1789391526297,-2.80191,-4.11528,-2.35122,0
1789391526358,0,1789391526350,-2.80157,-4.11558,-2.35107,0
1789391526408,0,1789391526400,-2.80112,-4.11596,-2.35019,0
1789391526454,0,1789391526446,-2.80079,-4.11625,-2.34977,0
1789391526504,0,1789391526497,-2.80043,-4.11668,-2.34933,0
1789391526550,0,1789391526542,-2.80014,-4.11702,-2.34888,0
1789391526615,0,1789391526608,-2.79992,-4.11736,-2.34855,0
1789391526664,0,1789391526657,-2.79969,-4.11768,-2.34888,0
1789391526713,0,1789391526705,-2.79927,-4.11782,-2.34864,0
1789391526759,0,1789391526752,-2.79887,-4.11796,-2.34812,0
1789391526812,0,1789391526805,-2.79865,-4.1181,-2.34689,0
1789391526894,0,1789391526857,-2.79799,-4.11684,-2.34618,0.00153791
1789391526915,0,1789391526908,-2.79774,-4.11707,-2.34581,0
1789391526962,0,1789391526955,-2.79745,-4.11736,-2.34439,0
1789391527043,0,1789391527014,-2.79724,-4.11762,-2.34353,3.66025e-05
1789391527066,0,1789391527059,-2.79716,-4.11779,-2.34296,0
1789391527117,0,1789391527109,-2.79703,-4.11794,-2.34199,0
1789391527165,0,1789391527156,-2.79682,-4.11809,-2.34088,0
1789391527224,0,1789391527215,-2.7966,-4.11825,-2.34024,0
1789391527286,0,1789391527264,-2.7965,-4.1184,-2.34015,0
1789391527349,0,1789391527316,-2.79762,-4.11864,-2.3398,0.00103599
1789391527408,0,1789391527361,-2.79901,-4.11991,-2.33921,0.00194118
1789391527448,0,1789391527412,-2.79964,-4.11961,-2.33886,0.000302497
1789391527490,0,1789391527469,-2.80658,-4.11958,-2.3394,0.00655936
1789391527565,0,1789391527524,-2.80672,-4.11939,-2.33902,0.000219394
1789391527599,0,1789391527574,-2.80697,-4.11915,-2.33948,0
1789391527632,0,1789391527623,-2.80683,-4.11928,-2.33925,0
1789391527693,0,1789391527670,-2.80681,-4.11928,-2.3387,0
1789391527759,0,1789391527727,-2.80303,-4.12049,-2.33617,0.00415349
1789391527805,0,1789391527776,-2.81173,-4.12084,-2.33402,0.00849345
1789391527863,0,1789391527828,-2.81309,-4.12066,-2.32968,0.000895239
1789391527878,0,1789391527872,-2.81359,-4.12021,-2.32475,0
1789391527963,0,1789391527925,-2.814,-4.11987,-2.31764,0.000374834
1789391528007,0,1789391527979,-2.82611,-4.115,-2.31294,0.0121733
1789391528039,0,1789391528032,-2.82687,-4.11435,-2.30467,0
1789391528085,0,1789391528078,-2.82749,-4.11383,-2.29551,0
1789391528134,0,1789391528128,-2.82821,-4.11321,-2.28394,0
1789391528187,0,1789391528180,-2.8288,-4.11272,-2.27083,0
1789391528244,0,1789391528236,-2.82977,-4.11198,-2.25654,0
1789391528295,0,1789391528285,-2.83039,-4.11153,-2.24359,0
1789391528341,0,1789391528333,-2.83139,-4.11079,-2.23171,0
1789391528387,0,1789391528381,-2.83202,-4.11033,-2.21951,0
1789391528447,0,1789391528436,-2.83294,-4.10966,-2.2046,0
1789391528498,0,1789391528491,-2.83359,-4.1092,-2.19004,0
1789391528549,0,1789391528542,-2.83441,-4.10864,-2.17706,0
1789391528592,0,1789391528587,-2.83505,-4.1082,-2.1659,0
1789391528645,0,1789391528636,-2.83569,-4.10778,-2.15284,0
1789391528690,0,1789391528683,-2.83632,-4.10736,-2.14067,0
1789391528752,0,1789391528744,-2.83703,-4.1069,-2.12525,0
1789391528798,0,1789391528792,-2.8378,-4.10643,-2.11277,0
1789391528848,0,1789391528841,-2.8396,-4.10536,-2.10132,0
1789391528891,0,1789391528885,-2.84205,-4.10403,-2.09579,0
1789391528983,0,1789391528944,-2.88264,-4.10199,-2.09481,0.0373509
1789391529004,0,1789391528996,-2.8859,-4.10023,-2.10007,0
1789391529059,0,1789391529051,-2.88772,-4.09918,-2.1113,0
1789391529105,0,1789391529097,-2.88934,-4.09821,-2.12488,0
1789391529158,0,1789391529150,-2.8904,-4.09745,-2.14343,0
1789391529208,0,1789391529202,-2.89143,-4.09671,-2.16372,0
1789391529265,0,1789391529258,-2.89239,-4.09594,-2.18788,0
1789391529322,0,1789391529306,-2.89303,-4.09544,-2.21084,0
1789391529364,0,1789391529358,-2.89332,-4.09521,-2.23706,0
1789391529414,0,1789391529403,-2.89361,-4.09496,-2.26019,0
1789391529462,0,1789391529455,-2.89373,-4.09486,-2.28703,0
1789391529518,0,1789391529512,-2.89375,-4.09485,-2.31664,0
1789391529581,0,1789391529572,-2.89378,-4.0949,-2.3471,0
1789391529623,0,1789391529615,-2.89379,-4.09495,-2.36907,0
1789391529676,0,1789391529666,-2.89379,-4.09498,-2.39551,0
1789391529719,0,1789391529711,-2.89377,-4.09497,-2.41897,0
1789391529769,0,1789391529763,-2.89372,-4.09496,-2.44609,0
1789391529826,0,1789391529819,-2.89367,-4.09497,-2.47501,0
1789391529881,0,1789391529874,-2.89362,-4.09497,-2.50352,0
1789391529932,0,1789391529924,-2.8936,-4.09495,-2.52955,0
1789391529980,0,1789391529974,-2.89359,-4.09493,-2.55579,0
1789391530036,0,1789391530027,-2.89361,-4.09499,-2.5833,0
1789391530087,0,1789391530077,-2.89364,-4.09504,-2.60859,0
1789391530129,0,1789391530123,-2.89371,-4.09505,-2.6321,0
1789391530182,0,1789391530174,-2.8938,-4.09506,-2.6586,0
1789391530228,0,1789391530220,-2.89384,-4.09506,-2.68261,0
1789391530288,0,1789391530280,-2.89387,-4.09505,-2.71313,0
1789391530343,0,1789391530334,-2.89392,-4.09507,-2.74069,0
1789391530389,0,1789391530382,-2.89397,-4.0951,-2.76509,0
1789391530436,0,1789391530429,-2.89406,-4.09512,-2.78951,0
1789391530486,0,1789391530480,-2.89421,-4.09511,-2.81573,0
1789391530535,0,1789391530529,-2.8943,-4.0951,-2.84142,0
1789391530594,0,1789391530588,-2.89423,-4.09511,-2.87153,0
1789391530650,0,1789391530641,-2.89417,-4.09512,-2.89934,0
1789391530698,0,1789391530690,-2.89417,-4.09515,-2.92464,0
1789391530742,0,1789391530736,-2.89417,-4.09518,-2.94833,0
1789391530796,0,1789391530789,-2.89413,-4.09522,-2.97585,0
1789391530846,0,1789391530838,-2.89412,-4.0952,-3.00112,0
1789391530901,0,1789391530893,-2.89411,-4.09517,-3.02934,0
1789391530951,0,1789391530940,-2.8941,-4.09513,-3.05397,0
1789391531000,0,1789391530992,-2.89413,-4.09512,-3.08168,0
1789391531044,0,1789391531037,-2.89417,-4.09514,-3.10603,0
1789391531099,0,1789391531093,-2.8942,-4.09515,-3.13746,0
1789391531150,0,1789391531143,-2.89416,-4.09511,3.11741,0
1789391531205,0,1789391531197,-2.89414,-4.09508,3.08663,0
1789391531258,0,1789391531248,-2.8941,-4.0953,3.05924,0
1789391531308,0,1789391531300,-2.89406,-4.0953,3.03239,0
1789391531351,0,1789391531345,-2.89404,-4.09527,3.00964,0
1789391531408,0,1789391531401,-2.89402,-4.09524,2.98074,0
1789391531457,0,1789391531449,-2.89408,-4.09528,2.95667,0
1789391531511,0,1789391531503,-2.89414,-4.0953,2.92925,0
1789391531560,0,1789391531545,-2.89417,-4.09529,2.90754,0
1789391531609,0,1789391531601,-2.89419,-4.09526,2.87831,0
1789391531657,0,1789391531650,-2.89421,-4.09526,2.85382,0
1789391531712,0,1789391531705,-2.89422,-4.09526,2.82626,0
1789391531765,0,1789391531758,-2.89425,-4.09527,2.7998,0
1789391531817,0,1789391531808,-2.89429,-4.09529,2.77532,0
1789391531863,0,1789391531853,-2.89433,-4.09533,2.75259,0
1789391531917,0,1789391531910,-2.89436,-4.09535,2.72445,0
1789391531965,0,1789391531960,-2.89437,-4.09536,2.69948,0
1789391532023,0,1789391532017,-2.89441,-4.09537,2.67151,0
1789391532069,0,1789391532062,-2.89443,-4.09538,2.65029,0
1789391532120,0,1789391532113,-2.89444,-4.09539,2.62585,0
1789391532164,0,1789391532158,-2.89444,-4.09539,2.60396,0
1789391532224,0,1789391532214,-2.89446,-4.09537,2.57648,0
1789391532270,0,1789391532263,-2.8945,-4.09533,2.55281,0
1789391532322,0,1789391532316,-2.8945,-4.09532,2.52748,0
1789391532375,0,1789391532369,-2.89446,-4.09533,2.50305,0
1789391532430,0,1789391532420,-2.8944,-4.09533,2.47893,0
1789391532471,0,1789391532465,-2.89435,-4.09531,2.45842,0
1789391532525,0,1789391532516,-2.89431,-4.0953,2.4347,0
1789391532574,0,1789391532565,-2.89434,-4.09532,2.4123,0
1789391532628,0,1789391532622,-2.89439,-4.09533,2.38632,0
1789391532675,0,1789391532668,-2.89434,-4.09537,2.36569,0
1789391532728,0,1789391532720,-2.89435,-4.09536,2.34196,0
1789391532772,0,1789391532765,-2.89433,-4.09535,2.32144,0
1789391532825,0,1789391532817,-2.89428,-4.09535,2.2983,0
1789391532877,0,1789391532872,-2.89421,-4.09534,2.27286,0
1789391532941,0,1789391532931,-2.89415,-4.09535,2.24555,0
1789391532983,0,1789391532976,-2.89415,-4.09533,2.2258,0
1789391533035,0,1789391533028,-2.89419,-4.09531,2.20276,0
1789391533080,0,1789391533072,-2.89424,-4.09531,2.18396,0
1789391533131,0,1789391533125,-2.89428,-4.09534,2.16106,0
1789391533187,0,1789391533179,-2.89434,-4.09536,2.13774,0
1789391533240,0,1789391533233,-2.89442,-4.09531,2.11423,0
1789391533283,0,1789391533275,-2.89448,-4.09526,2.09661,0
1789391533334,0,1789391533324,-2.89445,-4.09526,2.07756,0
1789391533378,0,1789391533371,-2.89442,-4.09527,2.05978,0
1789391533438,0,1789391533430,-2.89441,-4.09532,2.0372,0
1789391533486,0,1789391533479,-2.89442,-4.09537,2.01954,0
1789391533539,0,1789391533532,-2.89444,-4.09535,2.00166,0
1789391533583,0,1789391533576,-2.89446,-4.0953,1.98677,0
1789391533640,0,1789391533632,-2.89446,-4.09527,1.96873,0
1789391533690,0,1789391533684,-2.89442,-4.09529,1.95228,0
1789391533748,0,1789391533742,-2.8944,-4.09532,1.93382,0
1789391533797,0,1789391533786,-2.89442,-4.09533,1.92182,0
1789391533847,0,1789391533839,-2.89445,-4.09533,1.90695,0
1789391533899,0,1789391533892,-2.89449,-4.09528,1.89203,0
1789391533953,0,1789391533945,-2.89454,-4.09524,1.87733,0
1789391533994,0,1789391533988,-2.89451,-4.09526,1.86588,0
1789391534068,0,1789391534039,-2.89448,-4.09528,1.85221,0
1789391534105,0,1789391534096,-2.89448,-4.09533,1.83799,0
1789391534156,0,1789391534147,-2.89449,-4.09537,1.82492,0
1789391534200,0,1789391534193,-2.8945,-4.09546,1.81455,0
1789391534255,0,1789391534247,-2.8945,-4.09559,1.80271,0
1789391534322,0,1789391534297,-2.89782,-4.10279,1.79436,0.00784683
1789391534356,0,1789391534349,-2.89786,-4.10283,1.78374,0
1789391534399,0,1789391534393,-2.8979,-4.10285,1.77487,0
1789391534453,0,1789391534442,-2.89795,-4.10287,1.76578,0
1789391534499,0,1789391534492,-2.89799,-4.1029,1.75526,0
1789391534560,0,1789391534552,-2.89795,-4.10295,1.74383,0
1789391534603,0,1789391534595,-2.89791,-4.10299,1.73652,0
1789391534653,0,1789391534645,-2.89789,-4.10303,1.7279,0
1789391534706,0,1789391534696,-2.89787,-4.10307,1.71955,0
1789391534760,0,1789391534753,-2.89825,-4.10325,1.71014,0
1789391534809,0,1789391534802,-2.89914,-4.1035,1.70176,0
1789391534860,0,1789391534852,-2.90031,-4.10373,1.69227,0
1789391534902,0,1789391534894,-2.90201,-4.10399,1.68152,0
1789391534955,0,1789391534948,-2.90465,-4.10428,1.6669,0
1789391535010,0,1789391535002,-2.90921,-4.10465,1.64967,0
1789391535063,0,1789391535056,-2.91354,-4.10485,1.63053,0
1789391535119,0,1789391535100,-2.91794,-4.1049,1.61366,0
1789391535158,0,1789391535152,-2.92346,-4.1049,1.59217,0
1789391535214,0,1789391535205,-2.93028,-4.10496,1.5679,0
1789391535264,0,1789391535257,-2.93678,-4.10485,1.5423,0
1789391535308,0,1789391535301,-2.94341,-4.10454,1.51916,0
1789391535365,0,1789391535357,-2.95184,-4.10391,1.48912,0
1789391535413,0,1789391535406,-2.95972,-4.10325,1.46377,0
1789391535465,0,1789391535456,-2.96796,-4.10238,1.43885,0
1789391535514,0,1789391535507,-2.97635,-4.10134,1.41236,0
1789391535574,0,1789391535564,-2.98567,-4.09987,1.3826,0
1789391535616,0,1789391535610,-2.9932,-4.09841,1.35934,0
1789391535667,0,1789391535659,-3.00174,-4.09641,1.33354,0
1789391535722,0,1789391535715,-3.01146,-4.09385,1.30386,0
1789391535775,0,1789391535765,-3.02051,-4.09117,1.27841,0
1789391535821,0,1789391535812,-3.02889,-4.08844,1.25462,0
1789391535867,0,1789391535861,-3.03777,-4.08513,1.22959,0
1789391535924,0,1789391535917,-3.04811,-4.08093,1.20088,0
1789391535975,0,1789391535967,-3.05808,-4.0768,1.17561,0
1789391536021,0,1789391536014,-3.06779,-4.07248,1.15184,0
1789391536073,0,1789391536062,-3.07775,-4.06782,1.1267,0
1789391536118,0,1789391536109,-3.08724,-4.06313,1.10222,0
1789391536181,0,1789391536172,-3.10067,-4.05599,1.06896,0
1789391536232,0,1789391536223,-3.11228,-4.04929,1.04303,0
1789391536289,0,1789391536280,-3.12555,-4.04128,1.0133,0
1789391536334,0,1789391536326,-3.13679,-4.03415,0.989525,0
1789391536386,0,1789391536375,-3.14887,-4.0261,0.961263,0
1789391536431,0,1789391536424,-3.16126,-4.0171,0.932123,0
1789391536487,0,1789391536480,-3.17532,-4.00634,0.902448,0
1789391536536,0,1789391536528,-3.18856,-3.99547,0.877975,0
1789391536590,0,1789391536581,-3.2029,-3.983,0.849902,0
1789391536637,0,1789391536628,-3.21601,-3.97067,0.824604,0
1789391536697,0,1789391536684,-3.2303,-3.95597,0.794237,0
1789391536739,0,1789391536732,-3.24375,-3.94268,0.769772,0
1789391536788,0,1789391536782,-3.2584,-3.92751,0.74417,0
1789391536839,0,1789391536831,-3.27196,-3.91206,0.718684,0
1789391536903,0,1789391536896,-3.28947,-3.89003,0.684901,0
1789391536983,0,1789391536948,-3.34013,-3.84837,0.65045,0.0426603
1789391537047,0,1789391537005,-3.35085,-3.81879,0.657455,0.00861866
1789391537113,0,1789391537101,-3.37538,-3.78531,0.612014,0
1789391537153,0,1789391537148,-3.38331,-3.7738,0.590876,0
1789391537211,0,1789391537204,-3.39223,-3.76007,0.564909,0
1789391537257,0,1789391537250,-3.39918,-3.74878,0.542814,0
1789391537308,0,1789391537301,-3.40538,-3.73772,0.519466,0
1789391537363,0,1789391537356,-3.41206,-3.72506,0.49371,0
1789391537443,0,1789391537409,-3.42063,-3.70704,0.464382,0.00724515
1789391537461,0,1789391537452,-3.42487,-3.69801,0.444361,0
1789391537511,0,1789391537503,-3.43056,-3.68602,0.419957,0
1789391537564,0,1789391537557,-3.43695,-3.67205,0.392856,0
1789391537624,0,1789391537615,-3.44267,-3.65838,0.362763,0
1789391537671,0,1789391537664,-3.44706,-3.64634,0.33804,0
1789391537723,0,1789391537715,-3.45137,-3.63394,0.312989,0
1789391537807,0,1789391537760,-3.48866,-3.5915,0.267554,0.0738559
1789391537823,0,1789391537815,-3.51436,-3.55608,0.242223,0
1789391537876,0,1789391537866,-3.51819,-3.5395,0.218545,0
1789391537928,0,1789391537917,-3.52162,-3.523,0.195119,0
1789391537968,0,1789391537963,-3.5248,-3.50659,0.173671,0
1789391538022,0,1789391538014,-3.52794,-3.48812,0.149405,0
1789391538070,0,1789391538062,-3.53031,-3.4695,0.127049,0
1789391538128,0,1789391538119,-3.53258,-3.44619,0.0999278,0
1789391538175,0,1789391538166,-3.53418,-3.42584,0.0783036,0
1789391538223,0,1789391538215,-3.53541,-3.40332,0.0558713,0
1789391538269,0,1789391538264,-3.53668,-3.38015,0.033493,0
1789391538333,0,1789391538326,-3.53791,-3.34897,0.00524021,0
1789391538389,0,1789391538379,-3.53814,-3.32149,-0.0173231,0
1789391538442,0,1789391538434,-3.537,-3.2908,-0.040681,0
1789391538482,0,1789391538475,-3.53586,-3.26768,-0.0570649,0
1789391538534,0,1789391538527,-3.53421,-3.23763,-0.0778625,0
1789391538583,0,1789391538574,-3.53222,-3.21014,-0.0916658,0
1789391538639,0,1789391538633,-3.52895,-3.1742,-0.105194,0
1789391538692,0,1789391538686,-3.52562,-3.14186,-0.113201,0
1789391538745,0,1789391538737,-3.52233,-3.11144,-0.115795,0
1789391538792,0,1789391538782,-3.51938,-3.08388,-0.113657,0
1789391538839,0,1789391538832,-3.51611,-3.0536,-0.11022,0
1789391538885,0,1789391538878,-3.51315,-3.02563,-0.106334,0
1789391538941,0,1789391538933,-3.51016,-2.99183,-0.101575,0
1789391538994,0,1789391538984,-3.5079,-2.95954,-0.0960248,0
1789391539043,0,1789391539036,-3.50564,-2.92691,-0.0904142,0
1789391539085,0,1789391539078,-3.50338,-2.89959,-0.0863991,0
1789391539140,0,1789391539134,-3.50062,-2.86367,-0.0845912,0
1789391539204,0,1789391539193,-3.49815,-2.82589,-0.0881503,0
1789391539251,0,1789391539244,-3.49572,-2.79444,-0.0978135,0
1789391539295,0,1789391539289,-3.49306,-2.76942,-0.108619,0
1789391539347,0,1789391539339,-3.48995,-2.74343,-0.121932,0
1789391539396,0,1789391539387,-3.487,-2.71938,-0.134775,0
1789391539455,0,1789391539449,-3.48261,-2.68779,-0.152136,0
1789391539506,0,1789391539500,-3.47852,-2.66348,-0.167081,0
1789391539558,0,1789391539550,-3.47411,-2.64111,-0.185113,0
1789391539604,0,1789391539596,-3.46986,-2.62109,-0.206465,0
1789391539662,0,1789391539651,-3.46479,-2.5997,-0.233088,0
1789391539712,0,1789391539705,-3.45937,-2.57907,-0.259577,0
1789391539764,0,1789391539755,-3.45404,-2.56069,-0.281381,0
1789391539809,0,1789391539801,-3.449,-2.54436,-0.301146,0
1789391539859,0,1789391539853,-3.44294,-2.52609,-0.322904,0
1789391539914,0,1789391539907,-3.43594,-2.50639,-0.344099,0
1789391539968,0,1789391539958,-3.42972,-2.48879,-0.360442,0
1789391540010,0,1789391540003,-3.42398,-2.47344,-0.373198,0
1789391540065,0,1789391540057,-3.41662,-2.45464,-0.383634,0
1789391540116,0,1789391540108,-3.4094,-2.43683,-0.38994,0
1789391540169,0,1789391540160,-3.40248,-2.41988,-0.39169,0
1789391540213,0,1789391540207,-3.39625,-2.40459,-0.388024,0
1789391540273,0,1789391540264,-3.38865,-2.38621,-0.383509,0
1789391540326,0,1789391540318,-3.38041,-2.36688,-0.380991,0
1789391540377,0,1789391540371,-3.37224,-2.34746,-0.379391,0
1789391540422,0,1789391540414,-3.36557,-2.33102,-0.377539,0
1789391540475,0,1789391540466,-3.35811,-2.31234,-0.374379,0
1789391540530,0,1789391540521,-3.35076,-2.29227,-0.369162,0
1789391540585,0,1789391540575,-3.34385,-2.27317,-0.367694,0
1789391540628,0,1789391540618,-3.33776,-2.25789,-0.372927,0
1789391540676,0,1789391540669,-3.33035,-2.23978,-0.383887,0
1789391540722,0,1789391540714,-3.32461,-2.22582,-0.396274,0
1789391540777,0,1789391540769,-3.31648,-2.20697,-0.415193,0
1789391540830,0,1789391540819,-3.30861,-2.18942,-0.433634,0
1789391540881,0,1789391540873,-3.2988,-2.16881,-0.453703,0
1789391540921,0,1789391540915,-3.29092,-2.15262,-0.468526,0
1789391540984,0,1789391540977,-3.27839,-2.12816,-0.489915,0
1789391541033,0,1789391541025,-3.2681,-2.1093,-0.505972,0
1789391541095,0,1789391541085,-3.25318,-2.08437,-0.526543,0
1789391541136,0,1789391541129,-3.24216,-2.06651,-0.540923,0
1789391541187,0,1789391541180,-3.22807,-2.04414,-0.557702,0
1789391541234,0,1789391541226,-3.21527,-2.02444,-0.570518,0
1789391541284,0,1789391541277,-3.20005,-2.00119,-0.581981,0
1789391541368,0,1789391541333,-3.18968,-1.94082,-0.595877,0.0362558
1789391541398,0,1789391541391,-3.1727,-1.91623,-0.597149,0
1789391541442,0,1789391541436,-3.1591,-1.89649,-0.594173,0
1789391541497,0,1789391541485,-3.14459,-1.87488,-0.588694,0
1789391541547,0,1789391541539,-3.12892,-1.8509,-0.579232,0
1789391541594,0,1789391541588,-3.11498,-1.82999,-0.56601,0
1789391541644,0,1789391541635,-3.10172,-1.80996,-0.550169,0
1789391541700,0,1789391541689,-3.08694,-1.78632,-0.529917,0
1789391541747,0,1789391541741,-3.07347,-1.76234,-0.509445,0
1789391541805,0,1789391541797,-3.05938,-1.73605,-0.486196,0
1789391541861,0,1789391541854,-3.04521,-1.70847,-0.462195,0
1789391541917,0,1789391541905,-3.03307,-1.68352,-0.440783,0
1789391541958,0,1789391541950,-3.02283,-1.66117,-0.423867,0
1789391542006,0,1789391542000,-3.01185,-1.63603,-0.405746,0
1789391542087,0,1789391542045,-3.00655,-1.62739,-0.392865,0.0146468
1789391542103,0,1789391542096,-2.9973,-1.60143,-0.374665,0
1789391542161,0,1789391542150,-2.98778,-1.57448,-0.354497,0
1789391542211,0,1789391542203,-2.97877,-1.54795,-0.336167,0
1789391542252,0,1789391542246,-2.97166,-1.52598,-0.320458,0
1789391542305,0,1789391542297,-2.96364,-1.49947,-0.30212,0
1789391542363,0,1789391542353,-2.95533,-1.46991,-0.281953,0
1789391542419,0,1789391542409,-2.94754,-1.43915,-0.260834,0
1789391542466,0,1789391542460,-2.94092,-1.41131,-0.239739,0
1789391542519,0,1789391542512,-2.93402,-1.38225,-0.216675,0
1789391542575,0,1789391542564,-2.92765,-1.35242,-0.194016,0
1789391542624,0,1789391542615,-2.92225,-1.32271,-0.17189,0
1789391542667,0,1789391542660,-2.91807,-1.29685,-0.151975,0
1789391542718,0,1789391542712,-2.91391,-1.2661,-0.129389,0
1789391542766,0,1789391542757,-2.9109,-1.2395,-0.110114,0
1789391542820,0,1789391542812,-2.9077,-1.20638,-0.0866156,0
1789391542869,0,1789391542862,-2.9055,-1.17642,-0.0656125,0
1789391542921,0,1789391542913,-2.90423,-1.14538,-0.0446539,0
1789391542967,0,1789391542957,-2.90402,-1.11832,-0.026574,0
1789391543018,0,1789391543012,-2.90424,-1.0842,-0.00417581,0
1789391543075,0,1789391543068,-2.90478,-1.04937,0.01759,0
1789391543126,0,1789391543117,-2.90579,-1.01907,0.0369346,0
1789391543173,0,1789391543164,-2.90737,-0.989477,0.0532485,0
1789391543222,0,1789391543214,-2.90958,-0.958009,0.0699222,0
1789391543269,0,1789391543264,-2.91194,-0.927257,0.0848544,0
1789391543338,0,1789391543328,-2.91565,-0.888148,0.103476,0
1789391543380,0,1789391543373,-2.91951,-0.859284,0.115673,0
1789391543431,0,1789391543422,-2.92429,-0.827407,0.129051,0
1789391543475,0,1789391543468,-2.92853,-0.798227,0.138528,0
1789391543539,0,1789391543528,-2.93428,-0.760369,0.149485,0
1789391543591,0,1789391543583,-2.93975,-0.725536,0.158562,0
1789391543640,0,1789391543632,-2.94479,-0.694371,0.165427,0
1789391543688,0,1789391543679,-2.94996,-0.664703,0.172124,0
1789391543740,0,1789391543728,-2.956,-0.633251,0.177058,0
1789391543787,0,1789391543780,-2.96255,-0.600029,0.181363,0
1789391543847,0,1789391543838,-2.97003,-0.562591,0.186028,0
1789391543892,0,1789391543884,-2.97607,-0.532558,0.186721,0
1789391543942,0,1789391543936,-2.98199,-0.498799,0.186654,0
1789391543987,0,1789391543980,-2.98691,-0.470494,0.185394,0
1789391544040,0,1789391544033,-2.99362,-0.436295,0.182309,0
1789391544093,0,1789391544084,-3.00014,-0.403388,0.180724,0
1789391544144,0,1789391544137,-3.00684,-0.36955,0.177302,0
1789391544187,0,1789391544181,-3.01218,-0.34168,0.173945,0
1789391544241,0,1789391544233,-3.01896,-0.308391,0.169214,0
1789391544298,0,1789391544288,-3.02638,-0.272839,0.164408,0
1789391544354,0,1789391544347,-3.03389,-0.235117,0.159106,0
1789391544406,0,1789391544398,-3.03955,-0.202353,0.155226,0
1789391544454,0,1789391544444,-3.04445,-0.17279,0.151796,0
1789391544499,0,1789391544492,-3.04899,-0.141053,0.148767,0
1789391544559,0,1789391544549,-3.05421,-0.103146,0.143608,0
1789391544608,0,1789391544598,-3.05968,-0.0720291,0.138925,0
1789391544656,0,1789391544650,-3.06534,-0.0389166,0.134422,0
1789391544701,0,1789391544694,-3.06895,-0.00985187,0.130278,0
1789391544754,0,1789391544745,-3.07292,0.0239908,0.125158,0
1789391544812,0,1789391544801,-3.0775,0.0608545,0.118912,0
1789391544869,0,1789391544861,-3.08237,0.0999216,0.112836,0
1789391544916,0,1789391544908,-3.08631,0.130384,0.10823,0
1789391544968,0,1789391544958,-3.09052,0.163041,0.102852,0
1789391545048,0,1789391545004,-3.09019,0.183394,0.0994442,0.0101985
1789391545069,0,1789391545062,-3.0933,0.221767,0.0939637,0
1789391545127,0,1789391545119,-3.09619,0.259143,0.0896677,0
1789391545185,0,1789391545171,-3.09888,0.293189,0.086502,0
1789391545250,0,1789391545215,-3.1027,0.303624,0.0867196,0.017974
1789391545288,0,1789391545265,-3.10508,0.334529,0.0838228,0
1789391545345,0,1789391545320,-3.10749,0.367484,0.0802052,0
1789391545400,0,1789391545373,-3.11033,0.398043,0.0768217,2.98023e-08
1789391545444,0,1789391545417,-3.1122,0.428297,0.07335,0.00569828
1789391545503,0,1789391545471,-3.11277,0.453449,0.0702166,0.00407933
1789391545569,0,1789391545524,-3.11404,0.487104,0.0666598,0.00656874
1789391545607,0,1789391545575,-3.11544,0.518579,0.0643113,0.00639
1789391545654,0,1789391545618,-3.11671,0.5144,0.0664553,0.0245224
1789391545703,0,1789391545668,-3.11282,0.548303,0.0648607,0.0114905
1789391545748,0,1789391545725,-3.11492,0.57622,0.0641938,0
1789391545824,0,1789391545781,-3.12015,0.598459,0.0648774,0.00600235
1789391545863,0,1789391545832,-3.12221,0.636974,0.0625839,0.0141525
1789391545906,0,1789391545879,-3.12597,0.651012,0.0591303,0.00874593
1789391545958,0,1789391545926,-3.12531,0.678907,0.056425,0.00564549
1789391546021,0,1789391545979,-3.13011,0.703829,0.0529131,0.0031978
1789391546063,0,1789391546035,-3.12632,0.754661,0.0448601,0.0238762
1789391546123,0,1789391546087,-3.12809,0.765395,0.0407036,0.0143454
1789391546145,0,1789391546131,-3.13398,0.772416,0.0388598,0.0133451
1789391546209,0,1789391546182,-3.12992,0.794052,0.0294795,0.0041129
1789391546276,0,1789391546236,-3.13481,0.809632,0.0196844,0.00690875
1789391546319,0,1789391546293,-3.13392,0.827803,0.00651882,0.00123693
1789391546379,0,1789391546346,-3.12986,0.868885,-0.0124252,0.0237341
1789391546430,0,1789391546394,-3.12214,0.865067,-0.0223512,0.0184181
1789391546465,0,1789391546437,-3.12483,0.873748,-0.0378169,0.0040283
1789391546499,0,1789391546488,-3.13958,0.889705,-0.0577631,0.0158083
1789391546569,0,1789391546539,-3.13876,0.90036,-0.0830223,0.00027968
1789391546628,0,1789391546601,-3.13103,0.905934,-0.112465,0.00867733
1789391546675,0,1789391546652,-3.12995,0.914474,-0.138533,0
1789391546745,0,1789391546701,-3.11391,0.968373,-0.193905,0.0845035
1789391546797,0,1789391546747,-3.10871,0.949534,-0.184779,0.0595888
1789391546820,0,1789391546798,-3.13021,0.928934,-0.200526,0.034504
1789391546875,0,1789391546848,-3.12927,0.933041,-0.22446,0
1789391546940,0,1789391546906,-3.12787,0.938577,-0.251066,0
1789391546985,0,1789391546952,-3.13769,0.951048,-0.279242,0.013796
1789391547040,0,1789391547002,-3.13097,0.944821,-0.304312,0.011793
1789391547094,0,1789391547048,-3.09963,0.976281,-0.351137,0.041356
1789391547143,0,1789391547103,-3.12581,0.952318,-0.354515,0.039263
1789391547201,0,1789391547157,-3.12381,0.95969,-0.379063,0.00359516
1789391547250,0,1789391547214,-3.13096,0.960341,-0.405813,0.00943922
1789391547282,0,1789391547259,-3.13205,0.961807,-0.430845,0.00293224
1789391547348,0,1789391547312,-3.13529,0.96646,-0.456917,0.0050699
1789391547404,0,1789391547356,-3.12191,1.00794,-0.509752,0.0403715
1789391547441,0,1789391547410,-3.13153,0.973208,-0.506776,0.0399155
1789391547510,0,1789391547463,-3.1305,0.977646,-0.532558,0.00142893
1789391547540,0,1789391547512,-3.13553,0.978343,-0.556241,0.00737757
1789391547594,0,1789391547560,-3.13385,0.981451,-0.579977,0.000361761
1789391547642,0,1789391547617,-3.13131,0.984971,-0.60905,0
1789391547717,0,1789391547674,-3.09422,1.02726,-0.674256,0.0520146
1789391547759,0,1789391547725,-3.12731,0.993657,-0.651457,0.0542717
1789391547807,0,1789391547770,-3.12332,0.993236,-0.671493,0.00428303
1789391547847,0,1789391547821,-3.12267,0.995921,-0.696862,0.00123173
1789391547905,0,1789391547869,-3.12348,0.995919,-0.718689,0.00360073
1789391547953,0,1789391547929,-3.12065,0.999011,-0.744557,0
1789391548007,0,1789391547974,-3.11893,1.0005,-0.766341,0.000834487
1789391548061,0,1789391548023,-3.09124,1.04324,-0.848188,0.0476383
1789391548101,0,1789391548069,-3.09296,1.02159,-0.811147,0.0240838
1789391548165,0,1789391548125,-3.09672,1.00275,-0.838317,0.0220069
1789391548208,0,1789391548184,-3.10134,1.00019,-0.864096,0.0078676
1789391548260,0,1789391548236,-3.09866,1.00251,-0.884143,0
1789391548318,0,1789391548279,-3.09753,1.00956,-0.901374,0.00513088
1789391548366,0,1789391548332,-3.09474,1.01167,-0.921712,0.00022669
1789391548431,0,1789391548386,-3.05974,1.05066,-0.9914,0.0482643
1789391548467,0,1789391548439,-3.07657,1.02084,-0.972439,0.0377502
1789391548534,0,1789391548501,-3.07404,1.02112,-0.995089,0.00255627
1789391548574,0,1789391548551,-3.07375,1.02187,-1.01238,0.00309057
1789391548619,0,1789391548596,-3.07058,1.02381,-1.02971,0
1789391548677,0,1789391548645,-3.06822,1.02731,-1.05097,0.00185106
1789391548732,0,1789391548693,-3.06474,1.02958,-1.07132,0.000291859
1789391548783,0,1789391548746,-3.07399,1.03106,-1.09132,0.0134429
1789391548844,0,1789391548799,-3.06442,1.08602,-1.13909,0.0548891
1789391548881,0,1789391548851,-3.03275,1.04882,-1.14379,0.0491976
1789391548934,0,1789391548895,-3.04622,1.0375,-1.15328,0.0214164
1789391548987,0,1789391548948,-3.04264,1.04029,-1.17483,0.00125086
1789391549045,0,1789391549000,-3.04336,1.04185,-1.19724,0.00502569
1789391549101,0,1789391549058,-3.03761,1.05017,-1.22292,0.00670092
1789391549134,0,1789391549104,-3.04214,1.05222,-1.24143,0.00846956
1789391549179,0,1789391549155,-3.03766,1.05365,-1.26197,0
1789391549236,0,1789391549199,-3.02756,1.08311,-1.29944,0.028941
1789391549285,0,1789391549253,-3.01291,1.07113,-1.30958,0.016302
1789391549340,0,1789391549308,-3.00773,1.06378,-1.32631,0.00859932
1789391549405,0,1789391549364,-3.00426,1.06457,-1.34316,0.000225519
1789391549444,0,1789391549413,-3.00239,1.0639,-1.35738,0.00111077
1789391549489,0,1789391549464,-3.00486,1.05894,-1.37197,0.00699154
1789391549540,0,1789391549509,-3.00727,1.05648,-1.38764,0.0044492
1789391549591,0,1789391549565,-3.00549,1.05907,-1.41051,0.0023499
1789391549644,0,1789391549613,-2.97387,1.09592,-1.46142,0.0489392
1789391549697,0,1789391549663,-2.97268,1.07162,-1.46279,0.0250796
1789391549756,0,1789391549717,-2.99481,1.06571,-1.47975,0.023214
1789391549809,0,1789391549771,-2.99455,1.06633,-1.5049,0.000625346
1789391549851,0,1789391549814,-2.99456,1.06647,-1.52558,0.000115696
1789391549898,0,1789391549863,-3.00027,1.06757,-1.55045,0.00582831
1789391549949,0,1789391549915,-3.00319,1.06719,-1.57684,0.00287292
1789391550036,0,1789391549973,-2.97551,1.08102,-1.66279,0.0310367
1789391550063,0,1789391550024,-2.98133,1.08321,-1.60701,0.00624775
1789391550095,0,1789391550069,-2.98185,1.07034,-1.63495,0.012861
1789391550141,0,1789391550119,-2.98184,1.07033,-1.65896,0
1789391550217,0,1789391550176,-2.98496,1.06662,-1.68941,0.00483948
1789391550280,0,1789391550230,-2.99069,1.0524,-1.71938,0.0153467
1789391550303,0,1789391550280,-2.99063,1.05239,-1.74369,0
1789391550368,0,1789391550326,-2.9905,1.09018,-1.82026,0.0378122
1789391550420,0,1789391550379,-2.9853,1.07502,-1.79663,0.0159804
1789391550452,0,1789391550435,-2.98343,1.06854,-1.81733,0.00668638
1789391550531,0,1789391550481,-2.97729,1.06713,-1.83716,0.00623852
1789391550554,0,1789391550528,-2.97629,1.06709,-1.85882,0.000961678
1789391550603,0,1789391550579,-2.97626,1.06716,-1.88267,0
1789391550670,0,1789391550635,-2.98032,1.06568,-1.91281,0.00437715
1789391550739,0,1789391550688,-2.95976,1.09262,-1.98448,0.0338616
1789391550779,0,1789391550730,-2.96971,1.06266,-1.96063,0.0315676
1789391550834,0,1789391550794,-2.96985,1.06526,-1.98548,0.00261286
1789391550871,0,1789391550846,-2.97087,1.06102,-2.00679,0.00438226
1789391550921,0,1789391550897,-2.97082,1.06101,-2.02919,0
1789391550964,0,1789391550942,-2.9708,1.06101,-2.04996,0
1789391551021,0,1789391550991,-2.97215,1.06243,-2.07544,0.00192999
1789391551075,0,1789391551038,-2.98988,1.07012,-2.11186,0.019277
1789391551126,0,1789391551094,-2.97153,1.06999,-2.12727,0.0183617
1789391551170,0,1789391551143,-2.97053,1.06445,-2.14812,0.00559793
1789391551221,0,1789391551193,-2.97044,1.06445,-2.17176,4.99948e-05
1789391551253,0,1789391551238,-2.96092,1.06221,-2.19677,0.00983955
1789391551332,0,1789391551295,-2.96656,1.06726,-2.22295,0.00751761
1789391551396,0,1789391551352,-2.96948,1.09112,-2.2674,0.0239846
1789391551432,0,1789391551407,-2.95071,1.08111,-2.28477,0.0212512
1789391551478,0,1789391551456,-2.94611,1.07408,-2.30214,0.00835857
1789391551551,0,1789391551507,-2.94826,1.07392,-2.32181,0.00222804
1789391551588,0,1789391551555,-2.95057,1.07418,-2.34257,0.0023649
1789391551633,0,1789391551606,-2.96104,1.07502,-2.36405,0.0104781
1789391551697,0,1789391551661,-2.96037,1.0746,-2.38895,0.000820596
1789391551738,0,1789391551707,-2.97789,1.09068,-2.42238,0.0237761
1789391551783,0,1789391551759,-2.96106,1.07755,-2.43851,0.0213676
1789391551825,0,1789391551819,-2.96114,1.07753,-2.46328,0
1789391551870,0,1789391551862,-2.96119,1.07752,-2.48147,0
1789391551917,0,1789391551910,-2.96116,1.07755,-2.50139,0
1789391551965,0,1789391551957,-2.96114,1.07757,-2.52142,0
1789391552053,0,1789391552016,-2.96031,1.0778,-2.54543,0.000860851
1789391552077,0,1789391552067,-2.96033,1.07778,-2.56735,0
1789391552132,0,1789391552125,-2.96034,1.07786,-2.59061,0
1789391552176,0,1789391552169,-2.96033,1.07794,-2.60838,0
1789391552271,0,1789391552226,-2.9606,1.07206,-2.62524,0.00597482
1789391552361,0,1789391552325,-2.9649,1.07125,-2.66397,0.00445911
1789391552397,0,1789391552371,-2.96995,1.07047,-2.68166,0.00508947
1789391552429,0,1789391552422,-2.96998,1.07042,-2.70279,0
1789391552512,0,1789391552467,-2.98418,1.09118,-2.7374,0.0251455
1789391552550,0,1789391552524,-2.96209,1.07247,-2.75265,0.0289813
1789391552580,0,1789391552573,-2.96203,1.07255,-2.77125,0
1789391552657,0,1789391552623,-2.96211,1.0702,-2.78683,0.00241693
1789391552679,0,1789391552671,-2.96214,1.0702,-2.80475,0
1789391552731,0,1789391552723,-2.96218,1.07018,-2.82319,0
1789391552810,0,1789391552777,-2.96557,1.07562,-2.84193,0.0063964
1789391552839,0,1789391552831,-2.96555,1.07565,-2.86011,0
1789391552916,0,1789391552873,-2.96442,1.09332,-2.89745,0.0176821
1789391552931,0,1789391552924,-2.96441,1.09335,-2.91371,0
1789391553004,0,1789391552970,-2.95019,1.07962,-2.91449,0.0197881
1789391553068,0,1789391553032,-2.94837,1.07815,-2.92858,0.00236774
1789391553122,0,1789391553084,-2.94839,1.07851,-2.94277,0.000364266
1789391553159,0,1789391553134,-2.95262,1.07804,-2.95479,0.00420495
1789391553196,0,1789391553189,-2.95266,1.07801,-2.97005,0
1789391553250,0,1789391553242,-2.95277,1.07803,-2.98423,0
1789391553318,0,1789391553294,-2.95238,1.07913,-2.99637,0.00118707
1789391553367,0,1789391553343,-2.95333,1.08147,-3.00791,0.00239551
1789391553417,0,1789391553390,-2.95341,1.08156,-3.01918,0
1789391553449,0,1789391553439,-2.95344,1.08158,-3.03037,0
1789391553531,0,1789391553487,-2.96159,1.07672,-3.0348,0.00946642
1789391553551,0,1789391553543,-2.96159,1.07672,-3.04708,0
1789391553629,0,1789391553591,-2.96382,1.07792,-3.05755,0.0025237
1789391553674,0,1789391553642,-2.96631,1.07479,-3.06704,0.00404282
1789391553720,0,1789391553688,-2.96846,1.07882,-3.07762,0.00455265
1789391553747,0,1789391553739,-2.96843,1.07884,-3.08773,0
1789391553800,0,1789391553792,-2.96843,1.07878,-3.09768,0
1789391553884,0,1789391553856,-2.96444,1.07958,-3.10856,0.00407354
1789391553919,0,1789391553913,-2.96443,1.07953,-3.11846,0
1789391553968,0,1789391553959,-2.96441,1.0795,-3.12646,0
1789391554028,0,1789391554005,-2.96429,1.07906,-3.13387,0
1789391554088,0,1789391554057,-2.96531,1.07455,-3.13873,0.00371414
1789391554127,0,1789391554102,-2.9667,1.07193,3.14075,0.00191567
1789391554187,0,1789391554162,-2.97045,1.0716,3.13544,0.0041515
1789391554241,0,1789391554213,-2.97579,1.07658,3.13009,0.00957678
1789391554286,0,1789391554263,-2.97582,1.07147,3.12601,1.59936e-06
1789391554333,0,1789391554309,-2.97585,1.06655,3.12204,0
1789391554385,0,1789391554360,-2.97885,1.05266,3.11785,0.00592841
1789391554454,0,1789391554414,-2.98266,1.04079,3.1142,0.00460601
1789391554490,0,1789391554463,-2.98559,1.03153,3.10953,0.00328912
1789391554536,0,1789391554510,-2.98057,1.0189,3.10397,0.00582224
1789391554593,0,1789391554562,-2.98279,1.00196,3.09581,0.0030639
1789391554638,0,1789391554609,-2.98135,0.991462,3.09145,0.00327879
1789391554717,0,1789391554677,-2.98243,0.971514,3.08623,0.000285951
1789391554771,0,1789391554737,-2.98373,0.951183,3.08149,0.000136597
1789391554830,0,1789391554793,-2.98447,0.934298,3.07714,0.00214771
1789391554877,0,1789391554850,-2.98619,0.913614,3.07229,0
1789391554998,0,1789391554902,-2.98113,0.889803,3.06489,0.00809374
1789391555058,0,1789391554964,-2.9817,0.876615,3.0599,0.0127707
1789391555146,0,1789391555040,-2.97963,0.857211,3.05634,0.0125836
1789391555188,0,1789391555120,-2.9828,0.823224,3.05257,0
1789391555298,0,1789391555245,-2.98847,0.786931,3.05336,0.00477083
1789391555364,0,1789391555309,-2.98732,0.770206,3.05502,0.0139894
1789391555475,0,1789391555403,-2.99186,0.732184,3.06183,0.00560278
1789391555608,0,1789391555505,-2.99785,0.701226,3.06797,0.0164459
1789391555700,0,1789391555615,-3.00329,0.653349,3.07506,0.00355397
1789391555824,0,1789391555716,-3.00979,0.629992,3.07876,0.024952
1789391555876,0,1789391555830,-3.01344,0.575838,3.08278,0
1789391556004,0,1789391555933,-3.02136,0.551467,3.08595,0.0240377
1789391556166,0,1789391556074,-3.01611,0.560078,3.08527,0.0741733
1789391556243,0,1789391556186,-3.01617,0.535448,3.09022,0.0286287
1789391556328,0,1789391556259,-3.02025,0.527926,3.09918,0.0276318
1789391556383,0,1789391556348,-3.02161,0.485247,3.11247,2.98023e-08
1789391556511,0,1789391556445,-3.02792,0.45803,3.13168,0.0204809
1789391556612,0,1789391556546,-3.03852,0.386869,-3.12434,0.0270034
1789391556775,0,1789391556643,-3.05249,0.371149,-3.11093,0.0328387
1789391556829,0,1789391556753,-3.04959,0.321405,-3.07965,5.96046e-08
1789391556949,0,1789391556838,-3.04678,0.259976,-3.0454,0.0233795
1789391557014,0,1789391556925,-3.04125,0.27307,-3.03375,0.050377
1789391557141,0,1789391557011,-3.02947,0.257951,-3.03024,0.0209198
1789391557214,0,1789391557078,-3.02663,0.224509,-3.0032,0.00580441
1789391557287,0,1789391557145,-3.02194,0.197998,-2.98571,0.000325724
1789391557349,0,1789391557229,-3.07768,0.109469,-2.87984,0.164815
1789391557377,0,1789391557287,-3.12092,0.0589071,-2.86033,0.0185803
1789391557404,0,1789391557388,-3.15787,0.0255051,-2.83997,0.0286415
1789391557511,0,1789391557467,-3.15271,0.00453543,-2.80762,0.00590142
1789391557652,0,1789391557579,-3.1407,-0.0349328,-2.75826,0.00430676
1789391557750,0,1789391557686,-3.10161,-0.157026,-2.67269,0.0916808
1789391557826,0,1789391557769,-3.10513,-0.217754,-2.62764,0.0391152
1789391557868,0,1789391557812,-3.08842,-0.188051,-2.61836,0.0428138
1789391557920,0,1789391557887,-3.05712,-0.206268,-2.58264,0.0204323
1789391558000,0,1789391557965,-3.04674,-0.224074,-2.54738,0.00399169
1789391558583,0,1789391558499,-2.92747,-0.353596,-2.30355,0.00044804
1789391558650,0,1789391558618,-2.94407,-0.266542,-2.2833,0.0255628
1789391558724,0,1789391558685,-2.93542,-0.305704,-2.25352,0.0253866
1789391558801,0,1789391558746,-2.91647,-0.31417,-2.22761,0.00682717
1789391558874,0,1789391558812,-2.89693,-0.332838,-2.19721,0.00349953
1789391558927,0,1789391558872,-2.876,-0.346775,-2.16948,0
1789391558975,0,1789391558939,-2.85221,-0.361538,-2.1395,5.96046e-08
1789391559037,0,1789391558999,-2.83568,-0.391003,-2.1105,0.0174004
1789391559119,0,1789391559066,-2.80559,-0.414975,-2.08944,0.00964035
1789391559187,0,1789391559126,-2.79572,-0.420947,-2.0649,0.0185312
1789391559242,0,1789391559194,-2.77008,-0.445805,-2.03431,0.0100568
1789391559311,0,1789391559253,-2.74881,-0.462952,-2.00817,0.00861843
1789391559403,0,1789391559320,-2.70459,-0.466327,-1.99296,0.0153999
1789391559487,0,1789391559382,-2.67229,-0.483101,-1.97392,0.00341853
1789391559584,0,1789391559449,-2.67438,-0.552544,-1.94085,0.0686151
1789391559658,0,1789391559509,-2.65841,-0.555478,-1.92455,0.0180836
1789391559704,0,1789391559637,-2.58731,-0.57824,-1.88872,0
1789391559742,0,1789391559703,-2.48809,-0.611934,-1.86385,0.0941842
1789391559808,0,1789391559751,-2.43404,-0.62948,-1.84865,4.62925e-06
1789391559863,0,1789391559800,-2.39756,-0.640639,-1.83868,0.00853429
1789391559924,0,1789391559848,-2.37446,-0.645917,-1.8222,0.00493657
1789391559945,0,1789391559902,-2.34648,-0.659354,-1.80281,0.00671844
1789391560022,0,1789391559954,-2.31204,-0.64969,-1.78514,0.0170515
1789391560081,0,1789391560003,-2.29267,-0.643388,-1.76799,0.0144828
1789391560160,0,1789391560050,-2.26115,-0.645472,-1.75063,0.00575665
1789391560225,0,1789391560107,-2.25268,-0.640846,-1.73505,0.0252843
1789391560285,0,1789391560168,-2.20377,-0.639987,-1.71498,0.0154197
1789391560360,0,1789391560273,-2.14963,-0.642867,-1.68487,0.00699655
1789391560396,0,1789391560323,-2.13844,-0.645668,-1.67427,0.0178805
1789391560424,0,1789391560370,-2.07572,-0.616189,-1.74264,0.137391
1789391560534,0,1789391560439,-1.97647,-0.586775,-1.75134,0.0586591
1789391560588,0,1789391560487,-1.93608,-0.546417,-1.75883,0.0456833
1789391560651,0,1789391560556,-1.9019,-0.511592,-1.74663,0.028724
1789391560715,0,1789391560616,-1.84882,-0.50573,-1.7242,0.0277163
1789391560805,0,1789391560676,-1.83507,-0.492642,-1.72986,0.0240201
1789391560851,0,1789391560772,-1.7926,-0.498277,-1.69782,0
1789391560940,0,1789391560830,-1.77404,-0.52758,-1.67168,0.0273075
1789391560991,0,1789391560886,-1.7803,-0.523222,-1.66763,0.0283879
1789391561039,0,1789391560934,-1.7635,-0.524478,-1.64793,0
1789391561103,0,1789391561030,-1.78794,-0.529932,-1.61325,0.0571442
1789391561207,0,1789391561180,-1.73797,-0.530585,-1.548,0
1789391561313,0,1789391561252,-1.72668,-0.556836,-1.4968,0.0298891
1789391561381,0,1789391561313,-1.73535,-0.527253,-1.51366,0.0395772
1789391561420,0,1789391561409,-1.70366,-0.524407,-1.47504,0
1789391561469,0,1789391561458,-1.6859,-0.522195,-1.45482,0
1789391561529,0,1789391561517,-1.66385,-0.518917,-1.43086,0
1789391561600,0,1789391561586,-1.63823,-0.514339,-1.40242,0
1789391561653,0,1789391561641,-1.61699,-0.510002,-1.37924,0
1789391561712,0,1789391561690,-1.59664,-0.505617,-1.35923,0
1789391561760,0,1789391561748,-1.57296,-0.499922,-1.33542,0
1789391561821,0,1789391561811,-1.5472,-0.493364,-1.31202,0
1789391561894,0,1789391561882,-1.51775,-0.485331,-1.28172,0
1789391561966,0,1789391561945,-1.49117,-0.477429,-1.25978,0
1789391562028,0,1789391562016,-1.46218,-0.468213,-1.23397,0
1789391562097,0,1789391562081,-1.4351,-0.458669,-1.20963,0
1789391562149,0,1789391562139,-1.41142,-0.449054,-1.18814,0
1789391562219,0,1789391562198,-1.38932,-0.439472,-1.16494,0
1789391562254,0,1789391562246,-1.37104,-0.431056,-1.14656,0
1789391562304,0,1789391562295,-1.35287,-0.422247,-1.12697,0
1789391562362,0,1789391562352,-1.33318,-0.412157,-1.10471,0
1789391562418,0,1789391562402,-1.31626,-0.403035,-1.08509,0
1789391562460,0,1789391562449,-1.30085,-0.394453,-1.06632,0
1789391562515,0,1789391562497,-1.28518,-0.385325,-1.04718,0
1789391562569,0,1789391562555,-1.26685,-0.374297,-1.02461,0
1789391562640,0,1789391562626,-1.24438,-0.360164,-0.993737,0
1789391562698,0,1789391562685,-1.226,-0.347929,-0.970809,0
1789391562763,0,1789391562751,-1.20535,-0.333474,-0.945032,0
1789391562824,0,1789391562808,-1.188,-0.320612,-0.922495,0
1789391562930,0,1789391562865,-1.17944,-0.333868,-0.924866,0.0286901
1789391562982,0,1789391562963,-1.14949,-0.310111,-0.887297,0
1789391563020,0,1789391563009,-1.13547,-0.298501,-0.869568,0
1789391563092,0,1789391563079,-1.11446,-0.280837,-0.839686,0
1789391563157,0,1789391563138,-1.09702,-0.265071,-0.814581,0
1789391563209,0,1789391563198,-1.08028,-0.248987,-0.789585,0
1789391563266,0,1789391563252,-1.06586,-0.234332,-0.767042,0
1789391563324,0,1789391563311,-1.05026,-0.217298,-0.742048,0
1789391563381,0,1789391563367,-1.03621,-0.200797,-0.718404,0
1789391563434,0,1789391563415,-1.02379,-0.186043,-0.698239,0
1789391563483,0,1789391563473,-1.0087,-0.167469,-0.674669,0
1789391563546,0,1789391563536,-0.993242,-0.147459,-0.648165,0
1789391563621,0,1789391563610,-0.974893,-0.121842,-0.617632,0
1789391563699,0,1789391563675,-0.959401,-0.0989011,-0.591152,0
1789391563747,0,1789391563734,-0.946151,-0.077827,-0.565608,0
1789391563807,0,1789391563798,-0.933001,-0.0551618,-0.539795,0
1789391563879,0,1789391563867,-0.918803,-0.0291999,-0.510663,0
1789391564055,0,1789391563935,-0.872476,-0.00278978,-0.473941,0.0327744
1789391564111,0,1789391564084,-0.904413,0.015322,-0.46256,0.0690939
1789391564152,0,1789391564140,-0.894512,0.0362367,-0.438868,0
1789391564214,0,1789391564200,-0.884422,0.0587106,-0.412647,0
1789391564277,0,1789391564265,-0.874194,0.0833668,-0.386802,0
1789391564342,0,1789391564324,-0.865099,0.106215,-0.366085,0
1789391564406,0,1789391564389,-0.855066,0.1328,-0.342681,0
1789391564476,0,1789391564461,-0.844919,0.161672,-0.317318,0
1789391564618,0,1789391564543,-0.836926,0.144969,-0.306349,0.0510138
1789391564696,0,1789391564676,-0.819873,0.202523,-0.26033,0
1789391564750,0,1789391564736,-0.81311,0.229611,-0.238368,0
1789391564812,0,1789391564801,-0.806364,0.258965,-0.213426,0
1789391564873,0,1789391564860,-0.800709,0.286761,-0.190568,0
1789391564949,0,1789391564925,-0.795249,0.318265,-0.165147,0
1789391564984,0,1789391564974,-0.791655,0.343111,-0.14589,0
1789391565040,0,1789391565022,-0.788505,0.367834,-0.12726,0
1789391565081,0,1789391565069,-0.785826,0.392795,-0.109411,0
1789391565174,0,1789391565152,-0.781885,0.436805,-0.078065,0
1789391565222,0,1789391565210,-0.779583,0.469196,-0.0575103,0
1789391565294,0,1789391565275,-0.777952,0.504856,-0.0342128,0
1789391565353,0,1789391565334,-0.778027,0.538982,-0.0126402,0
1789391565511,0,1789391565400,-0.775572,0.536522,-0.0240167,0.0404125
1789391565550,0,1789391565541,-0.776281,0.61329,0.0265504,0
1789391565621,0,1789391565603,-0.777393,0.646426,0.0494272,0
1789391565679,0,1789391565667,-0.779275,0.680414,0.0730471,0
1789391565841,0,1789391565736,-0.792837,0.680621,0.0763441,0.0376228
1789391565907,0,1789391565881,-0.800826,0.759195,0.125096,0
1789391565949,0,1789391565936,-0.804704,0.79,0.144217,0
1789391566025,0,1789391566010,-0.811072,0.831423,0.170967,0
1789391566101,0,1789391566087,-0.819103,0.874533,0.191278,0
1789391566158,0,1789391566145,-0.825948,0.907672,0.200397,0
1789391566201,0,1789391566192,-0.831641,0.93455,0.205768,0
1789391566253,0,1789391566242,-0.837804,0.964341,0.209788,0
1789391566323,0,1789391566309,-0.8464,1.00345,0.212329,0
1789391566387,0,1789391566376,-0.854887,1.04325,0.213721,0
1789391566438,0,1789391566425,-0.861227,1.07315,0.214815,0
1789391566496,0,1789391566475,-0.867332,1.10356,0.215994,0
1789391566532,0,1789391566521,-0.872921,1.13146,0.217732,0
1789391566591,0,1789391566579,-0.879986,1.16629,0.217839,0
1789391566662,0,1789391566643,-0.887867,1.20427,0.218457,0
1789391566710,0,1789391566693,-0.894306,1.234,0.218253,0
1789391566761,0,1789391566748,-0.901998,1.26739,0.217084,0
1789391566828,0,1789391566809,-0.910434,1.30356,0.214751,0
1789391566879,0,1789391566866,-0.918721,1.33697,0.209264,0
1789391566930,0,1789391566915,-0.925645,1.36555,0.204632,0
1789391566974,0,1789391566962,-0.931017,1.39369,0.198206,0
1789391567047,0,1789391567021,-0.937484,1.42858,0.192774,0
1789391567094,0,1789391567083,-0.944246,1.4655,0.182298,0
1789391567165,0,1789391567144,-0.950629,1.50219,0.171835,0
1789391567238,0,1789391567218,-0.957723,1.54562,0.158885,0
1789391567308,0,1789391567287,-0.963775,1.58616,0.147043,0
1789391567361,0,1789391567348,-0.969138,1.62176,0.136061,0
1789391567440,0,1789391567419,-0.975314,1.66318,0.120726,0
1789391567503,0,1789391567489,-0.980708,1.70447,0.103052,0
1789391567571,0,1789391567557,-0.984833,1.74507,0.0851825,0
1789391567639,0,1789391567618,-0.987936,1.78123,0.0687189,0
1789391567705,0,1789391567686,-0.990336,1.82165,0.0493997,0
1789391567782,0,1789391567767,-0.992202,1.86942,0.0282444,0
1789391567859,0,1789391567834,-0.992774,1.90772,0.0114926,0
1789391567925,0,1789391567912,-0.992479,1.95338,-0.00693333,0
1789391568004,0,1789391567985,-0.99198,1.99603,-0.0244584,0
1789391568064,0,1789391568046,-0.99107,2.03217,-0.0375986,0
1789391568127,0,1789391568113,-0.989778,2.07183,-0.050932,0
1789391568187,0,1789391568173,-0.98816,2.10742,-0.0620571,0
1789391568249,0,1789391568229,-0.986044,2.14082,-0.0694843,0
1789391568290,0,1789391568276,-0.983828,2.16909,-0.0732161,0
1789391568337,0,1789391568325,-0.981571,2.1988,-0.0778802,0
1789391568393,0,1789391568382,-0.979112,2.23415,-0.0805823,0
1789391568468,0,1789391568449,-0.976056,2.27469,-0.0825072,0
1789391568536,0,1789391568523,-0.971809,2.31912,-0.0849878,0
1789391568598,0,1789391568586,-0.967892,2.35785,-0.0858634,0
1789391568676,0,1789391568657,-0.964311,2.39969,-0.0864169,0
1789391568780,0,1789391568724,-0.977675,2.37512,-0.0866352,0.0816987
1789391568815,0,1789391568802,-0.978043,2.4061,-0.0872488,0
1789391568865,0,1789391568852,-0.975991,2.43541,-0.0872296,0
1789391568913,0,1789391568897,-0.973126,2.46205,-0.0879121,0
1789391568963,0,1789391568951,-0.969463,2.49437,-0.0891425,0
1789391569032,0,1789391569009,-0.966112,2.52884,-0.089166,0
1789391569067,0,1789391569058,-0.963725,2.55883,-0.0890488,0
1789391569140,0,1789391569128,-0.960387,2.60061,-0.0876201,0
1789391569212,0,1789391569188,-0.957361,2.63688,-0.0842682,0
1789391569254,0,1789391569243,-0.954784,2.67003,-0.0802393,0
1789391569303,0,1789391569292,-0.952021,2.69972,-0.0753694,0
1789391569349,0,1789391569339,-0.94953,2.728,-0.0706673,0
1789391569432,0,1789391569402,-0.947021,2.76625,-0.0635688,0
1789391569464,0,1789391569452,-0.945047,2.80078,-0.0556062,0
1789391569524,0,1789391569511,-0.943363,2.84093,-0.0471663,0
1789391569674,0,1789391569579,-0.956238,2.82031,-0.0270543,0.0810475
1789391569714,0,1789391569698,-0.958282,2.88727,-0.00795814,0
1789391569762,0,1789391569747,-0.958242,2.92011,-0.000971138,0
1789391569808,0,1789391569794,-0.958261,2.95198,0.00196827,0
1789391569878,0,1789391569856,-0.958306,2.99355,0.00355432,0
1789391569936,0,1789391569926,-0.958333,3.03361,0.00539624,0
1789391570002,0,1789391569985,-0.95851,3.06703,0.00700617,0
1789391570048,0,1789391570031,-0.959061,3.09402,0.00902553,0
1789391570091,0,1789391570080,-0.959741,3.12319,0.012077,0
1789391570150,0,1789391570138,-0.960076,3.15813,0.0155638,0
1789391570198,0,1789391570189,-0.960427,3.18818,0.018529,0
1789391570259,0,1789391570243,-0.960858,3.22035,0.020614,0
1789391570309,0,1789391570292,-0.961324,3.24994,0.022736,0
1789391570361,0,1789391570350,-0.962574,3.28508,0.0253862,0
1789391570441,0,1789391570420,-0.964541,3.32573,0.0266649,0
1789391570505,0,1789391570491,-0.966351,3.36566,0.0246902,0
1789391570568,0,1789391570556,-0.96755,3.40154,0.0176534,0
1789391570632,0,1789391570616,-0.968098,3.43187,0.00750066,0
1789391570694,0,1789391570683,-0.967722,3.46204,-0.00499975,0
1789391570767,0,1789391570752,-0.967086,3.49389,-0.0182965,0
1789391570828,0,1789391570819,-0.96681,3.52281,-0.0348818,0
1789391570914,0,1789391570896,-0.965909,3.5524,-0.0584479,0
1789391571046,0,1789391570954,-0.981987,3.51625,-0.0559286,0.112318
1789391571069,0,1789391571060,-0.995851,3.49685,-0.0858809,0
1789391571128,0,1789391571114,-0.994364,3.51109,-0.0981364,0
1789391571178,0,1789391571164,-0.993184,3.52346,-0.105939,0
1789391571227,0,1789391571211,-0.992169,3.53456,-0.109899,0
1789391571276,0,1789391571262,-0.99095,3.5463,-0.112339,0
1789391571344,0,1789391571332,-0.989216,3.56152,-0.114719,0
1789391571395,0,1789391571382,-0.987975,3.5722,-0.115787,0
1789391571458,0,1789391571447,-0.986342,3.58601,-0.117729,0
1789391571513,0,1789391571498,-0.985043,3.59679,-0.122263,0
1789391571550,0,1789391571543,-0.983903,3.60597,-0.128198,0
1789391571605,0,1789391571593,-0.982747,3.61487,-0.133416,0
1789391571661,0,1789391571649,-0.9815,3.62451,-0.137777,0
1789391571733,0,1789391571723,-0.979729,3.63758,-0.147373,0
1789391571800,0,1789391571786,-0.978319,3.64693,-0.152866,0
1789391571853,0,1789391571835,-0.977194,3.65399,-0.158472,0
1789391571895,0,1789391571882,-0.976189,3.66036,-0.163343,0
1789391571944,0,1789391571931,-0.97517,3.66668,-0.167348,0
1789391571988,0,1789391571978,-0.974251,3.67206,-0.17026,0
1789391572053,0,1789391572035,-0.97307,3.67856,-0.175478,0
1789391572104,0,1789391572093,-0.971855,3.68526,-0.181136,0
1789391572172,0,1789391572159,-0.970797,3.6913,-0.187002,0
1789391572232,0,1789391572217,-0.969776,3.69698,-0.19252,0
1789391572280,0,1789391572272,-0.968775,3.7023,-0.199122,0
1789391572333,0,1789391572321,-0.967861,3.70703,-0.20392,0
1789391572381,0,1789391572369,-0.96692,3.71146,-0.208492,0
1789391572429,0,1789391572416,-0.965991,3.71575,-0.212433,0
1789391572476,0,1789391572466,-0.965039,3.72042,-0.218655,0
1789391572525,0,1789391572515,-0.964112,3.72493,-0.224572,0
1789391572588,0,1789391572578,-0.962959,3.7305,-0.232708,0
1789391572645,0,1789391572632,-0.96189,3.73539,-0.239104,0
1789391572705,0,1789391572694,-0.960574,3.74079,-0.245559,0
1789391572761,0,1789391572750,-0.959231,3.74578,-0.250132,0
1789391572820,0,1789391572808,-0.957856,3.75097,-0.258554,0
1789391572877,0,1789391572864,-0.956577,3.75604,-0.266089,0
1789391572922,0,1789391572913,-0.955482,3.76029,-0.271323,0
1789391572972,0,1789391572960,-0.954239,3.76457,-0.27622,0
1789391573022,0,1789391573008,-0.952942,3.76896,-0.281875,0
1789391573065,0,1789391573056,-0.951662,3.77326,-0.288534,0
1789391573151,0,1789391573139,-0.949366,3.78067,-0.30034,0
1789391573199,0,1789391573187,-0.94804,3.78483,-0.307191,0
1789391573249,0,1789391573236,-0.946664,3.78904,-0.313155,0
1789391573308,0,1789391573296,-0.945028,3.79398,-0.322629,0
1789391573356,0,1789391573344,-0.943679,3.79796,-0.330431,0
1789391573402,0,1789391573392,-0.942374,3.80175,-0.337437,0
1789391573453,0,1789391573440,-0.940989,3.80565,-0.343796,0
1789391573501,0,1789391573488,-0.939646,3.80951,-0.349763,0
1789391573549,0,1789391573540,-0.938734,3.81229,-0.357309,0
1789391573607,0,1789391573598,-0.937827,3.815,-0.366329,0
1789391573675,0,1789391573662,-0.93693,3.81727,-0.380715,0
1789391573728,0,1789391573716,-0.936199,3.81904,-0.396123,0
1789391573775,0,1789391573764,-0.935816,3.81989,-0.41241,0
1789391573839,0,1789391573821,-0.935373,3.82082,-0.433388,0
1789391573895,0,1789391573886,-0.934882,3.82174,-0.459806,0
1789391573969,0,1789391573959,-0.934497,3.82237,-0.490838,0
1789391574022,0,1789391574010,-0.934386,3.82256,-0.513364,0
1789391574064,0,1789391574055,-0.934371,3.82259,-0.533726,0
1789391574113,0,1789391574103,-0.934416,3.82265,-0.554302,0
1789391574165,0,1789391574156,-0.934488,3.8227,-0.577562,0
1789391574227,0,1789391574214,-0.934537,3.82274,-0.603226,0
1789391574277,0,1789391574269,-0.934494,3.82273,-0.627745,0
1789391574339,0,1789391574326,-0.934461,3.82273,-0.652928,0
1789391574385,0,1789391574374,-0.934477,3.82277,-0.673383,0
1789391574433,0,1789391574422,-0.934491,3.8228,-0.693664,0
1789391574480,0,1789391574469,-0.934495,3.82281,-0.713275,0
1789391574538,0,1789391574526,-0.934499,3.82283,-0.736346,0
1789391574603,0,1789391574586,-0.934469,3.82282,-0.761379,0
1789391574664,0,1789391574651,-0.934434,3.8228,-0.788465,0
1789391574705,0,1789391574695,-0.934447,3.82283,-0.807193,0
1789391574764,0,1789391574752,-0.934469,3.82286,-0.830569,0
1789391574811,0,1789391574799,-0.934491,3.82283,-0.849637,0
1789391574867,0,1789391574857,-0.934511,3.82275,-0.873351,0
1789391574913,0,1789391574905,-0.934516,3.82269,-0.893108,0
1789391574978,0,1789391574957,-0.934491,3.82266,-0.914221,0
1789391575011,0,1789391575001,-0.934477,3.82265,-0.932402,0
1789391575061,0,1789391575051,-0.93448,3.82268,-0.95315,0
1789391575108,0,1789391575097,-0.934481,3.82271,-0.971616,0
1789391575168,0,1789391575160,-0.934416,3.82273,-0.997179,0
1789391575236,0,1789391575226,-0.934331,3.82275,-1.02368,0
1789391575297,0,1789391575290,-0.934348,3.82271,-1.048,0
1789391575363,0,1789391575346,-0.93439,3.82267,-1.06992,0
1789391575409,0,1789391575394,-0.934368,3.82257,-1.08837,0
1789391575450,0,1789391575442,-0.934339,3.82248,-1.10752,0
1789391575511,0,1789391575500,-0.934335,3.82241,-1.1296,0
1789391575568,0,1789391575557,-0.934371,3.82243,-1.15057,0
1789391575641,0,1789391575630,-0.934377,3.82248,-1.1776,0
1789391575699,0,1789391575688,-0.934301,3.82254,-1.19879,0
1789391575755,0,1789391575744,-0.93423,3.82261,-1.21947,0
1789391575810,0,1789391575792,-0.934204,3.82263,-1.23679,0
1789391575878,0,1789391575864,-0.934169,3.82267,-1.26493,0
1789391575951,0,1789391575941,-0.934145,3.82274,-1.29339,0
1789391576021,0,1789391576010,-0.93413,3.82281,-1.31819,0
1789391576085,0,1789391576072,-0.934078,3.82286,-1.34023,0
1789391576153,0,1789391576143,-0.934003,3.82291,-1.36386,0
1789391576214,0,1789391576205,-0.933896,3.82288,-1.38446,0
1789391576269,0,1789391576254,-0.933801,3.82281,-1.39927,0
1789391576312,0,1789391576301,-0.933762,3.82277,-1.41375,0
1789391576358,0,1789391576350,-0.933771,3.82277,-1.42818,0
1789391576407,0,1789391576397,-0.933798,3.82278,-1.4413,0
1789391576466,0,1789391576455,-0.933851,3.8228,-1.45773,0
1789391576538,0,1789391576529,-0.933917,3.82284,-1.47763,0
1789391576592,0,1789391576580,-0.933896,3.82286,-1.49117,0
1789391576635,0,1789391576625,-0.933878,3.82287,-1.50313,0
1789391576686,0,1789391576674,-0.933887,3.82291,-1.51528,0
1789391576732,0,1789391576721,-0.933896,3.82294,-1.52693,0
1789391576780,0,1789391576771,-0.93393,3.82298,-1.53853,0
1789391576842,0,1789391576825,-0.933965,3.82302,-1.55105,0
1789391576903,0,1789391576892,-0.933959,3.8231,-1.56594,0
1789391576957,0,1789391576949,-0.933922,3.82317,-1.57878,0
1789391577026,0,1789391577015,-0.933924,3.82317,-1.59191,0
1789391577068,0,1789391577060,-0.933957,3.82313,-1.60141,0
1789391577117,0,1789391577108,-0.933976,3.82306,-1.60995,0
1789391577167,0,1789391577156,-0.933964,3.82297,-1.6194,0
1789391577217,0,1789391577207,-0.933956,3.82288,-1.62889,0
1789391577285,0,1789391577277,-0.933973,3.82282,-1.64124,0
1789391577336,0,1789391577326,-0.933986,3.82279,-1.64929,0
1789391577380,0,1789391577373,-0.933962,3.82276,-1.65689,0
1789391577433,0,1789391577422,-0.933937,3.82274,-1.66494,0
1789391577478,0,1789391577469,-0.933908,3.82274,-1.67254,0
1789391577551,0,1789391577540,-0.933866,3.82276,-1.68318,0
1789391577598,0,1789391577589,-0.933783,3.82278,-1.69,0
1789391577649,0,1789391577640,-0.933665,3.82282,-1.69824,0
1789391577695,0,1789391577685,-0.93368,3.82282,-1.70824,0
1789391577748,0,1789391577737,-0.933778,3.8228,-1.72281,0
1789391577803,0,1789391577793,-0.933869,3.8228,-1.742,0
1789391577868,0,1789391577858,-0.933922,3.82284,-1.76834,0
1789391577913,0,1789391577902,-0.93396,3.82286,-1.78792,0
1789391577960,0,1789391577951,-0.934026,3.82285,-1.80966,0
1789391578006,0,1789391577998,-0.934088,3.82285,-1.83139,0
1789391578058,0,1789391578049,-0.934038,3.82286,-1.85386,0
1789391578112,0,1789391578096,-0.933992,3.82286,-1.87537,0
1789391578158,0,1789391578146,-0.933953,3.82283,-1.89723,0
1789391578218,0,1789391578209,-0.933909,3.82279,-1.92578,0
1789391578281,0,1789391578269,-0.933784,3.82285,-1.95234,0
1789391578323,0,1789391578313,-0.93368,3.82291,-1.97158,0
1789391578382,0,1789391578373,-0.933581,3.82301,-1.99877,0
1789391578441,0,1789391578431,-0.933566,3.82307,-2.02413,0
1789391578498,0,1789391578481,-0.933518,3.82311,-2.04637,0
1789391578536,0,1789391578527,-0.933445,3.82313,-2.06736,0
1789391578588,0,1789391578575,-0.933382,3.82315,-2.08748,0
1789391578644,0,1789391578634,-0.933377,3.82322,-2.11312,0
1789391578693,0,1789391578682,-0.933373,3.82326,-2.13425,0
1789391578748,0,1789391578740,-0.93337,3.8233,-2.15987,0
1789391578798,0,1789391578788,-0.933368,3.82334,-2.18082,0
1789391578847,0,1789391578836,-0.933417,3.82335,-2.20163,0
1789391578893,0,1789391578884,-0.933478,3.82335,-2.22203,0
1789391578948,0,1789391578940,-0.933461,3.82332,-2.24557,0
1789391579001,0,1789391578991,-0.933415,3.82327,-2.26697,0
1789391579054,0,1789391579047,-0.933389,3.82328,-2.28991,0
1789391579106,0,1789391579095,-0.933398,3.82332,-2.31064,0
1789391579151,0,1789391579143,-0.933411,3.82334,-2.33098,0
1789391579203,0,1789391579193,-0.933423,3.82331,-2.35156,0
1789391579249,0,1789391579239,-0.933429,3.8233,-2.37092,0
1789391579300,0,1789391579290,-0.933403,3.82333,-2.39266,0
1789391579345,0,1789391579339,-0.933379,3.82336,-2.41328,0
1789391579415,0,1789391579405,-0.933313,3.82344,-2.44132,0
1789391579473,0,1789391579466,-0.933253,3.82351,-2.46588,0
1789391579538,0,1789391579530,-0.933226,3.82356,-2.49199,0
1789391579582,0,1789391579574,-0.933221,3.82358,-2.50975,0
1789391579636,0,1789391579622,-0.93321,3.82352,-2.52861,0
1789391579676,0,1789391579670,-0.933201,3.82344,-2.54788,0
1789391579745,0,1789391579736,-0.933187,3.82343,-2.57421,0
1789391579792,0,1789391579785,-0.933179,3.82351,-2.59336,0
1789391579840,0,1789391579834,-0.933161,3.82354,-2.61278,0
1789391579889,0,1789391579881,-0.933138,3.82345,-2.63113,0
1789391579940,0,1789391579933,-0.933127,3.82337,-2.65112,0
1789391579985,0,1789391579977,-0.933166,3.82339,-2.66872,0
1789391580044,0,1789391580028,-0.933209,3.82342,-2.68831,0
1789391580091,0,1789391580082,-0.933254,3.82336,-2.70868,0
1789391580145,0,1789391580135,-0.933294,3.82332,-2.72848,0
1789391580196,0,1789391580187,-0.933269,3.82333,-2.7474,0
1789391580263,0,1789391580252,-0.933232,3.82336,-2.77181,0
1789391580306,0,1789391580298,-0.933232,3.82337,-2.78925,0
1789391580359,0,1789391580350,-0.933241,3.82338,-2.80813,0
1789391580401,0,1789391580394,-0.933246,3.82337,-2.82473,0
1789391580457,0,1789391580445,-0.933249,3.82336,-2.84385,0
1789391580509,0,1789391580500,-0.933279,3.82337,-2.86355,0
1789391580558,0,1789391580550,-0.933333,3.82342,-2.88118,0
1789391580605,0,1789391580596,-0.933376,3.82348,-2.89673,0
1789391580656,0,1789391580648,-0.933348,3.82353,-2.91379,0
1789391580699,0,1789391580692,-0.933322,3.82357,-2.92733,0
1789391580755,0,1789391580747,-0.933392,3.82347,-2.94354,0
1789391580805,0,1789391580796,-0.933451,3.82338,-2.95844,0
1789391580855,0,1789391580846,-0.933456,3.82337,-2.97309,0
1789391580900,0,1789391580893,-0.93346,3.82337,-2.98637,0
1789391580956,0,1789391580945,-0.933469,3.8234,-3.0009,0
1789391581008,0,1789391581000,-0.933478,3.82344,-3.01582,0
1789391581071,0,1789391581062,-0.933506,3.82348,-3.03228,0
1789391581111,0,1789391581105,-0.933538,3.82348,-3.04238,0
1789391581167,0,1789391581158,-0.933582,3.82347,-3.05531,0
1789391581209,0,1789391581201,-0.933613,3.82343,-3.06583,0
1789391581261,0,1789391581253,-0.933643,3.8234,-3.0782,0
1789391581316,0,1789391581308,-0.933618,3.82346,-3.09107,0
1789391581378,0,1789391581370,-0.933588,3.82354,-3.10446,0
1789391581421,0,1789391581414,-0.933609,3.82352,-3.11374,0
1789391581483,0,1789391581475,-0.933639,3.82351,-3.1266,0
1789391581536,0,1789391581529,-0.933652,3.82356,-3.13746,0
1789391581584,0,1789391581577,-0.933658,3.82361,3.13583,0
1789391581635,0,1789391581624,-0.933703,3.82361,3.12652,0
1789391581682,0,1789391581673,-0.93376,3.82359,3.11704,0
1789391581729,0,1789391581721,-0.933788,3.82358,3.1083,0
1789391581780,0,1789391581771,-0.933792,3.82358,3.09935,0
1789391581827,0,1789391581819,-0.933776,3.82357,3.09152,0
1789391581881,0,1789391581871,-0.933731,3.82355,3.08253,0
1789391581930,0,1789391581921,-0.933687,3.82352,3.07418,0
1789391581994,0,1789391581984,-0.933647,3.82346,3.06432,0
1789391582035,0,1789391582027,-0.93366,3.82287,3.05798,0
1789391582087,0,1789391582079,-0.933749,3.8213,3.05262,0
1789391582132,0,1789391582124,-0.933777,3.82053,3.0496,0
1789391582182,0,1789391582174,-0.93396,3.81838,3.0488,0
1789391582234,0,1789391582228,-0.934171,3.8159,3.05001,0
1789391582287,0,1789391582279,-0.934407,3.81294,3.05337,0
1789391582344,0,1789391582336,-0.9347,3.80906,3.05878,0
1789391582391,0,1789391582385,-0.934981,3.80562,3.06368,0
1789391582440,0,1789391582431,-0.935284,3.80194,3.06881,0
1789391582492,0,1789391582483,-0.93565,3.79784,3.07431,0
1789391582537,0,1789391582529,-0.93601,3.79406,3.07937,0
1789391582602,0,1789391582591,-0.936462,3.78903,3.0863,0
1789391582667,0,1789391582656,-0.936781,3.7837,3.09207,0
1789391582716,0,1789391582706,-0.937017,3.77956,3.09427,0
1789391582759,0,1789391582752,-0.937166,3.77573,3.09596,0
1789391582813,0,1789391582804,-0.937326,3.77137,3.09848,0
1789391582855,0,1789391582848,-0.937566,3.76777,3.101,0
1789391582913,0,1789391582903,-0.937851,3.76324,3.10423,0
1789391582960,0,1789391582952,-0.938086,3.75932,3.1063,0
1789391583013,0,1789391583002,-0.938291,3.75533,3.10853,0
1789391583058,0,1789391583048,-0.938387,3.75163,3.11051,0
1789391583118,0,1789391583108,-0.938434,3.74669,3.11297,0
1789391583161,0,1789391583153,-0.938503,3.74308,3.11511,0
1789391583216,0,1789391583206,-0.93867,3.73886,3.1173,0
1789391583281,0,1789391583273,-0.938839,3.73345,3.12036,0
1789391583330,0,1789391583324,-0.938824,3.72925,3.12268,0
1789391583383,0,1789391583376,-0.938797,3.72496,3.12514,0
1789391583437,0,1789391583427,-0.938867,3.72069,3.12618,0
1789391583481,0,1789391583473,-0.938925,3.71681,3.12878,0
1789391583539,0,1789391583532,-0.93896,3.71209,3.13094,0
1789391583586,0,1789391583577,-0.938988,3.70859,3.12741,0
1789391583640,0,1789391583630,-0.939108,3.70413,3.11856,0
1789391583688,0,1789391583681,-0.939325,3.69871,3.1094,0
1789391583740,0,1789391583732,-0.939607,3.69393,3.10055,0
1789391583789,0,1789391583778,-0.940008,3.688,3.09241,0
1789391583838,0,1789391583829,-0.940473,3.68155,3.08294,0
1789391583891,0,1789391583882,-0.941211,3.67116,3.07356,0
1789391583943,0,1789391583934,-0.941939,3.6618,3.0652,0
1789391583985,0,1789391583978,-0.942745,3.65121,3.05781,0
1789391584040,0,1789391584031,-0.94385,3.63823,3.04824,0
1789391584080,0,1789391584074,-0.945066,3.62544,3.04112,0
1789391584145,0,1789391584133,-0.946884,3.60808,3.03039,0
1789391584187,0,1789391584179,-0.94885,3.59273,3.02239,0
1789391584237,0,1789391584228,-0.95112,3.57612,3.0145,0
1789391584281,0,1789391584275,-0.953387,3.55974,3.00654,0
1789391584342,0,1789391584333,-0.956584,3.53787,2.9974,0
1789391584391,0,1789391584381,-0.959286,3.51959,2.98959,0
1789391584450,0,1789391584435,-0.962694,3.49723,2.98228,0
1789391584486,0,1789391584478,-0.965644,3.4796,2.97772,0
1789391584540,0,1789391584531,-0.969734,3.45737,2.97424,0
1789391584591,0,1789391584583,-0.973567,3.43623,2.97523,0
1789391584649,0,1789391584640,-0.977284,3.41172,2.98331,0
1789391584705,0,1789391584692,-0.980483,3.38863,2.99511,0
1789391584760,0,1789391584750,-0.983893,3.36343,3.00965,0
1789391584803,0,1789391584795,-0.986289,3.34387,3.02201,0
1789391584854,0,1789391584848,-0.98857,3.3204,3.03853,0
1789391584908,0,1789391584899,-0.99036,3.29727,3.05629,0
1789391584961,0,1789391584948,-0.991734,3.27457,3.07559,0
1789391585005,0,1789391584995,-0.992624,3.25247,3.09463,0
1789391585056,0,1789391585046,-0.993257,3.2282,3.11551,0
1789391585102,0,1789391585093,-0.99346,3.2054,3.1333,0
1789391585160,0,1789391585151,-0.993018,3.17719,-3.12791,0
1789391585210,0,1789391585198,-0.992004,3.15384,-3.1098,0
1789391585257,0,1789391585249,-0.990453,3.12808,-3.09104,0
1789391585304,0,1789391585296,-0.988855,3.10435,-3.07483,0
1789391585364,0,1789391585356,-0.98615,3.07402,-3.0523,0
1789391585413,0,1789391585402,-0.983277,3.05,-3.03627,0
1789391585460,0,1789391585452,-0.9796,3.02331,-3.01866,0
1789391585503,0,1789391585496,-0.976641,2.99915,-3.00438,0
1789391585562,0,1789391585552,-0.972272,2.9681,-2.98541,0
1789391585621,0,1789391585610,-0.9672,2.93589,-2.96637,0
1789391585678,0,1789391585671,-0.960841,2.90075,-2.9488,0
1789391585723,0,1789391585715,-0.955865,2.87561,-2.9396,0
1789391585773,0,1789391585764,-0.949773,2.84703,-2.93104,0
1789391585826,0,1789391585810,-0.944251,2.82011,-2.92504,0
1789391585872,0,1789391585863,-0.937872,2.78743,-2.91937,0
1789391585931,0,1789391585923,-0.930507,2.75106,-2.91413,0
1789391585987,0,1789391585976,-0.922643,2.71787,-2.91054,0
1789391586029,0,1789391586020,-0.915974,2.69022,-2.9083,0
1789391586081,0,1789391586071,-0.907666,2.6586,-2.90532,0
1789391586122,0,1789391586116,-0.900331,2.63094,-2.90272,0
1789391586181,0,1789391586170,-0.892094,2.59764,-2.89975,0
1789391586273,0,1789391586227,-0.873933,2.58727,-2.90979,0.0268179
1789391586326,0,1789391586318,-0.860481,2.53188,-2.90808,0
1789391586380,0,1789391586371,-0.852448,2.49968,-2.9091,0
1789391586421,0,1789391586414,-0.845789,2.4731,-2.91074,0
1789391586481,0,1789391586472,-0.837074,2.4378,-2.91366,0
1789391586532,0,1789391586524,-0.829453,2.40525,-2.91672,0
1789391586595,0,1789391586582,-0.820952,2.36902,-2.92019,0
1789391586633,0,1789391586627,-0.814049,2.34119,-2.92281,0
1789391586683,0,1789391586676,-0.806537,2.31051,-2.92639,0
1789391586732,0,1789391586725,-0.800109,2.28049,-2.9298,0
1789391586821,0,1789391586791,-0.791365,2.23426,-2.93569,0.00616626
1789391586856,0,1789391586848,-0.784229,2.19967,-2.94089,0
1789391586907,0,1789391586900,-0.777791,2.16762,-2.94676,0
1789391586963,0,1789391586952,-0.771338,2.13526,-2.9539,0
1789391587013,0,1789391587005,-0.765004,2.10191,-2.96292,0
1789391587084,0,1789391587048,-0.763767,2.07682,-2.97073,0.00404874
1789391587121,0,1789391587099,-0.758457,2.04461,-2.98035,1.22878e-06
1789391587181,0,1789391587144,-0.75375,2.01574,-2.98943,0.0004476
1789391587234,0,1789391587199,-0.750488,1.98125,-2.99959,0.00213029
1789391587280,0,1789391587256,-0.745672,1.94617,-3.01039,0
1789391587335,0,1789391587306,-0.738287,1.90684,-3.01998,0.00925458
1789391587382,0,1789391587352,-0.739035,1.87542,-3.0268,0.00442579
1789391587432,0,1789391587406,-0.742291,1.8404,-3.04025,0.00724054
1789391587484,0,1789391587452,-0.730931,1.80729,-3.05209,0.00992937
1789391587545,0,1789391587510,-0.731396,1.77323,-3.06408,0.00320225
1789391587598,0,1789391587556,-0.73016,1.74469,-3.07312,0.000288728
1789391587635,0,1789391587606,-0.728709,1.71364,-3.08453,0
1789391587690,0,1789391587660,-0.721711,1.67078,-3.10019,0.0103847
1789391587736,0,1789391587711,-0.727112,1.64498,-3.11051,0.00896218
1789391587799,0,1789391587760,-0.725951,1.61266,-3.12011,0.00134929
1789391587839,0,1789391587810,-0.728791,1.58292,-3.13125,0.00370553
1789391587886,0,1789391587854,-0.720677,1.54934,3.14028,0.009842
1789391587943,0,1789391587912,-0.730361,1.51242,3.13092,0.00912708
1789391587996,0,1789391587963,-0.731277,1.48014,3.12339,0.000173118
1789391588058,0,1789391588015,-0.729634,1.4381,3.11566,0.00922139
1789391588116,0,1789391588075,-0.734642,1.40874,3.10982,0.0082009
1789391588157,0,1789391588126,-0.733812,1.37777,3.10778,0.00229055
1789391588201,0,1789391588171,-0.734254,1.34889,3.10671,0.000215364
1789391588248,0,1789391588220,-0.733846,1.30693,3.10874,0.0110516
1789391588295,0,1789391588267,-0.734127,1.2785,3.11426,0.000702055
1789391588345,0,1789391588315,-0.736997,1.25119,3.11846,0.00361813
1789391588393,0,1789391588363,-0.741454,1.2211,3.12371,0.00411962
1789391588459,0,1789391588419,-0.748995,1.1593,3.13334,0.0273005
1789391588517,0,1789391588477,-0.745544,1.1526,3.13809,0.0297252
1789391588551,0,1789391588528,-0.745172,1.12047,-3.13291,9.61096e-07
1789391588599,0,1789391588573,-0.745241,1.09257,-3.12053,0.000878173
1789391588663,0,1789391588625,-0.757691,1.0325,-3.09987,0.0307109
1789391588698,0,1789391588670,-0.744159,1.03016,-3.09968,0.0283583
1789391588761,0,1789391588728,-0.763443,0.989346,-3.09656,0.0221911
1789391588809,0,1789391588776,-0.761864,0.965725,-3.08638,0.00374168
1789391588864,0,1789391588826,-0.77529,0.921037,-3.07045,0.023397
1789391588901,0,1789391588875,-0.770623,0.901357,-3.06394,0.00708135
1789391588958,0,1789391588932,-0.767838,0.872081,-3.05294,0
1789391589009,0,1789391588979,-0.761729,0.850541,-3.04362,0.00370673
1789391589098,0,1789391589033,-0.763573,0.797353,-3.02612,0.0263412
1789391589133,0,1789391589083,-0.768462,0.787063,-3.02071,0.0181245
1789391589186,0,1789391589179,-0.802933,0.73498,-3.01986,0
1789391589279,0,1789391589234,-0.816026,0.682565,-3.00767,0.0271051
1789391589295,0,1789391589287,-0.811832,0.652675,-2.99359,0
1789391589354,0,1789391589346,-0.806591,0.619619,-2.97342,0
1789391589437,0,1789391589391,-0.80898,0.583997,-2.95653,0.0123028
1789391589452,0,1789391589443,-0.802995,0.554245,-2.9399,0
1789391589497,0,1789391589490,-0.796914,0.528794,-2.91959,0
1789391589551,0,1789391589542,-0.789443,0.500553,-2.89703,0
1789391589610,0,1789391589595,-0.782047,0.472136,-2.8739,0
1789391589655,0,1789391589647,-0.774385,0.444344,-2.85111,0
1789391589697,0,1789391589691,-0.767275,0.420219,-2.8329,0
1789391589755,0,1789391589747,-0.757227,0.388901,-2.81326,0
1789391589807,0,1789391589797,-0.747855,0.361072,-2.79826,0
1789391589855,0,1789391589847,-0.737602,0.332457,-2.78532,0
1789391589900,0,1789391589892,-0.728109,0.306523,-2.77682,0
1789391589960,0,1789391589951,-0.715553,0.272513,-2.768,0
1789391590021,0,1789391590011,-0.702586,0.238096,-2.76108,0
1789391590069,0,1789391590062,-0.691289,0.207282,-2.75692,0
1789391590114,0,1789391590108,-0.680856,0.179288,-2.75385,0
1789391590167,0,1789391590158,-0.668382,0.149559,-2.75358,0
1789391590213,0,1789391590204,-0.656668,0.121825,-2.75559,0
1789391590262,0,1789391590255,-0.645114,0.0924478,-2.75906,0
1789391590317,0,1789391590310,-0.633108,0.0606656,-2.76288,0
1789391590368,0,1789391590362,-0.621336,0.0304002,-2.76918,0
1789391590418,0,1789391590407,-0.610713,0.00356434,-2.77566,0
1789391590467,0,1789391590459,-0.598681,-0.0271804,-2.78447,0
1789391590511,0,1789391590503,-0.588518,-0.0535924,-2.79218,0
1789391590570,0,1789391590562,-0.575675,-0.0884167,-2.80323,0
1789391590619,0,1789391590610,-0.566079,-0.117578,-2.81277,0
1789391590675,0,1789391590667,-0.555221,-0.152051,-2.82553,0
1789391590716,0,1789391590710,-0.547376,-0.177486,-2.8354,0
1789391590770,0,1789391590762,-0.538245,-0.208384,-2.84697,0
1789391590822,0,1789391590808,-0.529508,-0.235192,-2.85702,0
1789391590871,0,1789391590862,-0.519632,-0.266589,-2.86801,0
1789391590921,0,1789391590912,-0.511237,-0.296161,-2.87925,0
1789391590978,0,1789391590970,-0.502435,-0.331171,-2.89232,0
1789391591027,0,1789391591018,-0.495562,-0.360407,-2.9046,0
1789391591073,0,1789391591065,-0.489425,-0.389565,-2.91566,0
1789391591121,0,1789391591114,-0.482994,-0.419508,-2.92691,0
1789391591181,0,1789391591172,-0.474959,-0.455011,-2.94034,0
1789391591230,0,1789391591219,-0.46897,-0.483913,-2.95129,0
1789391591279,0,1789391591269,-0.463966,-0.514623,-2.96286,0
1789391591321,0,1789391591314,-0.459785,-0.542164,-2.97366,0
1789391591378,0,1789391591369,-0.45515,-0.575287,-2.98774,0
1789391591432,0,1789391591421,-0.451256,-0.605977,-3.00177,0
1789391591489,0,1789391591481,-0.447103,-0.639969,-3.02085,0
1789391591532,0,1789391591524,-0.44471,-0.662095,-3.03688,0
1789391591580,0,1789391591572,-0.442458,-0.685243,-3.05541,0
1789391591637,0,1789391591627,-0.440492,-0.710885,-3.07653,0
1789391591689,0,1789391591683,-0.439211,-0.735801,-3.09881,0
1789391591742,0,1789391591733,-0.438769,-0.75635,-3.11596,0
1789391591790,0,1789391591781,-0.438587,-0.775852,-3.12855,0
1789391591836,0,1789391591828,-0.438621,-0.793818,-3.13975,0
1789391591890,0,1789391591878,-0.43884,-0.811601,3.13159,0
1789391591942,0,1789391591934,-0.439194,-0.82688,3.12018,0
1789391591994,0,1789391591987,-0.439455,-0.835826,3.10912,0
1789391592036,0,1789391592030,-0.439681,-0.842203,3.09944,0
1789391592089,0,1789391592082,-0.440042,-0.850088,3.08768,0
1789391592139,0,1789391592131,-0.440465,-0.8575,3.07831,0
1789391592194,0,1789391592187,-0.440983,-0.865476,3.07182,0
1789391592251,0,1789391592232,-0.456068,-0.914045,3.06887,0.0481797
1789391592307,0,1789391592292,-0.457616,-0.924853,3.06761,0
1789391592344,0,1789391592337,-0.458026,-0.930231,3.06659,0
1789391592398,0,1789391592390,-0.458519,-0.935696,3.06815,0
1789391592441,0,1789391592435,-0.458908,-0.940151,3.07404,0
1789391592501,0,1789391592493,-0.459315,-0.945549,3.08714,0
1789391592558,0,1789391592550,-0.45963,-0.950915,3.10458,0
1789391592613,0,1789391592601,-0.459773,-0.955353,3.12343,0
1789391592656,0,1789391592648,-0.459825,-0.959517,-3.14015,0
1789391592716,0,1789391592706,-0.459813,-0.964659,-3.1157,0
1789391592763,0,1789391592754,-0.459705,-0.968991,-3.09585,0
1789391592810,0,1789391592801,-0.45941,-0.973446,-3.07647,0
1789391592857,0,1789391592847,-0.459027,-0.977853,-3.05775,0
1789391592910,0,1789391592903,-0.458453,-0.983189,-3.03478,0
1789391592959,0,1789391592953,-0.457822,-0.988096,-3.01468,0
1789391593013,0,1789391593003,-0.457126,-0.992964,-2.9955,0
1789391593060,0,1789391593050,-0.456395,-0.997568,-2.97869,0
1789391593123,0,1789391593113,-0.455293,-1.00366,-2.95556,0
1789391593174,0,1789391593165,-0.454255,-1.00861,-2.93703,0
1789391593232,0,1789391593222,-0.453654,-1.01128,-2.91888,0
1789391593276,0,1789391593268,-0.453467,-1.01201,-2.90896,0
1789391593330,0,1789391593318,-0.453232,-1.01291,-2.90143,0
1789391593370,0,1789391593363,-0.452983,-1.01387,-2.89783,0
1789391593423,0,1789391593416,-0.452641,-1.01519,-2.89691,0
1789391593476,0,1789391593468,-0.452364,-1.016,-2.89684,0
1789391593526,0,1789391593519,-0.452148,-1.01654,-2.89644,0
1789391593575,0,1789391593566,-0.452034,-1.01668,-2.89675,0
1789391593625,0,1789391593617,-0.451946,-1.01668,-2.89732,0
1789391593677,0,1789391593671,-0.451927,-1.01672,-2.89764,0
1789391593731,0,1789391593721,-0.451981,-1.01679,-2.89816,0
1789391593774,0,1789391593768,-0.451966,-1.01682,-2.89811,0
1789391593828,0,1789391593820,-0.451829,-1.01676,-2.89796,0
1789391593882,0,1789391593875,-0.451691,-1.01673,-2.89863,0
1789391593938,0,1789391593930,-0.451598,-1.01686,-2.89838,0
1789391593986,0,1789391593979,-0.451514,-1.01699,-2.89855,0
1789391594035,0,1789391594028,-0.451514,-1.01706,-2.89816,0
1789391594084,0,1789391594077,-0.451513,-1.01714,-2.89826,0
1789391594140,0,1789391594132,-0.451466,-1.01711,-2.89819,0
1789391594188,0,1789391594181,-0.451413,-1.01705,-2.8971,0
1789391594237,0,1789391594229,-0.451356,-1.01709,-2.89709,0
1789391594284,0,1789391594277,-0.451296,-1.01717,-2.89711,0
1789391594336,0,1789391594328,-0.451301,-1.01719,-2.89694,0
1789391594392,0,1789391594385,-0.45138,-1.01715,-2.89633,0
1789391594449,0,1789391594440,-0.451439,-1.01714,-2.89555,0
1789391594498,0,1789391594490,-0.451463,-1.01721,-2.89502,0
1789391594546,0,1789391594538,-0.451495,-1.01725,-2.89494,0
1789391594597,0,1789391594588,-0.451571,-1.01719,-2.89479,0
1789391594656,0,1789391594647,-0.45166,-1.01713,-2.8946,0
1789391594707,0,1789391594700,-0.451705,-1.01713,-2.89485,0
1789391594758,0,1789391594749,-0.451746,-1.01713,-2.89493,0
1789391594805,0,1789391594797,-0.451729,-1.01718,-2.89483,0
1789391594858,0,1789391594849,-0.451704,-1.01723,-2.89502,0
1789391594903,0,1789391594895,-0.451741,-1.01726,-2.89504,0
1789391594957,0,1789391594950,-0.451807,-1.0173,-2.89481,0
1789391595008,0,1789391594999,-0.45179,-1.01729,-2.89478,0
1789391595059,0,1789391595050,-0.451704,-1.01725,-2.89465,0
1789391595103,0,1789391595095,-0.451633,-1.01724,-2.89446,0
1789391595160,0,1789391595151,-0.45155,-1.01725,-2.89436,0
1789391595208,0,1789391595200,-0.45148,-1.01725,-2.89493,0
1789391595260,0,1789391595252,-0.451415,-1.01721,-2.89547,0
1789391595304,0,1789391595296,-0.451361,-1.01718,-2.89576,0
1789391595355,0,1789391595347,-0.45141,-1.01719,-2.89619,0
1789391595412,0,1789391595404,-0.451465,-1.01721,-2.89583,0
1789391595469,0,1789391595461,-0.45143,-1.01714,-2.89576,0
1789391595518,0,1789391595511,-0.451375,-1.01706,-2.89509,0
1789391595567,0,1789391595561,-0.451377,-1.01702,-2.89491,0
1789391595610,0,1789391595603,-0.451399,-1.01701,-2.89503,0
1789391595665,0,1789391595656,-0.451387,-1.01703,-2.8954,0
1789391595718,0,1789391595711,-0.451333,-1.01709,-2.89556,0
1789391595779,0,1789391595771,-0.451267,-1.01713,-2.89542,0
1789391595825,0,1789391595818,-0.451205,-1.0171,-2.89613,0
1789391595878,0,1789391595870,-0.451139,-1.01707,-2.8967,0
1789391595933,0,1789391595924,-0.451089,-1.01702,-2.89668,0
1789391595984,0,1789391595976,-0.45104,-1.01697,-2.8963,0
1789391596037,0,1789391596029,-0.451037,-1.01686,-2.89647,0
1789391596087,0,1789391596079,-0.451034,-1.01676,-2.89607,0
1789391596132,0,1789391596126,-0.451073,-1.01678,-2.89537,0
1789391596191,0,1789391596184,-0.451126,-1.0168,-2.89491,0
1789391596238,0,1789391596229,-0.451119,-1.01676,-2.89479,0
1789391596291,0,1789391596283,-0.451095,-1.01669,-2.89462,0
1789391596342,0,1789391596333,-0.451109,-1.01667,-2.89429,0
1789391596390,0,1789391596383,-0.451156,-1.01669,-2.89387,0
1789391596435,0,1789391596429,-0.451192,-1.01668,-2.89354,0
1789391596487,0,1789391596479,-0.451222,-1.01662,-2.89414,0
1789391596532,0,1789391596525,-0.451238,-1.01658,-2.89385,0
1789391596588,0,1789391596580,-0.451201,-1.01662,-2.89426,0
1789391596639,0,1789391596631,-0.451167,-1.01665,-2.89441,0
1789391596693,0,1789391596683,-0.451169,-1.01657,-2.89532,0
1789391596736,0,1789391596727,-0.451171,-1.01649,-2.89518,0
1789391596784,0,1789391596777,-0.451191,-1.01649,-2.89519,0
1789391596840,0,1789391596832,-0.451217,-1.01649,-2.89516,0
1789391596894,0,1789391596886,-0.451221,-1.0165,-2.89534,0
1789391596938,0,1789391596930,-0.451216,-1.0165,-2.89582,0
1789391596985,0,1789391596977,-0.45121,-1.01651,-2.89582,0
1789391597036,0,1789391597027,-0.451203,-1.01652,-2.89584,0
1789391597095,0,1789391597089,-0.451202,-1.01652,-2.89586,0
1789391597151,0,1789391597144,-0.451218,-1.01652,-2.89583,0
1789391597202,0,1789391597193,-0.451233,-1.01651,-2.896,0
1789391597244,0,1789391597237,-0.451245,-1.01646,-2.89625,0
1789391597295,0,1789391597288,-0.45126,-1.0164,-2.8963,0
1789391597343,0,1789391597335,-0.451267,-1.01631,-2.89658,0
1789391597411,0,1789391597401,-0.451277,-1.01619,-2.89644,0
1789391597455,0,1789391597446,-0.451285,-1.01621,-2.89642,0
1789391597511,0,1789391597502,-0.451294,-1.01624,-2.89637,0
1789391597556,0,1789391597548,-0.45135,-1.01626,-2.89625,0
1789391597610,0,1789391597598,-0.451427,-1.01628,-2.89636,0
1789391597652,0,1789391597645,-0.45147,-1.01634,-2.89718,0
1789391597713,0,1789391597706,-0.451494,-1.01646,-2.89739,0
1789391597769,0,1789391597762,-0.451508,-1.01655,-2.89696,0
1789391597822,0,1789391597814,-0.451503,-1.01661,-2.89696,0
1789391597866,0,1789391597860,-0.451488,-1.01662,-2.89713,0
1789391597916,0,1789391597909,-0.451418,-1.01651,-2.89705,0
1789391597965,0,1789391597958,-0.451349,-1.01639,-2.8976,0
1789391598019,0,1789391598012,-0.451493,-1.01632,-2.89771,0
1789391598068,0,1789391598060,-0.451625,-1.01626,-2.89776,0
1789391598125,0,1789391598116,-0.45168,-1.01627,-2.89796,0
1789391598172,0,1789391598165,-0.451705,-1.0163,-2.89741,0
1789391598226,0,1789391598215,-0.4517,-1.01634,-2.89737,0
1789391598267,0,1789391598261,-0.451683,-1.01638,-2.89653,0
1789391598320,0,1789391598311,-0.451716,-1.01642,-2.89646,0
1789391598374,0,1789391598366,-0.451804,-1.01645,-2.89668,0
1789391598428,0,1789391598421,-0.451838,-1.01649,-2.89701,0
1789391598477,0,1789391598470,-0.451769,-1.01653,-2.89722,0
1789391598532,0,1789391598524,-0.451712,-1.01657,-2.89716,0
1789391598574,0,1789391598566,-0.451739,-1.0166,-2.89673,0
1789391598624,0,1789391598615,-0.451771,-1.01662,-2.89635,0
1789391598670,0,1789391598662,-0.451877,-1.01668,-2.89606,0
1789391598725,0,1789391598716,-0.451999,-1.01674,-2.89538,0
1789391598782,0,1789391598774,-0.452162,-1.01681,-2.89512,0
1789391598835,0,1789391598827,-0.45232,-1.01688,-2.8956,0
1789391598889,0,1789391598880,-0.452376,-1.01688,-2.89556,0
1789391598938,0,1789391598929,-0.452377,-1.01685,-2.89598,0
1789391598982,0,1789391598976,-0.452354,-1.01682,-2.89576,0
1789391599040,0,1789391599031,-0.452305,-1.01679,-2.89621,0
1789391599091,0,1789391599084,-0.452288,-1.01679,-2.89644,0
1789391599145,0,1789391599135,-0.452334,-1.01685,-2.89627,0
1789391599186,0,1789391599180,-0.452383,-1.01691,-2.89603,0
1789391599238,0,1789391599232,-0.452486,-1.017,-2.89673,0
1789391599297,0,1789391599289,-0.452598,-1.01711,-2.89726,0
1789391599351,0,1789391599342,-0.452604,-1.01707,-2.89723,0
1789391599403,0,1789391599394,-0.452609,-1.01704,-2.89717,0
1789391599452,0,1789391599444,-0.452631,-1.0171,-2.8971,0
1789391599500,0,1789391599490,-0.452655,-1.01718,-2.89692,0
1789391599549,0,1789391599540,-0.452652,-1.01718,-2.89737,0
1789391599595,0,1789391599587,-0.452633,-1.01712,-2.89754,0
1789391599652,0,1789391599643,-0.452575,-1.01705,-2.89708,0
1789391599709,0,1789391599701,-0.452464,-1.01697,-2.89683,0
1789391599760,0,1789391599752,-0.452382,-1.01694,-2.89745,0
1789391599803,0,1789391599796,-0.452339,-1.01698,-2.89738,0
1789391599856,0,1789391599847,-0.452282,-1.01701,-2.89745,0
1789391599901,0,1789391599893,-0.452199,-1.01694,-2.8975,0
1789391599960,0,1789391599952,-0.452105,-1.01686,-2.89761,0
1789391600005,0,1789391599999,-0.452143,-1.01682,-2.89815,0
1789391600057,0,1789391600049,-0.452183,-1.01677,-2.89851,0
1789391600112,0,1789391600105,-0.452294,-1.01686,-2.89872,0
1789391600163,0,1789391600153,-0.452408,-1.01699,-2.89843,0
1789391600211,0,1789391600203,-0.452429,-1.01704,-2.8983,0
1789391600259,0,1789391600252,-0.452401,-1.01704,-2.8983,0
1789391600305,0,1789391600298,-0.452304,-1.01702,-2.89809,0
1789391600365,0,1789391600359,-0.452095,-1.01695,-2.89809,0
1789391600424,0,1789391600418,-0.451951,-1.01689,-2.89836,0
1789391600478,0,1789391600470,-0.451937,-1.01686,-2.8984,0
1789391600521,0,1789391600513,-0.451947,-1.01684,-2.89836,0
1789391600572,0,1789391600564,-0.45206,-1.01683,-2.89898,0
1789391600617,0,1789391600609,-0.45216,-1.01682,-2.89898,0
1789391600672,0,1789391600666,-0.452264,-1.01675,-2.89963,0
1789391600732,0,1789391600723,-0.452364,-1.01667,-2.89928,0
1789391600794,0,1789391600777,-0.452384,-1.01671,-2.89881,0
1789391600827,0,1789391600819,-0.452383,-1.01677,-2.89921,0
1789391600877,0,1789391600868,-0.452387,-1.01677,-2.89899,0
1789391600930,0,1789391600920,-0.452395,-1.01673,-2.89902,0
1789391600989,0,1789391600980,-0.452409,-1.01669,-2.89918,0
1789391601033,0,1789391601027,-0.452424,-1.01665,-2.89896,0
1789391601082,0,1789391601076,-0.452411,-1.01662,-2.89973,0
1789391601129,0,1789391601120,-0.452352,-1.01663,-2.90003,0
1789391601186,0,1789391601178,-0.452287,-1.01663,-2.90096,0
1789391601237,0,1789391601231,-0.452305,-1.01665,-2.90153,0
1789391601298,0,1789391601290,-0.452324,-1.01667,-2.90178,0
1789391601340,0,1789391601333,-0.452267,-1.01672,-2.90165,0
1789391601394,0,1789391601386,-0.452198,-1.01678,-2.90151,0
1789391601438,0,1789391601431,-0.452148,-1.01671,-2.90123,0
1789391601498,0,1789391601490,-0.452082,-1.01662,-2.90069,0
1789391601552,0,1789391601545,-0.452082,-1.01662,-2.90103,0
1789391601603,0,1789391601592,-0.452116,-1.01668,-2.90115,0
1789391601646,0,1789391601638,-0.452151,-1.0167,-2.90151,0
1789391601696,0,1789391601686,-0.45219,-1.01669,-2.90151,0
1789391601748,0,1789391601739,-0.452231,-1.0167,-2.90149,0
1789391601808,0,1789391601800,-0.452273,-1.01674,-2.9014,0
1789391601855,0,1789391601849,-0.452302,-1.0168,-2.90178,0
1789391601916,0,1789391601909,-0.452307,-1.01695,-2.90259,0
1789391601961,0,1789391601954,-0.45231,-1.01706,-2.90287,0
1789391602013,0,1789391602005,-0.45227,-1.01702,-2.90269,0
1789391602057,0,1789391602051,-0.452235,-1.01699,-2.90274,0
1789391602110,0,1789391602102,-0.452167,-1.01698,-2.90306,0
1789391602155,0,1789391602146,-0.452104,-1.01698,-2.9032,0
1789391602215,0,1789391602204,-0.452042,-1.01699,-2.90338,0
1789391602260,0,1789391602254,-0.452004,-1.01701,-2.90339,0
1789391602312,0,1789391602303,-0.451968,-1.01701,-2.90384,0
1789391602355,0,1789391602349,-0.451936,-1.017,-2.90372,0
1789391602410,0,1789391602403,-0.451901,-1.01702,-2.90337,0
1789391602461,0,1789391602454,-0.451876,-1.01709,-2.90331,0
1789391602514,0,1789391602506,-0.451858,-1.01715,-2.90344,0
1789391602557,0,1789391602550,-0.451873,-1.01714,-2.90352,0
1789391602610,0,1789391602602,-0.451891,-1.01712,-2.90331,0
1789391602661,0,1789391602652,-0.451947,-1.01716,-2.9032,0
1789391602722,0,1789391602713,-0.452015,-1.01721,-2.90324,0
1789391602774,0,1789391602765,-0.452023,-1.01734,-2.90332,0
1789391602825,0,1789391602817,-0.452019,-1.01749,-2.90295,0
1789391602869,0,1789391602862,-0.452037,-1.01755,-2.90272,0
1789391602929,0,1789391602921,-0.452068,-1.0176,-2.90268,0
1789391602973,0,1789391602967,-0.452106,-1.01761,-2.90248,0
1789391603027,0,1789391603020,-0.452163,-1.0176,-2.9024,0
1789391603073,0,1789391603066,-0.452206,-1.01763,-2.90302,0
1789391603131,0,1789391603122,-0.452251,-1.01773,-2.90306,0
1789391603184,0,1789391603176,-0.452305,-1.01783,-2.903,0
1789391603236,0,1789391603227,-0.452414,-1.01788,-2.90246,0
1789391603281,0,1789391603273,-0.452512,-1.01792,-2.90218,0
1789391603333,0,1789391603322,-0.452549,-1.01787,-2.90225,0
1789391603377,0,1789391603369,-0.452585,-1.01781,-2.90266,0
1789391603431,0,1789391603422,-0.452658,-1.01777,-2.9029,0
1789391603491,0,1789391603483,-0.452751,-1.01773,-2.90267,0
1789391603542,0,1789391603535,-0.452801,-1.0177,-2.90244,0
1789391603588,0,1789391603579,-0.452829,-1.01769,-2.90239,0
1789391603638,0,1789391603629,-0.452853,-1.0177,-2.90238,0
1789391603682,0,1789391603676,-0.452868,-1.01774,-2.90241,0
1789391603739,0,1789391603732,-0.45289,-1.01776,-2.90259,0
1789391603787,0,1789391603780,-0.452919,-1.01775,-2.9032,0
1789391603841,0,1789391603831,-0.452928,-1.01774,-2.90294,0
1789391603892,0,1789391603884,-0.452822,-1.01779,-2.90267,0
1789391603945,0,1789391603936,-0.452717,-1.01783,-2.90267,0
1789391603986,0,1789391603980,-0.452693,-1.01791,-2.90285,0
1789391604036,0,1789391604029,-0.452667,-1.01801,-2.90277,0
1789391604083,0,1789391604076,-0.452696,-1.01808,-2.90291,0
1789391604146,0,1789391604139,-0.452743,-1.01819,-2.90266,0
1789391604195,0,1789391604187,-0.452682,-1.0182,-2.90227,0
1789391604247,0,1789391604238,-0.452575,-1.01818,-2.9027,0
1789391604291,0,1789391604283,-0.452526,-1.01816,-2.90255,0
1789391604346,0,1789391604339,-0.452506,-1.01814,-2.90254,0
1789391604398,0,1789391604390,-0.4525,-1.01808,-2.90252,0
1789391604454,0,1789391604445,-0.452521,-1.01794,-2.9021,0
1789391604503,0,1789391604496,-0.452532,-1.01783,-2.90225,0
1789391604552,0,1789391604544,-0.452502,-1.0178,-2.9023,0
1789391604597,0,1789391604589,-0.452474,-1.01778,-2.90244,0
1789391604651,0,1789391604641,-0.452518,-1.01776,-2.90275,0
1789391604707,0,1789391604698,-0.452569,-1.01773,-2.90222,0
1789391604765,0,1789391604756,-0.452619,-1.01779,-2.9023,0
1789391604813,0,1789391604805,-0.45266,-1.01786,-2.90187,0
1789391604863,0,1789391604855,-0.452718,-1.01784,-2.90187,0
1789391604909,0,1789391604901,-0.452777,-1.01779,-2.90222,0
1789391604963,0,1789391604956,-0.452836,-1.01772,-2.90245,0
1789391605016,0,1789391605010,-0.452878,-1.01764,-2.90278,0
1789391605072,0,1789391605063,-0.452934,-1.01758,-2.90311,0
1789391605112,0,1789391605105,-0.453005,-1.01756,-2.90318,0
1789391605163,0,1789391605155,-0.453082,-1.01753,-2.90365,0
1789391605217,0,1789391605210,-0.453122,-1.01742,-2.90422,0
1789391605275,0,1789391605265,-0.453163,-1.0173,-2.90463,0
1789391605326,0,1789391605320,-0.453199,-1.01718,-2.90471,0
1789391605379,0,1789391605369,-0.453231,-1.01707,-2.90438,0
1789391605422,0,1789391605415,-0.45323,-1.01704,-2.90426,0
1789391605475,0,1789391605465,-0.453227,-1.01701,-2.90419,0
1789391605519,0,1789391605511,-0.453267,-1.0169,-2.90396,0
1789391605579,0,1789391605570,-0.453338,-1.01672,-2.90366,0
1789391605625,0,1789391605618,-0.453386,-1.01669,-2.90358,0
1789391605681,0,1789391605673,-0.453434,-1.01676,-2.90352,0
1789391605724,0,1789391605716,-0.453493,-1.01678,-2.90406,0
1789391605778,0,1789391605770,-0.453607,-1.01674,-2.90402,0
1789391605829,0,1789391605821,-0.453694,-1.01671,-2.90361,0
1789391605886,0,1789391605879,-0.453677,-1.01668,-2.90357,0
1789391605933,0,1789391605926,-0.453665,-1.01666,-2.90353,0
1789391605982,0,1789391605973,-0.453636,-1.01665,-2.90348,0
1789391606032,0,1789391606023,-0.453604,-1.01663,-2.90341,0
1789391606093,0,1789391606085,-0.453545,-1.01653,-2.90355,0
1789391606137,0,1789391606130,-0.453497,-1.01643,-2.90316,0
1789391606195,0,1789391606187,-0.453431,-1.01642,-2.90325,0
1789391606244,0,1789391606236,-0.453374,-1.01649,-2.9032,0
1789391606296,0,1789391606287,-0.453359,-1.01655,-2.90252,0
1789391606339,0,1789391606332,-0.453385,-1.01659,-2.90261,0
1789391606390,0,1789391606383,-0.453417,-1.01661,-2.90219,0
1789391606443,0,1789391606437,-0.453455,-1.01657,-2.90266,0
1789391606496,0,1789391606487,-0.453485,-1.01654,-2.90271,0
1789391606542,0,1789391606534,-0.453493,-1.01658,-2.90218,0
1789391606597,0,1789391606588,-0.453502,-1.01663,-2.90247,0
1789391606648,0,1789391606640,-0.45344,-1.01666,-2.90211,0
1789391606698,0,1789391606689,-0.453381,-1.0167,-2.90207,0
1789391606744,0,1789391606736,-0.453395,-1.01664,-2.90234,0
1789391606804,0,1789391606796,-0.453424,-1.01654,-2.90247,0
1789391606853,0,1789391606847,-0.45344,-1.01647,-2.90339,0
1789391606908,0,1789391606899,-0.453451,-1.0164,-2.90407,0
1789391606957,0,1789391606950,-0.453482,-1.01635,-2.90501,0
1789391607009,0,1789391607000,-0.45353,-1.01632,-2.90501,0
1789391607062,0,1789391607051,-0.453575,-1.0163,-2.90541,0
1789391607125,0,1789391607108,-0.453617,-1.0163,-2.90537,0
1789391607158,0,1789391607150,-0.453646,-1.01628,-2.90539,0
1789391607209,0,1789391607200,-0.453668,-1.01624,-2.90537,0
1789391607252,0,1789391607247,-0.453689,-1.0162,-2.90467,0
1789391607313,0,1789391607306,-0.453625,-1.01609,-2.90387,0
1789391607362,0,1789391607355,-0.453561,-1.016,-2.90343,0
1789391607414,0,1789391607408,-0.453506,-1.01601,-2.90386,0
1789391607467,0,1789391607459,-0.453457,-1.01605,-2.90414,0
1789391607518,0,1789391607511,-0.453427,-1.01608,-2.90453,0
1789391607563,0,1789391607555,-0.45341,-1.01609,-2.90482,0
1789391607617,0,1789391607610,-0.453382,-1.01611,-2.9049,0
1789391607675,0,1789391607667,-0.453345,-1.01612,-2.90483,0
1789391607731,0,1789391607721,-0.453312,-1.0161,-2.90465,0
1789391607773,0,1789391607763,-0.45329,-1.01602,-2.90416,0
1789391607826,0,1789391607816,-0.453277,-1.01591,-2.90394,0
1789391607869,0,1789391607859,-0.453307,-1.01583,-2.90397,0
1789391607923,0,1789391607915,-0.453347,-1.01572,-2.90374,0
1789391607973,0,1789391607967,-0.453315,-1.01575,-2.9038,0
1789391608031,0,1789391608023,-0.453279,-1.01578,-2.90385,0
1789391608077,0,1789391608069,-0.453235,-1.01583,-2.90387,0
1789391608131,0,1789391608121,-0.453183,-1.01589,-2.90379,0
1789391608185,0,1789391608176,-0.453153,-1.01592,-2.90359,0
1789391608244,0,1789391608237,-0.453138,-1.01591,-2.90365,0
1789391608286,0,1789391608280,-0.453135,-1.01596,-2.90405,0
1789391608339,0,1789391608329,-0.453136,-1.01606,-2.90443,0
1789391608384,0,1789391608376,-0.453162,-1.01613,-2.90371,0
1789391608434,0,1789391608427,-0.453235,-1.01613,-2.904,0
1789391608480,0,1789391608472,-0.453282,-1.01614,-2.90364,0
1789391608542,0,1789391608533,-0.453249,-1.01611,-2.90328,0
1789391608592,0,1789391608585,-0.453219,-1.01608,-2.90305,0
1789391608650,0,1789391608641,-0.453312,-1.01614,-2.90221,0
1789391608694,0,1789391608687,-0.453391,-1.01619,-2.9015,0
1789391608745,0,1789391608737,-0.453417,-1.01618,-2.90153,0
1789391608789,0,1789391608783,-0.453435,-1.01616,-2.90149,0
1789391608843,0,1789391608836,-0.453458,-1.01611,-2.90124,0
1789391608895,0,1789391608889,-0.453481,-1.01605,-2.90161,0
1789391608950,0,1789391608942,-0.453504,-1.01603,-2.90154,0
1789391608992,0,1789391608985,-0.453521,-1.01606,-2.90154,0
1789391609048,0,1789391609039,-0.453541,-1.01608,-2.90165,0
1789391609099,0,1789391609090,-0.453553,-1.01607,-2.90129,0
1789391609153,0,1789391609145,-0.453548,-1.01603,-2.90127,0
1789391609201,0,1789391609194,-0.453457,-1.01588,-2.9011,0
1789391609252,0,1789391609243,-0.453366,-1.01573,-2.90135,0
1789391609300,0,1789391609293,-0.453421,-1.01573,-2.9019,0
1789391609357,0,1789391609350,-0.453483,-1.01572,-2.90106,0
1789391609402,0,1789391609394,-0.453491,-1.01582,-2.90111,0
1789391609457,0,1789391609449,-0.4535,-1.01594,-2.90048,0
1789391609509,0,1789391609500,-0.453479,-1.016,-2.90084,0
1789391609559,0,1789391609551,-0.453445,-1.01603,-2.9007,0
1789391609602,0,1789391609596,-0.453434,-1.01602,-2.90054,0
1789391609656,0,1789391609648,-0.453436,-1.01598,-2.90022,0
1789391609702,0,1789391609693,-0.453446,-1.016,-2.90069,0
1789391609760,0,1789391609752,-0.453479,-1.01611,-2.90099,0
1789391609813,0,1789391609805,-0.453501,-1.01619,-2.90136,0
1789391609869,0,1789391609860,-0.453483,-1.01613,-2.9009,0
1789391609914,0,1789391609906,-0.453469,-1.01608,-2.90112,0
1789391609965,0,1789391609956,-0.453473,-1.01597,-2.90092,0
1789391610012,0,1789391610003,-0.453477,-1.01588,-2.90114,0
1789391610063,0,1789391610054,-0.453409,-1.01584,-2.90118,0
1789391610114,0,1789391610107,-0.453323,-1.01583,-2.90157,0
1789391610168,0,1789391610161,-0.453357,-1.01584,-2.90132,0
1789391610213,0,1789391610206,-0.453444,-1.01587,-2.90108,0
1789391610265,0,1789391610256,-0.453459,-1.01585,-2.90119,0
1789391610311,0,1789391610303,-0.4534,-1.01578,-2.9008,0
1789391610375,0,1789391610367,-0.453335,-1.0157,-2.90048,0
1789391610423,0,1789391610417,-0.45332,-1.0157,-2.90046,0
1789391610483,0,1789391610475,-0.453309,-1.0157,-2.90034,0
1789391610527,0,1789391610520,-0.453328,-1.01569,-2.90043,0
1789391610580,0,1789391610572,-0.453351,-1.01569,-2.90042,0
1789391610622,0,1789391610616,-0.453376,-1.0157,-2.90039,0
1789391610683,0,1789391610674,-0.453409,-1.01571,-2.90035,0
1789391610731,0,1789391610723,-0.453422,-1.01584,-2.90057,0
1789391610778,0,1789391610771,-0.453435,-1.01598,-2.8999,0
1789391610824,0,1789391610816,-0.45341,-1.01591,-2.9003,0
1789391610884,0,1789391610875,-0.453362,-1.01574,-2.90058,0
1789391610939,0,1789391610932,-0.453292,-1.01568,-2.90081,0
1789391611002,0,1789391610985,-0.453201,-1.01575,-2.90127,0
1789391611038,0,1789391611031,-0.453125,-1.01576,-2.90141,0
1789391611084,0,1789391611078,-0.453049,-1.0157,-2.90171,0
1789391611136,0,1789391611128,-0.452986,-1.01564,-2.90161,0
1789391611193,0,1789391611186,-0.453014,-1.01566,-2.90165,0
1789391611240,0,1789391611232,-0.453036,-1.01568,-2.90168,0
1789391611288,0,1789391611280,-0.453066,-1.0157,-2.90152,0
1789391611335,0,1789391611327,-0.453095,-1.01572,-2.90182,0
1789391611393,0,1789391611384,-0.45306,-1.01575,-2.90246,0
1789391611449,0,1789391611441,-0.452999,-1.01578,-2.90242,0
1789391611500,0,1789391611492,-0.452999,-1.01579,-2.90252,0
1789391611544,0,1789391611538,-0.453023,-1.0158,-2.90255,0
1789391611597,0,1789391611589,-0.452995,-1.01583,-2.90291,0
1789391611653,0,1789391611644,-0.452906,-1.01587,-2.90299,0
1789391611703,0,1789391611696,-0.45285,-1.01591,-2.90319,0
1789391611748,0,1789391611739,-0.45285,-1.01593,-2.9032,0
1789391611797,0,1789391611789,-0.452833,-1.01596,-2.90326,0
1789391611857,0,1789391611849,-0.452705,-1.01606,-2.90337,0
1789391611908,0,1789391611900,-0.452597,-1.01615,-2.90276,0
1789391611953,0,1789391611944,-0.452616,-1.01615,-2.90309,0
1789391612004,0,1789391611996,-0.45264,-1.01615,-2.9029,0
1789391612050,0,1789391612043,-0.452761,-1.01624,-2.9039,0
1789391612108,0,1789391612097,-0.452914,-1.01636,-2.90449,0
1789391612157,0,1789391612150,-0.452964,-1.01643,-2.90402,0
1789391612216,0,1789391612209,-0.452956,-1.01648,-2.90373,0
1789391612258,0,1789391612252,-0.452933,-1.01651,-2.90377,0
1789391612310,0,1789391612302,-0.452891,-1.01654,-2.90406,0
1789391612356,0,1789391612348,-0.45288,-1.01656,-2.90378,0
1789391612405,0,1789391612398,-0.452918,-1.01659,-2.90312,0
1789391612460,0,1789391612452,-0.452974,-1.01662,-2.90297,0
1789391612516,0,1789391612509,-0.453112,-1.01665,-2.9024,0
1789391612568,0,1789391612559,-0.45323,-1.01666,-2.90173,0
1789391612617,0,1789391612607,-0.453304,-1.01665,-2.9011,0
1789391612661,0,1789391612654,-0.453376,-1.01664,-2.90061,0
1789391612718,0,1789391612710,-0.453424,-1.01671,-2.90008,0
1789391612767,0,1789391612760,-0.453454,-1.01681,-2.89978,0
1789391612820,0,1789391612812,-0.45339,-1.01684,-2.89974,0
1789391612862,0,1789391612854,-0.453297,-1.01684,-2.8991,0
1789391612915,0,1789391612907,-0.453238,-1.01683,-2.89924,0
1789391612968,0,1789391612961,-0.453243,-1.0168,-2.89926,0
1789391613023,0,1789391613015,-0.453247,-1.01678,-2.89928,0
1789391613074,0,1789391613067,-0.453251,-1.01679,-2.8993,0
1789391613125,0,1789391613117,-0.453264,-1.0168,-2.89931,0
1789391613173,0,1789391613165,-0.453318,-1.01679,-2.8997,0
1789391613222,0,1789391613213,-0.453372,-1.01679,-2.89967,0
1789391613274,0,1789391613267,-0.453391,-1.01668,-2.89951,0
1789391613327,0,1789391613319,-0.453407,-1.01657,-2.8994,0
1789391613382,0,1789391613374,-0.453312,-1.01654,-2.89968,0
1789391613435,0,1789391613427,-0.453187,-1.01653,-2.8994,0
1789391613477,0,1789391613470,-0.453128,-1.01654,-2.89978,0
1789391613528,0,1789391613521,-0.453068,-1.01655,-2.90029,0
1789391613575,0,1789391613569,-0.45306,-1.01658,-2.90059,0
1789391613637,0,1789391613628,-0.453102,-1.01662,-2.90059,0
1789391613688,0,1789391613681,-0.453101,-1.01662,-2.90044,0
1789391613737,0,1789391613730,-0.453025,-1.01657,-2.90057,0
1789391613786,0,1789391613778,-0.452965,-1.01653,-2.9011,0
1789391613839,0,1789391613830,-0.452973,-1.01656,-2.90087,0
1789391613883,0,1789391613877,-0.45298,-1.01658,-2.90114,0
1789391613942,0,1789391613936,-0.452981,-1.01664,-2.90134,0
1789391613986,0,1789391613981,-0.452981,-1.01668,-2.90181,0
1789391614043,0,1789391614036,-0.453024,-1.01679,-2.90127,0
1789391614092,0,1789391614084,-0.453071,-1.01689,-2.90201,0
1789391614143,0,1789391614135,-0.45307,-1.01694,-2.90217,0
1789391614187,0,1789391614181,-0.453045,-1.01695,-2.90223,0
1789391614240,0,1789391614233,-0.453055,-1.01693,-2.90243,0
1789391614295,0,1789391614287,-0.453107,-1.01687,-2.90271,0
1789391614350,0,1789391614344,-0.45315,-1.01682,-2.90284,0
1789391614399,0,1789391614392,-0.453164,-1.0168,-2.9028,0
1789391614450,0,1789391614442,-0.453164,-1.01679,-2.90279,0
1789391614501,0,1789391614493,-0.45309,-1.01685,-2.9026,0
1789391614560,0,1789391614552,-0.453004,-1.01691,-2.90207,0
1789391614610,0,1789391614603,-0.45296,-1.01698,-2.90141,0
1789391614662,0,1789391614655,-0.452914,-1.01705,-2.90162,0
1789391614707,0,1789391614700,-0.453006,-1.01713,-2.90182,0
1789391614756,0,1789391614748,-0.453111,-1.01722,-2.90162,0
1789391614803,0,1789391614795,-0.453126,-1.01722,-2.90152,0
1789391614863,0,1789391614854,-0.453102,-1.01719,-2.90119,0
1789391614909,0,1789391614902,-0.453103,-1.01721,-2.90104,0
1789391614960,0,1789391614953,-0.453123,-1.01728,-2.90192,0
1789391615006,0,1789391614998,-0.453132,-1.01731,-2.90146,0
1789391615061,0,1789391615054,-0.453127,-1.01731,-2.9016,0
1789391615110,0,1789391615104,-0.453123,-1.0173,-2.90118,0
1789391615170,0,1789391615161,-0.453118,-1.01721,-2.9011,0
1789391615217,0,1789391615209,-0.453115,-1.01714,-2.90178,0
1789391615266,0,1789391615258,-0.453093,-1.01722,-2.90192,0
1789391615312,0,1789391615306,-0.453073,-1.0173,-2.90191,0
1789391615365,0,1789391615358,-0.453048,-1.01744,-2.90175,0
1789391615413,0,1789391615406,-0.453025,-1.01757,-2.90147,0
1789391615472,0,1789391615465,-0.453008,-1.01762,-2.90098,0
1789391615516,0,1789391615511,-0.453001,-1.01758,-2.90173,0
1789391615565,0,1789391615559,-0.452968,-1.01758,-2.90177,0
1789391615614,0,1789391615606,-0.452914,-1.01762,-2.90138,0
1789391615673,0,1789391615664,-0.452813,-1.01766,-2.9021,0
1789391615730,0,1789391615721,-0.452636,-1.0177,-2.90291,0
1789391615783,0,1789391615775,-0.452509,-1.01772,-2.90345,0
1789391615834,0,1789391615827,-0.452602,-1.01768,-2.90314,0
1789391615885,0,1789391615877,-0.452691,-1.01764,-2.9038,0
1789391615930,0,1789391615922,-0.452743,-1.0176,-2.90351,0
1789391615979,0,1789391615973,-0.452803,-1.01756,-2.90302,0
1789391616034,0,1789391616026,-0.452949,-1.0176,-2.90295,0
1789391616083,0,1789391616076,-0.453106,-1.01765,-2.90254,0
1789391616129,0,1789391616123,-0.453192,-1.0177,-2.90219,0
1789391616179,0,1789391616172,-0.453259,-1.01776,-2.90235,0
1789391616228,0,1789391616219,-0.453335,-1.01779,-2.90217,0
1789391616280,0,1789391616273,-0.453436,-1.01782,-2.90252,0
1789391616337,0,1789391616330,-0.453525,-1.01788,-2.90237,0
1789391616391,0,1789391616384,-0.453569,-1.01798,-2.9019,0
1789391616444,0,1789391616436,-0.45361,-1.01807,-2.90171,0
1789391616497,0,1789391616488,-0.453651,-1.01807,-2.90169,0
1789391616545,0,1789391616539,-0.453691,-1.01808,-2.90157,0
1789391616594,0,1789391616588,-0.453756,-1.01812,-2.90117,0
1789391616644,0,1789391616635,-0.453819,-1.01816,-2.90108,0
1789391616696,0,1789391616688,-0.453789,-1.01819,-2.90128,0
1789391616748,0,1789391616741,-0.453733,-1.0182,-2.90116,0
1789391616799,0,1789391616792,-0.453693,-1.01822,-2.90087,0
1789391616842,0,1789391616837,-0.453664,-1.01824,-2.90086,0
1789391616898,0,1789391616890,-0.453631,-1.0183,-2.90068,0
1789391616948,0,1789391616942,-0.453599,-1.0184,-2.90083,0
1789391617005,0,1789391616997,-0.453591,-1.01849,-2.90042,0
1789391617048,0,1789391617039,-0.453626,-1.0185,-2.90052,0
1789391617099,0,1789391617090,-0.453646,-1.01852,-2.90105,0
1789391617150,0,1789391617143,-0.45355,-1.01852,-2.90169,0
1789391617209,0,1789391617201,-0.453443,-1.01852,-2.90141,0
1789391617254,0,1789391617246,-0.453438,-1.01857,-2.90109,0
1789391617307,0,1789391617299,-0.453431,-1.01862,-2.90085,0
1789391617353,0,1789391617344,-0.45344,-1.01868,-2.90105,0
1789391617411,0,1789391617401,-0.453453,-1.01877,-2.90152,0
1789391617467,0,1789391617458,-0.453444,-1.01879,-2.90213,0
1789391617516,0,1789391617509,-0.453422,-1.01877,-2.90166,0
1789391617560,0,1789391617554,-0.453393,-1.01874,-2.90219,0
1789391617618,0,1789391617610,-0.453349,-1.01869,-2.90212,0
1789391617669,0,1789391617659,-0.45331,-1.01863,-2.90213,0
1789391617718,0,1789391617710,-0.453268,-1.01857,-2.90273,0
1789391617765,0,1789391617757,-0.453255,-1.01854,-2.90203,0
1789391617820,0,1789391617813,-0.453375,-1.01858,-2.90211,0
1789391617868,0,1789391617861,-0.453475,-1.01861,-2.90252,0
1789391617919,0,1789391617911,-0.45338,-1.0186,-2.9024,0
1789391617965,0,1789391617957,-0.453293,-1.01859,-2.90253,0
1789391618027,0,1789391618016,-0.453286,-1.01855,-2.90274,0
1789391618080,0,1789391618072,-0.45332,-1.0185,-2.90278,0
1789391618131,0,1789391618122,-0.453356,-1.01842,-2.90308,0
1789391618175,0,1789391618169,-0.453391,-1.01833,-2.90275,0
1789391618229,0,1789391618220,-0.453421,-1.0183,-2.90266,0
1789391618282,0,1789391618273,-0.453442,-1.01834,-2.90235,0
1789391618337,0,1789391618327,-0.453452,-1.01833,-2.90196,0
1789391618377,0,1789391618370,-0.45344,-1.01825,-2.90194,0
1789391618428,0,1789391618421,-0.45342,-1.01816,-2.90157,0
1789391618485,0,1789391618478,-0.453361,-1.01809,-2.90117,0
1789391618541,0,1789391618534,-0.453303,-1.01801,-2.90075,0
1789391618592,0,1789391618583,-0.453283,-1.01795,-2.90113,0
1789391618640,0,1789391618632,-0.453263,-1.01789,-2.90123,0
1789391618685,0,1789391618679,-0.453257,-1.01794,-2.90206,0
1789391618738,0,1789391618730,-0.453252,-1.018,-2.90221,0
1789391618796,0,1789391618787,-0.453266,-1.01802,-2.90242,0
1789391618853,0,1789391618844,-0.453291,-1.018,-2.90246,0
1789391618899,0,1789391618892,-0.453249,-1.01805,-2.90306,0
1789391618951,0,1789391618942,-0.453148,-1.01816,-2.90286,0
1789391618997,0,1789391618988,-0.453104,-1.01819,-2.9031,0
1789391619053,0,1789391619045,-0.453156,-1.01807,-2.90346,0
1789391619103,0,1789391619095,-0.453197,-1.01797,-2.90365,0
1789391619153,0,1789391619144,-0.453222,-1.01795,-2.90363,0
1789391619197,0,1789391619190,-0.453246,-1.01793,-2.90362,0
1789391619248,0,1789391619240,-0.453307,-1.01795,-2.90343,0
1789391619296,0,1789391619289,-0.453366,-1.01796,-2.9038,0
1789391619356,0,1789391619347,-0.453355,-1.01793,-2.9038,0
1789391619396,0,1789391619390,-0.453325,-1.01789,-2.90315,0
1789391619447,0,1789391619440,-0.453305,-1.01786,-2.90304,0
1789391619494,0,1789391619487,-0.453294,-1.01783,-2.90333,0
1789391619555,0,1789391619547,-0.453292,-1.01778,-2.9035,0
1789391619612,0,1789391619604,-0.453304,-1.0177,-2.90392,0
1789391619663,0,1789391619656,-0.453293,-1.01769,-2.90291,0
1789391619708,0,1789391619701,-0.453243,-1.0178,-2.90294,0
1789391619760,0,1789391619753,-0.453212,-1.01791,-2.90214,0
1789391619813,0,1789391619805,-0.453323,-1.01792,-2.90292,0
1789391619864,0,1789391619856,-0.453432,-1.01793,-2.90318,0
1789391619908,0,1789391619902,-0.453454,-1.01804,-2.90359,0
1789391619962,0,1789391619953,-0.453478,-1.01817,-2.90359,0
1789391620016,0,1789391620008,-0.453544,-1.0181,-2.90342,0
1789391620067,0,1789391620059,-0.453615,-1.01798,-2.90299,0
1789391620111,0,1789391620104,-0.453595,-1.01796,-2.90259,0
1789391620162,0,1789391620155,-0.453543,-1.01797,-2.90248,0
1789391620209,0,1789391620200,-0.453426,-1.01799,-2.9022,0
1789391620264,0,1789391620256,-0.453209,-1.01802,-2.90252,0
1789391620322,0,1789391620315,-0.453052,-1.01804,-2.90301,0
1789391620373,0,1789391620365,-0.453073,-1.018,-2.90237,0
1789391620429,0,1789391620421,-0.453082,-1.01797,-2.90269,0
1789391620477,0,1789391620470,-0.453014,-1.01798,-2.90266,0
1789391620524,0,1789391620517,-0.452949,-1.01799,-2.90316,0
1789391620577,0,1789391620569,-0.452867,-1.0179,-2.90292,0
1789391620621,0,1789391620613,-0.452798,-1.01782,-2.90298,0
1789391620676,0,1789391620668,-0.452818,-1.01773,-2.90319,0
1789391620729,0,1789391620722,-0.452868,-1.01765,-2.90354,0
1789391620781,0,1789391620773,-0.452883,-1.01766,-2.90296,0
1789391620825,0,1789391620818,-0.452881,-1.0177,-2.903,0
1789391620880,0,1789391620873,-0.452899,-1.01774,-2.90371,0
1789391620931,0,1789391620924,-0.452936,-1.01775,-2.90356,0
1789391620983,0,1789391620975,-0.453,-1.01778,-2.90343,0
1789391621029,0,1789391621020,-0.453105,-1.01786,-2.9035,0
1789391621081,0,1789391621073,-0.453203,-1.0179,-2.90339,0
1789391621131,0,1789391621125,-0.453163,-1.01773,-2.90387,0
1789391621198,0,1789391621182,-0.453118,-1.01755,-2.90402,0
1789391621236,0,1789391621229,-0.453058,-1.01765,-2.90353,0
1789391621287,0,1789391621278,-0.452995,-1.01776,-2.90352,0
1789391621342,0,1789391621334,-0.453086,-1.01779,-2.90377,0
1789391621394,0,1789391621385,-0.453216,-1.0178,-2.90392,0
1789391621437,0,1789391621429,-0.453284,-1.01782,-2.90403,0
1789391621490,0,1789391621483,-0.453353,-1.01784,-2.90338,0
1789391621543,0,1789391621535,-0.453358,-1.01785,-2.90392,0
1789391621596,0,1789391621588,-0.453296,-1.01785,-2.90391,0
1789391621650,0,1789391621643,-0.453245,-1.01784,-2.90428,0
1789391621696,0,1789391621688,-0.453226,-1.01783,-2.90433,0
1789391621744,0,1789391621737,-0.453223,-1.0178,-2.9045,0
1789391621799,0,1789391621791,-0.453309,-1.01775,-2.90461,0
1789391621851,0,1789391621843,-0.453392,-1.0177,-2.90467,0
1789391621900,0,1789391621893,-0.453443,-1.01766,-2.90476,0
1789391621947,0,1789391621939,-0.45349,-1.01763,-2.90483,0
1789391622000,0,1789391621991,-0.4535,-1.01761,-2.90538,0
1789391622060,0,1789391622049,-0.4535,-1.01759,-2.90588,0
1789391622105,0,1789391622099,-0.453503,-1.01764,-2.9054,0
1789391622152,0,1789391622145,-0.453508,-1.01772,-2.90527,0
1789391622206,0,1789391622197,-0.453526,-1.01777,-2.90498,0
1789391622258,0,1789391622252,-0.453559,-1.01781,-2.905,0
1789391622311,0,1789391622304,-0.453611,-1.01782,-2.90489,0
1789391622357,0,1789391622348,-0.45369,-1.01779,-2.90463,0
1789391622406,0,1789391622397,-0.453764,-1.01776,-2.90451,0
1789391622453,0,1789391622444,-0.453772,-1.01773,-2.9041,0
1789391622509,0,1789391622500,-0.453782,-1.01769,-2.90349,0
1789391622557,0,1789391622548,-0.453773,-1.01764,-2.90282,0
1789391622608,0,1789391622600,-0.453762,-1.01758,-2.90305,0
1789391622655,0,1789391622645,-0.453712,-1.01757,-2.90325,0
1789391622703,0,1789391622696,-0.453651,-1.01757,-2.9035,0
1789391622762,0,1789391622754,-0.453675,-1.01751,-2.90342,0
1789391622813,0,1789391622804,-0.453752,-1.01742,-2.90365,0
1789391622861,0,1789391622853,-0.45376,-1.01742,-2.90385,0
1789391622912,0,1789391622903,-0.453722,-1.01747,-2.90432,0
1789391622959,0,1789391622951,-0.453696,-1.01753,-2.90487,0
1789391623020,0,1789391623011,-0.453691,-1.01765,-2.90448,0
1789391623071,0,1789391623064,-0.453701,-1.01774,-2.90435,0
1789391623122,0,1789391623115,-0.45378,-1.01774,-2.90403,0
1789391623167,0,1789391623161,-0.453851,-1.01773,-2.90412,0
1789391623220,0,1789391623210,-0.453807,-1.01781,-2.90447,0
1789391623268,0,1789391623260,-0.453763,-1.01788,-2.90482,0
1789391623325,0,1789391623316,-0.453805,-1.01791,-2.90461,0
1789391623369,0,1789391623361,-0.453863,-1.01791,-2.9053,0
1789391623421,0,1789391623413,-0.453864,-1.01795,-2.90536,0
1789391623473,0,1789391623466,-0.45383,-1.01801,-2.90526,0
1789391623528,0,1789391623520,-0.45375,-1.01809,-2.90539,0
1789391623578,0,1789391623572,-0.453626,-1.01817,-2.90534,0
1789391623628,0,1789391623620,-0.453561,-1.01824,-2.90589,0
1789391623672,0,1789391623667,-0.453583,-1.0183,-2.90577,0
1789391623728,0,1789391623719,-0.453594,-1.01834,-2.90537,0
1789391623772,0,1789391623765,-0.453567,-1.01832,-2.90534,0
1789391623835,0,1789391623827,-0.45353,-1.01828,-2.9053,0
1789391623890,0,1789391623882,-0.453588,-1.01828,-2.90488,0
1789391623944,0,1789391623935,-0.453652,-1.01828,-2.90515,0
1789391623987,0,1789391623979,-0.453618,-1.01827,-2.9053,0
1789391624034,0,1789391624027,-0.453578,-1.01825,-2.90517,0
1789391624083,0,1789391624075,-0.453558,-1.01819,-2.90528,0
1789391624142,0,1789391624134,-0.453543,-1.01807,-2.90467,0
1789391624195,0,1789391624190,-0.453525,-1.01803,-2.90439,0
1789391624248,0,1789391624240,-0.453506,-1.01805,-2.90438,0
1789391624293,0,1789391624286,-0.453483,-1.01805,-2.90427,0
1789391624345,0,1789391624336,-0.453445,-1.01799,-2.90378,0
1789391624388,0,1789391624382,-0.45343,-1.01795,-2.90362,0
1789391624446,0,1789391624438,-0.453517,-1.01792,-2.90322,0
1789391624494,0,1789391624487,-0.453592,-1.01791,-2.9027,0
1789391624547,0,1789391624539,-0.453615,-1.01798,-2.90227,0
1789391624589,0,1789391624583,-0.453634,-1.01805,-2.9021,0
1789391624647,0,1789391624637,-0.45359,-1.01813,-2.9026,0
1789391624696,0,1789391624689,-0.453531,-1.01821,-2.90245,0
1789391624759,0,1789391624752,-0.453499,-1.0182,-2.90236,0
1789391624801,0,1789391624795,-0.4535,-1.01814,-2.90241,0
1789391624854,0,1789391624847,-0.45356,-1.01808,-2.90236,0
1789391624900,0,1789391624893,-0.453666,-1.01803,-2.90267,0
1789391624961,0,1789391624953,-0.453792,-1.01796,-2.90286,0
1789391625015,0,1789391625008,-0.45388,-1.01791,-2.90252,0
1789391625068,0,1789391625061,-0.453954,-1.01785,-2.90294,0
1789391625110,0,1789391625104,-0.453972,-1.01779,-2.9029,0
1789391625163,0,1789391625156,-0.453994,-1.01772,-2.90219,0
1789391625207,0,1789391625201,-0.454049,-1.01764,-2.9027,0
1789391625267,0,1789391625259,-0.454121,-1.01754,-2.9032,0
1789391625316,0,1789391625308,-0.454138,-1.0175,-2.90286,0
1789391625367,0,1789391625359,-0.454148,-1.01746,-2.90253,0
1789391625411,0,1789391625404,-0.454122,-1.01748,-2.90215,0
1789391625466,0,1789391625459,-0.454076,-1.01751,-2.90174,0
1789391625521,0,1789391625513,-0.454029,-1.0175,-2.90179,0
1789391625581,0,1789391625574,-0.453973,-1.01742,-2.90166,0
1789391625625,0,1789391625617,-0.454001,-1.01741,-2.90109,0
1789391625676,0,1789391625667,-0.45415,-1.01749,-2.90116,0
1789391625722,0,1789391625715,-0.454267,-1.01755,-2.90149,0
1789391625784,0,1789391625777,-0.454277,-1.01758,-2.90237,0
1789391625839,0,1789391625831,-0.454281,-1.01761,-2.9019,0
1789391625891,0,1789391625882,-0.454228,-1.01755,-2.90223,0
1789391625935,0,1789391625927,-0.454182,-1.0175,-2.9017,0
1789391625984,0,1789391625975,-0.45416,-1.01742,-2.90058,0
1789391626032,0,1789391626022,-0.454142,-1.01735,-2.90065,0
1789391626087,0,1789391626078,-0.454126,-1.01727,-2.90103,0
1789391626137,0,1789391626130,-0.454115,-1.01721,-2.90099,0
1789391626186,0,1789391626179,-0.454082,-1.01726,-2.90092,0
1789391626233,0,1789391626226,-0.45403,-1.01739,-2.9008,0
1789391626282,0,1789391626275,-0.45398,-1.0175,-2.90053,0
1789391626333,0,1789391626326,-0.453938,-1.01753,-2.90084,0
1789391626393,0,1789391626386,-0.453896,-1.01754,-2.90146,0
1789391626439,0,1789391626432,-0.453896,-1.01744,-2.90157,0
1789391626502,0,1789391626492,-0.453895,-1.0173,-2.90172,0
1789391626541,0,1789391626536,-0.4538,-1.01733,-2.90146,0
1789391626596,0,1789391626586,-0.453691,-1.01737,-2.90173,0
1789391626639,0,1789391626632,-0.453653,-1.0174,-2.90173,0
1789391626693,0,1789391626686,-0.453613,-1.01745,-2.9022,0
1789391626752,0,1789391626743,-0.453544,-1.01753,-2.90194,0
1789391626802,0,1789391626794,-0.453466,-1.01761,-2.90202,0
1789391626846,0,1789391626839,-0.453418,-1.01763,-2.9018,0
1789391626897,0,1789391626891,-0.453378,-1.0176,-2.90146,0
1789391626953,0,1789391626946,-0.453314,-1.01756,-2.9013,0
1789391627002,0,1789391626995,-0.453216,-1.01749,-2.90074,0
1789391627050,0,1789391627041,-0.453162,-1.01743,-2.90073,0
1789391627101,0,1789391627093,-0.453286,-1.01734,-2.90034,0
1789391627151,0,1789391627143,-0.453405,-1.01725,-2.90034,0
1789391627211,0,1789391627203,-0.453445,-1.01708,-2.89954,0
1789391627261,0,1789391627255,-0.453464,-1.01692,-2.89957,0
1789391627312,0,1789391627303,-0.453544,-1.01696,-2.89998,0
1789391627358,0,1789391627351,-0.453631,-1.01702,-2.89999,0
1789391627413,0,1789391627405,-0.453634,-1.01705,-2.89947,0
1789391627458,0,1789391627449,-0.453605,-1.01707,-2.89946,0
1789391627513,0,1789391627506,-0.453614,-1.01707,-2.8989,0
1789391627561,0,1789391627554,-0.453671,-1.01704,-2.89868,0
1789391627614,0,1789391627608,-0.453716,-1.01704,-2.89936,0
1789391627659,0,1789391627650,-0.453719,-1.01708,-2.89933,0
1789391627710,0,1789391627703,-0.453731,-1.01712,-2.89955,0
1789391627765,0,1789391627758,-0.453793,-1.01716,-2.89944,0
1789391627819,0,1789391627811,-0.453853,-1.01721,-2.89906,0
1789391627861,0,1789391627854,-0.453912,-1.01722,-2.89916,0
1789391627912,0,1789391627904,-0.453982,-1.01724,-2.89859,0
1789391627959,0,1789391627952,-0.453987,-1.0173,-2.89826,0
1789391628020,0,1789391628013,-0.453983,-1.01738,-2.89762,0
1789391628066,0,1789391628060,-0.453978,-1.01746,-2.89751,0
1789391628126,0,1789391628118,-0.45397,-1.01759,-2.89702,0
1789391628169,0,1789391628160,-0.453909,-1.01764,-2.89778,0
1789391628217,0,1789391628211,-0.453791,-1.01766,-2.89735,0
1789391628272,0,1789391628265,-0.453706,-1.01769,-2.89726,0
1789391628326,0,1789391628317,-0.45371,-1.01772,-2.89717,0
1789391628370,0,1789391628361,-0.45372,-1.01774,-2.89723,0
1789391628421,0,1789391628413,-0.453759,-1.01775,-2.8968,0
1789391628464,0,1789391628457,-0.453791,-1.01776,-2.89742,0
1789391628521,0,1789391628512,-0.4538,-1.0178,-2.89799,0
1789391628573,0,1789391628566,-0.453806,-1.01784,-2.89818,0
1789391628626,0,1789391628620,-0.45375,-1.01781,-2.89811,0
1789391628671,0,1789391628664,-0.453692,-1.01777,-2.89803,0
1789391628722,0,1789391628715,-0.453696,-1.01771,-2.89795,0
1789391628774,0,1789391628767,-0.453736,-1.01763,-2.89774,0
1789391628831,0,1789391628823,-0.453756,-1.01757,-2.89796,0
1789391628881,0,1789391628872,-0.453749,-1.01753,-2.89779,0
1789391628932,0,1789391628921,-0.453761,-1.01752,-2.89793,0
1789391628979,0,1789391628971,-0.453812,-1.01756,-2.89788,0
1789391629040,0,1789391629031,-0.453841,-1.01759,-2.89855,0
1789391629082,0,1789391629076,-0.453769,-1.01758,-2.89869,0
1789391629136,0,1789391629127,-0.453687,-1.01756,-2.89883,0
1789391629180,0,1789391629172,-0.453713,-1.01756,-2.89887,0
1789391629237,0,1789391629229,-0.453747,-1.01755,-2.89893,0
1789391629292,0,1789391629284,-0.4537,-1.0175,-2.89902,0
1789391629344,0,1789391629336,-0.453633,-1.01743,-2.89909,0
1789391629386,0,1789391629380,-0.453679,-1.01744,-2.89932,0
1789391629444,0,1789391629434,-0.453775,-1.01748,-2.90001,0
1789391629485,0,1789391629477,-0.453802,-1.01749,-2.89957,0
1789391629542,0,1789391629534,-0.453784,-1.01747,-2.89927,0
1789391629591,0,1789391629582,-0.453755,-1.01745,-2.89916,0
1789391629646,0,1789391629639,-0.453687,-1.0174,-2.89972,0
1789391629696,0,1789391629688,-0.453647,-1.01737,-2.9002,0
1789391629746,0,1789391629738,-0.453701,-1.01741,-2.90012,0
1789391629790,0,1789391629784,-0.453751,-1.01745,-2.90015,0
1789391629845,0,1789391629838,-0.453788,-1.01757,-2.90012,0
1789391629898,0,1789391629890,-0.45382,-1.01768,-2.90066,0
1789391629951,0,1789391629942,-0.453799,-1.01758,-2.90088,0
1789391629995,0,1789391629988,-0.453771,-1.01745,-2.90033,0
1789391630047,0,1789391630038,-0.453767,-1.0175,-2.90068,0
1789391630095,0,1789391630086,-0.453776,-1.01764,-2.90096,0
1789391630160,0,1789391630150,-0.453775,-1.0177,-2.90064,0
1789391630210,0,1789391630201,-0.453759,-1.01758,-2.90052,0
1789391630267,0,1789391630259,-0.453742,-1.01751,-2.90083,0
1789391630310,0,1789391630303,-0.45373,-1.01755,-2.90091,0
1789391630364,0,1789391630355,-0.453718,-1.0176,-2.90103,0
1789391630408,0,1789391630401,-0.453721,-1.01761,-2.90104,0
1789391630468,0,1789391630461,-0.453724,-1.01762,-2.90104,0
1789391630515,0,1789391630508,-0.45364,-1.01757,-2.90106,0
1789391630562,0,1789391630554,-0.453558,-1.01753,-2.90084,0
1789391630621,0,1789391630613,-0.453552,-1.01762,-2.90056,0
1789391630677,0,1789391630667,-0.453559,-1.01772,-2.90037,0
1789391630719,0,1789391630710,-0.453522,-1.01773,-2.90104,0
1789391630769,0,1789391630761,-0.453465,-1.01771,-2.9019,0
1789391630820,0,1789391630810,-0.453509,-1.01774,-2.90142,0
1789391630885,0,1789391630874,-0.453659,-1.01781,-2.90152,0
1789391630944,0,1789391630934,-0.453808,-1.01786,-2.90158,0
1789391631004,0,1789391630995,-0.453979,-1.01787,-2.90109,0
1789391631050,0,1789391631040,-0.454063,-1.01788,-2.90115,0
1789391631101,0,1789391631091,-0.453948,-1.0179,-2.90128,0
1789391631144,0,1789391631137,-0.453844,-1.01791,-2.90164,0
1789391631200,0,1789391631191,-0.453831,-1.01799,-2.90144,0
1789391631241,0,1789391631234,-0.453824,-1.01804,-2.90103,0
1789391631293,0,1789391631284,-0.45381,-1.01808,-2.90061,0
1789391631337,0,1789391631329,-0.453797,-1.01812,-2.9001,0
1789391631389,0,1789391631380,-0.453841,-1.01814,-2.90001,0
1789391631449,0,1789391631441,-0.453931,-1.01817,-2.89959,0
1789391631513,0,1789391631506,-0.453944,-1.01816,-2.8994,0
1789391631578,0,1789391631571,-0.453835,-1.0181,-2.8995,0
1789391631648,0,1789391631639,-0.453761,-1.01805,-2.89941,0
1789391631697,0,1789391631687,-0.453786,-1.01801,-2.90039,0
1789391631748,0,1789391631738,-0.453801,-1.018,-2.90015,0
1789391631792,0,1789391631784,-0.453781,-1.01805,-2.90013,0
1789391631845,0,1789391631834,-0.453758,-1.0181,-2.90059,0
1789391631900,0,1789391631890,-0.45369,-1.01815,-2.89989,0
1789391631950,0,1789391631938,-0.453629,-1.01819,-2.90003,0
1789391631993,0,1789391631986,-0.453637,-1.01813,-2.90021,0
1789391632049,0,1789391632040,-0.453653,-1.01805,-2.90004,0
1789391632100,0,1789391632091,-0.453651,-1.01804,-2.90001,0
1789391632147,0,1789391632138,-0.453642,-1.01806,-2.90035,0
1789391632194,0,1789391632187,-0.453618,-1.01811,-2.90077,0
1789391632244,0,1789391632236,-0.453581,-1.01819,-2.90135,0
1789391632300,0,1789391632293,-0.453546,-1.01821,-2.90095,0
1789391632362,0,1789391632353,-0.453531,-1.01805,-2.90097,0
1789391632405,0,1789391632398,-0.453504,-1.01797,-2.901,0
1789391632460,0,1789391632449,-0.453393,-1.01806,-2.90111,0
1789391632501,0,1789391632493,-0.453298,-1.01814,-2.9007,0
1789391632554,0,1789391632545,-0.453251,-1.01814,-2.90119,0
1789391632611,0,1789391632601,-0.453199,-1.01815,-2.90084,0
1789391632662,0,1789391632650,-0.453131,-1.01802,-2.90073,0
1789391632707,0,1789391632697,-0.453063,-1.01788,-2.90013,0
1789391632758,0,1789391632749,-0.453071,-1.01785,-2.8997,0
1789391632803,0,1789391632792,-0.453111,-1.01787,-2.89975,0
1789391632860,0,1789391632852,-0.453142,-1.01789,-2.89978,0
1789391632912,0,1789391632903,-0.453138,-1.01788,-2.89948,0
1789391632962,0,1789391632954,-0.453139,-1.01788,-2.89966,0
1789391633015,0,1789391633007,-0.45315,-1.0179,-2.8996,0
1789391633075,0,1789391633068,-0.453152,-1.01794,-2.89958,0
1789391633121,0,1789391633112,-0.453108,-1.01803,-2.89893,0
1789391633168,0,1789391633161,-0.453059,-1.01813,-2.89886,0
1789391633215,0,1789391633208,-0.453113,-1.01827,-2.89868,0
1789391633275,0,1789391633267,-0.45318,-1.01844,-2.8991,0
1789391633332,0,1789391633323,-0.453196,-1.01836,-2.89906,0
1789391633387,0,1789391633377,-0.453197,-1.01822,-2.89861,0
1789391633428,0,1789391633419,-0.453147,-1.01814,-2.89848,0
1789391633478,0,1789391633469,-0.453076,-1.01806,-2.89728,0
1789391633534,0,1789391633525,-0.453019,-1.01802,-2.8976,0
1789391633585,0,1789391633575,-0.452994,-1.01803,-2.89779,0
1789391633630,0,1789391633621,-0.452995,-1.01804,-2.89808,0
1789391633679,0,1789391633671,-0.453037,-1.01807,-2.89832,0
1789391633725,0,1789391633717,-0.453049,-1.01809,-2.89842,0
1789391633778,0,1789391633768,-0.452928,-1.01805,-2.89838,0
1789391633829,0,1789391633821,-0.452802,-1.01801,-2.89892,0
1789391633879,0,1789391633871,-0.452716,-1.018,-2.89884,0
1789391633926,0,1789391633918,-0.452635,-1.01799,-2.89891,0
1789391633978,0,1789391633970,-0.45266,-1.01796,-2.89846,0
1789391634031,0,1789391634022,-0.452708,-1.01793,-2.89948,0
1789391634091,0,1789391634081,-0.452651,-1.01785,-2.89938,0
1789391634152,0,1789391634143,-0.452509,-1.01775,-2.89898,0
1789391634209,0,1789391634201,-0.452386,-1.01771,-2.89872,0
1789391634265,0,1789391634257,-0.452282,-1.01772,-2.89898,0
1789391634319,0,1789391634310,-0.452199,-1.01774,-2.89935,0
1789391634375,0,1789391634366,-0.452145,-1.01781,-2.89962,0
1789391634424,0,1789391634414,-0.452106,-1.01786,-2.89969,0
1789391634470,0,1789391634462,-0.452097,-1.01786,-2.89913,0
1789391634520,0,1789391634512,-0.452087,-1.01786,-2.89865,0
1789391634566,0,1789391634558,-0.452031,-1.0179,-2.89858,0
1789391634616,0,1789391634607,-0.451973,-1.01794,-2.89881,0
1789391634672,0,1789391634664,-0.451908,-1.01795,-2.89871,0
1789391634732,0,1789391634722,-0.451844,-1.01795,-2.89851,0
1789391634780,0,1789391634770,-0.451814,-1.01801,-2.89876,0
1789391634835,0,1789391634825,-0.45179,-1.01811,-2.89905,0
1789391634885,0,1789391634875,-0.45176,-1.0181,-2.89957,0
1789391634938,0,1789391634926,-0.451722,-1.018,-2.8993,0
1789391634978,0,1789391634971,-0.451712,-1.01796,-2.8988,0
1789391635031,0,1789391635024,-0.451745,-1.01798,-2.89877,0
1789391635084,0,1789391635076,-0.451766,-1.01798,-2.89853,0
1789391635136,0,1789391635125,-0.451732,-1.01794,-2.89828,0
1789391635183,0,1789391635173,-0.451698,-1.0179,-2.8979,0
1789391635241,0,1789391635231,-0.451809,-1.01792,-2.8975,0
1789391635301,0,1789391635289,-0.451938,-1.01794,-2.89792,0
1789391635354,0,1789391635342,-0.451963,-1.01798,-2.89791,0
1789391635417,0,1789391635407,-0.451969,-1.01803,-2.89806,0
1789391635480,0,1789391635472,-0.451958,-1.01805,-2.89809,0
1789391635542,0,1789391635534,-0.451934,-1.01804,-2.89833,0
1789391635590,0,1789391635582,-0.451921,-1.01803,-2.89875,0
1789391635638,0,1789391635630,-0.451913,-1.01801,-2.89874,0
1789391635685,0,1789391635678,-0.451916,-1.01803,-2.89896,0
1789391635735,0,1789391635726,-0.451938,-1.01811,-2.89936,0
1789391635783,0,1789391635775,-0.451955,-1.0182,-2.89934,0
1789391635832,0,1789391635825,-0.451944,-1.01831,-2.89884,0
1789391635896,0,1789391635886,-0.451931,-1.01844,-2.89814,0
1789391635948,0,1789391635939,-0.451937,-1.01851,-2.89816,0
1789391635998,0,1789391635989,-0.451943,-1.01857,-2.89896,0
1789391636052,0,1789391636044,-0.451895,-1.01854,-2.8987,0
1789391636103,0,1789391636094,-0.451838,-1.01848,-2.89854,0
1789391636150,0,1789391636140,-0.451767,-1.01851,-2.89874,0
1789391636200,0,1789391636190,-0.451683,-1.01855,-2.89864,0
1789391636255,0,1789391636248,-0.45162,-1.01856,-2.89788,0
1789391636317,0,1789391636309,-0.451599,-1.01851,-2.89775,0
1789391636361,0,1789391636353,-0.451612,-1.01851,-2.89764,0
1789391636413,0,1789391636404,-0.451679,-1.01857,-2.89802,0
1789391636467,0,1789391636459,-0.451732,-1.01862,-2.89785,0
1789391636522,0,1789391636511,-0.451682,-1.01864,-2.89799,0
1789391636563,0,1789391636554,-0.45164,-1.01865,-2.89801,0
1789391636613,0,1789391636604,-0.451606,-1.01863,-2.89882,0
1789391636667,0,1789391636660,-0.451566,-1.01861,-2.89893,0
1789391636721,0,1789391636712,-0.45158,-1.01865,-2.89905,0
1789391636764,0,1789391636755,-0.4516,-1.0187,-2.89867,0
1789391636823,0,1789391636812,-0.451535,-1.01868,-2.89814,0
1789391636869,0,1789391636860,-0.451433,-1.01862,-2.89795,0
1789391636921,0,1789391636911,-0.451414,-1.01861,-2.898,0
1789391636967,0,1789391636958,-0.451478,-1.01865,-2.89819,0
1789391637019,0,1789391637009,-0.451492,-1.01868,-2.89852,0
1789391637066,0,1789391637057,-0.451403,-1.01871,-2.89812,0
1789391637124,0,1789391637114,-0.451315,-1.01874,-2.89753,0
1789391637177,0,1789391637168,-0.45133,-1.01877,-2.89711,0
1789391637229,0,1789391637219,-0.451344,-1.0188,-2.89672,0
1789391637276,0,1789391637265,-0.451368,-1.01882,-2.89657,0
1789391637339,0,1789391637329,-0.451401,-1.01884,-2.89615,0
1789391637388,0,1789391637378,-0.451383,-1.01875,-2.89647,0
1789391637437,0,1789391637427,-0.45136,-1.01865,-2.8971,0
1789391637484,0,1789391637474,-0.451326,-1.01861,-2.89717,0
1789391637540,0,1789391637529,-0.451281,-1.0186,-2.89747,0
1789391637578,0,1789391637569,-0.451263,-1.01863,-2.89777,0
1789391637648,0,1789391637637,-0.451246,-1.01873,-2.89745,0
1789391637694,0,1789391637687,-0.451237,-1.0188,-2.89696,0
1789391637750,0,1789391637740,-0.451235,-1.01885,-2.89713,0
1789391637792,0,1789391637784,-0.451231,-1.0189,-2.89718,0
1789391637846,0,1789391637836,-0.451222,-1.01904,-2.89691,0
1789391637889,0,1789391637880,-0.451214,-1.01915,-2.89718,0
1789391637947,0,1789391637937,-0.451248,-1.0191,-2.89734,0
1789391637992,0,1789391637986,-0.45128,-1.01904,-2.89746,0
1789391638044,0,1789391638035,-0.451191,-1.01907,-2.89784,0
1789391638088,0,1789391638081,-0.451092,-1.0191,-2.89843,0
1789391638145,0,1789391638135,-0.45106,-1.01916,-2.89927,0
1789391638197,0,1789391638187,-0.451075,-1.01924,-2.89925,0
1789391638249,0,1789391638238,-0.451085,-1.01925,-2.89962,0
1789391638300,0,1789391638291,-0.45109,-1.01919,-2.90032,0
1789391638352,0,1789391638343,-0.451088,-1.01916,-2.90094,0
1789391638396,0,1789391638388,-0.451073,-1.01919,-2.90093,0
1789391638457,0,1789391638448,-0.451052,-1.0192,-2.90078,0
1789391638501,0,1789391638493,-0.451036,-1.01913,-2.90077,0
1789391638554,0,1789391638544,-0.451017,-1.01905,-2.90128,0
1789391638597,0,1789391638589,-0.451035,-1.01905,-2.90105,0
1789391638650,0,1789391638640,-0.451056,-1.01905,-2.90091,0
1789391638706,0,1789391638695,-0.451017,-1.01901,-2.90033,0
1789391638755,0,1789391638746,-0.450965,-1.01897,-2.90029,0
1789391638802,0,1789391638793,-0.45099,-1.01894,-2.90045,0
1789391638850,0,1789391638842,-0.451045,-1.01891,-2.90063,0
1789391638905,0,1789391638896,-0.451065,-1.01891,-2.90091,0
1789391638960,0,1789391638953,-0.451041,-1.01893,-2.90159,0
1789391639012,0,1789391639002,-0.450998,-1.01897,-2.90188,0
1789391639060,0,1789391639052,-0.450913,-1.01906,-2.90216,0
1789391639107,0,1789391639098,-0.450818,-1.01911,-2.90195,0
1789391639158,0,1789391639149,-0.450641,-1.01904,-2.90202,0
1789391639217,0,1789391639207,-0.450437,-1.01896,-2.90201,0
1789391639270,0,1789391639259,-0.45045,-1.01894,-2.90165,0
1789391639314,0,1789391639304,-0.450461,-1.01893,-2.90188,0
1789391639364,0,1789391639357,-0.450466,-1.01892,-2.90201,0
1789391639417,0,1789391639409,-0.450469,-1.01891,-2.90199,0
1789391639470,0,1789391639462,-0.450493,-1.01888,-2.90189,0
1789391639524,0,1789391639516,-0.450527,-1.01883,-2.90165,0
1789391639573,0,1789391639565,-0.450535,-1.01883,-2.90227,0
1789391639619,0,1789391639612,-0.450522,-1.01886,-2.90288,0
1789391639670,0,1789391639662,-0.450526,-1.01889,-2.90309,0
1789391639716,0,1789391639707,-0.450557,-1.01889,-2.90374,0
1789391639769,0,1789391639762,-0.450586,-1.01888,-2.90407,0
1789391639814,0,1789391639807,-0.450572,-1.0189,-2.90423,0
1789391639872,0,1789391639864,-0.450554,-1.01891,-2.9047,0
1789391639916,0,1789391639910,-0.450551,-1.01897,-2.90468,0
1789391639967,0,1789391639959,-0.450549,-1.01902,-2.90472,0
1789391640012,0,1789391640004,-0.450541,-1.01897,-2.90476,0
1789391640078,0,1789391640068,-0.450529,-1.01888,-2.90459,0
1789391640134,0,1789391640124,-0.45054,-1.01886,-2.90454,0
1789391640187,0,1789391640178,-0.450562,-1.01888,-2.90448,0
1789391640228,0,1789391640221,-0.450576,-1.01884,-2.90483,0
1789391640280,0,1789391640272,-0.45059,-1.01875,-2.90508,0
1789391640328,0,1789391640321,-0.450604,-1.0187,-2.90493,0
1789391640385,0,1789391640378,-0.450625,-1.01869,-2.90491,0
1789391640432,0,1789391640424,-0.450628,-1.01869,-2.90496,0
1789391640483,0,1789391640475,-0.450561,-1.01867,-2.90459,0
1789391640545,0,1789391640535,-0.450481,-1.01864,-2.90457,0
1789391640600,0,1789391640591,-0.450431,-1.01866,-2.90456,0
1789391640649,0,1789391640639,-0.45039,-1.01868,-2.90452,0
1789391640699,0,1789391640690,-0.450342,-1.01871,-2.90488,0
1789391640757,0,1789391640748,-0.450285,-1.01874,-2.90504,0
1789391640812,0,1789391640803,-0.450215,-1.01878,-2.90549,0
1789391640865,0,1789391640853,-0.450143,-1.0188,-2.90527,0
1789391640913,0,1789391640902,-0.450115,-1.01881,-2.90531,0
1789391640958,0,1789391640949,-0.450128,-1.01881,-2.90527,0
1789391641010,0,1789391641000,-0.450125,-1.01878,-2.90522,0
1789391641055,0,1789391641045,-0.450096,-1.01874,-2.90564,0
1789391641108,0,1789391641097,-0.450051,-1.0187,-2.906,0
1789391641153,0,1789391641143,-0.449962,-1.01877,-2.90638,0
1789391641203,0,1789391641194,-0.449865,-1.01884,-2.90634,0
1789391641259,0,1789391641249,-0.450022,-1.01892,-2.90675,0
1789391641324,0,1789391641311,-0.450221,-1.01901,-2.90658,0
1789391641384,0,1789391641375,-0.450317,-1.01903,-2.90658,0
1789391641448,0,1789391641438,-0.450362,-1.01902,-2.90666,0
1789391641490,0,1789391641482,-0.450336,-1.01897,-2.90627,0
1789391641542,0,1789391641530,-0.45029,-1.01892,-2.90605,0
1789391641597,0,1789391641587,-0.45028,-1.01885,-2.90664,0
1789391641651,0,1789391641638,-0.45032,-1.0188,-2.90658,0
1789391641690,0,1789391641683,-0.450314,-1.01876,-2.90627,0
1789391641757,0,1789391641749,-0.450208,-1.01872,-2.90578,0
1789391641806,0,1789391641797,-0.450126,-1.01869,-2.90584,0
1789391641856,0,1789391641846,-0.450022,-1.0187,-2.90568,0
1789391641904,0,1789391641894,-0.449918,-1.0187,-2.90556,0
1789391641960,0,1789391641950,-0.449863,-1.01862,-2.90546,0
1789391642006,0,1789391641998,-0.44982,-1.01855,-2.90574,0
1789391642062,0,1789391642053,-0.449874,-1.01851,-2.90557,0
1789391642112,0,1789391642103,-0.449947,-1.01849,-2.9053,0
1789391642168,0,1789391642160,-0.449968,-1.01848,-2.90537,0
1789391642217,0,1789391642209,-0.449949,-1.01849,-2.90506,0
1789391642267,0,1789391642257,-0.449898,-1.01845,-2.90473,0
1789391642314,0,1789391642305,-0.449817,-1.01838,-2.90494,0
1789391642363,0,1789391642354,-0.449744,-1.01834,-2.90507,0
1789391642411,0,1789391642401,-0.449685,-1.01837,-2.90518,0
1789391642460,0,1789391642450,-0.44962,-1.01841,-2.90512,0
1789391642510,0,1789391642500,-0.44954,-1.01846,-2.9038,0
1789391642569,0,1789391642561,-0.449441,-1.01854,-2.90255,0
1789391642618,0,1789391642610,-0.449469,-1.01855,-2.90261,0
1789391642668,0,1789391642661,-0.449498,-1.01856,-2.90267,0
1789391642716,0,1789391642707,-0.449469,-1.01852,-2.90285,0
1789391642766,0,1789391642757,-0.449433,-1.01848,-2.90223,0
1789391642821,0,1789391642814,-0.449369,-1.0185,-2.90265,0
1789391642878,0,1789391642870,-0.449292,-1.01857,-2.90308,0
1789391642926,0,1789391642918,-0.44927,-1.01863,-2.90331,0
1789391642989,0,1789391642981,-0.449295,-1.01871,-2.90358,0
1789391643043,0,1789391643034,-0.449307,-1.01875,-2.9032,0
1789391643090,0,1789391643083,-0.449303,-1.01875,-2.90323,0
1789391643137,0,1789391643130,-0.449296,-1.01874,-2.90322,0
1789391643189,0,1789391643180,-0.449275,-1.01874,-2.90297,0
1789391643243,0,1789391643235,-0.449253,-1.01874,-2.90286,0
1789391643296,0,1789391643284,-0.449221,-1.01872,-2.90339,0
1789391643341,0,1789391643332,-0.44919,-1.0187,-2.90312,0
1789391643399,0,1789391643387,-0.449176,-1.01872,-2.90317,0
1789391643453,0,1789391643444,-0.449168,-1.01875,-2.90323,0
1789391643509,0,1789391643497,-0.449133,-1.01876,-2.90289,0
1789391643550,0,1789391643540,-0.449094,-1.01876,-2.90316,0
1789391643597,0,1789391643588,-0.449062,-1.01878,-2.90367,0
1789391643646,0,1789391643637,-0.44904,-1.01883,-2.90328,0
1789391643695,0,1789391643686,-0.449054,-1.01885,-2.9025,0
1789391643750,0,1789391643741,-0.449145,-1.01879,-2.90186,0
1789391643799,0,1789391643792,-0.449222,-1.01874,-2.90128,0
1789391643847,0,1789391643838,-0.449265,-1.01873,-2.90141,0
1789391643905,0,1789391643894,-0.449318,-1.0187,-2.90097,0
1789391643961,0,1789391643952,-0.449437,-1.0186,-2.90109,0
1789391644033,0,1789391644024,-0.449594,-1.01847,-2.90242,0
1789391644092,0,1789391644082,-0.449661,-1.01849,-2.90238,0
1789391644139,0,1789391644131,-0.449698,-1.01854,-2.90171,0
1789391644188,0,1789391644178,-0.449678,-1.01852,-2.90185,0
1789391644238,0,1789391644229,-0.449633,-1.01847,-2.90157,0
1789391644284,0,1789391644275,-0.449551,-1.01848,-2.90104,0
1789391644353,0,1789391644339,-0.449388,-1.01858,-2.90094,0
1789391644405,0,1789391644397,-0.449291,-1.01867,-2.90036,0
1789391644461,0,1789391644452,-0.449306,-1.01877,-2.90082,0
1789391644529,0,1789391644521,-0.44932,-1.01889,-2.90083,0
1789391644589,0,1789391644581,-0.449303,-1.01891,-2.90086,0
1789391644642,0,1789391644634,-0.449288,-1.01892,-2.90088,0
1789391644692,0,1789391644682,-0.449391,-1.0189,-2.90075,0
1789391644739,0,1789391644731,-0.449495,-1.01888,-2.90055,0
1789391644789,0,1789391644780,-0.449476,-1.01892,-2.90144,0
1789391644837,0,1789391644826,-0.449443,-1.01896,-2.90137,0
1789391644901,0,1789391644891,-0.449423,-1.01894,-2.90233,0
1789391644962,0,1789391644954,-0.449426,-1.01884,-2.90202,0
1789391645017,0,1789391645006,-0.449446,-1.0188,-2.90246,0
1789391645059,0,1789391645050,-0.449477,-1.01881,-2.90247,0
1789391645111,0,1789391645101,-0.44951,-1.01877,-2.90235,0
1789391645156,0,1789391645147,-0.449538,-1.01866,-2.90281,0
1789391645208,0,1789391645197,-0.449571,-1.01855,-2.9027,0
1789391645274,0,1789391645264,-0.449633,-1.01845,-2.90279,0
1789391645323,0,1789391645314,-0.449679,-1.01838,-2.90319,0
1789391645368,0,1789391645360,-0.449705,-1.01844,-2.90282,0
1789391645420,0,1789391645412,-0.449734,-1.0185,-2.90321,0
1789391645464,0,1789391645456,-0.449766,-1.01852,-2.90361,0
1789391645519,0,1789391645510,-0.449806,-1.01853,-2.90461,0
1789391645569,0,1789391645561,-0.449828,-1.01857,-2.90516,0
1789391645630,0,1789391645618,-0.449845,-1.01863,-2.90463,0
1789391645676,0,1789391645667,-0.449833,-1.01862,-2.90433,0
1789391645727,0,1789391645717,-0.449797,-1.01855,-2.90452,0
1789391645771,0,1789391645763,-0.449766,-1.01853,-2.90393,0
1789391645822,0,1789391645814,-0.449737,-1.01858,-2.90357,0
1789391645876,0,1789391645868,-0.449726,-1.01862,-2.90309,0
1789391645938,0,1789391645926,-0.449829,-1.01861,-2.90324,0
1789391645982,0,1789391645974,-0.449912,-1.0186,-2.90355,0
1789391646032,0,1789391646023,-0.449824,-1.01858,-2.90344,0
1789391646078,0,1789391646070,-0.449739,-1.01855,-2.90367,0
1789391646134,0,1789391646126,-0.44978,-1.01864,-2.90435,0
1789391646182,0,1789391646174,-0.449851,-1.01873,-2.90429,0
1789391646233,0,1789391646224,-0.44983,-1.01875,-2.90083,0
1789391646279,0,1789391646270,-0.44978,-1.01873,-2.89373,0
1789391646345,0,1789391646336,-0.449719,-1.01871,-2.87958,0
1789391646392,0,1789391646384,-0.449691,-1.0187,-2.86601,0
1789391646449,0,1789391646439,-0.449649,-1.01868,-2.84633,0
1789391646487,0,1789391646480,-0.449618,-1.01867,-2.82878,0
1789391646540,0,1789391646531,-0.44958,-1.01866,-2.80798,0
1789391646585,0,1789391646577,-0.449571,-1.01868,-2.78935,0
1789391646639,0,1789391646631,-0.449561,-1.01871,-2.76774,0
1789391646697,0,1789391646682,-0.449561,-1.01873,-2.74749,0
1789391646763,0,1789391646753,-0.449561,-1.01876,-2.71807,0
1789391646822,0,1789391646813,-0.449532,-1.01879,-2.69324,0
1789391646871,0,1789391646863,-0.449503,-1.01881,-2.67334,0
1789391646918,0,1789391646909,-0.449504,-1.01882,-2.65477,0
1789391646966,0,1789391646958,-0.449515,-1.01881,-2.63563,0
1789391647012,0,1789391647005,-0.449511,-1.01882,-2.61635,0
1789391647072,0,1789391647059,-0.449495,-1.01882,-2.59435,0
1789391647112,0,1789391647103,-0.449449,-1.0188,-2.57693,0
1789391647182,0,1789391647171,-0.449363,-1.01874,-2.55035,0
1789391647238,0,1789391647230,-0.449292,-1.01867,-2.52677,0
1789391647295,0,1789391647284,-0.449313,-1.01867,-2.50459,0
1789391647353,0,1789391647343,-0.449336,-1.01866,-2.48094,0
1789391647399,0,1789391647392,-0.449335,-1.01866,-2.46209,0
1789391647450,0,1789391647439,-0.449333,-1.01865,-2.44344,0
1789391647496,0,1789391647487,-0.449319,-1.01866,-2.42469,0
1789391647557,0,1789391647549,-0.449303,-1.01867,-2.4005,0
1789391647609,0,1789391647597,-0.449269,-1.0187,-2.38132,0
1789391647654,0,1789391647644,-0.449237,-1.01872,-2.36231,0
1789391647703,0,1789391647693,-0.449218,-1.01874,-2.34261,0
1789391647758,0,1789391647749,-0.449221,-1.01875,-2.31958,0
1789391647812,0,1789391647803,-0.449217,-1.01874,-2.29773,0
1789391647865,0,1789391647854,-0.449201,-1.01869,-2.27766,0
1789391647913,0,1789391647903,-0.449197,-1.01866,-2.25839,0
1789391647960,0,1789391647950,-0.44924,-1.01865,-2.2401,0
1789391648010,0,1789391648001,-0.449285,-1.01865,-2.22019,0
1789391648059,0,1789391648048,-0.449259,-1.01866,-2.20251,0
1789391648108,0,1789391648098,-0.449234,-1.01867,-2.1824,0
1789391648152,0,1789391648144,-0.4492,-1.01867,-2.16381,0
1789391648221,0,1789391648212,-0.449161,-1.01866,-2.13646,0
1789391648287,0,1789391648275,-0.449153,-1.01867,-2.11089,0
1789391648345,0,1789391648336,-0.449173,-1.01869,-2.0861,0
1789391648391,0,1789391648383,-0.449169,-1.0187,-2.0678,0
1789391648442,0,1789391648432,-0.449151,-1.01871,-2.04849,0
1789391648487,0,1789391648478,-0.449128,-1.01871,-2.02944,0
1789391648546,0,1789391648536,-0.449109,-1.01872,-2.00594,0
1789391648594,0,1789391648585,-0.449088,-1.01872,-1.98631,0
1789391648652,0,1789391648641,-0.449065,-1.01872,-1.96405,0
1789391648700,0,1789391648690,-0.449045,-1.01872,-1.94427,0
1789391648763,0,1789391648755,-0.44905,-1.01875,-1.91773,0
1789391648811,0,1789391648804,-0.449057,-1.01878,-1.89589,0
1789391648869,0,1789391648858,-0.449066,-1.01879,-1.8724,0
1789391648932,0,1789391648922,-0.449073,-1.01879,-1.84515,0
1789391648980,0,1789391648970,-0.449084,-1.01883,-1.82459,0
1789391649028,0,1789391649017,-0.449091,-1.01888,-1.80446,0
1789391649080,0,1789391649069,-0.449099,-1.01895,-1.78188,0
1789391649132,0,1789391649123,-0.449102,-1.019,-1.75896,0
1789391649179,0,1789391649172,-0.449089,-1.01906,-1.73861,0
1789391649229,0,1789391649220,-0.449059,-1.01911,-1.71813,0
1789391649277,0,1789391649268,-0.449034,-1.01915,-1.69777,0
1789391649342,0,1789391649334,-0.44906,-1.01917,-1.66893,0
1789391649393,0,1789391649383,-0.449099,-1.01917,-1.64835,0
1789391649448,0,1789391649431,-0.449111,-1.01913,-1.62807,0
1789391649491,0,1789391649481,-0.449119,-1.01909,-1.60683,0
1789391649543,0,1789391649535,-0.449095,-1.01909,-1.58388,0
1789391649600,0,1789391649590,-0.449061,-1.01911,-1.55951,0
1789391649652,0,1789391649644,-0.449072,-1.01914,-1.53583,0
1789391649702,0,1789391649692,-0.449098,-1.01918,-1.51505,0
1789391649750,0,1789391649740,-0.449123,-1.01922,-1.49509,0
1789391649801,0,1789391649790,-0.449131,-1.01926,-1.47638,0
1789391649846,0,1789391649836,-0.449141,-1.01928,-1.46399,0
1789391649894,0,1789391649886,-0.449139,-1.01924,-1.45413,0
1789391649942,0,1789391649933,-0.449122,-1.0192,-1.44892,0
1789391650012,0,1789391650003,-0.449065,-1.01914,-1.44406,0
1789391650062,0,1789391650054,-0.449004,-1.0191,-1.44412,0
1789391650111,0,1789391650102,-0.449016,-1.01899,-1.44355,0
1789391650166,0,1789391650156,-0.44903,-1.01887,-1.44332,0
1789391650222,0,1789391650215,-0.449113,-1.01882,-1.44373,0
1789391650271,0,1789391650262,-0.449197,-1.01881,-1.44351,0
1789391650325,0,1789391650313,-0.449237,-1.01873,-1.4436,0
1789391650368,0,1789391650358,-0.449255,-1.01864,-1.44396,0
1789391650425,0,1789391650417,-0.449279,-1.01852,-1.44357,0
1789391650469,0,1789391650462,-0.449295,-1.01844,-1.44383,0
1789391650526,0,1789391650518,-0.44933,-1.01839,-1.44438,0
1789391650574,0,1789391650566,-0.449387,-1.01848,-1.4441,0
1789391650624,0,1789391650614,-0.449432,-1.01854,-1.44446,0
1789391650670,0,1789391650662,-0.449417,-1.01854,-1.44396,0
1789391650720,0,1789391650712,-0.449401,-1.01854,-1.44416,0
1789391650766,0,1789391650759,-0.449371,-1.01854,-1.44419,0
1789391650821,0,1789391650813,-0.449334,-1.01854,-1.44422,0
1789391650873,0,1789391650865,-0.449287,-1.01853,-1.44386,0
1789391650924,0,1789391650915,-0.449238,-1.01853,-1.44408,0
1789391650971,0,1789391650961,-0.449283,-1.01855,-1.44416,0
1789391651021,0,1789391651012,-0.449364,-1.0186,-1.44359,0
1789391651080,0,1789391651070,-0.449379,-1.01862,-1.44344,0
1789391651140,0,1789391651131,-0.449289,-1.01859,-1.44285,0
1789391651197,0,1789391651189,-0.449187,-1.01856,-1.44228,0
1789391651255,0,1789391651248,-0.449043,-1.01856,-1.44175,0
1789391651311,0,1789391651304,-0.448921,-1.01856,-1.44134,0
1789391651365,0,1789391651357,-0.448902,-1.01862,-1.4408,0
1789391651410,0,1789391651400,-0.448886,-1.01866,-1.4411,0
1789391651458,0,1789391651448,-0.448807,-1.01868,-1.44156,0
1789391651506,0,1789391651495,-0.448733,-1.0187,-1.44466,0
1789391651568,0,1789391651559,-0.448754,-1.01873,-1.45265,0
1789391651608,0,1789391651600,-0.448788,-1.01875,-1.4617,0
1789391651659,0,1789391651651,-0.448779,-1.01872,-1.47274,0
1789391651705,0,1789391651696,-0.448755,-1.01868,-1.4825,0
1789391651764,0,1789391651757,-0.44871,-1.01866,-1.4951,0
1789391651819,0,1789391651810,-0.448666,-1.0187,-1.5062,0
1789391651866,0,1789391651858,-0.44864,-1.01873,-1.51596,0
1789391651915,0,1789391651906,-0.448642,-1.01875,-1.52442,0
1789391651963,0,1789391651956,-0.448629,-1.01877,-1.53291,0
1789391652009,0,1789391652003,-0.448545,-1.01874,-1.54107,0
1789391652063,0,1789391652056,-0.448454,-1.01871,-1.55034,0
1789391652115,0,1789391652108,-0.448394,-1.01877,-1.55854,0
1789391652187,0,1789391652172,-0.448322,-1.01885,-1.56813,0
1789391652221,0,1789391652215,-0.448036,-1.01883,-1.5732,0
1789391652270,0,1789391652264,-0.447066,-1.01882,-1.57718,0
1789391652317,0,1789391652310,-0.445805,-1.01877,-1.58004,0
1789391652369,0,1789391652360,-0.443709,-1.01873,-1.58405,0
1789391652416,0,1789391652407,-0.440804,-1.01881,-1.58729,0
1789391652469,0,1789391652460,-0.435327,-1.01906,-1.5913,0
1789391652524,0,1789391652516,-0.429399,-1.01931,-1.59523,0
1789391652577,0,1789391652568,-0.421483,-1.01959,-1.59936,0
1789391652641,0,1789391652612,-0.416104,-1.02419,-1.60493,0.00456192
1789391652673,0,1789391652662,-0.405662,-1.02448,-1.60849,0
1789391652719,0,1789391652710,-0.395959,-1.02477,-1.60954,0
1789391652798,0,1789391652768,-0.392639,-1.02756,-1.61249,0.0103548
1789391652825,0,1789391652817,-0.381188,-1.02814,-1.61115,0
1789391652900,0,1789391652867,-0.371699,-1.03122,-1.6066,0.00347575
1789391652950,0,1789391652913,-0.361446,-1.03637,-1.59566,0.0047485
1789391653010,0,1789391652974,-0.347803,-1.03708,-1.57538,0.000724446
1789391653033,0,1789391653026,-0.334067,-1.03664,-1.55309,0
1789391653085,0,1789391653076,-0.322532,-1.03622,-1.53041,0
1789391653130,0,1789391653122,-0.310542,-1.03561,-1.50816,0
1789391653186,0,1789391653177,-0.295552,-1.03459,-1.48188,0
1789391653264,0,1789391653228,-0.280222,-1.03317,-1.45774,0
1789391653328,0,1789391653289,-0.264344,-1.0387,-1.44017,0.00787949
1789391653342,0,1789391653333,-0.24889,-1.03651,-1.42083,0
1789391653392,0,1789391653383,-0.232404,-1.03384,-1.39734,0
1789391653438,0,1789391653429,-0.218598,-1.03135,-1.37503,0
1789391653490,0,1789391653480,-0.200484,-1.02764,-1.35088,0
1789391653545,0,1789391653535,-0.178774,-1.02235,-1.32583,0
1789391653601,0,1789391653590,-0.155858,-1.01603,-1.30101,0
1789391653658,0,1789391653648,-0.132233,-1.00884,-1.27382,0
1789391653706,0,1789391653698,-0.110986,-1.00179,-1.25382,0
1789391653761,0,1789391653753,-0.089039,-0.994114,-1.23889,0
1789391653813,0,1789391653802,-0.0694102,-0.987074,-1.23072,0
1789391653859,0,1789391653849,-0.0510499,-0.980548,-1.22855,0
1789391653910,0,1789391653900,-0.0318187,-0.973974,-1.23237,0
1789391653955,0,1789391653949,-0.013892,-0.968001,-1.24148,0
1789391654017,0,1789391654010,0.00739165,-0.961204,-1.2561,0
1789391654059,0,1789391654051,0.0216317,-0.956774,-1.26389,0
1789391654110,0,1789391654103,0.0389967,-0.951562,-1.27131,0
1789391654157,0,1789391654148,0.0541378,-0.947106,-1.27669,0
1789391654213,0,1789391654200,0.0708168,-0.942044,-1.27964,0
1789391654258,0,1789391654252,0.0866345,-0.937218,-1.28005,0
1789391654313,0,1789391654304,0.101814,-0.932632,-1.27948,0
1789391654364,0,1789391654357,0.11735,-0.927931,-1.27559,0
1789391654417,0,1789391654408,0.131494,-0.923531,-1.26918,0
1789391654460,0,1789391654453,0.143763,-0.919587,-1.26086,0
1789391654518,0,1789391654509,0.158643,-0.914711,-1.24817,0
1789391654567,0,1789391654558,0.171293,-0.910523,-1.23528,0
1789391654617,0,1789391654609,0.184171,-0.906088,-1.21978,0
1789391654661,0,1789391654654,0.195243,-0.902022,-1.20374,0
1789391654721,0,1789391654712,0.209369,-0.896495,-1.18074,0
1789391654764,0,1789391654757,0.220212,-0.891895,-1.16404,0
1789391654817,0,1789391654809,0.232214,-0.886521,-1.14312,0
1789391654862,0,1789391654854,0.242342,-0.881736,-1.12369,0
1789391654913,0,1789391654907,0.254121,-0.875835,-1.10127,0
1789391654969,0,1789391654961,0.265707,-0.869688,-1.07819,0
1789391655024,0,1789391655016,0.277214,-0.863175,-1.05494,0
1789391655076,0,1789391655067,0.287462,-0.856903,-1.03269,0
1789391655123,0,1789391655116,0.297102,-0.850602,-1.01178,0
1789391655168,0,1789391655161,0.30581,-0.844796,-0.991076,0
1789391655221,0,1789391655213,0.315687,-0.838151,-0.966644,0
1789391655275,0,1789391655268,0.325937,-0.830891,-0.939607,0
1789391655336,0,1789391655323,0.336371,-0.823056,-0.91309,0
1789391655379,0,1789391655373,0.345804,-0.815606,-0.88907,0
1789391655430,0,1789391655423,0.355031,-0.80779,-0.864682,0
1789391655477,0,1789391655469,0.363595,-0.800183,-0.841448,0
1789391655531,0,1789391655523,0.373746,-0.790727,-0.814939,0
1789391655586,0,1789391655579,0.384494,-0.780111,-0.787457,0
1789391655644,0,1789391655632,0.394316,-0.76996,-0.761101,0
1789391655683,0,1789391655675,0.402238,-0.761355,-0.739764,0
1789391655736,0,1789391655727,0.411507,-0.75061,-0.714327,0
1789391655780,0,1789391655773,0.419829,-0.740303,-0.692203,0
1789391655841,0,1789391655831,0.430489,-0.726543,-0.664462,0
1789391655886,0,1789391655880,0.439916,-0.714118,-0.640368,0
1789391655944,0,1789391655936,0.449908,-0.700091,-0.611997,0
1789391655989,0,1789391655980,0.458299,-0.687236,-0.590156,0
1789391656038,0,1789391656028,0.467226,-0.672885,-0.565889,0
1789391656084,0,1789391656076,0.476907,-0.657084,-0.54192,0
1789391656147,0,1789391656138,0.48876,-0.636369,-0.510903,0
1789391656191,0,1789391656184,0.496934,-0.620856,-0.488284,0
1789391656240,0,1789391656233,0.505045,-0.604418,-0.464357,0
1789391656288,0,1789391656277,0.512123,-0.58907,-0.44258,0
1789391656339,0,1789391656330,0.5204,-0.569791,-0.416952,0
1789391656395,0,1789391656386,0.52897,-0.549211,-0.390474,0
1789391656450,0,1789391656441,0.537192,-0.528663,-0.364179,0
1789391656498,0,1789391656491,0.544023,-0.509951,-0.339728,0
1789391656553,0,1789391656540,0.550414,-0.489638,-0.314732,0
1789391656593,0,1789391656587,0.556271,-0.469475,-0.291149,0
1789391656648,0,1789391656640,0.562782,-0.445082,-0.263179,0
1789391656699,0,1789391656692,0.568619,-0.420913,-0.236061,0
1789391656749,0,1789391656741,0.573694,-0.396843,-0.211977,0
1789391656800,0,1789391656790,0.578355,-0.372032,-0.188318,0
1789391656853,0,1789391656844,0.583235,-0.342845,-0.163309,0
1789391656908,0,1789391656901,0.587662,-0.311587,-0.139482,0
1789391656969,0,1789391656952,0.591093,-0.28396,-0.122734,0
1789391657008,0,1789391656997,0.593859,-0.258484,-0.112386,0
1789391657053,0,1789391657046,0.596554,-0.230874,-0.1019,0
1789391657102,0,1789391657094,0.598951,-0.202796,-0.0936468,0
1789391657166,0,1789391657158,0.601999,-0.167177,-0.085923,0
1789391657220,0,1789391657210,0.604691,-0.137591,-0.085188,0
1789391657274,0,1789391657268,0.607654,-0.105129,-0.0893636,0
1789391657321,0,1789391657315,0.609946,-0.0773323,-0.0969669,0
1789391657370,0,1789391657363,0.61257,-0.0491733,-0.108992,0
1789391657419,0,1789391657410,0.616277,-0.0224184,-0.122869,0
1789391657468,0,1789391657459,0.620531,0.00491066,-0.139349,0
1789391657513,0,1789391657506,0.62482,0.0318816,-0.158074,0
1789391657571,0,1789391657563,0.630565,0.0632803,-0.181937,0
1789391657631,0,1789391657620,0.636286,0.0937134,-0.206533,0
1789391657678,0,1789391657670,0.641716,0.120034,-0.227346,0
1789391657724,0,1789391657716,0.647701,0.14499,-0.247596,0
1789391657775,0,1789391657767,0.655294,0.171961,-0.269657,0
1789391657824,0,1789391657814,0.662859,0.196933,-0.290751,0
1789391657884,0,1789391657875,0.673662,0.228723,-0.316709,0
1789391657935,0,1789391657927,0.683348,0.255588,-0.33821,0
1789391657989,0,1789391657981,0.694598,0.28577,-0.359369,0
1789391658058,0,1789391658024,0.694425,0.267931,-0.384996,0.042945
1789391658084,0,1789391658077,0.707667,0.297621,-0.401534,0
1789391658135,0,1789391658127,0.720561,0.325598,-0.413708,0
1789391658186,0,1789391658178,0.73367,0.353887,-0.423162,0
1789391658233,0,1789391658226,0.74648,0.381222,-0.429526,0
1789391658296,0,1789391658284,0.761579,0.414064,-0.435465,0
1789391658335,0,1789391658329,0.773357,0.440027,-0.437098,0
1789391658387,0,1789391658378,0.786538,0.467887,-0.438859,0
1789391658440,0,1789391658433,0.802071,0.499641,-0.439653,0
1789391658495,0,1789391658483,0.816067,0.528423,-0.440087,0
1789391658546,0,1789391658539,0.831743,0.561202,-0.440612,0
1789391658597,0,1789391658589,0.845538,0.590096,-0.440793,0
1789391658642,0,1789391658635,0.857922,0.616774,-0.439336,0
1789391658697,0,1789391658686,0.871484,0.646112,-0.438565,0
1789391658739,0,1789391658731,0.883964,0.672498,-0.437084,0
1789391658794,0,1789391658785,0.898775,0.703841,-0.436957,0
1789391658849,0,1789391658840,0.913536,0.736475,-0.437439,0
1789391658900,0,1789391658889,0.926906,0.766208,-0.437396,0
1789391658941,0,1789391658935,0.940104,0.79391,-0.438484,0
1789391658996,0,1789391658989,0.955775,0.826073,-0.438963,0
1789391659047,0,1789391659040,0.970005,0.856265,-0.438592,0
1789391659108,0,1789391659095,0.984984,0.889065,-0.437839,0
1789391659153,0,1789391659147,0.999143,0.919731,-0.43809,0
1789391659204,0,1789391659195,1.01276,0.948379,-0.439554,0
1789391659253,0,1789391659245,1.02652,0.977423,-0.441156,0
1789391659307,0,1789391659296,1.04031,1.00751,-0.441936,0
1789391659352,0,1789391659346,1.05376,1.03698,-0.442529,0
1789391659408,0,1789391659399,1.06864,1.0679,-0.444047,0
1789391659460,0,1789391659450,1.08377,1.09918,-0.444816,0
1789391659508,0,1789391659499,1.0982,1.12927,-0.445655,0
1789391659555,0,1789391659548,1.11276,1.15957,-0.446665,0
1789391659616,0,1789391659604,1.1294,1.19417,-0.448682,0
1789391659660,0,1789391659651,1.14342,1.22319,-0.452003,0
1789391659709,0,1789391659702,1.15878,1.2545,-0.457513,0
1789391659756,0,1789391659747,1.17253,1.28199,-0.463726,0
1789391659819,0,1789391659804,1.19012,1.31635,-0.476789,0
1789391659872,0,1789391659862,1.20841,1.3506,-0.494375,0
1789391659927,0,1789391659918,1.2266,1.38298,-0.515799,0
1789391659977,0,1789391659967,1.24175,1.40793,-0.535154,0
1789391660023,0,1789391660016,1.25663,1.43136,-0.554284,0
1789391660070,0,1789391660063,1.2699,1.45237,-0.572736,0
1789391660122,0,1789391660113,1.28442,1.47438,-0.593403,0
1789391660171,0,1789391660159,1.29769,1.49354,-0.613522,0
1789391660226,0,1789391660219,1.31498,1.51717,-0.639079,0
1789391660274,0,1789391660267,1.32767,1.53428,-0.656377,0
1789391660328,0,1789391660318,1.34044,1.55097,-0.672698,0
1789391660371,0,1789391660363,1.35164,1.56498,-0.685132,0
1789391660426,0,1789391660415,1.3637,1.57937,-0.697676,0
1789391660481,0,1789391660473,1.37667,1.59452,-0.7117,0
1789391660530,0,1789391660523,1.38714,1.60657,-0.72218,0
1789391660575,0,1789391660568,1.3966,1.61726,-0.732791,0
1789391660631,0,1789391660623,1.40718,1.62891,-0.747561,0
1789391660681,0,1789391660674,1.41713,1.63953,-0.762461,0
1789391660737,0,1789391660728,1.42768,1.65026,-0.778302,0
1789391660792,0,1789391660782,1.43835,1.66079,-0.793805,0
1789391660840,0,1789391660832,1.4485,1.67005,-0.809506,0
1789391660884,0,1789391660878,1.45804,1.67847,-0.825267,0
1789391660936,0,1789391660928,1.46835,1.68741,-0.843324,0
1789391660986,0,1789391660977,1.47902,1.69641,-0.863331,0
1789391661046,0,1789391661039,1.49262,1.7074,-0.887735,0
1789391661088,0,1789391661083,1.50266,1.71525,-0.90468,0
1789391661135,0,1789391661129,1.51319,1.7233,-0.923662,0
1789391661187,0,1789391661178,1.52512,1.73217,-0.944383,0
1789391661239,0,1789391661233,1.53885,1.74195,-0.968441,0
1789391661293,0,1789391661285,1.55201,1.751,-0.991086,0
1789391661350,0,1789391661343,1.56718,1.76093,-1.01659,0
1789391661394,0,1789391661386,1.58012,1.76874,-1.0356,0
1789391661444,0,1789391661437,1.59593,1.77783,-1.05787,0
1789391661495,0,1789391661486,1.61247,1.78689,-1.07965,0
1789391661553,0,1789391661544,1.63283,1.79735,-1.10547,0
1789391661598,0,1789391661590,1.64974,1.80576,-1.12586,0
1789391661649,0,1789391661643,1.67074,1.81555,-1.14956,0
1789391661704,0,1789391661696,1.69179,1.82458,-1.17312,0
1789391661759,0,1789391661749,1.71439,1.83328,-1.19668,0
1789391661799,0,1789391661791,1.7327,1.84024,-1.21601,0
1789391661852,0,1789391661845,1.75759,1.84944,-1.24167,0
1789391661907,0,1789391661900,1.78268,1.85807,-1.26756,0
1789391661958,0,1789391661950,1.80564,1.86513,-1.29192,0
1789391662007,0,1789391661996,1.82756,1.87131,-1.31321,0
1789391662058,0,1789391662049,1.8534,1.87708,-1.33739,0
1789391662105,0,1789391662097,1.87711,1.88179,-1.35918,0
1789391662168,0,1789391662159,1.90853,1.88763,-1.38642,0
1789391662242,0,1789391662204,1.92352,1.86953,-1.40619,0.0236685
1789391662272,0,1789391662263,1.95537,1.87389,-1.43098,0
1789391662310,0,1789391662305,1.97963,1.87658,-1.44936,0
1789391662365,0,1789391662357,2.01015,1.87956,-1.47101,0
1789391662412,0,1789391662403,2.03806,1.88188,-1.48911,0
1789391662468,0,1789391662462,2.0732,1.8842,-1.51068,0
1789391662521,0,1789391662515,2.10569,1.88582,-1.52734,0
1789391662572,0,1789391662564,2.1356,1.88691,-1.54022,0
1789391662619,0,1789391662610,2.16465,1.88744,-1.54955,0
1789391662669,0,1789391662662,2.19769,1.88774,-1.55914,0
1789391662714,0,1789391662707,2.22682,1.88831,-1.56656,0
1789391662774,0,1789391662765,2.26476,1.88879,-1.57512,0
1789391662824,0,1789391662816,2.29707,1.88824,-1.58138,0
1789391662868,0,1789391662862,2.32638,1.88745,-1.5874,0
1789391662921,0,1789391662914,2.36039,1.88648,-1.59487,0
1789391662981,0,1789391662971,2.39838,1.88521,-1.60207,0
1789391663034,0,1789391663027,2.43519,1.88403,-1.60911,0
1789391663085,0,1789391663078,2.46822,1.88302,-1.61483,0
1789391663130,0,1789391663122,2.49663,1.88168,-1.62011,0
1789391663179,0,1789391663170,2.52835,1.87938,-1.6269,0
1789391663225,0,1789391663218,2.55994,1.87697,-1.63234,0
1789391663286,0,1789391663279,2.59981,1.87427,-1.63958,0
1789391663339,0,1789391663328,2.63188,1.87193,-1.64385,0
1789391663388,0,1789391663379,2.66459,1.86914,-1.643,0
1789391663432,0,1789391663424,2.69363,1.86677,-1.63986,0
1789391663485,0,1789391663478,2.72804,1.86447,-1.63775,0
1789391663540,0,1789391663530,2.76114,1.86237,-1.63835,0
1789391663589,0,1789391663583,2.79563,1.86029,-1.64027,0
1789391663638,0,1789391663630,2.82643,1.85837,-1.64255,0
1789391663689,0,1789391663682,2.86062,1.85597,-1.64749,0
1789391663744,0,1789391663735,2.8954,1.85305,-1.65447,0
1789391663798,0,1789391663792,2.93251,1.84968,-1.66572,0
1789391663844,0,1789391663838,2.9618,1.8469,-1.67544,0
1789391663896,0,1789391663889,2.99357,1.84356,-1.68592,0
1789391663946,0,1789391663936,3.02145,1.84008,-1.69613,0
1789391664003,0,1789391663994,3.05481,1.83547,-1.70973,0
1789391664054,0,1789391664046,3.08153,1.83104,-1.72334,0
1789391664104,0,1789391664098,3.1082,1.8262,-1.73862,0
1789391664152,0,1789391664142,3.12907,1.82281,-1.75489,0
1789391664202,0,1789391664194,3.15331,1.81836,-1.77686,0
1789391664249,0,1789391664243,3.17426,1.81357,-1.79935,0
1789391664310,0,1789391664301,3.19733,1.80734,-1.8239,0
1789391664355,0,1789391664347,3.2133,1.80285,-1.84111,0
1789391664412,0,1789391664398,3.22822,1.79841,-1.85961,0
1789391664452,0,1789391664446,3.24178,1.79412,-1.87566,0
1789391664514,0,1789391664506,3.2572,1.78885,-1.8937,0
1789391664565,0,1789391664558,3.27071,1.78408,-1.90621,0
1789391664615,0,1789391664607,3.28183,1.78019,-1.91651,0
1789391664661,0,1789391664654,3.29199,1.77653,-1.92793,0
1789391664714,0,1789391664707,3.30254,1.77234,-1.9408,0
1789391664756,0,1789391664749,3.31096,1.76892,-1.95091,0
1789391664819,0,1789391664809,3.32221,1.76406,-1.9673,0
1789391664862,0,1789391664856,3.3309,1.76019,-1.97921,0
1789391664915,0,1789391664908,3.34063,1.75579,-1.99352,0
1789391664968,0,1789391664960,3.35051,1.75119,-2.00847,0
1789391665021,0,1789391665013,3.36019,1.74645,-2.02437,0
1789391665064,0,1789391665058,3.36825,1.74229,-2.03873,0
1789391665120,0,1789391665111,3.3777,1.73727,-2.05695,0
1789391665170,0,1789391665164,3.38743,1.73199,-2.07648,0
1789391665224,0,1789391665216,3.39662,1.72681,-2.09597,0
1789391665274,0,1789391665267,3.40568,1.72145,-2.11655,0
1789391665330,0,1789391665320,3.41513,1.71561,-2.13838,0
1789391665370,0,1789391665363,3.42276,1.71039,-2.15705,0
1789391665427,0,1789391665418,3.43248,1.70334,-2.18256,0
1789391665477,0,1789391665470,3.44151,1.69659,-2.20736,0
1789391665528,0,1789391665520,3.45021,1.68983,-2.22987,0
1789391665573,0,1789391665566,3.4578,1.68359,-2.25077,0
1789391665628,0,1789391665619,3.46667,1.67583,-2.27592,0
1789391665687,0,1789391665677,3.4762,1.66697,-2.30423,0
1789391665745,0,1789391665737,3.48615,1.6571,-2.33452,0
1789391665791,0,1789391665785,3.49427,1.64876,-2.35955,0
1789391665841,0,1789391665833,3.50248,1.64028,-2.38357,0
1789391665887,0,1789391665879,3.50991,1.63213,-2.40613,0
1789391665940,0,1789391665932,3.51884,1.62175,-2.43247,0
1789391665995,0,1789391665985,3.52757,1.61099,-2.46018,0
1789391666042,0,1789391666034,3.53577,1.6005,-2.48786,0
1789391666086,0,1789391666080,3.5433,1.59034,-2.51214,0
1789391666139,0,1789391666132,3.55181,1.57811,-2.53872,0
1789391666196,0,1789391666188,3.56088,1.56438,-2.56836,0
1789391666251,0,1789391666243,3.57006,1.54941,-2.59719,0
1789391666295,0,1789391666285,3.57706,1.53735,-2.61982,0
1789391666341,0,1789391666334,3.58514,1.52294,-2.64482,0
1789391666400,0,1789391666392,3.59509,1.50406,-2.67491,0
1789391666454,0,1789391666447,3.60393,1.48607,-2.70455,0
1789391666508,0,1789391666500,3.61187,1.46733,-2.73387,0
1789391666557,0,1789391666550,3.61903,1.44946,-2.76132,0
1789391666606,0,1789391666596,3.62533,1.43212,-2.78583,0
1789391666651,0,1789391666644,3.63167,1.41385,-2.81084,0
1789391666702,0,1789391666694,3.63793,1.39278,-2.8373,0
1789391666759,0,1789391666753,3.64449,1.36834,-2.86749,0
1789391666813,0,1789391666805,3.64991,1.34677,-2.8947,0
1789391666864,0,1789391666854,3.65449,1.32637,-2.91981,0
1789391666908,0,1789391666901,3.65884,1.30611,-2.94218,0
1789391666962,0,1789391666955,3.66345,1.28179,-2.96756,0
1789391667015,0,1789391667008,3.66744,1.25736,-2.99355,0
1789391667066,0,1789391667060,3.67065,1.23227,-3.01809,0
1789391667146,0,1789391667104,3.66157,1.2025,-3.04152,0.0139891
1789391667163,0,1789391667156,3.66299,1.17644,-3.06556,0
1789391667210,0,1789391667204,3.66388,1.15241,-3.08694,0
1789391667266,0,1789391667260,3.66458,1.12047,-3.11162,0
1789391667319,0,1789391667309,3.66461,1.0923,-3.13322,0
1789391667361,0,1789391667355,3.66494,1.06513,3.12925,0
1789391667418,0,1789391667412,3.66437,1.0311,3.10443,0
1789391667471,0,1789391667463,3.66264,1.00021,3.08621,0
1789391667518,0,1789391667507,3.66061,0.973231,3.07315,0
1789391667568,0,1789391667560,3.65766,0.940418,3.06007,0
1789391667623,0,1789391667616,3.65401,0.905,3.04861,0
1789391667672,0,1789391667665,3.65054,0.874209,3.04111,0
1789391667721,0,1789391667711,3.64707,0.845008,3.03508,0
1789391667768,0,1789391667762,3.64328,0.812445,3.03012,0
1789391667816,0,1789391667808,3.64015,0.782561,3.02786,0
1789391667866,0,1789391667858,3.6366,0.750008,3.02404,0
1789391667916,0,1789391667906,3.63266,0.718191,3.02123,0
1789391667977,0,1789391667968,3.62744,0.677252,3.01786,0
1789391668030,0,1789391668023,3.62313,0.642263,3.01539,0
1789391668087,0,1789391668075,3.61903,0.609192,3.01247,0
1789391668125,0,1789391668119,3.61581,0.580796,3.0111,0
1789391668177,0,1789391668170,3.61202,0.547672,3.01048,0
1789391668224,0,1789391668217,3.60788,0.51691,3.00908,0
1789391668281,0,1789391668271,3.6027,0.480908,3.00868,0
1789391668329,0,1789391668321,3.59825,0.448318,3.00858,0
1789391668380,0,1789391668372,3.59391,0.415192,3.00816,0
1789391668428,0,1789391668418,3.59,0.385478,3.00896,0
1789391668493,0,1789391668479,3.58461,0.3457,3.00949,0
1789391668537,0,1789391668531,3.58029,0.311859,3.00947,0
1789391668591,0,1789391668583,3.57722,0.27876,3.00985,0
1789391668645,0,1789391668636,3.57407,0.244988,3.01067,0
1789391668693,0,1789391668685,3.5705,0.213117,3.01043,0
1789391668739,0,1789391668732,3.56715,0.182661,3.01053,0
1789391668792,0,1789391668784,3.56238,0.149321,3.0097,0
1789391668838,0,1789391668827,3.55819,0.121427,3.00943,0
1789391668890,0,1789391668883,3.55334,0.085172,3.00748,0
1789391668946,0,1789391668940,3.54869,0.0478103,3.00569,0
1789391669001,0,1789391668991,3.54474,0.0145822,3.0046,0
1789391669043,0,1789391669035,3.54141,-0.014092,3.00316,0
1789391669095,0,1789391669087,3.53717,-0.0478323,3.00088,0
1789391669142,0,1789391669135,3.53253,-0.0786824,2.99809,0
1789391669209,0,1789391669193,3.52669,-0.116101,2.99419,0
1789391669247,0,1789391669240,3.52159,-0.146628,2.99089,0
1789391669300,0,1789391669292,3.5158,-0.180512,2.98737,0
1789391669345,0,1789391669337,3.51119,-0.209393,2.98252,0
1789391669404,0,1789391669394,3.50508,-0.246358,2.97742,0
1789391669458,0,1789391669449,3.49877,-0.282175,2.97242,0
1789391669509,0,1789391669500,3.49266,-0.315517,2.96708,0
1789391669554,0,1789391669545,3.48744,-0.344925,2.96211,0
1789391669604,0,1789391669598,3.48115,-0.379706,2.95592,0
1789391669657,0,1789391669651,3.47504,-0.414182,2.95094,0
1789391669711,0,1789391669702,3.46925,-0.447055,2.94534,0
1789391669753,0,1789391669746,3.46382,-0.475075,2.94,0
1789391669809,0,1789391669801,3.45594,-0.510248,2.93357,0
1789391669858,0,1789391669850,3.44877,-0.541529,2.92691,0
1789391669914,0,1789391669902,3.44079,-0.575157,2.91982,0
1789391669955,0,1789391669948,3.4336,-0.604655,2.91357,0
1789391670010,0,1789391670003,3.42492,-0.638967,2.90567,0
1789391670061,0,1789391670052,3.41701,-0.669331,2.89954,0
1789391670115,0,1789391670104,3.40887,-0.701942,2.89336,0
1789391670158,0,1789391670149,3.40176,-0.730137,2.88734,0
1789391670240,0,1789391670206,3.3962,-0.743501,2.88844,0.0231479
1789391670272,0,1789391670265,3.38634,-0.781217,2.88148,0
1789391670330,0,1789391670319,3.37712,-0.815899,2.87606,0
1789391670368,0,1789391670361,3.36968,-0.84337,2.87228,0
1789391670416,0,1789391670410,3.36096,-0.874629,2.86804,0
1789391670469,0,1789391670462,3.35141,-0.907103,2.86395,0
1789391670533,0,1789391670522,3.34041,-0.944159,2.86036,0
1789391670576,0,1789391670568,3.33214,-0.973054,2.85824,0
1789391670631,0,1789391670621,3.32249,-1.0065,2.85601,0
1789391670684,0,1789391670673,3.31243,-1.03928,2.85476,0
1789391670754,0,1789391670740,3.29949,-1.0812,2.85582,0
1789391670810,0,1789391670800,3.28824,-1.11884,2.858,0
1789391670874,0,1789391670865,3.27619,-1.16016,2.86222,0
1789391670930,0,1789391670919,3.26682,-1.19398,2.86801,0
1789391670986,0,1789391670976,3.25751,-1.22917,2.87531,0
1789391671029,0,1789391671023,3.24998,-1.25849,2.88386,0
1789391671079,0,1789391671071,3.2425,-1.28893,2.89319,0
1789391671134,0,1789391671119,3.23523,-1.31909,2.90369,0
1789391671178,0,1789391671169,3.22775,-1.35062,2.91534,0
1789391671239,0,1789391671229,3.21931,-1.38796,2.93178,0
1789391671297,0,1789391671280,3.21196,-1.41994,2.94881,0
1789391671353,0,1789391671343,3.20357,-1.45959,2.96984,0
1789391671418,0,1789391671411,3.19649,-1.5024,2.99171,0
1789391671483,0,1789391671469,3.1916,-1.53863,3.00921,0
1789391671537,0,1789391671526,3.187,-1.57283,3.02741,0
1789391671585,0,1789391671573,3.18372,-1.60056,3.04487,0
1789391671632,0,1789391671621,3.18102,-1.62884,3.06202,0
1789391671685,0,1789391671669,3.17902,-1.65692,3.07991,0
1789391671730,0,1789391671719,3.17752,-1.68624,3.09913,0
1789391671775,0,1789391671765,3.17678,-1.7137,3.11609,0
1789391671829,0,1789391671818,3.17645,-1.74546,3.13586,0
1789391671885,0,1789391671872,3.17678,-1.77833,-3.12869,0
1789391671947,0,1789391671936,3.17795,-1.81736,-3.10531,0
1789391671986,0,1789391671980,3.17909,-1.84488,-3.09005,0
1789391672040,0,1789391672030,3.18093,-1.87664,-3.07366,0
1789391672087,0,1789391672075,3.18277,-1.90495,-3.06025,0
1789391672135,0,1789391672126,3.18531,-1.93708,-3.04609,0
1789391672182,0,1789391672174,3.18878,-1.96696,-3.03324,0
1789391672248,0,1789391672236,3.19403,-2.00541,-3.018,0
1789391672286,0,1789391672279,3.19817,-2.03208,-3.00753,0
1789391672341,0,1789391672333,3.204,-2.06629,-2.99637,0
1789391672397,0,1789391672385,3.20936,-2.09854,-2.98803,0
1789391672448,0,1789391672436,3.21461,-2.13124,-2.98162,0
1789391672491,0,1789391672480,3.21902,-2.15922,-2.97748,0
1789391672545,0,1789391672535,3.22437,-2.19432,-2.97272,0
1789391672595,0,1789391672586,3.22962,-2.22694,-2.97141,0
1789391672664,0,1789391672645,3.2369,-2.26423,-2.9708,0
1789391672708,0,1789391672699,3.24347,-2.29824,-2.97399,0
1789391672758,0,1789391672747,3.24825,-2.32911,-2.97935,0
1789391672804,0,1789391672795,3.25276,-2.36008,-2.98826,0
1789391672866,0,1789391672851,3.25813,-2.39558,-2.9996,0
1789391672923,0,1789391672914,3.26377,-2.43573,-3.01416,0
1789391672991,0,1789391672981,3.26874,-2.47723,-3.03278,0
1789391673049,0,1789391673039,3.27183,-2.51066,-3.04986,0
1789391673111,0,1789391673104,3.27468,-2.54769,-3.07163,0
1789391673171,0,1789391673162,3.27646,-2.57865,-3.09173,0
1789391673239,0,1789391673226,3.27772,-2.61221,-3.11236,0
1789391673296,0,1789391673289,3.27811,-2.64283,-3.13091,0
1789391673363,0,1789391673353,3.27801,-2.67339,3.1333,0
1789391673430,0,1789391673421,3.2776,-2.70471,3.11067,0
1789391673507,0,1789391673491,3.27665,-2.73689,3.08748,0
1789391673558,0,1789391673547,3.27492,-2.76175,3.06407,0
1789391673621,0,1789391673610,3.2723,-2.78855,3.03657,0
1789391673686,0,1789391673676,3.26859,-2.81628,3.00825,0
1789391673757,0,1789391673747,3.26369,-2.84623,2.97474,0
1789391673814,0,1789391673804,3.25891,-2.86989,2.94981,0
1789391673885,0,1789391673855,3.23109,-2.8506,2.94015,0.0458883
1789391673927,0,1789391673900,3.21639,-2.84221,2.92599,0.0283685
1789391673961,0,1789391673951,3.21124,-2.86325,2.90233,0
1789391674004,0,1789391673996,3.20602,-2.88268,2.88087,0
1789391674069,0,1789391674060,3.19729,-2.91104,2.8512,0
1789391674115,0,1789391674101,3.19134,-2.92942,2.83265,0
1789391674161,0,1789391674151,3.18336,-2.95304,2.81002,0
1789391674217,0,1789391674208,3.17343,-2.97998,2.78314,0
1789391674283,0,1789391674272,3.16171,-3.01062,2.75254,0
1789391674337,0,1789391674321,3.15222,-3.03365,2.73119,0
1789391674377,0,1789391674370,3.14247,-3.05658,2.70896,0
1789391674424,0,1789391674417,3.13255,-3.07851,2.68793,0
1789391674481,0,1789391674472,3.11946,-3.10405,2.66318,0
1789391674520,0,1789391674513,3.10929,-3.12216,2.64549,0
1789391674588,0,1789391674573,3.09455,-3.14767,2.61885,0
1789391674632,0,1789391674621,3.0824,-3.1682,2.59721,0
1789391674686,0,1789391674677,3.06791,-3.19177,2.5722,0
1789391674726,0,1789391674717,3.05773,-3.20775,2.55396,0
1789391674776,0,1789391674768,3.04482,-3.22701,2.53038,0
1789391674833,0,1789391674822,3.03041,-3.24648,2.50474,0
1789391674906,0,1789391674895,3.01023,-3.27247,2.46872,0
1789391674966,0,1789391674956,2.99323,-3.2928,2.44022,0
1789391675088,0,1789391675009,3,-3.29711,2.44899,0.0267617
1789391675114,0,1789391675100,2.97243,-3.32908,2.40604,0
1789391675166,0,1789391675158,2.95744,-3.34477,2.37841,0
1789391675220,0,1789391675210,2.9467,-3.35513,2.35409,0
1789391675261,0,1789391675254,2.93749,-3.36394,2.33392,0
1789391675314,0,1789391675305,2.92696,-3.37372,2.30973,0
1789391675359,0,1789391675351,2.91756,-3.38214,2.28899,0
1789391675415,0,1789391675404,2.9077,-3.39052,2.26537,0
1789391675472,0,1789391675456,2.89788,-3.3985,2.24189,0
1789391675519,0,1789391675507,2.88912,-3.40515,2.22125,0
1789391675561,0,1789391675551,2.88115,-3.41095,2.20423,0
1789391675612,0,1789391675602,2.87292,-3.41688,2.18492,0
1789391675672,0,1789391675664,2.86272,-3.42389,2.16164,0
1789391675736,0,1789391675728,2.85225,-3.4307,2.13799,0
1789391675780,0,1789391675770,2.84514,-3.43513,2.12189,0
1789391675836,0,1789391675827,2.83562,-3.44091,2.10107,0
1789391675892,0,1789391675877,2.82681,-3.44603,2.08363,0
1789391675943,0,1789391675934,2.81646,-3.45185,2.06637,0
1789391675989,0,1789391675981,2.80624,-3.45733,2.05364,0
1789391676039,0,1789391676029,2.79588,-3.46267,2.04024,0
1789391676085,0,1789391676077,2.78333,-3.46875,2.02746,0
1789391676140,0,1789391676128,2.77034,-3.47487,2.01338,0
1789391676179,0,1789391676173,2.75573,-3.48166,2.00115,0
1789391676248,0,1789391676232,2.73678,-3.49013,1.98478,0
1789391676295,0,1789391676285,2.71847,-3.49773,1.97035,0
1789391676369,0,1789391676358,2.69348,-3.50751,1.94989,0
1789391676417,0,1789391676407,2.67389,-3.51485,1.93668,0
1789391676465,0,1789391676455,2.65347,-3.52219,1.92261,0
1789391676514,0,1789391676503,2.6343,-3.52883,1.90972,0
1789391676578,0,1789391676570,2.60919,-3.53698,1.89155,0
1789391676640,0,1789391676630,2.58601,-3.54457,1.87577,0
1789391676708,0,1789391676697,2.565,-3.55145,1.85864,0
1789391676766,0,1789391676757,2.5443,-3.55772,1.84359,0
1789391676842,0,1789391676823,2.52618,-3.56229,1.82595,0
1789391676920,0,1789391676872,2.55683,-3.5419,1.84504,0.0722383
1789391676977,0,1789391676967,2.55615,-3.5361,1.81624,0
1789391677033,0,1789391677025,2.54251,-3.53917,1.79871,0
1789391677095,0,1789391677084,2.52637,-3.54251,1.78089,0
1789391677161,0,1789391677150,2.50859,-3.54604,1.76099,0
1789391677210,0,1789391677199,2.49386,-3.54876,1.74645,0
1789391677293,0,1789391677265,2.54,-3.55832,1.74874,0.129183
1789391677333,0,1789391677326,2.57951,-3.56767,1.73,0
1789391677398,0,1789391677388,2.56119,-3.571,1.71126,0
1789391677452,0,1789391677441,2.54053,-3.57376,1.69524,0
1789391677503,0,1789391677491,2.52141,-3.57601,1.68071,0
1789391677549,0,1789391677538,2.50176,-3.5779,1.66728,0
1789391677594,0,1789391677587,2.48029,-3.57965,1.65299,0
1789391677655,0,1789391677645,2.45291,-3.5812,1.63695,0
1789391677705,0,1789391677696,2.42839,-3.58223,1.6225,0
1789391677748,0,1789391677740,2.40591,-3.58309,1.61002,0
1789391677804,0,1789391677790,2.38041,-3.58368,1.595,0
1789391677853,0,1789391677846,2.35132,-3.58395,1.57809,0
1789391677915,0,1789391677907,2.31882,-3.58361,1.55929,0
1789391677969,0,1789391677959,2.29032,-3.58278,1.54355,0
1789391678026,0,1789391678008,2.26324,-3.58159,1.5338,0
1789391678075,0,1789391678066,2.23134,-3.58015,1.52602,0
1789391678127,0,1789391678114,2.21036,-3.5792,1.51972,0
1789391678169,0,1789391678161,2.19359,-3.57827,1.51385,0
1789391678220,0,1789391678210,2.17988,-3.57733,1.50751,0
1789391678267,0,1789391678257,2.16737,-3.57639,1.50169,0
1789391678336,0,1789391678318,2.15254,-3.57526,1.49341,0
1789391678400,0,1789391678390,2.13482,-3.57368,1.48346,0
1789391678466,0,1789391678457,2.11839,-3.57226,1.47398,0
1789391678529,0,1789391678518,2.10529,-3.57103,1.46505,0
1789391678577,0,1789391678567,2.09564,-3.56987,1.45719,0
1789391678636,0,1789391678626,2.08465,-3.56839,1.44387,0
1789391678705,0,1789391678694,2.07181,-3.56648,1.4245,0
1789391678762,0,1789391678754,2.06234,-3.56493,1.40295,0
1789391678833,0,1789391678820,2.052,-3.56295,1.37824,0
1789391678890,0,1789391678881,2.04344,-3.56103,1.35547,0
1789391678939,0,1789391678929,2.037,-3.55946,1.3369,0
1789391678985,0,1789391678977,2.0307,-3.55784,1.31931,0
1789391679034,0,1789391679025,2.02448,-3.55615,1.30296,0
1789391679082,0,1789391679072,2.01831,-3.55443,1.28824,0
1789391679138,0,1789391679127,2.01103,-3.55227,1.27013,0
1789391679189,0,1789391679178,2.00416,-3.55004,1.25354,0
1789391679248,0,1789391679240,1.99581,-3.54715,1.23415,0
1789391679297,0,1789391679287,1.98855,-3.54447,1.22095,0
1789391679345,0,1789391679335,1.97971,-3.54107,1.20587,0
1789391679391,0,1789391679383,1.9711,-3.53743,1.19083,0
1789391679456,0,1789391679448,1.95883,-3.53185,1.17124,0
1789391679508,0,1789391679497,1.94893,-3.52748,1.15632,0
1789391679570,0,1789391679559,1.93415,-3.5209,1.13704,0
1789391679639,0,1789391679628,1.91758,-3.513,1.11643,0
1789391679705,0,1789391679697,1.8987,-3.50302,1.09551,0
1789391679758,0,1789391679746,1.88548,-3.49589,1.08063,0
1789391679805,0,1789391679794,1.87081,-3.48852,1.06526,0
1789391679851,0,1789391679842,1.85655,-3.48107,1.05067,0
1789391679910,0,1789391679899,1.84014,-3.4714,1.03275,0
1789391679959,0,1789391679948,1.8254,-3.46233,1.01796,0
1789391680005,0,1789391679996,1.81018,-3.45275,1.00365,0
1789391680065,0,1789391680054,1.7914,-3.44048,0.986283,0
1789391680127,0,1789391680114,1.77225,-3.42796,0.967173,0
1789391680169,0,1789391680161,1.75603,-3.41702,0.953123,0
1789391680265,0,1789391680229,1.74179,-3.40963,0.950844,0.01278
1789391680297,0,1789391680289,1.71982,-3.39321,0.932176,0
1789391680355,0,1789391680337,1.7015,-3.37948,0.914585,0
1789391680393,0,1789391680384,1.6818,-3.36477,0.896964,0
1789391680458,0,1789391680448,1.65602,-3.3447,0.8735,0
1789391680511,0,1789391680499,1.63544,-3.3271,0.855102,0
1789391680565,0,1789391680548,1.61694,-3.31059,0.835278,0
1789391680604,0,1789391680595,1.59811,-3.29307,0.816973,0
1789391680661,0,1789391680650,1.57667,-3.27228,0.794614,0
1789391680698,0,1789391680691,1.56102,-3.2568,0.776729,0
1789391680752,0,1789391680741,1.54141,-3.23687,0.756074,0
1789391680808,0,1789391680801,1.51852,-3.21222,0.732007,0
1789391680872,0,1789391680862,1.4956,-3.18581,0.707663,0
1789391680914,0,1789391680907,1.47849,-3.16545,0.689765,0
1789391680973,0,1789391680960,1.45816,-3.14018,0.670419,0
1789391681023,0,1789391681013,1.43848,-3.11489,0.651075,0
1789391681072,0,1789391681062,1.42065,-3.091,0.633935,0
1789391681119,0,1789391681110,1.40337,-3.06707,0.618132,0
1789391681170,0,1789391681158,1.38575,-3.04166,0.604585,0
1789391681216,0,1789391681206,1.36842,-3.01615,0.591225,0
1789391681276,0,1789391681267,1.34788,-2.98468,0.576295,0
1789391681319,0,1789391681310,1.3335,-2.96239,0.56655,0
1789391681380,0,1789391681365,1.31499,-2.9328,0.557316,0
1789391681432,0,1789391681425,1.29474,-2.89963,0.549028,0
1789391681485,0,1789391681474,1.27841,-2.87266,0.543713,0
1789391681532,0,1789391681521,1.26278,-2.84672,0.541469,0
1789391681578,0,1789391681569,1.24682,-2.82028,0.539344,0
1789391681626,0,1789391681618,1.23047,-2.7932,0.538291,0
1789391681675,0,1789391681668,1.21372,-2.76568,0.537405,0
1789391681723,0,1789391681713,1.1986,-2.74122,0.538047,0
1789391681776,0,1789391681768,1.18034,-2.71194,0.540353,0
1789391681827,0,1789391681821,1.16293,-2.68349,0.54261,0
1789391681877,0,1789391681869,1.14693,-2.6574,0.543732,0
1789391681931,0,1789391681915,1.132,-2.63212,0.546225,0
1789391681976,0,1789391681968,1.11488,-2.60335,0.549641,0
1789391682031,0,1789391682024,1.09621,-2.57262,0.552893,0
1789391682087,0,1789391682074,1.07912,-2.54494,0.555753,0
1789391682127,0,1789391682121,1.06278,-2.51987,0.559147,0
1789391682183,0,1789391682173,1.04428,-2.49197,0.563688,0
1789391682235,0,1789391682225,1.02604,-2.46409,0.568318,0
1789391682293,0,1789391682280,1.007,-2.43457,0.574053,0
1789391682336,0,1789391682329,0.989751,-2.40859,0.579488,0
1789391682397,0,1789391682389,0.968061,-2.37758,0.587039,0
1789391682440,0,1789391682434,0.951864,-2.35434,0.592921,0
1789391682495,0,1789391682483,0.933924,-2.32802,0.601032,0
1789391682537,0,1789391682529,0.916962,-2.30361,0.610465,0
1789391682587,0,1789391682580,0.898584,-2.27751,0.623022,0
1789391682641,0,1789391682633,0.87895,-2.25051,0.638211,0
1789391682696,0,1789391682686,0.859432,-2.22351,0.653102,0
1789391682740,0,1789391682730,0.843226,-2.20153,0.665827,0
1789391682794,0,1789391682784,0.822648,-2.175,0.682174,0
1789391682843,0,1789391682835,0.802285,-2.15006,0.698249,0
1789391682897,0,1789391682886,0.781635,-2.12549,0.714541,0
1789391682942,0,1789391682935,0.76158,-2.10261,0.731147,0
1789391682998,0,1789391682990,0.740197,-2.07862,0.750628,0
1789391683042,0,1789391683036,0.722665,-2.05924,0.767406,0
1789391683098,0,1789391683088,0.702189,-2.03743,0.787695,0
1789391683149,0,1789391683141,0.68273,-2.01793,0.809679,0
1789391683197,0,1789391683189,0.665609,-2.00143,0.829172,0
1789391683244,0,1789391683237,0.649054,-1.98658,0.850036,0
1789391683306,0,1789391683297,0.627603,-1.9683,0.876357,0
1789391683353,0,1789391683346,0.610689,-1.95483,0.897517,0
1789391683415,0,1789391683399,0.592117,-1.94077,0.919879,0
1789391683448,0,1789391683442,0.577537,-1.93007,0.937396,0
1789391683501,0,1789391683492,0.56006,-1.91777,0.95708,0
1789391683559,0,1789391683548,0.540557,-1.90471,0.979039,0
1789391683614,0,1789391683605,0.520596,-1.89214,1.00113,0
1789391683661,0,1789391683654,0.503491,-1.88168,1.01971,0
1789391683710,0,1789391683703,0.486841,-1.87173,1.03803,0
1789391683768,0,1789391683760,0.467528,-1.86078,1.06011,0
1789391683820,0,1789391683810,0.452022,-1.85243,1.07824,0
1789391683884,0,1789391683856,0.428351,-1.81819,1.09262,0.0285198
1789391683913,0,1789391683906,0.414234,-1.81073,1.11009,0
1789391683960,0,1789391683952,0.401251,-1.80426,1.1264,0
1789391684013,0,1789391684005,0.38712,-1.79784,1.14896,0
1789391684063,0,1789391684056,0.373153,-1.79196,1.17108,0
1789391684120,0,1789391684109,0.358943,-1.78631,1.1933,0
1789391684171,0,1789391684163,0.344707,-1.78106,1.21728,0
1789391684223,0,1789391684214,0.331583,-1.77643,1.23921,0
1789391684266,0,1789391684259,0.318993,-1.77209,1.25986,0
1789391684318,0,1789391684311,0.30327,-1.76726,1.28376,0
1789391684365,0,1789391684357,0.288608,-1.76326,1.30454,0
1789391684421,0,1789391684412,0.27147,-1.75888,1.3284,0
1789391684470,0,1789391684460,0.254904,-1.75488,1.34936,0
1789391684518,0,1789391684510,0.239933,-1.75162,1.37156,0
1789391684571,0,1789391684565,0.222485,-1.74818,1.39489,0
1789391684626,0,1789391684620,0.206576,-1.74539,1.41564,0
1789391684677,0,1789391684670,0.193465,-1.74345,1.4345,0
1789391684729,0,1789391684721,0.180265,-1.74175,1.45079,0
1789391684772,0,1789391684765,0.170015,-1.74063,1.46274,0
1789391684824,0,1789391684817,0.158212,-1.73953,1.47667,0
1789391684880,0,1789391684870,0.147067,-1.73856,1.49744,0
1789391684934,0,1789391684926,0.136552,-1.73786,1.52468,0
1789391684981,0,1789391684975,0.126508,-1.73744,1.55109,0
1789391685034,0,1789391685023,0.115925,-1.73736,1.57595,0
1789391685077,0,1789391685071,0.105519,-1.73753,1.60186,0
1789391685136,0,1789391685128,0.0915651,-1.7382,1.63257,0
1789391685198,0,1789391685185,0.077814,-1.7393,1.66298,0
1789391685245,0,1789391685236,0.0636697,-1.74111,1.68933,0
1789391685286,0,1789391685281,0.0508854,-1.74303,1.71251,0
1789391685341,0,1789391685332,0.0348986,-1.74576,1.73812,0
1789391685384,0,1789391685377,0.0208528,-1.74851,1.76048,0
1789391685438,0,1789391685431,0.00356605,-1.75199,1.78707,0
1789391685494,0,1789391685484,-0.0133905,-1.7558,1.81395,0
1789391685545,0,1789391685537,-0.0293593,-1.75994,1.841,0
1789391685596,0,1789391685588,-0.044925,-1.76467,1.86648,0
1789391685646,0,1789391685638,-0.0605003,-1.76973,1.89103,0
1789391685692,0,1789391685684,-0.0727958,-1.77392,1.90909,0
1789391685746,0,1789391685738,-0.0861739,-1.7787,1.92523,0
1789391685799,0,1789391685790,-0.0989875,-1.78348,1.93429,0
1789391685852,0,1789391685841,-0.112901,-1.78877,1.93942,0
1789391685892,0,1789391685886,-0.125258,-1.79349,1.94039,0
1789391685942,0,1789391685936,-0.138938,-1.7987,1.93968,0
1789391685993,0,1789391685987,-0.150732,-1.80341,1.93898,0
1789391686056,0,1789391686046,-0.162517,-1.80815,1.9391,0
1789391686118,0,1789391686110,-0.177499,-1.81398,1.94398,0
1789391686166,0,1789391686159,-0.188152,-1.81809,1.95342,0
1789391686213,0,1789391686205,-0.19692,-1.82164,1.96726,0
1789391686276,0,1789391686265,-0.2073,-1.82618,1.99116,0
1789391686320,0,1789391686311,-0.215971,-1.83017,2.0134,0
1789391686369,0,1789391686361,-0.226724,-1.83544,2.03699,0
1789391686415,0,1789391686408,-0.236639,-1.8406,2.05891,0
1789391686464,0,1789391686457,-0.247469,-1.84684,2.08157,0
1789391686513,0,1789391686505,-0.257228,-1.85284,2.10457,0
1789391686571,0,1789391686562,-0.270455,-1.86118,2.13214,0
1789391686622,0,1789391686613,-0.283371,-1.86976,2.15767,0
1789391686671,0,1789391686663,-0.297091,-1.87884,2.18195,0
1789391686715,0,1789391686707,-0.30985,-1.88767,2.20248,0
1789391686766,0,1789391686758,-0.324508,-1.89884,2.22623,0
1789391686813,0,1789391686804,-0.338743,-1.9104,2.24824,0
1789391686880,0,1789391686869,-0.358521,-1.92737,2.27981,0
1789391686929,0,1789391686919,-0.374752,-1.94209,2.30395,0
1789391686980,0,1789391686973,-0.391932,-1.95819,2.32945,0
1789391687020,0,1789391687014,-0.405007,-1.9707,2.34885,0
1789391687073,0,1789391687066,-0.42117,-1.98688,2.37395,0
1789391687128,0,1789391687121,-0.439652,-2.00669,2.4002,0
1789391687184,0,1789391687174,-0.457453,-2.02675,2.42454,0
1789391687223,0,1789391687216,-0.470913,-2.04299,2.44374,0
1789391687277,0,1789391687267,-0.487098,-2.06339,2.46764,0
1789391687322,0,1789391687314,-0.502751,-2.08352,2.48959,0
1789391687387,0,1789391687376,-0.522838,-2.111,2.51837,0
1789391687439,0,1789391687431,-0.540531,-2.13685,2.54374,0
1789391687496,0,1789391687487,-0.557986,-2.16434,2.56863,0
1789391687550,0,1789391687543,-0.574426,-2.19218,2.59143,0
1789391687608,0,1789391687596,-0.590058,-2.22061,2.61056,0
1789391687660,0,1789391687650,-0.605793,-2.24974,2.62675,0
1789391687709,0,1789391687699,-0.62025,-2.27669,2.63954,0
1789391687753,0,1789391687746,-0.633927,-2.30259,2.65095,0
1789391687809,0,1789391687796,-0.64905,-2.33079,2.66191,0
1789391687853,0,1789391687844,-0.663164,-2.35766,2.67104,0
1789391687903,0,1789391687896,-0.678221,-2.38724,2.68089,0
1789391687955,0,1789391687947,-0.6926,-2.41607,2.69042,0
1789391688013,0,1789391688002,-0.708089,-2.44672,2.69969,0
1789391688050,0,1789391688043,-0.719624,-2.46984,2.70495,0
1789391688106,0,1789391688098,-0.734399,-2.50094,2.71222,0
1789391688184,0,1789391688151,-0.743398,-2.52511,2.71586,0.008078
1789391688215,0,1789391688204,-0.757481,-2.55617,2.71937,0
1789391688266,0,1789391688256,-0.771654,-2.58771,2.72161,0
1789391688327,0,1789391688317,-0.788056,-2.62416,2.72157,0
1789391688384,0,1789391688370,-0.802307,-2.65534,2.71857,0
1789391688434,0,1789391688425,-0.817109,-2.6875,2.71418,0
1789391688476,0,1789391688466,-0.828058,-2.71149,2.7096,0
1789391688546,0,1789391688529,-0.844993,-2.74791,2.70191,0
1789391688585,0,1789391688578,-0.858302,-2.77589,2.69527,0
1789391688637,0,1789391688626,-0.871773,-2.80316,2.68644,0
1789391688681,0,1789391688674,-0.886,-2.83089,2.67739,0
1789391688734,0,1789391688723,-0.900885,-2.85914,2.66779,0
1789391688788,0,1789391688781,-0.917463,-2.89156,2.65746,0
1789391688851,0,1789391688843,-0.934977,-2.9259,2.64711,0
1789391688901,0,1789391688889,-0.948406,-2.95141,2.64193,0
1789391688950,0,1789391688940,-0.963719,-2.97958,2.63601,0
1789391688994,0,1789391688985,-0.977596,-3.00465,2.63135,0
1789391689067,0,1789391689051,-0.998897,-3.04199,2.62465,0
1789391689109,0,1789391689099,-1.01446,-3.06893,2.61967,0
1789391689176,0,1789391689166,-1.03638,-3.10609,2.6121,0
1789391689237,0,1789391689225,-1.05567,-3.13829,2.60583,0
1789391689299,0,1789391689289,-1.07725,-3.17364,2.59635,0
1789391689356,0,1789391689349,-1.09774,-3.20636,2.58544,0
1789391689413,0,1789391689397,-1.11433,-3.23149,2.57216,0
1789391689461,0,1789391689453,-1.13553,-3.26221,2.5518,0
1789391689514,0,1789391689505,-1.15561,-3.28999,2.53033,0
1789391689570,0,1789391689559,-1.17695,-3.31798,2.50814,0
1789391689619,0,1789391689608,-1.19605,-3.34219,2.48691,0
1789391689665,0,1789391689655,-1.21467,-3.3648,2.46509,0
1789391689739,0,1789391689721,-1.24142,-3.39592,2.43512,0
1789391689829,0,1789391689787,-1.23887,-3.39588,2.41015,0.0414276
1789391689925,0,1789391689855,-1.20475,-3.39638,2.40223,0.0746602
1789391689947,0,1789391689923,-1.22735,-3.42346,2.36977,0
1789391690022,0,1789391689987,-1.23761,-3.44801,2.34727,0.0135622
1789391690076,0,1789391690046,-1.26003,-3.46673,2.32519,0.00235588
1789391690208,0,1789391690112,-1.28408,-3.50762,2.29403,0.0178262
1789391690285,0,1789391690169,-1.26677,-3.48711,2.29119,0.055483
1789391690331,0,1789391690235,-1.27597,-3.52451,2.27554,0.0230078
1789391690360,0,1789391690284,-1.29597,-3.54093,2.257,0
1789391690381,0,1789391690334,-1.31829,-3.57449,2.24313,0.0169865
1789391690460,0,1789391690451,-1.36642,-3.61044,2.19702,0
1789391690511,0,1789391690499,-1.38631,-3.62419,2.17761,0
1789391690560,0,1789391690548,-1.40655,-3.63762,2.15706,0
1789391690621,0,1789391690604,-1.4296,-3.65221,2.13311,0
1789391690662,0,1789391690653,-1.44903,-3.66396,2.11232,0
1789391690707,0,1789391690700,-1.46817,-3.67502,2.09441,0
1789391690762,0,1789391690751,-1.48815,-3.68648,2.07796,0
1789391690807,0,1789391690797,-1.50611,-3.69644,2.06416,0
1789391690879,0,1789391690861,-1.53093,-3.70907,2.04647,0
1789391690914,0,1789391690904,-1.54797,-3.71736,2.03443,0
1789391690966,0,1789391690957,-1.56805,-3.72673,2.02008,0
1789391691020,0,1789391691010,-1.58821,-3.73583,2.00521,0
1789391691079,0,1789391691068,-1.61002,-3.74542,1.99083,0
1789391691125,0,1789391691114,-1.62787,-3.75312,1.9794,0
1789391691180,0,1789391691173,-1.65086,-3.76261,1.96549,0
1789391691237,0,1789391691230,-1.6748,-3.77185,1.95159,0
1789391691286,0,1789391691279,-1.6962,-3.77994,1.93934,0
1789391691348,0,1789391691337,-1.72366,-3.7904,1.92488,0
1789391691396,0,1789391691386,-1.74768,-3.79921,1.91315,0
1789391691441,0,1789391691433,-1.7716,-3.80687,1.90195,0
1789391691500,0,1789391691489,-1.79976,-3.81537,1.88778,0
1789391691560,0,1789391691549,-1.83054,-3.82535,1.8724,0
1789391691622,0,1789391691614,-1.86423,-3.83592,1.85479,0
1789391691681,0,1789391691674,-1.89641,-3.845,1.83578,0
1789391691752,0,1789391691740,-1.93211,-3.85377,1.81242,0
1789391691799,0,1789391691789,-1.95886,-3.86005,1.79275,0
1789391691909,0,1789391691847,-1.99814,-3.89717,1.80306,0.0313039
1789391691953,0,1789391691946,-2.05043,-3.90921,1.76452,0
1789391691998,0,1789391691990,-2.07239,-3.91358,1.74719,0
1789391692054,0,1789391692046,-2.09909,-3.91767,1.72353,0
1789391692106,0,1789391692095,-2.12198,-3.92071,1.70205,0
1789391692155,0,1789391692147,-2.14361,-3.92322,1.6796,0
1789391692202,0,1789391692191,-2.16191,-3.92499,1.66036,0
1789391692253,0,1789391692246,-2.18237,-3.92646,1.63697,0
1789391692325,0,1789391692315,-2.20665,-3.92754,1.61187,0
1789391692392,0,1789391692379,-2.22956,-3.92807,1.59259,0
1789391692454,0,1789391692446,-2.25477,-3.92803,1.5722,0
1789391692505,0,1789391692495,-2.27291,-3.9277,1.55708,0
1789391692553,0,1789391692542,-2.29165,-3.92708,1.54363,0
1789391692603,0,1789391692591,-2.30988,-3.92641,1.52915,0
1789391692646,0,1789391692638,-2.33094,-3.92553,1.5154,0
1789391692720,0,1789391692710,-2.36165,-3.9238,1.49464,0
1789391692778,0,1789391692770,-2.3898,-3.92155,1.4779,0
1789391692835,0,1789391692824,-2.41552,-3.91908,1.46283,0
1789391692878,0,1789391692866,-2.43702,-3.91615,1.45098,0
1789391692922,0,1789391692914,-2.46121,-3.91248,1.43719,0
1789391692982,0,1789391692973,-2.49056,-3.90773,1.42284,0
1789391693031,0,1789391693022,-2.51543,-3.90345,1.41386,0
1789391693144,0,1789391693069,-2.56297,-3.89531,1.38273,0.0233134
1789391693184,0,1789391693174,-2.61853,-3.8841,1.38014,0
1789391693241,0,1789391693230,-2.64843,-3.87871,1.38056,0
1789391693286,0,1789391693278,-2.67474,-3.8737,1.38321,0
1789391693352,0,1789391693344,-2.71364,-3.8658,1.38687,0
1789391693399,0,1789391693392,-2.74159,-3.86028,1.3888,0
1789391693456,0,1789391693443,-2.77002,-3.85512,1.38793,0
1789391693497,0,1789391693489,-2.79472,-3.8506,1.38747,0
1789391693558,0,1789391693546,-2.82544,-3.84481,1.38502,0
1789391693604,0,1789391693594,-2.8501,-3.84002,1.37882,0
1789391693669,0,1789391693651,-2.87748,-3.83449,1.36882,0
1789391693709,0,1789391693699,-2.89933,-3.82987,1.3605,0
1789391693765,0,1789391693756,-2.92334,-3.82454,1.34987,0
1789391693823,0,1789391693815,-2.94568,-3.81921,1.33676,0
1789391693885,0,1789391693874,-2.96614,-3.81425,1.32267,0
1789391693944,0,1789391693929,-2.98388,-3.80974,1.30899,0
1789391693991,0,1789391693980,-3.00013,-3.80529,1.29594,0
1789391694033,0,1789391694024,-3.01235,-3.80155,1.28547,0
1789391694092,0,1789391694082,-3.02723,-3.79681,1.27211,0
1789391694138,0,1789391694129,-3.03773,-3.79357,1.26061,0
1789391694197,0,1789391694186,-3.05022,-3.78955,1.24676,0
1789391694243,0,1789391694234,-3.05954,-3.78631,1.2361,0
1789391694296,0,1789391694286,-3.06909,-3.78283,1.22324,0
1789391694337,0,1789391694330,-3.07632,-3.78025,1.21168,0
1789391694395,0,1789391694382,-3.08438,-3.7773,1.19831,0
1789391694452,0,1789391694444,-3.09394,-3.77344,1.18127,0
1789391694518,0,1789391694508,-3.10286,-3.76953,1.16386,0
1789391694559,0,1789391694552,-3.10871,-3.767,1.15204,0
1789391694611,0,1789391694600,-3.11463,-3.76442,1.13934,0
1789391694654,0,1789391694647,-3.11994,-3.76203,1.12486,0
1789391694720,0,1789391694711,-3.12729,-3.75841,1.10525,0
1789391694770,0,1789391694762,-3.13277,-3.7556,1.09028,0
1789391694822,0,1789391694812,-3.13753,-3.75296,1.0742,0
1789391694866,0,1789391694859,-3.1421,-3.75034,1.05902,0
1789391694922,0,1789391694910,-3.14686,-3.74752,1.044,0
1789391694963,0,1789391694955,-3.1509,-3.74505,1.03021,0
1789391695020,0,1789391695011,-3.15584,-3.74187,1.01087,0
1789391695077,0,1789391695068,-3.16088,-3.73849,0.992203,0
1789391695150,0,1789391695139,-3.16707,-3.73439,0.969481,0
1789391695198,0,1789391695188,-3.17129,-3.73153,0.954518,0
1789391695247,0,1789391695238,-3.1755,-3.7286,0.937986,0
1789391695292,0,1789391695283,-3.17935,-3.7258,0.923711,0
1789391695356,0,1789391695347,-3.18468,-3.72173,0.901703,0
1789391695413,0,1789391695395,-3.18877,-3.7184,0.884655,0
1789391695456,0,1789391695444,-3.19278,-3.71497,0.864969,0
1789391695502,0,1789391695491,-3.19656,-3.71159,0.846161,0
1789391695551,0,1789391695542,-3.20064,-3.70784,0.828632,0
1789391695598,0,1789391695590,-3.20466,-3.70405,0.811139,0
1789391695648,0,1789391695640,-3.20872,-3.70003,0.792387,0
1789391695704,0,1789391695694,-3.21302,-3.69561,0.772542,0
1789391695764,0,1789391695757,-3.21805,-3.69017,0.748583,0
1789391695809,0,1789391695798,-3.22151,-3.68647,0.732701,0
1789391695859,0,1789391695849,-3.22605,-3.68146,0.713458,0
1789391695902,0,1789391695894,-3.22985,-3.67706,0.696114,0
1789391695954,0,1789391695946,-3.23437,-3.67148,0.676103,0
1789391696008,0,1789391695998,-3.23893,-3.66575,0.655515,0
1789391696083,0,1789391696071,-3.24549,-3.65716,0.626886,0
1789391696127,0,1789391696120,-3.24988,-3.65116,0.607864,0
1789391696184,0,1789391696176,-3.25557,-3.64285,0.586189,0
1789391696250,0,1789391696237,-3.26172,-3.63337,0.562074,0
1789391696295,0,1789391696285,-3.26689,-3.62518,0.542828,0
1789391696353,0,1789391696345,-3.27327,-3.61462,0.518952,0
1789391696420,0,1789391696411,-3.27998,-3.60209,0.491979,0
1789391696467,0,1789391696460,-3.28508,-3.59178,0.472677,0
1789391696520,0,1789391696508,-3.2905,-3.58063,0.453247,0
1789391696565,0,1789391696556,-3.29625,-3.56825,0.433644,0
1789391696617,0,1789391696607,-3.30256,-3.55458,0.412216,0
1789391696666,0,1789391696654,-3.30893,-3.54022,0.392139,0
1789391696728,0,1789391696717,-3.31673,-3.5217,0.364795,0
1789391696786,0,1789391696777,-3.32438,-3.50169,0.340668,0
1789391696846,0,1789391696836,-3.3314,-3.48175,0.316466,0
1789391696901,0,1789391696892,-3.33787,-3.46029,0.293329,0
1789391696959,0,1789391696940,-3.34289,-3.4422,0.272705,0
1789391696995,0,1789391696988,-3.34792,-3.42325,0.251236,0
1789391697058,0,1789391697047,-3.35349,-3.39926,0.225163,0
1789391697115,0,1789391697105,-3.35835,-3.37617,0.198399,0
1789391697166,0,1789391697154,-3.36193,-3.35652,0.174791,0
1789391697216,0,1789391697201,-3.36433,-3.3376,0.153987,0
1789391697266,0,1789391697255,-3.36617,-3.31602,0.130298,0
1789391697323,0,1789391697312,-3.36788,-3.29284,0.106475,0
1789391697370,0,1789391697360,-3.36922,-3.27216,0.0858231,0
1789391697419,0,1789391697407,-3.37035,-3.25144,0.0664942,0
1789391697470,0,1789391697460,-3.3714,-3.22706,0.0437964,0
1789391697513,0,1789391697505,-3.37196,-3.20632,0.0263331,0
1789391697570,0,1789391697559,-3.37227,-3.18019,0.00562019,0
1789391697637,0,1789391697626,-3.37182,-3.14823,-0.020122,0
1789391697693,0,1789391697676,-3.37119,-3.12167,-0.0390875,0
1789391697729,0,1789391697722,-3.3702,-3.09721,-0.0566645,0
1789391697782,0,1789391697774,-3.36893,-3.06859,-0.0759315,0
1789391697835,0,1789391697827,-3.36704,-3.03947,-0.0954596,0
1789391697897,0,1789391697883,-3.36424,-3.00822,-0.11635,0
1789391697940,0,1789391697932,-3.36094,-2.98,-0.132842,0
1789391697992,0,1789391697981,-3.35686,-2.95133,-0.148125,0
1789391698049,0,1789391698041,-3.35064,-2.91514,-0.164886,0
1789391698107,0,1789391698090,-3.34531,-2.88586,-0.177115,0
1789391698149,0,1789391698137,-3.34003,-2.85815,-0.185919,0
1789391698219,0,1789391698208,-3.33159,-2.81639,-0.198633,0
1789391698282,0,1789391698271,-3.32345,-2.77783,-0.208226,0
1789391698352,0,1789391698342,-3.31384,-2.73448,-0.218886,0
1789391698410,0,1789391698401,-3.30532,-2.69844,-0.227629,0
1789391698541,0,1789391698449,-3.2981,-2.66903,-0.234094,9.38464e-05
1789391698557,0,1789391698546,-3.28407,-2.61037,-0.249821,0
1789391698603,0,1789391698593,-3.27653,-2.58161,-0.257645,0
1789391698665,0,1789391698649,-3.26703,-2.54722,-0.266014,0
1789391698713,0,1789391698706,-3.25765,-2.51333,-0.275743,0
1789391698780,0,1789391698771,-3.24691,-2.47543,-0.287687,0
1789391698824,0,1789391698812,-3.23989,-2.45121,-0.293179,0
1789391698883,0,1789391698872,-3.22931,-2.41576,-0.300411,0
1789391698927,0,1789391698919,-3.22083,-2.3879,-0.304938,0
1789391698977,0,1789391698968,-3.21164,-2.35822,-0.309262,0
1789391699041,0,1789391699032,-3.19976,-2.32025,-0.313079,0
1789391699121,0,1789391699106,-3.18534,-2.27717,-0.318022,0
1789391699177,0,1789391699167,-3.17336,-2.24181,-0.317672,0
1789391699238,0,1789391699227,-3.16189,-2.20681,-0.313267,0
1789391699288,0,1789391699274,-3.15298,-2.17887,-0.308042,0
1789391699333,0,1789391699322,-3.14397,-2.15031,-0.301541,0
1789391699379,0,1789391699369,-3.13528,-2.1221,-0.295007,0
1789391699448,0,1789391699437,-3.12338,-2.0822,-0.286648,0
1789391699487,0,1789391699478,-3.1162,-2.05733,-0.282697,0
1789391699538,0,1789391699527,-3.10789,-2.028,-0.278242,0
1789391699582,0,1789391699574,-3.10001,-1.99955,-0.274799,0
1789391699655,0,1789391699638,-3.08945,-1.96085,-0.271442,0
1789391699689,0,1789391699682,-3.08214,-1.93377,-0.269973,0
1789391699742,0,1789391699731,-3.07404,-1.90354,-0.268801,0
1789391699786,0,1789391699777,-3.0665,-1.87486,-0.267224,0
1789391699864,0,1789391699848,-3.05493,-1.83041,-0.264714,0
1789391699915,0,1789391699906,-3.04546,-1.79573,-0.262791,0
1789391699967,0,1789391699955,-3.03726,-1.76585,-0.260707,0
1789391700012,0,1789391700002,-3.03019,-1.73768,-0.258185,0
1789391700077,0,1789391700060,-3.02161,-1.70231,-0.253915,0
1789391700116,0,1789391700108,-3.01423,-1.6729,-0.250527,0
1789391700165,0,1789391700157,-3.00648,-1.64256,-0.245827,0
1789391700213,0,1789391700204,-2.99929,-1.61344,-0.240399,0
1789391700266,0,1789391700255,-2.99176,-1.58126,-0.233524,0
1789391700308,0,1789391700301,-2.98529,-1.55265,-0.225579,0
1789391700459,0,1789391700364,-2.97837,-1.51464,-0.214993,0.00139826
1789391700501,0,1789391700479,-2.95838,-1.46486,-0.186436,0.0201432
1789391700548,0,1789391700540,-2.95086,-1.42871,-0.174234,0
1789391700636,0,1789391700608,-2.93545,-1.3759,-0.166645,0.0138408
1789391700726,0,1789391700656,-2.93234,-1.3641,-0.153546,0.0179159
1789391700761,0,1789391700752,-2.92477,-1.30618,-0.128806,0
1789391700819,0,1789391700808,-2.92124,-1.27279,-0.112847,0
1789391700886,0,1789391700870,-2.91806,-1.23549,-0.0952332,0
1789391700936,0,1789391700926,-2.91546,-1.20235,-0.0804781,0
1789391700995,0,1789391700986,-2.91264,-1.16644,-0.0648884,0
1789391701056,0,1789391701037,-2.91056,-1.13552,-0.0513246,0
1789391701171,0,1789391701091,-2.91022,-1.13079,-0.0502842,0.0281607
1789391701244,0,1789391701196,-2.90118,-1.06577,-0.0244546,0.00601913
1789391701354,0,1789391701292,-2.89972,-1.01058,-0.00075652,0.00347579
1789391701434,0,1789391701420,-2.90034,-0.933633,0.0313815,0
1789391701486,0,1789391701477,-2.9014,-0.897462,0.0463027,0
1789391701545,0,1789391701535,-2.90309,-0.861965,0.0612085,0
1789391701602,0,1789391701584,-2.90517,-0.832633,0.0737088,0
1789391701652,0,1789391701643,-2.90788,-0.797296,0.0884517,0
1789391701704,0,1789391701694,-2.9103,-0.766372,0.100247,0
1789391701749,0,1789391701739,-2.91265,-0.73929,0.108437,0
1789391701802,0,1789391701790,-2.91572,-0.708683,0.116052,0
1789391701854,0,1789391701844,-2.9192,-0.676132,0.12215,0
1789391701903,0,1789391701893,-2.92305,-0.64538,0.127088,0
1789391701992,0,1789391701940,-2.92962,-0.619278,0.132102,0.00449494
1789391702037,0,1789391702007,-2.9354,-0.578094,0.13945,0.000556333
1789391702074,0,1789391702065,-2.94046,-0.541986,0.14368,0
1789391702124,0,1789391702114,-2.94482,-0.511973,0.145838,0
1789391702173,0,1789391702161,-2.94905,-0.483251,0.146392,0
1789391702225,0,1789391702213,-2.9539,-0.451262,0.144636,0
1789391702276,0,1789391702267,-2.95895,-0.417991,0.141415,0
1789391702348,0,1789391702338,-2.96498,-0.374567,0.136547,0
1789391702406,0,1789391702396,-2.96924,-0.339135,0.130181,0
1789391702464,0,1789391702456,-2.97344,-0.302693,0.124601,0
1789391702509,0,1789391702501,-2.97666,-0.274973,0.120406,0
1789391702560,0,1789391702550,-2.98008,-0.244371,0.116357,0
1789391702614,0,1789391702597,-2.98325,-0.215373,0.112518,0
1789391702663,0,1789391702653,-2.98685,-0.180885,0.107481,0
1789391702710,0,1789391702702,-2.98999,-0.149673,0.103398,0
1789391702762,0,1789391702750,-2.99296,-0.118847,0.0991988,0
1789391702820,0,1789391702808,-2.99634,-0.0825016,0.0936567,0
1789391702866,0,1789391702859,-2.99908,-0.0509462,0.0881488,0
1789391702913,0,1789391702904,-3.00158,-0.0229301,0.0834962,0
1789391702974,0,1789391702966,-3.00487,0.0158891,0.0750734,0
1789391703020,0,1789391703010,-3.0069,0.0431736,0.0681814,0
1789391703071,0,1789391703060,-3.00868,0.07454,0.0573889,0
1789391703116,0,1789391703106,-3.00993,0.10305,0.046745,0
1789391703167,0,1789391703156,-3.01053,0.134257,0.0328648,0
1789391703228,0,1789391703212,-3.01064,0.168917,0.0173226,0
1789391703300,0,1789391703272,-3.01028,0.194695,0.00879264,0.0103179
1789391703327,0,1789391703317,-3.00967,0.220989,-0.00327639,0
1789391703373,0,1789391703365,-3.00992,0.24908,-0.0168094,0
1789391703471,0,1789391703421,-3.01071,0.302829,-0.0379361,0.0212387
1789391703528,0,1789391703516,-3.00736,0.355282,-0.068726,0
1789391703585,0,1789391703572,-3.00462,0.385811,-0.0872125,0
1789391703641,0,1789391703631,-3.0011,0.418419,-0.107322,0
1789391703690,0,1789391703679,-2.99793,0.44485,-0.122022,0
1789391703737,0,1789391703727,-2.99445,0.471059,-0.136638,0
1789391703833,0,1789391703777,-2.99037,0.515015,-0.158062,0.01667
1789391703854,0,1789391703823,-2.98585,0.518165,-0.165832,0.0214043
1789391703937,0,1789391703875,-2.99434,0.530208,-0.172995,0.0203341
1789391703955,0,1789391703927,-2.98881,0.556589,-0.187401,0
1789391704021,0,1789391703996,-2.98104,0.590689,-0.206517,0
1789391704115,0,1789391704045,-2.96898,0.661993,-0.231068,0.051333
1789391704169,0,1789391704096,-2.96447,0.658125,-0.237947,0.028507
1789391704222,0,1789391704140,-2.97412,0.660393,-0.244307,0.022162
1789391704280,0,1789391704190,-2.96823,0.681742,-0.255696,0.00189745
1789391704354,0,1789391704237,-2.97129,0.702751,-0.265534,0.00886256
1789391704394,0,1789391704345,-2.95018,0.774171,-0.293968,0.0378944
1789391704488,0,1789391704446,-2.9627,0.750866,-0.294197,0.00815523
1789391704544,0,1789391704510,-2.95875,0.764321,-0.300597,0
1789391704594,0,1789391704568,-2.95524,0.775935,-0.304821,0
1789391704695,0,1789391704628,-2.95329,0.787938,-0.3043,0.00175364
1789391704747,0,1789391704675,-2.9529,0.794286,-0.296994,0.00342882
1789391704799,0,1789391704748,-2.94896,0.808229,-0.278694,0
1789391704859,0,1789391704796,-2.95342,0.822848,-0.266287,0.00939881
1789391704945,0,1789391704844,-2.95328,0.833941,-0.247258,0.0039294
1789391705009,0,1789391704892,-2.93528,0.847749,-0.231922,0.0174053
1789391705103,0,1789391705004,-2.91457,0.871861,-0.190235,0.0215978
1789391705152,0,1789391705053,-2.91386,0.873115,-0.17071,0.00361473
1789391705225,0,1789391705100,-2.90587,0.876991,-0.144703,0.00735496
1789391705271,0,1789391705215,-2.90533,0.881574,-0.0898742,0
1789391705376,0,1789391705264,-2.94617,0.878436,-0.00991131,0.0412176
1789391705451,0,1789391705363,-2.91737,0.880535,-0.0246911,0.0288046
1789391705520,0,1789391705418,-2.88986,0.899021,-0.000756141,0.033108
1789391705566,0,1789391705472,-2.8884,0.897524,0.0269783,0.00214023
1789391705649,0,1789391705533,-2.88538,0.899086,0.0514675,0.00347314
1789391705737,0,1789391705629,-2.87838,0.891684,0.104887,0.0102053
1789391705789,0,1789391705724,-2.87845,0.90205,0.135197,0.0103426
1789391705838,0,1789391705774,-2.87624,0.906046,0.157248,0.00451583
1789391705890,0,1789391705831,-2.8763,0.906226,0.184873,0.000169483
1789391705938,0,1789391705889,-2.87642,0.905429,0.211663,0.000814756
1789391705983,0,1789391705938,-2.87223,0.912695,0.236019,0.00840485
1789391706044,0,1789391705989,-2.87669,0.890754,0.287465,0.0224064
1789391706067,0,1789391706033,-2.87658,0.906649,0.285043,0.0158784
1789391706106,0,1789391706087,-2.86381,0.911266,0.308333,0.0135918
1789391706218,0,1789391706150,-2.86216,0.911044,0.337934,0.00170304
1789391706276,0,1789391706200,-2.85883,0.908962,0.360571,0.00393126
1789391706300,0,1789391706255,-2.86044,0.910727,0.388028,0.0024055
1789391706350,0,1789391706304,-2.86918,0.9004,0.446436,0.0135636
1789391706381,0,1789391706351,-2.86622,0.910549,0.436738,0.0105554
1789391706457,0,1789391706414,-2.86445,0.914308,0.462694,0.00415508
1789391706530,0,1789391706455,-2.86426,0.914318,0.480919,0.000178565
1789391706595,0,1789391706509,-2.86116,0.913717,0.507249,0.00311073
1789391706658,0,1789391706560,-2.86012,0.914093,0.531144,0.00097949
1789391706692,0,1789391706613,-2.86274,0.916845,0.560952,0.00381863
1789391706712,0,1789391706656,-2.88648,0.903876,0.612634,0.026981
1789391706759,0,1789391706714,-2.86235,0.90956,0.609445,0.0248729
1789391706791,0,1789391706762,-2.85796,0.916752,0.633074,0.00848513
1789391706867,0,1789391706818,-2.85744,0.920373,0.658928,0.00371403
1789391706893,0,1789391706866,-2.86334,0.920137,0.681415,0.00588927
1789391706947,0,1789391706921,-2.86335,0.920199,0.707649,0
1789391707012,0,1789391706974,-2.86834,0.90907,0.758913,0.0122329
1789391707059,0,1789391707023,-2.86711,0.913603,0.751992,0.00468902
1789391707104,0,1789391707070,-2.86405,0.918941,0.775328,0.00614455
1789391707182,0,1789391707122,-2.86033,0.922089,0.801094,0.00486554
1789391707210,0,1789391707166,-2.86015,0.922195,0.821469,0.000199638
1789391707255,0,1789391707220,-2.85558,0.920516,0.851929,0.00488167
1789391707299,0,1789391707273,-2.85559,0.9205,0.877779,0
1789391707380,0,1789391707332,-2.87418,0.898767,0.941168,0.0285919
1789391707401,0,1789391707377,-2.86228,0.911156,0.93662,0.0171794
1789391707463,0,1789391707427,-2.85998,0.914462,0.95431,0.004072
1789391707501,0,1789391707473,-2.85773,0.919944,0.974488,0.00596216
1789391707552,0,1789391707524,-2.85779,0.920031,0.998005,0
1789391707601,0,1789391707570,-2.85783,0.920123,1.0195,0
1789391707671,0,1789391707630,-2.85785,0.920199,1.04831,0
1789391707721,0,1789391707676,-2.86551,0.898235,1.10337,0.0232556
1789391707756,0,1789391707727,-2.85934,0.911872,1.10634,0.0149589
1789391707802,0,1789391707773,-2.85549,0.921228,1.1243,0.0101019
1789391707865,0,1789391707829,-2.85429,0.927856,1.14806,0.00673514
1789391707913,0,1789391707884,-2.85402,0.926457,1.17443,0.00141004
1789391707970,0,1789391707934,-2.85238,0.925069,1.19949,0.00214629
1789391708025,0,1789391707980,-2.84847,0.897766,1.24644,0.0275875
1789391708066,0,1789391708032,-2.86009,0.912108,1.25098,0.0184527
1789391708120,0,1789391708084,-2.86131,0.913241,1.27363,0.00176545
1789391708187,0,1789391708139,-2.86018,0.910876,1.29965,0.00250773
1789391708232,0,1789391708199,-2.86022,0.910567,1.32614,0.000243591
1789391708287,0,1789391708262,-2.86022,0.91052,1.35505,0
1789391708345,0,1789391708307,-2.85751,0.900184,1.38668,0.0107279
1789391708380,0,1789391708355,-2.87078,0.909432,1.40176,0.016111
1789391708441,0,1789391708403,-2.86808,0.913261,1.41781,0.00463958
1789391708479,0,1789391708454,-2.86632,0.913432,1.43979,0.00178442
1789391708522,0,1789391708499,-2.86634,0.913426,1.45945,0
1789391708581,0,1789391708558,-2.8664,0.913402,1.48528,0
1789391708648,0,1789391708603,-2.85582,0.915883,1.50686,0.0109061
1789391708692,0,1789391708654,-2.84464,0.907467,1.53923,0.0140581
1789391708739,0,1789391708707,-2.85629,0.917034,1.55205,0.0150162
1789391708785,0,1789391708760,-2.85982,0.916717,1.57403,0.00349356
1789391708835,0,1789391708803,-2.8591,0.916931,1.59278,0.000778091
1789391708897,0,1789391708863,-2.85868,0.921009,1.61789,0.00414607
1789391708931,0,1789391708908,-2.85863,0.920966,1.63705,0
1789391708993,0,1789391708959,-2.85373,0.915191,1.66053,0.00753609
1789391709052,0,1789391709005,-2.84772,0.90861,1.69813,0.00891548
1789391709105,0,1789391709064,-2.85995,0.911887,1.71158,0.0126962
1789391709153,0,1789391709118,-2.86245,0.910705,1.73048,0.00281484
1789391709214,0,1789391709169,-2.86447,0.914981,1.75109,0.0047509
1789391709257,0,1789391709215,-2.86432,0.91472,1.77173,0.000214742
1789391709293,0,1789391709264,-2.86228,0.913748,1.79457,0.00219859
1789391709351,0,1789391709325,-2.86228,0.91376,1.81855,0
1789391709418,0,1789391709375,-2.87275,0.903747,1.86277,0.0145057
1789391709463,0,1789391709433,-2.86746,0.905519,1.86664,0.00562374
1789391709507,0,1789391709481,-2.86759,0.913475,1.87926,0.00792889
1789391709561,0,1789391709528,-2.86584,0.913415,1.89679,0.00179222
1789391709603,0,1789391709577,-2.86587,0.913414,1.9154,0
1789391709668,0,1789391709633,-2.86429,0.913631,1.93692,0.00157618
1789391709714,0,1789391709683,-2.86303,0.917022,1.95575,0.00352302
1789391709752,0,1789391709730,-2.86297,0.917105,1.97153,0
1789391709807,0,1789391709779,-2.86443,0.919605,1.99065,0.00284327
1789391709881,0,1789391709836,-2.86273,0.899027,2.03134,0.0207259
1789391709916,0,1789391709885,-2.87244,0.91277,2.02374,0.0168251
1789391709970,0,1789391709946,-2.87119,0.916621,2.04141,0.00403943
1789391710033,0,1789391709997,-2.86749,0.914904,2.05577,0.00397661
1789391710067,0,1789391710043,-2.86537,0.919079,2.06842,0.00473878
1789391710133,0,1789391710093,-2.86143,0.920189,2.08423,0.00414005
1789391710192,0,1789391710139,-2.86482,0.916744,2.09792,0.00483533
1789391710218,0,1789391710191,-2.86435,0.916036,2.11317,0.000969713
1789391710253,0,1789391710234,-2.86728,0.915527,2.12666,0.00295717
1789391710323,0,1789391710292,-2.86824,0.915567,2.14078,0.000922682
1789391710374,0,1789391710344,-2.8657,0.917901,2.154,0.00348571
1789391710421,0,1789391710393,-2.86467,0.902501,2.17407,0.0154152
1789391710462,0,1789391710438,-2.87256,0.909474,2.17657,0.0104805
1789391710538,0,1789391710497,-2.87467,0.912706,2.18766,0.00381266
1789391710582,0,1789391710549,-2.87459,0.912778,2.19808,0.000105514
1789391710636,0,1789391710600,-2.86999,0.914423,2.20897,0.00489312
1789391710713,0,1789391710645,-2.87156,0.914886,2.21911,0.00169632
1789391710754,0,1789391710698,-2.87093,0.913475,2.23036,0.00147578
1789391710771,0,1789391710743,-2.87088,0.91347,2.23843,5.96046e-08
1789391710832,0,1789391710799,-2.87682,0.913669,2.25011,0.00601239
1789391710875,0,1789391710847,-2.87758,0.915631,2.25847,0.00211321
1789391710940,0,1789391710895,-2.8724,0.916523,2.26716,0.00530742
1789391710970,0,1789391710947,-2.87326,0.914931,2.27644,0.00148916
1789391711050,0,1789391711006,-2.87799,0.91429,2.28467,0.00377259
1789391711083,0,1789391711060,-2.87888,0.913541,2.2931,0
1789391711143,0,1789391711110,-2.88023,0.912033,2.30093,0.000471017
1789391711179,0,1789391711156,-2.882,0.910448,2.30787,3.37175e-07
1789391711252,0,1789391711205,-2.8893,0.895062,2.32217,0.0124027
1789391711280,0,1789391711252,-2.89717,0.903301,2.32447,0.0124823
1789391711348,0,1789391711306,-2.90335,0.896126,2.33255,0.00142638
1789391711385,0,1789391711361,-2.9083,0.890455,2.34112,0.00169808
1789391711462,0,1789391711416,-2.91783,0.881234,2.34858,0.00282675
1789391711498,0,1789391711466,-2.92799,0.872265,2.35935,0.00301267
1789391711566,0,1789391711518,-2.94167,0.861562,2.37191,0.0066526
1789391711596,0,1789391711573,-2.95042,0.852246,2.38812,0
1789391711665,0,1789391711625,-2.95424,0.845891,2.40364,0.00475579
1789391711697,0,1789391711670,-2.96465,0.808468,2.43085,0.0292183
1789391711752,0,1789391711723,-2.96904,0.831951,2.43918,0.0335905
1789391711790,0,1789391711768,-2.97681,0.822683,2.45937,0
1789391711855,0,1789391711816,-2.97706,0.800212,2.4854,0.0146042
1789391711885,0,1789391711863,-2.98487,0.789281,2.50831,0
1789391711955,0,1789391711930,-2.99777,0.779218,2.53958,0.0065729
1789391712013,0,1789391711974,-3.00266,0.771785,2.56098,0.00409373
1789391712055,0,1789391712021,-3.03308,0.718709,2.61341,0.0612255
1789391712098,0,1789391712068,-3.02686,0.739184,2.61199,0.0499079
1789391712158,0,1789391712120,-3.01527,0.743196,2.6329,0.0264484
1789391712210,0,1789391712175,-3.0294,0.721024,2.65764,0.00970447
1789391712272,0,1789391712234,-3.03896,0.704391,2.68619,0.001334
1789391712305,0,1789391712281,-3.04531,0.691117,2.70887,0
1789391712374,0,1789391712343,-3.0839,0.620299,2.75979,0.0613637
1789391712401,0,1789391712384,-3.07643,0.647317,2.75314,0.0586709
1789391712457,0,1789391712435,-3.07733,0.649101,2.77853,1.66999e-06
1789391712517,0,1789391712480,-3.07195,0.63851,2.80162,0.010853
1789391712561,0,1789391712531,-3.06742,0.628426,2.82789,0.0112906
1789391712621,0,1789391712588,-3.07274,0.610611,2.85511,0.000681337
1789391712662,0,1789391712640,-3.07723,0.594306,2.8794,2.36022e-06
1789391712734,0,1789391712693,-3.08278,0.524855,2.92889,0.0744154
1789391712783,0,1789391712743,-3.08826,0.558059,2.92243,0.0801811
1789391712813,0,1789391712788,-3.08055,0.552554,2.94526,0.0113034
1789391712870,0,1789391712838,-3.08324,0.536794,2.96858,0.000212911
1789391712923,0,1789391712893,-3.08527,0.519213,2.99558,0.000590103
1789391712983,0,1789391712948,-3.07891,0.507903,3.02437,0.0111283
1789391713035,0,1789391712999,-3.08054,0.491472,3.04801,0.000447907
1789391713083,0,1789391713046,-3.0752,0.429298,3.09121,0.0566308
1789391713126,0,1789391713093,-3.102,0.451558,3.09644,0.0569046
1789391713184,0,1789391713145,-3.09471,0.435164,3.11879,0.00837325
1789391713225,0,1789391713200,-3.08769,0.39326,-3.13521,0.0235381
1789391713306,0,1789391713251,-3.11159,0.341247,-3.08797,0.0410673
1789391713335,0,1789391713305,-3.10428,0.35397,-3.0769,0.0329976
1789391713381,0,1789391713355,-3.10614,0.343271,-3.05715,0.00783699
1789391713438,0,1789391713402,-3.09687,0.332234,-3.03655,0.00975382
1789391713494,0,1789391713452,-3.09304,0.316296,-3.01254,0.00331118
1789391713528,0,1789391713499,-3.07546,0.313935,-2.9916,0.0213775
1789391713581,0,1789391713556,-3.07326,0.289239,-2.96272,0.00351323
1789391713639,0,1789391713604,-3.06992,0.222577,-2.92405,0.0587781
1789391713701,0,1789391713654,-3.086,0.228124,-2.91591,0.0421351
1789391713735,0,1789391713704,-3.05663,0.231012,-2.89694,0.0333498
1789391713790,0,1789391713764,-3.05007,0.206838,-2.87044,0
1789391713836,0,1789391713809,-3.04228,0.183986,-2.84757,0.00501115
1789391713886,0,1789391713857,-3.03255,0.115593,-2.80738,0.0521572
1789391713939,0,1789391713904,-3.04522,0.138366,-2.79936,0.0526521
1789391714007,0,1789391713961,-3.03669,0.130633,-2.77648,0.0135529
1789391714056,0,1789391714014,-3.02559,0.12088,-2.75312,0.011137
1789391714106,0,1789391714074,-3.01413,0.0781025,-2.72398,0.01873
1789391714157,0,1789391714126,-3.02269,0.00789561,-2.67117,0.0904598
1789391714205,0,1789391714177,-3.02446,-0.0384539,-2.65231,0.00944615
1789391714267,0,1789391714222,-3.0364,-0.0495878,-2.63781,0.0224559
1789391714297,0,1789391714273,-3.01972,-0.0646248,-2.6143,0.00691327
1789391714359,0,1789391714327,-3.00737,-0.0852701,-2.5897,0.000123239
1789391714410,0,1789391714377,-3.0002,-0.106612,-2.56528,0.00532727
1789391714449,0,1789391714423,-2.98935,-0.122524,-2.544,1.49012e-08
1789391714503,0,1789391714474,-2.97557,-0.182491,-2.49637,0.0428951
1789391714572,0,1789391714527,-2.97325,-0.148439,-2.50761,0.0648785
1789391714616,0,1789391714579,-2.9607,-0.15353,-2.48383,0.00218897
1789391714660,0,1789391714624,-2.93589,-0.17851,-2.4563,0.016202
1789391714685,0,1789391714678,-2.92041,-0.19668,-2.43346,0
1789391714745,0,1789391714735,-2.90362,-0.215459,-2.41015,0
1789391714796,0,1789391714788,-2.88785,-0.232159,-2.38824,0
1789391714838,0,1789391714831,-2.87422,-0.246139,-2.36961,0
1789391714891,0,1789391714882,-2.85695,-0.263043,-2.34623,0
1789391714962,0,1789391714927,-2.83552,-0.269869,-2.32676,0.00986759
1789391715001,0,1789391714991,-2.81364,-0.28973,-2.29944,0
1789391715041,0,1789391715035,-2.79787,-0.303597,-2.28105,0
1789391715093,0,1789391715087,-2.77811,-0.320168,-2.25881,0
1789391715139,0,1789391715132,-2.76058,-0.334304,-2.23962,0
1789391715191,0,1789391715183,-2.7392,-0.350574,-2.2173,0
1789391715251,0,1789391715240,-2.71553,-0.367688,-2.19311,0
1789391715301,0,1789391715292,-2.69291,-0.383228,-2.1712,0
1789391715343,0,1789391715336,-2.67263,-0.396629,-2.15297,0
1789391715393,0,1789391715386,-2.64959,-0.411001,-2.13134,0
1789391715444,0,1789391715434,-2.62728,-0.424219,-2.11127,0
1789391715495,0,1789391715488,-2.60289,-0.438397,-2.08932,0
1789391715543,0,1789391715537,-2.5801,-0.451136,-2.0692,0
1789391715593,0,1789391715586,-2.55637,-0.463423,-2.04885,0
1789391715647,0,1789391715637,-2.53037,-0.475726,-2.02656,0
1789391715703,0,1789391715694,-2.50161,-0.48863,-2.00269,0
1789391715755,0,1789391715747,-2.47538,-0.499825,-1.98189,0
1789391715806,0,1789391715798,-2.45049,-0.509995,-1.96162,0
1789391715884,0,1789391715843,-2.40145,-0.541118,-1.92955,0.0348483
1789391715911,0,1789391715902,-2.37177,-0.551593,-1.90395,0
1789391715955,0,1789391715948,-2.34951,-0.559294,-1.88462,0
1789391716010,0,1789391715999,-2.3249,-0.567229,-1.86242,0
1789391716063,0,1789391716053,-2.30002,-0.574463,-1.83857,0
1789391716116,0,1789391716105,-2.27593,-0.580749,-1.8163,0
1789391716166,0,1789391716158,-2.25126,-0.586449,-1.79368,0
1789391716220,0,1789391716209,-2.22705,-0.591312,-1.77195,0
1789391716272,0,1789391716264,-2.20097,-0.595919,-1.74807,0
1789391716333,0,1789391716324,-2.17182,-0.600087,-1.72183,0
1789391716385,0,1789391716378,-2.14588,-0.603299,-1.69844,0
1789391716436,0,1789391716426,-2.1229,-0.605624,-1.67798,0
1789391716482,0,1789391716474,-2.09939,-0.607711,-1.65653,0
1789391716530,0,1789391716522,-2.07463,-0.609876,-1.63596,0
1789391716578,0,1789391716570,-2.0503,-0.611515,-1.61591,0
1789391716645,0,1789391716634,-2.01769,-0.612493,-1.59013,0
1789391716683,0,1789391716676,-1.99629,-0.61263,-1.5721,0
1789391716744,0,1789391716733,-1.96903,-0.611803,-1.5482,0
1789391716791,0,1789391716781,-1.94599,-0.610504,-1.52737,0
1789391716850,0,1789391716838,-1.91888,-0.608404,-1.50315,0
1789391716900,0,1789391716885,-1.89616,-0.606184,-1.48359,0
1789391716953,0,1789391716946,-1.86705,-0.602799,-1.45834,0
1789391717001,0,1789391716990,-1.84596,-0.599993,-1.4398,0
1789391717062,0,1789391717053,-1.81586,-0.595511,-1.41389,0
1789391717110,0,1789391717095,-1.79568,-0.592308,-1.39702,0
1789391717176,0,1789391717165,-1.76306,-0.586486,-1.36635,0
1789391717229,0,1789391717222,-1.73594,-0.580876,-1.34188,0
1789391717295,0,1789391717284,-1.707,-0.574068,-1.31373,0
1789391717339,0,1789391717329,-1.68646,-0.568105,-1.29414,0
1789391717386,0,1789391717377,-1.66438,-0.56116,-1.27288,0
1789391717435,0,1789391717424,-1.64266,-0.55433,-1.25191,0
1789391717486,0,1789391717476,-1.6195,-0.5465,-1.22921,0
1789391717532,0,1789391717522,-1.59869,-0.538917,-1.20845,0
1789391717595,0,1789391717578,-1.57247,-0.528547,-1.18424,0
1789391717646,0,1789391717638,-1.54543,-0.516715,-1.15889,0
1789391717706,0,1789391717694,-1.52067,-0.504498,-1.13497,0
1789391717765,0,1789391717754,-1.49426,-0.490799,-1.10925,0
1789391717820,0,1789391717802,-1.47369,-0.479764,-1.08879,0
1789391717858,0,1789391717850,-1.45327,-0.468443,-1.06778,0
1789391717910,0,1789391717900,-1.43154,-0.456557,-1.04559,0
1789391717955,0,1789391717946,-1.41211,-0.44542,-1.02577,0
1789391718012,0,1789391718003,-1.38873,-0.430983,-1.00066,0
1789391718078,0,1789391718063,-1.36383,-0.414645,-0.975156,0
1789391718133,0,1789391718126,-1.33928,-0.397222,-0.948556,0
1789391718175,0,1789391718168,-1.32263,-0.384737,-0.931034,0
1789391718225,0,1789391718217,-1.30296,-0.369623,-0.90901,0
1789391718289,0,1789391718275,-1.27992,-0.351014,-0.883999,0
1789391718341,0,1789391718330,-1.25918,-0.333663,-0.861106,0
1789391718389,0,1789391718379,-1.24119,-0.317907,-0.840206,0
1789391718440,0,1789391718431,-1.22236,-0.300648,-0.816985,0
1789391718484,0,1789391718476,-1.20653,-0.285262,-0.797581,0
1789391718547,0,1789391718530,-1.18829,-0.266682,-0.773904,0
1789391718589,0,1789391718580,-1.17178,-0.248814,-0.751707,0
1789391718647,0,1789391718637,-1.15329,-0.227823,-0.726184,0
1789391718704,0,1789391718692,-1.13548,-0.207231,-0.702368,0
1789391718765,0,1789391718746,-1.11942,-0.187763,-0.680084,0
1789391718797,0,1789391718789,-1.10633,-0.171632,-0.66159,0
1789391718847,0,1789391718838,-1.09122,-0.152122,-0.639635,0
1789391718895,0,1789391718885,-1.07745,-0.133281,-0.619522,0
1789391718956,0,1789391718945,-1.06067,-0.108768,-0.593789,0
1789391719006,0,1789391718990,-1.0482,-0.0897384,-0.574685,0
1789391719056,0,1789391719049,-1.03258,-0.064261,-0.549099,0
1789391719113,0,1789391719105,-1.01803,-0.0397909,-0.52497,0
1789391719169,0,1789391719159,-1.00384,-0.0151763,-0.501964,0
1789391719222,0,1789391719210,-0.991122,0.00806711,-0.479807,0
1789391719292,0,1789391719282,-0.975002,0.0405281,-0.44839,0
1789391719343,0,1789391719330,-0.964532,0.0631147,-0.427963,0
1789391719388,0,1789391719378,-0.953961,0.0858002,-0.407047,0
1789391719436,0,1789391719426,-0.943757,0.108968,-0.385723,0
1789391719486,0,1789391719477,-0.933252,0.134706,-0.36185,0
1789391719539,0,1789391719532,-0.922794,0.162831,-0.336096,0
1789391719591,0,1789391719580,-0.914594,0.187173,-0.313745,0
1789391719639,0,1789391719628,-0.907098,0.211908,-0.292228,0
1789391719703,0,1789391719693,-0.897703,0.246499,-0.261865,0
1789391719778,0,1789391719739,-0.90414,0.257722,-0.255947,0.0193573
1789391719814,0,1789391719802,-0.895886,0.293322,-0.227103,0
1789391719856,0,1789391719844,-0.890857,0.317031,-0.207751,0
1789391719927,0,1789391719916,-0.88347,0.357689,-0.176229,0
1789391719983,0,1789391719974,-0.878272,0.389738,-0.154474,0
1789391720050,0,1789391720039,-0.873346,0.425405,-0.130068,0
1789391720103,0,1789391720095,-0.869555,0.457039,-0.108782,0
1789391720174,0,1789391720165,-0.865965,0.495327,-0.0830104,0
1789391720235,0,1789391720224,-0.864052,0.526855,-0.0618604,0
1789391720299,0,1789391720289,-0.862852,0.562711,-0.038938,0
1789391720346,0,1789391720338,-0.861771,0.589694,-0.020725,0
1789391720412,0,1789391720401,-0.860966,0.624586,0.00025827,0
1789391720472,0,1789391720460,-0.8612,0.657159,0.0179607,0
1789391720537,0,1789391720526,-0.862878,0.694919,0.0364623,0
1789391720600,0,1789391720590,-0.864862,0.731089,0.0539922,0
1789391720662,0,1789391720652,-0.867222,0.766368,0.0710796,0
1789391720717,0,1789391720707,-0.869888,0.797572,0.0848202,0
1789391720775,0,1789391720767,-0.87409,0.833162,0.0990332,0
1789391720820,0,1789391720812,-0.877486,0.859818,0.10855,0
1789391720880,0,1789391720862,-0.881564,0.888385,0.118976,0
1789391720915,0,1789391720908,-0.885566,0.914809,0.127468,0
1789391720971,0,1789391720960,-0.890307,0.945015,0.137219,0
1789391721024,0,1789391721017,-0.895824,0.978356,0.146435,0
1789391721080,0,1789391721068,-0.900673,1.00803,0.153757,0
1789391721123,0,1789391721113,-0.904956,1.03447,0.159675,0
1789391721182,0,1789391721172,-0.910761,1.06871,0.166673,0
1789391721241,0,1789391721229,-0.916662,1.10186,0.171942,0
1789391721297,0,1789391721279,-0.922139,1.13165,0.175922,0
1789391721332,0,1789391721325,-0.927439,1.15965,0.178399,0
1789391721386,0,1789391721376,-0.933438,1.19066,0.181323,0
1789391721437,0,1789391721430,-0.939968,1.22377,0.183491,0
1789391721499,0,1789391721479,-0.945897,1.25342,0.183523,0
1789391721537,0,1789391721527,-0.950917,1.28197,0.182932,0
1789391721591,0,1789391721581,-0.956667,1.31464,0.182047,0
1789391721630,0,1789391721622,-0.961601,1.34039,0.181198,0
1789391721692,0,1789391721682,-0.968669,1.37755,0.17882,0
1789391721751,0,1789391721743,-0.975168,1.41439,0.176194,0
1789391721801,0,1789391721793,-0.98026,1.44512,0.172815,0
1789391721872,0,1789391721858,-0.986195,1.4845,0.168581,0
1789391721916,0,1789391721908,-0.990381,1.51523,0.165528,0
1789391721961,0,1789391721953,-0.994345,1.54274,0.162027,0
1789391722015,0,1789391722005,-0.999437,1.57483,0.157625,0
1789391722060,0,1789391722050,-1.0037,1.60214,0.154137,0
1789391722121,0,1789391722112,-1.00967,1.63989,0.148546,0
1789391722177,0,1789391722167,-1.01478,1.67329,0.143378,0
1789391722242,0,1789391722224,-1.02038,1.70713,0.135922,0
1789391722284,0,1789391722273,-1.02495,1.73677,0.129632,0
1789391722349,0,1789391722338,-1.02999,1.77616,0.120472,0
1789391722411,0,1789391722395,-1.03362,1.81047,0.11083,0
1789391722457,0,1789391722446,-1.0362,1.84185,0.102935,0
1789391722502,0,1789391722492,-1.03826,1.8703,0.0956629,0
1789391722552,0,1789391722541,-1.04034,1.89978,0.0875933,0
1789391722606,0,1789391722589,-1.0423,1.92861,0.0793463,0
1789391722649,0,1789391722640,-1.04453,1.9591,0.0708323,0
1789391722693,0,1789391722684,-1.04673,1.98644,0.0639035,0
1789391722750,0,1789391722737,-1.04906,2.01929,0.0552387,0
1789391722812,0,1789391722802,-1.05079,2.05998,0.0463162,0
1789391722869,0,1789391722860,-1.05203,2.0964,0.0390452,0
1789391722925,0,1789391722916,-1.05355,2.13086,0.0317348,0
1789391723001,0,1789391722983,-1.05498,2.17268,0.0224425,0
1789391723064,0,1789391723031,-1.03186,2.18931,0.0146607,0.027635
1789391723090,0,1789391723079,-1.0329,2.21892,0.00890218,0
1789391723138,0,1789391723127,-1.03363,2.24862,0.0047651,0
1789391723196,0,1789391723179,-1.0342,2.28139,0.00217186,0
1789391723241,0,1789391723233,-1.03429,2.31517,0.000507135,0
1789391723301,0,1789391723289,-1.03375,2.34983,-0.00240081,0
1789391723350,0,1789391723338,-1.03305,2.37993,-0.00408552,0
1789391723411,0,1789391723392,-1.03205,2.41314,-0.006565,0
1789391723469,0,1789391723458,-1.03086,2.45312,-0.0102029,0
1789391723515,0,1789391723507,-1.03112,2.48372,-0.0119814,0
1789391723569,0,1789391723555,-1.03132,2.51354,-0.0138337,0
1789391723612,0,1789391723602,-1.03038,2.54348,-0.0159537,0
1789391723660,0,1789391723651,-1.02939,2.57487,-0.0176282,0
1789391723712,0,1789391723699,-1.02871,2.60505,-0.0194616,0
1789391723767,0,1789391723757,-1.02792,2.64053,-0.0212595,0
1789391723817,0,1789391723806,-1.02718,2.67099,-0.0228067,0
1789391723864,0,1789391723853,-1.02642,2.70108,-0.0244341,0
1789391723913,0,1789391723903,-1.02493,2.73188,-0.0260347,0
1789391723972,0,1789391723961,-1.02268,2.76836,-0.0270448,0
1789391724019,0,1789391724010,-1.02112,2.79948,-0.028316,0
1789391724063,0,1789391724054,-1.02022,2.82804,-0.0294873,0
1789391724121,0,1789391724110,-1.01897,2.86366,-0.0317964,0
1789391724175,0,1789391724159,-1.01758,2.89379,-0.0333996,0
1789391724234,0,1789391724222,-1.01577,2.93234,-0.0354101,0
1789391724273,0,1789391724263,-1.01484,2.95815,-0.0368074,0
1789391724323,0,1789391724313,-1.01364,2.98931,-0.0387991,0
1789391724372,0,1789391724361,-1.01232,3.01946,-0.0418685,0
1789391724439,0,1789391724429,-1.01033,3.06257,-0.0448509,0
1789391724491,0,1789391724481,-1.00869,3.09502,-0.0488918,0
1789391724540,0,1789391724527,-1.0071,3.12355,-0.053502,0
1789391724584,0,1789391724574,-1.00556,3.15249,-0.0591462,0
1789391724637,0,1789391724627,-1.00373,3.18508,-0.0663456,0
1789391724697,0,1789391724686,-1.00148,3.22148,-0.0751449,0
1789391724760,0,1789391724742,-0.998919,3.25672,-0.0848661,0
1789391724801,0,1789391724791,-0.996483,3.28711,-0.0962723,0
1789391724859,0,1789391724848,-0.993192,3.32203,-0.110976,0
1789391724906,0,1789391724897,-0.989978,3.35115,-0.127126,0
1789391724959,0,1789391724947,-0.985465,3.37918,-0.143904,0
1789391725001,0,1789391724992,-0.981146,3.40345,-0.159178,0
1789391725054,0,1789391725045,-0.97622,3.43111,-0.177953,0
1789391725098,0,1789391725088,-0.971963,3.45314,-0.195511,0
1789391725148,0,1789391725139,-0.96669,3.47679,-0.217345,0
1789391725199,0,1789391725188,-0.961364,3.49799,-0.239221,0
1789391725253,0,1789391725245,-0.955145,3.52174,-0.262834,0
1789391725317,0,1789391725307,-0.948545,3.54568,-0.287023,0
1789391725381,0,1789391725369,-0.941629,3.56903,-0.307781,0
1789391725428,0,1789391725420,-0.936019,3.58672,-0.321802,0
1789391725482,0,1789391725468,-0.930904,3.60215,-0.334298,0
1789391725533,0,1789391725525,-0.925158,3.61824,-0.348431,0
1789391725583,0,1789391725573,-0.920278,3.63137,-0.360578,0
1789391725631,0,1789391725622,-0.915565,3.6433,-0.373073,0
1789391725691,0,1789391725682,-0.909664,3.65766,-0.387797,0
1789391725736,0,1789391725726,-0.905445,3.66743,-0.39938,0
1789391725783,0,1789391725774,-0.900767,3.67794,-0.411182,0
1789391725830,0,1789391725821,-0.89645,3.68762,-0.424476,0
1789391725886,0,1789391725870,-0.891976,3.69734,-0.439022,0
1789391725927,0,1789391725918,-0.887432,3.70665,-0.452501,0
1789391725986,0,1789391725976,-0.881634,3.71785,-0.4681,0
1789391726033,0,1789391726025,-0.876946,3.72681,-0.480498,0
1789391726098,0,1789391726087,-0.871563,3.73702,-0.497798,0
1789391726163,0,1789391726153,-0.865393,3.74819,-0.516343,0
1789391726227,0,1789391726216,-0.859581,3.75804,-0.532573,0
1789391726277,0,1789391726267,-0.85541,3.76492,-0.545445,0
1789391726330,0,1789391726320,-0.851972,3.77036,-0.559115,0
1789391726371,0,1789391726363,-0.849093,3.77482,-0.569307,0
1789391726427,0,1789391726417,-0.846957,3.77822,-0.582195,0
1789391726472,0,1789391726460,-0.845957,3.77982,-0.592107,0
1789391726529,0,1789391726517,-0.844445,3.78205,-0.608788,0
1789391726583,0,1789391726574,-0.843333,3.78352,-0.628966,0
1789391726639,0,1789391726629,-0.84229,3.78489,-0.650024,0
1789391726694,0,1789391726687,-0.841543,3.78587,-0.67466,0
1789391726758,0,1789391726748,-0.840753,3.78686,-0.702738,0
1789391726802,0,1789391726793,-0.840575,3.78709,-0.724713,0
1789391726861,0,1789391726844,-0.840356,3.78737,-0.750043,0
1789391726897,0,1789391726890,-0.840395,3.78735,-0.772603,0
1789391726949,0,1789391726940,-0.84044,3.78732,-0.797182,0
1789391726992,0,1789391726986,-0.840444,3.78733,-0.819816,0
1789391727057,0,1789391727048,-0.840449,3.78734,-0.850815,0
1789391727102,0,1789391727092,-0.840461,3.7873,-0.872307,0
1789391727153,0,1789391727145,-0.840478,3.78723,-0.897714,0
1789391727214,0,1789391727199,-0.840493,3.78718,-0.923811,0
1789391727256,0,1789391727248,-0.840504,3.78715,-0.945806,0
1789391727302,0,1789391727294,-0.840445,3.78715,-0.967413,0
1789391727357,0,1789391727349,-0.84032,3.78717,-0.993282,0
1789391727399,0,1789391727391,-0.84027,3.78723,-1.01332,0
1789391727452,0,1789391727442,-0.840288,3.78736,-1.03715,0
1789391727496,0,1789391727487,-0.840304,3.78745,-1.05872,0
1789391727559,0,1789391727547,-0.840335,3.78746,-1.087,0
1789391727601,0,1789391727592,-0.840357,3.78746,-1.10768,0
1789391727653,0,1789391727644,-0.840404,3.78747,-1.13202,0
1789391727699,0,1789391727689,-0.840447,3.78748,-1.15285,0
1789391727761,0,1789391727751,-0.840493,3.7875,-1.18126,0
1789391727810,0,1789391727803,-0.840518,3.7875,-1.20425,0
1789391727887,0,1789391727875,-0.840543,3.7875,-1.23609,0
1789391727935,0,1789391727924,-0.840543,3.78749,-1.25718,0
1789391727993,0,1789391727984,-0.840531,3.78755,-1.28306,0
1789391728037,0,1789391728028,-0.840515,3.78763,-1.30214,0
1789391728090,0,1789391728080,-0.84049,3.78768,-1.32455,0
1789391728134,0,1789391728125,-0.840474,3.78764,-1.34444,0
1789391728185,0,1789391728176,-0.840452,3.78759,-1.36597,0
1789391728227,0,1789391728221,-0.840426,3.78753,-1.3847,0
1789391728297,0,1789391728283,-0.840399,3.78746,-1.41096,0
1789391728345,0,1789391728337,-0.840447,3.78751,-1.43401,0
1789391728407,0,1789391728399,-0.840501,3.78756,-1.45997,0
1789391728452,0,1789391728442,-0.84042,3.78758,-1.47726,0
1789391728499,0,1789391728491,-0.840335,3.78759,-1.49831,0
1789391728545,0,1789391728537,-0.840295,3.78758,-1.51717,0
1789391728616,0,1789391728608,-0.840274,3.78755,-1.54943,0
1789391728679,0,1789391728667,-0.840299,3.78751,-1.57204,0
1789391728722,0,1789391728716,-0.840355,3.78747,-1.58995,0
1789391728781,0,1789391728773,-0.840422,3.78744,-1.61089,0
1789391728834,0,1789391728824,-0.840453,3.78747,-1.62956,0
1789391728879,0,1789391728869,-0.840493,3.78749,-1.64487,0
1789391728929,0,1789391728920,-0.840544,3.78746,-1.66144,0
1789391728973,0,1789391728965,-0.840589,3.78743,-1.67616,0
1789391729026,0,1789391729017,-0.840498,3.78748,-1.69242,0
1789391729071,0,1789391729063,-0.840416,3.78752,-1.70614,0
1789391729130,0,1789391729117,-0.840397,3.78753,-1.72213,0
1789391729175,0,1789391729167,-0.840399,3.78752,-1.73672,0
1789391729228,0,1789391729218,-0.840388,3.7875,-1.75169,0
1789391729269,0,1789391729261,-0.840374,3.78748,-1.76371,0
1789391729323,0,1789391729317,-0.840367,3.78743,-1.77862,0
1789391729377,0,1789391729368,-0.840373,3.78736,-1.79216,0
1789391729432,0,1789391729424,-0.84039,3.78729,-1.80587,0
1789391729479,0,1789391729473,-0.840417,3.78727,-1.81817,0
1789391729532,0,1789391729523,-0.840446,3.78726,-1.82984,0
1789391729578,0,1789391729569,-0.840457,3.78734,-1.84039,0
1789391729632,0,1789391729623,-0.840469,3.78743,-1.85238,0
1789391729693,0,1789391729682,-0.840468,3.78747,-1.86496,0
1789391729767,0,1789391729751,-0.840464,3.78751,-1.87988,0
1789391729817,0,1789391729809,-0.84034,3.78753,-1.89181,0
1789391729868,0,1789391729859,-0.840212,3.78754,-1.90126,0
1789391729913,0,1789391729905,-0.840257,3.78752,-1.90984,0
1789391729964,0,1789391729955,-0.840358,3.78749,-1.91872,0
1789391730007,0,1789391730001,-0.840415,3.78746,-1.92677,0
1789391730059,0,1789391730052,-0.840435,3.78744,-1.93587,0
1789391730109,0,1789391730099,-0.840436,3.78742,-1.94347,0
1789391730167,0,1789391730159,-0.840401,3.78743,-1.95346,0
1789391730212,0,1789391730205,-0.840148,3.78736,-1.96088,0
1789391730274,0,1789391730265,-0.839501,3.78719,-1.9717,0
1789391730317,0,1789391730307,-0.839195,3.78712,-1.9833,0
1789391730370,0,1789391730360,-0.837978,3.78662,-2.00176,0
1789391730419,0,1789391730410,-0.836687,3.78607,-2.02019,0
1789391730478,0,1789391730463,-0.835292,3.78523,-2.04239,0
1789391730525,0,1789391730517,-0.833229,3.78398,-2.06693,0
1789391730577,0,1789391730569,-0.831086,3.78274,-2.08932,0
1789391730621,0,1789391730613,-0.828836,3.78143,-2.10796,0
1789391730677,0,1789391730669,-0.826004,3.77967,-2.132,0
1789391730726,0,1789391730720,-0.823035,3.77771,-2.15346,0
1789391730779,0,1789391730771,-0.820046,3.77563,-2.17312,0
1789391730831,0,1789391730822,-0.816794,3.77327,-2.19029,0
1789391730883,0,1789391730873,-0.813549,3.77084,-2.20482,0
1789391730935,0,1789391730927,-0.809826,3.76809,-2.21985,0
1789391730992,0,1789391730982,-0.806063,3.76523,-2.23505,0
1789391731049,0,1789391731041,-0.802077,3.76213,-2.25234,0
1789391731099,0,1789391731090,-0.798819,3.75952,-2.26615,0
1789391731147,0,1789391731137,-0.795815,3.75689,-2.27912,0
1789391731203,0,1789391731194,-0.792214,3.75365,-2.2939,0
1789391731249,0,1789391731242,-0.789289,3.75096,-2.3067,0
1789391731299,0,1789391731292,-0.786184,3.74804,-2.32252,0
1789391731345,0,1789391731337,-0.783428,3.74546,-2.33417,0
1789391731400,0,1789391731390,-0.780249,3.74245,-2.34609,0
1789391731453,0,1789391731442,-0.777303,3.73955,-2.36,0
1789391731502,0,1789391731493,-0.774852,3.73693,-2.377,0
1789391731556,0,1789391731548,-0.771453,3.73317,-2.39769,0
1789391731614,0,1789391731606,-0.767097,3.72831,-2.42165,0
1789391731663,0,1789391731655,-0.763417,3.72401,-2.44034,0
1789391731714,0,1789391731704,-0.759186,3.71896,-2.45911,0
1789391731759,0,1789391731750,-0.755367,3.71421,-2.47877,0
1789391731813,0,1789391731804,-0.750364,3.70745,-2.50344,0
1789391731869,0,1789391731858,-0.745281,3.70015,-2.52812,0
1789391731917,0,1789391731909,-0.740264,3.6927,-2.55397,0
1789391731963,0,1789391731954,-0.735642,3.6855,-2.5762,0
1789391732012,0,1789391732005,-0.730626,3.67717,-2.60214,0
1789391732065,0,1789391732058,-0.72555,3.66807,-2.62867,0
1789391732118,0,1789391732108,-0.72074,3.65913,-2.65361,0
1789391732163,0,1789391732155,-0.716001,3.64998,-2.67798,0
1789391732216,0,1789391732205,-0.711201,3.64007,-2.70328,0
1789391732257,0,1789391732250,-0.707114,3.63069,-2.72648,0
1789391732308,0,1789391732302,-0.702682,3.61972,-2.75171,0
1789391732363,0,1789391732355,-0.698279,3.60758,-2.77737,0
1789391732416,0,1789391732408,-0.694133,3.59513,-2.80332,0
1789391732469,0,1789391732462,-0.68989,3.58227,-2.8304,0
1789391732524,0,1789391732513,-0.685912,3.56919,-2.85589,0
1789391732574,0,1789391732567,-0.68202,3.55539,-2.88231,0
1789391732625,0,1789391732617,-0.678588,3.54176,-2.90796,0
1789391732669,0,1789391732662,-0.675754,3.52887,-2.93044,0
1789391732721,0,1789391732713,-0.672869,3.51312,-2.95701,0
1789391732790,0,1789391732758,-0.665901,3.50311,-2.97889,0.00615756
1789391732817,0,1789391732810,-0.663149,3.48489,-3.0051,0
1789391732880,0,1789391732869,-0.660688,3.46449,-3.03472,0
1789391732927,0,1789391732919,-0.659237,3.44586,-3.05939,0
1789391732974,0,1789391732965,-0.658388,3.4294,-3.08213,0
1789391733023,0,1789391733015,-0.657755,3.41041,-3.10748,0
1789391733068,0,1789391733061,-0.657563,3.39284,-3.13095,0
1789391733123,0,1789391733116,-0.657708,3.37176,3.12483,0
1789391733179,0,1789391733170,-0.658448,3.35005,3.0986,0
1789391733228,0,1789391733219,-0.659683,3.32915,3.07465,0
1789391733270,0,1789391733263,-0.661388,3.30912,3.05283,0
1789391733324,0,1789391733315,-0.664576,3.2848,3.02652,0
1789391733380,0,1789391733369,-0.669369,3.258,3.00068,0
1789391733432,0,1789391733420,-0.674072,3.23254,2.97591,0
1789391733474,0,1789391733466,-0.678419,3.20789,2.95373,0
1789391733529,0,1789391733521,-0.684201,3.17883,2.92988,0
1789391733579,0,1789391733572,-0.690515,3.15011,2.91365,0
1789391733630,0,1789391733619,-0.696542,3.12414,2.90233,0
1789391733674,0,1789391733667,-0.703397,3.0978,2.89622,0
1789391733727,0,1789391733720,-0.71104,3.06869,2.89563,0
1789391733780,0,1789391733772,-0.718191,3.04114,2.89983,0
1789391733835,0,1789391733824,-0.725051,3.01376,2.90799,0
1789391733873,0,1789391733867,-0.730293,2.99145,2.9176,0
1789391733928,0,1789391733921,-0.736546,2.96279,2.93264,0
1789391733979,0,1789391733972,-0.742056,2.93637,2.94967,0
1789391734046,0,1789391734036,-0.748137,2.904,2.97434,0
1789391734098,0,1789391734090,-0.752528,2.87634,2.99799,0
1789391734147,0,1789391734141,-0.755835,2.84847,3.02156,0
1789391734191,0,1789391734186,-0.758349,2.8239,3.04068,0
1789391734255,0,1789391734246,-0.761266,2.78957,3.06616,0
1789391734311,0,1789391734303,-0.76325,2.75703,3.08897,0
1789391734359,0,1789391734352,-0.76391,2.72765,3.10702,0
1789391734419,0,1789391734409,-0.764051,2.69354,3.12568,0
1789391734506,0,1789391734475,-0.763866,2.65107,-3.13737,0.00312148
1789391734561,0,1789391734535,-0.76102,2.63691,-3.12899,0.0223154
1789391734634,0,1789391734582,-0.754358,2.61799,-3.12455,0.0115762
1789391734715,0,1789391734697,-0.751425,2.54674,-3.10131,0
1789391734791,0,1789391734756,-0.749314,2.5102,-3.0919,0
1789391734832,0,1789391734804,-0.733618,2.49535,-3.0883,0.0204432
1789391734862,0,1789391734853,-0.732396,2.46444,-3.08258,0
1789391734950,0,1789391734901,-0.72788,2.44459,-3.08118,0.0108359
1789391734983,0,1789391734948,-0.709429,2.43217,-3.08203,0.0239581
1789391735025,0,1789391735000,-0.707011,2.39885,-3.08115,0
1789391735088,0,1789391735044,-0.70488,2.36972,-3.08004,0
1789391735172,0,1789391735103,-0.69436,2.31864,-3.08171,0.0141563
1789391735192,0,1789391735160,-0.692318,2.28111,-3.0826,0
1789391735276,0,1789391735219,-0.689865,2.24915,-3.08368,0.00679323
1789391735328,0,1789391735268,-0.688165,2.20448,-3.08419,0.0128383
1789391735365,0,1789391735324,-0.685333,2.17626,-3.08618,0.00809578
1789391735433,0,1789391735382,-0.676168,2.15687,-3.0884,0.0187408
1789391735504,0,1789391735448,-0.673836,2.11573,-3.09171,0
1789391735542,0,1789391735507,-0.672481,2.08309,-3.0971,0.00442757
1789391735608,0,1789391735574,-0.66742,2.04668,-3.10397,0.00668067
1789391735676,0,1789391735632,-0.666236,2.00823,-3.10972,0.00146682
1789391735769,0,1789391735693,-0.67585,1.97994,-3.11785,0.015003
1789391735787,0,1789391735739,-0.675846,1.95033,-3.12445,0
1789391735816,0,1789391735789,-0.675906,1.91915,-3.13018,0
1789391735853,0,1789391735834,-0.715975,1.87021,3.1054,0.102157
1789391735909,0,1789391735896,-0.769026,1.80482,3.1001,0
1789391735958,0,1789391735950,-0.771111,1.77366,3.09794,0
1789391736008,0,1789391735998,-0.772082,1.74792,3.09659,0
1789391736052,0,1789391736046,-0.772726,1.72281,3.0953,0
1789391736112,0,1789391736094,-0.773539,1.69784,3.09509,0
1789391736162,0,1789391736154,-0.774631,1.66831,3.09884,0
1789391736232,0,1789391736213,-0.77553,1.63933,3.1078,0
1789391736266,0,1789391736260,-0.776026,1.61748,3.11999,0
1789391736329,0,1789391736311,-0.776254,1.59368,3.13558,0
1789391736364,0,1789391736356,-0.776138,1.57304,-3.13256,0
1789391736422,0,1789391736410,-0.775525,1.54722,-3.11471,0
1789391736535,0,1789391736477,-0.803052,1.56895,-3.1156,0.0614379
1789391736551,0,1789391736541,-0.801484,1.53711,-3.09479,0
1789391736621,0,1789391736611,-0.798588,1.5024,-3.07151,0
1789391736713,0,1789391736677,-0.768623,1.45417,-3.02659,0.0295991
1789391736745,0,1789391736737,-0.764197,1.42253,-3.00711,0
1789391736873,0,1789391736797,-0.785839,1.42407,-3.02908,0.0428648
1789391736916,0,1789391736905,-0.777857,1.36411,-3.00758,0
1789391736965,0,1789391736957,-0.773782,1.33486,-3.00053,0
1789391737016,0,1789391737006,-0.76987,1.30587,-2.99364,0
1789391737062,0,1789391737053,-0.765944,1.27827,-2.98985,0
1789391737116,0,1789391737106,-0.760762,1.24609,-2.98784,0
1789391737158,0,1789391737149,-0.756516,1.21949,-2.98928,0
1789391737219,0,1789391737208,-0.751168,1.1836,-2.99295,0
1789391737272,0,1789391737262,-0.746558,1.15092,-2.99761,0
1789391737345,0,1789391737329,-0.740968,1.10954,-3.00339,0
1789391737398,0,1789391737388,-0.736205,1.07228,-3.00832,0
1789391737463,0,1789391737453,-0.731048,1.03158,-3.01247,0
1789391737512,0,1789391737501,-0.727164,1.00122,-3.01417,0
1789391737566,0,1789391737553,-0.723348,0.968812,-3.0156,0
1789391737608,0,1789391737598,-0.720156,0.940442,-3.01601,0
1789391737660,0,1789391737649,-0.716338,0.908472,-3.01434,0
1789391737711,0,1789391737693,-0.712591,0.880456,-3.01117,0
1789391737784,0,1789391737751,-0.736263,0.850952,-3.00731,0.0295096
1789391737824,0,1789391737815,-0.731293,0.810841,-3.00242,0
1789391737878,0,1789391737868,-0.726981,0.777462,-2.99739,0
1789391737940,0,1789391737933,-0.720509,0.737094,-2.98927,0
1789391738003,0,1789391737993,-0.713873,0.699708,-2.97821,0
1789391738052,0,1789391738038,-0.708671,0.671245,-2.96954,0
1789391738094,0,1789391738086,-0.70285,0.640818,-2.96086,0
1789391738142,0,1789391738134,-0.696928,0.611194,-2.95341,0
1789391738206,0,1789391738196,-0.689165,0.573861,-2.94393,0
1789391738262,0,1789391738249,-0.682252,0.542231,-2.93648,0
1789391738318,0,1789391738308,-0.674065,0.506416,-2.92925,0
1789391738364,0,1789391738353,-0.667949,0.47897,-2.92542,0
1789391738412,0,1789391738402,-0.661417,0.44852,-2.92168,0
1789391738463,0,1789391738449,-0.655023,0.41905,-2.91909,0
1789391738516,0,1789391738506,-0.647201,0.383454,-2.91635,0
1789391738573,0,1789391738563,-0.639158,0.347478,-2.91381,0
1789391738632,0,1789391738620,-0.630594,0.311789,-2.9123,0
1789391738676,0,1789391738668,-0.623303,0.281612,-2.91166,0
1789391738729,0,1789391738716,-0.616234,0.251913,-2.91152,0
1789391738775,0,1789391738765,-0.609025,0.221504,-2.91219,0
1789391738834,0,1789391738815,-0.601965,0.190795,-2.91277,0
1789391738880,0,1789391738870,-0.594199,0.156491,-2.91385,0
1789391738930,0,1789391738921,-0.58687,0.124949,-2.91588,0
1789391738995,0,1789391738978,-0.57843,0.0892246,-2.91803,0
1789391739038,0,1789391739027,-0.571114,0.0585891,-2.92173,0
1789391739085,0,1789391739074,-0.563936,0.0289006,-2.92495,0
1789391739132,0,1789391739123,-0.556535,-0.00213637,-2.92897,0
1789391739197,0,1789391739182,-0.54795,-0.0389059,-2.93362,0
1789391739252,0,1789391739240,-0.539543,-0.0750882,-2.93908,0
1789391739298,0,1789391739288,-0.533416,-0.105341,-2.94418,0
1789391739359,0,1789391739348,-0.526087,-0.142556,-2.94935,0
1789391739402,0,1789391739393,-0.520301,-0.169937,-2.9534,0
1789391739454,0,1789391739444,-0.513851,-0.201325,-2.95787,0
1789391739499,0,1789391739488,-0.508559,-0.22834,-2.96143,0
1789391739558,0,1789391739543,-0.502157,-0.262482,-2.96646,0
1789391739594,0,1789391739586,-0.497592,-0.288699,-2.97062,0
1789391739658,0,1789391739648,-0.491471,-0.326198,-2.97693,0
1789391739707,0,1789391739698,-0.486742,-0.356566,-2.98167,0
1789391739762,0,1789391739748,-0.482028,-0.3878,-2.98621,0
1789391739816,0,1789391739805,-0.476853,-0.423491,-2.99105,0
1789391739869,0,1789391739859,-0.471659,-0.457938,-2.99551,0
1789391739946,0,1789391739930,-0.465058,-0.50296,-3.00223,0
1789391740005,0,1789391739996,-0.459989,-0.54454,-3.00884,0
1789391740066,0,1789391740055,-0.455693,-0.582367,-3.01518,0
1789391740138,0,1789391740120,-0.451137,-0.622568,-3.02316,0
1789391740188,0,1789391740179,-0.447201,-0.658646,-3.03119,0
1789391740257,0,1789391740248,-0.44269,-0.701798,-3.04346,0
1789391740317,0,1789391740307,-0.439238,-0.738336,-3.05476,0
1789391740374,0,1789391740365,-0.436161,-0.7736,-3.0655,0
1789391740425,0,1789391740412,-0.434116,-0.799525,-3.07304,0
1789391740481,0,1789391740470,-0.43196,-0.830169,-3.08269,0
1789391740541,0,1789391740530,-0.430714,-0.852048,-3.09157,0
1789391740607,0,1789391740595,-0.430115,-0.864724,-3.10114,0
1789391740664,0,1789391740654,-0.429766,-0.874937,-3.10976,0
1789391740727,0,1789391740719,-0.429475,-0.88674,-3.1194,0
1789391740789,0,1789391740778,-0.429205,-0.896578,-3.12835,0
1789391740853,0,1789391740843,-0.428978,-0.907543,-3.13738,0
1789391740909,0,1789391740901,-0.429005,-0.917237,3.13801,0
1789391740974,0,1789391740962,-0.429167,-0.926593,3.12886,0
1789391741042,0,1789391741031,-0.429347,-0.935035,3.12023,0
1789391741107,0,1789391741097,-0.429365,-0.936198,3.1137,0
1789391741166,0,1789391741156,-0.429421,-0.937899,3.10753,0
1789391741221,0,1789391741212,-0.429502,-0.939064,3.10227,0
1789391741279,0,1789391741270,-0.429609,-0.940701,3.10055,0
1789391741330,0,1789391741321,-0.429648,-0.941609,3.10036,0
1789391741374,0,1789391741366,-0.429664,-0.94228,3.10064,0
1789391741428,0,1789391741417,-0.429588,-0.942249,3.10147,0
1789391741483,0,1789391741473,-0.429505,-0.942215,3.10162,0
1789391741536,0,1789391741524,-0.429514,-0.942319,3.10141,0
1789391741588,0,1789391741579,-0.429524,-0.942432,3.10126,0
1789391741639,0,1789391741628,-0.429474,-0.942474,3.10198,0
1789391741685,0,1789391741676,-0.429418,-0.942509,3.10171,0
1789391741735,0,1789391741725,-0.429357,-0.942515,3.10153,0
1789391741791,0,1789391741781,-0.429284,-0.94251,3.10194,0
1789391741842,0,1789391741831,-0.429305,-0.94253,3.10199,0
1789391741887,0,1789391741877,-0.429392,-0.942568,3.10285,0
1789391741941,0,1789391741929,-0.429466,-0.942588,3.1032,0
1789391741982,0,1789391741973,-0.429482,-0.942567,3.10302,0
1789391742045,0,1789391742035,-0.429508,-0.942533,3.10327,0
1789391742090,0,1789391742079,-0.429536,-0.94249,3.10322,0
1789391742146,0,1789391742136,-0.429571,-0.942434,3.103,0
1789391742195,0,1789391742185,-0.429632,-0.942552,3.10266,0
1789391742259,0,1789391742251,-0.429716,-0.942715,3.10259,0
1789391742322,0,1789391742310,-0.429771,-0.942785,3.10203,0
1789391742382,0,1789391742371,-0.429821,-0.942834,3.1019,0
1789391742434,0,1789391742425,-0.429877,-0.942795,3.10168,0
1789391742494,0,1789391742483,-0.429943,-0.942706,3.10151,0
1789391742540,0,1789391742531,-0.429926,-0.942683,3.1016,0
1789391742591,0,1789391742580,-0.429852,-0.9427,3.10172,0
1789391742637,0,1789391742627,-0.429788,-0.942706,3.10212,0
1789391742704,0,1789391742692,-0.429712,-0.942692,3.10193,0
1789391742747,0,1789391742736,-0.429669,-0.94269,3.10221,0
1789391742795,0,1789391742785,-0.429654,-0.942721,3.10215,0
1789391742839,0,1789391742832,-0.429641,-0.942751,3.10209,0
1789391742896,0,1789391742886,-0.429796,-0.942782,3.10198,0
1789391742950,0,1789391742939,-0.429951,-0.942813,3.10194,0
1789391743012,0,1789391743002,-0.430027,-0.942703,3.1027,0
1789391743053,0,1789391743044,-0.430047,-0.942589,3.10276,0
1789391743107,0,1789391743095,-0.430019,-0.942549,3.10252,0
1789391743158,0,1789391743150,-0.429971,-0.942538,3.10287,0
1789391743223,0,1789391743212,-0.429991,-0.942512,3.10273,0
1789391743267,0,1789391743256,-0.430074,-0.94248,3.10301,0
1789391743315,0,1789391743305,-0.430135,-0.942478,3.10296,0
1789391743360,0,1789391743352,-0.430141,-0.942532,3.10276,0
1789391743415,0,1789391743403,-0.430142,-0.942581,3.10229,0
1789391743458,0,1789391743449,-0.430125,-0.942584,3.10204,0
1789391743526,0,1789391743515,-0.430101,-0.942589,3.10167,0
1789391743583,0,1789391743572,-0.43009,-0.942587,3.10095,0
1789391743642,0,1789391743633,-0.430079,-0.942584,3.10083,0
1789391743689,0,1789391743679,-0.430041,-0.942641,3.1012,0
1789391743754,0,1789391743744,-0.429985,-0.942726,3.10149,0
1789391743797,0,1789391743788,-0.429959,-0.942756,3.10198,0
1789391743848,0,1789391743838,-0.429933,-0.942782,3.10184,0
1789391743892,0,1789391743885,-0.429831,-0.942803,3.10228,0
1789391743945,0,1789391743935,-0.429657,-0.942821,3.10232,0
1789391743988,0,1789391743980,-0.429528,-0.942821,3.10192,0
1789391744043,0,1789391744031,-0.429432,-0.94279,3.10234,0
1789391744095,0,1789391744086,-0.429334,-0.942762,3.1026,0
1789391744148,0,1789391744137,-0.429276,-0.942764,3.10247,0
1789391744190,0,1789391744182,-0.429224,-0.942766,3.10276,0
1789391744240,0,1789391744231,-0.429189,-0.942797,3.10278,0
1789391744290,0,1789391744280,-0.429154,-0.942827,3.10251,0
1789391744362,0,1789391744354,-0.429172,-0.942864,3.10285,0
1789391744413,0,1789391744403,-0.429215,-0.942882,3.10277,0
1789391744472,0,1789391744463,-0.429212,-0.942978,3.10327,0
1789391744526,0,1789391744516,-0.429175,-0.943109,3.10299,0
1789391744573,0,1789391744564,-0.429167,-0.94318,3.10311,0
1789391744633,0,1789391744622,-0.429182,-0.943225,3.10325,0
1789391744695,0,1789391744687,-0.429191,-0.943268,3.1033,0
1789391744754,0,1789391744745,-0.429185,-0.943287,3.10328,0
1789391744813,0,1789391744803,-0.429195,-0.943289,3.10345,0
1789391744861,0,1789391744851,-0.429278,-0.943216,3.10362,0
1789391744927,0,1789391744920,-0.429398,-0.943108,3.10405,0
1789391744988,0,1789391744979,-0.429382,-0.943076,3.10435,0
1789391745048,0,1789391745039,-0.429354,-0.943049,3.10453,0
1789391745092,0,1789391745084,-0.429382,-0.943038,3.10414,0
1789391745143,0,1789391745132,-0.429413,-0.943025,3.10416,0
1789391745189,0,1789391745180,-0.429442,-0.943034,3.10453,0
1789391745248,0,1789391745237,-0.429475,-0.943053,3.10381,0
1789391745295,0,1789391745286,-0.429504,-0.943027,3.10319,0
1789391745350,0,1789391745341,-0.42954,-0.942957,3.10321,0
1789391745419,0,1789391745410,-0.429564,-0.942867,3.10279,0
1789391745470,0,1789391745459,-0.429539,-0.942802,3.10311,0
1789391745515,0,1789391745506,-0.429527,-0.942736,3.10245,0
1789391745562,0,1789391745554,-0.429566,-0.942651,3.10206,0
1789391745610,0,1789391745602,-0.429606,-0.942566,3.10231,0
1789391745669,0,1789391745659,-0.429599,-0.942673,3.1024,0
1789391745727,0,1789391745718,-0.429589,-0.942797,3.10199,0
1789391745784,0,1789391745773,-0.429541,-0.942843,3.10237,0
1789391745834,0,1789391745825,-0.429487,-0.942871,3.10284,0
1789391745881,0,1789391745873,-0.429429,-0.942906,3.10293,0
1789391745928,0,1789391745921,-0.429369,-0.942945,3.10281,0
1789391745980,0,1789391745970,-0.42931,-0.942993,3.10299,0
1789391746029,0,1789391746019,-0.429253,-0.943049,3.10341,0
1789391746086,0,1789391746079,-0.429204,-0.943121,3.10291,0
1789391746143,0,1789391746134,-0.429204,-0.943196,3.10245,0
1789391746213,0,1789391746203,-0.429193,-0.943262,3.10262,0
1789391746271,0,1789391746262,-0.429124,-0.943154,3.10251,0
1789391746333,0,1789391746322,-0.429053,-0.943043,3.10223,0
1789391746375,0,1789391746366,-0.429056,-0.943047,3.10195,0
1789391746456,0,1789391746417,-0.438867,-0.935825,3.10752,0.0121809
1789391746481,0,1789391746471,-0.438832,-0.935865,3.10708,0
1789391746535,0,1789391746526,-0.438789,-0.935915,3.1067,0
1789391746595,0,1789391746585,-0.438801,-0.935922,3.10697,0
1789391746660,0,1789391746649,-0.438858,-0.935896,3.10693,0
1789391746710,0,1789391746701,-0.438894,-0.935883,3.10676,0
1789391746763,0,1789391746753,-0.43892,-0.935877,3.10724,0
1789391746815,0,1789391746806,-0.438903,-0.935892,3.10702,0
1789391746879,0,1789391746870,-0.438774,-0.935965,3.10678,0
1789391746935,0,1789391746924,-0.438694,-0.936011,3.10682,0
1789391746993,0,1789391746982,-0.438716,-0.936003,3.10767,0
1789391747035,0,1789391747026,-0.438732,-0.935998,3.1079,0
1789391747091,0,1789391747075,-0.438801,-0.935964,3.10779,0
1789391747141,0,1789391747132,-0.438881,-0.935925,3.10804,0
1789391747208,0,1789391747197,-0.438886,-0.935972,3.10824,0
1789391747267,0,1789391747257,-0.438853,-0.936055,3.1081,0
1789391747316,0,1789391747305,-0.438894,-0.936061,3.10866,0
1789391747360,0,1789391747352,-0.438956,-0.936047,3.1084,0
1789391747421,0,1789391747413,-0.438983,-0.936027,3.10823,0
1789391747467,0,1789391747457,-0.438964,-0.936012,3.10816,0
1789391747517,0,1789391747507,-0.438944,-0.935997,3.10812,0
1789391747564,0,1789391747554,-0.438929,-0.935985,3.10797,0
1789391747614,0,1789391747604,-0.438927,-0.93598,3.10789,0
1789391747658,0,1789391747650,-0.438981,-0.936007,3.10782,0
1789391747714,0,1789391747704,-0.439047,-0.936039,3.10753,0
1789391747777,0,1789391747770,-0.438969,-0.936007,3.10691,0
1789391747850,0,1789391747838,-0.43885,-0.935958,3.10648,0
1789391747909,0,1789391747901,-0.438817,-0.935877,3.10644,0
1789391747973,0,1789391747963,-0.438816,-0.935783,3.10674,0
1789391748035,0,1789391748026,-0.438754,-0.935764,3.10633,0
1789391748095,0,1789391748085,-0.438654,-0.935803,3.10656,0
1789391748143,0,1789391748132,-0.438616,-0.935765,3.10654,0
1789391748200,0,1789391748188,-0.438607,-0.93566,3.10553,0
1789391748246,0,1789391748237,-0.438607,-0.935609,3.10587,0
1789391748300,0,1789391748287,-0.43862,-0.935634,3.10591,0
1789391748340,0,1789391748332,-0.438625,-0.935634,3.10601,0
1789391748402,0,1789391748394,-0.438593,-0.935511,3.10586,0
1789391748447,0,1789391748437,-0.438571,-0.935426,3.1059,0
1789391748500,0,1789391748488,-0.438525,-0.935426,3.10587,0
1789391748542,0,1789391748534,-0.438485,-0.935427,3.10576,0
1789391748600,0,1789391748589,-0.438446,-0.935443,3.10564,0
1789391748647,0,1789391748638,-0.438415,-0.93546,3.10589,0
1789391748699,0,1789391748688,-0.438368,-0.935412,3.10616,0
1789391748745,0,1789391748736,-0.438316,-0.935338,3.10627,0
1789391748806,0,1789391748794,-0.438283,-0.935251,3.10645,0
1789391748853,0,1789391748845,-0.438286,-0.935177,3.10681,0
1789391748906,0,1789391748895,-0.438259,-0.93511,3.10647,0
1789391748957,0,1789391748948,-0.438176,-0.935052,3.10635,0
1789391749009,0,1789391749000,-0.438106,-0.935008,3.10698,0
1789391749063,0,1789391749053,-0.43809,-0.935029,3.10758,0
1789391749124,0,1789391749114,-0.438072,-0.935053,3.10716,0
1789391749169,0,1789391749158,-0.438074,-0.935105,3.10664,0
1789391749234,0,1789391749223,-0.438077,-0.935183,3.10633,0
1789391749291,0,1789391749282,-0.438093,-0.935222,3.10599,0
1789391749354,0,1789391749347,-0.438114,-0.935256,3.10594,0
1789391749416,0,1789391749405,-0.438097,-0.935226,3.10585,0
1789391749477,0,1789391749467,-0.438051,-0.935148,3.10567,0
1789391749521,0,1789391749511,-0.43797,-0.935098,3.10548,0
1789391749569,0,1789391749560,-0.437835,-0.935047,3.10508,0
1789391749617,0,1789391749607,-0.437741,-0.935019,3.10503,0
1789391749679,0,1789391749670,-0.437708,-0.935038,3.10463,0
1789391749721,0,1789391749712,-0.437675,-0.935051,3.10457,0
1789391749769,0,1789391749761,-0.437586,-0.935068,3.10451,0
1789391749815,0,1789391749808,-0.437501,-0.935085,3.10427,0
1789391749874,0,1789391749863,-0.437449,-0.93501,3.10498,0
1789391749915,0,1789391749905,-0.437415,-0.934942,3.10501,0
1789391749972,0,1789391749963,-0.437386,-0.934817,3.10583,0
1789391750019,0,1789391750008,-0.437369,-0.93471,3.10604,0
1789391750073,0,1789391750063,-0.437395,-0.934686,3.10605,0
1789391750135,0,1789391750125,-0.437458,-0.934739,3.10568,0
1789391750197,0,1789391750186,-0.437507,-0.934769,3.10625,0
1789391750241,0,1789391750230,-0.437531,-0.934769,3.10609,0
1789391750292,0,1789391750281,-0.437587,-0.934783,3.1064,0
1789391750336,0,1789391750325,-0.437673,-0.934812,3.10649,0
1789391750391,0,1789391750381,-0.437776,-0.934842,3.10637,0
1789391750436,0,1789391750425,-0.437829,-0.934829,3.10619,0
1789391750489,0,1789391750478,-0.437892,-0.934813,3.10585,0
1789391750536,0,1789391750527,-0.437896,-0.934756,3.10619,0
1789391750592,0,1789391750580,-0.437901,-0.934695,3.10627,0
1789391750659,0,1789391750650,-0.437922,-0.934625,3.10561,0
1789391750716,0,1789391750706,-0.437946,-0.934576,3.10495,0
1789391750773,0,1789391750763,-0.437937,-0.934645,3.10454,0
1789391750822,0,1789391750812,-0.437911,-0.934769,3.10421,0
1789391750875,0,1789391750868,-0.437888,-0.934854,3.10464,0
1789391750929,0,1789391750919,-0.437876,-0.93487,3.10434,0
1789391750973,0,1789391750964,-0.43787,-0.934871,3.10404,0
1789391751021,0,1789391751014,-0.437874,-0.934847,3.10387,0
1789391751067,0,1789391751061,-0.437871,-0.934812,3.10423,0
1789391751119,0,1789391751111,-0.437832,-0.934712,3.10399,0
1789391751182,0,1789391751173,-0.437785,-0.93459,3.10378,0
1789391751248,0,1789391751239,-0.437802,-0.934618,3.10429,0
1789391751307,0,1789391751298,-0.437833,-0.93468,3.10432,0
1789391751373,0,1789391751365,-0.437858,-0.93467,3.10376,0
1789391751422,0,1789391751414,-0.437874,-0.934633,3.104,0
1789391751487,0,1789391751479,-0.437863,-0.934629,3.10467,0
1789391751547,0,1789391751537,-0.437831,-0.934661,3.10458,0
1789391751607,0,1789391751597,-0.437831,-0.934694,3.10474,0
1789391751652,0,1789391751642,-0.437862,-0.934719,3.10469,0
1789391751702,0,1789391751690,-0.437879,-0.934721,3.10477,0
1789391751746,0,1789391751738,-0.43787,-0.934682,3.10443,0
1789391751799,0,1789391751788,-0.437877,-0.934647,3.1049,0
1789391751847,0,1789391751837,-0.437958,-0.934643,3.10426,0
1789391751907,0,1789391751897,-0.438057,-0.934638,3.10427,0
1789391751961,0,1789391751953,-0.438031,-0.934572,3.10435,0
1789391752018,0,1789391752010,-0.437998,-0.934501,3.10458,0
1789391752068,0,1789391752057,-0.438001,-0.934518,3.10451,0
1789391752116,0,1789391752106,-0.438006,-0.934542,3.10474,0
1789391752174,0,1789391752164,-0.438041,-0.93451,3.10473,0
1789391752228,0,1789391752218,-0.43809,-0.934442,3.10507,0
1789391752297,0,1789391752286,-0.438126,-0.934435,3.10491,0
1789391752343,0,1789391752335,-0.438123,-0.934515,3.10411,0
1789391752392,0,1789391752382,-0.438098,-0.934573,3.10443,0
1789391752456,0,1789391752447,-0.438009,-0.934608,3.10463,0
1789391752519,0,1789391752506,-0.437928,-0.934629,3.10548,0
1789391752574,0,1789391752564,-0.437842,-0.934599,3.1054,0
1789391752620,0,1789391752610,-0.437775,-0.934576,3.10622,0
1789391752679,0,1789391752667,-0.437812,-0.934553,3.10619,0
1789391752735,0,1789391752726,-0.437857,-0.93453,3.10609,0
1789391752785,0,1789391752774,-0.437869,-0.934532,3.10595,0
1789391752830,0,1789391752821,-0.437878,-0.934534,3.10631,0
1789391752889,0,1789391752877,-0.437789,-0.934513,3.10629,0
1789391752937,0,1789391752926,-0.437662,-0.934482,3.10604,0
1789391752991,0,1789391752980,-0.437645,-0.934488,3.10594,0
1789391753038,0,1789391753030,-0.437749,-0.93453,3.10625,0
1789391753088,0,1789391753079,-0.437832,-0.934508,3.10695,0
1789391753137,0,1789391753127,-0.437881,-0.934377,3.10758,0
1789391753197,0,1789391753186,-0.437904,-0.934291,3.10727,0
1789391753246,0,1789391753235,-0.437861,-0.934345,3.10685,0
1789391753297,0,1789391753285,-0.437818,-0.9344,3.10654,0
1789391753337,0,1789391753330,-0.437861,-0.934341,3.10655,0
1789391753397,0,1789391753386,-0.437915,-0.934267,3.10649,0
1789391753457,0,1789391753447,-0.437861,-0.934227,3.10637,0
1789391753522,0,1789391753510,-0.437763,-0.934202,3.10658,0
1789391753573,0,1789391753563,-0.437746,-0.934231,3.10661,0
1789391753625,0,1789391753614,-0.437763,-0.934282,3.1069,0
1789391753669,0,1789391753659,-0.43781,-0.934312,3.10691,0
1789391753722,0,1789391753713,-0.437895,-0.934336,3.10699,0
1789391753776,0,1789391753768,-0.437942,-0.934371,3.10647,0
1789391753835,0,1789391753827,-0.437899,-0.934436,3.10643,0
1789391753890,0,1789391753881,-0.437885,-0.934484,3.1071,0
1789391753939,0,1789391753930,-0.437983,-0.934486,3.107,0
1789391753994,0,1789391753987,-0.438098,-0.934488,3.10693,0
1789391754050,0,1789391754038,-0.43807,-0.934447,3.10706,0
1789391754090,0,1789391754083,-0.438045,-0.93441,3.10705,0
1789391754144,0,1789391754134,-0.438052,-0.934488,3.10731,0
1789391754187,0,1789391754179,-0.43806,-0.934564,3.10701,0
1789391754244,0,1789391754234,-0.438058,-0.934586,3.107,0
1789391754294,0,1789391754284,-0.43805,-0.934568,3.10702,0
1789391754349,0,1789391754338,-0.438028,-0.934572,3.10708,0
1789391754401,0,1789391754390,-0.437994,-0.934598,3.10666,0
1789391754450,0,1789391754439,-0.437984,-0.934642,3.10676,0
1789391754495,0,1789391754487,-0.438011,-0.934718,3.10663,0
1789391754544,0,1789391754536,-0.438032,-0.934773,3.10631,0
1789391754589,0,1789391754582,-0.438026,-0.934722,3.10621,0
1789391754659,0,1789391754648,-0.438016,-0.93465,3.10561,0
1789391754707,0,1789391754698,-0.43806,-0.93467,3.10535,0
1789391754764,0,1789391754752,-0.438108,-0.934692,3.10556,0
1789391754813,0,1789391754805,-0.438116,-0.934788,3.10573,0
1789391754872,0,1789391754864,-0.438115,-0.934912,3.10541,0
1789391754917,0,1789391754909,-0.438128,-0.934926,3.10525,0
1789391754970,0,1789391754958,-0.438146,-0.934917,3.10453,0
1789391755014,0,1789391755005,-0.438151,-0.934874,3.10488,0
1789391755077,0,1789391755068,-0.438145,-0.93478,3.10496,0
1789391755132,0,1789391755122,-0.43816,-0.934724,3.10488,0
1789391755180,0,1789391755170,-0.43821,-0.934716,3.10439,0
1789391755226,0,1789391755218,-0.438255,-0.934705,3.10419,0
1789391755289,0,1789391755280,-0.438287,-0.934671,3.10428,0
1789391755331,0,1789391755324,-0.438309,-0.934646,3.10434,0
1789391755395,0,1789391755388,-0.438304,-0.934603,3.1037,0
1789391755451,0,1789391755441,-0.438293,-0.934567,3.10404,0
1789391755499,0,1789391755489,-0.438276,-0.934565,3.10385,0
1789391755547,0,1789391755537,-0.438259,-0.934567,3.10378,0
1789391755607,0,1789391755597,-0.43829,-0.934589,3.104,0
1789391755649,0,1789391755641,-0.438334,-0.934614,3.10452,0
1789391755700,0,1789391755689,-0.438348,-0.934612,3.1049,0
1789391755745,0,1789391755737,-0.438335,-0.934586,3.10498,0
1789391755808,0,1789391755798,-0.438337,-0.934532,3.10518,0
1789391755854,0,1789391755842,-0.43837,-0.934458,3.10534,0
1789391755900,0,1789391755893,-0.438403,-0.934398,3.10504,0
1789391755943,0,1789391755937,-0.43841,-0.934455,3.10519,0
1789391756000,0,1789391755990,-0.438419,-0.934524,3.1049,0
1789391756049,0,1789391756042,-0.43839,-0.934483,3.10526,0
1789391756104,0,1789391756095,-0.43836,-0.934442,3.10448,0
1789391756156,0,1789391756148,-0.438391,-0.934469,3.10456,0
1789391756209,0,1789391756198,-0.438433,-0.934508,3.10423,0
1789391756256,0,1789391756245,-0.438405,-0.934517,3.1044,0
1789391756306,0,1789391756294,-0.438352,-0.934516,3.10431,0
1789391756360,0,1789391756349,-0.438312,-0.934515,3.10471,0
1789391756422,0,1789391756411,-0.438293,-0.934514,3.10472,0
1789391756465,0,1789391756454,-0.438245,-0.934501,3.10454,0
1789391756519,0,1789391756510,-0.438115,-0.934457,3.10504,0
1789391756579,0,1789391756570,-0.438006,-0.934407,3.10486,0
1789391756626,0,1789391756618,-0.438059,-0.934352,3.10517,0
1789391756674,0,1789391756665,-0.438112,-0.934298,3.10561,0
1789391756722,0,1789391756714,-0.43806,-0.934289,3.1054,0
1789391756772,0,1789391756762,-0.43801,-0.93428,3.10483,0
1789391756826,0,1789391756819,-0.437984,-0.934272,3.10424,0
1789391756874,0,1789391756868,-0.437971,-0.934267,3.10424,0
1789391756928,0,1789391756917,-0.437977,-0.934228,3.10464,0
1789391756971,0,1789391756963,-0.43799,-0.934178,3.10519,0
1789391757023,0,1789391757012,-0.437978,-0.934157,3.10505,0
1789391757079,0,1789391757070,-0.437936,-0.934168,3.10503,0
1789391757132,0,1789391757121,-0.4379,-0.934203,3.10498,0
1789391757176,0,1789391757167,-0.437866,-0.93428,3.10488,0
1789391757234,0,1789391757224,-0.437824,-0.934354,3.10508,0
1789391757281,0,1789391757274,-0.437783,-0.93432,3.10477,0
1789391757341,0,1789391757333,-0.437735,-0.934279,3.10527,0
1789391757386,0,1789391757378,-0.437714,-0.934361,3.10541,0
1789391757441,0,1789391757429,-0.437689,-0.934455,3.10561,0
1789391757484,0,1789391757475,-0.437692,-0.934501,3.10577,0
1789391757551,0,1789391757540,-0.437697,-0.934564,3.10674,0
1789391757599,0,1789391757588,-0.437768,-0.934526,3.1072,0
1789391757662,0,1789391757654,-0.4379,-0.93443,3.10747,0
1789391757720,0,1789391757712,-0.437967,-0.934394,3.10802,0
1789391757785,0,1789391757774,-0.437973,-0.934418,3.10887,0
1789391757844,0,1789391757837,-0.437969,-0.934427,3.10936,0
1789391757895,0,1789391757885,-0.437944,-0.934403,3.10938,0
1789391757945,0,1789391757933,-0.437934,-0.934384,3.10948,0
1789391758007,0,1789391757998,-0.438,-0.934382,3.11001,0
1789391758054,0,1789391758046,-0.438052,-0.934381,3.10996,0
1789391758104,0,1789391758095,-0.438081,-0.934337,3.10973,0
1789391758149,0,1789391758142,-0.438107,-0.934294,3.11005,0
1789391758206,0,1789391758195,-0.438221,-0.934231,3.1108,0
1789391758255,0,1789391758247,-0.43835,-0.934166,3.11072,0
1789391758321,0,1789391758311,-0.43844,-0.934222,3.11143,0
1789391758371,0,1789391758360,-0.438466,-0.934349,3.11125,0
1789391758425,0,1789391758415,-0.438479,-0.934429,3.11125,0
1789391758464,0,1789391758456,-0.438476,-0.934438,3.11126,0
1789391758518,0,1789391758507,-0.438471,-0.934472,3.11154,0
1789391758571,0,1789391758563,-0.438463,-0.934557,3.11162,0
1789391758626,0,1789391758616,-0.438445,-0.934627,3.11196,0
1789391758678,0,1789391758668,-0.438375,-0.934648,3.11224,0
1789391758730,0,1789391758717,-0.43831,-0.934666,3.11244,0
1789391758775,0,1789391758765,-0.438337,-0.934623,3.11274,0
1789391758825,0,1789391758814,-0.438366,-0.934578,3.11284,0
1789391758879,0,1789391758869,-0.438377,-0.934508,3.11283,0
1789391758938,0,1789391758928,-0.438384,-0.934426,3.11282,0
1789391758981,0,1789391758974,-0.438348,-0.934368,3.11268,0
1789391759034,0,1789391759024,-0.438294,-0.934304,3.11313,0
1789391759078,0,1789391759069,-0.438304,-0.934267,3.11324,0
1789391759133,0,1789391759122,-0.438363,-0.934239,3.11249,0
1789391759187,0,1789391759178,-0.438391,-0.934232,3.11264,0
1789391759250,0,1789391759240,-0.438337,-0.934279,3.11254,0
1789391759304,0,1789391759294,-0.438298,-0.934311,3.11277,0
1789391759356,0,1789391759346,-0.438349,-0.934254,3.11226,0
1789391759403,0,1789391759391,-0.438394,-0.934204,3.11256,0
1789391759448,0,1789391759439,-0.438435,-0.934208,3.11175,0
1789391759498,0,1789391759486,-0.438476,-0.934211,3.11192,0
1789391759555,0,1789391759546,-0.43846,-0.93422,3.11221,0
1789391759603,0,1789391759591,-0.438434,-0.934228,3.11229,0
1789391759651,0,1789391759640,-0.438485,-0.93422,3.11245,0
1789391759708,0,1789391759698,-0.438583,-0.934204,3.11282,0
1789391759759,0,1789391759747,-0.438647,-0.934228,3.11272,0
1789391759802,0,1789391759794,-0.438693,-0.934282,3.11279,0
1789391759853,0,1789391759843,-0.438714,-0.934322,3.11298,0
1789391759911,0,1789391759901,-0.438682,-0.934335,3.11296,0
1789391759960,0,1789391759951,-0.438674,-0.934358,3.11307,0
1789391760007,0,1789391759997,-0.438753,-0.934426,3.11374,0
1789391760057,0,1789391760046,-0.438832,-0.934495,3.11402,0
1789391760103,0,1789391760093,-0.438809,-0.934447,3.11386,0
1789391760160,0,1789391760150,-0.438781,-0.934388,3.11301,0
1789391760218,0,1789391760209,-0.438824,-0.934372,3.11321,0
1789391760269,0,1789391760260,-0.438882,-0.934371,3.11277,0
1789391760315,0,1789391760306,-0.438882,-0.934358,3.11285,0
1789391760363,0,1789391760354,-0.438863,-0.93434,3.11289,0
1789391760423,0,1789391760412,-0.438842,-0.934288,3.1129,0
1789391760484,0,1789391760473,-0.438821,-0.934196,3.11254,0
1789391760528,0,1789391760517,-0.438832,-0.934146,3.11215,0
1789391760579,0,1789391760569,-0.438892,-0.934115,3.11238,0
1789391760623,0,1789391760614,-0.438934,-0.934108,3.11222,0
1789391760690,0,1789391760679,-0.438944,-0.93421,3.11066,0
1789391760747,0,1789391760737,-0.438948,-0.93431,3.1108,0
1789391760803,0,1789391760793,-0.438942,-0.934251,3.11028,0
1789391760861,0,1789391760852,-0.438936,-0.934179,3.11058,0
1789391760912,0,1789391760903,-0.438833,-0.934164,3.11059,0
1789391760957,0,1789391760949,-0.438734,-0.934153,3.11091,0
1789391761009,0,1789391760997,-0.438732,-0.934149,3.11039,0
1789391761065,0,1789391761055,-0.438776,-0.934149,3.11019,0
1789391761114,0,1789391761104,-0.438764,-0.934122,3.11089,0
1789391761160,0,1789391761151,-0.438711,-0.934075,3.11047,0
1789391761208,0,1789391761201,-0.438668,-0.934043,3.11054,0
1789391761269,0,1789391761258,-0.438645,-0.934049,3.11078,0
1789391761339,0,1789391761324,-0.438625,-0.934061,3.11085,0
1789391761392,0,1789391761384,-0.438643,-0.934101,3.11085,0
1789391761456,0,1789391761448,-0.438662,-0.934143,3.11085,0
1789391761516,0,1789391761506,-0.438819,-0.934173,3.11046,0
1789391761565,0,1789391761555,-0.438964,-0.934197,3.11059,0
1789391761614,0,1789391761602,-0.438946,-0.934187,3.11094,0
1789391761678,0,1789391761667,-0.438905,-0.934169,3.11099,0
1789391761734,0,1789391761725,-0.438854,-0.934189,3.1113,0
1789391761781,0,1789391761773,-0.438805,-0.934224,3.11175,0
1789391761832,0,1789391761820,-0.438729,-0.934264,3.11155,0
1789391761887,0,1789391761876,-0.438614,-0.934318,3.11149,0
1789391761936,0,1789391761925,-0.438527,-0.934353,3.11201,0
1789391761988,0,1789391761978,-0.438458,-0.934366,3.11219,0
1789391762038,0,1789391762030,-0.438392,-0.934373,3.11148,0
1789391762091,0,1789391762080,-0.438326,-0.934356,3.11111,0
1789391762137,0,1789391762126,-0.438267,-0.93434,3.11032,0
1789391762192,0,1789391762181,-0.438277,-0.934343,3.11025,0
1789391762251,0,1789391762240,-0.438293,-0.934349,3.11083,0
1789391762301,0,1789391762291,-0.438246,-0.93439,3.1107,0
1789391762345,0,1789391762336,-0.438197,-0.934431,3.11121,0
1789391762396,0,1789391762387,-0.438167,-0.934432,3.11153,0
1789391762441,0,1789391762432,-0.438151,-0.934415,3.11103,0
1789391762493,0,1789391762482,-0.438162,-0.934441,3.11104,0
1789391762538,0,1789391762529,-0.438196,-0.934503,3.11069,0
1789391762599,0,1789391762588,-0.438226,-0.934549,3.11072,0
1789391762653,0,1789391762646,-0.438228,-0.934515,3.11075,0
1789391762721,0,1789391762710,-0.438231,-0.934483,3.11079,0
1789391762769,0,1789391762762,-0.43824,-0.934482,3.11079,0
1789391762825,0,1789391762815,-0.43825,-0.93448,3.1108,0
1789391762886,0,1789391762877,-0.438266,-0.934433,3.11079,0
1789391762935,0,1789391762925,-0.438278,-0.934391,3.11068,0
1789391762983,0,1789391762973,-0.438395,-0.934421,3.11152,0
1789391763033,0,1789391763024,-0.438531,-0.934461,3.11144,0
1789391763085,0,1789391763078,-0.438569,-0.93452,3.11113,0
1789391763150,0,1789391763140,-0.438547,-0.934599,3.1108,0
1789391763193,0,1789391763186,-0.438543,-0.934569,3.11105,0
1789391763246,0,1789391763235,-0.438549,-0.934468,3.11135,0
1789391763290,0,1789391763283,-0.438551,-0.9344,3.11156,0
1789391763353,0,1789391763344,-0.438546,-0.934381,3.11146,0
1789391763396,0,1789391763389,-0.438551,-0.934372,3.11151,0
1789391763451,0,1789391763440,-0.438594,-0.934375,3.11165,0
1789391763495,0,1789391763485,-0.438632,-0.934378,3.11185,0
1789391763552,0,1789391763540,-0.43849,-0.93438,3.11167,0
1789391763610,0,1789391763601,-0.438321,-0.934382,3.11146,0
1789391763675,0,1789391763665,-0.43824,-0.934388,3.11157,0
1789391763716,0,1789391763708,-0.438214,-0.934394,3.11171,0
1789391763770,0,1789391763759,-0.438166,-0.934326,3.11166,0
1789391763813,0,1789391763803,-0.43812,-0.93425,3.11122,0
1789391763867,0,1789391763858,-0.438115,-0.93425,3.11049,0
1789391763919,0,1789391763908,-0.438165,-0.934347,3.11021,0
1789391763983,0,1789391763971,-0.438197,-0.934391,3.11051,0
1789391764031,0,1789391764023,-0.438155,-0.934261,3.1106,0
1789391764085,0,1789391764077,-0.438114,-0.93416,3.11093,0
1789391764139,0,1789391764128,-0.43808,-0.934234,3.11132,0
1789391764183,0,1789391764176,-0.438049,-0.934303,3.11184,0
1789391764233,0,1789391764224,-0.438043,-0.934377,3.11225,0
1789391764283,0,1789391764275,-0.438037,-0.934457,3.11195,0
1789391764341,0,1789391764333,-0.438047,-0.934492,3.11198,0
1789391764391,0,1789391764383,-0.43806,-0.934507,3.11203,0
1789391764438,0,1789391764429,-0.438082,-0.934504,3.11208,0
1789391764489,0,1789391764481,-0.438112,-0.934496,3.11183,0
1789391764534,0,1789391764524,-0.438099,-0.9345,3.11144,0
1789391764587,0,1789391764578,-0.438053,-0.934513,3.11122,0
1789391764631,0,1789391764623,-0.438067,-0.934548,3.1116,0
1789391764699,0,1789391764689,-0.43821,-0.934654,3.11219,0
1789391764751,0,1789391764740,-0.43832,-0.934713,3.11207,0
1789391764812,0,1789391764802,-0.438465,-0.934701,3.1123,0
1789391764864,0,1789391764853,-0.438583,-0.93469,3.11264,0
1789391764917,0,1789391764909,-0.43862,-0.934691,3.11239,0
1789391764965,0,1789391764957,-0.438647,-0.934693,3.11258,0
1789391765015,0,1789391765006,-0.438712,-0.934675,3.11275,0
1789391765061,0,1789391765053,-0.438779,-0.934657,3.11234,0
1789391765115,0,1789391765107,-0.4388,-0.934658,3.11196,0
1789391765178,0,1789391765170,-0.438791,-0.934672,3.11195,0
1789391765228,0,1789391765218,-0.438795,-0.934743,3.1114,0
1789391765275,0,1789391765265,-0.438809,-0.934861,3.11174,0
1789391765324,0,1789391765314,-0.438851,-0.934936,3.11178,0
1789391765383,0,1789391765372,-0.43896,-0.93492,3.11212,0
1789391765431,0,1789391765422,-0.439009,-0.934919,3.11262,0
1789391765479,0,1789391765468,-0.438862,-0.934974,3.11273,0
1789391765527,0,1789391765517,-0.438705,-0.935033,3.11217,0
1789391765588,0,1789391765578,-0.43865,-0.935065,3.11225,0
1789391765648,0,1789391765635,-0.438621,-0.935088,3.11196,0
1789391765689,0,1789391765682,-0.438575,-0.935023,3.1125,0
1789391765750,0,1789391765740,-0.438516,-0.934934,3.11239,0
1789391765796,0,1789391765788,-0.438474,-0.9349,3.11221,0
1789391765846,0,1789391765836,-0.438435,-0.93488,3.11174,0
1789391765891,0,1789391765884,-0.438398,-0.934858,3.11223,0
1789391765943,0,1789391765935,-0.438358,-0.934831,3.11214,0
1789391766007,0,1789391765999,-0.43835,-0.934823,3.11221,0
1789391766073,0,1789391766063,-0.438453,-0.934884,3.1118,0
1789391766125,0,1789391766114,-0.438518,-0.934925,3.11212,0
1789391766178,0,1789391766167,-0.438498,-0.934923,3.11269,0
1789391766219,0,1789391766210,-0.438481,-0.934922,3.11336,0
1789391766268,0,1789391766259,-0.438467,-0.934925,3.11391,0
1789391766314,0,1789391766306,-0.438453,-0.934928,3.11395,0
1789391766370,0,1789391766362,-0.438438,-0.934982,3.11404,0
1789391766420,0,1789391766411,-0.438425,-0.935041,3.11414,0
1789391766472,0,1789391766464,-0.438426,-0.93503,3.11315,0
1789391766518,0,1789391766510,-0.438434,-0.934989,3.11331,0
1789391766583,0,1789391766575,-0.438482,-0.934955,3.11385,0
1789391766643,0,1789391766633,-0.438572,-0.934959,3.11303,0
1789391766697,0,1789391766686,-0.438611,-0.934991,3.11298,0
1789391766761,0,1789391766753,-0.438549,-0.935104,3.11304,0
1789391766815,0,1789391766805,-0.438525,-0.935191,3.11334,0
1789391766860,0,1789391766849,-0.438565,-0.935263,3.11293,0
1789391766926,0,1789391766914,-0.438625,-0.935372,3.11369,0
1789391766980,0,1789391766973,-0.438565,-0.935412,3.11397,0
1789391767033,0,1789391767021,-0.438504,-0.935439,3.11425,0
1789391767078,0,1789391767069,-0.438544,-0.935458,3.11403,0
1789391767139,0,1789391767129,-0.438608,-0.93548,3.11416,0
1789391767184,0,1789391767173,-0.438632,-0.935476,3.11393,0
1789391767230,0,1789391767221,-0.438652,-0.935465,3.11385,0
1789391767278,0,1789391767268,-0.43865,-0.935442,3.11363,0
1789391767331,0,1789391767320,-0.438629,-0.935404,3.11378,0
1789391767386,0,1789391767377,-0.43864,-0.935359,3.11348,0
1789391767453,0,1789391767444,-0.438745,-0.935295,3.11339,0
1789391767513,0,1789391767503,-0.438826,-0.935253,3.11324,0
1789391767570,0,1789391767562,-0.438831,-0.935303,3.11347,0
1789391767618,0,1789391767609,-0.438836,-0.935343,3.1141,0
1789391767677,0,1789391767667,-0.438727,-0.93532,3.11422,0
1789391767733,0,1789391767723,-0.438611,-0.935291,3.11412,0
1789391767784,0,1789391767773,-0.43855,-0.935219,3.11392,0
1789391767827,0,1789391767819,-0.438501,-0.935146,3.11358,0
1789391767888,0,1789391767877,-0.438442,-0.93504,3.11385,0
1789391767935,0,1789391767925,-0.438396,-0.934945,3.1138,0
1789391767988,0,1789391767980,-0.438356,-0.934871,3.11344,0
1789391768030,0,1789391768020,-0.438335,-0.934839,3.11334,0
1789391768083,0,1789391768072,-0.438324,-0.934814,3.11281,0
1789391768128,0,1789391768117,-0.43834,-0.934824,3.1134,0
1789391768187,0,1789391768176,-0.438351,-0.934835,3.11347,0
1789391768236,0,1789391768229,-0.438301,-0.934841,3.11424,0
1789391768289,0,1789391768281,-0.438252,-0.934846,3.11471,0
1789391768336,0,1789391768327,-0.438252,-0.934952,3.11472,0
1789391768392,0,1789391768384,-0.438251,-0.935085,3.11468,0
1789391768453,0,1789391768446,-0.438269,-0.935203,3.11454,0
1789391768507,0,1789391768497,-0.43829,-0.935289,3.11387,0
1789391768551,0,1789391768542,-0.438251,-0.935352,3.11383,0
1789391768601,0,1789391768590,-0.438191,-0.935417,3.1136,0
1789391768649,0,1789391768637,-0.438146,-0.935439,3.11324,0
1789391768698,0,1789391768690,-0.438106,-0.935427,3.11289,0
1789391768768,0,1789391768760,-0.438079,-0.935421,3.11303,0
1789391768820,0,1789391768812,-0.438116,-0.935439,3.11303,0
1789391768864,0,1789391768856,-0.438135,-0.935438,3.1129,0
1789391768915,0,1789391768904,-0.438099,-0.935367,3.11311,0
1789391768972,0,1789391768963,-0.438056,-0.93528,3.11297,0
1789391769041,0,1789391769031,-0.438062,-0.935162,3.11257,0
1789391769088,0,1789391769079,-0.438079,-0.935075,3.11245,0
1789391769138,0,1789391769128,-0.437997,-0.935044,3.11201,0
1789391769184,0,1789391769176,-0.437906,-0.935021,3.11238,0
1789391769243,0,1789391769233,-0.43786,-0.935033,3.11185,0
1789391769303,0,1789391769293,-0.437852,-0.935073,3.1117,0
1789391769358,0,1789391769349,-0.437863,-0.935053,3.11101,0
1789391769418,0,1789391769407,-0.437896,-0.934964,3.11055,0
1789391769469,0,1789391769458,-0.437906,-0.934896,3.1096,0
1789391769513,0,1789391769503,-0.43789,-0.934848,3.10977,0
1789391769564,0,1789391769554,-0.437868,-0.934796,3.10961,0
1789391769612,0,1789391769603,-0.437828,-0.934769,3.11024,0
1789391769663,0,1789391769653,-0.437786,-0.934741,3.10996,0
1789391769703,0,1789391769696,-0.437765,-0.934668,3.11015,0
1789391769766,0,1789391769759,-0.437734,-0.934558,3.1112,0
1789391769817,0,1789391769810,-0.437703,-0.934525,3.11116,0
1789391769869,0,1789391769862,-0.437672,-0.934502,3.11115,0
1789391769913,0,1789391769906,-0.437727,-0.934472,3.1111,0
1789391769963,0,1789391769956,-0.437814,-0.934436,3.11131,0
1789391770016,0,1789391770007,-0.437929,-0.934429,3.11172,0
1789391770090,0,1789391770081,-0.438134,-0.93446,3.11174,0
1789391770138,0,1789391770130,-0.438205,-0.934483,3.11228,0
1789391770189,0,1789391770180,-0.43816,-0.93451,3.11258,0
1789391770246,0,1789391770237,-0.438114,-0.934536,3.11285,0
1789391770305,0,1789391770295,-0.438099,-0.934536,3.11345,0
1789391770353,0,1789391770342,-0.438087,-0.934536,3.11292,0
1789391770401,0,1789391770391,-0.438136,-0.934486,3.11271,0
1789391770447,0,1789391770438,-0.438182,-0.934438,3.11231,0
1789391770497,0,1789391770489,-0.43822,-0.934342,3.11195,0
1789391770553,0,1789391770544,-0.43826,-0.934231,3.11178,0
1789391770609,0,1789391770597,-0.438291,-0.934221,3.1115,0
1789391770673,0,1789391770665,-0.438327,-0.934272,3.1113,0
1789391770730,0,1789391770718,-0.438365,-0.934289,3.11122,0
1789391770770,0,1789391770760,-0.438401,-0.934286,3.11095,0
1789391770820,0,1789391770812,-0.438461,-0.934283,3.11104,0
1789391770866,0,1789391770857,-0.438535,-0.934283,3.11133,0
1789391770917,0,1789391770908,-0.438615,-0.934274,3.11117,0
1789391770962,0,1789391770952,-0.438653,-0.934232,3.1118,0
1789391771022,0,1789391771012,-0.438706,-0.934174,3.1123,0
1789391771068,0,1789391771061,-0.438724,-0.934136,3.11164,0
1789391771132,0,1789391771123,-0.438746,-0.934087,3.11225,0
1789391771174,0,1789391771165,-0.438773,-0.934068,3.1122,0
1789391771233,0,1789391771222,-0.438809,-0.934042,3.11214,0
1789391771293,0,1789391771283,-0.438895,-0.934034,3.11211,0
1789391771345,0,1789391771338,-0.439001,-0.93404,3.11232,0
1789391771393,0,1789391771387,-0.439064,-0.934003,3.11219,0
1789391771457,0,1789391771446,-0.439106,-0.933912,3.11237,0
1789391771500,0,1789391771491,-0.439154,-0.933868,3.11275,0
1789391771551,0,1789391771541,-0.439236,-0.933862,3.11265,0
1789391771597,0,1789391771587,-0.439284,-0.933859,3.11248,0
1789391771650,0,1789391771638,-0.439213,-0.933865,3.11206,0
1789391771701,0,1789391771692,-0.439138,-0.933871,3.11156,0
1789391771753,0,1789391771742,-0.439113,-0.93386,3.11153,0
1789391771799,0,1789391771788,-0.439091,-0.93385,3.1115,0
1789391771852,0,1789391771840,-0.439133,-0.933724,3.11176,0
1789391771904,0,1789391771893,-0.439188,-0.933575,3.11229,0
1789391771955,0,1789391771946,-0.439164,-0.933585,3.11259,0
1789391772000,0,1789391771990,-0.439111,-0.933658,3.11193,0
1789391772052,0,1789391772043,-0.439057,-0.933699,3.11227,0
1789391772100,0,1789391772091,-0.439018,-0.933692,3.11235,0
1789391772161,0,1789391772152,-0.438957,-0.933695,3.11232,0
1789391772216,0,1789391772207,-0.438878,-0.933725,3.11233,0
1789391772281,0,1789391772271,-0.438805,-0.933754,3.11233,0
1789391772342,0,1789391772335,-0.43885,-0.933745,3.11203,0
1789391772394,0,1789391772385,-0.438889,-0.933737,3.11176,0
1789391772440,0,1789391772431,-0.438869,-0.933849,3.11193,0
1789391772490,0,1789391772481,-0.438846,-0.933972,3.1122,0
1789391772548,0,1789391772537,-0.438886,-0.934014,3.11241,0
1789391772599,0,1789391772588,-0.438938,-0.934028,3.11243,0
1789391772650,0,1789391772642,-0.438964,-0.934008,3.11245,0
1789391772703,0,1789391772693,-0.438974,-0.933972,3.11194,0
1789391772748,0,1789391772738,-0.438968,-0.933995,3.11199,0
1789391772795,0,1789391772786,-0.438952,-0.934061,3.11263,0
1789391772857,0,1789391772847,-0.438912,-0.934104,3.1127,0
1789391772911,0,1789391772899,-0.438839,-0.934048,3.11309,0
1789391772953,0,1789391772942,-0.4388,-0.934042,3.1136,0
1789391773003,0,1789391772992,-0.438847,-0.934211,3.11382,0
1789391773049,0,1789391773039,-0.43889,-0.934367,3.11466,0
1789391773107,0,1789391773098,-0.438761,-0.934366,3.11458,0
1789391773155,0,1789391773146,-0.438639,-0.934345,3.11469,0
1789391773215,0,1789391773204,-0.438618,-0.93426,3.11478,0
1789391773262,0,1789391773252,-0.438634,-0.934174,3.11396,0
1789391773311,0,1789391773301,-0.438594,-0.934112,3.11345,0
1789391773366,0,1789391773358,-0.43852,-0.934051,3.114,0
1789391773418,0,1789391773407,-0.438522,-0.934072,3.11406,0
1789391773462,0,1789391773454,-0.438579,-0.934153,3.11454,0
1789391773519,0,1789391773510,-0.438633,-0.934209,3.11444,0
1789391773569,0,1789391773559,-0.438653,-0.934179,3.11489,0
1789391773619,0,1789391773609,-0.438659,-0.934153,3.11518,0
1789391773673,0,1789391773664,-0.438589,-0.934153,3.11527,0
1789391773724,0,1789391773714,-0.438523,-0.934153,3.11468,0
1789391773768,0,1789391773760,-0.438426,-0.934171,3.11511,0
1789391773819,0,1789391773810,-0.438319,-0.93419,3.11554,0
1789391773864,0,1789391773856,-0.438214,-0.934273,3.11605,0
1789391773929,0,1789391773916,-0.438074,-0.934386,3.11565,0
1789391773974,0,1789391773962,-0.438052,-0.934482,3.11612,0
1789391774020,0,1789391774010,-0.438057,-0.934586,3.11562,0
1789391774068,0,1789391774058,-0.438053,-0.93461,3.11508,0
1789391774122,0,1789391774110,-0.438041,-0.934563,3.11518,0
1789391774174,0,1789391774163,-0.43804,-0.934537,3.11563,0
1789391774237,0,1789391774227,-0.438067,-0.934558,3.11637,0
1789391774304,0,1789391774293,-0.438087,-0.934588,3.11644,0
1789391774366,0,1789391774355,-0.438056,-0.934671,3.11638,0
1789391774408,0,1789391774399,-0.438033,-0.934729,3.11605,0
1789391774471,0,1789391774461,-0.438073,-0.934673,3.11534,0
1789391774538,0,1789391774529,-0.43813,-0.934583,3.11561,0
1789391774587,0,1789391774576,-0.438109,-0.934624,3.11558,0
1789391774634,0,1789391774624,-0.438083,-0.934675,3.11533,0
1789391774682,0,1789391774673,-0.438037,-0.934711,3.11562,0
1789391774741,0,1789391774735,-0.437969,-0.934748,3.11495,0
1789391774792,0,1789391774783,-0.437962,-0.934737,3.11469,0
1789391774850,0,1789391774840,-0.437999,-0.934684,3.1141,0
1789391774901,0,1789391774889,-0.438011,-0.934679,3.1135,0
1789391774945,0,1789391774937,-0.437985,-0.934745,3.11333,0
1789391775003,0,1789391774993,-0.437971,-0.934812,3.11302,0
1789391775048,0,1789391775041,-0.438037,-0.934824,3.11371,0
1789391775104,0,1789391775095,-0.43811,-0.934838,3.11345,0
1789391775159,0,1789391775149,-0.438097,-0.93486,3.11351,0
1789391775207,0,1789391775197,-0.438083,-0.934879,3.11358,0
1789391775255,0,1789391775245,-0.438044,-0.934786,3.11373,0
1789391775306,0,1789391775294,-0.438002,-0.934678,3.11388,0
1789391775361,0,1789391775353,-0.437996,-0.9346,3.11376,0
1789391775411,0,1789391775401,-0.438017,-0.934566,3.1138,0
1789391775460,0,1789391775448,-0.438059,-0.934518,3.11367,0
1789391775512,0,1789391775500,-0.438126,-0.934452,3.11365,0
1789391775556,0,1789391775545,-0.438187,-0.934403,3.11332,0
1789391775604,0,1789391775595,-0.438266,-0.934361,3.11337,0
1789391775652,0,1789391775643,-0.438312,-0.934314,3.11315,0
1789391775720,0,1789391775710,-0.438266,-0.934209,3.11351,0
1789391775779,0,1789391775771,-0.438224,-0.934114,3.11295,0
1789391775832,0,1789391775823,-0.438271,-0.93414,3.11296,0
1789391775877,0,1789391775867,-0.43831,-0.934162,3.11257,0
1789391775941,0,1789391775930,-0.438315,-0.934201,3.11286,0
1789391775986,0,1789391775979,-0.438302,-0.934234,3.11248,0
1789391776052,0,1789391776044,-0.438319,-0.934273,3.11235,0
1789391776103,0,1789391776093,-0.438355,-0.9343,3.11243,0
1789391776151,0,1789391776141,-0.43839,-0.934253,3.11244,0
1789391776197,0,1789391776189,-0.438426,-0.934145,3.1124,0
1789391776255,0,1789391776247,-0.43848,-0.934076,3.11252,0
1789391776312,0,1789391776304,-0.438557,-0.934149,3.11298,0
1789391776372,0,1789391776362,-0.438627,-0.934225,3.11253,0
1789391776419,0,1789391776410,-0.438651,-0.934295,3.11298,0
1789391776468,0,1789391776459,-0.438675,-0.934367,3.11253,0
1789391776515,0,1789391776505,-0.43856,-0.934322,3.11259,0
1789391776582,0,1789391776573,-0.438388,-0.934254,3.11213,0
1789391776640,0,1789391776631,-0.438414,-0.934273,3.11215,0
1789391776695,0,1789391776686,-0.43849,-0.934313,3.11234,0
1789391776753,0,1789391776745,-0.438522,-0.934345,3.11231,0
1789391776807,0,1789391776798,-0.438519,-0.934366,3.11232,0
1789391776874,0,1789391776865,-0.438509,-0.934428,3.11186,0
1789391776934,0,1789391776926,-0.438491,-0.934531,3.11207,0
1789391776981,0,1789391776974,-0.43849,-0.93457,3.11227,0
1789391777035,0,1789391777024,-0.438515,-0.934536,3.11232,0
1789391777079,0,1789391777070,-0.438542,-0.934507,3.11239,0
1789391777133,0,1789391777124,-0.438593,-0.93449,3.11222,0
1789391777193,0,1789391777185,-0.438653,-0.93447,3.1121,0
1789391777240,0,1789391777233,-0.438622,-0.934438,3.11206,0
1789391777288,0,1789391777281,-0.438591,-0.934405,3.11202,0
1789391777343,0,1789391777332,-0.438607,-0.934474,3.11193,0
1789391777387,0,1789391777377,-0.438626,-0.934543,3.11203,0
1789391777447,0,1789391777430,-0.43868,-0.934541,3.11157,0
1789391777485,0,1789391777476,-0.43874,-0.934503,3.112,0
1789391777542,0,1789391777535,-0.438819,-0.934467,3.11139,0
1789391777587,0,1789391777580,-0.438877,-0.934452,3.11206,0
1789391777659,0,1789391777650,-0.438995,-0.934388,3.11269,0
1789391777717,0,1789391777708,-0.439121,-0.934284,3.11273,0
1789391777769,0,1789391777758,-0.439209,-0.934213,3.11262,0
1789391777815,0,1789391777804,-0.439207,-0.934223,3.11266,0
1789391777863,0,1789391777855,-0.439203,-0.934235,3.11271,0
1789391777907,0,1789391777900,-0.439307,-0.934261,3.11225,0
1789391777965,0,1789391777956,-0.439437,-0.934293,3.11226,0
1789391778015,0,1789391778005,-0.439392,-0.9344,3.11227,0
1789391778070,0,1789391778062,-0.439317,-0.934534,3.11268,0
1789391778119,0,1789391778110,-0.439305,-0.934529,3.11327,0
1789391778172,0,1789391778162,-0.439313,-0.934476,3.11344,0
1789391778224,0,1789391778216,-0.439336,-0.934459,3.11318,0
1789391778293,0,1789391778285,-0.439386,-0.934488,3.11372,0
1789391778340,0,1789391778333,-0.439409,-0.934466,3.11393,0
1789391778390,0,1789391778382,-0.439412,-0.934372,3.11408,0
1789391778440,0,1789391778429,-0.439413,-0.934298,3.11452,0
1789391778500,0,1789391778487,-0.439408,-0.934293,3.11454,0
1789391778556,0,1789391778547,-0.439403,-0.934288,3.11457,0
1789391778610,0,1789391778598,-0.439395,-0.934278,3.11458,0
1789391778653,0,1789391778643,-0.439388,-0.934269,3.11458,0
1789391778710,0,1789391778691,-0.439367,-0.934281,3.11464,0
1789391778749,0,1789391778739,-0.439344,-0.934295,3.1147,0
1789391778804,0,1789391778792,-0.439362,-0.93426,3.11495,0
1789391778844,0,1789391778835,-0.439394,-0.934212,3.11463,0
1789391778898,0,1789391778889,-0.439418,-0.934207,3.11398,0
1789391778952,0,1789391778943,-0.439427,-0.934261,3.11334,0
1789391779018,0,1789391779006,-0.439432,-0.934318,3.11309,0
1789391779078,0,1789391779068,-0.439427,-0.934354,3.11313,0
1789391779130,0,1789391779121,-0.439417,-0.934386,3.11329,0
1789391779182,0,1789391779173,-0.439384,-0.934431,3.11439,0
1789391779230,0,1789391779221,-0.439351,-0.934474,3.11875,0
1789391779277,0,1789391779269,-0.439396,-0.934529,3.12776,0
1789391779344,0,1789391779335,-0.439451,-0.9346,-3.13979,0
1789391779400,0,1789391779392,-0.439487,-0.934625,-3.12136,0
1789391779451,0,1789391779441,-0.439509,-0.934636,-3.10104,0
1789391779500,0,1789391779488,-0.4395,-0.934635,-3.07581,0
1789391779561,0,1789391779550,-0.439479,-0.934628,-3.03831,0
1789391779604,0,1789391779595,-0.439443,-0.934633,-3.00786,0
1789391779651,0,1789391779642,-0.439409,-0.934643,-2.97231,0
1789391779705,0,1789391779690,-0.439375,-0.934667,-2.93468,0
1789391779760,0,1789391779750,-0.439363,-0.934708,-2.88793,0
1789391779805,0,1789391779795,-0.439348,-0.934751,-2.85384,0
1789391779857,0,1789391779846,-0.439332,-0.934795,-2.81499,0
1789391779902,0,1789391779891,-0.439316,-0.934835,-2.78007,0
1789391779956,0,1789391779947,-0.439349,-0.934828,-2.73722,0
1789391780015,0,1789391780007,-0.439386,-0.934814,-2.69354,0
1789391780078,0,1789391780070,-0.439413,-0.934792,-2.6489,0
1789391780131,0,1789391780117,-0.439425,-0.934777,-2.61587,0
1789391780192,0,1789391780181,-0.439482,-0.934742,-2.57205,0
1789391780260,0,1789391780252,-0.439551,-0.93471,-2.52398,0
1789391780363,0,1789391780317,-0.429909,-0.953993,-2.51571,0.0216161
1789391780433,0,1789391780413,-0.429925,-0.953976,-2.45067,0
1789391780471,0,1789391780461,-0.429904,-0.953992,-2.41802,0
1789391780523,0,1789391780512,-0.429879,-0.954007,-2.38312,0
1789391780565,0,1789391780557,-0.429858,-0.95401,-2.35243,0
1789391780623,0,1789391780614,-0.429835,-0.954011,-2.31306,0
1789391780679,0,1789391780662,-0.429814,-0.954002,-2.28059,0
1789391780727,0,1789391780717,-0.429793,-0.95399,-2.2423,0
1789391780781,0,1789391780770,-0.429827,-0.953997,-2.20606,0
1789391780845,0,1789391780834,-0.42987,-0.954009,-2.16343,0
1789391780897,0,1789391780886,-0.429877,-0.954016,-2.12778,0
1789391780948,0,1789391780937,-0.429867,-0.954018,-2.09291,0
1789391781001,0,1789391780991,-0.429871,-0.954024,-2.05583,0
1789391781053,0,1789391781042,-0.429886,-0.954032,-2.02107,0
1789391781094,0,1789391781087,-0.429898,-0.954047,-1.98988,0
1789391781157,0,1789391781139,-0.429897,-0.954064,-1.95467,0
1789391781206,0,1789391781196,-0.42988,-0.954082,-1.91537,0
1789391781259,0,1789391781248,-0.429829,-0.954083,-1.87945,0
1789391781306,0,1789391781295,-0.429782,-0.954083,-1.84657,0
1789391781357,0,1789391781347,-0.429811,-0.954109,-1.81085,0
1789391781404,0,1789391781392,-0.429837,-0.954133,-1.78005,0
1789391781460,0,1789391781449,-0.429885,-0.954168,-1.74044,0
1789391781519,0,1789391781510,-0.429928,-0.954199,-1.69918,0
1789391781581,0,1789391781569,-0.429967,-0.954225,-1.65911,0
1789391781625,0,1789391781614,-0.429985,-0.954236,-1.62814,0
1789391781671,0,1789391781662,-0.429993,-0.954241,-1.59517,0
1789391781717,0,1789391781710,-0.429988,-0.954236,-1.56202,0
1789391781778,0,1789391781770,-0.430022,-0.954242,-1.5217,0
1789391781824,0,1789391781815,-0.430104,-0.954267,-1.49376,0
1789391781877,0,1789391781867,-0.430191,-0.954292,-1.46401,0
1789391781943,0,1789391781934,-0.430192,-0.954278,-1.42686,0
1789391782008,0,1789391781996,-0.430187,-0.954259,-1.39613,0
1789391782059,0,1789391782047,-0.43022,-0.954214,-1.37859,0
1789391782119,0,1789391782111,-0.430269,-0.954148,-1.3665,0
1789391782191,0,1789391782181,-0.430326,-0.954083,-1.3619,0
1789391782252,0,1789391782244,-0.430363,-0.95405,-1.36199,0
1789391782307,0,1789391782298,-0.430398,-0.954031,-1.36166,0
1789391782354,0,1789391782347,-0.430433,-0.954016,-1.36186,0
1789391782403,0,1789391782394,-0.430405,-0.954083,-1.36156,0
1789391782455,0,1789391782446,-0.430323,-0.954226,-1.36157,0
1789391782508,0,1789391782499,-0.430255,-0.954327,-1.36179,0
1789391782560,0,1789391782552,-0.430214,-0.954347,-1.36255,0
1789391782604,0,1789391782594,-0.430191,-0.954359,-1.36189,0
1789391782663,0,1789391782655,-0.43021,-0.954357,-1.36187,0
1789391782711,0,1789391782699,-0.430224,-0.954354,-1.36186,0
1789391782760,0,1789391782751,-0.430152,-0.954414,-1.36195,0
1789391782805,0,1789391782796,-0.430089,-0.954466,-1.36213,0
1789391782856,0,1789391782845,-0.43012,-0.954459,-1.36249,0
1789391782909,0,1789391782900,-0.430167,-0.954444,-1.36294,0
1789391782959,0,1789391782952,-0.430171,-0.954483,-1.36376,0
1789391783022,0,1789391783012,-0.430153,-0.954556,-1.3641,0
1789391783074,0,1789391783062,-0.430178,-0.954589,-1.36313,0
1789391783141,0,1789391783131,-0.430261,-0.954602,-1.36242,0
1789391783201,0,1789391783192,-0.430301,-0.954624,-1.36193,0
1789391783250,0,1789391783240,-0.430269,-0.95466,-1.36171,0
1789391783296,0,1789391783288,-0.430245,-0.954687,-1.36185,0
1789391783342,0,1789391783335,-0.430259,-0.95468,-1.36224,0
1789391783400,0,1789391783391,-0.430275,-0.954672,-1.36259,0
1789391783463,0,1789391783452,-0.430382,-0.954682,-1.36288,0
1789391783519,0,1789391783507,-0.430488,-0.954693,-1.36257,0
1789391783570,0,1789391783558,-0.430386,-0.954692,-1.36238,0
1789391783621,0,1789391783613,-0.430243,-0.954688,-1.36241,0
1789391783690,0,1789391783679,-0.430191,-0.954691,-1.36272,0
1789391783759,0,1789391783750,-0.430244,-0.954701,-1.36313,0
1789391783810,0,1789391783799,-0.430248,-0.954694,-1.36305,0
1789391783880,0,1789391783871,-0.430214,-0.954664,-1.36299,0
1789391783936,0,1789391783928,-0.430191,-0.954652,-1.36329,0
1789391784000,0,1789391783992,-0.430173,-0.954664,-1.36344,0
1789391784055,0,1789391784046,-0.430159,-0.954659,-1.36337,0
1789391784106,0,1789391784098,-0.430152,-0.954577,-1.36244,0
1789391784159,0,1789391784151,-0.430145,-0.954494,-1.36277,0
1789391784211,0,1789391784202,-0.430073,-0.954455,-1.36323,0
1789391784256,0,1789391784246,-0.430011,-0.954421,-1.36354,0
1789391784304,0,1789391784295,-0.430012,-0.954472,-1.36345,0
1789391784353,0,1789391784342,-0.43002,-0.954529,-1.36355,0
1789391784404,0,1789391784396,-0.430013,-0.954531,-1.36348,0
1789391784452,0,1789391784441,-0.43,-0.954506,-1.3635,0
1789391784509,0,1789391784501,-0.429949,-0.954491,-1.36324,0
1789391784555,0,1789391784546,-0.429881,-0.954497,-1.36302,0
1789391784611,0,1789391784600,-0.429777,-0.954535,-1.36309,0
1789391784668,0,1789391784659,-0.429615,-0.954644,-1.36344,0
1789391784729,0,1789391784720,-0.429477,-0.954724,-1.36328,0
1789391784771,0,1789391784764,-0.429492,-0.954646,-1.3632,0
1789391784824,0,1789391784815,-0.429511,-0.954553,-1.36352,0
1789391784882,0,1789391784871,-0.429604,-0.954616,-1.36331,0
1789391784935,0,1789391784924,-0.429694,-0.95468,-1.36302,0
1789391784985,0,1789391784977,-0.429563,-0.954727,-1.36242,0
1789391785035,0,1789391785026,-0.429406,-0.954767,-1.36255,0
1789391785082,0,1789391785073,-0.429324,-0.95479,-1.36246,0
1789391785140,0,1789391785129,-0.429252,-0.954812,-1.36242,0
1789391785197,0,1789391785189,-0.429222,-0.954776,-1.36221,0
1789391785246,0,1789391785237,-0.429245,-0.954687,-1.36195,0
1789391785303,0,1789391785293,-0.429262,-0.954629,-1.36183,0
1789391785351,0,1789391785341,-0.429258,-0.954664,-1.36189,0
1789391785397,0,1789391785389,-0.429276,-0.954684,-1.36194,0
1789391785455,0,1789391785445,-0.429412,-0.954634,-1.36135,0
1789391785515,0,1789391785504,-0.429556,-0.954581,-1.36164,0
1789391785561,0,1789391785552,-0.429562,-0.954498,-1.3618,0
1789391785609,0,1789391785600,-0.429567,-0.954415,-1.36152,0
1789391785658,0,1789391785648,-0.429564,-0.954408,-1.36141,0
1789391785704,0,1789391785696,-0.42956,-0.954406,-1.36134,0
1789391785755,0,1789391785745,-0.429631,-0.95441,-1.36111,0
1789391785804,0,1789391785795,-0.429732,-0.954417,-1.36106,0
1789391785859,0,1789391785852,-0.429764,-0.954409,-1.36125,0
1789391785920,0,1789391785910,-0.429698,-0.954382,-1.36111,0
1789391785976,0,1789391785967,-0.429678,-0.954356,-1.36055,0
1789391786024,0,1789391786016,-0.42974,-0.954334,-1.36087,0
1789391786078,0,1789391786068,-0.429794,-0.954322,-1.36107,0
1789391786132,0,1789391786122,-0.429786,-0.954372,-1.36129,0
1789391786180,0,1789391786171,-0.429778,-0.954417,-1.3609,0
1789391786225,0,1789391786218,-0.429748,-0.954505,-1.36047,0
1789391786276,0,1789391786267,-0.429717,-0.954598,-1.36102,0
1789391786322,0,1789391786314,-0.429704,-0.954678,-1.36169,0
1789391786378,0,1789391786371,-0.42969,-0.954776,-1.36164,0
1789391786435,0,1789391786429,-0.429728,-0.954805,-1.361,0
1789391786503,0,1789391786493,-0.42981,-0.954789,-1.36082,0
1789391786548,0,1789391786541,-0.429825,-0.954776,-1.36141,0
1789391786599,0,1789391786592,-0.429805,-0.954762,-1.36084,0
1789391786647,0,1789391786637,-0.429769,-0.954734,-1.36098,0
1789391786703,0,1789391786691,-0.429694,-0.954674,-1.36136,0
1789391786753,0,1789391786744,-0.429632,-0.954621,-1.36198,0
1789391786802,0,1789391786794,-0.429738,-0.95466,-1.36174,0
1789391786851,0,1789391786841,-0.429836,-0.954696,-1.36211,0
1789391786902,0,1789391786892,-0.429845,-0.954724,-1.36252,0
1789391786943,0,1789391786936,-0.429851,-0.954748,-1.36313,0
1789391786996,0,1789391786987,-0.429851,-0.954835,-1.3639,0
1789391787050,0,1789391787042,-0.42985,-0.95494,-1.36422,0
1789391787132,0,1789391787113,-0.429836,-0.955005,-1.36462,0
1789391787182,0,1789391787172,-0.429814,-0.955,-1.36464,0
1789391787235,0,1789391787225,-0.429739,-0.955007,-1.36458,0
1789391787277,0,1789391787269,-0.429633,-0.955022,-1.36511,0
1789391787325,0,1789391787317,-0.429572,-0.955051,-1.36532,0
1789391787374,0,1789391787365,-0.429606,-0.955099,-1.36604,0
1789391787425,0,1789391787416,-0.42963,-0.955139,-1.36613,0
1789391787474,0,1789391787466,-0.429593,-0.955124,-1.36655,0
1789391787538,0,1789391787528,-0.429548,-0.955106,-1.36646,0
1789391787599,0,1789391787587,-0.429602,-0.955118,-1.36653,0
1789391787654,0,1789391787643,-0.429662,-0.955133,-1.36727,0
1789391787713,0,1789391787702,-0.429731,-0.955151,-1.36758,0
1789391787771,0,1789391787762,-0.429804,-0.955171,-1.36772,0
1789391787816,0,1789391787807,-0.429807,-0.955225,-1.36757,0
1789391787866,0,1789391787855,-0.429795,-0.955292,-1.36805,0
1789391787920,0,1789391787912,-0.429823,-0.955325,-1.36771,0
1789391787973,0,1789391787963,-0.42989,-0.955306,-1.36804,0
1789391788016,0,1789391788007,-0.429897,-0.9553,-1.36757,0
1789391788067,0,1789391788059,-0.429814,-0.955311,-1.3672,0
1789391788113,0,1789391788104,-0.429745,-0.955321,-1.3671,0
1789391788172,0,1789391788161,-0.429743,-0.955366,-1.36709,0
1789391788220,0,1789391788210,-0.429741,-0.955404,-1.36712,0
1789391788275,0,1789391788265,-0.42958,-0.955443,-1.36699,0
1789391788332,0,1789391788322,-0.42941,-0.955482,-1.36653,0
1789391788384,0,1789391788374,-0.429345,-0.955424,-1.36664,0
1789391788426,0,1789391788418,-0.429299,-0.955367,-1.36569,0
1789391788477,0,1789391788469,-0.429235,-0.955378,-1.36582,0
1789391788536,0,1789391788525,-0.429157,-0.955428,-1.36583,0
1789391788599,0,1789391788589,-0.429098,-0.955475,-1.36589,0
1789391788651,0,1789391788641,-0.429085,-0.9555,-1.36584,0
1789391788719,0,1789391788711,-0.429111,-0.955544,-1.36578,0
1789391788778,0,1789391788768,-0.429233,-0.955604,-1.36631,0
1789391788826,0,1789391788817,-0.429342,-0.955633,-1.36699,0
1789391788875,0,1789391788864,-0.429465,-0.955562,-1.36687,0
1789391788924,0,1789391788913,-0.429595,-0.955488,-1.36668,0
1789391788971,0,1789391788960,-0.429637,-0.955574,-1.36625,0
1789391789024,0,1789391789013,-0.429686,-0.955673,-1.3665,0
1789391789064,0,1789391789056,-0.429677,-0.955614,-1.36641,0
1789391789134,0,1789391789125,-0.429661,-0.955519,-1.36586,0
1789391789197,0,1789391789187,-0.42963,-0.955551,-1.36558,0
1789391789249,0,1789391789240,-0.429593,-0.955654,-1.36516,0
1789391789294,0,1789391789284,-0.429575,-0.955648,-1.3652,0
1789391789362,0,1789391789344,-0.429564,-0.955555,-1.36543,0
1789391789406,0,1789391789396,-0.429541,-0.955477,-1.36542,0
1789391789452,0,1789391789443,-0.429498,-0.955414,-1.36539,0
1789391789501,0,1789391789491,-0.429477,-0.955344,-1.36555,0
1789391789556,0,1789391789548,-0.429573,-0.955232,-1.36604,0
1789391789604,0,1789391789597,-0.429655,-0.955137,-1.36582,0
1789391789658,0,1789391789649,-0.429619,-0.955095,-1.36631,0
1789391789703,0,1789391789692,-0.429589,-0.955062,-1.36625,0
1789391789762,0,1789391789751,-0.429607,-0.955005,-1.36678,0
1789391789817,0,1789391789807,-0.429643,-0.954948,-1.36669,0
1789391789867,0,1789391789857,-0.429661,-0.954907,-1.36669,0
1789391789912,0,1789391789903,-0.429672,-0.954872,-1.36681,0
1789391789969,0,1789391789959,-0.429718,-0.954915,-1.36724,0
1789391790025,0,1789391790017,-0.429803,-0.955057,-1.36705,0
1789391790076,0,1789391790066,-0.429832,-0.955131,-1.3668,0
1789391790121,0,1789391790113,-0.429792,-0.955125,-1.36707,0
1789391790177,0,1789391790167,-0.429757,-0.955111,-1.367,0
1789391790227,0,1789391790219,-0.429789,-0.955065,-1.36772,0
1789391790280,0,1789391790268,-0.429818,-0.955022,-1.36777,0
1789391790324,0,1789391790314,-0.429906,-0.955138,-1.3676,0
1789391790376,0,1789391790365,-0.430003,-0.955265,-1.36727,0
1789391790421,0,1789391790412,-0.430023,-0.955271,-1.36717,0
1789391790477,0,1789391790466,-0.430039,-0.955267,-1.36717,0
1789391790540,0,1789391790529,-0.430017,-0.955264,-1.36684,0
1789391790590,0,1789391790579,-0.429975,-0.955262,-1.36675,0
1789391790645,0,1789391790635,-0.429942,-0.955253,-1.36629,0
1789391790696,0,1789391790686,-0.42993,-0.95524,-1.36634,0
1789391790750,0,1789391790740,-0.429921,-0.955245,-1.36598,0
1789391790815,0,1789391790806,-0.429924,-0.955297,-1.36608,0
1789391790862,0,1789391790854,-0.429924,-0.955329,-1.3655,0
1789391790913,0,1789391790903,-0.429917,-0.955336,-1.36548,0
1789391790960,0,1789391790951,-0.429909,-0.955343,-1.3651,0
1789391791021,0,1789391791011,-0.429948,-0.95536,-1.36429,0
1789391791068,0,1789391791059,-0.429983,-0.955375,-1.36472,0
1789391791121,0,1789391791110,-0.429978,-0.955429,-1.36414,0
1789391791166,0,1789391791154,-0.429972,-0.955478,-1.36437,0
1789391791219,0,1789391791208,-0.430025,-0.955499,-1.36507,0
1789391791261,0,1789391791250,-0.43009,-0.955501,-1.36492,0
1789391791314,0,1789391791302,-0.430132,-0.95552,-1.36545,0
1789391791365,0,1789391791356,-0.430135,-0.955556,-1.36573,0
1789391791419,0,1789391791409,-0.43013,-0.955565,-1.36608,0
1789391791486,0,1789391791478,-0.430101,-0.955503,-1.36651,0
1789391791542,0,1789391791531,-0.430083,-0.955476,-1.36584,0
1789391791588,0,1789391791574,-0.430087,-0.955532,-1.36593,0
1789391791634,0,1789391791625,-0.430092,-0.955598,-1.36615,0
1789391791688,0,1789391791679,-0.430084,-0.955684,-1.36566,0
1789391791756,0,1789391791744,-0.430073,-0.955787,-1.36504,0
1789391791817,0,1789391791807,-0.430038,-0.955933,-1.36509,0
1789391791867,0,1789391791856,-0.430002,-0.956063,-1.36517,0
1789391791913,0,1789391791903,-0.429981,-0.956145,-1.3648,0
1789391791973,0,1789391791960,-0.429963,-0.956228,-1.36536,0
1789391792019,0,1789391792008,-0.429965,-0.95627,-1.36578,0
1789391792070,0,1789391792056,-0.429982,-0.956293,-1.36584,0
1789391792114,0,1789391792104,-0.429985,-0.956296,-1.36588,0
1789391792167,0,1789391792156,-0.429963,-0.956264,-1.3659,0
1789391792219,0,1789391792210,-0.429943,-0.95622,-1.36585,0
1789391792275,0,1789391792266,-0.42994,-0.956122,-1.36586,0
1789391792324,0,1789391792315,-0.429938,-0.956037,-1.36547,0
1789391792386,0,1789391792377,-0.429975,-0.956045,-1.36526,0
1789391792434,0,1789391792424,-0.430007,-0.956065,-1.36564,0
1789391792486,0,1789391792475,-0.430011,-0.955945,-1.36587,0
1789391792528,0,1789391792519,-0.430012,-0.955836,-1.36597,0
1789391792592,0,1789391792582,-0.430033,-0.955828,-1.36613,0
1789391792636,0,1789391792625,-0.430057,-0.955901,-1.36607,0
1789391792684,0,1789391792673,-0.43009,-0.955921,-1.36611,0
1789391792730,0,1789391792722,-0.430128,-0.955889,-1.36619,0
1789391792784,0,1789391792775,-0.430149,-0.955854,-1.36572,0
1789391792824,0,1789391792817,-0.430135,-0.955828,-1.36573,0
1789391792878,0,1789391792869,-0.43013,-0.95581,-1.36563,0
1789391792928,0,1789391792918,-0.430181,-0.955862,-1.36575,0
1789391792984,0,1789391792976,-0.430241,-0.955923,-1.36542,0
1789391793032,0,1789391793024,-0.430301,-0.955867,-1.36483,0
1789391793081,0,1789391793072,-0.430362,-0.955811,-1.36363,0
1789391793142,0,1789391793132,-0.430435,-0.955631,-1.36314,0
1789391793193,0,1789391793182,-0.430495,-0.955452,-1.3634,0
1789391793238,0,1789391793228,-0.430523,-0.955467,-1.36333,0
1789391793289,0,1789391793278,-0.430543,-0.955545,-1.36323,0
1789391793339,0,1789391793330,-0.430573,-0.955562,-1.36317,0
1789391793405,0,1789391793395,-0.430619,-0.955508,-1.36385,0
1789391793466,0,1789391793455,-0.430653,-0.955451,-1.36357,0
1789391793532,0,1789391793523,-0.430672,-0.955363,-1.36293,0
1789391793581,0,1789391793571,-0.430677,-0.95532,-1.3628,0
1789391793631,0,1789391793620,-0.430647,-0.955357,-1.36228,0
1789391793677,0,1789391793668,-0.430618,-0.955395,-1.3619,0
1789391793731,0,1789391793722,-0.430526,-0.955379,-1.361,0
1789391793772,0,1789391793764,-0.430454,-0.955365,-1.3611,0
1789391793834,0,1789391793825,-0.43039,-0.955462,-1.36103,0
1789391793896,0,1789391793888,-0.430339,-0.955607,-1.36108,0
1789391793967,0,1789391793957,-0.430335,-0.955682,-1.36104,0
1789391794013,0,1789391794005,-0.430366,-0.955676,-1.36138,0
1789391794064,0,1789391794054,-0.430369,-0.95574,-1.36127,0
1789391794111,0,1789391794101,-0.430347,-0.955857,-1.36171,0
1789391794160,0,1789391794150,-0.430338,-0.955929,-1.36204,0
1789391794207,0,1789391794197,-0.430351,-0.955913,-1.36171,0
1789391794259,0,1789391794249,-0.430369,-0.955891,-1.36222,0
1789391794307,0,1789391794296,-0.430396,-0.955849,-1.36195,0
1789391794364,0,1789391794355,-0.430431,-0.955795,-1.36241,0
1789391794419,0,1789391794411,-0.430388,-0.955789,-1.3622,0
1789391794475,0,1789391794465,-0.430343,-0.955786,-1.36064,0
1789391794520,0,1789391794507,-0.430348,-0.955794,-1.36069,0
1789391794568,0,1789391794559,-0.430354,-0.955805,-1.36075,0
1789391794623,0,1789391794614,-0.430379,-0.955783,-1.36058,0
1789391794677,0,1789391794667,-0.430413,-0.955743,-1.36083,0
1789391794743,0,1789391794733,-0.430458,-0.95571,-1.36087,0
1789391794794,0,1789391794782,-0.430493,-0.955702,-1.36092,0
1789391794837,0,1789391794829,-0.430497,-0.955702,-1.36087,0
1789391794890,0,1789391794878,-0.43045,-0.955713,-1.36087,0
1789391794933,0,1789391794925,-0.430418,-0.955713,-1.36051,0
1789391794995,0,1789391794984,-0.430452,-0.955656,-1.36096,0
1789391795054,0,1789391795043,-0.430489,-0.955603,-1.36068,0
1789391795097,0,1789391795087,-0.430543,-0.955586,-1.36007,0
1789391795143,0,1789391795134,-0.4306,-0.955568,-1.36089,0
1789391795195,0,1789391795184,-0.430635,-0.955634,-1.36118,0
1789391795254,0,1789391795244,-0.430673,-0.955727,-1.36213,0
1789391795319,0,1789391795310,-0.430652,-0.955895,-1.36184,0
1789391795366,0,1789391795358,-0.430597,-0.956058,-1.3619,0
1789391795418,0,1789391795411,-0.430502,-0.956157,-1.36227,0
1789391795464,0,1789391795455,-0.430395,-0.956172,-1.36203,0
1789391795513,0,1789391795505,-0.430337,-0.956178,-1.36189,0
1789391795560,0,1789391795550,-0.430386,-0.956166,-1.36175,0
1789391795619,0,1789391795608,-0.430423,-0.956159,-1.36131,0
1789391795676,0,1789391795668,-0.430306,-0.956208,-1.3612,0
1789391795726,0,1789391795716,-0.430212,-0.956248,-1.361,0
1789391795772,0,1789391795762,-0.430223,-0.956159,-1.36102,0
1789391795822,0,1789391795812,-0.430234,-0.956063,-1.36157,0
1789391795868,0,1789391795858,-0.430318,-0.955995,-1.36198,0
1789391795930,0,1789391795920,-0.430437,-0.955904,-1.36219,0
1789391795973,0,1789391795964,-0.430479,-0.955886,-1.36218,0
1789391796025,0,1789391796016,-0.430516,-0.955879,-1.36214,0
1789391796077,0,1789391796068,-0.430501,-0.955922,-1.3618,0
1789391796127,0,1789391796119,-0.430437,-0.956011,-1.36245,0
1789391796183,0,1789391796174,-0.430411,-0.956072,-1.36265,0
1789391796232,0,1789391796225,-0.430473,-0.956058,-1.36331,0
1789391796287,0,1789391796278,-0.43051,-0.956029,-1.36432,0
1789391796351,0,1789391796339,-0.430393,-0.955909,-1.36531,0
1789391796393,0,1789391796387,-0.4303,-0.955814,-1.36507,0
1789391796446,0,1789391796435,-0.430205,-0.955825,-1.36463,0
1789391796493,0,1789391796483,-0.43011,-0.955835,-1.36424,0
1789391796540,0,1789391796532,-0.430137,-0.955787,-1.36405,0
1789391796595,0,1789391796587,-0.430186,-0.955725,-1.36428,0
1789391796650,0,1789391796638,-0.430172,-0.955785,-1.36496,0
1789391796690,0,1789391796683,-0.430139,-0.95588,-1.36504,0
1789391796747,0,1789391796738,-0.430138,-0.955958,-1.3651,0
1789391796806,0,1789391796798,-0.430184,-0.955995,-1.3648,0
1789391796865,0,1789391796857,-0.430216,-0.955994,-1.36469,0
1789391796913,0,1789391796902,-0.430216,-0.955924,-1.36483,0
1789391796968,0,1789391796957,-0.430196,-0.955844,-1.36486,0
1789391797021,0,1789391797011,-0.430068,-0.955793,-1.365,0
1789391797080,0,1789391797069,-0.42993,-0.955737,-1.3658,0
1789391797139,0,1789391797128,-0.429826,-0.955753,-1.36658,0
1789391797195,0,1789391797186,-0.429729,-0.955777,-1.36652,0
1789391797244,0,1789391797233,-0.429759,-0.95579,-1.36683,0
1789391797290,0,1789391797282,-0.429799,-0.955804,-1.36613,0
1789391797337,0,1789391797329,-0.429862,-0.955753,-1.3658,0
1789391797397,0,1789391797388,-0.429952,-0.95566,-1.36636,0
1789391797444,0,1789391797434,-0.429998,-0.955616,-1.36652,0
1789391797494,0,1789391797485,-0.430031,-0.955587,-1.36758,0
1789391797540,0,1789391797532,-0.430065,-0.955555,-1.37214,0
1789391797589,0,1789391797581,-0.430099,-0.955517,-1.38084,0
1789391797636,0,1789391797628,-0.430115,-0.955477,-1.39151,0
1789391797698,0,1789391797687,-0.430056,-0.955409,-1.40861,0
1789391797752,0,1789391797742,-0.430008,-0.955357,-1.42476,0
1789391797805,0,1789391797794,-0.430008,-0.955326,-1.43951,0
1789391797858,0,1789391797848,-0.430008,-0.955295,-1.45394,0
1789391797911,0,1789391797899,-0.430037,-0.955271,-1.46722,0
1789391797965,0,1789391797956,-0.43007,-0.955247,-1.48211,0
1789391798016,0,1789391798006,-0.430103,-0.955243,-1.49459,0
1789391798070,0,1789391798061,-0.430138,-0.95525,-1.50769,0
1789391798140,0,1789391798128,-0.430165,-0.955249,-1.52303,0
1789391798203,0,1789391798194,-0.430164,-0.955238,-1.53782,0
1789391798269,0,1789391798260,-0.430156,-0.955218,-1.55153,0
1789391798318,0,1789391798310,-0.430143,-0.955197,-1.56168,0
1789391798384,0,1789391798374,-0.430132,-0.955172,-1.57453,0
1789391798432,0,1789391798423,-0.430157,-0.955171,-1.58387,0
1789391798481,0,1789391798470,-0.43018,-0.955169,-1.59291,0
1789391798528,0,1789391798518,-0.43021,-0.955235,-1.60199,0
1789391798585,0,1789391798576,-0.430247,-0.955314,-1.61224,0
1789391798638,0,1789391798624,-0.430258,-0.955291,-1.62005,0
1789391798681,0,1789391798673,-0.430266,-0.955257,-1.6283,0
1789391798728,0,1789391798720,-0.430212,-0.95528,-1.63572,0
1789391798779,0,1789391798769,-0.430142,-0.955319,-1.64405,0
1789391798839,0,1789391798829,-0.429765,-0.955367,-1.65146,0
1789391798894,0,1789391798885,-0.428313,-0.955453,-1.65654,0
1789391798953,0,1789391798942,-0.427243,-0.95552,-1.66196,0
1789391799008,0,1789391798992,-0.424806,-0.955738,-1.66598,0
1789391799046,0,1789391799038,-0.42236,-0.955967,-1.66959,0
1789391799102,0,1789391799090,-0.416026,-0.956612,-1.6748,0
1789391799144,0,1789391799135,-0.410845,-0.957163,-1.67902,0
1789391799202,0,1789391799191,-0.401434,-0.958066,-1.68391,0
1789391799249,0,1789391799239,-0.393824,-0.958809,-1.68668,0
1789391799299,0,1789391799290,-0.384322,-0.959788,-1.6867,0
1789391799346,0,1789391799336,-0.374952,-0.96076,-1.68581,0
1789391799408,0,1789391799398,-0.36263,-0.962355,-1.68367,0
1789391799454,0,1789391799445,-0.351715,-0.963817,-1.67672,0
1789391799502,0,1789391799493,-0.340418,-0.965163,-1.66975,0
1789391799560,0,1789391799548,-0.3261,-0.966543,-1.66109,0
1789391799618,0,1789391799607,-0.311207,-0.967779,-1.6518,0
1789391799676,0,1789391799668,-0.293753,-0.968811,-1.64023,0
1789391799728,0,1789391799719,-0.278558,-0.969623,-1.62971,0
1789391799771,0,1789391799763,-0.262702,-0.970567,-1.62118,0
1789391799831,0,1789391799813,-0.245252,-0.971463,-1.61113,0
1789391799881,0,1789391799870,-0.223691,-0.971878,-1.59995,0
1789391799951,0,1789391799940,-0.195536,-0.972001,-1.58647,0
1789391800007,0,1789391799998,-0.170657,-0.971884,-1.57517,0
1789391800056,0,1789391800045,-0.148937,-0.971589,-1.56611,0
1789391800100,0,1789391800093,-0.126739,-0.971377,-1.5568,0
1789391800157,0,1789391800143,-0.102919,-0.971003,-1.54793,0
1789391800200,0,1789391800190,-0.0807346,-0.97052,-1.54017,0
1789391800258,0,1789391800250,-0.0502698,-0.969614,-1.53026,0
1789391800314,0,1789391800304,-0.0232464,-0.968422,-1.52137,0
1789391800379,0,1789391800363,0.00770413,-0.966598,-1.51654,0
1789391800419,0,1789391800411,0.0325365,-0.965112,-1.51657,0
1789391800468,0,1789391800458,0.0540678,-0.96392,-1.51656,0
1789391800516,0,1789391800507,0.0744366,-0.962798,-1.51626,0
1789391800568,0,1789391800557,0.0931362,-0.961901,-1.5167,0
1789391800623,0,1789391800611,0.113245,-0.960953,-1.51669,0
1789391800673,0,1789391800664,0.130895,-0.959779,-1.51568,0
1789391800729,0,1789391800717,0.147385,-0.958596,-1.513,0
1789391800785,0,1789391800774,0.16386,-0.957552,-1.50844,0
1789391800842,0,1789391800830,0.178991,-0.956635,-1.50083,0
1789391800889,0,1789391800879,0.191488,-0.955617,-1.49207,0
1789391800934,0,1789391800926,0.202781,-0.954461,-1.48084,0
1789391800988,0,1789391800977,0.214743,-0.953198,-1.46726,0
1789391801031,0,1789391801023,0.225223,-0.95214,-1.45342,0
1789391801086,0,1789391801076,0.237102,-0.950759,-1.43713,0
1789391801136,0,1789391801128,0.24812,-0.949109,-1.41983,0
1789391801197,0,1789391801187,0.260252,-0.947043,-1.3992,0
1789391801253,0,1789391801243,0.271788,-0.944855,-1.37919,0
1789391801360,0,1789391801300,0.255271,-0.958997,-1.37982,0.0326488
1789391801419,0,1789391801408,0.276578,-0.954545,-1.33888,0
1789391801461,0,1789391801454,0.285661,-0.952372,-1.32008,0
1789391801539,0,1789391801520,0.298465,-0.948941,-1.29345,0
1789391801593,0,1789391801583,0.310558,-0.945415,-1.26802,0
1789391801665,0,1789391801655,0.324402,-0.940897,-1.23844,0
1789391801754,0,1789391801713,0.329634,-0.950251,-1.23569,0.0144404
1789391801792,0,1789391801782,0.342489,-0.945422,-1.2068,0
1789391801848,0,1789391801840,0.353012,-0.941192,-1.1823,0
1789391801921,0,1789391801912,0.365451,-0.93589,-1.15135,0
1789391801975,0,1789391801961,0.373773,-0.932027,-1.1301,0
1789391802021,0,1789391802011,0.381985,-0.928048,-1.1079,0
1789391802067,0,1789391802057,0.389287,-0.924312,-1.08678,0
1789391802128,0,1789391802118,0.39826,-0.919482,-1.05832,0
1789391802172,0,1789391802163,0.405453,-0.915356,-1.03721,0
1789391802227,0,1789391802218,0.414032,-0.910288,-1.01136,0
1789391802288,0,1789391802279,0.423993,-0.903975,-0.983983,0
1789391802340,0,1789391802327,0.431724,-0.898761,-0.962079,0
1789391802387,0,1789391802375,0.440386,-0.892499,-0.93975,0
1789391802438,0,1789391802426,0.44956,-0.885521,-0.914636,0
1789391802482,0,1789391802471,0.458303,-0.878503,-0.893901,0
1789391802532,0,1789391802524,0.468899,-0.869618,-0.869803,0
1789391802587,0,1789391802578,0.480019,-0.859874,-0.844434,0
1789391802648,0,1789391802641,0.492705,-0.848086,-0.815901,0
1789391802703,0,1789391802686,0.502732,-0.83812,-0.794904,0
1789391802770,0,1789391802758,0.518166,-0.821715,-0.76118,0
1789391802823,0,1789391802815,0.530385,-0.808187,-0.734921,0
1789391802874,0,1789391802866,0.541376,-0.795428,-0.710667,0
1789391802919,0,1789391802911,0.551095,-0.783505,-0.689495,0
1789391802971,0,1789391802962,0.562003,-0.76939,-0.666071,0
1789391803018,0,1789391803007,0.571311,-0.757022,-0.645071,0
1789391803083,0,1789391803072,0.584435,-0.738588,-0.61433,0
1789391803130,0,1789391803121,0.593838,-0.724579,-0.59197,0
1789391803178,0,1789391803169,0.602691,-0.710316,-0.569208,0
1789391803226,0,1789391803217,0.611469,-0.695613,-0.546016,0
1789391803282,0,1789391803272,0.621538,-0.67843,-0.520052,0
1789391803338,0,1789391803327,0.630988,-0.661256,-0.494331,0
1789391803389,0,1789391803378,0.639076,-0.645371,-0.469866,0
1789391803432,0,1789391803422,0.645813,-0.631407,-0.448639,0
1789391803484,0,1789391803474,0.654052,-0.613917,-0.424359,0
1789391803549,0,1789391803541,0.664042,-0.590977,-0.393511,0
1789391803606,0,1789391803597,0.671919,-0.571361,-0.367663,0
1789391803682,0,1789391803666,0.680997,-0.546051,-0.336037,0
1789391803725,0,1789391803714,0.686885,-0.528448,-0.314443,0
1789391803781,0,1789391803772,0.693716,-0.505805,-0.288166,0
1789391803896,0,1789391803841,0.701749,-0.514005,-0.288017,0.035816
1789391803911,0,1789391803899,0.708903,-0.488783,-0.262199,0
1789391803972,0,1789391803963,0.716097,-0.460491,-0.234103,0
1789391804041,0,1789391804030,0.722852,-0.428788,-0.204846,0
1789391804104,0,1789391804095,0.728736,-0.396563,-0.176584,0
1789391804164,0,1789391804154,0.733961,-0.365425,-0.152001,0
1789391804262,0,1789391804220,0.73456,-0.361877,-0.128636,0.0322033
1789391804287,0,1789391804279,0.737925,-0.329579,-0.103793,0
1789391804353,0,1789391804343,0.740562,-0.29364,-0.0809626,0
1789391804412,0,1789391804402,0.742402,-0.259676,-0.0657519,0
1789391804484,0,1789391804466,0.743795,-0.221363,-0.0533757,0
1789391804535,0,1789391804526,0.745313,-0.186138,-0.0488324,0
1789391804602,0,1789391804589,0.747359,-0.149479,-0.0507371,0
1789391804652,0,1789391804641,0.749192,-0.119062,-0.0572975,0
1789391804709,0,1789391804699,0.751281,-0.0856079,-0.0684111,0
1789391804756,0,1789391804747,0.753383,-0.0578528,-0.0786906,0
1789391804812,0,1789391804804,0.75695,-0.0242726,-0.0931237,0
1789391804862,0,1789391804852,0.760362,0.00395734,-0.106353,0
1789391804908,0,1789391804900,0.763749,0.0326638,-0.120787,0
1789391804957,0,1789391804948,0.767548,0.0611577,-0.136038,0
1789391805007,0,1789391804998,0.772454,0.0907178,-0.152559,0
1789391805065,0,1789391805053,0.778629,0.123701,-0.169607,0
1789391805121,0,1789391805110,0.784778,0.157759,-0.188168,0
1789391805174,0,1789391805166,0.791242,0.191727,-0.206611,0
1789391805242,0,1789391805226,0.799093,0.227811,-0.224153,0
1789391805280,0,1789391805271,0.805796,0.254914,-0.238237,0
1789391805333,0,1789391805322,0.813609,0.285385,-0.251974,0
1789391805377,0,1789391805367,0.820826,0.312865,-0.262963,0
1789391805436,0,1789391805418,0.829221,0.343485,-0.274013,0
1789391805485,0,1789391805474,0.838843,0.376426,-0.285017,0
1789391805539,0,1789391805531,0.848949,0.409662,-0.295888,0
1789391805590,0,1789391805580,0.858474,0.438661,-0.303733,0
1789391805653,0,1789391805638,0.870062,0.473064,-0.311463,0
1789391805695,0,1789391805687,0.879727,0.501883,-0.315758,0
1789391805748,0,1789391805738,0.889911,0.531941,-0.319803,0
1789391805791,0,1789391805783,0.899228,0.558927,-0.322383,0
1789391805851,0,1789391805833,0.909718,0.588992,-0.325812,0
1789391805886,0,1789391805879,0.919657,0.616613,-0.328314,0
1789391805948,0,1789391805939,0.932754,0.652113,-0.331174,0
1789391805995,0,1789391805985,0.942689,0.679768,-0.332786,0
1789391806053,0,1789391806042,0.954531,0.714109,-0.333947,0
1789391806108,0,1789391806099,0.966212,0.748263,-0.336115,0
1789391806174,0,1789391806163,0.978793,0.786823,-0.339629,0
1789391806234,0,1789391806222,0.99042,0.822024,-0.343625,0
1789391806301,0,1789391806291,1.00511,0.863069,-0.348944,0
1789391806348,0,1789391806340,1.01578,0.892168,-0.352586,0
1789391806408,0,1789391806390,1.02725,0.921833,-0.356149,0
1789391806443,0,1789391806435,1.0378,0.948792,-0.360103,0
1789391806498,0,1789391806486,1.04878,0.978549,-0.36413,0
1789391806540,0,1789391806531,1.05847,1.00518,-0.367101,0
1789391806614,0,1789391806600,1.07367,1.04486,-0.371379,0
1789391806672,0,1789391806664,1.0888,1.08208,-0.375856,0
1789391806723,0,1789391806712,1.10017,1.10999,-0.381028,0
1789391806776,0,1789391806760,1.11187,1.13854,-0.387235,0
1789391806820,0,1789391806811,1.12439,1.16854,-0.393985,0
1789391806865,0,1789391806856,1.13593,1.19515,-0.398467,0
1789391806931,0,1789391806917,1.15155,1.23062,-0.403488,0
1789391806970,0,1789391806962,1.16319,1.25589,-0.41207,0
1789391807020,0,1789391807011,1.17601,1.28286,-0.423326,0
1789391807067,0,1789391807059,1.1886,1.31001,-0.436632,0
1789391807128,0,1789391807116,1.20403,1.34186,-0.456426,0
1789391807173,0,1789391807164,1.2167,1.36725,-0.474127,0
1789391807224,0,1789391807215,1.23067,1.39385,-0.493616,0
1789391807271,0,1789391807261,1.24368,1.41706,-0.513515,0
1789391807320,0,1789391807310,1.25782,1.44045,-0.534154,0
1789391807368,0,1789391807360,1.27199,1.46291,-0.555104,0
1789391807429,0,1789391807420,1.2887,1.48763,-0.580544,0
1789391807471,0,1789391807463,1.30089,1.50513,-0.598796,0
1789391807529,0,1789391807515,1.31449,1.52396,-0.618353,0
1789391807589,0,1789391807580,1.33156,1.54652,-0.639786,0
1789391807638,0,1789391807630,1.34338,1.56211,-0.654315,0
1789391807724,0,1789391807685,1.36008,1.56002,-0.670061,0.0193406
1789391807743,0,1789391807735,1.37111,1.57361,-0.684026,0
1789391807791,0,1789391807781,1.38152,1.58608,-0.697664,0
1789391807846,0,1789391807830,1.39202,1.59829,-0.710622,0
1789391807891,0,1789391807880,1.40303,1.61075,-0.723931,0
1789391807949,0,1789391807940,1.41608,1.62517,-0.7389,0
1789391808004,0,1789391807993,1.42757,1.63756,-0.752977,0
1789391808061,0,1789391808049,1.43997,1.6505,-0.769718,0
1789391808112,0,1789391808098,1.45129,1.66183,-0.785646,0
1789391808180,0,1789391808168,1.46785,1.67777,-0.809467,0
1789391808235,0,1789391808225,1.48146,1.69068,-0.830669,0
1789391808282,0,1789391808273,1.49334,1.7015,-0.849543,0
1789391808329,0,1789391808321,1.50627,1.7125,-0.868841,0
1789391808377,0,1789391808369,1.51926,1.7231,-0.887849,0
1789391808426,0,1789391808417,1.5335,1.73375,-0.906629,0
1789391808488,0,1789391808473,1.55116,1.7463,-0.930335,0
1789391808540,0,1789391808531,1.56961,1.75896,-0.954249,0
1789391808611,0,1789391808601,1.59281,1.77405,-0.983496,0
1789391808655,0,1789391808649,1.60894,1.78462,-1.00483,0
1789391808716,0,1789391808705,1.62964,1.79786,-1.02985,0
1789391808788,0,1789391808772,1.65432,1.81255,-1.0593,0
1789391808844,0,1789391808836,1.67981,1.82596,-1.08858,0
1789391808898,0,1789391808889,1.70094,1.83639,-1.11291,0
1789391808948,0,1789391808940,1.72306,1.84646,-1.13628,0
1789391808993,0,1789391808986,1.74297,1.85502,-1.15604,0
1789391809055,0,1789391809041,1.76778,1.86467,-1.18015,0
1789391809099,0,1789391809090,1.79013,1.87282,-1.2019,0
1789391809154,0,1789391809145,1.81579,1.88187,-1.227,0
1789391809206,0,1789391809198,1.84098,1.8901,-1.25128,0
1789391809272,0,1789391809259,1.87008,1.89877,-1.27944,0
1789391809318,0,1789391809311,1.89635,1.9058,-1.30259,0
1789391809384,0,1789391809373,1.92698,1.91321,-1.32949,0
1789391809425,0,1789391809418,1.95011,1.91823,-1.34885,0
1789391809485,0,1789391809468,1.97802,1.92373,-1.37183,0
1789391809521,0,1789391809513,2.00476,1.92839,-1.39293,0
1789391809580,0,1789391809570,2.03894,1.93344,-1.41969,0
1789391809636,0,1789391809628,2.07466,1.93769,-1.44543,0
1789391809689,0,1789391809676,2.10436,1.94063,-1.46457,0
1789391809734,0,1789391809724,2.1355,1.94355,-1.48175,0
1789391809781,0,1789391809772,2.16665,1.94597,-1.49718,0
1789391809841,0,1789391809831,2.20575,1.94759,-1.51355,0
1789391809887,0,1789391809879,2.23795,1.94822,-1.5254,0
1789391809944,0,1789391809936,2.27641,1.94949,-1.5378,0
1789391810006,0,1789391809987,2.30903,1.95079,-1.54765,0
1789391810054,0,1789391810044,2.34491,1.95195,-1.55836,0
1789391810105,0,1789391810092,2.37515,1.95254,-1.56781,0
1789391810149,0,1789391810139,2.40541,1.95279,-1.5768,0
1789391810201,0,1789391810190,2.43836,1.95246,-1.5871,0
1789391810253,0,1789391810246,2.47433,1.95173,-1.59781,0
1789391810303,0,1789391810294,2.50548,1.95063,-1.60816,0
1789391810350,0,1789391810342,2.53689,1.94921,-1.61721,0
1789391810404,0,1789391810392,2.56854,1.94757,-1.62354,0
1789391810455,0,1789391810448,2.60353,1.94553,-1.62982,0
1789391810506,0,1789391810497,2.63496,1.94321,-1.63395,0
1789391810551,0,1789391810544,2.66544,1.94082,-1.63777,0
1789391810617,0,1789391810606,2.70492,1.93806,-1.64426,0
1789391810658,0,1789391810648,2.73236,1.93621,-1.64998,0
1789391810710,0,1789391810699,2.76557,1.93385,-1.65874,0
1789391810760,0,1789391810753,2.79986,1.93101,-1.66881,0
1789391810820,0,1789391810807,2.83402,1.92815,-1.68023,0
1789391810868,0,1789391810859,2.8667,1.92541,-1.69256,0
1789391810920,0,1789391810912,2.89877,1.92201,-1.71038,0
1789391810976,0,1789391810966,2.93002,1.91648,-1.73069,0
1789391811026,0,1789391811014,2.95753,1.9111,-1.74917,0
1789391811073,0,1789391811062,2.98224,1.9058,-1.76955,0
1789391811122,0,1789391811112,3.00705,1.89996,-1.79234,0
1789391811167,0,1789391811158,3.02881,1.89431,-1.81406,0
1789391811216,0,1789391811209,3.05332,1.88732,-1.83867,0
1789391811278,0,1789391811267,3.07943,1.87965,-1.86441,0
1789391811332,0,1789391811320,3.10241,1.87251,-1.88716,0
1789391811370,0,1789391811363,3.12057,1.86649,-1.90411,0
1789391811421,0,1789391811412,3.14018,1.85948,-1.92166,0
1789391811478,0,1789391811470,3.16207,1.85113,-1.94076,0
1789391811537,0,1789391811525,3.18081,1.84331,-1.95684,0
1789391811619,0,1789391811578,3.22119,1.80997,-1.96317,0.0345692
1789391811638,0,1789391811629,3.23631,1.80353,-1.97488,0
1789391811682,0,1789391811674,3.2496,1.7977,-1.98833,0
1789391811747,0,1789391811735,3.26648,1.7899,-2.01179,0
1789391811805,0,1789391811796,3.28285,1.78177,-2.03396,0
1789391811855,0,1789391811845,3.29537,1.77523,-2.05462,0
1789391811901,0,1789391811893,3.30742,1.76859,-2.07663,0
1789391811952,0,1789391811941,3.31932,1.76172,-2.09815,0
1789391812007,0,1789391811997,3.33309,1.75337,-2.12327,0
1789391812061,0,1789391812050,3.34547,1.74529,-2.14609,0
1789391812103,0,1789391812093,3.3554,1.73841,-2.16487,0
1789391812151,0,1789391812142,3.3666,1.73032,-2.18763,0
1789391812199,0,1789391812190,3.37752,1.722,-2.21118,0
1789391812253,0,1789391812244,3.38975,1.7122,-2.23591,0
1789391812314,0,1789391812305,3.40413,1.70031,-2.26297,0
1789391812365,0,1789391812356,3.41564,1.69037,-2.28626,0
1789391812412,0,1789391812401,3.42602,1.68105,-2.30684,0
1789391812461,0,1789391812450,3.43731,1.67049,-2.33044,0
1789391812506,0,1789391812497,3.44804,1.65976,-2.35209,0
1789391812557,0,1789391812547,3.45924,1.64794,-2.37564,0
1789391812602,0,1789391812593,3.46933,1.63691,-2.39777,0
1789391812661,0,1789391812651,3.48179,1.62231,-2.42575,0
1789391812714,0,1789391812704,3.49285,1.60919,-2.45302,0
1789391812763,0,1789391812752,3.50298,1.59674,-2.47607,0
1789391812816,0,1789391812799,3.51259,1.58428,-2.5007,0
1789391812859,0,1789391812848,3.52242,1.57049,-2.52664,0
1789391812917,0,1789391812909,3.53431,1.55308,-2.55862,0
1789391812984,0,1789391812975,3.54671,1.53295,-2.59482,0
1789391813035,0,1789391813026,3.55575,1.51742,-2.62056,0
1789391813092,0,1789391813081,3.56552,1.49929,-2.64738,0
1789391813137,0,1789391813130,3.57396,1.48286,-2.67243,0
1789391813188,0,1789391813179,3.58239,1.46585,-2.69714,0
1789391813233,0,1789391813226,3.5903,1.44904,-2.72154,0
1789391813283,0,1789391813276,3.59817,1.43033,-2.74651,0
1789391813342,0,1789391813333,3.60638,1.40857,-2.77565,0
1789391813401,0,1789391813388,3.61398,1.38798,-2.80272,0
1789391813451,0,1789391813442,3.62134,1.36715,-2.82887,0
1789391813498,0,1789391813490,3.62756,1.34736,-2.8522,0
1789391813544,0,1789391813537,3.63305,1.32611,-2.87533,0
1789391813595,0,1789391813587,3.6384,1.30351,-2.89901,0
1789391813654,0,1789391813643,3.64431,1.27764,-2.92428,0
1789391813721,0,1789391813708,3.65023,1.24774,-2.9545,0
1789391813765,0,1789391813756,3.6545,1.22467,-2.97867,0
1789391813814,0,1789391813805,3.65826,1.19971,-3.00339,0
1789391813869,0,1789391813853,3.66087,1.1756,-3.02635,0
1789391813912,0,1789391813903,3.66293,1.1503,-3.04981,0
1789391813966,0,1789391813957,3.66505,1.12167,-3.07329,0
1789391814023,0,1789391814012,3.66679,1.09074,-3.09744,0
1789391814086,0,1789391814076,3.66796,1.05507,-3.12513,0
1789391814157,0,1789391814148,3.66777,1.01365,3.12671,0
1789391814217,0,1789391814208,3.66703,0.978866,3.10306,0
1789391814278,0,1789391814266,3.66588,0.943603,3.08325,0
1789391814322,0,1789391814313,3.6646,0.914982,3.06945,0
1789391814369,0,1789391814361,3.663,0.885691,3.05547,0
1789391814416,0,1789391814409,3.66097,0.856495,3.04263,0
1789391814485,0,1789391814474,3.657,0.815834,3.0268,0
1789391814544,0,1789391814535,3.65252,0.77776,3.01304,0
1789391814613,0,1789391814604,3.64671,0.734803,2.99717,0
1789391814674,0,1789391814664,3.64072,0.696896,2.98526,0
1789391814740,0,1789391814731,3.63399,0.654863,2.97395,0
1789391814799,0,1789391814789,3.62783,0.617784,2.96765,0
1789391814873,0,1789391814861,3.62015,0.572698,2.96463,0
1789391814918,0,1789391814910,3.61484,0.542158,2.96403,0
1789391814985,0,1789391814973,3.60787,0.503249,2.9635,0
1789391815027,0,1789391815018,3.60276,0.475856,2.96409,0
1789391815094,0,1789391815078,3.596,0.439235,2.9653,0
1789391815134,0,1789391815124,3.59084,0.410504,2.96728,0
1789391815183,0,1789391815175,3.58521,0.378725,2.96956,0
1789391815266,0,1789391815219,3.57825,0.336665,2.97963,0.0145516
1789391815300,0,1789391815288,3.57176,0.293429,2.984,0
1789391815355,0,1789391815348,3.56575,0.255896,2.9872,0
1789391815418,0,1789391815408,3.55958,0.2178,2.98879,0
1789391815465,0,1789391815453,3.55521,0.189382,2.98991,0
1789391815513,0,1789391815503,3.55053,0.158161,2.99216,0
1789391815558,0,1789391815549,3.5464,0.128896,2.99424,0
1789391815611,0,1789391815602,3.54189,0.0951041,2.99679,0
1789391815658,0,1789391815647,3.53795,0.0665583,2.99856,0
1789391815713,0,1789391815703,3.53275,0.0311889,3.0001,0
1789391815773,0,1789391815763,3.52739,-0.00581911,3.00184,0
1789391815855,0,1789391815836,3.52113,-0.0515394,3.00432,0
1789391815893,0,1789391815884,3.51712,-0.0810977,3.00413,0
1789391815954,0,1789391815945,3.51216,-0.119312,3.0039,0
1789391816002,0,1789391815992,3.5083,-0.148913,3.00285,0
1789391816072,0,1789391816058,3.50196,-0.189932,3.0003,0
1789391816128,0,1789391816117,3.49586,-0.226743,2.99757,0
1789391816196,0,1789391816185,3.48929,-0.269321,2.99381,0
1789391816264,0,1789391816244,3.4839,-0.306671,2.99143,0
1789391816312,0,1789391816303,3.47833,-0.343416,2.98951,0
1789391816361,0,1789391816350,3.47366,-0.372283,2.98639,0
1789391816407,0,1789391816398,3.46897,-0.401798,2.98408,0
1789391816463,0,1789391816446,3.46433,-0.432136,2.98213,0
1789391816508,0,1789391816499,3.45913,-0.465429,2.97972,0
1789391816569,0,1789391816560,3.45276,-0.503357,2.97702,0
1789391816650,0,1789391816631,3.44521,-0.547442,2.9737,0
1789391816689,0,1789391816679,3.43965,-0.576726,2.96941,0
1789391816740,0,1789391816731,3.43346,-0.608733,2.96421,0
1789391816793,0,1789391816785,3.42731,-0.642205,2.95833,0
1789391816845,0,1789391816833,3.42186,-0.671505,2.95379,0
1789391816889,0,1789391816881,3.41743,-0.701465,2.94907,0
1789391816946,0,1789391816936,3.41263,-0.735731,2.94341,0
1789391816993,0,1789391816985,3.40721,-0.766003,2.93773,0
1789391817055,0,1789391817036,3.40052,-0.79679,2.93167,0
1789391817090,0,1789391817081,3.39446,-0.824626,2.92682,0
1789391817143,0,1789391817132,3.38758,-0.856086,2.92151,0
1789391817194,0,1789391817186,3.38013,-0.889357,2.91593,0
1789391817252,0,1789391817239,3.37239,-0.923014,2.91168,0
1789391817317,0,1789391817309,3.362,-0.967288,2.90719,0
1789391817369,0,1789391817358,3.35492,-0.997276,2.90488,0
1789391817423,0,1789391817405,3.34811,-1.02602,2.90445,0
1789391817463,0,1789391817455,3.34108,-1.05661,2.90428,0
1789391817522,0,1789391817512,3.33307,-1.09165,2.90475,0
1789391817595,0,1789391817577,3.32352,-1.13085,2.90668,0
1789391817632,0,1789391817623,3.3164,-1.15881,2.90815,0
1789391817686,0,1789391817677,3.30823,-1.19164,2.9113,0
1789391817728,0,1789391817719,3.30195,-1.21775,2.91531,0
1789391817786,0,1789391817771,3.29452,-1.24971,2.92099,0
1789391817832,0,1789391817824,3.28759,-1.28181,2.92877,0
1789391817884,0,1789391817874,3.28133,-1.31216,2.93703,0
1789391817938,0,1789391817931,3.27523,-1.34593,2.94932,0
1789391818011,0,1789391817995,3.26876,-1.38455,2.96293,0
1789391818059,0,1789391818048,3.26364,-1.4166,2.97478,0
1789391818112,0,1789391818104,3.25868,-1.45029,2.98781,0
1789391818163,0,1789391818155,3.25397,-1.48171,3.00094,0
1789391818228,0,1789391818212,3.24921,-1.51664,3.01618,0
1789391818281,0,1789391818272,3.24431,-1.55344,3.03337,0
1789391818347,0,1789391818338,3.23956,-1.59381,3.05237,0
1789391818410,0,1789391818397,3.23632,-1.62979,3.06946,0
1789391818466,0,1789391818458,3.23431,-1.66696,3.08653,0
1789391818517,0,1789391818510,3.23312,-1.69883,3.10133,0
1789391818606,0,1789391818559,3.24292,-1.72805,3.11455,0.0102965
1789391818630,0,1789391818616,3.24281,-1.76337,3.1308,0
1789391818686,0,1789391818675,3.24251,-1.80092,-3.13562,0
1789391818729,0,1789391818720,3.24264,-1.82972,-3.12448,0
1789391818779,0,1789391818768,3.24433,-1.85931,-3.11437,0
1789391818831,0,1789391818816,3.24632,-1.88879,-3.10265,0
1789391818891,0,1789391818880,3.24879,-1.92727,-3.08809,0
1789391818946,0,1789391818937,3.2512,-1.96187,-3.07676,0
1789391819000,0,1789391818988,3.2534,-1.99315,-3.06716,0
1789391819041,0,1789391819033,3.25555,-2.02107,-3.05977,0
1789391819095,0,1789391819086,3.25866,-2.05435,-3.05272,0
1789391819159,0,1789391819148,3.2631,-2.09397,-3.04529,0
1789391819208,0,1789391819197,3.26667,-2.12522,-3.0414,0
1789391819254,0,1789391819244,3.2701,-2.15514,-3.03908,0
1789391819305,0,1789391819296,3.27374,-2.18819,-3.03716,0
1789391819360,0,1789391819350,3.27634,-2.22266,-3.03612,0
1789391819410,0,1789391819398,3.27873,-2.25315,-3.03586,0
1789391819454,0,1789391819445,3.2824,-2.28244,-3.03697,0
1789391819504,0,1789391819494,3.28612,-2.313,-3.04081,0
1789391819554,0,1789391819542,3.28902,-2.34346,-3.04607,0
1789391819608,0,1789391819598,3.29202,-2.37857,-3.0531,0
1789391819666,0,1789391819657,3.29427,-2.41544,-3.06069,0
1789391819721,0,1789391819705,3.29548,-2.44548,-3.07043,0
1789391819760,0,1789391819753,3.29726,-2.4754,-3.08108,0
1789391819816,0,1789391819808,3.29962,-2.50988,-3.09496,0
1789391819880,0,1789391819866,3.30149,-2.5453,-3.10972,0
1789391819939,0,1789391819930,3.30253,-2.58407,-3.12626,0
1789391820008,0,1789391819998,3.30283,-2.62446,3.13863,0
1789391820087,0,1789391820070,3.30154,-2.66521,3.11889,0
1789391820141,0,1789391820129,3.29969,-2.69746,3.0972,0
1789391820203,0,1789391820192,3.29739,-2.7296,3.0715,0
1789391820252,0,1789391820241,3.29512,-2.75415,3.05015,0
1789391820308,0,1789391820289,3.29249,-2.77681,3.02974,0
1789391820349,0,1789391820337,3.28942,-2.79932,3.01,0
1789391820398,0,1789391820387,3.28599,-2.82256,2.98937,0
1789391820455,0,1789391820444,3.28144,-2.84911,2.96566,0
1789391820504,0,1789391820496,3.27714,-2.87241,2.94277,0
1789391820548,0,1789391820539,3.2731,-2.89202,2.92422,0
1789391820606,0,1789391820596,3.26711,-2.91752,2.89957,0
1789391820653,0,1789391820645,3.26108,-2.93885,2.87841,0
1789391820704,0,1789391820696,3.25436,-2.96093,2.85607,0
1789391820751,0,1789391820742,3.24794,-2.98108,2.83514,0
1789391820801,0,1789391820791,3.24062,-3.00243,2.81358,0
1789391820859,0,1789391820849,3.23163,-3.02679,2.78742,0
1789391820917,0,1789391820907,3.22201,-3.05076,2.76029,0
1789391820976,0,1789391820966,3.21123,-3.07547,2.73333,0
1789391821034,0,1789391821017,3.20148,-3.09627,2.71047,0
1789391821071,0,1789391821062,3.19313,-3.1134,2.69009,0
1789391821122,0,1789391821112,3.18308,-3.13293,2.6666,0
1789391821179,0,1789391821169,3.17114,-3.15468,2.63935,0
1789391821234,0,1789391821225,3.159,-3.1751,2.61294,0
1789391821293,0,1789391821282,3.14626,-3.19576,2.58574,0
1789391821342,0,1789391821331,3.13523,-3.21344,2.56367,0
1789391821386,0,1789391821378,3.12403,-3.23049,2.5414,0
1789391821439,0,1789391821427,3.11125,-3.24848,2.51861,0
1789391821483,0,1789391821474,3.09904,-3.26488,2.49686,0
1789391821541,0,1789391821526,3.08469,-3.28293,2.47289,0
1789391821578,0,1789391821570,3.07183,-3.29847,2.45224,0
1789391821634,0,1789391821625,3.05541,-3.31759,2.42592,0
1789391821687,0,1789391821679,3.03907,-3.33563,2.40085,0
1789391821765,0,1789391821752,3.0168,-3.35981,2.36656,0
1789391821824,0,1789391821814,2.99689,-3.37998,2.3377,0
1789391821881,0,1789391821871,2.97878,-3.39736,2.31115,0
1789391821929,0,1789391821920,2.96225,-3.4121,2.28851,0
1789391821978,0,1789391821969,2.9454,-3.42658,2.26598,0
1789391822031,0,1789391822016,2.92828,-3.44057,2.24536,0
1789391822090,0,1789391822078,2.90532,-3.45832,2.21677,0
1789391822140,0,1789391822131,2.88451,-3.47316,2.19365,0
1789391822207,0,1789391822197,2.85809,-3.49086,2.16496,0
1789391822254,0,1789391822243,2.83858,-3.50351,2.14563,0
1789391822303,0,1789391822292,2.81783,-3.51633,2.12404,0
1789391822349,0,1789391822339,2.79791,-3.52787,2.10344,0
1789391822412,0,1789391822404,2.76997,-3.54291,2.07458,0
1789391822493,0,1789391822449,2.75101,-3.54903,2.05498,0.00403812
1789391822514,0,1789391822505,2.72609,-3.56124,2.03044,0
1789391822571,0,1789391822565,2.69898,-3.57371,2.00369,0
1789391822624,0,1789391822614,2.67618,-3.58343,1.98191,0
1789391822677,0,1789391822660,2.65486,-3.59223,1.96149,0
1789391822721,0,1789391822711,2.6304,-3.60189,1.93921,0
1789391822767,0,1789391822757,2.60762,-3.61049,1.91906,0
1789391822834,0,1789391822823,2.57567,-3.62182,1.89033,0
1789391822900,0,1789391822883,2.54664,-3.63124,1.86358,0
1789391822960,0,1789391822949,2.5153,-3.64024,1.83497,0
1789391823017,0,1789391823008,2.48684,-3.64745,1.80902,0
1789391823086,0,1789391823075,2.45508,-3.65444,1.77907,0
1789391823149,0,1789391823134,2.42639,-3.65974,1.75309,0
1789391823199,0,1789391823189,2.40044,-3.66417,1.72843,0
1789391823257,0,1789391823248,2.37273,-3.66813,1.70168,0
1789391823308,0,1789391823300,2.34834,-3.67063,1.67748,0
1789391823353,0,1789391823344,2.32772,-3.67202,1.65827,0
1789391823410,0,1789391823395,2.30394,-3.67359,1.63551,0
1789391823450,0,1789391823440,2.28257,-3.67507,1.61435,0
1789391823501,0,1789391823490,2.25833,-3.67611,1.59128,0
1789391823555,0,1789391823548,2.23226,-3.67562,1.56657,0
1789391823632,0,1789391823615,2.20275,-3.67417,1.53734,0
1789391823674,0,1789391823663,2.18095,-3.67302,1.51646,0
1789391823720,0,1789391823711,2.15964,-3.67144,1.49471,0
1789391823781,0,1789391823771,2.13406,-3.66905,1.46845,0
1789391823838,0,1789391823827,2.11052,-3.66623,1.44382,0
1789391823885,0,1789391823876,2.08991,-3.66367,1.42261,0
1789391823951,0,1789391823940,2.0635,-3.65977,1.39457,0
1789391823997,0,1789391823989,2.04395,-3.65594,1.37393,0
1789391824048,0,1789391824040,2.02423,-3.65109,1.35193,0
1789391824095,0,1789391824084,2.00774,-3.64679,1.33282,0
1789391824150,0,1789391824135,1.98861,-3.64148,1.31038,0
1789391824193,0,1789391824183,1.971,-3.63619,1.28909,0
1789391824246,0,1789391824238,1.95103,-3.62962,1.26501,0
1789391824298,0,1789391824288,1.93265,-3.62316,1.24246,0
1789391824357,0,1789391824349,1.91083,-3.61539,1.2153,0
1789391824401,0,1789391824393,1.89521,-3.60946,1.19625,0
1789391824459,0,1789391824447,1.87593,-3.60119,1.17317,0
1789391824496,0,1789391824489,1.86078,-3.59428,1.15492,0
1789391824551,0,1789391824540,1.84282,-3.58617,1.13189,0
1789391824595,0,1789391824588,1.82595,-3.57823,1.11004,0
1789391824661,0,1789391824654,1.80258,-3.56632,1.0814,0
1789391824718,0,1789391824703,1.78431,-3.5561,1.05951,0
1789391824763,0,1789391824754,1.76558,-3.54511,1.03695,0
1789391824817,0,1789391824808,1.74577,-3.53281,1.01354,0
1789391824876,0,1789391824865,1.72469,-3.51899,0.987997,0
1789391824937,0,1789391824926,1.70126,-3.50239,0.960607,0
1789391824998,0,1789391824979,1.68098,-3.48725,0.936725,0
1789391825029,0,1789391825022,1.66374,-3.47465,0.91729,0
1789391825080,0,1789391825070,1.64512,-3.46043,0.895603,0
1789391825126,0,1789391825117,1.6271,-3.4453,0.875369,0
1789391825176,0,1789391825168,1.6079,-3.42839,0.853024,0
1789391825235,0,1789391825224,1.58691,-3.40908,0.827999,0
1789391825283,0,1789391825275,1.56782,-3.39072,0.805184,0
1789391825337,0,1789391825329,1.54813,-3.37091,0.780465,0
1789391825395,0,1789391825387,1.52747,-3.34889,0.755696,0
1789391825452,0,1789391825435,1.51092,-3.33051,0.734861,0
1789391825494,0,1789391825483,1.49478,-3.31159,0.714378,0
1789391825542,0,1789391825531,1.47923,-3.29271,0.693322,0
1789391825589,0,1789391825581,1.46256,-3.27129,0.670428,0
1789391825640,0,1789391825629,1.44617,-3.24971,0.64979,0
1789391825695,0,1789391825684,1.42846,-3.22505,0.625786,0
1789391825754,0,1789391825744,1.4098,-3.1976,0.599932,0
1789391825834,0,1789391825818,1.38652,-3.16217,0.567762,0
1789391825889,0,1789391825880,1.36752,-3.13109,0.546312,0
1789391825950,0,1789391825940,1.34886,-3.10066,0.52872,0
1789391825998,0,1789391825987,1.33399,-3.07607,0.5188,0
1789391826055,0,1789391826044,1.31653,-3.04641,0.508166,0
1789391826142,0,1789391826093,1.3277,-3.02707,0.515439,0.0268378
1789391826208,0,1789391826197,1.29542,-2.97117,0.502936,0
1789391826258,0,1789391826248,1.27973,-2.94291,0.498142,0
1789391826300,0,1789391826293,1.26675,-2.91797,0.496649,0
1789391826354,0,1789391826344,1.2521,-2.88966,0.495562,0
1789391826400,0,1789391826389,1.23851,-2.86415,0.495409,0
1789391826452,0,1789391826440,1.22309,-2.83522,0.496692,0
1789391826503,0,1789391826494,1.20644,-2.8048,0.497963,0
1789391826559,0,1789391826546,1.19035,-2.77576,0.500696,0
1789391826600,0,1789391826589,1.17711,-2.75164,0.5035,0
1789391826661,0,1789391826651,1.15802,-2.71707,0.508239,0
1789391826729,0,1789391826713,1.13923,-2.68272,0.513689,0
1789391826778,0,1789391826767,1.12307,-2.6527,0.51886,0
1789391826840,0,1789391826833,1.10304,-2.61625,0.524793,0
1789391826899,0,1789391826882,1.0877,-2.58919,0.529519,0
1789391826939,0,1789391826929,1.07294,-2.56336,0.534261,0
1789391826988,0,1789391826980,1.05693,-2.53568,0.539761,0
1789391827032,0,1789391827025,1.04273,-2.51157,0.544277,0
1789391827088,0,1789391827074,1.02638,-2.48542,0.551175,0
1789391827138,0,1789391827130,1.00758,-2.45589,0.558975,0
1789391827190,0,1789391827181,0.990068,-2.42878,0.566322,0
1789391827232,0,1789391827225,0.974742,-2.40545,0.572989,0
1789391827290,0,1789391827279,0.955674,-2.37719,0.581634,0
1789391827356,0,1789391827349,0.930618,-2.34157,0.594859,0
1789391827407,0,1789391827399,0.912445,-2.31577,0.604266,0
1789391827457,0,1789391827445,0.895482,-2.292,0.613545,0
1789391827500,0,1789391827492,0.878253,-2.2682,0.62342,0
1789391827562,0,1789391827554,0.855331,-2.23731,0.637033,0
1789391827615,0,1789391827605,0.836365,-2.21232,0.649253,0
1789391827667,0,1789391827650,0.819411,-2.1904,0.66067,0
1789391827706,0,1789391827698,0.801215,-2.16754,0.675383,0
1789391827764,0,1789391827756,0.778763,-2.14047,0.693888,0
1789391827817,0,1789391827808,0.758593,-2.11709,0.712095,0
1789391827890,0,1789391827873,0.733844,-2.08894,0.737293,0
1789391827933,0,1789391827922,0.714747,-2.06806,0.757173,0
1789391827978,0,1789391827968,0.697973,-2.0506,0.775963,0
1789391828027,0,1789391828018,0.680376,-2.0332,0.796188,0
1789391828089,0,1789391828073,0.660569,-2.01414,0.819836,0
1789391828147,0,1789391828136,0.63811,-1.99361,0.846589,0
1789391828203,0,1789391828192,0.618871,-1.97655,0.870612,0
1789391828252,0,1789391828241,0.602504,-1.96243,0.891957,0
1789391828296,0,1789391828288,0.586755,-1.9494,0.912298,0
1789391828348,0,1789391828337,0.570159,-1.93671,0.932936,0
1789391828391,0,1789391828384,0.554029,-1.92486,0.95151,0
1789391828442,0,1789391828434,0.536683,-1.91266,0.971403,0
1789391828488,0,1789391828481,0.520918,-1.90197,0.988298,0
1789391828561,0,1789391828551,0.498957,-1.8873,1.01634,0
1789391828620,0,1789391828609,0.481557,-1.87639,1.03439,0
1789391828669,0,1789391828657,0.467941,-1.86847,1.04874,0
1789391828723,0,1789391828714,0.452546,-1.85998,1.06515,0
1789391828768,0,1789391828761,0.440724,-1.85353,1.07975,0
1789391828818,0,1789391828809,0.428838,-1.84719,1.09389,0
1789391828873,0,1789391828863,0.41582,-1.84051,1.11238,0
1789391828915,0,1789391828905,0.405814,-1.83571,1.12655,0
1789391828990,0,1789391828973,0.389884,-1.82852,1.14766,0
1789391829048,0,1789391829039,0.374104,-1.82197,1.16914,0
1789391829108,0,1789391829097,0.359558,-1.81639,1.18977,0
1789391829155,0,1789391829144,0.348393,-1.81221,1.20816,0
1789391829203,0,1789391829193,0.336973,-1.80819,1.2267,0
1789391829259,0,1789391829251,0.321811,-1.80285,1.24898,0
1789391829329,0,1789391829318,0.301418,-1.79616,1.27279,0
1789391829388,0,1789391829377,0.284941,-1.79118,1.29384,0
1789391829443,0,1789391829434,0.268885,-1.78684,1.31303,0
1789391829501,0,1789391829491,0.253501,-1.78309,1.33374,0
1789391829557,0,1789391829548,0.237815,-1.77986,1.3598,0
1789391829608,0,1789391829596,0.22417,-1.77725,1.38172,0
1789391829664,0,1789391829652,0.209581,-1.77464,1.40527,0
1789391829710,0,1789391829701,0.19737,-1.77277,1.42557,0
1789391829766,0,1789391829748,0.186009,-1.77128,1.44795,0
1789391829806,0,1789391829797,0.174171,-1.76999,1.47192,0
1789391829858,0,1789391829848,0.162699,-1.76911,1.496,0
1789391829902,0,1789391829892,0.152908,-1.76857,1.51654,0
1789391829962,0,1789391829952,0.140239,-1.76807,1.54325,0
1789391830019,0,1789391830012,0.127663,-1.7679,1.57015,0
1789391830071,0,1789391830062,0.117771,-1.76802,1.59354,0
1789391830135,0,1789391830118,0.105983,-1.76854,1.62093,0
1789391830182,0,1789391830174,0.0944017,-1.7693,1.64767,0
1789391830231,0,1789391830223,0.0829442,-1.77038,1.67105,0
1789391830279,0,1789391830270,0.07197,-1.77156,1.69317,0
1789391830326,0,1789391830318,0.0597349,-1.7731,1.71613,0
1789391830383,0,1789391830374,0.0462546,-1.77516,1.74303,0
1789391830447,0,1789391830435,0.0302034,-1.77824,1.7723,0
1789391830493,0,1789391830483,0.017761,-1.78092,1.79448,0
1789391830542,0,1789391830531,0.00408697,-1.78437,1.81688,0
1789391830589,0,1789391830579,-0.0100965,-1.78826,1.83864,0
1789391830655,0,1789391830627,-0.00118789,-1.78548,1.85926,0.0236006
1789391830686,0,1789391830679,-0.0140717,-1.78931,1.87269,0
1789391830730,0,1789391830723,-0.0242321,-1.7924,1.87884,0
1789391830794,0,1789391830786,-0.0386201,-1.79686,1.88238,0
1789391830839,0,1789391830830,-0.0485671,-1.79994,1.88045,0
1789391830901,0,1789391830893,-0.0627964,-1.80435,1.87314,0
1789391830960,0,1789391830947,-0.0751763,-1.80808,1.86294,0
1789391831010,0,1789391830997,-0.0860482,-1.81127,1.85226,0
1789391831053,0,1789391831043,-0.0959252,-1.81407,1.8434,0
1789391831104,0,1789391831094,-0.107035,-1.81717,1.83359,0
1789391831167,0,1789391831159,-0.119949,-1.8206,1.82203,0
1789391831234,0,1789391831224,-0.132916,-1.82361,1.8141,0
1789391831303,0,1789391831292,-0.147532,-1.82691,1.81257,0
1789391831349,0,1789391831341,-0.156834,-1.82929,1.81809,0
1789391831398,0,1789391831389,-0.16638,-1.83184,1.82825,0
1789391831450,0,1789391831437,-0.174977,-1.83399,1.83932,0
1789391831496,0,1789391831484,-0.183498,-1.83616,1.85114,0
1789391831557,0,1789391831544,-0.194527,-1.83928,1.86853,0
1789391831608,0,1789391831598,-0.206403,-1.84309,1.88669,0
1789391831666,0,1789391831655,-0.218574,-1.84713,1.90749,0
1789391831713,0,1789391831703,-0.228277,-1.85046,1.92621,0
1789391831767,0,1789391831754,-0.238563,-1.85427,1.94716,0
1789391831809,0,1789391831799,-0.247432,-1.85804,1.96784,0
1789391831869,0,1789391831850,-0.255847,-1.86187,1.9911,0
1789391831907,0,1789391831895,-0.263329,-1.86528,2.01021,0
1789391831980,0,1789391831963,-0.275045,-1.87096,2.03798,0
1789391832019,0,1789391832012,-0.28328,-1.8751,2.05529,0
1789391832085,0,1789391832075,-0.294845,-1.88125,2.0774,0
1789391832129,0,1789391832119,-0.303131,-1.88592,2.09264,0
1789391832188,0,1789391832177,-0.313107,-1.89182,2.11178,0
1789391832233,0,1789391832225,-0.321358,-1.89703,2.12465,0
1789391832278,0,1789391832271,-0.330438,-1.90305,2.13565,0
1789391832329,0,1789391832319,-0.339821,-1.90936,2.14836,0
1789391832387,0,1789391832377,-0.350729,-1.91678,2.16846,0
1789391832445,0,1789391832436,-0.3619,-1.92479,2.19473,0
1789391832497,0,1789391832489,-0.373285,-1.93352,2.21938,0
1789391832562,0,1789391832552,-0.387165,-1.94482,2.24822,0
1789391832610,0,1789391832600,-0.398274,-1.95416,2.27021,0
1789391832668,0,1789391832659,-0.411808,-1.96617,2.2973,0
1789391832737,0,1789391832724,-0.426676,-1.98023,2.32644,0
1789391832781,0,1789391832773,-0.438838,-1.99234,2.34835,0
1789391832830,0,1789391832821,-0.45062,-2.00473,2.37005,0
1789391832877,0,1789391832868,-0.462963,-2.0183,2.39139,0
1789391832936,0,1789391832926,-0.477949,-2.03541,2.41806,0
1789391832981,0,1789391832974,-0.49144,-2.05141,2.43976,0
1789391833042,0,1789391833024,-0.505417,-2.06848,2.46235,0
1789391833081,0,1789391833071,-0.519306,-2.08594,2.48385,0
1789391833142,0,1789391833131,-0.536907,-2.10948,2.51236,0
1789391833189,0,1789391833180,-0.551629,-2.13101,2.53441,0
1789391833241,0,1789391833228,-0.565456,-2.15227,2.55706,0
1789391833283,0,1789391833276,-0.579099,-2.17449,2.5796,0
1789391833347,0,1789391833335,-0.595315,-2.20265,2.60546,0
1789391833387,0,1789391833381,-0.608739,-2.22652,2.62238,0
1789391833447,0,1789391833432,-0.623296,-2.25346,2.63884,0
1789391833485,0,1789391833476,-0.635754,-2.27689,2.65044,0
1789391833552,0,1789391833541,-0.653627,-2.31182,2.66543,0
1789391833602,0,1789391833593,-0.667896,-2.33974,2.6749,0
1789391833652,0,1789391833640,-0.680747,-2.36507,2.68255,0
1789391833696,0,1789391833688,-0.693663,-2.39145,2.68948,0
1789391833762,0,1789391833752,-0.710794,-2.4285,2.69801,0
1789391833824,0,1789391833811,-0.726164,-2.46225,2.7059,0
1789391833871,0,1789391833863,-0.73976,-2.49196,2.71315,0
1789391833917,0,1789391833907,-0.75115,-2.51729,2.71951,0
1789391833966,0,1789391833956,-0.763245,-2.5449,2.7257,0
1789391834016,0,1789391834004,-0.774939,-2.57201,2.73139,0
1789391834066,0,1789391834057,-0.788489,-2.60268,2.73653,0
1789391834130,0,1789391834122,-0.805045,-2.6405,2.74109,0
1789391834181,0,1789391834172,-0.817671,-2.67023,2.74137,0
1789391834228,0,1789391834218,-0.829244,-2.69767,2.73964,0
1789391834278,0,1789391834267,-0.841383,-2.72656,2.73605,0
1789391834325,0,1789391834314,-0.853029,-2.75404,2.73083,0
1789391834389,0,1789391834374,-0.867411,-2.78858,2.72221,0
1789391834428,0,1789391834420,-0.878004,-2.81466,2.71472,0
1789391834480,0,1789391834469,-0.889552,-2.84227,2.70564,0
1789391834536,0,1789391834526,-0.904644,-2.87409,2.69252,0
1789391834609,0,1789391834590,-0.922194,-2.90997,2.67927,0
1789391834644,0,1789391834637,-0.934948,-2.93702,2.67026,0
1789391834698,0,1789391834688,-0.949409,-2.96675,2.66185,0
1789391834742,0,1789391834733,-0.962725,-2.99157,2.65458,0
1789391834796,0,1789391834782,-0.977275,-3.01829,2.64927,0
1789391834838,0,1789391834829,-0.991334,-3.04364,2.64468,0
1789391834891,0,1789391834881,-1.00722,-3.07196,2.6409,0
1789391834944,0,1789391834934,-1.02359,-3.1005,2.63692,0
1789391835025,0,1789391834990,-1.036,-3.15046,2.63855,0.0199326
1789391835048,0,1789391835040,-1.05115,-3.17749,2.63332,0
1789391835099,0,1789391835090,-1.06576,-3.20484,2.62703,0
1789391835149,0,1789391835139,-1.08012,-3.23106,2.61666,0
1789391835208,0,1789391835197,-1.0982,-3.26162,2.59931,0
1789391835270,0,1789391835260,-1.11847,-3.29411,2.57478,0
1789391835327,0,1789391835312,-1.13547,-3.3191,2.55364,0
1789391835365,0,1789391835356,-1.14987,-3.33936,2.53623,0
1789391835418,0,1789391835411,-1.16771,-3.36365,2.51279,0
1789391835459,0,1789391835452,-1.18154,-3.38179,2.49552,0
1789391835519,0,1789391835508,-1.19989,-3.40493,2.47153,0
1789391835580,0,1789391835570,-1.22009,-3.42902,2.44558,0
1789391835645,0,1789391835635,-1.24143,-3.45341,2.4179,0
1789391835694,0,1789391835685,-1.2584,-3.47194,2.39638,0
1789391835764,0,1789391835753,-1.28214,-3.49671,2.36774,0
1789391835819,0,1789391835810,-1.30309,-3.51756,2.34413,0
1789391835866,0,1789391835858,-1.32099,-3.53459,2.32338,0
1789391835914,0,1789391835906,-1.33924,-3.55068,2.30244,0
1789391835974,0,1789391835957,-1.35954,-3.56783,2.28109,0
1789391836021,0,1789391836011,-1.38204,-3.58602,2.25858,0
1789391836080,0,1789391836072,-1.40755,-3.60563,2.23316,0
1789391836126,0,1789391836116,-1.42662,-3.62035,2.21368,0
1789391836184,0,1789391836166,-1.44844,-3.6366,2.19303,0
1789391836221,0,1789391836212,-1.46939,-3.65147,2.17286,0
1789391836272,0,1789391836265,-1.49458,-3.66841,2.14996,0
1789391836343,0,1789391836333,-1.52751,-3.68896,2.12036,0
1789391836395,0,1789391836382,-1.55188,-3.70285,2.09998,0
1789391836438,0,1789391836429,-1.57574,-3.71587,2.08245,0
1789391836491,0,1789391836481,-1.60385,-3.73034,2.0633,0
1789391836535,0,1789391836525,-1.62755,-3.74211,2.04844,0
1789391836605,0,1789391836587,-1.66154,-3.75856,2.02679,0
1789391836648,0,1789391836639,-1.68997,-3.77163,2.00915,0
1789391836696,0,1789391836688,-1.71725,-3.78343,1.99248,0
1789391836745,0,1789391836736,-1.74403,-3.79459,1.9782,0
1789391836803,0,1789391836790,-1.77381,-3.80668,1.95934,0
1789391836841,0,1789391836832,-1.79742,-3.81589,1.94424,0
1789391836903,0,1789391836894,-1.83281,-3.8291,1.92214,0
1789391836942,0,1789391836936,-1.85723,-3.83776,1.90804,0
1789391837009,0,1789391836990,-1.8883,-3.84824,1.88715,0
1789391837055,0,1789391837048,-1.92118,-3.85834,1.86392,0
1789391837122,0,1789391837112,-1.9579,-3.86861,1.83766,0
1789391837179,0,1789391837167,-1.98934,-3.87622,1.8155,0
1789391837244,0,1789391837235,-2.02806,-3.88477,1.78976,0
1789391837292,0,1789391837284,-2.05629,-3.89112,1.77293,0
1789391837356,0,1789391837345,-2.09184,-3.89843,1.75241,0
1789391837395,0,1789391837388,-2.11769,-3.90309,1.73799,0
1789391837450,0,1789391837441,-2.1495,-3.90828,1.72068,0
1789391837509,0,1789391837502,-2.18613,-3.91354,1.69988,0
1789391837561,0,1789391837551,-2.21598,-3.91724,1.68589,0
1789391837610,0,1789391837597,-2.24398,-3.92041,1.67289,0
1789391837676,0,1789391837665,-2.28495,-3.92419,1.65364,0
1789391837734,0,1789391837723,-2.32023,-3.927,1.63825,0
1789391837779,0,1789391837772,-2.35031,-3.92889,1.62463,0
1789391837830,0,1789391837819,-2.37923,-3.93022,1.61185,0
1789391837881,0,1789391837871,-2.41181,-3.93095,1.59857,0
1789391837936,0,1789391837925,-2.44542,-3.93152,1.58576,0
1789391837984,0,1789391837973,-2.47482,-3.93264,1.57105,0
1789391838039,0,1789391838031,-2.51072,-3.93331,1.55444,0
1789391838091,0,1789391838080,-2.54063,-3.93279,1.538,0
1789391838143,0,1789391838127,-2.56902,-3.93184,1.52205,0
1789391838188,0,1789391838179,-2.60085,-3.92979,1.50391,0
1789391838234,0,1789391838224,-2.62869,-3.92743,1.48858,0
1789391838308,0,1789391838293,-2.67022,-3.92325,1.46716,0
1789391838358,0,1789391838351,-2.70455,-3.91909,1.44886,0
1789391838447,0,1789391838398,-2.68633,-3.92546,1.46956,0.113809
1789391838506,0,1789391838495,-2.67215,-3.93353,1.42751,0
1789391838551,0,1789391838543,-2.68728,-3.93116,1.40642,0
1789391838613,0,1789391838603,-2.70846,-3.92734,1.38001,0
1789391838656,0,1789391838647,-2.72359,-3.92433,1.36057,0
1789391838710,0,1789391838698,-2.73956,-3.92082,1.33948,0
1789391838766,0,1789391838752,-2.75466,-3.91695,1.31715,0
1789391838815,0,1789391838806,-2.77104,-3.91234,1.29515,0
1789391838876,0,1789391838868,-2.78738,-3.90719,1.26979,0
1789391838934,0,1789391838926,-2.80127,-3.90236,1.24667,0
1789391838984,0,1789391838973,-2.81199,-3.89857,1.23321,0
1789391839041,0,1789391839030,-2.82376,-3.89425,1.21736,0
1789391839098,0,1789391839089,-2.8355,-3.88974,1.20514,0
1789391839165,0,1789391839156,-2.84748,-3.8849,1.193,0
1789391839232,0,1789391839216,-2.85784,-3.88059,1.18277,0
1789391839292,0,1789391839281,-2.86854,-3.87605,1.17489,0
1789391839351,0,1789391839340,-2.87828,-3.8719,1.16997,0
1789391839416,0,1789391839406,-2.88874,-3.86759,1.16306,0
1789391839476,0,1789391839465,-2.89832,-3.86355,1.15666,0
1789391839542,0,1789391839530,-2.9099,-3.85857,1.1495,0
1789391839597,0,1789391839588,-2.92164,-3.85335,1.1428,0
1789391839662,0,1789391839654,-2.93255,-3.84849,1.13394,0
1789391839721,0,1789391839714,-2.94066,-3.84481,1.12745,0
1789391839788,0,1789391839776,-2.95034,-3.84027,1.12082,0
1789391839854,0,1789391839846,-2.9605,-3.83531,1.11255,0
1789391839906,0,1789391839896,-2.96686,-3.83222,1.10673,0
1789391839951,0,1789391839942,-2.97302,-3.82923,1.10217,0
1789391840008,0,1789391839998,-2.97922,-3.82621,1.0971,0
1789391840056,0,1789391840047,-2.9843,-3.82363,1.09198,0
1789391840104,0,1789391840096,-2.98922,-3.82111,1.08702,0
1789391840149,0,1789391840143,-2.99371,-3.81877,1.08333,0
1789391840204,0,1789391840192,-2.9984,-3.81629,1.07859,0
1789391840249,0,1789391840239,-3.00277,-3.81393,1.07255,0
1789391840383,0,1789391840308,-3.04051,-3.81428,1.07608,0.0315258
1789391840416,0,1789391840405,-3.04904,-3.80956,1.06702,0
1789391840461,0,1789391840452,-3.05385,-3.80678,1.06256,0
1789391840526,0,1789391840515,-3.06186,-3.80209,1.05587,0
1789391840564,0,1789391840557,-3.06675,-3.79923,1.0517,0
1789391840618,0,1789391840607,-3.07347,-3.79527,1.04612,0
1789391840669,0,1789391840661,-3.08072,-3.79098,1.0398,0
1789391840729,0,1789391840717,-3.09048,-3.7852,1.03359,0
1789391840775,0,1789391840766,-3.09887,-3.78016,1.02808,0
1789391840825,0,1789391840816,-3.10927,-3.77375,1.02081,0
1789391840871,0,1789391840862,-3.11833,-3.76805,1.01321,0
1789391840923,0,1789391840912,-3.12923,-3.76108,1.00267,0
1789391840977,0,1789391840967,-3.14102,-3.7533,0.988207,0
1789391841025,0,1789391841016,-3.15156,-3.74621,0.971797,0
1789391841072,0,1789391841064,-3.16198,-3.73893,0.955096,0
1789391841133,0,1789391841125,-3.17484,-3.72962,0.933105,0
1789391841179,0,1789391841170,-3.18446,-3.72231,0.914501,0
1789391841227,0,1789391841220,-3.19481,-3.71418,0.894658,0
1789391841277,0,1789391841266,-3.20429,-3.70641,0.875425,0
1789391841333,0,1789391841323,-3.21566,-3.69668,0.851849,0
1789391841399,0,1789391841389,-3.22849,-3.68498,0.824529,0
1789391841459,0,1789391841450,-3.24015,-3.67382,0.799892,0
1789391841506,0,1789391841497,-3.24867,-3.66526,0.781236,0
1789391841562,0,1789391841553,-3.25865,-3.65476,0.758394,0
1789391841609,0,1789391841601,-3.26716,-3.64516,0.738456,0
1789391841662,0,1789391841652,-3.27634,-3.63438,0.717036,0
1789391841716,0,1789391841706,-3.28576,-3.62339,0.694332,0
1789391841767,0,1789391841756,-3.29454,-3.61273,0.672231,0
1789391841822,0,1789391841813,-3.30417,-3.60017,0.646607,0
1789391841891,0,1789391841882,-3.31569,-3.58405,0.611838,0
1789391841950,0,1789391841943,-3.32555,-3.5693,0.585404,0
1789391842005,0,1789391841994,-3.33427,-3.55566,0.563026,0
1789391842060,0,1789391842049,-3.34323,-3.54115,0.537943,0
1789391842118,0,1789391842107,-3.35311,-3.52415,0.511199,0
1789391842166,0,1789391842155,-3.36094,-3.51005,0.489043,0
1789391842217,0,1789391842207,-3.36866,-3.4948,0.463928,0
1789391842259,0,1789391842251,-3.37488,-3.48197,0.441723,0
1789391842314,0,1789391842304,-3.3822,-3.46589,0.413908,0
1789391842355,0,1789391842347,-3.38814,-3.45245,0.39195,0
1789391842426,0,1789391842413,-3.39637,-3.4318,0.359881,0
1789391842483,0,1789391842473,-3.40285,-3.41379,0.329762,0
1789391842545,0,1789391842534,-3.40827,-3.39687,0.29989,0
1789391842599,0,1789391842590,-3.4128,-3.3807,0.27318,0
1789391842669,0,1789391842651,-3.4179,-3.36157,0.245816,0
1789391842707,0,1789391842698,-3.42201,-3.34515,0.224057,0
1789391842765,0,1789391842747,-3.42587,-3.32822,0.200484,0
1789391842801,0,1789391842795,-3.42928,-3.31087,0.17856,0
1789391842860,0,1789391842853,-3.43268,-3.29101,0.151569,0
1789391842912,0,1789391842901,-3.43523,-3.27263,0.128626,0
1789391842982,0,1789391842974,-3.43829,-3.24656,0.0926726,0
1789391843033,0,1789391843022,-3.43962,-3.22589,0.0698463,0
1789391843077,0,1789391843070,-3.44049,-3.20516,0.0478037,0
1789391843127,0,1789391843119,-3.44093,-3.18241,0.0246254,0
1789391843184,0,1789391843176,-3.44073,-3.15469,-0.00174401,0
1789391843246,0,1789391843235,-3.4398,-3.12521,-0.0275874,0
1789391843293,0,1789391843284,-3.43848,-3.1,-0.0458533,0
1789391843341,0,1789391843331,-3.43731,-3.07673,-0.0591788,0
1789391843392,0,1789391843381,-3.43591,-3.05153,-0.0703476,0
1789391843437,0,1789391843427,-3.43451,-3.03025,-0.0790403,0
1789391843501,0,1789391843487,-3.43227,-3.00508,-0.0901511,0
1789391843570,0,1789391843559,-3.42957,-2.97826,-0.104137,0
1789391843619,0,1789391843607,-3.42738,-2.95864,-0.114826,0
1789391843661,0,1789391843654,-3.4248,-2.93754,-0.12565,0
1789391843731,0,1789391843723,-3.42141,-2.91082,-0.143114,0
1789391843795,0,1789391843779,-3.41831,-2.88895,-0.157204,0
1789391843838,0,1789391843828,-3.41507,-2.86934,-0.169823,0
1789391843886,0,1789391843875,-3.41163,-2.85027,-0.18221,0
1789391843943,0,1789391843933,-3.40688,-2.82649,-0.197665,0
1789391843990,0,1789391843982,-3.40207,-2.8044,-0.210121,0
1789391844069,0,1789391844051,-3.39508,-2.77471,-0.227703,0
1789391844119,0,1789391844109,-3.3882,-2.74783,-0.242267,0
1789391844168,0,1789391844158,-3.38194,-2.72475,-0.255437,0
1789391844213,0,1789391844204,-3.37513,-2.70096,-0.266762,0
1789391844269,0,1789391844253,-3.36774,-2.67578,-0.279374,0
1789391844309,0,1789391844301,-3.36043,-2.64977,-0.291587,0
1789391844370,0,1789391844360,-3.35104,-2.6181,-0.305911,0
1789391844430,0,1789391844422,-3.33984,-2.58483,-0.320248,0
1789391844484,0,1789391844471,-3.33036,-2.55787,-0.330064,0
1789391844539,0,1789391844530,-3.31891,-2.52402,-0.340596,0
1789391844605,0,1789391844593,-3.3064,-2.48752,-0.34939,0
1789391844649,0,1789391844636,-3.29755,-2.46246,-0.354249,0
1789391844696,0,1789391844688,-3.28636,-2.43161,-0.360808,0
1789391844742,0,1789391844732,-3.27678,-2.40589,-0.367105,0
1789391844818,0,1789391844801,-3.26153,-2.36638,-0.376614,0
1789391844859,0,1789391844850,-3.25039,-2.33812,-0.383255,0
1789391844947,0,1789391844902,-3.24365,-2.33419,-0.384389,0.0261343
1789391845013,0,1789391845004,-3.22031,-2.27542,-0.394476,0
1789391845067,0,1789391845053,-3.20897,-2.24695,-0.39795,0
1789391845120,0,1789391845110,-3.19549,-2.21419,-0.401803,0
1789391845166,0,1789391845159,-3.18367,-2.18573,-0.402505,0
1789391845220,0,1789391845208,-3.17167,-2.15717,-0.400509,0
1789391845266,0,1789391845255,-3.16027,-2.12979,-0.396225,0
1789391845314,0,1789391845306,-3.14789,-2.10043,-0.390931,0
1789391845359,0,1789391845351,-3.13707,-2.07453,-0.384931,0
1789391845422,0,1789391845412,-3.12243,-2.03956,-0.375128,0
1789391845480,0,1789391845470,-3.10861,-2.00633,-0.366532,0
1789391845529,0,1789391845520,-3.09709,-1.97729,-0.359332,0
1789391845574,0,1789391845565,-3.08736,-1.95063,-0.351652,0
1789391845626,0,1789391845618,-3.0762,-1.9194,-0.342389,0
1789391845672,0,1789391845662,-3.06688,-1.89351,-0.334282,0
1789391845734,0,1789391845723,-3.05435,-1.85784,-0.32578,0
1789391845789,0,1789391845780,-3.04284,-1.82515,-0.319498,0
1789391845860,0,1789391845847,-3.02932,-1.78576,-0.312464,0
1789391845920,0,1789391845892,-3.02747,-1.77543,-0.304452,0.0173084
1789391845948,0,1789391845940,-3.01834,-1.74673,-0.300036,0
1789391846036,0,1789391845988,-3.01479,-1.7239,-0.292871,0.00850835
1789391846076,0,1789391846059,-3.00206,-1.67984,-0.286383,0
1789391846115,0,1789391846107,-2.99369,-1.65075,-0.281655,0
1789391846190,0,1789391846159,-2.98876,-1.61984,-0.277817,0.00391985
1789391846213,0,1789391846203,-2.98116,-1.59351,-0.272283,0
1789391846291,0,1789391846255,-2.97626,-1.55378,-0.262704,0.00960831
1789391846313,0,1789391846302,-2.96854,-1.52566,-0.254451,0
1789391846377,0,1789391846367,-2.95931,-1.48673,-0.242293,0
1789391846429,0,1789391846415,-2.95279,-1.4579,-0.232478,0
1789391846487,0,1789391846476,-2.94501,-1.42095,-0.216561,0
1789391846532,0,1789391846521,-2.93972,-1.3939,-0.203109,0
1789391846581,0,1789391846572,-2.93368,-1.36352,-0.186459,0
1789391846654,0,1789391846617,-2.9215,-1.33302,-0.16021,0.00827758
1789391846676,0,1789391846667,-2.91734,-1.30343,-0.141555,0
1789391846724,0,1789391846713,-2.91411,-1.27579,-0.123852,0
1789391846777,0,1789391846765,-2.91074,-1.24432,-0.103462,0
1789391846850,0,1789391846835,-2.90707,-1.20186,-0.0775445,0
1789391846901,0,1789391846889,-2.90465,-1.16915,-0.0577932,0
1789391846948,0,1789391846938,-2.9028,-1.13968,-0.0419738,0
1789391847033,0,1789391846990,-2.90422,-1.11043,-0.0315617,0.00323838
1789391847047,0,1789391847034,-2.90412,-1.08376,-0.0187036,0
1789391847093,0,1789391847084,-2.90437,-1.05331,-0.00497365,0
1789391847161,0,1789391847131,-2.90075,-1.01642,0.0066586,0.00912797
1789391847225,0,1789391847182,-2.89891,-0.97592,0.021031,0.00951545
1789391847245,0,1789391847236,-2.89992,-0.942791,0.0339414,0
1789391847304,0,1789391847292,-2.90134,-0.908521,0.0472886,0
1789391847365,0,1789391847354,-2.90329,-0.870568,0.0622247,0
1789391847443,0,1789391847404,-2.90332,-0.848923,0.078526,0.00962801
1789391847485,0,1789391847451,-2.91602,-0.822677,0.082126,0.0107231
1789391847510,0,1789391847501,-2.91873,-0.791098,0.090757,0
1789391847624,0,1789391847555,-2.92297,-0.767507,0.100893,0.0104554
1789391847687,0,1789391847614,-2.92554,-0.724199,0.109296,0.00593826
1789391847743,0,1789391847734,-2.93409,-0.649296,0.121805,0
1789391847794,0,1789391847780,-2.9378,-0.620843,0.125178,0
1789391847836,0,1789391847828,-2.94149,-0.591034,0.128168,0
1789391847883,0,1789391847876,-2.94527,-0.561083,0.130462,0
1789391847945,0,1789391847935,-2.95037,-0.523581,0.133218,0
1789391847999,0,1789391847983,-2.95469,-0.492709,0.13476,0
1789391848046,0,1789391848038,-2.95958,-0.457821,0.136389,0
1789391848115,0,1789391848106,-2.96554,-0.415532,0.137958,0
1789391848188,0,1789391848171,-2.97132,-0.375531,0.138079,0
1789391848240,0,1789391848231,-2.97674,-0.339263,0.137831,0
1789391848302,0,1789391848295,-2.98242,-0.300255,0.137949,0
1789391848364,0,1789391848353,-2.98735,-0.263984,0.136484,0
1789391848414,0,1789391848404,-2.99174,-0.232072,0.135292,0
1789391848458,0,1789391848449,-2.99579,-0.204228,0.135007,0
1789391848509,0,1789391848498,-3.00021,-0.173696,0.13446,0
1789391848571,0,1789391848554,-3.00486,-0.138222,0.133771,0
1789391848627,0,1789391848617,-3.01001,-0.0982865,0.132997,0
1789391848672,0,1789391848663,-3.01387,-0.0695588,0.132213,0
1789391848720,0,1789391848710,-3.0178,-0.0401487,0.130616,0
1789391848774,0,1789391848759,-3.02185,-0.00951863,0.129775,0
1789391848823,0,1789391848815,-3.02636,0.0248966,0.128072,0
1789391848870,0,1789391848863,-3.03008,0.0546774,0.127471,0
1789391848929,0,1789391848919,-3.0343,0.0896806,0.127027,0
1789391848984,0,1789391848968,-3.03805,0.120214,0.127207,0
1789391849038,0,1789391849031,-3.04304,0.159876,0.12661,0
1789391849090,0,1789391849083,-3.04709,0.192332,0.126063,0
1789391849143,0,1789391849131,-3.05077,0.222492,0.125407,0
1789391849223,0,1789391849179,-3.05443,0.252642,0.124742,2.98023e-08
1789391849281,0,1789391849239,-3.06124,0.273957,0.128481,0.0166194
1789391849303,0,1789391849287,-3.0676,0.299024,0.13235,0.00587395
1789391849383,0,1789391849338,-3.0707,0.348564,0.130867,0.0175987
1789391849443,0,1789391849393,-3.07612,0.377619,0.130036,0.0051328
1789391849520,0,1789391849444,-3.08002,0.40884,0.129204,0.000927397
1789391849572,0,1789391849489,-3.08551,0.449042,0.127091,0.0121531
1789391849611,0,1789391849584,-3.09168,0.482946,0.12851,0.0243029
1789391849679,0,1789391849642,-3.09976,0.516682,0.12728,0.00393747
1789391849722,0,1789391849691,-3.10354,0.561789,0.123204,0.0158978
1789391849794,0,1789391849757,-3.10667,0.591266,0.118254,0.00860704
1789391849853,0,1789391849814,-3.10979,0.621921,0.109799,0.000310758
1789391849918,0,1789391849867,-3.1133,0.657577,0.0984585,0.0116756
1789391849941,0,1789391849910,-3.11431,0.660809,0.0958078,0.0117117
1789391849995,0,1789391849961,-3.11811,0.683454,0.088683,0.00803386
1789391850070,0,1789391850007,-3.119,0.704279,0.0795032,0.0118036
1789391850093,0,1789391850057,-3.12903,0.715885,0.0725749,0.0112724
1789391850137,0,1789391850111,-3.13008,0.727555,0.0624925,0.00692469
1789391850207,0,1789391850183,-3.13067,0.733237,0.0520277,1.15731e-06
1789391850303,0,1789391850240,-3.13088,0.739832,0.0444226,0.00123166
1789391850346,0,1789391850289,-3.13103,0.742584,0.0383225,0
1789391850406,0,1789391850337,-3.13168,0.794386,0.0186528,0.0617566
1789391850463,0,1789391850385,-3.1281,0.797134,0.0197777,0.0143301
1789391850515,0,1789391850433,-3.13895,0.791492,0.0225653,0.0145774
1789391850538,0,1789391850491,-3.14889,0.782856,0.0306247,0.0153411
1789391850579,0,1789391850547,-3.14957,0.78609,0.0431555,0.00103
1789391850629,0,1789391850604,-3.14959,0.78815,0.059959,0
1789391850678,0,1789391850653,-3.14962,0.790018,0.0764008,0
1789391850734,0,1789391850702,-3.14105,0.794861,0.093641,0.00938942
1789391850792,0,1789391850749,-3.14117,0.796203,0.112636,0.000142237
1789391850827,0,1789391850798,-3.14131,0.797204,0.134897,0
1789391850879,0,1789391850854,-3.1414,0.79779,0.161459,0
1789391850945,0,1789391850904,-3.14738,0.812162,0.197587,0.0150053
1789391850986,0,1789391850949,-3.14762,0.808068,0.199651,0.00427051
1789391851034,0,1789391851006,-3.14971,0.813725,0.225087,0.00588611
1789391851092,0,1789391851065,-3.1469,0.822683,0.250002,0.00941439
1789391851159,0,1789391851124,-3.15113,0.810174,0.278788,0.013175
1789391851199,0,1789391851171,-3.14822,0.816459,0.30206,0.00694607
1789391851252,0,1789391851219,-3.13717,0.827358,0.326322,0.0155417
1789391851314,0,1789391851267,-3.15013,0.815579,0.423661,0.0174762
1789391851358,0,1789391851326,-3.14378,0.827549,0.370682,0.0136
1789391851397,0,1789391851371,-3.12911,0.832567,0.390305,0.0154962
1789391851454,0,1789391851420,-3.12871,0.83274,0.408694,0.000428212
1789391851512,0,1789391851479,-3.1287,0.832735,0.431385,0
1789391851568,0,1789391851540,-3.12969,0.832299,0.459933,0.00108063
1789391851608,0,1789391851584,-3.12641,0.837601,0.484371,0.00623203
1789391851701,0,1789391851635,-3.14355,0.829347,0.532812,0.0190685
1789391851722,0,1789391851692,-3.13726,0.832117,0.538218,0.00681387
1789391851785,0,1789391851756,-3.1338,0.842344,0.560886,0.0107296
1789391851859,0,1789391851815,-3.13393,0.841674,0.5922,0.000729067
1789391851908,0,1789391851872,-3.13493,0.841338,0.618667,0.00100916
1789391851956,0,1789391851920,-3.13184,0.840097,0.639261,0.00335941
1789391852019,0,1789391851970,-3.14036,0.833859,0.702698,0.0105702
1789391852057,0,1789391852015,-3.12122,0.840289,0.671086,0.0201848
1789391852087,0,1789391852065,-3.10843,0.846154,0.697182,0.0140281
1789391852155,0,1789391852125,-3.10642,0.84696,0.725808,0.00212352
1789391852223,0,1789391852194,-3.11819,0.843311,0.757498,0.012318
1789391852285,0,1789391852254,-3.11823,0.843339,0.786136,0
1789391852355,0,1789391852317,-3.12096,0.837129,0.825825,0.00676999
1789391852418,0,1789391852376,-3.13427,0.85177,0.834495,0.0197958
1789391852462,0,1789391852439,-3.13428,0.851741,0.865393,1.57361e-06
1789391852494,0,1789391852484,-3.11694,0.842881,0.882027,0.019473
1789391852583,0,1789391852546,-3.11713,0.842776,0.911659,0.000266436
1789391852622,0,1789391852591,-3.11632,0.848661,0.931937,0.00585999
1789391852651,0,1789391852639,-3.11029,0.85044,0.955084,0.00616596
1789391852730,0,1789391852688,-3.11378,0.838593,1.00118,0.0123225
1789391852788,0,1789391852745,-3.11689,0.835636,1.00822,0.00422426
1789391852838,0,1789391852804,-3.11681,0.839278,1.03284,0.00363408
1789391852900,0,1789391852871,-3.11874,0.843688,1.05879,0.00479796
1789391852986,0,1789391852929,-3.11987,0.843547,1.08543,0.00114063
1789391853034,0,1789391852999,-3.12736,0.844244,1.11418,0.00751886
1789391853123,0,1789391853058,-3.11415,0.834424,1.14617,0.0164332
1789391853149,0,1789391853112,-3.13477,0.842139,1.16386,0.0220585
1789391853183,0,1789391853154,-3.12466,0.845595,1.17646,0.0106357
1789391853234,0,1789391853203,-3.11628,0.850383,1.20012,0.00964966
1789391853328,0,1789391853259,-3.11593,0.849257,1.22666,0.0011239
1789391853349,0,1789391853314,-3.11857,0.841461,1.25411,0.00827238
1789391853392,0,1789391853373,-3.11583,0.842261,1.28083,0.00282768
1789391853460,0,1789391853422,-3.14235,0.817823,1.33554,0.0360142
1789391853504,0,1789391853469,-3.13338,0.827727,1.33833,0.0134032
1789391853551,0,1789391853518,-3.11925,0.839884,1.3507,0.0186792
1789391853604,0,1789391853566,-3.11432,0.845017,1.37176,0.00715403
1789391853649,0,1789391853625,-3.11438,0.845059,1.39931,0
1789391853706,0,1789391853670,-3.11597,0.840217,1.42358,0.00512164
1789391853746,0,1789391853721,-3.11196,0.845108,1.44802,0.00624955
1789391853799,0,1789391853766,-3.13183,0.830836,1.50823,0.0245403
1789391853853,0,1789391853821,-3.11599,0.845292,1.49098,0.0213422
1789391853918,0,1789391853872,-3.10244,0.847826,1.51652,0.0137524
1789391853997,0,1789391853935,-3.10147,0.85117,1.54466,0.00346232
1789391854025,0,1789391853990,-3.1028,0.849158,1.5707,0.00238991
1789391854136,0,1789391854044,-3.10692,0.8506,1.59574,0.00437455
1789391854162,0,1789391854086,-3.1006,0.848061,1.61748,0.00680313
1789391854200,0,1789391854138,-3.13754,0.839145,1.6758,0.038011
1789391854228,0,1789391854191,-3.10916,0.844538,1.66109,0.0288865
1789391854267,0,1789391854241,-3.10132,0.847145,1.68551,0.00826796
1789391854330,0,1789391854295,-3.09397,0.847609,1.71239,0.00739303
1789391854403,0,1789391854356,-3.09303,0.853101,1.73751,0.00560235
1789391854443,0,1789391854401,-3.08927,0.860025,1.75912,0.00789917
1789391854489,0,1789391854458,-3.0896,0.855744,1.78763,0.00429295
1789391854555,0,1789391854506,-3.13146,0.832175,1.85231,0.051387
1789391854584,0,1789391854554,-3.10424,0.845316,1.82924,0.0336635
1789391854640,0,1789391854612,-3.09618,0.850776,1.85603,0.00980518
1789391854701,0,1789391854661,-3.09506,0.85109,1.87705,0.00115933
1789391854749,0,1789391854719,-3.09494,0.851061,1.90154,0.00011507
1789391854804,0,1789391854770,-3.0909,0.850099,1.92807,0.00412534
1789391854846,0,1789391854815,-3.08858,0.852884,1.95435,0.00363924
1789391854903,0,1789391854867,-3.12226,0.827097,2.00923,0.042427
1789391854943,0,1789391854912,-3.0869,0.850033,1.99516,0.0421316
1789391855047,0,1789391854980,-3.09133,0.851268,2.02507,0.0046833
1789391855127,0,1789391855038,-3.09139,0.854729,2.04999,0.00351067
1789391855193,0,1789391855152,-3.09788,0.852632,2.09924,0.00354387
1789391855227,0,1789391855201,-3.09793,0.852569,2.12121,0
1789391855314,0,1789391855248,-3.09083,0.845981,2.15805,0.0096492
1789391855363,0,1789391855298,-3.11186,0.856199,2.1714,0.0233749
1789391855420,0,1789391855344,-3.09575,0.850577,2.18582,0.017124
1789391855486,0,1789391855403,-3.09647,0.850962,2.2115,0.000726659
1789391855516,0,1789391855452,-3.09518,0.848233,2.23399,0.00303937
1789391855536,0,1789391855506,-3.09201,0.850913,2.25802,0.00420382
1789391855583,0,1789391855548,-3.09201,0.850943,2.27636,0
1789391855653,0,1789391855600,-3.09685,0.84077,2.32232,0.011298
1789391855700,0,1789391855654,-3.11305,0.851846,2.32667,0.0195836
1789391855747,0,1789391855704,-3.11264,0.851789,2.34615,0.000459618
1789391855807,0,1789391855761,-3.10137,0.84913,2.36747,0.0116115
1789391855855,0,1789391855831,-3.10139,0.849042,2.39598,0
1789391855907,0,1789391855880,-3.10173,0.849316,2.41571,0.00046354
1789391855980,0,1789391855942,-3.10274,0.84922,2.44132,0.000969998
1789391856014,0,1789391855984,-3.11352,0.845485,2.52172,0.011378
1789391856082,0,1789391856031,-3.13105,0.840752,2.46606,0.0181879
1789391856142,0,1789391856090,-3.10686,0.84829,2.49282,0.0253192
1789391856189,0,1789391856144,-3.10678,0.848379,2.50968,0.000120409
1789391856225,0,1789391856186,-3.11027,0.845196,2.52996,0.0047264
1789391856282,0,1789391856243,-3.10529,0.847826,2.55231,0.00560131
1789391856357,0,1789391856306,-3.10524,0.847823,2.577,0
1789391856409,0,1789391856365,-3.10524,0.847888,2.59953,0
1789391856497,0,1789391856410,-3.13038,0.832544,2.64852,0.0294773
1789391856574,0,1789391856458,-3.12982,0.827058,2.65291,0.00555668
1789391856641,0,1789391856507,-3.13193,0.837754,2.65481,0.0108892
1789391856699,0,1789391856674,-3.13065,0.843999,2.71215,0.0063183
1789391856762,0,1789391856723,-3.12831,0.843248,2.72978,0.0024501
1789391856804,0,1789391856770,-3.11984,0.841241,2.74701,0.00869389
1789391856843,0,1789391856818,-3.11985,0.841219,2.76128,0
1789391856927,0,1789391856878,-3.12538,0.829755,2.80962,0.0126995
1789391856967,0,1789391856922,-3.12873,0.834894,2.79623,0.00617556
1789391857018,0,1789391856972,-3.11931,0.839294,2.80829,0.010463
1789391857061,0,1789391857028,-3.11961,0.839308,2.82362,0.000265454
1789391857112,0,1789391857076,-3.11955,0.840607,2.83703,0.00131601
1789391857164,0,1789391857135,-3.11954,0.840624,2.85198,0
1789391857217,0,1789391857183,-3.11943,0.840713,2.86447,6.81949e-05
1789391857259,0,1789391857231,-3.11823,0.84082,2.87714,0.00116365
1789391857318,0,1789391857290,-3.11463,0.84133,2.89138,0.0036267
1789391857367,0,1789391857336,-3.11399,0.841356,2.90268,0.000646602
1789391857398,0,1789391857384,-3.11781,0.840153,2.91691,0.00395252
1789391857482,0,1789391857431,-3.11634,0.841841,2.92696,0.00231682
1789391857532,0,1789391857489,-3.11023,0.830213,2.9508,0.013222
1789391857577,0,1789391857538,-3.11927,0.835973,2.95547,0.0106364
1789391857622,0,1789391857586,-3.12347,0.840877,2.96326,0.00648527
1789391857707,0,1789391857642,-3.12345,0.840744,2.97424,8.95408e-05
1789391857749,0,1789391857692,-3.12448,0.840501,2.98319,0.00108277
1789391857790,0,1789391857749,-3.12433,0.83984,2.99332,0.000640729
1789391857838,0,1789391857804,-3.12525,0.840913,3.00372,0.00143444
1789391857887,0,1789391857854,-3.12133,0.840688,3.01056,0.00403225
1789391857945,0,1789391857920,-3.12143,0.840572,3.0204,0
1789391858001,0,1789391857977,-3.12139,0.840146,3.02974,0
1789391858076,0,1789391858041,-3.12178,0.838758,3.04005,0.000363722
1789391858122,0,1789391858086,-3.12184,0.837524,3.04634,0
1789391858188,0,1789391858146,-3.12502,0.835775,3.05445,0.00310064
1789391858219,0,1789391858191,-3.12764,0.827999,3.06156,0.00446218
1789391858272,0,1789391858241,-3.12799,0.823706,3.06915,0
1789391858334,0,1789391858296,-3.12844,0.817128,3.07744,0
1789391858419,0,1789391858358,-3.13217,0.80325,3.08575,0.00595224
1789391858450,0,1789391858405,-3.13697,0.775659,3.09952,0.0203603
1789391858487,0,1789391858453,-3.13843,0.796219,3.09707,0.0300192
1789391858564,0,1789391858501,-3.1367,0.788203,3.10388,0.0027249
1789391858596,0,1789391858563,-3.14,0.762168,3.11507,0.0108194
1789391858652,0,1789391858610,-3.1406,0.74985,3.12192,0.000840672
1789391858690,0,1789391858658,-3.14019,0.738195,3.12921,0.00314906
1789391858742,0,1789391858716,-3.14375,0.72269,3.13718,0.00406753
1789391858812,0,1789391858779,-3.13561,0.718881,-3.13889,0.0202937
1789391858876,0,1789391858843,-3.14039,0.690668,-3.12906,0.00722073
1789391858950,0,1789391858905,-3.1597,0.627088,-3.11086,0.045281
1789391858992,0,1789391858947,-3.16455,0.630918,-3.10961,0.0208606
1789391859032,0,1789391858995,-3.15986,0.63372,-3.10777,0.0233299
1789391859084,0,1789391859042,-3.15868,0.610878,-3.1009,0.00326961
1789391859122,0,1789391859091,-3.15766,0.589307,-3.09211,0
1789391859193,0,1789391859141,-3.16171,0.523436,-3.07455,0.0431849
1789391859231,0,1789391859205,-3.16827,0.529152,-3.06441,0.0359407
1789391859309,0,1789391859266,-3.17033,0.513892,-3.04615,0.0146289
1789391859376,0,1789391859338,-3.16638,0.467649,-3.02133,0.0128747
1789391859436,0,1789391859387,-3.17185,0.401319,-2.98846,0.0448391
1789391859521,0,1789391859447,-3.15538,0.432345,-2.98836,0.0699551
1789391859547,0,1789391859492,-3.14986,0.421538,-2.97025,0
1789391859586,0,1789391859553,-3.14422,0.395407,-2.94286,0.000375204
1789391859632,0,1789391859598,-3.13109,0.376688,-2.92256,0.00909504
1789391859684,0,1789391859648,-3.12463,0.353151,-2.90063,0.00133669
1789391859740,0,1789391859694,-3.11937,0.287399,-2.86055,0.0682384
1789391859789,0,1789391859745,-3.10222,0.30549,-2.85348,0.0628576
1789391859829,0,1789391859800,-3.09274,0.293426,-2.83282,0.0120289
1789391859914,0,1789391859863,-3.08108,0.262028,-2.80736,0.00381071
1789391859992,0,1789391859906,-3.06371,0.200115,-2.77607,0.045515
1789391860032,0,1789391859962,-3.04682,0.223945,-2.76871,0.0535961
1789391860089,0,1789391860011,-3.03286,0.200262,-2.74757,0.00445995
1789391860122,0,1789391860060,-3.01023,0.180178,-2.72799,0.0128213
1789391860165,0,1789391860107,-3.01328,0.112175,-2.68519,0.069018
1789391860230,0,1789391860158,-2.99878,0.13475,-2.68808,0.070138
1789391860256,0,1789391860203,-2.98033,0.113393,-2.66876,0.00725536
1789391860306,0,1789391860268,-2.97668,0.0745276,-2.63967,0.0152611
1789391860354,0,1789391860312,-2.97229,0.0108761,-2.6002,0.0683919
1789391860406,0,1789391860361,-2.95766,0.0159265,-2.59754,0.0513601
1789391860440,0,1789391860409,-2.93305,0.0140341,-2.58293,0.0219412
1789391860502,0,1789391860458,-2.91932,-0.00414868,-2.56352,0.00335516
1789391860544,0,1789391860505,-2.90658,-0.0727108,-2.52259,0.0697336
1789391860598,0,1789391860563,-2.88089,-0.0601864,-2.51851,0.0613679
1789391860639,0,1789391860611,-2.87033,-0.0757233,-2.501,0.00787003
1789391860690,0,1789391860665,-2.85368,-0.0961924,-2.47958,0.00378476
1789391860737,0,1789391860727,-2.83014,-0.123917,-2.45639,0
1789391860839,0,1789391860788,-2.8136,-0.139425,-2.43506,0.0125361
1789391860853,0,1789391860832,-2.79574,-0.166259,-2.41825,0.00864277
1789391860910,0,1789391860884,-2.77546,-0.187663,-2.39699,1.49012e-08
1789391860956,0,1789391860929,-2.73763,-0.246847,-2.36415,0.04487
1789391861023,0,1789391860985,-2.73313,-0.235624,-2.35405,0.0385327
1789391861054,0,1789391861044,-2.7094,-0.258552,-2.33111,0
1789391861102,0,1789391861093,-2.68948,-0.276922,-2.31091,0
1789391861216,0,1789391861141,-2.64935,-0.338393,-2.27345,0.0614009
1789391861245,0,1789391861189,-2.65015,-0.33055,-2.2647,0.0457972
1789391861293,0,1789391861286,-2.60806,-0.362086,-2.22448,0
1789391861344,0,1789391861333,-2.58764,-0.376763,-2.20431,0
1789391861408,0,1789391861398,-2.55956,-0.396658,-2.1751,0
1789391861456,0,1789391861447,-2.53855,-0.4108,-2.15547,0
1789391861510,0,1789391861502,-2.51506,-0.426531,-2.13182,0
1789391861574,0,1789391861562,-2.48904,-0.443046,-2.10613,0
1789391861622,0,1789391861614,-2.46627,-0.455271,-2.08373,0
1789391861667,0,1789391861659,-2.44614,-0.465585,-2.06422,0
1789391861715,0,1789391861707,-2.42389,-0.476863,-2.04436,0
1789391861763,0,1789391861754,-2.40151,-0.487674,-2.02408,0
1789391861820,0,1789391861808,-2.37696,-0.499143,-2.00113,0
1789391861872,0,1789391861863,-2.35149,-0.510381,-1.97824,0
1789391861941,0,1789391861931,-2.31966,-0.523682,-1.95005,0
1789391861990,0,1789391861979,-2.29701,-0.532545,-1.93106,0
1789391862040,0,1789391862030,-2.27349,-0.541245,-1.90964,0
1789391862084,0,1789391862075,-2.25152,-0.548669,-1.89026,0
1789391862137,0,1789391862127,-2.22666,-0.556604,-1.86735,0
1789391862190,0,1789391862180,-2.20173,-0.564142,-1.84465,0
1789391862254,0,1789391862235,-2.17522,-0.571503,-1.82077,0
1789391862300,0,1789391862289,-2.14974,-0.577461,-1.79743,0
1789391862347,0,1789391862337,-2.12778,-0.582102,-1.77676,0
1789391862401,0,1789391862393,-2.10201,-0.587151,-1.75157,0
1789391862452,0,1789391862441,-2.07971,-0.59104,-1.73136,0
1789391862504,0,1789391862489,-2.05825,-0.594085,-1.71175,0
1789391862548,0,1789391862538,-2.03658,-0.59658,-1.69053,0
1789391862592,0,1789391862585,-2.01589,-0.598848,-1.6706,0
1789391862648,0,1789391862637,-1.99323,-0.601016,-1.64923,0
1789391862688,0,1789391862681,-1.97384,-0.602424,-1.6312,0
1789391862756,0,1789391862745,-1.94532,-0.603592,-1.6011,0
1789391862819,0,1789391862808,-1.91771,-0.603816,-1.57458,0
1789391862877,0,1789391862868,-1.89113,-0.603717,-1.55056,0
1789391862923,0,1789391862914,-1.87066,-0.603222,-1.53103,0
1789391862974,0,1789391862964,-1.84867,-0.602341,-1.51064,0
1789391863024,0,1789391863010,-1.82857,-0.601137,-1.49143,0
1789391863074,0,1789391863063,-1.80703,-0.598621,-1.46935,0
1789391863116,0,1789391863109,-1.78829,-0.595911,-1.44876,0
1789391863174,0,1789391863167,-1.76535,-0.592501,-1.42322,0
1789391863233,0,1789391863226,-1.74222,-0.588709,-1.39805,0
1789391863303,0,1789391863290,-1.71746,-0.584346,-1.37127,0
1789391863341,0,1789391863333,-1.7007,-0.581163,-1.35314,0
1789391863414,0,1789391863403,-1.67436,-0.575155,-1.32194,0
1789391863463,0,1789391863452,-1.65568,-0.569478,-1.30081,0
1789391863508,0,1789391863501,-1.63691,-0.563413,-1.28018,0
1789391863569,0,1789391863558,-1.61468,-0.556217,-1.2558,0
1789391863630,0,1789391863622,-1.5906,-0.547679,-1.22817,0
1789391863681,0,1789391863670,-1.57147,-0.540745,-1.2078,0
1789391863726,0,1789391863718,-1.55251,-0.533428,-1.18729,0
1789391863774,0,1789391863766,-1.53391,-0.525189,-1.16708,0
1789391863833,0,1789391863820,-1.51351,-0.515458,-1.14311,0
1789391863891,0,1789391863871,-1.49457,-0.506333,-1.12007,0
1789391863933,0,1789391863923,-1.47521,-0.496567,-1.09627,0
1789391863974,0,1789391863967,-1.45894,-0.487966,-1.0759,0
1789391864030,0,1789391864022,-1.43854,-0.476442,-1.05038,0
1789391864081,0,1789391864071,-1.42107,-0.466081,-1.02856,0
1789391864145,0,1789391864134,-1.39864,-0.451773,-0.999448,0
1789391864196,0,1789391864185,-1.38105,-0.439888,-0.975387,0
1789391864243,0,1789391864233,-1.36399,-0.427576,-0.953744,0
1789391864290,0,1789391864281,-1.34686,-0.414631,-0.931874,0
1789391864341,0,1789391864331,-1.32962,-0.401757,-0.909848,0
1789391864386,0,1789391864380,-1.31346,-0.389157,-0.888434,0
1789391864445,0,1789391864437,-1.29397,-0.373087,-0.861691,0
1789391864489,0,1789391864482,-1.27872,-0.359808,-0.84106,0
1789391864546,0,1789391864534,-1.26195,-0.344289,-0.81806,0
1789391864593,0,1789391864578,-1.24822,-0.330807,-0.798439,0
1789391864641,0,1789391864633,-1.23149,-0.313544,-0.773711,0
1789391864708,0,1789391864698,-1.21212,-0.292122,-0.744841,0
1789391864759,0,1789391864749,-1.197,-0.274956,-0.722555,0
1789391864805,0,1789391864795,-1.18286,-0.258513,-0.702002,0
1789391864862,0,1789391864846,-1.1678,-0.240202,-0.679246,0
1789391864899,0,1789391864891,-1.15451,-0.222994,-0.659275,0
1789391864952,0,1789391864942,-1.14018,-0.203557,-0.637819,0
1789391864996,0,1789391864987,-1.12696,-0.18554,-0.618648,0
1789391865052,0,1789391865040,-1.11209,-0.164344,-0.596653,0
1789391865105,0,1789391865092,-1.09819,-0.14329,-0.574346,0
1789391865154,0,1789391865144,-1.08471,-0.121672,-0.551735,0
1789391865195,0,1789391865188,-1.07398,-0.10277,-0.533226,0
1789391865245,0,1789391865238,-1.0624,-0.0809505,-0.512272,0
1789391865298,0,1789391865291,-1.05004,-0.0574366,-0.489894,0
1789391865369,0,1789391865352,-1.03573,-0.0293864,-0.464382,0
1789391865434,0,1789391865397,-1.01523,-0.0257623,-0.444484,0.0199032
1789391865457,0,1789391865449,-1.00399,-0.00145584,-0.422409,0
1789391865500,0,1789391865492,-0.994985,0.0191792,-0.404157,0
1789391865563,0,1789391865555,-0.982613,0.051291,-0.377698,0
1789391865616,0,1789391865600,-0.9742,0.0744734,-0.358431,0
1789391865675,0,1789391865664,-0.962711,0.107329,-0.331234,0
1789391865729,0,1789391865722,-0.95301,0.137458,-0.306845,0
1789391865780,0,1789391865772,-0.944848,0.164002,-0.285663,0
1789391865835,0,1789391865819,-0.937448,0.189947,-0.26621,0
1789391865878,0,1789391865869,-0.930827,0.21638,-0.245146,0
1789391865925,0,1789391865914,-0.925272,0.241265,-0.225849,0
1789391865984,0,1789391865973,-0.918427,0.274427,-0.200288,0
1789391866042,0,1789391866030,-0.912431,0.30705,-0.176667,0
1789391866085,0,1789391866078,-0.907872,0.334872,-0.156738,0
1789391866133,0,1789391866125,-0.903907,0.363594,-0.137958,0
1789391866201,0,1789391866188,-0.899489,0.40186,-0.114836,0
1789391866247,0,1789391866232,-0.896941,0.428366,-0.0999846,0
1789391866302,0,1789391866293,-0.894111,0.465529,-0.0790232,0
1789391866345,0,1789391866338,-0.892435,0.493508,-0.0629173,0
1789391866397,0,1789391866386,-0.89111,0.52367,-0.0471783,0
1789391866443,0,1789391866434,-0.889787,0.552908,-0.0328484,0
1789391866497,0,1789391866487,-0.888824,0.58432,-0.0160774,0
1789391866550,0,1789391866540,-0.887886,0.616423,-0.000248433,0
1789391866598,0,1789391866588,-0.887399,0.646549,0.0138044,0
1789391866664,0,1789391866647,-0.88806,0.68324,0.0291191,0
1789391866705,0,1789391866696,-0.889923,0.71346,0.0403717,0
1789391866751,0,1789391866743,-0.891686,0.742531,0.0504565,0
1789391866799,0,1789391866791,-0.893234,0.772121,0.060034,0
1789391866860,0,1789391866849,-0.895444,0.8077,0.0712217,0
1789391866905,0,1789391866897,-0.897639,0.838038,0.0793402,0
1789391866963,0,1789391866955,-0.900596,0.874581,0.0879788,0
1789391867031,0,1789391867015,-0.903977,0.912305,0.0968702,0
1789391867068,0,1789391867060,-0.906748,0.941162,0.10309,0
1789391867117,0,1789391867110,-0.910765,0.971998,0.109434,0
1789391867163,0,1789391867156,-0.914627,1.00062,0.114504,0
1789391867232,0,1789391867220,-0.920032,1.04015,0.120055,0
1789391867278,0,1789391867269,-0.924244,1.07152,0.124033,0
1789391867326,0,1789391867317,-0.928393,1.10211,0.127156,0
1789391867373,0,1789391867365,-0.932482,1.13258,0.127852,0
1789391867429,0,1789391867417,-0.936759,1.16492,0.128052,0
1789391867470,0,1789391867460,-0.940204,1.19186,0.127171,0
1789391867532,0,1789391867522,-0.944936,1.23022,0.123892,0
1789391867572,0,1789391867564,-0.947846,1.2565,0.120943,0
1789391867636,0,1789391867619,-0.951426,1.29086,0.116654,0
1789391867692,0,1789391867682,-0.955344,1.33035,0.110655,0
1789391867743,0,1789391867732,-0.958282,1.36189,0.104331,0
1789391867788,0,1789391867777,-0.961184,1.39055,0.0988393,0
1789391867835,0,1789391867827,-0.964183,1.42177,0.0919485,0
1789391867881,0,1789391867873,-0.966542,1.45082,0.0845672,0
1789391867933,0,1789391867924,-0.968767,1.48302,0.0759421,0
1789391867988,0,1789391867978,-0.970793,1.51689,0.0666567,0
1789391868049,0,1789391868039,-0.972582,1.55497,0.0561594,0
1789391868107,0,1789391868097,-0.974196,1.59149,0.0460163,0
1789391868163,0,1789391868146,-0.975626,1.62229,0.0378062,0
1789391868202,0,1789391868193,-0.976754,1.65191,0.0290113,0
1789391868253,0,1789391868243,-0.977647,1.68276,0.0187719,0
1789391868297,0,1789391868289,-0.978196,1.71143,0.00923649,0
1789391868349,0,1789391868339,-0.977817,1.742,-0.00141854,0
1789391868392,0,1789391868385,-0.977238,1.77044,-0.0109022,0
1789391868451,0,1789391868440,-0.976744,1.80452,-0.0232185,0
1789391868500,0,1789391868493,-0.975955,1.83757,-0.0343948,0
1789391868558,0,1789391868546,-0.975222,1.87065,-0.0459308,0
1789391868597,0,1789391868589,-0.97443,1.89768,-0.0560301,0
1789391868659,0,1789391868650,-0.972515,1.93544,-0.0691027,0
1789391868739,0,1789391868694,-0.976355,1.96907,-0.0749803,0.00861786
1789391868765,0,1789391868753,-0.972812,2.00603,-0.0865938,0
1789391868807,0,1789391868799,-0.969283,2.03507,-0.0958217,0
1789391868860,0,1789391868849,-0.965225,2.06673,-0.106091,0
1789391868903,0,1789391868894,-0.961912,2.09525,-0.115061,0
1789391868966,0,1789391868949,-0.957509,2.1295,-0.124442,0
1789391869016,0,1789391869008,-0.951856,2.16675,-0.133807,0
1789391869071,0,1789391869062,-0.946282,2.2008,-0.141596,0
1789391869113,0,1789391869104,-0.942056,2.22685,-0.147409,0
1789391869175,0,1789391869164,-0.93569,2.2643,-0.154467,0
1789391869218,0,1789391869209,-0.931162,2.29267,-0.159161,0
1789391869276,0,1789391869266,-0.925352,2.3292,-0.162745,0
1789391869323,0,1789391869314,-0.920474,2.35958,-0.166677,0
1789391869380,0,1789391869363,-0.915359,2.3908,-0.169169,0
1789391869419,0,1789391869410,-0.910453,2.42059,-0.170977,0
1789391869481,0,1789391869470,-0.903515,2.46199,-0.171746,0
1789391869532,0,1789391869516,-0.898151,2.49346,-0.172599,0
1789391869575,0,1789391869565,-0.892027,2.52594,-0.172104,0
1789391869622,0,1789391869612,-0.886181,2.55732,-0.16943,0
1789391869673,0,1789391869662,-0.880758,2.5903,-0.16614,0
1789391869733,0,1789391869723,-0.874421,2.63047,-0.159861,0
1789391869784,0,1789391869773,-0.869142,2.66348,-0.154926,0
1789391869826,0,1789391869818,-0.864479,2.69339,-0.149514,0
1789391869878,0,1789391869868,-0.859524,2.72678,-0.142051,0
1789391869930,0,1789391869914,-0.855215,2.75786,-0.134076,0
1789391869980,0,1789391869971,-0.850298,2.7949,-0.124331,0
1789391870026,0,1789391870020,-0.84643,2.82626,-0.114716,0
1789391870076,0,1789391870068,-0.842998,2.85704,-0.105907,0
1789391870126,0,1789391870116,-0.840166,2.8879,-0.096146,0
1789391870180,0,1789391870170,-0.837304,2.92268,-0.0839359,0
1789391870231,0,1789391870224,-0.834359,2.95793,-0.0728453,0
1789391870291,0,1789391870280,-0.831739,2.99435,-0.0609223,0
1789391870336,0,1789391870327,-0.830111,3.025,-0.0504917,0
1789391870387,0,1789391870379,-0.828701,3.05866,-0.0389105,0
1789391870436,0,1789391870427,-0.82807,3.08984,-0.0291236,0
1789391870496,0,1789391870485,-0.827816,3.12737,-0.0165001,0
1789391870547,0,1789391870539,-0.827939,3.16214,-0.00590812,0
1789391870593,0,1789391870585,-0.828313,3.19226,0.00292325,0
1789391870643,0,1789391870634,-0.828756,3.22352,0.00948564,0
1789391870710,0,1789391870695,-0.82939,3.26005,0.0163552,0
1789391870755,0,1789391870748,-0.82995,3.29099,0.0232657,0
1789391870809,0,1789391870801,-0.830482,3.31994,0.0287267,0
1789391870852,0,1789391870843,-0.831005,3.34231,0.0325124,0
1789391870907,0,1789391870894,-0.831961,3.36748,0.0322101,0
1789391870948,0,1789391870939,-0.832677,3.38893,0.0270407,0
1789391871002,0,1789391870992,-0.832984,3.41138,0.019745,0
1789391871053,0,1789391871046,-0.833047,3.43294,0.00875484,0
1789391871116,0,1789391871104,-0.83259,3.45499,-0.00401254,0
1789391871163,0,1789391871152,-0.831933,3.47273,-0.0153635,0
1789391871211,0,1789391871202,-0.831426,3.48916,-0.0249405,0
1789391871256,0,1789391871248,-0.830994,3.50274,-0.0338618,0
1789391871324,0,1789391871314,-0.830263,3.52055,-0.0505587,0
1789391871370,0,1789391871363,-0.829684,3.53117,-0.0638126,0
1789391871424,0,1789391871416,-0.828949,3.54288,-0.0727282,0
1789391871466,0,1789391871459,-0.828454,3.54984,-0.0757414,0
1789391871524,0,1789391871515,-0.827905,3.55708,-0.0796773,0
1789391871573,0,1789391871565,-0.827325,3.56327,-0.0811224,0
1789391871627,0,1789391871617,-0.826682,3.57007,-0.078472,0
1789391871669,0,1789391871660,-0.826373,3.57462,-0.075863,0
1789391871725,0,1789391871717,-0.825976,3.58066,-0.0741672,0
1789391871772,0,1789391871766,-0.825603,3.58566,-0.0711882,0
1789391871832,0,1789391871826,-0.825166,3.59169,-0.0672938,0
1789391871880,0,1789391871871,-0.824894,3.59612,-0.0640518,0
1789391871930,0,1789391871921,-0.824611,3.60112,-0.0611975,0
1789391871976,0,1789391871968,-0.824405,3.60565,-0.0586946,0
1789391872037,0,1789391872027,-0.824177,3.61135,-0.0547668,0
1789391872082,0,1789391872072,-0.824031,3.61564,-0.0522268,0
1789391872132,0,1789391872122,-0.823853,3.6204,-0.0491601,0
1789391872188,0,1789391872179,-0.823666,3.62577,-0.0454288,0
1789391872242,0,1789391872234,-0.823416,3.62924,-0.0433988,0
1789391872294,0,1789391872285,-0.823183,3.63186,-0.0427932,0
1789391872343,0,1789391872334,-0.823143,3.63419,-0.0463788,0
1789391872392,0,1789391872382,-0.823083,3.63649,-0.0554004,0
1789391872441,0,1789391872432,-0.822998,3.63817,-0.0680149,0
1789391872486,0,1789391872477,-0.822917,3.63929,-0.0833038,0
1789391872536,0,1789391872529,-0.822765,3.64047,-0.104098,0
1789391872585,0,1789391872576,-0.82265,3.64109,-0.125498,0
1789391872636,0,1789391872628,-0.822489,3.64192,-0.150688,0
1789391872703,0,1789391872695,-0.822375,3.64239,-0.184358,0
1789391872753,0,1789391872744,-0.822281,3.64285,-0.209538,0
1789391872802,0,1789391872791,-0.822315,3.64288,-0.234653,0
1789391872849,0,1789391872840,-0.822353,3.6429,-0.2598,0
1789391872903,0,1789391872895,-0.822381,3.64286,-0.288129,0
1789391872958,0,1789391872948,-0.822409,3.64283,-0.314908,0
1789391872999,0,1789391872992,-0.822431,3.64282,-0.336894,0
1789391873050,0,1789391873042,-0.822459,3.64281,-0.361483,0
1789391873098,0,1789391873089,-0.822429,3.64278,-0.385177,0
1789391873161,0,1789391873151,-0.822388,3.64273,-0.415655,0
1789391873213,0,1789391873202,-0.822419,3.64268,-0.44067,0
1789391873260,0,1789391873250,-0.822475,3.64264,-0.463993,0
1789391873308,0,1789391873301,-0.822473,3.64262,-0.489736,0
1789391873361,0,1789391873354,-0.822408,3.64261,-0.515284,0
1789391873412,0,1789391873402,-0.822358,3.64262,-0.538641,0
1789391873462,0,1789391873453,-0.82234,3.64267,-0.562898,0
1789391873513,0,1789391873506,-0.82232,3.6427,-0.588327,0
1789391873566,0,1789391873558,-0.822299,3.64272,-0.612837,0
1789391873619,0,1789391873611,-0.822278,3.64274,-0.63729,0
1789391873671,0,1789391873662,-0.822239,3.64271,-0.661189,0
1789391873713,0,1789391873707,-0.822206,3.64268,-0.682002,0
1789391873772,0,1789391873760,-0.822176,3.64271,-0.706733,0
1789391873813,0,1789391873805,-0.822157,3.64274,-0.727323,0
1789391873876,0,1789391873866,-0.822067,3.64274,-0.755431,0
1789391873930,0,1789391873919,-0.82196,3.6427,-0.780657,0
1789391873978,0,1789391873970,-0.821922,3.64268,-0.803754,0
1789391874020,0,1789391874014,-0.821945,3.64267,-0.824001,0
1789391874075,0,1789391874066,-0.821967,3.64267,-0.847339,0
1789391874138,0,1789391874115,-0.821961,3.64267,-0.868405,0
1789391874182,0,1789391874173,-0.821944,3.64267,-0.894323,0
1789391874235,0,1789391874226,-0.821882,3.64268,-0.917308,0
1789391874295,0,1789391874285,-0.821813,3.64268,-0.941926,0
1789391874338,0,1789391874330,-0.821837,3.64271,-0.961522,0
1789391874392,0,1789391874380,-0.821869,3.64274,-0.982287,0
1789391874434,0,1789391874426,-0.821855,3.64275,-1.00181,0
1789391874487,0,1789391874475,-0.821839,3.64277,-1.02153,0
1789391874532,0,1789391874525,-0.821864,3.64279,-1.04162,0
1789391874590,0,1789391874582,-0.821908,3.64283,-1.06426,0
1789391874637,0,1789391874630,-0.821941,3.64284,-1.08244,0
1789391874685,0,1789391874676,-0.821954,3.64283,-1.09918,0
1789391874734,0,1789391874724,-0.821941,3.64282,-1.11621,0
1789391874790,0,1789391874780,-0.821881,3.64283,-1.13603,0
1789391874844,0,1789391874838,-0.821828,3.64285,-1.15514,0
1789391874903,0,1789391874888,-0.821868,3.64288,-1.17203,0
1789391874944,0,1789391874934,-0.821911,3.64291,-1.18668,0
1789391874990,0,1789391874983,-0.82191,3.64285,-1.20214,0
1789391875044,0,1789391875038,-0.82191,3.64277,-1.21866,0
1789391875103,0,1789391875095,-0.821939,3.64274,-1.23565,0
1789391875155,0,1789391875147,-0.821974,3.64272,-1.25013,0
1789391875201,0,1789391875194,-0.821982,3.64275,-1.26363,0
1789391875257,0,1789391875249,-0.821979,3.6428,-1.279,0
1789391875309,0,1789391875300,-0.821988,3.64283,-1.29165,0
1789391875352,0,1789391875345,-0.822003,3.64284,-1.30317,0
1789391875404,0,1789391875398,-0.822031,3.64282,-1.31595,0
1789391875455,0,1789391875444,-0.822062,3.64277,-1.32592,0
1789391875513,0,1789391875504,-0.822093,3.64272,-1.33911,0
1789391875565,0,1789391875557,-0.822046,3.64275,-1.35013,0
1789391875614,0,1789391875607,-0.822001,3.64278,-1.36033,0
1789391875661,0,1789391875654,-0.821982,3.6428,-1.36987,0
1789391875714,0,1789391875706,-0.82196,3.64283,-1.37989,0
1789391875760,0,1789391875751,-0.821979,3.64277,-1.38864,0
1789391875821,0,1789391875814,-0.82201,3.64269,-1.40022,0
1789391875868,0,1789391875861,-0.821983,3.64268,-1.40861,0
1789391875917,0,1789391875909,-0.821939,3.64268,-1.41678,0
1789391875961,0,1789391875955,-0.821904,3.64265,-1.42464,0
1789391876019,0,1789391876010,-0.821876,3.64261,-1.43398,0
1789391876068,0,1789391876061,-0.821653,3.64259,-1.44215,0
1789391876122,0,1789391876114,-0.820859,3.64268,-1.45232,0
1789391876166,0,1789391876157,-0.82114,3.64264,-1.46248,0
1789391876226,0,1789391876211,-0.821581,3.64258,-1.47873,0
1789391876272,0,1789391876264,-0.822338,3.64251,-1.4936,0
1789391876331,0,1789391876323,-0.823826,3.64239,-1.50681,0
1789391876387,0,1789391876380,-0.825358,3.6423,-1.51832,0
1789391876455,0,1789391876446,-0.829726,3.64232,-1.53124,0
1789391876497,0,1789391876490,-0.833571,3.64238,-1.54106,0
1789391876547,0,1789391876540,-0.839105,3.64242,-1.55352,0
1789391876593,0,1789391876586,-0.844962,3.64249,-1.56688,0
1789391876646,0,1789391876637,-0.851462,3.64244,-1.58244,0
1789391876699,0,1789391876691,-0.858886,3.64236,-1.59975,0
1789391876760,0,1789391876753,-0.867312,3.64238,-1.6179,0
1789391876810,0,1789391876799,-0.873739,3.64259,-1.63059,0
1789391876855,0,1789391876847,-0.880435,3.64291,-1.64531,0
1789391876903,0,1789391876895,-0.887229,3.64349,-1.66046,0
1789391876952,0,1789391876944,-0.894153,3.6442,-1.67538,0
1789391876999,0,1789391876991,-0.900794,3.64495,-1.68975,0
1789391877055,0,1789391877046,-0.90861,3.64596,-1.70622,0
1789391877101,0,1789391877095,-0.915507,3.64687,-1.72143,0
1789391877157,0,1789391877150,-0.923315,3.64802,-1.73806,0
1789391877206,0,1789391877199,-0.930001,3.64918,-1.75298,0
1789391877260,0,1789391877250,-0.936943,3.65055,-1.76858,0
1789391877310,0,1789391877295,-0.943121,3.65189,-1.78289,0
1789391877358,0,1789391877347,-0.950469,3.65362,-1.7979,0
1789391877407,0,1789391877400,-0.957892,3.65545,-1.81478,0
1789391877464,0,1789391877456,-0.965746,3.65748,-1.83176,0
1789391877516,0,1789391877508,-0.972943,3.65945,-1.84839,0
1789391877563,0,1789391877555,-0.979379,3.66129,-1.86242,0
1789391877609,0,1789391877602,-0.985859,3.66326,-1.87745,0
1789391877662,0,1789391877652,-0.992618,3.66537,-1.89296,0
1789391877709,0,1789391877702,-0.994973,3.66614,-1.90725,0
1789391877771,0,1789391877764,-0.998567,3.66745,-1.92093,0
1789391877859,0,1789391877818,-1.01222,3.67288,-1.92732,0.0119193
1789391877875,0,1789391877867,-1.01562,3.67406,-1.92745,0
1789391877919,0,1789391877911,-1.01756,3.67467,-1.92252,0
1789391877973,0,1789391877965,-1.01998,3.67548,-1.91083,0
1789391878030,0,1789391878023,-1.02155,3.67601,-1.89364,0
1789391878085,0,1789391878075,-1.02316,3.67654,-1.87472,0
1789391878129,0,1789391878120,-1.02416,3.67685,-1.85699,0
1789391878179,0,1789391878172,-1.02524,3.67717,-1.8359,0
1789391878224,0,1789391878216,-1.02583,3.67735,-1.81573,0
1789391878280,0,1789391878270,-1.02646,3.6775,-1.78858,0
1789391878329,0,1789391878322,-1.02672,3.6776,-1.76204,0
1789391878378,0,1789391878370,-1.02699,3.67771,-1.73665,0
1789391878428,0,1789391878421,-1.02703,3.67772,-1.71027,0
1789391878490,0,1789391878482,-1.02703,3.6777,-1.67828,0
1789391878534,0,1789391878528,-1.02702,3.67777,-1.65436,0
1789391878598,0,1789391878585,-1.027,3.67787,-1.62471,0
1789391878640,0,1789391878630,-1.02701,3.67789,-1.60174,0
1789391878688,0,1789391878680,-1.02704,3.67785,-1.57631,0
1789391878739,0,1789391878730,-1.02706,3.67783,-1.55096,0
1789391878794,0,1789391878786,-1.02703,3.67788,-1.52176,0
1789391878852,0,1789391878844,-1.027,3.67792,-1.4917,0
1789391878910,0,1789391878895,-1.02702,3.6779,-1.46581,0
1789391878948,0,1789391878940,-1.02704,3.67789,-1.44278,0
1789391879010,0,1789391879002,-1.02703,3.67804,-1.41131,0
1789391879051,0,1789391879045,-1.02702,3.67815,-1.38988,0
1789391879104,0,1789391879095,-1.02706,3.67816,-1.36344,0
1789391879147,0,1789391879141,-1.02709,3.67814,-1.3405,0
1789391879209,0,1789391879194,-1.02711,3.67812,-1.31345,0
1789391879253,0,1789391879245,-1.02713,3.67809,-1.28725,0
1789391879316,0,1789391879307,-1.02716,3.67809,-1.25577,0
1789391879360,0,1789391879352,-1.02719,3.67813,-1.23329,0
1789391879414,0,1789391879406,-1.02721,3.67813,-1.20615,0
1789391879454,0,1789391879448,-1.02717,3.67808,-1.1844,0
1789391879512,0,1789391879501,-1.02712,3.67802,-1.15763,0
1789391879550,0,1789391879544,-1.02713,3.67803,-1.13653,0
1789391879605,0,1789391879597,-1.02714,3.67804,-1.1104,0
1789391879656,0,1789391879649,-1.02713,3.67805,-1.0852,0
1789391879710,0,1789391879702,-1.02712,3.67805,-1.05938,0
1789391879765,0,1789391879757,-1.02709,3.67808,-1.03245,0
1789391879816,0,1789391879807,-1.02707,3.6781,-1.00809,0
1789391879862,0,1789391879851,-1.0271,3.67811,-0.986091,0
1789391879919,0,1789391879909,-1.02715,3.67814,-0.95822,0
1789391879966,0,1789391879958,-1.02718,3.67813,-0.934814,0
1789391880015,0,1789391880007,-1.02718,3.6781,-0.912642,0
1789391880061,0,1789391880053,-1.02719,3.67808,-0.890698,0
1789391880123,0,1789391880114,-1.02724,3.67806,-0.861669,0
1789391880182,0,1789391880172,-1.02729,3.67804,-0.834988,0
1789391880229,0,1789391880222,-1.02732,3.678,-0.811699,0
1789391880275,0,1789391880268,-1.02735,3.67797,-0.790969,0
1789391880326,0,1789391880316,-1.02742,3.678,-0.769522,0
1789391880379,0,1789391880372,-1.0275,3.67802,-0.744188,0
1789391880433,0,1789391880426,-1.02761,3.67807,-0.719141,0
1789391880485,0,1789391880476,-1.02766,3.67803,-0.696544,0
1789391880540,0,1789391880526,-1.02769,3.678,-0.674531,0
1789391880581,0,1789391880572,-1.02773,3.67797,-0.653695,0
1789391880630,0,1789391880622,-1.02778,3.67798,-0.630996,0
1789391880685,0,1789391880677,-1.02784,3.67799,-0.606464,0
1789391880743,0,1789391880733,-1.02787,3.67805,-0.58069,0
1789391880791,0,1789391880782,-1.02787,3.67813,-0.55857,0
1789391880841,0,1789391880831,-1.02786,3.67822,-0.536568,0
1789391880893,0,1789391880878,-1.02783,3.67826,-0.515625,0
1789391880943,0,1789391880933,-1.02776,3.67831,-0.49364,0
1789391880997,0,1789391880989,-1.02769,3.67836,-0.470081,0
1789391881053,0,1789391881046,-1.02764,3.67855,-0.449737,0
1789391881098,0,1789391881090,-1.02764,3.67859,-0.434861,0
1789391881154,0,1789391881143,-1.02764,3.67864,-0.41749,0
1789391881196,0,1789391881188,-1.02758,3.67868,-0.402737,0
1789391881252,0,1789391881243,-1.02751,3.67872,-0.384155,0
1789391881308,0,1789391881301,-1.02747,3.67876,-0.366635,0
1789391881362,0,1789391881352,-1.0275,3.67877,-0.351526,0
1789391881405,0,1789391881398,-1.02751,3.67878,-0.337868,0
1789391881454,0,1789391881447,-1.02748,3.67878,-0.32332,0
1789391881501,0,1789391881494,-1.02746,3.67878,-0.309576,0
1789391881553,0,1789391881545,-1.02748,3.67879,-0.295821,0
1789391881608,0,1789391881600,-1.02751,3.67879,-0.28146,0
1789391881656,0,1789391881649,-1.02746,3.6788,-0.269047,0
1789391881703,0,1789391881696,-1.0274,3.67881,-0.258403,0
1789391881756,0,1789391881749,-1.02744,3.67883,-0.246105,0
1789391881811,0,1789391881801,-1.02748,3.67885,-0.234256,0
1789391881858,0,1789391881850,-1.02747,3.67881,-0.223221,0
1789391881904,0,1789391881897,-1.02743,3.67875,-0.213112,0
1789391881961,0,1789391881950,-1.02742,3.67873,-0.202197,0
1789391882020,0,1789391882008,-1.02744,3.67877,-0.190384,0
1789391882076,0,1789391882069,-1.02747,3.67883,-0.17883,0
1789391882119,0,1789391882111,-1.02747,3.67891,-0.171179,0
1789391882169,0,1789391882162,-1.02747,3.67901,-0.162463,0
1789391882216,0,1789391882207,-1.0274,3.67906,-0.154273,0
1789391882268,0,1789391882261,-1.02731,3.67911,-0.145737,0
1789391882327,0,1789391882320,-1.02733,3.67912,-0.135302,0
1789391882382,0,1789391882371,-1.02737,3.67913,-0.127375,0
1789391882427,0,1789391882419,-1.02739,3.67918,-0.122389,0
1789391882476,0,1789391882466,-1.02742,3.67924,-0.123725,0
1789391882529,0,1789391882521,-1.02744,3.67921,-0.130218,0
1789391882581,0,1789391882572,-1.02747,3.67913,-0.1391,0
1789391882627,0,1789391882617,-1.02749,3.67905,-0.151425,0
1789391882678,0,1789391882668,-1.02751,3.67898,-0.168748,0
1789391882725,0,1789391882716,-1.02752,3.67892,-0.189377,0
1789391882776,0,1789391882767,-1.02749,3.67889,-0.214145,0
1789391882828,0,1789391882821,-1.02746,3.67887,-0.242201,0
1789391882886,0,1789391882876,-1.0274,3.67896,-0.269859,0
1789391882927,0,1789391882920,-1.02734,3.67905,-0.292443,0
1789391882975,0,1789391882966,-1.02738,3.67908,-0.316547,0
1789391883035,0,1789391883025,-1.02745,3.67914,-0.347067,0
1789391883084,0,1789391883076,-1.02743,3.67917,-0.373208,0
1789391883138,0,1789391883129,-1.02741,3.67919,-0.400435,0
1789391883192,0,1789391883182,-1.02738,3.67917,-0.427969,0
1789391883233,0,1789391883225,-1.02737,3.67913,-0.450256,0
1789391883283,0,1789391883276,-1.02732,3.67921,-0.477938,0
1789391883332,0,1789391883323,-1.02724,3.67921,-0.504115,0
1789391883387,0,1789391883380,-1.02717,3.67922,-0.536106,0
1789391883448,0,1789391883439,-1.02721,3.6792,-0.5694,0
1789391883498,0,1789391883490,-1.02728,3.67918,-0.597491,0
1789391883545,0,1789391883536,-1.02732,3.67917,-0.622196,0
1789391883593,0,1789391883585,-1.02738,3.67915,-0.648836,0
1789391883645,0,1789391883632,-1.02739,3.67911,-0.673639,0
1789391883689,0,1789391883682,-1.02738,3.67909,-0.699095,0
1789391883748,0,1789391883740,-1.0274,3.67911,-0.728979,0
1789391883798,0,1789391883792,-1.02744,3.67916,-0.754266,0
1789391883851,0,1789391883844,-1.02748,3.67918,-0.773329,0
1789391883901,0,1789391883893,-1.02752,3.67919,-0.78851,0
1789391883947,0,1789391883940,-1.02753,3.67917,-0.802669,0
1789391883998,0,1789391883990,-1.02752,3.67912,-0.817837,0
1789391884054,0,1789391884044,-1.02751,3.67908,-0.833962,0
1789391884102,0,1789391884094,-1.02751,3.6791,-0.850025,0
1789391884157,0,1789391884149,-1.02751,3.67912,-0.867422,0
1789391884209,0,1789391884199,-1.02755,3.67915,-0.882728,0
1789391884251,0,1789391884244,-1.02758,3.67919,-0.896389,0
1789391884302,0,1789391884294,-1.02761,3.67925,-0.911651,0
1789391884357,0,1789391884340,-1.02763,3.67931,-0.925083,0
1789391884405,0,1789391884398,-1.02766,3.67933,-0.942726,0
1789391884454,0,1789391884447,-1.02768,3.67932,-0.958396,0
1789391884506,0,1789391884497,-1.02764,3.67933,-0.974105,0
1789391884554,0,1789391884544,-1.02758,3.67934,-0.988283,0
1789391884603,0,1789391884594,-1.02754,3.67937,-1.00404,0
1789391884662,0,1789391884654,-1.02752,3.6794,-1.02225,0
1789391884710,0,1789391884704,-1.02752,3.6794,-1.03766,0
1789391884757,0,1789391884750,-1.02753,3.67933,-1.05206,0
1789391884813,0,1789391884805,-1.02756,3.67925,-1.0687,0
1789391884863,0,1789391884856,-1.0276,3.67924,-1.0839,0
1789391884915,0,1789391884908,-1.02763,3.67923,-1.09955,0
1789391884979,0,1789391884972,-1.02767,3.67917,-1.11893,0
1789391885030,0,1789391885022,-1.0277,3.67913,-1.13391,0
1789391885082,0,1789391885068,-1.02763,3.6791,-1.14797,0
1789391885125,0,1789391885117,-1.02754,3.67907,-1.1628,0
1789391885171,0,1789391885164,-1.0275,3.67904,-1.17803,0
1789391885222,0,1789391885212,-1.02748,3.67901,-1.19357,0
1789391885268,0,1789391885260,-1.02743,3.67901,-1.20768,0
1789391885325,0,1789391885314,-1.02737,3.67904,-1.22036,0
1789391885384,0,1789391885374,-1.02729,3.67911,-1.22675,0
1789391885443,0,1789391885434,-1.02731,3.67924,-1.22376,0
1789391885492,0,1789391885483,-1.02732,3.67932,-1.21803,0
1789391885543,0,1789391885533,-1.02734,3.67929,-1.20684,0
1789391885586,0,1789391885579,-1.02736,3.67926,-1.19261,0
1789391885635,0,1789391885627,-1.02739,3.67923,-1.17482,0
1789391885692,0,1789391885684,-1.02741,3.67921,-1.15006,0
1789391885748,0,1789391885738,-1.02746,3.67922,-1.12291,0
1789391885786,0,1789391885780,-1.02749,3.67924,-1.10207,0
1789391885840,0,1789391885832,-1.02752,3.67921,-1.0759,0
1789391885893,0,1789391885885,-1.02754,3.67917,-1.05031,0
1789391885946,0,1789391885936,-1.02758,3.67916,-1.0259,0
1789391886001,0,1789391885991,-1.02762,3.67917,-0.999407,0
1789391886058,0,1789391886042,-1.02766,3.67917,-0.975244,0
1789391886096,0,1789391886087,-1.02767,3.67914,-0.953815,0
1789391886142,0,1789391886136,-1.02768,3.67912,-0.930706,0
1789391886192,0,1789391886184,-1.02768,3.67915,-0.908352,0
1789391886249,0,1789391886243,-1.02768,3.67919,-0.881259,0
1789391886299,0,1789391886289,-1.02768,3.67918,-0.859576,0
1789391886350,0,1789391886340,-1.02769,3.67917,-0.835719,0
1789391886407,0,1789391886396,-1.02772,3.67916,-0.809578,0
1789391886455,0,1789391886447,-1.02776,3.67914,-0.786124,0
1789391886498,0,1789391886492,-1.02777,3.67913,-0.766056,0
1789391886550,0,1789391886541,-1.02778,3.67912,-0.744235,0
1789391886597,0,1789391886590,-1.02782,3.67916,-0.72171,0
1789391886652,0,1789391886645,-1.02788,3.67918,-0.696409,0
1789391886708,0,1789391886700,-1.02793,3.6792,-0.671949,0
1789391886770,0,1789391886761,-1.02796,3.67917,-0.644955,0
1789391886813,0,1789391886805,-1.02798,3.67917,-0.625771,0
1789391886863,0,1789391886854,-1.028,3.67914,-0.604017,0
1789391886911,0,1789391886904,-1.028,3.67913,-0.582303,0
1789391886971,0,1789391886960,-1.02801,3.67915,-0.556499,0
1789391887017,0,1789391887010,-1.02801,3.67917,-0.533964,0
1789391887068,0,1789391887060,-1.02805,3.6792,-0.51245,0
1789391887121,0,1789391887105,-1.02808,3.67922,-0.493974,0
1789391887164,0,1789391887155,-1.02811,3.67926,-0.47417,0
1789391887215,0,1789391887205,-1.02811,3.67941,-0.455355,0
1789391887273,0,1789391887265,-1.02811,3.67943,-0.434365,0
1789391887330,0,1789391887321,-1.02806,3.67944,-0.414917,0
1789391887377,0,1789391887368,-1.02805,3.67943,-0.398519,0
1789391887430,0,1789391887422,-1.02808,3.67939,-0.381811,0
1789391887481,0,1789391887472,-1.02809,3.67936,-0.366604,0
1789391887530,0,1789391887523,-1.028,3.67937,-0.350872,0
1789391887584,0,1789391887572,-1.02791,3.67937,-0.336549,0
1789391887629,0,1789391887622,-1.02793,3.67936,-0.32279,0
1789391887693,0,1789391887684,-1.02795,3.67934,-0.305729,0
1789391887744,0,1789391887737,-1.02789,3.67933,-0.291138,0
1789391887796,0,1789391887787,-1.02784,3.67934,-0.278313,0
1789391887839,0,1789391887833,-1.02777,3.67929,-0.266615,0
1789391887894,0,1789391887886,-1.0277,3.67922,-0.253019,0
1789391887944,0,1789391887937,-1.02765,3.67923,-0.240454,0
1789391888000,0,1789391887991,-1.02763,3.67931,-0.228244,0
1789391888051,0,1789391888043,-1.02764,3.67937,-0.216748,0
1789391888101,0,1789391888093,-1.02773,3.67934,-0.206515,0
1789391888147,0,1789391888138,-1.02778,3.67932,-0.196733,0
1789391888206,0,1789391888191,-1.02773,3.67928,-0.185292,0
1789391888252,0,1789391888243,-1.02768,3.67924,-0.175302,0
1789391888304,0,1789391888295,-1.02779,3.67927,-0.165646,0
1789391888346,0,1789391888339,-1.02789,3.67929,-0.157619,0
1789391888397,0,1789391888390,-1.02791,3.67933,-0.148536,0
1789391888453,0,1789391888444,-1.02791,3.67937,-0.139149,0
1789391888502,0,1789391888495,-1.02786,3.67939,-0.130341,0
1789391888551,0,1789391888543,-1.02779,3.67941,-0.122858,0
1789391888600,0,1789391888594,-1.02774,3.6794,-0.116984,0
1789391888651,0,1789391888642,-1.02775,3.67935,-0.116338,0
1789391888709,0,1789391888702,-1.02772,3.67934,-0.120773,0
1789391888765,0,1789391888756,-1.02762,3.67945,-0.129022,0
1789391888815,0,1789391888806,-1.02752,3.67953,-0.141121,0
1789391888859,0,1789391888853,-1.0274,3.67952,-0.155432,0
1789391888915,0,1789391888907,-1.0273,3.67951,-0.176305,0
1789391888963,0,1789391888957,-1.02729,3.67954,-0.19931,0
1789391889016,0,1789391889009,-1.02728,3.67957,-0.22629,0
1789391889059,0,1789391889053,-1.02724,3.67958,-0.248387,0
1789391889113,0,1789391889106,-1.02719,3.67959,-0.275868,0
1789391889160,0,1789391889153,-1.02717,3.6796,-0.299897,0
1789391889219,0,1789391889212,-1.02717,3.67961,-0.329843,0
1789391889271,0,1789391889261,-1.02716,3.67964,-0.354975,0
1789391889318,0,1789391889309,-1.02714,3.67968,-0.379303,0
1789391889360,0,1789391889354,-1.02714,3.67971,-0.402447,0
1789391889415,0,1789391889408,-1.02717,3.67972,-0.431078,0
1789391889469,0,1789391889462,-1.02718,3.67976,-0.459833,0
1789391889529,0,1789391889521,-1.0272,3.67984,-0.492536,0
1789391889576,0,1789391889565,-1.02716,3.67983,-0.517426,0
1789391889626,0,1789391889619,-1.02718,3.67988,-0.547721,0
1789391889669,0,1789391889662,-1.02725,3.67991,-0.570847,0
1789391889729,0,1789391889720,-1.0273,3.67994,-0.601635,0
1789391889779,0,1789391889771,-1.02734,3.67996,-0.629006,0
1789391889836,0,1789391889828,-1.0274,3.67996,-0.659298,0
1789391889884,0,1789391889874,-1.02746,3.67996,-0.682955,0
1789391889934,0,1789391889925,-1.0275,3.67996,-0.709616,0
1789391889980,0,1789391889971,-1.02758,3.68003,-0.73373,0
1789391890041,0,1789391890032,-1.02763,3.68003,-0.765105,0
1789391890091,0,1789391890084,-1.02763,3.67996,-0.792003,0
1789391890155,0,1789391890144,-1.02764,3.67989,-0.822245,0
1789391890199,0,1789391890189,-1.02768,3.67989,-0.845101,0
1789391890247,0,1789391890238,-1.02772,3.6799,-0.87042,0
1789391890292,0,1789391890285,-1.02771,3.6799,-0.894076,0
1789391890348,0,1789391890339,-1.02768,3.6799,-0.922673,0
1789391890391,0,1789391890384,-1.02769,3.67993,-0.946114,0
1789391890455,0,1789391890447,-1.02769,3.67996,-0.978429,0
1789391890512,0,1789391890498,-1.02774,3.67996,-1.00539,0
1789391890554,0,1789391890547,-1.0278,3.67995,-1.03046,0
1789391890601,0,1789391890593,-1.02781,3.67991,-1.05418,0
1789391890654,0,1789391890644,-1.02778,3.67986,-1.08089,0
1789391890699,0,1789391890690,-1.02775,3.67984,-1.1044,0
1789391890753,0,1789391890741,-1.02774,3.6799,-1.13117,0
1789391890810,0,1789391890798,-1.02771,3.67997,-1.16014,0
1789391890862,0,1789391890855,-1.02765,3.68002,-1.18882,0
1789391890923,0,1789391890915,-1.02757,3.68009,-1.22005,0
1789391890973,0,1789391890964,-1.02753,3.6801,-1.2455,0
1789391891019,0,1789391891011,-1.02749,3.68011,-1.26923,0
1789391891071,0,1789391891064,-1.02749,3.68015,-1.29624,0
1789391891116,0,1789391891107,-1.0275,3.68019,-1.31809,0
1789391891165,0,1789391891157,-1.02754,3.68022,-1.34322,0
1789391891212,0,1789391891204,-1.02758,3.68025,-1.3673,0
1789391891272,0,1789391891265,-1.02763,3.6803,-1.3992,0
1789391891317,0,1789391891310,-1.02764,3.68034,-1.42249,0
1789391891368,0,1789391891360,-1.02768,3.68038,-1.44702,0
1789391891420,0,1789391891409,-1.02774,3.6804,-1.47184,0
1789391891481,0,1789391891474,-1.02783,3.68044,-1.50428,0
1789391891535,0,1789391891527,-1.02789,3.6805,-1.53047,0
1789391891587,0,1789391891578,-1.02795,3.68056,-1.5563,0
1789391891629,0,1789391891622,-1.02798,3.68054,-1.5774,0
1789391891682,0,1789391891675,-1.02801,3.68052,-1.60301,0
1789391891730,0,1789391891720,-1.02799,3.68052,-1.62465,0
1789391891784,0,1789391891775,-1.02797,3.68053,-1.65155,0
1789391891833,0,1789391891826,-1.028,3.6805,-1.67712,0
1789391891894,0,1789391891885,-1.02808,3.68045,-1.70461,0
1789391891937,0,1789391891929,-1.0281,3.68044,-1.72521,0
1789391891991,0,1789391891981,-1.02812,3.68047,-1.74978,0
1789391892034,0,1789391892028,-1.02813,3.68046,-1.77206,0
1789391892099,0,1789391892088,-1.02816,3.68038,-1.79948,0
1789391892154,0,1789391892146,-1.02821,3.6803,-1.82676,0
1789391892206,0,1789391892197,-1.02828,3.68033,-1.85023,0
1789391892250,0,1789391892243,-1.02836,3.68037,-1.87113,0
1789391892304,0,1789391892296,-1.02838,3.68032,-1.89625,0
1789391892346,0,1789391892339,-1.02839,3.68028,-1.91601,0
1789391892400,0,1789391892391,-1.02839,3.68022,-1.94005,0
1789391892455,0,1789391892446,-1.02839,3.68017,-1.96728,0
1789391892507,0,1789391892498,-1.02838,3.6801,-1.99138,0
1789391892559,0,1789391892552,-1.02844,3.68011,-2.01725,0
1789391892621,0,1789391892613,-1.02846,3.68004,-2.04452,0
1789391892666,0,1789391892657,-1.02836,3.67995,-2.06431,0
1789391892717,0,1789391892708,-1.0284,3.67991,-2.08623,0
1789391892762,0,1789391892754,-1.02842,3.67986,-2.1052,0
1789391892823,0,1789391892810,-1.02843,3.67981,-2.12855,0
1789391892878,0,1789391892870,-1.02836,3.67979,-2.15239,0
1789391892927,0,1789391892920,-1.02829,3.67977,-2.17233,0
1789391892974,0,1789391892966,-1.02833,3.67978,-2.19037,0
1789391893023,0,1789391893014,-1.02835,3.67979,-2.20869,0
1789391893070,0,1789391893062,-1.02833,3.67976,-2.22639,0
1789391893123,0,1789391893116,-1.0283,3.67972,-2.24571,0
1789391893174,0,1789391893167,-1.02838,3.67967,-2.26278,0
1789391893228,0,1789391893216,-1.02849,3.67962,-2.27902,0
1789391893272,0,1789391893263,-1.02855,3.67962,-2.29485,0
1789391893323,0,1789391893315,-1.02856,3.67966,-2.31097,0
1789391893368,0,1789391893359,-1.02859,3.67965,-2.32446,0
1789391893419,0,1789391893412,-1.02862,3.67957,-2.34022,0
1789391893475,0,1789391893468,-1.02867,3.67952,-2.35627,0
1789391893529,0,1789391893520,-1.02872,3.67963,-2.37031,0
1789391893571,0,1789391893565,-1.02875,3.67974,-2.38178,0
1789391893624,0,1789391893616,-1.02876,3.6797,-2.39561,0
1789391893671,0,1789391893663,-1.02877,3.67966,-2.40734,0
1789391893727,0,1789391893719,-1.02874,3.67964,-2.42108,0
1789391893778,0,1789391893768,-1.02869,3.67962,-2.43261,0
1789391893832,0,1789391893823,-1.02865,3.67959,-2.44564,0
1789391893874,0,1789391893866,-1.02862,3.67956,-2.45554,0
1789391893926,0,1789391893919,-1.02858,3.6795,-2.46675,0
1789391893980,0,1789391893973,-1.02854,3.67942,-2.47777,0
1789391894041,0,1789391894033,-1.02849,3.67935,-2.48935,0
1789391894095,0,1789391894088,-1.02845,3.67933,-2.5011,0
1789391894152,0,1789391894142,-1.02842,3.67932,-2.51224,0
1789391894201,0,1789391894193,-1.02848,3.67932,-2.52175,0
1789391894253,0,1789391894244,-1.02854,3.67933,-2.52995,0
1789391894297,0,1789391894289,-1.02855,3.6793,-2.53802,0
1789391894348,0,1789391894339,-1.02855,3.67927,-2.54659,0
1789391894404,0,1789391894394,-1.02823,3.67894,-2.55478,0
1789391894455,0,1789391894445,-1.02737,3.6778,-2.56193,0
1789391894497,0,1789391894490,-1.02662,3.67679,-2.568,0
1789391894549,0,1789391894539,-1.0257,3.67549,-2.57576,0
1789391894594,0,1789391894586,-1.02466,3.67375,-2.58455,0
1789391894647,0,1789391894641,-1.02323,3.67118,-2.595,0
1789391894702,0,1789391894695,-1.02185,3.66866,-2.60587,0
1789391894756,0,1789391894747,-1.02049,3.66626,-2.61476,0
1789391894798,0,1789391894791,-1.01936,3.66424,-2.62286,0
1789391894849,0,1789391894841,-1.01807,3.66193,-2.63181,0
1789391894896,0,1789391894887,-1.01691,3.65979,-2.63973,0
1789391894958,0,1789391894949,-1.01534,3.65692,-2.65052,0
1789391895004,0,1789391894997,-1.01413,3.65468,-2.65858,0
1789391895055,0,1789391895048,-1.01291,3.65224,-2.66599,0
1789391895100,0,1789391895094,-1.01183,3.65003,-2.67172,0
1789391895153,0,1789391895146,-1.01058,3.6476,-2.6797,0
1789391895213,0,1789391895203,-1.00923,3.64496,-2.6871,0
1789391895264,0,1789391895256,-1.00803,3.6425,-2.69368,0
1789391895308,0,1789391895301,-1.00705,3.64039,-2.69993,0
1789391895359,0,1789391895352,-1.00597,3.638,-2.70617,0
1789391895406,0,1789391895399,-1.00496,3.63579,-2.71224,0
1789391895466,0,1789391895459,-1.0037,3.63297,-2.71967,0
1789391895513,0,1789391895505,-1.00273,3.63078,-2.72506,0
1789391895559,0,1789391895552,-1.00174,3.62853,-2.73095,0
1789391895611,0,1789391895601,-1.00074,3.6262,-2.73698,0
1789391895668,0,1789391895660,-0.99956,3.6234,-2.74404,0
1789391895720,0,1789391895714,-0.998417,3.62082,-2.74983,0
1789391895776,0,1789391895768,-0.997267,3.61822,-2.75562,0
1789391895818,0,1789391895810,-0.996433,3.61622,-2.75967,0
1789391895869,0,1789391895861,-0.995432,3.61376,-2.76456,0
1789391895925,0,1789391895918,-0.99437,3.61107,-2.76953,0
1789391895982,0,1789391895974,-0.993342,3.60837,-2.77439,0
1789391896031,0,1789391896023,-0.992476,3.60605,-2.77869,0
1789391896080,0,1789391896074,-0.991572,3.60358,-2.78261,0
1789391896125,0,1789391896118,-0.990803,3.60146,-2.78627,0
1789391896178,0,1789391896169,-0.98988,3.5989,-2.79001,0
1789391896225,0,1789391896217,-0.98902,3.59649,-2.79365,0
1789391896287,0,1789391896280,-0.987847,3.59341,-2.79812,0
1789391896345,0,1789391896338,-0.986773,3.59056,-2.8029,0
1789391896397,0,1789391896388,-0.985856,3.58806,-2.80669,0
1789391896441,0,1789391896433,-0.985044,3.5858,-2.80929,0
1789391896491,0,1789391896484,-0.984097,3.58331,-2.81246,0
1789391896549,0,1789391896541,-0.983048,3.58055,-2.81663,0
1789391896600,0,1789391896593,-0.982129,3.57799,-2.81964,0
1789391896644,0,1789391896637,-0.981397,3.57579,-2.8231,0
1789391896697,0,1789391896688,-0.980587,3.57323,-2.82592,0
1789391896742,0,1789391896736,-0.97987,3.57077,-2.82872,0
1789391896808,0,1789391896799,-0.97895,3.56754,-2.83069,0
1789391896857,0,1789391896848,-0.978305,3.56512,-2.83103,0
1789391896904,0,1789391896897,-0.977629,3.56262,-2.83353,0
1789391896950,0,1789391896944,-0.976941,3.56026,-2.83594,0
1789391897010,0,1789391897002,-0.976102,3.55735,-2.83912,0
1789391897057,0,1789391897051,-0.975322,3.55489,-2.84193,0
1789391897109,0,1789391897101,-0.974521,3.55236,-2.84442,0
1789391897153,0,1789391897147,-0.973784,3.55002,-2.84657,0
1789391897208,0,1789391897201,-0.972919,3.5472,-2.8498,0
1789391897261,0,1789391897254,-0.972119,3.54453,-2.85309,0
1789391897325,0,1789391897316,-0.971241,3.54148,-2.85548,0
1789391897365,0,1789391897357,-0.9707,3.53947,-2.85718,0
1789391897418,0,1789391897411,-0.969993,3.53668,-2.85995,0
1789391897461,0,1789391897453,-0.969456,3.53456,-2.86168,0
1789391897514,0,1789391897505,-0.96869,3.53183,-2.86363,0
1789391897567,0,1789391897557,-0.967935,3.52912,-2.86611,0
1789391897630,0,1789391897622,-0.967105,3.52579,-2.87026,0
1789391897677,0,1789391897671,-0.966495,3.52328,-2.87292,0
1789391897729,0,1789391897721,-0.96579,3.52076,-2.87471,0
1789391897775,0,1789391897768,-0.965117,3.5184,-2.87632,0
1789391897835,0,1789391897827,-0.964309,3.51544,-2.87857,0
1789391897878,0,1789391897871,-0.963726,3.51322,-2.88079,0
1789391897936,0,1789391897928,-0.962952,3.51037,-2.88278,0
1789391897984,0,1789391897976,-0.962274,3.50796,-2.88485,0
1789391898033,0,1789391898026,-0.961558,3.50545,-2.88612,0
1789391898080,0,1789391898072,-0.960889,3.50309,-2.88818,0
1789391898136,0,1789391898126,-0.960105,3.50032,-2.89015,0
1789391898184,0,1789391898177,-0.959387,3.49777,-2.8919,0
1789391898235,0,1789391898228,-0.958676,3.49522,-2.89427,0
1789391898281,0,1789391898274,-0.958209,3.49296,-2.89569,0
1789391898332,0,1789391898325,-0.957686,3.49044,-2.89718,0
1789391898377,0,1789391898369,-0.957071,3.48813,-2.89895,0
1789391898430,0,1789391898424,-0.956298,3.4852,-2.90097,0
1789391898475,0,1789391898468,-0.955677,3.48291,-2.90214,0
1789391898538,0,1789391898529,-0.954827,3.4797,-2.90393,0
1789391898590,0,1789391898581,-0.954066,3.47707,-2.90605,0
1789391898642,0,1789391898632,-0.953306,3.47457,-2.90764,0
1789391898683,0,1789391898676,-0.95273,3.47242,-2.90907,0
1789391898736,0,1789391898729,-0.952173,3.46971,-2.91067,0
1789391898788,0,1789391898780,-0.951643,3.46712,-2.91276,0
1789391898840,0,1789391898832,-0.951045,3.46439,-2.9146,0
1789391898884,0,1789391898877,-0.950537,3.46205,-2.91566,0
1789391898938,0,1789391898929,-0.949976,3.45933,-2.91736,0
1789391898989,0,1789391898982,-0.949405,3.45654,-2.91873,0
1789391899049,0,1789391899040,-0.948841,3.45351,-2.91974,0
1789391899092,0,1789391899086,-0.948385,3.45107,-2.92154,0
1789391899146,0,1789391899136,-0.94788,3.44854,-2.92292,0
1789391899195,0,1789391899186,-0.947363,3.44607,-2.92395,0
1789391899262,0,1789391899251,-0.946643,3.44274,-2.9262,0
1789391899309,0,1789391899300,-0.946076,3.44016,-2.92742,0
1789391899360,0,1789391899351,-0.945482,3.43752,-2.92854,0
1789391899402,0,1789391899395,-0.944964,3.43532,-2.92968,0
1789391899457,0,1789391899451,-0.944335,3.4325,-2.93141,0
1789391899512,0,1789391899500,-0.943941,3.43,-2.9322,0
1789391899559,0,1789391899551,-0.94354,3.4274,-2.93352,0
1789391899605,0,1789391899596,-0.943109,3.42496,-2.93458,0
1789391899654,0,1789391899647,-0.942621,3.42218,-2.93607,0
1789391899711,0,1789391899704,-0.942091,3.41922,-2.9376,0
1789391899765,0,1789391899756,-0.941597,3.41655,-2.93921,0
1789391899809,0,1789391899799,-0.941117,3.41431,-2.94031,0
1789391899858,0,1789391899850,-0.940525,3.41162,-2.94219,0
1789391899903,0,1789391899896,-0.939987,3.40921,-2.94291,0
1789391899962,0,1789391899954,-0.93932,3.40614,-2.94429,0
1789391900011,0,1789391900003,-0.938759,3.40365,-2.94546,0
1789391900061,0,1789391900054,-0.938167,3.401,-2.94688,0
1789391900105,0,1789391900099,-0.937662,3.3987,-2.948,0
1789391900157,0,1789391900149,-0.937183,3.39616,-2.94953,0
1789391900210,0,1789391900204,-0.936663,3.39337,-2.95083,0
1789391900271,0,1789391900264,-0.93603,3.39026,-2.95199,0
1789391900326,0,1789391900319,-0.935443,3.38738,-2.95322,0
1789391900379,0,1789391900371,-0.934963,3.38476,-2.95429,0
1789391900421,0,1789391900414,-0.934575,3.38257,-2.95511,0
1789391900472,0,1789391900465,-0.934073,3.37996,-2.95545,0
1789391900527,0,1789391900519,-0.93341,3.37667,-2.95581,0
1789391900579,0,1789391900570,-0.932786,3.37317,-2.95713,0
1789391900630,0,1789391900624,-0.932033,3.36852,-2.95797,0
1789391900680,0,1789391900673,-0.93121,3.36415,-2.95796,0
1789391900727,0,1789391900719,-0.929834,3.3578,-2.95823,0
1789391900781,0,1789391900773,-0.928249,3.3503,-2.95935,0
1789391900824,0,1789391900817,-0.926648,3.34161,-2.96052,0
1789391900883,0,1789391900871,-0.924648,3.33069,-2.96115,0
1789391900927,0,1789391900920,-0.922182,3.31758,-2.96258,0
1789391900983,0,1789391900974,-0.919485,3.30316,-2.96349,0
1789391901034,0,1789391901025,-0.916487,3.28801,-2.96434,0
1789391901085,0,1789391901077,-0.913082,3.27057,-2.96604,0
1789391901130,0,1789391901122,-0.910233,3.25539,-2.96709,0
1789391901191,0,1789391901181,-0.906224,3.23341,-2.96825,0
1789391901240,0,1789391901231,-0.903004,3.21531,-2.96894,0
1789391901287,0,1789391901280,-0.899507,3.19509,-2.96982,0
1789391901333,0,1789391901326,-0.896252,3.17575,-2.97089,0
1789391901384,0,1789391901376,-0.892556,3.15296,-2.97165,0
1789391901431,0,1789391901425,-0.888836,3.13053,-2.97242,0
1789391901496,0,1789391901484,-0.883374,3.10089,-2.97318,0
1789391901550,0,1789391901542,-0.878122,3.07237,-2.97483,0
1789391901601,0,1789391901594,-0.873349,3.04524,-2.97615,0
1789391901646,0,1789391901639,-0.869252,3.02178,-2.97671,0
1789391901699,0,1789391901688,-0.864843,2.99425,-2.9773,0
1789391901741,0,1789391901734,-0.86066,2.96777,-2.97842,0
1789391901793,0,1789391901785,-0.856439,2.93762,-2.97985,0
1789391901838,0,1789391901831,-0.852511,2.90882,-2.9809,0
1789391901903,0,1789391901894,-0.846786,2.87004,-2.98235,0
1789391901951,0,1789391901945,-0.841285,2.83749,-2.98361,0
1789391902004,0,1789391901998,-0.835802,2.80353,-2.98546,0
1789391902048,0,1789391902041,-0.831725,2.77552,-2.9874,0
1789391902106,0,1789391902094,-0.826879,2.74134,-2.98996,0
1789391902154,0,1789391902147,-0.822247,2.70793,-2.99128,0
1789391902209,0,1789391902200,-0.817628,2.6744,-2.99367,0
1789391902250,0,1789391902244,-0.813404,2.64517,-2.99576,0
1789391902306,0,1789391902296,-0.808549,2.61099,-2.99779,0
1789391902349,0,1789391902341,-0.803903,2.58185,-3.00028,0
1789391902412,0,1789391902404,-0.797478,2.54102,-3.00371,0
1789391902473,0,1789391902462,-0.791795,2.50366,-3.00675,0
1789391902539,0,1789391902516,-0.786685,2.46868,-3.01043,0
1789391902566,0,1789391902558,-0.783608,2.4415,-3.0131,0
1789391902619,0,1789391902610,-0.780522,2.40798,-3.01627,0
1789391902666,0,1789391902657,-0.777603,2.37766,-3.01979,0
1789391902722,0,1789391902715,-0.773576,2.33941,-3.02388,0
1789391902766,0,1789391902760,-0.770532,2.31021,-3.02784,0
1789391902823,0,1789391902812,-0.766795,2.27651,-3.03294,0
1789391902864,0,1789391902858,-0.76373,2.24667,-3.03879,0
1789391902930,0,1789391902922,-0.760879,2.20503,-3.04762,0
1789391902979,0,1789391902970,-0.75912,2.17361,-3.05504,0
1789391903030,0,1789391903023,-0.756551,2.13907,-3.0637,0
1789391903072,0,1789391903066,-0.754491,2.11085,-3.07105,0
1789391903126,0,1789391903117,-0.75252,2.07799,-3.082,0
1789391903181,0,1789391903172,-0.750899,2.04242,-3.09436,0
1789391903238,0,1789391903232,-0.749854,2.0046,-3.10874,0
1789391903293,0,1789391903287,-0.749718,1.96966,-3.12442,0
1789391903350,0,1789391903338,-0.749864,1.93702,-3.13824,0
1789391903390,0,1789391903383,-0.750087,1.90781,3.13496,0
1789391903439,0,1789391903432,-0.750607,1.87594,3.12296,0
1789391903487,0,1789391903479,-0.751265,1.84472,3.11172,0
1789391903549,0,1789391903539,-0.752616,1.80476,3.09812,0
1789391903592,0,1789391903585,-0.75412,1.7758,3.08756,0
1789391903651,0,1789391903642,-0.756439,1.73926,3.07592,0
1789391903696,0,1789391903687,-0.758766,1.7102,3.06827,0
1789391903744,0,1789391903736,-0.761577,1.67851,3.05978,0
1789391903794,0,1789391903786,-0.764314,1.6455,3.05361,0
1789391903874,0,1789391903847,-0.775836,1.61456,3.05166,0.0126483
1789391903898,0,1789391903891,-0.778151,1.58574,3.04995,0
1789391903980,0,1789391903940,-0.785271,1.54953,3.04979,0.00551886
1789391904033,0,1789391903988,-0.790858,1.52829,3.05241,0.0107806
1789391904083,0,1789391904049,-0.79907,1.50336,3.05628,0.015621
1789391904108,0,1789391904101,-0.801856,1.46948,3.06143,0
1789391904195,0,1789391904154,-0.808981,1.4255,3.0686,0.0110197
1789391904222,0,1789391904197,-0.810671,1.40351,3.07636,0.00557748
1789391904280,0,1789391904249,-0.812523,1.37027,3.08549,0
1789391904334,0,1789391904297,-0.811311,1.34483,3.09587,0.00581263
1789391904366,0,1789391904355,-0.812696,1.30891,3.10494,0
1789391904416,0,1789391904410,-0.81372,1.27442,3.11395,0
1789391904491,0,1789391904461,-0.811032,1.23765,3.11808,0.00504892
1789391904535,0,1789391904506,-0.812312,1.21657,3.12209,0.00670076
1789391904594,0,1789391904558,-0.81263,1.17433,3.12827,0.0118296
1789391904630,0,1789391904604,-0.810444,1.15177,3.13206,0.00355545
1789391904709,0,1789391904665,-0.814091,1.12195,3.13726,0.00498653
1789391904743,0,1789391904716,-0.813675,1.09665,-3.14145,0.000599621
1789391904802,0,1789391904765,-0.813533,1.06769,-3.13677,0.00421326
1789391904842,0,1789391904813,-0.8197,1.05265,-3.13124,0.0101102
1789391904900,0,1789391904864,-0.819711,1.02748,-3.12544,0.00048422
1789391904954,0,1789391904908,-0.818284,1.00465,-3.11976,0.00138098
1789391904985,0,1789391904962,-0.817685,0.976756,-3.11243,1.19358e-06
1789391905063,0,1789391905014,-0.82533,0.946995,-3.10363,0.00866833
1789391905094,0,1789391905066,-0.826159,0.931156,-3.09785,0.013666
1789391905157,0,1789391905114,-0.824573,0.899461,-3.09069,0.00403188
1789391905187,0,1789391905163,-0.823213,0.873313,-3.08226,0.00254077
1789391905238,0,1789391905210,-0.818288,0.837089,-3.07001,0.00890878
1789391905303,0,1789391905268,-0.813367,0.805959,-3.05498,0.00440931
1789391905347,0,1789391905322,-0.812102,0.777051,-3.03985,0.00422905
1789391905418,0,1789391905374,-0.81074,0.73125,-3.016,0.013855
1789391905444,0,1789391905418,-0.79692,0.722659,-3.00369,0.0208259
1789391905495,0,1789391905472,-0.791425,0.689535,-2.982,0
1789391905566,0,1789391905522,-0.786186,0.661155,-2.96109,0.00238465
1789391905607,0,1789391905575,-0.767384,0.619626,-2.91961,0.0156909
1789391905663,0,1789391905619,-0.743569,0.625903,-2.90724,0.0363626
1789391905679,0,1789391905670,-0.736274,0.594709,-2.89123,0
1789391905736,0,1789391905727,-0.72754,0.559471,-2.87681,0
1789391905811,0,1789391905781,-0.718761,0.518679,-2.86596,0.00800461
1789391905853,0,1789391905824,-0.71264,0.497958,-2.86254,0.00486053
1789391905904,0,1789391905874,-0.714598,0.470353,-2.85958,0.0112206
1789391905964,0,1789391905927,-0.707363,0.448305,-2.85815,0.0111975
1789391906009,0,1789391905982,-0.699576,0.401992,-2.85692,0.0122774
1789391906057,0,1789391906033,-0.692707,0.37838,-2.85601,0.00902441
1789391906109,0,1789391906085,-0.683204,0.345429,-2.85378,0
1789391906158,0,1789391906129,-0.676326,0.31994,-2.85132,0.0017355
1789391906224,0,1789391906181,-0.657748,0.272383,-2.84754,0.0181408
1789391906277,0,1789391906239,-0.64616,0.239962,-2.84674,0.00329362
1789391906315,0,1789391906290,-0.638255,0.215028,-2.84728,0.00705773
1789391906365,0,1789391906335,-0.63084,0.180611,-2.84741,0.00662799
1789391906396,0,1789391906386,-0.628697,0.177982,-2.84655,0.0300231
1789391906470,0,1789391906435,-0.619892,0.145853,-2.8494,0.00188401
1789391906521,0,1789391906495,-0.608996,0.105578,-2.85379,0.00307173
1789391906584,0,1789391906552,-0.598246,0.0698086,-2.8572,2.23517e-08
1789391906630,0,1789391906602,-0.590626,0.0476273,-2.86075,0.00938033
1789391906673,0,1789391906648,-0.582544,0.019016,-2.86428,0
1789391906726,0,1789391906701,-0.573276,-0.0141705,-2.86871,0
1789391906771,0,1789391906744,-0.565827,-0.040988,-2.87229,0
1789391906832,0,1789391906799,-0.56416,-0.0671756,-2.879,0.0121338
1789391906885,0,1789391906849,-0.557873,-0.0953528,-2.88253,0.00437908
1789391906935,0,1789391906901,-0.550313,-0.130451,-2.88832,0.00245387
1789391906979,0,1789391906946,-0.542727,-0.165894,-2.89332,0.00672284
1789391907032,0,1789391907000,-0.531792,-0.197037,-2.89564,0.00403083
1789391907076,0,1789391907051,-0.523606,-0.227154,-2.89968,0.00287989
1789391907135,0,1789391907102,-0.507681,-0.277651,-2.90656,0.0199665
1789391907183,0,1789391907147,-0.504629,-0.298679,-2.90977,0.00798577
1789391907240,0,1789391907207,-0.496186,-0.3326,-2.91786,0.00374018
1789391907306,0,1789391907256,-0.48625,-0.378045,-2.92899,0.0148416
1789391907348,0,1789391907315,-0.476651,-0.407267,-2.93244,0.00837234
1789391907388,0,1789391907357,-0.470579,-0.430507,-2.93844,0.00392282
1789391907439,0,1789391907412,-0.464382,-0.46547,-2.94801,0
1789391907475,0,1789391907453,-0.459085,-0.491605,-2.95591,2.98023e-08
1789391907536,0,1789391907507,-0.454384,-0.512921,-2.96627,0.0128568
1789391907592,0,1789391907559,-0.455142,-0.525797,-2.97626,0.0215556
1789391907633,0,1789391907610,-0.450551,-0.558907,-2.98686,0
1789391907682,0,1789391907656,-0.445889,-0.587573,-2.99678,0
1789391907757,0,1789391907710,-0.439023,-0.625264,-3.00804,0.00472889
1789391907786,0,1789391907762,-0.435012,-0.657102,-3.02363,0
1789391907858,0,1789391907812,-0.431939,-0.688418,-3.04143,0.00119259
1789391907883,0,1789391907858,-0.433377,-0.706342,-3.05179,0.00935242
1789391907953,0,1789391907914,-0.413392,-0.745283,-3.06948,0.0195999
1789391907997,0,1789391907963,-0.409327,-0.77571,-3.08936,0.00573465
1789391908051,0,1789391908017,-0.419044,-0.841361,-3.1295,0.041209
1789391908085,0,1789391908060,-0.401127,-0.837046,-3.11569,0.0300782
1789391908120,0,1789391908112,-0.400898,-0.853955,-3.13143,0
1789391908212,0,1789391908173,-0.367236,-0.873105,3.1378,0.0344771
1789391908231,0,1789391908223,-0.367431,-0.881493,3.12426,0
1789391908275,0,1789391908269,-0.367698,-0.889235,3.11215,0
1789391908330,0,1789391908319,-0.367993,-0.897239,3.09756,0
1789391908373,0,1789391908366,-0.368341,-0.904393,3.08473,0
1789391908447,0,1789391908413,-0.352464,-0.915255,3.07851,0.0167008
1789391908475,0,1789391908466,-0.352982,-0.92269,3.07256,0
1789391908532,0,1789391908523,-0.353593,-0.930797,3.07045,0
1789391908585,0,1789391908577,-0.354057,-0.937331,3.07446,0
1789391908634,0,1789391908626,-0.354443,-0.943014,3.0828,0
1789391908680,0,1789391908672,-0.354729,-0.947715,3.09639,0
1789391908734,0,1789391908725,-0.354945,-0.953213,3.11653,0
1789391908777,0,1789391908769,-0.354928,-0.957417,3.13418,0
1789391908836,0,1789391908826,-0.354773,-0.962875,-3.12461,0
1789391908883,0,1789391908875,-0.354539,-0.967767,-3.10396,0
1789391908941,0,1789391908932,-0.35413,-0.973349,-3.08028,0
1789391908989,0,1789391908982,-0.353791,-0.978445,-3.05977,0
1789391909041,0,1789391909031,-0.353378,-0.983438,-3.03947,0
1789391909085,0,1789391909076,-0.353041,-0.9876,-3.02151,0
1789391909140,0,1789391909133,-0.352996,-0.988224,-3.0033,0
1789391909189,0,1789391909184,-0.352882,-0.989388,-2.99154,0
1789391909249,0,1789391909239,-0.352776,-0.990259,-2.98228,0
1789391909295,0,1789391909288,-0.352598,-0.991603,-2.97808,0
1789391909347,0,1789391909337,-0.352437,-0.99272,-2.97755,0
1789391909390,0,1789391909384,-0.352258,-0.99386,-2.97789,0
1789391909448,0,1789391909439,-0.352155,-0.994033,-2.97748,0
1789391909494,0,1789391909488,-0.352063,-0.994186,-2.97745,0
1789391909549,0,1789391909538,-0.352114,-0.994125,-2.97738,0
1789391909595,0,1789391909584,-0.309856,-1.01214,-2.9796,0.0550697
1789391909650,0,1789391909641,-0.301439,-1.01577,-2.97944,0
1789391909707,0,1789391909700,-0.301311,-1.01589,-2.97904,0
1789391909756,0,1789391909748,-0.301266,-1.01591,-2.97885,0
1789391909803,0,1789391909796,-0.301245,-1.01589,-2.97878,0
1789391909856,0,1789391909849,-0.30125,-1.01582,-2.97858,0
1789391909906,0,1789391909900,-0.301285,-1.01568,-2.97829,0
1789391909963,0,1789391909956,-0.30132,-1.01559,-2.97814,0
1789391910016,0,1789391910010,-0.301347,-1.01565,-2.97803,0
1789391910074,0,1789391910066,-0.301379,-1.01569,-2.97816,0
1789391910119,0,1789391910110,-0.301426,-1.01559,-2.97788,0
1789391910171,0,1789391910161,-0.301481,-1.01548,-2.97791,0
1789391910216,0,1789391910208,-0.301434,-1.01549,-2.97727,0
1789391910272,0,1789391910261,-0.301381,-1.0155,-2.97711,0
1789391910322,0,1789391910313,-0.301314,-1.01555,-2.9767,0
1789391910373,0,1789391910365,-0.301243,-1.01561,-2.97734,0
1789391910421,0,1789391910412,-0.301255,-1.01556,-2.97774,0
1789391910473,0,1789391910466,-0.301292,-1.01547,-2.97734,0
1789391910523,0,1789391910515,-0.3013,-1.01543,-2.97735,0
1789391910576,0,1789391910569,-0.301284,-1.01543,-2.97728,0
1789391910621,0,1789391910614,-0.301228,-1.01541,-2.97723,0
1789391910674,0,1789391910666,-0.301082,-1.01536,-2.97657,0
1789391910725,0,1789391910716,-0.300961,-1.01532,-2.97707,0
1789391910781,0,1789391910774,-0.300931,-1.01532,-2.97725,0
1789391910828,0,1789391910820,-0.300909,-1.01532,-2.97768,0
1789391910888,0,1789391910879,-0.30095,-1.01534,-2.97729,0
1789391910933,0,1789391910924,-0.30099,-1.01537,-2.97696,0
1789391910982,0,1789391910975,-0.300943,-1.01527,-2.97649,0
1789391911030,0,1789391911023,-0.300882,-1.01516,-2.97675,0
1789391911082,0,1789391911075,-0.300929,-1.01507,-2.97763,0
1789391911139,0,1789391911130,-0.301045,-1.01498,-2.97766,0
1789391911201,0,1789391911194,-0.301114,-1.01497,-2.97773,0
1789391911242,0,1789391911236,-0.301093,-1.01504,-2.97736,0
1789391911294,0,1789391911287,-0.301063,-1.01514,-2.97684,0
1789391911340,0,1789391911333,-0.301027,-1.01522,-2.9767,0
1789391911393,0,1789391911385,-0.30101,-1.01531,-2.97636,0
1789391911439,0,1789391911432,-0.301103,-1.01534,-2.97669,0
1789391911499,0,1789391911490,-0.301213,-1.01539,-2.97683,0
1789391911540,0,1789391911534,-0.301173,-1.0155,-2.97694,0
1789391911594,0,1789391911584,-0.301126,-1.01562,-2.97707,0
1789391911639,0,1789391911632,-0.301128,-1.01561,-2.97703,0
1789391911701,0,1789391911693,-0.301137,-1.01557,-2.97711,0
1789391911751,0,1789391911744,-0.301093,-1.01553,-2.97725,0
1789391911805,0,1789391911796,-0.301021,-1.01548,-2.97755,0
1789391911846,0,1789391911840,-0.301068,-1.01552,-2.97821,0
1789391911897,0,1789391911889,-0.301207,-1.01561,-2.97859,0
1789391911946,0,1789391911939,-0.301269,-1.01562,-2.97837,0
1789391912003,0,1789391911996,-0.301158,-1.01544,-2.97898,0
1789391912060,0,1789391912054,-0.301073,-1.01527,-2.97916,0
1789391912109,0,1789391912103,-0.301145,-1.01518,-2.97945,0
1789391912158,0,1789391912150,-0.301214,-1.01509,-2.97947,0
1789391912210,0,1789391912201,-0.301259,-1.01508,-2.97963,0
1789391912256,0,1789391912247,-0.3013,-1.01508,-2.97979,0
1789391912309,0,1789391912301,-0.301396,-1.01506,-2.97977,0
1789391912357,0,1789391912350,-0.301494,-1.01504,-2.97938,0
1789391912409,0,1789391912402,-0.301489,-1.01507,-2.97955,0
1789391912464,0,1789391912458,-0.301422,-1.01512,-2.98007,0
1789391912516,0,1789391912508,-0.301341,-1.01511,-2.97978,0
1789391912560,0,1789391912554,-0.30125,-1.01507,-2.97998,0
1789391912613,0,1789391912605,-0.301155,-1.01504,-2.98004,0
1789391912662,0,1789391912653,-0.301081,-1.01503,-2.98025,0
1789391912719,0,1789391912711,-0.301001,-1.01503,-2.97994,0
1789391912763,0,1789391912756,-0.300992,-1.01508,-2.97962,0
1789391912812,0,1789391912805,-0.300982,-1.01514,-2.97939,0
1789391912862,0,1789391912856,-0.30097,-1.01513,-2.97943,0
1789391912922,0,1789391912914,-0.300957,-1.01512,-2.97948,0
1789391912973,0,1789391912966,-0.30104,-1.01516,-2.97975,0
1789391913028,0,1789391913018,-0.301144,-1.0152,-2.97984,0
1789391913079,0,1789391913071,-0.301195,-1.01523,-2.97956,0
1789391913130,0,1789391913122,-0.301214,-1.01524,-2.97954,0
1789391913174,0,1789391913167,-0.301245,-1.01527,-2.97945,0
1789391913226,0,1789391913217,-0.301293,-1.01529,-2.97967,0
1789391913272,0,1789391913264,-0.301337,-1.01529,-2.97975,0
1789391913327,0,1789391913319,-0.301388,-1.01524,-2.98007,0
1789391913376,0,1789391913368,-0.301415,-1.01522,-2.97976,0
1789391913429,0,1789391913421,-0.301351,-1.01532,-2.97893,0
1789391913479,0,1789391913473,-0.301288,-1.01543,-2.97905,0
1789391913530,0,1789391913524,-0.301271,-1.01542,-2.97803,0
1789391913575,0,1789391913568,-0.301257,-1.01542,-2.97748,0
1789391913628,0,1789391913619,-0.301172,-1.0155,-2.97704,0
1789391913672,0,1789391913665,-0.301084,-1.01559,-2.97753,0
1789391913734,0,1789391913725,-0.30097,-1.01564,-2.97766,0
1789391913781,0,1789391913774,-0.30088,-1.01564,-2.97798,0
1789391913832,0,1789391913824,-0.300855,-1.0156,-2.97843,0
1789391913876,0,1789391913870,-0.300892,-1.01554,-2.97882,0
1789391913932,0,1789391913925,-0.300894,-1.01548,-2.97991,0
1789391913988,0,1789391913981,-0.300797,-1.01549,-2.98047,0
1789391914041,0,1789391914033,-0.300736,-1.01549,-2.98088,0
1789391914083,0,1789391914077,-0.300808,-1.01548,-2.98071,0
1789391914136,0,1789391914128,-0.300893,-1.01547,-2.98016,0
1789391914187,0,1789391914182,-0.300923,-1.01543,-2.97971,0
1789391914249,0,1789391914242,-0.300952,-1.01538,-2.97983,0
1789391914298,0,1789391914291,-0.301103,-1.01531,-2.97984,0
1789391914359,0,1789391914350,-0.301306,-1.01522,-2.98033,0
1789391914401,0,1789391914394,-0.301216,-1.0152,-2.97974,0
1789391914452,0,1789391914445,-0.30103,-1.01518,-2.97937,0
1789391914497,0,1789391914490,-0.300962,-1.01517,-2.97935,0
1789391914550,0,1789391914542,-0.300965,-1.01514,-2.97942,0
1789391914594,0,1789391914586,-0.300968,-1.01516,-2.97929,0
1789391914654,0,1789391914645,-0.300975,-1.01525,-2.97951,0
1789391914702,0,1789391914694,-0.300978,-1.0153,-2.97896,0
1789391914758,0,1789391914750,-0.300967,-1.01529,-2.97888,0
1789391914807,0,1789391914798,-0.300958,-1.01528,-2.97881,0
1789391914859,0,1789391914850,-0.301009,-1.01532,-2.97817,0
1789391914908,0,1789391914899,-0.301059,-1.01535,-2.97809,0
1789391914970,0,1789391914962,-0.301075,-1.01542,-2.97808,0
1789391915020,0,1789391915005,-0.30107,-1.01547,-2.97788,0
1789391915064,0,1789391915056,-0.301054,-1.01555,-2.97844,0
1789391915108,0,1789391915101,-0.301037,-1.01562,-2.97757,0
1789391915163,0,1789391915155,-0.301004,-1.01568,-2.97716,0
1789391915213,0,1789391915206,-0.300963,-1.0157,-2.97719,0
1789391915266,0,1789391915259,-0.300904,-1.01572,-2.97749,0
1789391915312,0,1789391915303,-0.300832,-1.01571,-2.97757,0
1789391915367,0,1789391915357,-0.300757,-1.01572,-2.97726,0
1789391915415,0,1789391915408,-0.300769,-1.0158,-2.97719,0
1789391915475,0,1789391915466,-0.300783,-1.01588,-2.977,0
1789391915521,0,1789391915513,-0.30077,-1.01578,-2.97763,0
1789391915573,0,1789391915564,-0.300756,-1.01568,-2.97851,0
1789391915616,0,1789391915609,-0.300738,-1.01573,-2.97906,0
1789391915672,0,1789391915663,-0.300715,-1.01579,-2.97908,0
1789391915724,0,1789391915718,-0.300784,-1.01581,-2.98004,0
1789391915776,0,1789391915768,-0.300897,-1.0158,-2.98054,0
1789391915821,0,1789391915813,-0.301,-1.01579,-2.98006,0
1789391915871,0,1789391915864,-0.301121,-1.01578,-2.98058,0
1789391915923,0,1789391915914,-0.30116,-1.0158,-2.98034,0
1789391915980,0,1789391915972,-0.301024,-1.01589,-2.98038,0
1789391916024,0,1789391916016,-0.300939,-1.01594,-2.9806,0
1789391916075,0,1789391916067,-0.300917,-1.01589,-2.98081,0
1789391916125,0,1789391916118,-0.300894,-1.01584,-2.98068,0
1789391916184,0,1789391916178,-0.300831,-1.01591,-2.98122,0
1789391916241,0,1789391916232,-0.300768,-1.01598,-2.98119,0
1789391916292,0,1789391916283,-0.300863,-1.01589,-2.98129,0
1789391916336,0,1789391916329,-0.300974,-1.01579,-2.98133,0
1789391916387,0,1789391916379,-0.301003,-1.01572,-2.98118,0
1789391916439,0,1789391916430,-0.300988,-1.01568,-2.98128,0
1789391916499,0,1789391916491,-0.300949,-1.01566,-2.98153,0
1789391916541,0,1789391916534,-0.300902,-1.01568,-2.98155,0
1789391916591,0,1789391916583,-0.300876,-1.0157,-2.98114,0
1789391916637,0,1789391916630,-0.300902,-1.01572,-2.98115,0
1789391916690,0,1789391916682,-0.300923,-1.01572,-2.98116,0
1789391916746,0,1789391916739,-0.300899,-1.01567,-2.98144,0
1789391916797,0,1789391916787,-0.30088,-1.01563,-2.98204,0
1789391916842,0,1789391916834,-0.300941,-1.01573,-2.98209,0
1789391916897,0,1789391916887,-0.301011,-1.01585,-2.98211,0
1789391916950,0,1789391916942,-0.300973,-1.01587,-2.98207,0
1789391917001,0,1789391916992,-0.300909,-1.01586,-2.9821,0
1789391917045,0,1789391917037,-0.300915,-1.01591,-2.98226,0
1789391917096,0,1789391917088,-0.300944,-1.01597,-2.9816,0
1789391917155,0,1789391917148,-0.301061,-1.01601,-2.98141,0
1789391917209,0,1789391917201,-0.30121,-1.01603,-2.98053,0
1789391917252,0,1789391917243,-0.30129,-1.01603,-2.98035,0
1789391917306,0,1789391917297,-0.301317,-1.016,-2.98008,0
1789391917346,0,1789391917339,-0.301337,-1.01598,-2.97976,0
1789391917405,0,1789391917398,-0.301361,-1.01596,-2.97938,0
1789391917462,0,1789391917455,-0.301383,-1.01594,-2.97906,0
1789391917515,0,1789391917505,-0.3013,-1.01594,-2.97886,0
1789391917558,0,1789391917551,-0.301224,-1.01595,-2.979,0
1789391917614,0,1789391917604,-0.301191,-1.01596,-2.97903,0
1789391917657,0,1789391917648,-0.301175,-1.01597,-2.97935,0
1789391917713,0,1789391917705,-0.301167,-1.01594,-2.97979,0
1789391917762,0,1789391917754,-0.301169,-1.01587,-2.97952,0
1789391917813,0,1789391917805,-0.301168,-1.01586,-2.97949,0
1789391917858,0,1789391917850,-0.301166,-1.01589,-2.97956,0
1789391917918,0,1789391917911,-0.301168,-1.01592,-2.97964,0
1789391917970,0,1789391917962,-0.30118,-1.01593,-2.97971,0
1789391918023,0,1789391918014,-0.301185,-1.01593,-2.97976,0
1789391918067,0,1789391918059,-0.301155,-1.01592,-2.97971,0
1789391918116,0,1789391918108,-0.301123,-1.01591,-2.97964,0
1789391918163,0,1789391918155,-0.301059,-1.01596,-2.98032,0
1789391918218,0,1789391918210,-0.300984,-1.01602,-2.98057,0
1789391918267,0,1789391918259,-0.300911,-1.01598,-2.98088,0
1789391918319,0,1789391918310,-0.300834,-1.01593,-2.98079,0
1789391918373,0,1789391918366,-0.30076,-1.01592,-2.9813,0
1789391918422,0,1789391918415,-0.300702,-1.01593,-2.98143,0
1789391918468,0,1789391918462,-0.30066,-1.01589,-2.98132,0
1789391918520,0,1789391918511,-0.300626,-1.01581,-2.98173,0
1789391918564,0,1789391918558,-0.300623,-1.01571,-2.98197,0
1789391918625,0,1789391918616,-0.300682,-1.01554,-2.982,0
1789391918680,0,1789391918673,-0.300723,-1.01541,-2.98182,0
1789391918731,0,1789391918724,-0.300672,-1.01554,-2.98201,0
1789391918785,0,1789391918778,-0.300617,-1.01567,-2.98245,0
1789391918834,0,1789391918827,-0.300522,-1.01562,-2.98271,0
1789391918880,0,1789391918873,-0.300433,-1.01558,-2.98275,0
1789391918931,0,1789391918924,-0.300469,-1.01557,-2.98255,0
1789391918986,0,1789391918979,-0.300538,-1.01557,-2.9822,0
1789391919039,0,1789391919033,-0.300546,-1.01559,-2.9826,0
1789391919083,0,1789391919075,-0.300525,-1.01561,-2.98264,0
1789391919135,0,1789391919128,-0.300517,-1.01559,-2.98281,0
1789391919181,0,1789391919174,-0.300525,-1.01555,-2.98318,0
1789391919241,0,1789391919232,-0.300543,-1.01555,-2.98325,0
1789391919290,0,1789391919284,-0.300573,-1.01564,-2.98347,0
1789391919345,0,1789391919336,-0.300602,-1.01572,-2.98362,0
1789391919387,0,1789391919380,-0.300617,-1.01567,-2.98407,0
1789391919439,0,1789391919431,-0.300634,-1.01562,-2.98457,0
1789391919484,0,1789391919478,-0.300627,-1.01557,-2.98477,0
1789391919547,0,1789391919541,-0.300618,-1.0155,-2.98562,0
1789391919600,0,1789391919593,-0.300545,-1.01543,-2.98601,0
1789391919655,0,1789391919646,-0.300455,-1.01537,-2.98605,0
1789391919697,0,1789391919689,-0.300445,-1.01535,-2.98606,0
1789391919753,0,1789391919743,-0.300453,-1.01534,-2.98674,0
1789391919803,0,1789391919795,-0.300413,-1.0153,-2.98708,0
1789391919856,0,1789391919848,-0.300322,-1.01523,-2.98721,0
1789391919908,0,1789391919900,-0.300241,-1.0152,-2.98761,0
1789391919957,0,1789391919951,-0.300177,-1.01526,-2.988,0
1789391920002,0,1789391919996,-0.300131,-1.01531,-2.98813,0
1789391920054,0,1789391920047,-0.300129,-1.01534,-2.98814,0
1789391920113,0,1789391920105,-0.300126,-1.01538,-2.98846,0
1789391920165,0,1789391920156,-0.300239,-1.01536,-2.98834,0
1789391920209,0,1789391920201,-0.300338,-1.01534,-2.9878,0
1789391920260,0,1789391920251,-0.300358,-1.01531,-2.98791,0
1789391920309,0,1789391920301,-0.300363,-1.01529,-2.98794,0
1789391920367,0,1789391920361,-0.300353,-1.01529,-2.9877,0
1789391920414,0,1789391920405,-0.300337,-1.01533,-2.98772,0
1789391920465,0,1789391920456,-0.300337,-1.01539,-2.98821,0
1789391920509,0,1789391920502,-0.300352,-1.01548,-2.98755,0
1789391920566,0,1789391920558,-0.300422,-1.01554,-2.98762,0
1789391920615,0,1789391920607,-0.300583,-1.01548,-2.98769,0
1789391920678,0,1789391920669,-0.300756,-1.01542,-2.98722,0
1789391920718,0,1789391920711,-0.300744,-1.01548,-2.98715,0
1789391920778,0,1789391920768,-0.300726,-1.01555,-2.9869,0
1789391920825,0,1789391920817,-0.300617,-1.01547,-2.98725,0
1789391920876,0,1789391920868,-0.300502,-1.01537,-2.98707,0
1789391920920,0,1789391920913,-0.300491,-1.01528,-2.98682,0
1789391920973,0,1789391920965,-0.300484,-1.01517,-2.98716,0
1789391921030,0,1789391921022,-0.300541,-1.01515,-2.98706,0
1789391921079,0,1789391921072,-0.300628,-1.01518,-2.98657,0
1789391921125,0,1789391921118,-0.300652,-1.01523,-2.98681,0
1789391921180,0,1789391921173,-0.300629,-1.01529,-2.98705,0
1789391921239,0,1789391921231,-0.300603,-1.01534,-2.98686,0
1789391921293,0,1789391921286,-0.300573,-1.01536,-2.98668,0
1789391921336,0,1789391921327,-0.300569,-1.01538,-2.9864,0
1789391921384,0,1789391921377,-0.300649,-1.01544,-2.98618,0
1789391921433,0,1789391921425,-0.300726,-1.0155,-2.98627,0
1789391921486,0,1789391921478,-0.300688,-1.01547,-2.98626,0
1789391921541,0,1789391921533,-0.300643,-1.01543,-2.98644,0
1789391921594,0,1789391921586,-0.300567,-1.01537,-2.98643,0
1789391921636,0,1789391921629,-0.300501,-1.01532,-2.98651,0
1789391921689,0,1789391921680,-0.30038,-1.01533,-2.98699,0
1789391921743,0,1789391921736,-0.300223,-1.01538,-2.98767,0
1789391921799,0,1789391921787,-0.300199,-1.01537,-2.98788,0
1789391921840,0,1789391921831,-0.300279,-1.01533,-2.98742,0
1789391921890,0,1789391921881,-0.300355,-1.01525,-2.98746,0
1789391921945,0,1789391921938,-0.300402,-1.01511,-2.98784,0
1789391922003,0,1789391921995,-0.300445,-1.01501,-2.98747,0
1789391922052,0,1789391922044,-0.300465,-1.01511,-2.98823,0
1789391922102,0,1789391922094,-0.300484,-1.0152,-2.98817,0
1789391922149,0,1789391922140,-0.300411,-1.0151,-2.98815,0
1789391922199,0,1789391922192,-0.300327,-1.01499,-2.98801,0
1789391922248,0,1789391922241,-0.300339,-1.015,-2.9878,0
1789391922305,0,1789391922298,-0.300369,-1.01502,-2.98789,0
1789391922354,0,1789391922347,-0.300338,-1.01502,-2.98814,0
1789391922412,0,1789391922404,-0.300272,-1.01502,-2.98814,0
1789391922456,0,1789391922449,-0.300237,-1.01496,-2.98851,0
1789391922509,0,1789391922502,-0.300209,-1.01484,-2.98824,0
1789391922551,0,1789391922545,-0.30024,-1.01479,-2.98847,0
1789391922609,0,1789391922599,-0.300382,-1.01481,-2.98803,0
1789391922659,0,1789391922652,-0.300501,-1.01484,-2.98862,0
1789391922716,0,1789391922707,-0.300508,-1.01486,-2.98856,0
1789391922765,0,1789391922759,-0.300514,-1.01488,-2.98852,0
1789391922814,0,1789391922806,-0.300398,-1.01489,-2.98877,0
1789391922859,0,1789391922852,-0.300284,-1.0149,-2.98884,0
1789391922915,0,1789391922905,-0.300367,-1.01489,-2.98956,0
1789391922968,0,1789391922961,-0.300514,-1.01487,-2.98971,0
1789391923020,0,1789391923011,-0.300543,-1.01487,-2.99011,0
1789391923072,0,1789391923066,-0.300522,-1.01488,-2.98957,0
1789391923123,0,1789391923115,-0.300493,-1.01496,-2.9893,0
1789391923170,0,1789391923162,-0.300455,-1.01508,-2.98869,0
1789391923221,0,1789391923213,-0.300437,-1.01518,-2.98917,0
1789391923265,0,1789391923258,-0.300464,-1.01523,-2.98906,0
1789391923320,0,1789391923312,-0.300494,-1.01529,-2.98933,0
1789391923375,0,1789391923368,-0.300516,-1.01535,-2.98946,0
1789391923430,0,1789391923422,-0.300536,-1.01541,-2.98965,0
1789391923473,0,1789391923464,-0.30048,-1.01542,-2.98946,0
1789391923531,0,1789391923523,-0.300399,-1.01542,-2.98906,0
1789391923575,0,1789391923568,-0.300422,-1.01549,-2.98867,0
1789391923624,0,1789391923617,-0.300451,-1.01557,-2.98863,0
1789391923672,0,1789391923664,-0.300499,-1.01559,-2.98802,0
1789391923736,0,1789391923727,-0.300575,-1.0156,-2.98814,0
1789391923784,0,1789391923777,-0.300549,-1.01562,-2.98779,0
1789391923836,0,1789391923828,-0.300438,-1.01566,-2.98772,0
1789391923880,0,1789391923873,-0.30036,-1.0157,-2.98757,0
1789391923931,0,1789391923925,-0.300304,-1.01576,-2.98727,0
1789391923981,0,1789391923975,-0.300269,-1.0158,-2.98669,0
1789391924046,0,1789391924036,-0.300327,-1.01574,-2.9868,0
1789391924087,0,1789391924080,-0.30037,-1.0157,-2.98675,0
1789391924138,0,1789391924129,-0.300369,-1.01567,-2.98669,0
1789391924183,0,1789391924175,-0.300368,-1.01564,-2.98639,0
1789391924236,0,1789391924228,-0.300299,-1.01552,-2.98602,0
1789391924294,0,1789391924286,-0.300206,-1.01537,-2.98526,0
1789391924345,0,1789391924337,-0.300188,-1.01538,-2.98506,0
1789391924389,0,1789391924382,-0.300199,-1.01545,-2.98527,0
1789391924441,0,1789391924433,-0.300195,-1.01546,-2.98481,0
1789391924494,0,1789391924487,-0.300171,-1.0154,-2.98513,0
1789391924547,0,1789391924539,-0.300145,-1.01536,-2.98539,0
1789391924588,0,1789391924582,-0.300118,-1.01533,-2.98487,0
1789391924641,0,1789391924634,-0.30009,-1.01531,-2.98506,0
1789391924688,0,1789391924681,-0.300091,-1.01531,-2.98504,0
1789391924749,0,1789391924741,-0.300094,-1.01531,-2.98501,0
1789391924795,0,1789391924787,-0.300086,-1.01535,-2.98507,0
1789391924847,0,1789391924837,-0.300078,-1.0154,-2.98594,0
1789391924890,0,1789391924884,-0.300036,-1.0154,-2.98616,0
1789391924951,0,1789391924942,-0.299979,-1.01539,-2.98555,0
1789391925003,0,1789391924995,-0.299881,-1.0154,-2.98623,0
1789391925057,0,1789391925050,-0.299752,-1.0154,-2.98661,0
1789391925108,0,1789391925100,-0.299701,-1.01538,-2.98651,0
1789391925159,0,1789391925152,-0.299712,-1.01534,-2.98645,0
1789391925212,0,1789391925196,-0.299753,-1.01532,-2.98699,0
1789391925256,0,1789391925248,-0.29986,-1.01534,-2.98687,0
1789391925302,0,1789391925292,-0.299923,-1.01536,-2.98692,0
1789391925355,0,1789391925348,-0.299856,-1.01542,-2.98702,0
1789391925409,0,1789391925402,-0.299792,-1.01547,-2.98713,0
1789391925473,0,1789391925464,-0.299827,-1.01549,-2.98683,0
1789391925520,0,1789391925513,-0.299873,-1.0155,-2.98691,0
1789391925569,0,1789391925562,-0.299854,-1.0155,-2.98716,0
1789391925618,0,1789391925609,-0.299826,-1.01549,-2.98731,0
1789391925678,0,1789391925669,-0.299789,-1.01551,-2.98714,0
1789391925723,0,1789391925714,-0.299763,-1.01553,-2.98714,0
1789391925771,0,1789391925764,-0.299784,-1.0155,-2.98693,0
1789391925816,0,1789391925810,-0.299848,-1.01542,-2.98674,0
1789391925870,0,1789391925864,-0.299885,-1.01536,-2.98705,0
1789391925927,0,1789391925918,-0.299839,-1.01542,-2.98679,0
1789391925971,0,1789391925964,-0.299802,-1.01545,-2.98682,0
1789391926018,0,1789391926011,-0.299769,-1.01545,-2.98712,0
1789391926071,0,1789391926063,-0.299733,-1.01546,-2.98797,0
1789391926119,0,1789391926111,-0.299711,-1.01544,-2.98777,0
1789391926170,0,1789391926161,-0.299689,-1.01543,-2.98814,0
1789391926223,0,1789391926216,-0.29965,-1.01541,-2.9887,0
1789391926286,0,1789391926278,-0.299602,-1.0154,-2.98811,0
1789391926337,0,1789391926331,-0.299559,-1.01541,-2.9875,0
1789391926387,0,1789391926379,-0.299518,-1.01542,-2.98698,0
1789391926435,0,1789391926426,-0.299435,-1.01542,-2.98737,0
1789391926485,0,1789391926477,-0.299304,-1.01539,-2.98715,0
1789391926532,0,1789391926523,-0.29925,-1.01535,-2.98696,0
1789391926581,0,1789391926575,-0.299312,-1.01525,-2.98711,0
1789391926631,0,1789391926624,-0.299355,-1.01519,-2.98739,0
1789391926695,0,1789391926686,-0.299326,-1.01524,-2.98695,0
1789391926748,0,1789391926738,-0.299298,-1.01528,-2.98695,0
1789391926796,0,1789391926789,-0.299199,-1.01527,-2.98674,0
1789391926842,0,1789391926834,-0.299112,-1.01525,-2.98676,0
1789391926893,0,1789391926886,-0.299081,-1.01529,-2.98648,0
1789391926937,0,1789391926930,-0.299068,-1.01534,-2.98636,0
1789391926991,0,1789391926982,-0.299066,-1.01537,-2.98567,0
1789391927045,0,1789391927038,-0.29907,-1.0154,-2.98567,0
1789391927096,0,1789391927088,-0.299083,-1.01537,-2.98558,0
1789391927141,0,1789391927133,-0.2991,-1.01531,-2.98559,0
1789391927192,0,1789391927184,-0.299148,-1.01528,-2.986,0
1789391927237,0,1789391927230,-0.299239,-1.01531,-2.98616,0
1789391927295,0,1789391927287,-0.299341,-1.01534,-2.98613,0
1789391927351,0,1789391927345,-0.29936,-1.01531,-2.9861,0
1789391927406,0,1789391927397,-0.299377,-1.01528,-2.98607,0
1789391927453,0,1789391927445,-0.299301,-1.01527,-2.98626,0
1789391927500,0,1789391927491,-0.299228,-1.01525,-2.98637,0
1789391927548,0,1789391927540,-0.299169,-1.01531,-2.98684,0
1789391927607,0,1789391927599,-0.2991,-1.01539,-2.98759,0
1789391927661,0,1789391927654,-0.299041,-1.01538,-2.98766,0
1789391927712,0,1789391927705,-0.29899,-1.01532,-2.98695,0
1789391927756,0,1789391927749,-0.298979,-1.0153,-2.98721,0
1789391927809,0,1789391927802,-0.298993,-1.01528,-2.98721,0
1789391927863,0,1789391927856,-0.299003,-1.01527,-2.98719,0
1789391927914,0,1789391927905,-0.299002,-1.01527,-2.98717,0
1789391927958,0,1789391927953,-0.299002,-1.01526,-2.98726,0
1789391928014,0,1789391928005,-0.299008,-1.01517,-2.98753,0
1789391928058,0,1789391928051,-0.299013,-1.0151,-2.98754,0
1789391928117,0,1789391928110,-0.298951,-1.01499,-2.98738,0
1789391928168,0,1789391928161,-0.298889,-1.0149,-2.98737,0
1789391928219,0,1789391928210,-0.298789,-1.01486,-2.98733,0
1789391928263,0,1789391928256,-0.298691,-1.01483,-2.98734,0
1789391928321,0,1789391928313,-0.298629,-1.01487,-2.98712,0
1789391928372,0,1789391928362,-0.298613,-1.01493,-2.98733,0
1789391928422,0,1789391928415,-0.298611,-1.01493,-2.98653,0
1789391928466,0,1789391928460,-0.298624,-1.01487,-2.98665,0
1789391928524,0,1789391928514,-0.298631,-1.01483,-2.98659,0
1789391928575,0,1789391928565,-0.298619,-1.01488,-2.98697,0
1789391928622,0,1789391928613,-0.298604,-1.01492,-2.98721,0
1789391928668,0,1789391928660,-0.298574,-1.01489,-2.98707,0
1789391928731,0,1789391928724,-0.298531,-1.01485,-2.98708,0
1789391928780,0,1789391928773,-0.29858,-1.01489,-2.98653,0
1789391928833,0,1789391928826,-0.298633,-1.01494,-2.9858,0
1789391928875,0,1789391928868,-0.298634,-1.01499,-2.98617,0
1789391928938,0,1789391928929,-0.298636,-1.01505,-2.98641,0
1789391928984,0,1789391928978,-0.298599,-1.01498,-2.98713,0
1789391929035,0,1789391929026,-0.298547,-1.01485,-2.98737,0
1789391929081,0,1789391929074,-0.298559,-1.01477,-2.98748,0
1789391929132,0,1789391929125,-0.298634,-1.01473,-2.98731,0
1789391929180,0,1789391929173,-0.29866,-1.01473,-2.9868,0
1789391929241,0,1789391929233,-0.298596,-1.01482,-2.98644,0
1789391929285,0,1789391929277,-0.298569,-1.01488,-2.98635,0
1789391929336,0,1789391929328,-0.298627,-1.01491,-2.9868,0
1789391929382,0,1789391929372,-0.298677,-1.01495,-2.98692,0
1789391929438,0,1789391929429,-0.298597,-1.01499,-2.98663,0
1789391929495,0,1789391929487,-0.298492,-1.01505,-2.9861,0
1789391929547,0,1789391929539,-0.298547,-1.01502,-2.98584,0
1789391929590,0,1789391929582,-0.298629,-1.01498,-2.98582,0
1789391929643,0,1789391929635,-0.298679,-1.015,-2.98564,0
1789391929689,0,1789391929682,-0.298692,-1.01506,-2.98585,0
1789391929752,0,1789391929744,-0.298684,-1.01513,-2.98567,0
1789391929803,0,1789391929795,-0.298643,-1.01517,-2.98514,0
1789391929854,0,1789391929847,-0.298613,-1.0152,-2.98545,0
1789391929899,0,1789391929891,-0.298608,-1.01522,-2.98562,0
1789391929952,0,1789391929944,-0.298613,-1.01524,-2.98513,0
1789391930006,0,1789391929998,-0.298675,-1.01524,-2.98496,0
1789391930066,0,1789391930057,-0.298742,-1.01523,-2.98507,0
1789391930108,0,1789391930100,-0.298769,-1.0152,-2.98559,0
1789391930157,0,1789391930150,-0.298801,-1.01517,-2.9857,0
1789391930203,0,1789391930196,-0.298834,-1.01518,-2.98596,0
1789391930258,0,1789391930251,-0.298873,-1.0152,-2.98579,0
1789391930315,0,1789391930307,-0.298875,-1.01524,-2.98633,0
1789391930367,0,1789391930360,-0.298856,-1.01529,-2.98618,0
1789391930411,0,1789391930403,-0.298817,-1.01532,-2.98613,0
1789391930463,0,1789391930456,-0.298749,-1.01535,-2.98612,0
1789391930517,0,1789391930509,-0.29865,-1.01538,-2.9854,0
1789391930571,0,1789391930564,-0.298481,-1.0154,-2.9855,0
1789391930615,0,1789391930608,-0.298396,-1.01543,-2.9856,0
1789391930661,0,1789391930653,-0.298512,-1.01548,-2.98561,0
1789391930708,0,1789391930701,-0.298637,-1.01553,-2.98527,0
1789391930767,0,1789391930759,-0.298536,-1.01542,-2.98552,0
1789391930817,0,1789391930811,-0.298413,-1.0153,-2.98538,0
1789391930876,0,1789391930870,-0.29831,-1.01524,-2.98521,0
1789391930921,0,1789391930913,-0.298244,-1.01522,-2.9857,0
1789391930968,0,1789391930961,-0.29819,-1.0152,-2.98608,0
1789391931015,0,1789391931008,-0.298145,-1.01517,-2.98643,0
1789391931074,0,1789391931067,-0.298153,-1.01515,-2.98575,0
1789391931131,0,1789391931125,-0.298245,-1.01515,-2.98451,0
1789391931186,0,1789391931176,-0.298322,-1.01514,-2.9847,0
1789391931228,0,1789391931220,-0.298377,-1.01514,-2.98515,0
1789391931280,0,1789391931271,-0.29845,-1.01514,-2.98503,0
1789391931325,0,1789391931317,-0.298549,-1.01517,-2.98539,0
1789391931387,0,1789391931380,-0.298685,-1.01521,-2.98623,0
1789391931442,0,1789391931434,-0.29867,-1.01527,-2.98632,0
1789391931493,0,1789391931485,-0.298648,-1.01532,-2.98642,0
1789391931536,0,1789391931530,-0.298591,-1.01529,-2.98642,0
1789391931592,0,1789391931583,-0.298521,-1.01524,-2.98618,0
1789391931636,0,1789391931629,-0.298517,-1.01526,-2.98642,0
1789391931697,0,1789391931689,-0.298538,-1.01531,-2.98717,0
1789391931748,0,1789391931740,-0.298541,-1.01532,-2.9869,0
1789391931800,0,1789391931791,-0.298531,-1.0153,-2.98691,0
1789391931841,0,1789391931836,-0.298545,-1.0153,-2.98732,0
1789391931897,0,1789391931889,-0.298607,-1.01533,-2.9882,0
1789391931939,0,1789391931934,-0.298658,-1.01534,-2.98816,0
1789391931994,0,1789391931987,-0.298711,-1.01526,-2.98851,0
1789391932047,0,1789391932039,-0.298763,-1.01518,-2.98913,0
1789391932098,0,1789391932090,-0.29871,-1.01521,-2.98947,0
1789391932142,0,1789391932136,-0.298662,-1.01524,-2.98956,0
1789391932196,0,1789391932189,-0.2986,-1.01524,-2.99036,0
1789391932255,0,1789391932246,-0.29853,-1.01524,-2.99084,0
1789391932303,0,1789391932296,-0.298543,-1.01527,-2.99127,0
1789391932348,0,1789391932342,-0.298586,-1.01531,-2.99112,0
1789391932401,0,1789391932394,-0.298666,-1.01538,-2.99074,0
1789391932449,0,1789391932442,-0.298767,-1.01546,-2.99038,0
1789391932508,0,1789391932502,-0.29886,-1.01551,-2.98992,0
1789391932553,0,1789391932546,-0.298866,-1.01542,-2.98964,0
1789391932604,0,1789391932596,-0.298874,-1.01534,-2.98911,0
1789391932651,0,1789391932642,-0.298886,-1.01535,-2.98899,0
1789391932706,0,1789391932697,-0.2989,-1.01536,-2.98885,0
1789391932757,0,1789391932748,-0.298893,-1.01538,-2.98869,0
1789391932811,0,1789391932800,-0.298887,-1.01541,-2.98848,0
1789391932853,0,1789391932843,-0.298875,-1.01537,-2.9883,0
1789391932903,0,1789391932895,-0.298861,-1.01532,-2.9887,0
1789391932953,0,1789391932943,-0.298837,-1.01528,-2.98903,0
1789391933019,0,1789391933008,-0.298797,-1.01521,-2.98898,0
1789391933066,0,1789391933057,-0.29882,-1.01516,-2.98904,0
1789391933112,0,1789391933106,-0.298891,-1.01511,-2.98944,0
1789391933161,0,1789391933153,-0.298926,-1.01511,-2.98927,0
1789391933216,0,1789391933209,-0.298898,-1.01518,-2.98873,0
1789391933268,0,1789391933259,-0.298877,-1.01523,-2.98873,0
1789391933319,0,1789391933311,-0.298873,-1.01521,-2.98877,0
1789391933361,0,1789391933354,-0.29887,-1.0152,-2.98881,0
1789391933413,0,1789391933405,-0.29896,-1.01514,-2.98801,0
1789391933468,0,1789391933460,-0.299059,-1.01507,-2.98804,0
1789391933521,0,1789391933514,-0.298969,-1.01498,-2.98812,0
1789391933571,0,1789391933565,-0.298837,-1.0149,-2.98835,0
1789391933627,0,1789391933619,-0.298807,-1.01491,-2.98841,0
1789391933668,0,1789391933662,-0.298837,-1.01497,-2.98794,0
1789391933723,0,1789391933713,-0.29885,-1.01499,-2.98815,0
1789391933769,0,1789391933762,-0.298842,-1.01496,-2.98819,0
1789391933828,0,1789391933819,-0.298812,-1.01493,-2.98849,0
1789391933872,0,1789391933864,-0.298751,-1.01494,-2.98857,0
1789391933924,0,1789391933914,-0.298689,-1.01495,-2.98871,0
1789391933978,0,1789391933970,-0.298654,-1.01491,-2.98857,0
1789391934029,0,1789391934021,-0.298623,-1.01489,-2.98879,0
1789391934082,0,1789391934074,-0.298523,-1.01477,-2.9889,0
1789391934131,0,1789391934124,-0.298427,-1.01465,-2.9885,0
1789391934178,0,1789391934170,-0.298346,-1.01459,-2.98812,0
1789391934234,0,1789391934225,-0.298249,-1.01452,-2.98835,0
1789391934288,0,1789391934280,-0.298206,-1.01451,-2.98798,0
1789391934345,0,1789391934335,-0.298198,-1.01454,-2.98761,0
1789391934384,0,1789391934376,-0.298158,-1.01458,-2.98769,0
1789391934434,0,1789391934427,-0.298081,-1.01464,-2.98723,0
1789391934487,0,1789391934481,-0.297997,-1.01467,-2.98691,0
1789391934547,0,1789391934538,-0.297902,-1.0146,-2.98685,0
1789391934593,0,1789391934586,-0.297831,-1.01458,-2.9872,0
1789391934645,0,1789391934636,-0.297792,-1.01474,-2.98681,0
1789391934690,0,1789391934682,-0.297756,-1.01488,-2.98674,0
1789391934744,0,1789391934736,-0.297742,-1.01497,-2.98693,0
1789391934795,0,1789391934787,-0.297731,-1.01506,-2.98714,0
1789391934851,0,1789391934842,-0.297652,-1.01509,-2.98677,0
1789391934899,0,1789391934891,-0.297566,-1.0151,-2.9864,0
1789391934956,0,1789391934947,-0.297469,-1.01512,-2.98726,0
1789391934994,0,1789391934988,-0.297401,-1.01514,-2.98711,0
1789391935048,0,1789391935039,-0.297367,-1.01515,-2.98661,0
1789391935092,0,1789391935086,-0.297384,-1.01515,-2.98591,0
1789391935154,0,1789391935145,-0.297372,-1.01515,-2.98568,0
1789391935209,0,1789391935201,-0.297284,-1.01517,-2.98542,0
1789391935260,0,1789391935252,-0.297211,-1.01519,-2.9852,0
1789391935306,0,1789391935297,-0.297176,-1.01523,-2.98523,0
1789391935354,0,1789391935347,-0.297136,-1.01527,-2.98478,0
1789391935405,0,1789391935398,-0.2971,-1.01517,-2.98423,0
1789391935465,0,1789391935455,-0.29706,-1.01505,-2.98408,0
1789391935506,0,1789391935499,-0.297178,-1.01498,-2.9838,0
1789391935560,0,1789391935551,-0.297323,-1.0149,-2.98378,0
1789391935601,0,1789391935595,-0.297366,-1.01479,-2.98396,0
1789391935659,0,1789391935652,-0.297395,-1.01463,-2.98369,0
1789391935709,0,1789391935702,-0.297469,-1.01455,-2.98367,0
1789391935762,0,1789391935754,-0.297597,-1.01453,-2.98349,0
1789391935804,0,1789391935796,-0.297655,-1.01452,-2.98376,0
1789391935858,0,1789391935849,-0.297645,-1.01452,-2.98375,0
1789391935912,0,1789391935904,-0.297623,-1.0145,-2.98369,0
1789391935969,0,1789391935961,-0.29753,-1.0144,-2.98341,0
1789391936020,0,1789391936010,-0.297451,-1.0143,-2.98312,0
1789391936071,0,1789391936063,-0.297468,-1.01427,-2.98324,0
1789391936113,0,1789391936107,-0.297485,-1.01425,-2.98307,0
1789391936172,0,1789391936165,-0.297498,-1.01424,-2.9829,0
1789391936222,0,1789391936213,-0.297505,-1.01424,-2.98286,0
1789391936273,0,1789391936266,-0.297584,-1.01426,-2.98307,0
1789391936316,0,1789391936309,-0.297679,-1.01428,-2.98356,0
1789391936375,0,1789391936367,-0.297731,-1.01431,-2.98409,0
1789391936423,0,1789391936416,-0.297689,-1.01433,-2.98453,0
1789391936475,0,1789391936466,-0.297662,-1.01439,-2.98555,0
1789391936520,0,1789391936512,-0.297665,-1.01449,-2.9857,0
1789391936573,0,1789391936566,-0.297675,-1.01461,-2.9861,0
1789391936630,0,1789391936622,-0.297721,-1.01467,-2.98667,0
1789391936684,0,1789391936676,-0.297765,-1.01472,-2.98744,0
1789391936725,0,1789391936719,-0.29774,-1.01471,-2.98748,0
1789391936778,0,1789391936771,-0.297709,-1.01469,-2.98751,0
1789391936825,0,1789391936818,-0.297697,-1.01462,-2.9877,0
1789391936886,0,1789391936879,-0.297683,-1.01454,-2.98713,0
1789391936939,0,1789391936932,-0.297649,-1.01445,-2.9876,0
1789391936997,0,1789391936982,-0.297605,-1.01436,-2.98702,0
1789391937035,0,1789391937028,-0.297596,-1.01431,-2.98673,0
1789391937088,0,1789391937080,-0.297614,-1.01428,-2.9864,0
1789391937140,0,1789391937132,-0.297613,-1.01421,-2.98627,0
1789391937191,0,1789391937183,-0.297575,-1.01408,-2.9859,0
1789391937239,0,1789391937233,-0.297544,-1.01398,-2.98676,0
1789391937299,0,1789391937291,-0.297533,-1.01409,-2.98677,0
1789391937340,0,1789391937334,-0.297526,-1.01417,-2.98654,0
1789391937394,0,1789391937387,-0.297533,-1.0143,-2.98669,0
1789391937447,0,1789391937438,-0.297541,-1.01442,-2.98654,0
1789391937502,0,1789391937493,-0.297551,-1.01448,-2.98644,0
1789391937542,0,1789391937535,-0.297559,-1.0145,-2.98642,0
1789391937596,0,1789391937587,-0.297578,-1.01447,-2.98673,0
1789391937649,0,1789391937639,-0.297602,-1.01441,-2.9873,0
1789391937708,0,1789391937698,-0.29762,-1.01441,-2.98728,0
1789391937755,0,1789391937746,-0.297625,-1.01449,-2.98711,0
1789391937808,0,1789391937799,-0.297642,-1.01455,-2.98704,0
1789391937855,0,1789391937846,-0.297679,-1.01456,-2.98707,0
1789391937912,0,1789391937904,-0.297713,-1.01456,-2.98673,0
1789391937955,0,1789391937947,-0.297688,-1.01454,-2.98677,0
1789391938008,0,1789391937999,-0.297656,-1.0145,-2.98616,0
1789391938060,0,1789391938052,-0.297622,-1.01445,-2.98612,0
1789391938112,0,1789391938103,-0.297589,-1.01439,-2.98607,0
1789391938154,0,1789391938148,-0.29745,-1.01434,-2.98631,0
1789391938210,0,1789391938200,-0.297282,-1.01427,-2.98619,0
1789391938267,0,1789391938257,-0.297262,-1.01424,-2.98606,0
1789391938315,0,1789391938306,-0.297343,-1.01423,-2.9864,0
1789391938359,0,1789391938353,-0.2974,-1.01423,-2.98588,0
1789391938416,0,1789391938407,-0.297446,-1.01423,-2.98612,0
1789391938477,0,1789391938469,-0.297478,-1.01421,-2.98595,0
1789391938531,0,1789391938523,-0.297455,-1.01413,-2.98549,0
1789391938584,0,1789391938575,-0.297423,-1.01407,-2.98557,0
1789391938631,0,1789391938624,-0.297341,-1.01405,-2.98537,0
1789391938677,0,1789391938671,-0.297263,-1.01404,-2.98511,0
1789391938730,0,1789391938721,-0.297306,-1.01401,-2.98512,0
1789391938774,0,1789391938767,-0.297345,-1.01399,-2.98478,0
1789391938827,0,1789391938817,-0.297347,-1.01406,-2.98575,0
1789391938872,0,1789391938864,-0.297343,-1.01415,-2.98631,0
1789391938938,0,1789391938928,-0.29739,-1.01419,-2.98682,0
1789391938984,0,1789391938977,-0.297461,-1.01417,-2.98728,0
1789391939037,0,1789391939028,-0.297501,-1.01415,-2.98708,0
1789391939081,0,1789391939074,-0.297506,-1.01414,-2.98705,0
1789391939134,0,1789391939127,-0.297525,-1.01416,-2.98696,0
1789391939191,0,1789391939184,-0.297572,-1.01427,-2.98694,0
1789391939250,0,1789391939242,-0.29762,-1.01436,-2.98639,0
1789391939292,0,1789391939286,-0.297652,-1.01432,-2.98622,0
1789391939353,0,1789391939346,-0.297696,-1.01426,-2.98651,0
1789391939398,0,1789391939390,-0.297762,-1.01422,-2.98646,0
1789391939447,0,1789391939440,-0.297837,-1.01417,-2.98646,0
1789391939492,0,1789391939486,-0.297854,-1.01425,-2.9862,0
1789391939544,0,1789391939538,-0.29787,-1.01434,-2.98599,0
1789391939593,0,1789391939587,-0.297918,-1.01438,-2.98587,0
1789391939650,0,1789391939643,-0.29799,-1.01441,-2.98549,0
1789391939694,0,1789391939687,-0.298026,-1.01437,-2.98542,0
1789391939745,0,1789391939738,-0.298053,-1.01426,-2.98492,0
1789391939791,0,1789391939784,-0.298039,-1.01424,-2.98479,0
1789391939854,0,1789391939847,-0.297931,-1.01438,-2.98452,0
1789391939911,0,1789391939903,-0.297847,-1.01449,-2.98434,0
1789391939960,0,1789391939953,-0.297832,-1.01454,-2.9843,0
1789391940007,0,1789391939999,-0.297819,-1.01458,-2.98423,0
1789391940055,0,1789391940048,-0.297812,-1.01464,-2.98451,0
1789391940101,0,1789391940095,-0.297805,-1.01469,-2.98472,0
1789391940155,0,1789391940148,-0.297748,-1.01478,-2.98499,0
1789391940203,0,1789391940195,-0.297688,-1.01487,-2.98531,0
1789391940258,0,1789391940251,-0.297666,-1.0149,-2.98516,0
1789391940307,0,1789391940298,-0.297677,-1.01488,-2.98456,0
1789391940356,0,1789391940348,-0.297629,-1.01487,-2.9845,0
1789391940405,0,1789391940398,-0.297525,-1.01487,-2.98469,0
1789391940465,0,1789391940458,-0.297469,-1.01488,-2.98491,0
1789391940518,0,1789391940510,-0.297567,-1.01492,-2.98448,0
1789391940566,0,1789391940560,-0.297648,-1.01495,-2.98436,0
1789391940612,0,1789391940605,-0.297662,-1.01495,-2.9843,0
1789391940663,0,1789391940655,-0.297677,-1.01496,-2.98424,0
1789391940709,0,1789391940702,-0.29763,-1.01491,-2.98378,0
1789391940769,0,1789391940762,-0.29757,-1.01486,-2.98415,0
1789391940815,0,1789391940808,-0.297584,-1.01483,-2.98461,0
1789391940864,0,1789391940858,-0.297605,-1.01479,-2.98508,0
1789391940911,0,1789391940904,-0.297573,-1.01478,-2.98521,0
1789391940968,0,1789391940960,-0.297511,-1.01479,-2.98507,0
1789391941026,0,1789391941018,-0.297486,-1.01477,-2.9847,0
1789391941077,0,1789391941070,-0.297509,-1.01473,-2.98479,0
1789391941124,0,1789391941114,-0.297557,-1.01471,-2.98415,0
1789391941172,0,1789391941165,-0.29767,-1.01473,-2.98411,0
1789391941227,0,1789391941219,-0.29779,-1.01476,-2.98438,0
1789391941280,0,1789391941271,-0.297908,-1.01482,-2.98389,0
1789391941335,0,1789391941327,-0.298037,-1.01489,-2.98375,0
1789391941385,0,1789391941378,-0.297973,-1.0148,-2.98367,0
1789391941431,0,1789391941423,-0.297917,-1.01473,-2.9836,0
1789391941477,0,1789391941471,-0.297927,-1.01473,-2.98357,0
1789391941526,0,1789391941518,-0.297945,-1.01473,-2.98348,0
1789391941579,0,1789391941572,-0.298043,-1.01473,-2.98355,0
1789391941625,0,1789391941618,-0.298164,-1.01473,-2.98336,0
1789391941678,0,1789391941671,-0.298277,-1.01473,-2.98355,0
1789391941728,0,1789391941721,-0.298357,-1.01472,-2.98332,0
1789391941788,0,1789391941781,-0.29844,-1.01471,-2.98233,0
1789391941845,0,1789391941836,-0.298489,-1.0147,-2.98205,0
1789391941893,0,1789391941887,-0.298527,-1.0147,-2.98233,0
1789391941939,0,1789391941932,-0.298531,-1.01473,-2.9823,0
1789391941991,0,1789391941984,-0.298534,-1.01477,-2.98225,0
1789391942048,0,1789391942039,-0.298526,-1.01482,-2.98255,0
1789391942097,0,1789391942090,-0.298518,-1.01486,-2.98258,0
1789391942143,0,1789391942135,-0.298468,-1.0149,-2.98294,0
1789391942194,0,1789391942186,-0.298408,-1.01493,-2.98277,0
1789391942242,0,1789391942236,-0.298341,-1.015,-2.98332,0
1789391942304,0,1789391942297,-0.298252,-1.01509,-2.98306,0
1789391942348,0,1789391942341,-0.29826,-1.0151,-2.98316,0
1789391942406,0,1789391942397,-0.298334,-1.01505,-2.98271,0
1789391942452,0,1789391942445,-0.298367,-1.01504,-2.98199,0
1789391942507,0,1789391942496,-0.298344,-1.01507,-2.98221,0
1789391942548,0,1789391942541,-0.298328,-1.01509,-2.98229,0
1789391942599,0,1789391942590,-0.298332,-1.01508,-2.98261,0
1789391942643,0,1789391942637,-0.298336,-1.01507,-2.98229,0
1789391942698,0,1789391942691,-0.298315,-1.01513,-2.98249,0
1789391942751,0,1789391942745,-0.298292,-1.0152,-2.98305,0
1789391942813,0,1789391942804,-0.298355,-1.01523,-2.98334,0
1789391942857,0,1789391942850,-0.298431,-1.01524,-2.98308,0
1789391942910,0,1789391942902,-0.298469,-1.01522,-2.98315,0
1789391942955,0,1789391942946,-0.29848,-1.01519,-2.98323,0
1789391943009,0,1789391942999,-0.298506,-1.01518,-2.98346,0
1789391943055,0,1789391943045,-0.29854,-1.01519,-2.98361,0
1789391943110,0,1789391943101,-0.298548,-1.01519,-2.98462,0
1789391943162,0,1789391943156,-0.298477,-1.01516,-2.98485,0
1789391943213,0,1789391943204,-0.29842,-1.01512,-2.98499,0
1789391943259,0,1789391943251,-0.298387,-1.01498,-2.98498,0
1789391943310,0,1789391943303,-0.29835,-1.01483,-2.98497,0
1789391943363,0,1789391943357,-0.29842,-1.01496,-2.98497,0
1789391943416,0,1789391943408,-0.298493,-1.01511,-2.9851,0
1789391943463,0,1789391943454,-0.298566,-1.01512,-2.98422,0
1789391943516,0,1789391943507,-0.298653,-1.01513,-2.98381,0
1789391943565,0,1789391943559,-0.298651,-1.01508,-2.98373,0
1789391943618,0,1789391943610,-0.298603,-1.01501,-2.98417,0
1789391943662,0,1789391943654,-0.298611,-1.01494,-2.98414,0
1789391943713,0,1789391943705,-0.29866,-1.01486,-2.98491,0
1789391943767,0,1789391943759,-0.298702,-1.01479,-2.98561,0
1789391943816,0,1789391943810,-0.298722,-1.01477,-2.98616,0
1789391943863,0,1789391943856,-0.298748,-1.01476,-2.98608,0
1789391943917,0,1789391943909,-0.298827,-1.0148,-2.98649,0
1789391943979,0,1789391943971,-0.29892,-1.01485,-2.98658,0
1789391944038,0,1789391944031,-0.298927,-1.0148,-2.98662,0
1789391944082,0,1789391944076,-0.298922,-1.01475,-2.98718,0
1789391944133,0,1789391944125,-0.298896,-1.01479,-2.98727,0
1789391944177,0,1789391944171,-0.29887,-1.01485,-2.98754,0
1789391944229,0,1789391944222,-0.298858,-1.01485,-2.98769,0
1789391944275,0,1789391944268,-0.298855,-1.01481,-2.98769,0
1789391944330,0,1789391944322,-0.298836,-1.01483,-2.98795,0
1789391944384,0,1789391944377,-0.298798,-1.01492,-2.98776,0
1789391944445,0,1789391944435,-0.298749,-1.01499,-2.98759,0
1789391944490,0,1789391944483,-0.298691,-1.015,-2.98785,0
1789391944540,0,1789391944532,-0.298654,-1.01501,-2.98756,0
1789391944586,0,1789391944579,-0.298722,-1.01504,-2.98764,0
1789391944640,0,1789391944632,-0.298799,-1.01507,-2.98775,0
1789391944693,0,1789391944685,-0.298852,-1.01516,-2.98751,0
1789391944744,0,1789391944736,-0.298902,-1.01524,-2.98706,0
1789391944787,0,1789391944780,-0.298977,-1.01522,-2.98701,0
1789391944838,0,1789391944830,-0.299064,-1.01519,-2.98689,0
1789391944884,0,1789391944877,-0.299112,-1.01519,-2.98684,0
1789391944947,0,1789391944938,-0.299158,-1.0152,-2.9871,0
1789391944987,0,1789391944982,-0.299166,-1.01521,-2.9871,0
1789391945047,0,1789391945040,-0.299152,-1.01522,-2.98696,0
1789391945094,0,1789391945085,-0.299141,-1.01525,-2.98651,0
1789391945145,0,1789391945138,-0.299129,-1.01533,-2.98625,0
1789391945198,0,1789391945190,-0.29913,-1.01539,-2.98647,0
1789391945259,0,1789391945252,-0.299212,-1.01531,-2.98709,0
1789391945305,0,1789391945299,-0.299276,-1.01525,-2.98696,0
1789391945358,0,1789391945352,-0.299317,-1.01519,-2.98714,0
1789391945400,0,1789391945393,-0.299348,-1.01515,-2.98705,0
1789391945453,0,1789391945445,-0.299362,-1.01511,-2.98683,0
1789391945507,0,1789391945499,-0.299372,-1.01508,-2.98685,0
1789391945564,0,1789391945556,-0.299376,-1.0151,-2.98715,0
1789391945622,0,1789391945606,-0.299375,-1.01516,-2.98741,0
1789391945660,0,1789391945653,-0.29939,-1.01512,-2.98787,0
1789391945709,0,1789391945701,-0.299418,-1.015,-2.98861,0
1789391945762,0,1789391945753,-0.299411,-1.01488,-2.98883,0
1789391945814,0,1789391945808,-0.299322,-1.01477,-2.9883,0
1789391945872,0,1789391945864,-0.29926,-1.01467,-2.98814,0
1789391945920,0,1789391945913,-0.299346,-1.01469,-2.98817,0
1789391945973,0,1789391945963,-0.299435,-1.01471,-2.98882,0
1789391946018,0,1789391946011,-0.299391,-1.0147,-2.98941,0
1789391946072,0,1789391946064,-0.299341,-1.01468,-2.98944,0
1789391946125,0,1789391946119,-0.299298,-1.01463,-2.98927,0
1789391946174,0,1789391946167,-0.299264,-1.01457,-2.99009,0
1789391946222,0,1789391946214,-0.299274,-1.01454,-2.99016,0
1789391946280,0,1789391946273,-0.299308,-1.01452,-2.99079,0
1789391946328,0,1789391946319,-0.299351,-1.01454,-2.99067,0
1789391946379,0,1789391946370,-0.299415,-1.0146,-2.99124,0
1789391946424,0,1789391946416,-0.299464,-1.01463,-2.99189,0
1789391946481,0,1789391946473,-0.299507,-1.01465,-2.99209,0
1789391946532,0,1789391946524,-0.299527,-1.01466,-2.99252,0
1789391946580,0,1789391946572,-0.299478,-1.01469,-2.99289,0
1789391946628,0,1789391946621,-0.299429,-1.01472,-2.99288,0
1789391946681,0,1789391946672,-0.299387,-1.01468,-2.99269,0
1789391946732,0,1789391946724,-0.299345,-1.01465,-2.99308,0
1789391946791,0,1789391946784,-0.299327,-1.01463,-2.99316,0
1789391946836,0,1789391946829,-0.299323,-1.01463,-2.99288,0
1789391946885,0,1789391946878,-0.299376,-1.01458,-2.99287,0
1789391946933,0,1789391946925,-0.29945,-1.01451,-2.99349,0
1789391946985,0,1789391946977,-0.299468,-1.01441,-2.99355,0
1789391947032,0,1789391947024,-0.299425,-1.01431,-2.99327,0
1789391947091,0,1789391947083,-0.299365,-1.01421,-2.99229,0
1789391947139,0,1789391947130,-0.299312,-1.01422,-2.99208,0
1789391947190,0,1789391947181,-0.299272,-1.01421,-2.9922,0
1789391947233,0,1789391947224,-0.299313,-1.01413,-2.99191,0
1789391947289,0,1789391947279,-0.299368,-1.01403,-2.99203,0
1789391947342,0,1789391947333,-0.299355,-1.01392,-2.992,0
1789391947395,0,1789391947385,-0.299339,-1.01383,-2.99187,0
1789391947438,0,1789391947430,-0.299389,-1.0138,-2.99176,0
1789391947492,0,1789391947482,-0.299452,-1.01376,-2.99196,0
1789391947543,0,1789391947534,-0.299501,-1.01376,-2.99167,0
1789391947598,0,1789391947590,-0.299546,-1.01377,-2.99144,0
1789391947647,0,1789391947639,-0.29956,-1.01372,-2.99142,0
1789391947698,0,1789391947690,-0.29955,-1.0136,-2.99213,0
1789391947742,0,1789391947735,-0.299575,-1.01352,-2.99231,0
1789391947795,0,1789391947787,-0.299669,-1.01349,-2.99226,0
1789391947848,0,1789391947839,-0.299771,-1.01345,-2.99223,0
1789391947905,0,1789391947896,-0.299932,-1.01342,-2.99212,0
1789391947952,0,1789391947945,-0.300069,-1.01339,-2.99223,0
1789391948006,0,1789391947997,-0.30009,-1.01339,-2.99232,0
1789391948050,0,1789391948041,-0.300106,-1.01339,-2.99238,0
1789391948105,0,1789391948098,-0.300078,-1.01337,-2.9927,0
1789391948160,0,1789391948151,-0.300036,-1.01335,-2.99301,0
1789391948202,0,1789391948196,-0.30007,-1.01331,-2.99252,0
1789391948251,0,1789391948243,-0.300128,-1.01326,-2.99275,0
1789391948302,0,1789391948294,-0.300127,-1.01317,-2.99299,0
1789391948361,0,1789391948352,-0.300051,-1.01304,-2.9929,0
1789391948410,0,1789391948402,-0.300034,-1.01296,-2.99342,0
1789391948454,0,1789391948447,-0.300099,-1.01296,-2.99308,0
1789391948507,0,1789391948498,-0.300158,-1.01297,-2.99268,0
1789391948554,0,1789391948545,-0.300143,-1.01308,-2.99321,0
1789391948604,0,1789391948597,-0.300127,-1.0132,-2.99378,0
1789391948659,0,1789391948650,-0.300106,-1.01319,-2.99381,0
1789391948714,0,1789391948704,-0.300086,-1.01318,-2.99379,0
1789391948763,0,1789391948755,-0.300111,-1.01312,-2.99377,0
1789391948815,0,1789391948807,-0.300146,-1.01304,-2.99344,0
1789391948857,0,1789391948851,-0.300112,-1.01307,-2.99376,0
1789391948913,0,1789391948906,-0.300046,-1.01315,-2.99424,0
1789391948967,0,1789391948958,-0.300021,-1.01321,-2.9942,0
1789391949017,0,1789391949007,-0.300034,-1.01327,-2.99453,0
1789391949062,0,1789391949054,-0.30006,-1.01329,-2.9946,0
1789391949122,0,1789391949111,-0.300121,-1.01325,-2.99435,0
1789391949173,0,1789391949163,-0.300161,-1.01322,-2.99454,0
1789391949230,0,1789391949221,-0.300124,-1.01324,-2.99463,0
1789391949273,0,1789391949265,-0.300097,-1.01326,-2.9947,0
1789391949325,0,1789391949314,-0.300236,-1.01332,-2.99483,0
1789391949371,0,1789391949363,-0.300375,-1.01338,-2.99493,0
1789391949431,0,1789391949423,-0.300474,-1.01335,-2.9951,0
1789391949477,0,1789391949468,-0.300527,-1.01329,-2.99522,0
1789391949528,0,1789391949520,-0.300609,-1.01326,-2.9944,0
1789391949574,0,1789391949567,-0.300693,-1.01326,-2.99447,0
1789391949632,0,1789391949625,-0.30073,-1.01329,-2.99472,0
1789391949687,0,1789391949680,-0.300682,-1.01334,-2.99445,0
1789391949737,0,1789391949729,-0.300696,-1.01338,-2.99487,0
1789391949784,0,1789391949776,-0.300814,-1.0134,-2.995,0
1789391949838,0,1789391949828,-0.300934,-1.01341,-2.99497,0
1789391949881,0,1789391949874,-0.300989,-1.01336,-2.99505,0
1789391949940,0,1789391949932,-0.30106,-1.0133,-2.99479,0
1789391949989,0,1789391949983,-0.30104,-1.01319,-2.99428,0
1789391950039,0,1789391950031,-0.301022,-1.01309,-2.99503,0
1789391950090,0,1789391950081,-0.300997,-1.01308,-2.99504,0
1789391950149,0,1789391950141,-0.300966,-1.01309,-2.99532,0
1789391950198,0,1789391950188,-0.300937,-1.01308,-2.99514,0
1789391950247,0,1789391950238,-0.300905,-1.01307,-2.99522,0
1789391950288,0,1789391950281,-0.300881,-1.01314,-2.99513,0
1789391950344,0,1789391950333,-0.300854,-1.01331,-2.99534,0
1789391950393,0,1789391950387,-0.300883,-1.01343,-2.99509,0
1789391950454,0,1789391950448,-0.301057,-1.01343,-2.99487,0
1789391950506,0,1789391950500,-0.301183,-1.01343,-2.99479,0
1789391950558,0,1789391950551,-0.301199,-1.01348,-2.99404,0
1789391950604,0,1789391950596,-0.301213,-1.01352,-2.99438,0
1789391950654,0,1789391950646,-0.301188,-1.01355,-2.99434,0
1789391950701,0,1789391950692,-0.301165,-1.01357,-2.99431,0
1789391950762,0,1789391950755,-0.30112,-1.01355,-2.99445,0
1789391950814,0,1789391950807,-0.301079,-1.0135,-2.99454,0
1789391950868,0,1789391950860,-0.3011,-1.01341,-2.99506,0
1789391950910,0,1789391950903,-0.301146,-1.01333,-2.99553,0
1789391950961,0,1789391950953,-0.301139,-1.01326,-2.99517,0
1789391951015,0,1789391951007,-0.301068,-1.0132,-2.99509,0
1789391951073,0,1789391951066,-0.30101,-1.01316,-2.99534,0
1789391951119,0,1789391951112,-0.301004,-1.01314,-2.99548,0
1789391951172,0,1789391951166,-0.301004,-1.01313,-2.99531,0
1789391951217,0,1789391951208,-0.301035,-1.01313,-2.9955,0
1789391951269,0,1789391951261,-0.301074,-1.01312,-2.99516,0
1789391951321,0,1789391951314,-0.301072,-1.01309,-2.99513,0
1789391951373,0,1789391951365,-0.301068,-1.01306,-2.99509,0
1789391951418,0,1789391951410,-0.301049,-1.01315,-2.99463,0
1789391951471,0,1789391951463,-0.301026,-1.01327,-2.99457,0
1789391951521,0,1789391951514,-0.301061,-1.01331,-2.99471,0
1789391951570,0,1789391951563,-0.301122,-1.01332,-2.99475,0
1789391951623,0,1789391951615,-0.301133,-1.01325,-2.99504,0
1789391951680,0,1789391951673,-0.301084,-1.01309,-2.99513,0
1789391951725,0,1789391951718,-0.30104,-1.013,-2.99543,0
1789391951776,0,1789391951770,-0.300977,-1.01295,-2.99552,0
1789391951823,0,1789391951816,-0.300938,-1.0129,-2.99564,0
1789391951883,0,1789391951875,-0.300982,-1.01282,-2.99539,0
1789391951931,0,1789391951923,-0.301017,-1.01276,-2.99546,0
1789391951988,0,1789391951981,-0.300858,-1.01278,-2.99597,0
1789391952034,0,1789391952026,-0.300716,-1.0128,-2.99648,0
1789391952083,0,1789391952075,-0.300792,-1.01274,-2.99629,0
1789391952129,0,1789391952122,-0.300897,-1.01268,-2.99615,0
1789391952185,0,1789391952178,-0.300924,-1.01265,-2.99619,0
1789391952235,0,1789391952227,-0.300889,-1.01264,-2.99619,0
1789391952286,0,1789391952277,-0.300854,-1.01264,-2.99622,0
1789391952338,0,1789391952332,-0.300816,-1.01263,-2.99634,0
1789391952390,0,1789391952382,-0.300815,-1.0126,-2.99668,0
1789391952436,0,1789391952428,-0.300875,-1.01252,-2.99679,0
1789391952489,0,1789391952480,-0.300919,-1.01244,-2.99639,0
1789391952540,0,1789391952534,-0.300838,-1.01247,-2.99616,0
1789391952590,0,1789391952584,-0.300765,-1.01249,-2.99627,0
1789391952637,0,1789391952629,-0.300743,-1.01249,-2.99586,0
1789391952691,0,1789391952682,-0.300718,-1.01248,-2.9959,0
1789391952743,0,1789391952735,-0.30064,-1.01253,-2.99564,0
1789391952794,0,1789391952786,-0.300553,-1.01261,-2.99554,0
1789391952848,0,1789391952841,-0.300537,-1.01259,-2.9957,0
1789391952899,0,1789391952891,-0.300567,-1.01253,-2.99578,0
1789391952945,0,1789391952938,-0.300554,-1.01254,-2.99586,0
1789391952994,0,1789391952988,-0.300502,-1.01262,-2.99601,0
1789391953048,0,1789391953042,-0.300467,-1.01266,-2.99602,0
1789391953099,0,1789391953092,-0.300476,-1.01261,-2.99626,0
1789391953159,0,1789391953151,-0.300462,-1.01256,-2.99722,0
1789391953211,0,1789391953201,-0.300322,-1.01259,-2.99751,0
1789391953255,0,1789391953247,-0.300195,-1.01262,-2.99782,0
1789391953304,0,1789391953296,-0.300023,-1.01272,-2.9976,0
1789391953351,0,1789391953344,-0.299854,-1.01282,-2.99744,0
1789391953402,0,1789391953395,-0.299784,-1.01281,-2.99751,0
1789391953448,0,1789391953440,-0.299742,-1.01279,-2.99701,0
1789391953501,0,1789391953495,-0.299734,-1.01275,-2.99688,0
1789391953552,0,1789391953544,-0.299751,-1.01271,-2.99678,0
1789391953605,0,1789391953597,-0.299699,-1.01274,-2.99691,0
1789391953647,0,1789391953640,-0.299594,-1.01283,-2.99698,0
1789391953707,0,1789391953693,-0.29954,-1.01287,-2.99645,0
1789391953754,0,1789391953745,-0.299643,-1.01275,-2.99611,0
1789391953808,0,1789391953798,-0.299723,-1.01266,-2.99602,0
1789391953852,0,1789391953843,-0.299682,-1.01269,-2.99574,0
1789391953904,0,1789391953897,-0.299632,-1.01273,-2.99537,0
1789391953953,0,1789391953946,-0.299557,-1.01277,-2.99563,0
1789391954006,0,1789391953999,-0.299475,-1.01281,-2.99564,0
1789391954057,0,1789391954050,-0.299413,-1.01276,-2.9951,0
1789391954109,0,1789391954101,-0.299354,-1.0127,-2.99506,0
1789391954156,0,1789391954148,-0.29931,-1.01272,-2.99465,0
1789391954210,0,1789391954201,-0.299266,-1.01277,-2.99513,0
1789391954264,0,1789391954257,-0.299256,-1.01282,-2.99533,0
1789391954315,0,1789391954307,-0.299288,-1.01284,-2.99526,0
1789391954360,0,1789391954353,-0.299304,-1.01285,-2.99519,0
1789391954415,0,1789391954406,-0.2993,-1.01284,-2.99512,0
1789391954465,0,1789391954458,-0.29928,-1.01282,-2.99504,0
1789391954518,0,1789391954510,-0.299182,-1.0128,-2.99489,0
1789391954561,0,1789391954553,-0.2991,-1.01278,-2.99469,0
1789391954611,0,1789391954605,-0.299037,-1.01273,-2.99482,0
1789391954660,0,1789391954654,-0.298978,-1.01269,-2.99471,0
1789391954723,0,1789391954716,-0.299036,-1.01267,-2.99442,0
1789391954774,0,1789391954767,-0.299134,-1.01267,-2.99432,0
1789391954827,0,1789391954819,-0.299191,-1.01267,-2.99416,0
1789391954870,0,1789391954863,-0.299221,-1.01268,-2.99419,0
1789391954921,0,1789391954914,-0.299211,-1.01268,-2.99433,0
1789391954968,0,1789391954962,-0.299158,-1.01267,-2.99408,0
1789391955032,0,1789391955023,-0.299149,-1.01264,-2.99382,0
1789391955083,0,1789391955075,-0.299269,-1.01258,-2.99351,0
1789391955134,0,1789391955126,-0.299367,-1.01253,-2.99367,0
1789391955179,0,1789391955171,-0.299368,-1.01251,-2.99369,0
1789391955230,0,1789391955221,-0.29937,-1.01248,-2.99372,0
1789391955274,0,1789391955267,-0.299351,-1.01255,-2.99365,0
1789391955334,0,1789391955327,-0.299327,-1.01264,-2.9932,0
1789391955385,0,1789391955376,-0.299318,-1.01275,-2.99342,0
1789391955436,0,1789391955427,-0.29931,-1.01286,-2.99382,0
1789391955479,0,1789391955473,-0.299255,-1.01286,-2.99304,0
1789391955535,0,1789391955527,-0.29917,-1.01282,-2.9932,0
1789391955587,0,1789391955580,-0.299086,-1.01283,-2.99326,0
1789391955639,0,1789391955632,-0.299003,-1.01289,-2.99285,0
1789391955685,0,1789391955676,-0.298921,-1.01291,-2.99319,0
1789391955734,0,1789391955727,-0.298802,-1.01287,-2.99287,0
1789391955792,0,1789391955777,-0.298697,-1.01283,-2.9928,0
1789391955845,0,1789391955836,-0.29864,-1.01276,-2.99307,0
1789391955889,0,1789391955882,-0.298597,-1.01271,-2.99278,0
1789391955936,0,1789391955928,-0.29861,-1.01264,-2.9925,0
1789391955982,0,1789391955976,-0.298624,-1.01256,-2.99223,0
1789391956044,0,1789391956035,-0.298663,-1.01249,-2.99294,0
1789391956092,0,1789391956086,-0.298703,-1.01243,-2.99314,0
1789391956153,0,1789391956146,-0.298768,-1.01233,-2.99328,0
1789391956196,0,1789391956188,-0.298822,-1.01223,-2.99305,0
1789391956247,0,1789391956239,-0.298835,-1.01219,-2.99345,0
1789391956293,0,1789391956286,-0.298797,-1.01223,-2.99373,0
1789391956352,0,1789391956345,-0.298748,-1.01226,-2.99369,0
1789391956404,0,1789391956398,-0.298706,-1.01226,-2.99355,0
1789391956457,0,1789391956450,-0.298657,-1.01226,-2.99279,0
1789391956503,0,1789391956494,-0.29858,-1.01223,-2.99266,0
1789391956552,0,1789391956545,-0.298488,-1.01219,-2.99281,0
1789391956598,0,1789391956590,-0.29847,-1.01227,-2.99284,0
1789391956654,0,1789391956645,-0.298448,-1.01236,-2.99317,0
1789391956706,0,1789391956699,-0.298357,-1.01235,-2.99312,0
1789391956759,0,1789391956749,-0.298256,-1.01233,-2.99305,0
1789391956803,0,1789391956795,-0.298251,-1.01228,-2.99315,0
1789391956856,0,1789391956846,-0.298279,-1.01222,-2.99339,0
1789391956899,0,1789391956893,-0.298273,-1.01226,-2.99418,0
1789391956962,0,1789391956953,-0.298232,-1.01241,-2.99484,0
1789391957009,0,1789391957000,-0.298251,-1.01248,-2.99485,0
1789391957064,0,1789391957057,-0.298364,-1.01246,-2.99451,0
1789391957108,0,1789391957101,-0.298431,-1.01247,-2.99415,0
1789391957160,0,1789391957150,-0.298426,-1.01252,-2.99437,0
1789391957204,0,1789391957197,-0.298421,-1.01258,-2.99465,0
1789391957265,0,1789391957257,-0.298468,-1.01257,-2.99398,0
1789391957321,0,1789391957313,-0.298521,-1.01254,-2.99368,0
1789391957375,0,1789391957366,-0.29859,-1.01255,-2.993,0
1789391957417,0,1789391957409,-0.298649,-1.01256,-2.9926,0
1789391957469,0,1789391957463,-0.298757,-1.01256,-2.99248,0
1789391957522,0,1789391957516,-0.298883,-1.01255,-2.9924,0
1789391957576,0,1789391957567,-0.298937,-1.01254,-2.99221,0
1789391957620,0,1789391957612,-0.298926,-1.01252,-2.99221,0
1789391957673,0,1789391957664,-0.298909,-1.01253,-2.99215,0
1789391957713,0,1789391957707,-0.29889,-1.01256,-2.99271,0
1789391957769,0,1789391957761,-0.29888,-1.01258,-2.99359,0
1789391957822,0,1789391957815,-0.298943,-1.01253,-2.99392,0
1789391957879,0,1789391957871,-0.299009,-1.01249,-2.99421,0
1789391957928,0,1789391957921,-0.299004,-1.01251,-2.99413,0
1789391957979,0,1789391957971,-0.299,-1.01253,-2.99405,0
1789391958025,0,1789391958019,-0.298929,-1.01246,-2.99414,0
1789391958085,0,1789391958077,-0.298832,-1.01236,-2.99472,0
1789391958132,0,1789391958125,-0.298794,-1.01229,-2.99536,0
1789391958191,0,1789391958183,-0.298769,-1.01222,-2.9952,0
1789391958236,0,1789391958228,-0.298782,-1.0122,-2.9955,0
1789391958285,0,1789391958278,-0.298824,-1.01222,-2.99562,0
1789391958331,0,1789391958324,-0.29886,-1.01223,-2.99534,0
1789391958384,0,1789391958376,-0.298896,-1.01221,-2.99497,0
1789391958439,0,1789391958432,-0.298905,-1.01221,-2.99483,0
1789391958490,0,1789391958483,-0.298766,-1.01234,-2.99526,0
1789391958534,0,1789391958528,-0.298645,-1.01245,-2.99514,0
1789391958588,0,1789391958580,-0.298555,-1.01246,-2.99493,0
1789391958632,0,1789391958626,-0.298478,-1.01246,-2.99431,0
1789391958687,0,1789391958680,-0.298445,-1.01239,-2.99472,0
1789391958736,0,1789391958728,-0.298431,-1.01232,-2.99434,0
1789391958793,0,1789391958785,-0.298456,-1.01227,-2.99422,0
1789391958844,0,1789391958838,-0.298506,-1.01225,-2.99416,0
1789391958894,0,1789391958886,-0.298554,-1.01224,-2.9945,0
1789391958938,0,1789391958929,-0.298599,-1.01223,-2.99445,0
1789391958991,0,1789391958984,-0.298628,-1.01225,-2.99423,0
1789391959046,0,1789391959039,-0.298589,-1.01234,-2.99442,0
1789391959101,0,1789391959093,-0.29855,-1.01241,-2.99439,0
1789391959151,0,1789391959143,-0.298513,-1.01244,-2.99431,0
1789391959202,0,1789391959194,-0.298476,-1.01247,-2.99423,0
1789391959246,0,1789391959239,-0.298495,-1.01249,-2.99416,0
1789391959303,0,1789391959295,-0.298519,-1.01253,-2.99406,0
1789391959351,0,1789391959343,-0.298509,-1.0125,-2.99364,0
1789391959402,0,1789391959395,-0.298494,-1.01246,-2.99373,0
1789391959446,0,1789391959439,-0.298449,-1.01243,-2.99391,0
1789391959507,0,1789391959497,-0.298373,-1.01238,-2.99428,0
1789391959556,0,1789391959547,-0.298386,-1.01235,-2.99483,0
1789391959606,0,1789391959600,-0.298478,-1.01232,-2.99459,0
1789391959657,0,1789391959651,-0.298572,-1.01231,-2.99477,0
1789391959714,0,1789391959705,-0.298687,-1.01233,-2.9948,0
1789391959753,0,1789391959746,-0.298766,-1.01234,-2.99446,0
1789391959806,0,1789391959799,-0.298832,-1.01233,-2.99409,0
1789391959853,0,1789391959846,-0.298891,-1.01233,-2.99396,0
1789391959913,0,1789391959905,-0.298889,-1.01229,-2.99324,0
1789391959957,0,1789391959949,-0.298875,-1.01225,-2.99293,0
1789391960006,0,1789391960000,-0.298792,-1.01226,-2.99274,0
1789391960054,0,1789391960048,-0.298702,-1.01227,-2.99303,0
1789391960114,0,1789391960106,-0.298608,-1.01225,-2.99263,0
1789391960162,0,1789391960154,-0.298539,-1.01219,-2.99293,0
1789391960209,0,1789391960203,-0.298503,-1.01217,-2.99283,0
1789391960263,0,1789391960255,-0.298497,-1.01217,-2.99285,0
1789391960315,0,1789391960308,-0.298448,-1.01217,-2.99256,0
1789391960369,0,1789391960363,-0.298302,-1.01217,-2.99183,0
1789391960425,0,1789391960417,-0.298153,-1.01218,-2.99162,0
1789391960465,0,1789391960459,-0.298014,-1.0122,-2.99172,0
1789391960522,0,1789391960513,-0.297835,-1.01222,-2.99223,0
1789391960578,0,1789391960570,-0.297703,-1.01217,-2.99233,0
1789391960634,0,1789391960626,-0.29758,-1.01212,-2.99224,0
1789391960682,0,1789391960675,-0.297694,-1.01215,-2.99249,0
1789391960735,0,1789391960725,-0.297846,-1.0122,-2.99239,0
1789391960781,0,1789391960771,-0.297879,-1.01225,-2.99289,0
1789391960832,0,1789391960822,-0.297877,-1.01231,-2.99334,0
1789391960877,0,1789391960867,-0.297837,-1.01236,-2.99319,0
1789391960931,0,1789391960923,-0.29775,-1.01242,-2.99343,0
1789391960990,0,1789391960982,-0.297684,-1.01247,-2.9938,0
1789391961044,0,1789391961035,-0.297677,-1.01251,-2.99352,0
1789391961088,0,1789391961080,-0.29766,-1.01253,-2.99307,0
1789391961136,0,1789391961128,-0.297591,-1.01255,-2.99302,0
1789391961184,0,1789391961176,-0.297522,-1.01257,-2.99305,0
1789391961245,0,1789391961238,-0.29757,-1.01259,-2.99258,0
1789391961298,0,1789391961291,-0.297634,-1.0126,-2.9918,0
1789391961354,0,1789391961345,-0.297711,-1.01261,-2.99195,0
1789391961393,0,1789391961387,-0.297771,-1.01262,-2.99213,0
1789391961447,0,1789391961440,-0.297812,-1.01258,-2.99114,0
1789391961500,0,1789391961491,-0.297832,-1.01251,-2.99145,0
1789391961559,0,1789391961550,-0.297844,-1.0125,-2.99209,0
1789391961601,0,1789391961595,-0.297841,-1.01256,-2.99194,0
1789391961654,0,1789391961645,-0.297828,-1.01262,-2.99199,0
1789391961699,0,1789391961691,-0.297797,-1.01266,-2.99194,0
1789391961752,0,1789391961743,-0.297767,-1.01268,-2.99189,0
1789391961798,0,1789391961792,-0.297766,-1.01262,-2.99211,0
1789391961860,0,1789391961852,-0.297764,-1.01255,-2.99219,0
1789391961904,0,1789391961897,-0.297796,-1.01248,-2.99264,0
1789391961955,0,1789391961948,-0.297834,-1.0124,-2.99306,0
1789391962004,0,1789391961996,-0.297861,-1.01242,-2.99313,0
1789391962063,0,1789391962055,-0.297893,-1.01247,-2.99306,0
1789391962116,0,1789391962108,-0.297934,-1.01246,-2.99263,0
1789391962165,0,1789391962157,-0.297977,-1.01242,-2.99314,0
1789391962211,0,1789391962204,-0.297979,-1.0124,-2.99344,0
1789391962266,0,1789391962258,-0.297943,-1.01239,-2.99351,0
1789391962317,0,1789391962309,-0.297918,-1.01238,-2.99355,0
1789391962369,0,1789391962362,-0.297909,-1.01238,-2.9936,0
1789391962413,0,1789391962406,-0.297899,-1.01238,-2.99361,0
1789391962469,0,1789391962462,-0.297871,-1.01236,-2.99365,0
1789391962521,0,1789391962513,-0.297844,-1.01235,-2.99371,0
1789391962570,0,1789391962561,-0.29784,-1.01229,-2.99345,0
1789391962616,0,1789391962608,-0.297836,-1.01223,-2.99333,0
1789391962670,0,1789391962661,-0.297782,-1.01227,-2.99321,0
1789391962729,0,1789391962721,-0.297706,-1.01235,-2.99259,0
1789391962782,0,1789391962773,-0.297722,-1.01235,-2.99312,0
1789391962824,0,1789391962817,-0.297772,-1.01232,-2.99359,0
1789391962877,0,1789391962869,-0.297803,-1.01231,-2.99368,0
1789391962922,0,1789391962913,-0.297804,-1.01232,-2.99387,0
1789391962974,0,1789391962966,-0.297797,-1.01236,-2.9931,0
1789391963029,0,1789391963020,-0.297771,-1.01247,-2.99277,0
1789391963083,0,1789391963074,-0.297746,-1.01255,-2.99261,0
1789391963133,0,1789391963126,-0.297722,-1.01247,-2.99328,0
1789391963186,0,1789391963178,-0.297698,-1.01238,-2.99333,0
1789391963230,0,1789391963223,-0.297703,-1.01234,-2.99329,0
1789391963281,0,1789391963271,-0.297709,-1.01229,-2.99319,0
1789391963328,0,1789391963320,-0.29777,-1.01227,-2.99368,0
1789391963388,0,1789391963381,-0.297857,-1.01224,-2.99445,0
1789391963445,0,1789391963438,-0.297892,-1.01225,-2.99442,0
1789391963496,0,1789391963488,-0.297896,-1.01228,-2.99402,0
1789391963540,0,1789391963533,-0.297889,-1.01231,-2.99426,0
1789391963592,0,1789391963583,-0.297872,-1.01235,-2.99497,0
1789391963636,0,1789391963630,-0.297909,-1.01238,-2.99492,0
1789391963691,0,1789391963684,-0.298058,-1.01239,-2.99559,0
1789391963742,0,1789391963735,-0.298193,-1.0124,-2.99599,0
1789391963795,0,1789391963785,-0.298304,-1.0124,-2.99565,0
1789391963838,0,1789391963830,-0.298403,-1.0124,-2.99595,0
1789391963893,0,1789391963885,-0.298285,-1.01237,-2.99615,0
1789391963947,0,1789391963939,-0.29815,-1.01235,-2.99584,0
1789391964000,0,1789391963991,-0.298143,-1.01236,-2.99629,0
1789391964051,0,1789391964044,-0.298164,-1.01239,-2.99647,0
1789391964102,0,1789391964094,-0.298159,-1.01238,-2.99644,0
1789391964147,0,1789391964139,-0.298145,-1.01236,-2.99649,0
1789391964197,0,1789391964190,-0.298132,-1.01238,-2.9964,0
1789391964245,0,1789391964237,-0.298124,-1.01243,-2.99635,0
1789391964303,0,1789391964295,-0.298131,-1.01246,-2.99637,0
1789391964349,0,1789391964341,-0.298169,-1.01245,-2.99673,0
1789391964398,0,1789391964390,-0.298201,-1.01243,-2.99762,0
1789391964449,0,1789391964440,-0.298189,-1.01235,-2.99769,0
1789391964507,0,1789391964500,-0.298176,-1.01227,-2.99814,0
1789391964561,0,1789391964554,-0.29825,-1.01233,-2.99862,0
1789391964608,0,1789391964601,-0.298319,-1.0124,-2.99865,0
1789391964655,0,1789391964648,-0.298375,-1.01244,-2.99884,0
1789391964710,0,1789391964701,-0.298437,-1.01248,-2.99811,0
1789391964763,0,1789391964756,-0.298449,-1.01246,-2.99795,0
1789391964822,0,1789391964814,-0.298426,-1.0124,-2.99815,0
1789391964867,0,1789391964858,-0.298361,-1.01239,-2.99861,0
1789391964914,0,1789391964907,-0.298251,-1.01242,-2.9996,0
1789391964961,0,1789391964954,-0.298155,-1.01246,-2.99958,0
1789391965012,0,1789391965004,-0.298075,-1.01254,-2.99957,0
1789391965066,0,1789391965059,-0.298006,-1.01263,-2.99914,0
1789391965119,0,1789391965112,-0.29805,-1.01274,-2.99887,0
1789391965164,0,1789391965155,-0.298085,-1.01282,-2.99837,0
1789391965213,0,1789391965204,-0.298126,-1.01279,-2.99748,0
1789391965267,0,1789391965260,-0.298174,-1.01275,-2.99669,0
1789391965318,0,1789391965311,-0.298176,-1.01282,-2.99643,0
1789391965365,0,1789391965357,-0.29817,-1.0129,-2.99549,0
1789391965417,0,1789391965410,-0.298209,-1.01297,-2.99546,0
1789391965471,0,1789391965462,-0.298272,-1.01303,-2.99482,0
1789391965520,0,1789391965513,-0.298314,-1.01309,-2.99522,0
1789391965576,0,1789391965568,-0.298338,-1.01314,-2.99506,0
1789391965627,0,1789391965621,-0.298345,-1.01317,-2.9947,0
1789391965680,0,1789391965672,-0.298322,-1.01318,-2.99469,0
1789391965730,0,1789391965723,-0.298311,-1.01318,-2.99463,0
1789391965776,0,1789391965769,-0.298361,-1.01312,-2.99459,0
1789391965829,0,1789391965820,-0.298417,-1.01305,-2.99469,0
1789391965883,0,1789391965873,-0.298418,-1.013,-2.99494,0
1789391965941,0,1789391965933,-0.298417,-1.01295,-2.99541,0
1789391965993,0,1789391965978,-0.298364,-1.01294,-2.99496,0
1789391966033,0,1789391966026,-0.298304,-1.01293,-2.99428,0
1789391966081,0,1789391966074,-0.298282,-1.01296,-2.99453,0
1789391966134,0,1789391966126,-0.298276,-1.01302,-2.99473,0
1789391966180,0,1789391966172,-0.298306,-1.01302,-2.99531,0
1789391966236,0,1789391966228,-0.298379,-1.01296,-2.9945,0
1789391966280,0,1789391966274,-0.29842,-1.0129,-2.99505,0
1789391966340,0,1789391966332,-0.298434,-1.01282,-2.99484,0
1789391966388,0,1789391966380,-0.298439,-1.01278,-2.99491,0
1789391966438,0,1789391966429,-0.298409,-1.01287,-2.99514,0
1789391966484,0,1789391966476,-0.298381,-1.01295,-2.99496,0
1789391966537,0,1789391966529,-0.298373,-1.01306,-2.99498,0
1789391966589,0,1789391966583,-0.298365,-1.01318,-2.99516,0
1789391966645,0,1789391966637,-0.298359,-1.01309,-2.99512,0
1789391966697,0,1789391966689,-0.298352,-1.01296,-2.99533,0
1789391966750,0,1789391966740,-0.298269,-1.01293,-2.99509,0
1789391966791,0,1789391966785,-0.298163,-1.01294,-2.99487,0
1789391966846,0,1789391966836,-0.298101,-1.01297,-2.99479,0
1789391966890,0,1789391966882,-0.298097,-1.01299,-2.99484,0
1789391966951,0,1789391966942,-0.298107,-1.01301,-2.99487,0
1789391966996,0,1789391966990,-0.298144,-1.01299,-2.99483,0
1789391967056,0,1789391967048,-0.298188,-1.01298,-2.99468,0
1789391967099,0,1789391967091,-0.298217,-1.01297,-2.99523,0
1789391967154,0,1789391967144,-0.298254,-1.01296,-2.99449,0
1789391967198,0,1789391967190,-0.298126,-1.01304,-2.99392,0
1789391967255,0,1789391967248,-0.297961,-1.01314,-2.99457,0
1789391967298,0,1789391967292,-0.297897,-1.01324,-2.99474,0
1789391967352,0,1789391967345,-0.297822,-1.01336,-2.99537,0
1789391967409,0,1789391967402,-0.297855,-1.01338,-2.99536,0
1789391967459,0,1789391967451,-0.297949,-1.01334,-2.99574,0
1789391967504,0,1789391967498,-0.297995,-1.01331,-2.99586,0
1789391967556,0,1789391967550,-0.298006,-1.01328,-2.99612,0
1789391967605,0,1789391967598,-0.298035,-1.01329,-2.99595,0
1789391967667,0,1789391967659,-0.298119,-1.01338,-2.996,0
1789391967717,0,1789391967711,-0.298177,-1.01343,-2.99661,0
1789391967766,0,1789391967759,-0.298172,-1.01336,-2.99604,0
1789391967813,0,1789391967807,-0.298166,-1.01328,-2.99587,0
1789391967868,0,1789391967859,-0.298231,-1.0133,-2.99606,0
1789391967910,0,1789391967903,-0.298286,-1.01333,-2.99601,0
1789391967969,0,1789391967959,-0.298322,-1.01342,-2.99599,0
1789391968018,0,1789391968010,-0.298344,-1.01353,-2.99608,0
1789391968076,0,1789391968068,-0.298361,-1.01359,-2.99601,0
1789391968121,0,1789391968113,-0.298369,-1.0136,-2.99557,0
1789391968170,0,1789391968162,-0.298324,-1.0136,-2.9958,0
1789391968218,0,1789391968212,-0.298228,-1.0136,-2.99536,0
1789391968279,0,1789391968271,-0.298176,-1.0136,-2.99517,0
1789391968324,0,1789391968317,-0.29825,-1.0136,-2.99544,0
1789391968379,0,1789391968370,-0.298319,-1.0136,-2.99547,0
1789391968429,0,1789391968422,-0.298295,-1.01359,-2.99505,0
1789391968485,0,1789391968477,-0.298269,-1.01358,-2.99499,0
1789391968533,0,1789391968526,-0.298283,-1.01365,-2.99528,0
1789391968583,0,1789391968576,-0.298298,-1.01371,-2.99605,0
1789391968630,0,1789391968622,-0.298299,-1.0138,-2.99574,0
1789391968686,0,1789391968679,-0.298299,-1.0139,-2.99565,0
1789391968740,0,1789391968730,-0.298295,-1.0139,-2.99512,0
1789391968794,0,1789391968787,-0.298289,-1.01385,-2.99512,0
1789391968838,0,1789391968831,-0.298243,-1.01385,-2.99549,0
1789391968892,0,1789391968883,-0.298153,-1.01388,-2.99549,0
1789391968938,0,1789391968930,-0.298138,-1.01389,-2.99542,0
1789391968994,0,1789391968985,-0.298255,-1.01388,-2.99565,0
1789391969048,0,1789391969041,-0.298336,-1.01388,-2.9956,0
1789391969101,0,1789391969092,-0.298214,-1.01394,-2.99516,0
1789391969145,0,1789391969137,-0.298108,-1.014,-2.99488,0
1789391969196,0,1789391969188,-0.298047,-1.01395,-2.99494,0
1789391969249,0,1789391969242,-0.297982,-1.01391,-2.99483,0
1789391969301,0,1789391969292,-0.298022,-1.01381,-2.99478,0
1789391969346,0,1789391969337,-0.298074,-1.01372,-2.99451,0
1789391969395,0,1789391969387,-0.29805,-1.01369,-2.99449,0
1789391969442,0,1789391969435,-0.297991,-1.01368,-2.99384,0
1789391969505,0,1789391969498,-0.297974,-1.01369,-2.9932,0
1789391969560,0,1789391969553,-0.298037,-1.01371,-2.99252,0
1789391969614,0,1789391969604,-0.298057,-1.01372,-2.9926,0
1789391969655,0,1789391969648,-0.298008,-1.01375,-2.99257,0
1789391969711,0,1789391969703,-0.297966,-1.01377,-2.99254,0
1789391969755,0,1789391969747,-0.29802,-1.01377,-2.99268,0
1789391969808,0,1789391969799,-0.298086,-1.01376,-2.99227,0
1789391969858,0,1789391969850,-0.298126,-1.01373,-2.99308,0
1789391969910,0,1789391969902,-0.298167,-1.0137,-2.99354,0
1789391969966,0,1789391969959,-0.298155,-1.01364,-2.99343,0
1789391970021,0,1789391970013,-0.298125,-1.01357,-2.99294,0
1789391970063,0,1789391970056,-0.298101,-1.01356,-2.99234,0
1789391970111,0,1789391970105,-0.298072,-1.01355,-2.99228,0
1789391970160,0,1789391970152,-0.298033,-1.01358,-2.99335,0
1789391970213,0,1789391970206,-0.297977,-1.01365,-2.99381,0
1789391970264,0,1789391970258,-0.297974,-1.01369,-2.99409,0
1789391970320,0,1789391970311,-0.298082,-1.01368,-2.99424,0
1789391970370,0,1789391970363,-0.29816,-1.01366,-2.99478,0
1789391970422,0,1789391970413,-0.298104,-1.01363,-2.99487,0
1789391970466,0,1789391970459,-0.298053,-1.0136,-2.9952,0
1789391970522,0,1789391970514,-0.298037,-1.01362,-2.99471,0
1789391970564,0,1789391970556,-0.298027,-1.01365,-2.99459,0
1789391970617,0,1789391970610,-0.297949,-1.01364,-2.99399,0
1789391970673,0,1789391970666,-0.297849,-1.01362,-2.99422,0
1789391970728,0,1789391970719,-0.297891,-1.01359,-2.99497,0
1789391970770,0,1789391970763,-0.297987,-1.01357,-2.99504,0
1789391970822,0,1789391970814,-0.298035,-1.01354,-2.99536,0
1789391970868,0,1789391970861,-0.29802,-1.01352,-2.99538,0
1789391970930,0,1789391970922,-0.298031,-1.01348,-2.99578,0
1789391970981,0,1789391970974,-0.298108,-1.01343,-2.99636,0
1789391971031,0,1789391971023,-0.298166,-1.01339,-2.99661,0
1789391971077,0,1789391971070,-0.29815,-1.01341,-2.99603,0
1789391971130,0,1789391971123,-0.298133,-1.01343,-2.9961,0
1789391971182,0,1789391971175,-0.298109,-1.01332,-2.99645,0
1789391971235,0,1789391971225,-0.298087,-1.01322,-2.99658,0
1789391971282,0,1789391971271,-0.298112,-1.01319,-2.99658,0
1789391971331,0,1789391971321,-0.298144,-1.01316,-2.99642,0
1789391971380,0,1789391971372,-0.298144,-1.01316,-2.99664,0
1789391971446,0,1789391971437,-0.298123,-1.01319,-2.99653,0
1789391971497,0,1789391971491,-0.298067,-1.01317,-2.99632,0
1789391971550,0,1789391971542,-0.297974,-1.01312,-2.99656,0
1789391971604,0,1789391971597,-0.297878,-1.01311,-2.9966,0
1789391971655,0,1789391971646,-0.297801,-1.01321,-2.99624,0
1789391971701,0,1789391971693,-0.297744,-1.01328,-2.99679,0
1789391971752,0,1789391971743,-0.297758,-1.01325,-2.99671,0
1789391971796,0,1789391971790,-0.297771,-1.01322,-2.99688,0
1789391971850,0,1789391971843,-0.297736,-1.01318,-2.99765,0
1789391971900,0,1789391971893,-0.297701,-1.01313,-2.99821,0
1789391971954,0,1789391971947,-0.297565,-1.01302,-2.99824,0
1789391971998,0,1789391971990,-0.297439,-1.01292,-2.9984,0
1789391972050,0,1789391972042,-0.297459,-1.01293,-2.99863,0
1789391972096,0,1789391972090,-0.297564,-1.013,-2.99843,0
1789391972158,0,1789391972151,-0.297666,-1.01305,-2.9982,0
1789391972209,0,1789391972200,-0.297713,-1.01303,-2.99859,0
1789391972268,0,1789391972257,-0.29774,-1.01304,-2.99878,0
1789391972307,0,1789391972300,-0.297712,-1.01309,-2.99827,0
1789391972359,0,1789391972350,-0.297692,-1.01315,-2.99857,0
1789391972407,0,1789391972399,-0.297745,-1.01317,-2.99874,0
1789391972465,0,1789391972458,-0.297808,-1.01319,-2.99861,0
1789391972520,0,1789391972513,-0.297894,-1.0132,-2.99833,0
1789391972569,0,1789391972561,-0.29797,-1.01321,-2.99873,0
1789391972617,0,1789391972609,-0.297991,-1.01324,-2.99851,0
1789391972666,0,1789391972660,-0.298006,-1.01326,-2.99794,0
1789391972711,0,1789391972704,-0.298053,-1.01325,-2.99847,0
1789391972769,0,1789391972761,-0.298129,-1.01323,-2.99786,0
1789391972822,0,1789391972814,-0.298118,-1.01321,-2.99848,0
1789391972879,0,1789391972872,-0.298009,-1.01321,-2.99805,0
1789391972923,0,1789391972916,-0.297954,-1.01321,-2.99814,0
1789391972973,0,1789391972967,-0.297937,-1.01321,-2.99799,0
1789391973020,0,1789391973012,-0.297935,-1.01322,-2.99828,0
1789391973077,0,1789391973070,-0.298004,-1.01323,-2.99834,0
1789391973128,0,1789391973120,-0.298062,-1.01323,-2.99826,0
1789391973176,0,1789391973169,-0.298123,-1.01323,-2.99789,0
1789391973221,0,1789391973214,-0.298179,-1.01323,-2.99845,0
1789391973272,0,1789391973265,-0.298198,-1.01325,-2.99875,0
1789391973328,0,1789391973321,-0.29821,-1.01329,-2.99895,0
1789391973382,0,1789391973374,-0.298219,-1.01334,-2.99855,0
1789391973424,0,1789391973418,-0.298227,-1.01339,-2.99852,0
1789391973473,0,1789391973466,-0.298271,-1.01342,-2.99812,0
1789391973523,0,1789391973514,-0.298345,-1.01342,-2.99798,0
1789391973587,0,1789391973577,-0.298404,-1.01341,-2.99808,0
1789391973642,0,1789391973632,-0.298361,-1.01338,-2.99853,0
1789391973693,0,1789391973685,-0.298314,-1.01335,-2.99841,0
1789391973735,0,1789391973727,-0.298251,-1.01337,-2.99844,0
1789391973785,0,1789391973778,-0.298174,-1.01339,-2.99836,0
1789391973832,0,1789391973824,-0.29824,-1.01333,-2.99849,0
1789391973891,0,1789391973884,-0.298326,-1.01326,-2.99818,0
1789391973942,0,1789391973934,-0.29833,-1.01334,-2.99849,0
1789391973993,0,1789391973984,-0.298322,-1.01343,-2.99837,0
1789391974038,0,1789391974029,-0.298342,-1.01339,-2.99805,0
1789391974095,0,1789391974087,-0.29838,-1.01329,-2.99693,0
1789391974144,0,1789391974135,-0.298426,-1.01328,-2.99697,0
1789391974197,0,1789391974188,-0.298492,-1.01334,-2.99762,0
1789391974238,0,1789391974231,-0.298486,-1.01336,-2.99767,0
1789391974295,0,1789391974286,-0.298362,-1.01332,-2.99803,0
1789391974345,0,1789391974336,-0.298274,-1.01326,-2.9983,0
1789391974398,0,1789391974390,-0.298301,-1.01304,-2.99799,0
1789391974444,0,1789391974435,-0.298323,-1.01286,-2.99738,0
1789391974500,0,1789391974490,-0.298363,-1.01285,-2.99749,0
1789391974548,0,1789391974539,-0.298398,-1.01285,-2.99757,0
1789391974607,0,1789391974597,-0.298481,-1.01284,-2.99789,0
1789391974650,0,1789391974644,-0.298558,-1.01283,-2.99777,0
1789391974704,0,1789391974695,-0.298575,-1.01276,-2.9976,0
1789391974754,0,1789391974744,-0.298559,-1.01266,-2.99783,0
1789391974810,0,1789391974801,-0.298556,-1.01259,-2.99792,0
1789391974854,0,1789391974846,-0.298569,-1.01258,-2.99793,0
1789391974909,0,1789391974900,-0.298584,-1.01256,-2.99797,0
1789391974958,0,1789391974950,-0.298599,-1.01254,-2.99803,0
1789391975010,0,1789391975001,-0.298619,-1.01252,-2.99812,0
1789391975055,0,1789391975046,-0.298654,-1.01247,-2.99792,0
1789391975106,0,1789391975096,-0.298694,-1.01241,-2.9975,0
1789391975155,0,1789391975149,-0.298748,-1.01238,-2.99744,0
1789391975219,0,1789391975211,-0.298812,-1.01234,-2.99716,0
1789391975264,0,1789391975256,-0.298795,-1.01241,-2.99651,0
1789391975313,0,1789391975304,-0.298774,-1.01249,-2.99658,0
1789391975363,0,1789391975355,-0.298752,-1.01256,-2.99719,0
1789391975420,0,1789391975411,-0.298729,-1.01265,-2.9972,0
1789391975465,0,1789391975458,-0.298743,-1.01265,-2.99706,0
1789391975518,0,1789391975509,-0.298786,-1.01259,-2.99667,0
1789391975568,0,1789391975561,-0.298799,-1.01254,-2.99768,0
1789391975627,0,1789391975618,-0.29874,-1.01254,-2.99715,0
1789391975674,0,1789391975667,-0.29869,-1.01254,-2.99639,0
1789391975727,0,1789391975719,-0.29864,-1.01252,-2.99594,0
1789391975771,0,1789391975763,-0.298598,-1.0125,-2.99606,0
1789391975822,0,1789391975814,-0.298416,-1.01244,-2.99619,0
1789391975869,0,1789391975861,-0.29825,-1.01238,-2.99633,0
1789391975935,0,1789391975926,-0.298204,-1.01226,-2.99599,0
1789391975988,0,1789391975980,-0.298247,-1.01214,-2.99571,0
1789391976041,0,1789391976029,-0.298253,-1.01208,-2.99541,0
1789391976082,0,1789391976076,-0.298245,-1.01204,-2.99537,0
1789391976145,0,1789391976138,-0.29819,-1.01201,-2.99526,0
1789391976191,0,1789391976184,-0.298102,-1.01201,-2.9954,0
1789391976244,0,1789391976235,-0.298101,-1.01199,-2.99543,0
1789391976286,0,1789391976280,-0.298231,-1.01195,-2.99563,0
1789391976347,0,1789391976338,-0.298377,-1.01189,-2.99586,0
1789391976393,0,1789391976385,-0.298377,-1.01188,-2.99578,0
1789391976443,0,1789391976433,-0.298378,-1.01187,-2.99541,0
1789391976490,0,1789391976481,-0.298366,-1.01194,-2.99534,0
1789391976536,0,1789391976530,-0.298353,-1.01201,-2.99569,0
1789391976586,0,1789391976577,-0.298315,-1.01195,-2.99577,0
1789391976638,0,1789391976630,-0.298269,-1.01187,-2.99462,0
1789391976692,0,1789391976685,-0.298223,-1.01185,-2.99493,0
1789391976743,0,1789391976736,-0.298183,-1.01186,-2.99448,0
1789391976788,0,1789391976782,-0.298186,-1.0119,-2.99378,0
1789391976839,0,1789391976832,-0.298222,-1.01198,-2.99343,0
1789391976883,0,1789391976877,-0.29822,-1.01201,-2.99333,0
1789391976944,0,1789391976937,-0.298145,-1.01199,-2.9938,0
1789391976996,0,1789391976987,-0.298092,-1.01198,-2.99434,0
1789391977044,0,1789391977036,-0.298084,-1.01203,-2.99473,0
1789391977088,0,1789391977081,-0.298078,-1.01207,-2.99418,0
1789391977144,0,1789391977133,-0.297988,-1.01201,-2.99429,0
1789391977196,0,1789391977187,-0.297893,-1.01195,-2.99406,0
1789391977247,0,1789391977237,-0.297831,-1.01194,-2.99389,0
1789391977289,0,1789391977283,-0.29778,-1.01193,-2.99369,0
1789391977341,0,1789391977333,-0.297733,-1.01195,-2.99401,0
1789391977385,0,1789391977379,-0.297694,-1.01198,-2.99437,0
1789391977445,0,1789391977438,-0.297666,-1.012,-2.99492,0
1789391977502,0,1789391977495,-0.297669,-1.01201,-2.99498,0
1789391977555,0,1789391977549,-0.297649,-1.01199,-2.99505,0
1789391977598,0,1789391977591,-0.297596,-1.01194,-2.99512,0
1789391977651,0,1789391977643,-0.297546,-1.0119,-2.99443,0
1789391977698,0,1789391977689,-0.297568,-1.01197,-2.99516,0
1789391977754,0,1789391977745,-0.297596,-1.01204,-2.99495,0
1789391977804,0,1789391977796,-0.297615,-1.01194,-2.99456,0
1789391977861,0,1789391977853,-0.297637,-1.01182,-2.99497,0
1789391977906,0,1789391977898,-0.297602,-1.01178,-2.99455,0
1789391977957,0,1789391977950,-0.297559,-1.01173,-2.99443,0
1789391978003,0,1789391977996,-0.297518,-1.01173,-2.99477,0
1789391978062,0,1789391978055,-0.297462,-1.01175,-2.9949,0
1789391978111,0,1789391978103,-0.297417,-1.01176,-2.99478,0
1789391978168,0,1789391978160,-0.29736,-1.01176,-2.99462,0
1789391978210,0,1789391978203,-0.297337,-1.01179,-2.99451,0
1789391978263,0,1789391978257,-0.297346,-1.01187,-2.99449,0
1789391978312,0,1789391978305,-0.297364,-1.01193,-2.99529,0
1789391978373,0,1789391978367,-0.297454,-1.01197,-2.99487,0
1789391978416,0,1789391978409,-0.297517,-1.01199,-2.99516,0
1789391978465,0,1789391978458,-0.297536,-1.01206,-2.99574,0
1789391978513,0,1789391978505,-0.297554,-1.01212,-2.99577,0
1789391978566,0,1789391978559,-0.297597,-1.01212,-2.99548,0
1789391978619,0,1789391978613,-0.297645,-1.0121,-2.99573,0
1789391978672,0,1789391978665,-0.297599,-1.01214,-2.99606,0
1789391978715,0,1789391978709,-0.29752,-1.01221,-2.99634,0
1789391978776,0,1789391978768,-0.297447,-1.01216,-2.99628,0
1789391978823,0,1789391978814,-0.297429,-1.01199,-2.99618,0
1789391978873,0,1789391978866,-0.297429,-1.01187,-2.99662,0
1789391978917,0,1789391978911,-0.297466,-1.01189,-2.99667,0
1789391978975,0,1789391978966,-0.297508,-1.01191,-2.99603,0
1789391979031,0,1789391979025,-0.297525,-1.01191,-2.99649,0
1789391979083,0,1789391979074,-0.297538,-1.01192,-2.99614,0
1789391979126,0,1789391979120,-0.297523,-1.01187,-2.99627,0
1789391979186,0,1789391979177,-0.297504,-1.01179,-2.9965,0
1789391979246,0,1789391979237,-0.297552,-1.01171,-2.99652,0
1789391979294,0,1789391979287,-0.297614,-1.01163,-2.99643,0
1789391979341,0,1789391979333,-0.297613,-1.01156,-2.996,0
1789391979392,0,1789391979384,-0.29759,-1.01149,-2.99603,0
1789391979437,0,1789391979430,-0.29761,-1.0115,-2.99644,0
1789391979490,0,1789391979481,-0.29767,-1.01158,-2.9967,0
1789391979534,0,1789391979527,-0.297686,-1.01164,-2.99661,0
1789391979596,0,1789391979589,-0.297623,-1.01171,-2.99676,0
1789391979639,0,1789391979633,-0.297592,-1.01174,-2.99675,0
1789391979692,0,1789391979683,-0.297616,-1.0117,-2.99665,0
1789391979735,0,1789391979727,-0.297637,-1.01166,-2.99675,0
1789391979788,0,1789391979780,-0.297647,-1.01158,-2.99657,0
1789391979842,0,1789391979835,-0.297656,-1.01148,-2.99669,0
1789391979902,0,1789391979893,-0.297666,-1.01144,-2.99677,0
1789391979950,0,1789391979941,-0.297675,-1.01142,-2.99691,0
1789391980003,0,1789391979993,-0.29762,-1.01143,-2.99638,0
1789391980046,0,1789391980040,-0.29754,-1.01145,-2.99626,0
1789391980106,0,1789391980097,-0.297458,-1.01146,-2.99574,0
1789391980152,0,1789391980144,-0.297409,-1.01144,-2.99545,0
1789391980203,0,1789391980195,-0.297387,-1.0114,-2.99548,0
1789391980249,0,1789391980242,-0.297422,-1.01133,-2.99495,0
1789391980308,0,1789391980301,-0.297463,-1.01126,-2.99571,0
1789391980361,0,1789391980353,-0.297473,-1.01128,-2.99573,0
1789391980414,0,1789391980405,-0.297483,-1.0113,-2.99574,0
1789391980456,0,1789391980449,-0.297447,-1.01135,-2.99559,0
1789391980508,0,1789391980500,-0.297405,-1.0114,-2.99518,0
1789391980562,0,1789391980554,-0.297406,-1.01139,-2.99557,0
1789391980615,0,1789391980608,-0.297419,-1.01135,-2.99548,0
1789391980659,0,1789391980653,-0.297457,-1.01131,-2.99517,0
1789391980707,0,1789391980699,-0.297505,-1.01126,-2.99523,0
1789391980755,0,1789391980749,-0.297557,-1.01119,-2.99547,0
1789391980816,0,1789391980809,-0.297621,-1.01111,-2.99528,0
1789391980871,0,1789391980864,-0.297636,-1.01107,-2.9954,0
1789391980921,0,1789391980913,-0.297564,-1.0111,-2.99488,0
1789391980966,0,1789391980959,-0.297516,-1.01113,-2.99465,0
1789391981023,0,1789391981014,-0.297561,-1.01112,-2.99456,0
1789391981072,0,1789391981064,-0.297601,-1.01112,-2.99432,0
1789391981128,0,1789391981117,-0.297658,-1.01113,-2.99411,0
1789391981169,0,1789391981161,-0.297706,-1.01114,-2.99456,0
1789391981218,0,1789391981211,-0.297795,-1.01106,-2.99401,0
1789391981264,0,1789391981258,-0.297885,-1.01097,-2.99404,0
1789391981331,0,1789391981321,-0.297911,-1.0109,-2.99309,0
1789391981383,0,1789391981375,-0.297865,-1.01088,-2.99326,0
1789391981432,0,1789391981425,-0.297923,-1.01085,-2.99402,0
1789391981479,0,1789391981471,-0.298065,-1.0108,-2.99404,0
1789391981534,0,1789391981524,-0.298189,-1.01076,-2.99307,0
1789391981578,0,1789391981570,-0.298222,-1.01074,-2.99319,0
1789391981640,0,1789391981632,-0.298265,-1.01072,-2.99346,0
1789391981689,0,1789391981680,-0.298289,-1.01074,-2.99345,0
1789391981737,0,1789391981730,-0.298314,-1.01077,-2.99344,0
1789391981784,0,1789391981776,-0.298232,-1.01081,-2.99348,0
1789391981839,0,1789391981830,-0.298133,-1.01086,-2.99387,0
1789391981885,0,1789391981877,-0.298155,-1.01078,-2.99332,0
1789391981944,0,1789391981936,-0.298197,-1.01067,-2.99316,0
1789391981985,0,1789391981979,-0.298208,-1.01063,-2.993,0
1789391982051,0,1789391982042,-0.298217,-1.01057,-2.9927,0
1789391982092,0,1789391982085,-0.298187,-1.01051,-2.99311,0
1789391982144,0,1789391982135,-0.298123,-1.01042,-2.99381,0
1789391982188,0,1789391982182,-0.298069,-1.01037,-2.99323,0
1789391982250,0,1789391982243,-0.298015,-1.01039,-2.99272,0
1789391982295,0,1789391982286,-0.297982,-1.0104,-2.99293,0
1789391982342,0,1789391982335,-0.297961,-1.01041,-2.993,0
1789391982389,0,1789391982382,-0.297941,-1.01042,-2.99306,0
1789391982444,0,1789391982438,-0.297787,-1.01047,-2.9939,0
1789391982497,0,1789391982489,-0.297636,-1.01052,-2.99446,0
1789391982556,0,1789391982547,-0.297579,-1.01059,-2.99444,0
1789391982599,0,1789391982592,-0.29757,-1.01065,-2.9946,0
1789391982652,0,1789391982645,-0.297558,-1.0106,-2.99397,0
1789391982694,0,1789391982688,-0.297549,-1.01051,-2.99324,0
1789391982751,0,1789391982744,-0.297571,-1.0104,-2.99266,0
1789391982812,0,1789391982805,-0.297643,-1.01031,-2.99254,0
1789391982867,0,1789391982860,-0.297701,-1.01025,-2.99208,0
1789391982908,0,1789391982901,-0.297735,-1.01024,-2.99239,0
1789391982964,0,1789391982954,-0.297773,-1.01024,-2.9927,0
1789391983014,0,1789391983006,-0.297781,-1.01022,-2.99288,0
1789391983065,0,1789391983059,-0.297789,-1.01021,-2.99291,0
1789391983112,0,1789391983104,-0.29784,-1.0102,-2.99222,0
1789391983169,0,1789391983160,-0.297906,-1.0102,-2.99251,0
1789391983221,0,1789391983215,-0.297908,-1.01022,-2.99281,0
1789391983276,0,1789391983267,-0.297891,-1.01026,-2.99277,0
1789391983318,0,1789391983311,-0.297894,-1.01023,-2.99292,0
1789391983375,0,1789391983366,-0.297904,-1.01018,-2.99323,0
1789391983423,0,1789391983416,-0.297956,-1.01015,-2.99383,0
1789391983474,0,1789391983467,-0.298054,-1.01014,-2.99403,0
1789391983520,0,1789391983512,-0.298079,-1.01016,-2.99392,0
1789391983573,0,1789391983565,-0.297995,-1.01021,-2.99342,0
1789391983627,0,1789391983619,-0.297919,-1.01024,-2.99362,0
1789391983679,0,1789391983672,-0.297908,-1.01016,-2.99342,0
1789391983724,0,1789391983715,-0.297899,-1.01009,-2.99372,0
1789391983785,0,1789391983776,-0.298003,-1.01012,-2.99454,0
1789391983830,0,1789391983823,-0.298099,-1.01015,-2.99499,0
1789391983878,0,1789391983871,-0.298193,-1.01017,-2.99499,0
1789391983926,0,1789391983918,-0.298284,-1.01019,-2.99514,0
1789391983976,0,1789391983967,-0.298348,-1.01025,-2.99563,0
1789391984022,0,1789391984015,-0.298397,-1.01033,-2.9952,0
1789391984076,0,1789391984067,-0.298425,-1.01045,-2.99528,0
1789391984127,0,1789391984119,-0.298426,-1.01063,-2.99584,0
1789391984182,0,1789391984173,-0.298418,-1.01075,-2.99598,0
1789391984235,0,1789391984227,-0.29839,-1.01075,-2.99593,0
1789391984285,0,1789391984276,-0.29837,-1.01075,-2.99677,0
1789391984331,0,1789391984323,-0.298377,-1.01071,-2.99659,0
1789391984382,0,1789391984374,-0.298385,-1.01068,-2.99632,0
1789391984427,0,1789391984420,-0.298417,-1.01062,-2.9962,0
1789391984486,0,1789391984478,-0.298458,-1.01055,-2.99673,0
1789391984536,0,1789391984531,-0.298363,-1.01053,-2.99681,0
1789391984591,0,1789391984585,-0.298231,-1.01052,-2.99694,0
1789391984638,0,1789391984631,-0.298301,-1.01053,-2.9967,0
1789391984687,0,1789391984680,-0.298442,-1.01053,-2.99655,0
1789391984737,0,1789391984729,-0.298532,-1.01057,-2.99637,0
1789391984790,0,1789391984782,-0.298578,-1.01064,-2.9964,0
1789391984838,0,1789391984830,-0.298598,-1.01066,-2.99593,0
1789391984896,0,1789391984887,-0.298577,-1.01061,-2.99571,0
1789391984944,0,1789391984936,-0.298534,-1.01058,-2.99524,0
1789391984997,0,1789391984987,-0.298369,-1.01057,-2.9953,0
1789391985041,0,1789391985032,-0.298225,-1.01056,-2.9953,0
1789391985094,0,1789391985088,-0.298219,-1.01059,-2.99545,0
1789391985152,0,1789391985144,-0.298232,-1.01062,-2.99558,0
1789391985201,0,1789391985193,-0.298191,-1.0105,-2.99502,0
1789391985247,0,1789391985240,-0.298145,-1.01038,-2.99555,0
1789391985304,0,1789391985295,-0.298097,-1.01027,-2.99548,0
1789391985349,0,1789391985340,-0.298063,-1.01021,-2.99557,0
1789391985409,0,1789391985400,-0.298043,-1.01018,-2.99642,0
1789391985459,0,1789391985451,-0.298055,-1.01019,-2.99683,0
1789391985512,0,1789391985504,-0.298102,-1.01018,-2.9965,0
1789391985554,0,1789391985547,-0.298196,-1.01015,-2.99661,0
1789391985612,0,1789391985600,-0.298312,-1.0101,-2.99587,0
1789391985659,0,1789391985652,-0.298415,-1.01004,-2.9962,0
1789391985711,0,1789391985703,-0.298517,-1.00997,-2.99574,0
1789391985758,0,1789391985749,-0.298501,-1.01002,-2.99573,0
1789391985819,0,1789391985811,-0.298479,-1.01009,-2.99568,0
1789391985862,0,1789391985855,-0.29855,-1.01013,-2.99601,0
1789391985917,0,1789391985908,-0.298641,-1.01018,-2.99572,0
1789391985963,0,1789391985957,-0.2987,-1.01019,-2.99524,0
1789391986019,0,1789391986009,-0.298751,-1.01019,-2.9948,0
1789391986061,0,1789391986053,-0.29875,-1.0102,-2.99489,0
1789391986108,0,1789391986102,-0.298714,-1.01022,-2.99493,0
1789391986162,0,1789391986155,-0.298712,-1.01023,-2.99525,0
1789391986219,0,1789391986211,-0.298796,-1.01021,-2.9959,0
1789391986276,0,1789391986269,-0.29886,-1.0102,-2.99588,0
1789391986325,0,1789391986317,-0.298803,-1.01023,-2.99578,0
1789391986381,0,1789391986364,-0.298747,-1.01026,-2.99572,0
1789391986423,0,1789391986415,-0.298764,-1.01024,-2.99576,0
1789391986467,0,1789391986460,-0.298779,-1.01022,-2.99578,0
1789391986521,0,1789391986512,-0.29869,-1.01013,-2.99594,0
1789391986576,0,1789391986568,-0.298568,-1.01001,-2.99584,0
1789391986633,0,1789391986623,-0.298524,-1.01001,-2.99533,0
1789391986682,0,1789391986673,-0.298528,-1.01009,-2.99552,0
1789391986731,0,1789391986721,-0.298572,-1.01017,-2.99585,0
1789391986777,0,1789391986769,-0.298652,-1.01027,-2.99574,0
1789391986831,0,1789391986823,-0.298681,-1.01036,-2.99654,0
1789391986884,0,1789391986876,-0.298574,-1.01042,-2.99653,0
1789391986933,0,1789391986926,-0.298496,-1.01046,-2.99646,0
1789391986984,0,1789391986975,-0.29853,-1.01042,-2.99644,0
1789391987030,0,1789391987024,-0.298565,-1.01038,-2.99601,0
1789391987078,0,1789391987071,-0.29864,-1.0104,-2.99576,0
1789391987140,0,1789391987134,-0.298741,-1.01044,-2.99529,0
1789391987193,0,1789391987184,-0.29873,-1.01047,-2.99516,0
1789391987254,0,1789391987246,-0.298696,-1.01051,-2.9951,0
1789391987295,0,1789391987287,-0.298723,-1.01052,-2.99488,0
1789391987346,0,1789391987338,-0.298771,-1.01053,-2.99474,0
1789391987389,0,1789391987384,-0.298766,-1.01056,-2.99424,0
1789391987449,0,1789391987441,-0.298711,-1.01061,-2.99412,0
1789391987497,0,1789391987490,-0.298708,-1.01063,-2.99433,0
1789391987550,0,1789391987542,-0.298792,-1.01059,-2.99428,0
1789391987593,0,1789391987586,-0.298825,-1.01056,-2.99432,0
1789391987647,0,1789391987640,-0.298679,-1.01055,-2.99448,0
1789391987703,0,1789391987697,-0.298524,-1.01054,-2.99466,0
1789391987759,0,1789391987750,-0.298572,-1.01052,-2.99399,0
1789391987801,0,1789391987794,-0.298618,-1.0105,-2.99381,0
1789391987852,0,1789391987843,-0.298558,-1.01049,-2.99401,0
1789391987895,0,1789391987889,-0.298492,-1.01048,-2.99315,0
1789391987961,0,1789391987953,-0.298521,-1.01041,-2.99274,0
1789391988009,0,1789391988003,-0.298627,-1.01033,-2.99237,0
1789391988062,0,1789391988055,-0.298653,-1.01032,-2.99287,0
1789391988107,0,1789391988099,-0.298602,-1.01035,-2.9924,0
1789391988156,0,1789391988149,-0.298578,-1.0104,-2.99201,0
1789391988213,0,1789391988205,-0.298629,-1.01044,-2.99177,0
1789391988273,0,1789391988264,-0.29868,-1.01049,-2.99185,0
1789391988321,0,1789391988313,-0.298706,-1.01056,-2.99158,0
1789391988370,0,1789391988362,-0.298731,-1.01063,-2.99094,0
1789391988418,0,1789391988412,-0.298734,-1.01063,-2.99093,0
1789391988467,0,1789391988458,-0.298737,-1.01062,-2.99021,0
1789391988511,0,1789391988504,-0.298764,-1.01051,-2.99024,0
1789391988576,0,1789391988566,-0.298804,-1.01034,-2.99026,0
1789391988628,0,1789391988618,-0.298802,-1.01031,-2.98965,0
1789391988683,0,1789391988675,-0.298779,-1.01035,-2.98926,0
1789391988737,0,1789391988729,-0.29873,-1.0104,-2.98985,0
1789391988785,0,1789391988778,-0.298657,-1.01045,-2.9898,0
1789391988831,0,1789391988825,-0.298584,-1.01045,-2.99061,0
1789391988887,0,1789391988877,-0.298495,-1.01037,-2.99024,0
1789391988931,0,1789391988921,-0.298436,-1.01033,-2.99019,0
1789391988984,0,1789391988975,-0.298443,-1.01042,-2.99066,0
1789391989034,0,1789391989025,-0.298449,-1.01049,-2.99044,0
1789391989088,0,1789391989080,-0.298418,-1.01048,-2.99052,0
1789391989136,0,1789391989130,-0.298387,-1.01047,-2.99055,0
1789391989188,0,1789391989181,-0.298326,-1.01044,-2.99082,0
1789391989232,0,1789391989226,-0.298267,-1.01041,-2.99159,0
1789391989286,0,1789391989277,-0.298268,-1.01037,-2.99164,0
1789391989341,0,1789391989331,-0.298305,-1.01032,-2.99174,0
1789391989399,0,1789391989391,-0.298351,-1.0103,-2.99205,0
1789391989448,0,1789391989440,-0.298394,-1.01031,-2.99264,0
1789391989499,0,1789391989491,-0.29844,-1.01031,-2.99245,0
1789391989545,0,1789391989535,-0.298476,-1.01029,-2.99238,0
1789391989597,0,1789391989590,-0.298504,-1.01028,-2.99235,0
1789391989648,0,1789391989641,-0.298438,-1.01035,-2.99304,0
1789391989706,0,1789391989696,-0.298366,-1.01042,-2.99298,0
1789391989755,0,1789391989747,-0.298454,-1.01033,-2.99398,0
1789391989804,0,1789391989797,-0.298551,-1.01024,-2.99322,0
1789391989848,0,1789391989841,-0.298556,-1.0103,-2.99311,0
1789391989905,0,1789391989897,-0.298553,-1.01039,-2.99315,0
1789391989954,0,1789391989946,-0.29853,-1.01041,-2.99334,0
1789391990004,0,1789391989995,-0.298497,-1.01041,-2.99337,0
1789391990051,0,1789391990042,-0.298497,-1.0104,-2.99309,0
1789391990107,0,1789391990099,-0.29853,-1.01036,-2.99282,0
1789391990164,0,1789391990155,-0.298554,-1.01031,-2.99217,0
1789391990216,0,1789391990207,-0.298557,-1.01024,-2.99205,0
1789391990259,0,1789391990252,-0.298559,-1.01019,-2.99214,0
1789391990312,0,1789391990305,-0.298565,-1.0102,-2.99192,0
1789391990361,0,1789391990352,-0.29857,-1.0102,-2.99179,0
1789391990422,0,1789391990413,-0.298462,-1.0102,-2.99174,0
1789391990462,0,1789391990455,-0.298374,-1.0102,-2.9925,0
1789391990515,0,1789391990507,-0.298393,-1.01016,-2.99241,0
1789391990560,0,1789391990553,-0.298437,-1.01011,-2.99179,0
1789391990622,0,1789391990614,-0.298486,-1.00999,-2.99124,0
1789391990674,0,1789391990667,-0.298523,-1.00984,-2.99057,0
1789391990727,0,1789391990719,-0.298553,-1.00983,-2.99087,0
1789391990772,0,1789391990763,-0.298572,-1.00993,-2.9906,0
1789391990821,0,1789391990814,-0.298583,-1.01001,-2.99039,0
1789391990866,0,1789391990860,-0.298571,-1.01,-2.99023,0
1789391990926,0,1789391990917,-0.298566,-1.01,-2.98992,0
1789391990978,0,1789391990968,-0.298614,-1.01002,-2.99011,0
1789391991029,0,1789391991020,-0.298663,-1.01004,-2.99058,0
1789391991073,0,1789391991062,-0.298688,-1.01009,-2.99043,0
1789391991123,0,1789391991114,-0.298719,-1.01014,-2.99097,0
1789391991175,0,1789391991168,-0.298736,-1.0101,-2.99105,0
1789391991234,0,1789391991227,-0.298749,-1.01001,-2.99079,0
1789391991285,0,1789391991277,-0.298729,-1.01001,-2.99036,0
1789391991332,0,1789391991325,-0.298695,-1.01005,-2.99063,0
1789391991379,0,1789391991373,-0.298627,-1.0101,-2.99066,0
1789391991434,0,1789391991426,-0.29852,-1.01017,-2.99044,0
1789391991487,0,1789391991479,-0.298429,-1.01021,-2.99037,0
1789391991538,0,1789391991530,-0.298375,-1.01017,-2.98967,0
1789391991582,0,1789391991576,-0.298328,-1.01015,-2.98941,0
1789391991636,0,1789391991627,-0.29828,-1.01019,-2.98925,0
1789391991681,0,1789391991673,-0.298236,-1.01022,-2.98919,0
1789391991743,0,1789391991735,-0.298276,-1.01026,-2.98907,0
1789391991791,0,1789391991785,-0.298326,-1.01028,-2.98916,0
1789391991846,0,1789391991836,-0.298426,-1.01032,-2.98991,0
1789391991889,0,1789391991881,-0.298522,-1.01035,-2.98964,0
1789391991942,0,1789391991934,-0.298514,-1.01036,-2.99013,0
1789391991994,0,1789391991987,-0.298437,-1.01036,-2.98978,0
1789391992044,0,1789391992037,-0.298402,-1.01034,-2.98976,0
1789391992095,0,1789391992088,-0.298401,-1.01031,-2.98997,0
1789391992153,0,1789391992144,-0.29838,-1.01028,-2.9891,0
1789391992197,0,1789391992189,-0.298325,-1.01028,-2.98895,0
1789391992250,0,1789391992242,-0.298252,-1.01026,-2.98853,0
1789391992297,0,1789391992288,-0.298159,-1.01016,-2.98911,0
1789391992356,0,1789391992349,-0.298034,-1.01002,-2.98935,0
1789391992400,0,1789391992393,-0.298079,-1.01004,-2.98913,0
1789391992455,0,1789391992447,-0.298136,-1.01006,-2.98904,0
1789391992499,0,1789391992492,-0.298119,-1.01001,-2.98935,0
1789391992559,0,1789391992550,-0.298093,-1.00995,-2.98952,0
1789391992602,0,1789391992594,-0.298017,-1.00995,-2.99004,0
1789391992656,0,1789391992648,-0.297903,-1.00996,-2.98999,0
1789391992702,0,1789391992694,-0.297885,-1.00997,-2.9896,0
1789391992759,0,1789391992751,-0.29794,-1.00998,-2.98944,0
1789391992806,0,1789391992798,-0.297968,-1.01002,-2.98948,0
1789391992863,0,1789391992855,-0.29797,-1.01012,-2.98951,0
1789391992907,0,1789391992900,-0.297975,-1.01018,-2.98911,0
1789391992961,0,1789391992952,-0.297997,-1.01018,-2.98912,0
1789391993006,0,1789391992997,-0.298017,-1.01019,-2.98913,0
1789391993061,0,1789391993053,-0.298021,-1.01024,-2.9883,0
1789391993112,0,1789391993104,-0.298024,-1.01029,-2.98827,0
1789391993172,0,1789391993162,-0.298077,-1.01034,-2.98896,0
1789391993212,0,1789391993205,-0.29813,-1.01037,-2.98932,0
1789391993262,0,1789391993255,-0.298205,-1.01038,-2.98926,0
1789391993308,0,1789391993301,-0.298279,-1.01037,-2.98866,0
1789391993365,0,1789391993358,-0.298293,-1.01034,-2.98828,0
1789391993418,0,1789391993411,-0.298215,-1.01031,-2.98765,0
1789391993479,0,1789391993471,-0.298124,-1.0103,-2.98804,0
1789391993521,0,1789391993514,-0.298053,-1.01035,-2.98808,0
1789391993574,0,1789391993565,-0.297995,-1.0104,-2.98797,0
1789391993619,0,1789391993611,-0.298062,-1.01042,-2.98737,0
1789391993674,0,1789391993668,-0.298147,-1.01044,-2.98738,0
1789391993723,0,1789391993717,-0.298112,-1.01048,-2.98675,0
1789391993779,0,1789391993768,-0.298075,-1.01052,-2.98623,0
1789391993821,0,1789391993813,-0.298152,-1.01042,-2.98602,0
1789391993873,0,1789391993866,-0.298251,-1.01029,-2.98548,0
1789391993926,0,1789391993918,-0.298317,-1.01023,-2.98516,0
1789391993985,0,1789391993975,-0.298372,-1.0102,-2.98519,0
1789391994032,0,1789391994024,-0.298435,-1.01014,-2.98459,0
1789391994082,0,1789391994074,-0.298516,-1.01004,-2.98454,0
1789391994135,0,1789391994129,-0.298571,-1.00993,-2.9845,0
1789391994185,0,1789391994179,-0.29855,-1.00984,-2.98498,0
1789391994231,0,1789391994224,-0.298529,-1.00978,-2.985,0
1789391994285,0,1789391994277,-0.298496,-1.00978,-2.98416,0
1789391994328,0,1789391994320,-0.298469,-1.00978,-2.9843,0
1789391994383,0,1789391994377,-0.298488,-1.00985,-2.98548,0
1789391994432,0,1789391994425,-0.29851,-1.00991,-2.98489,0
1789391994485,0,1789391994479,-0.298508,-1.00992,-2.98499,0
1789391994531,0,1789391994523,-0.2985,-1.00992,-2.98499,0
1789391994583,0,1789391994576,-0.298513,-1.00991,-2.98496,0
1789391994638,0,1789391994631,-0.298539,-1.00989,-2.98491,0
1789391994695,0,1789391994685,-0.298594,-1.0099,-2.98508,0
1789391994737,0,1789391994729,-0.298665,-1.00994,-2.98417,0
1789391994783,0,1789391994777,-0.298693,-1.00998,-2.98381,0
1789391994842,0,1789391994835,-0.298614,-1.01001,-2.98412,0
1789391994895,0,1789391994888,-0.29856,-1.01004,-2.98455,0
1789391994942,0,1789391994935,-0.298589,-1.01007,-2.98481,0
1789391994989,0,1789391994981,-0.298617,-1.01009,-2.98542,0
1789391995035,0,1789391995027,-0.298535,-1.01012,-2.98537,0
1789391995096,0,1789391995088,-0.298425,-1.01015,-2.98595,0
1789391995149,0,1789391995141,-0.298396,-1.01017,-2.98599,0
1789391995206,0,1789391995198,-0.298384,-1.01019,-2.98606,0
1789391995254,0,1789391995245,-0.298349,-1.01026,-2.98595,0
1789391995302,0,1789391995293,-0.298306,-1.01035,-2.98648,0
1789391995349,0,1789391995340,-0.298308,-1.01034,-2.98616,0
1789391995408,0,1789391995399,-0.298358,-1.01023,-2.98623,0
1789391995464,0,1789391995456,-0.298395,-1.01015,-2.98645,0
1789391995515,0,1789391995508,-0.298402,-1.01012,-2.98615,0
1789391995560,0,1789391995552,-0.298407,-1.0101,-2.98621,0
1789391995615,0,1789391995605,-0.298404,-1.01009,-2.98666,0
1789391995663,0,1789391995654,-0.298402,-1.01007,-2.98699,0
1789391995720,0,1789391995710,-0.2984,-1.01005,-2.98703,0
1789391995764,0,1789391995757,-0.298399,-1.01004,-2.98747,0
1789391995813,0,1789391995805,-0.298345,-1.00996,-2.98812,0
1789391995861,0,1789391995853,-0.298283,-1.00988,-2.9879,0
1789391995913,0,1789391995905,-0.298298,-1.00979,-2.98774,0
1789391995966,0,1789391995958,-0.298357,-1.00971,-2.98788,0
1789391996018,0,1789391996010,-0.298431,-1.00971,-2.98744,0
1789391996060,0,1789391996055,-0.298509,-1.00978,-2.98723,0
1789391996115,0,1789391996109,-0.298528,-1.00983,-2.98765,0
1789391996172,0,1789391996166,-0.298376,-1.00978,-2.98783,0
1789391996233,0,1789391996226,-0.298236,-1.00974,-2.98705,0
1789391996275,0,1789391996268,-0.298219,-1.00979,-2.98706,0
1789391996327,0,1789391996318,-0.298201,-1.00985,-2.98671,0
1789391996373,0,1789391996365,-0.29822,-1.00987,-2.98691,0
1789391996431,0,1789391996423,-0.298244,-1.00989,-2.98731,0
1789391996480,0,1789391996472,-0.298158,-1.00983,-2.98733,0
1789391996532,0,1789391996524,-0.29805,-1.00975,-2.9872,0
1789391996583,0,1789391996568,-0.29804,-1.00973,-2.98723,0
1789391996627,0,1789391996618,-0.298054,-1.00971,-2.98717,0
1789391996673,0,1789391996666,-0.298024,-1.00971,-2.98761,0
1789391996733,0,1789391996726,-0.297937,-1.00972,-2.98851,0
1789391996781,0,1789391996773,-0.297891,-1.00971,-2.9885,0
1789391996831,0,1789391996823,-0.297881,-1.00966,-2.98791,0
1789391996884,0,1789391996877,-0.297869,-1.00961,-2.98754,0
1789391996943,0,1789391996935,-0.297843,-1.0096,-2.98814,0
1789391996990,0,1789391996983,-0.297821,-1.00959,-2.98793,0
1789391997043,0,1789391997035,-0.297741,-1.00956,-2.98787,0
1789391997086,0,1789391997080,-0.297671,-1.00953,-2.98769,0
1789391997140,0,1789391997132,-0.297662,-1.00945,-2.98768,0
1789391997185,0,1789391997177,-0.297669,-1.00937,-2.98768,0
1789391997244,0,1789391997235,-0.297652,-1.0093,-2.98788,0
1789391997297,0,1789391997289,-0.297621,-1.00925,-2.98795,0
1789391997362,0,1789391997353,-0.297633,-1.00923,-2.98746,0
1789391997410,0,1789391997402,-0.297698,-1.00926,-2.98815,0
1789391997462,0,1789391997453,-0.297746,-1.0093,-2.9886,0
1789391997508,0,1789391997499,-0.29775,-1.00932,-2.98914,0
1789391997558,0,1789391997549,-0.297754,-1.00935,-2.98954,0
1789391997607,0,1789391997600,-0.297758,-1.00932,-2.98958,0
1789391997666,0,1789391997654,-0.297761,-1.00929,-2.98962,0
1789391997710,0,1789391997700,-0.2978,-1.00933,-2.98919,0
1789391997760,0,1789391997753,-0.297846,-1.00937,-2.98941,0
1789391997813,0,1789391997805,-0.297805,-1.00939,-2.98955,0
1789391997864,0,1789391997857,-0.297746,-1.0094,-2.9899,0
1789391997908,0,1789391997901,-0.297648,-1.00938,-2.98952,0
1789391997959,0,1789391997953,-0.297515,-1.00935,-2.98983,0
1789391998008,0,1789391998001,-0.297476,-1.00935,-2.98977,0
1789391998067,0,1789391998060,-0.29752,-1.0094,-2.99024,0
1789391998120,0,1789391998114,-0.297532,-1.00942,-2.99009,0
1789391998173,0,1789391998165,-0.297487,-1.00941,-2.98974,0
1789391998218,0,1789391998210,-0.297465,-1.00939,-2.98969,0
1789391998269,0,1789391998262,-0.29753,-1.00937,-2.98975,0
1789391998320,0,1789391998314,-0.297594,-1.00935,-2.98955,0
1789391998370,0,1789391998364,-0.297544,-1.00937,-2.98966,0
1789391998419,0,1789391998411,-0.297497,-1.00939,-2.98967,0
1789391998470,0,1789391998463,-0.29748,-1.00933,-2.98994,0
1789391998531,0,1789391998523,-0.297469,-1.00923,-2.98937,0
1789391998594,0,1789391998585,-0.2975,-1.00924,-2.98901,0
1789391998649,0,1789391998639,-0.297557,-1.00933,-2.98951,0
1789391998697,0,1789391998688,-0.297514,-1.0094,-2.98964,0
1789391998753,0,1789391998745,-0.297364,-1.00947,-2.99033,0
1789391998802,0,1789391998793,-0.297277,-1.00953,-2.99051,0
1789391998847,0,1789391998840,-0.297261,-1.00961,-2.99052,0
1789391998896,0,1789391998889,-0.297265,-1.0097,-2.99041,0
1789391998941,0,1789391998936,-0.297364,-1.00982,-2.99049,0
1789391998997,0,1789391998989,-0.297476,-1.00996,-2.99047,0
1789391999042,0,1789391999036,-0.297484,-1.00997,-2.9904,0
1789391999102,0,1789391999095,-0.297493,-1.00998,-2.98988,0
1789391999146,0,1789391999137,-0.297496,-1.00994,-2.98958,0
1789391999198,0,1789391999190,-0.297501,-1.0099,-2.98885,0
1789391999252,0,1789391999244,-0.297474,-1.00997,-2.98945,0
1789391999299,0,1789391999293,-0.297439,-1.01007,-2.98973,0
1789391999346,0,1789391999337,-0.297448,-1.01014,-2.98943,0
1789391999397,0,1789391999388,-0.29749,-1.01022,-2.98952,0
1789391999450,0,1789391999441,-0.29749,-1.01025,-2.98972,0
1789391999512,0,1789391999505,-0.297375,-1.01019,-2.98965,0
1789391999565,0,1789391999557,-0.297298,-1.01014,-2.98978,0
1789391999615,0,1789391999607,-0.297305,-1.01013,-2.98973,0
1789391999660,0,1789391999653,-0.297311,-1.01012,-2.98967,0
1789391999715,0,1789391999705,-0.297237,-1.0102,-2.98983,0
1789391999758,0,1789391999749,-0.297175,-1.01027,-2.98937,0
1789391999809,0,1789391999802,-0.297336,-1.01031,-2.98941,0
1789391999864,0,1789391999856,-0.29756,-1.01033,-2.98904,0
1789391999924,0,1789391999914,-0.297611,-1.01039,-2.98833,0
1789391999970,0,1789391999963,-0.297545,-1.01047,-2.98853,0
1789392000022,0,1789392000013,-0.297567,-1.01048,-2.98857,0
1789392000064,0,1789392000057,-0.297662,-1.01043,-2.98897,0
1789392000119,0,1789392000112,-0.297749,-1.01043,-2.98896,0
1789392000172,0,1789392000164,-0.297757,-1.01056,-2.98936,0
1789392000224,0,1789392000218,-0.297753,-1.01065,-2.98935,0
1789392000267,0,1789392000259,-0.297701,-1.01059,-2.98976,0
1789392000321,0,1789392000311,-0.297634,-1.01052,-2.9902,0
1789392000374,0,1789392000366,-0.297639,-1.01045,-2.99117,0
1789392000431,0,1789392000423,-0.297652,-1.01038,-2.99104,0
1789392000480,0,1789392000473,-0.297613,-1.01038,-2.99114,0
1789392000532,0,1789392000522,-0.297567,-1.01038,-2.99131,0
1789392000576,0,1789392000570,-0.297568,-1.01035,-2.99189,0
1789392000634,0,1789392000625,-0.29759,-1.01029,-2.99209,0
1789392000683,0,1789392000675,-0.297603,-1.01027,-2.99215,0
1789392000731,0,1789392000723,-0.297609,-1.01028,-2.99216,0
1789392000786,0,1789392000778,-0.297628,-1.0103,-2.99229,0
1789392000842,0,1789392000833,-0.297673,-1.01031,-2.99237,0
1789392000892,0,1789392000885,-0.2977,-1.01032,-2.99236,0
1789392000943,0,1789392000936,-0.297649,-1.01032,-2.99282,0
1789392000987,0,1789392000981,-0.297605,-1.01031,-2.99273,0
1789392001042,0,1789392001034,-0.297538,-1.0102,-2.99251,0
1789392001099,0,1789392001088,-0.297469,-1.01009,-2.99263,0
1789392001151,0,1789392001140,-0.297459,-1.01004,-2.9929,0
1789392001204,0,1789392001195,-0.297461,-1.01,-2.99251,0
1789392001257,0,1789392001249,-0.297488,-1.01001,-2.99186,0
1789392001299,0,1789392001291,-0.297519,-1.01005,-2.99156,0
1789392001353,0,1789392001345,-0.29754,-1.01008,-2.99143,0
1789392001393,0,1789392001387,-0.297539,-1.0101,-2.99123,0
1789392001449,0,1789392001440,-0.297537,-1.0101,-2.99183,0
1789392001503,0,1789392001494,-0.29753,-1.01004,-2.99159,0
1789392001550,0,1789392001542,-0.297548,-1.00999,-2.99141,0
1789392001598,0,1789392001588,-0.297668,-1.00994,-2.99098,0
1789392001648,0,1789392001640,-0.297806,-1.00989,-2.99104,0
1789392001697,0,1789392001688,-0.297763,-1.00988,-2.99061,0
1789392001758,0,1789392001748,-0.29771,-1.00986,-2.99044,0
1789392001803,0,1789392001794,-0.297684,-1.00981,-2.99051,0
1789392001854,0,1789392001846,-0.297656,-1.00975,-2.99045,0
1789392001899,0,1789392001890,-0.297701,-1.00983,-2.99081,0
1789392001958,0,1789392001951,-0.297792,-1.00999,-2.99056,0
1789392002003,0,1789392001996,-0.297855,-1.01001,-2.99091,0
1789392002056,0,1789392002048,-0.297927,-1.00997,-2.99082,0
1789392002104,0,1789392002094,-0.29794,-1.00992,-2.99095,0
1789392002161,0,1789392002152,-0.297853,-1.00984,-2.99126,0
1789392002213,0,1789392002206,-0.297795,-1.00976,-2.99068,0
1789392002263,0,1789392002255,-0.297852,-1.00965,-2.99069,0
1789392002310,0,1789392002302,-0.297906,-1.00954,-2.99059,0
1789392002361,0,1789392002353,-0.297929,-1.00956,-2.99051,0
1789392002411,0,1789392002403,-0.297952,-1.00957,-2.99044,0
1789392002469,0,1789392002461,-0.297917,-1.00951,-2.99033,0
1789392002514,0,1789392002506,-0.297872,-1.00945,-2.99084,0
1789392002568,0,1789392002560,-0.297845,-1.00945,-2.99138,0
1789392002625,0,1789392002618,-0.297832,-1.00951,-2.991,0
1789392002678,0,1789392002671,-0.29785,-1.00957,-2.99136,0
1789392002722,0,1789392002715,-0.297891,-1.00962,-2.99134,0
1789392002770,0,1789392002763,-0.297922,-1.00965,-2.99121,0
1789392002819,0,1789392002811,-0.297931,-1.00964,-2.99122,0
1789392002875,0,1789392002866,-0.297947,-1.00964,-2.99109,0
1789392002925,0,1789392002916,-0.297993,-1.0097,-2.99133,0
1789392002974,0,1789392002967,-0.29804,-1.00976,-2.99085,0
1789392003020,0,1789392003012,-0.298009,-1.00976,-2.99023,0
1789392003073,0,1789392003067,-0.297969,-1.00977,-2.99008,0
1789392003125,0,1789392003118,-0.297902,-1.00978,-2.99027,0
1789392003184,0,1789392003176,-0.297817,-1.0098,-2.99002,0
1789392003229,0,1789392003224,-0.297832,-1.00981,-2.98999,0
1789392003283,0,1789392003274,-0.297885,-1.00981,-2.98973,0
1789392003328,0,1789392003321,-0.297889,-1.00987,-2.98908,0
1789392003385,0,1789392003379,-0.297849,-1.00998,-2.98883,0
1789392003432,0,1789392003424,-0.297812,-1.01006,-2.98904,0
1789392003481,0,1789392003472,-0.297761,-1.01011,-2.98889,0
1789392003527,0,1789392003519,-0.297716,-1.01016,-2.98876,0
1789392003587,0,1789392003580,-0.29769,-1.01027,-2.98821,0
1789392003646,0,1789392003639,-0.297665,-1.01036,-2.98784,0
1789392003701,0,1789392003692,-0.297787,-1.01028,-2.98722,0
1789392003741,0,1789392003735,-0.297889,-1.01021,-2.98685,0
1789392003793,0,1789392003786,-0.297909,-1.01025,-2.9866,0
1789392003838,0,1789392003831,-0.297908,-1.01032,-2.98681,0
1789392003899,0,1789392003891,-0.297864,-1.01035,-2.98741,0
1789392003945,0,1789392003938,-0.297804,-1.01035,-2.98749,0
1789392003996,0,1789392003988,-0.297825,-1.01039,-2.98776,0
1789392004040,0,1789392004034,-0.297918,-1.01047,-2.98715,0
1789392004093,0,1789392004086,-0.298016,-1.01055,-2.98736,0
1789392004140,0,1789392004132,-0.298088,-1.01057,-2.98735,0
1789392004197,0,1789392004188,-0.298164,-1.01059,-2.98792,0
1789392004249,0,1789392004239,-0.298172,-1.01056,-2.98764,0
1789392004305,0,1789392004297,-0.298181,-1.01051,-2.9881,0
1789392004349,0,1789392004341,-0.298141,-1.01045,-2.98854,0
1789392004404,0,1789392004394,-0.298091,-1.01037,-2.98945,0
1789392004444,0,1789392004436,-0.298084,-1.01032,-2.98916,0
1789392004498,0,1789392004489,-0.298076,-1.01026,-2.98949,0
1789392004552,0,1789392004544,-0.298031,-1.01024,-2.98996,0
1789392004600,0,1789392004592,-0.297973,-1.01024,-2.99014,0
1789392004648,0,1789392004639,-0.298015,-1.01028,-2.99013,0
1789392004702,0,1789392004693,-0.298157,-1.01037,-2.99102,0
1789392004753,0,1789392004745,-0.29825,-1.01043,-2.99143,0
1789392004808,0,1789392004797,-0.29825,-1.01047,-2.99146,0
1789392004848,0,1789392004841,-0.298268,-1.01051,-2.9916,0
1789392004903,0,1789392004894,-0.298378,-1.01062,-2.9917,0
1789392004951,0,1789392004945,-0.298483,-1.01073,-2.99125,0
1789392005007,0,1789392004999,-0.298457,-1.01076,-2.99046,0
1789392005059,0,1789392005052,-0.298424,-1.01078,-2.99013,0
1789392005115,0,1789392005107,-0.298441,-1.01084,-2.99087,0
1789392005163,0,1789392005155,-0.298468,-1.01089,-2.991,0
1789392005213,0,1789392005206,-0.298468,-1.01088,-2.99147,0
1789392005257,0,1789392005251,-0.298456,-1.01085,-2.99145,0
1789392005312,0,1789392005303,-0.298471,-1.01085,-2.99136,0
1789392005364,0,1789392005356,-0.29852,-1.01088,-2.99067,0
1789392005415,0,1789392005407,-0.298533,-1.01094,-2.99113,0
1789392005471,0,1789392005464,-0.298472,-1.01105,-2.99155,0
1789392005520,0,1789392005512,-0.298427,-1.01114,-2.99188,0
1789392005565,0,1789392005559,-0.29841,-1.01118,-2.99239,0
1789392005620,0,1789392005611,-0.298391,-1.01122,-2.9923,0
1789392005662,0,1789392005655,-0.298306,-1.01117,-2.99219,0
1789392005716,0,1789392005708,-0.298202,-1.0111,-2.99244,0
1789392005770,0,1789392005764,-0.29822,-1.01112,-2.99193,0
1789392005834,0,1789392005826,-0.298286,-1.01116,-2.99113,0
1789392005877,0,1789392005869,-0.29832,-1.0112,-2.99105,0
1789392005926,0,1789392005918,-0.298357,-1.01125,-2.99107,0
1789392005975,0,1789392005967,-0.298327,-1.01126,-2.99116,0
1789392006030,0,1789392006022,-0.298224,-1.01122,-2.99127,0
1789392006078,0,1789392006071,-0.298146,-1.01119,-2.99107,0
1789392006131,0,1789392006123,-0.298089,-1.01118,-2.99088,0
1789392006174,0,1789392006168,-0.298032,-1.01119,-2.99077,0
1789392006233,0,1789392006225,-0.297913,-1.0113,-2.99116,0
1789392006283,0,1789392006275,-0.29781,-1.01139,-2.99081,0
1789392006333,0,1789392006324,-0.297748,-1.01133,-2.99073,0
1789392006377,0,1789392006370,-0.297689,-1.01127,-2.99061,0
1789392006430,0,1789392006423,-0.297614,-1.0113,-2.99017,0
1789392006481,0,1789392006474,-0.29754,-1.01135,-2.98974,0
1789392006534,0,1789392006526,-0.297525,-1.01136,-2.98988,0
1789392006584,0,1789392006578,-0.297542,-1.01136,-2.98946,0
1789392006636,0,1789392006629,-0.297565,-1.01136,-2.98936,0
1789392006682,0,1789392006676,-0.297593,-1.01138,-2.98889,0
1789392006731,0,1789392006723,-0.297601,-1.01136,-2.98843,0
1789392006786,0,1789392006771,-0.297573,-1.0113,-2.98811,0
1789392006836,0,1789392006829,-0.29755,-1.01126,-2.98798,0
1789392006885,0,1789392006878,-0.297586,-1.01135,-2.98744,0
1789392006942,0,1789392006932,-0.297627,-1.01146,-2.98764,0
1789392006986,0,1789392006976,-0.297613,-1.01144,-2.98761,0
1789392007038,0,1789392007032,-0.297596,-1.01143,-2.98758,0
1789392007089,0,1789392007080,-0.297588,-1.01141,-2.98779,0
1789392007138,0,1789392007132,-0.29758,-1.01139,-2.98819,0
1789392007193,0,1789392007187,-0.297513,-1.0114,-2.98807,0
1789392007246,0,1789392007238,-0.297419,-1.01143,-2.98801,0
1789392007289,0,1789392007283,-0.297406,-1.01146,-2.98834,0
1789392007343,0,1789392007335,-0.297452,-1.01149,-2.98812,0
1789392007388,0,1789392007382,-0.297477,-1.0115,-2.98841,0
1789392007452,0,1789392007445,-0.297472,-1.01147,-2.98856,0
1789392007503,0,1789392007496,-0.297469,-1.01144,-2.9884,0
1789392007556,0,1789392007549,-0.29747,-1.01147,-2.98906,0
1789392007600,0,1789392007592,-0.297471,-1.0115,-2.98956,0
1789392007656,0,1789392007644,-0.297537,-1.01155,-2.98975,0
1789392007697,0,1789392007690,-0.297595,-1.0116,-2.98913,0
1789392007758,0,1789392007749,-0.297639,-1.01176,-2.98908,0
1789392007810,0,1789392007801,-0.297665,-1.01194,-2.98889,0
1789392007858,0,1789392007851,-0.297599,-1.01195,-2.98912,0
1789392007905,0,1789392007897,-0.2975,-1.0119,-2.98911,0
1789392007957,0,1789392007949,-0.297423,-1.01186,-2.98895,0
1789392008012,0,1789392008005,-0.297379,-1.01184,-2.98943,0
1789392008062,0,1789392008054,-0.297339,-1.01178,-2.98887,0
1789392008106,0,1789392008100,-0.297298,-1.01165,-2.98857,0
1789392008160,0,1789392008153,-0.297275,-1.01154,-2.98832,0
1789392008209,0,1789392008200,-0.297369,-1.01159,-2.98776,0
1789392008269,0,1789392008263,-0.297496,-1.01166,-2.98796,0
1789392008312,0,1789392008304,-0.297558,-1.01165,-2.98767,0
1789392008363,0,1789392008355,-0.297635,-1.01165,-2.98763,0
1789392008411,0,1789392008405,-0.297704,-1.01173,-2.98732,0
1789392008475,0,1789392008466,-0.297788,-1.01184,-2.98661,0
1789392008527,0,1789392008518,-0.29778,-1.01192,-2.98684,0
1789392008578,0,1789392008570,-0.29773,-1.01199,-2.98677,0
1789392008621,0,1789392008614,-0.297706,-1.01199,-2.98661,0
1789392008670,0,1789392008663,-0.297693,-1.01195,-2.98662,0
1789392008727,0,1789392008720,-0.29768,-1.01191,-2.98703,0
1789392008783,0,1789392008773,-0.297672,-1.01187,-2.98718,0
1789392008824,0,1789392008816,-0.297675,-1.01186,-2.98692,0
1789392008873,0,1789392008865,-0.297725,-1.0119,-2.98669,0
1789392008919,0,1789392008911,-0.297771,-1.01195,-2.98651,0
1789392008975,0,1789392008968,-0.297807,-1.01195,-2.98643,0
1789392009027,0,1789392009019,-0.297836,-1.01194,-2.98646,0
1789392009083,0,1789392009074,-0.297901,-1.01197,-2.98666,0
1789392009131,0,1789392009122,-0.297965,-1.01201,-2.98593,0
1789392009180,0,1789392009172,-0.297962,-1.01204,-2.98618,0
1789392009226,0,1789392009219,-0.297928,-1.01206,-2.98647,0
1789392009283,0,1789392009272,-0.297845,-1.01205,-2.98729,0
1789392009337,0,1789392009329,-0.297701,-1.01199,-2.98671,0
1789392009394,0,1789392009385,-0.297564,-1.01194,-2.98696,0
1789392009440,0,1789392009434,-0.297453,-1.0119,-2.98683,0
1789392009494,0,1789392009483,-0.297342,-1.01188,-2.98649,0
1789392009537,0,1789392009530,-0.297242,-1.01187,-2.98651,0
1789392009592,0,1789392009586,-0.29712,-1.01185,-2.9867,0
1789392009645,0,1789392009637,-0.297001,-1.0119,-2.98633,0
1789392009700,0,1789392009694,-0.296867,-1.01195,-2.98635,0
1789392009747,0,1789392009739,-0.296826,-1.01195,-2.98647,0
1789392009799,0,1789392009791,-0.29678,-1.01196,-2.98657,0
1789392009844,0,1789392009837,-0.29674,-1.01196,-2.98674,0
1789392009903,0,1789392009896,-0.296688,-1.01196,-2.98684,0
1789392009948,0,1789392009941,-0.296651,-1.01196,-2.98648,0
1789392009996,0,1789392009989,-0.296612,-1.01196,-2.98635,0
1789392010042,0,1789392010036,-0.296581,-1.01196,-2.9859,0
1789392010098,0,1789392010091,-0.296559,-1.01195,-2.98588,0
1789392010151,0,1789392010144,-0.296551,-1.01192,-2.98582,0
1789392010210,0,1789392010202,-0.296623,-1.01182,-2.98601,0
1789392010255,0,1789392010246,-0.296676,-1.01175,-2.98622,0
1789392010303,0,1789392010295,-0.296743,-1.01164,-2.98632,0
1789392010360,0,1789392010352,-0.296822,-1.0115,-2.98631,0
1789392010410,0,1789392010402,-0.296814,-1.01153,-2.98531,0
1789392010455,0,1789392010447,-0.296795,-1.01157,-2.98525,0
1789392010506,0,1789392010498,-0.296746,-1.01156,-2.9851,0
1789392010551,0,1789392010543,-0.296691,-1.01153,-2.98442,0
1789392010603,0,1789392010595,-0.296677,-1.01151,-2.98403,0
1789392010656,0,1789392010649,-0.296715,-1.01151,-2.98358,0
1789392010716,0,1789392010707,-0.296744,-1.0115,-2.9836,0
1789392010759,0,1789392010753,-0.296744,-1.01147,-2.98354,0
1789392010813,0,1789392010804,-0.296738,-1.01145,-2.98342,0
1789392010865,0,1789392010858,-0.296697,-1.01139,-2.98365,0
1789392010921,0,1789392010912,-0.296656,-1.01133,-2.98329,0
1789392010973,0,1789392010964,-0.296694,-1.01126,-2.98275,0
1789392011021,0,1789392011013,-0.296731,-1.0112,-2.98212,0
1789392011068,0,1789392011060,-0.29676,-1.01116,-2.9817,0
1789392011119,0,1789392011112,-0.296792,-1.01112,-2.98205,0
1789392011167,0,1789392011160,-0.296788,-1.01111,-2.98209,0
1789392011226,0,1789392011220,-0.296767,-1.01112,-2.98186,0
1789392011275,0,1789392011267,-0.296749,-1.01112,-2.98201,0
1789392011325,0,1789392011316,-0.29673,-1.01113,-2.98208,0
1789392011368,0,1789392011360,-0.296672,-1.01112,-2.98211,0
1789392011423,0,1789392011416,-0.296515,-1.0111,-2.98166,0
1789392011478,0,1789392011471,-0.296372,-1.01109,-2.98135,0
1789392011529,0,1789392011522,-0.296295,-1.01116,-2.98094,0
1789392011576,0,1789392011568,-0.296226,-1.01122,-2.98114,0
1789392011637,0,1789392011630,-0.296185,-1.01122,-2.98064,0
1789392011688,0,1789392011681,-0.29616,-1.0112,-2.98132,0
1789392011737,0,1789392011731,-0.296114,-1.01114,-2.98147,0
1789392011783,0,1789392011777,-0.296069,-1.01109,-2.9814,0
1789392011836,0,1789392011828,-0.296068,-1.0111,-2.98152,0
1789392011883,0,1789392011876,-0.296089,-1.01114,-2.98216,0
1789392011941,0,1789392011933,-0.296129,-1.01119,-2.98241,0
1789392011986,0,1789392011978,-0.296172,-1.01123,-2.9823,0
1789392012035,0,1789392012029,-0.296216,-1.01126,-2.98167,0
1789392012084,0,1789392012076,-0.296247,-1.01129,-2.9818,0
1789392012143,0,1789392012134,-0.296294,-1.01132,-2.98172,0
1789392012196,0,1789392012189,-0.296381,-1.01127,-2.98185,0
1789392012246,0,1789392012239,-0.29646,-1.01123,-2.98161,0
1789392012292,0,1789392012284,-0.296492,-1.01117,-2.98212,0
1789392012341,0,1789392012334,-0.296528,-1.01112,-2.98155,0
1789392012388,0,1789392012381,-0.296511,-1.01118,-2.98103,0
1789392012449,0,1789392012441,-0.296484,-1.01128,-2.98066,0
1789392012500,0,1789392012494,-0.296491,-1.01129,-2.9804,0
1789392012553,0,1789392012545,-0.296514,-1.01125,-2.98056,0
1789392012598,0,1789392012590,-0.296565,-1.01121,-2.98066,0
1789392012650,0,1789392012642,-0.296653,-1.01116,-2.98006,0
1789392012708,0,1789392012698,-0.296739,-1.01111,-2.9803,0
1789392012758,0,1789392012750,-0.296799,-1.01106,-2.98062,0
1789392012802,0,1789392012794,-0.296861,-1.01102,-2.98115,0
1789392012855,0,1789392012845,-0.296995,-1.01102,-2.98087,0
1789392012903,0,1789392012894,-0.297124,-1.01102,-2.9804,0
1789392012962,0,1789392012953,-0.297226,-1.01105,-2.981,0
1789392013006,0,1789392012997,-0.297294,-1.01107,-2.981,0
1789392013056,0,1789392013047,-0.297359,-1.01104,-2.98081,0
1789392013100,0,1789392013093,-0.297416,-1.011,-2.98083,0
1789392013158,0,1789392013150,-0.297424,-1.01096,-2.98134,0
1789392013214,0,1789392013207,-0.297387,-1.01094,-2.98138,0
1789392013264,0,1789392013257,-0.297457,-1.01091,-2.98114,0
1789392013313,0,1789392013304,-0.297614,-1.01085,-2.9814,0
1789392013360,0,1789392013353,-0.297714,-1.01083,-2.98154,0
1789392013423,0,1789392013416,-0.297687,-1.01088,-2.98077,0
1789392013474,0,1789392013467,-0.297666,-1.0109,-2.98031,0
1789392013521,0,1789392013513,-0.297651,-1.01087,-2.98034,0
1789392013570,0,1789392013562,-0.297636,-1.01084,-2.98038,0
1789392013616,0,1789392013609,-0.297646,-1.01087,-2.98055,0
1789392013671,0,1789392013663,-0.297656,-1.0109,-2.98066,0
1789392013722,0,1789392013714,-0.297599,-1.0109,-2.98064,0
1789392013774,0,1789392013767,-0.297524,-1.0109,-2.98024,0
1789392013817,0,1789392013810,-0.2976,-1.01083,-2.98003,0
1789392013872,0,1789392013863,-0.297738,-1.01072,-2.98061,0
1789392013922,0,1789392013915,-0.297801,-1.01063,-2.98086,0
1789392013975,0,1789392013967,-0.29779,-1.01058,-2.98099,0
1789392014024,0,1789392014015,-0.297786,-1.01055,-2.98119,0
1789392014073,0,1789392014064,-0.297791,-1.01056,-2.98096,0
1789392014117,0,1789392014111,-0.297803,-1.01057,-2.98082,0
1789392014183,0,1789392014174,-0.297863,-1.01054,-2.98051,0
1789392014231,0,1789392014223,-0.297911,-1.01051,-2.98135,0
1789392014282,0,1789392014275,-0.297908,-1.01053,-2.9814,0
1789392014324,0,1789392014318,-0.297904,-1.01054,-2.98145,0
1789392014378,0,1789392014370,-0.297936,-1.0106,-2.98135,0
1789392014431,0,1789392014424,-0.297977,-1.01068,-2.98192,0
1789392014492,0,1789392014485,-0.297965,-1.01068,-2.98142,0
1789392014543,0,1789392014536,-0.297918,-1.01063,-2.9809,0
1789392014595,0,1789392014586,-0.297853,-1.01061,-2.9809,0
1789392014639,0,1789392014633,-0.297776,-1.0106,-2.98113,0
1789392014692,0,1789392014684,-0.297699,-1.01059,-2.98159,0
1789392014738,0,1789392014730,-0.297643,-1.0106,-2.98164,0
1789392014800,0,1789392014792,-0.297571,-1.01061,-2.98164,0
1789392014849,0,1789392014841,-0.297539,-1.01064,-2.98102,0
1789392014900,0,1789392014892,-0.297505,-1.01067,-2.98136,0
1789392014943,0,1789392014936,-0.297576,-1.01062,-2.98087,0
1789392014998,0,1789392014988,-0.297662,-1.01055,-2.9806,0
1789392015039,0,1789392015033,-0.297648,-1.01053,-2.98134,0
1789392015097,0,1789392015091,-0.297622,-1.01051,-2.98125,0
1789392015147,0,1789392015140,-0.297607,-1.0105,-2.9811,0
1789392015197,0,1789392015189,-0.297594,-1.01049,-2.98129,0
1789392015246,0,1789392015238,-0.297609,-1.0105,-2.98239,0
1789392015303,0,1789392015296,-0.297658,-1.01051,-2.9826,0
1789392015360,0,1789392015351,-0.297708,-1.01049,-2.98259,0
1789392015419,0,1789392015412,-0.297774,-1.0104,-2.98229,0
1789392015464,0,1789392015457,-0.297802,-1.01034,-2.98233,0
1789392015512,0,1789392015505,-0.297746,-1.01031,-2.98144,0
1789392015559,0,1789392015551,-0.297692,-1.01029,-2.98153,0
1789392015611,0,1789392015601,-0.297639,-1.0102,-2.98175,0
1789392015657,0,1789392015648,-0.29759,-1.01013,-2.98147,0
1789392015718,0,1789392015709,-0.297526,-1.01016,-2.98089,0
1789392015769,0,1789392015762,-0.297469,-1.01024,-2.98107,0
1789392015821,0,1789392015813,-0.297455,-1.01029,-2.98126,0
1789392015864,0,1789392015857,-0.297459,-1.01032,-2.98131,0
1789392015917,0,1789392015910,-0.297472,-1.01034,-2.98132,0
1789392015962,0,1789392015954,-0.297488,-1.01035,-2.98128,0
1789392016019,0,1789392016011,-0.297483,-1.01037,-2.98144,0
1789392016067,0,1789392016060,-0.297424,-1.0104,-2.98185,0
1789392016117,0,1789392016109,-0.297373,-1.01044,-2.9818,0
1789392016172,0,1789392016165,-0.297358,-1.01051,-2.9813,0
1789392016221,0,1789392016213,-0.297344,-1.01058,-2.9815,0
1789392016268,0,1789392016261,-0.29748,-1.01059,-2.98158,0
1789392016319,0,1789392016312,-0.297625,-1.01059,-2.98152,0
1789392016374,0,1789392016367,-0.297642,-1.0106,-2.98169,0
1789392016427,0,1789392016420,-0.297617,-1.01061,-2.98169,0
1789392016472,0,1789392016463,-0.297612,-1.01056,-2.98189,0
1789392016521,0,1789392016514,-0.297611,-1.01049,-2.98212,0
1789392016576,0,1789392016568,-0.297577,-1.01047,-2.9825,0
1789392016635,0,1789392016628,-0.297499,-1.01052,-2.98273,0
1789392016681,0,1789392016674,-0.297459,-1.01052,-2.98229,0
1789392016734,0,1789392016724,-0.297453,-1.01045,-2.98222,0
1789392016775,0,1789392016769,-0.297447,-1.01041,-2.98227,0
1789392016832,0,1789392016824,-0.297441,-1.01044,-2.98221,0
1789392016884,0,1789392016876,-0.297435,-1.01046,-2.98216,0
1789392016937,0,1789392016928,-0.297482,-1.01048,-2.98201,0
1789392016981,0,1789392016972,-0.297521,-1.01049,-2.98215,0
1789392017045,0,1789392017035,-0.297545,-1.01056,-2.98206,0
1789392017085,0,1789392017079,-0.29755,-1.01062,-2.98161,0
1789392017135,0,1789392017127,-0.297575,-1.01072,-2.98142,0
1789392017181,0,1789392017174,-0.297608,-1.01083,-2.98169,0
1789392017236,0,1789392017227,-0.297629,-1.01085,-2.98181,0
1789392017286,0,1789392017279,-0.297633,-1.01075,-2.98165,0
1789392017339,0,1789392017330,-0.297666,-1.01068,-2.98147,0
1789392017382,0,1789392017375,-0.297748,-1.01068,-2.98129,0
1789392017440,0,1789392017432,-0.297826,-1.01068,-2.98071,0
1789392017488,0,1789392017480,-0.297756,-1.01067,-2.98049,0
1789392017542,0,1789392017533,-0.297679,-1.01066,-2.98063,0
1789392017585,0,1789392017578,-0.297662,-1.01069,-2.98023,0
1789392017646,0,1789392017638,-0.297639,-1.01073,-2.9805,0
1789392017695,0,1789392017688,-0.297674,-1.01076,-2.98097,0
1789392017745,0,1789392017738,-0.297718,-1.01079,-2.98126,0
1789392017789,0,1789392017782,-0.29775,-1.01077,-2.98138,0
1789392017842,0,1789392017832,-0.297784,-1.01074,-2.98137,0
1789392017891,0,1789392017883,-0.297733,-1.01075,-2.98122,0
1789392017955,0,1789392017945,-0.297568,-1.01081,-2.98054,0
1789392018003,0,1789392017996,-0.297485,-1.01084,-2.98084,0
1789392018054,0,1789392018046,-0.297508,-1.01086,-2.9809,0
1789392018098,0,1789392018091,-0.297535,-1.01088,-2.98098,0
1789392018149,0,1789392018140,-0.297592,-1.0109,-2.9811,0
1789392018195,0,1789392018188,-0.297648,-1.01093,-2.98056,0
1789392018261,0,1789392018252,-0.297615,-1.01101,-2.98014,0
1789392018315,0,1789392018305,-0.297565,-1.01108,-2.97969,0
1789392018363,0,1789392018354,-0.297556,-1.01114,-2.97989,0
1789392018404,0,1789392018397,-0.297552,-1.01118,-2.97978,0
1789392018458,0,1789392018450,-0.297587,-1.01123,-2.97977,0
1789392018510,0,1789392018502,-0.297642,-1.01126,-2.97953,0
1789392018563,0,1789392018553,-0.297668,-1.01129,-2.97886,0
1789392018607,0,1789392018599,-0.297667,-1.01132,-2.97895,0
1789392018659,0,1789392018650,-0.297666,-1.01132,-2.97929,0
1789392018721,0,1789392018712,-0.297666,-1.01123,-2.98007,0
1789392018770,0,1789392018762,-0.297666,-1.01117,-2.98024,0
1789392018824,0,1789392018818,-0.297674,-1.01111,-2.97996,0
1789392018877,0,1789392018868,-0.297681,-1.01106,-2.97972,0
1789392018920,0,1789392018914,-0.297662,-1.01105,-2.97968,0
1789392018971,0,1789392018964,-0.29764,-1.01103,-2.97964,0
1789392019017,0,1789392019011,-0.297656,-1.01112,-2.97942,0
1789392019068,0,1789392019062,-0.297677,-1.01122,-2.97958,0
1789392019125,0,1789392019118,-0.297639,-1.01123,-2.97966,0
1789392019174,0,1789392019167,-0.297571,-1.01118,-2.97949,0
1789392019220,0,1789392019214,-0.297557,-1.01119,-2.97868,0
1789392019275,0,1789392019268,-0.29759,-1.01126,-2.97912,0
1789392019329,0,1789392019320,-0.297651,-1.01133,-2.9797,0
1789392019385,0,1789392019375,-0.297778,-1.01141,-2.98018,0
1789392019436,0,1789392019426,-0.29788,-1.01147,-2.98044,0
1789392019485,0,1789392019476,-0.297907,-1.01144,-2.98058,0
1789392019531,0,1789392019522,-0.297934,-1.01141,-2.98086,0
1789392019580,0,1789392019572,-0.297844,-1.01144,-2.98022,0
1789392019629,0,1789392019621,-0.297752,-1.01148,-2.98139,0
1789392019689,0,1789392019679,-0.297809,-1.01147,-2.98168,0
1789392019734,0,1789392019725,-0.297912,-1.01144,-2.98186,0
1789392019781,0,1789392019772,-0.297948,-1.01145,-2.98162,0
1789392019827,0,1789392019819,-0.297952,-1.01146,-2.98154,0
1789392019888,0,1789392019881,-0.298008,-1.01148,-2.98097,0
1789392019946,0,1789392019937,-0.298132,-1.01151,-2.9805,0
1789392019992,0,1789392019985,-0.298187,-1.01149,-2.9809,0
1789392020042,0,1789392020032,-0.298142,-1.01143,-2.98096,0
1789392020094,0,1789392020082,-0.2981,-1.01137,-2.9808,0
1789392020147,0,1789392020137,-0.298078,-1.01138,-2.98075,0
1789392020197,0,1789392020190,-0.298058,-1.01138,-2.9807,0
1789392020251,0,1789392020243,-0.298165,-1.01139,-2.98104,0
1789392020305,0,1789392020294,-0.29827,-1.01141,-2.98163,0
1789392020347,0,1789392020338,-0.298277,-1.01137,-2.98169,0
1789392020399,0,1789392020390,-0.298283,-1.01132,-2.98165,0
1789392020451,0,1789392020444,-0.298312,-1.01134,-2.98113,0
1789392020504,0,1789392020497,-0.298354,-1.0114,-2.98097,0
1789392020562,0,1789392020553,-0.29843,-1.01146,-2.98115,0
1789392020612,0,1789392020603,-0.298531,-1.0115,-2.98113,0
1789392020650,0,1789392020644,-0.298623,-1.01153,-2.98101,0
1789392020703,0,1789392020696,-0.298758,-1.01155,-2.98121,0
1789392020753,0,1789392020745,-0.298845,-1.01156,-2.98086,0
1789392020814,0,1789392020804,-0.29873,-1.01157,-2.98069,0
1789392020857,0,1789392020850,-0.298641,-1.01158,-2.98045,0
1789392020908,0,1789392020900,-0.298807,-1.01156,-2.98047,0
1789392020956,0,1789392020950,-0.298972,-1.01154,-2.98057,0
1789392021013,0,1789392021004,-0.299082,-1.01156,-2.98012,0
1789392021059,0,1789392021049,-0.299157,-1.01158,-2.98047,0
1789392021106,0,1789392021100,-0.299187,-1.01161,-2.98088,0
1789392021159,0,1789392021151,-0.29919,-1.01165,-2.98064,0
1789392021216,0,1789392021207,-0.299201,-1.01166,-2.98016,0
1789392021262,0,1789392021253,-0.299215,-1.01163,-2.98015,0
1789392021315,0,1789392021306,-0.299228,-1.01159,-2.98025,0
1789392021369,0,1789392021361,-0.299233,-1.01152,-2.98033,0
1789392021418,0,1789392021410,-0.299239,-1.01147,-2.98013,0
1789392021464,0,1789392021457,-0.299255,-1.01149,-2.98011,0
1789392021518,0,1789392021509,-0.299274,-1.01151,-2.98009,0
1789392021574,0,1789392021566,-0.299306,-1.01142,-2.98,0
1789392021624,0,1789392021615,-0.299335,-1.01132,-2.97934,0
1789392021668,0,1789392021662,-0.299273,-1.01127,-2.97949,0
1789392021721,0,1789392021713,-0.299196,-1.01123,-2.97932,0
1789392021771,0,1789392021763,-0.299179,-1.0112,-2.97913,0
1789392021828,0,1789392021821,-0.29919,-1.01119,-2.97907,0
1789392021870,0,1789392021864,-0.299237,-1.0112,-2.97943,0
1789392021930,0,1789392021921,-0.299334,-1.01124,-2.97962,0
1789392021976,0,1789392021970,-0.299391,-1.01126,-2.97917,0
1789392022027,0,1789392022019,-0.299401,-1.01125,-2.97913,0
1789392022073,0,1789392022065,-0.299397,-1.01124,-2.97948,0
1789392022123,0,1789392022116,-0.299326,-1.01121,-2.9793,0
1789392022168,0,1789392022161,-0.299262,-1.01118,-2.97939,0
1789392022223,0,1789392022215,-0.299276,-1.01117,-2.97934,0
1789392022282,0,1789392022276,-0.299299,-1.01116,-2.97926,0
1789392022338,0,1789392022329,-0.299259,-1.0112,-2.97948,0
1789392022379,0,1789392022371,-0.299215,-1.01124,-2.97952,0
1789392022428,0,1789392022421,-0.299177,-1.01128,-2.97979,0
1789392022475,0,1789392022467,-0.299149,-1.0113,-2.98044,0
1789392022533,0,1789392022526,-0.299092,-1.01133,-2.98028,0
1789392022588,0,1789392022582,-0.299011,-1.01136,-2.98026,0
1789392022645,0,1789392022636,-0.298948,-1.0114,-2.98023,0
1789392022686,0,1789392022678,-0.298926,-1.01145,-2.98031,0
1789392022735,0,1789392022728,-0.29892,-1.01151,-2.97996,0
1789392022790,0,1789392022783,-0.299029,-1.01158,-2.98009,0
1789392022841,0,1789392022834,-0.299129,-1.01164,-2.98024,0
1789392022887,0,1789392022881,-0.299151,-1.01161,-2.97994,0
1789392022945,0,1789392022935,-0.299177,-1.01157,-2.98009,0
1789392022994,0,1789392022985,-0.299235,-1.0116,-2.98015,0
1789392023041,0,1789392023034,-0.299298,-1.01164,-2.98058,0
1789392023086,0,1789392023079,-0.29934,-1.0117,-2.98036,0
1789392023137,0,1789392023130,-0.29938,-1.01179,-2.98012,0
1789392023187,0,1789392023180,-0.299429,-1.01187,-2.97941,0
1789392023247,0,1789392023240,-0.299499,-1.01194,-2.97916,0
1789392023298,0,1789392023291,-0.299563,-1.01196,-2.97935,0
1789392023351,0,1789392023343,-0.299637,-1.01188,-2.98031,0
1789392023395,0,1789392023388,-0.299678,-1.01182,-2.98024,0
1789392023446,0,1789392023439,-0.29961,-1.01181,-2.98004,0
1789392023494,0,1789392023486,-0.299548,-1.0118,-2.97993,0
1789392023552,0,1789392023545,-0.299503,-1.01177,-2.97978,0
1789392023597,0,1789392023591,-0.299473,-1.01175,-2.97983,0
1789392023649,0,1789392023643,-0.299492,-1.01167,-2.98005,0
1789392023700,0,1789392023692,-0.299521,-1.01158,-2.98005,0
1789392023756,0,1789392023747,-0.299577,-1.01157,-2.98054,0
1789392023809,0,1789392023800,-0.299643,-1.01163,-2.98004,0
1789392023857,0,1789392023849,-0.299609,-1.01169,-2.97978,0
1789392023904,0,1789392023896,-0.299494,-1.01177,-2.97922,0
1789392023953,0,1789392023946,-0.299404,-1.01183,-2.97899,0
1789392024003,0,1789392023994,-0.299382,-1.01184,-2.97904,0
1789392024063,0,1789392024053,-0.29935,-1.01184,-2.97901,0
1789392024107,0,1789392024098,-0.299309,-1.01182,-2.97897,0
1789392024160,0,1789392024151,-0.299261,-1.0118,-2.97839,0
1789392024203,0,1789392024195,-0.29929,-1.01183,-2.97845,0
1789392024259,0,1789392024252,-0.299327,-1.01187,-2.97856,0
1789392024315,0,1789392024307,-0.299324,-1.01189,-2.97839,0
1789392024375,0,1789392024367,-0.299309,-1.01191,-2.97848,0
1789392024414,0,1789392024408,-0.299292,-1.0119,-2.97854,0
1789392024467,0,1789392024459,-0.29927,-1.01188,-2.97862,0
1789392024511,0,1789392024504,-0.299274,-1.01184,-2.97832,0
1789392024565,0,1789392024557,-0.299301,-1.01177,-2.97797,0
1789392024613,0,1789392024605,-0.299309,-1.0117,-2.97769,0
1789392024670,0,1789392024662,-0.299281,-1.01161,-2.97759,0
1789392024713,0,1789392024707,-0.299272,-1.01155,-2.9779,0
1789392024764,0,1789392024758,-0.299329,-1.01149,-2.97768,0
1789392024811,0,1789392024805,-0.299381,-1.01144,-2.97781,0
1789392024872,0,1789392024866,-0.299479,-1.01141,-2.97821,0
1789392024927,0,1789392024920,-0.29957,-1.0114,-2.97732,0
1789392024978,0,1789392024970,-0.299591,-1.01135,-2.97752,0
1789392025033,0,1789392025025,-0.299603,-1.01129,-2.97677,0
1789392025084,0,1789392025076,-0.299589,-1.01125,-2.97664,0
1789392025130,0,1789392025121,-0.299566,-1.01121,-2.97661,0
1789392025182,0,1789392025175,-0.299489,-1.01117,-2.97634,0
1789392025227,0,1789392025219,-0.299383,-1.01113,-2.97683,0
1789392025280,0,1789392025273,-0.299311,-1.0111,-2.9777,0
1789392025337,0,1789392025330,-0.29937,-1.01113,-2.97833,0
1789392025389,0,1789392025382,-0.299404,-1.01114,-2.97914,0
1789392025434,0,1789392025426,-0.29935,-1.01106,-2.97873,0
1789392025483,0,1789392025475,-0.29929,-1.01097,-2.97898,0
1789392025529,0,1789392025523,-0.29923,-1.01094,-2.97975,0
1789392025590,0,1789392025581,-0.299157,-1.0109,-2.97948,0
1789392025634,0,1789392025627,-0.29924,-1.01095,-2.97901,0
1789392025685,0,1789392025677,-0.299343,-1.011,-2.97886,0
1789392025730,0,1789392025724,-0.299318,-1.011,-2.9785,0
1789392025785,0,1789392025778,-0.299235,-1.01096,-2.9784,0
1789392025838,0,1789392025830,-0.299206,-1.01093,-2.97856,0
1789392025887,0,1789392025880,-0.299228,-1.01089,-2.97804,0
1789392025937,0,1789392025928,-0.299268,-1.01088,-2.97755,0
1789392025999,0,1789392025989,-0.299355,-1.01093,-2.97785,0
1789392026038,0,1789392026032,-0.299408,-1.01096,-2.9784,0
1789392026089,0,1789392026083,-0.299434,-1.01098,-2.97838,0
1789392026136,0,1789392026128,-0.299457,-1.01099,-2.97837,0
1789392026198,0,1789392026191,-0.299499,-1.011,-2.97845,0
1789392026245,0,1789392026237,-0.299532,-1.01099,-2.97852,0
1789392026297,0,1789392026287,-0.299469,-1.01098,-2.97877,0
1789392026342,0,1789392026333,-0.299397,-1.01097,-2.97849,0
1789392026390,0,1789392026383,-0.299353,-1.01094,-2.97865,0
1789392026436,0,1789392026429,-0.299327,-1.01091,-2.97903,0
1789392026495,0,1789392026485,-0.299259,-1.01086,-2.97956,0
1789392026542,0,1789392026534,-0.299164,-1.01081,-2.97988,0
1789392026594,0,1789392026585,-0.299069,-1.01076,-2.97948,0
1789392026656,0,1789392026648,-0.298962,-1.01072,-2.97894,0
1789392026705,0,1789392026698,-0.298901,-1.0107,-2.97835,0
1789392026752,0,1789392026744,-0.298952,-1.01073,-2.97837,0
1789392026804,0,1789392026794,-0.299007,-1.01077,-2.97779,0
1789392026850,0,1789392026840,-0.298988,-1.01086,-2.97779,0
1789392026902,0,1789392026891,-0.298966,-1.01096,-2.97776,0
1789392026945,0,1789392026937,-0.299015,-1.01096,-2.97769,0
1789392027000,0,1789392026994,-0.299084,-1.01096,-2.97733,0
1789392027049,0,1789392027042,-0.29908,-1.01091,-2.97748,0
1789392027104,0,1789392027095,-0.299049,-1.01085,-2.97723,0
1789392027153,0,1789392027138,-0.29909,-1.01086,-2.97689,0
1789392027199,0,1789392027190,-0.299196,-1.01093,-2.97675,0
1789392027251,0,1789392027244,-0.299255,-1.01098,-2.97712,0
1789392027314,0,1789392027305,-0.299193,-1.01097,-2.97733,0
1789392027364,0,1789392027356,-0.299155,-1.01096,-2.97727,0
1789392027416,0,1789392027408,-0.299182,-1.01091,-2.97736,0
1789392027459,0,1789392027453,-0.299205,-1.01086,-2.97672,0
1789392027513,0,1789392027506,-0.299199,-1.0108,-2.97606,0
1789392027564,0,1789392027557,-0.299193,-1.01074,-2.97557,0
1789392027621,0,1789392027611,-0.299148,-1.01071,-2.97537,0
1789392027663,0,1789392027653,-0.299106,-1.01069,-2.97549,0
1789392027712,0,1789392027705,-0.299135,-1.01074,-2.97585,0
1789392027767,0,1789392027760,-0.299213,-1.01084,-2.97599,0
1789392027827,0,1789392027820,-0.299258,-1.01088,-2.97587,0
1789392027880,0,1789392027872,-0.29925,-1.01084,-2.97674,0
1789392027929,0,1789392027921,-0.299228,-1.01082,-2.97668,0
1789392027974,0,1789392027968,-0.299179,-1.01084,-2.97692,0
1789392028025,0,1789392028018,-0.299139,-1.01085,-2.97774,0
1789392028082,0,1789392028074,-0.29916,-1.01081,-2.97726,0
1789392028134,0,1789392028127,-0.299179,-1.01076,-2.97789,0
1789392028177,0,1789392028170,-0.299174,-1.01077,-2.97811,0
1789392028230,0,1789392028223,-0.299167,-1.01077,-2.97795,0
1789392028283,0,1789392028275,-0.299177,-1.01078,-2.9781,0
1789392028344,0,1789392028338,-0.299195,-1.01079,-2.9775,0
1789392028398,0,1789392028390,-0.299197,-1.0108,-2.97769,0
1789392028449,0,1789392028442,-0.299192,-1.0108,-2.97774,0
1789392028502,0,1789392028495,-0.299121,-1.01076,-2.97714,0
1789392028551,0,1789392028545,-0.298989,-1.01068,-2.97709,0
1789392028600,0,1789392028592,-0.298887,-1.01066,-2.97641,0
1789392028652,0,1789392028645,-0.298811,-1.01073,-2.97605,0
1789392028696,0,1789392028688,-0.298758,-1.0108,-2.97613,0
1789392028747,0,1789392028738,-0.298741,-1.01088,-2.97627,0
1789392028792,0,1789392028784,-0.298726,-1.01096,-2.97559,0
1789392028865,0,1789392028855,-0.29867,-1.01095,-2.97542,0
1789392028913,0,1789392028904,-0.298625,-1.01091,-2.97624,0
1789392028961,0,1789392028953,-0.298619,-1.01088,-2.97619,0
1789392029007,0,1789392028999,-0.29862,-1.01085,-2.97613,0
1789392029057,0,1789392029051,-0.298631,-1.01084,-2.97616,0
1789392029105,0,1789392029097,-0.298645,-1.01085,-2.97624,0
1789392029166,0,1789392029159,-0.298659,-1.01081,-2.97592,0
1789392029216,0,1789392029210,-0.298664,-1.01071,-2.9752,0
1789392029269,0,1789392029261,-0.298679,-1.01065,-2.97527,0
1789392029313,0,1789392029307,-0.298712,-1.01065,-2.97529,0
1789392029368,0,1789392029360,-0.298754,-1.01065,-2.9751,0
1789392029419,0,1789392029412,-0.298814,-1.01065,-2.97513,0
1789392029472,0,1789392029464,-0.298873,-1.01065,-2.97562,0
1789392029516,0,1789392029508,-0.298871,-1.01064,-2.97526,0
1789392029565,0,1789392029559,-0.298867,-1.01063,-2.97548,0
1789392029620,0,1789392029613,-0.298842,-1.01068,-2.97504,0
1789392029681,0,1789392029673,-0.298807,-1.01075,-2.97442,0
1789392029731,0,1789392029723,-0.298786,-1.01074,-2.97433,0
1789392029780,0,1789392029773,-0.29877,-1.0107,-2.97432,0
1789392029824,0,1789392029818,-0.298783,-1.01068,-2.97506,0
1789392029880,0,1789392029872,-0.298825,-1.01067,-2.97571,0
1789392029930,0,1789392029923,-0.298839,-1.01065,-2.97564,0
1789392029987,0,1789392029978,-0.298799,-1.01062,-2.97538,0
1789392030035,0,1789392030027,-0.298761,-1.0106,-2.97496,0
1789392030087,0,1789392030078,-0.298704,-1.0106,-2.97475,0
1789392030129,0,1789392030123,-0.298654,-1.01061,-2.97484,0
1789392030182,0,1789392030175,-0.298617,-1.01059,-2.97504,0
1789392030237,0,1789392030228,-0.298579,-1.01058,-2.9753,0
1789392030290,0,1789392030283,-0.298507,-1.01054,-2.97524,0
1789392030345,0,1789392030337,-0.298428,-1.01049,-2.97526,0
1789392030393,0,1789392030386,-0.298447,-1.01046,-2.97517,0
1789392030440,0,1789392030431,-0.298499,-1.01044,-2.97546,0
1789392030487,0,1789392030480,-0.298494,-1.01043,-2.97556,0
1789392030535,0,1789392030527,-0.298434,-1.01044,-2.9758,0
1789392030591,0,1789392030584,-0.298357,-1.01044,-2.97523,0
1789392030649,0,1789392030641,-0.298272,-1.01041,-2.97481,0
1789392030703,0,1789392030693,-0.298193,-1.0104,-2.97518,0
1789392030747,0,1789392030737,-0.298113,-1.01046,-2.97464,0
1789392030796,0,1789392030789,-0.298017,-1.01053,-2.97451,0
1789392030851,0,1789392030843,-0.297993,-1.01057,-2.97477,0
1789392030905,0,1789392030896,-0.297975,-1.01061,-2.97566,0
1789392030949,0,1789392030940,-0.298043,-1.01062,-2.97528,0
1789392030998,0,1789392030991,-0.298126,-1.01063,-2.97596,0
1789392031044,0,1789392031038,-0.298167,-1.01056,-2.9766,0
1789392031110,0,1789392031098,-0.298205,-1.01044,-2.97721,0
1789392031151,0,1789392031141,-0.298203,-1.01041,-2.97749,0
1789392031202,0,1789392031193,-0.298176,-1.01042,-2.9773,0
1789392031252,0,1789392031244,-0.298129,-1.01041,-2.97657,0
1789392031313,0,1789392031307,-0.298024,-1.01034,-2.97573,0
1789392031360,0,1789392031353,-0.297953,-1.01027,-2.97587,0
1789392031409,0,1789392031402,-0.297898,-1.01015,-2.9763,0
1789392031456,0,1789392031449,-0.297846,-1.01004,-2.97675,0
1789392031511,0,1789392031503,-0.297866,-1.01012,-2.97678,0
1789392031566,0,1789392031559,-0.297893,-1.01021,-2.97714,0
1789392031615,0,1789392031608,-0.297939,-1.01027,-2.9774,0
1789392031661,0,1789392031655,-0.297986,-1.01034,-2.97779,0
1789392031716,0,1789392031706,-0.297975,-1.01035,-2.97783,0
1789392031767,0,1789392031760,-0.297931,-1.01033,-2.97802,0
1789392031818,0,1789392031810,-0.29795,-1.01035,-2.97826,0
1789392031863,0,1789392031855,-0.298019,-1.01038,-2.97785,0
1789392031915,0,1789392031905,-0.298045,-1.01038,-2.97738,0
1789392031964,0,1789392031956,-0.297968,-1.0103,-2.97722,0
1789392032026,0,1789392032018,-0.297889,-1.01021,-2.97689,0
1789392032080,0,1789392032071,-0.29789,-1.01019,-2.97694,0
1789392032129,0,1789392032122,-0.297891,-1.01017,-2.97699,0
1789392032174,0,1789392032168,-0.297922,-1.01016,-2.97705,0
1789392032227,0,1789392032220,-0.297956,-1.01015,-2.97768,0
1789392032273,0,1789392032266,-0.297955,-1.01025,-2.9776,0
1789392032332,0,1789392032324,-0.297951,-1.01038,-2.97748,0
1789392032377,0,1789392032370,-0.297895,-1.01041,-2.97778,0
1789392032430,0,1789392032423,-0.297808,-1.01041,-2.97785,0
1789392032484,0,1789392032477,-0.297803,-1.01041,-2.97698,0
1789392032537,0,1789392032530,-0.297891,-1.01041,-2.97654,0
1789392032579,0,1789392032573,-0.297935,-1.01043,-2.97642,0
1789392032635,0,1789392032626,-0.297943,-1.01048,-2.97665,0
1789392032685,0,1789392032679,-0.297951,-1.01052,-2.97669,0
1789392032741,0,1789392032733,-0.297955,-1.01048,-2.97734,0
1789392032794,0,1789392032788,-0.297959,-1.01044,-2.97795,0
1789392032845,0,1789392032836,-0.297883,-1.01046,-2.97751,0
1789392032886,0,1789392032881,-0.297811,-1.01048,-2.97752,0
1789392032940,0,1789392032932,-0.29782,-1.01048,-2.97761,0
1789392032984,0,1789392032978,-0.297845,-1.01047,-2.97765,0
1789392033044,0,1789392033036,-0.297823,-1.01046,-2.97769,0
1789392033094,0,1789392033085,-0.297773,-1.01046,-2.97792,0
1789392033145,0,1789392033138,-0.29774,-1.01043,-2.97767,0
1789392033187,0,1789392033181,-0.29773,-1.01039,-2.97824,0
1789392033240,0,1789392033233,-0.297709,-1.01039,-2.97848,0
1789392033288,0,1789392033282,-0.297668,-1.01047,-2.97896,0
1789392033353,0,1789392033345,-0.297632,-1.01056,-2.97901,0
1789392033407,0,1789392033400,-0.297697,-1.01052,-2.97932,0
1789392033459,0,1789392033451,-0.297758,-1.01049,-2.97902,0
1789392033505,0,1789392033496,-0.297838,-1.01056,-2.97968,0
1789392033556,0,1789392033547,-0.297931,-1.01066,-2.97942,0
1789392033604,0,1789392033597,-0.29796,-1.01063,-2.97904,0
1789392033660,0,1789392033653,-0.29798,-1.01057,-2.97926,0
1789392033705,0,1789392033697,-0.298067,-1.01062,-2.97924,0
1789392033754,0,1789392033747,-0.298189,-1.0107,-2.97924,0
1789392033810,0,1789392033803,-0.298268,-1.01075,-2.97892,0
1789392033865,0,1789392033857,-0.298273,-1.01072,-2.97825,0
1789392033910,0,1789392033902,-0.298281,-1.0107,-2.9782,0
1789392033960,0,1789392033950,-0.298298,-1.01066,-2.97832,0
1789392034002,0,1789392033994,-0.298319,-1.01062,-2.9782,0
1789392034057,0,1789392034051,-0.298379,-1.01053,-2.97743,0
1789392034108,0,1789392034100,-0.29843,-1.01045,-2.97749,0
1789392034159,0,1789392034150,-0.298494,-1.01043,-2.97738,0
1789392034203,0,1789392034195,-0.298551,-1.01041,-2.97772,0
1789392034260,0,1789392034252,-0.298652,-1.01038,-2.97791,0
1789392034314,0,1789392034305,-0.298755,-1.01034,-2.97749,0
1789392034373,0,1789392034364,-0.298827,-1.01034,-2.9773,0
1789392034415,0,1789392034407,-0.298856,-1.01037,-2.97725,0
1789392034468,0,1789392034460,-0.298872,-1.0104,-2.97724,0
1789392034520,0,1789392034512,-0.298865,-1.01041,-2.97812,0
1789392034575,0,1789392034566,-0.298857,-1.01045,-2.97841,0
1789392034627,0,1789392034620,-0.298845,-1.01051,-2.97787,0
1789392034680,0,1789392034672,-0.298828,-1.01057,-2.97757,0
1789392034724,0,1789392034717,-0.298793,-1.01061,-2.97837,0
1789392034777,0,1789392034769,-0.298751,-1.01066,-2.97786,0
1789392034832,0,1789392034822,-0.298778,-1.01075,-2.97814,0
1789392034884,0,1789392034873,-0.298807,-1.01083,-2.97791,0
1789392034923,0,1789392034917,-0.298808,-1.01086,-2.97731,0
1789392034982,0,1789392034974,-0.298807,-1.01089,-2.97692,0
1789392035032,0,1789392035025,-0.298815,-1.01093,-2.97692,0
1789392035081,0,1789392035073,-0.298825,-1.01096,-2.97697,0
1789392035125,0,1789392035118,-0.29881,-1.011,-2.97742,0
1789392035179,0,1789392035170,-0.298771,-1.01104,-2.97719,0
1789392035235,0,1789392035228,-0.298783,-1.01106,-2.97722,0
1789392035286,0,1789392035280,-0.298913,-1.011,-2.97637,0
1789392035330,0,1789392035323,-0.298988,-1.01094,-2.97683,0
1789392035384,0,1789392035375,-0.298924,-1.01082,-2.9776,0
1789392035427,0,1789392035421,-0.298869,-1.01071,-2.97822,0
1789392035485,0,1789392035478,-0.298896,-1.01073,-2.97855,0
1789392035537,0,1789392035530,-0.298933,-1.01077,-2.9782,0
1789392035597,0,1789392035587,-0.299035,-1.01079,-2.97766,0
1789392035638,0,1789392035631,-0.299129,-1.0108,-2.97743,0
1789392035688,0,1789392035681,-0.299194,-1.01082,-2.97792,0
1789392035734,0,1789392035726,-0.299235,-1.01084,-2.97766,0
1789392035788,0,1789392035779,-0.299306,-1.01095,-2.97857,0
1789392035839,0,1789392035833,-0.299404,-1.01112,-2.97862,0
1789392035899,0,1789392035888,-0.299487,-1.01124,-2.97905,0
1789392035939,0,1789392035932,-0.29953,-1.01124,-2.97891,0
1789392035989,0,1789392035982,-0.299571,-1.01124,-2.9789,0
1789392036041,0,1789392036034,-0.299574,-1.01119,-2.97911,0
1789392036101,0,1789392036092,-0.299578,-1.01113,-2.97819,0
1789392036148,0,1789392036140,-0.2996,-1.01105,-2.97863,0
1789392036201,0,1789392036192,-0.299624,-1.01097,-2.97916,0
1789392036252,0,1789392036245,-0.299619,-1.01098,-2.97911,0
1789392036302,0,1789392036294,-0.299607,-1.01102,-2.97944,0
1789392036347,0,1789392036341,-0.299591,-1.01111,-2.97951,0
1789392036402,0,1789392036393,-0.299571,-1.01123,-2.97876,0
1789392036445,0,1789392036437,-0.299615,-1.01123,-2.97851,0
1789392036499,0,1789392036490,-0.299722,-1.01113,-2.97857,0
1789392036552,0,1789392036543,-0.299832,-1.01104,-2.97847,0
1789392036606,0,1789392036599,-0.299956,-1.01098,-2.97816,0
1789392036658,0,1789392036651,-0.300054,-1.01093,-2.97739,0
1789392036704,0,1789392036697,-0.300068,-1.01094,-2.97704,0
1789392036751,0,1789392036744,-0.300083,-1.01094,-2.97765,0
1789392036807,0,1789392036798,-0.300027,-1.0109,-2.97792,0
1789392036858,0,1789392036850,-0.299968,-1.01087,-2.9777,0
1789392036907,0,1789392036899,-0.299946,-1.0108,-2.97761,0
1789392036966,0,1789392036957,-0.299926,-1.01071,-2.97662,0
1789392037017,0,1789392037008,-0.299996,-1.01065,-2.9767,0
1789392037061,0,1789392037053,-0.300096,-1.01061,-2.97656,0
1789392037114,0,1789392037106,-0.300148,-1.01057,-2.97645,0
1789392037156,0,1789392037149,-0.30013,-1.01057,-2.97644,0
1789392037207,0,1789392037198,-0.300133,-1.01054,-2.9765,0
1789392037253,0,1789392037246,-0.300178,-1.01048,-2.97702,0
1789392037306,0,1789392037298,-0.300219,-1.01043,-2.97768,0
1789392037369,0,1789392037354,-0.300223,-1.01044,-2.97793,0
1789392037415,0,1789392037405,-0.300227,-1.01045,-2.97822,0
1789392037457,0,1789392037449,-0.300372,-1.01048,-2.97802,0
1789392037510,0,1789392037501,-0.300546,-1.01052,-2.97848,0
1789392037556,0,1789392037547,-0.300599,-1.0106,-2.97855,0
1789392037620,0,1789392037610,-0.300661,-1.01072,-2.97779,0
1789392037671,0,1789392037663,-0.300632,-1.01081,-2.97826,0
1789392037723,0,1789392037714,-0.30056,-1.01088,-2.97859,0
1789392037766,0,1789392037759,-0.300546,-1.01093,-2.97903,0
1789392037822,0,1789392037815,-0.300572,-1.01097,-2.97876,0
1789392037872,0,1789392037864,-0.300573,-1.01098,-2.97888,0
1789392037920,0,1789392037913,-0.30053,-1.01094,-2.97797,0
1789392037969,0,1789392037961,-0.300498,-1.01089,-2.9781,0
1789392038027,0,1789392038019,-0.300512,-1.01084,-2.97842,0
1789392038076,0,1789392038068,-0.300523,-1.0108,-2.97809,0
1789392038125,0,1789392038119,-0.300551,-1.01086,-2.97759,0
1789392038171,0,1789392038164,-0.300574,-1.01091,-2.97804,0
1789392038221,0,1789392038212,-0.300664,-1.01095,-2.97853,0
1789392038267,0,1789392038261,-0.300765,-1.011,-2.97901,0
1789392038328,0,1789392038320,-0.300841,-1.01104,-2.97918,0
1789392038374,0,1789392038368,-0.300874,-1.01108,-2.97893,0
1789392038425,0,1789392038418,-0.30083,-1.01111,-2.97928,0
1789392038467,0,1789392038461,-0.300727,-1.01114,-2.97977,0
1789392038523,0,1789392038515,-0.300653,-1.01115,-2.97981,0
1789392038578,0,1789392038571,-0.3007,-1.0111,-2.97919,0
1789392038640,0,1789392038633,-0.30073,-1.01108,-2.979,0
1789392038695,0,1789392038687,-0.30063,-1.01129,-2.97925,0
1789392038746,0,1789392038738,-0.300536,-1.01147,-2.97999,0
1789392038789,0,1789392038783,-0.300572,-1.01152,-2.97973,0
1789392038843,0,1789392038834,-0.300613,-1.01157,-2.98031,0
1789392038888,0,1789392038879,-0.300599,-1.01156,-2.98079,0
1789392038948,0,1789392038938,-0.300576,-1.01154,-2.98129,0
1789392038990,0,1789392038983,-0.30057,-1.01148,-2.98123,0
1789392039046,0,1789392039036,-0.300566,-1.0114,-2.98132,0
1789392039098,0,1789392039090,-0.300567,-1.01136,-2.98231,0
1789392039149,0,1789392039141,-0.300571,-1.01137,-2.98183,0
1789392039191,0,1789392039185,-0.300577,-1.01139,-2.98201,0
1789392039245,0,1789392039235,-0.300586,-1.01143,-2.98222,0
1789392039289,0,1789392039281,-0.300593,-1.01148,-2.98221,0
1789392039346,0,1789392039337,-0.300597,-1.0116,-2.98218,0
1789392039394,0,1789392039386,-0.300601,-1.01171,-2.98213,0
1789392039445,0,1789392039438,-0.300614,-1.01164,-2.98207,0
1789392039489,0,1789392039482,-0.300625,-1.01159,-2.98179,0
1789392039547,0,1789392039539,-0.30054,-1.01156,-2.98193,0
1789392039598,0,1789392039590,-0.300434,-1.01155,-2.98266,0
1789392039655,0,1789392039648,-0.300413,-1.0116,-2.98247,0
1789392039697,0,1789392039691,-0.300453,-1.01166,-2.98253,0
1789392039748,0,1789392039740,-0.300436,-1.01171,-2.98276,0
1789392039797,0,1789392039787,-0.300367,-1.01172,-2.9826,0
1789392039854,0,1789392039846,-0.300324,-1.01174,-2.9825,0
1789392039905,0,1789392039899,-0.300386,-1.01176,-2.98293,0
1789392039965,0,1789392039957,-0.300448,-1.01178,-2.98291,0
1789392040008,0,1789392040001,-0.30046,-1.01177,-2.98295,0
1789392040059,0,1789392040052,-0.300474,-1.01175,-2.98299,0
1789392040105,0,1789392040098,-0.300393,-1.01172,-2.98326,0
1789392040163,0,1789392040156,-0.300289,-1.01168,-2.98308,0
1789392040212,0,1789392040204,-0.300259,-1.01174,-2.98315,0
1789392040264,0,1789392040255,-0.300235,-1.01182,-2.98334,0
1789392040310,0,1789392040304,-0.300252,-1.01187,-2.98347,0
1789392040363,0,1789392040356,-0.300289,-1.01192,-2.98353,0
1789392040416,0,1789392040407,-0.300291,-1.01189,-2.98283,0
1789392040478,0,1789392040470,-0.300252,-1.01178,-2.9831,0
1789392040520,0,1789392040514,-0.30028,-1.01177,-2.9832,0
1789392040572,0,1789392040563,-0.300404,-1.0119,-2.9824,0
1789392040618,0,1789392040611,-0.300521,-1.012,-2.98217,0
1789392040677,0,1789392040668,-0.300636,-1.01198,-2.98238,0
1789392040723,0,1789392040716,-0.300731,-1.01197,-2.98222,0
1789392040782,0,1789392040774,-0.300672,-1.01204,-2.98235,0
1789392040827,0,1789392040819,-0.300607,-1.01211,-2.98218,0
1789392040879,0,1789392040872,-0.300627,-1.01224,-2.98227,0
1789392040929,0,1789392040923,-0.30067,-1.01238,-2.98258,0
1789392040984,0,1789392040977,-0.300708,-1.01241,-2.98224,0
1789392041028,0,1789392041020,-0.300735,-1.01239,-2.9823,0
1789392041082,0,1789392041074,-0.300668,-1.01241,-2.98229,0
1789392041133,0,1789392041125,-0.300499,-1.01247,-2.98181,0
1789392041186,0,1789392041180,-0.300369,-1.01254,-2.98175,0
1789392041230,0,1789392041223,-0.300362,-1.01259,-2.98203,0
1789392041284,0,1789392041276,-0.300349,-1.01265,-2.98218,0
1789392041336,0,1789392041328,-0.300321,-1.01272,-2.9821,0
1789392041393,0,1789392041386,-0.300289,-1.01279,-2.98167,0
1789392041438,0,1789392041431,-0.300152,-1.01285,-2.98195,0
1789392041489,0,1789392041481,-0.299997,-1.01291,-2.98196,0
1789392041535,0,1789392041528,-0.299989,-1.01299,-2.98219,0
1789392041594,0,1789392041587,-0.299997,-1.01308,-2.98215,0
1789392041651,0,1789392041642,-0.299949,-1.01311,-2.98183,0
1789392041706,0,1789392041697,-0.299867,-1.01309,-2.98166,0
1789392041752,0,1789392041746,-0.299818,-1.01307,-2.98175,0
1789392041803,0,1789392041795,-0.299788,-1.01304,-2.98173,0
1789392041850,0,1789392041842,-0.299773,-1.013,-2.98199,0
1789392041903,0,1789392041894,-0.299782,-1.01294,-2.98217,0
1789392041954,0,1789392041946,-0.299806,-1.01288,-2.98208,0
1789392042004,0,1789392041997,-0.299911,-1.01281,-2.98161,0
1789392042049,0,1789392042043,-0.300004,-1.01274,-2.98188,0
1789392042106,0,1789392042097,-0.300081,-1.01281,-2.98208,0
1789392042155,0,1789392042148,-0.300151,-1.01288,-2.9815,0
1789392042208,0,1789392042201,-0.300144,-1.01281,-2.98132,0
1789392042252,0,1789392042244,-0.300122,-1.01273,-2.98171,0
1789392042303,0,1789392042296,-0.30018,-1.01269,-2.9811,0
1789392042362,0,1789392042356,-0.3003,-1.01268,-2.98118,0
1789392042417,0,1789392042410,-0.300345,-1.01268,-2.98124,0
1789392042461,0,1789392042452,-0.300326,-1.01269,-2.98122,0
1789392042511,0,1789392042502,-0.300308,-1.01266,-2.98106,0
1789392042558,0,1789392042551,-0.300296,-1.01257,-2.98066,0
1789392042622,0,1789392042613,-0.300279,-1.01246,-2.9796,0
1789392042670,0,1789392042662,-0.300252,-1.01242,-2.97925,0
1789392042723,0,1789392042714,-0.300224,-1.01237,-2.97902,0
1789392042773,0,1789392042766,-0.300305,-1.01241,-2.97875,0
1789392042827,0,1789392042819,-0.30039,-1.01245,-2.97919,0
1789392042870,0,1789392042862,-0.300396,-1.01243,-2.97922,0
1789392042921,0,1789392042914,-0.300401,-1.01239,-2.97927,0
1789392042968,0,1789392042961,-0.300406,-1.01237,-2.97928,0
1789392043029,0,1789392043020,-0.300412,-1.01235,-2.97926,0
1789392043081,0,1789392043075,-0.300404,-1.0124,-2.97894,0
1789392043131,0,1789392043124,-0.300382,-1.01253,-2.97965,0
1789392043177,0,1789392043171,-0.300372,-1.01261,-2.97953,0
1789392043233,0,1789392043224,-0.300383,-1.01263,-2.97952,0
1789392043275,0,1789392043267,-0.300387,-1.01266,-2.97944,0
1789392043336,0,1789392043326,-0.300368,-1.01278,-2.97954,0
1789392043382,0,1789392043375,-0.300352,-1.01288,-2.97934,0
1789392043434,0,1789392043427,-0.300414,-1.01279,-2.97917,0
1789392043478,0,1789392043470,-0.300466,-1.01271,-2.97949,0
1789392043534,0,1789392043526,-0.300463,-1.01264,-2.97931,0
1789392043582,0,1789392043575,-0.300441,-1.01259,-2.97952,0
1789392043637,0,1789392043628,-0.300423,-1.01258,-2.97965,0
1789392043691,0,1789392043681,-0.300409,-1.01259,-2.97948,0
1789392043740,0,1789392043730,-0.300401,-1.01259,-2.97952,0
1789392043787,0,1789392043778,-0.300397,-1.01258,-2.9796,0
1789392043837,0,1789392043830,-0.30039,-1.01261,-2.97943,0
1789392043884,0,1789392043876,-0.300379,-1.01269,-2.97945,0
1789392043945,0,1789392043935,-0.300374,-1.01278,-2.98027,0
1789392043998,0,1789392043989,-0.300424,-1.01279,-2.981,0
1789392044052,0,1789392044043,-0.300474,-1.01279,-2.98021,0
1789392044092,0,1789392044085,-0.300433,-1.01279,-2.98075,0
1789392044155,0,1789392044146,-0.300373,-1.01279,-2.98089,0
1789392044199,0,1789392044191,-0.300516,-1.01276,-2.98146,0
1789392044254,0,1789392044246,-0.300707,-1.01273,-2.98135,0
1789392044294,0,1789392044287,-0.300808,-1.01271,-2.98139,0
1789392044356,0,1789392044345,-0.300941,-1.0127,-2.98056,0
1789392044401,0,1789392044393,-0.30099,-1.01273,-2.98074,0
1789392044454,0,1789392044447,-0.300987,-1.01281,-2.98052,0
1789392044497,0,1789392044490,-0.300964,-1.01286,-2.98037,0
1789392044553,0,1789392044545,-0.300894,-1.0129,-2.98076,0
1789392044603,0,1789392044597,-0.300848,-1.01293,-2.9804,0
1789392044666,0,1789392044659,-0.300907,-1.01293,-2.97989,0
1789392044710,0,1789392044700,-0.300949,-1.01292,-2.98067,0
1789392044766,0,1789392044757,-0.300925,-1.01282,-2.98097,0
1789392044812,0,1789392044806,-0.300896,-1.01272,-2.98101,0
1789392044861,0,1789392044854,-0.300948,-1.01271,-2.98086,0
1789392044907,0,1789392044901,-0.301009,-1.01271,-2.98149,0
1789392044963,0,1789392044954,-0.301062,-1.01268,-2.98201,0
1789392045013,0,1789392045006,-0.301105,-1.01262,-2.98298,0
1789392045064,0,1789392045057,-0.301219,-1.01259,-2.98287,0
1789392045108,0,1789392045101,-0.301376,-1.01259,-2.98247,0
1789392045163,0,1789392045156,-0.301508,-1.01259,-2.98268,0
1789392045213,0,1789392045206,-0.301485,-1.01259,-2.98266,0
1789392045264,0,1789392045257,-0.30146,-1.01259,-2.98258,0
1789392045319,0,1789392045311,-0.301427,-1.01264,-2.98282,0
1789392045372,0,1789392045361,-0.301396,-1.01268,-2.98352,0
1789392045415,0,1789392045408,-0.301436,-1.01266,-2.98354,0
1789392045470,0,1789392045461,-0.301482,-1.01265,-2.98444,0
1789392045522,0,1789392045514,-0.301471,-1.01268,-2.98452,0
1789392045571,0,1789392045563,-0.301449,-1.01272,-2.98461,0
1789392045617,0,1789392045610,-0.301401,-1.01272,-2.98459,0
1789392045670,0,1789392045662,-0.301336,-1.01272,-2.98393,0
1789392045715,0,1789392045707,-0.301281,-1.01272,-2.98411,0
1789392045774,0,1789392045767,-0.301206,-1.01274,-2.98465,0
1789392045818,0,1789392045811,-0.301168,-1.01276,-2.98502,0
1789392045881,0,1789392045874,-0.301146,-1.01277,-2.98492,0
1789392045925,0,1789392045918,-0.30114,-1.01275,-2.98505,0
1789392045977,0,1789392045968,-0.301176,-1.01266,-2.98506,0
1789392046020,0,1789392046014,-0.301209,-1.01257,-2.98432,0
1789392046080,0,1789392046072,-0.301194,-1.01252,-2.98416,0
1789392046134,0,1789392046128,-0.301171,-1.01249,-2.9841,0
1789392046195,0,1789392046187,-0.30124,-1.01248,-2.98387,0
1789392046239,0,1789392046233,-0.301321,-1.01247,-2.98348,0
1789392046289,0,1789392046281,-0.301356,-1.01246,-2.98344,0
1789392046337,0,1789392046329,-0.30137,-1.01244,-2.98324,0
1789392046387,0,1789392046378,-0.30134,-1.01246,-2.98367,0
1789392046433,0,1789392046426,-0.301273,-1.01251,-2.98343,0
1789392046498,0,1789392046487,-0.301208,-1.01253,-2.98314,0
1789392046549,0,1789392046541,-0.301202,-1.01243,-2.98315,0
1789392046603,0,1789392046594,-0.3012,-1.01234,-2.98303,0
1789392046645,0,1789392046637,-0.301216,-1.01222,-2.98338,0
1789392046696,0,1789392046689,-0.301235,-1.01208,-2.9834,0
1789392046749,0,1789392046741,-0.30115,-1.01217,-2.98382,0
1789392046808,0,1789392046801,-0.301049,-1.01227,-2.98387,0
1789392046855,0,1789392046849,-0.30106,-1.01226,-2.984,0
1789392046906,0,1789392046899,-0.301083,-1.01223,-2.98402,0
1789392046953,0,1789392046945,-0.301046,-1.01224,-2.98364,0
1789392047006,0,1789392046998,-0.30098,-1.01227,-2.98398,0
1789392047054,0,1789392047046,-0.300986,-1.01234,-2.98397,0
1789392047113,0,1789392047106,-0.301055,-1.01247,-2.98416,0
1789392047156,0,1789392047148,-0.301093,-1.01252,-2.98436,0
1789392047209,0,1789392047200,-0.30112,-1.01252,-2.98427,0
1789392047261,0,1789392047253,-0.301135,-1.01253,-2.9843,0
1789392047314,0,1789392047304,-0.301086,-1.01259,-2.98442,0
1789392047357,0,1789392047350,-0.301042,-1.01264,-2.98469,0
1789392047409,0,1789392047401,-0.301015,-1.01267,-2.98412,0
1789392047463,0,1789392047457,-0.300986,-1.0127,-2.98408,0
1789392047515,0,1789392047507,-0.301017,-1.01273,-2.98456,0
1789392047569,0,1789392047553,-0.301053,-1.01276,-2.98407,0
1789392047612,0,1789392047605,-0.301121,-1.0128,-2.98384,0
1789392047658,0,1789392047651,-0.301192,-1.01283,-2.98352,0
1789392047715,0,1789392047708,-0.301222,-1.0129,-2.98301,0
1789392047768,0,1789392047760,-0.30118,-1.013,-2.98283,0
1789392047823,0,1789392047817,-0.301148,-1.01309,-2.98244,0
1789392047870,0,1789392047862,-0.30115,-1.01315,-2.98223,0
1789392047923,0,1789392047915,-0.301157,-1.0132,-2.98244,0
1789392047967,0,1789392047959,-0.301177,-1.01319,-2.98241,0
1789392048018,0,1789392048010,-0.3012,-1.01318,-2.98237,0
1789392048072,0,1789392048064,-0.301138,-1.01312,-2.98252,0
1789392048127,0,1789392048117,-0.301072,-1.01305,-2.98243,0
1789392048171,0,1789392048162,-0.301031,-1.01302,-2.98288,0
1789392048221,0,1789392048214,-0.300982,-1.01299,-2.98313,0
1789392048272,0,1789392048265,-0.30094,-1.013,-2.9829,0
1789392048329,0,1789392048321,-0.300896,-1.01304,-2.98323,0
1789392048375,0,1789392048369,-0.300856,-1.01308,-2.98284,0
1789392048428,0,1789392048421,-0.300811,-1.01314,-2.98316,0
1789392048483,0,1789392048474,-0.300782,-1.0132,-2.9829,0
1789392048533,0,1789392048523,-0.30079,-1.01325,-2.98276,0
1789392048579,0,1789392048571,-0.300816,-1.0133,-2.98278,0
1789392048630,0,1789392048621,-0.300931,-1.01331,-2.98336,0
1789392048674,0,1789392048666,-0.301033,-1.01333,-2.9831,0
1789392048726,0,1789392048717,-0.300929,-1.01341,-2.98304,0
1789392048771,0,1789392048763,-0.300837,-1.01348,-2.98279,0
1789392048832,0,1789392048823,-0.300896,-1.01345,-2.98344,0
1789392048885,0,1789392048878,-0.301021,-1.01338,-2.98297,0
1789392048935,0,1789392048929,-0.30107,-1.01337,-2.98316,0
1789392048982,0,1789392048974,-0.301084,-1.01338,-2.98322,0
1789392049032,0,1789392049024,-0.301058,-1.01341,-2.98303,0
1789392049077,0,1789392049070,-0.300997,-1.01346,-2.98315,0
1789392049134,0,1789392049126,-0.30095,-1.01352,-2.98229,0
1789392049185,0,1789392049178,-0.300966,-1.01359,-2.98232,0
1789392049236,0,1789392049228,-0.300954,-1.01365,-2.98206,0
1789392049278,0,1789392049270,-0.300837,-1.01371,-2.98179,0
1789392049334,0,1789392049325,-0.300683,-1.01379,-2.98137,0
1789392049384,0,1789392049378,-0.300696,-1.01378,-2.98084,0
1789392049437,0,1789392049429,-0.300716,-1.01378,-2.98093,0
1789392049482,0,1789392049474,-0.300694,-1.01371,-2.98128,0
1789392049538,0,1789392049528,-0.300665,-1.01363,-2.98258,0
1789392049588,0,1789392049582,-0.300636,-1.0136,-2.9828,0
1789392049645,0,1789392049636,-0.30061,-1.01361,-2.98276,0
1789392049696,0,1789392049690,-0.300663,-1.01359,-2.98299,0
1789392049748,0,1789392049739,-0.300802,-1.01354,-2.98289,0
1789392049791,0,1789392049785,-0.300889,-1.01349,-2.98242,0
1789392049847,0,1789392049839,-0.300897,-1.01341,-2.98167,0
1789392049908,0,1789392049900,-0.300903,-1.01332,-2.9816,0
1789392049957,0,1789392049949,-0.300893,-1.0133,-2.98163,0
1789392050003,0,1789392049996,-0.300884,-1.01328,-2.98166,0
1789392050054,0,1789392050047,-0.300777,-1.01344,-2.98137,0
1789392050100,0,1789392050092,-0.300683,-1.01359,-2.98115,0
1789392050152,0,1789392050144,-0.300651,-1.01361,-2.98102,0
1789392050206,0,1789392050199,-0.300637,-1.01361,-2.98096,0
1789392050258,0,1789392050251,-0.300681,-1.01358,-2.98089,0
1789392050303,0,1789392050295,-0.300742,-1.01355,-2.98083,0
1789392050354,0,1789392050346,-0.300724,-1.01352,-2.98153,0
1789392050398,0,1789392050391,-0.300648,-1.01349,-2.9813,0
1789392050462,0,1789392050454,-0.300578,-1.01346,-2.98205,0
1789392050513,0,1789392050506,-0.300606,-1.01342,-2.98247,0
1789392050565,0,1789392050557,-0.300629,-1.01339,-2.98225,0
1789392050609,0,1789392050602,-0.300622,-1.0134,-2.98231,0
1789392050660,0,1789392050653,-0.300614,-1.0134,-2.98237,0
1789392050707,0,1789392050700,-0.300585,-1.01339,-2.98291,0
1789392050768,0,1789392050761,-0.300547,-1.01336,-2.98278,0
1789392050812,0,1789392050806,-0.30054,-1.01342,-2.9827,0
1789392050860,0,1789392050851,-0.300533,-1.01347,-2.98228,0
1789392050907,0,1789392050901,-0.300486,-1.01349,-2.9817,0
1789392050967,0,1789392050958,-0.300411,-1.01348,-2.98116,0
1789392051017,0,1789392051011,-0.300371,-1.01349,-2.98075,0
1789392051072,0,1789392051066,-0.300362,-1.0135,-2.98107,0
1789392051119,0,1789392051112,-0.300334,-1.01349,-2.98091,0
1789392051170,0,1789392051163,-0.300259,-1.01347,-2.98141,0
1789392051214,0,1789392051208,-0.300226,-1.01345,-2.98171,0
1789392051271,0,1789392051261,-0.30035,-1.01348,-2.98169,0
1789392051324,0,1789392051314,-0.300473,-1.01351,-2.98184,0
1789392051374,0,1789392051367,-0.300489,-1.0135,-2.98191,0
1789392051418,0,1789392051410,-0.300498,-1.01349,-2.98198,0
1789392051470,0,1789392051461,-0.300534,-1.01347,-2.98204,0
1789392051517,0,1789392051509,-0.300572,-1.01344,-2.98209,0
1789392051576,0,1789392051569,-0.300594,-1.0135,-2.98203,0
1789392051620,0,1789392051613,-0.300597,-1.0136,-2.98208,0
1789392051669,0,1789392051661,-0.30058,-1.01368,-2.98129,0
1789392051716,0,1789392051708,-0.300547,-1.01372,-2.98098,0
1789392051776,0,1789392051767,-0.300457,-1.01376,-2.9807,0
1789392051826,0,1789392051818,-0.300281,-1.01376,-2.98076,0
1789392051883,0,1789392051876,-0.300085,-1.01375,-2.98082,0
1789392051929,0,1789392051920,-0.299963,-1.01373,-2.98106,0
1789392051982,0,1789392051973,-0.299814,-1.01369,-2.98197,0
1789392052032,0,1789392052026,-0.299788,-1.01364,-2.98229,0
1789392052087,0,1789392052079,-0.299768,-1.01359,-2.98269,0
1789392052146,0,1789392052139,-0.299774,-1.01355,-2.98296,0
1789392052198,0,1789392052189,-0.299788,-1.01352,-2.98266,0
1789392052241,0,1789392052236,-0.299803,-1.01356,-2.98223,0
1789392052292,0,1789392052284,-0.29982,-1.01362,-2.9816,0
1789392052338,0,1789392052331,-0.299866,-1.01364,-2.98177,0
1789392052390,0,1789392052381,-0.299941,-1.01361,-2.98155,0
1789392052438,0,1789392052429,-0.299983,-1.01359,-2.98138,0
1789392052495,0,1789392052488,-0.299965,-1.01358,-2.98158,0
1789392052546,0,1789392052535,-0.299945,-1.01358,-2.9817,0
1789392052593,0,1789392052586,-0.299891,-1.01359,-2.98204,0
1789392052638,0,1789392052631,-0.299844,-1.01361,-2.98259,0
1789392052697,0,1789392052688,-0.299798,-1.01361,-2.98284,0
1789392052754,0,1789392052745,-0.299753,-1.01361,-2.98266,0
1789392052803,0,1789392052797,-0.299774,-1.01361,-2.98278,0
1789392052848,0,1789392052841,-0.299802,-1.01361,-2.9828,0
1789392052902,0,1789392052894,-0.299848,-1.0137,-2.98251,0
1789392052956,0,1789392052948,-0.2999,-1.01384,-2.98321,0
1789392053008,0,1789392053000,-0.299867,-1.01392,-2.98297,0
1789392053051,0,1789392053044,-0.299765,-1.01393,-2.9829,0
1789392053101,0,1789392053093,-0.299669,-1.01395,-2.98343,0
1789392053152,0,1789392053145,-0.299604,-1.01397,-2.9834,0
1789392053213,0,1789392053205,-0.299545,-1.01397,-2.98334,0
1789392053259,0,1789392053251,-0.299549,-1.0139,-2.9835,0
1789392053305,0,1789392053296,-0.299553,-1.01384,-2.98392,0
1789392053351,0,1789392053343,-0.29953,-1.01384,-2.98373,0
1789392053413,0,1789392053405,-0.299499,-1.01385,-2.98318,0
1789392053469,0,1789392053462,-0.299488,-1.01375,-2.98281,0
1789392053523,0,1789392053515,-0.299482,-1.01363,-2.98268,0
1789392053565,0,1789392053558,-0.299498,-1.01361,-2.98259,0
1789392053616,0,1789392053608,-0.299521,-1.0136,-2.9826,0
1789392053663,0,1789392053654,-0.299561,-1.01357,-2.98256,0
1789392053718,0,1789392053708,-0.299626,-1.0135,-2.98256,0
1789392053770,0,1789392053762,-0.299682,-1.01343,-2.98256,0
1789392053821,0,1789392053812,-0.299716,-1.01335,-2.98288,0
1789392053867,0,1789392053860,-0.29974,-1.01329,-2.98264,0
1789392053918,0,1789392053910,-0.299725,-1.01328,-2.98271,0
1789392053964,0,1789392053958,-0.299711,-1.01328,-2.98284,0
1789392054025,0,1789392054017,-0.299729,-1.0133,-2.98276,0
1789392054071,0,1789392054064,-0.299747,-1.01332,-2.98303,0
1789392054122,0,1789392054114,-0.299795,-1.01333,-2.98318,0
1789392054165,0,1789392054159,-0.299843,-1.01335,-2.98392,0
1789392054226,0,1789392054219,-0.29992,-1.01335,-2.98428,0
1789392054275,0,1789392054267,-0.299989,-1.01334,-2.98464,0
1789392054328,0,1789392054317,-0.30002,-1.01335,-2.98454,0
1789392054370,0,1789392054363,-0.300013,-1.01338,-2.98455,0
1789392054425,0,1789392054417,-0.300012,-1.01341,-2.98414,0
1789392054470,0,1789392054463,-0.300022,-1.01345,-2.98454,0
1789392054532,0,1789392054521,-0.30004,-1.01351,-2.98408,0
1789392054573,0,1789392054566,-0.300071,-1.01354,-2.98401,0
1789392054630,0,1789392054622,-0.30011,-1.01359,-2.98359,0
1789392054678,0,1789392054671,-0.300035,-1.01347,-2.98317,0
1789392054731,0,1789392054723,-0.299955,-1.01334,-2.98335,0
1789392054775,0,1789392054767,-0.299913,-1.01332,-2.98346,0
1789392054826,0,1789392054818,-0.299866,-1.0133,-2.98417,0
1789392054879,0,1789392054872,-0.299865,-1.0133,-2.98405,0
1789392054936,0,1789392054927,-0.299893,-1.0133,-2.98407,0
1789392054985,0,1789392054978,-0.299906,-1.0133,-2.98409,0
1789392055034,0,1789392055027,-0.299907,-1.01328,-2.98409,0
1789392055078,0,1789392055072,-0.299908,-1.01326,-2.98407,0
1789392055131,0,1789392055123,-0.299908,-1.01326,-2.98399,0
1789392055177,0,1789392055170,-0.299904,-1.01326,-2.98374,0
1789392055241,0,1789392055234,-0.29987,-1.01332,-2.98312,0
1789392055304,0,1789392055296,-0.299835,-1.01338,-2.98269,0
1789392055360,0,1789392055352,-0.299805,-1.01352,-2.98318,0
1789392055401,0,1789392055393,-0.299783,-1.01363,-2.98297,0
1789392055454,0,1789392055447,-0.299798,-1.01369,-2.98239,0
1789392055496,0,1789392055489,-0.299818,-1.01372,-2.982,0
1789392055555,0,1789392055546,-0.299857,-1.01373,-2.9818,0
1789392055605,0,1789392055596,-0.299896,-1.01373,-2.9818,0
1789392055658,0,1789392055651,-0.299928,-1.01376,-2.98173,0
1789392055707,0,1789392055699,-0.299946,-1.01382,-2.98201,0
1789392055760,0,1789392055751,-0.299938,-1.01385,-2.98223,0
1789392055804,0,1789392055797,-0.299882,-1.01382,-2.98272,0
1789392055863,0,1789392055856,-0.299815,-1.01379,-2.98303,0
1789392055908,0,1789392055901,-0.299791,-1.0138,-2.98303,0
1789392055957,0,1789392055949,-0.299765,-1.01382,-2.98302,0
1789392056005,0,1789392055999,-0.29973,-1.01388,-2.98214,0
1789392056069,0,1789392056060,-0.299686,-1.01396,-2.9828,0
1789392056111,0,1789392056104,-0.299723,-1.01398,-2.98281,0
1789392056162,0,1789392056155,-0.299767,-1.01401,-2.98303,0
1789392056207,0,1789392056199,-0.299813,-1.01406,-2.98339,0
1789392056259,0,1789392056251,-0.29987,-1.01414,-2.9834,0
1789392056311,0,1789392056304,-0.29993,-1.01412,-2.98347,0
1789392056367,0,1789392056360,-0.299997,-1.01398,-2.98396,0
1789392056415,0,1789392056409,-0.300028,-1.01391,-2.984,0
1789392056468,0,1789392056462,-0.300008,-1.01392,-2.98391,0
1789392056512,0,1789392056505,-0.299983,-1.01394,-2.98394,0
1789392056570,0,1789392056563,-0.299898,-1.01402,-2.98404,0
1789392056618,0,1789392056611,-0.29983,-1.01408,-2.98386,0
1789392056669,0,1789392056661,-0.299914,-1.01422,-2.98373,0
1789392056717,0,1789392056710,-0.299996,-1.01435,-2.98344,0
1789392056777,0,1789392056769,-0.299927,-1.0144,-2.983,0
1789392056819,0,1789392056813,-0.299827,-1.01441,-2.98235,0
1789392056872,0,1789392056865,-0.299786,-1.01442,-2.98244,0
1789392056916,0,1789392056910,-0.299787,-1.01442,-2.98242,0
1789392056971,0,1789392056963,-0.299775,-1.01445,-2.98247,0
1789392057024,0,1789392057016,-0.299747,-1.01454,-2.98259,0
1789392057072,0,1789392057065,-0.299728,-1.01456,-2.98297,0
1789392057119,0,1789392057113,-0.299722,-1.01449,-2.9829,0
1789392057174,0,1789392057166,-0.29973,-1.01444,-2.98323,0
1789392057226,0,1789392057217,-0.299808,-1.01455,-2.98375,0
1789392057277,0,1789392057268,-0.299885,-1.01465,-2.98314,0
1789392057321,0,1789392057314,-0.299855,-1.01468,-2.98328,0
1789392057374,0,1789392057366,-0.299821,-1.01471,-2.98319,0
1789392057426,0,1789392057419,-0.299874,-1.01472,-2.98244,0
1789392057479,0,1789392057471,-0.299948,-1.01472,-2.98252,0
1789392057522,0,1789392057515,-0.299927,-1.0148,-2.98243,0
1789392057579,0,1789392057572,-0.299864,-1.01493,-2.9823,0
1789392057629,0,1789392057621,-0.299793,-1.01503,-2.98229,0
1789392057678,0,1789392057671,-0.299704,-1.0151,-2.98285,0
1789392057723,0,1789392057717,-0.299652,-1.01518,-2.98342,0
1789392057778,0,1789392057770,-0.299647,-1.0153,-2.98376,0
1789392057831,0,1789392057824,-0.299656,-1.01542,-2.9835,0
1789392057880,0,1789392057872,-0.299728,-1.01548,-2.98306,0
1789392057925,0,1789392057917,-0.299795,-1.01554,-2.98353,0
1789392057982,0,1789392057974,-0.299699,-1.01556,-2.98313,0
1789392058030,0,1789392058022,-0.2996,-1.01557,-2.98305,0
1789392058084,0,1789392058075,-0.299603,-1.01563,-2.98314,0
1789392058130,0,1789392058123,-0.299631,-1.0157,-2.98326,0
1789392058179,0,1789392058172,-0.299636,-1.0157,-2.98333,0
1789392058230,0,1789392058222,-0.299631,-1.01566,-2.98291,0
1789392058284,0,1789392058275,-0.299637,-1.01565,-2.98273,0
1789392058339,0,1789392058330,-0.299657,-1.01566,-2.98266,0
1789392058387,0,1789392058381,-0.299679,-1.01566,-2.98267,0
1789392058434,0,1789392058426,-0.299706,-1.01564,-2.98272,0
1789392058486,0,1789392058477,-0.299726,-1.01561,-2.98263,0
1789392058530,0,1789392058522,-0.299693,-1.01558,-2.98316,0
1789392058587,0,1789392058580,-0.29965,-1.01553,-2.98336,0
1789392058635,0,1789392058628,-0.299738,-1.01552,-2.9833,0
1789392058684,0,1789392058678,-0.299831,-1.01551,-2.98313,0
1789392058731,0,1789392058725,-0.299789,-1.01551,-2.98352,0
1789392058784,0,1789392058778,-0.299726,-1.01552,-2.98328,0
1789392058838,0,1789392058832,-0.299707,-1.01562,-2.98286,0
1789392058899,0,1789392058891,-0.299713,-1.01578,-2.98241,0
1789392058941,0,1789392058934,-0.299643,-1.01583,-2.98207,0
1789392058994,0,1789392058984,-0.2995,-1.01581,-2.98164,0
1789392059038,0,1789392059030,-0.299409,-1.01579,-2.98222,0
1789392059096,0,1789392059089,-0.299377,-1.01576,-2.98215,0
1789392059149,0,1789392059141,-0.299357,-1.01574,-2.98238,0
1789392059208,0,1789392059200,-0.299388,-1.01573,-2.9821,0
1789392059251,0,1789392059243,-0.299411,-1.01572,-2.98212,0
1789392059305,0,1789392059296,-0.29943,-1.01572,-2.98211,0
1789392059348,0,1789392059340,-0.299445,-1.01571,-2.98213,0
1789392059408,0,1789392059400,-0.299448,-1.01565,-2.98207,0
1789392059465,0,1789392059456,-0.299444,-1.01557,-2.98197,0
1789392059515,0,1789392059508,-0.299448,-1.01551,-2.98213,0
1789392059560,0,1789392059553,-0.299454,-1.01548,-2.98162,0
1789392059614,0,1789392059607,-0.299507,-1.01544,-2.98157,0
1789392059658,0,1789392059650,-0.299591,-1.01542,-2.98157,0
1789392059714,0,1789392059707,-0.299691,-1.01538,-2.98128,0
1789392059760,0,1789392059754,-0.299751,-1.01534,-2.98059,0
1789392059813,0,1789392059806,-0.299811,-1.0153,-2.98102,0
1789392059868,0,1789392059860,-0.299836,-1.01533,-2.98106,0
1789392059923,0,1789392059914,-0.299861,-1.01535,-2.9811,0
1789392059971,0,1789392059964,-0.299946,-1.01526,-2.9812,0
1789392060023,0,1789392060015,-0.300032,-1.01518,-2.98077,0
1789392060080,0,1789392060071,-0.300082,-1.01508,-2.98063,0
1789392060127,0,1789392060120,-0.300113,-1.015,-2.9806,0
1789392060174,0,1789392060167,-0.300097,-1.01499,-2.98021,0
1789392060225,0,1789392060216,-0.300064,-1.015,-2.9806,0
1789392060269,0,1789392060263,-0.30004,-1.01501,-2.98047,0
1789392060320,0,1789392060314,-0.300023,-1.01502,-2.98064,0
1789392060376,0,1789392060369,-0.300016,-1.015,-2.98059,0
1789392060440,0,1789392060432,-0.300039,-1.01489,-2.98033,0
1789392060482,0,1789392060476,-0.300026,-1.01481,-2.98038,0
1789392060532,0,1789392060524,-0.299887,-1.01476,-2.98092,0
1789392060578,0,1789392060571,-0.299749,-1.01471,-2.98086,0
1789392060628,0,1789392060621,-0.299742,-1.01466,-2.98117,0
1789392060676,0,1789392060670,-0.299736,-1.01461,-2.98083,0
1789392060742,0,1789392060734,-0.299664,-1.01456,-2.98113,0
1789392060799,0,1789392060792,-0.29957,-1.01452,-2.98128,0
1789392060851,0,1789392060842,-0.299489,-1.01447,-2.98163,0
1789392060896,0,1789392060888,-0.299413,-1.0144,-2.98159,0
1789392060944,0,1789392060938,-0.299395,-1.01436,-2.98178,0
1789392060994,0,1789392060984,-0.299433,-1.01434,-2.98132,0
1789392061047,0,1789392061038,-0.299471,-1.01433,-2.98213,0
1789392061102,0,1789392061095,-0.299493,-1.01434,-2.982,0
1789392061153,0,1789392061145,-0.299506,-1.01435,-2.98202,0
1789392061199,0,1789392061191,-0.299491,-1.01432,-2.98201,0
1789392061251,0,1789392061242,-0.299474,-1.0143,-2.98199,0
1789392061299,0,1789392061291,-0.299581,-1.01435,-2.98222,0
1789392061362,0,1789392061354,-0.299721,-1.01442,-2.98245,0
1789392061410,0,1789392061402,-0.299702,-1.01447,-2.98198,0
1789392061459,0,1789392061453,-0.299665,-1.01452,-2.98191,0
1789392061506,0,1789392061499,-0.299636,-1.01442,-2.98199,0
1789392061556,0,1789392061549,-0.299605,-1.01426,-2.98167,0
1789392061604,0,1789392061595,-0.299583,-1.0142,-2.98172,0
1789392061667,0,1789392061658,-0.29956,-1.01422,-2.98168,0
1789392061725,0,1789392061719,-0.299526,-1.01423,-2.98172,0
1789392061778,0,1789392061769,-0.29947,-1.01422,-2.98193,0
1789392061822,0,1789392061815,-0.299424,-1.01421,-2.98159,0
1789392061885,0,1789392061876,-0.299384,-1.01418,-2.98165,0
1789392061929,0,1789392061920,-0.299356,-1.01416,-2.98171,0
1789392061979,0,1789392061969,-0.299416,-1.01416,-2.98152,0
1789392062025,0,1789392062017,-0.299474,-1.01415,-2.98159,0
1789392062085,0,1789392062074,-0.299372,-1.01414,-2.98142,0
1789392062131,0,1789392062123,-0.299235,-1.01413,-2.98093,0
1789392062183,0,1789392062175,-0.299221,-1.01416,-2.9812,0
1789392062227,0,1789392062219,-0.299269,-1.0142,-2.98118,0
1789392062282,0,1789392062274,-0.299287,-1.01419,-2.9819,0
1789392062333,0,1789392062326,-0.299257,-1.01412,-2.98227,0
1789392062390,0,1789392062382,-0.299278,-1.01407,-2.98208,0
1789392062437,0,1789392062427,-0.299389,-1.01409,-2.98248,0
1789392062491,0,1789392062481,-0.299512,-1.0141,-2.98264,0
1789392062534,0,1789392062525,-0.299547,-1.01404,-2.98261,0
1789392062597,0,1789392062588,-0.299599,-1.01394,-2.98209,0
1789392062646,0,1789392062638,-0.299654,-1.01389,-2.98181,0
1789392062697,0,1789392062688,-0.299709,-1.01383,-2.98213,0
1789392062741,0,1789392062734,-0.299703,-1.01374,-2.98162,0
1789392062790,0,1789392062783,-0.299692,-1.01363,-2.98171,0
1789392062837,0,1789392062831,-0.299626,-1.01358,-2.98159,0
1789392062893,0,1789392062884,-0.299529,-1.01355,-2.98097,0
1789392062947,0,1789392062939,-0.299476,-1.01354,-2.98075,0
1789392062995,0,1789392062989,-0.299479,-1.01357,-2.98066,0
1789392063042,0,1789392063035,-0.299493,-1.01359,-2.9801,0
1789392063096,0,1789392063088,-0.299528,-1.01364,-2.98065,0
1789392063151,0,1789392063141,-0.299548,-1.01368,-2.98106,0
1789392063202,0,1789392063195,-0.299484,-1.01368,-2.98092,0
1789392063248,0,1789392063241,-0.299431,-1.01368,-2.98097,0
1789392063297,0,1789392063288,-0.299424,-1.0136,-2.98062,0
1789392063351,0,1789392063342,-0.299416,-1.01351,-2.9803,0
1789392063406,0,1789392063396,-0.29944,-1.01348,-2.97972,0
1789392063455,0,1789392063447,-0.29947,-1.01347,-2.97974,0
1789392063508,0,1789392063500,-0.299508,-1.01353,-2.97972,0
1789392063550,0,1789392063543,-0.299541,-1.01361,-2.98008,0
1789392063605,0,1789392063598,-0.299535,-1.01362,-2.98086,0
1789392063655,0,1789392063649,-0.299477,-1.01353,-2.98108,0
1789392063709,0,1789392063700,-0.299421,-1.01346,-2.98127,0
1789392063753,0,1789392063744,-0.299374,-1.01343,-2.98116,0
1789392063804,0,1789392063797,-0.299325,-1.01337,-2.98119,0
1789392063855,0,1789392063849,-0.299316,-1.01323,-2.982,0
1789392063916,0,1789392063909,-0.299305,-1.01308,-2.98253,0
1789392063965,0,1789392063957,-0.299373,-1.01304,-2.9828,0
1789392064018,0,1789392064009,-0.299446,-1.013,-2.98326,0
1789392064061,0,1789392064053,-0.299347,-1.01306,-2.98323,0
1789392064116,0,1789392064107,-0.299217,-1.01314,-2.98375,0
1789392064169,0,1789392064161,-0.299172,-1.01318,-2.9835,0
1789392064223,0,1789392064214,-0.299178,-1.01319,-2.98352,0
1789392064264,0,1789392064257,-0.299184,-1.01317,-2.98352,0
1789392064319,0,1789392064309,-0.299191,-1.01314,-2.98352,0
1789392064372,0,1789392064366,-0.299175,-1.01313,-2.98322,0
1789392064425,0,1789392064417,-0.299112,-1.01315,-2.98355,0
1789392064470,0,1789392064462,-0.299068,-1.01316,-2.98366,0
1789392064520,0,1789392064512,-0.299073,-1.01315,-2.98372,0
1789392064564,0,1789392064557,-0.299078,-1.01314,-2.98377,0
1789392064620,0,1789392064612,-0.299051,-1.01312,-2.98384,0
1789392064677,0,1789392064669,-0.29902,-1.0131,-2.98392,0
1789392064730,0,1789392064720,-0.299056,-1.01311,-2.98412,0
1789392064773,0,1789392064766,-0.299099,-1.01314,-2.98338,0
1789392064823,0,1789392064816,-0.299123,-1.01318,-2.98319,0
1789392064869,0,1789392064862,-0.299135,-1.01323,-2.98343,0
1789392064930,0,1789392064923,-0.2992,-1.01329,-2.9839,0
1789392064983,0,1789392064976,-0.299315,-1.01333,-2.98345,0
1789392065035,0,1789392065026,-0.299371,-1.01334,-2.98397,0
1789392065078,0,1789392065071,-0.299333,-1.01329,-2.98405,0
1789392065133,0,1789392065126,-0.299308,-1.01324,-2.98382,0
1789392065186,0,1789392065179,-0.299403,-1.01328,-2.98296,0
1789392065237,0,1789392065229,-0.299493,-1.01332,-2.98303,0
1789392065279,0,1789392065273,-0.299385,-1.01328,-2.98328,0
1789392065333,0,1789392065323,-0.29926,-1.01324,-2.98343,0
1789392065379,0,1789392065371,-0.299225,-1.01316,-2.98346,0
1789392065437,0,1789392065429,-0.299195,-1.01307,-2.9836,0
1789392065493,0,1789392065484,-0.299178,-1.01307,-2.9834,0
1789392065543,0,1789392065534,-0.29917,-1.01311,-2.98346,0
1789392065590,0,1789392065580,-0.299194,-1.01317,-2.9838,0
1789392065638,0,1789392065629,-0.299248,-1.01324,-2.98398,0
1789392065683,0,1789392065676,-0.299287,-1.01327,-2.98434,0
1789392065735,0,1789392065727,-0.299305,-1.01321,-2.98371,0
1789392065782,0,1789392065773,-0.299323,-1.01317,-2.98383,0
1789392065841,0,1789392065831,-0.299357,-1.01321,-2.98362,0
1789392065887,0,1789392065879,-0.299384,-1.01324,-2.98354,0
1789392065937,0,1789392065929,-0.299361,-1.01317,-2.9828,0
1789392065982,0,1789392065975,-0.29934,-1.0131,-2.9824,0
1789392066045,0,1789392066037,-0.29933,-1.01311,-2.9814,0
1789392066088,0,1789392066081,-0.299328,-1.01315,-2.98145,0
1789392066139,0,1789392066130,-0.299298,-1.01318,-2.98089,0
1789392066183,0,1789392066175,-0.29926,-1.01319,-2.98059,0
1789392066241,0,1789392066234,-0.299233,-1.01325,-2.98023,0
1789392066298,0,1789392066291,-0.299239,-1.01336,-2.98021,0
1789392066349,0,1789392066341,-0.299253,-1.01342,-2.98,0
1789392066396,0,1789392066387,-0.299282,-1.01342,-2.97993,0
1789392066442,0,1789392066436,-0.299303,-1.01343,-2.97999,0
1789392066496,0,1789392066488,-0.299273,-1.01346,-2.97975,0
1789392066555,0,1789392066548,-0.299238,-1.0135,-2.97985,0
1789392066603,0,1789392066596,-0.299227,-1.01349,-2.97984,0
1789392066648,0,1789392066641,-0.299216,-1.01349,-2.97984,0
1789392066701,0,1789392066693,-0.299243,-1.0135,-2.97967,0
1789392066759,0,1789392066750,-0.299283,-1.01351,-2.98007,0
1789392066803,0,1789392066795,-0.299303,-1.01354,-2.98011,0
1789392066854,0,1789392066847,-0.299324,-1.01357,-2.98009,0
1789392066902,0,1789392066894,-0.299379,-1.0136,-2.98015,0
1789392066959,0,1789392066952,-0.299485,-1.01364,-2.97966,0
1789392067014,0,1789392067006,-0.299542,-1.01369,-2.97985,0
1789392067065,0,1789392067059,-0.299508,-1.01375,-2.97982,0
1789392067111,0,1789392067102,-0.299493,-1.0138,-2.98035,0
1789392067160,0,1789392067153,-0.299533,-1.01393,-2.98078,0
1789392067206,0,1789392067199,-0.29957,-1.01405,-2.98074,0
1789392067266,0,1789392067259,-0.299549,-1.01402,-2.9805,0
1789392067311,0,1789392067303,-0.299525,-1.01398,-2.98018,0
1789392067361,0,1789392067352,-0.299441,-1.01394,-2.97995,0
1789392067407,0,1789392067399,-0.299352,-1.01391,-2.98006,0
1789392067458,0,1789392067449,-0.299343,-1.01392,-2.98014,0
1789392067511,0,1789392067504,-0.299378,-1.01395,-2.98073,0
1789392067578,0,1789392067570,-0.299399,-1.01392,-2.98118,0
1789392067624,0,1789392067618,-0.29939,-1.01383,-2.98062,0
1789392067687,0,1789392067679,-0.299378,-1.01376,-2.98073,0
1789392067732,0,1789392067724,-0.299371,-1.01381,-2.98122,0
1789392067785,0,1789392067776,-0.299342,-1.01384,-2.98124,0
1789392067828,0,1789392067820,-0.299255,-1.0138,-2.98061,0
1789392067879,0,1789392067872,-0.299151,-1.01376,-2.98038,0
1789392067936,0,1789392067925,-0.29918,-1.01379,-2.98041,0
1789392067982,0,1789392067975,-0.299212,-1.01381,-2.98041,0
1789392068028,0,1789392068021,-0.299333,-1.01378,-2.9799,0
1789392068080,0,1789392068073,-0.299481,-1.01374,-2.97988,0
1789392068127,0,1789392068119,-0.29953,-1.01375,-2.97937,0
1789392068184,0,1789392068176,-0.299558,-1.01379,-2.97971,0
1789392068232,0,1789392068225,-0.299539,-1.01384,-2.97969,0
1789392068283,0,1789392068276,-0.299479,-1.01392,-2.97957,0
1789392068328,0,1789392068320,-0.299428,-1.01398,-2.97988,0
1789392068381,0,1789392068373,-0.299367,-1.014,-2.98022,0
1789392068437,0,1789392068428,-0.299301,-1.01403,-2.9798,0
1789392068493,0,1789392068486,-0.299214,-1.014,-2.97957,0
1789392068547,0,1789392068537,-0.29914,-1.01398,-2.9798,0
1789392068594,0,1789392068586,-0.29912,-1.01393,-2.98029,0
1789392068640,0,1789392068631,-0.299101,-1.01389,-2.98033,0
1789392068690,0,1789392068683,-0.299067,-1.01399,-2.98099,0
1789392068744,0,1789392068735,-0.299031,-1.01412,-2.98079,0
1789392068792,0,1789392068785,-0.29894,-1.01415,-2.98092,0
1789392068843,0,1789392068835,-0.298823,-1.01413,-2.98092,0
1789392068900,0,1789392068894,-0.298761,-1.01411,-2.98039,0
1789392068945,0,1789392068936,-0.29879,-1.0141,-2.98037,0
1789392068998,0,1789392068986,-0.298805,-1.01412,-2.9801,0
1789392069040,0,1789392069032,-0.298783,-1.0142,-2.97958,0
1789392069099,0,1789392069091,-0.298764,-1.01429,-2.97874,0
1789392069157,0,1789392069149,-0.298811,-1.01433,-2.97904,0
1789392069208,0,1789392069200,-0.298851,-1.01436,-2.97839,0
1789392069252,0,1789392069244,-0.298816,-1.01437,-2.97836,0
1789392069303,0,1789392069295,-0.298775,-1.01439,-2.97833,0
1789392069351,0,1789392069343,-0.298743,-1.01438,-2.97815,0
1789392069413,0,1789392069403,-0.298702,-1.01438,-2.9782,0
1789392069455,0,1789392069448,-0.298654,-1.0144,-2.97831,0
1789392069506,0,1789392069498,-0.298594,-1.01443,-2.97867,0
1789392069555,0,1789392069549,-0.298547,-1.0144,-2.97816,0
1789392069616,0,1789392069608,-0.298511,-1.01428,-2.9781,0
1789392069664,0,1789392069658,-0.298469,-1.01422,-2.97862,0
1789392069713,0,1789392069706,-0.298405,-1.01425,-2.97881,0
1789392069760,0,1789392069753,-0.298363,-1.01426,-2.97927,0
1789392069818,0,1789392069808,-0.298421,-1.01419,-2.97949,0
1789392069866,0,1789392069859,-0.298474,-1.01413,-2.97946,0
1789392069917,0,1789392069910,-0.298506,-1.01409,-2.97943,0
1789392069962,0,1789392069954,-0.298534,-1.01406,-2.97936,0
1789392070024,0,1789392070014,-0.298539,-1.01403,-2.97951,0
1789392070072,0,1789392070065,-0.298531,-1.01401,-2.9795,0
1789392070131,0,1789392070125,-0.298523,-1.014,-2.97876,0
1789392070175,0,1789392070168,-0.298518,-1.014,-2.97909,0
1789392070226,0,1789392070219,-0.29849,-1.01406,-2.97933,0
1789392070270,0,1789392070264,-0.298446,-1.01415,-2.97919,0
1789392070332,0,1789392070325,-0.298406,-1.01426,-2.97897,0
1789392070389,0,1789392070383,-0.29842,-1.01429,-2.97948,0
1789392070439,0,1789392070432,-0.298428,-1.01432,-2.97971,0
1789392070486,0,1789392070479,-0.298421,-1.01433,-2.97968,0
1789392070539,0,1789392070532,-0.298414,-1.01434,-2.97993,0
1789392070583,0,1789392070576,-0.298413,-1.01434,-2.98019,0
1789392070645,0,1789392070636,-0.298411,-1.01433,-2.9808,0
1789392070700,0,1789392070693,-0.298471,-1.01423,-2.98076,0
1789392070751,0,1789392070744,-0.298543,-1.0141,-2.98024,0
1789392070797,0,1789392070789,-0.298608,-1.01412,-2.97996,0
1789392070849,0,1789392070840,-0.298682,-1.01419,-2.98,0
1789392070892,0,1789392070886,-0.298709,-1.01421,-2.97999,0
1789392070950,0,1789392070943,-0.298703,-1.0142,-2.97955,0
1789392070999,0,1789392070992,-0.298661,-1.0142,-2.9797,0
1789392071050,0,1789392071041,-0.29855,-1.01421,-2.97968,0
1789392071095,0,1789392071088,-0.298453,-1.01422,-2.97965,0
1789392071151,0,1789392071143,-0.298389,-1.01425,-2.97924,0
1789392071203,0,1789392071196,-0.298328,-1.01428,-2.97914,0
1789392071263,0,1789392071255,-0.298317,-1.01429,-2.97858,0
1789392071307,0,1789392071298,-0.298316,-1.01429,-2.97874,0
1789392071355,0,1789392071347,-0.298279,-1.01422,-2.9785,0
1789392071404,0,1789392071393,-0.29824,-1.01415,-2.97834,0
1789392071457,0,1789392071449,-0.298218,-1.01409,-2.97826,0
1789392071508,0,1789392071500,-0.298214,-1.01407,-2.97825,0
1789392071559,0,1789392071551,-0.29825,-1.01406,-2.97821,0
1789392071606,0,1789392071598,-0.298318,-1.01407,-2.97866,0
1789392071657,0,1789392071649,-0.298378,-1.01406,-2.9784,0
1789392071707,0,1789392071700,-0.298406,-1.01402,-2.97797,0
1789392071761,0,1789392071754,-0.298419,-1.01397,-2.97819,0
1789392071813,0,1789392071806,-0.298339,-1.0139,-2.97816,0
1789392071864,0,1789392071857,-0.298262,-1.01383,-2.97803,0
1789392071911,0,1789392071903,-0.298348,-1.01378,-2.97761,0
1789392071969,0,1789392071963,-0.298461,-1.01372,-2.97653,0
1789392072016,0,1789392072008,-0.298537,-1.01372,-2.9772,0
1789392072063,0,1789392072055,-0.298617,-1.01372,-2.97671,0
1789392072111,0,1789392072103,-0.298575,-1.01371,-2.97654,0
1789392072167,0,1789392072158,-0.298469,-1.01371,-2.97635,0
1789392072223,0,1789392072216,-0.298413,-1.01376,-2.97657,0
1789392072276,0,1789392072268,-0.298428,-1.01386,-2.97672,0
1789392072321,0,1789392072313,-0.298416,-1.01391,-2.977,0
1789392072372,0,1789392072363,-0.29836,-1.0139,-2.97719,0
1789392072418,0,1789392072409,-0.29831,-1.01389,-2.97758,0
1789392072477,0,1789392072468,-0.298258,-1.0139,-2.97794,0
1789392072528,0,1789392072522,-0.298211,-1.0139,-2.9782,0
1789392072581,0,1789392072571,-0.298178,-1.0139,-2.97817,0
1789392072625,0,1789392072619,-0.298146,-1.01389,-2.97814,0
1789392072680,0,1789392072672,-0.298159,-1.01392,-2.97811,0
1789392072732,0,1789392072725,-0.298184,-1.01397,-2.97808,0
1789392072785,0,1789392072778,-0.298226,-1.01398,-2.97784,0
1789392072827,0,1789392072821,-0.298267,-1.01399,-2.9773,0
1789392072882,0,1789392072873,-0.298274,-1.01396,-2.97772,0
1789392072927,0,1789392072920,-0.298238,-1.0139,-2.97771,0
1789392072989,0,1789392072980,-0.298194,-1.01384,-2.97779,0
1789392073042,0,1789392073034,-0.298156,-1.0138,-2.97796,0
1789392073093,0,1789392073085,-0.298129,-1.01375,-2.97823,0
1789392073137,0,1789392073130,-0.298144,-1.01369,-2.97777,0
1789392073190,0,1789392073180,-0.298161,-1.01362,-2.97787,0
1789392073236,0,1789392073230,-0.298158,-1.01358,-2.97823,0
1789392073291,0,1789392073284,-0.298156,-1.01353,-2.97795,0
1789392073340,0,1789392073333,-0.298131,-1.01352,-2.97771,0
1789392073391,0,1789392073381,-0.298103,-1.01352,-2.97766,0
1789392073441,0,1789392073432,-0.298101,-1.01349,-2.97729,0
1789392073496,0,1789392073489,-0.298114,-1.01344,-2.97706,0
1789392073546,0,1789392073538,-0.298104,-1.01346,-2.97664,0
1789392073593,0,1789392073585,-0.298076,-1.01352,-2.97672,0
1789392073644,0,1789392073635,-0.298056,-1.01352,-2.9771,0
1789392073702,0,1789392073692,-0.298057,-1.01337,-2.97719,0
1789392073757,0,1789392073749,-0.298061,-1.01323,-2.97704,0
1789392073807,0,1789392073800,-0.298081,-1.01317,-2.97671,0
1789392073852,0,1789392073844,-0.298097,-1.01313,-2.97682,0
1789392073906,0,1789392073895,-0.297999,-1.01326,-2.97603,0
1789392073953,0,1789392073945,-0.297901,-1.01338,-2.9763,0
1789392074015,0,1789392074007,-0.297834,-1.01347,-2.97622,0
1789392074065,0,1789392074058,-0.297798,-1.01352,-2.97594,0
1789392074114,0,1789392074106,-0.297774,-1.01354,-2.97581,0
1789392074161,0,1789392074154,-0.297754,-1.01356,-2.97676,0
1789392074212,0,1789392074205,-0.297767,-1.01356,-2.97747,0
1789392074258,0,1789392074251,-0.297808,-1.01355,-2.97726,0
1789392074308,0,1789392074301,-0.297789,-1.01355,-2.97686,0
1789392074357,0,1789392074350,-0.297648,-1.01359,-2.97723,0
1789392074418,0,1789392074410,-0.297489,-1.01365,-2.97769,0
1789392074460,0,1789392074454,-0.29744,-1.01371,-2.97803,0
1789392074514,0,1789392074505,-0.297382,-1.01379,-2.97863,0
1789392074567,0,1789392074560,-0.297365,-1.01381,-2.9788,0
1789392074620,0,1789392074613,-0.297352,-1.01382,-2.97936,0
1789392074665,0,1789392074656,-0.297359,-1.01385,-2.97833,0
1789392074718,0,1789392074711,-0.297368,-1.0139,-2.9782,0
1789392074776,0,1789392074768,-0.297388,-1.01397,-2.97798,0
1789392074829,0,1789392074821,-0.297414,-1.01404,-2.97809,0
1789392074869,0,1789392074863,-0.297412,-1.01407,-2.97809,0
1789392074923,0,1789392074913,-0.297393,-1.01408,-2.97785,0
1789392074965,0,1789392074959,-0.297384,-1.01408,-2.97788,0
1789392075024,0,1789392075017,-0.297392,-1.01404,-2.97728,0
1789392075077,0,1789392075069,-0.297402,-1.014,-2.97715,0
1789392075136,0,1789392075128,-0.297432,-1.01396,-2.97615,0
1789392075179,0,1789392075171,-0.297453,-1.01392,-2.97595,0
1789392075232,0,1789392075223,-0.297427,-1.01387,-2.97595,0
1789392075280,0,1789392075270,-0.297403,-1.01382,-2.97621,0
1789392075341,0,1789392075331,-0.297436,-1.0137,-2.97631,0
1789392075391,0,1789392075381,-0.297485,-1.01359,-2.97686,0
1789392075442,0,1789392075433,-0.297492,-1.01354,-2.97721,0
1789392075486,0,1789392075477,-0.297477,-1.01352,-2.97717,0
1789392075540,0,1789392075530,-0.29747,-1.01354,-2.97745,0
1789392075582,0,1789392075575,-0.297474,-1.01359,-2.97776,0
1789392075639,0,1789392075631,-0.297467,-1.0136,-2.97859,0
1789392075696,0,1789392075689,-0.297431,-1.0135,-2.97923,0
1789392075746,0,1789392075738,-0.297412,-1.01343,-2.97964,0
1789392075793,0,1789392075784,-0.297442,-1.01341,-2.97935,0
1789392075847,0,1789392075837,-0.297477,-1.01339,-2.97983,0
1789392075891,0,1789392075883,-0.297531,-1.01336,-2.97994,0
1789392075949,0,1789392075943,-0.297603,-1.01331,-2.98,0
1789392075993,0,1789392075986,-0.297603,-1.01323,-2.98007,0
1789392076042,0,1789392076035,-0.297604,-1.01314,-2.98031,0
1789392076088,0,1789392076082,-0.297632,-1.01308,-2.98031,0
1789392076152,0,1789392076145,-0.297685,-1.01302,-2.97954,0
1789392076206,0,1789392076200,-0.29772,-1.013,-2.9791,0
1789392076268,0,1789392076261,-0.297743,-1.01302,-2.97896,0
1789392076313,0,1789392076305,-0.297763,-1.01302,-2.97828,0
1789392076362,0,1789392076353,-0.29779,-1.01298,-2.9786,0
1789392076407,0,1789392076400,-0.297826,-1.01295,-2.97877,0
1789392076458,0,1789392076451,-0.297931,-1.01288,-2.97867,0
1789392076510,0,1789392076501,-0.298034,-1.01281,-2.97868,0
1789392076568,0,1789392076558,-0.298119,-1.01279,-2.9788,0
1789392076613,0,1789392076605,-0.298184,-1.01278,-2.97958,0
1789392076663,0,1789392076657,-0.298241,-1.01272,-2.97947,0
1789392076724,0,1789392076716,-0.298301,-1.01265,-2.97957,0
1789392076776,0,1789392076766,-0.298267,-1.01259,-2.98025,0
1789392076819,0,1789392076812,-0.298206,-1.01254,-2.98045,0
1789392076870,0,1789392076864,-0.298183,-1.01249,-2.98042,0
1789392076915,0,1789392076908,-0.298203,-1.01246,-2.9803,0
1789392076975,0,1789392076966,-0.298222,-1.01245,-2.98032,0
1789392077021,0,1789392077014,-0.298221,-1.01248,-2.98031,0
1789392077070,0,1789392077063,-0.298226,-1.0125,-2.98032,0
1789392077117,0,1789392077111,-0.298256,-1.01246,-2.98024,0
1789392077170,0,1789392077162,-0.298289,-1.01241,-2.98078,0
1789392077224,0,1789392077217,-0.298358,-1.01235,-2.98031,0
1789392077273,0,1789392077266,-0.298421,-1.01231,-2.98075,0
1789392077319,0,1789392077313,-0.298393,-1.01231,-2.98063,0
1789392077369,0,1789392077362,-0.298355,-1.01232,-2.98065,0
1789392077419,0,1789392077411,-0.298354,-1.01232,-2.98069,0
1789392077472,0,1789392077465,-0.298371,-1.01232,-2.98075,0
1789392077521,0,1789392077514,-0.298362,-1.01233,-2.98079,0
1789392077572,0,1789392077564,-0.29833,-1.01233,-2.98082,0
1789392077620,0,1789392077614,-0.298306,-1.01231,-2.98076,0
1789392077680,0,1789392077671,-0.2983,-1.01226,-2.98037,0
1789392077724,0,1789392077717,-0.298302,-1.01223,-2.98067,0
1789392077775,0,1789392077768,-0.298341,-1.01228,-2.98062,0
1789392077821,0,1789392077814,-0.298376,-1.01233,-2.98093,0
1789392077876,0,1789392077868,-0.298362,-1.01236,-2.9806,0
1789392077931,0,1789392077924,-0.298343,-1.01239,-2.98024,0
1789392077982,0,1789392077975,-0.298388,-1.01243,-2.97949,0
1789392078029,0,1789392078020,-0.298438,-1.01246,-2.97929,0
1789392078081,0,1789392078072,-0.298425,-1.01243,-2.97905,0
1789392078143,0,1789392078126,-0.298373,-1.01236,-2.97954,0
1789392078182,0,1789392078176,-0.298373,-1.0123,-2.97949,0
1789392078231,0,1789392078222,-0.298417,-1.01226,-2.97963,0
1789392078283,0,1789392078274,-0.298435,-1.01222,-2.97939,0
1789392078334,0,1789392078327,-0.298387,-1.01222,-2.9793,0
1789392078390,0,1789392078383,-0.298355,-1.01219,-2.97958,0
1789392078440,0,1789392078432,-0.298422,-1.01209,-2.97945,0
1789392078491,0,1789392078483,-0.298492,-1.01198,-2.98018,0
1789392078537,0,1789392078529,-0.298549,-1.01194,-2.97995,0
1789392078596,0,1789392078585,-0.29862,-1.01191,-2.97977,0
1789392078642,0,1789392078634,-0.298601,-1.01189,-2.97981,0
1789392078692,0,1789392078683,-0.298569,-1.01188,-2.97976,0
1789392078741,0,1789392078733,-0.29852,-1.01187,-2.97975,0
1789392078801,0,1789392078791,-0.298453,-1.01186,-2.97933,0
1789392078853,0,1789392078843,-0.298395,-1.01189,-2.97927,0
1789392078913,0,1789392078903,-0.298331,-1.01197,-2.97908,0
1789392078956,0,1789392078948,-0.298302,-1.01204,-2.97871,0
1789392079007,0,1789392078998,-0.298306,-1.01213,-2.97906,0
1789392079053,0,1789392079044,-0.298334,-1.01219,-2.97904,0
1789392079112,0,1789392079105,-0.298519,-1.01217,-2.97912,0
1789392079156,0,1789392079148,-0.298649,-1.01215,-2.97945,0
1789392079205,0,1789392079197,-0.298677,-1.0122,-2.97923,0
1789392079252,0,1789392079245,-0.298704,-1.01225,-2.98016,0
1789392079305,0,1789392079296,-0.298661,-1.01235,-2.98019,0
1789392079347,0,1789392079341,-0.298611,-1.01243,-2.98102,0
1789392079401,0,1789392079392,-0.298556,-1.01255,-2.98115,0
1789392079456,0,1789392079447,-0.298499,-1.01268,-2.98089,0
1789392079507,0,1789392079499,-0.298435,-1.01272,-2.98121,0
1789392079553,0,1789392079544,-0.298367,-1.01267,-2.98108,0
1789392079605,0,1789392079595,-0.298282,-1.01262,-2.98086,0
1789392079648,0,1789392079640,-0.298191,-1.01259,-2.98075,0
1789392079706,0,1789392079699,-0.298089,-1.01257,-2.98014,0
1789392079753,0,1789392079745,-0.2981,-1.01257,-2.98028,0
1789392079802,0,1789392079793,-0.298112,-1.01257,-2.98067,0
1789392079846,0,1789392079839,-0.29804,-1.0124,-2.98104,0
1789392079905,0,1789392079897,-0.297947,-1.01219,-2.98135,0
1789392079957,0,1789392079950,-0.2979,-1.01218,-2.98136,0
1789392080017,0,1789392080008,-0.297865,-1.01222,-2.981,0
1789392080058,0,1789392080051,-0.297929,-1.01233,-2.98078,0
1789392080111,0,1789392080104,-0.298037,-1.01248,-2.97996,0
1789392080158,0,1789392080151,-0.298109,-1.01252,-2.97961,0
1789392080214,0,1789392080205,-0.298164,-1.01248,-2.98023,0
1789392080263,0,1789392080253,-0.298183,-1.01247,-2.98002,0
1789392080314,0,1789392080306,-0.29814,-1.01251,-2.97989,0
1789392080359,0,1789392080353,-0.298108,-1.01253,-2.98014,0
1789392080419,0,1789392080412,-0.298105,-1.01249,-2.98046,0
1789392080463,0,1789392080456,-0.298102,-1.01245,-2.97992,0
1789392080514,0,1789392080507,-0.298121,-1.01243,-2.97991,0
1789392080562,0,1789392080554,-0.29814,-1.01242,-2.9799,0
1789392080617,0,1789392080609,-0.298099,-1.01234,-2.97945,0
1789392080666,0,1789392080657,-0.298047,-1.01225,-2.97961,0
1789392080716,0,1789392080709,-0.298008,-1.01229,-2.97937,0
1789392080763,0,1789392080756,-0.29798,-1.01239,-2.97953,0
1789392080822,0,1789392080814,-0.298004,-1.01251,-2.97913,0
1789392080865,0,1789392080859,-0.298068,-1.01259,-2.97945,0
1789392080916,0,1789392080909,-0.298112,-1.01267,-2.97957,0
1789392080970,0,1789392080964,-0.298098,-1.01271,-2.98055,0
1789392081030,0,1789392081023,-0.298103,-1.01277,-2.98088,0
1789392081076,0,1789392081068,-0.2982,-1.01282,-2.98109,0
1789392081126,0,1789392081119,-0.298309,-1.01289,-2.98093,0
1789392081172,0,1789392081165,-0.298336,-1.01294,-2.9804,0
1789392081236,0,1789392081226,-0.298372,-1.01301,-2.98059,0
1789392081288,0,1789392081280,-0.298367,-1.01307,-2.98091,0
1789392081341,0,1789392081332,-0.298354,-1.01313,-2.98124,0
1789392081383,0,1789392081376,-0.298293,-1.01312,-2.98194,0
1789392081437,0,1789392081429,-0.298202,-1.01307,-2.98155,0
1789392081489,0,1789392081483,-0.298149,-1.01303,-2.98166,0
1789392081548,0,1789392081539,-0.298141,-1.01299,-2.98161,0
1789392081599,0,1789392081589,-0.298115,-1.01297,-2.98175,0
1789392081647,0,1789392081637,-0.298053,-1.01299,-2.98201,0
1789392081693,0,1789392081685,-0.298002,-1.013,-2.98223,0
1789392081750,0,1789392081741,-0.298001,-1.01295,-2.98214,0
1789392081798,0,1789392081789,-0.297999,-1.0129,-2.9816,0
1789392081850,0,1789392081841,-0.297905,-1.01295,-2.9813,0
1789392081894,0,1789392081886,-0.297821,-1.01299,-2.98096,0
1789392081952,0,1789392081943,-0.297817,-1.01304,-2.9813,0
1789392082002,0,1789392081993,-0.297845,-1.01308,-2.98135,0
1789392082061,0,1789392082051,-0.297875,-1.01308,-2.98167,0
1789392082103,0,1789392082095,-0.297897,-1.01306,-2.98165,0
1789392082156,0,1789392082147,-0.297973,-1.01309,-2.98175,0
1789392082200,0,1789392082194,-0.298087,-1.01317,-2.98188,0
1789392082260,0,1789392082253,-0.298198,-1.01325,-2.98245,0
1789392082305,0,1789392082299,-0.298213,-1.01329,-2.98261,0
1789392082356,0,1789392082348,-0.298218,-1.01331,-2.982,0
1789392082400,0,1789392082393,-0.298175,-1.01326,-2.98239,0
1789392082463,0,1789392082454,-0.298117,-1.01319,-2.98254,0
1789392082512,0,1789392082507,-0.297995,-1.01318,-2.98277,0
1789392082570,0,1789392082561,-0.297867,-1.01317,-2.98315,0
1789392082610,0,1789392082603,-0.297859,-1.01319,-2.98371,0
1789392082663,0,1789392082657,-0.297849,-1.01321,-2.98297,0
1789392082718,0,1789392082709,-0.297864,-1.01327,-2.98333,0
1789392082764,0,1789392082758,-0.297891,-1.01335,-2.98288,0
1789392082811,0,1789392082805,-0.297847,-1.01337,-2.98262,0
1789392082861,0,1789392082855,-0.29774,-1.01336,-2.98231,0
1789392082908,0,1789392082901,-0.297665,-1.01336,-2.98247,0
1789392082965,0,1789392082958,-0.297619,-1.01339,-2.98252,0
1789392083026,0,1789392083018,-0.297575,-1.01341,-2.98257,0
1789392083077,0,1789392083068,-0.297553,-1.01338,-2.98262,0
1789392083122,0,1789392083114,-0.297533,-1.01336,-2.98267,0
1789392083174,0,1789392083167,-0.297594,-1.01338,-2.98247,0
1789392083227,0,1789392083220,-0.297658,-1.01341,-2.98235,0
1789392083280,0,1789392083272,-0.297624,-1.01342,-2.98217,0
1789392083325,0,1789392083317,-0.297577,-1.01343,-2.98167,0
1789392083376,0,1789392083368,-0.297551,-1.01341,-2.98133,0
1789392083424,0,1789392083416,-0.29754,-1.01338,-2.98101,0
1789392083489,0,1789392083480,-0.29753,-1.01335,-2.98104,0
1789392083537,0,1789392083529,-0.297527,-1.01335,-2.98122,0
1789392083588,0,1789392083580,-0.297526,-1.01332,-2.98076,0
1789392083634,0,1789392083627,-0.297526,-1.01326,-2.98096,0
1789392083687,0,1789392083679,-0.297516,-1.01321,-2.98078,0
1789392083739,0,1789392083731,-0.297452,-1.01318,-2.9807,0
1789392083792,0,1789392083783,-0.297389,-1.01315,-2.98016,0
1789392083834,0,1789392083828,-0.297364,-1.01317,-2.98023,0
1789392083886,0,1789392083878,-0.297336,-1.01319,-2.98031,0
1789392083943,0,1789392083934,-0.29733,-1.01325,-2.98066,0
1789392083999,0,1789392083989,-0.297331,-1.01333,-2.98097,0
1789392084048,0,1789392084039,-0.297408,-1.01339,-2.98076,0
1789392084101,0,1789392084092,-0.297527,-1.01343,-2.9799,0
1789392084141,0,1789392084135,-0.297599,-1.01348,-2.98001,0
1789392084193,0,1789392084185,-0.297662,-1.01356,-2.98068,0
1789392084240,0,1789392084233,-0.297705,-1.01364,-2.98081,0
1789392084299,0,1789392084291,-0.297722,-1.01377,-2.98077,0
1789392084352,0,1789392084345,-0.297742,-1.01387,-2.98107,0
1789392084405,0,1789392084396,-0.297785,-1.01389,-2.98107,0
1789392084450,0,1789392084442,-0.297823,-1.01391,-2.98058,0
1789392084497,0,1789392084490,-0.297814,-1.01393,-2.98065,0
1789392084548,0,1789392084540,-0.297804,-1.01395,-2.98072,0
1789392084608,0,1789392084600,-0.297738,-1.01387,-2.9809,0
1789392084660,0,1789392084652,-0.297661,-1.01376,-2.98099,0
1789392084714,0,1789392084705,-0.297654,-1.01366,-2.98119,0
1789392084756,0,1789392084748,-0.29768,-1.01358,-2.98117,0
1789392084807,0,1789392084799,-0.297745,-1.01353,-2.98113,0
1789392084855,0,1789392084847,-0.297835,-1.01351,-2.98131,0
1789392084918,0,1789392084908,-0.297913,-1.0135,-2.98094,0
1789392084968,0,1789392084959,-0.297896,-1.01351,-2.98092,0
1789392085019,0,1789392085010,-0.297892,-1.01351,-2.98084,0
1789392085063,0,1789392085055,-0.297938,-1.01352,-2.9805,0
1789392085116,0,1789392085108,-0.297993,-1.01353,-2.98115,0
1789392085169,0,1789392085163,-0.29789,-1.01352,-2.98119,0
1789392085227,0,1789392085219,-0.297772,-1.0135,-2.98132,0
1789392085274,0,1789392085267,-0.297752,-1.01346,-2.98086,0
1789392085323,0,1789392085316,-0.297741,-1.01341,-2.98073,0
1789392085369,0,1789392085362,-0.297703,-1.0134,-2.9806,0
1789392085426,0,1789392085419,-0.297643,-1.01339,-2.98046,0
1789392085475,0,1789392085467,-0.297615,-1.01335,-2.98035,0
1789392085531,0,1789392085521,-0.297604,-1.01327,-2.98011,0
1789392085569,0,1789392085563,-0.297585,-1.01322,-2.98028,0
1789392085631,0,1789392085621,-0.297537,-1.01313,-2.98066,0
1789392085681,0,1789392085674,-0.297506,-1.01306,-2.98148,0
1789392085731,0,1789392085722,-0.29754,-1.01301,-2.9815,0
1789392085775,0,1789392085766,-0.297571,-1.01297,-2.9817,0
1789392085824,0,1789392085816,-0.29758,-1.01291,-2.98159,0
1789392085879,0,1789392085872,-0.297592,-1.01285,-2.9813,0
1789392085935,0,1789392085926,-0.297496,-1.0128,-2.98056,0
1789392085985,0,1789392085977,-0.29738,-1.01275,-2.98165,0
1789392086035,0,1789392086027,-0.297338,-1.01278,-2.98199,0
1789392086079,0,1789392086073,-0.297332,-1.01283,-2.98142,0
1789392086134,0,1789392086126,-0.297351,-1.01293,-2.98137,0
1789392086186,0,1789392086180,-0.297401,-1.01307,-2.98134,0
1789392086239,0,1789392086233,-0.297437,-1.01319,-2.98124,0
1789392086282,0,1789392086275,-0.297443,-1.01328,-2.98154,0
1789392086339,0,1789392086329,-0.297438,-1.01338,-2.98174,0
1789392086380,0,1789392086374,-0.297378,-1.0134,-2.98198,0
1789392086442,0,1789392086435,-0.297297,-1.01342,-2.98167,0
1789392086495,0,1789392086487,-0.297182,-1.01345,-2.98156,0
1789392086546,0,1789392086538,-0.297068,-1.01348,-2.98167,0
1789392086588,0,1789392086583,-0.297083,-1.01353,-2.98177,0
1789392086642,0,1789392086635,-0.297106,-1.01358,-2.98239,0
1789392086690,0,1789392086681,-0.297125,-1.01354,-2.98233,0
1789392086752,0,1789392086744,-0.297149,-1.01345,-2.98256,0
1789392086804,0,1789392086796,-0.297149,-1.01343,-2.98198,0
1789392086855,0,1789392086848,-0.297127,-1.01348,-2.9821,0
1789392086899,0,1789392086892,-0.297147,-1.01352,-2.98198,0
1789392086950,0,1789392086943,-0.297241,-1.01357,-2.98209,0
1789392086996,0,1789392086990,-0.297316,-1.01362,-2.98235,0
1789392087058,0,1789392087050,-0.297356,-1.01366,-2.98235,0
1789392087102,0,1789392087094,-0.297385,-1.01368,-2.9826,0
1789392087151,0,1789392087143,-0.297408,-1.01368,-2.98245,0
1789392087198,0,1789392087190,-0.29743,-1.01368,-2.98251,0
1789392087255,0,1789392087248,-0.297429,-1.01373,-2.98187,0
1789392087306,0,1789392087298,-0.297419,-1.0138,-2.98193,0
1789392087356,0,1789392087348,-0.297463,-1.01389,-2.98289,0
1789392087400,0,1789392087393,-0.297525,-1.01397,-2.98264,0
1789392087453,0,1789392087446,-0.297564,-1.01399,-2.98229,0
1789392087509,0,1789392087501,-0.297564,-1.01392,-2.98207,0
1789392087562,0,1789392087554,-0.297546,-1.01389,-2.98204,0
1789392087608,0,1789392087598,-0.297498,-1.0139,-2.9823,0
1789392087657,0,1789392087648,-0.297453,-1.01391,-2.98187,0
1789392087710,0,1789392087703,-0.297455,-1.01391,-2.9812,0
1789392087771,0,1789392087764,-0.297456,-1.0139,-2.98105,0
1789392087815,0,1789392087807,-0.297561,-1.01386,-2.98156,0
1789392087866,0,1789392087858,-0.297687,-1.01381,-2.98206,0
1789392087910,0,1789392087903,-0.297674,-1.01381,-2.98193,0
1789392087971,0,1789392087963,-0.297647,-1.01382,-2.98126,0
1789392088014,0,1789392088007,-0.297634,-1.01384,-2.98127,0
1789392088067,0,1789392088059,-0.297619,-1.01388,-2.9812,0
1789392088115,0,1789392088108,-0.297585,-1.01387,-2.98097,0
1789392088173,0,1789392088166,-0.297524,-1.01381,-2.98002,0
1789392088221,0,1789392088215,-0.29751,-1.01376,-2.97997,0
1789392088271,0,1789392088263,-0.297565,-1.01371,-2.97973,0
1789392088315,0,1789392088307,-0.297591,-1.01368,-2.98011,0
1789392088378,0,1789392088369,-0.297488,-1.01372,-2.97998,0
1789392088433,0,1789392088424,-0.297392,-1.01375,-2.9803,0
1789392088480,0,1789392088472,-0.297432,-1.01375,-2.98061,0
1789392088526,0,1789392088519,-0.297471,-1.01374,-2.98094,0
1789392088577,0,1789392088569,-0.297441,-1.01372,-2.98135,0
1789392088632,0,1789392088624,-0.297392,-1.0137,-2.98164,0
1789392088681,0,1789392088673,-0.297452,-1.01371,-2.98221,0
1789392088727,0,1789392088720,-0.297552,-1.01373,-2.98213,0
1789392088780,0,1789392088772,-0.297658,-1.01373,-2.98265,0
1789392088834,0,1789392088827,-0.297764,-1.01369,-2.98285,0
1789392088893,0,1789392088885,-0.297856,-1.01364,-2.98367,0
1789392088946,0,1789392088939,-0.297896,-1.01355,-2.98262,0
1789392088999,0,1789392088990,-0.297941,-1.01347,-2.98265,0
1789392089041,0,1789392089034,-0.298006,-1.01345,-2.98253,0
1789392089104,0,1789392089096,-0.298099,-1.01342,-2.98311,0
1789392089147,0,1789392089140,-0.298168,-1.01338,-2.98384,0
1789392089198,0,1789392089190,-0.298247,-1.01334,-2.98328,0
1789392089243,0,1789392089236,-0.298287,-1.01326,-2.98414,0
1789392089297,0,1789392089289,-0.29833,-1.01317,-2.98451,0
1789392089341,0,1789392089335,-0.298333,-1.01314,-2.98441,0
1789392089406,0,1789392089398,-0.298322,-1.01314,-2.98431,0
1789392089450,0,1789392089443,-0.298279,-1.01318,-2.98455,0
1789392089495,0,1789392089487,-0.298213,-1.01326,-2.98458,0
1789392089541,0,1789392089535,-0.298192,-1.01329,-2.98496,0
1789392089595,0,1789392089588,-0.298271,-1.01323,-2.98542,0
1789392089652,0,1789392089643,-0.298334,-1.01317,-2.98499,0
1789392089708,0,1789392089701,-0.29828,-1.01318,-2.9849,0
1789392089757,0,1789392089749,-0.298237,-1.01319,-2.98503,0
1789392089808,0,1789392089800,-0.298357,-1.0132,-2.98479,0
1789392089852,0,1789392089845,-0.298462,-1.01321,-2.98483,0
1789392089907,0,1789392089899,-0.298539,-1.01326,-2.98519,0
1789392089960,0,1789392089953,-0.298602,-1.01332,-2.98495,0
1789392090012,0,1789392090003,-0.298632,-1.01332,-2.98515,0
1789392090056,0,1789392090048,-0.29865,-1.0133,-2.98522,0
1789392090113,0,1789392090105,-0.298628,-1.01329,-2.98534,0
1789392090161,0,1789392090154,-0.298561,-1.01328,-2.98503,0
1789392090215,0,1789392090205,-0.298527,-1.01332,-2.98542,0
1789392090257,0,1789392090250,-0.298559,-1.01342,-2.98597,0
1789392090308,0,1789392090300,-0.298604,-1.0135,-2.98594,0
1789392090354,0,1789392090346,-0.298684,-1.01344,-2.98621,0
1789392090413,0,1789392090406,-0.29879,-1.01336,-2.9867,0
1789392090464,0,1789392090458,-0.298705,-1.01328,-2.98652,0
1789392090517,0,1789392090509,-0.298618,-1.0132,-2.98679,0
1789392090563,0,1789392090555,-0.298602,-1.0132,-2.98689,0
1789392090615,0,1789392090606,-0.298589,-1.01322,-2.98732,0
1789392090667,0,1789392090660,-0.298555,-1.01322,-2.9869,0
1789392090718,0,1789392090710,-0.298514,-1.01321,-2.98704,0
1789392090762,0,1789392090756,-0.29852,-1.01321,-2.9874,0
1789392090815,0,1789392090806,-0.298567,-1.01323,-2.98791,0
1789392090868,0,1789392090860,-0.29859,-1.01323,-2.98776,0
1789392090923,0,1789392090915,-0.298552,-1.01317,-2.98796,0
1789392090975,0,1789392090969,-0.298514,-1.01311,-2.98811,0
1789392091024,0,1789392091016,-0.298471,-1.01309,-2.98729,0
1789392091078,0,1789392091071,-0.29842,-1.01306,-2.98728,0
1789392091129,0,1789392091121,-0.298449,-1.01312,-2.98723,0
1789392091175,0,1789392091167,-0.298475,-1.01317,-2.98747,0
1789392091229,0,1789392091221,-0.298546,-1.01319,-2.98773,0
1789392091279,0,1789392091272,-0.298624,-1.01319,-2.98777,0
1789392091333,0,1789392091324,-0.298667,-1.01319,-2.98757,0
1789392091383,0,1789392091376,-0.298691,-1.01317,-2.98753,0
1789392091435,0,1789392091426,-0.298724,-1.01318,-2.98737,0
1789392091479,0,1789392091472,-0.298763,-1.01319,-2.98756,0
1789392091536,0,1789392091528,-0.2988,-1.01323,-2.98759,0
1789392091594,0,1789392091587,-0.298808,-1.0133,-2.98755,0
1789392091648,0,1789392091640,-0.298817,-1.01334,-2.98741,0
1789392091690,0,1789392091682,-0.298834,-1.01331,-2.98732,0
1789392091742,0,1789392091734,-0.298854,-1.01327,-2.9869,0
1789392091787,0,1789392091779,-0.298805,-1.01322,-2.98692,0
1789392091843,0,1789392091835,-0.298743,-1.01315,-2.9868,0
1789392091896,0,1789392091889,-0.298715,-1.01321,-2.98733,0
1789392091955,0,1789392091947,-0.298694,-1.0133,-2.98805,0
1789392091997,0,1789392091990,-0.298737,-1.0133,-2.9876,0
1789392092050,0,1789392092042,-0.298809,-1.01328,-2.98873,0
1789392092092,0,1789392092086,-0.298809,-1.01326,-2.9882,0
1789392092152,0,1789392092145,-0.298749,-1.01323,-2.98836,0
1789392092203,0,1789392092194,-0.298714,-1.01322,-2.98809,0
1789392092254,0,1789392092247,-0.298701,-1.01322,-2.98812,0
1789392092298,0,1789392092289,-0.29869,-1.0132,-2.98803,0
1789392092350,0,1789392092340,-0.298673,-1.0131,-2.98765,0
1789392092395,0,1789392092388,-0.298657,-1.01301,-2.98797,0
1789392092457,0,1789392092449,-0.298624,-1.01294,-2.98795,0
1789392092499,0,1789392092493,-0.298599,-1.01289,-2.98818,0
1789392092552,0,1789392092544,-0.298605,-1.01291,-2.98819,0
1789392092605,0,1789392092599,-0.298619,-1.01295,-2.98822,0
1789392092663,0,1789392092654,-0.298556,-1.01299,-2.98826,0
1789392092711,0,1789392092705,-0.298455,-1.01302,-2.98848,0
1789392092760,0,1789392092754,-0.298426,-1.01301,-2.9889,0
1789392092808,0,1789392092801,-0.298457,-1.01296,-2.98899,0
1789392092863,0,1789392092855,-0.298483,-1.01292,-2.98864,0
1789392092914,0,1789392092907,-0.298488,-1.01293,-2.98871,0
1789392092965,0,1789392092959,-0.298501,-1.01292,-2.98883,0
1789392093012,0,1789392093003,-0.298551,-1.01285,-2.98864,0
1789392093063,0,1789392093056,-0.298612,-1.01277,-2.98848,0
1789392093114,0,1789392093108,-0.298532,-1.01275,-2.9883,0
1789392093169,0,1789392093160,-0.29845,-1.01274,-2.98901,0
1789392093218,0,1789392093212,-0.298428,-1.01279,-2.98925,0
1789392093271,0,1789392093261,-0.29842,-1.01286,-2.98962,0
1789392093315,0,1789392093307,-0.298459,-1.01286,-2.98979,0
1789392093365,0,1789392093358,-0.298519,-1.01284,-2.98982,0
1789392093416,0,1789392093409,-0.29852,-1.01281,-2.98984,0
1789392093474,0,1789392093466,-0.298453,-1.01279,-2.98931,0
1789392093522,0,1789392093514,-0.298426,-1.01278,-2.98941,0
1789392093571,0,1789392093564,-0.298454,-1.01278,-2.9892,0
1789392093624,0,1789392093617,-0.298469,-1.01279,-2.98936,0
1789392093675,0,1789392093668,-0.298409,-1.01281,-2.98897,0
1789392093729,0,1789392093722,-0.298346,-1.01282,-2.98825,0
1789392093779,0,1789392093771,-0.298332,-1.01292,-2.98847,0
1789392093824,0,1789392093817,-0.29832,-1.01302,-2.98831,0
1789392093878,0,1789392093869,-0.298346,-1.01305,-2.98827,0
1789392093923,0,1789392093915,-0.298376,-1.01307,-2.9886,0
1789392093981,0,1789392093973,-0.298432,-1.0131,-2.98864,0
1789392094032,0,1789392094022,-0.29849,-1.01313,-2.98852,0
1789392094078,0,1789392094070,-0.298484,-1.01311,-2.98865,0
1789392094129,0,1789392094121,-0.298419,-1.01305,-2.98855,0
1789392094185,0,1789392094176,-0.298394,-1.01301,-2.98824,0
1789392094230,0,1789392094222,-0.298455,-1.01304,-2.98822,0
1789392094285,0,1789392094277,-0.298507,-1.01307,-2.98814,0
1789392094338,0,1789392094330,-0.298431,-1.01306,-2.988,0
1789392094387,0,1789392094378,-0.298364,-1.01305,-2.9886,0
1789392094429,0,1789392094423,-0.298252,-1.01307,-2.98877,0
1789392094482,0,1789392094474,-0.298123,-1.01308,-2.98865,0
1789392094535,0,1789392094527,-0.298106,-1.01306,-2.98827,0
1789392094592,0,1789392094585,-0.298121,-1.01303,-2.98729,0
1789392094643,0,1789392094636,-0.298147,-1.01304,-2.98718,0
1789392094692,0,1789392094685,-0.298179,-1.01307,-2.98712,0
1789392094738,0,1789392094732,-0.298181,-1.01311,-2.98678,0
1789392094791,0,1789392094784,-0.298156,-1.01314,-2.9863,0
1789392094844,0,1789392094837,-0.298155,-1.01316,-2.98589,0
1789392094898,0,1789392094889,-0.298206,-1.01315,-2.9863,0
1789392094950,0,1789392094942,-0.29825,-1.01314,-2.9861,0
1789392094997,0,1789392094990,-0.298248,-1.01314,-2.98603,0
1789392095046,0,1789392095038,-0.298246,-1.01314,-2.98701,0
1789392095099,0,1789392095090,-0.298166,-1.01302,-2.98744,0
1789392095152,0,1789392095144,-0.29808,-1.01289,-2.98738,0
1789392095204,0,1789392095195,-0.298045,-1.01288,-2.98745,0
1789392095248,0,1789392095240,-0.298023,-1.01288,-2.98746,0
1789392095297,0,1789392095290,-0.298058,-1.01285,-2.98718,0
1789392095354,0,1789392095348,-0.298132,-1.01281,-2.98716,0
1789392095406,0,1789392095397,-0.298248,-1.01281,-2.98675,0
1789392095450,0,1789392095444,-0.298405,-1.01285,-2.98669,0
1789392095505,0,1789392095496,-0.298546,-1.01291,-2.9861,0
1789392095555,0,1789392095548,-0.298615,-1.01301,-2.98579,0
1789392095607,0,1789392095599,-0.298681,-1.01309,-2.98633,0
1789392095652,0,1789392095644,-0.29873,-1.01308,-2.98665,0
1789392095706,0,1789392095694,-0.298786,-1.01308,-2.98637,0
1789392095751,0,1789392095741,-0.298801,-1.01309,-2.98644,0
1789392095809,0,1789392095800,-0.298821,-1.01311,-2.98683,0
1789392095860,0,1789392095850,-0.298836,-1.01307,-2.9866,0
1789392095911,0,1789392095904,-0.298853,-1.01301,-2.98724,0
1789392095964,0,1789392095957,-0.298808,-1.01302,-2.98692,0
1789392096017,0,1789392096009,-0.298731,-1.01305,-2.98674,0
1789392096059,0,1789392096053,-0.298747,-1.01307,-2.98736,0
1789392096112,0,1789392096102,-0.298829,-1.01308,-2.98688,0
1789392096158,0,1789392096149,-0.298892,-1.01309,-2.98698,0
1789392096215,0,1789392096205,-0.298934,-1.01307,-2.98696,0
1789392096272,0,1789392096264,-0.298975,-1.01307,-2.98706,0
1789392096325,0,1789392096315,-0.298987,-1.01313,-2.98693,0
1789392096369,0,1789392096360,-0.298997,-1.01319,-2.98657,0
1789392096423,0,1789392096412,-0.29901,-1.01318,-2.98644,0
1789392096468,0,1789392096460,-0.299023,-1.01317,-2.9862,0
1789392096525,0,1789392096519,-0.299002,-1.01319,-2.98594,0
1789392096578,0,1789392096571,-0.298972,-1.01322,-2.986,0
1789392096630,0,1789392096620,-0.298973,-1.01325,-2.98628,0
1789392096676,0,1789392096667,-0.298988,-1.01329,-2.98663,0
1789392096731,0,1789392096721,-0.299041,-1.01331,-2.98636,0
1789392096772,0,1789392096766,-0.299117,-1.0133,-2.98644,0
1789392096833,0,1789392096824,-0.299233,-1.0133,-2.98605,0
1789392096887,0,1789392096878,-0.299372,-1.01331,-2.98606,0
1789392096945,0,1789392096938,-0.299505,-1.01331,-2.98626,0
1789392096991,0,1789392096983,-0.299504,-1.01326,-2.98618,0
1789392097042,0,1789392097034,-0.299503,-1.01319,-2.98562,0
1789392097087,0,1789392097079,-0.299516,-1.01313,-2.98627,0
1789392097137,0,1789392097131,-0.299531,-1.01306,-2.9865,0
1789392097186,0,1789392097178,-0.299477,-1.01311,-2.98642,0
1789392097245,0,1789392097239,-0.299397,-1.01319,-2.98677,0
1789392097287,0,1789392097282,-0.299377,-1.01317,-2.98643,0
1789392097349,0,1789392097341,-0.299363,-1.01311,-2.98659,0
1789392097393,0,1789392097387,-0.299398,-1.01307,-2.98645,0
1789392097444,0,1789392097436,-0.299472,-1.01304,-2.98625,0
1789392097489,0,1789392097483,-0.299532,-1.01301,-2.9863,0
1789392097544,0,1789392097536,-0.299581,-1.01299,-2.98732,0
1789392097595,0,1789392097588,-0.299627,-1.01299,-2.98726,0
1789392097657,0,1789392097642,-0.299668,-1.01311,-2.98781,0
1789392097702,0,1789392097695,-0.299709,-1.01323,-2.98779,0
1789392097754,0,1789392097744,-0.299681,-1.01325,-2.98766,0
1789392097798,0,1789392097789,-0.299655,-1.01328,-2.98746,0
1789392097852,0,1789392097842,-0.299626,-1.01321,-2.98747,0
1789392097898,0,1789392097890,-0.2996,-1.01314,-2.98756,0
1789392097959,0,1789392097950,-0.29963,-1.01317,-2.98763,0
1789392098004,0,1789392097996,-0.299689,-1.01325,-2.98778,0
1789392098055,0,1789392098047,-0.299625,-1.01324,-2.98737,0
1789392098100,0,1789392098092,-0.299456,-1.01315,-2.98776,0
1789392098155,0,1789392098149,-0.299316,-1.01307,-2.98781,0
1789392098206,0,1789392098199,-0.299361,-1.01309,-2.98788,0
1789392098255,0,1789392098248,-0.2994,-1.01309,-2.98792,0
1789392098304,0,1789392098296,-0.299412,-1.01303,-2.98787,0
1789392098357,0,1789392098349,-0.299425,-1.01296,-2.98782,0
1789392098405,0,1789392098398,-0.299332,-1.0129,-2.9881,0
1789392098458,0,1789392098451,-0.299229,-1.01284,-2.98811,0
1789392098505,0,1789392098496,-0.299169,-1.01285,-2.98843,0
1789392098560,0,1789392098554,-0.29909,-1.01287,-2.9884,0
1789392098617,0,1789392098608,-0.299052,-1.01296,-2.98807,0
1789392098668,0,1789392098659,-0.299036,-1.01307,-2.98814,0
1789392098711,0,1789392098704,-0.298992,-1.01316,-2.98827,0
1789392098763,0,1789392098755,-0.298916,-1.01325,-2.98776,0
1789392098816,0,1789392098809,-0.29891,-1.01332,-2.98749,0
1789392098868,0,1789392098859,-0.299055,-1.01332,-2.98773,0
1789392098913,0,1789392098905,-0.299158,-1.01333,-2.98819,0
1789392098963,0,1789392098956,-0.29913,-1.01331,-2.98819,0
1789392099019,0,1789392099010,-0.299101,-1.0133,-2.98815,0
1789392099077,0,1789392099068,-0.299059,-1.01323,-2.98816,0
1789392099128,0,1789392099120,-0.299021,-1.01317,-2.98834,0
1789392099184,0,1789392099176,-0.298985,-1.01316,-2.98818,0
1789392099229,0,1789392099221,-0.298958,-1.01317,-2.9882,0
1789392099279,0,1789392099272,-0.298935,-1.01316,-2.98832,0
1789392099323,0,1789392099317,-0.298918,-1.01314,-2.98826,0
1789392099377,0,1789392099369,-0.298902,-1.0131,-2.98864,0
1789392099431,0,1789392099423,-0.298889,-1.01306,-2.98858,0
1789392099493,0,1789392099485,-0.298918,-1.013,-2.98886,0
