cycle,node,pts,zed_pts,R,energy,cx,cy,yaw,w,d,s_cx,s_cy,s_yaw,s_w,s_d
2,residual_3,86,0,0.0009,0.0746598,-0.943753,2.29827,0.0446401,0.400293,0.374087,0.0320621,0.0389102,0.204504,0.0375304,0.0559831
2,residual_2,140,0,0.0009,0.0955848,-0.275208,0.209364,0.0469717,0.3986,0.376655,0.0376255,0.0313048,0.20169,0.0543672,0.0348533
2,residual_1,55,0,0.0009,0.690957,2.48698,-1.93409,0.00811092,0.721616,0.05,0.225383,0.0552672,0.254258,0.447354,0.0401617
2,residual_6,37,0,0.0009,0.160741,-3.34741,-0.378634,-1.15056,1.41283,0.227137,0.0986533,0.209407,0.200714,0.447897,0.0468744
2,residual_5,14,0,0.0009,0.0301164,-2.38458,-1.18206,-0.714357,0.143713,0.0643444,0.173107,0.151506,0.596686,0.447656,0.0588884
2,residual_4,66,0,0.0009,0.322176,0.206,-1.98989,-0.749403,0.463035,0.238263,0.0317976,0.0317376,0.218365,0.0371594,0.0361781
3,residual_3,86,0,0.0009,0.0720481,-0.945481,2.29842,0.0504742,0.405909,0.374846,0.0303237,0.033818,0.145422,0.0266954,0.0359051
2,residual_8,16,0,0.0009,0.0224869,-2.36393,0.115802,-1.17418,0.190892,0.05,0.0936192,0.209863,0.472594,0.447655,0.0554498
3,residual_2,140,0,0.0009,0.0864911,-0.273683,0.207213,0.0223253,0.394271,0.385632,0.0325909,0.0294602,0.143246,0.0324373,0.0258999
2,residual_7,9,0,0.0009,0.0138801,-3.74446,-1.1752,-1.45299,0.195219,0.05,0.0464774,0.055685,0.924532,0.0979044,0.075594
3,residual_1,53,0,0.0009,0.699339,2.45993,-1.94769,-0.0547544,0.711373,0.05,0.222762,0.0470483,0.1886,0.442363,0.0308127
3,residual_6,37,0,0.0009,0.157483,-3.34699,-0.379268,-1.15002,1.41324,0.226673,0.0973293,0.207826,0.142599,0.447704,0.0333102
3,residual_5,14,0,0.0009,0.0339864,-2.38101,-1.18537,-0.69836,0.133953,0.0586592,0.169011,0.146621,0.449487,0.437516,0.0449878
3,residual_4,66,0,0.0009,0.317739,0.204982,-1.98961,-0.71948,0.463442,0.238634,0.0302365,0.0297412,0.155039,0.0265386,0.0257041
4,residual_3,86,0,0.0009,0.0871947,-0.944682,2.29855,0.0538355,0.402128,0.37506,0.0291763,0.0314947,0.119033,0.0220165,0.0304965
3,residual_8,16,0,0.0009,0.0180649,-2.3707,0.136972,-1.19532,0.23544,0.05,0.0915072,0.209053,0.341649,0.446801,0.0382225
4,residual_2,140,0,0.0009,0.0889464,-0.273303,0.206307,0.0139306,0.39341,0.387303,0.0305881,0.0281752,0.117269,0.025459,0.0214578
3,residual_7,9,0,0.0009,0.0169652,-3.74598,-1.17484,-1.30832,0.193308,0.05,0.0404166,0.0472748,0.688411,0.0754086,0.0519914
4,residual_1,53,0,0.0009,0.710204,2.43356,-1.95463,-0.0797035,0.696824,0.05,0.219176,0.0413351,0.153128,0.435442,0.024727
4,residual_6,37,0,0.0009,0.175155,-3.34722,-0.379438,-1.14854,1.41326,0.22606,0.0966602,0.207041,0.11676,0.447615,0.0273949
4,residual_5,14,0,0.0009,0.0350391,-2.40945,-1.15958,-0.682025,0.214995,0.0530488,0.168765,0.144496,0.331863,0.436088,0.0328831
4,residual_4,66,0,0.0009,0.331917,0.203861,-1.98866,-0.690814,0.460787,0.242176,0.0291294,0.0283644,0.126837,0.0219205,0.0211841
5,residual_3,86,0,0.0009,0.0768938,-0.944994,2.29859,0.0570842,0.402461,0.375552,0.0283577,0.0298985,0.103365,0.0193555,0.0271082
4,residual_8,16,0,0.0009,0.0223028,-2.36815,0.135111,-1.2442,0.230533,0.05,0.08731,0.206307,0.281222,0.439599,0.0310347
5,residual_2,140,0,0.0009,0.0894867,-0.272548,0.20493,0.011531,0.391806,0.389994,0.0293437,0.0272996,0.101827,0.0218239,0.0193003
4,residual_7,9,0,0.0009,0.0158683,-3.74738,-1.17525,-1.28619,0.192739,0.05,0.0368057,0.0413788,0.575935,0.0614148,0.0425988
5,residual_1,53,0,0.0009,0.710492,2.41003,-1.95794,-0.0920998,0.686301,0.05,0.214155,0.0374187,0.129238,0.425557,0.0213605
5,residual_6,37,0,0.0009,0.180041,-3.34711,-0.379162,-1.14732,1.41322,0.226306,0.0962827,0.206571,0.101412,0.447559,0.023974
5,residual_5,14,0,0.0009,0.0294153,-2.40872,-1.16034,-0.703322,0.216476,0.0543127,0.168519,0.144103,0.291257,0.436011,0.029
5,residual_4,66,0,0.0009,0.316307,0.201691,-1.98691,-0.652128,0.458683,0.24472,0.0283244,0.0273918,0.10983,0.0193271,0.0186259
6,residual_3,86,0,0.0009,0.0823091,-0.945609,2.29842,0.0581796,0.404214,0.375425,0.0277585,0.0287669,0.0927533,0.0176512,0.0247658
5,residual_8,16,0,0.0009,0.0313388,-2.3688,0.13603,-1.25379,0.232863,0.05,0.0837733,0.203876,0.244626,0.433108,0.0273564
6,residual_2,140,0,0.0009,0.0922235,-0.271166,0.204023,-1.56121,0.392092,0.388333,0.0283705,0.0266313,0.0913509,0.0194955,0.0176494
5,residual_7,9,0,0.0009,0.0191343,-3.74784,-1.17468,-1.28758,0.192791,0.05,0.0341826,0.0395229,0.445431,0.0596828,0.0366072
6,residual_1,53,0,0.0009,0.682921,2.39441,-1.95756,-0.0849252,0.685603,0.05,0.212586,0.035091,0.113924,0.422649,0.0189678
6,residual_6,37,0,0.0009,0.179017,-3.34613,-0.381296,-1.14684,1.41414,0.227238,0.096094,0.20637,0.0909993,0.447544,0.0217277
6,residual_5,14,0,0.0009,0.0315301,-2.4011,-1.1662,-0.723258,0.200396,0.0542559,0.166976,0.143649,0.25182,0.433469,0.0252737
6,residual_4,66,0,0.0009,0.297884,0.200001,-1.98536,-0.62539,0.456864,0.247463,0.0277313,0.0266948,0.0983621,0.0176694,0.0169814
7,residual_3,86,0,0.0009,0.0753471,-0.945945,2.29799,0.0597485,0.404552,0.376115,0.027314,0.0279485,0.0849885,0.0164838,0.0230904
6,residual_8,16,0,0.0009,0.0284301,-2.36849,0.135949,-1.26176,0.232047,0.05,0.0807057,0.201727,0.218808,0.427319,0.0248416
7,residual_2,140,0,0.0009,0.0874403,-0.271746,0.202834,-1.5626,0.394826,0.389201,0.0277432,0.0261821,0.083703,0.0182618,0.0169209
6,residual_7,9,0,0.0009,0.0140229,-3.74911,-1.17473,-1.30964,0.193858,0.05,0.0324437,0.0384239,0.371849,0.0587052,0.0326
7,residual_1,53,0,0.0009,0.649324,2.37894,-1.95773,-0.0843993,0.684765,0.05,0.211562,0.0335211,0.102537,0.420782,0.0173167
7,residual_6,37,0,0.0009,0.168501,-3.34539,-0.383212,-1.14679,1.41491,0.227179,0.0959697,0.206228,0.0833965,0.447537,0.0201496
7,residual_5,14,0,0.0009,0.0369162,-2.39947,-1.16758,-0.740407,0.197904,0.0562386,0.16058,0.139654,0.233591,0.416632,0.0236109
7,residual_4,66,0,0.0009,0.299526,0.198234,-1.98434,-0.60826,0.454903,0.248651,0.0272894,0.026191,0.0900832,0.0165097,0.0158754
8,residual_3,86,0,0.0009,0.0785027,-0.94607,2.29804,0.0596637,0.404401,0.375991,0.026982,0.0272254,0.0790599,0.0156597,0.0210786
7,residual_8,16,0,0.0009,0.035265,-2.36819,0.13549,-1.26362,0.231033,0.0505922,0.0782818,0.200193,0.200385,0.423005,0.0227833
8,residual_2,140,0,0.0009,0.083317,-0.271997,0.201799,-1.56277,0.396643,0.389273,0.027287,0.0258468,0.0778495,0.0171617,0.016155
7,residual_7,9,0,0.0009,0.0183131,-3.74934,-1.17472,-1.32608,0.194574,0.05,0.0312198,0.0378051,0.328243,0.0582157,0.0298267
8,residual_1,53,0,0.0009,0.597494,2.36667,-1.95658,-0.0764543,0.686528,0.05,0.211176,0.0323471,0.0938177,0.420131,0.0161851
8,residual_6,37,0,0.0009,0.171477,-3.34812,-0.377607,-1.14684,1.43172,0.227359,0.0958856,0.206128,0.0775668,0.447534,0.0189967
8,residual_5,14,0,0.0009,0.0305941,-2.39875,-1.16801,-0.739591,0.197221,0.0560385,0.159518,0.139754,0.217873,0.415443,0.0220769
8,residual_4,66,0,0.0009,0.304605,0.196925,-1.98366,-0.595362,0.45382,0.249865,0.0269609,0.0258232,0.0836538,0.0157188,0.015085
9,residual_3,86,0,0.0009,0.0879472,-0.945662,2.29832,0.0599954,0.403091,0.375549,0.0267325,0.026799,0.0743425,0.0150627,0.0202044
8,residual_8,16,0,0.0009,0.0222335,-2.36653,0.133699,-1.2746,0.22655,0.05,0.0758548,0.198495,0.185922,0.418299,0.0212822
9,residual_2,140,0,0.0009,0.0907245,-0.271949,0.20114,-1.56383,0.397377,0.389292,0.0269621,0.0256409,0.0732004,0.0167917,0.0155884
8,residual_7,9,0,0.0009,0.0180286,-3.74923,-1.17437,-1.33168,0.194792,0.05,0.0303344,0.0374665,0.297347,0.0578991,0.0277855
9,residual_1,53,0,0.0009,0.523894,2.35451,-1.95575,-0.0714261,0.688045,0.05,0.211031,0.0314504,0.0868964,0.419913,0.0153355
9,residual_6,37,0,0.0009,0.178412,-3.34738,-0.378633,-1.146,1.4322,0.228114,0.0958527,0.206043,0.0729419,0.447533,0.0181325
9,residual_5,14,0,0.0009,0.0224449,-2.39901,-1.16817,-0.75152,0.198817,0.0569137,0.158093,0.139804,0.20592,0.413772,0.0211237
9,residual_4,66,0,0.0009,0.306584,0.195801,-1.98315,-0.586729,0.452988,0.250648,0.0267146,0.025554,0.078558,0.0151427,0.0145158
10,residual_3,86,0,0.0009,0.0767622,-0.94607,2.29823,0.0607362,0.403975,0.375442,0.0265446,0.0264817,0.070494,0.0146204,0.0195259
9,residual_8,16,0,0.0009,0.022047,-2.36586,0.132907,-1.2773,0.224773,0.05,0.0738458,0.197199,0.171844,0.414555,0.0203107
10,residual_2,140,0,0.0009,0.0882372,-0.271588,0.200518,-1.56412,0.398431,0.387949,0.0267136,0.0254736,0.0694267,0.016269,0.0150613
9,residual_7,9,0,0.0009,0.0145053,-3.74912,-1.17419,-1.33286,0.194934,0.05,0.029684,0.0373012,0.274348,0.0577298,0.0262198
10,residual_1,53,0,0.0009,0.451067,2.34463,-1.95426,-0.0628037,0.689253,0.05,0.211041,0.0306963,0.0814223,0.419957,0.0147277
10,residual_6,37,0,0.0009,0.160649,-3.34787,-0.377592,-1.14623,1.43186,0.227702,0.0958048,0.205918,0.0691879,0.447535,0.0174679
10,residual_5,14,0,0.0009,0.0275422,-2.39372,-1.17194,-0.762383,0.187017,0.0569669,0.156358,0.139784,0.19565,0.41146,0.0201709
10,residual_4,66,0,0.0009,0.295419,0.194665,-1.98293,-0.579466,0.452167,0.251555,0.0265291,0.0253565,0.0744006,0.0147159,0.0141003
11,residual_3,86,0,0.0009,0.0846171,-0.946242,2.2979,0.0625736,0.403991,0.375265,0.0264022,0.0262432,0.0673013,0.0142899,0.018979
10,residual_8,16,0,0.0009,0.0219305,-2.36474,0.131629,-1.28363,0.221514,0.0502004,0.0719526,0.195958,0.162475,0.411004,0.0193909
11,residual_2,140,0,0.0009,0.0841892,-0.271557,0.199765,-1.56357,0.399428,0.387594,0.0265371,0.0253515,0.0662942,0.0158693,0.0147643
10,residual_7,9,0,0.0009,0.019971,-3.74893,-1.17485,-1.35895,0.194385,0.05,0.0290893,0.0343411,0.264253,0.0498652,0.0247716
11,residual_1,53,0,0.0009,0.38335,2.32999,-1.95353,-0.0588967,0.681431,0.05,0.209848,0.0299907,0.0767685,0.417534,0.0142589
11,residual_6,37,0,0.0009,0.182733,-3.34713,-0.378338,-1.14539,1.43227,0.228046,0.0958227,0.205878,0.0660691,0.447539,0.0169508
11,residual_5,14,0,0.0009,0.0311726,-2.39362,-1.17195,-0.776139,0.187862,0.0572091,0.154162,0.139601,0.187044,0.408171,0.0195743
11,residual_4,66,0,0.0009,0.298362,0.193728,-1.98272,-0.572091,0.451418,0.252473,0.0263901,0.0252104,0.0709668,0.0143971,0.0137913
12,residual_3,86,0,0.0009,0.0702181,-0.946511,2.29793,0.0626551,0.404321,0.375261,0.0262949,0.0262541,0.0646045,0.0140414,0.0195658
11,residual_8,16,0,0.0009,0.0259492,-2.36378,0.130477,-1.29676,0.218736,0.0502235,0.0698557,0.194368,0.154495,0.406629,0.0186695
12,residual_2,140,0,0.0009,0.0889862,-0.271305,0.199257,-1.56297,0.399856,0.386816,0.0264087,0.0252527,0.0636637,0.015481,0.0145624
11,residual_7,9,0,0.0009,0.0159422,-3.74966,-1.17532,-1.36165,0.193933,0.05,0.0286283,0.032499,0.256446,0.0446956,0.0238635
12,residual_1,53,0,0.0009,0.329257,2.32039,-1.95332,-0.056686,0.682043,0.05,0.209839,0.029485,0.0729671,0.417501,0.0139303
2,residual_9,177,0,0.0009,0.118615,4.74187,-0.701041,-1.57043,0.545105,0.478482,0.0304336,0.0307176,0.199448,0.0329111,0.0317722
12,residual_6,37,0,0.0009,0.179326,-3.34645,-0.379199,-1.14517,1.43263,0.228782,0.0958509,0.205848,0.0634463,0.447547,0.0165478
12,residual_5,14,0,0.0009,0.0254663,-2.39335,-1.17204,-0.785151,0.18812,0.057281,0.151869,0.139365,0.179485,0.404626,0.0190831
12,residual_4,67,0,0.0009,0.328476,0.192608,-1.98216,-0.566929,0.451723,0.252752,0.0262838,0.025103,0.0680593,0.0141553,0.0135621
13,residual_3,86,0,0.0009,0.0694967,-0.946154,2.298,0.0626437,0.40355,0.375298,0.026213,0.0260781,0.0623179,0.0138534,0.0190129
12,residual_8,16,0,0.0009,0.0114451,-2.36313,0.129829,-1.30004,0.216895,0.05,0.0680374,0.193083,0.147728,0.403006,0.0180984
13,residual_2,142,0,0.0009,0.0849102,-0.271349,0.198675,-1.56317,0.400732,0.387129,0.0263107,0.0251901,0.0614239,0.0152749,0.0143828
12,residual_7,9,0,0.0009,0.0209317,-3.74981,-1.17561,-1.37502,0.193857,0.05,0.0282997,0.0312474,0.248936,0.0409575,0.0230954
13,residual_1,53,0,0.0009,0.274941,2.3116,-1.95298,-0.0537865,0.682786,0.05,0.209493,0.0290232,0.0697145,0.41677,0.013686
3,residual_9,178,0,0.0009,0.0994397,4.74196,-0.701171,1.56259,0.543573,0.478183,0.0292313,0.0290148,0.141674,0.0235995,0.0226116
13,residual_6,37,0,0.0009,0.165321,-3.34692,-0.378017,-1.14554,1.43231,0.22867,0.0958488,0.205775,0.0612203,0.447558,0.0162233
13,residual_5,14,0,0.0009,0.0254797,-2.39423,-1.17185,-0.786775,0.190148,0.0579223,0.149987,0.139268,0.172566,0.40185,0.0186844
13,residual_4,66,0,0.0009,0.297012,0.192018,-1.98195,-0.562566,0.451061,0.253092,0.0262044,0.0250239,0.0655827,0.0139765,0.0133907
14,residual_3,86,0,0.0009,0.0708922,-0.945897,2.29825,0.0621555,0.402825,0.375527,0.0261508,0.0259429,0.0603524,0.013711,0.0185644
13,residual_8,16,0,0.0009,0.0250189,-2.36222,0.129184,-1.29026,0.21494,0.05,0.0669355,0.192602,0.14045,0.401376,0.0174227
14,residual_2,140,0,0.0009,0.0859325,-0.271051,0.198152,-1.56441,0.401475,0.386493,0.0262274,0.0251425,0.059501,0.0150965,0.0141437
13,residual_7,9,0,0.0009,0.0181792,-3.75062,-1.17553,-1.38872,0.193998,0.05,0.0280459,0.0303707,0.241839,0.0381204,0.0224652
14,residual_1,53,0,0.0009,0.227914,2.17502,-1.94527,-0.0512599,0.425526,0.05,0.209463,0.0285606,0.0669252,0.41668,0.0134768
4,residual_9,176,0,0.0009,0.119053,4.74162,-0.700932,1.56238,0.542714,0.47992,0.0283615,0.0278258,0.116007,0.0194767,0.0187368
14,residual_6,37,0,0.0009,0.161837,-3.34725,-0.376998,-1.14579,1.432,0.229093,0.0958483,0.205728,0.059308,0.447576,0.0159661
14,residual_5,14,0,0.0009,0.022719,-2.39278,-1.1723,-0.788636,0.187739,0.0572081,0.148402,0.139261,0.166533,0.399613,0.0183418
14,residual_4,66,0,0.0009,0.30007,0.191506,-1.98177,-0.558641,0.450454,0.253237,0.0261443,0.0249655,0.063451,0.0138406,0.0132621
15,residual_3,86,0,0.0009,0.0855105,-0.945807,2.29829,0.0621705,0.402544,0.375525,0.0261038,0.0260291,0.0586424,0.0136024,0.0191732
14,residual_8,16,0,0.0009,0.0166857,-2.36233,0.129447,-1.29257,0.215303,0.05,0.0659558,0.192207,0.135379,0.399976,0.0172033
15,residual_2,140,0,0.0009,0.0817765,-0.270821,0.197904,-1.56396,0.401707,0.386123,0.0261734,0.0251075,0.0578358,0.0149539,0.0140568
14,residual_7,9,0,0.0009,0.0169276,-3.74998,-1.17567,-1.39851,0.193431,0.05,0.0278665,0.0297176,0.235208,0.0358338,0.0218541
15,residual_1,53,0,0.0009,0.19194,2.1769,-1.94605,-0.0482243,0.444542,0.05,0.208586,0.0281595,0.064531,0.414868,0.0132965
5,residual_9,175,0,0.0009,0.0958968,4.74119,-0.70045,1.55934,0.541381,0.480825,0.0277239,0.026981,0.100764,0.0171484,0.0165972
15,residual_6,37,0,0.0009,0.165709,-3.34787,-0.37648,-1.14577,1.43176,0.228792,0.0958547,0.205699,0.0576529,0.447598,0.015765
15,residual_5,14,0,0.0009,0.0344427,-2.39567,-1.17145,-0.79646,0.193708,0.0594482,0.146731,0.139217,0.161536,0.39718,0.0182894
15,residual_4,66,0,0.0009,0.307288,0.190824,-1.98159,-0.557009,0.449656,0.25377,0.0260974,0.0249227,0.0616185,0.0137216,0.0131716
16,residual_3,86,0,0.0009,0.0718848,-0.945861,2.29829,0.0621124,0.402648,0.375524,0.0260681,0.0261265,0.0571519,0.0135198,0.0197656
15,residual_8,16,0,0.0009,0.0186973,-2.36226,0.129423,-1.29438,0.215067,0.0500841,0.0650817,0.191893,0.130797,0.398797,0.0170138
16,residual_2,140,0,0.0009,0.0880457,-0.270836,0.197485,-1.56397,0.402197,0.386206,0.026133,0.0251169,0.0563821,0.0151234,0.0139915
15,residual_7,9,0,0.0009,0.0189419,-3.74949,-1.17539,-1.40076,0.193648,0.05,0.0276975,0.0292385,0.230092,0.0340347,0.0213455
16,residual_1,53,0,0.0009,0.166161,2.17066,-1.94637,-0.0443534,0.445775,0.05,0.208488,0.0278148,0.0624558,0.414624,0.0131634
6,residual_9,183,0,0.0009,0.0926123,4.7407,-0.700142,1.55501,0.540566,0.481907,0.0272519,0.0263722,0.0904364,0.0156668,0.0152645
16,residual_6,37,0,0.0009,0.155002,-3.34809,-0.37582,-1.14607,1.43159,0.229166,0.0958568,0.205683,0.0562113,0.44762,0.0155981
16,residual_5,14,0,0.0009,0.0259357,-2.39561,-1.17152,-0.797765,0.193791,0.0597524,0.145318,0.139253,0.156666,0.395231,0.018023
16,residual_4,66,0,0.0009,0.285702,0.190454,-1.98148,-0.554056,0.449279,0.253862,0.0260637,0.0248906,0.06,0.0136475,0.0130959
17,residual_3,86,0,0.0009,0.0723281,-0.945708,2.29819,0.0623891,0.402318,0.375461,0.0260404,0.0259873,0.0558518,0.0134566,0.0191748
16,residual_8,16,0,0.0009,0.0413261,-2.3625,0.129626,-1.27922,0.215752,0.05,0.0647884,0.191924,0.125773,0.398655,0.0166355
17,residual_2,140,0,0.0009,0.0879475,-0.270775,0.197319,-1.56449,0.402076,0.38638,0.0261026,0.0251023,0.0551124,0.0150647,0.0139413
16,residual_7,9,0,0.0009,0.0124303,-3.74875,-1.17545,-1.40027,0.193315,0.05,0.0275731,0.028865,0.22478,0.0325122,0.0210135
17,residual_1,53,0,0.0009,0.138878,2.16265,-1.94665,-0.0416437,0.442766,0.05,0.207909,0.027497,0.0606341,0.4134,0.0130508
2,residual_11,189,0,0.0009,0.821802,2.01408,0.790832,1.36323,0.410518,0.271735,0.0301242,0.0301531,0.199692,0.0307737,0.0306357
2,residual_10,216,0,0.0009,0.855267,2.26734,-0.217421,1.53793,0.741037,0.24992,0.0301536,0.0302832,0.198842,0.0312756,0.030596
7,residual_9,176,0,0.0009,0.0955277,4.74062,-0.700078,1.5532,0.539286,0.482084,0.0268996,0.025933,0.0828967,0.0147022,0.0143656
17,residual_6,37,0,0.0009,0.164097,-3.34863,-0.375459,-1.14646,1.43145,0.229672,0.0958514,0.205679,0.054949,0.447638,0.015469
17,residual_5,14,0,0.0009,0.0304623,-2.39466,-1.17177,-0.797931,0.192265,0.0593279,0.144171,0.13936,0.151989,0.393763,0.0176738
17,residual_4,66,0,0.0009,0.286057,0.189544,-1.98103,-0.547298,0.447274,0.255103,0.0260363,0.0248664,0.0585888,0.0135693,0.0130434
18,residual_3,86,0,0.0009,0.0924033,-0.946064,2.29817,0.0624601,0.403109,0.37542,0.0260193,0.0258793,0.0547073,0.0134089,0.0186966
17,residual_8,16,0,0.0009,0.012177,-2.36196,0.129464,-1.28239,0.2151,0.05,0.0644537,0.191942,0.122222,0.398459,0.0164452
18,residual_2,140,0,0.0009,0.0923975,-0.27056,0.196941,-1.56445,0.402679,0.385975,0.0260941,0.0251173,0.0539916,0.0152183,0.0140421
17,residual_7,9,0,0.0009,0.0154839,-3.74925,-1.17572,-1.40396,0.1933,0.05,0.0274837,0.0285782,0.220006,0.0312456,0.0207085
18,residual_1,53,0,0.0009,0.11623,2.16339,-1.94679,-0.0391372,0.455648,0.05,0.20735,0.0272278,0.0590474,0.412227,0.0129948
3,residual_11,191,0,0.0009,0.801426,2.01378,0.790704,1.36057,0.410922,0.271416,0.0290033,0.0286012,0.141839,0.0219161,0.0218229
3,residual_10,218,0,0.0009,0.855387,2.26726,-0.217689,1.53785,0.73965,0.249313,0.0290255,0.0286954,0.141256,0.0222723,0.021795
8,residual_9,175,0,0.0009,0.0926958,4.74038,-0.699849,1.55115,0.538111,0.48276,0.0266367,0.0256119,0.0771148,0.014027,0.0137553
18,residual_6,37,0,0.0009,0.179625,-3.34871,-0.374803,-1.14632,1.43131,0.229223,0.0958541,0.20568,0.0538388,0.447662,0.0153638
18,residual_5,14,0,0.0009,0.0387561,-2.39368,-1.17199,-0.796087,0.190734,0.0590369,0.143326,0.139522,0.147629,0.392811,0.0173885
18,residual_4,66,0,0.0009,0.301182,0.18923,-1.98093,-0.545964,0.447166,0.255648,0.0260184,0.0248485,0.0573321,0.0135344,0.012995
19,residual_3,86,0,0.0009,0.0808048,-0.945949,2.29814,0.0626503,0.402531,0.37542,0.0260039,0.0257953,0.0536956,0.0133772,0.0183058
2,residual_12,19,0,0.0009,0.0944218,2.2777,-0.981794,-0.030016,0.358943,0.05,0.0365681,0.0318709,0.230495,0.0515225,0.0370532
18,residual_8,16,0,0.0009,0.0225823,-2.36207,0.129457,-1.28564,0.215195,0.05,0.0640827,0.191945,0.118979,0.398212,0.0162866
19,residual_2,140,0,0.0009,0.0893703,-0.270865,0.197078,-1.56422,0.402108,0.387039,0.0260891,0.0250923,0.0530031,0.0150528,0.0141239
18,residual_7,9,0,0.0009,0.0180156,-3.75151,-1.1761,-1.39933,0.192869,0.05,0.027508,0.028366,0.215827,0.0301532,0.0211492
19,residual_1,53,0,0.0009,0.10114,2.15789,-1.9468,-0.0365444,0.456829,0.05,0.207211,0.026988,0.0576324,0.411898,0.0129321
4,residual_11,193,0,0.0009,0.815022,2.01384,0.790707,1.36074,0.410755,0.27141,0.0281867,0.0275153,0.116122,0.0181615,0.0180833
4,residual_10,216,0,0.0009,0.865665,2.26722,-0.21751,1.53771,0.740092,0.249116,0.0282038,0.0275864,0.115659,0.0184526,0.0180645
9,residual_9,176,0,0.0009,0.113394,4.74053,-0.699512,1.55051,0.537467,0.48218,0.0264383,0.0253781,0.0725261,0.0135605,0.0133124
19,residual_6,37,0,0.0009,0.172956,-3.34807,-0.375946,-1.14645,1.43156,0.229397,0.0958734,0.205733,0.0528553,0.447687,0.0152792
19,residual_5,14,0,0.0009,0.0311731,-2.39306,-1.17211,-0.802469,0.190104,0.0593879,0.142371,0.139666,0.143894,0.391666,0.0171562
19,residual_4,70,0,0.0009,0.36972,0.188285,-1.97996,-0.537547,0.445935,0.256988,0.0260018,0.0248335,0.0561799,0.0134944,0.0129401
20,residual_3,86,0,0.0009,0.0814788,-0.946027,2.29854,0.0625292,0.40257,0.375364,0.0259917,0.0259089,0.0527963,0.0133491,0.0189281
3,residual_12,19,0,0.0009,0.104078,2.27778,-0.982188,-0.0315387,0.35918,0.05,0.033776,0.0298549,0.163877,0.0366171,0.0263225
19,residual_8,16,0,0.0009,0.0248189,-2.36226,0.129484,-1.28516,0.215493,0.05,0.0637878,0.191986,0.115303,0.398045,0.0162501
20,residual_2,144,0,0.0009,0.0776793,-0.270822,0.196734,-1.56437,0.402588,0.387128,0.026071,0.0251117,0.0521275,0.0152092,0.0140441
19,residual_7,9,0,0.0009,0.0192338,-3.7518,-1.17625,-1.40427,0.192545,0.05,0.027467,0.0281941,0.211292,0.0292143,0.0208254
20,residual_1,53,0,0.0009,0.0893397,2.15318,-1.94694,-0.0340101,0.457911,0.05,0.207063,0.0267666,0.0563863,0.411552,0.0128705
5,residual_11,188,0,0.0009,0.823748,2.01398,0.79084,1.35895,0.410888,0.271291,0.0275855,0.0267425,0.100867,0.0160745,0.0160091
5,residual_10,214,0,0.0009,0.86511,2.26719,-0.217442,1.53653,0.740299,0.249056,0.0275989,0.0267972,0.100461,0.0163168,0.0159912
10,residual_9,175,0,0.0009,0.0988472,4.74061,-0.699442,1.55068,0.53741,0.481753,0.026289,0.0252075,0.068793,0.013234,0.0129963
20,residual_6,37,0,0.0009,0.175206,-3.34814,-0.375223,-1.14624,1.43144,0.228983,0.0958776,0.205727,0.0519877,0.447708,0.0152137
20,residual_5,14,0,0.0009,0.0320374,-2.39305,-1.17219,-0.803381,0.190282,0.059593,0.141563,0.13983,0.140453,0.39076,0.0170654
20,residual_4,66,0,0.0009,0.296,0.187159,-1.97984,-0.532151,0.444948,0.257935,0.025991,0.0248237,0.0551933,0.0134681,0.012922
21,residual_3,86,0,0.0009,0.0757578,-0.94601,2.29891,0.0623234,0.402396,0.375313,0.0259821,0.0258163,0.0520017,0.0133278,0.0184843
4,residual_12,19,0,0.0009,0.0859322,2.27782,-0.983052,-0.0437417,0.359078,0.05,0.0318352,0.028472,0.135259,0.0300912,0.0223444
20,residual_8,16,0,0.0009,0.0271974,-2.36236,0.129701,-1.27476,0.21586,0.05,0.0637784,0.192002,0.11201,0.398072,0.0160313
21,residual_2,140,0,0.0009,0.0869301,-0.270688,0.196407,-1.56417,0.403139,0.386983,0.026057,0.025129,0.0513514,0.0153412,0.0139828
20,residual_7,9,0,0.0009,0.0166904,-3.75127,-1.17614,-1.41256,0.19254,0.05,0.0273884,0.0280595,0.207194,0.0284118,0.0204805
21,residual_1,53,0,0.0009,0.07959,2.08697,-1.9447,-0.0339818,0.334755,0.05,0.0326533,0.0249419,0.0553784,0.0421861,0.0128364
6,residual_11,189,0,0.0009,0.820031,2.01393,0.790818,1.35913,0.410859,0.271043,0.0271397,0.0261862,0.0905358,0.0147724,0.0147192
6,residual_10,216,0,0.0009,0.866097,2.26719,-0.217349,1.53689,0.739752,0.249225,0.0271501,0.0262298,0.0901662,0.0149882,0.0147022
11,residual_9,177,0,0.0009,0.100834,4.74031,-0.699298,1.55051,0.537356,0.482435,0.0261766,0.0250812,0.065701,0.0129915,0.0127706
21,residual_6,37,0,0.0009,0.174516,-3.34749,-0.376417,-1.14619,1.43167,0.228795,0.0959032,0.205775,0.0512141,0.447734,0.015157
21,residual_5,14,0,0.0009,0.0344388,-2.39578,-1.17176,-0.808302,0.195025,0.0611667,0.140715,0.139986,0.137487,0.389779,0.0171648
21,residual_4,69,0,0.0009,0.327539,0.186561,-1.97904,-0.528071,0.444141,0.258213,0.0259818,0.0248156,0.054305,0.0134483,0.0128946
22,residual_3,86,0,0.0009,0.0791005,-0.946469,2.29859,0.0621156,0.402878,0.374976,0.0259752,0.0259601,0.0512856,0.0133093,0.0190873
5,residual_12,19,0,0.0009,0.0824482,2.27787,-0.982657,-0.0504773,0.359018,0.05,0.0304445,0.027491,0.11757,0.0262857,0.0195704
21,residual_8,16,0,0.0009,0.0233001,-2.36295,0.129523,-1.27276,0.215827,0.05,0.0638187,0.192002,0.109653,0.398096,0.0160304
22,residual_2,140,0,0.0009,0.0877542,-0.27064,0.196273,-1.56456,0.403527,0.387131,0.0260464,0.0251051,0.0506594,0.0151657,0.0139341
21,residual_7,9,0,0.0009,0.0164179,-3.75112,-1.17547,-1.41957,0.193284,0.05,0.0273358,0.0281494,0.201185,0.0281556,0.0201489
22,residual_1,53,0,0.0009,0.0675896,2.09453,-1.9457,-0.0325401,0.357421,0.05,0.0296553,0.0248941,0.0544272,0.0319345,0.0128041
7,residual_11,189,0,0.0009,0.819793,2.01391,0.790852,1.35887,0.410977,0.270927,0.026807,0.0257834,0.0829854,0.0139176,0.013867
7,residual_10,254,0,0.0009,0.738981,2.26713,-0.217641,1.53763,0.73954,0.249622,0.0268157,0.0258187,0.0826483,0.01411,0.0138526
12,residual_9,190,0,0.0009,0.0897373,4.74035,-0.699411,1.55033,0.537452,0.482301,0.0260918,0.0249892,0.0631001,0.0128226,0.0126062
22,residual_6,37,0,0.0009,0.182374,-3.34793,-0.375585,-1.14625,1.4315,0.228359,0.0959057,0.205767,0.0505286,0.447756,0.0151122
22,residual_5,14,0,0.0009,0.0327218,-2.39602,-1.17178,-0.809357,0.195574,0.0614266,0.13997,0.140156,0.134579,0.388971,0.0170717
22,residual_4,67,0,0.0009,0.289539,0.185862,-1.97874,-0.525358,0.443595,0.258159,0.0259757,0.0248093,0.0535024,0.0134315,0.0128688
23,residual_3,86,0,0.0009,0.0822409,-0.946317,2.29863,0.0627889,0.402672,0.374884,0.0259696,0.025857,0.0506534,0.0132969,0.0186137
22,residual_8,16,0,0.0009,0.0240684,-2.36249,0.129879,-1.26923,0.216189,0.05,0.0639237,0.19196,0.106929,0.398088,0.0158096
23,residual_2,140,0,0.0009,0.0816571,-0.270348,0.195898,-1.56479,0.404209,0.386594,0.0260284,0.0250845,0.0500445,0.0150141,0.013803
22,residual_7,9,0,0.0009,0.0178202,-3.75167,-1.17619,-1.41544,0.192901,0.05,0.0273109,0.0280177,0.198091,0.0274859,0.0199808
23,residual_1,59,0,0.0009,0.048403,2.09556,-1.94611,-0.0311636,0.368791,0.05,0.0284123,0.0248605,0.053548,0.0271421,0.0127628
8,residual_11,184,0,0.0009,0.827729,2.0138,0.791095,1.3598,0.411518,0.270419,0.0265583,0.02549,0.0771982,0.0133375,0.0132884
8,residual_10,216,0,0.0009,0.861984,2.26713,-0.217539,1.53732,0.740221,0.249299,0.0265654,0.0255193,0.0768833,0.0135098,0.0132735
13,residual_9,175,0,0.0009,0.102467,4.74017,-0.699117,1.54998,0.536889,0.48272,0.0260284,0.0249206,0.0608886,0.0126916,0.0124924
23,residual_6,37,0,0.0009,0.178813,-3.34758,-0.377031,-1.14619,1.43177,0.228308,0.09593,0.205813,0.0499142,0.44778,0.0150788
23,residual_5,14,0,0.0009,0.0240632,-2.3971,-1.17164,-0.81394,0.197601,0.061751,0.139192,0.140321,0.132023,0.388102,0.0171583
23,residual_4,66,0,0.0009,0.295127,0.18503,-1.97871,-0.52139,0.442794,0.258963,0.025971,0.0248061,0.0527967,0.013421,0.0128669
24,residual_3,86,0,0.0009,0.0758002,-0.946184,2.29877,0.0629838,0.402423,0.374553,0.0259653,0.0257756,0.0500878,0.0132876,0.0182274
7,residual_12,19,0,0.0009,0.0873862,2.27722,-0.981518,-0.0429986,0.360808,0.05,0.0306772,0.028045,0.104682,0.0244097,0.0178874
23,residual_8,16,0,0.0009,0.0214123,-2.36246,0.129874,-1.27202,0.216079,0.0500556,0.0639637,0.191964,0.104901,0.398115,0.0158383
24,residual_2,140,0,0.0009,0.0874027,-0.270397,0.195875,-1.56509,0.40414,0.386596,0.0260238,0.0251064,0.049492,0.0151767,0.013794
23,residual_7,9,0,0.0009,0.00647183,-3.75081,-1.17604,-1.42133,0.193176,0.05,0.0272664,0.0279162,0.194782,0.026909,0.0197624
24,residual_1,53,0,0.0009,0.0523525,2.0946,-1.94664,-0.0299,0.374204,0.05,0.0277401,0.0248364,0.052766,0.0241219,0.0127326
9,residual_11,188,0,0.0009,0.808356,2.01362,0.791092,1.36127,0.411607,0.270201,0.0263717,0.0252751,0.0726053,0.0129296,0.0128871
9,residual_10,216,0,0.0009,0.85977,2.26715,-0.217464,1.53696,0.74013,0.249192,0.0263777,0.0253,0.0723104,0.0130892,0.0128724
14,residual_9,183,0,0.0009,0.120805,4.73921,-0.698816,1.5489,0.536843,0.484558,0.0259798,0.0248694,0.0589891,0.0125917,0.0124019
24,residual_6,37,0,0.0009,0.176524,-3.34802,-0.376266,-1.14607,1.43164,0.228365,0.095936,0.205803,0.0493681,0.447806,0.0150497
24,residual_5,14,0,0.0009,0.0353337,-2.39831,-1.1714,-0.819344,0.199817,0.0624871,0.138341,0.140472,0.129759,0.387112,0.0172358
24,residual_4,67,0,0.0009,0.316935,0.184743,-1.97957,-0.521245,0.442624,0.260164,0.0259669,0.0248033,0.0521755,0.013409,0.0128585
25,residual_3,86,0,0.0009,0.0729093,-0.946201,2.29857,0.0633137,0.402752,0.374583,0.0259618,0.0257152,0.0495783,0.0132788,0.0179214
8,residual_12,19,0,0.0009,0.0839214,2.27672,-0.981081,-0.039535,0.362243,0.05,0.0296787,0.0271766,0.0954319,0.0229927,0.0166019
24,residual_8,16,0,0.0009,0.0350553,-2.36624,0.144267,-1.27278,0.245584,0.05,0.0601143,0.17737,0.102744,0.367658,0.0156979
25,residual_2,140,0,0.0009,0.0811775,-0.270541,0.195665,-1.56464,0.40445,0.387059,0.0260203,0.0251247,0.0489981,0.0153072,0.0137836
24,residual_7,9,0,0.0009,0.0110391,-3.74986,-1.1758,-1.41523,0.193439,0.05,0.027232,0.0278361,0.191809,0.0264059,0.0196359
25,residual_1,53,0,0.0009,0.0428716,2.09247,-1.94685,-0.0299036,0.377707,0.05,0.027496,0.0248182,0.0520443,0.0228719,0.0127063
10,residual_11,191,0,0.0009,0.839833,2.0137,0.790998,1.36072,0.411541,0.270506,0.0262313,0.0251174,0.0688678,0.0126406,0.0126046
10,residual_10,217,0,0.0009,0.861231,2.26722,-0.217215,1.53692,0.739555,0.249527,0.0262364,0.0251393,0.0685917,0.0127909,0.0125902
15,residual_9,178,0,0.0009,0.0970649,4.73934,-0.698885,1.54858,0.536685,0.484282,0.0259436,0.0248321,0.0573455,0.0125228,0.012344
25,residual_6,37,0,0.0009,0.172715,-3.34821,-0.375476,-1.14599,1.4315,0.228536,0.0959438,0.205794,0.0488794,0.447826,0.0150268
25,residual_5,14,0,0.0009,0.0298539,-2.39848,-1.17138,-0.822615,0.200311,0.0625166,0.137501,0.140625,0.127409,0.386148,0.0171241
25,residual_4,66,0,0.0009,0.287589,0.183376,-1.97936,-0.515534,0.442115,0.260385,0.0259638,0.0248025,0.0516033,0.0134017,0.0128649
26,residual_3,86,0,0.0009,0.0760883,-0.946111,2.29863,0.0628123,0.402727,0.374578,0.0259598,0.0258482,0.0491171,0.0132719,0.0185598
9,residual_12,19,0,0.0009,0.0817697,2.27623,-0.980152,-0.0301486,0.363355,0.05,0.0289383,0.0265641,0.08851,0.0218895,0.0158713
25,residual_8,16,0,0.0009,0.0324702,-2.36628,0.144107,-1.269,0.245169,0.05,0.0601765,0.177371,0.100594,0.367667,0.0155418
26,residual_2,140,0,0.0009,0.087399,-0.270423,0.1957,-1.56444,0.404227,0.386815,0.0260087,0.0250763,0.048559,0.0149527,0.013688
25,residual_7,9,0,0.0009,0.015353,-3.75009,-1.17617,-1.41608,0.193003,0.05,0.0272122,0.0277677,0.189031,0.0259449,0.0194678
26,residual_1,53,0,0.0009,0.0451759,2.09046,-1.94764,-0.0291618,0.380487,0.05,0.0273142,0.0248035,0.0513997,0.0218851,0.0126787
11,residual_11,189,0,0.0009,0.821075,2.01363,0.790839,1.35982,0.411196,0.270522,0.0261256,0.0250021,0.0657687,0.0124392,0.0124026
11,residual_10,216,0,0.0009,0.861972,2.26736,-0.217038,1.53728,0.738765,0.249689,0.0261302,0.0250213,0.0655107,0.0125779,0.0123909
16,residual_9,175,0,0.0009,0.0950608,4.73925,-0.698909,1.54814,0.536452,0.484538,0.0259164,0.0248045,0.0559153,0.0124723,0.0123021
26,residual_6,37,0,0.0009,0.160789,-3.34837,-0.374996,-1.14616,1.43139,0.228575,0.0959495,0.205796,0.0484414,0.447856,0.0150057
26,residual_5,14,0,0.0009,0.0295481,-2.39917,-1.17135,-0.821765,0.201371,0.0632309,0.136845,0.140799,0.125154,0.385481,0.0170338
26,residual_4,66,0,0.0009,0.279669,0.182886,-1.97928,-0.511385,0.441371,0.261096,0.0259622,0.0248008,0.0510884,0.0133987,0.0128618
27,residual_3,86,0,0.0009,0.0752136,-0.946264,2.29855,0.062725,0.403288,0.374584,0.0259584,0.0259777,0.0487029,0.0132668,0.0191778
10,residual_12,19,0,0.0009,0.0851253,2.27653,-0.979462,-0.0292929,0.362693,0.05,0.02831,0.0261208,0.0832002,0.0205985,0.0152815
26,residual_8,16,0,0.0009,0.0202424,-2.36613,0.144051,-1.27127,0.245118,0.05,0.0601916,0.177394,0.0990325,0.36769,0.0155266
27,residual_2,140,0,0.0009,0.0807477,-0.270637,0.195293,-1.56471,0.404967,0.387148,0.0260086,0.0250992,0.0481613,0.0151217,0.0137039
26,residual_7,9,0,0.0009,0.0154208,-3.75129,-1.17615,-1.41265,0.193401,0.05,0.027271,0.0277174,0.18671,0.0255573,0.0195516
27,residual_1,53,0,0.0009,0.0394515,2.08903,-1.94807,-0.029163,0.383505,0.05,0.0270541,0.0247928,0.0508352,0.0205161,0.0126603
12,residual_11,186,0,0.0009,0.820736,2.01345,0.790846,1.36016,0.411169,0.270446,0.0260461,0.0249172,0.0631644,0.0122957,0.0122597
12,residual_10,219,0,0.0009,0.841121,2.26731,-0.217318,1.5372,0.738897,0.249632,0.0260503,0.0249345,0.0629203,0.0124247,0.0122482
17,residual_9,175,0,0.0009,0.0909624,4.73928,-0.699103,1.54789,0.536527,0.484467,0.0258958,0.0247845,0.0546629,0.0124364,0.0122713
27,residual_6,37,0,0.0009,0.156551,-3.34885,-0.374681,-1.1463,1.43132,0.228676,0.0959518,0.205801,0.0480484,0.447882,0.0149909
27,residual_5,14,0,0.0009,0.0329058,-2.4004,-1.1714,-0.819906,0.20302,0.064353,0.136376,0.140978,0.123163,0.385084,0.0171264
27,residual_4,67,0,0.0009,0.315024,0.182,-1.97889,-0.509717,0.441544,0.261559,0.0259612,0.0247992,0.0506136,0.0133877,0.012865
28,residual_3,86,0,0.0009,0.0772734,-0.945953,2.29902,0.0622373,0.402778,0.375214,0.0259566,0.025866,0.0483321,0.0132592,0.0186927
11,residual_12,19,0,0.0009,0.0750279,2.27676,-0.979146,-0.0271989,0.362291,0.05,0.0278405,0.0257967,0.0788625,0.0196166,0.0148325
27,residual_8,16,0,0.0009,0.0215167,-2.36573,0.144016,-1.26923,0.244981,0.05,0.0602478,0.177416,0.0967696,0.367707,0.0153977
28,residual_2,140,0,0.0009,0.084362,-0.270943,0.195169,-1.56466,0.404881,0.387862,0.0260223,0.0251837,0.0478036,0.0157249,0.0138525
27,residual_7,9,0,0.0009,0.018553,-3.75238,-1.17622,-1.41125,0.193323,0.05,0.0272903,0.0276801,0.184313,0.0251987,0.0196633
28,residual_1,55,0,0.0009,0.0735912,2.08811,-1.94859,-0.0298627,0.38686,0.05,0.0268696,0.0247846,0.0503221,0.0194809,0.0126461
13,residual_11,184,0,0.0009,0.83296,2.01335,0.790945,1.36026,0.411058,0.270441,0.0259862,0.0248549,0.0609511,0.0121939,0.0121583
13,residual_10,217,0,0.0009,0.863216,2.26728,-0.217541,1.53707,0.739098,0.249492,0.0259899,0.0248709,0.0607165,0.0123179,0.0121462
18,residual_9,177,0,0.0009,0.105791,4.73921,-0.698816,1.54764,0.536093,0.485025,0.0258803,0.0247688,0.0535624,0.0124036,0.0122493
28,residual_6,37,0,0.0009,0.174767,-3.34886,-0.374169,-1.14618,1.43125,0.228924,0.0959564,0.205804,0.0476954,0.447902,0.0149787
28,residual_5,14,0,0.0009,0.0370754,-2.40099,-1.17134,-0.823244,0.203918,0.0646218,0.135878,0.141157,0.121387,0.384646,0.0172003
28,residual_4,66,0,0.0009,0.278144,0.181503,-1.97867,-0.505095,0.440897,0.262284,0.0259615,0.0247986,0.0501919,0.0133902,0.0128661
29,residual_3,86,0,0.0009,0.0774801,-0.945991,2.2989,0.0623091,0.402743,0.375271,0.0259552,0.0257867,0.0480003,0.0132571,0.0183033
12,residual_12,20,0,0.0009,0.0800354,2.27697,-0.978245,-0.0254826,0.361906,0.05,0.0274869,0.0255716,0.0753157,0.0188537,0.0146033
28,residual_8,16,0,0.0009,0.0274301,-2.36572,0.144011,-1.27187,0.244824,0.05,0.0602422,0.17744,0.0954624,0.367731,0.0154055
29,residual_2,140,0,0.0009,0.0859444,-0.270951,0.194839,-1.56493,0.405437,0.387967,0.0260193,0.0251923,0.0474811,0.015773,0.0138327
28,residual_7,9,0,0.0009,0.0200861,-3.75281,-1.17651,-1.41565,0.193242,0.05,0.0272749,0.0276444,0.181855,0.024879,0.0195628
29,residual_1,54,0,0.0009,0.0389055,2.08625,-1.94884,-0.0292975,0.389744,0.05,0.0267515,0.0247777,0.0498502,0.0188037,0.0126234
14,residual_11,187,0,0.0009,0.832574,2.01329,0.79089,1.35955,0.411064,0.270738,0.0259409,0.0248091,0.0590492,0.0121211,0.0120842
14,residual_10,217,0,0.0009,0.854451,2.26727,-0.217415,1.53696,0.739246,0.249219,0.0259444,0.0248239,0.0588248,0.0122396,0.0120724
19,residual_9,175,0,0.0009,0.0965957,4.73912,-0.69879,1.54686,0.535511,0.485369,0.025869,0.0247573,0.0525917,0.0123792,0.0122388
29,residual_6,37,0,0.0009,0.172613,-3.3492,-0.373978,-1.14616,1.43119,0.228324,0.0959625,0.20581,0.0473781,0.447924,0.0149697
29,residual_5,14,0,0.0009,0.0180165,-2.40245,-1.17124,-0.826891,0.206076,0.0652727,0.135345,0.141335,0.119725,0.384159,0.0172655
29,residual_4,66,0,0.0009,0.275316,0.181368,-1.9788,-0.503263,0.439484,0.262699,0.0259587,0.0247986,0.0498318,0.0133749,0.01287
30,residual_3,86,0,0.0009,0.0808867,-0.946037,2.29884,0.0620419,0.402888,0.375273,0.0259547,0.0258033,0.0477012,0.0132556,0.0183555
13,residual_12,19,0,0.0009,0.0597212,2.27716,-0.976485,-0.0235628,0.361643,0.05,0.0272201,0.0254477,0.0722371,0.0182531,0.0148023
29,residual_8,16,0,0.0009,0.0142578,-2.36506,0.143985,-1.27117,0.244489,0.05,0.0602501,0.177457,0.0938589,0.367756,0.0153046
30,residual_2,140,0,0.0009,0.0841669,-0.271151,0.194535,-1.56567,0.406158,0.388418,0.0260173,0.0251534,0.0471938,0.015492,0.0138183
29,residual_7,9,0,0.0009,0.0180219,-3.75308,-1.17623,-1.42118,0.193786,0.05,0.0273463,0.027719,0.178639,0.0247975,0.0196363
30,residual_1,53,0,0.0009,0.0356267,2.08483,-1.94904,-0.0277697,0.391496,0.05,0.0266562,0.024774,0.0494313,0.0181917,0.0126126
15,residual_11,188,0,0.0009,0.823965,2.01324,0.790962,1.35975,0.411294,0.270793,0.0259066,0.0247751,0.057403,0.0120673,0.0120309
15,residual_10,218,0,0.0009,0.853159,2.26739,-0.217163,1.53731,0.738722,0.249532,0.0259099,0.0247889,0.0571889,0.0121795,0.01202
20,residual_9,175,0,0.0009,0.0914263,4.73903,-0.698785,1.54679,0.53567,0.485236,0.0258607,0.0247486,0.0517327,0.0123604,0.0122306
30,residual_6,37,0,0.0009,0.171188,-3.34942,-0.373627,-1.14608,1.43112,0.228065,0.0959712,0.205817,0.0470926,0.447948,0.0149609
30,residual_5,14,0,0.0009,0.0199561,-2.40186,-1.17122,-0.82582,0.205288,0.0650355,0.134925,0.141508,0.117896,0.383834,0.0171413
30,residual_4,67,0,0.0009,0.298554,0.180954,-1.97878,-0.500306,0.439385,0.262259,0.0259595,0.0247977,0.0494693,0.0133856,0.012859
31,residual_3,86,0,0.0009,0.0852477,-0.94628,2.29893,0.0621635,0.403387,0.374975,0.0259539,0.025734,0.0474335,0.0132561,0.0180149
14,residual_12,19,0,0.0009,0.0790438,2.27675,-0.976424,-0.0246071,0.362396,0.05,0.0270753,0.0253123,0.0694395,0.0180389,0.0145466
30,residual_8,16,0,0.0009,0.0176764,-2.36458,0.144092,-1.26744,0.244272,0.05,0.0603302,0.177439,0.0923708,0.367765,0.0152224
31,residual_2,140,0,0.0009,0.0847767,-0.271037,0.194455,-1.56565,0.406302,0.387929,0.0260156,0.0251217,0.0469337,0.0152653,0.0138021
30,residual_7,9,0,0.0009,0.0092564,-3.75239,-1.17623,-1.42043,0.193361,0.05,0.027293,0.0276741,0.176544,0.0245195,0.0194657
31,residual_1,53,0,0.0009,0.0330784,2.08324,-1.94921,-0.0266692,0.393518,0.05,0.0266025,0.0247708,0.0490425,0.0178044,0.0126047
16,residual_11,186,0,0.0009,0.835196,2.01315,0.790903,1.36046,0.411231,0.270799,0.025881,0.02475,0.0559713,0.0120274,0.0119941
16,residual_10,247,0,0.0009,0.749877,2.2674,-0.217194,1.53713,0.738888,0.249327,0.025884,0.0247631,0.055765,0.0121359,0.0119826
21,residual_9,175,0,0.0009,0.0960555,4.73908,-0.698909,1.54677,0.535491,0.485227,0.0258543,0.0247423,0.05097,0.0123472,0.0122253
31,residual_6,37,0,0.0009,0.169399,-3.34915,-0.373243,-1.14616,1.4311,0.228559,0.0959783,0.205827,0.0468355,0.447976,0.0149527
31,residual_5,14,0,0.0009,0.0295347,-2.4022,-1.17114,-0.831434,0.205977,0.0666309,0.134406,0.141685,0.116438,0.383367,0.0172152
31,residual_4,67,0,0.0009,0.305755,0.180503,-1.97917,-0.495453,0.438488,0.263437,0.0259583,0.0247966,0.0491584,0.0133859,0.0128453
32,residual_3,86,0,0.0009,0.0632871,-0.946011,2.29899,0.061864,0.402748,0.375067,0.0259532,0.0256818,0.04719,0.0132546,0.0177462
31,residual_8,16,0,0.0009,0.0340335,-2.36424,0.144318,-1.25814,0.244269,0.05,0.0605668,0.177288,0.0907748,0.36763,0.0151007
32,residual_2,140,0,0.0009,0.0805854,-0.27122,0.194351,-1.56573,0.406636,0.388388,0.0260144,0.0251393,0.0466997,0.0153894,0.0137938
31,residual_7,9,0,0.0009,0.0108616,-3.75241,-1.17636,-1.4258,0.193118,0.05,0.0272751,0.0276388,0.174078,0.024272,0.0193904
32,residual_1,59,0,0.0009,0.0831318,2.0826,-1.94982,-0.0276498,0.396047,0.05,0.026556,0.0247663,0.0486892,0.0174275,0.0125835
17,residual_11,185,0,0.0009,0.829555,2.01313,0.790815,1.36039,0.41117,0.270678,0.0258616,0.0247316,0.0547177,0.0119998,0.0119671
17,residual_10,216,0,0.0009,0.854388,2.26741,-0.217248,1.53716,0.739282,0.249235,0.0258641,0.0247446,0.0545186,0.012109,0.0119555
22,residual_9,175,0,0.0009,0.100035,4.73912,-0.698838,1.54671,0.535437,0.484966,0.0258489,0.0247381,0.050291,0.0123415,0.0122146
32,residual_6,37,0,0.0009,0.17751,-3.3493,-0.372989,-1.14614,1.43106,0.228883,0.0959856,0.205837,0.0466039,0.448002,0.0149495
32,residual_5,14,0,0.0009,0.02794,-2.40292,-1.17105,-0.83574,0.207158,0.0674342,0.133832,0.141859,0.115044,0.382821,0.0172742
32,residual_4,66,0,0.0009,0.278495,0.180138,-1.97914,-0.492553,0.438363,0.263496,0.0259596,0.0247961,0.0488681,0.0133965,0.0128438
33,residual_3,86,0,0.0009,0.0686558,-0.946131,2.29868,0.0620941,0.402622,0.375033,0.0259525,0.0256452,0.0469694,0.0132524,0.0175039
16,residual_12,19,0,0.0009,0.0524379,2.27701,-0.975676,-0.0244669,0.362104,0.05,0.0282559,0.0266281,0.0672047,0.0176033,0.0145357
32,residual_8,16,0,0.0009,0.0173782,-2.3641,0.144101,-1.25625,0.24388,0.05,0.0608105,0.177129,0.0894912,0.367487,0.0150572
33,residual_2,140,0,0.0009,0.0907442,-0.271186,0.194084,-1.56602,0.407311,0.388598,0.0260134,0.0251539,0.0464876,0.0154914,0.0137855
32,residual_7,9,0,0.0009,0.0110833,-3.7523,-1.17663,-1.42715,0.192952,0.05,0.0272404,0.0276086,0.172097,0.0240513,0.019257
33,residual_1,53,0,0.0009,0.0347308,2.08119,-1.95002,-0.0265691,0.397535,0.05,0.0265325,0.024764,0.0483711,0.0171997,0.012574
18,residual_11,191,0,0.0009,0.806313,2.01316,0.790688,1.3607,0.41132,0.270523,0.0258469,0.0247178,0.0536139,0.0119774,0.0119465
18,residual_10,216,0,0.0009,0.852033,2.26739,-0.217249,1.53692,0.739687,0.24909,0.0258493,0.0247308,0.0534233,0.0120879,0.0119356
23,residual_9,160,0,0.0009,0.0910334,4.73901,-0.700235,1.54719,0.538332,0.485166,0.0258478,0.0247554,0.0496895,0.0125114,0.0122395
33,residual_6,37,0,0.0009,0.171464,-3.34887,-0.374201,-1.14589,1.43123,0.229036,0.0960159,0.20589,0.0463929,0.448026,0.0149428
33,residual_5,14,0,0.0009,0.0322821,-2.40348,-1.17109,-0.834037,0.207828,0.0678451,0.133409,0.142031,0.113625,0.382488,0.0173223
33,residual_4,66,0,0.0009,0.274261,0.17988,-1.97905,-0.489183,0.438198,0.26325,0.0259607,0.0247956,0.0486047,0.0134049,0.0128421
34,residual_3,86,0,0.0009,0.0813786,-0.946379,2.2985,0.0625292,0.402981,0.375086,0.025952,0.0256098,0.0467705,0.0132519,0.0173232
17,residual_12,19,0,0.0009,0.0575839,2.27653,-0.975262,-0.0222184,0.362775,0.05,0.0278632,0.0261814,0.0651338,0.0174943,0.0143875
33,residual_8,16,0,0.0009,0.0248264,-2.36413,0.143832,-1.2554,0.243482,0.05,0.0610412,0.176987,0.0883063,0.36737,0.0150214
34,residual_2,140,0,0.0009,0.0847461,-0.270799,0.194087,-1.5666,0.407339,0.387802,0.0260027,0.0251662,0.0462973,0.0155687,0.0136875
33,residual_7,9,0,0.0009,0.0134621,-3.75413,-1.17712,-1.42647,0.192535,0.05,0.0273408,0.0275885,0.170055,0.0238545,0.0197933
34,residual_1,53,0,0.0009,0.0311691,2.07993,-1.95018,-0.0263375,0.398913,0.05,0.0265153,0.0247614,0.0480865,0.0170137,0.012563
19,residual_11,192,0,0.0009,0.804777,2.01315,0.790766,1.36132,0.411252,0.270628,0.0258357,0.0247077,0.0526403,0.01196,0.0119322
19,residual_10,217,0,0.0009,0.854087,2.26729,-0.217567,1.53699,0.739299,0.249182,0.0258379,0.0247208,0.0524566,0.0120751,0.0119215
24,residual_9,176,0,0.0009,0.0992546,4.73886,-0.69999,1.54713,0.537538,0.485266,0.0258447,0.0247471,0.0491487,0.0124555,0.0122302
34,residual_6,37,0,0.0009,0.162506,-3.34942,-0.373988,-1.14591,1.43114,0.228692,0.096024,0.205888,0.0462048,0.44805,0.0149388
34,residual_5,14,0,0.0009,0.0345407,-2.40453,-1.17105,-0.837691,0.209349,0.0687917,0.132943,0.142205,0.112355,0.382098,0.0173659
34,residual_4,66,0,0.0009,0.277377,0.178803,-1.97911,-0.484989,0.438414,0.26425,0.0259623,0.0247954,0.0483674,0.0134127,0.0128449
35,residual_3,86,0,0.0009,0.0742914,-0.946291,2.2986,0.0623433,0.40333,0.375238,0.0259517,0.0255816,0.0465912,0.0132516,0.0171728
18,residual_12,20,0,0.0009,0.0874406,2.27672,-0.97485,-0.0179774,0.362466,0.05,0.0275046,0.0258393,0.0635045,0.0171653,0.0141434
34,residual_8,16,0,0.0009,0.021355,-2.364,0.143744,-1.25775,0.243388,0.05,0.0612044,0.176899,0.0873368,0.367322,0.0150475
35,residual_2,140,0,0.0009,0.0880229,-0.270428,0.193928,-1.56661,0.407776,0.386835,0.0259947,0.0251774,0.0461263,0.0156441,0.0136144
34,residual_7,9,0,0.0009,0.0125272,-3.7537,-1.17698,-1.42535,0.192594,0.05,0.0272863,0.0275703,0.168359,0.0236757,0.0196007
35,residual_1,53,0,0.0009,0.0312376,2.07885,-1.95046,-0.0266728,0.400107,0.05,0.0265023,0.0247585,0.0478303,0.0168609,0.0125536
20,residual_11,187,0,0.0009,0.818179,2.01311,0.790725,1.36206,0.411553,0.270263,0.0258274,0.0247003,0.0517796,0.0119497,0.0119224
20,residual_10,215,0,0.0009,0.85743,2.26726,-0.217661,1.5369,0.739385,0.249207,0.0258297,0.024713,0.0516014,0.0120626,0.0119117
25,residual_9,175,0,0.0009,0.0975621,4.73888,-0.69962,1.5472,0.537194,0.485133,0.0258416,0.0247419,0.0486645,0.0124231,0.0122188
35,residual_6,37,0,0.0009,0.179138,-3.34942,-0.373581,-1.14587,1.43112,0.229046,0.0960338,0.20589,0.0460351,0.448077,0.0149373
35,residual_5,14,0,0.0009,0.0180876,-2.40506,-1.17101,-0.84006,0.210116,0.0692746,0.13248,0.142378,0.111129,0.381713,0.0173994
35,residual_4,66,0,0.0009,0.277422,0.178047,-1.97913,-0.481535,0.438945,0.264533,0.0259646,0.0247951,0.0481446,0.0134299,0.0128405
36,residual_3,86,0,0.0009,0.0799785,-0.946244,2.29836,0.0628213,0.402812,0.375246,0.0259513,0.0255592,0.0464286,0.013251,0.0170469
19,residual_12,19,0,0.0009,0.0459126,2.27638,-0.974038,-0.0194001,0.363096,0.05,0.0272932,0.0256502,0.061864,0.0171258,0.0144175
35,residual_8,16,0,0.0009,0.0184035,-2.36428,0.143473,-1.25918,0.243114,0.05,0.0613221,0.176861,0.0865301,0.367317,0.0151025
36,residual_2,140,0,0.0009,0.0864286,-0.270695,0.193628,-1.56678,0.408044,0.387619,0.0259975,0.0251612,0.0459719,0.0155273,0.013647
35,residual_7,9,0,0.0009,0.0160596,-3.7531,-1.17682,-1.42903,0.19267,0.05,0.0272451,0.0275558,0.166484,0.0235152,0.0194382
36,residual_1,53,0,0.0009,0.0323935,2.07789,-1.95045,-0.0260858,0.401194,0.05,0.0264923,0.0247569,0.0475956,0.0167346,0.0125474
21,residual_11,188,0,0.0009,0.825106,2.01325,0.790751,1.36174,0.411418,0.270476,0.025821,0.024695,0.0510138,0.0119442,0.0119138
21,residual_10,217,0,0.0009,0.851663,2.26729,-0.217512,1.53687,0.739647,0.249189,0.0258233,0.0247076,0.0508425,0.0120545,0.0119037
36,residual_6,37,0,0.0009,0.171674,-3.34982,-0.373301,-1.14613,1.43103,0.228166,0.0960367,0.205896,0.0458819,0.448105,0.0149362
36,residual_5,14,0,0.0009,0.0341601,-2.40496,-1.17105,-0.839049,0.209998,0.0691378,0.132123,0.142542,0.109929,0.381467,0.0174244
36,residual_4,68,0,0.0009,0.278967,0.1777,-1.97913,-0.478208,0.439826,0.264752,0.0259647,0.0247939,0.0479375,0.0134349,0.0128358
37,residual_3,86,0,0.0009,0.0813866,-0.946122,2.29836,0.063013,0.402641,0.375432,0.0259511,0.0255402,0.0462819,0.0132506,0.0169427
20,residual_12,19,0,0.0009,0.05429,2.2766,-0.97414,-0.0188385,0.364307,0.05,0.0272051,0.0254517,0.0603971,0.0172365,0.014242
36,residual_8,16,0,0.0009,0.0238607,-2.3645,0.143407,-1.26031,0.243046,0.05,0.0614042,0.176846,0.0857321,0.367331,0.015147
37,residual_2,140,0,0.0009,0.0827096,-0.270891,0.193507,-1.56676,0.408354,0.387757,0.0259997,0.0251729,0.0458313,0.0156089,0.0136723
36,residual_7,9,0,0.0009,0.0178229,-3.75327,-1.17691,-1.42922,0.192904,0.05,0.0272363,0.0275437,0.164669,0.0233722,0.0193671
37,residual_1,53,0,0.0009,0.0317061,2.07695,-1.95044,-0.0265544,0.402389,0.05,0.0265089,0.0247549,0.0473794,0.01671,0.0125368
22,residual_11,187,0,0.0009,0.815947,2.01318,0.790693,1.36261,0.411405,0.27016,0.0258162,0.0246912,0.0503328,0.0119399,0.011908
22,residual_10,218,0,0.0009,0.860594,2.26725,-0.217555,1.53727,0.740012,0.249246,0.0258185,0.0247037,0.0501673,0.0120497,0.0118979
27,residual_9,177,0,0.0009,0.116491,4.73839,-0.699357,1.54721,0.536946,0.485935,0.0272403,0.0261603,0.0482316,0.0123963,0.0122115
37,residual_6,37,0,0.0009,0.174237,-3.34917,-0.374767,-1.14624,1.43124,0.228387,0.0960567,0.205957,0.0457414,0.44814,0.0149325
37,residual_5,14,0,0.0009,0.0357933,-2.40994,-1.1642,-0.839266,0.226627,0.0682819,0.13127,0.141944,0.108615,0.379421,0.01729
37,residual_4,67,0,0.0009,0.291919,0.177028,-1.97951,-0.475764,0.440463,0.265543,0.0259662,0.0247934,0.0477487,0.0134482,0.0128289
38,residual_3,86,0,0.0009,0.0697473,-0.94608,2.29858,0.063089,0.402345,0.375147,0.0259508,0.0255211,0.046151,0.0132518,0.0168453
21,residual_12,19,0,0.0009,0.0415517,2.27619,-0.973482,-0.0184293,0.36478,0.05,0.0270651,0.025335,0.0591259,0.0171866,0.0142736
37,residual_8,16,0,0.0009,0.0193992,-2.36433,0.143437,-1.26123,0.243131,0.0500421,0.0614596,0.176845,0.0850125,0.367355,0.0151834
38,residual_2,140,0,0.0009,0.0842579,-0.270568,0.193642,-1.5664,0.408187,0.386871,0.0259923,0.0252151,0.0457048,0.0158916,0.0136025
37,residual_7,9,0,0.0009,0.0107743,-3.75333,-1.17688,-1.42739,0.192804,0.05,0.0272291,0.0275348,0.163105,0.0232423,0.0193045
38,residual_1,54,0,0.0009,0.0344132,2.07622,-1.9503,-0.025989,0.403327,0.05,0.0264971,0.0247541,0.0471834,0.0166103,0.0125309
23,residual_11,190,0,0.0009,0.820184,2.01331,0.790438,1.36238,0.411832,0.270156,0.0258125,0.0246881,0.0497255,0.0119356,0.0119037
23,residual_10,218,0,0.0009,0.857398,2.26725,-0.217758,1.53728,0.739683,0.249238,0.0258149,0.0247003,0.0495658,0.0120426,0.0118942
28,residual_9,175,0,0.0009,0.100183,4.73835,-0.699175,1.54708,0.536408,0.485969,0.0268914,0.0257778,0.0478429,0.0123735,0.0122109
38,residual_6,37,0,0.0009,0.173587,-3.34957,-0.374456,-1.14632,1.43116,0.228163,0.0960523,0.205957,0.0456166,0.448164,0.0149324
38,residual_5,14,0,0.0009,0.0330082,-2.40772,-1.16401,-0.841792,0.223785,0.0668095,0.130912,0.142105,0.107382,0.379177,0.0170431
38,residual_4,66,0,0.0009,0.280681,0.176396,-1.97937,-0.472803,0.440406,0.265353,0.0259662,0.024794,0.0475899,0.0134495,0.0128346
39,residual_3,86,0,0.0009,0.0773074,-0.946448,2.29911,0.0626578,0.403129,0.375068,0.025957,0.0256407,0.0460226,0.0133097,0.0175221
22,residual_12,19,0,0.0009,0.0618481,2.27579,-0.973484,-0.0171741,0.365236,0.05,0.0269594,0.0252214,0.0580431,0.0171455,0.0141319
38,residual_8,16,0,0.0009,0.0180402,-2.36383,0.143642,-1.2613,0.242971,0.05,0.0615042,0.176848,0.0840808,0.36738,0.0151226
39,residual_2,140,0,0.0009,0.0928282,-0.270535,0.193481,-1.56675,0.40805,0.386977,0.0259952,0.0253235,0.0455898,0.016617,0.0136381
38,residual_7,9,0,0.0009,0.0186183,-3.7532,-1.17706,-1.4255,0.193023,0.05,0.0272077,0.0277054,0.159803,0.0232648,0.0192158
39,residual_1,53,0,0.0009,0.0296807,2.07526,-1.95014,-0.0259764,0.40468,0.05,0.0265133,0.0247543,0.0470047,0.0166184,0.0125356
24,residual_11,194,0,0.0009,0.782854,2.01347,0.790436,1.36268,0.411858,0.27009,0.0258098,0.0246853,0.049184,0.0119279,0.0119019
24,residual_10,217,0,0.0009,0.863335,2.26723,-0.217854,1.5372,0.739666,0.249272,0.0258121,0.0246979,0.0490286,0.0120391,0.0118919
29,residual_9,179,0,0.0009,0.104641,4.73798,-0.699085,1.54639,0.536252,0.486741,0.0266283,0.0254993,0.0474936,0.0123611,0.0121913
39,residual_6,37,0,0.0009,0.17021,-3.34886,-0.375897,-1.14614,1.43137,0.228234,0.096072,0.206007,0.0455017,0.448189,0.0149305
39,residual_5,14,0,0.0009,0.0258922,-2.40501,-1.16719,-0.845249,0.215586,0.0671028,0.130386,0.142115,0.10634,0.378464,0.0170796
39,residual_4,68,0,0.0009,0.275618,0.175705,-1.97898,-0.470178,0.439956,0.265415,0.0259646,0.0247935,0.0474447,0.0134334,0.0128368
40,residual_3,86,0,0.0009,0.0816516,-0.946225,2.29901,0.0626379,0.402548,0.37511,0.0259558,0.0256077,0.0459146,0.0132956,0.017338
23,residual_12,19,0,0.0009,0.0611296,2.27547,-0.973503,-0.0181388,0.365613,0.05,0.0268793,0.025169,0.0570263,0.0171116,0.0142099
39,residual_8,16,0,0.0009,0.0357132,-2.36423,0.143319,-1.25931,0.242804,0.050368,0.0615859,0.176831,0.0834693,0.367396,0.0151629
40,residual_2,140,0,0.0009,0.0899087,-0.270106,0.193401,-1.56662,0.408419,0.386031,0.0259889,0.0253099,0.0454874,0.0165178,0.013577
39,residual_7,9,0,0.0009,0.0143443,-3.75204,-1.17707,-1.4252,0.192878,0.05,0.0272303,0.0276498,0.158457,0.0231453,0.0191138
40,residual_1,54,0,0.0009,0.0327736,2.07478,-1.95,-0.0254835,0.405356,0.05,0.0264997,0.0247543,0.0468459,0.0165334,0.012538
25,residual_11,185,0,0.0009,0.837642,2.01345,0.790736,1.36254,0.4118,0.270065,0.0258079,0.0246839,0.0487004,0.011927,0.0119012
25,residual_10,217,0,0.0009,0.875076,2.26721,-0.21796,1.53723,0.739568,0.249153,0.02581,0.0246965,0.0485481,0.0120376,0.0118902
30,residual_9,177,0,0.0009,0.0898315,4.73815,-0.699096,1.54632,0.535993,0.486526,0.0264321,0.0252957,0.0471797,0.012356,0.0121904
40,residual_6,37,0,0.0009,0.171884,-3.34903,-0.375258,-1.14601,1.4313,0.22837,0.0960733,0.205997,0.0454001,0.448212,0.0149284
40,residual_5,14,0,0.0009,0.0262319,-2.40501,-1.16719,-0.844177,0.215589,0.0673465,0.130087,0.142267,0.105224,0.378289,0.0169766
40,residual_4,66,0,0.0009,0.272695,0.1755,-1.97921,-0.468407,0.439936,0.265341,0.0259659,0.024794,0.0473161,0.0134447,0.0128303
41,residual_3,86,0,0.0009,0.0771805,-0.946225,2.29916,0.0629629,0.402576,0.375088,0.0259552,0.0257337,0.045815,0.0132861,0.0179971
24,residual_12,20,0,0.0009,0.109266,2.27326,-0.973624,-0.0167511,0.369387,0.05,0.026801,0.0250961,0.0560943,0.0170707,0.0140822
40,residual_8,16,0,0.0009,0.0142316,-2.36386,0.143545,-1.26071,0.24282,0.05,0.061629,0.176834,0.0828733,0.367421,0.0151965
41,residual_2,140,0,0.0009,0.0817702,-0.270245,0.193289,-1.56621,0.408728,0.386019,0.0259925,0.0252968,0.0453934,0.0164273,0.0136142
40,residual_7,9,0,0.0009,0.0146225,-3.7538,-1.17729,-1.42145,0.193083,0.05,0.0273356,0.0276156,0.157137,0.0230392,0.0196601
41,residual_1,53,0,0.0009,0.0273637,2.07379,-1.95009,-0.0247594,0.40673,0.05,0.0265194,0.0247557,0.0466981,0.0165554,0.0125459
26,residual_11,187,0,0.0009,0.835087,2.0134,0.790672,1.36243,0.411559,0.270118,0.0258063,0.0246827,0.0482664,0.0119264,0.0118996
26,residual_10,214,0,0.0009,0.853725,2.26713,-0.217985,1.53723,0.740052,0.249019,0.0258083,0.0246956,0.0481178,0.012039,0.0118884
41,residual_6,37,0,0.0009,0.178067,-3.34924,-0.374635,-1.1458,1.43123,0.228176,0.0960822,0.205991,0.0453082,0.44824,0.0149268
41,residual_5,14,0,0.0009,0.0372358,-2.40342,-1.16749,-0.849401,0.213057,0.0663969,0.129689,0.142433,0.10422,0.377992,0.0168433
41,residual_4,66,0,0.0009,0.276709,0.175118,-1.9793,-0.465765,0.440174,0.26529,0.0259678,0.0247939,0.0471902,0.0134592,0.0128271
42,residual_3,86,0,0.0009,0.0826136,-0.946044,2.29922,0.0627179,0.402047,0.37537,0.0259543,0.0256818,0.0457264,0.0132775,0.0177322
25,residual_12,19,0,0.0009,0.071662,2.27324,-0.973201,-0.0168017,0.369464,0.05,0.0267594,0.0250955,0.05528,0.017043,0.0142784
41,residual_8,16,0,0.0009,0.0237352,-2.36433,0.143174,-1.26041,0.242706,0.05,0.0616789,0.176837,0.0822752,0.367451,0.0153026
42,residual_2,140,0,0.0009,0.0808139,-0.270487,0.193187,-1.56592,0.409009,0.386713,0.0260095,0.025287,0.0453076,0.0163596,0.0137794
41,residual_7,9,0,0.0009,0.00850082,-3.75429,-1.1772,-1.41761,0.192989,0.05,0.0273626,0.0275897,0.155984,0.0229415,0.0197779
42,residual_1,54,0,0.0009,0.0548753,2.07258,-1.95,-0.0240288,0.4085,0.05,0.0266,0.0247554,0.0465578,0.016768,0.0125421
27,residual_11,186,0,0.0009,0.831827,2.01335,0.790621,1.36226,0.411221,0.270143,0.025805,0.0246819,0.0478772,0.0119271,0.0118984
27,residual_10,216,0,0.0009,0.856619,2.26714,-0.21793,1.53726,0.739795,0.249197,0.025807,0.0246947,0.0477321,0.0120381,0.0118874
32,residual_9,178,0,0.0009,0.102767,4.73824,-0.698982,1.54611,0.536272,0.486204,0.0276492,0.0265318,0.0468978,0.0123479,0.0121899
42,residual_6,37,0,0.0009,0.175368,-3.3495,-0.374242,-1.14589,1.43118,0.227565,0.0960883,0.205989,0.0452251,0.448265,0.0149269
42,residual_5,14,0,0.0009,0.0333486,-2.40509,-1.16745,-0.851947,0.215335,0.0677482,0.129291,0.142599,0.103368,0.377694,0.0169411
42,residual_4,66,0,0.0009,0.272522,0.175016,-1.97904,-0.46289,0.44034,0.265179,0.0259696,0.0247937,0.0470758,0.0134739,0.0128235
43,residual_3,86,0,0.0009,0.0788373,-0.946203,2.29904,0.0629123,0.402341,0.375391,0.0259541,0.0258164,0.0456428,0.0132708,0.0183777
26,residual_12,19,0,0.0009,0.0524407,2.27382,-0.972693,-0.0173052,0.370202,0.05,0.0267962,0.0251039,0.0544785,0.0171646,0.0145341
42,residual_8,16,0,0.0009,0.0244204,-2.36474,0.14603,-1.25802,0.248267,0.05,0.0617387,0.176635,0.0814388,0.367101,0.0151812
43,residual_2,140,0,0.0009,0.0821509,-0.270759,0.1937,-1.56616,0.407824,0.387363,0.0260095,0.0252261,0.0452309,0.0159477,0.0137757
42,residual_7,9,0,0.0009,0.0167507,-3.75392,-1.17699,-1.41777,0.192801,0.05,0.027332,0.0275683,0.154778,0.0228531,0.0196688
43,residual_1,54,0,0.0009,0.0248029,2.07188,-1.95002,-0.0232021,0.409586,0.05,0.0266037,0.0247564,0.0464371,0.016753,0.0125487
28,residual_11,191,0,0.0009,0.804525,2.01352,0.790799,1.36173,0.411346,0.270308,0.025804,0.0246811,0.0475273,0.011925,0.011897
28,residual_10,215,0,0.0009,0.875833,2.26712,-0.217719,1.53714,0.739933,0.249211,0.0258063,0.0246939,0.0473861,0.0120358,0.0118871
33,residual_9,176,0,0.0009,0.0986883,4.73855,-0.698864,1.5464,0.536283,0.485648,0.0271957,0.0260483,0.0466441,0.0123421,0.0121891
43,residual_6,37,0,0.0009,0.18345,-3.34965,-0.37389,-1.14564,1.43112,0.227906,0.096101,0.205987,0.04515,0.44829,0.0149267
43,residual_5,14,0,0.0009,0.0294475,-2.40485,-1.16743,-0.851745,0.215044,0.0676463,0.128952,0.142757,0.102425,0.377474,0.0168561
43,residual_4,66,0,0.0009,0.27134,0.174759,-1.97909,-0.460063,0.440425,0.264891,0.0259709,0.0247936,0.0469707,0.013483,0.0128204
44,residual_3,86,0,0.0009,0.0828238,-0.94588,2.29884,0.0632814,0.401866,0.375406,0.0259533,0.0257469,0.0455702,0.0132655,0.0180455
27,residual_12,19,0,0.0009,0.0716345,2.27364,-0.972579,-0.0156606,0.370196,0.05,0.0267519,0.025085,0.0538397,0.0171258,0.014506
43,residual_8,16,0,0.0009,0.0262146,-2.36541,0.145658,-1.25861,0.248076,0.05,0.0618011,0.176628,0.0809292,0.367125,0.0152096
44,residual_2,140,0,0.0009,0.0848793,-0.270957,0.19352,-1.56602,0.408301,0.387573,0.0260095,0.0252279,0.0451614,0.0159609,0.0137732
43,residual_7,9,0,0.0009,0.0118097,-3.75339,-1.17684,-1.41627,0.193026,0.05,0.027307,0.0275509,0.153632,0.022777,0.0195724
44,residual_1,53,0,0.0009,0.0286306,2.07087,-1.95007,-0.0231059,0.411195,0.05,0.0266626,0.0247546,0.046323,0.0169231,0.0125343
29,residual_11,185,0,0.0009,0.841619,2.01328,0.790806,1.36194,0.411108,0.270301,0.0258033,0.0246808,0.0472137,0.0119263,0.0118967
29,residual_10,215,0,0.0009,0.865467,2.2671,-0.217553,1.53723,0.740435,0.249114,0.0258056,0.0246937,0.0470752,0.0120371,0.0118857
44,residual_6,37,0,0.0009,0.171606,-3.3496,-0.373483,-1.14556,1.4311,0.22821,0.0961152,0.205987,0.045082,0.448318,0.0149249
44,residual_5,14,0,0.0009,0.0321375,-2.40434,-1.1674,-0.852126,0.214525,0.0672875,0.128658,0.142908,0.101504,0.377305,0.0167826
44,residual_4,67,0,0.0009,0.280758,0.174506,-1.97904,-0.458106,0.440574,0.264964,0.0259717,0.0247926,0.0468736,0.0134913,0.0128051
45,residual_3,86,0,0.0009,0.0729021,-0.945854,2.29843,0.0632599,0.401763,0.375,0.025953,0.0258919,0.0455008,0.0132602,0.0186587
28,residual_12,19,0,0.0009,0.0539161,2.27351,-0.972037,-0.0161328,0.370128,0.05,0.0267186,0.0251026,0.0532404,0.0170925,0.0147264
44,residual_8,16,0,0.0009,0.0199525,-2.36505,0.145791,-1.25674,0.247956,0.05,0.0618897,0.176605,0.0802268,0.367136,0.015142
45,residual_2,140,0,0.0009,0.0817492,-0.270945,0.19343,-1.56585,0.408474,0.387357,0.0260094,0.0252293,0.0450986,0.0159716,0.013771
44,residual_7,9,0,0.0009,0.0203273,-3.75432,-1.17693,-1.41495,0.193054,0.05,0.0273411,0.0275397,0.152445,0.0227068,0.0197016
45,residual_1,53,0,0.0009,0.0294918,2.07033,-1.94988,-0.0226417,0.412174,0.05,0.0266451,0.0247555,0.0462238,0.0168833,0.0125447
30,residual_11,187,0,0.0009,0.848492,2.01326,0.790898,1.36179,0.411119,0.270491,0.0258029,0.0246804,0.0469318,0.0119259,0.0118966
30,residual_10,217,0,0.0009,0.858556,2.26708,-0.217645,1.53728,0.740069,0.249254,0.025805,0.0246931,0.0467956,0.0120354,0.0118857
35,residual_9,175,0,0.0009,0.0990582,4.73836,-0.698893,1.54637,0.536141,0.485849,0.0281772,0.0270343,0.0464162,0.0123346,0.0121942
45,residual_6,37,0,0.0009,0.16292,-3.34914,-0.374849,-1.14556,1.43132,0.227357,0.0961464,0.206037,0.0450184,0.448344,0.0149256
45,residual_5,14,0,0.0009,0.0241627,-2.40397,-1.16732,-0.852292,0.214099,0.0668603,0.128406,0.143048,0.100647,0.37718,0.0167199
45,residual_4,66,0,0.0009,0.256997,0.174274,-1.97904,-0.456111,0.440688,0.264929,0.0259723,0.0247928,0.0467861,0.0134989,0.0128065
46,residual_3,86,0,0.0009,0.0750722,-0.945526,2.29867,0.06327,0.401246,0.375549,0.0259525,0.0258014,0.0454407,0.0132545,0.0182705
29,residual_12,19,0,0.0009,0.0581749,2.27344,-0.972079,-0.0174126,0.370085,0.05,0.026694,0.0250819,0.0527047,0.0170646,0.0146621
45,residual_8,16,0,0.0009,0.0172846,-2.36478,0.145857,-1.25522,0.247867,0.05,0.0619969,0.17657,0.0795816,0.367138,0.0150871
46,residual_2,140,0,0.0009,0.0752051,-0.271118,0.193363,-1.56576,0.40856,0.387524,0.0260095,0.0252303,0.0450416,0.0159805,0.0137694
45,residual_7,9,0,0.0009,0.00780065,-3.75408,-1.17697,-1.41869,0.19267,0.05,0.0273164,0.0275264,0.150939,0.0226415,0.0195959
46,residual_1,53,0,0.0009,0.036875,2.06936,-1.94986,-0.0223547,0.413766,0.05,0.0267106,0.0247533,0.0461285,0.0170767,0.0125287
31,residual_11,190,0,0.0009,0.816609,2.01336,0.790827,1.36171,0.411521,0.270202,0.0258024,0.0246802,0.0466765,0.0119271,0.011894
31,residual_10,217,0,0.0009,0.858345,2.26708,-0.217742,1.53725,0.739805,0.249271,0.0258046,0.0246929,0.0465442,0.0120352,0.0118853
36,residual_9,179,0,0.0009,0.128838,4.73805,-0.698896,1.54574,0.535733,0.486916,0.0275876,0.0264109,0.0462106,0.0123251,0.0121932
46,residual_6,37,0,0.0009,0.164007,-3.34926,-0.374332,-1.14566,1.43128,0.227272,0.0961521,0.20603,0.044963,0.448368,0.0149253
46,residual_5,14,0,0.0009,0.0178562,-2.40462,-1.16746,-0.853198,0.21482,0.0673337,0.128178,0.143185,0.0999019,0.377076,0.016825
46,residual_4,66,0,0.0009,0.284873,0.174016,-1.9792,-0.454373,0.440761,0.264647,0.025974,0.0247928,0.046709,0.0135079,0.0128054
47,residual_3,86,0,0.0009,0.0792289,-0.945481,2.29854,0.0636282,0.401047,0.375566,0.0259528,0.0259296,0.0453838,0.0132527,0.018898
30,residual_12,19,0,0.0009,0.0403471,2.27329,-0.971364,-0.016579,0.370031,0.05,0.0266757,0.0251029,0.0522134,0.0170424,0.0148565
46,residual_8,16,0,0.0009,0.0161183,-2.36039,0.133921,-1.25622,0.222467,0.05,0.0617049,0.175333,0.0789454,0.364576,0.0150649
47,residual_2,140,0,0.0009,0.0908256,-0.270754,0.193291,-1.56599,0.408744,0.386884,0.026,0.0253387,0.0449903,0.0167017,0.0136769
46,residual_7,9,0,0.0009,0.016332,-3.75552,-1.17727,-1.41557,0.192683,0.05,0.0273522,0.02752,0.149951,0.0225844,0.0197228
47,residual_1,53,0,0.0009,0.027615,2.06853,-1.94991,-0.0219028,0.415224,0.05,0.0267504,0.0247536,0.0460419,0.0172075,0.0125299
32,residual_11,188,0,0.0009,0.835264,2.01297,0.790702,1.36126,0.411386,0.270227,0.0258021,0.02468,0.0464475,0.0119267,0.0118938
32,residual_10,218,0,0.0009,0.857425,2.2667,-0.217506,1.5376,0.738735,0.249568,0.0258045,0.0246921,0.0463182,0.0120288,0.0118862
37,residual_9,183,0,0.0009,0.138699,4.73787,-0.699351,1.54572,0.536057,0.485959,0.027148,0.0259585,0.0460247,0.0123095,0.0121756
47,residual_6,37,0,0.0009,0.186081,-3.34942,-0.375801,-1.14559,1.4314,0.226427,0.0961778,0.206075,0.0449107,0.448391,0.0149271
47,residual_5,14,0,0.0009,0.0327093,-2.40579,-1.1673,-0.854878,0.21571,0.0677455,0.127943,0.143322,0.0992165,0.376966,0.0169151
47,residual_4,70,0,0.0009,0.27996,0.173429,-1.97864,-0.453342,0.440981,0.264187,0.0259744,0.0247913,0.0466359,0.01351,0.0127924
48,residual_3,86,0,0.0009,0.0893689,-0.946511,2.29896,0.0635087,0.402088,0.375355,0.0259523,0.0258316,0.0453372,0.0132539,0.0184592
31,residual_12,19,0,0.0009,0.0629708,2.2726,-0.97174,-0.0160185,0.369998,0.05,0.0266624,0.0250804,0.0518036,0.0170244,0.0147398
47,residual_8,16,0,0.0009,0.0256435,-2.36076,0.134108,-1.25568,0.222395,0.05,0.0617785,0.175316,0.0783659,0.364593,0.0150233
48,residual_2,140,0,0.0009,0.0879074,-0.271379,0.193098,-1.56622,0.409122,0.387351,0.0260017,0.0253209,0.0449437,0.0165798,0.0136942
47,residual_7,9,0,0.0009,0.00285365,-3.75516,-1.17676,-1.41433,0.192855,0.05,0.027289,0.0275131,0.148827,0.0225343,0.0195349
48,residual_1,53,0,0.0009,0.0305802,2.06711,-1.94982,-0.0220589,0.416476,0.05,0.0267833,0.0247529,0.0459643,0.017323,0.0125211
33,residual_11,193,0,0.0009,0.79434,2.01293,0.790888,1.36081,0.410742,0.270654,0.0258017,0.0246798,0.0462404,0.0119253,0.0118926
33,residual_10,213,0,0.0009,0.873834,2.26695,-0.217215,1.53804,0.738264,0.24931,0.0258044,0.0246927,0.0461145,0.0120359,0.0118853
38,residual_9,179,0,0.0009,0.0999394,4.73813,-0.698811,1.54561,0.537043,0.485557,0.0268203,0.0256292,0.0458575,0.0122979,0.0121656
48,residual_6,40,0,0.0009,0.21234,-3.36146,-0.346838,-1.14472,1.49292,0.229579,0.0962212,0.206103,0.0448616,0.448416,0.0148552
48,residual_5,16,0,0.0009,0.0364702,-2.40421,-1.16784,-0.857016,0.214741,0.065664,0.127673,0.143454,0.0978012,0.376834,0.0167885
48,residual_4,63,0,0.0009,0.236708,0.17271,-1.97804,-0.450144,0.437704,0.264134,0.0259758,0.0247945,0.0465841,0.0135269,0.012806
49,residual_3,91,0,0.0009,0.0812887,-0.948175,2.29927,0.0634377,0.405221,0.375516,0.0259569,0.0256745,0.0452916,0.0133103,0.0176715
32,residual_12,19,0,0.0009,0.0658558,2.27446,-0.971985,-0.0147345,0.370317,0.05,0.0268432,0.0250314,0.0513853,0.0176672,0.0144853
48,residual_8,15,0,0.0009,0.0510722,-2.36354,0.138276,-1.24938,0.227517,0.0511529,0.0616003,0.17415,0.0781892,0.361741,0.0150194
49,residual_2,139,0,0.0009,0.0832901,-0.271632,0.192999,-1.56601,0.409551,0.387201,0.0260031,0.0253073,0.0449025,0.0164836,0.0137073
48,residual_7,9,0,0.0009,0.0181742,-3.75709,-1.17593,-1.4145,0.192492,0.05,0.0272091,0.0282024,0.145147,0.0229828,0.0192686
49,residual_1,50,0,0.0009,0.0212854,2.06635,-1.9494,-0.0208604,0.417445,0.05,0.0269028,0.0247537,0.0459004,0.0175481,0.0125277
34,residual_11,195,0,0.0009,0.793238,2.01292,0.790895,1.36123,0.410272,0.270976,0.0258013,0.0246796,0.0460544,0.0119237,0.0118916
34,residual_10,216,0,0.0009,0.88697,2.26678,-0.216259,1.53806,0.73725,0.249403,0.0258042,0.0246934,0.0459309,0.0120434,0.0118836
39,residual_9,168,0,0.0009,0.081323,4.73789,-0.697471,1.54513,0.536291,0.485294,0.0265763,0.0253945,0.0457077,0.0123391,0.0121702
49,residual_6,39,0,0.0009,0.252123,-3.36284,-0.347379,-1.14569,1.49295,0.232757,0.0963053,0.20631,0.044816,0.448447,0.0149207
49,residual_5,12,0,0.0009,0.0284214,-2.40348,-1.16727,-0.859799,0.213575,0.0644274,0.127407,0.143606,0.0972438,0.376679,0.0170551
49,residual_4,63,0,0.0009,0.233271,0.171257,-1.97795,-0.444346,0.435728,0.265174,0.0259775,0.0247964,0.046538,0.0135333,0.0128272
50,residual_3,96,0,0.0009,0.0856606,-0.948347,2.2999,0.0630956,0.405202,0.374897,0.0260446,0.0254934,0.0452423,0.0141773,0.0167111
33,residual_12,19,0,0.0009,0.0690088,2.27579,-0.972176,-0.01424,0.37045,0.05,0.0267953,0.0249966,0.0510881,0.0175514,0.0143395
49,residual_8,16,0,0.0009,0.0250644,-2.36306,0.13837,-1.25065,0.228148,0.05,0.0617335,0.174059,0.0777155,0.361723,0.0149807
50,residual_2,144,0,0.0009,0.0901584,-0.272059,0.193442,-1.56683,0.408586,0.388054,0.0260172,0.025309,0.0448625,0.0164856,0.0138456
49,residual_7,8,0,0.0009,0.045608,-3.75997,-1.17567,-1.4079,0.192725,0.052763,0.0271793,0.0298041,0.141568,0.0235039,0.0192128
50,residual_1,50,0,0.0009,0.0192413,2.0663,-1.94915,-0.0188703,0.418747,0.05,0.0268544,0.024756,0.0458484,0.017554,0.0125446
35,residual_11,198,0,0.0009,0.803419,2.01235,0.791313,1.36071,0.409362,0.271529,0.0258013,0.0246793,0.045887,0.0119225,0.0118899
35,residual_10,214,0,0.0009,0.888295,2.26692,-0.214948,1.53902,0.735389,0.249139,0.0258046,0.0246934,0.0457661,0.0120439,0.0118837
40,residual_9,172,0,0.0009,0.13113,4.73755,-0.69779,1.54487,0.538628,0.485793,0.0263935,0.0252165,0.0455722,0.01232,0.0121777
50,residual_6,43,0,0.0009,0.333573,-3.36597,-0.348439,-1.14653,1.49339,0.237777,0.096365,0.206523,0.0447727,0.448473,0.0148975
50,residual_5,16,0,0.0009,0.0339337,-2.40152,-1.16818,-0.860141,0.212701,0.0626414,0.127148,0.143754,0.0957403,0.376537,0.0167503
50,residual_4,60,0,0.0009,0.225362,0.169707,-1.97781,-0.440106,0.431874,0.266228,0.0259815,0.0248017,0.0465102,0.0135726,0.0128519
51,residual_3,97,0,0.0009,0.0890032,-0.950667,2.29958,0.0637391,0.409359,0.3732,0.0260826,0.0254672,0.0451953,0.0145107,0.0166179
34,residual_12,18,0,0.0009,0.080512,2.27553,-0.972434,-0.014571,0.369731,0.05,0.0268211,0.0249516,0.0507834,0.017602,0.0140806
50,residual_8,16,0,0.0009,0.045714,-2.36435,0.139808,-1.25354,0.227754,0.0512903,0.0618033,0.174043,0.0773363,0.361745,0.0149674
51,residual_2,146,0,0.0009,0.0896404,-0.271776,0.193713,-1.56768,0.408025,0.386639,0.0260164,0.025295,0.0448277,0.0163967,0.0138361
50,residual_7,8,0,0.0009,0.207325,-3.75811,-1.17527,-1.40332,0.192753,0.0530358,0.0271814,0.0299591,0.140941,0.0238031,0.0191453
51,residual_1,48,0,0.0009,0.0239723,2.06615,-1.94917,-0.0185185,0.41999,0.05,0.0268666,0.0247569,0.0458017,0.0176252,0.0125513
36,residual_11,208,0,0.0009,0.851649,2.01205,0.792075,1.3607,0.407234,0.272633,0.0258011,0.024679,0.0457362,0.0119176,0.0118884
41,residual_9,166,0,0.0009,0.123275,4.73761,-0.697271,1.54434,0.53932,0.486487,0.0262582,0.0250882,0.0454508,0.012325,0.0122066
51,residual_6,40,0,0.0009,0.343526,-3.3716,-0.349792,-1.14836,1.49532,0.239057,0.0963788,0.206749,0.0447367,0.448486,0.0148903
51,residual_5,12,0,0.0009,0.0386975,-2.39974,-1.16802,-0.867646,0.210712,0.0612978,0.126848,0.144101,0.09482,0.376214,0.0166554
51,residual_4,62,0,0.0009,0.235847,0.167511,-1.97728,-0.432518,0.427514,0.268725,0.0259793,0.0248052,0.0464936,0.013554,0.0128742
52,residual_3,99,0,0.0009,0.0927193,-0.9506,2.30038,0.0629423,0.409299,0.372617,0.0261742,0.0255507,0.0451444,0.0153051,0.0171896
35,residual_12,244,0,0.0009,0.028922,2.27538,-0.969014,-0.00809597,0.370273,0.0527073,0.0267104,0.0249161,0.0504128,0.0172372,0.0138256
51,residual_8,16,0,0.0009,0.0107306,-2.36437,0.140659,-1.25641,0.227953,0.0504951,0.0618024,0.174033,0.0772247,0.361778,0.0150148
52,residual_2,153,0,0.0009,0.0874934,-0.271789,0.193827,-1.56752,0.407399,0.386721,0.0260133,0.0252294,0.0447932,0.0159621,0.0138077
51,residual_7,9,0,0.0009,0.0408611,-3.76084,-1.17576,-1.40237,0.192723,0.0554424,0.0271435,0.0315368,0.137771,0.0243219,0.018921
52,residual_1,45,0,0.0009,0.0389916,2.06559,-1.94837,-0.0165059,0.420509,0.05,0.0268774,0.0247585,0.0457694,0.0176885,0.0125604
37,residual_11,209,0,0.0009,0.858674,2.01241,0.792996,1.35955,0.405325,0.272471,0.0258008,0.0246788,0.0455992,0.0119165,0.0118869
37,residual_10,239,0,0.0009,0.834016,2.26783,-0.213102,1.5396,0.731333,0.249234,0.0272067,0.0261193,0.045617,0.0120576,0.0118816
42,residual_9,169,0,0.0009,0.123278,4.73866,-0.696847,1.54404,0.539803,0.484732,0.0261565,0.0249905,0.0453407,0.0123025,0.0122278
52,residual_6,36,0,0.0009,0.464946,-3.37997,-0.349806,-1.15278,1.50183,0.238356,0.0962764,0.206991,0.0447086,0.448431,0.0149767
52,residual_5,15,0,0.0009,0.0286278,-2.40047,-1.16789,-0.870627,0.211692,0.0623923,0.126368,0.144219,0.0944876,0.375861,0.0166104
52,residual_4,60,0,0.0009,0.214632,0.166147,-1.97783,-0.424398,0.422937,0.271726,0.0259788,0.0248088,0.0464806,0.0135543,0.0128922
53,residual_3,99,0,0.0009,0.144224,-0.950237,2.2998,0.0637722,0.409342,0.372431,0.0262673,0.0254684,0.0451028,0.0160623,0.0167043
52,residual_8,18,0,0.0009,0.0436177,-2.36461,0.135119,-1.25723,0.218118,0.0525359,0.0617864,0.174033,0.0768902,0.361811,0.0150946
53,residual_2,153,0,0.0009,0.0999171,-0.271551,0.193548,-1.56748,0.407129,0.38749,0.0260107,0.025336,0.0447608,0.0166805,0.0137833
52,residual_7,9,0,0.0009,0.0158396,-3.76023,-1.17601,-1.4037,0.191857,0.0537407,0.0271296,0.030825,0.136244,0.0242441,0.0188895
53,residual_1,44,0,0.0009,0.0862019,2.06653,-1.94755,-0.0140454,0.420045,0.05,0.0268908,0.0247609,0.045747,0.0177492,0.0125813
38,residual_11,213,0,0.0009,0.983505,2.01196,0.794295,1.35878,0.402162,0.271928,0.0258004,0.0246788,0.0454765,0.0119165,0.0118835
38,residual_10,240,0,0.0009,0.876168,2.26793,-0.209999,1.53989,0.725688,0.249457,0.0268579,0.0257414,0.0454823,0.0120762,0.0118792
43,residual_9,135,0,0.0009,0.116932,4.73805,-0.696341,1.5431,0.539912,0.484539,0.0261074,0.0249309,0.0452492,0.0123809,0.0125529
53,residual_6,39,0,0.0009,0.678341,-3.35919,-0.42486,-1.15781,1.34929,0.24005,0.030124,0.041257,0.0446845,0.0869468,0.0151408
53,residual_5,12,0,0.0009,0.0256414,-2.39985,-1.16727,-0.87294,0.210229,0.0614216,0.125944,0.144365,0.0939115,0.37553,0.0168902
53,residual_4,61,0,0.0009,0.219114,0.164796,-1.9789,-0.41938,0.420735,0.274436,0.0259806,0.0248092,0.0464483,0.0135752,0.012887
54,residual_3,103,0,0.0009,0.0849049,-0.950025,2.30032,0.0632075,0.409363,0.373887,0.0263626,0.0254014,0.0450611,0.0167846,0.01631
37,residual_12,8,0,0.0009,1.85768e-11,2.27538,-0.969014,-0.00809597,0.370273,0.0527073,0.0302232,0.0286498,0.051395,0.0179477,0.0147019
53,residual_8,13,0,0.0009,0.0177399,-2.36405,0.134348,-1.25845,0.21832,0.0515657,0.0617935,0.174112,0.0764259,0.361841,0.0154545
54,residual_2,155,0,0.0009,0.0946591,-0.271951,0.193367,-1.56737,0.406587,0.388358,0.0260082,0.0253152,0.0447314,0.0165451,0.0137621
53,residual_7,8,0,0.0009,0.0146187,-3.76157,-1.17614,-1.4009,0.191814,0.0534554,0.027273,0.0304302,0.134518,0.0245743,0.0194545
54,residual_1,40,0,0.0009,0.0216195,2.06506,-1.94755,-0.0135762,0.420387,0.05,0.0272683,0.0247634,0.0457414,0.0183254,0.0126081
39,residual_10,442,0,0.0009,0.463173,2.26795,-0.207644,1.53979,0.716105,0.249576,0.026597,0.0254673,0.0453608,0.0121024,0.0118792
44,residual_9,139,0,0.0009,0.144043,4.73704,-0.695248,1.54215,0.539797,0.4857,0.0260831,0.024884,0.0451667,0.0124276,0.0129163
54,residual_6,36,0,0.0009,0.758687,-3.37483,-0.426733,-1.16392,1.35765,0.238948,0.0280712,0.0337632,0.0446666,0.0686605,0.0154048
54,residual_5,13,0,0.0009,0.0428502,-2.40039,-1.16716,-0.871601,0.210581,0.061335,0.12563,0.144486,0.0929718,0.37534,0.0175472
54,residual_4,60,0,0.0009,0.206503,0.163241,-1.97992,-0.412729,0.416569,0.278509,0.0258799,0.0247702,0.0464379,0.013568,0.0129025
55,residual_3,103,0,0.0009,0.0893313,-0.949917,2.29974,0.0629461,0.409371,0.373968,0.0264601,0.0255252,0.0450264,0.0174763,0.0170067
38,residual_12,9,0,0.0009,4.20055e-10,2.27538,-0.969014,-0.00809597,0.370273,0.0527073,0.0318346,0.0303449,0.0523588,0.0186312,0.0155289
54,residual_8,16,0,0.0009,0.0351807,-2.36991,0.147672,-1.26126,0.24337,0.0540525,0.0592819,0.166136,0.0760371,0.345007,0.0153812
55,residual_2,160,0,0.0009,0.106589,-0.271663,0.192464,-1.56721,0.407739,0.387891,0.0260445,0.0251706,0.0447052,0.0155642,0.0141104
54,residual_7,9,0,0.0009,0.0265932,-3.76361,-1.17647,-1.40514,0.191806,0.0553556,0.0272201,0.0319854,0.131716,0.0250773,0.0191723
55,residual_1,45,0,0.0009,0.041032,2.0648,-1.94776,-0.0137603,0.42005,0.05,0.0271829,0.0247633,0.0457164,0.0182941,0.0126073
40,residual_11,232,0,0.0009,1.12852,2.01245,0.795403,1.35815,0.400065,0.27011,0.0272017,0.0261033,0.0453642,0.0119175,0.0118751
40,residual_10,229,0,0.0009,0.865249,2.26785,-0.206494,1.5392,0.702311,0.251634,0.0264018,0.025266,0.0452514,0.0121151,0.011881
45,residual_9,172,0,0.0009,0.19746,4.73625,-0.694891,1.54175,0.538776,0.485615,0.026025,0.0248405,0.0450846,0.0123805,0.0127539
55,residual_6,34,0,0.0009,0.888199,-3.39084,-0.433703,-1.17093,1.35711,0.238412,0.0273376,0.0307477,0.0446539,0.0602118,0.0158409
55,residual_5,15,0,0.0009,0.0245606,-2.40178,-1.16697,-0.873254,0.211926,0.0626457,0.12527,0.144612,0.0924692,0.375131,0.0173093
55,residual_4,61,0,0.0009,0.201519,0.161923,-1.98191,-0.407388,0.414812,0.282272,0.0258087,0.0247386,0.0464061,0.0136041,0.0128958
56,residual_3,103,0,0.0009,0.115368,-0.950358,2.30068,0.0620057,0.409327,0.371289,0.0265585,0.0253809,0.0450028,0.018141,0.0161658
55,residual_8,18,0,0.0009,0.0402078,-2.36749,0.136427,-1.2615,0.21626,0.0544091,0.0544144,0.149674,0.0757073,0.306139,0.0152555
56,residual_2,162,0,0.0009,0.128489,-0.2722,0.192297,-1.56707,0.407598,0.38783,0.0260175,0.0251752,0.0446804,0.0156092,0.0138486
55,residual_7,8,0,0.0009,0.00534329,-3.76397,-1.17653,-1.40339,0.191804,0.0547116,0.0272345,0.0334706,0.129023,0.0255705,0.0190573
56,residual_1,42,0,0.0009,0.0265553,2.06348,-1.94742,-0.0136169,0.418932,0.05,0.0272195,0.0247639,0.0457036,0.018414,0.0126119
41,residual_11,242,0,0.0009,1.19435,2.01302,0.796217,1.35616,0.39814,0.268653,0.0268524,0.0257227,0.0452635,0.011919,0.0118675
46,residual_9,151,0,0.0009,0.310206,4.73509,-0.693867,1.54009,0.538673,0.48581,0.0260127,0.0248142,0.0450173,0.0123947,0.0129699
56,residual_6,24,0,0.0009,0.718968,-3.41085,-0.447136,-1.18413,1.34859,0.241219,0.0272677,0.0293986,0.0447873,0.055363,0.0165753
56,residual_5,14,0,0.0009,0.026806,-2.40187,-1.16683,-0.877414,0.212116,0.0632084,0.12488,0.144751,0.0917415,0.37486,0.017518
56,residual_4,61,0,0.0009,0.260341,0.160109,-1.98391,-0.399851,0.412121,0.288382,0.0257517,0.0247174,0.0463955,0.0136002,0.0128962
57,residual_3,108,0,0.0009,0.206214,-0.951115,2.30109,0.0612359,0.40925,0.366472,0.0266585,0.0252586,0.0449796,0.0187818,0.0154545
40,residual_12,225,0,0.0009,0.273489,2.27228,-0.950837,0.00455252,0.371397,0.0719883,0.0344026,0.0299194,0.0517243,0.0192678,0.0151675
56,residual_8,20,0,0.0009,0.0252187,-2.36796,0.137851,-1.26614,0.216614,0.0538583,0.0541957,0.149436,0.0755046,0.306099,0.0150691
57,residual_2,167,0,0.0009,0.157356,-0.272829,0.190899,-1.56717,0.409527,0.387764,0.0260034,0.0250945,0.0446567,0.0150468,0.0137129
56,residual_7,15,0,0.0009,0.0353324,-3.76479,-1.17589,-1.3959,0.191758,0.0548454,0.0272109,0.0325155,0.127027,0.0258851,0.0190052
57,residual_1,46,0,0.0009,0.103718,2.06098,-1.94781,-0.011663,0.420777,0.05,0.0273775,0.0247641,0.0456676,0.0188533,0.0126061
42,residual_11,249,0,0.0009,1.26367,2.01352,0.797477,1.35334,0.39574,0.267761,0.0265913,0.0254455,0.045172,0.0119221,0.0118605
47,residual_9,160,0,0.0009,0.219744,4.73485,-0.692744,1.53916,0.536399,0.485332,0.0259741,0.0247899,0.0449523,0.0123659,0.0128124
57,residual_6,24,0,0.0009,0.595308,-3.42924,-0.456385,-1.19334,1.34557,0.243677,0.0276686,0.0290007,0.044994,0.0526022,0.0172849
57,residual_5,15,0,0.0009,0.023321,-2.40072,-1.16663,-0.878371,0.2107,0.0624377,0.124488,0.14489,0.0910908,0.374613,0.0171344
57,residual_4,58,0,0.0009,0.223641,0.15837,-1.98566,-0.394813,0.408781,0.292569,0.0257167,0.0247037,0.0463879,0.013654,0.0129005
58,residual_3,117,0,0.0009,0.413799,-0.952337,2.29979,0.0618592,0.409115,0.358095,0.0267589,0.0251622,0.0449569,0.019401,0.0148669
41,residual_12,222,0,0.0009,0.273428,2.26167,-0.937728,0.0200116,0.37403,0.0916723,0.0347804,0.0284646,0.0511659,0.0198541,0.0149629
57,residual_8,19,0,0.0009,0.0217813,-2.36836,0.138814,-1.26478,0.217082,0.054443,0.0540372,0.149218,0.0752867,0.306089,0.0149254
58,residual_2,168,0,0.0009,0.222184,-0.273062,0.190294,-1.56671,0.40978,0.386964,0.0260007,0.0251092,0.0446356,0.0151743,0.0136919
57,residual_7,17,0,0.0009,0.0839261,-3.76657,-1.17691,-1.40161,0.192281,0.0581746,0.0271511,0.0317971,0.124793,0.0256538,0.0189136
58,residual_1,44,0,0.0009,0.0231713,2.06164,-1.94764,-0.0116588,0.420935,0.05,0.0273449,0.0247646,0.0456491,0.0193613,0.0126091
43,residual_11,259,0,0.0009,1.29993,2.01348,0.798659,1.34936,0.392903,0.266822,0.0263948,0.0252427,0.0450887,0.0119243,0.0118542
48,residual_9,156,0,0.0009,0.186083,4.73473,-0.69122,1.53904,0.533646,0.484677,0.0259439,0.0247739,0.0448936,0.0123569,0.0126885
58,residual_6,19,0,0.0009,0.524317,-3.44035,-0.461091,-1.19596,1.34502,0.245142,0.0284113,0.0291806,0.0453315,0.0509768,0.0179742
58,residual_5,13,0,0.0009,0.0410548,-2.40156,-1.16631,-0.8775,0.21108,0.0623519,0.124243,0.145019,0.0903259,0.374484,0.0177851
58,residual_4,59,0,0.0009,0.217983,0.156454,-1.9875,-0.389763,0.406573,0.298125,0.025684,0.0246945,0.0463902,0.0136595,0.0129199
59,residual_3,137,0,0.0009,0.331648,-0.952325,2.29784,0.0613378,0.408268,0.347146,0.0268578,0.0250523,0.0449269,0.0199818,0.0141734
42,residual_12,283,0,0.0009,0.195857,2.26221,-0.923177,0.030316,0.374404,0.10465,0.0326866,0.0275295,0.050701,0.0202619,0.01535
58,residual_8,20,0,0.0009,0.0189093,-2.3687,0.141199,-1.26683,0.219223,0.0536502,0.0503552,0.136461,0.0746499,0.279714,0.0147083
59,residual_2,173,0,0.0009,0.27241,-0.274254,0.189089,-1.56671,0.410973,0.387092,0.0260118,0.0250786,0.044614,0.0149666,0.0138061
58,residual_7,14,0,0.0009,0.0856126,-3.7685,-1.17313,-1.41303,0.193753,0.0599944,0.0271245,0.0331774,0.122134,0.0261159,0.0186904
44,residual_11,267,0,0.0009,1.37984,2.01346,0.799391,1.34579,0.388626,0.266065,0.0262475,0.0250945,0.0450124,0.0119295,0.0118481
49,residual_9,165,0,0.0009,0.173077,4.73501,-0.689867,1.53809,0.533014,0.484473,0.0259277,0.0247624,0.0448405,0.012356,0.0126703
59,residual_6,13,0,0.0009,0.35378,-3.44347,-0.462711,-1.19603,1.34456,0.245572,0.0293587,0.0296144,0.0456958,0.0500172,0.0186413
59,residual_5,15,0,0.0009,0.0329151,-2.40337,-1.16644,-0.878064,0.212751,0.0639094,0.123969,0.145143,0.089932,0.374361,0.0174736
59,residual_4,58,0,0.0009,0.187948,0.154801,-1.98964,-0.38558,0.40429,0.30273,0.0256677,0.0246865,0.0463679,0.0137181,0.0129175
60,residual_3,145,0,0.0009,0.335147,-0.952081,2.29657,0.0611439,0.408189,0.339407,0.0269588,0.0249697,0.0448926,0.0205624,0.0136621
43,residual_12,215,0,0.0009,0.272672,2.26401,-0.911883,0.0403164,0.37493,0.120684,0.0311888,0.0268581,0.050241,0.0206303,0.0155603
59,residual_8,19,0,0.0009,0.0290543,-2.35825,0.106739,-1.26322,0.146849,0.0524699,0.0355314,0.0778432,0.0745917,0.154833,0.0147551
60,residual_2,178,0,0.0009,0.304593,-0.273995,0.188483,-1.56613,0.410924,0.384363,0.0259976,0.0251837,0.0445946,0.0157372,0.0136654
59,residual_7,14,0,0.0009,0.239089,-3.77022,-1.16137,-1.4297,0.201427,0.0622717,0.0271482,0.0325762,0.119701,0.026248,0.0189116
60,residual_1,42,0,0.0009,0.025339,2.05928,-1.94735,-0.0104975,0.421277,0.05,0.0287208,0.0261896,0.0456407,0.0193625,0.0126268
45,residual_11,275,0,0.0009,1.42292,2.01382,0.79989,1.34229,0.384307,0.265441,0.0261363,0.0249854,0.0449436,0.0119313,0.0118435
45,residual_10,211,0,0.0009,0.69532,2.26782,-0.204256,1.53933,0.695265,0.256014,0.0309003,0.0299595,0.0451534,0.0121598,0.0118959
50,residual_9,154,0,0.0009,0.215868,4.73802,-0.690618,1.53914,0.534772,0.476725,0.0259094,0.0247555,0.0447934,0.0123685,0.0125918
60,residual_5,15,0,0.0009,0.025283,-2.40131,-1.16695,-0.883152,0.211378,0.0628577,0.123603,0.145286,0.0896119,0.374131,0.017213
60,residual_4,58,0,0.0009,0.192352,0.153295,-1.99162,-0.380437,0.401854,0.308189,0.0256578,0.0246803,0.046337,0.0137668,0.0129035
61,residual_3,148,0,0.0009,0.404291,-0.945969,2.29549,0.061991,0.397231,0.331091,0.0267535,0.0248668,0.0448585,0.0203726,0.0133
60,residual_8,25,0,0.0009,0.0589919,-2.36192,0.113612,-1.26521,0.163872,0.0551696,0.0276099,0.0382637,0.0740337,0.0628917,0.0145427
61,residual_2,192,0,0.0009,0.311873,-0.274864,0.187436,-1.56602,0.411283,0.386149,0.0259841,0.025135,0.0445748,0.0153882,0.013539
60,residual_7,16,0,0.0009,0.311409,-3.77123,-1.14925,-1.47436,0.217029,0.0655065,0.0270452,0.0314731,0.117526,0.0260218,0.0186536
61,residual_1,42,0,0.0009,0.0601088,2.05886,-1.94777,-0.00812441,0.419822,0.05,0.0284178,0.0258128,0.0456337,0.0193648,0.0126381
46,residual_11,290,0,0.0009,1.58823,2.01313,0.797714,1.34112,0.381967,0.265968,0.0260524,0.0249051,0.0448815,0.0119326,0.0118384
51,residual_9,156,0,0.0009,0.268028,4.73929,-0.690886,1.53993,0.536057,0.471005,0.02589,0.0247537,0.0447512,0.0123991,0.0124789
61,residual_5,15,0,0.0009,0.0291008,-2.40256,-1.16603,-0.886231,0.211895,0.0621732,0.123207,0.145433,0.0893565,0.373866,0.0169981
61,residual_4,57,0,0.0009,0.19238,0.151519,-1.99362,-0.375729,0.399592,0.31317,0.0255934,0.0247285,0.0463127,0.0138439,0.0128931
62,residual_3,156,0,0.0009,0.211978,-0.934925,2.29622,0.0627267,0.373286,0.332193,0.0261875,0.0247904,0.0448245,0.0176559,0.0130479
45,residual_12,219,0,0.0009,0.307387,2.26642,-0.896775,0.0540434,0.374437,0.135716,0.0313357,0.027639,0.049825,0.021101,0.015376
61,residual_8,23,0,0.0009,0.0185686,-2.36154,0.114807,-1.26714,0.164085,0.0533822,0.0266376,0.0324783,0.0737586,0.0465225,0.0144086
62,residual_2,197,0,0.0009,0.313228,-0.276797,0.187013,-1.56577,0.41126,0.38753,0.0259646,0.0250989,0.0445555,0.0151294,0.0133529
61,residual_7,13,0,0.0009,0.487555,-3.77232,-1.12785,-1.49919,0.235545,0.0654895,0.026944,0.0304123,0.115693,0.0255062,0.0188875
62,residual_1,47,0,0.0009,0.140034,2.05644,-1.94776,-0.00475404,0.420546,0.05,0.028187,0.0255372,0.0456275,0.0193716,0.0126396
47,residual_11,293,0,0.0009,1.48381,2.01254,0.794738,1.33751,0.377059,0.26779,0.0259894,0.0248453,0.0448261,0.0119272,0.011836
52,residual_9,148,0,0.0009,0.1836,4.73959,-0.692965,1.53968,0.53588,0.469564,0.0258754,0.0247565,0.0447126,0.0124561,0.012399
62,residual_5,13,0,0.0009,0.0226879,-2.39251,-1.17659,-0.883001,0.180486,0.0603988,0.034989,0.0371726,0.0891083,0.0739894,0.0172009
62,residual_4,62,0,0.0009,0.248904,0.149136,-1.99515,-0.368244,0.399194,0.318515,0.0255241,0.0247632,0.0463015,0.0137668,0.0129065
63,residual_3,167,0,0.0009,0.154707,-0.932878,2.29688,0.0623455,0.369227,0.335926,0.0257978,0.0247381,0.0447924,0.015923,0.0128875
46,residual_12,207,0,0.0009,0.310194,2.26538,-0.882383,0.0655064,0.374518,0.15033,0.0303095,0.0269512,0.0494796,0.0215799,0.0155214
62,residual_8,24,0,0.0009,0.0185258,-2.3614,0.115633,-1.26955,0.163571,0.0516374,0.0261203,0.0291825,0.0735319,0.0358361,0.0143441
63,residual_2,203,0,0.0009,0.314828,-0.274118,0.188458,-1.5661,0.410141,0.379193,0.0259315,0.0251053,0.044539,0.0151777,0.013033
62,residual_7,14,0,0.0009,0.391537,-3.77639,-1.10949,-1.48918,0.250239,0.0673525,0.0267703,0.0294449,0.113497,0.0248869,0.018628
63,residual_1,43,0,0.0009,0.0440168,2.05633,-1.94769,-0.0031166,0.421419,0.05,0.0280098,0.0253346,0.0456129,0.0193792,0.0126422
48,residual_11,294,0,0.0009,1.37983,2.01113,0.792977,1.3344,0.372927,0.269804,0.025677,0.0247584,0.0447764,0.0119209,0.0118351
48,residual_10,221,0,0.0009,1.06942,2.2672,-0.214825,1.54046,0.712152,0.260225,0.031483,0.0305542,0.045064,0.0121606,0.0119031
53,residual_9,144,0,0.0009,0.173349,4.73841,-0.694114,1.53985,0.53416,0.470037,0.0258647,0.0247542,0.0446782,0.0124636,0.0123418
63,residual_5,16,0,0.0009,0.0251393,-2.39192,-1.17706,-0.884589,0.177502,0.0598411,0.0305125,0.0314625,0.0887288,0.0530355,0.0168336
63,residual_4,62,0,0.0009,0.270901,0.145907,-1.99685,-0.362415,0.400088,0.324039,0.0254756,0.0247885,0.046289,0.0137329,0.0129138
64,residual_3,164,0,0.0009,0.19843,-0.933937,2.29657,0.0636486,0.368299,0.337505,0.0257957,0.0247139,0.0447767,0.0166346,0.0127746
63,residual_8,24,0,0.0009,0.0684952,-2.36267,0.116594,-1.25938,0.165284,0.0513971,0.0258412,0.027705,0.0730632,0.0302421,0.0142441
64,residual_2,205,0,0.0009,0.312436,-0.271527,0.194879,-1.56584,0.398912,0.37213,0.0259057,0.0249923,0.0445259,0.0143363,0.0127871
63,residual_7,14,0,0.0009,0.352803,-3.77897,-1.09846,-1.48221,0.267161,0.0652713,0.0266038,0.0285272,0.112286,0.023887,0.0184849
64,residual_1,45,0,0.0009,0.143723,2.05634,-1.94739,0.000457696,0.422363,0.05,0.027685,0.0251866,0.0456143,0.0189634,0.012646
49,residual_11,296,0,0.0009,1.39935,2.00916,0.791716,1.33113,0.369864,0.271425,0.0254482,0.0246946,0.0447319,0.0119162,0.0118345
49,residual_10,209,0,0.0009,1.019,2.26463,-0.223602,1.5411,0.728568,0.262512,0.02977,0.0288233,0.0449834,0.0121617,0.0119121
54,residual_9,145,0,0.0009,0.226674,4.73684,-0.695339,1.54025,0.53295,0.46989,0.0258562,0.0247544,0.0446472,0.0124805,0.0122974
64,residual_5,16,0,0.0009,0.0328741,-2.39386,-1.17706,-0.888411,0.176807,0.0600849,0.0287916,0.0293029,0.0885813,0.0437111,0.0166778
64,residual_4,62,0,0.0009,0.269476,0.142465,-1.99799,-0.357845,0.40039,0.328766,0.0254391,0.0248073,0.0462857,0.0137013,0.0129201
65,residual_3,162,0,0.0009,0.212391,-0.93615,2.29638,0.0646162,0.368041,0.338314,0.025822,0.024696,0.0447666,0.0173313,0.0126744
64,residual_8,24,0,0.0009,0.0458179,-2.36438,0.119026,-1.25338,0.168279,0.0507215,0.0256823,0.0271102,0.072294,0.0277102,0.0140984
65,residual_2,207,0,0.0009,0.325493,-0.269894,0.199966,-1.56598,0.3909,0.365387,0.0258861,0.0249134,0.0445148,0.0137287,0.012606
64,residual_7,14,0,0.0009,0.339843,-3.77944,-1.08779,-1.49103,0.281874,0.0627131,0.0265202,0.0278498,0.111375,0.0230822,0.0183895
65,residual_1,44,0,0.0009,0.135102,2.05503,-1.94723,0.0026527,0.422439,0.05,0.0275078,0.0250791,0.0456082,0.0188615,0.0126468
50,residual_11,293,0,0.0009,1.27946,2.00769,0.791585,1.32804,0.365564,0.272805,0.0252801,0.0246477,0.0446918,0.0119125,0.0118342
50,residual_10,209,0,0.0009,0.901222,2.26359,-0.229288,1.54184,0.740987,0.264865,0.0285612,0.027624,0.0449104,0.0121643,0.0119182
55,residual_9,143,0,0.0009,0.186651,4.73647,-0.696375,1.54084,0.53305,0.469623,0.0258502,0.0247601,0.0446201,0.012538,0.0122704
65,residual_5,16,0,0.0009,0.0242504,-2.3936,-1.17769,-0.892111,0.174796,0.0589599,0.0278649,0.028167,0.0884401,0.0378932,0.0165485
65,residual_4,59,0,0.0009,0.191616,0.140674,-1.99929,-0.352104,0.399055,0.332381,0.0254215,0.0248224,0.0462819,0.0137206,0.0129208
66,residual_3,169,0,0.0009,0.226727,-0.937594,2.29692,0.0657573,0.368501,0.338859,0.0258658,0.02468,0.0447513,0.0179732,0.0125887
65,residual_8,24,0,0.0009,0.0654026,-2.36569,0.118571,-1.24972,0.168195,0.0520625,0.0258084,0.0287253,0.0715905,0.0281567,0.0139626
66,residual_2,211,0,0.0009,0.289721,-0.268011,0.203782,-1.56569,0.384869,0.360706,0.0258713,0.0248565,0.0445044,0.0132875,0.0124692
65,residual_7,11,0,0.0009,0.476652,-3.78149,-1.07125,-1.48465,0.28779,0.0610187,0.0266597,0.0276535,0.110685,0.0232008,0.01867
66,residual_1,43,0,0.0009,0.0916236,2.05638,-1.94676,0.00314671,0.427194,0.05,0.0272838,0.0250006,0.04562,0.018493,0.0126633
51,residual_11,291,0,0.0009,1.2912,2.00653,0.791176,1.32506,0.360235,0.274891,0.0251565,0.0246137,0.0446553,0.0119126,0.0118346
51,residual_10,225,0,0.0009,0.751603,2.26184,-0.23243,1.54209,0.747755,0.266999,0.0275647,0.026846,0.0448445,0.0121688,0.0119233
56,residual_9,147,0,0.0009,0.180061,4.736,-0.696743,1.54154,0.533792,0.468844,0.0258458,0.024763,0.0445957,0.01257,0.0122516
66,residual_5,16,0,0.0009,0.0361468,-2.39338,-1.17773,-0.892163,0.172944,0.058591,0.0272938,0.027493,0.088386,0.0342186,0.0164402
66,residual_4,58,0,0.0009,0.22653,0.137503,-2.00044,-0.345149,0.398359,0.336576,0.025417,0.0248359,0.0462879,0.0137522,0.0129398
67,residual_3,172,0,0.0009,0.347763,-0.93856,2.29718,0.0665662,0.367717,0.335222,0.0259245,0.0246609,0.0447383,0.0185911,0.0124961
66,residual_8,31,0,0.0009,0.0834393,-2.36757,0.118557,-1.24748,0.168684,0.0538794,0.0256988,0.0283162,0.0708315,0.0276999,0.0138131
67,residual_2,209,0,0.0009,0.252692,-0.2668,0.2067,-1.56606,0.38029,0.357293,0.0258607,0.0248157,0.0444958,0.0129659,0.0123781
66,residual_7,16,0,0.0009,0.362599,-3.78597,-1.06673,-1.47946,0.308253,0.0626069,0.0266484,0.0271779,0.109544,0.0221576,0.018491
67,residual_1,43,0,0.0009,0.201471,2.05536,-1.94725,0.00838722,0.427422,0.05,0.0276351,0.0249395,0.0456141,0.0190554,0.0126523
52,residual_11,292,0,0.0009,1.22494,2.0059,0.790621,1.32007,0.355803,0.277102,0.0250653,0.0245891,0.0446226,0.0119162,0.0118356
52,residual_10,212,0,0.0009,0.660933,2.26049,-0.233725,1.54236,0.751512,0.269349,0.0268499,0.0262869,0.0447856,0.0121831,0.0119313
57,residual_9,139,0,0.0009,0.122708,4.73629,-0.696174,1.54143,0.53412,0.468517,0.0258439,0.0247595,0.0445744,0.0125542,0.0122499
67,residual_5,16,0,0.0009,0.0154855,-2.39271,-1.17731,-0.892737,0.170958,0.0575846,0.0268914,0.0270354,0.0882704,0.0315324,0.016188
67,residual_4,58,0,0.0009,0.181047,0.136725,-2.00229,-0.339763,0.398053,0.340368,0.0254092,0.0248456,0.0462896,0.0138067,0.0129507
68,residual_3,179,0,0.0009,0.492884,-0.937901,2.29724,0.0674861,0.367516,0.329796,0.025997,0.0246402,0.044721,0.0191957,0.012411
67,residual_8,29,0,0.0009,0.0709652,-2.36881,0.119313,-1.24609,0.169283,0.0548776,0.0256522,0.0281851,0.0702643,0.0280131,0.0137044
68,residual_2,215,0,0.0009,0.212952,-0.265623,0.208907,-1.56586,0.376424,0.356815,0.0255944,0.0247974,0.0444854,0.0127538,0.0123125
67,residual_7,14,0,0.0009,0.356822,-3.79147,-1.05948,-1.44691,0.320789,0.0635871,0.0266233,0.0271019,0.107783,0.0217923,0.0183337
68,residual_1,51,0,0.0009,0.0801249,2.05871,-1.94738,0.0083631,0.430164,0.05,0.0274083,0.0248963,0.0456151,0.0188596,0.0126566
2,residual_12,13,0,0.0009,0.00518265,-3.77302,0.144446,-1.50185,0.156326,0.05,0.0406718,0.0502215,0.644787,0.0866355,0.0608375
53,residual_10,516,0,0.0009,0.290072,2.25854,-0.23267,1.54235,0.752878,0.271704,0.0263325,0.0258819,0.0447329,0.0122025,0.0119415
58,residual_9,134,0,0.0009,0.156264,4.73537,-0.695147,1.54064,0.535221,0.469344,0.0258418,0.0247624,0.0445556,0.0125801,0.0122442
68,residual_5,12,0,0.0009,0.0353897,-2.39193,-1.17583,-0.892863,0.168895,0.0565504,0.0266837,0.0267649,0.0883106,0.0294743,0.0164783
68,residual_4,58,0,0.0009,0.225183,0.133971,-2.00355,-0.332135,0.397397,0.344428,0.0253184,0.0248515,0.0462907,0.0138219,0.012959
69,residual_3,181,0,0.0009,0.361612,-0.938265,2.29738,0.0668172,0.36746,0.323661,0.0260802,0.0246217,0.044702,0.0198015,0.0123413
68,residual_8,28,0,0.0009,0.0674322,-2.37015,0.119808,-1.24729,0.168976,0.0558684,0.025558,0.0275713,0.0698092,0.0262883,0.0136175
69,residual_2,216,0,0.0009,0.195371,-0.265985,0.210484,-1.56699,0.37489,0.355942,0.0253983,0.0247845,0.0444751,0.0126015,0.0122611
68,residual_7,9,0,0.0009,0.0357953,-3.79129,-1.06218,-1.44561,0.321784,0.0611657,0.0267034,0.0273515,0.107278,0.0221644,0.0183459
69,residual_1,43,0,0.0009,0.0913685,2.058,-1.94752,0.0121605,0.431359,0.05,0.0272153,0.024875,0.0456088,0.0189412,0.0126533
3,residual_12,12,0,0.0009,0.0072523,-3.77289,0.144228,-1.50209,0.156602,0.0500825,0.034944,0.047587,0.433686,0.0829292,0.0408004
54,residual_11,274,0,0.0009,1.18006,2.0036,0.788244,1.31915,0.357342,0.276345,0.0264039,0.0259952,0.0445959,0.0119294,0.0118378
54,residual_10,192,0,0.0009,0.683783,2.2568,-0.229988,1.54304,0.752197,0.272484,0.0259556,0.0255882,0.0446857,0.0122322,0.0119502
59,residual_9,117,0,0.0009,0.107382,4.73424,-0.695451,1.54034,0.537325,0.469339,0.0258417,0.0247708,0.0445411,0.0126446,0.0122552
69,residual_5,16,0,0.0009,0.0235484,-2.39164,-1.1757,-0.897354,0.17167,0.0549192,0.0264882,0.026524,0.0878234,0.0278854,0.0163109
69,residual_4,58,0,0.0009,0.209824,0.131883,-2.00507,-0.325113,0.39684,0.34811,0.0252516,0.0248561,0.0462938,0.0138386,0.0129654
70,residual_3,209,0,0.0009,0.328586,-0.922574,2.29844,0.0668508,0.332892,0.324552,0.0256708,0.0246041,0.0446761,0.0173445,0.0122942
69,residual_8,30,0,0.0009,0.0359582,-2.3704,0.118459,-1.24403,0.169875,0.0550855,0.0254798,0.0270852,0.0690401,0.0247819,0.0135468
70,residual_2,222,0,0.0009,0.188477,-0.266874,0.211302,-1.5674,0.374343,0.356847,0.025253,0.0247767,0.0444649,0.0125057,0.0122157
69,residual_7,9,0,0.0009,0.0271968,-3.79066,-1.06426,-1.44678,0.322473,0.0589374,0.02682,0.0275928,0.106847,0.0225561,0.0182431
70,residual_1,53,0,0.0009,0.100807,2.05453,-1.94757,0.0132639,0.432587,0.05,0.0269818,0.0248596,0.045605,0.0189134,0.012657
4,residual_12,12,0,0.0009,0.0151104,-3.77138,0.140172,-1.53159,0.160717,0.0513084,0.0332039,0.0456277,0.343389,0.0804196,0.0400042
55,residual_11,277,0,0.0009,1.14223,2.00201,0.786322,1.31912,0.357737,0.2764,0.0259805,0.0255977,0.0445703,0.0119346,0.0118387
55,residual_10,184,0,0.0009,0.69076,2.25563,-0.227184,1.54304,0.7505,0.274122,0.0256795,0.0253748,0.0446433,0.0122684,0.0119576
60,residual_9,127,0,0.0009,0.0949095,4.7337,-0.695496,1.54033,0.541998,0.469379,0.0258403,0.0247769,0.0445255,0.0126925,0.0122494
70,residual_5,13,0,0.0009,0.0298557,-2.39253,-1.17539,-0.899173,0.169234,0.0548945,0.0264408,0.0264394,0.0876587,0.0267038,0.0169916
70,residual_4,57,0,0.0009,0.164943,0.130757,-2.00665,-0.317769,0.395635,0.351027,0.0252067,0.0248598,0.0462963,0.0138564,0.01297
71,residual_3,224,0,0.0009,0.318052,-0.915309,2.29883,-1.50356,0.326522,0.317824,0.0252859,0.0245899,0.0446511,0.0156709,0.0122579
70,residual_8,26,0,0.0009,0.0521063,-2.37146,0.119963,-1.24182,0.169483,0.0553199,0.0254977,0.0273114,0.0685514,0.025213,0.0135085
71,residual_2,224,0,0.0009,0.162373,-0.267738,0.212451,-1.56801,0.372143,0.359334,0.0251455,0.0247749,0.0444546,0.0124721,0.0121815
70,residual_7,9,0,0.0009,0.0443578,-3.79217,-1.06886,-1.44353,0.323648,0.0596812,0.0268664,0.027826,0.106072,0.0229626,0.0185024
71,residual_1,45,0,0.0009,0.0297777,2.05332,-1.94761,0.0134619,0.432166,0.05,0.0267548,0.0248483,0.045605,0.0188309,0.01266
5,residual_12,16,0,0.0009,0.0348385,-3.77816,0.138879,-1.56561,0.159362,0.0677773,0.0308999,0.0388483,0.310864,0.0573362,0.032259
56,residual_11,267,0,0.0009,1.16973,2.00149,0.785459,1.31283,0.353074,0.282534,0.0256719,0.0253084,0.0445467,0.011932,0.0118487
56,residual_10,181,0,0.0009,0.749135,2.25403,-0.224574,1.54365,0.748905,0.275614,0.0254764,0.0252294,0.0446049,0.012392,0.0119625
61,residual_9,121,0,0.0009,0.11159,4.73192,-0.694973,1.54042,0.544169,0.470124,0.0258397,0.0247825,0.0445123,0.0127396,0.0122493
71,residual_5,16,0,0.0009,0.0249356,-2.39204,-1.17515,-0.903304,0.169115,0.0532831,0.0262766,0.0262799,0.0874071,0.0255925,0.0166394
71,residual_4,56,0,0.0009,0.187271,0.129283,-2.00792,-0.311023,0.394188,0.354846,0.0251723,0.0248647,0.046319,0.0138767,0.0129983
72,residual_3,234,0,0.0009,0.218602,-0.917943,2.29925,-1.50478,0.332361,0.318728,0.0250826,0.0246349,0.0446287,0.0145963,0.0121977
71,residual_8,28,0,0.0009,0.0288047,-2.37222,0.11924,-1.2465,0.169431,0.0549189,0.0254416,0.0267344,0.0682933,0.023305,0.0135919
72,residual_2,214,0,0.0009,0.162396,-0.269043,0.213161,-1.56846,0.371599,0.359826,0.0250694,0.0247806,0.0444454,0.0125119,0.0121838
71,residual_7,11,0,0.0009,0.0435799,-3.79371,-1.07227,-1.4462,0.32441,0.0604771,0.0268365,0.0280476,0.105375,0.0233778,0.0182913
72,residual_1,43,0,0.0009,0.113495,2.05038,-1.94767,0.0156872,0.432873,0.05,0.0271559,0.02484,0.0455994,0.0193733,0.0126559
6,residual_12,12,0,0.0009,0.0105462,-3.77771,0.138193,1.56817,0.154164,0.064606,0.0292564,0.0352601,0.286835,0.049187,0.0280876
57,residual_11,256,0,0.0009,0.979008,2.0007,0.786168,1.30973,0.347705,0.286808,0.0254456,0.0250981,0.0445253,0.0119332,0.0118546
57,residual_10,171,0,0.0009,0.669553,2.25256,-0.228849,1.54412,0.760632,0.276392,0.0253271,0.0251425,0.0445707,0.0126485,0.0119661
62,residual_9,121,0,0.0009,0.103565,4.73005,-0.693554,1.54044,0.544721,0.472074,0.0258413,0.0247797,0.0445033,0.0127247,0.0122709
72,residual_5,16,0,0.0009,0.0153368,-2.39231,-1.17441,-0.907081,0.169739,0.0525197,0.0261612,0.0261656,0.0871947,0.0246655,0.0164651
72,residual_4,54,0,0.0009,0.193869,0.127369,-2.00892,-0.305055,0.392765,0.358307,0.025158,0.024872,0.0463372,0.0139396,0.0130427
73,residual_3,245,0,0.0009,0.291252,-0.922016,2.2991,-1.50483,0.33273,0.325866,0.0249492,0.0246705,0.0446084,0.0138903,0.0121592
72,residual_8,31,0,0.0009,0.0906618,-2.37219,0.117489,-1.24015,0.171748,0.053217,0.0254134,0.0267191,0.0675505,0.0233916,0.013483
73,residual_2,223,0,0.0009,0.157199,-0.270427,0.212686,-1.56962,0.373514,0.360534,0.0250111,0.0247753,0.0444365,0.0124513,0.0121671
72,residual_7,9,0,0.0009,0.0138117,-3.79511,-1.07246,-1.44475,0.324427,0.060346,0.0268693,0.0297484,0.104643,0.0239052,0.0181139
73,residual_1,44,0,0.0009,0.0918232,2.0485,-1.94778,0.0169379,0.434509,0.05,0.0268815,0.0248336,0.0456002,0.0192229,0.0126547
7,residual_12,15,0,0.0009,0.0703135,-3.78168,0.137632,1.55131,0.154068,0.07316,0.0280322,0.0345897,0.255223,0.0487533,0.0246618
58,residual_11,249,0,0.0009,0.816358,1.99945,0.785901,1.30961,0.346444,0.288299,0.0252793,0.0249454,0.0445064,0.0119424,0.011859
58,residual_10,169,0,0.0009,0.622856,2.25054,-0.23255,1.54436,0.770227,0.276147,0.0252171,0.0250906,0.0445401,0.0129335,0.0119706
63,residual_9,115,0,0.0009,0.0725223,4.72886,-0.692515,1.54024,0.545832,0.472727,0.0258419,0.0247895,0.0444949,0.0127942,0.0122798
73,residual_5,14,0,0.0009,0.0211364,-2.39143,-1.17422,-0.912732,0.170025,0.0515305,0.0261245,0.0261727,0.0870075,0.0241981,0.0163219
73,residual_4,54,0,0.0009,0.160179,0.126318,-2.01011,-0.296094,0.390936,0.361584,0.0251523,0.0248738,0.0463461,0.0139528,0.0130521
74,residual_3,243,0,0.0009,0.45812,-0.927235,2.29927,0.0657519,0.336259,0.331864,0.0248684,0.0246956,0.0445954,0.0134249,0.0121354
73,residual_8,27,0,0.0009,0.0935258,-2.37119,0.112545,-1.24364,0.178922,0.052872,0.0253927,0.0265238,0.0670001,0.0226958,0.0134723
74,residual_2,226,0,0.0009,0.16514,-0.272084,0.212253,-1.57012,0.374439,0.363286,0.0249684,0.0247777,0.0444278,0.012464,0.012159
73,residual_7,9,0,0.0009,0.0186839,-3.79491,-1.07368,-1.43888,0.324826,0.0582608,0.026928,0.0295984,0.104128,0.024305,0.0180668
74,residual_1,44,0,0.0009,0.0685847,2.04803,-1.94765,0.0168481,0.434674,0.05,0.026686,0.0248294,0.0456071,0.0191111,0.0126601
8,residual_12,12,0,0.0009,0.0127285,-3.78281,0.137404,1.55873,0.154509,0.0719713,0.0273953,0.0340438,0.240247,0.0485317,0.0240864
59,residual_11,234,0,0.0009,0.804721,1.99793,0.785686,1.31143,0.3465,0.289101,0.0250582,0.0248879,0.0444925,0.0119457,0.0118697
59,residual_10,168,0,0.0009,0.71111,2.2486,-0.237076,1.54433,0.780552,0.276054,0.0251354,0.0250577,0.044512,0.013176,0.0119675
64,residual_9,121,0,0.0009,0.10818,4.7276,-0.691129,1.54051,0.547161,0.473428,0.0258423,0.024789,0.0444867,0.0127947,0.0122838
74,residual_5,16,0,0.0009,0.0183751,-2.39222,-1.17421,-0.911241,0.168709,0.0510314,0.0260547,0.0260913,0.0864734,0.0235617,0.0160498
74,residual_4,54,0,0.0009,0.164408,0.12547,-2.01088,-0.287806,0.389321,0.363742,0.0251418,0.0248778,0.046372,0.0139587,0.0130897
75,residual_3,235,0,0.0009,0.442708,-0.928263,2.30007,0.0640343,0.336067,0.327723,0.0249121,0.0247105,0.0445839,0.0142721,0.0121032
74,residual_8,32,0,0.0009,0.131602,-2.37069,0.109107,-1.2433,0.186903,0.0524766,0.0252074,0.0262315,0.0663443,0.0214126,0.0134082
75,residual_2,228,0,0.0009,0.176178,-0.273907,0.211579,1.57029,0.375663,0.365,0.0249369,0.0247767,0.0444197,0.012451,0.0121533
74,residual_7,9,0,0.0009,0.0165051,-3.79562,-1.07426,-1.43362,0.325005,0.0570724,0.0269092,0.0295231,0.103624,0.0247143,0.0179603
75,residual_1,50,0,0.0009,0.154712,2.04535,-1.94799,0.0208812,0.43472,0.05,0.0266723,0.0248269,0.0456054,0.019175,0.0126653
9,residual_12,15,0,0.0009,0.0182025,-3.782,0.135284,1.55065,0.157696,0.0697284,0.0267724,0.0318581,0.228325,0.0417938,0.0224179
60,residual_11,229,0,0.0009,0.790814,1.9988,0.785461,1.3096,0.34362,0.294393,0.0248975,0.024845,0.0444816,0.0119425,0.0118797
60,residual_10,160,0,0.0009,0.710735,2.24735,-0.242045,1.54418,0.790708,0.274415,0.0249405,0.0250437,0.0444875,0.0134395,0.0119695
65,residual_9,120,0,0.0009,0.0789032,4.72696,-0.690848,1.54066,0.549539,0.473716,0.0258431,0.0247864,0.0444779,0.0127772,0.0122929
75,residual_5,16,0,0.0009,0.0144301,-2.39158,-1.17429,-0.915969,0.168469,0.0505504,0.0259814,0.0260098,0.0863764,0.0229435,0.0159757
75,residual_4,55,0,0.0009,0.148401,0.125239,-2.01171,-0.2796,0.388661,0.366255,0.0250315,0.0248797,0.0463812,0.013976,0.0131166
76,residual_3,244,0,0.0009,0.59472,-0.928107,2.30067,0.0629869,0.336075,0.322982,0.0249761,0.0247188,0.0445695,0.0150766,0.0120734
75,residual_8,31,0,0.0009,0.0676103,-2.36969,0.105804,-1.24187,0.19043,0.0520079,0.0250864,0.0261545,0.0654818,0.0209298,0.0133455
76,residual_2,220,0,0.0009,0.16889,-0.274616,0.209948,1.56954,0.377929,0.366144,0.0248091,0.0247859,0.0444152,0.0125201,0.0122234
75,residual_7,11,0,0.0009,0.0375192,-3.79485,-1.07772,-1.44205,0.32563,0.0585368,0.0268521,0.0294908,0.102755,0.0251275,0.017803
76,residual_1,52,0,0.0009,0.0966387,2.04453,-1.94915,0.0234928,0.433913,0.05,0.026523,0.0248248,0.0456068,0.0190461,0.012664
10,residual_12,12,0,0.0009,0.0213171,-3.78178,0.134069,1.54094,0.156201,0.065601,0.0263178,0.0306832,0.220135,0.0398125,0.0212483
61,residual_11,217,0,0.0009,0.827379,1.99713,0.786811,1.30785,0.341335,0.297914,0.0247804,0.024813,0.0444757,0.011937,0.0118869
61,residual_10,147,0,0.0009,0.779636,2.24508,-0.246681,1.54448,0.799352,0.271522,0.0247993,0.0250449,0.0444654,0.0137009,0.011976
66,residual_9,114,0,0.0009,0.106884,4.72518,-0.690289,1.54101,0.552286,0.473863,0.0258439,0.024796,0.0444721,0.0128435,0.0123015
76,residual_5,16,0,0.0009,0.0452139,-2.39204,-1.17275,-0.910408,0.166623,0.0509857,0.0259221,0.0259665,0.0858837,0.0225078,0.0156847
76,residual_4,54,0,0.0009,0.188683,0.123296,-2.01203,-0.272178,0.388244,0.367951,0.0249587,0.0248854,0.0463971,0.0140323,0.0131715
77,residual_3,250,0,0.0009,0.564301,-0.91723,2.30248,-1.50998,0.318563,0.311391,0.0248309,0.0247219,0.0445535,0.0141328,0.0121543
76,residual_8,32,0,0.0009,0.116609,-2.36911,0.103293,-1.23584,0.196685,0.0509175,0.0249818,0.0259757,0.0648322,0.0201232,0.0132629
77,residual_2,231,0,0.0009,0.224676,-0.277878,0.208222,1.56865,0.381292,0.368963,0.0247106,0.0247923,0.0444104,0.0125664,0.0122294
76,residual_7,8,0,0.0009,0.06976,-3.79729,-1.07807,-1.44005,0.325649,0.0584874,0.0268245,0.0311086,0.102322,0.0256198,0.0177808
77,residual_1,49,0,0.0009,0.0443113,2.04047,-1.94893,0.0231,0.434916,0.05,0.0271392,0.0248222,0.0456037,0.0195873,0.0126703
11,residual_12,16,0,0.0009,0.129105,-3.7845,0.133119,1.5652,0.156227,0.0674418,0.0258825,0.0301983,0.204205,0.0377289,0.0196633
62,residual_11,211,0,0.0009,0.829177,1.99493,0.789051,1.30389,0.337534,0.299501,0.024695,0.0247898,0.0444723,0.0119339,0.0118891
62,residual_10,149,0,0.0009,0.772439,2.24392,-0.251799,1.54378,0.803353,0.270353,0.0246961,0.0250236,0.0444459,0.0137343,0.0119809
67,residual_9,105,0,0.0009,0.0971524,4.72368,-0.689596,1.54121,0.552719,0.474455,0.0258466,0.024809,0.0444692,0.0129424,0.012329
77,residual_5,17,0,0.0009,0.0271463,-2.39199,-1.17321,-0.908928,0.168194,0.05,0.0259153,0.0260025,0.0850268,0.0223054,0.0154185
77,residual_4,53,0,0.0009,0.166693,0.122792,-2.01278,-0.264796,0.386822,0.369305,0.0249009,0.0248899,0.046411,0.0140488,0.0132194
78,residual_3,253,0,0.0009,0.375447,-0.912168,2.30279,-1.51138,0.319307,0.300236,0.024625,0.0246724,0.0445353,0.0135174,0.0121042
77,residual_8,36,0,0.0009,0.103291,-2.36908,0.100368,-1.23003,0.201176,0.050878,0.0249072,0.0259205,0.063848,0.0197471,0.0131627
78,residual_2,228,0,0.0009,0.21534,-0.279386,0.207184,1.56738,0.382964,0.369163,0.0246398,0.0248138,0.0444059,0.0127498,0.0122458
77,residual_7,8,0,0.0009,0.0199292,-3.79683,-1.08033,-1.44187,0.326092,0.0578607,0.026865,0.0312203,0.101951,0.0260386,0.0178518
78,residual_1,54,0,0.0009,0.0763477,2.03974,-1.94879,0.0254992,0.436676,0.05,0.0268864,0.0248214,0.0455999,0.0194366,0.0126702
12,residual_12,12,0,0.0009,0.0232992,-3.78639,0.13314,-1.55631,0.1561,0.066739,0.0258865,0.029406,0.193791,0.0352657,0.0201616
63,residual_11,206,0,0.0009,0.998191,1.99268,0.792612,1.30477,0.333086,0.299785,0.0246318,0.0247732,0.0444638,0.0119397,0.0118907
63,residual_10,143,0,0.0009,0.693478,2.24249,-0.260962,1.54339,0.817432,0.269573,0.0246224,0.0250053,0.0444298,0.0137462,0.0119981
68,residual_9,105,0,0.0009,0.0987343,4.72215,-0.689283,1.54089,0.553259,0.474623,0.0258472,0.0248256,0.044469,0.0130551,0.0123345
78,residual_5,16,0,0.0009,0.0342302,-2.39088,-1.17377,-0.913135,0.17059,0.05,0.0259031,0.0259317,0.0842426,0.0219449,0.0152613
78,residual_4,52,0,0.0009,0.140431,0.121177,-2.01308,-0.258687,0.385695,0.370343,0.0248801,0.0248943,0.0464174,0.0141614,0.0132576
79,residual_3,255,0,0.0009,0.300383,-0.911673,2.3035,-1.51374,0.320284,0.296979,0.0244789,0.0246373,0.0445199,0.0130948,0.0120493
78,residual_8,40,0,0.0009,0.0953665,-2.36925,0.0979092,-1.22137,0.203869,0.05112,0.0248482,0.0258912,0.0630229,0.0194884,0.0130508
79,residual_2,231,0,0.0009,0.254599,-0.282117,0.204482,1.56647,0.388221,0.371368,0.0245916,0.0248227,0.0444009,0.0128246,0.0122908
78,residual_7,8,0,0.0009,0.0117518,-3.79813,-1.08056,-1.43744,0.326145,0.0573038,0.0268545,0.0327512,0.100868,0.0265136,0.0178843
79,residual_1,53,0,0.0009,0.0846444,2.03779,-1.94925,0.0271613,0.438365,0.05,0.0267016,0.024823,0.0456047,0.019313,0.0126812
13,residual_12,16,0,0.0009,0.0269032,-3.78842,0.131868,-1.52933,0.156787,0.0686256,0.0255298,0.0287305,0.184333,0.0327052,0.0192834
64,residual_11,199,0,0.0009,1.09087,1.99098,0.796382,1.30673,0.329558,0.298375,0.0245856,0.0247621,0.0444556,0.0119545,0.0118919
64,residual_10,146,0,0.0009,0.778145,2.24104,-0.270898,1.54267,0.83627,0.269714,0.0244642,0.0249089,0.0444147,0.0135241,0.0120012
69,residual_9,97,0,0.0009,0.124952,4.72045,-0.688077,1.54041,0.55209,0.475458,0.025849,0.0248458,0.0444704,0.013188,0.0123518
79,residual_5,16,0,0.0009,0.0311844,-2.39162,-1.17321,-0.906891,0.17093,0.05,0.0260226,0.0261803,0.083543,0.0222558,0.0150538
79,residual_4,51,0,0.0009,0.177901,0.119619,-2.01327,-0.253683,0.385357,0.371413,0.0248852,0.0249029,0.0464579,0.0143016,0.0133287
80,residual_3,262,0,0.0009,0.431552,-0.913972,2.30417,-1.51644,0.318809,0.300549,0.0243745,0.0246115,0.0445079,0.0127924,0.0120045
79,residual_8,37,0,0.0009,0.0618885,-2.36961,0.0965072,-1.22166,0.206682,0.0507159,0.0248139,0.0258383,0.0625181,0.0191584,0.0130212
80,residual_2,232,0,0.0009,0.267495,-0.284268,0.2045,1.56539,0.387132,0.372846,0.0245526,0.0248561,0.0443963,0.0130994,0.0122878
79,residual_7,8,0,0.0009,0.0242144,-3.79808,-1.08055,-1.4341,0.326214,0.055672,0.02688,0.0342123,0.0999246,0.0269804,0.0179252
80,residual_1,55,0,0.0009,0.118687,2.03617,-1.95006,0.0305615,0.43965,0.05,0.0266021,0.024824,0.0456074,0.0193033,0.0126984
14,residual_12,15,0,0.0009,0.0181741,-3.78868,0.130718,-1.51448,0.158412,0.0681519,0.0252726,0.0290477,0.171349,0.0325361,0.0185599
65,residual_11,186,0,0.0009,1.15727,1.99296,0.791806,1.30675,0.331726,0.304211,0.0245558,0.0247592,0.0444482,0.0120146,0.0119355
65,residual_10,146,0,0.0009,0.72193,2.2388,-0.278739,1.54203,0.85343,0.268013,0.0243505,0.0248306,0.0444012,0.0133029,0.012006
70,residual_9,100,0,0.0009,0.104772,4.71923,-0.68667,1.53984,0.550762,0.475628,0.0258502,0.0248525,0.0444729,0.0132327,0.0123633
80,residual_5,19,0,0.0009,0.0275575,-2.39202,-1.17319,-0.904573,0.171804,0.05,0.0259366,0.0260561,0.0825442,0.0218781,0.0148575
80,residual_4,52,0,0.0009,0.171907,0.119235,-2.01375,-0.247314,0.385215,0.372008,0.0248683,0.024904,0.046467,0.0143707,0.0133408
81,residual_3,269,0,0.0009,0.563961,-0.918567,2.3051,-1.51852,0.315504,0.310289,0.0242996,0.0245918,0.0444954,0.0125716,0.0119699
80,residual_8,43,0,0.0009,0.0681507,-2.36996,0.0951549,-1.21496,0.209637,0.0505474,0.0247824,0.0258175,0.061651,0.0189392,0.012936
81,residual_2,230,0,0.0009,0.301142,-0.28631,0.204042,1.564,0.387194,0.373805,0.0245238,0.0249598,0.0443924,0.0139698,0.0122841
80,residual_7,10,0,0.0009,0.0904697,-3.80005,-1.08143,-1.42532,0.32638,0.0552436,0.0268004,0.0337231,0.0988982,0.0273656,0.0177379
81,residual_1,57,0,0.0009,0.151374,2.03015,-1.95112,0.0349323,0.444803,0.05,0.0265125,0.0248246,0.0455994,0.0192005,0.0127004
15,residual_12,13,0,0.0009,0.0265494,-3.79057,0.130157,-1.50233,0.160536,0.0675126,0.0253285,0.0285809,0.164682,0.0310908,0.0191038
66,residual_11,176,0,0.0009,0.96147,1.99384,0.788432,1.30725,0.333639,0.309536,0.0245348,0.0247563,0.0444472,0.0120506,0.0119746
66,residual_10,135,0,0.0009,0.764564,2.23705,-0.283685,1.543,0.865951,0.26631,0.0243017,0.0248243,0.0443879,0.013127,0.0120129
71,residual_9,100,0,0.0009,0.154205,4.71743,-0.687047,1.5394,0.550287,0.475313,0.0258521,0.0248478,0.0444754,0.0132015,0.0123828
81,residual_5,16,0,0.0009,0.0111645,-2.39276,-1.17227,-0.907765,0.172066,0.05,0.0259328,0.0260713,0.0815713,0.0217462,0.0147469
81,residual_4,52,0,0.0009,0.135907,0.118049,-2.01341,-0.241216,0.383865,0.372398,0.0248527,0.0249054,0.0464805,0.014433,0.0133554
82,residual_3,266,0,0.0009,0.796129,-0.924788,2.30601,0.0501368,0.322483,0.31362,0.0242466,0.0245767,0.0444834,0.0123816,0.0119781
81,residual_8,45,0,0.0009,0.151737,-2.36975,0.0939931,-1.1979,0.214133,0.0512484,0.0246726,0.0256967,0.0609464,0.0183888,0.0128942
82,residual_2,230,0,0.0009,0.330622,-0.288077,0.202877,1.56292,0.388844,0.373494,0.0245025,0.0249921,0.0443886,0.0142103,0.01228
81,residual_7,9,0,0.0009,0.0541992,-3.80368,-1.08384,-1.42156,0.326678,0.0563478,0.0267275,0.0328226,0.0983295,0.0277347,0.0177724
82,residual_1,56,0,0.0009,0.182785,2.02818,-1.95246,0.0401902,0.445039,0.0501452,0.0264297,0.0248261,0.0456032,0.0191168,0.0127078
16,residual_12,15,0,0.0009,0.0345261,-3.79346,0.130374,-1.49428,0.159724,0.0702562,0.0251804,0.0282704,0.15982,0.0297512,0.018495
67,residual_11,169,0,0.0009,0.742362,1.99424,0.786698,1.30649,0.334517,0.312864,0.0245187,0.0247533,0.0444493,0.012069,0.0119951
67,residual_10,153,0,0.0009,0.658124,2.23634,-0.287276,1.54313,0.874017,0.266645,0.0242668,0.0248162,0.0443755,0.0129686,0.012011
72,residual_9,96,0,0.0009,0.21774,4.71628,-0.684919,1.53947,0.547543,0.474647,0.0258543,0.0248554,0.0444797,0.0132483,0.0124033
82,residual_5,16,0,0.0009,0.028966,-2.39324,-1.17158,-0.911748,0.172052,0.05,0.0258906,0.0259907,0.0809852,0.0214406,0.0147562
82,residual_4,49,0,0.0009,0.139612,0.117034,-2.01312,-0.234478,0.381722,0.372983,0.0248638,0.0249112,0.0465006,0.0144674,0.0133989
83,residual_3,272,0,0.0009,0.615932,-0.926673,2.3068,0.0496811,0.327585,0.314497,0.0242107,0.0246182,0.0444699,0.0122728,0.011988
82,residual_8,49,0,0.0009,0.168442,-2.36959,0.0908122,-1.18843,0.219183,0.0525003,0.0246046,0.0257062,0.0601222,0.0182915,0.0128275
83,residual_2,228,0,0.0009,0.37491,-0.290316,0.202507,1.5618,0.388586,0.374821,0.0244914,0.0250224,0.0443854,0.0144208,0.0123141
82,residual_7,7,0,0.0009,0.0165576,-3.80524,-1.08577,-1.41898,0.326957,0.056709,0.0267104,0.0326737,0.0979142,0.0281285,0.0178308
83,residual_1,62,0,0.0009,0.188658,2.0274,-1.95456,0.0414369,0.447713,0.0518151,0.026369,0.0248297,0.0455936,0.0193964,0.0127419
17,residual_12,13,0,0.0009,0.0442335,-3.79619,0.131997,-1.48954,0.160647,0.0706895,0.0251809,0.0286147,0.152478,0.029836,0.0186405
68,residual_11,158,0,0.0009,0.601176,1.99288,0.787497,1.30156,0.333997,0.314305,0.0245063,0.0247504,0.0444556,0.0120775,0.0120017
73,residual_9,90,0,0.0009,0.263089,4.71522,-0.684405,1.54054,0.545845,0.473359,0.025862,0.0248537,0.0444886,0.0132322,0.012475
83,residual_5,17,0,0.0009,0.0223194,-2.3949,-1.17034,-0.909941,0.172721,0.05,0.0260849,0.0264549,0.0800873,0.0218557,0.0146238
83,residual_4,50,0,0.0009,0.144126,0.116096,-2.01254,-0.227844,0.381765,0.372498,0.0247902,0.0249141,0.0465116,0.0145914,0.0134433
84,residual_3,266,0,0.0009,0.387939,-0.923625,2.3081,0.047375,0.319909,0.316524,0.0241857,0.0246484,0.0444582,0.0122004,0.0119898
83,residual_8,54,0,0.0009,0.27226,-2.36839,0.0859853,-1.16921,0.231589,0.0537349,0.024541,0.0255819,0.0593004,0.0177665,0.0127753
84,residual_2,231,0,0.0009,0.420207,-0.29235,0.201779,1.56146,0.388399,0.374142,0.0244785,0.0251227,0.044382,0.0151926,0.0122976
83,residual_7,6,0,0.0009,0.030522,-3.80618,-1.08595,-1.41608,0.32699,0.0560573,0.0267346,0.0341282,0.0974485,0.0285689,0.0178022
18,residual_12,15,0,0.0009,0.0197181,-3.79484,0.132606,-1.49087,0.162566,0.0675182,0.0250708,0.0281568,0.14758,0.0283369,0.0181327
69,residual_11,149,0,0.0009,0.610163,1.99043,0.789126,1.29754,0.333134,0.313127,0.0244979,0.0247481,0.0444659,0.0120781,0.0120087
69,residual_10,143,0,0.0009,0.544112,2.23597,-0.288542,1.54442,0.875046,0.269383,0.025672,0.0262302,0.0443657,0.0128452,0.0120438
74,residual_9,85,0,0.0009,0.248344,4.71415,-0.683963,1.54138,0.539658,0.474886,0.025877,0.0248471,0.0444998,0.0131942,0.0126242
84,residual_5,16,0,0.0009,0.0232356,-2.39526,-1.16884,-0.90677,0.172243,0.05,0.0260454,0.0263699,0.0794383,0.0217202,0.0145477
84,residual_4,48,0,0.0009,0.139209,0.115791,-2.01229,-0.221832,0.380683,0.372299,0.0247586,0.0249242,0.046539,0.014824,0.0135432
85,residual_3,269,0,0.0009,0.441926,-0.92276,2.30929,-1.52584,0.31736,0.317207,0.0241658,0.0246706,0.0444477,0.0121408,0.0119845
84,residual_8,54,0,0.0009,0.235067,-2.36637,0.0801992,-1.16,0.244077,0.0538917,0.0245008,0.025523,0.0584316,0.0175052,0.0127401
85,residual_2,231,0,0.0009,0.430673,-0.294002,0.200842,1.56055,0.388861,0.37327,0.0244686,0.0252277,0.0443792,0.0159366,0.0122837
84,residual_7,7,0,0.0009,0.0932512,-3.80642,-1.08624,-1.41077,0.327014,0.0551319,0.0268051,0.0355175,0.0969002,0.0290027,0.0178192
85,residual_1,58,0,0.0009,0.359978,2.02531,-1.96053,0.044528,0.447923,0.0605726,0.0275496,0.0262528,0.0455775,0.0193073,0.0127741
19,residual_12,13,0,0.0009,0.0399944,-3.79584,0.132163,-1.47449,0.162687,0.0665466,0.0250353,0.0282393,0.143222,0.0282412,0.0178956
70,residual_11,140,0,0.0009,0.637092,1.98808,0.791846,1.2965,0.33254,0.311824,0.0244914,0.0247465,0.0444735,0.0120806,0.0120102
70,residual_10,140,0,0.0009,0.517319,2.23483,-0.288368,1.54438,0.874507,0.271825,0.0252618,0.0258477,0.0443565,0.0127507,0.01206
75,residual_9,89,0,0.0009,0.190162,4.71447,-0.683582,1.54138,0.535768,0.475657,0.0258925,0.0248365,0.04451,0.0131249,0.0127644
85,residual_5,16,0,0.0009,0.0217575,-2.39643,-1.16773,-0.906899,0.171224,0.05,0.0259534,0.0262057,0.0790726,0.0214013,0.0145222
85,residual_4,43,0,0.0009,0.150685,0.115255,-2.01185,-0.216088,0.380179,0.372289,0.0247277,0.0250358,0.0465801,0.0148753,0.0143856
86,residual_3,273,0,0.0009,0.464132,-0.924442,2.31044,0.0426455,0.321514,0.315103,0.0241194,0.0246847,0.0444387,0.0120842,0.0119855
85,residual_8,56,0,0.0009,0.25231,-2.36501,0.0750093,-1.15099,0.255899,0.0545418,0.0244319,0.0254741,0.0575686,0.0172617,0.0126986
86,residual_2,236,0,0.0009,0.484459,-0.295578,0.199588,1.56033,0.390332,0.372282,0.0244589,0.0252485,0.0443766,0.0160577,0.0122519
85,residual_7,7,0,0.0009,0.0535304,-3.80987,-1.08622,-1.40753,0.326917,0.0555279,0.0267641,0.0348336,0.0966927,0.029369,0.0180739
86,residual_1,56,0,0.0009,0.436671,2.02373,-1.96826,0.0444317,0.448019,0.0722069,0.027077,0.0258799,0.0455619,0.0192377,0.0128046
20,residual_12,15,0,0.0009,0.0257877,-3.79787,0.132576,-1.4753,0.161842,0.067988,0.024932,0.0285054,0.138246,0.0282684,0.0174143
71,residual_11,141,0,0.0009,0.798192,1.98498,0.795128,1.29525,0.33157,0.311876,0.024487,0.0247442,0.044473,0.012072,0.0120224
71,residual_10,143,0,0.0009,0.559895,2.23335,-0.285727,1.54533,0.872635,0.274601,0.0249651,0.0255686,0.0443476,0.0126851,0.0120726
76,residual_9,89,0,0.0009,0.210459,4.71649,-0.684189,1.54385,0.53365,0.470317,0.025888,0.0248471,0.0445124,0.0132159,0.012716
86,residual_5,17,0,0.0009,0.0232662,-2.3974,-1.1673,-0.90751,0.170504,0.05,0.0259389,0.0261745,0.078486,0.0213102,0.0144399
86,residual_4,42,0,0.0009,0.156838,0.114608,-2.01147,-0.208965,0.379018,0.372252,0.0247113,0.0251471,0.0466188,0.0149318,0.0151812
87,residual_3,286,0,0.0009,0.518911,-0.928955,2.31141,0.0413024,0.330111,0.313502,0.0240779,0.0246952,0.0444305,0.0120389,0.0119721
86,residual_8,61,0,0.0009,0.241504,-2.36376,0.0701016,-1.14241,0.26742,0.0553769,0.0243778,0.0254052,0.0567327,0.0169338,0.0126737
87,residual_2,232,0,0.0009,0.509778,-0.296986,0.199655,1.55971,0.390344,0.369376,0.0244499,0.0253553,0.0443757,0.0167777,0.0122105
87,residual_1,67,0,0.0009,0.447998,2.02023,-1.97498,0.0437835,0.450712,0.0836091,0.0266195,0.0256005,0.0455316,0.0189804,0.0127777
21,residual_12,12,0,0.0009,0.0430294,-3.79832,0.134617,-1.46996,0.16127,0.0652122,0.024987,0.0288326,0.134404,0.0285079,0.017527
72,residual_10,282,0,0.0009,0.287058,2.23184,-0.282492,1.54572,0.868698,0.277892,0.0247513,0.0253644,0.0443396,0.0126389,0.0120836
77,residual_9,90,0,0.0009,0.261404,4.71844,-0.685767,1.54737,0.532349,0.464762,0.0258832,0.0248539,0.0445143,0.0132626,0.0126671
87,residual_5,17,0,0.0009,0.0512089,-2.39671,-1.16857,-0.914844,0.172442,0.05,0.0258686,0.0259822,0.0782164,0.0208495,0.0144541
87,residual_4,48,0,0.0009,0.156406,0.111894,-2.00999,-0.203167,0.377954,0.370177,0.0247523,0.0251053,0.0466105,0.0153243,0.0148856
88,residual_3,287,0,0.0009,0.55557,-0.933744,2.31232,0.0395511,0.339016,0.312037,0.0240479,0.0247028,0.044423,0.0120062,0.011961
87,residual_8,56,0,0.0009,0.23361,-2.36315,0.0663262,-1.13689,0.276597,0.055792,0.0243436,0.0253541,0.0560426,0.0166599,0.0126616
88,residual_2,231,0,0.0009,0.499689,-0.298873,0.19991,1.55955,0.39029,0.367482,0.0244447,0.0254604,0.0443744,0.0174454,0.0121918
87,residual_7,6,0,0.0009,0.0344711,-3.81298,-1.08634,-1.4043,0.326865,0.0555894,0.0281213,0.0354227,0.0966717,0.029738,0.0183167
88,residual_1,54,0,0.0009,0.403482,2.01806,-1.98189,0.046297,0.451127,0.0952802,0.0262668,0.0253938,0.0455223,0.0188878,0.0127903
22,residual_12,15,0,0.0009,0.00997842,-3.79795,0.134185,-1.46951,0.161543,0.0637588,0.0249236,0.0283082,0.131622,0.0272242,0.0172154
73,residual_11,146,0,0.0009,0.74983,1.98558,0.7957,1.2919,0.328423,0.321406,0.025913,0.0261646,0.0444731,0.0120524,0.0120582
73,residual_10,9,0,0.0009,1.31534,2.2404,-0.291801,1.53696,0.867674,0.273562,0.0247438,0.0257902,0.0445983,0.0135535,0.0127045
78,residual_9,86,0,0.0009,0.261037,4.72041,-0.686682,1.55088,0.529156,0.460077,0.0258852,0.0248511,0.0445225,0.0132332,0.0126809
88,residual_5,17,0,0.0009,0.0301363,-2.39768,-1.16795,-0.915411,0.172766,0.05,0.025833,0.025952,0.0776479,0.0206935,0.01441
88,residual_4,49,0,0.0009,0.13988,0.111104,-2.00897,-0.197238,0.377183,0.368963,0.0247369,0.0250734,0.0466216,0.0154606,0.0146745
89,residual_3,285,0,0.0009,0.585515,-0.938718,2.3131,0.0381529,0.347673,0.31041,0.0240269,0.0247082,0.044417,0.0119884,0.011951
88,residual_8,55,0,0.0009,0.247866,-2.36204,0.0612193,-1.13322,0.286029,0.0566073,0.0243094,0.0253505,0.0553338,0.0166129,0.012658
89,residual_2,230,0,0.0009,0.500778,-0.299884,0.200059,1.55944,0.389997,0.364872,0.024441,0.0255703,0.0443725,0.0180967,0.0121834
88,residual_7,6,0,0.0009,0.057637,-3.8135,-1.08646,-1.40151,0.326901,0.054476,0.027805,0.0367529,0.0962548,0.030155,0.0183001
89,residual_1,54,0,0.0009,0.363847,2.01669,-1.98807,0.0486315,0.450638,0.105344,0.0262827,0.0252411,0.0455059,0.0192294,0.0127982
23,residual_12,15,0,0.0009,0.0175435,-3.79968,0.134805,-1.46887,0.160512,0.0649687,0.0248775,0.0278944,0.128994,0.0261942,0.0169355
74,residual_11,140,0,0.0009,0.736722,1.98568,0.796025,-0.280401,0.327237,0.326539,0.02535,0.0257779,0.0444742,0.0120992,0.0120486
74,residual_10,141,0,0.0009,0.626745,2.23751,-0.286798,1.53769,0.864564,0.275797,0.0245917,0.0255332,0.0445653,0.013328,0.0125474
79,residual_9,87,0,0.0009,0.264058,4.72138,-0.687192,1.55357,0.52766,0.456126,0.0258863,0.0248506,0.0445282,0.0132245,0.0126869
89,residual_5,21,0,0.0009,0.0390024,-2.3972,-1.16994,-0.91552,0.175408,0.05,0.0258843,0.0259777,0.0768177,0.0207726,0.0142708
89,residual_4,47,0,0.0009,0.150977,0.108907,-2.00834,-0.193038,0.376018,0.36767,0.024774,0.0250612,0.0466208,0.0158102,0.0145913
90,residual_3,276,0,0.0009,0.661711,-0.942526,2.31422,0.035989,0.35342,0.309049,0.0240135,0.0247118,0.0444111,0.0119928,0.0119422
89,residual_8,58,0,0.0009,0.222741,-2.3619,0.0580883,-1.13026,0.294499,0.0561952,0.0242758,0.0252954,0.0547444,0.0164021,0.0126543
90,residual_2,232,0,0.0009,0.503563,-0.300839,0.200561,1.55942,0.389754,0.362297,0.0244367,0.0256773,0.0443712,0.0187179,0.0121631
89,residual_7,6,0,0.0009,0.0221109,-3.81334,-1.08766,-1.40076,0.327101,0.0524936,0.0275592,0.0358592,0.095891,0.0305139,0.0183292
90,residual_1,55,0,0.0009,0.286597,2.01469,-1.99371,0.0488999,0.450848,0.11469,0.026029,0.0251314,0.0455051,0.0191031,0.0128248
24,residual_12,13,0,0.0009,0.173083,-3.79828,0.134496,-1.47009,0.160292,0.0645312,0.0248477,0.0280445,0.127652,0.0262536,0.0167227
75,residual_11,138,0,0.0009,0.746799,1.98617,0.794667,1.29459,0.329322,0.32921,0.0249484,0.0255007,0.0444754,0.0121004,0.0120798
80,residual_9,89,0,0.0009,0.281892,4.72296,-0.686697,1.5558,0.525812,0.453242,0.0258875,0.0248485,0.0445352,0.0132251,0.0126995
90,residual_5,20,0,0.0009,0.0241119,-2.39741,-1.16977,-0.910666,0.175538,0.05,0.0260325,0.026266,0.0760969,0.0212319,0.0141547
90,residual_4,47,0,0.0009,0.136065,0.106915,-2.00751,-0.187719,0.374996,0.366268,0.024812,0.0250514,0.0466106,0.01612,0.0145196
91,residual_3,263,0,0.0009,0.729418,-0.938926,2.31581,0.0328497,0.345572,0.306665,0.0239871,0.0247124,0.0444061,0.012034,0.0119358
90,residual_8,60,0,0.0009,0.258477,-2.36116,0.0526424,-1.12742,0.305833,0.058165,0.0242794,0.025342,0.0540737,0.0165463,0.0126251
91,residual_2,234,0,0.0009,0.512576,-0.299562,0.201071,1.56031,0.389972,0.357157,0.0244323,0.0257849,0.0443696,0.0193255,0.012137
90,residual_7,6,0,0.0009,0.0611265,-3.81521,-1.08807,-1.39499,0.327137,0.0526803,0.0274048,0.0371733,0.0953145,0.0309204,0.0183226
25,residual_12,16,0,0.0009,0.021733,-3.79749,0.134947,-1.46615,0.161503,0.062208,0.0247931,0.0276028,0.125015,0.0252213,0.0163948
76,residual_11,138,0,0.0009,0.621382,1.98515,0.795202,1.2989,0.330559,0.328836,0.024652,0.025297,0.0444804,0.0120905,0.012068
76,residual_10,138,0,0.0009,0.662807,2.2357,-0.287251,1.53998,0.870009,0.276774,0.0258869,0.0268108,0.0445346,0.0137972,0.0124615
81,residual_9,93,0,0.0009,0.178188,4.72401,-0.687029,1.55794,0.526598,0.450867,0.025883,0.024848,0.044536,0.0132183,0.0126561
91,residual_5,20,0,0.0009,0.0441329,-2.39921,-1.16901,-0.907698,0.1761,0.05,0.0260429,0.0263071,0.0756037,0.0216667,0.0140754
91,residual_4,47,0,0.0009,0.13065,0.106548,-2.00664,-0.182689,0.376345,0.364425,0.0247648,0.025043,0.0466164,0.0159702,0.0144732
92,residual_3,284,0,0.0009,0.523311,-0.93435,2.31702,0.0304104,0.337937,0.30459,0.0239649,0.0247121,0.0443993,0.0120312,0.011929
91,residual_8,67,0,0.0009,0.233991,-2.35955,0.047001,-1.1238,0.31734,0.0591929,0.0242772,0.0253638,0.0534228,0.0167038,0.0126041
92,residual_2,230,0,0.0009,0.526066,-0.298019,0.201982,1.56144,0.389879,0.351821,0.0244278,0.0258917,0.0443696,0.0199205,0.0121057
92,residual_1,53,0,0.0009,0.17131,2.01337,-1.99782,0.0498875,0.450809,0.120991,0.0271996,0.0264614,0.0455097,0.0189962,0.0128887
26,residual_12,16,0,0.0009,0.0446119,-3.79957,0.136283,-1.46297,0.160006,0.0623072,0.0247492,0.0273392,0.123187,0.0244727,0.0161445
77,residual_11,138,0,0.0009,0.597757,1.983,0.797155,1.30316,0.33106,0.327,0.0244388,0.0251472,0.0444902,0.012083,0.0120504
77,residual_10,129,0,0.0009,0.583471,2.23419,-0.286694,1.54157,0.874232,0.278862,0.0254172,0.0263898,0.0445081,0.0142813,0.0124042
82,residual_9,90,0,0.0009,0.15355,4.72036,-0.68605,1.55573,0.527651,0.45639,0.0258795,0.0248535,0.0445378,0.0132433,0.0126232
92,residual_5,21,0,0.0009,0.0370539,-2.40004,-1.16905,-0.902825,0.176278,0.05,0.0261963,0.0265705,0.0750116,0.0221359,0.0140129
92,residual_4,46,0,0.0009,0.125138,0.106891,-2.00542,-0.177917,0.376404,0.362743,0.0246204,0.0249896,0.0466385,0.0158674,0.0144413
93,residual_3,302,0,0.0009,0.419746,-0.932911,2.31779,0.03005,0.334936,0.304195,0.0239459,0.0247118,0.0443908,0.0120067,0.0119228
92,residual_8,64,0,0.0009,0.239235,-2.35981,0.0412713,-1.12463,0.328922,0.0599463,0.024217,0.0253381,0.0528275,0.0169221,0.0125989
93,residual_2,229,0,0.0009,0.54665,-0.296378,0.213773,1.56288,0.367582,0.346214,0.0244237,0.0256001,0.0443693,0.0181428,0.0120812
92,residual_7,6,0,0.0009,0.0191824,-3.81693,-1.08759,-1.39513,0.32704,0.0515379,0.0283787,0.0372249,0.0951735,0.0312705,0.0185607
93,residual_1,52,0,0.0009,0.1624,2.01337,-2.00258,0.048445,0.446893,0.129196,0.0265796,0.0260464,0.0455252,0.0186209,0.0130238
27,residual_12,16,0,0.0009,0.0158211,-3.80014,0.136059,-1.46084,0.161143,0.0610051,0.0247141,0.0273612,0.119839,0.0243993,0.0159813
78,residual_11,136,0,0.0009,0.65317,1.98149,0.799159,1.30536,0.330246,0.325731,0.0242857,0.0250371,0.0444996,0.012076,0.0120346
78,residual_10,196,0,0.0009,0.352569,2.23304,-0.28842,1.54336,0.881287,0.282327,0.0250802,0.0260633,0.0444853,0.0145017,0.0123694
83,residual_9,85,0,0.0009,0.133195,4.71854,-0.683809,1.55422,0.528197,0.458563,0.0258767,0.0249099,0.0445459,0.013612,0.012598
93,residual_5,20,0,0.0009,0.0309651,-2.40069,-1.16886,-0.904382,0.176436,0.05,0.0262108,0.0266273,0.0743372,0.0225848,0.0140055
93,residual_4,42,0,0.0009,0.158887,0.105869,-2.00521,-0.172139,0.376461,0.362685,0.0247297,0.0250793,0.0466563,0.0165625,0.0152327
94,residual_3,304,0,0.0009,0.454387,-0.933001,2.31859,0.0295597,0.334517,0.303749,0.0239312,0.0247118,0.0443835,0.0119832,0.0119194
93,residual_8,63,0,0.0009,0.252906,-2.35902,0.0345887,-1.12667,0.339916,0.0598704,0.0242052,0.0254159,0.0522725,0.0172047,0.0125915
94,residual_2,228,0,0.0009,0.5592,-0.295065,0.227898,-0.00612712,0.342218,0.339994,0.0244198,0.0252999,0.0443702,0.0160821,0.0122634
93,residual_7,7,0,0.0009,0.0362911,-3.81851,-1.09091,-1.3891,0.327464,0.05,0.0277307,0.0362755,0.0939916,0.0316232,0.018476
28,residual_12,16,0,0.0009,0.0396718,-3.80199,0.136534,-1.44938,0.160085,0.0617433,0.0247006,0.0271625,0.118103,0.0237417,0.0158476
79,residual_11,134,0,0.0009,0.692977,1.97972,0.802349,1.30791,0.328696,0.324516,0.0241753,0.0249566,0.04451,0.0120764,0.0120234
79,residual_10,124,0,0.0009,0.471425,2.23123,-0.288726,1.54496,0.885839,0.283452,0.0248383,0.0258552,0.0444641,0.0148774,0.012354
84,residual_9,85,0,0.0009,0.113824,4.71646,-0.68313,1.55345,0.529912,0.461428,0.025875,0.024946,0.0445527,0.0138464,0.0125834
94,residual_5,20,0,0.0009,0.0262409,-2.4007,-1.16957,-0.908271,0.177021,0.05,0.0263559,0.0268274,0.073714,0.0230009,0.0139755
94,residual_4,42,0,0.0009,0.130608,0.103709,-2.00491,-0.166922,0.374095,0.362571,0.0247211,0.0251711,0.0466475,0.0167286,0.015985
95,residual_3,312,0,0.0009,0.553529,-0.933814,2.31929,0.0290733,0.335101,0.303939,0.0239196,0.0247114,0.0443761,0.0119596,0.0119127
94,residual_8,67,0,0.0009,0.253059,-2.3601,0.0293913,-1.12983,0.350557,0.060346,0.0241866,0.025456,0.0517145,0.017446,0.012561
95,residual_2,224,0,0.0009,0.508794,-0.293852,0.235319,-0.00468072,0.33551,0.329375,0.024256,0.0251261,0.0443724,0.0148076,0.0123284
95,residual_1,50,0,0.0009,0.158316,2.01449,-2.00707,0.0469771,0.442105,0.136314,0.0273421,0.0271029,0.0455604,0.0181015,0.0131894
29,residual_12,15,0,0.0009,0.0474955,-3.80298,0.136301,-1.4497,0.16044,0.0615572,0.02464,0.027126,0.116008,0.0234328,0.0158266
80,residual_11,126,0,0.0009,0.714435,1.97702,0.805715,1.31015,0.327806,0.319952,0.0240967,0.0248979,0.0445262,0.0120824,0.0120219
80,residual_10,126,0,0.0009,0.553452,2.23219,-0.290859,1.5467,0.893628,0.289109,0.0245632,0.0256697,0.0444453,0.0149332,0.0123339
85,residual_9,86,0,0.0009,0.113362,4.71427,-0.682205,1.55213,0.531326,0.465272,0.0258742,0.0249506,0.0445546,0.0138802,0.0125762
95,residual_5,23,0,0.0009,0.0265687,-2.40047,-1.17024,-0.906143,0.17685,0.05,0.0264837,0.0270478,0.0732057,0.0234645,0.0139348
95,residual_4,46,0,0.0009,0.119282,0.10449,-2.00373,-0.162138,0.375211,0.359802,0.0245895,0.0250916,0.0466474,0.0165156,0.0156201
96,residual_3,312,0,0.0009,0.643641,-0.934904,2.31958,0.0289955,0.336692,0.303991,0.0239108,0.0247113,0.0443701,0.0119369,0.0119099
95,residual_8,66,0,0.0009,0.243361,-2.35934,0.0234135,-1.1318,0.361457,0.0611027,0.0242295,0.0255723,0.0512137,0.0177115,0.0125545
96,residual_2,223,0,0.0009,0.502539,-0.292829,0.239959,-0.00361819,0.331422,0.322548,0.024138,0.0250204,0.0443756,0.0139629,0.0123817
96,residual_1,48,0,0.0009,0.145301,2.01229,-2.01075,0.0460809,0.442077,0.142402,0.026749,0.0265307,0.0455873,0.0180047,0.0133259
30,residual_12,16,0,0.0009,0.0168581,-3.80382,0.136681,-1.4471,0.159522,0.0608573,0.0245581,0.0269609,0.114594,0.0228541,0.0157522
81,residual_11,127,0,0.0009,0.742089,1.97384,0.810005,1.31199,0.325419,0.314611,0.0240398,0.0248551,0.0445414,0.0120917,0.0120194
81,residual_10,119,0,0.0009,0.438911,2.23074,-0.291514,1.54839,0.899016,0.290801,0.0243698,0.0255718,0.0444284,0.0152349,0.0123484
86,residual_9,82,0,0.0009,0.127022,4.71128,-0.681087,1.55028,0.531826,0.469309,0.0258753,0.0249545,0.0445627,0.0138775,0.0125866
96,residual_4,45,0,0.0009,0.136532,0.102212,-2.00159,-0.157661,0.375433,0.356378,0.024743,0.0250527,0.0466244,0.0171856,0.0154526
97,residual_3,317,0,0.0009,0.734251,-0.936867,2.32076,0.0278555,0.339249,0.304133,0.0239038,0.0247111,0.0443641,0.0119166,0.0119059
97,residual_2,224,0,0.0009,0.510155,-0.29256,0.242571,-0.00279346,0.32875,0.319462,0.0240526,0.0249474,0.0443799,0.013385,0.0123856
97,residual_1,45,0,0.0009,0.164689,2.0123,-2.0146,0.0443662,0.439209,0.150345,0.0262564,0.0261259,0.0456282,0.0178197,0.0134814
31,residual_12,16,0,0.0009,0.0587545,-3.80729,0.136985,-1.43752,0.158844,0.0626624,0.0244986,0.0269692,0.112781,0.0226139,0.0156649
82,residual_11,123,0,0.0009,0.782917,1.97031,0.814226,1.31442,0.32345,0.308412,0.0239997,0.024824,0.0445612,0.0121002,0.0120232
82,residual_10,123,0,0.0009,0.459314,2.2309,-0.291137,1.55005,0.902927,0.295363,0.0242293,0.0255079,0.0444135,0.0155033,0.0123388
87,residual_9,81,0,0.0009,0.118098,4.70689,-0.680608,1.54928,0.532624,0.474289,0.0253024,0.0249648,0.0445668,0.0138937,0.0126021
97,residual_4,42,0,0.0009,0.118212,0.0999786,-2.00129,-0.152733,0.373259,0.356276,0.0247397,0.0251585,0.0465992,0.0172963,0.0161948
98,residual_3,310,0,0.0009,0.747659,-0.938783,2.32184,0.0266901,0.342161,0.302249,0.0238989,0.0247109,0.0443594,0.0119029,0.0119024
98,residual_2,223,0,0.0009,0.495405,-0.293019,0.246504,-0.000813638,0.327236,0.312807,0.023991,0.0249006,0.0443839,0.0129801,0.0124061
98,residual_1,53,0,0.0009,0.113426,2.01198,-2.01653,0.041321,0.442317,0.154509,0.0259585,0.0258316,0.0456646,0.0178406,0.0136048
32,residual_12,16,0,0.0009,0.0172747,-3.80689,0.136079,-1.43603,0.158007,0.060669,0.0244597,0.0267679,0.111891,0.0219735,0.0156624
83,residual_11,121,0,0.0009,0.870025,1.9666,0.817976,1.31551,0.32154,0.300848,0.0239705,0.024801,0.0445776,0.0121069,0.0120308
83,residual_10,108,0,0.0009,0.40178,2.2292,-0.292031,1.55164,0.908462,0.295705,0.0241317,0.0254646,0.0444007,0.0157317,0.0123668
88,residual_9,78,0,0.0009,0.126372,4.70239,-0.680578,1.54905,0.534299,0.479803,0.0248965,0.0249835,0.0445703,0.0139921,0.0126193
98,residual_4,39,0,0.0009,0.102901,0.0998722,-2.00124,-0.147904,0.373189,0.356224,0.0249396,0.025272,0.0466054,0.0179424,0.0169047
99,residual_3,309,0,0.0009,0.710978,-0.940263,2.32266,0.0249212,0.344083,0.301539,0.0238958,0.0247105,0.0443549,0.0118966,0.0118983
99,residual_2,226,0,0.0009,0.517155,-0.293564,0.248838,0.00107151,0.326289,0.309797,0.0239464,0.0248665,0.0443864,0.0126962,0.0124063
99,residual_1,43,0,0.0009,0.156077,2.01289,-2.01962,0.0392846,0.438109,0.161885,0.0256319,0.0256198,0.0456985,0.0176757,0.0137327
33,residual_12,16,0,0.0009,0.0150871,-3.80833,0.136241,-1.43563,0.157559,0.0606542,0.0244212,0.0267913,0.110354,0.0217826,0.0156125
84,residual_11,119,0,0.0009,0.948371,1.96193,0.821224,1.31703,0.318165,0.292861,0.0239512,0.0247825,0.0445947,0.0121092,0.0120497
84,residual_10,107,0,0.0009,0.39113,2.22745,-0.294091,1.55328,0.915486,0.297307,0.0240615,0.0254275,0.0443888,0.0158641,0.0123867
89,residual_9,83,0,0.0009,0.146162,4.69821,-0.679316,1.54871,0.535417,0.486246,0.0246069,0.024977,0.0445732,0.0139541,0.0126347
99,residual_4,43,0,0.0009,0.123627,0.0974548,-1.99937,-0.142851,0.370918,0.353053,0.0248854,0.0252277,0.0465797,0.0179182,0.0166767
100,residual_3,298,0,0.0009,0.658374,-0.941113,2.32383,0.0237028,0.343342,0.301033,0.0238941,0.0247101,0.0443503,0.011897,0.011895
100,residual_2,221,0,0.0009,0.485637,-0.294458,0.252985,0.00294794,0.326254,0.302173,0.0238963,0.0248373,0.0443894,0.0124996,0.0123703
100,residual_1,43,0,0.0009,0.155323,2.01198,-2.02312,0.0375072,0.437277,0.170089,0.0254281,0.0254714,0.0457287,0.0175995,0.0138684
34,residual_12,16,0,0.0009,0.00814204,-3.80999,0.136951,-1.43349,0.157895,0.0603326,0.025028,0.0278575,0.110476,0.0222459,0.0161962
85,residual_11,138,0,0.0009,0.251659,1.95576,0.822891,1.31372,0.318859,0.2883,0.0239227,0.0247989,0.0447532,0.0123572,0.0122489
85,residual_10,122,0,0.0009,0.223069,2.22329,-0.30616,1.55414,0.934485,0.298488,0.0241084,0.025462,0.0444256,0.0160434,0.0127937
90,residual_9,84,0,0.0009,0.0269976,4.69277,-0.680556,1.54754,0.535583,0.48771,0.0246463,0.0252861,0.0448234,0.0145372,0.0132363
100,residual_4,40,0,0.0009,0.0212973,0.0935131,-1.99891,-0.140836,0.370914,0.35304,0.0255497,0.0255654,0.0472115,0.0184847,0.0173721
101,residual_3,299,0,0.0009,0.235995,-0.941973,2.32599,0.0227867,0.342592,0.300104,0.0239044,0.024719,0.0443712,0.0119884,0.0119585
101,residual_2,223,0,0.0009,0.115686,-0.296985,0.255884,0.00386319,0.325342,0.298991,0.0238952,0.0248636,0.0444781,0.0125847,0.012717
101,residual_1,43,0,0.0009,0.0303327,2.01031,-2.02572,0.0379959,0.437199,0.172155,0.0261873,0.0256439,0.0462639,0.0181631,0.0145431
35,residual_12,18,0,0.0009,0.00459438,-3.8108,0.135675,-1.43356,0.158202,0.0605071,0.0257632,0.0287524,0.110789,0.0227143,0.0168274
86,residual_11,155,0,0.0009,0.182877,1.95256,0.824117,1.31163,0.321513,0.284486,0.023924,0.0248267,0.0449613,0.0126225,0.0124931
86,residual_10,107,0,0.0009,0.202863,2.22325,-0.318896,1.55529,0.956647,0.299397,0.0241973,0.0255056,0.0444989,0.0161849,0.0133016
91,residual_9,81,0,0.0009,0.00734349,4.69201,-0.678352,1.54792,0.535407,0.489215,0.0248065,0.0257701,0.0451522,0.0152334,0.0138893
101,residual_4,46,0,0.0009,0.0166706,0.0937209,-1.99694,-0.138667,0.370775,0.350512,0.02635,0.0257923,0.0478117,0.019001,0.0177715
102,residual_3,309,0,0.0009,0.165034,-0.942563,2.32587,0.0205751,0.342694,0.299128,0.0239186,0.0247299,0.044407,0.012104,0.0120354
102,residual_2,223,0,0.0009,0.0744978,-0.296827,0.255881,0.0044335,0.325601,0.299044,0.023915,0.0249011,0.0446044,0.0127382,0.0130774
102,residual_1,44,0,0.0009,0.0151552,2.01038,-2.02598,0.0383096,0.436742,0.173162,0.0271952,0.0258626,0.0469221,0.0187478,0.0151937
36,residual_12,16,0,0.0009,0.0029905,-3.812,0.135129,-1.43274,0.158175,0.0604036,0.0264947,0.029506,0.111095,0.0231318,0.0174836
87,residual_11,150,0,0.0009,0.167324,1.9492,0.825929,1.30936,0.32227,0.282319,0.0239226,0.0248581,0.0451441,0.0128886,0.0126575
87,residual_10,109,0,0.0009,0.21157,2.22331,-0.332599,1.55749,0.978454,0.301997,0.0242619,0.02553,0.044561,0.0162754,0.0137069
92,residual_9,94,0,0.0009,0.090083,4.69143,-0.670171,1.55021,0.539077,0.491061,0.024911,0.0260394,0.0454403,0.0158149,0.0144429
102,residual_4,52,0,0.0009,0.00719541,0.0926909,-1.99698,-0.136967,0.370907,0.350085,0.0270264,0.0258995,0.0483135,0.019605,0.0179756
103,residual_3,326,0,0.0009,0.173717,-0.943765,2.32645,0.0179922,0.342525,0.298791,0.023927,0.0247381,0.0444394,0.0121743,0.0120842
103,residual_2,225,0,0.0009,0.0761168,-0.298252,0.253277,0.00430841,0.325918,0.304239,0.0239305,0.0249409,0.0447179,0.0128577,0.013428
103,residual_1,46,0,0.0009,0.0265882,2.0099,-2.02802,0.0392437,0.436824,0.175011,0.0284853,0.0260112,0.0474749,0.0193596,0.015772
37,residual_12,17,0,0.0009,0.00896111,-3.81048,0.133178,-1.43157,0.158734,0.0605877,0.0269486,0.0303068,0.111377,0.0235914,0.0180351
88,residual_11,202,0,0.0009,0.167749,1.94514,0.828321,1.30617,0.322801,0.281899,0.0239122,0.0248651,0.0452897,0.013009,0.0127713
88,residual_10,133,0,0.0009,0.214224,2.22302,-0.344268,1.55921,1.00452,0.303643,0.0243426,0.0255948,0.0446393,0.0162427,0.0141067
93,residual_9,85,0,0.0009,0.0152276,4.69391,-0.666446,1.54976,0.540786,0.490244,0.0250312,0.0262555,0.0457244,0.0163458,0.0149778
103,residual_4,40,0,0.0009,0.0113034,0.0959248,-1.99755,-0.134454,0.371728,0.350064,0.0278397,0.026196,0.0489158,0.0201218,0.018614
104,residual_3,339,0,0.0009,0.199137,-0.944794,2.32469,0.0144711,0.343267,0.296941,0.0239324,0.0247451,0.0444706,0.0122204,0.0121419
104,residual_2,222,0,0.0009,0.0828242,-0.295691,0.249208,0.00580297,0.327779,0.308078,0.0239475,0.025005,0.0448456,0.0129556,0.013934
104,residual_1,52,0,0.0009,0.0781346,2.00943,-2.02571,0.0405152,0.437264,0.176943,0.0295587,0.0260683,0.0479583,0.0199389,0.0162277
38,residual_12,16,0,0.0009,0.00594697,-3.81002,0.130838,-1.4319,0.159316,0.0605221,0.0274334,0.030969,0.111639,0.0240418,0.0186353
89,residual_11,148,0,0.0009,0.14485,1.94539,0.831971,1.30506,0.326558,0.277775,0.0239189,0.0248792,0.045479,0.0131576,0.0128832
89,residual_10,117,0,0.0009,0.18358,2.22427,-0.354166,1.56045,1.02606,0.30393,0.0243829,0.0256526,0.0446963,0.0162437,0.0143281
94,residual_9,82,0,0.0009,0.0129903,4.69493,-0.666798,1.54967,0.542519,0.491376,0.0250954,0.0265324,0.0460284,0.0168927,0.0154176
104,residual_4,49,0,0.0009,0.0125009,0.0966603,-1.99844,-0.132726,0.372632,0.350149,0.0285397,0.0262303,0.0494074,0.020601,0.0187532
105,residual_3,363,0,0.0009,0.194763,-0.947022,2.32387,0.0136915,0.344104,0.296887,0.0239358,0.0247485,0.0444953,0.0122511,0.0121554
105,residual_2,224,0,0.0009,0.076339,-0.294828,0.24538,0.00723628,0.327916,0.31325,0.023966,0.0250097,0.0449591,0.0130666,0.0140055
105,residual_1,44,0,0.0009,0.0330327,2.01077,-2.02585,0.0419911,0.437461,0.177879,0.0304004,0.026149,0.0484938,0.0204843,0.0166497
39,residual_12,20,0,0.0009,0.00545475,-3.81143,0.129654,-1.43134,0.159522,0.0609378,0.0275097,0.0318501,0.111778,0.0245077,0.0190455
90,residual_11,122,0,0.0009,0.142315,1.94373,0.832907,1.30322,0.326922,0.27565,0.0239271,0.0248998,0.0456456,0.0133296,0.0129604
90,residual_10,106,0,0.0009,0.167173,2.22418,-0.364967,1.56292,1.04595,0.304047,0.0244762,0.0256606,0.0447511,0.0162231,0.0146507
95,residual_9,79,0,0.0009,0.0104435,4.69225,-0.667977,1.54776,0.54221,0.492911,0.0251644,0.026699,0.0463021,0.0173124,0.0158202
105,residual_4,48,0,0.0009,0.00842068,0.0956988,-1.99988,-0.131184,0.373104,0.35052,0.0286201,0.0263009,0.0499414,0.0209546,0.018985
106,residual_3,376,0,0.0009,0.193756,-0.949021,2.3237,0.0135298,0.344332,0.297275,0.0239365,0.0247499,0.0445163,0.0122599,0.0121565
106,residual_2,239,0,0.0009,0.0821156,-0.296227,0.241509,0.00693837,0.329629,0.319931,0.0239687,0.0250009,0.0450345,0.0131082,0.0139816
106,residual_1,42,0,0.0009,0.0208579,2.01064,-2.02527,0.0442921,0.436469,0.178334,0.0305862,0.0262476,0.0490341,0.0209272,0.0170169
40,residual_12,16,0,0.0009,0.00338492,-3.81076,0.128693,-1.43118,0.159768,0.060591,0.0278378,0.032381,0.112044,0.0249485,0.0195256
91,residual_11,113,0,0.0009,0.110261,1.94255,0.833343,1.30022,0.325237,0.272728,0.0239401,0.0249199,0.0458298,0.0134731,0.0130411
91,residual_10,103,0,0.0009,0.143339,2.22419,-0.373854,1.56468,1.06339,0.30341,0.0245479,0.0256735,0.0447976,0.0162312,0.0149256
96,residual_9,96,0,0.0009,0.0551023,4.68739,-0.672195,1.54545,0.544574,0.496955,0.0251876,0.0266982,0.0465018,0.0176018,0.016148
106,residual_4,47,0,0.0009,0.00904341,0.0949458,-2.00148,-0.129642,0.373306,0.351506,0.0289477,0.0263978,0.0503729,0.0213924,0.0192021
107,residual_3,379,0,0.0009,0.197782,-0.950825,2.32339,0.0129218,0.343946,0.297665,0.0239384,0.0247502,0.0445343,0.0122764,0.0121528
107,residual_2,228,0,0.0009,0.0769484,-0.297489,0.238412,0.00684538,0.331142,0.324451,0.0239738,0.0250193,0.0451024,0.0131492,0.0141489
107,residual_1,41,0,0.0009,0.0124865,2.00972,-2.02548,0.0444498,0.436399,0.178139,0.0308975,0.0263705,0.0496102,0.0213771,0.0174599
41,residual_12,17,0,0.0009,0.00457901,-3.81191,0.12719,-1.43061,0.160046,0.0607304,0.028016,0.0330388,0.112201,0.0253947,0.0199671
92,residual_11,113,0,0.0009,0.0979332,1.94096,0.832949,1.29841,0.32476,0.269135,0.0239506,0.0249349,0.0460101,0.0135865,0.0131154
92,residual_10,104,0,0.0009,0.134211,2.22311,-0.382687,1.56649,1.08036,0.303407,0.0246142,0.0256008,0.0448428,0.0162244,0.0151437
97,residual_9,85,0,0.0009,0.0088928,4.68613,-0.673149,1.54503,0.545447,0.498514,0.025209,0.0268297,0.0466974,0.0179872,0.0164421
107,residual_4,6,0,0.0009,0.0197207,0.094585,-2.00429,-0.129665,0.373313,0.352458,0.030611,0.027254,0.0512311,0.0219688,0.0196845
108,residual_3,392,0,0.0009,0.194817,-0.952578,2.3229,0.0122651,0.343808,0.298036,0.0239398,0.0247495,0.0445458,0.0122892,0.012148
108,residual_2,220,0,0.0009,0.0668499,-0.299503,0.235496,0.00767026,0.333704,0.328289,0.0239899,0.0250571,0.0451646,0.0132368,0.0144483
108,residual_1,41,0,0.0009,0.0224611,2.00875,-2.02556,0.0476148,0.435717,0.178686,0.0308532,0.0264166,0.0501708,0.0217475,0.017707
42,residual_12,16,0,0.0009,0.0308306,-3.8107,0.122753,-1.4287,0.161017,0.0611758,0.028227,0.033483,0.112529,0.0258237,0.0203769
93,residual_11,115,0,0.0009,0.131167,1.94134,0.834537,1.29477,0.325302,0.268184,0.0239482,0.0249495,0.0461705,0.0136854,0.0131554
93,residual_10,106,0,0.0009,0.154443,2.22239,-0.389538,1.56664,1.09837,0.303056,0.0246553,0.025541,0.0448784,0.0162057,0.0152786
98,residual_9,90,0,0.0009,0.0499634,4.68831,-0.66855,1.54336,0.549656,0.496213,0.0252936,0.0267759,0.0468762,0.0182082,0.0168081
108,residual_4,40,0,0.0009,0.0247703,0.101356,-2.00531,-0.128526,0.377141,0.35242,0.0303695,0.0273199,0.0517822,0.0222166,0.0202366
109,residual_3,402,0,0.0009,0.244831,-0.953845,2.3201,0.00960002,0.34499,0.298565,0.0239408,0.0247497,0.0445616,0.0122986,0.0121593
109,residual_2,213,0,0.0009,0.104432,-0.295766,0.229884,0.00957994,0.337876,0.332319,0.024019,0.0251091,0.0452351,0.0133394,0.0148134
109,residual_1,42,0,0.0009,0.0428607,2.01571,-2.02353,0.0511732,0.437144,0.179261,0.0312799,0.0264286,0.0506272,0.0221832,0.0180048
43,residual_12,16,0,0.0009,0.00368628,-3.8122,0.123027,-1.42841,0.160969,0.0613828,0.0282624,0.0345256,0.112678,0.0262824,0.0206935
94,residual_11,115,0,0.0009,0.109294,1.93935,0.833419,1.29134,0.32372,0.266055,0.0239502,0.0249572,0.0463155,0.0137821,0.0131785
94,residual_10,104,0,0.0009,0.112876,2.22087,-0.397772,1.56819,1.11231,0.302771,0.0247223,0.0254904,0.044901,0.0161976,0.0154434
99,residual_9,86,0,0.0009,0.00929518,4.68558,-0.670059,1.54288,0.548759,0.498054,0.0252949,0.0268124,0.0470342,0.0184526,0.0170242
109,residual_4,40,0,0.0009,0.0113352,0.0989518,-2.00559,-0.126907,0.37691,0.352347,0.0302451,0.0273656,0.0522734,0.0225205,0.0207793
110,residual_3,431,0,0.0009,0.189474,-0.955345,2.31988,0.00860454,0.344582,0.298017,0.0239438,0.0247472,0.0445672,0.0123233,0.0121374
2,residual_13,20,0,0.0009,0.00175668,-2.41751,-1.16742,-0.879307,0.173489,0.05,0.0970729,0.113673,0.985009,0.250189,0.100419
110,residual_2,221,0,0.0009,0.0834391,-0.298474,0.224903,-1.56169,0.342047,0.339449,0.0240283,0.0250784,0.045275,0.0137663,0.0145682
110,residual_1,40,0,0.0009,0.0140454,2.01535,-2.02468,0.0525393,0.437242,0.180223,0.0316048,0.0264679,0.0510301,0.0226346,0.0182386
44,residual_12,16,0,0.0009,0.010835,-3.81431,0.122443,-1.42637,0.160908,0.0613824,0.0283712,0.0341851,0.112883,0.0264658,0.021007
95,residual_11,116,0,0.0009,0.127288,1.93599,0.830898,1.28938,0.322058,0.264284,0.0239431,0.0249574,0.046445,0.0138207,0.0131874
95,residual_10,109,0,0.0009,0.162663,2.21912,-0.408083,1.5701,1.12619,0.305666,0.0247121,0.0254583,0.0448947,0.016205,0.0154249
100,residual_9,78,0,0.0009,0.0244913,4.68057,-0.675422,1.5416,0.547521,0.49817,0.0252767,0.0268815,0.0472258,0.0187011,0.01718
110,residual_4,43,0,0.0009,0.0202302,0.0940843,-2.007,-0.12473,0.376817,0.354276,0.0300153,0.0272779,0.0527504,0.022883,0.0209149
111,residual_3,454,0,0.0009,0.194528,-0.957418,2.3209,0.00804729,0.345661,0.297348,0.0239457,0.0247437,0.0445668,0.0123406,0.0121111
3,residual_13,97,0,0.0009,0.0805622,-2.48275,-0.996811,1.55508,0.718882,0.0673846,0.0598619,0.0832631,0.267463,0.184197,0.0781586
111,residual_2,512,0,0.0009,0.139522,-0.306126,0.228013,-1.56515,0.34045,0.338843,0.0240779,0.0249353,0.0452357,0.0135144,0.0139784
111,residual_1,51,0,0.0009,0.134336,2.01582,-2.03048,0.0538049,0.441762,0.185287,0.0311142,0.0263996,0.0513685,0.0228717,0.0182476
45,residual_12,15,0,0.0009,0.00895077,-3.81592,0.122688,-1.42496,0.161104,0.0610397,0.028462,0.0344024,0.113044,0.0267564,0.02127
96,residual_11,118,0,0.0009,0.143111,1.93312,0.828641,1.28617,0.320401,0.263564,0.0239401,0.0249641,0.0465678,0.0138971,0.0131777
96,residual_10,106,0,0.0009,0.133303,2.21479,-0.418025,-1.57076,1.13932,0.305849,0.0247516,0.0254423,0.0448896,0.0162502,0.0155813
101,residual_9,76,0,0.0009,0.0412896,4.67769,-0.681599,1.53956,0.545523,0.495481,0.0254037,0.0270195,0.0474419,0.0189967,0.0173134
111,residual_4,45,0,0.0009,0.0209161,0.088095,-2.00905,-0.124418,0.377115,0.357031,0.0298655,0.0271859,0.0531297,0.0232402,0.0210166
112,residual_3,461,0,0.0009,0.185404,-0.957988,2.32192,0.00729565,0.344111,0.297517,0.0239496,0.0247406,0.0445649,0.0123734,0.0120873
4,residual_13,21,0,0.0009,0.00506498,-2.47961,-0.99873,1.56861,0.721959,0.0641699,0.0513683,0.0813538,0.249464,0.182256,0.0626424
112,residual_2,411,0,0.0009,0.103499,-0.309714,0.229352,-1.5656,0.340151,0.336884,0.0241281,0.0248435,0.0452172,0.0134094,0.0136721
112,residual_1,44,0,0.0009,0.0364515,2.01009,-2.03236,0.0563386,0.442579,0.184802,0.0308278,0.0263669,0.0517753,0.0231314,0.0183541
46,residual_12,16,0,0.0009,0.00941891,-3.81793,0.122943,-1.42318,0.161313,0.0607146,0.0282239,0.0351486,0.1132,0.0271313,0.0213944
97,residual_11,117,0,0.0009,0.150309,1.93042,0.826666,1.28347,0.31954,0.262053,0.0239279,0.0249504,0.0466138,0.0138441,0.0131368
97,residual_10,101,0,0.0009,0.130095,2.21203,-0.426527,-1.56994,1.15363,0.306104,0.0248289,0.0253255,0.0448808,0.0162218,0.0155706
102,residual_9,78,0,0.0009,0.0450577,4.67591,-0.682039,1.54022,0.544888,0.491675,0.0255008,0.0270013,0.0475574,0.0192423,0.017536
112,residual_4,40,0,0.0009,0.0109693,0.0864431,-2.00895,-0.122243,0.376863,0.356676,0.0296135,0.0272079,0.0535423,0.0234035,0.0214136
113,residual_3,478,0,0.0009,0.2053,-0.958851,2.32255,0.00552698,0.343424,0.296975,0.0239488,0.0247367,0.0445585,0.0123689,0.0120596
5,residual_13,99,0,0.0009,0.10499,-2.48886,-0.930943,-1.54788,0.9653,0.0733127,0.0436235,0.0770458,0.167635,0.165722,0.0547403
113,residual_2,325,0,0.0009,0.101085,-0.310359,0.229416,-1.56448,0.339553,0.335729,0.024169,0.0247838,0.0451996,0.0133718,0.0134579
113,residual_1,43,0,0.0009,0.0300844,2.00691,-2.03275,0.0565821,0.442304,0.18307,0.030703,0.026283,0.05206,0.0233593,0.018402
47,residual_12,15,0,0.0009,0.00675833,-3.81763,0.12491,-1.42209,0.161926,0.059417,0.0281166,0.0354497,0.113217,0.027459,0.0215576
98,residual_11,116,0,0.0009,0.14998,1.92748,0.824381,1.28283,0.317518,0.260641,0.0241443,0.0248363,0.0466825,0.013821,0.0131163
98,residual_10,104,0,0.0009,0.14567,2.20775,-0.436484,-1.56941,1.16653,0.306706,0.0248723,0.0252412,0.0448668,0.0161819,0.0155131
103,residual_9,76,0,0.0009,0.0267937,4.67022,-0.685988,1.54075,0.545406,0.491289,0.0257328,0.0269081,0.0476896,0.0195967,0.0181329
113,residual_4,43,0,0.0009,0.049035,0.0786797,-2.01131,-0.123169,0.37641,0.36034,0.0292845,0.0271863,0.053892,0.0234367,0.0216398
114,residual_3,485,0,0.0009,0.215117,-0.95896,2.32416,0.00358856,0.340609,0.296585,0.0239492,0.0247336,0.0445523,0.0123717,0.0120376
6,residual_13,115,0,0.0009,0.144749,-2.49489,-0.883454,-1.51631,1.11195,0.0922932,0.0390014,0.075713,0.132215,0.15902,0.0466982
114,residual_2,281,0,0.0009,0.0759248,-0.313199,0.229419,-1.56492,0.340467,0.334949,0.0242022,0.0247566,0.0451897,0.0134745,0.0133267
114,residual_1,41,0,0.0009,0.0395094,2.00139,-2.03408,0.0574015,0.443683,0.180853,0.0307369,0.0262546,0.0524105,0.0237639,0.018462
48,residual_12,15,0,0.0009,0.0157497,-3.81954,0.122855,-1.41874,0.161445,0.0599852,0.0280187,0.0352566,0.113373,0.0277386,0.0217088
99,residual_11,116,0,0.0009,0.167381,1.92539,0.822926,1.27918,0.316906,0.259561,0.0243006,0.0247476,0.0467267,0.0137602,0.0130651
99,residual_10,107,0,0.0009,0.138347,2.20542,-0.442094,-1.56967,1.17852,0.307762,0.0248769,0.0251434,0.0448469,0.0160393,0.0154214
104,residual_9,72,0,0.0009,0.0100646,4.66816,-0.686927,1.53987,0.546592,0.490054,0.0258398,0.0268323,0.0477837,0.0196243,0.0184575
114,residual_4,60,0,0.0009,0.0715929,0.0795638,-2.0158,-0.115377,0.375759,0.369314,0.0288094,0.0268406,0.0538579,0.0233737,0.0208632
115,residual_3,503,0,0.0009,0.241759,-0.958195,2.32377,0.000808488,0.336717,0.296503,0.0239464,0.02473,0.0445439,0.0123506,0.012015
7,residual_13,169,0,0.0009,0.270103,-2.50993,-0.825122,-1.51158,1.24763,0.142715,0.0349238,0.0750447,0.111512,0.154933,0.0365196
115,residual_2,337,0,0.0009,0.0799075,-0.313596,0.230088,-1.56387,0.33742,0.335785,0.0242187,0.0247153,0.0451662,0.0133667,0.013172
115,residual_1,40,0,0.0009,0.0315791,1.99971,-2.03239,0.0586836,0.442848,0.178827,0.0311599,0.0261471,0.0525785,0.024119,0.0184017
49,residual_12,17,0,0.0009,0.0186715,-3.81989,0.123179,-1.41399,0.16159,0.0599649,0.0278724,0.0342913,0.113446,0.027949,0.0220653
100,residual_11,121,0,0.0009,0.224763,1.92271,0.820368,1.27728,0.315647,0.258905,0.0244096,0.024668,0.046728,0.0136535,0.0129904
100,residual_10,109,0,0.0009,0.173954,2.20172,-0.450573,-1.57,1.18922,0.310994,0.0249028,0.0249984,0.0448236,0.0158766,0.015201
105,residual_9,70,0,0.0009,0.0325993,4.66281,-0.692557,1.53869,0.545885,0.489121,0.025793,0.0268107,0.0479295,0.019613,0.0183425
115,residual_4,49,0,0.0009,0.0596619,0.0712568,-2.01467,-0.112491,0.375893,0.368408,0.0285398,0.0267304,0.0539285,0.0235706,0.0207617
116,residual_3,519,0,0.0009,0.29276,-0.956883,2.325,-8.1851e-05,0.330218,0.297963,0.0239402,0.0247263,0.0445315,0.0123016,0.0119874
8,residual_13,217,0,0.0009,0.261577,-2.52843,-0.783935,-1.51438,1.32369,0.170184,0.0318008,0.074777,0.0980255,0.152396,0.0280621
116,residual_2,255,0,0.0009,0.109438,-0.319723,0.228929,-1.56644,0.340985,0.3408,0.0242274,0.0247267,0.0451417,0.0136312,0.01305
116,residual_1,43,0,0.0009,0.0639067,1.9931,-2.03414,0.0624777,0.444444,0.178117,0.0309315,0.0260132,0.0526771,0.0245043,0.0182044
50,residual_12,16,0,0.0009,0.00939061,-3.82021,0.123338,-1.41063,0.161679,0.0597027,0.0276516,0.0341111,0.113457,0.0282517,0.0221134
101,residual_11,120,0,0.0009,0.216344,1.91998,0.819287,1.27448,0.313634,0.258607,0.0244883,0.02461,0.0467323,0.0135689,0.012916
101,residual_10,104,0,0.0009,0.149499,2.19781,-0.457654,-1.57038,1.20049,0.312816,0.0249299,0.0248796,0.0448004,0.0157018,0.0150361
106,residual_9,84,0,0.0009,0.0227842,4.65808,-0.696179,1.53713,0.547318,0.487859,0.0256613,0.0265871,0.0478807,0.0194344,0.0179778
116,residual_4,40,0,0.0009,0.0165424,0.0673455,-2.01431,-0.110661,0.375289,0.368381,0.0282381,0.0268069,0.0541362,0.0234893,0.0212962
117,residual_3,517,0,0.0009,0.296939,-0.955463,2.32562,-0.00151841,0.324146,0.299473,0.023934,0.0247232,0.0445192,0.0122509,0.0119676
9,residual_13,294,0,0.0009,0.270811,-2.54741,-0.748932,-1.51863,1.36284,0.217939,0.0299032,0.0747771,0.088496,0.150888,0.023046
117,residual_2,214,0,0.0009,0.0789669,-0.323553,0.227565,0.00349653,0.344998,0.343671,0.0242497,0.0247412,0.0451273,0.0134986,0.0135432
117,residual_1,47,0,0.0009,0.0984806,1.98506,-2.03662,0.0661397,0.446268,0.179937,0.0308171,0.0258782,0.0527216,0.0249018,0.0179707
51,residual_12,15,0,0.0009,0.0159304,-3.82179,0.124409,-1.4069,0.162057,0.0591659,0.0277049,0.0333923,0.113453,0.0285224,0.0222949
102,residual_11,119,0,0.0009,0.232479,1.91697,0.817406,1.27294,0.312301,0.257243,0.0245466,0.0245633,0.0467177,0.0134809,0.0128716
102,residual_10,112,0,0.0009,0.175028,2.1953,-0.464125,-1.56985,1.20919,0.315156,0.0249312,0.0247903,0.0447736,0.0155451,0.014864
107,residual_9,59,0,0.0009,0.0293713,4.65288,-0.700189,1.53622,0.546446,0.486956,0.0258109,0.026867,0.0480556,0.0196851,0.0185797
117,residual_4,41,0,0.0009,0.0273762,0.062257,-2.01429,-0.109075,0.376399,0.368274,0.0280267,0.0269004,0.0543512,0.0235263,0.0218218
118,residual_3,532,0,0.0009,0.292822,-0.953529,2.32715,-0.0025171,0.316052,0.302079,0.0239277,0.024721,0.0445075,0.0122021,0.0119517
10,residual_13,327,0,0.0009,0.345771,-2.56245,-0.718821,-1.5156,1.39424,0.251423,0.0285735,0.0749054,0.0814454,0.149963,0.0199758
118,residual_2,205,0,0.0009,0.114763,-0.328815,0.228634,0.000724439,0.348599,0.343164,0.0243896,0.0246075,0.0451185,0.0133899,0.0138054
118,residual_1,41,0,0.0009,0.0537567,1.97921,-2.03971,0.0702512,0.447561,0.181856,0.030922,0.0256827,0.0527883,0.0253147,0.0177965
52,residual_12,162,0,0.0009,0.0836145,-3.82069,0.112706,-1.4358,0.180637,0.0763432,0.0275749,0.0319123,0.112831,0.0277057,0.0223677
103,residual_11,118,0,0.0009,0.231885,1.91326,0.815208,1.27086,0.310724,0.255481,0.024589,0.0245297,0.0467151,0.0134099,0.0128415
103,residual_10,111,0,0.0009,0.165982,2.19229,-0.470153,-1.56906,1.21552,0.318752,0.02499,0.0246941,0.0447437,0.0154662,0.0146756
108,residual_9,84,0,0.0009,0.0643689,4.6498,-0.705794,1.53376,0.543447,0.482562,0.0256983,0.0266528,0.0480518,0.01958,0.0182434
118,residual_4,40,0,0.0009,0.0381538,0.0564175,-2.01422,-0.10797,0.377651,0.368167,0.0282968,0.0268252,0.0545392,0.0239675,0.022333
119,residual_3,542,0,0.0009,0.293467,-0.951999,2.32891,-0.00364298,0.308148,0.305303,0.0241598,0.0244938,0.0444962,0.0121554,0.0119414
119,residual_2,205,0,0.0009,0.121467,-0.334512,0.230161,-0.00178516,0.35209,0.342896,0.0244929,0.0245171,0.0451096,0.0133083,0.0140214
119,residual_1,41,0,0.0009,0.0342994,1.97292,-2.04375,0.0702858,0.448897,0.183047,0.030884,0.0255875,0.052936,0.0257206,0.0178527
53,residual_12,16,0,0.0009,0.069483,-3.81793,0.118053,-1.44055,0.181746,0.0792532,0.0276755,0.0315966,0.112998,0.0280167,0.0226504
104,residual_11,119,0,0.0009,0.252273,1.91004,0.812947,1.26673,0.308407,0.254543,0.0246189,0.024503,0.0466994,0.0133405,0.0128191
104,residual_10,112,0,0.0009,0.181801,2.18915,-0.476523,-1.56819,1.22262,0.321668,0.0250395,0.0246109,0.0447173,0.0153486,0.0145584
109,residual_9,91,0,0.0009,0.0387067,4.64456,-0.712895,1.53341,0.542312,0.481509,0.025682,0.0264225,0.0479961,0.0195672,0.0178224
119,residual_4,39,0,0.0009,0.0369107,0.0519646,-2.0139,-0.106298,0.378537,0.368126,0.0284993,0.0268249,0.0548304,0.024406,0.0228372
120,residual_3,543,0,0.0009,0.285142,-0.950777,2.33075,1.56578,0.308906,0.30053,0.0243318,0.0243305,0.0444855,0.0120911,0.0119608
12,residual_13,198,0,0.0009,0.30341,-2.57731,-0.693294,-1.51114,1.41553,0.267579,0.029016,0.0756503,0.0761254,0.149444,0.0185603
120,residual_2,212,0,0.0009,0.111911,-0.340266,0.230056,-0.00560398,0.354526,0.345099,0.0245708,0.0244396,0.0450957,0.0132717,0.0140771
120,residual_1,44,0,0.0009,0.0453098,1.96575,-2.04836,0.0685111,0.449796,0.185824,0.0305033,0.0255826,0.0529747,0.0258397,0.0182261
54,residual_12,16,0,0.0009,0.0359683,-3.82032,0.122,-1.43857,0.182758,0.0796755,0.0279324,0.0312959,0.113188,0.0283379,0.0230887
105,residual_11,121,0,0.0009,0.235408,1.90655,0.810888,1.26327,0.307292,0.252993,0.0246402,0.0244777,0.0466781,0.013262,0.0128066
105,residual_10,103,0,0.0009,0.151987,2.18458,-0.482174,-1.56803,1.22839,0.321999,0.0251064,0.0245574,0.0447011,0.0152959,0.0146199
110,residual_9,88,0,0.0009,0.0530476,4.63743,-0.718139,1.53118,0.539706,0.484204,0.0256691,0.026194,0.0479678,0.01948,0.0174827
120,residual_4,38,0,0.0009,0.0426082,0.0452986,-2.01354,-0.104947,0.377847,0.368065,0.0285122,0.0268588,0.0551196,0.0243359,0.0233336
121,residual_3,555,0,0.0009,0.276441,-0.95035,2.33234,1.56398,0.312171,0.295084,0.0244804,0.0241881,0.0444754,0.012046,0.0119702
13,residual_13,95,0,0.0009,0.335002,-2.5825,-0.675265,-1.51094,1.4348,0.267946,0.028364,0.0758029,0.0719263,0.149145,0.0186405
121,residual_2,209,0,0.0009,0.110943,-0.346235,0.230272,-0.00896317,0.357521,0.347362,0.0246294,0.0243865,0.0450827,0.0132473,0.0141337
121,residual_1,39,0,0.0009,0.045758,1.96128,-2.04655,0.0709002,0.450725,0.180273,0.0303582,0.0255021,0.0531203,0.0262384,0.018161
106,residual_11,119,0,0.0009,0.259231,1.90274,0.808093,1.25974,0.306055,0.251906,0.0246552,0.0244595,0.046659,0.0131988,0.012793
106,residual_10,103,0,0.0009,0.163561,2.17948,-0.488256,-1.56832,1.23476,0.322604,0.0251493,0.0245203,0.0446825,0.0152504,0.0146143
111,residual_9,83,0,0.0009,0.0612222,4.62977,-0.725929,1.53008,0.538227,0.486131,0.0256541,0.0260161,0.0479352,0.0193668,0.0172143
121,residual_4,38,0,0.0009,0.0454792,0.0389897,-2.01354,-0.105914,0.379126,0.367953,0.0287533,0.0269046,0.0553519,0.0247752,0.0238216
122,residual_3,551,0,0.0009,0.255594,-0.949652,2.33419,1.5619,0.315646,0.288759,0.0245912,0.0240857,0.0444661,0.012014,0.0119762
122,residual_2,219,0,0.0009,0.130266,-0.35161,0.230494,-0.0125003,0.361092,0.349189,0.0246699,0.0243473,0.045067,0.0132182,0.014165
122,residual_1,41,0,0.0009,0.0268717,1.95554,-2.04821,0.0698425,0.451853,0.178244,0.0301998,0.0254251,0.0532182,0.0266367,0.0180509
107,residual_10,104,0,0.0009,0.134805,2.17591,-0.492994,-1.56816,1.24104,0.323275,0.0251786,0.0244857,0.0446679,0.0151961,0.0145996
112,residual_9,92,0,0.0009,0.0684847,4.62318,-0.72864,1.52748,0.538852,0.487263,0.025654,0.025799,0.0478898,0.0190869,0.0170206
122,residual_4,40,0,0.0009,0.0385533,0.0334144,-2.01339,-0.1056,0.380185,0.367881,0.0289489,0.0269594,0.0554879,0.0252103,0.0243012
123,residual_3,560,0,0.0009,0.250624,-0.94988,2.33539,1.55975,0.319257,0.285415,0.024673,0.0240121,0.0444562,0.0119931,0.0119758
15,residual_13,207,0,0.0009,0.228134,-2.58644,-0.697245,-1.51238,1.53508,0.276094,0.0287964,0.0570835,0.0683591,0.105188,0.0184534
123,residual_2,6,0,0.0009,0.455931,-0.353814,0.220914,-0.0090005,0.361415,0.351086,0.0262162,0.0249518,0.0459909,0.0141159,0.0149294
123,residual_1,44,0,0.0009,0.0660134,1.95002,-2.05251,0.0711206,0.452877,0.181852,0.0303664,0.0253942,0.053262,0.0270468,0.0181017
57,residual_12,16,0,0.0009,0.0344678,-3.82261,0.12791,-1.43706,0.183928,0.0799138,0.0306592,0.0336768,0.11332,0.0286848,0.023523
108,residual_11,128,0,0.0009,0.266346,1.90297,0.801404,1.25617,0.307843,0.253579,0.0260956,0.025868,0.0466291,0.0131297,0.0128155
108,residual_10,104,0,0.0009,0.138035,2.17223,-0.497613,-1.56823,1.24639,0.324245,0.0252186,0.0244264,0.0446532,0.0151775,0.0145059
113,residual_9,89,0,0.0009,0.0542921,4.61716,-0.734654,1.526,0.536285,0.489235,0.0256603,0.0256448,0.0478453,0.0189181,0.0168858
123,residual_4,39,0,0.0009,0.030192,0.028443,-2.01283,-0.103918,0.381068,0.36788,0.0291494,0.027038,0.0556571,0.0256434,0.0247732
124,residual_3,557,0,0.0009,0.262765,-0.950787,2.33696,1.55698,0.322068,0.283919,0.0247341,0.0239597,0.0444471,0.0119819,0.0119713
16,residual_13,22,0,0.0009,0.169897,-2.58954,-0.697437,-1.52181,1.53541,0.270796,0.0294992,0.0579522,0.0670637,0.105301,0.0188502
124,residual_2,223,0,0.0009,0.122419,-0.357873,0.221121,-0.0125202,0.364226,0.356307,0.0259321,0.0246741,0.0458821,0.0139461,0.0146555
124,residual_1,41,0,0.0009,0.0509351,1.94633,-2.05262,0.0754321,0.453573,0.179113,0.0303634,0.025329,0.0533022,0.0274484,0.0180986
109,residual_11,125,0,0.0009,0.237476,1.90196,0.794591,1.25371,0.309657,0.254895,0.0257224,0.0254747,0.0466046,0.0131055,0.0128335
109,residual_10,101,0,0.0009,0.148304,2.1673,-0.502764,-1.56854,1.25117,0.323604,0.0252635,0.0243904,0.04464,0.0151851,0.014583
114,residual_9,80,0,0.0009,0.0903001,4.61036,-0.742573,1.52565,0.535049,0.491526,0.025655,0.0256254,0.0478676,0.0189399,0.0167997
124,residual_4,41,0,0.0009,0.0489163,0.0207077,-2.01191,-0.102908,0.381173,0.367891,0.029001,0.0271024,0.0558731,0.0254382,0.0252373
125,residual_3,554,0,0.0009,0.266769,-0.952051,2.33843,1.55422,0.325133,0.283037,0.0247792,0.0239222,0.0444389,0.0119769,0.0119671
125,residual_2,208,0,0.0009,0.124145,-0.364357,0.223696,-0.0163263,0.367326,0.35615,0.0257254,0.0245308,0.0457872,0.0138214,0.0148842
125,residual_1,43,0,0.0009,0.0481672,1.93957,-2.05539,0.074675,0.45477,0.178935,0.030466,0.0252916,0.0534014,0.0278516,0.0180992
110,residual_11,124,0,0.0009,0.18937,1.90163,0.789335,1.25027,0.3117,0.256504,0.0255624,0.0250301,0.0465675,0.0131115,0.012853
110,residual_10,103,0,0.0009,0.125915,2.16267,-0.506383,-1.56928,1.25532,0.323517,0.0252908,0.0243588,0.044629,0.01518,0.0145312
115,residual_9,82,0,0.0009,0.057769,4.60552,-0.747796,1.52591,0.533904,0.49367,0.0256798,0.0255529,0.0478621,0.0188524,0.0168042
125,residual_4,40,0,0.0009,0.0537448,0.0148265,-2.01084,-0.103012,0.381184,0.367948,0.0288865,0.0271682,0.0560105,0.0253021,0.0256937
126,residual_3,560,0,0.0009,0.277351,-0.954057,2.33979,1.55167,0.327279,0.284471,0.0248126,0.0238948,0.0444319,0.0119697,0.0119621
126,residual_2,206,0,0.0009,0.0961323,-0.368805,0.22587,-0.019423,0.369315,0.356038,0.025576,0.0244276,0.0457007,0.0137562,0.0149879
126,residual_1,42,0,0.0009,0.0635962,1.9346,-2.05748,0.0786305,0.455633,0.178998,0.0308292,0.0252476,0.0533363,0.0282592,0.0180987
111,residual_11,126,0,0.0009,0.733447,1.91147,0.802933,1.26352,0.313103,0.251129,0.0254665,0.0247826,0.0466697,0.0136501,0.0129275
111,residual_10,102,0,0.0009,0.71411,2.16198,-0.49057,-1.56793,1.26149,0.323337,0.0253477,0.0243911,0.0446581,0.0155037,0.0152571
116,residual_9,91,0,0.0009,0.665646,4.62918,-0.719446,1.53119,0.542209,0.497535,0.0258502,0.0255216,0.0481293,0.0192938,0.0171561
126,residual_4,39,0,0.0009,0.322576,0.0394142,-2.00472,-0.104904,0.393071,0.369113,0.0284562,0.0274737,0.0563472,0.0251785,0.0261458
127,residual_3,559,0,0.0009,0.322868,-0.952905,2.33628,1.55267,0.330114,0.287314,0.0248371,0.0238777,0.0444209,0.0119898,0.0119575
127,residual_2,206,0,0.0009,0.524127,-0.351337,0.227626,-0.0126722,0.371615,0.35637,0.025564,0.0244656,0.0456581,0.0145749,0.0157389
127,residual_1,40,0,0.0009,0.429295,1.96186,-2.04237,0.0869331,0.471815,0.181455,0.0302226,0.0254874,0.0536669,0.0278999,0.0185132
112,residual_11,129,0,0.0009,0.355055,1.91538,0.812266,1.26409,0.314953,0.252673,0.0253787,0.0245717,0.0466256,0.0137852,0.0129235
112,residual_10,102,0,0.0009,0.296531,2.1694,-0.481341,-1.56802,1.26765,0.317215,0.0253276,0.0243723,0.0446621,0.0155307,0.0150528
117,residual_9,87,0,0.0009,0.160589,4.63791,-0.705445,1.53527,0.545801,0.492861,0.0258292,0.0254902,0.0481565,0.0196615,0.0171771
127,residual_4,13,0,0.0009,0.0438645,0.0454383,-2.00252,-0.104139,0.395658,0.367308,0.0289644,0.0269168,0.0566693,0.0254116,0.0256533
128,residual_3,576,0,0.0009,0.31348,-0.954033,2.33982,1.55172,0.332488,0.291875,0.0248555,0.0238649,0.0444136,0.0119974,0.0119609
128,residual_2,205,0,0.0009,0.239665,-0.345506,0.234608,-0.012582,0.372373,0.357356,0.025594,0.0245197,0.0455845,0.0153524,0.0164581
128,residual_1,42,0,0.0009,0.108658,1.96424,-2.03506,0.0904326,0.473359,0.183534,0.030927,0.0254453,0.0536211,0.0280619,0.0188093
113,residual_11,131,0,0.0009,0.327412,1.9194,0.820294,1.26425,0.317817,0.255445,0.0253123,0.0244102,0.0465793,0.0138041,0.0129165
113,residual_10,101,0,0.0009,0.253879,2.17575,-0.474535,-1.56809,1.2743,0.311658,0.0253116,0.0243633,0.0446655,0.0155643,0.0148867
118,residual_9,92,0,0.0009,0.135948,4.64485,-0.690997,1.53831,0.54798,0.488607,0.0257975,0.0254484,0.0481355,0.019779,0.0171443
128,residual_4,6,0,0.0009,0.00374497,0.0453504,-2.00315,-0.10457,0.395677,0.367668,0.0306262,0.027027,0.0574459,0.0258986,0.0255401
129,residual_3,565,0,0.0009,0.322356,-0.955884,2.34318,1.55128,0.334134,0.297604,0.0248696,0.0238557,0.0444067,0.0120012,0.0119619
129,residual_2,206,0,0.0009,0.198795,-0.340196,0.240407,-0.0122334,0.373055,0.358167,0.0256473,0.0245945,0.0455115,0.0160939,0.0171491
129,residual_1,43,0,0.0009,0.0952744,1.96503,-2.02792,0.0919457,0.473937,0.187292,0.0317949,0.0253977,0.0535842,0.0283103,0.0189943
114,residual_11,133,0,0.0009,0.224229,1.92198,0.825555,1.26183,0.321191,0.258737,0.0252618,0.0242853,0.0465282,0.0137535,0.0129025
114,residual_10,103,0,0.0009,0.168581,2.17943,-0.468204,-1.56862,1.2795,0.30859,0.0251355,0.0241828,0.0446582,0.0155912,0.0147078
119,residual_9,99,0,0.0009,0.0929252,4.64673,-0.676094,1.5389,0.545581,0.48761,0.0256388,0.0251681,0.0480841,0.019544,0.0170739
129,residual_4,43,0,0.0009,0.0671915,0.049642,-1.99594,-0.101627,0.39727,0.369796,0.030484,0.0268126,0.0569902,0.0260322,0.0258557
130,residual_3,561,0,0.0009,0.324927,-0.95852,2.34727,1.55042,0.334809,0.303802,0.0248806,0.0238487,0.044401,0.0120014,0.0119673
130,residual_2,206,0,0.0009,0.17652,-0.33852,0.246241,-0.0127674,0.375063,0.358923,0.0256544,0.0246835,0.045441,0.0163692,0.0178147
130,residual_1,43,0,0.0009,0.061559,1.96749,-2.02204,0.0909304,0.474398,0.188639,0.0321034,0.0254203,0.0534832,0.0284348,0.0193325
115,residual_11,133,0,0.0009,0.576342,1.92306,0.829421,1.25652,0.324431,0.263325,0.0249557,0.0239483,0.0463554,0.0133578,0.0126858
115,residual_10,103,0,0.0009,0.470304,2.18087,-0.466011,-1.56901,1.28822,0.306395,0.0249283,0.0238946,0.0446195,0.0148561,0.0140623
120,residual_9,98,0,0.0009,0.278988,4.64463,-0.666263,1.54077,0.538052,0.490572,0.0253167,0.0246081,0.0477609,0.017822,0.0159793
130,residual_4,46,0,0.0009,0.233999,0.0483585,-1.99151,-0.100742,0.404624,0.377017,0.0293691,0.02601,0.055849,0.0250202,0.022453
131,residual_3,553,0,0.0009,0.710876,-0.962732,2.35223,1.54999,0.333926,0.312728,0.0248848,0.0238392,0.0443872,0.0119678,0.0119356
131,residual_2,205,0,0.0009,0.553158,-0.338749,0.251816,-0.0142143,0.376762,0.359298,0.0255185,0.0247729,0.0453362,0.0156346,0.0184448
131,residual_1,43,0,0.0009,0.289951,1.96976,-2.01894,0.0861545,0.466769,0.193673,0.0302991,0.0249455,0.0527885,0.0266138,0.0185672
116,residual_11,132,0,0.0009,0.592675,1.92397,0.832736,1.24942,0.327816,0.266795,0.0247337,0.0237108,0.0461932,0.0130671,0.0125183
116,residual_10,103,0,0.0009,0.495292,2.18105,-0.463005,-1.56938,1.2939,0.304592,0.0247756,0.0236819,0.0445831,0.0142601,0.0135776
121,residual_9,98,0,0.0009,0.275183,4.64222,-0.658935,1.54279,0.53128,0.493991,0.0250751,0.0242024,0.047458,0.0165214,0.0151241
131,residual_4,7,0,0.0009,0.0162565,0.0495905,-1.99044,-0.10172,0.405041,0.37647,0.0294504,0.0255847,0.0559659,0.0253168,0.0224642
132,residual_3,569,0,0.0009,0.700034,-0.966885,2.35662,1.5495,0.333561,0.321411,0.0248869,0.0238319,0.0443739,0.0119415,0.0119099
132,residual_2,206,0,0.0009,0.522569,-0.339548,0.256981,-0.015614,0.378667,0.359955,0.0252112,0.0247275,0.0452395,0.0151594,0.0190642
132,residual_1,43,0,0.0009,0.308324,1.9769,-2.01833,0.079166,0.464545,0.202049,0.0294593,0.0246226,0.0520868,0.026842,0.0180691
117,residual_11,133,0,0.0009,0.559874,1.92444,0.835204,1.24321,0.330958,0.269766,0.0245732,0.0235418,0.0460425,0.0128457,0.0123982
117,residual_10,102,0,0.0009,0.467617,2.18125,-0.461482,-1.57017,1.29947,0.302983,0.0246632,0.0235359,0.0445499,0.0138519,0.0132217
122,residual_9,98,0,0.0009,0.280378,4.63945,-0.652586,1.54403,0.526304,0.498504,0.0248097,0.0239275,0.0471863,0.01557,0.0145471
2,residual_12,252,0,0.0009,0.259397,-2.81351,-0.118326,-0.745371,1.92704,0.951542,0.0316263,0.030893,0.198869,0.034986,0.0329183
132,residual_4,7,0,0.0009,0.0276125,0.0510369,-1.98912,-0.103578,0.405526,0.375861,0.0295925,0.0253983,0.0561995,0.0256362,0.0226169
133,residual_3,557,0,0.0009,0.680856,-0.970543,2.36063,1.54893,0.332877,0.328863,0.0248894,0.0238263,0.044362,0.0119189,0.0118913
133,residual_2,206,0,0.0009,0.442022,-0.340419,0.261356,-0.0165653,0.380136,0.360507,0.0249523,0.0247323,0.0451526,0.014551,0.0196657
133,residual_1,43,0,0.0009,0.274748,1.98104,-2.01807,0.0728243,0.455928,0.209246,0.0284298,0.024393,0.0514803,0.0254386,0.0176758
118,residual_11,131,0,0.0009,0.529233,1.92477,0.837159,1.23742,0.33403,0.272,0.0244567,0.0234216,0.0459101,0.0126788,0.0123121
118,residual_10,102,0,0.0009,0.453031,2.18187,-0.459333,-1.57051,1.30297,0.302749,0.024582,0.0234301,0.0445197,0.0135373,0.0129665
123,residual_9,98,0,0.0009,0.271412,4.63698,-0.647307,1.54582,0.521961,0.501901,0.0246186,0.0237335,0.0469426,0.0148895,0.0141297
3,residual_12,250,0,0.0009,0.26049,-2.81358,-0.118504,-0.74536,1.92601,0.952542,0.0293256,0.0283974,0.141277,0.0248867,0.023438
133,residual_4,7,0,0.0009,0.0608393,0.0528086,-1.98747,-0.107836,0.406159,0.375152,0.0299166,0.0253684,0.0565256,0.0259837,0.0228618
134,residual_3,575,0,0.0009,0.616265,-0.973943,2.36409,-0.0224636,0.335699,0.332475,0.0248908,0.0238222,0.0443507,0.0118983,0.0118844
134,residual_2,207,0,0.0009,0.395604,-0.341332,0.264825,-0.0175602,0.381825,0.361247,0.0247641,0.024772,0.0450741,0.0140943,0.0202377
134,residual_1,44,0,0.0009,0.217148,1.98695,-2.01788,0.067321,0.45431,0.215536,0.0280435,0.024227,0.050925,0.0257691,0.0173559
119,residual_11,130,0,0.0009,0.487047,1.92528,0.83899,1.23151,0.335345,0.273754,0.0243721,0.0233387,0.0457882,0.012573,0.0122484
119,residual_10,102,0,0.0009,0.444846,2.18222,-0.45828,1.57028,1.30707,0.301934,0.0245216,0.0233582,0.0444923,0.0133255,0.0127765
124,residual_9,98,0,0.0009,0.256499,4.63508,-0.643,1.54763,0.518718,0.504419,0.0244808,0.0235961,0.0467249,0.0143902,0.0138269
4,residual_12,251,0,0.0009,0.261501,-2.81351,-0.118552,-0.745275,1.92565,0.952385,0.0277913,0.026776,0.115677,0.0205658,0.0193902
134,residual_4,7,0,0.0009,0.0532777,0.0541319,-1.98616,-0.112751,0.406664,0.374628,0.0307505,0.0254544,0.056883,0.0263833,0.0231684
135,residual_3,574,0,0.0009,0.610059,-0.977208,2.36748,-0.0228463,0.341419,0.332482,0.0246266,0.0236115,0.0443404,0.0118839,0.0118781
135,residual_2,207,0,0.0009,0.38272,-0.341914,0.267743,-0.0189926,0.383991,0.361629,0.0246266,0.0248342,0.0450029,0.0137536,0.0208076
135,residual_1,43,0,0.0009,0.215265,1.99141,-2.01789,0.0612585,0.453172,0.220607,0.027819,0.0241077,0.0504278,0.0261249,0.0170956
120,residual_11,133,0,0.0009,0.478654,1.92572,0.840317,1.22699,0.337763,0.275641,0.0243103,0.0232778,0.0456776,0.0124788,0.0122009
120,residual_10,103,0,0.0009,0.431963,2.18273,-0.456787,1.56984,1.31013,0.301484,0.0243783,0.0233176,0.0444673,0.0131538,0.0126406
125,residual_9,98,0,0.0009,0.248704,4.63365,-0.639456,1.54899,0.516335,0.506889,0.0243808,0.0234986,0.0465264,0.0140264,0.0136026
5,residual_12,251,0,0.0009,0.260489,-2.81343,-0.118722,-0.745628,1.92547,0.952186,0.0267335,0.0256877,0.100476,0.018115,0.0171196
135,residual_4,41,0,0.0009,0.203144,0.0530908,-1.98076,-0.109036,0.409429,0.37701,0.0294397,0.0250199,0.0557409,0.0243503,0.023208
136,residual_3,555,0,0.0009,0.589765,-0.980228,2.37049,-0.0231629,0.347225,0.33193,0.0244368,0.0234624,0.0443308,0.0118754,0.0118701
136,residual_2,206,0,0.0009,0.343164,-0.342527,0.270323,-0.0202324,0.385493,0.361948,0.0245336,0.0249135,0.0449384,0.0135593,0.0213627
136,residual_1,43,0,0.0009,0.20653,1.99457,-2.01814,0.0557737,0.452409,0.225195,0.0276704,0.0240277,0.0499808,0.0264946,0.0168833
121,residual_11,132,0,0.0009,0.470154,1.92606,0.84141,1.22313,0.339989,0.27731,0.0242655,0.0232346,0.0455768,0.012411,0.0121675
121,residual_10,101,0,0.0009,0.420097,2.18324,-0.455735,1.5692,1.31218,0.301028,0.0242747,0.0232896,0.0444446,0.0130316,0.0125379
126,residual_9,98,0,0.0009,0.250272,4.6325,-0.636846,1.55,0.514304,0.508938,0.0243092,0.0234252,0.0463481,0.0137246,0.0134406
6,residual_12,252,0,0.0009,0.262677,-2.81355,-0.118858,-0.745489,1.92544,0.952139,0.0259909,0.0249417,0.0901807,0.0165647,0.015689
136,residual_4,7,0,0.0009,0.0310292,0.05395,-1.97996,-0.112573,0.409732,0.376644,0.0306836,0.0250469,0.0560988,0.02482,0.023436
137,residual_3,557,0,0.0009,0.565064,-0.98275,2.37302,-0.0232228,0.351907,0.331903,0.0242988,0.0233576,0.0443218,0.0118691,0.0118657
137,residual_2,206,0,0.0009,0.324805,-0.342708,0.271721,-0.0208893,0.385645,0.363658,0.0244533,0.0248819,0.0448807,0.0133179,0.0213575
137,residual_1,43,0,0.0009,0.190057,1.99758,-2.01861,0.051039,0.451734,0.22909,0.027604,0.0239693,0.0495824,0.0268749,0.0167107
122,residual_11,135,0,0.0009,0.44618,1.92617,0.842124,1.21796,0.342765,0.277856,0.0242331,0.0232033,0.0454837,0.0123573,0.0121417
122,residual_10,102,0,0.0009,0.454874,2.18388,-0.454143,1.5681,1.31324,0.302098,0.0241994,0.0232688,0.0444239,0.0129376,0.0124576
127,residual_9,97,0,0.0009,0.254528,4.63179,-0.634354,1.55124,0.512438,0.510966,0.0242572,0.0233752,0.046189,0.0135136,0.0133186
7,residual_12,250,0,0.0009,0.278301,-2.8129,-0.118814,-0.745996,1.92502,0.952154,0.0254676,0.0244245,0.0826657,0.0155164,0.0147525
137,residual_4,41,0,0.0009,0.153949,0.0522807,-1.97555,-0.107936,0.410422,0.378662,0.0293908,0.0245965,0.0550375,0.0248591,0.0234624
138,residual_3,561,0,0.0009,0.540819,-0.984532,2.37545,-0.0235031,0.355427,0.332033,0.0242003,0.0232834,0.0443136,0.0118665,0.0118625
138,residual_2,208,0,0.0009,0.325495,-0.343143,0.272816,-0.0214125,0.386444,0.365701,0.0244159,0.0248797,0.0448277,0.0133016,0.0214448
138,residual_1,44,0,0.0009,0.188919,1.99951,-2.01967,0.0471667,0.451303,0.234467,0.0276051,0.0239276,0.0492235,0.0272618,0.016568
123,residual_11,132,0,0.0009,0.451711,1.92648,0.84233,1.2135,0.345107,0.278777,0.0242094,0.0231813,0.0454019,0.0123186,0.0121259
123,residual_10,103,0,0.0009,0.457079,2.18418,-0.454073,1.56702,1.31574,0.302547,0.0241455,0.0232531,0.0444055,0.0128611,0.0123998
128,residual_9,101,0,0.0009,0.25022,4.63125,-0.631038,-0.0189302,0.513089,0.509437,0.0242155,0.0233412,0.0460413,0.0133656,0.013221
8,residual_12,226,0,0.0009,0.224568,-2.81358,-0.118742,-0.744451,1.92524,0.953068,0.0251041,0.0240636,0.0769123,0.0147669,0.0141874
138,residual_4,49,0,0.0009,0.100422,0.0521092,-1.97497,-0.104204,0.410444,0.388803,0.0280892,0.0242273,0.0541176,0.0231392,0.0203328
139,residual_3,550,0,0.0009,0.523436,-0.985988,2.37737,-0.0235902,0.358003,0.33225,0.0241296,0.0232307,0.0443062,0.0118749,0.0118591
139,residual_2,216,0,0.0009,0.344554,-0.343583,0.2679,-0.0213559,0.386195,0.378383,0.0243722,0.0244426,0.0447803,0.0131598,0.0194565
139,residual_1,45,0,0.0009,0.239456,2.00192,-2.02371,0.0428194,0.450771,0.24486,0.0275537,0.0238982,0.0489005,0.0276487,0.0164844
124,residual_11,135,0,0.0009,0.461767,1.92785,0.84199,1.21045,0.347017,0.280306,0.0241922,0.023167,0.0453232,0.012299,0.0121136
124,residual_10,106,0,0.0009,0.463967,2.1838,-0.455031,1.56585,1.32056,0.301562,0.0241059,0.0232415,0.0443884,0.0128032,0.0123562
129,residual_9,101,0,0.0009,0.257785,4.63103,-0.627947,-0.0184019,0.515465,0.50674,0.0241838,0.0233276,0.0459099,0.0132633,0.0131411
9,residual_12,233,0,0.0009,0.215915,-2.81312,-0.118719,-0.743859,1.92378,0.953428,0.0248292,0.0238072,0.0723362,0.0142232,0.0137059
139,residual_4,41,0,0.0009,0.115314,0.0534313,-1.97283,-0.100684,0.41002,0.389558,0.0275169,0.024155,0.0532879,0.0233919,0.020716
140,residual_3,552,0,0.0009,0.607116,-0.987755,2.37911,-0.0248524,0.361318,0.331439,0.0240799,0.0231934,0.0442999,0.0118949,0.0118574
140,residual_2,225,0,0.0009,0.435766,-0.344099,0.267821,-0.0207784,0.385754,0.380164,0.0243277,0.024442,0.0447367,0.0129613,0.0194828
140,residual_1,46,0,0.0009,0.253051,2.0041,-2.02671,0.0371102,0.450335,0.250778,0.0275556,0.0238772,0.0486236,0.0280381,0.0163876
125,residual_11,137,0,0.0009,0.487974,1.92968,0.84145,1.2086,0.349178,0.281499,0.024066,0.0231056,0.0452518,0.0122757,0.0121057
125,residual_10,107,0,0.0009,0.496556,2.18378,-0.456787,1.56538,1.32579,0.300701,0.0240767,0.0232326,0.0443731,0.0127565,0.0123268
130,residual_9,103,0,0.0009,0.247466,4.63107,-0.624936,-0.0178395,0.517573,0.504486,0.0241611,0.0233173,0.0457896,0.0131864,0.0130726
10,residual_12,214,0,0.0009,0.233649,-2.81239,-0.119328,-0.743883,1.92736,0.952962,0.0246362,0.0236315,0.0686151,0.0139367,0.0133625
140,residual_4,39,0,0.0009,0.116199,0.0523853,-1.97027,-0.0983872,0.410348,0.390272,0.0274165,0.0241871,0.0525573,0.023728,0.021138
141,residual_3,596,0,0.0009,0.661918,-0.985767,2.38113,-0.0266157,0.357999,0.331607,0.0240467,0.0231669,0.0442939,0.0119113,0.0118541
141,residual_2,233,0,0.0009,0.518242,-0.343026,0.263826,1.55056,0.390994,0.381456,0.0242869,0.0239851,0.0446972,0.0132342,0.0169971
141,residual_1,50,0,0.0009,0.346082,2.00441,-2.03298,0.0320556,0.450198,0.262309,0.0275599,0.0237792,0.0483535,0.0284271,0.0161601
126,residual_11,138,0,0.0009,0.469434,1.9317,0.839937,1.20665,0.351178,0.283373,0.0239749,0.0230644,0.0451846,0.0122739,0.0120948
126,residual_10,111,0,0.0009,0.537856,2.18403,-0.459986,1.56526,1.33115,0.300995,0.0240556,0.0232245,0.0443587,0.0127113,0.0123047
131,residual_9,104,0,0.0009,0.239746,4.63052,-0.623544,-0.017383,0.519295,0.503413,0.0241456,0.0233074,0.045681,0.0131324,0.0130035
11,residual_12,210,0,0.0009,0.217723,-2.81331,-0.120113,-0.743091,1.92681,0.951527,0.0245099,0.0235102,0.0655377,0.0137368,0.0131621
141,residual_4,40,0,0.0009,0.0911263,0.0494713,-1.96885,-0.0958732,0.415658,0.390516,0.026823,0.0242786,0.0519132,0.0226537,0.0215825
142,residual_3,625,0,0.0009,0.708704,-0.983691,2.38214,-0.0267986,0.353026,0.331521,0.0240205,0.0231476,0.0442879,0.0119149,0.01185
142,residual_2,233,0,0.0009,0.391065,-0.341188,0.267162,1.5511,0.391126,0.371311,0.024123,0.0237806,0.0446624,0.0140741,0.0154257
142,residual_1,51,0,0.0009,0.295589,2.00583,-2.02555,0.0303087,0.450052,0.249782,0.0275768,0.0236519,0.0480813,0.0288153,0.0157418
127,residual_11,138,0,0.0009,0.51177,1.93477,0.838797,1.2067,0.352728,0.285284,0.0239097,0.0230354,0.0451246,0.0122757,0.0120876
127,residual_10,119,0,0.0009,0.580986,2.18482,-0.464069,1.56484,1.33934,0.302084,0.0240406,0.0232163,0.0443455,0.0126632,0.0122825
132,residual_9,103,0,0.0009,0.233662,4.63037,-0.622009,-0.0177209,0.520714,0.502633,0.0241356,0.0232998,0.0455839,0.0130973,0.0129515
12,residual_12,213,0,0.0009,0.367415,-2.81153,-0.118972,-0.745794,1.92622,0.944329,0.0243923,0.0234232,0.0629392,0.0135686,0.012915
142,residual_4,42,0,0.0009,0.101358,0.0503649,-1.96743,-0.0932722,0.417654,0.39087,0.026349,0.0244065,0.0513166,0.0217268,0.0220405
143,residual_3,619,0,0.0009,0.637941,-0.980074,2.38343,-0.0261727,0.34603,0.329928,0.0240019,0.023134,0.0442827,0.0119162,0.0118475
143,residual_2,240,0,0.0009,0.390144,-0.339707,0.269496,1.55183,0.391141,0.365657,0.0240034,0.0237117,0.0446298,0.0148689,0.0143941
143,residual_1,54,0,0.0009,0.32581,2.00786,-2.02002,0.0315404,0.449767,0.243238,0.027617,0.0235102,0.0478277,0.0292023,0.0151635
128,residual_11,141,0,0.0009,0.560031,1.93811,0.836929,1.20617,0.354808,0.287842,0.0238625,0.0230165,0.0450684,0.0122881,0.0120779
128,residual_10,119,0,0.0009,0.597801,2.18645,-0.468015,1.56511,1.34768,0.302559,0.0239247,0.0231586,0.0443331,0.0126529,0.0122644
133,residual_9,104,0,0.0009,0.231344,4.63019,-0.620292,-0.0174755,0.52179,0.501336,0.0241282,0.0232955,0.0454949,0.0130703,0.012916
13,residual_12,237,0,0.0009,0.464741,-2.80903,-0.116338,-0.749006,1.92645,0.936168,0.0242968,0.023358,0.0607277,0.0133972,0.012706
143,residual_4,40,0,0.0009,0.0892104,0.0456593,-1.96592,-0.0909753,0.418931,0.391137,0.0265549,0.0245585,0.0507733,0.0221433,0.0225059
144,residual_3,614,0,0.0009,0.554663,-0.977474,2.38422,-0.0261855,0.340989,0.328783,0.0239872,0.0231244,0.044278,0.0119202,0.0118457
144,residual_2,239,0,0.0009,0.442113,-0.337612,0.283172,1.55287,0.367119,0.36226,0.0239165,0.0234875,0.0445999,0.0142065,0.0137032
144,residual_1,56,0,0.0009,0.255064,2.00749,-2.01591,0.0329664,0.449853,0.237171,0.0276843,0.023397,0.0475963,0.0295876,0.0146658
129,residual_11,140,0,0.0009,0.562049,1.94112,0.83451,1.20685,0.356498,0.290611,0.0238286,0.0230055,0.0450157,0.0123139,0.0120705
129,residual_10,123,0,0.0009,0.65198,2.18737,-0.473258,1.56507,1.3567,0.303129,0.023841,0.0231176,0.0443217,0.0126441,0.0122467
134,residual_9,103,0,0.0009,0.232082,4.62996,-0.619415,-0.0178324,0.523237,0.500109,0.0241207,0.0232926,0.0454165,0.0130319,0.0128941
14,residual_12,225,0,0.0009,0.403822,-2.80596,-0.113567,-0.749586,1.93308,0.929921,0.0242325,0.0233165,0.0588282,0.013363,0.0125341
144,residual_4,40,0,0.0009,0.0815464,0.0453572,-1.96579,-0.0878863,0.418958,0.39121,0.0266277,0.0247201,0.0502967,0.0225623,0.0229741
145,residual_3,628,0,0.0009,0.541624,-0.977483,2.38454,-0.0258966,0.34041,0.328147,0.0239762,0.0231174,0.0442737,0.0119133,0.0118422
145,residual_2,248,0,0.0009,0.302426,-0.336968,0.288753,-0.0170724,0.362826,0.356359,0.0238546,0.0233128,0.0445727,0.013573,0.0132339
145,residual_1,57,0,0.0009,0.166389,1.99597,-2.01325,0.0349571,0.427935,0.234599,0.0264253,0.0233101,0.0473982,0.0253199,0.0142687
130,residual_11,142,0,0.0009,0.594689,1.94486,0.833191,1.20793,0.357621,0.293926,0.0238042,0.0229987,0.0449705,0.0123399,0.0120665
130,residual_10,128,0,0.0009,0.653579,2.18885,-0.477624,1.56485,1.36525,0.304916,0.02378,0.0230897,0.044311,0.0126441,0.0122208
135,residual_9,101,0,0.0009,0.247169,4.63018,-0.618323,-0.0178378,0.524016,0.499197,0.0241169,0.0232892,0.0453408,0.013015,0.0128697
15,residual_12,246,0,0.0009,0.402492,-2.80226,-0.111169,-0.749258,1.94168,0.926466,0.0241936,0.0232929,0.0571853,0.0134487,0.0124075
145,residual_4,42,0,0.0009,0.102957,0.0457415,-1.96455,-0.0852958,0.416684,0.391526,0.0262023,0.0248826,0.0498632,0.0214436,0.0234417
146,residual_3,629,0,0.0009,0.575872,-0.977824,2.38552,-0.0260404,0.340921,0.328068,0.0239672,0.0231126,0.0442695,0.0119044,0.0118417
146,residual_2,265,0,0.0009,0.300285,-0.336322,0.291031,-0.0170607,0.364601,0.353682,0.0237582,0.0231934,0.0445466,0.0131454,0.0128803
146,residual_1,59,0,0.0009,0.198521,1.99,-2.01294,0.0371474,0.418642,0.237713,0.0255712,0.0232481,0.0472114,0.0221224,0.0139638
131,residual_11,142,0,0.0009,0.562083,1.94736,0.831467,1.20857,0.359122,0.296297,0.0237867,0.0229947,0.0449283,0.0123644,0.0120637
131,residual_10,125,0,0.0009,0.643283,2.1895,-0.481823,1.56455,1.37219,0.306079,0.0237368,0.0230736,0.0443012,0.0126644,0.0122008
136,residual_9,103,0,0.0009,0.244253,4.62989,-0.617794,-0.0176245,0.524959,0.498729,0.0241155,0.023285,0.0452702,0.0130106,0.012844
16,residual_12,226,0,0.0009,0.370983,-2.7995,-0.110042,-0.748162,1.9495,0.924105,0.024179,0.0232901,0.0557553,0.0136435,0.0123099
146,residual_4,42,0,0.0009,0.0690014,0.0451585,-1.96433,-0.0828786,0.415928,0.391608,0.0259252,0.0250452,0.0494673,0.0207166,0.0239073
147,residual_3,648,0,0.0009,0.617933,-0.978455,2.38585,-0.0259622,0.341686,0.327632,0.0239602,0.0231087,0.0442657,0.0118948,0.0118389
147,residual_2,265,0,0.0009,0.28345,-0.336155,0.292058,-0.0173009,0.365413,0.352174,0.0236886,0.0231122,0.0445233,0.0128371,0.0126266
147,residual_1,59,0,0.0009,0.190933,1.98627,-2.01328,0.0403151,0.414204,0.240532,0.0250187,0.0232603,0.0470562,0.0199214,0.0137407
132,residual_11,141,0,0.0009,0.554625,1.95016,0.830393,1.2108,0.35923,0.299161,0.0237743,0.0229885,0.044889,0.0123568,0.0120655
132,residual_10,126,0,0.0009,0.624152,2.19042,-0.485477,1.56437,1.37854,0.307623,0.0237158,0.0231139,0.0442924,0.0126586,0.0121916
137,residual_9,103,0,0.0009,0.255378,4.62961,-0.617226,-0.0178927,0.525377,0.498347,0.0241144,0.0232822,0.045207,0.0130068,0.0128233
17,residual_12,227,0,0.0009,0.391181,-2.79572,-0.109651,-0.747723,1.95887,0.922024,0.0242093,0.0233271,0.0545043,0.0142292,0.0122378
147,residual_4,42,0,0.0009,0.0746756,0.0454715,-1.96389,-0.0800823,0.414326,0.391751,0.0256897,0.0252064,0.0491237,0.0199356,0.0243696
148,residual_3,640,0,0.0009,0.573983,-0.979238,2.38616,-0.0254255,0.3425,0.327481,0.0239554,0.0231065,0.0442624,0.0118908,0.0118385
148,residual_2,267,0,0.0009,0.273569,-0.336205,0.292932,-0.0176321,0.365795,0.351191,0.0236387,0.0230562,0.0445021,0.0126165,0.012444
148,residual_1,59,0,0.0009,0.196853,1.9831,-2.01267,0.0420585,0.413575,0.241375,0.0246784,0.023263,0.0469177,0.0184884,0.0135341
133,residual_11,142,0,0.0009,0.517392,1.95215,0.829438,1.21128,0.360556,0.301017,0.0237657,0.0229901,0.0448529,0.0123957,0.0120638
133,residual_10,128,0,0.0009,0.606601,2.19152,-0.489098,1.56428,1.38493,0.309233,0.0237005,0.0231447,0.0442844,0.0126707,0.0121878
138,residual_9,103,0,0.0009,0.243606,4.62993,-0.616966,-0.0179795,0.526385,0.497427,0.0241143,0.0232793,0.0451486,0.0130081,0.0128041
18,residual_12,223,0,0.0009,0.394494,-2.79238,-0.109671,-0.747443,1.96704,0.919715,0.0241706,0.0233782,0.0534051,0.0148849,0.0121875
148,residual_4,42,0,0.0009,0.0892728,0.0457548,-1.9637,-0.0774597,0.413036,0.391839,0.0255159,0.025364,0.048815,0.0193007,0.0248277
149,residual_3,628,0,0.0009,0.581896,-0.979593,2.38648,-0.0255388,0.342643,0.327184,0.0239514,0.0231048,0.0442594,0.0118868,0.0118388
149,residual_2,266,0,0.0009,0.274043,-0.336174,0.293718,-0.0177918,0.366439,0.3501,0.0236028,0.0230175,0.0444831,0.012458,0.0123131
149,residual_1,59,0,0.0009,0.196776,1.98101,-2.01204,0.0444738,0.41315,0.242206,0.0244452,0.0232685,0.0468051,0.0173777,0.0133985
134,residual_11,142,0,0.0009,0.534441,1.95364,0.828573,1.21239,0.361139,0.302377,0.0237591,0.0229888,0.0448211,0.0124033,0.0120628
134,residual_10,128,0,0.0009,0.587607,2.19238,-0.492291,1.56416,1.3904,0.310464,0.023689,0.0231672,0.0442769,0.0126809,0.0121805
139,residual_9,103,0,0.0009,0.249466,4.62996,-0.616594,-0.0178426,0.526832,0.497276,0.0241129,0.0232785,0.0450963,0.0130004,0.0127938
19,residual_12,236,0,0.0009,0.439915,-2.78942,-0.109948,-0.747051,1.97378,0.917251,0.0241611,0.0234313,0.0524354,0.0155468,0.012143
149,residual_4,42,0,0.0009,0.0767823,0.045757,-1.96328,-0.0758429,0.411888,0.391942,0.0253881,0.0255173,0.0485367,0.0187836,0.0252809
150,residual_3,628,0,0.0009,0.553784,-0.980191,2.38682,-0.0256805,0.343762,0.32664,0.0239486,0.0231036,0.0442566,0.0118869,0.0118385
150,residual_2,266,0,0.0009,0.268047,-0.335939,0.294372,-0.0183029,0.366745,0.349472,0.0235771,0.0229905,0.0444659,0.0123439,0.0122189
150,residual_1,59,0,0.0009,0.192087,1.97911,-2.01164,0.0464159,0.413276,0.242726,0.0243067,0.0232682,0.0466893,0.0166546,0.013278
135,residual_11,143,0,0.0009,0.521341,1.95566,0.828061,1.21327,0.362248,0.304279,0.0237545,0.0229892,0.0447903,0.0124212,0.0120617
135,residual_10,126,0,0.0009,0.603245,2.19281,-0.494493,1.5642,1.39535,0.310363,0.0236814,0.0231822,0.0442704,0.0126841,0.0121863
140,residual_9,105,0,0.0009,0.227403,4.63011,-0.615094,-0.0174949,0.527062,0.496042,0.0241094,0.0232802,0.0450517,0.0129787,0.0128011
20,residual_12,221,0,0.0009,0.43177,-2.78786,-0.107722,-0.747964,1.98,0.91467,0.0241742,0.0234891,0.0515773,0.016194,0.0121202
150,residual_4,42,0,0.0009,0.0737281,0.045897,-1.96234,-0.0751845,0.41187,0.392093,0.0255845,0.0256658,0.0482607,0.0193239,0.0257289
151,residual_3,630,0,0.0009,0.579559,-0.980336,2.38743,-0.026128,0.344311,0.326543,0.0239499,0.0231027,0.0442541,0.0118851,0.0118385
151,residual_2,269,0,0.0009,0.266735,-0.335692,0.295687,-0.0181776,0.367763,0.347987,0.0235593,0.0229718,0.0444499,0.0122662,0.0121533
151,residual_1,60,0,0.0009,0.189059,1.97824,-2.01053,0.0484792,0.408825,0.242935,0.0242022,0.0232692,0.0465958,0.0160172,0.0132052
136,residual_11,143,0,0.0009,0.581597,1.95836,0.828327,1.21409,0.362388,0.306527,0.0237519,0.0229962,0.0447623,0.0124849,0.0120595
136,residual_10,128,0,0.0009,0.628259,2.19271,-0.497804,1.56424,1.40263,0.309319,0.0236758,0.0231931,0.0442646,0.0126873,0.0121917
141,residual_9,106,0,0.0009,0.221284,4.63103,-0.614532,-0.0182239,0.526942,0.495324,0.0241101,0.0232772,0.0450081,0.0129844,0.0127811
21,residual_12,225,0,0.0009,0.36859,-2.78564,-0.107341,-0.747319,1.98595,0.914694,0.0242049,0.0235498,0.0508159,0.0168386,0.0120965
151,residual_4,41,0,0.0009,0.136204,0.0468656,-1.96166,-0.0747901,0.411054,0.392216,0.0255062,0.0258094,0.0480245,0.0191107,0.0261713
152,residual_3,650,0,0.0009,0.779392,-0.980711,2.38891,-0.0263111,0.346479,0.326708,0.0239485,0.0231019,0.0442518,0.0118787,0.0118365
152,residual_2,288,0,0.0009,0.380594,-0.335761,0.295292,-0.0183781,0.369144,0.351658,0.0235477,0.0229591,0.0444343,0.0122186,0.0121139
152,residual_1,58,0,0.0009,0.191504,1.97597,-2.01038,0.051007,0.406952,0.245461,0.0241645,0.023266,0.0464957,0.0157137,0.0131261
137,residual_11,143,0,0.0009,0.579914,1.96029,0.827206,1.21573,0.363996,0.307626,0.0237256,0.0230706,0.044737,0.0125327,0.0120571
137,residual_10,130,0,0.0009,0.689936,2.19333,-0.501506,1.56467,1.40947,0.308475,0.023675,0.0232185,0.0442588,0.0127088,0.0121852
142,residual_9,105,0,0.0009,0.215879,4.63107,-0.613871,-0.0172067,0.527238,0.49366,0.024108,0.0232782,0.0449715,0.0129704,0.0127873
22,residual_12,236,0,0.0009,0.312299,-2.78591,-0.107135,-0.74629,1.9919,0.916879,0.0242411,0.0236056,0.0501389,0.0174546,0.0120745
152,residual_4,42,0,0.0009,0.0728925,0.0455251,-1.9611,-0.0738546,0.413985,0.392273,0.0255955,0.0259479,0.0477921,0.01922,0.0266082
153,residual_3,685,0,0.0009,0.777463,-0.981279,2.38944,-0.02551,0.347513,0.326579,0.023946,0.0231011,0.0442496,0.0118689,0.0118344
153,residual_2,296,0,0.0009,0.293953,-0.33626,0.292187,-0.0184744,0.369821,0.357457,0.0235392,0.0229509,0.0444203,0.0121803,0.0120926
153,residual_1,59,0,0.0009,0.170529,1.97524,-2.01202,0.0513008,0.406079,0.249811,0.0241076,0.0232637,0.046415,0.0153264,0.0130732
2,residual_13,10,0,0.0009,0.00753893,-3.85687,-1.09524,-1.18684,0.209156,0.0591154,0.0970782,0.212004,0.505173,0.447783,0.0857071
138,residual_11,143,0,0.0009,0.632048,1.96247,0.826317,1.21876,0.365279,0.309503,0.0237086,0.0231305,0.0447147,0.0126174,0.0120647
138,residual_10,132,0,0.0009,0.671292,2.19206,-0.503648,1.56553,1.42204,0.303039,0.0236734,0.023244,0.0442531,0.0127678,0.012157
143,residual_9,108,0,0.0009,0.226046,4.6318,-0.612978,-0.0167944,0.528282,0.492851,0.0241084,0.0232759,0.0449375,0.0129733,0.0127721
23,residual_12,252,0,0.0009,0.323148,-2.78909,-0.106064,-0.745715,1.98893,0.921269,0.0241889,0.0235952,0.0495353,0.0173343,0.0120497
153,residual_4,42,0,0.0009,0.0789052,0.0452039,-1.96025,-0.0716035,0.416411,0.392392,0.0255995,0.0260818,0.0475903,0.0193048,0.0270394
154,residual_2,305,0,0.0009,0.38339,-0.337284,0.286949,-0.0183693,0.371005,0.368083,0.0235323,0.0229596,0.0444071,0.0121444,0.0121775
154,residual_1,55,0,0.0009,0.139989,1.97429,-2.01332,0.0504257,0.406609,0.25379,0.0240916,0.0232657,0.0463389,0.0151373,0.0130544
3,residual_13,9,0,0.0009,0.00874768,-3.8562,-1.10232,-1.21125,0.195563,0.0604747,0.0462914,0.0494444,0.360966,0.0991775,0.0791293
139,residual_11,140,0,0.0009,0.65534,1.9643,0.826148,1.22382,0.364896,0.309713,0.0236973,0.0231618,0.0446952,0.0125877,0.0120919
139,residual_10,131,0,0.0009,0.666886,2.19068,-0.504514,1.5661,1.42978,0.299344,0.0236724,0.0232847,0.0442479,0.0129484,0.0121309
144,residual_9,104,0,0.0009,0.190222,4.63151,-0.612543,-0.0167946,0.52784,0.491746,0.0241085,0.0232739,0.0449033,0.0129711,0.0127543
24,residual_12,205,0,0.0009,0.421596,-2.79447,-0.108318,-0.745862,1.9868,0.922215,0.0242077,0.0236602,0.0489969,0.0171707,0.0129836
154,residual_4,46,0,0.0009,0.0793208,0.0438708,-1.96041,-0.0701138,0.417884,0.392366,0.025725,0.0262103,0.0473773,0.0193738,0.0274649
155,residual_3,673,0,0.0009,0.667515,-0.978705,2.3894,-0.0239205,0.344033,0.32528,0.0253848,0.0245516,0.0442472,0.0118771,0.0118299
155,residual_2,309,0,0.0009,0.489248,-0.336985,0.286835,1.5536,0.368513,0.367509,0.0235246,0.0230222,0.0443954,0.0126314,0.0121245
155,residual_1,55,0,0.0009,0.196005,1.97229,-2.01684,0.0488477,0.407017,0.26061,0.0241295,0.0232624,0.0462573,0.0151656,0.0130123
4,residual_13,9,0,0.0009,0.0100844,-3.85344,-1.10143,-1.25916,0.195104,0.0539095,0.0369902,0.0494399,0.278508,0.0992674,0.0460233
140,residual_11,139,0,0.0009,0.66589,1.96511,0.826421,1.22852,0.364905,0.308299,0.0236904,0.0231836,0.0446796,0.0125553,0.0121246
140,residual_10,133,0,0.0009,0.676758,2.18928,-0.506035,1.56647,1.43967,0.295698,0.0236721,0.0233133,0.0442433,0.0130805,0.0121121
145,residual_9,105,0,0.0009,0.194474,4.63202,-0.61231,-0.0160456,0.526527,0.490975,0.0241114,0.0232713,0.044872,0.012986,0.0127492
25,residual_12,203,0,0.0009,0.526508,-2.79583,-0.111077,-0.746148,1.98455,0.922612,0.0242228,0.0237093,0.0485156,0.016959,0.013856
155,residual_4,54,0,0.0009,0.123638,0.0458455,-1.96013,-0.0683754,0.417364,0.392411,0.0257356,0.0263331,0.0471697,0.0198329,0.0278849
156,residual_3,695,0,0.0009,0.828676,-0.977447,2.39053,-0.0233683,0.344868,0.324178,0.0249798,0.0241199,0.0442449,0.0118765,0.0118245
156,residual_2,327,0,0.0009,0.529477,-0.336076,0.288076,1.5537,0.36874,0.363654,0.0234422,0.023144,0.0443842,0.0135071,0.0120752
156,residual_1,55,0,0.0009,0.184268,1.97418,-2.02017,0.0484612,0.408,0.268993,0.0241287,0.0232677,0.0461889,0.0151342,0.0130291
5,residual_13,9,0,0.0009,0.0339883,-3.84933,-1.10022,-1.27596,0.201259,0.05,0.0322884,0.0400589,0.251266,0.0656786,0.0360117
141,residual_11,135,0,0.0009,0.683845,1.96581,0.827019,1.23202,0.36288,0.307643,0.0236885,0.0231968,0.0446645,0.0125103,0.0121776
141,residual_10,136,0,0.0009,0.721993,2.18831,-0.509795,1.56721,1.45075,0.292331,0.0236116,0.0233373,0.0442392,0.0131892,0.0120964
146,residual_9,108,0,0.0009,0.204266,4.63305,-0.612255,-0.0173887,0.526708,0.490592,0.0241095,0.0232703,0.0448424,0.0129754,0.0127393
26,residual_12,209,0,0.0009,0.647608,-2.78915,-0.112581,-0.746895,1.99456,0.922122,0.0243115,0.0238198,0.0480848,0.0174082,0.0146772
156,residual_4,57,0,0.0009,0.154101,0.0473533,-1.9608,-0.066626,0.416982,0.392348,0.0258498,0.0264532,0.0469799,0.0203131,0.0282996
157,residual_3,712,0,0.0009,0.889748,-0.976963,2.39075,-0.0224447,0.346814,0.322184,0.0246903,0.023818,0.0442428,0.0118701,0.0118196
157,residual_2,361,0,0.0009,0.615999,-0.335121,0.290967,1.55484,0.363074,0.359777,0.0233821,0.0230931,0.0443733,0.0131765,0.0120308
157,residual_1,54,0,0.0009,0.213846,1.97404,-2.02454,0.0452021,0.406474,0.278235,0.0240815,0.0232877,0.0461368,0.0151187,0.0130389
6,residual_13,10,0,0.0009,0.00582897,-3.84839,-1.103,-1.28322,0.19739,0.05,0.029963,0.0363251,0.232525,0.0602067,0.0308457
142,residual_11,138,0,0.0009,0.688909,1.96736,0.827709,1.23472,0.361236,0.308687,0.0236856,0.0232067,0.0446503,0.012479,0.0122024
142,residual_10,138,0,0.0009,0.683353,2.1878,-0.509234,1.56814,1.4537,0.289427,0.0235665,0.0234516,0.0442352,0.0138478,0.0120835
147,residual_9,109,0,0.0009,0.219924,4.63382,-0.611991,-0.0178799,0.528257,0.49063,0.0241082,0.0232685,0.0448151,0.0129664,0.0127244
27,residual_12,55,0,0.0009,0.353289,-2.7869,-0.110325,-0.767034,1.99456,0.922849,0.0252985,0.0248136,0.0479995,0.018112,0.01533
157,residual_4,60,0,0.0009,0.0810954,0.0484121,-1.96075,-0.0649856,0.41417,0.392397,0.0255707,0.0265707,0.0468078,0.0194084,0.0287087
158,residual_3,726,0,0.0009,0.831768,-0.977034,2.39005,-0.0214242,0.349214,0.320203,0.0244817,0.0236052,0.0442408,0.0118608,0.0118157
158,residual_2,392,0,0.0009,0.558422,-0.334887,0.293738,-0.0151122,0.357726,0.356307,0.023339,0.0230396,0.0443628,0.012808,0.0120131
158,residual_1,54,0,0.0009,0.293897,1.97523,-2.03071,0.0426889,0.406442,0.291765,0.0240614,0.0233139,0.0460895,0.0152145,0.0131178
7,residual_13,12,0,0.0009,0.0353417,-3.85021,-1.10325,-1.28264,0.196354,0.0524758,0.0282507,0.0332653,0.214328,0.0498205,0.0267795
143,residual_11,136,0,0.0009,0.685407,1.96893,0.82974,1.23732,0.357259,0.310084,0.0236838,0.0232113,0.0446386,0.0124391,0.0122256
143,residual_10,146,0,0.0009,0.733663,2.18721,-0.50841,1.56907,1.45553,0.287155,0.0235325,0.0235808,0.0442313,0.014586,0.0120657
148,residual_9,107,0,0.0009,0.190793,4.63419,-0.611776,-0.017802,0.528913,0.489357,0.0241078,0.0232687,0.0447911,0.0129635,0.0127267
28,residual_12,56,0,0.0009,0.321181,-2.78552,-0.108983,-0.784227,1.99455,0.923259,0.0262482,0.0258385,0.0479287,0.0187895,0.0159838
158,residual_4,57,0,0.0009,0.0775679,0.0438224,-1.96042,-0.063084,0.414975,0.391979,0.0256933,0.0266882,0.0466474,0.0194831,0.0291127
159,residual_3,729,0,0.0009,0.778984,-0.976167,2.38869,-0.0191314,0.349839,0.31845,0.0243324,0.0234557,0.0442391,0.0118595,0.0118116
159,residual_2,416,0,0.0009,0.639288,-0.334852,0.29365,1.55604,0.355419,0.352822,0.0232564,0.0230041,0.0443533,0.0125608,0.0119779
159,residual_1,52,0,0.0009,0.218303,1.97463,-2.03578,0.0393887,0.406285,0.301921,0.0241075,0.0233349,0.0460438,0.0155177,0.0131823
8,residual_13,12,0,0.0009,0.038392,-3.85199,-1.10455,-1.31245,0.195579,0.0569412,0.0271745,0.0321102,0.195882,0.0481592,0.0243374
144,residual_11,137,0,0.0009,0.651522,1.97049,0.830491,1.23975,0.356002,0.311528,0.0236819,0.0232137,0.044628,0.0124009,0.0122404
144,residual_10,151,0,0.0009,0.785983,2.1866,-0.508241,1.57004,1.45715,0.284753,0.0235069,0.0237087,0.0442277,0.0152971,0.0120498
149,residual_9,105,0,0.0009,0.204569,4.63397,-0.611731,-0.0184178,0.52919,0.488166,0.0241094,0.0232665,0.0447688,0.0129712,0.0127105
29,residual_12,295,0,0.0009,0.534039,-2.78909,-0.106325,-0.784366,2.0015,0.923569,0.0255484,0.0251246,0.0475577,0.0181076,0.0147166
159,residual_4,61,0,0.0009,0.0737404,0.0432441,-1.96117,-0.0609504,0.414699,0.391901,0.0255023,0.026803,0.0464976,0.0189667,0.0295116
160,residual_3,730,0,0.0009,0.768956,-0.975042,2.38679,-0.0170083,0.348965,0.316836,0.0242248,0.0233499,0.0442373,0.0118627,0.0118081
160,residual_2,433,0,0.0009,0.629479,-0.335258,0.290646,1.55607,0.360622,0.348013,0.0231825,0.0229828,0.0443444,0.0124043,0.0119436
160,residual_1,51,0,0.0009,0.120596,1.97442,-2.03857,0.0361796,0.405547,0.307402,0.0239444,0.023325,0.04602,0.0153937,0.0134766
9,residual_13,10,0,0.0009,0.042355,-3.85352,-1.10388,-1.31348,0.192647,0.0583802,0.0263539,0.0303368,0.181509,0.0422758,0.0228356
145,residual_11,134,0,0.0009,0.6535,1.97184,0.831421,1.24142,0.353721,0.313855,0.0236802,0.0232186,0.0446188,0.0123936,0.0122454
145,residual_10,158,0,0.0009,0.723711,2.18579,-0.509526,-1.57069,1.46164,0.283329,0.0234875,0.0237683,0.0442241,0.0156401,0.0120331
150,residual_9,103,0,0.0009,0.203277,4.63405,-0.612743,-0.0190739,0.52946,0.486123,0.0241092,0.0232687,0.0447496,0.0129704,0.0127165
30,residual_12,301,0,0.0009,0.656965,-2.79157,-0.106288,-0.785373,2.00827,0.926101,0.0250592,0.0246325,0.0472246,0.0177864,0.0138725
160,residual_4,60,0,0.0009,0.0769492,0.044365,-1.96147,-0.0590497,0.41256,0.391676,0.0254999,0.0269175,0.0463618,0.0188838,0.0299038
161,residual_3,741,0,0.0009,0.767773,-0.974534,2.38518,-0.0155174,0.349555,0.315936,0.0241473,0.023275,0.0442357,0.0118622,0.0118051
161,residual_2,436,0,0.0009,0.657509,-0.334573,0.294083,1.55807,0.354137,0.344911,0.0231305,0.0229668,0.0443359,0.0122834,0.0119193
161,residual_1,50,0,0.0009,0.091737,1.97439,-2.04144,0.0350904,0.405364,0.312473,0.0239123,0.0233233,0.0459862,0.0156676,0.0137229
10,residual_13,9,0,0.0009,0.0266833,-3.85529,-1.10501,-1.3386,0.191972,0.0618553,0.025898,0.0300399,0.171237,0.0416239,0.0217471
146,residual_11,136,0,0.0009,0.65267,1.97374,0.83197,1.24216,0.35143,0.318496,0.0236764,0.0232191,0.0446069,0.0123779,0.0122231
146,residual_10,161,0,0.0009,0.77389,2.18548,-0.510583,-1.57028,1.46504,0.283407,0.0233923,0.0238366,0.0442209,0.0160173,0.0120194
151,residual_9,98,0,0.0009,0.206403,4.6348,-0.614726,-0.0197706,0.527411,0.485614,0.0241049,0.0232764,0.0447374,0.0129406,0.0127544
31,residual_12,81,0,0.0009,0.550794,-2.79238,-0.107053,-0.794556,2.00826,0.925921,0.0260344,0.0257215,0.0470757,0.0184758,0.0146616
161,residual_4,61,0,0.0009,0.0740787,0.0443986,-1.96187,-0.0587418,0.412548,0.391629,0.0255271,0.0270311,0.0462393,0.0194004,0.030293
162,residual_3,742,0,0.0009,0.808291,-0.97489,2.38347,-0.015494,0.351642,0.315072,0.0240913,0.0232224,0.0442341,0.0118593,0.0118023
162,residual_2,478,0,0.0009,0.537542,-0.334892,0.299818,-0.0116532,0.344822,0.342638,0.0230938,0.0229499,0.0443273,0.0121644,0.0119085
162,residual_1,51,0,0.0009,0.0759722,1.97488,-2.0435,0.0335219,0.405774,0.316543,0.0238347,0.0233231,0.0459532,0.0156505,0.013911
11,residual_13,13,0,0.0009,0.0305825,-3.8571,-1.10404,-1.34909,0.189166,0.0621639,0.0254295,0.0288217,0.162243,0.037607,0.0203746
147,residual_11,137,0,0.0009,0.595858,1.97497,0.833072,1.2412,0.347661,0.32237,0.0236714,0.0232172,0.0445967,0.0123544,0.0121896
147,residual_10,162,0,0.0009,0.713104,2.18367,-0.513521,-1.5701,1.47135,0.28245,0.0233247,0.0238578,0.0442179,0.0161532,0.0120082
152,residual_9,105,0,0.0009,0.211813,4.63498,-0.616353,-0.0197271,0.525337,0.48508,0.0241049,0.0232723,0.04472,0.0129396,0.0127331
32,residual_12,88,0,0.0009,0.538061,-2.79366,-0.108256,-0.802121,2.00825,0.925647,0.026968,0.026785,0.046944,0.0191404,0.0154164
162,residual_4,60,0,0.0009,0.0749606,0.0462683,-1.96275,-0.0580429,0.412138,0.391532,0.0254259,0.0271571,0.0461327,0.0199118,0.0306777
163,residual_3,758,0,0.0009,0.840125,-0.974291,2.38113,-0.0161619,0.352312,0.314208,0.0240496,0.0231845,0.0442324,0.0118519,0.0117993
163,residual_2,514,0,0.0009,0.507878,-0.336268,0.299763,-0.0120005,0.346244,0.340793,0.0230954,0.0230096,0.0443187,0.0120796,0.0118896
163,residual_1,50,0,0.0009,0.069971,1.97391,-2.04416,0.0315199,0.40548,0.317746,0.0238387,0.0233381,0.0459209,0.0158866,0.0141338
12,residual_13,14,0,0.0009,0.0271112,-3.85914,-1.10508,-1.36986,0.188577,0.0643341,0.025102,0.0284225,0.153616,0.0371949,0.0195802
148,residual_11,140,0,0.0009,0.546374,1.9754,0.834127,1.24172,0.344325,0.325265,0.0236662,0.0232193,0.0445872,0.0123616,0.0121471
148,residual_10,164,0,0.0009,0.70322,2.18219,-0.514382,-1.57001,1.47397,0.281265,0.0232768,0.0239361,0.0442151,0.0165723,0.0119993
153,residual_9,103,0,0.0009,0.211239,4.63663,-0.619456,-0.0186872,0.520754,0.487206,0.0240951,0.0232811,0.0447066,0.0128735,0.0127787
33,residual_12,321,0,0.0009,0.464102,-2.79654,-0.109827,-0.800601,2.0109,0.929357,0.0258199,0.0257476,0.0466732,0.018885,0.0143436
163,residual_4,79,0,0.0009,0.114148,0.0419471,-1.96214,-0.0573599,0.41518,0.391583,0.0251481,0.0272736,0.0460084,0.0195108,0.0310577
164,residual_3,744,0,0.0009,0.829518,-0.973868,2.37926,-0.0168678,0.354028,0.313331,0.0240189,0.0231581,0.0442309,0.0118451,0.0117973
164,residual_2,533,0,0.0009,0.581974,-0.337587,0.297012,1.55722,0.345337,0.344974,0.0230963,0.0230542,0.0443108,0.0120149,0.0118803
164,residual_1,51,0,0.0009,0.063594,1.97477,-2.04372,0.0296138,0.407358,0.316994,0.0237522,0.0233614,0.0458913,0.0156704,0.0143564
149,residual_11,140,0,0.0009,0.544565,1.97481,0.834796,1.24345,0.341101,0.327711,0.0236625,0.0232178,0.0445797,0.0123453,0.0121196
149,residual_10,164,0,0.0009,0.689505,2.18061,-0.514061,-1.56967,1.47402,0.280005,0.0232431,0.0240715,0.0442126,0.0172639,0.0119944
154,residual_9,100,0,0.0009,0.218857,4.63771,-0.623075,-0.0172162,0.516975,0.488089,0.0240881,0.0232898,0.0446973,0.0128251,0.0128239
34,residual_12,338,0,0.0009,0.488897,-2.80026,-0.111475,-0.798904,2.01146,0.933725,0.0250941,0.0250936,0.0464298,0.0187085,0.0136219
164,residual_4,79,0,0.0009,0.106854,0.0401636,-1.96232,-0.0564823,0.412646,0.391451,0.024943,0.0273831,0.0458941,0.0191859,0.0314107
165,residual_3,738,0,0.0009,0.832722,-0.973807,2.37717,-0.016906,0.354754,0.312967,0.0239968,0.0231388,0.0442292,0.0118396,0.0117968
165,residual_2,550,0,0.0009,0.574683,-0.338634,0.292697,1.55741,0.352547,0.34259,0.0229931,0.0230135,0.0443039,0.0119856,0.011872
165,residual_1,55,0,0.0009,0.102202,1.97484,-2.04711,0.0276872,0.40891,0.32206,0.0236842,0.0233289,0.0458587,0.0154887,0.0142603
150,residual_11,140,0,0.0009,0.571096,1.97327,0.836097,1.24534,0.337951,0.329532,0.0236598,0.0232153,0.044573,0.012321,0.0121019
150,residual_10,166,0,0.0009,0.686005,2.17879,-0.516135,-1.56931,1.47717,0.279695,0.0232185,0.0240903,0.0442103,0.017381,0.0119867
155,residual_9,103,0,0.0009,0.212968,4.63832,-0.626209,-0.0156869,0.513142,0.490529,0.0240826,0.0232957,0.0446884,0.012785,0.0128635
35,residual_12,313,0,0.0009,0.437135,-2.81184,-0.118218,-0.804053,2.01211,0.957982,0.0248996,0.024978,0.0462213,0.0191606,0.0134151
165,residual_4,80,0,0.0009,0.169484,0.0396413,-1.96323,-0.0554753,0.404799,0.391393,0.0245281,0.0274954,0.0458051,0.0178553,0.0317822
166,residual_3,712,0,0.0009,0.832727,-0.973734,2.37527,-0.0169108,0.353645,0.313678,0.0239807,0.0231261,0.0442279,0.0118361,0.0117983
166,residual_2,574,0,0.0009,0.591518,-0.339621,0.289236,1.55853,0.357283,0.340127,0.0229206,0.022992,0.0442978,0.0120137,0.0118632
166,residual_1,52,0,0.0009,0.0818277,1.97506,-2.04925,0.0262336,0.409745,0.324408,0.0236599,0.023368,0.0458283,0.0154826,0.0145166
151,residual_11,138,0,0.0009,0.609852,1.97162,0.837844,1.24815,0.335634,0.330475,0.0236587,0.0232152,0.0445661,0.0123234,0.0120929
151,residual_10,170,0,0.0009,0.630362,2.17779,-0.516264,-1.56895,1.47802,0.280234,0.0232002,0.0242122,0.0442079,0.0179878,0.01198
156,residual_9,103,0,0.0009,0.20362,4.63906,-0.628537,-0.0141685,0.510026,0.490717,0.024078,0.0232989,0.0446777,0.0127541,0.0128872
36,residual_12,105,0,0.0009,0.461063,-2.81245,-0.118779,-0.811023,2.01211,0.957877,0.0258721,0.0260557,0.0461784,0.0198023,0.0142521
166,residual_4,80,0,0.0009,0.212702,0.0378307,-1.96383,-0.0550123,0.395352,0.391371,0.0242452,0.027606,0.0457222,0.0169367,0.0321497
167,residual_3,699,0,0.0009,0.839955,-0.973987,2.37388,-0.0169533,0.353954,0.314059,0.0239693,0.0231167,0.0442269,0.0118331,0.0117993
167,residual_2,602,0,0.0009,0.679644,-0.340447,0.294054,1.55904,0.34609,0.338868,0.0228692,0.022973,0.0442917,0.0120077,0.0118552
167,residual_1,55,0,0.0009,0.155341,1.97489,-2.05366,0.0235161,0.409127,0.332799,0.0237414,0.0233378,0.045794,0.0159184,0.0143971
152,residual_11,138,0,0.0009,0.665393,1.96955,0.838727,1.2509,0.334665,0.331504,0.0236578,0.0232152,0.0445603,0.0123171,0.0120874
152,residual_10,169,0,0.0009,0.640141,2.17605,-0.518142,-1.56862,1.48062,0.279819,0.0231875,0.0242611,0.0442058,0.0182335,0.0119755
157,residual_9,103,0,0.0009,0.206774,4.6393,-0.631458,-0.0128705,0.506481,0.49202,0.0240719,0.0233073,0.0446682,0.0127125,0.012937
37,residual_12,108,0,0.0009,0.663357,-2.81432,-0.120511,-0.816962,2.01211,0.957537,0.0268006,0.0271084,0.0461336,0.0204237,0.0150449
167,residual_4,84,0,0.0009,0.294252,0.0357508,-1.96547,1.51609,0.3912,0.387861,0.0239884,0.025444,0.0456471,0.017501,0.0244272
168,residual_3,686,0,0.0009,0.872057,-0.974554,2.37177,-0.0171724,0.35411,0.314278,0.0239608,0.0231097,0.044226,0.0118302,0.0118
168,residual_2,624,0,0.0009,0.732915,-0.341525,0.297259,-0.0110323,0.335897,0.335659,0.0228327,0.0229563,0.0442864,0.0119555,0.0118775
168,residual_1,54,0,0.0009,0.07937,1.97506,-2.05578,0.0213427,0.411089,0.335374,0.0236393,0.0234175,0.0457673,0.0156623,0.0145118
153,residual_11,138,0,0.0009,0.688161,1.96661,0.839416,1.25359,0.333311,0.33154,0.0236576,0.0232132,0.044555,0.0123034,0.0120872
153,residual_10,171,0,0.0009,0.64618,2.17485,-0.520464,-1.5682,1.48466,0.27966,0.0231783,0.02427,0.0442037,0.0182922,0.0119719
158,residual_9,102,0,0.0009,0.200837,4.63973,-0.633359,-0.0122863,0.503175,0.492484,0.0240679,0.0233136,0.0446603,0.0126822,0.0129696
38,residual_12,151,0,0.0009,0.65278,-2.81678,-0.115074,-0.815711,2.01094,0.947514,0.0260699,0.0260156,0.0459765,0.0207959,0.015374
168,residual_4,85,0,0.0009,0.364007,0.0337969,-1.96232,1.51737,0.390583,0.374049,0.0237211,0.0246971,0.04559,0.0180754,0.0203711
169,residual_3,671,0,0.0009,0.853775,-0.975212,2.36986,-0.0176595,0.354456,0.314562,0.0239546,0.0231045,0.0442253,0.0118296,0.0118012
169,residual_2,684,0,0.0009,0.704515,-0.342692,0.296867,1.56025,0.333887,0.332698,0.0228401,0.0230123,0.0442813,0.0119362,0.0118609
169,residual_1,54,0,0.0009,0.0695254,1.97507,-2.05683,0.0205092,0.412056,0.335392,0.0235658,0.0234861,0.0457392,0.015461,0.0146608
154,residual_11,134,0,0.0009,0.7159,1.96273,0.839848,1.25544,0.33191,0.329856,0.0236587,0.0232133,0.0445509,0.0122976,0.012096
154,residual_10,173,0,0.0009,0.60366,2.17446,-0.522661,-1.56757,1.48852,0.280126,0.0231716,0.0242991,0.0442019,0.0184477,0.0119695
159,residual_9,104,0,0.0009,0.196787,4.64002,-0.635252,-0.0111547,0.501503,0.492924,0.0240661,0.0233089,0.044653,0.0126702,0.012944
39,residual_12,165,0,0.0009,0.369951,-2.81724,-0.110852,-0.814757,2.01027,0.941937,0.0256586,0.02536,0.0458401,0.0212272,0.0156055
169,residual_4,90,0,0.0009,0.348479,0.0335422,-1.95983,1.5195,0.389997,0.360291,0.02352,0.0244317,0.0455261,0.0186504,0.017956
170,residual_3,657,0,0.0009,0.804846,-0.975164,2.36836,-0.0177145,0.354598,0.315011,0.02395,0.0231018,0.0442247,0.011829,0.0118013
170,residual_2,734,0,0.0009,0.76978,-0.344082,0.295847,1.55958,0.334465,0.329363,0.0228376,0.0230504,0.0442762,0.0119116,0.0118481
170,residual_1,55,0,0.0009,0.0815548,1.97444,-2.0591,0.0191695,0.41143,0.339075,0.0235958,0.0235117,0.0457018,0.0156971,0.0146363
19,residual_13,22,0,0.0009,0.342304,-3.85133,-1.09988,-1.26808,0.190334,0.0622522,0.0311482,0.034618,0.137131,0.0370513,0.0181694
155,residual_11,134,0,0.0009,0.701116,1.95836,0.840835,1.25747,0.330772,0.327304,0.0233374,0.0231432,0.0445451,0.0123063,0.0121074
155,residual_10,175,0,0.0009,0.637933,2.17422,-0.524704,-1.56691,1.49206,0.280693,0.0231667,0.0243512,0.0442003,0.018711,0.0119666
160,residual_9,102,0,0.0009,0.187047,4.64,-0.637016,-0.0101609,0.498689,0.493302,0.0240627,0.023315,0.0446489,0.0126481,0.0129729
40,residual_12,171,0,0.0009,0.348299,-2.81438,-0.107908,-0.814841,2.01028,0.936204,0.0254868,0.0249609,0.0457296,0.0216883,0.0159336
170,residual_4,93,0,0.0009,0.369447,0.0329849,-1.95817,1.52025,0.389444,0.348632,0.0233653,0.0243665,0.0454656,0.0192207,0.0163466
171,residual_3,636,0,0.0009,0.702083,-0.974498,2.3671,-0.0181181,0.355958,0.314073,0.023947,0.0230997,0.0442243,0.0118293,0.011802
171,residual_2,748,0,0.0009,0.876565,-0.345335,0.295183,1.5596,0.33675,0.32573,0.0228357,0.0230786,0.0442715,0.0118908,0.0118374
171,residual_1,56,0,0.0009,0.0882212,1.97409,-2.06161,0.0168437,0.410245,0.343764,0.0235644,0.023542,0.045671,0.0156351,0.014691
20,residual_13,22,0,0.0009,0.0796995,-3.85038,-1.09808,-1.23326,0.183341,0.0584534,0.0285748,0.0316138,0.127629,0.0331322,0.0169246
156,residual_11,135,0,0.0009,0.726263,1.9536,0.841379,1.25714,0.332275,0.323774,0.0231142,0.023094,0.044541,0.012309,0.0121107
156,residual_10,176,0,0.0009,0.61103,2.17383,-0.526335,-1.56629,1.49547,0.281248,0.0230603,0.0243725,0.0441989,0.0188246,0.0119637
161,residual_9,105,0,0.0009,0.193503,4.63995,-0.638907,-0.00941541,0.497665,0.494837,0.0240608,0.0233157,0.0446438,0.0126349,0.0129771
41,residual_12,178,0,0.0009,0.250661,-2.81532,-0.106099,-0.813237,2.00991,0.936331,0.0254689,0.0247205,0.045643,0.0221634,0.0163437
171,residual_4,97,0,0.0009,0.348811,0.0311721,-1.94379,1.52107,0.355106,0.344648,0.0232406,0.0240349,0.0454057,0.0175264,0.0153729
172,residual_3,633,0,0.0009,0.740641,-0.974494,2.36544,-0.0184966,0.356712,0.314793,0.0239447,0.023098,0.0442239,0.0118294,0.0118022
172,residual_2,802,0,0.0009,0.746762,-0.346579,0.297274,1.5614,0.33276,0.323266,0.0228342,0.0230966,0.0442665,0.0118796,0.0118287
172,residual_1,58,0,0.0009,0.0824919,1.97424,-2.0644,0.0160554,0.411079,0.348088,0.0235076,0.0235435,0.0456404,0.0154269,0.0146068
21,residual_13,19,0,0.0009,0.0274277,-3.84975,-1.09659,-1.21704,0.183117,0.05508,0.0269471,0.0297971,0.120266,0.0308913,0.0160738
157,residual_11,139,0,0.0009,0.674855,1.94912,0.842028,1.25877,0.333618,0.320194,0.0229592,0.023057,0.0445361,0.012295,0.0121135
157,residual_10,176,0,0.0009,0.571282,2.17282,-0.527176,-1.566,1.4973,0.281096,0.0229854,0.0244696,0.0441974,0.019291,0.0119614
162,residual_9,100,0,0.0009,0.171891,4.63986,-0.640182,1.56184,0.495867,0.495605,0.024059,0.0233218,0.0446405,0.012756,0.0128802
42,residual_12,186,0,0.0009,0.316646,-2.81436,-0.103618,-0.813227,2.00974,0.93299,0.0254772,0.0245818,0.0455709,0.0226425,0.0166203
172,residual_4,102,0,0.0009,0.27426,0.0304291,-1.93532,-0.0504093,0.343469,0.336061,0.0230628,0.0237051,0.0453439,0.0160997,0.0146814
173,residual_3,605,0,0.0009,0.689367,-0.974942,2.36536,-0.0178996,0.357717,0.316462,0.0239432,0.0230968,0.0442239,0.0118287,0.0118043
173,residual_2,810,0,0.0009,0.710677,-0.347325,0.301302,1.5612,0.327682,0.321265,0.0228329,0.0231116,0.0442618,0.0118668,0.0118229
173,residual_1,59,0,0.0009,0.0590474,1.97518,-2.06567,0.0154181,0.412908,0.349603,0.023501,0.0235624,0.0456071,0.0154109,0.0146554
22,residual_13,19,0,0.0009,0.0757247,-3.8508,-1.09702,-1.2051,0.183184,0.0531377,0.0262675,0.031069,0.113915,0.0312925,0.0154605
158,residual_11,131,0,0.0009,0.645956,1.94393,0.842392,1.259,0.334301,0.315483,0.0228525,0.0230356,0.0445346,0.0123176,0.0121209
158,residual_10,178,0,0.0009,0.633693,2.1714,-0.528322,-1.56575,1.49815,0.281001,0.0229322,0.0245949,0.044196,0.0198362,0.0119578
163,residual_9,106,0,0.0009,0.202154,4.6394,-0.642713,1.5606,0.499303,0.493855,0.0236983,0.0233214,0.044634,0.0128084,0.0127963
43,residual_12,290,0,0.0009,0.622062,-2.82245,-0.101874,-0.809738,2.0085,0.938174,0.0249348,0.0245083,0.045416,0.0231121,0.0151087
173,residual_4,108,0,0.0009,0.164737,0.0303168,-1.93453,-0.0498463,0.348847,0.328843,0.0230122,0.0235512,0.0452891,0.0151073,0.0140698
174,residual_3,591,0,0.0009,0.752422,-0.976254,2.36405,-0.017206,0.356742,0.319648,0.0239422,0.0230959,0.0442238,0.0118289,0.0118068
174,residual_2,829,0,0.0009,0.606207,-0.3488,0.302024,1.56074,0.323989,0.321049,0.0228321,0.0231207,0.0442572,0.0118509,0.0118181
174,residual_1,59,0,0.0009,0.0804772,1.97415,-2.06791,0.0140538,0.41261,0.351552,0.0234902,0.0236036,0.0455833,0.0153899,0.0148456
23,residual_13,73,0,0.0009,0.412312,-3.82777,-1.0827,-1.2113,0.214683,0.065153,0.0260306,0.0299862,0.111994,0.0304832,0.0159126
159,residual_11,130,0,0.0009,0.0732325,1.9408,0.845981,1.25826,0.334535,0.313183,0.0228995,0.0232044,0.0447438,0.0128568,0.0126032
159,residual_10,177,0,0.0009,0.0539553,2.17275,-0.525039,-1.565,1.49858,0.279624,0.0230008,0.025006,0.0442147,0.020424,0.0123342
164,residual_9,109,0,0.0009,0.0203293,4.64243,-0.63737,1.56205,0.499999,0.493802,0.02394,0.0239689,0.0450793,0.0136477,0.0135023
44,residual_12,210,0,0.0009,0.236266,-2.83227,-0.100108,-0.806079,2.00979,0.937543,0.0248731,0.024467,0.0453691,0.0226153,0.0155916
174,residual_4,103,0,0.0009,0.0115969,0.0330941,-1.93515,-0.0488581,0.350236,0.328066,0.0235611,0.023677,0.04564,0.0157032,0.0145303
175,residual_3,593,0,0.0009,0.231576,-0.978714,2.36136,-0.0160139,0.355248,0.32161,0.0239489,0.0231035,0.0442367,0.0118892,0.0118635
175,residual_2,857,0,0.0009,0.217065,-0.34848,0.301975,1.56052,0.321953,0.321306,0.0228365,0.0231304,0.0442617,0.0118718,0.0118409
175,residual_1,62,0,0.0009,0.0131024,1.97803,-2.06562,0.0142138,0.412263,0.351997,0.0243121,0.0239873,0.0461524,0.0160984,0.0154769
24,residual_13,148,0,0.0009,0.20273,-3.81447,-1.05148,-1.20592,0.23834,0.0715091,0.0265332,0.0301946,0.11114,0.0305197,0.0165372
160,residual_11,136,0,0.0009,0.0207536,1.93856,0.849033,1.25829,0.334796,0.312466,0.0231518,0.0236931,0.0452508,0.0136076,0.0133056
160,residual_10,181,0,0.0009,0.0166446,2.1746,-0.522436,-1.5647,1.49891,0.279487,0.0232831,0.0258261,0.0442818,0.0210041,0.0129728
165,residual_9,109,0,0.0009,0.00925949,4.64494,-0.634159,1.56314,0.50024,0.493676,0.0248191,0.0251688,0.0458596,0.0144969,0.0143132
45,residual_12,194,0,0.0009,0.236775,-2.84133,-0.101711,-0.807641,2.00905,0.929036,0.0253343,0.0248633,0.0454455,0.0231159,0.0161115
175,residual_4,104,0,0.0009,0.00387444,0.0353691,-1.93609,-0.04811,0.350834,0.328274,0.0246987,0.0240905,0.0463237,0.0164068,0.0152049
176,residual_3,615,0,0.0009,0.0790446,-0.981053,2.35821,-0.0149391,0.353092,0.322459,0.0239763,0.0231292,0.0442874,0.0120779,0.0120342
176,residual_2,898,0,0.0009,0.0766711,-0.348395,0.301071,1.56065,0.322036,0.321853,0.0228531,0.0231501,0.0442862,0.0119747,0.011929
176,residual_1,63,0,0.0009,0.00454596,1.98046,-2.06378,0.0146027,0.412081,0.35219,0.0256289,0.0248325,0.0470177,0.0168202,0.0161992
25,residual_13,61,0,0.0009,0.293432,-3.79822,-1.04042,-1.18535,0.267275,0.0788724,0.0266924,0.0296886,0.10955,0.0300241,0.0170698
161,residual_11,139,0,0.0009,0.0409787,1.93767,0.85522,1.25903,0.335438,0.311681,0.0232091,0.02388,0.0455653,0.0142352,0.0137142
161,residual_10,175,0,0.0009,0.0344841,2.17771,-0.516551,-1.56459,1.49966,0.278414,0.0233588,0.0261556,0.0443158,0.0215589,0.0133547
166,residual_9,102,0,0.0009,0.020038,4.64875,-0.624432,1.56565,0.501515,0.493821,0.0251935,0.0258472,0.0464786,0.0152838,0.0150026
46,residual_12,189,0,0.0009,0.297652,-2.85339,-0.100179,-0.798842,2.00754,0.921675,0.025694,0.025075,0.045587,0.0236032,0.016682
176,residual_4,92,0,0.0009,0.0107673,0.0409145,-1.93571,-0.0484743,0.352024,0.328393,0.0252884,0.024343,0.0468911,0.0170213,0.0159501
177,residual_3,657,0,0.0009,0.15241,-0.985748,2.35519,-0.0144959,0.352543,0.322146,0.0239813,0.0231338,0.0443061,0.0121261,0.0120743
177,residual_2,884,0,0.0009,0.123756,-0.347256,0.303241,-0.00943446,0.321959,0.318046,0.0228557,0.023158,0.0442933,0.0119842,0.0119767
177,residual_1,65,0,0.0009,0.0195999,1.98556,-2.05892,0.016566,0.411877,0.352488,0.0265732,0.0251482,0.0477363,0.0174857,0.0168311
26,residual_13,73,0,0.0009,0.296998,-3.80831,-1.01031,-1.15388,0.294116,0.0862706,0.0266784,0.0295386,0.108008,0.0299388,0.0175191
162,residual_11,146,0,0.0009,0.0272978,1.93539,0.85506,1.2598,0.335815,0.311538,0.0232511,0.0240056,0.0458724,0.0147085,0.0140577
162,residual_10,180,0,0.0009,0.0208778,2.17614,-0.517023,-1.5643,1.4996,0.278323,0.0234177,0.0267677,0.0443444,0.0221062,0.013705
167,residual_9,104,0,0.0009,0.00450438,4.64803,-0.624221,1.5654,0.502036,0.493201,0.0255939,0.026313,0.0470066,0.0159474,0.0156565
47,residual_12,194,0,0.0009,0.312047,-2.85723,-0.0905472,-0.794321,2.00634,0.903996,0.0258446,0.0253019,0.0455808,0.0240815,0.0167954
177,residual_4,107,0,0.0009,0.00577847,0.0412571,-1.93724,-0.0471573,0.352541,0.329611,0.0256197,0.0244601,0.0473478,0.0174936,0.0164046
178,residual_3,684,0,0.0009,0.106107,-0.990086,2.3559,-0.0143505,0.35287,0.325747,0.0239867,0.0231422,0.0443235,0.0121755,0.0121381
178,residual_2,894,0,0.0009,0.115972,-0.348474,0.304374,-0.00928571,0.321167,0.315757,0.0228417,0.023306,0.0443027,0.0120005,0.0120027
178,residual_1,63,0,0.0009,0.00102719,1.98622,-2.05911,0.0164129,0.411816,0.352491,0.027158,0.0255797,0.048396,0.0181289,0.0174796
27,residual_13,60,0,0.0009,0.176723,-3.81536,-0.988892,-1.13483,0.309157,0.0895327,0.0269221,0.0297423,0.10705,0.0300241,0.0180047
163,residual_11,141,0,0.0009,0.0195362,1.93244,0.852924,1.25887,0.336439,0.310131,0.0233395,0.0242263,0.0462643,0.015256,0.0144267
163,residual_10,201,0,0.0009,0.0207732,2.17308,-0.518643,-1.5645,1.49958,0.278371,0.0234729,0.0275652,0.0443725,0.022628,0.0140594
168,residual_9,97,0,0.0009,0.00469726,4.64651,-0.626077,1.56507,0.502456,0.492527,0.0261155,0.0270064,0.0476134,0.016611,0.0163026
48,residual_12,123,0,0.0009,0.450218,-2.85919,-0.0849541,-0.79328,2.00599,0.875565,0.0262044,0.0256641,0.0455655,0.0245583,0.017163
178,residual_4,92,0,0.0009,0.00531731,0.0386065,-1.93847,-0.0461671,0.353459,0.32943,0.0261481,0.0247702,0.0479923,0.0180186,0.0170997
179,residual_3,704,0,0.0009,0.0758197,-0.992716,2.35759,-0.0152588,0.353983,0.328149,0.0239943,0.0231529,0.0443475,0.0122349,0.0122146
179,residual_2,884,0,0.0009,0.0987187,-0.351531,0.305128,-0.00898147,0.320686,0.314354,0.0228377,0.0234152,0.0443169,0.0120503,0.0120379
179,residual_1,64,0,0.0009,0.00379415,1.98375,-2.06127,0.0160848,0.412167,0.352383,0.027639,0.0261603,0.0491252,0.0187639,0.0181135
28,residual_13,54,0,0.0009,0.322154,-3.82352,-0.987081,-1.10433,0.342812,0.108321,0.0257175,0.0283533,0.0987415,0.0278879,0.0167883
164,residual_11,108,0,0.0009,0.229146,1.92767,0.852126,1.25972,0.336271,0.297861,0.0230942,0.0240374,0.0461254,0.0145279,0.0137818
164,residual_10,200,0,0.0009,0.438608,2.16991,-0.523404,-1.56499,1.50316,0.276261,0.0232749,0.0268564,0.0443548,0.0224889,0.013471
169,residual_9,104,0,0.0009,0.112044,4.64175,-0.631368,1.56337,0.505543,0.491911,0.0251546,0.0259523,0.047371,0.0159429,0.0155156
49,residual_12,114,0,0.0009,0.15147,-2.87543,-0.0900151,-0.787804,2.00369,0.880812,0.0273173,0.0257018,0.0455848,0.0250035,0.0178068
179,residual_4,104,0,0.0009,0.167923,0.0341773,-1.94594,-0.0454714,0.357066,0.342157,0.0252778,0.0243359,0.0477356,0.0172542,0.0159575
180,residual_3,732,0,0.0009,0.642538,-0.995133,2.35921,-0.0165159,0.353848,0.32987,0.023979,0.023136,0.0443351,0.0121198,0.0121021
180,residual_2,845,0,0.0009,0.655849,-0.354667,0.305124,-0.00838378,0.319261,0.315791,0.0228185,0.0234827,0.0443075,0.0119849,0.0119696
180,residual_1,67,0,0.0009,0.077697,1.97929,-2.06635,0.0149068,0.412627,0.357148,0.0266888,0.0255059,0.0488028,0.0193142,0.0176698
29,residual_13,47,0,0.0009,0.304943,-3.83206,-0.98146,-1.10159,0.360248,0.115508,0.0249041,0.0273879,0.0910108,0.026446,0.0157308
165,residual_11,105,0,0.0009,0.363815,1.9214,0.851931,1.26231,0.335381,0.285008,0.0229205,0.0238959,0.0459874,0.0139593,0.0132897
165,residual_10,199,0,0.0009,0.703886,2.16595,-0.531375,-1.56535,1.51288,0.273361,0.0231322,0.02611,0.0443381,0.0214488,0.0130249
170,residual_9,106,0,0.0009,0.17152,4.63776,-0.63459,1.56214,0.510842,0.489233,0.0244544,0.0251742,0.0471016,0.0151818,0.0146898
50,residual_12,219,0,0.0009,0.506833,-2.87161,-0.0887182,-0.787551,2.00386,0.892034,0.0267901,0.0254906,0.045528,0.0254501,0.0177926
180,residual_4,105,0,0.0009,0.225794,0.0283111,-1.95209,-0.0468409,0.363521,0.352829,0.0246065,0.0240226,0.0474512,0.0162179,0.0150631
181,residual_3,729,0,0.0009,0.720093,-0.997058,2.36066,-0.0178086,0.353507,0.331235,0.0239677,0.0231231,0.0443235,0.0120349,0.0120199
181,residual_2,834,0,0.0009,0.758412,-0.357292,0.304854,-0.0082871,0.317863,0.317713,0.0228049,0.0235314,0.0442986,0.0119363,0.0119185
181,residual_1,66,0,0.0009,0.130012,1.97554,-2.072,0.0127823,0.41337,0.362841,0.0258575,0.0249933,0.0484505,0.0189554,0.0171409
30,residual_13,44,0,0.0009,0.311068,-3.83936,-0.977073,-1.09625,0.374973,0.119004,0.0243558,0.0266765,0.0852588,0.0251497,0.015015
166,residual_11,103,0,0.0009,0.356632,1.91446,0.851207,1.26548,0.333325,0.27427,0.0228022,0.0237976,0.0458679,0.0135588,0.0129458
166,residual_10,201,0,0.0009,0.708074,2.16265,-0.535612,-1.56603,1.51753,0.27068,0.0230321,0.0256704,0.0443232,0.021022,0.0127095
171,residual_9,103,0,0.0009,0.148199,4.63451,-0.63771,1.56111,0.515301,0.48668,0.023971,0.0246434,0.0468582,0.0146867,0.0140986
51,residual_12,222,0,0.0009,0.451069,-2.87325,-0.0875804,-0.784972,2.00339,0.906304,0.0264937,0.0253606,0.0454837,0.0258941,0.0177961
181,residual_4,103,0,0.0009,0.165611,0.0252212,-1.95726,-0.0473848,0.368269,0.36156,0.0241472,0.023812,0.0471929,0.0155418,0.0144819
182,residual_3,731,0,0.0009,0.723102,-0.998823,2.36188,-0.01915,0.353241,0.332469,0.0239595,0.0231153,0.0443127,0.0119748,0.0119614
182,residual_2,841,0,0.0009,0.784898,-0.359685,0.304439,1.56241,0.319878,0.317006,0.0227949,0.0235653,0.0442905,0.0118945,0.0118876
182,residual_1,62,0,0.0009,0.0992452,1.97173,-2.07435,0.0123831,0.413887,0.363909,0.0253483,0.0247415,0.0481377,0.0195404,0.0171076
31,residual_13,44,0,0.0009,0.294407,-3.8459,-0.971211,-1.08699,0.383664,0.12183,0.0239581,0.0261859,0.0805605,0.0247431,0.0144846
167,residual_11,103,0,0.0009,0.363569,1.90764,0.850624,1.26722,0.33311,0.263999,0.022717,0.0236754,0.045761,0.0132428,0.0127034
167,residual_10,192,0,0.0009,0.614164,2.15986,-0.53674,-1.56675,1.51748,0.2662,0.0229624,0.0255667,0.0443097,0.0215562,0.0124873
172,residual_9,97,0,0.0009,0.127704,4.63319,-0.641117,1.56016,0.519593,0.484846,0.0236348,0.0242976,0.0466432,0.0144536,0.0136693
52,residual_12,130,0,0.0009,0.271816,-2.90501,-0.0982926,-0.77159,2.00074,0.917101,0.0273935,0.0255232,0.0455126,0.0263373,0.0183734
182,residual_4,99,0,0.0009,0.133259,0.0224023,-1.96099,-0.0472923,0.37385,0.368214,0.023849,0.0236786,0.0469567,0.0151836,0.0141547
183,residual_3,720,0,0.0009,0.710962,-0.999671,2.36317,-0.0202118,0.353352,0.333284,0.0239537,0.0231101,0.044303,0.0119329,0.011921
183,residual_2,831,0,0.0009,0.803903,-0.361333,0.304288,1.56253,0.321956,0.316529,0.0226984,0.0234862,0.0442831,0.0118648,0.0118648
183,residual_1,62,0,0.0009,0.0824165,1.96985,-2.07558,0.0115232,0.414141,0.363772,0.0250511,0.0245052,0.0478592,0.0201154,0.0167612
32,residual_13,38,0,0.0009,0.285955,-3.84927,-0.966916,-1.11773,0.390507,0.115581,0.0236309,0.0254679,0.0762127,0.0223581,0.0143998
168,residual_11,103,0,0.0009,0.649136,1.89839,0.852059,1.26929,0.329871,0.249171,0.022661,0.0235844,0.045679,0.0129809,0.0125527
168,residual_10,196,0,0.0009,0.695951,2.15809,-0.537477,-1.56712,1.51739,0.261941,0.0229136,0.0255421,0.0442976,0.022087,0.0123297
173,residual_9,104,0,0.0009,0.0844447,4.63073,-0.642577,1.5587,0.522435,0.485943,0.0234027,0.0240263,0.0464467,0.0141371,0.0133712
53,residual_12,169,0,0.0009,0.257426,-2.89343,-0.104431,-0.771784,1.97901,0.915969,0.0257665,0.0248587,0.045349,0.0213909,0.0186646
183,residual_4,103,0,0.0009,0.132119,0.0210487,-1.96483,-0.0472204,0.379996,0.375654,0.0236053,0.0237011,0.0467442,0.0147279,0.0139899
184,residual_3,698,0,0.0009,0.723036,-1.00053,2.36453,-0.0210982,0.352458,0.33449,0.0239497,0.023106,0.0442944,0.0119039,0.0118929
184,residual_2,801,0,0.0009,0.753776,-0.363326,0.305248,1.56214,0.321354,0.316423,0.0226313,0.0234312,0.0442765,0.0118445,0.0118483
184,residual_1,61,0,0.0009,0.0786923,1.96865,-2.07831,0.0113518,0.414666,0.366824,0.0246309,0.0243358,0.04761,0.019648,0.0164934
33,residual_13,29,0,0.0009,0.175068,-3.85292,-0.965171,-1.11467,0.389028,0.116085,0.0236811,0.0255793,0.0729266,0.0225113,0.0151447
169,residual_11,100,0,0.0009,0.817382,1.89813,0.851893,1.271,0.323051,0.243033,0.0227051,0.0235265,0.0456254,0.0127839,0.0129982
169,residual_10,195,0,0.0009,0.734451,2.15639,-0.538121,-1.56784,1.51812,0.257213,0.0228801,0.0255494,0.0442867,0.0225744,0.0122205
174,residual_9,97,0,0.0009,0.0708707,4.62834,-0.643398,1.55874,0.52488,0.486853,0.0232423,0.023843,0.0462728,0.0139493,0.0131648
54,residual_12,160,0,0.0009,0.237794,-2.88782,-0.106917,-0.771884,1.96948,0.914899,0.0248461,0.0245629,0.0452161,0.0186898,0.0190211
184,residual_4,102,0,0.0009,0.109443,0.0203527,-1.96748,-0.0465599,0.38525,0.380414,0.0234411,0.0237513,0.0465478,0.0144511,0.0141021
185,residual_3,691,0,0.0009,0.726943,-1.001,2.36545,-0.0213576,0.349501,0.33667,0.0239462,0.0231032,0.0442872,0.0118797,0.0118741
185,residual_2,793,0,0.0009,0.664826,-0.3655,0.306876,1.5614,0.319214,0.317548,0.0225845,0.0233924,0.0442708,0.0118303,0.0118361
185,residual_1,64,0,0.0009,0.0865509,1.96655,-2.08032,0.00982601,0.414912,0.368871,0.0245647,0.0241963,0.047371,0.0202254,0.0162076
34,residual_13,22,0,0.0009,0.254962,-3.85639,-0.967474,-1.11363,0.389199,0.116753,0.0242004,0.0270822,0.0711503,0.0230567,0.0158696
170,residual_11,115,0,0.0009,0.728555,1.91054,0.850112,1.27382,0.325163,0.260373,0.0226626,0.0234944,0.0455567,0.0126916,0.0128027
170,residual_10,189,0,0.0009,0.725496,2.15611,-0.541482,-1.56913,1.51767,0.255709,0.0228575,0.0255717,0.0442771,0.0230842,0.0121482
175,residual_9,97,0,0.0009,0.0821761,4.62604,-0.645932,1.55794,0.527599,0.488117,0.0231278,0.0237247,0.0461146,0.013864,0.0130015
55,residual_12,169,0,0.0009,0.292156,-2.88375,-0.108894,-0.772145,1.96582,0.914434,0.024223,0.0243637,0.0451042,0.0169926,0.0194671
185,residual_4,102,0,0.0009,0.0923605,0.0190822,-1.96782,-0.0458204,0.389132,0.380347,0.0233214,0.023898,0.0463658,0.0142426,0.0149089
186,residual_3,676,0,0.0009,0.72259,-1.00181,2.36632,-0.0221012,0.345887,0.339039,0.023944,0.0231019,0.0442806,0.0118632,0.0118608
186,residual_2,782,0,0.0009,0.633386,-0.367817,0.308339,-0.00904965,0.318521,0.317589,0.0225518,0.0233646,0.0442658,0.0118236,0.0118237
186,residual_1,62,0,0.0009,0.0786634,1.96514,-2.0819,0.00894113,0.414892,0.370352,0.0241691,0.0241313,0.0471684,0.0192164,0.0161775
35,residual_13,16,0,0.0009,0.154761,-3.85715,-0.967873,-1.11685,0.38923,0.116876,0.0247626,0.0285352,0.070244,0.0235922,0.0165714
171,residual_11,110,0,0.0009,0.292487,1.91602,0.848986,1.2782,0.330981,0.271542,0.0226278,0.0235134,0.045473,0.0128905,0.0126109
171,residual_10,176,0,0.0009,0.582011,2.15611,-0.543907,-1.57078,1.51736,0.255225,0.022843,0.0256269,0.0442685,0.0235842,0.0121039
176,residual_9,92,0,0.0009,0.0539781,4.62489,-0.647143,1.55701,0.530751,0.48769,0.0229687,0.0237131,0.0459719,0.0139096,0.0128827
56,residual_12,177,0,0.0009,0.447884,-2.87924,-0.107733,-0.771613,1.96362,0.913755,0.0238539,0.0242644,0.0450081,0.0158473,0.019945
186,residual_4,102,0,0.0009,0.0844,0.0183112,-1.96798,-0.0449204,0.393119,0.380308,0.0232516,0.0240387,0.0461991,0.0141677,0.0156748
187,residual_3,658,0,0.0009,0.729076,-1.00241,2.36751,1.54763,0.34193,0.341855,0.0239423,0.0231003,0.044275,0.0118538,0.0118503
187,residual_2,776,0,0.0009,0.616924,-0.369791,0.309559,-0.00858154,0.319909,0.316835,0.0225322,0.0233497,0.0442611,0.0118181,0.0118145
187,residual_1,59,0,0.0009,0.0815114,1.96426,-2.08245,0.00823202,0.415008,0.37033,0.024214,0.0242217,0.0469824,0.0198081,0.016882
36,residual_13,19,0,0.0009,0.160724,-3.85933,-0.968992,-1.11351,0.389201,0.117261,0.0252903,0.0299104,0.069129,0.0241157,0.0172474
172,residual_11,97,0,0.0009,0.24936,1.9139,0.848092,1.28095,0.336852,0.276504,0.0226064,0.0235087,0.0454042,0.012969,0.0124885
172,residual_10,172,0,0.0009,0.461515,2.15474,-0.544546,1.56964,1.51723,0.254695,0.0228325,0.0257145,0.0442609,0.0240748,0.0120685
177,residual_9,88,0,0.0009,0.0545092,4.62322,-0.647207,1.55583,0.532995,0.487074,0.0228679,0.0236814,0.0458464,0.0138406,0.012844
57,residual_12,180,0,0.0009,0.90015,-2.87298,-0.10431,-0.771002,1.9639,0.912225,0.023643,0.024219,0.0449237,0.0150584,0.0204407
187,residual_4,104,0,0.0009,0.0805048,0.0169602,-1.96863,-0.0448218,0.396848,0.381378,0.0232049,0.024015,0.0460493,0.0141269,0.0154439
188,residual_3,632,0,0.0009,0.725125,-1.00427,2.3678,1.5464,0.343505,0.337698,0.0235741,0.0232209,0.0442702,0.011849,0.0118444
188,residual_2,769,0,0.0009,0.618401,-0.372219,0.310247,-0.00781594,0.321812,0.317071,0.0225192,0.0233391,0.0442569,0.0118132,0.0118076
188,residual_1,57,0,0.0009,0.0744568,1.96287,-2.0831,0.0071802,0.41519,0.370252,0.0242884,0.0243234,0.0468183,0.0203849,0.0175596
37,residual_13,18,0,0.0009,0.118282,-3.86026,-0.969466,-1.11417,0.389208,0.117412,0.025811,0.0312323,0.0682781,0.0246282,0.0179015
173,residual_11,94,0,0.0009,0.440919,1.90563,0.848186,1.28119,0.339364,0.271982,0.022511,0.0234227,0.045343,0.0129411,0.0124339
173,residual_10,164,0,0.0009,0.512946,2.15146,-0.543569,1.56875,1.51777,0.251776,0.0226508,0.0258017,0.0442543,0.0245375,0.0120469
178,residual_9,85,0,0.0009,0.0758977,4.62233,-0.649786,1.55574,0.537634,0.485916,0.0228018,0.0236567,0.0457369,0.0137796,0.0128373
58,residual_12,186,0,0.0009,0.553209,-2.86776,-0.103747,-0.771442,1.96518,0.911298,0.0235332,0.0242136,0.0448485,0.0144903,0.0209442
188,residual_4,104,0,0.0009,0.0790758,0.0160071,-1.96865,-0.0438064,0.398926,0.381949,0.0231839,0.0239959,0.0459167,0.0141397,0.0152607
189,residual_3,602,0,0.0009,0.708933,-1.00586,2.36695,1.54563,0.342648,0.334427,0.0233191,0.0233087,0.0442664,0.0118523,0.0118417
189,residual_2,748,0,0.0009,0.62862,-0.375606,0.310886,-0.00669785,0.32364,0.317269,0.0225097,0.0233312,0.0442531,0.0118103,0.0118021
189,residual_1,61,0,0.0009,0.0711721,1.96267,-2.08483,0.00722699,0.417134,0.373232,0.0241128,0.0241901,0.0466681,0.0198978,0.0169716
38,residual_13,20,0,0.0009,0.286825,-3.86317,-0.970956,-1.11177,0.389188,0.117892,0.0263027,0.032494,0.0672222,0.0251303,0.0185341
174,residual_11,90,0,0.0009,0.556608,1.89542,0.848874,1.28117,0.336804,0.262462,0.0224549,0.0233538,0.0452982,0.0128686,0.0124619
174,residual_10,158,0,0.0009,0.614567,2.14801,-0.541904,1.5683,1.51797,0.248781,0.0225267,0.0259242,0.0442484,0.0250107,0.0120338
179,residual_9,84,0,0.0009,0.0422031,4.62213,-0.650295,1.55614,0.540919,0.484209,0.0227528,0.0236535,0.0456366,0.0137946,0.0128142
59,residual_12,187,0,0.0009,1.15362,-2.86571,-0.101513,-0.770288,1.96517,0.912709,0.0244253,0.0248628,0.0448541,0.0153287,0.0209089
189,residual_4,106,0,0.0009,0.0783977,0.0160291,-1.9687,-0.0425955,0.401872,0.381926,0.0231388,0.0241275,0.0457925,0.0140148,0.0160109
190,residual_3,587,0,0.0009,0.697275,-1.00708,2.36575,1.54563,0.340884,0.331675,0.0231415,0.0233725,0.0442632,0.0118553,0.011841
190,residual_2,731,0,0.0009,0.667788,-0.378895,0.311251,-0.00567522,0.325358,0.317675,0.0225034,0.0233261,0.0442495,0.0118083,0.0117979
190,residual_1,59,0,0.0009,0.0986075,1.96182,-2.08316,0.00780949,0.417291,0.369851,0.0242264,0.0240423,0.0465277,0.0204726,0.0162933
39,residual_13,21,0,0.0009,0.153384,-3.86522,-0.972005,-1.10976,0.389172,0.118224,0.0267927,0.0337078,0.0661507,0.0256225,0.019148
175,residual_11,89,0,0.0009,0.612156,1.88515,0.849937,1.2802,0.332485,0.251204,0.022432,0.023302,0.045267,0.0127771,0.0125807
175,residual_10,165,0,0.0009,0.767321,2.14591,-0.544012,1.56831,1.52351,0.247833,0.022442,0.0255433,0.0442431,0.0237857,0.0120295
180,residual_9,81,0,0.0009,0.0544251,4.62061,-0.650843,1.55424,0.541954,0.483365,0.0227239,0.0236567,0.0455513,0.0138301,0.0128227
60,residual_12,194,0,0.0009,0.940911,-2.86619,-0.101916,-0.755698,1.96516,0.912708,0.0254442,0.0256354,0.0448757,0.0161235,0.0210612
190,residual_4,110,0,0.0009,0.0800619,0.0158038,-1.96889,-0.0420275,0.404986,0.381766,0.0231401,0.0241371,0.0456773,0.0141107,0.0160372
191,residual_3,573,0,0.0009,0.656857,-1.00831,2.36397,1.54512,0.339164,0.328641,0.0230176,0.0234168,0.0442605,0.0118579,0.0118418
191,residual_2,709,0,0.0009,0.747195,-0.382848,0.311564,-0.00454802,0.326737,0.317536,0.0224989,0.0233225,0.0442464,0.0118071,0.0117957
191,residual_1,57,0,0.0009,0.0939863,1.96062,-2.08478,0.00706543,0.419397,0.37125,0.0240747,0.0239973,0.046412,0.019994,0.016086
40,residual_13,19,0,0.0009,0.148954,-3.86601,-0.972409,-1.11017,0.389176,0.118345,0.0272761,0.0348843,0.0653772,0.0261055,0.0197448
176,residual_11,63,0,0.0009,0.726701,1.89315,0.846826,1.27129,0.330018,0.260666,0.0224452,0.0232827,0.0452902,0.0127831,0.0128153
176,residual_10,155,0,0.0009,0.674537,2.14537,-0.546409,1.56644,1.52319,0.249742,0.0223894,0.0256456,0.0442386,0.0242698,0.0120517
181,residual_9,83,0,0.0009,0.0561703,4.6203,-0.651917,1.55401,0.544752,0.482132,0.022703,0.0236556,0.0454724,0.0138382,0.0128293
61,residual_12,199,0,0.0009,0.484528,-2.86162,-0.0970035,-0.763284,1.96517,0.915056,0.0264789,0.0265071,0.0449409,0.016881,0.0213281
191,residual_4,108,0,0.0009,0.0749542,0.0151236,-1.96909,-0.0415845,0.40696,0.38173,0.0230514,0.0242133,0.0455748,0.014011,0.0167519
192,residual_3,537,0,0.0009,0.633074,-1.00909,2.36236,1.54451,0.337996,0.325239,0.0229313,0.0234502,0.0442587,0.0118615,0.0118445
192,residual_2,690,0,0.0009,0.809404,-0.385797,0.311619,-0.00339674,0.32882,0.317766,0.0224959,0.0233197,0.0442436,0.0118069,0.0117939
192,residual_1,58,0,0.0009,0.0810734,1.96156,-2.08644,0.00674723,0.422659,0.373622,0.0238432,0.023964,0.0463058,0.019132,0.0159474
41,residual_13,18,0,0.0009,0.118511,-3.86649,-0.972654,-1.11209,0.389192,0.118412,0.0277508,0.0360304,0.0646266,0.0265797,0.0203257
177,residual_11,46,0,0.0009,0.15699,1.89485,0.848806,1.27494,0.333286,0.260504,0.0225912,0.0233262,0.0453281,0.0129824,0.0136904
177,residual_10,160,0,0.0009,0.516498,2.14637,-0.548866,1.56557,1.52466,0.254723,0.0223483,0.0257528,0.044234,0.0247328,0.0120472
182,residual_9,85,0,0.0009,0.0480735,4.61931,-0.651972,1.55359,0.546173,0.481039,0.0226881,0.0236472,0.0453993,0.0138168,0.0128301
62,residual_12,8,0,0.0009,1.42776e-09,-2.86162,-0.0970035,-0.763284,1.96517,0.915056,0.0283043,0.0283307,0.0460401,0.0176059,0.0219064
192,residual_4,109,0,0.0009,0.0805678,0.0148789,-1.96925,-0.0403716,0.409116,0.381695,0.023022,0.024303,0.045481,0.0141028,0.0174378
193,residual_3,498,0,0.0009,0.632447,-1.00997,2.36028,1.54332,0.336956,0.321937,0.0228708,0.0234743,0.0442575,0.0118675,0.0118464
193,residual_2,664,0,0.0009,0.841586,-0.38826,0.310647,-0.00246376,0.331344,0.3189,0.0224944,0.0233177,0.0442411,0.0118099,0.0117938
193,residual_1,55,0,0.0009,0.0852311,1.96038,-2.08654,0.00617924,0.422822,0.373546,0.0239834,0.0239455,0.0462116,0.0197276,0.0158709
42,residual_13,24,0,0.0009,0.180733,-3.86267,-0.970944,-1.12909,0.389336,0.11779,0.0281387,0.0371791,0.063656,0.0270456,0.0208906
178,residual_11,68,0,0.0009,0.24138,1.89963,0.849165,1.2796,0.338348,0.271136,0.0225015,0.0233437,0.0452968,0.0131896,0.0132899
178,residual_10,152,0,0.0009,0.388183,2.14592,-0.546509,1.5654,1.51898,0.25748,0.0223202,0.0253494,0.0442298,0.0233225,0.012044
183,residual_9,84,0,0.0009,0.045671,4.61854,-0.652868,1.55421,0.550205,0.480127,0.0226765,0.0236551,0.0453349,0.0138593,0.0128247
63,residual_12,453,0,0.0009,0.584111,-2.8598,-0.100813,-0.762842,1.96457,0.933657,0.0263595,0.0267448,0.045853,0.0160688,0.0180626
193,residual_4,113,0,0.0009,0.0596002,0.0152245,-1.9693,-0.0396982,0.410297,0.381685,0.0229739,0.0244012,0.0453921,0.0140468,0.018098
194,residual_3,497,0,0.0009,0.689385,-1.00978,2.36035,1.54226,0.339068,0.32085,0.0228284,0.0234897,0.0442563,0.0118607,0.0118461
194,residual_2,640,0,0.0009,0.70279,-0.387353,0.308015,-0.00191907,0.333678,0.323155,0.0224933,0.0233163,0.044239,0.0118127,0.011795
194,residual_1,59,0,0.0009,0.0582651,1.96024,-2.08815,0.00581212,0.423496,0.377135,0.023891,0.0238817,0.0461216,0.0193859,0.0155551
43,residual_13,24,0,0.0009,0.167326,-3.86037,-0.969972,-1.1398,0.389426,0.117421,0.0284889,0.0383157,0.0627858,0.0275037,0.0214414
179,residual_11,65,0,0.0009,0.0776003,1.89851,0.849406,1.28199,0.342461,0.273403,0.0224439,0.0233513,0.0452688,0.0133322,0.0130182
179,residual_10,144,0,0.0009,0.378437,2.14301,-0.541003,1.56555,1.51182,0.256518,0.0223003,0.0247426,0.0442261,0.0210669,0.0120401
184,residual_9,78,0,0.0009,0.0490239,4.61705,-0.654377,1.55425,0.552648,0.479705,0.022673,0.0236771,0.0452798,0.0139493,0.012845
64,residual_12,281,0,0.0009,0.58357,-2.85612,-0.0969885,-0.776757,1.96458,0.934738,0.027212,0.027466,0.0457612,0.0168287,0.0185833
194,residual_4,113,0,0.0009,0.0612848,0.0153086,-1.96856,-0.0388815,0.410913,0.379954,0.0229651,0.0243163,0.0453127,0.0141344,0.017764
195,residual_3,497,0,0.0009,0.700796,-1.00939,2.36114,1.54177,0.343057,0.319204,0.0227987,0.0235003,0.0442549,0.0118515,0.0118458
195,residual_2,622,0,0.0009,0.643839,-0.386986,0.306049,-0.00166718,0.335855,0.326027,0.0224922,0.0233157,0.0442372,0.0118138,0.0117965
195,residual_1,58,0,0.0009,0.0564552,1.96085,-2.08768,0.00609282,0.425085,0.376483,0.0238168,0.0238404,0.0460349,0.019101,0.0153492
44,residual_13,24,0,0.0009,0.263249,-3.85981,-0.969742,-1.1439,0.389459,0.117328,0.0288142,0.039423,0.0620492,0.0279543,0.0219788
180,residual_11,65,0,0.0009,0.117492,1.89485,0.849697,1.28308,0.34514,0.270717,0.0224057,0.023337,0.0452496,0.0133582,0.0128469
180,residual_10,140,0,0.0009,0.456555,2.13951,-0.536508,1.566,1.50535,0.254539,0.0222867,0.0242974,0.0442229,0.0192126,0.0120421
185,residual_9,74,0,0.0009,0.0522231,4.61635,-0.655766,1.55459,0.555087,0.478474,0.0226671,0.0237728,0.0452301,0.0142337,0.012844
65,residual_12,494,0,0.0009,0.519826,-2.8564,-0.100819,-0.775694,1.96152,0.943868,0.0256762,0.0261458,0.0456052,0.0154984,0.0162504
195,residual_4,111,0,0.0009,0.0618011,0.0159142,-1.96823,-0.0378623,0.412859,0.379054,0.0230027,0.0242502,0.0452411,0.0144128,0.0174925
196,residual_3,510,0,0.0009,0.717944,-1.00909,2.36206,1.54137,0.346854,0.318611,0.0227777,0.0235081,0.0442534,0.0118426,0.0118453
196,residual_2,599,0,0.0009,0.605623,-0.3877,0.304575,-0.00169231,0.336909,0.327877,0.0224915,0.0233155,0.0442359,0.0118151,0.0117982
196,residual_1,60,0,0.0009,0.0537133,1.96077,-2.08648,0.00714263,0.426069,0.373628,0.0236473,0.0237838,0.0459537,0.0183986,0.015055
45,residual_13,18,0,0.0009,0.26032,-3.86035,-0.969943,-1.15213,0.38952,0.117376,0.029154,0.0405197,0.0617664,0.0283978,0.0225052
181,residual_11,62,0,0.0009,0.352438,1.88625,0.849606,1.28537,0.342647,0.260683,0.02239,0.023317,0.0452563,0.0133183,0.0127818
181,residual_10,134,0,0.0009,0.641373,2.13654,-0.532925,1.56583,1.49805,0.253712,0.0222814,0.0239865,0.0442203,0.0178064,0.0120731
186,residual_9,66,0,0.0009,0.0567735,4.61443,-0.657676,1.55389,0.556373,0.47793,0.0227089,0.0238035,0.0452137,0.0143594,0.013053
66,residual_12,525,0,0.0009,0.450773,-2.86006,-0.101924,-0.774812,1.96251,0.947558,0.0246971,0.0252878,0.0454651,0.0146602,0.0148311
196,residual_4,111,0,0.0009,0.0870679,0.0144987,-1.96757,-0.0369055,0.414789,0.376613,0.0229929,0.0241221,0.0451788,0.014424,0.0168493
197,residual_3,502,0,0.0009,0.711109,-1.01132,2.36176,1.54091,0.35023,0.315779,0.0227634,0.0235135,0.0442531,0.0118349,0.0118487
197,residual_2,575,0,0.0009,0.78248,-0.391444,0.303073,-0.0016416,0.339026,0.328198,0.0224913,0.0233152,0.0442347,0.0118168,0.0118007
197,residual_1,62,0,0.0009,0.129644,1.95506,-2.08461,0.00743412,0.420027,0.369587,0.0233858,0.0237301,0.0458806,0.0172524,0.0147592
46,residual_13,18,0,0.0009,0.153244,-3.86408,-0.971606,-1.15376,0.389694,0.111912,0.0292114,0.0415407,0.0619805,0.0288334,0.0212623
182,residual_11,48,0,0.0009,0.624873,1.87623,0.850463,1.28856,0.337008,0.249492,0.0223985,0.0232925,0.0453226,0.0132292,0.0128336
182,residual_10,129,0,0.0009,0.62616,2.13319,-0.530541,1.56539,1.48616,0.252928,0.0222814,0.0237652,0.0442183,0.0166321,0.0121329
187,residual_9,53,0,0.0009,0.0331607,4.61244,-0.658578,1.55429,0.558311,0.477613,0.0228846,0.0239396,0.045233,0.0145525,0.0139059
67,residual_12,441,0,0.0009,0.513686,-2.85453,-0.101094,-0.778049,1.97267,0.934439,0.02414,0.024752,0.0453596,0.0145495,0.0145381
197,residual_4,111,0,0.0009,0.0772284,0.0137902,-1.96732,-0.0362984,0.417317,0.374853,0.0229831,0.0240278,0.0451216,0.0144266,0.0163549
198,residual_3,495,0,0.0009,0.732679,-1.01412,2.36062,1.54054,0.350515,0.314392,0.0227533,0.0235172,0.044253,0.0118296,0.0118508
198,residual_2,543,0,0.0009,0.744333,-0.394776,0.302063,-0.00111498,0.340751,0.3282,0.0224912,0.0233154,0.0442342,0.0118185,0.011804
198,residual_1,63,0,0.0009,0.176173,1.94949,-2.08147,0.00790383,0.413422,0.363305,0.0232118,0.0237022,0.0458257,0.016425,0.014601
47,residual_13,15,0,0.0009,0.210545,-3.86741,-0.972954,-1.153,0.389681,0.11241,0.0296667,0.0425871,0.0621975,0.0292637,0.0218061
183,residual_11,43,0,0.0009,0.466133,1.88091,0.850865,1.28804,0.33515,0.253564,0.0226098,0.02337,0.0454141,0.0132875,0.0133847
183,residual_10,122,0,0.0009,0.496174,2.13304,-0.528609,1.56535,1.48183,0.254393,0.0224076,0.0237143,0.0442165,0.0159329,0.0121793
188,residual_9,50,0,0.0009,0.0386048,4.6108,-0.660883,1.55447,0.558456,0.477375,0.0230887,0.0240946,0.045258,0.014871,0.0147138
68,residual_12,436,0,0.0009,0.650368,-2.85255,-0.100707,-0.780241,1.97382,0.927411,0.0240027,0.0244487,0.0452744,0.0153004,0.0145556
198,residual_4,110,0,0.0009,0.0817131,0.0120604,-1.96661,-0.0353407,0.417298,0.372568,0.0230438,0.024018,0.0450703,0.0147688,0.0163166
199,residual_3,470,0,0.0009,0.714134,-1.01646,2.35861,1.54127,0.348769,0.312452,0.0227456,0.02352,0.0442528,0.0118311,0.0118489
199,residual_2,528,0,0.0009,0.650639,-0.39676,0.300874,-0.00039985,0.342822,0.32927,0.0224911,0.0233156,0.0442338,0.0118194,0.0118091
199,residual_1,66,0,0.0009,0.248213,1.9425,-2.08003,0.00712615,0.403311,0.359555,0.0230404,0.0236615,0.045785,0.0155631,0.0143569
48,residual_13,9,0,0.0009,1.19143,-3.87529,-0.976002,-1.15881,0.389701,0.113528,0.0301236,0.0436204,0.0623423,0.0296877,0.0223382
184,residual_11,42,0,0.0009,0.185666,1.88299,0.851208,1.29061,0.337963,0.257655,0.0227818,0.0234913,0.0454621,0.0136443,0.0138665
184,residual_10,114,0,0.0009,0.417287,2.13318,-0.530929,1.5656,1.48654,0.255761,0.0224965,0.0238748,0.0442149,0.0162517,0.0122083
189,residual_9,51,0,0.0009,0.0347401,4.60927,-0.662736,1.55533,0.558317,0.477179,0.0232765,0.0241836,0.0452751,0.0150781,0.0154812
69,residual_12,468,0,0.0009,0.477605,-2.85838,-0.101498,-0.778153,1.97278,0.934374,0.0239474,0.0242605,0.0451997,0.0160128,0.0145819
199,residual_4,110,0,0.0009,0.078028,0.00983791,-1.96622,-0.0353091,0.417067,0.370714,0.0230945,0.0240112,0.0450232,0.0150643,0.0162856
200,residual_3,448,0,0.0009,0.742363,-1.01919,2.35593,1.54186,0.345181,0.311097,0.0227401,0.023523,0.0442533,0.0118373,0.0118472
200,residual_2,517,0,0.0009,0.675466,-0.39859,0.2988,0.0001215,0.344771,0.331495,0.0224908,0.0233159,0.0442335,0.0118199,0.0118135
200,residual_1,63,0,0.0009,0.260094,1.9349,-2.07782,0.00684793,0.392803,0.354809,0.022927,0.0235979,0.0457497,0.0150072,0.0143109
49,residual_13,7,0,0.0009,0.494323,-3.8775,-0.976711,-1.15469,0.389453,0.122606,0.0302061,0.0445616,0.062613,0.0301049,0.0211571
185,residual_11,43,0,0.0009,0.124877,1.88251,0.851213,1.29248,0.342702,0.262124,0.0229206,0.0235787,0.0454777,0.013877,0.0142907
185,residual_10,115,0,0.0009,0.408287,2.13407,-0.531047,1.56574,1.489,0.259864,0.0225572,0.0240585,0.0442134,0.016691,0.0122143
190,residual_9,52,0,0.0009,0.0418834,4.60733,-0.66303,1.55526,0.558719,0.476908,0.0234483,0.024232,0.0452941,0.0152112,0.0162144
70,residual_12,597,0,0.0009,0.492353,-2.86182,-0.102841,-0.77737,1.97264,0.937901,0.0235295,0.0239903,0.045097,0.0150279,0.0137292
200,residual_4,111,0,0.0009,0.0761272,0.00821392,-1.96618,-0.0354023,0.417278,0.369561,0.0232356,0.0240059,0.0449819,0.0158163,0.0162671
201,residual_3,437,0,0.0009,0.734183,-1.02197,2.35227,1.54257,0.340322,0.30976,0.0226496,0.0233912,0.0442538,0.0118479,0.0118452
201,residual_2,501,0,0.0009,0.719819,-0.401238,0.297429,0.00110733,0.345544,0.332547,0.0224754,0.0232429,0.0442338,0.0118188,0.0118177
201,residual_1,65,0,0.0009,0.301437,1.92996,-2.07477,0.00534044,0.387391,0.34738,0.0228489,0.0235341,0.0457286,0.0145905,0.0141768
50,residual_13,54,0,0.0009,5.91774e-05,-3.87748,-0.976694,-1.15472,0.389455,0.122616,0.0318175,0.0456692,0.0634058,0.0305173,0.0217396
186,residual_11,41,0,0.0009,0.0621344,1.88164,0.850226,1.29276,0.34548,0.26526,0.0230353,0.0236488,0.045493,0.0140404,0.0146785
186,residual_10,110,0,0.0009,0.331313,2.13468,-0.530404,1.56595,1.49149,0.261453,0.0225998,0.0242399,0.0442121,0.0171294,0.012218
191,residual_9,52,0,0.0009,0.0430251,4.60638,-0.663644,1.55459,0.558805,0.47678,0.0236061,0.0243241,0.045298,0.0154575,0.0169172
71,residual_12,621,0,0.0009,0.502911,-2.86394,-0.103335,-0.776866,1.97377,0.939963,0.0232487,0.023803,0.0450057,0.0143078,0.0131573
201,residual_4,112,0,0.0009,0.0759561,0.00702584,-1.96542,-0.0353204,0.41656,0.367506,0.0232358,0.0239403,0.0449443,0.0158629,0.015904
202,residual_3,433,0,0.0009,0.698149,-1.02382,2.35113,1.54373,0.339633,0.308068,0.0225867,0.0232986,0.0442551,0.011862,0.0118425
202,residual_2,501,0,0.0009,0.665414,-0.403222,0.296479,0.000567134,0.345908,0.333113,0.0224645,0.0231915,0.0442343,0.0118172,0.0118204
202,residual_1,65,0,0.0009,0.311512,1.9273,-2.0746,0.00521142,0.38197,0.344899,0.0228087,0.0234881,0.0457129,0.0143551,0.014072
51,residual_13,49,0,0.0009,0.0102117,-3.87481,-0.972861,-1.15846,0.389874,0.124218,0.0331952,0.0465091,0.0640593,0.030917,0.0222413
187,residual_11,44,0,0.0009,0.233293,1.88815,0.847609,1.29246,0.347212,0.281477,0.0230432,0.0236786,0.0455012,0.0141133,0.0145823
187,residual_10,110,0,0.0009,0.319919,2.13361,-0.528731,1.56587,1.4921,0.261263,0.0226289,0.0245075,0.0442109,0.0177601,0.012215
192,residual_9,55,0,0.0009,0.0464749,4.60552,-0.665149,1.55437,0.563077,0.476641,0.0237562,0.0243266,0.0453049,0.0155106,0.0175931
72,residual_12,641,0,0.0009,0.479892,-2.86555,-0.103564,-0.776505,1.97475,0.941684,0.023058,0.0236724,0.0449239,0.0137947,0.0127637
202,residual_4,112,0,0.0009,0.076168,0.00625081,-1.96476,-0.0351269,0.416667,0.36565,0.0233784,0.0238907,0.0449095,0.0165804,0.0156202
203,residual_3,427,0,0.0009,0.772489,-1.02637,2.35081,1.54567,0.340703,0.305921,0.0225432,0.0232331,0.0442566,0.0118693,0.01184
203,residual_2,498,0,0.0009,0.646293,-0.404645,0.295011,-0.00160867,0.347664,0.33154,0.0224574,0.0231549,0.0442345,0.0118172,0.0118215
203,residual_1,66,0,0.0009,0.295827,1.92745,-2.07717,0.00318596,0.381737,0.344738,0.0228097,0.0234734,0.0457018,0.0143213,0.0141134
52,residual_13,41,0,0.0009,1.53761,-3.85873,-0.928755,-1.15336,0.395367,0.137534,0.0296655,0.0387822,0.0626272,0.0308994,0.022108
188,residual_11,49,0,0.0009,0.215402,1.89334,0.846017,1.29342,0.350551,0.295042,0.0230207,0.023781,0.0455016,0.0144242,0.0140875
188,residual_10,114,0,0.0009,0.421713,2.13202,-0.5284,1.5651,1.49362,0.261652,0.0226476,0.0246401,0.0442098,0.0180548,0.0122001
193,residual_9,50,0,0.0009,0.0313495,4.60421,-0.666704,1.55486,0.563582,0.476464,0.0239051,0.024409,0.0453248,0.0157115,0.0182449
73,residual_12,698,0,0.0009,0.707109,-2.86698,-0.10245,-0.775945,1.97727,0.93922,0.0229271,0.0235795,0.0448506,0.0134321,0.0124843
203,residual_4,116,0,0.0009,0.0753985,0.0035381,-1.96307,-0.0340612,0.4136,0.361798,0.0232854,0.023781,0.044875,0.0161898,0.0149772
204,residual_3,426,0,0.0009,0.911266,-1.02828,2.35165,1.54887,0.341451,0.306299,0.0225131,0.0231861,0.0442584,0.0118707,0.0118387
204,residual_2,478,0,0.0009,0.754811,-0.407005,0.292663,0.000270518,0.345875,0.331218,0.0224527,0.0231292,0.044235,0.0118182,0.0118247
204,residual_1,63,0,0.0009,0.286534,1.92866,-2.08046,0.000405351,0.382752,0.346528,0.0228932,0.0234989,0.0456947,0.0146982,0.0143343
53,residual_13,35,0,0.0009,1.22444,-3.84685,-0.918512,-1.13214,0.406413,0.143648,0.0276544,0.0344051,0.060732,0.030314,0.0221989
189,residual_11,47,0,0.0009,0.107506,1.89405,0.84535,1.29591,0.353176,0.297843,0.0229941,0.0237745,0.0455082,0.0144641,0.0136752
189,residual_10,107,0,0.0009,0.554737,2.13185,-0.526464,1.564,1.49396,0.262408,0.0226615,0.0248681,0.0442092,0.0186788,0.0121949
194,residual_9,50,0,0.0009,0.0241603,4.60307,-0.665798,1.55478,0.564189,0.476312,0.0240468,0.0244538,0.0453394,0.0158517,0.0188749
74,residual_12,744,0,0.0009,1.00063,-2.86672,-0.0999479,-0.775407,1.98021,0.932214,0.0228373,0.0235141,0.0447848,0.0131881,0.0122832
204,residual_4,115,0,0.0009,0.0839214,0.000847299,-1.96113,-0.0336129,0.409498,0.357467,0.0231674,0.0237043,0.0448451,0.0156496,0.0145089
205,residual_3,430,0,0.0009,0.806757,-1.02903,2.35407,1.55012,0.343788,0.308762,0.0224925,0.0231524,0.044259,0.0118686,0.0118412
205,residual_2,459,0,0.0009,0.837422,-0.409513,0.291562,0.0020983,0.342854,0.329182,0.0224495,0.0231112,0.0442364,0.0118207,0.011827
205,residual_1,67,0,0.0009,0.231567,1.93052,-2.08291,-0.00118685,0.384742,0.347352,0.0229345,0.0235156,0.0456772,0.0148908,0.0144986
54,residual_13,35,0,0.0009,0.811079,-3.83603,-0.92693,-1.11078,0.437939,0.146264,0.0264158,0.0313836,0.0590893,0.02835,0.0224282
190,residual_11,43,0,0.0009,0.13373,1.89058,0.844984,1.2987,0.353968,0.29694,0.0229838,0.0237971,0.0455492,0.0146077,0.0133992
190,residual_10,100,0,0.0009,0.479618,2.13048,-0.525348,1.56317,1.49418,0.260724,0.0226728,0.0252557,0.0442091,0.0192917,0.012203
195,residual_9,49,0,0.0009,0.0259018,4.60211,-0.667536,1.55447,0.564905,0.476187,0.0241857,0.0245437,0.0453553,0.0161229,0.0194852
75,residual_12,769,0,0.0009,0.78795,-2.86888,-0.0956345,-0.774962,1.99001,0.928197,0.0228255,0.02352,0.0447256,0.0135978,0.0121395
205,residual_4,118,0,0.0009,0.101334,8.25008e-05,-1.9596,-0.0322518,0.409734,0.35368,0.0230593,0.0236334,0.0448179,0.0151122,0.0140602
206,residual_3,420,0,0.0009,0.693649,-1.03026,2.35645,1.55071,0.347607,0.311142,0.0224782,0.0231296,0.04426,0.0118741,0.0118435
206,residual_2,454,0,0.0009,0.867322,-0.410218,0.289862,0.00343883,0.34439,0.326601,0.0224479,0.0230981,0.0442385,0.0118278,0.0118273
206,residual_1,67,0,0.0009,0.217985,1.93244,-2.08498,-0.0014362,0.388125,0.347936,0.0229868,0.0235297,0.0456626,0.0151471,0.0146138
55,residual_13,35,0,0.0009,0.787911,-3.82774,-0.949203,-1.08943,0.488648,0.145778,0.0256442,0.0290986,0.0576348,0.024972,0.0227451
191,residual_11,43,0,0.0009,0.2748,1.88376,0.845216,1.29823,0.354072,0.290728,0.0229794,0.0237615,0.0455885,0.014512,0.0132302
191,residual_10,98,0,0.0009,0.444824,2.1294,-0.524692,1.56244,1.495,0.259528,0.0226812,0.0255478,0.0442096,0.0198211,0.0122202
196,residual_9,51,0,0.0009,0.0482754,4.60131,-0.668647,1.55561,0.568051,0.47607,0.024317,0.0245743,0.0453594,0.0162534,0.0200773
76,residual_12,816,0,0.0009,0.626156,-2.86928,-0.0945436,-0.774636,1.99721,0.926982,0.0228539,0.0235474,0.0446721,0.0142578,0.0120361
206,residual_4,119,0,0.0009,0.093207,-0.000635796,-1.95803,-0.0308658,0.410461,0.349852,0.0229854,0.0235784,0.0447937,0.0147228,0.0137
207,residual_3,403,0,0.0009,0.547758,-1.0319,2.35614,1.55118,0.347448,0.312799,0.0224687,0.0231144,0.0442619,0.0118852,0.0118459
207,residual_2,444,0,0.0009,0.768768,-0.408452,0.288189,0.00297708,0.35045,0.323202,0.0224478,0.0230891,0.0442407,0.011838,0.0118284
207,residual_1,66,0,0.0009,0.17731,1.93273,-2.08636,-0.00177983,0.388923,0.349751,0.0231263,0.023559,0.0456407,0.0158122,0.014803
56,residual_13,33,0,0.0009,0.471101,-3.81846,-0.955072,-1.08872,0.526074,0.114748,0.0248295,0.0275456,0.056391,0.0226027,0.0203089
192,residual_11,39,0,0.0009,0.547857,1.87651,0.84636,1.29797,0.346909,0.281504,0.0230008,0.0237028,0.0456643,0.014267,0.0132575
192,residual_10,93,0,0.0009,0.321337,2.12631,-0.523089,1.56155,1.49525,0.254405,0.0226928,0.0258337,0.0442109,0.0204002,0.0122619
197,residual_9,53,0,0.0009,0.0415668,4.60081,-0.669994,1.55639,0.571455,0.475994,0.0244452,0.0245854,0.0453598,0.0164653,0.0206529
77,residual_12,870,0,0.0009,0.573691,-2.87173,-0.0930364,-0.774492,2.00143,0.928297,0.0230058,0.0235903,0.0446243,0.0150147,0.0119619
207,residual_4,126,0,0.0009,0.100155,-0.000250783,-1.95668,-0.029278,0.413212,0.346933,0.0230128,0.0235319,0.0447682,0.0142137,0.0134094
208,residual_3,400,0,0.0009,0.559288,-1.03401,2.35449,1.55231,0.345399,0.314664,0.022462,0.0231043,0.0442636,0.0118968,0.0118472
208,residual_2,429,0,0.0009,0.753592,-0.407252,0.28598,0.00446905,0.350818,0.323452,0.0224471,0.0230831,0.0442424,0.0118427,0.0118329
208,residual_1,63,0,0.0009,0.160163,1.93474,-2.08649,-0.000340938,0.392159,0.349491,0.0231579,0.0236339,0.0456361,0.0159796,0.0151756
57,residual_13,35,0,0.0009,0.626167,-3.82107,-0.959418,-1.08124,0.530028,0.107674,0.0242469,0.0263442,0.0552281,0.0219389,0.0186475
193,residual_11,38,0,0.0009,0.612279,1.87868,0.84715,1.29603,0.339426,0.281316,0.0231661,0.0236647,0.0457824,0.0140469,0.0141037
193,residual_10,91,0,0.0009,0.409202,2.12055,-0.523753,1.56121,1.49541,0.248484,0.0227022,0.0258477,0.0442123,0.0208657,0.012296
198,residual_9,50,0,0.0009,0.0320986,4.59923,-0.67015,1.55671,0.571336,0.475792,0.0245761,0.0246005,0.0453718,0.0165169,0.0212132
78,residual_12,924,0,0.0009,0.719607,-2.87371,-0.0944001,-0.774591,2.00623,0.931566,0.0231259,0.0236507,0.0445804,0.0156977,0.0119084
208,residual_4,126,0,0.0009,0.115295,-0.00287189,-1.95588,-0.0275935,0.411222,0.345028,0.0230463,0.0234981,0.0447481,0.0139198,0.0131929
209,residual_3,398,0,0.0009,0.669061,-1.03626,2.3535,1.55464,0.342637,0.317684,0.0224577,0.0230971,0.0442647,0.0119054,0.0118511
209,residual_2,418,0,0.0009,0.674534,-0.408351,0.284238,0.0061086,0.34871,0.324624,0.0224473,0.0230792,0.0442438,0.0118491,0.011839
209,residual_1,59,0,0.0009,0.138482,1.93426,-2.08691,4.47904e-05,0.392208,0.351022,0.0233126,0.0236632,0.0456473,0.0166886,0.0152864
58,residual_13,39,0,0.0009,0.567854,-3.82708,-0.96443,-1.0756,0.529887,0.102602,0.0239284,0.0256509,0.0542899,0.0220644,0.0175627
194,residual_11,39,0,0.0009,0.466022,1.88298,0.847506,1.29561,0.336269,0.283666,0.0232565,0.0236494,0.0458904,0.0139134,0.0145687
194,residual_10,88,0,0.0009,0.376275,2.11399,-0.52525,1.56112,1.49784,0.239929,0.0227114,0.025714,0.0442141,0.0208678,0.012333
199,residual_9,50,0,0.0009,0.0250843,4.59804,-0.671802,1.55632,0.572141,0.475619,0.0247072,0.024632,0.0453832,0.0166977,0.0217492
79,residual_12,960,0,0.0009,0.880531,-2.8769,-0.0944167,-0.774838,2.00991,0.936394,0.023232,0.0236904,0.0445407,0.0163849,0.0118701
209,residual_4,126,0,0.0009,0.101942,-0.00461699,-1.95518,-0.0257713,0.407335,0.344125,0.0230628,0.0234688,0.0447302,0.013657,0.0129974
210,residual_3,389,0,0.0009,0.599588,-1.0371,2.35249,1.55811,0.338455,0.321169,0.0224551,0.0230915,0.044266,0.0119077,0.0118565
210,residual_2,405,0,0.0009,0.594961,-0.408079,0.283419,0.00637769,0.346771,0.325646,0.0224474,0.0230769,0.0442457,0.0118536,0.0118434
210,residual_1,54,0,0.0009,0.115713,1.93461,-2.08655,0.00229809,0.392171,0.351064,0.0234672,0.0237338,0.0456576,0.0173707,0.015616
59,residual_13,38,0,0.0009,0.639429,-3.83673,-0.966665,-1.05659,0.528723,0.104878,0.0238744,0.0253783,0.0535935,0.0223328,0.0180714
195,residual_11,39,0,0.0009,0.239586,1.88482,0.850207,1.29701,0.341357,0.283574,0.023402,0.0236787,0.0459321,0.0140295,0.015344
195,residual_10,84,0,0.0009,0.427196,2.10977,-0.527654,1.5601,1.49751,0.233227,0.0227281,0.0257368,0.0442155,0.0214118,0.0124088
200,residual_9,46,0,0.0009,0.0319963,4.59739,-0.674266,1.557,0.572103,0.475542,0.0248337,0.0248249,0.0453962,0.0170766,0.0222826
80,residual_12,1026,0,0.0009,0.851647,-2.8802,-0.0955472,-0.774885,2.01381,0.941156,0.0233128,0.0237253,0.0445042,0.0169831,0.0118427
210,residual_4,128,0,0.0009,0.156729,-0.00711714,-1.95573,-0.024235,0.404062,0.345167,0.0230651,0.0234492,0.044714,0.0134053,0.0128616
211,residual_3,384,0,0.0009,0.624543,-1.03898,2.3519,1.5615,0.337088,0.323311,0.0224536,0.0230873,0.0442673,0.0119104,0.0118628
211,residual_2,407,0,0.0009,0.538736,-0.40754,0.282344,0.00454502,0.349851,0.325464,0.0224482,0.023075,0.0442481,0.0118619,0.011847
211,residual_1,51,0,0.0009,0.115873,1.93481,-2.08568,0.00358656,0.39214,0.352082,0.023621,0.0237515,0.0456864,0.0180284,0.0156772
60,residual_13,39,0,0.0009,0.67903,-3.84424,-0.97118,-1.04883,0.528684,0.106878,0.0244571,0.0267938,0.0529186,0.0228851,0.0186018
196,residual_11,37,0,0.0009,0.126989,1.88371,0.851641,1.30081,0.344902,0.283721,0.0235401,0.0237796,0.0459492,0.0143983,0.0160845
196,residual_10,81,0,0.0009,0.273449,2.10842,-0.53076,1.55855,1.49706,0.23347,0.0227697,0.0257664,0.0442168,0.0219441,0.0126567
201,residual_9,44,0,0.0009,0.0503265,4.59644,-0.677107,1.55768,0.574898,0.475415,0.0249627,0.0249206,0.0454233,0.0172771,0.0228038
81,residual_12,1076,0,0.0009,0.654604,-2.88303,-0.0953637,-0.774917,2.01582,0.946748,0.023396,0.0238,0.0444719,0.017626,0.0118241
211,residual_4,128,0,0.0009,0.137589,-0.00959077,-1.95509,-0.0223151,0.399607,0.343979,0.023067,0.0234332,0.0446993,0.0132202,0.0127508
212,residual_3,375,0,0.0009,0.50758,-1.04028,2.35529,1.56164,0.343376,0.323046,0.0224526,0.0230863,0.0442684,0.0119238,0.0118667
212,residual_2,394,0,0.0009,0.444039,-0.407742,0.281795,0.00339844,0.349784,0.325272,0.0224497,0.0230742,0.0442502,0.0118732,0.0118512
212,residual_1,49,0,0.0009,0.0939549,1.93612,-2.08529,0.00544739,0.394888,0.354175,0.0235752,0.0237737,0.0457114,0.0178852,0.0157438
61,residual_13,32,0,0.0009,0.642385,-3.85102,-0.975292,-1.04385,0.528664,0.108572,0.0250718,0.028146,0.052479,0.0234246,0.0191417
197,residual_11,34,0,0.0009,0.0701942,1.88158,0.852291,1.30239,0.347856,0.283984,0.0236804,0.0238836,0.045996,0.0147735,0.0167936
197,residual_10,79,0,0.0009,0.166841,2.10635,-0.531108,1.55773,1.49704,0.23271,0.022803,0.025764,0.0442179,0.0222079,0.0128583
202,residual_9,50,0,0.0009,0.0290744,4.59601,-0.67613,1.5578,0.575414,0.475354,0.0250848,0.0248569,0.0454339,0.0172591,0.0233133
82,residual_12,1155,0,0.0009,0.570627,-2.88379,-0.0974764,-0.774864,2.01578,0.950473,0.0234639,0.0238645,0.0444426,0.0182469,0.0118109
212,residual_4,123,0,0.0009,0.16912,-0.0115654,-1.95293,-0.0219736,0.397605,0.339565,0.023065,0.023427,0.0446905,0.0130609,0.0127058
213,residual_3,376,0,0.0009,0.517387,-1.04139,2.35817,1.56143,0.348859,0.324455,0.0224515,0.0230847,0.0442697,0.0119272,0.0118679
213,residual_2,380,0,0.0009,0.601129,-0.409681,0.280839,0.00501823,0.346881,0.326717,0.0224507,0.0230742,0.0442532,0.0118826,0.0118583
213,residual_1,45,0,0.0009,0.111339,1.9356,-2.08373,0.00601075,0.395001,0.35479,0.0237201,0.0238384,0.0457286,0.0185028,0.0160354
62,residual_13,35,0,0.0009,0.79081,-3.85679,-0.978729,-1.04827,0.528735,0.109987,0.0257031,0.0294646,0.0521245,0.0239519,0.0196857
198,residual_11,28,0,0.0009,0.0716201,1.87902,0.851507,1.30367,0.349635,0.285626,0.0238063,0.0240838,0.0460717,0.0153393,0.0172678
198,residual_10,76,0,0.0009,0.158168,2.10425,-0.530294,1.5573,1.49783,0.232596,0.0228248,0.0258924,0.0442188,0.0224948,0.0129885
203,residual_9,52,0,0.0009,0.02459,4.59459,-0.676953,1.55784,0.576299,0.475174,0.0252011,0.0248401,0.0454326,0.0172817,0.023812
83,residual_12,1213,0,0.0009,0.656578,-2.88677,-0.0977829,-0.77482,2.01933,0.953159,0.023537,0.0239206,0.0444169,0.0188415,0.0118015
213,residual_4,124,0,0.0009,0.198448,-0.0144797,-1.95144,-0.0199017,0.394305,0.336381,0.023068,0.0234172,0.0446844,0.0129717,0.0126327
214,residual_3,370,0,0.0009,0.500169,-1.0415,2.35981,1.56182,0.350557,0.328753,0.0224528,0.0230831,0.0442706,0.0119259,0.0118804
214,residual_2,369,0,0.0009,0.654749,-0.411502,0.27981,0.0066849,0.344793,0.328357,0.0224533,0.0230744,0.0442555,0.0118989,0.0118657
214,residual_1,40,0,0.0009,0.0565208,1.93522,-2.08147,0.00614095,0.39504,0.355179,0.0238718,0.0239999,0.0457396,0.0191224,0.016722
63,residual_13,31,0,0.0009,0.552111,-3.86132,-0.981359,-1.05268,0.528799,0.111033,0.0263149,0.0307424,0.0520863,0.024468,0.0202272
199,residual_11,20,0,0.0009,0.150152,1.87929,0.848708,1.30602,0.350688,0.293808,0.023849,0.0243277,0.0461601,0.015959,0.0173132
199,residual_10,70,0,0.0009,0.132144,2.10208,-0.529904,1.55704,1.49929,0.23383,0.0228485,0.0257977,0.0442197,0.0222565,0.0131234
204,residual_9,50,0,0.0009,0.0296163,4.59333,-0.674645,1.55761,0.577602,0.474935,0.0253237,0.0247943,0.0454412,0.0172261,0.0242985
84,residual_12,1265,0,0.0009,0.473524,-2.88918,-0.0970816,-0.774688,2.02169,0.954846,0.023602,0.0239713,0.0443943,0.0194278,0.011795
214,residual_4,126,0,0.0009,0.220681,-0.0181145,-1.94999,-0.0191443,0.390235,0.332915,0.0230665,0.0234087,0.0446787,0.0128838,0.0125726
215,residual_3,364,0,0.0009,0.427757,-1.04271,2.35961,1.5626,0.349766,0.332188,0.0224538,0.0230816,0.0442717,0.0119262,0.0118903
215,residual_2,346,0,0.0009,0.547556,-0.409108,0.278686,0.00646086,0.350991,0.328101,0.0224591,0.0230747,0.0442581,0.0119379,0.0118729
215,residual_1,37,0,0.0009,0.0465043,1.93436,-2.0806,0.00690468,0.395053,0.357078,0.0240269,0.0240289,0.0457717,0.019718,0.0168859
64,residual_13,34,0,0.0009,0.490167,-3.86659,-0.984503,-1.04523,0.528743,0.112084,0.0269229,0.0319511,0.0519844,0.0249734,0.0207631
200,residual_11,23,0,0.0009,0.323874,1.88706,0.845459,1.30793,0.352319,0.313756,0.0236526,0.0244662,0.0462307,0.0163789,0.0165603
200,residual_10,66,0,0.0009,0.155828,2.10174,-0.529471,1.55708,1.50069,0.237481,0.0229718,0.0257743,0.0442206,0.02228,0.0132108
205,residual_9,46,0,0.0009,0.0310097,4.59199,-0.676568,1.55728,0.578618,0.474775,0.0254456,0.0248771,0.0454592,0.017415,0.0247776
85,residual_12,1339,0,0.0009,0.583154,-2.8885,-0.095755,-0.774427,2.02166,0.951563,0.0236844,0.0240273,0.0443732,0.0200227,0.0117894
215,residual_4,125,0,0.0009,0.239662,-0.0208473,-1.94788,-0.0172111,0.385997,0.328431,0.0230645,0.0234038,0.0446788,0.0128143,0.0125359
216,residual_3,355,0,0.0009,0.428601,-1.04403,2.35844,1.56315,0.346968,0.335474,0.0224543,0.0230812,0.0442736,0.0119253,0.0118971
216,residual_2,347,0,0.0009,0.482497,-0.407101,0.278062,0.00543802,0.356333,0.327498,0.0224596,0.0230749,0.0442612,0.011944,0.0118768
216,residual_1,35,0,0.0009,0.0252553,1.93383,-2.08006,0.00710041,0.395096,0.35972,0.0241866,0.0239956,0.0458323,0.0203025,0.0168017
65,residual_13,32,0,0.0009,0.481609,-3.87203,-0.987911,-1.03205,0.528631,0.113084,0.0275497,0.0330848,0.0519326,0.0254689,0.0212925
201,residual_11,30,0,0.0009,0.174058,1.89043,0.844265,1.31211,0.355353,0.325091,0.0235456,0.0242868,0.0462155,0.0163202,0.0156532
201,residual_10,64,0,0.0009,0.113156,2.09992,-0.528834,1.55729,1.50204,0.23808,0.0230763,0.0258827,0.0442215,0.0225776,0.0133785
206,residual_9,49,0,0.0009,0.0263582,4.591,-0.675315,1.55728,0.581864,0.474638,0.025566,0.0248306,0.045472,0.0173467,0.0252478
86,residual_12,1413,0,0.0009,0.717058,-2.88972,-0.0929645,-0.773952,2.02482,0.947177,0.0237348,0.0240558,0.0443528,0.0204874,0.0117838
216,residual_4,126,0,0.0009,0.250194,-0.0236312,-1.94507,-0.015791,0.382498,0.322345,0.023062,0.0233975,0.0446803,0.0127533,0.0124917
217,residual_3,353,0,0.0009,0.486639,-1.04603,2.35768,1.56398,0.345461,0.337371,0.0224545,0.0230809,0.0442745,0.011925,0.0119011
217,residual_2,345,0,0.0009,0.521442,-0.407292,0.276506,0.00458393,0.356894,0.329364,0.0224589,0.023076,0.0442639,0.01194,0.0118846
217,residual_1,34,0,0.0009,0.0135936,1.93385,-2.0799,0.00679616,0.395433,0.36184,0.0240953,0.0240292,0.0458957,0.0200396,0.0169437
66,residual_13,32,0,0.0009,0.277337,-3.87478,-0.989629,-1.03211,0.528636,0.113618,0.0281612,0.0341871,0.0518079,0.0259549,0.0218144
202,residual_11,31,0,0.0009,0.05762,1.88837,0.844211,1.31476,0.358227,0.325917,0.0234747,0.024116,0.0462518,0.0160942,0.0150185
202,residual_10,57,0,0.0009,0.133774,2.09795,-0.529095,1.55766,1.5037,0.237445,0.0231446,0.0260823,0.0442227,0.0225863,0.0134554
207,residual_9,46,0,0.0009,0.0268032,4.58973,-0.675959,1.55745,0.583191,0.474479,0.0256855,0.0249139,0.0454893,0.0175289,0.0257093
87,residual_12,1485,0,0.0009,0.675544,-2.89065,-0.0905285,-0.773421,2.02616,0.943742,0.0238039,0.0241003,0.0443336,0.0210456,0.0117793
217,residual_4,125,0,0.0009,0.274644,-0.0264857,-1.94301,-0.0146218,0.378164,0.317917,0.0230591,0.023394,0.044682,0.0127007,0.0124633
218,residual_3,344,0,0.0009,0.461034,-1.04792,2.35821,1.56475,0.346903,0.337399,0.0224547,0.0230815,0.0442753,0.0119326,0.0119032
218,residual_2,334,0,0.0009,0.485602,-0.409013,0.27534,0.00525389,0.352994,0.332546,0.022459,0.0230776,0.0442668,0.0119437,0.0118952
218,residual_1,34,0,0.0009,0.0140935,1.93379,-2.0798,0.00629779,0.395407,0.364652,0.0242466,0.0240186,0.0459272,0.0206129,0.0169307
67,residual_13,31,0,0.0009,0.229533,-3.87764,-0.991456,-1.02578,0.528584,0.11411,0.0287703,0.0352397,0.0517753,0.0264319,0.0223282
203,residual_11,32,0,0.0009,0.125765,1.88371,0.843794,1.31596,0.357718,0.321925,0.0234339,0.0239637,0.046307,0.0157676,0.0145998
203,residual_10,53,0,0.0009,0.14003,2.0967,-0.528915,1.55796,1.50498,0.238371,0.0231963,0.0263191,0.0442246,0.0227794,0.0135266
208,residual_9,44,0,0.0009,0.021873,4.58926,-0.675071,1.55554,0.582612,0.474419,0.0258023,0.0251866,0.0454958,0.0178301,0.0261628
88,residual_12,1551,0,0.0009,0.538648,-2.88884,-0.091499,-0.773035,2.0263,0.941885,0.0238523,0.0241265,0.0443176,0.021573,0.0117754
218,residual_4,120,0,0.0009,0.280495,-0.0297676,-1.94003,-0.0128099,0.372998,0.31159,0.0231918,0.0233901,0.0446879,0.0126764,0.0124529
219,residual_3,339,0,0.0009,0.421639,-1.04895,2.36096,1.56342,0.352421,0.337182,0.0224541,0.0230833,0.0442754,0.011949,0.0119022
219,residual_2,325,0,0.0009,0.462851,-0.413498,0.274895,0.00575064,0.345388,0.334871,0.0224608,0.0230789,0.0442699,0.0119559,0.0119046
219,residual_1,33,0,0.0009,0.0131168,1.93376,-2.08051,0.00587901,0.395286,0.367747,0.0242302,0.0240251,0.0459862,0.0205729,0.0169144
68,residual_13,32,0,0.0009,0.312963,-3.88124,-0.993807,-1.01953,0.528534,0.114723,0.0293773,0.0362466,0.0517182,0.0269006,0.0228337
204,residual_11,33,0,0.0009,0.286689,1.87585,0.842426,1.31567,0.356081,0.314691,0.0234069,0.0238203,0.0463811,0.0154463,0.0142925
204,residual_10,53,0,0.0009,0.309017,2.09933,-0.527926,1.55866,1.50502,0.247605,0.0232081,0.0268599,0.0442263,0.0232773,0.0134326
209,residual_9,42,0,0.0009,0.0209653,4.58745,-0.676723,1.55582,0.582053,0.474198,0.0259267,0.0252759,0.0455332,0.0181068,0.0266087
89,residual_12,1628,0,0.0009,0.585165,-2.89074,-0.0915546,-0.772623,2.03214,0.941675,0.0239443,0.0241982,0.0443011,0.0220823,0.0117725
219,residual_4,123,0,0.0009,0.338276,-0.0330242,-1.93817,-0.0094318,0.369183,0.307554,0.0232865,0.023386,0.0446952,0.0126513,0.0124336
220,residual_3,344,0,0.0009,0.468653,-1.04804,2.36265,1.56321,0.354309,0.342681,0.0224547,0.0230841,0.0442754,0.0119556,0.0119084
220,residual_2,322,0,0.0009,0.521804,-0.416461,0.274428,0.00649345,0.342971,0.335459,0.0224653,0.0230798,0.0442717,0.0119863,0.0119133
220,residual_1,33,0,0.0009,0.0137158,1.9337,-2.07962,0.00499866,0.397715,0.367864,0.0239884,0.0241969,0.0460202,0.0197423,0.0175843
69,residual_13,32,0,0.0009,0.253591,-3.884,-0.99569,-1.00912,0.52845,0.115152,0.0300318,0.0372111,0.0517005,0.0273612,0.0233321
205,residual_11,33,0,0.0009,0.391882,1.86729,0.842167,1.31758,0.351685,0.303982,0.0234022,0.023709,0.0464855,0.0151397,0.0141284
205,residual_10,51,0,0.0009,0.224851,2.10164,-0.528154,1.55962,1.50561,0.25442,0.0232254,0.0273108,0.0442286,0.0237343,0.0134188
210,residual_9,39,0,0.0009,0.00774295,4.58677,-0.675769,1.55493,0.582279,0.47411,0.0260505,0.0255566,0.0455719,0.018649,0.0270469
90,residual_12,1597,0,0.0009,0.576245,-2.8921,-0.0923243,-0.772259,2.03396,0.943081,0.0240976,0.0241905,0.0442882,0.0225922,0.0117704
220,residual_4,121,0,0.0009,0.348781,-0.0334222,-1.93614,-0.00808264,0.369572,0.302092,0.0233609,0.0233842,0.0447046,0.0126764,0.0124331
221,residual_3,342,0,0.0009,0.405798,-1.04794,2.3642,1.56276,0.356228,0.345821,0.0226952,0.0230828,0.0442757,0.0119494,0.011909
221,residual_2,318,0,0.0009,0.501461,-0.411885,0.274242,0.00640213,0.353026,0.334163,0.0224693,0.0230802,0.0442745,0.0120121,0.0119162
221,residual_1,34,0,0.0009,0.009029,1.93414,-2.07985,0.00424513,0.399492,0.369412,0.0238149,0.024244,0.0460669,0.0191148,0.0177865
70,residual_13,32,0,0.0009,0.106141,-3.88545,-0.996673,-1.00932,0.528451,0.115406,0.030671,0.0381621,0.0518304,0.0278142,0.0238223
206,residual_11,33,0,0.0009,0.239705,1.85929,0.844637,1.31736,0.347582,0.295658,0.0235155,0.0237306,0.0467984,0.0152655,0.0143969
206,residual_10,54,0,0.0009,0.113637,2.10375,-0.526162,1.56031,1.50586,0.259395,0.0232814,0.0279351,0.044241,0.0242205,0.0136004
211,residual_9,47,0,0.0009,0.0143569,4.58597,-0.672824,1.55481,0.582573,0.474001,0.026279,0.0258695,0.0457596,0.0190707,0.0274801
91,residual_12,1672,0,0.0009,0.550336,-2.89521,-0.092107,-0.771625,2.0337,0.945268,0.024225,0.0242392,0.0442766,0.0230924,0.0117703
221,residual_4,114,0,0.0009,0.185153,-0.031969,-1.93492,-0.00717328,0.372097,0.298694,0.0234944,0.0234069,0.0447675,0.0131236,0.0125708
222,residual_3,341,0,0.0009,0.258726,-1.04941,2.36509,1.56295,0.356408,0.347838,0.0228715,0.0230858,0.044283,0.0119703,0.0119372
222,residual_2,314,0,0.0009,0.330047,-0.409543,0.274336,0.00651366,0.359388,0.33374,0.0224757,0.0230841,0.0442835,0.0120529,0.0119412
222,residual_1,37,0,0.0009,0.0162346,1.93568,-2.07792,0.00348456,0.400288,0.370598,0.0237483,0.0244337,0.0462823,0.0187243,0.0181563
71,residual_13,32,0,0.0009,0.188344,-3.88823,-0.998617,-1.00141,0.528391,0.115839,0.0312887,0.0390593,0.052031,0.0282599,0.0243035
207,residual_11,34,0,0.0009,0.296438,1.86467,0.840129,1.31744,0.344902,0.296668,0.0237029,0.0237937,0.047069,0.0155007,0.0150631
207,residual_10,54,0,0.0009,0.110231,2.10156,-0.533575,1.56041,1.50818,0.263012,0.023336,0.027605,0.044253,0.023962,0.0137926
212,residual_9,40,0,0.0009,0.0212867,4.58258,-0.674915,1.55368,0.583204,0.473584,0.0265032,0.0262192,0.046041,0.0195418,0.0279065
92,residual_12,1726,0,0.0009,0.740925,-2.89189,-0.0976439,-0.771368,2.04776,0.945259,0.024016,0.0239116,0.0442653,0.0221643,0.0117691
222,residual_4,114,0,0.0009,0.258218,-0.0365275,-1.93773,-0.0072271,0.374608,0.294542,0.0235866,0.0234246,0.0448464,0.0134415,0.0126598
223,residual_3,339,0,0.0009,0.253716,-1.04865,2.36289,1.56234,0.356359,0.347472,0.0229973,0.023088,0.0442898,0.0119847,0.0119519
223,residual_2,292,0,0.0009,0.376303,-0.409334,0.270419,0.0041864,0.362499,0.33347,0.0224775,0.0230881,0.0442916,0.0120665,0.011965
223,residual_1,38,0,0.0009,0.13003,1.92972,-2.0875,0.00079412,0.400101,0.373725,0.0238892,0.024343,0.0464979,0.0190203,0.0178942
72,residual_13,103,0,0.0009,0.296143,-3.85367,-0.99089,-0.989793,0.533606,0.151138,0.029683,0.0359731,0.0518862,0.0282292,0.0229453
208,residual_11,33,0,0.0009,0.00753093,1.86537,0.841318,1.31711,0.344917,0.296614,0.0251975,0.0253665,0.048063,0.016254,0.0158487
208,residual_10,59,0,0.0009,0.00520153,2.10273,-0.533255,1.56067,1.50824,0.263294,0.0244474,0.0292753,0.0446492,0.0244741,0.0146106
213,residual_9,8,0,0.0009,0.00264067,4.58306,-0.674768,1.55356,0.583243,0.473227,0.0281661,0.0280227,0.0470918,0.0201681,0.0282603
93,residual_12,1778,0,0.0009,0.351519,-2.89662,-0.0874314,-0.767657,2.04595,0.93838,0.0243295,0.0241739,0.0442595,0.0226704,0.0118301
223,residual_4,115,0,0.0009,0.0275998,-0.0320009,-1.93239,-0.00479458,0.374782,0.295148,0.0248757,0.0240183,0.0457068,0.0142988,0.0135007
224,residual_3,346,0,0.0009,0.0383138,-1.05591,2.36748,1.56786,0.352707,0.348762,0.0232496,0.0232855,0.0446284,0.0126337,0.0125895
224,residual_2,296,0,0.0009,0.0243464,-0.406464,0.275611,0.00333718,0.360314,0.335495,0.0226643,0.0233504,0.0446511,0.0126667,0.0126172
224,residual_1,32,0,0.0009,0.00275388,1.93045,-2.08613,0.000878384,0.400051,0.373944,0.0255938,0.0259387,0.0474983,0.0196541,0.0185663
73,residual_13,109,0,0.0009,0.198619,-3.83467,-0.989241,-0.968875,0.551184,0.178975,0.0287204,0.033778,0.0518443,0.0280568,0.0217952
209,residual_11,32,0,0.0009,0.00492868,1.86619,0.84217,1.31702,0.344922,0.296611,0.0265061,0.0268458,0.0490329,0.0169777,0.0165937
209,residual_10,65,0,0.0009,0.00441865,2.10362,-0.532835,1.56091,1.50832,0.263667,0.0253622,0.030808,0.0450391,0.0249739,0.015365
214,residual_9,43,0,0.0009,0.00102063,4.58333,-0.674023,1.5538,0.583421,0.473261,0.0295196,0.0296061,0.0480635,0.0207666,0.0286926
94,residual_12,1843,0,0.0009,0.33615,-2.90197,-0.0793266,-0.765595,2.04443,0.928401,0.0246012,0.0243979,0.0442539,0.0231661,0.0118691
224,residual_4,107,0,0.0009,0.00490347,-0.0296591,-1.9318,-0.00402748,0.374603,0.295572,0.0257373,0.0246586,0.0465446,0.0151002,0.0143118
225,residual_3,332,0,0.0009,0.0146946,-1.05894,2.36888,1.56755,0.352255,0.347937,0.0234508,0.0234844,0.0449404,0.0133519,0.0131385
225,residual_2,223,0,0.0009,0.013251,-0.406158,0.276873,0.00178596,0.35877,0.335943,0.0228734,0.0236369,0.045065,0.0133244,0.0132654
225,residual_1,32,0,0.0009,0.00204612,1.93112,-2.0848,0.00089194,0.399971,0.374151,0.0271036,0.0274149,0.0484733,0.0202677,0.0192147
74,residual_13,93,0,0.0009,0.219588,-3.82331,-0.996118,-0.947599,0.570181,0.198603,0.0275565,0.0311892,0.0514134,0.0274098,0.0196818
210,residual_11,29,0,0.0009,0.00472724,1.86667,0.840994,1.31694,0.345106,0.296499,0.0267708,0.0277706,0.0498262,0.017655,0.0172788
210,residual_10,61,0,0.0009,0.012591,2.10144,-0.530957,1.5607,1.50736,0.26416,0.025366,0.0316307,0.0451205,0.0253183,0.0159003
215,residual_9,39,0,0.0009,0.000878167,4.582,-0.67455,1.55332,0.583487,0.473088,0.0300287,0.0308832,0.0488139,0.0213264,0.0291044
95,residual_12,1942,0,0.0009,0.427912,-2.90307,-0.0797049,-0.764749,2.04461,0.92648,0.0252184,0.0249356,0.0442462,0.0236743,0.0118575
225,residual_4,104,0,0.0009,0.0122284,-0.0300026,-1.93482,-0.0021922,0.374715,0.297288,0.0256721,0.0246929,0.0469505,0.0157807,0.014891
226,residual_3,317,0,0.0009,0.0358454,-1.05688,2.37073,1.56767,0.354688,0.350648,0.0234863,0.0235015,0.044982,0.0137416,0.0132732
226,residual_2,170,0,0.0009,0.036831,-0.408795,0.276267,0.00301221,0.350756,0.335859,0.0229049,0.0236034,0.0451974,0.013693,0.0134457
226,residual_1,45,0,0.0009,0.00790108,1.93113,-2.08661,0.0011428,0.399976,0.373939,0.0274238,0.0278144,0.049218,0.0208337,0.0197423
75,residual_13,82,0,0.0009,0.734603,-3.81947,-0.999738,-0.929502,0.583165,0.211038,0.0267812,0.0288522,0.0507172,0.0265186,0.0170197
211,residual_11,28,0,0.0009,0.173804,1.86452,0.84996,1.32011,0.348315,0.297064,0.0260741,0.0267146,0.0496323,0.0175278,0.0179121
211,residual_10,63,0,0.0009,0.256207,2.10174,-0.516109,1.56007,1.49931,0.264141,0.0252388,0.0293485,0.0450386,0.0236828,0.0150236
216,residual_9,42,0,0.0009,0.0495573,4.58849,-0.667026,1.55302,0.585191,0.461479,0.0287372,0.0298437,0.0485658,0.0217198,0.025915
96,residual_12,1992,0,0.0009,0.695924,-2.90493,-0.0805574,-0.764377,2.04451,0.92708,0.0250288,0.0247535,0.0442392,0.0241358,0.0118315
226,residual_4,97,0,0.0009,0.262805,-0.0247551,-1.93581,0.000901173,0.376191,0.305446,0.0251911,0.0243328,0.0467652,0.0157822,0.0143469
227,residual_3,313,0,0.0009,0.413026,-1.05719,2.37518,1.56812,0.358615,0.353619,0.0234378,0.0233892,0.0449165,0.0133149,0.0129226
227,residual_2,167,0,0.0009,0.501742,-0.4143,0.28013,0.00336016,0.334393,0.334372,0.0227826,0.0234585,0.0451264,0.0132913,0.0130628
227,residual_1,36,0,0.0009,0.151615,1.93179,-2.07991,-0.00144753,0.399846,0.377329,0.0265394,0.0269393,0.0489779,0.0213552,0.0201561
76,residual_13,84,0,0.0009,0.616667,-3.81727,-1.00446,-0.911406,0.586484,0.214044,0.026344,0.0274404,0.0500997,0.0264271,0.0154287
212,residual_11,23,0,0.0009,0.0970265,1.86427,0.846765,1.32085,0.352873,0.301237,0.0255661,0.0260053,0.0494721,0.0175467,0.0181013
212,residual_10,65,0,0.0009,0.285524,2.09989,-0.509929,1.55869,1.4905,0.265906,0.0251461,0.0276854,0.0449653,0.0226049,0.0143928
217,residual_9,42,0,0.0009,0.0366276,4.58803,-0.668814,1.5508,0.582917,0.457787,0.0279997,0.028401,0.0483582,0.0215039,0.0242674
97,residual_12,2033,0,0.0009,0.659573,-2.9086,-0.0796893,-0.764443,2.05009,0.927889,0.0253989,0.0250737,0.0442349,0.0245758,0.0118126
227,residual_4,94,0,0.0009,0.177917,-0.0269168,-1.94295,-0.00121959,0.377352,0.315146,0.024797,0.0240887,0.0465922,0.0154501,0.0140181
228,residual_3,310,0,0.0009,0.370971,-1.05383,2.3763,1.56737,0.363336,0.356414,0.023402,0.023311,0.0448566,0.01301,0.0126625
228,residual_2,163,0,0.0009,0.409733,-0.420585,0.279492,-1.56696,0.330834,0.321196,0.0227218,0.0233546,0.0450641,0.0129467,0.0130501
228,residual_1,35,0,0.0009,0.15029,1.9256,-2.08529,-0.00521389,0.400688,0.37945,0.0259872,0.0262751,0.0487762,0.021875,0.0200698
77,residual_13,84,0,0.0009,0.534009,-3.81768,-1.00677,-0.894155,0.587021,0.213124,0.0261114,0.0265872,0.049547,0.0266765,0.0143987
213,residual_11,21,0,0.0009,0.0596178,1.86248,0.843406,1.32006,0.354417,0.302221,0.0253229,0.0255846,0.0493074,0.0179341,0.0186355
213,residual_10,64,0,0.0009,0.304544,2.09812,-0.509027,1.55919,1.4862,0.263595,0.0250784,0.0267423,0.0448985,0.0219388,0.0139323
218,residual_9,42,0,0.0009,0.0384228,4.58545,-0.669125,1.54817,0.580347,0.457798,0.0275339,0.0273827,0.0481566,0.0213553,0.0233574
98,residual_12,2052,0,0.0009,0.655727,-2.9027,-0.08841,-0.76449,2.05166,0.928334,0.0256915,0.0254198,0.0442324,0.0250497,0.0117991
228,residual_4,90,0,0.0009,0.114402,-0.0275967,-1.94741,-0.00367748,0.381298,0.320901,0.0245121,0.0239232,0.0464365,0.0151682,0.013849
229,residual_3,310,0,0.0009,0.341573,-1.05104,2.37739,1.56748,0.367708,0.3589,0.0233755,0.0232641,0.0448018,0.0128563,0.0124696
229,residual_2,163,0,0.0009,0.374219,-0.418323,0.278685,-1.56635,0.326982,0.326002,0.0231443,0.02326,0.0450122,0.0127037,0.013104
229,residual_1,36,0,0.0009,0.120861,1.92072,-2.09095,-0.00933108,0.401311,0.384223,0.0256588,0.0256537,0.0485891,0.0223894,0.0194437
78,residual_13,75,0,0.0009,0.575413,-3.81678,-1.01271,-0.876606,0.585719,0.208051,0.0257921,0.0259647,0.049075,0.026991,0.0137296
214,residual_11,17,0,0.0009,0.110024,1.8628,0.83857,1.32037,0.356069,0.309153,0.0250887,0.025408,0.0492568,0.0182654,0.01863
214,residual_10,60,0,0.0009,0.29038,2.09489,-0.511598,1.56095,1.48704,0.256696,0.0250324,0.0264429,0.0448388,0.0222483,0.0136363
219,residual_9,39,0,0.0009,0.0241877,4.58344,-0.672372,1.54752,0.579843,0.457592,0.0274576,0.0269225,0.0480041,0.0213227,0.0238447
99,residual_12,2081,0,0.0009,0.745971,-2.90171,-0.0922348,-0.764185,2.05289,0.927508,0.0258818,0.0256731,0.0441883,0.0252158,0.0117895
229,residual_4,90,0,0.0009,0.164313,-0.0289629,-1.95252,-0.00513509,0.385617,0.329122,0.0242917,0.0238048,0.0462927,0.0148555,0.0137048
230,residual_3,308,0,0.0009,0.277771,-1.05051,2.37638,1.56741,0.367429,0.359524,0.0233567,0.0232229,0.0447527,0.0126864,0.0123289
230,residual_2,158,0,0.0009,0.362053,-0.416422,0.277289,-1.56529,0.328673,0.326296,0.0235386,0.0231981,0.0449683,0.0125509,0.0139185
230,residual_1,37,0,0.0009,0.12207,1.91662,-2.09696,-0.0127414,0.401817,0.390147,0.0254678,0.0252077,0.0483922,0.0228966,0.0189522
79,residual_13,75,0,0.0009,0.478437,-3.81424,-1.02043,-0.860921,0.583996,0.20282,0.0256146,0.0255833,0.048646,0.0273355,0.0132599
215,residual_11,17,0,0.0009,0.0518848,1.86157,0.836736,1.31805,0.359276,0.311262,0.0249803,0.0251824,0.0492026,0.018278,0.0189024
215,residual_10,60,0,0.0009,0.292943,2.09168,-0.516475,1.56179,1.48893,0.251798,0.0249928,0.0264338,0.0447842,0.0222496,0.0133728
220,residual_9,39,0,0.0009,0.0173804,4.58148,-0.675994,1.54739,0.579737,0.457783,0.0274276,0.0267033,0.0478486,0.0213199,0.0243132
100,residual_12,2034,0,0.0009,0.831118,-2.89905,-0.0964424,-0.763933,2.05608,0.926074,0.0263635,0.0259116,0.0441246,0.0254056,0.0117833
230,residual_4,86,0,0.0009,0.123922,-0.0315793,-1.95589,-0.0052325,0.387111,0.333984,0.0242179,0.0237241,0.0461665,0.0151305,0.0136221
231,residual_3,305,0,0.0009,0.266522,-1.05098,2.37546,1.56736,0.367161,0.358746,0.0233436,0.0231892,0.0447086,0.0125337,0.0122317
231,residual_2,170,0,0.0009,0.246491,-0.411609,0.274865,0.00465572,0.333995,0.333512,0.023718,0.0231569,0.044921,0.0124583,0.0134298
231,residual_1,34,0,0.0009,0.0882596,1.91372,-2.09917,-0.0159858,0.402184,0.39037,0.0257505,0.0249619,0.0482335,0.0234032,0.0191012
80,residual_13,77,0,0.0009,0.525244,-3.81172,-1.02766,-0.844153,0.582465,0.196548,0.0255346,0.0253553,0.0482566,0.0276975,0.0129289
216,residual_11,16,0,0.0009,0.0277529,1.85964,0.834934,1.31687,0.361126,0.311372,0.0249784,0.0250461,0.0491613,0.0183384,0.0195029
216,residual_10,63,0,0.0009,0.304434,2.08974,-0.521025,1.56193,1.49058,0.247493,0.0249639,0.0265159,0.0447341,0.022329,0.013185
221,residual_9,40,0,0.0009,0.0104871,4.58012,-0.679213,1.54729,0.580079,0.457667,0.027434,0.0265735,0.0476868,0.0213675,0.0247854
101,residual_12,2053,0,0.0009,0.873678,-2.91507,-0.082754,-0.763435,2.06632,0.924495,0.0275184,0.0270155,0.0442062,0.0258927,0.0117789
231,residual_4,83,0,0.0009,0.100871,-0.0338855,-1.95811,-0.00613408,0.387617,0.33675,0.0242626,0.0236743,0.0460524,0.0158703,0.0135993
232,residual_3,303,0,0.0009,0.276429,-1.05196,2.37468,1.56719,0.367328,0.356616,0.0233337,0.023163,0.0446693,0.0124032,0.0121583
232,residual_2,173,0,0.0009,0.128633,-0.409187,0.272799,-1.56785,0.339694,0.33627,0.023836,0.0230532,0.0448738,0.0123881,0.0130736
232,residual_1,34,0,0.0009,0.0691065,1.91162,-2.10181,-0.0191995,0.402436,0.391826,0.0259903,0.024785,0.0480928,0.023899,0.0191961
217,residual_11,17,0,0.0009,0.0577494,1.86135,0.833177,1.31653,0.363918,0.317282,0.0248528,0.0249487,0.049104,0.0183822,0.0193895
217,residual_10,64,0,0.0009,0.317396,2.08743,-0.525377,1.56177,1.49202,0.243287,0.0249444,0.0275941,0.0446886,0.0227864,0.0130611
222,residual_9,40,0,0.0009,0.0119803,4.57862,-0.681183,1.54691,0.580408,0.457498,0.027469,0.0264866,0.0475397,0.0214171,0.02525
102,residual_12,2154,0,0.0009,0.867374,-2.91575,-0.0836076,-0.763098,2.06631,0.922466,0.0287623,0.0280525,0.0443398,0.0263712,0.0117759
232,residual_4,85,0,0.0009,0.105181,-0.0358755,-1.96133,-0.00682042,0.387781,0.342549,0.0242907,0.0236315,0.0459478,0.016371,0.0135379
233,residual_3,302,0,0.0009,0.292632,-1.05363,2.37409,1.56661,0.367824,0.35404,0.023326,0.0231423,0.0446341,0.0122944,0.0120992
233,residual_2,179,0,0.0009,0.09359,-0.409637,0.27224,-1.5696,0.344506,0.335534,0.0239303,0.0229821,0.0448307,0.0123468,0.012783
233,residual_1,35,0,0.0009,0.0774559,1.90915,-2.10479,-0.0213491,0.402729,0.395098,0.0262,0.0245307,0.0479534,0.0243847,0.0188328
218,residual_11,16,0,0.0009,0.0142874,1.86089,0.831658,1.31543,0.365354,0.318485,0.0248658,0.0248739,0.0491485,0.0184588,0.0196963
218,residual_10,63,0,0.0009,0.323199,2.08566,-0.530398,1.56192,1.49355,0.239145,0.0249348,0.0285508,0.0446478,0.0232389,0.0130014
223,residual_9,40,0,0.0009,0.00672628,4.57769,-0.682567,1.54692,0.58073,0.4574,0.0275234,0.0266814,0.0473955,0.0218859,0.0257073
103,residual_12,2216,0,0.0009,0.827255,-2.9072,-0.0941749,-0.762572,2.06058,0.919379,0.0273353,0.0263144,0.0443226,0.0259304,0.0117737
233,residual_4,86,0,0.0009,0.103647,-0.0366486,-1.96454,-0.00755229,0.390159,0.347824,0.0241995,0.0236041,0.0458488,0.0161202,0.0135126
234,residual_3,294,0,0.0009,0.31019,-1.05573,2.37245,1.56684,0.36629,0.350183,0.0233208,0.0231282,0.0446033,0.0122207,0.0120581
234,residual_2,174,0,0.0009,0.12733,-0.412504,0.272286,-1.56982,0.3475,0.329009,0.0240027,0.0229302,0.0447919,0.0123111,0.0126037
234,residual_1,33,0,0.0009,0.0471075,1.90721,-2.10622,-0.0232564,0.401845,0.395706,0.0260648,0.0245913,0.0478359,0.023642,0.0193909
219,residual_11,15,0,0.0009,0.0128226,1.85954,0.83001,1.31434,0.365693,0.31856,0.0249641,0.0250911,0.0490871,0.0190455,0.0202748
219,residual_10,59,0,0.0009,0.346572,2.08251,-0.536154,1.56211,1.49432,0.23376,0.0249311,0.0275813,0.0446119,0.0230341,0.0129868
224,residual_9,35,0,0.0009,0.00943131,4.5768,-0.684572,1.54674,0.578771,0.457311,0.0276056,0.0266009,0.0473489,0.0219055,0.0261575
104,residual_12,2185,0,0.0009,0.764617,-2.92225,-0.0801311,-0.762199,2.06855,0.916653,0.028294,0.0273852,0.0443507,0.0264079,0.0117725
234,residual_4,86,0,0.0009,0.0887195,-0.0358782,-1.9666,-0.00855351,0.39439,0.351003,0.0241028,0.0236004,0.0457585,0.0157625,0.0135926
235,residual_3,299,0,0.0009,0.329613,-1.05684,2.37212,1.56707,0.366789,0.34813,0.0233168,0.0231174,0.0445754,0.0121614,0.0120252
235,residual_2,167,0,0.0009,0.209332,-0.417413,0.272935,-1.57006,0.34915,0.318753,0.0240565,0.0228973,0.0447594,0.0123117,0.0124792
235,residual_1,33,0,0.0009,0.0438219,1.90614,-2.10807,-0.0263638,0.401951,0.397508,0.0262394,0.0243911,0.0477219,0.0241313,0.0189896
220,residual_11,16,0,0.0009,0.0612341,1.86196,0.828561,1.31554,0.366722,0.325482,0.0248597,0.0250201,0.0490893,0.0190228,0.0200485
220,residual_10,51,0,0.0009,0.37832,2.07742,-0.542209,1.56193,1.49244,0.225722,0.024818,0.0270188,0.0445797,0.0232961,0.0130678
225,residual_9,35,0,0.0009,0.0104037,4.57546,-0.685916,1.54654,0.577034,0.457156,0.0276945,0.0265645,0.0473006,0.0219419,0.0266006
105,residual_12,2197,0,0.0009,0.672321,-2.92311,-0.0809423,-0.761676,2.06857,0.913674,0.0291766,0.0278567,0.0441637,0.0268771,0.0117718
235,residual_4,85,0,0.0009,0.0949226,-0.0370549,-1.96934,-0.00883583,0.395051,0.355762,0.0243277,0.0234224,0.0456794,0.0159345,0.0135458
236,residual_3,295,0,0.0009,0.33664,-1.05746,2.37236,1.56775,0.367035,0.347476,0.0233156,0.0231106,0.0445501,0.0121243,0.0120143
236,residual_2,159,0,0.0009,0.363111,-0.422027,0.273415,1.56905,0.348502,0.310985,0.0240985,0.0228715,0.0447325,0.0122948,0.0124127
236,residual_1,33,0,0.0009,0.0462734,1.90481,-2.10984,-0.0283481,0.402097,0.399951,0.0263972,0.0243202,0.0476245,0.0246113,0.0188864
221,residual_11,16,0,0.0009,0.0249046,1.8631,0.828125,1.31451,0.368618,0.329176,0.0247875,0.0250282,0.0490617,0.0190583,0.0198717
221,residual_10,53,0,0.0009,0.335484,2.07459,-0.548156,1.56072,1.49071,0.221847,0.0247552,0.0265788,0.0445503,0.0236071,0.0132734
226,residual_9,35,0,0.0009,0.00695033,4.57489,-0.686542,1.54622,0.575511,0.457091,0.0277891,0.0265521,0.0472553,0.021988,0.0270366
106,residual_12,2224,0,0.0009,0.61729,-2.92397,-0.0816281,-0.761338,2.06858,0.911116,0.0301697,0.0287013,0.0441366,0.0273382,0.0117714
236,residual_4,84,0,0.0009,0.0829091,-0.0365093,-1.97092,-0.00913897,0.397811,0.358543,0.024449,0.0233167,0.0456067,0.0157615,0.0136228
237,residual_3,288,0,0.0009,0.326326,-1.05735,2.37308,1.56794,0.367664,0.347243,0.023316,0.0231055,0.0445276,0.0120965,0.0120155
237,residual_2,144,0,0.0009,0.384223,-0.429149,0.274088,1.56882,0.346801,0.296525,0.0242413,0.0229231,0.0447142,0.0122819,0.0124197
237,residual_1,31,0,0.0009,0.0464408,1.90393,-2.112,1.54064,0.402802,0.40218,0.0259365,0.0242414,0.047563,0.0240493,0.0193283
222,residual_11,16,0,0.0009,0.0186801,1.86215,0.828806,1.31296,0.371026,0.329248,0.0249037,0.0249711,0.0490012,0.0190513,0.0204447
222,residual_10,45,0,0.0009,0.277127,2.0748,-0.550823,1.55822,1.48998,0.224105,0.0247349,0.0263169,0.0445255,0.0239599,0.0136035
227,residual_9,35,0,0.0009,0.00783081,4.57401,-0.686027,1.54556,0.573876,0.456965,0.0278883,0.0265224,0.0472201,0.0220082,0.0274665
107,residual_12,2132,0,0.0009,0.623769,-2.95117,-0.0551745,-0.760912,2.08098,0.908306,0.0285034,0.0270469,0.0441182,0.0272058,0.0117713
237,residual_4,82,0,0.0009,0.0820718,-0.0363352,-1.9715,-0.00979961,0.401136,0.359709,0.0245149,0.02326,0.0455462,0.0154823,0.0137583
238,residual_3,283,0,0.0009,0.346865,-1.05779,2.37256,1.56783,0.365831,0.346772,0.023316,0.0231028,0.0445082,0.0120833,0.0120136
238,residual_2,141,0,0.0009,0.414119,-0.426161,0.273221,1.56785,0.343746,0.303643,0.0243674,0.0229614,0.044703,0.012274,0.0126158
238,residual_1,32,0,0.0009,0.0357109,1.90303,-2.11219,1.53948,0.40252,0.402396,0.0258015,0.0243024,0.0474678,0.0241419,0.0198157
223,residual_11,15,0,0.0009,0.00944684,1.86136,0.828635,1.31113,0.371941,0.329322,0.0250298,0.0250369,0.0490621,0.0191921,0.0210041
223,residual_10,41,0,0.0009,0.229149,2.07526,-0.5541,1.55524,1.48916,0.227182,0.0247149,0.0263288,0.0445057,0.0243498,0.0137979
228,residual_9,35,0,0.0009,0.00835389,4.57274,-0.685228,1.54525,0.572517,0.456792,0.0279902,0.026507,0.0471876,0.0220304,0.02789
108,residual_12,2104,0,0.0009,0.681419,-2.9522,-0.0558901,-0.760611,2.08092,0.904841,0.029199,0.0277296,0.0440912,0.027658,0.0117715
238,residual_4,80,0,0.0009,0.0914307,-0.0377971,-1.97281,-0.010651,0.401266,0.362713,0.0247108,0.0232697,0.0454839,0.016224,0.014138
239,residual_3,282,0,0.0009,0.354554,-1.0586,2.37135,1.56759,0.363575,0.345799,0.0233156,0.0231011,0.0444912,0.0120754,0.0120085
239,residual_2,138,0,0.0009,0.341011,-0.423234,0.2713,1.56902,0.345399,0.308731,0.0245025,0.0229942,0.0446905,0.0123023,0.0131227
239,residual_1,32,0,0.0009,0.0285513,1.90271,-2.11274,1.53775,0.404358,0.402663,0.0257229,0.0242859,0.0473773,0.0233169,0.0203146
224,residual_11,15,0,0.0009,0.011664,1.86136,0.829338,1.30952,0.37388,0.329297,0.0251477,0.0250768,0.0490408,0.019229,0.0215499
224,residual_10,41,0,0.0009,0.206109,2.07606,-0.553473,1.55309,1.48929,0.232399,0.0247049,0.0265832,0.0444867,0.0247641,0.0139735
229,residual_9,36,0,0.0009,0.0397059,4.57221,-0.686074,1.54594,0.572175,0.45674,0.0280899,0.0265363,0.047129,0.0220811,0.0283073
109,residual_12,2206,0,0.0009,0.730776,-2.92691,-0.0834177,-0.760523,2.09443,0.901779,0.0299119,0.0289384,0.0442071,0.0281063,0.011772
239,residual_4,74,0,0.0009,0.0887653,-0.038974,-1.97333,-0.0121862,0.401383,0.364419,0.0248894,0.023258,0.0454425,0.0169331,0.0143014
240,residual_3,282,0,0.0009,0.370831,-1.05918,2.36987,1.56752,0.361187,0.344593,0.0233146,0.0230997,0.0444763,0.0120671,0.012001
240,residual_2,133,0,0.0009,0.158026,-0.422284,0.269945,1.56875,0.348302,0.310306,0.024627,0.0230364,0.0446764,0.0124348,0.01369
240,residual_1,30,0,0.0009,0.0337925,1.90259,-2.11386,1.53635,0.406778,0.402948,0.0257657,0.0244459,0.0473405,0.0234469,0.0208231
225,residual_11,14,0,0.0009,0.0215878,1.85994,0.829109,1.30932,0.374411,0.329453,0.0252841,0.0251398,0.0491166,0.0192882,0.0220837
225,residual_10,40,0,0.0009,0.146323,2.07459,-0.552347,1.55239,1.48951,0.235775,0.0247126,0.0268271,0.04447,0.0251825,0.0141992
230,residual_9,37,0,0.0009,0.0360751,4.57095,-0.686359,1.54606,0.571886,0.456575,0.0281885,0.0266599,0.0470517,0.0221783,0.0287181
110,residual_12,2124,0,0.0009,0.79543,-2.92758,-0.0839534,-0.760335,2.09443,0.898971,0.0308445,0.0298768,0.0441229,0.0285475,0.0117715
240,residual_4,73,0,0.0009,0.0882067,-0.0403202,-1.97381,-0.0124351,0.401538,0.365504,0.0250521,0.0232602,0.0454056,0.0176137,0.0144644
241,residual_3,274,0,0.0009,0.380531,-1.06093,2.36834,1.56697,0.359036,0.342284,0.0233143,0.0230987,0.0444641,0.0120605,0.0119991
241,residual_2,131,0,0.0009,0.0895754,-0.42099,0.269253,1.5668,0.352185,0.315424,0.0246791,0.0230835,0.0446638,0.0126178,0.0137499
241,residual_1,28,0,0.0009,0.00671875,1.90228,-2.11378,1.53731,0.406759,0.402997,0.0258506,0.0246598,0.0473294,0.0237998,0.0213341
226,residual_11,24,0,0.0009,0.202712,1.87133,0.825982,1.3088,0.376247,0.351036,0.0246179,0.0250875,0.0489961,0.0193588,0.0196374
226,residual_10,40,0,0.0009,0.152232,2.07269,-0.550811,1.55235,1.49007,0.238988,0.0247219,0.0270384,0.0444549,0.0255674,0.0143891
231,residual_9,37,0,0.0009,0.0348661,4.56886,-0.6852,1.54445,0.571684,0.456285,0.0282894,0.0267112,0.0469878,0.0222501,0.0291239
111,residual_12,2113,0,0.0009,0.791311,-2.9285,-0.0846261,-0.760027,2.09444,0.89669,0.0315591,0.0308986,0.0441212,0.0289821,0.0117711
241,residual_4,71,0,0.0009,0.087392,-0.0415159,-1.97382,-0.0128067,0.401678,0.366275,0.0252019,0.0232712,0.0453815,0.0182685,0.0146108
242,residual_3,264,0,0.0009,0.390124,-1.06356,2.36664,1.56686,0.356903,0.338848,0.0233153,0.0230985,0.044454,0.0120594,0.012007
242,residual_2,122,0,0.0009,0.0795193,-0.420018,0.269252,1.56514,0.355397,0.32056,0.024754,0.0231495,0.0446532,0.0129408,0.0140808
242,residual_1,30,0,0.0009,0.0132314,1.90313,-2.11349,-0.0322573,0.406372,0.406299,0.0255895,0.024415,0.0473325,0.0218467,0.0210236
227,residual_11,25,0,0.0009,0.0399426,1.87282,0.823796,1.30988,0.376599,0.35673,0.0246935,0.0250755,0.0488197,0.0194102,0.0179874
227,residual_10,40,0,0.0009,0.148596,2.07108,-0.549606,1.55261,1.49107,0.242415,0.024732,0.0273946,0.044441,0.0258803,0.0145512
232,residual_9,37,0,0.0009,0.0500355,4.56614,-0.682979,1.54262,0.571107,0.455905,0.0283956,0.0264349,0.0469592,0.0218909,0.0295243
112,residual_12,2214,0,0.0009,0.757876,-2.92944,-0.0856237,-0.759638,2.09444,0.89475,0.0326012,0.0316758,0.0441541,0.0294101,0.0117725
242,residual_4,71,0,0.0009,0.102457,-0.0430386,-1.97544,-0.0133667,0.401828,0.370224,0.0253426,0.0232519,0.045355,0.0189009,0.0145934
243,residual_3,260,0,0.0009,0.383777,-1.06609,2.36482,1.56703,0.354241,0.335666,0.0233184,0.023098,0.0444448,0.0120584,0.0120316
243,residual_2,123,0,0.0009,0.088862,-0.421716,0.270182,1.56415,0.358551,0.321079,0.0247254,0.0231547,0.0446424,0.0129565,0.0136482
243,residual_1,29,0,0.0009,0.0251738,1.90109,-2.11186,-0.0330154,0.40433,0.404068,0.0254756,0.0243587,0.0474022,0.0200179,0.0207935
228,residual_11,25,0,0.0009,0.0291774,1.87118,0.822766,1.30975,0.376988,0.355521,0.0247878,0.0248059,0.0486853,0.0190645,0.0169219
228,residual_10,38,0,0.0009,0.144257,2.07001,-0.548314,1.55311,1.49129,0.245647,0.0247435,0.0280295,0.0444295,0.0263151,0.0146923
233,residual_9,35,0,0.0009,0.0774271,4.56645,-0.680368,1.54262,0.567705,0.450005,0.0281261,0.026381,0.0469563,0.0219198,0.0285882
113,residual_12,2138,0,0.0009,0.726799,-2.92944,-0.0854458,-0.75783,2.09444,0.890093,0.0335004,0.0323555,0.0439328,0.029832,0.0117748
243,residual_4,64,0,0.0009,0.0936416,-0.0445001,-1.97598,-0.0132326,0.401996,0.372135,0.0254815,0.0232725,0.045339,0.0195131,0.0147257
244,residual_3,254,0,0.0009,0.378011,-1.06354,2.36502,1.56685,0.353783,0.341345,0.0233287,0.0230992,0.0444378,0.0120679,0.0121079
244,residual_2,122,0,0.0009,0.0976529,-0.423818,0.271874,1.56365,0.360413,0.320159,0.024693,0.0231546,0.0446345,0.0129483,0.0132287
244,residual_1,27,0,0.0009,0.0669209,1.89653,-2.10757,1.53938,0.398497,0.397807,0.025409,0.0242748,0.0474388,0.019586,0.0193376
229,residual_11,25,0,0.0009,0.115713,1.86677,0.822899,1.30867,0.37439,0.348561,0.0248883,0.0245321,0.0486175,0.0186811,0.0162501
229,residual_10,38,0,0.0009,0.130735,2.06755,-0.546607,1.55354,1.49158,0.246481,0.0247373,0.0284805,0.0444189,0.0267406,0.0147044
234,residual_9,38,0,0.0009,0.110863,4.56319,-0.680355,1.54101,0.564233,0.44981,0.0279126,0.0260322,0.0469573,0.0215758,0.027793
114,residual_12,2058,0,0.0009,0.776349,-2.92965,-0.085561,-0.75547,2.09444,0.885108,0.0343046,0.0330622,0.0435051,0.0302481,0.0117753
244,residual_4,58,0,0.0009,0.0843246,-0.0457294,-1.97574,-0.012714,0.40215,0.372638,0.0256166,0.0233336,0.0453271,0.0201066,0.0150767
245,residual_3,245,0,0.0009,0.342078,-1.06239,2.36725,1.56585,0.357528,0.343472,0.0233412,0.0231097,0.0444306,0.0121423,0.0122008
245,residual_2,121,0,0.0009,0.155235,-0.428804,0.273516,1.56353,0.360493,0.312415,0.0246745,0.0231416,0.0446287,0.0128728,0.0129617
245,residual_1,28,0,0.0009,0.133663,1.88958,-2.10327,1.5399,0.392617,0.387197,0.0253623,0.0240939,0.0474769,0.0189615,0.0183741
230,residual_11,23,0,0.0009,0.278075,1.85967,0.820977,1.31027,0.369602,0.338981,0.0249908,0.0243431,0.0487584,0.0182353,0.0158128
230,residual_10,39,0,0.0009,0.107844,2.0657,-0.544827,1.55373,1.49187,0.247684,0.0247326,0.0288829,0.0444091,0.0271614,0.0147151
235,residual_9,37,0,0.0009,0.158188,4.55943,-0.682098,1.54009,0.560027,0.449335,0.0280379,0.025738,0.0469784,0.0210989,0.02821
115,residual_12,2221,0,0.0009,0.790207,-2.93109,-0.0870114,-0.75529,2.09445,0.885018,0.0350952,0.0339531,0.0439067,0.0306586,0.0117749
245,residual_4,55,0,0.0009,0.0618773,-0.0450268,-1.97529,-0.0119781,0.404121,0.373037,0.0255511,0.023387,0.0453219,0.0196734,0.0153831
246,residual_3,246,0,0.0009,0.306029,-1.06011,2.3705,1.56495,0.363488,0.348528,0.0233487,0.0231194,0.0444239,0.0122088,0.0122594
246,residual_2,120,0,0.0009,0.299241,-0.435703,0.275732,1.56305,0.357273,0.300923,0.0246664,0.0231292,0.0446283,0.0127993,0.0128147
246,residual_1,27,0,0.0009,0.243951,1.88142,-2.0965,1.54113,0.38164,0.374735,0.0253818,0.0239209,0.0475892,0.018289,0.0178954
231,residual_11,19,0,0.0009,0.414631,1.85073,0.821584,1.31463,0.36329,0.329856,0.025116,0.0241779,0.0490991,0.0177292,0.0157582
231,residual_10,39,0,0.0009,0.117598,2.06386,-0.543507,1.55398,1.49208,0.249223,0.0247302,0.0292418,0.0444003,0.0275776,0.0147303
236,residual_9,37,0,0.0009,0.205608,4.5554,-0.682596,1.53923,0.556259,0.44881,0.0281601,0.0255013,0.0469926,0.0206982,0.0286213
116,residual_12,2232,0,0.0009,0.761764,-2.93303,-0.0890462,-0.755239,2.09446,0.884446,0.0359176,0.034496,0.0441461,0.0310636,0.0117744
246,residual_4,56,0,0.0009,0.0731089,-0.0452537,-1.97781,-0.012063,0.405196,0.378852,0.0254963,0.0233421,0.0453126,0.0193333,0.0152211
247,residual_3,237,0,0.0009,0.273647,-1.05982,2.37264,1.56426,0.367425,0.350907,0.0233743,0.0231411,0.0444174,0.0123588,0.012445
247,residual_2,119,0,0.0009,0.363772,-0.441211,0.27791,1.56163,0.353399,0.292798,0.0246617,0.0231173,0.044631,0.0127217,0.0127169
247,residual_1,26,0,0.0009,0.29232,1.87301,-2.09096,1.54092,0.370877,0.362651,0.0254335,0.0237993,0.0477002,0.017759,0.0176819
232,residual_11,16,0,0.0009,0.632861,1.84004,0.823527,1.31883,0.353046,0.321922,0.0253231,0.0240401,0.049561,0.0172083,0.0160146
232,residual_10,39,0,0.0009,0.109078,2.06277,-0.542131,1.55422,1.49229,0.25105,0.0247298,0.0295072,0.0443925,0.0279875,0.0147478
237,residual_9,38,0,0.0009,0.253279,4.54972,-0.681875,1.53688,0.548608,0.45488,0.0279537,0.0252342,0.0469894,0.0202142,0.0278591
247,residual_4,55,0,0.0009,0.0569726,-0.0437799,-1.97971,-0.0107607,0.408046,0.382952,0.0253915,0.0232848,0.0453149,0.0187567,0.0149702
248,residual_3,239,0,0.0009,0.227887,-1.05885,2.3753,1.56341,0.372577,0.354674,0.0233795,0.023145,0.0444118,0.0123852,0.0124833
248,residual_2,120,0,0.0009,0.381122,-0.437704,0.278334,1.56146,0.347231,0.302005,0.0246849,0.0231055,0.0446379,0.0126459,0.01287
248,residual_1,27,0,0.0009,0.304995,1.87172,-2.08752,-0.0297358,0.362506,0.358118,0.0256945,0.0237207,0.0478503,0.0183383,0.0170317
233,residual_11,14,0,0.0009,0.688425,1.82543,0.826001,1.31892,0.346521,0.318835,0.025643,0.0239598,0.0499686,0.0168287,0.016661
233,residual_10,38,0,0.0009,0.0750816,2.06088,-0.539668,1.55444,1.49268,0.25071,0.0247306,0.0306219,0.0443846,0.0284162,0.0147823
238,residual_9,38,0,0.0009,0.240381,4.54632,-0.683193,1.53488,0.539324,0.459223,0.0278661,0.0249832,0.0470019,0.0197297,0.0271851
248,residual_4,55,0,0.0009,0.0723858,-0.0423064,-1.98064,-0.00976327,0.409323,0.385478,0.0255317,0.0232974,0.0453254,0.0183337,0.0147006
249,residual_3,239,0,0.0009,0.221494,-1.05771,2.37718,1.56296,0.377287,0.357963,0.0233803,0.023143,0.0444055,0.012373,0.0124919
249,residual_2,121,0,0.0009,0.419259,-0.43201,0.27925,1.56169,0.341309,0.315178,0.0247018,0.0230987,0.0446482,0.0125932,0.0129796
249,residual_1,27,0,0.0009,0.289761,1.87,-2.08538,-0.0282307,0.362382,0.347711,0.0259481,0.0236684,0.0479757,0.0189131,0.0165267
234,residual_11,14,0,0.0009,0.630931,1.81317,0.828627,1.31976,0.339717,0.316381,0.0259756,0.0238921,0.0505202,0.0164949,0.0172971
234,residual_10,38,0,0.0009,0.073356,2.0583,-0.538122,1.55467,1.49291,0.249348,0.0247466,0.0306847,0.0443783,0.028813,0.014898
239,residual_9,39,0,0.0009,0.226477,4.54365,-0.683157,1.53222,0.531719,0.462308,0.0275701,0.0247466,0.0470063,0.0191985,0.0257749
249,residual_4,53,0,0.0009,0.0449951,-0.0414733,-1.9815,-0.00886368,0.411243,0.387825,0.0256712,0.0233195,0.045328,0.0182116,0.0145739
250,residual_3,234,0,0.0009,0.210639,-1.05776,2.37916,1.56239,0.381582,0.359943,0.0233977,0.0231522,0.044401,0.012434,0.0126158
250,residual_2,117,0,0.0009,0.387131,-0.428339,0.279696,1.56222,0.336865,0.324404,0.0247252,0.0230946,0.0446618,0.0125589,0.0131485
250,residual_1,27,0,0.0009,0.275203,1.8687,-2.08282,-0.0267409,0.362239,0.33879,0.0261809,0.0236344,0.0481181,0.0194799,0.016131
235,residual_11,13,0,0.0009,0.52555,1.80164,0.832149,1.32114,0.33413,0.314128,0.0261945,0.023913,0.0508971,0.0163766,0.0179141
235,residual_10,38,0,0.0009,0.0717055,2.05592,-0.537019,1.55506,1.49322,0.247944,0.0247599,0.0307045,0.0443728,0.0291417,0.0149934
240,residual_9,38,0,0.0009,0.229485,4.53959,-0.681781,1.53057,0.527283,0.465989,0.0275204,0.0246529,0.0470215,0.0189385,0.0253522
250,residual_4,53,0,0.0009,0.045727,-0.040844,-1.98272,-0.00787545,0.412524,0.390914,0.0257754,0.0233343,0.0453286,0.0181091,0.0144747
251,residual_3,239,0,0.0009,0.20514,-1.05755,2.38076,1.56178,0.385021,0.362175,0.0233936,0.0231514,0.0443951,0.0124316,0.0125882
251,residual_2,116,0,0.0009,0.373094,-0.425289,0.280544,-0.00817394,0.332361,0.332226,0.0247305,0.0230914,0.0446709,0.0128355,0.0129532
251,residual_1,27,0,0.0009,0.27562,1.86819,-2.08093,-0.0254335,0.362051,0.33132,0.0263961,0.0236051,0.048234,0.0200379,0.0158161
236,residual_11,13,0,0.0009,0.353934,1.79458,0.832855,1.32538,0.330939,0.308284,0.0262553,0.023994,0.051412,0.0163723,0.0180635
236,residual_10,38,0,0.0009,0.0615898,2.05442,-0.535712,1.55499,1.4935,0.247598,0.0247528,0.0316331,0.0443669,0.0294661,0.0149635
241,residual_9,37,0,0.0009,0.128564,4.53793,-0.682013,1.53065,0.527322,0.465768,0.0276733,0.0246855,0.0470584,0.0188313,0.0258063
251,residual_4,52,0,0.0009,0.0449952,-0.0409498,-1.98306,-0.00655245,0.412521,0.392322,0.0259727,0.0233628,0.0453226,0.0187489,0.0144987
252,residual_3,234,0,0.0009,0.206353,-1.0565,2.38152,1.56085,0.386479,0.366602,0.0238701,0.0231316,0.0443908,0.0125344,0.0126554
252,residual_2,112,0,0.0009,0.345632,-0.425877,0.281625,-0.00703106,0.332465,0.32732,0.0249587,0.0230746,0.0446826,0.0137226,0.0128022
252,residual_1,26,0,0.0009,0.235563,1.86094,-2.07765,-0.0223099,0.350472,0.326807,0.0263723,0.0235899,0.0483152,0.0196991,0.0156228
237,residual_11,12,0,0.0009,0.513937,1.7831,0.834663,1.32442,0.325774,0.306229,0.0264697,0.0240437,0.0521671,0.0162949,0.0186656
237,residual_10,37,0,0.0009,0.0494532,2.05385,-0.535541,1.55486,1.49442,0.246451,0.0247661,0.0309711,0.0443629,0.0292937,0.015041
242,residual_9,37,0,0.0009,0.178162,4.53702,-0.682688,1.53029,0.525468,0.465669,0.0278212,0.0246418,0.0471167,0.0186478,0.0262533
252,residual_4,50,0,0.0009,0.0361609,-0.039658,-1.98397,-0.00570868,0.412353,0.393964,0.026153,0.0233834,0.0453279,0.0193678,0.014519
253,residual_3,230,0,0.0009,0.164447,-1.05567,2.38252,1.56052,0.389154,0.368238,0.0242315,0.0231175,0.0443866,0.0126066,0.0127068
253,residual_2,104,0,0.0009,0.361633,-0.424819,0.281884,-0.0056936,0.332329,0.326281,0.0251596,0.0230676,0.0447026,0.0145553,0.0127159
253,residual_1,28,0,0.0009,0.256899,1.86375,-2.07699,-0.021548,0.354829,0.321062,0.0263817,0.0235731,0.0484195,0.0194625,0.0154143
238,residual_11,12,0,0.0009,0.700288,1.79404,0.83133,1.32115,0.314933,0.302929,0.0270423,0.0239859,0.0530035,0.0160758,0.0191759
238,residual_10,36,0,0.0009,0.0449638,2.05141,-0.53589,1.55516,1.49562,0.243456,0.024803,0.0302561,0.0443605,0.0289034,0.0152619
243,residual_9,40,0,0.0009,0.219931,4.54789,-0.685324,1.52869,0.521504,0.449079,0.0272534,0.0244635,0.047085,0.0182929,0.0239401
253,residual_4,51,0,0.0009,0.106068,-0.0464895,-1.98107,-0.00616026,0.396923,0.389184,0.0259797,0.0233828,0.04535,0.0181434,0.0144443
254,residual_3,231,0,0.0009,0.136324,-1.05514,2.38308,1.56116,0.390826,0.370759,0.024492,0.0230952,0.0443809,0.012582,0.0126139
254,residual_2,96,0,0.0009,0.201694,-0.423795,0.281306,-0.0044961,0.333517,0.329715,0.0253255,0.0230724,0.0447193,0.0152235,0.0127082
254,residual_1,26,0,0.0009,0.179444,1.86786,-2.07662,-0.018901,0.354657,0.32009,0.0264353,0.0236484,0.0486036,0.0196594,0.0155419
239,residual_11,12,0,0.0009,0.354071,1.80418,0.828321,1.31937,0.313391,0.300039,0.026876,0.0240272,0.0534963,0.0161098,0.019609
239,residual_10,36,0,0.0009,0.0466706,2.04977,-0.537026,1.55505,1.49741,0.240859,0.0250741,0.029223,0.0443586,0.0279715,0.0154576
244,residual_9,40,0,0.0009,0.181797,4.55068,-0.684469,1.52786,0.519131,0.447083,0.0268135,0.0243932,0.0470549,0.0180952,0.0219748
254,residual_4,59,0,0.0009,0.189449,-0.0517048,-1.97723,-0.00705972,0.383612,0.383128,0.0257882,0.0233584,0.0453604,0.0167776,0.0142741
255,residual_3,226,0,0.0009,0.116826,-1.05515,2.38294,1.56117,0.391602,0.371441,0.0246917,0.0230767,0.0443766,0.0125456,0.012584
255,residual_2,95,0,0.0009,0.110763,-0.421469,0.280131,-0.00479399,0.338448,0.335136,0.0253801,0.0230852,0.0447364,0.0150735,0.0127248
255,residual_1,26,0,0.0009,0.059672,1.86878,-2.07711,-0.0168813,0.354521,0.321985,0.0265501,0.0237438,0.0486504,0.0202228,0.01583
240,residual_11,13,0,0.0009,0.0475005,1.8064,0.826625,1.31816,0.315544,0.300867,0.0266952,0.0242216,0.0535939,0.016354,0.0196372
240,residual_10,35,0,0.0009,0.0415161,2.0493,-0.538034,1.55528,1.49896,0.240886,0.0253158,0.029025,0.0443568,0.0277916,0.015852
245,residual_9,41,0,0.0009,0.209879,4.55122,-0.682054,1.52849,0.517768,0.44822,0.026579,0.024286,0.0470126,0.0178407,0.0208023
255,residual_4,58,0,0.0009,0.242776,-0.0581413,-1.97311,1.56361,0.376454,0.369864,0.0256581,0.0233315,0.0453694,0.0160911,0.0140551
256,residual_3,223,0,0.0009,0.130636,-1.05661,2.38246,1.56118,0.392354,0.369983,0.0248346,0.0230587,0.044374,0.0124854,0.0124849
256,residual_2,91,0,0.0009,0.0630171,-0.42234,0.27941,1.56492,0.340547,0.338503,0.0254369,0.0230986,0.0447465,0.0145114,0.0136192
256,residual_1,26,0,0.0009,0.0246863,1.86819,-2.07705,-0.0155072,0.354618,0.325317,0.0266641,0.0238368,0.0486548,0.0207748,0.016074
241,residual_11,13,0,0.0009,0.0466775,1.80767,0.826178,1.31508,0.31794,0.30048,0.0266192,0.0243423,0.0534349,0.0166413,0.0201185
241,residual_10,33,0,0.0009,0.0402566,2.04926,-0.537016,1.55551,1.4992,0.241722,0.0254987,0.0297539,0.0443568,0.0281773,0.0161406
246,residual_9,40,0,0.0009,0.24686,4.55239,-0.682465,1.5282,0.515492,0.448036,0.0264757,0.0242181,0.0470022,0.0176366,0.0199044
256,residual_4,59,0,0.0009,0.31489,-0.0632333,-1.96869,1.56263,0.368737,0.359688,0.0256476,0.0233059,0.0453924,0.01548,0.0139396
257,residual_3,217,0,0.0009,0.15883,-1.05859,2.38186,1.56113,0.392343,0.367723,0.0249398,0.0230436,0.044373,0.0124251,0.0123926
257,residual_2,91,0,0.0009,0.070203,-0.423315,0.279105,1.56385,0.346801,0.338504,0.0255758,0.0231265,0.0447488,0.0141467,0.0144508
257,residual_1,24,0,0.0009,0.0182487,1.86687,-2.0751,-0.0144542,0.354792,0.326243,0.0267804,0.0239845,0.0487431,0.0213159,0.0164823
242,residual_11,13,0,0.0009,0.0435366,1.80799,0.826867,1.31314,0.321005,0.300392,0.026611,0.0244674,0.0533344,0.0168914,0.02061
242,residual_10,30,0,0.0009,0.0675012,2.04916,-0.536142,1.55537,1.49937,0.244723,0.0256695,0.0299314,0.0443611,0.0285341,0.0164942
247,residual_9,38,0,0.0009,0.239579,4.55219,-0.682325,1.52718,0.513175,0.447832,0.0263214,0.0243039,0.0469638,0.0176929,0.018836
257,residual_4,55,0,0.0009,0.303654,-0.0614162,-1.97037,1.56387,0.368858,0.359467,0.0257456,0.0234434,0.0454244,0.0161221,0.0147447
258,residual_3,214,0,0.0009,0.205931,-1.06196,2.37991,1.56091,0.389219,0.363961,0.0250178,0.0230352,0.0443725,0.0123978,0.0123169
258,residual_2,90,0,0.0009,0.0918562,-0.424528,0.279348,1.56365,0.352013,0.340064,0.0256731,0.0231737,0.044747,0.0140489,0.0149099
258,residual_1,24,0,0.0009,0.0211938,1.86494,-2.07354,-0.0140395,0.355063,0.327453,0.0268995,0.0241233,0.0488098,0.0218461,0.0168621
243,residual_11,12,0,0.0009,0.018044,1.80813,0.826061,1.31148,0.322483,0.300279,0.0266594,0.0246732,0.0532356,0.0172241,0.0211058
243,residual_10,29,0,0.0009,0.0716039,2.0501,-0.535489,1.55528,1.49948,0.248267,0.0258128,0.0301106,0.0443674,0.0288949,0.0168123
248,residual_9,38,0,0.0009,0.239317,4.5521,-0.682298,1.52643,0.511013,0.447825,0.0262218,0.0244118,0.0469252,0.0178214,0.0180278
258,residual_4,54,0,0.0009,0.314611,-0.0602195,-1.96996,1.56325,0.363969,0.359262,0.0258515,0.0234331,0.0454533,0.0157693,0.0155106
259,residual_3,213,0,0.0009,0.198391,-1.06521,2.37863,1.55981,0.387458,0.359796,0.0250778,0.0230234,0.0443734,0.012338,0.0122775
259,residual_2,90,0,0.0009,0.062904,-0.425024,0.279114,1.56382,0.357023,0.342127,0.0257468,0.0232015,0.0447444,0.0139175,0.015211
259,residual_1,26,0,0.0009,0.0186733,1.86608,-2.07272,-0.0144568,0.359917,0.329296,0.0267792,0.0242051,0.0488709,0.021218,0.0171098
244,residual_11,12,0,0.0009,0.0228617,1.80811,0.825212,1.31076,0.32415,0.300205,0.0267242,0.0249088,0.0532127,0.017614,0.0216022
244,residual_10,29,0,0.0009,0.0623022,2.05076,-0.534753,1.55508,1.4996,0.251581,0.0259294,0.030284,0.0443732,0.029258,0.0170958
249,residual_9,38,0,0.0009,0.236567,4.55229,-0.682242,1.52577,0.508965,0.447017,0.0261662,0.0243959,0.0468914,0.0177731,0.0174822
259,residual_4,54,0,0.0009,0.317234,-0.0583716,-1.97187,1.5637,0.365206,0.359044,0.0259617,0.0235145,0.0454816,0.0160101,0.0162421
260,residual_3,212,0,0.0009,0.181646,-1.06811,2.3781,1.55899,0.386826,0.356307,0.0251221,0.0230169,0.0443734,0.0123066,0.0122425
260,residual_2,90,0,0.0009,0.0588534,-0.425841,0.27889,1.5634,0.361438,0.343569,0.0258192,0.0232182,0.0447415,0.0137922,0.0155492
260,residual_1,26,0,0.0009,0.0226319,1.86638,-2.07192,-0.0151872,0.363795,0.331162,0.0267123,0.0242627,0.0489055,0.0208506,0.0173198
245,residual_11,12,0,0.0009,0.0111919,1.80847,0.824658,1.31017,0.325609,0.300085,0.0268252,0.0250186,0.0531436,0.0178758,0.0220967
245,residual_10,29,0,0.0009,0.0611049,2.05132,-0.534158,1.5548,1.49969,0.254214,0.0260247,0.0304521,0.0443787,0.0296222,0.0173491
250,residual_9,38,0,0.0009,0.231346,4.55263,-0.682212,1.52475,0.507059,0.44627,0.0261168,0.0244258,0.0468657,0.0177971,0.0170067
260,residual_4,54,0,0.0009,0.308316,-0.0569468,-1.9737,1.56428,0.366048,0.358878,0.0260755,0.0235836,0.0455033,0.0162124,0.0169435
261,residual_3,212,0,0.0009,0.190042,-1.07044,2.37748,1.55791,0.385824,0.354259,0.0251557,0.0230106,0.044374,0.0122729,0.0122217
261,residual_2,90,0,0.0009,0.0506372,-0.426113,0.278553,1.56336,0.365466,0.346021,0.0258592,0.0232577,0.0447357,0.0138511,0.0156522
261,residual_1,26,0,0.0009,0.0158187,1.86673,-2.07124,-0.0156298,0.367486,0.33272,0.0266332,0.0243256,0.0489621,0.0204184,0.017539
246,residual_11,12,0,0.0009,0.00806406,1.80848,0.824457,1.31084,0.32701,0.300064,0.0269441,0.0251072,0.0531003,0.0181445,0.0225876
246,residual_10,28,0,0.0009,0.065668,2.05232,-0.533673,1.55479,1.49976,0.257397,0.0261093,0.0306157,0.0443863,0.0299868,0.0175741
251,residual_9,38,0,0.0009,0.228196,4.55322,-0.682448,1.52434,0.50549,0.445147,0.0260845,0.0244795,0.0468534,0.0178914,0.0166352
261,residual_4,54,0,0.0009,0.312469,-0.0556463,-1.97507,1.56429,0.366884,0.358723,0.0261903,0.0236495,0.0455232,0.0164224,0.0176181
262,residual_3,212,0,0.0009,0.173072,-1.07285,2.3773,1.55752,0.385894,0.351168,0.0251795,0.0230077,0.0443744,0.012258,0.0121927
262,residual_2,90,0,0.0009,0.0444002,-0.426497,0.278347,1.56292,0.368591,0.347875,0.0258875,0.0232742,0.0447337,0.0138182,0.0157039
262,residual_1,26,0,0.0009,0.0115865,1.86761,-2.071,-0.015304,0.370526,0.334602,0.0265606,0.0243375,0.0490036,0.020012,0.017605
247,residual_11,12,0,0.0009,0.00948412,1.8087,0.8242,1.30956,0.328343,0.299992,0.0270622,0.0251804,0.0530378,0.0183531,0.0230738
247,residual_10,29,0,0.0009,0.0550189,2.05325,-0.533218,1.55481,1.49982,0.260388,0.0261731,0.0307732,0.0443907,0.0303509,0.017773
252,residual_9,38,0,0.0009,0.227974,4.55375,-0.682492,1.52334,0.50404,0.443883,0.0260615,0.0244435,0.0468508,0.0178244,0.0163605
262,residual_4,54,0,0.0009,0.312713,-0.0547424,-1.97627,1.56524,0.367406,0.358617,0.0263061,0.0237175,0.0455423,0.0166594,0.0182687
263,residual_3,212,0,0.0009,0.16882,-1.07492,2.3774,1.55717,0.385982,0.348628,0.0251979,0.023005,0.044375,0.0122445,0.0121788
263,residual_2,90,0,0.0009,0.0409003,-0.426482,0.277718,1.56253,0.371874,0.350109,0.0259011,0.0233038,0.0447288,0.01389,0.0156675
263,residual_1,26,0,0.0009,0.0113505,1.86794,-2.07069,-0.0144749,0.373002,0.336443,0.0265201,0.0243396,0.049035,0.0197697,0.0176441
248,residual_11,12,0,0.0009,0.00931872,1.80884,0.82407,1.3089,0.329716,0.299946,0.0271842,0.0252429,0.0529759,0.0185393,0.0235544
248,residual_10,29,0,0.0009,0.0614737,2.05421,-0.532887,1.55496,1.49986,0.263475,0.0262265,0.0309259,0.0443947,0.030714,0.0179495
253,residual_9,38,0,0.0009,0.232527,4.554,-0.682522,1.52274,0.502679,0.443076,0.0260449,0.0244149,0.0468407,0.01776,0.0161446
263,residual_4,54,0,0.0009,0.31545,-0.0539281,-1.97708,1.5648,0.367769,0.358518,0.026421,0.0238636,0.0455568,0.0172792,0.0188975
264,residual_3,212,0,0.0009,0.160673,-1.07667,2.37711,1.55675,0.385578,0.346479,0.0252113,0.0230034,0.0443753,0.0122363,0.0121643
264,residual_2,90,0,0.0009,0.0352515,-0.4264,0.277632,1.56221,0.373874,0.352216,0.0259488,0.0232737,0.0447281,0.0137535,0.0157071
264,residual_1,26,0,0.0009,0.00962896,1.86874,-2.07085,-0.0152286,0.375647,0.337811,0.0264674,0.0243802,0.049062,0.0194719,0.0178039
249,residual_11,12,0,0.0009,0.00767424,1.80884,0.824141,1.30818,0.331099,0.299932,0.0273074,0.0252912,0.0529219,0.0187059,0.0240291
249,residual_10,29,0,0.0009,0.057899,2.05479,-0.532545,1.55506,1.49989,0.266315,0.0262712,0.0310727,0.0443985,0.0310756,0.0181058
254,residual_9,38,0,0.0009,0.232491,4.55423,-0.682417,1.52158,0.501241,0.442922,0.0260274,0.0244329,0.046824,0.0177784,0.0159436
264,residual_4,54,0,0.0009,0.309697,-0.0529584,-1.97824,1.56546,0.368425,0.358402,0.0265363,0.0239751,0.0455724,0.0177414,0.0195067
265,residual_3,212,0,0.0009,0.16228,-1.0784,2.37708,1.55629,0.385787,0.344416,0.0252208,0.0230026,0.0443756,0.0122323,0.0121496
265,residual_2,90,0,0.0009,0.0355035,-0.426151,0.277373,1.56207,0.37597,0.354519,0.0259925,0.0232717,0.0447233,0.0137638,0.0157929
265,residual_1,26,0,0.0009,0.00963482,1.86851,-2.07041,-0.014404,0.377129,0.339258,0.0264794,0.0243939,0.049063,0.0195006,0.0179203
250,residual_11,12,0,0.0009,0.010367,1.80828,0.824182,1.30744,0.332315,0.300002,0.027418,0.0253758,0.0529298,0.0189374,0.0244975
250,residual_10,29,0,0.0009,0.0550858,2.05575,-0.532394,1.55513,1.4999,0.268922,0.0263089,0.0312157,0.044402,0.0314355,0.0182445
255,residual_9,38,0,0.0009,0.23549,4.55421,-0.682441,1.52116,0.500102,0.442607,0.0260164,0.0244143,0.0468251,0.0177431,0.0157965
265,residual_4,54,0,0.0009,0.316767,-0.0523213,-1.97863,1.56536,0.368391,0.358321,0.0266504,0.0241232,0.0455784,0.0183803,0.020098
266,residual_3,212,0,0.0009,0.152363,-1.07975,2.37688,1.55571,0.385719,0.343161,0.0252281,0.0230019,0.0443761,0.0122291,0.0121424
266,residual_2,90,0,0.0009,0.026676,-0.426262,0.277145,1.56193,0.377802,0.3557,0.0260301,0.0232696,0.0447196,0.0137664,0.0158911
266,residual_1,26,0,0.0009,0.00857186,1.86912,-2.07069,-0.0144256,0.379487,0.340777,0.0264352,0.0243889,0.0490751,0.0192342,0.017919
251,residual_11,12,0,0.0009,0.00819934,1.80818,0.823981,1.30588,0.333411,0.299992,0.0275312,0.0254375,0.0529352,0.0191438,0.0249595
251,residual_10,29,0,0.0009,0.0560201,2.05688,-0.532101,1.5554,1.49993,0.271979,0.0263413,0.0313509,0.0444051,0.0317933,0.0183674
256,residual_9,38,0,0.0009,0.228404,4.55471,-0.682435,1.5201,0.499132,0.442009,0.0260091,0.0243972,0.0468267,0.0177009,0.0156821
266,residual_4,54,0,0.0009,0.315785,-0.0518602,-1.97937,1.56588,0.368887,0.358268,0.0267646,0.0242467,0.0455957,0.0189021,0.0206727
267,residual_3,212,0,0.0009,0.153426,-1.08087,2.37673,1.55516,0.385599,0.342153,0.0252338,0.0229999,0.0443769,0.0122166,0.0121371
267,residual_2,90,0,0.0009,0.0261689,-0.426024,0.276861,1.56175,0.37951,0.357146,0.0260425,0.0232666,0.0447176,0.0137405,0.0158302
267,residual_1,26,0,0.0009,0.00819044,1.8698,-2.07088,-0.014337,0.381828,0.341719,0.0263996,0.0244079,0.0491032,0.0190088,0.0180086
252,residual_11,12,0,0.0009,0.0133615,1.8085,0.823673,1.30396,0.334505,0.299914,0.027649,0.0254578,0.0529302,0.0192883,0.0254151
252,residual_10,29,0,0.0009,0.0567318,2.05783,-0.532053,1.55533,1.49993,0.274253,0.0263687,0.0314844,0.0444081,0.0321489,0.018476
257,residual_9,38,0,0.0009,0.225723,4.55509,-0.682395,1.51906,0.498346,0.440745,0.026014,0.0243507,0.0468313,0.0176279,0.015644
267,residual_4,54,0,0.0009,0.327249,-0.0513787,-1.97977,1.56561,0.368912,0.358208,0.0268777,0.0243875,0.0456031,0.0195053,0.0212322
268,residual_3,212,0,0.0009,0.152487,-1.08168,2.37651,1.55461,0.385433,0.341456,0.0252374,0.0229984,0.0443783,0.0122047,0.0121243
268,residual_2,90,0,0.0009,0.0262622,-0.426034,0.27652,1.56144,0.381065,0.358196,0.0260663,0.0232641,0.0447143,0.0137399,0.0158969
268,residual_1,26,0,0.0009,0.00784287,1.87013,-2.07069,-0.0136154,0.383545,0.342599,0.0264472,0.024432,0.0491292,0.0188236,0.018144
253,residual_11,12,0,0.0009,0.00746004,1.80865,0.823515,1.30301,0.335625,0.299874,0.0277652,0.025481,0.0529366,0.0194234,0.0258643
253,residual_10,29,0,0.0009,0.0471119,2.05878,-0.531829,1.55551,1.49995,0.276709,0.0264482,0.0316065,0.0444108,0.0325019,0.0185721
258,residual_9,38,0,0.0009,0.23273,4.55509,-0.682393,1.5186,0.497412,0.440358,0.0260152,0.0243196,0.0468295,0.0175684,0.0156012
268,residual_4,54,0,0.0009,0.320047,-0.0510003,-1.98037,1.56555,0.369715,0.358166,0.0269905,0.0244474,0.0456183,0.0197631,0.0217775
269,residual_3,212,0,0.0009,0.151249,-1.0824,2.37634,1.55416,0.385319,0.340886,0.0252407,0.0229971,0.0443791,0.0121964,0.0121234
269,residual_2,90,0,0.0009,0.027214,-0.426296,0.276501,1.56088,0.382107,0.358964,0.0260886,0.0232533,0.0447126,0.0136824,0.0159806
269,residual_1,26,0,0.0009,0.00592102,1.87057,-2.07059,-0.0132482,0.384784,0.343935,0.0264821,0.0244137,0.049146,0.0186644,0.0181088
254,residual_11,12,0,0.0009,0.00441619,1.80846,0.823758,1.30254,0.336468,0.299902,0.0278916,0.025472,0.0529079,0.0195025,0.0263071
254,residual_10,28,0,0.0009,0.0640106,2.05857,-0.531604,1.5558,1.49998,0.276735,0.0265981,0.0317256,0.044414,0.0328524,0.0191976
259,residual_9,38,0,0.0009,0.231248,4.55533,-0.68244,1.5179,0.496699,0.439812,0.0260084,0.0243263,0.0468382,0.0175572,0.0155251
269,residual_4,54,0,0.0009,0.316027,-0.0507536,-1.98091,1.56583,0.370301,0.358139,0.0271022,0.0245445,0.0456241,0.0201763,0.0223098
270,residual_3,212,0,0.0009,0.155259,-1.08316,2.37635,1.55367,0.385495,0.340455,0.0252424,0.0229973,0.0443799,0.0121981,0.0121153
270,residual_2,90,0,0.0009,0.0230231,-0.426229,0.276126,1.56096,0.383568,0.359947,0.0261021,0.0232796,0.0447069,0.0138213,0.0160139
270,residual_1,26,0,0.0009,0.00402896,1.87085,-2.07074,-0.0127735,0.385806,0.344951,0.0265591,0.0243906,0.0491071,0.0188068,0.0181559
255,residual_11,12,0,0.0009,0.00934644,1.80874,0.824136,1.30394,0.337632,0.29988,0.0280107,0.0254851,0.0528689,0.0195703,0.0267438
255,residual_10,29,0,0.0009,0.0527933,2.05955,-0.531545,1.5558,1.49998,0.27909,0.0266389,0.0318431,0.0444162,0.0332004,0.0192097
260,residual_9,38,0,0.0009,0.230514,4.55539,-0.682472,1.51744,0.495953,0.439472,0.0260123,0.0243,0.0468499,0.0175066,0.0155117
270,residual_4,54,0,0.0009,0.311007,-0.0504711,-1.98097,1.56564,0.370326,0.358103,0.0272128,0.0246787,0.045628,0.0207459,0.0228299
271,residual_3,212,0,0.0009,0.153277,-1.08372,2.37661,1.55368,0.385804,0.339813,0.0252443,0.0229978,0.04438,0.0122028,0.0121158
271,residual_2,90,0,0.0009,0.0287751,-0.426117,0.275761,1.56076,0.385004,0.360901,0.026114,0.0232853,0.0447029,0.0138517,0.0160493
271,residual_1,26,0,0.0009,0.00436952,1.87104,-2.07098,-0.0124126,0.386603,0.34582,0.0266123,0.0243643,0.049104,0.0188859,0.018149
256,residual_11,12,0,0.0009,0.0148652,1.8086,0.824012,1.30173,0.338388,0.299878,0.0281262,0.0254958,0.0528207,0.0196305,0.0271744
256,residual_10,30,0,0.0009,0.0474657,2.06043,-0.531398,1.55594,1.49999,0.281157,0.0266651,0.0319577,0.0444158,0.0335458,0.0192186
261,residual_9,38,0,0.0009,0.228396,4.55555,-0.682429,1.51675,0.495291,0.438935,0.0260068,0.0243081,0.0468464,0.0174891,0.0154586
271,residual_4,54,0,0.0009,0.316558,-0.0501405,-1.98161,1.5658,0.371004,0.358066,0.0273235,0.0247553,0.0456396,0.0210775,0.0233385
272,residual_3,212,0,0.0009,0.153731,-1.08446,2.37701,1.55393,0.38647,0.338744,0.0252448,0.0229983,0.0443809,0.0122044,0.0121062
272,residual_2,90,0,0.0009,0.024331,-0.426346,0.275659,1.56049,0.385775,0.360916,0.0262138,0.0232767,0.0446989,0.0138248,0.0167726
272,residual_1,26,0,0.0009,0.00885081,1.87109,-2.07092,-0.0116321,0.387669,0.346544,0.0266672,0.0243355,0.0490704,0.0190043,0.0181312
257,residual_11,12,0,0.0009,0.0220609,1.8086,0.823999,1.30114,0.339746,0.299868,0.0282264,0.0256064,0.0528298,0.0198343,0.027599
257,residual_10,30,0,0.0009,0.0539872,2.0613,-0.531298,1.55607,1.49999,0.283346,0.0266854,0.0320697,0.0444155,0.0338884,0.0192264
262,residual_9,38,0,0.0009,0.23116,4.55569,-0.682477,1.51646,0.49467,0.43866,0.0260062,0.0243074,0.0468691,0.0174649,0.0154371
272,residual_4,54,0,0.0009,0.327192,-0.0499152,-1.98213,1.56574,0.371666,0.358039,0.0274331,0.0248224,0.0456461,0.0213676,0.0238364
273,residual_3,212,0,0.0009,0.141567,-1.08492,2.37702,1.55333,0.386602,0.338313,0.0252456,0.022998,0.0443813,0.0122025,0.012104
273,residual_2,90,0,0.0009,0.0242146,-0.426126,0.275604,1.56011,0.386502,0.361754,0.026209,0.0232727,0.0446968,0.013803,0.0166841
273,residual_1,26,0,0.0009,0.0032884,1.87138,-2.0713,-0.0119246,0.388654,0.347231,0.0266497,0.0243843,0.049089,0.0188161,0.018252
258,residual_11,12,0,0.0009,0.00860405,1.80907,0.823803,1.30065,0.340629,0.299793,0.0283326,0.0256001,0.0528382,0.0199047,0.0280179
258,residual_10,29,0,0.0009,0.0552841,2.0622,-0.531356,1.55604,1.49998,0.285134,0.0267062,0.0321811,0.0444177,0.0342284,0.0192345
263,residual_9,38,0,0.0009,0.228058,4.55586,-0.682349,1.51553,0.494158,0.438012,0.0260022,0.0243171,0.0468758,0.017458,0.0153999
273,residual_4,54,0,0.0009,0.327513,-0.0497306,-1.9822,1.56543,0.37166,0.358016,0.027542,0.0249515,0.045652,0.0219078,0.0243242
274,residual_3,212,0,0.0009,0.146389,-1.08515,2.37684,1.55302,0.386416,0.338155,0.0252458,0.0229981,0.0443817,0.012203,0.0120982
274,residual_2,90,0,0.0009,0.0221223,-0.425946,0.275656,1.55986,0.386871,0.362554,0.0262043,0.0232637,0.0446955,0.0137525,0.0166105
274,residual_1,26,0,0.0009,0.00412793,1.87159,-2.07133,-0.011886,0.389787,0.347691,0.0266299,0.024456,0.0490677,0.0186532,0.0184422
259,residual_11,12,0,0.0009,0.0142686,1.80853,0.824161,1.30051,0.341496,0.299873,0.0284391,0.0255924,0.0528382,0.0199504,0.0284312
259,residual_10,29,0,0.0009,0.0536689,2.06295,-0.531367,1.55594,1.49997,0.286677,0.0267222,0.0322896,0.0444197,0.0345656,0.0192415
264,residual_9,38,0,0.0009,0.233724,4.55605,-0.68247,1.51538,0.493695,0.438061,0.0260054,0.0242996,0.0468846,0.0174395,0.0154023
274,residual_4,54,0,0.0009,0.316661,-0.0494209,-1.98269,1.56516,0.372207,0.35798,0.0276501,0.0250384,0.045656,0.0222753,0.0248026
275,residual_3,212,0,0.0009,0.150818,-1.0855,2.37676,1.5528,0.386377,0.337726,0.0252463,0.0229985,0.0443815,0.0122062,0.0120989
275,residual_2,90,0,0.0009,0.0260871,-0.42593,0.275562,1.55972,0.387543,0.363016,0.0262,0.0232584,0.0446943,0.0137182,0.0165483
275,residual_1,26,0,0.0009,0.00355548,1.87197,-2.07131,-0.0117534,0.390276,0.348491,0.0266749,0.0244195,0.0490537,0.0187986,0.0184145
260,residual_11,12,0,0.0009,0.00683435,1.80837,0.824295,1.30026,0.342247,0.299895,0.0285494,0.0255899,0.052791,0.0199676,0.0288391
260,residual_10,29,0,0.0009,0.0490366,2.06355,-0.531343,1.55592,1.49997,0.288228,0.0267346,0.0323959,0.0444216,0.0349002,0.0192476
265,residual_9,38,0,0.0009,0.238548,4.55567,-0.682393,1.51519,0.493114,0.438414,0.0259972,0.0243373,0.0468907,0.0174883,0.0153559
275,residual_4,54,0,0.0009,0.311045,-0.049206,-1.98291,1.56532,0.372242,0.357954,0.0277578,0.0251641,0.0456615,0.0227939,0.0252719
276,residual_3,213,0,0.0009,0.147148,-1.08612,2.37706,1.55367,0.386961,0.336834,0.0252461,0.0229984,0.0443823,0.0122051,0.0120924
276,residual_2,90,0,0.0009,0.0236204,-0.425761,0.275461,1.5594,0.388042,0.363611,0.0261962,0.023265,0.0446924,0.0137481,0.0164973
276,residual_1,26,0,0.0009,0.00231177,1.87209,-2.0718,-0.011943,0.390726,0.349506,0.0266802,0.0243965,0.0490757,0.0187695,0.0183463
261,residual_11,12,0,0.0009,0.00854752,1.80831,0.824277,1.2988,0.342822,0.299893,0.0286452,0.025623,0.0528145,0.0200758,0.0292416
261,residual_10,29,0,0.0009,0.0509989,2.06443,-0.531284,1.55609,1.49996,0.290353,0.0267448,0.0324996,0.0444232,0.035232,0.019254
266,residual_9,38,0,0.0009,0.233398,4.55579,-0.682438,1.51489,0.492713,0.438376,0.0259948,0.0243375,0.0468962,0.0174831,0.015332
276,residual_4,54,0,0.0009,0.317244,-0.0489654,-1.98316,1.56568,0.372725,0.357922,0.0278649,0.0252685,0.045662,0.0232269,0.0257328
277,residual_3,212,0,0.0009,0.141201,-1.0864,2.37748,1.55427,0.387582,0.336234,0.0252458,0.0229993,0.0443826,0.01221,0.0120875
277,residual_2,90,0,0.0009,0.0231871,-0.425456,0.27542,1.55932,0.388491,0.364562,0.0261927,0.0232622,0.0446914,0.0137346,0.0164554
277,residual_1,26,0,0.0009,0.00287409,1.87231,-2.07172,-0.0116036,0.391438,0.350135,0.0266621,0.0243915,0.0491093,0.0186163,0.0182909
262,residual_11,12,0,0.0009,0.00394676,1.80832,0.824463,1.29919,0.343656,0.299898,0.0287437,0.0256324,0.0528426,0.0201445,0.0296391
262,residual_10,29,0,0.0009,0.0519288,2.06518,-0.531274,1.55614,1.49994,0.291947,0.0267526,0.0326025,0.0444247,0.0355611,0.0192588
267,residual_9,38,0,0.0009,0.236113,4.5557,-0.68248,1.51436,0.492286,0.438092,0.0259999,0.0243128,0.0469039,0.017455,0.0153521
277,residual_4,54,0,0.0009,0.3199,-0.0488813,-1.98372,1.56574,0.37394,0.357918,0.0279723,0.0250947,0.045678,0.022613,0.0261856
278,residual_3,212,0,0.0009,0.141657,-1.08691,2.37757,1.55457,0.387775,0.335328,0.0252465,0.022999,0.0443825,0.0122098,0.0120913
278,residual_2,90,0,0.0009,0.0244335,-0.425488,0.275558,1.55881,0.388491,0.364778,0.0261894,0.0232573,0.0446907,0.0137037,0.0164194
278,residual_1,26,0,0.0009,0.00514556,1.87205,-2.07167,-0.0108388,0.391548,0.350724,0.0267456,0.0243774,0.0490787,0.0190231,0.0183268
263,residual_11,12,0,0.0009,0.00363683,1.80851,0.824549,1.29907,0.344352,0.299874,0.0288513,0.0256256,0.0527976,0.0201395,0.0300315
263,residual_10,29,0,0.0009,0.0476261,2.06575,-0.53108,1.55633,1.49997,0.292794,0.0267586,0.0326984,0.0444262,0.0358875,0.0192696
268,residual_9,38,0,0.0009,0.232627,4.55579,-0.682457,1.51399,0.491926,0.437768,0.0259958,0.0243235,0.0469045,0.0174581,0.0153224
278,residual_4,54,0,0.0009,0.325356,-0.0487394,-1.98367,1.56587,0.373949,0.357901,0.0280782,0.0252233,0.0456846,0.0231242,0.0266308
279,residual_3,212,0,0.0009,0.156347,-1.08695,2.37737,1.55428,0.387379,0.335483,0.0252468,0.0229989,0.0443825,0.01221,0.0120919
279,residual_2,90,0,0.0009,0.0244927,-0.425178,0.27562,1.5585,0.388532,0.365371,0.0261867,0.0232456,0.0446915,0.0136399,0.0163905
279,residual_1,26,0,0.0009,0.00436384,1.87251,-2.07204,-0.0108693,0.392573,0.351118,0.0267179,0.0243733,0.0491057,0.0188362,0.0182827
264,residual_11,12,0,0.0009,0.00288006,1.8087,0.824812,1.29912,0.345086,0.299858,0.028956,0.0256204,0.05276,0.0201352,0.0304192
264,residual_10,29,0,0.0009,0.0526475,2.06636,-0.53104,1.55637,1.49996,0.294231,0.0267635,0.0327986,0.0444275,0.0362113,0.0192724
269,residual_9,38,0,0.0009,0.22929,4.55579,-0.682493,1.51358,0.49158,0.437541,0.0259972,0.0243244,0.0469429,0.0174591,0.0153365
279,residual_4,54,0,0.0009,0.307048,-0.0484572,-1.98451,1.5666,0.374812,0.35787,0.0281842,0.0250798,0.045687,0.0226011,0.0270687
280,residual_3,212,0,0.0009,0.153469,-1.08727,2.3776,1.55457,0.387735,0.335122,0.0252468,0.0229986,0.0443831,0.0122081,0.0120895
280,residual_2,90,0,0.0009,0.0269202,-0.424896,0.275353,1.55836,0.389283,0.365969,0.0261838,0.023283,0.0446878,0.0138227,0.016366
280,residual_1,26,0,0.0009,0.00178452,1.87241,-2.072,-0.0114,0.392634,0.351481,0.0268038,0.0244138,0.0490496,0.0192844