cycle,ts,sweep,specialists,explainers,clusters,instances,idx,cx,cy,w,d,zmin,zmax,npts,ox,oy
1,1783541303967,2309,0,4,7,0,0,-0.714439,2.21963,0.161209,0.05,0.239444,0.399949,15,2.47913,1.96039
1,1783541303967,2309,0,4,7,0,1,-0.164629,0.297051,0.539807,0.291914,0.226162,0.421264,48,2.47913,1.96039
1,1783541303967,2309,0,4,7,0,2,2.0056,0.803356,0.426895,0.398629,0.155012,0.220461,141,2.47913,1.96039
1,1783541303967,2309,0,4,7,0,3,2.25938,0.102209,0.404874,0.226255,0.16292,0.224202,58,2.47913,1.96039
1,1783541303967,2309,0,4,7,0,4,2.03958,-1.93484,0.394803,0.05,0.327332,0.331081,15,2.47913,1.96039
1,1783541303967,2309,0,4,7,0,5,4.50116,-0.444354,0.0919988,0.0549763,0.245834,0.406959,10,2.47913,1.96039
1,1783541303967,2309,0,4,7,0,6,4.93822,-0.717416,0.573656,0.0872532,0.202448,0.545454,27,2.47913,1.96039
2,1783541304057,15290,0,4,11,0,0,4.7316,-0.600882,1.00996,0.876308,0.199367,1.44591,184,2.47913,1.96039
2,1783541304057,15290,0,4,11,0,1,2.06262,0.272988,1.87103,0.934961,0.155546,1.30074,409,2.47913,1.96039
2,1783541304057,15290,0,4,11,0,2,2.27754,-0.977776,0.379772,0.05,0.334032,0.345172,19,2.47913,1.96039
2,1783541304057,15290,0,4,11,0,3,2.05963,-1.9678,0.438313,0.0991319,0.230443,0.525357,53,2.47913,1.96039
2,1783541304057,15290,0,4,11,0,4,0.210306,-1.99255,0.632346,0.381258,0.255406,0.602047,66,2.47913,1.96039
2,1783541304057,15290,0,4,11,0,5,-0.119352,0.327223,0.567304,0.491496,0.22708,0.901206,143,2.47913,1.96039
2,1783541304057,15290,0,4,11,0,6,-2.3662,-1.17808,0.149222,0.109223,0.298884,0.69501,14,2.47913,1.96039
2,1783541304057,15290,0,4,11,0,7,-3.33803,-0.393501,1.42253,0.392867,0.396974,0.875214,37,2.47913,1.96039
2,1783541304057,15290,0,4,11,0,8,-3.74919,-1.17487,0.196454,0.05,0.371176,0.613032,9,2.47913,1.96039
2,1783541304057,15290,0,4,11,0,9,-2.35295,0.116709,0.188702,0.0754301,0.391976,0.738507,16,2.47913,1.96039
2,1783541304057,15290,0,4,11,0,10,-0.869585,2.25423,0.537396,0.381782,0.239008,0.616006,86,2.47913,1.96039
3,1783541304162,15281,0,4,16,0,0,4.65355,-0.532568,1.38748,0.948537,0.202767,1.21548,186,2.47913,1.96039
3,1783541304162,15281,0,4,16,0,1,2.27174,-0.207113,0.799811,0.437709,0.158112,1.34287,218,2.47913,1.96039
3,1783541304162,15281,0,4,16,0,2,2.27838,-0.980459,0.381706,0.05,0.332772,0.34174,19,2.47913,1.96039
3,1783541304162,15281,0,4,16,0,3,2.05999,-1.96693,0.437793,0.0975666,0.230672,0.527217,53,2.47913,1.96039
3,1783541304162,15281,0,4,16,0,4,2.00935,0.788475,0.476456,0.426012,0.155014,0.310005,189,2.47913,1.96039
3,1783541304162,15281,0,4,16,0,5,0.15039,-1.90734,0.840936,0.373586,0.255639,0.601805,67,2.47913,1.96039
3,1783541304162,15281,0,4,16,0,6,-0.174304,0.284638,0.568009,0.337613,0.225542,0.591919,140,2.47913,1.96039
3,1783541304162,15281,0,4,16,0,7,-2.37056,-1.18364,0.145159,0.114202,0.297103,0.694844,14,2.47913,1.96039
3,1783541304162,15281,0,4,16,0,8,-3.34441,-0.396698,1.4225,0.408061,0.396681,0.875238,37,2.47913,1.96039
3,1783541304162,15281,0,4,16,0,9,-3.74759,-1.17544,0.196718,0.05,0.372384,0.612317,9,2.47913,1.96039
3,1783541304162,15281,0,4,16,0,10,-2.35242,0.120761,0.190197,0.0857906,0.390725,0.738476,16,2.47913,1.96039
3,1783541304162,15281,0,4,16,0,11,-0.863206,2.2537,0.535531,0.39087,0.238749,0.616697,86,2.47913,1.96039
3,1783541304162,15281,0,4,16,0,12,3.43169,0.530932,1.7517,1.20347,0.199085,1.55825,65,2.47913,1.96039
3,1783541304162,15281,0,4,16,0,13,3.92966,0.157907,0.717232,0.291803,0.377941,0.799925,8,2.47913,1.96039
3,1783541304162,15281,0,4,16,0,14,4.33865,1.16488,0.753709,0.341694,0.354119,0.403737,10,2.47913,1.96039
3,1783541304162,15281,0,4,16,0,15,4.25918,3.06858,1.51047,1.04084,0.348081,1.5611,71,2.47913,1.96039
4,1783541304258,15291,0,4,16,0,0,4.47074,-0.288764,1.79277,1.08175,0.20106,1.50189,199,2.47913,1.96039
4,1783541304258,15291,0,4,16,0,1,3.0294,-0.25499,2.25454,2.35052,0.156004,1.6449,318,2.47913,1.96039
4,1783541304258,15291,0,4,16,0,2,2.05969,-1.94993,0.436918,0.114941,0.232948,0.525813,53,2.47913,1.96039
4,1783541304258,15291,0,4,16,0,3,2.00978,0.77753,0.464341,0.42655,0.155001,0.30936,192,2.47913,1.96039
4,1783541304258,15291,0,4,16,0,4,0.211758,-1.99084,0.63569,0.366442,0.255564,0.602149,66,2.47913,1.96039
4,1783541304258,15291,0,4,16,0,5,-0.169301,0.285235,0.565906,0.364224,0.227778,0.590148,140,2.47913,1.96039
4,1783541304258,15291,0,4,16,0,6,-2.37007,-1.18079,0.149787,0.124075,0.297441,0.694359,14,2.47913,1.96039
4,1783541304258,15291,0,4,16,0,7,-3.34313,-0.395176,1.41952,0.388829,0.396433,0.874959,37,2.47913,1.96039
4,1783541304258,15291,0,4,16,0,8,-3.74182,-1.17495,0.196294,0.05,0.372433,0.613336,9,2.47913,1.96039
4,1783541304258,15291,0,4,16,0,9,-2.35465,0.117879,0.188324,0.0802578,0.393127,0.738518,16,2.47913,1.96039
4,1783541304258,15291,0,4,16,0,10,-0.86243,2.25335,0.538621,0.374382,0.237592,0.618034,86,2.47913,1.96039
4,1783541304258,15291,0,4,16,0,11,4.56457,0.845886,1.14744,0.573339,0.283111,1.45837,19,2.47913,1.96039
4,1783541304258,15291,0,4,16,0,12,1.04151,-1.21515,0.740894,0.4142,1.20985,1.41717,9,2.47913,1.96039
4,1783541304258,15291,0,4,16,0,13,3.9837,-2.2736,1.10709,0.464907,1.02017,1.27061,12,2.47913,1.96039
4,1783541304258,15291,0,4,16,0,14,4.14652,-1.5354,1.18033,0.313196,0.597586,1.30026,12,2.47913,1.96039
4,1783541304258,15291,0,4,16,0,15,3.83978,3.01501,0.897048,0.499989,0.546978,1.17424,20,2.47913,1.96039
5,1783541304351,15287,0,4,13,0,0,4.7491,-0.704937,0.776722,0.754696,0.202091,1.21514,175,2.47913,1.96039
5,1783541304351,15287,0,4,13,0,1,2.27123,-0.207732,0.812116,0.438815,0.15502,0.345254,218,2.47913,1.96039
5,1783541304351,15287,0,4,13,0,2,2.27752,-0.981687,0.379888,0.05,0.33355,0.341031,19,2.47913,1.96039
5,1783541304351,15287,0,4,13,0,3,2.06072,-1.92055,0.43563,0.188017,0.231588,1.06225,54,2.47913,1.96039
5,1783541304351,15287,0,4,13,0,4,2.00367,0.78389,0.472599,0.418898,0.15804,0.3146,184,2.47913,1.96039
5,1783541304351,15287,0,4,13,0,5,0.17101,-1.98378,0.723764,0.443733,0.255771,0.716117,68,2.47913,1.96039
5,1783541304351,15287,0,4,13,0,6,-0.177216,0.281423,0.568411,0.344404,0.225445,0.593663,140,2.47913,1.96039
5,1783541304351,15287,0,4,13,0,7,-2.38045,-1.19397,0.146879,0.129078,0.294765,0.694856,14,2.47913,1.96039
5,1783541304351,15287,0,4,13,0,8,-3.3347,-0.391728,1.42369,0.388149,0.396621,0.875253,37,2.47913,1.96039
5,1783541304351,15287,0,4,13,0,9,-3.74129,-1.17429,0.189242,0.05,0.371928,0.613074,9,2.47913,1.96039
5,1783541304351,15287,0,4,13,0,10,-2.35593,0.117813,0.189912,0.0810073,0.391387,0.738374,16,2.47913,1.96039
5,1783541304351,15287,0,4,13,0,11,-0.864547,2.26048,0.527913,0.403091,0.237796,0.618515,86,2.47913,1.96039
5,1783541304351,15287,0,4,13,0,12,6.3055,3.01644,0.324412,0.15737,0.547727,0.685035,6,2.47913,1.96039
6,1783541304456,15280,0,4,13,0,0,4.73536,-0.68785,0.831197,0.749522,0.200106,1.21514,177,2.47913,1.96039
6,1783541304456,15280,0,4,13,0,1,2.27089,-0.205699,0.805857,0.437163,0.155011,0.34431,218,2.47913,1.96039
6,1783541304456,15280,0,4,13,0,2,2.27772,-0.976446,0.38005,0.05,0.334445,0.34396,19,2.47913,1.96039
6,1783541304456,15280,0,4,13,0,3,2.05957,-1.96859,0.439072,0.0934473,0.230533,0.526698,53,2.47913,1.96039
6,1783541304456,15280,0,4,13,0,4,2.00457,0.789001,0.465865,0.422294,0.155379,0.309573,184,2.47913,1.96039
6,1783541304456,15280,0,4,13,0,5,0.192512,-1.9639,0.7125,0.377976,0.255738,0.602132,67,2.47913,1.96039
6,1783541304456,15280,0,4,13,0,6,-0.178507,0.281691,0.56943,0.342135,0.227694,0.589649,140,2.47913,1.96039
6,1783541304456,15280,0,4,13,0,7,-2.37138,-1.1868,0.146919,0.113112,0.298746,0.69496,14,2.47913,1.96039
6,1783541304456,15280,0,4,13,0,8,-3.33941,-0.394428,1.42219,0.388801,0.396937,0.875158,37,2.47913,1.96039
6,1783541304456,15280,0,4,13,0,9,-3.74861,-1.17765,0.198239,0.05,0.371983,0.612031,9,2.47913,1.96039
6,1783541304456,15280,0,4,13,0,10,-2.35636,0.119511,0.190646,0.075754,0.392524,0.738501,16,2.47913,1.96039
6,1783541304456,15280,0,4,13,0,11,-0.863741,2.25637,0.538035,0.390133,0.239207,0.616644,86,2.47913,1.96039
6,1783541304456,15280,0,4,13,0,12,4.61512,0.749555,0.691101,0.26507,0.341772,0.380133,8,2.47913,1.96039
7,1783541304551,15293,0,4,14,0,0,4.75601,-0.71457,0.795282,0.755601,0.202713,1.21531,175,2.47913,1.96039
7,1783541304551,15293,0,4,14,0,1,2.27002,-0.20618,0.806749,0.437572,0.155087,0.344919,220,2.47913,1.96039
7,1783541304551,15293,0,4,14,0,2,2.27799,-0.981071,0.380374,0.05,0.333419,0.341172,19,2.47913,1.96039
7,1783541304551,15293,0,4,14,0,3,2.05973,-1.96716,0.437354,0.1016,0.230645,0.526144,53,2.47913,1.96039
7,1783541304551,15293,0,4,14,0,4,2.01144,0.786949,0.469428,0.422314,0.155963,0.311313,190,2.47913,1.96039
7,1783541304551,15293,0,4,14,0,5,0.215347,-1.9966,0.644716,0.365178,0.255726,0.601615,66,2.47913,1.96039
7,1783541304551,15293,0,4,14,0,6,-0.175926,0.281177,0.566152,0.34408,0.227442,0.589866,140,2.47913,1.96039
7,1783541304551,15293,0,4,14,0,7,-2.37254,-1.18461,0.147276,0.107879,0.297485,0.694969,14,2.47913,1.96039
7,1783541304551,15293,0,4,14,0,8,-3.33348,-0.392862,1.42302,0.407502,0.39638,0.875585,37,2.47913,1.96039
7,1783541304551,15293,0,4,14,0,9,-3.74607,-1.17899,0.196593,0.05,0.37264,0.612017,9,2.47913,1.96039
7,1783541304551,15293,0,4,14,0,10,-2.35612,0.120606,0.192509,0.109205,0.390408,0.738426,16,2.47913,1.96039
7,1783541304551,15293,0,4,14,0,11,-0.862503,2.25652,0.535489,0.384055,0.238666,0.617033,86,2.47913,1.96039
7,1783541304551,15293,0,4,14,0,12,4.23548,2.88292,0.449934,0.128847,0.438657,1.47491,6,2.47913,1.96039
7,1783541304551,15293,0,4,14,0,13,3.93169,1.25626,0.683894,0.192992,0.250379,1.44669,6,2.47913,1.96039
8,1783541304685,15287,0,4,13,0,0,4.74913,-0.705154,0.776172,0.756547,0.203044,1.21532,176,2.47913,1.96039
8,1783541304685,15287,0,4,13,0,1,2.32288,-0.204215,0.802838,0.536865,0.155697,0.740773,216,2.47913,1.96039
8,1783541304685,15287,0,4,13,0,2,2.27842,-0.980614,0.381237,0.05,0.331937,0.342817,19,2.47913,1.96039
8,1783541304685,15287,0,4,13,0,3,2.05932,-1.96935,0.437596,0.0981974,0.23076,0.526798,53,2.47913,1.96039
8,1783541304685,15287,0,4,13,0,4,2.00757,0.78065,0.464646,0.420745,0.155034,0.312011,191,2.47913,1.96039
8,1783541304685,15287,0,4,13,0,5,0.214199,-1.99478,0.641384,0.368452,0.255574,0.601423,66,2.47913,1.96039
8,1783541304685,15287,0,4,13,0,6,-0.175384,0.281919,0.568811,0.356879,0.225688,0.593376,140,2.47913,1.96039
8,1783541304685,15287,0,4,13,0,7,-2.37253,-1.18396,0.147646,0.121911,0.296819,0.694963,14,2.47913,1.96039
8,1783541304685,15287,0,4,13,0,8,-3.34208,-0.396925,1.42489,0.412529,0.396623,0.875428,37,2.47913,1.96039
8,1783541304685,15287,0,4,13,0,9,-3.7487,-1.17459,0.197958,0.05,0.372693,0.612081,9,2.47913,1.96039
8,1783541304685,15287,0,4,13,0,10,-2.35863,0.118029,0.190353,0.082186,0.392825,0.73849,16,2.47913,1.96039
8,1783541304685,15287,0,4,13,0,11,-0.865894,2.26172,0.533839,0.390231,0.23756,0.617445,86,2.47913,1.96039
8,1783541304685,15287,0,4,13,0,12,4.17864,0.678464,0.458841,0.184438,0.3602,1.55782,7,2.47913,1.96039
9,1783541304751,15302,0,4,12,3,0,4.50529,-0.589004,2.22018,1.28338,0.202262,1.43625,240,2.47913,1.96039
9,1783541304751,15302,0,4,12,3,1,2.57682,-0.0636108,2.47885,1.88701,0.155036,1.52661,479,2.47913,1.96039
9,1783541304751,15302,0,4,12,3,2,2.11186,-1.93139,0.534271,0.185492,0.231199,1.06973,55,2.47913,1.96039
9,1783541304751,15302,0,4,12,3,3,0.211664,-1.99156,0.627683,0.37418,0.255398,0.602386,66,2.47913,1.96039
9,1783541304751,15302,0,4,12,3,4,-0.176461,0.281394,0.566206,0.358763,0.227032,0.589376,140,2.47913,1.96039
9,1783541304751,15302,0,4,12,3,5,-2.37025,-1.18417,0.145865,0.111687,0.297207,0.695785,14,2.47913,1.96039
9,1783541304751,15302,0,4,12,3,6,-3.33421,-0.394377,1.42467,0.394298,0.396523,0.8754,37,2.47913,1.96039
9,1783541304751,15302,0,4,12,3,7,-3.74584,-1.17689,0.191476,0.05,0.371623,0.613284,9,2.47913,1.96039
9,1783541304751,15302,0,4,12,3,8,-2.35518,0.118189,0.189032,0.082051,0.393469,0.738523,16,2.47913,1.96039
9,1783541304751,15302,0,4,12,3,9,-0.85946,2.25318,0.539158,0.38693,0.238393,0.617125,86,2.47913,1.96039
9,1783541304751,15302,0,4,12,3,10,3.92358,-1.48466,0.384981,0.332187,0.41154,1.42344,9,2.47913,1.96039
9,1783541304751,15302,0,4,12,3,11,3.38137,3.23043,0.591169,0.272809,0.685416,1.54448,8,2.47913,1.96039
10,1783541304873,15287,0,4,15,8,0,4.54399,-0.0987976,2.0017,1.5196,0.202724,1.44165,238,2.47913,1.96039
10,1783541304873,15287,0,4,15,8,1,2.27102,-0.203436,0.810632,0.437005,0.157579,0.344446,215,2.47913,1.96039
10,1783541304873,15287,0,4,15,8,2,2.27829,-0.98261,0.381351,0.05,0.333468,0.340824,19,2.47913,1.96039
10,1783541304873,15287,0,4,15,8,3,2.06006,-1.9643,0.436864,0.0896882,0.232173,0.526025,53,2.47913,1.96039
10,1783541304873,15287,0,4,15,8,4,2.12262,0.799843,0.551278,0.626351,0.155101,0.32345,190,2.47913,1.96039
10,1783541304873,15287,0,4,15,8,5,0.208792,-1.99244,0.630293,0.370812,0.254091,0.602321,66,2.47913,1.96039
10,1783541304873,15287,0,4,15,8,6,-0.174171,0.281531,0.567265,0.351122,0.226944,0.592435,140,2.47913,1.96039
10,1783541304873,15287,0,4,15,8,7,-2.37675,-1.18704,0.148301,0.113451,0.297971,0.695083,14,2.47913,1.96039
10,1783541304873,15287,0,4,15,8,8,-3.33837,-0.393522,1.42146,0.394051,0.396779,0.87527,37,2.47913,1.96039
10,1783541304873,15287,0,4,15,8,9,-3.74794,-1.1774,0.198737,0.05,0.373031,0.612529,9,2.47913,1.96039
10,1783541304873,15287,0,4,15,8,10,-2.36012,0.117379,0.190721,0.0893704,0.39156,0.739021,16,2.47913,1.96039
10,1783541304873,15287,0,4,15,8,11,-0.872804,2.25418,0.540326,0.390639,0.238579,0.616921,86,2.47913,1.96039
10,1783541304873,15287,0,4,15,8,12,3.11717,1.2676,0.79855,0.207757,0.22135,1.31657,10,2.47913,1.96039
10,1783541304873,15287,0,4,15,8,13,5.25625,0.341732,0.549062,0.294338,0.481692,1.19553,8,2.47913,1.96039
10,1783541304873,15287,0,4,15,8,14,5.18664,2.92744,1.82288,0.735374,0.352487,1.30636,43,2.47913,1.96039
11,1783541304944,15300,0,4,14,8,0,3.69491,0.41048,3.09861,2.58475,0.155392,1.57534,470,2.47913,1.96039
11,1783541304944,15300,0,4,14,8,1,4.52426,-0.948384,0.116606,0.067018,0.282293,0.554801,15,2.47913,1.96039
11,1783541304944,15300,0,4,14,8,2,2.27805,-0.979216,0.380475,0.05,0.334139,0.342382,19,2.47913,1.96039
11,1783541304944,15300,0,4,14,8,3,2.0593,-1.9696,0.438255,0.0926709,0.230949,0.526098,53,2.47913,1.96039
11,1783541304944,15300,0,4,14,8,4,2.00846,0.779741,0.465535,0.417629,0.15519,0.309208,188,2.47913,1.96039
11,1783541304944,15300,0,4,14,8,5,0.2079,-1.99504,0.631814,0.373635,0.25512,0.601434,66,2.47913,1.96039
11,1783541304944,15300,0,4,14,8,6,-0.178952,0.277192,0.5665,0.351139,0.228044,0.592772,140,2.47913,1.96039
11,1783541304944,15300,0,4,14,8,7,-2.37252,-1.18385,0.149615,0.105051,0.29824,0.695177,14,2.47913,1.96039
11,1783541304944,15300,0,4,14,8,8,-3.34364,-0.40017,1.42873,0.40061,0.396798,0.875227,37,2.47913,1.96039
11,1783541304944,15300,0,4,14,8,9,-3.73711,-1.1734,0.196894,0.05,0.372355,0.613646,9,2.47913,1.96039
11,1783541304944,15300,0,4,14,8,10,-2.35645,0.118898,0.190597,0.0929968,0.391632,0.738272,16,2.47913,1.96039
11,1783541304944,15300,0,4,14,8,11,-0.862053,2.25829,0.530483,0.375569,0.239203,0.61781,86,2.47913,1.96039
11,1783541304944,15300,0,4,14,8,12,3.89324,3.16213,0.704585,0.387516,0.583973,1.18841,26,2.47913,1.96039
11,1783541304944,15300,0,4,14,8,13,4.71659,2.85966,1.04497,0.388587,0.40234,1.09667,13,2.47913,1.96039
12,1783541305040,15298,0,4,14,8,0,4.77813,-0.553316,0.949481,0.499781,0.202058,1.22982,163,2.47913,1.96039
12,1783541305040,15298,0,4,14,8,1,4.52625,-0.952127,0.119367,0.0733202,0.281945,0.555827,15,2.47913,1.96039
12,1783541305040,15298,0,4,14,8,2,2.27255,-0.210442,0.804147,0.435747,0.159526,0.35768,216,2.47913,1.96039
12,1783541305040,15298,0,4,14,8,3,2.27772,-0.97891,0.380398,0.05,0.334957,0.342629,19,2.47913,1.96039
12,1783541305040,15298,0,4,14,8,4,2.06031,-1.96665,0.43752,0.0877955,0.231402,0.525717,53,2.47913,1.96039
12,1783541305040,15298,0,4,14,8,5,2.00409,0.767913,0.492257,0.420276,0.155165,0.307232,187,2.47913,1.96039
12,1783541305040,15298,0,4,14,8,6,0.215125,-1.99117,0.634217,0.371885,0.253582,0.601497,66,2.47913,1.96039
12,1783541305040,15298,0,4,14,8,7,-0.174229,0.282441,0.566395,0.340974,0.227295,0.590268,140,2.47913,1.96039
12,1783541305040,15298,0,4,14,8,8,-2.37297,-1.1835,0.150543,0.10502,0.29873,0.694408,14,2.47913,1.96039
12,1783541305040,15298,0,4,14,8,9,-3.34771,-0.399168,1.42376,0.400187,0.396554,0.874996,37,2.47913,1.96039
12,1783541305040,15298,0,4,14,8,10,-3.75045,-1.17784,0.198119,0.05,0.371901,0.612433,9,2.47913,1.96039
12,1783541305040,15298,0,4,14,8,11,-2.35301,0.118459,0.188586,0.0743696,0.393012,0.739329,16,2.47913,1.96039
12,1783541305040,15298,0,4,14,8,12,-0.866403,2.25515,0.535251,0.403541,0.238396,0.619062,86,2.47913,1.96039
12,1783541305040,15298,0,4,14,8,13,5.54465,2.86421,0.659054,0.163882,0.580765,1.29793,7,2.47913,1.96039
13,1783541305172,15279,0,4,12,8,0,4.74973,-0.705752,0.775022,0.753739,0.20319,1.21479,175,2.47913,1.96039
13,1783541305172,15279,0,4,12,8,1,2.27136,-0.203031,0.804627,0.438318,0.163475,0.344697,214,2.47913,1.96039
13,1783541305172,15279,0,4,12,8,2,2.27852,-0.979173,0.381458,0.05,0.333041,0.342043,19,2.47913,1.96039
13,1783541305172,15279,0,4,12,8,3,2.06001,-1.96849,0.436797,0.0895039,0.231454,0.526675,53,2.47913,1.96039
13,1783541305172,15279,0,4,12,8,4,2.00673,0.785549,0.457965,0.414584,0.155256,0.30988,186,2.47913,1.96039
13,1783541305172,15279,0,4,12,8,5,0.213171,-1.99256,0.631331,0.375175,0.255192,0.601635,66,2.47913,1.96039
13,1783541305172,15279,0,4,12,8,6,-0.165867,0.28676,0.566265,0.348038,0.228336,0.590194,140,2.47913,1.96039
13,1783541305172,15279,0,4,12,8,7,-2.374,-1.18758,0.146192,0.110256,0.29683,0.695537,14,2.47913,1.96039
13,1783541305172,15279,0,4,12,8,8,-3.34169,-0.395615,1.42291,0.402147,0.396551,0.87522,37,2.47913,1.96039
13,1783541305172,15279,0,4,12,8,9,-3.74913,-1.17412,0.191909,0.05,0.372051,0.612439,9,2.47913,1.96039
13,1783541305172,15279,0,4,12,8,10,-2.3617,0.115771,0.189739,0.0905275,0.392352,0.73932,16,2.47913,1.96039
13,1783541305172,15279,0,4,12,8,11,-0.867754,2.25419,0.540331,0.397496,0.238482,0.616465,86,2.47913,1.96039
14,1783541305271,15278,0,4,13,8,0,4.74071,-0.695199,0.790633,0.757263,0.202817,1.21531,176,2.47913,1.96039
14,1783541305271,15278,0,4,13,8,1,2.2701,-0.200166,0.810235,0.437323,0.157949,0.343764,215,2.47913,1.96039
14,1783541305271,15278,0,4,13,8,2,2.27832,-0.981706,0.381079,0.05,0.333118,0.341179,19,2.47913,1.96039
14,1783541305271,15278,0,4,13,8,3,2.05974,-1.96874,0.437486,0.09197,0.231134,0.526649,53,2.47913,1.96039
14,1783541305271,15278,0,4,13,8,4,2.00471,0.780062,0.466104,0.414862,0.155192,0.31215,187,2.47913,1.96039
14,1783541305271,15278,0,4,13,8,5,0.210655,-1.99281,0.629248,0.36474,0.254661,0.602098,66,2.47913,1.96039
14,1783541305271,15278,0,4,13,8,6,-0.172913,0.283056,0.566935,0.350644,0.227911,0.593238,140,2.47913,1.96039
14,1783541305271,15278,0,4,13,8,7,-2.37521,-1.18765,0.147303,0.103489,0.297685,0.694926,14,2.47913,1.96039
14,1783541305271,15278,0,4,13,8,8,-3.35287,-0.399583,1.4215,0.426427,0.396327,0.875294,37,2.47913,1.96039
14,1783541305271,15278,0,4,13,8,9,-3.74509,-1.17573,0.197021,0.05,0.372605,0.612883,9,2.47913,1.96039
14,1783541305271,15278,0,4,13,8,10,-2.35167,0.121614,0.1907,0.0882545,0.39244,0.739037,16,2.47913,1.96039
14,1783541305271,15278,0,4,13,8,11,-0.865425,2.25424,0.538831,0.400919,0.239374,0.616197,86,2.47913,1.96039
14,1783541305271,15278,0,4,13,8,12,4.16716,0.565826,0.382981,0.262113,0.745765,1.59759,6,2.47913,1.96039
15,1783541305363,15272,0,4,12,8,0,4.75466,-0.71158,0.77831,0.757006,0.200873,1.2153,175,2.47913,1.96039
15,1783541305363,15272,0,4,12,8,1,2.27057,-0.203308,0.794697,0.439766,0.159802,0.344897,215,2.47913,1.96039
15,1783541305363,15272,0,4,12,8,2,2.27843,-0.977162,0.380869,0.05,0.33363,0.343522,19,2.47913,1.96039
15,1783541305363,15272,0,4,12,8,3,2.05985,-1.97094,0.437167,0.0989184,0.230141,0.525427,53,2.47913,1.96039
15,1783541305363,15272,0,4,12,8,4,2.00632,0.783455,0.465613,0.416838,0.15503,0.313112,186,2.47913,1.96039
15,1783541305363,15272,0,4,12,8,5,0.212949,-1.98698,0.624508,0.376657,0.256341,0.601733,66,2.47913,1.96039
15,1783541305363,15272,0,4,12,8,6,-0.177332,0.281572,0.568221,0.346771,0.225719,0.592268,140,2.47913,1.96039
15,1783541305363,15272,0,4,12,8,7,-2.36989,-1.18312,0.146912,0.119338,0.29751,0.69528,14,2.47913,1.96039
15,1783541305363,15272,0,4,12,8,8,-3.34825,-0.399263,1.42313,0.393365,0.396459,0.874913,37,2.47913,1.96039
15,1783541305363,15272,0,4,12,8,9,-3.7472,-1.17489,0.197683,0.05,0.372571,0.6123,9,2.47913,1.96039
15,1783541305363,15272,0,4,12,8,10,-2.36506,0.117308,0.193769,0.107636,0.391835,0.738383,16,2.47913,1.96039
15,1783541305363,15272,0,4,12,8,11,-0.862042,2.2552,0.540627,0.410529,0.239297,0.616601,86,2.47913,1.96039
16,1783541305467,15295,0,4,12,8,0,4.75385,-0.710261,0.776587,0.756977,0.202771,1.33049,178,2.47913,1.96039
16,1783541305467,15295,0,4,12,8,1,2.15339,0.220354,1.72789,0.586316,0.155101,0.420658,409,2.47913,1.96039
16,1783541305467,15295,0,4,12,8,2,2.27758,-0.980393,0.379761,0.05,0.33428,0.342496,19,2.47913,1.96039
16,1783541305467,15295,0,4,12,8,3,2.05992,-1.96278,0.436287,0.0848475,0.233249,0.526221,53,2.47913,1.96039
16,1783541305467,15295,0,4,12,8,4,0.21245,-1.99234,0.635931,0.37283,0.255443,0.602093,66,2.47913,1.96039
16,1783541305467,15295,0,4,12,8,5,-0.172668,0.284475,0.566594,0.348166,0.228335,0.590611,140,2.47913,1.96039
16,1783541305467,15295,0,4,12,8,6,-2.37299,-1.18455,0.14689,0.110199,0.297251,0.695066,14,2.47913,1.96039
16,1783541305467,15295,0,4,12,8,7,-3.34014,-0.397285,1.42619,0.403454,0.396234,0.875411,37,2.47913,1.96039
16,1783541305467,15295,0,4,12,8,8,-3.7445,-1.17401,0.199613,0.05,0.372941,0.612668,9,2.47913,1.96039
16,1783541305467,15295,0,4,12,8,9,-2.35237,0.118652,0.189316,0.0914531,0.39222,0.739263,16,2.47913,1.96039
16,1783541305467,15295,0,4,12,8,10,-0.858141,2.25635,0.531013,0.394567,0.239,0.61847,86,2.47913,1.96039
16,1783541305467,15295,0,4,12,8,11,4.18967,0.938826,0.799096,0.250666,0.521622,1.34281,9,2.47913,1.96039
17,1783541305558,15284,0,4,11,8,0,4.75236,-0.708221,0.781046,0.754942,0.202961,1.2153,175,2.47913,1.96039
17,1783541305558,15284,0,4,11,8,1,2.26854,-0.400048,1.1886,0.43803,0.156835,0.531819,235,2.47913,1.96039
17,1783541305558,15284,0,4,11,8,2,2.06027,-1.96102,0.438099,0.100837,0.231214,0.525786,53,2.47913,1.96039
17,1783541305558,15284,0,4,11,8,3,2.00448,0.787326,0.465818,0.421196,0.155139,0.308621,184,2.47913,1.96039
17,1783541305558,15284,0,4,11,8,4,0.216816,-1.99114,0.638959,0.375338,0.254678,0.601705,66,2.47913,1.96039
17,1783541305558,15284,0,4,11,8,5,-0.174415,0.280229,0.566541,0.344524,0.228234,0.590195,140,2.47913,1.96039
17,1783541305558,15284,0,4,11,8,6,-2.37324,-1.18606,0.146397,0.101383,0.297777,0.695131,14,2.47913,1.96039
17,1783541305558,15284,0,4,11,8,7,-3.33674,-0.39305,1.4236,0.415576,0.396364,0.875665,37,2.47913,1.96039
17,1783541305558,15284,0,4,11,8,8,-3.74551,-1.17494,0.199308,0.05,0.372846,0.611901,9,2.47913,1.96039
17,1783541305558,15284,0,4,11,8,9,-2.35306,0.11981,0.190003,0.0898239,0.392384,0.738971,16,2.47913,1.96039
17,1783541305558,15284,0,4,11,8,10,-0.86429,2.25437,0.542382,0.398574,0.239479,0.616536,86,2.47913,1.96039
18,1783541305658,15288,0,4,12,8,0,4.75483,-0.709944,0.774542,0.756492,0.201445,1.21542,176,2.47913,1.96039
18,1783541305658,15288,0,4,12,8,1,2.27019,-0.206143,0.810722,0.435012,0.156889,0.344805,219,2.47913,1.96039
18,1783541305658,15288,0,4,12,8,2,2.27758,-0.977838,0.379942,0.05,0.333592,0.343319,19,2.47913,1.96039
18,1783541305658,15288,0,4,12,8,3,2.05935,-1.96514,0.438229,0.0834439,0.232564,0.526447,53,2.47913,1.96039
18,1783541305658,15288,0,4,12,8,4,2.0107,0.778004,0.46156,0.419362,0.155065,0.307577,190,2.47913,1.96039
18,1783541305658,15288,0,4,12,8,5,0.209955,-1.99019,0.631871,0.376138,0.253006,0.601604,66,2.47913,1.96039
18,1783541305658,15288,0,4,12,8,6,-0.176547,0.282198,0.56865,0.331719,0.225328,0.59037,140,2.47913,1.96039
18,1783541305658,15288,0,4,12,8,7,-2.37435,-1.18641,0.146994,0.0996706,0.298585,0.695119,14,2.47913,1.96039
18,1783541305658,15288,0,4,12,8,8,-3.34018,-0.396922,1.42572,0.392461,0.396919,0.875159,37,2.47913,1.96039
18,1783541305658,15288,0,4,12,8,9,-3.74122,-1.17558,0.192539,0.05,0.372774,0.613128,9,2.47913,1.96039
18,1783541305658,15288,0,4,12,8,10,-2.35636,0.118326,0.190165,0.0887042,0.391892,0.739159,16,2.47913,1.96039
18,1783541305658,15288,0,4,12,8,11,-0.865703,2.25681,0.542238,0.396752,0.238009,0.615815,86,2.47913,1.96039
19,1783541305760,15289,0,4,14,8,0,4.67571,-0.754347,0.777131,0.908239,0.202593,1.21531,179,2.47913,1.96039
19,1783541305760,15289,0,4,14,8,1,2.37328,-0.334657,1.09256,0.682479,0.155965,0.946409,224,2.47913,1.96039
19,1783541305760,15289,0,4,14,8,2,2.27755,-0.982074,0.380199,0.05,0.333803,0.340965,19,2.47913,1.96039
19,1783541305760,15289,0,4,14,8,3,2.05998,-1.9704,0.43733,0.0965683,0.230279,0.526568,53,2.47913,1.96039
19,1783541305760,15289,0,4,14,8,4,2.00833,0.784175,0.462673,0.420542,0.155183,0.310961,189,2.47913,1.96039
19,1783541305760,15289,0,4,14,8,5,0.21282,-1.99252,0.631988,0.375944,0.254634,0.601365,66,2.47913,1.96039
19,1783541305760,15289,0,4,14,8,6,-0.174842,0.281125,0.56744,0.346653,0.227345,0.589086,140,2.47913,1.96039
19,1783541305760,15289,0,4,14,8,7,-2.37334,-1.18446,0.149763,0.114804,0.297788,0.695264,14,2.47913,1.96039
19,1783541305760,15289,0,4,14,8,8,-3.34353,-0.394933,1.42197,0.407835,0.396214,0.875241,37,2.47913,1.96039
19,1783541305760,15289,0,4,14,8,9,-3.74702,-1.1776,0.195416,0.05,0.371519,0.612891,9,2.47913,1.96039
19,1783541305760,15289,0,4,14,8,10,-2.35522,0.116326,0.188552,0.0931773,0.392109,0.738995,16,2.47913,1.96039
19,1783541305760,15289,0,4,14,8,11,-0.864882,2.25412,0.536844,0.38895,0.238797,0.616771,86,2.47913,1.96039
19,1783541305760,15289,0,4,14,8,12,3.7127,-1.55383,1.64676,0.528846,0.554162,0.985502,26,2.47913,1.96039
19,1783541305760,15289,0,4,14,8,13,4.43068,-2.3657,0.649497,0.416639,0.823214,1.05437,7,2.47913,1.96039
20,1783541305850,15281,0,4,13,9,0,4.69702,-0.750645,0.770269,0.883439,0.20428,1.21524,177,2.47913,1.96039
20,1783541305850,15281,0,4,13,9,1,2.27051,-0.201383,0.811612,0.439239,0.15533,0.349408,216,2.47913,1.96039
20,1783541305850,15281,0,4,13,9,2,2.27807,-0.979465,0.381009,0.05,0.333005,0.343207,19,2.47913,1.96039
20,1783541305850,15281,0,4,13,9,3,2.06013,-1.96569,0.43641,0.085452,0.232402,0.526805,53,2.47913,1.96039
20,1783541305850,15281,0,4,13,9,4,2.00617,0.783028,0.464264,0.421443,0.15533,0.310763,189,2.47913,1.96039
20,1783541305850,15281,0,4,13,9,5,0.192442,-1.96677,0.707919,0.377875,0.255038,0.753604,67,2.47913,1.96039
20,1783541305850,15281,0,4,13,9,6,-0.159248,0.265475,0.614905,0.338869,0.228468,0.728057,142,2.47913,1.96039
20,1783541305850,15281,0,4,13,9,7,-2.37315,-1.18417,0.149182,0.107246,0.298269,0.695017,14,2.47913,1.96039
20,1783541305850,15281,0,4,13,9,8,-3.33465,-0.39285,1.42462,0.400593,0.39645,0.875533,37,2.47913,1.96039
20,1783541305850,15281,0,4,13,9,9,-3.74321,-1.17736,0.194139,0.05,0.37251,0.612649,9,2.47913,1.96039
20,1783541305850,15281,0,4,13,9,10,-2.3525,0.119477,0.18938,0.0702381,0.392528,0.738644,16,2.47913,1.96039
20,1783541305850,15281,0,4,13,9,11,-0.866127,2.25885,0.531506,0.384207,0.238989,0.617764,86,2.47913,1.96039
20,1783541305850,15281,0,4,13,9,12,3.95111,0.430496,0.740812,0.355374,0.449368,1.62247,8,2.47913,1.96039
21,1783541305959,15296,0,4,14,9,0,4.82446,-0.640658,1.02629,0.950991,0.20358,1.26664,178,2.47913,1.96039
21,1783541305959,15296,0,4,14,9,1,2.27194,-0.20443,0.813455,0.436952,0.156259,0.345396,215,2.47913,1.96039
21,1783541305959,15296,0,4,14,9,2,2.27779,-0.973914,0.380279,0.05,0.333637,0.344563,19,2.47913,1.96039
21,1783541305959,15296,0,4,14,9,3,2.0598,-1.96686,0.43819,0.0910903,0.231233,0.526264,53,2.47913,1.96039
21,1783541305959,15296,0,4,14,9,4,2.00623,0.783615,0.45986,0.422377,0.155066,0.310664,188,2.47913,1.96039
21,1783541305959,15296,0,4,14,9,5,0.216597,-1.9868,0.634876,0.388171,0.255395,0.602202,66,2.47913,1.96039
21,1783541305959,15296,0,4,14,9,6,-0.175997,0.279462,0.567015,0.345647,0.228766,0.590633,140,2.47913,1.96039
21,1783541305959,15296,0,4,14,9,7,-2.37755,-1.19044,0.147998,0.120644,0.295426,0.694817,14,2.47913,1.96039
21,1783541305959,15296,0,4,14,9,8,-3.34259,-0.396589,1.42335,0.397277,0.396896,0.875176,37,2.47913,1.96039
21,1783541305959,15296,0,4,14,9,9,-3.75088,-1.17516,0.19586,0.05,0.37234,0.612379,9,2.47913,1.96039
21,1783541305959,15296,0,4,14,9,10,-2.35508,0.119536,0.190363,0.092968,0.393036,0.738487,16,2.47913,1.96039
21,1783541305959,15296,0,4,14,9,11,-0.863208,2.25576,0.536287,0.389993,0.238374,0.618041,86,2.47913,1.96039
21,1783541305959,15296,0,4,14,9,12,4.19735,1.06712,1.90687,0.550182,0.404558,1.61595,33,2.47913,1.96039
21,1783541305959,15296,0,4,14,9,13,3.96248,-0.729762,0.931902,0.501328,0.745558,1.44897,9,2.47913,1.96039
22,1783541306056,15274,0,4,12,9,0,4.7477,-0.702001,0.779486,0.756512,0.202934,1.28524,176,2.47913,1.96039
22,1783541306056,15274,0,4,12,9,1,2.27219,-0.203053,0.806188,0.436663,0.156104,0.344624,215,2.47913,1.96039
22,1783541306056,15274,0,4,12,9,2,2.27828,-0.979612,0.381091,0.05,0.332891,0.343651,19,2.47913,1.96039
22,1783541306056,15274,0,4,12,9,3,2.05919,-1.96415,0.438651,0.0915546,0.232019,0.527003,53,2.47913,1.96039
22,1783541306056,15274,0,4,12,9,4,2.00389,0.781569,0.458705,0.418714,0.155092,0.312082,187,2.47913,1.96039
22,1783541306056,15274,0,4,12,9,5,0.212265,-1.98746,0.631096,0.377842,0.254309,0.602044,66,2.47913,1.96039
22,1783541306056,15274,0,4,12,9,6,-0.172378,0.283673,0.56511,0.342667,0.2281,0.590462,140,2.47913,1.96039
22,1783541306056,15274,0,4,12,9,7,-2.37223,-1.18191,0.151216,0.0966968,0.299593,0.694976,14,2.47913,1.96039
22,1783541306056,15274,0,4,12,9,8,-3.33711,-0.394243,1.42182,0.400398,0.396048,0.87543,37,2.47913,1.96039
22,1783541306056,15274,0,4,12,9,9,-3.74704,-1.17721,0.190535,0.05,0.372096,0.612577,9,2.47913,1.96039
22,1783541306056,15274,0,4,12,9,10,-2.35224,0.118915,0.18878,0.0668611,0.393179,0.73904,16,2.47913,1.96039
22,1783541306056,15274,0,4,12,9,11,-0.864437,2.25366,0.534835,0.377953,0.237872,0.61837,86,2.47913,1.96039
23,1783541306151,15279,0,4,12,9,0,4.74907,-0.705839,0.77639,0.753314,0.204259,1.21518,175,2.47913,1.96039
23,1783541306151,15279,0,4,12,9,1,2.27208,-0.201768,0.809306,0.438925,0.15512,0.345731,216,2.47913,1.96039
23,1783541306151,15279,0,4,12,9,2,2.27747,-0.98145,0.379566,0.05,0.332046,0.342303,19,2.47913,1.96039
23,1783541306151,15279,0,4,12,9,3,2.05963,-1.96454,0.437242,0.0905431,0.232252,0.526175,53,2.47913,1.96039
23,1783541306151,15279,0,4,12,9,4,2.00583,0.786296,0.457933,0.417492,0.155372,0.310559,186,2.47913,1.96039
23,1783541306151,15279,0,4,12,9,5,0.219065,-1.9918,0.637302,0.392327,0.256734,0.602535,66,2.47913,1.96039
23,1783541306151,15279,0,4,12,9,6,-0.176944,0.280011,0.566668,0.345237,0.228797,0.590363,140,2.47913,1.96039
23,1783541306151,15279,0,4,12,9,7,-2.36971,-1.18416,0.143863,0.116136,0.296988,0.695181,14,2.47913,1.96039
23,1783541306151,15279,0,4,12,9,8,-3.35048,-0.400912,1.4263,0.405885,0.397041,0.87499,37,2.47913,1.96039
23,1783541306151,15279,0,4,12,9,9,-3.74224,-1.17306,0.195431,0.05,0.372078,0.612934,9,2.47913,1.96039
23,1783541306151,15279,0,4,12,9,10,-2.35232,0.119193,0.189454,0.0697597,0.391907,0.739329,16,2.47913,1.96039
23,1783541306151,15279,0,4,12,9,11,-0.865143,2.25808,0.530564,0.393983,0.239324,0.61806,86,2.47913,1.96039
24,1783541306253,15294,0,4,12,9,0,4.84701,-0.979664,1.30156,0.695379,0.203485,1.21517,183,2.47913,1.96039
24,1783541306253,15294,0,4,12,9,1,2.272,-0.207148,0.815662,0.43706,0.15702,0.348044,216,2.47913,1.96039
24,1783541306253,15294,0,4,12,9,2,2.27816,-0.980235,0.380754,0.05,0.333344,0.341962,19,2.47913,1.96039
24,1783541306253,15294,0,4,12,9,3,2.05989,-1.96809,0.436432,0.0972819,0.231095,0.526615,53,2.47913,1.96039
24,1783541306253,15294,0,4,12,9,4,2.01239,0.783754,0.457622,0.422637,0.15505,0.310325,192,2.47913,1.96039
24,1783541306253,15294,0,4,12,9,5,0.213611,-1.99194,0.635329,0.366482,0.255433,0.601943,66,2.47913,1.96039
24,1783541306253,15294,0,4,12,9,6,-0.170758,0.286671,0.568344,0.339661,0.225433,0.591284,140,2.47913,1.96039
24,1783541306253,15294,0,4,12,9,7,-2.37304,-1.18393,0.146376,0.110369,0.298351,0.69466,14,2.47913,1.96039
24,1783541306253,15294,0,4,12,9,8,-3.34255,-0.399003,1.42605,0.385869,0.396971,0.874992,37,2.47913,1.96039
24,1783541306253,15294,0,4,12,9,9,-3.74778,-1.17698,0.191446,0.05,0.371484,0.612184,9,2.47913,1.96039
24,1783541306253,15294,0,4,12,9,10,-2.36603,0.116793,0.193663,0.115237,0.392242,0.738942,16,2.47913,1.96039
24,1783541306253,15294,0,4,12,9,11,-0.864378,2.25507,0.533146,0.385686,0.23814,0.616755,86,2.47913,1.96039
25,1783541306380,15287,0,4,13,11,0,4.67841,-0.634228,0.956908,0.756362,0.202864,1.21546,176,2.47913,1.96039
25,1783541306380,15287,0,4,13,11,1,2.27188,-0.205233,0.806295,0.439579,0.15558,0.346158,216,2.47913,1.96039
25,1783541306380,15287,0,4,13,11,2,2.27826,-0.975875,0.381221,0.05,0.333743,0.344824,19,2.47913,1.96039
25,1783541306380,15287,0,4,13,11,3,2.05962,-1.96602,0.436777,0.0904972,0.232181,0.526673,53,2.47913,1.96039
25,1783541306380,15287,0,4,13,11,4,2.00851,0.784954,0.464175,0.41367,0.155191,0.311443,189,2.47913,1.96039
25,1783541306380,15287,0,4,13,11,5,0.212252,-1.99084,0.634787,0.370949,0.254432,0.601442,66,2.47913,1.96039
25,1783541306380,15287,0,4,13,11,6,-0.171494,0.284058,0.56772,0.335949,0.228663,0.592111,140,2.47913,1.96039
25,1783541306380,15287,0,4,13,11,7,-2.37193,-1.18329,0.148498,0.108906,0.297978,0.695812,14,2.47913,1.96039
25,1783541306380,15287,0,4,13,11,8,-3.34659,-0.399053,1.42362,0.428459,0.396435,0.875605,37,2.47913,1.96039
25,1783541306380,15287,0,4,13,11,9,-3.74782,-1.17928,0.197241,0.05,0.372515,0.612524,9,2.47913,1.96039
25,1783541306380,15287,0,4,13,11,10,-2.35205,0.118376,0.189459,0.0740269,0.391557,0.738608,16,2.47913,1.96039
25,1783541306380,15287,0,4,13,11,11,-0.871257,2.25759,0.540851,0.406502,0.237489,0.61654,86,2.47913,1.96039
25,1783541306380,15287,0,4,13,11,12,4.05865,0.0709107,0.777143,0.248479,0.482447,1.36887,10,2.47913,1.96039
26,1783541306483,15288,0,4,13,12,0,4.7509,-0.707971,0.769972,0.755567,0.202233,1.21514,175,2.47913,1.96039
26,1783541306483,15288,0,4,13,12,1,2.27122,-0.208132,0.815363,0.43846,0.15502,0.345254,218,2.47913,1.96039
26,1783541306483,15288,0,4,13,12,2,2.27752,-0.981687,0.379888,0.05,0.33355,0.341031,19,2.47913,1.96039
26,1783541306483,15288,0,4,13,12,3,2.05947,-1.96621,0.437863,0.0930023,0.231588,0.526458,53,2.47913,1.96039
26,1783541306483,15288,0,4,13,12,4,2.01119,0.777152,0.465842,0.421526,0.155065,0.3146,191,2.47913,1.96039
26,1783541306483,15288,0,4,13,12,5,0.215559,-1.99738,0.64265,0.387736,0.255375,0.601718,66,2.47913,1.96039
26,1783541306483,15288,0,4,13,12,6,-0.175874,0.281169,0.565869,0.345098,0.227276,0.593663,140,2.47913,1.96039
26,1783541306483,15288,0,4,13,12,7,-2.37904,-1.19294,0.147189,0.125135,0.294765,0.694856,14,2.47913,1.96039
26,1783541306483,15288,0,4,13,12,8,-3.33496,-0.392321,1.42284,0.388282,0.396756,0.875253,37,2.47913,1.96039
26,1783541306483,15288,0,4,13,12,9,-3.74163,-1.17426,0.189185,0.05,0.372265,0.613074,9,2.47913,1.96039
26,1783541306483,15288,0,4,13,12,10,-2.35493,0.118618,0.190272,0.0981907,0.391387,0.738374,16,2.47913,1.96039
26,1783541306483,15288,0,4,13,12,11,-0.870296,2.26427,0.527487,0.390769,0.237796,0.618515,86,2.47913,1.96039
26,1783541306483,15288,0,4,13,12,12,3.67326,0.0878554,0.560586,0.156121,0.346565,0.482805,7,2.47913,1.96039
27,1783541306579,15297,0,4,12,12,0,4.75282,-0.70803,0.776558,0.755655,0.202614,1.21527,176,2.47913,1.96039
27,1783541306579,15297,0,4,12,12,1,2.27219,-0.200678,0.819597,0.437348,0.156694,0.344695,216,2.47913,1.96039
27,1783541306579,15297,0,4,12,12,2,2.27789,-0.982334,0.380575,0.05,0.334437,0.340993,19,2.47913,1.96039
27,1783541306579,15297,0,4,12,12,3,2.06015,-1.9662,0.436062,0.0890148,0.232129,0.525939,53,2.47913,1.96039
27,1783541306579,15297,0,4,12,12,4,2.01476,0.779264,0.464141,0.422765,0.155044,0.309375,193,2.47913,1.96039
27,1783541306579,15297,0,4,12,12,5,0.0918711,-1.96655,0.810436,0.529131,0.255579,1.29405,70,2.47913,1.96039
27,1783541306579,15297,0,4,12,12,6,0.00384499,0.445202,0.570229,0.819331,0.224245,1.29887,144,2.47913,1.96039
27,1783541306579,15297,0,4,12,12,7,-2.3698,-1.18372,0.145842,0.108043,0.298432,0.695258,14,2.47913,1.96039
27,1783541306579,15297,0,4,12,12,8,-3.34368,-0.396981,1.42215,0.418691,0.39706,0.875555,37,2.47913,1.96039
27,1783541306579,15297,0,4,12,12,9,-3.75089,-1.17757,0.189681,0.05,0.371952,0.613424,9,2.47913,1.96039
27,1783541306579,15297,0,4,12,12,10,-2.356,0.118358,0.189945,0.0819594,0.392059,0.739206,16,2.47913,1.96039
27,1783541306579,15297,0,4,12,12,11,-0.860528,2.25554,0.537492,0.387418,0.238966,0.617381,86,2.47913,1.96039
28,1783541306676,15277,0,4,13,12,0,4.75291,-0.710133,0.784764,0.752869,0.200081,1.21516,175,2.47913,1.96039
28,1783541306676,15277,0,4,13,12,1,2.27105,-0.215623,0.822525,0.4375,0.163198,0.345069,214,2.47913,1.96039
28,1783541306676,15277,0,4,13,12,2,2.27794,-0.983449,0.380776,0.05,0.334574,0.341262,19,2.47913,1.96039
28,1783541306676,15277,0,4,13,12,3,2.05998,-1.9673,0.436964,0.0838217,0.232122,0.526465,53,2.47913,1.96039
28,1783541306676,15277,0,4,13,12,4,2.00792,0.78677,0.467187,0.420601,0.155061,0.311891,188,2.47913,1.96039
28,1783541306676,15277,0,4,13,12,5,0.210668,-1.99366,0.633886,0.384046,0.254965,0.602206,66,2.47913,1.96039
28,1783541306676,15277,0,4,13,12,6,-0.171857,0.2852,0.567417,0.351035,0.227381,0.58905,140,2.47913,1.96039
28,1783541306676,15277,0,4,13,12,7,-2.37087,-1.18381,0.147941,0.126467,0.296399,0.695025,14,2.47913,1.96039
28,1783541306676,15277,0,4,13,12,8,-3.33493,-0.394647,1.42597,0.396515,0.396808,0.87537,37,2.47913,1.96039
28,1783541306676,15277,0,4,13,12,9,-3.74794,-1.17646,0.192474,0.05,0.371649,0.612482,9,2.47913,1.96039
28,1783541306676,15277,0,4,13,12,10,-2.35549,0.120594,0.191554,0.0863314,0.391958,0.739149,16,2.47913,1.96039
28,1783541306676,15277,0,4,13,12,11,-0.865528,2.25653,0.5378,0.380086,0.238629,0.616725,86,2.47913,1.96039
28,1783541306676,15277,0,4,13,12,12,4.13022,0.395368,0.912672,0.214414,0.820094,1.38272,7,2.47913,1.96039
29,1783541306778,15281,0,4,12,12,0,4.67692,-0.632249,1.0058,0.755187,0.2034,1.21547,177,2.47913,1.96039
29,1783541306778,15281,0,4,12,12,1,2.27222,-0.201833,0.807449,0.437959,0.155403,0.346582,216,2.47913,1.96039
29,1783541306778,15281,0,4,12,12,2,2.27779,-0.976737,0.379932,0.05,0.332475,0.345296,19,2.47913,1.96039
29,1783541306778,15281,0,4,12,12,3,2.05897,-1.96557,0.439191,0.0943406,0.231461,0.52608,53,2.47913,1.96039
29,1783541306778,15281,0,4,12,12,4,2.00938,0.784087,0.46439,0.421033,0.155342,0.309408,189,2.47913,1.96039
29,1783541306778,15281,0,4,12,12,5,0.214829,-2.00054,0.644691,0.370993,0.254942,0.95131,69,2.47913,1.96039
29,1783541306778,15281,0,4,12,12,6,-0.171188,0.283523,0.566061,0.337273,0.227771,0.59375,140,2.47913,1.96039
29,1783541306778,15281,0,4,12,12,7,-2.37218,-1.18593,0.147477,0.121842,0.297683,0.694638,14,2.47913,1.96039
29,1783541306778,15281,0,4,12,12,8,-3.34275,-0.39752,1.42415,0.394936,0.396138,0.87514,37,2.47913,1.96039
29,1783541306778,15281,0,4,12,12,9,-3.7465,-1.17068,0.199547,0.05,0.371384,0.612278,9,2.47913,1.96039
29,1783541306778,15281,0,4,12,12,10,-2.36023,0.118622,0.191966,0.0813897,0.392104,0.73914,16,2.47913,1.96039
29,1783541306778,15281,0,4,12,12,11,-0.871093,2.25444,0.536387,0.402888,0.237099,0.616331,86,2.47913,1.96039
30,1783541306869,15290,0,4,14,12,0,4.56572,-1.06761,1.97958,0.724124,0.202113,1.31942,190,2.47913,1.96039
30,1783541306869,15290,0,4,14,12,1,2.36423,-0.432313,1.9278,0.637574,0.155081,0.956848,254,2.47913,1.96039
30,1783541306869,15290,0,4,14,12,2,2.19137,-1.94896,0.689962,0.327879,0.232672,0.858496,59,2.47913,1.96039
30,1783541306869,15290,0,4,14,12,3,2.00775,0.784397,0.473317,0.41811,0.15596,0.308028,189,2.47913,1.96039
30,1783541306869,15290,0,4,14,12,4,0.212067,-1.99247,0.634097,0.37261,0.255533,0.830613,67,2.47913,1.96039
30,1783541306869,15290,0,4,14,12,5,-0.178403,0.280489,0.568122,0.347628,0.225891,0.593151,140,2.47913,1.96039
30,1783541306869,15290,0,4,14,12,6,-2.37204,-1.18494,0.144579,0.117628,0.296564,0.695577,14,2.47913,1.96039
30,1783541306869,15290,0,4,14,12,7,-3.33841,-0.394948,1.42135,0.384039,0.396684,0.875029,37,2.47913,1.96039
30,1783541306869,15290,0,4,14,12,8,-3.75088,-1.18106,0.188876,0.05,0.371938,0.612862,9,2.47913,1.96039
30,1783541306869,15290,0,4,14,12,9,-2.35497,0.118667,0.189601,0.0929048,0.393167,0.738674,16,2.47913,1.96039
30,1783541306869,15290,0,4,14,12,10,-0.863845,2.25661,0.536273,0.398353,0.239235,0.617123,86,2.47913,1.96039
30,1783541306869,15290,0,4,14,12,11,3.99645,-2.42347,0.61038,0.164983,0.876178,1.23133,6,2.47913,1.96039
30,1783541306869,15290,0,4,14,12,12,3.43614,-1.95976,0.729782,0.130675,0.529573,0.853516,10,2.47913,1.96039
30,1783541306869,15290,0,4,14,12,13,3.72902,-0.040695,1.28469,0.180329,0.569715,0.766551,14,2.47913,1.96039
31,1783541306974,15289,0,4,12,12,0,4.74877,-0.704242,0.770629,0.756393,0.200357,1.2151,175,2.47913,1.96039
31,1783541306974,15289,0,4,12,12,1,2.27024,-0.208361,0.812522,0.437744,0.155486,0.345408,216,2.47913,1.96039
31,1783541306974,15289,0,4,12,12,2,2.2778,-0.977581,0.380241,0.05,0.333906,0.343111,19,2.47913,1.96039
31,1783541306974,15289,0,4,12,12,3,2.05907,-1.96098,0.438671,0.0842451,0.233396,0.525856,53,2.47913,1.96039
31,1783541306974,15289,0,4,12,12,4,2.00612,0.792266,0.472231,0.419168,0.155157,0.310944,184,2.47913,1.96039
31,1783541306974,15289,0,4,12,12,5,0.212722,-2.00168,0.646603,0.369482,0.254709,0.601443,66,2.47913,1.96039
31,1783541306974,15289,0,4,12,12,6,-0.173764,0.283405,0.567844,0.350047,0.227913,0.59012,140,2.47913,1.96039
31,1783541306974,15289,0,4,12,12,7,-2.37185,-1.18443,0.148854,0.0998939,0.298389,0.694711,14,2.47913,1.96039
31,1783541306974,15289,0,4,12,12,8,-3.33564,-0.396323,1.42684,0.4101,0.396727,0.875668,37,2.47913,1.96039
31,1783541306974,15289,0,4,12,12,9,-3.74802,-1.17512,0.196791,0.05,0.370914,0.613241,9,2.47913,1.96039
31,1783541306974,15289,0,4,12,12,10,-2.34995,0.119864,0.18933,0.0848584,0.392324,0.739874,16,2.47913,1.96039
31,1783541306974,15289,0,4,12,12,11,-0.865603,2.25476,0.540107,0.386091,0.238173,0.617568,86,2.47913,1.96039
32,1783541307074,15287,0,4,13,12,0,4.70697,-0.630002,0.982668,0.78274,0.201526,1.36959,183,2.47913,1.96039
32,1783541307074,15287,0,4,13,12,1,2.27172,-0.202913,0.806935,0.43894,0.155903,0.344449,216,2.47913,1.96039
32,1783541307074,15287,0,4,13,12,2,2.27837,-0.980078,0.38137,0.05,0.333379,0.34321,19,2.47913,1.96039
32,1783541307074,15287,0,4,13,12,3,2.06013,-1.96001,0.438258,0.092548,0.232138,0.52588,53,2.47913,1.96039
32,1783541307074,15287,0,4,13,12,4,2.0077,0.792229,0.477486,0.416998,0.155054,0.309424,188,2.47913,1.96039
32,1783541307074,15287,0,4,13,12,5,0.181475,-2.02217,0.639878,0.4508,0.256367,0.943491,67,2.47913,1.96039
32,1783541307074,15287,0,4,13,12,6,-0.177996,0.283394,0.570284,0.342157,0.227695,0.589613,140,2.47913,1.96039
32,1783541307074,15287,0,4,13,12,7,-2.36929,-1.18153,0.146737,0.113456,0.298114,0.694954,14,2.47913,1.96039
32,1783541307074,15287,0,4,13,12,8,-3.34088,-0.395632,1.42361,0.388591,0.396553,0.875024,37,2.47913,1.96039
32,1783541307074,15287,0,4,13,12,9,-3.74572,-1.17431,0.1997,0.05,0.371159,0.613298,9,2.47913,1.96039
32,1783541307074,15287,0,4,13,12,10,-2.35276,0.119623,0.189389,0.097009,0.393397,0.738428,16,2.47913,1.96039
32,1783541307074,15287,0,4,13,12,11,-0.866786,2.25745,0.534754,0.387958,0.239196,0.617195,86,2.47913,1.96039
32,1783541307074,15287,0,4,13,12,12,2.12154,0.13284,0.877003,0.05,1.51989,1.63292,7,2.47913,1.96039
33,1783541307164,15291,0,4,13,12,0,4.80103,-0.756314,1.04107,0.756601,0.201842,1.21508,178,2.47913,1.96039
33,1783541307164,15291,0,4,13,12,1,2.22255,-0.203836,0.796009,0.541528,0.155757,0.897796,217,2.47913,1.96039
33,1783541307164,15291,0,4,13,12,2,2.27762,-0.982741,0.379873,0.05,0.333458,0.342301,19,2.47913,1.96039
33,1783541307164,15291,0,4,13,12,3,2.05988,-1.9653,0.436666,0.0803992,0.233021,0.5263,53,2.47913,1.96039
33,1783541307164,15291,0,4,13,12,4,2.00916,0.775209,0.473895,0.423717,0.155034,0.309592,191,2.47913,1.96039
33,1783541307164,15291,0,4,13,12,5,0.216287,-1.99739,0.646562,0.374972,0.255905,0.601541,66,2.47913,1.96039
33,1783541307164,15291,0,4,13,12,6,-0.180375,0.27885,0.568069,0.356004,0.227947,0.589228,140,2.47913,1.96039
33,1783541307164,15291,0,4,13,12,7,-2.37053,-1.18363,0.147061,0.118684,0.296972,0.694247,14,2.47913,1.96039
33,1783541307164,15291,0,4,13,12,8,-3.33257,-0.391832,1.4251,0.394417,0.3966,0.875446,37,2.47913,1.96039
33,1783541307164,15291,0,4,13,12,9,-3.75565,-1.18032,0.186937,0.05,0.37097,0.612663,9,2.47913,1.96039
33,1783541307164,15291,0,4,13,12,10,-2.35771,0.120485,0.193377,0.0965255,0.391466,0.739357,16,2.47913,1.96039
33,1783541307164,15291,0,4,13,12,11,-0.861979,2.25477,0.541828,0.387463,0.239573,0.616693,86,2.47913,1.96039
33,1783541307164,15291,0,4,13,12,12,4.00946,0.29945,0.600174,0.270359,1.2307,1.55641,6,2.47913,1.96039
34,1783541307233,15298,0,4,12,12,0,4.76006,-0.716221,0.805148,0.754245,0.201395,1.21565,175,2.47913,1.96039
34,1783541307233,15298,0,4,12,12,1,2.27173,-0.203458,0.806506,0.437137,0.155293,0.346906,216,2.47913,1.96039
34,1783541307233,15298,0,4,12,12,2,2.278,-0.974552,0.380465,0.05,0.334534,0.344131,19,2.47913,1.96039
34,1783541307233,15298,0,4,12,12,3,2.05901,-1.96221,0.439365,0.0903022,0.232347,0.52651,53,2.47913,1.96039
34,1783541307233,15298,0,4,12,12,4,2.00755,0.781498,0.465259,0.422689,0.15521,0.311702,189,2.47913,1.96039
34,1783541307233,15298,0,4,12,12,5,0.211524,-1.99332,0.635761,0.377935,0.253144,0.602176,66,2.47913,1.96039
34,1783541307233,15298,0,4,12,12,6,-0.176491,0.280971,0.56855,0.351055,0.225799,0.592236,140,2.47913,1.96039
34,1783541307233,15298,0,4,12,12,7,-2.37809,-1.19403,0.14137,0.116342,0.297852,0.695155,14,2.47913,1.96039
34,1783541307233,15298,0,4,12,12,8,-3.3433,-0.398074,1.42371,0.39736,0.396386,0.875163,37,2.47913,1.96039
34,1783541307233,15298,0,4,12,12,9,-3.74528,-1.17339,0.199888,0.05,0.372818,0.61321,9,2.47913,1.96039
34,1783541307233,15298,0,4,12,12,10,-2.35425,0.118312,0.189643,0.0922682,0.391947,0.738838,16,2.47913,1.96039
34,1783541307233,15298,0,4,12,12,11,-0.865483,2.2547,0.54145,0.392163,0.238945,0.616441,86,2.47913,1.96039
35,1783541307335,15283,0,4,12,12,0,4.7496,-0.706018,0.781285,0.755606,0.202337,1.21561,175,2.47913,1.96039
35,1783541307335,15283,0,4,12,12,1,2.27054,-0.211426,0.809858,0.437396,0.15541,0.346239,219,2.47913,1.96039
35,1783541307335,15283,0,4,12,12,2,2.27814,-0.976777,0.3809,0.05,0.333622,0.344076,19,2.47913,1.96039
35,1783541307335,15283,0,4,12,12,3,2.06957,-2.05829,0.487568,0.313358,0.231964,1.17636,55,2.47913,1.96039
35,1783541307335,15283,0,4,12,12,4,2.00473,0.782786,0.467032,0.413434,0.155207,0.313884,186,2.47913,1.96039
35,1783541307335,15283,0,4,12,12,5,0.201807,-1.97646,0.692435,0.373272,0.255545,0.905511,67,2.47913,1.96039
35,1783541307335,15283,0,4,12,12,6,-0.180888,0.279702,0.568381,0.361209,0.225368,0.59059,140,2.47913,1.96039
35,1783541307335,15283,0,4,12,12,7,-2.36971,-1.18151,0.143752,0.110183,0.296968,0.69592,14,2.47913,1.96039
35,1783541307335,15283,0,4,12,12,8,-3.342,-0.396244,1.4232,0.390658,0.396344,0.875089,37,2.47913,1.96039
35,1783541307335,15283,0,4,12,12,9,-3.74424,-1.17491,0.193289,0.05,0.372223,0.613043,9,2.47913,1.96039
35,1783541307335,15283,0,4,12,12,10,-2.35391,0.120128,0.190432,0.0896784,0.391789,0.738937,16,2.47913,1.96039
35,1783541307335,15283,0,4,12,12,11,-0.857743,2.25197,0.540613,0.403082,0.239078,0.616923,86,2.47913,1.96039
36,1783541307463,15283,0,4,12,12,0,4.76276,-0.718078,0.803165,0.757436,0.204417,1.21523,177,2.47913,1.96039
36,1783541307463,15283,0,4,12,12,1,2.27075,-0.203484,0.797233,0.438353,0.156886,0.344416,217,2.47913,1.96039
36,1783541307463,15283,0,4,12,12,2,2.38445,-0.976641,0.593241,0.05,0.326437,0.345009,20,2.47913,1.96039
36,1783541307463,15283,0,4,12,12,3,2.06455,-1.85602,0.43995,0.295392,0.232429,0.820645,54,2.47913,1.96039
36,1783541307463,15283,0,4,12,12,4,2.00465,0.78554,0.469501,0.421374,0.15511,0.310228,184,2.47913,1.96039
36,1783541307463,15283,0,4,12,12,5,0.216528,-1.98765,0.62791,0.38919,0.255407,0.60196,66,2.47913,1.96039
36,1783541307463,15283,0,4,12,12,6,-0.175653,0.280918,0.567175,0.336094,0.226845,0.592013,140,2.47913,1.96039
36,1783541307463,15283,0,4,12,12,7,-2.37141,-1.18245,0.1482,0.115988,0.297752,0.69507,14,2.47913,1.96039
36,1783541307463,15283,0,4,12,12,8,-3.33508,-0.394403,1.42497,0.402112,0.396506,0.875489,37,2.47913,1.96039
36,1783541307463,15283,0,4,12,12,9,-3.751,-1.17887,0.192196,0.05,0.372248,0.612048,9,2.47913,1.96039
36,1783541307463,15283,0,4,12,12,10,-2.35391,0.120007,0.190013,0.0897819,0.393393,0.739333,16,2.47913,1.96039
36,1783541307463,15283,0,4,12,12,11,-0.85758,2.25298,0.534504,0.407369,0.23875,0.617208,86,2.47913,1.96039
37,1783541307568,15286,0,4,12,12,0,4.74626,-0.701616,0.78792,0.756036,0.202692,1.21541,175,2.47913,1.96039
37,1783541307568,15286,0,4,12,12,1,2.2713,-0.204946,0.800339,0.437056,0.15545,0.347507,217,2.47913,1.96039
37,1783541307568,15286,0,4,12,12,2,2.27802,-0.974721,0.380666,0.05,0.334056,0.344901,19,2.47913,1.96039
37,1783541307568,15286,0,4,12,12,3,2.05885,-1.96763,0.438582,0.0886901,0.231922,0.526358,53,2.47913,1.96039
37,1783541307568,15286,0,4,12,12,4,2.00406,0.772166,0.481665,0.424988,0.155484,0.310304,187,2.47913,1.96039
37,1783541307568,15286,0,4,12,12,5,0.206389,-1.99945,0.641687,0.360823,0.255476,0.601419,66,2.47913,1.96039
37,1783541307568,15286,0,4,12,12,6,-0.177201,0.279363,0.569267,0.353742,0.228069,0.589334,140,2.47913,1.96039
37,1783541307568,15286,0,4,12,12,7,-2.38032,-1.19167,0.145704,0.0930704,0.297323,0.694227,14,2.47913,1.96039
37,1783541307568,15286,0,4,12,12,8,-3.34013,-0.396645,1.42556,0.398206,0.397082,0.875251,37,2.47913,1.96039
37,1783541307568,15286,0,4,12,12,9,-3.74206,-1.17286,0.201547,0.05,0.372099,0.612764,9,2.47913,1.96039
37,1783541307568,15286,0,4,12,12,10,-2.35328,0.117149,0.187972,0.069371,0.393052,0.739286,16,2.47913,1.96039
37,1783541307568,15286,0,4,12,12,11,-0.863536,2.2583,0.532722,0.389524,0.239577,0.618252,86,2.47913,1.96039
38,1783541307658,15282,0,4,13,12,0,4.75565,-0.714562,0.788547,0.755139,0.201,1.21547,175,2.47913,1.96039
38,1783541307658,15282,0,4,13,12,1,2.27114,-0.193742,0.82576,0.435043,0.155061,0.343788,218,2.47913,1.96039
38,1783541307658,15282,0,4,13,12,2,2.27825,-0.977718,0.38125,0.05,0.333748,0.342539,19,2.47913,1.96039
38,1783541307658,15282,0,4,13,12,3,2.05957,-1.9659,0.4376,0.0927295,0.231701,0.525404,53,2.47913,1.96039
38,1783541307658,15282,0,4,13,12,4,2.01025,0.784594,0.467354,0.413803,0.155365,0.310229,188,2.47913,1.96039
38,1783541307658,15282,0,4,13,12,5,0.211754,-1.99012,0.630941,0.376487,0.255232,1.1791,67,2.47913,1.96039
38,1783541307658,15282,0,4,13,12,6,-0.1739,0.281837,0.566593,0.349752,0.226843,0.591354,140,2.47913,1.96039
38,1783541307658,15282,0,4,13,12,7,-2.37099,-1.18322,0.146004,0.0956175,0.298773,0.69547,14,2.47913,1.96039
38,1783541307658,15282,0,4,13,12,8,-3.34871,-0.399272,1.42447,0.38037,0.39679,0.874592,37,2.47913,1.96039
38,1783541307658,15282,0,4,13,12,9,-3.75127,-1.1783,0.18788,0.05,0.371686,0.612579,9,2.47913,1.96039
38,1783541307658,15282,0,4,13,12,10,-2.35426,0.119653,0.189744,0.07389,0.393201,0.7396,16,2.47913,1.96039
38,1783541307658,15282,0,4,13,12,11,-0.865291,2.25309,0.539131,0.378949,0.234806,0.616434,86,2.47913,1.96039
38,1783541307658,15282,0,4,13,12,12,4.6524,2.15648,0.65191,0.200851,1.17827,1.57739,6,2.47913,1.96039
39,1783541307759,15294,0,4,14,12,0,4.75158,-0.70926,0.776367,0.75562,0.202876,1.2153,175,2.47913,1.96039
39,1783541307759,15294,0,4,14,12,1,2.36612,-0.332066,1.32375,0.637803,0.156694,0.944327,247,2.47913,1.96039
39,1783541307759,15294,0,4,14,12,2,2.19172,-2.0752,0.761295,0.478662,0.2301,1.00922,59,2.47913,1.96039
39,1783541307759,15294,0,4,14,12,3,2.00279,0.782955,0.465165,0.416473,0.155908,0.31148,186,2.47913,1.96039
39,1783541307759,15294,0,4,14,12,4,0.182715,-2.01175,0.627062,0.439762,0.254846,1.14529,67,2.47913,1.96039
39,1783541307759,15294,0,4,14,12,5,-0.175767,0.280569,0.56645,0.357154,0.227115,0.592203,140,2.47913,1.96039
39,1783541307759,15294,0,4,14,12,6,-2.3706,-1.18523,0.14442,0.116562,0.297218,0.695345,14,2.47913,1.96039
39,1783541307759,15294,0,4,14,12,7,-3.3384,-0.396735,1.42552,0.401947,0.396881,0.875425,37,2.47913,1.96039
39,1783541307759,15294,0,4,14,12,8,-3.74718,-1.17805,0.19038,0.05,0.371247,0.612325,9,2.47913,1.96039
39,1783541307759,15294,0,4,14,12,9,-2.35747,0.121493,0.195846,0.101585,0.392941,0.73881,16,2.47913,1.96039
39,1783541307759,15294,0,4,14,12,10,-0.869185,2.25876,0.531832,0.379462,0.238807,0.617063,86,2.47913,1.96039
39,1783541307759,15294,0,4,14,12,11,3.75637,-1.38969,1.32019,0.901676,0.492206,1.48194,38,2.47913,1.96039
39,1783541307759,15294,0,4,14,12,12,4.22057,-2.13231,0.835223,0.495248,0.928067,1.30426,10,2.47913,1.96039
39,1783541307759,15294,0,4,14,12,13,4.16596,-2.86833,0.418863,0.352827,0.768722,1.14302,6,2.47913,1.96039
40,1783541307859,15279,0,4,12,12,0,4.75233,-0.707251,0.770121,0.753358,0.2011,1.21541,175,2.47913,1.96039
40,1783541307859,15279,0,4,12,12,1,2.32107,-0.207535,0.800678,0.547469,0.158427,0.39978,216,2.47913,1.96039
40,1783541307859,15279,0,4,12,12,2,2.27895,-0.973077,0.38149,0.05,0.331544,0.346271,19,2.47913,1.96039
40,1783541307859,15279,0,4,12,12,3,2.05904,-1.96313,0.438177,0.108997,0.230954,0.526965,53,2.47913,1.96039
40,1783541307859,15279,0,4,12,12,4,2.00434,0.782176,0.471676,0.414291,0.155993,0.308807,185,2.47913,1.96039
40,1783541307859,15279,0,4,12,12,5,0.213977,-1.99514,0.641466,0.369445,0.254279,0.602134,66,2.47913,1.96039
40,1783541307859,15279,0,4,12,12,6,-0.177718,0.281427,0.571014,0.337947,0.226779,0.594548,140,2.47913,1.96039
40,1783541307859,15279,0,4,12,12,7,-2.37397,-1.18621,0.146689,0.124606,0.296233,0.695008,14,2.47913,1.96039
40,1783541307859,15279,0,4,12,12,8,-3.33955,-0.395019,1.42374,0.405633,0.396436,0.87541,37,2.47913,1.96039
40,1783541307859,15279,0,4,12,12,9,-3.75311,-1.18019,0.191528,0.05,0.371331,0.612268,9,2.47913,1.96039
40,1783541307859,15279,0,4,12,12,10,-2.35273,0.118114,0.188921,0.0700452,0.392508,0.738789,16,2.47913,1.96039
40,1783541307859,15279,0,4,12,12,11,-0.866471,2.26067,0.534798,0.39143,0.238194,0.61735,86,2.47913,1.96039
41,1783541307948,15286,0,4,13,12,0,4.84148,-0.624345,0.782698,0.512074,0.202372,1.21567,160,2.47913,1.96039
41,1783541307948,15286,0,4,13,12,1,4.52568,-0.945269,0.116515,0.0813625,0.280915,0.55531,15,2.47913,1.96039
41,1783541307948,15286,0,4,13,12,2,2.27151,-0.206998,0.799741,0.436877,0.155354,0.345554,216,2.47913,1.96039
41,1783541307948,15286,0,4,13,12,3,2.27757,-0.977251,0.379673,0.05,0.333592,0.343824,19,2.47913,1.96039
41,1783541307948,15286,0,4,13,12,4,2.05927,-1.96895,0.437451,0.0896943,0.231708,0.526434,53,2.47913,1.96039
41,1783541307948,15286,0,4,13,12,5,2.01098,0.783078,0.460029,0.422632,0.155156,0.307767,191,2.47913,1.96039
41,1783541307948,15286,0,4,13,12,6,0.210899,-1.99079,0.63438,0.363293,0.255302,0.601961,66,2.47913,1.96039
41,1783541307948,15286,0,4,13,12,7,-0.168588,0.2879,0.568549,0.355238,0.225647,0.590687,140,2.47913,1.96039
41,1783541307948,15286,0,4,13,12,8,-2.37269,-1.18365,0.145101,0.104744,0.29728,0.69601,14,2.47913,1.96039
41,1783541307948,15286,0,4,13,12,9,-3.34693,-0.39564,1.42111,0.383783,0.396623,0.874738,37,2.47913,1.96039
41,1783541307948,15286,0,4,13,12,10,-3.74468,-1.17806,0.18726,0.05,0.372207,0.61284,9,2.47913,1.96039
41,1783541307948,15286,0,4,13,12,11,-2.35623,0.117362,0.188863,0.0934477,0.393659,0.739083,16,2.47913,1.96039
41,1783541307948,15286,0,4,13,12,12,-0.868195,2.25547,0.537482,0.40269,0.236538,0.617387,86,2.47913,1.96039
42,1783541308055,15289,0,4,12,12,0,4.74851,-0.703084,0.7744,0.756113,0.201458,1.21493,176,2.47913,1.96039
42,1783541308055,15289,0,4,12,12,1,2.27193,-0.205512,0.799459,0.437085,0.155773,0.346861,217,2.47913,1.96039
42,1783541308055,15289,0,4,12,12,2,2.27872,-0.958552,0.381179,0.0692752,0.333842,0.608708,20,2.47913,1.96039
42,1783541308055,15289,0,4,12,12,3,2.06009,-1.96613,0.436785,0.0874735,0.23202,0.526448,53,2.47913,1.96039
42,1783541308055,15289,0,4,12,12,4,2.00907,0.78077,0.467052,0.419054,0.155497,0.307607,192,2.47913,1.96039
42,1783541308055,15289,0,4,12,12,5,0.218703,-1.99098,0.635992,0.389693,0.255712,0.60152,66,2.47913,1.96039
42,1783541308055,15289,0,4,12,12,6,-0.173931,0.282664,0.567574,0.348851,0.226392,0.5896,140,2.47913,1.96039
42,1783541308055,15289,0,4,12,12,7,-2.37426,-1.18776,0.144766,0.129358,0.295262,0.694724,14,2.47913,1.96039
42,1783541308055,15289,0,4,12,12,8,-3.34423,-0.398935,1.42614,0.387873,0.396681,0.874892,37,2.47913,1.96039
42,1783541308055,15289,0,4,12,12,9,-3.75067,-1.17684,0.194874,0.05,0.371592,0.612569,9,2.47913,1.96039
42,1783541308055,15289,0,4,12,12,10,-2.35522,0.116807,0.189696,0.0790737,0.391001,0.738505,16,2.47913,1.96039
42,1783541308055,15289,0,4,12,12,11,-0.863152,2.25628,0.537799,0.395825,0.238772,0.617421,86,2.47913,1.96039
43,1783541308177,15283,0,4,12,12,0,4.74715,-0.703635,0.782488,0.755844,0.202472,1.21532,175,2.47913,1.96039
43,1783541308177,15283,0,4,12,12,1,2.27085,-0.203897,0.805891,0.438553,0.155697,0.351309,215,2.47913,1.96039
43,1783541308177,15283,0,4,12,12,2,2.27842,-0.980614,0.381237,0.05,0.331937,0.342817,19,2.47913,1.96039
43,1783541308177,15283,0,4,12,12,3,2.05951,-1.96476,0.43769,0.105842,0.23076,0.526798,53,2.47913,1.96039
43,1783541308177,15283,0,4,12,12,4,2.00645,0.787281,0.470586,0.413234,0.156474,0.312011,187,2.47913,1.96039
43,1783541308177,15283,0,4,12,12,5,0.217272,-1.99384,0.639885,0.375268,0.253439,0.601423,66,2.47913,1.96039
43,1783541308177,15283,0,4,12,12,6,-0.177957,0.281647,0.569909,0.348918,0.227531,0.593376,140,2.47913,1.96039
43,1783541308177,15283,0,4,12,12,7,-2.37736,-1.18942,0.146866,0.105635,0.296819,0.694963,14,2.47913,1.96039
43,1783541308177,15283,0,4,12,12,8,-3.34203,-0.396707,1.42525,0.412495,0.396844,0.875428,37,2.47913,1.96039
43,1783541308177,15283,0,4,12,12,9,-3.74942,-1.17627,0.194796,0.05,0.37182,0.612081,9,2.47913,1.96039
43,1783541308177,15283,0,4,12,12,10,-2.35555,0.118587,0.189714,0.0804039,0.392825,0.73849,16,2.47913,1.96039
43,1783541308177,15283,0,4,12,12,11,-0.865689,2.26171,0.53366,0.391111,0.23756,0.617445,86,2.47913,1.96039
44,1783541308278,15290,0,4,14,12,0,4.01643,-1.20363,2.43581,1.90065,0.199632,1.49421,235,2.47913,1.96039
44,1783541308278,15290,0,4,14,12,1,2.27048,-0.204834,0.804755,0.436787,0.155057,0.346333,217,2.47913,1.96039
44,1783541308278,15290,0,4,14,12,2,2.27873,-0.975653,0.38108,0.05,0.333249,0.345124,19,2.47913,1.96039
44,1783541308278,15290,0,4,14,12,3,2.06076,-1.96547,0.436815,0.09555,0.230914,0.526299,53,2.47913,1.96039
44,1783541308278,15290,0,4,14,12,4,2.00961,0.783322,0.454566,0.419562,0.155594,0.311392,188,2.47913,1.96039
44,1783541308278,15290,0,4,14,12,5,0.206496,-1.99493,0.627033,0.377769,0.254269,0.831703,68,2.47913,1.96039
44,1783541308278,15290,0,4,14,12,6,-0.176514,0.279302,0.566912,0.350005,0.229435,0.591903,140,2.47913,1.96039
44,1783541308278,15290,0,4,14,12,7,-2.36857,-1.18076,0.145854,0.102557,0.298303,0.695708,14,2.47913,1.96039
44,1783541308278,15290,0,4,14,12,8,-3.33719,-0.395308,1.42327,0.392468,0.396498,0.875258,37,2.47913,1.96039
44,1783541308278,15290,0,4,14,12,9,-3.74861,-1.17768,0.19997,0.05,0.371619,0.612884,9,2.47913,1.96039
44,1783541308278,15290,0,4,14,12,10,-2.3551,0.120591,0.191769,0.0985573,0.391303,0.738981,16,2.47913,1.96039
44,1783541308278,15290,0,4,14,12,11,-0.869758,2.25504,0.536443,0.395682,0.237171,0.619492,86,2.47913,1.96039
44,1783541308278,15290,0,4,14,12,12,0.988858,-1.36223,0.804487,0.310753,1.20347,1.39066,11,2.47913,1.96039
44,1783541308278,15290,0,4,14,12,13,2.73107,-1.23729,0.319288,0.0582984,0.776344,0.854918,9,2.47913,1.96039
45,1783541308380,15286,0,4,12,12,0,4.75775,-0.707564,0.787979,0.752962,0.202173,1.21505,177,2.47913,1.96039
45,1783541308380,15286,0,4,12,12,1,2.26913,-0.206125,0.806416,0.439431,0.155191,0.349085,218,2.47913,1.96039
45,1783541308380,15286,0,4,12,12,2,2.27821,-0.974336,0.381019,0.0511187,0.333701,0.346537,19,2.47913,1.96039
45,1783541308380,15286,0,4,12,12,3,2.05967,-1.95397,0.438772,0.119995,0.231093,0.894802,54,2.47913,1.96039
45,1783541308380,15286,0,4,12,12,4,2.00599,0.783558,0.471929,0.417975,0.155205,0.30876,187,2.47913,1.96039
45,1783541308380,15286,0,4,12,12,5,0.211487,-1.99771,0.633583,0.375548,0.254687,0.892084,67,2.47913,1.96039
45,1783541308380,15286,0,4,12,12,6,-0.176173,0.281471,0.566574,0.343676,0.227047,0.592166,140,2.47913,1.96039
45,1783541308380,15286,0,4,12,12,7,-2.37654,-1.18747,0.149493,0.121923,0.296546,0.69487,14,2.47913,1.96039
45,1783541308380,15286,0,4,12,12,8,-3.34681,-0.400423,1.42317,0.417026,0.396419,0.875406,37,2.47913,1.96039
45,1783541308380,15286,0,4,12,12,9,-3.75236,-1.1768,0.191053,0.05,0.371095,0.612735,9,2.47913,1.96039
45,1783541308380,15286,0,4,12,12,10,-2.35483,0.118193,0.189966,0.0892964,0.391377,0.739383,16,2.47913,1.96039
45,1783541308380,15286,0,4,12,12,11,-0.863381,2.25461,0.536983,0.391578,0.239104,0.617826,86,2.47913,1.96039
46,1783541308472,15289,0,4,13,12,0,4.74905,-0.703883,0.794059,0.754255,0.202074,1.21516,175,2.47913,1.96039
46,1783541308472,15289,0,4,13,12,1,2.27181,-0.207601,0.799856,0.439755,0.155311,0.346546,218,2.47913,1.96039
46,1783541308472,15289,0,4,13,12,2,2.278,-0.979584,0.380614,0.05,0.334885,0.34312,19,2.47913,1.96039
46,1783541308472,15289,0,4,13,12,3,2.06037,-1.96472,0.436446,0.0893274,0.232034,0.526655,53,2.47913,1.96039
46,1783541308472,15289,0,4,13,12,4,2.00731,0.767358,0.492581,0.419743,0.155722,0.521024,190,2.47913,1.96039
46,1783541308472,15289,0,4,13,12,5,0.212081,-1.9945,0.636263,0.375439,0.256415,0.602022,66,2.47913,1.96039
46,1783541308472,15289,0,4,13,12,6,-0.172691,0.284062,0.565072,0.351288,0.227638,0.59162,140,2.47913,1.96039
46,1783541308472,15289,0,4,13,12,7,-2.36942,-1.17967,0.152185,0.109875,0.299449,0.694219,14,2.47913,1.96039
46,1783541308472,15289,0,4,13,12,8,-3.33609,-0.39561,1.42523,0.391119,0.396705,0.875275,37,2.47913,1.96039
46,1783541308472,15289,0,4,13,12,9,-3.74324,-1.17759,0.198462,0.05,0.371856,0.613239,9,2.47913,1.96039
46,1783541308472,15289,0,4,13,12,10,-2.34914,0.11991,0.188309,0.0601408,0.393759,0.738893,16,2.47913,1.96039
46,1783541308472,15289,0,4,13,12,11,-0.868962,2.25568,0.53703,0.403007,0.239551,0.616657,86,2.47913,1.96039
46,1783541308472,15289,0,4,13,12,12,4.00802,0.371787,0.869404,0.440889,1.10882,1.63302,9,2.47913,1.96039
47,1783541308573,15296,0,4,13,12,0,4.71276,-0.66656,0.854635,0.753592,0.203615,1.32461,179,2.47913,1.96039
47,1783541308573,15296,0,4,13,12,1,2.27193,-0.205649,0.802894,0.435724,0.156022,0.346119,217,2.47913,1.96039
47,1783541308573,15296,0,4,13,12,2,2.27797,-0.983497,0.380949,0.05,0.334091,0.341165,19,2.47913,1.96039
47,1783541308573,15296,0,4,13,12,3,2.05979,-1.96735,0.437679,0.0902424,0.231423,1.26312,54,2.47913,1.96039
47,1783541308573,15296,0,4,13,12,4,2.01194,0.781881,0.457409,0.422665,0.155493,0.311997,194,2.47913,1.96039
47,1783541308573,15296,0,4,13,12,5,0.210732,-1.98688,0.625763,0.376739,0.257318,0.921315,68,2.47913,1.96039
47,1783541308573,15296,0,4,13,12,6,-0.172214,0.283759,0.566297,0.346139,0.228688,0.588839,140,2.47913,1.96039
47,1783541308573,15296,0,4,13,12,7,-2.36859,-1.18304,0.148771,0.109292,0.29848,0.694863,14,2.47913,1.96039
47,1783541308573,15296,0,4,13,12,8,-3.34324,-0.399255,1.4268,0.39049,0.396394,0.875018,37,2.47913,1.96039
47,1783541308573,15296,0,4,13,12,9,-3.7378,-1.17717,0.190025,0.05,0.371703,0.614033,9,2.47913,1.96039
47,1783541308573,15296,0,4,13,12,10,-2.36269,0.119215,0.194278,0.113885,0.392,0.738974,16,2.47913,1.96039
47,1783541308573,15296,0,4,13,12,11,-0.862977,2.25472,0.535198,0.388191,0.237362,0.61694,86,2.47913,1.96039
47,1783541308573,15296,0,4,13,12,12,4.40363,-1.57004,0.689878,0.159445,1.25646,1.30267,6,2.47913,1.96039
48,1783541308671,15281,0,4,12,12,0,4.67126,-0.645251,0.954093,0.745764,0.202843,1.21521,177,2.47913,1.96039
48,1783541308671,15281,0,4,12,12,1,2.27239,-0.191643,0.831863,0.43646,0.156604,0.348077,217,2.47913,1.96039
48,1783541308671,15281,0,4,12,12,2,2.24976,-0.977303,0.439094,0.05,0.333264,0.856969,20,2.47913,1.96039
48,1783541308671,15281,0,4,12,12,3,2.05914,-1.96341,0.438089,0.0838625,0.233106,0.526064,53,2.47913,1.96039
48,1783541308671,15281,0,4,12,12,4,2.00292,0.784592,0.467605,0.420315,0.156143,0.311288,185,2.47913,1.96039
48,1783541308671,15281,0,4,12,12,5,0.211525,-1.99756,0.640096,0.369413,0.254537,0.601707,66,2.47913,1.96039
48,1783541308671,15281,0,4,12,12,6,-0.181064,0.27837,0.569409,0.335976,0.228468,0.591828,140,2.47913,1.96039
48,1783541308671,15281,0,4,12,12,7,-2.37028,-1.18298,0.145391,0.111352,0.297738,0.695714,14,2.47913,1.96039
48,1783541308671,15281,0,4,12,12,8,-3.34545,-0.397741,1.42382,0.388774,0.396657,0.874863,37,2.47913,1.96039
48,1783541308671,15281,0,4,12,12,9,-3.74039,-1.17467,0.198236,0.05,0.372271,0.612941,9,2.47913,1.96039
48,1783541308671,15281,0,4,12,12,10,-2.3491,0.121211,0.189308,0.0782857,0.393355,0.738515,16,2.47913,1.96039
48,1783541308671,15281,0,4,12,12,11,-0.864007,2.25541,0.535094,0.405646,0.238796,0.616831,86,2.47913,1.96039
49,1783541308765,15286,0,4,19,12,0,4.35444,-1.1758,2.64342,1.10297,0.201974,1.3037,209,2.47913,1.96039
49,1783541308765,15286,0,4,19,12,1,2.27201,-0.205712,0.800675,0.438372,0.160897,0.345324,214,2.47913,1.96039
49,1783541308765,15286,0,4,19,12,2,2.27789,-0.983551,0.380514,0.05,0.333824,0.340995,19,2.47913,1.96039
49,1783541308765,15286,0,4,19,12,3,2.05839,-2.02607,0.436856,0.242539,0.232195,0.859085,54,2.47913,1.96039
49,1783541308765,15286,0,4,19,12,4,2.00602,0.779668,0.465157,0.418616,0.155999,0.30808,187,2.47913,1.96039
49,1783541308765,15286,0,4,19,12,5,0.210958,-1.9933,0.632278,0.383873,0.254663,0.601907,66,2.47913,1.96039
49,1783541308765,15286,0,4,19,12,6,-0.175032,0.283254,0.568881,0.354622,0.225328,0.593104,140,2.47913,1.96039
49,1783541308765,15286,0,4,19,12,7,-2.3718,-1.18383,0.150232,0.124334,0.297247,0.694185,14,2.47913,1.96039
49,1783541308765,15286,0,4,19,12,8,-3.33699,-0.395114,1.42635,0.392808,0.396299,0.875192,37,2.47913,1.96039
49,1783541308765,15286,0,4,19,12,9,-3.74455,-1.17465,0.191705,0.05,0.372829,0.613737,9,2.47913,1.96039
49,1783541308765,15286,0,4,19,12,10,-2.35735,0.115972,0.189256,0.0898766,0.391576,0.739884,16,2.47913,1.96039
49,1783541308765,15286,0,4,19,12,11,-0.862138,2.25768,0.532541,0.391165,0.239524,0.617601,86,2.47913,1.96039
49,1783541308765,15286,0,4,19,12,12,1.23491,-1.21855,0.589384,0.318952,1.17177,1.39471,8,2.47913,1.96039
49,1783541308765,15286,0,4,19,12,13,2.73767,-1.73437,0.433437,0.0513362,0.742766,0.812892,8,2.47913,1.96039
49,1783541308765,15286,0,4,19,12,14,3.68329,-1.53703,0.402526,0.142111,0.472692,1.01291,6,2.47913,1.96039
49,1783541308765,15286,0,4,19,12,15,3.93552,-0.884779,0.521784,0.12303,1.42993,1.47931,6,2.47913,1.96039
49,1783541308765,15286,0,4,19,12,16,2.82537,-0.899347,0.612868,0.054741,0.80904,0.852316,6,2.47913,1.96039
49,1783541308765,15286,0,4,19,12,17,3.82463,-0.32761,0.832584,0.179234,0.490454,0.753994,8,2.47913,1.96039
49,1783541308765,15286,0,4,19,12,18,0.928713,-0.475,0.441322,0.392736,1.23951,1.48989,6,2.47913,1.96039
50,1783541308870,15290,0,4,12,12,0,4.6987,-0.659915,0.891576,0.756733,0.200513,1.21545,178,2.47913,1.96039
50,1783541308870,15290,0,4,12,12,1,2.27291,-0.206822,0.802277,0.43939,0.158574,0.346482,216,2.47913,1.96039
50,1783541308870,15290,0,4,12,12,2,2.27805,-0.98094,0.380787,0.05,0.333029,0.341485,19,2.47913,1.96039
50,1783541308870,15290,0,4,12,12,3,2.1854,-1.9355,0.684049,0.151058,0.233492,0.709502,54,2.47913,1.96039
50,1783541308870,15290,0,4,12,12,4,2.00518,0.783812,0.466101,0.418241,0.155205,0.308907,186,2.47913,1.96039
50,1783541308870,15290,0,4,12,12,5,0.215014,-1.98881,0.630837,0.369515,0.254994,0.601964,66,2.47913,1.96039
50,1783541308870,15290,0,4,12,12,6,-0.178072,0.27921,0.567598,0.350751,0.227824,0.590849,140,2.47913,1.96039
50,1783541308870,15290,0,4,12,12,7,-2.37632,-1.18961,0.143644,0.129048,0.294765,0.694153,14,2.47913,1.96039
50,1783541308870,15290,0,4,12,12,8,-3.3435,-0.398965,1.42608,0.389921,0.396924,0.874965,37,2.47913,1.96039
50,1783541308870,15290,0,4,12,12,9,-3.74803,-1.1756,0.189503,0.05,0.372642,0.612393,9,2.47913,1.96039
50,1783541308870,15290,0,4,12,12,10,-2.3571,0.117763,0.189328,0.0827679,0.39234,0.738778,16,2.47913,1.96039
50,1783541308870,15290,0,4,12,12,11,-0.863601,2.2545,0.536794,0.402527,0.237929,0.616835,86,2.47913,1.96039
51,1783541308938,15288,0,4,12,12,0,4.75097,-0.707801,0.784867,0.755606,0.202718,1.21488,176,2.47913,1.96039
51,1783541308938,15288,0,4,12,12,1,2.2722,-0.202857,0.806436,0.438635,0.155937,0.34604,215,2.47913,1.96039
51,1783541308938,15288,0,4,12,12,2,2.2781,-0.979154,0.381398,0.05,0.333535,0.341624,19,2.47913,1.96039
51,1783541308938,15288,0,4,12,12,3,2.06002,-1.96762,0.43661,0.09283,0.231402,0.526334,53,2.47913,1.96039
51,1783541308938,15288,0,4,12,12,4,2.0136,0.782717,0.460716,0.422064,0.15511,0.309793,191,2.47913,1.96039
51,1783541308938,15288,0,4,12,12,5,0.212258,-1.99102,0.632062,0.373837,0.254816,0.602372,66,2.47913,1.96039
51,1783541308938,15288,0,4,12,12,6,-0.17504,0.28143,0.568003,0.363095,0.22717,0.591267,140,2.47913,1.96039
51,1783541308938,15288,0,4,12,12,7,-2.3706,-1.1823,0.147111,0.120254,0.296862,0.695182,14,2.47913,1.96039
51,1783541308938,15288,0,4,12,12,8,-3.3486,-0.399975,1.42597,0.415934,0.39639,0.875183,37,2.47913,1.96039
51,1783541308938,15288,0,4,12,12,9,-3.74209,-1.17455,0.199189,0.05,0.37303,0.613595,9,2.47913,1.96039
51,1783541308938,15288,0,4,12,12,10,-2.35777,0.11942,0.191668,0.097413,0.391868,0.738071,16,2.47913,1.96039
51,1783541308938,15288,0,4,12,12,11,-0.860995,2.25852,0.531718,0.388884,0.238404,0.617835,86,2.47913,1.96039
52,1783541309072,15286,0,4,15,12,0,4.49762,-1.34079,2.09871,0.694131,0.200259,1.28628,197,2.47913,1.96039
52,1783541309072,15286,0,4,15,12,1,2.27044,-0.202683,0.80709,0.438426,0.155308,0.34541,215,2.47913,1.96039
52,1783541309072,15286,0,4,15,12,2,2.27772,-0.982087,0.379991,0.05,0.333766,0.341583,19,2.47913,1.96039
52,1783541309072,15286,0,4,15,12,3,2.05957,-1.96698,0.437782,0.0900218,0.231651,0.526015,53,2.47913,1.96039
52,1783541309072,15286,0,4,15,12,4,2.00333,0.786214,0.463613,0.420664,0.155672,0.308579,185,2.47913,1.96039
52,1783541309072,15286,0,4,15,12,5,0.214829,-1.99361,0.636362,0.375808,0.255204,1.11286,67,2.47913,1.96039
52,1783541309072,15286,0,4,15,12,6,-0.176645,0.280009,0.5667,0.345417,0.227422,0.590199,140,2.47913,1.96039
52,1783541309072,15286,0,4,15,12,7,-2.37013,-1.18542,0.14743,0.120342,0.296426,0.695265,14,2.47913,1.96039
52,1783541309072,15286,0,4,15,12,8,-3.34291,-0.396954,1.42305,0.397662,0.396833,0.875129,37,2.47913,1.96039
52,1783541309072,15286,0,4,15,12,9,-3.7474,-1.17657,0.196543,0.05,0.372044,0.612965,9,2.47913,1.96039
52,1783541309072,15286,0,4,15,12,10,-2.3515,0.120159,0.189583,0.0859811,0.392979,0.73846,16,2.47913,1.96039
52,1783541309072,15286,0,4,15,12,11,-0.86832,2.25726,0.532307,0.385874,0.238132,0.618771,86,2.47913,1.96039
52,1783541309072,15286,0,4,15,12,12,3.70756,-1.76761,0.808132,0.353238,0.457348,1.42533,15,2.47913,1.96039
52,1783541309072,15286,0,4,15,12,13,2.84118,-1.0675,0.897859,0.113031,0.7392,1.46645,12,2.47913,1.96039
52,1783541309072,15286,0,4,15,12,14,3.74892,-0.786737,0.519244,0.422039,0.507618,1.14456,7,2.47913,1.96039
53,1783541309169,15289,0,4,12,12,0,4.75148,-0.70826,0.792812,0.754489,0.202337,1.21529,175,2.47913,1.96039
53,1783541309169,15289,0,4,12,12,1,2.27137,-0.205929,0.799226,0.439519,0.155481,0.349388,217,2.47913,1.96039
53,1783541309169,15289,0,4,12,12,2,2.27799,-0.979102,0.380194,0.05,0.333345,0.34278,19,2.47913,1.96039
53,1783541309169,15289,0,4,12,12,3,2.06074,-1.96854,0.435638,0.104779,0.229983,0.526424,53,2.47913,1.96039
53,1783541309169,15289,0,4,12,12,4,2.0082,0.785336,0.463474,0.41575,0.155114,0.314171,187,2.47913,1.96039
53,1783541309169,15289,0,4,12,12,5,0.207642,-1.99362,0.629776,0.364185,0.254907,0.601767,66,2.47913,1.96039
53,1783541309169,15289,0,4,12,12,6,-0.174998,0.283758,0.569715,0.351051,0.226005,0.591488,140,2.47913,1.96039
53,1783541309169,15289,0,4,12,12,7,-2.37101,-1.18209,0.148045,0.108839,0.298705,0.69484,14,2.47913,1.96039
53,1783541309169,15289,0,4,12,12,8,-3.33618,-0.393701,1.42332,0.393946,0.396654,0.875344,37,2.47913,1.96039
53,1783541309169,15289,0,4,12,12,9,-3.74862,-1.17857,0.187332,0.0677193,0.370518,0.61313,9,2.47913,1.96039
53,1783541309169,15289,0,4,12,12,10,-2.35392,0.118502,0.188992,0.0799794,0.393235,0.7387,16,2.47913,1.96039
53,1783541309169,15289,0,4,12,12,11,-0.854246,2.25205,0.532295,0.404626,0.238444,0.618354,86,2.47913,1.96039
54,1783541309260,15283,0,4,13,12,0,4.75798,-0.689253,0.763557,0.780253,0.202511,1.27777,179,2.47913,1.96039
54,1783541309260,15283,0,4,13,12,1,2.27129,-0.210034,0.802675,0.440461,0.155298,0.344707,217,2.47913,1.96039
54,1783541309260,15283,0,4,13,12,2,2.27711,-0.976222,0.379435,0.05,0.334639,0.344111,19,2.47913,1.96039
54,1783541309260,15283,0,4,13,12,3,2.05967,-1.96863,0.437984,0.0889599,0.231261,0.525688,53,2.47913,1.96039
54,1783541309260,15283,0,4,13,12,4,2.01019,0.786035,0.46092,0.422295,0.155815,0.309658,190,2.47913,1.96039
54,1783541309260,15283,0,4,13,12,5,0.215272,-1.9924,0.637615,0.380378,0.255444,0.602047,66,2.47913,1.96039
54,1783541309260,15283,0,4,13,12,6,-0.175517,0.2816,0.565411,0.346111,0.228272,0.593596,140,2.47913,1.96039
54,1783541309260,15283,0,4,13,12,7,-2.37184,-1.18345,0.148317,0.0979758,0.298255,0.694466,14,2.47913,1.96039
54,1783541309260,15283,0,4,13,12,8,-3.34273,-0.396938,1.42427,0.378227,0.397085,0.87482,37,2.47913,1.96039
54,1783541309260,15283,0,4,13,12,9,-3.75315,-1.17718,0.193083,0.05,0.371998,0.612897,9,2.47913,1.96039
54,1783541309260,15283,0,4,13,12,10,-2.34827,0.118372,0.188986,0.0691423,0.392206,0.739088,16,2.47913,1.96039
54,1783541309260,15283,0,4,13,12,11,-0.864983,2.25855,0.536432,0.384073,0.239307,0.616811,86,2.47913,1.96039
54,1783541309260,15283,0,4,13,12,12,4.30462,0.601298,1.02575,0.263011,0.721823,1.41089,9,2.47913,1.96039
55,1783541309355,15292,0,4,18,12,0,4.72622,-0.72051,0.783346,0.804605,0.20242,1.30526,183,2.47463,1.96167
55,1783541309355,15292,0,4,18,12,1,2.26697,-0.2039,0.811099,0.437639,0.155592,0.346727,218,2.47463,1.96167
55,1783541309355,15292,0,4,18,12,2,2.27291,-0.984557,0.379801,0.05,0.331324,0.342474,19,2.47463,1.96167
55,1783541309355,15292,0,4,18,12,3,2.0556,-1.96956,0.437101,0.0924512,0.230542,0.526383,53,2.47463,1.96167
55,1783541309355,15292,0,4,18,12,4,2.00478,0.782491,0.462374,0.420234,0.155072,0.309311,188,2.47463,1.96167
55,1783541309355,15292,0,4,18,12,5,0.255779,-1.96876,1.0852,0.520643,0.254828,0.95143,70,2.47463,1.96167
55,1783541309355,15292,0,4,18,12,6,-0.177972,0.284858,0.566877,0.348758,0.227013,0.590981,140,2.47463,1.96167
55,1783541309355,15292,0,4,18,12,7,-2.37557,-1.18111,0.14746,0.122378,0.296867,0.695158,14,2.47463,1.96167
55,1783541309355,15292,0,4,18,12,8,-3.33854,-0.392882,1.4255,0.401626,0.396538,0.875539,37,2.47463,1.96167
55,1783541309355,15292,0,4,18,12,9,-3.75025,-1.17404,0.201945,0.0508847,0.371246,0.613531,9,2.47463,1.96167
55,1783541309355,15292,0,4,18,12,10,-2.35586,0.120273,0.188848,0.0929032,0.392508,0.739055,16,2.47463,1.96167
55,1783541309355,15292,0,4,18,12,11,-0.880714,2.26095,0.537793,0.409339,0.236734,0.616721,86,2.47463,1.96167
55,1783541309355,15292,0,4,18,12,12,2.97352,-0.223357,0.894744,0.358623,0.406304,1.18761,11,2.47463,1.96167
55,1783541309355,15292,0,4,18,12,13,1.19905,-1.59475,0.475648,0.114464,1.15751,1.28538,6,2.47463,1.96167
55,1783541309355,15292,0,4,18,12,14,3.75372,-1.56615,1.38314,0.483806,0.465672,1.44566,22,2.47463,1.96167
55,1783541309355,15292,0,4,18,12,15,2.73178,-1.95016,0.783686,0.05,0.709488,0.799443,8,2.47463,1.96167
55,1783541309355,15292,0,4,18,12,16,1.1202,-0.636288,0.636819,0.387016,1.23188,1.53148,9,2.47463,1.96167
55,1783541309355,15292,0,4,18,12,17,3.97474,-0.228671,0.568615,0.307853,0.510963,1.48211,12,2.47463,1.96167
56,1783541309458,15281,0,4,13,12,0,4.74676,-0.704972,0.750175,0.772461,0.20185,1.21674,179,2.45289,1.96785
56,1783541309458,15281,0,4,13,12,1,2.26888,-0.200908,0.80408,0.4383,0.16232,0.344055,213,2.45289,1.96785
56,1783541309458,15281,0,4,13,12,2,2.29239,-0.966483,0.377511,0.05,0.330586,0.343458,19,2.45289,1.96785
56,1783541309458,15281,0,4,13,12,3,2.06092,-1.9516,0.434144,0.0731558,0.235244,0.524884,50,2.45289,1.96785
56,1783541309458,15281,0,4,13,12,4,2.00927,0.781094,0.460116,0.421161,0.155142,0.312083,193,2.45289,1.96785
56,1783541309458,15281,0,4,13,12,5,0.195084,-1.97448,0.585209,0.368884,0.254398,0.601911,63,2.45289,1.96785
56,1783541309458,15281,0,4,13,12,6,-0.175375,0.278024,0.560592,0.348586,0.231027,0.591378,139,2.45289,1.96785
56,1783541309458,15281,0,4,13,12,7,-2.36907,-1.17798,0.193397,0.0822626,0.304165,0.695159,16,2.45289,1.96785
56,1783541309458,15281,0,4,13,12,8,-3.33975,-0.374387,1.42437,0.421232,0.395944,0.876598,40,2.45289,1.96785
56,1783541309458,15281,0,4,13,12,9,-3.77058,-1.16771,0.181901,0.0733405,0.372863,0.614288,9,2.45289,1.96785
56,1783541309458,15281,0,4,13,12,10,-2.3634,0.111043,0.145013,0.115148,0.388958,0.741856,15,2.45289,1.96785
56,1783541309458,15281,0,4,13,12,11,-0.890361,2.27947,0.523513,0.428036,0.212415,0.617278,91,2.45289,1.96785
56,1783541309458,15281,0,4,13,12,12,4.2128,2.04769,0.511792,0.21429,0.562403,1.54538,6,2.45289,1.96785
57,1783541309553,15287,0,4,13,12,0,4.73693,-0.694841,0.764651,0.76791,0.200471,1.21642,168,2.42708,1.97518
57,1783541309553,15287,0,4,13,12,1,2.2632,-0.199437,0.794116,0.433623,0.161519,0.346437,216,2.42708,1.97518
57,1783541309553,15287,0,4,13,12,2,2.29076,-0.975099,0.383804,0.05,0.328841,0.340036,19,2.42708,1.97518
57,1783541309553,15287,0,4,13,12,3,2.00918,0.788948,0.460829,0.434985,0.155178,0.307484,195,2.42708,1.97518
57,1783541309553,15287,0,4,13,12,4,2.06317,-1.95389,0.435391,0.0684003,0.233731,0.523343,50,2.42708,1.97518
57,1783541309553,15287,0,4,13,12,5,0.191096,-1.97238,0.610285,0.370655,0.258516,0.601278,63,2.42708,1.97518
57,1783541309553,15287,0,4,13,12,6,-0.183254,0.2925,0.581752,0.340838,0.230402,0.596805,144,2.42708,1.97518
57,1783541309553,15287,0,4,13,12,7,-2.36445,-1.17539,0.152539,0.0602858,0.308618,0.697017,12,2.42708,1.97518
57,1783541309553,15287,0,4,13,12,8,-3.38193,-0.405806,1.36938,0.403979,0.399197,0.875676,39,2.42708,1.97518
57,1783541309553,15287,0,4,13,12,9,-3.78278,-1.15103,0.182241,0.117586,0.372396,0.616395,8,2.42708,1.97518
57,1783541309553,15287,0,4,13,12,10,-2.35258,0.113439,0.181292,0.0810236,0.398481,0.741858,16,2.42708,1.97518
57,1783541309553,15287,0,4,13,12,11,-0.744678,2.31169,0.391644,0.0719379,0.245804,0.577827,96,2.42708,1.97518
57,1783541309553,15287,0,4,13,12,12,3.96018,0.865931,1.30764,0.111571,0.561259,1.54244,12,2.42708,1.97518
58,1783541309655,15294,0,4,15,12,0,4.70302,-0.728519,0.723364,0.790307,0.199567,1.42349,172,2.40012,1.98284
58,1783541309655,15294,0,4,15,12,1,2.26825,-0.185654,0.804788,0.424052,0.160514,0.342831,214,2.40012,1.98284
58,1783541309655,15294,0,4,15,12,2,2.27292,-0.972014,0.359531,0.05,0.32934,0.340201,18,2.40012,1.98284
58,1783541309655,15294,0,4,15,12,3,2.00069,0.790979,0.460671,0.438591,0.15588,0.309232,198,2.40012,1.98284
58,1783541309655,15294,0,4,15,12,4,2.06326,-1.95308,0.43731,0.0631963,0.233006,0.523294,48,2.40012,1.98284
58,1783541309655,15294,0,4,15,12,5,0.186358,-1.95448,0.57023,0.397181,0.258917,0.602175,60,2.40012,1.98284
58,1783541309655,15294,0,4,15,12,6,-0.172415,0.297438,0.574771,0.333629,0.233008,0.595493,146,2.40012,1.98284
58,1783541309655,15294,0,4,15,12,7,-2.37575,-1.18058,0.189402,0.0904333,0.307404,0.69774,16,2.40012,1.98284
58,1783541309655,15294,0,4,15,12,8,-3.38869,-0.392646,1.37282,0.490565,0.39945,0.877979,43,2.40012,1.98284
58,1783541309655,15294,0,4,15,12,9,-3.66864,-1.146,0.224544,0.125816,0.375425,0.61711,8,2.40012,1.98284
58,1783541309655,15294,0,4,15,12,10,-2.35739,0.112759,0.142616,0.109538,0.396797,0.743095,16,2.40012,1.98284
58,1783541309655,15294,0,4,15,12,11,-0.944851,2.30594,0.405338,0.503192,0.250124,0.617352,97,2.40012,1.98284
58,1783541309655,15294,0,4,15,12,12,3.9019,-1.19419,1.06763,0.624421,0.425009,1.40605,15,2.40012,1.98284
58,1783541309655,15294,0,4,15,12,13,4.17453,0.0377946,0.71473,0.372195,0.357322,1.56569,10,2.40012,1.98284
58,1783541309655,15294,0,4,15,12,14,4.19479,0.667707,0.608667,0.397021,0.344356,0.824838,8,2.40012,1.98284
59,1783541309780,15319,0,4,13,12,0,4.76077,-0.733345,0.739103,0.694512,0.208461,1.21883,166,2.37372,1.99034
59,1783541309780,15319,0,4,13,12,1,2.26889,-0.597048,1.61122,0.451036,0.157264,0.596105,244,2.37372,1.99034
59,1783541309780,15319,0,4,13,12,2,2.00827,0.782262,0.47786,0.462097,0.155443,0.309109,208,2.37372,1.99034
59,1783541309780,15319,0,4,13,12,3,2.06056,-1.92284,0.428709,0.117,0.23392,0.522072,45,2.37372,1.99034
59,1783541309780,15319,0,4,13,12,4,0.223472,-1.8915,0.584546,0.54824,0.259242,0.878803,62,2.37372,1.99034
59,1783541309780,15319,0,4,13,12,5,-0.179223,0.285193,0.582925,0.340046,0.234204,0.59916,153,2.37372,1.99034
59,1783541309780,15319,0,4,13,12,6,-2.3652,-1.16586,0.135098,0.0974276,0.312227,0.699406,12,2.37372,1.99034
59,1783541309780,15319,0,4,13,12,7,-3.41536,-0.381526,1.35638,0.38677,0.399917,0.876948,40,2.37372,1.99034
59,1783541309780,15319,0,4,13,12,8,-3.77891,-1.15807,0.168178,0.108643,0.374942,0.619605,9,2.37372,1.99034
59,1783541309780,15319,0,4,13,12,9,-2.34898,0.121102,0.170283,0.0693948,0.404942,0.745273,16,2.37372,1.99034
59,1783541309780,15319,0,4,13,12,10,-0.872952,2.31004,0.379677,0.379231,0.203069,0.590359,99,2.37372,1.99034
59,1783541309780,15319,0,4,13,12,11,4.31093,1.30062,0.910683,0.266402,0.329248,1.32943,8,2.37372,1.99034
59,1783541309780,15319,0,4,13,12,12,4.46751,2.09013,0.643805,0.208084,1.13286,1.4351,6,2.37372,1.99034
60,1783541309882,15337,0,4,12,12,0,4.76125,-0.723488,0.688732,0.662568,0.201263,1.21951,169,2.33936,2.0001
60,1783541309882,15337,0,4,12,12,1,2.28263,-0.39984,1.19124,0.424795,0.157339,0.358569,239,2.33936,2.0001
60,1783541309882,15337,0,4,12,12,2,2.01491,0.794404,0.450396,0.436547,0.15574,0.310557,209,2.33936,2.0001
60,1783541309882,15337,0,4,12,12,3,2.0718,-1.89757,0.411186,0.167665,0.232122,0.521189,44,2.33936,2.0001
60,1783541309882,15337,0,4,12,12,4,0.190143,-1.95361,0.571154,0.411927,0.262236,0.601173,60,2.33936,2.0001
60,1783541309882,15337,0,4,12,12,5,-0.157418,0.285233,0.549393,0.370055,0.236167,0.604833,153,2.33936,2.0001
60,1783541309882,15337,0,4,12,12,6,-2.36457,-1.18629,0.12975,0.120291,0.309219,0.700661,15,2.33936,2.0001
60,1783541309882,15337,0,4,12,12,7,-3.44539,-0.406804,1.31761,0.324864,0.403255,0.876346,36,2.33936,2.0001
60,1783541309882,15337,0,4,12,12,8,-3.74838,-1.17505,0.174343,0.05,0.377058,0.620922,9,2.33936,2.0001
60,1783541309882,15337,0,4,12,12,9,-2.34957,0.102617,0.168926,0.110451,0.403581,0.746385,18,2.33936,2.0001
60,1783541309882,15337,0,4,12,12,10,-0.734586,2.30941,0.378382,0.104426,0.261463,0.592836,99,2.33936,2.0001
60,1783541309882,15337,0,4,12,12,11,4.04689,1.1803,0.7916,0.596476,1.05247,1.51956,9,2.33936,2.0001
61,1783541309977,15360,0,4,16,12,0,4.83242,-0.755058,0.749317,0.490782,0.243956,1.2216,135,2.28629,2.01518
61,1783541309977,15360,0,4,16,12,1,4.53592,-0.452147,0.136025,0.0821259,0.194793,0.586043,24,2.28629,2.01518
61,1783541309977,15360,0,4,16,12,2,2.27267,-0.397273,1.1772,0.431988,0.155142,0.355493,240,2.28629,2.01518
61,1783541309977,15360,0,4,16,12,3,2.00831,0.784903,0.488538,0.449582,0.155425,0.308194,213,2.28629,2.01518
61,1783541309977,15360,0,4,16,12,4,2.29095,-1.36944,0.389112,0.05,0.348465,0.35685,8,2.28629,2.01518
61,1783541309977,15360,0,4,16,12,5,2.04815,-1.95079,0.415327,0.0548034,0.323968,0.518355,40,2.28629,2.01518
61,1783541309977,15360,0,4,16,12,6,0.16505,-1.97085,0.595782,0.397552,0.264932,0.601088,61,2.28629,2.01518
61,1783541309977,15360,0,4,16,12,7,-0.183837,0.289965,0.56543,0.33544,0.237923,0.6071,155,2.28629,2.01518
61,1783541309977,15360,0,4,16,12,8,-2.36281,-1.17935,0.141321,0.0617859,0.320856,0.703016,12,2.28629,2.01518
61,1783541309977,15360,0,4,16,12,9,-3.73902,-1.17954,0.175115,0.05,0.379712,0.623233,8,2.28629,2.01518
61,1783541309977,15360,0,4,16,12,10,-3.45212,-0.374543,1.30546,0.377179,0.403593,0.879057,39,2.28629,2.01518
61,1783541309977,15360,0,4,16,12,11,-2.33373,0.105523,0.170663,0.05,0.41622,0.750018,13,2.28629,2.01518
61,1783541309977,15360,0,4,16,12,12,-0.740882,2.31067,0.390939,0.0774639,0.268339,0.603373,103,2.28629,2.01518
61,1783541309977,15360,0,4,16,12,13,3.13913,-2.27205,0.653409,0.100013,0.710043,0.763123,12,2.28629,2.01518
61,1783541309977,15360,0,4,16,12,14,1.62066,-2.08368,0.515509,0.122827,1.13818,1.23527,8,2.28629,2.01518
61,1783541309977,15360,0,4,16,12,15,4.26334,1.91729,0.806901,0.21654,0.80456,1.31168,8,2.28629,2.01518
62,1783541310072,15377,0,4,12,12,0,4.83769,-0.760834,0.766774,0.473216,0.237045,1.22271,139,2.24464,2.02702
62,1783541310072,15377,0,4,12,12,1,4.42782,-0.368443,0.349145,0.126719,0.216169,0.579436,22,2.24464,2.02702
62,1783541310072,15377,0,4,12,12,2,2.18302,0.0450886,2.07983,0.621876,0.15507,0.353753,442,2.24464,2.02702
62,1783541310072,15377,0,4,12,12,3,2.27355,-1.41168,0.410347,0.0687787,0.31605,0.351584,9,2.24464,2.02702
62,1783541310072,15377,0,4,12,12,4,2.06336,-1.98566,0.418555,0.126308,0.221944,0.86723,45,2.24464,2.02702
62,1783541310072,15377,0,4,12,12,5,0.174163,-1.97537,0.565245,0.402999,0.261169,0.60083,60,2.24464,2.02702
62,1783541310072,15377,0,4,12,12,6,-0.168954,0.282584,0.600661,0.331851,0.245346,0.606017,160,2.24464,2.02702
62,1783541310072,15377,0,4,12,12,7,-2.36487,-1.16285,0.172222,0.0577784,0.326375,0.705483,13,2.24464,2.02702
62,1783541310072,15377,0,4,12,12,8,-3.76998,-1.15848,0.163512,0.109891,0.380003,0.625373,9,2.24464,2.02702
62,1783541310072,15377,0,4,12,12,9,-3.53133,-0.398152,1.2675,0.252226,0.406391,0.875725,36,2.24464,2.02702
62,1783541310072,15377,0,4,12,12,10,-2.37046,0.129145,0.170622,0.0976391,0.412918,0.75265,16,2.24464,2.02702
62,1783541310072,15377,0,4,12,12,11,-0.739033,2.29909,0.382483,0.0772156,0.27461,0.611827,103,2.24464,2.02702
63,1783541310177,15401,0,4,12,12,0,4.70728,-0.795487,0.914121,0.649788,0.21129,1.31829,172,2.21431,2.03563
63,1783541310177,15401,0,4,12,12,1,2.27425,-0.580054,1.55653,0.437208,0.155111,0.421539,229,2.21431,2.03563
63,1783541310177,15401,0,4,12,12,2,2.00698,0.772135,0.535994,0.472572,0.155109,0.30756,232,2.21431,2.03563
63,1783541310177,15401,0,4,12,12,3,2.054,-1.94686,0.401727,0.0632295,0.323001,0.515339,42,2.21431,2.03563
63,1783541310177,15401,0,4,12,12,4,0.164454,-1.99665,0.576599,0.406373,0.261047,0.600151,61,2.21431,2.03563
63,1783541310177,15401,0,4,12,12,5,-0.185108,0.297295,0.579263,0.334582,0.247716,0.608084,162,2.21431,2.03563
63,1783541310177,15401,0,4,12,12,6,-2.37554,-1.18139,0.147181,0.113796,0.321659,0.706699,15,2.21431,2.03563
63,1783541310177,15401,0,4,12,12,7,-3.57522,-0.424713,1.32633,0.236489,0.406742,0.875272,34,2.21431,2.03563
63,1783541310177,15401,0,4,12,12,8,-3.76508,-1.17542,0.154116,0.0566814,0.382929,0.627323,8,2.21431,2.03563
63,1783541310177,15401,0,4,12,12,9,-2.36248,0.115644,0.146008,0.0940104,0.259601,0.754048,18,2.21431,2.03563
63,1783541310177,15401,0,4,12,12,10,-0.755598,2.31108,0.381118,0.1014,0.278181,0.617593,103,2.21431,2.03563
63,1783541310177,15401,0,4,12,12,11,3.77227,-0.0546978,0.597051,0.49461,0.751643,1.33682,11,2.21431,2.03563
64,1783541310271,15418,0,4,18,12,0,4.83637,-0.758933,0.752312,0.487361,0.225608,1.22975,151,2.15644,2.05207
64,1783541310271,15418,0,4,18,12,1,4.5279,-0.441943,0.126627,0.0773317,0.205565,0.566972,20,2.15644,2.05207
64,1783541310271,15418,0,4,18,12,2,2.27472,-0.606477,1.47093,0.443503,0.155392,0.358275,225,2.15644,2.05207
64,1783541310271,15418,0,4,18,12,3,2.01478,0.772697,0.530097,0.471059,0.155023,0.305094,242,2.15644,2.05207
64,1783541310271,15418,0,4,18,12,4,2.04939,-2.00627,0.451189,0.173781,0.321024,1.04133,46,2.15644,2.05207
64,1783541310271,15418,0,4,18,12,5,0.0972774,-2.0267,0.591573,0.564718,0.267696,1.28395,61,2.15644,2.05207
64,1783541310271,15418,0,4,18,12,6,-0.176528,0.280171,0.60265,0.335687,0.251988,0.608016,167,2.15644,2.05207
64,1783541310271,15418,0,4,18,12,7,-2.37841,-1.17982,0.166671,0.105732,0.327624,0.708673,14,2.15644,2.05207
64,1783541310271,15418,0,4,18,12,8,-3.6277,-1.03452,0.480547,0.229195,0.382057,0.865523,15,2.15644,2.05207
64,1783541310271,15418,0,4,18,12,9,-2.36302,0.116186,0.153367,0.0863639,0.258704,0.757084,20,2.15644,2.05207
64,1783541310271,15418,0,4,18,12,10,-3.70955,-0.16105,0.74523,0.13867,0.411309,0.874832,24,2.15644,2.05207
64,1783541310271,15418,0,4,18,12,11,-0.774957,2.30872,0.389573,0.132757,0.286757,0.617289,108,2.15644,2.05207
64,1783541310271,15418,0,4,18,12,12,3.16173,-0.531652,0.801618,0.473022,0.745247,1.26861,14,2.15644,2.05207
64,1783541310271,15418,0,4,18,12,13,1.85675,-1.16546,1.06663,0.050076,1.02687,1.12172,10,2.15644,2.05207
64,1783541310271,15418,0,4,18,12,14,2.91501,-2.51685,0.547755,0.0844159,0.550952,0.737325,8,2.15644,2.05207
64,1783541310271,15418,0,4,18,12,15,3.17247,1.55949,0.477168,0.16446,0.40632,1.42088,6,2.15644,2.05207
64,1783541310271,15418,0,4,18,12,16,4.01265,-1.19078,0.943881,0.125654,0.440481,0.538141,10,2.15644,2.05207
64,1783541310271,15418,0,4,18,12,17,4.11239,-0.202827,0.34822,0.0978595,0.364134,1.30347,6,2.15644,2.05207
65,1783541310368,15439,0,4,13,12,0,4.73361,-0.698211,0.705614,0.632009,0.200575,1.22675,160,2.11181,2.06476
65,1783541310368,15439,0,4,13,12,1,2.26809,-0.593445,1.48092,0.447591,0.158609,0.398921,222,2.11181,2.06476
65,1783541310368,15439,0,4,13,12,2,2.0145,0.765558,0.488232,0.45321,0.158701,0.307781,249,2.11181,2.06476
65,1783541310368,15439,0,4,13,12,3,2.07584,-1.95066,0.4254,0.060894,0.320897,0.511397,44,2.11181,2.06476
65,1783541310368,15439,0,4,13,12,4,0.15733,-1.99117,0.554472,0.414381,0.262231,0.600746,58,2.11181,2.06476
65,1783541310368,15439,0,4,13,12,5,-0.118864,0.173839,0.814716,0.422802,0.17268,0.606359,168,2.11181,2.06476
65,1783541310368,15439,0,4,13,12,6,-2.36814,-1.17459,0.156157,0.0969333,0.333102,0.710681,15,2.11181,2.06476
65,1783541310368,15439,0,4,13,12,7,-3.71908,-1.14462,0.710698,0.217202,0.369777,0.86524,17,2.11181,2.06476
65,1783541310368,15439,0,4,13,12,8,-2.36082,0.112917,0.159035,0.094712,0.264995,0.759428,19,2.11181,2.06476
65,1783541310368,15439,0,4,13,12,9,-3.78981,-0.0953509,0.59763,0.146873,0.40936,0.873649,24,2.11181,2.06476
65,1783541310368,15439,0,4,13,12,10,-0.797497,2.29946,0.383053,0.18925,0.243167,0.614935,117,2.11181,2.06476
65,1783541310368,15439,0,4,13,12,11,3.80709,0.945588,1.02331,0.186145,0.376369,1.22961,9,2.11181,2.06476
65,1783541310368,15439,0,4,13,12,12,3.01741,-2.63135,0.757382,0.101176,0.722168,0.814038,10,2.11181,2.06476
66,1783541310474,15446,0,4,14,12,0,4.72712,-0.699852,0.715284,0.62553,0.200567,1.22712,156,2.09572,2.06933
66,1783541310474,15446,0,4,14,12,1,1.99858,0.771879,0.532736,0.5168,0.155583,0.308393,259,2.09572,2.06933
66,1783541310474,15446,0,4,14,12,2,2.30332,-0.934454,2.16001,0.816114,0.155731,0.936886,283,2.09572,2.06933
66,1783541310474,15446,0,4,14,12,3,0.154248,-1.98041,0.568007,0.417939,0.266155,0.599637,59,2.09572,2.06933
66,1783541310474,15446,0,4,14,12,4,-0.172412,0.289163,0.600788,0.3494,0.170908,0.603541,173,2.09572,2.06933
66,1783541310474,15446,0,4,14,12,5,-2.36346,-1.16559,0.168912,0.0735277,0.339276,0.713679,13,2.09572,2.06933
66,1783541310474,15446,0,4,14,12,6,-3.68411,-1.01552,0.444688,0.170125,0.385215,0.865046,14,2.09572,2.06933
66,1783541310474,15446,0,4,14,12,7,-2.36241,0.115822,0.160971,0.0950225,0.271067,0.761191,20,2.09572,2.06933
66,1783541310474,15446,0,4,14,12,8,-3.83883,-0.0169568,0.472048,0.163079,0.40877,0.873867,19,2.09572,2.06933
66,1783541310474,15446,0,4,14,12,9,-0.826485,2.30259,0.398896,0.240736,0.254964,0.6102,137,2.09572,2.06933
66,1783541310474,15446,0,4,14,12,10,1.06078,-1.82486,0.555896,0.131373,1.22083,1.34906,7,2.09572,2.06933
66,1783541310474,15446,0,4,14,12,11,4.11663,-1.61633,1.30754,0.410986,1.02631,1.34048,15,2.09572,2.06933
66,1783541310474,15446,0,4,14,12,12,0.882659,-0.33727,1.36355,0.324929,1.2678,1.50411,18,2.09572,2.06933
66,1783541310474,15446,0,4,14,12,13,3.6979,-0.91587,1.37018,0.447843,0.605808,1.05046,21,2.09572,2.06933
67,1783541310563,15468,0,4,14,12,0,4.70343,-0.629538,0.866094,0.75717,0.268141,1.23014,165,2.02235,2.09017
67,1783541310563,15468,0,4,14,12,1,1.98402,0.773839,0.560464,0.540445,0.155294,0.303945,267,2.02235,2.09017
67,1783541310563,15468,0,4,14,12,2,2.25915,-0.727641,1.80439,0.437222,0.156514,0.910434,215,2.02235,2.09017
67,1783541310563,15468,0,4,14,12,3,2.044,-1.96034,0.428186,0.0778943,0.318389,0.507693,42,2.02235,2.09017
67,1783541310563,15468,0,4,14,12,4,0.157838,-2.00418,0.554259,0.423794,0.261467,0.59962,58,2.02235,2.09017
67,1783541310563,15468,0,4,14,12,5,-0.174995,0.3059,0.568175,0.327837,0.171333,0.606339,178,2.02235,2.09017
67,1783541310563,15468,0,4,14,12,6,-2.38035,-1.19132,0.142624,0.128322,0.339573,0.714112,15,2.02235,2.09017
67,1783541310563,15468,0,4,14,12,7,-3.70812,-1.01003,0.481085,0.189664,0.387361,0.865628,14,2.02235,2.09017
67,1783541310563,15468,0,4,14,12,8,-2.36309,0.107445,0.147371,0.0765815,0.277701,0.763526,19,2.02235,2.09017
67,1783541310563,15468,0,4,14,12,9,-3.80123,0.0276584,0.349634,0.091194,0.416277,0.873906,13,2.02235,2.09017
67,1783541310563,15468,0,4,14,12,10,-0.847341,2.29705,0.406269,0.28873,0.170018,0.609932,145,2.02235,2.09017
67,1783541310563,15468,0,4,14,12,11,3.25591,-0.270367,1.79858,0.599404,0.549967,1.54991,24,2.02235,2.09017
67,1783541310563,15468,0,4,14,12,12,3.11521,-1.77772,0.640027,0.111435,0.608361,1.35503,9,2.02235,2.09017
67,1783541310563,15468,0,4,14,12,13,3.86468,-1.25025,0.566564,0.116657,0.902498,1.37988,7,2.02235,2.09017
68,1783541310667,15484,0,4,12,12,0,4.74421,-0.693057,0.748322,0.667387,0.266011,1.23023,154,1.99102,2.09907
68,1783541310667,15484,0,4,12,12,1,1.98838,0.774548,0.564955,0.544,0.156305,0.308416,275,1.99102,2.09907
68,1783541310667,15484,0,4,12,12,2,2.32981,-0.552655,1.47901,0.544057,0.156728,1.06604,211,1.99102,2.09907
68,1783541310667,15484,0,4,12,12,3,2.05766,-1.97684,0.39947,0.108045,0.316983,0.506098,42,1.99102,2.09907
68,1783541310667,15484,0,4,12,12,4,0.137173,-2.00782,0.526726,0.453826,0.265635,0.599262,58,1.99102,2.09907
68,1783541310667,15484,0,4,12,12,5,-0.174139,0.21893,0.703052,0.438082,0.171755,1.20998,192,1.99102,2.09907
68,1783541310667,15484,0,4,12,12,6,-2.36387,-1.18926,0.154316,0.0890074,0.343502,0.714991,15,1.99102,2.09907
68,1783541310667,15484,0,4,12,12,7,-3.70367,-1.03336,0.495534,0.148716,0.389433,0.865055,16,1.99102,2.09907
68,1783541310667,15484,0,4,12,12,8,-2.36131,0.112718,0.169359,0.13626,0.250258,0.764396,25,1.99102,2.09907
68,1783541310667,15484,0,4,12,12,9,-3.78645,0.116189,0.187488,0.130805,0.417821,0.874464,13,1.99102,2.09907
68,1783541310667,15484,0,4,12,12,10,-0.864156,2.29488,0.396395,0.345603,0.177613,0.610417,148,1.99102,2.09907
68,1783541310667,15484,0,4,12,12,11,3.91803,1.37302,0.69902,0.191822,0.843768,1.40936,6,1.99102,2.09907
69,1783541310766,15512,0,4,14,12,0,4.90152,-0.62154,0.961198,0.937298,0.250823,1.23201,156,1.92884,2.11674
69,1783541310766,15512,0,4,14,12,1,1.99606,0.759091,0.568114,0.611983,0.156292,1.07696,290,1.92884,2.11674
69,1783541310766,15512,0,4,14,12,2,2.24144,-0.610646,1.60196,0.486986,0.17205,1.54697,219,1.92884,2.11674
69,1783541310766,15512,0,4,14,12,3,2.00498,-2.04114,0.515206,0.481282,0.315536,1.08639,47,1.92884,2.11674
69,1783541310766,15512,0,4,14,12,4,0.139887,-2.00617,0.514923,0.441348,0.269861,0.599121,57,1.92884,2.11674
69,1783541310766,15512,0,4,14,12,5,-0.18564,0.300456,0.590912,0.355248,0.172478,0.603364,197,1.92884,2.11674
69,1783541310766,15512,0,4,14,12,6,-2.37422,-1.17855,0.138145,0.104842,0.345722,0.717029,15,1.92884,2.11674
69,1783541310766,15512,0,4,14,12,7,-3.72001,-1.01748,0.49715,0.131834,0.392746,0.865549,13,1.92884,2.11674
69,1783541310766,15512,0,4,14,12,8,-2.36051,0.116511,0.16399,0.0737462,0.251207,0.76786,23,1.92884,2.11674
69,1783541310766,15512,0,4,14,12,9,-3.77923,0.160989,0.196555,0.0799305,0.415031,0.680201,10,1.92884,2.11674
69,1783541310766,15512,0,4,14,12,10,-0.900842,2.29716,0.488493,0.496333,0.185537,0.610523,156,1.92884,2.11674
69,1783541310766,15512,0,4,14,12,11,2.9775,-0.375822,0.614818,0.422101,0.747026,1.23013,14,1.92884,2.11674
69,1783541310766,15512,0,4,14,12,12,3.23985,-2.08384,0.98656,0.723434,0.688835,1.05867,15,1.92884,2.11674
69,1783541310766,15512,0,4,14,12,13,3.87528,-1.06303,0.798223,0.371043,0.484478,1.44196,14,1.92884,2.11674
70,1783541310859,15548,0,4,14,12,0,4.73956,-0.699325,0.755101,0.710834,0.243667,1.23331,148,1.88609,2.12889
70,1783541310859,15548,0,4,14,12,1,1.98978,0.773156,0.578414,0.60327,0.15503,0.31015,293,1.88609,2.12889
70,1783541310859,15548,0,4,14,12,2,2.25369,-0.586046,1.568,0.45967,0.173777,0.352363,207,1.88609,2.12889
70,1783541310859,15548,0,4,14,12,3,2.05564,-1.96904,0.435068,0.0982204,0.312658,0.503458,43,1.88609,2.12889
70,1783541310859,15548,0,4,14,12,4,0.142191,-1.9857,0.595253,0.44724,0.264861,0.599636,62,1.88609,2.12889
70,1783541310859,15548,0,4,14,12,5,-0.182861,0.300039,0.58118,0.320556,0.169793,0.602398,203,1.88609,2.12889
70,1783541310859,15548,0,4,14,12,6,-2.38162,-1.15898,0.176998,0.0566148,0.354049,0.720023,13,1.88609,2.12889
70,1783541310859,15548,0,4,14,12,7,-3.7912,-0.991186,0.477589,0.142652,0.391168,0.865045,14,1.88609,2.12889
70,1783541310859,15548,0,4,14,12,8,-2.35646,0.120864,0.170394,0.0814304,0.25306,0.771474,24,1.88609,2.12889
70,1783541310859,15548,0,4,14,12,9,-3.74902,0.145039,0.182192,0.0641695,0.419185,0.683788,9,1.88609,2.12889
70,1783541310859,15548,0,4,14,12,10,-0.898767,2.29927,0.517417,0.49952,0.194404,0.611288,167,1.88609,2.12889
70,1783541310859,15548,0,4,14,12,11,3.56145,0.502488,0.652436,0.381483,0.560811,1.58883,10,1.88609,2.12889
70,1783541310859,15548,0,4,14,12,12,2.80862,-2.22055,1.05182,0.162964,0.828802,0.857817,15,1.88609,2.12889
70,1783541310859,15548,0,4,14,12,13,3.75725,1.49872,0.58207,0.306036,0.23324,0.714069,6,1.88609,2.12889
71,1783541310964,15658,0,4,14,11,0,4.72823,-0.69944,0.75161,0.759298,0.241348,1.23358,144,1.84628,2.1402
71,1783541310964,15658,0,4,14,11,1,1.98118,0.775574,0.578884,0.583402,0.157155,0.309603,294,1.84628,2.1402
71,1783541310964,15658,0,4,14,11,2,2.3766,-0.540215,1.48382,0.688603,0.168047,0.977918,221,1.84628,2.1402
71,1783541310964,15658,0,4,14,11,3,2.1072,-1.95326,0.542412,0.292258,0.312756,0.918339,45,1.84628,2.1402
71,1783541310964,15658,0,4,14,11,4,0.128116,-1.98091,0.585181,0.451385,0.265642,0.599193,62,1.84628,2.1402
71,1783541310964,15658,0,4,14,11,5,-0.186536,0.294841,0.599107,0.368069,0.174126,0.601927,205,1.84628,2.1402
71,1783541310964,15658,0,4,14,11,6,-2.3884,-1.17172,0.174955,0.105978,0.354119,0.720688,16,1.84628,2.1402
71,1783541310964,15658,0,4,14,11,7,-3.81413,-1.01408,0.494728,0.05,0.39472,0.862379,14,1.84628,2.1402
71,1783541310964,15658,0,4,14,11,8,-2.38593,0.126651,0.195507,0.10781,0.249459,0.772938,24,1.84628,2.1402
71,1783541310964,15658,0,4,14,11,9,-3.76961,0.143635,0.140018,0.0794039,0.422894,0.685378,9,1.84628,2.1402
71,1783541310964,15658,0,4,14,11,10,-0.751032,2.30385,0.394109,0.0935963,0.200205,0.595403,164,1.84628,2.1402
71,1783541310964,15658,0,4,14,11,11,-1.15087,2.38155,0.246455,0.05,0.604957,0.607928,14,1.84628,2.1402
71,1783541310964,15658,0,4,14,11,12,3.30195,-1.78034,0.68962,0.36183,0.619004,1.2927,13,1.84628,2.1402
71,1783541310964,15658,0,4,14,11,13,0.983825,-1.10547,0.700876,0.140585,1.28446,1.49035,8,1.84628,2.1402
72,1783541311053,15606,0,4,12,11,0,4.76383,-0.743309,0.859887,0.758064,0.239917,1.2333,145,1.83849,2.14242
72,1783541311053,15606,0,4,12,11,1,1.97441,0.779344,0.581559,0.585387,0.155588,0.309466,296,1.83849,2.14242
72,1783541311053,15606,0,4,12,11,2,2.2484,-0.534895,1.48759,0.476714,0.168536,0.353441,209,1.83849,2.14242
72,1783541311053,15606,0,4,12,11,3,2.04501,-2.01428,0.43791,0.212275,0.311604,0.501523,44,1.83849,2.14242
72,1783541311053,15606,0,4,12,11,4,0.115295,-1.98202,0.5815,0.459291,0.265227,0.598922,62,1.83849,2.14242
72,1783541311053,15606,0,4,12,11,5,-0.189189,0.299363,0.60011,0.358475,0.170057,0.601669,207,1.83849,2.14242
72,1783541311053,15606,0,4,12,11,6,-2.40089,-1.17168,0.172335,0.0996669,0.351606,0.720999,16,1.83849,2.14242
72,1783541311053,15606,0,4,12,11,7,-3.78927,-0.992236,0.510206,0.0918946,0.394938,0.864682,14,1.83849,2.14242
72,1783541311053,15606,0,4,12,11,8,-2.3774,0.135569,0.190474,0.08772,0.250905,0.772807,24,1.83849,2.14242
72,1783541311053,15606,0,4,12,11,9,-3.78033,0.142828,0.133894,0.0830225,0.422979,0.684579,9,1.83849,2.14242
72,1783541311053,15606,0,4,12,11,10,-0.761877,2.30541,0.393135,0.0875615,0.198095,0.594048,162,1.83849,2.14242
72,1783541311053,15606,0,4,12,11,11,-1.14618,2.37362,0.263988,0.05,0.605283,0.610612,15,1.83849,2.14242
73,1783541311156,15589,0,4,12,11,0,4.72521,-0.69769,0.670108,0.599916,0.230617,1.23376,143,1.80604,2.15163
73,1783541311156,15589,0,4,12,11,1,1.99408,0.775568,0.56477,0.602509,0.155092,0.30973,293,1.80604,2.15163
73,1783541311156,15589,0,4,12,11,2,2.25191,-0.545757,1.49821,0.462314,0.162056,0.351748,209,1.80604,2.15163
73,1783541311156,15589,0,4,12,11,3,2.10977,-1.95327,0.585878,0.074993,0.307305,0.579075,43,1.80604,2.15163
73,1783541311156,15589,0,4,12,11,4,0.133261,-1.98911,0.54676,0.448849,0.267886,0.600251,59,1.80604,2.15163
73,1783541311156,15589,0,4,12,11,5,-0.19273,0.281087,0.593183,0.361661,0.170457,0.605338,211,1.80604,2.15163
73,1783541311156,15589,0,4,12,11,6,-2.38857,-1.17406,0.169128,0.0865132,0.356068,0.722391,16,1.80604,2.15163
73,1783541311156,15589,0,4,12,11,7,-3.77173,-0.958212,0.508108,0.07084,0.39719,0.866351,11,1.80604,2.15163
73,1783541311156,15589,0,4,12,11,8,-2.2879,0.126333,0.339225,0.133499,0.259064,0.774265,24,1.80604,2.15163
73,1783541311156,15589,0,4,12,11,9,-3.76204,0.147309,0.170478,0.0698086,0.422242,0.687622,9,1.80604,2.15163
73,1783541311156,15589,0,4,12,11,10,-0.766425,2.31456,0.38872,0.106448,0.209626,0.60197,169,1.80604,2.15163
73,1783541311156,15589,0,4,12,11,11,-1.1715,2.42003,0.151094,0.05,0.606652,0.612402,9,1.80604,2.15163
74,1783541311255,15602,0,4,14,10,0,4.83239,-0.876996,1.34571,0.784894,0.2215,1.23462,147,1.76051,2.16457
74,1783541311255,15602,0,4,14,10,1,1.97997,0.803731,0.556917,0.548859,0.157257,0.308659,291,1.76051,2.16457
74,1783541311255,15602,0,4,14,10,2,2.24073,-0.642881,2.01992,0.508921,0.155198,1.08712,225,1.76051,2.16457
74,1783541311255,15602,0,4,14,10,3,2.04605,-2.01336,0.408546,0.230432,0.309508,1.00021,43,1.76051,2.16457
74,1783541311255,15602,0,4,14,10,4,0.122121,-1.97949,0.557317,0.443087,0.271746,0.598778,58,1.76051,2.16457
74,1783541311255,15602,0,4,14,10,5,-0.20346,0.274751,0.580576,0.382125,0.170564,0.605341,209,1.76051,2.16457
74,1783541311255,15602,0,4,14,10,6,-2.38731,-1.17009,0.163469,0.0953421,0.359437,0.725638,16,1.76051,2.16457
74,1783541311255,15602,0,4,14,10,7,-3.83324,-0.999361,0.580642,0.0971608,0.39709,0.865623,16,1.76051,2.16457
74,1783541311255,15602,0,4,14,10,8,-2.40674,0.0199403,0.369477,0.147097,0.258588,0.776729,31,1.76051,2.16457
74,1783541311255,15602,0,4,14,10,9,-3.75446,0.131926,0.165842,0.05,0.29862,0.689848,10,1.76051,2.16457
74,1783541311255,15602,0,4,14,10,10,-0.79078,2.31163,0.389421,0.145462,0.215356,0.595393,172,1.76051,2.16457
74,1783541311255,15602,0,4,14,10,11,3.05091,-1.41881,2.12127,0.927377,0.559542,1.43924,35,1.76051,2.16457
74,1783541311255,15602,0,4,14,10,12,3.92856,-0.990371,1.47748,0.48114,0.455656,1.47337,24,1.76051,2.16457
74,1783541311255,15602,0,4,14,10,13,3.06562,0.299113,0.76446,0.05,0.692592,0.827456,8,1.76051,2.16457
75,1783541311382,15625,0,4,15,10,0,4.7368,-0.704762,0.763,0.703977,0.215294,1.23294,139,1.71782,2.1767
75,1783541311382,15625,0,4,15,10,1,1.98824,0.80729,0.583456,0.525816,0.15558,0.870665,292,1.71782,2.1767
75,1783541311382,15625,0,4,15,10,2,2.30681,-0.389037,1.94762,0.544686,0.158454,0.991033,212,1.71782,2.1767
75,1783541311382,15625,0,4,15,10,3,2.16746,-1.95515,0.678127,0.55102,0.299365,0.987342,51,1.71782,2.1767
75,1783541311382,15625,0,4,15,10,4,0.125307,-1.99022,0.51784,0.460097,0.271831,0.598176,58,1.71782,2.1767
75,1783541311382,15625,0,4,15,10,5,-0.212475,0.274199,0.567443,0.405391,0.171784,0.601031,215,1.71782,2.1767
75,1783541311382,15625,0,4,15,10,6,-2.38565,-1.16862,0.159464,0.0785712,0.364182,0.725392,16,1.71782,2.1767
75,1783541311382,15625,0,4,15,10,7,-3.85459,-0.971463,0.570747,0.0679983,0.39808,0.864971,14,1.71782,2.1767
75,1783541311382,15625,0,4,15,10,8,-2.37695,0.124007,0.175184,0.129562,0.26122,0.778419,29,1.71782,2.1767
75,1783541311382,15625,0,4,15,10,9,-3.76786,0.122339,0.170077,0.0861371,0.301913,0.691753,13,1.71782,2.1767
75,1783541311382,15625,0,4,15,10,10,-0.804226,2.31039,0.389313,0.215648,0.229701,0.593117,179,1.71782,2.1767
75,1783541311382,15625,0,4,15,10,11,3.50593,0.0243014,0.846349,0.252707,0.983137,1.41023,7,1.71782,2.1767
75,1783541311382,15625,0,4,15,10,12,3.56165,-1.67709,0.815948,0.430747,0.680132,1.23589,13,1.71782,2.1767
75,1783541311382,15625,0,4,15,10,13,3.81838,3.40051,0.57537,0.283559,0.560242,1.51773,6,1.71782,2.1767
75,1783541311382,15625,0,4,15,10,14,3.32267,-2.37679,0.456089,0.0766081,0.680919,1.11986,9,1.71782,2.1767
76,1783541311453,15628,0,4,14,11,0,4.82053,-0.710329,0.707235,0.849797,0.215063,1.23072,134,1.66972,2.19036
76,1783541311453,15628,0,4,14,11,1,2.42098,0.113201,2.69692,1.2075,0.1552,1.18061,516,1.66972,2.19036
76,1783541311453,15628,0,4,14,11,2,2.05503,-1.98467,0.449623,0.138607,0.306328,1.03033,43,1.66972,2.19036
76,1783541311453,15628,0,4,14,11,3,0.114613,-1.99877,0.505868,0.458152,0.270404,0.597186,58,1.66972,2.19036
76,1783541311453,15628,0,4,14,11,4,-0.227215,0.266857,0.60231,0.429951,0.169769,0.60106,216,1.66972,2.19036
76,1783541311453,15628,0,4,14,11,5,-2.37173,-1.15753,0.157056,0.0714843,0.370052,0.729105,12,1.66972,2.19036
76,1783541311453,15628,0,4,14,11,6,-3.76776,-1.16292,0.163406,0.05,0.400981,0.652123,9,1.66972,2.19036
76,1783541311453,15628,0,4,14,11,7,-2.37683,0.126166,0.167446,0.141107,0.265361,0.781102,28,1.66972,2.19036
76,1783541311453,15628,0,4,14,11,8,-3.77383,0.143992,0.158893,0.052437,0.305378,0.695041,13,1.66972,2.19036
76,1783541311453,15628,0,4,14,11,9,-0.833416,2.31048,0.38867,0.241891,0.234684,0.592836,181,1.66972,2.19036
76,1783541311453,15628,0,4,14,11,10,3.34059,0.757565,1.41891,0.692488,0.358776,1.45269,26,1.66972,2.19036
76,1783541311453,15628,0,4,14,11,11,4.11557,0.555254,1.07268,0.192846,1.1935,1.19526,11,1.66972,2.19036
76,1783541311453,15628,0,4,14,11,12,4.01882,3.05269,1.27123,0.993843,0.276919,1.56702,36,1.66972,2.19036
76,1783541311453,15628,0,4,14,11,13,4.49239,1.96355,0.419409,0.267202,1.19294,1.34669,6,1.66972,2.19036
77,1783541311577,15631,0,4,12,11,0,4.7237,-0.704563,0.775077,0.735735,0.264524,1.075,117,1.61341,2.20636
77,1783541311577,15631,0,4,12,11,1,2.02435,0.778707,0.61726,0.562868,0.156372,0.406352,274,1.61341,2.20636
77,1783541311577,15631,0,4,12,11,2,2.24391,-0.574013,1.54731,0.467348,0.157797,0.423364,192,1.61341,2.20636
77,1783541311577,15631,0,4,12,11,3,1.9838,-2.43192,1.04806,0.452679,0.287323,1.12621,53,1.61341,2.20636
77,1783541311577,15631,0,4,12,11,4,0.116671,-1.99421,0.519071,0.465421,0.269889,0.596883,58,1.61341,2.20636
77,1783541311577,15631,0,4,12,11,5,-0.229128,0.265279,0.58543,0.461436,0.17235,0.602374,222,1.61341,2.20636
77,1783541311577,15631,0,4,12,11,6,-2.38374,-1.1767,0.190979,0.0674337,0.370672,0.729239,16,1.61341,2.20636
77,1783541311577,15631,0,4,12,11,7,-3.77356,-1.16524,0.16017,0.05,0.402982,0.654829,9,1.61341,2.20636
77,1783541311577,15631,0,4,12,11,8,-2.36649,0.118658,0.194309,0.103652,0.268535,0.784111,30,1.61341,2.20636
77,1783541311577,15631,0,4,12,11,9,-3.76834,0.142289,0.151044,0.0759648,0.30963,0.698056,12,1.61341,2.20636
77,1783541311577,15631,0,4,12,11,10,-0.862485,2.30572,0.405688,0.302896,0.229793,0.592534,209,1.61341,2.20636
77,1783541311577,15631,0,4,12,11,11,3.08139,-2.3945,0.465134,0.127025,0.773744,0.82797,9,1.61341,2.20636
78,1783541311681,15653,0,4,13,11,0,4.72536,-0.701146,0.794502,0.682479,0.259401,1.075,127,1.58327,2.21492
78,1783541311681,15653,0,4,13,11,1,2.04592,0.699994,0.58561,0.7258,0.15636,0.854046,277,1.58327,2.21492
78,1783541311681,15653,0,4,13,11,2,2.2457,-0.510615,1.40333,0.450147,0.155808,0.357438,184,1.58327,2.21492
78,1783541311681,15653,0,4,13,11,3,2.0221,-2.03403,0.504799,0.295823,0.27519,0.48567,45,1.58327,2.21492
78,1783541311681,15653,0,4,13,11,4,0.12516,-2.0112,0.479571,0.434417,0.273862,0.59838,57,1.58327,2.21492
78,1783541311681,15653,0,4,13,11,5,-0.246958,0.264997,0.570963,0.454359,0.174565,0.599984,224,1.58327,2.21492
78,1783541311681,15653,0,4,13,11,6,-2.38309,-1.16043,0.148567,0.0582671,0.376598,0.73094,13,1.58327,2.21492
78,1783541311681,15653,0,4,13,11,7,-3.7806,-1.17064,0.196725,0.0629782,0.402577,0.655682,9,1.58327,2.21492
78,1783541311681,15653,0,4,13,11,8,-2.37515,0.108687,0.126882,0.119074,0.275263,0.784988,26,1.58327,2.21492
78,1783541311681,15653,0,4,13,11,9,-3.7383,0.126063,0.166327,0.05,0.314147,0.700256,12,1.58327,2.21492
78,1783541311681,15653,0,4,13,11,10,-0.875386,2.31019,0.434868,0.359156,0.237801,0.593678,224,1.58327,2.21492
78,1783541311681,15653,0,4,13,11,11,3.30879,-0.241149,0.422843,0.20779,0.606117,1.23332,6,1.58327,2.21492
78,1783541311681,15653,0,4,13,11,12,3.35959,1.22485,0.615354,0.426971,1.36142,1.62096,7,1.58327,2.21492
79,1783541311778,15648,0,4,13,11,0,4.72145,-0.68767,0.815368,0.728248,0.258084,1.075,121,1.53787,2.22782
79,1783541311778,15648,0,4,13,11,1,1.99335,0.799452,0.580844,0.56227,0.155435,0.31161,267,1.53787,2.22782
79,1783541311778,15648,0,4,13,11,2,2.2303,-0.57103,1.5488,0.476212,0.157366,0.56312,181,1.53787,2.22782
79,1783541311778,15648,0,4,13,11,3,2.00808,-2.00287,0.468422,0.237076,0.281816,0.482063,43,1.53787,2.22782
79,1783541311778,15648,0,4,13,11,4,0.118644,-2.00493,0.476493,0.432129,0.272729,0.596536,56,1.53787,2.22782
79,1783541311778,15648,0,4,13,11,5,-0.257886,0.255412,0.571628,0.482816,0.177936,0.60025,214,1.53787,2.22782
79,1783541311778,15648,0,4,13,11,6,-2.38306,-1.17199,0.170712,0.0824824,0.379079,0.732239,16,1.53787,2.22782
79,1783541311778,15648,0,4,13,11,7,-3.78702,-1.17421,0.183415,0.0943876,0.405242,0.658392,11,1.53787,2.22782
79,1783541311778,15648,0,4,13,11,8,-2.37506,0.116194,0.17339,0.0966789,0.276781,0.788015,28,1.53787,2.22782
79,1783541311778,15648,0,4,13,11,9,-3.78455,0.128236,0.171495,0.111487,0.31425,0.703166,16,1.53787,2.22782
79,1783541311778,15648,0,4,13,11,10,-0.912035,2.30628,0.456423,0.418458,0.260509,0.59347,234,1.53787,2.22782
79,1783541311778,15648,0,4,13,11,11,2.84578,-0.433866,0.627344,0.211192,1.1566,1.51851,6,1.53787,2.22782
79,1783541311778,15648,0,4,13,11,12,3.15656,0.928654,1.07607,0.311934,0.302126,1.27045,10,1.53787,2.22782
80,1783541311873,15662,0,4,14,11,0,4.71984,-0.693027,0.806562,0.743134,0.253409,1.075,121,1.48213,2.24366
80,1783541311873,15662,0,4,14,11,1,1.98499,0.814281,0.577059,0.544199,0.155875,0.311237,256,1.48213,2.24366
80,1783541311873,15662,0,4,14,11,2,2.23769,-0.538431,1.48047,0.488007,0.156923,0.358072,171,1.48213,2.24366
80,1783541311873,15662,0,4,14,11,3,2.03534,-2.03961,0.477,0.295679,0.282836,0.481676,44,1.48213,2.24366
80,1783541311873,15662,0,4,14,11,4,0.126137,-1.99011,0.492769,0.419304,0.269832,0.596879,54,1.48213,2.24366
80,1783541311873,15662,0,4,14,11,5,-0.253529,0.234558,0.586374,0.5033,0.175967,0.598048,223,1.48213,2.24366
80,1783541311873,15662,0,4,14,11,6,-2.3908,-1.16707,0.176007,0.0762298,0.381822,0.734332,16,1.48213,2.24366
80,1783541311873,15662,0,4,14,11,7,-3.78999,-1.15752,0.143945,0.0692052,0.406956,0.660121,9,1.48213,2.24366
80,1783541311873,15662,0,4,14,11,8,-2.36546,0.0744243,0.27076,0.105485,0.278917,0.79062,31,1.48213,2.24366
80,1783541311873,15662,0,4,14,11,9,-3.77763,0.143046,0.14097,0.0782165,0.324069,0.705209,12,1.48213,2.24366
80,1783541311873,15662,0,4,14,11,10,-0.930907,2.31291,0.462264,0.47011,0.156347,0.594448,245,1.48213,2.24366
80,1783541311873,15662,0,4,14,11,11,3.12002,0.581881,0.673752,0.317491,0.97929,1.34236,7,1.48213,2.24366
80,1783541311873,15662,0,4,14,11,12,3.18051,1.35859,0.491307,0.31773,1.15759,1.61653,7,1.48213,2.24366
80,1783541311873,15662,0,4,14,11,13,5.9001,2.26415,0.604473,0.452554,0.581159,0.795961,6,1.48213,2.24366
81,1783541311976,15650,0,4,12,11,0,4.72447,-0.703037,0.757088,0.752704,0.25035,1.075,115,1.4515,2.25236
81,1783541311976,15650,0,4,12,11,1,1.96766,0.79273,0.561451,0.523751,0.155393,0.308739,249,1.4515,2.25236
81,1783541311976,15650,0,4,12,11,2,2.24678,-0.608911,1.5917,0.482058,0.15517,0.405807,169,1.4515,2.25236
81,1783541311976,15650,0,4,12,11,3,2.02916,-2.02304,0.490352,0.259152,0.275104,0.479289,44,1.4515,2.25236
81,1783541311976,15650,0,4,12,11,4,0.102666,-1.99696,0.445272,0.472332,0.274147,0.595496,54,1.4515,2.25236
81,1783541311976,15650,0,4,12,11,5,-0.261629,0.248216,0.575224,0.517012,0.176574,0.599823,226,1.4515,2.25236
81,1783541311976,15650,0,4,12,11,6,-2.37695,-1.1688,0.174979,0.0763428,0.385448,0.735217,14,1.4515,2.25236
81,1783541311976,15650,0,4,12,11,7,-3.77118,-1.16895,0.150336,0.05,0.409107,0.661394,9,1.4515,2.25236
81,1783541311976,15650,0,4,12,11,8,-2.36107,0.0689355,0.266074,0.0935341,0.283418,0.791251,27,1.4515,2.25236
81,1783541311976,15650,0,4,12,11,9,-3.79413,0.145237,0.147694,0.160455,0.318651,0.706264,15,1.4515,2.25236
81,1783541311976,15650,0,4,12,11,10,-0.936515,2.30015,0.398005,0.470098,0.167493,0.594375,243,1.4515,2.25236
81,1783541311976,15650,0,4,12,11,11,4.03834,3.01856,0.631716,0.122505,1.0949,1.32854,21,1.4515,2.25236
82,1783541312069,15643,0,4,11,11,0,4.72178,-0.696747,0.815795,0.75205,0.252367,1.075,121,1.41205,2.26357
82,1783541312069,15643,0,4,11,11,1,1.95975,0.794867,0.537942,0.49659,0.155067,0.308686,234,1.41205,2.26357
82,1783541312069,15643,0,4,11,11,2,2.26714,-0.538399,1.46911,0.529461,0.157426,1.0831,168,1.41205,2.26357
82,1783541312069,15643,0,4,11,11,3,2.05307,-2.12207,0.590873,0.521601,0.262269,0.583226,50,1.41205,2.26357
82,1783541312069,15643,0,4,11,11,4,0.110766,-2.0088,0.431446,0.425802,0.272796,0.596152,54,1.41205,2.26357
82,1783541312069,15643,0,4,11,11,5,-0.270768,0.230773,0.577554,0.516159,0.183861,0.598175,228,1.41205,2.26357
82,1783541312069,15643,0,4,11,11,6,-2.39596,-1.17515,0.158615,0.08223,0.386302,0.736817,16,1.41205,2.26357
82,1783541312069,15643,0,4,11,11,7,-3.77823,-1.1545,0.17013,0.0505111,0.408972,0.664554,9,1.41205,2.26357
82,1783541312069,15643,0,4,11,11,8,-2.37577,0.0498563,0.291876,0.110521,0.286835,0.793676,32,1.41205,2.26357
82,1783541312069,15643,0,4,11,11,9,-3.76981,0.136169,0.161112,0.0555718,0.33582,0.709843,12,1.41205,2.26357
82,1783541312069,15643,0,4,11,11,10,-0.804325,2.30864,0.402992,0.179057,0.173864,0.590535,235,1.41205,2.26357
83,1783541312172,15635,0,4,11,11,0,4.73022,-0.699661,0.643412,0.555198,0.247985,1.075,120,1.37077,2.27529
83,1783541312172,15635,0,4,11,11,1,1.96695,0.829622,0.57267,0.462925,0.155255,0.424937,229,1.37077,2.27529
83,1783541312172,15635,0,4,11,11,2,2.24832,-0.591722,1.55964,0.479493,0.155036,1.15654,160,1.37077,2.27529
83,1783541312172,15635,0,4,11,11,3,2.03539,-2.13742,0.546524,0.574418,0.260116,0.586133,52,1.37077,2.27529
83,1783541312172,15635,0,4,11,11,4,0.117566,-2.00498,0.448182,0.418051,0.269122,0.595669,55,1.37077,2.27529
83,1783541312172,15635,0,4,11,11,5,-0.188723,0.299727,0.569119,0.353714,0.184631,0.5855,220,1.37077,2.27529
83,1783541312172,15635,0,4,11,11,6,-2.38211,-1.17387,0.16764,0.0791547,0.389487,0.737672,16,1.37077,2.27529
83,1783541312172,15635,0,4,11,11,7,-3.76612,-1.17541,0.182873,0.1211,0.411019,0.665055,11,1.37077,2.27529
83,1783541312172,15635,0,4,11,11,8,-2.36415,0.0666607,0.258582,0.0951501,0.2888,0.795306,31,1.37077,2.27529
83,1783541312172,15635,0,4,11,11,9,-3.77253,0.11958,0.173205,0.0733629,0.335542,0.711172,15,1.37077,2.27529
83,1783541312172,15635,0,4,11,11,10,-0.810744,2.31377,0.41888,0.218571,0.187987,0.591584,244,1.37077,2.27529
84,1783541312277,15651,0,4,12,11,0,4.73538,-0.682179,0.717862,0.760005,0.245067,1.15363,114,1.32621,2.28795
84,1783541312277,15651,0,4,12,11,1,1.9374,0.857051,0.574775,0.447496,0.155521,1.07754,217,1.32621,2.28795
84,1783541312277,15651,0,4,12,11,2,2.2382,-0.535916,1.443,0.4697,0.155784,0.34529,147,1.32621,2.28795
84,1783541312277,15651,0,4,12,11,3,2.01294,-2.11397,0.539163,0.543746,0.262591,0.58826,49,1.32621,2.28795
84,1783541312277,15651,0,4,12,11,4,0.106893,-1.98181,0.540193,0.483285,0.267188,0.594998,54,1.32621,2.28795
84,1783541312277,15651,0,4,12,11,5,-0.218281,0.29203,0.586018,0.383812,0.189094,0.586089,231,1.32621,2.28795
84,1783541312277,15651,0,4,12,11,6,-2.40203,-1.17242,0.140324,0.0955297,0.390448,0.740771,16,1.32621,2.28795
84,1783541312277,15651,0,4,12,11,7,-3.80622,-1.13546,0.165921,0.0747998,0.410111,0.667739,8,1.32621,2.28795
84,1783541312277,15651,0,4,12,11,8,-2.38333,0.0576141,0.281209,0.114052,0.292854,0.797834,32,1.32621,2.28795
84,1783541312277,15651,0,4,12,11,9,-3.77938,0.138384,0.123065,0.0599906,0.34477,0.714167,12,1.32621,2.28795
84,1783541312277,15651,0,4,12,11,10,-0.853467,2.31619,0.403965,0.269106,0.193391,0.592799,250,1.32621,2.28795
84,1783541312277,15651,0,4,12,11,11,3.29643,3.31424,0.658953,0.331018,0.715951,1.57197,11,1.32621,2.28795
85,1783541312364,15666,0,4,15,11,0,4.72723,-0.688362,0.756106,0.768113,0.264113,1.075,105,1.2731,2.30304
85,1783541312364,15666,0,4,15,11,1,2.01395,0.771561,0.573482,0.568359,0.155134,0.315624,211,1.2731,2.30304
85,1783541312364,15666,0,4,15,11,2,2.25689,-0.605393,1.56271,0.522415,0.159717,0.746452,149,1.2731,2.30304
85,1783541312364,15666,0,4,15,11,3,2.05791,-2.08303,0.546726,0.469023,0.268617,0.585656,54,1.2731,2.30304
85,1783541312364,15666,0,4,15,11,4,0.107232,-1.98236,0.46671,0.441303,0.262061,0.595108,53,1.2731,2.30304
85,1783541312364,15666,0,4,15,11,5,-0.210177,0.299821,0.573821,0.345953,0.191849,0.584848,228,1.2731,2.30304
85,1783541312364,15666,0,4,15,11,6,-2.3932,-1.17946,0.191348,0.0716851,0.395152,0.740993,17,1.2731,2.30304
85,1783541312364,15666,0,4,15,11,7,-3.77715,-1.17968,0.174156,0.0755226,0.41484,0.670594,8,1.2731,2.30304
85,1783541312364,15666,0,4,15,11,8,-2.38444,0.0618171,0.280308,0.116591,0.237253,0.79972,36,1.2731,2.30304
85,1783541312364,15666,0,4,15,11,9,-3.79801,0.133409,0.160457,0.142366,0.338018,0.715569,16,1.2731,2.30304
85,1783541312364,15666,0,4,15,11,10,-0.870443,2.30297,0.426783,0.308078,0.20774,0.592687,253,1.2731,2.30304
85,1783541312364,15666,0,4,15,11,11,2.82146,0.480596,0.782235,0.515847,0.839924,1.54668,10,1.2731,2.30304
85,1783541312364,15666,0,4,15,11,12,2.59828,1.04923,0.453848,0.150853,0.663806,1.34908,6,1.2731,2.30304
85,1783541312364,15666,0,4,15,11,13,5.11718,3.24848,0.621009,0.05,0.82299,0.946852,6,1.2731,2.30304
85,1783541312364,15666,0,4,15,11,14,4.97397,2.47972,0.473331,0.267104,0.802983,1.2767,9,1.2731,2.30304
86,1783541312467,15708,0,4,11,11,0,4.70008,-0.696346,0.745685,0.786701,0.260667,1.075,105,1.2299,2.31532
86,1783541312467,15708,0,4,11,11,1,1.98831,0.7814,0.573859,0.55279,0.157219,0.310127,206,1.2299,2.31532
86,1783541312467,15708,0,4,11,11,2,2.23636,-0.57387,1.50112,0.486618,0.159063,0.347192,143,1.2299,2.31532
86,1783541312467,15708,0,4,11,11,3,2.02975,-2.08191,0.501076,0.526581,0.266566,0.583427,53,1.2299,2.31532
86,1783541312467,15708,0,4,11,11,4,0.0713156,-1.9815,0.488315,0.497114,0.266805,0.594324,52,1.2299,2.31532
86,1783541312467,15708,0,4,11,11,5,-0.220389,0.287965,0.617698,0.36824,0.192666,0.584502,231,1.2299,2.31532
86,1783541312467,15708,0,4,11,11,6,-2.38531,-1.18181,0.199947,0.0634803,0.39409,0.742602,16,1.2299,2.31532
86,1783541312467,15708,0,4,11,11,7,-3.78539,-1.14492,0.166156,0.0508949,0.415045,0.671206,8,1.2299,2.31532
86,1783541312467,15708,0,4,11,11,8,-2.38023,0.0651768,0.272895,0.130063,0.230449,0.801775,40,1.2299,2.31532
86,1783541312467,15708,0,4,11,11,9,-3.76969,0.137976,0.156049,0.05,0.35262,0.717534,12,1.2299,2.31532
86,1783541312467,15708,0,4,11,11,10,-0.896635,2.31502,0.470072,0.406308,0.218774,0.590943,255,1.2299,2.31532
87,1783541312562,15718,0,4,12,11,0,4.69045,-0.707683,0.699749,0.777201,0.257159,1.075,97,1.19008,2.32663
87,1783541312562,15718,0,4,12,11,1,1.98221,0.808761,0.587294,0.533049,0.155081,0.307367,199,1.19008,2.32663
87,1783541312562,15718,0,4,12,11,2,2.21984,-0.589656,1.53031,0.47942,0.15635,0.348517,146,1.19008,2.32663
87,1783541312562,15718,0,4,12,11,3,2.01681,-2.07854,0.533271,0.457726,0.261984,0.593236,55,1.19008,2.32663
87,1783541312562,15718,0,4,12,11,4,0.080893,-1.95015,0.489726,0.455377,0.270194,0.595231,51,1.19008,2.32663
87,1783541312562,15718,0,4,12,11,5,-0.22446,0.31082,0.553741,0.343375,0.190873,0.586298,232,1.19008,2.32663
87,1783541312562,15718,0,4,12,11,6,-2.40822,-1.16619,0.145302,0.0659212,0.400718,0.743567,16,1.19008,2.32663
87,1783541312562,15718,0,4,12,11,7,-3.77682,-1.15122,0.166096,0.05,0.416494,0.673715,8,1.19008,2.32663
87,1783541312562,15718,0,4,12,11,8,-2.37392,-0.0772686,0.550661,0.126791,0.235651,0.802941,37,1.19008,2.32663
87,1783541312562,15718,0,4,12,11,9,-3.79575,0.141853,0.194172,0.0865154,0.351386,0.720755,16,1.19008,2.32663
87,1783541312562,15718,0,4,12,11,10,-0.915457,2.30872,0.391635,0.426167,0.226498,0.590985,262,1.19008,2.32663
87,1783541312562,15718,0,4,12,11,11,3.08749,1.33621,0.513704,0.195365,0.760051,1.07365,6,1.19008,2.32663
88,1783541312662,15735,0,4,11,11,0,4.703,-0.697304,0.682648,0.759075,0.254373,1.075,100,1.14819,2.33853
88,1783541312662,15735,0,4,11,11,1,1.97748,0.827331,0.593451,0.535424,0.155502,0.312712,186,1.14819,2.33853
88,1783541312662,15735,0,4,11,11,2,2.28044,-0.413944,1.75126,1.07474,0.170795,1.42048,146,1.14819,2.33853
88,1783541312662,15735,0,4,11,11,3,2.00206,-2.08744,0.559872,0.481202,0.255672,0.873141,57,1.14819,2.33853
88,1783541312662,15735,0,4,11,11,4,0.0970939,-2.0024,0.427989,0.440554,0.274981,0.593737,52,1.14819,2.33853
88,1783541312662,15735,0,4,11,11,5,-0.239543,0.327073,0.562894,0.350673,0.191475,0.588046,230,1.14819,2.33853
88,1783541312662,15735,0,4,11,11,6,-2.4011,-1.17644,0.182206,0.0879769,0.40124,0.744809,19,1.14819,2.33853
88,1783541312662,15735,0,4,11,11,7,-2.39104,-0.0941135,0.593843,0.147952,0.238083,0.804933,43,1.14819,2.33853
88,1783541312662,15735,0,4,11,11,8,-3.8094,-1.15344,0.204083,0.0986353,0.415581,0.674101,10,1.14819,2.33853
88,1783541312662,15735,0,4,11,11,9,-3.78535,0.133103,0.184436,0.0998647,0.356017,0.723212,15,1.14819,2.33853
88,1783541312662,15735,0,4,11,11,10,-0.936617,2.31087,0.438561,0.41856,0.235206,0.596971,269,1.14819,2.33853
89,1783541312767,15751,0,4,12,11,0,4.70951,-0.702899,0.724538,0.765036,0.249901,1.075,100,1.10425,2.35101
89,1783541312767,15751,0,4,12,11,1,1.95534,0.835288,0.590382,0.49682,0.156797,0.307776,176,1.10425,2.35101
89,1783541312767,15751,0,4,12,11,2,2.22463,-0.564086,1.48393,0.485255,0.177333,0.809089,135,1.10425,2.35101
89,1783541312767,15751,0,4,12,11,3,1.99055,-2.09082,0.571353,0.459658,0.25264,0.592748,56,1.10425,2.35101
89,1783541312767,15751,0,4,12,11,4,0.0761155,-1.98547,0.468825,0.50126,0.262738,0.593737,52,1.10425,2.35101
89,1783541312767,15751,0,4,12,11,5,-0.235305,0.298479,0.570426,0.356501,0.194644,0.587812,230,1.10425,2.35101
89,1783541312767,15751,0,4,12,11,6,-2.39476,-1.1682,0.180482,0.05,0.405174,0.745904,16,1.10425,2.35101
89,1783541312767,15751,0,4,12,11,7,-2.42673,-0.123693,0.641046,0.229015,0.242309,0.806316,45,1.10425,2.35101
89,1783541312767,15751,0,4,12,11,8,-3.80675,-1.16409,0.199572,0.0816857,0.417872,0.672983,9,1.10425,2.35101
89,1783541312767,15751,0,4,12,11,9,-3.77204,0.130192,0.178576,0.05,0.365656,0.724133,13,1.10425,2.35101
89,1783541312767,15751,0,4,12,11,10,-0.953465,2.31199,0.498614,0.452252,0.155318,0.593001,266,1.10425,2.35101
89,1783541312767,15751,0,4,12,11,11,3.53845,2.98326,1.24236,0.364224,0.690965,1.55935,67,1.10425,2.35101
90,1783541312854,15783,0,4,12,11,0,4.71193,-0.689409,0.671099,0.680348,0.249387,1.075,96,1.06823,2.36125
90,1783541312854,15783,0,4,12,11,1,1.96184,0.845698,0.588392,0.462993,0.156252,1.12048,169,1.06823,2.36125
90,1783541312854,15783,0,4,12,11,2,2.36233,-0.457475,1.83191,0.753991,0.169352,1.3425,153,1.06823,2.36125
90,1783541312854,15783,0,4,12,11,3,2.38426,-2.14059,1.12911,0.852644,0.26005,1.24815,62,1.06823,2.36125
90,1783541312854,15783,0,4,12,11,4,0.0714081,-1.9704,0.488966,0.496553,0.26545,0.592944,49,1.06823,2.36125
90,1783541312854,15783,0,4,12,11,5,-0.250485,0.308411,0.575341,0.357161,0.204931,0.586617,228,1.06823,2.36125
90,1783541312854,15783,0,4,12,11,6,-2.38497,-1.16206,0.176113,0.0911841,0.408333,0.747207,16,1.06823,2.36125
90,1783541312854,15783,0,4,12,11,7,-2.43617,-0.122276,0.61861,0.283283,0.246862,0.809536,49,1.06823,2.36125
90,1783541312854,15783,0,4,12,11,8,-3.79119,-1.16713,0.194571,0.0671007,0.41965,0.477827,7,1.06823,2.36125
90,1783541312854,15783,0,4,12,11,9,-3.77934,0.130292,0.12603,0.128832,0.360934,0.726385,15,1.06823,2.36125
90,1783541312854,15783,0,4,12,11,10,-0.961184,2.34897,0.55407,0.483196,0.156427,0.586962,272,1.06823,2.36125
90,1783541312854,15783,0,4,12,11,11,2.88967,3.38888,0.447858,0.413812,0.504747,1.5429,14,1.06823,2.36125
91,1783541312992,15795,0,4,11,11,0,4.73407,-0.683096,0.764541,0.693254,0.251087,1.075,90,1.01299,2.37694
91,1783541312992,15795,0,4,11,11,1,1.94639,0.861788,0.585696,0.439047,0.15557,0.304082,158,1.01299,2.37694
91,1783541312992,15795,0,4,11,11,2,2.36461,-0.952218,2.96029,0.948502,0.170752,1.19685,214,1.01299,2.37694
91,1783541312992,15795,0,4,11,11,3,0.082035,-1.95712,0.499459,0.485844,0.277544,0.59348,50,1.01299,2.37694
91,1783541312992,15795,0,4,11,11,4,-0.245349,0.305016,0.548611,0.365039,0.206543,0.582327,231,1.01299,2.37694
91,1783541312992,15795,0,4,11,11,5,-2.40972,-1.1509,0.167733,0.0737695,0.412578,0.749138,17,1.01299,2.37694
91,1783541312992,15795,0,4,11,11,6,-2.45686,-0.10559,0.617648,0.336868,0.248321,0.810787,54,1.01299,2.37694
91,1783541312992,15795,0,4,11,11,7,-3.7949,-1.13814,0.146892,0.0761771,0.421124,0.480363,6,1.01299,2.37694
91,1783541312992,15795,0,4,11,11,8,-3.78741,0.149562,0.170474,0.101035,0.373696,0.728626,13,1.01299,2.37694
91,1783541312992,15795,0,4,11,11,9,-0.991178,2.3222,0.419531,0.51698,0.17476,0.58154,266,1.01299,2.37694
91,1783541312992,15795,0,4,11,11,10,3.1209,-2.36715,0.662708,0.119506,0.718019,0.803298,9,1.01299,2.37694
92,1783541313058,15794,0,4,11,11,0,4.72345,-0.681765,0.701664,0.629851,0.248237,1.075,85,0.986748,2.3844
92,1783541313058,15794,0,4,11,11,1,1.9435,0.892438,0.580658,0.422236,0.156799,0.581667,149,0.986748,2.3844
92,1783541313058,15794,0,4,11,11,2,2.34614,-0.585778,1.53528,0.656825,0.168046,1.15837,143,0.986748,2.3844
92,1783541313058,15794,0,4,11,11,3,2.00125,-2.03839,0.501317,0.367757,0.249619,0.590933,58,0.986748,2.3844
92,1783541313058,15794,0,4,11,11,4,0.0930554,-1.96465,0.502499,0.487535,0.273714,0.59226,48,0.986748,2.3844
92,1783541313058,15794,0,4,11,11,5,-0.247148,0.307267,0.560446,0.351708,0.203502,0.579104,231,0.986748,2.3844
92,1783541313058,15794,0,4,11,11,6,-2.39654,-1.1589,0.16862,0.0816384,0.412282,0.751186,16,0.986748,2.3844
92,1783541313058,15794,0,4,11,11,7,-2.47105,-0.106911,0.635574,0.374338,0.255956,0.811448,54,0.986748,2.3844
92,1783541313058,15794,0,4,11,11,8,-3.80623,-1.13983,0.18947,0.0710078,0.42058,0.484033,7,0.986748,2.3844
92,1783541313058,15794,0,4,11,11,9,-3.78407,0.134096,0.176772,0.0639198,0.375925,0.73118,15,0.986748,2.3844
92,1783541313058,15794,0,4,11,11,10,-0.908198,2.32475,0.472073,0.388632,0.179504,0.5804,269,0.986748,2.3844
93,1783541313152,15824,0,4,12,11,0,4.74011,-0.689592,0.678885,0.613623,0.242494,1.075,89,0.949547,2.39496
93,1783541313152,15824,0,4,12,11,1,2.00522,0.763599,0.550261,0.508777,0.157814,0.311332,140,0.949547,2.39496
93,1783541313152,15824,0,4,12,11,2,2.24036,-0.580181,1.52836,0.467861,0.165745,1.16817,140,0.949547,2.39496
93,1783541313152,15824,0,4,12,11,3,1.9929,-2.02353,0.505389,0.371019,0.258082,0.589748,56,0.949547,2.39496
93,1783541313152,15824,0,4,12,11,4,0.108175,-1.89185,0.477543,0.251945,0.277318,0.480019,43,0.949547,2.39496
93,1783541313152,15824,0,4,12,11,5,-0.246013,0.304435,0.567445,0.382725,0.156657,0.579835,236,0.949547,2.39496
93,1783541313152,15824,0,4,12,11,6,-2.40216,-1.16233,0.163639,0.0638446,0.416193,0.750323,16,0.949547,2.39496
93,1783541313152,15824,0,4,12,11,7,-2.47911,-0.112927,0.697436,0.413431,0.258725,0.81365,56,0.949547,2.39496
93,1783541313152,15824,0,4,12,11,8,-3.79868,-1.15289,0.183566,0.059621,0.42267,0.484611,7,0.949547,2.39496
93,1783541313152,15824,0,4,12,11,9,-3.79797,0.159866,0.171339,0.0715856,0.379962,0.731833,13,0.949547,2.39496
93,1783541313152,15824,0,4,12,11,10,-0.91724,2.33023,0.527072,0.502877,0.192757,0.582641,273,0.949547,2.39496
93,1783541313152,15824,0,4,12,11,11,3.05816,1.45482,0.660194,0.398656,0.455623,1.53612,10,0.949547,2.39496
94,1783541313257,15887,0,4,13,11,0,4.69922,-0.687139,0.776506,0.715799,0.265331,1.075,89,0.912728,2.40543
94,1783541313257,15887,0,4,13,11,1,2.00264,0.791018,0.566386,0.496522,0.155084,0.749298,141,0.912728,2.40543
94,1783541313257,15887,0,4,13,11,2,2.2869,-0.573097,1.55256,0.564116,0.16751,1.12798,143,0.912728,2.40543
94,1783541313257,15887,0,4,13,11,3,1.85244,-2.04818,0.844048,0.573276,0.259199,1.17589,67,0.912728,2.40543
94,1783541313257,15887,0,4,13,11,4,0.102018,-1.89207,0.480545,0.242957,0.27698,0.478727,42,0.912728,2.40543
94,1783541313257,15887,0,4,13,11,5,-0.266946,0.326263,0.54762,0.357489,0.156803,0.583612,232,0.912728,2.40543
94,1783541313257,15887,0,4,13,11,6,-2.40631,-1.16953,0.165586,0.0677286,0.255416,0.751676,17,0.912728,2.40543
94,1783541313257,15887,0,4,13,11,7,-2.49171,-0.0959883,0.732167,0.438316,0.263887,0.81529,61,0.912728,2.40543
94,1783541313257,15887,0,4,13,11,8,-3.79675,0.14661,0.160792,0.108223,0.378995,0.734841,15,0.912728,2.40543
94,1783541313257,15887,0,4,13,11,9,-0.959755,2.31598,0.448282,0.429073,0.199191,0.581186,286,0.912728,2.40543
94,1783541313257,15887,0,4,13,11,10,2.51843,0.687149,0.636524,0.348656,1.25356,1.57138,7,0.912728,2.40543
94,1783541313257,15887,0,4,13,11,11,2.53352,3.05711,1.0437,0.805848,0.690401,1.59213,23,0.912728,2.40543
94,1783541313257,15887,0,4,13,11,12,2.6052,-2.33358,1.0632,0.115733,0.856408,0.946792,9,0.912728,2.40543
95,1783541313353,15871,0,4,12,11,0,4.67215,-0.723388,0.856463,0.728052,0.265561,1.075,90,0.896983,2.4099
95,1783541313353,15871,0,4,12,11,1,2.18165,-0.133921,2.35066,0.661846,0.155281,1.26255,282,0.896983,2.4099
95,1783541313353,15871,0,4,12,11,2,1.98459,-2.01315,0.502938,0.282644,0.252046,0.595145,54,0.896983,2.4099
95,1783541313353,15871,0,4,12,11,3,0.0938313,-1.94113,0.479472,0.456479,0.264584,0.593108,48,0.896983,2.4099
95,1783541313353,15871,0,4,12,11,4,-0.269315,0.317941,0.549771,0.361149,0.157853,0.578924,231,0.896983,2.4099
95,1783541313353,15871,0,4,12,11,5,-2.39298,-1.17578,0.20668,0.0876458,0.258449,0.753657,17,0.896983,2.4099
95,1783541313353,15871,0,4,12,11,6,-2.48203,-0.0614681,0.742178,0.432759,0.270285,0.815316,56,0.896983,2.4099
95,1783541313353,15871,0,4,12,11,7,-3.80217,-1.15425,0.181134,0.05,0.424778,0.487522,6,0.896983,2.4099
95,1783541313353,15871,0,4,12,11,8,-3.78418,0.143776,0.136865,0.05,0.385718,0.73457,12,0.896983,2.4099
95,1783541313353,15871,0,4,12,11,9,-0.945933,2.31683,0.443479,0.452747,0.201481,0.581257,287,0.896983,2.4099
95,1783541313353,15871,0,4,12,11,10,2.5572,3.41524,0.503064,0.345917,1.17652,1.60718,12,0.896983,2.4099
95,1783541313353,15871,0,4,12,11,11,2.90503,0.258154,1.13161,0.43552,0.378634,1.56767,13,0.896983,2.4099
96,1783541313447,15861,0,4,13,11,0,4.69244,-0.681411,0.648959,0.591599,0.263519,1.075,86,0.886102,2.41299
96,1783541313447,15861,0,4,13,11,1,1.98953,0.792215,0.484816,0.547305,0.15514,0.313075,146,0.886102,2.41299
96,1783541313447,15861,0,4,13,11,2,2.23618,-0.563518,1.53478,0.478422,0.167089,0.431778,139,0.886102,2.41299
96,1783541313447,15861,0,4,13,11,3,1.99941,-2.01482,0.45913,0.30765,0.257916,0.59298,54,0.886102,2.41299
96,1783541313447,15861,0,4,13,11,4,0.0946763,-1.97156,0.478493,0.487879,0.271733,0.64019,49,0.886102,2.41299
96,1783541313447,15861,0,4,13,11,5,-0.260991,0.306059,0.560999,0.35735,0.156039,0.578472,230,0.886102,2.41299
96,1783541313447,15861,0,4,13,11,6,-2.40923,-1.16158,0.193712,0.0605296,0.256869,0.752344,17,0.886102,2.41299
96,1783541313447,15861,0,4,13,11,7,-2.48733,-0.0403731,0.746848,0.440421,0.268898,0.815658,55,0.886102,2.41299
96,1783541313447,15861,0,4,13,11,8,-3.80879,-1.14452,0.178917,0.0541232,0.424463,0.488573,6,0.886102,2.41299
96,1783541313447,15861,0,4,13,11,9,-3.79216,0.128414,0.164051,0.0716882,0.384792,0.735408,15,0.886102,2.41299
96,1783541313447,15861,0,4,13,11,10,-0.948942,2.32207,0.464401,0.464942,0.20799,0.580958,285,0.886102,2.41299
96,1783541313447,15861,0,4,13,11,11,2.28914,-0.0988302,0.896225,0.370761,1.33521,1.52084,9,0.886102,2.41299
96,1783541313447,15861,0,4,13,11,12,3.2258,3.10026,1.71113,0.679293,0.782567,1.59611,111,0.886102,2.41299
97,1783541313553,15853,0,4,11,11,0,4.72248,-0.675545,0.70634,0.641229,0.259373,1.075,87,0.864904,2.41901
97,1783541313553,15853,0,4,11,11,1,1.98117,0.804722,0.486729,0.554408,0.156627,0.30854,140,0.864904,2.41901
97,1783541313553,15853,0,4,11,11,2,2.09624,-0.566648,1.51324,0.73058,0.166455,1.18038,141,0.864904,2.41901
97,1783541313553,15853,0,4,11,11,3,1.98513,-2.02241,0.507763,0.355566,0.253444,0.590544,55,0.864904,2.41901
97,1783541313553,15853,0,4,11,11,4,0.105338,-1.96163,0.454467,0.449487,0.260305,0.59153,47,0.864904,2.41901
97,1783541313553,15853,0,4,11,11,5,-0.265987,0.313809,0.551432,0.352945,0.155825,0.579802,232,0.864904,2.41901
97,1783541313553,15853,0,4,11,11,6,-2.3933,-1.17979,0.204529,0.0867908,0.255521,0.754284,21,0.864904,2.41901
97,1783541313553,15853,0,4,11,11,7,-2.50692,-0.0485965,0.776856,0.464982,0.274645,0.81739,58,0.864904,2.41901
97,1783541313553,15853,0,4,11,11,8,-3.79207,-1.16577,0.183,0.05,0.425994,0.488915,6,0.864904,2.41901
97,1783541313553,15853,0,4,11,11,9,-3.8029,0.138856,0.154742,0.0993401,0.38372,0.73681,15,0.864904,2.41901
97,1783541313553,15853,0,4,11,11,10,-0.942576,2.31935,0.58287,0.510294,0.212906,0.581724,276,0.864904,2.41901
98,1783541313647,15889,0,4,12,11,0,4.71136,-0.689985,0.676506,0.629221,0.25826,1.075,89,0.837086,2.42692
98,1783541313647,15889,0,4,12,11,1,1.99829,0.84728,0.466519,0.64984,0.157536,0.809911,138,0.837086,2.42692
98,1783541313647,15889,0,4,12,11,2,2.17973,-1.15522,2.7164,1.08836,0.168385,1.2677,251,0.837086,2.42692
98,1783541313647,15889,0,4,12,11,3,0.104871,-1.95767,0.454692,0.463139,0.259927,0.591358,47,0.837086,2.42692
98,1783541313647,15889,0,4,12,11,4,-0.261294,0.303096,0.555974,0.370545,0.15532,0.580314,234,0.837086,2.42692
98,1783541313647,15889,0,4,12,11,5,-2.40634,-1.16188,0.157205,0.089466,0.255307,0.754482,20,0.837086,2.42692
98,1783541313647,15889,0,4,12,11,6,-2.49999,-0.00269429,0.817048,0.464414,0.273721,0.818546,60,0.837086,2.42692
98,1783541313647,15889,0,4,12,11,7,-3.80741,-1.13983,0.17488,0.0644384,0.425522,0.492738,6,0.837086,2.42692
98,1783541313647,15889,0,4,12,11,8,-3.72242,0.143594,0.208587,0.117725,0.39047,0.738085,13,0.837086,2.42692
98,1783541313647,15889,0,4,12,11,9,-0.933103,2.32453,0.480838,0.437742,0.223949,0.583328,263,0.837086,2.42692
98,1783541313647,15889,0,4,12,11,10,1.0341,-1.04851,1.45251,0.0914109,1.2716,1.37007,20,0.837086,2.42692
98,1783541313647,15889,0,4,12,11,11,3.14074,3.13405,0.998317,0.255228,0.846371,1.19322,42,0.837086,2.42692
99,1783541313780,15939,0,4,10,11,0,4.707,-0.677054,0.726473,0.717696,0.252278,1.075,93,0.801734,2.43696
99,1783541313780,15939,0,4,10,11,1,1.96952,0.878977,0.454122,0.648412,0.15657,0.851272,138,0.801734,2.43696
99,1783541313780,15939,0,4,10,11,2,2.27904,-0.516733,1.60986,0.722264,0.165827,1.06646,138,0.801734,2.43696
99,1783541313780,15939,0,4,10,11,3,1.99725,-2.03134,0.501939,0.351634,0.248137,0.593246,53,0.801734,2.43696
99,1783541313780,15939,0,4,10,11,4,0.089015,-1.97412,0.448921,0.38905,0.2609,0.590571,47,0.801734,2.43696
99,1783541313780,15939,0,4,10,11,5,-0.266585,0.305507,0.549784,0.361002,0.156417,0.579292,230,0.801734,2.43696
99,1783541313780,15939,0,4,10,11,6,-2.43046,-1.15015,0.169715,0.0980832,0.255892,0.755089,20,0.801734,2.43696
99,1783541313780,15939,0,4,10,11,7,-2.56286,0.0220699,0.881678,0.502837,0.230778,0.820237,67,0.801734,2.43696
99,1783541313780,15939,0,4,10,11,8,-3.79607,0.138107,0.177055,0.0821481,0.393724,0.741269,16,0.801734,2.43696
99,1783541313780,15939,0,4,10,11,9,-0.912997,2.32516,0.435151,0.364961,0.155215,0.579771,284,0.801734,2.43696
100,1783541313878,15984,0,4,12,11,0,4.67167,-0.694503,0.609504,0.628223,0.250852,1.075,90,0.758311,2.44929
100,1783541313878,15984,0,4,12,11,1,1.91917,0.83068,0.448934,0.528627,0.155448,0.308473,138,0.758311,2.44929
100,1783541313878,15984,0,4,12,11,2,2.26836,-0.481029,1.65122,0.605383,0.171327,0.847649,129,0.758311,2.44929
100,1783541313878,15984,0,4,12,11,3,1.99829,-2.01963,0.507897,0.341217,0.246925,0.591237,52,0.758311,2.44929
100,1783541313878,15984,0,4,12,11,4,0.0961125,-1.97032,0.426334,0.377402,0.268553,0.590952,46,0.758311,2.44929
100,1783541313878,15984,0,4,12,11,5,-0.278988,0.31013,0.536273,0.352643,0.15667,0.57899,229,0.758311,2.44929
100,1783541313878,15984,0,4,12,11,6,-2.41422,-1.0435,0.379001,0.107552,0.258115,0.772721,21,0.758311,2.44929
100,1783541313878,15984,0,4,12,11,7,-2.60342,0.0141785,0.904494,0.516571,0.233895,0.820653,64,0.758311,2.44929
100,1783541313878,15984,0,4,12,11,8,-3.79811,-1.15716,0.174247,0.05,0.296838,0.494428,6,0.758311,2.44929
100,1783541313878,15984,0,4,12,11,9,-3.80704,0.140417,0.142642,0.0967696,0.394123,0.742215,16,0.758311,2.44929
100,1783541313878,15984,0,4,12,11,10,-0.928412,2.32581,0.521107,0.459641,0.15752,0.580708,302,0.758311,2.44929
100,1783541313878,15984,0,4,12,11,11,4.02931,3.14485,1.41419,0.284393,0.7835,1.25161,24,0.758311,2.44929
101,1783541313978,15973,0,4,11,11,0,4.68538,-0.669436,0.748947,0.657619,0.249904,1.075,85,0.737765,2.45513
101,1783541313978,15973,0,4,11,11,1,1.97594,0.857918,0.564054,0.448969,0.156954,0.800907,136,0.737765,2.45513
101,1783541313978,15973,0,4,11,11,2,2.19196,-0.872464,3.83888,0.653149,0.171664,1.29946,196,0.737765,2.45513
101,1783541313978,15973,0,4,11,11,3,0.0735904,-1.82327,0.450292,0.0602,0.286193,0.474562,42,0.737765,2.45513
101,1783541313978,15973,0,4,11,11,4,-0.284405,0.318108,0.527922,0.352049,0.156069,0.578775,228,0.737765,2.45513
101,1783541313978,15973,0,4,11,11,5,-2.41441,-1.16596,0.186891,0.0636617,0.25726,0.756269,20,0.737765,2.45513
101,1783541313978,15973,0,4,11,11,6,-2.64613,0.0209992,0.905832,0.528683,0.232977,0.820874,63,0.737765,2.45513
101,1783541313978,15973,0,4,11,11,7,-3.80676,-1.16901,0.210339,0.05,0.29641,0.493372,7,0.737765,2.45513
101,1783541313978,15973,0,4,11,11,8,-3.79733,0.140675,0.181102,0.0673427,0.399203,0.742461,16,0.737765,2.45513
101,1783541313978,15973,0,4,11,11,9,-0.92226,2.33856,0.480236,0.505139,0.166099,0.579569,304,0.737765,2.45513
101,1783541313978,15973,0,4,11,11,10,0.92841,-1.30459,0.523236,0.05,1.40155,1.43047,6,0.737765,2.45513
102,1783541314077,15964,0,4,13,11,0,4.68668,-0.68047,0.714446,0.654044,0.249189,1.075,85,0.723375,2.45922
102,1783541314077,15964,0,4,13,11,1,1.97616,0.875801,0.575336,0.447257,0.155046,0.315196,134,0.723375,2.45922
102,1783541314077,15964,0,4,13,11,2,2.18142,-0.549101,1.50194,0.53768,0.172853,1.18314,124,0.723375,2.45922
102,1783541314077,15964,0,4,13,11,3,2.00339,-2.02153,0.499479,0.337266,0.247215,0.590068,50,0.723375,2.45922
102,1783541314077,15964,0,4,13,11,4,0.0812119,-1.89438,0.443078,0.224605,0.271096,0.473162,42,0.723375,2.45922
102,1783541314077,15964,0,4,13,11,5,-0.287162,0.31669,0.518437,0.347585,0.155508,0.578581,224,0.723375,2.45922
102,1783541314077,15964,0,4,13,11,6,-2.41024,-1.05151,0.429638,0.111889,0.264765,0.775185,20,0.723375,2.45922
102,1783541314077,15964,0,4,13,11,7,-2.60829,0.023488,0.907814,0.503651,0.238555,0.820253,67,0.723375,2.45922
102,1783541314077,15964,0,4,13,11,8,-3.80718,0.159308,0.179495,0.0841244,0.400447,0.743184,16,0.723375,2.45922
102,1783541314077,15964,0,4,13,11,9,-0.932106,2.31628,0.399978,0.431346,0.17085,0.579766,312,0.723375,2.45922
102,1783541314077,15964,0,4,13,11,10,4.58917,-0.00921509,0.358305,0.05,0.583474,0.633528,8,0.723375,2.45922
102,1783541314077,15964,0,4,13,11,11,2.48065,0.734463,0.681315,0.542069,1.145,1.57252,11,0.723375,2.45922
102,1783541314077,15964,0,4,13,11,12,2.83979,3.13077,1.65948,0.92462,0.551143,1.48897,82,0.723375,2.45922
103,1783541314169,15966,0,4,12,11,0,4.67658,-0.680684,0.710907,0.69141,0.250735,1.075,86,0.698498,2.46629
103,1783541314169,15966,0,4,12,11,1,1.84038,0.824412,0.743153,0.401088,0.156321,0.579917,126,0.698498,2.46629
103,1783541314169,15966,0,4,12,11,2,2.29413,-0.57963,1.54933,0.624041,0.17049,1.1862,126,0.698498,2.46629
103,1783541314169,15966,0,4,12,11,3,1.97846,-2.03231,0.515482,0.357924,0.247016,0.588989,48,0.698498,2.46629
103,1783541314169,15966,0,4,12,11,4,0.0929101,-1.97731,0.46361,0.386706,0.264476,0.590509,46,0.698498,2.46629
103,1783541314169,15966,0,4,12,11,5,-0.280609,0.290554,0.530902,0.38214,0.155253,0.578964,223,0.698498,2.46629
103,1783541314169,15966,0,4,12,11,6,-2.39665,-1.00166,0.480276,0.0927671,0.262921,0.779373,23,0.698498,2.46629
103,1783541314169,15966,0,4,12,11,7,-2.61462,0.0226841,0.93408,0.520621,0.289383,0.819826,66,0.698498,2.46629
103,1783541314169,15966,0,4,12,11,8,-3.80736,0.131472,0.172521,0.124178,0.397626,0.744854,15,0.698498,2.46629
103,1783541314169,15966,0,4,12,11,9,-0.940737,2.3183,0.428695,0.437844,0.180013,0.580462,312,0.698498,2.46629
103,1783541314169,15966,0,4,12,11,10,3.72918,2.97911,1.73919,0.922293,0.551229,1.43184,59,0.698498,2.46629
103,1783541314169,15966,0,4,12,11,11,2.41717,0.998392,0.851072,0.472335,0.911501,1.25273,11,0.698498,2.46629
104,1783541314277,15982,0,4,10,11,0,4.66702,-0.685384,0.636614,0.627029,0.288368,1.075,82,0.676292,2.47259
104,1783541314277,15982,0,4,10,11,1,2.01239,1.03741,0.917663,0.451273,0.157503,0.370312,127,0.676292,2.47259
104,1783541314277,15982,0,4,10,11,2,2.21453,-0.554408,1.49965,0.613292,0.169896,1.15976,119,0.676292,2.47259
104,1783541314277,15982,0,4,10,11,3,2.01266,-2.02227,0.483536,0.333853,0.245979,0.588482,45,0.676292,2.47259
104,1783541314277,15982,0,4,10,11,4,0.0955271,-1.94226,0.434613,0.379066,0.285835,0.59154,45,0.676292,2.47259
104,1783541314277,15982,0,4,10,11,5,-0.282316,0.292775,0.53836,0.387839,0.156758,0.577718,224,0.676292,2.47259
104,1783541314277,15982,0,4,10,11,6,-2.67315,-0.553293,1.48439,0.754496,0.259599,0.819941,88,0.676292,2.47259
104,1783541314277,15982,0,4,10,11,7,-3.80144,0.15333,0.173236,0.0650129,0.406482,0.745796,16,0.676292,2.47259
104,1783541314277,15982,0,4,10,11,8,-0.963938,2.32133,0.430907,0.419705,0.185053,0.579797,317,0.676292,2.47259
104,1783541314277,15982,0,4,10,11,9,2.397,0.122278,0.66224,0.457713,1.03894,1.3413,8,0.676292,2.47259
105,1783541314356,15985,0,4,11,10,0,4.66386,-0.677956,0.597142,0.599318,0.285576,1.075,81,0.660049,2.47721
105,1783541314356,15985,0,4,11,10,1,1.98753,0.944093,0.736839,0.382787,0.157456,1.20497,123,0.660049,2.47721
105,1783541314356,15985,0,4,11,10,2,2.29397,-0.395833,1.87059,0.608779,0.169692,0.984123,123,0.660049,2.47721
105,1783541314356,15985,0,4,11,10,3,2.16231,-2.01626,0.800289,0.638825,0.24654,0.935702,53,0.660049,2.47721
105,1783541314356,15985,0,4,11,10,4,0.0777443,-1.9173,0.449288,0.268156,0.265254,0.473308,42,0.660049,2.47721
105,1783541314356,15985,0,4,11,10,5,-0.295549,0.317539,0.484034,0.348472,0.157903,0.580153,223,0.660049,2.47721
105,1783541314356,15985,0,4,11,10,6,-2.67391,-0.54868,1.46118,0.718828,0.231386,0.819668,95,0.660049,2.47721
105,1783541314356,15985,0,4,11,10,7,-3.82544,0.16067,0.181827,0.0831414,0.40422,0.745982,16,0.660049,2.47721
105,1783541314356,15985,0,4,11,10,8,-0.958411,2.32527,0.469411,0.454221,0.189271,0.580448,310,0.660049,2.47721
105,1783541314356,15985,0,4,11,10,9,2.27997,3.29571,0.955463,0.474734,0.50182,1.5283,19,0.660049,2.47721
105,1783541314356,15985,0,4,11,10,10,2.80134,1.36936,0.490991,0.274968,1.25954,1.44561,6,0.660049,2.47721
106,1783541314452,16017,0,4,10,10,0,4.66137,-0.670012,0.633334,0.612525,0.284182,1.075,78,0.64031,2.48282
106,1783541314452,16017,0,4,10,10,1,1.89643,0.90272,0.549111,0.366346,0.155486,0.312015,121,0.64031,2.48282
106,1783541314452,16017,0,4,10,10,2,2.20389,-0.553799,1.49567,0.445198,0.170288,0.370137,108,0.64031,2.48282
106,1783541314452,16017,0,4,10,10,3,2.0075,-2.02532,0.446359,0.312209,0.24604,0.588397,43,0.64031,2.48282
106,1783541314452,16017,0,4,10,10,4,0.0844058,-1.82222,0.416692,0.068262,0.287643,0.47172,39,0.64031,2.48282
106,1783541314452,16017,0,4,10,10,5,-0.287663,0.298567,0.522914,0.395467,0.155318,0.577429,226,0.64031,2.48282
106,1783541314452,16017,0,4,10,10,6,-2.66948,-0.553296,1.49249,0.744529,0.232294,0.820013,98,0.64031,2.48282
106,1783541314452,16017,0,4,10,10,7,-3.80292,0.140821,0.170201,0.05,0.409046,0.746614,16,0.64031,2.48282
106,1783541314452,16017,0,4,10,10,8,-0.963833,2.32638,0.534459,0.489242,0.196321,0.578545,309,0.64031,2.48282
106,1783541314452,16017,0,4,10,10,9,2.21096,0.0691116,0.455759,0.212533,1.34991,1.51531,6,0.64031,2.48282
107,1783541314579,16054,0,4,10,8,0,4.677,-0.674174,0.798769,0.662204,0.283775,1.075,83,0.62343,2.48761
107,1783541314579,16054,0,4,10,8,1,1.90124,0.868505,0.547806,0.301263,0.157046,0.31362,119,0.62343,2.48761
107,1783541314579,16054,0,4,10,8,2,2.20827,-0.568685,1.52524,0.459092,0.171235,0.372941,107,0.62343,2.48761
107,1783541314579,16054,0,4,10,8,3,2.00013,-2.02399,0.489231,0.347472,0.253769,0.586406,43,0.62343,2.48761
107,1783541314579,16054,0,4,10,8,4,0.0837686,-1.93964,0.417414,0.370066,0.268621,0.590395,43,0.62343,2.48761
107,1783541314579,16054,0,4,10,8,5,-0.30276,0.308279,0.483987,0.353893,0.155475,0.578322,221,0.62343,2.48761
107,1783541314579,16054,0,4,10,8,6,-2.68552,-0.557057,1.49368,0.77334,0.249445,0.819923,97,0.62343,2.48761
107,1783541314579,16054,0,4,10,8,7,-3.81121,0.151966,0.168581,0.0684589,0.4107,0.748325,16,0.62343,2.48761
107,1783541314579,16054,0,4,10,8,8,-0.960207,2.31169,0.574348,0.480956,0.198527,0.580082,298,0.62343,2.48761
107,1783541314579,16054,0,4,10,8,9,2.54364,3.05758,1.30425,1.05786,0.308538,1.51253,65,0.62343,2.48761
108,1783541314643,16013,0,4,11,8,0,4.65352,-0.69489,0.805693,0.692047,0.282635,1.075,84,0.623194,2.48672
108,1783541314643,16013,0,4,11,8,1,1.69558,0.889988,0.886213,0.716963,0.159543,0.93076,138,0.623194,2.48672
108,1783541314643,16013,0,4,11,8,2,2.16845,-0.0458828,2.60343,0.690748,0.170202,1.35975,122,0.623194,2.48672
108,1783541314643,16013,0,4,11,8,3,1.96991,-2.03608,0.490993,0.351041,0.25149,0.587004,43,0.623194,2.48672
108,1783541314643,16013,0,4,11,8,4,0.0287637,-1.89366,0.42137,0.228727,0.268174,0.470757,40,0.623194,2.48672
108,1783541314643,16013,0,4,11,8,5,-0.317684,0.311829,0.484581,0.343959,0.15507,0.577978,223,0.623194,2.48672
108,1783541314643,16013,0,4,11,8,6,-2.69471,-0.525556,1.49818,0.755431,0.248633,0.820486,98,0.623194,2.48672
108,1783541314643,16013,0,4,11,8,7,-3.82664,0.179934,0.168502,0.0839791,0.409248,0.748037,16,0.623194,2.48672
108,1783541314643,16013,0,4,11,8,8,-0.96051,2.32709,0.570514,0.485002,0.20049,0.577613,299,0.623194,2.48672
108,1783541314643,16013,0,4,11,8,9,2.50586,3.28975,0.743491,0.462735,0.402029,1.47348,18,0.623194,2.48672
108,1783541314643,16013,0,4,11,8,10,3.16175,3.03848,0.463942,0.200492,0.806784,1.26408,9,0.623194,2.48672
109,1783541314777,15898,0,4,12,8,0,4.67894,-0.669367,0.609264,0.623279,0.282191,1.075,81,0.620209,2.47784
109,1783541314777,15898,0,4,12,8,1,1.77716,0.628921,1.15783,1.06302,0.160057,1.1964,155,0.620209,2.47784
109,1783541314777,15898,0,4,12,8,2,2.21602,-0.552729,1.50094,0.45952,0.172467,0.798601,107,0.620209,2.47784
109,1783541314777,15898,0,4,12,8,3,2.02444,-2.01049,0.485755,0.33703,0.247023,0.586439,44,0.620209,2.47784
109,1783541314777,15898,0,4,12,8,4,0.161275,-1.9256,0.547107,0.319256,0.252879,0.596945,46,0.620209,2.47784
109,1783541314777,15898,0,4,12,8,5,-0.283728,0.280202,0.552991,0.410984,0.157962,0.576566,223,0.620209,2.47784
109,1783541314777,15898,0,4,12,8,6,-2.42385,-1.16448,0.187218,0.0797065,0.250916,0.757099,23,0.620209,2.47784
109,1783541314777,15898,0,4,12,8,7,-2.54848,-0.218123,1.05465,0.619843,0.295022,0.82506,72,0.620209,2.47784
109,1783541314777,15898,0,4,12,8,8,-3.81065,0.106546,0.172964,0.0947418,0.404056,0.747228,18,0.620209,2.47784
109,1783541314777,15898,0,4,12,8,9,-0.959728,2.31093,0.557963,0.512345,0.20124,0.580268,309,0.620209,2.47784
109,1783541314777,15898,0,4,12,8,10,0.928642,1.49897,0.56417,0.155089,0.347285,0.716128,6,0.620209,2.47784
109,1783541314777,15898,0,4,12,8,11,2.70198,3.19781,0.690408,0.30637,0.307376,0.798928,10,0.620209,2.47784
110,1783541314878,15791,0,4,12,8,0,4.71024,-0.549094,1.10894,0.799648,0.282598,1.08155,94,0.61626,2.46864
110,1783541314878,15791,0,4,12,8,1,1.64189,0.674657,1.15374,1.27947,0.156854,1.1953,150,0.61626,2.46864
110,1783541314878,15791,0,4,12,8,2,2.27183,-0.572681,1.54609,0.580456,0.170294,0.38824,109,0.61626,2.46864
110,1783541314878,15791,0,4,12,8,3,1.96865,-2.03161,0.524524,0.382508,0.246959,0.586389,46,0.61626,2.46864
110,1783541314878,15791,0,4,12,8,4,0.0860262,-1.99191,0.443362,0.435881,0.288231,0.591233,52,0.61626,2.46864
110,1783541314878,15791,0,4,12,8,5,-0.280377,0.271067,0.570266,0.416651,0.157404,0.916013,225,0.61626,2.46864
110,1783541314878,15791,0,4,12,8,6,-2.41585,-1.17522,0.209028,0.0881621,0.25144,0.757887,24,0.61626,2.46864
110,1783541314878,15791,0,4,12,8,7,-2.51625,-0.157821,0.934737,0.551953,0.229341,0.815963,65,0.61626,2.46864
110,1783541314878,15791,0,4,12,8,8,-3.81364,0.131264,0.185969,0.0681811,0.405418,0.745617,16,0.61626,2.46864
110,1783541314878,15791,0,4,12,8,9,-0.961052,2.31974,0.523399,0.512722,0.200514,0.580267,326,0.61626,2.46864
110,1783541314878,15791,0,4,12,8,10,0.698842,0.815073,0.422631,0.151404,0.352942,0.515032,6,0.61626,2.46864
110,1783541314878,15791,0,4,12,8,11,1.48219,-0.18217,0.299027,0.175388,0.409955,0.798207,8,0.61626,2.46864
111,1783541314967,15733,0,4,10,8,0,4.73697,-0.674166,0.863773,0.697542,0.281216,1.075,85,0.613645,2.46337
111,1783541314967,15733,0,4,10,8,1,1.69965,1.20958,2.15877,1.63169,0.155013,1.59149,202,0.613645,2.46337
111,1783541314967,15733,0,4,10,8,2,1.82074,-0.623331,1.76462,1.30253,0.172143,1.36841,133,0.613645,2.46337
111,1783541314967,15733,0,4,10,8,3,1.87478,-1.8845,0.756095,0.635738,0.248039,1.27421,52,0.613645,2.46337
111,1783541314967,15733,0,4,10,8,4,0.150437,-1.92195,0.458288,0.263216,0.26816,0.467424,40,0.613645,2.46337
111,1783541314967,15733,0,4,10,8,5,-0.201693,0.513188,0.743162,0.783309,0.157065,0.89526,222,0.613645,2.46337
111,1783541314967,15733,0,4,10,8,6,-2.36565,-1.21312,0.132517,0.101378,0.2503,0.756667,22,0.613645,2.46337
111,1783541314967,15733,0,4,10,8,7,-2.47203,-0.227509,0.859159,0.43121,0.29441,0.816911,61,0.613645,2.46337
111,1783541314967,15733,0,4,10,8,8,-3.76501,0.0661374,0.187224,0.0740434,0.406103,0.745988,17,0.613645,2.46337
111,1783541314967,15733,0,4,10,8,9,-0.993605,2.30938,0.532791,0.450603,0.20547,0.577911,339,0.613645,2.46337
112,1783541315059,15658,0,4,11,8,0,4.69694,-0.725189,0.702866,0.853427,0.281541,1.075,82,0.607855,2.4532
112,1783541315059,15658,0,4,11,8,1,2.06704,1.10604,1.33619,1.40156,0.155274,1.23523,148,0.607855,2.4532
112,1783541315059,15658,0,4,11,8,2,2.05995,-0.542301,1.58219,1.23947,0.169793,1.20728,117,0.607855,2.4532
112,1783541315059,15658,0,4,11,8,3,2.00494,-2.03237,0.539146,0.375913,0.246549,0.579015,44,0.607855,2.4532
112,1783541315059,15658,0,4,11,8,4,0.0785027,-1.91621,0.522203,0.451449,0.288696,0.586405,49,0.607855,2.4532
112,1783541315059,15658,0,4,11,8,5,-0.22873,0.303567,0.58509,0.495914,0.155355,0.728265,224,0.607855,2.4532
112,1783541315059,15658,0,4,11,8,6,-2.40579,-1.20167,0.178644,0.113471,0.24919,0.755777,28,0.607855,2.4532
112,1783541315059,15658,0,4,11,8,7,-2.66608,-0.0280239,1.06748,0.612734,0.285049,0.821025,73,0.607855,2.4532
112,1783541315059,15658,0,4,11,8,8,-3.78249,0.0917401,0.178273,0.0536419,0.402814,0.744242,16,0.607855,2.4532
112,1783541315059,15658,0,4,11,8,9,-0.95487,2.31001,0.485227,0.483271,0.207111,0.579703,363,0.607855,2.4532
112,1783541315059,15658,0,4,11,8,10,4.0296,3.10418,0.976814,0.548408,0.450283,1.20041,13,0.607855,2.4532
113,1783541315163,15604,0,4,11,8,0,4.68617,-0.705555,0.618348,0.662103,0.282572,1.075,79,0.602172,2.44494
113,1783541315163,15604,0,4,11,8,1,1.78325,0.930292,0.781689,0.630432,0.1552,1.0926,122,0.602172,2.44494
113,1783541315163,15604,0,4,11,8,2,2.22564,-0.552502,1.48634,0.453776,0.172188,0.99007,106,0.602172,2.44494
113,1783541315163,15604,0,4,11,8,3,2.00506,-2.03638,0.453254,0.344042,0.245734,0.581696,42,0.602172,2.44494
113,1783541315163,15604,0,4,11,8,4,0.130115,-1.96108,0.573921,0.365119,0.258897,0.580646,48,0.602172,2.44494
113,1783541315163,15604,0,4,11,8,5,-0.410937,0.321116,0.960228,0.46665,0.155532,0.731152,239,0.602172,2.44494
113,1783541315163,15604,0,4,11,8,6,-2.42167,-1.16308,0.126571,0.106336,0.250301,0.753781,24,0.602172,2.44494
113,1783541315163,15604,0,4,11,8,7,-2.52908,-0.0180479,0.902747,0.462941,0.227443,0.820679,65,0.602172,2.44494
113,1783541315163,15604,0,4,11,8,8,-3.82079,0.121649,0.194913,0.127905,0.39404,0.743615,20,0.602172,2.44494
113,1783541315163,15604,0,4,11,8,9,-0.987702,2.31749,0.465317,0.437146,0.209849,0.587664,376,0.602172,2.44494
113,1783541315163,15604,0,4,11,8,10,0.94422,0.378626,1.2195,0.666761,0.30426,1.56791,34,0.602172,2.44494
114,1783541315258,15506,0,4,11,8,0,4.44538,-0.816963,1.27884,0.778726,0.281792,1.18624,96,0.596406,2.43782
114,1783541315258,15506,0,4,11,8,1,1.90139,0.903561,0.558096,0.362024,0.15604,0.308714,113,0.596406,2.43782
114,1783541315258,15506,0,4,11,8,2,2.21748,-0.563262,1.52082,0.445253,0.170545,0.361107,103,0.596406,2.43782
114,1783541315258,15506,0,4,11,8,3,2.00057,-2.0036,0.483542,0.297105,0.243511,0.576624,41,0.596406,2.43782
114,1783541315258,15506,0,4,11,8,4,0.09729,-2.00556,0.570285,0.501782,0.265775,0.57899,47,0.596406,2.43782
114,1783541315258,15506,0,4,11,8,5,-0.277144,0.37047,0.500246,0.798226,0.157793,0.576126,228,0.596406,2.43782
114,1783541315258,15506,0,4,11,8,6,-2.42768,-1.16738,0.154179,0.0964827,0.25019,0.753202,24,0.596406,2.43782
114,1783541315258,15506,0,4,11,8,7,-2.53456,-0.124046,0.839797,0.519182,0.282426,0.820254,62,0.596406,2.43782
114,1783541315258,15506,0,4,11,8,8,-3.78317,0.114357,0.174788,0.0648821,0.399946,0.742867,16,0.596406,2.43782
114,1783541315258,15506,0,4,11,8,9,-0.980897,2.32323,0.507683,0.48496,0.212012,0.577592,379,0.596406,2.43782
114,1783541315258,15506,0,4,11,8,10,1.32541,0.858602,0.639346,0.487188,0.603416,1.20008,12,0.596406,2.43782
115,1783541315355,15440,0,4,12,8,0,4.67669,-0.72456,0.602865,0.688553,0.281832,1.075,85,0.58992,2.43102
115,1783541315355,15440,0,4,12,8,1,1.88174,0.882066,0.529906,0.347118,0.156149,0.309615,113,0.58992,2.43102
115,1783541315355,15440,0,4,12,8,2,2.22012,-0.583743,1.55538,0.451607,0.171592,0.366447,104,0.58992,2.43102
115,1783541315355,15440,0,4,12,8,3,1.98487,-2.0214,0.480998,0.337976,0.25575,0.56601,41,0.58992,2.43102
115,1783541315355,15440,0,4,12,8,4,0.237666,-1.78185,0.705726,0.145364,0.291768,0.534565,39,0.58992,2.43102
115,1783541315355,15440,0,4,12,8,5,0.0754221,-2.22153,0.306988,0.05,0.571783,0.57481,6,0.58992,2.43102
115,1783541315355,15440,0,4,12,8,6,-0.307692,0.224408,0.524738,0.510406,0.157507,0.574631,220,0.58992,2.43102
115,1783541315355,15440,0,4,12,8,7,-2.42085,-1.17748,0.149335,0.070761,0.251776,0.752216,24,0.58992,2.43102
115,1783541315355,15440,0,4,12,8,8,-2.54889,-0.174094,0.85228,0.553185,0.280298,0.820391,62,0.58992,2.43102
115,1783541315355,15440,0,4,12,8,9,-3.81594,0.114998,0.193268,0.113698,0.393157,0.741354,17,0.58992,2.43102
115,1783541315355,15440,0,4,12,8,10,-0.865142,2.26254,0.872874,0.537805,0.215094,0.578845,392,0.58992,2.43102
115,1783541315355,15440,0,4,12,8,11,3.41945,-1.87535,0.463735,0.175357,0.845657,0.984106,6,0.58992,2.43102
116,1783541315460,15393,0,4,11,8,0,4.68763,-0.663455,0.896113,0.797224,0.280864,1.075,90,0.587341,2.42862
116,1783541315460,15393,0,4,11,8,1,1.93585,0.93665,0.625282,0.37143,0.158481,0.313024,115,0.587341,2.42862
116,1783541315460,15393,0,4,11,8,2,2.24017,-0.529043,1.61247,0.41883,0.170038,0.355196,106,0.587341,2.42862
116,1783541315460,15393,0,4,11,8,3,2.04966,-1.95312,0.654111,0.257624,0.24435,0.568644,42,0.587341,2.42862
116,1783541315460,15393,0,4,11,8,4,0.146037,-2.20886,0.305528,0.0794473,0.4041,0.579674,8,0.587341,2.42862
116,1783541315460,15393,0,4,11,8,5,0.17916,-1.86299,0.563767,0.0948108,0.287999,0.45884,40,0.587341,2.42862
116,1783541315460,15393,0,4,11,8,6,-0.256832,0.197318,0.590214,0.53834,0.155537,0.572943,213,0.587341,2.42862
116,1783541315460,15393,0,4,11,8,7,-2.3646,-1.30537,0.316332,0.233907,0.25016,0.807207,26,0.587341,2.42862
116,1783541315460,15393,0,4,11,8,8,-2.49654,-0.136768,0.889812,0.560804,0.283023,0.819012,62,0.587341,2.42862
116,1783541315460,15393,0,4,11,8,9,-3.7583,0.0458784,0.284486,0.0688598,0.393785,0.741658,16,0.587341,2.42862
116,1783541315460,15393,0,4,11,8,10,-0.968002,2.31135,0.636819,0.486703,0.155667,0.577395,402,0.587341,2.42862
117,1783541315551,15315,0,4,11,9,0,4.66638,-0.70378,0.64525,0.650525,0.280193,1.075,86,0.574751,2.41894
117,1783541315551,15315,0,4,11,9,1,1.8962,0.89256,0.541632,0.357445,0.155584,0.308768,115,0.574751,2.41894
117,1783541315551,15315,0,4,11,9,2,2.20631,-0.579759,1.53698,0.450449,0.171344,0.363961,104,0.574751,2.41894
117,1783541315551,15315,0,4,11,9,3,1.9832,-2.04703,0.478352,0.335306,0.249555,0.579615,40,0.574751,2.41894
117,1783541315551,15315,0,4,11,9,4,0.0681988,-1.88292,0.438771,0.185618,0.279521,0.455479,40,0.574751,2.41894
117,1783541315551,15315,0,4,11,9,5,-0.0107084,-2.22055,0.171668,0.05,0.570411,0.571997,6,0.574751,2.41894
117,1783541315551,15315,0,4,11,9,6,-0.246557,0.0941832,0.885595,0.579686,0.155634,1.20944,221,0.574751,2.41894
117,1783541315551,15315,0,4,11,9,7,-2.41733,-1.16778,0.172923,0.056277,0.249454,0.750556,20,0.574751,2.41894
117,1783541315551,15315,0,4,11,9,8,-2.54739,-0.381557,1.18683,0.563878,0.273723,0.898659,68,0.574751,2.41894
117,1783541315551,15315,0,4,11,9,9,-3.81527,0.151437,0.167746,0.10592,0.392571,0.741043,16,0.574751,2.41894
117,1783541315551,15315,0,4,11,9,10,-0.942843,2.32259,0.519042,0.465507,0.155052,0.5737,431,0.574751,2.41894
118,1783541315689,15248,0,4,9,9,0,4.62018,-0.730843,0.727134,0.676222,0.282112,1.075,78,0.563124,2.41205
118,1783541315689,15248,0,4,9,9,1,1.89604,0.844898,0.552385,0.302216,0.155073,0.311273,116,0.563124,2.41205
118,1783541315689,15248,0,4,9,9,2,2.32797,-0.569744,1.51488,0.707895,0.172964,0.943612,109,0.563124,2.41205
118,1783541315689,15248,0,4,9,9,3,2.04153,-2.15611,1.09021,0.69155,0.249927,0.959531,51,0.563124,2.41205
118,1783541315689,15248,0,4,9,9,4,-0.0254321,-1.97644,0.525081,0.453422,0.27344,0.571962,43,0.563124,2.41205
118,1783541315689,15248,0,4,9,9,5,-0.348116,0.242514,0.614326,0.531379,0.155521,0.568912,512,0.563124,2.41205
118,1783541315689,15248,0,4,9,9,6,-2.65308,-0.533265,1.45347,0.631354,0.252024,0.812672,97,0.563124,2.41205
118,1783541315689,15248,0,4,9,9,7,-3.8402,0.17069,0.144004,0.106419,0.387433,0.740162,16,0.563124,2.41205
118,1783541315689,15248,0,4,9,9,8,-0.938537,2.35577,0.533212,0.444632,0.155358,0.577053,454,0.563124,2.41205
119,1783541315755,15209,0,4,10,9,0,4.62615,-0.736652,0.805132,0.687926,0.282191,1.075,76,0.557568,2.40931
119,1783541315755,15209,0,4,10,9,1,1.8916,0.868528,0.579493,0.387922,0.155287,0.311441,118,0.557568,2.40931
119,1783541315755,15209,0,4,10,9,2,2.08575,-0.705417,1.75118,0.579197,0.171818,0.631947,106,0.557568,2.40931
119,1783541315755,15209,0,4,10,9,3,1.9493,-2.03267,0.504085,0.424883,0.252364,0.625829,44,0.557568,2.40931
119,1783541315755,15209,0,4,10,9,4,0.107438,-1.97479,0.61709,0.365248,0.270858,0.568285,45,0.557568,2.40931
119,1783541315755,15209,0,4,10,9,5,-0.36284,0.144482,1.18977,0.510512,0.157127,1.04949,411,0.557568,2.40931
119,1783541315755,15209,0,4,10,9,6,-2.46004,-1.14061,0.133924,0.0793801,0.248436,0.749179,21,0.557568,2.40931
119,1783541315755,15209,0,4,10,9,7,-2.55822,-0.20809,1.11368,0.586906,0.270934,0.809371,71,0.557568,2.40931
119,1783541315755,15209,0,4,10,9,8,-3.842,0.163874,0.138816,0.0954142,0.3886,0.73866,15,0.557568,2.40931
119,1783541315755,15209,0,4,10,9,9,-0.932805,2.32203,0.454644,0.412701,0.15652,0.574638,461,0.557568,2.40931
120,1783541315878,15181,0,4,10,9,0,4.74914,-0.819794,0.819068,0.470625,0.284036,1.075,78,0.550002,2.40547
120,1783541315878,15181,0,4,10,9,1,4.4669,-0.445549,0.074127,0.05,0.370855,0.553502,6,0.550002,2.40547
120,1783541315878,15181,0,4,10,9,2,1.87773,0.876854,0.569951,0.370003,0.156365,0.31039,117,0.550002,2.40547
120,1783541315878,15181,0,4,10,9,3,2.17661,-0.567466,1.49126,0.430674,0.171954,0.352981,101,0.550002,2.40547
120,1783541315878,15181,0,4,10,9,4,1.98014,-2.03296,0.500357,0.331898,0.252856,0.563431,43,0.550002,2.40547
120,1783541315878,15181,0,4,10,9,5,0.0443726,-1.95068,0.445511,0.366301,0.262335,0.453246,40,0.550002,2.40547
120,1783541315878,15181,0,4,10,9,6,-0.638534,0.246565,1.01796,0.699367,0.15599,1.4123,325,0.550002,2.40547
120,1783541315878,15181,0,4,10,9,7,-2.68425,-0.551911,1.48582,0.722281,0.252871,0.801634,99,0.550002,2.40547
120,1783541315878,15181,0,4,10,9,8,-3.83695,0.163121,0.153973,0.088879,0.385336,0.736436,16,0.550002,2.40547
120,1783541315878,15181,0,4,10,9,9,-0.928859,2.34099,0.506664,0.41838,0.155112,0.570567,478,0.550002,2.40547
121,1783541315952,15134,0,4,11,9,0,4.74985,-0.847804,0.832814,0.423215,0.281809,1.075,76,0.541205,2.40305
121,1783541315952,15134,0,4,11,9,1,4.43524,-0.48073,0.0729897,0.0809198,0.371341,0.55739,6,0.541205,2.40305
121,1783541315952,15134,0,4,11,9,2,1.8784,0.836675,0.548723,0.285292,0.155851,0.311929,116,0.541205,2.40305
121,1783541315952,15134,0,4,11,9,3,2.1873,-0.61924,1.57756,0.489039,0.17158,0.352359,104,0.541205,2.40305
121,1783541315952,15134,0,4,11,9,4,1.91714,-2.04603,0.494341,0.337135,0.249794,0.567533,41,0.541205,2.40305
121,1783541315952,15134,0,4,11,9,5,0.103187,-2.08119,0.818762,0.44645,0.277355,0.946772,43,0.541205,2.40305
121,1783541315952,15134,0,4,11,9,6,-0.341976,0.251189,0.565567,0.486065,0.160468,0.568133,281,0.541205,2.40305
121,1783541315952,15134,0,4,11,9,7,-2.71572,-0.52799,1.56385,0.821058,0.257499,0.80558,115,0.541205,2.40305
121,1783541315952,15134,0,4,11,9,8,-3.83544,0.166876,0.166824,0.05,0.388046,0.736284,15,0.541205,2.40305
121,1783541315952,15134,0,4,11,9,9,-0.942694,2.1822,0.765231,0.511663,0.156663,0.68075,485,0.541205,2.40305
121,1783541315952,15134,0,4,11,9,10,-1.44213,1.06118,1.65753,0.60587,0.260283,0.675726,28,0.541205,2.40305
122,1783541316081,15112,0,4,10,9,0,4.76331,-0.686475,0.757125,0.481644,0.284092,1.075,72,0.53389,2.40096
122,1783541316081,15112,0,4,10,9,1,1.8959,0.849977,0.58397,0.27335,0.159883,0.307756,116,0.53389,2.40096
122,1783541316081,15112,0,4,10,9,2,2.03021,-0.58828,1.59564,0.797168,0.170289,0.622656,107,0.53389,2.40096
122,1783541316081,15112,0,4,10,9,3,1.9556,-2.00969,0.51038,0.289691,0.250166,0.562699,40,0.53389,2.40096
122,1783541316081,15112,0,4,10,9,4,0.177696,-1.92443,1.01717,0.616904,0.250724,1.11585,60,0.53389,2.40096
122,1783541316081,15112,0,4,10,9,5,-0.328956,0.234955,0.53439,0.505693,0.157322,0.565865,337,0.53389,2.40096
122,1783541316081,15112,0,4,10,9,6,-2.61856,-0.52811,1.55863,1.18971,0.245486,1.19917,169,0.53389,2.40096
122,1783541316081,15112,0,4,10,9,7,-3.83453,0.150668,0.181506,0.0717786,0.381188,0.735318,15,0.53389,2.40096
122,1783541316081,15112,0,4,10,9,8,-0.918627,2.33732,0.512311,0.388217,0.155515,0.569504,503,0.53389,2.40096
122,1783541316081,15112,0,4,10,9,9,-0.604133,0.996887,0.578014,0.402133,1.15737,1.56413,7,0.53389,2.40096
123,1783541316180,15099,0,4,10,9,0,4.71291,-0.674756,0.786019,0.552008,0.285402,1.075,70,0.52648,2.39859
123,1783541316180,15099,0,4,10,9,1,4.4125,-0.996966,0.0786299,0.05,0.330919,0.521711,6,0.52648,2.39859
123,1783541316180,15099,0,4,10,9,2,1.88837,0.831826,0.568082,0.309893,0.156214,0.310628,121,0.52648,2.39859
123,1783541316180,15099,0,4,10,9,3,2.39745,-0.618196,1.56504,0.925143,0.170136,1.14388,109,0.52648,2.39859
123,1783541316180,15099,0,4,10,9,4,1.88984,-2.07965,0.547378,0.395246,0.253407,0.561586,43,0.52648,2.39859
123,1783541316180,15099,0,4,10,9,5,-0.0136673,-1.8835,0.685627,0.37275,0.282312,1.2794,49,0.52648,2.39859
123,1783541316180,15099,0,4,10,9,6,-0.369726,0.201931,0.510408,0.573078,0.157929,0.573271,255,0.52648,2.39859
123,1783541316180,15099,0,4,10,9,7,-2.84431,-0.475042,1.53621,1.14714,0.257368,1.31848,217,0.52648,2.39859
123,1783541316180,15099,0,4,10,9,8,-3.86286,0.177098,0.152293,0.119034,0.376016,0.735086,17,0.52648,2.39859
123,1783541316180,15099,0,4,10,9,9,-0.949206,2.34424,0.511974,0.433624,0.155138,0.568736,519,0.52648,2.39859
124,1783541316281,15059,0,4,11,9,0,4.63383,-0.740642,0.781443,0.729053,0.28806,1.075,84,0.519081,2.39792
124,1783541316281,15059,0,4,11,9,1,1.86178,0.879604,0.567276,0.383224,0.156978,0.31484,120,0.519081,2.39792
124,1783541316281,15059,0,4,11,9,2,2.17334,-0.564149,1.49992,0.429399,0.170821,0.358057,104,0.519081,2.39792
124,1783541316281,15059,0,4,11,9,3,1.78941,-2.13986,0.815215,0.335442,0.258771,1.26392,47,0.519081,2.39792
124,1783541316281,15059,0,4,11,9,4,0.0524989,-1.88579,0.429953,0.227663,0.257686,0.450773,40,0.519081,2.39792
124,1783541316281,15059,0,4,11,9,5,-0.597737,0.332711,1.00024,0.422846,0.156607,1.07948,214,0.519081,2.39792
124,1783541316281,15059,0,4,11,9,6,-2.64216,-0.131662,2.72742,1.68847,0.256441,1.36101,294,0.519081,2.39792
124,1783541316281,15059,0,4,11,9,7,-3.8396,0.165996,0.138602,0.0856505,0.381291,0.735096,16,0.519081,2.39792
124,1783541316281,15059,0,4,11,9,8,-0.94836,2.36737,0.565145,0.43079,0.161479,0.676614,517,0.519081,2.39792
124,1783541316281,15059,0,4,11,9,9,0.595731,-0.766176,0.792938,0.173147,0.658473,0.735929,15,0.519081,2.39792
124,1783541316281,15059,0,4,11,9,10,-0.872333,1.15866,0.598506,0.395433,1.08838,1.48235,6,0.519081,2.39792
125,1783541316371,15073,0,4,11,9,0,4.83067,-0.751704,0.59187,0.129516,0.285437,1.075,59,0.510542,2.39702
125,1783541316371,15073,0,4,11,9,1,4.38653,-0.756428,0.601859,0.136483,0.330477,0.557946,24,0.510542,2.39702
125,1783541316371,15073,0,4,11,9,2,1.87129,0.836581,0.561753,0.313428,0.158976,0.314375,119,0.510542,2.39702
125,1783541316371,15073,0,4,11,9,3,2.15925,-0.600063,1.53536,0.786346,0.173,1.10952,112,0.510542,2.39702
125,1783541316371,15073,0,4,11,9,4,1.8694,-2.06787,0.517639,0.351691,0.253098,0.558273,41,0.510542,2.39702
125,1783541316371,15073,0,4,11,9,5,0.0150329,-1.89851,0.481723,0.22222,0.254713,0.450484,41,0.510542,2.39702
125,1783541316371,15073,0,4,11,9,6,-0.335078,0.324059,0.536565,0.356489,0.157626,0.968628,205,0.510542,2.39702
125,1783541316371,15073,0,4,11,9,7,-2.96882,-0.519922,1.70702,1.51974,0.256956,0.803975,327,0.510542,2.39702
125,1783541316371,15073,0,4,11,9,8,-3.8573,0.183383,0.153498,0.0736798,0.380202,0.733535,15,0.510542,2.39702
125,1783541316371,15073,0,4,11,9,9,-0.977159,2.34926,0.523826,0.498064,0.164018,0.566492,532,0.510542,2.39702
125,1783541316371,15073,0,4,11,9,10,0.627835,0.00891519,0.635239,0.212156,1.23026,1.55254,7,0.510542,2.39702
126,1783541316475,15082,0,4,9,9,0,4.60019,-0.805604,0.819532,0.677577,0.290032,1.26302,84,0.503461,2.39672
126,1783541316475,15082,0,4,9,9,1,1.86866,0.830182,0.542131,0.292734,0.160507,0.312576,118,0.503461,2.39672
126,1783541316475,15082,0,4,9,9,2,2.2482,-0.591931,1.48766,0.647738,0.16967,1.38316,111,0.503461,2.39672
126,1783541316475,15082,0,4,9,9,3,1.87948,-2.03515,0.481742,0.30954,0.258387,0.574346,41,0.503461,2.39672
126,1783541316475,15082,0,4,9,9,4,-0.0207398,-1.83188,0.461014,0.0861712,0.283736,0.452285,40,0.503461,2.39672
126,1783541316475,15082,0,4,9,9,5,-0.288706,0.290873,0.660199,0.337985,0.155788,0.567902,205,0.503461,2.39672
126,1783541316475,15082,0,4,9,9,6,-3.33737,-0.15054,2.17778,1.6819,0.2574,1.10073,162,0.503461,2.39672
126,1783541316475,15082,0,4,9,9,7,-0.933896,2.29069,0.623537,0.45042,0.163973,0.570927,542,0.503461,2.39672
126,1783541316475,15082,0,4,9,9,8,-0.00762726,-0.648214,0.593384,0.394582,1.0654,1.1351,9,0.503461,2.39672
127,1783541316574,15073,0,4,10,9,0,4.60281,-0.752891,0.698601,0.725119,0.288724,1.26664,91,0.496745,2.39682
127,1783541316574,15073,0,4,10,9,1,1.87925,0.835081,0.562155,0.294552,0.15662,0.313844,119,0.496745,2.39682
127,1783541316574,15073,0,4,10,9,2,2.23653,-0.601319,1.49627,0.742311,0.171938,1.02297,112,0.496745,2.39682
127,1783541316574,15073,0,4,10,9,3,1.89565,-2.0677,0.511333,0.379227,0.251653,0.579903,44,0.496745,2.39682
127,1783541316574,15073,0,4,10,9,4,-0.0239857,-1.82562,0.435859,0.0617978,0.283431,0.450255,39,0.496745,2.39682
127,1783541316574,15073,0,4,10,9,5,-0.332458,0.29564,0.579053,0.387898,0.157879,0.564398,212,0.496745,2.39682
127,1783541316574,15073,0,4,10,9,6,-2.96452,-0.503078,1.7775,1.53692,0.253169,0.804359,198,0.496745,2.39682
127,1783541316574,15073,0,4,10,9,7,-3.75102,0.193094,0.312274,0.158532,0.378506,0.746777,16,0.496745,2.39682
127,1783541316574,15073,0,4,10,9,8,-0.991349,2.34327,0.509736,0.500403,0.167035,0.567518,543,0.496745,2.39682
127,1783541316574,15073,0,4,10,9,9,0.895646,-0.825235,0.667092,0.310944,1.15128,1.28108,7,0.496745,2.39682
128,1783541316671,15070,0,4,10,9,0,4.5773,-0.793401,0.719149,0.693006,0.293038,1.26191,88,0.490219,2.3973
128,1783541316671,15070,0,4,10,9,1,1.86445,0.826161,0.53888,0.290066,0.157713,0.313485,121,0.490219,2.3973
128,1783541316671,15070,0,4,10,9,2,2.12865,-0.605204,1.50563,0.449081,0.170609,0.363691,103,0.490219,2.3973
128,1783541316671,15070,0,4,10,9,3,1.88558,-2.07126,0.462825,0.256579,0.258584,0.574493,39,0.490219,2.3973
128,1783541316671,15070,0,4,10,9,4,-0.0359974,-1.85184,0.457355,0.142569,0.270209,0.450031,38,0.490219,2.3973
128,1783541316671,15070,0,4,10,9,5,-0.341813,0.293986,0.587477,0.411264,0.155533,0.950689,209,0.490219,2.3973
128,1783541316671,15070,0,4,10,9,6,-2.7935,-0.463021,1.50564,0.91365,0.249763,0.799881,95,0.490219,2.3973
128,1783541316671,15070,0,4,10,9,7,-3.87644,0.221577,0.151494,0.0901932,0.375198,0.732816,16,0.490219,2.3973
128,1783541316671,15070,0,4,10,9,8,-0.921233,2.29722,0.58237,0.650972,0.172522,0.571761,555,0.490219,2.3973
128,1783541316671,15070,0,4,10,9,9,0.175911,0.740656,0.981097,0.0686382,1.29534,1.54735,11,0.490219,2.3973
129,1783541316773,15078,0,4,10,9,0,4.56029,-0.796288,0.709228,0.665467,0.2933,1.26014,83,0.485533,2.39747
129,1783541316773,15078,0,4,10,9,1,1.84423,0.821493,0.55647,0.299628,0.162368,0.312611,119,0.485533,2.39747
129,1783541316773,15078,0,4,10,9,2,2.12003,-0.623442,1.52447,0.442687,0.171174,0.364182,103,0.485533,2.39747
129,1783541316773,15078,0,4,10,9,3,1.87917,-2.07163,0.46801,0.282863,0.243934,0.566425,41,0.485533,2.39747
129,1783541316773,15078,0,4,10,9,4,-0.0513072,-1.82902,0.43774,0.0962927,0.279926,0.450454,38,0.485533,2.39747
129,1783541316773,15078,0,4,10,9,5,-0.144946,0.232995,1.04413,0.495103,0.157589,1.04367,219,0.485533,2.39747
129,1783541316773,15078,0,4,10,9,6,-2.98405,-0.0621999,1.98884,1.33134,0.248497,1.27504,135,0.485533,2.39747
129,1783541316773,15078,0,4,10,9,7,-0.934275,2.34346,0.46556,0.364626,0.173082,0.564978,551,0.485533,2.39747
129,1783541316773,15078,0,4,10,9,8,-2.65314,1.51868,1.09455,0.05,1.27378,1.31668,11,0.485533,2.39747
129,1783541316773,15078,0,4,10,9,9,-2.2557,0.573788,1.61369,0.05,1.19544,1.22876,15,0.485533,2.39747
130,1783541316863,15108,0,4,11,9,0,4.60944,-0.518921,1.15115,0.587364,0.29187,1.25876,92,0.477346,2.39945
130,1783541316863,15108,0,4,11,9,1,0.802224,0.297232,2.92568,2.37505,0.157318,1.58942,436,0.477346,2.39945
130,1783541316863,15108,0,4,11,9,2,2.13834,-0.611587,1.54022,0.465496,0.170341,0.363012,104,0.477346,2.39945
130,1783541316863,15108,0,4,11,9,3,1.82492,-2.08011,0.579723,0.387451,0.249523,0.577724,44,0.477346,2.39945
130,1783541316863,15108,0,4,11,9,4,-0.0418477,-1.84468,0.431126,0.105955,0.283191,0.45108,40,0.477346,2.39945
130,1783541316863,15108,0,4,11,9,5,-0.537934,-0.0314921,0.102631,0.05,0.568751,0.571876,6,0.477346,2.39945
130,1783541316863,15108,0,4,11,9,6,-2.86947,-0.234518,3.04772,2.09517,0.246424,1.29811,207,0.477346,2.39945
130,1783541316863,15108,0,4,11,9,7,-1.12898,2.39087,0.659017,0.759085,0.175611,0.704883,560,0.477346,2.39945
130,1783541316863,15108,0,4,11,9,8,-0.26098,1.6081,0.45284,0.245912,0.619857,1.51928,7,0.477346,2.39945
130,1783541316863,15108,0,4,11,9,9,-2.85456,2.82232,0.446248,0.159869,0.594604,1.38824,7,0.477346,2.39945
130,1783541316863,15108,0,4,11,9,10,-2.82159,2.10134,1.54514,0.226256,1.13069,1.4581,20,0.477346,2.39945
131,1783541316962,15127,0,4,12,9,0,4.56923,-0.790311,0.799307,0.759135,0.293047,1.075,89,0.470813,2.40109
131,1783541316962,15127,0,4,12,9,1,1.86283,0.818822,0.575306,0.302512,0.15767,0.316229,128,0.470813,2.40109
131,1783541316962,15127,0,4,12,9,2,2.12513,-0.629772,1.55414,0.472259,0.170993,0.367063,104,0.470813,2.40109
131,1783541316962,15127,0,4,12,9,3,1.87907,-2.08741,0.465834,0.320187,0.243413,0.575304,41,0.470813,2.40109
131,1783541316962,15127,0,4,12,9,4,-0.0409128,-1.82803,0.40779,0.0621573,0.281579,0.451683,39,0.470813,2.40109
131,1783541316962,15127,0,4,12,9,5,-0.467705,0.39428,1.3661,0.904443,0.161608,0.898615,223,0.470813,2.40109
131,1783541316962,15127,0,4,12,9,6,-2.525,-1.1042,0.18979,0.0825487,0.258089,0.744461,22,0.470813,2.40109
131,1783541316962,15127,0,4,12,9,7,-2.76512,-0.033671,1.38904,0.829835,0.245549,1.28924,83,0.470813,2.40109
131,1783541316962,15127,0,4,12,9,8,-3.88863,0.219246,0.165247,0.0983761,0.37389,0.731051,16,0.470813,2.40109
131,1783541316962,15127,0,4,12,9,9,-0.996598,2.35158,0.517726,0.545085,0.174995,0.56517,557,0.470813,2.40109
131,1783541316962,15127,0,4,12,9,10,-2.08436,0.868288,1.26705,0.446006,0.921255,1.19631,14,0.470813,2.40109
131,1783541316962,15127,0,4,12,9,11,-0.0461353,1.25485,0.856142,0.0821762,1.3124,1.58757,9,0.470813,2.40109
132,1783541317066,15119,0,4,8,9,0,4.42598,-0.76432,0.90713,0.67708,0.297816,1.075,80,0.464039,2.4032
132,1783541317066,15119,0,4,8,9,1,1.84846,0.817001,0.581969,0.298184,0.161176,0.315853,125,0.464039,2.4032
132,1783541317066,15119,0,4,8,9,2,2.10592,-0.587299,1.50401,0.436499,0.16976,0.366357,101,0.464039,2.4032
132,1783541317066,15119,0,4,8,9,3,1.8328,-2.06773,0.486574,0.342715,0.244911,0.574373,43,0.464039,2.4032
132,1783541317066,15119,0,4,8,9,4,-0.0547128,-1.86047,0.4582,0.158057,0.269015,0.451516,41,0.464039,2.4032
132,1783541317066,15119,0,4,8,9,5,-0.370241,0.325006,0.550023,0.353719,0.157674,0.563455,208,0.464039,2.4032
132,1783541317066,15119,0,4,8,9,6,-3.01511,-0.224553,2.13368,1.41506,0.247424,1.28079,371,0.464039,2.4032
132,1783541317066,15119,0,4,8,9,7,-0.99883,2.33903,0.476812,0.498819,0.179574,0.563875,554,0.464039,2.4032
133,1783541317157,15159,0,4,14,9,0,4.36674,-0.779039,1.02598,0.746383,0.296714,1.075,82,0.458206,2.40536
133,1783541317157,15159,0,4,14,9,1,1.86008,0.828927,0.555354,0.316709,0.156734,0.315661,124,0.458206,2.40536
133,1783541317157,15159,0,4,14,9,2,2.10817,-0.609005,1.50147,0.480203,0.171629,0.368778,103,0.458206,2.40536
133,1783541317157,15159,0,4,14,9,3,1.87403,-2.0874,0.506806,0.38464,0.256762,0.580457,42,0.458206,2.40536
133,1783541317157,15159,0,4,14,9,4,-0.0906747,-1.82398,0.590082,0.236852,0.262623,0.524885,40,0.458206,2.40536
133,1783541317157,15159,0,4,14,9,5,-0.355951,0.324522,0.551093,0.353905,0.160607,0.565002,206,0.458206,2.40536
133,1783541317157,15159,0,4,14,9,6,-3.02796,-0.0421751,2.46373,2.0758,0.245463,1.49895,335,0.458206,2.40536
133,1783541317157,15159,0,4,14,9,7,-3.80034,-0.903313,0.430658,0.417585,0.286552,0.723893,9,0.458206,2.40536
133,1783541317157,15159,0,4,14,9,8,-1.0088,2.33477,0.467426,0.492594,0.180223,0.565398,560,0.458206,2.40536
133,1783541317157,15159,0,4,14,9,9,-3.47342,1.0853,1.86544,0.668772,0.681254,1.32975,33,0.458206,2.40536
133,1783541317157,15159,0,4,14,9,10,-2.95748,1.94101,1.30593,0.523206,0.45373,1.48483,19,0.458206,2.40536
133,1783541317157,15159,0,4,14,9,11,-2.16243,1.64639,0.502459,0.487104,0.934871,1.52459,13,0.458206,2.40536
133,1783541317157,15159,0,4,14,9,12,0.389906,1.42585,2.55333,0.819353,1.21023,1.6744,33,0.458206,2.40536
133,1783541317157,15159,0,4,14,9,13,-0.664965,0.905311,0.802816,0.287294,1.29913,1.61976,8,0.458206,2.40536
134,1783541317261,15189,0,4,12,8,0,4.55987,-0.38299,1.14554,0.721599,0.296629,1.25767,91,0.473878,2.47144
134,1783541317261,15189,0,4,12,8,1,1.98498,0.979829,0.574445,0.30836,0.157318,0.31686,126,0.473878,2.47144
134,1783541317261,15189,0,4,12,8,2,2.34333,-0.428867,1.52291,0.456372,0.170351,0.369457,102,0.473878,2.47144
134,1783541317261,15189,0,4,12,8,3,2.19584,-1.8709,0.482873,0.279873,0.253178,0.579042,40,0.473878,2.47144
134,1783541317261,15189,0,4,12,8,4,0.423633,-2.16712,0.218353,0.172907,0.260867,0.577207,9,0.473878,2.47144
134,1783541317261,15189,0,4,12,8,5,0.27694,-1.77996,0.433872,0.0751379,0.284799,0.453493,39,0.473878,2.47144
134,1783541317261,15189,0,4,12,8,6,-0.182557,0.329427,0.550861,0.364403,0.161507,0.56554,206,0.473878,2.47144
134,1783541317261,15189,0,4,12,8,7,-2.96615,-0.150085,2.48145,1.15654,0.244817,1.20195,327,0.473878,2.47144
134,1783541317261,15189,0,4,12,8,8,-0.961461,2.31102,0.500469,0.524394,0.175112,0.562299,559,0.473878,2.47144
134,1783541317261,15189,0,4,12,8,9,-3.18957,0.963052,0.577369,0.088353,0.469445,1.27431,6,0.473878,2.47144
134,1783541317261,15189,0,4,12,8,10,-2.62665,1.89756,0.872078,0.622496,0.374205,1.4125,23,0.473878,2.47144
134,1783541317261,15189,0,4,12,8,11,0.866078,1.54197,0.619197,0.430778,0.768391,1.61516,9,0.473878,2.47144
135,1783541317359,15225,0,4,11,7,0,4.68681,-0.572919,0.816049,0.737332,0.300293,1.25832,87,0.463388,2.47595
135,1783541317359,15225,0,4,11,7,1,1.92224,0.917036,0.579415,0.318056,0.155204,0.319161,129,0.463388,2.47595
135,1783541317359,15225,0,4,11,7,2,2.23358,-0.473271,1.4791,0.46055,0.170463,0.370602,102,0.463388,2.47595
135,1783541317359,15225,0,4,11,7,3,2.03022,-1.94503,0.460609,0.31974,0.245785,0.577106,42,0.463388,2.47595
135,1783541317359,15225,0,4,11,7,4,0.12364,-2.14619,0.405794,0.120806,0.405938,0.570289,13,0.463388,2.47595
135,1783541317359,15225,0,4,11,7,5,0.11472,-1.76501,0.410449,0.0616557,0.285517,0.452703,39,0.463388,2.47595
135,1783541317359,15225,0,4,11,7,6,-0.26443,0.3587,0.546957,0.355252,0.160198,0.562624,205,0.463388,2.47595
135,1783541317359,15225,0,4,11,7,7,-2.8374,-0.155879,2.12389,1.15085,0.244593,1.21846,315,0.463388,2.47595
135,1783541317359,15225,0,4,11,7,8,-0.626147,2.11538,1.4697,0.780932,0.186292,1.61225,576,0.463388,2.47595
135,1783541317359,15225,0,4,11,7,9,-2.98888,2.184,1.61905,0.881884,0.405204,1.30076,27,0.463388,2.47595
135,1783541317359,15225,0,4,11,7,10,-3.88221,2.12462,0.336079,0.185617,1.22235,1.2556,6,0.463388,2.47595
136,1783541317453,15266,0,4,12,7,0,4.68517,-0.582423,0.791152,0.725442,0.300379,1.25943,92,0.457676,2.4789
136,1783541317453,15266,0,4,12,7,1,1.93137,0.928023,0.584072,0.325185,0.156721,0.327769,131,0.457676,2.4789
136,1783541317453,15266,0,4,12,7,2,2.2297,-0.511461,1.54298,0.458486,0.170751,0.367812,101,0.457676,2.4789
136,1783541317453,15266,0,4,12,7,3,2.01944,-1.9443,0.47063,0.351386,0.246011,0.58261,43,0.457676,2.4789
136,1783541317453,15266,0,4,12,7,4,0.109271,-1.77433,0.418441,0.0715652,0.283338,0.453353,39,0.457676,2.4789
136,1783541317453,15266,0,4,12,7,5,-0.00254816,-2.18914,0.175444,0.05,0.563424,0.566819,6,0.457676,2.4789
136,1783541317453,15266,0,4,12,7,6,-0.275595,0.351747,0.547404,0.358409,0.160746,0.559336,206,0.457676,2.4789
136,1783541317453,15266,0,4,12,7,7,-2.83758,-0.174849,2.07683,1.14358,0.240948,0.786587,288,0.457676,2.4789
136,1783541317453,15266,0,4,12,7,8,-0.973144,2.37148,0.517706,0.526965,0.189479,0.56264,565,0.457676,2.4789
136,1783541317453,15266,0,4,12,7,9,-0.106501,1.46917,1.95886,0.687048,1.01034,1.61247,23,0.457676,2.4789
136,1783541317453,15266,0,4,12,7,10,-3.08887,1.7865,1.85268,0.347579,0.909937,1.55013,20,0.457676,2.4789
136,1783541317453,15266,0,4,12,7,11,-2.31204,2.15184,1.38935,0.70649,0.343821,1.36984,20,0.457676,2.4789
137,1783541317563,15322,0,4,11,7,0,4.67108,-0.61479,0.84155,0.760117,0.299598,1.26061,99,0.45121,2.48265
137,1783541317563,15322,0,4,11,7,1,1.82198,0.850564,0.804255,0.329391,0.155024,0.386151,133,0.45121,2.48265
137,1783541317563,15322,0,4,11,7,2,2.20704,-0.487109,1.47106,0.471523,0.169707,0.372323,103,0.45121,2.48265
137,1783541317563,15322,0,4,11,7,3,1.99918,-1.95064,0.490626,0.258261,0.248976,0.585408,43,0.45121,2.48265
137,1783541317563,15322,0,4,11,7,4,0.0882642,-1.87983,0.536071,0.356621,0.271135,0.573612,43,0.45121,2.48265
137,1783541317563,15322,0,4,11,7,5,-0.290567,0.356463,0.540698,0.370176,0.157541,1.13606,206,0.45121,2.48265
137,1783541317563,15322,0,4,11,7,6,-2.82864,-0.113653,2.06838,1.078,0.241435,0.790125,275,0.45121,2.48265
137,1783541317563,15322,0,4,11,7,7,-1.1109,2.32129,0.791778,0.698653,0.15663,1.59502,561,0.45121,2.48265
137,1783541317563,15322,0,4,11,7,8,0.0246161,1.11889,0.972131,0.344458,0.465417,1.34547,12,0.45121,2.48265
137,1783541317563,15322,0,4,11,7,9,-0.166754,2.10472,0.677802,0.469667,0.455704,1.60537,13,0.45121,2.48265
137,1783541317563,15322,0,4,11,7,10,0.875337,0.756723,0.418566,0.296494,1.20212,1.61362,6,0.45121,2.48265
138,1783541317662,15340,0,4,11,7,0,4.63009,-0.640634,0.831615,0.77399,0.301699,1.26155,98,0.446691,2.48549
138,1783541317662,15340,0,4,11,7,1,1.89903,0.898996,0.583326,0.347631,0.15768,0.322643,133,0.446691,2.48549
138,1783541317662,15340,0,4,11,7,2,2.20466,-0.516748,1.50824,0.487929,0.1699,0.376575,103,0.446691,2.48549
138,1783541317662,15340,0,4,11,7,3,1.97648,-1.96854,0.467185,0.297518,0.248236,0.583041,43,0.446691,2.48549
138,1783541317662,15340,0,4,11,7,4,0.11281,-1.89772,0.619171,0.349112,0.274818,0.570958,46,0.446691,2.48549
138,1783541317662,15340,0,4,11,7,5,-0.292848,0.376236,0.536314,0.342025,0.160646,0.564815,205,0.446691,2.48549
138,1783541317662,15340,0,4,11,7,6,-2.78698,-0.131698,2.06651,1.05735,0.242276,0.79133,251,0.446691,2.48549
138,1783541317662,15340,0,4,11,7,7,-0.998129,2.38997,0.451055,0.501162,0.184786,0.562678,553,0.446691,2.48549
138,1783541317662,15340,0,4,11,7,8,-3.12691,2.76553,0.937453,0.268944,0.912825,1.46628,14,0.446691,2.48549
138,1783541317662,15340,0,4,11,7,9,-4.14764,2.16676,1.11525,0.519048,0.885589,0.99095,20,0.446691,2.48549
138,1783541317662,15340,0,4,11,7,10,-2.86629,1.43037,0.343998,0.05,1.06892,1.0975,8,0.446691,2.48549
139,1783541317757,15346,0,4,10,7,0,4.62487,-0.643055,0.827474,0.757577,0.303506,1.26141,98,0.445892,2.48602
139,1783541317757,15346,0,4,10,7,1,1.89948,0.896574,0.586029,0.352872,0.156366,0.320249,132,0.445892,2.48602
139,1783541317757,15346,0,4,10,7,2,2.18006,-0.521481,1.51684,0.469865,0.170074,0.37299,103,0.445892,2.48602
139,1783541317757,15346,0,4,10,7,3,1.96946,-1.96648,0.463404,0.319915,0.247446,0.582945,43,0.445892,2.48602
139,1783541317757,15346,0,4,10,7,4,0.0545624,-1.76978,0.432653,0.0924008,0.28537,0.454397,41,0.445892,2.48602
139,1783541317757,15346,0,4,10,7,5,0.135814,-2.18627,0.206771,0.05,0.565991,0.568806,7,0.445892,2.48602
139,1783541317757,15346,0,4,10,7,6,-0.294285,0.373298,0.543294,0.355512,0.159929,0.566938,206,0.445892,2.48602
139,1783541317757,15346,0,4,10,7,7,-2.82429,-0.100558,2.12292,1.06408,0.243405,0.79183,249,0.445892,2.48602
139,1783541317757,15346,0,4,10,7,8,-0.900164,2.70327,1.08275,1.07411,0.180525,1.59689,569,0.445892,2.48602
139,1783541317757,15346,0,4,10,7,9,-0.111788,2.09053,0.611606,0.383325,1.03478,1.60132,12,0.445892,2.48602
140,1783541317851,15360,0,4,11,8,0,4.62775,-0.647331,0.825923,0.761958,0.30245,1.26141,98,0.445889,2.48603
140,1783541317851,15360,0,4,11,8,1,1.89698,0.898535,0.584216,0.343673,0.156031,0.318745,133,0.445889,2.48603
140,1783541317851,15360,0,4,11,8,2,2.17993,-0.518453,1.50813,0.462224,0.169694,0.376878,102,0.445889,2.48603
140,1783541317851,15360,0,4,11,8,3,1.9713,-1.9724,0.465954,0.31164,0.248264,0.58707,43,0.445889,2.48603
140,1783541317851,15360,0,4,11,8,4,0.054731,-1.7679,0.432266,0.0883595,0.285073,0.453421,41,0.445889,2.48603
140,1783541317851,15360,0,4,11,8,5,0.135703,-2.184,0.207881,0.05,0.566056,0.569481,7,0.445889,2.48603
140,1783541317851,15360,0,4,11,8,6,-0.296254,0.36918,0.54357,0.346043,0.16276,0.56774,206,0.445889,2.48603
140,1783541317851,15360,0,4,11,8,7,-2.82884,-0.106413,2.12237,1.05873,0.244728,0.792268,252,0.445889,2.48603
140,1783541317851,15360,0,4,11,8,8,-0.999637,2.41686,0.605091,0.562667,0.185271,1.06474,557,0.445889,2.48603
140,1783541317851,15360,0,4,11,8,9,-0.385208,2.33184,0.759407,0.271651,1.58658,1.684,7,0.445889,2.48603
140,1783541317851,15360,0,4,11,8,10,0.961953,0.795842,1.14631,0.4805,1.16226,1.47876,11,0.445889,2.48603
141,1783541317984,15344,0,4,10,8,0,4.6221,-0.641498,0.826936,0.776661,0.302543,1.26143,98,0.445888,2.48603
141,1783541317984,15344,0,4,10,8,1,1.89549,0.900994,0.584045,0.350662,0.157277,0.319506,131,0.445888,2.48603
141,1783541317984,15344,0,4,10,8,2,2.1781,-0.518291,1.50924,0.479282,0.171172,0.377041,102,0.445888,2.48603
141,1783541317984,15344,0,4,10,8,3,1.85651,-2.03667,0.727926,0.367197,0.247691,0.695001,44,0.445888,2.48603
141,1783541317984,15344,0,4,10,8,4,0.0538804,-1.77842,0.432526,0.0972773,0.284937,0.454171,41,0.445888,2.48603
141,1783541317984,15344,0,4,10,8,5,0.134097,-2.18147,0.210055,0.05,0.565735,0.571123,7,0.445888,2.48603
141,1783541317984,15344,0,4,10,8,6,-0.297048,0.366855,0.544026,0.352882,0.156534,0.565144,207,0.445888,2.48603
141,1783541317984,15344,0,4,10,8,7,-2.82445,-0.098199,2.12544,1.06665,0.245044,0.791505,250,0.445888,2.48603
141,1783541317984,15344,0,4,10,8,8,-0.651502,2.3635,1.29107,0.631792,0.155704,1.60425,575,0.445888,2.48603
141,1783541317984,15344,0,4,10,8,9,-3.91395,1.34037,1.61875,0.145058,0.813468,1.19725,19,0.445888,2.48603
142,1783541318077,15348,0,4,13,8,0,4.62403,-0.643208,0.825372,0.770629,0.302594,1.26168,98,0.445888,2.48603
142,1783541318077,15348,0,4,13,8,1,1.89672,0.901134,0.585952,0.341314,0.155017,0.322575,130,0.445888,2.48603
142,1783541318077,15348,0,4,13,8,2,2.186,-0.518743,1.51935,0.469516,0.170351,0.374969,102,0.445888,2.48603
142,1783541318077,15348,0,4,13,8,3,1.97167,-1.97654,0.465071,0.297907,0.246791,0.584514,43,0.445888,2.48603
142,1783541318077,15348,0,4,13,8,4,0.0540579,-1.77114,0.432988,0.0928114,0.28504,0.454446,41,0.445888,2.48603
142,1783541318077,15348,0,4,13,8,5,0.133677,-2.18407,0.210415,0.05,0.564823,0.570958,7,0.445888,2.48603
142,1783541318077,15348,0,4,13,8,6,-0.290048,0.3835,0.540896,0.392922,0.163243,1.32234,207,0.445888,2.48603
142,1783541318077,15348,0,4,13,8,7,-2.82582,-0.0990769,2.12617,1.05718,0.244001,1.30418,251,0.445888,2.48603
142,1783541318077,15348,0,4,13,8,8,-0.67859,2.13263,1.31244,0.914766,0.187565,1.60979,574,0.445888,2.48603
142,1783541318077,15348,0,4,13,8,9,-1.39679,2.25272,0.700505,0.285187,1.50168,1.62393,8,0.445888,2.48603
142,1783541318077,15348,0,4,13,8,10,-1.41651,3.15368,0.672629,0.100575,0.984719,1.14612,8,0.445888,2.48603
142,1783541318077,15348,0,4,13,8,11,0.665877,0.325794,1.15644,0.421928,0.954101,1.21206,11,0.445888,2.48603
142,1783541318077,15348,0,4,13,8,12,-3.4394,2.28198,0.943767,0.14372,1.08209,1.1726,10,0.445888,2.48603
143,1783541318176,15343,0,4,10,8,0,4.62074,-0.639541,0.825663,0.774126,0.301331,1.26154,98,0.445888,2.48603
143,1783541318176,15343,0,4,10,8,1,1.8958,0.901558,0.584261,0.353823,0.155107,0.319635,133,0.445888,2.48603
143,1783541318176,15343,0,4,10,8,2,2.17853,-0.519232,1.51137,0.464912,0.169952,0.374045,103,0.445888,2.48603
143,1783541318176,15343,0,4,10,8,3,1.97209,-1.98041,0.46636,0.319711,0.24759,0.582395,43,0.445888,2.48603
143,1783541318176,15343,0,4,10,8,4,0.0537906,-1.77716,0.432738,0.0987065,0.284192,0.456259,41,0.445888,2.48603
143,1783541318176,15343,0,4,10,8,5,0.136412,-2.18718,0.207339,0.05,0.56581,0.569077,7,0.445888,2.48603
143,1783541318176,15343,0,4,10,8,6,-0.295874,0.371384,0.541839,0.34716,0.162045,0.564791,206,0.445888,2.48603
143,1783541318176,15343,0,4,10,8,7,-2.82871,-0.0992031,2.1298,1.06407,0.24242,1.23493,251,0.445888,2.48603
143,1783541318176,15343,0,4,10,8,8,-0.987671,2.409,0.58272,0.558343,0.18624,0.566423,555,0.445888,2.48603
143,1783541318176,15343,0,4,10,8,9,0.0815936,3.06155,0.999921,0.109992,0.904871,1.09833,8,0.445888,2.48603
144,1783541318276,15341,0,4,12,8,0,4.62311,-0.643619,0.823763,0.766681,0.302936,1.26141,98,0.445888,2.48603
144,1783541318276,15341,0,4,12,8,1,1.89888,0.895241,0.584174,0.349512,0.155679,0.320923,132,0.445888,2.48603
144,1783541318276,15341,0,4,12,8,2,2.17609,-0.524772,1.51303,0.461918,0.170789,0.373068,101,0.445888,2.48603
144,1783541318276,15341,0,4,12,8,3,1.9723,-1.97351,0.464343,0.30135,0.246339,0.582226,43,0.445888,2.48603
144,1783541318276,15341,0,4,12,8,4,0.0547772,-1.76712,0.432143,0.0998725,0.28431,0.454376,41,0.445888,2.48603
144,1783541318276,15341,0,4,12,8,5,0.135822,-2.17753,0.210403,0.05,0.566281,0.571257,7,0.445888,2.48603
144,1783541318276,15341,0,4,12,8,6,-0.298235,0.365669,0.543132,0.355146,0.16238,0.563414,206,0.445888,2.48603
144,1783541318276,15341,0,4,12,8,7,-2.82283,-0.101709,2.12506,1.06541,0.244431,1.14412,252,0.445888,2.48603
144,1783541318276,15341,0,4,12,8,8,-1.13405,2.45237,0.83671,0.527765,0.183833,0.597114,557,0.445888,2.48603
144,1783541318276,15341,0,4,12,8,9,-2.94715,2.21863,0.291017,0.186921,0.401461,1.45671,8,0.445888,2.48603
144,1783541318276,15341,0,4,12,8,10,-0.794105,2.63399,0.6486,0.404553,1.39109,1.60383,9,0.445888,2.48603
144,1783541318276,15341,0,4,12,8,11,1.15079,2.95378,0.700019,0.129014,0.514528,1.31982,7,0.445888,2.48603
145,1783541318368,15359,0,4,11,8,0,4.64672,-0.636113,0.870255,0.758405,0.305838,1.26195,97,0.443755,2.48292
145,1783541318368,15359,0,4,11,8,1,1.7559,0.803974,0.911326,0.33576,0.155585,0.8955,135,0.443755,2.48292
145,1783541318368,15359,0,4,11,8,2,2.17941,-0.479887,1.43762,0.484171,0.169817,0.374445,102,0.443755,2.48292
145,1783541318368,15359,0,4,11,8,3,1.96747,-1.96595,0.463198,0.326348,0.246445,0.581945,44,0.443755,2.48292
145,1783541318368,15359,0,4,11,8,4,0.165075,-2.19468,0.285154,0.148266,0.379542,0.57205,9,0.443755,2.48292
145,1783541318368,15359,0,4,11,8,5,0.0538702,-1.7624,0.432402,0.0633308,0.287711,0.456486,41,0.443755,2.48292
145,1783541318368,15359,0,4,11,8,6,-0.296113,0.368659,0.544973,0.353879,0.156585,0.565488,208,0.443755,2.48292
145,1783541318368,15359,0,4,11,8,7,-2.82347,-0.0982151,2.1372,1.06429,0.245348,0.793474,250,0.443755,2.48292
145,1783541318368,15359,0,4,11,8,8,-1.08083,2.53954,0.893874,0.559341,0.180976,1.2981,561,0.443755,2.48292
145,1783541318368,15359,0,4,11,8,9,-0.681547,3.09976,0.763772,0.459694,0.889109,1.37681,11,0.443755,2.48292
145,1783541318368,15359,0,4,11,8,10,-1.29585,1.33497,0.725713,0.125101,1.2112,1.58916,7,0.443755,2.48292
146,1783541318474,15356,0,4,10,8,0,1.00855,2.63481,0.869002,0.160036,0.38709,1.02934,8,0.436991,2.47308
146,1783541318474,15356,0,4,10,8,1,4.64509,-0.642145,0.819517,0.736742,0.30111,1.26202,101,0.436991,2.47308
146,1783541318474,15356,0,4,10,8,2,1.90386,0.895271,0.591074,0.344341,0.158736,0.323577,132,0.436991,2.47308
146,1783541318474,15356,0,4,10,8,3,2.16938,-0.504962,1.49054,0.466814,0.172087,0.377372,103,0.436991,2.47308
146,1783541318474,15356,0,4,10,8,4,1.97444,-1.98848,0.499805,0.37227,0.248357,0.583094,45,0.436991,2.47308
146,1783541318474,15356,0,4,10,8,5,0.119185,-1.92275,0.591998,0.400555,0.247749,0.571505,49,0.436991,2.47308
146,1783541318474,15356,0,4,10,8,6,-0.290629,0.354385,0.571535,0.384266,0.163223,0.640659,216,0.436991,2.47308
146,1783541318474,15356,0,4,10,8,7,-2.81163,-0.11378,2.1181,1.0854,0.244791,0.792733,226,0.436991,2.47308
146,1783541318474,15356,0,4,10,8,8,-0.995592,2.38809,0.437553,0.470913,0.191871,0.569297,550,0.436991,2.47308
146,1783541318474,15356,0,4,10,8,9,-1.30873,1.78707,0.879281,0.253853,0.711115,1.56156,8,0.436991,2.47308
147,1783541318575,15312,0,4,10,8,0,4.6488,-0.643007,0.831523,0.769727,0.298379,1.26184,101,0.412942,2.4381
147,1783541318575,15312,0,4,10,8,1,1.91552,0.884483,0.587221,0.370626,0.155244,0.31812,135,0.412942,2.4381
147,1783541318575,15312,0,4,10,8,2,2.16999,-0.500409,1.48339,0.456326,0.17195,0.377097,106,0.412942,2.4381
147,1783541318575,15312,0,4,10,8,3,1.96523,-1.98865,0.462343,0.325569,0.247841,0.586695,46,0.412942,2.4381
147,1783541318575,15312,0,4,10,8,4,0.0593576,-1.75822,0.428576,0.0792783,0.294959,0.461912,41,0.412942,2.4381
147,1783541318575,15312,0,4,10,8,5,-0.301887,0.365202,0.552857,0.379009,0.155587,0.56119,225,0.412942,2.4381
147,1783541318575,15312,0,4,10,8,6,-2.79974,-0.160923,2.08091,1.10702,0.247101,0.792963,233,0.412942,2.4381
147,1783541318575,15312,0,4,10,8,7,-0.761113,2.33319,0.902622,0.97112,0.155265,1.5972,552,0.412942,2.4381
147,1783541318575,15312,0,4,10,8,8,-3.67129,1.21554,1.65867,0.189399,0.864378,1.15189,18,0.412942,2.4381
147,1783541318575,15312,0,4,10,8,9,1.16156,0.406773,0.646061,0.197952,1.38925,1.55325,6,0.412942,2.4381
148,1783541318662,15302,0,4,10,8,0,4.65917,-0.643902,0.834063,0.765333,0.297663,1.26266,103,0.395474,2.41269
148,1783541318662,15302,0,4,10,8,1,1.90728,0.894395,0.582093,0.361313,0.156841,0.32003,137,0.395474,2.41269
148,1783541318662,15302,0,4,10,8,2,2.18067,-0.491178,1.48667,0.468929,0.174662,0.37548,107,0.395474,2.41269
148,1783541318662,15302,0,4,10,8,3,1.94319,-1.99538,0.529522,0.390567,0.251388,0.587084,50,0.395474,2.41269
148,1783541318662,15302,0,4,10,8,4,0.0439529,-1.76053,0.427597,0.0653376,0.301645,0.465246,39,0.395474,2.41269
148,1783541318662,15302,0,4,10,8,5,-0.300686,0.356273,0.572854,0.39772,0.159336,0.55967,233,0.395474,2.41269
148,1783541318662,15302,0,4,10,8,6,-2.84745,-0.118306,2.07779,1.13304,0.243793,0.793335,214,0.395474,2.41269
148,1783541318662,15302,0,4,10,8,7,-0.755703,2.21361,1.06946,0.882523,0.155236,1.60504,596,0.395474,2.41269
148,1783541318662,15302,0,4,10,8,8,-2.59506,2.71654,0.915932,0.307134,0.420198,1.53288,13,0.395474,2.41269
148,1783541318662,15302,0,4,10,8,9,-2.47451,1.60864,0.192105,0.05,0.769947,0.915001,6,0.395474,2.41269
149,1783541318775,15279,0,4,8,8,0,4.65527,-0.651429,0.831597,0.771549,0.297788,1.26242,104,0.371374,2.37764
149,1783541318775,15279,0,4,8,8,1,1.91092,0.877268,0.586477,0.390913,0.156454,0.321593,138,0.371374,2.37764
149,1783541318775,15279,0,4,8,8,2,2.17758,-0.501037,1.48104,0.4531,0.173021,0.371584,111,0.371374,2.37764
149,1783541318775,15279,0,4,8,8,3,1.9556,-1.97208,0.483679,0.277589,0.247738,0.589157,51,0.371374,2.37764
149,1783541318775,15279,0,4,8,8,4,0.0387183,-1.79428,0.46748,0.144954,0.293796,0.469742,40,0.371374,2.37764
149,1783541318775,15279,0,4,8,8,5,-0.303902,0.376066,0.530105,0.34602,0.168379,0.559034,233,0.371374,2.37764
149,1783541318775,15279,0,4,8,8,6,-2.84824,-0.101511,2.04261,1.09311,0.245111,0.793621,210,0.371374,2.37764
149,1783541318775,15279,0,4,8,8,7,-1.02191,2.64073,0.998565,0.722549,0.155902,1.41091,625,0.371374,2.37764
150,1783541318861,15239,0,4,10,8,0,4.64875,-0.634301,0.833174,0.748337,0.307081,1.2625,103,0.352948,2.35084
150,1783541318861,15239,0,4,10,8,1,1.93455,0.897294,0.569992,0.399334,0.156843,0.323678,138,0.352948,2.35084
150,1783541318861,15239,0,4,10,8,2,2.18212,-0.503175,1.49211,0.458852,0.169861,0.376841,119,0.352948,2.35084
150,1783541318861,15239,0,4,10,8,3,1.96468,-1.98834,0.493415,0.356356,0.250983,0.586576,54,0.352948,2.35084
150,1783541318861,15239,0,4,10,8,4,0.0583564,-1.84371,0.502789,0.281665,0.275946,0.473893,42,0.352948,2.35084
150,1783541318861,15239,0,4,10,8,5,-0.298774,0.367224,0.55816,0.360982,0.169599,0.559336,240,0.352948,2.35084
150,1783541318861,15239,0,4,10,8,6,-2.89204,-0.0940821,2.06961,1.14566,0.200563,0.793914,213,0.352948,2.35084
150,1783541318861,15239,0,4,10,8,7,-3.85439,-1.08142,0.17731,0.05,0.285966,0.485605,6,0.352948,2.35084
150,1783541318861,15239,0,4,10,8,8,-1.06399,2.38276,0.433989,0.606449,0.1654,0.947773,619,0.352948,2.35084
150,1783541318861,15239,0,4,10,8,9,-2.79996,2.7875,0.515039,0.469979,0.734532,1.50397,10,0.352948,2.35084
151,1783541318957,15204,0,4,12,8,0,4.65045,-0.635176,0.829802,0.748784,0.307646,1.26328,104,0.332291,2.32079
151,1783541318957,15204,0,4,12,8,1,1.94307,0.883262,0.569285,0.413584,0.155771,0.318873,141,0.332291,2.32079
151,1783541318957,15204,0,4,12,8,2,2.18816,-0.503635,1.49418,0.459998,0.170699,0.368065,119,0.332291,2.32079
151,1783541318957,15204,0,4,12,8,3,1.9462,-1.98191,0.531135,0.324393,0.250916,0.58509,56,0.332291,2.32079
151,1783541318957,15204,0,4,12,8,4,0.0350664,-1.75883,0.453597,0.0617311,0.312002,0.478422,40,0.332291,2.32079
151,1783541318957,15204,0,4,12,8,5,-0.303849,0.372991,0.525741,0.364143,0.157846,0.562671,239,0.332291,2.32079
151,1783541318957,15204,0,4,12,8,6,-2.92737,-0.0983247,2.08552,1.1887,0.202381,1.29346,237,0.332291,2.32079
151,1783541318957,15204,0,4,12,8,7,-0.944428,2.39076,0.435803,0.403382,0.170898,0.563096,614,0.332291,2.32079
151,1783541318957,15204,0,4,12,8,8,-1.33642,1.54732,1.28031,0.564417,0.386568,1.60767,15,0.332291,2.32079
151,1783541318957,15204,0,4,12,8,9,-5.26321,2.0593,0.629766,0.294765,0.810431,1.13018,10,0.332291,2.32079
151,1783541318957,15204,0,4,12,8,10,-0.798711,2.38944,0.742795,0.203175,1.53405,1.60192,8,0.332291,2.32079
151,1783541318957,15204,0,4,12,8,11,1.04013,0.43301,0.850602,0.19915,1.50355,1.63572,7,0.332291,2.32079
152,1783541319061,15192,0,4,10,8,0,4.65054,-0.637833,0.832224,0.74269,0.308238,1.26316,103,0.31008,2.28848
152,1783541319061,15192,0,4,10,8,1,1.94153,0.878186,0.568987,0.422215,0.15877,0.319783,140,0.31008,2.28848
152,1783541319061,15192,0,4,10,8,2,2.19741,-0.508131,1.49972,0.4614,0.16979,0.368835,123,0.31008,2.28848
152,1783541319061,15192,0,4,10,8,3,1.94869,-1.97353,0.522614,0.314241,0.255563,0.587732,57,0.31008,2.28848
152,1783541319061,15192,0,4,10,8,4,0.0299745,-1.77013,0.421707,0.0616321,0.315191,0.483712,40,0.31008,2.28848
152,1783541319061,15192,0,4,10,8,5,-0.304615,0.356184,0.551372,0.419023,0.159069,0.558325,248,0.31008,2.28848
152,1783541319061,15192,0,4,10,8,6,-2.91354,-0.113711,2.0599,1.17486,0.200039,1.28413,225,0.31008,2.28848
152,1783541319061,15192,0,4,10,8,7,-0.964405,2.38982,0.450801,0.421353,0.176242,1.06973,628,0.31008,2.28848
152,1783541319061,15192,0,4,10,8,8,-2.64494,2.49319,1.06984,0.563877,0.396399,1.56256,20,0.31008,2.28848
152,1783541319061,15192,0,4,10,8,9,-0.173521,1.77346,0.95922,0.333698,1.46458,1.63329,8,0.31008,2.28848
153,1783541319186,15206,0,4,13,8,0,4.65363,-0.6298,0.870394,0.723659,0.306303,1.26366,101,0.297701,2.27048
153,1783541319186,15206,0,4,13,8,1,1.94814,0.887579,0.569104,0.431103,0.158784,0.321501,142,0.297701,2.27048
153,1783541319186,15206,0,4,13,8,2,2.2096,-0.510494,1.50656,0.487161,0.171263,0.368032,128,0.297701,2.27048
153,1783541319186,15206,0,4,13,8,3,1.94124,-1.98375,0.575295,0.363669,0.250589,0.592039,59,0.297701,2.27048
153,1783541319186,15206,0,4,13,8,4,0.0495408,-1.76646,0.421773,0.101148,0.318083,0.48548,42,0.297701,2.27048
153,1783541319186,15206,0,4,13,8,5,-0.304312,0.335069,0.586074,0.446376,0.156435,0.560381,265,0.297701,2.27048
153,1783541319186,15206,0,4,13,8,6,-2.95633,-0.0634802,2.20309,1.16415,0.207397,1.27889,246,0.297701,2.27048
153,1783541319186,15206,0,4,13,8,7,-3.85239,-1.06214,0.17005,0.0803531,0.301017,0.499708,8,0.297701,2.27048
153,1783541319186,15206,0,4,13,8,8,-0.967539,2.39193,0.454411,0.438601,0.183511,0.565949,629,0.297701,2.27048
153,1783541319186,15206,0,4,13,8,9,-1.98013,2.01181,0.812737,0.261975,0.380636,1.36835,8,0.297701,2.27048
153,1783541319186,15206,0,4,13,8,10,-5.53287,2.16796,0.528686,0.254566,0.878119,1.09873,7,0.297701,2.27048
153,1783541319186,15206,0,4,13,8,11,-0.457296,1.92567,0.596525,0.207733,1.21882,1.69045,8,0.297701,2.27048
153,1783541319186,15206,0,4,13,8,12,0.839562,1.60964,0.692762,0.463333,1.41827,1.61444,9,0.297701,2.27048
154,1783541319256,15193,0,4,11,8,0,4.64982,-0.638016,0.866248,0.721405,0.305232,1.26373,103,0.294652,2.26604
154,1783541319256,15193,0,4,11,8,1,1.94553,0.878707,0.566703,0.432274,0.155605,0.321529,142,0.294652,2.26604
154,1783541319256,15193,0,4,11,8,2,2.20665,-0.516352,1.51087,0.478482,0.172199,0.367757,125,0.294652,2.26604
154,1783541319256,15193,0,4,11,8,3,1.93739,-1.9914,0.578364,0.389691,0.249987,0.591086,59,0.294652,2.26604
154,1783541319256,15193,0,4,11,8,4,0.046143,-1.77422,0.422578,0.082073,0.318025,0.485566,42,0.294652,2.26604
154,1783541319256,15193,0,4,11,8,5,-0.308512,0.328904,0.585928,0.44988,0.15766,0.559515,265,0.294652,2.26604
154,1783541319256,15193,0,4,11,8,6,-2.87394,-0.112554,2.03502,1.17507,0.20801,0.794164,226,0.294652,2.26604
154,1783541319256,15193,0,4,11,8,7,-3.85518,-1.06723,0.170691,0.0517917,0.300827,0.4992,8,0.294652,2.26604
154,1783541319256,15193,0,4,11,8,8,-0.821748,2.21833,0.758782,1.02466,0.185661,1.56555,648,0.294652,2.26604
154,1783541319256,15193,0,4,11,8,9,-3.34999,2.5777,0.540193,0.302416,0.830428,1.43532,11,0.294652,2.26604
154,1783541319256,15193,0,4,11,8,10,-3.82399,1.94873,0.335103,0.05,0.664864,0.686853,7,0.294652,2.26604
155,1783541319363,15190,0,4,12,8,0,4.64663,-0.635734,0.86648,0.736127,0.306775,1.26382,103,0.294662,2.26605
155,1783541319363,15190,0,4,12,8,1,1.95088,0.875753,0.572687,0.436714,0.160511,0.323013,141,0.294662,2.26605
155,1783541319363,15190,0,4,12,8,2,2.20593,-0.51365,1.51607,0.472158,0.17143,0.368561,126,0.294662,2.26605
155,1783541319363,15190,0,4,12,8,3,1.93515,-1.98541,0.576233,0.370472,0.250726,0.590445,59,0.294662,2.26605
155,1783541319363,15190,0,4,12,8,4,0.0460589,-1.77343,0.421644,0.0842085,0.317847,0.486163,42,0.294662,2.26605
155,1783541319363,15190,0,4,12,8,5,-0.306516,0.330777,0.587371,0.443997,0.15507,0.559549,267,0.294662,2.26605
155,1783541319363,15190,0,4,12,8,6,-2.83616,-0.0292507,2.04198,1.41714,0.206932,1.20312,227,0.294662,2.26605
155,1783541319363,15190,0,4,12,8,7,-3.859,-1.06841,0.170224,0.0523471,0.301592,0.499031,8,0.294662,2.26605
155,1783541319363,15190,0,4,12,8,8,-0.802428,2.35407,0.656004,0.759534,0.18122,1.6028,640,0.294662,2.26605
155,1783541319363,15190,0,4,12,8,9,-2.58718,0.821295,0.763798,0.179243,0.814631,1.51674,11,0.294662,2.26605
155,1783541319363,15190,0,4,12,8,10,-0.691762,0.808733,1.19903,0.599253,1.19626,1.60993,13,0.294662,2.26605
155,1783541319363,15190,0,4,12,8,11,-3.636,1.02611,0.706616,0.0708597,0.987024,1.23742,9,0.294662,2.26605
156,1783541319461,15210,0,4,12,8,0,4.64719,-0.634977,0.864703,0.728346,0.304182,1.26383,103,0.294665,2.26606
156,1783541319461,15210,0,4,12,8,1,1.94539,0.876626,0.564625,0.42646,0.157911,0.322761,142,0.294665,2.26606
156,1783541319461,15210,0,4,12,8,2,2.20774,-0.516627,1.5187,0.475386,0.170705,0.368258,128,0.294665,2.26606
156,1783541319461,15210,0,4,12,8,3,1.94005,-1.99885,0.578723,0.379703,0.249495,0.590142,59,0.294665,2.26606
156,1783541319461,15210,0,4,12,8,4,0.0461949,-1.7694,0.421578,0.101398,0.317045,0.485912,42,0.294665,2.26606
156,1783541319461,15210,0,4,12,8,5,-0.309254,0.326227,0.588407,0.448662,0.155941,0.560365,266,0.294665,2.26606
156,1783541319461,15210,0,4,12,8,6,-2.88152,-0.116379,2.03683,1.16208,0.206902,0.793633,223,0.294665,2.26606
156,1783541319461,15210,0,4,12,8,7,-3.85312,-1.0637,0.169202,0.0631658,0.303184,0.499652,8,0.294665,2.26606
156,1783541319461,15210,0,4,12,8,8,-0.975624,2.38717,0.457519,0.442443,0.183402,0.566297,628,0.294665,2.26606
156,1783541319461,15210,0,4,12,8,9,-3.01209,2.38142,1.3934,0.810103,0.462981,1.53151,29,0.294665,2.26606
156,1783541319461,15210,0,4,12,8,10,-0.775494,2.7456,0.342832,0.211842,1.4217,1.59176,6,0.294665,2.26606
156,1783541319461,15210,0,4,12,8,11,0.589247,1.56049,0.640127,0.165166,0.957919,1.12367,6,0.294665,2.26606
157,1783541319560,15197,0,4,11,8,0,4.64776,-0.636322,0.865604,0.726529,0.30514,1.26375,103,0.294665,2.26606
157,1783541319560,15197,0,4,11,8,1,1.94397,0.880874,0.566132,0.423299,0.159048,0.323905,142,0.294665,2.26606
157,1783541319560,15197,0,4,11,8,2,2.20516,-0.520074,1.51714,0.469558,0.170913,0.370453,128,0.294665,2.26606
157,1783541319560,15197,0,4,11,8,3,1.93467,-1.98653,0.576715,0.375953,0.250659,0.589776,59,0.294665,2.26606
157,1783541319560,15197,0,4,11,8,4,0.0461705,-1.7711,0.422207,0.0819585,0.317913,0.486167,42,0.294665,2.26606
157,1783541319560,15197,0,4,11,8,5,-0.307388,0.331764,0.58511,0.448387,0.156902,0.560033,266,0.294665,2.26606
157,1783541319560,15197,0,4,11,8,6,-2.80299,-0.0167429,2.04283,1.39852,0.207592,1.41127,236,0.294665,2.26606
157,1783541319560,15197,0,4,11,8,7,-3.86028,-1.06814,0.170791,0.063435,0.301952,0.499593,8,0.294665,2.26606
157,1783541319560,15197,0,4,11,8,8,-0.971235,2.38529,0.456694,0.429744,0.184618,0.567337,628,0.294665,2.26606
157,1783541319560,15197,0,4,11,8,9,-3.21888,2.57216,0.45312,0.181847,0.980226,1.43413,6,0.294665,2.26606
157,1783541319560,15197,0,4,11,8,10,-4.17212,2.40296,0.632677,0.293935,0.655458,1.10768,9,0.294665,2.26606
158,1783541319652,15280,0,4,12,8,0,0.800615,2.7096,0.857386,0.315406,0.395778,1.03232,8,0.291771,2.26185
158,1783541319652,15280,0,4,12,8,1,4.64797,-0.624623,0.830683,0.740003,0.308202,1.264,105,0.291771,2.26185
158,1783541319652,15280,0,4,12,8,2,1.95231,0.882876,0.590162,0.428976,0.159408,0.321992,143,0.291771,2.26185
158,1783541319652,15280,0,4,12,8,3,2.20014,-0.513779,1.52656,0.464496,0.171857,0.370155,126,0.291771,2.26185
158,1783541319652,15280,0,4,12,8,4,1.94685,-1.97754,0.537933,0.362993,0.254356,0.590524,60,0.291771,2.26185
158,1783541319652,15280,0,4,12,8,5,0.0442756,-1.75549,0.420614,0.072009,0.31864,0.486997,42,0.291771,2.26185
158,1783541319652,15280,0,4,12,8,6,-0.309626,0.338378,0.577635,0.45137,0.155047,0.566454,269,0.291771,2.26185
158,1783541319652,15280,0,4,12,8,7,-2.88266,-0.108792,2.0476,1.16432,0.208583,0.796867,221,0.291771,2.26185
158,1783541319652,15280,0,4,12,8,8,-3.85,-1.06467,0.168816,0.0867634,0.302698,0.500188,8,0.291771,2.26185
158,1783541319652,15280,0,4,12,8,9,-0.968267,2.39132,0.452242,0.442181,0.184435,0.56509,630,0.291771,2.26185
158,1783541319652,15280,0,4,12,8,10,-3.34299,2.67582,1.64452,1.05827,0.634695,1.44751,31,0.291771,2.26185
158,1783541319652,15280,0,4,12,8,11,-3.49311,1.74711,0.433041,0.0878085,0.643734,0.697925,8,0.291771,2.26185
159,1783541319779,15242,0,4,11,8,0,4.65495,-0.625776,0.833237,0.733272,0.307435,1.26371,106,0.272611,2.23398
159,1783541319779,15242,0,4,11,8,1,1.96309,0.881048,0.574274,0.449571,0.155737,0.320542,143,0.272611,2.23398
159,1783541319779,15242,0,4,11,8,2,2.20543,-0.513812,1.55586,0.443353,0.172775,0.368489,128,0.272611,2.23398
159,1783541319779,15242,0,4,11,8,3,1.90264,-1.98121,0.558268,0.346053,0.250438,0.589997,58,0.272611,2.23398
159,1783541319779,15242,0,4,11,8,4,0.0579153,-1.77244,0.426918,0.128583,0.323559,0.489577,41,0.272611,2.23398
159,1783541319779,15242,0,4,11,8,5,-0.405713,0.399706,0.858318,0.493793,0.156417,0.564935,288,0.272611,2.23398
159,1783541319779,15242,0,4,11,8,6,-2.88299,-0.105716,2.0531,1.18332,0.204464,0.795283,225,0.272611,2.23398
159,1783541319779,15242,0,4,11,8,7,-3.86727,-1.06456,0.207296,0.109302,0.30524,0.503625,8,0.272611,2.23398
159,1783541319779,15242,0,4,11,8,8,-1.00367,2.30336,0.717477,0.509519,0.155483,0.575947,650,0.272611,2.23398
159,1783541319779,15242,0,4,11,8,9,-2.86052,2.45161,1.62187,1.21514,0.497778,1.54399,42,0.272611,2.23398
159,1783541319779,15242,0,4,11,8,10,0.511498,0.836663,1.02058,0.336058,0.480604,1.63799,12,0.272611,2.23398
160,1783541319851,15220,0,4,11,8,0,4.6457,-0.637771,0.819569,0.724707,0.308876,1.26382,105,0.246357,2.19579
160,1783541319851,15220,0,4,11,8,1,1.95378,0.871533,0.548833,0.450959,0.157875,0.322822,143,0.246357,2.19579
160,1783541319851,15220,0,4,11,8,2,2.2124,-0.521912,1.54327,0.465622,0.171647,0.37002,130,0.246357,2.19579
160,1783541319851,15220,0,4,11,8,3,1.92695,-1.9903,0.578066,0.363476,0.254968,0.58969,59,0.246357,2.19579
160,1783541319851,15220,0,4,11,8,4,0.0484682,-1.75473,0.446368,0.0650535,0.325233,0.498041,42,0.246357,2.19579
160,1783541319851,15220,0,4,11,8,5,-0.324235,0.302978,0.594172,0.509465,0.155043,0.568848,296,0.246357,2.19579
160,1783541319851,15220,0,4,11,8,6,-2.9136,-0.108062,2.07609,1.20089,0.216683,0.79577,236,0.246357,2.19579
160,1783541319851,15220,0,4,11,8,7,-3.85622,-1.07527,0.205666,0.0683245,0.309847,0.508488,10,0.246357,2.19579
160,1783541319851,15220,0,4,11,8,8,-1.15192,2.256,1.50731,1.08403,0.156603,1.61955,685,0.246357,2.19579
160,1783541319851,15220,0,4,11,8,9,-2.78071,2.92199,1.58897,0.961928,0.419921,1.4724,26,0.246357,2.19579
160,1783541319851,15220,0,4,11,8,10,-0.777556,1.57272,0.749628,0.211251,0.739116,0.974117,7,0.246357,2.19579
161,1783541319973,15142,0,4,10,9,0,4.65423,-0.635366,0.84462,0.72462,0.304718,1.26449,108,0.220598,2.15832
161,1783541319973,15142,0,4,10,9,1,1.96312,0.876924,0.572042,0.468391,0.156437,0.321383,143,0.220598,2.15832
161,1783541319973,15142,0,4,10,9,2,2.19979,-0.543541,1.5761,0.450736,0.170419,0.370989,132,0.220598,2.15832
161,1783541319973,15142,0,4,10,9,3,1.9468,-2.00359,0.584013,0.387745,0.255976,0.590044,55,0.220598,2.15832
161,1783541319973,15142,0,4,10,9,4,0.0527579,-1.81521,0.464712,0.222748,0.329014,0.504724,42,0.220598,2.15832
161,1783541319973,15142,0,4,10,9,5,-0.327572,0.280661,0.581905,0.546319,0.162889,0.567802,305,0.220598,2.15832
161,1783541319973,15142,0,4,10,9,6,-2.90646,-0.0988491,2.09179,1.19751,0.195765,0.795521,252,0.220598,2.15832
161,1783541319973,15142,0,4,10,9,7,-3.8496,-1.09374,0.209824,0.0642513,0.316394,0.514835,10,0.220598,2.15832
161,1783541319973,15142,0,4,10,9,8,-0.605042,1.77858,1.82973,0.86416,0.156457,1.67243,671,0.220598,2.15832
161,1783541319973,15142,0,4,10,9,9,-2.52529,1.55161,0.636578,0.0739719,0.404772,0.417496,6,0.220598,2.15832
162,1783541320080,15091,0,4,11,9,0,4.64329,-0.6426,0.792151,0.72587,0.310841,1.26487,104,0.188178,2.11116
162,1783541320080,15091,0,4,11,9,1,1.95396,0.8708,0.545777,0.45245,0.155324,0.323269,140,0.188178,2.11116
162,1783541320080,15091,0,4,11,9,2,2.1923,-0.517389,1.52025,0.448268,0.169943,0.371197,131,0.188178,2.11116
162,1783541320080,15091,0,4,11,9,3,1.91028,-2.01789,0.601567,0.445073,0.257179,0.586303,55,0.188178,2.11116
162,1783541320080,15091,0,4,11,9,4,0.0471738,-1.761,0.432364,0.0605854,0.216214,0.513129,46,0.188178,2.11116
162,1783541320080,15091,0,4,11,9,5,-0.312001,0.368485,0.51601,0.376986,0.176317,0.567369,309,0.188178,2.11116
162,1783541320080,15091,0,4,11,9,6,-2.96308,-0.274763,2.0725,0.897654,0.217925,0.795364,205,0.188178,2.11116
162,1783541320080,15091,0,4,11,9,7,-3.84313,-1.08135,0.168642,0.05,0.329093,0.519277,9,0.188178,2.11116
162,1783541320080,15091,0,4,11,9,8,-2.44774,0.189391,0.178723,0.112048,0.205067,0.716961,48,0.188178,2.11116
162,1783541320080,15091,0,4,11,9,9,-1.11314,2.41451,0.508508,0.77269,0.157267,0.562649,673,0.188178,2.11116
162,1783541320080,15091,0,4,11,9,10,-2.35756,2.59881,0.498149,0.174273,0.657899,0.839223,6,0.188178,2.11116
163,1783541320178,15047,0,4,11,9,0,4.63699,-0.639357,0.808138,0.742866,0.309588,1.26463,105,0.157714,2.06685
163,1783541320178,15047,0,4,11,9,1,1.94653,0.861605,0.519641,0.431148,0.15762,0.325804,139,0.157714,2.06685
163,1783541320178,15047,0,4,11,9,2,2.20226,-0.5234,1.55882,0.457894,0.173459,0.36996,133,0.157714,2.06685
163,1783541320178,15047,0,4,11,9,3,1.92971,-2.01229,0.578022,0.455433,0.262197,0.585265,55,0.157714,2.06685
163,1783541320178,15047,0,4,11,9,4,0.0378008,-1.758,0.411725,0.0854067,0.21631,0.51455,54,0.157714,2.06685
163,1783541320178,15047,0,4,11,9,5,-0.30639,0.37315,0.516348,0.377089,0.181828,0.566286,327,0.157714,2.06685
163,1783541320178,15047,0,4,11,9,6,-2.98257,-0.305019,2.07247,0.909738,0.229148,0.796865,203,0.157714,2.06685
163,1783541320178,15047,0,4,11,9,7,-3.84884,-1.08819,0.172544,0.0582278,0.332462,0.52373,9,0.157714,2.06685
163,1783541320178,15047,0,4,11,9,8,-2.42926,0.168402,0.241806,0.103686,0.217754,0.720974,44,0.157714,2.06685
163,1783541320178,15047,0,4,11,9,9,-0.94722,2.39618,0.530472,0.455849,0.156947,0.561312,695,0.157714,2.06685
163,1783541320178,15047,0,4,11,9,10,-0.0542183,2.70006,0.975661,0.232793,1.26684,1.5011,9,0.157714,2.06685
164,1783541320279,15091,0,4,12,9,0,4.65736,-0.629306,0.832291,0.749952,0.302444,1.26598,108,0.124342,2.01831
164,1783541320279,15091,0,4,12,9,1,1.94759,0.855611,0.530635,0.431019,0.159685,0.32227,135,0.124342,2.01831
164,1783541320279,15091,0,4,12,9,2,2.19229,-0.535722,1.5723,0.457053,0.172094,0.369558,136,0.124342,2.01831
164,1783541320279,15091,0,4,12,9,3,1.93108,-2.02284,0.529629,0.454037,0.268131,0.585013,54,0.124342,2.01831
164,1783541320279,15091,0,4,12,9,4,0.0355489,-1.75674,0.408138,0.0939219,0.226723,0.52164,57,0.124342,2.01831
164,1783541320279,15091,0,4,12,9,5,-0.298759,0.34937,0.55448,0.4199,0.155565,0.562621,361,0.124342,2.01831
164,1783541320279,15091,0,4,12,9,6,-3.02156,-0.309437,2.14248,0.985742,0.233329,0.8023,209,0.124342,2.01831
164,1783541320279,15091,0,4,12,9,7,-2.43846,0.117076,0.324881,0.113247,0.227441,0.725769,52,0.124342,2.01831
164,1783541320279,15091,0,4,12,9,8,-3.82933,-1.09873,0.207031,0.0716455,0.335148,0.532098,9,0.124342,2.01831
164,1783541320279,15091,0,4,12,9,9,-0.951597,2.38778,0.546946,0.501792,0.155475,0.564367,712,0.124342,2.01831
164,1783541320279,15091,0,4,12,9,10,-3.86085,1.41405,0.446692,0.343162,0.460272,0.535097,10,0.124342,2.01831
164,1783541320279,15091,0,4,12,9,11,-3.8949,2.3471,1.15598,0.553206,0.534249,1.28899,15,0.124342,2.01831
165,1783541320361,15125,0,4,13,9,0,4.65609,-0.632633,0.859539,0.749648,0.301068,1.26571,109,0.088121,1.96562
165,1783541320361,15125,0,4,13,9,1,1.94983,0.85754,0.518708,0.427338,0.157469,0.321247,138,0.088121,1.96562
165,1783541320361,15125,0,4,13,9,2,2.18441,-0.51451,1.50836,0.476084,0.171254,0.360655,138,0.088121,1.96562
165,1783541320361,15125,0,4,13,9,3,1.94972,-1.98494,0.652604,0.483165,0.2627,0.579897,54,0.088121,1.96562
165,1783541320361,15125,0,4,13,9,4,0.042427,-1.76841,0.434521,0.0856023,0.237161,0.529755,60,0.088121,1.96562
165,1783541320361,15125,0,4,13,9,5,-0.295184,0.33761,0.57707,0.414576,0.155604,0.563703,392,0.088121,1.96562
165,1783541320361,15125,0,4,13,9,6,-3.36102,-0.615926,2.15414,1.81806,0.250675,1.06346,227,0.088121,1.96562
165,1783541320361,15125,0,4,13,9,7,-2.42443,0.0922978,0.370589,0.0919725,0.241478,0.732595,55,0.088121,1.96562
165,1783541320361,15125,0,4,13,9,8,-3.84502,-1.09395,0.158904,0.0536068,0.348336,0.536488,10,0.088121,1.96562
165,1783541320361,15125,0,4,13,9,9,-1.00236,2.32462,0.702855,0.546162,0.157106,1.26184,726,0.088121,1.96562
165,1783541320361,15125,0,4,13,9,10,-5.55519,0.202114,0.633769,0.05,0.786805,0.975391,6,0.088121,1.96562
165,1783541320361,15125,0,4,13,9,11,-0.583356,1.59958,1.07467,0.541527,1.30667,1.67166,14,0.088121,1.96562
165,1783541320361,15125,0,4,13,9,12,0.556474,0.478141,1.16084,0.298781,0.273024,1.47284,14,0.088121,1.96562
166,1783541320458,15127,0,4,11,9,0,4.64237,-0.63201,0.806721,0.720276,0.305966,1.26544,107,0.0573605,1.92088
166,1783541320458,15127,0,4,11,9,1,1.95637,0.863068,0.525001,0.431952,0.157636,0.321952,136,0.0573605,1.92088
166,1783541320458,15127,0,4,11,9,2,2.1834,-0.508294,1.49322,0.487056,0.170515,0.361171,146,0.0573605,1.92088
166,1783541320458,15127,0,4,11,9,3,1.92425,-2.05483,0.566434,0.484631,0.264448,0.578924,52,0.0573605,1.92088
166,1783541320458,15127,0,4,11,9,4,0.0399699,-1.77059,0.432826,0.0837106,0.247445,0.535644,57,0.0573605,1.92088
166,1783541320458,15127,0,4,11,9,5,-0.312349,0.326955,0.558223,0.470957,0.162848,0.564346,416,0.0573605,1.92088
166,1783541320458,15127,0,4,11,9,6,-3.09168,-0.397006,2.06106,0.998045,0.261745,1.39373,207,0.0573605,1.92088
166,1783541320458,15127,0,4,11,9,7,-2.42808,0.066924,0.422792,0.107305,0.255428,0.737745,56,0.0573605,1.92088
166,1783541320458,15127,0,4,11,9,8,-3.85467,-1.10226,0.193281,0.0931386,0.351683,0.541773,12,0.0573605,1.92088
166,1783541320458,15127,0,4,11,9,9,-0.984386,2.37924,0.57479,0.527643,0.155063,0.562983,729,0.0573605,1.92088
166,1783541320458,15127,0,4,11,9,10,0.758485,2.06427,0.663284,0.374113,1.31885,1.41282,6,0.0573605,1.92088
167,1783541320562,15102,0,4,12,9,0,4.65583,-0.625038,0.861651,0.719471,0.309684,1.2656,105,0.0247868,1.8735
167,1783541320562,15102,0,4,12,9,1,1.95559,0.859577,0.518137,0.442012,0.155641,0.321801,137,0.0247868,1.8735
167,1783541320562,15102,0,4,12,9,2,2.20277,-0.506435,1.48799,0.496045,0.169956,0.358326,151,0.0247868,1.8735
167,1783541320562,15102,0,4,12,9,3,1.95096,-2.04317,0.558431,0.55352,0.277992,0.578259,51,0.0247868,1.8735
167,1783541320562,15102,0,4,12,9,4,0.0355447,-1.76698,0.431003,0.0622588,0.260539,0.541899,61,0.0247868,1.8735
167,1783541320562,15102,0,4,12,9,5,-0.340599,0.309291,0.531599,0.486958,0.155682,0.566242,433,0.0247868,1.8735
167,1783541320562,15102,0,4,12,9,6,-3.02215,-0.139275,2.1695,1.33848,0.266241,1.1953,295,0.0247868,1.8735
167,1783541320562,15102,0,4,12,9,7,-3.84133,-1.07207,0.183051,0.105598,0.361409,0.548084,12,0.0247868,1.8735
167,1783541320562,15102,0,4,12,9,8,-0.989323,2.39697,0.542512,0.547471,0.155764,0.563087,730,0.0247868,1.8735
167,1783541320562,15102,0,4,12,9,9,-2.47273,2.56594,0.645324,0.300866,0.463781,0.632301,6,0.0247868,1.8735
167,1783541320562,15102,0,4,12,9,10,-5.39204,1.75939,0.707955,0.273483,0.759547,1.15412,7,0.0247868,1.8735
167,1783541320562,15102,0,4,12,9,11,-3.43112,1.65516,0.65357,0.254076,1.33029,1.49542,7,0.0247868,1.8735
168,1783541320656,15072,0,4,11,9,0,4.63715,-0.639933,0.702848,0.68492,0.301248,1.26576,103,-0.0045029,1.83089
168,1783541320656,15072,0,4,11,9,1,1.94998,0.858232,0.530546,0.449648,0.156658,0.322385,134,-0.0045029,1.83089
168,1783541320656,15072,0,4,11,9,2,2.19004,-0.526234,1.52351,0.480528,0.170314,0.35776,158,-0.0045029,1.83089
168,1783541320656,15072,0,4,11,9,3,1.93819,-2.0547,0.572684,0.549303,0.276767,0.579156,50,-0.0045029,1.83089
168,1783541320656,15072,0,4,11,9,4,0.0462859,-1.76811,0.403284,0.071791,0.269817,0.549793,60,-0.0045029,1.83089
168,1783541320656,15072,0,4,11,9,5,-0.343368,0.291395,0.52753,0.524951,0.155008,0.562603,436,-0.0045029,1.83089
168,1783541320656,15072,0,4,11,9,6,-2.96529,-0.219508,2.05604,1.43544,0.178965,1.3669,301,-0.0045029,1.83089
168,1783541320656,15072,0,4,11,9,7,-3.86664,-1.10498,0.185028,0.106698,0.363543,0.549296,10,-0.0045029,1.83089
168,1783541320656,15072,0,4,11,9,8,-0.90422,2.52549,0.872427,0.586998,0.160483,1.19967,741,-0.0045029,1.83089
168,1783541320656,15072,0,4,11,9,9,-1.45351,1.89274,0.360232,0.166163,1.18179,1.63367,6,-0.0045029,1.83089
168,1783541320656,15072,0,4,11,9,10,-5.29658,2.17951,0.374802,0.200556,0.750096,1.10833,7,-0.0045029,1.83089
169,1783541320755,15077,0,4,10,9,0,4.62331,-0.639333,0.645947,0.643473,0.305351,1.26556,98,-0.0350893,1.7864
169,1783541320755,15077,0,4,10,9,1,1.95639,0.859878,0.550427,0.485188,0.16133,0.326533,136,-0.0350893,1.7864
169,1783541320755,15077,0,4,10,9,2,2.20406,-0.522914,1.51341,0.5095,0.170089,0.359966,161,-0.0350893,1.7864
169,1783541320755,15077,0,4,10,9,3,1.91559,-1.97883,0.547695,0.359885,0.279188,0.489381,51,-0.0350893,1.7864
169,1783541320755,15077,0,4,10,9,4,0.0293943,-1.7671,0.427841,0.0679072,0.278732,0.555054,61,-0.0350893,1.7864
169,1783541320755,15077,0,4,10,9,5,-0.33122,0.374546,0.490675,0.424385,0.155372,0.562207,478,-0.0350893,1.7864
169,1783541320755,15077,0,4,10,9,6,-3.18836,-0.495703,2.07865,1.02927,0.216055,0.798758,220,-0.0350893,1.7864
169,1783541320755,15077,0,4,10,9,7,-2.52684,-0.0489311,0.65447,0.396644,0.177246,0.755907,81,-0.0350893,1.7864
169,1783541320755,15077,0,4,10,9,8,-3.85311,-1.07916,0.174641,0.0966614,0.250141,0.483005,9,-0.0350893,1.7864
169,1783541320755,15077,0,4,10,9,9,-1.01513,2.36931,0.629582,0.585852,0.155025,1.23816,742,-0.0350893,1.7864
170,1783541320857,15070,0,4,12,9,0,1.95758,0.859557,0.571741,0.500625,0.166304,0.329157,137,-0.0662877,1.74102
170,1783541320857,15070,0,4,12,9,1,4.6215,-0.646245,0.781903,0.718487,0.308841,1.26587,105,-0.0662877,1.74102
170,1783541320857,15070,0,4,12,9,2,2.18013,-0.538623,1.54841,0.475761,0.170435,0.359387,162,-0.0662877,1.74102
170,1783541320857,15070,0,4,12,9,3,1.88457,-1.96014,0.550816,0.332676,0.285121,0.493278,50,-0.0662877,1.74102
170,1783541320857,15070,0,4,12,9,4,0.0368415,-1.7679,0.400838,0.0656206,0.288453,0.560636,60,-0.0662877,1.74102
170,1783541320857,15070,0,4,12,9,5,-0.314814,0.308003,0.60554,0.491648,0.160291,0.55945,514,-0.0662877,1.74102
170,1783541320857,15070,0,4,12,9,6,-3.21714,-0.524207,2.08381,1.03835,0.225785,1.33336,239,-0.0662877,1.74102
170,1783541320857,15070,0,4,12,9,7,-2.57711,-0.136035,0.775316,0.458465,0.17912,1.15712,88,-0.0662877,1.74102
170,1783541320857,15070,0,4,12,9,8,-3.86767,-1.10268,0.180441,0.108997,0.24983,0.485208,13,-0.0662877,1.74102
170,1783541320857,15070,0,4,12,9,9,-0.651683,2.3936,1.21064,0.805723,0.155051,1.57551,758,-0.0662877,1.74102
170,1783541320857,15070,0,4,12,9,10,-4.90481,1.74952,1.26903,0.512367,0.671894,1.18409,16,-0.0662877,1.74102
170,1783541320857,15070,0,4,12,9,11,-3.23433,2.12945,1.78039,0.0995283,0.633865,1.48798,21,-0.0662877,1.74102
171,1783541320980,15001,0,4,11,9,0,1.96404,0.857664,0.551158,0.486177,0.160162,0.328092,140,-0.0938248,1.70097
171,1783541320980,15001,0,4,11,9,1,4.63339,-0.637747,0.73106,0.705334,0.304784,1.26552,103,-0.0938248,1.70097
171,1783541320980,15001,0,4,11,9,2,2.17666,-0.521869,1.52119,0.470313,0.171376,0.362567,164,-0.0938248,1.70097
171,1783541320980,15001,0,4,11,9,3,1.93134,-1.9631,0.553569,0.309479,0.291095,0.497152,51,-0.0938248,1.70097
171,1783541320980,15001,0,4,11,9,4,0.0301893,-1.76058,0.440947,0.071359,0.201056,0.567332,79,-0.0938248,1.70097
171,1783541320980,15001,0,4,11,9,5,-0.334046,0.29493,0.581378,0.535539,0.181313,0.561051,533,-0.0938248,1.70097
171,1783541320980,15001,0,4,11,9,6,-3.00702,-0.262424,2.05031,1.53777,0.170626,0.793222,321,-0.0938248,1.70097
171,1783541320980,15001,0,4,11,9,7,-3.854,-1.07814,0.174399,0.0913405,0.252028,0.487195,14,-0.0938248,1.70097
171,1783541320980,15001,0,4,11,9,8,-1.08845,2.4544,0.648537,0.797452,0.155754,0.56365,744,-0.0938248,1.70097
171,1783541320980,15001,0,4,11,9,9,-3.1948,2.23333,0.523356,0.0542963,0.819115,1.35671,7,-0.0938248,1.70097
171,1783541320980,15001,0,4,11,9,10,-1.94197,1.98549,0.601534,0.304264,0.378464,0.575899,7,-0.0938248,1.70097
172,1783541321051,14983,0,4,8,9,0,1.96123,0.853142,0.548443,0.48315,0.162133,0.329062,140,-0.124731,1.65601
172,1783541321051,14983,0,4,8,9,1,4.63277,-0.650672,0.740337,0.686511,0.305477,1.26572,100,-0.124731,1.65601
172,1783541321051,14983,0,4,8,9,2,2.17047,-0.501248,1.49033,0.459712,0.170773,0.360829,164,-0.124731,1.65601
172,1783541321051,14983,0,4,8,9,3,1.89236,-1.99548,0.619785,0.336034,0.285239,0.501388,55,-0.124731,1.65601
172,1783541321051,14983,0,4,8,9,4,0.0401027,-1.77582,0.42333,0.0864002,0.207767,0.5711,79,-0.124731,1.65601
172,1783541321051,14983,0,4,8,9,5,-0.351439,0.281292,0.459953,0.483548,0.155572,0.558967,550,-0.124731,1.65601
172,1783541321051,14983,0,4,8,9,6,-3.14534,-0.450941,1.85518,1.79271,0.170263,1.15826,338,-0.124731,1.65601
172,1783541321051,14983,0,4,8,9,7,-1.2411,2.28882,1.09293,0.666749,0.155303,0.606572,738,-0.124731,1.65601
173,1783541321152,14975,0,4,11,9,0,1.95183,0.851079,0.547418,0.479808,0.164454,0.329086,140,-0.153582,1.61405
173,1783541321152,14975,0,4,11,9,1,4.62581,-0.662094,0.783199,0.685527,0.305391,1.26604,103,-0.153582,1.61405
173,1783541321152,14975,0,4,11,9,2,2.20354,-0.531254,1.5272,0.536706,0.172189,0.361479,166,-0.153582,1.61405
173,1783541321152,14975,0,4,11,9,3,1.89208,-1.96968,0.575428,0.342089,0.289994,0.505873,52,-0.153582,1.61405
173,1783541321152,14975,0,4,11,9,4,0.0377166,-1.79379,0.429524,0.113349,0.213097,0.576615,80,-0.153582,1.61405
173,1783541321152,14975,0,4,11,9,5,-0.348742,0.274795,0.457361,0.507634,0.157258,0.55688,574,-0.153582,1.61405
173,1783541321152,14975,0,4,11,9,6,-2.46357,-1.10005,0.180867,0.0788371,0.264327,0.680728,32,-0.153582,1.61405
173,1783541321152,14975,0,4,11,9,7,-3.14683,-0.445627,1.88324,1.85425,0.17597,0.789522,313,-0.153582,1.61405
173,1783541321152,14975,0,4,11,9,8,-0.88308,2.43237,0.836502,0.502244,0.156832,0.565547,712,-0.153582,1.61405
173,1783541321152,14975,0,4,11,9,9,-1.91419,1.32018,0.969807,0.358488,0.311914,1.61489,12,-0.153582,1.61405
173,1783541321152,14975,0,4,11,9,10,-1.25807,1.96342,0.439974,0.26192,1.48241,1.59712,6,-0.153582,1.61405
174,1783541321242,14952,0,4,12,9,0,1.94651,0.859621,0.534049,0.472282,0.165841,0.326964,138,-0.177214,1.57967
174,1783541321242,14952,0,4,12,9,1,4.62415,-0.648079,0.721721,0.673406,0.306834,1.26635,103,-0.177214,1.57967
174,1783541321242,14952,0,4,12,9,2,2.18231,-0.513245,1.5091,0.479878,0.170211,0.784987,170,-0.177214,1.57967
174,1783541321242,14952,0,4,12,9,3,1.83674,-1.96128,0.580782,0.440223,0.248353,0.506772,55,-0.177214,1.57967
174,1783541321242,14952,0,4,12,9,4,0.0344149,-1.80429,0.421211,0.139924,0.218951,0.580282,80,-0.177214,1.57967
174,1783541321242,14952,0,4,12,9,5,-0.337261,0.31851,0.488515,0.426416,0.168543,1.17201,602,-0.177214,1.57967
174,1783541321242,14952,0,4,12,9,6,-3.42564,-0.661815,2.05694,1.27578,0.201164,1.35484,236,-0.177214,1.57967
174,1783541321242,14952,0,4,12,9,7,-2.58861,-0.213545,0.961845,0.496637,0.18894,0.771549,105,-0.177214,1.57967
174,1783541321242,14952,0,4,12,9,8,-0.98238,2.34586,0.600474,0.502817,0.156935,0.569174,699,-0.177214,1.57967
174,1783541321242,14952,0,4,12,9,9,-2.33784,1.38734,0.518779,0.35542,1.08243,1.56066,8,-0.177214,1.57967
174,1783541321242,14952,0,4,12,9,10,-3.65265,-2.41164,0.637856,0.0670656,0.695197,1.06754,8,-0.177214,1.57967
174,1783541321242,14952,0,4,12,9,11,0.309275,0.465624,0.637529,0.582163,1.36038,1.66396,9,-0.177214,1.57967
175,1783541321348,14938,0,4,14,9,0,1.98192,0.859078,0.605296,0.467401,0.166409,0.326955,138,-0.201993,1.54363
175,1783541321348,14938,0,4,14,9,1,4.6241,-0.657783,0.720333,0.664111,0.307074,1.26634,103,-0.201993,1.54363
175,1783541321348,14938,0,4,14,9,2,2.16665,-0.525906,1.52381,0.46907,0.172533,0.360367,169,-0.201993,1.54363
175,1783541321348,14938,0,4,14,9,3,1.90067,-1.98781,0.601557,0.329991,0.294905,0.511453,54,-0.201993,1.54363
175,1783541321348,14938,0,4,14,9,4,0.0226559,-1.82081,0.447159,0.156644,0.216126,0.583531,84,-0.201993,1.54363
175,1783541321348,14938,0,4,14,9,5,-0.343113,0.342323,0.448621,0.354274,0.159624,0.563458,624,-0.201993,1.54363
175,1783541321348,14938,0,4,14,9,6,-2.45277,-1.11768,0.187015,0.0794196,0.199747,0.690216,36,-0.201993,1.54363
175,1783541321348,14938,0,4,14,9,7,-2.58931,-0.244994,0.97776,0.491642,0.193396,0.77233,108,-0.201993,1.54363
175,1783541321348,14938,0,4,14,9,8,-3.58086,-0.536369,1.72481,0.913734,0.216479,0.790097,197,-0.201993,1.54363
175,1783541321348,14938,0,4,14,9,9,-0.98715,2.34474,0.595104,0.499997,0.155779,0.569205,686,-0.201993,1.54363
175,1783541321348,14938,0,4,14,9,10,-2.70882,1.77946,0.654826,0.307822,0.393436,0.72937,7,-0.201993,1.54363
175,1783541321348,14938,0,4,14,9,11,-1.1188,0.435549,0.621015,0.209853,1.05968,1.64312,7,-0.201993,1.54363
175,1783541321348,14938,0,4,14,9,12,-3.54758,1.75531,0.690906,0.222108,0.395444,0.656451,7,-0.201993,1.54363
175,1783541321348,14938,0,4,14,9,13,0.126643,1.99125,0.501356,0.216277,0.510816,1.3324,6,-0.201993,1.54363
176,1783541321443,14966,0,4,11,9,0,1.94321,0.856131,0.54938,0.475235,0.164627,0.327206,138,-0.223095,1.51293
176,1783541321443,14966,0,4,11,9,1,4.62305,-0.654111,0.713086,0.661746,0.305719,1.26651,102,-0.223095,1.51293
176,1783541321443,14966,0,4,11,9,2,2.17428,-0.534171,1.53806,0.488493,0.17022,0.362983,171,-0.223095,1.51293
176,1783541321443,14966,0,4,11,9,3,1.91601,-1.97772,0.564968,0.32732,0.300321,0.511488,54,-0.223095,1.51293
176,1783541321443,14966,0,4,11,9,4,0.0293499,-1.86137,0.444176,0.242267,0.226386,0.580761,85,-0.223095,1.51293
176,1783541321443,14966,0,4,11,9,5,-0.341956,0.330275,0.462019,0.402502,0.155121,0.561073,684,-0.223095,1.51293
176,1783541321443,14966,0,4,11,9,6,-2.65509,-0.482281,1.47765,0.543735,0.200661,0.773005,151,-0.223095,1.51293
176,1783541321443,14966,0,4,11,9,7,-3.59465,-0.5466,1.70988,0.86158,0.219329,1.41217,199,-0.223095,1.51293
176,1783541321443,14966,0,4,11,9,8,-0.987218,2.34374,0.601159,0.498718,0.155692,0.569592,671,-0.223095,1.51293
176,1783541321443,14966,0,4,11,9,9,-1.94422,1.79078,1.00589,0.834097,0.305747,0.788024,12,-0.223095,1.51293
176,1783541321443,14966,0,4,11,9,10,-0.741552,0.217595,0.790829,0.328515,0.913844,1.52007,8,-0.223095,1.51293
177,1783541321573,14944,0,4,11,9,0,1.92459,0.854001,0.495691,0.462218,0.160129,0.328163,134,-0.246193,1.47934
177,1783541321573,14944,0,4,11,9,1,4.64241,-0.652567,0.701042,0.64597,0.297466,1.26688,104,-0.246193,1.47934
177,1783541321573,14944,0,4,11,9,2,2.16478,-0.534299,1.53124,0.461568,0.171731,0.364309,173,-0.246193,1.47934
177,1783541321573,14944,0,4,11,9,3,1.89503,-1.99446,0.55537,0.363175,0.229967,0.519602,55,-0.246193,1.47934
177,1783541321573,14944,0,4,11,9,4,0.0235161,-1.8529,0.458448,0.248421,0.21563,0.579491,90,-0.246193,1.47934
177,1783541321573,14944,0,4,11,9,5,-0.447943,0.481412,1.39806,0.705916,0.161595,0.686339,734,-0.246193,1.47934
177,1783541321573,14944,0,4,11,9,6,-2.51836,-0.486219,1.46311,0.975537,0.167943,1.57385,165,-0.246193,1.47934
177,1783541321573,14944,0,4,11,9,7,-3.62835,-0.527534,1.65506,0.813583,0.21819,1.05287,192,-0.246193,1.47934
177,1783541321573,14944,0,4,11,9,8,-0.990079,2.32366,0.634448,0.493548,0.155001,0.58307,657,-0.246193,1.47934
177,1783541321573,14944,0,4,11,9,9,-2.22711,1.88958,0.78636,0.130356,0.847838,0.98463,6,-0.246193,1.47934
177,1783541321573,14944,0,4,11,9,10,-1.26111,1.36527,0.560941,0.240612,0.505555,1.3906,8,-0.246193,1.47934
178,1783541321677,14898,0,4,11,9,0,1.91685,0.854092,0.445011,0.447365,0.162372,0.330109,134,-0.271138,1.44305
178,1783541321677,14898,0,4,11,9,1,4.62386,-0.660933,0.725111,0.672113,0.304941,1.26689,102,-0.271138,1.44305
178,1783541321677,14898,0,4,11,9,2,2.17479,-0.53243,1.53637,0.479943,0.171661,0.361986,175,-0.271138,1.44305
178,1783541321677,14898,0,4,11,9,3,1.87205,-1.97316,0.571105,0.380548,0.250114,0.517409,56,-0.271138,1.44305
178,1783541321677,14898,0,4,11,9,4,0.0366974,-1.92772,0.447442,0.384503,0.21874,0.577656,93,-0.271138,1.44305
178,1783541321677,14898,0,4,11,9,5,-0.378239,0.369928,0.520684,0.613771,0.178609,0.561054,748,-0.271138,1.44305
178,1783541321677,14898,0,4,11,9,6,-2.59191,-0.491069,1.48832,0.99409,0.167286,0.775085,171,-0.271138,1.44305
178,1783541321677,14898,0,4,11,9,7,-3.66799,-0.544326,1.66763,0.879665,0.22812,0.797769,168,-0.271138,1.44305
178,1783541321677,14898,0,4,11,9,8,-3.80705,-1.11258,0.267125,0.119681,0.264781,0.723314,22,-0.271138,1.44305
178,1783541321677,14898,0,4,11,9,9,-0.813364,2.23701,0.778424,0.868796,0.157719,1.30765,636,-0.271138,1.44305
178,1783541321677,14898,0,4,11,9,10,-1.7791,-0.367326,0.713956,0.191353,0.560798,1.58535,7,-0.271138,1.44305
179,1783541321765,14898,0,4,14,9,0,1.90917,0.84792,0.528841,0.488075,0.158325,0.326894,135,-0.298101,1.40383
179,1783541321765,14898,0,4,14,9,1,4.6411,-0.658165,0.787967,0.683457,0.300975,1.26701,105,-0.298101,1.40383
179,1783541321765,14898,0,4,14,9,2,2.17772,-0.535418,1.53287,0.486745,0.170729,0.365336,176,-0.298101,1.40383
179,1783541321765,14898,0,4,14,9,3,1.88832,-1.99817,0.598127,0.338245,0.222764,0.523577,58,-0.298101,1.40383
179,1783541321765,14898,0,4,14,9,4,0.0193692,-1.87998,0.426644,0.290621,0.211606,0.574909,97,-0.298101,1.40383
179,1783541321765,14898,0,4,14,9,5,-0.344946,0.0667842,0.600087,0.921483,0.15535,1.581,802,-0.298101,1.40383
179,1783541321765,14898,0,4,14,9,6,-2.70875,-0.450952,1.59262,0.810758,0.179552,0.878674,178,-0.298101,1.40383
179,1783541321765,14898,0,4,14,9,7,-3.53952,-0.699195,1.28627,0.194583,0.728145,0.790491,59,-0.298101,1.40383
179,1783541321765,14898,0,4,14,9,8,-3.84516,-1.08858,0.171796,0.117807,0.269924,0.723619,22,-0.298101,1.40383
179,1783541321765,14898,0,4,14,9,9,-3.72598,0.151708,0.598901,0.338332,0.237892,0.802609,93,-0.298101,1.40383
179,1783541321765,14898,0,4,14,9,10,-0.785473,2.51388,1.09892,0.650113,0.155072,0.686641,633,-0.298101,1.40383
179,1783541321765,14898,0,4,14,9,11,-2.64664,2.3138,0.790965,0.363245,0.432135,0.676591,9,-0.298101,1.40383
179,1783541321765,14898,0,4,14,9,12,-2.16145,1.23515,0.807883,0.173663,1.31263,1.47515,6,-0.298101,1.40383
179,1783541321765,14898,0,4,14,9,13,-3.73809,0.729276,0.557332,0.191043,1.16554,1.43957,6,-0.298101,1.40383
180,1783541321874,14902,0,4,12,9,0,1.89841,0.86402,0.524691,0.490729,0.155786,0.330639,139,-0.314395,1.38013
180,1783541321874,14902,0,4,12,9,1,4.62653,-0.65659,0.735064,0.668106,0.304629,1.26701,100,-0.314395,1.38013
180,1783541321874,14902,0,4,12,9,2,2.17158,-0.530036,1.5276,0.467467,0.170263,0.364663,176,-0.314395,1.38013
180,1783541321874,14902,0,4,12,9,3,1.91168,-1.98126,0.561344,0.334709,0.2205,0.522193,59,-0.314395,1.38013
180,1783541321874,14902,0,4,12,9,4,0.0233472,-1.88319,0.446042,0.316747,0.208745,0.575193,102,-0.314395,1.38013
180,1783541321874,14902,0,4,12,9,5,-0.354806,0.273809,0.418265,0.480094,0.166863,0.564105,810,-0.314395,1.38013
180,1783541321874,14902,0,4,12,9,6,-2.74293,-0.51011,1.50318,0.793903,0.187411,1.51964,186,-0.314395,1.38013
180,1783541321874,14902,0,4,12,9,7,-3.69871,-0.508795,1.60515,0.762977,0.233375,0.800323,164,-0.314395,1.38013
180,1783541321874,14902,0,4,12,9,8,-3.84907,-1.09169,0.180666,0.0657495,0.277725,0.723592,19,-0.314395,1.38013
180,1783541321874,14902,0,4,12,9,9,-0.952983,2.38209,0.672502,0.678066,0.155462,1.22808,605,-0.314395,1.38013
180,1783541321874,14902,0,4,12,9,10,-1.85085,1.51494,0.821278,0.268959,0.272126,0.531281,8,-0.314395,1.38013
180,1783541321874,14902,0,4,12,9,11,-1.84459,1.5487,0.320269,0.296978,1.2346,1.60952,6,-0.314395,1.38013
181,1783541321968,14873,0,4,14,9,0,1.88874,0.850932,0.524605,0.502083,0.155621,0.328267,131,-0.343331,1.33804
181,1783541321968,14873,0,4,14,9,1,4.6486,-0.669965,0.764937,0.711475,0.301758,1.26776,106,-0.343331,1.33804
181,1783541321968,14873,0,4,14,9,2,2.1684,-0.531421,1.51666,0.483684,0.170864,0.363375,178,-0.343331,1.33804
181,1783541321968,14873,0,4,14,9,3,1.87138,-1.99086,0.596633,0.316263,0.227748,0.527,59,-0.343331,1.33804
181,1783541321968,14873,0,4,14,9,4,0.0285245,-1.92678,0.452281,0.367707,0.226657,0.574998,108,-0.343331,1.33804
181,1783541321968,14873,0,4,14,9,5,-0.355021,0.303949,0.447445,0.415206,0.172445,0.561254,829,-0.343331,1.33804
181,1783541321968,14873,0,4,14,9,6,-2.99523,-0.166399,2.00364,1.2956,0.194294,1.32781,290,-0.343331,1.33804
181,1783541321968,14873,0,4,14,9,7,-3.54521,-0.695183,1.0849,0.354207,0.727969,0.863473,51,-0.343331,1.33804
181,1783541321968,14873,0,4,14,9,8,-3.87888,-1.1034,0.14673,0.0945766,0.281835,0.723408,19,-0.343331,1.33804
181,1783541321968,14873,0,4,14,9,9,-1.01244,2.37673,0.575125,0.598194,0.155024,0.565458,591,-0.343331,1.33804
181,1783541321968,14873,0,4,14,9,10,-3.5825,1.68593,0.961732,0.411307,0.365735,1.10951,11,-0.343331,1.33804
181,1783541321968,14873,0,4,14,9,11,-4.62757,1.81668,0.876164,0.47406,0.936125,1.35299,10,-0.343331,1.33804
181,1783541321968,14873,0,4,14,9,12,-5.54356,2.33328,1.00592,0.759233,0.765139,1.10451,13,-0.343331,1.33804
181,1783541321968,14873,0,4,14,9,13,-2.00204,1.44105,0.287929,0.0882324,1.18724,1.37521,6,-0.343331,1.33804
182,1783541322062,14884,0,4,12,9,0,1.8875,0.876722,0.541437,0.47454,0.155043,0.331596,130,-0.361033,1.31636
182,1783541322062,14884,0,4,12,9,1,4.67623,-0.600753,0.821415,0.732776,0.300728,1.26805,109,-0.361033,1.31636
182,1783541322062,14884,0,4,12,9,2,2.21068,-0.501378,1.5169,0.481663,0.169837,0.365114,177,-0.361033,1.31636
182,1783541322062,14884,0,4,12,9,3,1.9197,-1.97376,0.59555,0.342055,0.227305,0.532209,62,-0.361033,1.31636
182,1783541322062,14884,0,4,12,9,4,0.0572264,-1.92111,0.45671,0.413404,0.236226,0.574115,103,-0.361033,1.31636
182,1783541322062,14884,0,4,12,9,5,-0.480776,0.233608,0.736757,0.526488,0.155281,1.56012,857,-0.361033,1.31636
182,1783541322062,14884,0,4,12,9,6,-2.84522,0.307377,3.2284,0.838519,0.201816,1.54644,210,-0.361033,1.31636
182,1783541322062,14884,0,4,12,9,7,-3.77202,-0.822903,1.08774,0.625512,0.279908,1.15447,73,-0.361033,1.31636
182,1783541322062,14884,0,4,12,9,8,-3.72874,0.0881181,0.451319,0.20431,0.253886,0.731287,92,-0.361033,1.31636
182,1783541322062,14884,0,4,12,9,9,-1.01981,2.36811,0.58797,0.587822,0.156922,1.3027,593,-0.361033,1.31636
182,1783541322062,14884,0,4,12,9,10,-4.09279,0.972197,0.254555,0.23543,1.31557,1.42098,6,-0.361033,1.31636
182,1783541322062,14884,0,4,12,9,11,-0.11489,-0.470784,0.725679,0.350408,1.25861,1.59146,9,-0.361033,1.31636
183,1783541322171,14949,0,4,10,9,0,1.88208,0.881706,0.501266,0.432105,0.157142,0.341315,136,-0.389004,1.3024
183,1783541322171,14949,0,4,10,9,1,4.67596,-0.592762,0.852649,0.730626,0.300363,1.2674,109,-0.389004,1.3024
183,1783541322171,14949,0,4,10,9,2,2.21028,-0.48922,1.52043,0.494637,0.170886,0.366112,181,-0.389004,1.3024
183,1783541322171,14949,0,4,10,9,3,1.93985,-1.96443,0.58847,0.336159,0.228217,0.532255,63,-0.389004,1.3024
183,1783541322171,14949,0,4,10,9,4,0.0694662,-1.97966,0.469455,0.502746,0.238635,0.577761,104,-0.389004,1.3024
183,1783541322171,14949,0,4,10,9,5,-0.33502,0.275777,0.562184,0.526896,0.155112,0.564648,898,-0.389004,1.3024
183,1783541322171,14949,0,4,10,9,6,-2.80271,-0.53432,1.49722,0.970628,0.209805,0.771166,194,-0.389004,1.3024
183,1783541322171,14949,0,4,10,9,7,-3.69263,-0.587209,1.62029,0.592212,0.258229,1.28784,148,-0.389004,1.3024
183,1783541322171,14949,0,4,10,9,8,-0.928959,2.24889,0.580868,0.864013,0.157923,1.44987,615,-0.389004,1.3024
183,1783541322171,14949,0,4,10,9,9,-1.6205,0.948501,0.672903,0.398296,0.456326,1.49641,9,-0.389004,1.3024
184,1783541322259,15016,0,4,12,9,0,1.90701,0.906315,0.535368,0.490641,0.158641,0.338004,139,-0.419944,1.29653
184,1783541322259,15016,0,4,12,9,1,4.67906,-0.531121,0.736979,0.678299,0.307321,1.26613,102,-0.419944,1.29653
184,1783541322259,15016,0,4,12,9,2,2.22682,-0.448824,1.50428,0.502293,0.170369,0.37243,175,-0.419944,1.29653
184,1783541322259,15016,0,4,12,9,3,1.97912,-1.93262,0.575084,0.345229,0.234888,0.537318,65,-0.419944,1.29653
184,1783541322259,15016,0,4,12,9,4,0.101258,-1.77729,0.440017,0.0834591,0.250551,0.511356,92,-0.419944,1.29653
184,1783541322259,15016,0,4,12,9,5,0.129562,-2.11118,0.379234,0.05,0.576098,0.580354,12,-0.419944,1.29653
184,1783541322259,15016,0,4,12,9,6,-0.338193,0.259725,0.434738,0.506621,0.156247,0.720018,884,-0.419944,1.29653
184,1783541322259,15016,0,4,12,9,7,-2.69022,-0.538388,1.49048,0.752594,0.178988,0.768492,189,-0.419944,1.29653
184,1783541322259,15016,0,4,12,9,8,-3.80106,-0.83688,1.40194,0.408743,0.291817,0.788172,61,-0.419944,1.29653
184,1783541322259,15016,0,4,12,9,9,-3.82546,0.0784982,0.189273,0.0689305,0.261517,0.728538,32,-0.419944,1.29653
184,1783541322259,15016,0,4,12,9,10,-1.08225,2.35673,1.15291,0.6309,0.156313,0.816055,657,-0.419944,1.29653
184,1783541322259,15016,0,4,12,9,11,-2.20808,2.24063,0.940375,0.186595,1.20661,1.60085,10,-0.419944,1.29653
185,1783541322377,15052,0,4,11,9,0,1.90868,0.863941,0.459254,0.449077,0.156722,0.336085,146,-0.443651,1.2884
185,1783541322377,15052,0,4,11,9,1,4.63299,-0.64233,0.581353,0.650445,0.308251,1.26623,104,-0.443651,1.2884
185,1783541322377,15052,0,4,11,9,2,2.17484,-0.508389,1.51451,0.437983,0.170332,0.382824,180,-0.443651,1.2884
185,1783541322377,15052,0,4,11,9,3,1.91387,-1.96557,0.547808,0.319136,0.253351,0.541055,63,-0.443651,1.2884
185,1783541322377,15052,0,4,11,9,4,0.0401023,-1.94498,0.552917,0.523456,0.212252,0.58362,107,-0.443651,1.2884
185,1783541322377,15052,0,4,11,9,5,-0.704357,0.108635,1.09571,1.37679,0.1574,0.600459,894,-0.443651,1.2884
185,1783541322377,15052,0,4,11,9,6,-2.83597,-0.491871,1.51648,1.02805,0.17942,0.766772,194,-0.443651,1.2884
185,1783541322377,15052,0,4,11,9,7,-3.95805,-0.862207,1.30315,0.522336,0.29144,1.20933,73,-0.443651,1.2884
185,1783541322377,15052,0,4,11,9,8,-3.84445,0.171184,0.142763,0.100088,0.263152,0.680967,32,-0.443651,1.2884
185,1783541322377,15052,0,4,11,9,9,-0.977595,2.36503,0.636523,0.523214,0.157366,1.12336,684,-0.443651,1.2884
185,1783541322377,15052,0,4,11,9,10,-1.92457,2.08367,0.754229,0.159562,0.765516,0.939508,7,-0.443651,1.2884
186,1783541322443,15078,0,4,14,9,0,1.86933,0.823037,0.449159,0.488278,0.155648,0.339677,141,-0.480237,1.28644
186,1783541322443,15078,0,4,14,9,1,4.6023,-0.674668,0.801399,0.73027,0.308961,1.26583,97,-0.480237,1.28644
186,1783541322443,15078,0,4,14,9,2,2.15175,-0.540547,1.52672,0.489408,0.171069,0.376922,201,-0.480237,1.28644
186,1783541322443,15078,0,4,14,9,3,1.85955,-2.00183,0.578814,0.319165,0.24891,0.542598,64,-0.480237,1.28644
186,1783541322443,15078,0,4,14,9,4,0.00599677,-1.78779,0.453684,0.0942222,0.250973,0.522691,92,-0.480237,1.28644
186,1783541322443,15078,0,4,14,9,5,0.0384159,-2.14965,0.374411,0.05,0.581828,0.584347,11,-0.480237,1.28644
186,1783541322443,15078,0,4,14,9,6,-0.528325,0.245072,1.63656,1.00273,0.155852,1.56177,884,-0.480237,1.28644
186,1783541322443,15078,0,4,14,9,7,-2.7441,-0.407192,1.63728,0.723405,0.175891,1.56052,123,-0.480237,1.28644
186,1783541322443,15078,0,4,14,9,8,-3.88522,-0.780717,1.10493,0.346107,0.300112,1.2355,60,-0.480237,1.28644
186,1783541322443,15078,0,4,14,9,9,-2.47363,0.187119,0.153573,0.131308,0.156302,0.726686,90,-0.480237,1.28644
186,1783541322443,15078,0,4,14,9,10,-3.87176,0.22549,0.178453,0.115405,0.264408,0.721266,40,-0.480237,1.28644
186,1783541322443,15078,0,4,14,9,11,-0.996112,2.344,0.593463,0.517664,0.15634,0.564266,704,-0.480237,1.28644
186,1783541322443,15078,0,4,14,9,12,-1.35588,2.10496,0.765188,0.0830461,1.46159,1.62611,7,-0.480237,1.28644
186,1783541322443,15078,0,4,14,9,13,-1.68924,3.24511,0.741576,0.231284,1.17169,1.5688,9,-0.480237,1.28644
187,1783541322574,15057,0,4,13,9,0,1.90467,0.8386,0.499609,0.439573,0.16285,0.338815,108,-0.517872,1.2906
187,1783541322574,15057,0,4,13,9,1,4.63704,-0.671259,0.687478,0.66686,0.304669,1.26622,104,-0.517872,1.2906
187,1783541322574,15057,0,4,13,9,2,2.16489,-0.537844,1.54931,0.50656,0.170881,0.380935,200,-0.517872,1.2906
187,1783541322574,15057,0,4,13,9,3,1.86048,-1.99883,0.577849,0.354368,0.2394,0.54705,67,-0.517872,1.2906
187,1783541322574,15057,0,4,13,9,4,-0.0444093,-1.92847,0.563014,0.477353,0.235914,0.945157,104,-0.517872,1.2906
187,1783541322574,15057,0,4,13,9,5,-0.370206,0.00391766,1.03168,0.513964,0.157561,1.35723,845,-0.517872,1.2906
187,1783541322574,15057,0,4,13,9,6,-2.86422,-0.433999,1.69217,0.527349,0.198124,0.770639,114,-0.517872,1.2906
187,1783541322574,15057,0,4,13,9,7,-3.92423,-0.782892,0.929505,0.312204,0.301388,1.24784,54,-0.517872,1.2906
187,1783541322574,15057,0,4,13,9,8,-2.47696,0.165283,0.186816,0.141818,0.156302,0.731714,94,-0.517872,1.2906
187,1783541322574,15057,0,4,13,9,9,-3.85562,0.202026,0.143247,0.0673007,0.200064,0.685543,28,-0.517872,1.2906
187,1783541322574,15057,0,4,13,9,10,-0.989986,2.3462,0.589831,0.501653,0.155475,0.563574,732,-0.517872,1.2906
187,1783541322574,15057,0,4,13,9,11,-3.69966,2.81656,1.24509,0.0530474,0.579515,1.51058,11,-0.517872,1.2906
187,1783541322574,15057,0,4,13,9,12,-0.980918,1.75875,0.835107,0.288829,1.49259,1.67833,8,-0.517872,1.2906
188,1783541322667,15027,0,4,10,9,0,1.88484,0.84689,0.470963,0.330392,0.161559,0.341876,105,-0.538702,1.28578
188,1783541322667,15027,0,4,10,9,1,4.61905,-0.654956,0.734606,0.709965,0.30277,1.26644,106,-0.538702,1.28578
188,1783541322667,15027,0,4,10,9,2,2.1488,-0.558467,1.57603,0.498625,0.169974,0.379979,199,-0.538702,1.28578
188,1783541322667,15027,0,4,10,9,3,1.86603,-2.00859,0.605792,0.352653,0.245207,0.545583,66,-0.538702,1.28578
188,1783541322667,15027,0,4,10,9,4,-0.0836808,-1.83035,0.536811,0.648791,0.211877,1.08973,105,-0.538702,1.28578
188,1783541322667,15027,0,4,10,9,5,-0.426723,0.0767551,0.838123,0.57084,0.156746,1.42633,834,-0.538702,1.28578
188,1783541322667,15027,0,4,10,9,6,-2.86812,-0.482126,1.51426,1.00722,0.156306,0.769314,219,-0.538702,1.28578
188,1783541322667,15027,0,4,10,9,7,-3.90846,-0.796057,0.781501,0.22843,0.310617,1.23487,47,-0.538702,1.28578
188,1783541322667,15027,0,4,10,9,8,-3.86457,0.219348,0.119195,0.0812685,0.200043,0.687734,31,-0.538702,1.28578
188,1783541322667,15027,0,4,10,9,9,-0.995166,2.34776,0.582088,0.504814,0.155227,0.562407,729,-0.538702,1.28578
189,1783541322763,15042,0,4,11,9,0,1.88217,0.84365,0.475462,0.384976,0.156492,0.346008,103,-0.556668,1.28034
189,1783541322763,15042,0,4,11,9,1,4.60436,-0.668902,0.688865,0.667635,0.305948,1.26692,103,-0.556668,1.28034
189,1783541322763,15042,0,4,11,9,2,2.14206,-0.550049,1.57694,0.521472,0.170707,0.378465,201,-0.556668,1.28034
189,1783541322763,15042,0,4,11,9,3,1.85477,-1.99836,0.574702,0.316115,0.238043,0.545113,62,-0.556668,1.28034
189,1783541322763,15042,0,4,11,9,4,-0.0173662,-1.907,0.528279,0.460839,0.218502,0.589616,103,-0.556668,1.28034
189,1783541322763,15042,0,4,11,9,5,-0.2834,0.0281812,1.05954,0.503452,0.155019,1.60262,841,-0.556668,1.28034
189,1783541322763,15042,0,4,11,9,6,-2.89795,-0.476935,1.52535,1.08862,0.155053,0.769009,222,-0.556668,1.28034
189,1783541322763,15042,0,4,11,9,7,-3.90619,-0.823798,0.721577,0.234476,0.314182,0.787338,44,-0.556668,1.28034
189,1783541322763,15042,0,4,11,9,8,-3.86018,0.219466,0.118961,0.0841801,0.201903,0.691947,31,-0.556668,1.28034
189,1783541322763,15042,0,4,11,9,9,-1.00218,2.35354,0.576343,0.523774,0.155144,1.31383,731,-0.556668,1.28034
189,1783541322763,15042,0,4,11,9,10,-2.19015,0.605307,0.990567,0.0534078,0.806121,1.55972,8,-0.556668,1.28034
190,1783541322859,15063,0,4,12,9,0,1.86683,0.846932,0.468525,0.296519,0.196918,0.340264,103,-0.577704,1.27398
190,1783541322859,15063,0,4,12,9,1,4.60678,-0.664021,0.62751,0.664239,0.295952,1.26764,97,-0.577704,1.27398
190,1783541322859,15063,0,4,12,9,2,2.18907,-0.529633,1.52377,0.441585,0.18918,0.379608,192,-0.577704,1.27398
190,1783541322859,15063,0,4,12,9,3,1.86036,-1.99033,0.571617,0.315279,0.232882,0.545014,62,-0.577704,1.27398
190,1783541322859,15063,0,4,12,9,4,-0.00766615,-1.90922,0.516515,0.456635,0.214753,0.589563,99,-0.577704,1.27398
190,1783541322859,15063,0,4,12,9,5,-0.363425,0.274165,0.515962,0.480757,0.157267,0.56206,831,-0.577704,1.27398
190,1783541322859,15063,0,4,12,9,6,-2.87572,-0.431413,1.74016,0.571829,0.170076,0.769652,130,-0.577704,1.27398
190,1783541322859,15063,0,4,12,9,7,-3.91654,-0.820977,0.715049,0.249142,0.316111,0.788851,44,-0.577704,1.27398
190,1783541322859,15063,0,4,12,9,8,-2.48144,0.176117,0.160186,0.160183,0.167372,0.741807,100,-0.577704,1.27398
190,1783541322859,15063,0,4,12,9,9,-3.85492,0.222161,0.116405,0.0851765,0.205977,0.691715,31,-0.577704,1.27398
190,1783541322859,15063,0,4,12,9,10,-0.992047,2.3565,0.579649,0.528902,0.1555,0.563866,720,-0.577704,1.27398
190,1783541322859,15063,0,4,12,9,11,-1.88027,2.58889,1.07923,0.202569,1.29514,1.57852,9,-0.577704,1.27398
191,1783541322955,14959,0,4,11,9,0,1.84531,0.860449,0.45561,0.219781,0.198132,0.337262,103,-0.622364,1.26049
191,1783541322955,14959,0,4,11,9,1,4.60619,-0.65881,0.601588,0.652138,0.297153,1.26884,104,-0.622364,1.26049
191,1783541322955,14959,0,4,11,9,2,2.19298,-0.526379,1.51926,0.465698,0.182375,0.379813,196,-0.622364,1.26049
191,1783541322955,14959,0,4,11,9,3,1.87866,-1.99184,0.566301,0.342381,0.253788,0.542026,61,-0.622364,1.26049
191,1783541322955,14959,0,4,11,9,4,-0.367039,0.263763,0.584633,0.521463,0.155282,0.563494,801,-0.622364,1.26049
191,1783541322955,14959,0,4,11,9,5,0.0114571,-1.91213,0.52312,0.469336,0.218999,0.590165,103,-0.622364,1.26049
191,1783541322955,14959,0,4,11,9,6,-2.9694,-0.274467,2.04164,0.724736,0.17643,0.771725,169,-0.622364,1.26049
191,1783541322955,14959,0,4,11,9,7,-3.90689,-0.945482,0.493427,0.142087,0.318132,0.78713,38,-0.622364,1.26049
191,1783541322955,14959,0,4,11,9,8,-2.48725,0.148452,0.263317,0.230084,0.182325,0.747683,104,-0.622364,1.26049
191,1783541322955,14959,0,4,11,9,9,-0.991289,2.36728,0.579033,0.534391,0.157212,0.565623,698,-0.622364,1.26049
191,1783541322955,14959,0,4,11,9,10,-0.250213,2.64328,0.609922,0.089007,1.41556,1.52873,8,-0.622364,1.26049
192,1783541323054,14903,0,4,11,9,0,1.96727,0.831864,0.424766,0.433325,0.189513,0.343654,100,-0.669732,1.24617
192,1783541323054,14903,0,4,11,9,1,4.61863,-0.650307,0.664591,0.686953,0.316304,1.27041,97,-0.669732,1.24617
192,1783541323054,14903,0,4,11,9,2,2.18289,-0.54012,1.54135,0.466354,0.182886,0.377792,195,-0.669732,1.24617
192,1783541323054,14903,0,4,11,9,3,1.84671,-2.00937,0.601923,0.318484,0.251324,0.542915,64,-0.669732,1.24617
192,1783541323054,14903,0,4,11,9,4,-0.369458,0.255968,0.526051,0.477791,0.156259,0.565214,793,-0.669732,1.24617
192,1783541323054,14903,0,4,11,9,5,0.0145255,-1.92857,0.508078,0.438876,0.221378,0.589328,102,-0.669732,1.24617
192,1783541323054,14903,0,4,11,9,6,-3.03086,-0.322252,2.04056,0.528276,0.220229,0.77882,160,-0.669732,1.24617
192,1783541323054,14903,0,4,11,9,7,-3.92295,-1.01705,0.328677,0.118626,0.321879,0.786963,29,-0.669732,1.24617
192,1783541323054,14903,0,4,11,9,8,-2.51861,0.0573755,0.389031,0.261857,0.195888,0.754459,113,-0.669732,1.24617
192,1783541323054,14903,0,4,11,9,9,-1.00408,2.36701,0.57912,0.544479,0.155466,0.564076,691,-0.669732,1.24617
192,1783541323054,14903,0,4,11,9,10,-2.10809,2.80919,1.45376,0.05,0.505902,1.50058,17,-0.669732,1.24617
193,1783541323154,14890,0,4,12,9,0,1.95452,0.838058,0.527889,0.544718,0.169852,0.351572,115,-0.719877,1.23102
193,1783541323154,14890,0,4,12,9,1,4.6005,-0.661841,0.628248,0.667195,0.308392,1.27149,97,-0.719877,1.23102
193,1783541323154,14890,0,4,12,9,2,2.19196,-0.535361,1.53473,0.46843,0.181941,0.380708,189,-0.719877,1.23102
193,1783541323154,14890,0,4,12,9,3,1.85207,-1.99338,0.599996,0.323866,0.248866,0.539132,62,-0.719877,1.23102
193,1783541323154,14890,0,4,12,9,4,-0.390162,0.284964,0.568727,0.530219,0.155658,0.567586,782,-0.719877,1.23102
193,1783541323154,14890,0,4,12,9,5,-0.00504273,-1.87397,0.497535,0.329983,0.21819,0.539162,102,-0.719877,1.23102
193,1783541323154,14890,0,4,12,9,6,-3.04224,-0.344314,2.06067,0.489237,0.180229,0.774943,169,-0.719877,1.23102
193,1783541323154,14890,0,4,12,9,7,-2.54947,-0.0376442,0.57659,0.323494,0.155515,0.761388,135,-0.719877,1.23102
193,1783541323154,14890,0,4,12,9,8,-3.88154,-1.08216,0.207539,0.0942717,0.326962,0.786294,22,-0.719877,1.23102
193,1783541323154,14890,0,4,12,9,9,-1.01061,2.37306,0.567486,0.560324,0.15653,0.56368,676,-0.719877,1.23102
193,1783541323154,14890,0,4,12,9,10,-2.15887,2.82556,1.41153,0.140991,0.70028,1.55241,14,-0.719877,1.23102
193,1783541323154,14890,0,4,12,9,11,-0.263198,2.45306,0.493154,0.162659,1.43933,1.66508,6,-0.719877,1.23102
194,1783541323248,14851,0,4,11,9,0,1.93355,0.830529,0.400036,0.434132,0.163078,0.34745,110,-0.769088,1.21615
194,1783541323248,14851,0,4,11,9,1,4.59768,-0.645427,0.647484,0.663664,0.303306,1.27258,92,-0.769088,1.21615
194,1783541323248,14851,0,4,11,9,2,2.17849,-0.527929,1.52527,0.42658,0.184792,0.379173,176,-0.769088,1.21615
194,1783541323248,14851,0,4,11,9,3,1.84617,-1.99303,0.566757,0.30454,0.245162,0.536502,59,-0.769088,1.21615
194,1783541323248,14851,0,4,11,9,4,-0.382375,0.296369,0.533745,0.534092,0.155076,0.565195,776,-0.769088,1.21615
194,1783541323248,14851,0,4,11,9,5,0.000438523,-1.87999,0.521507,0.335055,0.216649,0.54117,102,-0.769088,1.21615
194,1783541323248,14851,0,4,11,9,6,-3.05984,-0.35903,2.04782,0.46228,0.168548,0.771752,177,-0.769088,1.21615
194,1783541323248,14851,0,4,11,9,7,-2.57121,-0.0487655,0.604909,0.387844,0.155535,0.766979,150,-0.769088,1.21615
194,1783541323248,14851,0,4,11,9,8,-3.89079,-1.09401,0.161899,0.10385,0.215217,0.527178,16,-0.769088,1.21615
194,1783541323248,14851,0,4,11,9,9,-1.003,2.37791,0.573065,0.563105,0.158675,0.563856,658,-0.769088,1.21615
194,1783541323248,14851,0,4,11,9,10,-2.2379,2.86389,1.14504,0.165955,0.798026,1.42194,11,-0.769088,1.21615
195,1783541323352,14794,0,4,11,9,0,1.89289,0.842331,0.459463,0.486124,0.183292,0.340325,97,-0.825336,1.19916
195,1783541323352,14794,0,4,11,9,1,4.59966,-0.662688,0.676488,0.69616,0.297515,1.27407,88,-0.825336,1.19916
195,1783541323352,14794,0,4,11,9,2,2.17402,-0.533425,1.5317,0.420529,0.182629,0.380877,172,-0.825336,1.19916
195,1783541323352,14794,0,4,11,9,3,1.85558,-1.98379,0.563256,0.286731,0.246174,0.533289,57,-0.825336,1.19916
195,1783541323352,14794,0,4,11,9,4,-0.357797,0.32932,0.665613,0.5426,0.155419,0.731776,769,-0.825336,1.19916
195,1783541323352,14794,0,4,11,9,5,-0.0162268,-1.89739,0.541333,0.393534,0.212113,0.541475,104,-0.825336,1.19916
195,1783541323352,14794,0,4,11,9,6,-3.08138,-0.36586,2.04079,0.434406,0.181347,0.77004,180,-0.825336,1.19916
195,1783541323352,14794,0,4,11,9,7,-2.56719,0.0040426,0.658921,0.449853,0.157175,0.774406,166,-0.825336,1.19916
195,1783541323352,14794,0,4,11,9,8,-3.89275,-1.07184,0.154525,0.0919283,0.219332,0.529587,19,-0.825336,1.19916
195,1783541323352,14794,0,4,11,9,9,-1.01732,2.38095,0.529794,0.541423,0.158957,0.565487,632,-0.825336,1.19916
195,1783541323352,14794,0,4,11,9,10,-2.18408,2.55869,0.751277,0.18112,0.73668,1.4197,9,-0.825336,1.19916
196,1783541323482,14703,0,4,11,9,0,1.84191,0.856412,0.434092,0.317309,0.178496,0.33991,94,-0.876544,1.18368
196,1783541323482,14703,0,4,11,9,1,4.6006,-0.679638,0.691195,0.750781,0.314196,1.27604,85,-0.876544,1.18368
196,1783541323482,14703,0,4,11,9,2,2.16337,-0.538688,1.55873,0.4364,0.195534,0.381624,164,-0.876544,1.18368
196,1783541323482,14703,0,4,11,9,3,1.87278,-1.99902,0.570374,0.346146,0.241653,0.531386,61,-0.876544,1.18368
196,1783541323482,14703,0,4,11,9,4,-0.388445,0.278204,0.542799,0.518665,0.155536,0.564619,748,-0.876544,1.18368
196,1783541323482,14703,0,4,11,9,5,-0.00286462,-1.89793,0.49704,0.403858,0.226373,0.546059,104,-0.876544,1.18368
196,1783541323482,14703,0,4,11,9,6,-3.03009,-0.321332,2.03606,0.562016,0.171614,0.772519,186,-0.876544,1.18368
196,1783541323482,14703,0,4,11,9,7,-2.60099,-0.0884489,0.763321,0.515325,0.158777,0.776304,181,-0.876544,1.18368
196,1783541323482,14703,0,4,11,9,8,-3.87838,-1.07366,0.148008,0.0788765,0.233154,0.532324,18,-0.876544,1.18368
196,1783541323482,14703,0,4,11,9,9,-1.0309,2.37938,0.444805,0.450446,0.156925,0.571181,602,-0.876544,1.18368
196,1783541323482,14703,0,4,11,9,10,-2.32216,2.68495,0.857111,0.177246,0.84666,1.36761,9,-0.876544,1.18368
197,1783541323578,14661,0,4,11,9,0,1.82687,0.852696,0.435506,0.262791,0.184028,0.341485,90,-0.91172,1.17305
197,1783541323578,14661,0,4,11,9,1,4.62622,-0.67016,0.540199,0.649268,0.315524,1.27736,84,-0.91172,1.17305
197,1783541323578,14661,0,4,11,9,2,2.15379,-0.519022,1.51604,0.432144,0.196146,0.382406,158,-0.91172,1.17305
197,1783541323578,14661,0,4,11,9,3,1.89136,-2.03801,0.55319,0.398947,0.24446,0.626785,59,-0.91172,1.17305
197,1783541323578,14661,0,4,11,9,4,-0.398979,0.257767,0.574665,0.512739,0.155033,0.567152,731,-0.91172,1.17305
197,1783541323578,14661,0,4,11,9,5,-0.0136995,-1.87406,0.525544,0.337869,0.217963,0.544407,106,-0.91172,1.17305
197,1783541323578,14661,0,4,11,9,6,-3.1197,-0.395557,2.02768,0.315566,0.171169,0.777592,178,-0.91172,1.17305
197,1783541323578,14661,0,4,11,9,7,-2.65514,-0.184676,0.893078,0.578858,0.156618,0.772832,187,-0.91172,1.17305
197,1783541323578,14661,0,4,11,9,8,-3.90133,-1.08496,0.170253,0.119153,0.23693,0.533535,20,-0.91172,1.17305
197,1783541323578,14661,0,4,11,9,9,-1.03605,2.38156,0.455165,0.463741,0.155597,0.570976,587,-0.91172,1.17305
197,1783541323578,14661,0,4,11,9,10,-0.66669,3.41947,0.423569,0.201576,0.977677,1.52316,8,-0.91172,1.17305
198,1783541323647,14640,0,4,11,9,0,1.80969,0.85807,0.435377,0.231941,0.171087,0.343654,89,-0.986908,1.15034
198,1783541323647,14640,0,4,11,9,1,4.61409,-0.681794,0.595291,0.689032,0.309966,1.27874,81,-0.986908,1.15034
198,1783541323647,14640,0,4,11,9,2,2.1806,-0.555889,1.57416,0.519755,0.199794,0.446655,165,-0.986908,1.15034
198,1783541323647,14640,0,4,11,9,3,1.84864,-2.00406,0.622025,0.319143,0.239146,0.525636,57,-0.986908,1.15034
198,1783541323647,14640,0,4,11,9,4,-0.402349,0.275448,0.543956,0.512578,0.155999,0.568469,709,-0.986908,1.15034
198,1783541323647,14640,0,4,11,9,5,-0.0386525,-1.83358,0.550333,0.488959,0.220103,0.680836,110,-0.986908,1.15034
198,1783541323647,14640,0,4,11,9,6,-3.12482,-0.412543,2.05399,0.298245,0.175302,0.773506,194,-0.986908,1.15034
198,1783541323647,14640,0,4,11,9,7,-2.69287,-0.17395,0.871617,0.637292,0.155055,0.773756,194,-0.986908,1.15034
198,1783541323647,14640,0,4,11,9,8,-3.88847,-1.08804,0.184748,0.0754071,0.246443,0.536919,21,-0.986908,1.15034
198,1783541323647,14640,0,4,11,9,9,-1.03151,2.37821,0.450707,0.475467,0.155941,0.567471,573,-0.986908,1.15034
198,1783541323647,14640,0,4,11,9,10,-2.44508,1.35455,1.31305,0.161703,1.1914,1.55042,14,-0.986908,1.15034
199,1783541323739,14586,0,4,10,9,0,1.915,0.823434,0.54476,0.482395,0.170225,0.35506,63,-1.03676,1.13527
199,1783541323739,14586,0,4,10,9,1,4.60485,-0.659617,0.676103,0.7339,0.306885,1.28118,83,-1.03676,1.13527
199,1783541323739,14586,0,4,10,9,2,2.13658,-0.522221,1.52275,0.428639,0.200234,0.384827,155,-1.03676,1.13527
199,1783541323739,14586,0,4,10,9,3,1.86763,-1.99718,0.621293,0.338653,0.282816,0.522396,58,-1.03676,1.13527
199,1783541323739,14586,0,4,10,9,4,-0.372443,0.256724,0.53867,0.549486,0.156297,0.567647,690,-1.03676,1.13527
199,1783541323739,14586,0,4,10,9,5,-0.0464295,-1.81719,0.543636,0.485157,0.21463,0.681758,108,-1.03676,1.13527
199,1783541323739,14586,0,4,10,9,6,-3.29174,-0.366944,2.37965,0.454421,0.183731,1.26095,195,-1.03676,1.13527
199,1783541323739,14586,0,4,10,9,7,-2.70708,-0.150016,0.860467,0.660857,0.172521,0.772303,199,-1.03676,1.13527
199,1783541323739,14586,0,4,10,9,8,-3.89823,-1.08644,0.157316,0.0930391,0.260184,0.539636,19,-1.03676,1.13527
199,1783541323739,14586,0,4,10,9,9,-1.02347,2.38191,0.444103,0.478966,0.155222,0.565931,537,-1.03676,1.13527
200,1783541323843,14520,0,4,13,9,0,1.7804,0.881735,0.402262,0.087062,0.238778,0.345904,46,-1.09292,1.1183
200,1783541323843,14520,0,4,13,9,1,2.11628,0.808176,0.351703,0.05,0.348672,0.35797,16,-1.09292,1.1183
200,1783541323843,14520,0,4,13,9,2,4.61397,-0.685641,0.593523,0.701458,0.296151,1.2815,85,-1.09292,1.1183
200,1783541323843,14520,0,4,13,9,3,2.17075,-0.531433,1.52059,0.487298,0.195614,0.399466,160,-1.09292,1.1183
200,1783541323843,14520,0,4,13,9,4,1.85293,-1.99562,0.588662,0.322089,0.282445,0.519589,55,-1.09292,1.1183
200,1783541323843,14520,0,4,13,9,5,-0.380353,0.253621,0.51548,0.511722,0.156592,0.566238,664,-1.09292,1.1183
200,1783541323843,14520,0,4,13,9,6,-0.0354258,-1.80226,0.530493,0.475379,0.225506,0.68208,109,-1.09292,1.1183
200,1783541323843,14520,0,4,13,9,7,-3.18164,-0.463315,2.04653,0.286791,0.185688,0.771891,195,-1.09292,1.1183
200,1783541323843,14520,0,4,13,9,8,-2.71623,-0.224477,1.04282,0.72679,0.15776,0.777096,234,-1.09292,1.1183
200,1783541323843,14520,0,4,13,9,9,-3.88492,-1.08763,0.156427,0.0917763,0.270118,0.541711,18,-1.09292,1.1183
200,1783541323843,14520,0,4,13,9,10,-2.88402,-0.251172,0.0878058,0.0583103,0.157637,0.264377,8,-1.09292,1.1183
200,1783541323843,14520,0,4,13,9,11,-0.95543,2.33808,0.598613,0.629268,0.156968,1.1703,498,-1.09292,1.1183
200,1783541323843,14520,0,4,13,9,12,-0.715973,3.19037,0.610449,0.181636,1.43483,1.60732,7,-1.09292,1.1183
201,1783541323973,14465,0,4,9,9,0,1.97075,0.809593,0.570259,0.46126,0.211207,0.355269,68,-1.14516,1.10252
201,1783541323973,14465,0,4,9,9,1,4.62205,-0.676796,0.754871,0.745302,0.296096,1.28245,84,-1.14516,1.10252
201,1783541323973,14465,0,4,9,9,2,2.16323,-0.535584,1.5228,0.444151,0.194854,0.398496,152,-1.14516,1.10252
201,1783541323973,14465,0,4,9,9,3,1.84356,-2.00392,0.619831,0.325369,0.275952,0.518315,59,-1.14516,1.10252
201,1783541323973,14465,0,4,9,9,4,-0.225065,0.189382,0.54695,0.87941,0.155094,0.566484,640,-1.14516,1.10252
201,1783541323973,14465,0,4,9,9,5,-0.0627561,-1.81467,0.549843,0.472244,0.213516,0.684067,113,-1.14516,1.10252
201,1783541323973,14465,0,4,9,9,6,-2.84221,-0.229539,2.03212,1.24425,0.15684,0.774672,453,-1.14516,1.10252
201,1783541323973,14465,0,4,9,9,7,-3.88361,-1.09465,0.167195,0.0888019,0.202874,0.545631,24,-1.14516,1.10252
201,1783541323973,14465,0,4,9,9,8,-0.943555,2.43174,0.589823,0.725725,0.182326,0.577273,497,-1.14516,1.10252
202,1783541324067,14489,0,4,12,9,0,1.89912,0.844291,0.448437,0.450163,0.208609,0.356073,65,-1.19157,1.0885
202,1783541324067,14489,0,4,12,9,1,4.57774,-0.6711,0.694166,0.735101,0.308224,1.28419,78,-1.19157,1.0885
202,1783541324067,14489,0,4,12,9,2,2.15156,-0.530676,1.52037,0.41292,0.195725,0.405304,144,-1.19157,1.0885
202,1783541324067,14489,0,4,12,9,3,1.91219,-2.06393,0.587257,0.488454,0.276217,0.62119,58,-1.19157,1.0885
202,1783541324067,14489,0,4,12,9,4,-0.372479,0.275851,0.592878,0.552385,0.156817,0.711109,622,-1.19157,1.0885
202,1783541324067,14489,0,4,12,9,5,-0.0721495,-1.81283,0.550642,0.488914,0.213691,0.686633,113,-1.19157,1.0885
202,1783541324067,14489,0,4,12,9,6,-3.20465,-0.49598,2.07649,0.384177,0.172157,1.17727,216,-1.19157,1.0885
202,1783541324067,14489,0,4,12,9,7,-2.85989,-0.186022,0.960702,0.954201,0.159907,1.55044,281,-1.19157,1.0885
202,1783541324067,14489,0,4,12,9,8,-3.89397,-1.10029,0.175441,0.115693,0.200001,0.54734,24,-1.19157,1.0885
202,1783541324067,14489,0,4,12,9,9,-1.01658,2.3796,0.546616,0.504535,0.171995,0.56991,497,-1.19157,1.0885
202,1783541324067,14489,0,4,12,9,10,-5.43687,2.11932,0.410504,0.278791,0.528072,0.764099,6,-1.19157,1.0885
202,1783541324067,14489,0,4,12,9,11,-4.74261,1.40503,0.739128,0.246734,0.564322,1.45698,7,-1.19157,1.0885
203,1783541324138,14461,0,4,9,9,0,1.85849,0.86108,0.47627,0.360231,0.19832,0.356004,65,-1.22376,1.07877
203,1783541324138,14461,0,4,9,9,1,4.59663,-0.670303,0.652279,0.655902,0.30323,1.28479,74,-1.22376,1.07877
203,1783541324138,14461,0,4,9,9,2,2.18111,-0.541586,1.5382,0.460347,0.197701,0.404085,140,-1.22376,1.07877
203,1783541324138,14461,0,4,9,9,3,-0.389608,0.268594,0.562984,0.54271,0.155166,0.567437,599,-1.22376,1.07877
203,1783541324138,14461,0,4,9,9,4,1.91407,-2.06064,0.584493,0.461461,0.273854,0.620408,60,-1.22376,1.07877
203,1783541324138,14461,0,4,9,9,5,-0.00849963,-1.88352,0.526167,0.369773,0.221909,0.550547,111,-1.22376,1.07877
203,1783541324138,14461,0,4,9,9,6,-2.89775,-0.19015,2.03817,1.30268,0.1673,0.772637,494,-1.22376,1.07877
203,1783541324138,14461,0,4,9,9,7,-3.90867,-1.09688,0.165713,0.145048,0.207109,0.549621,24,-1.22376,1.07877
203,1783541324138,14461,0,4,9,9,8,-0.998723,2.28109,0.701734,0.484603,0.16069,0.698391,510,-1.22376,1.07877
204,1783541324243,14444,0,4,10,9,0,1.83539,0.847679,0.447978,0.270944,0.183626,0.357503,62,-1.29063,1.05856
204,1783541324243,14444,0,4,10,9,1,4.70596,-0.620911,0.759859,0.501059,0.299571,1.28712,66,-1.29063,1.05856
204,1783541324243,14444,0,4,10,9,2,2.17223,-0.537897,1.52614,0.515049,0.203122,0.401742,134,-1.29063,1.05856
204,1783541324243,14444,0,4,10,9,3,4.36984,-0.923243,0.161589,0.0869685,0.42095,0.683328,8,-1.29063,1.05856
204,1783541324243,14444,0,4,10,9,4,-0.411315,0.275406,0.555486,0.535266,0.155339,0.56838,575,-1.29063,1.05856
204,1783541324243,14444,0,4,10,9,5,1.90467,-2.0422,0.584876,0.453512,0.272639,0.618885,62,-1.29063,1.05856
204,1783541324243,14444,0,4,10,9,6,-0.0286602,-1.87811,0.550329,0.357875,0.222412,0.548793,111,-1.29063,1.05856
204,1783541324243,14444,0,4,10,9,7,-2.96439,-0.202371,2.0401,1.36562,0.155408,0.77696,525,-1.29063,1.05856
204,1783541324243,14444,0,4,10,9,8,-3.92132,-1.10702,0.158627,0.123776,0.21592,0.551079,18,-1.29063,1.05856
204,1783541324243,14444,0,4,10,9,9,-1.02493,2.36172,0.470898,0.423233,0.158148,0.567645,502,-1.29063,1.05856
205,1783541324339,14448,0,4,12,9,0,1.85007,0.853202,0.435453,0.28597,0.184757,0.358,48,-1.33627,1.04477
205,1783541324339,14448,0,4,12,9,1,4.81356,-0.674257,0.619024,0.107181,0.396503,1.28821,53,-1.33627,1.04477
205,1783541324339,14448,0,4,12,9,2,4.3888,-0.427534,0.216294,0.10595,0.425411,0.690588,11,-1.33627,1.04477
205,1783541324339,14448,0,4,12,9,3,2.14826,-0.533454,1.52163,0.462667,0.199482,0.404963,129,-1.33627,1.04477
205,1783541324339,14448,0,4,12,9,4,4.36492,-0.931768,0.111652,0.05,0.41883,0.678681,6,-1.33627,1.04477
205,1783541324339,14448,0,4,12,9,5,-0.403536,0.270505,0.544296,0.556165,0.155619,0.568264,543,-1.33627,1.04477
205,1783541324339,14448,0,4,12,9,6,1.88163,-2.05507,0.610592,0.4292,0.270141,0.617753,63,-1.33627,1.04477
205,1783541324339,14448,0,4,12,9,7,-0.0292117,-1.88119,0.548805,0.370886,0.221125,0.549999,111,-1.33627,1.04477
205,1783541324339,14448,0,4,12,9,8,-2.88566,0.183503,2.85432,1.04143,0.157321,1.56834,441,-1.33627,1.04477
205,1783541324339,14448,0,4,12,9,9,-3.44055,-0.500228,1.80055,0.25181,0.181013,0.771034,138,-1.33627,1.04477
205,1783541324339,14448,0,4,12,9,10,-3.95174,-1.14646,0.357074,0.100065,0.194112,1.3647,18,-1.33627,1.04477
205,1783541324339,14448,0,4,12,9,11,-1.03563,2.38247,0.485132,0.437504,0.15801,0.569908,495,-1.33627,1.04477
206,1783541324467,14437,0,4,13,9,0,1.84537,0.840912,0.475795,0.333272,0.233108,0.364141,43,-1.38196,1.03097
206,1783541324467,14437,0,4,13,9,1,4.80936,-0.706599,0.619929,0.096943,0.39679,1.28999,50,-1.38196,1.03097
206,1783541324467,14437,0,4,13,9,2,2.18344,-0.527451,1.52133,0.491262,0.200845,0.400747,122,-1.38196,1.03097
206,1783541324467,14437,0,4,13,9,3,4.39526,-0.451189,0.247587,0.119195,0.423499,0.68678,11,-1.38196,1.03097
206,1783541324467,14437,0,4,13,9,4,4.36325,-0.920785,0.104236,0.05,0.417612,0.675734,6,-1.38196,1.03097
206,1783541324467,14437,0,4,13,9,5,-0.394009,0.292584,0.574637,0.515492,0.156988,0.579844,528,-1.38196,1.03097
206,1783541324467,14437,0,4,13,9,6,1.8794,-2.03285,0.601223,0.391351,0.269316,0.617901,66,-1.38196,1.03097
206,1783541324467,14437,0,4,13,9,7,-0.0414263,-1.8761,0.529626,0.347378,0.221453,0.55,110,-1.38196,1.03097
206,1783541324467,14437,0,4,13,9,8,-2.92318,-0.483697,1.46317,1.04141,0.159003,0.778754,436,-1.38196,1.03097
206,1783541324467,14437,0,4,13,9,9,-3.49004,-0.518273,1.77967,0.304478,0.191101,0.771053,138,-1.38196,1.03097
206,1783541324467,14437,0,4,13,9,10,-3.89868,-1.10743,0.101169,0.0719044,0.198001,0.554045,15,-1.38196,1.03097
206,1783541324467,14437,0,4,13,9,11,-1.03378,2.36015,0.460011,0.436098,0.155802,0.574953,470,-1.38196,1.03097
206,1783541324467,14437,0,4,13,9,12,-1.20117,3.22306,0.744498,0.227521,0.549743,1.49992,7,-1.38196,1.03097
207,1783541324567,14416,0,4,11,9,0,1.85009,0.846494,0.472936,0.330352,0.225834,0.361793,42,-1.44477,1.01199
207,1783541324567,14416,0,4,11,9,1,4.81369,-0.69278,0.625396,0.0912334,0.39325,1.29106,51,-1.44477,1.01199
207,1783541324567,14416,0,4,11,9,2,2.17496,-0.533219,1.52225,0.475788,0.201244,0.407346,114,-1.44477,1.01199
207,1783541324567,14416,0,4,11,9,3,4.3885,-0.682139,0.646139,0.0965253,0.414519,0.683057,19,-1.44477,1.01199
207,1783541324567,14416,0,4,11,9,4,-0.372908,0.257477,0.558312,0.556015,0.156067,0.57321,517,-1.44477,1.01199
207,1783541324567,14416,0,4,11,9,5,1.8685,-2.02163,0.582445,0.348633,0.263057,0.615953,63,-1.44477,1.01199
207,1783541324567,14416,0,4,11,9,6,-0.0603956,-1.87635,0.550958,0.336247,0.215976,0.550421,110,-1.44477,1.01199
207,1783541324567,14416,0,4,11,9,7,-2.95851,-0.486145,1.47067,1.09622,0.158201,0.775706,468,-1.44477,1.01199
207,1783541324567,14416,0,4,11,9,8,-3.53702,-0.522357,1.74658,0.357618,0.20253,0.770372,129,-1.44477,1.01199
207,1783541324567,14416,0,4,11,9,9,-3.95756,-1.15347,0.161157,0.127601,0.202259,0.54818,9,-1.44477,1.01199
207,1783541324567,14416,0,4,11,9,10,-1.03594,2.35028,0.522798,0.505132,0.155865,0.569596,448,-1.44477,1.01199
208,1783541324671,14442,0,4,15,9,0,1.8526,0.852894,0.466158,0.330844,0.211183,0.362943,43,-1.49417,0.997063
208,1783541324671,14442,0,4,15,9,1,4.81189,-0.677617,0.618243,0.111522,0.388919,1.29222,52,-1.49417,0.997063
208,1783541324671,14442,0,4,15,9,2,2.16796,-0.530111,1.51311,0.433505,0.210851,0.404904,115,-1.49417,0.997063
208,1783541324671,14442,0,4,15,9,3,4.36334,-0.684763,0.608365,0.0566842,0.412758,0.680371,17,-1.49417,0.997063
208,1783541324671,14442,0,4,15,9,4,-0.384937,0.264801,0.498365,0.468745,0.155867,0.570027,501,-1.49417,0.997063
208,1783541324671,14442,0,4,15,9,5,1.87046,-2.01324,0.617299,0.344235,0.262754,0.616933,65,-1.49417,0.997063
208,1783541324671,14442,0,4,15,9,6,-0.0685278,-1.87636,0.550495,0.342803,0.214677,0.548118,111,-1.49417,0.997063
208,1783541324671,14442,0,4,15,9,7,-2.86921,-0.222054,2.04195,1.22177,0.155238,1.59597,597,-1.49417,0.997063
208,1783541324671,14442,0,4,15,9,8,-3.53736,-0.727109,1.38655,0.104353,0.764801,0.770052,62,-1.49417,0.997063
208,1783541324671,14442,0,4,15,9,9,-3.86177,-1.10437,0.230507,0.112146,0.213727,0.556398,7,-1.49417,0.997063
208,1783541324671,14442,0,4,15,9,10,-1.04495,2.3309,0.550372,0.477207,0.160104,0.569654,437,-1.49417,0.997063
208,1783541324671,14442,0,4,15,9,11,-6.11199,1.4759,0.64253,0.215592,0.763842,1.2115,7,-1.49417,0.997063
208,1783541324671,14442,0,4,15,9,12,-1.48362,0.00288665,1.09423,0.0599377,0.16965,1.17534,8,-1.49417,0.997063
208,1783541324671,14442,0,4,15,9,13,-5.34434,1.71982,0.441017,0.180012,0.465534,0.770012,6,-1.49417,0.997063
208,1783541324671,14442,0,4,15,9,14,-4.74797,1.32993,0.530878,0.310962,0.590957,1.28277,8,-1.49417,0.997063
209,1783541324755,14474,0,4,11,9,0,1.85454,0.851532,0.441521,0.30329,0.203384,0.352321,41,-1.53401,0.985025
209,1783541324755,14474,0,4,11,9,1,2.17025,-0.530882,1.52452,0.431927,0.216801,0.4061,110,-1.53401,0.985025
209,1783541324755,14474,0,4,11,9,2,4.83017,-0.686879,0.656512,0.135335,0.390342,1.29378,52,-1.53401,0.985025
209,1783541324755,14474,0,4,11,9,3,4.37517,-0.668271,0.613747,0.0668821,0.410215,0.67802,18,-1.53401,0.985025
209,1783541324755,14474,0,4,11,9,4,-0.370917,0.269045,0.557023,0.52151,0.155492,0.574735,501,-1.53401,0.985025
209,1783541324755,14474,0,4,11,9,5,1.86742,-2.00751,0.587857,0.352777,0.261369,0.618899,65,-1.53401,0.985025
209,1783541324755,14474,0,4,11,9,6,-0.0614965,-1.87694,0.546127,0.348426,0.215467,0.546875,112,-1.53401,0.985025
209,1783541324755,14474,0,4,11,9,7,-2.90174,-0.236736,2.05398,1.30898,0.155478,1.40308,621,-1.53401,0.985025
209,1783541324755,14474,0,4,11,9,8,-3.54197,-0.805104,1.24475,0.0903523,0.764963,0.770023,54,-1.53401,0.985025
209,1783541324755,14474,0,4,11,9,9,-1.01348,2.37266,0.540913,0.576136,0.155813,0.577878,433,-1.53401,0.985025
209,1783541324755,14474,0,4,11,9,10,-3.06117,3.06698,0.650572,0.270767,1.18055,1.37419,8,-1.53401,0.985025
210,1783541324852,14510,0,4,10,9,0,1.90715,0.860433,0.475108,0.474411,0.200136,0.361947,44,-1.57987,0.971168
210,1783541324852,14510,0,4,10,9,1,4.81897,-0.702556,0.678346,0.0948122,0.388134,1.2957,55,-1.57987,0.971168
210,1783541324852,14510,0,4,10,9,2,2.196,-0.524112,1.50807,0.468955,0.220111,0.411408,110,-1.57987,0.971168
210,1783541324852,14510,0,4,10,9,3,4.37668,-0.695463,0.607474,0.0567216,0.40889,0.673299,16,-1.57987,0.971168
210,1783541324852,14510,0,4,10,9,4,-0.384861,0.27955,0.569178,0.522291,0.156961,0.570627,498,-1.57987,0.971168
210,1783541324852,14510,0,4,10,9,5,1.84007,-2.00694,0.617075,0.320338,0.253771,0.623118,66,-1.57987,0.971168
210,1783541324852,14510,0,4,10,9,6,-0.0653146,-1.87321,0.544181,0.350191,0.21344,0.548323,112,-1.57987,0.971168
210,1783541324852,14510,0,4,10,9,7,-2.85892,-0.226528,2.05718,1.23427,0.155315,0.778879,641,-1.57987,0.971168
210,1783541324852,14510,0,4,10,9,8,-3.61025,-0.826258,0.936742,0.0784211,0.765634,1.47844,49,-1.57987,0.971168
210,1783541324852,14510,0,4,10,9,9,-1.0391,2.38508,0.614306,0.554057,0.155183,0.57544,427,-1.57987,0.971168
211,1783541324956,14543,0,4,10,9,0,1.91505,0.853238,0.425415,0.422185,0.197077,0.359199,49,-1.62889,0.956356
211,1783541324956,14543,0,4,10,9,1,2.18107,-0.534123,1.52868,0.470939,0.212019,0.406698,114,-1.62889,0.956356
211,1783541324956,14543,0,4,10,9,2,4.80981,-0.705098,0.628767,0.0938271,0.386093,1.29632,50,-1.62889,0.956356
211,1783541324956,14543,0,4,10,9,3,4.365,-0.680141,0.606498,0.0502852,0.406674,0.67037,14,-1.62889,0.956356
211,1783541324956,14543,0,4,10,9,4,-0.403733,0.296705,0.587547,0.518237,0.1554,0.575529,478,-1.62889,0.956356
211,1783541324956,14543,0,4,10,9,5,1.84533,-2.01172,0.58161,0.328772,0.257512,0.622962,63,-1.62889,0.956356
211,1783541324956,14543,0,4,10,9,6,-0.0312405,-1.94077,0.539604,0.481126,0.214218,0.595635,116,-1.62889,0.956356
211,1783541324956,14543,0,4,10,9,7,-2.86934,-0.217093,2.05403,1.22427,0.155283,0.778684,698,-1.62889,0.956356
211,1783541324956,14543,0,4,10,9,8,-3.61979,-0.985932,0.959085,0.206986,0.756781,0.769823,41,-1.62889,0.956356
211,1783541324956,14543,0,4,10,9,9,-1.03357,2.35774,0.557816,0.539419,0.156162,0.576377,426,-1.62889,0.956356
212,1783541325079,14578,0,4,11,9,0,1.90668,0.84078,0.391058,0.404685,0.198366,0.358931,47,-1.67081,0.94369
212,1783541325079,14578,0,4,11,9,1,2.1537,-0.521337,1.53468,0.490175,0.213232,0.407834,107,-1.67081,0.94369
212,1783541325079,14578,0,4,11,9,2,4.8117,-0.686477,0.618903,0.0790869,0.383013,1.29766,50,-1.67081,0.94369
212,1783541325079,14578,0,4,11,9,3,4.39658,-0.441578,0.141807,0.05,0.407972,0.666432,7,-1.67081,0.94369
212,1783541325079,14578,0,4,11,9,4,4.38715,-0.90866,0.145411,0.05,0.403728,0.657613,8,-1.67081,0.94369
212,1783541325079,14578,0,4,11,9,5,-0.413953,0.303287,0.579139,0.485839,0.156088,0.575348,459,-1.67081,0.94369
212,1783541325079,14578,0,4,11,9,6,1.8433,-1.99997,0.601726,0.308149,0.251219,0.620462,67,-1.67081,0.94369
212,1783541325079,14578,0,4,11,9,7,-0.0274857,-1.93048,0.539466,0.471867,0.212516,0.596118,115,-1.67081,0.94369
212,1783541325079,14578,0,4,11,9,8,-2.86989,-0.200855,2.04157,1.20995,0.157206,0.778968,744,-1.67081,0.94369
212,1783541325079,14578,0,4,11,9,9,-3.66931,-0.915047,0.707473,0.05,0.765774,0.7694,35,-1.67081,0.94369
212,1783541325079,14578,0,4,11,9,10,-1.05104,2.36136,0.591395,0.510913,0.157234,0.577033,430,-1.67081,0.94369
213,1783541325150,14567,0,4,11,9,0,1.87557,0.857632,0.397418,0.410693,0.199348,0.35845,43,-1.72015,0.92878
213,1783541325150,14567,0,4,11,9,1,2.11729,-0.520429,1.52637,0.468705,0.213468,0.408813,100,-1.72015,0.92878
213,1783541325150,14567,0,4,11,9,2,4.80867,-0.709365,0.63369,0.0841813,0.382467,1.29894,49,-1.72015,0.92878
213,1783541325150,14567,0,4,11,9,3,4.37746,-0.434037,0.108203,0.05,0.407584,0.665467,6,-1.72015,0.92878
213,1783541325150,14567,0,4,11,9,4,4.36466,-0.931282,0.136418,0.05,0.403425,0.657082,6,-1.72015,0.92878
213,1783541325150,14567,0,4,11,9,5,-0.379873,0.256003,0.589678,0.595647,0.155689,0.578873,454,-1.72015,0.92878
213,1783541325150,14567,0,4,11,9,6,1.84249,-2.00612,0.620163,0.290725,0.252005,0.618383,67,-1.72015,0.92878
213,1783541325150,14567,0,4,11,9,7,-0.0269098,-1.92155,0.555828,0.463886,0.212404,0.59668,118,-1.72015,0.92878
213,1783541325150,14567,0,4,11,9,8,-2.8572,-0.177385,2.06853,1.1704,0.156576,0.778827,769,-1.72015,0.92878
213,1783541325150,14567,0,4,11,9,9,-3.69604,-0.919345,0.706141,0.0522505,0.766703,0.770208,35,-1.72015,0.92878
213,1783541325150,14567,0,4,11,9,10,-1.07677,2.36878,0.640851,0.509944,0.156394,0.574947,420,-1.72015,0.92878
214,1783541325249,14586,0,4,11,9,0,1.84891,0.841145,0.497547,0.395634,0.200267,0.359433,43,-1.76628,0.914841
214,1783541325249,14586,0,4,11,9,1,2.12333,-0.523045,1.54157,0.495429,0.233519,0.411763,98,-1.76628,0.914841
214,1783541325249,14586,0,4,11,9,2,4.80386,-0.721318,0.701708,0.0966251,0.376621,1.3007,51,-1.76628,0.914841
214,1783541325249,14586,0,4,11,9,3,4.37068,-0.433675,0.146236,0.0577943,0.406308,0.662366,8,-1.76628,0.914841
214,1783541325249,14586,0,4,11,9,4,-0.38842,0.276421,0.596748,0.559655,0.155318,0.574768,444,-1.76628,0.914841
214,1783541325249,14586,0,4,11,9,5,1.83432,-1.99693,0.582907,0.310951,0.249992,0.615962,66,-1.76628,0.914841
214,1783541325249,14586,0,4,11,9,6,-0.0282902,-1.91873,0.552604,0.463504,0.213634,0.596568,119,-1.76628,0.914841
214,1783541325249,14586,0,4,11,9,7,-2.86768,-0.108847,2.08332,1.08609,0.155922,0.776499,816,-1.76628,0.914841
214,1783541325249,14586,0,4,11,9,8,-3.748,-0.937943,0.707364,0.05,0.766226,0.770236,35,-1.76628,0.914841
214,1783541325249,14586,0,4,11,9,9,-1.05845,2.32859,0.554561,0.472406,0.156675,0.578987,403,-1.76628,0.914841
214,1783541325249,14586,0,4,11,9,10,-5.6511,1.44723,0.876143,0.259388,0.530746,1.2221,10,-1.76628,0.914841
215,1783541325372,14613,0,4,10,9,0,1.82187,0.852522,0.458867,0.364589,0.20132,0.361014,39,-1.82252,0.897848
215,1783541325372,14613,0,4,10,9,1,2.06635,-0.507689,1.52624,0.366214,0.232421,0.411287,93,-1.82252,0.897848
215,1783541325372,14613,0,4,10,9,2,4.81789,-0.694055,0.677596,0.121674,0.378484,1.30247,53,-1.82252,0.897848
215,1783541325372,14613,0,4,10,9,3,4.38031,-0.444384,0.102127,0.05,0.403489,0.659087,6,-1.82252,0.897848
215,1783541325372,14613,0,4,10,9,4,-0.393967,0.294066,0.606097,0.543991,0.155254,0.577648,429,-1.82252,0.897848
215,1783541325372,14613,0,4,10,9,5,1.84616,-1.98504,0.587008,0.295367,0.250806,0.614612,63,-1.82252,0.897848
215,1783541325372,14613,0,4,10,9,6,-0.0281216,-1.90896,0.570601,0.453221,0.208389,0.599819,126,-1.82252,0.897848
215,1783541325372,14613,0,4,10,9,7,-2.90524,-0.098222,2.052,1.12549,0.155244,0.780864,870,-1.82252,0.897848
215,1783541325372,14613,0,4,10,9,8,-3.80727,-0.944487,0.686768,0.05,0.766672,0.770635,33,-1.82252,0.897848
215,1783541325372,14613,0,4,10,9,9,-1.0082,2.4141,0.600533,0.708282,0.156819,0.580528,400,-1.82252,0.897848
216,1783541325481,14643,0,4,10,9,0,1.81927,0.86083,0.464316,0.256304,0.241495,0.362144,38,-1.85407,0.888316
216,1783541325481,14643,0,4,10,9,1,2.10765,-0.51864,1.53919,0.469856,0.23178,0.410964,91,-1.85407,0.888316
216,1783541325481,14643,0,4,10,9,2,4.81633,-0.688946,0.623529,0.115543,0.377515,1.30289,50,-1.85407,0.888316
216,1783541325481,14643,0,4,10,9,3,4.36246,-0.922788,0.11988,0.05,0.39717,0.648336,6,-1.85407,0.888316
216,1783541325481,14643,0,4,10,9,4,-0.413757,0.291119,0.591751,0.515157,0.155788,0.583218,418,-1.85407,0.888316
216,1783541325481,14643,0,4,10,9,5,1.81588,-2.00447,0.524151,0.286878,0.250182,0.612114,59,-1.85407,0.888316
216,1783541325481,14643,0,4,10,9,6,-0.0585937,-1.92135,0.578836,0.434965,0.205955,0.600266,126,-1.85407,0.888316
216,1783541325481,14643,0,4,10,9,7,-2.86827,-0.164691,2.07985,1.15688,0.155896,0.777742,924,-1.85407,0.888316
216,1783541325481,14643,0,4,10,9,8,-3.88682,-1.01652,0.603203,0.147521,0.290818,0.770165,35,-1.85407,0.888316
216,1783541325481,14643,0,4,10,9,9,-1.04052,2.38846,0.608576,0.587481,0.156072,0.577083,398,-1.85407,0.888316
217,1783541325571,14656,0,4,11,9,0,1.83515,0.842989,0.493236,0.299588,0.221472,0.36731,39,-1.89761,0.875161
217,1783541325571,14656,0,4,11,9,1,2.09396,-0.53181,1.54987,0.381434,0.233514,0.411364,88,-1.89761,0.875161
217,1783541325571,14656,0,4,11,9,2,4.81369,-0.711392,0.637792,0.0763059,0.374664,1.30442,50,-1.89761,0.875161
217,1783541325571,14656,0,4,11,9,3,4.36813,-0.945492,0.129391,0.05,0.394471,0.646533,6,-1.89761,0.875161
217,1783541325571,14656,0,4,11,9,4,-0.403045,0.297671,0.589677,0.501987,0.16332,0.578638,405,-1.89761,0.875161
217,1783541325571,14656,0,4,11,9,5,1.82509,-1.99385,0.521963,0.305029,0.2509,0.610526,54,-1.89761,0.875161
217,1783541325571,14656,0,4,11,9,6,-0.0546292,-1.91885,0.557494,0.415736,0.202713,0.600446,126,-1.89761,0.875161
217,1783541325571,14656,0,4,11,9,7,-2.87094,-0.125006,2.07893,1.13069,0.155295,0.776965,960,-1.89761,0.875161
217,1783541325571,14656,0,4,11,9,8,-3.87375,-1.04691,0.519237,0.124012,0.298933,0.76965,39,-1.89761,0.875161
217,1783541325571,14656,0,4,11,9,9,-1.02808,2.37355,0.590454,0.567065,0.158295,0.585697,389,-1.89761,0.875161
217,1783541325571,14656,0,4,11,9,10,-5.60186,3.05017,0.486505,0.152245,1.28874,1.37447,8,-1.89761,0.875161
218,1783541325634,14714,0,4,10,9,0,1.81655,0.860378,0.479912,0.289922,0.215544,0.365282,39,-1.93764,0.863066
218,1783541325634,14714,0,4,10,9,1,2.1084,-0.518277,1.52542,0.382475,0.237503,0.408751,84,-1.93764,0.863066
218,1783541325634,14714,0,4,10,9,2,4.80823,-0.731423,0.639243,0.0881721,0.372249,1.3058,46,-1.93764,0.863066
218,1783541325634,14714,0,4,10,9,3,4.3709,-0.434486,0.140044,0.05,0.398749,0.651876,6,-1.93764,0.863066
218,1783541325634,14714,0,4,10,9,4,-0.423628,0.305908,0.592145,0.472765,0.162636,0.57852,407,-1.93764,0.863066
218,1783541325634,14714,0,4,10,9,5,1.82393,-1.99537,0.524089,0.284201,0.249707,0.609069,51,-1.93764,0.863066
218,1783541325634,14714,0,4,10,9,6,-0.0655192,-1.91463,0.580553,0.421379,0.199459,0.60179,128,-1.93764,0.863066
218,1783541325634,14714,0,4,10,9,7,-2.92393,-0.122695,2.07442,1.17291,0.157388,0.777057,1026,-1.93764,0.863066
218,1783541325634,14714,0,4,10,9,8,-3.86039,-1.0804,0.374183,0.0637001,0.170146,0.77024,38,-1.93764,0.863066
218,1783541325634,14714,0,4,10,9,9,-1.04816,2.3663,0.591071,0.562528,0.155483,0.576243,384,-1.93764,0.863066
219,1783541325773,14740,0,4,11,9,0,1.8076,0.86439,0.446006,0.248237,0.221008,0.371118,37,-1.98425,0.84898
219,1783541325773,14740,0,4,11,9,1,2.12659,-0.523053,1.51975,0.384097,0.235502,0.413174,81,-1.98425,0.84898
219,1783541325773,14740,0,4,11,9,2,4.86559,-0.708497,0.640243,0.193073,0.37079,1.30668,44,-1.98425,0.84898
219,1783541325773,14740,0,4,11,9,3,4.404,-0.407501,0.158334,0.0550792,0.396324,0.649137,8,-1.98425,0.84898
219,1783541325773,14740,0,4,11,9,4,-0.434349,0.316741,0.594193,0.431672,0.155067,0.577551,394,-1.98425,0.84898
219,1783541325773,14740,0,4,11,9,5,1.84921,-1.97959,0.5688,0.313097,0.249228,0.610259,49,-1.98425,0.84898
219,1783541325773,14740,0,4,11,9,6,-0.0720301,-1.90575,0.579615,0.406875,0.201889,0.599666,128,-1.98425,0.84898
219,1783541325773,14740,0,4,11,9,7,-3.00524,-0.127095,2.03925,1.23748,0.156323,1.52579,1076,-1.98425,0.84898
219,1783541325773,14740,0,4,11,9,8,-3.87518,-1.13448,0.268797,0.118303,0.172589,0.979281,39,-1.98425,0.84898
219,1783541325773,14740,0,4,11,9,9,-1.05859,2.36012,0.597512,0.531962,0.155049,0.58061,375,-1.98425,0.84898
219,1783541325773,14740,0,4,11,9,10,-4.01801,1.0632,1.27918,0.672504,1.12997,1.52644,14,-1.98425,0.84898
220,1783541325862,14779,0,4,11,9,0,1.80208,0.874102,0.443968,0.218728,0.212879,0.354075,34,-2.03589,0.833378
220,1783541325862,14779,0,4,11,9,1,2.12957,-0.528399,1.52605,0.376415,0.232242,0.416661,79,-2.03589,0.833378
220,1783541325862,14779,0,4,11,9,2,4.80477,-0.68604,0.63416,0.12086,0.36947,1.30906,50,-2.03589,0.833378
220,1783541325862,14779,0,4,11,9,3,4.3702,-0.436889,0.141355,0.05,0.39459,0.645874,6,-2.03589,0.833378
220,1783541325862,14779,0,4,11,9,4,4.35946,-0.931791,0.125588,0.05,0.389816,0.63841,6,-2.03589,0.833378
220,1783541325862,14779,0,4,11,9,5,-0.388642,0.258025,0.57438,0.576867,0.156727,0.580436,380,-2.03589,0.833378
220,1783541325862,14779,0,4,11,9,6,1.85693,-1.97862,0.536218,0.293237,0.24966,0.613414,45,-2.03589,0.833378
220,1783541325862,14779,0,4,11,9,7,-0.0546815,-1.88569,0.589093,0.390606,0.203306,0.601256,123,-2.03589,0.833378
220,1783541325862,14779,0,4,11,9,8,-2.98397,-0.150759,2.06888,1.26843,0.156781,0.779033,1155,-2.03589,0.833378
220,1783541325862,14779,0,4,11,9,9,-3.87954,-1.10854,0.230062,0.0708528,0.180695,0.773048,32,-2.03589,0.833378
220,1783541325862,14779,0,4,11,9,10,-1.07089,2.35004,0.595689,0.505425,0.155612,0.581289,376,-2.03589,0.833378
221,1783541325966,14817,0,4,10,9,0,1.82078,0.85149,0.475041,0.288472,0.215856,0.350652,28,-2.08065,0.819853
221,1783541325966,14817,0,4,10,9,1,2.1438,-0.529723,1.5223,0.398553,0.232875,0.407432,76,-2.08065,0.819853
221,1783541325966,14817,0,4,10,9,2,4.80555,-0.684654,0.594173,0.0864045,0.36665,1.30997,52,-2.08065,0.819853
221,1783541325966,14817,0,4,10,9,3,-0.39545,0.278264,0.594485,0.549435,0.155412,0.579833,369,-2.08065,0.819853
221,1783541325966,14817,0,4,10,9,4,4.35936,-0.962322,0.119236,0.0681667,0.384146,0.635679,7,-2.08065,0.819853
221,1783541325966,14817,0,4,10,9,5,1.84061,-1.97611,0.540134,0.281629,0.250605,0.611521,40,-2.08065,0.819853
221,1783541325966,14817,0,4,10,9,6,-0.0729856,-1.89335,0.569962,0.384858,0.203339,0.601011,124,-2.08065,0.819853
221,1783541325966,14817,0,4,10,9,7,-3.05374,-0.174642,2.03407,1.31589,0.157905,0.778694,1213,-2.08065,0.819853
221,1783541325966,14817,0,4,10,9,8,-3.90506,-1.11129,0.199503,0.0897517,0.184444,0.770115,35,-2.08065,0.819853
221,1783541325966,14817,0,4,10,9,9,-1.0892,2.33443,0.601364,0.467782,0.155649,0.578705,370,-2.08065,0.819853
222,1783541326068,14816,0,4,11,9,0,1.81562,0.808737,0.540278,0.327841,0.213024,0.344509,20,-2.12458,0.80658
222,1783541326068,14816,0,4,11,9,1,2.12383,-0.532561,1.52797,0.348874,0.232194,0.406663,70,-2.12458,0.80658
222,1783541326068,14816,0,4,11,9,2,4.79383,-0.679953,0.64128,0.0974814,0.365656,1.31096,50,-2.12458,0.80658
222,1783541326068,14816,0,4,11,9,3,4.37824,-0.437585,0.138422,0.05,0.389755,0.640425,6,-2.12458,0.80658
222,1783541326068,14816,0,4,11,9,4,-0.42291,0.275854,0.566227,0.512615,0.156792,0.582774,346,-2.12458,0.80658
222,1783541326068,14816,0,4,11,9,5,4.35154,-0.929029,0.122464,0.05,0.385846,0.63261,6,-2.12458,0.80658
222,1783541326068,14816,0,4,11,9,6,1.83238,-1.97984,0.543881,0.305986,0.250998,0.609861,37,-2.12458,0.80658
222,1783541326068,14816,0,4,11,9,7,-0.0631548,-1.90071,0.568074,0.397102,0.199348,0.604494,126,-2.12458,0.80658
222,1783541326068,14816,0,4,11,9,8,-3.1842,-0.26567,1.85597,1.43361,0.155287,0.781939,1265,-2.12458,0.80658
222,1783541326068,14816,0,4,11,9,9,-4.06287,-1.02092,0.412875,0.175907,0.194208,1.3346,31,-2.12458,0.80658
222,1783541326068,14816,0,4,11,9,10,-1.09884,2.32584,0.586894,0.429223,0.155417,0.579458,364,-2.12458,0.80658
223,1783541326163,14864,0,4,10,9,0,1.92726,0.84344,0.473196,0.429324,0.268516,0.385278,23,-2.16545,0.794231
223,1783541326163,14864,0,4,10,9,1,2.1619,-0.530865,1.52293,0.421897,0.233047,0.401712,66,-2.16545,0.794231
223,1783541326163,14864,0,4,10,9,2,4.79719,-0.702069,0.641215,0.0889514,0.36386,1.31174,46,-2.16545,0.794231
223,1783541326163,14864,0,4,10,9,3,-0.4254,0.290231,0.581857,0.489636,0.17307,0.580063,347,-2.16545,0.794231
223,1783541326163,14864,0,4,10,9,4,4.36789,-0.929615,0.176422,0.05,0.38398,0.630631,6,-2.16545,0.794231
223,1783541326163,14864,0,4,10,9,5,1.82986,-1.9882,0.543893,0.289953,0.24927,0.607214,35,-2.16545,0.794231
223,1783541326163,14864,0,4,10,9,6,-0.0769387,-1.88973,0.592557,0.353667,0.204719,0.6091,125,-2.16545,0.794231
223,1783541326163,14864,0,4,10,9,7,-3.21084,-0.346079,1.75399,1.43922,0.155654,0.777442,1339,-2.16545,0.794231
223,1783541326163,14864,0,4,10,9,8,-3.94356,-1.12649,0.201838,0.113186,0.202492,0.769029,34,-2.16545,0.794231
223,1783541326163,14864,0,4,10,9,9,-1.03878,2.38141,0.58884,0.599854,0.158698,0.583797,355,-2.16545,0.794231
224,1783541326266,14938,0,4,10,9,0,1.92575,0.838009,0.501776,0.457003,0.239756,0.390282,30,-2.20975,0.780843
224,1783541326266,14938,0,4,10,9,1,2.11843,-0.527636,1.523,0.343546,0.236013,0.395914,64,-2.20975,0.780843
224,1783541326266,14938,0,4,10,9,2,4.80095,-0.701102,0.693034,0.0836778,0.359008,1.31326,49,-2.20975,0.780843
224,1783541326266,14938,0,4,10,9,3,4.36716,-0.432558,0.133335,0.05,0.386344,0.635059,6,-2.20975,0.780843
224,1783541326266,14938,0,4,10,9,4,-0.433138,0.299054,0.59388,0.478113,0.172623,0.582603,345,-2.20975,0.780843
224,1783541326266,14938,0,4,10,9,5,1.83727,-2.00179,0.549675,0.299686,0.39959,0.603782,34,-2.20975,0.780843
224,1783541326266,14938,0,4,10,9,6,-0.0801867,-1.8737,0.589701,0.366056,0.199696,0.609189,126,-2.20975,0.780843
224,1783541326266,14938,0,4,10,9,7,-3.2479,-0.41818,1.66145,1.47389,0.155552,0.777745,1413,-2.20975,0.780843
224,1783541326266,14938,0,4,10,9,8,-1.06049,2.37781,0.599373,0.56203,0.155067,0.58849,353,-2.20975,0.780843
224,1783541326266,14938,0,4,10,9,9,-3.93164,-1.06343,0.129838,0.0715472,0.207939,0.592559,32,-2.20975,0.780843
225,1783541326358,15020,0,4,12,9,0,1.89001,0.857881,0.396268,0.424884,0.246732,0.391553,31,-2.24933,0.768886
225,1783541326358,15020,0,4,12,9,1,2.134,-0.527853,1.52529,0.365538,0.234701,0.388066,57,-2.24933,0.768886
225,1783541326358,15020,0,4,12,9,2,4.79817,-0.695124,0.642685,0.0827576,0.356003,1.31464,46,-2.24933,0.768886
225,1783541326358,15020,0,4,12,9,3,4.3619,-0.450698,0.130429,0.05,0.38459,0.632993,6,-2.24933,0.768886
225,1783541326358,15020,0,4,12,9,4,-0.443795,0.303775,0.591987,0.430706,0.170155,0.585667,334,-2.24933,0.768886
225,1783541326358,15020,0,4,12,9,5,4.35854,-0.906873,0.111148,0.0623284,0.38145,0.626828,7,-2.24933,0.768886
225,1783541326358,15020,0,4,12,9,6,1.83544,-2.00313,0.550541,0.291363,0.397309,0.600612,34,-2.24933,0.768886
225,1783541326358,15020,0,4,12,9,7,-0.0924601,-1.88458,0.591064,0.338107,0.202398,0.608144,125,-2.24933,0.768886
225,1783541326358,15020,0,4,12,9,8,-3.2443,-0.47963,1.56166,1.49229,0.155798,0.780185,1485,-2.24933,0.768886
225,1783541326358,15020,0,4,12,9,9,-1.05935,2.36109,0.590895,0.532179,0.157233,0.589005,344,-2.24933,0.768886
225,1783541326358,15020,0,4,12,9,10,-3.91065,-1.08079,0.13136,0.0875151,0.215516,0.594703,32,-2.24933,0.768886
225,1783541326358,15020,0,4,12,9,11,-3.17526,3.1618,0.775824,0.102054,0.662831,1.46638,7,-2.24933,0.768886
226,1783541326457,15060,0,4,11,9,0,1.88641,0.862405,0.363552,0.419313,0.249603,0.391674,32,-2.29182,0.756046
226,1783541326457,15060,0,4,11,9,1,2.1483,-0.528631,1.52316,0.402353,0.232785,0.381776,53,-2.29182,0.756046
226,1783541326457,15060,0,4,11,9,2,4.84014,-0.69463,0.595674,0.122931,0.351729,1.31572,44,-2.29182,0.756046
226,1783541326457,15060,0,4,11,9,3,4.36215,-0.449669,0.17525,0.05,0.382434,0.630979,9,-2.29182,0.756046
226,1783541326457,15060,0,4,11,9,4,-0.468934,0.299621,0.561665,0.402923,0.163448,0.582353,325,-2.29182,0.756046
226,1783541326457,15060,0,4,11,9,5,4.35477,-0.930428,0.111832,0.05,0.377199,0.624048,6,-2.29182,0.756046
226,1783541326457,15060,0,4,11,9,6,1.84071,-2.01984,0.551075,0.306119,0.392895,0.597557,33,-2.29182,0.756046
226,1783541326457,15060,0,4,11,9,7,-0.0970199,-1.88737,0.563179,0.324464,0.201342,0.607303,120,-2.29182,0.756046
226,1783541326457,15060,0,4,11,9,8,-3.19162,-0.47793,1.53131,1.54949,0.155016,0.778003,1551,-2.29182,0.756046
226,1783541326457,15060,0,4,11,9,9,-1.04913,2.37423,0.582554,0.573092,0.158139,0.588696,339,-2.29182,0.756046
226,1783541326457,15060,0,4,11,9,10,-3.91403,-1.06748,0.125162,0.0644767,0.223238,0.596052,31,-2.29182,0.756046
227,1783541326565,15136,0,4,10,9,0,1.83776,0.819045,0.519645,0.394885,0.255286,0.395212,33,-2.33818,0.742038
227,1783541326565,15136,0,4,10,9,1,2.12521,-0.514756,1.49743,0.547765,0.27453,0.410275,53,-2.33818,0.742038
227,1783541326565,15136,0,4,10,9,2,4.79088,-0.712473,0.594169,0.0878654,0.356883,1.31743,42,-2.33818,0.742038
227,1783541326565,15136,0,4,10,9,3,4.35755,-0.446593,0.127116,0.05,0.381149,0.62746,6,-2.33818,0.742038
227,1783541326565,15136,0,4,10,9,4,-0.409477,0.265701,0.574678,0.542782,0.156598,0.590427,322,-2.33818,0.742038
227,1783541326565,15136,0,4,10,9,5,1.90741,-2.04233,0.538729,0.443481,0.386824,0.595987,33,-2.33818,0.742038
227,1783541326565,15136,0,4,10,9,6,-0.113788,-1.89159,0.589995,0.337735,0.201146,0.606527,123,-2.33818,0.742038
227,1783541326565,15136,0,4,10,9,7,-3.13061,-0.482887,1.63611,1.63755,0.156064,0.779575,1628,-2.33818,0.742038
227,1783541326565,15136,0,4,10,9,8,-1.0617,2.35215,0.583738,0.541221,0.15586,0.589114,344,-2.33818,0.742038
227,1783541326565,15136,0,4,10,9,9,-3.92334,-1.06655,0.123793,0.0735065,0.231179,0.598079,32,-2.33818,0.742038
228,1783541326653,15199,0,4,12,9,0,1.80262,0.831943,0.478657,0.303179,0.236228,0.396699,33,-2.37078,0.732189
228,1783541326653,15199,0,4,12,9,1,2.09979,-0.523004,1.51208,0.413645,0.266679,0.409067,51,-2.37078,0.732189
228,1783541326653,15199,0,4,12,9,2,4.81187,-0.66145,0.557208,0.05,0.355861,1.31796,39,-2.37078,0.732189
228,1783541326653,15199,0,4,12,9,3,4.38253,-0.446556,0.175848,0.0615066,0.376548,0.625286,8,-2.37078,0.732189
228,1783541326653,15199,0,4,12,9,4,-0.396649,0.255322,0.562976,0.568049,0.155876,0.589007,318,-2.37078,0.732189
228,1783541326653,15199,0,4,12,9,5,4.34169,-0.948311,0.161413,0.05,0.374621,0.618799,7,-2.37078,0.732189
228,1783541326653,15199,0,4,12,9,6,1.89164,-2.0775,0.521465,0.477703,0.391445,0.593164,34,-2.37078,0.732189
228,1783541326653,15199,0,4,12,9,7,-0.0965322,-1.8716,0.587682,0.336506,0.199195,0.606321,121,-2.37078,0.732189
228,1783541326653,15199,0,4,12,9,8,-3.15372,-0.236102,1.93979,1.39462,0.155468,0.781767,1597,-2.37078,0.732189
228,1783541326653,15199,0,4,12,9,9,-3.48521,-0.810341,1.4674,0.158686,0.767876,0.776634,92,-2.37078,0.732189
228,1783541326653,15199,0,4,12,9,10,-1.07811,2.35241,0.605041,0.508368,0.157488,0.589899,342,-2.37078,0.732189
228,1783541326653,15199,0,4,12,9,11,-3.93059,-1.06697,0.121566,0.0676121,0.237566,0.59966,32,-2.37078,0.732189
229,1783541326757,15250,0,4,10,9,0,1.77562,0.862574,0.461989,0.263059,0.237918,0.386416,33,-2.40796,0.721671
229,1783541326757,15250,0,4,10,9,1,2.10974,-0.51222,1.54176,0.453162,0.259683,0.418386,54,-2.40796,0.721671
229,1783541326757,15250,0,4,10,9,2,4.80232,-0.639731,0.610801,0.0802207,0.352011,1.31898,47,-2.40796,0.721671
229,1783541326757,15250,0,4,10,9,3,-0.39371,0.264083,0.603634,0.592576,0.155554,0.591052,314,-2.40796,0.721671
229,1783541326757,15250,0,4,10,9,4,1.93113,-2.05334,0.571282,0.509321,0.378541,0.592033,37,-2.40796,0.721671
229,1783541326757,15250,0,4,10,9,5,-0.0949439,-1.87216,0.558889,0.32798,0.20055,0.611731,114,-2.40796,0.721671
229,1783541326757,15250,0,4,10,9,6,-3.18953,-0.274967,1.86463,1.3817,0.15525,0.778908,1672,-2.40796,0.721671
229,1783541326757,15250,0,4,10,9,7,-3.50182,-0.827635,1.39752,0.167245,0.768841,0.778204,86,-2.40796,0.721671
229,1783541326757,15250,0,4,10,9,8,-1.10116,2.34932,0.617708,0.486845,0.170668,0.590758,341,-2.40796,0.721671
229,1783541326757,15250,0,4,10,9,9,-3.90845,-1.08459,0.125091,0.0709298,0.241137,0.600691,32,-2.40796,0.721671
230,1783541326857,15304,0,4,11,9,0,1.81594,0.771276,0.526834,0.32285,0.2508,0.394238,34,-2.44471,0.716487
230,1783541326857,15304,0,4,11,9,1,2.11633,-0.577728,1.52056,0.50346,0.26133,0.41222,54,-2.44471,0.716487
230,1783541326857,15304,0,4,11,9,2,4.79023,-0.753067,0.606843,0.0518195,0.585606,1.32046,40,-2.44471,0.716487
230,1783541326857,15304,0,4,11,9,3,-0.398211,0.242926,0.605737,0.570801,0.155348,0.589608,292,-2.44471,0.716487
230,1783541326857,15304,0,4,11,9,4,4.34185,-1.00591,0.159687,0.05,0.371136,0.614111,6,-2.44471,0.716487
230,1783541326857,15304,0,4,11,9,5,1.88974,-2.14107,0.543942,0.522529,0.380853,0.589559,38,-2.44471,0.716487
230,1783541326857,15304,0,4,11,9,6,-0.150545,-1.91162,0.579158,0.337256,0.199685,0.608293,114,-2.44471,0.716487
230,1783541326857,15304,0,4,11,9,7,-3.24074,-0.313663,1.80865,1.44616,0.155682,0.781004,1726,-2.44471,0.716487
230,1783541326857,15304,0,4,11,9,8,-3.53815,-0.873225,1.21869,0.107324,0.769293,0.77647,75,-2.44471,0.716487
230,1783541326857,15304,0,4,11,9,9,-1.08256,2.32379,0.594365,0.461105,0.169641,0.589988,339,-2.44471,0.716487
230,1783541326857,15304,0,4,11,9,10,-3.95136,-1.0382,0.118614,0.080274,0.24824,0.602793,32,-2.44471,0.716487
231,1783541326981,15429,0,4,10,9,0,1.80981,0.898424,0.482278,0.310039,0.249824,0.394983,33,-2.47873,0.720952
231,1783541326981,15429,0,4,10,9,1,2.18783,-0.456744,1.51953,0.597206,0.26636,0.420062,59,-2.47873,0.720952
231,1783541326981,15429,0,4,10,9,2,-0.433699,0.345475,0.583944,0.525006,0.213251,0.590826,296,-2.47873,0.720952
231,1783541326981,15429,0,4,10,9,3,4.8113,-0.576034,0.558068,0.0664775,0.585118,1.32073,39,-2.47873,0.720952
231,1783541326981,15429,0,4,10,9,4,4.39983,-0.585988,0.525304,0.060577,0.370193,0.619596,8,-2.47873,0.720952
231,1783541326981,15429,0,4,10,9,5,1.87827,-1.93383,0.542995,0.271815,0.376404,0.588216,32,-2.47873,0.720952
231,1783541326981,15429,0,4,10,9,6,-0.0115316,-1.7909,0.753775,0.323092,0.201169,0.607379,115,-2.47873,0.720952
231,1783541326981,15429,0,4,10,9,7,-3.24631,-0.464131,1.61038,1.43499,0.155189,0.781231,1778,-2.47873,0.720952
231,1783541326981,15429,0,4,10,9,8,-3.60746,-1.05309,0.997081,0.482848,0.252891,0.777708,103,-2.47873,0.720952
231,1783541326981,15429,0,4,10,9,9,-1.13086,2.37747,0.64064,0.468855,0.164893,0.58928,346,-2.47873,0.720952
232,1783541327053,15452,0,4,9,9,0,2.13635,-0.473975,1.52751,0.487833,0.267913,0.420123,65,-2.51974,0.739747
232,1783541327053,15452,0,4,9,9,1,-0.418314,0.326303,0.62712,0.444172,0.211884,0.592123,223,-2.51974,0.739747
232,1783541327053,15452,0,4,9,9,2,4.83696,-0.588539,0.610651,0.0697541,0.582021,1.32215,43,-2.51974,0.739747
232,1783541327053,15452,0,4,9,9,3,1.86159,-1.94932,0.541772,0.290259,0.376321,0.587181,32,-2.51974,0.739747
232,1783541327053,15452,0,4,9,9,4,-0.0929493,-1.85923,0.567285,0.327221,0.199491,0.616472,107,-2.51974,0.739747
232,1783541327053,15452,0,4,9,9,5,-3.22392,-0.360303,1.73322,1.41877,0.156186,0.782661,1843,-2.51974,0.739747
232,1783541327053,15452,0,4,9,9,6,-3.64036,-1.01461,1.07255,0.499442,0.251886,0.780868,109,-2.51974,0.739747
232,1783541327053,15452,0,4,9,9,7,-1.11805,2.33798,0.601077,0.461913,0.158931,0.586843,332,-2.51974,0.739747
232,1783541327053,15452,0,4,9,9,8,1.81774,0.861728,0.529453,0.354465,0.242815,0.383488,32,-2.51974,0.739747
233,1783541327181,15485,0,4,9,9,0,2.09514,-0.532659,1.483,0.442891,0.261521,0.417563,61,-2.55285,0.759859
233,1783541327181,15485,0,4,9,9,1,-0.471915,0.287302,0.50636,0.344224,0.261791,0.590976,170,-2.55285,0.759859
233,1783541327181,15485,0,4,9,9,2,1.80915,-2.03196,0.533424,0.316512,0.374603,0.585841,45,-2.55285,0.759859
233,1783541327181,15485,0,4,9,9,3,-0.136591,-1.88027,0.55968,0.318079,0.19928,0.619666,104,-2.55285,0.759859
233,1783541327181,15485,0,4,9,9,4,-3.25324,-0.366072,1.69869,1.41504,0.158068,0.785936,1942,-2.55285,0.759859
233,1783541327181,15485,0,4,9,9,5,-3.67835,-1.0012,0.912542,0.417604,0.255841,0.782434,93,-2.55285,0.759859
233,1783541327181,15485,0,4,9,9,6,-1.0485,2.37019,0.551982,0.589408,0.160718,0.589182,317,-2.55285,0.759859
233,1783541327181,15485,0,4,9,9,7,1.78796,0.832368,0.416638,0.246032,0.233378,0.385357,29,-2.55285,0.759859
233,1783541327181,15485,0,4,9,9,8,4.75643,-0.706161,0.579346,0.121747,0.57812,1.32317,39,-2.55285,0.759859
234,1783541327243,15529,0,4,9,9,0,-0.411523,0.325939,0.557283,0.439499,0.230208,0.591556,167,-2.58756,0.779105
234,1783541327243,15529,0,4,9,9,1,2.10925,-0.474548,1.51511,0.419207,0.263998,0.417989,63,-2.58756,0.779105
234,1783541327243,15529,0,4,9,9,2,1.8093,-2.0125,0.589654,0.284962,0.376783,0.58275,36,-2.58756,0.779105
234,1783541327243,15529,0,4,9,9,3,-0.112744,-1.86682,0.583002,0.312146,0.200652,0.618084,97,-2.58756,0.779105
234,1783541327243,15529,0,4,9,9,4,-3.20571,-0.321021,1.75252,1.38975,0.155148,0.786908,1992,-2.58756,0.779105
234,1783541327243,15529,0,4,9,9,5,-3.72894,-0.990839,0.76117,0.404028,0.253379,0.783095,82,-2.58756,0.779105
234,1783541327243,15529,0,4,9,9,6,-1.09258,2.35849,0.586078,0.505843,0.157877,0.58557,313,-2.58756,0.779105
234,1783541327243,15529,0,4,9,9,7,1.77648,0.895365,0.468073,0.260148,0.233411,0.389683,28,-2.58756,0.779105
234,1783541327243,15529,0,4,9,9,8,4.69847,-0.637469,0.650907,0.43854,0.366731,1.32461,42,-2.58756,0.779105
235,1783541327382,15566,0,4,9,9,0,-0.462559,0.276186,0.47026,0.323864,0.246012,0.593503,163,-2.62474,0.792691
235,1783541327382,15566,0,4,9,9,1,2.10558,-0.540878,1.49749,0.394589,0.261855,0.418499,65,-2.62474,0.792691
235,1783541327382,15566,0,4,9,9,2,1.76964,-2.07566,0.549542,0.284791,0.37352,0.579701,35,-2.62474,0.792691
235,1783541327382,15566,0,4,9,9,3,-0.140484,-1.90011,0.585204,0.306819,0.257012,0.620569,94,-2.62474,0.792691
235,1783541327382,15566,0,4,9,9,4,-3.22295,-0.267507,1.86567,1.38219,0.155068,0.790285,2033,-2.62474,0.792691
235,1783541327382,15566,0,4,9,9,5,-3.75391,-1.00143,0.662257,0.380887,0.155919,0.784335,84,-2.62474,0.792691
235,1783541327382,15566,0,4,9,9,6,-1.05055,2.36505,0.594888,0.547228,0.158344,0.588437,310,-2.62474,0.792691
235,1783541327382,15566,0,4,9,9,7,1.80127,0.817648,0.530506,0.318169,0.235425,0.380259,23,-2.62474,0.792691
235,1783541327382,15566,0,4,9,9,8,4.66984,-0.740815,0.660854,0.462509,0.361715,1.32565,42,-2.62474,0.792691
236,1783541327443,15589,0,4,10,9,0,-0.46277,0.282632,0.483138,0.347701,0.269436,0.594489,163,-2.64813,0.800531
236,1783541327443,15589,0,4,10,9,1,2.11226,-0.539286,1.48982,0.390707,0.260945,0.418371,64,-2.64813,0.800531
236,1783541327443,15589,0,4,10,9,2,1.79485,-2.07264,0.593707,0.322776,0.363317,0.576788,36,-2.64813,0.800531
236,1783541327443,15589,0,4,10,9,3,-0.119419,-1.88509,0.58764,0.305834,0.330885,0.618786,90,-2.64813,0.800531
236,1783541327443,15589,0,4,10,9,4,-3.20261,-0.277691,1.83831,1.39135,0.155129,0.787112,2052,-2.64813,0.800531
236,1783541327443,15589,0,4,10,9,5,-3.77064,-0.989755,0.647788,0.349557,0.157239,0.782392,84,-2.64813,0.800531
236,1783541327443,15589,0,4,10,9,6,-1.02518,2.37493,0.594988,0.612677,0.158505,0.586389,310,-2.64813,0.800531
236,1783541327443,15589,0,4,10,9,7,1.79062,0.817128,0.492984,0.287732,0.234761,0.377967,21,-2.64813,0.800531
236,1783541327443,15589,0,4,10,9,8,4.66436,-0.733802,0.656889,0.468048,0.358326,1.32637,42,-2.64813,0.800531
236,1783541327443,15589,0,4,10,9,9,-5.0003,-1.20648,0.571528,0.198796,1.02904,1.38154,7,-2.64813,0.800531
237,1783541327578,15613,0,4,11,9,0,-0.471277,0.275793,0.46261,0.330287,0.260158,0.59116,158,-2.70622,0.820014
237,1783541327578,15613,0,4,11,9,1,2.17554,-0.540325,1.51471,0.506617,0.264241,0.417819,60,-2.70622,0.820014
237,1783541327578,15613,0,4,11,9,2,1.77357,-2.07909,0.597719,0.315451,0.357962,0.571874,37,-2.70622,0.820014
237,1783541327578,15613,0,4,11,9,3,-0.137524,-1.90108,0.619178,0.327203,0.314905,0.618009,90,-2.70622,0.820014
237,1783541327578,15613,0,4,11,9,4,-3.23452,-0.326613,1.78516,1.73502,0.155706,1.55534,2081,-2.70622,0.820014
237,1783541327578,15613,0,4,11,9,5,-3.79425,-0.963784,0.60321,0.328623,0.157284,0.78256,75,-2.70622,0.820014
237,1783541327578,15613,0,4,11,9,6,-1.0659,2.3382,0.569975,0.557409,0.15531,0.585823,308,-2.70622,0.820014
237,1783541327578,15613,0,4,11,9,7,1.79056,0.777363,0.546969,0.31642,0.305092,0.37239,17,-2.70622,0.820014
237,1783541327578,15613,0,4,11,9,8,4.77832,-0.714361,0.583663,0.06814,0.568521,1.32802,39,-2.70622,0.820014
237,1783541327578,15613,0,4,11,9,9,-3.39557,-2.14871,0.599199,0.0703756,0.295824,1.48277,10,-2.70622,0.820014
237,1783541327578,15613,0,4,11,9,10,-5.14713,-2.05405,0.661564,0.323059,0.573225,1.23411,10,-2.70622,0.820014
238,1783541327676,15593,0,4,11,9,0,-0.402956,0.263197,0.452435,0.443448,0.254422,0.592429,170,-2.74094,0.831666
238,1783541327676,15593,0,4,11,9,1,2.11562,-0.545142,1.5078,0.376947,0.263387,0.418255,60,-2.74094,0.831666
238,1783541327676,15593,0,4,11,9,2,1.77299,-2.06275,0.564557,0.291098,0.354812,0.566898,34,-2.74094,0.831666
238,1783541327676,15593,0,4,11,9,3,-0.154795,-1.89579,0.592758,0.317909,0.311131,0.613349,86,-2.74094,0.831666
238,1783541327676,15593,0,4,11,9,4,-3.22433,-0.27672,1.766,1.58258,0.156177,0.788216,2034,-2.74094,0.831666
238,1783541327676,15593,0,4,11,9,5,-3.77512,-1.01002,0.552711,0.300274,0.155401,0.78337,75,-2.74094,0.831666
238,1783541327676,15593,0,4,11,9,6,-1.06091,2.34741,0.584521,0.529221,0.155232,0.583938,305,-2.74094,0.831666
238,1783541327676,15593,0,4,11,9,7,1.78467,0.812313,0.515665,0.296431,0.308219,0.365559,17,-2.74094,0.831666
238,1783541327676,15593,0,4,11,9,8,4.78287,-0.709828,0.584984,0.0569591,0.565883,1.32935,39,-2.74094,0.831666
238,1783541327676,15593,0,4,11,9,9,-5.13222,-1.59461,0.464169,0.134453,0.404532,1.32036,6,-2.74094,0.831666
238,1783541327676,15593,0,4,11,9,10,-4.9533,0.00162887,0.713005,0.142136,0.493573,0.803314,6,-2.74094,0.831666
239,1783541327767,15619,0,4,9,9,0,-0.406171,0.256271,0.430409,0.411292,0.26546,0.594945,173,-2.76291,0.83904
239,1783541327767,15619,0,4,9,9,1,2.10214,-0.550987,1.5155,0.418514,0.266566,0.418269,63,-2.76291,0.83904
239,1783541327767,15619,0,4,9,9,2,1.77398,-2.07812,0.557618,0.284367,0.351611,0.563502,34,-2.76291,0.83904
239,1783541327767,15619,0,4,9,9,3,-0.154521,-1.8955,0.560933,0.300528,0.307171,0.607276,83,-2.76291,0.83904
239,1783541327767,15619,0,4,9,9,4,-3.23061,-0.257095,1.73491,1.53927,0.15521,0.787038,2053,-2.76291,0.83904
239,1783541327767,15619,0,4,9,9,5,-3.76142,-1.00697,0.551014,0.275091,0.15749,0.782528,77,-2.76291,0.83904
239,1783541327767,15619,0,4,9,9,6,-1.07353,2.34098,0.586239,0.514531,0.156733,0.585254,303,-2.76291,0.83904
239,1783541327767,15619,0,4,9,9,7,1.76713,0.817837,0.470768,0.268209,0.311595,0.3609,16,-2.76291,0.83904
239,1783541327767,15619,0,4,9,9,8,4.78597,-0.70685,0.58438,0.05,0.56356,1.33057,40,-2.76291,0.83904
240,1783541327872,15642,0,4,10,9,0,-0.424631,0.288398,0.553695,0.488951,0.239022,0.597436,179,-2.79777,0.85074
240,1783541327872,15642,0,4,10,9,1,2.09179,-0.550479,1.52761,0.44605,0.260406,0.417663,64,-2.79777,0.85074
240,1783541327872,15642,0,4,10,9,2,1.79543,-2.0784,0.60218,0.328819,0.339894,0.559849,35,-2.79777,0.85074
240,1783541327872,15642,0,4,10,9,3,-0.149802,-1.89504,0.557142,0.303205,0.296359,0.603079,85,-2.79777,0.85074
240,1783541327872,15642,0,4,10,9,4,-3.18676,-0.308715,1.87889,1.85749,0.156908,1.46779,2154,-2.79777,0.85074
240,1783541327872,15642,0,4,10,9,5,-1.08044,2.33843,0.604317,0.487111,0.156978,0.584842,302,-2.79777,0.85074
240,1783541327872,15642,0,4,10,9,6,1.79063,0.793154,0.548417,0.312495,0.289274,0.353627,17,-2.79777,0.85074
240,1783541327872,15642,0,4,10,9,7,4.78434,-0.701807,0.587511,0.05,0.560606,1.33185,40,-2.79777,0.85074
240,1783541327872,15642,0,4,10,9,8,-3.38045,-1.87195,0.673156,0.05,0.274034,1.12347,6,-2.79777,0.85074
240,1783541327872,15642,0,4,10,9,9,-3.31428,1.37574,1.14579,0.05,0.248425,0.762048,12,-2.79777,0.85074
241,1783541327963,15625,0,4,10,9,0,-0.457557,0.272841,0.481257,0.379007,0.234719,0.59352,174,-2.84305,0.865937
241,1783541327963,15625,0,4,10,9,1,2.10144,-0.55039,1.53794,0.452194,0.261304,0.417169,63,-2.84305,0.865937
241,1783541327963,15625,0,4,10,9,2,1.79935,-2.05697,0.584759,0.300845,0.33426,0.555492,33,-2.84305,0.865937
241,1783541327963,15625,0,4,10,9,3,-0.14412,-1.90349,0.598881,0.319502,0.289244,0.598676,86,-2.84305,0.865937
241,1783541327963,15625,0,4,10,9,4,-3.14894,-0.537109,1.93251,3.02813,0.156836,1.69519,2216,-2.84305,0.865937
241,1783541327963,15625,0,4,10,9,5,-1.08202,2.32728,0.580214,0.466837,0.156686,0.586051,294,-2.84305,0.865937
241,1783541327963,15625,0,4,10,9,6,1.77448,0.796977,0.501343,0.291157,0.29137,0.348227,16,-2.84305,0.865937
241,1783541327963,15625,0,4,10,9,7,4.79063,-0.698933,0.585922,0.0565341,0.557187,1.33308,40,-2.84305,0.865937
241,1783541327963,15625,0,4,10,9,8,-5.33585,-2.03863,0.437184,0.05,0.893003,1.4254,8,-2.84305,0.865937
241,1783541327963,15625,0,4,10,9,9,-5.22844,-0.890483,0.391825,0.340539,0.360775,0.583542,6,-2.84305,0.865937
242,1783541328060,15659,0,4,8,9,0,-0.472182,0.287849,0.501772,0.360618,0.234252,0.593908,167,-2.87803,0.877679
242,1783541328060,15659,0,4,8,9,1,2.10294,-0.550044,1.54859,0.421404,0.261365,0.417688,59,-2.87803,0.877679
242,1783541328060,15659,0,4,8,9,2,1.78757,-2.06871,0.577575,0.293047,0.332811,0.551715,33,-2.87803,0.877679
242,1783541328060,15659,0,4,8,9,3,-0.128598,-1.89171,0.604462,0.319846,0.284582,0.594743,86,-2.87803,0.877679
242,1783541328060,15659,0,4,8,9,4,-3.19315,-0.432432,1.75322,1.57908,0.15656,1.36422,2185,-2.87803,0.877679
242,1783541328060,15659,0,4,8,9,5,-1.08503,2.32114,0.593279,0.460003,0.155536,0.588688,299,-2.87803,0.877679
242,1783541328060,15659,0,4,8,9,6,1.77249,0.803081,0.466246,0.270705,0.289824,0.341562,15,-2.87803,0.877679
242,1783541328060,15659,0,4,8,9,7,4.74259,-0.714999,0.544819,0.136808,0.564118,1.33425,35,-2.87803,0.877679
243,1783541328166,15657,0,4,8,8,0,-0.458811,0.299047,0.537245,0.366373,0.230688,0.592432,159,-2.91658,0.890616
243,1783541328166,15657,0,4,8,8,1,2.09823,-0.541746,1.4894,0.404997,0.266986,0.416489,51,-2.91658,0.890616
243,1783541328166,15657,0,4,8,8,2,1.77769,-2.08178,0.570239,0.292002,0.330433,0.548376,33,-2.91658,0.890616
243,1783541328166,15657,0,4,8,8,3,-0.151315,-1.89493,0.571691,0.316406,0.277014,0.589007,85,-2.91658,0.890616
243,1783541328166,15657,0,4,8,8,4,-3.22288,-0.368599,1.734,1.63238,0.155096,1.32881,2197,-2.91658,0.890616
243,1783541328166,15657,0,4,8,8,5,-1.10392,2.32659,0.58212,0.440821,0.155157,0.586338,295,-2.91658,0.890616
243,1783541328166,15657,0,4,8,8,6,1.79301,0.769109,0.549034,0.293853,0.268052,0.335225,16,-2.91658,0.890616
243,1783541328166,15657,0,4,8,8,7,4.7431,-0.710792,0.547193,0.141112,0.561523,1.33561,35,-2.91658,0.890616
244,1783541328256,15657,0,4,10,8,0,-0.478549,0.277599,0.474444,0.314407,0.222639,0.592883,144,-2.94931,0.901601
244,1783541328256,15657,0,4,10,8,1,2.09988,-0.540086,1.49792,0.389038,0.261437,0.415769,53,-2.94931,0.901601
244,1783541328256,15657,0,4,10,8,2,1.76368,-2.08397,0.574071,0.269964,0.328748,0.544879,31,-2.94931,0.901601
244,1783541328256,15657,0,4,10,8,3,-0.130149,-1.88315,0.579757,0.349428,0.271346,0.585326,84,-2.94931,0.901601
244,1783541328256,15657,0,4,10,8,4,-3.22408,-0.482096,1.72094,2.30144,0.155221,1.58184,2224,-2.94931,0.901601
244,1783541328256,15657,0,4,10,8,5,-1.1177,2.32608,0.574414,0.419269,0.155124,0.586894,288,-2.94931,0.901601
244,1783541328256,15657,0,4,10,8,6,1.78043,0.798039,0.523196,0.324891,0.267994,0.33174,16,-2.94931,0.901601
244,1783541328256,15657,0,4,10,8,7,4.74193,-0.705481,0.549962,0.144459,0.559434,1.33723,35,-2.94931,0.901601
244,1783541328256,15657,0,4,10,8,8,-5.0037,-0.425238,1.05768,0.576283,0.505446,1.22964,16,-2.94931,0.901601
244,1783541328256,15657,0,4,10,8,9,-3.32176,1.56262,0.571878,0.05,0.227107,1.26954,13,-2.94931,0.901601
245,1783541328360,15646,0,4,12,8,0,-0.463805,0.283945,0.500719,0.34616,0.263335,0.593914,141,-2.98714,0.914299
245,1783541328360,15646,0,4,12,8,1,2.1002,-0.538287,1.50774,0.395776,0.261833,0.414575,45,-2.98714,0.914299
245,1783541328360,15646,0,4,12,8,2,1.79445,-2.04887,0.598258,0.291961,0.31468,0.540443,32,-2.98714,0.914299
245,1783541328360,15646,0,4,12,8,3,-0.125275,-1.88708,0.61324,0.300927,0.266466,0.581182,82,-2.98714,0.914299
245,1783541328360,15646,0,4,12,8,4,-3.35416,-0.317576,1.81516,2.10316,0.156381,1.49443,2132,-2.98714,0.914299
245,1783541328360,15646,0,4,12,8,5,-3.6803,-1.13543,0.742323,0.257533,0.161231,1.10175,81,-2.98714,0.914299
245,1783541328360,15646,0,4,12,8,6,-1.11413,2.30504,0.563697,0.404494,0.157249,0.58716,283,-2.98714,0.914299
245,1783541328360,15646,0,4,12,8,7,1.7774,0.831909,0.49566,0.28271,0.271731,0.323632,16,-2.98714,0.914299
245,1783541328360,15646,0,4,12,8,8,4.73909,-0.699299,0.548368,0.142335,0.557214,1.33835,35,-2.98714,0.914299
245,1783541328360,15646,0,4,12,8,9,-5.29309,-1.32654,0.393623,0.407878,0.402845,0.943587,7,-2.98714,0.914299
245,1783541328360,15646,0,4,12,8,10,-5.0881,2.50654,1.0386,0.118703,0.4041,1.49748,17,-2.98714,0.914299
245,1783541328360,15646,0,4,12,8,11,-3.08566,-2.69115,0.544651,0.05,0.43816,1.31706,7,-2.98714,0.914299
246,1783541328459,15654,0,4,9,8,0,-0.445808,0.276299,0.491666,0.379735,0.253816,0.593675,138,-3.02315,0.926383
246,1783541328459,15654,0,4,9,8,1,2.10794,-0.540212,1.52111,0.386901,0.345061,0.412398,41,-3.02315,0.926383
246,1783541328459,15654,0,4,9,8,2,1.78917,-2.06454,0.592286,0.308876,0.310553,0.537221,32,-3.02315,0.926383
246,1783541328459,15654,0,4,9,8,3,-0.148063,-1.89724,0.612128,0.309409,0.264801,0.577624,80,-3.02315,0.926383
246,1783541328459,15654,0,4,9,8,4,-3.23809,-0.210928,1.71836,1.60323,0.156401,1.27398,2104,-3.02315,0.926383
246,1783541328459,15654,0,4,9,8,5,-3.75635,-1.07087,0.570404,0.191944,0.155117,0.784112,85,-3.02315,0.926383
246,1783541328459,15654,0,4,9,8,6,-1.11421,2.29955,0.573223,0.397642,0.158186,0.593427,282,-3.02315,0.926383
246,1783541328459,15654,0,4,9,8,7,1.76651,0.834842,0.453308,0.263945,0.272087,0.318676,15,-3.02315,0.926383
246,1783541328459,15654,0,4,9,8,8,4.73824,-0.694055,0.551889,0.130725,0.554135,1.33948,35,-3.02315,0.926383
247,1783541328552,15645,0,4,11,8,0,-0.476794,0.286981,0.465764,0.316532,0.242567,0.597837,133,-3.05697,0.937734
247,1783541328552,15645,0,4,11,8,1,2.10487,-0.540934,1.5273,0.384601,0.340183,0.411694,41,-3.05697,0.937734
247,1783541328552,15645,0,4,11,8,2,1.77521,-2.06423,0.593704,0.282742,0.308659,0.533441,30,-3.05697,0.937734
247,1783541328552,15645,0,4,11,8,3,-0.152986,-1.89654,0.58476,0.302816,0.265103,0.572853,74,-3.05697,0.937734
247,1783541328552,15645,0,4,11,8,4,-3.24522,-0.572579,1.58371,2.09578,0.157435,1.39246,2206,-3.05697,0.937734
247,1783541328552,15645,0,4,11,8,5,-1.11222,2.28729,0.593025,0.370539,0.155849,0.594018,282,-3.05697,0.937734
247,1783541328552,15645,0,4,11,8,6,1.77272,0.85286,0.442501,0.216921,0.273116,0.310203,15,-3.05697,0.937734
247,1783541328552,15645,0,4,11,8,7,4.79549,-0.7354,0.642269,0.258837,0.551662,1.3405,36,-3.05697,0.937734
247,1783541328552,15645,0,4,11,8,8,-5.28929,-1.21102,0.781355,0.333689,0.858259,1.47687,10,-3.05697,0.937734
247,1783541328552,15645,0,4,11,8,9,-3.31049,1.62515,0.463371,0.05,0.742646,1.35021,6,-3.05697,0.937734
247,1783541328552,15645,0,4,11,8,10,-4.91694,0.841374,0.678599,0.199999,0.901699,1.28715,7,-3.05697,0.937734
248,1783541328658,15650,0,4,9,8,0,-0.474473,0.293608,0.481954,0.353489,0.230169,0.596654,131,-3.09553,0.950677
248,1783541328658,15650,0,4,9,8,1,2.09778,-0.542216,1.51031,0.364989,0.334573,0.409522,40,-3.09553,0.950677
248,1783541328658,15650,0,4,9,8,2,1.78445,-2.03195,0.510545,0.267057,0.306045,0.529923,28,-3.09553,0.950677
248,1783541328658,15650,0,4,9,8,3,-0.147659,-1.88675,0.587095,0.310889,0.265872,0.566258,73,-3.09553,0.950677
248,1783541328658,15650,0,4,9,8,4,-3.26235,-0.227797,1.76065,1.68055,0.155741,1.4866,2124,-3.09553,0.950677
248,1783541328658,15650,0,4,9,8,5,-3.69214,-1.09171,0.71404,0.16142,0.168071,1.15272,84,-3.09553,0.950677
248,1783541328658,15650,0,4,9,8,6,-1.1353,2.29277,0.579013,0.348414,0.156094,0.588598,274,-3.09553,0.950677
248,1783541328658,15650,0,4,9,8,7,1.74884,0.851063,0.410274,0.169056,0.275607,0.304288,14,-3.09553,0.950677
248,1783541328658,15650,0,4,9,8,8,4.78107,-0.726963,0.62979,0.231769,0.548371,1.34182,37,-3.09553,0.950677
249,1783541328759,15624,0,4,9,8,0,-0.447735,0.277525,0.464018,0.387405,0.222642,0.61111,122,-3.13227,0.963005
249,1783541328759,15624,0,4,9,8,1,2.08428,-0.543257,1.51521,0.353136,0.331655,0.407595,40,-3.13227,0.963005
249,1783541328759,15624,0,4,9,8,2,1.8918,-2.11528,0.510889,0.487563,0.303341,0.675497,30,-3.13227,0.963005
249,1783541328759,15624,0,4,9,8,3,-0.161725,-1.88603,0.556605,0.3005,0.262349,0.562995,71,-3.13227,0.963005
249,1783541328759,15624,0,4,9,8,4,-3.25233,-0.217981,1.72558,1.66871,0.155032,1.54011,2113,-3.13227,0.963005
249,1783541328759,15624,0,4,9,8,5,-3.75486,-1.07743,0.602007,0.194874,0.156031,0.785421,85,-3.13227,0.963005
249,1783541328759,15624,0,4,9,8,6,-1.13728,2.30657,0.573338,0.362469,0.156,0.591453,264,-3.13227,0.963005
249,1783541328759,15624,0,4,9,8,7,1.89378,0.792516,0.483596,0.392848,0.275325,0.409427,24,-3.13227,0.963005
249,1783541328759,15624,0,4,9,8,8,4.76076,-0.713404,0.616983,0.166369,0.545954,1.34289,37,-3.13227,0.963005
250,1783541328859,15629,0,4,8,8,0,-0.440356,0.270504,0.406167,0.374895,0.225179,0.615023,123,-3.16855,0.975183
250,1783541328859,15629,0,4,8,8,1,2.08571,-0.54413,1.51873,0.347707,0.326419,0.404691,40,-3.16855,0.975183
250,1783541328859,15629,0,4,8,8,2,1.88906,-2.09619,0.458929,0.440149,0.299242,0.680706,29,-3.16855,0.975183
250,1783541328859,15629,0,4,8,8,3,-0.163577,-1.89281,0.587164,0.31258,0.260417,0.557801,71,-3.16855,0.975183
250,1783541328859,15629,0,4,8,8,4,-3.22015,-0.325271,1.68833,1.74747,0.156843,1.5604,2214,-3.16855,0.975183
250,1783541328859,15629,0,4,8,8,5,-1.14672,2.29414,0.584264,0.338567,0.201025,0.588946,260,-3.16855,0.975183
250,1783541328859,15629,0,4,8,8,6,1.88567,0.807506,0.415024,0.396143,0.276245,0.409799,25,-3.16855,0.975183
250,1783541328859,15629,0,4,8,8,7,4.7504,-0.702693,0.606927,0.122193,0.541172,1.34429,37,-3.16855,0.975183
251,1783541328954,15645,0,4,9,8,0,-0.441584,0.299474,0.536542,0.452851,0.280555,0.609114,122,-3.20298,0.986738
251,1783541328954,15645,0,4,9,8,1,2.07667,-0.523463,1.48468,0.337726,0.321856,0.400596,38,-3.20298,0.986738
251,1783541328954,15645,0,4,9,8,2,1.88026,-2.09158,0.4204,0.396431,0.306341,0.682921,27,-3.20298,0.986738
251,1783541328954,15645,0,4,9,8,3,-0.1674,-1.89224,0.557493,0.314919,0.261805,0.554667,64,-3.20298,0.986738
251,1783541328954,15645,0,4,9,8,4,-3.25582,-0.417103,1.67125,1.81578,0.156218,1.66275,2138,-3.20298,0.986738
251,1783541328954,15645,0,4,9,8,5,-2.81132,-1.15111,0.599537,0.107742,0.160178,0.79256,65,-3.20298,0.986738
251,1783541328954,15645,0,4,9,8,6,-1.13396,2.31203,0.575187,0.379279,0.196649,0.589243,254,-3.20298,0.986738
251,1783541328954,15645,0,4,9,8,7,1.86777,0.820807,0.383056,0.399876,0.269038,0.408798,25,-3.20298,0.986738
251,1783541328954,15645,0,4,9,8,8,4.62836,-0.670525,0.60273,0.406612,0.540839,1.34528,35,-3.20298,0.986738
252,1783541329052,15658,0,4,9,8,0,-0.488889,0.290347,0.476246,0.366533,0.256963,0.609427,121,-3.23845,0.998642
252,1783541329052,15658,0,4,9,8,1,2.08123,-0.52743,1.48485,0.347439,0.316033,0.396515,38,-3.23845,0.998642
252,1783541329052,15658,0,4,9,8,2,1.87033,-2.08198,0.503986,0.448272,0.301363,0.683118,28,-3.23845,0.998642
252,1783541329052,15658,0,4,9,8,3,-0.133071,-1.86829,0.544014,0.321627,0.265166,0.549279,58,-3.23845,0.998642
252,1783541329052,15658,0,4,9,8,4,-3.2647,-0.157824,1.61136,1.49692,0.156007,1.64233,2058,-3.23845,0.998642
252,1783541329052,15658,0,4,9,8,5,-3.28295,-1.25023,1.51649,0.499971,0.159062,1.57461,155,-3.23845,0.998642
252,1783541329052,15658,0,4,9,8,6,-1.1496,2.29772,0.585381,0.347609,0.19195,0.588423,245,-3.23845,0.998642
252,1783541329052,15658,0,4,9,8,7,1.84298,0.826799,0.377082,0.420108,0.26238,0.408011,25,-3.23845,0.998642
252,1783541329052,15658,0,4,9,8,8,4.61651,-0.713194,0.613348,0.480023,0.538803,1.34741,38,-3.23845,0.998642
253,1783541329182,15651,0,4,8,8,0,2.08692,-0.530481,1.49507,0.349984,0.312046,0.387845,39,-3.28524,1.01434
253,1783541329182,15651,0,4,8,8,1,-0.504599,0.303767,0.488198,0.308079,0.258822,0.609782,120,-3.28524,1.01434
253,1783541329182,15651,0,4,8,8,2,1.82793,-2.04853,0.490089,0.356343,0.298034,0.683584,27,-3.28524,1.01434
253,1783541329182,15651,0,4,8,8,3,-0.111683,-1.86307,0.552103,0.348035,0.25874,0.543833,55,-3.28524,1.01434
253,1783541329182,15651,0,4,8,8,4,-3.2805,-0.371645,1.64192,1.95517,0.155074,1.65863,2221,-3.28524,1.01434
253,1783541329182,15651,0,4,8,8,5,-1.14955,2.31371,0.577081,0.37382,0.188558,0.591048,246,-3.28524,1.01434
253,1783541329182,15651,0,4,8,8,6,1.83107,0.799693,0.350736,0.415552,0.26053,0.399822,23,-3.28524,1.01434
253,1783541329182,15651,0,4,8,8,7,4.69393,-0.719904,0.591345,0.233121,0.527801,1.34862,37,-3.28524,1.01434
254,1783541329252,15658,0,4,11,8,0,2.08919,-0.531778,1.49155,0.359638,0.306511,0.386292,39,-3.30769,1.02188
254,1783541329252,15658,0,4,11,8,1,-0.494044,0.305725,0.50167,0.328681,0.253516,0.610286,119,-3.30769,1.02188
254,1783541329252,15658,0,4,11,8,2,1.80661,-2.04289,0.489291,0.326392,0.307487,0.682542,26,-3.30769,1.02188
254,1783541329252,15658,0,4,11,8,3,-0.065651,-1.95603,0.554797,0.527886,0.264424,0.623982,56,-3.30769,1.02188
254,1783541329252,15658,0,4,11,8,4,-3.27826,-0.298896,1.68615,1.83915,0.157149,1.62947,2232,-3.30769,1.02188
254,1783541329252,15658,0,4,11,8,5,-1.15394,2.29783,0.567302,0.342364,0.183037,0.590199,237,-3.30769,1.02188
254,1783541329252,15658,0,4,11,8,6,1.87431,0.757049,0.405422,0.377155,0.261008,0.400179,19,-3.30769,1.02188
254,1783541329252,15658,0,4,11,8,7,4.67662,-0.71272,0.590618,0.268637,0.527312,1.34931,37,-3.30769,1.02188
254,1783541329252,15658,0,4,11,8,8,-5.24495,-1.11312,1.07187,0.255467,0.380504,1.54214,17,-3.30769,1.02188
254,1783541329252,15658,0,4,11,8,9,-6.11859,-1.50746,0.67826,0.152063,0.693909,0.988724,7,-3.30769,1.02188
254,1783541329252,15658,0,4,11,8,10,-6.50534,-2.13421,0.742298,0.05,0.916338,1.31157,9,-3.30769,1.02188
255,1783541329375,15625,0,4,14,8,0,-0.482117,0.309653,0.519427,0.36684,0.238416,0.609573,120,-3.34115,1.03311
255,1783541329375,15625,0,4,14,8,1,2.0957,-0.533192,1.49738,0.368093,0.300938,0.38142,39,-3.34115,1.03311
255,1783541329375,15625,0,4,14,8,2,1.77821,-2.04788,0.476716,0.278288,0.303411,0.682864,27,-3.34115,1.03311
255,1783541329375,15625,0,4,14,8,3,-0.0691541,-1.93261,0.558825,0.490838,0.254674,0.626419,55,-3.34115,1.03311
255,1783541329375,15625,0,4,14,8,4,-3.39193,-0.539003,1.85003,2.05209,0.157621,1.56739,2226,-3.34115,1.03311
255,1783541329375,15625,0,4,14,8,5,-1.1546,2.31661,0.577081,0.365449,0.180038,0.589946,239,-3.34115,1.03311
255,1783541329375,15625,0,4,14,8,6,1.86768,0.792792,0.420534,0.329447,0.261626,0.409617,16,-3.34115,1.03311
255,1783541329375,15625,0,4,14,8,7,4.58293,-0.695755,0.638719,0.554252,0.524471,1.35039,38,-3.34115,1.03311
255,1783541329375,15625,0,4,14,8,8,-5.02528,0.447137,1.95278,0.606159,0.244245,1.50599,35,-3.34115,1.03311
255,1783541329375,15625,0,4,14,8,9,-5.41183,-1.41993,1.6447,1.27698,0.483755,1.52507,33,-3.34115,1.03311
255,1783541329375,15625,0,4,14,8,10,-6.24618,-0.344443,0.729378,0.282347,0.967389,1.46514,12,-3.34115,1.03311
255,1783541329375,15625,0,4,14,8,11,-4.66234,1.99283,1.13017,0.05,0.872198,1.57478,11,-3.34115,1.03311
255,1783541329375,15625,0,4,14,8,12,-3.32901,1.77498,0.517852,0.05,0.621552,1.1324,7,-3.34115,1.03311
255,1783541329375,15625,0,4,14,8,13,-2.52388,0.853914,0.854853,0.05,1.29522,1.30932,7,-3.34115,1.03311
256,1783541329446,15610,0,4,9,8,0,-0.309873,0.503869,1.03362,0.436559,0.239076,1.16498,121,-3.35312,1.03713
256,1783541329446,15610,0,4,9,8,1,2.0791,-0.534958,1.49632,0.345017,0.300595,0.380366,38,-3.35312,1.03713
256,1783541329446,15610,0,4,9,8,2,1.78,-2.05331,0.476976,0.270144,0.302456,0.682293,27,-3.35312,1.03713
256,1783541329446,15610,0,4,9,8,3,-0.0955702,-1.92404,0.557013,0.44762,0.278948,1.12759,55,-3.35312,1.03713
256,1783541329446,15610,0,4,9,8,4,-3.2881,-0.759187,1.7984,2.63561,0.155579,1.63404,2250,-3.35312,1.03713
256,1783541329446,15610,0,4,9,8,5,-1.08933,2.35129,0.583976,0.665619,0.161519,0.605038,239,-3.35312,1.03713
256,1783541329446,15610,0,4,9,8,6,1.81662,0.834921,0.401824,0.295111,0.263063,0.400366,14,-3.35312,1.03713
256,1783541329446,15610,0,4,9,8,7,4.59078,-0.69481,0.630835,0.53879,0.523498,1.35117,38,-3.35312,1.03713
256,1783541329446,15610,0,4,9,8,8,-5.78744,-0.318557,3.66858,1.90165,0.456512,1.57669,247,-3.35312,1.03713
257,1783541329548,15608,0,4,11,8,0,-0.444813,0.330636,0.596297,0.418148,0.238442,1.29198,117,-3.35708,1.03846
257,1783541329548,15608,0,4,11,8,1,2.07633,-0.533028,1.49842,0.325306,0.3019,0.379923,38,-3.35708,1.03846
257,1783541329548,15608,0,4,11,8,2,1.7764,-2.05204,0.476503,0.266904,0.30214,0.682909,27,-3.35708,1.03846
257,1783541329548,15608,0,4,11,8,3,-0.0955436,-1.92292,0.559089,0.449016,0.278513,0.626568,53,-3.35708,1.03846
257,1783541329548,15608,0,4,11,8,4,-3.30029,-0.703696,1.63717,2.53553,0.156224,1.61411,2230,-3.35708,1.03846
257,1783541329548,15608,0,4,11,8,5,-1.1888,2.28539,0.585637,0.427597,0.155707,0.592439,234,-3.35708,1.03846
257,1783541329548,15608,0,4,11,8,6,1.83127,0.833257,0.391722,0.307206,0.261456,0.408166,14,-3.35708,1.03846
257,1783541329548,15608,0,4,11,8,7,4.56697,-0.685807,0.609054,0.553106,0.523129,1.35078,39,-3.35708,1.03846
257,1783541329548,15608,0,4,11,8,8,-5.55624,-0.912646,2.27466,0.899526,0.371297,1.40365,43,-3.35708,1.03846
257,1783541329548,15608,0,4,11,8,9,-4.37007,0.766813,2.00399,0.456725,0.72956,1.63742,25,-3.35708,1.03846
257,1783541329548,15608,0,4,11,8,10,-5.67184,0.744681,1.26217,0.36888,0.488908,1.57438,16,-3.35708,1.03846
258,1783541329672,15605,0,4,9,7,0,2.06936,-0.534271,1.5013,0.332641,0.302193,0.379843,38,-3.35707,1.03845
258,1783541329672,15605,0,4,9,7,1,-0.478218,0.31051,0.526497,0.372566,0.238382,0.609831,116,-3.35707,1.03845
258,1783541329672,15605,0,4,9,7,2,1.77452,-2.05193,0.475782,0.276825,0.303313,0.682283,27,-3.35707,1.03845
258,1783541329672,15605,0,4,9,7,3,-0.0992884,-1.92396,0.557231,0.477665,0.278452,0.625481,53,-3.35707,1.03845
258,1783541329672,15605,0,4,9,7,4,-3.27101,-0.412104,1.67669,1.98324,0.157794,1.59443,2199,-3.35707,1.03845
258,1783541329672,15605,0,4,9,7,5,-1.06421,2.37143,0.583363,0.58153,0.175572,0.604506,239,-3.35707,1.03845
258,1783541329672,15605,0,4,9,7,6,1.81657,0.818271,0.362801,0.282802,0.2613,0.400309,13,-3.35707,1.03845
258,1783541329672,15605,0,4,9,7,7,4.57714,-0.690983,0.630656,0.546073,0.5234,1.351,38,-3.35707,1.03845
258,1783541329672,15605,0,4,9,7,8,-5.35841,-0.993368,1.10163,0.425533,0.912688,1.46285,15,-3.35707,1.03845
259,1783541329775,15605,0,4,9,7,0,-0.511529,0.286891,0.449241,0.283619,0.239196,0.609122,112,-3.3603,1.03954
259,1783541329775,15605,0,4,9,7,1,2.07268,-0.534562,1.50198,0.328782,0.301523,0.378081,38,-3.3603,1.03954
259,1783541329775,15605,0,4,9,7,2,1.7769,-2.05216,0.48043,0.283445,0.301004,0.680741,26,-3.3603,1.03954
259,1783541329775,15605,0,4,9,7,3,-0.090266,-1.92826,0.560609,0.472818,0.278113,0.624936,52,-3.3603,1.03954
259,1783541329775,15605,0,4,9,7,4,-3.27936,-0.244876,1.60968,1.13789,0.155083,0.792089,2003,-3.3603,1.03954
259,1783541329775,15605,0,4,9,7,5,-3.27679,-1.07334,1.51715,0.152035,0.155142,0.792912,168,-3.3603,1.03954
259,1783541329775,15605,0,4,9,7,6,-1.15101,2.3063,0.584659,0.370564,0.174401,0.589833,234,-3.3603,1.03954
259,1783541329775,15605,0,4,9,7,7,1.8045,0.824035,0.366646,0.28575,0.261824,0.397869,13,-3.3603,1.03954
259,1783541329775,15605,0,4,9,7,8,4.70146,-0.712536,0.600739,0.209216,0.523124,1.35099,37,-3.3603,1.03954
260,1783541329865,15561,0,4,8,7,0,-0.505368,0.293423,0.468992,0.295307,0.235115,0.609872,104,-3.38557,1.04802
260,1783541329865,15561,0,4,8,7,1,2.0663,-0.535886,1.50902,0.310748,0.311732,0.373873,37,-3.38557,1.04802
260,1783541329865,15561,0,4,8,7,2,1.80128,-2.02094,0.547809,0.298645,0.300883,0.679609,28,-3.38557,1.04802
260,1783541329865,15561,0,4,8,7,3,-0.106369,-1.91743,0.528606,0.42627,0.271763,0.625973,50,-3.38557,1.04802
260,1783541329865,15561,0,4,8,7,4,-3.28694,-0.53525,1.66093,1.71851,0.155433,1.51641,2145,-3.38557,1.04802
260,1783541329865,15561,0,4,8,7,5,-1.14165,2.31164,0.573705,0.353855,0.176356,0.587755,230,-3.38557,1.04802
260,1783541329865,15561,0,4,8,7,6,1.85863,0.808967,0.380535,0.0646996,0.389691,0.398077,12,-3.38557,1.04802
260,1783541329865,15561,0,4,8,7,7,4.68945,-0.707352,0.599471,0.250718,0.520391,1.35245,37,-3.38557,1.04802
261,1783541329971,15481,0,4,9,7,0,-0.49612,0.300812,0.49328,0.323376,0.231304,0.609845,96,-3.42823,1.06234
261,1783541329971,15481,0,4,9,7,1,2.02396,-0.536815,1.50769,0.225511,0.306953,0.368352,36,-3.42823,1.06234
261,1783541329971,15481,0,4,9,7,2,1.79498,-2.00733,0.508823,0.264635,0.463428,0.682179,26,-3.42823,1.06234
261,1783541329971,15481,0,4,9,7,3,-0.0962918,-1.92494,0.506299,0.405251,0.269873,0.629302,51,-3.42823,1.06234
261,1783541329971,15481,0,4,9,7,4,-3.28251,-0.301968,1.5868,1.20347,0.161181,1.67291,1907,-3.42823,1.06234
261,1783541329971,15481,0,4,9,7,5,-3.27387,-1.17635,1.51529,0.395273,0.16952,1.24537,169,-3.42823,1.06234
261,1783541329971,15481,0,4,9,7,6,-1.08465,2.36467,0.56361,0.529791,0.177866,0.602839,231,-3.42823,1.06234
261,1783541329971,15481,0,4,9,7,7,1.80084,0.824194,0.379371,0.0715365,0.391626,0.401177,12,-3.42823,1.06234
261,1783541329971,15481,0,4,9,7,8,4.54625,-0.673712,0.586793,0.556329,0.517008,1.35325,40,-3.42823,1.06234
262,1783541330065,15431,0,4,8,7,0,-0.479808,0.303457,0.513715,0.343678,0.263125,0.607206,95,-3.46901,1.07602
262,1783541330065,15431,0,4,8,7,1,2.0296,-0.541692,1.51605,0.247366,0.302369,0.364043,36,-3.46901,1.07602
262,1783541330065,15431,0,4,8,7,2,1.78398,-2.01407,0.508864,0.248105,0.460793,0.680882,26,-3.46901,1.07602
262,1783541330065,15431,0,4,8,7,3,-0.104373,-1.90614,0.543504,0.369315,0.264115,0.632227,59,-3.46901,1.07602
262,1783541330065,15431,0,4,8,7,4,-3.27175,-0.338356,1.68772,1.65581,0.155654,0.994155,2046,-3.46901,1.07602
262,1783541330065,15431,0,4,8,7,5,-1.08813,2.35519,0.581165,0.501981,0.176801,0.603376,226,-3.46901,1.07602
262,1783541330065,15431,0,4,8,7,6,1.75016,0.840351,0.375836,0.11409,0.391572,0.406797,12,-3.46901,1.07602
262,1783541330065,15431,0,4,8,7,7,4.5518,-0.674973,0.686538,0.681932,0.512422,1.35508,40,-3.46901,1.07602
263,1783541330166,15417,0,4,9,7,0,-0.506835,0.286413,0.455633,0.286986,0.272275,0.605267,91,-3.5134,1.09092
263,1783541330166,15417,0,4,9,7,1,2.03101,-0.541006,1.51863,0.262661,0.30182,0.357004,35,-3.5134,1.09092
263,1783541330166,15417,0,4,9,7,2,1.77433,-2.03003,0.505656,0.251954,0.457701,0.682192,26,-3.5134,1.09092
263,1783541330166,15417,0,4,9,7,3,-0.14029,-1.90852,0.548733,0.320777,0.260715,0.635446,58,-3.5134,1.09092
263,1783541330166,15417,0,4,9,7,4,-3.27035,-0.373024,1.69498,1.95155,0.156985,1.54554,2024,-3.5134,1.09092
263,1783541330166,15417,0,4,9,7,5,-1.17338,2.28909,0.600218,0.643691,0.155129,0.603643,223,-3.5134,1.09092
263,1783541330166,15417,0,4,9,7,6,1.75887,0.813773,0.457961,0.284249,0.362622,0.404893,13,-3.5134,1.09092
263,1783541330166,15417,0,4,9,7,7,4.5387,-0.682991,0.764667,0.751394,0.517343,1.35665,41,-3.5134,1.09092
263,1783541330166,15417,0,4,9,7,8,-5.34884,-1.3001,0.865298,0.05,0.593248,1.4871,11,-3.5134,1.09092
264,1783541330267,15362,0,4,8,7,0,-0.491157,0.291961,0.479436,0.32761,0.250309,0.602929,91,-3.55614,1.10527
264,1783541330267,15362,0,4,8,7,1,2.03775,-0.501119,1.4451,0.278051,0.298591,0.351502,33,-3.55614,1.10527
264,1783541330267,15362,0,4,8,7,2,1.76006,-2.00311,0.469468,0.261039,0.454715,0.682101,24,-3.55614,1.10527
264,1783541330267,15362,0,4,8,7,3,-0.143459,-1.88858,0.555101,0.295752,0.256132,0.631019,59,-3.55614,1.10527
264,1783541330267,15362,0,4,8,7,4,-3.21738,-0.446895,1.81751,1.56544,0.155923,0.948066,1953,-3.55614,1.10527
264,1783541330267,15362,0,4,8,7,5,-1.10456,2.33796,0.595202,0.471202,0.171513,0.604977,217,-3.55614,1.10527
264,1783541330267,15362,0,4,8,7,6,1.73995,0.83903,0.434615,0.279778,0.363706,0.403169,13,-3.55614,1.10527
264,1783541330267,15362,0,4,8,7,7,4.53873,-0.678746,0.786408,0.752841,0.516701,1.35816,40,-3.55614,1.10527
265,1783541330363,15325,0,4,9,7,0,-0.489948,0.296587,0.491737,0.351328,0.26882,0.600563,90,-3.59249,1.11747
265,1783541330363,15325,0,4,9,7,1,2.04334,-0.458292,1.36621,0.311933,0.298166,0.345895,30,-3.59249,1.11747
265,1783541330363,15325,0,4,9,7,2,1.75044,-2.01333,0.467746,0.257128,0.452396,0.679671,24,-3.59249,1.11747
265,1783541330363,15325,0,4,9,7,3,-0.161567,-1.88316,0.523419,0.262998,0.254715,0.627752,55,-3.59249,1.11747
265,1783541330363,15325,0,4,9,7,4,-3.27928,-0.185154,1.57927,0.965296,0.156933,1.40144,1737,-3.59249,1.11747
265,1783541330363,15325,0,4,9,7,5,-3.27633,-1.01199,1.53747,0.2911,0.156515,1.56806,172,-3.59249,1.11747
265,1783541330363,15325,0,4,9,7,6,-1.12573,2.32455,0.578692,0.424513,0.170078,0.606543,214,-3.59249,1.11747
265,1783541330363,15325,0,4,9,7,7,1.73487,0.855607,0.42279,0.228115,0.365343,0.396754,13,-3.59249,1.11747
265,1783541330363,15325,0,4,9,7,8,4.47047,-0.681358,0.638197,0.612909,0.514288,1.35878,38,-3.59249,1.11747
266,1783541330460,15296,0,4,10,7,0,-0.489902,0.298257,0.495662,0.356961,0.262273,0.599076,90,-3.60105,1.12034
266,1783541330460,15296,0,4,10,7,1,2.05048,-0.438259,1.3261,0.331898,0.298589,0.344882,29,-3.60105,1.12034
266,1783541330460,15296,0,4,10,7,2,1.79391,-1.98163,0.536667,0.26401,0.443808,0.678586,26,-3.60105,1.12034
266,1783541330460,15296,0,4,10,7,3,-0.165581,-1.88879,0.524777,0.280257,0.252702,0.625774,54,-3.60105,1.12034
266,1783541330460,15296,0,4,10,7,4,-3.27955,-0.0954504,1.58676,1.14055,0.157198,1.6866,1729,-3.60105,1.12034
266,1783541330460,15296,0,4,10,7,5,-3.27712,-1.01648,1.52191,0.311717,0.165143,0.794588,175,-3.60105,1.12034
266,1783541330460,15296,0,4,10,7,6,-1.13788,2.3362,0.578532,0.412077,0.170259,0.60521,213,-3.60105,1.12034
266,1783541330460,15296,0,4,10,7,7,1.73242,0.840064,0.391004,0.210916,0.365018,0.394269,12,-3.60105,1.12034
266,1783541330460,15296,0,4,10,7,8,4.46705,-0.677653,0.655562,0.609768,0.513666,1.35918,38,-3.60105,1.12034
266,1783541330460,15296,0,4,10,7,9,-5.33959,-1.05737,1.33826,0.05,0.270817,1.33155,11,-3.60105,1.12034
267,1783541330556,15297,0,4,10,7,0,-0.490152,0.29776,0.494633,0.346731,0.261049,0.597859,90,-3.60305,1.12101
267,1783541330556,15297,0,4,10,7,1,2.04851,-0.435827,1.32368,0.324809,0.299937,0.344208,29,-3.60305,1.12101
267,1783541330556,15297,0,4,10,7,2,1.79603,-1.98321,0.538814,0.259802,0.442701,0.678141,26,-3.60305,1.12101
267,1783541330556,15297,0,4,10,7,3,-0.165229,-1.89108,0.525218,0.288301,0.253207,0.626968,54,-3.60305,1.12101
267,1783541330556,15297,0,4,10,7,4,-3.26685,0.00290008,1.57639,1.35946,0.155268,0.982087,1724,-3.60305,1.12101
267,1783541330556,15297,0,4,10,7,5,-3.27414,-1.00896,1.53203,0.320716,0.166975,0.795679,176,-3.60305,1.12101
267,1783541330556,15297,0,4,10,7,6,-1.14366,2.33453,0.575439,0.411525,0.172233,0.605277,212,-3.60305,1.12101
267,1783541330556,15297,0,4,10,7,7,1.71555,0.8408,0.391985,0.238543,0.364936,0.397938,12,-3.60305,1.12101
267,1783541330556,15297,0,4,10,7,8,4.45841,-0.677696,0.655227,0.610416,0.514534,1.35955,38,-3.60305,1.12101
267,1783541330556,15297,0,4,10,7,9,-5.34663,-1.23842,0.982458,0.05,0.636522,1.39589,16,-3.60305,1.12101
268,1783541330654,15298,0,4,10,7,0,-0.489038,0.298445,0.496958,0.359274,0.261949,0.598745,90,-3.60304,1.12101
268,1783541330654,15298,0,4,10,7,1,2.04171,-0.434739,1.32483,0.315634,0.300116,0.344191,29,-3.60304,1.12101
268,1783541330654,15298,0,4,10,7,2,1.79321,-1.98179,0.53797,0.260758,0.443062,0.678378,26,-3.60304,1.12101
268,1783541330654,15298,0,4,10,7,3,-0.166758,-1.88091,0.526489,0.285566,0.25448,0.625479,54,-3.60304,1.12101
268,1783541330654,15298,0,4,10,7,4,-3.28525,-0.364128,1.71029,2.08715,0.156244,1.5384,1908,-3.60304,1.12101
268,1783541330654,15298,0,4,10,7,5,-1.13564,2.33848,0.579746,0.419217,0.171193,0.605407,212,-3.60304,1.12101
268,1783541330654,15298,0,4,10,7,6,1.72521,0.840336,0.392319,0.208916,0.365518,0.394474,12,-3.60304,1.12101
268,1783541330654,15298,0,4,10,7,7,4.45536,-0.670997,0.673078,0.608149,0.513548,1.35913,38,-3.60304,1.12101
268,1783541330654,15298,0,4,10,7,8,-5.3351,-0.845232,1.53961,0.0538382,0.3143,1.57172,21,-3.60304,1.12101
268,1783541330654,15298,0,4,10,7,9,-3.3307,1.81148,0.606507,0.0565171,0.391886,1.7014,10,-3.60304,1.12101
269,1783541330757,15300,0,4,9,7,0,-0.490332,0.298678,0.497209,0.347267,0.265378,0.59782,90,-3.60304,1.12101
269,1783541330757,15300,0,4,9,7,1,2.04805,-0.415018,1.28241,0.326316,0.301461,0.344956,28,-3.60304,1.12101
269,1783541330757,15300,0,4,9,7,2,1.79145,-1.98224,0.534574,0.264621,0.443448,0.67853,26,-3.60304,1.12101
269,1783541330757,15300,0,4,9,7,3,-0.167991,-1.88098,0.52672,0.294302,0.252948,0.62607,54,-3.60304,1.12101
269,1783541330757,15300,0,4,9,7,4,-3.35796,-0.182463,1.72657,0.96566,0.155693,1.64903,1717,-3.60304,1.12101
269,1783541330757,15300,0,4,9,7,5,-3.28041,-1.01238,1.51947,0.315372,0.16391,0.795401,175,-3.60304,1.12101
269,1783541330757,15300,0,4,9,7,6,-1.13795,2.34065,0.57748,0.42154,0.17018,0.604921,212,-3.60304,1.12101
269,1783541330757,15300,0,4,9,7,7,1.72141,0.83888,0.396384,0.210142,0.365091,0.394425,12,-3.60304,1.12101
269,1783541330757,15300,0,4,9,7,8,4.46085,-0.677069,0.658717,0.608995,0.513992,1.35992,38,-3.60304,1.12101
270,1783541330882,15294,0,4,9,7,0,-0.486516,0.298407,0.499899,0.35125,0.262484,0.59787,90,-3.60304,1.12101
270,1783541330882,15294,0,4,9,7,1,2.05103,-0.437386,1.32641,0.315807,0.298663,0.343797,29,-3.60304,1.12101
270,1783541330882,15294,0,4,9,7,2,1.7922,-1.98328,0.534204,0.267154,0.443298,0.678514,26,-3.60304,1.12101
270,1783541330882,15294,0,4,9,7,3,-0.16121,-1.88739,0.526473,0.26945,0.253736,0.625826,54,-3.60304,1.12101
270,1783541330882,15294,0,4,9,7,4,-3.27124,-0.297504,1.71028,1.95029,0.157071,1.53405,1899,-3.60304,1.12101
270,1783541330882,15294,0,4,9,7,5,-1.13682,2.33886,0.578376,0.428977,0.171782,0.606705,212,-3.60304,1.12101
270,1783541330882,15294,0,4,9,7,6,1.72921,0.840579,0.391777,0.20443,0.365451,0.394009,12,-3.60304,1.12101
270,1783541330882,15294,0,4,9,7,7,4.45584,-0.671563,0.661286,0.608904,0.513885,1.35979,38,-3.60304,1.12101
270,1783541330882,15294,0,4,9,7,8,-5.33478,-0.549182,1.33435,0.05,0.34009,1.33537,13,-3.60304,1.12101
271,1783541330984,15293,0,4,9,7,0,-0.484788,0.297154,0.498123,0.354165,0.260357,0.597721,90,-3.60304,1.12101
271,1783541330984,15293,0,4,9,7,1,2.04993,-0.436957,1.32512,0.321716,0.299044,0.34508,29,-3.60304,1.12101
271,1783541330984,15293,0,4,9,7,2,1.79807,-1.98496,0.540715,0.263865,0.442241,0.678092,26,-3.60304,1.12101
271,1783541330984,15293,0,4,9,7,3,-0.167256,-1.87975,0.525997,0.286562,0.25413,0.626133,54,-3.60304,1.12101
271,1783541330984,15293,0,4,9,7,4,-3.28781,-0.163286,1.57787,1.0052,0.157176,1.68558,1719,-3.60304,1.12101
271,1783541330984,15293,0,4,9,7,5,-3.27578,-1.0226,1.5279,0.305047,0.165679,1.25616,176,-3.60304,1.12101
271,1783541330984,15293,0,4,9,7,6,-1.13888,2.33863,0.577109,0.40997,0.172617,0.606029,212,-3.60304,1.12101
271,1783541330984,15293,0,4,9,7,7,1.7291,0.840382,0.392338,0.207343,0.365162,0.393885,12,-3.60304,1.12101
271,1783541330984,15293,0,4,9,7,8,4.46141,-0.678232,0.647497,0.614816,0.514885,1.35935,38,-3.60304,1.12101
272,1783541331052,15300,0,4,9,7,0,2.04417,-0.436094,1.32521,0.322525,0.299312,0.345065,29,-3.60304,1.12101
272,1783541331052,15300,0,4,9,7,1,-0.484226,0.297508,0.499205,0.360602,0.260246,0.598476,90,-3.60304,1.12101
272,1783541331052,15300,0,4,9,7,2,1.78918,-1.98336,0.534789,0.263377,0.443804,0.678514,26,-3.60304,1.12101
272,1783541331052,15300,0,4,9,7,3,-0.158818,-1.89044,0.526207,0.268846,0.253854,0.625763,54,-3.60304,1.12101
272,1783541331052,15300,0,4,9,7,4,-3.29153,-0.184758,1.56644,0.966926,0.155521,0.795108,1711,-3.60304,1.12101
272,1783541331052,15300,0,4,9,7,5,-3.2757,-1.02606,1.52891,0.311824,0.166487,0.79404,175,-3.60304,1.12101
272,1783541331052,15300,0,4,9,7,6,-1.13365,2.34179,0.574983,0.428492,0.17203,0.605928,212,-3.60304,1.12101
272,1783541331052,15300,0,4,9,7,7,1.73195,0.84056,0.392103,0.207164,0.364905,0.393577,12,-3.60304,1.12101
272,1783541331052,15300,0,4,9,7,8,4.46731,-0.670478,0.665422,0.610577,0.514426,1.35929,38,-3.60304,1.12101
273,1783541331176,15296,0,4,9,7,0,-0.490424,0.298828,0.497101,0.351303,0.260771,0.598223,90,-3.60304,1.12101
273,1783541331176,15296,0,4,9,7,1,2.03982,-0.435317,1.32418,0.333313,0.299812,0.3448,29,-3.60304,1.12101
273,1783541331176,15296,0,4,9,7,2,1.7966,-1.98238,0.536388,0.263419,0.442636,0.67828,26,-3.60304,1.12101
273,1783541331176,15296,0,4,9,7,3,-0.158746,-1.88879,0.525861,0.272632,0.254063,0.625668,54,-3.60304,1.12101
273,1783541331176,15296,0,4,9,7,4,-3.30175,-0.450645,1.70519,1.6592,0.159524,0.834276,1891,-3.60304,1.12101
273,1783541331176,15296,0,4,9,7,5,-1.14181,2.33605,0.575494,0.420219,0.169936,0.607004,212,-3.60304,1.12101
273,1783541331176,15296,0,4,9,7,6,1.72144,0.840423,0.392534,0.225067,0.364946,0.396119,12,-3.60304,1.12101
273,1783541331176,15296,0,4,9,7,7,4.47644,-0.68069,0.656525,0.609861,0.514487,1.35937,38,-3.60304,1.12101
273,1783541331176,15296,0,4,9,7,8,-5.3214,-0.503908,0.738106,0.0817957,0.297289,1.42583,9,-3.60304,1.12101
274,1783541331252,15293,0,4,9,7,0,-0.488996,0.298711,0.497484,0.357015,0.260876,0.597523,90,-3.60304,1.12101
274,1783541331252,15293,0,4,9,7,1,2.05145,-0.436445,1.32247,0.328926,0.299729,0.345583,29,-3.60304,1.12101
274,1783541331252,15293,0,4,9,7,2,1.79456,-1.98153,0.538056,0.263031,0.44279,0.678418,26,-3.60304,1.12101
274,1783541331252,15293,0,4,9,7,3,-0.163662,-1.88471,0.526459,0.288995,0.25509,0.626043,54,-3.60304,1.12101
274,1783541331252,15293,0,4,9,7,4,-3.28303,-0.189547,1.5749,0.981942,0.156714,1.3738,1715,-3.60304,1.12101
274,1783541331252,15293,0,4,9,7,5,-3.27937,-1.02328,1.52126,0.329306,0.165134,0.795237,175,-3.60304,1.12101
274,1783541331252,15293,0,4,9,7,6,-1.14056,2.33842,0.576473,0.418579,0.1708,0.607131,212,-3.60304,1.12101
274,1783541331252,15293,0,4,9,7,7,1.72613,0.841252,0.389852,0.226297,0.364791,0.396008,12,-3.60304,1.12101
274,1783541331252,15293,0,4,9,7,8,4.45977,-0.672065,0.658698,0.610991,0.51367,1.35923,38,-3.60304,1.12101
275,1783541331372,15296,0,4,12,7,0,2.04652,-0.435888,1.32523,0.319071,0.299623,0.343823,29,-3.60304,1.12101
275,1783541331372,15296,0,4,12,7,1,-0.488603,0.29828,0.497282,0.353426,0.261703,0.598103,90,-3.60304,1.12101
275,1783541331372,15296,0,4,12,7,2,1.79154,-1.98124,0.53657,0.263304,0.443281,0.67856,26,-3.60304,1.12101
275,1783541331372,15296,0,4,12,7,3,-0.159412,-1.88677,0.526263,0.273889,0.25344,0.626354,54,-3.60304,1.12101
275,1783541331372,15296,0,4,12,7,4,-3.26409,0.0362906,1.57411,1.41076,0.155085,1.39204,1739,-3.60304,1.12101
275,1783541331372,15296,0,4,12,7,5,-3.28076,-0.9143,1.51967,0.52206,0.167035,1.60646,179,-3.60304,1.12101
275,1783541331372,15296,0,4,12,7,6,-1.13796,2.33888,0.575913,0.418019,0.170245,0.603753,212,-3.60304,1.12101
275,1783541331372,15296,0,4,12,7,7,1.73203,0.841907,0.387579,0.220766,0.364875,0.395233,12,-3.60304,1.12101
275,1783541331372,15296,0,4,12,7,8,4.45567,-0.670486,0.672851,0.615572,0.51369,1.35958,38,-3.60304,1.12101
275,1783541331372,15296,0,4,12,7,9,-5.31955,-1.11401,0.731638,0.0704904,0.473917,1.05395,7,-3.60304,1.12101
275,1783541331372,15296,0,4,12,7,10,-5.23234,0.037309,0.730096,0.707513,0.659404,1.54067,14,-3.60304,1.12101
275,1783541331372,15296,0,4,12,7,11,-3.32104,1.99239,0.969344,0.0671555,0.196789,0.964162,19,-3.60304,1.12101
276,1783541331472,15295,0,4,8,7,0,-0.490059,0.298554,0.496992,0.346195,0.261521,0.597681,90,-3.60304,1.12101
276,1783541331472,15295,0,4,8,7,1,2.04499,-0.437069,1.32596,0.329724,0.298705,0.345768,29,-3.60304,1.12101
276,1783541331472,15295,0,4,8,7,2,1.79185,-1.98326,0.534124,0.267837,0.44333,0.678553,26,-3.60304,1.12101
276,1783541331472,15295,0,4,8,7,3,-0.165581,-1.88253,0.526668,0.286231,0.252583,0.625396,54,-3.60304,1.12101
276,1783541331472,15295,0,4,8,7,4,-3.28982,-0.39516,1.70337,1.78699,0.155894,1.30705,1897,-3.60304,1.12101
276,1783541331472,15295,0,4,8,7,5,-1.1386,2.34022,0.575357,0.420103,0.171398,0.604618,212,-3.60304,1.12101
276,1783541331472,15295,0,4,8,7,6,1.7267,0.841386,0.389663,0.215973,0.365456,0.395247,12,-3.60304,1.12101
276,1783541331472,15295,0,4,8,7,7,4.46102,-0.672879,0.646272,0.609267,0.513836,1.35914,38,-3.60304,1.12101
277,1783541331574,15304,0,4,8,7,0,-0.487797,0.298144,0.49789,0.349061,0.261889,0.597836,90,-3.60304,1.12101
277,1783541331574,15304,0,4,8,7,1,1.95877,-0.435747,1.31387,0.14781,0.29946,0.344467,28,-3.60304,1.12101
277,1783541331574,15304,0,4,8,7,2,1.79316,-1.98409,0.536497,0.266439,0.443073,0.678412,26,-3.60304,1.12101
277,1783541331574,15304,0,4,8,7,3,-0.163993,-1.88368,0.5266,0.282331,0.253314,0.626199,54,-3.60304,1.12101
277,1783541331574,15304,0,4,8,7,4,-3.30037,-0.43825,1.70504,1.69976,0.155596,1.43361,1894,-3.60304,1.12101
277,1783541331574,15304,0,4,8,7,5,-1.14171,2.33591,0.575782,0.415576,0.171764,0.605198,212,-3.60304,1.12101
277,1783541331574,15304,0,4,8,7,6,1.72382,0.838915,0.396242,0.208426,0.364929,0.394332,12,-3.60304,1.12101
277,1783541331574,15304,0,4,8,7,7,4.45999,-0.675099,0.65158,0.612066,0.51417,1.35961,38,-3.60304,1.12101
278,1783541331662,15299,0,4,10,7,0,-0.488563,0.298274,0.49746,0.351935,0.264044,0.597948,90,-3.60304,1.12101
278,1783541331662,15299,0,4,10,7,1,2.04934,-0.436491,1.32529,0.318147,0.29933,0.34415,29,-3.60304,1.12101
278,1783541331662,15299,0,4,10,7,2,1.79171,-1.98298,0.534283,0.259942,0.44358,0.678312,26,-3.60304,1.12101
278,1783541331662,15299,0,4,10,7,3,-0.163166,-1.88514,0.526224,0.285582,0.253406,0.626155,54,-3.60304,1.12101
278,1783541331662,15299,0,4,10,7,4,-3.28378,-0.18419,1.58404,0.96772,0.155565,0.793109,1714,-3.60304,1.12101
278,1783541331662,15299,0,4,10,7,5,-3.27991,-1.01342,1.52221,0.309911,0.166506,0.794627,175,-3.60304,1.12101
278,1783541331662,15299,0,4,10,7,6,-1.13468,2.34079,0.579068,0.424732,0.172866,0.604482,212,-3.60304,1.12101
278,1783541331662,15299,0,4,10,7,7,1.72448,0.838303,0.397648,0.207191,0.364624,0.393617,12,-3.60304,1.12101
278,1783541331662,15299,0,4,10,7,8,4.45891,-0.672492,0.659608,0.606053,0.513657,1.35922,38,-3.60304,1.12101
278,1783541331662,15299,0,4,10,7,9,-5.36436,-1.18245,0.43475,0.0996759,0.414133,1.12934,8,-3.60304,1.12101
279,1783541331766,15299,0,4,9,7,0,-0.497463,0.300439,0.495329,0.341289,0.262358,0.598562,90,-3.60304,1.12101
279,1783541331766,15299,0,4,9,7,1,2.04421,-0.455605,1.36325,0.324418,0.298633,0.345501,30,-3.60304,1.12101
279,1783541331766,15299,0,4,9,7,2,1.79351,-1.98365,0.535194,0.260798,0.44327,0.678228,26,-3.60304,1.12101
279,1783541331766,15299,0,4,9,7,3,-0.161418,-1.88604,0.526863,0.281105,0.252771,0.626365,54,-3.60304,1.12101
279,1783541331766,15299,0,4,9,7,4,-3.27206,-0.031635,1.57695,1.29452,0.155137,1.6423,1718,-3.60304,1.12101
279,1783541331766,15299,0,4,9,7,5,-3.27911,-1.02215,1.52249,0.329033,0.167307,0.796955,175,-3.60304,1.12101
279,1783541331766,15299,0,4,9,7,6,-1.13411,2.34018,0.576699,0.427657,0.16987,0.60634,212,-3.60304,1.12101
279,1783541331766,15299,0,4,9,7,7,1.7214,0.84197,0.389118,0.235605,0.364992,0.39749,12,-3.60304,1.12101
279,1783541331766,15299,0,4,9,7,8,4.45988,-0.670763,0.648289,0.608214,0.513738,1.35948,38,-3.60304,1.12101
280,1783541331836,15288,0,4,9,7,0,-0.489603,0.298466,0.496863,0.3561,0.263091,0.598548,90,-3.60304,1.12101
280,1783541331836,15288,0,4,9,7,1,2.04845,-0.456363,1.36384,0.322108,0.298313,0.344256,30,-3.60304,1.12101
280,1783541331836,15288,0,4,9,7,2,1.79384,-1.98299,0.536439,0.255511,0.443284,0.67724,26,-3.60304,1.12101
280,1783541331836,15288,0,4,9,7,3,-0.167223,-1.88057,0.526661,0.286917,0.253684,0.625808,54,-3.60304,1.12101
280,1783541331836,15288,0,4,9,7,4,-3.28155,-0.188246,1.57596,0.971724,0.155407,1.5877,1714,-3.60304,1.12101
280,1783541331836,15288,0,4,9,7,5,-3.2765,-1.01673,1.52635,0.292777,0.167347,0.79417,175,-3.60304,1.12101
280,1783541331836,15288,0,4,9,7,6,-1.14106,2.33732,0.577224,0.424062,0.170139,0.606032,212,-3.60304,1.12101
280,1783541331836,15288,0,4,9,7,7,1.71857,0.843362,0.388338,0.247542,0.364928,0.39896,12,-3.60304,1.12101
280,1783541331836,15288,0,4,9,7,8,4.45549,-0.673875,0.652117,0.607344,0.513652,1.35965,38,-3.60304,1.12101
281,1783541331964,15297,0,4,9,7,0,-0.489121,0.298075,0.496147,0.355573,0.259923,0.598448,90,-3.60304,1.12101
281,1783541331964,15297,0,4,9,7,1,2.04798,-0.435774,1.32464,0.317026,0.299806,0.343849,29,-3.60304,1.12101
281,1783541331964,15297,0,4,9,7,2,1.79164,-1.98075,0.539038,0.262459,0.443116,0.678577,26,-3.60304,1.12101
281,1783541331964,15297,0,4,9,7,3,-0.160219,-1.8865,0.526403,0.275612,0.253592,0.626319,54,-3.60304,1.12101
281,1783541331964,15297,0,4,9,7,4,-3.28744,-0.223155,1.57265,1.03979,0.156724,1.59996,1716,-3.60304,1.12101
281,1783541331964,15297,0,4,9,7,5,-3.27989,-1.01463,1.51954,0.317997,0.166495,0.795164,175,-3.60304,1.12101
281,1783541331964,15297,0,4,9,7,6,-1.139,2.33583,0.579386,0.429027,0.171013,0.603853,212,-3.60304,1.12101
281,1783541331964,15297,0,4,9,7,7,1.72781,0.840812,0.39097,0.217504,0.364932,0.394989,12,-3.60304,1.12101
281,1783541331964,15297,0,4,9,7,8,4.45401,-0.669262,0.670205,0.610478,0.51381,1.35954,38,-3.60304,1.12101
282,1783541332065,15301,0,4,9,7,0,-0.48951,0.297934,0.495392,0.34912,0.261512,0.597939,90,-3.60304,1.12101
282,1783541332065,15301,0,4,9,7,1,2.04675,-0.43517,1.32416,0.315503,0.300187,0.344624,29,-3.60304,1.12101
282,1783541332065,15301,0,4,9,7,2,1.7944,-1.98772,0.534841,0.260098,0.44336,0.677906,26,-3.60304,1.12101
282,1783541332065,15301,0,4,9,7,3,-0.164844,-1.88295,0.526522,0.278678,0.253509,0.625737,54,-3.60304,1.12101
282,1783541332065,15301,0,4,9,7,4,-3.28651,-0.364349,1.70513,1.82788,0.155427,1.4973,1898,-3.60304,1.12101
282,1783541332065,15301,0,4,9,7,5,-1.13782,2.34068,0.578231,0.412481,0.170858,0.604542,212,-3.60304,1.12101
282,1783541332065,15301,0,4,9,7,6,1.72568,0.840479,0.392458,0.215503,0.365064,0.394912,12,-3.60304,1.12101
282,1783541332065,15301,0,4,9,7,7,4.46939,-0.679948,0.666689,0.609817,0.512992,1.3594,38,-3.60304,1.12101
282,1783541332065,15301,0,4,9,7,8,-5.32588,-0.284579,0.614411,0.05,0.369903,1.46557,8,-3.60304,1.12101
283,1783541332158,15292,0,4,10,7,0,2.04396,-0.435497,1.3249,0.320855,0.299771,0.344348,29,-3.60304,1.12101
283,1783541332158,15292,0,4,10,7,1,-0.492801,0.299727,0.497099,0.360743,0.261771,0.599525,90,-3.60304,1.12101
283,1783541332158,15292,0,4,10,7,2,1.79474,-1.98583,0.533089,0.260664,0.443756,0.678047,26,-3.60304,1.12101
283,1783541332158,15292,0,4,10,7,3,-0.162534,-1.88551,0.526376,0.276133,0.253975,0.625036,54,-3.60304,1.12101
283,1783541332158,15292,0,4,10,7,4,-3.26549,0.00634653,1.5886,1.35523,0.155476,0.813873,1717,-3.60304,1.12101
283,1783541332158,15292,0,4,10,7,5,-3.2791,-1.07736,1.52147,0.438595,0.166728,0.966679,176,-3.60304,1.12101
283,1783541332158,15292,0,4,10,7,6,-1.13369,2.33985,0.575979,0.433905,0.171072,0.604116,213,-3.60304,1.12101
283,1783541332158,15292,0,4,10,7,7,1.72798,0.840143,0.392862,0.214041,0.364755,0.394434,12,-3.60304,1.12101
283,1783541332158,15292,0,4,10,7,8,4.46518,-0.678627,0.651925,0.608913,0.513698,1.35939,38,-3.60304,1.12101
283,1783541332158,15292,0,4,10,7,9,-5.3499,-0.760761,0.706568,0.0549296,0.817983,1.51858,6,-3.60304,1.12101
284,1783541332255,15300,0,4,10,7,0,-0.485657,0.297329,0.496925,0.353832,0.260302,0.597751,90,-3.60304,1.12101
284,1783541332255,15300,0,4,10,7,1,2.05385,-0.436884,1.32407,0.32113,0.299426,0.343998,29,-3.60304,1.12101
284,1783541332255,15300,0,4,10,7,2,1.79083,-1.98208,0.534188,0.266381,0.443927,0.678623,26,-3.60304,1.12101
284,1783541332255,15300,0,4,10,7,3,-0.157578,-1.89197,0.526635,0.269394,0.253643,0.626231,54,-3.60304,1.12101
284,1783541332255,15300,0,4,10,7,4,-3.27064,-0.0152779,1.57766,1.39535,0.155434,1.32404,1726,-3.60304,1.12101
284,1783541332255,15300,0,4,10,7,5,-3.27825,-1.07943,1.52204,0.437739,0.166234,1.26326,178,-3.60304,1.12101
284,1783541332255,15300,0,4,10,7,6,-1.13385,2.34077,0.577048,0.409583,0.171396,0.604443,212,-3.60304,1.12101
284,1783541332255,15300,0,4,10,7,7,1.72987,0.841422,0.389215,0.22752,0.364373,0.395722,12,-3.60304,1.12101
284,1783541332255,15300,0,4,10,7,8,4.4583,-0.675855,0.65579,0.610049,0.513446,1.35973,38,-3.60304,1.12101
284,1783541332255,15300,0,4,10,7,9,-5.29736,-0.636289,0.76165,0.169404,0.965656,1.50624,7,-3.60304,1.12101
285,1783541332358,15292,0,4,10,7,0,-0.493409,0.299915,0.497104,0.356247,0.263283,0.599204,90,-3.60304,1.12101
285,1783541332358,15292,0,4,10,7,1,2.04889,-0.436414,1.32508,0.320688,0.299408,0.344878,29,-3.60304,1.12101
285,1783541332358,15292,0,4,10,7,2,1.7882,-1.983,0.532232,0.259252,0.444227,0.678425,26,-3.60304,1.12101
285,1783541332358,15292,0,4,10,7,3,-0.165186,-1.88432,0.527231,0.291517,0.253196,0.625976,54,-3.60304,1.12101
285,1783541332358,15292,0,4,10,7,4,-3.27087,0.0450282,1.56867,1.46147,0.157598,1.49669,1725,-3.60304,1.12101
285,1783541332358,15292,0,4,10,7,5,-3.27789,-1.01411,1.52319,0.299135,0.166252,0.795138,175,-3.60304,1.12101
285,1783541332358,15292,0,4,10,7,6,-1.13758,2.33952,0.574187,0.417333,0.170189,0.606216,212,-3.60304,1.12101
285,1783541332358,15292,0,4,10,7,7,1.72488,0.839973,0.39366,0.222587,0.364461,0.395335,12,-3.60304,1.12101
285,1783541332358,15292,0,4,10,7,8,4.46425,-0.670082,0.653468,0.607107,0.51405,1.35937,38,-3.60304,1.12101
285,1783541332358,15292,0,4,10,7,9,-5.33504,-0.864321,1.10668,0.05,0.38658,1.47374,10,-3.60304,1.12101
286,1783541332453,15297,0,4,8,7,0,-0.487629,0.298088,0.497682,0.354935,0.261738,0.598061,90,-3.60304,1.12101
286,1783541332453,15297,0,4,8,7,1,2.04694,-0.437337,1.3279,0.307929,0.298214,0.343561,29,-3.60304,1.12101
286,1783541332453,15297,0,4,8,7,2,1.79709,-1.983,0.537209,0.259911,0.442649,0.677831,26,-3.60304,1.12101
286,1783541332453,15297,0,4,8,7,3,-0.162971,-1.88662,0.526311,0.291048,0.252955,0.625935,54,-3.60304,1.12101
286,1783541332453,15297,0,4,8,7,4,-3.2133,-0.434371,1.8857,1.79264,0.157484,1.36587,1899,-3.60304,1.12101
286,1783541332453,15297,0,4,8,7,5,-1.13364,2.34038,0.581116,0.431531,0.170729,0.605054,212,-3.60304,1.12101
286,1783541332453,15297,0,4,8,7,6,1.72898,0.840491,0.392068,0.21412,0.364805,0.394587,12,-3.60304,1.12101
286,1783541332453,15297,0,4,8,7,7,4.45751,-0.674859,0.651728,0.610761,0.513733,1.35927,38,-3.60304,1.12101
287,1783541332552,15297,0,4,9,7,0,-0.489929,0.298775,0.497355,0.360475,0.263442,0.598996,90,-3.60304,1.12101
287,1783541332552,15297,0,4,9,7,1,2.05017,-0.43597,1.32404,0.317292,0.299827,0.343948,29,-3.60304,1.12101
287,1783541332552,15297,0,4,9,7,2,1.7894,-1.9838,0.535458,0.250245,0.444813,0.678037,26,-3.60304,1.12101
287,1783541332552,15297,0,4,9,7,3,-0.155744,-1.89303,0.527481,0.266243,0.253051,0.626206,54,-3.60304,1.12101
287,1783541332552,15297,0,4,9,7,4,-3.28729,-0.185302,1.57446,0.971704,0.155719,1.10859,1712,-3.60304,1.12101
287,1783541332552,15297,0,4,9,7,5,-3.28132,-1.0131,1.52054,0.31964,0.167778,0.79547,175,-3.60304,1.12101
287,1783541332552,15297,0,4,9,7,6,-1.14064,2.33616,0.577582,0.418034,0.173786,0.60527,212,-3.60304,1.12101
287,1783541332552,15297,0,4,9,7,7,1.732,0.84034,0.392685,0.211809,0.364482,0.393813,12,-3.60304,1.12101
287,1783541332552,15297,0,4,9,7,8,4.45518,-0.670481,0.66984,0.604557,0.513786,1.35935,38,-3.60304,1.12101
288,1783541332655,15294,0,4,9,7,0,2.05129,-0.436387,1.32423,0.325361,0.299731,0.344694,29,-3.60304,1.12101
288,1783541332655,15294,0,4,9,7,1,-0.489798,0.298599,0.496469,0.363028,0.264065,0.599759,90,-3.60304,1.12101
288,1783541332655,15294,0,4,9,7,2,1.79206,-1.98031,0.535093,0.259147,0.443428,0.678454,26,-3.60304,1.12101
288,1783541332655,15294,0,4,9,7,3,-0.166017,-1.88244,0.526324,0.282825,0.253902,0.625113,54,-3.60304,1.12101
288,1783541332655,15294,0,4,9,7,4,-3.27142,-0.0207896,1.58246,1.29054,0.156147,1.54847,1717,-3.60304,1.12101
288,1783541332655,15294,0,4,9,7,5,-3.27302,-1.02174,1.53431,0.293604,0.165791,1.08974,176,-3.60304,1.12101
288,1783541332655,15294,0,4,9,7,6,-1.13908,2.33572,0.578331,0.412461,0.173,0.606242,212,-3.60304,1.12101
288,1783541332655,15294,0,4,9,7,7,1.71947,0.839605,0.394316,0.23277,0.364328,0.396645,12,-3.60304,1.12101
288,1783541332655,15294,0,4,9,7,8,4.46135,-0.672757,0.649191,0.608207,0.513742,1.35943,38,-3.60304,1.12101
