cycle,node,npts,gated,energy,fe_baseline,fe_surprise,R,motion_var,depth_var,trunc_frac,range,clutter_frac,s,w,h,cx,cy,yaw,std_s,std_w,std_h
1,door_2,2150,0,0.0567694,0.0567694,0,0.016256,2.60866e-19,0,0,6.19596,0.0680138,0.667095,0.858885,2,-4.77458,9.23964,-0.014924,0.158618,0.043443,0.0574198
1,door_1,1816,0,0.108606,0.108606,0,0.00763028,8.0168e-17,0,0,4.10191,0.043483,0.570703,0.7,2.06748,-3.2513,7.166,0,0.600022,0.0435294,0.0282724
2,door_2,2150,0,0.0556922,0.0567156,0,0.016256,9.17522e-19,0,0,6.19596,0.0679329,0.63827,0.900012,2,-4.78285,9.23976,-0.014924,0.115457,0.0358089,0.0471227
2,door_1,1816,0,0.107429,0.108547,0,0.00763028,6.46809e-19,0,0,4.10191,0.0434248,0.570703,0.7,2.088,-3.2513,7.166,0,0.600042,0.0358589,0.0227984
3,door_2,2150,0,0.0561543,0.0566875,0,0.016256,1.39337e-18,0,0,6.19596,0.0679673,0.622785,0.909786,2,-4.79344,9.23992,-0.014924,0.0953708,0.0311629,0.0409154
3,door_1,1816,0,0.107204,0.10848,0,0.00763028,9.82257e-19,0,0,4.10191,0.0434142,0.570703,0.7,2.09537,-3.2513,7.166,0,0.600063,0.0311961,0.0203182
4,door_2,2150,0,0.0555246,0.0566294,0,0.016256,2.04786e-15,0,0,6.19596,0.0679206,0.625117,0.915469,2,-4.78827,9.23984,-0.014924,0.0832152,0.0279565,0.036654
4,door_1,1816,0,0.107115,0.108412,0,0.00763028,2.44984e-15,0,0,4.10191,0.04341,0.570703,0.7,2.09952,-3.2513,7.166,0,0.600084,0.0279807,0.0188019
5,door_2,2150,0,0.0553052,0.0565632,0,0.016256,1.64912e-18,0,0,6.19596,0.0679044,0.632874,0.910986,2,-4.78275,9.23976,-0.014924,0.0748511,0.0255732,0.0334968
5,door_1,1816,0,0.107072,0.108345,0,0.00763028,1.16255e-18,0,0,4.10191,0.043408,0.570703,0.7,2.10222,-3.2513,7.166,0,0.600105,0.0255917,0.0177212
6,door_2,2150,0,0.0550907,0.0564895,0,0.016256,1.07583e-18,0,0,6.19596,0.0678888,0.640191,0.907238,2,-4.77731,9.23968,-0.014924,0.0686615,0.0237122,0.0310371
6,door_1,1816,0,0.107049,0.10828,0,0.00763028,7.58411e-19,0,0,4.10191,0.043407,0.570703,0.7,2.10398,-3.2513,7.166,0,0.600127,0.0237271,0.0168805
7,door_2,2150,0,0.0549531,0.0564127,0,0.016256,1.05082e-18,0,0,6.19596,0.0678788,0.645892,0.90408,2,-4.77319,9.23961,-0.014924,0.0638526,0.0222073,0.029051
7,door_1,1816,0,0.107035,0.108218,0,0.00763028,7.40774e-19,0,0,4.10191,0.0434063,0.570703,0.7,2.10516,-3.2513,7.166,0,0.600148,0.0222195,0.0161919
8,door_2,2150,0,0.0548503,0.0563346,0,0.016256,1.48181e-18,0,0,6.19596,0.0678714,0.650644,0.901424,2,-4.76977,9.23956,-0.014924,0.0599874,0.0209579,0.027404
8,door_1,1816,0,0.107026,0.108158,0,0.00763028,1.04461e-18,0,0,4.10191,0.0434059,0.570703,0.7,2.10596,-3.2513,7.166,0,0.600169,0.0209681,0.0156076
9,door_2,2150,0,0.0548179,0.0562588,0,0.016256,3.15667e-18,0,0,6.19596,0.067869,0.652552,0.900202,2,-4.76847,9.23954,-0.014924,0.0567932,0.0198992,0.0260095
9,door_1,1816,0,0.10702,0.108101,0,0.00763028,8.05984e-17,0,0,4.10191,0.0434056,0.570703,0.7,2.10653,-3.2513,7.166,0,0.60019,0.0199079,0.0150993
10,door_2,2150,0,0.0547743,0.0561845,0,0.016256,1.42195e-18,0,0,6.19596,0.0678659,0.654926,0.898804,2,-4.7668,9.23952,-0.014924,0.0541035,0.0189872,0.0248091
10,door_1,1816,0,0.107016,0.108047,0,0.00763028,1.00241e-18,0,0,4.10191,0.0434054,0.570703,0.7,2.10693,-3.2513,7.166,0,0.600211,0.0189948,0.0146488
11,door_2,2150,0,0.0547285,0.0561117,0,0.016256,1.42195e-18,0,0,6.19596,0.0678626,0.657432,0.897365,2,-4.76501,9.23949,-0.014924,0.0518056,0.0181912,0.0237616
11,door_1,1816,0,0.107013,0.107995,0,0.00763028,1.00241e-18,0,0,4.10191,0.0434053,0.570703,0.7,2.10723,-3.2513,7.166,0,0.600232,0.0181979,0.0142442
12,door_2,2150,0,0.0547115,0.0560417,0,0.016256,1.45142e-18,0,0,6.19596,0.0678613,0.658901,0.896294,2,-4.76407,9.23948,-0.014924,0.0498143,0.0174885,0.0228373
12,door_1,1816,0,0.107011,0.107946,0,0.00763028,1.02318e-18,0,0,4.10191,0.0434052,0.570703,0.7,2.10745,-3.2513,7.166,0,0.600252,0.0174944,0.0138769
13,door_2,2150,0,0.0546984,0.0559746,0,0.016256,9.80781e-19,0,0,6.19596,0.0678604,0.660021,0.895504,2,-4.76335,9.23947,-0.014924,0.0480701,0.0168623,0.0220137
13,door_1,1816,0,0.107009,0.107899,0,0.00763028,6.91403e-19,0,0,4.10191,0.0434051,0.570703,0.7,2.10761,-3.2513,7.166,0,0.600273,0.0168676,0.0135407
14,door_2,2150,0,0.0546718,0.0559094,0,0.016256,1.31261e-18,0,0,6.19596,0.0678585,0.661619,0.894567,2,-4.76222,9.23945,-0.014924,0.0465323,0.0162998,0.021274
14,door_1,1816,0,0.107008,0.107854,0,0.00763028,9.25327e-19,0,0,4.10191,0.0434051,0.570703,0.7,2.10774,-3.2513,7.166,0,0.600294,0.0163046,0.013231
15,door_2,2150,0,0.0546587,0.0558469,0,0.016256,1.57896e-18,0,0,6.19596,0.0678575,0.662908,0.893639,2,-4.7614,9.23944,-0.014924,0.0451643,0.015791,0.0206049
15,door_1,1816,0,0.107007,0.107812,0,0.00763028,1.11309e-18,0,0,4.10191,0.043405,0.570703,0.7,2.10784,-3.2513,7.166,0,0.600315,0.0157954,0.012944
16,door_2,2150,0,0.0546446,0.0557868,0,0.016256,1.36564e-18,0,0,6.19596,0.0678565,0.66391,0.892998,2,-4.76072,9.23943,-0.014924,0.0439403,0.0153279,0.0199958
16,door_1,1816,0,0.107006,0.107772,0,0.00763028,9.6271e-19,0,0,4.10191,0.043405,0.570703,0.7,2.10791,-3.2513,7.166,0,0.600336,0.0153319,0.0126768
17,door_2,2150,0,0.0546389,0.0557294,0,0.016256,1.45142e-18,0,0,6.19596,0.0678561,0.664525,0.892534,2,-4.76033,9.23942,-0.014924,0.0428383,0.0149042,0.0194384
17,door_1,1816,0,0.107006,0.107733,0,0.00763028,1.02318e-18,0,0,4.10191,0.043405,0.570703,0.7,2.10797,-3.2513,7.166,0,0.600357,0.0149078,0.0124273
18,door_2,2150,0,0.0546217,0.055674,0,0.016256,1.45142e-18,0,0,6.19596,0.0678549,0.665541,0.891968,2,-4.7596,9.23941,-0.014924,0.0418434,0.0145145,0.0189258
18,door_1,1816,0,0.107005,0.107697,0,0.00763028,1.02318e-18,0,0,4.10191,0.043405,0.570703,0.7,2.10802,-3.2513,7.166,0,0.600377,0.0145179,0.0121932
20,door_2,2150,0,0.0546182,0.0556212,0,0.016256,3.33408e-18,0,0,6.19596,0.0678546,0.665984,0.89163,2,-4.75932,9.23941,-0.014924,0.0409395,0.0141547,0.0184523
20,door_1,1816,0,0.107005,0.107662,0,0.00763028,2.35037e-18,0,0,4.10191,0.0434049,0.570703,0.7,2.10806,-3.2513,7.166,0,0.600398,0.0141579,0.0119732
21,door_2,2150,0,0.054612,0.0555707,0,0.016256,3.78294e-19,0,0,6.19596,0.0678542,0.666456,0.891331,2,-4.759,9.2394,-0.014924,0.0401159,0.0138212,0.0180133
21,door_1,1816,0,0.107005,0.10763,0,0.00763028,2.66679e-19,0,0,4.10191,0.0434049,0.570703,0.7,2.10809,-3.2513,7.166,0,0.60042,0.0138241,0.0117657
22,door_2,2150,0,0.0546032,0.0555224,0,0.016256,1.45142e-18,0,0,6.19596,0.0678536,0.667234,0.890797,2,-4.75849,9.2394,-0.014924,0.0393635,0.013511,0.0176048
22,door_1,1816,0,0.107004,0.107598,0,0.00763028,1.02318e-18,0,0,4.10191,0.0434049,0.570703,0.7,2.10811,-3.2513,7.166,0,0.600441,0.0135137,0.0115696
23,door_2,2150,0,0.0545998,0.0554762,0,0.016256,1.87542e-18,0,0,6.19596,0.0678533,0.667559,0.890581,2,-4.75827,9.23939,-0.014924,0.0386737,0.0132215,0.0172234
23,door_1,1816,0,0.107004,0.107569,0,0.00763028,1.32208e-18,0,0,4.10191,0.0434049,0.570703,0.7,2.10813,-3.2513,7.166,0,0.600462,0.013224,0.011384
24,door_2,2150,0,0.0545931,0.0554321,0,0.016256,8.3352e-19,0,0,6.19596,0.0678528,0.667998,0.890328,2,-4.75796,9.23939,-0.014924,0.0380402,0.0129506,0.0168664
24,door_1,1816,0,0.107004,0.10754,0,0.00763028,5.87592e-19,0,0,4.10191,0.0434049,0.570703,0.7,2.10815,-3.2513,7.166,0,0.600482,0.012953,0.0112078
26,door_2,2150,0,0.0545851,0.0553897,0,0.016256,1.5677e-18,0,0,6.19596,0.0678523,0.66851,0.890042,2,-4.75759,9.23938,-0.014924,0.0374568,0.0126963,0.0165313
26,door_1,1816,0,0.107004,0.107514,0,0.00763028,1.10515e-18,0,0,4.10191,0.0434049,0.570703,0.7,2.10816,-3.2513,7.166,0,0.600503,0.0126987,0.0110403
27,door_2,2150,0,0.0545788,0.0553492,0,0.016256,3.33408e-18,0,0,6.19596,0.0678518,0.668963,0.889774,2,-4.75727,9.23938,-0.014924,0.0369186,0.012457,0.0162159
27,door_1,1816,0,0.107004,0.107488,0,0.00763028,2.35037e-18,0,0,4.10191,0.0434049,0.570703,0.7,2.10817,-3.2513,7.166,0,0.600524,0.0124594,0.0108809
28,door_2,2150,0,0.054567,0.0553101,0,0.016256,1.85172e-19,0,0,6.19596,0.067851,0.669721,0.889372,2,-4.75672,9.23937,-0.014924,0.0364216,0.0122305,0.0159185
28,door_1,1816,0,0.107003,0.107464,0,0.00763028,5.69064e-17,0,0,4.10191,0.0434049,0.570703,0.7,2.10818,-3.2513,7.166,0,0.600545,0.012234,0.0107289
29,door_2,2150,0,0.0545621,0.0552727,0,0.016256,1.21541e-18,0,0,6.19596,0.0678506,0.670218,0.889058,2,-4.75638,9.23936,-0.014924,0.0359607,0.0120158,0.0156373
29,door_1,1816,0,0.107003,0.107441,0,0.00763028,8.56809e-19,0,0,4.10191,0.0434049,0.570703,0.7,2.10819,-3.2513,7.166,0,0.600566,0.012021,0.0105838
30,door_2,2150,0,0.0545528,0.0552367,0,0.016256,1.54554e-18,0,0,6.19596,0.06785,0.671006,0.888628,2,-4.7558,9.23936,-0.014924,0.0355323,0.0118104,0.0153711
30,door_1,1816,0,0.107003,0.107419,0,0.00763028,1.08953e-18,0,0,4.10191,0.0434049,0.570703,0.7,2.1082,-3.2513,7.166,0,0.600587,0.0118194,0.010445
31,door_2,2150,0,0.0545412,0.0552019,0,0.016256,9.3275e-19,0,0,6.19596,0.0678491,0.672002,0.888135,2,-4.75505,9.23934,-0.014924,0.0351329,0.0116119,0.0151186
31,door_1,1816,0,0.107003,0.107398,0,0.00763028,6.57544e-19,0,0,4.10191,0.0434049,0.570703,0.7,2.1082,-3.2513,7.166,0,0.600608,0.0116283,0.0103123
32,door_2,2150,0,0.05453,0.0551683,0,0.016256,7.15896e-16,0,0,6.19596,0.0678484,0.673259,0.887522,2,-4.7541,9.23933,-0.014924,0.0347578,0.0114176,0.0148786
32,door_1,1816,0,0.107003,0.107378,0,0.00763028,8.29049e-16,0,0,4.10191,0.0434049,0.570703,0.7,2.10821,-3.2513,7.166,0,0.600629,0.0114468,0.0101851
33,door_2,2150,0,0.0545251,0.0551361,0,0.016256,1.33873e-18,0,0,6.19596,0.067848,0.674206,0.887028,2,-4.7534,9.23932,-0.014924,0.0344048,0.0112279,0.0146502
33,door_1,1816,0,0.107003,0.10736,0,0.00763028,9.43741e-19,0,0,4.10191,0.0434049,0.570703,0.7,2.10821,-3.2513,7.166,0,0.600651,0.0112742,0.010063
35,door_2,2150,0,0.0545249,0.0551056,0,0.016256,3.55265e-18,0,0,6.19596,0.067848,0.67526,0.886418,2,-4.75266,9.23931,-0.014924,0.0340707,0.0110413,0.0144324
35,door_1,1816,0,0.107003,0.107342,0,0.00763028,2.50445e-18,0,0,4.10191,0.0434049,0.570703,0.7,2.10822,-3.2513,7.166,0,0.600671,0.0111098,0.0099459
36,door_2,2150,0,0.0545227,0.0550764,0,0.016256,4.12281e-19,0,0,6.19596,0.0678479,0.676485,0.885844,2,-4.75172,9.23929,-0.014924,0.0337528,0.0108571,0.0142246
36,door_1,1816,0,0.107003,0.107325,0,0.00763028,2.90638e-19,0,0,4.10191,0.0434049,0.570703,0.7,2.10822,-3.2513,7.166,0,0.600692,0.010953,0.00983334
38,door_2,2150,0,0.0545254,0.0550489,0,0.016256,1.57896e-18,0,0,6.19596,0.0678482,0.677544,0.885314,2,-4.75092,9.23928,-0.014924,0.0334502,0.0106762,0.014026
38,door_1,1816,0,0.107003,0.107309,0,0.00763028,1.11309e-18,0,0,4.10191,0.0434049,0.570703,0.7,2.10822,-3.2513,7.166,0,0.600713,0.0108033,0.00972507
39,door_2,2150,0,0.0545287,0.0550229,0,0.016256,1.54554e-18,0,0,6.19596,0.0678485,0.678505,0.884859,2,-4.75019,9.23927,-0.014924,0.0331622,0.0104993,0.0138359
39,door_1,1816,0,0.107003,0.107293,0,0.00763028,1.08953e-18,0,0,4.10191,0.0434049,0.570703,0.7,2.10822,-3.2513,7.166,0,0.600734,0.0106601,0.00962085
40,door_2,2150,0,0.0545348,0.0549985,0,0.016256,1.31261e-18,0,0,6.19596,0.067849,0.679392,0.884434,2,-4.74952,9.23926,-0.014924,0.0328885,0.0103277,0.0136539
40,door_1,1816,0,0.107003,0.107279,0,0.00763028,9.25327e-19,0,0,4.10191,0.0434049,0.570703,0.7,2.10823,-3.2513,7.166,0,0.600755,0.0105231,0.00952046
42,door_2,2150,0,0.0545408,0.0549756,0,0.016256,1.73706e-18,0,0,6.19596,0.0678494,0.679911,0.884088,2,-4.74917,9.23926,-0.014924,0.0326301,0.0101624,0.0134793
42,door_1,1816,0,0.107003,0.107265,0,0.00763028,1.22454e-18,0,0,4.10191,0.0434049,0.570703,0.7,2.10823,-3.2513,7.166,0,0.600775,0.0103918,0.00942368
43,door_2,2150,0,0.0545464,0.0549541,0,0.016256,1.28725e-18,0,0,6.19596,0.0678498,0.680394,0.883829,2,-4.74882,9.23925,-0.014924,0.0323864,0.010004,0.0133116
43,door_1,1816,0,0.107003,0.107252,0,0.00763028,9.07446e-19,0,0,4.10191,0.0434049,0.570703,0.7,2.10823,-3.2513,7.166,0,0.600796,0.0102658,0.00933031
44,door_2,2150,0,0.0545496,0.0549339,0,0.016256,1.45142e-18,0,0,6.19596,0.0678501,0.680601,0.883688,2,-4.74868,9.23925,-0.014924,0.032158,0.00985279,0.0131505
44,door_1,1816,0,0.107003,0.10724,0,0.00763028,1.02318e-18,0,0,4.10191,0.0434049,0.570703,0.7,2.10823,-3.2513,7.166,0,0.600817,0.0101449,0.00924018
45,door_2,2150,0,0.0545529,0.0549149,0,0.016256,1.64912e-18,0,0,6.19596,0.0678503,0.680718,0.883518,2,-4.74865,9.23925,-0.014924,0.0319442,0.00970841,0.0129956
45,door_1,1816,0,0.107003,0.107228,0,0.00763028,1.16255e-18,0,0,4.10191,0.0434049,0.570703,0.7,2.10823,-3.2513,7.166,0,0.600839,0.0100287,0.00915312
46,door_2,2150,0,0.0545544,0.0548968,0,0.016256,1.42195e-18,0,0,6.19596,0.0678504,0.680759,0.883463,2,-4.74863,9.23925,-0.014924,0.0317443,0.00957061,0.0128464
46,door_1,1816,0,0.107003,0.107217,0,0.00763028,1.00241e-18,0,0,4.10191,0.0434049,0.570703,0.7,2.10823,-3.2513,7.166,0,0.600859,0.00991698,0.00906897
48,door_2,2150,0,0.0545567,0.0548798,0,0.016256,1.33873e-18,0,0,6.19596,0.0678506,0.680992,0.883347,2,-4.74846,9.23925,-0.014924,0.0315564,0.00943877,0.0127027
48,door_1,1816,0,0.107003,0.107206,0,0.00763028,9.43741e-19,0,0,4.10191,0.0434049,0.570703,0.7,2.10823,-3.2513,7.166,0,0.600881,0.00980941,0.00898759
49,door_2,2150,0,0.0545591,0.0548638,0,0.016256,1.57896e-18,0,0,6.19596,0.0678508,0.681041,0.883241,2,-4.74846,9.23925,-0.014924,0.0313804,0.00931272,0.0125641
49,door_1,1816,0,0.107003,0.107196,0,0.00763028,1.11309e-18,0,0,4.10191,0.0434049,0.570703,0.7,2.10823,-3.2513,7.166,0,0.600902,0.0097058,0.00890884
50,door_2,2150,0,0.0545606,0.0548486,0,0.016256,3.04219e-18,0,0,6.19596,0.0678509,0.681079,0.883185,2,-4.74845,9.23925,-0.014924,0.0312157,0.00919217,0.0124304
50,door_1,1816,0,0.107003,0.107186,0,0.00763028,2.1446e-18,0,0,4.10191,0.0434049,0.570703,0.7,2.10824,-3.2513,7.166,0,0.600923,0.00960592,0.0088326
51,door_2,2150,0,0.0545602,0.0548342,0,0.016256,7.60548e-19,0,0,6.19596,0.0678509,0.680991,0.883189,2,-4.74854,9.23925,-0.014924,0.0310617,0.00907713,0.0123012
51,door_1,1816,0,0.107003,0.107177,0,0.00763028,5.3615e-19,0,0,4.10191,0.0434049,0.570703,0.7,2.10824,-3.2513,7.166,0,0.600944,0.00950957,0.00875876
52,door_2,2150,0,0.0545603,0.0548205,0,0.016256,1.36564e-18,0,0,6.19596,0.0678509,0.680989,0.883183,2,-4.74854,9.23925,-0.014924,0.0309176,0.00896699,0.0121764
52,door_1,1816,0,0.107003,0.107168,0,0.00763028,9.6271e-19,0,0,4.10191,0.0434049,0.570703,0.7,2.10824,-3.2513,7.166,0,0.600964,0.00941656,0.00868719
53,door_2,2150,0,0.054562,0.0548076,0,0.016256,1.01489e-18,0,0,6.19596,0.067851,0.681026,0.883105,2,-4.74855,9.23925,-0.014924,0.0307823,0.00886128,0.0120557
53,door_1,1816,0,0.107003,0.10716,0,0.00763028,7.15451e-19,0,0,4.10191,0.0434049,0.570703,0.7,2.10824,-3.2513,7.166,0,0.600985,0.00932673,0.0086178
54,door_2,2150,0,0.0545623,0.0547953,0,0.016256,2.98662e-19,0,0,6.19596,0.067851,0.680997,0.883109,2,-4.74857,9.23925,-0.014924,0.0306555,0.00875986,0.011939
54,door_1,1816,0,0.107003,0.107152,0,0.00763028,9.17845e-17,0,0,4.10191,0.0434049,0.570703,0.7,2.10824,-3.2513,7.166,0,0.601007,0.00923991,0.0085505
55,door_2,2150,0,0.0545637,0.0547837,0,0.016256,2.95337e-18,0,0,6.19596,0.0678511,0.681023,0.883044,2,-4.74858,9.23925,-0.014924,0.0305365,0.00866237,0.0118259
55,door_1,1816,0,0.107003,0.107145,0,0.00763028,2.08199e-18,0,0,4.10191,0.0434049,0.570703,0.7,2.10824,-3.2513,7.166,0,0.601027,0.00915594,0.00848519
56,door_2,2150,0,0.0545653,0.0547728,0,0.016256,8.3352e-19,0,0,6.19596,0.0678512,0.681072,0.88299,2,-4.74856,9.23925,-0.014924,0.0304245,0.00856862,0.0117164
56,door_1,1816,0,0.107003,0.107138,0,0.00763028,5.87592e-19,0,0,4.10191,0.0434049,0.570703,0.7,2.10824,-3.2513,7.166,0,0.601048,0.00907471,0.00842179
57,door_2,2150,0,0.0545649,0.0547624,0,0.016256,1.45142e-18,0,0,6.19596,0.0678512,0.681066,0.883008,2,-4.74855,9.23925,-0.014924,0.0303194,0.0084785,0.0116103
57,door_1,1816,0,0.107003,0.107131,0,0.00763028,1.02318e-18,0,0,4.10191,0.0434049,0.570703,0.7,2.10824,-3.2513,7.166,0,0.601069,0.00899606,0.00836022
58,door_2,2150,0,0.0545643,0.0547525,0,0.016256,9.17522e-19,0,0,6.19596,0.0678512,0.681091,0.883011,2,-4.74853,9.23925,-0.014924,0.0302207,0.00839157,0.0115073
58,door_1,1816,0,0.107003,0.107125,0,0.00763028,6.46809e-19,0,0,4.10191,0.0434049,0.570703,0.7,2.10824,-3.2513,7.166,0,0.60109,0.00891989,0.0083004
59,door_2,2150,0,0.0545652,0.0547431,0,0.016256,5.6116e-19,0,0,6.19596,0.0678512,0.6811,0.882964,2,-4.74854,9.23925,-0.014924,0.0301278,0.00830797,0.0114074
59,door_1,1816,0,0.107003,0.107118,0,0.00763028,3.95591e-19,0,0,4.10191,0.0434049,0.570703,0.7,2.10824,-3.2513,7.166,0,0.601111,0.00884607,0.00824227
60,door_2,2150,0,0.0545653,0.0547343,0,0.016256,1.84646e-18,0,0,6.19596,0.0678512,0.681064,0.882984,2,-4.74857,9.23925,-0.014924,0.0300407,0.0082273,0.0113105
60,door_1,1816,0,0.107003,0.107113,0,0.00763028,1.30166e-18,0,0,4.10191,0.0434049,0.570703,0.7,2.10824,-3.2513,7.166,0,0.601132,0.0087745,0.00818575
61,door_2,2150,0,0.0545665,0.0547259,0,0.016256,3.50324e-18,0,0,6.19596,0.0678513,0.681216,0.882947,2,-4.74844,9.23925,-0.014924,0.0299584,0.00814928,0.0112163
61,door_1,1816,0,0.107003,0.107107,0,0.00763028,1.44501e-16,0,0,4.10191,0.0434049,0.570703,0.7,2.10824,-3.2513,7.166,0,0.601152,0.00870509,0.00813078
62,door_2,2150,0,0.0545659,0.0547179,0,0.016256,1.48181e-18,0,0,6.19596,0.0678513,0.681139,0.882972,2,-4.7485,9.23925,-0.014924,0.0298811,0.00807414,0.0111248
62,door_1,1816,0,0.107003,0.107102,0,0.00763028,1.04461e-18,0,0,4.10191,0.0434049,0.570703,0.7,2.10824,-3.2513,7.166,0,0.601173,0.00863774,0.0080773
64,door_2,2150,0,0.0545661,0.0547103,0,0.016256,0,0,0,6.19596,0.0678513,0.681176,0.88293,2,-4.74848,9.23925,-0.014924,0.0298083,0.00800166,0.0110359
64,door_1,1816,0,0.107003,0.107097,0,0.00763028,0,0,0,4.10191,0.0434049,0.570703,0.7,2.10824,-3.2513,7.166,0,0.601194,0.00857235,0.00802526
65,door_2,2150,0,0.0545663,0.0547031,0,0.016256,0,0,0,6.19596,0.0678513,0.681147,0.882953,2,-4.7485,9.23925,-0.014924,0.0297399,0.00793155,0.0109494
65,door_1,1816,0,0.107003,0.107092,0,0.00763028,0,0,0,4.10191,0.0434049,0.570703,0.7,2.10824,-3.2513,7.166,0,0.601215,0.00850885,0.0079746
66,door_2,2150,0,0.0545664,0.0546962,0,0.016256,0,0,0,6.19596,0.0678513,0.681181,0.882914,2,-4.74849,9.23925,-0.014924,0.0296754,0.00786387,0.0108652
66,door_1,1816,0,0.107003,0.107088,0,0.00763028,0,0,0,4.10191,0.0434049,0.570703,0.7,2.10824,-3.2513,7.166,0,0.601235,0.00844716,0.00792527
67,door_2,2150,0,0.0545675,0.0546898,0,0.016256,0,0,0,6.19596,0.0678514,0.681211,0.882876,2,-4.74848,9.23925,-0.014924,0.0296145,0.00779835,0.0107833
67,door_1,1816,0,0.107003,0.107084,0,0.00763028,0,0,0,4.10191,0.0434049,0.570703,0.7,2.10824,-3.2513,7.166,0,0.601256,0.00838721,0.00787722
69,door_2,2150,0,0.0545675,0.0546837,0,0.016256,0,0,0,6.19596,0.0678514,0.681178,0.882904,2,-4.74849,9.23925,-0.014924,0.0295573,0.00773502,0.0107036
69,door_1,1816,0,0.107003,0.10708,0,0.00763028,0,0,0,4.10191,0.0434049,0.570703,0.7,2.10824,-3.2513,7.166,0,0.601277,0.00832893,0.00783041
71,door_2,2150,0,0.0545674,0.0546779,0,0.016256,0,0,0,6.19596,0.0678514,0.681202,0.882873,2,-4.74849,9.23925,-0.014924,0.0295033,0.00767367,0.0106259
71,door_1,1816,0,0.107003,0.107076,0,0.00763028,0,0,0,4.10191,0.0434049,0.570703,0.7,2.10824,-3.2513,7.166,0,0.601298,0.00827224,0.00778479
72,door_2,2150,0,0.0545681,0.0546724,0,0.016256,0,0,0,6.19596,0.0678515,0.68122,0.882845,2,-4.74848,9.23925,-0.014924,0.0294523,0.00761421,0.0105502
72,door_1,1816,0,0.107003,0.107072,0,0.00763028,0,0,0,4.10191,0.0434049,0.570703,0.7,2.10824,-3.2513,7.166,0,0.601319,0.0082171,0.00774032
73,door_2,2150,0,0.0545687,0.0546672,0,0.016256,0,0,0,6.19596,0.0678515,0.681235,0.882822,2,-4.74848,9.23925,-0.014924,0.0294041,0.00755658,0.0104765
73,door_1,1816,0,0.107003,0.107069,0,0.00763028,0,0,0,4.10191,0.0434049,0.570703,0.7,2.10824,-3.2513,7.166,0,0.601339,0.00816343,0.00769696
74,door_2,2150,0,0.0545693,0.0546623,0,0.016256,0,0,0,6.19596,0.0678515,0.681247,0.882801,2,-4.74848,9.23925,-0.014924,0.0293587,0.00750069,0.0104046
74,door_1,1816,0,0.107003,0.107066,0,0.00763028,0,0,0,4.10191,0.0434049,0.570703,0.7,2.10824,-3.2513,7.166,0,0.60136,0.00811119,0.00765468
75,door_2,2150,0,0.0545697,0.0546577,0,0.016256,0,0,0,6.19596,0.0678516,0.681257,0.882783,2,-4.74848,9.23925,-0.014924,0.0293157,0.00744647,0.0103345
75,door_1,1816,0,0.107003,0.107062,0,0.00763028,0,0,0,4.10191,0.0434049,0.570703,0.7,2.10824,-3.2513,7.166,0,0.601381,0.00806032,0.00761343
77,door_2,2150,0,0.0545701,0.0546533,0,0.016256,0,0,0,6.19596,0.0678516,0.681266,0.882766,2,-4.74848,9.23925,-0.014924,0.0292752,0.00739386,0.0102661
77,door_1,1816,0,0.107003,0.10706,0,0.00763028,0,0,0,4.10191,0.0434049,0.570703,0.7,2.10824,-3.2513,7.166,0,0.601402,0.00801077,0.00757319
78,door_2,2150,0,0.0545704,0.0546492,0,0.016256,0,0,0,6.19596,0.0678516,0.681272,0.882751,2,-4.74848,9.23925,-0.014924,0.0292369,0.0073428,0.0101993
78,door_1,1816,0,0.107003,0.107057,0,0.00763028,0,0,0,4.10191,0.0434049,0.570703,0.7,2.10824,-3.2513,7.166,0,0.601423,0.00796249,0.00753391
79,door_2,2150,0,0.0545707,0.0546452,0,0.016256,0,0,0,6.19596,0.0678516,0.681278,0.882738,2,-4.74848,9.23925,-0.014924,0.0292008,0.00729323,0.0101342
79,door_1,1816,0,0.107003,0.107054,0,0.00763028,0,0,0,4.10191,0.0434049,0.570703,0.7,2.10824,-3.2513,7.166,0,0.601443,0.00791545,0.00749558
80,door_2,2150,0,0.054571,0.0546415,0,0.016256,0,0,0,6.19596,0.0678517,0.681283,0.882727,2,-4.74848,9.23925,-0.014924,0.0291666,0.00724507,0.0100705
80,door_1,1816,0,0.107003,0.107052,0,0.00763028,0,0,0,4.10191,0.0434049,0.570703,0.7,2.10824,-3.2513,7.166,0,0.601464,0.00786958,0.00745815
81,door_2,2150,0,0.0545712,0.054638,0,0.016256,0,0,0,6.19596,0.0678517,0.681288,0.882717,2,-4.74848,9.23925,-0.014924,0.0291343,0.00719829,0.0100084
81,door_1,1816,0,0.107003,0.107049,0,0.00763028,0,0,0,4.10191,0.0434049,0.570703,0.7,2.10824,-3.2513,7.166,0,0.601485,0.00782487,0.0074216
82,door_2,2150,0,0.0545714,0.0546347,0,0.016256,0,0,0,6.19596,0.0678517,0.681292,0.882708,2,-4.74848,9.23925,-0.014924,0.0291038,0.00715283,0.00994771
82,door_1,1816,0,0.107003,0.107047,0,0.00763028,0,0,0,4.10191,0.0434049,0.570703,0.7,2.10824,-3.2513,7.166,0,0.601506,0.00778126,0.00738591
83,door_2,2150,0,0.0545716,0.0546315,0,0.016256,0,0,0,6.19596,0.0678517,0.681296,0.882699,2,-4.74848,9.23925,-0.014924,0.029075,0.00710864,0.0098884
83,door_1,1816,0,0.107003,0.107045,0,0.00763028,0,0,0,4.10191,0.0434049,0.570703,0.7,2.10824,-3.2513,7.166,0,0.601526,0.00773871,0.00735104
84,door_2,2150,0,0.0545718,0.0546285,0,0.016256,0,0,0,6.19596,0.0678517,0.6813,0.882692,2,-4.74848,9.23925,-0.014924,0.0290477,0.00706567,0.00983043
84,door_1,1816,0,0.107003,0.107043,0,0.00763028,0,0,0,4.10191,0.0434049,0.570703,0.7,2.10824,-3.2513,7.166,0,0.601547,0.0076972,0.00731698
85,door_2,2150,0,0.054572,0.0546257,0,0.016256,0,0,0,6.19596,0.0678517,0.681303,0.882685,2,-4.74848,9.23925,-0.014924,0.0290219,0.00702388,0.00977375
85,door_1,1816,0,0.107003,0.107041,0,0.00763028,0,0,0,4.10191,0.0434049,0.570703,0.7,2.10824,-3.2513,7.166,0,0.601568,0.00765669,0.00728369
86,door_2,2150,0,0.0545721,0.054623,0,0.016256,0,0,0,6.19596,0.0678517,0.681306,0.882679,2,-4.74848,9.23925,-0.014924,0.0289975,0.00698322,0.00971833
86,door_1,1816,0,0.107003,0.107039,0,0.00763028,0,0,0,4.10191,0.0434049,0.570703,0.7,2.10824,-3.2513,7.166,0,0.601589,0.00761715,0.00725115
87,door_2,2150,0,0.0545722,0.0546205,0,0.016256,0,0,0,6.19596,0.0678518,0.681307,0.882674,2,-4.74848,9.23925,-0.014924,0.0289744,0.00694365,0.00966413
87,door_1,1816,0,0.107003,0.107037,0,0.00763028,0,0,0,4.10191,0.0434049,0.570703,0.7,2.10824,-3.2513,7.166,0,0.60161,0.00757854,0.00721935
88,door_2,2150,0,0.0545723,0.0546181,0,0.016256,0,0,0,6.19596,0.0678518,0.68131,0.882669,2,-4.74848,9.23925,-0.014924,0.0289525,0.00690514,0.0096111
88,door_1,1816,0,0.107003,0.107035,0,0.00763028,0,0,0,4.10191,0.0434049,0.570703,0.7,2.10824,-3.2513,7.166,0,0.60163,0.00754083,0.00718826
89,door_2,2150,0,0.0545724,0.0546158,0,0.016256,0,0,0,6.19596,0.0678518,0.681311,0.882664,2,-4.74848,9.23925,-0.014924,0.0289319,0.00686765,0.00955922
89,door_1,1816,0,0.107003,0.107034,0,0.00763028,0,0,0,4.10191,0.0434049,0.570703,0.7,2.10824,-3.2513,7.166,0,0.601651,0.00750401,0.00715786
90,door_2,2150,0,0.0545725,0.0546136,0,0.016256,0,0,0,6.19596,0.0678518,0.681313,0.88266,2,-4.74848,9.23925,-0.014924,0.0289123,0.00683114,0.00950844
90,door_1,1816,0,0.107003,0.107032,0,0.00763028,0,0,0,4.10191,0.0434049,0.570703,0.7,2.10824,-3.2513,7.166,0,0.601672,0.00746803,0.00712813
91,door_2,2150,0,0.0545726,0.0546116,0,0.016256,0,0,0,6.19596,0.0678518,0.681315,0.882657,2,-4.74848,9.23925,-0.014924,0.0288938,0.00679559,0.00945873
91,door_1,1816,0,0.107003,0.107031,0,0.00763028,0,0,0,4.10191,0.0434049,0.570703,0.7,2.10824,-3.2513,7.166,0,0.601693,0.00743289,0.00709905
92,door_2,2150,0,0.0545727,0.0546096,0,0.016256,0,0,0,6.19596,0.0678518,0.681316,0.882654,2,-4.74848,9.23925,-0.014924,0.0288762,0.00676095,0.00941006
92,door_1,1816,0,0.107003,0.107029,0,0.00763028,0,0,0,4.10191,0.0434049,0.570703,0.7,2.10824,-3.2513,7.166,0,0.601713,0.00739853,0.0070706
93,door_2,2150,0,0.0545727,0.0546078,0,0.016256,0,0,0,6.19596,0.0678518,0.681317,0.882651,2,-4.74848,9.23925,-0.014924,0.0288596,0.0067272,0.0093624
93,door_1,1816,0,0.107003,0.107028,0,0.00763028,0,0,0,4.10191,0.0434049,0.570703,0.7,2.10824,-3.2513,7.166,0,0.601734,0.00736496,0.00704277
94,door_2,2150,0,0.0545728,0.0546061,0,0.016256,0,0,0,6.19596,0.0678518,0.681318,0.882648,2,-4.74848,9.23925,-0.014924,0.0288438,0.0066943,0.00931573
94,door_1,1816,0,0.107003,0.107027,0,0.00763028,0,0,0,4.10191,0.0434049,0.570703,0.7,2.10824,-3.2513,7.166,0,0.601755,0.00733214,0.00701554
95,door_2,2150,0,0.0545729,0.0546044,0,0.016256,0,0,0,6.19596,0.0678518,0.681319,0.882646,2,-4.74848,9.23925,-0.014924,0.0288289,0.00666224,0.00927
95,door_1,1816,0,0.107003,0.107026,0,0.00763028,0,0,0,4.10191,0.0434049,0.570703,0.7,2.10824,-3.2513,7.166,0,0.601776,0.00730005,0.00698889
97,door_2,2150,0,0.0545729,0.0546028,0,0.016256,0,0,0,6.19596,0.0678518,0.68132,0.882644,2,-4.74848,9.23925,-0.014924,0.0288147,0.00663098,0.0092252
97,door_1,1816,0,0.107003,0.107025,0,0.00763028,0,0,0,4.10191,0.0434049,0.570703,0.7,2.10824,-3.2513,7.166,0,0.601797,0.00726867,0.0069628
98,door_2,2150,0,0.0545729,0.0546013,0,0.016256,0,0,0,6.19596,0.0678518,0.681321,0.882642,2,-4.74848,9.23925,-0.014924,0.0288013,0.00660049,0.0091813
98,door_1,1816,0,0.107003,0.107024,0,0.00763028,0,0,0,4.10191,0.0434049,0.570703,0.7,2.10824,-3.2513,7.166,0,0.601817,0.00723797,0.00693727
99,door_2,2150,0,0.054573,0.0545999,0,0.016256,0,0,0,6.19596,0.0678518,0.681322,0.88264,2,-4.74848,9.23925,-0.014924,0.0287886,0.00657076,0.00913827
99,door_1,1816,0,0.107003,0.107023,0,0.00763028,0,0,0,4.10191,0.0434049,0.570703,0.7,2.10824,-3.2513,7.166,0,0.601838,0.00720795,0.00691227
100,door_2,2150,0,0.054573,0.0545986,0,0.016256,0,0,0,6.19596,0.0678518,0.681323,0.882638,2,-4.74848,9.23925,-0.014924,0.0287765,0.00654176,0.00909609
100,door_1,1816,0,0.107003,0.107022,0,0.00763028,0,0,0,4.10191,0.0434049,0.570703,0.7,2.10824,-3.2513,7.166,0,0.601859,0.00717858,0.0068878
101,door_2,2150,0,0.0545731,0.0545973,0,0.016256,0,0,0,6.19596,0.0678518,0.681324,0.882636,2,-4.74848,9.23925,-0.014924,0.028765,0.00651346,0.00905474
101,door_1,1816,0,0.107003,0.107021,0,0.00763028,0,0,0,4.10191,0.0434049,0.570703,0.7,2.10824,-3.2513,7.166,0,0.60188,0.00714984,0.00686384
102,door_2,2150,0,0.0545731,0.0545961,0,0.016256,0,0,0,6.19596,0.0678518,0.681325,0.882635,2,-4.74848,9.23925,-0.014924,0.0287541,0.00648585,0.00901419
102,door_1,1816,0,0.107003,0.10702,0,0.00763028,0,0,0,4.10191,0.0434049,0.570703,0.7,2.10824,-3.2513,7.166,0,0.6019,0.00712172,0.00684037
103,door_2,2150,0,0.0545731,0.0545949,0,0.016256,0,0,0,6.19596,0.0678518,0.681325,0.882634,2,-4.74848,9.23925,-0.014924,0.0287438,0.0064589,0.00897442
103,door_1,1816,0,0.107003,0.107019,0,0.00763028,0,0,0,4.10191,0.0434049,0.570703,0.7,2.10824,-3.2513,7.166,0,0.601921,0.00709419,0.00681739
104,door_2,2150,0,0.0545732,0.0545938,0,0.016256,0,0,0,6.19596,0.0678518,0.681326,0.882632,2,-4.74848,9.23925,-0.014924,0.028734,0.0064326,0.00893541
104,door_1,1816,0,0.107003,0.107018,0,0.00763028,0,0,0,4.10191,0.0434049,0.570703,0.7,2.10824,-3.2513,7.166,0,0.601942,0.00706725,0.00679487
105,door_2,2150,0,0.0545732,0.0545928,0,0.016256,0,0,0,6.19596,0.0678518,0.681326,0.882631,2,-4.74848,9.23925,-0.014924,0.0287247,0.00640692,0.00889715
105,door_1,1816,0,0.107003,0.107018,0,0.00763028,0,0,0,4.10191,0.0434049,0.570703,0.7,2.10824,-3.2513,7.166,0,0.601963,0.00704088,0.00677282
106,door_2,2150,0,0.0545732,0.0545918,0,0.016256,0,0,0,6.19596,0.0678518,0.681327,0.88263,2,-4.74848,9.23925,-0.014924,0.0287158,0.00638186,0.00885961
106,door_1,1816,0,0.107003,0.107017,0,0.00763028,0,0,0,4.10191,0.0434049,0.570703,0.7,2.10824,-3.2513,7.166,0,0.601983,0.00701505,0.00675121
107,door_2,2150,0,0.0545732,0.0545909,0,0.016256,0,0,0,6.19596,0.0678518,0.681327,0.88263,2,-4.74848,9.23925,-0.014924,0.0287074,0.00635738,0.00882277
107,door_1,1816,0,0.107003,0.107016,0,0.00763028,0,0,0,4.10191,0.0434049,0.570703,0.7,2.10824,-3.2513,7.166,0,0.602004,0.00698977,0.00673004
108,door_2,2150,0,0.0545733,0.05459,0,0.016256,0,0,0,6.19596,0.0678518,0.681327,0.882629,2,-4.74848,9.23925,-0.014924,0.0286994,0.00633347,0.00878662
108,door_1,1816,0,0.107003,0.107015,0,0.00763028,0,0,0,4.10191,0.0434049,0.570703,0.7,2.10824,-3.2513,7.166,0,0.602025,0.006965,0.00670929
109,door_2,2150,0,0.0545733,0.0545892,0,0.016256,0,0,0,6.19596,0.0678518,0.681328,0.882628,2,-4.74848,9.23925,-0.014924,0.0286918,0.00631011,0.00875113
109,door_1,1816,0,0.107003,0.107015,0,0.00763028,0,0,0,4.10191,0.0434049,0.570703,0.7,2.10824,-3.2513,7.166,0,0.602046,0.00694075,0.00668897
110,door_2,2150,0,0.0545733,0.0545884,0,0.016256,0,0,0,6.19596,0.0678518,0.681328,0.882628,2,-4.74848,9.23925,-0.014924,0.0286846,0.0062873,0.0087163
110,door_1,1816,0,0.107003,0.107014,0,0.00763028,0,0,0,4.10191,0.0434049,0.570703,0.7,2.10824,-3.2513,7.166,0,0.602066,0.00691699,0.00666904
111,door_2,2150,0,0.0545733,0.0545876,0,0.016256,0,0,0,6.19596,0.0678518,0.681328,0.882627,2,-4.74848,9.23925,-0.014924,0.0286777,0.00626501,0.00868211
111,door_1,1816,0,0.107003,0.107014,0,0.00763028,0,0,0,4.10191,0.0434049,0.570703,0.7,2.10824,-3.2513,7.166,0,0.602087,0.00689372,0.00664951
112,door_2,2150,0,0.0545733,0.0545869,0,0.016256,0,0,0,6.19596,0.0678518,0.681328,0.882626,2,-4.74848,9.23925,-0.014924,0.0286711,0.00624324,0.00864853
112,door_1,1816,0,0.107003,0.107013,0,0.00763028,0,0,0,4.10191,0.0434049,0.570703,0.7,2.10824,-3.2513,7.166,0,0.602108,0.00687092,0.00663037
113,door_2,2150,0,0.0545733,0.0545862,0,0.016256,0,0,0,6.19596,0.0678518,0.681328,0.882626,2,-4.74848,9.23925,-0.014924,0.0286649,0.00622195,0.00861556
113,door_1,1816,0,0.107003,0.107013,0,0.00763028,0,0,0,4.10191,0.0434049,0.570703,0.7,2.10824,-3.2513,7.166,0,0.602129,0.00684858,0.00661161
114,door_2,2150,0,0.0545733,0.0545856,0,0.016256,0,0,0,6.19596,0.0678518,0.681329,0.882625,2,-4.74848,9.23925,-0.014924,0.028659,0.00620115,0.00858318
114,door_1,1816,0,0.107003,0.107012,0,0.00763028,0,0,0,4.10191,0.0434049,0.570703,0.7,2.10824,-3.2513,7.166,0,0.602149,0.00682669,0.00659321
116,door_2,2150,0,0.0545733,0.054585,0,0.016256,0,0,0,6.19596,0.0678518,0.681329,0.882625,2,-4.74848,9.23925,-0.014924,0.0286533,0.00618082,0.00855138
116,door_1,1816,0,0.107003,0.107012,0,0.00763028,0,0,0,4.10191,0.0434049,0.570703,0.7,2.10824,-3.2513,7.166,0,0.60217,0.00680523,0.00657517
117,door_2,2150,0,0.0545733,0.0545844,0,0.016256,0,0,0,6.19596,0.0678518,0.681329,0.882625,2,-4.74848,9.23925,-0.014924,0.0286479,0.00616095,0.00852014
117,door_1,1816,0,0.107003,0.107011,0,0.00763028,0,0,0,4.10191,0.0434049,0.570703,0.7,2.10824,-3.2513,7.166,0,0.602191,0.00678421,0.00655748
118,door_2,2150,0,0.0545734,0.0545838,0,0.016256,0,0,0,6.19596,0.0678518,0.681329,0.882624,2,-4.74848,9.23925,-0.014924,0.0286428,0.00614152,0.00848945
118,door_1,1816,0,0.107003,0.107011,0,0.00763028,0,0,0,4.10191,0.0434049,0.570703,0.7,2.10824,-3.2513,7.166,0,0.602212,0.0067636,0.00654014
119,door_2,2150,0,0.0545734,0.0545833,0,0.016256,0,0,0,6.19596,0.0678518,0.681329,0.882624,2,-4.74848,9.23925,-0.014924,0.0286379,0.00612252,0.0084593
119,door_1,1816,0,0.107003,0.107011,0,0.00763028,0,0,0,4.10191,0.0434049,0.570703,0.7,2.10824,-3.2513,7.166,0,0.602233,0.00674339,0.00652313
120,door_2,2150,0,0.0545734,0.0545828,0,0.016256,0,0,0,6.19596,0.0678518,0.681329,0.882624,2,-4.74848,9.23925,-0.014924,0.0286332,0.00610394,0.00842967
120,door_1,1816,0,0.107003,0.10701,0,0.00763028,0,0,0,4.10191,0.0434049,0.570703,0.7,2.10824,-3.2513,7.166,0,0.602253,0.00672358,0.00650645
122,door_2,2150,0,0.0545734,0.0545823,0,0.016256,0,0,0,6.19596,0.0678518,0.681329,0.882624,2,-4.74848,9.23925,-0.014924,0.0286288,0.00608578,0.00840055
122,door_1,1816,0,0.107003,0.10701,0,0.00763028,0,0,0,4.10191,0.0434049,0.570703,0.7,2.10824,-3.2513,7.166,0,0.602274,0.00670416,0.00649008
123,door_2,2150,0,0.0545734,0.0545819,0,0.016256,0,0,0,6.19596,0.0678518,0.681329,0.882624,2,-4.74848,9.23925,-0.014924,0.0286245,0.00606801,0.00837194
123,door_1,1816,0,0.107003,0.10701,0,0.00763028,0,0,0,4.10191,0.0434049,0.570703,0.7,2.10824,-3.2513,7.166,0,0.602295,0.00668512,0.00647404
124,door_2,2150,0,0.0545734,0.0545815,0,0.016256,0,0,0,6.19596,0.0678518,0.681329,0.882624,2,-4.74848,9.23925,-0.014924,0.0286205,0.00605063,0.00834381
124,door_1,1816,0,0.107003,0.107009,0,0.00763028,0,0,0,4.10191,0.0434049,0.570703,0.7,2.10824,-3.2513,7.166,0,0.602316,0.00666645,0.00645829
125,door_2,2150,0,0.0545734,0.0545811,0,0.016256,0,0,0,6.19596,0.0678518,0.681329,0.882624,2,-4.74848,9.23925,-0.014924,0.0286166,0.00603363,0.00831616
125,door_1,1816,0,0.107003,0.107009,0,0.00763028,0,0,0,4.10191,0.0434049,0.570703,0.7,2.10824,-3.2513,7.166,0,0.602336,0.00664814,0.00644285
126,door_2,2150,0,0.0545734,0.0545807,0,0.016256,0,0,0,6.19596,0.0678518,0.681329,0.882623,2,-4.74848,9.23925,-0.014924,0.0286129,0.006017,0.00828898
126,door_1,1816,0,0.107003,0.107009,0,0.00763028,0,0,0,4.10191,0.0434049,0.570703,0.7,2.10824,-3.2513,7.166,0,0.602357,0.00663018,0.00642769
127,door_2,2150,0,0.0545734,0.0545803,0,0.016256,0,0,0,6.19596,0.0678518,0.681329,0.882623,2,-4.74848,9.23925,-0.014924,0.0286094,0.00600073,0.00826226
127,door_1,1816,0,0.107003,0.107009,0,0.00763028,0,0,0,4.10191,0.0434049,0.570703,0.7,2.10824,-3.2513,7.166,0,0.602378,0.00661256,0.00641283
128,door_2,2150,0,0.0545734,0.05458,0,0.016256,0,0,0,6.19596,0.0678518,0.681329,0.882623,2,-4.74848,9.23925,-0.014924,0.028606,0.00598481,0.00823599
128,door_1,1816,0,0.107003,0.107008,0,0.00763028,0,0,0,4.10191,0.0434049,0.570703,0.7,2.10824,-3.2513,7.166,0,0.602399,0.00659528,0.00639824
129,door_2,2150,0,0.0545734,0.0545796,0,0.016256,0,0,0,6.19596,0.0678518,0.68133,0.882623,2,-4.74848,9.23925,-0.014924,0.0286028,0.00596923,0.00821016
129,door_1,1816,0,0.107003,0.107008,0,0.00763028,0,0,0,4.10191,0.0434049,0.570703,0.7,2.10824,-3.2513,7.166,0,0.602419,0.00657833,0.00638393
130,door_2,2150,0,0.0545734,0.0545793,0,0.016256,0,0,0,6.19596,0.0678518,0.68133,0.882623,2,-4.74848,9.23925,-0.014924,0.0285997,0.00595399,0.00818475
130,door_1,1816,0,0.107003,0.107008,0,0.00763028,0,0,0,4.10191,0.0434049,0.570703,0.7,2.10824,-3.2513,7.166,0,0.60244,0.0065617,0.00636988
131,door_2,2150,0,0.0545734,0.054579,0,0.016256,0,0,0,6.19596,0.0678518,0.68133,0.882622,2,-4.74848,9.23925,-0.014924,0.0285967,0.00593907,0.00815977
131,door_1,1816,0,0.107003,0.107008,0,0.00763028,0,0,0,4.10191,0.0434049,0.570703,0.7,2.10824,-3.2513,7.166,0,0.602461,0.00654539,0.0063561
133,door_2,2150,0,0.0545734,0.0545787,0,0.016256,0,0,0,6.19596,0.0678518,0.68133,0.882622,2,-4.74848,9.23925,-0.014924,0.0285939,0.00592447,0.00813519
133,door_1,1816,0,0.107003,0.107007,0,0.00763028,0,0,0,4.10191,0.0434049,0.570703,0.7,2.10824,-3.2513,7.166,0,0.602482,0.00652938,0.00634257
134,door_2,2150,0,0.0545734,0.0545785,0,0.016256,0,0,0,6.19596,0.0678518,0.68133,0.882622,2,-4.74848,9.23925,-0.014924,0.0285912,0.00591017,0.00811102
134,door_1,1816,0,0.107003,0.107007,0,0.00763028,0,0,0,4.10191,0.0434049,0.570703,0.7,2.10824,-3.2513,7.166,0,0.602502,0.00651368,0.00632929
135,door_2,2150,0,0.0545734,0.0545782,0,0.016256,0,0,0,6.19596,0.0678518,0.68133,0.882622,2,-4.74848,9.23925,-0.014924,0.0285886,0.00589619,0.00808724
135,door_1,1816,0,0.107003,0.107007,0,0.00763028,0,0,0,4.10191,0.0434049,0.570703,0.7,2.10824,-3.2513,7.166,0,0.602523,0.00649826,0.00631626
136,door_2,2150,0,0.0545734,0.054578,0,0.016256,0,0,0,6.19596,0.0678518,0.68133,0.882622,2,-4.74848,9.23925,-0.014924,0.0285861,0.00588249,0.00806385
136,door_1,1816,0,0.107003,0.107007,0,0.00763028,0,0,0,4.10191,0.0434049,0.570703,0.7,2.10824,-3.2513,7.166,0,0.602544,0.00648314,0.00630347
137,door_2,2150,0,0.0545734,0.0545778,0,0.016256,0,0,0,6.19596,0.0678518,0.681331,0.882621,2,-4.74848,9.23925,-0.014924,0.0285837,0.00586908,0.00804083
137,door_1,1816,0,0.107003,0.107007,0,0.00763028,0,0,0,4.10191,0.0434049,0.570703,0.7,2.10824,-3.2513,7.166,0,0.602565,0.00646829,0.00629091
139,door_2,2150,0,0.0545734,0.0545775,0,0.016256,0,0,0,6.19596,0.0678518,0.681331,0.882621,2,-4.74848,9.23925,-0.014924,0.0285814,0.00585595,0.00801819
139,door_1,1816,0,0.107003,0.107006,0,0.00763028,0,0,0,4.10191,0.0434049,0.570703,0.7,2.10824,-3.2513,7.166,0,0.602585,0.00645373,0.00627858
140,door_2,2150,0,0.0545734,0.0545773,0,0.016256,0,0,0,6.19596,0.0678518,0.681331,0.882621,2,-4.74848,9.23925,-0.014924,0.0285792,0.0058431,0.00799591
140,door_1,1816,0,0.107003,0.107006,0,0.00763028,0,0,0,4.10191,0.0434049,0.570703,0.7,2.10824,-3.2513,7.166,0,0.602606,0.00643943,0.00626648
141,door_2,2150,0,0.0545734,0.0545771,0,0.016256,0,0,0,6.19596,0.0678518,0.681331,0.882621,2,-4.74848,9.23925,-0.014924,0.0285771,0.00583052,0.00797398
141,door_1,1816,0,0.107003,0.107006,0,0.00763028,0,0,0,4.10191,0.0434049,0.570703,0.7,2.10824,-3.2513,7.166,0,0.602627,0.00642539,0.0062546
142,door_2,2150,0,0.0545734,0.054577,0,0.016256,0,0,0,6.19596,0.0678518,0.681331,0.882621,2,-4.74848,9.23925,-0.014924,0.0285751,0.00581819,0.0079524
142,door_1,1816,0,0.107003,0.107006,0,0.00763028,0,0,0,4.10191,0.0434049,0.570703,0.7,2.10824,-3.2513,7.166,0,0.602647,0.00641161,0.00624294
144,door_2,2150,0,0.0545734,0.0545768,0,0.016256,0,0,0,6.19596,0.0678518,0.681331,0.882621,2,-4.74848,9.23925,-0.014924,0.0285732,0.00580612,0.00793116
144,door_1,1816,0,0.107003,0.107006,0,0.00763028,0,0,0,4.10191,0.0434049,0.570703,0.7,2.10824,-3.2513,7.166,0,0.602668,0.00639809,0.00623148
145,door_2,2150,0,0.0545734,0.0545766,0,0.016256,0,0,0,6.19596,0.0678518,0.681331,0.882621,2,-4.74848,9.23925,-0.014924,0.0285713,0.0057943,0.00791026
145,door_1,1816,0,0.107003,0.107006,0,0.00763028,0,0,0,4.10191,0.0434049,0.570703,0.7,2.10824,-3.2513,7.166,0,0.602689,0.00638481,0.00622024
146,door_2,2150,0,0.0545734,0.0545765,0,0.016256,0,0,0,6.19596,0.0678518,0.681331,0.882621,2,-4.74848,9.23925,-0.014924,0.0285695,0.00578272,0.00788969
146,door_1,1816,0,0.107003,0.107006,0,0.00763028,0,0,0,4.10191,0.0434049,0.570703,0.7,2.10824,-3.2513,7.166,0,0.60271,0.00637177,0.0062092
147,door_2,2150,0,0.0545734,0.0545763,0,0.016256,0,0,0,6.19596,0.0678518,0.681331,0.882621,2,-4.74848,9.23925,-0.014924,0.0285678,0.00577138,0.00786944
147,door_1,1816,0,0.107003,0.107006,0,0.00763028,0,0,0,4.10191,0.0434049,0.570703,0.7,2.10824,-3.2513,7.166,0,0.602731,0.00635897,0.00619835
148,door_2,2150,0,0.0545734,0.0545762,0,0.016256,0,0,0,6.19596,0.0678518,0.681331,0.88262,2,-4.74848,9.23925,-0.014924,0.0285661,0.00576028,0.0078495
148,door_1,1816,0,0.107003,0.107005,0,0.00763028,0,0,0,4.10191,0.0434049,0.570703,0.7,2.10824,-3.2513,7.166,0,0.602751,0.0063464,0.0061877
149,door_2,2150,0,0.0545734,0.054576,0,0.016256,0,0,0,6.19596,0.0678518,0.681331,0.88262,2,-4.74848,9.23925,-0.014924,0.0285645,0.0057494,0.00782987
149,door_1,1816,0,0.107003,0.107005,0,0.00763028,0,0,0,4.10191,0.0434049,0.570703,0.7,2.10824,-3.2513,7.166,0,0.602772,0.00633406,0.00617725
150,door_2,2150,0,0.0545735,0.0545759,0,0.016256,0,0,0,6.19596,0.0678518,0.681331,0.88262,2,-4.74848,9.23925,-0.014924,0.028563,0.00573874,0.00781055
150,door_1,1816,0,0.107003,0.107005,0,0.00763028,0,0,0,4.10191,0.0434049,0.570703,0.7,2.10824,-3.2513,7.166,0,0.602793,0.00632194,0.00616698
151,door_2,2150,0,0.0545735,0.0545758,0,0.016256,0,0,0,6.19596,0.0678518,0.681331,0.88262,2,-4.74848,9.23925,-0.014924,0.0285615,0.0057283,0.00779152
151,door_1,1816,0,0.107003,0.107005,0,0.00763028,0,0,0,4.10191,0.0434049,0.570703,0.7,2.10824,-3.2513,7.166,0,0.602813,0.00631004,0.00615689
152,door_2,2150,0,0.0545735,0.0545757,0,0.016256,0,0,0,6.19596,0.0678518,0.681331,0.88262,2,-4.74848,9.23925,-0.014924,0.0285601,0.00571807,0.00777278
152,door_1,1816,0,0.107003,0.107005,0,0.00763028,0,0,0,4.10191,0.0434049,0.570703,0.7,2.10824,-3.2513,7.166,0,0.602834,0.00629835,0.00614699
153,door_2,2150,0,0.0545735,0.0545755,0,0.016256,0,0,0,6.19596,0.0678518,0.681331,0.88262,2,-4.74848,9.23925,-0.014924,0.0285587,0.00570805,0.00775434
153,door_1,1816,0,0.107003,0.107005,0,0.00763028,0,0,0,4.10191,0.0434049,0.570703,0.7,2.10824,-3.2513,7.166,0,0.602855,0.00628688,0.00613726
154,door_2,2150,0,0.0545734,0.0545754,0,0.016256,0,0,0,6.19596,0.0678518,0.681331,0.88262,2,-4.74848,9.23925,-0.014924,0.0285574,0.00569823,0.00773617
154,door_1,1816,0,0.107003,0.107005,0,0.00763028,0,0,0,4.10191,0.0434049,0.570703,0.7,2.10824,-3.2513,7.166,0,0.602876,0.0062756,0.0061277
156,door_2,2150,0,0.0545734,0.0545753,0,0.016256,0,0,0,6.19596,0.0678518,0.681331,0.882621,2,-4.74848,9.23925,-0.014924,0.0285562,0.00568861,0.00771828
156,door_1,1816,0,0.107003,0.107005,0,0.00763028,0,0,0,4.10191,0.0434049,0.570703,0.7,2.10824,-3.2513,7.166,0,0.602896,0.00626453,0.00611831
157,door_2,2150,0,0.0545734,0.0545752,0,0.016256,0,0,0,6.19596,0.0678518,0.681331,0.88262,2,-4.74848,9.23925,-0.014924,0.0285549,0.00567918,0.00770066
157,door_1,1816,0,0.107003,0.107005,0,0.00763028,0,0,0,4.10191,0.0434049,0.570703,0.7,2.10824,-3.2513,7.166,0,0.602917,0.00625366,0.00610909
158,door_2,2150,0,0.0545734,0.0545752,0,0.016256,0,0,0,6.19596,0.0678518,0.681331,0.88262,2,-4.74848,9.23925,-0.014924,0.0285538,0.00566995,0.0076833
158,door_1,1816,0,0.107003,0.107005,0,0.00763028,0,0,0,4.10191,0.0434049,0.570703,0.7,2.10824,-3.2513,7.166,0,0.602938,0.00624297,0.00610003
159,door_2,2150,0,0.0545734,0.0545751,0,0.016256,0,0,0,6.19596,0.0678518,0.681331,0.88262,2,-4.74848,9.23925,-0.014924,0.0285526,0.0056609,0.00766621
159,door_1,1816,0,0.107003,0.107005,0,0.00763028,0,0,0,4.10191,0.0434049,0.570703,0.7,2.10824,-3.2513,7.166,0,0.602959,0.00623248,0.00609113
160,door_2,2150,0,0.0545734,0.054575,0,0.016256,0,0,0,6.19596,0.0678518,0.68133,0.88262,2,-4.74848,9.23925,-0.014924,0.0285515,0.00565202,0.00764937
160,door_1,1816,0,0.107003,0.107005,0,0.00763028,0,0,0,4.10191,0.0434049,0.570703,0.7,2.10824,-3.2513,7.166,0,0.602979,0.00622217,0.00608239
162,door_2,2150,0,0.0545734,0.0545749,0,0.016256,0,0,0,6.19596,0.0678518,0.681331,0.88262,2,-4.74848,9.23925,-0.014924,0.0285505,0.00564333,0.00763279
162,door_1,1816,0,0.107003,0.107005,0,0.00763028,0,0,0,4.10191,0.0434049,0.570703,0.7,2.10824,-3.2513,7.166,0,0.603,0.00621204,0.0060738
163,door_2,2150,0,0.0545734,0.0545748,0,0.016256,0,0,0,6.19596,0.0678518,0.681331,0.88262,2,-4.74848,9.23925,-0.014924,0.0285494,0.00563481,0.00761645
163,door_1,1816,0,0.107003,0.107005,0,0.00763028,0,0,0,4.10191,0.0434049,0.570703,0.7,2.10824,-3.2513,7.166,0,0.603021,0.0062021,0.00606536
164,door_2,2150,0,0.0545734,0.0545748,0,0.016256,0,0,0,6.19596,0.0678518,0.681331,0.882621,2,-4.74848,9.23925,-0.014924,0.0285484,0.00562646,0.00760035
164,door_1,1816,0,0.107003,0.107004,0,0.00763028,0,0,0,4.10191,0.0434049,0.570703,0.7,2.10824,-3.2513,7.166,0,0.603042,0.00619232,0.00605707
165,door_2,2150,0,0.0545734,0.0545747,0,0.016256,0,0,0,6.19596,0.0678518,0.681331,0.882621,2,-4.74848,9.23925,-0.014924,0.0285475,0.00561828,0.0075845
165,door_1,1816,0,0.107003,0.107004,0,0.00763028,0,0,0,4.10191,0.0434049,0.570703,0.7,2.10824,-3.2513,7.166,0,0.603062,0.00618272,0.00604893
167,door_2,2150,0,0.0545734,0.0545746,0,0.016256,0,0,0,6.19596,0.0678518,0.681331,0.88262,2,-4.74848,9.23925,-0.014924,0.0285466,0.00561025,0.00756888
167,door_1,1816,0,0.107003,0.107004,0,0.00763028,0,0,0,4.10191,0.0434049,0.570703,0.7,2.10824,-3.2513,7.166,0,0.603083,0.00617328,0.00604092
168,door_2,2150,0,0.0545734,0.0545746,0,0.016256,0,0,0,6.19596,0.0678518,0.68133,0.882621,2,-4.74848,9.23925,-0.014924,0.0285457,0.00560239,0.00755348
168,door_1,1816,0,0.107003,0.107004,0,0.00763028,0,0,0,4.10191,0.0434049,0.570703,0.7,2.10824,-3.2513,7.166,0,0.603104,0.00616401,0.00603306
169,door_2,2150,0,0.0545734,0.0545745,0,0.016256,0,0,0,6.19596,0.0678518,0.681331,0.88262,2,-4.74848,9.23925,-0.014924,0.0285448,0.00559468,0.00753832
169,door_1,1816,0,0.107003,0.107004,0,0.00763028,0,0,0,4.10191,0.0434049,0.570703,0.7,2.10824,-3.2513,7.166,0,0.603124,0.00615491,0.00602533
170,door_2,2150,0,0.0545734,0.0545745,0,0.016256,0,0,0,6.19596,0.0678518,0.681331,0.882621,2,-4.74848,9.23925,-0.014924,0.028544,0.00558713,0.00752337
170,door_1,1816,0,0.107003,0.107004,0,0.00763028,0,0,0,4.10191,0.0434049,0.570703,0.7,2.10824,-3.2513,7.166,0,0.603145,0.00614596,0.00601774
172,door_2,2150,0,0.0545734,0.0545744,0,0.016256,0,0,0,6.19596,0.0678518,0.68133,0.882621,2,-4.74848,9.23925,-0.014924,0.0285432,0.00557972,0.00750865
172,door_1,1816,0,0.107003,0.107004,0,0.00763028,0,0,0,4.10191,0.0434049,0.570703,0.7,2.10824,-3.2513,7.166,0,0.603166,0.00613716,0.00601028
173,door_2,2150,0,0.0545734,0.0545744,0,0.016256,0,0,0,6.19596,0.0678518,0.68133,0.882621,2,-4.74848,9.23925,-0.014924,0.0285424,0.00557246,0.00749413
173,door_1,1816,0,0.107003,0.107004,0,0.00763028,0,0,0,4.10191,0.0434049,0.570703,0.7,2.10824,-3.2513,7.166,0,0.603186,0.00612852,0.00600295
174,door_2,2150,0,0.0545734,0.0545743,0,0.016256,0,0,0,6.19596,0.0678518,0.68133,0.882621,2,-4.74848,9.23925,-0.014924,0.0285416,0.00556534,0.00747983
174,door_1,1816,0,0.107003,0.107004,0,0.00763028,0,0,0,4.10191,0.0434049,0.570703,0.7,2.10824,-3.2513,7.166,0,0.603207,0.00612002,0.00599574
175,door_2,2150,0,0.0545734,0.0545743,0,0.016256,0,0,0,6.19596,0.0678518,0.681331,0.882621,2,-4.74848,9.23925,-0.014924,0.0285409,0.00555836,0.00746574
175,door_1,1816,0,0.107003,0.107004,0,0.00763028,0,0,0,4.10191,0.0434049,0.570703,0.7,2.10824,-3.2513,7.166,0,0.603228,0.00611168,0.00598866
176,door_2,2150,0,0.0545734,0.0545742,0,0.016256,0,0,0,6.19596,0.0678518,0.681331,0.882621,2,-4.74848,9.23925,-0.014924,0.0285402,0.00555152,0.00745185
176,door_1,1816,0,0.107003,0.107004,0,0.00763028,0,0,0,4.10191,0.0434049,0.570703,0.7,2.10824,-3.2513,7.166,0,0.603249,0.00610347,0.0059817
177,door_2,2150,0,0.0545734,0.0545742,0,0.016256,0,0,0,6.19596,0.0678518,0.68133,0.882621,2,-4.74848,9.23925,-0.014924,0.0285395,0.00554481,0.00743816
177,door_1,1816,0,0.107003,0.107004,0,0.00763028,0,0,0,4.10191,0.0434049,0.570703,0.7,2.10824,-3.2513,7.166,0,0.603269,0.00609541,0.00597486
178,door_2,2150,0,0.0545734,0.0545742,0,0.016256,0,0,0,6.19596,0.0678518,0.68133,0.882621,2,-4.74848,9.23925,-0.014924,0.0285388,0.00553823,0.00742467
178,door_1,1816,0,0.107003,0.107004,0,0.00763028,0,0,0,4.10191,0.0434049,0.570703,0.7,2.10824,-3.2513,7.166,0,0.60329,0.00608749,0.00596814
179,door_2,2150,0,0.0545734,0.0545741,0,0.016256,0,0,0,6.19596,0.0678518,0.681331,0.882621,2,-4.74848,9.23925,-0.014924,0.0285381,0.00553178,0.00741137
179,door_1,1816,0,0.107003,0.107004,0,0.00763028,0,0,0,4.10191,0.0434049,0.570703,0.7,2.10824,-3.2513,7.166,0,0.603311,0.0060797,0.00596154
180,door_2,2150,0,0.0545734,0.0545741,0,0.016256,0,0,0,6.19596,0.0678518,0.68133,0.882621,2,-4.74848,9.23925,-0.014924,0.0285375,0.00552546,0.00739826
180,door_1,1816,0,0.107003,0.107004,0,0.00763028,0,0,0,4.10191,0.0434049,0.570703,0.7,2.10824,-3.2513,7.166,0,0.603332,0.00607205,0.00595504
181,door_2,2150,0,0.0545734,0.0545741,0,0.016256,0,0,0,6.19596,0.0678518,0.68133,0.882621,2,-4.74848,9.23925,-0.014924,0.0285369,0.00551926,0.00738534
181,door_1,1816,0,0.107003,0.107004,0,0.00763028,0,0,0,4.10191,0.0434049,0.570703,0.7,2.10824,-3.2513,7.166,0,0.603352,0.00606453,0.00594866
182,door_2,2150,0,0.0545734,0.054574,0,0.016256,0,0,0,6.19596,0.0678518,0.68133,0.882621,2,-4.74848,9.23925,-0.014924,0.0285363,0.00551318,0.0073726
182,door_1,1816,0,0.107003,0.107004,0,0.00763028,0,0,0,4.10191,0.0434049,0.570703,0.7,2.10824,-3.2513,7.166,0,0.603373,0.00605713,0.00594239
183,door_2,2150,0,0.0545734,0.054574,0,0.016256,0,0,0,6.19596,0.0678518,0.68133,0.882621,2,-4.74848,9.23925,-0.014924,0.0285357,0.00550722,0.00736004
183,door_1,1816,0,0.107003,0.107004,0,0.00763028,0,0,0,4.10191,0.0434049,0.570703,0.7,2.10824,-3.2513,7.166,0,0.603394,0.00604986,0.00593622
184,door_2,2150,0,0.0545734,0.054574,0,0.016256,0,0,0,6.19596,0.0678518,0.68133,0.882621,2,-4.74848,9.23925,-0.014924,0.0285351,0.00550137,0.00734766
184,door_1,1816,0,0.107003,0.107004,0,0.00763028,0,0,0,4.10191,0.0434049,0.570703,0.7,2.10824,-3.2513,7.166,0,0.603415,0.00604272,0.00593016
185,door_2,2150,0,0.0545734,0.0545739,0,0.016256,0,0,0,6.19596,0.0678518,0.681331,0.882621,2,-4.74848,9.23925,-0.014924,0.0285346,0.00549564,0.00733546
185,door_1,1816,0,0.107003,0.107004,0,0.00763028,0,0,0,4.10191,0.0434049,0.570703,0.7,2.10824,-3.2513,7.166,0,0.603435,0.00603569,0.00592421
186,door_2,2150,0,0.0545734,0.0545739,0,0.016256,0,0,0,6.19596,0.0678518,0.681331,0.882621,2,-4.74848,9.23925,-0.014924,0.0285341,0.00549001,0.00732343
186,door_1,1816,0,0.107003,0.107004,0,0.00763028,0,0,0,4.10191,0.0434049,0.570703,0.7,2.10824,-3.2513,7.166,0,0.603456,0.00602879,0.00591835
187,door_2,2150,0,0.0545734,0.0545739,0,0.016256,0,0,0,6.19596,0.0678518,0.68133,0.882621,2,-4.74848,9.23925,-0.014924,0.0285335,0.0054845,0.00731156
187,door_1,1816,0,0.107003,0.107004,0,0.00763028,0,0,0,4.10191,0.0434049,0.570703,0.7,2.10824,-3.2513,7.166,0,0.603477,0.006022,0.0059126
188,door_2,2150,0,0.0545734,0.0545739,0,0.016256,0,0,0,6.19596,0.0678518,0.68133,0.882621,2,-4.74848,9.23925,-0.014924,0.028533,0.00547909,0.00729987
188,door_1,1816,0,0.107003,0.107004,0,0.00763028,0,0,0,4.10191,0.0434049,0.570703,0.7,2.10824,-3.2513,7.166,0,0.603497,0.00601533,0.00590694
189,door_2,2150,0,0.0545734,0.0545738,0,0.016256,0,0,0,6.19596,0.0678518,0.681331,0.882621,2,-4.74848,9.23925,-0.014924,0.0285326,0.00547379,0.00728834
189,door_1,1816,0,0.107003,0.107004,0,0.00763028,0,0,0,4.10191,0.0434049,0.570703,0.7,2.10824,-3.2513,7.166,0,0.603518,0.00600877,0.00590138
190,door_2,2150,0,0.0545734,0.0545738,0,0.016256,0,0,0,6.19596,0.0678518,0.681331,0.882621,2,-4.74848,9.23925,-0.014924,0.0285321,0.00546859,0.00727697
190,door_1,1816,0,0.107003,0.107004,0,0.00763028,0,0,0,4.10191,0.0434049,0.570703,0.7,2.10824,-3.2513,7.166,0,0.603539,0.00600232,0.00589591
191,door_2,2150,0,0.0545734,0.0545738,0,0.016256,0,0,0,6.19596,0.0678518,0.681331,0.882621,2,-4.74848,9.23925,-0.014924,0.0285316,0.00546349,0.00726576
191,door_1,1816,0,0.107003,0.107004,0,0.00763028,0,0,0,4.10191,0.0434049,0.570703,0.7,2.10824,-3.2513,7.166,0,0.60356,0.00599598,0.00589054
192,door_2,2150,0,0.0545734,0.0545738,0,0.016256,0,0,0,6.19596,0.0678518,0.681331,0.88262,2,-4.74848,9.23925,-0.014924,0.0285312,0.00545848,0.0072547
192,door_1,1816,0,0.107003,0.107004,0,0.00763028,0,0,0,4.10191,0.0434049,0.570703,0.7,2.10824,-3.2513,7.166,0,0.60358,0.00598975,0.00588525
193,door_2,2150,0,0.0545734,0.0545738,0,0.016256,0,0,0,6.19596,0.0678518,0.68133,0.882621,2,-4.74848,9.23925,-0.014924,0.0285307,0.00545357,0.0072438
193,door_1,1816,0,0.107003,0.107004,0,0.00763028,0,0,0,4.10191,0.0434049,0.570703,0.7,2.10824,-3.2513,7.166,0,0.603601,0.00598362,0.00588006
194,door_2,2150,0,0.0545734,0.0545738,0,0.016256,0,0,0,6.19596,0.0678518,0.681331,0.88262,2,-4.74848,9.23925,-0.014924,0.0285303,0.00544876,0.00723305
194,door_1,1816,0,0.107003,0.107004,0,0.00763028,0,0,0,4.10191,0.0434049,0.570703,0.7,2.10824,-3.2513,7.166,0,0.603622,0.0059776,0.00587495
195,door_2,2150,0,0.0545734,0.0545737,0,0.016256,0,0,0,6.19596,0.0678518,0.681331,0.882621,2,-4.74848,9.23925,-0.014924,0.0285299,0.00544404,0.00722245
195,door_1,1816,0,0.107003,0.107004,0,0.00763028,0,0,0,4.10191,0.0434049,0.570703,0.7,2.10824,-3.2513,7.166,0,0.603642,0.00597167,0.00586993
196,door_2,2150,0,0.0545734,0.0545737,0,0.016256,0,0,0,6.19596,0.0678518,0.68133,0.882621,2,-4.74848,9.23925,-0.014924,0.0285295,0.00543941,0.00721199
196,door_1,1816,0,0.107003,0.107004,0,0.00763028,0,0,0,4.10191,0.0434049,0.570703,0.7,2.10824,-3.2513,7.166,0,0.603663,0.00596585,0.00586499
197,door_2,2150,0,0.0545734,0.0545737,0,0.016256,0,0,0,6.19596,0.0678518,0.681331,0.882621,2,-4.74848,9.23925,-0.014924,0.0285291,0.00543487,0.00720168
197,door_1,1816,0,0.107003,0.107004,0,0.00763028,0,0,0,4.10191,0.0434049,0.570703,0.7,2.10824,-3.2513,7.166,0,0.603684,0.00596012,0.00586014
198,door_2,2150,0,0.0545734,0.0545737,0,0.016256,0,0,0,6.19596,0.0678518,0.681331,0.882621,2,-4.74848,9.23925,-0.014924,0.0285287,0.00543041,0.00719151
198,door_1,1816,0,0.107003,0.107004,0,0.00763028,0,0,0,4.10191,0.0434049,0.570703,0.7,2.10824,-3.2513,7.166,0,0.603705,0.00595449,0.00585537
199,door_2,2150,0,0.0545734,0.0545737,0,0.016256,0,0,0,6.19596,0.0678518,0.681331,0.882621,2,-4.74848,9.23925,-0.014924,0.0285283,0.00542604,0.00718148
199,door_1,1816,0,0.107003,0.107004,0,0.00763028,0,0,0,4.10191,0.0434049,0.570703,0.7,2.10824,-3.2513,7.166,0,0.603725,0.00594895,0.00585068
200,door_2,2150,0,0.0545734,0.0545737,0,0.016256,0,0,0,6.19596,0.0678518,0.681331,0.88262,2,-4.74848,9.23925,-0.014924,0.028528,0.00542175,0.00717159
200,door_1,1816,0,0.107003,0.107004,0,0.00763028,0,0,0,4.10191,0.0434049,0.570703,0.7,2.10824,-3.2513,7.166,0,0.603746,0.00594351,0.00584606
201,door_2,2150,0,0.0545734,0.0545737,0,0.016256,0,0,0,6.19596,0.0678518,0.68133,0.882621,2,-4.74848,9.23925,-0.014924,0.0285276,0.00541755,0.00716184
201,door_1,1816,0,0.107003,0.107004,0,0.00763028,0,0,0,4.10191,0.0434049,0.570703,0.7,2.10824,-3.2513,7.166,0,0.603767,0.00593815,0.00584153
202,door_2,2150,0,0.0545734,0.0545736,0,0.016256,0,0,0,6.19596,0.0678518,0.681331,0.88262,2,-4.74848,9.23925,-0.014924,0.0285273,0.00541342,0.00715221
202,door_1,1816,0,0.107003,0.107004,0,0.00763028,0,0,0,4.10191,0.0434049,0.570703,0.7,2.10824,-3.2513,7.166,0,0.603787,0.00593289,0.00583707
203,door_2,2150,0,0.0545734,0.0545736,0,0.016256,0,0,0,6.19596,0.0678518,0.681331,0.882621,2,-4.74848,9.23925,-0.014924,0.0285269,0.00540937,0.00714272
203,door_1,1816,0,0.107003,0.107004,0,0.00763028,0,0,0,4.10191,0.0434049,0.570703,0.7,2.10824,-3.2513,7.166,0,0.603808,0.00592771,0.00583268
204,door_2,2150,0,0.0545734,0.0545736,0,0.016256,0,0,0,6.19596,0.0678518,0.68133,0.882621,2,-4.74848,9.23925,-0.014924,0.0285266,0.0054054,0.00713336
204,door_1,1816,0,0.107003,0.107004,0,0.00763028,0,0,0,4.10191,0.0434049,0.570703,0.7,2.10824,-3.2513,7.166,0,0.603829,0.00592262,0.00582837
205,door_2,2150,0,0.0545734,0.0545736,0,0.016256,0,0,0,6.19596,0.0678518,0.681331,0.882621,2,-4.74848,9.23925,-0.014924,0.0285263,0.00540151,0.00712413
205,door_1,1816,0,0.107003,0.107004,0,0.00763028,0,0,0,4.10191,0.0434049,0.570703,0.7,2.10824,-3.2513,7.166,0,0.60385,0.00591762,0.00582413
206,door_2,2150,0,0.0545734,0.0545736,0,0.016256,0,0,0,6.19596,0.0678518,0.681331,0.882621,2,-4.74848,9.23925,-0.014924,0.0285259,0.00539769,0.00711502
206,door_1,1816,0,0.107003,0.107004,0,0.00763028,0,0,0,4.10191,0.0434049,0.570703,0.7,2.10824,-3.2513,7.166,0,0.60387,0.00591269,0.00581997
207,door_2,2150,0,0.0545734,0.0545736,0,0.016256,0,0,0,6.19596,0.0678518,0.681331,0.882621,2,-4.74848,9.23925,-0.014924,0.0285256,0.00539394,0.00710603
207,door_1,1816,0,0.107003,0.107004,0,0.00763028,0,0,0,4.10191,0.0434049,0.570703,0.7,2.10824,-3.2513,7.166,0,0.603891,0.00590785,0.00581587
208,door_2,2150,0,0.0545734,0.0545736,0,0.016256,0,0,0,6.19596,0.0678518,0.681331,0.88262,2,-4.74848,9.23925,-0.014924,0.0285253,0.00539026,0.00709717
208,door_1,1816,0,0.107003,0.107004,0,0.00763028,0,0,0,4.10191,0.0434049,0.570703,0.7,2.10824,-3.2513,7.166,0,0.603912,0.00590309,0.00581184
209,door_2,2150,0,0.0545734,0.0545736,0,0.016256,0,0,0,6.19596,0.0678518,0.68133,0.882621,2,-4.74848,9.23925,-0.014924,0.0285251,0.00538665,0.00708843
209,door_1,1816,0,0.107003,0.107004,0,0.00763028,0,0,0,4.10191,0.0434049,0.570703,0.7,2.10824,-3.2513,7.166,0,0.603932,0.00589841,0.00580787
210,door_2,2150,0,0.0545734,0.0545736,0,0.016256,0,0,0,6.19596,0.0678518,0.681331,0.88262,2,-4.74848,9.23925,-0.014924,0.0285248,0.00538311,0.0070798
210,door_1,1816,0,0.107003,0.107004,0,0.00763028,0,0,0,4.10191,0.0434049,0.570703,0.7,2.10824,-3.2513,7.166,0,0.603953,0.0058938,0.00580398
211,door_2,2150,0,0.0545734,0.0545736,0,0.016256,0,0,0,6.19596,0.0678518,0.681331,0.882621,2,-4.74848,9.23925,-0.014924,0.0285245,0.00537964,0.00707129
211,door_1,1816,0,0.107003,0.107004,0,0.00763028,0,0,0,4.10191,0.0434049,0.570703,0.7,2.10824,-3.2513,7.166,0,0.603974,0.00588927,0.00580014
213,door_2,2150,0,0.0545734,0.0545736,0,0.016256,0,0,0,6.19596,0.0678518,0.68133,0.882621,2,-4.74848,9.23925,-0.014924,0.0285242,0.00537623,0.0070629
213,door_1,1816,0,0.107003,0.107004,0,0.00763028,0,0,0,4.10191,0.0434049,0.570703,0.7,2.10824,-3.2513,7.166,0,0.603994,0.00588482,0.00579637
214,door_2,2150,0,0.0545734,0.0545736,0,0.016256,0,0,0,6.19596,0.0678518,0.681331,0.882621,2,-4.74848,9.23925,-0.014924,0.0285239,0.00537289,0.00705461
214,door_1,1816,0,0.107003,0.107004,0,0.00763028,0,0,0,4.10191,0.0434049,0.570703,0.7,2.10824,-3.2513,7.166,0,0.604015,0.00588044,0.00579267
215,door_2,2150,0,0.0545734,0.0545735,0,0.016256,0,0,0,6.19596,0.0678518,0.681331,0.882621,2,-4.74848,9.23925,-0.014924,0.0285237,0.00536961,0.00704644
215,door_1,1816,0,0.107003,0.107004,0,0.00763028,0,0,0,4.10191,0.0434049,0.570703,0.7,2.10824,-3.2513,7.166,0,0.604036,0.00587613,0.00578902
216,door_2,2150,0,0.0545734,0.0545735,0,0.016256,0,0,0,6.19596,0.0678518,0.681331,0.882621,2,-4.74848,9.23925,-0.014924,0.0285234,0.00536639,0.00703838
216,door_1,1816,0,0.107003,0.107004,0,0.00763028,0,0,0,4.10191,0.0434049,0.570703,0.7,2.10824,-3.2513,7.166,0,0.604057,0.00587189,0.00578544
217,door_2,2150,0,0.0545734,0.0545735,0,0.016256,0,0,0,6.19596,0.0678518,0.681331,0.88262,2,-4.74848,9.23925,-0.014924,0.0285232,0.00536323,0.00703043
217,door_1,1816,0,0.107003,0.107004,0,0.00763028,0,0,0,4.10191,0.0434049,0.570703,0.7,2.10824,-3.2513,7.166,0,0.604077,0.00586772,0.00578191
218,door_2,2150,0,0.0545734,0.0545735,0,0.016256,0,0,0,6.19596,0.0678518,0.68133,0.882621,2,-4.74848,9.23925,-0.014924,0.0285229,0.00536013,0.00702258
218,door_1,1816,0,0.107003,0.107004,0,0.00763028,0,0,0,4.10191,0.0434049,0.570703,0.7,2.10824,-3.2513,7.166,0,0.604098,0.00586362,0.00577845
219,door_2,2150,0,0.0545734,0.0545735,0,0.016256,0,0,0,6.19596,0.0678518,0.681331,0.88262,2,-4.74848,9.23925,-0.014924,0.0285227,0.00535709,0.00701484
219,door_1,1816,0,0.107003,0.107004,0,0.00763028,0,0,0,4.10191,0.0434049,0.570703,0.7,2.10824,-3.2513,7.166,0,0.604119,0.00585959,0.00577504
220,door_2,2150,0,0.0545734,0.0545735,0,0.016256,0,0,0,6.19596,0.0678518,0.681331,0.882621,2,-4.74848,9.23925,-0.014924,0.0285225,0.00535411,0.0070072
220,door_1,1816,0,0.107003,0.107004,0,0.00763028,0,0,0,4.10191,0.0434049,0.570703,0.7,2.10824,-3.2513,7.166,0,0.604139,0.00585562,0.00577169
221,door_2,2150,0,0.0545734,0.0545735,0,0.016256,0,0,0,6.19596,0.0678518,0.68133,0.882621,2,-4.74848,9.23925,-0.014924,0.0285222,0.00535118,0.00699966
221,door_1,1816,0,0.107003,0.107004,0,0.00763028,0,0,0,4.10191,0.0434049,0.570703,0.7,2.10824,-3.2513,7.166,0,0.60416,0.00585172,0.00576839
222,door_2,2150,0,0.0545734,0.0545735,0,0.016256,0,0,0,6.19596,0.0678518,0.681331,0.882621,2,-4.74848,9.23925,-0.014924,0.028522,0.00534831,0.00699222
222,door_1,1816,0,0.107003,0.107004,0,0.00763028,0,0,0,4.10191,0.0434049,0.570703,0.7,2.10824,-3.2513,7.166,0,0.604181,0.00584789,0.00576515
223,door_2,2150,0,0.0545734,0.0545735,0,0.016256,0,0,0,6.19596,0.0678518,0.68133,0.882621,2,-4.74848,9.23925,-0.014924,0.0285218,0.00534549,0.00698488
223,door_1,1816,0,0.107003,0.107004,0,0.00763028,0,0,0,4.10191,0.0434049,0.570703,0.7,2.10824,-3.2513,7.166,0,0.604201,0.00584411,0.00576196
225,door_2,2150,0,0.0545734,0.0545735,0,0.016256,0,0,0,6.19596,0.0678518,0.68133,0.882621,2,-4.74848,9.23925,-0.014924,0.0285216,0.00534272,0.00697764
225,door_1,1816,0,0.107003,0.107004,0,0.00763028,0,0,0,4.10191,0.0434049,0.570703,0.7,2.10824,-3.2513,7.166,0,0.604222,0.0058404,0.00575882
226,door_2,2150,0,0.0545734,0.0545735,0,0.016256,0,0,0,6.19596,0.0678518,0.681331,0.882621,2,-4.74848,9.23925,-0.014924,0.0285214,0.00534001,0.00697049
226,door_1,1816,0,0.107003,0.107004,0,0.00763028,0,0,0,4.10191,0.0434049,0.570703,0.7,2.10824,-3.2513,7.166,0,0.604243,0.00583675,0.00575574
227,door_2,2150,0,0.0545734,0.0545735,0,0.016256,0,0,0,6.19596,0.0678518,0.68133,0.882621,2,-4.74848,9.23925,-0.014924,0.0285212,0.00533735,0.00696344
227,door_1,1816,0,0.107003,0.107004,0,0.00763028,0,0,0,4.10191,0.0434049,0.570703,0.7,2.10824,-3.2513,7.166,0,0.604264,0.00583315,0.0057527
228,door_2,2150,0,0.0545734,0.0545735,0,0.016256,0,0,0,6.19596,0.0678518,0.68133,0.882621,2,-4.74848,9.23925,-0.014924,0.028521,0.00533473,0.00695648
228,door_1,1816,0,0.107003,0.107004,0,0.00763028,0,0,0,4.10191,0.0434049,0.570703,0.7,2.10824,-3.2513,7.166,0,0.604284,0.00582962,0.00574972
229,door_2,2150,0,0.0545734,0.0545735,0,0.016256,0,0,0,6.19596,0.0678518,0.681331,0.882621,2,-4.74848,9.23925,-0.014924,0.0285208,0.00533217,0.00694962
229,door_1,1816,0,0.107003,0.107004,0,0.00763028,0,0,0,4.10191,0.0434049,0.570703,0.7,2.10824,-3.2513,7.166,0,0.604305,0.00582614,0.00574678
230,door_2,2150,0,0.0545734,0.0545735,0,0.016256,0,0,0,6.19596,0.0678518,0.68133,0.882621,2,-4.74848,9.23925,-0.014924,0.0285206,0.00532966,0.00694284
230,door_1,1816,0,0.107003,0.107004,0,0.00763028,0,0,0,4.10191,0.0434049,0.570703,0.7,2.10824,-3.2513,7.166,0,0.604326,0.00582273,0.0057439
231,door_2,2150,0,0.0545734,0.0545735,0,0.016256,0,0,0,6.19596,0.0678518,0.68133,0.882621,2,-4.74848,9.23925,-0.014924,0.0285204,0.00532719,0.00693615
231,door_1,1816,0,0.107003,0.107004,0,0.00763028,0,0,0,4.10191,0.0434049,0.570703,0.7,2.10824,-3.2513,7.166,0,0.604346,0.00581936,0.00574106
232,door_2,2150,0,0.0545734,0.0545735,0,0.016256,0,0,0,6.19596,0.0678518,0.681331,0.882621,2,-4.74848,9.23925,-0.014924,0.0285202,0.00532476,0.00692955
232,door_1,1816,0,0.107003,0.107004,0,0.00763028,0,0,0,4.10191,0.0434049,0.570703,0.7,2.10824,-3.2513,7.166,0,0.604367,0.00581605,0.00573827
233,door_2,2150,0,0.0545734,0.0545735,0,0.016256,0,0,0,6.19596,0.0678518,0.68133,0.882621,2,-4.74848,9.23925,-0.014924,0.02852,0.00532239,0.00692304
233,door_1,1816,0,0.107003,0.107004,0,0.00763028,0,0,0,4.10191,0.0434049,0.570703,0.7,2.10824,-3.2513,7.166,0,0.604388,0.0058128,0.00573552
234,door_2,2150,0,0.0545734,0.0545735,0,0.016256,0,0,0,6.19596,0.0678518,0.68133,0.882621,2,-4.74848,9.23925,-0.014924,0.0285199,0.00532005,0.00691661
234,door_1,1816,0,0.107003,0.107004,0,0.00763028,0,0,0,4.10191,0.0434049,0.570703,0.7,2.10824,-3.2513,7.166,0,0.604408,0.0058096,0.00573282
236,door_2,2150,0,0.0545734,0.0545735,0,0.016256,0,0,0,6.19596,0.0678518,0.681331,0.882621,2,-4.74848,9.23925,-0.014924,0.0285197,0.00531776,0.00691027
236,door_1,1816,0,0.107003,0.107004,0,0.00763028,0,0,0,4.10191,0.0434049,0.570703,0.7,2.10824,-3.2513,7.166,0,0.604429,0.00580645,0.00573016
237,door_2,2150,0,0.0545734,0.0545735,0,0.016256,0,0,0,6.19596,0.0678518,0.68133,0.882621,2,-4.74848,9.23925,-0.014924,0.0285195,0.00531552,0.00690401
237,door_1,1816,0,0.107003,0.107004,0,0.00763028,0,0,0,4.10191,0.0434049,0.570703,0.7,2.10824,-3.2513,7.166,0,0.60445,0.00580335,0.00572755
238,door_2,2150,0,0.0545734,0.0545735,0,0.016256,0,0,0,6.19596,0.0678518,0.68133,0.882621,2,-4.74848,9.23925,-0.014924,0.0285194,0.00531331,0.00689783
238,door_1,1816,0,0.107003,0.107004,0,0.00763028,0,0,0,4.10191,0.0434049,0.570703,0.7,2.10824,-3.2513,7.166,0,0.60447,0.0058003,0.00572498
239,door_2,2150,0,0.0545734,0.0545735,0,0.016256,0,0,0,6.19596,0.0678518,0.681331,0.882621,2,-4.74848,9.23925,-0.014924,0.0285192,0.00531115,0.00689174
239,door_1,1816,0,0.107003,0.107004,0,0.00763028,0,0,0,4.10191,0.0434049,0.570703,0.7,2.10824,-3.2513,7.166,0,0.604491,0.0057973,0.00572245
240,door_2,2150,0,0.0545734,0.0545735,0,0.016256,0,0,0,6.19596,0.0678518,0.68133,0.882621,2,-4.74848,9.23925,-0.014924,0.028519,0.00530902,0.00688572
240,door_1,1816,0,0.107003,0.107004,0,0.00763028,0,0,0,4.10191,0.0434049,0.570703,0.7,2.10824,-3.2513,7.166,0,0.604512,0.00579435,0.00571996
241,door_2,2150,0,0.0545734,0.0545735,0,0.016256,0,0,0,6.19596,0.0678518,0.68133,0.882621,2,-4.74848,9.23925,-0.014924,0.0285189,0.00530694,0.00687978
241,door_1,1816,0,0.107003,0.107004,0,0.00763028,0,0,0,4.10191,0.0434049,0.570703,0.7,2.10824,-3.2513,7.166,0,0.604533,0.00579145,0.00571752
242,door_2,2150,0,0.0545734,0.0545735,0,0.016256,0,0,0,6.19596,0.0678518,0.681331,0.882621,2,-4.74848,9.23925,-0.014924,0.0285187,0.00530489,0.00687392
242,door_1,1816,0,0.107003,0.107004,0,0.00763028,0,0,0,4.10191,0.0434049,0.570703,0.7,2.10824,-3.2513,7.166,0,0.604553,0.00578859,0.00571511
243,door_2,2150,0,0.0545734,0.0545735,0,0.016256,0,0,0,6.19596,0.0678518,0.68133,0.882621,2,-4.74848,9.23925,-0.014924,0.0285186,0.00530289,0.00686813
243,door_1,1816,0,0.107003,0.107004,0,0.00763028,0,0,0,4.10191,0.0434049,0.570703,0.7,2.10824,-3.2513,7.166,0,0.604574,0.00578578,0.00571274
244,door_2,2150,0,0.0545734,0.0545735,0,0.016256,0,0,0,6.19596,0.0678518,0.68133,0.882621,2,-4.74848,9.23925,-0.014924,0.0285185,0.00530092,0.00686242
244,door_1,1816,0,0.107003,0.107004,0,0.00763028,0,0,0,4.10191,0.0434049,0.570703,0.7,2.10824,-3.2513,7.166,0,0.604595,0.00578302,0.00571041
246,door_2,2150,0,0.0545734,0.0545735,0,0.016256,0,0,0,6.19596,0.0678518,0.681331,0.882621,2,-4.74848,9.23925,-0.014924,0.0285183,0.00529898,0.00685678
246,door_1,1816,0,0.107003,0.107004,0,0.00763028,0,0,0,4.10191,0.0434049,0.570703,0.7,2.10824,-3.2513,7.166,0,0.604615,0.0057803,0.00570812
247,door_2,2150,0,0.0545734,0.0545735,0,0.016256,0,0,0,6.19596,0.0678518,0.68133,0.882621,2,-4.74848,9.23925,-0.014924,0.0285182,0.00529709,0.00685122
247,door_1,1816,0,0.107003,0.107004,0,0.00763028,0,0,0,4.10191,0.0434049,0.570703,0.7,2.10824,-3.2513,7.166,0,0.604636,0.00577763,0.00570587
248,door_2,2150,0,0.0545734,0.0545735,0,0.016256,0,0,0,6.19596,0.0678518,0.68133,0.882621,2,-4.74848,9.23925,-0.014924,0.028518,0.00529523,0.00684573
248,door_1,1816,0,0.107003,0.107004,0,0.00763028,0,0,0,4.10191,0.0434049,0.570703,0.7,2.10824,-3.2513,7.166,0,0.604657,0.00577499,0.00570366
249,door_2,2150,0,0.0545734,0.0545735,0,0.016256,0,0,0,6.19596,0.0678518,0.681331,0.882621,2,-4.74848,9.23925,-0.014924,0.0285179,0.0052934,0.00684031
249,door_1,1816,0,0.107003,0.107004,0,0.00763028,0,0,0,4.10191,0.0434049,0.570703,0.7,2.10824,-3.2513,7.166,0,0.604677,0.0057724,0.00570148
250,door_2,2150,0,0.0545734,0.0545735,0,0.016256,0,0,0,6.19596,0.0678518,0.68133,0.882621,2,-4.74848,9.23925,-0.014924,0.0285178,0.0052916,0.00683496
250,door_1,1816,0,0.107003,0.107004,0,0.00763028,0,0,0,4.10191,0.0434049,0.570703,0.7,2.10824,-3.2513,7.166,0,0.604698,0.00576986,0.00569933
252,door_2,2150,0,0.0545734,0.0545735,0,0.016256,0,0,0,6.19596,0.0678518,0.68133,0.882621,2,-4.74848,9.23925,-0.014924,0.0285176,0.00528984,0.00682968
252,door_1,1816,0,0.107003,0.107004,0,0.00763028,0,0,0,4.10191,0.0434049,0.570703,0.7,2.10824,-3.2513,7.166,0,0.604719,0.00576735,0.00569722
253,door_2,2150,0,0.0545734,0.0545735,0,0.016256,0,0,0,6.19596,0.0678518,0.681331,0.882621,2,-4.74848,9.23925,-0.014924,0.0285175,0.00528812,0.00682446
253,door_1,1816,0,0.107003,0.107004,0,0.00763028,0,0,0,4.10191,0.0434049,0.570703,0.7,2.10824,-3.2513,7.166,0,0.604739,0.00576488,0.00569515
254,door_2,2150,0,0.0545734,0.0545735,0,0.016256,0,0,0,6.19596,0.0678518,0.68133,0.882621,2,-4.74848,9.23925,-0.014924,0.0285174,0.00528642,0.00681932
254,door_1,1816,0,0.107003,0.107004,0,0.00763028,0,0,0,4.10191,0.0434049,0.570703,0.7,2.10824,-3.2513,7.166,0,0.60476,0.00576246,0.00569311
255,door_2,2150,0,0.0545734,0.0545735,0,0.016256,0,0,0,6.19596,0.0678518,0.68133,0.882621,2,-4.74848,9.23925,-0.014924,0.0285173,0.00528476,0.00681424
255,door_1,1816,0,0.107003,0.107004,0,0.00763028,0,0,0,4.10191,0.0434049,0.570703,0.7,2.10824,-3.2513,7.166,0,0.604781,0.00576007,0.0056911
256,door_2,2150,0,0.0545734,0.0545735,0,0.016256,0,0,0,6.19596,0.0678518,0.681331,0.882621,2,-4.74848,9.23925,-0.014924,0.0285172,0.00528312,0.00680922
256,door_1,1816,0,0.107003,0.107004,0,0.00763028,0,0,0,4.10191,0.0434049,0.570703,0.7,2.10824,-3.2513,7.166,0,0.604801,0.00575772,0.00568912
257,door_2,2150,0,0.0545734,0.0545735,0,0.016256,0,0,0,6.19596,0.0678518,0.68133,0.882621,2,-4.74848,9.23925,-0.014924,0.028517,0.00528152,0.00680427
257,door_1,1816,0,0.107003,0.107004,0,0.00763028,0,0,0,4.10191,0.0434049,0.570703,0.7,2.10824,-3.2513,7.166,0,0.604822,0.00575541,0.00568718
258,door_2,2150,0,0.0545734,0.0545735,0,0.016256,0,0,0,6.19596,0.0678518,0.68133,0.882621,2,-4.74848,9.23925,-0.014924,0.0285169,0.00527995,0.00679939
258,door_1,1816,0,0.107003,0.107004,0,0.00763028,0,0,0,4.10191,0.0434049,0.570703,0.7,2.10824,-3.2513,7.166,0,0.604843,0.00575314,0.00568527
259,door_2,2150,0,0.0545734,0.0545735,0,0.016256,0,0,0,6.19596,0.0678518,0.681331,0.882621,2,-4.74848,9.23925,-0.014924,0.0285168,0.0052784,0.00679456
259,door_1,1816,0,0.107003,0.107004,0,0.00763028,0,0,0,4.10191,0.0434049,0.570703,0.7,2.10824,-3.2513,7.166,0,0.604863,0.0057509,0.00568339
260,door_2,2150,0,0.0545734,0.0545735,0,0.016256,0,0,0,6.19596,0.0678518,0.68133,0.882621,2,-4.74848,9.23925,-0.014924,0.0285167,0.00527689,0.0067898
260,door_1,1816,0,0.107003,0.107004,0,0.00763028,0,0,0,4.10191,0.0434049,0.570703,0.7,2.10824,-3.2513,7.166,0,0.604884,0.0057487,0.00568154
261,door_2,2150,0,0.0545734,0.0545735,0,0.016256,0,0,0,6.19596,0.0678518,0.68133,0.882621,2,-4.74848,9.23925,-0.014924,0.0285166,0.0052754,0.0067851
261,door_1,1816,0,0.107003,0.107004,0,0.00763028,0,0,0,4.10191,0.0434049,0.570703,0.7,2.10824,-3.2513,7.166,0,0.604905,0.00574653,0.00567972
262,door_2,2150,0,0.0545734,0.0545735,0,0.016256,0,0,0,6.19596,0.0678518,0.681331,0.882621,2,-4.74848,9.23925,-0.014924,0.0285165,0.00527394,0.00678046
262,door_1,1816,0,0.107003,0.107004,0,0.00763028,0,0,0,4.10191,0.0434049,0.570703,0.7,2.10824,-3.2513,7.166,0,0.604925,0.0057444,0.00567793
263,door_2,2150,0,0.0545734,0.0545735,0,0.016256,0,0,0,6.19596,0.0678518,0.68133,0.882621,2,-4.74848,9.23925,-0.014924,0.0285164,0.00527251,0.00677588
263,door_1,1816,0,0.107003,0.107004,0,0.00763028,0,0,0,4.10191,0.0434049,0.570703,0.7,2.10824,-3.2513,7.166,0,0.604946,0.00574231,0.00567617
264,door_2,2150,0,0.0545734,0.0545735,0,0.016256,0,0,0,6.19596,0.0678518,0.68133,0.882621,2,-4.74848,9.23925,-0.014924,0.0285163,0.0052711,0.00677136
264,door_1,1816,0,0.107003,0.107004,0,0.00763028,0,0,0,4.10191,0.0434049,0.570703,0.7,2.10824,-3.2513,7.166,0,0.604967,0.00574024,0.00567444
265,door_2,2150,0,0.0545734,0.0545735,0,0.016256,0,0,0,6.19596,0.0678518,0.681331,0.882621,2,-4.74848,9.23925,-0.014924,0.0285162,0.00526972,0.00676689
265,door_1,1816,0,0.107003,0.107004,0,0.00763028,0,0,0,4.10191,0.0434049,0.570703,0.7,2.10824,-3.2513,7.166,0,0.604987,0.00573821,0.00567273
267,door_2,2150,0,0.0545734,0.0545735,0,0.016256,0,0,0,6.19596,0.0678518,0.68133,0.882621,2,-4.74848,9.23925,-0.014924,0.0285161,0.00526836,0.00676249
267,door_1,1816,0,0.107003,0.107004,0,0.00763028,0,0,0,4.10191,0.0434049,0.570703,0.7,2.10824,-3.2513,7.166,0,0.605008,0.00573622,0.00567106
268,door_2,2150,0,0.0545734,0.0545735,0,0.016256,0,0,0,6.19596,0.0678518,0.68133,0.882621,2,-4.74848,9.23925,-0.014924,0.028516,0.00526703,0.00675813
268,door_1,1816,0,0.107003,0.107004,0,0.00763028,0,0,0,4.10191,0.0434049,0.570703,0.7,2.10824,-3.2513,7.166,0,0.605029,0.00573425,0.00566941
269,door_2,2150,0,0.0545734,0.0545735,0,0.016256,0,0,0,6.19596,0.0678518,0.681331,0.882621,2,-4.74848,9.23925,-0.014924,0.0285159,0.00526573,0.00675384
269,door_1,1816,0,0.107003,0.107004,0,0.00763028,0,0,0,4.10191,0.0434049,0.570703,0.7,2.10824,-3.2513,7.166,0,0.605049,0.00573232,0.00566778
270,door_2,2150,0,0.0545734,0.0545735,0,0.016256,0,0,0,6.19596,0.0678518,0.68133,0.882621,2,-4.74848,9.23925,-0.014924,0.0285158,0.00526445,0.0067496
270,door_1,1816,0,0.107003,0.107004,0,0.00763028,0,0,0,4.10191,0.0434049,0.570703,0.7,2.10824,-3.2513,7.166,0,0.60507,0.00573041,0.00566619
271,door_2,2150,0,0.0545734,0.0545735,0,0.016256,0,0,0,6.19596,0.0678518,0.68133,0.882621,2,-4.74848,9.23925,-0.014924,0.0285157,0.00526319,0.00674541
271,door_1,1816,0,0.107003,0.107004,0,0.00763028,0,0,0,4.10191,0.0434049,0.570703,0.7,2.10824,-3.2513,7.166,0,0.605091,0.00572854,0.00566462
272,door_2,2150,0,0.0545734,0.0545735,0,0.016256,0,0,0,6.19596,0.0678518,0.681331,0.882621,2,-4.74848,9.23925,-0.014924,0.0285157,0.00526195,0.00674127
272,door_1,1816,0,0.107003,0.107004,0,0.00763028,0,0,0,4.10191,0.0434049,0.570703,0.7,2.10824,-3.2513,7.166,0,0.605111,0.0057267,0.00566307
273,door_2,2150,0,0.0545734,0.0545735,0,0.016256,0,0,0,6.19596,0.0678518,0.68133,0.882621,2,-4.74848,9.23925,-0.014924,0.0285156,0.00526074,0.00673719
273,door_1,1816,0,0.107003,0.107004,0,0.00763028,0,0,0,4.10191,0.0434049,0.570703,0.7,2.10824,-3.2513,7.166,0,0.605132,0.00572489,0.00566155
274,door_2,2150,0,0.0545734,0.0545735,0,0.016256,0,0,0,6.19596,0.0678518,0.68133,0.882621,2,-4.74848,9.23925,-0.014924,0.0285155,0.00525955,0.00673316
274,door_1,1816,0,0.107003,0.107004,0,0.00763028,0,0,0,4.10191,0.0434049,0.570703,0.7,2.10824,-3.2513,7.166,0,0.605152,0.0057231,0.00566006
276,door_2,2150,0,0.0545734,0.0545735,0,0.016256,0,0,0,6.19596,0.0678518,0.681331,0.882621,2,-4.74848,9.23925,-0.014924,0.0285154,0.00525839,0.00672918
276,door_1,1816,0,0.107003,0.107004,0,0.00763028,0,0,0,4.10191,0.0434049,0.570703,0.7,2.10824,-3.2513,7.166,0,0.605173,0.00572135,0.00565859
277,door_2,2150,0,0.0545734,0.0545735,0,0.016256,0,0,0,6.19596,0.0678518,0.68133,0.882621,2,-4.74848,9.23925,-0.014924,0.0285153,0.00525724,0.00672526
277,door_1,1816,0,0.107003,0.107004,0,0.00763028,0,0,0,4.10191,0.0434049,0.570703,0.7,2.10824,-3.2513,7.166,0,0.605194,0.00571962,0.00565714
278,door_2,2150,0,0.0545734,0.0545735,0,0.016256,0,0,0,6.19596,0.0678518,0.68133,0.882621,2,-4.74848,9.23925,-0.014924,0.0285152,0.00525611,0.00672138
278,door_1,1816,0,0.107003,0.107004,0,0.00763028,0,0,0,4.10191,0.0434049,0.570703,0.7,2.10824,-3.2513,7.166,0,0.605214,0.00571792,0.00565572
279,door_2,2150,0,0.0545734,0.0545735,0,0.016256,0,0,0,6.19596,0.0678518,0.681331,0.882621,2,-4.74848,9.23925,-0.014924,0.0285152,0.00525501,0.00671755
279,door_1,1816,0,0.107003,0.107004,0,0.00763028,0,0,0,4.10191,0.0434049,0.570703,0.7,2.10824,-3.2513,7.166,0,0.605235,0.00571625,0.00565432
280,door_2,2150,0,0.0545734,0.0545735,0,0.016256,0,0,0,6.19596,0.0678518,0.68133,0.882621,2,-4.74848,9.23925,-0.014924,0.0285151,0.00525393,0.00671377
280,door_1,1816,0,0.107003,0.107004,0,0.00763028,0,0,0,4.10191,0.0434049,0.570703,0.7,2.10824,-3.2513,7.166,0,0.605256,0.0057146,0.00565294
281,door_2,2150,0,0.0545734,0.0545735,0,0.016256,0,0,0,6.19596,0.0678518,0.68133,0.882621,2,-4.74848,9.23925,-0.014924,0.028515,0.00525286,0.00671004
281,door_1,1816,0,0.107003,0.107004,0,0.00763028,0,0,0,4.10191,0.0434049,0.570703,0.7,2.10824,-3.2513,7.166,0,0.605276,0.00571298,0.00565158
282,door_2,2150,0,0.0545734,0.0545735,0,0.016256,0,0,0,6.19596,0.0678518,0.681331,0.882621,2,-4.74848,9.23925,-0.014924,0.0285149,0.00525182,0.00670635
282,door_1,1816,0,0.107003,0.107004,0,0.00763028,0,0,0,4.10191,0.0434049,0.570703,0.7,2.10824,-3.2513,7.166,0,0.605297,0.00571139,0.00565025
283,door_2,2150,0,0.0545734,0.0545735,0,0.016256,0,0,0,6.19596,0.0678518,0.68133,0.882621,2,-4.74848,9.23925,-0.014924,0.0285149,0.00525079,0.00670271
283,door_1,1816,0,0.107003,0.107004,0,0.00763028,0,0,0,4.10191,0.0434049,0.570703,0.7,2.10824,-3.2513,7.166,0,0.605318,0.00570982,0.00564894
285,door_2,2150,0,0.0545734,0.0545735,0,0.016256,0,0,0,6.19596,0.0678518,0.68133,0.882621,2,-4.74848,9.23925,-0.014924,0.0285148,0.00524979,0.00669912
285,door_1,1816,0,0.107003,0.107004,0,0.00763028,0,0,0,4.10191,0.0434049,0.570703,0.7,2.10824,-3.2513,7.166,0,0.605338,0.00570828,0.00564764
286,door_2,2150,0,0.0545734,0.0545735,0,0.016256,0,0,0,6.19596,0.0678518,0.68133,0.882621,2,-4.74848,9.23925,-0.014924,0.0285147,0.0052488,0.00669557
286,door_1,1816,0,0.107003,0.107004,0,0.00763028,0,0,0,4.10191,0.0434049,0.570703,0.7,2.10824,-3.2513,7.166,0,0.605359,0.00570676,0.00564637
287,door_2,2150,0,0.0545734,0.0545735,0,0.016256,0,0,0,6.19596,0.0678518,0.68133,0.882621,2,-4.74848,9.23925,-0.014924,0.0285147,0.00524783,0.00669207
287,door_1,1816,0,0.107003,0.107004,0,0.00763028,0,0,0,4.10191,0.0434049,0.570703,0.7,2.10824,-3.2513,7.166,0,0.60538,0.00570527,0.00564513
288,door_2,2150,0,0.0545734,0.0545735,0,0.016256,0,0,0,6.19596,0.0678518,0.68133,0.882621,2,-4.74848,9.23925,-0.014924,0.0285146,0.00524688,0.00668861
288,door_1,1816,0,0.107003,0.107004,0,0.00763028,0,0,0,4.10191,0.0434049,0.570703,0.7,2.10824,-3.2513,7.166,0,0.6054,0.0057038,0.0056439
289,door_2,2150,0,0.0545734,0.0545735,0,0.016256,0,0,0,6.19596,0.0678518,0.681331,0.882621,2,-4.74848,9.23925,-0.014924,0.0285145,0.00524595,0.00668519
289,door_1,1816,0,0.107003,0.107004,0,0.00763028,0,0,0,4.10191,0.0434049,0.570703,0.7,2.10824,-3.2513,7.166,0,0.605421,0.00570235,0.00564269
290,door_2,2150,0,0.0545734,0.0545735,0,0.016256,0,0,0,6.19596,0.0678518,0.681331,0.882621,2,-4.74848,9.23925,-0.014924,0.0285145,0.00524503,0.00668182
290,door_1,1816,0,0.107003,0.107004,0,0.00763028,0,0,0,4.10191,0.0434049,0.570703,0.7,2.10824,-3.2513,7.166,0,0.605442,0.00570093,0.0056415
291,door_2,2150,0,0.0545734,0.0545735,0,0.016256,0,0,0,6.19596,0.0678518,0.68133,0.882621,2,-4.74848,9.23925,-0.014924,0.0285144,0.00524413,0.00667849
291,door_1,1816,0,0.107003,0.107004,0,0.00763028,0,0,0,4.10191,0.0434049,0.570703,0.7,2.10824,-3.2513,7.166,0,0.605462,0.00569953,0.00564032
292,door_2,2150,0,0.0545734,0.0545735,0,0.016256,0,0,0,6.19596,0.0678518,0.68133,0.882621,2,-4.74848,9.23925,-0.014924,0.0285143,0.00524324,0.0066752
292,door_1,1816,0,0.107003,0.107004,0,0.00763028,0,0,0,4.10191,0.0434049,0.570703,0.7,2.10824,-3.2513,7.166,0,0.605483,0.00569815,0.00563917
293,door_2,2150,0,0.0545734,0.0545735,0,0.016256,0,0,0,6.19596,0.0678518,0.68133,0.882621,2,-4.74848,9.23925,-0.014924,0.0285143,0.00524238,0.00667196
293,door_1,1816,0,0.107003,0.107004,0,0.00763028,0,0,0,4.10191,0.0434049,0.570703,0.7,2.10824,-3.2513,7.166,0,0.605504,0.00569679,0.00563804
294,door_2,2150,0,0.0545734,0.0545735,0,0.016256,0,0,0,6.19596,0.0678518,0.68133,0.882621,2,-4.74848,9.23925,-0.014924,0.0285142,0.00524153,0.00666875
294,door_1,1816,0,0.107003,0.107004,0,0.00763028,0,0,0,4.10191,0.0434049,0.570703,0.7,2.10824,-3.2513,7.166,0,0.605524,0.00569545,0.00563692
295,door_2,2150,0,0.0545734,0.0545735,0,0.016256,0,0,0,6.19596,0.0678518,0.68133,0.882621,2,-4.74848,9.23925,-0.014924,0.0285142,0.00524069,0.00666559
295,door_1,1816,0,0.107003,0.107004,0,0.00763028,0,0,0,4.10191,0.0434049,0.570703,0.7,2.10824,-3.2513,7.166,0,0.605545,0.00569414,0.00563583
296,door_2,2150,0,0.0545734,0.0545735,0,0.016256,0,0,0,6.19596,0.0678518,0.68133,0.882621,2,-4.74848,9.23925,-0.014924,0.0285141,0.00523987,0.00666246
296,door_1,1816,0,0.107003,0.107004,0,0.00763028,0,0,0,4.10191,0.0434049,0.570703,0.7,2.10824,-3.2513,7.166,0,0.605566,0.00569285,0.00563475
297,door_2,2150,0,0.0545734,0.0545735,0,0.016256,0,0,0,6.19596,0.0678518,0.68133,0.882621,2,-4.74848,9.23925,-0.014924,0.0285141,0.00523907,0.00665937
297,door_1,1816,0,0.107003,0.107004,0,0.00763028,0,0,0,4.10191,0.0434049,0.570703,0.7,2.10824,-3.2513,7.166,0,0.605586,0.00569157,0.00563369
298,door_2,2150,0,0.0545734,0.0545735,0,0.016256,0,0,0,6.19596,0.0678518,0.68133,0.882621,2,-4.74848,9.23925,-0.014924,0.028514,0.00523828,0.00665633
298,door_1,1816,0,0.107003,0.107004,0,0.00763028,0,0,0,4.10191,0.0434049,0.570703,0.7,2.10824,-3.2513,7.166,0,0.605607,0.00569032,0.00563264
299,door_2,2150,0,0.0545734,0.0545735,0,0.016256,0,0,0,6.19596,0.0678518,0.68133,0.882621,2,-4.74848,9.23925,-0.014924,0.0285139,0.0052375,0.00665332
299,door_1,1816,0,0.107003,0.107004,0,0.00763028,0,0,0,4.10191,0.0434049,0.570703,0.7,2.10824,-3.2513,7.166,0,0.605627,0.00568909,0.00563161
300,door_2,2150,0,0.0545734,0.0545735,0,0.016256,0,0,0,6.19596,0.0678518,0.68133,0.882621,2,-4.74848,9.23925,-0.014924,0.0285139,0.00523674,0.00665035
300,door_1,1816,0,0.107003,0.107004,0,0.00763028,0,0,0,4.10191,0.0434049,0.570703,0.7,2.10824,-3.2513,7.166,0,0.605648,0.00568788,0.0056306
301,door_2,2150,0,0.0545734,0.0545735,0,0.016256,0,0,0,6.19596,0.0678518,0.68133,0.882621,2,-4.74848,9.23925,-0.014924,0.0285138,0.00523599,0.00664741
301,door_1,1816,0,0.107003,0.107004,0,0.00763028,0,0,0,4.10191,0.0434049,0.570703,0.7,2.10824,-3.2513,7.166,0,0.605669,0.00568668,0.00562961
302,door_2,2150,0,0.0545734,0.0545735,0,0.016256,0,0,0,6.19596,0.0678518,0.68133,0.882621,2,-4.74848,9.23925,-0.014924,0.0285138,0.00523526,0.00664451
302,door_1,1816,0,0.107003,0.107004,0,0.00763028,0,0,0,4.10191,0.0434049,0.570703,0.7,2.10824,-3.2513,7.166,0,0.605689,0.00568551,0.00562863
303,door_2,2150,0,0.0545734,0.0545735,0,0.016256,0,0,0,6.19596,0.0678518,0.68133,0.882621,2,-4.74848,9.23925,-0.014924,0.0285137,0.00523454,0.00664165
303,door_1,1816,0,0.107003,0.107004,0,0.00763028,0,0,0,4.10191,0.0434049,0.570703,0.7,2.10824,-3.2513,7.166,0,0.60571,0.00568435,0.00562766
304,door_2,2150,0,0.0545734,0.0545735,0,0.016256,0,0,0,6.19596,0.0678518,0.68133,0.882621,2,-4.74848,9.23925,-0.014924,0.0285137,0.00523383,0.00663883
304,door_1,1816,0,0.107003,0.107004,0,0.00763028,0,0,0,4.10191,0.0434049,0.570703,0.7,2.10824,-3.2513,7.166,0,0.605731,0.00568321,0.00562671
305,door_2,2150,0,0.0545734,0.0545735,0,0.016256,0,0,0,6.19596,0.0678518,0.68133,0.882621,2,-4.74848,9.23925,-0.014924,0.0285136,0.00523313,0.00663604
305,door_1,1816,0,0.107003,0.107004,0,0.00763028,0,0,0,4.10191,0.0434049,0.570703,0.7,2.10824,-3.2513,7.166,0,0.605751,0.0056821,0.00562578
306,door_2,2150,0,0.0545734,0.0545735,0,0.016256,0,0,0,6.19596,0.0678518,0.68133,0.882621,2,-4.74848,9.23925,-0.014924,0.0285136,0.00523245,0.00663328
306,door_1,1816,0,0.107003,0.107004,0,0.00763028,0,0,0,4.10191,0.0434049,0.570703,0.7,2.10824,-3.2513,7.166,0,0.605772,0.00568099,0.00562486
307,door_2,2150,0,0.0545734,0.0545735,0,0.016256,0,0,0,6.19596,0.0678518,0.68133,0.882621,2,-4.74848,9.23925,-0.014924,0.0285135,0.00523178,0.00663056
307,door_1,1816,0,0.107003,0.107004,0,0.00763028,0,0,0,4.10191,0.0434049,0.570703,0.7,2.10824,-3.2513,7.166,0,0.605793,0.00567991,0.00562396
308,door_2,2150,0,0.0545734,0.0545735,0,0.016256,0,0,0,6.19596,0.0678518,0.68133,0.882621,2,-4.74848,9.23925,-0.014924,0.0285135,0.00523113,0.00662787
308,door_1,1816,0,0.107003,0.107004,0,0.00763028,0,0,0,4.10191,0.0434049,0.570703,0.7,2.10824,-3.2513,7.166,0,0.605813,0.00567884,0.00562307
309,door_2,2150,0,0.0545734,0.0545735,0,0.016256,0,0,0,6.19596,0.0678518,0.68133,0.882621,2,-4.74848,9.23925,-0.014924,0.0285135,0.00523048,0.00662522
309,door_1,1816,0,0.107003,0.107004,0,0.00763028,0,0,0,4.10191,0.0434049,0.570703,0.7,2.10824,-3.2513,7.166,0,0.605834,0.00567779,0.0056222
310,door_2,2150,0,0.0545734,0.0545735,0,0.016256,0,0,0,6.19596,0.0678518,0.68133,0.882621,2,-4.74848,9.23925,-0.014924,0.0285134,0.00522985,0.0066226
310,door_1,1816,0,0.107003,0.107004,0,0.00763028,0,0,0,4.10191,0.0434049,0.570703,0.7,2.10824,-3.2513,7.166,0,0.605854,0.00567676,0.00562134
311,door_2,2150,0,0.0545734,0.0545735,0,0.016256,0,0,0,6.19596,0.0678518,0.68133,0.882621,2,-4.74848,9.23925,-0.014924,0.0285134,0.00522923,0.00662001
311,door_1,1816,0,0.107003,0.107004,0,0.00763028,0,0,0,4.10191,0.0434049,0.570703,0.7,2.10824,-3.2513,7.166,0,0.605875,0.00567574,0.00562049
312,door_2,2150,0,0.0545734,0.0545735,0,0.016256,0,0,0,6.19596,0.0678518,0.68133,0.882621,2,-4.74848,9.23925,-0.014924,0.0285133,0.00522862,0.00661745
312,door_1,1816,0,0.107003,0.107004,0,0.00763028,0,0,0,4.10191,0.0434049,0.570703,0.7,2.10824,-3.2513,7.166,0,0.605896,0.00567474,0.00561966
313,door_2,2150,0,0.0545734,0.0545735,0,0.016256,0,0,0,6.19596,0.0678518,0.68133,0.882621,2,-4.74848,9.23925,-0.014924,0.0285133,0.00522802,0.00661493
313,door_1,1816,0,0.107003,0.107004,0,0.00763028,0,0,0,4.10191,0.0434049,0.570703,0.7,2.10824,-3.2513,7.166,0,0.605916,0.00567376,0.00561884
314,door_2,2150,0,0.0545734,0.0545735,0,0.016256,0,0,0,6.19596,0.0678518,0.68133,0.882621,2,-4.74848,9.23925,-0.014924,0.0285133,0.00522743,0.00661244
314,door_1,1816,0,0.107003,0.107004,0,0.00763028,0,0,0,4.10191,0.0434049,0.570703,0.7,2.10824,-3.2513,7.166,0,0.605937,0.00567279,0.00561804
315,door_2,2150,0,0.0545734,0.0545735,0,0.016256,0,0,0,6.19596,0.0678518,0.68133,0.882621,2,-4.74848,9.23925,-0.014924,0.0285132,0.00522686,0.00660997
315,door_1,1816,0,0.107003,0.107004,0,0.00763028,0,0,0,4.10191,0.0434049,0.570703,0.7,2.10824,-3.2513,7.166,0,0.605958,0.00567183,0.00561724
316,door_2,2150,0,0.0545734,0.0545735,0,0.016256,0,0,0,6.19596,0.0678518,0.68133,0.882621,2,-4.74848,9.23925,-0.014924,0.0285132,0.00522629,0.00660754
316,door_1,1816,0,0.107003,0.107004,0,0.00763028,0,0,0,4.10191,0.0434049,0.570703,0.7,2.10824,-3.2513,7.166,0,0.605978,0.0056709,0.00561646
317,door_2,2150,0,0.0545734,0.0545735,0,0.016256,0,0,0,6.19596,0.0678518,0.68133,0.882621,2,-4.74848,9.23925,-0.014924,0.0285131,0.00522573,0.00660514
317,door_1,1816,0,0.107003,0.107004,0,0.00763028,0,0,0,4.10191,0.0434049,0.570703,0.7,2.10824,-3.2513,7.166,0,0.605999,0.00566997,0.00561569
319,door_2,2150,0,0.0545734,0.0545735,0,0.016256,0,0,0,6.19596,0.0678518,0.68133,0.882621,2,-4.74848,9.23925,-0.014924,0.0285131,0.00522519,0.00660277
319,door_1,1816,0,0.107003,0.107004,0,0.00763028,0,0,0,4.10191,0.0434049,0.570703,0.7,2.10824,-3.2513,7.166,0,0.606019,0.00566906,0.00561494
320,door_2,2150,0,0.0545734,0.0545735,0,0.016256,0,0,0,6.19596,0.0678518,0.68133,0.882621,2,-4.74848,9.23925,-0.014924,0.0285131,0.00522465,0.00660043
320,door_1,1816,0,0.107003,0.107004,0,0.00763028,0,0,0,4.10191,0.0434049,0.570703,0.7,2.10824,-3.2513,7.166,0,0.60604,0.00566817,0.0056142
322,door_2,2150,0,0.0545734,0.0545735,0,0.016256,0,0,0,6.19596,0.0678518,0.68133,0.882621,2,-4.74848,9.23925,-0.014924,0.028513,0.00522412,0.00659812
322,door_1,1816,0,0.107003,0.107004,0,0.00763028,0,0,0,4.10191,0.0434049,0.570703,0.7,2.10824,-3.2513,7.166,0,0.606061,0.00566729,0.00561346
323,door_2,2150,0,0.0545734,0.0545735,0,0.016256,0,0,0,6.19596,0.0678518,0.68133,0.882621,2,-4.74848,9.23925,-0.014924,0.028513,0.00522361,0.00659583
323,door_1,1816,0,0.107003,0.107004,0,0.00763028,0,0,0,4.10191,0.0434049,0.570703,0.7,2.10824,-3.2513,7.166,0,0.606081,0.00566642,0.00561274
324,door_2,2150,0,0.0545734,0.0545735,0,0.016256,0,0,0,6.19596,0.0678518,0.68133,0.882621,2,-4.74848,9.23925,-0.014924,0.0285129,0.0052231,0.00659358
324,door_1,1816,0,0.107003,0.107004,0,0.00763028,0,0,0,4.10191,0.0434049,0.570703,0.7,2.10824,-3.2513,7.166,0,0.606102,0.00566557,0.00561204
325,door_2,2150,0,0.0545734,0.0545735,0,0.016256,0,0,0,6.19596,0.0678518,0.68133,0.882621,2,-4.74848,9.23925,-0.014924,0.0285129,0.0052226,0.00659135
325,door_1,1816,0,0.107003,0.107004,0,0.00763028,0,0,0,4.10191,0.0434049,0.570703,0.7,2.10824,-3.2513,7.166,0,0.606123,0.00566473,0.00561134
326,door_2,2150,0,0.0545734,0.0545735,0,0.016256,0,0,0,6.19596,0.0678518,0.68133,0.882621,2,-4.74848,9.23925,-0.014924,0.0285129,0.00522212,0.00658915
326,door_1,1816,0,0.107003,0.107004,0,0.00763028,0,0,0,4.10191,0.0434049,0.570703,0.7,2.10824,-3.2513,7.166,0,0.606143,0.0056639,0.00561065
327,door_2,2150,0,0.0545734,0.0545735,0,0.016256,0,0,0,6.19596,0.0678518,0.68133,0.882621,2,-4.74848,9.23925,-0.014924,0.0285129,0.00522164,0.00658698
327,door_1,1816,0,0.107003,0.107004,0,0.00763028,0,0,0,4.10191,0.0434049,0.570703,0.7,2.10824,-3.2513,7.166,0,0.606164,0.00566309,0.00560998
328,door_2,2150,0,0.0545734,0.0545735,0,0.016256,0,0,0,6.19596,0.0678518,0.68133,0.882621,2,-4.74848,9.23925,-0.014924,0.0285128,0.00522117,0.00658483
328,door_1,1816,0,0.107003,0.107004,0,0.00763028,0,0,0,4.10191,0.0434049,0.570703,0.7,2.10824,-3.2513,7.166,0,0.606184,0.00566229,0.00560932
329,door_2,2150,0,0.0545734,0.0545735,0,0.016256,0,0,0,6.19596,0.0678518,0.68133,0.882621,2,-4.74848,9.23925,-0.014924,0.0285128,0.0052207,0.00658272
329,door_1,1816,0,0.107003,0.107004,0,0.00763028,0,0,0,4.10191,0.0434049,0.570703,0.7,2.10824,-3.2513,7.166,0,0.606205,0.0056615,0.00560866
330,door_2,2150,0,0.0545734,0.0545735,0,0.016256,0,0,0,6.19596,0.0678518,0.68133,0.882621,2,-4.74848,9.23925,-0.014924,0.0285128,0.00522025,0.00658062
330,door_1,1816,0,0.107003,0.107004,0,0.00763028,0,0,0,4.10191,0.0434049,0.570703,0.7,2.10824,-3.2513,7.166,0,0.606226,0.00566073,0.00560802
331,door_2,2150,0,0.0545734,0.0545735,0,0.016256,0,0,0,6.19596,0.0678518,0.68133,0.882621,2,-4.74848,9.23925,-0.014924,0.0285127,0.0052198,0.00657856
331,door_1,1816,0,0.107003,0.107004,0,0.00763028,0,0,0,4.10191,0.0434049,0.570703,0.7,2.10824,-3.2513,7.166,0,0.606246,0.00565996,0.00560739
333,door_2,2150,0,0.0545734,0.0545735,0,0.016256,0,0,0,6.19596,0.0678518,0.68133,0.882621,2,-4.74848,9.23925,-0.014924,0.0285127,0.00521937,0.00657652
333,door_1,1816,0,0.107003,0.107004,0,0.00763028,0,0,0,4.10191,0.0434049,0.570703,0.7,2.10824,-3.2513,7.166,0,0.606267,0.00565921,0.00560677
334,door_2,2150,0,0.0545734,0.0545735,0,0.016256,0,0,0,6.19596,0.0678518,0.68133,0.882621,2,-4.74848,9.23925,-0.014924,0.0285127,0.00521894,0.0065745
334,door_1,1816,0,0.107003,0.107004,0,0.00763028,0,0,0,4.10191,0.0434049,0.570703,0.7,2.10824,-3.2513,7.166,0,0.606288,0.00565847,0.00560615
335,door_2,2150,0,0.0545734,0.0545735,0,0.016256,0,0,0,6.19596,0.0678518,0.68133,0.882621,2,-4.74848,9.23925,-0.014924,0.0285126,0.00521852,0.00657251
335,door_1,1816,0,0.107003,0.107004,0,0.00763028,0,0,0,4.10191,0.0434049,0.570703,0.7,2.10824,-3.2513,7.166,0,0.606308,0.00565775,0.00560555
336,door_2,2150,0,0.0545734,0.0545735,0,0.016256,0,0,0,6.19596,0.0678518,0.68133,0.882621,2,-4.74848,9.23925,-0.014924,0.0285126,0.0052181,0.00657054
336,door_1,1816,0,0.107003,0.107004,0,0.00763028,0,0,0,4.10191,0.0434049,0.570703,0.7,2.10824,-3.2513,7.166,0,0.606329,0.00565703,0.00560496
337,door_2,2150,0,0.0545734,0.0545735,0,0.016256,0,0,0,6.19596,0.0678518,0.68133,0.882621,2,-4.74848,9.23925,-0.014924,0.0285126,0.0052177,0.0065686
337,door_1,1816,0,0.107003,0.107004,0,0.00763028,0,0,0,4.10191,0.0434049,0.570703,0.7,2.10824,-3.2513,7.166,0,0.606349,0.00565633,0.00560438
338,door_2,2150,0,0.0545734,0.0545735,0,0.016256,0,0,0,6.19596,0.0678518,0.68133,0.882621,2,-4.74848,9.23925,-0.014924,0.0285126,0.0052173,0.00656668
338,door_1,1816,0,0.107003,0.107004,0,0.00763028,0,0,0,4.10191,0.0434049,0.570703,0.7,2.10824,-3.2513,7.166,0,0.60637,0.00565563,0.0056038
339,door_2,2150,0,0.0545734,0.0545735,0,0.016256,0,0,0,6.19596,0.0678518,0.68133,0.882621,2,-4.74848,9.23925,-0.014924,0.0285125,0.00521691,0.00656479
339,door_1,1816,0,0.107003,0.107004,0,0.00763028,0,0,0,4.10191,0.0434049,0.570703,0.7,2.10824,-3.2513,7.166,0,0.606391,0.00565495,0.00560324
340,door_2,2150,0,0.0545734,0.0545735,0,0.016256,0,0,0,6.19596,0.0678518,0.68133,0.882621,2,-4.74848,9.23925,-0.014924,0.0285125,0.00521652,0.00656292
340,door_1,1816,0,0.107003,0.107004,0,0.00763028,0,0,0,4.10191,0.0434049,0.570703,0.7,2.10824,-3.2513,7.166,0,0.606411,0.00565428,0.00560268
341,door_2,2150,0,0.0545734,0.0545735,0,0.016256,0,0,0,6.19596,0.0678518,0.68133,0.882621,2,-4.74848,9.23925,-0.014924,0.0285125,0.00521615,0.00656107
341,door_1,1816,0,0.107003,0.107004,0,0.00763028,0,0,0,4.10191,0.0434049,0.570703,0.7,2.10824,-3.2513,7.166,0,0.606432,0.00565362,0.00560214
342,door_2,2150,0,0.0545734,0.0545735,0,0.016256,0,0,0,6.19596,0.0678518,0.68133,0.882621,2,-4.74848,9.23925,-0.014924,0.0285125,0.00521578,0.00655924
342,door_1,1816,0,0.107003,0.107004,0,0.00763028,0,0,0,4.10191,0.0434049,0.570703,0.7,2.10824,-3.2513,7.166,0,0.606453,0.00565297,0.0056016
343,door_2,2150,0,0.0545734,0.0545735,0,0.016256,0,0,0,6.19596,0.0678518,0.68133,0.882621,2,-4.74848,9.23925,-0.014924,0.0285124,0.00521541,0.00655744
343,door_1,1816,0,0.107003,0.107004,0,0.00763028,0,0,0,4.10191,0.0434049,0.570703,0.7,2.10824,-3.2513,7.166,0,0.606473,0.00565233,0.00560107
344,door_2,2150,0,0.0545734,0.0545735,0,0.016256,0,0,0,6.19596,0.0678518,0.68133,0.882621,2,-4.74848,9.23925,-0.014924,0.0285124,0.00521505,0.00655566
344,door_1,1816,0,0.107003,0.107004,0,0.00763028,0,0,0,4.10191,0.0434049,0.570703,0.7,2.10824,-3.2513,7.166,0,0.606494,0.0056517,0.00560055
346,door_2,2150,0,0.0545734,0.0545735,0,0.016256,0,0,0,6.19596,0.0678518,0.68133,0.882621,2,-4.74848,9.23925,-0.014924,0.0285124,0.0052147,0.0065539
346,door_1,1816,0,0.107003,0.107004,0,0.00763028,0,0,0,4.10191,0.0434049,0.570703,0.7,2.10824,-3.2513,7.166,0,0.606514,0.00565108,0.00560004
347,door_2,2150,0,0.0545734,0.0545735,0,0.016256,0,0,0,6.19596,0.0678518,0.68133,0.882621,2,-4.74848,9.23925,-0.014924,0.0285124,0.00521436,0.00655217
347,door_1,1816,0,0.107003,0.107004,0,0.00763028,0,0,0,4.10191,0.0434049,0.570703,0.7,2.10824,-3.2513,7.166,0,0.606535,0.00565047,0.00559953
348,door_2,2150,0,0.0545734,0.0545735,0,0.016256,0,0,0,6.19596,0.0678518,0.68133,0.882621,2,-4.74848,9.23925,-0.014924,0.0285123,0.00521402,0.00655045
348,door_1,1816,0,0.107003,0.107004,0,0.00763028,0,0,0,4.10191,0.0434049,0.570703,0.7,2.10824,-3.2513,7.166,0,0.606556,0.00564987,0.00559903
349,door_2,2150,0,0.0545734,0.0545735,0,0.016256,0,0,0,6.19596,0.0678518,0.68133,0.882621,2,-4.74848,9.23925,-0.014924,0.0285123,0.00521369,0.00654876
349,door_1,1816,0,0.107003,0.107004,0,0.00763028,0,0,0,4.10191,0.0434049,0.570703,0.7,2.10824,-3.2513,7.166,0,0.606576,0.00564927,0.00559855
350,door_2,2150,0,0.0545734,0.0545735,0,0.016256,0,0,0,6.19596,0.0678518,0.68133,0.882621,2,-4.74848,9.23925,-0.014924,0.0285123,0.00521337,0.00654708
350,door_1,1816,0,0.107003,0.107004,0,0.00763028,0,0,0,4.10191,0.0434049,0.570703,0.7,2.10824,-3.2513,7.166,0,0.606597,0.00564869,0.00559807
351,door_2,2150,0,0.0545734,0.0545735,0,0.016256,0,0,0,6.19596,0.0678518,0.68133,0.882621,2,-4.74848,9.23925,-0.014924,0.0285123,0.00521305,0.00654543
351,door_1,1816,0,0.107003,0.107004,0,0.00763028,0,0,0,4.10191,0.0434049,0.570703,0.7,2.10824,-3.2513,7.166,0,0.606617,0.00564812,0.00559759
352,door_2,2150,0,0.0545734,0.0545735,0,0.016256,0,0,0,6.19596,0.0678518,0.68133,0.882621,2,-4.74848,9.23925,-0.014924,0.0285122,0.00521273,0.0065438
352,door_1,1816,0,0.107003,0.107004,0,0.00763028,0,0,0,4.10191,0.0434049,0.570703,0.7,2.10824,-3.2513,7.166,0,0.606638,0.00564756,0.00559713
353,door_2,2150,0,0.0545734,0.0545735,0,0.016256,0,0,0,6.19596,0.0678518,0.68133,0.882621,2,-4.74848,9.23925,-0.014924,0.0285122,0.00521243,0.00654219
353,door_1,1816,0,0.107003,0.107004,0,0.00763028,0,0,0,4.10191,0.0434049,0.570703,0.7,2.10824,-3.2513,7.166,0,0.606659,0.005647,0.00559667
354,door_2,2150,0,0.0545734,0.0545735,0,0.016256,0,0,0,6.19596,0.0678518,0.68133,0.882621,2,-4.74848,9.23925,-0.014924,0.0285122,0.00521212,0.0065406
354,door_1,1816,0,0.107003,0.107004,0,0.00763028,0,0,0,4.10191,0.0434049,0.570703,0.7,2.10824,-3.2513,7.166,0,0.606679,0.00564646,0.00559622
355,door_2,2150,0,0.0545734,0.0545735,0,0.016256,0,0,0,6.19596,0.0678518,0.68133,0.882621,2,-4.74848,9.23925,-0.014924,0.0285122,0.00521183,0.00653902
355,door_1,1816,0,0.107003,0.107004,0,0.00763028,0,0,0,4.10191,0.0434049,0.570703,0.7,2.10824,-3.2513,7.166,0,0.6067,0.00564592,0.00559578
357,door_2,2150,0,0.0545734,0.0545735,0,0.016256,0,0,0,6.19596,0.0678518,0.68133,0.882621,2,-4.74848,9.23925,-0.014924,0.0285122,0.00521153,0.00653747
357,door_1,1816,0,0.107003,0.107004,0,0.00763028,0,0,0,4.10191,0.0434049,0.570703,0.7,2.10824,-3.2513,7.166,0,0.60672,0.00564539,0.00559534
358,door_2,2150,0,0.0545734,0.0545735,0,0.016256,0,0,0,6.19596,0.0678518,0.68133,0.882621,2,-4.74848,9.23925,-0.014924,0.0285121,0.00521125,0.00653593
358,door_1,1816,0,0.107003,0.107004,0,0.00763028,0,0,0,4.10191,0.0434049,0.570703,0.7,2.10824,-3.2513,7.166,0,0.606741,0.00564487,0.00559491
359,door_2,2150,0,0.0545734,0.0545735,0,0.016256,0,0,0,6.19596,0.0678518,0.68133,0.882621,2,-4.74848,9.23925,-0.014924,0.0285121,0.00521097,0.00653442
359,door_1,1816,0,0.107003,0.107004,0,0.00763028,0,0,0,4.10191,0.0434049,0.570703,0.7,2.10824,-3.2513,7.166,0,0.606762,0.00564436,0.00559449
360,door_2,2150,0,0.0545734,0.0545735,0,0.016256,0,0,0,6.19596,0.0678518,0.68133,0.882621,2,-4.74848,9.23925,-0.014924,0.0285121,0.00521069,0.00653292
360,door_1,1816,0,0.107003,0.107004,0,0.00763028,0,0,0,4.10191,0.0434049,0.570703,0.7,2.10824,-3.2513,7.166,0,0.606782,0.00564385,0.00559408
361,door_2,2150,0,0.0545734,0.0545735,0,0.016256,0,0,0,6.19596,0.0678518,0.68133,0.882621,2,-4.74848,9.23925,-0.014924,0.0285121,0.00521042,0.00653144
361,door_1,1816,0,0.107003,0.107004,0,0.00763028,0,0,0,4.10191,0.0434049,0.570703,0.7,2.10824,-3.2513,7.166,0,0.606803,0.00564336,0.00559367
362,door_2,2150,0,0.0545734,0.0545735,0,0.016256,0,0,0,6.19596,0.0678518,0.68133,0.882621,2,-4.74848,9.23925,-0.014924,0.0285121,0.00521016,0.00652998
362,door_1,1816,0,0.107003,0.107004,0,0.00763028,0,0,0,4.10191,0.0434049,0.570703,0.7,2.10824,-3.2513,7.166,0,0.606823,0.00564287,0.00559326
364,door_2,2150,0,0.0545734,0.0545735,0,0.016256,0,0,0,6.19596,0.0678518,0.68133,0.882621,2,-4.74848,9.23925,-0.014924,0.0285121,0.0052099,0.00652854
364,door_1,1816,0,0.107003,0.107004,0,0.00763028,0,0,0,4.10191,0.0434049,0.570703,0.7,2.10824,-3.2513,7.166,0,0.606844,0.00564239,0.00559287
365,door_2,2150,0,0.0545734,0.0545735,0,0.016256,0,0,0,6.19596,0.0678518,0.68133,0.882621,2,-4.74848,9.23925,-0.014924,0.028512,0.00520964,0.00652712
365,door_1,1816,0,0.107003,0.107004,0,0.00763028,0,0,0,4.10191,0.0434049,0.570703,0.7,2.10824,-3.2513,7.166,0,0.606865,0.00564191,0.00559248
366,door_2,2150,0,0.0545734,0.0545735,0,0.016256,0,0,0,6.19596,0.0678518,0.68133,0.882621,2,-4.74848,9.23925,-0.014924,0.028512,0.00520939,0.00652571
366,door_1,1816,0,0.107003,0.107004,0,0.00763028,0,0,0,4.10191,0.0434049,0.570703,0.7,2.10824,-3.2513,7.166,0,0.606885,0.00564145,0.0055921
367,door_2,2150,0,0.0545734,0.0545735,0,0.016256,0,0,0,6.19596,0.0678518,0.68133,0.882621,2,-4.74848,9.23925,-0.014924,0.028512,0.00520914,0.00652432
367,door_1,1816,0,0.107003,0.107004,0,0.00763028,0,0,0,4.10191,0.0434049,0.570703,0.7,2.10824,-3.2513,7.166,0,0.606906,0.00564099,0.00559172
368,door_2,2150,0,0.0545734,0.0545735,0,0.016256,0,0,0,6.19596,0.0678518,0.68133,0.882621,2,-4.74848,9.23925,-0.014924,0.028512,0.0052089,0.00652295
368,door_1,1816,0,0.107003,0.107004,0,0.00763028,0,0,0,4.10191,0.0434049,0.570703,0.7,2.10824,-3.2513,7.166,0,0.606926,0.00564054,0.00559135
369,door_2,2150,0,0.0545734,0.0545735,0,0.016256,0,0,0,6.19596,0.0678518,0.68133,0.882621,2,-4.74848,9.23925,-0.014924,0.028512,0.00520866,0.00652159
369,door_1,1816,0,0.107003,0.107004,0,0.00763028,0,0,0,4.10191,0.0434049,0.570703,0.7,2.10824,-3.2513,7.166,0,0.606947,0.00564009,0.00559098
370,door_2,2150,0,0.0545734,0.0545735,0,0.016256,0,0,0,6.19596,0.0678518,0.68133,0.882621,2,-4.74848,9.23925,-0.014924,0.028512,0.00520843,0.00652025
370,door_1,1816,0,0.107003,0.107004,0,0.00763028,0,0,0,4.10191,0.0434049,0.570703,0.7,2.10824,-3.2513,7.166,0,0.606968,0.00563966,0.00559062
371,door_2,2150,0,0.0545734,0.0545735,0,0.016256,0,0,0,6.19596,0.0678518,0.68133,0.882621,2,-4.74848,9.23925,-0.014924,0.0285119,0.0052082,0.00651893
371,door_1,1816,0,0.107003,0.107004,0,0.00763028,0,0,0,4.10191,0.0434049,0.570703,0.7,2.10824,-3.2513,7.166,0,0.606988,0.00563923,0.00559027
372,door_2,2150,0,0.0545734,0.0545735,0,0.016256,0,0,0,6.19596,0.0678518,0.68133,0.882621,2,-4.74848,9.23925,-0.014924,0.0285119,0.00520797,0.00651762
372,door_1,1816,0,0.107003,0.107004,0,0.00763028,0,0,0,4.10191,0.0434049,0.570703,0.7,2.10824,-3.2513,7.166,0,0.607009,0.0056388,0.00558992
373,door_2,2150,0,0.0545734,0.0545735,0,0.016256,0,0,0,6.19596,0.0678518,0.68133,0.882621,2,-4.74848,9.23925,-0.014924,0.0285119,0.00520775,0.00651633
373,door_1,1816,0,0.107003,0.107004,0,0.00763028,0,0,0,4.10191,0.0434049,0.570703,0.7,2.10824,-3.2513,7.166,0,0.607029,0.00563839,0.00558958
374,door_2,2150,0,0.0545734,0.0545735,0,0.016256,0,0,0,6.19596,0.0678518,0.68133,0.882621,2,-4.74848,9.23925,-0.014924,0.0285119,0.00520753,0.00651505
374,door_1,1816,0,0.107003,0.107004,0,0.00763028,0,0,0,4.10191,0.0434049,0.570703,0.7,2.10824,-3.2513,7.166,0,0.60705,0.00563798,0.00558924
375,door_2,2150,0,0.0545734,0.0545735,0,0.016256,0,0,0,6.19596,0.0678518,0.68133,0.882621,2,-4.74848,9.23925,-0.014924,0.0285119,0.00520732,0.0065138
375,door_1,1816,0,0.107003,0.107004,0,0.00763028,0,0,0,4.10191,0.0434049,0.570703,0.7,2.10824,-3.2513,7.166,0,0.607071,0.00563757,0.00558891
376,door_2,2150,0,0.0545734,0.0545735,0,0.016256,0,0,0,6.19596,0.0678518,0.68133,0.882621,2,-4.74848,9.23925,-0.014924,0.0285119,0.00520711,0.00651255
376,door_1,1816,0,0.107003,0.107004,0,0.00763028,0,0,0,4.10191,0.0434049,0.570703,0.7,2.10824,-3.2513,7.166,0,0.607091,0.00563718,0.00558858
377,door_2,2150,0,0.0545734,0.0545735,0,0.016256,0,0,0,6.19596,0.0678518,0.68133,0.882621,2,-4.74848,9.23925,-0.014924,0.0285119,0.00520691,0.00651132
377,door_1,1816,0,0.107003,0.107004,0,0.00763028,0,0,0,4.10191,0.0434049,0.570703,0.7,2.10824,-3.2513,7.166,0,0.607112,0.00563678,0.00558826
378,door_2,2150,0,0.0545734,0.0545735,0,0.016256,0,0,0,6.19596,0.0678518,0.68133,0.882621,2,-4.74848,9.23925,-0.014924,0.0285118,0.00520671,0.00651011
378,door_1,1816,0,0.107003,0.107004,0,0.00763028,0,0,0,4.10191,0.0434049,0.570703,0.7,2.10824,-3.2513,7.166,0,0.607132,0.0056364,0.00558795
379,door_2,2150,0,0.0545734,0.0545735,0,0.016256,0,0,0,6.19596,0.0678518,0.68133,0.882621,2,-4.74848,9.23925,-0.014924,0.0285118,0.00520651,0.00650891
379,door_1,1816,0,0.107003,0.107004,0,0.00763028,0,0,0,4.10191,0.0434049,0.570703,0.7,2.10824,-3.2513,7.166,0,0.607153,0.00563602,0.00558764
380,door_2,2150,0,0.0545734,0.0545735,0,0.016256,0,0,0,6.19596,0.0678518,0.68133,0.882621,2,-4.74848,9.23925,-0.014924,0.0285118,0.00520631,0.00650773
380,door_1,1816,0,0.107003,0.107004,0,0.00763028,0,0,0,4.10191,0.0434049,0.570703,0.7,2.10824,-3.2513,7.166,0,0.607174,0.00563565,0.00558733
381,door_2,2150,0,0.0545734,0.0545735,0,0.016256,0,0,0,6.19596,0.0678518,0.68133,0.882621,2,-4.74848,9.23925,-0.014924,0.0285118,0.00520612,0.00650656
381,door_1,1816,0,0.107003,0.107004,0,0.00763028,0,0,0,4.10191,0.0434049,0.570703,0.7,2.10824,-3.2513,7.166,0,0.607194,0.00563528,0.00558703
382,door_2,2150,0,0.0545734,0.0545735,0,0.016256,0,0,0,6.19596,0.0678518,0.68133,0.882621,2,-4.74848,9.23925,-0.014924,0.0285118,0.00520594,0.0065054
382,door_1,1816,0,0.107003,0.107004,0,0.00763028,0,0,0,4.10191,0.0434049,0.570703,0.7,2.10824,-3.2513,7.166,0,0.607215,0.00563492,0.00558673
383,door_2,2150,0,0.0545734,0.0545735,0,0.016256,0,0,0,6.19596,0.0678518,0.68133,0.882621,2,-4.74848,9.23925,-0.014924,0.0285118,0.00520575,0.00650426
383,door_1,1816,0,0.107003,0.107004,0,0.00763028,0,0,0,4.10191,0.0434049,0.570703,0.7,2.10824,-3.2513,7.166,0,0.607235,0.00563456,0.00558644
384,door_2,2150,0,0.0545734,0.0545735,0,0.016256,0,0,0,6.19596,0.0678518,0.68133,0.882621,2,-4.74848,9.23925,-0.014924,0.0285118,0.00520557,0.00650313
384,door_1,1816,0,0.107003,0.107004,0,0.00763028,0,0,0,4.10191,0.0434049,0.570703,0.7,2.10824,-3.2513,7.166,0,0.607256,0.00563421,0.00558616
385,door_2,2150,0,0.0545734,0.0545735,0,0.016256,0,0,0,6.19596,0.0678518,0.68133,0.882621,2,-4.74848,9.23925,-0.014924,0.0285118,0.0052054,0.00650202
385,door_1,1816,0,0.107003,0.107004,0,0.00763028,0,0,0,4.10191,0.0434049,0.570703,0.7,2.10824,-3.2513,7.166,0,0.607276,0.00563387,0.00558587
386,door_2,2150,0,0.0545734,0.0545735,0,0.016256,0,0,0,6.19596,0.0678518,0.68133,0.882621,2,-4.74848,9.23925,-0.014924,0.0285117,0.00520522,0.00650092
386,door_1,1816,0,0.107003,0.107004,0,0.00763028,0,0,0,4.10191,0.0434049,0.570703,0.7,2.10824,-3.2513,7.166,0,0.607297,0.00563353,0.0055856
388,door_2,2150,0,0.0545734,0.0545735,0,0.016256,0,0,0,6.19596,0.0678518,0.68133,0.882621,2,-4.74848,9.23925,-0.014924,0.0285117,0.00520505,0.00649983
388,door_1,1816,0,0.107003,0.107004,0,0.00763028,0,0,0,4.10191,0.0434049,0.570703,0.7,2.10824,-3.2513,7.166,0,0.607318,0.0056332,0.00558532
389,door_2,2150,0,0.0545734,0.0545735,0,0.016256,0,0,0,6.19596,0.0678518,0.68133,0.882621,2,-4.74848,9.23925,-0.014924,0.0285117,0.00520488,0.00649876
389,door_1,1816,0,0.107003,0.107004,0,0.00763028,0,0,0,4.10191,0.0434049,0.570703,0.7,2.10824,-3.2513,7.166,0,0.607338,0.00563287,0.00558506
390,door_2,2150,0,0.0545734,0.0545735,0,0.016256,0,0,0,6.19596,0.0678518,0.68133,0.882621,2,-4.74848,9.23925,-0.014924,0.0285117,0.00520472,0.0064977
390,door_1,1816,0,0.107003,0.107004,0,0.00763028,0,0,0,4.10191,0.0434049,0.570703,0.7,2.10824,-3.2513,7.166,0,0.607359,0.00563254,0.00558479
391,door_2,2150,0,0.0545734,0.0545735,0,0.016256,0,0,0,6.19596,0.0678518,0.68133,0.882621,2,-4.74848,9.23925,-0.014924,0.0285117,0.00520456,0.00649665
391,door_1,1816,0,0.107003,0.107004,0,0.00763028,0,0,0,4.10191,0.0434049,0.570703,0.7,2.10824,-3.2513,7.166,0,0.607379,0.00563223,0.00558453
392,door_2,2150,0,0.0545734,0.0545735,0,0.016256,0,0,0,6.19596,0.0678518,0.68133,0.882621,2,-4.74848,9.23925,-0.014924,0.0285117,0.0052044,0.00649562
392,door_1,1816,0,0.107003,0.107004,0,0.00763028,0,0,0,4.10191,0.0434049,0.570703,0.7,2.10824,-3.2513,7.166,0,0.6074,0.00563191,0.00558427
393,door_2,2150,0,0.0545734,0.0545735,0,0.016256,0,0,0,6.19596,0.0678518,0.68133,0.882621,2,-4.74848,9.23925,-0.014924,0.0285117,0.00520424,0.0064946
393,door_1,1816,0,0.107003,0.107004,0,0.00763028,0,0,0,4.10191,0.0434049,0.570703,0.7,2.10824,-3.2513,7.166,0,0.607421,0.00563161,0.00558402
394,door_2,2150,0,0.0545734,0.0545735,0,0.016256,0,0,0,6.19596,0.0678518,0.68133,0.882621,2,-4.74848,9.23925,-0.014924,0.0285117,0.00520409,0.00649359
394,door_1,1816,0,0.107003,0.107004,0,0.00763028,0,0,0,4.10191,0.0434049,0.570703,0.7,2.10824,-3.2513,7.166,0,0.607441,0.0056313,0.00558377
395,door_2,2150,0,0.0545734,0.0545735,0,0.016256,0,0,0,6.19596,0.0678518,0.68133,0.882621,2,-4.74848,9.23925,-0.014924,0.0285116,0.00520394,0.00649259
395,door_1,1816,0,0.107003,0.107004,0,0.00763028,0,0,0,4.10191,0.0434049,0.570703,0.7,2.10824,-3.2513,7.166,0,0.607462,0.005631,0.00558353
397,door_2,2150,0,0.0545734,0.0545735,0,0.016256,0,0,0,6.19596,0.0678518,0.68133,0.882621,2,-4.74848,9.23925,-0.014924,0.0285116,0.00520379,0.00649161
397,door_1,1816,0,0.107003,0.107004,0,0.00763028,0,0,0,4.10191,0.0434049,0.570703,0.7,2.10824,-3.2513,7.166,0,0.607482,0.00563071,0.00558329
398,door_2,2150,0,0.0545734,0.0545735,0,0.016256,0,0,0,6.19596,0.0678518,0.68133,0.882621,2,-4.74848,9.23925,-0.014924,0.0285116,0.00520365,0.00649063
398,door_1,1816,0,0.107003,0.107004,0,0.00763028,0,0,0,4.10191,0.0434049,0.570703,0.7,2.10824,-3.2513,7.166,0,0.607503,0.00563042,0.00558305
399,door_2,2150,0,0.0545734,0.0545735,0,0.016256,0,0,0,6.19596,0.0678518,0.68133,0.882621,2,-4.74848,9.23925,-0.014924,0.0285116,0.00520351,0.00648967
399,door_1,1816,0,0.107003,0.107004,0,0.00763028,0,0,0,4.10191,0.0434049,0.570703,0.7,2.10824,-3.2513,7.166,0,0.607524,0.00563014,0.00558282
400,door_2,2150,0,0.0545734,0.0545735,0,0.016256,0,0,0,6.19596,0.0678518,0.68133,0.882621,2,-4.74848,9.23925,-0.014924,0.0285116,0.00520337,0.00648872
400,door_1,1816,0,0.107003,0.107004,0,0.00763028,0,0,0,4.10191,0.0434049,0.570703,0.7,2.10824,-3.2513,7.166,0,0.607544,0.00562986,0.00558259
401,door_2,2150,0,0.0545734,0.0545735,0,0.016256,0,0,0,6.19596,0.0678518,0.68133,0.882621,2,-4.74848,9.23925,-0.014924,0.0285116,0.00520323,0.00648779
401,door_1,1816,0,0.107003,0.107004,0,0.00763028,0,0,0,4.10191,0.0434049,0.570703,0.7,2.10824,-3.2513,7.166,0,0.607565,0.00562958,0.00558237
402,door_2,2150,0,0.0545734,0.0545735,0,0.016256,0,0,0,6.19596,0.0678518,0.68133,0.882621,2,-4.74848,9.23925,-0.014924,0.0285116,0.0052031,0.00648686
402,door_1,1816,0,0.107003,0.107004,0,0.00763028,0,0,0,4.10191,0.0434049,0.570703,0.7,2.10824,-3.2513,7.166,0,0.607585,0.00562931,0.00558214
403,door_2,2150,0,0.0545734,0.0545735,0,0.016256,0,0,0,6.19596,0.0678518,0.68133,0.882621,2,-4.74848,9.23925,-0.014924,0.0285116,0.00520296,0.00648595
403,door_1,1816,0,0.107003,0.107004,0,0.00763028,0,0,0,4.10191,0.0434049,0.570703,0.7,2.10824,-3.2513,7.166,0,0.607606,0.00562904,0.00558193
404,door_2,2150,0,0.0545734,0.0545735,0,0.016256,0,0,0,6.19596,0.0678518,0.68133,0.882621,2,-4.74848,9.23925,-0.014924,0.0285116,0.00520283,0.00648504
404,door_1,1816,0,0.107003,0.107004,0,0.00763028,0,0,0,4.10191,0.0434049,0.570703,0.7,2.10824,-3.2513,7.166,0,0.607626,0.00562878,0.00558171
405,door_2,2150,0,0.0545734,0.0545735,0,0.016256,0,0,0,6.19596,0.0678518,0.68133,0.882621,2,-4.74848,9.23925,-0.014924,0.0285116,0.00520271,0.00648415
405,door_1,1816,0,0.107003,0.107004,0,0.00763028,0,0,0,4.10191,0.0434049,0.570703,0.7,2.10824,-3.2513,7.166,0,0.607647,0.00562852,0.0055815
406,door_2,2150,0,0.0545734,0.0545735,0,0.016256,0,0,0,6.19596,0.0678518,0.68133,0.882621,2,-4.74848,9.23925,-0.014924,0.0285116,0.00520258,0.00648327
406,door_1,1816,0,0.107003,0.107004,0,0.00763028,0,0,0,4.10191,0.0434049,0.570703,0.7,2.10824,-3.2513,7.166,0,0.607668,0.00562826,0.00558129
407,door_2,2150,0,0.0545734,0.0545735,0,0.016256,0,0,0,6.19596,0.0678518,0.68133,0.882621,2,-4.74848,9.23925,-0.014924,0.0285115,0.00520246,0.0064824
407,door_1,1816,0,0.107003,0.107004,0,0.00763028,0,0,0,4.10191,0.0434049,0.570703,0.7,2.10824,-3.2513,7.166,0,0.607688,0.00562801,0.00558109
408,door_2,2150,0,0.0545734,0.0545735,0,0.016256,0,0,0,6.19596,0.0678518,0.68133,0.882621,2,-4.74848,9.23925,-0.014924,0.0285115,0.00520234,0.00648154
408,door_1,1816,0,0.107003,0.107004,0,0.00763028,0,0,0,4.10191,0.0434049,0.570703,0.7,2.10824,-3.2513,7.166,0,0.607709,0.00562777,0.00558089
409,door_2,2150,0,0.0545734,0.0545735,0,0.016256,0,0,0,6.19596,0.0678518,0.68133,0.882621,2,-4.74848,9.23925,-0.014924,0.0285115,0.00520222,0.00648069
409,door_1,1816,0,0.107003,0.107004,0,0.00763028,0,0,0,4.10191,0.0434049,0.570703,0.7,2.10824,-3.2513,7.166,0,0.607729,0.00562752,0.00558069
410,door_2,2150,0,0.0545734,0.0545735,0,0.016256,0,0,0,6.19596,0.0678518,0.68133,0.882621,2,-4.74848,9.23925,-0.014924,0.0285115,0.0052021,0.00647985
410,door_1,1816,0,0.107003,0.107004,0,0.00763028,0,0,0,4.10191,0.0434049,0.570703,0.7,2.10824,-3.2513,7.166,0,0.60775,0.00562728,0.0055805
411,door_2,2150,0,0.0545734,0.0545735,0,0.016256,0,0,0,6.19596,0.0678518,0.68133,0.882621,2,-4.74848,9.23925,-0.014924,0.0285115,0.00520199,0.00647902
411,door_1,1816,0,0.107003,0.107004,0,0.00763028,0,0,0,4.10191,0.0434049,0.570703,0.7,2.10824,-3.2513,7.166,0,0.60777,0.00562705,0.0055803
412,door_2,2150,0,0.0545734,0.0545735,0,0.016256,0,0,0,6.19596,0.0678518,0.68133,0.882621,2,-4.74848,9.23925,-0.014924,0.0285115,0.00520188,0.0064782
412,door_1,1816,0,0.107003,0.107004,0,0.00763028,0,0,0,4.10191,0.0434049,0.570703,0.7,2.10824,-3.2513,7.166,0,0.607791,0.00562682,0.00558011
413,door_2,2150,0,0.0545734,0.0545735,0,0.016256,0,0,0,6.19596,0.0678518,0.68133,0.882621,2,-4.74848,9.23925,-0.014924,0.0285115,0.00520177,0.00647739
413,door_1,1816,0,0.107003,0.107004,0,0.00763028,0,0,0,4.10191,0.0434049,0.570703,0.7,2.10824,-3.2513,7.166,0,0.607812,0.00562659,0.00557993
415,door_2,2150,0,0.0545734,0.0545735,0,0.016256,0,0,0,6.19596,0.0678518,0.68133,0.882621,2,-4.74848,9.23925,-0.014924,0.0285115,0.00520166,0.00647659
415,door_1,1816,0,0.107003,0.107004,0,0.00763028,0,0,0,4.10191,0.0434049,0.570703,0.7,2.10824,-3.2513,7.166,0,0.607832,0.00562636,0.00557975
416,door_2,2150,0,0.0545734,0.0545735,0,0.016256,0,0,0,6.19596,0.0678518,0.68133,0.882621,2,-4.74848,9.23925,-0.014924,0.0285115,0.00520156,0.0064758
416,door_1,1816,0,0.107003,0.107004,0,0.00763028,0,0,0,4.10191,0.0434049,0.570703,0.7,2.10824,-3.2513,7.166,0,0.607853,0.00562614,0.00557957
417,door_2,2150,0,0.0545734,0.0545735,0,0.016256,0,0,0,6.19596,0.0678518,0.68133,0.882621,2,-4.74848,9.23925,-0.014924,0.0285115,0.00520145,0.00647502
417,door_1,1816,0,0.107003,0.107004,0,0.00763028,0,0,0,4.10191,0.0434049,0.570703,0.7,2.10824,-3.2513,7.166,0,0.607873,0.00562593,0.00557939
418,door_2,2150,0,0.0545734,0.0545735,0,0.016256,0,0,0,6.19596,0.0678518,0.68133,0.882621,2,-4.74848,9.23925,-0.014924,0.0285115,0.00520135,0.00647425
418,door_1,1816,0,0.107003,0.107004,0,0.00763028,0,0,0,4.10191,0.0434049,0.570703,0.7,2.10824,-3.2513,7.166,0,0.607894,0.00562571,0.00557922
419,door_2,2150,0,0.0545734,0.0545735,0,0.016256,0,0,0,6.19596,0.0678518,0.68133,0.882621,2,-4.74848,9.23925,-0.014924,0.0285115,0.00520125,0.00647349
419,door_1,1816,0,0.107003,0.107004,0,0.00763028,0,0,0,4.10191,0.0434049,0.570703,0.7,2.10824,-3.2513,7.166,0,0.607914,0.0056255,0.00557904
420,door_2,2150,0,0.0545734,0.0545735,0,0.016256,0,0,0,6.19596,0.0678518,0.68133,0.882621,2,-4.74848,9.23925,-0.014924,0.0285115,0.00520115,0.00647274
420,door_1,1816,0,0.107003,0.107004,0,0.00763028,0,0,0,4.10191,0.0434049,0.570703,0.7,2.10824,-3.2513,7.166,0,0.607935,0.00562529,0.00557888
421,door_2,2150,0,0.0545734,0.0545735,0,0.016256,0,0,0,6.19596,0.0678518,0.68133,0.882621,2,-4.74848,9.23925,-0.014924,0.0285115,0.00520106,0.00647199
421,door_1,1816,0,0.107003,0.107004,0,0.00763028,0,0,0,4.10191,0.0434049,0.570703,0.7,2.10824,-3.2513,7.166,0,0.607956,0.00562509,0.00557871
422,door_2,2150,0,0.0545734,0.0545735,0,0.016256,0,0,0,6.19596,0.0678518,0.68133,0.882621,2,-4.74848,9.23925,-0.014924,0.0285114,0.00520096,0.00647126
422,door_1,1816,0,0.107003,0.107004,0,0.00763028,0,0,0,4.10191,0.0434049,0.570703,0.7,2.10824,-3.2513,7.166,0,0.607976,0.00562489,0.00557855
423,door_2,2150,0,0.0545734,0.0545735,0,0.016256,0,0,0,6.19596,0.0678518,0.68133,0.882621,2,-4.74848,9.23925,-0.014924,0.0285114,0.00520087,0.00647054
423,door_1,1816,0,0.107003,0.107004,0,0.00763028,0,0,0,4.10191,0.0434049,0.570703,0.7,2.10824,-3.2513,7.166,0,0.607997,0.00562469,0.00557839
425,door_2,2150,0,0.0545734,0.0545735,0,0.016256,0,0,0,6.19596,0.0678518,0.68133,0.882621,2,-4.74848,9.23925,-0.014924,0.0285114,0.00520078,0.00646982
425,door_1,1816,0,0.107003,0.107004,0,0.00763028,0,0,0,4.10191,0.0434049,0.570703,0.7,2.10824,-3.2513,7.166,0,0.608017,0.0056245,0.00557823
426,door_2,2150,0,0.0545734,0.0545735,0,0.016256,0,0,0,6.19596,0.0678518,0.68133,0.882621,2,-4.74848,9.23925,-0.014924,0.0285114,0.00520069,0.00646911
426,door_1,1816,0,0.107003,0.107004,0,0.00763028,0,0,0,4.10191,0.0434049,0.570703,0.7,2.10824,-3.2513,7.166,0,0.608038,0.00562431,0.00557807
427,door_2,2150,0,0.0545734,0.0545735,0,0.016256,0,0,0,6.19596,0.0678518,0.68133,0.882621,2,-4.74848,9.23925,-0.014924,0.0285114,0.0052006,0.00646841
427,door_1,1816,0,0.107003,0.107004,0,0.00763028,0,0,0,4.10191,0.0434049,0.570703,0.7,2.10824,-3.2513,7.166,0,0.608058,0.00562412,0.00557792
428,door_2,2150,0,0.0545734,0.0545735,0,0.016256,0,0,0,6.19596,0.0678518,0.68133,0.882621,2,-4.74848,9.23925,-0.014924,0.0285114,0.00520051,0.00646773
428,door_1,1816,0,0.107003,0.107004,0,0.00763028,0,0,0,4.10191,0.0434049,0.570703,0.7,2.10824,-3.2513,7.166,0,0.608079,0.00562393,0.00557777
429,door_2,2150,0,0.0545734,0.0545735,0,0.016256,0,0,0,6.19596,0.0678518,0.68133,0.882621,2,-4.74848,9.23925,-0.014924,0.0285114,0.00520043,0.00646704
429,door_1,1816,0,0.107003,0.107004,0,0.00763028,0,0,0,4.10191,0.0434049,0.570703,0.7,2.10824,-3.2513,7.166,0,0.608099,0.00562375,0.00557762
431,door_2,2150,0,0.0545734,0.0545735,0,0.016256,0,0,0,6.19596,0.0678518,0.68133,0.882621,2,-4.74848,9.23925,-0.014924,0.0285114,0.00520034,0.00646637
431,door_1,1816,0,0.107003,0.107004,0,0.00763028,0,0,0,4.10191,0.0434049,0.570703,0.7,2.10824,-3.2513,7.166,0,0.60812,0.00562357,0.00557747
432,door_2,2150,0,0.0545734,0.0545735,0,0.016256,0,0,0,6.19596,0.0678518,0.68133,0.882621,2,-4.74848,9.23925,-0.014924,0.0285114,0.00520026,0.0064657
432,door_1,1816,0,0.107003,0.107004,0,0.00763028,0,0,0,4.10191,0.0434049,0.570703,0.7,2.10824,-3.2513,7.166,0,0.608141,0.00562339,0.00557733
433,door_2,2150,0,0.0545734,0.0545735,0,0.016256,0,0,0,6.19596,0.0678518,0.68133,0.882621,2,-4.74848,9.23925,-0.014924,0.0285114,0.00520018,0.00646505
433,door_1,1816,0,0.107003,0.107004,0,0.00763028,0,0,0,4.10191,0.0434049,0.570703,0.7,2.10824,-3.2513,7.166,0,0.608161,0.00562322,0.00557719
434,door_2,2150,0,0.0545734,0.0545735,0,0.016256,0,0,0,6.19596,0.0678518,0.68133,0.882621,2,-4.74848,9.23925,-0.014924,0.0285114,0.0052001,0.0064644
434,door_1,1816,0,0.107003,0.107004,0,0.00763028,0,0,0,4.10191,0.0434049,0.570703,0.7,2.10824,-3.2513,7.166,0,0.608182,0.00562305,0.00557705
436,door_2,2150,0,0.0545734,0.0545735,0,0.016256,0,0,0,6.19596,0.0678518,0.68133,0.882621,2,-4.74848,9.23925,-0.014924,0.0285114,0.00520003,0.00646376
436,door_1,1816,0,0.107003,0.107004,0,0.00763028,0,0,0,4.10191,0.0434049,0.570703,0.7,2.10824,-3.2513,7.166,0,0.608202,0.00562288,0.00557691
437,door_2,2150,0,0.0545734,0.0545735,0,0.016256,0,0,0,6.19596,0.0678518,0.68133,0.882621,2,-4.74848,9.23925,-0.014924,0.0285114,0.00519995,0.00646312
437,door_1,1816,0,0.107003,0.107004,0,0.00763028,0,0,0,4.10191,0.0434049,0.570703,0.7,2.10824,-3.2513,7.166,0,0.608223,0.00562271,0.00557678
438,door_2,2150,0,0.0545734,0.0545735,0,0.016256,0,0,0,6.19596,0.0678518,0.68133,0.882621,2,-4.74848,9.23925,-0.014924,0.0285114,0.00519988,0.0064625
438,door_1,1816,0,0.107003,0.107004,0,0.00763028,0,0,0,4.10191,0.0434049,0.570703,0.7,2.10824,-3.2513,7.166,0,0.608243,0.00562255,0.00557665
439,door_2,2150,0,0.0545734,0.0545735,0,0.016256,0,0,0,6.19596,0.0678518,0.68133,0.882621,2,-4.74848,9.23925,-0.014924,0.0285114,0.0051998,0.00646188
439,door_1,1816,0,0.107003,0.107004,0,0.00763028,0,0,0,4.10191,0.0434049,0.570703,0.7,2.10824,-3.2513,7.166,0,0.608264,0.00562239,0.00557651
440,door_2,2150,0,0.0545734,0.0545735,0,0.016256,0,0,0,6.19596,0.0678518,0.68133,0.882621,2,-4.74848,9.23925,-0.014924,0.0285114,0.00519973,0.00646127
440,door_1,1816,0,0.107003,0.107004,0,0.00763028,0,0,0,4.10191,0.0434049,0.570703,0.7,2.10824,-3.2513,7.166,0,0.608284,0.00562223,0.00557639
441,door_2,2150,0,0.0545734,0.0545735,0,0.016256,0,0,0,6.19596,0.0678518,0.68133,0.882621,2,-4.74848,9.23925,-0.014924,0.0285114,0.00519966,0.00646066
441,door_1,1816,0,0.107003,0.107004,0,0.00763028,0,0,0,4.10191,0.0434049,0.570703,0.7,2.10824,-3.2513,7.166,0,0.608305,0.00562207,0.00557626
442,door_2,2150,0,0.0545734,0.0545735,0,0.016256,0,0,0,6.19596,0.0678518,0.68133,0.882621,2,-4.74848,9.23925,-0.014924,0.0285114,0.00519959,0.00646007
442,door_1,1816,0,0.107003,0.107004,0,0.00763028,0,0,0,4.10191,0.0434049,0.570703,0.7,2.10824,-3.2513,7.166,0,0.608325,0.00562192,0.00557614
443,door_2,2150,0,0.0545734,0.0545735,0,0.016256,0,0,0,6.19596,0.0678518,0.68133,0.882621,2,-4.74848,9.23925,-0.014924,0.0285113,0.00519952,0.00645948
443,door_1,1816,0,0.107003,0.107004,0,0.00763028,0,0,0,4.10191,0.0434049,0.570703,0.7,2.10824,-3.2513,7.166,0,0.608346,0.00562177,0.00557602
445,door_2,2150,0,0.0545734,0.0545735,0,0.016256,0,0,0,6.19596,0.0678518,0.68133,0.882621,2,-4.74848,9.23925,-0.014924,0.0285113,0.00519946,0.0064589
445,door_1,1816,0,0.107003,0.107004,0,0.00763028,0,0,0,4.10191,0.0434049,0.570703,0.7,2.10824,-3.2513,7.166,0,0.608367,0.00562162,0.0055759
446,door_2,2150,0,0.0545734,0.0545735,0,0.016256,0,0,0,6.19596,0.0678518,0.68133,0.882621,2,-4.74848,9.23925,-0.014924,0.0285113,0.00519939,0.00645832
446,door_1,1816,0,0.107003,0.107004,0,0.00763028,0,0,0,4.10191,0.0434049,0.570703,0.7,2.10824,-3.2513,7.166,0,0.608387,0.00562147,0.00557578
447,door_2,2150,0,0.0545734,0.0545735,0,0.016256,0,0,0,6.19596,0.0678518,0.68133,0.882621,2,-4.74848,9.23925,-0.014924,0.0285113,0.00519933,0.00645775
447,door_1,1816,0,0.107003,0.107004,0,0.00763028,0,0,0,4.10191,0.0434049,0.570703,0.7,2.10824,-3.2513,7.166,0,0.608408,0.00562133,0.00557566
448,door_2,2150,0,0.0545734,0.0545735,0,0.016256,0,0,0,6.19596,0.0678518,0.68133,0.882621,2,-4.74848,9.23925,-0.014924,0.0285113,0.00519926,0.00645719
448,door_1,1816,0,0.107003,0.107004,0,0.00763028,0,0,0,4.10191,0.0434049,0.570703,0.7,2.10824,-3.2513,7.166,0,0.608428,0.00562119,0.00557555
449,door_2,2150,0,0.0545734,0.0545735,0,0.016256,0,0,0,6.19596,0.0678518,0.68133,0.882621,2,-4.74848,9.23925,-0.014924,0.0285113,0.0051992,0.00645664
449,door_1,1816,0,0.107003,0.107004,0,0.00763028,0,0,0,4.10191,0.0434049,0.570703,0.7,2.10824,-3.2513,7.166,0,0.608449,0.00562105,0.00557543
450,door_2,2150,0,0.0545734,0.0545735,0,0.016256,0,0,0,6.19596,0.0678518,0.68133,0.882621,2,-4.74848,9.23925,-0.014924,0.0285113,0.00519914,0.00645609
450,door_1,1816,0,0.107003,0.107004,0,0.00763028,0,0,0,4.10191,0.0434049,0.570703,0.7,2.10824,-3.2513,7.166,0,0.608469,0.00562091,0.00557532
451,door_2,2150,0,0.0545734,0.0545735,0,0.016256,0,0,0,6.19596,0.0678518,0.68133,0.882621,2,-4.74848,9.23925,-0.014924,0.0285113,0.00519908,0.00645555
451,door_1,1816,0,0.107003,0.107004,0,0.00763028,0,0,0,4.10191,0.0434049,0.570703,0.7,2.10824,-3.2513,7.166,0,0.60849,0.00562078,0.00557521
453,door_2,2150,0,0.0545734,0.0545735,0,0.016256,0,0,0,6.19596,0.0678518,0.68133,0.882621,2,-4.74848,9.23925,-0.014924,0.0285113,0.00519902,0.00645502
453,door_1,1816,0,0.107003,0.107004,0,0.00763028,0,0,0,4.10191,0.0434049,0.570703,0.7,2.10824,-3.2513,7.166,0,0.60851,0.00562064,0.00557511
454,door_2,2150,0,0.0545734,0.0545735,0,0.016256,0,0,0,6.19596,0.0678518,0.68133,0.882621,2,-4.74848,9.23925,-0.014924,0.0285113,0.00519896,0.00645449
454,door_1,1816,0,0.107003,0.107004,0,0.00763028,0,0,0,4.10191,0.0434049,0.570703,0.7,2.10824,-3.2513,7.166,0,0.608531,0.00562051,0.005575
455,door_2,2150,0,0.0545734,0.0545735,0,0.016256,0,0,0,6.19596,0.0678518,0.68133,0.882621,2,-4.74848,9.23925,-0.014924,0.0285113,0.00519891,0.00645397
455,door_1,1816,0,0.107003,0.107004,0,0.00763028,0,0,0,4.10191,0.0434049,0.570703,0.7,2.10824,-3.2513,7.166,0,0.608552,0.00562038,0.0055749
456,door_2,2150,0,0.0545734,0.0545735,0,0.016256,0,0,0,6.19596,0.0678518,0.68133,0.882621,2,-4.74848,9.23925,-0.014924,0.0285113,0.00519885,0.00645346
456,door_1,1816,0,0.107003,0.107004,0,0.00763028,0,0,0,4.10191,0.0434049,0.570703,0.7,2.10824,-3.2513,7.166,0,0.608572,0.00562026,0.00557479
457,door_2,2150,0,0.0545734,0.0545735,0,0.016256,0,0,0,6.19596,0.0678518,0.68133,0.882621,2,-4.74848,9.23925,-0.014924,0.0285113,0.0051988,0.00645295
457,door_1,1816,0,0.107003,0.107004,0,0.00763028,0,0,0,4.10191,0.0434049,0.570703,0.7,2.10824,-3.2513,7.166,0,0.608593,0.00562013,0.00557469
458,door_2,2150,0,0.0545734,0.0545735,0,0.016256,0,0,0,6.19596,0.0678518,0.68133,0.882621,2,-4.74848,9.23925,-0.014924,0.0285113,0.00519874,0.00645244
458,door_1,1816,0,0.107003,0.107004,0,0.00763028,0,0,0,4.10191,0.0434049,0.570703,0.7,2.10824,-3.2513,7.166,0,0.608613,0.00562001,0.00557459
459,door_2,2150,0,0.0545734,0.0545735,0,0.016256,0,0,0,6.19596,0.0678518,0.68133,0.882621,2,-4.74848,9.23925,-0.014924,0.0285113,0.00519869,0.00645195
459,door_1,1816,0,0.107003,0.107004,0,0.00763028,0,0,0,4.10191,0.0434049,0.570703,0.7,2.10824,-3.2513,7.166,0,0.608634,0.00561989,0.0055745
460,door_2,2150,0,0.0545734,0.0545735,0,0.016256,0,0,0,6.19596,0.0678518,0.68133,0.882621,2,-4.74848,9.23925,-0.014924,0.0285113,0.00519864,0.00645146
460,door_1,1816,0,0.107003,0.107004,0,0.00763028,0,0,0,4.10191,0.0434049,0.570703,0.7,2.10824,-3.2513,7.166,0,0.608654,0.00561977,0.0055744
461,door_2,2150,0,0.0545734,0.0545735,0,0.016256,0,0,0,6.19596,0.0678518,0.68133,0.882621,2,-4.74848,9.23925,-0.014924,0.0285113,0.00519859,0.00645097
461,door_1,1816,0,0.107003,0.107004,0,0.00763028,0,0,0,4.10191,0.0434049,0.570703,0.7,2.10824,-3.2513,7.166,0,0.608675,0.00561965,0.00557431
462,door_2,2150,0,0.0545734,0.0545735,0,0.016256,0,0,0,6.19596,0.0678518,0.68133,0.882621,2,-4.74848,9.23925,-0.014924,0.0285113,0.00519854,0.0064505
462,door_1,1816,0,0.107003,0.107004,0,0.00763028,0,0,0,4.10191,0.0434049,0.570703,0.7,2.10824,-3.2513,7.166,0,0.608695,0.00561954,0.00557421
463,door_2,2150,0,0.0545734,0.0545735,0,0.016256,0,0,0,6.19596,0.0678518,0.68133,0.882621,2,-4.74848,9.23925,-0.014924,0.0285113,0.00519849,0.00645002
463,door_1,1816,0,0.107003,0.107004,0,0.00763028,0,0,0,4.10191,0.0434049,0.570703,0.7,2.10824,-3.2513,7.166,0,0.608716,0.00561942,0.00557412
464,door_2,2150,0,0.0545734,0.0545735,0,0.016256,0,0,0,6.19596,0.0678518,0.68133,0.882621,2,-4.74848,9.23925,-0.014924,0.0285113,0.00519844,0.00644956
464,door_1,1816,0,0.107003,0.107004,0,0.00763028,0,0,0,4.10191,0.0434049,0.570703,0.7,2.10824,-3.2513,7.166,0,0.608736,0.00561931,0.00557403
465,door_2,2150,0,0.0545734,0.0545735,0,0.016256,0,0,0,6.19596,0.0678518,0.68133,0.882621,2,-4.74848,9.23925,-0.014924,0.0285113,0.0051984,0.00644909
465,door_1,1816,0,0.107003,0.107004,0,0.00763028,0,0,0,4.10191,0.0434049,0.570703,0.7,2.10824,-3.2513,7.166,0,0.608757,0.0056192,0.00557394
466,door_2,2150,0,0.0545734,0.0545735,0,0.016256,0,0,0,6.19596,0.0678518,0.68133,0.882621,2,-4.74848,9.23925,-0.014924,0.0285113,0.00519835,0.00644864
466,door_1,1816,0,0.107003,0.107004,0,0.00763028,0,0,0,4.10191,0.0434049,0.570703,0.7,2.10824,-3.2513,7.166,0,0.608777,0.00561909,0.00557386
467,door_2,2150,0,0.0545734,0.0545735,0,0.016256,0,0,0,6.19596,0.0678518,0.68133,0.882621,2,-4.74848,9.23925,-0.014924,0.0285113,0.0051983,0.00644819
467,door_1,1816,0,0.107003,0.107004,0,0.00763028,0,0,0,4.10191,0.0434049,0.570703,0.7,2.10824,-3.2513,7.166,0,0.608798,0.00561899,0.00557377
468,door_2,2150,0,0.0545734,0.0545735,0,0.016256,0,0,0,6.19596,0.0678518,0.68133,0.882621,2,-4.74848,9.23925,-0.014924,0.0285113,0.00519826,0.00644774
468,door_1,1816,0,0.107003,0.107004,0,0.00763028,0,0,0,4.10191,0.0434049,0.570703,0.7,2.10824,-3.2513,7.166,0,0.608819,0.00561888,0.00557369
470,door_2,2150,0,0.0545734,0.0545735,0,0.016256,0,0,0,6.19596,0.0678518,0.68133,0.882621,2,-4.74848,9.23925,-0.014924,0.0285113,0.00519821,0.0064473
470,door_1,1816,0,0.107003,0.107004,0,0.00763028,0,0,0,4.10191,0.0434049,0.570703,0.7,2.10824,-3.2513,7.166,0,0.608839,0.00561878,0.0055736
471,door_2,2150,0,0.0545734,0.0545735,0,0.016256,0,0,0,6.19596,0.0678518,0.68133,0.882621,2,-4.74848,9.23925,-0.014924,0.0285113,0.00519817,0.00644687
471,door_1,1816,0,0.107003,0.107004,0,0.00763028,0,0,0,4.10191,0.0434049,0.570703,0.7,2.10824,-3.2513,7.166,0,0.60886,0.00561868,0.00557352
472,door_2,2150,0,0.0545734,0.0545735,0,0.016256,0,0,0,6.19596,0.0678518,0.68133,0.882621,2,-4.74848,9.23925,-0.014924,0.0285113,0.00519813,0.00644644
472,door_1,1816,0,0.107003,0.107004,0,0.00763028,0,0,0,4.10191,0.0434049,0.570703,0.7,2.10824,-3.2513,7.166,0,0.60888,0.00561858,0.00557344
473,door_2,2150,0,0.0545734,0.0545735,0,0.016256,0,0,0,6.19596,0.0678518,0.68133,0.882621,2,-4.74848,9.23925,-0.014924,0.0285113,0.00519809,0.00644602
473,door_1,1816,0,0.107003,0.107004,0,0.00763028,0,0,0,4.10191,0.0434049,0.570703,0.7,2.10824,-3.2513,7.166,0,0.608901,0.00561848,0.00557336
474,door_2,2150,0,0.0545734,0.0545735,0,0.016256,0,0,0,6.19596,0.0678518,0.68133,0.882621,2,-4.74848,9.23925,-0.014924,0.0285113,0.00519805,0.0064456
474,door_1,1816,0,0.107003,0.107004,0,0.00763028,0,0,0,4.10191,0.0434049,0.570703,0.7,2.10824,-3.2513,7.166,0,0.608921,0.00561838,0.00557328
475,door_2,2150,0,0.0545734,0.0545735,0,0.016256,0,0,0,6.19596,0.0678518,0.68133,0.882621,2,-4.74848,9.23925,-0.014924,0.0285112,0.00519801,0.00644519
475,door_1,1816,0,0.107003,0.107004,0,0.00763028,0,0,0,4.10191,0.0434049,0.570703,0.7,2.10824,-3.2513,7.166,0,0.608942,0.00561828,0.00557321
476,door_2,2150,0,0.0545734,0.0545735,0,0.016256,0,0,0,6.19596,0.0678518,0.68133,0.882621,2,-4.74848,9.23925,-0.014924,0.0285112,0.00519797,0.00644478
476,door_1,1816,0,0.107003,0.107004,0,0.00763028,0,0,0,4.10191,0.0434049,0.570703,0.7,2.10824,-3.2513,7.166,0,0.608962,0.00561819,0.00557313
478,door_2,2150,0,0.0545734,0.0545735,0,0.016256,0,0,0,6.19596,0.0678518,0.68133,0.882621,2,-4.74848,9.23925,-0.014924,0.0285112,0.00519793,0.00644438
478,door_1,1816,0,0.107003,0.107004,0,0.00763028,0,0,0,4.10191,0.0434049,0.570703,0.7,2.10824,-3.2513,7.166,0,0.608983,0.0056181,0.00557306
479,door_2,2150,0,0.0545734,0.0545735,0,0.016256,0,0,0,6.19596,0.0678518,0.68133,0.882621,2,-4.74848,9.23925,-0.014924,0.0285112,0.00519789,0.00644398
479,door_1,1816,0,0.107003,0.107004,0,0.00763028,0,0,0,4.10191,0.0434049,0.570703,0.7,2.10824,-3.2513,7.166,0,0.609003,0.00561801,0.00557298
480,door_2,2150,0,0.0545734,0.0545735,0,0.016256,0,0,0,6.19596,0.0678518,0.68133,0.882621,2,-4.74848,9.23925,-0.014924,0.0285112,0.00519786,0.00644358
480,door_1,1816,0,0.107003,0.107004,0,0.00763028,0,0,0,4.10191,0.0434049,0.570703,0.7,2.10824,-3.2513,7.166,0,0.609024,0.00561792,0.00557291
481,door_2,2150,0,0.0545734,0.0545735,0,0.016256,0,0,0,6.19596,0.0678518,0.68133,0.882621,2,-4.74848,9.23925,-0.014924,0.0285112,0.00519782,0.0064432
481,door_1,1816,0,0.107003,0.107004,0,0.00763028,0,0,0,4.10191,0.0434049,0.570703,0.7,2.10824,-3.2513,7.166,0,0.609044,0.00561783,0.00557284
482,door_2,2150,0,0.0545734,0.0545735,0,0.016256,0,0,0,6.19596,0.0678518,0.68133,0.882621,2,-4.74848,9.23925,-0.014924,0.0285112,0.00519778,0.00644281
482,door_1,1816,0,0.107003,0.107004,0,0.00763028,0,0,0,4.10191,0.0434049,0.570703,0.7,2.10824,-3.2513,7.166,0,0.609065,0.00561774,0.00557277
483,door_2,2150,0,0.0545734,0.0545735,0,0.016256,0,0,0,6.19596,0.0678518,0.68133,0.882621,2,-4.74848,9.23925,-0.014924,0.0285112,0.00519775,0.00644243
483,door_1,1816,0,0.107003,0.107004,0,0.00763028,0,0,0,4.10191,0.0434049,0.570703,0.7,2.10824,-3.2513,7.166,0,0.609085,0.00561766,0.0055727
484,door_2,2150,0,0.0545734,0.0545735,0,0.016256,0,0,0,6.19596,0.0678518,0.68133,0.882621,2,-4.74848,9.23925,-0.014924,0.0285112,0.00519771,0.00644206
484,door_1,1816,0,0.107003,0.107004,0,0.00763028,0,0,0,4.10191,0.0434049,0.570703,0.7,2.10824,-3.2513,7.166,0,0.609106,0.00561757,0.00557263
485,door_2,2150,0,0.0545734,0.0545735,0,0.016256,0,0,0,6.19596,0.0678518,0.68133,0.882621,2,-4.74848,9.23925,-0.014924,0.0285112,0.00519768,0.00644169
485,door_1,1816,0,0.107003,0.107004,0,0.00763028,0,0,0,4.10191,0.0434049,0.570703,0.7,2.10824,-3.2513,7.166,0,0.609127,0.00561749,0.00557257
486,door_2,2150,0,0.0545734,0.0545735,0,0.016256,0,0,0,6.19596,0.0678518,0.68133,0.882621,2,-4.74848,9.23925,-0.014924,0.0285112,0.00519765,0.00644132
486,door_1,1816,0,0.107003,0.107004,0,0.00763028,0,0,0,4.10191,0.0434049,0.570703,0.7,2.10824,-3.2513,7.166,0,0.609147,0.00561741,0.0055725
487,door_2,2150,0,0.0545734,0.0545735,0,0.016256,0,0,0,6.19596,0.0678518,0.68133,0.882621,2,-4.74848,9.23925,-0.014924,0.0285112,0.00519761,0.00644096
487,door_1,1816,0,0.107003,0.107004,0,0.00763028,0,0,0,4.10191,0.0434049,0.570703,0.7,2.10824,-3.2513,7.166,0,0.609168,0.00561733,0.00557244
488,door_2,2150,0,0.0545734,0.0545735,0,0.016256,0,0,0,6.19596,0.0678518,0.68133,0.882621,2,-4.74848,9.23925,-0.014924,0.0285112,0.00519758,0.0064406
488,door_1,1816,0,0.107003,0.107004,0,0.00763028,0,0,0,4.10191,0.0434049,0.570703,0.7,2.10824,-3.2513,7.166,0,0.609188,0.00561725,0.00557238
489,door_2,2150,0,0.0545734,0.0545735,0,0.016256,0,0,0,6.19596,0.0678518,0.68133,0.882621,2,-4.74848,9.23925,-0.014924,0.0285112,0.00519755,0.00644025
489,door_1,1816,0,0.107003,0.107004,0,0.00763028,0,0,0,4.10191,0.0434049,0.570703,0.7,2.10824,-3.2513,7.166,0,0.609209,0.00561717,0.00557231
490,door_2,2150,0,0.0545734,0.0545735,0,0.016256,0,0,0,6.19596,0.0678518,0.68133,0.882621,2,-4.74848,9.23925,-0.014924,0.0285112,0.00519752,0.0064399
490,door_1,1816,0,0.107003,0.107004,0,0.00763028,0,0,0,4.10191,0.0434049,0.570703,0.7,2.10824,-3.2513,7.166,0,0.609229,0.0056171,0.00557225
491,door_2,2150,0,0.0545734,0.0545735,0,0.016256,0,0,0,6.19596,0.0678518,0.68133,0.882621,2,-4.74848,9.23925,-0.014924,0.0285112,0.00519749,0.00643956
491,door_1,1816,0,0.107003,0.107004,0,0.00763028,0,0,0,4.10191,0.0434049,0.570703,0.7,2.10824,-3.2513,7.166,0,0.60925,0.00561702,0.00557219
492,door_2,2150,0,0.0545734,0.0545735,0,0.016256,0,0,0,6.19596,0.0678518,0.68133,0.882621,2,-4.74848,9.23925,-0.014924,0.0285112,0.00519746,0.00643922
492,door_1,1816,0,0.107003,0.107004,0,0.00763028,0,0,0,4.10191,0.0434049,0.570703,0.7,2.10824,-3.2513,7.166,0,0.60927,0.00561695,0.00557213
493,door_2,2150,0,0.0545734,0.0545735,0,0.016256,0,0,0,6.19596,0.0678518,0.68133,0.882621,2,-4.74848,9.23925,-0.014924,0.0285112,0.00519743,0.00643888
493,door_1,1816,0,0.107003,0.107004,0,0.00763028,0,0,0,4.10191,0.0434049,0.570703,0.7,2.10824,-3.2513,7.166,0,0.609291,0.00561687,0.00557207
494,door_2,2150,0,0.0545734,0.0545735,0,0.016256,0,0,0,6.19596,0.0678518,0.68133,0.882621,2,-4.74848,9.23925,-0.014924,0.0285112,0.0051974,0.00643855
494,door_1,1816,0,0.107003,0.107004,0,0.00763028,0,0,0,4.10191,0.0434049,0.570703,0.7,2.10824,-3.2513,7.166,0,0.609311,0.0056168,0.00557202
495,door_2,2150,0,0.0545734,0.0545735,0,0.016256,0,0,0,6.19596,0.0678518,0.68133,0.882621,2,-4.74848,9.23925,-0.014924,0.0285112,0.00519737,0.00643822
495,door_1,1816,0,0.107003,0.107004,0,0.00763028,0,0,0,4.10191,0.0434049,0.570703,0.7,2.10824,-3.2513,7.166,0,0.609332,0.00561673,0.00557196
497,door_2,2150,0,0.0545734,0.0545735,0,0.016256,0,0,0,6.19596,0.0678518,0.68133,0.882621,2,-4.74848,9.23925,-0.014924,0.0285112,0.00519735,0.0064379
497,door_1,1816,0,0.107003,0.107004,0,0.00763028,0,0,0,4.10191,0.0434049,0.570703,0.7,2.10824,-3.2513,7.166,0,0.609352,0.00561666,0.00557191
498,door_2,2150,0,0.0545734,0.0545735,0,0.016256,0,0,0,6.19596,0.0678518,0.68133,0.882621,2,-4.74848,9.23925,-0.014924,0.0285112,0.00519732,0.00643757
498,door_1,1816,0,0.107003,0.107004,0,0.00763028,0,0,0,4.10191,0.0434049,0.570703,0.7,2.10824,-3.2513,7.166,0,0.609373,0.00561659,0.00557185
499,door_2,2150,0,0.0545734,0.0545735,0,0.016256,0,0,0,6.19596,0.0678518,0.68133,0.882621,2,-4.74848,9.23925,-0.014924,0.0285112,0.00519729,0.00643726
499,door_1,1816,0,0.107003,0.107004,0,0.00763028,0,0,0,4.10191,0.0434049,0.570703,0.7,2.10824,-3.2513,7.166,0,0.609393,0.00561653,0.0055718
500,door_2,2150,0,0.0545734,0.0545735,0,0.016256,0,0,0,6.19596,0.0678518,0.68133,0.882621,2,-4.74848,9.23925,-0.014924,0.0285112,0.00519727,0.00643695
500,door_1,1816,0,0.107003,0.107004,0,0.00763028,0,0,0,4.10191,0.0434049,0.570703,0.7,2.10824,-3.2513,7.166,0,0.609414,0.00561646,0.00557174
501,door_2,2150,0,0.0545734,0.0545735,0,0.016256,0,0,0,6.19596,0.0678518,0.68133,0.882621,2,-4.74848,9.23925,-0.014924,0.0285112,0.00519724,0.00643664
501,door_1,1816,0,0.107003,0.107004,0,0.00763028,0,0,0,4.10191,0.0434049,0.570703,0.7,2.10824,-3.2513,7.166,0,0.609434,0.0056164,0.00557169
502,door_2,2150,0,0.0545734,0.0545735,0,0.016256,0,0,0,6.19596,0.0678518,0.68133,0.882621,2,-4.74848,9.23925,-0.014924,0.0285112,0.00519721,0.00643633
502,door_1,1816,0,0.107003,0.107004,0,0.00763028,0,0,0,4.10191,0.0434049,0.570703,0.7,2.10824,-3.2513,7.166,0,0.609455,0.00561633,0.00557164
503,door_2,2150,0,0.0545734,0.0545735,0,0.016256,0,0,0,6.19596,0.0678518,0.68133,0.882621,2,-4.74848,9.23925,-0.014924,0.0285112,0.00519719,0.00643603
503,door_1,1816,0,0.107003,0.107004,0,0.00763028,0,0,0,4.10191,0.0434049,0.570703,0.7,2.10824,-3.2513,7.166,0,0.609475,0.00561627,0.00557159
505,door_2,2150,0,0.0545734,0.0545735,0,0.016256,0,0,0,6.19596,0.0678518,0.68133,0.882621,2,-4.74848,9.23925,-0.014924,0.0285112,0.00519717,0.00643574
505,door_1,1816,0,0.107003,0.107004,0,0.00763028,0,0,0,4.10191,0.0434049,0.570703,0.7,2.10824,-3.2513,7.166,0,0.609496,0.00561621,0.00557154
506,door_2,2150,0,0.0545734,0.0545735,0,0.016256,0,0,0,6.19596,0.0678518,0.68133,0.882621,2,-4.74848,9.23925,-0.014924,0.0285112,0.00519714,0.00643544
506,door_1,1816,0,0.107003,0.107004,0,0.00763028,0,0,0,4.10191,0.0434049,0.570703,0.7,2.10824,-3.2513,7.166,0,0.609516,0.00561615,0.00557149
507,door_2,2150,0,0.0545734,0.0545735,0,0.016256,0,0,0,6.19596,0.0678518,0.68133,0.882621,2,-4.74848,9.23925,-0.014924,0.0285112,0.00519712,0.00643515
507,door_1,1816,0,0.107003,0.107004,0,0.00763028,0,0,0,4.10191,0.0434049,0.570703,0.7,2.10824,-3.2513,7.166,0,0.609537,0.00561609,0.00557144
509,door_2,2150,0,0.0545734,0.0545735,0,0.016256,0,0,0,6.19596,0.0678518,0.68133,0.882621,2,-4.74848,9.23925,-0.014924,0.0285112,0.0051971,0.00643486
509,door_1,1816,0,0.107003,0.107004,0,0.00763028,0,0,0,4.10191,0.0434049,0.570703,0.7,2.10824,-3.2513,7.166,0,0.609557,0.00561603,0.0055714
510,door_2,2150,0,0.0545734,0.0545735,0,0.016256,0,0,0,6.19596,0.0678518,0.68133,0.882621,2,-4.74848,9.23925,-0.014924,0.0285112,0.00519707,0.00643458
510,door_1,1816,0,0.107003,0.107004,0,0.00763028,0,0,0,4.10191,0.0434049,0.570703,0.7,2.10824,-3.2513,7.166,0,0.609578,0.00561597,0.00557135
511,door_2,2150,0,0.0545734,0.0545735,0,0.016256,0,0,0,6.19596,0.0678518,0.68133,0.882621,2,-4.74848,9.23925,-0.014924,0.0285112,0.00519705,0.0064343
511,door_1,1816,0,0.107003,0.107004,0,0.00763028,0,0,0,4.10191,0.0434049,0.570703,0.7,2.10824,-3.2513,7.166,0,0.609598,0.00561591,0.0055713
512,door_2,2150,0,0.0545734,0.0545735,0,0.016256,0,0,0,6.19596,0.0678518,0.68133,0.882621,2,-4.74848,9.23925,-0.014924,0.0285112,0.00519703,0.00643402
512,door_1,1816,0,0.107003,0.107004,0,0.00763028,0,0,0,4.10191,0.0434049,0.570703,0.7,2.10824,-3.2513,7.166,0,0.609619,0.00561585,0.00557126
513,door_2,2150,0,0.0545734,0.0545735,0,0.016256,0,0,0,6.19596,0.0678518,0.68133,0.882621,2,-4.74848,9.23925,-0.014924,0.0285112,0.00519701,0.00643375
513,door_1,1816,0,0.107003,0.107004,0,0.00763028,0,0,0,4.10191,0.0434049,0.570703,0.7,2.10824,-3.2513,7.166,0,0.60964,0.0056158,0.00557121
514,door_2,2150,0,0.0545734,0.0545735,0,0.016256,0,0,0,6.19596,0.0678518,0.68133,0.882621,2,-4.74848,9.23925,-0.014924,0.0285112,0.00519699,0.00643348
514,door_1,1816,0,0.107003,0.107004,0,0.00763028,0,0,0,4.10191,0.0434049,0.570703,0.7,2.10824,-3.2513,7.166,0,0.60966,0.00561574,0.00557117
515,door_2,2150,0,0.0545734,0.0545735,0,0.016256,0,0,0,6.19596,0.0678518,0.68133,0.882621,2,-4.74848,9.23925,-0.014924,0.0285112,0.00519697,0.00643321
515,door_1,1816,0,0.107003,0.107004,0,0.00763028,0,0,0,4.10191,0.0434049,0.570703,0.7,2.10824,-3.2513,7.166,0,0.609681,0.00561569,0.00557113
516,door_2,2150,0,0.0545734,0.0545735,0,0.016256,0,0,0,6.19596,0.0678518,0.68133,0.882621,2,-4.74848,9.23925,-0.014924,0.0285112,0.00519695,0.00643295
516,door_1,1816,0,0.107003,0.107004,0,0.00763028,0,0,0,4.10191,0.0434049,0.570703,0.7,2.10824,-3.2513,7.166,0,0.609701,0.00561563,0.00557109
517,door_2,2150,0,0.0545734,0.0545735,0,0.016256,0,0,0,6.19596,0.0678518,0.68133,0.882621,2,-4.74848,9.23925,-0.014924,0.0285112,0.00519693,0.00643269
517,door_1,1816,0,0.107003,0.107004,0,0.00763028,0,0,0,4.10191,0.0434049,0.570703,0.7,2.10824,-3.2513,7.166,0,0.609722,0.00561558,0.00557104
518,door_2,2150,0,0.0545734,0.0545735,0,0.016256,0,0,0,6.19596,0.0678518,0.68133,0.882621,2,-4.74848,9.23925,-0.014924,0.0285112,0.00519691,0.00643244
518,door_1,1816,0,0.107003,0.107004,0,0.00763028,0,0,0,4.10191,0.0434049,0.570703,0.7,2.10824,-3.2513,7.166,0,0.609742,0.00561553,0.005571
519,door_2,2150,0,0.0545734,0.0545735,0,0.016256,0,0,0,6.19596,0.0678518,0.68133,0.882621,2,-4.74848,9.23925,-0.014924,0.0285112,0.00519689,0.00643218
519,door_1,1816,0,0.107003,0.107004,0,0.00763028,0,0,0,4.10191,0.0434049,0.570703,0.7,2.10824,-3.2513,7.166,0,0.609763,0.00561548,0.00557096
520,door_2,2150,0,0.0545734,0.0545735,0,0.016256,0,0,0,6.19596,0.0678518,0.68133,0.882621,2,-4.74848,9.23925,-0.014924,0.0285112,0.00519687,0.00643193
520,door_1,1816,0,0.107003,0.107004,0,0.00763028,0,0,0,4.10191,0.0434049,0.570703,0.7,2.10824,-3.2513,7.166,0,0.609783,0.00561543,0.00557092
521,door_2,2150,0,0.0545734,0.0545735,0,0.016256,0,0,0,6.19596,0.0678518,0.68133,0.882621,2,-4.74848,9.23925,-0.014924,0.0285112,0.00519685,0.00643168
521,door_1,1816,0,0.107003,0.107004,0,0.00763028,0,0,0,4.10191,0.0434049,0.570703,0.7,2.10824,-3.2513,7.166,0,0.609804,0.00561538,0.00557088
522,door_2,2150,0,0.0545734,0.0545735,0,0.016256,0,0,0,6.19596,0.0678518,0.68133,0.882621,2,-4.74848,9.23925,-0.014924,0.0285112,0.00519683,0.00643144
522,door_1,1816,0,0.107003,0.107004,0,0.00763028,0,0,0,4.10191,0.0434049,0.570703,0.7,2.10824,-3.2513,7.166,0,0.609824,0.00561533,0.00557085
523,door_2,2150,0,0.0545734,0.0545735,0,0.016256,0,0,0,6.19596,0.0678518,0.68133,0.882621,2,-4.74848,9.23925,-0.014924,0.0285112,0.00519682,0.0064312
523,door_1,1816,0,0.107003,0.107004,0,0.00763028,0,0,0,4.10191,0.0434049,0.570703,0.7,2.10824,-3.2513,7.166,0,0.609845,0.00561529,0.00557081
525,door_2,2150,0,0.0545734,0.0545735,0,0.016256,0,0,0,6.19596,0.0678518,0.68133,0.882621,2,-4.74848,9.23925,-0.014924,0.0285112,0.0051968,0.00643096
525,door_1,1816,0,0.107003,0.107004,0,0.00763028,0,0,0,4.10191,0.0434049,0.570703,0.7,2.10824,-3.2513,7.166,0,0.609865,0.00561524,0.00557077
526,door_2,2150,0,0.0545734,0.0545735,0,0.016256,0,0,0,6.19596,0.0678518,0.68133,0.882621,2,-4.74848,9.23925,-0.014924,0.0285112,0.00519678,0.00643072
526,door_1,1816,0,0.107003,0.107004,0,0.00763028,0,0,0,4.10191,0.0434049,0.570703,0.7,2.10824,-3.2513,7.166,0,0.609886,0.00561519,0.00557073
527,door_2,2150,0,0.0545734,0.0545735,0,0.016256,0,0,0,6.19596,0.0678518,0.68133,0.882621,2,-4.74848,9.23925,-0.014924,0.0285112,0.00519676,0.00643049
527,door_1,1816,0,0.107003,0.107004,0,0.00763028,0,0,0,4.10191,0.0434049,0.570703,0.7,2.10824,-3.2513,7.166,0,0.609906,0.00561515,0.0055707
528,door_2,2150,0,0.0545734,0.0545735,0,0.016256,0,0,0,6.19596,0.0678518,0.68133,0.882621,2,-4.74848,9.23925,-0.014924,0.0285112,0.00519675,0.00643026
528,door_1,1816,0,0.107003,0.107004,0,0.00763028,0,0,0,4.10191,0.0434049,0.570703,0.7,2.10824,-3.2513,7.166,0,0.609926,0.0056151,0.00557066
529,door_2,2150,0,0.0545734,0.0545735,0,0.016256,0,0,0,6.19596,0.0678518,0.68133,0.882621,2,-4.74848,9.23925,-0.014924,0.0285112,0.00519673,0.00643003
529,door_1,1816,0,0.107003,0.107004,0,0.00763028,0,0,0,4.10191,0.0434049,0.570703,0.7,2.10824,-3.2513,7.166,0,0.609947,0.00561506,0.00557063
530,door_2,2150,0,0.0545734,0.0545735,0,0.016256,0,0,0,6.19596,0.0678518,0.68133,0.882621,2,-4.74848,9.23925,-0.014924,0.0285112,0.00519671,0.00642981
530,door_1,1816,0,0.107003,0.107004,0,0.00763028,0,0,0,4.10191,0.0434049,0.570703,0.7,2.10824,-3.2513,7.166,0,0.609967,0.00561501,0.00557059
531,door_2,2150,0,0.0545734,0.0545735,0,0.016256,0,0,0,6.19596,0.0678518,0.68133,0.882621,2,-4.74848,9.23925,-0.014924,0.0285112,0.0051967,0.00642958
531,door_1,1816,0,0.107003,0.107004,0,0.00763028,0,0,0,4.10191,0.0434049,0.570703,0.7,2.10824,-3.2513,7.166,0,0.609988,0.00561497,0.00557056
533,door_2,2150,0,0.0545734,0.0545735,0,0.016256,0,0,0,6.19596,0.0678518,0.68133,0.882621,2,-4.74848,9.23925,-0.014924,0.0285112,0.00519668,0.00642936
533,door_1,1816,0,0.107003,0.107004,0,0.00763028,0,0,0,4.10191,0.0434049,0.570703,0.7,2.10824,-3.2513,7.166,0,0.610008,0.00561493,0.00557053
534,door_2,2150,0,0.0545734,0.0545735,0,0.016256,0,0,0,6.19596,0.0678518,0.68133,0.882621,2,-4.74848,9.23925,-0.014924,0.0285112,0.00519667,0.00642915
534,door_1,1816,0,0.107003,0.107004,0,0.00763028,0,0,0,4.10191,0.0434049,0.570703,0.7,2.10824,-3.2513,7.166,0,0.610029,0.00561489,0.00557049
535,door_2,2150,0,0.0545734,0.0545735,0,0.016256,0,0,0,6.19596,0.0678518,0.68133,0.882621,2,-4.74848,9.23925,-0.014924,0.0285111,0.00519665,0.00642893
535,door_1,1816,0,0.107003,0.107004,0,0.00763028,0,0,0,4.10191,0.0434049,0.570703,0.7,2.10824,-3.2513,7.166,0,0.610049,0.00561485,0.00557046
536,door_2,2150,0,0.0545734,0.0545735,0,0.016256,0,0,0,6.19596,0.0678518,0.68133,0.882621,2,-4.74848,9.23925,-0.014924,0.0285112,0.00519664,0.00642872
536,door_1,1816,0,0.107003,0.107004,0,0.00763028,0,0,0,4.10191,0.0434049,0.570703,0.7,2.10824,-3.2513,7.166,0,0.61007,0.00561481,0.00557043
537,door_2,2150,0,0.0545734,0.0545735,0,0.016256,0,0,0,6.19596,0.0678518,0.68133,0.882621,2,-4.74848,9.23925,-0.014924,0.0285111,0.00519663,0.00642851
537,door_1,1816,0,0.107003,0.107004,0,0.00763028,0,0,0,4.10191,0.0434049,0.570703,0.7,2.10824,-3.2513,7.166,0,0.61009,0.00561477,0.0055704
539,door_2,2150,0,0.0545734,0.0545735,0,0.016256,0,0,0,6.19596,0.0678518,0.68133,0.882621,2,-4.74848,9.23925,-0.014924,0.0285111,0.00519661,0.00642831
539,door_1,1816,0,0.107003,0.107004,0,0.00763028,0,0,0,4.10191,0.0434049,0.570703,0.7,2.10824,-3.2513,7.166,0,0.610111,0.00561473,0.00557037
541,door_2,2150,0,0.0545734,0.0545735,0,0.016256,0,0,0,6.19596,0.0678518,0.68133,0.882621,2,-4.74848,9.23925,-0.014924,0.0285112,0.0051966,0.0064281
541,door_1,1816,0,0.107003,0.107004,0,0.00763028,0,0,0,4.10191,0.0434049,0.570703,0.7,2.10824,-3.2513,7.166,0,0.610131,0.00561469,0.00557034
542,door_2,2150,0,0.0545734,0.0545735,0,0.016256,0,0,0,6.19596,0.0678518,0.68133,0.882621,2,-4.74848,9.23925,-0.014924,0.0285112,0.00519659,0.0064279
542,door_1,1816,0,0.107003,0.107004,0,0.00763028,0,0,0,4.10191,0.0434049,0.570703,0.7,2.10824,-3.2513,7.166,0,0.610152,0.00561465,0.00557031
543,door_2,2150,0,0.0545734,0.0545735,0,0.016256,0,0,0,6.19596,0.0678518,0.68133,0.882621,2,-4.74848,9.23925,-0.014924,0.0285111,0.00519657,0.0064277
543,door_1,1816,0,0.107003,0.107004,0,0.00763028,0,0,0,4.10191,0.0434049,0.570703,0.7,2.10824,-3.2513,7.166,0,0.610172,0.00561462,0.00557028
544,door_2,2150,0,0.0545734,0.0545735,0,0.016256,0,0,0,6.19596,0.0678518,0.68133,0.882621,2,-4.74848,9.23925,-0.014924,0.0285111,0.00519656,0.00642751
544,door_1,1816,0,0.107003,0.107004,0,0.00763028,0,0,0,4.10191,0.0434049,0.570703,0.7,2.10824,-3.2513,7.166,0,0.610193,0.00561458,0.00557025
545,door_2,2150,0,0.0545734,0.0545735,0,0.016256,0,0,0,6.19596,0.0678518,0.68133,0.882621,2,-4.74848,9.23925,-0.014924,0.0285111,0.00519655,0.00642731
545,door_1,1816,0,0.107003,0.107004,0,0.00763028,0,0,0,4.10191,0.0434049,0.570703,0.7,2.10824,-3.2513,7.166,0,0.610213,0.00561455,0.00557022
546,door_2,2150,0,0.0545734,0.0545735,0,0.016256,0,0,0,6.19596,0.0678518,0.68133,0.882621,2,-4.74848,9.23925,-0.014924,0.0285111,0.00519653,0.00642712
546,door_1,1816,0,0.107003,0.107004,0,0.00763028,0,0,0,4.10191,0.0434049,0.570703,0.7,2.10824,-3.2513,7.166,0,0.610234,0.00561451,0.00557019
547,door_2,2150,0,0.0545734,0.0545735,0,0.016256,0,0,0,6.19596,0.0678518,0.68133,0.882621,2,-4.74848,9.23925,-0.014924,0.0285111,0.00519652,0.00642693
547,door_1,1816,0,0.107003,0.107004,0,0.00763028,0,0,0,4.10191,0.0434049,0.570703,0.7,2.10824,-3.2513,7.166,0,0.610254,0.00561448,0.00557017
548,door_2,2150,0,0.0545734,0.0545735,0,0.016256,0,0,0,6.19596,0.0678518,0.68133,0.882621,2,-4.74848,9.23925,-0.014924,0.0285111,0.00519651,0.00642674
548,door_1,1816,0,0.107003,0.107004,0,0.00763028,0,0,0,4.10191,0.0434049,0.570703,0.7,2.10824,-3.2513,7.166,0,0.610275,0.00561444,0.00557014
549,door_2,2150,0,0.0545734,0.0545735,0,0.016256,0,0,0,6.19596,0.0678518,0.68133,0.882621,2,-4.74848,9.23925,-0.014924,0.0285111,0.0051965,0.00642656
549,door_1,1816,0,0.107003,0.107004,0,0.00763028,0,0,0,4.10191,0.0434049,0.570703,0.7,2.10824,-3.2513,7.166,0,0.610295,0.00561441,0.00557011
550,door_2,2150,0,0.0545734,0.0545735,0,0.016256,0,0,0,6.19596,0.0678518,0.68133,0.882621,2,-4.74848,9.23925,-0.014924,0.0285111,0.00519649,0.00642638
550,door_1,1816,0,0.107003,0.107004,0,0.00763028,0,0,0,4.10191,0.0434049,0.570703,0.7,2.10824,-3.2513,7.166,0,0.610316,0.00561438,0.00557009
551,door_2,2150,0,0.0545734,0.0545735,0,0.016256,0,0,0,6.19596,0.0678518,0.68133,0.882621,2,-4.74848,9.23925,-0.014924,0.0285111,0.00519647,0.00642619
551,door_1,1816,0,0.107003,0.107004,0,0.00763028,0,0,0,4.10191,0.0434049,0.570703,0.7,2.10824,-3.2513,7.166,0,0.610336,0.00561434,0.00557006
552,door_2,2150,0,0.0545734,0.0545735,0,0.016256,0,0,0,6.19596,0.0678518,0.68133,0.882621,2,-4.74848,9.23925,-0.014924,0.0285111,0.00519646,0.00642602
552,door_1,1816,0,0.107003,0.107004,0,0.00763028,0,0,0,4.10191,0.0434049,0.570703,0.7,2.10824,-3.2513,7.166,0,0.610357,0.00561431,0.00557003
553,door_2,2150,0,0.0545734,0.0545735,0,0.016256,0,0,0,6.19596,0.0678518,0.68133,0.882621,2,-4.74848,9.23925,-0.014924,0.0285111,0.00519645,0.00642584
553,door_1,1816,0,0.107003,0.107004,0,0.00763028,0,0,0,4.10191,0.0434049,0.570703,0.7,2.10824,-3.2513,7.166,0,0.610377,0.00561428,0.00557001
554,door_2,2150,0,0.0545734,0.0545735,0,0.016256,0,0,0,6.19596,0.0678518,0.68133,0.882621,2,-4.74848,9.23925,-0.014924,0.0285111,0.00519644,0.00642567
554,door_1,1816,0,0.107003,0.107004,0,0.00763028,0,0,0,4.10191,0.0434049,0.570703,0.7,2.10824,-3.2513,7.166,0,0.610398,0.00561425,0.00556999
555,door_2,2150,0,0.0545734,0.0545735,0,0.016256,0,0,0,6.19596,0.0678518,0.68133,0.882621,2,-4.74848,9.23925,-0.014924,0.0285111,0.00519643,0.00642549
555,door_1,1816,0,0.107003,0.107004,0,0.00763028,0,0,0,4.10191,0.0434049,0.570703,0.7,2.10824,-3.2513,7.166,0,0.610418,0.00561422,0.00556996
556,door_2,2150,0,0.0545734,0.0545735,0,0.016256,0,0,0,6.19596,0.0678518,0.68133,0.882621,2,-4.74848,9.23925,-0.014924,0.0285111,0.00519642,0.00642532
556,door_1,1816,0,0.107003,0.107004,0,0.00763028,0,0,0,4.10191,0.0434049,0.570703,0.7,2.10824,-3.2513,7.166,0,0.610439,0.00561419,0.00556994
557,door_2,2150,0,0.0545734,0.0545735,0,0.016256,0,0,0,6.19596,0.0678518,0.68133,0.882621,2,-4.74848,9.23925,-0.014924,0.0285111,0.00519641,0.00642516
557,door_1,1816,0,0.107003,0.107004,0,0.00763028,0,0,0,4.10191,0.0434049,0.570703,0.7,2.10824,-3.2513,7.166,0,0.610459,0.00561416,0.00556991
559,door_2,2150,0,0.0545734,0.0545735,0,0.016256,0,0,0,6.19596,0.0678518,0.68133,0.882621,2,-4.74848,9.23925,-0.014924,0.0285111,0.0051964,0.00642499
559,door_1,1816,0,0.107003,0.107004,0,0.00763028,0,0,0,4.10191,0.0434049,0.570703,0.7,2.10824,-3.2513,7.166,0,0.61048,0.00561413,0.00556989
560,door_2,2150,0,0.0545734,0.0545735,0,0.016256,0,0,0,6.19596,0.0678518,0.68133,0.882621,2,-4.74848,9.23925,-0.014924,0.0285111,0.00519639,0.00642483
560,door_1,1816,0,0.107003,0.107004,0,0.00763028,0,0,0,4.10191,0.0434049,0.570703,0.7,2.10824,-3.2513,7.166,0,0.6105,0.0056141,0.00556987
561,door_2,2150,0,0.0545734,0.0545735,0,0.016256,0,0,0,6.19596,0.0678518,0.68133,0.882621,2,-4.74848,9.23925,-0.014924,0.0285111,0.00519638,0.00642466
561,door_1,1816,0,0.107003,0.107004,0,0.00763028,0,0,0,4.10191,0.0434049,0.570703,0.7,2.10824,-3.2513,7.166,0,0.610521,0.00561407,0.00556985
562,door_2,2150,0,0.0545734,0.0545735,0,0.016256,0,0,0,6.19596,0.0678518,0.68133,0.882621,2,-4.74848,9.23925,-0.014924,0.0285111,0.00519637,0.0064245
562,door_1,1816,0,0.107003,0.107004,0,0.00763028,0,0,0,4.10191,0.0434049,0.570703,0.7,2.10824,-3.2513,7.166,0,0.610541,0.00561404,0.00556982
563,door_2,2150,0,0.0545734,0.0545735,0,0.016256,0,0,0,6.19596,0.0678518,0.68133,0.882621,2,-4.74848,9.23925,-0.014924,0.0285111,0.00519636,0.00642435
563,door_1,1816,0,0.107003,0.107004,0,0.00763028,0,0,0,4.10191,0.0434049,0.570703,0.7,2.10824,-3.2513,7.166,0,0.610562,0.00561402,0.0055698
564,door_2,2150,0,0.0545734,0.0545735,0,0.016256,0,0,0,6.19596,0.0678518,0.68133,0.882621,2,-4.74848,9.23925,-0.014924,0.0285111,0.00519635,0.00642419
564,door_1,1816,0,0.107003,0.107004,0,0.00763028,0,0,0,4.10191,0.0434049,0.570703,0.7,2.10824,-3.2513,7.166,0,0.610582,0.00561399,0.00556978
565,door_2,2150,0,0.0545734,0.0545735,0,0.016256,0,0,0,6.19596,0.0678518,0.68133,0.882621,2,-4.74848,9.23925,-0.014924,0.0285111,0.00519634,0.00642403
565,door_1,1816,0,0.107003,0.107004,0,0.00763028,0,0,0,4.10191,0.0434049,0.570703,0.7,2.10824,-3.2513,7.166,0,0.610603,0.00561396,0.00556976
566,door_2,2150,0,0.0545734,0.0545735,0,0.016256,0,0,0,6.19596,0.0678518,0.68133,0.882621,2,-4.74848,9.23925,-0.014924,0.0285111,0.00519633,0.00642388
566,door_1,1816,0,0.107003,0.107004,0,0.00763028,0,0,0,4.10191,0.0434049,0.570703,0.7,2.10824,-3.2513,7.166,0,0.610623,0.00561394,0.00556974
567,door_2,2150,0,0.0545734,0.0545735,0,0.016256,0,0,0,6.19596,0.0678518,0.68133,0.882621,2,-4.74848,9.23925,-0.014924,0.0285111,0.00519633,0.00642373
567,door_1,1816,0,0.107003,0.107004,0,0.00763028,0,0,0,4.10191,0.0434049,0.570703,0.7,2.10824,-3.2513,7.166,0,0.610643,0.00561391,0.00556972
568,door_2,2150,0,0.0545734,0.0545735,0,0.016256,0,0,0,6.19596,0.0678518,0.68133,0.882621,2,-4.74848,9.23925,-0.014924,0.0285111,0.00519632,0.00642358
568,door_1,1816,0,0.107003,0.107004,0,0.00763028,0,0,0,4.10191,0.0434049,0.570703,0.7,2.10824,-3.2513,7.166,0,0.610664,0.00561388,0.0055697
569,door_2,2150,0,0.0545734,0.0545735,0,0.016256,0,0,0,6.19596,0.0678518,0.68133,0.882621,2,-4.74848,9.23925,-0.014924,0.0285111,0.00519631,0.00642344
569,door_1,1816,0,0.107003,0.107004,0,0.00763028,0,0,0,4.10191,0.0434049,0.570703,0.7,2.10824,-3.2513,7.166,0,0.610684,0.00561386,0.00556968
571,door_2,2150,0,0.0545734,0.0545735,0,0.016256,0,0,0,6.19596,0.0678518,0.68133,0.882621,2,-4.74848,9.23925,-0.014924,0.0285111,0.0051963,0.00642329
571,door_1,1816,0,0.107003,0.107004,0,0.00763028,0,0,0,4.10191,0.0434049,0.570703,0.7,2.10824,-3.2513,7.166,0,0.610705,0.00561384,0.00556966
572,door_2,2150,0,0.0545734,0.0545735,0,0.016256,0,0,0,6.19596,0.0678518,0.68133,0.882621,2,-4.74848,9.23925,-0.014924,0.0285111,0.00519629,0.00642315
572,door_1,1816,0,0.107003,0.107004,0,0.00763028,0,0,0,4.10191,0.0434049,0.570703,0.7,2.10824,-3.2513,7.166,0,0.610725,0.00561381,0.00556964
573,door_2,2150,0,0.0545734,0.0545735,0,0.016256,0,0,0,6.19596,0.0678518,0.68133,0.882621,2,-4.74848,9.23925,-0.014924,0.0285111,0.00519628,0.00642301
573,door_1,1816,0,0.107003,0.107004,0,0.00763028,0,0,0,4.10191,0.0434049,0.570703,0.7,2.10824,-3.2513,7.166,0,0.610746,0.00561379,0.00556962
574,door_2,2150,0,0.0545734,0.0545735,0,0.016256,0,0,0,6.19596,0.0678518,0.68133,0.882621,2,-4.74848,9.23925,-0.014924,0.0285111,0.00519628,0.00642287
574,door_1,1816,0,0.107003,0.107004,0,0.00763028,0,0,0,4.10191,0.0434049,0.570703,0.7,2.10824,-3.2513,7.166,0,0.610766,0.00561376,0.00556961
575,door_2,2150,0,0.0545734,0.0545735,0,0.016256,0,0,0,6.19596,0.0678518,0.68133,0.882621,2,-4.74848,9.23925,-0.014924,0.0285111,0.00519627,0.00642273
575,door_1,1816,0,0.107003,0.107004,0,0.00763028,0,0,0,4.10191,0.0434049,0.570703,0.7,2.10824,-3.2513,7.166,0,0.610787,0.00561374,0.00556959
576,door_2,2150,0,0.0545734,0.0545735,0,0.016256,0,0,0,6.19596,0.0678518,0.68133,0.882621,2,-4.74848,9.23925,-0.014924,0.0285111,0.00519626,0.00642259
576,door_1,1816,0,0.107003,0.107004,0,0.00763028,0,0,0,4.10191,0.0434049,0.570703,0.7,2.10824,-3.2513,7.166,0,0.610807,0.00561372,0.00556957
577,door_2,2150,0,0.0545734,0.0545735,0,0.016256,0,0,0,6.19596,0.0678518,0.68133,0.882621,2,-4.74848,9.23925,-0.014924,0.0285111,0.00519625,0.00642246
577,door_1,1816,0,0.107003,0.107004,0,0.00763028,0,0,0,4.10191,0.0434049,0.570703,0.7,2.10824,-3.2513,7.166,0,0.610828,0.0056137,0.00556955
578,door_2,2150,0,0.0545734,0.0545735,0,0.016256,0,0,0,6.19596,0.0678518,0.68133,0.882621,2,-4.74848,9.23925,-0.014924,0.0285111,0.00519625,0.00642233
578,door_1,1816,0,0.107003,0.107004,0,0.00763028,0,0,0,4.10191,0.0434049,0.570703,0.7,2.10824,-3.2513,7.166,0,0.610848,0.00561367,0.00556954
580,door_2,2150,0,0.0545734,0.0545735,0,0.016256,0,0,0,6.19596,0.0678518,0.68133,0.882621,2,-4.74848,9.23925,-0.014924,0.0285111,0.00519624,0.00642219
580,door_1,1816,0,0.107003,0.107004,0,0.00763028,0,0,0,4.10191,0.0434049,0.570703,0.7,2.10824,-3.2513,7.166,0,0.610869,0.00561365,0.00556952
581,door_2,2150,0,0.0545734,0.0545735,0,0.016256,0,0,0,6.19596,0.0678518,0.68133,0.882621,2,-4.74848,9.23925,-0.014924,0.0285111,0.00519623,0.00642206
581,door_1,1816,0,0.107003,0.107004,0,0.00763028,0,0,0,4.10191,0.0434049,0.570703,0.7,2.10824,-3.2513,7.166,0,0.610889,0.00561363,0.0055695
582,door_2,2150,0,0.0545734,0.0545735,0,0.016256,0,0,0,6.19596,0.0678518,0.68133,0.882621,2,-4.74848,9.23925,-0.014924,0.0285111,0.00519623,0.00642193
582,door_1,1816,0,0.107003,0.107004,0,0.00763028,0,0,0,4.10191,0.0434049,0.570703,0.7,2.10824,-3.2513,7.166,0,0.61091,0.00561361,0.00556949
584,door_2,2150,0,0.0545734,0.0545735,0,0.016256,0,0,0,6.19596,0.0678518,0.68133,0.882621,2,-4.74848,9.23925,-0.014924,0.0285111,0.00519622,0.00642181
584,door_1,1816,0,0.107003,0.107004,0,0.00763028,0,0,0,4.10191,0.0434049,0.570703,0.7,2.10824,-3.2513,7.166,0,0.61093,0.00561359,0.00556947
585,door_2,2150,0,0.0545734,0.0545735,0,0.016256,0,0,0,6.19596,0.0678518,0.68133,0.882621,2,-4.74848,9.23925,-0.014924,0.0285111,0.00519621,0.00642168
585,door_1,1816,0,0.107003,0.107004,0,0.00763028,0,0,0,4.10191,0.0434049,0.570703,0.7,2.10824,-3.2513,7.166,0,0.61095,0.00561357,0.00556945
586,door_2,2150,0,0.0545734,0.0545735,0,0.016256,0,0,0,6.19596,0.0678518,0.68133,0.882621,2,-4.74848,9.23925,-0.014924,0.0285111,0.00519621,0.00642156
586,door_1,1816,0,0.107003,0.107004,0,0.00763028,0,0,0,4.10191,0.0434049,0.570703,0.7,2.10824,-3.2513,7.166,0,0.610971,0.00561355,0.00556944
587,door_2,2150,0,0.0545734,0.0545735,0,0.016256,0,0,0,6.19596,0.0678518,0.68133,0.882621,2,-4.74848,9.23925,-0.014924,0.0285111,0.0051962,0.00642144
587,door_1,1816,0,0.107003,0.107004,0,0.00763028,0,0,0,4.10191,0.0434049,0.570703,0.7,2.10824,-3.2513,7.166,0,0.610991,0.00561353,0.00556942
588,door_2,2150,0,0.0545734,0.0545735,0,0.016256,0,0,0,6.19596,0.0678518,0.68133,0.882621,2,-4.74848,9.23925,-0.014924,0.0285111,0.00519619,0.00642131
588,door_1,1816,0,0.107003,0.107004,0,0.00763028,0,0,0,4.10191,0.0434049,0.570703,0.7,2.10824,-3.2513,7.166,0,0.611012,0.00561351,0.00556941
589,door_2,2150,0,0.0545734,0.0545735,0,0.016256,0,0,0,6.19596,0.0678518,0.68133,0.882621,2,-4.74848,9.23925,-0.014924,0.0285111,0.00519619,0.00642119
589,door_1,1816,0,0.107003,0.107004,0,0.00763028,0,0,0,4.10191,0.0434049,0.570703,0.7,2.10824,-3.2513,7.166,0,0.611032,0.00561349,0.00556939
590,door_2,2150,0,0.0545734,0.0545735,0,0.016256,0,0,0,6.19596,0.0678518,0.68133,0.882621,2,-4.74848,9.23925,-0.014924,0.0285111,0.00519618,0.00642108
590,door_1,1816,0,0.107003,0.107004,0,0.00763028,0,0,0,4.10191,0.0434049,0.570703,0.7,2.10824,-3.2513,7.166,0,0.611053,0.00561347,0.00556938
591,door_2,2150,0,0.0545734,0.0545735,0,0.016256,0,0,0,6.19596,0.0678518,0.68133,0.882621,2,-4.74848,9.23925,-0.014924,0.0285111,0.00519617,0.00642096
591,door_1,1816,0,0.107003,0.107004,0,0.00763028,0,0,0,4.10191,0.0434049,0.570703,0.7,2.10824,-3.2513,7.166,0,0.611073,0.00561345,0.00556936
592,door_2,2150,0,0.0545734,0.0545735,0,0.016256,0,0,0,6.19596,0.0678518,0.68133,0.882621,2,-4.74848,9.23925,-0.014924,0.0285111,0.00519617,0.00642084
592,door_1,1816,0,0.107003,0.107004,0,0.00763028,0,0,0,4.10191,0.0434049,0.570703,0.7,2.10824,-3.2513,7.166,0,0.611094,0.00561344,0.00556935
593,door_2,2150,0,0.0545734,0.0545735,0,0.016256,0,0,0,6.19596,0.0678518,0.68133,0.882621,2,-4.74848,9.23925,-0.014924,0.0285111,0.00519616,0.00642073
593,door_1,1816,0,0.107003,0.107004,0,0.00763028,0,0,0,4.10191,0.0434049,0.570703,0.7,2.10824,-3.2513,7.166,0,0.611114,0.00561342,0.00556934
594,door_2,2150,0,0.0545734,0.0545735,0,0.016256,0,0,0,6.19596,0.0678518,0.68133,0.882621,2,-4.74848,9.23925,-0.014924,0.0285111,0.00519616,0.00642062
594,door_1,1816,0,0.107003,0.107004,0,0.00763028,0,0,0,4.10191,0.0434049,0.570703,0.7,2.10824,-3.2513,7.166,0,0.611135,0.0056134,0.00556932
596,door_2,2150,0,0.0545734,0.0545735,0,0.016256,0,0,0,6.19596,0.0678518,0.68133,0.882621,2,-4.74848,9.23925,-0.014924,0.0285111,0.00519615,0.00642051
596,door_1,1816,0,0.107003,0.107004,0,0.00763028,0,0,0,4.10191,0.0434049,0.570703,0.7,2.10824,-3.2513,7.166,0,0.611155,0.00561338,0.00556931
597,door_2,2150,0,0.0545734,0.0545735,0,0.016256,0,0,0,6.19596,0.0678518,0.68133,0.882621,2,-4.74848,9.23925,-0.014924,0.0285111,0.00519615,0.0064204
597,door_1,1816,0,0.107003,0.107004,0,0.00763028,0,0,0,4.10191,0.0434049,0.570703,0.7,2.10824,-3.2513,7.166,0,0.611175,0.00561337,0.00556929
598,door_2,2150,0,0.0545734,0.0545735,0,0.016256,0,0,0,6.19596,0.0678518,0.68133,0.882621,2,-4.74848,9.23925,-0.014924,0.0285111,0.00519614,0.00642029
598,door_1,1816,0,0.107003,0.107004,0,0.00763028,0,0,0,4.10191,0.0434049,0.570703,0.7,2.10824,-3.2513,7.166,0,0.611196,0.00561335,0.00556928
599,door_2,2150,0,0.0545734,0.0545735,0,0.016256,0,0,0,6.19596,0.0678518,0.68133,0.882621,2,-4.74848,9.23925,-0.014924,0.0285111,0.00519614,0.00642018
599,door_1,1816,0,0.107003,0.107004,0,0.00763028,0,0,0,4.10191,0.0434049,0.570703,0.7,2.10824,-3.2513,7.166,0,0.611216,0.00561333,0.00556927
600,door_2,2150,0,0.0545734,0.0545735,0,0.016256,0,0,0,6.19596,0.0678518,0.68133,0.882621,2,-4.74848,9.23925,-0.014924,0.0285111,0.00519613,0.00642008
600,door_1,1816,0,0.107003,0.107004,0,0.00763028,0,0,0,4.10191,0.0434049,0.570703,0.7,2.10824,-3.2513,7.166,0,0.611237,0.00561332,0.00556926
601,door_2,2150,0,0.0545734,0.0545735,0,0.016256,0,0,0,6.19596,0.0678518,0.68133,0.882621,2,-4.74848,9.23925,-0.014924,0.0285111,0.00519613,0.00641997
601,door_1,1816,0,0.107003,0.107004,0,0.00763028,0,0,0,4.10191,0.0434049,0.570703,0.7,2.10824,-3.2513,7.166,0,0.611257,0.0056133,0.00556924
603,door_2,2150,0,0.0545734,0.0545735,0,0.016256,0,0,0,6.19596,0.0678518,0.68133,0.882621,2,-4.74848,9.23925,-0.014924,0.0285111,0.00519612,0.00641987
603,door_1,1816,0,0.107003,0.107004,0,0.00763028,0,0,0,4.10191,0.0434049,0.570703,0.7,2.10824,-3.2513,7.166,0,0.611278,0.00561329,0.00556923
604,door_2,2150,0,0.0545734,0.0545735,0,0.016256,0,0,0,6.19596,0.0678518,0.68133,0.882621,2,-4.74848,9.23925,-0.014924,0.0285111,0.00519612,0.00641977
604,door_1,1816,0,0.107003,0.107004,0,0.00763028,0,0,0,4.10191,0.0434049,0.570703,0.7,2.10824,-3.2513,7.166,0,0.611298,0.00561327,0.00556922
605,door_2,2150,0,0.0545734,0.0545735,0,0.016256,0,0,0,6.19596,0.0678518,0.68133,0.882621,2,-4.74848,9.23925,-0.014924,0.0285111,0.00519611,0.00641967
605,door_1,1816,0,0.107003,0.107004,0,0.00763028,0,0,0,4.10191,0.0434049,0.570703,0.7,2.10824,-3.2513,7.166,0,0.611319,0.00561325,0.00556921
606,door_2,2150,0,0.0545734,0.0545735,0,0.016256,0,0,0,6.19596,0.0678518,0.68133,0.882621,2,-4.74848,9.23925,-0.014924,0.0285111,0.00519611,0.00641957
606,door_1,1816,0,0.107003,0.107004,0,0.00763028,0,0,0,4.10191,0.0434049,0.570703,0.7,2.10824,-3.2513,7.166,0,0.611339,0.00561324,0.0055692
607,door_2,2150,0,0.0545734,0.0545735,0,0.016256,0,0,0,6.19596,0.0678518,0.68133,0.882621,2,-4.74848,9.23925,-0.014924,0.0285111,0.0051961,0.00641947
607,door_1,1816,0,0.107003,0.107004,0,0.00763028,0,0,0,4.10191,0.0434049,0.570703,0.7,2.10824,-3.2513,7.166,0,0.61136,0.00561322,0.00556918
608,door_2,2150,0,0.0545734,0.0545735,0,0.016256,0,0,0,6.19596,0.0678518,0.68133,0.882621,2,-4.74848,9.23925,-0.014924,0.0285111,0.0051961,0.00641937
608,door_1,1816,0,0.107003,0.107004,0,0.00763028,0,0,0,4.10191,0.0434049,0.570703,0.7,2.10824,-3.2513,7.166,0,0.61138,0.00561321,0.00556917
609,door_2,2150,0,0.0545734,0.0545735,0,0.016256,0,0,0,6.19596,0.0678518,0.68133,0.882621,2,-4.74848,9.23925,-0.014924,0.0285111,0.00519609,0.00641928
609,door_1,1816,0,0.107003,0.107004,0,0.00763028,0,0,0,4.10191,0.0434049,0.570703,0.7,2.10824,-3.2513,7.166,0,0.6114,0.0056132,0.00556916
610,door_2,2150,0,0.0545734,0.0545735,0,0.016256,0,0,0,6.19596,0.0678518,0.68133,0.882621,2,-4.74848,9.23925,-0.014924,0.0285111,0.00519609,0.00641918
610,door_1,1816,0,0.107003,0.107004,0,0.00763028,0,0,0,4.10191,0.0434049,0.570703,0.7,2.10824,-3.2513,7.166,0,0.611421,0.00561318,0.00556915
611,door_2,2150,0,0.0545734,0.0545735,0,0.016256,0,0,0,6.19596,0.0678518,0.68133,0.882621,2,-4.74848,9.23925,-0.014924,0.0285111,0.00519608,0.00641909
611,door_1,1816,0,0.107003,0.107004,0,0.00763028,0,0,0,4.10191,0.0434049,0.570703,0.7,2.10824,-3.2513,7.166,0,0.611441,0.00561317,0.00556914
612,door_2,2150,0,0.0545734,0.0545735,0,0.016256,0,0,0,6.19596,0.0678518,0.68133,0.882621,2,-4.74848,9.23925,-0.014924,0.0285111,0.00519608,0.00641899
612,door_1,1816,0,0.107003,0.107004,0,0.00763028,0,0,0,4.10191,0.0434049,0.570703,0.7,2.10824,-3.2513,7.166,0,0.611462,0.00561315,0.00556913
613,door_2,2150,0,0.0545734,0.0545735,0,0.016256,0,0,0,6.19596,0.0678518,0.68133,0.882621,2,-4.74848,9.23925,-0.014924,0.0285111,0.00519608,0.0064189
613,door_1,1816,0,0.107003,0.107004,0,0.00763028,0,0,0,4.10191,0.0434049,0.570703,0.7,2.10824,-3.2513,7.166,0,0.611482,0.00561314,0.00556912
614,door_2,2150,0,0.0545734,0.0545735,0,0.016256,0,0,0,6.19596,0.0678518,0.68133,0.882621,2,-4.74848,9.23925,-0.014924,0.0285111,0.00519607,0.00641881
614,door_1,1816,0,0.107003,0.107004,0,0.00763028,0,0,0,4.10191,0.0434049,0.570703,0.7,2.10824,-3.2513,7.166,0,0.611503,0.00561313,0.00556911
616,door_2,2150,0,0.0545734,0.0545735,0,0.016256,0,0,0,6.19596,0.0678518,0.68133,0.882621,2,-4.74848,9.23925,-0.014924,0.0285111,0.00519607,0.00641872
616,door_1,1816,0,0.107003,0.107004,0,0.00763028,0,0,0,4.10191,0.0434049,0.570703,0.7,2.10824,-3.2513,7.166,0,0.611523,0.00561311,0.0055691
617,door_2,2150,0,0.0545734,0.0545735,0,0.016256,0,0,0,6.19596,0.0678518,0.68133,0.882621,2,-4.74848,9.23925,-0.014924,0.0285111,0.00519606,0.00641863
617,door_1,1816,0,0.107003,0.107004,0,0.00763028,0,0,0,4.10191,0.0434049,0.570703,0.7,2.10824,-3.2513,7.166,0,0.611544,0.0056131,0.00556909
618,door_2,2150,0,0.0545734,0.0545735,0,0.016256,0,0,0,6.19596,0.0678518,0.68133,0.882621,2,-4.74848,9.23925,-0.014924,0.0285111,0.00519606,0.00641855
618,door_1,1816,0,0.107003,0.107004,0,0.00763028,0,0,0,4.10191,0.0434049,0.570703,0.7,2.10824,-3.2513,7.166,0,0.611564,0.00561309,0.00556908
619,door_2,2150,0,0.0545734,0.0545735,0,0.016256,0,0,0,6.19596,0.0678518,0.68133,0.882621,2,-4.74848,9.23925,-0.014924,0.0285111,0.00519606,0.00641846
619,door_1,1816,0,0.107003,0.107004,0,0.00763028,0,0,0,4.10191,0.0434049,0.570703,0.7,2.10824,-3.2513,7.166,0,0.611585,0.00561308,0.00556907
620,door_2,2150,0,0.0545734,0.0545735,0,0.016256,0,0,0,6.19596,0.0678518,0.68133,0.882621,2,-4.74848,9.23925,-0.014924,0.0285111,0.00519605,0.00641838
620,door_1,1816,0,0.107003,0.107004,0,0.00763028,0,0,0,4.10191,0.0434049,0.570703,0.7,2.10824,-3.2513,7.166,0,0.611605,0.00561306,0.00556906
621,door_2,2150,0,0.0545734,0.0545735,0,0.016256,0,0,0,6.19596,0.0678518,0.68133,0.882621,2,-4.74848,9.23925,-0.014924,0.0285111,0.00519605,0.00641829
621,door_1,1816,0,0.107003,0.107004,0,0.00763028,0,0,0,4.10191,0.0434049,0.570703,0.7,2.10824,-3.2513,7.166,0,0.611625,0.00561305,0.00556905
623,door_2,2150,0,0.0545734,0.0545735,0,0.016256,0,0,0,6.19596,0.0678518,0.68133,0.882621,2,-4.74848,9.23925,-0.014924,0.0285111,0.00519605,0.00641821
623,door_1,1816,0,0.107003,0.107004,0,0.00763028,0,0,0,4.10191,0.0434049,0.570703,0.7,2.10824,-3.2513,7.166,0,0.611646,0.00561304,0.00556904
624,door_2,2150,0,0.0545734,0.0545735,0,0.016256,0,0,0,6.19596,0.0678518,0.68133,0.882621,2,-4.74848,9.23925,-0.014924,0.0285111,0.00519604,0.00641813
624,door_1,1816,0,0.107003,0.107004,0,0.00763028,0,0,0,4.10191,0.0434049,0.570703,0.7,2.10824,-3.2513,7.166,0,0.611666,0.00561303,0.00556903
625,door_2,2150,0,0.0545734,0.0545735,0,0.016256,0,0,0,6.19596,0.0678518,0.68133,0.882621,2,-4.74848,9.23925,-0.014924,0.0285111,0.00519604,0.00641805
625,door_1,1816,0,0.107003,0.107004,0,0.00763028,0,0,0,4.10191,0.0434049,0.570703,0.7,2.10824,-3.2513,7.166,0,0.611687,0.00561302,0.00556902
626,door_2,2150,0,0.0545734,0.0545735,0,0.016256,0,0,0,6.19596,0.0678518,0.68133,0.882621,2,-4.74848,9.23925,-0.014924,0.0285111,0.00519604,0.00641797
626,door_1,1816,0,0.107003,0.107004,0,0.00763028,0,0,0,4.10191,0.0434049,0.570703,0.7,2.10824,-3.2513,7.166,0,0.611707,0.00561301,0.00556902
627,door_2,2150,0,0.0545734,0.0545735,0,0.016256,0,0,0,6.19596,0.0678518,0.68133,0.882621,2,-4.74848,9.23925,-0.014924,0.0285111,0.00519603,0.00641789
627,door_1,1816,0,0.107003,0.107004,0,0.00763028,0,0,0,4.10191,0.0434049,0.570703,0.7,2.10824,-3.2513,7.166,0,0.611728,0.005613,0.00556901
628,door_2,2150,0,0.0545734,0.0545735,0,0.016256,0,0,0,6.19596,0.0678518,0.68133,0.882621,2,-4.74848,9.23925,-0.014924,0.0285111,0.00519603,0.00641781
628,door_1,1816,0,0.107003,0.107004,0,0.00763028,0,0,0,4.10191,0.0434049,0.570703,0.7,2.10824,-3.2513,7.166,0,0.611748,0.00561298,0.005569
630,door_2,2150,0,0.0545734,0.0545735,0,0.016256,0,0,0,6.19596,0.0678518,0.68133,0.882621,2,-4.74848,9.23925,-0.014924,0.0285111,0.00519603,0.00641773
630,door_1,1816,0,0.107003,0.107004,0,0.00763028,0,0,0,4.10191,0.0434049,0.570703,0.7,2.10824,-3.2513,7.166,0,0.611768,0.00561297,0.00556899
631,door_2,2150,0,0.0545734,0.0545735,0,0.016256,0,0,0,6.19596,0.0678518,0.68133,0.882621,2,-4.74848,9.23925,-0.014924,0.0285111,0.00519602,0.00641765
631,door_1,1816,0,0.107003,0.107004,0,0.00763028,0,0,0,4.10191,0.0434049,0.570703,0.7,2.10824,-3.2513,7.166,0,0.611789,0.00561296,0.00556898
632,door_2,2150,0,0.0545734,0.0545735,0,0.016256,0,0,0,6.19596,0.0678518,0.68133,0.882621,2,-4.74848,9.23925,-0.014924,0.0285111,0.00519602,0.00641758
632,door_1,1816,0,0.107003,0.107004,0,0.00763028,0,0,0,4.10191,0.0434049,0.570703,0.7,2.10824,-3.2513,7.166,0,0.611809,0.00561295,0.00556897
633,door_2,2150,0,0.0545734,0.0545735,0,0.016256,0,0,0,6.19596,0.0678518,0.68133,0.882621,2,-4.74848,9.23925,-0.014924,0.0285111,0.00519602,0.0064175
633,door_1,1816,0,0.107003,0.107004,0,0.00763028,0,0,0,4.10191,0.0434049,0.570703,0.7,2.10824,-3.2513,7.166,0,0.61183,0.00561294,0.00556896
634,door_2,2150,0,0.0545734,0.0545735,0,0.016256,0,0,0,6.19596,0.0678518,0.68133,0.882621,2,-4.74848,9.23925,-0.014924,0.0285111,0.00519601,0.00641743
634,door_1,1816,0,0.107003,0.107004,0,0.00763028,0,0,0,4.10191,0.0434049,0.570703,0.7,2.10824,-3.2513,7.166,0,0.61185,0.00561293,0.00556896
635,door_2,2150,0,0.0545734,0.0545735,0,0.016256,0,0,0,6.19596,0.0678518,0.68133,0.882621,2,-4.74848,9.23925,-0.014924,0.0285111,0.00519601,0.00641736
635,door_1,1816,0,0.107003,0.107004,0,0.00763028,0,0,0,4.10191,0.0434049,0.570703,0.7,2.10824,-3.2513,7.166,0,0.611871,0.00561292,0.00556895
636,door_2,2150,0,0.0545734,0.0545735,0,0.016256,0,0,0,6.19596,0.0678518,0.68133,0.882621,2,-4.74848,9.23925,-0.014924,0.0285111,0.00519601,0.00641729
636,door_1,1816,0,0.107003,0.107004,0,0.00763028,0,0,0,4.10191,0.0434049,0.570703,0.7,2.10824,-3.2513,7.166,0,0.611891,0.00561291,0.00556894
637,door_2,2150,0,0.0545734,0.0545735,0,0.016256,0,0,0,6.19596,0.0678518,0.68133,0.882621,2,-4.74848,9.23925,-0.014924,0.0285111,0.005196,0.00641722
637,door_1,1816,0,0.107003,0.107004,0,0.00763028,0,0,0,4.10191,0.0434049,0.570703,0.7,2.10824,-3.2513,7.166,0,0.611911,0.0056129,0.00556893
638,door_2,2150,0,0.0545734,0.0545735,0,0.016256,0,0,0,6.19596,0.0678518,0.68133,0.882621,2,-4.74848,9.23925,-0.014924,0.0285111,0.005196,0.00641715
638,door_1,1816,0,0.107003,0.107004,0,0.00763028,0,0,0,4.10191,0.0434049,0.570703,0.7,2.10824,-3.2513,7.166,0,0.611932,0.00561289,0.00556893
639,door_2,2150,0,0.0545734,0.0545735,0,0.016256,0,0,0,6.19596,0.0678518,0.68133,0.882621,2,-4.74848,9.23925,-0.014924,0.0285111,0.005196,0.00641708
639,door_1,1816,0,0.107003,0.107004,0,0.00763028,0,0,0,4.10191,0.0434049,0.570703,0.7,2.10824,-3.2513,7.166,0,0.611952,0.00561288,0.00556892
640,door_2,2150,0,0.0545734,0.0545735,0,0.016256,0,0,0,6.19596,0.0678518,0.68133,0.882621,2,-4.74848,9.23925,-0.014924,0.0285111,0.005196,0.00641701
640,door_1,1816,0,0.107003,0.107004,0,0.00763028,0,0,0,4.10191,0.0434049,0.570703,0.7,2.10824,-3.2513,7.166,0,0.611973,0.00561288,0.00556891
641,door_2,2150,0,0.0545734,0.0545735,0,0.016256,0,0,0,6.19596,0.0678518,0.68133,0.882621,2,-4.74848,9.23925,-0.014924,0.0285111,0.00519599,0.00641694
641,door_1,1816,0,0.107003,0.107004,0,0.00763028,0,0,0,4.10191,0.0434049,0.570703,0.7,2.10824,-3.2513,7.166,0,0.611993,0.00561287,0.00556891
642,door_2,2150,0,0.0545734,0.0545735,0,0.016256,0,0,0,6.19596,0.0678518,0.68133,0.882621,2,-4.74848,9.23925,-0.014924,0.0285111,0.00519599,0.00641687
642,door_1,1816,0,0.107003,0.107004,0,0.00763028,0,0,0,4.10191,0.0434049,0.570703,0.7,2.10824,-3.2513,7.166,0,0.612014,0.00561286,0.0055689
643,door_2,2150,0,0.0545734,0.0545735,0,0.016256,0,0,0,6.19596,0.0678518,0.68133,0.882621,2,-4.74848,9.23925,-0.014924,0.0285111,0.00519599,0.00641681
643,door_1,1816,0,0.107003,0.107004,0,0.00763028,0,0,0,4.10191,0.0434049,0.570703,0.7,2.10824,-3.2513,7.166,0,0.612034,0.00561285,0.00556889
644,door_2,2150,0,0.0545734,0.0545735,0,0.016256,0,0,0,6.19596,0.0678518,0.68133,0.882621,2,-4.74848,9.23925,-0.014924,0.0285111,0.00519599,0.00641674
644,door_1,1816,0,0.107003,0.107004,0,0.00763028,0,0,0,4.10191,0.0434049,0.570703,0.7,2.10824,-3.2513,7.166,0,0.612054,0.00561284,0.00556889
645,door_2,2150,0,0.0545734,0.0545735,0,0.016256,0,0,0,6.19596,0.0678518,0.68133,0.882621,2,-4.74848,9.23925,-0.014924,0.0285111,0.00519598,0.00641668
645,door_1,1816,0,0.107003,0.107004,0,0.00763028,0,0,0,4.10191,0.0434049,0.570703,0.7,2.10824,-3.2513,7.166,0,0.612075,0.00561283,0.00556888
646,door_2,2150,0,0.0545734,0.0545735,0,0.016256,0,0,0,6.19596,0.0678518,0.68133,0.882621,2,-4.74848,9.23925,-0.014924,0.0285111,0.00519598,0.00641661
646,door_1,1816,0,0.107003,0.107004,0,0.00763028,0,0,0,4.10191,0.0434049,0.570703,0.7,2.10824,-3.2513,7.166,0,0.612095,0.00561282,0.00556887
647,door_2,2150,0,0.0545734,0.0545735,0,0.016256,0,0,0,6.19596,0.0678518,0.68133,0.882621,2,-4.74848,9.23925,-0.014924,0.0285111,0.00519598,0.00641655
647,door_1,1816,0,0.107003,0.107004,0,0.00763028,0,0,0,4.10191,0.0434049,0.570703,0.7,2.10824,-3.2513,7.166,0,0.612116,0.00561282,0.00556887
648,door_2,2150,0,0.0545734,0.0545735,0,0.016256,0,0,0,6.19596,0.0678518,0.68133,0.882621,2,-4.74848,9.23925,-0.014924,0.0285111,0.00519598,0.00641649
648,door_1,1816,0,0.107003,0.107004,0,0.00763028,0,0,0,4.10191,0.0434049,0.570703,0.7,2.10824,-3.2513,7.166,0,0.612136,0.00561281,0.00556886
649,door_2,2150,0,0.0545734,0.0545735,0,0.016256,0,0,0,6.19596,0.0678518,0.68133,0.882621,2,-4.74848,9.23925,-0.014924,0.0285111,0.00519598,0.00641643
649,door_1,1816,0,0.107003,0.107004,0,0.00763028,0,0,0,4.10191,0.0434049,0.570703,0.7,2.10824,-3.2513,7.166,0,0.612157,0.0056128,0.00556885
650,door_2,2150,0,0.0545734,0.0545735,0,0.016256,0,0,0,6.19596,0.0678518,0.68133,0.882621,2,-4.74848,9.23925,-0.014924,0.0285111,0.00519597,0.00641637
650,door_1,1816,0,0.107003,0.107004,0,0.00763028,0,0,0,4.10191,0.0434049,0.570703,0.7,2.10824,-3.2513,7.166,0,0.612177,0.00561279,0.00556885
651,door_2,2150,0,0.0545734,0.0545735,0,0.016256,0,0,0,6.19596,0.0678518,0.68133,0.882621,2,-4.74848,9.23925,-0.014924,0.0285111,0.00519597,0.00641631
651,door_1,1816,0,0.107003,0.107004,0,0.00763028,0,0,0,4.10191,0.0434049,0.570703,0.7,2.10824,-3.2513,7.166,0,0.612197,0.00561278,0.00556884
652,door_2,2150,0,0.0545734,0.0545735,0,0.016256,0,0,0,6.19596,0.0678518,0.68133,0.882621,2,-4.74848,9.23925,-0.014924,0.0285111,0.00519597,0.00641625
652,door_1,1816,0,0.107003,0.107004,0,0.00763028,0,0,0,4.10191,0.0434049,0.570703,0.7,2.10824,-3.2513,7.166,0,0.612218,0.00561278,0.00556884
653,door_2,2150,0,0.0545734,0.0545735,0,0.016256,0,0,0,6.19596,0.0678518,0.68133,0.882621,2,-4.74848,9.23925,-0.014924,0.0285111,0.00519597,0.00641619
653,door_1,1816,0,0.107003,0.107004,0,0.00763028,0,0,0,4.10191,0.0434049,0.570703,0.7,2.10824,-3.2513,7.166,0,0.612238,0.00561277,0.00556883
654,door_2,2150,0,0.0545734,0.0545735,0,0.016256,0,0,0,6.19596,0.0678518,0.68133,0.882621,2,-4.74848,9.23925,-0.014924,0.0285111,0.00519597,0.00641613
654,door_1,1816,0,0.107003,0.107004,0,0.00763028,0,0,0,4.10191,0.0434049,0.570703,0.7,2.10824,-3.2513,7.166,0,0.612259,0.00561276,0.00556882
655,door_2,2150,0,0.0545734,0.0545735,0,0.016256,0,0,0,6.19596,0.0678518,0.68133,0.882621,2,-4.74848,9.23925,-0.014924,0.0285111,0.00519596,0.00641608
655,door_1,1816,0,0.107003,0.107004,0,0.00763028,0,0,0,4.10191,0.0434049,0.570703,0.7,2.10824,-3.2513,7.166,0,0.612279,0.00561276,0.00556882
656,door_2,2150,0,0.0545734,0.0545735,0,0.016256,0,0,0,6.19596,0.0678518,0.68133,0.882621,2,-4.74848,9.23925,-0.014924,0.0285111,0.00519596,0.00641602
656,door_1,1816,0,0.107003,0.107004,0,0.00763028,0,0,0,4.10191,0.0434049,0.570703,0.7,2.10824,-3.2513,7.166,0,0.6123,0.00561275,0.00556881
657,door_2,2150,0,0.0545734,0.0545735,0,0.016256,0,0,0,6.19596,0.0678518,0.68133,0.882621,2,-4.74848,9.23925,-0.014924,0.0285111,0.00519596,0.00641597
657,door_1,1816,0,0.107003,0.107004,0,0.00763028,0,0,0,4.10191,0.0434049,0.570703,0.7,2.10824,-3.2513,7.166,0,0.61232,0.00561274,0.00556881
658,door_2,2150,0,0.0545734,0.0545735,0,0.016256,0,0,0,6.19596,0.0678518,0.68133,0.882621,2,-4.74848,9.23925,-0.014924,0.0285111,0.00519596,0.00641591
658,door_1,1816,0,0.107003,0.107004,0,0.00763028,0,0,0,4.10191,0.0434049,0.570703,0.7,2.10824,-3.2513,7.166,0,0.61234,0.00561274,0.0055688
659,door_2,2150,0,0.0545734,0.0545735,0,0.016256,0,0,0,6.19596,0.0678518,0.68133,0.882621,2,-4.74848,9.23925,-0.014924,0.0285111,0.00519596,0.00641586
659,door_1,1816,0,0.107003,0.107004,0,0.00763028,0,0,0,4.10191,0.0434049,0.570703,0.7,2.10824,-3.2513,7.166,0,0.612361,0.00561273,0.0055688
660,door_2,2150,0,0.0545734,0.0545735,0,0.016256,0,0,0,6.19596,0.0678518,0.68133,0.882621,2,-4.74848,9.23925,-0.014924,0.0285111,0.00519596,0.0064158
660,door_1,1816,0,0.107003,0.107004,0,0.00763028,0,0,0,4.10191,0.0434049,0.570703,0.7,2.10824,-3.2513,7.166,0,0.612381,0.00561272,0.00556879
661,door_2,2150,0,0.0545734,0.0545735,0,0.016256,0,0,0,6.19596,0.0678518,0.68133,0.882621,2,-4.74848,9.23925,-0.014924,0.0285111,0.00519595,0.00641575
661,door_1,1816,0,0.107003,0.107004,0,0.00763028,0,0,0,4.10191,0.0434049,0.570703,0.7,2.10824,-3.2513,7.166,0,0.612402,0.00561271,0.00556879
662,door_2,2150,0,0.0545734,0.0545735,0,0.016256,0,0,0,6.19596,0.0678518,0.68133,0.882621,2,-4.74848,9.23925,-0.014924,0.0285111,0.00519595,0.0064157
662,door_1,1816,0,0.107003,0.107004,0,0.00763028,0,0,0,4.10191,0.0434049,0.570703,0.7,2.10824,-3.2513,7.166,0,0.612422,0.00561271,0.00556878
663,door_2,2150,0,0.0545734,0.0545735,0,0.016256,0,0,0,6.19596,0.0678518,0.68133,0.882621,2,-4.74848,9.23925,-0.014924,0.0285111,0.00519595,0.00641565
663,door_1,1816,0,0.107003,0.107004,0,0.00763028,0,0,0,4.10191,0.0434049,0.570703,0.7,2.10824,-3.2513,7.166,0,0.612442,0.0056127,0.00556878
664,door_2,2150,0,0.0545734,0.0545735,0,0.016256,0,0,0,6.19596,0.0678518,0.68133,0.882621,2,-4.74848,9.23925,-0.014924,0.0285111,0.00519595,0.00641559
664,door_1,1816,0,0.107003,0.107004,0,0.00763028,0,0,0,4.10191,0.0434049,0.570703,0.7,2.10824,-3.2513,7.166,0,0.612463,0.0056127,0.00556877
665,door_2,2150,0,0.0545734,0.0545735,0,0.016256,0,0,0,6.19596,0.0678518,0.68133,0.882621,2,-4.74848,9.23925,-0.014924,0.0285111,0.00519595,0.00641555
665,door_1,1816,0,0.107003,0.107004,0,0.00763028,0,0,0,4.10191,0.0434049,0.570703,0.7,2.10824,-3.2513,7.166,0,0.612483,0.00561269,0.00556877
666,door_2,2150,0,0.0545734,0.0545735,0,0.016256,0,0,0,6.19596,0.0678518,0.68133,0.882621,2,-4.74848,9.23925,-0.014924,0.0285111,0.00519595,0.00641549
666,door_1,1816,0,0.107003,0.107004,0,0.00763028,0,0,0,4.10191,0.0434049,0.570703,0.7,2.10824,-3.2513,7.166,0,0.612504,0.00561268,0.00556876
668,door_2,2150,0,0.0545734,0.0545735,0,0.016256,0,0,0,6.19596,0.0678518,0.68133,0.882621,2,-4.74848,9.23925,-0.014924,0.0285111,0.00519594,0.00641544
668,door_1,1816,0,0.107003,0.107004,0,0.00763028,0,0,0,4.10191,0.0434049,0.570703,0.7,2.10824,-3.2513,7.166,0,0.612524,0.00561268,0.00556876
669,door_2,2150,0,0.0545734,0.0545735,0,0.016256,0,0,0,6.19596,0.0678518,0.68133,0.882621,2,-4.74848,9.23925,-0.014924,0.0285111,0.00519594,0.0064154
669,door_1,1816,0,0.107003,0.107004,0,0.00763028,0,0,0,4.10191,0.0434049,0.570703,0.7,2.10824,-3.2513,7.166,0,0.612544,0.00561267,0.00556875
670,door_2,2150,0,0.0545734,0.0545735,0,0.016256,0,0,0,6.19596,0.0678518,0.68133,0.882621,2,-4.74848,9.23925,-0.014924,0.0285111,0.00519594,0.00641535
670,door_1,1816,0,0.107003,0.107004,0,0.00763028,0,0,0,4.10191,0.0434049,0.570703,0.7,2.10824,-3.2513,7.166,0,0.612565,0.00561267,0.00556875
671,door_2,2150,0,0.0545734,0.0545735,0,0.016256,0,0,0,6.19596,0.0678518,0.68133,0.882621,2,-4.74848,9.23925,-0.014924,0.0285111,0.00519594,0.0064153
671,door_1,1816,0,0.107003,0.107004,0,0.00763028,0,0,0,4.10191,0.0434049,0.570703,0.7,2.10824,-3.2513,7.166,0,0.612585,0.00561266,0.00556875
672,door_2,2150,0,0.0545734,0.0545735,0,0.016256,0,0,0,6.19596,0.0678518,0.68133,0.882621,2,-4.74848,9.23925,-0.014924,0.0285111,0.00519594,0.00641525
672,door_1,1816,0,0.107003,0.107004,0,0.00763028,0,0,0,4.10191,0.0434049,0.570703,0.7,2.10824,-3.2513,7.166,0,0.612606,0.00561266,0.00556874
673,door_2,2150,0,0.0545734,0.0545735,0,0.016256,0,0,0,6.19596,0.0678518,0.68133,0.882621,2,-4.74848,9.23925,-0.014924,0.0285111,0.00519594,0.00641521
673,door_1,1816,0,0.107003,0.107004,0,0.00763028,0,0,0,4.10191,0.0434049,0.570703,0.7,2.10824,-3.2513,7.166,0,0.612626,0.00561265,0.00556874
674,door_2,2150,0,0.0545734,0.0545735,0,0.016256,0,0,0,6.19596,0.0678518,0.68133,0.882621,2,-4.74848,9.23925,-0.014924,0.0285111,0.00519594,0.00641516
674,door_1,1816,0,0.107003,0.107004,0,0.00763028,0,0,0,4.10191,0.0434049,0.570703,0.7,2.10824,-3.2513,7.166,0,0.612647,0.00561264,0.00556873
675,door_2,2150,0,0.0545734,0.0545735,0,0.016256,0,0,0,6.19596,0.0678518,0.68133,0.882621,2,-4.74848,9.23925,-0.014924,0.0285111,0.00519593,0.00641512
675,door_1,1816,0,0.107003,0.107004,0,0.00763028,0,0,0,4.10191,0.0434049,0.570703,0.7,2.10824,-3.2513,7.166,0,0.612667,0.00561264,0.00556873
676,door_2,2150,0,0.0545734,0.0545735,0,0.016256,0,0,0,6.19596,0.0678518,0.68133,0.882621,2,-4.74848,9.23925,-0.014924,0.0285111,0.00519593,0.00641507
676,door_1,1816,0,0.107003,0.107004,0,0.00763028,0,0,0,4.10191,0.0434049,0.570703,0.7,2.10824,-3.2513,7.166,0,0.612687,0.00561263,0.00556873
677,door_2,2150,0,0.0545734,0.0545735,0,0.016256,0,0,0,6.19596,0.0678518,0.68133,0.882621,2,-4.74848,9.23925,-0.014924,0.0285111,0.00519593,0.00641503
677,door_1,1816,0,0.107003,0.107004,0,0.00763028,0,0,0,4.10191,0.0434049,0.570703,0.7,2.10824,-3.2513,7.166,0,0.612708,0.00561263,0.00556872
678,door_2,2150,0,0.0545734,0.0545735,0,0.016256,0,0,0,6.19596,0.0678518,0.68133,0.882621,2,-4.74848,9.23925,-0.014924,0.0285111,0.00519593,0.00641498
678,door_1,1816,0,0.107003,0.107004,0,0.00763028,0,0,0,4.10191,0.0434049,0.570703,0.7,2.10824,-3.2513,7.166,0,0.612728,0.00561262,0.00556872
680,door_2,2150,0,0.0545734,0.0545735,0,0.016256,0,0,0,6.19596,0.0678518,0.68133,0.882621,2,-4.74848,9.23925,-0.014924,0.0285111,0.00519593,0.00641494
680,door_1,1816,0,0.107003,0.107004,0,0.00763028,0,0,0,4.10191,0.0434049,0.570703,0.7,2.10824,-3.2513,7.166,0,0.612749,0.00561262,0.00556871
681,door_2,2150,0,0.0545734,0.0545735,0,0.016256,0,0,0,6.19596,0.0678518,0.68133,0.882621,2,-4.74848,9.23925,-0.014924,0.0285111,0.00519593,0.0064149
681,door_1,1816,0,0.107003,0.107004,0,0.00763028,0,0,0,4.10191,0.0434049,0.570703,0.7,2.10824,-3.2513,7.166,0,0.612769,0.00561261,0.00556871
682,door_2,2150,0,0.0545734,0.0545735,0,0.016256,0,0,0,6.19596,0.0678518,0.68133,0.882621,2,-4.74848,9.23925,-0.014924,0.0285111,0.00519593,0.00641486
682,door_1,1816,0,0.107003,0.107004,0,0.00763028,0,0,0,4.10191,0.0434049,0.570703,0.7,2.10824,-3.2513,7.166,0,0.612789,0.00561261,0.00556871
683,door_2,2150,0,0.0545734,0.0545735,0,0.016256,0,0,0,6.19596,0.0678518,0.68133,0.882621,2,-4.74848,9.23925,-0.014924,0.0285111,0.00519592,0.00641481
683,door_1,1816,0,0.107003,0.107004,0,0.00763028,0,0,0,4.10191,0.0434049,0.570703,0.7,2.10824,-3.2513,7.166,0,0.61281,0.0056126,0.0055687
684,door_2,2150,0,0.0545734,0.0545735,0,0.016256,0,0,0,6.19596,0.0678518,0.68133,0.882621,2,-4.74848,9.23925,-0.014924,0.0285111,0.00519592,0.00641477
684,door_1,1816,0,0.107003,0.107004,0,0.00763028,0,0,0,4.10191,0.0434049,0.570703,0.7,2.10824,-3.2513,7.166,0,0.61283,0.0056126,0.0055687
685,door_2,2150,0,0.0545734,0.0545735,0,0.016256,0,0,0,6.19596,0.0678518,0.68133,0.882621,2,-4.74848,9.23925,-0.014924,0.0285111,0.00519592,0.00641473
685,door_1,1816,0,0.107003,0.107004,0,0.00763028,0,0,0,4.10191,0.0434049,0.570703,0.7,2.10824,-3.2513,7.166,0,0.612851,0.00561259,0.0055687
686,door_2,2150,0,0.0545734,0.0545735,0,0.016256,0,0,0,6.19596,0.0678518,0.68133,0.882621,2,-4.74848,9.23925,-0.014924,0.0285111,0.00519592,0.00641469
686,door_1,1816,0,0.107003,0.107004,0,0.00763028,0,0,0,4.10191,0.0434049,0.570703,0.7,2.10824,-3.2513,7.166,0,0.612871,0.00561259,0.00556869
687,door_2,2150,0,0.0545734,0.0545735,0,0.016256,0,0,0,6.19596,0.0678518,0.68133,0.882621,2,-4.74848,9.23925,-0.014924,0.0285111,0.00519592,0.00641465
687,door_1,1816,0,0.107003,0.107004,0,0.00763028,0,0,0,4.10191,0.0434049,0.570703,0.7,2.10824,-3.2513,7.166,0,0.612891,0.00561258,0.00556869
688,door_2,2150,0,0.0545734,0.0545735,0,0.016256,0,0,0,6.19596,0.0678518,0.68133,0.882621,2,-4.74848,9.23925,-0.014924,0.0285111,0.00519592,0.00641461
688,door_1,1816,0,0.107003,0.107004,0,0.00763028,0,0,0,4.10191,0.0434049,0.570703,0.7,2.10824,-3.2513,7.166,0,0.612912,0.00561258,0.00556869
689,door_2,2150,0,0.0545734,0.0545735,0,0.016256,0,0,0,6.19596,0.0678518,0.68133,0.882621,2,-4.74848,9.23925,-0.014924,0.0285111,0.00519592,0.00641457
689,door_1,1816,0,0.107003,0.107004,0,0.00763028,0,0,0,4.10191,0.0434049,0.570703,0.7,2.10824,-3.2513,7.166,0,0.612932,0.00561258,0.00556868
690,door_2,2150,0,0.0545734,0.0545735,0,0.016256,0,0,0,6.19596,0.0678518,0.68133,0.882621,2,-4.74848,9.23925,-0.014924,0.0285111,0.00519592,0.00641454
690,door_1,1816,0,0.107003,0.107004,0,0.00763028,0,0,0,4.10191,0.0434049,0.570703,0.7,2.10824,-3.2513,7.166,0,0.612953,0.00561257,0.00556868
691,door_2,2150,0,0.0545734,0.0545735,0,0.016256,0,0,0,6.19596,0.0678518,0.68133,0.882621,2,-4.74848,9.23925,-0.014924,0.0285111,0.00519592,0.0064145
691,door_1,1816,0,0.107003,0.107004,0,0.00763028,0,0,0,4.10191,0.0434049,0.570703,0.7,2.10824,-3.2513,7.166,0,0.612973,0.00561257,0.00556868
692,door_2,2150,0,0.0545734,0.0545735,0,0.016256,0,0,0,6.19596,0.0678518,0.68133,0.882621,2,-4.74848,9.23925,-0.014924,0.0285111,0.00519591,0.00641446
692,door_1,1816,0,0.107003,0.107004,0,0.00763028,0,0,0,4.10191,0.0434049,0.570703,0.7,2.10824,-3.2513,7.166,0,0.612993,0.00561256,0.00556867
693,door_2,2150,0,0.0545734,0.0545735,0,0.016256,0,0,0,6.19596,0.0678518,0.68133,0.882621,2,-4.74848,9.23925,-0.014924,0.0285111,0.00519591,0.00641442
693,door_1,1816,0,0.107003,0.107004,0,0.00763028,0,0,0,4.10191,0.0434049,0.570703,0.7,2.10824,-3.2513,7.166,0,0.613014,0.00561256,0.00556867
694,door_2,2150,0,0.0545734,0.0545735,0,0.016256,0,0,0,6.19596,0.0678518,0.68133,0.882621,2,-4.74848,9.23925,-0.014924,0.0285111,0.00519591,0.00641439
694,door_1,1816,0,0.107003,0.107004,0,0.00763028,0,0,0,4.10191,0.0434049,0.570703,0.7,2.10824,-3.2513,7.166,0,0.613034,0.00561255,0.00556867
695,door_2,2150,0,0.0545734,0.0545735,0,0.016256,0,0,0,6.19596,0.0678518,0.68133,0.882621,2,-4.74848,9.23925,-0.014924,0.0285111,0.00519591,0.00641435
695,door_1,1816,0,0.107003,0.107004,0,0.00763028,0,0,0,4.10191,0.0434049,0.570703,0.7,2.10824,-3.2513,7.166,0,0.613055,0.00561255,0.00556866
696,door_2,2150,0,0.0545734,0.0545735,0,0.016256,0,0,0,6.19596,0.0678518,0.68133,0.882621,2,-4.74848,9.23925,-0.014924,0.0285111,0.00519591,0.00641432
696,door_1,1816,0,0.107003,0.107004,0,0.00763028,0,0,0,4.10191,0.0434049,0.570703,0.7,2.10824,-3.2513,7.166,0,0.613075,0.00561255,0.00556866
697,door_2,2150,0,0.0545734,0.0545735,0,0.016256,0,0,0,6.19596,0.0678518,0.68133,0.882621,2,-4.74848,9.23925,-0.014924,0.0285111,0.00519591,0.00641428
697,door_1,1816,0,0.107003,0.107004,0,0.00763028,0,0,0,4.10191,0.0434049,0.570703,0.7,2.10824,-3.2513,7.166,0,0.613095,0.00561254,0.00556866
698,door_2,2150,0,0.0545734,0.0545735,0,0.016256,0,0,0,6.19596,0.0678518,0.68133,0.882621,2,-4.74848,9.23925,-0.014924,0.0285111,0.00519591,0.00641425
698,door_1,1816,0,0.107003,0.107004,0,0.00763028,0,0,0,4.10191,0.0434049,0.570703,0.7,2.10824,-3.2513,7.166,0,0.613116,0.00561254,0.00556866
699,door_2,2150,0,0.0545734,0.0545735,0,0.016256,0,0,0,6.19596,0.0678518,0.68133,0.882621,2,-4.74848,9.23925,-0.014924,0.0285111,0.00519591,0.00641421
699,door_1,1816,0,0.107003,0.107004,0,0.00763028,0,0,0,4.10191,0.0434049,0.570703,0.7,2.10824,-3.2513,7.166,0,0.613136,0.00561254,0.00556865
700,door_2,2150,0,0.0545734,0.0545735,0,0.016256,0,0,0,6.19596,0.0678518,0.68133,0.882621,2,-4.74848,9.23925,-0.014924,0.0285111,0.00519591,0.00641418
700,door_1,1816,0,0.107003,0.107004,0,0.00763028,0,0,0,4.10191,0.0434049,0.570703,0.7,2.10824,-3.2513,7.166,0,0.613157,0.00561253,0.00556865
702,door_2,2150,0,0.0545734,0.0545735,0,0.016256,0,0,0,6.19596,0.0678518,0.68133,0.882621,2,-4.74848,9.23925,-0.014924,0.0285111,0.00519591,0.00641415
702,door_1,1816,0,0.107003,0.107004,0,0.00763028,0,0,0,4.10191,0.0434049,0.570703,0.7,2.10824,-3.2513,7.166,0,0.613177,0.00561253,0.00556865
703,door_2,2150,0,0.0545734,0.0545735,0,0.016256,0,0,0,6.19596,0.0678518,0.68133,0.882621,2,-4.74848,9.23925,-0.014924,0.0285111,0.00519591,0.00641411
703,door_1,1816,0,0.107003,0.107004,0,0.00763028,0,0,0,4.10191,0.0434049,0.570703,0.7,2.10824,-3.2513,7.166,0,0.613197,0.00561252,0.00556864
704,door_2,2150,0,0.0545734,0.0545735,0,0.016256,0,0,0,6.19596,0.0678518,0.68133,0.882621,2,-4.74848,9.23925,-0.014924,0.0285111,0.0051959,0.00641408
704,door_1,1816,0,0.107003,0.107004,0,0.00763028,0,0,0,4.10191,0.0434049,0.570703,0.7,2.10824,-3.2513,7.166,0,0.613218,0.00561252,0.00556864
705,door_2,2150,0,0.0545734,0.0545735,0,0.016256,0,0,0,6.19596,0.0678518,0.68133,0.882621,2,-4.74848,9.23925,-0.014924,0.0285111,0.0051959,0.00641405
705,door_1,1816,0,0.107003,0.107004,0,0.00763028,0,0,0,4.10191,0.0434049,0.570703,0.7,2.10824,-3.2513,7.166,0,0.613238,0.00561252,0.00556864
706,door_2,2150,0,0.0545734,0.0545735,0,0.016256,0,0,0,6.19596,0.0678518,0.68133,0.882621,2,-4.74848,9.23925,-0.014924,0.0285111,0.0051959,0.00641402
706,door_1,1816,0,0.107003,0.107004,0,0.00763028,0,0,0,4.10191,0.0434049,0.570703,0.7,2.10824,-3.2513,7.166,0,0.613258,0.00561251,0.00556864
707,door_2,2150,0,0.0545734,0.0545735,0,0.016256,0,0,0,6.19596,0.0678518,0.68133,0.882621,2,-4.74848,9.23925,-0.014924,0.0285111,0.0051959,0.00641399
707,door_1,1816,0,0.107003,0.107004,0,0.00763028,0,0,0,4.10191,0.0434049,0.570703,0.7,2.10824,-3.2513,7.166,0,0.613279,0.00561251,0.00556863
708,door_2,2150,0,0.0545734,0.0545735,0,0.016256,0,0,0,6.19596,0.0678518,0.68133,0.882621,2,-4.74848,9.23925,-0.014924,0.0285111,0.0051959,0.00641395
708,door_1,1816,0,0.107003,0.107004,0,0.00763028,0,0,0,4.10191,0.0434049,0.570703,0.7,2.10824,-3.2513,7.166,0,0.613299,0.00561251,0.00556863
709,door_2,2150,0,0.0545734,0.0545735,0,0.016256,0,0,0,6.19596,0.0678518,0.68133,0.882621,2,-4.74848,9.23925,-0.014924,0.0285111,0.0051959,0.00641392
709,door_1,1816,0,0.107003,0.107004,0,0.00763028,0,0,0,4.10191,0.0434049,0.570703,0.7,2.10824,-3.2513,7.166,0,0.61332,0.0056125,0.00556863
710,door_2,2150,0,0.0545734,0.0545735,0,0.016256,0,0,0,6.19596,0.0678518,0.68133,0.882621,2,-4.74848,9.23925,-0.014924,0.0285111,0.0051959,0.00641389
710,door_1,1816,0,0.107003,0.107004,0,0.00763028,0,0,0,4.10191,0.0434049,0.570703,0.7,2.10824,-3.2513,7.166,0,0.61334,0.0056125,0.00556862
711,door_2,2150,0,0.0545734,0.0545735,0,0.016256,0,0,0,6.19596,0.0678518,0.68133,0.882621,2,-4.74848,9.23925,-0.014924,0.0285111,0.0051959,0.00641386
711,door_1,1816,0,0.107003,0.107004,0,0.00763028,0,0,0,4.10191,0.0434049,0.570703,0.7,2.10824,-3.2513,7.166,0,0.61336,0.0056125,0.00556862
713,door_2,2150,0,0.0545734,0.0545735,0,0.016256,0,0,0,6.19596,0.0678518,0.68133,0.882621,2,-4.74848,9.23925,-0.014924,0.0285111,0.0051959,0.00641384
713,door_1,1816,0,0.107003,0.107004,0,0.00763028,0,0,0,4.10191,0.0434049,0.570703,0.7,2.10824,-3.2513,7.166,0,0.613381,0.00561249,0.00556862
714,door_2,2150,0,0.0545734,0.0545735,0,0.016256,0,0,0,6.19596,0.0678518,0.68133,0.882621,2,-4.74848,9.23925,-0.014924,0.0285111,0.0051959,0.00641381
714,door_1,1816,0,0.107003,0.107004,0,0.00763028,0,0,0,4.10191,0.0434049,0.570703,0.7,2.10824,-3.2513,7.166,0,0.613401,0.00561249,0.00556862
715,door_2,2150,0,0.0545734,0.0545735,0,0.016256,0,0,0,6.19596,0.0678518,0.68133,0.882621,2,-4.74848,9.23925,-0.014924,0.0285111,0.0051959,0.00641378
715,door_1,1816,0,0.107003,0.107004,0,0.00763028,0,0,0,4.10191,0.0434049,0.570703,0.7,2.10824,-3.2513,7.166,0,0.613421,0.00561249,0.00556862
716,door_2,2150,0,0.0545734,0.0545735,0,0.016256,0,0,0,6.19596,0.0678518,0.68133,0.882621,2,-4.74848,9.23925,-0.014924,0.0285111,0.0051959,0.00641375
716,door_1,1816,0,0.107003,0.107004,0,0.00763028,0,0,0,4.10191,0.0434049,0.570703,0.7,2.10824,-3.2513,7.166,0,0.613442,0.00561249,0.00556861
717,door_2,2150,0,0.0545734,0.0545735,0,0.016256,0,0,0,6.19596,0.0678518,0.68133,0.882621,2,-4.74848,9.23925,-0.014924,0.0285111,0.0051959,0.00641372
717,door_1,1816,0,0.107003,0.107004,0,0.00763028,0,0,0,4.10191,0.0434049,0.570703,0.7,2.10824,-3.2513,7.166,0,0.613462,0.00561248,0.00556861
718,door_2,2150,0,0.0545734,0.0545735,0,0.016256,0,0,0,6.19596,0.0678518,0.68133,0.882621,2,-4.74848,9.23925,-0.014924,0.0285111,0.0051959,0.00641369
718,door_1,1816,0,0.107003,0.107004,0,0.00763028,0,0,0,4.10191,0.0434049,0.570703,0.7,2.10824,-3.2513,7.166,0,0.613483,0.00561248,0.00556861
719,door_2,2150,0,0.0545734,0.0545735,0,0.016256,0,0,0,6.19596,0.0678518,0.68133,0.882621,2,-4.74848,9.23925,-0.014924,0.0285111,0.00519589,0.00641366
719,door_1,1816,0,0.107003,0.107004,0,0.00763028,0,0,0,4.10191,0.0434049,0.570703,0.7,2.10824,-3.2513,7.166,0,0.613503,0.00561248,0.00556861
720,door_2,2150,0,0.0545734,0.0545735,0,0.016256,0,0,0,6.19596,0.0678518,0.68133,0.882621,2,-4.74848,9.23925,-0.014924,0.0285111,0.00519589,0.00641364
720,door_1,1816,0,0.107003,0.107004,0,0.00763028,0,0,0,4.10191,0.0434049,0.570703,0.7,2.10824,-3.2513,7.166,0,0.613523,0.00561247,0.0055686
721,door_2,2150,0,0.0545734,0.0545735,0,0.016256,0,0,0,6.19596,0.0678518,0.68133,0.882621,2,-4.74848,9.23925,-0.014924,0.0285111,0.00519589,0.00641361
721,door_1,1816,0,0.107003,0.107004,0,0.00763028,0,0,0,4.10191,0.0434049,0.570703,0.7,2.10824,-3.2513,7.166,0,0.613544,0.00561247,0.0055686
722,door_2,2150,0,0.0545734,0.0545735,0,0.016256,0,0,0,6.19596,0.0678518,0.68133,0.882621,2,-4.74848,9.23925,-0.014924,0.0285111,0.00519589,0.00641358
722,door_1,1816,0,0.107003,0.107004,0,0.00763028,0,0,0,4.10191,0.0434049,0.570703,0.7,2.10824,-3.2513,7.166,0,0.613564,0.00561247,0.0055686
723,door_2,2150,0,0.0545734,0.0545735,0,0.016256,0,0,0,6.19596,0.0678518,0.68133,0.882621,2,-4.74848,9.23925,-0.014924,0.0285111,0.00519589,0.00641356
723,door_1,1816,0,0.107003,0.107004,0,0.00763028,0,0,0,4.10191,0.0434049,0.570703,0.7,2.10824,-3.2513,7.166,0,0.613584,0.00561247,0.0055686
724,door_2,2150,0,0.0545734,0.0545735,0,0.016256,0,0,0,6.19596,0.0678518,0.68133,0.882621,2,-4.74848,9.23925,-0.014924,0.0285111,0.00519589,0.00641353
724,door_1,1816,0,0.107003,0.107004,0,0.00763028,0,0,0,4.10191,0.0434049,0.570703,0.7,2.10824,-3.2513,7.166,0,0.613605,0.00561246,0.0055686
725,door_2,2150,0,0.0545734,0.0545735,0,0.016256,0,0,0,6.19596,0.0678518,0.68133,0.882621,2,-4.74848,9.23925,-0.014924,0.0285111,0.00519589,0.0064135
725,door_1,1816,0,0.107003,0.107004,0,0.00763028,0,0,0,4.10191,0.0434049,0.570703,0.7,2.10824,-3.2513,7.166,0,0.613625,0.00561246,0.00556859
726,door_2,2150,0,0.0545734,0.0545735,0,0.016256,0,0,0,6.19596,0.0678518,0.68133,0.882621,2,-4.74848,9.23925,-0.014924,0.0285111,0.00519589,0.00641348
726,door_1,1816,0,0.107003,0.107004,0,0.00763028,0,0,0,4.10191,0.0434049,0.570703,0.7,2.10824,-3.2513,7.166,0,0.613645,0.00561246,0.00556859
727,door_2,2150,0,0.0545734,0.0545735,0,0.016256,0,0,0,6.19596,0.0678518,0.68133,0.882621,2,-4.74848,9.23925,-0.014924,0.0285111,0.00519589,0.00641345
727,door_1,1816,0,0.107003,0.107004,0,0.00763028,0,0,0,4.10191,0.0434049,0.570703,0.7,2.10824,-3.2513,7.166,0,0.613666,0.00561246,0.00556859
728,door_2,2150,0,0.0545734,0.0545735,0,0.016256,0,0,0,6.19596,0.0678518,0.68133,0.882621,2,-4.74848,9.23925,-0.014924,0.0285111,0.00519589,0.00641343
728,door_1,1816,0,0.107003,0.107004,0,0.00763028,0,0,0,4.10191,0.0434049,0.570703,0.7,2.10824,-3.2513,7.166,0,0.613686,0.00561245,0.00556859
729,door_2,2150,0,0.0545734,0.0545735,0,0.016256,0,0,0,6.19596,0.0678518,0.68133,0.882621,2,-4.74848,9.23925,-0.014924,0.0285111,0.00519589,0.00641341
729,door_1,1816,0,0.107003,0.107004,0,0.00763028,0,0,0,4.10191,0.0434049,0.570703,0.7,2.10824,-3.2513,7.166,0,0.613707,0.00561245,0.00556859
731,door_2,2150,0,0.0545734,0.0545735,0,0.016256,0,0,0,6.19596,0.0678518,0.68133,0.882621,2,-4.74848,9.23925,-0.014924,0.0285111,0.00519589,0.00641338
731,door_1,1816,0,0.107003,0.107004,0,0.00763028,0,0,0,4.10191,0.0434049,0.570703,0.7,2.10824,-3.2513,7.166,0,0.613727,0.00561245,0.00556858
732,door_2,2150,0,0.0545734,0.0545735,0,0.016256,0,0,0,6.19596,0.0678518,0.68133,0.882621,2,-4.74848,9.23925,-0.014924,0.0285111,0.00519589,0.00641336
732,door_1,1816,0,0.107003,0.107004,0,0.00763028,0,0,0,4.10191,0.0434049,0.570703,0.7,2.10824,-3.2513,7.166,0,0.613747,0.00561245,0.00556858
733,door_2,2150,0,0.0545734,0.0545735,0,0.016256,0,0,0,6.19596,0.0678518,0.68133,0.882621,2,-4.74848,9.23925,-0.014924,0.0285111,0.00519588,0.00641333
733,door_1,1816,0,0.107003,0.107004,0,0.00763028,0,0,0,4.10191,0.0434049,0.570703,0.7,2.10824,-3.2513,7.166,0,0.613768,0.00561244,0.00556858
734,door_2,2150,0,0.0545734,0.0545735,0,0.016256,0,0,0,6.19596,0.0678518,0.68133,0.882621,2,-4.74848,9.23925,-0.014924,0.0285111,0.00519588,0.00641331
734,door_1,1816,0,0.107003,0.107004,0,0.00763028,0,0,0,4.10191,0.0434049,0.570703,0.7,2.10824,-3.2513,7.166,0,0.613788,0.00561244,0.00556858
735,door_2,2150,0,0.0545734,0.0545735,0,0.016256,0,0,0,6.19596,0.0678518,0.68133,0.882621,2,-4.74848,9.23925,-0.014924,0.0285111,0.00519588,0.00641329
735,door_1,1816,0,0.107003,0.107004,0,0.00763028,0,0,0,4.10191,0.0434049,0.570703,0.7,2.10824,-3.2513,7.166,0,0.613808,0.00561244,0.00556858
736,door_2,2150,0,0.0545734,0.0545735,0,0.016256,0,0,0,6.19596,0.0678518,0.68133,0.882621,2,-4.74848,9.23925,-0.014924,0.0285111,0.00519588,0.00641327
736,door_1,1816,0,0.107003,0.107004,0,0.00763028,0,0,0,4.10191,0.0434049,0.570703,0.7,2.10824,-3.2513,7.166,0,0.613829,0.00561244,0.00556858
737,door_2,2150,0,0.0545734,0.0545735,0,0.016256,0,0,0,6.19596,0.0678518,0.68133,0.882621,2,-4.74848,9.23925,-0.014924,0.0285111,0.00519588,0.00641324
737,door_1,1816,0,0.107003,0.107004,0,0.00763028,0,0,0,4.10191,0.0434049,0.570703,0.7,2.10824,-3.2513,7.166,0,0.613849,0.00561244,0.00556857
738,door_2,2150,0,0.0545734,0.0545735,0,0.016256,0,0,0,6.19596,0.0678518,0.68133,0.882621,2,-4.74848,9.23925,-0.014924,0.0285111,0.00519588,0.00641322
738,door_1,1816,0,0.107003,0.107004,0,0.00763028,0,0,0,4.10191,0.0434049,0.570703,0.7,2.10824,-3.2513,7.166,0,0.61387,0.00561243,0.00556857
739,door_2,2150,0,0.0545734,0.0545735,0,0.016256,0,0,0,6.19596,0.0678518,0.68133,0.882621,2,-4.74848,9.23925,-0.014924,0.0285111,0.00519588,0.0064132
739,door_1,1816,0,0.107003,0.107004,0,0.00763028,0,0,0,4.10191,0.0434049,0.570703,0.7,2.10824,-3.2513,7.166,0,0.61389,0.00561243,0.00556857
740,door_2,2150,0,0.0545734,0.0545735,0,0.016256,0,0,0,6.19596,0.0678518,0.68133,0.882621,2,-4.74848,9.23925,-0.014924,0.0285111,0.00519588,0.00641318
740,door_1,1816,0,0.107003,0.107004,0,0.00763028,0,0,0,4.10191,0.0434049,0.570703,0.7,2.10824,-3.2513,7.166,0,0.61391,0.00561243,0.00556857
741,door_2,2150,0,0.0545734,0.0545735,0,0.016256,0,0,0,6.19596,0.0678518,0.68133,0.882621,2,-4.74848,9.23925,-0.014924,0.0285111,0.00519588,0.00641315
741,door_1,1816,0,0.107003,0.107004,0,0.00763028,0,0,0,4.10191,0.0434049,0.570703,0.7,2.10824,-3.2513,7.166,0,0.613931,0.00561243,0.00556857
742,door_2,2150,0,0.0545734,0.0545735,0,0.016256,0,0,0,6.19596,0.0678518,0.68133,0.882621,2,-4.74848,9.23925,-0.014924,0.0285111,0.00519588,0.00641313
742,door_1,1816,0,0.107003,0.107004,0,0.00763028,0,0,0,4.10191,0.0434049,0.570703,0.7,2.10824,-3.2513,7.166,0,0.613951,0.00561243,0.00556857
743,door_2,2150,0,0.0545734,0.0545735,0,0.016256,0,0,0,6.19596,0.0678518,0.68133,0.882621,2,-4.74848,9.23925,-0.014924,0.0285111,0.00519588,0.00641311
743,door_1,1816,0,0.107003,0.107004,0,0.00763028,0,0,0,4.10191,0.0434049,0.570703,0.7,2.10824,-3.2513,7.166,0,0.613971,0.00561242,0.00556857
744,door_2,2150,0,0.0545734,0.0545735,0,0.016256,0,0,0,6.19596,0.0678518,0.68133,0.882621,2,-4.74848,9.23925,-0.014924,0.0285111,0.00519588,0.00641309
744,door_1,1816,0,0.107003,0.107004,0,0.00763028,0,0,0,4.10191,0.0434049,0.570703,0.7,2.10824,-3.2513,7.166,0,0.613992,0.00561242,0.00556856
745,door_2,2150,0,0.0545734,0.0545735,0,0.016256,0,0,0,6.19596,0.0678518,0.68133,0.882621,2,-4.74848,9.23925,-0.014924,0.0285111,0.00519588,0.00641307
745,door_1,1816,0,0.107003,0.107004,0,0.00763028,0,0,0,4.10191,0.0434049,0.570703,0.7,2.10824,-3.2513,7.166,0,0.614012,0.00561242,0.00556856
746,door_2,2150,0,0.0545734,0.0545735,0,0.016256,0,0,0,6.19596,0.0678518,0.68133,0.882621,2,-4.74848,9.23925,-0.014924,0.0285111,0.00519588,0.00641305
746,door_1,1816,0,0.107003,0.107004,0,0.00763028,0,0,0,4.10191,0.0434049,0.570703,0.7,2.10824,-3.2513,7.166,0,0.614033,0.00561242,0.00556856
747,door_2,2150,0,0.0545734,0.0545735,0,0.016256,0,0,0,6.19596,0.0678518,0.68133,0.882621,2,-4.74848,9.23925,-0.014924,0.0285111,0.00519588,0.00641303
747,door_1,1816,0,0.107003,0.107004,0,0.00763028,0,0,0,4.10191,0.0434049,0.570703,0.7,2.10824,-3.2513,7.166,0,0.614053,0.00561242,0.00556856
748,door_2,2150,0,0.0545734,0.0545735,0,0.016256,0,0,0,6.19596,0.0678518,0.68133,0.882621,2,-4.74848,9.23925,-0.014924,0.0285111,0.00519588,0.00641301
748,door_1,1816,0,0.107003,0.107004,0,0.00763028,0,0,0,4.10191,0.0434049,0.570703,0.7,2.10824,-3.2513,7.166,0,0.614073,0.00561241,0.00556856
749,door_2,2150,0,0.0545734,0.0545735,0,0.016256,0,0,0,6.19596,0.0678518,0.68133,0.882621,2,-4.74848,9.23925,-0.014924,0.0285111,0.00519588,0.00641299
749,door_1,1816,0,0.107003,0.107004,0,0.00763028,0,0,0,4.10191,0.0434049,0.570703,0.7,2.10824,-3.2513,7.166,0,0.614094,0.00561241,0.00556856
750,door_2,2150,0,0.0545734,0.0545735,0,0.016256,0,0,0,6.19596,0.0678518,0.68133,0.882621,2,-4.74848,9.23925,-0.014924,0.0285111,0.00519588,0.00641297
750,door_1,1816,0,0.107003,0.107004,0,0.00763028,0,0,0,4.10191,0.0434049,0.570703,0.7,2.10824,-3.2513,7.166,0,0.614114,0.00561241,0.00556856
751,door_2,2150,0,0.0545734,0.0545735,0,0.016256,0,0,0,6.19596,0.0678518,0.68133,0.882621,2,-4.74848,9.23925,-0.014924,0.0285111,0.00519588,0.00641296
751,door_1,1816,0,0.107003,0.107004,0,0.00763028,0,0,0,4.10191,0.0434049,0.570703,0.7,2.10824,-3.2513,7.166,0,0.614134,0.00561241,0.00556855
752,door_2,2150,0,0.0545734,0.0545735,0,0.016256,0,0,0,6.19596,0.0678518,0.68133,0.882621,2,-4.74848,9.23925,-0.014924,0.0285111,0.00519588,0.00641294
752,door_1,1816,0,0.107003,0.107004,0,0.00763028,0,0,0,4.10191,0.0434049,0.570703,0.7,2.10824,-3.2513,7.166,0,0.614155,0.00561241,0.00556855
753,door_2,2150,0,0.0545734,0.0545735,0,0.016256,0,0,0,6.19596,0.0678518,0.68133,0.882621,2,-4.74848,9.23925,-0.014924,0.0285111,0.00519588,0.00641292
753,door_1,1816,0,0.107003,0.107004,0,0.00763028,0,0,0,4.10191,0.0434049,0.570703,0.7,2.10824,-3.2513,7.166,0,0.614175,0.00561241,0.00556855
754,door_2,2150,0,0.0545734,0.0545735,0,0.016256,0,0,0,6.19596,0.0678518,0.68133,0.882621,2,-4.74848,9.23925,-0.014924,0.0285111,0.00519588,0.0064129
754,door_1,1816,0,0.107003,0.107004,0,0.00763028,0,0,0,4.10191,0.0434049,0.570703,0.7,2.10824,-3.2513,7.166,0,0.614195,0.0056124,0.00556855
755,door_2,2150,0,0.0545734,0.0545735,0,0.016256,0,0,0,6.19596,0.0678518,0.68133,0.882621,2,-4.74848,9.23925,-0.014924,0.0285111,0.00519587,0.00641288
755,door_1,1816,0,0.107003,0.107004,0,0.00763028,0,0,0,4.10191,0.0434049,0.570703,0.7,2.10824,-3.2513,7.166,0,0.614216,0.0056124,0.00556855
757,door_2,2150,0,0.0545734,0.0545735,0,0.016256,0,0,0,6.19596,0.0678518,0.68133,0.882621,2,-4.74848,9.23925,-0.014924,0.0285111,0.00519587,0.00641287
757,door_1,1816,0,0.107003,0.107004,0,0.00763028,0,0,0,4.10191,0.0434049,0.570703,0.7,2.10824,-3.2513,7.166,0,0.614236,0.0056124,0.00556855
758,door_2,2150,0,0.0545734,0.0545735,0,0.016256,0,0,0,6.19596,0.0678518,0.68133,0.882621,2,-4.74848,9.23925,-0.014924,0.0285111,0.00519587,0.00641285
758,door_1,1816,0,0.107003,0.107004,0,0.00763028,0,0,0,4.10191,0.0434049,0.570703,0.7,2.10824,-3.2513,7.166,0,0.614256,0.0056124,0.00556855
759,door_2,2150,0,0.0545734,0.0545735,0,0.016256,0,0,0,6.19596,0.0678518,0.68133,0.882621,2,-4.74848,9.23925,-0.014924,0.0285111,0.00519587,0.00641283
759,door_1,1816,0,0.107003,0.107004,0,0.00763028,0,0,0,4.10191,0.0434049,0.570703,0.7,2.10824,-3.2513,7.166,0,0.614277,0.0056124,0.00556855
760,door_2,2150,0,0.0545734,0.0545735,0,0.016256,0,0,0,6.19596,0.0678518,0.68133,0.882621,2,-4.74848,9.23925,-0.014924,0.0285111,0.00519587,0.00641281
760,door_1,1816,0,0.107003,0.107004,0,0.00763028,0,0,0,4.10191,0.0434049,0.570703,0.7,2.10824,-3.2513,7.166,0,0.614297,0.0056124,0.00556854
762,door_2,2150,0,0.0545734,0.0545735,0,0.016256,0,0,0,6.19596,0.0678518,0.68133,0.882621,2,-4.74848,9.23925,-0.014924,0.0285111,0.00519587,0.0064128
762,door_1,1816,0,0.107003,0.107004,0,0.00763028,0,0,0,4.10191,0.0434049,0.570703,0.7,2.10824,-3.2513,7.166,0,0.614317,0.00561239,0.00556854
763,door_2,2150,0,0.0545734,0.0545735,0,0.016256,0,0,0,6.19596,0.0678518,0.68133,0.882621,2,-4.74848,9.23925,-0.014924,0.0285111,0.00519587,0.00641278
763,door_1,1816,0,0.107003,0.107004,0,0.00763028,0,0,0,4.10191,0.0434049,0.570703,0.7,2.10824,-3.2513,7.166,0,0.614338,0.00561239,0.00556854
764,door_2,2150,0,0.0545734,0.0545735,0,0.016256,0,0,0,6.19596,0.0678518,0.68133,0.882621,2,-4.74848,9.23925,-0.014924,0.0285111,0.00519587,0.00641276
764,door_1,1816,0,0.107003,0.107004,0,0.00763028,0,0,0,4.10191,0.0434049,0.570703,0.7,2.10824,-3.2513,7.166,0,0.614358,0.00561239,0.00556854
765,door_2,2150,0,0.0545734,0.0545735,0,0.016256,0,0,0,6.19596,0.0678518,0.68133,0.882621,2,-4.74848,9.23925,-0.014924,0.0285111,0.00519587,0.00641275
765,door_1,1816,0,0.107003,0.107004,0,0.00763028,0,0,0,4.10191,0.0434049,0.570703,0.7,2.10824,-3.2513,7.166,0,0.614379,0.00561239,0.00556854
766,door_2,2150,0,0.0545734,0.0545735,0,0.016256,0,0,0,6.19596,0.0678518,0.68133,0.882621,2,-4.74848,9.23925,-0.014924,0.0285111,0.00519587,0.00641273
766,door_1,1816,0,0.107003,0.107004,0,0.00763028,0,0,0,4.10191,0.0434049,0.570703,0.7,2.10824,-3.2513,7.166,0,0.614399,0.00561239,0.00556854
767,door_2,2150,0,0.0545734,0.0545735,0,0.016256,0,0,0,6.19596,0.0678518,0.68133,0.882621,2,-4.74848,9.23925,-0.014924,0.0285111,0.00519587,0.00641271
767,door_1,1816,0,0.107003,0.107004,0,0.00763028,0,0,0,4.10191,0.0434049,0.570703,0.7,2.10824,-3.2513,7.166,0,0.614419,0.00561239,0.00556854
768,door_2,2150,0,0.0545734,0.0545735,0,0.016256,0,0,0,6.19596,0.0678518,0.68133,0.882621,2,-4.74848,9.23925,-0.014924,0.0285111,0.00519587,0.0064127
768,door_1,1816,0,0.107003,0.107004,0,0.00763028,0,0,0,4.10191,0.0434049,0.570703,0.7,2.10824,-3.2513,7.166,0,0.61444,0.00561239,0.00556854
769,door_2,2150,0,0.0545734,0.0545735,0,0.016256,0,0,0,6.19596,0.0678518,0.68133,0.882621,2,-4.74848,9.23925,-0.014924,0.0285111,0.00519587,0.00641268
769,door_1,1816,0,0.107003,0.107004,0,0.00763028,0,0,0,4.10191,0.0434049,0.570703,0.7,2.10824,-3.2513,7.166,0,0.61446,0.00561238,0.00556854
770,door_2,2150,0,0.0545734,0.0545735,0,0.016256,0,0,0,6.19596,0.0678518,0.68133,0.882621,2,-4.74848,9.23925,-0.014924,0.0285111,0.00519587,0.00641267
770,door_1,1816,0,0.107003,0.107004,0,0.00763028,0,0,0,4.10191,0.0434049,0.570703,0.7,2.10824,-3.2513,7.166,0,0.61448,0.00561238,0.00556853
771,door_2,2150,0,0.0545734,0.0545735,0,0.016256,0,0,0,6.19596,0.0678518,0.68133,0.882621,2,-4.74848,9.23925,-0.014924,0.0285111,0.00519587,0.00641265
771,door_1,1816,0,0.107003,0.107004,0,0.00763028,0,0,0,4.10191,0.0434049,0.570703,0.7,2.10824,-3.2513,7.166,0,0.614501,0.00561238,0.00556853
772,door_2,2150,0,0.0545734,0.0545735,0,0.016256,0,0,0,6.19596,0.0678518,0.68133,0.882621,2,-4.74848,9.23925,-0.014924,0.0285111,0.00519587,0.00641264
772,door_1,1816,0,0.107003,0.107004,0,0.00763028,0,0,0,4.10191,0.0434049,0.570703,0.7,2.10824,-3.2513,7.166,0,0.614521,0.00561238,0.00556853
773,door_2,2150,0,0.0545734,0.0545735,0,0.016256,0,0,0,6.19596,0.0678518,0.68133,0.882621,2,-4.74848,9.23925,-0.014924,0.0285111,0.00519587,0.00641262
773,door_1,1816,0,0.107003,0.107004,0,0.00763028,0,0,0,4.10191,0.0434049,0.570703,0.7,2.10824,-3.2513,7.166,0,0.614541,0.00561238,0.00556853
774,door_2,2150,0,0.0545734,0.0545735,0,0.016256,0,0,0,6.19596,0.0678518,0.68133,0.882621,2,-4.74848,9.23925,-0.014924,0.0285111,0.00519587,0.00641261
774,door_1,1816,0,0.107003,0.107004,0,0.00763028,0,0,0,4.10191,0.0434049,0.570703,0.7,2.10824,-3.2513,7.166,0,0.614562,0.00561238,0.00556853
775,door_2,2150,0,0.0545734,0.0545735,0,0.016256,0,0,0,6.19596,0.0678518,0.68133,0.882621,2,-4.74848,9.23925,-0.014924,0.0285111,0.00519587,0.00641259
775,door_1,1816,0,0.107003,0.107004,0,0.00763028,0,0,0,4.10191,0.0434049,0.570703,0.7,2.10824,-3.2513,7.166,0,0.614582,0.00561238,0.00556853
776,door_2,2150,0,0.0545734,0.0545735,0,0.016256,0,0,0,6.19596,0.0678518,0.68133,0.882621,2,-4.74848,9.23925,-0.014924,0.0285111,0.00519587,0.00641258
776,door_1,1816,0,0.107003,0.107004,0,0.00763028,0,0,0,4.10191,0.0434049,0.570703,0.7,2.10824,-3.2513,7.166,0,0.614602,0.00561238,0.00556853
777,door_2,2150,0,0.0545734,0.0545735,0,0.016256,0,0,0,6.19596,0.0678518,0.68133,0.882621,2,-4.74848,9.23925,-0.014924,0.0285111,0.00519587,0.00641256
777,door_1,1816,0,0.107003,0.107004,0,0.00763028,0,0,0,4.10191,0.0434049,0.570703,0.7,2.10824,-3.2513,7.166,0,0.614623,0.00561237,0.00556853
778,door_2,2150,0,0.0545734,0.0545735,0,0.016256,0,0,0,6.19596,0.0678518,0.68133,0.882621,2,-4.74848,9.23925,-0.014924,0.0285111,0.00519587,0.00641255
778,door_1,1816,0,0.107003,0.107004,0,0.00763028,0,0,0,4.10191,0.0434049,0.570703,0.7,2.10824,-3.2513,7.166,0,0.614643,0.00561237,0.00556853
779,door_2,2150,0,0.0545734,0.0545735,0,0.016256,0,0,0,6.19596,0.0678518,0.68133,0.882621,2,-4.74848,9.23925,-0.014924,0.0285111,0.00519587,0.00641253
779,door_1,1816,0,0.107003,0.107004,0,0.00763028,0,0,0,4.10191,0.0434049,0.570703,0.7,2.10824,-3.2513,7.166,0,0.614663,0.00561237,0.00556853
780,door_2,2150,0,0.0545734,0.0545735,0,0.016256,0,0,0,6.19596,0.0678518,0.68133,0.882621,2,-4.74848,9.23925,-0.014924,0.0285111,0.00519587,0.00641252
780,door_1,1816,0,0.107003,0.107004,0,0.00763028,0,0,0,4.10191,0.0434049,0.570703,0.7,2.10824,-3.2513,7.166,0,0.614684,0.00561237,0.00556853
781,door_2,2150,0,0.0545734,0.0545735,0,0.016256,0,0,0,6.19596,0.0678518,0.68133,0.882621,2,-4.74848,9.23925,-0.014924,0.0285111,0.00519587,0.00641251
781,door_1,1816,0,0.107003,0.107004,0,0.00763028,0,0,0,4.10191,0.0434049,0.570703,0.7,2.10824,-3.2513,7.166,0,0.614704,0.00561237,0.00556852
782,door_2,2150,0,0.0545734,0.0545735,0,0.016256,0,0,0,6.19596,0.0678518,0.68133,0.882621,2,-4.74848,9.23925,-0.014924,0.0285111,0.00519587,0.00641249
782,door_1,1816,0,0.107003,0.107004,0,0.00763028,0,0,0,4.10191,0.0434049,0.570703,0.7,2.10824,-3.2513,7.166,0,0.614724,0.00561237,0.00556852
783,door_2,2150,0,0.0545734,0.0545735,0,0.016256,0,0,0,6.19596,0.0678518,0.68133,0.882621,2,-4.74848,9.23925,-0.014924,0.0285111,0.00519587,0.00641248
783,door_1,1816,0,0.107003,0.107004,0,0.00763028,0,0,0,4.10191,0.0434049,0.570703,0.7,2.10824,-3.2513,7.166,0,0.614745,0.00561237,0.00556852
784,door_2,2150,0,0.0545734,0.0545735,0,0.016256,0,0,0,6.19596,0.0678518,0.68133,0.882621,2,-4.74848,9.23925,-0.014924,0.0285111,0.00519587,0.00641247
784,door_1,1816,0,0.107003,0.107004,0,0.00763028,0,0,0,4.10191,0.0434049,0.570703,0.7,2.10824,-3.2513,7.166,0,0.614765,0.00561237,0.00556852
785,door_2,2150,0,0.0545734,0.0545735,0,0.016256,0,0,0,6.19596,0.0678518,0.68133,0.882621,2,-4.74848,9.23925,-0.014924,0.0285111,0.00519587,0.00641245
785,door_1,1816,0,0.107003,0.107004,0,0.00763028,0,0,0,4.10191,0.0434049,0.570703,0.7,2.10824,-3.2513,7.166,0,0.614785,0.00561236,0.00556852
786,door_2,2150,0,0.0545734,0.0545735,0,0.016256,0,0,0,6.19596,0.0678518,0.68133,0.882621,2,-4.74848,9.23925,-0.014924,0.0285111,0.00519587,0.00641244
786,door_1,1816,0,0.107003,0.107004,0,0.00763028,0,0,0,4.10191,0.0434049,0.570703,0.7,2.10824,-3.2513,7.166,0,0.614806,0.00561236,0.00556852
787,door_2,2150,0,0.0545734,0.0545735,0,0.016256,0,0,0,6.19596,0.0678518,0.68133,0.882621,2,-4.74848,9.23925,-0.014924,0.0285111,0.00519587,0.00641243
787,door_1,1816,0,0.107003,0.107004,0,0.00763028,0,0,0,4.10191,0.0434049,0.570703,0.7,2.10824,-3.2513,7.166,0,0.614826,0.00561236,0.00556852
788,door_2,2150,0,0.0545734,0.0545735,0,0.016256,0,0,0,6.19596,0.0678518,0.68133,0.882621,2,-4.74848,9.23925,-0.014924,0.0285111,0.00519587,0.00641242
788,door_1,1816,0,0.107003,0.107004,0,0.00763028,0,0,0,4.10191,0.0434049,0.570703,0.7,2.10824,-3.2513,7.166,0,0.614846,0.00561236,0.00556852
789,door_2,2150,0,0.0545734,0.0545735,0,0.016256,0,0,0,6.19596,0.0678518,0.68133,0.882621,2,-4.74848,9.23925,-0.014924,0.0285111,0.00519587,0.00641241
789,door_1,1816,0,0.107003,0.107004,0,0.00763028,0,0,0,4.10191,0.0434049,0.570703,0.7,2.10824,-3.2513,7.166,0,0.614867,0.00561236,0.00556852
791,door_2,2150,0,0.0545734,0.0545735,0,0.016256,0,0,0,6.19596,0.0678518,0.68133,0.882621,2,-4.74848,9.23925,-0.014924,0.0285111,0.00519587,0.00641239
791,door_1,1816,0,0.107003,0.107004,0,0.00763028,0,0,0,4.10191,0.0434049,0.570703,0.7,2.10824,-3.2513,7.166,0,0.614887,0.00561236,0.00556852
792,door_2,2150,0,0.0545734,0.0545735,0,0.016256,0,0,0,6.19596,0.0678518,0.68133,0.882621,2,-4.74848,9.23925,-0.014924,0.0285111,0.00519587,0.00641238
792,door_1,1816,0,0.107003,0.107004,0,0.00763028,0,0,0,4.10191,0.0434049,0.570703,0.7,2.10824,-3.2513,7.166,0,0.614907,0.00561236,0.00556852
793,door_2,2150,0,0.0545734,0.0545735,0,0.016256,0,0,0,6.19596,0.0678518,0.68133,0.882621,2,-4.74848,9.23925,-0.014924,0.0285111,0.00519587,0.00641237
793,door_1,1816,0,0.107003,0.107004,0,0.00763028,0,0,0,4.10191,0.0434049,0.570703,0.7,2.10824,-3.2513,7.166,0,0.614928,0.00561236,0.00556852
794,door_2,2150,0,0.0545734,0.0545735,0,0.016256,0,0,0,6.19596,0.0678518,0.68133,0.882621,2,-4.74848,9.23925,-0.014924,0.0285111,0.00519587,0.00641236
794,door_1,1816,0,0.107003,0.107004,0,0.00763028,0,0,0,4.10191,0.0434049,0.570703,0.7,2.10824,-3.2513,7.166,0,0.614948,0.00561236,0.00556852
795,door_2,2150,0,0.0545734,0.0545735,0,0.016256,0,0,0,6.19596,0.0678518,0.68133,0.882621,2,-4.74848,9.23925,-0.014924,0.0285111,0.00519587,0.00641235
795,door_1,1816,0,0.107003,0.107004,0,0.00763028,0,0,0,4.10191,0.0434049,0.570703,0.7,2.10824,-3.2513,7.166,0,0.614968,0.00561236,0.00556852
797,door_2,2150,0,0.0545734,0.0545735,0,0.016256,0,0,0,6.19596,0.0678518,0.68133,0.882621,2,-4.74848,9.23925,-0.014924,0.0285111,0.00519587,0.00641234
797,door_1,1816,0,0.107003,0.107004,0,0.00763028,0,0,0,4.10191,0.0434049,0.570703,0.7,2.10824,-3.2513,7.166,0,0.614989,0.00561236,0.00556852
798,door_2,2150,0,0.0545734,0.0545735,0,0.016256,0,0,0,6.19596,0.0678518,0.68133,0.882621,2,-4.74848,9.23925,-0.014924,0.0285111,0.00519587,0.00641232
798,door_1,1816,0,0.107003,0.107004,0,0.00763028,0,0,0,4.10191,0.0434049,0.570703,0.7,2.10824,-3.2513,7.166,0,0.615009,0.00561236,0.00556852
800,door_2,2150,0,0.0545734,0.0545735,0,0.016256,0,0,0,6.19596,0.0678518,0.68133,0.882621,2,-4.74848,9.23925,-0.014924,0.0285111,0.00519587,0.00641231
800,door_1,1816,0,0.107003,0.107004,0,0.00763028,0,0,0,4.10191,0.0434049,0.570703,0.7,2.10824,-3.2513,7.166,0,0.615029,0.00561235,0.00556851
801,door_2,2150,0,0.0545734,0.0545735,0,0.016256,0,0,0,6.19596,0.0678518,0.68133,0.882621,2,-4.74848,9.23925,-0.014924,0.0285111,0.00519586,0.0064123
801,door_1,1816,0,0.107003,0.107004,0,0.00763028,0,0,0,4.10191,0.0434049,0.570703,0.7,2.10824,-3.2513,7.166,0,0.61505,0.00561235,0.00556851
802,door_2,2150,0,0.0545734,0.0545735,0,0.016256,0,0,0,6.19596,0.0678518,0.68133,0.882621,2,-4.74848,9.23925,-0.014924,0.0285111,0.00519587,0.00641229
802,door_1,1816,0,0.107003,0.107004,0,0.00763028,0,0,0,4.10191,0.0434049,0.570703,0.7,2.10824,-3.2513,7.166,0,0.61507,0.00561235,0.00556851
803,door_2,2150,0,0.0545734,0.0545735,0,0.016256,0,0,0,6.19596,0.0678518,0.68133,0.882621,2,-4.74848,9.23925,-0.014924,0.0285111,0.00519587,0.00641228
803,door_1,1816,0,0.107003,0.107004,0,0.00763028,0,0,0,4.10191,0.0434049,0.570703,0.7,2.10824,-3.2513,7.166,0,0.61509,0.00561235,0.00556851
804,door_2,2150,0,0.0545734,0.0545735,0,0.016256,0,0,0,6.19596,0.0678518,0.68133,0.882621,2,-4.74848,9.23925,-0.014924,0.0285111,0.00519587,0.00641227
804,door_1,1816,0,0.107003,0.107004,0,0.00763028,0,0,0,4.10191,0.0434049,0.570703,0.7,2.10824,-3.2513,7.166,0,0.615111,0.00561235,0.00556851
805,door_2,2150,0,0.0545734,0.0545735,0,0.016256,0,0,0,6.19596,0.0678518,0.68133,0.882621,2,-4.74848,9.23925,-0.014924,0.0285111,0.00519587,0.00641226
805,door_1,1816,0,0.107003,0.107004,0,0.00763028,0,0,0,4.10191,0.0434049,0.570703,0.7,2.10824,-3.2513,7.166,0,0.615131,0.00561235,0.00556851
806,door_2,2150,0,0.0545734,0.0545735,0,0.016256,0,0,0,6.19596,0.0678518,0.68133,0.882621,2,-4.74848,9.23925,-0.014924,0.0285111,0.00519587,0.00641225
806,door_1,1816,0,0.107003,0.107004,0,0.00763028,0,0,0,4.10191,0.0434049,0.570703,0.7,2.10824,-3.2513,7.166,0,0.615151,0.00561235,0.00556851
808,door_2,2150,0,0.0545734,0.0545735,0,0.016256,0,0,0,6.19596,0.0678518,0.68133,0.882621,2,-4.74848,9.23925,-0.014924,0.0285111,0.00519586,0.00641224
808,door_1,1816,0,0.107003,0.107004,0,0.00763028,0,0,0,4.10191,0.0434049,0.570703,0.7,2.10824,-3.2513,7.166,0,0.615172,0.00561235,0.00556851
809,door_2,2150,0,0.0545734,0.0545735,0,0.016256,0,0,0,6.19596,0.0678518,0.68133,0.882621,2,-4.74848,9.23925,-0.014924,0.0285111,0.00519586,0.00641223
809,door_1,1816,0,0.107003,0.107004,0,0.00763028,0,0,0,4.10191,0.0434049,0.570703,0.7,2.10824,-3.2513,7.166,0,0.615192,0.00561235,0.00556851
811,door_2,2150,0,0.0545734,0.0545735,0,0.016256,0,0,0,6.19596,0.0678518,0.68133,0.882621,2,-4.74848,9.23925,-0.014924,0.0285111,0.00519586,0.00641222
811,door_1,1816,0,0.107003,0.107004,0,0.00763028,0,0,0,4.10191,0.0434049,0.570703,0.7,2.10824,-3.2513,7.166,0,0.615212,0.00561235,0.00556851
812,door_2,2150,0,0.0545734,0.0545735,0,0.016256,0,0,0,6.19596,0.0678518,0.68133,0.882621,2,-4.74848,9.23925,-0.014924,0.0285111,0.00519586,0.00641221
812,door_1,1816,0,0.107003,0.107004,0,0.00763028,0,0,0,4.10191,0.0434049,0.570703,0.7,2.10824,-3.2513,7.166,0,0.615233,0.00561235,0.00556851
813,door_2,2150,0,0.0545734,0.0545735,0,0.016256,0,0,0,6.19596,0.0678518,0.68133,0.882621,2,-4.74848,9.23925,-0.014924,0.0285111,0.00519586,0.0064122
813,door_1,1816,0,0.107003,0.107004,0,0.00763028,0,0,0,4.10191,0.0434049,0.570703,0.7,2.10824,-3.2513,7.166,0,0.615253,0.00561235,0.00556851
814,door_2,2150,0,0.0545734,0.0545735,0,0.016256,0,0,0,6.19596,0.0678518,0.68133,0.882621,2,-4.74848,9.23925,-0.014924,0.0285111,0.00519586,0.00641219
814,door_1,1816,0,0.107003,0.107004,0,0.00763028,0,0,0,4.10191,0.0434049,0.570703,0.7,2.10824,-3.2513,7.166,0,0.615273,0.00561235,0.00556851
815,door_2,2150,0,0.0545734,0.0545735,0,0.016256,0,0,0,6.19596,0.0678518,0.68133,0.882621,2,-4.74848,9.23925,-0.014924,0.0285111,0.00519586,0.00641218
815,door_1,1816,0,0.107003,0.107004,0,0.00763028,0,0,0,4.10191,0.0434049,0.570703,0.7,2.10824,-3.2513,7.166,0,0.615294,0.00561235,0.00556851
816,door_2,2150,0,0.0545734,0.0545735,0,0.016256,0,0,0,6.19596,0.0678518,0.68133,0.882621,2,-4.74848,9.23925,-0.014924,0.0285111,0.00519586,0.00641217
816,door_1,1816,0,0.107003,0.107004,0,0.00763028,0,0,0,4.10191,0.0434049,0.570703,0.7,2.10824,-3.2513,7.166,0,0.615314,0.00561234,0.00556851
817,door_2,2150,0,0.0545734,0.0545735,0,0.016256,0,0,0,6.19596,0.0678518,0.68133,0.882621,2,-4.74848,9.23925,-0.014924,0.0285111,0.00519586,0.00641216
817,door_1,1816,0,0.107003,0.107004,0,0.00763028,0,0,0,4.10191,0.0434049,0.570703,0.7,2.10824,-3.2513,7.166,0,0.615334,0.00561234,0.00556851
818,door_2,2150,0,0.0545734,0.0545735,0,0.016256,0,0,0,6.19596,0.0678518,0.68133,0.882621,2,-4.74848,9.23925,-0.014924,0.0285111,0.00519586,0.00641215
818,door_1,1816,0,0.107003,0.107004,0,0.00763028,0,0,0,4.10191,0.0434049,0.570703,0.7,2.10824,-3.2513,7.166,0,0.615355,0.00561234,0.00556851
820,door_2,2150,0,0.0545734,0.0545735,0,0.016256,0,0,0,6.19596,0.0678518,0.68133,0.882621,2,-4.74848,9.23925,-0.014924,0.0285111,0.00519586,0.00641214
820,door_1,1816,0,0.107003,0.107004,0,0.00763028,0,0,0,4.10191,0.0434049,0.570703,0.7,2.10824,-3.2513,7.166,0,0.615375,0.00561234,0.0055685
822,door_2,2150,0,0.0545734,0.0545735,0,0.016256,0,0,0,6.19596,0.0678518,0.68133,0.882621,2,-4.74848,9.23925,-0.014924,0.0285111,0.00519586,0.00641214
822,door_1,1816,0,0.107003,0.107004,0,0.00763028,0,0,0,4.10191,0.0434049,0.570703,0.7,2.10824,-3.2513,7.166,0,0.615395,0.00561234,0.0055685
823,door_2,2150,0,0.0545734,0.0545735,0,0.016256,0,0,0,6.19596,0.0678518,0.68133,0.882621,2,-4.74848,9.23925,-0.014924,0.0285111,0.00519586,0.00641213
823,door_1,1816,0,0.107003,0.107004,0,0.00763028,0,0,0,4.10191,0.0434049,0.570703,0.7,2.10824,-3.2513,7.166,0,0.615416,0.00561234,0.0055685
824,door_2,2150,0,0.0545734,0.0545735,0,0.016256,0,0,0,6.19596,0.0678518,0.68133,0.882621,2,-4.74848,9.23925,-0.014924,0.0285111,0.00519586,0.00641212
824,door_1,1816,0,0.107003,0.107004,0,0.00763028,0,0,0,4.10191,0.0434049,0.570703,0.7,2.10824,-3.2513,7.166,0,0.615436,0.00561234,0.0055685
825,door_2,2150,0,0.0545734,0.0545735,0,0.016256,0,0,0,6.19596,0.0678518,0.68133,0.882621,2,-4.74848,9.23925,-0.014924,0.0285111,0.00519586,0.00641211
825,door_1,1816,0,0.107003,0.107004,0,0.00763028,0,0,0,4.10191,0.0434049,0.570703,0.7,2.10824,-3.2513,7.166,0,0.615456,0.00561234,0.0055685
826,door_2,2150,0,0.0545734,0.0545735,0,0.016256,0,0,0,6.19596,0.0678518,0.68133,0.882621,2,-4.74848,9.23925,-0.014924,0.0285111,0.00519586,0.0064121
826,door_1,1816,0,0.107003,0.107004,0,0.00763028,0,0,0,4.10191,0.0434049,0.570703,0.7,2.10824,-3.2513,7.166,0,0.615476,0.00561234,0.0055685
827,door_2,2150,0,0.0545734,0.0545735,0,0.016256,0,0,0,6.19596,0.0678518,0.68133,0.882621,2,-4.74848,9.23925,-0.014924,0.0285111,0.00519586,0.00641209
827,door_1,1816,0,0.107003,0.107004,0,0.00763028,0,0,0,4.10191,0.0434049,0.570703,0.7,2.10824,-3.2513,7.166,0,0.615497,0.00561234,0.0055685
828,door_2,2150,0,0.0545734,0.0545735,0,0.016256,0,0,0,6.19596,0.0678518,0.68133,0.882621,2,-4.74848,9.23925,-0.014924,0.0285111,0.00519586,0.00641209
828,door_1,1816,0,0.107003,0.107004,0,0.00763028,0,0,0,4.10191,0.0434049,0.570703,0.7,2.10824,-3.2513,7.166,0,0.615517,0.00561234,0.0055685
829,door_2,2150,0,0.0545734,0.0545735,0,0.016256,0,0,0,6.19596,0.0678518,0.68133,0.882621,2,-4.74848,9.23925,-0.014924,0.0285111,0.00519586,0.00641208
829,door_1,1816,0,0.107003,0.107004,0,0.00763028,0,0,0,4.10191,0.0434049,0.570703,0.7,2.10824,-3.2513,7.166,0,0.615537,0.00561234,0.0055685
830,door_2,2150,0,0.0545734,0.0545735,0,0.016256,0,0,0,6.19596,0.0678518,0.68133,0.882621,2,-4.74848,9.23925,-0.014924,0.0285111,0.00519586,0.00641207
830,door_1,1816,0,0.107003,0.107004,0,0.00763028,0,0,0,4.10191,0.0434049,0.570703,0.7,2.10824,-3.2513,7.166,0,0.615558,0.00561234,0.0055685
831,door_2,2150,0,0.0545734,0.0545735,0,0.016256,0,0,0,6.19596,0.0678518,0.68133,0.882621,2,-4.74848,9.23925,-0.014924,0.0285111,0.00519586,0.00641206
831,door_1,1816,0,0.107003,0.107004,0,0.00763028,0,0,0,4.10191,0.0434049,0.570703,0.7,2.10824,-3.2513,7.166,0,0.615578,0.00561234,0.0055685
832,door_2,2150,0,0.0545734,0.0545735,0,0.016256,0,0,0,6.19596,0.0678518,0.68133,0.882621,2,-4.74848,9.23925,-0.014924,0.0285111,0.00519586,0.00641205
832,door_1,1816,0,0.107003,0.107004,0,0.00763028,0,0,0,4.10191,0.0434049,0.570703,0.7,2.10824,-3.2513,7.166,0,0.615598,0.00561234,0.0055685
833,door_2,2150,0,0.0545734,0.0545735,0,0.016256,0,0,0,6.19596,0.0678518,0.68133,0.882621,2,-4.74848,9.23925,-0.014924,0.0285111,0.00519586,0.00641205
833,door_1,1816,0,0.107003,0.107004,0,0.00763028,0,0,0,4.10191,0.0434049,0.570703,0.7,2.10824,-3.2513,7.166,0,0.615619,0.00561233,0.0055685
834,door_2,2150,0,0.0545734,0.0545735,0,0.016256,0,0,0,6.19596,0.0678518,0.68133,0.882621,2,-4.74848,9.23925,-0.014924,0.0285111,0.00519586,0.00641204
834,door_1,1816,0,0.107003,0.107004,0,0.00763028,0,0,0,4.10191,0.0434049,0.570703,0.7,2.10824,-3.2513,7.166,0,0.615639,0.00561233,0.0055685
835,door_2,2150,0,0.0545734,0.0545735,0,0.016256,0,0,0,6.19596,0.0678518,0.68133,0.882621,2,-4.74848,9.23925,-0.014924,0.0285111,0.00519586,0.00641203
835,door_1,1816,0,0.107003,0.107004,0,0.00763028,0,0,0,4.10191,0.0434049,0.570703,0.7,2.10824,-3.2513,7.166,0,0.615659,0.00561233,0.0055685
836,door_2,2150,0,0.0545734,0.0545735,0,0.016256,0,0,0,6.19596,0.0678518,0.68133,0.882621,2,-4.74848,9.23925,-0.014924,0.0285111,0.00519586,0.00641202
836,door_1,1816,0,0.107003,0.107004,0,0.00763028,0,0,0,4.10191,0.0434049,0.570703,0.7,2.10824,-3.2513,7.166,0,0.61568,0.00561233,0.0055685
838,door_2,2150,0,0.0545734,0.0545735,0,0.016256,0,0,0,6.19596,0.0678518,0.68133,0.882621,2,-4.74848,9.23925,-0.014924,0.0285111,0.00519586,0.00641202
838,door_1,1816,0,0.107003,0.107004,0,0.00763028,0,0,0,4.10191,0.0434049,0.570703,0.7,2.10824,-3.2513,7.166,0,0.6157,0.00561233,0.0055685
839,door_2,2150,0,0.0545734,0.0545735,0,0.016256,0,0,0,6.19596,0.0678518,0.68133,0.882621,2,-4.74848,9.23925,-0.014924,0.0285111,0.00519586,0.00641201
839,door_1,1816,0,0.107003,0.107004,0,0.00763028,0,0,0,4.10191,0.0434049,0.570703,0.7,2.10824,-3.2513,7.166,0,0.61572,0.00561233,0.0055685
841,door_2,2150,0,0.0545734,0.0545735,0,0.016256,0,0,0,6.19596,0.0678518,0.68133,0.882621,2,-4.74848,9.23925,-0.014924,0.0285111,0.00519586,0.006412
841,door_1,1816,0,0.107003,0.107004,0,0.00763028,0,0,0,4.10191,0.0434049,0.570703,0.7,2.10824,-3.2513,7.166,0,0.61574,0.00561233,0.0055685
842,door_2,2150,0,0.0545734,0.0545735,0,0.016256,0,0,0,6.19596,0.0678518,0.68133,0.882621,2,-4.74848,9.23925,-0.014924,0.0285111,0.00519586,0.00641199
842,door_1,1816,0,0.107003,0.107004,0,0.00763028,0,0,0,4.10191,0.0434049,0.570703,0.7,2.10824,-3.2513,7.166,0,0.615761,0.00561233,0.0055685
843,door_2,2150,0,0.0545734,0.0545735,0,0.016256,0,0,0,6.19596,0.0678518,0.68133,0.882621,2,-4.74848,9.23925,-0.014924,0.0285111,0.00519586,0.00641199
843,door_1,1816,0,0.107003,0.107004,0,0.00763028,0,0,0,4.10191,0.0434049,0.570703,0.7,2.10824,-3.2513,7.166,0,0.615781,0.00561233,0.0055685
844,door_2,2150,0,0.0545734,0.0545735,0,0.016256,0,0,0,6.19596,0.0678518,0.68133,0.882621,2,-4.74848,9.23925,-0.014924,0.0285111,0.00519586,0.00641198
844,door_1,1816,0,0.107003,0.107004,0,0.00763028,0,0,0,4.10191,0.0434049,0.570703,0.7,2.10824,-3.2513,7.166,0,0.615801,0.00561233,0.0055685
845,door_2,2150,0,0.0545734,0.0545735,0,0.016256,0,0,0,6.19596,0.0678518,0.68133,0.882621,2,-4.74848,9.23925,-0.014924,0.0285111,0.00519586,0.00641197
845,door_1,1816,0,0.107003,0.107004,0,0.00763028,0,0,0,4.10191,0.0434049,0.570703,0.7,2.10824,-3.2513,7.166,0,0.615822,0.00561233,0.0055685
846,door_2,2150,0,0.0545734,0.0545735,0,0.016256,0,0,0,6.19596,0.0678518,0.68133,0.882621,2,-4.74848,9.23925,-0.014924,0.0285111,0.00519586,0.00641197
846,door_1,1816,0,0.107003,0.107004,0,0.00763028,0,0,0,4.10191,0.0434049,0.570703,0.7,2.10824,-3.2513,7.166,0,0.615842,0.00561233,0.0055685
847,door_2,2150,0,0.0545734,0.0545735,0,0.016256,0,0,0,6.19596,0.0678518,0.68133,0.882621,2,-4.74848,9.23925,-0.014924,0.0285111,0.00519586,0.00641196
847,door_1,1816,0,0.107003,0.107004,0,0.00763028,0,0,0,4.10191,0.0434049,0.570703,0.7,2.10824,-3.2513,7.166,0,0.615862,0.00561233,0.0055685
848,door_2,2150,0,0.0545734,0.0545735,0,0.016256,0,0,0,6.19596,0.0678518,0.68133,0.882621,2,-4.74848,9.23925,-0.014924,0.0285111,0.00519586,0.00641195
848,door_1,1816,0,0.107003,0.107004,0,0.00763028,0,0,0,4.10191,0.0434049,0.570703,0.7,2.10824,-3.2513,7.166,0,0.615883,0.00561233,0.0055685
849,door_2,2150,0,0.0545734,0.0545735,0,0.016256,0,0,0,6.19596,0.0678518,0.68133,0.882621,2,-4.74848,9.23925,-0.014924,0.0285111,0.00519586,0.00641195
849,door_1,1816,0,0.107003,0.107004,0,0.00763028,0,0,0,4.10191,0.0434049,0.570703,0.7,2.10824,-3.2513,7.166,0,0.615903,0.00561233,0.0055685
850,door_2,2150,0,0.0545734,0.0545735,0,0.016256,0,0,0,6.19596,0.0678518,0.68133,0.882621,2,-4.74848,9.23925,-0.014924,0.0285111,0.00519586,0.00641194
850,door_1,1816,0,0.107003,0.107004,0,0.00763028,0,0,0,4.10191,0.0434049,0.570703,0.7,2.10824,-3.2513,7.166,0,0.615923,0.00561233,0.0055685
851,door_2,2150,0,0.0545734,0.0545735,0,0.016256,0,0,0,6.19596,0.0678518,0.68133,0.882621,2,-4.74848,9.23925,-0.014924,0.0285111,0.00519586,0.00641193
851,door_1,1816,0,0.107003,0.107004,0,0.00763028,0,0,0,4.10191,0.0434049,0.570703,0.7,2.10824,-3.2513,7.166,0,0.615943,0.00561233,0.0055685
852,door_2,2150,0,0.0545734,0.0545735,0,0.016256,0,0,0,6.19596,0.0678518,0.68133,0.882621,2,-4.74848,9.23925,-0.014924,0.0285111,0.00519586,0.00641193
852,door_1,1816,0,0.107003,0.107004,0,0.00763028,0,0,0,4.10191,0.0434049,0.570703,0.7,2.10824,-3.2513,7.166,0,0.615964,0.00561233,0.0055685
854,door_2,2150,0,0.0545734,0.0545735,0,0.016256,0,0,0,6.19596,0.0678518,0.68133,0.882621,2,-4.74848,9.23925,-0.014924,0.0285111,0.00519586,0.00641192
854,door_1,1816,0,0.107003,0.107004,0,0.00763028,0,0,0,4.10191,0.0434049,0.570703,0.7,2.10824,-3.2513,7.166,0,0.615984,0.00561233,0.0055685
855,door_2,2150,0,0.0545734,0.0545735,0,0.016256,0,0,0,6.19596,0.0678518,0.68133,0.882621,2,-4.74848,9.23925,-0.014924,0.0285111,0.00519586,0.00641192
855,door_1,1816,0,0.107003,0.107004,0,0.00763028,0,0,0,4.10191,0.0434049,0.570703,0.7,2.10824,-3.2513,7.166,0,0.616004,0.00561233,0.0055685
856,door_2,2150,0,0.0545734,0.0545735,0,0.016256,0,0,0,6.19596,0.0678518,0.68133,0.882621,2,-4.74848,9.23925,-0.014924,0.0285111,0.00519586,0.00641191
856,door_1,1816,0,0.107003,0.107004,0,0.00763028,0,0,0,4.10191,0.0434049,0.570703,0.7,2.10824,-3.2513,7.166,0,0.616025,0.00561233,0.0055685
857,door_2,2150,0,0.0545734,0.0545735,0,0.016256,0,0,0,6.19596,0.0678518,0.68133,0.882621,2,-4.74848,9.23925,-0.014924,0.0285111,0.00519586,0.0064119
857,door_1,1816,0,0.107003,0.107004,0,0.00763028,0,0,0,4.10191,0.0434049,0.570703,0.7,2.10824,-3.2513,7.166,0,0.616045,0.00561233,0.00556849
858,door_2,2150,0,0.0545734,0.0545735,0,0.016256,0,0,0,6.19596,0.0678518,0.68133,0.882621,2,-4.74848,9.23925,-0.014924,0.0285111,0.00519586,0.0064119
858,door_1,1816,0,0.107003,0.107004,0,0.00763028,0,0,0,4.10191,0.0434049,0.570703,0.7,2.10824,-3.2513,7.166,0,0.616065,0.00561233,0.00556849
859,door_2,2150,0,0.0545734,0.0545735,0,0.016256,0,0,0,6.19596,0.0678518,0.68133,0.882621,2,-4.74848,9.23925,-0.014924,0.0285111,0.00519586,0.00641189
859,door_1,1816,0,0.107003,0.107004,0,0.00763028,0,0,0,4.10191,0.0434049,0.570703,0.7,2.10824,-3.2513,7.166,0,0.616085,0.00561233,0.00556849
860,door_2,2150,0,0.0545734,0.0545735,0,0.016256,0,0,0,6.19596,0.0678518,0.68133,0.882621,2,-4.74848,9.23925,-0.014924,0.0285111,0.00519586,0.00641189
860,door_1,1816,0,0.107003,0.107004,0,0.00763028,0,0,0,4.10191,0.0434049,0.570703,0.7,2.10824,-3.2513,7.166,0,0.616106,0.00561233,0.00556849
861,door_2,2150,0,0.0545734,0.0545735,0,0.016256,0,0,0,6.19596,0.0678518,0.68133,0.882621,2,-4.74848,9.23925,-0.014924,0.0285111,0.00519586,0.00641188
861,door_1,1816,0,0.107003,0.107004,0,0.00763028,0,0,0,4.10191,0.0434049,0.570703,0.7,2.10824,-3.2513,7.166,0,0.616126,0.00561232,0.00556849
862,door_2,2150,0,0.0545734,0.0545735,0,0.016256,0,0,0,6.19596,0.0678518,0.68133,0.882621,2,-4.74848,9.23925,-0.014924,0.0285111,0.00519586,0.00641187
862,door_1,1816,0,0.107003,0.107004,0,0.00763028,0,0,0,4.10191,0.0434049,0.570703,0.7,2.10824,-3.2513,7.166,0,0.616146,0.00561232,0.00556849
863,door_2,2150,0,0.0545734,0.0545735,0,0.016256,0,0,0,6.19596,0.0678518,0.68133,0.882621,2,-4.74848,9.23925,-0.014924,0.0285111,0.00519586,0.00641187
863,door_1,1816,0,0.107003,0.107004,0,0.00763028,0,0,0,4.10191,0.0434049,0.570703,0.7,2.10824,-3.2513,7.166,0,0.616167,0.00561232,0.00556849
864,door_2,2150,0,0.0545734,0.0545735,0,0.016256,0,0,0,6.19596,0.0678518,0.68133,0.882621,2,-4.74848,9.23925,-0.014924,0.0285111,0.00519586,0.00641186
864,door_1,1816,0,0.107003,0.107004,0,0.00763028,0,0,0,4.10191,0.0434049,0.570703,0.7,2.10824,-3.2513,7.166,0,0.616187,0.00561232,0.00556849
865,door_2,2150,0,0.0545734,0.0545735,0,0.016256,0,0,0,6.19596,0.0678518,0.68133,0.882621,2,-4.74848,9.23925,-0.014924,0.0285111,0.00519586,0.00641186
865,door_1,1816,0,0.107003,0.107004,0,0.00763028,0,0,0,4.10191,0.0434049,0.570703,0.7,2.10824,-3.2513,7.166,0,0.616207,0.00561232,0.00556849
866,door_2,2150,0,0.0545734,0.0545735,0,0.016256,0,0,0,6.19596,0.0678518,0.68133,0.882621,2,-4.74848,9.23925,-0.014924,0.0285111,0.00519586,0.00641185
866,door_1,1816,0,0.107003,0.107004,0,0.00763028,0,0,0,4.10191,0.0434049,0.570703,0.7,2.10824,-3.2513,7.166,0,0.616227,0.00561232,0.00556849
867,door_2,2150,0,0.0545734,0.0545735,0,0.016256,0,0,0,6.19596,0.0678518,0.68133,0.882621,2,-4.74848,9.23925,-0.014924,0.0285111,0.00519586,0.00641184
867,door_1,1816,0,0.107003,0.107004,0,0.00763028,0,0,0,4.10191,0.0434049,0.570703,0.7,2.10824,-3.2513,7.166,0,0.616248,0.00561232,0.00556849
868,door_2,2150,0,0.0545734,0.0545735,0,0.016256,0,0,0,6.19596,0.0678518,0.68133,0.882621,2,-4.74848,9.23925,-0.014924,0.0285111,0.00519586,0.00641184
868,door_1,1816,0,0.107003,0.107004,0,0.00763028,0,0,0,4.10191,0.0434049,0.570703,0.7,2.10824,-3.2513,7.166,0,0.616268,0.00561232,0.00556849
869,door_2,2150,0,0.0545734,0.0545735,0,0.016256,0,0,0,6.19596,0.0678518,0.68133,0.882621,2,-4.74848,9.23925,-0.014924,0.0285111,0.00519586,0.00641183
869,door_1,1816,0,0.107003,0.107004,0,0.00763028,0,0,0,4.10191,0.0434049,0.570703,0.7,2.10824,-3.2513,7.166,0,0.616288,0.00561232,0.00556849
870,door_2,2150,0,0.0545734,0.0545735,0,0.016256,0,0,0,6.19596,0.0678518,0.68133,0.882621,2,-4.74848,9.23925,-0.014924,0.0285111,0.00519586,0.00641183
870,door_1,1816,0,0.107003,0.107004,0,0.00763028,0,0,0,4.10191,0.0434049,0.570703,0.7,2.10824,-3.2513,7.166,0,0.616309,0.00561232,0.00556849
871,door_2,2150,0,0.0545734,0.0545735,0,0.016256,0,0,0,6.19596,0.0678518,0.68133,0.882621,2,-4.74848,9.23925,-0.014924,0.0285111,0.00519586,0.00641182
871,door_1,1816,0,0.107003,0.107004,0,0.00763028,0,0,0,4.10191,0.0434049,0.570703,0.7,2.10824,-3.2513,7.166,0,0.616329,0.00561232,0.00556849
872,door_2,2150,0,0.0545734,0.0545735,0,0.016256,0,0,0,6.19596,0.0678518,0.68133,0.882621,2,-4.74848,9.23925,-0.014924,0.0285111,0.00519586,0.00641182
872,door_1,1816,0,0.107003,0.107004,0,0.00763028,0,0,0,4.10191,0.0434049,0.570703,0.7,2.10824,-3.2513,7.166,0,0.616349,0.00561232,0.00556849
873,door_2,2150,0,0.0545734,0.0545735,0,0.016256,0,0,0,6.19596,0.0678518,0.68133,0.882621,2,-4.74848,9.23925,-0.014924,0.0285111,0.00519586,0.00641181
873,door_1,1816,0,0.107003,0.107004,0,0.00763028,0,0,0,4.10191,0.0434049,0.570703,0.7,2.10824,-3.2513,7.166,0,0.616369,0.00561232,0.00556849
875,door_2,2150,0,0.0545734,0.0545735,0,0.016256,0,0,0,6.19596,0.0678518,0.68133,0.882621,2,-4.74848,9.23925,-0.014924,0.0285111,0.00519586,0.00641181
875,door_1,1816,0,0.107003,0.107004,0,0.00763028,0,0,0,4.10191,0.0434049,0.570703,0.7,2.10824,-3.2513,7.166,0,0.61639,0.00561232,0.00556849
876,door_2,2150,0,0.0545734,0.0545735,0,0.016256,0,0,0,6.19596,0.0678518,0.68133,0.882621,2,-4.74848,9.23925,-0.014924,0.0285111,0.00519586,0.0064118
876,door_1,1816,0,0.107003,0.107004,0,0.00763028,0,0,0,4.10191,0.0434049,0.570703,0.7,2.10824,-3.2513,7.166,0,0.61641,0.00561232,0.00556849
877,door_2,2150,0,0.0545734,0.0545735,0,0.016256,0,0,0,6.19596,0.0678518,0.68133,0.882621,2,-4.74848,9.23925,-0.014924,0.0285111,0.00519586,0.0064118
877,door_1,1816,0,0.107003,0.107004,0,0.00763028,0,0,0,4.10191,0.0434049,0.570703,0.7,2.10824,-3.2513,7.166,0,0.61643,0.00561232,0.00556849
878,door_2,2150,0,0.0545734,0.0545735,0,0.016256,0,0,0,6.19596,0.0678518,0.68133,0.882621,2,-4.74848,9.23925,-0.014924,0.0285111,0.00519586,0.0064118
878,door_1,1816,0,0.107003,0.107004,0,0.00763028,0,0,0,4.10191,0.0434049,0.570703,0.7,2.10824,-3.2513,7.166,0,0.616451,0.00561232,0.00556849
879,door_2,2150,0,0.0545734,0.0545735,0,0.016256,0,0,0,6.19596,0.0678518,0.68133,0.882621,2,-4.74848,9.23925,-0.014924,0.0285111,0.00519586,0.00641179
879,door_1,1816,0,0.107003,0.107004,0,0.00763028,0,0,0,4.10191,0.0434049,0.570703,0.7,2.10824,-3.2513,7.166,0,0.616471,0.00561232,0.00556849
880,door_2,2150,0,0.0545734,0.0545735,0,0.016256,0,0,0,6.19596,0.0678518,0.68133,0.882621,2,-4.74848,9.23925,-0.014924,0.0285111,0.00519586,0.00641179
880,door_1,1816,0,0.107003,0.107004,0,0.00763028,0,0,0,4.10191,0.0434049,0.570703,0.7,2.10824,-3.2513,7.166,0,0.616491,0.00561232,0.00556849
881,door_2,2150,0,0.0545734,0.0545735,0,0.016256,0,0,0,6.19596,0.0678518,0.68133,0.882621,2,-4.74848,9.23925,-0.014924,0.0285111,0.00519586,0.00641178
881,door_1,1816,0,0.107003,0.107004,0,0.00763028,0,0,0,4.10191,0.0434049,0.570703,0.7,2.10824,-3.2513,7.166,0,0.616511,0.00561232,0.00556849
882,door_2,2150,0,0.0545734,0.0545735,0,0.016256,0,0,0,6.19596,0.0678518,0.68133,0.882621,2,-4.74848,9.23925,-0.014924,0.0285111,0.00519586,0.00641178
882,door_1,1816,0,0.107003,0.107004,0,0.00763028,0,0,0,4.10191,0.0434049,0.570703,0.7,2.10824,-3.2513,7.166,0,0.616532,0.00561232,0.00556849
883,door_2,2150,0,0.0545734,0.0545735,0,0.016256,0,0,0,6.19596,0.0678518,0.68133,0.882621,2,-4.74848,9.23925,-0.014924,0.0285111,0.00519586,0.00641177
883,door_1,1816,0,0.107003,0.107004,0,0.00763028,0,0,0,4.10191,0.0434049,0.570703,0.7,2.10824,-3.2513,7.166,0,0.616552,0.00561232,0.00556849
884,door_2,2150,0,0.0545734,0.0545735,0,0.016256,0,0,0,6.19596,0.0678518,0.68133,0.882621,2,-4.74848,9.23925,-0.014924,0.0285111,0.00519586,0.00641177
884,door_1,1816,0,0.107003,0.107004,0,0.00763028,0,0,0,4.10191,0.0434049,0.570703,0.7,2.10824,-3.2513,7.166,0,0.616572,0.00561232,0.00556849
885,door_2,2150,0,0.0545734,0.0545735,0,0.016256,0,0,0,6.19596,0.0678518,0.68133,0.882621,2,-4.74848,9.23925,-0.014924,0.0285111,0.00519586,0.00641176
885,door_1,1816,0,0.107003,0.107004,0,0.00763028,0,0,0,4.10191,0.0434049,0.570703,0.7,2.10824,-3.2513,7.166,0,0.616593,0.00561232,0.00556849
886,door_2,2150,0,0.0545734,0.0545735,0,0.016256,0,0,0,6.19596,0.0678518,0.68133,0.882621,2,-4.74848,9.23925,-0.014924,0.0285111,0.00519586,0.00641176
886,door_1,1816,0,0.107003,0.107004,0,0.00763028,0,0,0,4.10191,0.0434049,0.570703,0.7,2.10824,-3.2513,7.166,0,0.616613,0.00561232,0.00556849
887,door_2,2150,0,0.0545734,0.0545735,0,0.016256,0,0,0,6.19596,0.0678518,0.68133,0.882621,2,-4.74848,9.23925,-0.014924,0.0285111,0.00519586,0.00641175
887,door_1,1816,0,0.107003,0.107004,0,0.00763028,0,0,0,4.10191,0.0434049,0.570703,0.7,2.10824,-3.2513,7.166,0,0.616633,0.00561232,0.00556849
888,door_2,2150,0,0.0545734,0.0545735,0,0.016256,0,0,0,6.19596,0.0678518,0.68133,0.882621,2,-4.74848,9.23925,-0.014924,0.0285111,0.00519586,0.00641175
888,door_1,1816,0,0.107003,0.107004,0,0.00763028,0,0,0,4.10191,0.0434049,0.570703,0.7,2.10824,-3.2513,7.166,0,0.616653,0.00561232,0.00556849
890,door_2,2150,0,0.0545734,0.0545735,0,0.016256,0,0,0,6.19596,0.0678518,0.68133,0.882621,2,-4.74848,9.23925,-0.014924,0.0285111,0.00519586,0.00641175
890,door_1,1816,0,0.107003,0.107004,0,0.00763028,0,0,0,4.10191,0.0434049,0.570703,0.7,2.10824,-3.2513,7.166,0,0.616674,0.00561232,0.00556849
891,door_2,2150,0,0.0545734,0.0545735,0,0.016256,0,0,0,6.19596,0.0678518,0.68133,0.882621,2,-4.74848,9.23925,-0.014924,0.0285111,0.00519586,0.00641174
891,door_1,1816,0,0.107003,0.107004,0,0.00763028,0,0,0,4.10191,0.0434049,0.570703,0.7,2.10824,-3.2513,7.166,0,0.616694,0.00561232,0.00556849
892,door_2,2150,0,0.0545734,0.0545735,0,0.016256,0,0,0,6.19596,0.0678518,0.68133,0.882621,2,-4.74848,9.23925,-0.014924,0.0285111,0.00519586,0.00641174
892,door_1,1816,0,0.107003,0.107004,0,0.00763028,0,0,0,4.10191,0.0434049,0.570703,0.7,2.10824,-3.2513,7.166,0,0.616714,0.00561232,0.00556849
893,door_2,2150,0,0.0545734,0.0545735,0,0.016256,0,0,0,6.19596,0.0678518,0.68133,0.882621,2,-4.74848,9.23925,-0.014924,0.0285111,0.00519586,0.00641173
893,door_1,1816,0,0.107003,0.107004,0,0.00763028,0,0,0,4.10191,0.0434049,0.570703,0.7,2.10824,-3.2513,7.166,0,0.616735,0.00561232,0.00556849
894,door_2,2150,0,0.0545734,0.0545735,0,0.016256,0,0,0,6.19596,0.0678518,0.68133,0.882621,2,-4.74848,9.23925,-0.014924,0.0285111,0.00519586,0.00641173
894,door_1,1816,0,0.107003,0.107004,0,0.00763028,0,0,0,4.10191,0.0434049,0.570703,0.7,2.10824,-3.2513,7.166,0,0.616755,0.00561232,0.00556849
895,door_2,2150,0,0.0545734,0.0545735,0,0.016256,0,0,0,6.19596,0.0678518,0.68133,0.882621,2,-4.74848,9.23925,-0.014924,0.0285111,0.00519586,0.00641173
895,door_1,1816,0,0.107003,0.107004,0,0.00763028,0,0,0,4.10191,0.0434049,0.570703,0.7,2.10824,-3.2513,7.166,0,0.616775,0.00561232,0.00556849
896,door_2,2150,0,0.0545734,0.0545735,0,0.016256,0,0,0,6.19596,0.0678518,0.68133,0.882621,2,-4.74848,9.23925,-0.014924,0.0285111,0.00519586,0.00641172
896,door_1,1816,0,0.107003,0.107004,0,0.00763028,0,0,0,4.10191,0.0434049,0.570703,0.7,2.10824,-3.2513,7.166,0,0.616795,0.00561232,0.00556849
897,door_2,2150,0,0.0545734,0.0545735,0,0.016256,0,0,0,6.19596,0.0678518,0.68133,0.882621,2,-4.74848,9.23925,-0.014924,0.0285111,0.00519586,0.00641172
897,door_1,1816,0,0.107003,0.107004,0,0.00763028,0,0,0,4.10191,0.0434049,0.570703,0.7,2.10824,-3.2513,7.166,0,0.616816,0.00561232,0.00556849
898,door_2,2150,0,0.0545734,0.0545735,0,0.016256,0,0,0,6.19596,0.0678518,0.68133,0.882621,2,-4.74848,9.23925,-0.014924,0.0285111,0.00519586,0.00641172
898,door_1,1816,0,0.107003,0.107004,0,0.00763028,0,0,0,4.10191,0.0434049,0.570703,0.7,2.10824,-3.2513,7.166,0,0.616836,0.00561232,0.00556849
899,door_2,2150,0,0.0545734,0.0545735,0,0.016256,0,0,0,6.19596,0.0678518,0.68133,0.882621,2,-4.74848,9.23925,-0.014924,0.0285111,0.00519586,0.00641171
899,door_1,1816,0,0.107003,0.107004,0,0.00763028,0,0,0,4.10191,0.0434049,0.570703,0.7,2.10824,-3.2513,7.166,0,0.616856,0.00561232,0.00556849
900,door_2,2150,0,0.0545734,0.0545735,0,0.016256,0,0,0,6.19596,0.0678518,0.68133,0.882621,2,-4.74848,9.23925,-0.014924,0.0285111,0.00519586,0.00641171
900,door_1,1816,0,0.107003,0.107004,0,0.00763028,0,0,0,4.10191,0.0434049,0.570703,0.7,2.10824,-3.2513,7.166,0,0.616876,0.00561232,0.00556849
901,door_2,2150,0,0.0545734,0.0545735,0,0.016256,0,0,0,6.19596,0.0678518,0.68133,0.882621,2,-4.74848,9.23925,-0.014924,0.0285111,0.00519586,0.00641171
901,door_1,1816,0,0.107003,0.107004,0,0.00763028,0,0,0,4.10191,0.0434049,0.570703,0.7,2.10824,-3.2513,7.166,0,0.616897,0.00561232,0.00556849
902,door_2,2150,0,0.0545734,0.0545735,0,0.016256,0,0,0,6.19596,0.0678518,0.68133,0.882621,2,-4.74848,9.23925,-0.014924,0.0285111,0.00519586,0.0064117
902,door_1,1816,0,0.107003,0.107004,0,0.00763028,0,0,0,4.10191,0.0434049,0.570703,0.7,2.10824,-3.2513,7.166,0,0.616917,0.00561232,0.00556849
903,door_2,2150,0,0.0545734,0.0545735,0,0.016256,0,0,0,6.19596,0.0678518,0.68133,0.882621,2,-4.74848,9.23925,-0.014924,0.0285111,0.00519586,0.0064117
903,door_1,1816,0,0.107003,0.107004,0,0.00763028,0,0,0,4.10191,0.0434049,0.570703,0.7,2.10824,-3.2513,7.166,0,0.616937,0.00561232,0.00556849
904,door_2,2150,0,0.0545734,0.0545735,0,0.016256,0,0,0,6.19596,0.0678518,0.68133,0.882621,2,-4.74848,9.23925,-0.014924,0.0285111,0.00519586,0.0064117
904,door_1,1816,0,0.107003,0.107004,0,0.00763028,0,0,0,4.10191,0.0434049,0.570703,0.7,2.10824,-3.2513,7.166,0,0.616958,0.00561231,0.00556849
906,door_2,2150,0,0.0545734,0.0545735,0,0.016256,0,0,0,6.19596,0.0678518,0.68133,0.882621,2,-4.74848,9.23925,-0.014924,0.0285111,0.00519586,0.00641169
906,door_1,1816,0,0.107003,0.107004,0,0.00763028,0,0,0,4.10191,0.0434049,0.570703,0.7,2.10824,-3.2513,7.166,0,0.616978,0.00561231,0.00556849
907,door_2,2150,0,0.0545734,0.0545735,0,0.016256,0,0,0,6.19596,0.0678518,0.68133,0.882621,2,-4.74848,9.23925,-0.014924,0.0285111,0.00519586,0.00641169
907,door_1,1816,0,0.107003,0.107004,0,0.00763028,0,0,0,4.10191,0.0434049,0.570703,0.7,2.10824,-3.2513,7.166,0,0.616998,0.00561231,0.00556849
908,door_2,2150,0,0.0545734,0.0545735,0,0.016256,0,0,0,6.19596,0.0678518,0.68133,0.882621,2,-4.74848,9.23925,-0.014924,0.0285111,0.00519586,0.00641168
908,door_1,1816,0,0.107003,0.107004,0,0.00763028,0,0,0,4.10191,0.0434049,0.570703,0.7,2.10824,-3.2513,7.166,0,0.617018,0.00561231,0.00556849
909,door_2,2150,0,0.0545734,0.0545735,0,0.016256,0,0,0,6.19596,0.0678518,0.68133,0.882621,2,-4.74848,9.23925,-0.014924,0.0285111,0.00519586,0.00641168
909,door_1,1816,0,0.107003,0.107004,0,0.00763028,0,0,0,4.10191,0.0434049,0.570703,0.7,2.10824,-3.2513,7.166,0,0.617039,0.00561231,0.00556849
910,door_2,2150,0,0.0545734,0.0545735,0,0.016256,0,0,0,6.19596,0.0678518,0.68133,0.882621,2,-4.74848,9.23925,-0.014924,0.0285111,0.00519586,0.00641168
910,door_1,1816,0,0.107003,0.107004,0,0.00763028,0,0,0,4.10191,0.0434049,0.570703,0.7,2.10824,-3.2513,7.166,0,0.617059,0.00561231,0.00556849
911,door_2,2150,0,0.0545734,0.0545735,0,0.016256,0,0,0,6.19596,0.0678518,0.68133,0.882621,2,-4.74848,9.23925,-0.014924,0.0285111,0.00519586,0.00641168
911,door_1,1816,0,0.107003,0.107004,0,0.00763028,0,0,0,4.10191,0.0434049,0.570703,0.7,2.10824,-3.2513,7.166,0,0.617079,0.00561231,0.00556849
912,door_2,2150,0,0.0545734,0.0545735,0,0.016256,0,0,0,6.19596,0.0678518,0.68133,0.882621,2,-4.74848,9.23925,-0.014924,0.0285111,0.00519586,0.00641167
912,door_1,1816,0,0.107003,0.107004,0,0.00763028,0,0,0,4.10191,0.0434049,0.570703,0.7,2.10824,-3.2513,7.166,0,0.617099,0.00561231,0.00556849
914,door_2,2150,0,0.0545734,0.0545735,0,0.016256,0,0,0,6.19596,0.0678518,0.68133,0.882621,2,-4.74848,9.23925,-0.014924,0.0285111,0.00519586,0.00641167
914,door_1,1816,0,0.107003,0.107004,0,0.00763028,0,0,0,4.10191,0.0434049,0.570703,0.7,2.10824,-3.2513,7.166,0,0.61712,0.00561231,0.00556849
915,door_2,2150,0,0.0545734,0.0545735,0,0.016256,0,0,0,6.19596,0.0678518,0.68133,0.882621,2,-4.74848,9.23925,-0.014924,0.0285111,0.00519586,0.00641167
915,door_1,1816,0,0.107003,0.107004,0,0.00763028,0,0,0,4.10191,0.0434049,0.570703,0.7,2.10824,-3.2513,7.166,0,0.61714,0.00561231,0.00556849
916,door_2,2150,0,0.0545734,0.0545735,0,0.016256,0,0,0,6.19596,0.0678518,0.68133,0.882621,2,-4.74848,9.23925,-0.014924,0.0285111,0.00519586,0.00641166
916,door_1,1816,0,0.107003,0.107004,0,0.00763028,0,0,0,4.10191,0.0434049,0.570703,0.7,2.10824,-3.2513,7.166,0,0.61716,0.00561231,0.00556849
917,door_2,2150,0,0.0545734,0.0545735,0,0.016256,0,0,0,6.19596,0.0678518,0.68133,0.882621,2,-4.74848,9.23925,-0.014924,0.0285111,0.00519586,0.00641166
917,door_1,1816,0,0.107003,0.107004,0,0.00763028,0,0,0,4.10191,0.0434049,0.570703,0.7,2.10824,-3.2513,7.166,0,0.617181,0.00561231,0.00556849
918,door_2,2150,0,0.0545734,0.0545735,0,0.016256,0,0,0,6.19596,0.0678518,0.68133,0.882621,2,-4.74848,9.23925,-0.014924,0.0285111,0.00519586,0.00641166
918,door_1,1816,0,0.107003,0.107004,0,0.00763028,0,0,0,4.10191,0.0434049,0.570703,0.7,2.10824,-3.2513,7.166,0,0.617201,0.00561231,0.00556849
919,door_2,2150,0,0.0545734,0.0545735,0,0.016256,0,0,0,6.19596,0.0678518,0.68133,0.882621,2,-4.74848,9.23925,-0.014924,0.0285111,0.00519586,0.00641165
919,door_1,1816,0,0.107003,0.107004,0,0.00763028,0,0,0,4.10191,0.0434049,0.570703,0.7,2.10824,-3.2513,7.166,0,0.617221,0.00561231,0.00556849
920,door_2,2150,0,0.0545734,0.0545735,0,0.016256,0,0,0,6.19596,0.0678518,0.68133,0.882621,2,-4.74848,9.23925,-0.014924,0.0285111,0.00519586,0.00641165
920,door_1,1816,0,0.107003,0.107004,0,0.00763028,0,0,0,4.10191,0.0434049,0.570703,0.7,2.10824,-3.2513,7.166,0,0.617241,0.00561231,0.00556849
921,door_2,2150,0,0.0545734,0.0545735,0,0.016256,0,0,0,6.19596,0.0678518,0.68133,0.882621,2,-4.74848,9.23925,-0.014924,0.0285111,0.00519586,0.00641165
921,door_1,1816,0,0.107003,0.107004,0,0.00763028,0,0,0,4.10191,0.0434049,0.570703,0.7,2.10824,-3.2513,7.166,0,0.617261,0.00561231,0.00556849
922,door_2,2150,0,0.0545734,0.0545735,0,0.016256,0,0,0,6.19596,0.0678518,0.68133,0.882621,2,-4.74848,9.23925,-0.014924,0.0285111,0.00519586,0.00641165
922,door_1,1816,0,0.107003,0.107004,0,0.00763028,0,0,0,4.10191,0.0434049,0.570703,0.7,2.10824,-3.2513,7.166,0,0.617282,0.00561231,0.00556849
923,door_2,2150,0,0.0545734,0.0545735,0,0.016256,0,0,0,6.19596,0.0678518,0.68133,0.882621,2,-4.74848,9.23925,-0.014924,0.0285111,0.00519586,0.00641164
923,door_1,1816,0,0.107003,0.107004,0,0.00763028,0,0,0,4.10191,0.0434049,0.570703,0.7,2.10824,-3.2513,7.166,0,0.617302,0.00561231,0.00556849
924,door_2,2150,0,0.0545734,0.0545735,0,0.016256,0,0,0,6.19596,0.0678518,0.68133,0.882621,2,-4.74848,9.23925,-0.014924,0.0285111,0.00519586,0.00641164
924,door_1,1816,0,0.107003,0.107004,0,0.00763028,0,0,0,4.10191,0.0434049,0.570703,0.7,2.10824,-3.2513,7.166,0,0.617322,0.00561231,0.00556849
925,door_2,2150,0,0.0545734,0.0545735,0,0.016256,0,0,0,6.19596,0.0678518,0.68133,0.882621,2,-4.74848,9.23925,-0.014924,0.0285111,0.00519586,0.00641164
925,door_1,1816,0,0.107003,0.107004,0,0.00763028,0,0,0,4.10191,0.0434049,0.570703,0.7,2.10824,-3.2513,7.166,0,0.617343,0.00561231,0.00556849
926,door_2,2150,0,0.0545734,0.0545735,0,0.016256,0,0,0,6.19596,0.0678518,0.68133,0.882621,2,-4.74848,9.23925,-0.014924,0.0285111,0.00519586,0.00641163
926,door_1,1816,0,0.107003,0.107004,0,0.00763028,0,0,0,4.10191,0.0434049,0.570703,0.7,2.10824,-3.2513,7.166,0,0.617363,0.00561231,0.00556849
927,door_2,2150,0,0.0545734,0.0545735,0,0.016256,0,0,0,6.19596,0.0678518,0.68133,0.882621,2,-4.74848,9.23925,-0.014924,0.0285111,0.00519586,0.00641163
927,door_1,1816,0,0.107003,0.107004,0,0.00763028,0,0,0,4.10191,0.0434049,0.570703,0.7,2.10824,-3.2513,7.166,0,0.617383,0.00561231,0.00556849
928,door_2,2150,0,0.0545734,0.0545735,0,0.016256,0,0,0,6.19596,0.0678518,0.68133,0.882621,2,-4.74848,9.23925,-0.014924,0.0285111,0.00519586,0.00641163
928,door_1,1816,0,0.107003,0.107004,0,0.00763028,0,0,0,4.10191,0.0434049,0.570703,0.7,2.10824,-3.2513,7.166,0,0.617403,0.00561231,0.00556849
931,door_2,2150,0,0.0545734,0.0545735,0,0.016256,0,0,0,6.19596,0.0678518,0.68133,0.882621,2,-4.74848,9.23925,-0.014924,0.0285111,0.00519586,0.00641163
931,door_1,1816,0,0.107003,0.107004,0,0.00763028,0,0,0,4.10191,0.0434049,0.570703,0.7,2.10824,-3.2513,7.166,0,0.617424,0.00561231,0.00556849
932,door_2,2150,0,0.0545734,0.0545735,0,0.016256,0,0,0,6.19596,0.0678518,0.68133,0.882621,2,-4.74848,9.23925,-0.014924,0.0285111,0.00519586,0.00641162
932,door_1,1816,0,0.107003,0.107004,0,0.00763028,0,0,0,4.10191,0.0434049,0.570703,0.7,2.10824,-3.2513,7.166,0,0.617444,0.00561231,0.00556849
933,door_2,2150,0,0.0545734,0.0545735,0,0.016256,0,0,0,6.19596,0.0678518,0.68133,0.882621,2,-4.74848,9.23925,-0.014924,0.0285111,0.00519586,0.00641162
933,door_1,1816,0,0.107003,0.107004,0,0.00763028,0,0,0,4.10191,0.0434049,0.570703,0.7,2.10824,-3.2513,7.166,0,0.617464,0.00561231,0.00556849
934,door_2,2150,0,0.0545734,0.0545735,0,0.016256,0,0,0,6.19596,0.0678518,0.68133,0.882621,2,-4.74848,9.23925,-0.014924,0.0285111,0.00519586,0.00641162
934,door_1,1816,0,0.107003,0.107004,0,0.00763028,0,0,0,4.10191,0.0434049,0.570703,0.7,2.10824,-3.2513,7.166,0,0.617484,0.00561231,0.00556849
935,door_2,2150,0,0.0545734,0.0545735,0,0.016256,0,0,0,6.19596,0.0678518,0.68133,0.882621,2,-4.74848,9.23925,-0.014924,0.0285111,0.00519586,0.00641161
935,door_1,1816,0,0.107003,0.107004,0,0.00763028,0,0,0,4.10191,0.0434049,0.570703,0.7,2.10824,-3.2513,7.166,0,0.617505,0.00561231,0.00556849
936,door_2,2150,0,0.0545734,0.0545735,0,0.016256,0,0,0,6.19596,0.0678518,0.68133,0.882621,2,-4.74848,9.23925,-0.014924,0.0285111,0.00519586,0.00641161
936,door_1,1816,0,0.107003,0.107004,0,0.00763028,0,0,0,4.10191,0.0434049,0.570703,0.7,2.10824,-3.2513,7.166,0,0.617525,0.00561231,0.00556849
937,door_2,2150,0,0.0545734,0.0545735,0,0.016256,0,0,0,6.19596,0.0678518,0.68133,0.882621,2,-4.74848,9.23925,-0.014924,0.0285111,0.00519586,0.00641161
937,door_1,1816,0,0.107003,0.107004,0,0.00763028,0,0,0,4.10191,0.0434049,0.570703,0.7,2.10824,-3.2513,7.166,0,0.617545,0.00561231,0.00556849
938,door_2,2150,0,0.0545734,0.0545735,0,0.016256,0,0,0,6.19596,0.0678518,0.68133,0.882621,2,-4.74848,9.23925,-0.014924,0.0285111,0.00519586,0.00641161
938,door_1,1816,0,0.107003,0.107004,0,0.00763028,0,0,0,4.10191,0.0434049,0.570703,0.7,2.10824,-3.2513,7.166,0,0.617565,0.00561231,0.00556849
940,door_2,2150,0,0.0545734,0.0545735,0,0.016256,0,0,0,6.19596,0.0678518,0.68133,0.882621,2,-4.74848,9.23925,-0.014924,0.0285111,0.00519586,0.00641161
940,door_1,1816,0,0.107003,0.107004,0,0.00763028,0,0,0,4.10191,0.0434049,0.570703,0.7,2.10824,-3.2513,7.166,0,0.617586,0.00561231,0.00556849
941,door_2,2150,0,0.0545734,0.0545735,0,0.016256,0,0,0,6.19596,0.0678518,0.68133,0.882621,2,-4.74848,9.23925,-0.014924,0.0285111,0.00519586,0.0064116
941,door_1,1816,0,0.107003,0.107004,0,0.00763028,0,0,0,4.10191,0.0434049,0.570703,0.7,2.10824,-3.2513,7.166,0,0.617606,0.00561231,0.00556849
942,door_2,2150,0,0.0545734,0.0545735,0,0.016256,0,0,0,6.19596,0.0678518,0.68133,0.882621,2,-4.74848,9.23925,-0.014924,0.0285111,0.00519586,0.0064116
942,door_1,1816,0,0.107003,0.107004,0,0.00763028,0,0,0,4.10191,0.0434049,0.570703,0.7,2.10824,-3.2513,7.166,0,0.617626,0.00561231,0.00556849
943,door_2,2150,0,0.0545734,0.0545735,0,0.016256,0,0,0,6.19596,0.0678518,0.68133,0.882621,2,-4.74848,9.23925,-0.014924,0.0285111,0.00519586,0.0064116
943,door_1,1816,0,0.107003,0.107004,0,0.00763028,0,0,0,4.10191,0.0434049,0.570703,0.7,2.10824,-3.2513,7.166,0,0.617646,0.00561231,0.00556849
944,door_2,2150,0,0.0545734,0.0545735,0,0.016256,0,0,0,6.19596,0.0678518,0.68133,0.882621,2,-4.74848,9.23925,-0.014924,0.0285111,0.00519586,0.0064116
944,door_1,1816,0,0.107003,0.107004,0,0.00763028,0,0,0,4.10191,0.0434049,0.570703,0.7,2.10824,-3.2513,7.166,0,0.617666,0.00561231,0.00556849
945,door_2,2150,0,0.0545734,0.0545735,0,0.016256,0,0,0,6.19596,0.0678518,0.68133,0.882621,2,-4.74848,9.23925,-0.014924,0.0285111,0.00519586,0.0064116
945,door_1,1816,0,0.107003,0.107004,0,0.00763028,0,0,0,4.10191,0.0434049,0.570703,0.7,2.10824,-3.2513,7.166,0,0.617687,0.00561231,0.00556849
946,door_2,2150,0,0.0545734,0.0545735,0,0.016256,0,0,0,6.19596,0.0678518,0.68133,0.882621,2,-4.74848,9.23925,-0.014924,0.0285111,0.00519586,0.00641159
946,door_1,1816,0,0.107003,0.107004,0,0.00763028,0,0,0,4.10191,0.0434049,0.570703,0.7,2.10824,-3.2513,7.166,0,0.617707,0.00561231,0.00556849
947,door_2,2150,0,0.0545734,0.0545735,0,0.016256,0,0,0,6.19596,0.0678518,0.68133,0.882621,2,-4.74848,9.23925,-0.014924,0.0285111,0.00519586,0.00641159
947,door_1,1816,0,0.107003,0.107004,0,0.00763028,0,0,0,4.10191,0.0434049,0.570703,0.7,2.10824,-3.2513,7.166,0,0.617727,0.00561231,0.00556849
948,door_2,2150,0,0.0545734,0.0545735,0,0.016256,0,0,0,6.19596,0.0678518,0.68133,0.882621,2,-4.74848,9.23925,-0.014924,0.0285111,0.00519586,0.00641159
948,door_1,1816,0,0.107003,0.107004,0,0.00763028,0,0,0,4.10191,0.0434049,0.570703,0.7,2.10824,-3.2513,7.166,0,0.617747,0.00561231,0.00556849
949,door_2,2150,0,0.0545734,0.0545735,0,0.016256,0,0,0,6.19596,0.0678518,0.68133,0.882621,2,-4.74848,9.23925,-0.014924,0.0285111,0.00519586,0.00641159
949,door_1,1816,0,0.107003,0.107004,0,0.00763028,0,0,0,4.10191,0.0434049,0.570703,0.7,2.10824,-3.2513,7.166,0,0.617768,0.00561231,0.00556849
950,door_2,2150,0,0.0545734,0.0545735,0,0.016256,0,0,0,6.19596,0.0678518,0.68133,0.882621,2,-4.74848,9.23925,-0.014924,0.0285111,0.00519586,0.00641158
950,door_1,1816,0,0.107003,0.107004,0,0.00763028,0,0,0,4.10191,0.0434049,0.570703,0.7,2.10824,-3.2513,7.166,0,0.617788,0.00561231,0.00556849
952,door_2,2150,0,0.0545734,0.0545735,0,0.016256,0,0,0,6.19596,0.0678518,0.68133,0.882621,2,-4.74848,9.23925,-0.014924,0.0285111,0.00519586,0.00641158
952,door_1,1816,0,0.107003,0.107004,0,0.00763028,0,0,0,4.10191,0.0434049,0.570703,0.7,2.10824,-3.2513,7.166,0,0.617808,0.00561231,0.00556849
953,door_2,2150,0,0.0545734,0.0545735,0,0.016256,0,0,0,6.19596,0.0678518,0.68133,0.882621,2,-4.74848,9.23925,-0.014924,0.0285111,0.00519586,0.00641158
953,door_1,1816,0,0.107003,0.107004,0,0.00763028,0,0,0,4.10191,0.0434049,0.570703,0.7,2.10824,-3.2513,7.166,0,0.617828,0.00561231,0.00556849
954,door_2,2150,0,0.0545734,0.0545735,0,0.016256,0,0,0,6.19596,0.0678518,0.68133,0.882621,2,-4.74848,9.23925,-0.014924,0.0285111,0.00519586,0.00641158
954,door_1,1816,0,0.107003,0.107004,0,0.00763028,0,0,0,4.10191,0.0434049,0.570703,0.7,2.10824,-3.2513,7.166,0,0.617849,0.00561231,0.00556849
955,door_2,2150,0,0.0545734,0.0545735,0,0.016256,0,0,0,6.19596,0.0678518,0.68133,0.882621,2,-4.74848,9.23925,-0.014924,0.0285111,0.00519586,0.00641158
955,door_1,1816,0,0.107003,0.107004,0,0.00763028,0,0,0,4.10191,0.0434049,0.570703,0.7,2.10824,-3.2513,7.166,0,0.617869,0.00561231,0.00556849
956,door_2,2150,0,0.0545734,0.0545735,0,0.016256,0,0,0,6.19596,0.0678518,0.68133,0.882621,2,-4.74848,9.23925,-0.014924,0.0285111,0.00519586,0.00641157
956,door_1,1816,0,0.107003,0.107004,0,0.00763028,0,0,0,4.10191,0.0434049,0.570703,0.7,2.10824,-3.2513,7.166,0,0.617889,0.00561231,0.00556849
958,door_2,2150,0,0.0545734,0.0545735,0,0.016256,0,0,0,6.19596,0.0678518,0.68133,0.882621,2,-4.74848,9.23925,-0.014924,0.0285111,0.00519586,0.00641157
958,door_1,1816,0,0.107003,0.107004,0,0.00763028,0,0,0,4.10191,0.0434049,0.570703,0.7,2.10824,-3.2513,7.166,0,0.617909,0.00561231,0.00556849
959,door_2,2150,0,0.0545734,0.0545735,0,0.016256,0,0,0,6.19596,0.0678518,0.68133,0.882621,2,-4.74848,9.23925,-0.014924,0.0285111,0.00519586,0.00641157
959,door_1,1816,0,0.107003,0.107004,0,0.00763028,0,0,0,4.10191,0.0434049,0.570703,0.7,2.10824,-3.2513,7.166,0,0.61793,0.00561231,0.00556849
960,door_2,2150,0,0.0545734,0.0545735,0,0.016256,0,0,0,6.19596,0.0678518,0.68133,0.882621,2,-4.74848,9.23925,-0.014924,0.0285111,0.00519586,0.00641157
960,door_1,1816,0,0.107003,0.107004,0,0.00763028,0,0,0,4.10191,0.0434049,0.570703,0.7,2.10824,-3.2513,7.166,0,0.61795,0.00561231,0.00556849
961,door_2,2150,0,0.0545734,0.0545735,0,0.016256,0,0,0,6.19596,0.0678518,0.68133,0.882621,2,-4.74848,9.23925,-0.014924,0.0285111,0.00519586,0.00641157
961,door_1,1816,0,0.107003,0.107004,0,0.00763028,0,0,0,4.10191,0.0434049,0.570703,0.7,2.10824,-3.2513,7.166,0,0.61797,0.00561231,0.00556849
962,door_2,2150,0,0.0545734,0.0545735,0,0.016256,0,0,0,6.19596,0.0678518,0.68133,0.882621,2,-4.74848,9.23925,-0.014924,0.0285111,0.00519586,0.00641156
962,door_1,1816,0,0.107003,0.107004,0,0.00763028,0,0,0,4.10191,0.0434049,0.570703,0.7,2.10824,-3.2513,7.166,0,0.61799,0.00561231,0.00556849
963,door_2,2150,0,0.0545734,0.0545735,0,0.016256,0,0,0,6.19596,0.0678518,0.68133,0.882621,2,-4.74848,9.23925,-0.014924,0.0285111,0.00519586,0.00641156
963,door_1,1816,0,0.107003,0.107004,0,0.00763028,0,0,0,4.10191,0.0434049,0.570703,0.7,2.10824,-3.2513,7.166,0,0.618011,0.00561231,0.00556849
964,door_2,2150,0,0.0545734,0.0545735,0,0.016256,0,0,0,6.19596,0.0678518,0.68133,0.882621,2,-4.74848,9.23925,-0.014924,0.0285111,0.00519586,0.00641156
964,door_1,1816,0,0.107003,0.107004,0,0.00763028,0,0,0,4.10191,0.0434049,0.570703,0.7,2.10824,-3.2513,7.166,0,0.618031,0.00561231,0.00556849
965,door_2,2150,0,0.0545734,0.0545735,0,0.016256,0,0,0,6.19596,0.0678518,0.68133,0.882621,2,-4.74848,9.23925,-0.014924,0.0285111,0.00519586,0.00641156
965,door_1,1816,0,0.107003,0.107004,0,0.00763028,0,0,0,4.10191,0.0434049,0.570703,0.7,2.10824,-3.2513,7.166,0,0.618051,0.00561231,0.00556849
966,door_2,2150,0,0.0545734,0.0545735,0,0.016256,0,0,0,6.19596,0.0678518,0.68133,0.882621,2,-4.74848,9.23925,-0.014924,0.0285111,0.00519586,0.00641156
966,door_1,1816,0,0.107003,0.107004,0,0.00763028,0,0,0,4.10191,0.0434049,0.570703,0.7,2.10824,-3.2513,7.166,0,0.618071,0.00561231,0.00556849
967,door_2,2150,0,0.0545734,0.0545735,0,0.016256,0,0,0,6.19596,0.0678518,0.68133,0.882621,2,-4.74848,9.23925,-0.014924,0.0285111,0.00519586,0.00641156
967,door_1,1816,0,0.107003,0.107004,0,0.00763028,0,0,0,4.10191,0.0434049,0.570703,0.7,2.10824,-3.2513,7.166,0,0.618091,0.00561231,0.00556849
968,door_2,2150,0,0.0545734,0.0545735,0,0.016256,0,0,0,6.19596,0.0678518,0.68133,0.882621,2,-4.74848,9.23925,-0.014924,0.0285111,0.00519586,0.00641155
968,door_1,1816,0,0.107003,0.107004,0,0.00763028,0,0,0,4.10191,0.0434049,0.570703,0.7,2.10824,-3.2513,7.166,0,0.618112,0.00561231,0.00556849
969,door_2,2150,0,0.0545734,0.0545735,0,0.016256,0,0,0,6.19596,0.0678518,0.68133,0.882621,2,-4.74848,9.23925,-0.014924,0.0285111,0.00519586,0.00641155
969,door_1,1816,0,0.107003,0.107004,0,0.00763028,0,0,0,4.10191,0.0434049,0.570703,0.7,2.10824,-3.2513,7.166,0,0.618132,0.00561231,0.00556849
970,door_2,2150,0,0.0545734,0.0545735,0,0.016256,0,0,0,6.19596,0.0678518,0.68133,0.882621,2,-4.74848,9.23925,-0.014924,0.0285111,0.00519586,0.00641155
970,door_1,1816,0,0.107003,0.107004,0,0.00763028,0,0,0,4.10191,0.0434049,0.570703,0.7,2.10824,-3.2513,7.166,0,0.618152,0.00561231,0.00556849
971,door_2,2150,0,0.0545734,0.0545735,0,0.016256,0,0,0,6.19596,0.0678518,0.68133,0.882621,2,-4.74848,9.23925,-0.014924,0.0285111,0.00519586,0.00641155
971,door_1,1816,0,0.107003,0.107004,0,0.00763028,0,0,0,4.10191,0.0434049,0.570703,0.7,2.10824,-3.2513,7.166,0,0.618172,0.00561231,0.00556849
972,door_2,2150,0,0.0545734,0.0545735,0,0.016256,0,0,0,6.19596,0.0678518,0.68133,0.882621,2,-4.74848,9.23925,-0.014924,0.0285111,0.00519586,0.00641155
972,door_1,1816,0,0.107003,0.107004,0,0.00763028,0,0,0,4.10191,0.0434049,0.570703,0.7,2.10824,-3.2513,7.166,0,0.618193,0.00561231,0.00556849
974,door_2,2150,0,0.0545734,0.0545735,0,0.016256,0,0,0,6.19596,0.0678518,0.68133,0.882621,2,-4.74848,9.23925,-0.014924,0.0285111,0.00519586,0.00641155
974,door_1,1816,0,0.107003,0.107004,0,0.00763028,0,0,0,4.10191,0.0434049,0.570703,0.7,2.10824,-3.2513,7.166,0,0.618213,0.00561231,0.00556849
975,door_2,2150,0,0.0545734,0.0545735,0,0.016256,0,0,0,6.19596,0.0678518,0.68133,0.882621,2,-4.74848,9.23925,-0.014924,0.0285111,0.00519586,0.00641154
975,door_1,1816,0,0.107003,0.107004,0,0.00763028,0,0,0,4.10191,0.0434049,0.570703,0.7,2.10824,-3.2513,7.166,0,0.618233,0.00561231,0.00556849
976,door_2,2150,0,0.0545734,0.0545735,0,0.016256,0,0,0,6.19596,0.0678518,0.68133,0.882621,2,-4.74848,9.23925,-0.014924,0.0285111,0.00519586,0.00641154
976,door_1,1816,0,0.107003,0.107004,0,0.00763028,0,0,0,4.10191,0.0434049,0.570703,0.7,2.10824,-3.2513,7.166,0,0.618253,0.00561231,0.00556849
977,door_2,2150,0,0.0545734,0.0545735,0,0.016256,0,0,0,6.19596,0.0678518,0.68133,0.882621,2,-4.74848,9.23925,-0.014924,0.0285111,0.00519586,0.00641154
977,door_1,1816,0,0.107003,0.107004,0,0.00763028,0,0,0,4.10191,0.0434049,0.570703,0.7,2.10824,-3.2513,7.166,0,0.618273,0.00561231,0.00556849
978,door_2,2150,0,0.0545734,0.0545735,0,0.016256,0,0,0,6.19596,0.0678518,0.68133,0.882621,2,-4.74848,9.23925,-0.014924,0.0285111,0.00519586,0.00641154
978,door_1,1816,0,0.107003,0.107004,0,0.00763028,0,0,0,4.10191,0.0434049,0.570703,0.7,2.10824,-3.2513,7.166,0,0.618294,0.00561231,0.00556849
979,door_2,2150,0,0.0545734,0.0545735,0,0.016256,0,0,0,6.19596,0.0678518,0.68133,0.882621,2,-4.74848,9.23925,-0.014924,0.0285111,0.00519586,0.00641154
979,door_1,1816,0,0.107003,0.107004,0,0.00763028,0,0,0,4.10191,0.0434049,0.570703,0.7,2.10824,-3.2513,7.166,0,0.618314,0.00561231,0.00556849
980,door_2,2150,0,0.0545734,0.0545735,0,0.016256,0,0,0,6.19596,0.0678518,0.68133,0.882621,2,-4.74848,9.23925,-0.014924,0.0285111,0.00519586,0.00641154
980,door_1,1816,0,0.107003,0.107004,0,0.00763028,0,0,0,4.10191,0.0434049,0.570703,0.7,2.10824,-3.2513,7.166,0,0.618334,0.00561231,0.00556849
982,door_2,2150,0,0.0545734,0.0545735,0,0.016256,0,0,0,6.19596,0.0678518,0.68133,0.882621,2,-4.74848,9.23925,-0.014924,0.0285111,0.00519586,0.00641154
982,door_1,1816,0,0.107003,0.107004,0,0.00763028,0,0,0,4.10191,0.0434049,0.570703,0.7,2.10824,-3.2513,7.166,0,0.618354,0.00561231,0.00556849
983,door_2,2150,0,0.0545734,0.0545735,0,0.016256,0,0,0,6.19596,0.0678518,0.68133,0.882621,2,-4.74848,9.23925,-0.014924,0.0285111,0.00519586,0.00641153
983,door_1,1816,0,0.107003,0.107004,0,0.00763028,0,0,0,4.10191,0.0434049,0.570703,0.7,2.10824,-3.2513,7.166,0,0.618375,0.00561231,0.00556849
984,door_2,2150,0,0.0545734,0.0545735,0,0.016256,0,0,0,6.19596,0.0678518,0.68133,0.882621,2,-4.74848,9.23925,-0.014924,0.0285111,0.00519586,0.00641153
984,door_1,1816,0,0.107003,0.107004,0,0.00763028,0,0,0,4.10191,0.0434049,0.570703,0.7,2.10824,-3.2513,7.166,0,0.618395,0.00561231,0.00556849
985,door_2,2150,0,0.0545734,0.0545735,0,0.016256,0,0,0,6.19596,0.0678518,0.68133,0.882621,2,-4.74848,9.23925,-0.014924,0.0285111,0.00519586,0.00641153
985,door_1,1816,0,0.107003,0.107004,0,0.00763028,0,0,0,4.10191,0.0434049,0.570703,0.7,2.10824,-3.2513,7.166,0,0.618415,0.00561231,0.00556849
986,door_2,2150,0,0.0545734,0.0545735,0,0.016256,0,0,0,6.19596,0.0678518,0.68133,0.882621,2,-4.74848,9.23925,-0.014924,0.0285111,0.00519586,0.00641153
986,door_1,1816,0,0.107003,0.107004,0,0.00763028,0,0,0,4.10191,0.0434049,0.570703,0.7,2.10824,-3.2513,7.166,0,0.618435,0.00561231,0.00556849
988,door_2,2150,0,0.0545734,0.0545735,0,0.016256,0,0,0,6.19596,0.0678518,0.68133,0.882621,2,-4.74848,9.23925,-0.014924,0.0285111,0.00519586,0.00641153
988,door_1,1816,0,0.107003,0.107004,0,0.00763028,0,0,0,4.10191,0.0434049,0.570703,0.7,2.10824,-3.2513,7.166,0,0.618455,0.00561231,0.00556849
989,door_2,2150,0,0.0545734,0.0545735,0,0.016256,0,0,0,6.19596,0.0678518,0.68133,0.882621,2,-4.74848,9.23925,-0.014924,0.0285111,0.00519586,0.00641153
989,door_1,1816,0,0.107003,0.107004,0,0.00763028,0,0,0,4.10191,0.0434049,0.570703,0.7,2.10824,-3.2513,7.166,0,0.618476,0.00561231,0.00556849
990,door_2,2150,0,0.0545734,0.0545735,0,0.016256,0,0,0,6.19596,0.0678518,0.68133,0.882621,2,-4.74848,9.23925,-0.014924,0.0285111,0.00519586,0.00641153
990,door_1,1816,0,0.107003,0.107004,0,0.00763028,0,0,0,4.10191,0.0434049,0.570703,0.7,2.10824,-3.2513,7.166,0,0.618496,0.00561231,0.00556849
991,door_2,2150,0,0.0545734,0.0545735,0,0.016256,0,0,0,6.19596,0.0678518,0.68133,0.882621,2,-4.74848,9.23925,-0.014924,0.0285111,0.00519586,0.00641152
991,door_1,1816,0,0.107003,0.107004,0,0.00763028,0,0,0,4.10191,0.0434049,0.570703,0.7,2.10824,-3.2513,7.166,0,0.618516,0.00561231,0.00556849
992,door_2,2150,0,0.0545734,0.0545735,0,0.016256,0,0,0,6.19596,0.0678518,0.68133,0.882621,2,-4.74848,9.23925,-0.014924,0.0285111,0.00519586,0.00641152
992,door_1,1816,0,0.107003,0.107004,0,0.00763028,0,0,0,4.10191,0.0434049,0.570703,0.7,2.10824,-3.2513,7.166,0,0.618536,0.00561231,0.00556849
993,door_2,2150,0,0.0545734,0.0545735,0,0.016256,0,0,0,6.19596,0.0678518,0.68133,0.882621,2,-4.74848,9.23925,-0.014924,0.0285111,0.00519586,0.00641152
993,door_1,1816,0,0.107003,0.107004,0,0.00763028,0,0,0,4.10191,0.0434049,0.570703,0.7,2.10824,-3.2513,7.166,0,0.618556,0.00561231,0.00556849
994,door_2,2150,0,0.0545734,0.0545735,0,0.016256,0,0,0,6.19596,0.0678518,0.68133,0.882621,2,-4.74848,9.23925,-0.014924,0.0285111,0.00519586,0.00641152
994,door_1,1816,0,0.107003,0.107004,0,0.00763028,0,0,0,4.10191,0.0434049,0.570703,0.7,2.10824,-3.2513,7.166,0,0.618577,0.00561231,0.00556849
995,door_2,2150,0,0.0545734,0.0545735,0,0.016256,0,0,0,6.19596,0.0678518,0.68133,0.882621,2,-4.74848,9.23925,-0.014924,0.0285111,0.00519586,0.00641152
995,door_1,1816,0,0.107003,0.107004,0,0.00763028,0,0,0,4.10191,0.0434049,0.570703,0.7,2.10824,-3.2513,7.166,0,0.618597,0.00561231,0.00556849
996,door_2,2150,0,0.0545734,0.0545735,0,0.016256,0,0,0,6.19596,0.0678518,0.68133,0.882621,2,-4.74848,9.23925,-0.014924,0.0285111,0.00519586,0.00641152
996,door_1,1816,0,0.107003,0.107004,0,0.00763028,0,0,0,4.10191,0.0434049,0.570703,0.7,2.10824,-3.2513,7.166,0,0.618617,0.00561231,0.00556849
997,door_2,2150,0,0.0545734,0.0545735,0,0.016256,0,0,0,6.19596,0.0678518,0.68133,0.882621,2,-4.74848,9.23925,-0.014924,0.0285111,0.00519586,0.00641152
997,door_1,1816,0,0.107003,0.107004,0,0.00763028,0,0,0,4.10191,0.0434049,0.570703,0.7,2.10824,-3.2513,7.166,0,0.618637,0.00561231,0.00556849
998,door_2,2150,0,0.0545734,0.0545735,0,0.016256,0,0,0,6.19596,0.0678518,0.68133,0.882621,2,-4.74848,9.23925,-0.014924,0.0285111,0.00519586,0.00641151
998,door_1,1816,0,0.107003,0.107004,0,0.00763028,0,0,0,4.10191,0.0434049,0.570703,0.7,2.10824,-3.2513,7.166,0,0.618658,0.00561231,0.00556849
999,door_2,2150,0,0.0545734,0.0545735,0,0.016256,0,0,0,6.19596,0.0678518,0.68133,0.882621,2,-4.74848,9.23925,-0.014924,0.0285111,0.00519586,0.00641151
999,door_1,1816,0,0.107003,0.107004,0,0.00763028,0,0,0,4.10191,0.0434049,0.570703,0.7,2.10824,-3.2513,7.166,0,0.618678,0.00561231,0.00556849
1000,door_2,2150,0,0.0545734,0.0545735,0,0.016256,0,0,0,6.19596,0.0678518,0.68133,0.882621,2,-4.74848,9.23925,-0.014924,0.0285111,0.00519586,0.00641151
1000,door_1,1816,0,0.107003,0.107004,0,0.00763028,0,0,0,4.10191,0.0434049,0.570703,0.7,2.10824,-3.2513,7.166,0,0.618698,0.00561231,0.00556849
1001,door_2,2150,0,0.0545734,0.0545735,0,0.016256,0,0,0,6.19596,0.0678518,0.68133,0.882621,2,-4.74848,9.23925,-0.014924,0.0285111,0.00519586,0.00641151
1001,door_1,1816,0,0.107003,0.107004,0,0.00763028,0,0,0,4.10191,0.0434049,0.570703,0.7,2.10824,-3.2513,7.166,0,0.618718,0.00561231,0.00556849
1002,door_2,2150,0,0.0545734,0.0545735,0,0.016256,0,0,0,6.19596,0.0678518,0.68133,0.882621,2,-4.74848,9.23925,-0.014924,0.0285111,0.00519586,0.00641151
1002,door_1,1816,0,0.107003,0.107004,0,0.00763028,0,0,0,4.10191,0.0434049,0.570703,0.7,2.10824,-3.2513,7.166,0,0.618738,0.00561231,0.00556849
1003,door_2,2150,0,0.0545734,0.0545735,0,0.016256,0,0,0,6.19596,0.0678518,0.68133,0.882621,2,-4.74848,9.23925,-0.014924,0.0285111,0.00519586,0.00641151
1003,door_1,1816,0,0.107003,0.107004,0,0.00763028,0,0,0,4.10191,0.0434049,0.570703,0.7,2.10824,-3.2513,7.166,0,0.618759,0.00561231,0.00556849
1004,door_2,2150,0,0.0545734,0.0545735,0,0.016256,0,0,0,6.19596,0.0678518,0.68133,0.882621,2,-4.74848,9.23925,-0.014924,0.0285111,0.00519586,0.00641151
1004,door_1,1816,0,0.107003,0.107004,0,0.00763028,0,0,0,4.10191,0.0434049,0.570703,0.7,2.10824,-3.2513,7.166,0,0.618779,0.00561231,0.00556849
1005,door_2,2150,0,0.0545734,0.0545735,0,0.016256,0,0,0,6.19596,0.0678518,0.68133,0.882621,2,-4.74848,9.23925,-0.014924,0.0285111,0.00519586,0.0064115
1005,door_1,1816,0,0.107003,0.107004,0,0.00763028,0,0,0,4.10191,0.0434049,0.570703,0.7,2.10824,-3.2513,7.166,0,0.618799,0.00561231,0.00556849
1006,door_2,2150,0,0.0545734,0.0545735,0,0.016256,0,0,0,6.19596,0.0678518,0.68133,0.882621,2,-4.74848,9.23925,-0.014924,0.0285111,0.00519586,0.0064115
1006,door_1,1816,0,0.107003,0.107004,0,0.00763028,0,0,0,4.10191,0.0434049,0.570703,0.7,2.10824,-3.2513,7.166,0,0.618819,0.00561231,0.00556849
1007,door_2,2150,0,0.0545734,0.0545735,0,0.016256,0,0,0,6.19596,0.0678518,0.68133,0.882621,2,-4.74848,9.23925,-0.014924,0.0285111,0.00519586,0.0064115
1007,door_1,1816,0,0.107003,0.107004,0,0.00763028,0,0,0,4.10191,0.0434049,0.570703,0.7,2.10824,-3.2513,7.166,0,0.618839,0.00561231,0.00556849
1009,door_2,2150,0,0.0545734,0.0545735,0,0.016256,0,0,0,6.19596,0.0678518,0.68133,0.882621,2,-4.74848,9.23925,-0.014924,0.0285111,0.00519586,0.0064115
1009,door_1,1816,0,0.107003,0.107004,0,0.00763028,0,0,0,4.10191,0.0434049,0.570703,0.7,2.10824,-3.2513,7.166,0,0.61886,0.00561231,0.00556849
1010,door_2,2150,0,0.0545734,0.0545735,0,0.016256,0,0,0,6.19596,0.0678518,0.68133,0.882621,2,-4.74848,9.23925,-0.014924,0.0285111,0.00519586,0.0064115
1010,door_1,1816,0,0.107003,0.107004,0,0.00763028,0,0,0,4.10191,0.0434049,0.570703,0.7,2.10824,-3.2513,7.166,0,0.61888,0.00561231,0.00556849
1011,door_2,2150,0,0.0545734,0.0545735,0,0.016256,0,0,0,6.19596,0.0678518,0.68133,0.882621,2,-4.74848,9.23925,-0.014924,0.0285111,0.00519586,0.0064115
1011,door_1,1816,0,0.107003,0.107004,0,0.00763028,0,0,0,4.10191,0.0434049,0.570703,0.7,2.10824,-3.2513,7.166,0,0.6189,0.00561231,0.00556849
1012,door_2,2150,0,0.0545734,0.0545735,0,0.016256,0,0,0,6.19596,0.0678518,0.68133,0.882621,2,-4.74848,9.23925,-0.014924,0.0285111,0.00519586,0.0064115
1012,door_1,1816,0,0.107003,0.107004,0,0.00763028,0,0,0,4.10191,0.0434049,0.570703,0.7,2.10824,-3.2513,7.166,0,0.61892,0.00561231,0.00556849
1013,door_2,2150,0,0.0545734,0.0545735,0,0.016256,0,0,0,6.19596,0.0678518,0.68133,0.882621,2,-4.74848,9.23925,-0.014924,0.0285111,0.00519586,0.0064115
1013,door_1,1816,0,0.107003,0.107004,0,0.00763028,0,0,0,4.10191,0.0434049,0.570703,0.7,2.10824,-3.2513,7.166,0,0.61894,0.00561231,0.00556849
1014,door_2,2150,0,0.0545734,0.0545735,0,0.016256,0,0,0,6.19596,0.0678518,0.68133,0.882621,2,-4.74848,9.23925,-0.014924,0.0285111,0.00519586,0.0064115
1014,door_1,1816,0,0.107003,0.107004,0,0.00763028,0,0,0,4.10191,0.0434049,0.570703,0.7,2.10824,-3.2513,7.166,0,0.618961,0.00561231,0.00556849
1015,door_2,2150,0,0.0545734,0.0545735,0,0.016256,0,0,0,6.19596,0.0678518,0.68133,0.882621,2,-4.74848,9.23925,-0.014924,0.0285111,0.00519586,0.00641149
1015,door_1,1816,0,0.107003,0.107004,0,0.00763028,0,0,0,4.10191,0.0434049,0.570703,0.7,2.10824,-3.2513,7.166,0,0.618981,0.00561231,0.00556849
1016,door_2,2150,0,0.0545734,0.0545735,0,0.016256,0,0,0,6.19596,0.0678518,0.68133,0.882621,2,-4.74848,9.23925,-0.014924,0.0285111,0.00519586,0.00641149
1016,door_1,1816,0,0.107003,0.107004,0,0.00763028,0,0,0,4.10191,0.0434049,0.570703,0.7,2.10824,-3.2513,7.166,0,0.619001,0.00561231,0.00556849
1017,door_2,2150,0,0.0545734,0.0545735,0,0.016256,0,0,0,6.19596,0.0678518,0.68133,0.882621,2,-4.74848,9.23925,-0.014924,0.0285111,0.00519586,0.00641149
1017,door_1,1816,0,0.107003,0.107004,0,0.00763028,0,0,0,4.10191,0.0434049,0.570703,0.7,2.10824,-3.2513,7.166,0,0.619021,0.00561231,0.00556849
1018,door_2,2150,0,0.0545734,0.0545735,0,0.016256,0,0,0,6.19596,0.0678518,0.68133,0.882621,2,-4.74848,9.23925,-0.014924,0.0285111,0.00519586,0.00641149
1018,door_1,1816,0,0.107003,0.107004,0,0.00763028,0,0,0,4.10191,0.0434049,0.570703,0.7,2.10824,-3.2513,7.166,0,0.619041,0.00561231,0.00556849
1019,door_2,2150,0,0.0545734,0.0545735,0,0.016256,0,0,0,6.19596,0.0678518,0.68133,0.882621,2,-4.74848,9.23925,-0.014924,0.0285111,0.00519586,0.00641149
1019,door_1,1816,0,0.107003,0.107004,0,0.00763028,0,0,0,4.10191,0.0434049,0.570703,0.7,2.10824,-3.2513,7.166,0,0.619062,0.00561231,0.00556849
1020,door_2,2150,0,0.0545734,0.0545735,0,0.016256,0,0,0,6.19596,0.0678518,0.68133,0.882621,2,-4.74848,9.23925,-0.014924,0.0285111,0.00519586,0.00641149
1020,door_1,1816,0,0.107003,0.107004,0,0.00763028,0,0,0,4.10191,0.0434049,0.570703,0.7,2.10824,-3.2513,7.166,0,0.619082,0.00561231,0.00556849
1021,door_2,2150,0,0.0545734,0.0545735,0,0.016256,0,0,0,6.19596,0.0678518,0.68133,0.882621,2,-4.74848,9.23925,-0.014924,0.0285111,0.00519586,0.00641149
1021,door_1,1816,0,0.107003,0.107004,0,0.00763028,0,0,0,4.10191,0.0434049,0.570703,0.7,2.10824,-3.2513,7.166,0,0.619102,0.00561231,0.00556849
1022,door_2,2150,0,0.0545734,0.0545735,0,0.016256,0,0,0,6.19596,0.0678518,0.68133,0.882621,2,-4.74848,9.23925,-0.014924,0.0285111,0.00519586,0.00641149
1022,door_1,1816,0,0.107003,0.107004,0,0.00763028,0,0,0,4.10191,0.0434049,0.570703,0.7,2.10824,-3.2513,7.166,0,0.619122,0.00561231,0.00556849
1023,door_2,2150,0,0.0545734,0.0545735,0,0.016256,0,0,0,6.19596,0.0678518,0.68133,0.882621,2,-4.74848,9.23925,-0.014924,0.0285111,0.00519586,0.00641149
1023,door_1,1816,0,0.107003,0.107004,0,0.00763028,0,0,0,4.10191,0.0434049,0.570703,0.7,2.10824,-3.2513,7.166,0,0.619142,0.00561231,0.00556849
1024,door_2,2150,0,0.0545734,0.0545735,0,0.016256,0,0,0,6.19596,0.0678518,0.68133,0.882621,2,-4.74848,9.23925,-0.014924,0.0285111,0.00519586,0.00641149
1024,door_1,1816,0,0.107003,0.107004,0,0.00763028,0,0,0,4.10191,0.0434049,0.570703,0.7,2.10824,-3.2513,7.166,0,0.619163,0.00561231,0.00556849
1025,door_2,2150,0,0.0545734,0.0545735,0,0.016256,0,0,0,6.19596,0.0678518,0.68133,0.882621,2,-4.74848,9.23925,-0.014924,0.0285111,0.00519586,0.00641149
1025,door_1,1816,0,0.107003,0.107004,0,0.00763028,0,0,0,4.10191,0.0434049,0.570703,0.7,2.10824,-3.2513,7.166,0,0.619183,0.00561231,0.00556849
1026,door_2,2150,0,0.0545734,0.0545735,0,0.016256,0,0,0,6.19596,0.0678518,0.68133,0.882621,2,-4.74848,9.23925,-0.014924,0.0285111,0.00519586,0.00641149
1026,door_1,1816,0,0.107003,0.107004,0,0.00763028,0,0,0,4.10191,0.0434049,0.570703,0.7,2.10824,-3.2513,7.166,0,0.619203,0.00561231,0.00556849
1027,door_2,2150,0,0.0545734,0.0545735,0,0.016256,0,0,0,6.19596,0.0678518,0.68133,0.882621,2,-4.74848,9.23925,-0.014924,0.0285111,0.00519586,0.00641149
1027,door_1,1816,0,0.107003,0.107004,0,0.00763028,0,0,0,4.10191,0.0434049,0.570703,0.7,2.10824,-3.2513,7.166,0,0.619223,0.00561231,0.00556849
1028,door_2,2150,0,0.0545734,0.0545735,0,0.016256,0,0,0,6.19596,0.0678518,0.68133,0.882621,2,-4.74848,9.23925,-0.014924,0.0285111,0.00519586,0.00641148
1028,door_1,1816,0,0.107003,0.107004,0,0.00763028,0,0,0,4.10191,0.0434049,0.570703,0.7,2.10824,-3.2513,7.166,0,0.619243,0.00561231,0.00556849
1029,door_2,2150,0,0.0545734,0.0545735,0,0.016256,0,0,0,6.19596,0.0678518,0.68133,0.882621,2,-4.74848,9.23925,-0.014924,0.0285111,0.00519586,0.00641148
1029,door_1,1816,0,0.107003,0.107004,0,0.00763028,0,0,0,4.10191,0.0434049,0.570703,0.7,2.10824,-3.2513,7.166,0,0.619264,0.00561231,0.00556849
1030,door_2,2150,0,0.0545734,0.0545735,0,0.016256,0,0,0,6.19596,0.0678518,0.68133,0.882621,2,-4.74848,9.23925,-0.014924,0.0285111,0.00519586,0.00641148
1030,door_1,1816,0,0.107003,0.107004,0,0.00763028,0,0,0,4.10191,0.0434049,0.570703,0.7,2.10824,-3.2513,7.166,0,0.619284,0.00561231,0.00556849
1031,door_2,2150,0,0.0545734,0.0545735,0,0.016256,0,0,0,6.19596,0.0678518,0.68133,0.882621,2,-4.74848,9.23925,-0.014924,0.0285111,0.00519586,0.00641148
1031,door_1,1816,0,0.107003,0.107004,0,0.00763028,0,0,0,4.10191,0.0434049,0.570703,0.7,2.10824,-3.2513,7.166,0,0.619304,0.00561231,0.00556849
1032,door_2,2150,0,0.0545734,0.0545735,0,0.016256,0,0,0,6.19596,0.0678518,0.68133,0.882621,2,-4.74848,9.23925,-0.014924,0.0285111,0.00519586,0.00641148
1032,door_1,1816,0,0.107003,0.107004,0,0.00763028,0,0,0,4.10191,0.0434049,0.570703,0.7,2.10824,-3.2513,7.166,0,0.619324,0.00561231,0.00556849
1033,door_2,2150,0,0.0545734,0.0545735,0,0.016256,0,0,0,6.19596,0.0678518,0.68133,0.882621,2,-4.74848,9.23925,-0.014924,0.0285111,0.00519586,0.00641148
1033,door_1,1816,0,0.107003,0.107004,0,0.00763028,0,0,0,4.10191,0.0434049,0.570703,0.7,2.10824,-3.2513,7.166,0,0.619344,0.00561231,0.00556849
1034,door_2,2150,0,0.0545734,0.0545735,0,0.016256,0,0,0,6.19596,0.0678518,0.68133,0.882621,2,-4.74848,9.23925,-0.014924,0.0285111,0.00519586,0.00641148
1034,door_1,1816,0,0.107003,0.107004,0,0.00763028,0,0,0,4.10191,0.0434049,0.570703,0.7,2.10824,-3.2513,7.166,0,0.619365,0.00561231,0.00556849
1035,door_2,2150,0,0.0545734,0.0545735,0,0.016256,0,0,0,6.19596,0.0678518,0.68133,0.882621,2,-4.74848,9.23925,-0.014924,0.0285111,0.00519586,0.00641148
1035,door_1,1816,0,0.107003,0.107004,0,0.00763028,0,0,0,4.10191,0.0434049,0.570703,0.7,2.10824,-3.2513,7.166,0,0.619385,0.00561231,0.00556849
1036,door_2,2150,0,0.0545734,0.0545735,0,0.016256,0,0,0,6.19596,0.0678518,0.68133,0.882621,2,-4.74848,9.23925,-0.014924,0.0285111,0.00519586,0.00641148
1036,door_1,1816,0,0.107003,0.107004,0,0.00763028,0,0,0,4.10191,0.0434049,0.570703,0.7,2.10824,-3.2513,7.166,0,0.619405,0.00561231,0.00556849
1037,door_2,2150,0,0.0545734,0.0545735,0,0.016256,0,0,0,6.19596,0.0678518,0.68133,0.882621,2,-4.74848,9.23925,-0.014924,0.0285111,0.00519586,0.00641148
1037,door_1,1816,0,0.107003,0.107004,0,0.00763028,0,0,0,4.10191,0.0434049,0.570703,0.7,2.10824,-3.2513,7.166,0,0.619425,0.00561231,0.00556849
1038,door_2,2150,0,0.0545734,0.0545735,0,0.016256,0,0,0,6.19596,0.0678518,0.68133,0.882621,2,-4.74848,9.23925,-0.014924,0.0285111,0.00519586,0.00641148
1038,door_1,1816,0,0.107003,0.107004,0,0.00763028,0,0,0,4.10191,0.0434049,0.570703,0.7,2.10824,-3.2513,7.166,0,0.619445,0.00561231,0.00556849
1039,door_2,2150,0,0.0545734,0.0545735,0,0.016256,0,0,0,6.19596,0.0678518,0.68133,0.882621,2,-4.74848,9.23925,-0.014924,0.0285111,0.00519586,0.00641148
1039,door_1,1816,0,0.107003,0.107004,0,0.00763028,0,0,0,4.10191,0.0434049,0.570703,0.7,2.10824,-3.2513,7.166,0,0.619465,0.00561231,0.00556849
1040,door_2,2150,0,0.0545734,0.0545735,0,0.016256,0,0,0,6.19596,0.0678518,0.68133,0.882621,2,-4.74848,9.23925,-0.014924,0.0285111,0.00519586,0.00641148
1040,door_1,1816,0,0.107003,0.107004,0,0.00763028,0,0,0,4.10191,0.0434049,0.570703,0.7,2.10824,-3.2513,7.166,0,0.619486,0.00561231,0.00556849
1042,door_2,2150,0,0.0545734,0.0545735,0,0.016256,0,0,0,6.19596,0.0678518,0.68133,0.882621,2,-4.74848,9.23925,-0.014924,0.0285111,0.00519586,0.00641148
1042,door_1,1816,0,0.107003,0.107004,0,0.00763028,0,0,0,4.10191,0.0434049,0.570703,0.7,2.10824,-3.2513,7.166,0,0.619506,0.00561231,0.00556849
1043,door_2,2150,0,0.0545734,0.0545735,0,0.016256,0,0,0,6.19596,0.0678518,0.68133,0.882621,2,-4.74848,9.23925,-0.014924,0.0285111,0.00519586,0.00641148
1043,door_1,1816,0,0.107003,0.107004,0,0.00763028,0,0,0,4.10191,0.0434049,0.570703,0.7,2.10824,-3.2513,7.166,0,0.619526,0.00561231,0.00556849
1044,door_2,2150,0,0.0545734,0.0545735,0,0.016256,0,0,0,6.19596,0.0678518,0.68133,0.882621,2,-4.74848,9.23925,-0.014924,0.0285111,0.00519586,0.00641148
1044,door_1,1816,0,0.107003,0.107004,0,0.00763028,0,0,0,4.10191,0.0434049,0.570703,0.7,2.10824,-3.2513,7.166,0,0.619546,0.00561231,0.00556849
1045,door_2,2150,0,0.0545734,0.0545735,0,0.016256,0,0,0,6.19596,0.0678518,0.68133,0.882621,2,-4.74848,9.23925,-0.014924,0.0285111,0.00519586,0.00641148
1045,door_1,1816,0,0.107003,0.107004,0,0.00763028,0,0,0,4.10191,0.0434049,0.570703,0.7,2.10824,-3.2513,7.166,0,0.619566,0.00561231,0.00556849
1046,door_2,2150,0,0.0545734,0.0545735,0,0.016256,0,0,0,6.19596,0.0678518,0.68133,0.882621,2,-4.74848,9.23925,-0.014924,0.0285111,0.00519586,0.00641148
1046,door_1,1816,0,0.107003,0.107004,0,0.00763028,0,0,0,4.10191,0.0434049,0.570703,0.7,2.10824,-3.2513,7.166,0,0.619587,0.00561231,0.00556849
1047,door_2,2150,0,0.0545734,0.0545735,0,0.016256,0,0,0,6.19596,0.0678518,0.68133,0.882621,2,-4.74848,9.23925,-0.014924,0.0285111,0.00519586,0.00641148
1047,door_1,1816,0,0.107003,0.107004,0,0.00763028,0,0,0,4.10191,0.0434049,0.570703,0.7,2.10824,-3.2513,7.166,0,0.619607,0.00561231,0.00556849
1048,door_2,2150,0,0.0545734,0.0545735,0,0.016256,0,0,0,6.19596,0.0678518,0.68133,0.882621,2,-4.74848,9.23925,-0.014924,0.0285111,0.00519586,0.00641148
1048,door_1,1816,0,0.107003,0.107004,0,0.00763028,0,0,0,4.10191,0.0434049,0.570703,0.7,2.10824,-3.2513,7.166,0,0.619627,0.00561231,0.00556849
1049,door_2,2150,0,0.0545734,0.0545735,0,0.016256,0,0,0,6.19596,0.0678518,0.68133,0.882621,2,-4.74848,9.23925,-0.014924,0.0285111,0.00519586,0.00641147
1049,door_1,1816,0,0.107003,0.107004,0,0.00763028,0,0,0,4.10191,0.0434049,0.570703,0.7,2.10824,-3.2513,7.166,0,0.619647,0.00561231,0.00556849
1050,door_2,2150,0,0.0545734,0.0545735,0,0.016256,0,0,0,6.19596,0.0678518,0.68133,0.882621,2,-4.74848,9.23925,-0.014924,0.0285111,0.00519586,0.00641147
1050,door_1,1816,0,0.107003,0.107004,0,0.00763028,0,0,0,4.10191,0.0434049,0.570703,0.7,2.10824,-3.2513,7.166,0,0.619667,0.00561231,0.00556849
1051,door_2,2150,0,0.0545734,0.0545735,0,0.016256,0,0,0,6.19596,0.0678518,0.68133,0.882621,2,-4.74848,9.23925,-0.014924,0.0285111,0.00519586,0.00641147
1051,door_1,1816,0,0.107003,0.107004,0,0.00763028,0,0,0,4.10191,0.0434049,0.570703,0.7,2.10824,-3.2513,7.166,0,0.619688,0.00561231,0.00556849
1052,door_2,2150,0,0.0545734,0.0545735,0,0.016256,0,0,0,6.19596,0.0678518,0.68133,0.882621,2,-4.74848,9.23925,-0.014924,0.0285111,0.00519586,0.00641147
1052,door_1,1816,0,0.107003,0.107004,0,0.00763028,0,0,0,4.10191,0.0434049,0.570703,0.7,2.10824,-3.2513,7.166,0,0.619708,0.00561231,0.00556849
1054,door_2,2150,0,0.0545734,0.0545735,0,0.016256,0,0,0,6.19596,0.0678518,0.68133,0.882621,2,-4.74848,9.23925,-0.014924,0.0285111,0.00519586,0.00641147
1054,door_1,1816,0,0.107003,0.107004,0,0.00763028,0,0,0,4.10191,0.0434049,0.570703,0.7,2.10824,-3.2513,7.166,0,0.619728,0.00561231,0.00556849
1055,door_2,2150,0,0.0545734,0.0545735,0,0.016256,0,0,0,6.19596,0.0678518,0.68133,0.882621,2,-4.74848,9.23925,-0.014924,0.0285111,0.00519586,0.00641147
1055,door_1,1816,0,0.107003,0.107004,0,0.00763028,0,0,0,4.10191,0.0434049,0.570703,0.7,2.10824,-3.2513,7.166,0,0.619748,0.00561231,0.00556849
1056,door_2,2150,0,0.0545734,0.0545735,0,0.016256,0,0,0,6.19596,0.0678518,0.68133,0.882621,2,-4.74848,9.23925,-0.014924,0.0285111,0.00519586,0.00641147
1056,door_1,1816,0,0.107003,0.107004,0,0.00763028,0,0,0,4.10191,0.0434049,0.570703,0.7,2.10824,-3.2513,7.166,0,0.619768,0.00561231,0.00556849
1057,door_2,2150,0,0.0545734,0.0545735,0,0.016256,0,0,0,6.19596,0.0678518,0.68133,0.882621,2,-4.74848,9.23925,-0.014924,0.0285111,0.00519586,0.00641147
1057,door_1,1816,0,0.107003,0.107004,0,0.00763028,0,0,0,4.10191,0.0434049,0.570703,0.7,2.10824,-3.2513,7.166,0,0.619788,0.00561231,0.00556849
1058,door_2,2150,0,0.0545734,0.0545735,0,0.016256,0,0,0,6.19596,0.0678518,0.68133,0.882621,2,-4.74848,9.23925,-0.014924,0.0285111,0.00519586,0.00641147
1058,door_1,1816,0,0.107003,0.107004,0,0.00763028,0,0,0,4.10191,0.0434049,0.570703,0.7,2.10824,-3.2513,7.166,0,0.619809,0.00561231,0.00556849
1059,door_2,2150,0,0.0545734,0.0545735,0,0.016256,0,0,0,6.19596,0.0678518,0.68133,0.882621,2,-4.74848,9.23925,-0.014924,0.0285111,0.00519586,0.00641147
1059,door_1,1816,0,0.107003,0.107004,0,0.00763028,0,0,0,4.10191,0.0434049,0.570703,0.7,2.10824,-3.2513,7.166,0,0.619829,0.00561231,0.00556849
1060,door_2,2150,0,0.0545734,0.0545735,0,0.016256,0,0,0,6.19596,0.0678518,0.68133,0.882621,2,-4.74848,9.23925,-0.014924,0.0285111,0.00519586,0.00641147
1060,door_1,1816,0,0.107003,0.107004,0,0.00763028,0,0,0,4.10191,0.0434049,0.570703,0.7,2.10824,-3.2513,7.166,0,0.619849,0.00561231,0.00556849
1062,door_2,2150,0,0.0545734,0.0545735,0,0.016256,0,0,0,6.19596,0.0678518,0.68133,0.882621,2,-4.74848,9.23925,-0.014924,0.0285111,0.00519586,0.00641147
1062,door_1,1816,0,0.107003,0.107004,0,0.00763028,0,0,0,4.10191,0.0434049,0.570703,0.7,2.10824,-3.2513,7.166,0,0.619869,0.00561231,0.00556849
1063,door_2,2150,0,0.0545734,0.0545735,0,0.016256,0,0,0,6.19596,0.0678518,0.68133,0.882621,2,-4.74848,9.23925,-0.014924,0.0285111,0.00519586,0.00641147
1063,door_1,1816,0,0.107003,0.107004,0,0.00763028,0,0,0,4.10191,0.0434049,0.570703,0.7,2.10824,-3.2513,7.166,0,0.619889,0.00561231,0.00556849
1065,door_2,2150,0,0.0545734,0.0545735,0,0.016256,0,0,0,6.19596,0.0678518,0.68133,0.882621,2,-4.74848,9.23925,-0.014924,0.0285111,0.00519586,0.00641147
1065,door_1,1816,0,0.107003,0.107004,0,0.00763028,0,0,0,4.10191,0.0434049,0.570703,0.7,2.10824,-3.2513,7.166,0,0.619909,0.00561231,0.00556849
1066,door_2,2150,0,0.0545734,0.0545735,0,0.016256,0,0,0,6.19596,0.0678518,0.68133,0.882621,2,-4.74848,9.23925,-0.014924,0.0285111,0.00519586,0.00641147
1066,door_1,1816,0,0.107003,0.107004,0,0.00763028,0,0,0,4.10191,0.0434049,0.570703,0.7,2.10824,-3.2513,7.166,0,0.61993,0.00561231,0.00556849
1067,door_2,2150,0,0.0545734,0.0545735,0,0.016256,0,0,0,6.19596,0.0678518,0.68133,0.882621,2,-4.74848,9.23925,-0.014924,0.0285111,0.00519586,0.00641147
1067,door_1,1816,0,0.107003,0.107004,0,0.00763028,0,0,0,4.10191,0.0434049,0.570703,0.7,2.10824,-3.2513,7.166,0,0.61995,0.00561231,0.00556848
1068,door_2,2150,0,0.0545734,0.0545735,0,0.016256,0,0,0,6.19596,0.0678518,0.68133,0.882621,2,-4.74848,9.23925,-0.014924,0.0285111,0.00519586,0.00641147
1068,door_1,1816,0,0.107003,0.107004,0,0.00763028,0,0,0,4.10191,0.0434049,0.570703,0.7,2.10824,-3.2513,7.166,0,0.61997,0.00561231,0.00556848
1069,door_2,2150,0,0.0545734,0.0545735,0,0.016256,0,0,0,6.19596,0.0678518,0.68133,0.882621,2,-4.74848,9.23925,-0.014924,0.0285111,0.00519586,0.00641147
1069,door_1,1816,0,0.107003,0.107004,0,0.00763028,0,0,0,4.10191,0.0434049,0.570703,0.7,2.10824,-3.2513,7.166,0,0.61999,0.00561231,0.00556848
1070,door_2,2150,0,0.0545734,0.0545735,0,0.016256,0,0,0,6.19596,0.0678518,0.68133,0.882621,2,-4.74848,9.23925,-0.014924,0.0285111,0.00519586,0.00641147
1070,door_1,1816,0,0.107003,0.107004,0,0.00763028,0,0,0,4.10191,0.0434049,0.570703,0.7,2.10824,-3.2513,7.166,0,0.62001,0.00561231,0.00556848
1071,door_2,2150,0,0.0545734,0.0545735,0,0.016256,0,0,0,6.19596,0.0678518,0.68133,0.882621,2,-4.74848,9.23925,-0.014924,0.0285111,0.00519586,0.00641147
1071,door_1,1816,0,0.107003,0.107004,0,0.00763028,0,0,0,4.10191,0.0434049,0.570703,0.7,2.10824,-3.2513,7.166,0,0.62003,0.00561231,0.00556848
1072,door_2,2150,0,0.0545734,0.0545735,0,0.016256,0,0,0,6.19596,0.0678518,0.68133,0.882621,2,-4.74848,9.23925,-0.014924,0.0285111,0.00519586,0.00641147
1072,door_1,1816,0,0.107003,0.107004,0,0.00763028,0,0,0,4.10191,0.0434049,0.570703,0.7,2.10824,-3.2513,7.166,0,0.620051,0.00561231,0.00556848
1073,door_2,2150,0,0.0545734,0.0545735,0,0.016256,0,0,0,6.19596,0.0678518,0.68133,0.882621,2,-4.74848,9.23925,-0.014924,0.0285111,0.00519586,0.00641146
1073,door_1,1816,0,0.107003,0.107004,0,0.00763028,0,0,0,4.10191,0.0434049,0.570703,0.7,2.10824,-3.2513,7.166,0,0.620071,0.00561231,0.00556848
1074,door_2,2150,0,0.0545734,0.0545735,0,0.016256,0,0,0,6.19596,0.0678518,0.68133,0.882621,2,-4.74848,9.23925,-0.014924,0.0285111,0.00519586,0.00641146
1074,door_1,1816,0,0.107003,0.107004,0,0.00763028,0,0,0,4.10191,0.0434049,0.570703,0.7,2.10824,-3.2513,7.166,0,0.620091,0.00561231,0.00556848
1075,door_2,2150,0,0.0545734,0.0545735,0,0.016256,0,0,0,6.19596,0.0678518,0.68133,0.882621,2,-4.74848,9.23925,-0.014924,0.0285111,0.00519586,0.00641146
1075,door_1,1816,0,0.107003,0.107004,0,0.00763028,0,0,0,4.10191,0.0434049,0.570703,0.7,2.10824,-3.2513,7.166,0,0.620111,0.00561231,0.00556848
1076,door_2,2150,0,0.0545734,0.0545735,0,0.016256,0,0,0,6.19596,0.0678518,0.68133,0.882621,2,-4.74848,9.23925,-0.014924,0.0285111,0.00519586,0.00641146
1076,door_1,1816,0,0.107003,0.107004,0,0.00763028,0,0,0,4.10191,0.0434049,0.570703,0.7,2.10824,-3.2513,7.166,0,0.620131,0.00561231,0.00556848
1077,door_2,2150,0,0.0545734,0.0545735,0,0.016256,0,0,0,6.19596,0.0678518,0.68133,0.882621,2,-4.74848,9.23925,-0.014924,0.0285111,0.00519586,0.00641146
1077,door_1,1816,0,0.107003,0.107004,0,0.00763028,0,0,0,4.10191,0.0434049,0.570703,0.7,2.10824,-3.2513,7.166,0,0.620151,0.00561231,0.00556848
1078,door_2,2150,0,0.0545734,0.0545735,0,0.016256,0,0,0,6.19596,0.0678518,0.68133,0.882621,2,-4.74848,9.23925,-0.014924,0.0285111,0.00519586,0.00641146
1078,door_1,1816,0,0.107003,0.107004,0,0.00763028,0,0,0,4.10191,0.0434049,0.570703,0.7,2.10824,-3.2513,7.166,0,0.620172,0.00561231,0.00556848
1079,door_2,2150,0,0.0545734,0.0545735,0,0.016256,0,0,0,6.19596,0.0678518,0.68133,0.882621,2,-4.74848,9.23925,-0.014924,0.0285111,0.00519586,0.00641146
1079,door_1,1816,0,0.107003,0.107004,0,0.00763028,0,0,0,4.10191,0.0434049,0.570703,0.7,2.10824,-3.2513,7.166,0,0.620192,0.00561231,0.00556848
1080,door_2,2150,0,0.0545734,0.0545735,0,0.016256,0,0,0,6.19596,0.0678518,0.68133,0.882621,2,-4.74848,9.23925,-0.014924,0.0285111,0.00519586,0.00641146
1080,door_1,1816,0,0.107003,0.107004,0,0.00763028,0,0,0,4.10191,0.0434049,0.570703,0.7,2.10824,-3.2513,7.166,0,0.620212,0.00561231,0.00556848
1082,door_2,2150,0,0.0545734,0.0545735,0,0.016256,0,0,0,6.19596,0.0678518,0.68133,0.882621,2,-4.74848,9.23925,-0.014924,0.0285111,0.00519586,0.00641146
1082,door_1,1816,0,0.107003,0.107004,0,0.00763028,0,0,0,4.10191,0.0434049,0.570703,0.7,2.10824,-3.2513,7.166,0,0.620232,0.00561231,0.00556848
1083,door_2,2150,0,0.0545734,0.0545735,0,0.016256,0,0,0,6.19596,0.0678518,0.68133,0.882621,2,-4.74848,9.23925,-0.014924,0.0285111,0.00519586,0.00641146
1083,door_1,1816,0,0.107003,0.107004,0,0.00763028,0,0,0,4.10191,0.0434049,0.570703,0.7,2.10824,-3.2513,7.166,0,0.620252,0.00561231,0.00556848
1084,door_2,2150,0,0.0545734,0.0545735,0,0.016256,0,0,0,6.19596,0.0678518,0.68133,0.882621,2,-4.74848,9.23925,-0.014924,0.0285111,0.00519586,0.00641146
1084,door_1,1816,0,0.107003,0.107004,0,0.00763028,0,0,0,4.10191,0.0434049,0.570703,0.7,2.10824,-3.2513,7.166,0,0.620272,0.00561231,0.00556848
1085,door_2,2150,0,0.0545734,0.0545735,0,0.016256,0,0,0,6.19596,0.0678518,0.68133,0.882621,2,-4.74848,9.23925,-0.014924,0.0285111,0.00519586,0.00641146
1085,door_1,1816,0,0.107003,0.107004,0,0.00763028,0,0,0,4.10191,0.0434049,0.570703,0.7,2.10824,-3.2513,7.166,0,0.620293,0.00561231,0.00556848
1086,door_2,2150,0,0.0545734,0.0545735,0,0.016256,0,0,0,6.19596,0.0678518,0.68133,0.882621,2,-4.74848,9.23925,-0.014924,0.0285111,0.00519586,0.00641146
1086,door_1,1816,0,0.107003,0.107004,0,0.00763028,0,0,0,4.10191,0.0434049,0.570703,0.7,2.10824,-3.2513,7.166,0,0.620313,0.00561231,0.00556848
1087,door_2,2150,0,0.0545734,0.0545735,0,0.016256,0,0,0,6.19596,0.0678518,0.68133,0.882621,2,-4.74848,9.23925,-0.014924,0.0285111,0.00519586,0.00641146
1087,door_1,1816,0,0.107003,0.107004,0,0.00763028,0,0,0,4.10191,0.0434049,0.570703,0.7,2.10824,-3.2513,7.166,0,0.620333,0.00561231,0.00556848
1088,door_2,2150,0,0.0545734,0.0545735,0,0.016256,0,0,0,6.19596,0.0678518,0.68133,0.882621,2,-4.74848,9.23925,-0.014924,0.0285111,0.00519586,0.00641146
1088,door_1,1816,0,0.107003,0.107004,0,0.00763028,0,0,0,4.10191,0.0434049,0.570703,0.7,2.10824,-3.2513,7.166,0,0.620353,0.00561231,0.00556848
1090,door_2,2150,0,0.0545734,0.0545735,0,0.016256,0,0,0,6.19596,0.0678518,0.68133,0.882621,2,-4.74848,9.23925,-0.014924,0.0285111,0.00519586,0.00641146
1090,door_1,1816,0,0.107003,0.107004,0,0.00763028,0,0,0,4.10191,0.0434049,0.570703,0.7,2.10824,-3.2513,7.166,0,0.620373,0.00561231,0.00556848
1091,door_2,2150,0,0.0545734,0.0545735,0,0.016256,0,0,0,6.19596,0.0678518,0.68133,0.882621,2,-4.74848,9.23925,-0.014924,0.0285111,0.00519586,0.00641146
1091,door_1,1816,0,0.107003,0.107004,0,0.00763028,0,0,0,4.10191,0.0434049,0.570703,0.7,2.10824,-3.2513,7.166,0,0.620393,0.00561231,0.00556848
1092,door_2,2150,0,0.0545734,0.0545735,0,0.016256,0,0,0,6.19596,0.0678518,0.68133,0.882621,2,-4.74848,9.23925,-0.014924,0.0285111,0.00519586,0.00641146
1092,door_1,1816,0,0.107003,0.107004,0,0.00763028,0,0,0,4.10191,0.0434049,0.570703,0.7,2.10824,-3.2513,7.166,0,0.620413,0.00561231,0.00556848
1093,door_2,2150,0,0.0545734,0.0545735,0,0.016256,0,0,0,6.19596,0.0678518,0.68133,0.882621,2,-4.74848,9.23925,-0.014924,0.0285111,0.00519586,0.00641145
1093,door_1,1816,0,0.107003,0.107004,0,0.00763028,0,0,0,4.10191,0.0434049,0.570703,0.7,2.10824,-3.2513,7.166,0,0.620434,0.00561231,0.00556848
1094,door_2,2150,0,0.0545734,0.0545735,0,0.016256,0,0,0,6.19596,0.0678518,0.68133,0.882621,2,-4.74848,9.23925,-0.014924,0.0285111,0.00519586,0.00641145
1094,door_1,1816,0,0.107003,0.107004,0,0.00763028,0,0,0,4.10191,0.0434049,0.570703,0.7,2.10824,-3.2513,7.166,0,0.620454,0.00561231,0.00556848
1095,door_2,2150,0,0.0545734,0.0545735,0,0.016256,0,0,0,6.19596,0.0678518,0.68133,0.882621,2,-4.74848,9.23925,-0.014924,0.0285111,0.00519586,0.00641145
1095,door_1,1816,0,0.107003,0.107004,0,0.00763028,0,0,0,4.10191,0.0434049,0.570703,0.7,2.10824,-3.2513,7.166,0,0.620474,0.00561231,0.00556848
1096,door_2,2150,0,0.0545734,0.0545735,0,0.016256,0,0,0,6.19596,0.0678518,0.68133,0.882621,2,-4.74848,9.23925,-0.014924,0.0285111,0.00519586,0.00641145
1096,door_1,1816,0,0.107003,0.107004,0,0.00763028,0,0,0,4.10191,0.0434049,0.570703,0.7,2.10824,-3.2513,7.166,0,0.620494,0.00561231,0.00556848
1098,door_2,2150,0,0.0545734,0.0545735,0,0.016256,0,0,0,6.19596,0.0678518,0.68133,0.882621,2,-4.74848,9.23925,-0.014924,0.0285111,0.00519586,0.00641145
1098,door_1,1816,0,0.107003,0.107004,0,0.00763028,0,0,0,4.10191,0.0434049,0.570703,0.7,2.10824,-3.2513,7.166,0,0.620514,0.00561231,0.00556848
1099,door_2,2150,0,0.0545734,0.0545735,0,0.016256,0,0,0,6.19596,0.0678518,0.68133,0.882621,2,-4.74848,9.23925,-0.014924,0.0285111,0.00519586,0.00641145
1099,door_1,1816,0,0.107003,0.107004,0,0.00763028,0,0,0,4.10191,0.0434049,0.570703,0.7,2.10824,-3.2513,7.166,0,0.620534,0.00561231,0.00556848
1100,door_2,2150,0,0.0545734,0.0545735,0,0.016256,0,0,0,6.19596,0.0678518,0.68133,0.882621,2,-4.74848,9.23925,-0.014924,0.0285111,0.00519586,0.00641145
1100,door_1,1816,0,0.107003,0.107004,0,0.00763028,0,0,0,4.10191,0.0434049,0.570703,0.7,2.10824,-3.2513,7.166,0,0.620555,0.00561231,0.00556848
1102,door_2,2150,0,0.0545734,0.0545735,0,0.016256,0,0,0,6.19596,0.0678518,0.68133,0.882621,2,-4.74848,9.23925,-0.014924,0.0285111,0.00519586,0.00641145
1102,door_1,1816,0,0.107003,0.107004,0,0.00763028,0,0,0,4.10191,0.0434049,0.570703,0.7,2.10824,-3.2513,7.166,0,0.620575,0.00561231,0.00556848
1103,door_2,2150,0,0.0545734,0.0545735,0,0.016256,0,0,0,6.19596,0.0678518,0.68133,0.882621,2,-4.74848,9.23925,-0.014924,0.0285111,0.00519586,0.00641145
1103,door_1,1816,0,0.107003,0.107004,0,0.00763028,0,0,0,4.10191,0.0434049,0.570703,0.7,2.10824,-3.2513,7.166,0,0.620595,0.00561231,0.00556848
1105,door_2,2150,0,0.0545734,0.0545735,0,0.016256,0,0,0,6.19596,0.0678518,0.68133,0.882621,2,-4.74848,9.23925,-0.014924,0.0285111,0.00519586,0.00641145
1105,door_1,1816,0,0.107003,0.107004,0,0.00763028,0,0,0,4.10191,0.0434049,0.570703,0.7,2.10824,-3.2513,7.166,0,0.620615,0.00561231,0.00556848
1106,door_2,2150,0,0.0545734,0.0545735,0,0.016256,0,0,0,6.19596,0.0678518,0.68133,0.882621,2,-4.74848,9.23925,-0.014924,0.0285111,0.00519586,0.00641145
1106,door_1,1816,0,0.107003,0.107004,0,0.00763028,0,0,0,4.10191,0.0434049,0.570703,0.7,2.10824,-3.2513,7.166,0,0.620635,0.00561231,0.00556848
1107,door_2,2150,0,0.0545734,0.0545735,0,0.016256,0,0,0,6.19596,0.0678518,0.68133,0.882621,2,-4.74848,9.23925,-0.014924,0.0285111,0.00519586,0.00641145
1107,door_1,1816,0,0.107003,0.107004,0,0.00763028,0,0,0,4.10191,0.0434049,0.570703,0.7,2.10824,-3.2513,7.166,0,0.620655,0.00561231,0.00556848
1108,door_2,2150,0,0.0545734,0.0545735,0,0.016256,0,0,0,6.19596,0.0678518,0.68133,0.882621,2,-4.74848,9.23925,-0.014924,0.0285111,0.00519586,0.00641145
1108,door_1,1816,0,0.107003,0.107004,0,0.00763028,0,0,0,4.10191,0.0434049,0.570703,0.7,2.10824,-3.2513,7.166,0,0.620675,0.00561231,0.00556848
1110,door_2,2150,0,0.0545734,0.0545735,0,0.016256,0,0,0,6.19596,0.0678518,0.68133,0.882621,2,-4.74848,9.23925,-0.014924,0.0285111,0.00519586,0.00641144
1110,door_1,1816,0,0.107003,0.107004,0,0.00763028,0,0,0,4.10191,0.0434049,0.570703,0.7,2.10824,-3.2513,7.166,0,0.620695,0.00561231,0.00556848
1111,door_2,2150,0,0.0545734,0.0545735,0,0.016256,0,0,0,6.19596,0.0678518,0.68133,0.882621,2,-4.74848,9.23925,-0.014924,0.0285111,0.00519586,0.00641144
1111,door_1,1816,0,0.107003,0.107004,0,0.00763028,0,0,0,4.10191,0.0434049,0.570703,0.7,2.10824,-3.2513,7.166,0,0.620716,0.00561231,0.00556848
1112,door_2,2150,0,0.0545734,0.0545735,0,0.016256,0,0,0,6.19596,0.0678518,0.68133,0.882621,2,-4.74848,9.23925,-0.014924,0.0285111,0.00519586,0.00641144
1112,door_1,1816,0,0.107003,0.107004,0,0.00763028,0,0,0,4.10191,0.0434049,0.570703,0.7,2.10824,-3.2513,7.166,0,0.620736,0.00561231,0.00556848
1113,door_2,2150,0,0.0545734,0.0545735,0,0.016256,0,0,0,6.19596,0.0678518,0.68133,0.882621,2,-4.74848,9.23925,-0.014924,0.0285111,0.00519586,0.00641144
1113,door_1,1816,0,0.107003,0.107004,0,0.00763028,0,0,0,4.10191,0.0434049,0.570703,0.7,2.10824,-3.2513,7.166,0,0.620756,0.00561231,0.00556848
1115,door_2,2150,0,0.0545734,0.0545735,0,0.016256,0,0,0,6.19596,0.0678518,0.68133,0.882621,2,-4.74848,9.23925,-0.014924,0.0285111,0.00519586,0.00641144
1115,door_1,1816,0,0.107003,0.107004,0,0.00763028,0,0,0,4.10191,0.0434049,0.570703,0.7,2.10824,-3.2513,7.166,0,0.620776,0.00561231,0.00556848
1116,door_2,2150,0,0.0545734,0.0545735,0,0.016256,0,0,0,6.19596,0.0678518,0.68133,0.882621,2,-4.74848,9.23925,-0.014924,0.0285111,0.00519586,0.00641144
1116,door_1,1816,0,0.107003,0.107004,0,0.00763028,0,0,0,4.10191,0.0434049,0.570703,0.7,2.10824,-3.2513,7.166,0,0.620796,0.00561231,0.00556848
1117,door_2,2150,0,0.0545734,0.0545735,0,0.016256,0,0,0,6.19596,0.0678518,0.68133,0.882621,2,-4.74848,9.23925,-0.014924,0.0285111,0.00519586,0.00641144
1117,door_1,1816,0,0.107003,0.107004,0,0.00763028,0,0,0,4.10191,0.0434049,0.570703,0.7,2.10824,-3.2513,7.166,0,0.620816,0.00561231,0.00556848
1118,door_2,2150,0,0.0545734,0.0545735,0,0.016256,0,0,0,6.19596,0.0678518,0.68133,0.882621,2,-4.74848,9.23925,-0.014924,0.0285111,0.00519586,0.00641144
1118,door_1,1816,0,0.107003,0.107004,0,0.00763028,0,0,0,4.10191,0.0434049,0.570703,0.7,2.10824,-3.2513,7.166,0,0.620836,0.00561231,0.00556848
1119,door_2,2150,0,0.0545734,0.0545735,0,0.016256,0,0,0,6.19596,0.0678518,0.68133,0.882621,2,-4.74848,9.23925,-0.014924,0.0285111,0.00519586,0.00641144
1119,door_1,1816,0,0.107003,0.107004,0,0.00763028,0,0,0,4.10191,0.0434049,0.570703,0.7,2.10824,-3.2513,7.166,0,0.620857,0.00561231,0.00556848
1120,door_2,2150,0,0.0545734,0.0545735,0,0.016256,0,0,0,6.19596,0.0678518,0.68133,0.882621,2,-4.74848,9.23925,-0.014924,0.0285111,0.00519586,0.00641144
1120,door_1,1816,0,0.107003,0.107004,0,0.00763028,0,0,0,4.10191,0.0434049,0.570703,0.7,2.10824,-3.2513,7.166,0,0.620877,0.00561231,0.00556848
1121,door_2,2150,0,0.0545734,0.0545735,0,0.016256,0,0,0,6.19596,0.0678518,0.68133,0.882621,2,-4.74848,9.23925,-0.014924,0.0285111,0.00519586,0.00641144
1121,door_1,1816,0,0.107003,0.107004,0,0.00763028,0,0,0,4.10191,0.0434049,0.570703,0.7,2.10824,-3.2513,7.166,0,0.620897,0.00561231,0.00556848
1122,door_2,2150,0,0.0545734,0.0545735,0,0.016256,0,0,0,6.19596,0.0678518,0.68133,0.882621,2,-4.74848,9.23925,-0.014924,0.0285111,0.00519586,0.00641144
1122,door_1,1816,0,0.107003,0.107004,0,0.00763028,0,0,0,4.10191,0.0434049,0.570703,0.7,2.10824,-3.2513,7.166,0,0.620917,0.00561231,0.00556848
1123,door_2,2150,0,0.0545734,0.0545735,0,0.016256,0,0,0,6.19596,0.0678518,0.68133,0.882621,2,-4.74848,9.23925,-0.014924,0.0285111,0.00519586,0.00641144
1123,door_1,1816,0,0.107003,0.107004,0,0.00763028,0,0,0,4.10191,0.0434049,0.570703,0.7,2.10824,-3.2513,7.166,0,0.620937,0.00561231,0.00556848
1124,door_2,2150,0,0.0545734,0.0545735,0,0.016256,0,0,0,6.19596,0.0678518,0.68133,0.882621,2,-4.74848,9.23925,-0.014924,0.0285111,0.00519586,0.00641144
1124,door_1,1816,0,0.107003,0.107004,0,0.00763028,0,0,0,4.10191,0.0434049,0.570703,0.7,2.10824,-3.2513,7.166,0,0.620957,0.00561231,0.00556848
1125,door_2,2150,0,0.0545734,0.0545735,0,0.016256,0,0,0,6.19596,0.0678518,0.68133,0.882621,2,-4.74848,9.23925,-0.014924,0.0285111,0.00519586,0.00641144
1125,door_1,1816,0,0.107003,0.107004,0,0.00763028,0,0,0,4.10191,0.0434049,0.570703,0.7,2.10824,-3.2513,7.166,0,0.620977,0.00561231,0.00556848
1126,door_2,2150,0,0.0545734,0.0545735,0,0.016256,0,0,0,6.19596,0.0678518,0.68133,0.882621,2,-4.74848,9.23925,-0.014924,0.0285111,0.00519586,0.00641144
1126,door_1,1816,0,0.107003,0.107004,0,0.00763028,0,0,0,4.10191,0.0434049,0.570703,0.7,2.10824,-3.2513,7.166,0,0.620997,0.00561231,0.00556848
1127,door_2,2150,0,0.0545734,0.0545735,0,0.016256,0,0,0,6.19596,0.0678518,0.68133,0.882621,2,-4.74848,9.23925,-0.014924,0.0285111,0.00519586,0.00641144
1127,door_1,1816,0,0.107003,0.107004,0,0.00763028,0,0,0,4.10191,0.0434049,0.570703,0.7,2.10824,-3.2513,7.166,0,0.621018,0.00561231,0.00556848
1128,door_2,2150,0,0.0545734,0.0545735,0,0.016256,0,0,0,6.19596,0.0678518,0.68133,0.882621,2,-4.74848,9.23925,-0.014924,0.0285111,0.00519586,0.00641143
1128,door_1,1816,0,0.107003,0.107004,0,0.00763028,0,0,0,4.10191,0.0434049,0.570703,0.7,2.10824,-3.2513,7.166,0,0.621038,0.00561231,0.00556848
1129,door_2,2150,0,0.0545734,0.0545735,0,0.016256,0,0,0,6.19596,0.0678518,0.68133,0.882621,2,-4.74848,9.23925,-0.014924,0.0285111,0.00519586,0.00641143
1129,door_1,1816,0,0.107003,0.107004,0,0.00763028,0,0,0,4.10191,0.0434049,0.570703,0.7,2.10824,-3.2513,7.166,0,0.621058,0.00561231,0.00556848
1130,door_2,2150,0,0.0545734,0.0545735,0,0.016256,0,0,0,6.19596,0.0678518,0.68133,0.882621,2,-4.74848,9.23925,-0.014924,0.0285111,0.00519586,0.00641143
1130,door_1,1816,0,0.107003,0.107004,0,0.00763028,0,0,0,4.10191,0.0434049,0.570703,0.7,2.10824,-3.2513,7.166,0,0.621078,0.00561231,0.00556848
1131,door_2,2150,0,0.0545734,0.0545735,0,0.016256,0,0,0,6.19596,0.0678518,0.68133,0.882621,2,-4.74848,9.23925,-0.014924,0.0285111,0.00519586,0.00641143
1131,door_1,1816,0,0.107003,0.107004,0,0.00763028,0,0,0,4.10191,0.0434049,0.570703,0.7,2.10824,-3.2513,7.166,0,0.621098,0.00561231,0.00556848
1132,door_2,2150,0,0.0545734,0.0545735,0,0.016256,0,0,0,6.19596,0.0678518,0.68133,0.882621,2,-4.74848,9.23925,-0.014924,0.0285111,0.00519586,0.00641143
1132,door_1,1816,0,0.107003,0.107004,0,0.00763028,0,0,0,4.10191,0.0434049,0.570703,0.7,2.10824,-3.2513,7.166,0,0.621118,0.00561231,0.00556848
1133,door_2,2150,0,0.0545734,0.0545735,0,0.016256,0,0,0,6.19596,0.0678518,0.68133,0.882621,2,-4.74848,9.23925,-0.014924,0.0285111,0.00519586,0.00641143
1133,door_1,1816,0,0.107003,0.107004,0,0.00763028,0,0,0,4.10191,0.0434049,0.570703,0.7,2.10824,-3.2513,7.166,0,0.621138,0.00561231,0.00556848
1134,door_2,2150,0,0.0545734,0.0545735,0,0.016256,0,0,0,6.19596,0.0678518,0.68133,0.882621,2,-4.74848,9.23925,-0.014924,0.0285111,0.00519586,0.00641143
1134,door_1,1816,0,0.107003,0.107004,0,0.00763028,0,0,0,4.10191,0.0434049,0.570703,0.7,2.10824,-3.2513,7.166,0,0.621159,0.00561231,0.00556848
1135,door_2,2150,0,0.0545734,0.0545735,0,0.016256,0,0,0,6.19596,0.0678518,0.68133,0.882621,2,-4.74848,9.23925,-0.014924,0.0285111,0.00519586,0.00641143
1135,door_1,1816,0,0.107003,0.107004,0,0.00763028,0,0,0,4.10191,0.0434049,0.570703,0.7,2.10824,-3.2513,7.166,0,0.621179,0.00561231,0.00556848
1136,door_2,2150,0,0.0545734,0.0545735,0,0.016256,0,0,0,6.19596,0.0678518,0.68133,0.882621,2,-4.74848,9.23925,-0.014924,0.0285111,0.00519586,0.00641143
1136,door_1,1816,0,0.107003,0.107004,0,0.00763028,0,0,0,4.10191,0.0434049,0.570703,0.7,2.10824,-3.2513,7.166,0,0.621199,0.00561231,0.00556848
1138,door_2,2150,0,0.0545734,0.0545735,0,0.016256,0,0,0,6.19596,0.0678518,0.68133,0.882621,2,-4.74848,9.23925,-0.014924,0.0285111,0.00519586,0.00641143
1138,door_1,1816,0,0.107003,0.107004,0,0.00763028,0,0,0,4.10191,0.0434049,0.570703,0.7,2.10824,-3.2513,7.166,0,0.621219,0.00561231,0.00556848
1139,door_2,2150,0,0.0545734,0.0545735,0,0.016256,0,0,0,6.19596,0.0678518,0.68133,0.882621,2,-4.74848,9.23925,-0.014924,0.0285111,0.00519586,0.00641143
1139,door_1,1816,0,0.107003,0.107004,0,0.00763028,0,0,0,4.10191,0.0434049,0.570703,0.7,2.10824,-3.2513,7.166,0,0.621239,0.00561231,0.00556848
1140,door_2,2150,0,0.0545734,0.0545735,0,0.016256,0,0,0,6.19596,0.0678518,0.68133,0.882621,2,-4.74848,9.23925,-0.014924,0.0285111,0.00519586,0.00641143
1140,door_1,1816,0,0.107003,0.107004,0,0.00763028,0,0,0,4.10191,0.0434049,0.570703,0.7,2.10824,-3.2513,7.166,0,0.621259,0.00561231,0.00556848
1142,door_2,2150,0,0.0545734,0.0545735,0,0.016256,0,0,0,6.19596,0.0678518,0.68133,0.882621,2,-4.74848,9.23925,-0.014924,0.0285111,0.00519586,0.00641143
1142,door_1,1816,0,0.107003,0.107004,0,0.00763028,0,0,0,4.10191,0.0434049,0.570703,0.7,2.10824,-3.2513,7.166,0,0.621279,0.00561231,0.00556848
1143,door_2,2150,0,0.0545734,0.0545735,0,0.016256,0,0,0,6.19596,0.0678518,0.68133,0.882621,2,-4.74848,9.23925,-0.014924,0.0285111,0.00519586,0.00641143
1143,door_1,1816,0,0.107003,0.107004,0,0.00763028,0,0,0,4.10191,0.0434049,0.570703,0.7,2.10824,-3.2513,7.166,0,0.621299,0.00561231,0.00556848
1144,door_2,2150,0,0.0545734,0.0545735,0,0.016256,0,0,0,6.19596,0.0678518,0.68133,0.882621,2,-4.74848,9.23925,-0.014924,0.0285111,0.00519586,0.00641143
1144,door_1,1816,0,0.107003,0.107004,0,0.00763028,0,0,0,4.10191,0.0434049,0.570703,0.7,2.10824,-3.2513,7.166,0,0.62132,0.00561231,0.00556848
1145,door_2,2150,0,0.0545734,0.0545735,0,0.016256,0,0,0,6.19596,0.0678518,0.68133,0.882621,2,-4.74848,9.23925,-0.014924,0.0285111,0.00519586,0.00641143
1145,door_1,1816,0,0.107003,0.107004,0,0.00763028,0,0,0,4.10191,0.0434049,0.570703,0.7,2.10824,-3.2513,7.166,0,0.62134,0.00561231,0.00556848
1146,door_2,2150,0,0.0545734,0.0545735,0,0.016256,0,0,0,6.19596,0.0678518,0.68133,0.882621,2,-4.74848,9.23925,-0.014924,0.0285111,0.00519586,0.00641143
1146,door_1,1816,0,0.107003,0.107004,0,0.00763028,0,0,0,4.10191,0.0434049,0.570703,0.7,2.10824,-3.2513,7.166,0,0.62136,0.00561231,0.00556848
1147,door_2,2150,0,0.0545734,0.0545735,0,0.016256,0,0,0,6.19596,0.0678518,0.68133,0.882621,2,-4.74848,9.23925,-0.014924,0.0285111,0.00519586,0.00641143
1147,door_1,1816,0,0.107003,0.107004,0,0.00763028,0,0,0,4.10191,0.0434049,0.570703,0.7,2.10824,-3.2513,7.166,0,0.62138,0.00561231,0.00556848
1148,door_2,2150,0,0.0545734,0.0545735,0,0.016256,0,0,0,6.19596,0.0678518,0.68133,0.882621,2,-4.74848,9.23925,-0.014924,0.0285111,0.00519586,0.00641143
1148,door_1,1816,0,0.107003,0.107004,0,0.00763028,0,0,0,4.10191,0.0434049,0.570703,0.7,2.10824,-3.2513,7.166,0,0.6214,0.00561231,0.00556848
1149,door_2,2150,0,0.0545734,0.0545735,0,0.016256,0,0,0,6.19596,0.0678518,0.68133,0.882621,2,-4.74848,9.23925,-0.014924,0.0285111,0.00519586,0.00641143
1149,door_1,1816,0,0.107003,0.107004,0,0.00763028,0,0,0,4.10191,0.0434049,0.570703,0.7,2.10824,-3.2513,7.166,0,0.62142,0.00561231,0.00556848
1150,door_2,2150,0,0.0545734,0.0545735,0,0.016256,0,0,0,6.19596,0.0678518,0.68133,0.882621,2,-4.74848,9.23925,-0.014924,0.0285111,0.00519586,0.00641143
1150,door_1,1816,0,0.107003,0.107004,0,0.00763028,0,0,0,4.10191,0.0434049,0.570703,0.7,2.10824,-3.2513,7.166,0,0.62144,0.00561231,0.00556848
1151,door_2,2150,0,0.0545734,0.0545735,0,0.016256,0,0,0,6.19596,0.0678518,0.68133,0.882621,2,-4.74848,9.23925,-0.014924,0.0285111,0.00519586,0.00641143
1151,door_1,1816,0,0.107003,0.107004,0,0.00763028,0,0,0,4.10191,0.0434049,0.570703,0.7,2.10824,-3.2513,7.166,0,0.62146,0.00561231,0.00556848
1152,door_2,2150,0,0.0545734,0.0545735,0,0.016256,0,0,0,6.19596,0.0678518,0.68133,0.882621,2,-4.74848,9.23925,-0.014924,0.0285111,0.00519586,0.00641143
1152,door_1,1816,0,0.107003,0.107004,0,0.00763028,0,0,0,4.10191,0.0434049,0.570703,0.7,2.10824,-3.2513,7.166,0,0.62148,0.00561231,0.00556848
1153,door_2,2150,0,0.0545734,0.0545735,0,0.016256,0,0,0,6.19596,0.0678518,0.68133,0.882621,2,-4.74848,9.23925,-0.014924,0.0285111,0.00519586,0.00641143
1153,door_1,1816,0,0.107003,0.107004,0,0.00763028,0,0,0,4.10191,0.0434049,0.570703,0.7,2.10824,-3.2513,7.166,0,0.621501,0.00561231,0.00556848
1154,door_2,2150,0,0.0545734,0.0545735,0,0.016256,0,0,0,6.19596,0.0678518,0.68133,0.882621,2,-4.74848,9.23925,-0.014924,0.0285111,0.00519586,0.00641143
1154,door_1,1816,0,0.107003,0.107004,0,0.00763028,0,0,0,4.10191,0.0434049,0.570703,0.7,2.10824,-3.2513,7.166,0,0.621521,0.00561231,0.00556848
1155,door_2,2150,0,0.0545734,0.0545735,0,0.016256,0,0,0,6.19596,0.0678518,0.68133,0.882621,2,-4.74848,9.23925,-0.014924,0.0285111,0.00519586,0.00641143
1155,door_1,1816,0,0.107003,0.107004,0,0.00763028,0,0,0,4.10191,0.0434049,0.570703,0.7,2.10824,-3.2513,7.166,0,0.621541,0.00561231,0.00556848
1156,door_2,2150,0,0.0545734,0.0545735,0,0.016256,0,0,0,6.19596,0.0678518,0.68133,0.882621,2,-4.74848,9.23925,-0.014924,0.0285111,0.00519586,0.00641143
1156,door_1,1816,0,0.107003,0.107004,0,0.00763028,0,0,0,4.10191,0.0434049,0.570703,0.7,2.10824,-3.2513,7.166,0,0.621561,0.00561231,0.00556848
1157,door_2,2150,0,0.0545734,0.0545735,0,0.016256,0,0,0,6.19596,0.0678518,0.68133,0.882621,2,-4.74848,9.23925,-0.014924,0.0285111,0.00519586,0.00641143
1157,door_1,1816,0,0.107003,0.107004,0,0.00763028,0,0,0,4.10191,0.0434049,0.570703,0.7,2.10824,-3.2513,7.166,0,0.621581,0.00561231,0.00556848
1158,door_2,2150,0,0.0545734,0.0545735,0,0.016256,0,0,0,6.19596,0.0678518,0.68133,0.882621,2,-4.74848,9.23925,-0.014924,0.0285111,0.00519586,0.00641143
1158,door_1,1816,0,0.107003,0.107004,0,0.00763028,0,0,0,4.10191,0.0434049,0.570703,0.7,2.10824,-3.2513,7.166,0,0.621601,0.00561231,0.00556848
1159,door_2,2150,0,0.0545734,0.0545735,0,0.016256,0,0,0,6.19596,0.0678518,0.68133,0.882621,2,-4.74848,9.23925,-0.014924,0.0285111,0.00519586,0.00641143
1159,door_1,1816,0,0.107003,0.107004,0,0.00763028,0,0,0,4.10191,0.0434049,0.570703,0.7,2.10824,-3.2513,7.166,0,0.621621,0.00561231,0.00556848
1160,door_2,2150,0,0.0545734,0.0545735,0,0.016256,0,0,0,6.19596,0.0678518,0.68133,0.882621,2,-4.74848,9.23925,-0.014924,0.0285111,0.00519586,0.00641143
1160,door_1,1816,0,0.107003,0.107004,0,0.00763028,0,0,0,4.10191,0.0434049,0.570703,0.7,2.10824,-3.2513,7.166,0,0.621641,0.00561231,0.00556848
1161,door_2,2150,0,0.0545734,0.0545735,0,0.016256,0,0,0,6.19596,0.0678518,0.68133,0.882621,2,-4.74848,9.23925,-0.014924,0.0285111,0.00519586,0.00641143
1161,door_1,1816,0,0.107003,0.107004,0,0.00763028,0,0,0,4.10191,0.0434049,0.570703,0.7,2.10824,-3.2513,7.166,0,0.621661,0.00561231,0.00556848
1162,door_2,2150,0,0.0545734,0.0545735,0,0.016256,0,0,0,6.19596,0.0678518,0.68133,0.882621,2,-4.74848,9.23925,-0.014924,0.0285111,0.00519586,0.00641143
1162,door_1,1816,0,0.107003,0.107004,0,0.00763028,0,0,0,4.10191,0.0434049,0.570703,0.7,2.10824,-3.2513,7.166,0,0.621682,0.00561231,0.00556848
1163,door_2,2150,0,0.0545734,0.0545735,0,0.016256,0,0,0,6.19596,0.0678518,0.68133,0.882621,2,-4.74848,9.23925,-0.014924,0.0285111,0.00519586,0.00641143
1163,door_1,1816,0,0.107003,0.107004,0,0.00763028,0,0,0,4.10191,0.0434049,0.570703,0.7,2.10824,-3.2513,7.166,0,0.621702,0.00561231,0.00556848
1164,door_2,2150,0,0.0545734,0.0545735,0,0.016256,0,0,0,6.19596,0.0678518,0.68133,0.882621,2,-4.74848,9.23925,-0.014924,0.0285111,0.00519586,0.00641143
1164,door_1,1816,0,0.107003,0.107004,0,0.00763028,0,0,0,4.10191,0.0434049,0.570703,0.7,2.10824,-3.2513,7.166,0,0.621722,0.00561231,0.00556848
1165,door_2,2150,0,0.0545734,0.0545735,0,0.016256,0,0,0,6.19596,0.0678518,0.68133,0.882621,2,-4.74848,9.23925,-0.014924,0.0285111,0.00519586,0.00641143
1165,door_1,1816,0,0.107003,0.107004,0,0.00763028,0,0,0,4.10191,0.0434049,0.570703,0.7,2.10824,-3.2513,7.166,0,0.621742,0.00561231,0.00556848
1166,door_2,2150,0,0.0545734,0.0545735,0,0.016256,0,0,0,6.19596,0.0678518,0.68133,0.882621,2,-4.74848,9.23925,-0.014924,0.0285111,0.00519586,0.00641143
1166,door_1,1816,0,0.107003,0.107004,0,0.00763028,0,0,0,4.10191,0.0434049,0.570703,0.7,2.10824,-3.2513,7.166,0,0.621762,0.00561231,0.00556848
1167,door_2,2150,0,0.0545734,0.0545735,0,0.016256,0,0,0,6.19596,0.0678518,0.68133,0.882621,2,-4.74848,9.23925,-0.014924,0.0285111,0.00519586,0.00641143
1167,door_1,1816,0,0.107003,0.107004,0,0.00763028,0,0,0,4.10191,0.0434049,0.570703,0.7,2.10824,-3.2513,7.166,0,0.621782,0.00561231,0.00556848
1168,door_2,2150,0,0.0545734,0.0545735,0,0.016256,0,0,0,6.19596,0.0678518,0.68133,0.882621,2,-4.74848,9.23925,-0.014924,0.0285111,0.00519586,0.00641143
1168,door_1,1816,0,0.107003,0.107004,0,0.00763028,0,0,0,4.10191,0.0434049,0.570703,0.7,2.10824,-3.2513,7.166,0,0.621802,0.00561231,0.00556848
1169,door_2,2150,0,0.0545734,0.0545735,0,0.016256,0,0,0,6.19596,0.0678518,0.68133,0.882621,2,-4.74848,9.23925,-0.014924,0.0285111,0.00519586,0.00641143
1169,door_1,1816,0,0.107003,0.107004,0,0.00763028,0,0,0,4.10191,0.0434049,0.570703,0.7,2.10824,-3.2513,7.166,0,0.621822,0.00561231,0.00556848
1171,door_2,2150,0,0.0545734,0.0545735,0,0.016256,0,0,0,6.19596,0.0678518,0.68133,0.882621,2,-4.74848,9.23925,-0.014924,0.0285111,0.00519586,0.00641143
1171,door_1,1816,0,0.107003,0.107004,0,0.00763028,0,0,0,4.10191,0.0434049,0.570703,0.7,2.10824,-3.2513,7.166,0,0.621842,0.00561231,0.00556848
1172,door_2,2150,0,0.0545734,0.0545735,0,0.016256,0,0,0,6.19596,0.0678518,0.68133,0.882621,2,-4.74848,9.23925,-0.014924,0.0285111,0.00519586,0.00641143
1172,door_1,1816,0,0.107003,0.107004,0,0.00763028,0,0,0,4.10191,0.0434049,0.570703,0.7,2.10824,-3.2513,7.166,0,0.621862,0.00561231,0.00556848
1173,door_2,2150,0,0.0545734,0.0545735,0,0.016256,0,0,0,6.19596,0.0678518,0.68133,0.882621,2,-4.74848,9.23925,-0.014924,0.0285111,0.00519586,0.00641143
1173,door_1,1816,0,0.107003,0.107004,0,0.00763028,0,0,0,4.10191,0.0434049,0.570703,0.7,2.10824,-3.2513,7.166,0,0.621883,0.00561231,0.00556848
1174,door_2,2150,0,0.0545734,0.0545735,0,0.016256,0,0,0,6.19596,0.0678518,0.68133,0.882621,2,-4.74848,9.23925,-0.014924,0.0285111,0.00519586,0.00641143
1174,door_1,1816,0,0.107003,0.107004,0,0.00763028,0,0,0,4.10191,0.0434049,0.570703,0.7,2.10824,-3.2513,7.166,0,0.621903,0.00561231,0.00556848
1175,door_2,2150,0,0.0545734,0.0545735,0,0.016256,0,0,0,6.19596,0.0678518,0.68133,0.882621,2,-4.74848,9.23925,-0.014924,0.0285111,0.00519586,0.00641143
1175,door_1,1816,0,0.107003,0.107004,0,0.00763028,0,0,0,4.10191,0.0434049,0.570703,0.7,2.10824,-3.2513,7.166,0,0.621923,0.00561231,0.00556848
1176,door_2,2150,0,0.0545734,0.0545735,0,0.016256,0,0,0,6.19596,0.0678518,0.68133,0.882621,2,-4.74848,9.23925,-0.014924,0.0285111,0.00519586,0.00641143
1176,door_1,1816,0,0.107003,0.107004,0,0.00763028,0,0,0,4.10191,0.0434049,0.570703,0.7,2.10824,-3.2513,7.166,0,0.621943,0.00561231,0.00556848
1177,door_2,2150,0,0.0545734,0.0545735,0,0.016256,0,0,0,6.19596,0.0678518,0.68133,0.882621,2,-4.74848,9.23925,-0.014924,0.0285111,0.00519586,0.00641143
1177,door_1,1816,0,0.107003,0.107004,0,0.00763028,0,0,0,4.10191,0.0434049,0.570703,0.7,2.10824,-3.2513,7.166,0,0.621963,0.00561231,0.00556848
1178,door_2,2150,0,0.0545734,0.0545735,0,0.016256,0,0,0,6.19596,0.0678518,0.68133,0.882621,2,-4.74848,9.23925,-0.014924,0.0285111,0.00519586,0.00641143
1178,door_1,1816,0,0.107003,0.107004,0,0.00763028,0,0,0,4.10191,0.0434049,0.570703,0.7,2.10824,-3.2513,7.166,0,0.621983,0.00561231,0.00556848
1180,door_2,2150,0,0.0545734,0.0545735,0,0.016256,0,0,0,6.19596,0.0678518,0.68133,0.882621,2,-4.74848,9.23925,-0.014924,0.0285111,0.00519586,0.00641143
1180,door_1,1816,0,0.107003,0.107004,0,0.00763028,0,0,0,4.10191,0.0434049,0.570703,0.7,2.10824,-3.2513,7.166,0,0.622003,0.00561231,0.00556848
1181,door_2,2150,0,0.0545734,0.0545735,0,0.016256,0,0,0,6.19596,0.0678518,0.68133,0.882621,2,-4.74848,9.23925,-0.014924,0.0285111,0.00519586,0.00641143
1181,door_1,1816,0,0.107003,0.107004,0,0.00763028,0,0,0,4.10191,0.0434049,0.570703,0.7,2.10824,-3.2513,7.166,0,0.622023,0.00561231,0.00556848
1182,door_2,2150,0,0.0545734,0.0545735,0,0.016256,0,0,0,6.19596,0.0678518,0.68133,0.882621,2,-4.74848,9.23925,-0.014924,0.0285111,0.00519586,0.00641143
1182,door_1,1816,0,0.107003,0.107004,0,0.00763028,0,0,0,4.10191,0.0434049,0.570703,0.7,2.10824,-3.2513,7.166,0,0.622043,0.00561231,0.00556848
1183,door_2,2150,0,0.0545734,0.0545735,0,0.016256,0,0,0,6.19596,0.0678518,0.68133,0.882621,2,-4.74848,9.23925,-0.014924,0.0285111,0.00519586,0.00641143
1183,door_1,1816,0,0.107003,0.107004,0,0.00763028,0,0,0,4.10191,0.0434049,0.570703,0.7,2.10824,-3.2513,7.166,0,0.622063,0.00561231,0.00556848
1184,door_2,2150,0,0.0545734,0.0545735,0,0.016256,0,0,0,6.19596,0.0678518,0.68133,0.882621,2,-4.74848,9.23925,-0.014924,0.0285111,0.00519586,0.00641143
1184,door_1,1816,0,0.107003,0.107004,0,0.00763028,0,0,0,4.10191,0.0434049,0.570703,0.7,2.10824,-3.2513,7.166,0,0.622084,0.00561231,0.00556848
1185,door_2,2150,0,0.0545734,0.0545735,0,0.016256,0,0,0,6.19596,0.0678518,0.68133,0.882621,2,-4.74848,9.23925,-0.014924,0.0285111,0.00519586,0.00641143
1185,door_1,1816,0,0.107003,0.107004,0,0.00763028,0,0,0,4.10191,0.0434049,0.570703,0.7,2.10824,-3.2513,7.166,0,0.622104,0.00561231,0.00556848
1186,door_2,2150,0,0.0545734,0.0545735,0,0.016256,0,0,0,6.19596,0.0678518,0.68133,0.882621,2,-4.74848,9.23925,-0.014924,0.0285111,0.00519586,0.00641143
1186,door_1,1816,0,0.107003,0.107004,0,0.00763028,0,0,0,4.10191,0.0434049,0.570703,0.7,2.10824,-3.2513,7.166,0,0.622124,0.00561231,0.00556848
1187,door_2,2150,0,0.0545734,0.0545735,0,0.016256,0,0,0,6.19596,0.0678518,0.68133,0.882621,2,-4.74848,9.23925,-0.014924,0.0285111,0.00519586,0.00641143
1187,door_1,1816,0,0.107003,0.107004,0,0.00763028,0,0,0,4.10191,0.0434049,0.570703,0.7,2.10824,-3.2513,7.166,0,0.622144,0.00561231,0.00556848
1188,door_2,2150,0,0.0545734,0.0545735,0,0.016256,0,0,0,6.19596,0.0678518,0.68133,0.882621,2,-4.74848,9.23925,-0.014924,0.0285111,0.00519586,0.00641143
1188,door_1,1816,0,0.107003,0.107004,0,0.00763028,0,0,0,4.10191,0.0434049,0.570703,0.7,2.10824,-3.2513,7.166,0,0.622164,0.00561231,0.00556848
1189,door_2,2150,0,0.0545734,0.0545735,0,0.016256,0,0,0,6.19596,0.0678518,0.68133,0.882621,2,-4.74848,9.23925,-0.014924,0.0285111,0.00519586,0.00641143
1189,door_1,1816,0,0.107003,0.107004,0,0.00763028,0,0,0,4.10191,0.0434049,0.570703,0.7,2.10824,-3.2513,7.166,0,0.622184,0.00561231,0.00556848
1190,door_2,2150,0,0.0545734,0.0545735,0,0.016256,0,0,0,6.19596,0.0678518,0.68133,0.882621,2,-4.74848,9.23925,-0.014924,0.0285111,0.00519586,0.00641143
1190,door_1,1816,0,0.107003,0.107004,0,0.00763028,0,0,0,4.10191,0.0434049,0.570703,0.7,2.10824,-3.2513,7.166,0,0.622204,0.00561231,0.00556848
1191,door_2,2150,0,0.0545734,0.0545735,0,0.016256,0,0,0,6.19596,0.0678518,0.68133,0.882621,2,-4.74848,9.23925,-0.014924,0.0285111,0.00519586,0.00641143
1191,door_1,1816,0,0.107003,0.107004,0,0.00763028,0,0,0,4.10191,0.0434049,0.570703,0.7,2.10824,-3.2513,7.166,0,0.622224,0.00561231,0.00556848
1192,door_2,2150,0,0.0545734,0.0545735,0,0.016256,0,0,0,6.19596,0.0678518,0.68133,0.882621,2,-4.74848,9.23925,-0.014924,0.0285111,0.00519586,0.00641143
1192,door_1,1816,0,0.107003,0.107004,0,0.00763028,0,0,0,4.10191,0.0434049,0.570703,0.7,2.10824,-3.2513,7.166,0,0.622244,0.00561231,0.00556848
1193,door_2,2150,0,0.0545734,0.0545735,0,0.016256,0,0,0,6.19596,0.0678518,0.68133,0.882621,2,-4.74848,9.23925,-0.014924,0.0285111,0.00519586,0.00641143
1193,door_1,1816,0,0.107003,0.107004,0,0.00763028,0,0,0,4.10191,0.0434049,0.570703,0.7,2.10824,-3.2513,7.166,0,0.622264,0.00561231,0.00556848
1194,door_2,2150,0,0.0545734,0.0545735,0,0.016256,0,0,0,6.19596,0.0678518,0.68133,0.882621,2,-4.74848,9.23925,-0.014924,0.0285111,0.00519586,0.00641143
1194,door_1,1816,0,0.107003,0.107004,0,0.00763028,0,0,0,4.10191,0.0434049,0.570703,0.7,2.10824,-3.2513,7.166,0,0.622284,0.00561231,0.00556848
1195,door_2,2150,0,0.0545734,0.0545735,0,0.016256,0,0,0,6.19596,0.0678518,0.68133,0.882621,2,-4.74848,9.23925,-0.014924,0.0285111,0.00519586,0.00641143
1195,door_1,1816,0,0.107003,0.107004,0,0.00763028,0,0,0,4.10191,0.0434049,0.570703,0.7,2.10824,-3.2513,7.166,0,0.622304,0.00561231,0.00556848
1196,door_2,2150,0,0.0545734,0.0545735,0,0.016256,0,0,0,6.19596,0.0678518,0.68133,0.882621,2,-4.74848,9.23925,-0.014924,0.0285111,0.00519586,0.00641143
1196,door_1,1816,0,0.107003,0.107004,0,0.00763028,0,0,0,4.10191,0.0434049,0.570703,0.7,2.10824,-3.2513,7.166,0,0.622325,0.00561231,0.00556848
1197,door_2,2150,0,0.0545734,0.0545735,0,0.016256,0,0,0,6.19596,0.0678518,0.68133,0.882621,2,-4.74848,9.23925,-0.014924,0.0285111,0.00519586,0.00641143
1197,door_1,1816,0,0.107003,0.107004,0,0.00763028,0,0,0,4.10191,0.0434049,0.570703,0.7,2.10824,-3.2513,7.166,0,0.622345,0.00561231,0.00556848
1198,door_2,2150,0,0.0545734,0.0545735,0,0.016256,0,0,0,6.19596,0.0678518,0.68133,0.882621,2,-4.74848,9.23925,-0.014924,0.0285111,0.00519586,0.00641143
1198,door_1,1816,0,0.107003,0.107004,0,0.00763028,0,0,0,4.10191,0.0434049,0.570703,0.7,2.10824,-3.2513,7.166,0,0.622365,0.00561231,0.00556848
1199,door_2,2150,0,0.0545734,0.0545735,0,0.016256,0,0,0,6.19596,0.0678518,0.68133,0.882621,2,-4.74848,9.23925,-0.014924,0.0285111,0.00519586,0.00641143
1199,door_1,1816,0,0.107003,0.107004,0,0.00763028,0,0,0,4.10191,0.0434049,0.570703,0.7,2.10824,-3.2513,7.166,0,0.622385,0.00561231,0.00556848
1200,door_2,2150,0,0.0545734,0.0545735,0,0.016256,0,0,0,6.19596,0.0678518,0.68133,0.882621,2,-4.74848,9.23925,-0.014924,0.0285111,0.00519586,0.00641143
1200,door_1,1816,0,0.107003,0.107004,0,0.00763028,0,0,0,4.10191,0.0434049,0.570703,0.7,2.10824,-3.2513,7.166,0,0.622405,0.00561231,0.00556848
1201,door_2,2150,0,0.0545734,0.0545735,0,0.016256,0,0,0,6.19596,0.0678518,0.68133,0.882621,2,-4.74848,9.23925,-0.014924,0.0285111,0.00519586,0.00641143
1201,door_1,1816,0,0.107003,0.107004,0,0.00763028,0,0,0,4.10191,0.0434049,0.570703,0.7,2.10824,-3.2513,7.166,0,0.622425,0.00561231,0.00556848
1202,door_2,2150,0,0.0545734,0.0545735,0,0.016256,0,0,0,6.19596,0.0678518,0.68133,0.882621,2,-4.74848,9.23925,-0.014924,0.0285111,0.00519586,0.00641143
1202,door_1,1816,0,0.107003,0.107004,0,0.00763028,0,0,0,4.10191,0.0434049,0.570703,0.7,2.10824,-3.2513,7.166,0,0.622445,0.00561231,0.00556848
1203,door_2,2150,0,0.0545734,0.0545735,0,0.016256,0,0,0,6.19596,0.0678518,0.68133,0.882621,2,-4.74848,9.23925,-0.014924,0.0285111,0.00519586,0.00641143
1203,door_1,1816,0,0.107003,0.107004,0,0.00763028,0,0,0,4.10191,0.0434049,0.570703,0.7,2.10824,-3.2513,7.166,0,0.622465,0.0056123,0.00556848
1204,door_2,2150,0,0.0545734,0.0545735,0,0.016256,0,0,0,6.19596,0.0678518,0.68133,0.882621,2,-4.74848,9.23925,-0.014924,0.0285111,0.00519586,0.00641143
1204,door_1,1816,0,0.107003,0.107004,0,0.00763028,0,0,0,4.10191,0.0434049,0.570703,0.7,2.10824,-3.2513,7.166,0,0.622485,0.0056123,0.00556848
1205,door_2,2150,0,0.0545734,0.0545735,0,0.016256,0,0,0,6.19596,0.0678518,0.68133,0.882621,2,-4.74848,9.23925,-0.014924,0.0285111,0.00519586,0.00641143
1205,door_1,1816,0,0.107003,0.107004,0,0.00763028,0,0,0,4.10191,0.0434049,0.570703,0.7,2.10824,-3.2513,7.166,0,0.622505,0.0056123,0.00556848
1206,door_2,2150,0,0.0545734,0.0545735,0,0.016256,0,0,0,6.19596,0.0678518,0.68133,0.882621,2,-4.74848,9.23925,-0.014924,0.0285111,0.00519586,0.00641143
1206,door_1,1816,0,0.107003,0.107004,0,0.00763028,0,0,0,4.10191,0.0434049,0.570703,0.7,2.10824,-3.2513,7.166,0,0.622525,0.0056123,0.00556848
1207,door_2,2150,0,0.0545734,0.0545735,0,0.016256,0,0,0,6.19596,0.0678518,0.68133,0.882621,2,-4.74848,9.23925,-0.014924,0.0285111,0.00519586,0.00641143
1207,door_1,1816,0,0.107003,0.107004,0,0.00763028,0,0,0,4.10191,0.0434049,0.570703,0.7,2.10824,-3.2513,7.166,0,0.622546,0.0056123,0.00556848
1208,door_2,2150,0,0.0545734,0.0545735,0,0.016256,0,0,0,6.19596,0.0678518,0.68133,0.882621,2,-4.74848,9.23925,-0.014924,0.0285111,0.00519586,0.00641143
1208,door_1,1816,0,0.107003,0.107004,0,0.00763028,0,0,0,4.10191,0.0434049,0.570703,0.7,2.10824,-3.2513,7.166,0,0.622566,0.0056123,0.00556848
1210,door_2,2150,0,0.0545734,0.0545735,0,0.016256,0,0,0,6.19596,0.0678518,0.68133,0.882621,2,-4.74848,9.23925,-0.014924,0.0285111,0.00519586,0.00641143
1210,door_1,1816,0,0.107003,0.107004,0,0.00763028,0,0,0,4.10191,0.0434049,0.570703,0.7,2.10824,-3.2513,7.166,0,0.622586,0.0056123,0.00556848
1211,door_2,2150,0,0.0545734,0.0545735,0,0.016256,0,0,0,6.19596,0.0678518,0.68133,0.882621,2,-4.74848,9.23925,-0.014924,0.0285111,0.00519586,0.00641143
1211,door_1,1816,0,0.107003,0.107004,0,0.00763028,0,0,0,4.10191,0.0434049,0.570703,0.7,2.10824,-3.2513,7.166,0,0.622606,0.0056123,0.00556848
1213,door_2,2150,0,0.0545734,0.0545735,0,0.016256,0,0,0,6.19596,0.0678518,0.68133,0.882621,2,-4.74848,9.23925,-0.014924,0.0285111,0.00519586,0.00641143
1213,door_1,1816,0,0.107003,0.107004,0,0.00763028,0,0,0,4.10191,0.0434049,0.570703,0.7,2.10824,-3.2513,7.166,0,0.622626,0.0056123,0.00556848
1214,door_2,2150,0,0.0545734,0.0545735,0,0.016256,0,0,0,6.19596,0.0678518,0.68133,0.882621,2,-4.74848,9.23925,-0.014924,0.0285111,0.00519586,0.00641143
1214,door_1,1816,0,0.107003,0.107004,0,0.00763028,0,0,0,4.10191,0.0434049,0.570703,0.7,2.10824,-3.2513,7.166,0,0.622646,0.0056123,0.00556848
1215,door_2,2150,0,0.0545734,0.0545735,0,0.016256,0,0,0,6.19596,0.0678518,0.68133,0.882621,2,-4.74848,9.23925,-0.014924,0.0285111,0.00519586,0.00641143
1215,door_1,1816,0,0.107003,0.107004,0,0.00763028,0,0,0,4.10191,0.0434049,0.570703,0.7,2.10824,-3.2513,7.166,0,0.622666,0.0056123,0.00556848
1217,door_2,2150,0,0.0545734,0.0545735,0,0.016256,0,0,0,6.19596,0.0678518,0.68133,0.882621,2,-4.74848,9.23925,-0.014924,0.0285111,0.00519586,0.00641143
1217,door_1,1816,0,0.107003,0.107004,0,0.00763028,0,0,0,4.10191,0.0434049,0.570703,0.7,2.10824,-3.2513,7.166,0,0.622686,0.0056123,0.00556848
1219,door_2,2150,0,0.0545734,0.0545735,0,0.016256,0,0,0,6.19596,0.0678518,0.68133,0.882621,2,-4.74848,9.23925,-0.014924,0.0285111,0.00519586,0.00641143
1219,door_1,1816,0,0.107003,0.107004,0,0.00763028,0,0,0,4.10191,0.0434049,0.570703,0.7,2.10824,-3.2513,7.166,0,0.622706,0.0056123,0.00556848
1221,door_2,2150,0,0.0545734,0.0545735,0,0.016256,0,0,0,6.19596,0.0678518,0.68133,0.882621,2,-4.74848,9.23925,-0.014924,0.0285111,0.00519586,0.00641143
1221,door_1,1816,0,0.107003,0.107004,0,0.00763028,0,0,0,4.10191,0.0434049,0.570703,0.7,2.10824,-3.2513,7.166,0,0.622726,0.0056123,0.00556848
1222,door_2,2150,0,0.0545734,0.0545735,0,0.016256,0,0,0,6.19596,0.0678518,0.68133,0.882621,2,-4.74848,9.23925,-0.014924,0.0285111,0.00519586,0.00641143
1222,door_1,1816,0,0.107003,0.107004,0,0.00763028,0,0,0,4.10191,0.0434049,0.570703,0.7,2.10824,-3.2513,7.166,0,0.622746,0.0056123,0.00556848
1223,door_2,2150,0,0.0545734,0.0545735,0,0.016256,0,0,0,6.19596,0.0678518,0.68133,0.882621,2,-4.74848,9.23925,-0.014924,0.0285111,0.00519586,0.00641143
1223,door_1,1816,0,0.107003,0.107004,0,0.00763028,0,0,0,4.10191,0.0434049,0.570703,0.7,2.10824,-3.2513,7.166,0,0.622766,0.0056123,0.00556848
1224,door_2,2150,0,0.0545734,0.0545735,0,0.016256,0,0,0,6.19596,0.0678518,0.68133,0.882621,2,-4.74848,9.23925,-0.014924,0.0285111,0.00519586,0.00641143
1224,door_1,1816,0,0.107003,0.107004,0,0.00763028,0,0,0,4.10191,0.0434049,0.570703,0.7,2.10824,-3.2513,7.166,0,0.622787,0.0056123,0.00556848
1226,door_2,2150,0,0.0545734,0.0545735,0,0.016256,0,0,0,6.19596,0.0678518,0.68133,0.882621,2,-4.74848,9.23925,-0.014924,0.0285111,0.00519586,0.00641143
1226,door_1,1816,0,0.107003,0.107004,0,0.00763028,0,0,0,4.10191,0.0434049,0.570703,0.7,2.10824,-3.2513,7.166,0,0.622807,0.0056123,0.00556848
1227,door_2,2150,0,0.0545734,0.0545735,0,0.016256,0,0,0,6.19596,0.0678518,0.68133,0.882621,2,-4.74848,9.23925,-0.014924,0.0285111,0.00519586,0.00641143
1227,door_1,1816,0,0.107003,0.107004,0,0.00763028,0,0,0,4.10191,0.0434049,0.570703,0.7,2.10824,-3.2513,7.166,0,0.622827,0.0056123,0.00556848
1228,door_2,2150,0,0.0545734,0.0545735,0,0.016256,0,0,0,6.19596,0.0678518,0.68133,0.882621,2,-4.74848,9.23925,-0.014924,0.0285111,0.00519586,0.00641143
1228,door_1,1816,0,0.107003,0.107004,0,0.00763028,0,0,0,4.10191,0.0434049,0.570703,0.7,2.10824,-3.2513,7.166,0,0.622847,0.0056123,0.00556848
1229,door_2,2150,0,0.0545734,0.0545735,0,0.016256,0,0,0,6.19596,0.0678518,0.68133,0.882621,2,-4.74848,9.23925,-0.014924,0.0285111,0.00519586,0.00641143
1229,door_1,1816,0,0.107003,0.107004,0,0.00763028,0,0,0,4.10191,0.0434049,0.570703,0.7,2.10824,-3.2513,7.166,0,0.622867,0.0056123,0.00556848
1230,door_2,2150,0,0.0545734,0.0545735,0,0.016256,0,0,0,6.19596,0.0678518,0.68133,0.882621,2,-4.74848,9.23925,-0.014924,0.0285111,0.00519586,0.00641143
1230,door_1,1816,0,0.107003,0.107004,0,0.00763028,0,0,0,4.10191,0.0434049,0.570703,0.7,2.10824,-3.2513,7.166,0,0.622887,0.0056123,0.00556848
1231,door_2,2150,0,0.0545734,0.0545735,0,0.016256,0,0,0,6.19596,0.0678518,0.68133,0.882621,2,-4.74848,9.23925,-0.014924,0.0285111,0.00519586,0.00641143
1231,door_1,1816,0,0.107003,0.107004,0,0.00763028,0,0,0,4.10191,0.0434049,0.570703,0.7,2.10824,-3.2513,7.166,0,0.622907,0.0056123,0.00556848
1232,door_2,2150,0,0.0545734,0.0545735,0,0.016256,0,0,0,6.19596,0.0678518,0.68133,0.882621,2,-4.74848,9.23925,-0.014924,0.0285111,0.00519586,0.00641143
1232,door_1,1816,0,0.107003,0.107004,0,0.00763028,0,0,0,4.10191,0.0434049,0.570703,0.7,2.10824,-3.2513,7.166,0,0.622927,0.0056123,0.00556848
1234,door_2,2150,0,0.0545734,0.0545735,0,0.016256,0,0,0,6.19596,0.0678518,0.68133,0.882621,2,-4.74848,9.23925,-0.014924,0.0285111,0.00519586,0.00641143
1234,door_1,1816,0,0.107003,0.107004,0,0.00763028,0,0,0,4.10191,0.0434049,0.570703,0.7,2.10824,-3.2513,7.166,0,0.622947,0.0056123,0.00556848
1235,door_2,2150,0,0.0545734,0.0545735,0,0.016256,0,0,0,6.19596,0.0678518,0.68133,0.882621,2,-4.74848,9.23925,-0.014924,0.0285111,0.00519586,0.00641143
1235,door_1,1816,0,0.107003,0.107004,0,0.00763028,0,0,0,4.10191,0.0434049,0.570703,0.7,2.10824,-3.2513,7.166,0,0.622967,0.0056123,0.00556848
1236,door_2,2150,0,0.0545734,0.0545735,0,0.016256,0,0,0,6.19596,0.0678518,0.68133,0.882621,2,-4.74848,9.23925,-0.014924,0.0285111,0.00519586,0.00641143
1236,door_1,1816,0,0.107003,0.107004,0,0.00763028,0,0,0,4.10191,0.0434049,0.570703,0.7,2.10824,-3.2513,7.166,0,0.622987,0.0056123,0.00556848
1237,door_2,2150,0,0.0545734,0.0545735,0,0.016256,0,0,0,6.19596,0.0678518,0.68133,0.882621,2,-4.74848,9.23925,-0.014924,0.0285111,0.00519586,0.00641143
1237,door_1,1816,0,0.107003,0.107004,0,0.00763028,0,0,0,4.10191,0.0434049,0.570703,0.7,2.10824,-3.2513,7.166,0,0.623007,0.0056123,0.00556848
1238,door_2,2150,0,0.0545734,0.0545735,0,0.016256,0,0,0,6.19596,0.0678518,0.68133,0.882621,2,-4.74848,9.23925,-0.014924,0.0285111,0.00519586,0.00641143
1238,door_1,1816,0,0.107003,0.107004,0,0.00763028,0,0,0,4.10191,0.0434049,0.570703,0.7,2.10824,-3.2513,7.166,0,0.623027,0.0056123,0.00556848
1239,door_2,2150,0,0.0545734,0.0545735,0,0.016256,0,0,0,6.19596,0.0678518,0.68133,0.882621,2,-4.74848,9.23925,-0.014924,0.0285111,0.00519586,0.00641143
1239,door_1,1816,0,0.107003,0.107004,0,0.00763028,0,0,0,4.10191,0.0434049,0.570703,0.7,2.10824,-3.2513,7.166,0,0.623047,0.0056123,0.00556848
1241,door_2,2150,0,0.0545734,0.0545735,0,0.016256,0,0,0,6.19596,0.0678518,0.68133,0.882621,2,-4.74848,9.23925,-0.014924,0.0285111,0.00519586,0.00641143
1241,door_1,1816,0,0.107003,0.107004,0,0.00763028,0,0,0,4.10191,0.0434049,0.570703,0.7,2.10824,-3.2513,7.166,0,0.623067,0.0056123,0.00556848
1242,door_2,2150,0,0.0545734,0.0545735,0,0.016256,0,0,0,6.19596,0.0678518,0.68133,0.882621,2,-4.74848,9.23925,-0.014924,0.0285111,0.00519586,0.00641143
1242,door_1,1816,0,0.107003,0.107004,0,0.00763028,0,0,0,4.10191,0.0434049,0.570703,0.7,2.10824,-3.2513,7.166,0,0.623087,0.0056123,0.00556848
1243,door_2,2150,0,0.0545734,0.0545735,0,0.016256,0,0,0,6.19596,0.0678518,0.68133,0.882621,2,-4.74848,9.23925,-0.014924,0.0285111,0.00519586,0.00641143
1243,door_1,1816,0,0.107003,0.107004,0,0.00763028,0,0,0,4.10191,0.0434049,0.570703,0.7,2.10824,-3.2513,7.166,0,0.623107,0.0056123,0.00556848
1244,door_2,2150,0,0.0545734,0.0545735,0,0.016256,0,0,0,6.19596,0.0678518,0.68133,0.882621,2,-4.74848,9.23925,-0.014924,0.0285111,0.00519586,0.00641143
1244,door_1,1816,0,0.107003,0.107004,0,0.00763028,0,0,0,4.10191,0.0434049,0.570703,0.7,2.10824,-3.2513,7.166,0,0.623128,0.0056123,0.00556848
1245,door_2,2150,0,0.0545734,0.0545735,0,0.016256,0,0,0,6.19596,0.0678518,0.68133,0.882621,2,-4.74848,9.23925,-0.014924,0.0285111,0.00519586,0.00641143
1245,door_1,1816,0,0.107003,0.107004,0,0.00763028,0,0,0,4.10191,0.0434049,0.570703,0.7,2.10824,-3.2513,7.166,0,0.623148,0.0056123,0.00556848
1247,door_2,2150,0,0.0545734,0.0545735,0,0.016256,0,0,0,6.19596,0.0678518,0.68133,0.882621,2,-4.74848,9.23925,-0.014924,0.0285111,0.00519586,0.00641143
1247,door_1,1816,0,0.107003,0.107004,0,0.00763028,0,0,0,4.10191,0.0434049,0.570703,0.7,2.10824,-3.2513,7.166,0,0.623168,0.0056123,0.00556848
1248,door_2,2150,0,0.0545734,0.0545735,0,0.016256,0,0,0,6.19596,0.0678518,0.68133,0.882621,2,-4.74848,9.23925,-0.014924,0.0285111,0.00519586,0.00641143
1248,door_1,1816,0,0.107003,0.107004,0,0.00763028,0,0,0,4.10191,0.0434049,0.570703,0.7,2.10824,-3.2513,7.166,0,0.623188,0.0056123,0.00556848
1249,door_2,2150,0,0.0545734,0.0545735,0,0.016256,0,0,0,6.19596,0.0678518,0.68133,0.882621,2,-4.74848,9.23925,-0.014924,0.0285111,0.00519586,0.00641143
1249,door_1,1816,0,0.107003,0.107004,0,0.00763028,0,0,0,4.10191,0.0434049,0.570703,0.7,2.10824,-3.2513,7.166,0,0.623208,0.0056123,0.00556848
1250,door_2,2150,0,0.0545734,0.0545735,0,0.016256,0,0,0,6.19596,0.0678518,0.68133,0.882621,2,-4.74848,9.23925,-0.014924,0.0285111,0.00519586,0.00641143
1250,door_1,1816,0,0.107003,0.107004,0,0.00763028,0,0,0,4.10191,0.0434049,0.570703,0.7,2.10824,-3.2513,7.166,0,0.623228,0.0056123,0.00556848
1251,door_2,2150,0,0.0545734,0.0545735,0,0.016256,0,0,0,6.19596,0.0678518,0.68133,0.882621,2,-4.74848,9.23925,-0.014924,0.0285111,0.00519586,0.00641143
1251,door_1,1816,0,0.107003,0.107004,0,0.00763028,0,0,0,4.10191,0.0434049,0.570703,0.7,2.10824,-3.2513,7.166,0,0.623248,0.0056123,0.00556848
1252,door_2,2150,0,0.0545734,0.0545735,0,0.016256,0,0,0,6.19596,0.0678518,0.68133,0.882621,2,-4.74848,9.23925,-0.014924,0.0285111,0.00519586,0.00641143
1252,door_1,1816,0,0.107003,0.107004,0,0.00763028,0,0,0,4.10191,0.0434049,0.570703,0.7,2.10824,-3.2513,7.166,0,0.623268,0.0056123,0.00556848
1253,door_2,2150,0,0.0545734,0.0545735,0,0.016256,0,0,0,6.19596,0.0678518,0.68133,0.882621,2,-4.74848,9.23925,-0.014924,0.0285111,0.00519586,0.00641143
1253,door_1,1816,0,0.107003,0.107004,0,0.00763028,0,0,0,4.10191,0.0434049,0.570703,0.7,2.10824,-3.2513,7.166,0,0.623288,0.0056123,0.00556848
1254,door_2,2150,0,0.0545734,0.0545735,0,0.016256,0,0,0,6.19596,0.0678518,0.68133,0.882621,2,-4.74848,9.23925,-0.014924,0.0285111,0.00519586,0.00641143
1254,door_1,1816,0,0.107003,0.107004,0,0.00763028,0,0,0,4.10191,0.0434049,0.570703,0.7,2.10824,-3.2513,7.166,0,0.623308,0.0056123,0.00556848
1255,door_2,2150,0,0.0545734,0.0545735,0,0.016256,0,0,0,6.19596,0.0678518,0.68133,0.882621,2,-4.74848,9.23925,-0.014924,0.0285111,0.00519586,0.00641143
1255,door_1,1816,0,0.107003,0.107004,0,0.00763028,0,0,0,4.10191,0.0434049,0.570703,0.7,2.10824,-3.2513,7.166,0,0.623328,0.0056123,0.00556848
1256,door_2,2150,0,0.0545734,0.0545735,0,0.016256,0,0,0,6.19596,0.0678518,0.68133,0.882621,2,-4.74848,9.23925,-0.014924,0.0285111,0.00519586,0.00641143
1256,door_1,1816,0,0.107003,0.107004,0,0.00763028,0,0,0,4.10191,0.0434049,0.570703,0.7,2.10824,-3.2513,7.166,0,0.623348,0.0056123,0.00556848
1257,door_2,2150,0,0.0545734,0.0545735,0,0.016256,0,0,0,6.19596,0.0678518,0.68133,0.882621,2,-4.74848,9.23925,-0.014924,0.0285111,0.00519586,0.00641143
1257,door_1,1816,0,0.107003,0.107004,0,0.00763028,0,0,0,4.10191,0.0434049,0.570703,0.7,2.10824,-3.2513,7.166,0,0.623368,0.0056123,0.00556848
1258,door_2,2150,0,0.0545734,0.0545735,0,0.016256,0,0,0,6.19596,0.0678518,0.68133,0.882621,2,-4.74848,9.23925,-0.014924,0.0285111,0.00519586,0.00641143
1258,door_1,1816,0,0.107003,0.107004,0,0.00763028,0,0,0,4.10191,0.0434049,0.570703,0.7,2.10824,-3.2513,7.166,0,0.623388,0.0056123,0.00556848
1259,door_2,2150,0,0.0545734,0.0545735,0,0.016256,0,0,0,6.19596,0.0678518,0.68133,0.882621,2,-4.74848,9.23925,-0.014924,0.0285111,0.00519586,0.00641143
1259,door_1,1816,0,0.107003,0.107004,0,0.00763028,0,0,0,4.10191,0.0434049,0.570703,0.7,2.10824,-3.2513,7.166,0,0.623408,0.0056123,0.00556848
1260,door_2,2150,0,0.0545734,0.0545735,0,0.016256,0,0,0,6.19596,0.0678518,0.68133,0.882621,2,-4.74848,9.23925,-0.014924,0.0285111,0.00519586,0.00641143
1260,door_1,1816,0,0.107003,0.107004,0,0.00763028,0,0,0,4.10191,0.0434049,0.570703,0.7,2.10824,-3.2513,7.166,0,0.623428,0.0056123,0.00556848
1261,door_2,2150,0,0.0545734,0.0545735,0,0.016256,0,0,0,6.19596,0.0678518,0.68133,0.882621,2,-4.74848,9.23925,-0.014924,0.0285111,0.00519586,0.00641143
1261,door_1,1816,0,0.107003,0.107004,0,0.00763028,0,0,0,4.10191,0.0434049,0.570703,0.7,2.10824,-3.2513,7.166,0,0.623449,0.0056123,0.00556848
1262,door_2,2150,0,0.0545734,0.0545735,0,0.016256,0,0,0,6.19596,0.0678518,0.68133,0.882621,2,-4.74848,9.23925,-0.014924,0.0285111,0.00519586,0.00641143
1262,door_1,1816,0,0.107003,0.107004,0,0.00763028,0,0,0,4.10191,0.0434049,0.570703,0.7,2.10824,-3.2513,7.166,0,0.623469,0.0056123,0.00556848
1263,door_2,2150,0,0.0545734,0.0545735,0,0.016256,0,0,0,6.19596,0.0678518,0.68133,0.882621,2,-4.74848,9.23925,-0.014924,0.0285111,0.00519586,0.00641143
1263,door_1,1816,0,0.107003,0.107004,0,0.00763028,0,0,0,4.10191,0.0434049,0.570703,0.7,2.10824,-3.2513,7.166,0,0.623489,0.0056123,0.00556848
1264,door_2,2150,0,0.0545734,0.0545735,0,0.016256,0,0,0,6.19596,0.0678518,0.68133,0.882621,2,-4.74848,9.23925,-0.014924,0.0285111,0.00519586,0.00641143
1264,door_1,1816,0,0.107003,0.107004,0,0.00763028,0,0,0,4.10191,0.0434049,0.570703,0.7,2.10824,-3.2513,7.166,0,0.623509,0.0056123,0.00556848
1265,door_2,2150,0,0.0545734,0.0545735,0,0.016256,0,0,0,6.19596,0.0678518,0.68133,0.882621,2,-4.74848,9.23925,-0.014924,0.0285111,0.00519586,0.00641143
1265,door_1,1816,0,0.107003,0.107004,0,0.00763028,0,0,0,4.10191,0.0434049,0.570703,0.7,2.10824,-3.2513,7.166,0,0.623529,0.0056123,0.00556848
1266,door_2,2150,0,0.0545734,0.0545735,0,0.016256,0,0,0,6.19596,0.0678518,0.68133,0.882621,2,-4.74848,9.23925,-0.014924,0.0285111,0.00519586,0.00641143
1266,door_1,1816,0,0.107003,0.107004,0,0.00763028,0,0,0,4.10191,0.0434049,0.570703,0.7,2.10824,-3.2513,7.166,0,0.623549,0.0056123,0.00556848
1267,door_2,2150,0,0.0545734,0.0545735,0,0.016256,0,0,0,6.19596,0.0678518,0.68133,0.882621,2,-4.74848,9.23925,-0.014924,0.0285111,0.00519586,0.00641143
1267,door_1,1816,0,0.107003,0.107004,0,0.00763028,0,0,0,4.10191,0.0434049,0.570703,0.7,2.10824,-3.2513,7.166,0,0.623569,0.0056123,0.00556848
1268,door_2,2150,0,0.0545734,0.0545735,0,0.016256,0,0,0,6.19596,0.0678518,0.68133,0.882621,2,-4.74848,9.23925,-0.014924,0.0285111,0.00519586,0.00641143
1268,door_1,1816,0,0.107003,0.107004,0,0.00763028,0,0,0,4.10191,0.0434049,0.570703,0.7,2.10824,-3.2513,7.166,0,0.623589,0.0056123,0.00556848
1269,door_2,2150,0,0.0545734,0.0545735,0,0.016256,0,0,0,6.19596,0.0678518,0.68133,0.882621,2,-4.74848,9.23925,-0.014924,0.0285111,0.00519586,0.00641143
1269,door_1,1816,0,0.107003,0.107004,0,0.00763028,0,0,0,4.10191,0.0434049,0.570703,0.7,2.10824,-3.2513,7.166,0,0.623609,0.0056123,0.00556848
1270,door_2,2150,0,0.0545734,0.0545735,0,0.016256,0,0,0,6.19596,0.0678518,0.68133,0.882621,2,-4.74848,9.23925,-0.014924,0.0285111,0.00519586,0.00641143
1270,door_1,1816,0,0.107003,0.107004,0,0.00763028,0,0,0,4.10191,0.0434049,0.570703,0.7,2.10824,-3.2513,7.166,0,0.623629,0.0056123,0.00556848
1271,door_2,2150,0,0.0545734,0.0545735,0,0.016256,0,0,0,6.19596,0.0678518,0.68133,0.882621,2,-4.74848,9.23925,-0.014924,0.0285111,0.00519586,0.00641143
1271,door_1,1816,0,0.107003,0.107004,0,0.00763028,0,0,0,4.10191,0.0434049,0.570703,0.7,2.10824,-3.2513,7.166,0,0.623649,0.0056123,0.00556848
1272,door_2,2150,0,0.0545734,0.0545735,0,0.016256,0,0,0,6.19596,0.0678518,0.68133,0.882621,2,-4.74848,9.23925,-0.014924,0.0285111,0.00519586,0.00641143
1272,door_1,1816,0,0.107003,0.107004,0,0.00763028,0,0,0,4.10191,0.0434049,0.570703,0.7,2.10824,-3.2513,7.166,0,0.623669,0.0056123,0.00556848
1273,door_2,2150,0,0.0545734,0.0545735,0,0.016256,0,0,0,6.19596,0.0678518,0.68133,0.882621,2,-4.74848,9.23925,-0.014924,0.0285111,0.00519586,0.00641143
1273,door_1,1816,0,0.107003,0.107004,0,0.00763028,0,0,0,4.10191,0.0434049,0.570703,0.7,2.10824,-3.2513,7.166,0,0.623689,0.0056123,0.00556848
1274,door_2,2150,0,0.0545734,0.0545735,0,0.016256,0,0,0,6.19596,0.0678518,0.68133,0.882621,2,-4.74848,9.23925,-0.014924,0.0285111,0.00519586,0.00641143
1274,door_1,1816,0,0.107003,0.107004,0,0.00763028,0,0,0,4.10191,0.0434049,0.570703,0.7,2.10824,-3.2513,7.166,0,0.623709,0.0056123,0.00556848
1275,door_2,2150,0,0.0545734,0.0545735,0,0.016256,0,0,0,6.19596,0.0678518,0.68133,0.882621,2,-4.74848,9.23925,-0.014924,0.0285111,0.00519586,0.00641143
1275,door_1,1816,0,0.107003,0.107004,0,0.00763028,0,0,0,4.10191,0.0434049,0.570703,0.7,2.10824,-3.2513,7.166,0,0.623729,0.0056123,0.00556848
1276,door_2,2150,0,0.0545734,0.0545735,0,0.016256,0,0,0,6.19596,0.0678518,0.68133,0.882621,2,-4.74848,9.23925,-0.014924,0.0285111,0.00519586,0.00641143
1276,door_1,1816,0,0.107003,0.107004,0,0.00763028,0,0,0,4.10191,0.0434049,0.570703,0.7,2.10824,-3.2513,7.166,0,0.623749,0.0056123,0.00556848
1277,door_2,2150,0,0.0545734,0.0545735,0,0.016256,0,0,0,6.19596,0.0678518,0.68133,0.882621,2,-4.74848,9.23925,-0.014924,0.0285111,0.00519586,0.00641143
1277,door_1,1816,0,0.107003,0.107004,0,0.00763028,0,0,0,4.10191,0.0434049,0.570703,0.7,2.10824,-3.2513,7.166,0,0.623769,0.0056123,0.00556848
1278,door_2,2150,0,0.0545734,0.0545735,0,0.016256,0,0,0,6.19596,0.0678518,0.68133,0.882621,2,-4.74848,9.23925,-0.014924,0.0285111,0.00519586,0.00641143
1278,door_1,1816,0,0.107003,0.107004,0,0.00763028,0,0,0,4.10191,0.0434049,0.570703,0.7,2.10824,-3.2513,7.166,0,0.623789,0.0056123,0.00556848
1279,door_2,2150,0,0.0545734,0.0545735,0,0.016256,0,0,0,6.19596,0.0678518,0.68133,0.882621,2,-4.74848,9.23925,-0.014924,0.0285111,0.00519586,0.00641143
1279,door_1,1816,0,0.107003,0.107004,0,0.00763028,0,0,0,4.10191,0.0434049,0.570703,0.7,2.10824,-3.2513,7.166,0,0.623809,0.0056123,0.00556848
1280,door_2,2150,0,0.0545734,0.0545735,0,0.016256,0,0,0,6.19596,0.0678518,0.68133,0.882621,2,-4.74848,9.23925,-0.014924,0.0285111,0.00519586,0.00641143
1280,door_1,1816,0,0.107003,0.107004,0,0.00763028,0,0,0,4.10191,0.0434049,0.570703,0.7,2.10824,-3.2513,7.166,0,0.623829,0.0056123,0.00556848
1281,door_2,2150,0,0.0545734,0.0545735,0,0.016256,0,0,0,6.19596,0.0678518,0.68133,0.882621,2,-4.74848,9.23925,-0.014924,0.0285111,0.00519586,0.00641143
1281,door_1,1816,0,0.107003,0.107004,0,0.00763028,0,0,0,4.10191,0.0434049,0.570703,0.7,2.10824,-3.2513,7.166,0,0.62385,0.0056123,0.00556848
1282,door_2,2150,0,0.0545734,0.0545735,0,0.016256,0,0,0,6.19596,0.0678518,0.68133,0.882621,2,-4.74848,9.23925,-0.014924,0.0285111,0.00519586,0.00641143
1282,door_1,1816,0,0.107003,0.107004,0,0.00763028,0,0,0,4.10191,0.0434049,0.570703,0.7,2.10824,-3.2513,7.166,0,0.62387,0.0056123,0.00556848
1283,door_2,2150,0,0.0545734,0.0545735,0,0.016256,0,0,0,6.19596,0.0678518,0.68133,0.882621,2,-4.74848,9.23925,-0.014924,0.0285111,0.00519586,0.00641143
1283,door_1,1816,0,0.107003,0.107004,0,0.00763028,0,0,0,4.10191,0.0434049,0.570703,0.7,2.10824,-3.2513,7.166,0,0.62389,0.0056123,0.00556848
1284,door_2,2150,0,0.0545734,0.0545735,0,0.016256,0,0,0,6.19596,0.0678518,0.68133,0.882621,2,-4.74848,9.23925,-0.014924,0.0285111,0.00519586,0.00641143
1284,door_1,1816,0,0.107003,0.107004,0,0.00763028,0,0,0,4.10191,0.0434049,0.570703,0.7,2.10824,-3.2513,7.166,0,0.62391,0.0056123,0.00556848
1285,door_2,2150,0,0.0545734,0.0545735,0,0.016256,0,0,0,6.19596,0.0678518,0.68133,0.882621,2,-4.74848,9.23925,-0.014924,0.0285111,0.00519586,0.00641143
1285,door_1,1816,0,0.107003,0.107004,0,0.00763028,0,0,0,4.10191,0.0434049,0.570703,0.7,2.10824,-3.2513,7.166,0,0.62393,0.0056123,0.00556848
1286,door_2,2150,0,0.0545734,0.0545735,0,0.016256,0,0,0,6.19596,0.0678518,0.68133,0.882621,2,-4.74848,9.23925,-0.014924,0.0285111,0.00519586,0.00641143
1286,door_1,1816,0,0.107003,0.107004,0,0.00763028,0,0,0,4.10191,0.0434049,0.570703,0.7,2.10824,-3.2513,7.166,0,0.62395,0.0056123,0.00556848
1287,door_2,2150,0,0.0545734,0.0545735,0,0.016256,0,0,0,6.19596,0.0678518,0.68133,0.882621,2,-4.74848,9.23925,-0.014924,0.0285111,0.00519586,0.00641143
1287,door_1,1816,0,0.107003,0.107004,0,0.00763028,0,0,0,4.10191,0.0434049,0.570703,0.7,2.10824,-3.2513,7.166,0,0.62397,0.0056123,0.00556848
1288,door_2,2150,0,0.0545734,0.0545735,0,0.016256,0,0,0,6.19596,0.0678518,0.68133,0.882621,2,-4.74848,9.23925,-0.014924,0.0285111,0.00519586,0.00641143
1288,door_1,1816,0,0.107003,0.107004,0,0.00763028,0,0,0,4.10191,0.0434049,0.570703,0.7,2.10824,-3.2513,7.166,0,0.62399,0.0056123,0.00556848
1289,door_2,2150,0,0.0545734,0.0545735,0,0.016256,0,0,0,6.19596,0.0678518,0.68133,0.882621,2,-4.74848,9.23925,-0.014924,0.0285111,0.00519586,0.00641143
1289,door_1,1816,0,0.107003,0.107004,0,0.00763028,0,0,0,4.10191,0.0434049,0.570703,0.7,2.10824,-3.2513,7.166,0,0.62401,0.0056123,0.00556848
1290,door_2,2150,0,0.0545734,0.0545735,0,0.016256,0,0,0,6.19596,0.0678518,0.68133,0.882621,2,-4.74848,9.23925,-0.014924,0.0285111,0.00519586,0.00641143
1290,door_1,1816,0,0.107003,0.107004,0,0.00763028,0,0,0,4.10191,0.0434049,0.570703,0.7,2.10824,-3.2513,7.166,0,0.62403,0.0056123,0.00556848
1291,door_2,2150,0,0.0545734,0.0545735,0,0.016256,0,0,0,6.19596,0.0678518,0.68133,0.882621,2,-4.74848,9.23925,-0.014924,0.0285111,0.00519586,0.00641143
1291,door_1,1816,0,0.107003,0.107004,0,0.00763028,0,0,0,4.10191,0.0434049,0.570703,0.7,2.10824,-3.2513,7.166,0,0.62405,0.0056123,0.00556848
1292,door_2,2150,0,0.0545734,0.0545735,0,0.016256,0,0,0,6.19596,0.0678518,0.68133,0.882621,2,-4.74848,9.23925,-0.014924,0.0285111,0.00519586,0.00641143
1292,door_1,1816,0,0.107003,0.107004,0,0.00763028,0,0,0,4.10191,0.0434049,0.570703,0.7,2.10824,-3.2513,7.166,0,0.62407,0.0056123,0.00556848
1293,door_2,2150,0,0.0545734,0.0545735,0,0.016256,0,0,0,6.19596,0.0678518,0.68133,0.882621,2,-4.74848,9.23925,-0.014924,0.0285111,0.00519586,0.00641143
1293,door_1,1816,0,0.107003,0.107004,0,0.00763028,0,0,0,4.10191,0.0434049,0.570703,0.7,2.10824,-3.2513,7.166,0,0.62409,0.0056123,0.00556848
1294,door_2,2150,0,0.0545734,0.0545735,0,0.016256,0,0,0,6.19596,0.0678518,0.68133,0.882621,2,-4.74848,9.23925,-0.014924,0.0285111,0.00519586,0.00641143
1294,door_1,1816,0,0.107003,0.107004,0,0.00763028,0,0,0,4.10191,0.0434049,0.570703,0.7,2.10824,-3.2513,7.166,0,0.62411,0.0056123,0.00556848
1295,door_2,2150,0,0.0545734,0.0545735,0,0.016256,0,0,0,6.19596,0.0678518,0.68133,0.882621,2,-4.74848,9.23925,-0.014924,0.0285111,0.00519586,0.00641143
1295,door_1,1816,0,0.107003,0.107004,0,0.00763028,0,0,0,4.10191,0.0434049,0.570703,0.7,2.10824,-3.2513,7.166,0,0.62413,0.0056123,0.00556848
1296,door_2,2150,0,0.0545734,0.0545735,0,0.016256,0,0,0,6.19596,0.0678518,0.68133,0.882621,2,-4.74848,9.23925,-0.014924,0.0285111,0.00519586,0.00641143
1296,door_1,1816,0,0.107003,0.107004,0,0.00763028,0,0,0,4.10191,0.0434049,0.570703,0.7,2.10824,-3.2513,7.166,0,0.62415,0.0056123,0.00556848
1297,door_2,2150,0,0.0545734,0.0545735,0,0.016256,0,0,0,6.19596,0.0678518,0.68133,0.882621,2,-4.74848,9.23925,-0.014924,0.0285111,0.00519586,0.00641143
1297,door_1,1816,0,0.107003,0.107004,0,0.00763028,0,0,0,4.10191,0.0434049,0.570703,0.7,2.10824,-3.2513,7.166,0,0.62417,0.0056123,0.00556848
1298,door_2,2150,0,0.0545734,0.0545735,0,0.016256,0,0,0,6.19596,0.0678518,0.68133,0.882621,2,-4.74848,9.23925,-0.014924,0.0285111,0.00519586,0.00641143
1298,door_1,1816,0,0.107003,0.107004,0,0.00763028,0,0,0,4.10191,0.0434049,0.570703,0.7,2.10824,-3.2513,7.166,0,0.62419,0.0056123,0.00556848
1299,door_2,2150,0,0.0545734,0.0545735,0,0.016256,0,0,0,6.19596,0.0678518,0.68133,0.882621,2,-4.74848,9.23925,-0.014924,0.0285111,0.00519586,0.00641143
1299,door_1,1816,0,0.107003,0.107004,0,0.00763028,0,0,0,4.10191,0.0434049,0.570703,0.7,2.10824,-3.2513,7.166,0,0.62421,0.0056123,0.00556848
1300,door_2,2150,0,0.0545734,0.0545735,0,0.016256,0,0,0,6.19596,0.0678518,0.68133,0.882621,2,-4.74848,9.23925,-0.014924,0.0285111,0.00519586,0.00641143
1300,door_1,1816,0,0.107003,0.107004,0,0.00763028,0,0,0,4.10191,0.0434049,0.570703,0.7,2.10824,-3.2513,7.166,0,0.62423,0.0056123,0.00556848
1301,door_2,2150,0,0.0545734,0.0545735,0,0.016256,0,0,0,6.19596,0.0678518,0.68133,0.882621,2,-4.74848,9.23925,-0.014924,0.0285111,0.00519586,0.00641143
1301,door_1,1816,0,0.107003,0.107004,0,0.00763028,0,0,0,4.10191,0.0434049,0.570703,0.7,2.10824,-3.2513,7.166,0,0.62425,0.0056123,0.00556848
1302,door_2,2150,0,0.0545734,0.0545735,0,0.016256,0,0,0,6.19596,0.0678518,0.68133,0.882621,2,-4.74848,9.23925,-0.014924,0.0285111,0.00519586,0.00641143
1302,door_1,1816,0,0.107003,0.107004,0,0.00763028,0,0,0,4.10191,0.0434049,0.570703,0.7,2.10824,-3.2513,7.166,0,0.62427,0.0056123,0.00556848
1303,door_2,2150,0,0.0545734,0.0545735,0,0.016256,0,0,0,6.19596,0.0678518,0.68133,0.882621,2,-4.74848,9.23925,-0.014924,0.0285111,0.00519586,0.00641143
1303,door_1,1816,0,0.107003,0.107004,0,0.00763028,0,0,0,4.10191,0.0434049,0.570703,0.7,2.10824,-3.2513,7.166,0,0.62429,0.0056123,0.00556848
1304,door_2,2150,0,0.0545734,0.0545735,0,0.016256,0,0,0,6.19596,0.0678518,0.68133,0.882621,2,-4.74848,9.23925,-0.014924,0.0285111,0.00519586,0.00641143
1304,door_1,1816,0,0.107003,0.107004,0,0.00763028,0,0,0,4.10191,0.0434049,0.570703,0.7,2.10824,-3.2513,7.166,0,0.62431,0.0056123,0.00556848
1305,door_2,2150,0,0.0545734,0.0545735,0,0.016256,0,0,0,6.19596,0.0678518,0.68133,0.882621,2,-4.74848,9.23925,-0.014924,0.0285111,0.00519586,0.00641143
1305,door_1,1816,0,0.107003,0.107004,0,0.00763028,0,0,0,4.10191,0.0434049,0.570703,0.7,2.10824,-3.2513,7.166,0,0.62433,0.0056123,0.00556848
1306,door_2,2150,0,0.0545734,0.0545735,0,0.016256,0,0,0,6.19596,0.0678518,0.68133,0.882621,2,-4.74848,9.23925,-0.014924,0.0285111,0.00519586,0.00641143
1306,door_1,1816,0,0.107003,0.107004,0,0.00763028,0,0,0,4.10191,0.0434049,0.570703,0.7,2.10824,-3.2513,7.166,0,0.62435,0.0056123,0.00556848
1307,door_2,2150,0,0.0545734,0.0545735,0,0.016256,0,0,0,6.19596,0.0678518,0.68133,0.882621,2,-4.74848,9.23925,-0.014924,0.0285111,0.00519586,0.00641143
1307,door_1,1816,0,0.107003,0.107004,0,0.00763028,0,0,0,4.10191,0.0434049,0.570703,0.7,2.10824,-3.2513,7.166,0,0.62437,0.0056123,0.00556848
1308,door_2,2150,0,0.0545734,0.0545735,0,0.016256,0,0,0,6.19596,0.0678518,0.68133,0.882621,2,-4.74848,9.23925,-0.014924,0.0285111,0.00519586,0.00641143
1308,door_1,1816,0,0.107003,0.107004,0,0.00763028,0,0,0,4.10191,0.0434049,0.570703,0.7,2.10824,-3.2513,7.166,0,0.62439,0.0056123,0.00556848
1310,door_2,2150,0,0.0545734,0.0545735,0,0.016256,0,0,0,6.19596,0.0678518,0.68133,0.882621,2,-4.74848,9.23925,-0.014924,0.0285111,0.00519586,0.00641143
1310,door_1,1816,0,0.107003,0.107004,0,0.00763028,0,0,0,4.10191,0.0434049,0.570703,0.7,2.10824,-3.2513,7.166,0,0.62441,0.0056123,0.00556848
1311,door_2,2150,0,0.0545734,0.0545735,0,0.016256,0,0,0,6.19596,0.0678518,0.68133,0.882621,2,-4.74848,9.23925,-0.014924,0.0285111,0.00519586,0.00641143
1311,door_1,1816,0,0.107003,0.107004,0,0.00763028,0,0,0,4.10191,0.0434049,0.570703,0.7,2.10824,-3.2513,7.166,0,0.62443,0.0056123,0.00556848
1312,door_2,2150,0,0.0545734,0.0545735,0,0.016256,0,0,0,6.19596,0.0678518,0.68133,0.882621,2,-4.74848,9.23925,-0.014924,0.0285111,0.00519586,0.00641143
1312,door_1,1816,0,0.107003,0.107004,0,0.00763028,0,0,0,4.10191,0.0434049,0.570703,0.7,2.10824,-3.2513,7.166,0,0.62445,0.0056123,0.00556848
1313,door_2,2150,0,0.0545734,0.0545735,0,0.016256,0,0,0,6.19596,0.0678518,0.68133,0.882621,2,-4.74848,9.23925,-0.014924,0.0285111,0.00519586,0.00641143
1313,door_1,1816,0,0.107003,0.107004,0,0.00763028,0,0,0,4.10191,0.0434049,0.570703,0.7,2.10824,-3.2513,7.166,0,0.62447,0.0056123,0.00556848
1314,door_2,2150,0,0.0545734,0.0545735,0,0.016256,0,0,0,6.19596,0.0678518,0.68133,0.882621,2,-4.74848,9.23925,-0.014924,0.0285111,0.00519586,0.00641143
1314,door_1,1816,0,0.107003,0.107004,0,0.00763028,0,0,0,4.10191,0.0434049,0.570703,0.7,2.10824,-3.2513,7.166,0,0.62449,0.0056123,0.00556848
1315,door_2,2150,0,0.0545734,0.0545735,0,0.016256,0,0,0,6.19596,0.0678518,0.68133,0.882621,2,-4.74848,9.23925,-0.014924,0.0285111,0.00519586,0.00641143
1315,door_1,1816,0,0.107003,0.107004,0,0.00763028,0,0,0,4.10191,0.0434049,0.570703,0.7,2.10824,-3.2513,7.166,0,0.62451,0.0056123,0.00556848
1316,door_2,2150,0,0.0545734,0.0545735,0,0.016256,0,0,0,6.19596,0.0678518,0.68133,0.882621,2,-4.74848,9.23925,-0.014924,0.0285111,0.00519586,0.00641143
1316,door_1,1816,0,0.107003,0.107004,0,0.00763028,0,0,0,4.10191,0.0434049,0.570703,0.7,2.10824,-3.2513,7.166,0,0.62453,0.0056123,0.00556848
1317,door_2,2150,0,0.0545734,0.0545735,0,0.016256,0,0,0,6.19596,0.0678518,0.68133,0.882621,2,-4.74848,9.23925,-0.014924,0.0285111,0.00519586,0.00641143
1317,door_1,1816,0,0.107003,0.107004,0,0.00763028,0,0,0,4.10191,0.0434049,0.570703,0.7,2.10824,-3.2513,7.166,0,0.62455,0.0056123,0.00556848
1318,door_2,2150,0,0.0545734,0.0545735,0,0.016256,0,0,0,6.19596,0.0678518,0.68133,0.882621,2,-4.74848,9.23925,-0.014924,0.0285111,0.00519586,0.00641143
1318,door_1,1816,0,0.107003,0.107004,0,0.00763028,0,0,0,4.10191,0.0434049,0.570703,0.7,2.10824,-3.2513,7.166,0,0.62457,0.0056123,0.00556848
1319,door_2,2150,0,0.0545734,0.0545735,0,0.016256,0,0,0,6.19596,0.0678518,0.68133,0.882621,2,-4.74848,9.23925,-0.014924,0.0285111,0.00519586,0.00641143
1319,door_1,1816,0,0.107003,0.107004,0,0.00763028,0,0,0,4.10191,0.0434049,0.570703,0.7,2.10824,-3.2513,7.166,0,0.62459,0.0056123,0.00556848
1321,door_2,2150,0,0.0545734,0.0545735,0,0.016256,0,0,0,6.19596,0.0678518,0.68133,0.882621,2,-4.74848,9.23925,-0.014924,0.0285111,0.00519586,0.00641143
1321,door_1,1816,0,0.107003,0.107004,0,0.00763028,0,0,0,4.10191,0.0434049,0.570703,0.7,2.10824,-3.2513,7.166,0,0.62461,0.0056123,0.00556848
1322,door_2,2150,0,0.0545734,0.0545735,0,0.016256,0,0,0,6.19596,0.0678518,0.68133,0.882621,2,-4.74848,9.23925,-0.014924,0.0285111,0.00519586,0.00641143
1322,door_1,1816,0,0.107003,0.107004,0,0.00763028,0,0,0,4.10191,0.0434049,0.570703,0.7,2.10824,-3.2513,7.166,0,0.62463,0.0056123,0.00556848
1323,door_2,2150,0,0.0545734,0.0545735,0,0.016256,0,0,0,6.19596,0.0678518,0.68133,0.882621,2,-4.74848,9.23925,-0.014924,0.0285111,0.00519586,0.00641143
1323,door_1,1816,0,0.107003,0.107004,0,0.00763028,0,0,0,4.10191,0.0434049,0.570703,0.7,2.10824,-3.2513,7.166,0,0.62465,0.0056123,0.00556848
1324,door_2,2150,0,0.0545734,0.0545735,0,0.016256,0,0,0,6.19596,0.0678518,0.68133,0.882621,2,-4.74848,9.23925,-0.014924,0.0285111,0.00519586,0.00641143
1324,door_1,1816,0,0.107003,0.107004,0,0.00763028,0,0,0,4.10191,0.0434049,0.570703,0.7,2.10824,-3.2513,7.166,0,0.62467,0.0056123,0.00556848
1325,door_2,2150,0,0.0545734,0.0545735,0,0.016256,0,0,0,6.19596,0.0678518,0.68133,0.882621,2,-4.74848,9.23925,-0.014924,0.0285111,0.00519586,0.00641143
1325,door_1,1816,0,0.107003,0.107004,0,0.00763028,0,0,0,4.10191,0.0434049,0.570703,0.7,2.10824,-3.2513,7.166,0,0.62469,0.0056123,0.00556848
1326,door_2,2150,0,0.0545734,0.0545735,0,0.016256,0,0,0,6.19596,0.0678518,0.68133,0.882621,2,-4.74848,9.23925,-0.014924,0.0285111,0.00519586,0.00641143
1326,door_1,1816,0,0.107003,0.107004,0,0.00763028,0,0,0,4.10191,0.0434049,0.570703,0.7,2.10824,-3.2513,7.166,0,0.62471,0.0056123,0.00556848
1327,door_2,2150,0,0.0545734,0.0545735,0,0.016256,0,0,0,6.19596,0.0678518,0.68133,0.882621,2,-4.74848,9.23925,-0.014924,0.0285111,0.00519586,0.00641143
1327,door_1,1816,0,0.107003,0.107004,0,0.00763028,0,0,0,4.10191,0.0434049,0.570703,0.7,2.10824,-3.2513,7.166,0,0.62473,0.0056123,0.00556848
1328,door_2,2150,0,0.0545734,0.0545735,0,0.016256,0,0,0,6.19596,0.0678518,0.68133,0.882621,2,-4.74848,9.23925,-0.014924,0.0285111,0.00519586,0.00641143
1328,door_1,1816,0,0.107003,0.107004,0,0.00763028,0,0,0,4.10191,0.0434049,0.570703,0.7,2.10824,-3.2513,7.166,0,0.62475,0.0056123,0.00556848
1329,door_2,2150,0,0.0545734,0.0545735,0,0.016256,0,0,0,6.19596,0.0678518,0.68133,0.882621,2,-4.74848,9.23925,-0.014924,0.0285111,0.00519586,0.00641143
1329,door_1,1816,0,0.107003,0.107004,0,0.00763028,0,0,0,4.10191,0.0434049,0.570703,0.7,2.10824,-3.2513,7.166,0,0.62477,0.0056123,0.00556848
1331,door_2,2150,0,0.0545734,0.0545735,0,0.016256,0,0,0,6.19596,0.0678518,0.68133,0.882621,2,-4.74848,9.23925,-0.014924,0.0285111,0.00519586,0.00641143
1331,door_1,1816,0,0.107003,0.107004,0,0.00763028,0,0,0,4.10191,0.0434049,0.570703,0.7,2.10824,-3.2513,7.166,0,0.62479,0.0056123,0.00556847
1332,door_2,2150,0,0.0545734,0.0545735,0,0.016256,0,0,0,6.19596,0.0678518,0.68133,0.882621,2,-4.74848,9.23925,-0.014924,0.0285111,0.00519586,0.00641143
1332,door_1,1816,0,0.107003,0.107004,0,0.00763028,0,0,0,4.10191,0.0434049,0.570703,0.7,2.10824,-3.2513,7.166,0,0.62481,0.0056123,0.00556847
1333,door_2,2150,0,0.0545734,0.0545735,0,0.016256,0,0,0,6.19596,0.0678518,0.68133,0.882621,2,-4.74848,9.23925,-0.014924,0.0285111,0.00519586,0.00641143
1333,door_1,1816,0,0.107003,0.107004,0,0.00763028,0,0,0,4.10191,0.0434049,0.570703,0.7,2.10824,-3.2513,7.166,0,0.62483,0.0056123,0.00556847
1334,door_2,2150,0,0.0545734,0.0545735,0,0.016256,0,0,0,6.19596,0.0678518,0.68133,0.882621,2,-4.74848,9.23925,-0.014924,0.0285111,0.00519586,0.00641143
1334,door_1,1816,0,0.107003,0.107004,0,0.00763028,0,0,0,4.10191,0.0434049,0.570703,0.7,2.10824,-3.2513,7.166,0,0.62485,0.0056123,0.00556847
1335,door_2,2150,0,0.0545734,0.0545735,0,0.016256,0,0,0,6.19596,0.0678518,0.68133,0.882621,2,-4.74848,9.23925,-0.014924,0.0285111,0.00519586,0.00641143
1335,door_1,1816,0,0.107003,0.107004,0,0.00763028,0,0,0,4.10191,0.0434049,0.570703,0.7,2.10824,-3.2513,7.166,0,0.62487,0.0056123,0.00556847
1336,door_2,2150,0,0.0545734,0.0545735,0,0.016256,0,0,0,6.19596,0.0678518,0.68133,0.882621,2,-4.74848,9.23925,-0.014924,0.0285111,0.00519586,0.00641143
1336,door_1,1816,0,0.107003,0.107004,0,0.00763028,0,0,0,4.10191,0.0434049,0.570703,0.7,2.10824,-3.2513,7.166,0,0.62489,0.0056123,0.00556847
1337,door_2,2150,0,0.0545734,0.0545735,0,0.016256,0,0,0,6.19596,0.0678518,0.68133,0.882621,2,-4.74848,9.23925,-0.014924,0.0285111,0.00519586,0.00641143
1337,door_1,1816,0,0.107003,0.107004,0,0.00763028,0,0,0,4.10191,0.0434049,0.570703,0.7,2.10824,-3.2513,7.166,0,0.62491,0.0056123,0.00556847
1338,door_2,2150,0,0.0545734,0.0545735,0,0.016256,0,0,0,6.19596,0.0678518,0.68133,0.882621,2,-4.74848,9.23925,-0.014924,0.0285111,0.00519586,0.00641143
1338,door_1,1816,0,0.107003,0.107004,0,0.00763028,0,0,0,4.10191,0.0434049,0.570703,0.7,2.10824,-3.2513,7.166,0,0.62493,0.0056123,0.00556847
1340,door_2,2150,0,0.0545734,0.0545735,0,0.016256,0,0,0,6.19596,0.0678518,0.68133,0.882621,2,-4.74848,9.23925,-0.014924,0.0285111,0.00519586,0.00641143
1340,door_1,1816,0,0.107003,0.107004,0,0.00763028,0,0,0,4.10191,0.0434049,0.570703,0.7,2.10824,-3.2513,7.166,0,0.62495,0.0056123,0.00556847
1341,door_2,2150,0,0.0545734,0.0545735,0,0.016256,0,0,0,6.19596,0.0678518,0.68133,0.882621,2,-4.74848,9.23925,-0.014924,0.0285111,0.00519586,0.00641143
1341,door_1,1816,0,0.107003,0.107004,0,0.00763028,0,0,0,4.10191,0.0434049,0.570703,0.7,2.10824,-3.2513,7.166,0,0.62497,0.0056123,0.00556847
1342,door_2,2150,0,0.0545734,0.0545735,0,0.016256,0,0,0,6.19596,0.0678518,0.68133,0.882621,2,-4.74848,9.23925,-0.014924,0.0285111,0.00519586,0.00641143
1342,door_1,1816,0,0.107003,0.107004,0,0.00763028,0,0,0,4.10191,0.0434049,0.570703,0.7,2.10824,-3.2513,7.166,0,0.62499,0.0056123,0.00556847
1344,door_2,2150,0,0.0545734,0.0545735,0,0.016256,0,0,0,6.19596,0.0678518,0.68133,0.882621,2,-4.74848,9.23925,-0.014924,0.0285111,0.00519586,0.00641143
1344,door_1,1816,0,0.107003,0.107004,0,0.00763028,0,0,0,4.10191,0.0434049,0.570703,0.7,2.10824,-3.2513,7.166,0,0.62501,0.0056123,0.00556847
1345,door_2,2150,0,0.0545734,0.0545735,0,0.016256,0,0,0,6.19596,0.0678518,0.68133,0.882621,2,-4.74848,9.23925,-0.014924,0.0285111,0.00519586,0.00641143
1345,door_1,1816,0,0.107003,0.107004,0,0.00763028,0,0,0,4.10191,0.0434049,0.570703,0.7,2.10824,-3.2513,7.166,0,0.62503,0.0056123,0.00556847
1346,door_2,2150,0,0.0545734,0.0545735,0,0.016256,0,0,0,6.19596,0.0678518,0.68133,0.882621,2,-4.74848,9.23925,-0.014924,0.0285111,0.00519586,0.00641143
1346,door_1,1816,0,0.107003,0.107004,0,0.00763028,0,0,0,4.10191,0.0434049,0.570703,0.7,2.10824,-3.2513,7.166,0,0.62505,0.0056123,0.00556847
1347,door_2,2150,0,0.0545734,0.0545735,0,0.016256,0,0,0,6.19596,0.0678518,0.68133,0.882621,2,-4.74848,9.23925,-0.014924,0.0285111,0.00519586,0.00641143
1347,door_1,1816,0,0.107003,0.107004,0,0.00763028,0,0,0,4.10191,0.0434049,0.570703,0.7,2.10824,-3.2513,7.166,0,0.62507,0.0056123,0.00556847
1348,door_2,2150,0,0.0545734,0.0545735,0,0.016256,0,0,0,6.19596,0.0678518,0.68133,0.882621,2,-4.74848,9.23925,-0.014924,0.0285111,0.00519586,0.00641143
1348,door_1,1816,0,0.107003,0.107004,0,0.00763028,0,0,0,4.10191,0.0434049,0.570703,0.7,2.10824,-3.2513,7.166,0,0.62509,0.0056123,0.00556847
1349,door_2,2150,0,0.0545734,0.0545735,0,0.016256,0,0,0,6.19596,0.0678518,0.68133,0.882621,2,-4.74848,9.23925,-0.014924,0.0285111,0.00519586,0.00641143
1349,door_1,1816,0,0.107003,0.107004,0,0.00763028,0,0,0,4.10191,0.0434049,0.570703,0.7,2.10824,-3.2513,7.166,0,0.62511,0.0056123,0.00556847
1350,door_2,2150,0,0.0545734,0.0545735,0,0.016256,0,0,0,6.19596,0.0678518,0.68133,0.882621,2,-4.74848,9.23925,-0.014924,0.0285111,0.00519586,0.00641143
1350,door_1,1816,0,0.107003,0.107004,0,0.00763028,0,0,0,4.10191,0.0434049,0.570703,0.7,2.10824,-3.2513,7.166,0,0.62513,0.0056123,0.00556847
1351,door_2,2150,0,0.0545734,0.0545735,0,0.016256,0,0,0,6.19596,0.0678518,0.68133,0.882621,2,-4.74848,9.23925,-0.014924,0.0285111,0.00519586,0.00641143
1351,door_1,1816,0,0.107003,0.107004,0,0.00763028,0,0,0,4.10191,0.0434049,0.570703,0.7,2.10824,-3.2513,7.166,0,0.62515,0.0056123,0.00556847
1352,door_2,2150,0,0.0545734,0.0545735,0,0.016256,0,0,0,6.19596,0.0678518,0.68133,0.882621,2,-4.74848,9.23925,-0.014924,0.0285111,0.00519586,0.00641143
1352,door_1,1816,0,0.107003,0.107004,0,0.00763028,0,0,0,4.10191,0.0434049,0.570703,0.7,2.10824,-3.2513,7.166,0,0.62517,0.0056123,0.00556847
1353,door_2,2150,0,0.0545734,0.0545735,0,0.016256,0,0,0,6.19596,0.0678518,0.68133,0.882621,2,-4.74848,9.23925,-0.014924,0.0285111,0.00519586,0.00641143
1353,door_1,1816,0,0.107003,0.107004,0,0.00763028,0,0,0,4.10191,0.0434049,0.570703,0.7,2.10824,-3.2513,7.166,0,0.62519,0.0056123,0.00556847
1354,door_2,2150,0,0.0545734,0.0545735,0,0.016256,0,0,0,6.19596,0.0678518,0.68133,0.882621,2,-4.74848,9.23925,-0.014924,0.0285111,0.00519586,0.00641143
1354,door_1,1816,0,0.107003,0.107004,0,0.00763028,0,0,0,4.10191,0.0434049,0.570703,0.7,2.10824,-3.2513,7.166,0,0.62521,0.0056123,0.00556847
1355,door_2,2150,0,0.0545734,0.0545735,0,0.016256,0,0,0,6.19596,0.0678518,0.68133,0.882621,2,-4.74848,9.23925,-0.014924,0.0285111,0.00519586,0.00641143
1355,door_1,1816,0,0.107003,0.107004,0,0.00763028,0,0,0,4.10191,0.0434049,0.570703,0.7,2.10824,-3.2513,7.166,0,0.62523,0.0056123,0.00556847
1356,door_2,2150,0,0.0545734,0.0545735,0,0.016256,0,0,0,6.19596,0.0678518,0.68133,0.882621,2,-4.74848,9.23925,-0.014924,0.0285111,0.00519586,0.00641143
1356,door_1,1816,0,0.107003,0.107004,0,0.00763028,0,0,0,4.10191,0.0434049,0.570703,0.7,2.10824,-3.2513,7.166,0,0.62525,0.0056123,0.00556847
1357,door_2,2150,0,0.0545734,0.0545735,0,0.016256,0,0,0,6.19596,0.0678518,0.68133,0.882621,2,-4.74848,9.23925,-0.014924,0.0285111,0.00519586,0.00641143
1357,door_1,1816,0,0.107003,0.107004,0,0.00763028,0,0,0,4.10191,0.0434049,0.570703,0.7,2.10824,-3.2513,7.166,0,0.62527,0.0056123,0.00556847
1358,door_2,2150,0,0.0545734,0.0545735,0,0.016256,0,0,0,6.19596,0.0678518,0.68133,0.882621,2,-4.74848,9.23925,-0.014924,0.0285111,0.00519586,0.00641143
1358,door_1,1816,0,0.107003,0.107004,0,0.00763028,0,0,0,4.10191,0.0434049,0.570703,0.7,2.10824,-3.2513,7.166,0,0.62529,0.0056123,0.00556847
1359,door_2,2150,0,0.0545734,0.0545735,0,0.016256,0,0,0,6.19596,0.0678518,0.68133,0.882621,2,-4.74848,9.23925,-0.014924,0.0285111,0.00519586,0.00641143
1359,door_1,1816,0,0.107003,0.107004,0,0.00763028,0,0,0,4.10191,0.0434049,0.570703,0.7,2.10824,-3.2513,7.166,0,0.62531,0.0056123,0.00556847
1360,door_2,2150,0,0.0545734,0.0545735,0,0.016256,0,0,0,6.19596,0.0678518,0.68133,0.882621,2,-4.74848,9.23925,-0.014924,0.0285111,0.00519586,0.00641143
1360,door_1,1816,0,0.107003,0.107004,0,0.00763028,0,0,0,4.10191,0.0434049,0.570703,0.7,2.10824,-3.2513,7.166,0,0.62533,0.0056123,0.00556847
1361,door_2,2150,0,0.0545734,0.0545735,0,0.016256,0,0,0,6.19596,0.0678518,0.68133,0.882621,2,-4.74848,9.23925,-0.014924,0.0285111,0.00519586,0.00641143
1361,door_1,1816,0,0.107003,0.107004,0,0.00763028,0,0,0,4.10191,0.0434049,0.570703,0.7,2.10824,-3.2513,7.166,0,0.62535,0.0056123,0.00556847
1362,door_2,2150,0,0.0545734,0.0545735,0,0.016256,0,0,0,6.19596,0.0678518,0.68133,0.882621,2,-4.74848,9.23925,-0.014924,0.0285111,0.00519586,0.00641143
1362,door_1,1816,0,0.107003,0.107004,0,0.00763028,0,0,0,4.10191,0.0434049,0.570703,0.7,2.10824,-3.2513,7.166,0,0.62537,0.0056123,0.00556847
1363,door_2,2150,0,0.0545734,0.0545735,0,0.016256,0,0,0,6.19596,0.0678518,0.68133,0.882621,2,-4.74848,9.23925,-0.014924,0.0285111,0.00519586,0.00641143
1363,door_1,1816,0,0.107003,0.107004,0,0.00763028,0,0,0,4.10191,0.0434049,0.570703,0.7,2.10824,-3.2513,7.166,0,0.62539,0.0056123,0.00556847
1364,door_2,2150,0,0.0545734,0.0545735,0,0.016256,0,0,0,6.19596,0.0678518,0.68133,0.882621,2,-4.74848,9.23925,-0.014924,0.0285111,0.00519586,0.00641143
1364,door_1,1816,0,0.107003,0.107004,0,0.00763028,0,0,0,4.10191,0.0434049,0.570703,0.7,2.10824,-3.2513,7.166,0,0.62541,0.0056123,0.00556847
1365,door_2,2150,0,0.0545734,0.0545735,0,0.016256,0,0,0,6.19596,0.0678518,0.68133,0.882621,2,-4.74848,9.23925,-0.014924,0.0285111,0.00519586,0.00641143
1365,door_1,1816,0,0.107003,0.107004,0,0.00763028,0,0,0,4.10191,0.0434049,0.570703,0.7,2.10824,-3.2513,7.166,0,0.62543,0.0056123,0.00556847
1366,door_2,2150,0,0.0545734,0.0545735,0,0.016256,0,0,0,6.19596,0.0678518,0.68133,0.882621,2,-4.74848,9.23925,-0.014924,0.0285111,0.00519586,0.00641143
1366,door_1,1816,0,0.107003,0.107004,0,0.00763028,0,0,0,4.10191,0.0434049,0.570703,0.7,2.10824,-3.2513,7.166,0,0.62545,0.0056123,0.00556847
1367,door_2,2150,0,0.0545734,0.0545735,0,0.016256,0,0,0,6.19596,0.0678518,0.68133,0.882621,2,-4.74848,9.23925,-0.014924,0.0285111,0.00519586,0.00641143
1367,door_1,1816,0,0.107003,0.107004,0,0.00763028,0,0,0,4.10191,0.0434049,0.570703,0.7,2.10824,-3.2513,7.166,0,0.62547,0.0056123,0.00556847
1368,door_2,2150,0,0.0545734,0.0545735,0,0.016256,0,0,0,6.19596,0.0678518,0.68133,0.882621,2,-4.74848,9.23925,-0.014924,0.0285111,0.00519586,0.00641143
1368,door_1,1816,0,0.107003,0.107004,0,0.00763028,0,0,0,4.10191,0.0434049,0.570703,0.7,2.10824,-3.2513,7.166,0,0.62549,0.0056123,0.00556847
1369,door_2,2150,0,0.0545734,0.0545735,0,0.016256,0,0,0,6.19596,0.0678518,0.68133,0.882621,2,-4.74848,9.23925,-0.014924,0.0285111,0.00519586,0.00641143
1369,door_1,1816,0,0.107003,0.107004,0,0.00763028,0,0,0,4.10191,0.0434049,0.570703,0.7,2.10824,-3.2513,7.166,0,0.62551,0.0056123,0.00556847
1370,door_2,2150,0,0.0545734,0.0545735,0,0.016256,0,0,0,6.19596,0.0678518,0.68133,0.882621,2,-4.74848,9.23925,-0.014924,0.0285111,0.00519586,0.00641143
1370,door_1,1816,0,0.107003,0.107004,0,0.00763028,0,0,0,4.10191,0.0434049,0.570703,0.7,2.10824,-3.2513,7.166,0,0.62553,0.0056123,0.00556847
1372,door_2,2150,0,0.0545734,0.0545735,0,0.016256,0,0,0,6.19596,0.0678518,0.68133,0.882621,2,-4.74848,9.23925,-0.014924,0.0285111,0.00519586,0.00641143
1372,door_1,1816,0,0.107003,0.107004,0,0.00763028,0,0,0,4.10191,0.0434049,0.570703,0.7,2.10824,-3.2513,7.166,0,0.62555,0.0056123,0.00556847
1373,door_2,2150,0,0.0545734,0.0545735,0,0.016256,0,0,0,6.19596,0.0678518,0.68133,0.882621,2,-4.74848,9.23925,-0.014924,0.0285111,0.00519586,0.00641143
1373,door_1,1816,0,0.107003,0.107004,0,0.00763028,0,0,0,4.10191,0.0434049,0.570703,0.7,2.10824,-3.2513,7.166,0,0.62557,0.0056123,0.00556847
1375,door_2,2150,0,0.0545734,0.0545735,0,0.016256,0,0,0,6.19596,0.0678518,0.68133,0.882621,2,-4.74848,9.23925,-0.014924,0.0285111,0.00519586,0.00641143
1375,door_1,1816,0,0.107003,0.107004,0,0.00763028,0,0,0,4.10191,0.0434049,0.570703,0.7,2.10824,-3.2513,7.166,0,0.62559,0.0056123,0.00556847
1377,door_2,2150,0,0.0545734,0.0545735,0,0.016256,0,0,0,6.19596,0.0678518,0.68133,0.882621,2,-4.74848,9.23925,-0.014924,0.0285111,0.00519586,0.00641143
1377,door_1,1816,0,0.107003,0.107004,0,0.00763028,0,0,0,4.10191,0.0434049,0.570703,0.7,2.10824,-3.2513,7.166,0,0.62561,0.0056123,0.00556847
1378,door_2,2150,0,0.0545734,0.0545735,0,0.016256,0,0,0,6.19596,0.0678518,0.68133,0.882621,2,-4.74848,9.23925,-0.014924,0.0285111,0.00519586,0.00641143
1378,door_1,1816,0,0.107003,0.107004,0,0.00763028,0,0,0,4.10191,0.0434049,0.570703,0.7,2.10824,-3.2513,7.166,0,0.62563,0.0056123,0.00556847
1379,door_2,2150,0,0.0545734,0.0545735,0,0.016256,0,0,0,6.19596,0.0678518,0.68133,0.882621,2,-4.74848,9.23925,-0.014924,0.0285111,0.00519586,0.00641143
1379,door_1,1816,0,0.107003,0.107004,0,0.00763028,0,0,0,4.10191,0.0434049,0.570703,0.7,2.10824,-3.2513,7.166,0,0.62565,0.0056123,0.00556847
1380,door_2,2150,0,0.0545734,0.0545735,0,0.016256,0,0,0,6.19596,0.0678518,0.68133,0.882621,2,-4.74848,9.23925,-0.014924,0.0285111,0.00519586,0.00641143
1380,door_1,1816,0,0.107003,0.107004,0,0.00763028,0,0,0,4.10191,0.0434049,0.570703,0.7,2.10824,-3.2513,7.166,0,0.62567,0.0056123,0.00556847
1381,door_2,2150,0,0.0545734,0.0545735,0,0.016256,0,0,0,6.19596,0.0678518,0.68133,0.882621,2,-4.74848,9.23925,-0.014924,0.0285111,0.00519586,0.00641143
1381,door_1,1816,0,0.107003,0.107004,0,0.00763028,0,0,0,4.10191,0.0434049,0.570703,0.7,2.10824,-3.2513,7.166,0,0.62569,0.0056123,0.00556847
1382,door_2,2150,0,0.0545734,0.0545735,0,0.016256,0,0,0,6.19596,0.0678518,0.68133,0.882621,2,-4.74848,9.23925,-0.014924,0.0285111,0.00519586,0.00641143
1382,door_1,1816,0,0.107003,0.107004,0,0.00763028,0,0,0,4.10191,0.0434049,0.570703,0.7,2.10824,-3.2513,7.166,0,0.62571,0.0056123,0.00556847
1383,door_2,2150,0,0.0545734,0.0545735,0,0.016256,0,0,0,6.19596,0.0678518,0.68133,0.882621,2,-4.74848,9.23925,-0.014924,0.0285111,0.00519586,0.00641143
1383,door_1,1816,0,0.107003,0.107004,0,0.00763028,0,0,0,4.10191,0.0434049,0.570703,0.7,2.10824,-3.2513,7.166,0,0.62573,0.0056123,0.00556847
1384,door_2,2150,0,0.0545734,0.0545735,0,0.016256,0,0,0,6.19596,0.0678518,0.68133,0.882621,2,-4.74848,9.23925,-0.014924,0.0285111,0.00519586,0.00641143
1384,door_1,1816,0,0.107003,0.107004,0,0.00763028,0,0,0,4.10191,0.0434049,0.570703,0.7,2.10824,-3.2513,7.166,0,0.62575,0.0056123,0.00556847
1385,door_2,2150,0,0.0545734,0.0545735,0,0.016256,0,0,0,6.19596,0.0678518,0.68133,0.882621,2,-4.74848,9.23925,-0.014924,0.0285111,0.00519586,0.00641143
1385,door_1,1816,0,0.107003,0.107004,0,0.00763028,0,0,0,4.10191,0.0434049,0.570703,0.7,2.10824,-3.2513,7.166,0,0.62577,0.0056123,0.00556847
1386,door_2,2150,0,0.0545734,0.0545735,0,0.016256,0,0,0,6.19596,0.0678518,0.68133,0.882621,2,-4.74848,9.23925,-0.014924,0.0285111,0.00519586,0.00641143
1386,door_1,1816,0,0.107003,0.107004,0,0.00763028,0,0,0,4.10191,0.0434049,0.570703,0.7,2.10824,-3.2513,7.166,0,0.62579,0.0056123,0.00556847
1387,door_2,2150,0,0.0545734,0.0545735,0,0.016256,0,0,0,6.19596,0.0678518,0.68133,0.882621,2,-4.74848,9.23925,-0.014924,0.0285111,0.00519586,0.00641143
1387,door_1,1816,0,0.107003,0.107004,0,0.00763028,0,0,0,4.10191,0.0434049,0.570703,0.7,2.10824,-3.2513,7.166,0,0.62581,0.0056123,0.00556847
1388,door_2,2150,0,0.0545734,0.0545735,0,0.016256,0,0,0,6.19596,0.0678518,0.68133,0.882621,2,-4.74848,9.23925,-0.014924,0.0285111,0.00519586,0.00641143
1388,door_1,1816,0,0.107003,0.107004,0,0.00763028,0,0,0,4.10191,0.0434049,0.570703,0.7,2.10824,-3.2513,7.166,0,0.62583,0.0056123,0.00556847
1389,door_2,2150,0,0.0545734,0.0545735,0,0.016256,0,0,0,6.19596,0.0678518,0.68133,0.882621,2,-4.74848,9.23925,-0.014924,0.0285111,0.00519586,0.00641143
1389,door_1,1816,0,0.107003,0.107004,0,0.00763028,0,0,0,4.10191,0.0434049,0.570703,0.7,2.10824,-3.2513,7.166,0,0.62585,0.0056123,0.00556847
1390,door_2,2150,0,0.0545734,0.0545735,0,0.016256,0,0,0,6.19596,0.0678518,0.68133,0.882621,2,-4.74848,9.23925,-0.014924,0.0285111,0.00519586,0.00641143
1390,door_1,1816,0,0.107003,0.107004,0,0.00763028,0,0,0,4.10191,0.0434049,0.570703,0.7,2.10824,-3.2513,7.166,0,0.62587,0.0056123,0.00556847
1391,door_2,2150,0,0.0545734,0.0545735,0,0.016256,0,0,0,6.19596,0.0678518,0.68133,0.882621,2,-4.74848,9.23925,-0.014924,0.0285111,0.00519586,0.00641143
1391,door_1,1816,0,0.107003,0.107004,0,0.00763028,0,0,0,4.10191,0.0434049,0.570703,0.7,2.10824,-3.2513,7.166,0,0.62589,0.0056123,0.00556847
1392,door_2,2150,0,0.0545734,0.0545735,0,0.016256,0,0,0,6.19596,0.0678518,0.68133,0.882621,2,-4.74848,9.23925,-0.014924,0.0285111,0.00519586,0.00641143
1392,door_1,1816,0,0.107003,0.107004,0,0.00763028,0,0,0,4.10191,0.0434049,0.570703,0.7,2.10824,-3.2513,7.166,0,0.62591,0.0056123,0.00556847
1393,door_2,2150,0,0.0545734,0.0545735,0,0.016256,0,0,0,6.19596,0.0678518,0.68133,0.882621,2,-4.74848,9.23925,-0.014924,0.0285111,0.00519586,0.00641143
1393,door_1,1816,0,0.107003,0.107004,0,0.00763028,0,0,0,4.10191,0.0434049,0.570703,0.7,2.10824,-3.2513,7.166,0,0.62593,0.0056123,0.00556847
1394,door_2,2150,0,0.0545734,0.0545735,0,0.016256,0,0,0,6.19596,0.0678518,0.68133,0.882621,2,-4.74848,9.23925,-0.014924,0.0285111,0.00519586,0.00641143
1394,door_1,1816,0,0.107003,0.107004,0,0.00763028,0,0,0,4.10191,0.0434049,0.570703,0.7,2.10824,-3.2513,7.166,0,0.62595,0.0056123,0.00556847
1395,door_2,2150,0,0.0545734,0.0545735,0,0.016256,0,0,0,6.19596,0.0678518,0.68133,0.882621,2,-4.74848,9.23925,-0.014924,0.0285111,0.00519586,0.00641143
1395,door_1,1816,0,0.107003,0.107004,0,0.00763028,0,0,0,4.10191,0.0434049,0.570703,0.7,2.10824,-3.2513,7.166,0,0.625969,0.0056123,0.00556847
1396,door_2,2150,0,0.0545734,0.0545735,0,0.016256,0,0,0,6.19596,0.0678518,0.68133,0.882621,2,-4.74848,9.23925,-0.014924,0.0285111,0.00519586,0.00641143
1396,door_1,1816,0,0.107003,0.107004,0,0.00763028,0,0,0,4.10191,0.0434049,0.570703,0.7,2.10824,-3.2513,7.166,0,0.625989,0.0056123,0.00556847
1397,door_2,2150,0,0.0545734,0.0545735,0,0.016256,0,0,0,6.19596,0.0678518,0.68133,0.882621,2,-4.74848,9.23925,-0.014924,0.0285111,0.00519586,0.00641143
1397,door_1,1816,0,0.107003,0.107004,0,0.00763028,0,0,0,4.10191,0.0434049,0.570703,0.7,2.10824,-3.2513,7.166,0,0.626009,0.0056123,0.00556847
1398,door_2,2150,0,0.0545734,0.0545735,0,0.016256,0,0,0,6.19596,0.0678518,0.68133,0.882621,2,-4.74848,9.23925,-0.014924,0.0285111,0.00519586,0.00641143
1398,door_1,1816,0,0.107003,0.107004,0,0.00763028,0,0,0,4.10191,0.0434049,0.570703,0.7,2.10824,-3.2513,7.166,0,0.626029,0.0056123,0.00556847
1399,door_2,2150,0,0.0545734,0.0545735,0,0.016256,0,0,0,6.19596,0.0678518,0.68133,0.882621,2,-4.74848,9.23925,-0.014924,0.0285111,0.00519586,0.00641143
1399,door_1,1816,0,0.107003,0.107004,0,0.00763028,0,0,0,4.10191,0.0434049,0.570703,0.7,2.10824,-3.2513,7.166,0,0.626049,0.0056123,0.00556847
1400,door_2,2150,0,0.0545734,0.0545735,0,0.016256,0,0,0,6.19596,0.0678518,0.68133,0.882621,2,-4.74848,9.23925,-0.014924,0.0285111,0.00519586,0.00641143
1400,door_1,1816,0,0.107003,0.107004,0,0.00763028,0,0,0,4.10191,0.0434049,0.570703,0.7,2.10824,-3.2513,7.166,0,0.626069,0.0056123,0.00556847
1401,door_2,2150,0,0.0545734,0.0545735,0,0.016256,0,0,0,6.19596,0.0678518,0.68133,0.882621,2,-4.74848,9.23925,-0.014924,0.0285111,0.00519586,0.00641143
1401,door_1,1816,0,0.107003,0.107004,0,0.00763028,0,0,0,4.10191,0.0434049,0.570703,0.7,2.10824,-3.2513,7.166,0,0.626089,0.0056123,0.00556847
1402,door_2,2150,0,0.0545734,0.0545735,0,0.016256,0,0,0,6.19596,0.0678518,0.68133,0.882621,2,-4.74848,9.23925,-0.014924,0.0285111,0.00519586,0.00641143
1402,door_1,1816,0,0.107003,0.107004,0,0.00763028,0,0,0,4.10191,0.0434049,0.570703,0.7,2.10824,-3.2513,7.166,0,0.626109,0.0056123,0.00556847
1403,door_2,2150,0,0.0545734,0.0545735,0,0.016256,0,0,0,6.19596,0.0678518,0.68133,0.882621,2,-4.74848,9.23925,-0.014924,0.0285111,0.00519586,0.00641143
1403,door_1,1816,0,0.107003,0.107004,0,0.00763028,0,0,0,4.10191,0.0434049,0.570703,0.7,2.10824,-3.2513,7.166,0,0.626129,0.0056123,0.00556847
1404,door_2,2150,0,0.0545734,0.0545735,0,0.016256,0,0,0,6.19596,0.0678518,0.68133,0.882621,2,-4.74848,9.23925,-0.014924,0.0285111,0.00519586,0.00641143
1404,door_1,1816,0,0.107003,0.107004,0,0.00763028,0,0,0,4.10191,0.0434049,0.570703,0.7,2.10824,-3.2513,7.166,0,0.626149,0.0056123,0.00556847
1405,door_2,2150,0,0.0545734,0.0545735,0,0.016256,0,0,0,6.19596,0.0678518,0.68133,0.882621,2,-4.74848,9.23925,-0.014924,0.0285111,0.00519586,0.00641143
1405,door_1,1816,0,0.107003,0.107004,0,0.00763028,0,0,0,4.10191,0.0434049,0.570703,0.7,2.10824,-3.2513,7.166,0,0.626169,0.0056123,0.00556847
1406,door_2,2150,0,0.0545734,0.0545735,0,0.016256,0,0,0,6.19596,0.0678518,0.68133,0.882621,2,-4.74848,9.23925,-0.014924,0.0285111,0.00519586,0.00641143
1406,door_1,1816,0,0.107003,0.107004,0,0.00763028,0,0,0,4.10191,0.0434049,0.570703,0.7,2.10824,-3.2513,7.166,0,0.626189,0.0056123,0.00556847
1407,door_2,2150,0,0.0545734,0.0545735,0,0.016256,0,0,0,6.19596,0.0678518,0.68133,0.882621,2,-4.74848,9.23925,-0.014924,0.0285111,0.00519586,0.00641143
1407,door_1,1816,0,0.107003,0.107004,0,0.00763028,0,0,0,4.10191,0.0434049,0.570703,0.7,2.10824,-3.2513,7.166,0,0.626209,0.0056123,0.00556847
1408,door_2,2150,0,0.0545734,0.0545735,0,0.016256,0,0,0,6.19596,0.0678518,0.68133,0.882621,2,-4.74848,9.23925,-0.014924,0.0285111,0.00519586,0.00641143
1408,door_1,1816,0,0.107003,0.107004,0,0.00763028,0,0,0,4.10191,0.0434049,0.570703,0.7,2.10824,-3.2513,7.166,0,0.626229,0.0056123,0.00556847
1409,door_2,2150,0,0.0545734,0.0545735,0,0.016256,0,0,0,6.19596,0.0678518,0.68133,0.882621,2,-4.74848,9.23925,-0.014924,0.0285111,0.00519586,0.00641143
1409,door_1,1816,0,0.107003,0.107004,0,0.00763028,0,0,0,4.10191,0.0434049,0.570703,0.7,2.10824,-3.2513,7.166,0,0.626249,0.0056123,0.00556847
1410,door_2,2150,0,0.0545734,0.0545735,0,0.016256,0,0,0,6.19596,0.0678518,0.68133,0.882621,2,-4.74848,9.23925,-0.014924,0.0285111,0.00519586,0.00641143
1410,door_1,1816,0,0.107003,0.107004,0,0.00763028,0,0,0,4.10191,0.0434049,0.570703,0.7,2.10824,-3.2513,7.166,0,0.626269,0.0056123,0.00556847
1411,door_2,2150,0,0.0545734,0.0545735,0,0.016256,0,0,0,6.19596,0.0678518,0.68133,0.882621,2,-4.74848,9.23925,-0.014924,0.0285111,0.00519586,0.00641143
1411,door_1,1816,0,0.107003,0.107004,0,0.00763028,0,0,0,4.10191,0.0434049,0.570703,0.7,2.10824,-3.2513,7.166,0,0.626289,0.0056123,0.00556847
1412,door_2,2150,0,0.0545734,0.0545735,0,0.016256,0,0,0,6.19596,0.0678518,0.68133,0.882621,2,-4.74848,9.23925,-0.014924,0.0285111,0.00519586,0.00641143
1412,door_1,1816,0,0.107003,0.107004,0,0.00763028,0,0,0,4.10191,0.0434049,0.570703,0.7,2.10824,-3.2513,7.166,0,0.626309,0.0056123,0.00556847
1413,door_2,2150,0,0.0545734,0.0545735,0,0.016256,0,0,0,6.19596,0.0678518,0.68133,0.882621,2,-4.74848,9.23925,-0.014924,0.0285111,0.00519586,0.00641143
1413,door_1,1816,0,0.107003,0.107004,0,0.00763028,0,0,0,4.10191,0.0434049,0.570703,0.7,2.10824,-3.2513,7.166,0,0.626329,0.0056123,0.00556847
1414,door_2,2150,0,0.0545734,0.0545735,0,0.016256,0,0,0,6.19596,0.0678518,0.68133,0.882621,2,-4.74848,9.23925,-0.014924,0.0285111,0.00519586,0.00641143
1414,door_1,1816,0,0.107003,0.107004,0,0.00763028,0,0,0,4.10191,0.0434049,0.570703,0.7,2.10824,-3.2513,7.166,0,0.626349,0.0056123,0.00556847
1415,door_2,2150,0,0.0545734,0.0545735,0,0.016256,0,0,0,6.19596,0.0678518,0.68133,0.882621,2,-4.74848,9.23925,-0.014924,0.0285111,0.00519586,0.00641143
1415,door_1,1816,0,0.107003,0.107004,0,0.00763028,0,0,0,4.10191,0.0434049,0.570703,0.7,2.10824,-3.2513,7.166,0,0.626369,0.0056123,0.00556847
1416,door_2,2150,0,0.0545734,0.0545735,0,0.016256,0,0,0,6.19596,0.0678518,0.68133,0.882621,2,-4.74848,9.23925,-0.014924,0.0285111,0.00519586,0.00641143
1416,door_1,1816,0,0.107003,0.107004,0,0.00763028,0,0,0,4.10191,0.0434049,0.570703,0.7,2.10824,-3.2513,7.166,0,0.626389,0.0056123,0.00556847
1417,door_2,2150,0,0.0545734,0.0545735,0,0.016256,0,0,0,6.19596,0.0678518,0.68133,0.882621,2,-4.74848,9.23925,-0.014924,0.0285111,0.00519586,0.00641143
1417,door_1,1816,0,0.107003,0.107004,0,0.00763028,0,0,0,4.10191,0.0434049,0.570703,0.7,2.10824,-3.2513,7.166,0,0.626409,0.0056123,0.00556847
1419,door_2,2150,0,0.0545734,0.0545735,0,0.016256,0,0,0,6.19596,0.0678518,0.68133,0.882621,2,-4.74848,9.23925,-0.014924,0.0285111,0.00519586,0.00641143
1419,door_1,1816,0,0.107003,0.107004,0,0.00763028,0,0,0,4.10191,0.0434049,0.570703,0.7,2.10824,-3.2513,7.166,0,0.626429,0.0056123,0.00556847
1420,door_2,2150,0,0.0545734,0.0545735,0,0.016256,0,0,0,6.19596,0.0678518,0.68133,0.882621,2,-4.74848,9.23925,-0.014924,0.0285111,0.00519586,0.00641143
1420,door_1,1816,0,0.107003,0.107004,0,0.00763028,0,0,0,4.10191,0.0434049,0.570703,0.7,2.10824,-3.2513,7.166,0,0.626449,0.0056123,0.00556847
1421,door_2,2150,0,0.0545734,0.0545735,0,0.016256,0,0,0,6.19596,0.0678518,0.68133,0.882621,2,-4.74848,9.23925,-0.014924,0.0285111,0.00519586,0.00641143
1421,door_1,1816,0,0.107003,0.107004,0,0.00763028,0,0,0,4.10191,0.0434049,0.570703,0.7,2.10824,-3.2513,7.166,0,0.626468,0.0056123,0.00556847
1422,door_2,2150,0,0.0545734,0.0545735,0,0.016256,0,0,0,6.19596,0.0678518,0.68133,0.882621,2,-4.74848,9.23925,-0.014924,0.0285111,0.00519586,0.00641143
1422,door_1,1816,0,0.107003,0.107004,0,0.00763028,0,0,0,4.10191,0.0434049,0.570703,0.7,2.10824,-3.2513,7.166,0,0.626488,0.0056123,0.00556847
1423,door_2,2150,0,0.0545734,0.0545735,0,0.016256,0,0,0,6.19596,0.0678518,0.68133,0.882621,2,-4.74848,9.23925,-0.014924,0.0285111,0.00519586,0.00641143
1423,door_1,1816,0,0.107003,0.107004,0,0.00763028,0,0,0,4.10191,0.0434049,0.570703,0.7,2.10824,-3.2513,7.166,0,0.626508,0.0056123,0.00556847
1424,door_2,2150,0,0.0545734,0.0545735,0,0.016256,0,0,0,6.19596,0.0678518,0.68133,0.882621,2,-4.74848,9.23925,-0.014924,0.0285111,0.00519586,0.00641143
1424,door_1,1816,0,0.107003,0.107004,0,0.00763028,0,0,0,4.10191,0.0434049,0.570703,0.7,2.10824,-3.2513,7.166,0,0.626528,0.0056123,0.00556847
1425,door_2,2150,0,0.0545734,0.0545735,0,0.016256,0,0,0,6.19596,0.0678518,0.68133,0.882621,2,-4.74848,9.23925,-0.014924,0.0285111,0.00519586,0.00641143
1425,door_1,1816,0,0.107003,0.107004,0,0.00763028,0,0,0,4.10191,0.0434049,0.570703,0.7,2.10824,-3.2513,7.166,0,0.626548,0.0056123,0.00556847
1427,door_2,2150,0,0.0545734,0.0545735,0,0.016256,0,0,0,6.19596,0.0678518,0.68133,0.882621,2,-4.74848,9.23925,-0.014924,0.0285111,0.00519586,0.00641143
1427,door_1,1816,0,0.107003,0.107004,0,0.00763028,0,0,0,4.10191,0.0434049,0.570703,0.7,2.10824,-3.2513,7.166,0,0.626568,0.0056123,0.00556847
1428,door_2,2150,0,0.0545734,0.0545735,0,0.016256,0,0,0,6.19596,0.0678518,0.68133,0.882621,2,-4.74848,9.23925,-0.014924,0.0285111,0.00519586,0.00641143
1428,door_1,1816,0,0.107003,0.107004,0,0.00763028,0,0,0,4.10191,0.0434049,0.570703,0.7,2.10824,-3.2513,7.166,0,0.626588,0.0056123,0.00556847
1430,door_2,2150,0,0.0545734,0.0545735,0,0.016256,0,0,0,6.19596,0.0678518,0.68133,0.882621,2,-4.74848,9.23925,-0.014924,0.0285111,0.00519586,0.00641143
1430,door_1,1816,0,0.107003,0.107004,0,0.00763028,0,0,0,4.10191,0.0434049,0.570703,0.7,2.10824,-3.2513,7.166,0,0.626608,0.0056123,0.00556847
1431,door_2,2150,0,0.0545734,0.0545735,0,0.016256,0,0,0,6.19596,0.0678518,0.68133,0.882621,2,-4.74848,9.23925,-0.014924,0.0285111,0.00519586,0.00641143
1431,door_1,1816,0,0.107003,0.107004,0,0.00763028,0,0,0,4.10191,0.0434049,0.570703,0.7,2.10824,-3.2513,7.166,0,0.626628,0.0056123,0.00556847
1432,door_2,2150,0,0.0545734,0.0545735,0,0.016256,0,0,0,6.19596,0.0678518,0.68133,0.882621,2,-4.74848,9.23925,-0.014924,0.0285111,0.00519586,0.00641143
1432,door_1,1816,0,0.107003,0.107004,0,0.00763028,0,0,0,4.10191,0.0434049,0.570703,0.7,2.10824,-3.2513,7.166,0,0.626648,0.0056123,0.00556847
1433,door_2,2150,0,0.0545734,0.0545735,0,0.016256,0,0,0,6.19596,0.0678518,0.68133,0.882621,2,-4.74848,9.23925,-0.014924,0.0285111,0.00519586,0.00641143
1433,door_1,1816,0,0.107003,0.107004,0,0.00763028,0,0,0,4.10191,0.0434049,0.570703,0.7,2.10824,-3.2513,7.166,0,0.626668,0.0056123,0.00556847
1434,door_2,2150,0,0.0545734,0.0545735,0,0.016256,0,0,0,6.19596,0.0678518,0.68133,0.882621,2,-4.74848,9.23925,-0.014924,0.0285111,0.00519586,0.00641143
1434,door_1,1816,0,0.107003,0.107004,0,0.00763028,0,0,0,4.10191,0.0434049,0.570703,0.7,2.10824,-3.2513,7.166,0,0.626688,0.0056123,0.00556847
1436,door_2,2150,0,0.0545734,0.0545735,0,0.016256,0,0,0,6.19596,0.0678518,0.68133,0.882621,2,-4.74848,9.23925,-0.014924,0.0285111,0.00519586,0.00641143
1436,door_1,1816,0,0.107003,0.107004,0,0.00763028,0,0,0,4.10191,0.0434049,0.570703,0.7,2.10824,-3.2513,7.166,0,0.626708,0.0056123,0.00556847
1437,door_2,2150,0,0.0545734,0.0545735,0,0.016256,0,0,0,6.19596,0.0678518,0.68133,0.882621,2,-4.74848,9.23925,-0.014924,0.0285111,0.00519586,0.00641143
1437,door_1,1816,0,0.107003,0.107004,0,0.00763028,0,0,0,4.10191,0.0434049,0.570703,0.7,2.10824,-3.2513,7.166,0,0.626728,0.0056123,0.00556847
1438,door_2,2150,0,0.0545734,0.0545735,0,0.016256,0,0,0,6.19596,0.0678518,0.68133,0.882621,2,-4.74848,9.23925,-0.014924,0.0285111,0.00519586,0.00641143
1438,door_1,1816,0,0.107003,0.107004,0,0.00763028,0,0,0,4.10191,0.0434049,0.570703,0.7,2.10824,-3.2513,7.166,0,0.626748,0.0056123,0.00556847
1439,door_2,2150,0,0.0545734,0.0545735,0,0.016256,0,0,0,6.19596,0.0678518,0.68133,0.882621,2,-4.74848,9.23925,-0.014924,0.0285111,0.00519586,0.00641143
1439,door_1,1816,0,0.107003,0.107004,0,0.00763028,0,0,0,4.10191,0.0434049,0.570703,0.7,2.10824,-3.2513,7.166,0,0.626768,0.0056123,0.00556847
1440,door_2,2150,0,0.0545734,0.0545735,0,0.016256,0,0,0,6.19596,0.0678518,0.68133,0.882621,2,-4.74848,9.23925,-0.014924,0.0285111,0.00519586,0.00641143
1440,door_1,1816,0,0.107003,0.107004,0,0.00763028,0,0,0,4.10191,0.0434049,0.570703,0.7,2.10824,-3.2513,7.166,0,0.626788,0.0056123,0.00556847
1441,door_2,2150,0,0.0545734,0.0545735,0,0.016256,0,0,0,6.19596,0.0678518,0.68133,0.882621,2,-4.74848,9.23925,-0.014924,0.0285111,0.00519586,0.00641143
1441,door_1,1816,0,0.107003,0.107004,0,0.00763028,0,0,0,4.10191,0.0434049,0.570703,0.7,2.10824,-3.2513,7.166,0,0.626808,0.0056123,0.00556847
1442,door_2,2150,0,0.0545734,0.0545735,0,0.016256,0,0,0,6.19596,0.0678518,0.68133,0.882621,2,-4.74848,9.23925,-0.014924,0.0285111,0.00519586,0.00641143
1442,door_1,1816,0,0.107003,0.107004,0,0.00763028,0,0,0,4.10191,0.0434049,0.570703,0.7,2.10824,-3.2513,7.166,0,0.626828,0.0056123,0.00556847
1443,door_2,2150,0,0.0545734,0.0545735,0,0.016256,0,0,0,6.19596,0.0678518,0.68133,0.882621,2,-4.74848,9.23925,-0.014924,0.0285111,0.00519586,0.00641143
1443,door_1,1816,0,0.107003,0.107004,0,0.00763028,0,0,0,4.10191,0.0434049,0.570703,0.7,2.10824,-3.2513,7.166,0,0.626848,0.0056123,0.00556847
1444,door_2,2150,0,0.0545734,0.0545735,0,0.016256,0,0,0,6.19596,0.0678518,0.68133,0.882621,2,-4.74848,9.23925,-0.014924,0.0285111,0.00519586,0.00641143
1444,door_1,1816,0,0.107003,0.107004,0,0.00763028,0,0,0,4.10191,0.0434049,0.570703,0.7,2.10824,-3.2513,7.166,0,0.626868,0.0056123,0.00556847
1445,door_2,2150,0,0.0545734,0.0545735,0,0.016256,0,0,0,6.19596,0.0678518,0.68133,0.882621,2,-4.74848,9.23925,-0.014924,0.0285111,0.00519586,0.00641143
1445,door_1,1816,0,0.107003,0.107004,0,0.00763028,0,0,0,4.10191,0.0434049,0.570703,0.7,2.10824,-3.2513,7.166,0,0.626888,0.0056123,0.00556847
1446,door_2,2150,0,0.0545734,0.0545735,0,0.016256,0,0,0,6.19596,0.0678518,0.68133,0.882621,2,-4.74848,9.23925,-0.014924,0.0285111,0.00519586,0.00641143
1446,door_1,1816,0,0.107003,0.107004,0,0.00763028,0,0,0,4.10191,0.0434049,0.570703,0.7,2.10824,-3.2513,7.166,0,0.626907,0.0056123,0.00556847
1447,door_2,2150,0,0.0545734,0.0545735,0,0.016256,0,0,0,6.19596,0.0678518,0.68133,0.882621,2,-4.74848,9.23925,-0.014924,0.0285111,0.00519586,0.00641143
1447,door_1,1816,0,0.107003,0.107004,0,0.00763028,0,0,0,4.10191,0.0434049,0.570703,0.7,2.10824,-3.2513,7.166,0,0.626927,0.0056123,0.00556847
1449,door_2,2150,0,0.0545734,0.0545735,0,0.016256,0,0,0,6.19596,0.0678518,0.68133,0.882621,2,-4.74848,9.23925,-0.014924,0.0285111,0.00519586,0.00641143
1449,door_1,1816,0,0.107003,0.107004,0,0.00763028,0,0,0,4.10191,0.0434049,0.570703,0.7,2.10824,-3.2513,7.166,0,0.626947,0.0056123,0.00556847
1450,door_2,2150,0,0.0545734,0.0545735,0,0.016256,0,0,0,6.19596,0.0678518,0.68133,0.882621,2,-4.74848,9.23925,-0.014924,0.0285111,0.00519586,0.00641143
1450,door_1,1816,0,0.107003,0.107004,0,0.00763028,0,0,0,4.10191,0.0434049,0.570703,0.7,2.10824,-3.2513,7.166,0,0.626967,0.0056123,0.00556847
1451,door_2,2150,0,0.0545734,0.0545735,0,0.016256,0,0,0,6.19596,0.0678518,0.68133,0.882621,2,-4.74848,9.23925,-0.014924,0.0285111,0.00519586,0.00641143
1451,door_1,1816,0,0.107003,0.107004,0,0.00763028,0,0,0,4.10191,0.0434049,0.570703,0.7,2.10824,-3.2513,7.166,0,0.626987,0.0056123,0.00556847
1452,door_2,2150,0,0.0545734,0.0545735,0,0.016256,0,0,0,6.19596,0.0678518,0.68133,0.882621,2,-4.74848,9.23925,-0.014924,0.0285111,0.00519586,0.00641143
1452,door_1,1816,0,0.107003,0.107004,0,0.00763028,0,0,0,4.10191,0.0434049,0.570703,0.7,2.10824,-3.2513,7.166,0,0.627007,0.0056123,0.00556847
1453,door_2,2150,0,0.0545734,0.0545735,0,0.016256,0,0,0,6.19596,0.0678518,0.68133,0.882621,2,-4.74848,9.23925,-0.014924,0.0285111,0.00519586,0.00641143
1453,door_1,1816,0,0.107003,0.107004,0,0.00763028,0,0,0,4.10191,0.0434049,0.570703,0.7,2.10824,-3.2513,7.166,0,0.627027,0.0056123,0.00556847
1454,door_2,2150,0,0.0545734,0.0545735,0,0.016256,0,0,0,6.19596,0.0678518,0.68133,0.882621,2,-4.74848,9.23925,-0.014924,0.0285111,0.00519586,0.00641143
1454,door_1,1816,0,0.107003,0.107004,0,0.00763028,0,0,0,4.10191,0.0434049,0.570703,0.7,2.10824,-3.2513,7.166,0,0.627047,0.0056123,0.00556847
1455,door_2,2150,0,0.0545734,0.0545735,0,0.016256,0,0,0,6.19596,0.0678518,0.68133,0.882621,2,-4.74848,9.23925,-0.014924,0.0285111,0.00519586,0.00641143
1455,door_1,1816,0,0.107003,0.107004,0,0.00763028,0,0,0,4.10191,0.0434049,0.570703,0.7,2.10824,-3.2513,7.166,0,0.627067,0.0056123,0.00556847
1456,door_2,2150,0,0.0545734,0.0545735,0,0.016256,0,0,0,6.19596,0.0678518,0.68133,0.882621,2,-4.74848,9.23925,-0.014924,0.0285111,0.00519586,0.00641143
1456,door_1,1816,0,0.107003,0.107004,0,0.00763028,0,0,0,4.10191,0.0434049,0.570703,0.7,2.10824,-3.2513,7.166,0,0.627087,0.0056123,0.00556847
1457,door_2,2150,0,0.0545734,0.0545735,0,0.016256,0,0,0,6.19596,0.0678518,0.68133,0.882621,2,-4.74848,9.23925,-0.014924,0.0285111,0.00519586,0.00641143
1457,door_1,1816,0,0.107003,0.107004,0,0.00763028,0,0,0,4.10191,0.0434049,0.570703,0.7,2.10824,-3.2513,7.166,0,0.627107,0.0056123,0.00556847
1458,door_2,2150,0,0.0545734,0.0545735,0,0.016256,0,0,0,6.19596,0.0678518,0.68133,0.882621,2,-4.74848,9.23925,-0.014924,0.0285111,0.00519586,0.00641143
1458,door_1,1816,0,0.107003,0.107004,0,0.00763028,0,0,0,4.10191,0.0434049,0.570703,0.7,2.10824,-3.2513,7.166,0,0.627127,0.0056123,0.00556847
1459,door_2,2150,0,0.0545734,0.0545735,0,0.016256,0,0,0,6.19596,0.0678518,0.68133,0.882621,2,-4.74848,9.23925,-0.014924,0.0285111,0.00519586,0.00641143
1459,door_1,1816,0,0.107003,0.107004,0,0.00763028,0,0,0,4.10191,0.0434049,0.570703,0.7,2.10824,-3.2513,7.166,0,0.627147,0.0056123,0.00556847
1460,door_2,2150,0,0.0545734,0.0545735,0,0.016256,0,0,0,6.19596,0.0678518,0.68133,0.882621,2,-4.74848,9.23925,-0.014924,0.0285111,0.00519586,0.00641143
1460,door_1,1816,0,0.107003,0.107004,0,0.00763028,0,0,0,4.10191,0.0434049,0.570703,0.7,2.10824,-3.2513,7.166,0,0.627167,0.0056123,0.00556847
1461,door_2,2150,0,0.0545734,0.0545735,0,0.016256,0,0,0,6.19596,0.0678518,0.68133,0.882621,2,-4.74848,9.23925,-0.014924,0.0285111,0.00519586,0.00641143
1461,door_1,1816,0,0.107003,0.107004,0,0.00763028,0,0,0,4.10191,0.0434049,0.570703,0.7,2.10824,-3.2513,7.166,0,0.627187,0.0056123,0.00556847
1462,door_2,2150,0,0.0545734,0.0545735,0,0.016256,0,0,0,6.19596,0.0678518,0.68133,0.882621,2,-4.74848,9.23925,-0.014924,0.0285111,0.00519586,0.00641143
1462,door_1,1816,0,0.107003,0.107004,0,0.00763028,0,0,0,4.10191,0.0434049,0.570703,0.7,2.10824,-3.2513,7.166,0,0.627207,0.0056123,0.00556847
1463,door_2,2150,0,0.0545734,0.0545735,0,0.016256,0,0,0,6.19596,0.0678518,0.68133,0.882621,2,-4.74848,9.23925,-0.014924,0.0285111,0.00519586,0.00641143
1463,door_1,1816,0,0.107003,0.107004,0,0.00763028,0,0,0,4.10191,0.0434049,0.570703,0.7,2.10824,-3.2513,7.166,0,0.627226,0.0056123,0.00556847
1464,door_2,2150,0,0.0545734,0.0545735,0,0.016256,0,0,0,6.19596,0.0678518,0.68133,0.882621,2,-4.74848,9.23925,-0.014924,0.0285111,0.00519586,0.00641143
1464,door_1,1816,0,0.107003,0.107004,0,0.00763028,0,0,0,4.10191,0.0434049,0.570703,0.7,2.10824,-3.2513,7.166,0,0.627246,0.0056123,0.00556847
1465,door_2,2150,0,0.0545734,0.0545735,0,0.016256,0,0,0,6.19596,0.0678518,0.68133,0.882621,2,-4.74848,9.23925,-0.014924,0.0285111,0.00519586,0.00641143
1465,door_1,1816,0,0.107003,0.107004,0,0.00763028,0,0,0,4.10191,0.0434049,0.570703,0.7,2.10824,-3.2513,7.166,0,0.627266,0.0056123,0.00556847
1466,door_2,2150,0,0.0545734,0.0545735,0,0.016256,0,0,0,6.19596,0.0678518,0.68133,0.882621,2,-4.74848,9.23925,-0.014924,0.0285111,0.00519586,0.00641143
1466,door_1,1816,0,0.107003,0.107004,0,0.00763028,0,0,0,4.10191,0.0434049,0.570703,0.7,2.10824,-3.2513,7.166,0,0.627286,0.0056123,0.00556847
1467,door_2,2150,0,0.0545734,0.0545735,0,0.016256,0,0,0,6.19596,0.0678518,0.68133,0.882621,2,-4.74848,9.23925,-0.014924,0.0285111,0.00519586,0.00641143
1467,door_1,1816,0,0.107003,0.107004,0,0.00763028,0,0,0,4.10191,0.0434049,0.570703,0.7,2.10824,-3.2513,7.166,0,0.627306,0.0056123,0.00556847
1468,door_2,2150,0,0.0545734,0.0545735,0,0.016256,0,0,0,6.19596,0.0678518,0.68133,0.882621,2,-4.74848,9.23925,-0.014924,0.0285111,0.00519586,0.00641143
1468,door_1,1816,0,0.107003,0.107004,0,0.00763028,0,0,0,4.10191,0.0434049,0.570703,0.7,2.10824,-3.2513,7.166,0,0.627326,0.0056123,0.00556847
1469,door_2,2150,0,0.0545734,0.0545735,0,0.016256,0,0,0,6.19596,0.0678518,0.68133,0.882621,2,-4.74848,9.23925,-0.014924,0.0285111,0.00519586,0.00641143
1469,door_1,1816,0,0.107003,0.107004,0,0.00763028,0,0,0,4.10191,0.0434049,0.570703,0.7,2.10824,-3.2513,7.166,0,0.627346,0.0056123,0.00556847
1470,door_2,2150,0,0.0545734,0.0545735,0,0.016256,0,0,0,6.19596,0.0678518,0.68133,0.882621,2,-4.74848,9.23925,-0.014924,0.0285111,0.00519586,0.00641143
1470,door_1,1816,0,0.107003,0.107004,0,0.00763028,0,0,0,4.10191,0.0434049,0.570703,0.7,2.10824,-3.2513,7.166,0,0.627366,0.0056123,0.00556847
1471,door_2,2150,0,0.0545734,0.0545735,0,0.016256,0,0,0,6.19596,0.0678518,0.68133,0.882621,2,-4.74848,9.23925,-0.014924,0.0285111,0.00519586,0.00641143
1471,door_1,1816,0,0.107003,0.107004,0,0.00763028,0,0,0,4.10191,0.0434049,0.570703,0.7,2.10824,-3.2513,7.166,0,0.627386,0.0056123,0.00556847
1472,door_2,2150,0,0.0545734,0.0545735,0,0.016256,0,0,0,6.19596,0.0678518,0.68133,0.882621,2,-4.74848,9.23925,-0.014924,0.0285111,0.00519586,0.00641143
1472,door_1,1816,0,0.107003,0.107004,0,0.00763028,0,0,0,4.10191,0.0434049,0.570703,0.7,2.10824,-3.2513,7.166,0,0.627406,0.0056123,0.00556847
1473,door_2,2150,0,0.0545734,0.0545735,0,0.016256,0,0,0,6.19596,0.0678518,0.68133,0.882621,2,-4.74848,9.23925,-0.014924,0.0285111,0.00519586,0.00641143
1473,door_1,1816,0,0.107003,0.107004,0,0.00763028,0,0,0,4.10191,0.0434049,0.570703,0.7,2.10824,-3.2513,7.166,0,0.627426,0.0056123,0.00556847
1474,door_2,2150,0,0.0545734,0.0545735,0,0.016256,0,0,0,6.19596,0.0678518,0.68133,0.882621,2,-4.74848,9.23925,-0.014924,0.0285111,0.00519586,0.00641143
1474,door_1,1816,0,0.107003,0.107004,0,0.00763028,0,0,0,4.10191,0.0434049,0.570703,0.7,2.10824,-3.2513,7.166,0,0.627446,0.0056123,0.00556847
1476,door_2,2150,0,0.0545734,0.0545735,0,0.016256,0,0,0,6.19596,0.0678518,0.68133,0.882621,2,-4.74848,9.23925,-0.014924,0.0285111,0.00519586,0.00641143
1476,door_1,1816,0,0.107003,0.107004,0,0.00763028,0,0,0,4.10191,0.0434049,0.570703,0.7,2.10824,-3.2513,7.166,0,0.627466,0.0056123,0.00556847
1477,door_2,2150,0,0.0545734,0.0545735,0,0.016256,0,0,0,6.19596,0.0678518,0.68133,0.882621,2,-4.74848,9.23925,-0.014924,0.0285111,0.00519586,0.00641143
1477,door_1,1816,0,0.107003,0.107004,0,0.00763028,0,0,0,4.10191,0.0434049,0.570703,0.7,2.10824,-3.2513,7.166,0,0.627486,0.0056123,0.00556847
1478,door_2,2150,0,0.0545734,0.0545735,0,0.016256,0,0,0,6.19596,0.0678518,0.68133,0.882621,2,-4.74848,9.23925,-0.014924,0.0285111,0.00519586,0.00641143
1478,door_1,1816,0,0.107003,0.107004,0,0.00763028,0,0,0,4.10191,0.0434049,0.570703,0.7,2.10824,-3.2513,7.166,0,0.627505,0.0056123,0.00556847
1479,door_2,2150,0,0.0545734,0.0545735,0,0.016256,0,0,0,6.19596,0.0678518,0.68133,0.882621,2,-4.74848,9.23925,-0.014924,0.0285111,0.00519586,0.00641143
1479,door_1,1816,0,0.107003,0.107004,0,0.00763028,0,0,0,4.10191,0.0434049,0.570703,0.7,2.10824,-3.2513,7.166,0,0.627525,0.0056123,0.00556847
1480,door_2,2150,0,0.0545734,0.0545735,0,0.016256,0,0,0,6.19596,0.0678518,0.68133,0.882621,2,-4.74848,9.23925,-0.014924,0.0285111,0.00519586,0.00641143
1480,door_1,1816,0,0.107003,0.107004,0,0.00763028,0,0,0,4.10191,0.0434049,0.570703,0.7,2.10824,-3.2513,7.166,0,0.627545,0.0056123,0.00556847
1481,door_2,2150,0,0.0545734,0.0545735,0,0.016256,0,0,0,6.19596,0.0678518,0.68133,0.882621,2,-4.74848,9.23925,-0.014924,0.0285111,0.00519586,0.00641143
1481,door_1,1816,0,0.107003,0.107004,0,0.00763028,0,0,0,4.10191,0.0434049,0.570703,0.7,2.10824,-3.2513,7.166,0,0.627565,0.0056123,0.00556847
1482,door_2,2150,0,0.0545734,0.0545735,0,0.016256,0,0,0,6.19596,0.0678518,0.68133,0.882621,2,-4.74848,9.23925,-0.014924,0.0285111,0.00519586,0.00641143
1482,door_1,1816,0,0.107003,0.107004,0,0.00763028,0,0,0,4.10191,0.0434049,0.570703,0.7,2.10824,-3.2513,7.166,0,0.627585,0.0056123,0.00556847
1483,door_2,2150,0,0.0545734,0.0545735,0,0.016256,0,0,0,6.19596,0.0678518,0.68133,0.882621,2,-4.74848,9.23925,-0.014924,0.0285111,0.00519586,0.00641143
1483,door_1,1816,0,0.107003,0.107004,0,0.00763028,0,0,0,4.10191,0.0434049,0.570703,0.7,2.10824,-3.2513,7.166,0,0.627605,0.0056123,0.00556847
1484,door_2,2150,0,0.0545734,0.0545735,0,0.016256,0,0,0,6.19596,0.0678518,0.68133,0.882621,2,-4.74848,9.23925,-0.014924,0.0285111,0.00519586,0.00641143
1484,door_1,1816,0,0.107003,0.107004,0,0.00763028,0,0,0,4.10191,0.0434049,0.570703,0.7,2.10824,-3.2513,7.166,0,0.627625,0.0056123,0.00556847
1486,door_2,2150,0,0.0545734,0.0545735,0,0.016256,0,0,0,6.19596,0.0678518,0.68133,0.882621,2,-4.74848,9.23925,-0.014924,0.0285111,0.00519586,0.00641143
1486,door_1,1816,0,0.107003,0.107004,0,0.00763028,0,0,0,4.10191,0.0434049,0.570703,0.7,2.10824,-3.2513,7.166,0,0.627645,0.0056123,0.00556847
1487,door_2,2150,0,0.0545734,0.0545735,0,0.016256,0,0,0,6.19596,0.0678518,0.68133,0.882621,2,-4.74848,9.23925,-0.014924,0.0285111,0.00519586,0.00641143
1487,door_1,1816,0,0.107003,0.107004,0,0.00763028,0,0,0,4.10191,0.0434049,0.570703,0.7,2.10824,-3.2513,7.166,0,0.627665,0.0056123,0.00556847
1489,door_2,2150,0,0.0545734,0.0545735,0,0.016256,0,0,0,6.19596,0.0678518,0.68133,0.882621,2,-4.74848,9.23925,-0.014924,0.0285111,0.00519586,0.00641143
1489,door_1,1816,0,0.107003,0.107004,0,0.00763028,0,0,0,4.10191,0.0434049,0.570703,0.7,2.10824,-3.2513,7.166,0,0.627685,0.0056123,0.00556847
1490,door_2,2150,0,0.0545734,0.0545735,0,0.016256,0,0,0,6.19596,0.0678518,0.68133,0.882621,2,-4.74848,9.23925,-0.014924,0.0285111,0.00519586,0.00641143
1490,door_1,1816,0,0.107003,0.107004,0,0.00763028,0,0,0,4.10191,0.0434049,0.570703,0.7,2.10824,-3.2513,7.166,0,0.627705,0.0056123,0.00556847
1491,door_2,2150,0,0.0545734,0.0545735,0,0.016256,0,0,0,6.19596,0.0678518,0.68133,0.882621,2,-4.74848,9.23925,-0.014924,0.0285111,0.00519586,0.00641143
1491,door_1,1816,0,0.107003,0.107004,0,0.00763028,0,0,0,4.10191,0.0434049,0.570703,0.7,2.10824,-3.2513,7.166,0,0.627725,0.0056123,0.00556847
1492,door_2,2150,0,0.0545734,0.0545735,0,0.016256,0,0,0,6.19596,0.0678518,0.68133,0.882621,2,-4.74848,9.23925,-0.014924,0.0285111,0.00519586,0.00641143
1492,door_1,1816,0,0.107003,0.107004,0,0.00763028,0,0,0,4.10191,0.0434049,0.570703,0.7,2.10824,-3.2513,7.166,0,0.627745,0.0056123,0.00556847
1493,door_2,2150,0,0.0545734,0.0545735,0,0.016256,0,0,0,6.19596,0.0678518,0.68133,0.882621,2,-4.74848,9.23925,-0.014924,0.0285111,0.00519586,0.00641143
1493,door_1,1816,0,0.107003,0.107004,0,0.00763028,0,0,0,4.10191,0.0434049,0.570703,0.7,2.10824,-3.2513,7.166,0,0.627764,0.0056123,0.00556847
1494,door_2,2150,0,0.0545734,0.0545735,0,0.016256,0,0,0,6.19596,0.0678518,0.68133,0.882621,2,-4.74848,9.23925,-0.014924,0.0285111,0.00519586,0.00641143
1494,door_1,1816,0,0.107003,0.107004,0,0.00763028,0,0,0,4.10191,0.0434049,0.570703,0.7,2.10824,-3.2513,7.166,0,0.627784,0.0056123,0.00556847
1495,door_2,2150,0,0.0545734,0.0545735,0,0.016256,0,0,0,6.19596,0.0678518,0.68133,0.882621,2,-4.74848,9.23925,-0.014924,0.0285111,0.00519586,0.00641143
1495,door_1,1816,0,0.107003,0.107004,0,0.00763028,0,0,0,4.10191,0.0434049,0.570703,0.7,2.10824,-3.2513,7.166,0,0.627804,0.0056123,0.00556847
1496,door_2,2150,0,0.0545734,0.0545735,0,0.016256,0,0,0,6.19596,0.0678518,0.68133,0.882621,2,-4.74848,9.23925,-0.014924,0.0285111,0.00519586,0.00641143
1496,door_1,1816,0,0.107003,0.107004,0,0.00763028,0,0,0,4.10191,0.0434049,0.570703,0.7,2.10824,-3.2513,7.166,0,0.627824,0.0056123,0.00556847
1497,door_2,2150,0,0.0545734,0.0545735,0,0.016256,0,0,0,6.19596,0.0678518,0.68133,0.882621,2,-4.74848,9.23925,-0.014924,0.0285111,0.00519586,0.00641143
1497,door_1,1816,0,0.107003,0.107004,0,0.00763028,0,0,0,4.10191,0.0434049,0.570703,0.7,2.10824,-3.2513,7.166,0,0.627844,0.0056123,0.00556847
1498,door_2,2150,0,0.0545734,0.0545735,0,0.016256,0,0,0,6.19596,0.0678518,0.68133,0.882621,2,-4.74848,9.23925,-0.014924,0.0285111,0.00519586,0.00641143
1498,door_1,1816,0,0.107003,0.107004,0,0.00763028,0,0,0,4.10191,0.0434049,0.570703,0.7,2.10824,-3.2513,7.166,0,0.627864,0.0056123,0.00556847
1499,door_2,2150,0,0.0545734,0.0545735,0,0.016256,0,0,0,6.19596,0.0678518,0.68133,0.882621,2,-4.74848,9.23925,-0.014924,0.0285111,0.00519586,0.00641143
1499,door_1,1816,0,0.107003,0.107004,0,0.00763028,0,0,0,4.10191,0.0434049,0.570703,0.7,2.10824,-3.2513,7.166,0,0.627884,0.0056123,0.00556847
1500,door_2,2150,0,0.0545734,0.0545735,0,0.016256,0,0,0,6.19596,0.0678518,0.68133,0.882621,2,-4.74848,9.23925,-0.014924,0.0285111,0.00519586,0.00641143
1500,door_1,1816,0,0.107003,0.107004,0,0.00763028,0,0,0,4.10191,0.0434049,0.570703,0.7,2.10824,-3.2513,7.166,0,0.627904,0.0056123,0.00556847
1501,door_2,2150,0,0.0545734,0.0545735,0,0.016256,0,0,0,6.19596,0.0678518,0.68133,0.882621,2,-4.74848,9.23925,-0.014924,0.0285111,0.00519586,0.00641143
1501,door_1,1816,0,0.107003,0.107004,0,0.00763028,0,0,0,4.10191,0.0434049,0.570703,0.7,2.10824,-3.2513,7.166,0,0.627924,0.0056123,0.00556847
1502,door_2,2150,0,0.0545734,0.0545735,0,0.016256,0,0,0,6.19596,0.0678518,0.68133,0.882621,2,-4.74848,9.23925,-0.014924,0.0285111,0.00519586,0.00641143
1502,door_1,1816,0,0.107003,0.107004,0,0.00763028,0,0,0,4.10191,0.0434049,0.570703,0.7,2.10824,-3.2513,7.166,0,0.627944,0.0056123,0.00556847
1503,door_2,2150,0,0.0545734,0.0545735,0,0.016256,0,0,0,6.19596,0.0678518,0.68133,0.882621,2,-4.74848,9.23925,-0.014924,0.0285111,0.00519586,0.00641143
1503,door_1,1816,0,0.107003,0.107004,0,0.00763028,0,0,0,4.10191,0.0434049,0.570703,0.7,2.10824,-3.2513,7.166,0,0.627964,0.0056123,0.00556847
1504,door_2,2150,0,0.0545734,0.0545735,0,0.016256,0,0,0,6.19596,0.0678518,0.68133,0.882621,2,-4.74848,9.23925,-0.014924,0.0285111,0.00519586,0.00641143
1504,door_1,1816,0,0.107003,0.107004,0,0.00763028,0,0,0,4.10191,0.0434049,0.570703,0.7,2.10824,-3.2513,7.166,0,0.627984,0.0056123,0.00556847
1505,door_2,2150,0,0.0545734,0.0545735,0,0.016256,0,0,0,6.19596,0.0678518,0.68133,0.882621,2,-4.74848,9.23925,-0.014924,0.0285111,0.00519586,0.00641143
1505,door_1,1816,0,0.107003,0.107004,0,0.00763028,0,0,0,4.10191,0.0434049,0.570703,0.7,2.10824,-3.2513,7.166,0,0.628003,0.0056123,0.00556847
1506,door_2,2150,0,0.0545734,0.0545735,0,0.016256,0,0,0,6.19596,0.0678518,0.68133,0.882621,2,-4.74848,9.23925,-0.014924,0.0285111,0.00519586,0.00641143
1506,door_1,1816,0,0.107003,0.107004,0,0.00763028,0,0,0,4.10191,0.0434049,0.570703,0.7,2.10824,-3.2513,7.166,0,0.628023,0.0056123,0.00556847
1507,door_2,2150,0,0.0545734,0.0545735,0,0.016256,0,0,0,6.19596,0.0678518,0.68133,0.882621,2,-4.74848,9.23925,-0.014924,0.0285111,0.00519586,0.00641143
1507,door_1,1816,0,0.107003,0.107004,0,0.00763028,0,0,0,4.10191,0.0434049,0.570703,0.7,2.10824,-3.2513,7.166,0,0.628043,0.0056123,0.00556847
1508,door_2,2150,0,0.0545734,0.0545735,0,0.016256,0,0,0,6.19596,0.0678518,0.68133,0.882621,2,-4.74848,9.23925,-0.014924,0.0285111,0.00519586,0.00641143
1508,door_1,1816,0,0.107003,0.107004,0,0.00763028,0,0,0,4.10191,0.0434049,0.570703,0.7,2.10824,-3.2513,7.166,0,0.628063,0.0056123,0.00556847
1509,door_2,2150,0,0.0545734,0.0545735,0,0.016256,0,0,0,6.19596,0.0678518,0.68133,0.882621,2,-4.74848,9.23925,-0.014924,0.0285111,0.00519586,0.00641143
1509,door_1,1816,0,0.107003,0.107004,0,0.00763028,0,0,0,4.10191,0.0434049,0.570703,0.7,2.10824,-3.2513,7.166,0,0.628083,0.0056123,0.00556847
1510,door_2,2150,0,0.0545734,0.0545735,0,0.016256,0,0,0,6.19596,0.0678518,0.68133,0.882621,2,-4.74848,9.23925,-0.014924,0.0285111,0.00519586,0.00641143
1510,door_1,1816,0,0.107003,0.107004,0,0.00763028,0,0,0,4.10191,0.0434049,0.570703,0.7,2.10824,-3.2513,7.166,0,0.628103,0.0056123,0.00556847
1511,door_2,2150,0,0.0545734,0.0545735,0,0.016256,0,0,0,6.19596,0.0678518,0.68133,0.882621,2,-4.74848,9.23925,-0.014924,0.0285111,0.00519586,0.00641143
1511,door_1,1816,0,0.107003,0.107004,0,0.00763028,0,0,0,4.10191,0.0434049,0.570703,0.7,2.10824,-3.2513,7.166,0,0.628123,0.0056123,0.00556847
1512,door_2,2150,0,0.0545734,0.0545735,0,0.016256,0,0,0,6.19596,0.0678518,0.68133,0.882621,2,-4.74848,9.23925,-0.014924,0.0285111,0.00519586,0.00641143
1512,door_1,1816,0,0.107003,0.107004,0,0.00763028,0,0,0,4.10191,0.0434049,0.570703,0.7,2.10824,-3.2513,7.166,0,0.628143,0.0056123,0.00556847
1513,door_2,2150,0,0.0545734,0.0545735,0,0.016256,0,0,0,6.19596,0.0678518,0.68133,0.882621,2,-4.74848,9.23925,-0.014924,0.0285111,0.00519586,0.00641143
1513,door_1,1816,0,0.107003,0.107004,0,0.00763028,0,0,0,4.10191,0.0434049,0.570703,0.7,2.10824,-3.2513,7.166,0,0.628163,0.0056123,0.00556847
1514,door_2,2150,0,0.0545734,0.0545735,0,0.016256,0,0,0,6.19596,0.0678518,0.68133,0.882621,2,-4.74848,9.23925,-0.014924,0.0285111,0.00519586,0.00641143
1514,door_1,1816,0,0.107003,0.107004,0,0.00763028,0,0,0,4.10191,0.0434049,0.570703,0.7,2.10824,-3.2513,7.166,0,0.628183,0.0056123,0.00556847
1515,door_2,2150,0,0.0545734,0.0545735,0,0.016256,0,0,0,6.19596,0.0678518,0.68133,0.882621,2,-4.74848,9.23925,-0.014924,0.0285111,0.00519586,0.00641143
1515,door_1,1816,0,0.107003,0.107004,0,0.00763028,0,0,0,4.10191,0.0434049,0.570703,0.7,2.10824,-3.2513,7.166,0,0.628202,0.0056123,0.00556847
1516,door_2,2150,0,0.0545734,0.0545735,0,0.016256,0,0,0,6.19596,0.0678518,0.68133,0.882621,2,-4.74848,9.23925,-0.014924,0.0285111,0.00519586,0.00641143
1516,door_1,1816,0,0.107003,0.107004,0,0.00763028,0,0,0,4.10191,0.0434049,0.570703,0.7,2.10824,-3.2513,7.166,0,0.628222,0.0056123,0.00556847
1517,door_2,2150,0,0.0545734,0.0545735,0,0.016256,0,0,0,6.19596,0.0678518,0.68133,0.882621,2,-4.74848,9.23925,-0.014924,0.0285111,0.00519586,0.00641143
1517,door_1,1816,0,0.107003,0.107004,0,0.00763028,0,0,0,4.10191,0.0434049,0.570703,0.7,2.10824,-3.2513,7.166,0,0.628242,0.0056123,0.00556847
1518,door_2,2150,0,0.0545734,0.0545735,0,0.016256,0,0,0,6.19596,0.0678518,0.68133,0.882621,2,-4.74848,9.23925,-0.014924,0.0285111,0.00519586,0.00641143
1518,door_1,1816,0,0.107003,0.107004,0,0.00763028,0,0,0,4.10191,0.0434049,0.570703,0.7,2.10824,-3.2513,7.166,0,0.628262,0.0056123,0.00556847
1519,door_2,2150,0,0.0545734,0.0545735,0,0.016256,0,0,0,6.19596,0.0678518,0.68133,0.882621,2,-4.74848,9.23925,-0.014924,0.0285111,0.00519586,0.00641143
1519,door_1,1816,0,0.107003,0.107004,0,0.00763028,0,0,0,4.10191,0.0434049,0.570703,0.7,2.10824,-3.2513,7.166,0,0.628282,0.0056123,0.00556847
1520,door_2,2150,0,0.0545734,0.0545735,0,0.016256,0,0,0,6.19596,0.0678518,0.68133,0.882621,2,-4.74848,9.23925,-0.014924,0.0285111,0.00519586,0.00641143
1520,door_1,1816,0,0.107003,0.107004,0,0.00763028,0,0,0,4.10191,0.0434049,0.570703,0.7,2.10824,-3.2513,7.166,0,0.628302,0.0056123,0.00556847
1521,door_2,2150,0,0.0545734,0.0545735,0,0.016256,0,0,0,6.19596,0.0678518,0.68133,0.882621,2,-4.74848,9.23925,-0.014924,0.0285111,0.00519586,0.00641143
1521,door_1,1816,0,0.107003,0.107004,0,0.00763028,0,0,0,4.10191,0.0434049,0.570703,0.7,2.10824,-3.2513,7.166,0,0.628322,0.0056123,0.00556847
1522,door_2,2150,0,0.0545734,0.0545735,0,0.016256,0,0,0,6.19596,0.0678518,0.68133,0.882621,2,-4.74848,9.23925,-0.014924,0.0285111,0.00519586,0.00641143
1522,door_1,1816,0,0.107003,0.107004,0,0.00763028,0,0,0,4.10191,0.0434049,0.570703,0.7,2.10824,-3.2513,7.166,0,0.628342,0.0056123,0.00556847
1523,door_2,2150,0,0.0545734,0.0545735,0,0.016256,0,0,0,6.19596,0.0678518,0.68133,0.882621,2,-4.74848,9.23925,-0.014924,0.0285111,0.00519586,0.00641143
1523,door_1,1816,0,0.107003,0.107004,0,0.00763028,0,0,0,4.10191,0.0434049,0.570703,0.7,2.10824,-3.2513,7.166,0,0.628362,0.0056123,0.00556847
1525,door_2,2150,0,0.0545734,0.0545735,0,0.016256,0,0,0,6.19596,0.0678518,0.68133,0.882621,2,-4.74848,9.23925,-0.014924,0.0285111,0.00519586,0.00641143
1525,door_1,1816,0,0.107003,0.107004,0,0.00763028,0,0,0,4.10191,0.0434049,0.570703,0.7,2.10824,-3.2513,7.166,0,0.628381,0.0056123,0.00556847
1526,door_2,2150,0,0.0545734,0.0545735,0,0.016256,0,0,0,6.19596,0.0678518,0.68133,0.882621,2,-4.74848,9.23925,-0.014924,0.0285111,0.00519586,0.00641143
1526,door_1,1816,0,0.107003,0.107004,0,0.00763028,0,0,0,4.10191,0.0434049,0.570703,0.7,2.10824,-3.2513,7.166,0,0.628401,0.0056123,0.00556847
1527,door_2,2150,0,0.0545734,0.0545735,0,0.016256,0,0,0,6.19596,0.0678518,0.68133,0.882621,2,-4.74848,9.23925,-0.014924,0.0285111,0.00519586,0.00641143
1527,door_1,1816,0,0.107003,0.107004,0,0.00763028,0,0,0,4.10191,0.0434049,0.570703,0.7,2.10824,-3.2513,7.166,0,0.628421,0.0056123,0.00556847
1528,door_2,2150,0,0.0545734,0.0545735,0,0.016256,0,0,0,6.19596,0.0678518,0.68133,0.882621,2,-4.74848,9.23925,-0.014924,0.0285111,0.00519586,0.00641143
1528,door_1,1816,0,0.107003,0.107004,0,0.00763028,0,0,0,4.10191,0.0434049,0.570703,0.7,2.10824,-3.2513,7.166,0,0.628441,0.0056123,0.00556847
1529,door_2,2150,0,0.0545734,0.0545735,0,0.016256,0,0,0,6.19596,0.0678518,0.68133,0.882621,2,-4.74848,9.23925,-0.014924,0.0285111,0.00519586,0.00641143
1529,door_1,1816,0,0.107003,0.107004,0,0.00763028,0,0,0,4.10191,0.0434049,0.570703,0.7,2.10824,-3.2513,7.166,0,0.628461,0.0056123,0.00556847
1530,door_2,2150,0,0.0545734,0.0545735,0,0.016256,0,0,0,6.19596,0.0678518,0.68133,0.882621,2,-4.74848,9.23925,-0.014924,0.0285111,0.00519586,0.00641143
1530,door_1,1816,0,0.107003,0.107004,0,0.00763028,0,0,0,4.10191,0.0434049,0.570703,0.7,2.10824,-3.2513,7.166,0,0.628481,0.0056123,0.00556847
1531,door_2,2150,0,0.0545734,0.0545735,0,0.016256,0,0,0,6.19596,0.0678518,0.68133,0.882621,2,-4.74848,9.23925,-0.014924,0.0285111,0.00519586,0.00641143
1531,door_1,1816,0,0.107003,0.107004,0,0.00763028,0,0,0,4.10191,0.0434049,0.570703,0.7,2.10824,-3.2513,7.166,0,0.628501,0.0056123,0.00556847
1532,door_2,2150,0,0.0545734,0.0545735,0,0.016256,0,0,0,6.19596,0.0678518,0.68133,0.882621,2,-4.74848,9.23925,-0.014924,0.0285111,0.00519586,0.00641143
1532,door_1,1816,0,0.107003,0.107004,0,0.00763028,0,0,0,4.10191,0.0434049,0.570703,0.7,2.10824,-3.2513,7.166,0,0.628521,0.0056123,0.00556847
1533,door_2,2150,0,0.0545734,0.0545735,0,0.016256,0,0,0,6.19596,0.0678518,0.68133,0.882621,2,-4.74848,9.23925,-0.014924,0.0285111,0.00519586,0.00641143
1533,door_1,1816,0,0.107003,0.107004,0,0.00763028,0,0,0,4.10191,0.0434049,0.570703,0.7,2.10824,-3.2513,7.166,0,0.628541,0.0056123,0.00556847
1534,door_2,2150,0,0.0545734,0.0545735,0,0.016256,0,0,0,6.19596,0.0678518,0.68133,0.882621,2,-4.74848,9.23925,-0.014924,0.0285111,0.00519586,0.00641143
1534,door_1,1816,0,0.107003,0.107004,0,0.00763028,0,0,0,4.10191,0.0434049,0.570703,0.7,2.10824,-3.2513,7.166,0,0.62856,0.0056123,0.00556847
1535,door_2,2150,0,0.0545734,0.0545735,0,0.016256,0,0,0,6.19596,0.0678518,0.68133,0.882621,2,-4.74848,9.23925,-0.014924,0.0285111,0.00519586,0.00641143
1535,door_1,1816,0,0.107003,0.107004,0,0.00763028,0,0,0,4.10191,0.0434049,0.570703,0.7,2.10824,-3.2513,7.166,0,0.62858,0.0056123,0.00556847
1536,door_2,2150,0,0.0545734,0.0545735,0,0.016256,0,0,0,6.19596,0.0678518,0.68133,0.882621,2,-4.74848,9.23925,-0.014924,0.0285111,0.00519586,0.00641143
1536,door_1,1816,0,0.107003,0.107004,0,0.00763028,0,0,0,4.10191,0.0434049,0.570703,0.7,2.10824,-3.2513,7.166,0,0.6286,0.0056123,0.00556847
1537,door_2,2150,0,0.0545734,0.0545735,0,0.016256,0,0,0,6.19596,0.0678518,0.68133,0.882621,2,-4.74848,9.23925,-0.014924,0.0285111,0.00519586,0.00641143
1537,door_1,1816,0,0.107003,0.107004,0,0.00763028,0,0,0,4.10191,0.0434049,0.570703,0.7,2.10824,-3.2513,7.166,0,0.62862,0.0056123,0.00556847
1538,door_2,2150,0,0.0545734,0.0545735,0,0.016256,0,0,0,6.19596,0.0678518,0.68133,0.882621,2,-4.74848,9.23925,-0.014924,0.0285111,0.00519586,0.00641143
1538,door_1,1816,0,0.107003,0.107004,0,0.00763028,0,0,0,4.10191,0.0434049,0.570703,0.7,2.10824,-3.2513,7.166,0,0.62864,0.0056123,0.00556847
1539,door_2,2150,0,0.0545734,0.0545735,0,0.016256,0,0,0,6.19596,0.0678518,0.68133,0.882621,2,-4.74848,9.23925,-0.014924,0.0285111,0.00519586,0.00641143
1539,door_1,1816,0,0.107003,0.107004,0,0.00763028,0,0,0,4.10191,0.0434049,0.570703,0.7,2.10824,-3.2513,7.166,0,0.62866,0.0056123,0.00556847
1540,door_2,2150,0,0.0545734,0.0545735,0,0.016256,0,0,0,6.19596,0.0678518,0.68133,0.882621,2,-4.74848,9.23925,-0.014924,0.0285111,0.00519586,0.00641143
1540,door_1,1816,0,0.107003,0.107004,0,0.00763028,0,0,0,4.10191,0.0434049,0.570703,0.7,2.10824,-3.2513,7.166,0,0.62868,0.0056123,0.00556847
1541,door_2,2150,0,0.0545734,0.0545735,0,0.016256,0,0,0,6.19596,0.0678518,0.68133,0.882621,2,-4.74848,9.23925,-0.014924,0.0285111,0.00519586,0.00641143
1541,door_1,1816,0,0.107003,0.107004,0,0.00763028,0,0,0,4.10191,0.0434049,0.570703,0.7,2.10824,-3.2513,7.166,0,0.6287,0.0056123,0.00556847
1542,door_2,2150,0,0.0545734,0.0545735,0,0.016256,0,0,0,6.19596,0.0678518,0.68133,0.882621,2,-4.74848,9.23925,-0.014924,0.0285111,0.00519586,0.00641143
1542,door_1,1816,0,0.107003,0.107004,0,0.00763028,0,0,0,4.10191,0.0434049,0.570703,0.7,2.10824,-3.2513,7.166,0,0.62872,0.0056123,0.00556847
1543,door_2,2150,0,0.0545734,0.0545735,0,0.016256,0,0,0,6.19596,0.0678518,0.68133,0.882621,2,-4.74848,9.23925,-0.014924,0.0285111,0.00519586,0.00641143
1543,door_1,1816,0,0.107003,0.107004,0,0.00763028,0,0,0,4.10191,0.0434049,0.570703,0.7,2.10824,-3.2513,7.166,0,0.628739,0.0056123,0.00556847
1544,door_2,2150,0,0.0545734,0.0545735,0,0.016256,0,0,0,6.19596,0.0678518,0.68133,0.882621,2,-4.74848,9.23925,-0.014924,0.0285111,0.00519586,0.00641143
1544,door_1,1816,0,0.107003,0.107004,0,0.00763028,0,0,0,4.10191,0.0434049,0.570703,0.7,2.10824,-3.2513,7.166,0,0.628759,0.0056123,0.00556847
1545,door_2,2150,0,0.0545734,0.0545735,0,0.016256,0,0,0,6.19596,0.0678518,0.68133,0.882621,2,-4.74848,9.23925,-0.014924,0.0285111,0.00519586,0.00641143
1545,door_1,1816,0,0.107003,0.107004,0,0.00763028,0,0,0,4.10191,0.0434049,0.570703,0.7,2.10824,-3.2513,7.166,0,0.628779,0.0056123,0.00556847
1546,door_2,2150,0,0.0545734,0.0545735,0,0.016256,0,0,0,6.19596,0.0678518,0.68133,0.882621,2,-4.74848,9.23925,-0.014924,0.0285111,0.00519586,0.00641143
1546,door_1,1816,0,0.107003,0.107004,0,0.00763028,0,0,0,4.10191,0.0434049,0.570703,0.7,2.10824,-3.2513,7.166,0,0.628799,0.0056123,0.00556847
1547,door_2,2150,0,0.0545734,0.0545735,0,0.016256,0,0,0,6.19596,0.0678518,0.68133,0.882621,2,-4.74848,9.23925,-0.014924,0.0285111,0.00519586,0.00641143
1547,door_1,1816,0,0.107003,0.107004,0,0.00763028,0,0,0,4.10191,0.0434049,0.570703,0.7,2.10824,-3.2513,7.166,0,0.628819,0.0056123,0.00556847
1548,door_2,2150,0,0.0545734,0.0545735,0,0.016256,0,0,0,6.19596,0.0678518,0.68133,0.882621,2,-4.74848,9.23925,-0.014924,0.0285111,0.00519586,0.00641143
1548,door_1,1816,0,0.107003,0.107004,0,0.00763028,0,0,0,4.10191,0.0434049,0.570703,0.7,2.10824,-3.2513,7.166,0,0.628839,0.0056123,0.00556847
1549,door_2,2150,0,0.0545734,0.0545735,0,0.016256,0,0,0,6.19596,0.0678518,0.68133,0.882621,2,-4.74848,9.23925,-0.014924,0.0285111,0.00519586,0.00641143
1549,door_1,1816,0,0.107003,0.107004,0,0.00763028,0,0,0,4.10191,0.0434049,0.570703,0.7,2.10824,-3.2513,7.166,0,0.628859,0.0056123,0.00556847
1550,door_2,2150,0,0.0545734,0.0545735,0,0.016256,0,0,0,6.19596,0.0678518,0.68133,0.882621,2,-4.74848,9.23925,-0.014924,0.0285111,0.00519586,0.00641143
1550,door_1,1816,0,0.107003,0.107004,0,0.00763028,0,0,0,4.10191,0.0434049,0.570703,0.7,2.10824,-3.2513,7.166,0,0.628879,0.0056123,0.00556847
1551,door_2,2150,0,0.0545734,0.0545735,0,0.016256,0,0,0,6.19596,0.0678518,0.68133,0.882621,2,-4.74848,9.23925,-0.014924,0.0285111,0.00519586,0.00641143
1551,door_1,1816,0,0.107003,0.107004,0,0.00763028,0,0,0,4.10191,0.0434049,0.570703,0.7,2.10824,-3.2513,7.166,0,0.628899,0.0056123,0.00556847
1552,door_2,2150,0,0.0545734,0.0545735,0,0.016256,0,0,0,6.19596,0.0678518,0.68133,0.882621,2,-4.74848,9.23925,-0.014924,0.0285111,0.00519586,0.00641143
1552,door_1,1816,0,0.107003,0.107004,0,0.00763028,0,0,0,4.10191,0.0434049,0.570703,0.7,2.10824,-3.2513,7.166,0,0.628918,0.0056123,0.00556847
1553,door_2,2150,0,0.0545734,0.0545735,0,0.016256,0,0,0,6.19596,0.0678518,0.68133,0.882621,2,-4.74848,9.23925,-0.014924,0.0285111,0.00519586,0.00641143
1553,door_1,1816,0,0.107003,0.107004,0,0.00763028,0,0,0,4.10191,0.0434049,0.570703,0.7,2.10824,-3.2513,7.166,0,0.628938,0.0056123,0.00556847
1554,door_2,2150,0,0.0545734,0.0545735,0,0.016256,0,0,0,6.19596,0.0678518,0.68133,0.882621,2,-4.74848,9.23925,-0.014924,0.0285111,0.00519586,0.00641143
1554,door_1,1816,0,0.107003,0.107004,0,0.00763028,0,0,0,4.10191,0.0434049,0.570703,0.7,2.10824,-3.2513,7.166,0,0.628958,0.0056123,0.00556847
1555,door_2,2150,0,0.0545734,0.0545735,0,0.016256,0,0,0,6.19596,0.0678518,0.68133,0.882621,2,-4.74848,9.23925,-0.014924,0.0285111,0.00519586,0.00641143
1555,door_1,1816,0,0.107003,0.107004,0,0.00763028,0,0,0,4.10191,0.0434049,0.570703,0.7,2.10824,-3.2513,7.166,0,0.628978,0.0056123,0.00556847
1556,door_2,2150,0,0.0545734,0.0545735,0,0.016256,0,0,0,6.19596,0.0678518,0.68133,0.882621,2,-4.74848,9.23925,-0.014924,0.0285111,0.00519586,0.00641143
1556,door_1,1816,0,0.107003,0.107004,0,0.00763028,0,0,0,4.10191,0.0434049,0.570703,0.7,2.10824,-3.2513,7.166,0,0.628998,0.0056123,0.00556847
1557,door_2,2150,0,0.0545734,0.0545735,0,0.016256,0,0,0,6.19596,0.0678518,0.68133,0.882621,2,-4.74848,9.23925,-0.014924,0.0285111,0.00519586,0.00641143
1557,door_1,1816,0,0.107003,0.107004,0,0.00763028,0,0,0,4.10191,0.0434049,0.570703,0.7,2.10824,-3.2513,7.166,0,0.629018,0.0056123,0.00556847
1558,door_2,2150,0,0.0545734,0.0545735,0,0.016256,0,0,0,6.19596,0.0678518,0.68133,0.882621,2,-4.74848,9.23925,-0.014924,0.0285111,0.00519586,0.00641143
1558,door_1,1816,0,0.107003,0.107004,0,0.00763028,0,0,0,4.10191,0.0434049,0.570703,0.7,2.10824,-3.2513,7.166,0,0.629038,0.0056123,0.00556847
1559,door_2,2150,0,0.0545734,0.0545735,0,0.016256,0,0,0,6.19596,0.0678518,0.68133,0.882621,2,-4.74848,9.23925,-0.014924,0.0285111,0.00519586,0.00641143
1559,door_1,1816,0,0.107003,0.107004,0,0.00763028,0,0,0,4.10191,0.0434049,0.570703,0.7,2.10824,-3.2513,7.166,0,0.629058,0.0056123,0.00556847
1560,door_2,2150,0,0.0545734,0.0545735,0,0.016256,0,0,0,6.19596,0.0678518,0.68133,0.882621,2,-4.74848,9.23925,-0.014924,0.0285111,0.00519586,0.00641143
1560,door_1,1816,0,0.107003,0.107004,0,0.00763028,0,0,0,4.10191,0.0434049,0.570703,0.7,2.10824,-3.2513,7.166,0,0.629077,0.0056123,0.00556847
1561,door_2,2150,0,0.0545734,0.0545735,0,0.016256,0,0,0,6.19596,0.0678518,0.68133,0.882621,2,-4.74848,9.23925,-0.014924,0.0285111,0.00519586,0.00641143
1561,door_1,1816,0,0.107003,0.107004,0,0.00763028,0,0,0,4.10191,0.0434049,0.570703,0.7,2.10824,-3.2513,7.166,0,0.629097,0.0056123,0.00556847
1562,door_2,2150,0,0.0545734,0.0545735,0,0.016256,0,0,0,6.19596,0.0678518,0.68133,0.882621,2,-4.74848,9.23925,-0.014924,0.0285111,0.00519586,0.00641143
1562,door_1,1816,0,0.107003,0.107004,0,0.00763028,0,0,0,4.10191,0.0434049,0.570703,0.7,2.10824,-3.2513,7.166,0,0.629117,0.0056123,0.00556847
1563,door_2,2150,0,0.0545734,0.0545735,0,0.016256,0,0,0,6.19596,0.0678518,0.68133,0.882621,2,-4.74848,9.23925,-0.014924,0.0285111,0.00519586,0.00641143
1563,door_1,1816,0,0.107003,0.107004,0,0.00763028,0,0,0,4.10191,0.0434049,0.570703,0.7,2.10824,-3.2513,7.166,0,0.629137,0.0056123,0.00556847
1564,door_2,2150,0,0.0545734,0.0545735,0,0.016256,0,0,0,6.19596,0.0678518,0.68133,0.882621,2,-4.74848,9.23925,-0.014924,0.0285111,0.00519586,0.00641143
1564,door_1,1816,0,0.107003,0.107004,0,0.00763028,0,0,0,4.10191,0.0434049,0.570703,0.7,2.10824,-3.2513,7.166,0,0.629157,0.0056123,0.00556847
1565,door_2,2150,0,0.0545734,0.0545735,0,0.016256,0,0,0,6.19596,0.0678518,0.68133,0.882621,2,-4.74848,9.23925,-0.014924,0.0285111,0.00519586,0.00641143
1565,door_1,1816,0,0.107003,0.107004,0,0.00763028,0,0,0,4.10191,0.0434049,0.570703,0.7,2.10824,-3.2513,7.166,0,0.629177,0.0056123,0.00556847
1566,door_2,2150,0,0.0545734,0.0545735,0,0.016256,0,0,0,6.19596,0.0678518,0.68133,0.882621,2,-4.74848,9.23925,-0.014924,0.0285111,0.00519586,0.00641143
1566,door_1,1816,0,0.107003,0.107004,0,0.00763028,0,0,0,4.10191,0.0434049,0.570703,0.7,2.10824,-3.2513,7.166,0,0.629197,0.0056123,0.00556847
1567,door_2,2150,0,0.0545734,0.0545735,0,0.016256,0,0,0,6.19596,0.0678518,0.68133,0.882621,2,-4.74848,9.23925,-0.014924,0.0285111,0.00519586,0.00641143
1567,door_1,1816,0,0.107003,0.107004,0,0.00763028,0,0,0,4.10191,0.0434049,0.570703,0.7,2.10824,-3.2513,7.166,0,0.629216,0.0056123,0.00556847
1568,door_2,2150,0,0.0545734,0.0545735,0,0.016256,0,0,0,6.19596,0.0678518,0.68133,0.882621,2,-4.74848,9.23925,-0.014924,0.0285111,0.00519586,0.00641143
1568,door_1,1816,0,0.107003,0.107004,0,0.00763028,0,0,0,4.10191,0.0434049,0.570703,0.7,2.10824,-3.2513,7.166,0,0.629236,0.0056123,0.00556847
1569,door_2,2150,0,0.0545734,0.0545735,0,0.016256,0,0,0,6.19596,0.0678518,0.68133,0.882621,2,-4.74848,9.23925,-0.014924,0.0285111,0.00519586,0.00641143
1569,door_1,1816,0,0.107003,0.107004,0,0.00763028,0,0,0,4.10191,0.0434049,0.570703,0.7,2.10824,-3.2513,7.166,0,0.629256,0.0056123,0.00556847
1570,door_2,2150,0,0.0545734,0.0545735,0,0.016256,0,0,0,6.19596,0.0678518,0.68133,0.882621,2,-4.74848,9.23925,-0.014924,0.0285111,0.00519586,0.00641143
1570,door_1,1816,0,0.107003,0.107004,0,0.00763028,0,0,0,4.10191,0.0434049,0.570703,0.7,2.10824,-3.2513,7.166,0,0.629276,0.0056123,0.00556847
1571,door_2,2150,0,0.0545734,0.0545735,0,0.016256,0,0,0,6.19596,0.0678518,0.68133,0.882621,2,-4.74848,9.23925,-0.014924,0.0285111,0.00519586,0.00641143
1571,door_1,1816,0,0.107003,0.107004,0,0.00763028,0,0,0,4.10191,0.0434049,0.570703,0.7,2.10824,-3.2513,7.166,0,0.629296,0.0056123,0.00556847
1572,door_2,2150,0,0.0545734,0.0545735,0,0.016256,0,0,0,6.19596,0.0678518,0.68133,0.882621,2,-4.74848,9.23925,-0.014924,0.0285111,0.00519586,0.00641143
1572,door_1,1816,0,0.107003,0.107004,0,0.00763028,0,0,0,4.10191,0.0434049,0.570703,0.7,2.10824,-3.2513,7.166,0,0.629316,0.0056123,0.00556847
1573,door_2,2150,0,0.0545734,0.0545735,0,0.016256,0,0,0,6.19596,0.0678518,0.68133,0.882621,2,-4.74848,9.23925,-0.014924,0.0285111,0.00519586,0.00641143
1573,door_1,1816,0,0.107003,0.107004,0,0.00763028,0,0,0,4.10191,0.0434049,0.570703,0.7,2.10824,-3.2513,7.166,0,0.629336,0.0056123,0.00556847
1574,door_2,2150,0,0.0545734,0.0545735,0,0.016256,0,0,0,6.19596,0.0678518,0.68133,0.882621,2,-4.74848,9.23925,-0.014924,0.0285111,0.00519586,0.00641143
1574,door_1,1816,0,0.107003,0.107004,0,0.00763028,0,0,0,4.10191,0.0434049,0.570703,0.7,2.10824,-3.2513,7.166,0,0.629356,0.0056123,0.00556847
1575,door_2,2150,0,0.0545734,0.0545735,0,0.016256,0,0,0,6.19596,0.0678518,0.68133,0.882621,2,-4.74848,9.23925,-0.014924,0.0285111,0.00519586,0.00641143
1575,door_1,1816,0,0.107003,0.107004,0,0.00763028,0,0,0,4.10191,0.0434049,0.570703,0.7,2.10824,-3.2513,7.166,0,0.629376,0.0056123,0.00556847
1576,door_2,2150,0,0.0545734,0.0545735,0,0.016256,0,0,0,6.19596,0.0678518,0.68133,0.882621,2,-4.74848,9.23925,-0.014924,0.0285111,0.00519586,0.00641143
1576,door_1,1816,0,0.107003,0.107004,0,0.00763028,0,0,0,4.10191,0.0434049,0.570703,0.7,2.10824,-3.2513,7.166,0,0.629395,0.0056123,0.00556847
1577,door_2,2150,0,0.0545734,0.0545735,0,0.016256,0,0,0,6.19596,0.0678518,0.68133,0.882621,2,-4.74848,9.23925,-0.014924,0.0285111,0.00519586,0.00641143
1577,door_1,1816,0,0.107003,0.107004,0,0.00763028,0,0,0,4.10191,0.0434049,0.570703,0.7,2.10824,-3.2513,7.166,0,0.629415,0.0056123,0.00556847
1578,door_2,2150,0,0.0545734,0.0545735,0,0.016256,0,0,0,6.19596,0.0678518,0.68133,0.882621,2,-4.74848,9.23925,-0.014924,0.0285111,0.00519586,0.00641143
1578,door_1,1816,0,0.107003,0.107004,0,0.00763028,0,0,0,4.10191,0.0434049,0.570703,0.7,2.10824,-3.2513,7.166,0,0.629435,0.0056123,0.00556847
1579,door_2,2150,0,0.0545734,0.0545735,0,0.016256,0,0,0,6.19596,0.0678518,0.68133,0.882621,2,-4.74848,9.23925,-0.014924,0.0285111,0.00519586,0.00641143
1579,door_1,1816,0,0.107003,0.107004,0,0.00763028,0,0,0,4.10191,0.0434049,0.570703,0.7,2.10824,-3.2513,7.166,0,0.629455,0.0056123,0.00556847
1580,door_2,2150,0,0.0545734,0.0545735,0,0.016256,0,0,0,6.19596,0.0678518,0.68133,0.882621,2,-4.74848,9.23925,-0.014924,0.0285111,0.00519586,0.00641143
1580,door_1,1816,0,0.107003,0.107004,0,0.00763028,0,0,0,4.10191,0.0434049,0.570703,0.7,2.10824,-3.2513,7.166,0,0.629475,0.0056123,0.00556847
1581,door_2,2150,0,0.0545734,0.0545735,0,0.016256,0,0,0,6.19596,0.0678518,0.68133,0.882621,2,-4.74848,9.23925,-0.014924,0.0285111,0.00519586,0.00641143
1581,door_1,1816,0,0.107003,0.107004,0,0.00763028,0,0,0,4.10191,0.0434049,0.570703,0.7,2.10824,-3.2513,7.166,0,0.629495,0.0056123,0.00556847
1583,door_2,2150,0,0.0545734,0.0545735,0,0.016256,0,0,0,6.19596,0.0678518,0.68133,0.882621,2,-4.74848,9.23925,-0.014924,0.0285111,0.00519586,0.00641143
1583,door_1,1816,0,0.107003,0.107004,0,0.00763028,0,0,0,4.10191,0.0434049,0.570703,0.7,2.10824,-3.2513,7.166,0,0.629514,0.0056123,0.00556847
1584,door_2,2150,0,0.0545734,0.0545735,0,0.016256,0,0,0,6.19596,0.0678518,0.68133,0.882621,2,-4.74848,9.23925,-0.014924,0.0285111,0.00519586,0.00641143
1584,door_1,1816,0,0.107003,0.107004,0,0.00763028,0,0,0,4.10191,0.0434049,0.570703,0.7,2.10824,-3.2513,7.166,0,0.629534,0.0056123,0.00556847
1586,door_2,2150,0,0.0545734,0.0545735,0,0.016256,0,0,0,6.19596,0.0678518,0.68133,0.882621,2,-4.74848,9.23925,-0.014924,0.0285111,0.00519586,0.00641143
1586,door_1,1816,0,0.107003,0.107004,0,0.00763028,0,0,0,4.10191,0.0434049,0.570703,0.7,2.10824,-3.2513,7.166,0,0.629554,0.0056123,0.00556847
1587,door_2,2150,0,0.0545734,0.0545735,0,0.016256,0,0,0,6.19596,0.0678518,0.68133,0.882621,2,-4.74848,9.23925,-0.014924,0.0285111,0.00519586,0.00641143
1587,door_1,1816,0,0.107003,0.107004,0,0.00763028,0,0,0,4.10191,0.0434049,0.570703,0.7,2.10824,-3.2513,7.166,0,0.629574,0.0056123,0.00556847
1589,door_2,2150,0,0.0545734,0.0545735,0,0.016256,0,0,0,6.19596,0.0678518,0.68133,0.882621,2,-4.74848,9.23925,-0.014924,0.0285111,0.00519586,0.00641143
1589,door_1,1816,0,0.107003,0.107004,0,0.00763028,0,0,0,4.10191,0.0434049,0.570703,0.7,2.10824,-3.2513,7.166,0,0.629594,0.0056123,0.00556847
1591,door_2,2150,0,0.0545734,0.0545735,0,0.016256,0,0,0,6.19596,0.0678518,0.68133,0.882621,2,-4.74848,9.23925,-0.014924,0.0285111,0.00519586,0.00641143
1591,door_1,1816,0,0.107003,0.107004,0,0.00763028,0,0,0,4.10191,0.0434049,0.570703,0.7,2.10824,-3.2513,7.166,0,0.629614,0.0056123,0.00556847
1592,door_2,2150,0,0.0545734,0.0545735,0,0.016256,0,0,0,6.19596,0.0678518,0.68133,0.882621,2,-4.74848,9.23925,-0.014924,0.0285111,0.00519586,0.00641143
1592,door_1,1816,0,0.107003,0.107004,0,0.00763028,0,0,0,4.10191,0.0434049,0.570703,0.7,2.10824,-3.2513,7.166,0,0.629634,0.0056123,0.00556847
1593,door_2,2150,0,0.0545734,0.0545735,0,0.016256,0,0,0,6.19596,0.0678518,0.68133,0.882621,2,-4.74848,9.23925,-0.014924,0.0285111,0.00519586,0.00641143
1593,door_1,1816,0,0.107003,0.107004,0,0.00763028,0,0,0,4.10191,0.0434049,0.570703,0.7,2.10824,-3.2513,7.166,0,0.629654,0.0056123,0.00556847
1594,door_2,2150,0,0.0545734,0.0545735,0,0.016256,0,0,0,6.19596,0.0678518,0.68133,0.882621,2,-4.74848,9.23925,-0.014924,0.0285111,0.00519586,0.00641143
1594,door_1,1816,0,0.107003,0.107004,0,0.00763028,0,0,0,4.10191,0.0434049,0.570703,0.7,2.10824,-3.2513,7.166,0,0.629673,0.0056123,0.00556847
1595,door_2,2150,0,0.0545734,0.0545735,0,0.016256,0,0,0,6.19596,0.0678518,0.68133,0.882621,2,-4.74848,9.23925,-0.014924,0.0285111,0.00519586,0.00641143
1595,door_1,1816,0,0.107003,0.107004,0,0.00763028,0,0,0,4.10191,0.0434049,0.570703,0.7,2.10824,-3.2513,7.166,0,0.629693,0.0056123,0.00556847
1596,door_2,2150,0,0.0545734,0.0545735,0,0.016256,0,0,0,6.19596,0.0678518,0.68133,0.882621,2,-4.74848,9.23925,-0.014924,0.0285111,0.00519586,0.00641143
1596,door_1,1816,0,0.107003,0.107004,0,0.00763028,0,0,0,4.10191,0.0434049,0.570703,0.7,2.10824,-3.2513,7.166,0,0.629713,0.0056123,0.00556847
1597,door_2,2150,0,0.0545734,0.0545735,0,0.016256,0,0,0,6.19596,0.0678518,0.68133,0.882621,2,-4.74848,9.23925,-0.014924,0.0285111,0.00519586,0.00641143
1597,door_1,1816,0,0.107003,0.107004,0,0.00763028,0,0,0,4.10191,0.0434049,0.570703,0.7,2.10824,-3.2513,7.166,0,0.629733,0.0056123,0.00556847
1598,door_2,2150,0,0.0545734,0.0545735,0,0.016256,0,0,0,6.19596,0.0678518,0.68133,0.882621,2,-4.74848,9.23925,-0.014924,0.0285111,0.00519586,0.00641143
1598,door_1,1816,0,0.107003,0.107004,0,0.00763028,0,0,0,4.10191,0.0434049,0.570703,0.7,2.10824,-3.2513,7.166,0,0.629753,0.0056123,0.00556847
1599,door_2,2150,0,0.0545734,0.0545735,0,0.016256,0,0,0,6.19596,0.0678518,0.68133,0.882621,2,-4.74848,9.23925,-0.014924,0.0285111,0.00519586,0.00641143
1599,door_1,1816,0,0.107003,0.107004,0,0.00763028,0,0,0,4.10191,0.0434049,0.570703,0.7,2.10824,-3.2513,7.166,0,0.629773,0.0056123,0.00556847
1601,door_2,2150,0,0.0545734,0.0545735,0,0.016256,0,0,0,6.19596,0.0678518,0.68133,0.882621,2,-4.74848,9.23925,-0.014924,0.0285111,0.00519586,0.00641143
1601,door_1,1816,0,0.107003,0.107004,0,0.00763028,0,0,0,4.10191,0.0434049,0.570703,0.7,2.10824,-3.2513,7.166,0,0.629793,0.0056123,0.00556847
1602,door_2,2150,0,0.0545734,0.0545735,0,0.016256,0,0,0,6.19596,0.0678518,0.68133,0.882621,2,-4.74848,9.23925,-0.014924,0.0285111,0.00519586,0.00641143
1602,door_1,1816,0,0.107003,0.107004,0,0.00763028,0,0,0,4.10191,0.0434049,0.570703,0.7,2.10824,-3.2513,7.166,0,0.629812,0.0056123,0.00556847
1603,door_2,2150,0,0.0545734,0.0545735,0,0.016256,0,0,0,6.19596,0.0678518,0.68133,0.882621,2,-4.74848,9.23925,-0.014924,0.0285111,0.00519586,0.00641143
1603,door_1,1816,0,0.107003,0.107004,0,0.00763028,0,0,0,4.10191,0.0434049,0.570703,0.7,2.10824,-3.2513,7.166,0,0.629832,0.0056123,0.00556847
1604,door_2,2150,0,0.0545734,0.0545735,0,0.016256,0,0,0,6.19596,0.0678518,0.68133,0.882621,2,-4.74848,9.23925,-0.014924,0.0285111,0.00519586,0.00641143
1604,door_1,1816,0,0.107003,0.107004,0,0.00763028,0,0,0,4.10191,0.0434049,0.570703,0.7,2.10824,-3.2513,7.166,0,0.629852,0.0056123,0.00556847
1605,door_2,2150,0,0.0545734,0.0545735,0,0.016256,0,0,0,6.19596,0.0678518,0.68133,0.882621,2,-4.74848,9.23925,-0.014924,0.0285111,0.00519586,0.00641143
1605,door_1,1816,0,0.107003,0.107004,0,0.00763028,0,0,0,4.10191,0.0434049,0.570703,0.7,2.10824,-3.2513,7.166,0,0.629872,0.0056123,0.00556847
1606,door_2,2150,0,0.0545734,0.0545735,0,0.016256,0,0,0,6.19596,0.0678518,0.68133,0.882621,2,-4.74848,9.23925,-0.014924,0.0285111,0.00519586,0.00641143
1606,door_1,1816,0,0.107003,0.107004,0,0.00763028,0,0,0,4.10191,0.0434049,0.570703,0.7,2.10824,-3.2513,7.166,0,0.629892,0.0056123,0.00556847
1608,door_2,2150,0,0.0545734,0.0545735,0,0.016256,0,0,0,6.19596,0.0678518,0.68133,0.882621,2,-4.74848,9.23925,-0.014924,0.0285111,0.00519586,0.00641143
1608,door_1,1816,0,0.107003,0.107004,0,0.00763028,0,0,0,4.10191,0.0434049,0.570703,0.7,2.10824,-3.2513,7.166,0,0.629912,0.0056123,0.00556847
1609,door_2,2150,0,0.0545734,0.0545735,0,0.016256,0,0,0,6.19596,0.0678518,0.68133,0.882621,2,-4.74848,9.23925,-0.014924,0.0285111,0.00519586,0.00641143
1609,door_1,1816,0,0.107003,0.107004,0,0.00763028,0,0,0,4.10191,0.0434049,0.570703,0.7,2.10824,-3.2513,7.166,0,0.629932,0.0056123,0.00556847
1611,door_2,2150,0,0.0545734,0.0545735,0,0.016256,0,0,0,6.19596,0.0678518,0.68133,0.882621,2,-4.74848,9.23925,-0.014924,0.0285111,0.00519586,0.00641143
1611,door_1,1816,0,0.107003,0.107004,0,0.00763028,0,0,0,4.10191,0.0434049,0.570703,0.7,2.10824,-3.2513,7.166,0,0.629951,0.0056123,0.00556847
1612,door_2,2150,0,0.0545734,0.0545735,0,0.016256,0,0,0,6.19596,0.0678518,0.68133,0.882621,2,-4.74848,9.23925,-0.014924,0.0285111,0.00519586,0.00641143
1612,door_1,1816,0,0.107003,0.107004,0,0.00763028,0,0,0,4.10191,0.0434049,0.570703,0.7,2.10824,-3.2513,7.166,0,0.629971,0.0056123,0.00556847
1613,door_2,2150,0,0.0545734,0.0545735,0,0.016256,0,0,0,6.19596,0.0678518,0.68133,0.882621,2,-4.74848,9.23925,-0.014924,0.0285111,0.00519586,0.00641143
1613,door_1,1816,0,0.107003,0.107004,0,0.00763028,0,0,0,4.10191,0.0434049,0.570703,0.7,2.10824,-3.2513,7.166,0,0.629991,0.0056123,0.00556847
1614,door_2,2150,0,0.0545734,0.0545735,0,0.016256,0,0,0,6.19596,0.0678518,0.68133,0.882621,2,-4.74848,9.23925,-0.014924,0.0285111,0.00519586,0.00641143
1614,door_1,1816,0,0.107003,0.107004,0,0.00763028,0,0,0,4.10191,0.0434049,0.570703,0.7,2.10824,-3.2513,7.166,0,0.630011,0.0056123,0.00556847
1615,door_2,2150,0,0.0545734,0.0545735,0,0.016256,0,0,0,6.19596,0.0678518,0.68133,0.882621,2,-4.74848,9.23925,-0.014924,0.0285111,0.00519586,0.00641143
1615,door_1,1816,0,0.107003,0.107004,0,0.00763028,0,0,0,4.10191,0.0434049,0.570703,0.7,2.10824,-3.2513,7.166,0,0.630031,0.0056123,0.00556847
1616,door_2,2150,0,0.0545734,0.0545735,0,0.016256,0,0,0,6.19596,0.0678518,0.68133,0.882621,2,-4.74848,9.23925,-0.014924,0.0285111,0.00519586,0.00641143
1616,door_1,1816,0,0.107003,0.107004,0,0.00763028,0,0,0,4.10191,0.0434049,0.570703,0.7,2.10824,-3.2513,7.166,0,0.630051,0.0056123,0.00556847
1617,door_2,2150,0,0.0545734,0.0545735,0,0.016256,0,0,0,6.19596,0.0678518,0.68133,0.882621,2,-4.74848,9.23925,-0.014924,0.0285111,0.00519586,0.00641143
1617,door_1,1816,0,0.107003,0.107004,0,0.00763028,0,0,0,4.10191,0.0434049,0.570703,0.7,2.10824,-3.2513,7.166,0,0.63007,0.0056123,0.00556847
1618,door_2,2150,0,0.0545734,0.0545735,0,0.016256,0,0,0,6.19596,0.0678518,0.68133,0.882621,2,-4.74848,9.23925,-0.014924,0.0285111,0.00519586,0.00641143
1618,door_1,1816,0,0.107003,0.107004,0,0.00763028,0,0,0,4.10191,0.0434049,0.570703,0.7,2.10824,-3.2513,7.166,0,0.63009,0.0056123,0.00556847
1619,door_2,2150,0,0.0545734,0.0545735,0,0.016256,0,0,0,6.19596,0.0678518,0.68133,0.882621,2,-4.74848,9.23925,-0.014924,0.0285111,0.00519586,0.00641143
1619,door_1,1816,0,0.107003,0.107004,0,0.00763028,0,0,0,4.10191,0.0434049,0.570703,0.7,2.10824,-3.2513,7.166,0,0.63011,0.0056123,0.00556847
1620,door_2,2150,0,0.0545734,0.0545735,0,0.016256,0,0,0,6.19596,0.0678518,0.68133,0.882621,2,-4.74848,9.23925,-0.014924,0.0285111,0.00519586,0.00641143
1620,door_1,1816,0,0.107003,0.107004,0,0.00763028,0,0,0,4.10191,0.0434049,0.570703,0.7,2.10824,-3.2513,7.166,0,0.63013,0.0056123,0.00556847
1621,door_2,2150,0,0.0545734,0.0545735,0,0.016256,0,0,0,6.19596,0.0678518,0.68133,0.882621,2,-4.74848,9.23925,-0.014924,0.0285111,0.00519586,0.00641143
1621,door_1,1816,0,0.107003,0.107004,0,0.00763028,0,0,0,4.10191,0.0434049,0.570703,0.7,2.10824,-3.2513,7.166,0,0.63015,0.0056123,0.00556847
1622,door_2,2150,0,0.0545734,0.0545735,0,0.016256,0,0,0,6.19596,0.0678518,0.68133,0.882621,2,-4.74848,9.23925,-0.014924,0.0285111,0.00519586,0.00641143
1622,door_1,1816,0,0.107003,0.107004,0,0.00763028,0,0,0,4.10191,0.0434049,0.570703,0.7,2.10824,-3.2513,7.166,0,0.63017,0.0056123,0.00556847
1623,door_2,2150,0,0.0545734,0.0545735,0,0.016256,0,0,0,6.19596,0.0678518,0.68133,0.882621,2,-4.74848,9.23925,-0.014924,0.0285111,0.00519586,0.00641143
1623,door_1,1816,0,0.107003,0.107004,0,0.00763028,0,0,0,4.10191,0.0434049,0.570703,0.7,2.10824,-3.2513,7.166,0,0.63019,0.0056123,0.00556847
1624,door_2,2150,0,0.0545734,0.0545735,0,0.016256,0,0,0,6.19596,0.0678518,0.68133,0.882621,2,-4.74848,9.23925,-0.014924,0.0285111,0.00519586,0.00641143
1624,door_1,1816,0,0.107003,0.107004,0,0.00763028,0,0,0,4.10191,0.0434049,0.570703,0.7,2.10824,-3.2513,7.166,0,0.630209,0.0056123,0.00556847
1626,door_2,2150,0,0.0545734,0.0545735,0,0.016256,0,0,0,6.19596,0.0678518,0.68133,0.882621,2,-4.74848,9.23925,-0.014924,0.0285111,0.00519586,0.00641143
1626,door_1,1816,0,0.107003,0.107004,0,0.00763028,0,0,0,4.10191,0.0434049,0.570703,0.7,2.10824,-3.2513,7.166,0,0.630229,0.0056123,0.00556847
1627,door_2,2150,0,0.0545734,0.0545735,0,0.016256,0,0,0,6.19596,0.0678518,0.68133,0.882621,2,-4.74848,9.23925,-0.014924,0.0285111,0.00519586,0.00641143
1627,door_1,1816,0,0.107003,0.107004,0,0.00763028,0,0,0,4.10191,0.0434049,0.570703,0.7,2.10824,-3.2513,7.166,0,0.630249,0.0056123,0.00556847
1628,door_2,2150,0,0.0545734,0.0545735,0,0.016256,0,0,0,6.19596,0.0678518,0.68133,0.882621,2,-4.74848,9.23925,-0.014924,0.0285111,0.00519586,0.00641143
1628,door_1,1816,0,0.107003,0.107004,0,0.00763028,0,0,0,4.10191,0.0434049,0.570703,0.7,2.10824,-3.2513,7.166,0,0.630269,0.0056123,0.00556847
1629,door_2,2150,0,0.0545734,0.0545735,0,0.016256,0,0,0,6.19596,0.0678518,0.68133,0.882621,2,-4.74848,9.23925,-0.014924,0.0285111,0.00519586,0.00641143
1629,door_1,1816,0,0.107003,0.107004,0,0.00763028,0,0,0,4.10191,0.0434049,0.570703,0.7,2.10824,-3.2513,7.166,0,0.630289,0.0056123,0.00556847
1630,door_2,2150,0,0.0545734,0.0545735,0,0.016256,0,0,0,6.19596,0.0678518,0.68133,0.882621,2,-4.74848,9.23925,-0.014924,0.0285111,0.00519586,0.00641143
1630,door_1,1816,0,0.107003,0.107004,0,0.00763028,0,0,0,4.10191,0.0434049,0.570703,0.7,2.10824,-3.2513,7.166,0,0.630309,0.0056123,0.00556847
1631,door_2,2150,0,0.0545734,0.0545735,0,0.016256,0,0,0,6.19596,0.0678518,0.68133,0.882621,2,-4.74848,9.23925,-0.014924,0.0285111,0.00519586,0.00641143
1631,door_1,1816,0,0.107003,0.107004,0,0.00763028,0,0,0,4.10191,0.0434049,0.570703,0.7,2.10824,-3.2513,7.166,0,0.630328,0.0056123,0.00556847
1632,door_2,2150,0,0.0545734,0.0545735,0,0.016256,0,0,0,6.19596,0.0678518,0.68133,0.882621,2,-4.74848,9.23925,-0.014924,0.0285111,0.00519586,0.00641143
1632,door_1,1816,0,0.107003,0.107004,0,0.00763028,0,0,0,4.10191,0.0434049,0.570703,0.7,2.10824,-3.2513,7.166,0,0.630348,0.0056123,0.00556847
1633,door_2,2150,0,0.0545734,0.0545735,0,0.016256,0,0,0,6.19596,0.0678518,0.68133,0.882621,2,-4.74848,9.23925,-0.014924,0.0285111,0.00519586,0.00641143
1633,door_1,1816,0,0.107003,0.107004,0,0.00763028,0,0,0,4.10191,0.0434049,0.570703,0.7,2.10824,-3.2513,7.166,0,0.630368,0.0056123,0.00556847
1634,door_2,2150,0,0.0545734,0.0545735,0,0.016256,0,0,0,6.19596,0.0678518,0.68133,0.882621,2,-4.74848,9.23925,-0.014924,0.0285111,0.00519586,0.00641143
1634,door_1,1816,0,0.107003,0.107004,0,0.00763028,0,0,0,4.10191,0.0434049,0.570703,0.7,2.10824,-3.2513,7.166,0,0.630388,0.0056123,0.00556847
1635,door_2,2150,0,0.0545734,0.0545735,0,0.016256,0,0,0,6.19596,0.0678518,0.68133,0.882621,2,-4.74848,9.23925,-0.014924,0.0285111,0.00519586,0.00641143
1635,door_1,1816,0,0.107003,0.107004,0,0.00763028,0,0,0,4.10191,0.0434049,0.570703,0.7,2.10824,-3.2513,7.166,0,0.630408,0.0056123,0.00556847
1636,door_2,2150,0,0.0545734,0.0545735,0,0.016256,0,0,0,6.19596,0.0678518,0.68133,0.882621,2,-4.74848,9.23925,-0.014924,0.0285111,0.00519586,0.00641143
1636,door_1,1816,0,0.107003,0.107004,0,0.00763028,0,0,0,4.10191,0.0434049,0.570703,0.7,2.10824,-3.2513,7.166,0,0.630428,0.0056123,0.00556847
1637,door_2,2150,0,0.0545734,0.0545735,0,0.016256,0,0,0,6.19596,0.0678518,0.68133,0.882621,2,-4.74848,9.23925,-0.014924,0.0285111,0.00519586,0.00641143
1637,door_1,1816,0,0.107003,0.107004,0,0.00763028,0,0,0,4.10191,0.0434049,0.570703,0.7,2.10824,-3.2513,7.166,0,0.630447,0.0056123,0.00556847
1638,door_2,2150,0,0.0545734,0.0545735,0,0.016256,0,0,0,6.19596,0.0678518,0.68133,0.882621,2,-4.74848,9.23925,-0.014924,0.0285111,0.00519586,0.00641143
1638,door_1,1816,0,0.107003,0.107004,0,0.00763028,0,0,0,4.10191,0.0434049,0.570703,0.7,2.10824,-3.2513,7.166,0,0.630467,0.0056123,0.00556847
1639,door_2,2150,0,0.0545734,0.0545735,0,0.016256,0,0,0,6.19596,0.0678518,0.68133,0.882621,2,-4.74848,9.23925,-0.014924,0.0285111,0.00519586,0.00641143
1639,door_1,1816,0,0.107003,0.107004,0,0.00763028,0,0,0,4.10191,0.0434049,0.570703,0.7,2.10824,-3.2513,7.166,0,0.630487,0.0056123,0.00556847
1640,door_2,2150,0,0.0545734,0.0545735,0,0.016256,0,0,0,6.19596,0.0678518,0.68133,0.882621,2,-4.74848,9.23925,-0.014924,0.0285111,0.00519586,0.00641143
1640,door_1,1816,0,0.107003,0.107004,0,0.00763028,0,0,0,4.10191,0.0434049,0.570703,0.7,2.10824,-3.2513,7.166,0,0.630507,0.0056123,0.00556847
1641,door_2,2150,0,0.0545734,0.0545735,0,0.016256,0,0,0,6.19596,0.0678518,0.68133,0.882621,2,-4.74848,9.23925,-0.014924,0.0285111,0.00519586,0.00641143
1641,door_1,1816,0,0.107003,0.107004,0,0.00763028,0,0,0,4.10191,0.0434049,0.570703,0.7,2.10824,-3.2513,7.166,0,0.630527,0.0056123,0.00556847
1642,door_2,2150,0,0.0545734,0.0545735,0,0.016256,0,0,0,6.19596,0.0678518,0.68133,0.882621,2,-4.74848,9.23925,-0.014924,0.0285111,0.00519586,0.00641143
1642,door_1,1816,0,0.107003,0.107004,0,0.00763028,0,0,0,4.10191,0.0434049,0.570703,0.7,2.10824,-3.2513,7.166,0,0.630547,0.0056123,0.00556847
1643,door_2,2150,0,0.0545734,0.0545735,0,0.016256,0,0,0,6.19596,0.0678518,0.68133,0.882621,2,-4.74848,9.23925,-0.014924,0.0285111,0.00519586,0.00641143
1643,door_1,1816,0,0.107003,0.107004,0,0.00763028,0,0,0,4.10191,0.0434049,0.570703,0.7,2.10824,-3.2513,7.166,0,0.630566,0.0056123,0.00556847
1644,door_2,2150,0,0.0545734,0.0545735,0,0.016256,0,0,0,6.19596,0.0678518,0.68133,0.882621,2,-4.74848,9.23925,-0.014924,0.0285111,0.00519586,0.00641143
1644,door_1,1816,0,0.107003,0.107004,0,0.00763028,0,0,0,4.10191,0.0434049,0.570703,0.7,2.10824,-3.2513,7.166,0,0.630586,0.0056123,0.00556847
1645,door_2,2150,0,0.0545734,0.0545735,0,0.016256,0,0,0,6.19596,0.0678518,0.68133,0.882621,2,-4.74848,9.23925,-0.014924,0.0285111,0.00519586,0.00641143
1645,door_1,1816,0,0.107003,0.107004,0,0.00763028,0,0,0,4.10191,0.0434049,0.570703,0.7,2.10824,-3.2513,7.166,0,0.630606,0.0056123,0.00556847
1646,door_2,2150,0,0.0545734,0.0545735,0,0.016256,0,0,0,6.19596,0.0678518,0.68133,0.882621,2,-4.74848,9.23925,-0.014924,0.0285111,0.00519586,0.00641143
1646,door_1,1816,0,0.107003,0.107004,0,0.00763028,0,0,0,4.10191,0.0434049,0.570703,0.7,2.10824,-3.2513,7.166,0,0.630626,0.0056123,0.00556847
1647,door_2,2150,0,0.0545734,0.0545735,0,0.016256,0,0,0,6.19596,0.0678518,0.68133,0.882621,2,-4.74848,9.23925,-0.014924,0.0285111,0.00519586,0.00641143
1647,door_1,1816,0,0.107003,0.107004,0,0.00763028,0,0,0,4.10191,0.0434049,0.570703,0.7,2.10824,-3.2513,7.166,0,0.630646,0.0056123,0.00556847
1648,door_2,2150,0,0.0545734,0.0545735,0,0.016256,0,0,0,6.19596,0.0678518,0.68133,0.882621,2,-4.74848,9.23925,-0.014924,0.0285111,0.00519586,0.00641143
1648,door_1,1816,0,0.107003,0.107004,0,0.00763028,0,0,0,4.10191,0.0434049,0.570703,0.7,2.10824,-3.2513,7.166,0,0.630665,0.0056123,0.00556847
1649,door_2,2150,0,0.0545734,0.0545735,0,0.016256,0,0,0,6.19596,0.0678518,0.68133,0.882621,2,-4.74848,9.23925,-0.014924,0.0285111,0.00519586,0.00641143
1649,door_1,1816,0,0.107003,0.107004,0,0.00763028,0,0,0,4.10191,0.0434049,0.570703,0.7,2.10824,-3.2513,7.166,0,0.630685,0.0056123,0.00556847
1650,door_2,2150,0,0.0545734,0.0545735,0,0.016256,0,0,0,6.19596,0.0678518,0.68133,0.882621,2,-4.74848,9.23925,-0.014924,0.0285111,0.00519586,0.00641143
1650,door_1,1816,0,0.107003,0.107004,0,0.00763028,0,0,0,4.10191,0.0434049,0.570703,0.7,2.10824,-3.2513,7.166,0,0.630705,0.0056123,0.00556847
1652,door_2,2150,0,0.0545734,0.0545735,0,0.016256,0,0,0,6.19596,0.0678518,0.68133,0.882621,2,-4.74848,9.23925,-0.014924,0.0285111,0.00519586,0.00641143
1652,door_1,1816,0,0.107003,0.107004,0,0.00763028,0,0,0,4.10191,0.0434049,0.570703,0.7,2.10824,-3.2513,7.166,0,0.630725,0.0056123,0.00556847
1653,door_2,2150,0,0.0545734,0.0545735,0,0.016256,0,0,0,6.19596,0.0678518,0.68133,0.882621,2,-4.74848,9.23925,-0.014924,0.0285111,0.00519586,0.00641143
1653,door_1,1816,0,0.107003,0.107004,0,0.00763028,0,0,0,4.10191,0.0434049,0.570703,0.7,2.10824,-3.2513,7.166,0,0.630745,0.0056123,0.00556847
1654,door_2,2150,0,0.0545734,0.0545735,0,0.016256,0,0,0,6.19596,0.0678518,0.68133,0.882621,2,-4.74848,9.23925,-0.014924,0.0285111,0.00519586,0.00641143
1654,door_1,1816,0,0.107003,0.107004,0,0.00763028,0,0,0,4.10191,0.0434049,0.570703,0.7,2.10824,-3.2513,7.166,0,0.630765,0.0056123,0.00556847
1655,door_2,2150,0,0.0545734,0.0545735,0,0.016256,0,0,0,6.19596,0.0678518,0.68133,0.882621,2,-4.74848,9.23925,-0.014924,0.0285111,0.00519586,0.00641143
1655,door_1,1816,0,0.107003,0.107004,0,0.00763028,0,0,0,4.10191,0.0434049,0.570703,0.7,2.10824,-3.2513,7.166,0,0.630784,0.0056123,0.00556847
1656,door_2,2150,0,0.0545734,0.0545735,0,0.016256,0,0,0,6.19596,0.0678518,0.68133,0.882621,2,-4.74848,9.23925,-0.014924,0.0285111,0.00519586,0.00641143
1656,door_1,1816,0,0.107003,0.107004,0,0.00763028,0,0,0,4.10191,0.0434049,0.570703,0.7,2.10824,-3.2513,7.166,0,0.630804,0.0056123,0.00556847
1657,door_2,2150,0,0.0545734,0.0545735,0,0.016256,0,0,0,6.19596,0.0678518,0.68133,0.882621,2,-4.74848,9.23925,-0.014924,0.0285111,0.00519586,0.00641143
1657,door_1,1816,0,0.107003,0.107004,0,0.00763028,0,0,0,4.10191,0.0434049,0.570703,0.7,2.10824,-3.2513,7.166,0,0.630824,0.0056123,0.00556847
1658,door_2,2150,0,0.0545734,0.0545735,0,0.016256,0,0,0,6.19596,0.0678518,0.68133,0.882621,2,-4.74848,9.23925,-0.014924,0.0285111,0.00519586,0.00641143
1658,door_1,1816,0,0.107003,0.107004,0,0.00763028,0,0,0,4.10191,0.0434049,0.570703,0.7,2.10824,-3.2513,7.166,0,0.630844,0.0056123,0.00556847
1659,door_2,2150,0,0.0545734,0.0545735,0,0.016256,0,0,0,6.19596,0.0678518,0.68133,0.882621,2,-4.74848,9.23925,-0.014924,0.0285111,0.00519586,0.00641143
1659,door_1,1816,0,0.107003,0.107004,0,0.00763028,0,0,0,4.10191,0.0434049,0.570703,0.7,2.10824,-3.2513,7.166,0,0.630864,0.0056123,0.00556847
1660,door_2,2150,0,0.0545734,0.0545735,0,0.016256,0,0,0,6.19596,0.0678518,0.68133,0.882621,2,-4.74848,9.23925,-0.014924,0.0285111,0.00519586,0.00641143
1660,door_1,1816,0,0.107003,0.107004,0,0.00763028,0,0,0,4.10191,0.0434049,0.570703,0.7,2.10824,-3.2513,7.166,0,0.630884,0.0056123,0.00556847
1661,door_2,2150,0,0.0545734,0.0545735,0,0.016256,0,0,0,6.19596,0.0678518,0.68133,0.882621,2,-4.74848,9.23925,-0.014924,0.0285111,0.00519586,0.00641143
1661,door_1,1816,0,0.107003,0.107004,0,0.00763028,0,0,0,4.10191,0.0434049,0.570703,0.7,2.10824,-3.2513,7.166,0,0.630903,0.0056123,0.00556847
1662,door_2,2150,0,0.0545734,0.0545735,0,0.016256,0,0,0,6.19596,0.0678518,0.68133,0.882621,2,-4.74848,9.23925,-0.014924,0.0285111,0.00519586,0.00641143
1662,door_1,1816,0,0.107003,0.107004,0,0.00763028,0,0,0,4.10191,0.0434049,0.570703,0.7,2.10824,-3.2513,7.166,0,0.630923,0.0056123,0.00556847
1663,door_2,2150,0,0.0545734,0.0545735,0,0.016256,0,0,0,6.19596,0.0678518,0.68133,0.882621,2,-4.74848,9.23925,-0.014924,0.0285111,0.00519586,0.00641143
1663,door_1,1816,0,0.107003,0.107004,0,0.00763028,0,0,0,4.10191,0.0434049,0.570703,0.7,2.10824,-3.2513,7.166,0,0.630943,0.0056123,0.00556847
1664,door_2,2150,0,0.0545734,0.0545735,0,0.016256,0,0,0,6.19596,0.0678518,0.68133,0.882621,2,-4.74848,9.23925,-0.014924,0.0285111,0.00519586,0.00641143
1664,door_1,1816,0,0.107003,0.107004,0,0.00763028,0,0,0,4.10191,0.0434049,0.570703,0.7,2.10824,-3.2513,7.166,0,0.630963,0.0056123,0.00556847
1665,door_2,2150,0,0.0545734,0.0545735,0,0.016256,0,0,0,6.19596,0.0678518,0.68133,0.882621,2,-4.74848,9.23925,-0.014924,0.0285111,0.00519586,0.00641143
1665,door_1,1816,0,0.107003,0.107004,0,0.00763028,0,0,0,4.10191,0.0434049,0.570703,0.7,2.10824,-3.2513,7.166,0,0.630983,0.0056123,0.00556847
1666,door_2,2150,0,0.0545734,0.0545735,0,0.016256,0,0,0,6.19596,0.0678518,0.68133,0.882621,2,-4.74848,9.23925,-0.014924,0.0285111,0.00519586,0.00641143
1666,door_1,1816,0,0.107003,0.107004,0,0.00763028,0,0,0,4.10191,0.0434049,0.570703,0.7,2.10824,-3.2513,7.166,0,0.631002,0.0056123,0.00556847
1667,door_2,2150,0,0.0545734,0.0545735,0,0.016256,0,0,0,6.19596,0.0678518,0.68133,0.882621,2,-4.74848,9.23925,-0.014924,0.0285111,0.00519586,0.00641143
1667,door_1,1816,0,0.107003,0.107004,0,0.00763028,0,0,0,4.10191,0.0434049,0.570703,0.7,2.10824,-3.2513,7.166,0,0.631022,0.0056123,0.00556847
1668,door_2,2150,0,0.0545734,0.0545735,0,0.016256,0,0,0,6.19596,0.0678518,0.68133,0.882621,2,-4.74848,9.23925,-0.014924,0.0285111,0.00519586,0.00641143
1668,door_1,1816,0,0.107003,0.107004,0,0.00763028,0,0,0,4.10191,0.0434049,0.570703,0.7,2.10824,-3.2513,7.166,0,0.631042,0.0056123,0.00556847
1669,door_2,2150,0,0.0545734,0.0545735,0,0.016256,0,0,0,6.19596,0.0678518,0.68133,0.882621,2,-4.74848,9.23925,-0.014924,0.0285111,0.00519586,0.00641143
1669,door_1,1816,0,0.107003,0.107004,0,0.00763028,0,0,0,4.10191,0.0434049,0.570703,0.7,2.10824,-3.2513,7.166,0,0.631062,0.0056123,0.00556847
1670,door_2,2150,0,0.0545734,0.0545735,0,0.016256,0,0,0,6.19596,0.0678518,0.68133,0.882621,2,-4.74848,9.23925,-0.014924,0.0285111,0.00519586,0.00641143
1670,door_1,1816,0,0.107003,0.107004,0,0.00763028,0,0,0,4.10191,0.0434049,0.570703,0.7,2.10824,-3.2513,7.166,0,0.631082,0.0056123,0.00556847
1671,door_2,2150,0,0.0545734,0.0545735,0,0.016256,0,0,0,6.19596,0.0678518,0.68133,0.882621,2,-4.74848,9.23925,-0.014924,0.0285111,0.00519586,0.00641143
1671,door_1,1816,0,0.107003,0.107004,0,0.00763028,0,0,0,4.10191,0.0434049,0.570703,0.7,2.10824,-3.2513,7.166,0,0.631102,0.0056123,0.00556847
1672,door_2,2150,0,0.0545734,0.0545735,0,0.016256,0,0,0,6.19596,0.0678518,0.68133,0.882621,2,-4.74848,9.23925,-0.014924,0.0285111,0.00519586,0.00641143
1672,door_1,1816,0,0.107003,0.107004,0,0.00763028,0,0,0,4.10191,0.0434049,0.570703,0.7,2.10824,-3.2513,7.166,0,0.631121,0.0056123,0.00556847
1673,door_2,2150,0,0.0545734,0.0545735,0,0.016256,0,0,0,6.19596,0.0678518,0.68133,0.882621,2,-4.74848,9.23925,-0.014924,0.0285111,0.00519586,0.00641143
1673,door_1,1816,0,0.107003,0.107004,0,0.00763028,0,0,0,4.10191,0.0434049,0.570703,0.7,2.10824,-3.2513,7.166,0,0.631141,0.0056123,0.00556847
1674,door_2,2150,0,0.0545734,0.0545735,0,0.016256,0,0,0,6.19596,0.0678518,0.68133,0.882621,2,-4.74848,9.23925,-0.014924,0.0285111,0.00519586,0.00641143
1674,door_1,1816,0,0.107003,0.107004,0,0.00763028,0,0,0,4.10191,0.0434049,0.570703,0.7,2.10824,-3.2513,7.166,0,0.631161,0.0056123,0.00556847
1675,door_2,2150,0,0.0545734,0.0545735,0,0.016256,0,0,0,6.19596,0.0678518,0.68133,0.882621,2,-4.74848,9.23925,-0.014924,0.0285111,0.00519586,0.00641143
1675,door_1,1816,0,0.107003,0.107004,0,0.00763028,0,0,0,4.10191,0.0434049,0.570703,0.7,2.10824,-3.2513,7.166,0,0.631181,0.0056123,0.00556847
1676,door_2,2150,0,0.0545734,0.0545735,0,0.016256,0,0,0,6.19596,0.0678518,0.68133,0.882621,2,-4.74848,9.23925,-0.014924,0.0285111,0.00519586,0.00641143
1676,door_1,1816,0,0.107003,0.107004,0,0.00763028,0,0,0,4.10191,0.0434049,0.570703,0.7,2.10824,-3.2513,7.166,0,0.631201,0.0056123,0.00556847
1677,door_2,2150,0,0.0545734,0.0545735,0,0.016256,0,0,0,6.19596,0.0678518,0.68133,0.882621,2,-4.74848,9.23925,-0.014924,0.0285111,0.00519586,0.00641143
1677,door_1,1816,0,0.107003,0.107004,0,0.00763028,0,0,0,4.10191,0.0434049,0.570703,0.7,2.10824,-3.2513,7.166,0,0.63122,0.0056123,0.00556847
1678,door_2,2150,0,0.0545734,0.0545735,0,0.016256,0,0,0,6.19596,0.0678518,0.68133,0.882621,2,-4.74848,9.23925,-0.014924,0.0285111,0.00519586,0.00641143
1678,door_1,1816,0,0.107003,0.107004,0,0.00763028,0,0,0,4.10191,0.0434049,0.570703,0.7,2.10824,-3.2513,7.166,0,0.63124,0.0056123,0.00556847
1679,door_2,2150,0,0.0545734,0.0545735,0,0.016256,0,0,0,6.19596,0.0678518,0.68133,0.882621,2,-4.74848,9.23925,-0.014924,0.0285111,0.00519586,0.00641143
1679,door_1,1816,0,0.107003,0.107004,0,0.00763028,0,0,0,4.10191,0.0434049,0.570703,0.7,2.10824,-3.2513,7.166,0,0.63126,0.0056123,0.00556847
1680,door_2,2150,0,0.0545734,0.0545735,0,0.016256,0,0,0,6.19596,0.0678518,0.68133,0.882621,2,-4.74848,9.23925,-0.014924,0.0285111,0.00519586,0.00641143
1680,door_1,1816,0,0.107003,0.107004,0,0.00763028,0,0,0,4.10191,0.0434049,0.570703,0.7,2.10824,-3.2513,7.166,0,0.63128,0.0056123,0.00556847
1681,door_2,2150,0,0.0545734,0.0545735,0,0.016256,0,0,0,6.19596,0.0678518,0.68133,0.882621,2,-4.74848,9.23925,-0.014924,0.0285111,0.00519586,0.00641143
1681,door_1,1816,0,0.107003,0.107004,0,0.00763028,0,0,0,4.10191,0.0434049,0.570703,0.7,2.10824,-3.2513,7.166,0,0.6313,0.0056123,0.00556847
1682,door_2,2150,0,0.0545734,0.0545735,0,0.016256,0,0,0,6.19596,0.0678518,0.68133,0.882621,2,-4.74848,9.23925,-0.014924,0.0285111,0.00519586,0.00641143
1682,door_1,1816,0,0.107003,0.107004,0,0.00763028,0,0,0,4.10191,0.0434049,0.570703,0.7,2.10824,-3.2513,7.166,0,0.631319,0.0056123,0.00556847
1683,door_2,2150,0,0.0545734,0.0545735,0,0.016256,0,0,0,6.19596,0.0678518,0.68133,0.882621,2,-4.74848,9.23925,-0.014924,0.0285111,0.00519586,0.00641143
1683,door_1,1816,0,0.107003,0.107004,0,0.00763028,0,0,0,4.10191,0.0434049,0.570703,0.7,2.10824,-3.2513,7.166,0,0.631339,0.0056123,0.00556847
1684,door_2,2150,0,0.0545734,0.0545735,0,0.016256,0,0,0,6.19596,0.0678518,0.68133,0.882621,2,-4.74848,9.23925,-0.014924,0.0285111,0.00519586,0.00641143
1684,door_1,1816,0,0.107003,0.107004,0,0.00763028,0,0,0,4.10191,0.0434049,0.570703,0.7,2.10824,-3.2513,7.166,0,0.631359,0.0056123,0.00556847
1685,door_2,2150,0,0.0545734,0.0545735,0,0.016256,0,0,0,6.19596,0.0678518,0.68133,0.882621,2,-4.74848,9.23925,-0.014924,0.0285111,0.00519586,0.00641143
1685,door_1,1816,0,0.107003,0.107004,0,0.00763028,0,0,0,4.10191,0.0434049,0.570703,0.7,2.10824,-3.2513,7.166,0,0.631379,0.0056123,0.00556847
1686,door_2,2150,0,0.0545734,0.0545735,0,0.016256,0,0,0,6.19596,0.0678518,0.68133,0.882621,2,-4.74848,9.23925,-0.014924,0.0285111,0.00519586,0.00641143
1686,door_1,1816,0,0.107003,0.107004,0,0.00763028,0,0,0,4.10191,0.0434049,0.570703,0.7,2.10824,-3.2513,7.166,0,0.631399,0.0056123,0.00556847
1687,door_2,2150,0,0.0545734,0.0545735,0,0.016256,0,0,0,6.19596,0.0678518,0.68133,0.882621,2,-4.74848,9.23925,-0.014924,0.0285111,0.00519586,0.00641143
1687,door_1,1816,0,0.107003,0.107004,0,0.00763028,0,0,0,4.10191,0.0434049,0.570703,0.7,2.10824,-3.2513,7.166,0,0.631418,0.0056123,0.00556847
1688,door_2,2150,0,0.0545734,0.0545735,0,0.016256,0,0,0,6.19596,0.0678518,0.68133,0.882621,2,-4.74848,9.23925,-0.014924,0.0285111,0.00519586,0.00641143
1688,door_1,1816,0,0.107003,0.107004,0,0.00763028,0,0,0,4.10191,0.0434049,0.570703,0.7,2.10824,-3.2513,7.166,0,0.631438,0.0056123,0.00556847
1689,door_2,2150,0,0.0545734,0.0545735,0,0.016256,0,0,0,6.19596,0.0678518,0.68133,0.882621,2,-4.74848,9.23925,-0.014924,0.0285111,0.00519586,0.00641143
1689,door_1,1816,0,0.107003,0.107004,0,0.00763028,0,0,0,4.10191,0.0434049,0.570703,0.7,2.10824,-3.2513,7.166,0,0.631458,0.0056123,0.00556847
1690,door_2,2150,0,0.0545734,0.0545735,0,0.016256,0,0,0,6.19596,0.0678518,0.68133,0.882621,2,-4.74848,9.23925,-0.014924,0.0285111,0.00519586,0.00641143
1690,door_1,1816,0,0.107003,0.107004,0,0.00763028,0,0,0,4.10191,0.0434049,0.570703,0.7,2.10824,-3.2513,7.166,0,0.631478,0.0056123,0.00556847
1691,door_2,2150,0,0.0545734,0.0545735,0,0.016256,0,0,0,6.19596,0.0678518,0.68133,0.882621,2,-4.74848,9.23925,-0.014924,0.0285111,0.00519586,0.00641143
1691,door_1,1816,0,0.107003,0.107004,0,0.00763028,0,0,0,4.10191,0.0434049,0.570703,0.7,2.10824,-3.2513,7.166,0,0.631498,0.0056123,0.00556847
1692,door_2,2150,0,0.0545734,0.0545735,0,0.016256,0,0,0,6.19596,0.0678518,0.68133,0.882621,2,-4.74848,9.23925,-0.014924,0.0285111,0.00519586,0.00641143
1692,door_1,1816,0,0.107003,0.107004,0,0.00763028,0,0,0,4.10191,0.0434049,0.570703,0.7,2.10824,-3.2513,7.166,0,0.631517,0.0056123,0.00556847
1693,door_2,2150,0,0.0545734,0.0545735,0,0.016256,0,0,0,6.19596,0.0678518,0.68133,0.882621,2,-4.74848,9.23925,-0.014924,0.0285111,0.00519586,0.00641143
1693,door_1,1816,0,0.107003,0.107004,0,0.00763028,0,0,0,4.10191,0.0434049,0.570703,0.7,2.10824,-3.2513,7.166,0,0.631537,0.0056123,0.00556847
1694,door_2,2150,0,0.0545734,0.0545735,0,0.016256,0,0,0,6.19596,0.0678518,0.68133,0.882621,2,-4.74848,9.23925,-0.014924,0.0285111,0.00519586,0.00641143
1694,door_1,1816,0,0.107003,0.107004,0,0.00763028,0,0,0,4.10191,0.0434049,0.570703,0.7,2.10824,-3.2513,7.166,0,0.631557,0.0056123,0.00556847
1695,door_2,2150,0,0.0545734,0.0545735,0,0.016256,0,0,0,6.19596,0.0678518,0.68133,0.882621,2,-4.74848,9.23925,-0.014924,0.0285111,0.00519586,0.00641143
1695,door_1,1816,0,0.107003,0.107004,0,0.00763028,0,0,0,4.10191,0.0434049,0.570703,0.7,2.10824,-3.2513,7.166,0,0.631577,0.0056123,0.00556847
1696,door_2,2150,0,0.0545734,0.0545735,0,0.016256,0,0,0,6.19596,0.0678518,0.68133,0.882621,2,-4.74848,9.23925,-0.014924,0.0285111,0.00519586,0.00641143
1696,door_1,1816,0,0.107003,0.107004,0,0.00763028,0,0,0,4.10191,0.0434049,0.570703,0.7,2.10824,-3.2513,7.166,0,0.631597,0.0056123,0.00556847
1697,door_2,2150,0,0.0545734,0.0545735,0,0.016256,0,0,0,6.19596,0.0678518,0.68133,0.882621,2,-4.74848,9.23925,-0.014924,0.0285111,0.00519586,0.00641143
1697,door_1,1816,0,0.107003,0.107004,0,0.00763028,0,0,0,4.10191,0.0434049,0.570703,0.7,2.10824,-3.2513,7.166,0,0.631616,0.0056123,0.00556847
1698,door_2,2150,0,0.0545734,0.0545735,0,0.016256,0,0,0,6.19596,0.0678518,0.68133,0.882621,2,-4.74848,9.23925,-0.014924,0.0285111,0.00519586,0.00641143
1698,door_1,1816,0,0.107003,0.107004,0,0.00763028,0,0,0,4.10191,0.0434049,0.570703,0.7,2.10824,-3.2513,7.166,0,0.631636,0.0056123,0.00556847
1699,door_2,2150,0,0.0545734,0.0545735,0,0.016256,0,0,0,6.19596,0.0678518,0.68133,0.882621,2,-4.74848,9.23925,-0.014924,0.0285111,0.00519586,0.00641143
1699,door_1,1816,0,0.107003,0.107004,0,0.00763028,0,0,0,4.10191,0.0434049,0.570703,0.7,2.10824,-3.2513,7.166,0,0.631656,0.0056123,0.00556847
1700,door_2,2150,0,0.0545734,0.0545735,0,0.016256,0,0,0,6.19596,0.0678518,0.68133,0.882621,2,-4.74848,9.23925,-0.014924,0.0285111,0.00519586,0.00641143
1700,door_1,1816,0,0.107003,0.107004,0,0.00763028,0,0,0,4.10191,0.0434049,0.570703,0.7,2.10824,-3.2513,7.166,0,0.631676,0.0056123,0.00556847
1701,door_2,2150,0,0.0545734,0.0545735,0,0.016256,0,0,0,6.19596,0.0678518,0.68133,0.882621,2,-4.74848,9.23925,-0.014924,0.0285111,0.00519586,0.00641143
1701,door_1,1816,0,0.107003,0.107004,0,0.00763028,0,0,0,4.10191,0.0434049,0.570703,0.7,2.10824,-3.2513,7.166,0,0.631696,0.0056123,0.00556847
1702,door_2,2150,0,0.0545734,0.0545735,0,0.016256,0,0,0,6.19596,0.0678518,0.68133,0.882621,2,-4.74848,9.23925,-0.014924,0.0285111,0.00519586,0.00641143
1702,door_1,1816,0,0.107003,0.107004,0,0.00763028,0,0,0,4.10191,0.0434049,0.570703,0.7,2.10824,-3.2513,7.166,0,0.631715,0.0056123,0.00556847
1703,door_2,2150,0,0.0545734,0.0545735,0,0.016256,0,0,0,6.19596,0.0678518,0.68133,0.882621,2,-4.74848,9.23925,-0.014924,0.0285111,0.00519586,0.00641143
1703,door_1,1816,0,0.107003,0.107004,0,0.00763028,0,0,0,4.10191,0.0434049,0.570703,0.7,2.10824,-3.2513,7.166,0,0.631735,0.0056123,0.00556847
1704,door_2,2150,0,0.0545734,0.0545735,0,0.016256,0,0,0,6.19596,0.0678518,0.68133,0.882621,2,-4.74848,9.23925,-0.014924,0.0285111,0.00519586,0.00641143
1704,door_1,1816,0,0.107003,0.107004,0,0.00763028,0,0,0,4.10191,0.0434049,0.570703,0.7,2.10824,-3.2513,7.166,0,0.631755,0.0056123,0.00556847
1705,door_2,2150,0,0.0545734,0.0545735,0,0.016256,0,0,0,6.19596,0.0678518,0.68133,0.882621,2,-4.74848,9.23925,-0.014924,0.0285111,0.00519586,0.00641143
1705,door_1,1816,0,0.107003,0.107004,0,0.00763028,0,0,0,4.10191,0.0434049,0.570703,0.7,2.10824,-3.2513,7.166,0,0.631775,0.0056123,0.00556847
1707,door_2,2150,0,0.0545734,0.0545735,0,0.016256,0,0,0,6.19596,0.0678518,0.68133,0.882621,2,-4.74848,9.23925,-0.014924,0.0285111,0.00519586,0.00641143
1707,door_1,1816,0,0.107003,0.107004,0,0.00763028,0,0,0,4.10191,0.0434049,0.570703,0.7,2.10824,-3.2513,7.166,0,0.631795,0.0056123,0.00556847
1708,door_2,2150,0,0.0545734,0.0545735,0,0.016256,0,0,0,6.19596,0.0678518,0.68133,0.882621,2,-4.74848,9.23925,-0.014924,0.0285111,0.00519586,0.00641143
1708,door_1,1816,0,0.107003,0.107004,0,0.00763028,0,0,0,4.10191,0.0434049,0.570703,0.7,2.10824,-3.2513,7.166,0,0.631814,0.0056123,0.00556847
1709,door_2,2150,0,0.0545734,0.0545735,0,0.016256,0,0,0,6.19596,0.0678518,0.68133,0.882621,2,-4.74848,9.23925,-0.014924,0.0285111,0.00519586,0.00641143
1709,door_1,1816,0,0.107003,0.107004,0,0.00763028,0,0,0,4.10191,0.0434049,0.570703,0.7,2.10824,-3.2513,7.166,0,0.631834,0.0056123,0.00556847
1710,door_2,2150,0,0.0545734,0.0545735,0,0.016256,0,0,0,6.19596,0.0678518,0.68133,0.882621,2,-4.74848,9.23925,-0.014924,0.0285111,0.00519586,0.00641143
1710,door_1,1816,0,0.107003,0.107004,0,0.00763028,0,0,0,4.10191,0.0434049,0.570703,0.7,2.10824,-3.2513,7.166,0,0.631854,0.0056123,0.00556847
1711,door_2,2150,0,0.0545734,0.0545735,0,0.016256,0,0,0,6.19596,0.0678518,0.68133,0.882621,2,-4.74848,9.23925,-0.014924,0.0285111,0.00519586,0.00641143
1711,door_1,1816,0,0.107003,0.107004,0,0.00763028,0,0,0,4.10191,0.0434049,0.570703,0.7,2.10824,-3.2513,7.166,0,0.631874,0.0056123,0.00556847
1712,door_2,2150,0,0.0545734,0.0545735,0,0.016256,0,0,0,6.19596,0.0678518,0.68133,0.882621,2,-4.74848,9.23925,-0.014924,0.0285111,0.00519586,0.00641143
1712,door_1,1816,0,0.107003,0.107004,0,0.00763028,0,0,0,4.10191,0.0434049,0.570703,0.7,2.10824,-3.2513,7.166,0,0.631893,0.0056123,0.00556847
1713,door_2,2150,0,0.0545734,0.0545735,0,0.016256,0,0,0,6.19596,0.0678518,0.68133,0.882621,2,-4.74848,9.23925,-0.014924,0.0285111,0.00519586,0.00641143
1713,door_1,1816,0,0.107003,0.107004,0,0.00763028,0,0,0,4.10191,0.0434049,0.570703,0.7,2.10824,-3.2513,7.166,0,0.631913,0.0056123,0.00556847
1714,door_2,2150,0,0.0545734,0.0545735,0,0.016256,0,0,0,6.19596,0.0678518,0.68133,0.882621,2,-4.74848,9.23925,-0.014924,0.0285111,0.00519586,0.00641143
1714,door_1,1816,0,0.107003,0.107004,0,0.00763028,0,0,0,4.10191,0.0434049,0.570703,0.7,2.10824,-3.2513,7.166,0,0.631933,0.0056123,0.00556847
1715,door_2,2150,0,0.0545734,0.0545735,0,0.016256,0,0,0,6.19596,0.0678518,0.68133,0.882621,2,-4.74848,9.23925,-0.014924,0.0285111,0.00519586,0.00641143
1715,door_1,1816,0,0.107003,0.107004,0,0.00763028,0,0,0,4.10191,0.0434049,0.570703,0.7,2.10824,-3.2513,7.166,0,0.631953,0.0056123,0.00556847
1716,door_2,2150,0,0.0545734,0.0545735,0,0.016256,0,0,0,6.19596,0.0678518,0.68133,0.882621,2,-4.74848,9.23925,-0.014924,0.0285111,0.00519586,0.00641143
1716,door_1,1816,0,0.107003,0.107004,0,0.00763028,0,0,0,4.10191,0.0434049,0.570703,0.7,2.10824,-3.2513,7.166,0,0.631973,0.0056123,0.00556847
1717,door_2,2150,0,0.0545734,0.0545735,0,0.016256,0,0,0,6.19596,0.0678518,0.68133,0.882621,2,-4.74848,9.23925,-0.014924,0.0285111,0.00519586,0.00641143
1717,door_1,1816,0,0.107003,0.107004,0,0.00763028,0,0,0,4.10191,0.0434049,0.570703,0.7,2.10824,-3.2513,7.166,0,0.631992,0.0056123,0.00556847
1718,door_2,2150,0,0.0545734,0.0545735,0,0.016256,0,0,0,6.19596,0.0678518,0.68133,0.882621,2,-4.74848,9.23925,-0.014924,0.0285111,0.00519586,0.00641143
1718,door_1,1816,0,0.107003,0.107004,0,0.00763028,0,0,0,4.10191,0.0434049,0.570703,0.7,2.10824,-3.2513,7.166,0,0.632012,0.0056123,0.00556847
1719,door_2,2150,0,0.0545734,0.0545735,0,0.016256,0,0,0,6.19596,0.0678518,0.68133,0.882621,2,-4.74848,9.23925,-0.014924,0.0285111,0.00519586,0.00641143
1719,door_1,1816,0,0.107003,0.107004,0,0.00763028,0,0,0,4.10191,0.0434049,0.570703,0.7,2.10824,-3.2513,7.166,0,0.632032,0.0056123,0.00556847
1720,door_2,2150,0,0.0545734,0.0545735,0,0.016256,0,0,0,6.19596,0.0678518,0.68133,0.882621,2,-4.74848,9.23925,-0.014924,0.0285111,0.00519586,0.00641143
1720,door_1,1816,0,0.107003,0.107004,0,0.00763028,0,0,0,4.10191,0.0434049,0.570703,0.7,2.10824,-3.2513,7.166,0,0.632052,0.0056123,0.00556847
1721,door_2,2150,0,0.0545734,0.0545735,0,0.016256,0,0,0,6.19596,0.0678518,0.68133,0.882621,2,-4.74848,9.23925,-0.014924,0.0285111,0.00519586,0.00641143
1721,door_1,1816,0,0.107003,0.107004,0,0.00763028,0,0,0,4.10191,0.0434049,0.570703,0.7,2.10824,-3.2513,7.166,0,0.632072,0.0056123,0.00556847
1722,door_2,2150,0,0.0545734,0.0545735,0,0.016256,0,0,0,6.19596,0.0678518,0.68133,0.882621,2,-4.74848,9.23925,-0.014924,0.0285111,0.00519586,0.00641143
1722,door_1,1816,0,0.107003,0.107004,0,0.00763028,0,0,0,4.10191,0.0434049,0.570703,0.7,2.10824,-3.2513,7.166,0,0.632091,0.0056123,0.00556847
1724,door_2,2150,0,0.0545734,0.0545735,0,0.016256,0,0,0,6.19596,0.0678518,0.68133,0.882621,2,-4.74848,9.23925,-0.014924,0.0285111,0.00519586,0.00641143
1724,door_1,1816,0,0.107003,0.107004,0,0.00763028,0,0,0,4.10191,0.0434049,0.570703,0.7,2.10824,-3.2513,7.166,0,0.632111,0.0056123,0.00556847
1725,door_2,2150,0,0.0545734,0.0545735,0,0.016256,0,0,0,6.19596,0.0678518,0.68133,0.882621,2,-4.74848,9.23925,-0.014924,0.0285111,0.00519586,0.00641143
1725,door_1,1816,0,0.107003,0.107004,0,0.00763028,0,0,0,4.10191,0.0434049,0.570703,0.7,2.10824,-3.2513,7.166,0,0.632131,0.0056123,0.00556847
1727,door_2,2150,0,0.0545734,0.0545735,0,0.016256,0,0,0,6.19596,0.0678518,0.68133,0.882621,2,-4.74848,9.23925,-0.014924,0.0285111,0.00519586,0.00641143
1727,door_1,1816,0,0.107003,0.107004,0,0.00763028,0,0,0,4.10191,0.0434049,0.570703,0.7,2.10824,-3.2513,7.166,0,0.632151,0.0056123,0.00556847
1728,door_2,2150,0,0.0545734,0.0545735,0,0.016256,0,0,0,6.19596,0.0678518,0.68133,0.882621,2,-4.74848,9.23925,-0.014924,0.0285111,0.00519586,0.00641143
1728,door_1,1816,0,0.107003,0.107004,0,0.00763028,0,0,0,4.10191,0.0434049,0.570703,0.7,2.10824,-3.2513,7.166,0,0.63217,0.0056123,0.00556847
1729,door_2,2150,0,0.0545734,0.0545735,0,0.016256,0,0,0,6.19596,0.0678518,0.68133,0.882621,2,-4.74848,9.23925,-0.014924,0.0285111,0.00519586,0.00641143
1729,door_1,1816,0,0.107003,0.107004,0,0.00763028,0,0,0,4.10191,0.0434049,0.570703,0.7,2.10824,-3.2513,7.166,0,0.63219,0.0056123,0.00556847
1730,door_2,2150,0,0.0545734,0.0545735,0,0.016256,0,0,0,6.19596,0.0678518,0.68133,0.882621,2,-4.74848,9.23925,-0.014924,0.0285111,0.00519586,0.00641143
1730,door_1,1816,0,0.107003,0.107004,0,0.00763028,0,0,0,4.10191,0.0434049,0.570703,0.7,2.10824,-3.2513,7.166,0,0.63221,0.0056123,0.00556847
1732,door_2,2150,0,0.0545734,0.0545735,0,0.016256,0,0,0,6.19596,0.0678518,0.68133,0.882621,2,-4.74848,9.23925,-0.014924,0.0285111,0.00519586,0.00641143
1732,door_1,1816,0,0.107003,0.107004,0,0.00763028,0,0,0,4.10191,0.0434049,0.570703,0.7,2.10824,-3.2513,7.166,0,0.63223,0.0056123,0.00556847
1733,door_2,2150,0,0.0545734,0.0545735,0,0.016256,0,0,0,6.19596,0.0678518,0.68133,0.882621,2,-4.74848,9.23925,-0.014924,0.0285111,0.00519586,0.00641143
1733,door_1,1816,0,0.107003,0.107004,0,0.00763028,0,0,0,4.10191,0.0434049,0.570703,0.7,2.10824,-3.2513,7.166,0,0.63225,0.0056123,0.00556847
1734,door_2,2150,0,0.0545734,0.0545735,0,0.016256,0,0,0,6.19596,0.0678518,0.68133,0.882621,2,-4.74848,9.23925,-0.014924,0.0285111,0.00519586,0.00641143
1734,door_1,1816,0,0.107003,0.107004,0,0.00763028,0,0,0,4.10191,0.0434049,0.570703,0.7,2.10824,-3.2513,7.166,0,0.632269,0.0056123,0.00556847
1735,door_2,2150,0,0.0545734,0.0545735,0,0.016256,0,0,0,6.19596,0.0678518,0.68133,0.882621,2,-4.74848,9.23925,-0.014924,0.0285111,0.00519586,0.00641143
1735,door_1,1816,0,0.107003,0.107004,0,0.00763028,0,0,0,4.10191,0.0434049,0.570703,0.7,2.10824,-3.2513,7.166,0,0.632289,0.0056123,0.00556847
1736,door_2,2150,0,0.0545734,0.0545735,0,0.016256,0,0,0,6.19596,0.0678518,0.68133,0.882621,2,-4.74848,9.23925,-0.014924,0.0285111,0.00519586,0.00641143
1736,door_1,1816,0,0.107003,0.107004,0,0.00763028,0,0,0,4.10191,0.0434049,0.570703,0.7,2.10824,-3.2513,7.166,0,0.632309,0.0056123,0.00556847
1737,door_2,2150,0,0.0545734,0.0545735,0,0.016256,0,0,0,6.19596,0.0678518,0.68133,0.882621,2,-4.74848,9.23925,-0.014924,0.0285111,0.00519586,0.00641143
1737,door_1,1816,0,0.107003,0.107004,0,0.00763028,0,0,0,4.10191,0.0434049,0.570703,0.7,2.10824,-3.2513,7.166,0,0.632329,0.0056123,0.00556847
1738,door_2,2150,0,0.0545734,0.0545735,0,0.016256,0,0,0,6.19596,0.0678518,0.68133,0.882621,2,-4.74848,9.23925,-0.014924,0.0285111,0.00519586,0.00641143
1738,door_1,1816,0,0.107003,0.107004,0,0.00763028,0,0,0,4.10191,0.0434049,0.570703,0.7,2.10824,-3.2513,7.166,0,0.632348,0.0056123,0.00556847
1739,door_2,2150,0,0.0545734,0.0545735,0,0.016256,0,0,0,6.19596,0.0678518,0.68133,0.882621,2,-4.74848,9.23925,-0.014924,0.0285111,0.00519586,0.00641143
1739,door_1,1816,0,0.107003,0.107004,0,0.00763028,0,0,0,4.10191,0.0434049,0.570703,0.7,2.10824,-3.2513,7.166,0,0.632368,0.0056123,0.00556847
1740,door_2,2150,0,0.0545734,0.0545735,0,0.016256,0,0,0,6.19596,0.0678518,0.68133,0.882621,2,-4.74848,9.23925,-0.014924,0.0285111,0.00519586,0.00641143
1740,door_1,1816,0,0.107003,0.107004,0,0.00763028,0,0,0,4.10191,0.0434049,0.570703,0.7,2.10824,-3.2513,7.166,0,0.632388,0.0056123,0.00556847
1741,door_2,2150,0,0.0545734,0.0545735,0,0.016256,0,0,0,6.19596,0.0678518,0.68133,0.882621,2,-4.74848,9.23925,-0.014924,0.0285111,0.00519586,0.00641143
1741,door_1,1816,0,0.107003,0.107004,0,0.00763028,0,0,0,4.10191,0.0434049,0.570703,0.7,2.10824,-3.2513,7.166,0,0.632408,0.0056123,0.00556847
1742,door_2,2150,0,0.0545734,0.0545735,0,0.016256,0,0,0,6.19596,0.0678518,0.68133,0.882621,2,-4.74848,9.23925,-0.014924,0.0285111,0.00519586,0.00641143
1742,door_1,1816,0,0.107003,0.107004,0,0.00763028,0,0,0,4.10191,0.0434049,0.570703,0.7,2.10824,-3.2513,7.166,0,0.632427,0.0056123,0.00556847
1743,door_2,2150,0,0.0545734,0.0545735,0,0.016256,0,0,0,6.19596,0.0678518,0.68133,0.882621,2,-4.74848,9.23925,-0.014924,0.0285111,0.00519586,0.00641143
1743,door_1,1816,0,0.107003,0.107004,0,0.00763028,0,0,0,4.10191,0.0434049,0.570703,0.7,2.10824,-3.2513,7.166,0,0.632447,0.0056123,0.00556847
1744,door_2,2150,0,0.0545734,0.0545735,0,0.016256,0,0,0,6.19596,0.0678518,0.68133,0.882621,2,-4.74848,9.23925,-0.014924,0.0285111,0.00519586,0.00641143
1744,door_1,1816,0,0.107003,0.107004,0,0.00763028,0,0,0,4.10191,0.0434049,0.570703,0.7,2.10824,-3.2513,7.166,0,0.632467,0.0056123,0.00556847
1745,door_2,2150,0,0.0545734,0.0545735,0,0.016256,0,0,0,6.19596,0.0678518,0.68133,0.882621,2,-4.74848,9.23925,-0.014924,0.0285111,0.00519586,0.00641143
1745,door_1,1816,0,0.107003,0.107004,0,0.00763028,0,0,0,4.10191,0.0434049,0.570703,0.7,2.10824,-3.2513,7.166,0,0.632487,0.0056123,0.00556847
1746,door_2,2150,0,0.0545734,0.0545735,0,0.016256,0,0,0,6.19596,0.0678518,0.68133,0.882621,2,-4.74848,9.23925,-0.014924,0.0285111,0.00519586,0.00641143
1746,door_1,1816,0,0.107003,0.107004,0,0.00763028,0,0,0,4.10191,0.0434049,0.570703,0.7,2.10824,-3.2513,7.166,0,0.632506,0.0056123,0.00556847
1747,door_2,2150,0,0.0545734,0.0545735,0,0.016256,0,0,0,6.19596,0.0678518,0.68133,0.882621,2,-4.74848,9.23925,-0.014924,0.0285111,0.00519586,0.00641143
1747,door_1,1816,0,0.107003,0.107004,0,0.00763028,0,0,0,4.10191,0.0434049,0.570703,0.7,2.10824,-3.2513,7.166,0,0.632526,0.0056123,0.00556847
1748,door_2,2150,0,0.0545734,0.0545735,0,0.016256,0,0,0,6.19596,0.0678518,0.68133,0.882621,2,-4.74848,9.23925,-0.014924,0.0285111,0.00519586,0.00641143
1748,door_1,1816,0,0.107003,0.107004,0,0.00763028,0,0,0,4.10191,0.0434049,0.570703,0.7,2.10824,-3.2513,7.166,0,0.632546,0.0056123,0.00556847
1749,door_2,2150,0,0.0545734,0.0545735,0,0.016256,0,0,0,6.19596,0.0678518,0.68133,0.882621,2,-4.74848,9.23925,-0.014924,0.0285111,0.00519586,0.00641143
1749,door_1,1816,0,0.107003,0.107004,0,0.00763028,0,0,0,4.10191,0.0434049,0.570703,0.7,2.10824,-3.2513,7.166,0,0.632566,0.0056123,0.00556847
1750,door_2,2150,0,0.0545734,0.0545735,0,0.016256,0,0,0,6.19596,0.0678518,0.68133,0.882621,2,-4.74848,9.23925,-0.014924,0.0285111,0.00519586,0.00641143
1750,door_1,1816,0,0.107003,0.107004,0,0.00763028,0,0,0,4.10191,0.0434049,0.570703,0.7,2.10824,-3.2513,7.166,0,0.632586,0.0056123,0.00556847
1751,door_2,2150,0,0.0545734,0.0545735,0,0.016256,0,0,0,6.19596,0.0678518,0.68133,0.882621,2,-4.74848,9.23925,-0.014924,0.0285111,0.00519586,0.00641143
1751,door_1,1816,0,0.107003,0.107004,0,0.00763028,0,0,0,4.10191,0.0434049,0.570703,0.7,2.10824,-3.2513,7.166,0,0.632605,0.0056123,0.00556847
1752,door_2,2150,0,0.0545734,0.0545735,0,0.016256,0,0,0,6.19596,0.0678518,0.68133,0.882621,2,-4.74848,9.23925,-0.014924,0.0285111,0.00519586,0.00641143
1752,door_1,1816,0,0.107003,0.107004,0,0.00763028,0,0,0,4.10191,0.0434049,0.570703,0.7,2.10824,-3.2513,7.166,0,0.632625,0.0056123,0.00556847
1753,door_2,2150,0,0.0545734,0.0545735,0,0.016256,0,0,0,6.19596,0.0678518,0.68133,0.882621,2,-4.74848,9.23925,-0.014924,0.0285111,0.00519586,0.00641143
1753,door_1,1816,0,0.107003,0.107004,0,0.00763028,0,0,0,4.10191,0.0434049,0.570703,0.7,2.10824,-3.2513,7.166,0,0.632645,0.0056123,0.00556847
1754,door_2,2150,0,0.0545734,0.0545735,0,0.016256,0,0,0,6.19596,0.0678518,0.68133,0.882621,2,-4.74848,9.23925,-0.014924,0.0285111,0.00519586,0.00641143
1754,door_1,1816,0,0.107003,0.107004,0,0.00763028,0,0,0,4.10191,0.0434049,0.570703,0.7,2.10824,-3.2513,7.166,0,0.632665,0.0056123,0.00556847
1755,door_2,2150,0,0.0545734,0.0545735,0,0.016256,0,0,0,6.19596,0.0678518,0.68133,0.882621,2,-4.74848,9.23925,-0.014924,0.0285111,0.00519586,0.00641143
1755,door_1,1816,0,0.107003,0.107004,0,0.00763028,0,0,0,4.10191,0.0434049,0.570703,0.7,2.10824,-3.2513,7.166,0,0.632684,0.0056123,0.00556847
1756,door_2,2150,0,0.0545734,0.0545735,0,0.016256,0,0,0,6.19596,0.0678518,0.68133,0.882621,2,-4.74848,9.23925,-0.014924,0.0285111,0.00519586,0.00641143
1756,door_1,1816,0,0.107003,0.107004,0,0.00763028,0,0,0,4.10191,0.0434049,0.570703,0.7,2.10824,-3.2513,7.166,0,0.632704,0.0056123,0.00556847
1757,door_2,2150,0,0.0545734,0.0545735,0,0.016256,0,0,0,6.19596,0.0678518,0.68133,0.882621,2,-4.74848,9.23925,-0.014924,0.0285111,0.00519586,0.00641143
1757,door_1,1816,0,0.107003,0.107004,0,0.00763028,0,0,0,4.10191,0.0434049,0.570703,0.7,2.10824,-3.2513,7.166,0,0.632724,0.0056123,0.00556847
1758,door_2,2150,0,0.0545734,0.0545735,0,0.016256,0,0,0,6.19596,0.0678518,0.68133,0.882621,2,-4.74848,9.23925,-0.014924,0.0285111,0.00519586,0.00641143
1758,door_1,1816,0,0.107003,0.107004,0,0.00763028,0,0,0,4.10191,0.0434049,0.570703,0.7,2.10824,-3.2513,7.166,0,0.632744,0.0056123,0.00556847
1759,door_2,2150,0,0.0545734,0.0545735,0,0.016256,0,0,0,6.19596,0.0678518,0.68133,0.882621,2,-4.74848,9.23925,-0.014924,0.0285111,0.00519586,0.00641143
1759,door_1,1816,0,0.107003,0.107004,0,0.00763028,0,0,0,4.10191,0.0434049,0.570703,0.7,2.10824,-3.2513,7.166,0,0.632763,0.0056123,0.00556847
1760,door_2,2150,0,0.0545734,0.0545735,0,0.016256,0,0,0,6.19596,0.0678518,0.68133,0.882621,2,-4.74848,9.23925,-0.014924,0.0285111,0.00519586,0.00641143
1760,door_1,1816,0,0.107003,0.107004,0,0.00763028,0,0,0,4.10191,0.0434049,0.570703,0.7,2.10824,-3.2513,7.166,0,0.632783,0.0056123,0.00556847
1761,door_2,2150,0,0.0545734,0.0545735,0,0.016256,0,0,0,6.19596,0.0678518,0.68133,0.882621,2,-4.74848,9.23925,-0.014924,0.0285111,0.00519586,0.00641143
1761,door_1,1816,0,0.107003,0.107004,0,0.00763028,0,0,0,4.10191,0.0434049,0.570703,0.7,2.10824,-3.2513,7.166,0,0.632803,0.0056123,0.00556847
1762,door_2,2150,0,0.0545734,0.0545735,0,0.016256,0,0,0,6.19596,0.0678518,0.68133,0.882621,2,-4.74848,9.23925,-0.014924,0.0285111,0.00519586,0.00641143
1762,door_1,1816,0,0.107003,0.107004,0,0.00763028,0,0,0,4.10191,0.0434049,0.570703,0.7,2.10824,-3.2513,7.166,0,0.632823,0.0056123,0.00556847
1763,door_2,2150,0,0.0545734,0.0545735,0,0.016256,0,0,0,6.19596,0.0678518,0.68133,0.882621,2,-4.74848,9.23925,-0.014924,0.0285111,0.00519586,0.00641143
1763,door_1,1816,0,0.107003,0.107004,0,0.00763028,0,0,0,4.10191,0.0434049,0.570703,0.7,2.10824,-3.2513,7.166,0,0.632842,0.0056123,0.00556847
1764,door_2,2150,0,0.0545734,0.0545735,0,0.016256,0,0,0,6.19596,0.0678518,0.68133,0.882621,2,-4.74848,9.23925,-0.014924,0.0285111,0.00519586,0.00641143
1764,door_1,1816,0,0.107003,0.107004,0,0.00763028,0,0,0,4.10191,0.0434049,0.570703,0.7,2.10824,-3.2513,7.166,0,0.632862,0.0056123,0.00556847
1765,door_2,2150,0,0.0545734,0.0545735,0,0.016256,0,0,0,6.19596,0.0678518,0.68133,0.882621,2,-4.74848,9.23925,-0.014924,0.0285111,0.00519586,0.00641143
1765,door_1,1816,0,0.107003,0.107004,0,0.00763028,0,0,0,4.10191,0.0434049,0.570703,0.7,2.10824,-3.2513,7.166,0,0.632882,0.0056123,0.00556847
1766,door_2,2150,0,0.0545734,0.0545735,0,0.016256,0,0,0,6.19596,0.0678518,0.68133,0.882621,2,-4.74848,9.23925,-0.014924,0.0285111,0.00519586,0.00641143
1766,door_1,1816,0,0.107003,0.107004,0,0.00763028,0,0,0,4.10191,0.0434049,0.570703,0.7,2.10824,-3.2513,7.166,0,0.632902,0.0056123,0.00556847
1767,door_2,2150,0,0.0545734,0.0545735,0,0.016256,0,0,0,6.19596,0.0678518,0.68133,0.882621,2,-4.74848,9.23925,-0.014924,0.0285111,0.00519586,0.00641143
1767,door_1,1816,0,0.107003,0.107004,0,0.00763028,0,0,0,4.10191,0.0434049,0.570703,0.7,2.10824,-3.2513,7.166,0,0.632921,0.0056123,0.00556847
1769,door_2,2150,0,0.0545734,0.0545735,0,0.016256,0,0,0,6.19596,0.0678518,0.68133,0.882621,2,-4.74848,9.23925,-0.014924,0.0285111,0.00519586,0.00641143
1769,door_1,1816,0,0.107003,0.107004,0,0.00763028,0,0,0,4.10191,0.0434049,0.570703,0.7,2.10824,-3.2513,7.166,0,0.632941,0.0056123,0.00556847
1770,door_2,2150,0,0.0545734,0.0545735,0,0.016256,0,0,0,6.19596,0.0678518,0.68133,0.882621,2,-4.74848,9.23925,-0.014924,0.0285111,0.00519586,0.00641143
1770,door_1,1816,0,0.107003,0.107004,0,0.00763028,0,0,0,4.10191,0.0434049,0.570703,0.7,2.10824,-3.2513,7.166,0,0.632961,0.0056123,0.00556847
1771,door_2,2150,0,0.0545734,0.0545735,0,0.016256,0,0,0,6.19596,0.0678518,0.68133,0.882621,2,-4.74848,9.23925,-0.014924,0.0285111,0.00519586,0.00641143
1771,door_1,1816,0,0.107003,0.107004,0,0.00763028,0,0,0,4.10191,0.0434049,0.570703,0.7,2.10824,-3.2513,7.166,0,0.632981,0.0056123,0.00556847
1773,door_2,2150,0,0.0545734,0.0545735,0,0.016256,0,0,0,6.19596,0.0678518,0.68133,0.882621,2,-4.74848,9.23925,-0.014924,0.0285111,0.00519586,0.00641143
1773,door_1,1816,0,0.107003,0.107004,0,0.00763028,0,0,0,4.10191,0.0434049,0.570703,0.7,2.10824,-3.2513,7.166,0,0.633,0.0056123,0.00556847
1774,door_2,2150,0,0.0545734,0.0545735,0,0.016256,0,0,0,6.19596,0.0678518,0.68133,0.882621,2,-4.74848,9.23925,-0.014924,0.0285111,0.00519586,0.00641143
1774,door_1,1816,0,0.107003,0.107004,0,0.00763028,0,0,0,4.10191,0.0434049,0.570703,0.7,2.10824,-3.2513,7.166,0,0.63302,0.0056123,0.00556847
1775,door_2,2150,0,0.0545734,0.0545735,0,0.016256,0,0,0,6.19596,0.0678518,0.68133,0.882621,2,-4.74848,9.23925,-0.014924,0.0285111,0.00519586,0.00641143
1775,door_1,1816,0,0.107003,0.107004,0,0.00763028,0,0,0,4.10191,0.0434049,0.570703,0.7,2.10824,-3.2513,7.166,0,0.63304,0.0056123,0.00556847
1776,door_2,2150,0,0.0545734,0.0545735,0,0.016256,0,0,0,6.19596,0.0678518,0.68133,0.882621,2,-4.74848,9.23925,-0.014924,0.0285111,0.00519586,0.00641143
1776,door_1,1816,0,0.107003,0.107004,0,0.00763028,0,0,0,4.10191,0.0434049,0.570703,0.7,2.10824,-3.2513,7.166,0,0.63306,0.0056123,0.00556847
1777,door_2,2150,0,0.0545734,0.0545735,0,0.016256,0,0,0,6.19596,0.0678518,0.68133,0.882621,2,-4.74848,9.23925,-0.014924,0.0285111,0.00519586,0.00641143
1777,door_1,1816,0,0.107003,0.107004,0,0.00763028,0,0,0,4.10191,0.0434049,0.570703,0.7,2.10824,-3.2513,7.166,0,0.633079,0.0056123,0.00556847
1778,door_2,2150,0,0.0545734,0.0545735,0,0.016256,0,0,0,6.19596,0.0678518,0.68133,0.882621,2,-4.74848,9.23925,-0.014924,0.0285111,0.00519586,0.00641143
1778,door_1,1816,0,0.107003,0.107004,0,0.00763028,0,0,0,4.10191,0.0434049,0.570703,0.7,2.10824,-3.2513,7.166,0,0.633099,0.0056123,0.00556847
1779,door_2,2150,0,0.0545734,0.0545735,0,0.016256,0,0,0,6.19596,0.0678518,0.68133,0.882621,2,-4.74848,9.23925,-0.014924,0.0285111,0.00519586,0.00641143
1779,door_1,1816,0,0.107003,0.107004,0,0.00763028,0,0,0,4.10191,0.0434049,0.570703,0.7,2.10824,-3.2513,7.166,0,0.633119,0.0056123,0.00556847
1780,door_2,2150,0,0.0545734,0.0545735,0,0.016256,0,0,0,6.19596,0.0678518,0.68133,0.882621,2,-4.74848,9.23925,-0.014924,0.0285111,0.00519586,0.00641143
1780,door_1,1816,0,0.107003,0.107004,0,0.00763028,0,0,0,4.10191,0.0434049,0.570703,0.7,2.10824,-3.2513,7.166,0,0.633139,0.0056123,0.00556847
1781,door_2,2150,0,0.0545734,0.0545735,0,0.016256,0,0,0,6.19596,0.0678518,0.68133,0.882621,2,-4.74848,9.23925,-0.014924,0.0285111,0.00519586,0.00641143
1781,door_1,1816,0,0.107003,0.107004,0,0.00763028,0,0,0,4.10191,0.0434049,0.570703,0.7,2.10824,-3.2513,7.166,0,0.633158,0.0056123,0.00556847
1782,door_2,2150,0,0.0545734,0.0545735,0,0.016256,0,0,0,6.19596,0.0678518,0.68133,0.882621,2,-4.74848,9.23925,-0.014924,0.0285111,0.00519586,0.00641143
1782,door_1,1816,0,0.107003,0.107004,0,0.00763028,0,0,0,4.10191,0.0434049,0.570703,0.7,2.10824,-3.2513,7.166,0,0.633178,0.0056123,0.00556847
1783,door_2,2150,0,0.0545734,0.0545735,0,0.016256,0,0,0,6.19596,0.0678518,0.68133,0.882621,2,-4.74848,9.23925,-0.014924,0.0285111,0.00519586,0.00641143
1783,door_1,1816,0,0.107003,0.107004,0,0.00763028,0,0,0,4.10191,0.0434049,0.570703,0.7,2.10824,-3.2513,7.166,0,0.633198,0.0056123,0.00556847
1784,door_2,2150,0,0.0545734,0.0545735,0,0.016256,0,0,0,6.19596,0.0678518,0.68133,0.882621,2,-4.74848,9.23925,-0.014924,0.0285111,0.00519586,0.00641143
1784,door_1,1816,0,0.107003,0.107004,0,0.00763028,0,0,0,4.10191,0.0434049,0.570703,0.7,2.10824,-3.2513,7.166,0,0.633218,0.0056123,0.00556847
1785,door_2,2150,0,0.0545734,0.0545735,0,0.016256,0,0,0,6.19596,0.0678518,0.68133,0.882621,2,-4.74848,9.23925,-0.014924,0.0285111,0.00519586,0.00641143
1785,door_1,1816,0,0.107003,0.107004,0,0.00763028,0,0,0,4.10191,0.0434049,0.570703,0.7,2.10824,-3.2513,7.166,0,0.633237,0.0056123,0.00556847
1786,door_2,2150,0,0.0545734,0.0545735,0,0.016256,0,0,0,6.19596,0.0678518,0.68133,0.882621,2,-4.74848,9.23925,-0.014924,0.0285111,0.00519586,0.00641143
1786,door_1,1816,0,0.107003,0.107004,0,0.00763028,0,0,0,4.10191,0.0434049,0.570703,0.7,2.10824,-3.2513,7.166,0,0.633257,0.0056123,0.00556847
1787,door_2,2150,0,0.0545734,0.0545735,0,0.016256,0,0,0,6.19596,0.0678518,0.68133,0.882621,2,-4.74848,9.23925,-0.014924,0.0285111,0.00519586,0.00641143
1787,door_1,1816,0,0.107003,0.107004,0,0.00763028,0,0,0,4.10191,0.0434049,0.570703,0.7,2.10824,-3.2513,7.166,0,0.633277,0.0056123,0.00556847
1788,door_2,2150,0,0.0545734,0.0545735,0,0.016256,0,0,0,6.19596,0.0678518,0.68133,0.882621,2,-4.74848,9.23925,-0.014924,0.0285111,0.00519586,0.00641143
1788,door_1,1816,0,0.107003,0.107004,0,0.00763028,0,0,0,4.10191,0.0434049,0.570703,0.7,2.10824,-3.2513,7.166,0,0.633297,0.0056123,0.00556847
1789,door_2,2150,0,0.0545734,0.0545735,0,0.016256,0,0,0,6.19596,0.0678518,0.68133,0.882621,2,-4.74848,9.23925,-0.014924,0.0285111,0.00519586,0.00641143
1789,door_1,1816,0,0.107003,0.107004,0,0.00763028,0,0,0,4.10191,0.0434049,0.570703,0.7,2.10824,-3.2513,7.166,0,0.633316,0.0056123,0.00556847
1790,door_2,2150,0,0.0545734,0.0545735,0,0.016256,0,0,0,6.19596,0.0678518,0.68133,0.882621,2,-4.74848,9.23925,-0.014924,0.0285111,0.00519586,0.00641143
1790,door_1,1816,0,0.107003,0.107004,0,0.00763028,0,0,0,4.10191,0.0434049,0.570703,0.7,2.10824,-3.2513,7.166,0,0.633336,0.0056123,0.00556847
1791,door_2,2150,0,0.0545734,0.0545735,0,0.016256,0,0,0,6.19596,0.0678518,0.68133,0.882621,2,-4.74848,9.23925,-0.014924,0.0285111,0.00519586,0.00641143
1791,door_1,1816,0,0.107003,0.107004,0,0.00763028,0,0,0,4.10191,0.0434049,0.570703,0.7,2.10824,-3.2513,7.166,0,0.633356,0.0056123,0.00556847
1792,door_2,2150,0,0.0545734,0.0545735,0,0.016256,0,0,0,6.19596,0.0678518,0.68133,0.882621,2,-4.74848,9.23925,-0.014924,0.0285111,0.00519586,0.00641143
1792,door_1,1816,0,0.107003,0.107004,0,0.00763028,0,0,0,4.10191,0.0434049,0.570703,0.7,2.10824,-3.2513,7.166,0,0.633376,0.0056123,0.00556847
1793,door_2,2150,0,0.0545734,0.0545735,0,0.016256,0,0,0,6.19596,0.0678518,0.68133,0.882621,2,-4.74848,9.23925,-0.014924,0.0285111,0.00519586,0.00641143
1793,door_1,1816,0,0.107003,0.107004,0,0.00763028,0,0,0,4.10191,0.0434049,0.570703,0.7,2.10824,-3.2513,7.166,0,0.633395,0.0056123,0.00556847
1794,door_2,2150,0,0.0545734,0.0545735,0,0.016256,0,0,0,6.19596,0.0678518,0.68133,0.882621,2,-4.74848,9.23925,-0.014924,0.0285111,0.00519586,0.00641143
1794,door_1,1816,0,0.107003,0.107004,0,0.00763028,0,0,0,4.10191,0.0434049,0.570703,0.7,2.10824,-3.2513,7.166,0,0.633415,0.0056123,0.00556847
1795,door_2,2150,0,0.0545734,0.0545735,0,0.016256,0,0,0,6.19596,0.0678518,0.68133,0.882621,2,-4.74848,9.23925,-0.014924,0.0285111,0.00519586,0.00641143
1795,door_1,1816,0,0.107003,0.107004,0,0.00763028,0,0,0,4.10191,0.0434049,0.570703,0.7,2.10824,-3.2513,7.166,0,0.633435,0.0056123,0.00556847
1796,door_2,2150,0,0.0545734,0.0545735,0,0.016256,0,0,0,6.19596,0.0678518,0.68133,0.882621,2,-4.74848,9.23925,-0.014924,0.0285111,0.00519586,0.00641143
1796,door_1,1816,0,0.107003,0.107004,0,0.00763028,0,0,0,4.10191,0.0434049,0.570703,0.7,2.10824,-3.2513,7.166,0,0.633455,0.0056123,0.00556847
1797,door_2,2150,0,0.0545734,0.0545735,0,0.016256,0,0,0,6.19596,0.0678518,0.68133,0.882621,2,-4.74848,9.23925,-0.014924,0.0285111,0.00519586,0.00641143
1797,door_1,1816,0,0.107003,0.107004,0,0.00763028,0,0,0,4.10191,0.0434049,0.570703,0.7,2.10824,-3.2513,7.166,0,0.633474,0.0056123,0.00556847
1798,door_2,2150,0,0.0545734,0.0545735,0,0.016256,0,0,0,6.19596,0.0678518,0.68133,0.882621,2,-4.74848,9.23925,-0.014924,0.0285111,0.00519586,0.00641143
1798,door_1,1816,0,0.107003,0.107004,0,0.00763028,0,0,0,4.10191,0.0434049,0.570703,0.7,2.10824,-3.2513,7.166,0,0.633494,0.0056123,0.00556847
1799,door_2,2150,0,0.0545734,0.0545735,0,0.016256,0,0,0,6.19596,0.0678518,0.68133,0.882621,2,-4.74848,9.23925,-0.014924,0.0285111,0.00519586,0.00641143
1799,door_1,1816,0,0.107003,0.107004,0,0.00763028,0,0,0,4.10191,0.0434049,0.570703,0.7,2.10824,-3.2513,7.166,0,0.633514,0.0056123,0.00556847
1800,door_2,2150,0,0.0545734,0.0545735,0,0.016256,0,0,0,6.19596,0.0678518,0.68133,0.882621,2,-4.74848,9.23925,-0.014924,0.0285111,0.00519586,0.00641143
1800,door_1,1816,0,0.107003,0.107004,0,0.00763028,0,0,0,4.10191,0.0434049,0.570703,0.7,2.10824,-3.2513,7.166,0,0.633533,0.0056123,0.00556847
1801,door_2,2150,0,0.0545734,0.0545735,0,0.016256,0,0,0,6.19596,0.0678518,0.68133,0.882621,2,-4.74848,9.23925,-0.014924,0.0285111,0.00519586,0.00641143
1801,door_1,1816,0,0.107003,0.107004,0,0.00763028,0,0,0,4.10191,0.0434049,0.570703,0.7,2.10824,-3.2513,7.166,0,0.633553,0.0056123,0.00556847
1802,door_2,2150,0,0.0545734,0.0545735,0,0.016256,0,0,0,6.19596,0.0678518,0.68133,0.882621,2,-4.74848,9.23925,-0.014924,0.0285111,0.00519586,0.00641143
1802,door_1,1816,0,0.107003,0.107004,0,0.00763028,0,0,0,4.10191,0.0434049,0.570703,0.7,2.10824,-3.2513,7.166,0,0.633573,0.0056123,0.00556847
1804,door_2,2150,0,0.0545734,0.0545735,0,0.016256,0,0,0,6.19596,0.0678518,0.68133,0.882621,2,-4.74848,9.23925,-0.014924,0.0285111,0.00519586,0.00641143
1804,door_1,1816,0,0.107003,0.107004,0,0.00763028,0,0,0,4.10191,0.0434049,0.570703,0.7,2.10824,-3.2513,7.166,0,0.633593,0.0056123,0.00556847
1805,door_2,2150,0,0.0545734,0.0545735,0,0.016256,0,0,0,6.19596,0.0678518,0.68133,0.882621,2,-4.74848,9.23925,-0.014924,0.0285111,0.00519586,0.00641143
1805,door_1,1816,0,0.107003,0.107004,0,0.00763028,0,0,0,4.10191,0.0434049,0.570703,0.7,2.10824,-3.2513,7.166,0,0.633612,0.0056123,0.00556847
1806,door_2,2150,0,0.0545734,0.0545735,0,0.016256,0,0,0,6.19596,0.0678518,0.68133,0.882621,2,-4.74848,9.23925,-0.014924,0.0285111,0.00519586,0.00641143
1806,door_1,1816,0,0.107003,0.107004,0,0.00763028,0,0,0,4.10191,0.0434049,0.570703,0.7,2.10824,-3.2513,7.166,0,0.633632,0.0056123,0.00556847
1807,door_2,2150,0,0.0545734,0.0545735,0,0.016256,0,0,0,6.19596,0.0678518,0.68133,0.882621,2,-4.74848,9.23925,-0.014924,0.0285111,0.00519586,0.00641143
1807,door_1,1816,0,0.107003,0.107004,0,0.00763028,0,0,0,4.10191,0.0434049,0.570703,0.7,2.10824,-3.2513,7.166,0,0.633652,0.0056123,0.00556847
1809,door_2,2150,0,0.0545734,0.0545735,0,0.016256,0,0,0,6.19596,0.0678518,0.68133,0.882621,2,-4.74848,9.23925,-0.014924,0.0285111,0.00519586,0.00641143
1809,door_1,1816,0,0.107003,0.107004,0,0.00763028,0,0,0,4.10191,0.0434049,0.570703,0.7,2.10824,-3.2513,7.166,0,0.633671,0.0056123,0.00556847
1811,door_2,2150,0,0.0545734,0.0545735,0,0.016256,0,0,0,6.19596,0.0678518,0.68133,0.882621,2,-4.74848,9.23925,-0.014924,0.0285111,0.00519586,0.00641143
1811,door_1,1816,0,0.107003,0.107004,0,0.00763028,0,0,0,4.10191,0.0434049,0.570703,0.7,2.10824,-3.2513,7.166,0,0.633691,0.0056123,0.00556847
1813,door_2,2150,0,0.0545734,0.0545735,0,0.016256,0,0,0,6.19596,0.0678518,0.68133,0.882621,2,-4.74848,9.23925,-0.014924,0.0285111,0.00519586,0.00641143
1813,door_1,1816,0,0.107003,0.107004,0,0.00763028,0,0,0,4.10191,0.0434049,0.570703,0.7,2.10824,-3.2513,7.166,0,0.633711,0.0056123,0.00556847
1814,door_2,2150,0,0.0545734,0.0545735,0,0.016256,0,0,0,6.19596,0.0678518,0.68133,0.882621,2,-4.74848,9.23925,-0.014924,0.0285111,0.00519586,0.00641143
1814,door_1,1816,0,0.107003,0.107004,0,0.00763028,0,0,0,4.10191,0.0434049,0.570703,0.7,2.10824,-3.2513,7.166,0,0.633731,0.0056123,0.00556847
1815,door_2,2150,0,0.0545734,0.0545735,0,0.016256,0,0,0,6.19596,0.0678518,0.68133,0.882621,2,-4.74848,9.23925,-0.014924,0.0285111,0.00519586,0.00641143
1815,door_1,1816,0,0.107003,0.107004,0,0.00763028,0,0,0,4.10191,0.0434049,0.570703,0.7,2.10824,-3.2513,7.166,0,0.63375,0.0056123,0.00556847
1816,door_2,2150,0,0.0545734,0.0545735,0,0.016256,0,0,0,6.19596,0.0678518,0.68133,0.882621,2,-4.74848,9.23925,-0.014924,0.0285111,0.00519586,0.00641143
1816,door_1,1816,0,0.107003,0.107004,0,0.00763028,0,0,0,4.10191,0.0434049,0.570703,0.7,2.10824,-3.2513,7.166,0,0.63377,0.0056123,0.00556847
1818,door_2,2150,0,0.0545734,0.0545735,0,0.016256,0,0,0,6.19596,0.0678518,0.68133,0.882621,2,-4.74848,9.23925,-0.014924,0.0285111,0.00519586,0.00641143
1818,door_1,1816,0,0.107003,0.107004,0,0.00763028,0,0,0,4.10191,0.0434049,0.570703,0.7,2.10824,-3.2513,7.166,0,0.63379,0.0056123,0.00556847
1820,door_2,2150,0,0.0545734,0.0545735,0,0.016256,0,0,0,6.19596,0.0678518,0.68133,0.882621,2,-4.74848,9.23925,-0.014924,0.0285111,0.00519586,0.00641143
1820,door_1,1816,0,0.107003,0.107004,0,0.00763028,0,0,0,4.10191,0.0434049,0.570703,0.7,2.10824,-3.2513,7.166,0,0.63381,0.0056123,0.00556847
1821,door_2,2150,0,0.0545734,0.0545735,0,0.016256,0,0,0,6.19596,0.0678518,0.68133,0.882621,2,-4.74848,9.23925,-0.014924,0.0285111,0.00519586,0.00641143
1821,door_1,1816,0,0.107003,0.107004,0,0.00763028,0,0,0,4.10191,0.0434049,0.570703,0.7,2.10824,-3.2513,7.166,0,0.633829,0.0056123,0.00556847
1823,door_2,2150,0,0.0545734,0.0545735,0,0.016256,0,0,0,6.19596,0.0678518,0.68133,0.882621,2,-4.74848,9.23925,-0.014924,0.0285111,0.00519586,0.00641143
1823,door_1,1816,0,0.107003,0.107004,0,0.00763028,0,0,0,4.10191,0.0434049,0.570703,0.7,2.10824,-3.2513,7.166,0,0.633849,0.0056123,0.00556847
1824,door_2,2150,0,0.0545734,0.0545735,0,0.016256,0,0,0,6.19596,0.0678518,0.68133,0.882621,2,-4.74848,9.23925,-0.014924,0.0285111,0.00519586,0.00641143
1824,door_1,1816,0,0.107003,0.107004,0,0.00763028,0,0,0,4.10191,0.0434049,0.570703,0.7,2.10824,-3.2513,7.166,0,0.633869,0.0056123,0.00556847
1825,door_2,2150,0,0.0545734,0.0545735,0,0.016256,0,0,0,6.19596,0.0678518,0.68133,0.882621,2,-4.74848,9.23925,-0.014924,0.0285111,0.00519586,0.00641143
1825,door_1,1816,0,0.107003,0.107004,0,0.00763028,0,0,0,4.10191,0.0434049,0.570703,0.7,2.10824,-3.2513,7.166,0,0.633889,0.0056123,0.00556847
1826,door_2,2150,0,0.0545734,0.0545735,0,0.016256,0,0,0,6.19596,0.0678518,0.68133,0.882621,2,-4.74848,9.23925,-0.014924,0.0285111,0.00519586,0.00641143
1826,door_1,1816,0,0.107003,0.107004,0,0.00763028,0,0,0,4.10191,0.0434049,0.570703,0.7,2.10824,-3.2513,7.166,0,0.633908,0.0056123,0.00556847
1827,door_2,2150,0,0.0545734,0.0545735,0,0.016256,0,0,0,6.19596,0.0678518,0.68133,0.882621,2,-4.74848,9.23925,-0.014924,0.0285111,0.00519586,0.00641143
1827,door_1,1816,0,0.107003,0.107004,0,0.00763028,0,0,0,4.10191,0.0434049,0.570703,0.7,2.10824,-3.2513,7.166,0,0.633928,0.0056123,0.00556847
1828,door_2,2150,0,0.0545734,0.0545735,0,0.016256,0,0,0,6.19596,0.0678518,0.68133,0.882621,2,-4.74848,9.23925,-0.014924,0.0285111,0.00519586,0.00641143
1828,door_1,1816,0,0.107003,0.107004,0,0.00763028,0,0,0,4.10191,0.0434049,0.570703,0.7,2.10824,-3.2513,7.166,0,0.633948,0.0056123,0.00556847
1829,door_2,2150,0,0.0545734,0.0545735,0,0.016256,0,0,0,6.19596,0.0678518,0.68133,0.882621,2,-4.74848,9.23925,-0.014924,0.0285111,0.00519586,0.00641143
1829,door_1,1816,0,0.107003,0.107004,0,0.00763028,0,0,0,4.10191,0.0434049,0.570703,0.7,2.10824,-3.2513,7.166,0,0.633967,0.0056123,0.00556847
1830,door_2,2150,0,0.0545734,0.0545735,0,0.016256,0,0,0,6.19596,0.0678518,0.68133,0.882621,2,-4.74848,9.23925,-0.014924,0.0285111,0.00519586,0.00641143
1830,door_1,1816,0,0.107003,0.107004,0,0.00763028,0,0,0,4.10191,0.0434049,0.570703,0.7,2.10824,-3.2513,7.166,0,0.633987,0.0056123,0.00556847
1831,door_2,2150,0,0.0545734,0.0545735,0,0.016256,0,0,0,6.19596,0.0678518,0.68133,0.882621,2,-4.74848,9.23925,-0.014924,0.0285111,0.00519586,0.00641143
1831,door_1,1816,0,0.107003,0.107004,0,0.00763028,0,0,0,4.10191,0.0434049,0.570703,0.7,2.10824,-3.2513,7.166,0,0.634007,0.0056123,0.00556847
1832,door_2,2150,0,0.0545734,0.0545735,0,0.016256,0,0,0,6.19596,0.0678518,0.68133,0.882621,2,-4.74848,9.23925,-0.014924,0.0285111,0.00519586,0.00641143
1832,door_1,1816,0,0.107003,0.107004,0,0.00763028,0,0,0,4.10191,0.0434049,0.570703,0.7,2.10824,-3.2513,7.166,0,0.634027,0.0056123,0.00556847
1833,door_2,2150,0,0.0545734,0.0545735,0,0.016256,0,0,0,6.19596,0.0678518,0.68133,0.882621,2,-4.74848,9.23925,-0.014924,0.0285111,0.00519586,0.00641143
1833,door_1,1816,0,0.107003,0.107004,0,0.00763028,0,0,0,4.10191,0.0434049,0.570703,0.7,2.10824,-3.2513,7.166,0,0.634046,0.0056123,0.00556847
1834,door_2,2150,0,0.0545734,0.0545735,0,0.016256,0,0,0,6.19596,0.0678518,0.68133,0.882621,2,-4.74848,9.23925,-0.014924,0.0285111,0.00519586,0.00641143
1834,door_1,1816,0,0.107003,0.107004,0,0.00763028,0,0,0,4.10191,0.0434049,0.570703,0.7,2.10824,-3.2513,7.166,0,0.634066,0.0056123,0.00556847
1835,door_2,2150,0,0.0545734,0.0545735,0,0.016256,0,0,0,6.19596,0.0678518,0.68133,0.882621,2,-4.74848,9.23925,-0.014924,0.0285111,0.00519586,0.00641143
1835,door_1,1816,0,0.107003,0.107004,0,0.00763028,0,0,0,4.10191,0.0434049,0.570703,0.7,2.10824,-3.2513,7.166,0,0.634086,0.0056123,0.00556847
1836,door_2,2150,0,0.0545734,0.0545735,0,0.016256,0,0,0,6.19596,0.0678518,0.68133,0.882621,2,-4.74848,9.23925,-0.014924,0.0285111,0.00519586,0.00641143
1836,door_1,1816,0,0.107003,0.107004,0,0.00763028,0,0,0,4.10191,0.0434049,0.570703,0.7,2.10824,-3.2513,7.166,0,0.634106,0.0056123,0.00556847
1837,door_2,2150,0,0.0545734,0.0545735,0,0.016256,0,0,0,6.19596,0.0678518,0.68133,0.882621,2,-4.74848,9.23925,-0.014924,0.0285111,0.00519586,0.00641143
1837,door_1,1816,0,0.107003,0.107004,0,0.00763028,0,0,0,4.10191,0.0434049,0.570703,0.7,2.10824,-3.2513,7.166,0,0.634125,0.0056123,0.00556847
1838,door_2,2150,0,0.0545734,0.0545735,0,0.016256,0,0,0,6.19596,0.0678518,0.68133,0.882621,2,-4.74848,9.23925,-0.014924,0.0285111,0.00519586,0.00641143
1838,door_1,1816,0,0.107003,0.107004,0,0.00763028,0,0,0,4.10191,0.0434049,0.570703,0.7,2.10824,-3.2513,7.166,0,0.634145,0.0056123,0.00556847
1839,door_2,2150,0,0.0545734,0.0545735,0,0.016256,0,0,0,6.19596,0.0678518,0.68133,0.882621,2,-4.74848,9.23925,-0.014924,0.0285111,0.00519586,0.00641143
1839,door_1,1816,0,0.107003,0.107004,0,0.00763028,0,0,0,4.10191,0.0434049,0.570703,0.7,2.10824,-3.2513,7.166,0,0.634165,0.0056123,0.00556847
1840,door_2,2150,0,0.0545734,0.0545735,0,0.016256,0,0,0,6.19596,0.0678518,0.68133,0.882621,2,-4.74848,9.23925,-0.014924,0.0285111,0.00519586,0.00641143
1840,door_1,1816,0,0.107003,0.107004,0,0.00763028,0,0,0,4.10191,0.0434049,0.570703,0.7,2.10824,-3.2513,7.166,0,0.634184,0.0056123,0.00556847
1841,door_2,2150,0,0.0545734,0.0545735,0,0.016256,0,0,0,6.19596,0.0678518,0.68133,0.882621,2,-4.74848,9.23925,-0.014924,0.0285111,0.00519586,0.00641143
1841,door_1,1816,0,0.107003,0.107004,0,0.00763028,0,0,0,4.10191,0.0434049,0.570703,0.7,2.10824,-3.2513,7.166,0,0.634204,0.0056123,0.00556847
1842,door_2,2150,0,0.0545734,0.0545735,0,0.016256,0,0,0,6.19596,0.0678518,0.68133,0.882621,2,-4.74848,9.23925,-0.014924,0.0285111,0.00519586,0.00641143
1842,door_1,1816,0,0.107003,0.107004,0,0.00763028,0,0,0,4.10191,0.0434049,0.570703,0.7,2.10824,-3.2513,7.166,0,0.634224,0.0056123,0.00556847
1843,door_2,2150,0,0.0545734,0.0545735,0,0.016256,0,0,0,6.19596,0.0678518,0.68133,0.882621,2,-4.74848,9.23925,-0.014924,0.0285111,0.00519586,0.00641143
1843,door_1,1816,0,0.107003,0.107004,0,0.00763028,0,0,0,4.10191,0.0434049,0.570703,0.7,2.10824,-3.2513,7.166,0,0.634244,0.0056123,0.00556847
1844,door_2,2150,0,0.0545734,0.0545735,0,0.016256,0,0,0,6.19596,0.0678518,0.68133,0.882621,2,-4.74848,9.23925,-0.014924,0.0285111,0.00519586,0.00641143
1844,door_1,1816,0,0.107003,0.107004,0,0.00763028,0,0,0,4.10191,0.0434049,0.570703,0.7,2.10824,-3.2513,7.166,0,0.634263,0.0056123,0.00556847
1845,door_2,2150,0,0.0545734,0.0545735,0,0.016256,0,0,0,6.19596,0.0678518,0.68133,0.882621,2,-4.74848,9.23925,-0.014924,0.0285111,0.00519586,0.00641143
1845,door_1,1816,0,0.107003,0.107004,0,0.00763028,0,0,0,4.10191,0.0434049,0.570703,0.7,2.10824,-3.2513,7.166,0,0.634283,0.0056123,0.00556847
1846,door_2,2150,0,0.0545734,0.0545735,0,0.016256,0,0,0,6.19596,0.0678518,0.68133,0.882621,2,-4.74848,9.23925,-0.014924,0.0285111,0.00519586,0.00641143
1846,door_1,1816,0,0.107003,0.107004,0,0.00763028,0,0,0,4.10191,0.0434049,0.570703,0.7,2.10824,-3.2513,7.166,0,0.634303,0.0056123,0.00556847
1847,door_2,2150,0,0.0545734,0.0545735,0,0.016256,0,0,0,6.19596,0.0678518,0.68133,0.882621,2,-4.74848,9.23925,-0.014924,0.0285111,0.00519586,0.00641143
1847,door_1,1816,0,0.107003,0.107004,0,0.00763028,0,0,0,4.10191,0.0434049,0.570703,0.7,2.10824,-3.2513,7.166,0,0.634322,0.0056123,0.00556847
1848,door_2,2150,0,0.0545734,0.0545735,0,0.016256,0,0,0,6.19596,0.0678518,0.68133,0.882621,2,-4.74848,9.23925,-0.014924,0.0285111,0.00519586,0.00641143
1848,door_1,1816,0,0.107003,0.107004,0,0.00763028,0,0,0,4.10191,0.0434049,0.570703,0.7,2.10824,-3.2513,7.166,0,0.634342,0.0056123,0.00556847
1849,door_2,2150,0,0.0545734,0.0545735,0,0.016256,0,0,0,6.19596,0.0678518,0.68133,0.882621,2,-4.74848,9.23925,-0.014924,0.0285111,0.00519586,0.00641143
1849,door_1,1816,0,0.107003,0.107004,0,0.00763028,0,0,0,4.10191,0.0434049,0.570703,0.7,2.10824,-3.2513,7.166,0,0.634362,0.0056123,0.00556847
1851,door_2,2150,0,0.0545734,0.0545735,0,0.016256,0,0,0,6.19596,0.0678518,0.68133,0.882621,2,-4.74848,9.23925,-0.014924,0.0285111,0.00519586,0.00641143
1851,door_1,1816,0,0.107003,0.107004,0,0.00763028,0,0,0,4.10191,0.0434049,0.570703,0.7,2.10824,-3.2513,7.166,0,0.634382,0.0056123,0.00556847
1853,door_2,2150,0,0.0545734,0.0545735,0,0.016256,0,0,0,6.19596,0.0678518,0.68133,0.882621,2,-4.74848,9.23925,-0.014924,0.0285111,0.00519586,0.00641143
1853,door_1,1816,0,0.107003,0.107004,0,0.00763028,0,0,0,4.10191,0.0434049,0.570703,0.7,2.10824,-3.2513,7.166,0,0.634401,0.0056123,0.00556847
1854,door_2,2150,0,0.0545734,0.0545735,0,0.016256,0,0,0,6.19596,0.0678518,0.68133,0.882621,2,-4.74848,9.23925,-0.014924,0.0285111,0.00519586,0.00641143
1854,door_1,1816,0,0.107003,0.107004,0,0.00763028,0,0,0,4.10191,0.0434049,0.570703,0.7,2.10824,-3.2513,7.166,0,0.634421,0.0056123,0.00556847
1855,door_2,2150,0,0.0545734,0.0545735,0,0.016256,0,0,0,6.19596,0.0678518,0.68133,0.882621,2,-4.74848,9.23925,-0.014924,0.0285111,0.00519586,0.00641143
1855,door_1,1816,0,0.107003,0.107004,0,0.00763028,0,0,0,4.10191,0.0434049,0.570703,0.7,2.10824,-3.2513,7.166,0,0.634441,0.0056123,0.00556847
1856,door_2,2150,0,0.0545734,0.0545735,0,0.016256,0,0,0,6.19596,0.0678518,0.68133,0.882621,2,-4.74848,9.23925,-0.014924,0.0285111,0.00519586,0.00641143
1856,door_1,1816,0,0.107003,0.107004,0,0.00763028,0,0,0,4.10191,0.0434049,0.570703,0.7,2.10824,-3.2513,7.166,0,0.63446,0.0056123,0.00556847
1857,door_2,2150,0,0.0545734,0.0545735,0,0.016256,0,0,0,6.19596,0.0678518,0.68133,0.882621,2,-4.74848,9.23925,-0.014924,0.0285111,0.00519586,0.00641143
1857,door_1,1816,0,0.107003,0.107004,0,0.00763028,0,0,0,4.10191,0.0434049,0.570703,0.7,2.10824,-3.2513,7.166,0,0.63448,0.0056123,0.00556847
1858,door_2,2150,0,0.0545734,0.0545735,0,0.016256,0,0,0,6.19596,0.0678518,0.68133,0.882621,2,-4.74848,9.23925,-0.014924,0.0285111,0.00519586,0.00641143
1858,door_1,1816,0,0.107003,0.107004,0,0.00763028,0,0,0,4.10191,0.0434049,0.570703,0.7,2.10824,-3.2513,7.166,0,0.6345,0.0056123,0.00556847
1859,door_2,2150,0,0.0545734,0.0545735,0,0.016256,0,0,0,6.19596,0.0678518,0.68133,0.882621,2,-4.74848,9.23925,-0.014924,0.0285111,0.00519586,0.00641143
1859,door_1,1816,0,0.107003,0.107004,0,0.00763028,0,0,0,4.10191,0.0434049,0.570703,0.7,2.10824,-3.2513,7.166,0,0.63452,0.0056123,0.00556847
1860,door_2,2150,0,0.0545734,0.0545735,0,0.016256,0,0,0,6.19596,0.0678518,0.68133,0.882621,2,-4.74848,9.23925,-0.014924,0.0285111,0.00519586,0.00641143
1860,door_1,1816,0,0.107003,0.107004,0,0.00763028,0,0,0,4.10191,0.0434049,0.570703,0.7,2.10824,-3.2513,7.166,0,0.634539,0.0056123,0.00556847
1861,door_2,2150,0,0.0545734,0.0545735,0,0.016256,0,0,0,6.19596,0.0678518,0.68133,0.882621,2,-4.74848,9.23925,-0.014924,0.0285111,0.00519586,0.00641143
1861,door_1,1816,0,0.107003,0.107004,0,0.00763028,0,0,0,4.10191,0.0434049,0.570703,0.7,2.10824,-3.2513,7.166,0,0.634559,0.0056123,0.00556847
1862,door_2,2150,0,0.0545734,0.0545735,0,0.016256,0,0,0,6.19596,0.0678518,0.68133,0.882621,2,-4.74848,9.23925,-0.014924,0.0285111,0.00519586,0.00641143
1862,door_1,1816,0,0.107003,0.107004,0,0.00763028,0,0,0,4.10191,0.0434049,0.570703,0.7,2.10824,-3.2513,7.166,0,0.634579,0.0056123,0.00556847
1863,door_2,2150,0,0.0545734,0.0545735,0,0.016256,0,0,0,6.19596,0.0678518,0.68133,0.882621,2,-4.74848,9.23925,-0.014924,0.0285111,0.00519586,0.00641143
1863,door_1,1816,0,0.107003,0.107004,0,0.00763028,0,0,0,4.10191,0.0434049,0.570703,0.7,2.10824,-3.2513,7.166,0,0.634598,0.0056123,0.00556847
1864,door_2,2150,0,0.0545734,0.0545735,0,0.016256,0,0,0,6.19596,0.0678518,0.68133,0.882621,2,-4.74848,9.23925,-0.014924,0.0285111,0.00519586,0.00641143
1864,door_1,1816,0,0.107003,0.107004,0,0.00763028,0,0,0,4.10191,0.0434049,0.570703,0.7,2.10824,-3.2513,7.166,0,0.634618,0.0056123,0.00556847
1865,door_2,2150,0,0.0545734,0.0545735,0,0.016256,0,0,0,6.19596,0.0678518,0.68133,0.882621,2,-4.74848,9.23925,-0.014924,0.0285111,0.00519586,0.00641143
1865,door_1,1816,0,0.107003,0.107004,0,0.00763028,0,0,0,4.10191,0.0434049,0.570703,0.7,2.10824,-3.2513,7.166,0,0.634638,0.0056123,0.00556847
1866,door_2,2150,0,0.0545734,0.0545735,0,0.016256,0,0,0,6.19596,0.0678518,0.68133,0.882621,2,-4.74848,9.23925,-0.014924,0.0285111,0.00519586,0.00641143
1866,door_1,1816,0,0.107003,0.107004,0,0.00763028,0,0,0,4.10191,0.0434049,0.570703,0.7,2.10824,-3.2513,7.166,0,0.634657,0.0056123,0.00556847
1867,door_2,2150,0,0.0545734,0.0545735,0,0.016256,0,0,0,6.19596,0.0678518,0.68133,0.882621,2,-4.74848,9.23925,-0.014924,0.0285111,0.00519586,0.00641143
1867,door_1,1816,0,0.107003,0.107004,0,0.00763028,0,0,0,4.10191,0.0434049,0.570703,0.7,2.10824,-3.2513,7.166,0,0.634677,0.0056123,0.00556847
1868,door_2,2150,0,0.0545734,0.0545735,0,0.016256,0,0,0,6.19596,0.0678518,0.68133,0.882621,2,-4.74848,9.23925,-0.014924,0.0285111,0.00519586,0.00641143
1868,door_1,1816,0,0.107003,0.107004,0,0.00763028,0,0,0,4.10191,0.0434049,0.570703,0.7,2.10824,-3.2513,7.166,0,0.634697,0.0056123,0.00556847
1869,door_2,2150,0,0.0545734,0.0545735,0,0.016256,0,0,0,6.19596,0.0678518,0.68133,0.882621,2,-4.74848,9.23925,-0.014924,0.0285111,0.00519586,0.00641143
1869,door_1,1816,0,0.107003,0.107004,0,0.00763028,0,0,0,4.10191,0.0434049,0.570703,0.7,2.10824,-3.2513,7.166,0,0.634717,0.0056123,0.00556847
1871,door_2,2150,0,0.0545734,0.0545735,0,0.016256,0,0,0,6.19596,0.0678518,0.68133,0.882621,2,-4.74848,9.23925,-0.014924,0.0285111,0.00519586,0.00641143
1871,door_1,1816,0,0.107003,0.107004,0,0.00763028,0,0,0,4.10191,0.0434049,0.570703,0.7,2.10824,-3.2513,7.166,0,0.634736,0.0056123,0.00556847
1872,door_2,2150,0,0.0545734,0.0545735,0,0.016256,0,0,0,6.19596,0.0678518,0.68133,0.882621,2,-4.74848,9.23925,-0.014924,0.0285111,0.00519586,0.00641143
1872,door_1,1816,0,0.107003,0.107004,0,0.00763028,0,0,0,4.10191,0.0434049,0.570703,0.7,2.10824,-3.2513,7.166,0,0.634756,0.0056123,0.00556847
1873,door_2,2150,0,0.0545734,0.0545735,0,0.016256,0,0,0,6.19596,0.0678518,0.68133,0.882621,2,-4.74848,9.23925,-0.014924,0.0285111,0.00519586,0.00641143
1873,door_1,1816,0,0.107003,0.107004,0,0.00763028,0,0,0,4.10191,0.0434049,0.570703,0.7,2.10824,-3.2513,7.166,0,0.634776,0.0056123,0.00556847
1874,door_2,2150,0,0.0545734,0.0545735,0,0.016256,0,0,0,6.19596,0.0678518,0.68133,0.882621,2,-4.74848,9.23925,-0.014924,0.0285111,0.00519586,0.00641143
1874,door_1,1816,0,0.107003,0.107004,0,0.00763028,0,0,0,4.10191,0.0434049,0.570703,0.7,2.10824,-3.2513,7.166,0,0.634795,0.0056123,0.00556847
1875,door_2,2150,0,0.0545734,0.0545735,0,0.016256,0,0,0,6.19596,0.0678518,0.68133,0.882621,2,-4.74848,9.23925,-0.014924,0.0285111,0.00519586,0.00641143
1875,door_1,1816,0,0.107003,0.107004,0,0.00763028,0,0,0,4.10191,0.0434049,0.570703,0.7,2.10824,-3.2513,7.166,0,0.634815,0.0056123,0.00556847
1876,door_2,2150,0,0.0545734,0.0545735,0,0.016256,0,0,0,6.19596,0.0678518,0.68133,0.882621,2,-4.74848,9.23925,-0.014924,0.0285111,0.00519586,0.00641143
1876,door_1,1816,0,0.107003,0.107004,0,0.00763028,0,0,0,4.10191,0.0434049,0.570703,0.7,2.10824,-3.2513,7.166,0,0.634835,0.0056123,0.00556847
1877,door_2,2150,0,0.0545734,0.0545735,0,0.016256,0,0,0,6.19596,0.0678518,0.68133,0.882621,2,-4.74848,9.23925,-0.014924,0.0285111,0.00519586,0.00641143
1877,door_1,1816,0,0.107003,0.107004,0,0.00763028,0,0,0,4.10191,0.0434049,0.570703,0.7,2.10824,-3.2513,7.166,0,0.634854,0.0056123,0.00556847
1879,door_2,2150,0,0.0545734,0.0545735,0,0.016256,0,0,0,6.19596,0.0678518,0.68133,0.882621,2,-4.74848,9.23925,-0.014924,0.0285111,0.00519586,0.00641143
1879,door_1,1816,0,0.107003,0.107004,0,0.00763028,0,0,0,4.10191,0.0434049,0.570703,0.7,2.10824,-3.2513,7.166,0,0.634874,0.0056123,0.00556847
1880,door_2,2150,0,0.0545734,0.0545735,0,0.016256,0,0,0,6.19596,0.0678518,0.68133,0.882621,2,-4.74848,9.23925,-0.014924,0.0285111,0.00519586,0.00641143
1880,door_1,1816,0,0.107003,0.107004,0,0.00763028,0,0,0,4.10191,0.0434049,0.570703,0.7,2.10824,-3.2513,7.166,0,0.634894,0.0056123,0.00556847
1881,door_2,2150,0,0.0545734,0.0545735,0,0.016256,0,0,0,6.19596,0.0678518,0.68133,0.882621,2,-4.74848,9.23925,-0.014924,0.0285111,0.00519586,0.00641143
1881,door_1,1816,0,0.107003,0.107004,0,0.00763028,0,0,0,4.10191,0.0434049,0.570703,0.7,2.10824,-3.2513,7.166,0,0.634913,0.0056123,0.00556847
1882,door_2,2150,0,0.0545734,0.0545735,0,0.016256,0,0,0,6.19596,0.0678518,0.68133,0.882621,2,-4.74848,9.23925,-0.014924,0.0285111,0.00519586,0.00641143
1882,door_1,1816,0,0.107003,0.107004,0,0.00763028,0,0,0,4.10191,0.0434049,0.570703,0.7,2.10824,-3.2513,7.166,0,0.634933,0.0056123,0.00556847
1883,door_2,2150,0,0.0545734,0.0545735,0,0.016256,0,0,0,6.19596,0.0678518,0.68133,0.882621,2,-4.74848,9.23925,-0.014924,0.0285111,0.00519586,0.00641143
1883,door_1,1816,0,0.107003,0.107004,0,0.00763028,0,0,0,4.10191,0.0434049,0.570703,0.7,2.10824,-3.2513,7.166,0,0.634953,0.0056123,0.00556847
1884,door_2,2150,0,0.0545734,0.0545735,0,0.016256,0,0,0,6.19596,0.0678518,0.68133,0.882621,2,-4.74848,9.23925,-0.014924,0.0285111,0.00519586,0.00641143
1884,door_1,1816,0,0.107003,0.107004,0,0.00763028,0,0,0,4.10191,0.0434049,0.570703,0.7,2.10824,-3.2513,7.166,0,0.634972,0.0056123,0.00556847
1885,door_2,2150,0,0.0545734,0.0545735,0,0.016256,0,0,0,6.19596,0.0678518,0.68133,0.882621,2,-4.74848,9.23925,-0.014924,0.0285111,0.00519586,0.00641143
1885,door_1,1816,0,0.107003,0.107004,0,0.00763028,0,0,0,4.10191,0.0434049,0.570703,0.7,2.10824,-3.2513,7.166,0,0.634992,0.0056123,0.00556847
1886,door_2,2150,0,0.0545734,0.0545735,0,0.016256,0,0,0,6.19596,0.0678518,0.68133,0.882621,2,-4.74848,9.23925,-0.014924,0.0285111,0.00519586,0.00641143
1886,door_1,1816,0,0.107003,0.107004,0,0.00763028,0,0,0,4.10191,0.0434049,0.570703,0.7,2.10824,-3.2513,7.166,0,0.635012,0.0056123,0.00556847
1887,door_2,2150,0,0.0545734,0.0545735,0,0.016256,0,0,0,6.19596,0.0678518,0.68133,0.882621,2,-4.74848,9.23925,-0.014924,0.0285111,0.00519586,0.00641143
1887,door_1,1816,0,0.107003,0.107004,0,0.00763028,0,0,0,4.10191,0.0434049,0.570703,0.7,2.10824,-3.2513,7.166,0,0.635032,0.0056123,0.00556847
1889,door_2,2150,0,0.0545734,0.0545735,0,0.016256,0,0,0,6.19596,0.0678518,0.68133,0.882621,2,-4.74848,9.23925,-0.014924,0.0285111,0.00519586,0.00641143
1889,door_1,1816,0,0.107003,0.107004,0,0.00763028,0,0,0,4.10191,0.0434049,0.570703,0.7,2.10824,-3.2513,7.166,0,0.635051,0.0056123,0.00556847
1890,door_2,2150,0,0.0545734,0.0545735,0,0.016256,0,0,0,6.19596,0.0678518,0.68133,0.882621,2,-4.74848,9.23925,-0.014924,0.0285111,0.00519586,0.00641143
1890,door_1,1816,0,0.107003,0.107004,0,0.00763028,0,0,0,4.10191,0.0434049,0.570703,0.7,2.10824,-3.2513,7.166,0,0.635071,0.0056123,0.00556847
1891,door_2,2150,0,0.0545729,0.0545734,0,0.016256,0,0,0,6.19596,0.0678518,0.68133,0.882621,2,-4.74848,9.23925,-0.014924,0.0285111,0.00519586,0.00641143
1891,door_1,1817,0,0.106994,0.107003,0,0.00763028,0,0,0,4.10191,0.0434045,0.570703,0.7,2.10824,-3.2513,7.166,0,0.63509,0.0056123,0.00556847
1892,door_2,2150,0,0.0545729,0.0545734,0,0.016256,0,0,0,6.19596,0.0678518,0.68133,0.882621,2,-4.74848,9.23925,-0.014924,0.0285111,0.00519586,0.00641143
1892,door_1,1817,0,0.106994,0.107003,0,0.00763028,0,0,0,4.10191,0.0434045,0.570703,0.7,2.10824,-3.2513,7.166,0,0.635108,0.0056123,0.00556847
1893,door_2,2150,0,0.0545729,0.0545734,0,0.016256,0,0,0,6.19596,0.0678518,0.68133,0.882621,2,-4.74848,9.23925,-0.014924,0.0285111,0.00519586,0.00641143
1893,door_1,1817,0,0.106994,0.107002,0,0.00763028,0,0,0,4.10191,0.0434045,0.570703,0.7,2.10824,-3.2513,7.166,0,0.635127,0.0056123,0.00556847
1894,door_2,2150,0,0.0545729,0.0545734,0,0.016256,0,0,0,6.19596,0.0678518,0.681331,0.882621,2,-4.74848,9.23925,-0.014924,0.0285111,0.00519586,0.00641143
1894,door_1,1817,0,0.106994,0.107002,0,0.00763028,0,0,0,4.10191,0.0434045,0.570703,0.7,2.10824,-3.2513,7.166,0,0.635146,0.0056123,0.00556847
1895,door_2,2150,0,0.0545729,0.0545733,0,0.016256,0,0,0,6.19596,0.0678518,0.68133,0.882621,2,-4.74848,9.23925,-0.014924,0.0285111,0.00519586,0.00641143
1895,door_1,1817,0,0.106994,0.107001,0,0.00763028,0,0,0,4.10191,0.0434045,0.570703,0.7,2.10824,-3.2513,7.166,0,0.635164,0.0056123,0.00556847
1896,door_2,2150,0,0.0545729,0.0545733,0,0.016256,0,0,0,6.19596,0.0678518,0.68133,0.882621,2,-4.74848,9.23925,-0.014924,0.0285111,0.00519586,0.00641143
1896,door_1,1817,0,0.106994,0.107001,0,0.00763028,0,0,0,4.10191,0.0434045,0.570703,0.7,2.10824,-3.2513,7.166,0,0.635183,0.0056123,0.00556847
1897,door_2,2150,0,0.0545729,0.0545733,0,0.016256,0,0,0,6.19596,0.0678518,0.68133,0.882621,2,-4.74848,9.23925,-0.014924,0.0285111,0.00519586,0.00641143
1897,door_1,1817,0,0.106994,0.107001,0,0.00763028,0,0,0,4.10191,0.0434045,0.570703,0.7,2.10824,-3.2513,7.166,0,0.635202,0.0056123,0.00556847
1898,door_2,2150,0,0.0545729,0.0545733,0,0.016256,0,0,0,6.19596,0.0678518,0.68133,0.882621,2,-4.74848,9.23925,-0.014924,0.0285111,0.00519586,0.00641143
1898,door_1,1817,0,0.106994,0.107,0,0.00763028,0,0,0,4.10191,0.0434045,0.570703,0.7,2.10824,-3.2513,7.166,0,0.635221,0.0056123,0.00556847
1899,door_2,2150,0,0.0545729,0.0545733,0,0.016256,0,0,0,6.19596,0.0678518,0.681331,0.882621,2,-4.74848,9.23925,-0.014924,0.0285111,0.00519586,0.00641143
1899,door_1,1817,0,0.106994,0.107,0,0.00763028,0,0,0,4.10191,0.0434045,0.570703,0.7,2.10824,-3.2513,7.166,0,0.635239,0.0056123,0.00556847
1900,door_2,2150,0,0.0545729,0.0545732,0,0.016256,0,0,0,6.19596,0.0678518,0.681331,0.882621,2,-4.74848,9.23925,-0.014924,0.0285111,0.00519586,0.00641143
1900,door_1,1817,0,0.106994,0.107,0,0.00763028,0,0,0,4.10191,0.0434045,0.570703,0.7,2.10824,-3.2513,7.166,0,0.635258,0.0056123,0.00556847
1901,door_2,2150,0,0.0545729,0.0545732,0,0.016256,0,0,0,6.19596,0.0678518,0.68133,0.882621,2,-4.74848,9.23925,-0.014924,0.0285111,0.00519586,0.00641143
1901,door_1,1817,0,0.106994,0.106999,0,0.00763028,0,0,0,4.10191,0.0434045,0.570703,0.7,2.10824,-3.2513,7.166,0,0.635277,0.0056123,0.00556847
1902,door_2,2150,0,0.0545729,0.0545732,0,0.016256,0,0,0,6.19596,0.0678518,0.68133,0.882621,2,-4.74848,9.23925,-0.014924,0.0285111,0.00519586,0.00641143
1902,door_1,1817,0,0.106994,0.106999,0,0.00763028,0,0,0,4.10191,0.0434045,0.570703,0.7,2.10824,-3.2513,7.166,0,0.635295,0.0056123,0.00556847
1903,door_2,2150,0,0.0545729,0.0545732,0,0.016256,0,0,0,6.19596,0.0678518,0.68133,0.882621,2,-4.74848,9.23925,-0.014924,0.0285111,0.00519586,0.00641142
1903,door_1,1817,0,0.106994,0.106999,0,0.00763028,0,0,0,4.10191,0.0434045,0.570703,0.7,2.10824,-3.2513,7.166,0,0.635314,0.0056123,0.00556847
1904,door_2,2150,0,0.0545729,0.0545732,0,0.016256,0,0,0,6.19596,0.0678518,0.681331,0.882621,2,-4.74848,9.23925,-0.014924,0.0285111,0.00519586,0.00641143
1904,door_1,1817,0,0.106994,0.106999,0,0.00763028,0,0,0,4.10191,0.0434045,0.570703,0.7,2.10824,-3.2513,7.166,0,0.635333,0.0056123,0.00556847
1905,door_2,2150,0,0.0545729,0.0545732,0,0.016256,0,0,0,6.19596,0.0678518,0.68133,0.882621,2,-4.74848,9.23925,-0.014924,0.0285111,0.00519586,0.00641143
1905,door_1,1817,0,0.106994,0.106998,0,0.00763028,0,0,0,4.10191,0.0434045,0.570703,0.7,2.10824,-3.2513,7.166,0,0.635351,0.0056123,0.00556847
1906,door_2,2150,0,0.0545729,0.0545732,0,0.016256,0,0,0,6.19596,0.0678518,0.68133,0.882621,2,-4.74848,9.23925,-0.014924,0.0285111,0.00519586,0.00641142
1906,door_1,1817,0,0.106994,0.106998,0,0.00763028,0,0,0,4.10191,0.0434045,0.570703,0.7,2.10824,-3.2513,7.166,0,0.63537,0.0056123,0.00556847
1907,door_2,2150,0,0.0545729,0.0545731,0,0.016256,0,0,0,6.19596,0.0678518,0.68133,0.882621,2,-4.74848,9.23925,-0.014924,0.0285111,0.00519586,0.00641142
1907,door_1,1817,0,0.106994,0.106998,0,0.00763028,0,0,0,4.10191,0.0434045,0.570703,0.7,2.10824,-3.2513,7.166,0,0.635389,0.0056123,0.00556847
1908,door_2,2150,0,0.0545729,0.0545731,0,0.016256,0,0,0,6.19596,0.0678518,0.68133,0.882621,2,-4.74848,9.23925,-0.014924,0.0285111,0.00519586,0.00641142
1908,door_1,1817,0,0.106994,0.106998,0,0.00763028,0,0,0,4.10191,0.0434045,0.570703,0.7,2.10824,-3.2513,7.166,0,0.635407,0.0056123,0.00556847
1909,door_2,2150,0,0.0545729,0.0545731,0,0.016256,0,0,0,6.19596,0.0678518,0.681331,0.882621,2,-4.74848,9.23925,-0.014924,0.0285111,0.00519586,0.00641142
1909,door_1,1817,0,0.106994,0.106998,0,0.00763028,0,0,0,4.10191,0.0434045,0.570703,0.7,2.10824,-3.2513,7.166,0,0.635426,0.0056123,0.00556847
1910,door_2,2150,0,0.0545729,0.0545731,0,0.016256,0,0,0,6.19596,0.0678518,0.681331,0.882621,2,-4.74848,9.23925,-0.014924,0.0285111,0.00519586,0.00641142
1910,door_1,1817,0,0.106994,0.106997,0,0.00763028,0,0,0,4.10191,0.0434045,0.570703,0.7,2.10824,-3.2513,7.166,0,0.635445,0.0056123,0.00556847
1911,door_2,2150,0,0.0545729,0.0545731,0,0.016256,0,0,0,6.19596,0.0678518,0.68133,0.882621,2,-4.74848,9.23925,-0.014924,0.0285111,0.00519586,0.00641142
1911,door_1,1817,0,0.106994,0.106997,0,0.00763028,0,0,0,4.10191,0.0434045,0.570703,0.7,2.10824,-3.2513,7.166,0,0.635464,0.0056123,0.00556847
1912,door_2,2150,0,0.0545729,0.0545731,0,0.016256,0,0,0,6.19596,0.0678518,0.68133,0.882621,2,-4.74848,9.23925,-0.014924,0.0285111,0.00519586,0.00641142
1912,door_1,1817,0,0.106994,0.106997,0,0.00763028,0,0,0,4.10191,0.0434045,0.570703,0.7,2.10824,-3.2513,7.166,0,0.635482,0.0056123,0.00556847
1913,door_2,2150,0,0.0545729,0.0545731,0,0.016256,0,0,0,6.19596,0.0678518,0.68133,0.882621,2,-4.74848,9.23925,-0.014924,0.0285111,0.00519586,0.00641142
1913,door_1,1817,0,0.106994,0.106997,0,0.00763028,0,0,0,4.10191,0.0434045,0.570703,0.7,2.10824,-3.2513,7.166,0,0.635501,0.0056123,0.00556847
1914,door_2,2150,0,0.0545729,0.0545731,0,0.016256,0,0,0,6.19596,0.0678518,0.681331,0.882621,2,-4.74848,9.23925,-0.014924,0.0285111,0.00519586,0.00641142
1914,door_1,1817,0,0.106994,0.106997,0,0.00763028,0,0,0,4.10191,0.0434045,0.570703,0.7,2.10824,-3.2513,7.166,0,0.63552,0.0056123,0.00556847
1915,door_2,2150,0,0.0545729,0.0545731,0,0.016256,0,0,0,6.19596,0.0678518,0.68133,0.882621,2,-4.74848,9.23925,-0.014924,0.0285111,0.00519586,0.00641142
1915,door_1,1817,0,0.106994,0.106997,0,0.00763028,0,0,0,4.10191,0.0434045,0.570703,0.7,2.10824,-3.2513,7.166,0,0.635538,0.0056123,0.00556847
1916,door_2,2150,0,0.0545729,0.0545731,0,0.016256,0,0,0,6.19596,0.0678518,0.68133,0.882621,2,-4.74848,9.23925,-0.014924,0.0285111,0.00519586,0.00641142
1916,door_1,1817,0,0.106994,0.106996,0,0.00763028,0,0,0,4.10191,0.0434045,0.570703,0.7,2.10824,-3.2513,7.166,0,0.635557,0.0056123,0.00556847
1917,door_2,2150,0,0.0545729,0.0545731,0,0.016256,0,0,0,6.19596,0.0678518,0.68133,0.882621,2,-4.74848,9.23925,-0.014924,0.0285111,0.00519586,0.00641142
1917,door_1,1817,0,0.106994,0.106996,0,0.00763028,0,0,0,4.10191,0.0434045,0.570703,0.7,2.10824,-3.2513,7.166,0,0.635576,0.0056123,0.00556847
1918,door_2,2150,0,0.0545729,0.054573,0,0.016256,0,0,0,6.19596,0.0678518,0.68133,0.882621,2,-4.74848,9.23925,-0.014924,0.0285111,0.00519586,0.00641142
1918,door_1,1817,0,0.106994,0.106996,0,0.00763028,0,0,0,4.10191,0.0434045,0.570703,0.7,2.10824,-3.2513,7.166,0,0.635594,0.0056123,0.00556847
1919,door_2,2150,0,0.0545729,0.054573,0,0.016256,0,0,0,6.19596,0.0678518,0.681331,0.882621,2,-4.74848,9.23925,-0.014924,0.0285111,0.00519586,0.00641142
1919,door_1,1817,0,0.106994,0.106996,0,0.00763028,0,0,0,4.10191,0.0434045,0.570703,0.7,2.10824,-3.2513,7.166,0,0.635613,0.0056123,0.00556847
1920,door_2,2150,0,0.0545729,0.054573,0,0.016256,0,0,0,6.19596,0.0678518,0.681331,0.882621,2,-4.74848,9.23925,-0.014924,0.0285111,0.00519586,0.00641142
1920,door_1,1817,0,0.106994,0.106996,0,0.00763028,0,0,0,4.10191,0.0434045,0.570703,0.7,2.10824,-3.2513,7.166,0,0.635632,0.0056123,0.00556847
1921,door_2,2150,0,0.0545729,0.054573,0,0.016256,0,0,0,6.19596,0.0678518,0.68133,0.882621,2,-4.74848,9.23925,-0.014924,0.0285111,0.00519586,0.00641142
1921,door_1,1817,0,0.106994,0.106996,0,0.00763028,0,0,0,4.10191,0.0434045,0.570703,0.7,2.10824,-3.2513,7.166,0,0.63565,0.0056123,0.00556847
1922,door_2,2150,0,0.0545729,0.054573,0,0.016256,0,0,0,6.19596,0.0678518,0.68133,0.882621,2,-4.74848,9.23925,-0.014924,0.0285111,0.00519586,0.00641142
1922,door_1,1817,0,0.106994,0.106996,0,0.00763028,0,0,0,4.10191,0.0434045,0.570703,0.7,2.10824,-3.2513,7.166,0,0.635669,0.0056123,0.00556847
1923,door_2,2150,0,0.0545729,0.054573,0,0.016256,0,0,0,6.19596,0.0678518,0.68133,0.882621,2,-4.74848,9.23925,-0.014924,0.0285111,0.00519586,0.00641142
1923,door_1,1817,0,0.106994,0.106996,0,0.00763028,0,0,0,4.10191,0.0434045,0.570703,0.7,2.10824,-3.2513,7.166,0,0.635688,0.0056123,0.00556847
1924,door_2,2150,0,0.0545729,0.054573,0,0.016256,0,0,0,6.19596,0.0678518,0.681331,0.882621,2,-4.74848,9.23925,-0.014924,0.0285111,0.00519586,0.00641142
1924,door_1,1817,0,0.106994,0.106996,0,0.00763028,0,0,0,4.10191,0.0434045,0.570703,0.7,2.10824,-3.2513,7.166,0,0.635707,0.0056123,0.00556847
1925,door_2,2150,0,0.0545729,0.054573,0,0.016256,0,0,0,6.19596,0.0678518,0.68133,0.882621,2,-4.74848,9.23925,-0.014924,0.0285111,0.00519586,0.00641142
1925,door_1,1817,0,0.106994,0.106996,0,0.00763028,0,0,0,4.10191,0.0434045,0.570703,0.7,2.10824,-3.2513,7.166,0,0.635725,0.0056123,0.00556847
1926,door_2,2150,0,0.0545729,0.054573,0,0.016256,0,0,0,6.19596,0.0678518,0.68133,0.882621,2,-4.74848,9.23925,-0.014924,0.0285111,0.00519586,0.00641142
1926,door_1,1817,0,0.106994,0.106995,0,0.00763028,0,0,0,4.10191,0.0434045,0.570703,0.7,2.10824,-3.2513,7.166,0,0.635744,0.0056123,0.00556847
1928,door_2,2150,0,0.0545729,0.054573,0,0.016256,0,0,0,6.19596,0.0678518,0.68133,0.882621,2,-4.74848,9.23925,-0.014924,0.0285111,0.00519586,0.00641142
1928,door_1,1817,0,0.106994,0.106995,0,0.00763028,0,0,0,4.10191,0.0434045,0.570703,0.7,2.10824,-3.2513,7.166,0,0.635763,0.0056123,0.00556847
1929,door_2,2150,0,0.0545729,0.054573,0,0.016256,0,0,0,6.19596,0.0678518,0.68133,0.882621,2,-4.74848,9.23925,-0.014924,0.0285111,0.00519586,0.00641142
1929,door_1,1817,0,0.106994,0.106995,0,0.00763028,0,0,0,4.10191,0.0434045,0.570703,0.7,2.10824,-3.2513,7.166,0,0.635781,0.0056123,0.00556847
1930,door_2,2150,0,0.0545729,0.054573,0,0.016256,0,0,0,6.19596,0.0678518,0.681331,0.882621,2,-4.74848,9.23925,-0.014924,0.0285111,0.00519586,0.00641142
1930,door_1,1817,0,0.106994,0.106995,0,0.00763028,0,0,0,4.10191,0.0434045,0.570703,0.7,2.10824,-3.2513,7.166,0,0.6358,0.0056123,0.00556847
1931,door_2,2150,0,0.0545729,0.054573,0,0.016256,0,0,0,6.19596,0.0678518,0.681331,0.882621,2,-4.74848,9.23925,-0.014924,0.0285111,0.00519586,0.00641142
1931,door_1,1817,0,0.106994,0.106995,0,0.00763028,0,0,0,4.10191,0.0434045,0.570703,0.7,2.10824,-3.2513,7.166,0,0.635819,0.0056123,0.00556847
1932,door_2,2150,0,0.0545729,0.054573,0,0.016256,0,0,0,6.19596,0.0678518,0.68133,0.882621,2,-4.74848,9.23925,-0.014924,0.0285111,0.00519586,0.00641142
1932,door_1,1817,0,0.106994,0.106995,0,0.00763028,0,0,0,4.10191,0.0434045,0.570703,0.7,2.10824,-3.2513,7.166,0,0.635837,0.0056123,0.00556847
1933,door_2,2150,0,0.0545729,0.054573,0,0.016256,0,0,0,6.19596,0.0678518,0.68133,0.882621,2,-4.74848,9.23925,-0.014924,0.0285111,0.00519586,0.00641142
1933,door_1,1817,0,0.106994,0.106995,0,0.00763028,0,0,0,4.10191,0.0434045,0.570703,0.7,2.10824,-3.2513,7.166,0,0.635856,0.0056123,0.00556847
1934,door_2,2150,0,0.0545729,0.054573,0,0.016256,0,0,0,6.19596,0.0678518,0.68133,0.882621,2,-4.74848,9.23925,-0.014924,0.0285111,0.00519586,0.00641142
1934,door_1,1817,0,0.106994,0.106995,0,0.00763028,0,0,0,4.10191,0.0434045,0.570703,0.7,2.10824,-3.2513,7.166,0,0.635875,0.0056123,0.00556847
1935,door_2,2150,0,0.0545729,0.054573,0,0.016256,0,0,0,6.19596,0.0678518,0.681331,0.882621,2,-4.74848,9.23925,-0.014924,0.0285111,0.00519586,0.00641142
1935,door_1,1817,0,0.106994,0.106995,0,0.00763028,0,0,0,4.10191,0.0434045,0.570703,0.7,2.10824,-3.2513,7.166,0,0.635893,0.0056123,0.00556847
1936,door_2,2150,0,0.0545729,0.054573,0,0.016256,0,0,0,6.19596,0.0678518,0.68133,0.882621,2,-4.74848,9.23925,-0.014924,0.0285111,0.00519586,0.00641142
1936,door_1,1817,0,0.106994,0.106995,0,0.00763028,0,0,0,4.10191,0.0434045,0.570703,0.7,2.10824,-3.2513,7.166,0,0.635912,0.0056123,0.00556847
1937,door_2,2150,0,0.0545729,0.054573,0,0.016256,0,0,0,6.19596,0.0678518,0.68133,0.882621,2,-4.74848,9.23925,-0.014924,0.0285111,0.00519586,0.00641142
1937,door_1,1817,0,0.106994,0.106995,0,0.00763028,0,0,0,4.10191,0.0434045,0.570703,0.7,2.10824,-3.2513,7.166,0,0.635931,0.0056123,0.00556847
1938,door_2,2150,0,0.0545729,0.054573,0,0.016256,0,0,0,6.19596,0.0678518,0.68133,0.882621,2,-4.74848,9.23925,-0.014924,0.0285111,0.00519586,0.00641142
1938,door_1,1817,0,0.106994,0.106995,0,0.00763028,0,0,0,4.10191,0.0434045,0.570703,0.7,2.10824,-3.2513,7.166,0,0.635949,0.0056123,0.00556847
1939,door_2,2150,0,0.0545729,0.054573,0,0.016256,0,0,0,6.19596,0.0678518,0.68133,0.882621,2,-4.74848,9.23925,-0.014924,0.0285111,0.00519586,0.00641142
1939,door_1,1817,0,0.106994,0.106995,0,0.00763028,0,0,0,4.10191,0.0434045,0.570703,0.7,2.10824,-3.2513,7.166,0,0.635968,0.0056123,0.00556847
1940,door_2,2150,0,0.0545729,0.054573,0,0.016256,0,0,0,6.19596,0.0678518,0.681331,0.882621,2,-4.74848,9.23925,-0.014924,0.0285111,0.00519586,0.00641142
1940,door_1,1817,0,0.106994,0.106995,0,0.00763028,0,0,0,4.10191,0.0434045,0.570703,0.7,2.10824,-3.2513,7.166,0,0.635987,0.0056123,0.00556847
1941,door_2,2150,0,0.0545729,0.054573,0,0.016256,0,0,0,6.19596,0.0678518,0.681331,0.882621,2,-4.74848,9.23925,-0.014924,0.0285111,0.00519586,0.00641142
1941,door_1,1817,0,0.106994,0.106995,0,0.00763028,0,0,0,4.10191,0.0434045,0.570703,0.7,2.10824,-3.2513,7.166,0,0.636006,0.0056123,0.00556847
1942,door_2,2150,0,0.0545729,0.054573,0,0.016256,0,0,0,6.19596,0.0678518,0.68133,0.882621,2,-4.74848,9.23925,-0.014924,0.0285111,0.00519586,0.00641142
1942,door_1,1817,0,0.106994,0.106995,0,0.00763028,0,0,0,4.10191,0.0434045,0.570703,0.7,2.10824,-3.2513,7.166,0,0.636024,0.0056123,0.00556847
1943,door_2,2150,0,0.0545729,0.054573,0,0.016256,0,0,0,6.19596,0.0678518,0.68133,0.882621,2,-4.74848,9.23925,-0.014924,0.0285111,0.00519586,0.00641142
1943,door_1,1817,0,0.106994,0.106995,0,0.00763028,0,0,0,4.10191,0.0434045,0.570703,0.7,2.10824,-3.2513,7.166,0,0.636043,0.0056123,0.00556847
1944,door_2,2150,0,0.0545729,0.054573,0,0.016256,0,0,0,6.19596,0.0678518,0.68133,0.882621,2,-4.74848,9.23925,-0.014924,0.0285111,0.00519586,0.00641142
1944,door_1,1817,0,0.106994,0.106995,0,0.00763028,0,0,0,4.10191,0.0434045,0.570703,0.7,2.10824,-3.2513,7.166,0,0.636062,0.0056123,0.00556847
1945,door_2,2150,0,0.0545729,0.054573,0,0.016256,0,0,0,6.19596,0.0678518,0.681331,0.882621,2,-4.74848,9.23925,-0.014924,0.0285111,0.00519586,0.00641142
1945,door_1,1817,0,0.106994,0.106995,0,0.00763028,0,0,0,4.10191,0.0434045,0.570703,0.7,2.10824,-3.2513,7.166,0,0.63608,0.0056123,0.00556847
1946,door_2,2150,0,0.0545729,0.054573,0,0.016256,0,0,0,6.19596,0.0678518,0.68133,0.882621,2,-4.74848,9.23925,-0.014924,0.0285111,0.00519586,0.00641142
1946,door_1,1817,0,0.106994,0.106994,0,0.00763028,0,0,0,4.10191,0.0434045,0.570703,0.7,2.10824,-3.2513,7.166,0,0.636099,0.0056123,0.00556847
1947,door_2,2150,0,0.0545729,0.054573,0,0.016256,0,0,0,6.19596,0.0678518,0.68133,0.882621,2,-4.74848,9.23925,-0.014924,0.0285111,0.00519586,0.00641142
1947,door_1,1817,0,0.106994,0.106994,0,0.00763028,0,0,0,4.10191,0.0434045,0.570703,0.7,2.10824,-3.2513,7.166,0,0.636118,0.0056123,0.00556847
1948,door_2,2150,0,0.0545729,0.054573,0,0.016256,0,0,0,6.19596,0.0678518,0.68133,0.882621,2,-4.74848,9.23925,-0.014924,0.0285111,0.00519586,0.00641142
1948,door_1,1817,0,0.106994,0.106994,0,0.00763028,0,0,0,4.10191,0.0434045,0.570703,0.7,2.10824,-3.2513,7.166,0,0.636136,0.0056123,0.00556847
1949,door_2,2150,0,0.0545729,0.054573,0,0.016256,0,0,0,6.19596,0.0678518,0.68133,0.882621,2,-4.74848,9.23925,-0.014924,0.0285111,0.00519586,0.00641142
1949,door_1,1817,0,0.106994,0.106994,0,0.00763028,0,0,0,4.10191,0.0434045,0.570703,0.7,2.10824,-3.2513,7.166,0,0.636155,0.0056123,0.00556847
1950,door_2,2150,0,0.0545729,0.054573,0,0.016256,0,0,0,6.19596,0.0678518,0.681331,0.882621,2,-4.74848,9.23925,-0.014924,0.0285111,0.00519586,0.00641142
1950,door_1,1817,0,0.106994,0.106994,0,0.00763028,0,0,0,4.10191,0.0434045,0.570703,0.7,2.10824,-3.2513,7.166,0,0.636174,0.0056123,0.00556847
1952,door_2,2150,0,0.0545729,0.054573,0,0.016256,0,0,0,6.19596,0.0678518,0.681331,0.882621,2,-4.74848,9.23925,-0.014924,0.0285111,0.00519586,0.00641142
1952,door_1,1817,0,0.106994,0.106994,0,0.00763028,0,0,0,4.10191,0.0434045,0.570703,0.7,2.10824,-3.2513,7.166,0,0.636192,0.0056123,0.00556847
1953,door_2,2150,0,0.0545729,0.054573,0,0.016256,0,0,0,6.19596,0.0678518,0.68133,0.882621,2,-4.74848,9.23925,-0.014924,0.0285111,0.00519586,0.00641142
1953,door_1,1817,0,0.106994,0.106994,0,0.00763028,0,0,0,4.10191,0.0434045,0.570703,0.7,2.10824,-3.2513,7.166,0,0.636211,0.0056123,0.00556847
1954,door_2,2150,0,0.0545729,0.054573,0,0.016256,0,0,0,6.19596,0.0678518,0.68133,0.882621,2,-4.74848,9.23925,-0.014924,0.0285111,0.00519586,0.00641142
1954,door_1,1817,0,0.106994,0.106994,0,0.00763028,0,0,0,4.10191,0.0434045,0.570703,0.7,2.10824,-3.2513,7.166,0,0.63623,0.0056123,0.00556847
1955,door_2,2150,0,0.0545729,0.054573,0,0.016256,0,0,0,6.19596,0.0678518,0.68133,0.882621,2,-4.74848,9.23925,-0.014924,0.0285111,0.00519586,0.00641142
1955,door_1,1817,0,0.106994,0.106994,0,0.00763028,0,0,0,4.10191,0.0434045,0.570703,0.7,2.10824,-3.2513,7.166,0,0.636248,0.0056123,0.00556847
1956,door_2,2150,0,0.0545729,0.054573,0,0.016256,0,0,0,6.19596,0.0678518,0.681331,0.882621,2,-4.74848,9.23925,-0.014924,0.0285111,0.00519586,0.00641142
1956,door_1,1817,0,0.106994,0.106994,0,0.00763028,0,0,0,4.10191,0.0434045,0.570703,0.7,2.10824,-3.2513,7.166,0,0.636267,0.0056123,0.00556847
1957,door_2,2150,0,0.0545729,0.054573,0,0.016256,0,0,0,6.19596,0.0678518,0.68133,0.882621,2,-4.74848,9.23925,-0.014924,0.0285111,0.00519586,0.00641142
1957,door_1,1817,0,0.106994,0.106994,0,0.00763028,0,0,0,4.10191,0.0434045,0.570703,0.7,2.10824,-3.2513,7.166,0,0.636286,0.0056123,0.00556847
1958,door_2,2150,0,0.0545729,0.054573,0,0.016256,0,0,0,6.19596,0.0678518,0.68133,0.882621,2,-4.74848,9.23925,-0.014924,0.0285111,0.00519586,0.00641142
1958,door_1,1817,0,0.106994,0.106994,0,0.00763028,0,0,0,4.10191,0.0434045,0.570703,0.7,2.10824,-3.2513,7.166,0,0.636304,0.0056123,0.00556847
1959,door_2,2150,0,0.0545729,0.054573,0,0.016256,0,0,0,6.19596,0.0678518,0.68133,0.882621,2,-4.74848,9.23925,-0.014924,0.0285111,0.00519586,0.00641142
1959,door_1,1817,0,0.106994,0.106994,0,0.00763028,0,0,0,4.10191,0.0434045,0.570703,0.7,2.10824,-3.2513,7.166,0,0.636323,0.0056123,0.00556847
1960,door_2,2150,0,0.0545729,0.054573,0,0.016256,0,0,0,6.19596,0.0678518,0.68133,0.882621,2,-4.74848,9.23925,-0.014924,0.0285111,0.00519586,0.00641142
1960,door_1,1817,0,0.106994,0.106994,0,0.00763028,0,0,0,4.10191,0.0434045,0.570703,0.7,2.10824,-3.2513,7.166,0,0.636342,0.0056123,0.00556847
1961,door_2,2150,0,0.0545729,0.054573,0,0.016256,0,0,0,6.19596,0.0678518,0.681331,0.882621,2,-4.74848,9.23925,-0.014924,0.0285111,0.00519586,0.00641142
1961,door_1,1817,0,0.106994,0.106994,0,0.00763028,0,0,0,4.10191,0.0434045,0.570703,0.7,2.10824,-3.2513,7.166,0,0.63636,0.0056123,0.00556847
1962,door_2,2150,0,0.0545729,0.054573,0,0.016256,0,0,0,6.19596,0.0678518,0.681331,0.882621,2,-4.74848,9.23925,-0.014924,0.0285111,0.00519586,0.00641142
1962,door_1,1817,0,0.106994,0.106994,0,0.00763028,0,0,0,4.10191,0.0434045,0.570703,0.7,2.10824,-3.2513,7.166,0,0.636379,0.0056123,0.00556847
1963,door_2,2150,0,0.0545729,0.054573,0,0.016256,0,0,0,6.19596,0.0678518,0.68133,0.882621,2,-4.74848,9.23925,-0.014924,0.0285111,0.00519586,0.00641142
1963,door_1,1817,0,0.106994,0.106994,0,0.00763028,0,0,0,4.10191,0.0434045,0.570703,0.7,2.10824,-3.2513,7.166,0,0.636397,0.0056123,0.00556847
1964,door_2,2150,0,0.0545729,0.054573,0,0.016256,0,0,0,6.19596,0.0678518,0.68133,0.882621,2,-4.74848,9.23925,-0.014924,0.0285111,0.00519586,0.00641142
1964,door_1,1817,0,0.106994,0.106994,0,0.00763028,0,0,0,4.10191,0.0434045,0.570703,0.7,2.10824,-3.2513,7.166,0,0.636416,0.0056123,0.00556847
1965,door_2,2150,0,0.0545729,0.054573,0,0.016256,0,0,0,6.19596,0.0678518,0.68133,0.882621,2,-4.74848,9.23925,-0.014924,0.0285111,0.00519586,0.00641142
1965,door_1,1817,0,0.106994,0.106994,0,0.00763028,0,0,0,4.10191,0.0434045,0.570703,0.7,2.10824,-3.2513,7.166,0,0.636435,0.0056123,0.00556847
1966,door_2,2150,0,0.0545729,0.054573,0,0.016256,0,0,0,6.19596,0.0678518,0.681331,0.882621,2,-4.74848,9.23925,-0.014924,0.0285111,0.00519586,0.00641142
1966,door_1,1817,0,0.106994,0.106994,0,0.00763028,0,0,0,4.10191,0.0434045,0.570703,0.7,2.10824,-3.2513,7.166,0,0.636454,0.0056123,0.00556847
1967,door_2,2150,0,0.0545729,0.054573,0,0.016256,0,0,0,6.19596,0.0678518,0.68133,0.882621,2,-4.74848,9.23925,-0.014924,0.0285111,0.00519586,0.00641142
1967,door_1,1817,0,0.106994,0.106994,0,0.00763028,0,0,0,4.10191,0.0434045,0.570703,0.7,2.10824,-3.2513,7.166,0,0.636472,0.0056123,0.00556847
1968,door_2,2150,0,0.0545729,0.054573,0,0.016256,0,0,0,6.19596,0.0678518,0.68133,0.882621,2,-4.74848,9.23925,-0.014924,0.0285111,0.00519586,0.00641142
1968,door_1,1817,0,0.106994,0.106994,0,0.00763028,0,0,0,4.10191,0.0434045,0.570703,0.7,2.10824,-3.2513,7.166,0,0.636491,0.0056123,0.00556847
1969,door_2,2150,0,0.0545729,0.054573,0,0.016256,0,0,0,6.19596,0.0678518,0.68133,0.882621,2,-4.74848,9.23925,-0.014924,0.0285111,0.00519586,0.00641142
1969,door_1,1817,0,0.106994,0.106994,0,0.00763028,0,0,0,4.10191,0.0434045,0.570703,0.7,2.10824,-3.2513,7.166,0,0.636509,0.0056123,0.00556847
1970,door_2,2150,0,0.0545729,0.054573,0,0.016256,0,0,0,6.19596,0.0678518,0.68133,0.882621,2,-4.74848,9.23925,-0.014924,0.0285111,0.00519586,0.00641142
1970,door_1,1817,0,0.106994,0.106994,0,0.00763028,0,0,0,4.10191,0.0434045,0.570703,0.7,2.10824,-3.2513,7.166,0,0.636528,0.0056123,0.00556847
1971,door_2,2150,0,0.0545729,0.054573,0,0.016256,0,0,0,6.19596,0.0678518,0.681331,0.882621,2,-4.74848,9.23925,-0.014924,0.0285111,0.00519586,0.00641142
1971,door_1,1817,0,0.106994,0.106994,0,0.00763028,0,0,0,4.10191,0.0434045,0.570703,0.7,2.10824,-3.2513,7.166,0,0.636547,0.0056123,0.00556847
1972,door_2,2150,0,0.0545729,0.054573,0,0.016256,0,0,0,6.19596,0.0678518,0.681331,0.882621,2,-4.74848,9.23925,-0.014924,0.0285111,0.00519586,0.00641142
1972,door_1,1817,0,0.106994,0.106994,0,0.00763028,0,0,0,4.10191,0.0434045,0.570703,0.7,2.10824,-3.2513,7.166,0,0.636566,0.0056123,0.00556847
1973,door_2,2150,0,0.0545729,0.054573,0,0.016256,0,0,0,6.19596,0.0678518,0.68133,0.882621,2,-4.74848,9.23925,-0.014924,0.0285111,0.00519586,0.00641142
1973,door_1,1817,0,0.106994,0.106994,0,0.00763028,0,0,0,4.10191,0.0434045,0.570703,0.7,2.10824,-3.2513,7.166,0,0.636584,0.0056123,0.00556847
1974,door_2,2150,0,0.0545729,0.054573,0,0.016256,0,0,0,6.19596,0.0678518,0.68133,0.882621,2,-4.74848,9.23925,-0.014924,0.0285111,0.00519586,0.00641142
1974,door_1,1817,0,0.106994,0.106994,0,0.00763028,0,0,0,4.10191,0.0434045,0.570703,0.7,2.10824,-3.2513,7.166,0,0.636603,0.0056123,0.00556847
1975,door_2,2150,0,0.0545729,0.054573,0,0.016256,0,0,0,6.19596,0.0678518,0.68133,0.882621,2,-4.74848,9.23925,-0.014924,0.0285111,0.00519586,0.00641142
1975,door_1,1817,0,0.106994,0.106994,0,0.00763028,0,0,0,4.10191,0.0434045,0.570703,0.7,2.10824,-3.2513,7.166,0,0.636621,0.0056123,0.00556847
1976,door_2,2150,0,0.0545729,0.054573,0,0.016256,0,0,0,6.19596,0.0678518,0.681331,0.882621,2,-4.74848,9.23925,-0.014924,0.0285111,0.00519586,0.00641142
1976,door_1,1817,0,0.106994,0.106994,0,0.00763028,0,0,0,4.10191,0.0434045,0.570703,0.7,2.10824,-3.2513,7.166,0,0.63664,0.0056123,0.00556847
1977,door_2,2150,0,0.0545729,0.054573,0,0.016256,0,0,0,6.19596,0.0678518,0.68133,0.882621,2,-4.74848,9.23925,-0.014924,0.0285111,0.00519586,0.00641142
1977,door_1,1817,0,0.106994,0.106994,0,0.00763028,0,0,0,4.10191,0.0434045,0.570703,0.7,2.10824,-3.2513,7.166,0,0.636659,0.0056123,0.00556847
1978,door_2,2150,0,0.0545729,0.054573,0,0.016256,0,0,0,6.19596,0.0678518,0.68133,0.882621,2,-4.74848,9.23925,-0.014924,0.0285111,0.00519586,0.00641142
1978,door_1,1817,0,0.106994,0.106994,0,0.00763028,0,0,0,4.10191,0.0434045,0.570703,0.7,2.10824,-3.2513,7.166,0,0.636677,0.0056123,0.00556847
1979,door_2,2150,0,0.0545729,0.054573,0,0.016256,0,0,0,6.19596,0.0678518,0.68133,0.882621,2,-4.74848,9.23925,-0.014924,0.0285111,0.00519586,0.00641142
1979,door_1,1817,0,0.106994,0.106994,0,0.00763028,0,0,0,4.10191,0.0434045,0.570703,0.7,2.10824,-3.2513,7.166,0,0.636696,0.0056123,0.00556847
1980,door_2,2150,0,0.0545729,0.054573,0,0.016256,0,0,0,6.19596,0.0678518,0.68133,0.882621,2,-4.74848,9.23925,-0.014924,0.0285111,0.00519586,0.00641142
1980,door_1,1817,0,0.106994,0.106994,0,0.00763028,0,0,0,4.10191,0.0434045,0.570703,0.7,2.10824,-3.2513,7.166,0,0.636715,0.0056123,0.00556847
1981,door_2,2150,0,0.0545729,0.054573,0,0.016256,0,0,0,6.19596,0.0678518,0.681331,0.882621,2,-4.74848,9.23925,-0.014924,0.0285111,0.00519586,0.00641142
1981,door_1,1817,0,0.106994,0.106994,0,0.00763028,0,0,0,4.10191,0.0434045,0.570703,0.7,2.10824,-3.2513,7.166,0,0.636733,0.0056123,0.00556847
1982,door_2,2150,0,0.0545729,0.054573,0,0.016256,0,0,0,6.19596,0.0678518,0.681331,0.882621,2,-4.74848,9.23925,-0.014924,0.0285111,0.00519586,0.00641142
1982,door_1,1817,0,0.106994,0.106994,0,0.00763028,0,0,0,4.10191,0.0434045,0.570703,0.7,2.10824,-3.2513,7.166,0,0.636752,0.0056123,0.00556847
1983,door_2,2150,0,0.0545729,0.054573,0,0.016256,0,0,0,6.19596,0.0678518,0.68133,0.882621,2,-4.74848,9.23925,-0.014924,0.0285111,0.00519586,0.00641142
1983,door_1,1817,0,0.106994,0.106994,0,0.00763028,0,0,0,4.10191,0.0434045,0.570703,0.7,2.10824,-3.2513,7.166,0,0.636771,0.0056123,0.00556847
1984,door_2,2150,0,0.0545729,0.054573,0,0.016256,0,0,0,6.19596,0.0678518,0.68133,0.882621,2,-4.74848,9.23925,-0.014924,0.0285111,0.00519586,0.00641142
1984,door_1,1817,0,0.106994,0.106994,0,0.00763028,0,0,0,4.10191,0.0434045,0.570703,0.7,2.10824,-3.2513,7.166,0,0.636789,0.0056123,0.00556847
1985,door_2,2150,0,0.0545729,0.054573,0,0.016256,0,0,0,6.19596,0.0678518,0.68133,0.882621,2,-4.74848,9.23925,-0.014924,0.0285111,0.00519586,0.00641142
1985,door_1,1817,0,0.106994,0.106994,0,0.00763028,0,0,0,4.10191,0.0434045,0.570703,0.7,2.10824,-3.2513,7.166,0,0.636808,0.0056123,0.00556847
1986,door_2,2150,0,0.0545729,0.054573,0,0.016256,0,0,0,6.19596,0.0678518,0.681331,0.882621,2,-4.74848,9.23925,-0.014924,0.0285111,0.00519586,0.00641142
1986,door_1,1817,0,0.106994,0.106994,0,0.00763028,0,0,0,4.10191,0.0434045,0.570703,0.7,2.10824,-3.2513,7.166,0,0.636827,0.0056123,0.00556847
1987,door_2,2150,0,0.0545729,0.054573,0,0.016256,0,0,0,6.19596,0.0678518,0.68133,0.882621,2,-4.74848,9.23925,-0.014924,0.0285111,0.00519586,0.00641142
1987,door_1,1817,0,0.106994,0.106994,0,0.00763028,0,0,0,4.10191,0.0434045,0.570703,0.7,2.10824,-3.2513,7.166,0,0.636845,0.0056123,0.00556847
1988,door_2,2150,0,0.0545729,0.054573,0,0.016256,0,0,0,6.19596,0.0678518,0.68133,0.882621,2,-4.74848,9.23925,-0.014924,0.0285111,0.00519586,0.00641142
1988,door_1,1817,0,0.106994,0.106994,0,0.00763028,0,0,0,4.10191,0.0434045,0.570703,0.7,2.10824,-3.2513,7.166,0,0.636864,0.0056123,0.00556847
1989,door_2,2150,0,0.0545729,0.054573,0,0.016256,0,0,0,6.19596,0.0678518,0.68133,0.882621,2,-4.74848,9.23925,-0.014924,0.0285111,0.00519586,0.00641142
1989,door_1,1817,0,0.106994,0.106994,0,0.00763028,0,0,0,4.10191,0.0434045,0.570703,0.7,2.10824,-3.2513,7.166,0,0.636883,0.0056123,0.00556847
1990,door_2,2150,0,0.0545729,0.054573,0,0.016256,0,0,0,6.19596,0.0678518,0.68133,0.882621,2,-4.74848,9.23925,-0.014924,0.0285111,0.00519586,0.00641142
1990,door_1,1817,0,0.106994,0.106994,0,0.00763028,0,0,0,4.10191,0.0434045,0.570703,0.7,2.10824,-3.2513,7.166,0,0.636901,0.0056123,0.00556847
1991,door_2,2150,0,0.0545729,0.054573,0,0.016256,0,0,0,6.19596,0.0678518,0.681331,0.882621,2,-4.74848,9.23925,-0.014924,0.0285111,0.00519586,0.00641142
1991,door_1,1817,0,0.106994,0.106994,0,0.00763028,0,0,0,4.10191,0.0434045,0.570703,0.7,2.10824,-3.2513,7.166,0,0.63692,0.0056123,0.00556847
1992,door_2,2150,0,0.0545729,0.054573,0,0.016256,0,0,0,6.19596,0.0678518,0.681331,0.882621,2,-4.74848,9.23925,-0.014924,0.0285111,0.00519586,0.00641142
1992,door_1,1817,0,0.106994,0.106994,0,0.00763028,0,0,0,4.10191,0.0434045,0.570703,0.7,2.10824,-3.2513,7.166,0,0.636939,0.0056123,0.00556847
1993,door_2,2150,0,0.0545729,0.054573,0,0.016256,0,0,0,6.19596,0.0678518,0.68133,0.882621,2,-4.74848,9.23925,-0.014924,0.0285111,0.00519586,0.00641142
1993,door_1,1817,0,0.106994,0.106994,0,0.00763028,0,0,0,4.10191,0.0434045,0.570703,0.7,2.10824,-3.2513,7.166,0,0.636957,0.0056123,0.00556847
1994,door_2,2150,0,0.0545729,0.054573,0,0.016256,0,0,0,6.19596,0.0678518,0.68133,0.882621,2,-4.74848,9.23925,-0.014924,0.0285111,0.00519586,0.00641142
1994,door_1,1817,0,0.106994,0.106994,0,0.00763028,0,0,0,4.10191,0.0434045,0.570703,0.7,2.10824,-3.2513,7.166,0,0.636976,0.0056123,0.00556847
1995,door_2,2150,0,0.0545729,0.054573,0,0.016256,0,0,0,6.19596,0.0678518,0.68133,0.882621,2,-4.74848,9.23925,-0.014924,0.0285111,0.00519585,0.00641142
1995,door_1,1817,0,0.106994,0.106994,0,0.00763028,0,0,0,4.10191,0.0434045,0.570703,0.7,2.10824,-3.2513,7.166,0,0.636994,0.0056123,0.00556847
1996,door_2,2150,0,0.0545729,0.054573,0,0.016256,0,0,0,6.19596,0.0678518,0.681331,0.882621,2,-4.74848,9.23925,-0.014924,0.0285111,0.00519585,0.00641142
1996,door_1,1817,0,0.106994,0.106994,0,0.00763028,0,0,0,4.10191,0.0434045,0.570703,0.7,2.10824,-3.2513,7.166,0,0.637013,0.0056123,0.00556847
1998,door_2,2150,0,0.0545729,0.054573,0,0.016256,0,0,0,6.19596,0.0678518,0.68133,0.882621,2,-4.74848,9.23925,-0.014924,0.0285111,0.00519585,0.00641142
1998,door_1,1817,0,0.106994,0.106994,0,0.00763028,0,0,0,4.10191,0.0434045,0.570703,0.7,2.10824,-3.2513,7.166,0,0.637032,0.0056123,0.00556847
1999,door_2,2150,0,0.0545729,0.054573,0,0.016256,0,0,0,6.19596,0.0678518,0.68133,0.882621,2,-4.74848,9.23925,-0.014924,0.0285111,0.00519585,0.00641142
1999,door_1,1817,0,0.106994,0.106994,0,0.00763028,0,0,0,4.10191,0.0434045,0.570703,0.7,2.10824,-3.2513,7.166,0,0.63705,0.0056123,0.00556847
2000,door_2,2150,0,0.0545729,0.054573,0,0.016256,0,0,0,6.19596,0.0678518,0.68133,0.882621,2,-4.74848,9.23925,-0.014924,0.0285111,0.00519586,0.00641142
2000,door_1,1817,0,0.106994,0.106994,0,0.00763028,0,0,0,4.10191,0.0434045,0.570703,0.7,2.10824,-3.2513,7.166,0,0.637069,0.0056123,0.00556847
2001,door_2,2150,0,0.0545729,0.054573,0,0.016256,0,0,0,6.19596,0.0678518,0.68133,0.882621,2,-4.74848,9.23925,-0.014924,0.0285111,0.00519586,0.00641142
2001,door_1,1817,0,0.106994,0.106994,0,0.00763028,0,0,0,4.10191,0.0434045,0.570703,0.7,2.10824,-3.2513,7.166,0,0.637088,0.0056123,0.00556847
2002,door_2,2150,0,0.0545729,0.054573,0,0.016256,0,0,0,6.19596,0.0678518,0.681331,0.882621,2,-4.74848,9.23925,-0.014924,0.0285111,0.00519586,0.00641142
2002,door_1,1817,0,0.106994,0.106994,0,0.00763028,0,0,0,4.10191,0.0434045,0.570703,0.7,2.10824,-3.2513,7.166,0,0.637106,0.0056123,0.00556847
2003,door_2,2150,0,0.0545729,0.054573,0,0.016256,0,0,0,6.19596,0.0678518,0.681331,0.882621,2,-4.74848,9.23925,-0.014924,0.0285111,0.00519586,0.00641142
2003,door_1,1817,0,0.106994,0.106994,0,0.00763028,0,0,0,4.10191,0.0434045,0.570703,0.7,2.10824,-3.2513,7.166,0,0.637125,0.0056123,0.00556847
2004,door_2,2150,0,0.0545729,0.054573,0,0.016256,0,0,0,6.19596,0.0678518,0.68133,0.882621,2,-4.74848,9.23925,-0.014924,0.0285111,0.00519586,0.00641142
2004,door_1,1817,0,0.106994,0.106994,0,0.00763028,0,0,0,4.10191,0.0434045,0.570703,0.7,2.10824,-3.2513,7.166,0,0.637143,0.0056123,0.00556847
2005,door_2,2150,0,0.0545729,0.054573,0,0.016256,0,0,0,6.19596,0.0678518,0.68133,0.882621,2,-4.74848,9.23925,-0.014924,0.0285111,0.00519586,0.00641142
2005,door_1,1817,0,0.106994,0.106994,0,0.00763028,0,0,0,4.10191,0.0434045,0.570703,0.7,2.10824,-3.2513,7.166,0,0.637162,0.0056123,0.00556847
2006,door_2,2150,0,0.0545729,0.054573,0,0.016256,0,0,0,6.19596,0.0678518,0.68133,0.882621,2,-4.74848,9.23925,-0.014924,0.0285111,0.00519586,0.00641142
2006,door_1,1817,0,0.106994,0.106994,0,0.00763028,0,0,0,4.10191,0.0434045,0.570703,0.7,2.10824,-3.2513,7.166,0,0.637181,0.0056123,0.00556847
2007,door_2,2150,0,0.0545729,0.054573,0,0.016256,0,0,0,6.19596,0.0678518,0.681331,0.882621,2,-4.74848,9.23925,-0.014924,0.0285111,0.00519586,0.00641142
2007,door_1,1817,0,0.106994,0.106994,0,0.00763028,0,0,0,4.10191,0.0434045,0.570703,0.7,2.10824,-3.2513,7.166,0,0.637199,0.0056123,0.00556847
2008,door_2,2150,0,0.0545729,0.054573,0,0.016256,0,0,0,6.19596,0.0678518,0.68133,0.882621,2,-4.74848,9.23925,-0.014924,0.0285111,0.00519586,0.00641142
2008,door_1,1817,0,0.106994,0.106994,0,0.00763028,0,0,0,4.10191,0.0434045,0.570703,0.7,2.10824,-3.2513,7.166,0,0.637218,0.0056123,0.00556847
2009,door_2,2150,0,0.0545729,0.054573,0,0.016256,0,0,0,6.19596,0.0678518,0.68133,0.882621,2,-4.74848,9.23925,-0.014924,0.0285111,0.00519586,0.00641142
2009,door_1,1817,0,0.106994,0.106994,0,0.00763028,0,0,0,4.10191,0.0434045,0.570703,0.7,2.10824,-3.2513,7.166,0,0.637237,0.0056123,0.00556847
2010,door_2,2150,0,0.0545729,0.054573,0,0.016256,0,0,0,6.19596,0.0678518,0.68133,0.882621,2,-4.74848,9.23925,-0.014924,0.0285111,0.00519586,0.00641142
2010,door_1,1817,0,0.106994,0.106994,0,0.00763028,0,0,0,4.10191,0.0434045,0.570703,0.7,2.10824,-3.2513,7.166,0,0.637255,0.0056123,0.00556847
2011,door_2,2150,0,0.0545729,0.054573,0,0.016256,0,0,0,6.19596,0.0678518,0.68133,0.882621,2,-4.74848,9.23925,-0.014924,0.0285111,0.00519586,0.00641142
2011,door_1,1817,0,0.106994,0.106994,0,0.00763028,0,0,0,4.10191,0.0434045,0.570703,0.7,2.10824,-3.2513,7.166,0,0.637274,0.0056123,0.00556847
2012,door_2,2150,0,0.0545729,0.054573,0,0.016256,0,0,0,6.19596,0.0678518,0.681331,0.882621,2,-4.74848,9.23925,-0.014924,0.0285111,0.00519586,0.00641142
2012,door_1,1817,0,0.106994,0.106994,0,0.00763028,0,0,0,4.10191,0.0434045,0.570703,0.7,2.10824,-3.2513,7.166,0,0.637293,0.0056123,0.00556847
2013,door_2,2150,0,0.0545729,0.054573,0,0.016256,0,0,0,6.19596,0.0678518,0.681331,0.882621,2,-4.74848,9.23925,-0.014924,0.0285111,0.00519586,0.00641142
2013,door_1,1817,0,0.106994,0.106994,0,0.00763028,0,0,0,4.10191,0.0434045,0.570703,0.7,2.10824,-3.2513,7.166,0,0.637311,0.0056123,0.00556847
2014,door_2,2150,0,0.0545729,0.054573,0,0.016256,0,0,0,6.19596,0.0678518,0.68133,0.882621,2,-4.74848,9.23925,-0.014924,0.0285111,0.00519586,0.00641142
2014,door_1,1817,0,0.106994,0.106994,0,0.00763028,0,0,0,4.10191,0.0434045,0.570703,0.7,2.10824,-3.2513,7.166,0,0.63733,0.0056123,0.00556847
2015,door_2,2150,0,0.0545729,0.054573,0,0.016256,0,0,0,6.19596,0.0678518,0.68133,0.882621,2,-4.74848,9.23925,-0.014924,0.0285111,0.00519586,0.00641142
2015,door_1,1817,0,0.106994,0.106994,0,0.00763028,0,0,0,4.10191,0.0434045,0.570703,0.7,2.10824,-3.2513,7.166,0,0.637348,0.0056123,0.00556847
2016,door_2,2150,0,0.0545729,0.054573,0,0.016256,0,0,0,6.19596,0.0678518,0.68133,0.882621,2,-4.74848,9.23925,-0.014924,0.0285111,0.00519585,0.00641142
2016,door_1,1817,0,0.106994,0.106994,0,0.00763028,0,0,0,4.10191,0.0434045,0.570703,0.7,2.10824,-3.2513,7.166,0,0.637367,0.0056123,0.00556847
2017,door_2,2150,0,0.0545729,0.054573,0,0.016256,0,0,0,6.19596,0.0678518,0.681331,0.882621,2,-4.74848,9.23925,-0.014924,0.0285111,0.00519585,0.00641142
2017,door_1,1817,0,0.106994,0.106994,0,0.00763028,0,0,0,4.10191,0.0434045,0.570703,0.7,2.10824,-3.2513,7.166,0,0.637386,0.0056123,0.00556847
2018,door_2,2150,0,0.0545729,0.054573,0,0.016256,0,0,0,6.19596,0.0678518,0.68133,0.882621,2,-4.74848,9.23925,-0.014924,0.0285111,0.00519585,0.00641142
2018,door_1,1817,0,0.106994,0.106994,0,0.00763028,0,0,0,4.10191,0.0434045,0.570703,0.7,2.10824,-3.2513,7.166,0,0.637404,0.0056123,0.00556847
2020,door_2,2150,0,0.0545729,0.054573,0,0.016256,0,0,0,6.19596,0.0678518,0.68133,0.882621,2,-4.74848,9.23925,-0.014924,0.0285111,0.00519586,0.00641142
2020,door_1,1817,0,0.106994,0.106994,0,0.00763028,0,0,0,4.10191,0.0434045,0.570703,0.7,2.10824,-3.2513,7.166,0,0.637423,0.0056123,0.00556847
2021,door_2,2150,0,0.0545729,0.054573,0,0.016256,0,0,0,6.19596,0.0678518,0.68133,0.882621,2,-4.74848,9.23925,-0.014924,0.0285111,0.00519586,0.00641142
2021,door_1,1817,0,0.106994,0.106994,0,0.00763028,0,0,0,4.10191,0.0434045,0.570703,0.7,2.10824,-3.2513,7.166,0,0.637442,0.0056123,0.00556847
2022,door_2,2150,0,0.0545729,0.054573,0,0.016256,0,0,0,6.19596,0.0678518,0.68133,0.882621,2,-4.74848,9.23925,-0.014924,0.0285111,0.00519586,0.00641142
2022,door_1,1817,0,0.106994,0.106994,0,0.00763028,0,0,0,4.10191,0.0434045,0.570703,0.7,2.10824,-3.2513,7.166,0,0.63746,0.0056123,0.00556847
2023,door_2,2150,0,0.0545729,0.054573,0,0.016256,0,0,0,6.19596,0.0678518,0.681331,0.882621,2,-4.74848,9.23925,-0.014924,0.0285111,0.00519586,0.00641142
2023,door_1,1817,0,0.106994,0.106994,0,0.00763028,0,0,0,4.10191,0.0434045,0.570703,0.7,2.10824,-3.2513,7.166,0,0.637479,0.0056123,0.00556847
2025,door_2,2150,0,0.0545729,0.054573,0,0.016256,0,0,0,6.19596,0.0678518,0.681331,0.882621,2,-4.74848,9.23925,-0.014924,0.0285111,0.00519586,0.00641142
2025,door_1,1817,0,0.106994,0.106994,0,0.00763028,0,0,0,4.10191,0.0434045,0.570703,0.7,2.10824,-3.2513,7.166,0,0.637497,0.0056123,0.00556847
2026,door_2,2150,0,0.0545729,0.054573,0,0.016256,0,0,0,6.19596,0.0678518,0.68133,0.882621,2,-4.74848,9.23925,-0.014924,0.0285111,0.00519586,0.00641142
2026,door_1,1817,0,0.106994,0.106994,0,0.00763028,0,0,0,4.10191,0.0434045,0.570703,0.7,2.10824,-3.2513,7.166,0,0.637516,0.0056123,0.00556847
2027,door_2,2150,0,0.0545729,0.054573,0,0.016256,0,0,0,6.19596,0.0678518,0.68133,0.882621,2,-4.74848,9.23925,-0.014924,0.0285111,0.00519586,0.00641142
2027,door_1,1817,0,0.106994,0.106994,0,0.00763028,0,0,0,4.10191,0.0434045,0.570703,0.7,2.10824,-3.2513,7.166,0,0.637535,0.0056123,0.00556847
2028,door_2,2150,0,0.0545729,0.054573,0,0.016256,0,0,0,6.19596,0.0678518,0.68133,0.882621,2,-4.74848,9.23925,-0.014924,0.0285111,0.00519586,0.00641142
2028,door_1,1817,0,0.106994,0.106994,0,0.00763028,0,0,0,4.10191,0.0434045,0.570703,0.7,2.10824,-3.2513,7.166,0,0.637553,0.0056123,0.00556847
2029,door_2,2150,0,0.0545729,0.054573,0,0.016256,0,0,0,6.19596,0.0678518,0.681331,0.882621,2,-4.74848,9.23925,-0.014924,0.0285111,0.00519586,0.00641141
2029,door_1,1817,0,0.106994,0.106994,0,0.00763028,0,0,0,4.10191,0.0434045,0.570703,0.7,2.10824,-3.2513,7.166,0,0.637572,0.0056123,0.00556847
2030,door_2,2150,0,0.0545729,0.054573,0,0.016256,0,0,0,6.19596,0.0678518,0.68133,0.882621,2,-4.74848,9.23925,-0.014924,0.0285111,0.00519586,0.00641141
2030,door_1,1817,0,0.106994,0.106994,0,0.00763028,0,0,0,4.10191,0.0434045,0.570703,0.7,2.10824,-3.2513,7.166,0,0.63759,0.0056123,0.00556847
2031,door_2,2150,0,0.0545729,0.054573,0,0.016256,0,0,0,6.19596,0.0678518,0.68133,0.882621,2,-4.74848,9.23925,-0.014924,0.0285111,0.00519586,0.00641141
2031,door_1,1817,0,0.106994,0.106994,0,0.00763028,0,0,0,4.10191,0.0434045,0.570703,0.7,2.10824,-3.2513,7.166,0,0.637609,0.0056123,0.00556847
2032,door_2,2150,0,0.0545729,0.054573,0,0.016256,0,0,0,6.19596,0.0678518,0.68133,0.882621,2,-4.74848,9.23925,-0.014924,0.0285111,0.00519586,0.00641141
2032,door_1,1817,0,0.106994,0.106994,0,0.00763028,0,0,0,4.10191,0.0434045,0.570703,0.7,2.10824,-3.2513,7.166,0,0.637628,0.0056123,0.00556847
2033,door_2,2150,0,0.0545729,0.054573,0,0.016256,0,0,0,6.19596,0.0678518,0.68133,0.882621,2,-4.74848,9.23925,-0.014924,0.0285111,0.00519585,0.00641141
2033,door_1,1817,0,0.106994,0.106994,0,0.00763028,0,0,0,4.10191,0.0434045,0.570703,0.7,2.10824,-3.2513,7.166,0,0.637646,0.0056123,0.00556847
2034,door_2,2150,0,0.0545729,0.054573,0,0.016256,0,0,0,6.19596,0.0678518,0.681331,0.882621,2,-4.74848,9.23925,-0.014924,0.0285111,0.00519585,0.00641141
2034,door_1,1817,0,0.106994,0.106994,0,0.00763028,0,0,0,4.10191,0.0434045,0.570703,0.7,2.10824,-3.2513,7.166,0,0.637665,0.0056123,0.00556847
2035,door_2,2150,0,0.0545729,0.054573,0,0.016256,0,0,0,6.19596,0.0678518,0.681331,0.882621,2,-4.74848,9.23925,-0.014924,0.0285111,0.00519585,0.00641141
2035,door_1,1817,0,0.106994,0.106994,0,0.00763028,0,0,0,4.10191,0.0434045,0.570703,0.7,2.10824,-3.2513,7.166,0,0.637684,0.0056123,0.00556847
2036,door_2,2150,0,0.0545729,0.054573,0,0.016256,0,0,0,6.19596,0.0678518,0.68133,0.882621,2,-4.74848,9.23925,-0.014924,0.0285111,0.00519586,0.00641141
2036,door_1,1817,0,0.106994,0.106994,0,0.00763028,0,0,0,4.10191,0.0434045,0.570703,0.7,2.10824,-3.2513,7.166,0,0.637702,0.0056123,0.00556847
2037,door_2,2150,0,0.0545729,0.054573,0,0.016256,0,0,0,6.19596,0.0678518,0.68133,0.882621,2,-4.74848,9.23925,-0.014924,0.0285111,0.00519586,0.00641141
2037,door_1,1817,0,0.106994,0.106994,0,0.00763028,0,0,0,4.10191,0.0434045,0.570703,0.7,2.10824,-3.2513,7.166,0,0.637721,0.0056123,0.00556847
2038,door_2,2150,0,0.0545729,0.054573,0,0.016256,0,0,0,6.19596,0.0678518,0.68133,0.882621,2,-4.74848,9.23925,-0.014924,0.0285111,0.00519585,0.00641141
2038,door_1,1817,0,0.106994,0.106994,0,0.00763028,0,0,0,4.10191,0.0434045,0.570703,0.7,2.10824,-3.2513,7.166,0,0.637739,0.0056123,0.00556847
2039,door_2,2150,0,0.0545729,0.054573,0,0.016256,0,0,0,6.19596,0.0678518,0.681331,0.882621,2,-4.74848,9.23925,-0.014924,0.0285111,0.00519586,0.00641141
2039,door_1,1817,0,0.106994,0.106994,0,0.00763028,0,0,0,4.10191,0.0434045,0.570703,0.7,2.10824,-3.2513,7.166,0,0.637758,0.0056123,0.00556847
2040,door_2,2150,0,0.0545729,0.054573,0,0.016256,0,0,0,6.19596,0.0678518,0.68133,0.882621,2,-4.74848,9.23925,-0.014924,0.0285111,0.00519586,0.00641141
2040,door_1,1817,0,0.106994,0.106994,0,0.00763028,0,0,0,4.10191,0.0434045,0.570703,0.7,2.10824,-3.2513,7.166,0,0.637777,0.0056123,0.00556847
2041,door_2,2150,0,0.0545729,0.054573,0,0.016256,0,0,0,6.19596,0.0678518,0.68133,0.882621,2,-4.74848,9.23925,-0.014924,0.0285111,0.00519586,0.00641141
2041,door_1,1817,0,0.106994,0.106994,0,0.00763028,0,0,0,4.10191,0.0434045,0.570703,0.7,2.10824,-3.2513,7.166,0,0.637795,0.0056123,0.00556847
2042,door_2,2150,0,0.0545729,0.054573,0,0.016256,0,0,0,6.19596,0.0678518,0.68133,0.882621,2,-4.74848,9.23925,-0.014924,0.0285111,0.00519586,0.00641141
2042,door_1,1817,0,0.106994,0.106994,0,0.00763028,0,0,0,4.10191,0.0434045,0.570703,0.7,2.10824,-3.2513,7.166,0,0.637814,0.0056123,0.00556847
2043,door_2,2150,0,0.0545729,0.054573,0,0.016256,0,0,0,6.19596,0.0678518,0.68133,0.882621,2,-4.74848,9.23925,-0.014924,0.0285111,0.00519586,0.00641141
2043,door_1,1817,0,0.106994,0.106994,0,0.00763028,0,0,0,4.10191,0.0434045,0.570703,0.7,2.10824,-3.2513,7.166,0,0.637832,0.0056123,0.00556847
2044,door_2,2150,0,0.0545729,0.054573,0,0.016256,0,0,0,6.19596,0.0678518,0.681331,0.882621,2,-4.74848,9.23925,-0.014924,0.0285111,0.00519586,0.00641141
2044,door_1,1817,0,0.106994,0.106994,0,0.00763028,0,0,0,4.10191,0.0434045,0.570703,0.7,2.10824,-3.2513,7.166,0,0.637851,0.0056123,0.00556847
2045,door_2,2150,0,0.0545729,0.054573,0,0.016256,0,0,0,6.19596,0.0678518,0.681331,0.882621,2,-4.74848,9.23925,-0.014924,0.0285111,0.00519586,0.00641141
2045,door_1,1817,0,0.106994,0.106994,0,0.00763028,0,0,0,4.10191,0.0434045,0.570703,0.7,2.10824,-3.2513,7.166,0,0.63787,0.0056123,0.00556847
2046,door_2,2150,0,0.0545729,0.054573,0,0.016256,0,0,0,6.19596,0.0678518,0.68133,0.882621,2,-4.74848,9.23925,-0.014924,0.0285111,0.00519586,0.00641141
2046,door_1,1817,0,0.106994,0.106994,0,0.00763028,0,0,0,4.10191,0.0434045,0.570703,0.7,2.10824,-3.2513,7.166,0,0.637888,0.0056123,0.00556847
2047,door_2,2150,0,0.0545729,0.054573,0,0.016256,0,0,0,6.19596,0.0678518,0.68133,0.882621,2,-4.74848,9.23925,-0.014924,0.0285111,0.00519586,0.00641141
2047,door_1,1817,0,0.106994,0.106994,0,0.00763028,0,0,0,4.10191,0.0434045,0.570703,0.7,2.10824,-3.2513,7.166,0,0.637907,0.0056123,0.00556847
2049,door_2,2150,0,0.0545729,0.054573,0,0.016256,0,0,0,6.19596,0.0678518,0.68133,0.882621,2,-4.74848,9.23925,-0.014924,0.0285111,0.00519586,0.00641141
2049,door_1,1817,0,0.106994,0.106994,0,0.00763028,0,0,0,4.10191,0.0434045,0.570703,0.7,2.10824,-3.2513,7.166,0,0.637926,0.0056123,0.00556847
2050,door_2,2150,0,0.0545729,0.054573,0,0.016256,0,0,0,6.19596,0.0678518,0.681331,0.882621,2,-4.74848,9.23925,-0.014924,0.0285111,0.00519586,0.00641141
2050,door_1,1817,0,0.106994,0.106994,0,0.00763028,0,0,0,4.10191,0.0434045,0.570703,0.7,2.10824,-3.2513,7.166,0,0.637944,0.0056123,0.00556847
2052,door_2,2150,0,0.0545729,0.054573,0,0.016256,0,0,0,6.19596,0.0678518,0.68133,0.882621,2,-4.74848,9.23925,-0.014924,0.0285111,0.00519586,0.00641141
2052,door_1,1817,0,0.106994,0.106994,0,0.00763028,0,0,0,4.10191,0.0434045,0.570703,0.7,2.10824,-3.2513,7.166,0,0.637963,0.0056123,0.00556847
2053,door_2,2150,0,0.0545729,0.054573,0,0.016256,0,0,0,6.19596,0.0678518,0.68133,0.882621,2,-4.74848,9.23925,-0.014924,0.0285111,0.00519586,0.00641141
2053,door_1,1817,0,0.106994,0.106994,0,0.00763028,0,0,0,4.10191,0.0434045,0.570703,0.7,2.10824,-3.2513,7.166,0,0.637981,0.0056123,0.00556847
2054,door_2,2150,0,0.0545729,0.054573,0,0.016256,0,0,0,6.19596,0.0678518,0.68133,0.882621,2,-4.74848,9.23925,-0.014924,0.0285111,0.00519586,0.00641141
2054,door_1,1817,0,0.106994,0.106994,0,0.00763028,0,0,0,4.10191,0.0434045,0.570703,0.7,2.10824,-3.2513,7.166,0,0.638,0.0056123,0.00556847
2055,door_2,2150,0,0.0545729,0.054573,0,0.016256,0,0,0,6.19596,0.0678518,0.68133,0.882621,2,-4.74848,9.23925,-0.014924,0.0285111,0.00519586,0.00641141
2055,door_1,1817,0,0.106994,0.106994,0,0.00763028,0,0,0,4.10191,0.0434045,0.570703,0.7,2.10824,-3.2513,7.166,0,0.638018,0.0056123,0.00556847
2057,door_2,2150,0,0.0545729,0.054573,0,0.016256,0,0,0,6.19596,0.0678518,0.681331,0.882621,2,-4.74848,9.23925,-0.014924,0.0285111,0.00519586,0.00641141
2057,door_1,1817,0,0.106994,0.106994,0,0.00763028,0,0,0,4.10191,0.0434045,0.570703,0.7,2.10824,-3.2513,7.166,0,0.638037,0.0056123,0.00556847
2058,door_2,2150,0,0.0545729,0.054573,0,0.016256,0,0,0,6.19596,0.0678518,0.681331,0.882621,2,-4.74848,9.23925,-0.014924,0.0285111,0.00519586,0.00641141
2058,door_1,1817,0,0.106994,0.106994,0,0.00763028,0,0,0,4.10191,0.0434045,0.570703,0.7,2.10824,-3.2513,7.166,0,0.638056,0.0056123,0.00556847
2059,door_2,2150,0,0.0545729,0.054573,0,0.016256,0,0,0,6.19596,0.0678518,0.68133,0.882621,2,-4.74848,9.23925,-0.014924,0.0285111,0.00519586,0.00641141
2059,door_1,1817,0,0.106994,0.106994,0,0.00763028,0,0,0,4.10191,0.0434045,0.570703,0.7,2.10824,-3.2513,7.166,0,0.638074,0.0056123,0.00556847
2060,door_2,2150,0,0.0545729,0.054573,0,0.016256,0,0,0,6.19596,0.0678518,0.68133,0.882621,2,-4.74848,9.23925,-0.014924,0.0285111,0.00519586,0.00641141
2060,door_1,1817,0,0.106994,0.106994,0,0.00763028,0,0,0,4.10191,0.0434045,0.570703,0.7,2.10824,-3.2513,7.166,0,0.638093,0.0056123,0.00556847
2061,door_2,2150,0,0.0545729,0.054573,0,0.016256,0,0,0,6.19596,0.0678518,0.68133,0.882621,2,-4.74848,9.23925,-0.014924,0.0285111,0.00519586,0.00641141
2061,door_1,1817,0,0.106994,0.106994,0,0.00763028,0,0,0,4.10191,0.0434045,0.570703,0.7,2.10824,-3.2513,7.166,0,0.638112,0.0056123,0.00556847
2062,door_2,2150,0,0.0545729,0.054573,0,0.016256,0,0,0,6.19596,0.0678518,0.681331,0.882621,2,-4.74848,9.23925,-0.014924,0.0285111,0.00519586,0.00641141
2062,door_1,1817,0,0.106994,0.106994,0,0.00763028,0,0,0,4.10191,0.0434045,0.570703,0.7,2.10824,-3.2513,7.166,0,0.63813,0.0056123,0.00556847
2063,door_2,2150,0,0.0545729,0.054573,0,0.016256,0,0,0,6.19596,0.0678518,0.68133,0.882621,2,-4.74848,9.23925,-0.014924,0.0285111,0.00519586,0.00641141
2063,door_1,1817,0,0.106994,0.106994,0,0.00763028,0,0,0,4.10191,0.0434045,0.570703,0.7,2.10824,-3.2513,7.166,0,0.638149,0.0056123,0.00556847
2064,door_2,2150,0,0.0545729,0.054573,0,0.016256,0,0,0,6.19596,0.0678518,0.68133,0.882621,2,-4.74848,9.23925,-0.014924,0.0285111,0.00519586,0.00641141
2064,door_1,1817,0,0.106994,0.106994,0,0.00763028,0,0,0,4.10191,0.0434045,0.570703,0.7,2.10824,-3.2513,7.166,0,0.638167,0.0056123,0.00556847
2065,door_2,2150,0,0.0545729,0.054573,0,0.016256,0,0,0,6.19596,0.0678518,0.68133,0.882621,2,-4.74848,9.23925,-0.014924,0.0285111,0.00519586,0.00641141
2065,door_1,1817,0,0.106994,0.106994,0,0.00763028,0,0,0,4.10191,0.0434045,0.570703,0.7,2.10824,-3.2513,7.166,0,0.638186,0.0056123,0.00556847
2066,door_2,2150,0,0.0545729,0.054573,0,0.016256,0,0,0,6.19596,0.0678518,0.68133,0.882621,2,-4.74848,9.23925,-0.014924,0.0285111,0.00519586,0.00641141
2066,door_1,1817,0,0.106994,0.106994,0,0.00763028,0,0,0,4.10191,0.0434045,0.570703,0.7,2.10824,-3.2513,7.166,0,0.638205,0.0056123,0.00556847
2068,door_2,2150,0,0.0545729,0.054573,0,0.016256,0,0,0,6.19596,0.0678518,0.681331,0.882621,2,-4.74848,9.23925,-0.014924,0.0285111,0.00519586,0.00641141
2068,door_1,1817,0,0.106994,0.106994,0,0.00763028,0,0,0,4.10191,0.0434045,0.570703,0.7,2.10824,-3.2513,7.166,0,0.638223,0.0056123,0.00556847
2069,door_2,2150,0,0.0545729,0.054573,0,0.016256,0,0,0,6.19596,0.0678518,0.681331,0.882621,2,-4.74848,9.23925,-0.014924,0.0285111,0.00519586,0.00641141
2069,door_1,1817,0,0.106994,0.106994,0,0.00763028,0,0,0,4.10191,0.0434045,0.570703,0.7,2.10824,-3.2513,7.166,0,0.638242,0.0056123,0.00556847
2070,door_2,2150,0,0.0545729,0.054573,0,0.016256,0,0,0,6.19596,0.0678518,0.68133,0.882621,2,-4.74848,9.23925,-0.014924,0.0285111,0.00519586,0.00641141
2070,door_1,1817,0,0.106994,0.106994,0,0.00763028,0,0,0,4.10191,0.0434045,0.570703,0.7,2.10824,-3.2513,7.166,0,0.63826,0.0056123,0.00556847
2071,door_2,2150,0,0.0545729,0.054573,0,0.016256,0,0,0,6.19596,0.0678518,0.68133,0.882621,2,-4.74848,9.23925,-0.014924,0.0285111,0.00519586,0.00641141
2071,door_1,1817,0,0.106994,0.106994,0,0.00763028,0,0,0,4.10191,0.0434045,0.570703,0.7,2.10824,-3.2513,7.166,0,0.638279,0.0056123,0.00556847
2072,door_2,2150,0,0.0545729,0.054573,0,0.016256,0,0,0,6.19596,0.0678518,0.68133,0.882621,2,-4.74848,9.23925,-0.014924,0.0285111,0.00519586,0.00641141
2072,door_1,1817,0,0.106994,0.106994,0,0.00763028,0,0,0,4.10191,0.0434045,0.570703,0.7,2.10824,-3.2513,7.166,0,0.638298,0.0056123,0.00556847
2073,door_2,2150,0,0.0545729,0.054573,0,0.016256,0,0,0,6.19596,0.0678518,0.681331,0.882621,2,-4.74848,9.23925,-0.014924,0.0285111,0.00519586,0.00641141
2073,door_1,1817,0,0.106994,0.106994,0,0.00763028,0,0,0,4.10191,0.0434045,0.570703,0.7,2.10824,-3.2513,7.166,0,0.638316,0.0056123,0.00556847
2074,door_2,2150,0,0.0545729,0.054573,0,0.016256,0,0,0,6.19596,0.0678518,0.68133,0.882621,2,-4.74848,9.23925,-0.014924,0.0285111,0.00519586,0.00641141
2074,door_1,1817,0,0.106994,0.106994,0,0.00763028,0,0,0,4.10191,0.0434045,0.570703,0.7,2.10824,-3.2513,7.166,0,0.638335,0.0056123,0.00556847
2075,door_2,2150,0,0.0545729,0.054573,0,0.016256,0,0,0,6.19596,0.0678518,0.68133,0.882621,2,-4.74848,9.23925,-0.014924,0.0285111,0.00519586,0.00641141
2075,door_1,1817,0,0.106994,0.106994,0,0.00763028,0,0,0,4.10191,0.0434045,0.570703,0.7,2.10824,-3.2513,7.166,0,0.638353,0.0056123,0.00556847
2076,door_2,2150,0,0.0545729,0.054573,0,0.016256,0,0,0,6.19596,0.0678518,0.68133,0.882621,2,-4.74848,9.23925,-0.014924,0.0285111,0.00519586,0.00641141
2076,door_1,1817,0,0.106994,0.106994,0,0.00763028,0,0,0,4.10191,0.0434045,0.570703,0.7,2.10824,-3.2513,7.166,0,0.638372,0.0056123,0.00556847
2077,door_2,2150,0,0.0545729,0.054573,0,0.016256,0,0,0,6.19596,0.0678518,0.68133,0.882621,2,-4.74848,9.23925,-0.014924,0.0285111,0.00519586,0.00641141
2077,door_1,1817,0,0.106994,0.106994,0,0.00763028,0,0,0,4.10191,0.0434045,0.570703,0.7,2.10824,-3.2513,7.166,0,0.638391,0.0056123,0.00556847
2078,door_2,2150,0,0.0545729,0.054573,0,0.016256,0,0,0,6.19596,0.0678518,0.681331,0.882621,2,-4.74848,9.23925,-0.014924,0.0285111,0.00519586,0.00641141
2078,door_1,1817,0,0.106994,0.106994,0,0.00763028,0,0,0,4.10191,0.0434045,0.570703,0.7,2.10824,-3.2513,7.166,0,0.638409,0.0056123,0.00556847
2079,door_2,2150,0,0.0545729,0.054573,0,0.016256,0,0,0,6.19596,0.0678518,0.681331,0.882621,2,-4.74848,9.23925,-0.014924,0.0285111,0.00519586,0.00641141
2079,door_1,1817,0,0.106994,0.106994,0,0.00763028,0,0,0,4.10191,0.0434045,0.570703,0.7,2.10824,-3.2513,7.166,0,0.638428,0.0056123,0.00556847
2080,door_2,2150,0,0.0545729,0.054573,0,0.016256,0,0,0,6.19596,0.0678518,0.68133,0.882621,2,-4.74848,9.23925,-0.014924,0.0285111,0.00519586,0.00641141
2080,door_1,1817,0,0.106994,0.106994,0,0.00763028,0,0,0,4.10191,0.0434045,0.570703,0.7,2.10824,-3.2513,7.166,0,0.638446,0.0056123,0.00556847
2081,door_2,2150,0,0.0545729,0.054573,0,0.016256,0,0,0,6.19596,0.0678518,0.68133,0.882621,2,-4.74848,9.23925,-0.014924,0.0285111,0.00519586,0.00641141
2081,door_1,1817,0,0.106994,0.106994,0,0.00763028,0,0,0,4.10191,0.0434045,0.570703,0.7,2.10824,-3.2513,7.166,0,0.638465,0.0056123,0.00556847
2082,door_2,2150,0,0.0545729,0.054573,0,0.016256,0,0,0,6.19596,0.0678518,0.68133,0.882621,2,-4.74848,9.23925,-0.014924,0.0285111,0.00519586,0.00641141
2082,door_1,1817,0,0.106994,0.106994,0,0.00763028,0,0,0,4.10191,0.0434045,0.570703,0.7,2.10824,-3.2513,7.166,0,0.638484,0.0056123,0.00556847
2083,door_2,2150,0,0.0545729,0.054573,0,0.016256,0,0,0,6.19596,0.0678518,0.681331,0.882621,2,-4.74848,9.23925,-0.014924,0.0285111,0.00519586,0.00641141
2083,door_1,1817,0,0.106994,0.106994,0,0.00763028,0,0,0,4.10191,0.0434045,0.570703,0.7,2.10824,-3.2513,7.166,0,0.638502,0.0056123,0.00556847
2084,door_2,2150,0,0.0545729,0.054573,0,0.016256,0,0,0,6.19596,0.0678518,0.68133,0.882621,2,-4.74848,9.23925,-0.014924,0.0285111,0.00519586,0.00641141
2084,door_1,1817,0,0.106994,0.106994,0,0.00763028,0,0,0,4.10191,0.0434045,0.570703,0.7,2.10824,-3.2513,7.166,0,0.638521,0.0056123,0.00556847
2085,door_2,2150,0,0.0545729,0.054573,0,0.016256,0,0,0,6.19596,0.0678518,0.68133,0.882621,2,-4.74848,9.23925,-0.014924,0.0285111,0.00519586,0.00641141
2085,door_1,1817,0,0.106994,0.106994,0,0.00763028,0,0,0,4.10191,0.0434045,0.570703,0.7,2.10824,-3.2513,7.166,0,0.638539,0.0056123,0.00556847
2087,door_2,2150,0,0.0545729,0.054573,0,0.016256,0,0,0,6.19596,0.0678518,0.68133,0.882621,2,-4.74848,9.23925,-0.014924,0.0285111,0.00519586,0.00641141
2087,door_1,1817,0,0.106994,0.106994,0,0.00763028,0,0,0,4.10191,0.0434045,0.570703,0.7,2.10824,-3.2513,7.166,0,0.638558,0.0056123,0.00556847
2088,door_2,2150,0,0.0545729,0.054573,0,0.016256,0,0,0,6.19596,0.0678518,0.68133,0.882621,2,-4.74848,9.23925,-0.014924,0.0285111,0.00519586,0.00641141
2088,door_1,1817,0,0.106994,0.106994,0,0.00763028,0,0,0,4.10191,0.0434045,0.570703,0.7,2.10824,-3.2513,7.166,0,0.638577,0.0056123,0.00556847
2090,door_2,2150,0,0.0545729,0.054573,0,0.016256,0,0,0,6.19596,0.0678518,0.681331,0.882621,2,-4.74848,9.23925,-0.014924,0.0285111,0.00519586,0.00641141
2090,door_1,1817,0,0.106994,0.106994,0,0.00763028,0,0,0,4.10191,0.0434045,0.570703,0.7,2.10824,-3.2513,7.166,0,0.638595,0.0056123,0.00556847
2091,door_2,2150,0,0.0545729,0.054573,0,0.016256,0,0,0,6.19596,0.0678518,0.681331,0.882621,2,-4.74848,9.23925,-0.014924,0.0285111,0.00519586,0.00641141
2091,door_1,1817,0,0.106994,0.106994,0,0.00763028,0,0,0,4.10191,0.0434045,0.570703,0.7,2.10824,-3.2513,7.166,0,0.638614,0.0056123,0.00556847
2092,door_2,2150,0,0.0545729,0.054573,0,0.016256,0,0,0,6.19596,0.0678518,0.68133,0.882621,2,-4.74848,9.23925,-0.014924,0.0285111,0.00519586,0.00641141
2092,door_1,1817,0,0.106994,0.106994,0,0.00763028,0,0,0,4.10191,0.0434045,0.570703,0.7,2.10824,-3.2513,7.166,0,0.638632,0.0056123,0.00556847
2093,door_2,2150,0,0.0545729,0.054573,0,0.016256,0,0,0,6.19596,0.0678518,0.68133,0.882621,2,-4.74848,9.23925,-0.014924,0.0285111,0.00519586,0.00641141
2093,door_1,1817,0,0.106994,0.106994,0,0.00763028,0,0,0,4.10191,0.0434045,0.570703,0.7,2.10824,-3.2513,7.166,0,0.638651,0.0056123,0.00556847
2094,door_2,2150,0,0.0545729,0.054573,0,0.016256,0,0,0,6.19596,0.0678518,0.68133,0.882621,2,-4.74848,9.23925,-0.014924,0.0285111,0.00519586,0.00641141
2094,door_1,1817,0,0.106994,0.106994,0,0.00763028,0,0,0,4.10191,0.0434045,0.570703,0.7,2.10824,-3.2513,7.166,0,0.638669,0.0056123,0.00556847
2095,door_2,2150,0,0.0545729,0.054573,0,0.016256,0,0,0,6.19596,0.0678518,0.681331,0.882621,2,-4.74848,9.23925,-0.014924,0.0285111,0.00519586,0.00641141
2095,door_1,1817,0,0.106994,0.106994,0,0.00763028,0,0,0,4.10191,0.0434045,0.570703,0.7,2.10824,-3.2513,7.166,0,0.638688,0.0056123,0.00556847
2096,door_2,2150,0,0.0545729,0.054573,0,0.016256,0,0,0,6.19596,0.0678518,0.68133,0.882621,2,-4.74848,9.23925,-0.014924,0.0285111,0.00519586,0.00641141
2096,door_1,1817,0,0.106994,0.106994,0,0.00763028,0,0,0,4.10191,0.0434045,0.570703,0.7,2.10824,-3.2513,7.166,0,0.638707,0.0056123,0.00556847
2097,door_2,2150,0,0.0545729,0.054573,0,0.016256,0,0,0,6.19596,0.0678518,0.68133,0.882621,2,-4.74848,9.23925,-0.014924,0.0285111,0.00519586,0.00641141
2097,door_1,1817,0,0.106994,0.106994,0,0.00763028,0,0,0,4.10191,0.0434045,0.570703,0.7,2.10824,-3.2513,7.166,0,0.638725,0.0056123,0.00556847
2098,door_2,2150,0,0.0545729,0.054573,0,0.016256,0,0,0,6.19596,0.0678518,0.68133,0.882621,2,-4.74848,9.23925,-0.014924,0.0285111,0.00519586,0.00641141
2098,door_1,1817,0,0.106994,0.106994,0,0.00763028,0,0,0,4.10191,0.0434045,0.570703,0.7,2.10824,-3.2513,7.166,0,0.638744,0.0056123,0.00556847
2099,door_2,2150,0,0.0545729,0.054573,0,0.016256,0,0,0,6.19596,0.0678518,0.68133,0.882621,2,-4.74848,9.23925,-0.014924,0.0285111,0.00519586,0.00641141
2099,door_1,1817,0,0.106994,0.106994,0,0.00763028,0,0,0,4.10191,0.0434045,0.570703,0.7,2.10824,-3.2513,7.166,0,0.638762,0.0056123,0.00556847
2100,door_2,2150,0,0.0545729,0.054573,0,0.016256,0,0,0,6.19596,0.0678518,0.681331,0.882621,2,-4.74848,9.23925,-0.014924,0.0285111,0.00519586,0.00641141
2100,door_1,1817,0,0.106994,0.106994,0,0.00763028,0,0,0,4.10191,0.0434045,0.570703,0.7,2.10824,-3.2513,7.166,0,0.638781,0.0056123,0.00556847
2101,door_2,2150,0,0.0545729,0.054573,0,0.016256,0,0,0,6.19596,0.0678518,0.681331,0.882621,2,-4.74848,9.23925,-0.014924,0.0285111,0.00519586,0.00641141
2101,door_1,1817,0,0.106994,0.106994,0,0.00763028,0,0,0,4.10191,0.0434045,0.570703,0.7,2.10824,-3.2513,7.166,0,0.6388,0.0056123,0.00556847
2103,door_2,2150,0,0.0545729,0.054573,0,0.016256,0,0,0,6.19596,0.0678518,0.68133,0.882621,2,-4.74848,9.23925,-0.014924,0.0285111,0.00519586,0.00641141
2103,door_1,1817,0,0.106994,0.106994,0,0.00763028,0,0,0,4.10191,0.0434045,0.570703,0.7,2.10824,-3.2513,7.166,0,0.638818,0.0056123,0.00556847
2104,door_2,2150,0,0.0545729,0.054573,0,0.016256,0,0,0,6.19596,0.0678518,0.68133,0.882621,2,-4.74848,9.23925,-0.014924,0.0285111,0.00519586,0.00641141
2104,door_1,1817,0,0.106994,0.106994,0,0.00763028,0,0,0,4.10191,0.0434045,0.570703,0.7,2.10824,-3.2513,7.166,0,0.638837,0.0056123,0.00556847
2105,door_2,2150,0,0.0545729,0.054573,0,0.016256,0,0,0,6.19596,0.0678518,0.68133,0.882621,2,-4.74848,9.23925,-0.014924,0.0285111,0.00519586,0.00641141
2105,door_1,1817,0,0.106994,0.106994,0,0.00763028,0,0,0,4.10191,0.0434045,0.570703,0.7,2.10824,-3.2513,7.166,0,0.638855,0.0056123,0.00556847
2106,door_2,2150,0,0.0545729,0.054573,0,0.016256,0,0,0,6.19596,0.0678518,0.681331,0.882621,2,-4.74848,9.23925,-0.014924,0.0285111,0.00519586,0.00641141
2106,door_1,1817,0,0.106994,0.106994,0,0.00763028,0,0,0,4.10191,0.0434045,0.570703,0.7,2.10824,-3.2513,7.166,0,0.638874,0.0056123,0.00556847
2107,door_2,2150,0,0.0545729,0.054573,0,0.016256,0,0,0,6.19596,0.0678518,0.68133,0.882621,2,-4.74848,9.23925,-0.014924,0.0285111,0.00519586,0.00641141
2107,door_1,1817,0,0.106994,0.106994,0,0.00763028,0,0,0,4.10191,0.0434045,0.570703,0.7,2.10824,-3.2513,7.166,0,0.638892,0.0056123,0.00556847
2108,door_2,2150,0,0.0545729,0.054573,0,0.016256,0,0,0,6.19596,0.0678518,0.68133,0.882621,2,-4.74848,9.23925,-0.014924,0.0285111,0.00519586,0.00641141
2108,door_1,1817,0,0.106994,0.106994,0,0.00763028,0,0,0,4.10191,0.0434045,0.570703,0.7,2.10824,-3.2513,7.166,0,0.638911,0.0056123,0.00556847
2109,door_2,2150,0,0.0545729,0.054573,0,0.016256,0,0,0,6.19596,0.0678518,0.68133,0.882621,2,-4.74848,9.23925,-0.014924,0.0285111,0.00519586,0.00641141
2109,door_1,1817,0,0.106994,0.106994,0,0.00763028,0,0,0,4.10191,0.0434045,0.570703,0.7,2.10824,-3.2513,7.166,0,0.63893,0.0056123,0.00556847
2110,door_2,2150,0,0.0545729,0.054573,0,0.016256,0,0,0,6.19596,0.0678518,0.68133,0.882621,2,-4.74848,9.23925,-0.014924,0.0285111,0.00519586,0.00641141
2110,door_1,1817,0,0.106994,0.106994,0,0.00763028,0,0,0,4.10191,0.0434045,0.570703,0.7,2.10824,-3.2513,7.166,0,0.638948,0.0056123,0.00556847
2111,door_2,2150,0,0.0545729,0.054573,0,0.016256,0,0,0,6.19596,0.0678518,0.681331,0.882621,2,-4.74848,9.23925,-0.014924,0.0285111,0.00519586,0.00641141
2111,door_1,1817,0,0.106994,0.106994,0,0.00763028,0,0,0,4.10191,0.0434045,0.570703,0.7,2.10824,-3.2513,7.166,0,0.638967,0.0056123,0.00556847
2112,door_2,2150,0,0.0545729,0.054573,0,0.016256,0,0,0,6.19596,0.0678518,0.681331,0.882621,2,-4.74848,9.23925,-0.014924,0.0285111,0.00519586,0.00641141
2112,door_1,1817,0,0.106994,0.106994,0,0.00763028,0,0,0,4.10191,0.0434045,0.570703,0.7,2.10824,-3.2513,7.166,0,0.638985,0.0056123,0.00556847
2113,door_2,2150,0,0.0545729,0.054573,0,0.016256,0,0,0,6.19596,0.0678518,0.68133,0.882621,2,-4.74848,9.23925,-0.014924,0.0285111,0.00519586,0.00641141
2113,door_1,1817,0,0.106994,0.106994,0,0.00763028,0,0,0,4.10191,0.0434045,0.570703,0.7,2.10824,-3.2513,7.166,0,0.639004,0.0056123,0.00556847
2114,door_2,2150,0,0.0545729,0.054573,0,0.016256,0,0,0,6.19596,0.0678518,0.68133,0.882621,2,-4.74848,9.23925,-0.014924,0.0285111,0.00519586,0.00641141
2114,door_1,1817,0,0.106994,0.106994,0,0.00763028,0,0,0,4.10191,0.0434045,0.570703,0.7,2.10824,-3.2513,7.166,0,0.639022,0.0056123,0.00556847
2116,door_2,2150,0,0.0545729,0.054573,0,0.016256,0,0,0,6.19596,0.0678518,0.68133,0.882621,2,-4.74848,9.23925,-0.014924,0.0285111,0.00519586,0.00641141
2116,door_1,1817,0,0.106994,0.106994,0,0.00763028,0,0,0,4.10191,0.0434045,0.570703,0.7,2.10824,-3.2513,7.166,0,0.639041,0.0056123,0.00556847
2117,door_2,2150,0,0.0545729,0.054573,0,0.016256,0,0,0,6.19596,0.0678518,0.681331,0.882621,2,-4.74848,9.23925,-0.014924,0.0285111,0.00519586,0.00641141
2117,door_1,1817,0,0.106994,0.106994,0,0.00763028,0,0,0,4.10191,0.0434045,0.570703,0.7,2.10824,-3.2513,7.166,0,0.63906,0.0056123,0.00556847
2118,door_2,2150,0,0.0545729,0.054573,0,0.016256,0,0,0,6.19596,0.0678518,0.68133,0.882621,2,-4.74848,9.23925,-0.014924,0.0285111,0.00519586,0.00641141
2118,door_1,1817,0,0.106994,0.106994,0,0.00763028,0,0,0,4.10191,0.0434045,0.570703,0.7,2.10824,-3.2513,7.166,0,0.639078,0.0056123,0.00556847
2119,door_2,2150,0,0.0545729,0.054573,0,0.016256,0,0,0,6.19596,0.0678518,0.68133,0.882621,2,-4.74848,9.23925,-0.014924,0.0285111,0.00519586,0.00641141
2119,door_1,1817,0,0.106994,0.106994,0,0.00763028,0,0,0,4.10191,0.0434045,0.570703,0.7,2.10824,-3.2513,7.166,0,0.639097,0.0056123,0.00556847
2120,door_2,2150,0,0.0545729,0.054573,0,0.016256,0,0,0,6.19596,0.0678518,0.68133,0.882621,2,-4.74848,9.23925,-0.014924,0.0285111,0.00519586,0.00641141
2120,door_1,1817,0,0.106994,0.106994,0,0.00763028,0,0,0,4.10191,0.0434045,0.570703,0.7,2.10824,-3.2513,7.166,0,0.639115,0.0056123,0.00556847
2121,door_2,2150,0,0.0545729,0.054573,0,0.016256,0,0,0,6.19596,0.0678518,0.68133,0.882621,2,-4.74848,9.23925,-0.014924,0.0285111,0.00519586,0.00641141
2121,door_1,1817,0,0.106994,0.106994,0,0.00763028,0,0,0,4.10191,0.0434045,0.570703,0.7,2.10824,-3.2513,7.166,0,0.639134,0.0056123,0.00556847
2122,door_2,2150,0,0.0545729,0.054573,0,0.016256,0,0,0,6.19596,0.0678518,0.681331,0.882621,2,-4.74848,9.23925,-0.014924,0.0285111,0.00519586,0.00641141
2122,door_1,1817,0,0.106994,0.106994,0,0.00763028,0,0,0,4.10191,0.0434045,0.570703,0.7,2.10824,-3.2513,7.166,0,0.639152,0.0056123,0.00556847
2123,door_2,2150,0,0.0545729,0.054573,0,0.016256,0,0,0,6.19596,0.0678518,0.681331,0.882621,2,-4.74848,9.23925,-0.014924,0.0285111,0.00519586,0.00641141
2123,door_1,1817,0,0.106994,0.106994,0,0.00763028,0,0,0,4.10191,0.0434045,0.570703,0.7,2.10824,-3.2513,7.166,0,0.639171,0.0056123,0.00556847
2124,door_2,2150,0,0.0545729,0.054573,0,0.016256,0,0,0,6.19596,0.0678518,0.68133,0.882621,2,-4.74848,9.23925,-0.014924,0.0285111,0.00519586,0.00641141
2124,door_1,1817,0,0.106994,0.106994,0,0.00763028,0,0,0,4.10191,0.0434045,0.570703,0.7,2.10824,-3.2513,7.166,0,0.639189,0.0056123,0.00556847
2125,door_2,2150,0,0.0545729,0.054573,0,0.016256,0,0,0,6.19596,0.0678518,0.68133,0.882621,2,-4.74848,9.23925,-0.014924,0.0285111,0.00519586,0.00641141
2125,door_1,1817,0,0.106994,0.106994,0,0.00763028,0,0,0,4.10191,0.0434045,0.570703,0.7,2.10824,-3.2513,7.166,0,0.639208,0.0056123,0.00556847
2126,door_2,2150,0,0.0545729,0.054573,0,0.016256,0,0,0,6.19596,0.0678518,0.68133,0.882621,2,-4.74848,9.23925,-0.014924,0.0285111,0.00519586,0.00641141
2126,door_1,1817,0,0.106994,0.106994,0,0.00763028,0,0,0,4.10191,0.0434045,0.570703,0.7,2.10824,-3.2513,7.166,0,0.639227,0.0056123,0.00556847
2127,door_2,2150,0,0.0545729,0.054573,0,0.016256,0,0,0,6.19596,0.0678518,0.681331,0.882621,2,-4.74848,9.23925,-0.014924,0.0285111,0.00519586,0.00641141
2127,door_1,1817,0,0.106994,0.106994,0,0.00763028,0,0,0,4.10191,0.0434045,0.570703,0.7,2.10824,-3.2513,7.166,0,0.639245,0.0056123,0.00556847
2128,door_2,2150,0,0.0545729,0.054573,0,0.016256,0,0,0,6.19596,0.0678518,0.68133,0.882621,2,-4.74848,9.23925,-0.014924,0.0285111,0.00519586,0.00641141
2128,door_1,1817,0,0.106994,0.106994,0,0.00763028,0,0,0,4.10191,0.0434045,0.570703,0.7,2.10824,-3.2513,7.166,0,0.639264,0.0056123,0.00556847
2129,door_2,2150,0,0.0545729,0.054573,0,0.016256,0,0,0,6.19596,0.0678518,0.68133,0.882621,2,-4.74848,9.23925,-0.014924,0.0285111,0.00519586,0.00641141
2129,door_1,1817,0,0.106994,0.106994,0,0.00763028,0,0,0,4.10191,0.0434045,0.570703,0.7,2.10824,-3.2513,7.166,0,0.639282,0.0056123,0.00556847
2130,door_2,2150,0,0.0545729,0.054573,0,0.016256,0,0,0,6.19596,0.0678518,0.68133,0.882621,2,-4.74848,9.23925,-0.014924,0.0285111,0.00519586,0.00641141
2130,door_1,1817,0,0.106994,0.106994,0,0.00763028,0,0,0,4.10191,0.0434045,0.570703,0.7,2.10824,-3.2513,7.166,0,0.639301,0.0056123,0.00556847
2131,door_2,2150,0,0.0545729,0.054573,0,0.016256,0,0,0,6.19596,0.0678518,0.68133,0.882621,2,-4.74848,9.23925,-0.014924,0.0285111,0.00519586,0.00641141
2131,door_1,1817,0,0.106994,0.106994,0,0.00763028,0,0,0,4.10191,0.0434045,0.570703,0.7,2.10824,-3.2513,7.166,0,0.639319,0.0056123,0.00556847
2132,door_2,2150,0,0.0545729,0.054573,0,0.016256,0,0,0,6.19596,0.0678518,0.681331,0.882621,2,-4.74848,9.23925,-0.014924,0.0285111,0.00519586,0.00641141
2132,door_1,1817,0,0.106994,0.106994,0,0.00763028,0,0,0,4.10191,0.0434045,0.570703,0.7,2.10824,-3.2513,7.166,0,0.639338,0.0056123,0.00556847
2134,door_2,2150,0,0.0545729,0.054573,0,0.016256,0,0,0,6.19596,0.0678518,0.681331,0.882621,2,-4.74848,9.23925,-0.014924,0.0285111,0.00519586,0.00641141
2134,door_1,1817,0,0.106994,0.106994,0,0.00763028,0,0,0,4.10191,0.0434045,0.570703,0.7,2.10824,-3.2513,7.166,0,0.639356,0.0056123,0.00556847
2135,door_2,2150,0,0.0545729,0.054573,0,0.016256,0,0,0,6.19596,0.0678518,0.68133,0.882621,2,-4.74848,9.23925,-0.014924,0.0285111,0.00519586,0.00641141
2135,door_1,1817,0,0.106994,0.106994,0,0.00763028,0,0,0,4.10191,0.0434045,0.570703,0.7,2.10824,-3.2513,7.166,0,0.639375,0.0056123,0.00556847
2136,door_2,2150,0,0.0545729,0.054573,0,0.016256,0,0,0,6.19596,0.0678518,0.68133,0.882621,2,-4.74848,9.23925,-0.014924,0.0285111,0.00519586,0.00641141
2136,door_1,1817,0,0.106994,0.106994,0,0.00763028,0,0,0,4.10191,0.0434045,0.570703,0.7,2.10824,-3.2513,7.166,0,0.639394,0.0056123,0.00556847
2137,door_2,2150,0,0.0545729,0.054573,0,0.016256,0,0,0,6.19596,0.0678518,0.68133,0.882621,2,-4.74848,9.23925,-0.014924,0.0285111,0.00519586,0.00641141
2137,door_1,1817,0,0.106994,0.106994,0,0.00763028,0,0,0,4.10191,0.0434045,0.570703,0.7,2.10824,-3.2513,7.166,0,0.639412,0.0056123,0.00556847
2138,door_2,2150,0,0.0545729,0.054573,0,0.016256,0,0,0,6.19596,0.0678518,0.681331,0.882621,2,-4.74848,9.23925,-0.014924,0.0285111,0.00519586,0.00641141
2138,door_1,1817,0,0.106994,0.106994,0,0.00763028,0,0,0,4.10191,0.0434045,0.570703,0.7,2.10824,-3.2513,7.166,0,0.639431,0.0056123,0.00556847
2139,door_2,2150,0,0.0545729,0.054573,0,0.016256,0,0,0,6.19596,0.0678518,0.68133,0.882621,2,-4.74848,9.23925,-0.014924,0.0285111,0.00519586,0.00641141
2139,door_1,1817,0,0.106994,0.106994,0,0.00763028,0,0,0,4.10191,0.0434045,0.570703,0.7,2.10824,-3.2513,7.166,0,0.639449,0.0056123,0.00556847
2140,door_2,2150,0,0.0545729,0.054573,0,0.016256,0,0,0,6.19596,0.0678518,0.68133,0.882621,2,-4.74848,9.23925,-0.014924,0.0285111,0.00519586,0.00641141
2140,door_1,1817,0,0.106994,0.106994,0,0.00763028,0,0,0,4.10191,0.0434045,0.570703,0.7,2.10824,-3.2513,7.166,0,0.639468,0.0056123,0.00556847
2142,door_2,2150,0,0.0545729,0.054573,0,0.016256,0,0,0,6.19596,0.0678518,0.68133,0.882621,2,-4.74848,9.23925,-0.014924,0.0285111,0.00519586,0.00641141
2142,door_1,1817,0,0.106994,0.106994,0,0.00763028,0,0,0,4.10191,0.0434045,0.570703,0.7,2.10824,-3.2513,7.166,0,0.639486,0.0056123,0.00556847
2143,door_2,2150,0,0.0545729,0.054573,0,0.016256,0,0,0,6.19596,0.0678518,0.68133,0.882621,2,-4.74848,9.23925,-0.014924,0.0285111,0.00519586,0.00641141
2143,door_1,1817,0,0.106994,0.106994,0,0.00763028,0,0,0,4.10191,0.0434045,0.570703,0.7,2.10824,-3.2513,7.166,0,0.639505,0.0056123,0.00556847
2144,door_2,2150,0,0.0545729,0.054573,0,0.016256,0,0,0,6.19596,0.0678518,0.681331,0.882621,2,-4.74848,9.23925,-0.014924,0.0285111,0.00519586,0.00641141
2144,door_1,1817,0,0.106994,0.106994,0,0.00763028,0,0,0,4.10191,0.0434045,0.570703,0.7,2.10824,-3.2513,7.166,0,0.639524,0.0056123,0.00556847
2145,door_2,2150,0,0.0545729,0.054573,0,0.016256,0,0,0,6.19596,0.0678518,0.681331,0.882621,2,-4.74848,9.23925,-0.014924,0.0285111,0.00519586,0.00641141
2145,door_1,1817,0,0.106994,0.106994,0,0.00763028,0,0,0,4.10191,0.0434045,0.570703,0.7,2.10824,-3.2513,7.166,0,0.639542,0.0056123,0.00556847
2146,door_2,2150,0,0.0545729,0.054573,0,0.016256,0,0,0,6.19596,0.0678518,0.68133,0.882621,2,-4.74848,9.23925,-0.014924,0.0285111,0.00519586,0.00641141
2146,door_1,1817,0,0.106994,0.106994,0,0.00763028,0,0,0,4.10191,0.0434045,0.570703,0.7,2.10824,-3.2513,7.166,0,0.639561,0.0056123,0.00556847
2147,door_2,2150,0,0.0545729,0.054573,0,0.016256,0,0,0,6.19596,0.0678518,0.68133,0.882621,2,-4.74848,9.23925,-0.014924,0.0285111,0.00519586,0.00641141
2147,door_1,1817,0,0.106994,0.106994,0,0.00763028,0,0,0,4.10191,0.0434045,0.570703,0.7,2.10824,-3.2513,7.166,0,0.639579,0.0056123,0.00556847
2148,door_2,2150,0,0.0545729,0.054573,0,0.016256,0,0,0,6.19596,0.0678518,0.68133,0.882621,2,-4.74848,9.23925,-0.014924,0.0285111,0.00519586,0.00641141
2148,door_1,1817,0,0.106994,0.106994,0,0.00763028,0,0,0,4.10191,0.0434045,0.570703,0.7,2.10824,-3.2513,7.166,0,0.639598,0.0056123,0.00556847
2149,door_2,2150,0,0.0545729,0.054573,0,0.016256,0,0,0,6.19596,0.0678518,0.681331,0.882621,2,-4.74848,9.23925,-0.014924,0.0285111,0.00519586,0.00641141
2149,door_1,1817,0,0.106994,0.106994,0,0.00763028,0,0,0,4.10191,0.0434045,0.570703,0.7,2.10824,-3.2513,7.166,0,0.639616,0.0056123,0.00556847
2150,door_2,2150,0,0.0545729,0.054573,0,0.016256,0,0,0,6.19596,0.0678518,0.68133,0.882621,2,-4.74848,9.23925,-0.014924,0.0285111,0.00519586,0.00641141
2150,door_1,1817,0,0.106994,0.106994,0,0.00763028,0,0,0,4.10191,0.0434045,0.570703,0.7,2.10824,-3.2513,7.166,0,0.639635,0.0056123,0.00556847
2151,door_2,2150,0,0.0545729,0.054573,0,0.016256,0,0,0,6.19596,0.0678518,0.68133,0.882621,2,-4.74848,9.23925,-0.014924,0.0285111,0.00519586,0.00641141
2151,door_1,1817,0,0.106994,0.106994,0,0.00763028,0,0,0,4.10191,0.0434045,0.570703,0.7,2.10824,-3.2513,7.166,0,0.639653,0.0056123,0.00556847
2152,door_2,2150,0,0.0545729,0.054573,0,0.016256,0,0,0,6.19596,0.0678518,0.68133,0.882621,2,-4.74848,9.23925,-0.014924,0.0285111,0.00519586,0.00641141
2152,door_1,1817,0,0.106994,0.106994,0,0.00763028,0,0,0,4.10191,0.0434045,0.570703,0.7,2.10824,-3.2513,7.166,0,0.639672,0.0056123,0.00556847
2153,door_2,2150,0,0.0545729,0.054573,0,0.016256,0,0,0,6.19596,0.0678518,0.68133,0.882621,2,-4.74848,9.23925,-0.014924,0.0285111,0.00519586,0.00641141
2153,door_1,1817,0,0.106994,0.106994,0,0.00763028,0,0,0,4.10191,0.0434045,0.570703,0.7,2.10824,-3.2513,7.166,0,0.63969,0.0056123,0.00556847
2154,door_2,2150,0,0.0545729,0.054573,0,0.016256,0,0,0,6.19596,0.0678518,0.681331,0.882621,2,-4.74848,9.23925,-0.014924,0.0285111,0.00519586,0.00641141
2154,door_1,1817,0,0.106994,0.106994,0,0.00763028,0,0,0,4.10191,0.0434045,0.570703,0.7,2.10824,-3.2513,7.166,0,0.639709,0.0056123,0.00556847
2155,door_2,2150,0,0.0545729,0.054573,0,0.016256,0,0,0,6.19596,0.0678518,0.681331,0.882621,2,-4.74848,9.23925,-0.014924,0.0285111,0.00519586,0.00641141
2155,door_1,1817,0,0.106994,0.106994,0,0.00763028,0,0,0,4.10191,0.0434045,0.570703,0.7,2.10824,-3.2513,7.166,0,0.639727,0.0056123,0.00556847
2156,door_2,2150,0,0.0545729,0.054573,0,0.016256,0,0,0,6.19596,0.0678518,0.68133,0.882621,2,-4.74848,9.23925,-0.014924,0.0285111,0.00519586,0.00641141
2156,door_1,1817,0,0.106994,0.106994,0,0.00763028,0,0,0,4.10191,0.0434045,0.570703,0.7,2.10824,-3.2513,7.166,0,0.639746,0.0056123,0.00556847
2157,door_2,2150,0,0.0545729,0.054573,0,0.016256,0,0,0,6.19596,0.0678518,0.68133,0.882621,2,-4.74848,9.23925,-0.014924,0.0285111,0.00519586,0.00641141
2157,door_1,1817,0,0.106994,0.106994,0,0.00763028,0,0,0,4.10191,0.0434045,0.570703,0.7,2.10824,-3.2513,7.166,0,0.639765,0.0056123,0.00556847
2158,door_2,2150,0,0.0545729,0.054573,0,0.016256,0,0,0,6.19596,0.0678518,0.68133,0.882621,2,-4.74848,9.23925,-0.014924,0.0285111,0.00519586,0.00641141
2158,door_1,1817,0,0.106994,0.106994,0,0.00763028,0,0,0,4.10191,0.0434045,0.570703,0.7,2.10824,-3.2513,7.166,0,0.639783,0.0056123,0.00556847
2159,door_2,2150,0,0.0545729,0.054573,0,0.016256,0,0,0,6.19596,0.0678518,0.681331,0.882621,2,-4.74848,9.23925,-0.014924,0.0285111,0.00519586,0.00641141
2159,door_1,1817,0,0.106994,0.106994,0,0.00763028,0,0,0,4.10191,0.0434045,0.570703,0.7,2.10824,-3.2513,7.166,0,0.639802,0.0056123,0.00556847
2160,door_2,2150,0,0.0545729,0.054573,0,0.016256,0,0,0,6.19596,0.0678518,0.68133,0.882621,2,-4.74848,9.23925,-0.014924,0.0285111,0.00519586,0.00641141
2160,door_1,1817,0,0.106994,0.106994,0,0.00763028,0,0,0,4.10191,0.0434045,0.570703,0.7,2.10824,-3.2513,7.166,0,0.63982,0.0056123,0.00556847
2162,door_2,2150,0,0.0545729,0.054573,0,0.016256,0,0,0,6.19596,0.0678518,0.68133,0.882621,2,-4.74848,9.23925,-0.014924,0.0285111,0.00519586,0.00641141
2162,door_1,1817,0,0.106994,0.106994,0,0.00763028,0,0,0,4.10191,0.0434045,0.570703,0.7,2.10824,-3.2513,7.166,0,0.639839,0.0056123,0.00556847
2163,door_2,2150,0,0.0545729,0.054573,0,0.016256,0,0,0,6.19596,0.0678518,0.68133,0.882621,2,-4.74848,9.23925,-0.014924,0.0285111,0.00519586,0.00641141
2163,door_1,1817,0,0.106994,0.106994,0,0.00763028,0,0,0,4.10191,0.0434045,0.570703,0.7,2.10824,-3.2513,7.166,0,0.639857,0.0056123,0.00556847
2164,door_2,2150,0,0.0545729,0.054573,0,0.016256,0,0,0,6.19596,0.0678518,0.68133,0.882621,2,-4.74848,9.23925,-0.014924,0.0285111,0.00519586,0.00641141
2164,door_1,1817,0,0.106994,0.106994,0,0.00763028,0,0,0,4.10191,0.0434045,0.570703,0.7,2.10824,-3.2513,7.166,0,0.639876,0.0056123,0.00556847
2165,door_2,2150,0,0.0545729,0.054573,0,0.016256,0,0,0,6.19596,0.0678518,0.681331,0.882621,2,-4.74848,9.23925,-0.014924,0.0285111,0.00519586,0.00641141
2165,door_1,1817,0,0.106994,0.106994,0,0.00763028,0,0,0,4.10191,0.0434045,0.570703,0.7,2.10824,-3.2513,7.166,0,0.639894,0.0056123,0.00556847
2166,door_2,2150,0,0.0545729,0.054573,0,0.016256,0,0,0,6.19596,0.0678518,0.681331,0.882621,2,-4.74848,9.23925,-0.014924,0.0285111,0.00519586,0.00641141
2166,door_1,1817,0,0.106994,0.106994,0,0.00763028,0,0,0,4.10191,0.0434045,0.570703,0.7,2.10824,-3.2513,7.166,0,0.639913,0.0056123,0.00556847
2167,door_2,2150,0,0.0545729,0.054573,0,0.016256,0,0,0,6.19596,0.0678518,0.68133,0.882621,2,-4.74848,9.23925,-0.014924,0.0285111,0.00519586,0.00641141
2167,door_1,1817,0,0.106994,0.106994,0,0.00763028,0,0,0,4.10191,0.0434045,0.570703,0.7,2.10824,-3.2513,7.166,0,0.639931,0.0056123,0.00556847
2168,door_2,2150,0,0.0545729,0.054573,0,0.016256,0,0,0,6.19596,0.0678518,0.68133,0.882621,2,-4.74848,9.23925,-0.014924,0.0285111,0.00519586,0.00641141
2168,door_1,1817,0,0.106994,0.106994,0,0.00763028,0,0,0,4.10191,0.0434045,0.570703,0.7,2.10824,-3.2513,7.166,0,0.63995,0.0056123,0.00556847
2169,door_2,2150,0,0.0545729,0.054573,0,0.016256,0,0,0,6.19596,0.0678518,0.68133,0.882621,2,-4.74848,9.23925,-0.014924,0.0285111,0.00519586,0.00641141
2169,door_1,1817,0,0.106994,0.106994,0,0.00763028,0,0,0,4.10191,0.0434045,0.570703,0.7,2.10824,-3.2513,7.166,0,0.639968,0.0056123,0.00556847
2170,door_2,2150,0,0.0545729,0.054573,0,0.016256,0,0,0,6.19596,0.0678518,0.681331,0.882621,2,-4.74848,9.23925,-0.014924,0.0285111,0.00519586,0.00641141
2170,door_1,1817,0,0.106994,0.106994,0,0.00763028,0,0,0,4.10191,0.0434045,0.570703,0.7,2.10824,-3.2513,7.166,0,0.639987,0.0056123,0.00556847
2171,door_2,2150,0,0.0545729,0.054573,0,0.016256,0,0,0,6.19596,0.0678518,0.68133,0.882621,2,-4.74848,9.23925,-0.014924,0.0285111,0.00519586,0.00641141
2171,door_1,1817,0,0.106994,0.106994,0,0.00763028,0,0,0,4.10191,0.0434045,0.570703,0.7,2.10824,-3.2513,7.166,0,0.640005,0.0056123,0.00556847
2172,door_2,2150,0,0.0545729,0.054573,0,0.016256,0,0,0,6.19596,0.0678518,0.68133,0.882621,2,-4.74848,9.23925,-0.014924,0.0285111,0.00519586,0.00641141
2172,door_1,1817,0,0.106994,0.106994,0,0.00763028,0,0,0,4.10191,0.0434045,0.570703,0.7,2.10824,-3.2513,7.166,0,0.640024,0.0056123,0.00556847
2173,door_2,2150,0,0.0545729,0.054573,0,0.016256,0,0,0,6.19596,0.0678518,0.68133,0.882621,2,-4.74848,9.23925,-0.014924,0.0285111,0.00519586,0.00641141
2173,door_1,1817,0,0.106994,0.106994,0,0.00763028,0,0,0,4.10191,0.0434045,0.570703,0.7,2.10824,-3.2513,7.166,0,0.640043,0.0056123,0.00556847
2174,door_2,2150,0,0.0545729,0.054573,0,0.016256,0,0,0,6.19596,0.0678518,0.68133,0.882621,2,-4.74848,9.23925,-0.014924,0.0285111,0.00519586,0.00641141
2174,door_1,1817,0,0.106994,0.106994,0,0.00763028,0,0,0,4.10191,0.0434045,0.570703,0.7,2.10824,-3.2513,7.166,0,0.640061,0.0056123,0.00556847
2175,door_2,2150,0,0.0545729,0.054573,0,0.016256,0,0,0,6.19596,0.0678518,0.681331,0.882621,2,-4.74848,9.23925,-0.014924,0.0285111,0.00519586,0.00641141
2175,door_1,1817,0,0.106994,0.106994,0,0.00763028,0,0,0,4.10191,0.0434045,0.570703,0.7,2.10824,-3.2513,7.166,0,0.64008,0.0056123,0.00556847
2176,door_2,2150,0,0.0545729,0.054573,0,0.016256,0,0,0,6.19596,0.0678518,0.681331,0.882621,2,-4.74848,9.23925,-0.014924,0.0285111,0.00519586,0.00641141
2176,door_1,1817,0,0.106994,0.106994,0,0.00763028,0,0,0,4.10191,0.0434045,0.570703,0.7,2.10824,-3.2513,7.166,0,0.640098,0.0056123,0.00556847
2177,door_2,2150,0,0.0545729,0.054573,0,0.016256,0,0,0,6.19596,0.0678518,0.68133,0.882621,2,-4.74848,9.23925,-0.014924,0.0285111,0.00519586,0.00641141
2177,door_1,1817,0,0.106994,0.106994,0,0.00763028,0,0,0,4.10191,0.0434045,0.570703,0.7,2.10824,-3.2513,7.166,0,0.640117,0.0056123,0.00556847
2178,door_2,2150,0,0.0545729,0.054573,0,0.016256,0,0,0,6.19596,0.0678518,0.68133,0.882621,2,-4.74848,9.23925,-0.014924,0.0285111,0.00519586,0.00641141
2178,door_1,1817,0,0.106994,0.106994,0,0.00763028,0,0,0,4.10191,0.0434045,0.570703,0.7,2.10824,-3.2513,7.166,0,0.640135,0.0056123,0.00556847
2179,door_2,2150,0,0.0545729,0.054573,0,0.016256,0,0,0,6.19596,0.0678518,0.68133,0.882621,2,-4.74848,9.23925,-0.014924,0.0285111,0.00519586,0.00641141
2179,door_1,1817,0,0.106994,0.106994,0,0.00763028,0,0,0,4.10191,0.0434045,0.570703,0.7,2.10824,-3.2513,7.166,0,0.640154,0.0056123,0.00556847
2180,door_2,2150,0,0.0545729,0.054573,0,0.016256,0,0,0,6.19596,0.0678518,0.681331,0.882621,2,-4.74848,9.23925,-0.014924,0.0285111,0.00519586,0.00641141
2180,door_1,1817,0,0.106994,0.106994,0,0.00763028,0,0,0,4.10191,0.0434045,0.570703,0.7,2.10824,-3.2513,7.166,0,0.640172,0.0056123,0.00556847
2181,door_2,2150,0,0.0545729,0.054573,0,0.016256,0,0,0,6.19596,0.0678518,0.68133,0.882621,2,-4.74848,9.23925,-0.014924,0.0285111,0.00519586,0.00641141
2181,door_1,1817,0,0.106994,0.106994,0,0.00763028,0,0,0,4.10191,0.0434045,0.570703,0.7,2.10824,-3.2513,7.166,0,0.640191,0.0056123,0.00556847
2182,door_2,2150,0,0.0545729,0.054573,0,0.016256,0,0,0,6.19596,0.0678518,0.68133,0.882621,2,-4.74848,9.23925,-0.014924,0.0285111,0.00519586,0.00641141
2182,door_1,1817,0,0.106994,0.106994,0,0.00763028,0,0,0,4.10191,0.0434045,0.570703,0.7,2.10824,-3.2513,7.166,0,0.640209,0.0056123,0.00556847
2183,door_2,2150,0,0.0545729,0.054573,0,0.016256,0,0,0,6.19596,0.0678518,0.68133,0.882621,2,-4.74848,9.23925,-0.014924,0.0285111,0.00519586,0.00641141
2183,door_1,1817,0,0.106994,0.106994,0,0.00763028,0,0,0,4.10191,0.0434045,0.570703,0.7,2.10824,-3.2513,7.166,0,0.640228,0.0056123,0.00556847
2184,door_2,2150,0,0.0545729,0.054573,0,0.016256,0,0,0,6.19596,0.0678518,0.68133,0.882621,2,-4.74848,9.23925,-0.014924,0.0285111,0.00519586,0.00641141
2184,door_1,1817,0,0.106994,0.106994,0,0.00763028,0,0,0,4.10191,0.0434045,0.570703,0.7,2.10824,-3.2513,7.166,0,0.640246,0.0056123,0.00556847
2185,door_2,2150,0,0.0545729,0.054573,0,0.016256,0,0,0,6.19596,0.0678518,0.681331,0.882621,2,-4.74848,9.23925,-0.014924,0.0285111,0.00519586,0.00641141
2185,door_1,1817,0,0.106994,0.106994,0,0.00763028,0,0,0,4.10191,0.0434045,0.570703,0.7,2.10824,-3.2513,7.166,0,0.640265,0.0056123,0.00556847
2186,door_2,2150,0,0.0545729,0.054573,0,0.016256,0,0,0,6.19596,0.0678518,0.681331,0.882621,2,-4.74848,9.23925,-0.014924,0.0285111,0.00519586,0.00641141
2186,door_1,1817,0,0.106994,0.106994,0,0.00763028,0,0,0,4.10191,0.0434045,0.570703,0.7,2.10824,-3.2513,7.166,0,0.640284,0.0056123,0.00556847
2187,door_2,2150,0,0.0545729,0.054573,0,0.016256,0,0,0,6.19596,0.0678518,0.68133,0.882621,2,-4.74848,9.23925,-0.014924,0.0285111,0.00519586,0.00641141
2187,door_1,1817,0,0.106994,0.106994,0,0.00763028,0,0,0,4.10191,0.0434045,0.570703,0.7,2.10824,-3.2513,7.166,0,0.640302,0.0056123,0.00556847
2188,door_2,2150,0,0.0545729,0.054573,0,0.016256,0,0,0,6.19596,0.0678518,0.68133,0.882621,2,-4.74848,9.23925,-0.014924,0.0285111,0.00519586,0.00641141
2188,door_1,1817,0,0.106994,0.106994,0,0.00763028,0,0,0,4.10191,0.0434045,0.570703,0.7,2.10824,-3.2513,7.166,0,0.640321,0.0056123,0.00556847
2189,door_2,2150,0,0.0545729,0.054573,0,0.016256,0,0,0,6.19596,0.0678518,0.68133,0.882621,2,-4.74848,9.23925,-0.014924,0.0285111,0.00519586,0.00641141
2189,door_1,1817,0,0.106994,0.106994,0,0.00763028,0,0,0,4.10191,0.0434045,0.570703,0.7,2.10824,-3.2513,7.166,0,0.640339,0.0056123,0.00556847
2190,door_2,2150,0,0.0545729,0.054573,0,0.016256,0,0,0,6.19596,0.0678518,0.681331,0.882621,2,-4.74848,9.23925,-0.014924,0.0285111,0.00519586,0.00641141
2190,door_1,1817,0,0.106994,0.106994,0,0.00763028,0,0,0,4.10191,0.0434045,0.570703,0.7,2.10824,-3.2513,7.166,0,0.640358,0.0056123,0.00556847
2191,door_2,2150,0,0.0545729,0.054573,0,0.016256,0,0,0,6.19596,0.0678518,0.68133,0.882621,2,-4.74848,9.23925,-0.014924,0.0285111,0.00519586,0.00641141
2191,door_1,1817,0,0.106994,0.106994,0,0.00763028,0,0,0,4.10191,0.0434045,0.570703,0.7,2.10824,-3.2513,7.166,0,0.640376,0.0056123,0.00556847
2193,door_2,2150,0,0.0545729,0.054573,0,0.016256,0,0,0,6.19596,0.0678518,0.68133,0.882621,2,-4.74848,9.23925,-0.014924,0.0285111,0.00519586,0.00641141
2193,door_1,1817,0,0.106994,0.106994,0,0.00763028,0,0,0,4.10191,0.0434045,0.570703,0.7,2.10824,-3.2513,7.166,0,0.640395,0.0056123,0.00556847
2194,door_2,2150,0,0.0545729,0.054573,0,0.016256,0,0,0,6.19596,0.0678518,0.68133,0.882621,2,-4.74848,9.23925,-0.014924,0.0285111,0.00519586,0.00641141
2194,door_1,1817,0,0.106994,0.106994,0,0.00763028,0,0,0,4.10191,0.0434045,0.570703,0.7,2.10824,-3.2513,7.166,0,0.640413,0.0056123,0.00556847
2195,door_2,2150,0,0.0545729,0.054573,0,0.016256,0,0,0,6.19596,0.0678518,0.68133,0.882621,2,-4.74848,9.23925,-0.014924,0.0285111,0.00519586,0.00641141
2195,door_1,1817,0,0.106994,0.106994,0,0.00763028,0,0,0,4.10191,0.0434045,0.570703,0.7,2.10824,-3.2513,7.166,0,0.640432,0.0056123,0.00556847
2196,door_2,2150,0,0.0545729,0.054573,0,0.016256,0,0,0,6.19596,0.0678518,0.681331,0.882621,2,-4.74848,9.23925,-0.014924,0.0285111,0.00519586,0.00641141
2196,door_1,1817,0,0.106994,0.106994,0,0.00763028,0,0,0,4.10191,0.0434045,0.570703,0.7,2.10824,-3.2513,7.166,0,0.64045,0.0056123,0.00556847
2197,door_2,2150,0,0.0545729,0.054573,0,0.016256,0,0,0,6.19596,0.0678518,0.681331,0.882621,2,-4.74848,9.23925,-0.014924,0.0285111,0.00519586,0.00641141
2197,door_1,1817,0,0.106994,0.106994,0,0.00763028,0,0,0,4.10191,0.0434045,0.570703,0.7,2.10824,-3.2513,7.166,0,0.640469,0.0056123,0.00556847
2198,door_2,2150,0,0.0545729,0.054573,0,0.016256,0,0,0,6.19596,0.0678518,0.68133,0.882621,2,-4.74848,9.23925,-0.014924,0.0285111,0.00519586,0.00641141
2198,door_1,1817,0,0.106994,0.106994,0,0.00763028,0,0,0,4.10191,0.0434045,0.570703,0.7,2.10824,-3.2513,7.166,0,0.640487,0.0056123,0.00556847
2199,door_2,2150,0,0.0545729,0.054573,0,0.016256,0,0,0,6.19596,0.0678518,0.68133,0.882621,2,-4.74848,9.23925,-0.014924,0.0285111,0.00519586,0.00641141
2199,door_1,1817,0,0.106994,0.106994,0,0.00763028,0,0,0,4.10191,0.0434045,0.570703,0.7,2.10824,-3.2513,7.166,0,0.640506,0.0056123,0.00556847
2200,door_2,2150,0,0.0545729,0.054573,0,0.016256,0,0,0,6.19596,0.0678518,0.68133,0.882621,2,-4.74848,9.23925,-0.014924,0.0285111,0.00519586,0.00641141
2200,door_1,1817,0,0.106994,0.106994,0,0.00763028,0,0,0,4.10191,0.0434045,0.570703,0.7,2.10824,-3.2513,7.166,0,0.640524,0.0056123,0.00556847
2201,door_2,2150,0,0.0545729,0.054573,0,0.016256,0,0,0,6.19596,0.0678518,0.681331,0.882621,2,-4.74848,9.23925,-0.014924,0.0285111,0.00519586,0.00641141
2201,door_1,1817,0,0.106994,0.106994,0,0.00763028,0,0,0,4.10191,0.0434045,0.570703,0.7,2.10824,-3.2513,7.166,0,0.640543,0.0056123,0.00556847
2202,door_2,2150,0,0.0545729,0.054573,0,0.016256,0,0,0,6.19596,0.0678518,0.68133,0.882621,2,-4.74848,9.23925,-0.014924,0.0285111,0.00519586,0.00641141
2202,door_1,1817,0,0.106994,0.106994,0,0.00763028,0,0,0,4.10191,0.0434045,0.570703,0.7,2.10824,-3.2513,7.166,0,0.640561,0.0056123,0.00556847
2203,door_2,2150,0,0.0545729,0.054573,0,0.016256,0,0,0,6.19596,0.0678518,0.68133,0.882621,2,-4.74848,9.23925,-0.014924,0.0285111,0.00519586,0.00641141
2203,door_1,1817,0,0.106994,0.106994,0,0.00763028,0,0,0,4.10191,0.0434045,0.570703,0.7,2.10824,-3.2513,7.166,0,0.64058,0.0056123,0.00556847
2204,door_2,2150,0,0.0545729,0.054573,0,0.016256,0,0,0,6.19596,0.0678518,0.68133,0.882621,2,-4.74848,9.23925,-0.014924,0.0285111,0.00519586,0.00641141
2204,door_1,1817,0,0.106994,0.106994,0,0.00763028,0,0,0,4.10191,0.0434045,0.570703,0.7,2.10824,-3.2513,7.166,0,0.640598,0.0056123,0.00556847
2205,door_2,2150,0,0.0545729,0.054573,0,0.016256,0,0,0,6.19596,0.0678518,0.68133,0.882621,2,-4.74848,9.23925,-0.014924,0.0285111,0.00519586,0.00641141
2205,door_1,1817,0,0.106994,0.106994,0,0.00763028,0,0,0,4.10191,0.0434045,0.570703,0.7,2.10824,-3.2513,7.166,0,0.640617,0.0056123,0.00556847
2206,door_2,2150,0,0.0545729,0.054573,0,0.016256,0,0,0,6.19596,0.0678518,0.681331,0.882621,2,-4.74848,9.23925,-0.014924,0.0285111,0.00519586,0.00641141
2206,door_1,1817,0,0.106994,0.106994,0,0.00763028,0,0,0,4.10191,0.0434045,0.570703,0.7,2.10824,-3.2513,7.166,0,0.640635,0.0056123,0.00556847
2207,door_2,2150,0,0.0545729,0.054573,0,0.016256,0,0,0,6.19596,0.0678518,0.681331,0.882621,2,-4.74848,9.23925,-0.014924,0.0285111,0.00519586,0.00641141
2207,door_1,1817,0,0.106994,0.106994,0,0.00763028,0,0,0,4.10191,0.0434045,0.570703,0.7,2.10824,-3.2513,7.166,0,0.640654,0.0056123,0.00556847
2208,door_2,2150,0,0.0545729,0.054573,0,0.016256,0,0,0,6.19596,0.0678518,0.68133,0.882621,2,-4.74848,9.23925,-0.014924,0.0285111,0.00519586,0.00641141
2208,door_1,1817,0,0.106994,0.106994,0,0.00763028,0,0,0,4.10191,0.0434045,0.570703,0.7,2.10824,-3.2513,7.166,0,0.640672,0.0056123,0.00556847
2209,door_2,2150,0,0.0545729,0.054573,0,0.016256,0,0,0,6.19596,0.0678518,0.68133,0.882621,2,-4.74848,9.23925,-0.014924,0.0285111,0.00519586,0.00641141
2209,door_1,1817,0,0.106994,0.106994,0,0.00763028,0,0,0,4.10191,0.0434045,0.570703,0.7,2.10824,-3.2513,7.166,0,0.640691,0.0056123,0.00556847
2210,door_2,2150,0,0.0545729,0.054573,0,0.016256,0,0,0,6.19596,0.0678518,0.68133,0.882621,2,-4.74848,9.23925,-0.014924,0.0285111,0.00519586,0.00641141
2210,door_1,1817,0,0.106994,0.106994,0,0.00763028,0,0,0,4.10191,0.0434045,0.570703,0.7,2.10824,-3.2513,7.166,0,0.640709,0.0056123,0.00556847
2211,door_2,2150,0,0.0545729,0.054573,0,0.016256,0,0,0,6.19596,0.0678518,0.681331,0.882621,2,-4.74848,9.23925,-0.014924,0.0285111,0.00519586,0.00641141
2211,door_1,1817,0,0.106994,0.106994,0,0.00763028,0,0,0,4.10191,0.0434045,0.570703,0.7,2.10824,-3.2513,7.166,0,0.640728,0.0056123,0.00556847
2212,door_2,2150,0,0.0545729,0.054573,0,0.016256,0,0,0,6.19596,0.0678518,0.68133,0.882621,2,-4.74848,9.23925,-0.014924,0.0285111,0.00519586,0.00641141
2212,door_1,1817,0,0.106994,0.106994,0,0.00763028,0,0,0,4.10191,0.0434045,0.570703,0.7,2.10824,-3.2513,7.166,0,0.640746,0.0056123,0.00556847
2213,door_2,2150,0,0.0545729,0.054573,0,0.016256,0,0,0,6.19596,0.0678518,0.68133,0.882621,2,-4.74848,9.23925,-0.014924,0.0285111,0.00519586,0.00641141
2213,door_1,1817,0,0.106994,0.106994,0,0.00763028,0,0,0,4.10191,0.0434045,0.570703,0.7,2.10824,-3.2513,7.166,0,0.640765,0.0056123,0.00556847
2214,door_2,2150,0,0.0545729,0.054573,0,0.016256,0,0,0,6.19596,0.0678518,0.68133,0.882621,2,-4.74848,9.23925,-0.014924,0.0285111,0.00519586,0.00641141
2214,door_1,1817,0,0.106994,0.106994,0,0.00763028,0,0,0,4.10191,0.0434045,0.570703,0.7,2.10824,-3.2513,7.166,0,0.640783,0.0056123,0.00556847
2215,door_2,2150,0,0.0545729,0.054573,0,0.016256,0,0,0,6.19596,0.0678518,0.68133,0.882621,2,-4.74848,9.23925,-0.014924,0.0285111,0.00519586,0.00641141
2215,door_1,1817,0,0.106994,0.106994,0,0.00763028,0,0,0,4.10191,0.0434045,0.570703,0.7,2.10824,-3.2513,7.166,0,0.640802,0.0056123,0.00556847
2216,door_2,2150,0,0.0545729,0.054573,0,0.016256,0,0,0,6.19596,0.0678518,0.681331,0.882621,2,-4.74848,9.23925,-0.014924,0.0285111,0.00519586,0.00641141
2216,door_1,1817,0,0.106994,0.106994,0,0.00763028,0,0,0,4.10191,0.0434045,0.570703,0.7,2.10824,-3.2513,7.166,0,0.64082,0.0056123,0.00556847
2217,door_2,2150,0,0.0545729,0.054573,0,0.016256,0,0,0,6.19596,0.0678518,0.681331,0.882621,2,-4.74848,9.23925,-0.014924,0.0285111,0.00519586,0.00641141
2217,door_1,1817,0,0.106994,0.106994,0,0.00763028,0,0,0,4.10191,0.0434045,0.570703,0.7,2.10824,-3.2513,7.166,0,0.640839,0.0056123,0.00556847
2218,door_2,2150,0,0.0545729,0.054573,0,0.016256,0,0,0,6.19596,0.0678518,0.68133,0.882621,2,-4.74848,9.23925,-0.014924,0.0285111,0.00519586,0.00641141
2218,door_1,1817,0,0.106994,0.106994,0,0.00763028,0,0,0,4.10191,0.0434045,0.570703,0.7,2.10824,-3.2513,7.166,0,0.640857,0.0056123,0.00556847
2219,door_2,2150,0,0.0545729,0.054573,0,0.016256,0,0,0,6.19596,0.0678518,0.68133,0.882621,2,-4.74848,9.23925,-0.014924,0.0285111,0.00519586,0.00641141
2219,door_1,1817,0,0.106994,0.106994,0,0.00763028,0,0,0,4.10191,0.0434045,0.570703,0.7,2.10824,-3.2513,7.166,0,0.640876,0.0056123,0.00556847
2220,door_2,2150,0,0.0545729,0.054573,0,0.016256,0,0,0,6.19596,0.0678518,0.68133,0.882621,2,-4.74848,9.23925,-0.014924,0.0285111,0.00519586,0.00641141
2220,door_1,1817,0,0.106994,0.106994,0,0.00763028,0,0,0,4.10191,0.0434045,0.570703,0.7,2.10824,-3.2513,7.166,0,0.640894,0.0056123,0.00556847
2221,door_2,2150,0,0.0545729,0.054573,0,0.016256,0,0,0,6.19596,0.0678518,0.681331,0.882621,2,-4.74848,9.23925,-0.014924,0.0285111,0.00519586,0.00641141
2221,door_1,1817,0,0.106994,0.106994,0,0.00763028,0,0,0,4.10191,0.0434045,0.570703,0.7,2.10824,-3.2513,7.166,0,0.640913,0.0056123,0.00556847
2222,door_2,2150,0,0.0545729,0.054573,0,0.016256,0,0,0,6.19596,0.0678518,0.68133,0.882621,2,-4.74848,9.23925,-0.014924,0.0285111,0.00519586,0.00641141
2222,door_1,1817,0,0.106994,0.106994,0,0.00763028,0,0,0,4.10191,0.0434045,0.570703,0.7,2.10824,-3.2513,7.166,0,0.640931,0.0056123,0.00556847
2223,door_2,2150,0,0.0545729,0.054573,0,0.016256,0,0,0,6.19596,0.0678518,0.68133,0.882621,2,-4.74848,9.23925,-0.014924,0.0285111,0.00519586,0.00641141
2223,door_1,1817,0,0.106994,0.106994,0,0.00763028,0,0,0,4.10191,0.0434045,0.570703,0.7,2.10824,-3.2513,7.166,0,0.64095,0.0056123,0.00556847
2224,door_2,2150,0,0.0545729,0.054573,0,0.016256,0,0,0,6.19596,0.0678518,0.68133,0.882621,2,-4.74848,9.23925,-0.014924,0.0285111,0.00519586,0.00641141
2224,door_1,1817,0,0.106994,0.106994,0,0.00763028,0,0,0,4.10191,0.0434045,0.570703,0.7,2.10824,-3.2513,7.166,0,0.640968,0.0056123,0.00556847
2225,door_2,2150,0,0.0545729,0.054573,0,0.016256,0,0,0,6.19596,0.0678518,0.68133,0.882621,2,-4.74848,9.23925,-0.014924,0.0285111,0.00519586,0.00641141
2225,door_1,1817,0,0.106994,0.106994,0,0.00763028,0,0,0,4.10191,0.0434045,0.570703,0.7,2.10824,-3.2513,7.166,0,0.640987,0.0056123,0.00556847
2227,door_2,2150,0,0.0545729,0.054573,0,0.016256,0,0,0,6.19596,0.0678518,0.681331,0.882621,2,-4.74848,9.23925,-0.014924,0.0285111,0.00519586,0.00641141
2227,door_1,1817,0,0.106994,0.106994,0,0.00763028,0,0,0,4.10191,0.0434045,0.570703,0.7,2.10824,-3.2513,7.166,0,0.641005,0.0056123,0.00556847
2228,door_2,2150,0,0.0545729,0.054573,0,0.016256,0,0,0,6.19596,0.0678518,0.681331,0.882621,2,-4.74848,9.23925,-0.014924,0.0285111,0.00519586,0.00641141
2228,door_1,1817,0,0.106994,0.106994,0,0.00763028,0,0,0,4.10191,0.0434045,0.570703,0.7,2.10824,-3.2513,7.166,0,0.641024,0.0056123,0.00556847
2229,door_2,2150,0,0.0545729,0.054573,0,0.016256,0,0,0,6.19596,0.0678518,0.68133,0.882621,2,-4.74848,9.23925,-0.014924,0.0285111,0.00519586,0.00641141
2229,door_1,1817,0,0.106994,0.106994,0,0.00763028,0,0,0,4.10191,0.0434045,0.570703,0.7,2.10824,-3.2513,7.166,0,0.641042,0.0056123,0.00556847
2230,door_2,2150,0,0.0545729,0.054573,0,0.016256,0,0,0,6.19596,0.0678518,0.68133,0.882621,2,-4.74848,9.23925,-0.014924,0.0285111,0.00519586,0.00641141
2230,door_1,1817,0,0.106994,0.106994,0,0.00763028,0,0,0,4.10191,0.0434045,0.570703,0.7,2.10824,-3.2513,7.166,0,0.641061,0.0056123,0.00556847
2231,door_2,2150,0,0.0545729,0.054573,0,0.016256,0,0,0,6.19596,0.0678518,0.68133,0.882621,2,-4.74848,9.23925,-0.014924,0.0285111,0.00519586,0.00641141
2231,door_1,1817,0,0.106994,0.106994,0,0.00763028,0,0,0,4.10191,0.0434045,0.570703,0.7,2.10824,-3.2513,7.166,0,0.641079,0.0056123,0.00556847
2232,door_2,2150,0,0.0545729,0.054573,0,0.016256,0,0,0,6.19596,0.0678518,0.681331,0.882621,2,-4.74848,9.23925,-0.014924,0.0285111,0.00519586,0.00641141
2232,door_1,1817,0,0.106994,0.106994,0,0.00763028,0,0,0,4.10191,0.0434045,0.570703,0.7,2.10824,-3.2513,7.166,0,0.641098,0.0056123,0.00556847
2233,door_2,2150,0,0.0545729,0.054573,0,0.016256,0,0,0,6.19596,0.0678518,0.68133,0.882621,2,-4.74848,9.23925,-0.014924,0.0285111,0.00519586,0.00641141
2233,door_1,1817,0,0.106994,0.106994,0,0.00763028,0,0,0,4.10191,0.0434045,0.570703,0.7,2.10824,-3.2513,7.166,0,0.641116,0.0056123,0.00556847
2234,door_2,2150,0,0.0545729,0.054573,0,0.016256,0,0,0,6.19596,0.0678518,0.68133,0.882621,2,-4.74848,9.23925,-0.014924,0.0285111,0.00519586,0.00641141
2234,door_1,1817,0,0.106994,0.106994,0,0.00763028,0,0,0,4.10191,0.0434045,0.570703,0.7,2.10824,-3.2513,7.166,0,0.641135,0.0056123,0.00556847
2235,door_2,2150,0,0.0545729,0.054573,0,0.016256,0,0,0,6.19596,0.0678518,0.68133,0.882621,2,-4.74848,9.23925,-0.014924,0.0285111,0.00519586,0.00641141
2235,door_1,1817,0,0.106994,0.106994,0,0.00763028,0,0,0,4.10191,0.0434045,0.570703,0.7,2.10824,-3.2513,7.166,0,0.641153,0.0056123,0.00556847
2236,door_2,2150,0,0.0545729,0.054573,0,0.016256,0,0,0,6.19596,0.0678518,0.68133,0.882621,2,-4.74848,9.23925,-0.014924,0.0285111,0.00519586,0.00641141
2236,door_1,1817,0,0.106994,0.106994,0,0.00763028,0,0,0,4.10191,0.0434045,0.570703,0.7,2.10824,-3.2513,7.166,0,0.641172,0.0056123,0.00556847
2237,door_2,2150,0,0.0545729,0.054573,0,0.016256,0,0,0,6.19596,0.0678518,0.681331,0.882621,2,-4.74848,9.23925,-0.014924,0.0285111,0.00519586,0.00641141
2237,door_1,1817,0,0.106994,0.106994,0,0.00763028,0,0,0,4.10191,0.0434045,0.570703,0.7,2.10824,-3.2513,7.166,0,0.64119,0.0056123,0.00556847
2238,door_2,2150,0,0.0545729,0.054573,0,0.016256,0,0,0,6.19596,0.0678518,0.681331,0.882621,2,-4.74848,9.23925,-0.014924,0.0285111,0.00519586,0.00641141
2238,door_1,1817,0,0.106994,0.106994,0,0.00763028,0,0,0,4.10191,0.0434045,0.570703,0.7,2.10824,-3.2513,7.166,0,0.641209,0.0056123,0.00556847
2239,door_2,2150,0,0.0545729,0.054573,0,0.016256,0,0,0,6.19596,0.0678518,0.68133,0.882621,2,-4.74848,9.23925,-0.014924,0.0285111,0.00519586,0.00641141
2239,door_1,1817,0,0.106994,0.106994,0,0.00763028,0,0,0,4.10191,0.0434045,0.570703,0.7,2.10824,-3.2513,7.166,0,0.641227,0.0056123,0.00556847
2240,door_2,2150,0,0.0545729,0.054573,0,0.016256,0,0,0,6.19596,0.0678518,0.68133,0.882621,2,-4.74848,9.23925,-0.014924,0.0285111,0.00519586,0.00641141
2240,door_1,1817,0,0.106994,0.106994,0,0.00763028,0,0,0,4.10191,0.0434045,0.570703,0.7,2.10824,-3.2513,7.166,0,0.641246,0.0056123,0.00556847
2241,door_2,2150,0,0.0545729,0.054573,0,0.016256,0,0,0,6.19596,0.0678518,0.68133,0.882621,2,-4.74848,9.23925,-0.014924,0.0285111,0.00519586,0.00641141
2241,door_1,1817,0,0.106994,0.106994,0,0.00763028,0,0,0,4.10191,0.0434045,0.570703,0.7,2.10824,-3.2513,7.166,0,0.641264,0.0056123,0.00556847
2242,door_2,2150,0,0.0545729,0.054573,0,0.016256,0,0,0,6.19596,0.0678518,0.681331,0.882621,2,-4.74848,9.23925,-0.014924,0.0285111,0.00519586,0.00641141
2242,door_1,1817,0,0.106994,0.106994,0,0.00763028,0,0,0,4.10191,0.0434045,0.570703,0.7,2.10824,-3.2513,7.166,0,0.641283,0.0056123,0.00556847
2243,door_2,2150,0,0.0545729,0.054573,0,0.016256,0,0,0,6.19596,0.0678518,0.68133,0.882621,2,-4.74848,9.23925,-0.014924,0.0285111,0.00519586,0.00641141
2243,door_1,1817,0,0.106994,0.106994,0,0.00763028,0,0,0,4.10191,0.0434045,0.570703,0.7,2.10824,-3.2513,7.166,0,0.641301,0.0056123,0.00556847
2244,door_2,2150,0,0.0545729,0.054573,0,0.016256,0,0,0,6.19596,0.0678518,0.68133,0.882621,2,-4.74848,9.23925,-0.014924,0.0285111,0.00519586,0.00641141
2244,door_1,1817,0,0.106994,0.106994,0,0.00763028,0,0,0,4.10191,0.0434045,0.570703,0.7,2.10824,-3.2513,7.166,0,0.64132,0.0056123,0.00556847
2245,door_2,2150,0,0.0545729,0.054573,0,0.016256,0,0,0,6.19596,0.0678518,0.68133,0.882621,2,-4.74848,9.23925,-0.014924,0.0285111,0.00519586,0.00641141
2245,door_1,1817,0,0.106994,0.106994,0,0.00763028,0,0,0,4.10191,0.0434045,0.570703,0.7,2.10824,-3.2513,7.166,0,0.641338,0.0056123,0.00556847
2246,door_2,2150,0,0.0545729,0.054573,0,0.016256,0,0,0,6.19596,0.0678518,0.68133,0.882621,2,-4.74848,9.23925,-0.014924,0.0285111,0.00519586,0.00641141
2246,door_1,1817,0,0.106994,0.106994,0,0.00763028,0,0,0,4.10191,0.0434045,0.570703,0.7,2.10824,-3.2513,7.166,0,0.641357,0.0056123,0.00556847
2247,door_2,2150,0,0.0545729,0.054573,0,0.016256,0,0,0,6.19596,0.0678518,0.681331,0.882621,2,-4.74848,9.23925,-0.014924,0.0285111,0.00519586,0.00641141
2247,door_1,1817,0,0.106994,0.106994,0,0.00763028,0,0,0,4.10191,0.0434045,0.570703,0.7,2.10824,-3.2513,7.166,0,0.641375,0.0056123,0.00556847
2248,door_2,2150,0,0.0545729,0.054573,0,0.016256,0,0,0,6.19596,0.0678518,0.681331,0.882621,2,-4.74848,9.23925,-0.014924,0.0285111,0.00519586,0.00641141
2248,door_1,1817,0,0.106994,0.106994,0,0.00763028,0,0,0,4.10191,0.0434045,0.570703,0.7,2.10824,-3.2513,7.166,0,0.641394,0.0056123,0.00556847
2249,door_2,2150,0,0.0545729,0.054573,0,0.016256,0,0,0,6.19596,0.0678518,0.68133,0.882621,2,-4.74848,9.23925,-0.014924,0.0285111,0.00519586,0.00641141
2249,door_1,1817,0,0.106994,0.106994,0,0.00763028,0,0,0,4.10191,0.0434045,0.570703,0.7,2.10824,-3.2513,7.166,0,0.641412,0.0056123,0.00556847
2250,door_2,2150,0,0.0545729,0.054573,0,0.016256,0,0,0,6.19596,0.0678518,0.68133,0.882621,2,-4.74848,9.23925,-0.014924,0.0285111,0.00519586,0.00641141
2250,door_1,1817,0,0.106994,0.106994,0,0.00763028,0,0,0,4.10191,0.0434045,0.570703,0.7,2.10824,-3.2513,7.166,0,0.641431,0.0056123,0.00556847
2251,door_2,2150,0,0.0545729,0.054573,0,0.016256,0,0,0,6.19596,0.0678518,0.68133,0.882621,2,-4.74848,9.23925,-0.014924,0.0285111,0.00519586,0.00641141
2251,door_1,1817,0,0.106994,0.106994,0,0.00763028,0,0,0,4.10191,0.0434045,0.570703,0.7,2.10824,-3.2513,7.166,0,0.641449,0.0056123,0.00556847
2252,door_2,2150,0,0.0545729,0.054573,0,0.016256,0,0,0,6.19596,0.0678518,0.681331,0.882621,2,-4.74848,9.23925,-0.014924,0.0285111,0.00519586,0.00641141
2252,door_1,1817,0,0.106994,0.106994,0,0.00763028,0,0,0,4.10191,0.0434045,0.570703,0.7,2.10824,-3.2513,7.166,0,0.641468,0.0056123,0.00556847
2253,door_2,2150,0,0.0545729,0.054573,0,0.016256,0,0,0,6.19596,0.0678518,0.68133,0.882621,2,-4.74848,9.23925,-0.014924,0.0285111,0.00519586,0.00641141
2253,door_1,1817,0,0.106994,0.106994,0,0.00763028,0,0,0,4.10191,0.0434045,0.570703,0.7,2.10824,-3.2513,7.166,0,0.641486,0.0056123,0.00556847
2254,door_2,2150,0,0.0545729,0.054573,0,0.016256,0,0,0,6.19596,0.0678518,0.68133,0.882621,2,-4.74848,9.23925,-0.014924,0.0285111,0.00519586,0.00641141
2254,door_1,1817,0,0.106994,0.106994,0,0.00763028,0,0,0,4.10191,0.0434045,0.570703,0.7,2.10824,-3.2513,7.166,0,0.641505,0.0056123,0.00556847
2255,door_2,2150,0,0.0545729,0.054573,0,0.016256,0,0,0,6.19596,0.0678518,0.68133,0.882621,2,-4.74848,9.23925,-0.014924,0.0285111,0.00519586,0.00641141
2255,door_1,1817,0,0.106994,0.106994,0,0.00763028,0,0,0,4.10191,0.0434045,0.570703,0.7,2.10824,-3.2513,7.166,0,0.641523,0.0056123,0.00556847
2256,door_2,2150,0,0.0545729,0.054573,0,0.016256,0,0,0,6.19596,0.0678518,0.68133,0.882621,2,-4.74848,9.23925,-0.014924,0.0285111,0.00519586,0.00641141
2256,door_1,1817,0,0.106994,0.106994,0,0.00763028,0,0,0,4.10191,0.0434045,0.570703,0.7,2.10824,-3.2513,7.166,0,0.641541,0.0056123,0.00556847
2257,door_2,2150,0,0.0545729,0.054573,0,0.016256,0,0,0,6.19596,0.0678518,0.681331,0.882621,2,-4.74848,9.23925,-0.014924,0.0285111,0.00519586,0.00641141
2257,door_1,1817,0,0.106994,0.106994,0,0.00763028,0,0,0,4.10191,0.0434045,0.570703,0.7,2.10824,-3.2513,7.166,0,0.64156,0.0056123,0.00556847
2259,door_2,2150,0,0.0545729,0.054573,0,0.016256,0,0,0,6.19596,0.0678518,0.681331,0.882621,2,-4.74848,9.23925,-0.014924,0.0285111,0.00519586,0.00641141
2259,door_1,1817,0,0.106994,0.106994,0,0.00763028,0,0,0,4.10191,0.0434045,0.570703,0.7,2.10824,-3.2513,7.166,0,0.641578,0.0056123,0.00556847
2260,door_2,2150,0,0.0545729,0.054573,0,0.016256,0,0,0,6.19596,0.0678518,0.68133,0.882621,2,-4.74848,9.23925,-0.014924,0.0285111,0.00519586,0.00641141
2260,door_1,1817,0,0.106994,0.106994,0,0.00763028,0,0,0,4.10191,0.0434045,0.570703,0.7,2.10824,-3.2513,7.166,0,0.641597,0.0056123,0.00556847
2262,door_2,2150,0,0.0545729,0.054573,0,0.016256,0,0,0,6.19596,0.0678518,0.68133,0.882621,2,-4.74848,9.23925,-0.014924,0.0285111,0.00519586,0.00641141
2262,door_1,1817,0,0.106994,0.106994,0,0.00763028,0,0,0,4.10191,0.0434045,0.570703,0.7,2.10824,-3.2513,7.166,0,0.641615,0.0056123,0.00556847
2263,door_2,2150,0,0.0545729,0.054573,0,0.016256,0,0,0,6.19596,0.0678518,0.68133,0.882621,2,-4.74848,9.23925,-0.014924,0.0285111,0.00519586,0.00641141
2263,door_1,1817,0,0.106994,0.106994,0,0.00763028,0,0,0,4.10191,0.0434045,0.570703,0.7,2.10824,-3.2513,7.166,0,0.641634,0.0056123,0.00556847
2264,door_2,2150,0,0.0545729,0.054573,0,0.016256,0,0,0,6.19596,0.0678518,0.681331,0.882621,2,-4.74848,9.23925,-0.014924,0.0285111,0.00519586,0.00641141
2264,door_1,1817,0,0.106994,0.106994,0,0.00763028,0,0,0,4.10191,0.0434045,0.570703,0.7,2.10824,-3.2513,7.166,0,0.641652,0.0056123,0.00556847
2265,door_2,2150,0,0.0545729,0.054573,0,0.016256,0,0,0,6.19596,0.0678518,0.68133,0.882621,2,-4.74848,9.23925,-0.014924,0.0285111,0.00519586,0.00641141
2265,door_1,1817,0,0.106994,0.106994,0,0.00763028,0,0,0,4.10191,0.0434045,0.570703,0.7,2.10824,-3.2513,7.166,0,0.641671,0.0056123,0.00556847
2266,door_2,2150,0,0.0545729,0.054573,0,0.016256,0,0,0,6.19596,0.0678518,0.68133,0.882621,2,-4.74848,9.23925,-0.014924,0.0285111,0.00519586,0.00641141
2266,door_1,1817,0,0.106994,0.106994,0,0.00763028,0,0,0,4.10191,0.0434045,0.570703,0.7,2.10824,-3.2513,7.166,0,0.641689,0.0056123,0.00556847
2267,door_2,2150,0,0.0545729,0.054573,0,0.016256,0,0,0,6.19596,0.0678518,0.68133,0.882621,2,-4.74848,9.23925,-0.014924,0.0285111,0.00519586,0.00641141
2267,door_1,1817,0,0.106994,0.106994,0,0.00763028,0,0,0,4.10191,0.0434045,0.570703,0.7,2.10824,-3.2513,7.166,0,0.641708,0.0056123,0.00556847
2268,door_2,2150,0,0.0545729,0.054573,0,0.016256,0,0,0,6.19596,0.0678518,0.68133,0.882621,2,-4.74848,9.23925,-0.014924,0.0285111,0.00519586,0.00641141
2268,door_1,1817,0,0.106994,0.106994,0,0.00763028,0,0,0,4.10191,0.0434045,0.570703,0.7,2.10824,-3.2513,7.166,0,0.641726,0.0056123,0.00556847
2269,door_2,2150,0,0.0545729,0.054573,0,0.016256,0,0,0,6.19596,0.0678518,0.681331,0.882621,2,-4.74848,9.23925,-0.014924,0.0285111,0.00519586,0.00641141
2269,door_1,1817,0,0.106994,0.106994,0,0.00763028,0,0,0,4.10191,0.0434045,0.570703,0.7,2.10824,-3.2513,7.166,0,0.641745,0.0056123,0.00556847
2270,door_2,2150,0,0.0545729,0.054573,0,0.016256,0,0,0,6.19596,0.0678518,0.681331,0.882621,2,-4.74848,9.23925,-0.014924,0.0285111,0.00519586,0.00641141
2270,door_1,1817,0,0.106994,0.106994,0,0.00763028,0,0,0,4.10191,0.0434045,0.570703,0.7,2.10824,-3.2513,7.166,0,0.641763,0.0056123,0.00556847
2271,door_2,2150,0,0.0545729,0.054573,0,0.016256,0,0,0,6.19596,0.0678518,0.68133,0.882621,2,-4.74848,9.23925,-0.014924,0.0285111,0.00519586,0.00641141
2271,door_1,1817,0,0.106994,0.106994,0,0.00763028,0,0,0,4.10191,0.0434045,0.570703,0.7,2.10824,-3.2513,7.166,0,0.641782,0.0056123,0.00556847
2272,door_2,2150,0,0.0545729,0.054573,0,0.016256,0,0,0,6.19596,0.0678518,0.68133,0.882621,2,-4.74848,9.23925,-0.014924,0.0285111,0.00519586,0.00641141
2272,door_1,1817,0,0.106994,0.106994,0,0.00763028,0,0,0,4.10191,0.0434045,0.570703,0.7,2.10824,-3.2513,7.166,0,0.6418,0.0056123,0.00556847
2273,door_2,2150,0,0.0545729,0.054573,0,0.016256,0,0,0,6.19596,0.0678518,0.68133,0.882621,2,-4.74848,9.23925,-0.014924,0.0285111,0.00519586,0.00641141
2273,door_1,1817,0,0.106994,0.106994,0,0.00763028,0,0,0,4.10191,0.0434045,0.570703,0.7,2.10824,-3.2513,7.166,0,0.641819,0.0056123,0.00556847
2274,door_2,2150,0,0.0545729,0.054573,0,0.016256,0,0,0,6.19596,0.0678518,0.681331,0.882621,2,-4.74848,9.23925,-0.014924,0.0285111,0.00519586,0.00641141
2274,door_1,1817,0,0.106994,0.106994,0,0.00763028,0,0,0,4.10191,0.0434045,0.570703,0.7,2.10824,-3.2513,7.166,0,0.641837,0.0056123,0.00556847
2276,door_2,2150,0,0.0545729,0.054573,0,0.016256,0,0,0,6.19596,0.0678518,0.68133,0.882621,2,-4.74848,9.23925,-0.014924,0.0285111,0.00519586,0.00641141
2276,door_1,1817,0,0.106994,0.106994,0,0.00763028,0,0,0,4.10191,0.0434045,0.570703,0.7,2.10824,-3.2513,7.166,0,0.641856,0.0056123,0.00556847
2278,door_2,2150,0,0.0545729,0.054573,0,0.016256,0,0,0,6.19596,0.0678518,0.68133,0.882621,2,-4.74848,9.23925,-0.014924,0.0285111,0.00519586,0.00641141
2278,door_1,1817,0,0.106994,0.106994,0,0.00763028,0,0,0,4.10191,0.0434045,0.570703,0.7,2.10824,-3.2513,7.166,0,0.641874,0.0056123,0.00556847
2279,door_2,2150,0,0.0545729,0.054573,0,0.016256,0,0,0,6.19596,0.0678518,0.68133,0.882621,2,-4.74848,9.23925,-0.014924,0.0285111,0.00519586,0.00641141
2279,door_1,1817,0,0.106994,0.106994,0,0.00763028,0,0,0,4.10191,0.0434045,0.570703,0.7,2.10824,-3.2513,7.166,0,0.641892,0.0056123,0.00556847
2280,door_2,2150,0,0.0545729,0.054573,0,0.016256,0,0,0,6.19596,0.0678518,0.68133,0.882621,2,-4.74848,9.23925,-0.014924,0.0285111,0.00519586,0.00641141
2280,door_1,1817,0,0.106994,0.106994,0,0.00763028,0,0,0,4.10191,0.0434045,0.570703,0.7,2.10824,-3.2513,7.166,0,0.641911,0.0056123,0.00556847
2281,door_2,2150,0,0.0545729,0.054573,0,0.016256,0,0,0,6.19596,0.0678518,0.681331,0.882621,2,-4.74848,9.23925,-0.014924,0.0285111,0.00519586,0.00641141
2281,door_1,1817,0,0.106994,0.106994,0,0.00763028,0,0,0,4.10191,0.0434045,0.570703,0.7,2.10824,-3.2513,7.166,0,0.641929,0.0056123,0.00556847
2282,door_2,2150,0,0.0545729,0.054573,0,0.016256,0,0,0,6.19596,0.0678518,0.681331,0.882621,2,-4.74848,9.23925,-0.014924,0.0285111,0.00519586,0.00641141
2282,door_1,1817,0,0.106994,0.106994,0,0.00763028,0,0,0,4.10191,0.0434045,0.570703,0.7,2.10824,-3.2513,7.166,0,0.641948,0.0056123,0.00556847
2283,door_2,2150,0,0.0545729,0.054573,0,0.016256,0,0,0,6.19596,0.0678518,0.68133,0.882621,2,-4.74848,9.23925,-0.014924,0.0285111,0.00519586,0.00641141
2283,door_1,1817,0,0.106994,0.106994,0,0.00763028,0,0,0,4.10191,0.0434045,0.570703,0.7,2.10824,-3.2513,7.166,0,0.641966,0.0056123,0.00556847
2284,door_2,2150,0,0.0545729,0.054573,0,0.016256,0,0,0,6.19596,0.0678518,0.68133,0.882621,2,-4.74848,9.23925,-0.014924,0.0285111,0.00519586,0.00641141
2284,door_1,1817,0,0.106994,0.106994,0,0.00763028,0,0,0,4.10191,0.0434045,0.570703,0.7,2.10824,-3.2513,7.166,0,0.641985,0.0056123,0.00556847
2285,door_2,2150,0,0.0545729,0.054573,0,0.016256,0,0,0,6.19596,0.0678518,0.68133,0.882621,2,-4.74848,9.23925,-0.014924,0.0285111,0.00519586,0.00641141
2285,door_1,1817,0,0.106994,0.106994,0,0.00763028,0,0,0,4.10191,0.0434045,0.570703,0.7,2.10824,-3.2513,7.166,0,0.642003,0.0056123,0.00556847
2286,door_2,2150,0,0.0545729,0.054573,0,0.016256,0,0,0,6.19596,0.0678518,0.681331,0.882621,2,-4.74848,9.23925,-0.014924,0.0285111,0.00519586,0.00641141
2286,door_1,1817,0,0.106994,0.106994,0,0.00763028,0,0,0,4.10191,0.0434045,0.570703,0.7,2.10824,-3.2513,7.166,0,0.642022,0.0056123,0.00556847
2287,door_2,2150,0,0.0545729,0.054573,0,0.016256,0,0,0,6.19596,0.0678518,0.68133,0.882621,2,-4.74848,9.23925,-0.014924,0.0285111,0.00519586,0.00641141
2287,door_1,1817,0,0.106994,0.106994,0,0.00763028,0,0,0,4.10191,0.0434045,0.570703,0.7,2.10824,-3.2513,7.166,0,0.64204,0.0056123,0.00556847
2289,door_2,2150,0,0.0545729,0.054573,0,0.016256,0,0,0,6.19596,0.0678518,0.68133,0.882621,2,-4.74848,9.23925,-0.014924,0.0285111,0.00519586,0.00641141
2289,door_1,1817,0,0.106994,0.106994,0,0.00763028,0,0,0,4.10191,0.0434045,0.570703,0.7,2.10824,-3.2513,7.166,0,0.642059,0.0056123,0.00556847
2290,door_2,2150,0,0.0545729,0.054573,0,0.016256,0,0,0,6.19596,0.0678518,0.68133,0.882621,2,-4.74848,9.23925,-0.014924,0.0285111,0.00519586,0.00641141
2290,door_1,1817,0,0.106994,0.106994,0,0.00763028,0,0,0,4.10191,0.0434045,0.570703,0.7,2.10824,-3.2513,7.166,0,0.642077,0.0056123,0.00556847
2291,door_2,2150,0,0.0545729,0.054573,0,0.016256,0,0,0,6.19596,0.0678518,0.68133,0.882621,2,-4.74848,9.23925,-0.014924,0.0285111,0.00519586,0.00641141
2291,door_1,1817,0,0.106994,0.106994,0,0.00763028,0,0,0,4.10191,0.0434045,0.570703,0.7,2.10824,-3.2513,7.166,0,0.642096,0.0056123,0.00556847
2292,door_2,2150,0,0.0545729,0.054573,0,0.016256,0,0,0,6.19596,0.0678518,0.681331,0.882621,2,-4.74848,9.23925,-0.014924,0.0285111,0.00519586,0.00641141
2292,door_1,1817,0,0.106994,0.106994,0,0.00763028,0,0,0,4.10191,0.0434045,0.570703,0.7,2.10824,-3.2513,7.166,0,0.642114,0.0056123,0.00556847
2293,door_2,2150,0,0.0545729,0.054573,0,0.016256,0,0,0,6.19596,0.0678518,0.681331,0.882621,2,-4.74848,9.23925,-0.014924,0.0285111,0.00519586,0.00641141
2293,door_1,1817,0,0.106994,0.106994,0,0.00763028,0,0,0,4.10191,0.0434045,0.570703,0.7,2.10824,-3.2513,7.166,0,0.642132,0.0056123,0.00556847
2294,door_2,2150,0,0.0545729,0.054573,0,0.016256,0,0,0,6.19596,0.0678518,0.68133,0.882621,2,-4.74848,9.23925,-0.014924,0.0285111,0.00519586,0.00641141
2294,door_1,1817,0,0.106994,0.106994,0,0.00763028,0,0,0,4.10191,0.0434045,0.570703,0.7,2.10824,-3.2513,7.166,0,0.642151,0.0056123,0.00556847
2295,door_2,2150,0,0.0545729,0.054573,0,0.016256,0,0,0,6.19596,0.0678518,0.68133,0.882621,2,-4.74848,9.23925,-0.014924,0.0285111,0.00519586,0.00641141
2295,door_1,1817,0,0.106994,0.106994,0,0.00763028,0,0,0,4.10191,0.0434045,0.570703,0.7,2.10824,-3.2513,7.166,0,0.642169,0.0056123,0.00556847
2296,door_2,2150,0,0.0545729,0.054573,0,0.016256,0,0,0,6.19596,0.0678518,0.68133,0.882621,2,-4.74848,9.23925,-0.014924,0.0285111,0.00519586,0.00641141
2296,door_1,1817,0,0.106994,0.106994,0,0.00763028,0,0,0,4.10191,0.0434045,0.570703,0.7,2.10824,-3.2513,7.166,0,0.642188,0.0056123,0.00556847
2297,door_2,2150,0,0.0545729,0.054573,0,0.016256,0,0,0,6.19596,0.0678518,0.681331,0.882621,2,-4.74848,9.23925,-0.014924,0.0285111,0.00519586,0.00641141
2297,door_1,1817,0,0.106994,0.106994,0,0.00763028,0,0,0,4.10191,0.0434045,0.570703,0.7,2.10824,-3.2513,7.166,0,0.642206,0.0056123,0.00556847
2298,door_2,2150,0,0.0545729,0.054573,0,0.016256,0,0,0,6.19596,0.0678518,0.68133,0.882621,2,-4.74848,9.23925,-0.014924,0.0285111,0.00519586,0.00641141
2298,door_1,1817,0,0.106994,0.106994,0,0.00763028,0,0,0,4.10191,0.0434045,0.570703,0.7,2.10824,-3.2513,7.166,0,0.642225,0.0056123,0.00556847
2299,door_2,2150,0,0.0545729,0.054573,0,0.016256,0,0,0,6.19596,0.0678518,0.68133,0.882621,2,-4.74848,9.23925,-0.014924,0.0285111,0.00519586,0.00641141
2299,door_1,1817,0,0.106994,0.106994,0,0.00763028,0,0,0,4.10191,0.0434045,0.570703,0.7,2.10824,-3.2513,7.166,0,0.642243,0.0056123,0.00556847
2300,door_2,2150,0,0.0545729,0.054573,0,0.016256,0,0,0,6.19596,0.0678518,0.68133,0.882621,2,-4.74848,9.23925,-0.014924,0.0285111,0.00519586,0.00641141
2300,door_1,1817,0,0.106994,0.106994,0,0.00763028,0,0,0,4.10191,0.0434045,0.570703,0.7,2.10824,-3.2513,7.166,0,0.642262,0.0056123,0.00556847
2301,door_2,2150,0,0.0545729,0.054573,0,0.016256,0,0,0,6.19596,0.0678518,0.68133,0.882621,2,-4.74848,9.23925,-0.014924,0.0285111,0.00519586,0.00641141
2301,door_1,1817,0,0.106994,0.106994,0,0.00763028,0,0,0,4.10191,0.0434045,0.570703,0.7,2.10824,-3.2513,7.166,0,0.64228,0.0056123,0.00556847
2302,door_2,2150,0,0.0545729,0.054573,0,0.016256,0,0,0,6.19596,0.0678518,0.681331,0.882621,2,-4.74848,9.23925,-0.014924,0.0285111,0.00519586,0.00641141
2302,door_1,1817,0,0.106994,0.106994,0,0.00763028,0,0,0,4.10191,0.0434045,0.570703,0.7,2.10824,-3.2513,7.166,0,0.642298,0.0056123,0.00556847
2303,door_2,2150,0,0.0545729,0.054573,0,0.016256,0,0,0,6.19596,0.0678518,0.681331,0.882621,2,-4.74848,9.23925,-0.014924,0.0285111,0.00519586,0.00641141
2303,door_1,1817,0,0.106994,0.106994,0,0.00763028,0,0,0,4.10191,0.0434045,0.570703,0.7,2.10824,-3.2513,7.166,0,0.642317,0.0056123,0.00556847
2304,door_2,2150,0,0.0545729,0.054573,0,0.016256,0,0,0,6.19596,0.0678518,0.68133,0.882621,2,-4.74848,9.23925,-0.014924,0.0285111,0.00519586,0.00641141
2304,door_1,1817,0,0.106994,0.106994,0,0.00763028,0,0,0,4.10191,0.0434045,0.570703,0.7,2.10824,-3.2513,7.166,0,0.642335,0.0056123,0.00556847
2305,door_2,2150,0,0.0545729,0.054573,0,0.016256,0,0,0,6.19596,0.0678518,0.68133,0.882621,2,-4.74848,9.23925,-0.014924,0.0285111,0.00519586,0.00641141
2305,door_1,1817,0,0.106994,0.106994,0,0.00763028,0,0,0,4.10191,0.0434045,0.570703,0.7,2.10824,-3.2513,7.166,0,0.642354,0.0056123,0.00556847
2306,door_2,2150,0,0.0545729,0.054573,0,0.016256,0,0,0,6.19596,0.0678518,0.68133,0.882621,2,-4.74848,9.23925,-0.014924,0.0285111,0.00519586,0.00641141
2306,door_1,1817,0,0.106994,0.106994,0,0.00763028,0,0,0,4.10191,0.0434045,0.570703,0.7,2.10824,-3.2513,7.166,0,0.642372,0.0056123,0.00556847
2307,door_2,2150,0,0.0545729,0.054573,0,0.016256,0,0,0,6.19596,0.0678518,0.681331,0.882621,2,-4.74848,9.23925,-0.014924,0.0285111,0.00519586,0.00641141
2307,door_1,1817,0,0.106994,0.106994,0,0.00763028,0,0,0,4.10191,0.0434045,0.570703,0.7,2.10824,-3.2513,7.166,0,0.642391,0.0056123,0.00556847
2308,door_2,2150,0,0.0545729,0.054573,0,0.016256,0,0,0,6.19596,0.0678518,0.68133,0.882621,2,-4.74848,9.23925,-0.014924,0.0285111,0.00519586,0.00641141
2308,door_1,1817,0,0.106994,0.106994,0,0.00763028,0,0,0,4.10191,0.0434045,0.570703,0.7,2.10824,-3.2513,7.166,0,0.642409,0.0056123,0.00556847
2309,door_2,2150,0,0.0545729,0.054573,0,0.016256,0,0,0,6.19596,0.0678518,0.68133,0.882621,2,-4.74848,9.23925,-0.014924,0.0285111,0.00519586,0.00641141
2309,door_1,1817,0,0.106994,0.106994,0,0.00763028,0,0,0,4.10191,0.0434045,0.570703,0.7,2.10824,-3.2513,7.166,0,0.642428,0.0056123,0.00556847
2310,door_2,2150,0,0.0545729,0.054573,0,0.016256,0,0,0,6.19596,0.0678518,0.68133,0.882621,2,-4.74848,9.23925,-0.014924,0.0285111,0.00519586,0.00641141
2310,door_1,1817,0,0.106994,0.106994,0,0.00763028,0,0,0,4.10191,0.0434045,0.570703,0.7,2.10824,-3.2513,7.166,0,0.642446,0.0056123,0.00556847
2311,door_2,2150,0,0.0545729,0.054573,0,0.016256,0,0,0,6.19596,0.0678518,0.68133,0.882621,2,-4.74848,9.23925,-0.014924,0.0285111,0.00519586,0.00641141
2311,door_1,1817,0,0.106994,0.106994,0,0.00763028,0,0,0,4.10191,0.0434045,0.570703,0.7,2.10824,-3.2513,7.166,0,0.642465,0.0056123,0.00556847
2312,door_2,2150,0,0.0545729,0.054573,0,0.016256,0,0,0,6.19596,0.0678518,0.681331,0.882621,2,-4.74848,9.23925,-0.014924,0.0285111,0.00519586,0.00641141
2312,door_1,1817,0,0.106994,0.106994,0,0.00763028,0,0,0,4.10191,0.0434045,0.570703,0.7,2.10824,-3.2513,7.166,0,0.642483,0.0056123,0.00556847
2313,door_2,2150,0,0.0545729,0.054573,0,0.016256,0,0,0,6.19596,0.0678518,0.681331,0.882621,2,-4.74848,9.23925,-0.014924,0.0285111,0.00519586,0.00641141
2313,door_1,1817,0,0.106994,0.106994,0,0.00763028,0,0,0,4.10191,0.0434045,0.570703,0.7,2.10824,-3.2513,7.166,0,0.642501,0.0056123,0.00556847
2314,door_2,2150,0,0.0545729,0.054573,0,0.016256,0,0,0,6.19596,0.0678518,0.68133,0.882621,2,-4.74848,9.23925,-0.014924,0.0285111,0.00519586,0.00641141
2314,door_1,1817,0,0.106994,0.106994,0,0.00763028,0,0,0,4.10191,0.0434045,0.570703,0.7,2.10824,-3.2513,7.166,0,0.64252,0.0056123,0.00556847
2315,door_2,2150,0,0.0545729,0.054573,0,0.016256,0,0,0,6.19596,0.0678518,0.68133,0.882621,2,-4.74848,9.23925,-0.014924,0.0285111,0.00519586,0.00641141
2315,door_1,1817,0,0.106994,0.106994,0,0.00763028,0,0,0,4.10191,0.0434045,0.570703,0.7,2.10824,-3.2513,7.166,0,0.642538,0.0056123,0.00556847
2317,door_2,2150,0,0.0545729,0.054573,0,0.016256,0,0,0,6.19596,0.0678518,0.68133,0.882621,2,-4.74848,9.23925,-0.014924,0.0285111,0.00519586,0.00641141
2317,door_1,1817,0,0.106994,0.106994,0,0.00763028,0,0,0,4.10191,0.0434045,0.570703,0.7,2.10824,-3.2513,7.166,0,0.642557,0.0056123,0.00556847
2318,door_2,2150,0,0.0545729,0.054573,0,0.016256,0,0,0,6.19596,0.0678518,0.681331,0.882621,2,-4.74848,9.23925,-0.014924,0.0285111,0.00519586,0.00641141
2318,door_1,1817,0,0.106994,0.106994,0,0.00763028,0,0,0,4.10191,0.0434045,0.570703,0.7,2.10824,-3.2513,7.166,0,0.642575,0.0056123,0.00556847
2319,door_2,2150,0,0.0545729,0.054573,0,0.016256,0,0,0,6.19596,0.0678518,0.68133,0.882621,2,-4.74848,9.23925,-0.014924,0.0285111,0.00519586,0.00641141
2319,door_1,1817,0,0.106994,0.106994,0,0.00763028,0,0,0,4.10191,0.0434045,0.570703,0.7,2.10824,-3.2513,7.166,0,0.642594,0.0056123,0.00556847
2320,door_2,2150,0,0.0545729,0.054573,0,0.016256,0,0,0,6.19596,0.0678518,0.68133,0.882621,2,-4.74848,9.23925,-0.014924,0.0285111,0.00519586,0.00641141
2320,door_1,1817,0,0.106994,0.106994,0,0.00763028,0,0,0,4.10191,0.0434045,0.570703,0.7,2.10824,-3.2513,7.166,0,0.642612,0.0056123,0.00556847
2321,door_2,2150,0,0.0545729,0.054573,0,0.016256,0,0,0,6.19596,0.0678518,0.68133,0.882621,2,-4.74848,9.23925,-0.014924,0.0285111,0.00519586,0.00641141
2321,door_1,1817,0,0.106994,0.106994,0,0.00763028,0,0,0,4.10191,0.0434045,0.570703,0.7,2.10824,-3.2513,7.166,0,0.642631,0.0056123,0.00556847
2322,door_2,2150,0,0.0545729,0.054573,0,0.016256,0,0,0,6.19596,0.0678518,0.68133,0.882621,2,-4.74848,9.23925,-0.014924,0.0285111,0.00519586,0.00641141
2322,door_1,1817,0,0.106994,0.106994,0,0.00763028,0,0,0,4.10191,0.0434045,0.570703,0.7,2.10824,-3.2513,7.166,0,0.642649,0.0056123,0.00556847
2323,door_2,2150,0,0.0545729,0.054573,0,0.016256,0,0,0,6.19596,0.0678518,0.681331,0.882621,2,-4.74848,9.23925,-0.014924,0.0285111,0.00519586,0.00641141
2323,door_1,1817,0,0.106994,0.106994,0,0.00763028,0,0,0,4.10191,0.0434045,0.570703,0.7,2.10824,-3.2513,7.166,0,0.642668,0.0056123,0.00556847
2324,door_2,2150,0,0.0545729,0.054573,0,0.016256,0,0,0,6.19596,0.0678518,0.681331,0.882621,2,-4.74848,9.23925,-0.014924,0.0285111,0.00519586,0.00641141
2324,door_1,1817,0,0.106994,0.106994,0,0.00763028,0,0,0,4.10191,0.0434045,0.570703,0.7,2.10824,-3.2513,7.166,0,0.642686,0.0056123,0.00556847
2325,door_2,2150,0,0.0545729,0.054573,0,0.016256,0,0,0,6.19596,0.0678518,0.68133,0.882621,2,-4.74848,9.23925,-0.014924,0.0285111,0.00519586,0.00641141
2325,door_1,1817,0,0.106994,0.106994,0,0.00763028,0,0,0,4.10191,0.0434045,0.570703,0.7,2.10824,-3.2513,7.166,0,0.642704,0.0056123,0.00556847
2326,door_2,2150,0,0.0545729,0.054573,0,0.016256,0,0,0,6.19596,0.0678518,0.68133,0.882621,2,-4.74848,9.23925,-0.014924,0.0285111,0.00519586,0.00641141
2326,door_1,1817,0,0.106994,0.106994,0,0.00763028,0,0,0,4.10191,0.0434045,0.570703,0.7,2.10824,-3.2513,7.166,0,0.642723,0.0056123,0.00556847
2327,door_2,2150,0,0.0545729,0.054573,0,0.016256,0,0,0,6.19596,0.0678518,0.68133,0.882621,2,-4.74848,9.23925,-0.014924,0.0285111,0.00519586,0.00641141
2327,door_1,1817,0,0.106994,0.106994,0,0.00763028,0,0,0,4.10191,0.0434045,0.570703,0.7,2.10824,-3.2513,7.166,0,0.642741,0.0056123,0.00556847
2328,door_2,2150,0,0.0545729,0.054573,0,0.016256,0,0,0,6.19596,0.0678518,0.681331,0.882621,2,-4.74848,9.23925,-0.014924,0.0285111,0.00519586,0.00641141
2328,door_1,1817,0,0.106994,0.106994,0,0.00763028,0,0,0,4.10191,0.0434045,0.570703,0.7,2.10824,-3.2513,7.166,0,0.64276,0.0056123,0.00556847
2329,door_2,2150,0,0.0545729,0.054573,0,0.016256,0,0,0,6.19596,0.0678518,0.68133,0.882621,2,-4.74848,9.23925,-0.014924,0.0285111,0.00519586,0.00641141
2329,door_1,1817,0,0.106994,0.106994,0,0.00763028,0,0,0,4.10191,0.0434045,0.570703,0.7,2.10824,-3.2513,7.166,0,0.642778,0.0056123,0.00556847
2330,door_2,2150,0,0.0545729,0.054573,0,0.016256,0,0,0,6.19596,0.0678518,0.68133,0.882621,2,-4.74848,9.23925,-0.014924,0.0285111,0.00519586,0.00641141
2330,door_1,1817,0,0.106994,0.106994,0,0.00763028,0,0,0,4.10191,0.0434045,0.570703,0.7,2.10824,-3.2513,7.166,0,0.642797,0.0056123,0.00556847
2331,door_2,2150,0,0.0545729,0.054573,0,0.016256,0,0,0,6.19596,0.0678518,0.68133,0.882621,2,-4.74848,9.23925,-0.014924,0.0285111,0.00519586,0.00641141
2331,door_1,1817,0,0.106994,0.106994,0,0.00763028,0,0,0,4.10191,0.0434045,0.570703,0.7,2.10824,-3.2513,7.166,0,0.642815,0.0056123,0.00556847
2332,door_2,2150,0,0.0545729,0.054573,0,0.016256,0,0,0,6.19596,0.0678518,0.68133,0.882621,2,-4.74848,9.23925,-0.014924,0.0285111,0.00519586,0.00641141
2332,door_1,1817,0,0.106994,0.106994,0,0.00763028,0,0,0,4.10191,0.0434045,0.570703,0.7,2.10824,-3.2513,7.166,0,0.642833,0.0056123,0.00556847
2333,door_2,2150,0,0.0545729,0.054573,0,0.016256,0,0,0,6.19596,0.0678518,0.681331,0.882621,2,-4.74848,9.23925,-0.014924,0.0285111,0.00519586,0.00641141
2333,door_1,1817,0,0.106994,0.106994,0,0.00763028,0,0,0,4.10191,0.0434045,0.570703,0.7,2.10824,-3.2513,7.166,0,0.642852,0.0056123,0.00556847
2334,door_2,2150,0,0.0545729,0.054573,0,0.016256,0,0,0,6.19596,0.0678518,0.681331,0.882621,2,-4.74848,9.23925,-0.014924,0.0285111,0.00519586,0.00641141
2334,door_1,1817,0,0.106994,0.106994,0,0.00763028,0,0,0,4.10191,0.0434045,0.570703,0.7,2.10824,-3.2513,7.166,0,0.64287,0.0056123,0.00556847
2335,door_2,2150,0,0.0545729,0.054573,0,0.016256,0,0,0,6.19596,0.0678518,0.68133,0.882621,2,-4.74848,9.23925,-0.014924,0.0285111,0.00519586,0.00641141
2335,door_1,1817,0,0.106994,0.106994,0,0.00763028,0,0,0,4.10191,0.0434045,0.570703,0.7,2.10824,-3.2513,7.166,0,0.642889,0.0056123,0.00556847
2336,door_2,2150,0,0.0545729,0.054573,0,0.016256,0,0,0,6.19596,0.0678518,0.68133,0.882621,2,-4.74848,9.23925,-0.014924,0.0285111,0.00519586,0.00641141
2336,door_1,1817,0,0.106994,0.106994,0,0.00763028,0,0,0,4.10191,0.0434045,0.570703,0.7,2.10824,-3.2513,7.166,0,0.642907,0.0056123,0.00556847
2337,door_2,2150,0,0.0545729,0.054573,0,0.016256,0,0,0,6.19596,0.0678518,0.68133,0.882621,2,-4.74848,9.23925,-0.014924,0.0285111,0.00519586,0.00641141
2337,door_1,1817,0,0.106994,0.106994,0,0.00763028,0,0,0,4.10191,0.0434045,0.570703,0.7,2.10824,-3.2513,7.166,0,0.642926,0.0056123,0.00556847
2338,door_2,2150,0,0.0545729,0.054573,0,0.016256,0,0,0,6.19596,0.0678518,0.681331,0.882621,2,-4.74848,9.23925,-0.014924,0.0285111,0.00519586,0.00641141
2338,door_1,1817,0,0.106994,0.106994,0,0.00763028,0,0,0,4.10191,0.0434045,0.570703,0.7,2.10824,-3.2513,7.166,0,0.642944,0.0056123,0.00556847
2339,door_2,2150,0,0.0545729,0.054573,0,0.016256,0,0,0,6.19596,0.0678518,0.68133,0.882621,2,-4.74848,9.23925,-0.014924,0.0285111,0.00519586,0.00641141
2339,door_1,1817,0,0.106994,0.106994,0,0.00763028,0,0,0,4.10191,0.0434045,0.570703,0.7,2.10824,-3.2513,7.166,0,0.642962,0.0056123,0.00556847
2340,door_2,2150,0,0.0545729,0.054573,0,0.016256,0,0,0,6.19596,0.0678518,0.68133,0.882621,2,-4.74848,9.23925,-0.014924,0.0285111,0.00519586,0.00641141
2340,door_1,1817,0,0.106994,0.106994,0,0.00763028,0,0,0,4.10191,0.0434045,0.570703,0.7,2.10824,-3.2513,7.166,0,0.642981,0.0056123,0.00556847
2341,door_2,2150,0,0.0545729,0.054573,0,0.016256,0,0,0,6.19596,0.0678518,0.68133,0.882621,2,-4.74848,9.23925,-0.014924,0.0285111,0.00519586,0.00641141
2341,door_1,1817,0,0.106994,0.106994,0,0.00763028,0,0,0,4.10191,0.0434045,0.570703,0.7,2.10824,-3.2513,7.166,0,0.642999,0.0056123,0.00556847
2342,door_2,2150,0,0.0545729,0.054573,0,0.016256,0,0,0,6.19596,0.0678518,0.68133,0.882621,2,-4.74848,9.23925,-0.014924,0.0285111,0.00519586,0.00641141
2342,door_1,1817,0,0.106994,0.106994,0,0.00763028,0,0,0,4.10191,0.0434045,0.570703,0.7,2.10824,-3.2513,7.166,0,0.643018,0.0056123,0.00556847
2343,door_2,2150,0,0.0545729,0.054573,0,0.016256,0,0,0,6.19596,0.0678518,0.681331,0.882621,2,-4.74848,9.23925,-0.014924,0.0285111,0.00519586,0.00641141
2343,door_1,1817,0,0.106994,0.106994,0,0.00763028,0,0,0,4.10191,0.0434045,0.570703,0.7,2.10824,-3.2513,7.166,0,0.643036,0.0056123,0.00556847
2344,door_2,2150,0,0.0545729,0.054573,0,0.016256,0,0,0,6.19596,0.0678518,0.681331,0.882621,2,-4.74848,9.23925,-0.014924,0.0285111,0.00519586,0.00641141
2344,door_1,1817,0,0.106994,0.106994,0,0.00763028,0,0,0,4.10191,0.0434045,0.570703,0.7,2.10824,-3.2513,7.166,0,0.643055,0.0056123,0.00556847
2345,door_2,2150,0,0.0545729,0.054573,0,0.016256,0,0,0,6.19596,0.0678518,0.68133,0.882621,2,-4.74848,9.23925,-0.014924,0.0285111,0.00519586,0.00641141
2345,door_1,1817,0,0.106994,0.106994,0,0.00763028,0,0,0,4.10191,0.0434045,0.570703,0.7,2.10824,-3.2513,7.166,0,0.643073,0.0056123,0.00556847
2346,door_2,2150,0,0.0545729,0.054573,0,0.016256,0,0,0,6.19596,0.0678518,0.68133,0.882621,2,-4.74848,9.23925,-0.014924,0.0285111,0.00519586,0.00641141
2346,door_1,1817,0,0.106994,0.106994,0,0.00763028,0,0,0,4.10191,0.0434045,0.570703,0.7,2.10824,-3.2513,7.166,0,0.643091,0.0056123,0.00556847
2347,door_2,2150,0,0.0545729,0.054573,0,0.016256,0,0,0,6.19596,0.0678518,0.68133,0.882621,2,-4.74848,9.23925,-0.014924,0.0285111,0.00519586,0.00641141
2347,door_1,1817,0,0.106994,0.106994,0,0.00763028,0,0,0,4.10191,0.0434045,0.570703,0.7,2.10824,-3.2513,7.166,0,0.64311,0.0056123,0.00556847
2348,door_2,2150,0,0.0545729,0.054573,0,0.016256,0,0,0,6.19596,0.0678518,0.681331,0.882621,2,-4.74848,9.23925,-0.014924,0.0285111,0.00519586,0.00641141
2348,door_1,1817,0,0.106994,0.106994,0,0.00763028,0,0,0,4.10191,0.0434045,0.570703,0.7,2.10824,-3.2513,7.166,0,0.643128,0.0056123,0.00556847
2349,door_2,2150,0,0.0545729,0.054573,0,0.016256,0,0,0,6.19596,0.0678518,0.68133,0.882621,2,-4.74848,9.23925,-0.014924,0.0285111,0.00519586,0.00641141
2349,door_1,1817,0,0.106994,0.106994,0,0.00763028,0,0,0,4.10191,0.0434045,0.570703,0.7,2.10824,-3.2513,7.166,0,0.643147,0.0056123,0.00556847
2350,door_2,2150,0,0.0545729,0.054573,0,0.016256,0,0,0,6.19596,0.0678518,0.68133,0.882621,2,-4.74848,9.23925,-0.014924,0.0285111,0.00519586,0.00641141
2350,door_1,1817,0,0.106994,0.106994,0,0.00763028,0,0,0,4.10191,0.0434045,0.570703,0.7,2.10824,-3.2513,7.166,0,0.643165,0.0056123,0.00556847
2351,door_2,2150,0,0.0545729,0.054573,0,0.016256,0,0,0,6.19596,0.0678518,0.68133,0.882621,2,-4.74848,9.23925,-0.014924,0.0285111,0.00519586,0.00641141
2351,door_1,1817,0,0.106994,0.106994,0,0.00763028,0,0,0,4.10191,0.0434045,0.570703,0.7,2.10824,-3.2513,7.166,0,0.643184,0.0056123,0.00556847
2352,door_2,2150,0,0.0545729,0.054573,0,0.016256,0,0,0,6.19596,0.0678518,0.68133,0.882621,2,-4.74848,9.23925,-0.014924,0.0285111,0.00519586,0.00641141
2352,door_1,1817,0,0.106994,0.106994,0,0.00763028,0,0,0,4.10191,0.0434045,0.570703,0.7,2.10824,-3.2513,7.166,0,0.643202,0.0056123,0.00556847
2353,door_2,2150,0,0.0545729,0.054573,0,0.016256,0,0,0,6.19596,0.0678518,0.681331,0.882621,2,-4.74848,9.23925,-0.014924,0.0285111,0.00519586,0.00641141
2353,door_1,1817,0,0.106994,0.106994,0,0.00763028,0,0,0,4.10191,0.0434045,0.570703,0.7,2.10824,-3.2513,7.166,0,0.64322,0.0056123,0.00556847
2354,door_2,2150,0,0.0545729,0.054573,0,0.016256,0,0,0,6.19596,0.0678518,0.681331,0.882621,2,-4.74848,9.23925,-0.014924,0.0285111,0.00519586,0.00641141
2354,door_1,1817,0,0.106994,0.106994,0,0.00763028,0,0,0,4.10191,0.0434045,0.570703,0.7,2.10824,-3.2513,7.166,0,0.643239,0.0056123,0.00556847
2355,door_2,2150,0,0.0545729,0.054573,0,0.016256,0,0,0,6.19596,0.0678518,0.68133,0.882621,2,-4.74848,9.23925,-0.014924,0.0285111,0.00519586,0.00641141
2355,door_1,1817,0,0.106994,0.106994,0,0.00763028,0,0,0,4.10191,0.0434045,0.570703,0.7,2.10824,-3.2513,7.166,0,0.643257,0.0056123,0.00556847
2356,door_2,2150,0,0.0545729,0.054573,0,0.016256,0,0,0,6.19596,0.0678518,0.68133,0.882621,2,-4.74848,9.23925,-0.014924,0.0285111,0.00519586,0.00641141
2356,door_1,1817,0,0.106994,0.106994,0,0.00763028,0,0,0,4.10191,0.0434045,0.570703,0.7,2.10824,-3.2513,7.166,0,0.643276,0.0056123,0.00556847
2357,door_2,2150,0,0.0545729,0.054573,0,0.016256,0,0,0,6.19596,0.0678518,0.68133,0.882621,2,-4.74848,9.23925,-0.014924,0.0285111,0.00519586,0.00641141
2357,door_1,1817,0,0.106994,0.106994,0,0.00763028,0,0,0,4.10191,0.0434045,0.570703,0.7,2.10824,-3.2513,7.166,0,0.643294,0.0056123,0.00556847
2358,door_2,2150,0,0.0545729,0.054573,0,0.016256,0,0,0,6.19596,0.0678518,0.681331,0.882621,2,-4.74848,9.23925,-0.014924,0.0285111,0.00519586,0.00641141
2358,door_1,1817,0,0.106994,0.106994,0,0.00763028,0,0,0,4.10191,0.0434045,0.570703,0.7,2.10824,-3.2513,7.166,0,0.643312,0.0056123,0.00556847
2359,door_2,2150,0,0.0545729,0.054573,0,0.016256,0,0,0,6.19596,0.0678518,0.68133,0.882621,2,-4.74848,9.23925,-0.014924,0.0285111,0.00519586,0.00641141
2359,door_1,1817,0,0.106994,0.106994,0,0.00763028,0,0,0,4.10191,0.0434045,0.570703,0.7,2.10824,-3.2513,7.166,0,0.643331,0.0056123,0.00556847
2360,door_2,2150,0,0.0545729,0.054573,0,0.016256,0,0,0,6.19596,0.0678518,0.68133,0.882621,2,-4.74848,9.23925,-0.014924,0.0285111,0.00519586,0.00641141
2360,door_1,1817,0,0.106994,0.106994,0,0.00763028,0,0,0,4.10191,0.0434045,0.570703,0.7,2.10824,-3.2513,7.166,0,0.643349,0.0056123,0.00556847
2362,door_2,2150,0,0.0545729,0.054573,0,0.016256,0,0,0,6.19596,0.0678518,0.68133,0.882621,2,-4.74848,9.23925,-0.014924,0.0285111,0.00519586,0.00641141
2362,door_1,1817,0,0.106994,0.106994,0,0.00763028,0,0,0,4.10191,0.0434045,0.570703,0.7,2.10824,-3.2513,7.166,0,0.643368,0.0056123,0.00556847
2363,door_2,2150,0,0.0545729,0.054573,0,0.016256,0,0,0,6.19596,0.0678518,0.68133,0.882621,2,-4.74848,9.23925,-0.014924,0.0285111,0.00519586,0.00641141
2363,door_1,1817,0,0.106994,0.106994,0,0.00763028,0,0,0,4.10191,0.0434045,0.570703,0.7,2.10824,-3.2513,7.166,0,0.643386,0.0056123,0.00556847
2365,door_2,2150,0,0.0545729,0.054573,0,0.016256,0,0,0,6.19596,0.0678518,0.681331,0.882621,2,-4.74848,9.23925,-0.014924,0.0285111,0.00519586,0.00641141
2365,door_1,1817,0,0.106994,0.106994,0,0.00763028,0,0,0,4.10191,0.0434045,0.570703,0.7,2.10824,-3.2513,7.166,0,0.643405,0.0056123,0.00556847
2366,door_2,2150,0,0.0545729,0.054573,0,0.016256,0,0,0,6.19596,0.0678518,0.681331,0.882621,2,-4.74848,9.23925,-0.014924,0.0285111,0.00519586,0.00641141
2366,door_1,1817,0,0.106994,0.106994,0,0.00763028,0,0,0,4.10191,0.0434045,0.570703,0.7,2.10824,-3.2513,7.166,0,0.643423,0.0056123,0.00556847
2367,door_2,2150,0,0.0545729,0.054573,0,0.016256,0,0,0,6.19596,0.0678518,0.68133,0.882621,2,-4.74848,9.23925,-0.014924,0.0285111,0.00519586,0.00641141
2367,door_1,1817,0,0.106994,0.106994,0,0.00763028,0,0,0,4.10191,0.0434045,0.570703,0.7,2.10824,-3.2513,7.166,0,0.643441,0.0056123,0.00556847
2368,door_2,2150,0,0.0545729,0.054573,0,0.016256,0,0,0,6.19596,0.0678518,0.68133,0.882621,2,-4.74848,9.23925,-0.014924,0.0285111,0.00519586,0.00641141
2368,door_1,1817,0,0.106994,0.106994,0,0.00763028,0,0,0,4.10191,0.0434045,0.570703,0.7,2.10824,-3.2513,7.166,0,0.64346,0.0056123,0.00556847
2369,door_2,2150,0,0.0545729,0.054573,0,0.016256,0,0,0,6.19596,0.0678518,0.68133,0.882621,2,-4.74848,9.23925,-0.014924,0.0285111,0.00519586,0.00641141
2369,door_1,1817,0,0.106994,0.106994,0,0.00763028,0,0,0,4.10191,0.0434045,0.570703,0.7,2.10824,-3.2513,7.166,0,0.643478,0.0056123,0.00556847
2371,door_2,2150,0,0.0545729,0.054573,0,0.016256,0,0,0,6.19596,0.0678518,0.681331,0.882621,2,-4.74848,9.23925,-0.014924,0.0285111,0.00519586,0.00641141
2371,door_1,1817,0,0.106994,0.106994,0,0.00763028,0,0,0,4.10191,0.0434045,0.570703,0.7,2.10824,-3.2513,7.166,0,0.643497,0.0056123,0.00556847
2372,door_2,2150,0,0.0545729,0.054573,0,0.016256,0,0,0,6.19596,0.0678518,0.68133,0.882621,2,-4.74848,9.23925,-0.014924,0.0285111,0.00519586,0.00641141
2372,door_1,1817,0,0.106994,0.106994,0,0.00763028,0,0,0,4.10191,0.0434045,0.570703,0.7,2.10824,-3.2513,7.166,0,0.643515,0.0056123,0.00556847
2373,door_2,2150,0,0.0545729,0.054573,0,0.016256,0,0,0,6.19596,0.0678518,0.68133,0.882621,2,-4.74848,9.23925,-0.014924,0.0285111,0.00519586,0.00641141
2373,door_1,1817,0,0.106994,0.106994,0,0.00763028,0,0,0,4.10191,0.0434045,0.570703,0.7,2.10824,-3.2513,7.166,0,0.643533,0.0056123,0.00556847
2374,door_2,2150,0,0.0545729,0.054573,0,0.016256,0,0,0,6.19596,0.0678518,0.68133,0.882621,2,-4.74848,9.23925,-0.014924,0.0285111,0.00519586,0.00641141
2374,door_1,1817,0,0.106994,0.106994,0,0.00763028,0,0,0,4.10191,0.0434045,0.570703,0.7,2.10824,-3.2513,7.166,0,0.643552,0.0056123,0.00556847
2375,door_2,2150,0,0.0545729,0.054573,0,0.016256,0,0,0,6.19596,0.0678518,0.68133,0.882621,2,-4.74848,9.23925,-0.014924,0.0285111,0.00519586,0.00641141
2375,door_1,1817,0,0.106994,0.106994,0,0.00763028,0,0,0,4.10191,0.0434045,0.570703,0.7,2.10824,-3.2513,7.166,0,0.64357,0.0056123,0.00556847
2376,door_2,2150,0,0.0545729,0.054573,0,0.016256,0,0,0,6.19596,0.0678518,0.681331,0.882621,2,-4.74848,9.23925,-0.014924,0.0285111,0.00519586,0.00641141
2376,door_1,1817,0,0.106994,0.106994,0,0.00763028,0,0,0,4.10191,0.0434045,0.570703,0.7,2.10824,-3.2513,7.166,0,0.643589,0.0056123,0.00556847
2377,door_2,2150,0,0.0545729,0.054573,0,0.016256,0,0,0,6.19596,0.0678518,0.681331,0.882621,2,-4.74848,9.23925,-0.014924,0.0285111,0.00519586,0.00641141
2377,door_1,1817,0,0.106994,0.106994,0,0.00763028,0,0,0,4.10191,0.0434045,0.570703,0.7,2.10824,-3.2513,7.166,0,0.643607,0.0056123,0.00556847
2378,door_2,2150,0,0.0545729,0.054573,0,0.016256,0,0,0,6.19596,0.0678518,0.68133,0.882621,2,-4.74848,9.23925,-0.014924,0.0285111,0.00519586,0.00641141
2378,door_1,1817,0,0.106994,0.106994,0,0.00763028,0,0,0,4.10191,0.0434045,0.570703,0.7,2.10824,-3.2513,7.166,0,0.643625,0.0056123,0.00556847
2379,door_2,2150,0,0.0545729,0.054573,0,0.016256,0,0,0,6.19596,0.0678518,0.68133,0.882621,2,-4.74848,9.23925,-0.014924,0.0285111,0.00519586,0.00641141
2379,door_1,1817,0,0.106994,0.106994,0,0.00763028,0,0,0,4.10191,0.0434045,0.570703,0.7,2.10824,-3.2513,7.166,0,0.643644,0.0056123,0.00556847
2380,door_2,2150,0,0.0545729,0.054573,0,0.016256,0,0,0,6.19596,0.0678518,0.68133,0.882621,2,-4.74848,9.23925,-0.014924,0.0285111,0.00519586,0.00641141
2380,door_1,1817,0,0.106994,0.106994,0,0.00763028,0,0,0,4.10191,0.0434045,0.570703,0.7,2.10824,-3.2513,7.166,0,0.643662,0.0056123,0.00556847
2381,door_2,2150,0,0.0545729,0.054573,0,0.016256,0,0,0,6.19596,0.0678518,0.681331,0.882621,2,-4.74848,9.23925,-0.014924,0.0285111,0.00519586,0.00641141
2381,door_1,1817,0,0.106994,0.106994,0,0.00763028,0,0,0,4.10191,0.0434045,0.570703,0.7,2.10824,-3.2513,7.166,0,0.643681,0.0056123,0.00556847
2382,door_2,2150,0,0.0545729,0.054573,0,0.016256,0,0,0,6.19596,0.0678518,0.68133,0.882621,2,-4.74848,9.23925,-0.014924,0.0285111,0.00519586,0.00641141
2382,door_1,1817,0,0.106994,0.106994,0,0.00763028,0,0,0,4.10191,0.0434045,0.570703,0.7,2.10824,-3.2513,7.166,0,0.643699,0.0056123,0.00556847
2383,door_2,2150,0,0.0545729,0.054573,0,0.016256,0,0,0,6.19596,0.0678518,0.68133,0.882621,2,-4.74848,9.23925,-0.014924,0.0285111,0.00519586,0.00641141
2383,door_1,1817,0,0.106994,0.106994,0,0.00763028,0,0,0,4.10191,0.0434045,0.570703,0.7,2.10824,-3.2513,7.166,0,0.643718,0.0056123,0.00556847
2384,door_2,2150,0,0.0545729,0.054573,0,0.016256,0,0,0,6.19596,0.0678518,0.68133,0.882621,2,-4.74848,9.23925,-0.014924,0.0285111,0.00519586,0.00641141
2384,door_1,1817,0,0.106994,0.106994,0,0.00763028,0,0,0,4.10191,0.0434045,0.570703,0.7,2.10824,-3.2513,7.166,0,0.643736,0.0056123,0.00556847
2385,door_2,2150,0,0.0545729,0.054573,0,0.016256,0,0,0,6.19596,0.0678518,0.68133,0.882621,2,-4.74848,9.23925,-0.014924,0.0285111,0.00519586,0.00641141
2385,door_1,1817,0,0.106994,0.106994,0,0.00763028,0,0,0,4.10191,0.0434045,0.570703,0.7,2.10824,-3.2513,7.166,0,0.643754,0.0056123,0.00556847
2386,door_2,2150,0,0.0545729,0.054573,0,0.016256,0,0,0,6.19596,0.0678518,0.681331,0.882621,2,-4.74848,9.23925,-0.014924,0.0285111,0.00519586,0.00641141
2386,door_1,1817,0,0.106994,0.106994,0,0.00763028,0,0,0,4.10191,0.0434045,0.570703,0.7,2.10824,-3.2513,7.166,0,0.643773,0.0056123,0.00556847
2388,door_2,2150,0,0.0545729,0.054573,0,0.016256,0,0,0,6.19596,0.0678518,0.681331,0.882621,2,-4.74848,9.23925,-0.014924,0.0285111,0.00519586,0.00641141
2388,door_1,1817,0,0.106994,0.106994,0,0.00763028,0,0,0,4.10191,0.0434045,0.570703,0.7,2.10824,-3.2513,7.166,0,0.643791,0.0056123,0.00556847
2389,door_2,2150,0,0.0545729,0.054573,0,0.016256,0,0,0,6.19596,0.0678518,0.68133,0.882621,2,-4.74848,9.23925,-0.014924,0.0285111,0.00519586,0.00641141
2389,door_1,1817,0,0.106994,0.106994,0,0.00763028,0,0,0,4.10191,0.0434045,0.570703,0.7,2.10824,-3.2513,7.166,0,0.643809,0.0056123,0.00556847
2390,door_2,2150,0,0.0545729,0.054573,0,0.016256,0,0,0,6.19596,0.0678518,0.68133,0.882621,2,-4.74848,9.23925,-0.014924,0.0285111,0.00519586,0.00641141
2390,door_1,1817,0,0.106994,0.106994,0,0.00763028,0,0,0,4.10191,0.0434045,0.570703,0.7,2.10824,-3.2513,7.166,0,0.643828,0.0056123,0.00556847
2392,door_2,2150,0,0.0545729,0.054573,0,0.016256,0,0,0,6.19596,0.0678518,0.68133,0.882621,2,-4.74848,9.23925,-0.014924,0.0285111,0.00519586,0.00641141
2392,door_1,1817,0,0.106994,0.106994,0,0.00763028,0,0,0,4.10191,0.0434045,0.570703,0.7,2.10824,-3.2513,7.166,0,0.643846,0.0056123,0.00556847
2394,door_2,2150,0,0.0545729,0.054573,0,0.016256,0,0,0,6.19596,0.0678518,0.681331,0.882621,2,-4.74848,9.23925,-0.014924,0.0285111,0.00519586,0.00641141
2394,door_1,1817,0,0.106994,0.106994,0,0.00763028,0,0,0,4.10191,0.0434045,0.570703,0.7,2.10824,-3.2513,7.166,0,0.643865,0.0056123,0.00556847
2395,door_2,2150,0,0.0545729,0.054573,0,0.016256,0,0,0,6.19596,0.0678518,0.68133,0.882621,2,-4.74848,9.23925,-0.014924,0.0285111,0.00519586,0.00641141
2395,door_1,1817,0,0.106994,0.106994,0,0.00763028,0,0,0,4.10191,0.0434045,0.570703,0.7,2.10824,-3.2513,7.166,0,0.643883,0.0056123,0.00556847
2396,door_2,2150,0,0.0545729,0.054573,0,0.016256,0,0,0,6.19596,0.0678518,0.68133,0.882621,2,-4.74848,9.23925,-0.014924,0.0285111,0.00519586,0.00641141
2396,door_1,1817,0,0.106994,0.106994,0,0.00763028,0,0,0,4.10191,0.0434045,0.570703,0.7,2.10824,-3.2513,7.166,0,0.643901,0.0056123,0.00556847
2397,door_2,2150,0,0.0545729,0.054573,0,0.016256,0,0,0,6.19596,0.0678518,0.68133,0.882621,2,-4.74848,9.23925,-0.014924,0.0285111,0.00519586,0.00641141
2397,door_1,1817,0,0.106994,0.106994,0,0.00763028,0,0,0,4.10191,0.0434045,0.570703,0.7,2.10824,-3.2513,7.166,0,0.64392,0.0056123,0.00556847
2398,door_2,2150,0,0.0545729,0.054573,0,0.016256,0,0,0,6.19596,0.0678518,0.68133,0.882621,2,-4.74848,9.23925,-0.014924,0.0285111,0.00519586,0.00641141
2398,door_1,1817,0,0.106994,0.106994,0,0.00763028,0,0,0,4.10191,0.0434045,0.570703,0.7,2.10824,-3.2513,7.166,0,0.643938,0.0056123,0.00556847
2399,door_2,2150,0,0.0545729,0.054573,0,0.016256,0,0,0,6.19596,0.0678518,0.681331,0.882621,2,-4.74848,9.23925,-0.014924,0.0285111,0.00519586,0.00641141
2399,door_1,1817,0,0.106994,0.106994,0,0.00763028,0,0,0,4.10191,0.0434045,0.570703,0.7,2.10824,-3.2513,7.166,0,0.643957,0.0056123,0.00556847
2400,door_2,2150,0,0.0545729,0.054573,0,0.016256,0,0,0,6.19596,0.0678518,0.681331,0.882621,2,-4.74848,9.23925,-0.014924,0.0285111,0.00519586,0.00641141
2400,door_1,1817,0,0.106994,0.106994,0,0.00763028,0,0,0,4.10191,0.0434045,0.570703,0.7,2.10824,-3.2513,7.166,0,0.643975,0.0056123,0.00556847
2401,door_2,2150,0,0.0545729,0.054573,0,0.016256,0,0,0,6.19596,0.0678518,0.68133,0.882621,2,-4.74848,9.23925,-0.014924,0.0285111,0.00519586,0.00641141
2401,door_1,1817,0,0.106994,0.106994,0,0.00763028,0,0,0,4.10191,0.0434045,0.570703,0.7,2.10824,-3.2513,7.166,0,0.643993,0.0056123,0.00556847
2402,door_2,2150,0,0.0545729,0.054573,0,0.016256,0,0,0,6.19596,0.0678518,0.68133,0.882621,2,-4.74848,9.23925,-0.014924,0.0285111,0.00519586,0.00641141
2402,door_1,1817,0,0.106994,0.106994,0,0.00763028,0,0,0,4.10191,0.0434045,0.570703,0.7,2.10824,-3.2513,7.166,0,0.644012,0.0056123,0.00556847
2403,door_2,2150,0,0.0545729,0.054573,0,0.016256,0,0,0,6.19596,0.0678518,0.68133,0.882621,2,-4.74848,9.23925,-0.014924,0.0285111,0.00519586,0.00641141
2403,door_1,1817,0,0.106994,0.106994,0,0.00763028,0,0,0,4.10191,0.0434045,0.570703,0.7,2.10824,-3.2513,7.166,0,0.64403,0.0056123,0.00556847
2404,door_2,2150,0,0.0545729,0.054573,0,0.016256,0,0,0,6.19596,0.0678518,0.681331,0.882621,2,-4.74848,9.23925,-0.014924,0.0285111,0.00519586,0.00641141
2404,door_1,1817,0,0.106994,0.106994,0,0.00763028,0,0,0,4.10191,0.0434045,0.570703,0.7,2.10824,-3.2513,7.166,0,0.644049,0.0056123,0.00556847
2405,door_2,2150,0,0.0545729,0.054573,0,0.016256,0,0,0,6.19596,0.0678518,0.68133,0.882621,2,-4.74848,9.23925,-0.014924,0.0285111,0.00519586,0.00641141
2405,door_1,1817,0,0.106994,0.106994,0,0.00763028,0,0,0,4.10191,0.0434045,0.570703,0.7,2.10824,-3.2513,7.166,0,0.644067,0.0056123,0.00556847
2406,door_2,2150,0,0.0545729,0.054573,0,0.016256,0,0,0,6.19596,0.0678518,0.68133,0.882621,2,-4.74848,9.23925,-0.014924,0.0285111,0.00519586,0.00641141
2406,door_1,1817,0,0.106994,0.106994,0,0.00763028,0,0,0,4.10191,0.0434045,0.570703,0.7,2.10824,-3.2513,7.166,0,0.644085,0.0056123,0.00556847
2407,door_2,2150,0,0.0545729,0.054573,0,0.016256,0,0,0,6.19596,0.0678518,0.68133,0.882621,2,-4.74848,9.23925,-0.014924,0.0285111,0.00519586,0.00641141
2407,door_1,1817,0,0.106994,0.106994,0,0.00763028,0,0,0,4.10191,0.0434045,0.570703,0.7,2.10824,-3.2513,7.166,0,0.644104,0.0056123,0.00556847
2408,door_2,2150,0,0.0545729,0.054573,0,0.016256,0,0,0,6.19596,0.0678518,0.68133,0.882621,2,-4.74848,9.23925,-0.014924,0.0285111,0.00519586,0.00641141
2408,door_1,1817,0,0.106994,0.106994,0,0.00763028,0,0,0,4.10191,0.0434045,0.570703,0.7,2.10824,-3.2513,7.166,0,0.644122,0.0056123,0.00556847
2409,door_2,2150,0,0.0545729,0.054573,0,0.016256,0,0,0,6.19596,0.0678518,0.681331,0.882621,2,-4.74848,9.23925,-0.014924,0.0285111,0.00519586,0.00641141
2409,door_1,1817,0,0.106994,0.106994,0,0.00763028,0,0,0,4.10191,0.0434045,0.570703,0.7,2.10824,-3.2513,7.166,0,0.64414,0.0056123,0.00556847
2410,door_2,2150,0,0.0545729,0.054573,0,0.016256,0,0,0,6.19596,0.0678518,0.681331,0.882621,2,-4.74848,9.23925,-0.014924,0.0285111,0.00519586,0.00641141
2410,door_1,1817,0,0.106994,0.106994,0,0.00763028,0,0,0,4.10191,0.0434045,0.570703,0.7,2.10824,-3.2513,7.166,0,0.644159,0.0056123,0.00556847
2411,door_2,2150,0,0.0545729,0.054573,0,0.016256,0,0,0,6.19596,0.0678518,0.68133,0.882621,2,-4.74848,9.23925,-0.014924,0.0285111,0.00519586,0.00641141
2411,door_1,1817,0,0.106994,0.106994,0,0.00763028,0,0,0,4.10191,0.0434045,0.570703,0.7,2.10824,-3.2513,7.166,0,0.644177,0.0056123,0.00556847
2412,door_2,2150,0,0.0545729,0.054573,0,0.016256,0,0,0,6.19596,0.0678518,0.68133,0.882621,2,-4.74848,9.23925,-0.014924,0.0285111,0.00519586,0.00641141
2412,door_1,1817,0,0.106994,0.106994,0,0.00763028,0,0,0,4.10191,0.0434045,0.570703,0.7,2.10824,-3.2513,7.166,0,0.644196,0.0056123,0.00556847
2413,door_2,2150,0,0.0545729,0.054573,0,0.016256,0,0,0,6.19596,0.0678518,0.68133,0.882621,2,-4.74848,9.23925,-0.014924,0.0285111,0.00519586,0.00641141
2413,door_1,1817,0,0.106994,0.106994,0,0.00763028,0,0,0,4.10191,0.0434045,0.570703,0.7,2.10824,-3.2513,7.166,0,0.644214,0.0056123,0.00556847
2414,door_2,2150,0,0.0545729,0.054573,0,0.016256,0,0,0,6.19596,0.0678518,0.681331,0.882621,2,-4.74848,9.23925,-0.014924,0.0285111,0.00519586,0.00641141
2414,door_1,1817,0,0.106994,0.106994,0,0.00763028,0,0,0,4.10191,0.0434045,0.570703,0.7,2.10824,-3.2513,7.166,0,0.644232,0.0056123,0.00556847
2415,door_2,2150,0,0.0545729,0.054573,0,0.016256,0,0,0,6.19596,0.0678518,0.68133,0.882621,2,-4.74848,9.23925,-0.014924,0.0285111,0.00519586,0.00641141
2415,door_1,1817,0,0.106994,0.106994,0,0.00763028,0,0,0,4.10191,0.0434045,0.570703,0.7,2.10824,-3.2513,7.166,0,0.644251,0.0056123,0.00556847
2416,door_2,2150,0,0.0545729,0.054573,0,0.016256,0,0,0,6.19596,0.0678518,0.68133,0.882621,2,-4.74848,9.23925,-0.014924,0.0285111,0.00519586,0.00641141
2416,door_1,1817,0,0.106994,0.106994,0,0.00763028,0,0,0,4.10191,0.0434045,0.570703,0.7,2.10824,-3.2513,7.166,0,0.644269,0.0056123,0.00556847
2417,door_2,2150,0,0.0545729,0.054573,0,0.016256,0,0,0,6.19596,0.0678518,0.68133,0.882621,2,-4.74848,9.23925,-0.014924,0.0285111,0.00519586,0.00641141
2417,door_1,1817,0,0.106994,0.106994,0,0.00763028,0,0,0,4.10191,0.0434045,0.570703,0.7,2.10824,-3.2513,7.166,0,0.644288,0.0056123,0.00556847
2418,door_2,2150,0,0.0545729,0.054573,0,0.016256,0,0,0,6.19596,0.0678518,0.68133,0.882621,2,-4.74848,9.23925,-0.014924,0.0285111,0.00519586,0.00641141
2418,door_1,1817,0,0.106994,0.106994,0,0.00763028,0,0,0,4.10191,0.0434045,0.570703,0.7,2.10824,-3.2513,7.166,0,0.644306,0.0056123,0.00556847
2419,door_2,2150,0,0.0545729,0.054573,0,0.016256,0,0,0,6.19596,0.0678518,0.681331,0.882621,2,-4.74848,9.23925,-0.014924,0.0285111,0.00519586,0.00641141
2419,door_1,1817,0,0.106994,0.106994,0,0.00763028,0,0,0,4.10191,0.0434045,0.570703,0.7,2.10824,-3.2513,7.166,0,0.644324,0.0056123,0.00556847
2420,door_2,2150,0,0.0545729,0.054573,0,0.016256,0,0,0,6.19596,0.0678518,0.681331,0.882621,2,-4.74848,9.23925,-0.014924,0.0285111,0.00519586,0.00641141
2420,door_1,1817,0,0.106994,0.106994,0,0.00763028,0,0,0,4.10191,0.0434045,0.570703,0.7,2.10824,-3.2513,7.166,0,0.644343,0.0056123,0.00556847
2421,door_2,2150,0,0.0545729,0.054573,0,0.016256,0,0,0,6.19596,0.0678518,0.68133,0.882621,2,-4.74848,9.23925,-0.014924,0.0285111,0.00519586,0.00641141
2421,door_1,1817,0,0.106994,0.106994,0,0.00763028,0,0,0,4.10191,0.0434045,0.570703,0.7,2.10824,-3.2513,7.166,0,0.644361,0.0056123,0.00556847
2422,door_2,2150,0,0.0545729,0.054573,0,0.016256,0,0,0,6.19596,0.0678518,0.68133,0.882621,2,-4.74848,9.23925,-0.014924,0.0285111,0.00519586,0.00641141
2422,door_1,1817,0,0.106994,0.106994,0,0.00763028,0,0,0,4.10191,0.0434045,0.570703,0.7,2.10824,-3.2513,7.166,0,0.644379,0.0056123,0.00556847
2423,door_2,2150,0,0.0545729,0.054573,0,0.016256,0,0,0,6.19596,0.0678518,0.68133,0.882621,2,-4.74848,9.23925,-0.014924,0.0285111,0.00519586,0.00641141
2423,door_1,1817,0,0.106994,0.106994,0,0.00763028,0,0,0,4.10191,0.0434045,0.570703,0.7,2.10824,-3.2513,7.166,0,0.644398,0.0056123,0.00556847
2424,door_2,2150,0,0.0545729,0.054573,0,0.016256,0,0,0,6.19596,0.0678518,0.681331,0.882621,2,-4.74848,9.23925,-0.014924,0.0285111,0.00519586,0.00641141
2424,door_1,1817,0,0.106994,0.106994,0,0.00763028,0,0,0,4.10191,0.0434045,0.570703,0.7,2.10824,-3.2513,7.166,0,0.644416,0.0056123,0.00556847
2425,door_2,2150,0,0.0545729,0.054573,0,0.016256,0,0,0,6.19596,0.0678518,0.68133,0.882621,2,-4.74848,9.23925,-0.014924,0.0285111,0.00519586,0.00641141
2425,door_1,1817,0,0.106994,0.106994,0,0.00763028,0,0,0,4.10191,0.0434045,0.570703,0.7,2.10824,-3.2513,7.166,0,0.644435,0.0056123,0.00556847
2426,door_2,2150,0,0.0545729,0.054573,0,0.016256,0,0,0,6.19596,0.0678518,0.68133,0.882621,2,-4.74848,9.23925,-0.014924,0.0285111,0.00519586,0.00641141
2426,door_1,1817,0,0.106994,0.106994,0,0.00763028,0,0,0,4.10191,0.0434045,0.570703,0.7,2.10824,-3.2513,7.166,0,0.644453,0.0056123,0.00556847
2427,door_2,2150,0,0.0545729,0.054573,0,0.016256,0,0,0,6.19596,0.0678518,0.68133,0.882621,2,-4.74848,9.23925,-0.014924,0.0285111,0.00519586,0.00641141
2427,door_1,1817,0,0.106994,0.106994,0,0.00763028,0,0,0,4.10191,0.0434045,0.570703,0.7,2.10824,-3.2513,7.166,0,0.644471,0.0056123,0.00556847
2428,door_2,2150,0,0.0545729,0.054573,0,0.016256,0,0,0,6.19596,0.0678518,0.68133,0.882621,2,-4.74848,9.23925,-0.014924,0.0285111,0.00519586,0.00641141
2428,door_1,1817,0,0.106994,0.106994,0,0.00763028,0,0,0,4.10191,0.0434045,0.570703,0.7,2.10824,-3.2513,7.166,0,0.64449,0.0056123,0.00556847
2429,door_2,2150,0,0.0545729,0.054573,0,0.016256,0,0,0,6.19596,0.0678518,0.681331,0.882621,2,-4.74848,9.23925,-0.014924,0.0285111,0.00519586,0.00641141
2429,door_1,1817,0,0.106994,0.106994,0,0.00763028,0,0,0,4.10191,0.0434045,0.570703,0.7,2.10824,-3.2513,7.166,0,0.644508,0.0056123,0.00556847
2430,door_2,2150,0,0.0545729,0.054573,0,0.016256,0,0,0,6.19596,0.0678518,0.681331,0.882621,2,-4.74848,9.23925,-0.014924,0.0285111,0.00519586,0.00641141
2430,door_1,1817,0,0.106994,0.106994,0,0.00763028,0,0,0,4.10191,0.0434045,0.570703,0.7,2.10824,-3.2513,7.166,0,0.644526,0.0056123,0.00556847
2431,door_2,2150,0,0.0545729,0.054573,0,0.016256,0,0,0,6.19596,0.0678518,0.68133,0.882621,2,-4.74848,9.23925,-0.014924,0.0285111,0.00519586,0.00641141
2431,door_1,1817,0,0.106994,0.106994,0,0.00763028,0,0,0,4.10191,0.0434045,0.570703,0.7,2.10824,-3.2513,7.166,0,0.644545,0.0056123,0.00556847
2432,door_2,2150,0,0.0545729,0.054573,0,0.016256,0,0,0,6.19596,0.0678518,0.68133,0.882621,2,-4.74848,9.23925,-0.014924,0.0285111,0.00519586,0.00641141
2432,door_1,1817,0,0.106994,0.106994,0,0.00763028,0,0,0,4.10191,0.0434045,0.570703,0.7,2.10824,-3.2513,7.166,0,0.644563,0.0056123,0.00556847
2433,door_2,2150,0,0.0545729,0.054573,0,0.016256,0,0,0,6.19596,0.0678518,0.68133,0.882621,2,-4.74848,9.23925,-0.014924,0.0285111,0.00519586,0.00641141
2433,door_1,1817,0,0.106994,0.106994,0,0.00763028,0,0,0,4.10191,0.0434045,0.570703,0.7,2.10824,-3.2513,7.166,0,0.644582,0.0056123,0.00556847
2434,door_2,2150,0,0.0545729,0.054573,0,0.016256,0,0,0,6.19596,0.0678518,0.681331,0.882621,2,-4.74848,9.23925,-0.014924,0.0285111,0.00519586,0.00641141
2434,door_1,1817,0,0.106994,0.106994,0,0.00763028,0,0,0,4.10191,0.0434045,0.570703,0.7,2.10824,-3.2513,7.166,0,0.6446,0.0056123,0.00556847
2435,door_2,2150,0,0.0545729,0.054573,0,0.016256,0,0,0,6.19596,0.0678518,0.68133,0.882621,2,-4.74848,9.23925,-0.014924,0.0285111,0.00519586,0.00641141
2435,door_1,1817,0,0.106994,0.106994,0,0.00763028,0,0,0,4.10191,0.0434045,0.570703,0.7,2.10824,-3.2513,7.166,0,0.644618,0.0056123,0.00556847
2436,door_2,2150,0,0.0545729,0.054573,0,0.016256,0,0,0,6.19596,0.0678518,0.68133,0.882621,2,-4.74848,9.23925,-0.014924,0.0285111,0.00519586,0.00641141
2436,door_1,1817,0,0.106994,0.106994,0,0.00763028,0,0,0,4.10191,0.0434045,0.570703,0.7,2.10824,-3.2513,7.166,0,0.644637,0.0056123,0.00556847
2437,door_2,2150,0,0.0545729,0.054573,0,0.016256,0,0,0,6.19596,0.0678518,0.68133,0.882621,2,-4.74848,9.23925,-0.014924,0.0285111,0.00519586,0.00641141
2437,door_1,1817,0,0.106994,0.106994,0,0.00763028,0,0,0,4.10191,0.0434045,0.570703,0.7,2.10824,-3.2513,7.166,0,0.644655,0.0056123,0.00556847
2438,door_2,2150,0,0.0545729,0.054573,0,0.016256,0,0,0,6.19596,0.0678518,0.68133,0.882621,2,-4.74848,9.23925,-0.014924,0.0285111,0.00519586,0.00641141
2438,door_1,1817,0,0.106994,0.106994,0,0.00763028,0,0,0,4.10191,0.0434045,0.570703,0.7,2.10824,-3.2513,7.166,0,0.644674,0.0056123,0.00556847
2439,door_2,2150,0,0.0545729,0.054573,0,0.016256,0,0,0,6.19596,0.0678518,0.681331,0.882621,2,-4.74848,9.23925,-0.014924,0.0285111,0.00519586,0.00641141
2439,door_1,1817,0,0.106994,0.106994,0,0.00763028,0,0,0,4.10191,0.0434045,0.570703,0.7,2.10824,-3.2513,7.166,0,0.644692,0.0056123,0.00556847
2440,door_2,2150,0,0.0545729,0.054573,0,0.016256,0,0,0,6.19596,0.0678518,0.681331,0.882621,2,-4.74848,9.23925,-0.014924,0.0285111,0.00519586,0.00641141
2440,door_1,1817,0,0.106994,0.106994,0,0.00763028,0,0,0,4.10191,0.0434045,0.570703,0.7,2.10824,-3.2513,7.166,0,0.64471,0.0056123,0.00556847
2441,door_2,2150,0,0.0545729,0.054573,0,0.016256,0,0,0,6.19596,0.0678518,0.68133,0.882621,2,-4.74848,9.23925,-0.014924,0.0285111,0.00519586,0.00641141
2441,door_1,1817,0,0.106994,0.106994,0,0.00763028,0,0,0,4.10191,0.0434045,0.570703,0.7,2.10824,-3.2513,7.166,0,0.644729,0.0056123,0.00556847
2442,door_2,2150,0,0.0545729,0.054573,0,0.016256,0,0,0,6.19596,0.0678518,0.68133,0.882621,2,-4.74848,9.23925,-0.014924,0.0285111,0.00519586,0.00641141
2442,door_1,1817,0,0.106994,0.106994,0,0.00763028,0,0,0,4.10191,0.0434045,0.570703,0.7,2.10824,-3.2513,7.166,0,0.644747,0.0056123,0.00556847
2443,door_2,2150,0,0.0545729,0.054573,0,0.016256,0,0,0,6.19596,0.0678518,0.68133,0.882621,2,-4.74848,9.23925,-0.014924,0.0285111,0.00519586,0.00641141
2443,door_1,1817,0,0.106994,0.106994,0,0.00763028,0,0,0,4.10191,0.0434045,0.570703,0.7,2.10824,-3.2513,7.166,0,0.644765,0.0056123,0.00556847
2444,door_2,2150,0,0.0545729,0.054573,0,0.016256,0,0,0,6.19596,0.0678518,0.681331,0.882621,2,-4.74848,9.23925,-0.014924,0.0285111,0.00519586,0.00641141
2444,door_1,1817,0,0.106994,0.106994,0,0.00763028,0,0,0,4.10191,0.0434045,0.570703,0.7,2.10824,-3.2513,7.166,0,0.644784,0.0056123,0.00556847
2445,door_2,2150,0,0.0545729,0.054573,0,0.016256,0,0,0,6.19596,0.0678518,0.68133,0.882621,2,-4.74848,9.23925,-0.014924,0.0285111,0.00519586,0.00641141
2445,door_1,1817,0,0.106994,0.106994,0,0.00763028,0,0,0,4.10191,0.0434045,0.570703,0.7,2.10824,-3.2513,7.166,0,0.644802,0.0056123,0.00556847
2446,door_2,2150,0,0.0545729,0.054573,0,0.016256,0,0,0,6.19596,0.0678518,0.68133,0.882621,2,-4.74848,9.23925,-0.014924,0.0285111,0.00519586,0.00641141
2446,door_1,1817,0,0.106994,0.106994,0,0.00763028,0,0,0,4.10191,0.0434045,0.570703,0.7,2.10824,-3.2513,7.166,0,0.64482,0.0056123,0.00556847
2447,door_2,2150,0,0.0545729,0.054573,0,0.016256,0,0,0,6.19596,0.0678518,0.68133,0.882621,2,-4.74848,9.23925,-0.014924,0.0285111,0.00519586,0.00641141
2447,door_1,1817,0,0.106994,0.106994,0,0.00763028,0,0,0,4.10191,0.0434045,0.570703,0.7,2.10824,-3.2513,7.166,0,0.644839,0.0056123,0.00556847
2448,door_2,2150,0,0.0545729,0.054573,0,0.016256,0,0,0,6.19596,0.0678518,0.68133,0.882621,2,-4.74848,9.23925,-0.014924,0.0285111,0.00519586,0.00641141
2448,door_1,1817,0,0.106994,0.106994,0,0.00763028,0,0,0,4.10191,0.0434045,0.570703,0.7,2.10824,-3.2513,7.166,0,0.644857,0.0056123,0.00556847
2449,door_2,2150,0,0.0545729,0.054573,0,0.016256,0,0,0,6.19596,0.0678518,0.681331,0.882621,2,-4.74848,9.23925,-0.014924,0.0285111,0.00519586,0.00641141
2449,door_1,1817,0,0.106994,0.106994,0,0.00763028,0,0,0,4.10191,0.0434045,0.570703,0.7,2.10824,-3.2513,7.166,0,0.644876,0.0056123,0.00556847
2450,door_2,2150,0,0.0545729,0.054573,0,0.016256,0,0,0,6.19596,0.0678518,0.681331,0.882621,2,-4.74848,9.23925,-0.014924,0.0285111,0.00519586,0.00641141
2450,door_1,1817,0,0.106994,0.106994,0,0.00763028,0,0,0,4.10191,0.0434045,0.570703,0.7,2.10824,-3.2513,7.166,0,0.644894,0.0056123,0.00556847
2451,door_2,2150,0,0.0545729,0.054573,0,0.016256,0,0,0,6.19596,0.0678518,0.68133,0.882621,2,-4.74848,9.23925,-0.014924,0.0285111,0.00519586,0.00641141
2451,door_1,1817,0,0.106994,0.106994,0,0.00763028,0,0,0,4.10191,0.0434045,0.570703,0.7,2.10824,-3.2513,7.166,0,0.644912,0.0056123,0.00556847
2452,door_2,2150,0,0.0545729,0.054573,0,0.016256,0,0,0,6.19596,0.0678518,0.68133,0.882621,2,-4.74848,9.23925,-0.014924,0.0285111,0.00519586,0.00641141
2452,door_1,1817,0,0.106994,0.106994,0,0.00763028,0,0,0,4.10191,0.0434045,0.570703,0.7,2.10824,-3.2513,7.166,0,0.644931,0.0056123,0.00556847
2453,door_2,2150,0,0.0545729,0.054573,0,0.016256,0,0,0,6.19596,0.0678518,0.68133,0.882621,2,-4.74848,9.23925,-0.014924,0.0285111,0.00519586,0.00641141
2453,door_1,1817,0,0.106994,0.106994,0,0.00763028,0,0,0,4.10191,0.0434045,0.570703,0.7,2.10824,-3.2513,7.166,0,0.644949,0.0056123,0.00556847
2454,door_2,2150,0,0.0545729,0.054573,0,0.016256,0,0,0,6.19596,0.0678518,0.681331,0.882621,2,-4.74848,9.23925,-0.014924,0.0285111,0.00519586,0.00641141
2454,door_1,1817,0,0.106994,0.106994,0,0.00763028,0,0,0,4.10191,0.0434045,0.570703,0.7,2.10824,-3.2513,7.166,0,0.644967,0.0056123,0.00556847
2455,door_2,2150,0,0.0545729,0.054573,0,0.016256,0,0,0,6.19596,0.0678518,0.68133,0.882621,2,-4.74848,9.23925,-0.014924,0.0285111,0.00519586,0.00641141
2455,door_1,1817,0,0.106994,0.106994,0,0.00763028,0,0,0,4.10191,0.0434045,0.570703,0.7,2.10824,-3.2513,7.166,0,0.644986,0.0056123,0.00556847
2456,door_2,2150,0,0.0545729,0.054573,0,0.016256,0,0,0,6.19596,0.0678518,0.68133,0.882621,2,-4.74848,9.23925,-0.014924,0.0285111,0.00519586,0.00641141
2456,door_1,1817,0,0.106994,0.106994,0,0.00763028,0,0,0,4.10191,0.0434045,0.570703,0.7,2.10824,-3.2513,7.166,0,0.645004,0.0056123,0.00556847
2457,door_2,2150,0,0.0545729,0.054573,0,0.016256,0,0,0,6.19596,0.0678518,0.68133,0.882621,2,-4.74848,9.23925,-0.014924,0.0285111,0.00519586,0.00641141
2457,door_1,1817,0,0.106994,0.106994,0,0.00763028,0,0,0,4.10191,0.0434045,0.570703,0.7,2.10824,-3.2513,7.166,0,0.645022,0.0056123,0.00556847
2458,door_2,2150,0,0.0545729,0.054573,0,0.016256,0,0,0,6.19596,0.0678518,0.68133,0.882621,2,-4.74848,9.23925,-0.014924,0.0285111,0.00519586,0.00641141
2458,door_1,1817,0,0.106994,0.106994,0,0.00763028,0,0,0,4.10191,0.0434045,0.570703,0.7,2.10824,-3.2513,7.166,0,0.645041,0.0056123,0.00556847
2460,door_2,2150,0,0.0545729,0.054573,0,0.016256,0,0,0,6.19596,0.0678518,0.681331,0.882621,2,-4.74848,9.23925,-0.014924,0.0285111,0.00519586,0.00641141
2460,door_1,1817,0,0.106994,0.106994,0,0.00763028,0,0,0,4.10191,0.0434045,0.570703,0.7,2.10824,-3.2513,7.166,0,0.645059,0.0056123,0.00556847
2461,door_2,2150,0,0.0545729,0.054573,0,0.016256,0,0,0,6.19596,0.0678518,0.681331,0.882621,2,-4.74848,9.23925,-0.014924,0.0285111,0.00519586,0.00641141
2461,door_1,1817,0,0.106994,0.106994,0,0.00763028,0,0,0,4.10191,0.0434045,0.570703,0.7,2.10824,-3.2513,7.166,0,0.645077,0.0056123,0.00556847
2462,door_2,2150,0,0.0545729,0.054573,0,0.016256,0,0,0,6.19596,0.0678518,0.68133,0.882621,2,-4.74848,9.23925,-0.014924,0.0285111,0.00519586,0.00641141
2462,door_1,1817,0,0.106994,0.106994,0,0.00763028,0,0,0,4.10191,0.0434045,0.570703,0.7,2.10824,-3.2513,7.166,0,0.645096,0.0056123,0.00556847
2463,door_2,2150,0,0.0545729,0.054573,0,0.016256,0,0,0,6.19596,0.0678518,0.68133,0.882621,2,-4.74848,9.23925,-0.014924,0.0285111,0.00519586,0.00641141
2463,door_1,1817,0,0.106994,0.106994,0,0.00763028,0,0,0,4.10191,0.0434045,0.570703,0.7,2.10824,-3.2513,7.166,0,0.645114,0.0056123,0.00556847
2464,door_2,2150,0,0.0545729,0.054573,0,0.016256,0,0,0,6.19596,0.0678518,0.68133,0.882621,2,-4.74848,9.23925,-0.014924,0.0285111,0.00519586,0.00641141
2464,door_1,1817,0,0.106994,0.106994,0,0.00763028,0,0,0,4.10191,0.0434045,0.570703,0.7,2.10824,-3.2513,7.166,0,0.645133,0.0056123,0.00556847
2465,door_2,2150,0,0.0545729,0.054573,0,0.016256,0,0,0,6.19596,0.0678518,0.681331,0.882621,2,-4.74848,9.23925,-0.014924,0.0285111,0.00519586,0.00641141
2465,door_1,1817,0,0.106994,0.106994,0,0.00763028,0,0,0,4.10191,0.0434045,0.570703,0.7,2.10824,-3.2513,7.166,0,0.645151,0.0056123,0.00556847
2466,door_2,2150,0,0.0545729,0.054573,0,0.016256,0,0,0,6.19596,0.0678518,0.68133,0.882621,2,-4.74848,9.23925,-0.014924,0.0285111,0.00519586,0.00641141
2466,door_1,1817,0,0.106994,0.106994,0,0.00763028,0,0,0,4.10191,0.0434045,0.570703,0.7,2.10824,-3.2513,7.166,0,0.645169,0.0056123,0.00556847
2467,door_2,2150,0,0.0545729,0.054573,0,0.016256,0,0,0,6.19596,0.0678518,0.68133,0.882621,2,-4.74848,9.23925,-0.014924,0.0285111,0.00519586,0.00641141
2467,door_1,1817,0,0.106994,0.106994,0,0.00763028,0,0,0,4.10191,0.0434045,0.570703,0.7,2.10824,-3.2513,7.166,0,0.645188,0.0056123,0.00556847
2468,door_2,2150,0,0.0545729,0.054573,0,0.016256,0,0,0,6.19596,0.0678518,0.68133,0.882621,2,-4.74848,9.23925,-0.014924,0.0285111,0.00519586,0.00641141
2468,door_1,1817,0,0.106994,0.106994,0,0.00763028,0,0,0,4.10191,0.0434045,0.570703,0.7,2.10824,-3.2513,7.166,0,0.645206,0.0056123,0.00556847
2469,door_2,2150,0,0.0545729,0.054573,0,0.016256,0,0,0,6.19596,0.0678518,0.68133,0.882621,2,-4.74848,9.23925,-0.014924,0.0285111,0.00519586,0.00641141
2469,door_1,1817,0,0.106994,0.106994,0,0.00763028,0,0,0,4.10191,0.0434045,0.570703,0.7,2.10824,-3.2513,7.166,0,0.645224,0.0056123,0.00556847
2470,door_2,2150,0,0.0545729,0.054573,0,0.016256,0,0,0,6.19596,0.0678518,0.681331,0.882621,2,-4.74848,9.23925,-0.014924,0.0285111,0.00519586,0.00641141
2470,door_1,1817,0,0.106994,0.106994,0,0.00763028,0,0,0,4.10191,0.0434045,0.570703,0.7,2.10824,-3.2513,7.166,0,0.645243,0.0056123,0.00556847
2471,door_2,2150,0,0.0545729,0.054573,0,0.016256,0,0,0,6.19596,0.0678518,0.681331,0.882621,2,-4.74848,9.23925,-0.014924,0.0285111,0.00519586,0.00641141
2471,door_1,1817,0,0.106994,0.106994,0,0.00763028,0,0,0,4.10191,0.0434045,0.570703,0.7,2.10824,-3.2513,7.166,0,0.645261,0.0056123,0.00556847
2472,door_2,2150,0,0.0545729,0.054573,0,0.016256,0,0,0,6.19596,0.0678518,0.68133,0.882621,2,-4.74848,9.23925,-0.014924,0.0285111,0.00519586,0.00641141
2472,door_1,1817,0,0.106994,0.106994,0,0.00763028,0,0,0,4.10191,0.0434045,0.570703,0.7,2.10824,-3.2513,7.166,0,0.645279,0.0056123,0.00556847
2473,door_2,2150,0,0.0545729,0.054573,0,0.016256,0,0,0,6.19596,0.0678518,0.68133,0.882621,2,-4.74848,9.23925,-0.014924,0.0285111,0.00519586,0.00641141
2473,door_1,1817,0,0.106994,0.106994,0,0.00763028,0,0,0,4.10191,0.0434045,0.570703,0.7,2.10824,-3.2513,7.166,0,0.645298,0.0056123,0.00556847
2474,door_2,2150,0,0.0545729,0.054573,0,0.016256,0,0,0,6.19596,0.0678518,0.68133,0.882621,2,-4.74848,9.23925,-0.014924,0.0285111,0.00519586,0.00641141
2474,door_1,1817,0,0.106994,0.106994,0,0.00763028,0,0,0,4.10191,0.0434045,0.570703,0.7,2.10824,-3.2513,7.166,0,0.645316,0.0056123,0.00556847
2476,door_2,2150,0,0.0545729,0.054573,0,0.016256,0,0,0,6.19596,0.0678518,0.681331,0.882621,2,-4.74848,9.23925,-0.014924,0.0285111,0.00519586,0.00641141
2476,door_1,1817,0,0.106994,0.106994,0,0.00763028,0,0,0,4.10191,0.0434045,0.570703,0.7,2.10824,-3.2513,7.166,0,0.645334,0.0056123,0.00556847
2477,door_2,2150,0,0.0545729,0.054573,0,0.016256,0,0,0,6.19596,0.0678518,0.68133,0.882621,2,-4.74848,9.23925,-0.014924,0.0285111,0.00519586,0.00641141
2477,door_1,1817,0,0.106994,0.106994,0,0.00763028,0,0,0,4.10191,0.0434045,0.570703,0.7,2.10824,-3.2513,7.166,0,0.645353,0.0056123,0.00556847
2478,door_2,2150,0,0.0545729,0.054573,0,0.016256,0,0,0,6.19596,0.0678518,0.68133,0.882621,2,-4.74848,9.23925,-0.014924,0.0285111,0.00519586,0.00641141
2478,door_1,1817,0,0.106994,0.106994,0,0.00763028,0,0,0,4.10191,0.0434045,0.570703,0.7,2.10824,-3.2513,7.166,0,0.645371,0.0056123,0.00556847
2479,door_2,2150,0,0.0545729,0.054573,0,0.016256,0,0,0,6.19596,0.0678518,0.68133,0.882621,2,-4.74848,9.23925,-0.014924,0.0285111,0.00519586,0.00641141
2479,door_1,1817,0,0.106994,0.106994,0,0.00763028,0,0,0,4.10191,0.0434045,0.570703,0.7,2.10824,-3.2513,7.166,0,0.64539,0.0056123,0.00556847
2480,door_2,2150,0,0.0545729,0.054573,0,0.016256,0,0,0,6.19596,0.0678518,0.68133,0.882621,2,-4.74848,9.23925,-0.014924,0.0285111,0.00519586,0.00641141
2480,door_1,1817,0,0.106994,0.106994,0,0.00763028,0,0,0,4.10191,0.0434045,0.570703,0.7,2.10824,-3.2513,7.166,0,0.645408,0.0056123,0.00556847
2481,door_2,2150,0,0.0545729,0.054573,0,0.016256,0,0,0,6.19596,0.0678518,0.681331,0.882621,2,-4.74848,9.23925,-0.014924,0.0285111,0.00519586,0.00641141
2481,door_1,1817,0,0.106994,0.106994,0,0.00763028,0,0,0,4.10191,0.0434045,0.570703,0.7,2.10824,-3.2513,7.166,0,0.645426,0.0056123,0.00556847
2483,door_2,2150,0,0.0545729,0.054573,0,0.016256,0,0,0,6.19596,0.0678518,0.681331,0.882621,2,-4.74848,9.23925,-0.014924,0.0285111,0.00519586,0.00641141
2483,door_1,1817,0,0.106994,0.106994,0,0.00763028,0,0,0,4.10191,0.0434045,0.570703,0.7,2.10824,-3.2513,7.166,0,0.645445,0.0056123,0.00556847
2484,door_2,2150,0,0.0545729,0.054573,0,0.016256,0,0,0,6.19596,0.0678518,0.68133,0.882621,2,-4.74848,9.23925,-0.014924,0.0285111,0.00519586,0.00641141
2484,door_1,1817,0,0.106994,0.106994,0,0.00763028,0,0,0,4.10191,0.0434045,0.570703,0.7,2.10824,-3.2513,7.166,0,0.645463,0.0056123,0.00556847
2485,door_2,2150,0,0.0545729,0.054573,0,0.016256,0,0,0,6.19596,0.0678518,0.68133,0.882621,2,-4.74848,9.23925,-0.014924,0.0285111,0.00519586,0.00641141
2485,door_1,1817,0,0.106994,0.106994,0,0.00763028,0,0,0,4.10191,0.0434045,0.570703,0.7,2.10824,-3.2513,7.166,0,0.645481,0.0056123,0.00556847
2486,door_2,2150,0,0.0545729,0.054573,0,0.016256,0,0,0,6.19596,0.0678518,0.68133,0.882621,2,-4.74848,9.23925,-0.014924,0.0285111,0.00519586,0.00641141
2486,door_1,1817,0,0.106994,0.106994,0,0.00763028,0,0,0,4.10191,0.0434045,0.570703,0.7,2.10824,-3.2513,7.166,0,0.6455,0.0056123,0.00556847
2487,door_2,2150,0,0.0545729,0.054573,0,0.016256,0,0,0,6.19596,0.0678518,0.681331,0.882621,2,-4.74848,9.23925,-0.014924,0.0285111,0.00519586,0.00641141
2487,door_1,1817,0,0.106994,0.106994,0,0.00763028,0,0,0,4.10191,0.0434045,0.570703,0.7,2.10824,-3.2513,7.166,0,0.645518,0.0056123,0.00556847
2488,door_2,2150,0,0.0545729,0.054573,0,0.016256,0,0,0,6.19596,0.0678518,0.68133,0.882621,2,-4.74848,9.23925,-0.014924,0.0285111,0.00519586,0.00641141
2488,door_1,1817,0,0.106994,0.106994,0,0.00763028,0,0,0,4.10191,0.0434045,0.570703,0.7,2.10824,-3.2513,7.166,0,0.645536,0.0056123,0.00556847
2489,door_2,2150,0,0.0545729,0.054573,0,0.016256,0,0,0,6.19596,0.0678518,0.68133,0.882621,2,-4.74848,9.23925,-0.014924,0.0285111,0.00519586,0.00641141
2489,door_1,1817,0,0.106994,0.106994,0,0.00763028,0,0,0,4.10191,0.0434045,0.570703,0.7,2.10824,-3.2513,7.166,0,0.645555,0.0056123,0.00556847
2490,door_2,2150,0,0.0545729,0.054573,0,0.016256,0,0,0,6.19596,0.0678518,0.68133,0.882621,2,-4.74848,9.23925,-0.014924,0.0285111,0.00519586,0.00641141
2490,door_1,1817,0,0.106994,0.106994,0,0.00763028,0,0,0,4.10191,0.0434045,0.570703,0.7,2.10824,-3.2513,7.166,0,0.645573,0.0056123,0.00556847
2491,door_2,2150,0,0.0545729,0.054573,0,0.016256,0,0,0,6.19596,0.0678518,0.68133,0.882621,2,-4.74848,9.23925,-0.014924,0.0285111,0.00519586,0.00641141
2491,door_1,1817,0,0.106994,0.106994,0,0.00763028,0,0,0,4.10191,0.0434045,0.570703,0.7,2.10824,-3.2513,7.166,0,0.645591,0.0056123,0.00556847
2492,door_2,2150,0,0.0545729,0.054573,0,0.016256,0,0,0,6.19596,0.0678518,0.681331,0.882621,2,-4.74848,9.23925,-0.014924,0.0285111,0.00519586,0.00641141
2492,door_1,1817,0,0.106994,0.106994,0,0.00763028,0,0,0,4.10191,0.0434045,0.570703,0.7,2.10824,-3.2513,7.166,0,0.64561,0.0056123,0.00556847
2493,door_2,2150,0,0.0545729,0.054573,0,0.016256,0,0,0,6.19596,0.0678518,0.681331,0.882621,2,-4.74848,9.23925,-0.014924,0.0285111,0.00519586,0.00641141
2493,door_1,1817,0,0.106994,0.106994,0,0.00763028,0,0,0,4.10191,0.0434045,0.570703,0.7,2.10824,-3.2513,7.166,0,0.645628,0.0056123,0.00556847
2494,door_2,2150,0,0.0545729,0.054573,0,0.016256,0,0,0,6.19596,0.0678518,0.68133,0.882621,2,-4.74848,9.23925,-0.014924,0.0285111,0.00519586,0.00641141
2494,door_1,1817,0,0.106994,0.106994,0,0.00763028,0,0,0,4.10191,0.0434045,0.570703,0.7,2.10824,-3.2513,7.166,0,0.645646,0.0056123,0.00556847
2495,door_2,2150,0,0.0545729,0.054573,0,0.016256,0,0,0,6.19596,0.0678518,0.68133,0.882621,2,-4.74848,9.23925,-0.014924,0.0285111,0.00519586,0.00641141
2495,door_1,1817,0,0.106994,0.106994,0,0.00763028,0,0,0,4.10191,0.0434045,0.570703,0.7,2.10824,-3.2513,7.166,0,0.645665,0.0056123,0.00556847
2496,door_2,2150,0,0.0545729,0.054573,0,0.016256,0,0,0,6.19596,0.0678518,0.68133,0.882621,2,-4.74848,9.23925,-0.014924,0.0285111,0.00519586,0.00641141
2496,door_1,1817,0,0.106994,0.106994,0,0.00763028,0,0,0,4.10191,0.0434045,0.570703,0.7,2.10824,-3.2513,7.166,0,0.645683,0.0056123,0.00556847
2497,door_2,2150,0,0.0545729,0.054573,0,0.016256,0,0,0,6.19596,0.0678518,0.681331,0.882621,2,-4.74848,9.23925,-0.014924,0.0285111,0.00519586,0.00641141
2497,door_1,1817,0,0.106994,0.106994,0,0.00763028,0,0,0,4.10191,0.0434045,0.570703,0.7,2.10824,-3.2513,7.166,0,0.645701,0.0056123,0.00556847
2498,door_2,2150,0,0.0545729,0.054573,0,0.016256,0,0,0,6.19596,0.0678518,0.68133,0.882621,2,-4.74848,9.23925,-0.014924,0.0285111,0.00519586,0.00641141
2498,door_1,1817,0,0.106994,0.106994,0,0.00763028,0,0,0,4.10191,0.0434045,0.570703,0.7,2.10824,-3.2513,7.166,0,0.64572,0.0056123,0.00556847
2499,door_2,2150,0,0.0545729,0.054573,0,0.016256,0,0,0,6.19596,0.0678518,0.68133,0.882621,2,-4.74848,9.23925,-0.014924,0.0285111,0.00519586,0.00641141
2499,door_1,1817,0,0.106994,0.106994,0,0.00763028,0,0,0,4.10191,0.0434045,0.570703,0.7,2.10824,-3.2513,7.166,0,0.645738,0.0056123,0.00556847
2500,door_2,2150,0,0.0545729,0.054573,0,0.016256,0,0,0,6.19596,0.0678518,0.68133,0.882621,2,-4.74848,9.23925,-0.014924,0.0285111,0.00519586,0.00641141
2500,door_1,1817,0,0.106994,0.106994,0,0.00763028,0,0,0,4.10191,0.0434045,0.570703,0.7,2.10824,-3.2513,7.166,0,0.645756,0.0056123,0.00556847
2501,door_2,2150,0,0.0545729,0.054573,0,0.016256,0,0,0,6.19596,0.0678518,0.68133,0.882621,2,-4.74848,9.23925,-0.014924,0.0285111,0.00519586,0.00641141
2501,door_1,1817,0,0.106994,0.106994,0,0.00763028,0,0,0,4.10191,0.0434045,0.570703,0.7,2.10824,-3.2513,7.166,0,0.645775,0.0056123,0.00556847
2502,door_2,2150,0,0.0545729,0.054573,0,0.016256,0,0,0,6.19596,0.0678518,0.681331,0.882621,2,-4.74848,9.23925,-0.014924,0.0285111,0.00519586,0.00641141
2502,door_1,1817,0,0.106994,0.106994,0,0.00763028,0,0,0,4.10191,0.0434045,0.570703,0.7,2.10824,-3.2513,7.166,0,0.645793,0.0056123,0.00556847
2503,door_2,2150,0,0.0545729,0.054573,0,0.016256,0,0,0,6.19596,0.0678518,0.681331,0.882621,2,-4.74848,9.23925,-0.014924,0.0285111,0.00519586,0.00641141
2503,door_1,1817,0,0.106994,0.106994,0,0.00763028,0,0,0,4.10191,0.0434045,0.570703,0.7,2.10824,-3.2513,7.166,0,0.645811,0.0056123,0.00556847
2504,door_2,2150,0,0.0545729,0.054573,0,0.016256,0,0,0,6.19596,0.0678518,0.68133,0.882621,2,-4.74848,9.23925,-0.014924,0.0285111,0.00519586,0.00641141
2504,door_1,1817,0,0.106994,0.106994,0,0.00763028,0,0,0,4.10191,0.0434045,0.570703,0.7,2.10824,-3.2513,7.166,0,0.64583,0.0056123,0.00556847
2505,door_2,2150,0,0.0545729,0.054573,0,0.016256,0,0,0,6.19596,0.0678518,0.68133,0.882621,2,-4.74848,9.23925,-0.014924,0.0285111,0.00519586,0.00641141
2505,door_1,1817,0,0.106994,0.106994,0,0.00763028,0,0,0,4.10191,0.0434045,0.570703,0.7,2.10824,-3.2513,7.166,0,0.645848,0.0056123,0.00556847
2507,door_2,2150,0,0.0545729,0.054573,0,0.016256,0,0,0,6.19596,0.0678518,0.68133,0.882621,2,-4.74848,9.23925,-0.014924,0.0285111,0.00519586,0.00641141
2507,door_1,1817,0,0.106994,0.106994,0,0.00763028,0,0,0,4.10191,0.0434045,0.570703,0.7,2.10824,-3.2513,7.166,0,0.645866,0.0056123,0.00556847
2508,door_2,2150,0,0.0545729,0.054573,0,0.016256,0,0,0,6.19596,0.0678518,0.681331,0.882621,2,-4.74848,9.23925,-0.014924,0.0285111,0.00519586,0.00641141
2508,door_1,1817,0,0.106994,0.106994,0,0.00763028,0,0,0,4.10191,0.0434045,0.570703,0.7,2.10824,-3.2513,7.166,0,0.645885,0.0056123,0.00556847
2509,door_2,2150,0,0.0545729,0.054573,0,0.016256,0,0,0,6.19596,0.0678518,0.68133,0.882621,2,-4.74848,9.23925,-0.014924,0.0285111,0.00519586,0.00641141
2509,door_1,1817,0,0.106994,0.106994,0,0.00763028,0,0,0,4.10191,0.0434045,0.570703,0.7,2.10824,-3.2513,7.166,0,0.645903,0.0056123,0.00556847
2510,door_2,2150,0,0.0545729,0.054573,0,0.016256,0,0,0,6.19596,0.0678518,0.68133,0.882621,2,-4.74848,9.23925,-0.014924,0.0285111,0.00519586,0.00641141
2510,door_1,1817,0,0.106994,0.106994,0,0.00763028,0,0,0,4.10191,0.0434045,0.570703,0.7,2.10824,-3.2513,7.166,0,0.645921,0.0056123,0.00556847
2511,door_2,2150,0,0.0545729,0.054573,0,0.016256,0,0,0,6.19596,0.0678518,0.68133,0.882621,2,-4.74848,9.23925,-0.014924,0.0285111,0.00519586,0.00641141
2511,door_1,1817,0,0.106994,0.106994,0,0.00763028,0,0,0,4.10191,0.0434045,0.570703,0.7,2.10824,-3.2513,7.166,0,0.64594,0.0056123,0.00556847
2513,door_2,2150,0,0.0545729,0.054573,0,0.016256,0,0,0,6.19596,0.0678518,0.68133,0.882621,2,-4.74848,9.23925,-0.014924,0.0285111,0.00519586,0.00641141
2513,door_1,1817,0,0.106994,0.106994,0,0.00763028,0,0,0,4.10191,0.0434045,0.570703,0.7,2.10824,-3.2513,7.166,0,0.645958,0.0056123,0.00556847
2514,door_2,2150,0,0.0545729,0.054573,0,0.016256,0,0,0,6.19596,0.0678518,0.681331,0.882621,2,-4.74848,9.23925,-0.014924,0.0285111,0.00519586,0.00641141
2514,door_1,1817,0,0.106994,0.106994,0,0.00763028,0,0,0,4.10191,0.0434045,0.570703,0.7,2.10824,-3.2513,7.166,0,0.645976,0.0056123,0.00556847
2515,door_2,2150,0,0.0545729,0.054573,0,0.016256,0,0,0,6.19596,0.0678518,0.681331,0.882621,2,-4.74848,9.23925,-0.014924,0.0285111,0.00519586,0.00641141
2515,door_1,1817,0,0.106994,0.106994,0,0.00763028,0,0,0,4.10191,0.0434045,0.570703,0.7,2.10824,-3.2513,7.166,0,0.645995,0.0056123,0.00556847
2516,door_2,2150,0,0.0545729,0.054573,0,0.016256,0,0,0,6.19596,0.0678518,0.68133,0.882621,2,-4.74848,9.23925,-0.014924,0.0285111,0.00519586,0.00641141
2516,door_1,1817,0,0.106994,0.106994,0,0.00763028,0,0,0,4.10191,0.0434045,0.570703,0.7,2.10824,-3.2513,7.166,0,0.646013,0.0056123,0.00556847
2517,door_2,2150,0,0.0545729,0.054573,0,0.016256,0,0,0,6.19596,0.0678518,0.68133,0.882621,2,-4.74848,9.23925,-0.014924,0.0285111,0.00519586,0.00641141
2517,door_1,1817,0,0.106994,0.106994,0,0.00763028,0,0,0,4.10191,0.0434045,0.570703,0.7,2.10824,-3.2513,7.166,0,0.646031,0.0056123,0.00556847
2518,door_2,2150,0,0.0545729,0.054573,0,0.016256,0,0,0,6.19596,0.0678518,0.68133,0.882621,2,-4.74848,9.23925,-0.014924,0.0285111,0.00519586,0.00641141
2518,door_1,1817,0,0.106994,0.106994,0,0.00763028,0,0,0,4.10191,0.0434045,0.570703,0.7,2.10824,-3.2513,7.166,0,0.64605,0.0056123,0.00556847
2519,door_2,2150,0,0.0545729,0.054573,0,0.016256,0,0,0,6.19596,0.0678518,0.681331,0.882621,2,-4.74848,9.23925,-0.014924,0.0285111,0.00519586,0.00641141
2519,door_1,1817,0,0.106994,0.106994,0,0.00763028,0,0,0,4.10191,0.0434045,0.570703,0.7,2.10824,-3.2513,7.166,0,0.646068,0.0056123,0.00556847
2520,door_2,2150,0,0.0545729,0.054573,0,0.016256,0,0,0,6.19596,0.0678518,0.68133,0.882621,2,-4.74848,9.23925,-0.014924,0.0285111,0.00519586,0.00641141
2520,door_1,1817,0,0.106994,0.106994,0,0.00763028,0,0,0,4.10191,0.0434045,0.570703,0.7,2.10824,-3.2513,7.166,0,0.646086,0.0056123,0.00556847
2521,door_2,2150,0,0.0545729,0.054573,0,0.016256,0,0,0,6.19596,0.0678518,0.68133,0.882621,2,-4.74848,9.23925,-0.014924,0.0285111,0.00519586,0.00641141
2521,door_1,1817,0,0.106994,0.106994,0,0.00763028,0,0,0,4.10191,0.0434045,0.570703,0.7,2.10824,-3.2513,7.166,0,0.646104,0.0056123,0.00556847
2522,door_2,2150,0,0.0545729,0.054573,0,0.016256,0,0,0,6.19596,0.0678518,0.68133,0.882621,2,-4.74848,9.23925,-0.014924,0.0285111,0.00519586,0.00641141
2522,door_1,1817,0,0.106994,0.106994,0,0.00763028,0,0,0,4.10191,0.0434045,0.570703,0.7,2.10824,-3.2513,7.166,0,0.646123,0.0056123,0.00556847
2523,door_2,2150,0,0.0545729,0.054573,0,0.016256,0,0,0,6.19596,0.0678518,0.68133,0.882621,2,-4.74848,9.23925,-0.014924,0.0285111,0.00519586,0.00641141
2523,door_1,1817,0,0.106994,0.106994,0,0.00763028,0,0,0,4.10191,0.0434045,0.570703,0.7,2.10824,-3.2513,7.166,0,0.646141,0.0056123,0.00556847
2524,door_2,2150,0,0.0545729,0.054573,0,0.016256,0,0,0,6.19596,0.0678518,0.681331,0.882621,2,-4.74848,9.23925,-0.014924,0.0285111,0.00519586,0.00641141
2524,door_1,1817,0,0.106994,0.106994,0,0.00763028,0,0,0,4.10191,0.0434045,0.570703,0.7,2.10824,-3.2513,7.166,0,0.646159,0.0056123,0.00556847
2525,door_2,2150,0,0.0545729,0.054573,0,0.016256,0,0,0,6.19596,0.0678518,0.681331,0.882621,2,-4.74848,9.23925,-0.014924,0.0285111,0.00519586,0.00641141
2525,door_1,1817,0,0.106994,0.106994,0,0.00763028,0,0,0,4.10191,0.0434045,0.570703,0.7,2.10824,-3.2513,7.166,0,0.646178,0.0056123,0.00556847
2526,door_2,2150,0,0.0545729,0.054573,0,0.016256,0,0,0,6.19596,0.0678518,0.68133,0.882621,2,-4.74848,9.23925,-0.014924,0.0285111,0.00519586,0.00641141
2526,door_1,1817,0,0.106994,0.106994,0,0.00763028,0,0,0,4.10191,0.0434045,0.570703,0.7,2.10824,-3.2513,7.166,0,0.646196,0.0056123,0.00556847
2527,door_2,2150,0,0.0545729,0.054573,0,0.016256,0,0,0,6.19596,0.0678518,0.68133,0.882621,2,-4.74848,9.23925,-0.014924,0.0285111,0.00519586,0.00641141
2527,door_1,1817,0,0.106994,0.106994,0,0.00763028,0,0,0,4.10191,0.0434045,0.570703,0.7,2.10824,-3.2513,7.166,0,0.646214,0.0056123,0.00556847
2528,door_2,2150,0,0.0545729,0.054573,0,0.016256,0,0,0,6.19596,0.0678518,0.68133,0.882621,2,-4.74848,9.23925,-0.014924,0.0285111,0.00519586,0.00641141
2528,door_1,1817,0,0.106994,0.106994,0,0.00763028,0,0,0,4.10191,0.0434045,0.570703,0.7,2.10824,-3.2513,7.166,0,0.646233,0.0056123,0.00556847
2529,door_2,2150,0,0.0545729,0.054573,0,0.016256,0,0,0,6.19596,0.0678518,0.681331,0.882621,2,-4.74848,9.23925,-0.014924,0.0285111,0.00519586,0.00641141
2529,door_1,1817,0,0.106994,0.106994,0,0.00763028,0,0,0,4.10191,0.0434045,0.570703,0.7,2.10824,-3.2513,7.166,0,0.646251,0.0056123,0.00556847
2530,door_2,2150,0,0.0545729,0.054573,0,0.016256,0,0,0,6.19596,0.0678518,0.68133,0.882621,2,-4.74848,9.23925,-0.014924,0.0285111,0.00519586,0.00641141
2530,door_1,1817,0,0.106994,0.106994,0,0.00763028,0,0,0,4.10191,0.0434045,0.570703,0.7,2.10824,-3.2513,7.166,0,0.646269,0.0056123,0.00556847
2531,door_2,2150,0,0.0545729,0.054573,0,0.016256,0,0,0,6.19596,0.0678518,0.68133,0.882621,2,-4.74848,9.23925,-0.014924,0.0285111,0.00519586,0.00641141
2531,door_1,1817,0,0.106994,0.106994,0,0.00763028,0,0,0,4.10191,0.0434045,0.570703,0.7,2.10824,-3.2513,7.166,0,0.646288,0.0056123,0.00556847
2532,door_2,2150,0,0.0545729,0.054573,0,0.016256,0,0,0,6.19596,0.0678518,0.68133,0.882621,2,-4.74848,9.23925,-0.014924,0.0285111,0.00519586,0.00641141
2532,door_1,1817,0,0.106994,0.106994,0,0.00763028,0,0,0,4.10191,0.0434045,0.570703,0.7,2.10824,-3.2513,7.166,0,0.646306,0.0056123,0.00556847
2533,door_2,2150,0,0.0545729,0.054573,0,0.016256,0,0,0,6.19596,0.0678518,0.68133,0.882621,2,-4.74848,9.23925,-0.014924,0.0285111,0.00519586,0.00641141
2533,door_1,1817,0,0.106994,0.106994,0,0.00763028,0,0,0,4.10191,0.0434045,0.570703,0.7,2.10824,-3.2513,7.166,0,0.646324,0.0056123,0.00556847
2534,door_2,2150,0,0.0545729,0.054573,0,0.016256,0,0,0,6.19596,0.0678518,0.681331,0.882621,2,-4.74848,9.23925,-0.014924,0.0285111,0.00519586,0.00641141
2534,door_1,1817,0,0.106994,0.106994,0,0.00763028,0,0,0,4.10191,0.0434045,0.570703,0.7,2.10824,-3.2513,7.166,0,0.646342,0.0056123,0.00556847
2535,door_2,2150,0,0.0545729,0.054573,0,0.016256,0,0,0,6.19596,0.0678518,0.681331,0.882621,2,-4.74848,9.23925,-0.014924,0.0285111,0.00519586,0.00641141
2535,door_1,1817,0,0.106994,0.106994,0,0.00763028,0,0,0,4.10191,0.0434045,0.570703,0.7,2.10824,-3.2513,7.166,0,0.646361,0.0056123,0.00556847
2536,door_2,2150,0,0.0545729,0.054573,0,0.016256,0,0,0,6.19596,0.0678518,0.68133,0.882621,2,-4.74848,9.23925,-0.014924,0.0285111,0.00519586,0.00641141
2536,door_1,1817,0,0.106994,0.106994,0,0.00763028,0,0,0,4.10191,0.0434045,0.570703,0.7,2.10824,-3.2513,7.166,0,0.646379,0.0056123,0.00556847
2537,door_2,2150,0,0.0545729,0.054573,0,0.016256,0,0,0,6.19596,0.0678518,0.68133,0.882621,2,-4.74848,9.23925,-0.014924,0.0285111,0.00519586,0.00641141
2537,door_1,1817,0,0.106994,0.106994,0,0.00763028,0,0,0,4.10191,0.0434045,0.570703,0.7,2.10824,-3.2513,7.166,0,0.646397,0.0056123,0.00556847
2538,door_2,2150,0,0.0545729,0.054573,0,0.016256,0,0,0,6.19596,0.0678518,0.68133,0.882621,2,-4.74848,9.23925,-0.014924,0.0285111,0.00519586,0.00641141
2538,door_1,1817,0,0.106994,0.106994,0,0.00763028,0,0,0,4.10191,0.0434045,0.570703,0.7,2.10824,-3.2513,7.166,0,0.646416,0.0056123,0.00556847
2539,door_2,2150,0,0.0545729,0.054573,0,0.016256,0,0,0,6.19596,0.0678518,0.681331,0.882621,2,-4.74848,9.23925,-0.014924,0.0285111,0.00519586,0.00641141
2539,door_1,1817,0,0.106994,0.106994,0,0.00763028,0,0,0,4.10191,0.0434045,0.570703,0.7,2.10824,-3.2513,7.166,0,0.646434,0.0056123,0.00556847
2540,door_2,2150,0,0.0545729,0.054573,0,0.016256,0,0,0,6.19596,0.0678518,0.68133,0.882621,2,-4.74848,9.23925,-0.014924,0.0285111,0.00519586,0.00641141
2540,door_1,1817,0,0.106994,0.106994,0,0.00763028,0,0,0,4.10191,0.0434045,0.570703,0.7,2.10824,-3.2513,7.166,0,0.646452,0.0056123,0.00556847
2541,door_2,2150,0,0.0545729,0.054573,0,0.016256,0,0,0,6.19596,0.0678518,0.68133,0.882621,2,-4.74848,9.23925,-0.014924,0.0285111,0.00519586,0.00641141
2541,door_1,1817,0,0.106994,0.106994,0,0.00763028,0,0,0,4.10191,0.0434045,0.570703,0.7,2.10824,-3.2513,7.166,0,0.646471,0.0056123,0.00556847
2542,door_2,2150,0,0.0545729,0.054573,0,0.016256,0,0,0,6.19596,0.0678518,0.68133,0.882621,2,-4.74848,9.23925,-0.014924,0.0285111,0.00519586,0.00641141
2542,door_1,1817,0,0.106994,0.106994,0,0.00763028,0,0,0,4.10191,0.0434045,0.570703,0.7,2.10824,-3.2513,7.166,0,0.646489,0.0056123,0.00556847
2544,door_2,2150,0,0.0545729,0.054573,0,0.016256,0,0,0,6.19596,0.0678518,0.68133,0.882621,2,-4.74848,9.23925,-0.014924,0.0285111,0.00519586,0.00641141
2544,door_1,1817,0,0.106994,0.106994,0,0.00763028,0,0,0,4.10191,0.0434045,0.570703,0.7,2.10824,-3.2513,7.166,0,0.646507,0.0056123,0.00556847
2545,door_2,2150,0,0.0545729,0.054573,0,0.016256,0,0,0,6.19596,0.0678518,0.681331,0.882621,2,-4.74848,9.23925,-0.014924,0.0285111,0.00519586,0.00641141
2545,door_1,1817,0,0.106994,0.106994,0,0.00763028,0,0,0,4.10191,0.0434045,0.570703,0.7,2.10824,-3.2513,7.166,0,0.646525,0.0056123,0.00556847
2546,door_2,2150,0,0.0545729,0.054573,0,0.016256,0,0,0,6.19596,0.0678518,0.681331,0.882621,2,-4.74848,9.23925,-0.014924,0.0285111,0.00519586,0.00641141
2546,door_1,1817,0,0.106994,0.106994,0,0.00763028,0,0,0,4.10191,0.0434045,0.570703,0.7,2.10824,-3.2513,7.166,0,0.646544,0.0056123,0.00556847
2547,door_2,2150,0,0.0545729,0.054573,0,0.016256,0,0,0,6.19596,0.0678518,0.68133,0.882621,2,-4.74848,9.23925,-0.014924,0.0285111,0.00519586,0.00641141
2547,door_1,1817,0,0.106994,0.106994,0,0.00763028,0,0,0,4.10191,0.0434045,0.570703,0.7,2.10824,-3.2513,7.166,0,0.646562,0.0056123,0.00556847
2548,door_2,2150,0,0.0545729,0.054573,0,0.016256,0,0,0,6.19596,0.0678518,0.68133,0.882621,2,-4.74848,9.23925,-0.014924,0.0285111,0.00519586,0.00641141
2548,door_1,1817,0,0.106994,0.106994,0,0.00763028,0,0,0,4.10191,0.0434045,0.570703,0.7,2.10824,-3.2513,7.166,0,0.64658,0.0056123,0.00556847
2549,door_2,2150,0,0.0545729,0.054573,0,0.016256,0,0,0,6.19596,0.0678518,0.68133,0.882621,2,-4.74848,9.23925,-0.014924,0.0285111,0.00519586,0.00641141
2549,door_1,1817,0,0.106994,0.106994,0,0.00763028,0,0,0,4.10191,0.0434045,0.570703,0.7,2.10824,-3.2513,7.166,0,0.646599,0.0056123,0.00556847
2550,door_2,2150,0,0.0545729,0.054573,0,0.016256,0,0,0,6.19596,0.0678518,0.681331,0.882621,2,-4.74848,9.23925,-0.014924,0.0285111,0.00519586,0.00641141
2550,door_1,1817,0,0.106994,0.106994,0,0.00763028,0,0,0,4.10191,0.0434045,0.570703,0.7,2.10824,-3.2513,7.166,0,0.646617,0.0056123,0.00556847
2551,door_2,2150,0,0.0545729,0.054573,0,0.016256,0,0,0,6.19596,0.0678518,0.68133,0.882621,2,-4.74848,9.23925,-0.014924,0.0285111,0.00519586,0.00641141
2551,door_1,1817,0,0.106994,0.106994,0,0.00763028,0,0,0,4.10191,0.0434045,0.570703,0.7,2.10824,-3.2513,7.166,0,0.646635,0.0056123,0.00556847
2552,door_2,2150,0,0.0545729,0.054573,0,0.016256,0,0,0,6.19596,0.0678518,0.68133,0.882621,2,-4.74848,9.23925,-0.014924,0.0285111,0.00519586,0.00641141
2552,door_1,1817,0,0.106994,0.106994,0,0.00763028,0,0,0,4.10191,0.0434045,0.570703,0.7,2.10824,-3.2513,7.166,0,0.646654,0.0056123,0.00556847
2553,door_2,2150,0,0.0545729,0.054573,0,0.016256,0,0,0,6.19596,0.0678518,0.68133,0.882621,2,-4.74848,9.23925,-0.014924,0.0285111,0.00519586,0.00641141
2553,door_1,1817,0,0.106994,0.106994,0,0.00763028,0,0,0,4.10191,0.0434045,0.570703,0.7,2.10824,-3.2513,7.166,0,0.646672,0.0056123,0.00556847
2554,door_2,2150,0,0.0545729,0.054573,0,0.016256,0,0,0,6.19596,0.0678518,0.68133,0.882621,2,-4.74848,9.23925,-0.014924,0.0285111,0.00519586,0.00641141
2554,door_1,1817,0,0.106994,0.106994,0,0.00763028,0,0,0,4.10191,0.0434045,0.570703,0.7,2.10824,-3.2513,7.166,0,0.64669,0.0056123,0.00556847
2555,door_2,2150,0,0.0545729,0.054573,0,0.016256,0,0,0,6.19596,0.0678518,0.681331,0.882621,2,-4.74848,9.23925,-0.014924,0.0285111,0.00519586,0.00641141
2555,door_1,1817,0,0.106994,0.106994,0,0.00763028,0,0,0,4.10191,0.0434045,0.570703,0.7,2.10824,-3.2513,7.166,0,0.646709,0.0056123,0.00556847
2556,door_2,2150,0,0.0545729,0.054573,0,0.016256,0,0,0,6.19596,0.0678518,0.681331,0.882621,2,-4.74848,9.23925,-0.014924,0.0285111,0.00519586,0.00641141
2556,door_1,1817,0,0.106994,0.106994,0,0.00763028,0,0,0,4.10191,0.0434045,0.570703,0.7,2.10824,-3.2513,7.166,0,0.646727,0.0056123,0.00556847
2557,door_2,2150,0,0.0545729,0.054573,0,0.016256,0,0,0,6.19596,0.0678518,0.68133,0.882621,2,-4.74848,9.23925,-0.014924,0.0285111,0.00519586,0.00641141
2557,door_1,1817,0,0.106994,0.106994,0,0.00763028,0,0,0,4.10191,0.0434045,0.570703,0.7,2.10824,-3.2513,7.166,0,0.646745,0.0056123,0.00556847
2559,door_2,2150,0,0.0545729,0.054573,0,0.016256,0,0,0,6.19596,0.0678518,0.68133,0.882621,2,-4.74848,9.23925,-0.014924,0.0285111,0.00519586,0.00641141
2559,door_1,1817,0,0.106994,0.106994,0,0.00763028,0,0,0,4.10191,0.0434045,0.570703,0.7,2.10824,-3.2513,7.166,0,0.646763,0.0056123,0.00556847
2560,door_2,2150,0,0.0545729,0.054573,0,0.016256,0,0,0,6.19596,0.0678518,0.68133,0.882621,2,-4.74848,9.23925,-0.014924,0.0285111,0.00519586,0.00641141
2560,door_1,1817,0,0.106994,0.106994,0,0.00763028,0,0,0,4.10191,0.0434045,0.570703,0.7,2.10824,-3.2513,7.166,0,0.646782,0.0056123,0.00556847
2562,door_2,2150,0,0.0545729,0.054573,0,0.016256,0,0,0,6.19596,0.0678518,0.681331,0.882621,2,-4.74848,9.23925,-0.014924,0.0285111,0.00519586,0.00641141
2562,door_1,1817,0,0.106994,0.106994,0,0.00763028,0,0,0,4.10191,0.0434045,0.570703,0.7,2.10824,-3.2513,7.166,0,0.6468,0.0056123,0.00556847
2563,door_2,2150,0,0.0545729,0.054573,0,0.016256,0,0,0,6.19596,0.0678518,0.68133,0.882621,2,-4.74848,9.23925,-0.014924,0.0285111,0.00519586,0.00641141
2563,door_1,1817,0,0.106994,0.106994,0,0.00763028,0,0,0,4.10191,0.0434045,0.570703,0.7,2.10824,-3.2513,7.166,0,0.646818,0.0056123,0.00556847
2564,door_2,2150,0,0.0545729,0.054573,0,0.016256,0,0,0,6.19596,0.0678518,0.68133,0.882621,2,-4.74848,9.23925,-0.014924,0.0285111,0.00519586,0.00641141
2564,door_1,1817,0,0.106994,0.106994,0,0.00763028,0,0,0,4.10191,0.0434045,0.570703,0.7,2.10824,-3.2513,7.166,0,0.646837,0.0056123,0.00556847
2565,door_2,2150,0,0.0545729,0.054573,0,0.016256,0,0,0,6.19596,0.0678518,0.68133,0.882621,2,-4.74848,9.23925,-0.014924,0.0285111,0.00519586,0.00641141
2565,door_1,1817,0,0.106994,0.106994,0,0.00763028,0,0,0,4.10191,0.0434045,0.570703,0.7,2.10824,-3.2513,7.166,0,0.646855,0.0056123,0.00556847
2566,door_2,2150,0,0.0545729,0.054573,0,0.016256,0,0,0,6.19596,0.0678518,0.68133,0.882621,2,-4.74848,9.23925,-0.014924,0.0285111,0.00519586,0.00641141
2566,door_1,1817,0,0.106994,0.106994,0,0.00763028,0,0,0,4.10191,0.0434045,0.570703,0.7,2.10824,-3.2513,7.166,0,0.646873,0.0056123,0.00556847
2567,door_2,2150,0,0.0545729,0.054573,0,0.016256,0,0,0,6.19596,0.0678518,0.681331,0.882621,2,-4.74848,9.23925,-0.014924,0.0285111,0.00519586,0.00641141
2567,door_1,1817,0,0.106994,0.106994,0,0.00763028,0,0,0,4.10191,0.0434045,0.570703,0.7,2.10824,-3.2513,7.166,0,0.646891,0.0056123,0.00556847
2568,door_2,2150,0,0.0545729,0.054573,0,0.016256,0,0,0,6.19596,0.0678518,0.681331,0.882621,2,-4.74848,9.23925,-0.014924,0.0285111,0.00519586,0.00641141
2568,door_1,1817,0,0.106994,0.106994,0,0.00763028,0,0,0,4.10191,0.0434045,0.570703,0.7,2.10824,-3.2513,7.166,0,0.64691,0.0056123,0.00556847
2569,door_2,2150,0,0.0545729,0.054573,0,0.016256,0,0,0,6.19596,0.0678518,0.68133,0.882621,2,-4.74848,9.23925,-0.014924,0.0285111,0.00519586,0.00641141
2569,door_1,1817,0,0.106994,0.106994,0,0.00763028,0,0,0,4.10191,0.0434045,0.570703,0.7,2.10824,-3.2513,7.166,0,0.646928,0.0056123,0.00556847
2570,door_2,2150,0,0.0545729,0.054573,0,0.016256,0,0,0,6.19596,0.0678518,0.68133,0.882621,2,-4.74848,9.23925,-0.014924,0.0285111,0.00519586,0.00641141
2570,door_1,1817,0,0.106994,0.106994,0,0.00763028,0,0,0,4.10191,0.0434045,0.570703,0.7,2.10824,-3.2513,7.166,0,0.646946,0.0056123,0.00556847
2571,door_2,2150,0,0.0545729,0.054573,0,0.016256,0,0,0,6.19596,0.0678518,0.68133,0.882621,2,-4.74848,9.23925,-0.014924,0.0285111,0.00519586,0.00641141
2571,door_1,1817,0,0.106994,0.106994,0,0.00763028,0,0,0,4.10191,0.0434045,0.570703,0.7,2.10824,-3.2513,7.166,0,0.646965,0.0056123,0.00556847
2572,door_2,2150,0,0.0545729,0.054573,0,0.016256,0,0,0,6.19596,0.0678518,0.681331,0.882621,2,-4.74848,9.23925,-0.014924,0.0285111,0.00519586,0.00641141
2572,door_1,1817,0,0.106994,0.106994,0,0.00763028,0,0,0,4.10191,0.0434045,0.570703,0.7,2.10824,-3.2513,7.166,0,0.646983,0.0056123,0.00556847
2573,door_2,2150,0,0.0545729,0.054573,0,0.016256,0,0,0,6.19596,0.0678518,0.68133,0.882621,2,-4.74848,9.23925,-0.014924,0.0285111,0.00519586,0.00641141
2573,door_1,1817,0,0.106994,0.106994,0,0.00763028,0,0,0,4.10191,0.0434045,0.570703,0.7,2.10824,-3.2513,7.166,0,0.647001,0.0056123,0.00556847
2574,door_2,2150,0,0.0545729,0.054573,0,0.016256,0,0,0,6.19596,0.0678518,0.68133,0.882621,2,-4.74848,9.23925,-0.014924,0.0285111,0.00519586,0.00641141
2574,door_1,1817,0,0.106994,0.106994,0,0.00763028,0,0,0,4.10191,0.0434045,0.570703,0.7,2.10824,-3.2513,7.166,0,0.64702,0.0056123,0.00556847
2575,door_2,2150,0,0.0545729,0.054573,0,0.016256,0,0,0,6.19596,0.0678518,0.68133,0.882621,2,-4.74848,9.23925,-0.014924,0.0285111,0.00519586,0.00641141
2575,door_1,1817,0,0.106994,0.106994,0,0.00763028,0,0,0,4.10191,0.0434045,0.570703,0.7,2.10824,-3.2513,7.166,0,0.647038,0.0056123,0.00556847
2576,door_2,2150,0,0.0545729,0.054573,0,0.016256,0,0,0,6.19596,0.0678518,0.68133,0.882621,2,-4.74848,9.23925,-0.014924,0.0285111,0.00519586,0.00641141
2576,door_1,1817,0,0.106994,0.106994,0,0.00763028,0,0,0,4.10191,0.0434045,0.570703,0.7,2.10824,-3.2513,7.166,0,0.647056,0.0056123,0.00556847
2577,door_2,2150,0,0.0545729,0.054573,0,0.016256,0,0,0,6.19596,0.0678518,0.681331,0.882621,2,-4.74848,9.23925,-0.014924,0.0285111,0.00519586,0.00641141
2577,door_1,1817,0,0.106994,0.106994,0,0.00763028,0,0,0,4.10191,0.0434045,0.570703,0.7,2.10824,-3.2513,7.166,0,0.647074,0.0056123,0.00556847
2578,door_2,2150,0,0.0545729,0.054573,0,0.016256,0,0,0,6.19596,0.0678518,0.681331,0.882621,2,-4.74848,9.23925,-0.014924,0.0285111,0.00519586,0.00641141
2578,door_1,1817,0,0.106994,0.106994,0,0.00763028,0,0,0,4.10191,0.0434045,0.570703,0.7,2.10824,-3.2513,7.166,0,0.647093,0.0056123,0.00556847
2579,door_2,2150,0,0.0545729,0.054573,0,0.016256,0,0,0,6.19596,0.0678518,0.68133,0.882621,2,-4.74848,9.23925,-0.014924,0.0285111,0.00519586,0.00641141
2579,door_1,1817,0,0.106994,0.106994,0,0.00763028,0,0,0,4.10191,0.0434045,0.570703,0.7,2.10824,-3.2513,7.166,0,0.647111,0.0056123,0.00556847
2580,door_2,2150,0,0.0545729,0.054573,0,0.016256,0,0,0,6.19596,0.0678518,0.68133,0.882621,2,-4.74848,9.23925,-0.014924,0.0285111,0.00519586,0.00641141
2580,door_1,1817,0,0.106994,0.106994,0,0.00763028,0,0,0,4.10191,0.0434045,0.570703,0.7,2.10824,-3.2513,7.166,0,0.647129,0.0056123,0.00556847
2581,door_2,2150,0,0.0545729,0.054573,0,0.016256,0,0,0,6.19596,0.0678518,0.68133,0.882621,2,-4.74848,9.23925,-0.014924,0.0285111,0.00519586,0.00641141
2581,door_1,1817,0,0.106994,0.106994,0,0.00763028,0,0,0,4.10191,0.0434045,0.570703,0.7,2.10824,-3.2513,7.166,0,0.647148,0.0056123,0.00556847
2582,door_2,2150,0,0.0545729,0.054573,0,0.016256,0,0,0,6.19596,0.0678518,0.681331,0.882621,2,-4.74848,9.23925,-0.014924,0.0285111,0.00519586,0.00641141
2582,door_1,1817,0,0.106994,0.106994,0,0.00763028,0,0,0,4.10191,0.0434045,0.570703,0.7,2.10824,-3.2513,7.166,0,0.647166,0.0056123,0.00556847
2583,door_2,2150,0,0.0545729,0.054573,0,0.016256,0,0,0,6.19596,0.0678518,0.68133,0.882621,2,-4.74848,9.23925,-0.014924,0.0285111,0.00519586,0.00641141
2583,door_1,1817,0,0.106994,0.106994,0,0.00763028,0,0,0,4.10191,0.0434045,0.570703,0.7,2.10824,-3.2513,7.166,0,0.647184,0.0056123,0.00556847
2584,door_2,2150,0,0.0545729,0.054573,0,0.016256,0,0,0,6.19596,0.0678518,0.68133,0.882621,2,-4.74848,9.23925,-0.014924,0.0285111,0.00519586,0.00641141
2584,door_1,1817,0,0.106994,0.106994,0,0.00763028,0,0,0,4.10191,0.0434045,0.570703,0.7,2.10824,-3.2513,7.166,0,0.647202,0.0056123,0.00556847
2585,door_2,2150,0,0.0545729,0.054573,0,0.016256,0,0,0,6.19596,0.0678518,0.68133,0.882621,2,-4.74848,9.23925,-0.014924,0.0285111,0.00519586,0.00641141
2585,door_1,1817,0,0.106994,0.106994,0,0.00763028,0,0,0,4.10191,0.0434045,0.570703,0.7,2.10824,-3.2513,7.166,0,0.647221,0.0056123,0.00556847
2586,door_2,2150,0,0.0545729,0.054573,0,0.016256,0,0,0,6.19596,0.0678518,0.68133,0.882621,2,-4.74848,9.23925,-0.014924,0.0285111,0.00519586,0.00641141
2586,door_1,1817,0,0.106994,0.106994,0,0.00763028,0,0,0,4.10191,0.0434045,0.570703,0.7,2.10824,-3.2513,7.166,0,0.647239,0.0056123,0.00556847
2587,door_2,2150,0,0.0545729,0.054573,0,0.016256,0,0,0,6.19596,0.0678518,0.681331,0.882621,2,-4.74848,9.23925,-0.014924,0.0285111,0.00519586,0.00641141
2587,door_1,1817,0,0.106994,0.106994,0,0.00763028,0,0,0,4.10191,0.0434045,0.570703,0.7,2.10824,-3.2513,7.166,0,0.647257,0.0056123,0.00556847
2589,door_2,2150,0,0.0545729,0.054573,0,0.016256,0,0,0,6.19596,0.0678518,0.681331,0.882621,2,-4.74848,9.23925,-0.014924,0.0285111,0.00519586,0.00641141
2589,door_1,1817,0,0.106994,0.106994,0,0.00763028,0,0,0,4.10191,0.0434045,0.570703,0.7,2.10824,-3.2513,7.166,0,0.647276,0.0056123,0.00556847
2590,door_2,2150,0,0.0545729,0.054573,0,0.016256,0,0,0,6.19596,0.0678518,0.68133,0.882621,2,-4.74848,9.23925,-0.014924,0.0285111,0.00519586,0.00641141
2590,door_1,1817,0,0.106994,0.106994,0,0.00763028,0,0,0,4.10191,0.0434045,0.570703,0.7,2.10824,-3.2513,7.166,0,0.647294,0.0056123,0.00556847
2592,door_2,2150,0,0.0545729,0.054573,0,0.016256,0,0,0,6.19596,0.0678518,0.68133,0.882621,2,-4.74848,9.23925,-0.014924,0.0285111,0.00519586,0.00641141
2592,door_1,1817,0,0.106994,0.106994,0,0.00763028,0,0,0,4.10191,0.0434045,0.570703,0.7,2.10824,-3.2513,7.166,0,0.647312,0.0056123,0.00556847
2593,door_2,2150,0,0.0545729,0.054573,0,0.016256,0,0,0,6.19596,0.0678518,0.68133,0.882621,2,-4.74848,9.23925,-0.014924,0.0285111,0.00519586,0.00641141
2593,door_1,1817,0,0.106994,0.106994,0,0.00763028,0,0,0,4.10191,0.0434045,0.570703,0.7,2.10824,-3.2513,7.166,0,0.64733,0.0056123,0.00556847
2594,door_2,2150,0,0.0545729,0.054573,0,0.016256,0,0,0,6.19596,0.0678518,0.681331,0.882621,2,-4.74848,9.23925,-0.014924,0.0285111,0.00519586,0.00641141
2594,door_1,1817,0,0.106994,0.106994,0,0.00763028,0,0,0,4.10191,0.0434045,0.570703,0.7,2.10824,-3.2513,7.166,0,0.647349,0.0056123,0.00556847
2595,door_2,2150,0,0.0545729,0.054573,0,0.016256,0,0,0,6.19596,0.0678518,0.68133,0.882621,2,-4.74848,9.23925,-0.014924,0.0285111,0.00519586,0.00641141
2595,door_1,1817,0,0.106994,0.106994,0,0.00763028,0,0,0,4.10191,0.0434045,0.570703,0.7,2.10824,-3.2513,7.166,0,0.647367,0.0056123,0.00556847
2596,door_2,2150,0,0.0545729,0.054573,0,0.016256,0,0,0,6.19596,0.0678518,0.68133,0.882621,2,-4.74848,9.23925,-0.014924,0.0285111,0.00519586,0.00641141
2596,door_1,1817,0,0.106994,0.106994,0,0.00763028,0,0,0,4.10191,0.0434045,0.570703,0.7,2.10824,-3.2513,7.166,0,0.647385,0.0056123,0.00556847
2597,door_2,2150,0,0.0545729,0.054573,0,0.016256,0,0,0,6.19596,0.0678518,0.68133,0.882621,2,-4.74848,9.23925,-0.014924,0.0285111,0.00519586,0.00641141
2597,door_1,1817,0,0.106994,0.106994,0,0.00763028,0,0,0,4.10191,0.0434045,0.570703,0.7,2.10824,-3.2513,7.166,0,0.647404,0.0056123,0.00556847
2598,door_2,2150,0,0.0545729,0.054573,0,0.016256,0,0,0,6.19596,0.0678518,0.68133,0.882621,2,-4.74848,9.23925,-0.014924,0.0285111,0.00519586,0.00641141
2598,door_1,1817,0,0.106994,0.106994,0,0.00763028,0,0,0,4.10191,0.0434045,0.570703,0.7,2.10824,-3.2513,7.166,0,0.647422,0.0056123,0.00556847
2599,door_2,2150,0,0.0545729,0.054573,0,0.016256,0,0,0,6.19596,0.0678518,0.681331,0.882621,2,-4.74848,9.23925,-0.014924,0.0285111,0.00519586,0.00641141
2599,door_1,1817,0,0.106994,0.106994,0,0.00763028,0,0,0,4.10191,0.0434045,0.570703,0.7,2.10824,-3.2513,7.166,0,0.64744,0.0056123,0.00556847
2600,door_2,2150,0,0.0545729,0.054573,0,0.016256,0,0,0,6.19596,0.0678518,0.681331,0.882621,2,-4.74848,9.23925,-0.014924,0.0285111,0.00519586,0.00641141
2600,door_1,1817,0,0.106994,0.106994,0,0.00763028,0,0,0,4.10191,0.0434045,0.570703,0.7,2.10824,-3.2513,7.166,0,0.647458,0.0056123,0.00556847
2601,door_2,2150,0,0.0545729,0.054573,0,0.016256,0,0,0,6.19596,0.0678518,0.68133,0.882621,2,-4.74848,9.23925,-0.014924,0.0285111,0.00519586,0.00641141
2601,door_1,1817,0,0.106994,0.106994,0,0.00763028,0,0,0,4.10191,0.0434045,0.570703,0.7,2.10824,-3.2513,7.166,0,0.647477,0.0056123,0.00556847
2602,door_2,2150,0,0.0545729,0.054573,0,0.016256,0,0,0,6.19596,0.0678518,0.68133,0.882621,2,-4.74848,9.23925,-0.014924,0.0285111,0.00519586,0.00641141
2602,door_1,1817,0,0.106994,0.106994,0,0.00763028,0,0,0,4.10191,0.0434045,0.570703,0.7,2.10824,-3.2513,7.166,0,0.647495,0.0056123,0.00556847
2603,door_2,2150,0,0.0545729,0.054573,0,0.016256,0,0,0,6.19596,0.0678518,0.68133,0.882621,2,-4.74848,9.23925,-0.014924,0.0285111,0.00519586,0.00641141
2603,door_1,1817,0,0.106994,0.106994,0,0.00763028,0,0,0,4.10191,0.0434045,0.570703,0.7,2.10824,-3.2513,7.166,0,0.647513,0.0056123,0.00556847
2604,door_2,2150,0,0.0545729,0.054573,0,0.016256,0,0,0,6.19596,0.0678518,0.681331,0.882621,2,-4.74848,9.23925,-0.014924,0.0285111,0.00519586,0.00641141
2604,door_1,1817,0,0.106994,0.106994,0,0.00763028,0,0,0,4.10191,0.0434045,0.570703,0.7,2.10824,-3.2513,7.166,0,0.647531,0.0056123,0.00556847
2605,door_2,2150,0,0.0545729,0.054573,0,0.016256,0,0,0,6.19596,0.0678518,0.68133,0.882621,2,-4.74848,9.23925,-0.014924,0.0285111,0.00519586,0.00641141
2605,door_1,1817,0,0.106994,0.106994,0,0.00763028,0,0,0,4.10191,0.0434045,0.570703,0.7,2.10824,-3.2513,7.166,0,0.64755,0.0056123,0.00556847
2606,door_2,2150,0,0.0545729,0.054573,0,0.016256,0,0,0,6.19596,0.0678518,0.68133,0.882621,2,-4.74848,9.23925,-0.014924,0.0285111,0.00519586,0.00641141
2606,door_1,1817,0,0.106994,0.106994,0,0.00763028,0,0,0,4.10191,0.0434045,0.570703,0.7,2.10824,-3.2513,7.166,0,0.647568,0.0056123,0.00556847
2607,door_2,2150,0,0.0545729,0.054573,0,0.016256,0,0,0,6.19596,0.0678518,0.68133,0.882621,2,-4.74848,9.23925,-0.014924,0.0285111,0.00519586,0.00641141
2607,door_1,1817,0,0.106994,0.106994,0,0.00763028,0,0,0,4.10191,0.0434045,0.570703,0.7,2.10824,-3.2513,7.166,0,0.647586,0.0056123,0.00556847
2608,door_2,2150,0,0.0545729,0.054573,0,0.016256,0,0,0,6.19596,0.0678518,0.68133,0.882621,2,-4.74848,9.23925,-0.014924,0.0285111,0.00519586,0.00641141
2608,door_1,1817,0,0.106994,0.106994,0,0.00763028,0,0,0,4.10191,0.0434045,0.570703,0.7,2.10824,-3.2513,7.166,0,0.647605,0.0056123,0.00556847
2609,door_2,2150,0,0.0545729,0.054573,0,0.016256,0,0,0,6.19596,0.0678518,0.681331,0.882621,2,-4.74848,9.23925,-0.014924,0.0285111,0.00519586,0.00641141
2609,door_1,1817,0,0.106994,0.106994,0,0.00763028,0,0,0,4.10191,0.0434045,0.570703,0.7,2.10824,-3.2513,7.166,0,0.647623,0.0056123,0.00556847
2610,door_2,2150,0,0.0545729,0.054573,0,0.016256,0,0,0,6.19596,0.0678518,0.681331,0.882621,2,-4.74848,9.23925,-0.014924,0.0285111,0.00519586,0.00641141
2610,door_1,1817,0,0.106994,0.106994,0,0.00763028,0,0,0,4.10191,0.0434045,0.570703,0.7,2.10824,-3.2513,7.166,0,0.647641,0.0056123,0.00556847
2611,door_2,2150,0,0.0545729,0.054573,0,0.016256,0,0,0,6.19596,0.0678518,0.68133,0.882621,2,-4.74848,9.23925,-0.014924,0.0285111,0.00519586,0.00641141
2611,door_1,1817,0,0.106994,0.106994,0,0.00763028,0,0,0,4.10191,0.0434045,0.570703,0.7,2.10824,-3.2513,7.166,0,0.647659,0.0056123,0.00556847
2612,door_2,2150,0,0.0545729,0.054573,0,0.016256,0,0,0,6.19596,0.0678518,0.68133,0.882621,2,-4.74848,9.23925,-0.014924,0.0285111,0.00519586,0.00641141
2612,door_1,1817,0,0.106994,0.106994,0,0.00763028,0,0,0,4.10191,0.0434045,0.570703,0.7,2.10824,-3.2513,7.166,0,0.647678,0.0056123,0.00556847
2613,door_2,2150,0,0.0545729,0.054573,0,0.016256,0,0,0,6.19596,0.0678518,0.68133,0.882621,2,-4.74848,9.23925,-0.014924,0.0285111,0.00519586,0.00641141
2613,door_1,1817,0,0.106994,0.106994,0,0.00763028,0,0,0,4.10191,0.0434045,0.570703,0.7,2.10824,-3.2513,7.166,0,0.647696,0.0056123,0.00556847
2614,door_2,2150,0,0.0545729,0.054573,0,0.016256,0,0,0,6.19596,0.0678518,0.681331,0.882621,2,-4.74848,9.23925,-0.014924,0.0285111,0.00519586,0.00641141
2614,door_1,1817,0,0.106994,0.106994,0,0.00763028,0,0,0,4.10191,0.0434045,0.570703,0.7,2.10824,-3.2513,7.166,0,0.647714,0.0056123,0.00556847
2615,door_2,2150,0,0.0545729,0.054573,0,0.016256,0,0,0,6.19596,0.0678518,0.68133,0.882621,2,-4.74848,9.23925,-0.014924,0.0285111,0.00519586,0.00641141
2615,door_1,1817,0,0.106994,0.106994,0,0.00763028,0,0,0,4.10191,0.0434045,0.570703,0.7,2.10824,-3.2513,7.166,0,0.647732,0.0056123,0.00556847
2616,door_2,2150,0,0.0545729,0.054573,0,0.016256,0,0,0,6.19596,0.0678518,0.68133,0.882621,2,-4.74848,9.23925,-0.014924,0.0285111,0.00519586,0.00641141
2616,door_1,1817,0,0.106994,0.106994,0,0.00763028,0,0,0,4.10191,0.0434045,0.570703,0.7,2.10824,-3.2513,7.166,0,0.647751,0.0056123,0.00556847
2617,door_2,2150,0,0.0545729,0.054573,0,0.016256,0,0,0,6.19596,0.0678518,0.68133,0.882621,2,-4.74848,9.23925,-0.014924,0.0285111,0.00519586,0.00641141
2617,door_1,1817,0,0.106994,0.106994,0,0.00763028,0,0,0,4.10191,0.0434045,0.570703,0.7,2.10824,-3.2513,7.166,0,0.647769,0.0056123,0.00556847
2618,door_2,2150,0,0.0545729,0.054573,0,0.016256,0,0,0,6.19596,0.0678518,0.68133,0.882621,2,-4.74848,9.23925,-0.014924,0.0285111,0.00519586,0.00641141
2618,door_1,1817,0,0.106994,0.106994,0,0.00763028,0,0,0,4.10191,0.0434045,0.570703,0.7,2.10824,-3.2513,7.166,0,0.647787,0.0056123,0.00556847
2619,door_2,2150,0,0.0545729,0.054573,0,0.016256,0,0,0,6.19596,0.0678518,0.681331,0.882621,2,-4.74848,9.23925,-0.014924,0.0285111,0.00519586,0.00641141
2619,door_1,1817,0,0.106994,0.106994,0,0.00763028,0,0,0,4.10191,0.0434045,0.570703,0.7,2.10824,-3.2513,7.166,0,0.647806,0.0056123,0.00556848
2620,door_2,2150,0,0.0545729,0.054573,0,0.016256,0,0,0,6.19596,0.0678518,0.681331,0.882621,2,-4.74848,9.23925,-0.014924,0.0285111,0.00519586,0.00641141
2620,door_1,1817,0,0.106994,0.106994,0,0.00763028,0,0,0,4.10191,0.0434045,0.570703,0.7,2.10824,-3.2513,7.166,0,0.647824,0.0056123,0.00556848
2621,door_2,2150,0,0.0545729,0.054573,0,0.016256,0,0,0,6.19596,0.0678518,0.68133,0.882621,2,-4.74848,9.23925,-0.014924,0.0285111,0.00519586,0.00641141
2621,door_1,1817,0,0.106994,0.106994,0,0.00763028,0,0,0,4.10191,0.0434045,0.570703,0.7,2.10824,-3.2513,7.166,0,0.647842,0.0056123,0.00556848
2622,door_2,2150,0,0.0545729,0.054573,0,0.016256,0,0,0,6.19596,0.0678518,0.68133,0.882621,2,-4.74848,9.23925,-0.014924,0.0285111,0.00519586,0.00641141
2622,door_1,1817,0,0.106994,0.106994,0,0.00763028,0,0,0,4.10191,0.0434045,0.570703,0.7,2.10824,-3.2513,7.166,0,0.64786,0.0056123,0.00556848
2623,door_2,2150,0,0.0545729,0.054573,0,0.016256,0,0,0,6.19596,0.0678518,0.68133,0.882621,2,-4.74848,9.23925,-0.014924,0.0285111,0.00519586,0.00641141
2623,door_1,1817,0,0.106994,0.106994,0,0.00763028,0,0,0,4.10191,0.0434045,0.570703,0.7,2.10824,-3.2513,7.166,0,0.647879,0.0056123,0.00556847
2624,door_2,2150,0,0.0545729,0.054573,0,0.016256,0,0,0,6.19596,0.0678518,0.681331,0.882621,2,-4.74848,9.23925,-0.014924,0.0285111,0.00519586,0.00641141
2624,door_1,1817,0,0.106994,0.106994,0,0.00763028,0,0,0,4.10191,0.0434045,0.570703,0.7,2.10824,-3.2513,7.166,0,0.647897,0.0056123,0.00556847
2625,door_2,2150,0,0.0545729,0.054573,0,0.016256,0,0,0,6.19596,0.0678518,0.68133,0.882621,2,-4.74848,9.23925,-0.014924,0.0285111,0.00519586,0.00641141
2625,door_1,1817,0,0.106994,0.106994,0,0.00763028,0,0,0,4.10191,0.0434045,0.570703,0.7,2.10824,-3.2513,7.166,0,0.647915,0.0056123,0.00556847
2626,door_2,2150,0,0.0545729,0.054573,0,0.016256,0,0,0,6.19596,0.0678518,0.68133,0.882621,2,-4.74848,9.23925,-0.014924,0.0285111,0.00519586,0.00641141
2626,door_1,1817,0,0.106994,0.106994,0,0.00763028,0,0,0,4.10191,0.0434045,0.570703,0.7,2.10824,-3.2513,7.166,0,0.647933,0.0056123,0.00556847
2627,door_2,2150,0,0.0545729,0.054573,0,0.016256,0,0,0,6.19596,0.0678518,0.68133,0.882621,2,-4.74848,9.23925,-0.014924,0.0285111,0.00519586,0.00641141
2627,door_1,1817,0,0.106994,0.106994,0,0.00763028,0,0,0,4.10191,0.0434045,0.570703,0.7,2.10824,-3.2513,7.166,0,0.647952,0.0056123,0.00556847
2628,door_2,2150,0,0.0545729,0.054573,0,0.016256,0,0,0,6.19596,0.0678518,0.68133,0.882621,2,-4.74848,9.23925,-0.014924,0.0285111,0.00519586,0.00641141
2628,door_1,1817,0,0.106994,0.106994,0,0.00763028,0,0,0,4.10191,0.0434045,0.570703,0.7,2.10824,-3.2513,7.166,0,0.64797,0.0056123,0.00556847
2629,door_2,2150,0,0.0545729,0.054573,0,0.016256,0,0,0,6.19596,0.0678518,0.681331,0.882621,2,-4.74848,9.23925,-0.014924,0.0285111,0.00519586,0.00641141
2629,door_1,1817,0,0.106994,0.106994,0,0.00763028,0,0,0,4.10191,0.0434045,0.570703,0.7,2.10824,-3.2513,7.166,0,0.647988,0.0056123,0.00556847
2630,door_2,2150,0,0.0545729,0.054573,0,0.016256,0,0,0,6.19596,0.0678518,0.681331,0.882621,2,-4.74848,9.23925,-0.014924,0.0285111,0.00519586,0.00641141
2630,door_1,1817,0,0.106994,0.106994,0,0.00763028,0,0,0,4.10191,0.0434045,0.570703,0.7,2.10824,-3.2513,7.166,0,0.648006,0.0056123,0.00556847
2631,door_2,2150,0,0.0545729,0.054573,0,0.016256,0,0,0,6.19596,0.0678518,0.68133,0.882621,2,-4.74848,9.23925,-0.014924,0.0285111,0.00519586,0.00641141
2631,door_1,1817,0,0.106994,0.106994,0,0.00763028,0,0,0,4.10191,0.0434045,0.570703,0.7,2.10824,-3.2513,7.166,0,0.648025,0.0056123,0.00556847
2632,door_2,2150,0,0.0545729,0.054573,0,0.016256,0,0,0,6.19596,0.0678518,0.68133,0.882621,2,-4.74848,9.23925,-0.014924,0.0285111,0.00519586,0.00641141
2632,door_1,1817,0,0.106994,0.106994,0,0.00763028,0,0,0,4.10191,0.0434045,0.570703,0.7,2.10824,-3.2513,7.166,0,0.648043,0.0056123,0.00556847
2633,door_2,2150,0,0.0545729,0.054573,0,0.016256,0,0,0,6.19596,0.0678518,0.68133,0.882621,2,-4.74848,9.23925,-0.014924,0.0285111,0.00519586,0.00641141
2633,door_1,1817,0,0.106994,0.106994,0,0.00763028,0,0,0,4.10191,0.0434045,0.570703,0.7,2.10824,-3.2513,7.166,0,0.648061,0.0056123,0.00556847
2635,door_2,2150,0,0.0545729,0.054573,0,0.016256,0,0,0,6.19596,0.0678518,0.681331,0.882621,2,-4.74848,9.23925,-0.014924,0.0285111,0.00519586,0.00641141
2635,door_1,1817,0,0.106994,0.106994,0,0.00763028,0,0,0,4.10191,0.0434045,0.570703,0.7,2.10824,-3.2513,7.166,0,0.64808,0.0056123,0.00556847
2636,door_2,2150,0,0.0545729,0.054573,0,0.016256,0,0,0,6.19596,0.0678518,0.68133,0.882621,2,-4.74848,9.23925,-0.014924,0.0285111,0.00519586,0.00641141
2636,door_1,1817,0,0.106994,0.106994,0,0.00763028,0,0,0,4.10191,0.0434045,0.570703,0.7,2.10824,-3.2513,7.166,0,0.648098,0.0056123,0.00556847
2637,door_2,2150,0,0.0545729,0.054573,0,0.016256,0,0,0,6.19596,0.0678518,0.68133,0.882621,2,-4.74848,9.23925,-0.014924,0.0285111,0.00519586,0.00641141
2637,door_1,1817,0,0.106994,0.106994,0,0.00763028,0,0,0,4.10191,0.0434045,0.570703,0.7,2.10824,-3.2513,7.166,0,0.648116,0.0056123,0.00556847
2638,door_2,2150,0,0.0545729,0.054573,0,0.016256,0,0,0,6.19596,0.0678518,0.68133,0.882621,2,-4.74848,9.23925,-0.014924,0.0285111,0.00519586,0.00641141
2638,door_1,1817,0,0.106994,0.106994,0,0.00763028,0,0,0,4.10191,0.0434045,0.570703,0.7,2.10824,-3.2513,7.166,0,0.648134,0.0056123,0.00556847
2639,door_2,2150,0,0.0545729,0.054573,0,0.016256,0,0,0,6.19596,0.0678518,0.68133,0.882621,2,-4.74848,9.23925,-0.014924,0.0285111,0.00519586,0.00641141
2639,door_1,1817,0,0.106994,0.106994,0,0.00763028,0,0,0,4.10191,0.0434045,0.570703,0.7,2.10824,-3.2513,7.166,0,0.648153,0.0056123,0.00556847
2640,door_2,2150,0,0.0545729,0.054573,0,0.016256,0,0,0,6.19596,0.0678518,0.681331,0.882621,2,-4.74848,9.23925,-0.014924,0.0285111,0.00519586,0.00641141
2640,door_1,1817,0,0.106994,0.106994,0,0.00763028,0,0,0,4.10191,0.0434045,0.570703,0.7,2.10824,-3.2513,7.166,0,0.648171,0.0056123,0.00556847
2641,door_2,2150,0,0.0545729,0.054573,0,0.016256,0,0,0,6.19596,0.0678518,0.681331,0.882621,2,-4.74848,9.23925,-0.014924,0.0285111,0.00519586,0.00641141
2641,door_1,1817,0,0.106994,0.106994,0,0.00763028,0,0,0,4.10191,0.0434045,0.570703,0.7,2.10824,-3.2513,7.166,0,0.648189,0.0056123,0.00556847
2642,door_2,2150,0,0.0545729,0.054573,0,0.016256,0,0,0,6.19596,0.0678518,0.68133,0.882621,2,-4.74848,9.23925,-0.014924,0.0285111,0.00519586,0.00641141
2642,door_1,1817,0,0.106994,0.106994,0,0.00763028,0,0,0,4.10191,0.0434045,0.570703,0.7,2.10824,-3.2513,7.166,0,0.648207,0.0056123,0.00556847
2643,door_2,2150,0,0.0545729,0.054573,0,0.016256,0,0,0,6.19596,0.0678518,0.68133,0.882621,2,-4.74848,9.23925,-0.014924,0.0285111,0.00519586,0.00641141
2643,door_1,1817,0,0.106994,0.106994,0,0.00763028,0,0,0,4.10191,0.0434045,0.570703,0.7,2.10824,-3.2513,7.166,0,0.648225,0.0056123,0.00556847
2644,door_2,2150,0,0.0545729,0.054573,0,0.016256,0,0,0,6.19596,0.0678518,0.68133,0.882621,2,-4.74848,9.23925,-0.014924,0.0285111,0.00519586,0.00641141
2644,door_1,1817,0,0.106994,0.106994,0,0.00763028,0,0,0,4.10191,0.0434045,0.570703,0.7,2.10824,-3.2513,7.166,0,0.648244,0.0056123,0.00556847
2645,door_2,2150,0,0.0545729,0.054573,0,0.016256,0,0,0,6.19596,0.0678518,0.681331,0.882621,2,-4.74848,9.23925,-0.014924,0.0285111,0.00519586,0.00641141
2645,door_1,1817,0,0.106994,0.106994,0,0.00763028,0,0,0,4.10191,0.0434045,0.570703,0.7,2.10824,-3.2513,7.166,0,0.648262,0.0056123,0.00556847
2646,door_2,2150,0,0.0545729,0.054573,0,0.016256,0,0,0,6.19596,0.0678518,0.68133,0.882621,2,-4.74848,9.23925,-0.014924,0.0285111,0.00519586,0.00641141
2646,door_1,1817,0,0.106994,0.106994,0,0.00763028,0,0,0,4.10191,0.0434045,0.570703,0.7,2.10824,-3.2513,7.166,0,0.64828,0.0056123,0.00556847
2648,door_2,2150,0,0.0545729,0.054573,0,0.016256,0,0,0,6.19596,0.0678518,0.68133,0.882621,2,-4.74848,9.23925,-0.014924,0.0285111,0.00519586,0.00641141
2648,door_1,1817,0,0.106994,0.106994,0,0.00763028,0,0,0,4.10191,0.0434045,0.570703,0.7,2.10824,-3.2513,7.166,0,0.648298,0.0056123,0.00556847
2649,door_2,2150,0,0.0545729,0.054573,0,0.016256,0,0,0,6.19596,0.0678518,0.68133,0.882621,2,-4.74848,9.23925,-0.014924,0.0285111,0.00519586,0.00641141
2649,door_1,1817,0,0.106994,0.106994,0,0.00763028,0,0,0,4.10191,0.0434045,0.570703,0.7,2.10824,-3.2513,7.166,0,0.648317,0.0056123,0.00556847
2650,door_2,2150,0,0.0545729,0.054573,0,0.016256,0,0,0,6.19596,0.0678518,0.68133,0.882621,2,-4.74848,9.23925,-0.014924,0.0285111,0.00519586,0.00641141
2650,door_1,1817,0,0.106994,0.106994,0,0.00763028,0,0,0,4.10191,0.0434045,0.570703,0.7,2.10824,-3.2513,7.166,0,0.648335,0.0056123,0.00556847
2651,door_2,2150,0,0.0545729,0.054573,0,0.016256,0,0,0,6.19596,0.0678518,0.681331,0.882621,2,-4.74848,9.23925,-0.014924,0.0285111,0.00519586,0.00641141
2651,door_1,1817,0,0.106994,0.106994,0,0.00763028,0,0,0,4.10191,0.0434045,0.570703,0.7,2.10824,-3.2513,7.166,0,0.648353,0.0056123,0.00556847
2652,door_2,2150,0,0.0545729,0.054573,0,0.016256,0,0,0,6.19596,0.0678518,0.681331,0.882621,2,-4.74848,9.23925,-0.014924,0.0285111,0.00519586,0.00641141
2652,door_1,1817,0,0.106994,0.106994,0,0.00763028,0,0,0,4.10191,0.0434045,0.570703,0.7,2.10824,-3.2513,7.166,0,0.648371,0.0056123,0.00556847
2653,door_2,2150,0,0.0545729,0.054573,0,0.016256,0,0,0,6.19596,0.0678518,0.68133,0.882621,2,-4.74848,9.23925,-0.014924,0.0285111,0.00519586,0.00641141
2653,door_1,1817,0,0.106994,0.106994,0,0.00763028,0,0,0,4.10191,0.0434045,0.570703,0.7,2.10824,-3.2513,7.166,0,0.64839,0.0056123,0.00556847
2654,door_2,2150,0,0.0545729,0.054573,0,0.016256,0,0,0,6.19596,0.0678518,0.68133,0.882621,2,-4.74848,9.23925,-0.014924,0.0285111,0.00519586,0.00641141
2654,door_1,1817,0,0.106994,0.106994,0,0.00763028,0,0,0,4.10191,0.0434045,0.570703,0.7,2.10824,-3.2513,7.166,0,0.648408,0.0056123,0.00556847
2655,door_2,2150,0,0.0545729,0.054573,0,0.016256,0,0,0,6.19596,0.0678518,0.68133,0.882621,2,-4.74848,9.23925,-0.014924,0.0285111,0.00519586,0.00641141
2655,door_1,1817,0,0.106994,0.106994,0,0.00763028,0,0,0,4.10191,0.0434045,0.570703,0.7,2.10824,-3.2513,7.166,0,0.648426,0.0056123,0.00556847
2656,door_2,2150,0,0.0545729,0.054573,0,0.016256,0,0,0,6.19596,0.0678518,0.681331,0.882621,2,-4.74848,9.23925,-0.014924,0.0285111,0.00519586,0.00641141
2656,door_1,1817,0,0.106994,0.106994,0,0.00763028,0,0,0,4.10191,0.0434045,0.570703,0.7,2.10824,-3.2513,7.166,0,0.648444,0.0056123,0.00556847
2657,door_2,2150,0,0.0545729,0.054573,0,0.016256,0,0,0,6.19596,0.0678518,0.68133,0.882621,2,-4.74848,9.23925,-0.014924,0.0285111,0.00519586,0.00641141
2657,door_1,1817,0,0.106994,0.106994,0,0.00763028,0,0,0,4.10191,0.0434045,0.570703,0.7,2.10824,-3.2513,7.166,0,0.648463,0.0056123,0.00556847
2658,door_2,2150,0,0.0545729,0.054573,0,0.016256,0,0,0,6.19596,0.0678518,0.68133,0.882621,2,-4.74848,9.23925,-0.014924,0.0285111,0.00519586,0.00641141
2658,door_1,1817,0,0.106994,0.106994,0,0.00763028,0,0,0,4.10191,0.0434045,0.570703,0.7,2.10824,-3.2513,7.166,0,0.648481,0.0056123,0.00556847
2659,door_2,2150,0,0.0545729,0.054573,0,0.016256,0,0,0,6.19596,0.0678518,0.68133,0.882621,2,-4.74848,9.23925,-0.014924,0.0285111,0.00519586,0.00641141
2659,door_1,1817,0,0.106994,0.106994,0,0.00763028,0,0,0,4.10191,0.0434045,0.570703,0.7,2.10824,-3.2513,7.166,0,0.648499,0.0056123,0.00556847
2660,door_2,2150,0,0.0545729,0.054573,0,0.016256,0,0,0,6.19596,0.0678518,0.68133,0.882621,2,-4.74848,9.23925,-0.014924,0.0285111,0.00519586,0.00641141
2660,door_1,1817,0,0.106994,0.106994,0,0.00763028,0,0,0,4.10191,0.0434045,0.570703,0.7,2.10824,-3.2513,7.166,0,0.648517,0.0056123,0.00556847
2661,door_2,2150,0,0.0545729,0.054573,0,0.016256,0,0,0,6.19596,0.0678518,0.681331,0.882621,2,-4.74848,9.23925,-0.014924,0.0285111,0.00519586,0.00641141
2661,door_1,1817,0,0.106994,0.106994,0,0.00763028,0,0,0,4.10191,0.0434045,0.570703,0.7,2.10824,-3.2513,7.166,0,0.648536,0.0056123,0.00556847
2663,door_2,2150,0,0.0545729,0.054573,0,0.016256,0,0,0,6.19596,0.0678518,0.681331,0.882621,2,-4.74848,9.23925,-0.014924,0.0285111,0.00519586,0.00641141
2663,door_1,1817,0,0.106994,0.106994,0,0.00763028,0,0,0,4.10191,0.0434045,0.570703,0.7,2.10824,-3.2513,7.166,0,0.648554,0.0056123,0.00556847
2664,door_2,2150,0,0.0545729,0.054573,0,0.016256,0,0,0,6.19596,0.0678518,0.68133,0.882621,2,-4.74848,9.23925,-0.014924,0.0285111,0.00519586,0.00641141
2664,door_1,1817,0,0.106994,0.106994,0,0.00763028,0,0,0,4.10191,0.0434045,0.570703,0.7,2.10824,-3.2513,7.166,0,0.648572,0.0056123,0.00556847
2666,door_2,2150,0,0.0545729,0.054573,0,0.016256,0,0,0,6.19596,0.0678518,0.68133,0.882621,2,-4.74848,9.23925,-0.014924,0.0285111,0.00519586,0.00641141
2666,door_1,1817,0,0.106994,0.106994,0,0.00763028,0,0,0,4.10191,0.0434045,0.570703,0.7,2.10824,-3.2513,7.166,0,0.64859,0.0056123,0.00556847
2667,door_2,2150,0,0.0545729,0.054573,0,0.016256,0,0,0,6.19596,0.0678518,0.68133,0.882621,2,-4.74848,9.23925,-0.014924,0.0285111,0.00519586,0.00641141
2667,door_1,1817,0,0.106994,0.106994,0,0.00763028,0,0,0,4.10191,0.0434045,0.570703,0.7,2.10824,-3.2513,7.166,0,0.648609,0.0056123,0.00556847
2668,door_2,2150,0,0.0545729,0.054573,0,0.016256,0,0,0,6.19596,0.0678518,0.681331,0.882621,2,-4.74848,9.23925,-0.014924,0.0285111,0.00519586,0.00641141
2668,door_1,1817,0,0.106994,0.106994,0,0.00763028,0,0,0,4.10191,0.0434045,0.570703,0.7,2.10824,-3.2513,7.166,0,0.648627,0.0056123,0.00556847
2669,door_2,2150,0,0.0545729,0.054573,0,0.016256,0,0,0,6.19596,0.0678518,0.68133,0.882621,2,-4.74848,9.23925,-0.014924,0.0285111,0.00519586,0.00641141
2669,door_1,1817,0,0.106994,0.106994,0,0.00763028,0,0,0,4.10191,0.0434045,0.570703,0.7,2.10824,-3.2513,7.166,0,0.648645,0.0056123,0.00556847
2670,door_2,2150,0,0.0545729,0.054573,0,0.016256,0,0,0,6.19596,0.0678518,0.68133,0.882621,2,-4.74848,9.23925,-0.014924,0.0285111,0.00519586,0.00641141
2670,door_1,1817,0,0.106994,0.106994,0,0.00763028,0,0,0,4.10191,0.0434045,0.570703,0.7,2.10824,-3.2513,7.166,0,0.648663,0.0056123,0.00556847
2671,door_2,2150,0,0.0545729,0.054573,0,0.016256,0,0,0,6.19596,0.0678518,0.68133,0.882621,2,-4.74848,9.23925,-0.014924,0.0285111,0.00519586,0.00641141
2671,door_1,1817,0,0.106994,0.106994,0,0.00763028,0,0,0,4.10191,0.0434045,0.570703,0.7,2.10824,-3.2513,7.166,0,0.648681,0.0056123,0.00556847
2672,door_2,2150,0,0.0545729,0.054573,0,0.016256,0,0,0,6.19596,0.0678518,0.68133,0.882621,2,-4.74848,9.23925,-0.014924,0.0285111,0.00519586,0.00641141
2672,door_1,1817,0,0.106994,0.106994,0,0.00763028,0,0,0,4.10191,0.0434045,0.570703,0.7,2.10824,-3.2513,7.166,0,0.6487,0.0056123,0.00556847
2674,door_2,2150,0,0.0545729,0.054573,0,0.016256,0,0,0,6.19596,0.0678518,0.681331,0.882621,2,-4.74848,9.23925,-0.014924,0.0285111,0.00519586,0.00641141
2674,door_1,1817,0,0.106994,0.106994,0,0.00763028,0,0,0,4.10191,0.0434045,0.570703,0.7,2.10824,-3.2513,7.166,0,0.648718,0.0056123,0.00556847
2675,door_2,2150,0,0.0545729,0.054573,0,0.016256,0,0,0,6.19596,0.0678518,0.681331,0.882621,2,-4.74848,9.23925,-0.014924,0.0285111,0.00519586,0.00641141
2675,door_1,1817,0,0.106994,0.106994,0,0.00763028,0,0,0,4.10191,0.0434045,0.570703,0.7,2.10824,-3.2513,7.166,0,0.648736,0.0056123,0.00556847
2677,door_2,2150,0,0.0545729,0.054573,0,0.016256,0,0,0,6.19596,0.0678518,0.68133,0.882621,2,-4.74848,9.23925,-0.014924,0.0285111,0.00519586,0.00641141
2677,door_1,1817,0,0.106994,0.106994,0,0.00763028,0,0,0,4.10191,0.0434045,0.570703,0.7,2.10824,-3.2513,7.166,0,0.648754,0.0056123,0.00556847
2678,door_2,2150,0,0.0545729,0.054573,0,0.016256,0,0,0,6.19596,0.0678518,0.68133,0.882621,2,-4.74848,9.23925,-0.014924,0.0285111,0.00519586,0.00641141
2678,door_1,1817,0,0.106994,0.106994,0,0.00763028,0,0,0,4.10191,0.0434045,0.570703,0.7,2.10824,-3.2513,7.166,0,0.648773,0.0056123,0.00556847
2679,door_2,2150,0,0.0545729,0.054573,0,0.016256,0,0,0,6.19596,0.0678518,0.68133,0.882621,2,-4.74848,9.23925,-0.014924,0.0285111,0.00519586,0.00641141
2679,door_1,1817,0,0.106994,0.106994,0,0.00763028,0,0,0,4.10191,0.0434045,0.570703,0.7,2.10824,-3.2513,7.166,0,0.648791,0.0056123,0.00556847
2680,door_2,2150,0,0.0545729,0.054573,0,0.016256,0,0,0,6.19596,0.0678518,0.681331,0.882621,2,-4.74848,9.23925,-0.014924,0.0285111,0.00519586,0.00641141
2680,door_1,1817,0,0.106994,0.106994,0,0.00763028,0,0,0,4.10191,0.0434045,0.570703,0.7,2.10824,-3.2513,7.166,0,0.648809,0.0056123,0.00556847
2681,door_2,2150,0,0.0545729,0.054573,0,0.016256,0,0,0,6.19596,0.0678518,0.68133,0.882621,2,-4.74848,9.23925,-0.014924,0.0285111,0.00519586,0.00641141
2681,door_1,1817,0,0.106994,0.106994,0,0.00763028,0,0,0,4.10191,0.0434045,0.570703,0.7,2.10824,-3.2513,7.166,0,0.648827,0.0056123,0.00556847
2682,door_2,2150,0,0.0545729,0.054573,0,0.016256,0,0,0,6.19596,0.0678518,0.68133,0.882621,2,-4.74848,9.23925,-0.014924,0.0285111,0.00519586,0.00641141
2682,door_1,1817,0,0.106994,0.106994,0,0.00763028,0,0,0,4.10191,0.0434045,0.570703,0.7,2.10824,-3.2513,7.166,0,0.648845,0.0056123,0.00556847
2683,door_2,2150,0,0.0545729,0.054573,0,0.016256,0,0,0,6.19596,0.0678518,0.68133,0.882621,2,-4.74848,9.23925,-0.014924,0.0285111,0.00519586,0.00641141
2683,door_1,1817,0,0.106994,0.106994,0,0.00763028,0,0,0,4.10191,0.0434045,0.570703,0.7,2.10824,-3.2513,7.166,0,0.648864,0.0056123,0.00556847
2685,door_2,2150,0,0.0545729,0.054573,0,0.016256,0,0,0,6.19596,0.0678518,0.68133,0.882621,2,-4.74848,9.23925,-0.014924,0.0285111,0.00519586,0.00641141
2685,door_1,1817,0,0.106994,0.106994,0,0.00763028,0,0,0,4.10191,0.0434045,0.570703,0.7,2.10824,-3.2513,7.166,0,0.648882,0.0056123,0.00556847
2686,door_2,2150,0,0.0545729,0.054573,0,0.016256,0,0,0,6.19596,0.0678518,0.681331,0.882621,2,-4.74848,9.23925,-0.014924,0.0285111,0.00519586,0.00641141
2686,door_1,1817,0,0.106994,0.106994,0,0.00763028,0,0,0,4.10191,0.0434045,0.570703,0.7,2.10824,-3.2513,7.166,0,0.6489,0.0056123,0.00556847
2687,door_2,2150,0,0.0545729,0.054573,0,0.016256,0,0,0,6.19596,0.0678518,0.681331,0.882621,2,-4.74848,9.23925,-0.014924,0.0285111,0.00519586,0.00641141
2687,door_1,1817,0,0.106994,0.106994,0,0.00763028,0,0,0,4.10191,0.0434045,0.570703,0.7,2.10824,-3.2513,7.166,0,0.648918,0.0056123,0.00556847
2688,door_2,2150,0,0.0545729,0.054573,0,0.016256,0,0,0,6.19596,0.0678518,0.68133,0.882621,2,-4.74848,9.23925,-0.014924,0.0285111,0.00519586,0.00641141
2688,door_1,1817,0,0.106994,0.106994,0,0.00763028,0,0,0,4.10191,0.0434045,0.570703,0.7,2.10824,-3.2513,7.166,0,0.648937,0.0056123,0.00556847
2689,door_2,2150,0,0.0545729,0.054573,0,0.016256,0,0,0,6.19596,0.0678518,0.68133,0.882621,2,-4.74848,9.23925,-0.014924,0.0285111,0.00519586,0.00641141
2689,door_1,1817,0,0.106994,0.106994,0,0.00763028,0,0,0,4.10191,0.0434045,0.570703,0.7,2.10824,-3.2513,7.166,0,0.648955,0.0056123,0.00556847
2690,door_2,2150,0,0.0545729,0.054573,0,0.016256,0,0,0,6.19596,0.0678518,0.68133,0.882621,2,-4.74848,9.23925,-0.014924,0.0285111,0.00519586,0.00641141
2690,door_1,1817,0,0.106994,0.106994,0,0.00763028,0,0,0,4.10191,0.0434045,0.570703,0.7,2.10824,-3.2513,7.166,0,0.648973,0.0056123,0.00556847
2691,door_2,2150,0,0.0545729,0.054573,0,0.016256,0,0,0,6.19596,0.0678518,0.681331,0.882621,2,-4.74848,9.23925,-0.014924,0.0285111,0.00519586,0.00641141
2691,door_1,1817,0,0.106994,0.106994,0,0.00763028,0,0,0,4.10191,0.0434045,0.570703,0.7,2.10824,-3.2513,7.166,0,0.648991,0.0056123,0.00556847
2692,door_2,2150,0,0.0545729,0.054573,0,0.016256,0,0,0,6.19596,0.0678518,0.68133,0.882621,2,-4.74848,9.23925,-0.014924,0.0285111,0.00519586,0.00641141
2692,door_1,1817,0,0.106994,0.106994,0,0.00763028,0,0,0,4.10191,0.0434045,0.570703,0.7,2.10824,-3.2513,7.166,0,0.64901,0.0056123,0.00556847
2693,door_2,2150,0,0.0545729,0.054573,0,0.016256,0,0,0,6.19596,0.0678518,0.68133,0.882621,2,-4.74848,9.23925,-0.014924,0.0285111,0.00519586,0.00641141
2693,door_1,1817,0,0.106994,0.106994,0,0.00763028,0,0,0,4.10191,0.0434045,0.570703,0.7,2.10824,-3.2513,7.166,0,0.649028,0.0056123,0.00556847
2694,door_2,2150,0,0.0545729,0.054573,0,0.016256,0,0,0,6.19596,0.0678518,0.68133,0.882621,2,-4.74848,9.23925,-0.014924,0.0285111,0.00519586,0.00641141
2694,door_1,1817,0,0.106994,0.106994,0,0.00763028,0,0,0,4.10191,0.0434045,0.570703,0.7,2.10824,-3.2513,7.166,0,0.649046,0.0056123,0.00556847
2695,door_2,2150,0,0.0545729,0.054573,0,0.016256,0,0,0,6.19596,0.0678518,0.68133,0.882621,2,-4.74848,9.23925,-0.014924,0.0285111,0.00519586,0.00641141
2695,door_1,1817,0,0.106994,0.106994,0,0.00763028,0,0,0,4.10191,0.0434045,0.570703,0.7,2.10824,-3.2513,7.166,0,0.649064,0.0056123,0.00556847
2696,door_2,2150,0,0.0545729,0.054573,0,0.016256,0,0,0,6.19596,0.0678518,0.681331,0.882621,2,-4.74848,9.23925,-0.014924,0.0285111,0.00519586,0.00641141
2696,door_1,1817,0,0.106994,0.106994,0,0.00763028,0,0,0,4.10191,0.0434045,0.570703,0.7,2.10824,-3.2513,7.166,0,0.649082,0.0056123,0.00556847
2697,door_2,2150,0,0.0545729,0.054573,0,0.016256,0,0,0,6.19596,0.0678518,0.681331,0.882621,2,-4.74848,9.23925,-0.014924,0.0285111,0.00519586,0.00641141
2697,door_1,1817,0,0.106994,0.106994,0,0.00763028,0,0,0,4.10191,0.0434045,0.570703,0.7,2.10824,-3.2513,7.166,0,0.649101,0.0056123,0.00556847
2698,door_2,2150,0,0.0545729,0.054573,0,0.016256,0,0,0,6.19596,0.0678518,0.68133,0.882621,2,-4.74848,9.23925,-0.014924,0.0285111,0.00519586,0.00641141
2698,door_1,1817,0,0.106994,0.106994,0,0.00763028,0,0,0,4.10191,0.0434045,0.570703,0.7,2.10824,-3.2513,7.166,0,0.649119,0.0056123,0.00556847
2699,door_2,2150,0,0.0545729,0.054573,0,0.016256,0,0,0,6.19596,0.0678518,0.68133,0.882621,2,-4.74848,9.23925,-0.014924,0.0285111,0.00519586,0.00641141
2699,door_1,1817,0,0.106994,0.106994,0,0.00763028,0,0,0,4.10191,0.0434045,0.570703,0.7,2.10824,-3.2513,7.166,0,0.649137,0.0056123,0.00556847
2700,door_2,2150,0,0.0545729,0.054573,0,0.016256,0,0,0,6.19596,0.0678518,0.68133,0.882621,2,-4.74848,9.23925,-0.014924,0.0285111,0.00519586,0.00641141
2700,door_1,1817,0,0.106994,0.106994,0,0.00763028,0,0,0,4.10191,0.0434045,0.570703,0.7,2.10824,-3.2513,7.166,0,0.649155,0.0056123,0.00556847
2701,door_2,2150,0,0.0545729,0.054573,0,0.016256,0,0,0,6.19596,0.0678518,0.681331,0.882621,2,-4.74848,9.23925,-0.014924,0.0285111,0.00519586,0.00641141
2701,door_1,1817,0,0.106994,0.106994,0,0.00763028,0,0,0,4.10191,0.0434045,0.570703,0.7,2.10824,-3.2513,7.166,0,0.649173,0.0056123,0.00556847
2702,door_2,2150,0,0.0545729,0.054573,0,0.016256,0,0,0,6.19596,0.0678518,0.68133,0.882621,2,-4.74848,9.23925,-0.014924,0.0285111,0.00519586,0.00641141
2702,door_1,1817,0,0.106994,0.106994,0,0.00763028,0,0,0,4.10191,0.0434045,0.570703,0.7,2.10824,-3.2513,7.166,0,0.649192,0.0056123,0.00556847
2703,door_2,2150,0,0.0545729,0.054573,0,0.016256,0,0,0,6.19596,0.0678518,0.68133,0.882621,2,-4.74848,9.23925,-0.014924,0.0285111,0.00519586,0.00641141
2703,door_1,1817,0,0.106994,0.106994,0,0.00763028,0,0,0,4.10191,0.0434045,0.570703,0.7,2.10824,-3.2513,7.166,0,0.64921,0.0056123,0.00556847
2704,door_2,2150,0,0.0545729,0.054573,0,0.016256,0,0,0,6.19596,0.0678518,0.68133,0.882621,2,-4.74848,9.23925,-0.014924,0.0285111,0.00519586,0.00641141
2704,door_1,1817,0,0.106994,0.106994,0,0.00763028,0,0,0,4.10191,0.0434045,0.570703,0.7,2.10824,-3.2513,7.166,0,0.649228,0.0056123,0.00556847
2705,door_2,2150,0,0.0545729,0.054573,0,0.016256,0,0,0,6.19596,0.0678518,0.68133,0.882621,2,-4.74848,9.23925,-0.014924,0.0285111,0.00519586,0.00641141
2705,door_1,1817,0,0.106994,0.106994,0,0.00763028,0,0,0,4.10191,0.0434045,0.570703,0.7,2.10824,-3.2513,7.166,0,0.649246,0.0056123,0.00556847
2706,door_2,2150,0,0.0545729,0.054573,0,0.016256,0,0,0,6.19596,0.0678518,0.681331,0.882621,2,-4.74848,9.23925,-0.014924,0.0285111,0.00519586,0.00641141
2706,door_1,1817,0,0.106994,0.106994,0,0.00763028,0,0,0,4.10191,0.0434045,0.570703,0.7,2.10824,-3.2513,7.166,0,0.649265,0.0056123,0.00556847
2707,door_2,2150,0,0.0545729,0.054573,0,0.016256,0,0,0,6.19596,0.0678518,0.681331,0.882621,2,-4.74848,9.23925,-0.014924,0.0285111,0.00519586,0.00641141
2707,door_1,1817,0,0.106994,0.106994,0,0.00763028,0,0,0,4.10191,0.0434045,0.570703,0.7,2.10824,-3.2513,7.166,0,0.649283,0.0056123,0.00556847
2708,door_2,2150,0,0.0545729,0.054573,0,0.016256,0,0,0,6.19596,0.0678518,0.68133,0.882621,2,-4.74848,9.23925,-0.014924,0.0285111,0.00519586,0.00641141
2708,door_1,1817,0,0.106994,0.106994,0,0.00763028,0,0,0,4.10191,0.0434045,0.570703,0.7,2.10824,-3.2513,7.166,0,0.649301,0.0056123,0.00556847
2709,door_2,2150,0,0.0545729,0.054573,0,0.016256,0,0,0,6.19596,0.0678518,0.68133,0.882621,2,-4.74848,9.23925,-0.014924,0.0285111,0.00519586,0.00641141
2709,door_1,1817,0,0.106994,0.106994,0,0.00763028,0,0,0,4.10191,0.0434045,0.570703,0.7,2.10824,-3.2513,7.166,0,0.649319,0.0056123,0.00556847
2710,door_2,2150,0,0.0545729,0.054573,0,0.016256,0,0,0,6.19596,0.0678518,0.68133,0.882621,2,-4.74848,9.23925,-0.014924,0.0285111,0.00519586,0.00641141
2710,door_1,1817,0,0.106994,0.106994,0,0.00763028,0,0,0,4.10191,0.0434045,0.570703,0.7,2.10824,-3.2513,7.166,0,0.649337,0.0056123,0.00556847
2711,door_2,2150,0,0.0545729,0.054573,0,0.016256,0,0,0,6.19596,0.0678518,0.681331,0.882621,2,-4.74848,9.23925,-0.014924,0.0285111,0.00519586,0.00641141
2711,door_1,1817,0,0.106994,0.106994,0,0.00763028,0,0,0,4.10191,0.0434045,0.570703,0.7,2.10824,-3.2513,7.166,0,0.649356,0.0056123,0.00556847
2712,door_2,2150,0,0.0545729,0.054573,0,0.016256,0,0,0,6.19596,0.0678518,0.68133,0.882621,2,-4.74848,9.23925,-0.014924,0.0285111,0.00519586,0.00641141
2712,door_1,1817,0,0.106994,0.106994,0,0.00763028,0,0,0,4.10191,0.0434045,0.570703,0.7,2.10824,-3.2513,7.166,0,0.649374,0.0056123,0.00556847
2714,door_2,2150,0,0.0545729,0.054573,0,0.016256,0,0,0,6.19596,0.0678518,0.68133,0.882621,2,-4.74848,9.23925,-0.014924,0.0285111,0.00519586,0.00641141
2714,door_1,1817,0,0.106994,0.106994,0,0.00763028,0,0,0,4.10191,0.0434045,0.570703,0.7,2.10824,-3.2513,7.166,0,0.649392,0.0056123,0.00556847
2715,door_2,2150,0,0.0545729,0.054573,0,0.016256,0,0,0,6.19596,0.0678518,0.68133,0.882621,2,-4.74848,9.23925,-0.014924,0.0285111,0.00519586,0.00641141
2715,door_1,1817,0,0.106994,0.106994,0,0.00763028,0,0,0,4.10191,0.0434045,0.570703,0.7,2.10824,-3.2513,7.166,0,0.64941,0.0056123,0.00556847
2716,door_2,2150,0,0.0545729,0.054573,0,0.016256,0,0,0,6.19596,0.0678518,0.68133,0.882621,2,-4.74848,9.23925,-0.014924,0.0285111,0.00519586,0.00641141
2716,door_1,1817,0,0.106994,0.106994,0,0.00763028,0,0,0,4.10191,0.0434045,0.570703,0.7,2.10824,-3.2513,7.166,0,0.649429,0.0056123,0.00556847
2717,door_2,2150,0,0.0545729,0.054573,0,0.016256,0,0,0,6.19596,0.0678518,0.681331,0.882621,2,-4.74848,9.23925,-0.014924,0.0285111,0.00519586,0.00641141
2717,door_1,1817,0,0.106994,0.106994,0,0.00763028,0,0,0,4.10191,0.0434045,0.570703,0.7,2.10824,-3.2513,7.166,0,0.649447,0.0056123,0.00556847
2718,door_2,2150,0,0.0545729,0.054573,0,0.016256,0,0,0,6.19596,0.0678518,0.681331,0.882621,2,-4.74848,9.23925,-0.014924,0.0285111,0.00519586,0.00641141
2718,door_1,1817,0,0.106994,0.106994,0,0.00763028,0,0,0,4.10191,0.0434045,0.570703,0.7,2.10824,-3.2513,7.166,0,0.649465,0.0056123,0.00556847
2719,door_2,2150,0,0.0545729,0.054573,0,0.016256,0,0,0,6.19596,0.0678518,0.68133,0.882621,2,-4.74848,9.23925,-0.014924,0.0285111,0.00519586,0.00641141
2719,door_1,1817,0,0.106994,0.106994,0,0.00763028,0,0,0,4.10191,0.0434045,0.570703,0.7,2.10824,-3.2513,7.166,0,0.649483,0.0056123,0.00556847
2720,door_2,2150,0,0.0545729,0.054573,0,0.016256,0,0,0,6.19596,0.0678518,0.68133,0.882621,2,-4.74848,9.23925,-0.014924,0.0285111,0.00519586,0.00641141
2720,door_1,1817,0,0.106994,0.106994,0,0.00763028,0,0,0,4.10191,0.0434045,0.570703,0.7,2.10824,-3.2513,7.166,0,0.649501,0.0056123,0.00556847
2721,door_2,2150,0,0.0545729,0.054573,0,0.016256,0,0,0,6.19596,0.0678518,0.68133,0.882621,2,-4.74848,9.23925,-0.014924,0.0285111,0.00519586,0.00641141
2721,door_1,1817,0,0.106994,0.106994,0,0.00763028,0,0,0,4.10191,0.0434045,0.570703,0.7,2.10824,-3.2513,7.166,0,0.64952,0.0056123,0.00556847
2722,door_2,2150,0,0.0545729,0.054573,0,0.016256,0,0,0,6.19596,0.0678518,0.681331,0.882621,2,-4.74848,9.23925,-0.014924,0.0285111,0.00519586,0.00641141
2722,door_1,1817,0,0.106994,0.106994,0,0.00763028,0,0,0,4.10191,0.0434045,0.570703,0.7,2.10824,-3.2513,7.166,0,0.649538,0.0056123,0.00556847
2723,door_2,2150,0,0.0545729,0.054573,0,0.016256,0,0,0,6.19596,0.0678518,0.68133,0.882621,2,-4.74848,9.23925,-0.014924,0.0285111,0.00519586,0.00641141
2723,door_1,1817,0,0.106994,0.106994,0,0.00763028,0,0,0,4.10191,0.0434045,0.570703,0.7,2.10824,-3.2513,7.166,0,0.649556,0.0056123,0.00556847
2724,door_2,2150,0,0.0545729,0.054573,0,0.016256,0,0,0,6.19596,0.0678518,0.68133,0.882621,2,-4.74848,9.23925,-0.014924,0.0285111,0.00519586,0.00641141
2724,door_1,1817,0,0.106994,0.106994,0,0.00763028,0,0,0,4.10191,0.0434045,0.570703,0.7,2.10824,-3.2513,7.166,0,0.649574,0.0056123,0.00556847
2725,door_2,2150,0,0.0545729,0.054573,0,0.016256,0,0,0,6.19596,0.0678518,0.68133,0.882621,2,-4.74848,9.23925,-0.014924,0.0285111,0.00519586,0.00641141
2725,door_1,1817,0,0.106994,0.106994,0,0.00763028,0,0,0,4.10191,0.0434045,0.570703,0.7,2.10824,-3.2513,7.166,0,0.649592,0.0056123,0.00556847
2726,door_2,2150,0,0.0545729,0.054573,0,0.016256,0,0,0,6.19596,0.0678518,0.68133,0.882621,2,-4.74848,9.23925,-0.014924,0.0285111,0.00519586,0.00641141
2726,door_1,1817,0,0.106994,0.106994,0,0.00763028,0,0,0,4.10191,0.0434045,0.570703,0.7,2.10824,-3.2513,7.166,0,0.649611,0.0056123,0.00556847
2727,door_2,2150,0,0.0545729,0.054573,0,0.016256,0,0,0,6.19596,0.0678518,0.681331,0.882621,2,-4.74848,9.23925,-0.014924,0.0285111,0.00519586,0.00641141
2727,door_1,1817,0,0.106994,0.106994,0,0.00763028,0,0,0,4.10191,0.0434045,0.570703,0.7,2.10824,-3.2513,7.166,0,0.649629,0.0056123,0.00556847
2728,door_2,2150,0,0.0545729,0.054573,0,0.016256,0,0,0,6.19596,0.0678518,0.681331,0.882621,2,-4.74848,9.23925,-0.014924,0.0285111,0.00519586,0.00641141
2728,door_1,1817,0,0.106994,0.106994,0,0.00763028,0,0,0,4.10191,0.0434045,0.570703,0.7,2.10824,-3.2513,7.166,0,0.649647,0.0056123,0.00556847
2729,door_2,2150,0,0.0545729,0.054573,0,0.016256,0,0,0,6.19596,0.0678518,0.68133,0.882621,2,-4.74848,9.23925,-0.014924,0.0285111,0.00519586,0.00641141
2729,door_1,1817,0,0.106994,0.106994,0,0.00763028,0,0,0,4.10191,0.0434045,0.570703,0.7,2.10824,-3.2513,7.166,0,0.649665,0.0056123,0.00556847
2730,door_2,2150,0,0.0545729,0.054573,0,0.016256,0,0,0,6.19596,0.0678518,0.68133,0.882621,2,-4.74848,9.23925,-0.014924,0.0285111,0.00519586,0.00641141
2730,door_1,1817,0,0.106994,0.106994,0,0.00763028,0,0,0,4.10191,0.0434045,0.570703,0.7,2.10824,-3.2513,7.166,0,0.649683,0.0056123,0.00556847
2731,door_2,2150,0,0.0545729,0.054573,0,0.016256,0,0,0,6.19596,0.0678518,0.68133,0.882621,2,-4.74848,9.23925,-0.014924,0.0285111,0.00519586,0.00641141
2731,door_1,1817,0,0.106994,0.106994,0,0.00763028,0,0,0,4.10191,0.0434045,0.570703,0.7,2.10824,-3.2513,7.166,0,0.649701,0.0056123,0.00556847
2732,door_2,2150,0,0.0545729,0.054573,0,0.016256,0,0,0,6.19596,0.0678518,0.681331,0.882621,2,-4.74848,9.23925,-0.014924,0.0285111,0.00519586,0.00641141
2732,door_1,1817,0,0.106994,0.106994,0,0.00763028,0,0,0,4.10191,0.0434045,0.570703,0.7,2.10824,-3.2513,7.166,0,0.64972,0.0056123,0.00556847
2733,door_2,2150,0,0.0545729,0.054573,0,0.016256,0,0,0,6.19596,0.0678518,0.68133,0.882621,2,-4.74848,9.23925,-0.014924,0.0285111,0.00519586,0.00641141
2733,door_1,1817,0,0.106994,0.106994,0,0.00763028,0,0,0,4.10191,0.0434045,0.570703,0.7,2.10824,-3.2513,7.166,0,0.649738,0.0056123,0.00556847
2735,door_2,2150,0,0.0545729,0.054573,0,0.016256,0,0,0,6.19596,0.0678518,0.68133,0.882621,2,-4.74848,9.23925,-0.014924,0.0285111,0.00519586,0.00641141
2735,door_1,1817,0,0.106994,0.106994,0,0.00763028,0,0,0,4.10191,0.0434045,0.570703,0.7,2.10824,-3.2513,7.166,0,0.649756,0.0056123,0.00556847
2736,door_2,2150,0,0.0545729,0.054573,0,0.016256,0,0,0,6.19596,0.0678518,0.68133,0.882621,2,-4.74848,9.23925,-0.014924,0.0285111,0.00519586,0.00641141
2736,door_1,1817,0,0.106994,0.106994,0,0.00763028,0,0,0,4.10191,0.0434045,0.570703,0.7,2.10824,-3.2513,7.166,0,0.649774,0.0056123,0.00556847
2737,door_2,2150,0,0.0545729,0.054573,0,0.016256,0,0,0,6.19596,0.0678518,0.68133,0.882621,2,-4.74848,9.23925,-0.014924,0.0285111,0.00519586,0.00641141
2737,door_1,1817,0,0.106994,0.106994,0,0.00763028,0,0,0,4.10191,0.0434045,0.570703,0.7,2.10824,-3.2513,7.166,0,0.649792,0.0056123,0.00556847
2738,door_2,2150,0,0.0545729,0.054573,0,0.016256,0,0,0,6.19596,0.0678518,0.681331,0.882621,2,-4.74848,9.23925,-0.014924,0.0285111,0.00519586,0.00641141
2738,door_1,1817,0,0.106994,0.106994,0,0.00763028,0,0,0,4.10191,0.0434045,0.570703,0.7,2.10824,-3.2513,7.166,0,0.649811,0.0056123,0.00556847
2739,door_2,2150,0,0.0545729,0.054573,0,0.016256,0,0,0,6.19596,0.0678518,0.681331,0.882621,2,-4.74848,9.23925,-0.014924,0.0285111,0.00519586,0.00641141
2739,door_1,1817,0,0.106994,0.106994,0,0.00763028,0,0,0,4.10191,0.0434045,0.570703,0.7,2.10824,-3.2513,7.166,0,0.649829,0.0056123,0.00556847
2740,door_2,2150,0,0.0545729,0.054573,0,0.016256,0,0,0,6.19596,0.0678518,0.68133,0.882621,2,-4.74848,9.23925,-0.014924,0.0285111,0.00519586,0.00641141
2740,door_1,1817,0,0.106994,0.106994,0,0.00763028,0,0,0,4.10191,0.0434045,0.570703,0.7,2.10824,-3.2513,7.166,0,0.649847,0.0056123,0.00556847
2742,door_2,2150,0,0.0545729,0.054573,0,0.016256,0,0,0,6.19596,0.0678518,0.68133,0.882621,2,-4.74848,9.23925,-0.014924,0.0285111,0.00519586,0.00641141
2742,door_1,1817,0,0.106994,0.106994,0,0.00763028,0,0,0,4.10191,0.0434045,0.570703,0.7,2.10824,-3.2513,7.166,0,0.649865,0.0056123,0.00556847
2743,door_2,2150,0,0.0545729,0.054573,0,0.016256,0,0,0,6.19596,0.0678518,0.68133,0.882621,2,-4.74848,9.23925,-0.014924,0.0285111,0.00519586,0.00641141
2743,door_1,1817,0,0.106994,0.106994,0,0.00763028,0,0,0,4.10191,0.0434045,0.570703,0.7,2.10824,-3.2513,7.166,0,0.649883,0.0056123,0.00556847
2744,door_2,2150,0,0.0545729,0.054573,0,0.016256,0,0,0,6.19596,0.0678518,0.681331,0.882621,2,-4.74848,9.23925,-0.014924,0.0285111,0.00519586,0.00641141
2744,door_1,1817,0,0.106994,0.106994,0,0.00763028,0,0,0,4.10191,0.0434045,0.570703,0.7,2.10824,-3.2513,7.166,0,0.649902,0.0056123,0.00556847
2745,door_2,2150,0,0.0545729,0.054573,0,0.016256,0,0,0,6.19596,0.0678518,0.68133,0.882621,2,-4.74848,9.23925,-0.014924,0.0285111,0.00519586,0.00641141
2745,door_1,1817,0,0.106994,0.106994,0,0.00763028,0,0,0,4.10191,0.0434045,0.570703,0.7,2.10824,-3.2513,7.166,0,0.64992,0.0056123,0.00556847
2746,door_2,2150,0,0.0545729,0.054573,0,0.016256,0,0,0,6.19596,0.0678518,0.68133,0.882621,2,-4.74848,9.23925,-0.014924,0.0285111,0.00519586,0.00641141
2746,door_1,1817,0,0.106994,0.106994,0,0.00763028,0,0,0,4.10191,0.0434045,0.570703,0.7,2.10824,-3.2513,7.166,0,0.649938,0.0056123,0.00556847
2747,door_2,2150,0,0.0545729,0.054573,0,0.016256,0,0,0,6.19596,0.0678518,0.68133,0.882621,2,-4.74848,9.23925,-0.014924,0.0285111,0.00519586,0.00641141
2747,door_1,1817,0,0.106994,0.106994,0,0.00763028,0,0,0,4.10191,0.0434045,0.570703,0.7,2.10824,-3.2513,7.166,0,0.649956,0.0056123,0.00556847
2748,door_2,2150,0,0.0545729,0.054573,0,0.016256,0,0,0,6.19596,0.0678518,0.68133,0.882621,2,-4.74848,9.23925,-0.014924,0.0285111,0.00519586,0.00641141
2748,door_1,1817,0,0.106994,0.106994,0,0.00763028,0,0,0,4.10191,0.0434045,0.570703,0.7,2.10824,-3.2513,7.166,0,0.649974,0.0056123,0.00556847
2749,door_2,2150,0,0.0545729,0.054573,0,0.016256,0,0,0,6.19596,0.0678518,0.681331,0.882621,2,-4.74848,9.23925,-0.014924,0.0285111,0.00519586,0.00641141
2749,door_1,1817,0,0.106994,0.106994,0,0.00763028,0,0,0,4.10191,0.0434045,0.570703,0.7,2.10824,-3.2513,7.166,0,0.649992,0.0056123,0.00556847
2750,door_2,2150,0,0.0545729,0.054573,0,0.016256,0,0,0,6.19596,0.0678518,0.681331,0.882621,2,-4.74848,9.23925,-0.014924,0.0285111,0.00519586,0.00641141
2750,door_1,1817,0,0.106994,0.106994,0,0.00763028,0,0,0,4.10191,0.0434045,0.570703,0.7,2.10824,-3.2513,7.166,0,0.650011,0.0056123,0.00556847
2751,door_2,2150,0,0.0545729,0.054573,0,0.016256,0,0,0,6.19596,0.0678518,0.68133,0.882621,2,-4.74848,9.23925,-0.014924,0.0285111,0.00519586,0.00641141
2751,door_1,1817,0,0.106994,0.106994,0,0.00763028,0,0,0,4.10191,0.0434045,0.570703,0.7,2.10824,-3.2513,7.166,0,0.650029,0.0056123,0.00556847
2752,door_2,2150,0,0.0545729,0.054573,0,0.016256,0,0,0,6.19596,0.0678518,0.68133,0.882621,2,-4.74848,9.23925,-0.014924,0.0285111,0.00519586,0.00641141
2752,door_1,1817,0,0.106994,0.106994,0,0.00763028,0,0,0,4.10191,0.0434045,0.570703,0.7,2.10824,-3.2513,7.166,0,0.650047,0.0056123,0.00556847
2753,door_2,2150,0,0.0545729,0.054573,0,0.016256,0,0,0,6.19596,0.0678518,0.68133,0.882621,2,-4.74848,9.23925,-0.014924,0.0285111,0.00519586,0.00641141
2753,door_1,1817,0,0.106994,0.106994,0,0.00763028,0,0,0,4.10191,0.0434045,0.570703,0.7,2.10824,-3.2513,7.166,0,0.650065,0.0056123,0.00556847
2754,door_2,2150,0,0.0545729,0.054573,0,0.016256,0,0,0,6.19596,0.0678518,0.681331,0.882621,2,-4.74848,9.23925,-0.014924,0.0285111,0.00519586,0.00641141
2754,door_1,1817,0,0.106994,0.106994,0,0.00763028,0,0,0,4.10191,0.0434045,0.570703,0.7,2.10824,-3.2513,7.166,0,0.650083,0.0056123,0.00556847
2755,door_2,2150,0,0.0545729,0.054573,0,0.016256,0,0,0,6.19596,0.0678518,0.68133,0.882621,2,-4.74848,9.23925,-0.014924,0.0285111,0.00519586,0.00641141
2755,door_1,1817,0,0.106994,0.106994,0,0.00763028,0,0,0,4.10191,0.0434045,0.570703,0.7,2.10824,-3.2513,7.166,0,0.650102,0.0056123,0.00556847
2756,door_2,2150,0,0.0545729,0.054573,0,0.016256,0,0,0,6.19596,0.0678518,0.68133,0.882621,2,-4.74848,9.23925,-0.014924,0.0285111,0.00519586,0.00641141
2756,door_1,1817,0,0.106994,0.106994,0,0.00763028,0,0,0,4.10191,0.0434045,0.570703,0.7,2.10824,-3.2513,7.166,0,0.65012,0.0056123,0.00556847
2757,door_2,2150,0,0.0545729,0.054573,0,0.016256,0,0,0,6.19596,0.0678518,0.68133,0.882621,2,-4.74848,9.23925,-0.014924,0.0285111,0.00519586,0.00641141
2757,door_1,1817,0,0.106994,0.106994,0,0.00763028,0,0,0,4.10191,0.0434045,0.570703,0.7,2.10824,-3.2513,7.166,0,0.650138,0.0056123,0.00556847
2758,door_2,2150,0,0.0545729,0.054573,0,0.016256,0,0,0,6.19596,0.0678518,0.68133,0.882621,2,-4.74848,9.23925,-0.014924,0.0285111,0.00519586,0.00641141
2758,door_1,1817,0,0.106994,0.106994,0,0.00763028,0,0,0,4.10191,0.0434045,0.570703,0.7,2.10824,-3.2513,7.166,0,0.650156,0.0056123,0.00556847
2759,door_2,2150,0,0.0545729,0.054573,0,0.016256,0,0,0,6.19596,0.0678518,0.681331,0.882621,2,-4.74848,9.23925,-0.014924,0.0285111,0.00519586,0.00641141
2759,door_1,1817,0,0.106994,0.106994,0,0.00763028,0,0,0,4.10191,0.0434045,0.570703,0.7,2.10824,-3.2513,7.166,0,0.650174,0.0056123,0.00556847
2760,door_2,2150,0,0.0545729,0.054573,0,0.016256,0,0,0,6.19596,0.0678518,0.681331,0.882621,2,-4.74848,9.23925,-0.014924,0.0285111,0.00519586,0.00641141
2760,door_1,1817,0,0.106994,0.106994,0,0.00763028,0,0,0,4.10191,0.0434045,0.570703,0.7,2.10824,-3.2513,7.166,0,0.650193,0.0056123,0.00556847
2761,door_2,2150,0,0.0545729,0.054573,0,0.016256,0,0,0,6.19596,0.0678518,0.68133,0.882621,2,-4.74848,9.23925,-0.014924,0.0285111,0.00519586,0.00641141
2761,door_1,1817,0,0.106994,0.106994,0,0.00763028,0,0,0,4.10191,0.0434045,0.570703,0.7,2.10824,-3.2513,7.166,0,0.650211,0.0056123,0.00556847
2762,door_2,2150,0,0.0545729,0.054573,0,0.016256,0,0,0,6.19596,0.0678518,0.68133,0.882621,2,-4.74848,9.23925,-0.014924,0.0285111,0.00519586,0.00641141
2762,door_1,1817,0,0.106994,0.106994,0,0.00763028,0,0,0,4.10191,0.0434045,0.570703,0.7,2.10824,-3.2513,7.166,0,0.650229,0.0056123,0.00556847
2763,door_2,2150,0,0.0545729,0.054573,0,0.016256,0,0,0,6.19596,0.0678518,0.68133,0.882621,2,-4.74848,9.23925,-0.014924,0.0285111,0.00519586,0.00641141
2763,door_1,1817,0,0.106994,0.106994,0,0.00763028,0,0,0,4.10191,0.0434045,0.570703,0.7,2.10824,-3.2513,7.166,0,0.650247,0.0056123,0.00556847
2764,door_2,2150,0,0.0545729,0.054573,0,0.016256,0,0,0,6.19596,0.0678518,0.681331,0.882621,2,-4.74848,9.23925,-0.014924,0.0285111,0.00519586,0.00641141
2764,door_1,1817,0,0.106994,0.106994,0,0.00763028,0,0,0,4.10191,0.0434045,0.570703,0.7,2.10824,-3.2513,7.166,0,0.650265,0.0056123,0.00556847
2765,door_2,2150,0,0.0545729,0.054573,0,0.016256,0,0,0,6.19596,0.0678518,0.68133,0.882621,2,-4.74848,9.23925,-0.014924,0.0285111,0.00519586,0.00641141
2765,door_1,1817,0,0.106994,0.106994,0,0.00763028,0,0,0,4.10191,0.0434045,0.570703,0.7,2.10824,-3.2513,7.166,0,0.650283,0.0056123,0.00556847
2766,door_2,2150,0,0.0545729,0.054573,0,0.016256,0,0,0,6.19596,0.0678518,0.68133,0.882621,2,-4.74848,9.23925,-0.014924,0.0285111,0.00519586,0.00641141
2766,door_1,1817,0,0.106994,0.106994,0,0.00763028,0,0,0,4.10191,0.0434045,0.570703,0.7,2.10824,-3.2513,7.166,0,0.650302,0.0056123,0.00556847
2767,door_2,2150,0,0.0545729,0.054573,0,0.016256,0,0,0,6.19596,0.0678518,0.68133,0.882621,2,-4.74848,9.23925,-0.014924,0.0285111,0.00519586,0.00641141
2767,door_1,1817,0,0.106994,0.106994,0,0.00763028,0,0,0,4.10191,0.0434045,0.570703,0.7,2.10824,-3.2513,7.166,0,0.65032,0.0056123,0.00556847
2769,door_2,2150,0,0.0545729,0.054573,0,0.016256,0,0,0,6.19596,0.0678518,0.68133,0.882621,2,-4.74848,9.23925,-0.014924,0.0285111,0.00519586,0.00641141
2769,door_1,1817,0,0.106994,0.106994,0,0.00763028,0,0,0,4.10191,0.0434045,0.570703,0.7,2.10824,-3.2513,7.166,0,0.650338,0.0056123,0.00556847
2770,door_2,2150,0,0.0545729,0.054573,0,0.016256,0,0,0,6.19596,0.0678518,0.681331,0.882621,2,-4.74848,9.23925,-0.014924,0.0285111,0.00519586,0.00641141
2770,door_1,1817,0,0.106994,0.106994,0,0.00763028,0,0,0,4.10191,0.0434045,0.570703,0.7,2.10824,-3.2513,7.166,0,0.650356,0.0056123,0.00556847
2771,door_2,2150,0,0.0545729,0.054573,0,0.016256,0,0,0,6.19596,0.0678518,0.681331,0.882621,2,-4.74848,9.23925,-0.014924,0.0285111,0.00519586,0.00641141
2771,door_1,1817,0,0.106994,0.106994,0,0.00763028,0,0,0,4.10191,0.0434045,0.570703,0.7,2.10824,-3.2513,7.166,0,0.650374,0.0056123,0.00556847
2772,door_2,2150,0,0.0545729,0.054573,0,0.016256,0,0,0,6.19596,0.0678518,0.68133,0.882621,2,-4.74848,9.23925,-0.014924,0.0285111,0.00519586,0.00641141
2772,door_1,1817,0,0.106994,0.106994,0,0.00763028,0,0,0,4.10191,0.0434045,0.570703,0.7,2.10824,-3.2513,7.166,0,0.650392,0.0056123,0.00556847
2774,door_2,2150,0,0.0545729,0.054573,0,0.016256,0,0,0,6.19596,0.0678518,0.68133,0.882621,2,-4.74848,9.23925,-0.014924,0.0285111,0.00519586,0.00641141
2774,door_1,1817,0,0.106994,0.106994,0,0.00763028,0,0,0,4.10191,0.0434045,0.570703,0.7,2.10824,-3.2513,7.166,0,0.65041,0.0056123,0.00556847
2775,door_2,2150,0,0.0545729,0.054573,0,0.016256,0,0,0,6.19596,0.0678518,0.68133,0.882621,2,-4.74848,9.23925,-0.014924,0.0285111,0.00519586,0.00641141
2775,door_1,1817,0,0.106994,0.106994,0,0.00763028,0,0,0,4.10191,0.0434045,0.570703,0.7,2.10824,-3.2513,7.166,0,0.650429,0.0056123,0.00556847
2776,door_2,2150,0,0.0545729,0.054573,0,0.016256,0,0,0,6.19596,0.0678518,0.681331,0.882621,2,-4.74848,9.23925,-0.014924,0.0285111,0.00519586,0.00641141
2776,door_1,1817,0,0.106994,0.106994,0,0.00763028,0,0,0,4.10191,0.0434045,0.570703,0.7,2.10824,-3.2513,7.166,0,0.650447,0.0056123,0.00556847
2777,door_2,2150,0,0.0545729,0.054573,0,0.016256,0,0,0,6.19596,0.0678518,0.68133,0.882621,2,-4.74848,9.23925,-0.014924,0.0285111,0.00519586,0.00641141
2777,door_1,1817,0,0.106994,0.106994,0,0.00763028,0,0,0,4.10191,0.0434045,0.570703,0.7,2.10824,-3.2513,7.166,0,0.650465,0.0056123,0.00556847
2778,door_2,2150,0,0.0545729,0.054573,0,0.016256,0,0,0,6.19596,0.0678518,0.68133,0.882621,2,-4.74848,9.23925,-0.014924,0.0285111,0.00519586,0.00641141
2778,door_1,1817,0,0.106994,0.106994,0,0.00763028,0,0,0,4.10191,0.0434045,0.570703,0.7,2.10824,-3.2513,7.166,0,0.650483,0.0056123,0.00556847
2779,door_2,2150,0,0.0545729,0.054573,0,0.016256,0,0,0,6.19596,0.0678518,0.68133,0.882621,2,-4.74848,9.23925,-0.014924,0.0285111,0.00519586,0.00641141
2779,door_1,1817,0,0.106994,0.106994,0,0.00763028,0,0,0,4.10191,0.0434045,0.570703,0.7,2.10824,-3.2513,7.166,0,0.650501,0.0056123,0.00556847
2780,door_2,2150,0,0.0545729,0.054573,0,0.016256,0,0,0,6.19596,0.0678518,0.68133,0.882621,2,-4.74848,9.23925,-0.014924,0.0285111,0.00519586,0.00641141
2780,door_1,1817,0,0.106994,0.106994,0,0.00763028,0,0,0,4.10191,0.0434045,0.570703,0.7,2.10824,-3.2513,7.166,0,0.65052,0.0056123,0.00556847
2781,door_2,2150,0,0.0545729,0.054573,0,0.016256,0,0,0,6.19596,0.0678518,0.681331,0.882621,2,-4.74848,9.23925,-0.014924,0.0285111,0.00519586,0.00641141
2781,door_1,1817,0,0.106994,0.106994,0,0.00763028,0,0,0,4.10191,0.0434045,0.570703,0.7,2.10824,-3.2513,7.166,0,0.650538,0.0056123,0.00556847
2782,door_2,2150,0,0.0545729,0.054573,0,0.016256,0,0,0,6.19596,0.0678518,0.681331,0.882621,2,-4.74848,9.23925,-0.014924,0.0285111,0.00519586,0.00641141
2782,door_1,1817,0,0.106994,0.106994,0,0.00763028,0,0,0,4.10191,0.0434045,0.570703,0.7,2.10824,-3.2513,7.166,0,0.650556,0.0056123,0.00556847
2783,door_2,2150,0,0.0545729,0.054573,0,0.016256,0,0,0,6.19596,0.0678518,0.68133,0.882621,2,-4.74848,9.23925,-0.014924,0.0285111,0.00519586,0.00641141
2783,door_1,1817,0,0.106994,0.106994,0,0.00763028,0,0,0,4.10191,0.0434045,0.570703,0.7,2.10824,-3.2513,7.166,0,0.650574,0.0056123,0.00556847
2784,door_2,2150,0,0.0545729,0.054573,0,0.016256,0,0,0,6.19596,0.0678518,0.68133,0.882621,2,-4.74848,9.23925,-0.014924,0.0285111,0.00519586,0.00641141
2784,door_1,1817,0,0.106994,0.106994,0,0.00763028,0,0,0,4.10191,0.0434045,0.570703,0.7,2.10824,-3.2513,7.166,0,0.650592,0.0056123,0.00556847
2785,door_2,2150,0,0.0545729,0.054573,0,0.016256,0,0,0,6.19596,0.0678518,0.68133,0.882621,2,-4.74848,9.23925,-0.014924,0.0285111,0.00519586,0.00641141
2785,door_1,1817,0,0.106994,0.106994,0,0.00763028,0,0,0,4.10191,0.0434045,0.570703,0.7,2.10824,-3.2513,7.166,0,0.65061,0.0056123,0.00556847
2786,door_2,2150,0,0.0545729,0.054573,0,0.016256,0,0,0,6.19596,0.0678518,0.681331,0.882621,2,-4.74848,9.23925,-0.014924,0.0285111,0.00519586,0.00641141
2786,door_1,1817,0,0.106994,0.106994,0,0.00763028,0,0,0,4.10191,0.0434045,0.570703,0.7,2.10824,-3.2513,7.166,0,0.650629,0.0056123,0.00556847
2787,door_2,2150,0,0.0545729,0.054573,0,0.016256,0,0,0,6.19596,0.0678518,0.68133,0.882621,2,-4.74848,9.23925,-0.014924,0.0285111,0.00519586,0.00641141
2787,door_1,1817,0,0.106994,0.106994,0,0.00763028,0,0,0,4.10191,0.0434045,0.570703,0.7,2.10824,-3.2513,7.166,0,0.650647,0.0056123,0.00556847
2788,door_2,2150,0,0.0545729,0.054573,0,0.016256,0,0,0,6.19596,0.0678518,0.68133,0.882621,2,-4.74848,9.23925,-0.014924,0.0285111,0.00519586,0.00641141
2788,door_1,1817,0,0.106994,0.106994,0,0.00763028,0,0,0,4.10191,0.0434045,0.570703,0.7,2.10824,-3.2513,7.166,0,0.650665,0.0056123,0.00556847
2789,door_2,2150,0,0.0545729,0.054573,0,0.016256,0,0,0,6.19596,0.0678518,0.68133,0.882621,2,-4.74848,9.23925,-0.014924,0.0285111,0.00519586,0.00641141
2789,door_1,1817,0,0.106994,0.106994,0,0.00763028,0,0,0,4.10191,0.0434045,0.570703,0.7,2.10824,-3.2513,7.166,0,0.650683,0.0056123,0.00556847
2790,door_2,2150,0,0.0545729,0.054573,0,0.016256,0,0,0,6.19596,0.0678518,0.68133,0.882621,2,-4.74848,9.23925,-0.014924,0.0285111,0.00519586,0.00641141
2790,door_1,1817,0,0.106994,0.106994,0,0.00763028,0,0,0,4.10191,0.0434045,0.570703,0.7,2.10824,-3.2513,7.166,0,0.650701,0.0056123,0.00556847
2791,door_2,2150,0,0.0545729,0.054573,0,0.016256,0,0,0,6.19596,0.0678518,0.681331,0.882621,2,-4.74848,9.23925,-0.014924,0.0285111,0.00519586,0.00641141
2791,door_1,1817,0,0.106994,0.106994,0,0.00763028,0,0,0,4.10191,0.0434045,0.570703,0.7,2.10824,-3.2513,7.166,0,0.650719,0.0056123,0.00556847
2792,door_2,2150,0,0.0545729,0.054573,0,0.016256,0,0,0,6.19596,0.0678518,0.681331,0.882621,2,-4.74848,9.23925,-0.014924,0.0285111,0.00519586,0.00641141
2792,door_1,1817,0,0.106994,0.106994,0,0.00763028,0,0,0,4.10191,0.0434045,0.570703,0.7,2.10824,-3.2513,7.166,0,0.650737,0.0056123,0.00556847
2793,door_2,2150,0,0.0545729,0.054573,0,0.016256,0,0,0,6.19596,0.0678518,0.68133,0.882621,2,-4.74848,9.23925,-0.014924,0.0285111,0.00519586,0.00641141
2793,door_1,1817,0,0.106994,0.106994,0,0.00763028,0,0,0,4.10191,0.0434045,0.570703,0.7,2.10824,-3.2513,7.166,0,0.650756,0.0056123,0.00556847
2794,door_2,2150,0,0.0545729,0.054573,0,0.016256,0,0,0,6.19596,0.0678518,0.68133,0.882621,2,-4.74848,9.23925,-0.014924,0.0285111,0.00519586,0.00641141
2794,door_1,1817,0,0.106994,0.106994,0,0.00763028,0,0,0,4.10191,0.0434045,0.570703,0.7,2.10824,-3.2513,7.166,0,0.650774,0.0056123,0.00556847
2795,door_2,2150,0,0.0545729,0.054573,0,0.016256,0,0,0,6.19596,0.0678518,0.68133,0.882621,2,-4.74848,9.23925,-0.014924,0.0285111,0.00519586,0.00641141
2795,door_1,1817,0,0.106994,0.106994,0,0.00763028,0,0,0,4.10191,0.0434045,0.570703,0.7,2.10824,-3.2513,7.166,0,0.650792,0.0056123,0.00556847
2796,door_2,2150,0,0.0545729,0.054573,0,0.016256,0,0,0,6.19596,0.0678518,0.681331,0.882621,2,-4.74848,9.23925,-0.014924,0.0285111,0.00519586,0.00641141
2796,door_1,1817,0,0.106994,0.106994,0,0.00763028,0,0,0,4.10191,0.0434045,0.570703,0.7,2.10824,-3.2513,7.166,0,0.65081,0.0056123,0.00556847
2797,door_2,2150,0,0.0545729,0.054573,0,0.016256,0,0,0,6.19596,0.0678518,0.68133,0.882621,2,-4.74848,9.23925,-0.014924,0.0285111,0.00519586,0.00641141
2797,door_1,1817,0,0.106994,0.106994,0,0.00763028,0,0,0,4.10191,0.0434045,0.570703,0.7,2.10824,-3.2513,7.166,0,0.650828,0.0056123,0.00556847
2799,door_2,2150,0,0.0545729,0.054573,0,0.016256,0,0,0,6.19596,0.0678518,0.68133,0.882621,2,-4.74848,9.23925,-0.014924,0.0285111,0.00519586,0.00641141
2799,door_1,1817,0,0.106994,0.106994,0,0.00763028,0,0,0,4.10191,0.0434045,0.570703,0.7,2.10824,-3.2513,7.166,0,0.650846,0.0056123,0.00556847
2800,door_2,2150,0,0.0545729,0.054573,0,0.016256,0,0,0,6.19596,0.0678518,0.68133,0.882621,2,-4.74848,9.23925,-0.014924,0.0285111,0.00519586,0.00641141
2800,door_1,1817,0,0.106994,0.106994,0,0.00763028,0,0,0,4.10191,0.0434045,0.570703,0.7,2.10824,-3.2513,7.166,0,0.650864,0.0056123,0.00556847
2801,door_2,2150,0,0.0545729,0.054573,0,0.016256,0,0,0,6.19596,0.0678518,0.68133,0.882621,2,-4.74848,9.23925,-0.014924,0.0285111,0.00519586,0.00641141
2801,door_1,1817,0,0.106994,0.106994,0,0.00763028,0,0,0,4.10191,0.0434045,0.570703,0.7,2.10824,-3.2513,7.166,0,0.650883,0.0056123,0.00556847
2803,door_2,2150,0,0.0545729,0.054573,0,0.016256,0,0,0,6.19596,0.0678518,0.681331,0.882621,2,-4.74848,9.23925,-0.014924,0.0285111,0.00519586,0.00641141
2803,door_1,1817,0,0.106994,0.106994,0,0.00763028,0,0,0,4.10191,0.0434045,0.570703,0.7,2.10824,-3.2513,7.166,0,0.650901,0.0056123,0.00556847
2804,door_2,2150,0,0.0545729,0.054573,0,0.016256,0,0,0,6.19596,0.0678518,0.681331,0.882621,2,-4.74848,9.23925,-0.014924,0.0285111,0.00519586,0.00641141
2804,door_1,1817,0,0.106994,0.106994,0,0.00763028,0,0,0,4.10191,0.0434045,0.570703,0.7,2.10824,-3.2513,7.166,0,0.650919,0.0056123,0.00556847
2805,door_2,2150,0,0.0545729,0.054573,0,0.016256,0,0,0,6.19596,0.0678518,0.68133,0.882621,2,-4.74848,9.23925,-0.014924,0.0285111,0.00519586,0.00641141
2805,door_1,1817,0,0.106994,0.106994,0,0.00763028,0,0,0,4.10191,0.0434045,0.570703,0.7,2.10824,-3.2513,7.166,0,0.650937,0.0056123,0.00556847
2806,door_2,2150,0,0.0545729,0.054573,0,0.016256,0,0,0,6.19596,0.0678518,0.68133,0.882621,2,-4.74848,9.23925,-0.014924,0.0285111,0.00519586,0.00641141
2806,door_1,1817,0,0.106994,0.106994,0,0.00763028,0,0,0,4.10191,0.0434045,0.570703,0.7,2.10824,-3.2513,7.166,0,0.650955,0.0056123,0.00556847
2807,door_2,2150,0,0.0545729,0.054573,0,0.016256,0,0,0,6.19596,0.0678518,0.68133,0.882621,2,-4.74848,9.23925,-0.014924,0.0285111,0.00519586,0.00641141
2807,door_1,1817,0,0.106994,0.106994,0,0.00763028,0,0,0,4.10191,0.0434045,0.570703,0.7,2.10824,-3.2513,7.166,0,0.650973,0.0056123,0.00556847
2808,door_2,2150,0,0.0545729,0.054573,0,0.016256,0,0,0,6.19596,0.0678518,0.681331,0.882621,2,-4.74848,9.23925,-0.014924,0.0285111,0.00519586,0.00641141
2808,door_1,1817,0,0.106994,0.106994,0,0.00763028,0,0,0,4.10191,0.0434045,0.570703,0.7,2.10824,-3.2513,7.166,0,0.650991,0.0056123,0.00556847
2809,door_2,2150,0,0.0545729,0.054573,0,0.016256,0,0,0,6.19596,0.0678518,0.68133,0.882621,2,-4.74848,9.23925,-0.014924,0.0285111,0.00519586,0.00641141
2809,door_1,1817,0,0.106994,0.106994,0,0.00763028,0,0,0,4.10191,0.0434045,0.570703,0.7,2.10824,-3.2513,7.166,0,0.65101,0.0056123,0.00556847
2810,door_2,2150,0,0.0545729,0.054573,0,0.016256,0,0,0,6.19596,0.0678518,0.68133,0.882621,2,-4.74848,9.23925,-0.014924,0.0285111,0.00519586,0.00641141
2810,door_1,1817,0,0.106994,0.106994,0,0.00763028,0,0,0,4.10191,0.0434045,0.570703,0.7,2.10824,-3.2513,7.166,0,0.651028,0.0056123,0.00556847
2811,door_2,2150,0,0.0545729,0.054573,0,0.016256,0,0,0,6.19596,0.0678518,0.68133,0.882621,2,-4.74848,9.23925,-0.014924,0.0285111,0.00519586,0.00641141
2811,door_1,1817,0,0.106994,0.106994,0,0.00763028,0,0,0,4.10191,0.0434045,0.570703,0.7,2.10824,-3.2513,7.166,0,0.651046,0.0056123,0.00556847
2812,door_2,2150,0,0.0545729,0.054573,0,0.016256,0,0,0,6.19596,0.0678518,0.68133,0.882621,2,-4.74848,9.23925,-0.014924,0.0285111,0.00519586,0.00641141
2812,door_1,1817,0,0.106994,0.106994,0,0.00763028,0,0,0,4.10191,0.0434045,0.570703,0.7,2.10824,-3.2513,7.166,0,0.651064,0.0056123,0.00556847
2813,door_2,2150,0,0.0545729,0.054573,0,0.016256,0,0,0,6.19596,0.0678518,0.681331,0.882621,2,-4.74848,9.23925,-0.014924,0.0285111,0.00519586,0.00641141
2813,door_1,1817,0,0.106994,0.106994,0,0.00763028,0,0,0,4.10191,0.0434045,0.570703,0.7,2.10824,-3.2513,7.166,0,0.651082,0.0056123,0.00556847
2815,door_2,2150,0,0.0545729,0.054573,0,0.016256,0,0,0,6.19596,0.0678518,0.681331,0.882621,2,-4.74848,9.23925,-0.014924,0.0285111,0.00519586,0.00641141
2815,door_1,1817,0,0.106994,0.106994,0,0.00763028,0,0,0,4.10191,0.0434045,0.570703,0.7,2.10824,-3.2513,7.166,0,0.6511,0.0056123,0.00556847
2816,door_2,2150,0,0.0545729,0.054573,0,0.016256,0,0,0,6.19596,0.0678518,0.68133,0.882621,2,-4.74848,9.23925,-0.014924,0.0285111,0.00519586,0.00641141
2816,door_1,1817,0,0.106994,0.106994,0,0.00763028,0,0,0,4.10191,0.0434045,0.570703,0.7,2.10824,-3.2513,7.166,0,0.651119,0.0056123,0.00556847
2817,door_2,2150,0,0.0545729,0.054573,0,0.016256,0,0,0,6.19596,0.0678518,0.68133,0.882621,2,-4.74848,9.23925,-0.014924,0.0285111,0.00519586,0.00641141
2817,door_1,1817,0,0.106994,0.106994,0,0.00763028,0,0,0,4.10191,0.0434045,0.570703,0.7,2.10824,-3.2513,7.166,0,0.651137,0.0056123,0.00556847
2818,door_2,2150,0,0.0545729,0.054573,0,0.016256,0,0,0,6.19596,0.0678518,0.68133,0.882621,2,-4.74848,9.23925,-0.014924,0.0285111,0.00519586,0.00641141
2818,door_1,1817,0,0.106994,0.106994,0,0.00763028,0,0,0,4.10191,0.0434045,0.570703,0.7,2.10824,-3.2513,7.166,0,0.651155,0.0056123,0.00556847
2819,door_2,2150,0,0.0545729,0.054573,0,0.016256,0,0,0,6.19596,0.0678518,0.681331,0.882621,2,-4.74848,9.23925,-0.014924,0.0285111,0.00519586,0.00641141
2819,door_1,1817,0,0.106994,0.106994,0,0.00763028,0,0,0,4.10191,0.0434045,0.570703,0.7,2.10824,-3.2513,7.166,0,0.651173,0.0056123,0.00556847
2820,door_2,2150,0,0.0545729,0.054573,0,0.016256,0,0,0,6.19596,0.0678518,0.68133,0.882621,2,-4.74848,9.23925,-0.014924,0.0285111,0.00519586,0.00641141
2820,door_1,1817,0,0.106994,0.106994,0,0.00763028,0,0,0,4.10191,0.0434045,0.570703,0.7,2.10824,-3.2513,7.166,0,0.651191,0.0056123,0.00556847
2821,door_2,2150,0,0.0545729,0.054573,0,0.016256,0,0,0,6.19596,0.0678518,0.68133,0.882621,2,-4.74848,9.23925,-0.014924,0.0285111,0.00519586,0.00641141
2821,door_1,1817,0,0.106994,0.106994,0,0.00763028,0,0,0,4.10191,0.0434045,0.570703,0.7,2.10824,-3.2513,7.166,0,0.651209,0.0056123,0.00556847
2822,door_2,2150,0,0.0545729,0.054573,0,0.016256,0,0,0,6.19596,0.0678518,0.68133,0.882621,2,-4.74848,9.23925,-0.014924,0.0285111,0.00519586,0.00641141
2822,door_1,1817,0,0.106994,0.106994,0,0.00763028,0,0,0,4.10191,0.0434045,0.570703,0.7,2.10824,-3.2513,7.166,0,0.651227,0.0056123,0.00556847
2823,door_2,2150,0,0.0545729,0.054573,0,0.016256,0,0,0,6.19596,0.0678518,0.68133,0.882621,2,-4.74848,9.23925,-0.014924,0.0285111,0.00519586,0.00641141
2823,door_1,1817,0,0.106994,0.106994,0,0.00763028,0,0,0,4.10191,0.0434045,0.570703,0.7,2.10824,-3.2513,7.166,0,0.651246,0.0056123,0.00556847
2824,door_2,2150,0,0.0545729,0.054573,0,0.016256,0,0,0,6.19596,0.0678518,0.681331,0.882621,2,-4.74848,9.23925,-0.014924,0.0285111,0.00519586,0.00641141
2824,door_1,1817,0,0.106994,0.106994,0,0.00763028,0,0,0,4.10191,0.0434045,0.570703,0.7,2.10824,-3.2513,7.166,0,0.651264,0.0056123,0.00556847
2825,door_2,2150,0,0.0545729,0.054573,0,0.016256,0,0,0,6.19596,0.0678518,0.681331,0.882621,2,-4.74848,9.23925,-0.014924,0.0285111,0.00519586,0.00641141
2825,door_1,1817,0,0.106994,0.106994,0,0.00763028,0,0,0,4.10191,0.0434045,0.570703,0.7,2.10824,-3.2513,7.166,0,0.651282,0.0056123,0.00556847
2826,door_2,2150,0,0.0545729,0.054573,0,0.016256,0,0,0,6.19596,0.0678518,0.68133,0.882621,2,-4.74848,9.23925,-0.014924,0.0285111,0.00519586,0.00641141
2826,door_1,1817,0,0.106994,0.106994,0,0.00763028,0,0,0,4.10191,0.0434045,0.570703,0.7,2.10824,-3.2513,7.166,0,0.6513,0.0056123,0.00556847
2827,door_2,2150,0,0.0545729,0.054573,0,0.016256,0,0,0,6.19596,0.0678518,0.68133,0.882621,2,-4.74848,9.23925,-0.014924,0.0285111,0.00519586,0.00641141
2827,door_1,1817,0,0.106994,0.106994,0,0.00763028,0,0,0,4.10191,0.0434045,0.570703,0.7,2.10824,-3.2513,7.166,0,0.651318,0.0056123,0.00556847
2828,door_2,2150,0,0.0545729,0.054573,0,0.016256,0,0,0,6.19596,0.0678518,0.68133,0.882621,2,-4.74848,9.23925,-0.014924,0.0285111,0.00519586,0.00641141
2828,door_1,1817,0,0.106994,0.106994,0,0.00763028,0,0,0,4.10191,0.0434045,0.570703,0.7,2.10824,-3.2513,7.166,0,0.651336,0.0056123,0.00556847
2829,door_2,2150,0,0.0545729,0.054573,0,0.016256,0,0,0,6.19596,0.0678518,0.681331,0.882621,2,-4.74848,9.23925,-0.014924,0.0285111,0.00519586,0.00641141
2829,door_1,1817,0,0.106994,0.106994,0,0.00763028,0,0,0,4.10191,0.0434045,0.570703,0.7,2.10824,-3.2513,7.166,0,0.651354,0.0056123,0.00556847
2830,door_2,2150,0,0.0545729,0.054573,0,0.016256,0,0,0,6.19596,0.0678518,0.68133,0.882621,2,-4.74848,9.23925,-0.014924,0.0285111,0.00519586,0.00641141
2830,door_1,1817,0,0.106994,0.106994,0,0.00763028,0,0,0,4.10191,0.0434045,0.570703,0.7,2.10824,-3.2513,7.166,0,0.651373,0.0056123,0.00556847
2831,door_2,2150,0,0.0545729,0.054573,0,0.016256,0,0,0,6.19596,0.0678518,0.68133,0.882621,2,-4.74848,9.23925,-0.014924,0.0285111,0.00519586,0.00641141
2831,door_1,1817,0,0.106994,0.106994,0,0.00763028,0,0,0,4.10191,0.0434045,0.570703,0.7,2.10824,-3.2513,7.166,0,0.651391,0.0056123,0.00556847
2832,door_2,2150,0,0.0545729,0.054573,0,0.016256,0,0,0,6.19596,0.0678518,0.68133,0.882621,2,-4.74848,9.23925,-0.014924,0.0285111,0.00519586,0.00641141
2832,door_1,1817,0,0.106994,0.106994,0,0.00763028,0,0,0,4.10191,0.0434045,0.570703,0.7,2.10824,-3.2513,7.166,0,0.651409,0.0056123,0.00556847
2833,door_2,2150,0,0.0545729,0.054573,0,0.016256,0,0,0,6.19596,0.0678518,0.68133,0.882621,2,-4.74848,9.23925,-0.014924,0.0285111,0.00519586,0.00641141
2833,door_1,1817,0,0.106994,0.106994,0,0.00763028,0,0,0,4.10191,0.0434045,0.570703,0.7,2.10824,-3.2513,7.166,0,0.651427,0.0056123,0.00556847
2834,door_2,2150,0,0.0545729,0.054573,0,0.016256,0,0,0,6.19596,0.0678518,0.681331,0.882621,2,-4.74848,9.23925,-0.014924,0.0285111,0.00519586,0.00641141
2834,door_1,1817,0,0.106994,0.106994,0,0.00763028,0,0,0,4.10191,0.0434045,0.570703,0.7,2.10824,-3.2513,7.166,0,0.651445,0.0056123,0.00556847
2835,door_2,2150,0,0.0545729,0.054573,0,0.016256,0,0,0,6.19596,0.0678518,0.681331,0.882621,2,-4.74848,9.23925,-0.014924,0.0285111,0.00519586,0.00641141
2835,door_1,1817,0,0.106994,0.106994,0,0.00763028,0,0,0,4.10191,0.0434045,0.570703,0.7,2.10824,-3.2513,7.166,0,0.651463,0.0056123,0.00556847
2836,door_2,2150,0,0.0545729,0.054573,0,0.016256,0,0,0,6.19596,0.0678518,0.68133,0.882621,2,-4.74848,9.23925,-0.014924,0.0285111,0.00519586,0.00641141
2836,door_1,1817,0,0.106994,0.106994,0,0.00763028,0,0,0,4.10191,0.0434045,0.570703,0.7,2.10824,-3.2513,7.166,0,0.651481,0.0056123,0.00556847
2837,door_2,2150,0,0.0545729,0.054573,0,0.016256,0,0,0,6.19596,0.0678518,0.68133,0.882621,2,-4.74848,9.23925,-0.014924,0.0285111,0.00519586,0.00641141
2837,door_1,1817,0,0.106994,0.106994,0,0.00763028,0,0,0,4.10191,0.0434045,0.570703,0.7,2.10824,-3.2513,7.166,0,0.6515,0.0056123,0.00556847
2838,door_2,2150,0,0.0545729,0.054573,0,0.016256,0,0,0,6.19596,0.0678518,0.68133,0.882621,2,-4.74848,9.23925,-0.014924,0.0285111,0.00519586,0.00641141
2838,door_1,1817,0,0.106994,0.106994,0,0.00763028,0,0,0,4.10191,0.0434045,0.570703,0.7,2.10824,-3.2513,7.166,0,0.651518,0.0056123,0.00556847
2839,door_2,2150,0,0.0545729,0.054573,0,0.016256,0,0,0,6.19596,0.0678518,0.681331,0.882621,2,-4.74848,9.23925,-0.014924,0.0285111,0.00519586,0.00641141
2839,door_1,1817,0,0.106994,0.106994,0,0.00763028,0,0,0,4.10191,0.0434045,0.570703,0.7,2.10824,-3.2513,7.166,0,0.651536,0.0056123,0.00556847
2840,door_2,2150,0,0.0545729,0.054573,0,0.016256,0,0,0,6.19596,0.0678518,0.68133,0.882621,2,-4.74848,9.23925,-0.014924,0.0285111,0.00519586,0.00641141
2840,door_1,1817,0,0.106994,0.106994,0,0.00763028,0,0,0,4.10191,0.0434045,0.570703,0.7,2.10824,-3.2513,7.166,0,0.651554,0.0056123,0.00556847
2841,door_2,2150,0,0.0545729,0.054573,0,0.016256,0,0,0,6.19596,0.0678518,0.68133,0.882621,2,-4.74848,9.23925,-0.014924,0.0285111,0.00519586,0.00641141
2841,door_1,1817,0,0.106994,0.106994,0,0.00763028,0,0,0,4.10191,0.0434045,0.570703,0.7,2.10824,-3.2513,7.166,0,0.651572,0.0056123,0.00556847
2842,door_2,2150,0,0.0545729,0.054573,0,0.016256,0,0,0,6.19596,0.0678518,0.68133,0.882621,2,-4.74848,9.23925,-0.014924,0.0285111,0.00519586,0.00641141
2842,door_1,1817,0,0.106994,0.106994,0,0.00763028,0,0,0,4.10191,0.0434045,0.570703,0.7,2.10824,-3.2513,7.166,0,0.65159,0.0056123,0.00556847
2843,door_2,2150,0,0.0545729,0.054573,0,0.016256,0,0,0,6.19596,0.0678518,0.68133,0.882621,2,-4.74848,9.23925,-0.014924,0.0285111,0.00519586,0.00641141
2843,door_1,1817,0,0.106994,0.106994,0,0.00763028,0,0,0,4.10191,0.0434045,0.570703,0.7,2.10824,-3.2513,7.166,0,0.651608,0.0056123,0.00556847
2844,door_2,2150,0,0.0545729,0.054573,0,0.016256,0,0,0,6.19596,0.0678518,0.681331,0.882621,2,-4.74848,9.23925,-0.014924,0.0285111,0.00519586,0.00641141
2844,door_1,1817,0,0.106994,0.106994,0,0.00763028,0,0,0,4.10191,0.0434045,0.570703,0.7,2.10824,-3.2513,7.166,0,0.651627,0.0056123,0.00556847
2845,door_2,2150,0,0.0545729,0.054573,0,0.016256,0,0,0,6.19596,0.0678518,0.681331,0.882621,2,-4.74848,9.23925,-0.014924,0.0285111,0.00519586,0.00641141
2845,door_1,1817,0,0.106994,0.106994,0,0.00763028,0,0,0,4.10191,0.0434045,0.570703,0.7,2.10824,-3.2513,7.166,0,0.651645,0.0056123,0.00556847
2846,door_2,2150,0,0.0545729,0.054573,0,0.016256,0,0,0,6.19596,0.0678518,0.68133,0.882621,2,-4.74848,9.23925,-0.014924,0.0285111,0.00519586,0.00641141
2846,door_1,1817,0,0.106994,0.106994,0,0.00763028,0,0,0,4.10191,0.0434045,0.570703,0.7,2.10824,-3.2513,7.166,0,0.651663,0.0056123,0.00556847
2847,door_2,2150,0,0.0545729,0.054573,0,0.016256,0,0,0,6.19596,0.0678518,0.68133,0.882621,2,-4.74848,9.23925,-0.014924,0.0285111,0.00519586,0.00641141
2847,door_1,1817,0,0.106994,0.106994,0,0.00763028,0,0,0,4.10191,0.0434045,0.570703,0.7,2.10824,-3.2513,7.166,0,0.651681,0.0056123,0.00556847
2848,door_2,2150,0,0.0545729,0.054573,0,0.016256,0,0,0,6.19596,0.0678518,0.68133,0.882621,2,-4.74848,9.23925,-0.014924,0.0285111,0.00519586,0.00641141
2848,door_1,1817,0,0.106994,0.106994,0,0.00763028,0,0,0,4.10191,0.0434045,0.570703,0.7,2.10824,-3.2513,7.166,0,0.651699,0.0056123,0.00556847
2849,door_2,2150,0,0.0545729,0.054573,0,0.016256,0,0,0,6.19596,0.0678518,0.681331,0.882621,2,-4.74848,9.23925,-0.014924,0.0285111,0.00519586,0.00641141
2849,door_1,1817,0,0.106994,0.106994,0,0.00763028,0,0,0,4.10191,0.0434045,0.570703,0.7,2.10824,-3.2513,7.166,0,0.651717,0.0056123,0.00556847
2850,door_2,2150,0,0.0545729,0.054573,0,0.016256,0,0,0,6.19596,0.0678518,0.68133,0.882621,2,-4.74848,9.23925,-0.014924,0.0285111,0.00519586,0.00641141
2850,door_1,1817,0,0.106994,0.106994,0,0.00763028,0,0,0,4.10191,0.0434045,0.570703,0.7,2.10824,-3.2513,7.166,0,0.651735,0.0056123,0.00556847
2851,door_2,2150,0,0.0545729,0.054573,0,0.016256,0,0,0,6.19596,0.0678518,0.68133,0.882621,2,-4.74848,9.23925,-0.014924,0.0285111,0.00519586,0.00641141
2851,door_1,1817,0,0.106994,0.106994,0,0.00763028,0,0,0,4.10191,0.0434045,0.570703,0.7,2.10824,-3.2513,7.166,0,0.651753,0.0056123,0.00556847
2852,door_2,2150,0,0.0545729,0.054573,0,0.016256,0,0,0,6.19596,0.0678518,0.68133,0.882621,2,-4.74848,9.23925,-0.014924,0.0285111,0.00519586,0.00641141
2852,door_1,1817,0,0.106994,0.106994,0,0.00763028,0,0,0,4.10191,0.0434045,0.570703,0.7,2.10824,-3.2513,7.166,0,0.651772,0.0056123,0.00556847
2853,door_2,2150,0,0.0545729,0.054573,0,0.016256,0,0,0,6.19596,0.0678518,0.68133,0.882621,2,-4.74848,9.23925,-0.014924,0.0285111,0.00519586,0.00641141
2853,door_1,1817,0,0.106994,0.106994,0,0.00763028,0,0,0,4.10191,0.0434045,0.570703,0.7,2.10824,-3.2513,7.166,0,0.65179,0.0056123,0.00556847
2854,door_2,2150,0,0.0545729,0.054573,0,0.016256,0,0,0,6.19596,0.0678518,0.681331,0.882621,2,-4.74848,9.23925,-0.014924,0.0285111,0.00519586,0.00641141
2854,door_1,1817,0,0.106994,0.106994,0,0.00763028,0,0,0,4.10191,0.0434045,0.570703,0.7,2.10824,-3.2513,7.166,0,0.651808,0.0056123,0.00556847
2855,door_2,2150,0,0.0545729,0.054573,0,0.016256,0,0,0,6.19596,0.0678518,0.681331,0.882621,2,-4.74848,9.23925,-0.014924,0.0285111,0.00519586,0.00641141
2855,door_1,1817,0,0.106994,0.106994,0,0.00763028,0,0,0,4.10191,0.0434045,0.570703,0.7,2.10824,-3.2513,7.166,0,0.651826,0.0056123,0.00556847
2857,door_2,2150,0,0.0545729,0.054573,0,0.016256,0,0,0,6.19596,0.0678518,0.68133,0.882621,2,-4.74848,9.23925,-0.014924,0.0285111,0.00519586,0.00641141
2857,door_1,1817,0,0.106994,0.106994,0,0.00763028,0,0,0,4.10191,0.0434045,0.570703,0.7,2.10824,-3.2513,7.166,0,0.651844,0.0056123,0.00556847
2858,door_2,2150,0,0.0545729,0.054573,0,0.016256,0,0,0,6.19596,0.0678518,0.68133,0.882621,2,-4.74848,9.23925,-0.014924,0.0285111,0.00519586,0.00641141
2858,door_1,1817,0,0.106994,0.106994,0,0.00763028,0,0,0,4.10191,0.0434045,0.570703,0.7,2.10824,-3.2513,7.166,0,0.651862,0.0056123,0.00556847
2859,door_2,2150,0,0.0545729,0.054573,0,0.016256,0,0,0,6.19596,0.0678518,0.68133,0.882621,2,-4.74848,9.23925,-0.014924,0.0285111,0.00519586,0.00641141
2859,door_1,1817,0,0.106994,0.106994,0,0.00763028,0,0,0,4.10191,0.0434045,0.570703,0.7,2.10824,-3.2513,7.166,0,0.65188,0.0056123,0.00556847
2860,door_2,2150,0,0.0545729,0.054573,0,0.016256,0,0,0,6.19596,0.0678518,0.681331,0.882621,2,-4.74848,9.23925,-0.014924,0.0285111,0.00519586,0.00641141
2860,door_1,1817,0,0.106994,0.106994,0,0.00763028,0,0,0,4.10191,0.0434045,0.570703,0.7,2.10824,-3.2513,7.166,0,0.651899,0.0056123,0.00556847
2861,door_2,2150,0,0.0545729,0.054573,0,0.016256,0,0,0,6.19596,0.0678518,0.68133,0.882621,2,-4.74848,9.23925,-0.014924,0.0285111,0.00519586,0.00641141
2861,door_1,1817,0,0.106994,0.106994,0,0.00763028,0,0,0,4.10191,0.0434045,0.570703,0.7,2.10824,-3.2513,7.166,0,0.651917,0.0056123,0.00556847
2862,door_2,2150,0,0.0545729,0.054573,0,0.016256,0,0,0,6.19596,0.0678518,0.68133,0.882621,2,-4.74848,9.23925,-0.014924,0.0285111,0.00519586,0.00641141
2862,door_1,1817,0,0.106994,0.106994,0,0.00763028,0,0,0,4.10191,0.0434045,0.570703,0.7,2.10824,-3.2513,7.166,0,0.651935,0.0056123,0.00556847
2863,door_2,2150,0,0.0545729,0.054573,0,0.016256,0,0,0,6.19596,0.0678518,0.68133,0.882621,2,-4.74848,9.23925,-0.014924,0.0285111,0.00519586,0.00641141
2863,door_1,1817,0,0.106994,0.106994,0,0.00763028,0,0,0,4.10191,0.0434045,0.570703,0.7,2.10824,-3.2513,7.166,0,0.651953,0.0056123,0.00556847
2864,door_2,2150,0,0.0545729,0.054573,0,0.016256,0,0,0,6.19596,0.0678518,0.68133,0.882621,2,-4.74848,9.23925,-0.014924,0.0285111,0.00519586,0.00641141
2864,door_1,1817,0,0.106994,0.106994,0,0.00763028,0,0,0,4.10191,0.0434045,0.570703,0.7,2.10824,-3.2513,7.166,0,0.651971,0.0056123,0.00556847
2865,door_2,2150,0,0.0545729,0.054573,0,0.016256,0,0,0,6.19596,0.0678518,0.681331,0.882621,2,-4.74848,9.23925,-0.014924,0.0285111,0.00519586,0.00641141
2865,door_1,1817,0,0.106994,0.106994,0,0.00763028,0,0,0,4.10191,0.0434045,0.570703,0.7,2.10824,-3.2513,7.166,0,0.651989,0.0056123,0.00556847
2866,door_2,2150,0,0.0545729,0.054573,0,0.016256,0,0,0,6.19596,0.0678518,0.681331,0.882621,2,-4.74848,9.23925,-0.014924,0.0285111,0.00519586,0.00641141
2866,door_1,1817,0,0.106994,0.106994,0,0.00763028,0,0,0,4.10191,0.0434045,0.570703,0.7,2.10824,-3.2513,7.166,0,0.652007,0.0056123,0.00556847
2867,door_2,2150,0,0.0545729,0.054573,0,0.016256,0,0,0,6.19596,0.0678518,0.68133,0.882621,2,-4.74848,9.23925,-0.014924,0.0285111,0.00519586,0.00641141
2867,door_1,1817,0,0.106994,0.106994,0,0.00763028,0,0,0,4.10191,0.0434045,0.570703,0.7,2.10824,-3.2513,7.166,0,0.652025,0.0056123,0.00556847
2868,door_2,2150,0,0.0545729,0.054573,0,0.016256,0,0,0,6.19596,0.0678518,0.68133,0.882621,2,-4.74848,9.23925,-0.014924,0.0285111,0.00519586,0.00641141
2868,door_1,1817,0,0.106994,0.106994,0,0.00763028,0,0,0,4.10191,0.0434045,0.570703,0.7,2.10824,-3.2513,7.166,0,0.652043,0.0056123,0.00556847
2869,door_2,2150,0,0.0545729,0.054573,0,0.016256,0,0,0,6.19596,0.0678518,0.68133,0.882621,2,-4.74848,9.23925,-0.014924,0.0285111,0.00519586,0.00641141
2869,door_1,1817,0,0.106994,0.106994,0,0.00763028,0,0,0,4.10191,0.0434045,0.570703,0.7,2.10824,-3.2513,7.166,0,0.652062,0.0056123,0.00556847
2870,door_2,2150,0,0.0545729,0.054573,0,0.016256,0,0,0,6.19596,0.0678518,0.681331,0.882621,2,-4.74848,9.23925,-0.014924,0.0285111,0.00519586,0.00641141
2870,door_1,1817,0,0.106994,0.106994,0,0.00763028,0,0,0,4.10191,0.0434045,0.570703,0.7,2.10824,-3.2513,7.166,0,0.65208,0.0056123,0.00556847
2872,door_2,2150,0,0.0545729,0.054573,0,0.016256,0,0,0,6.19596,0.0678518,0.68133,0.882621,2,-4.74848,9.23925,-0.014924,0.0285111,0.00519586,0.00641141
2872,door_1,1817,0,0.106994,0.106994,0,0.00763028,0,0,0,4.10191,0.0434045,0.570703,0.7,2.10824,-3.2513,7.166,0,0.652098,0.0056123,0.00556847
2873,door_2,2150,0,0.0545729,0.054573,0,0.016256,0,0,0,6.19596,0.0678518,0.68133,0.882621,2,-4.74848,9.23925,-0.014924,0.0285111,0.00519586,0.00641141
2873,door_1,1817,0,0.106994,0.106994,0,0.00763028,0,0,0,4.10191,0.0434045,0.570703,0.7,2.10824,-3.2513,7.166,0,0.652116,0.0056123,0.00556847
2874,door_2,2150,0,0.0545729,0.054573,0,0.016256,0,0,0,6.19596,0.0678518,0.68133,0.882621,2,-4.74848,9.23925,-0.014924,0.0285111,0.00519586,0.00641141
2874,door_1,1817,0,0.106994,0.106994,0,0.00763028,0,0,0,4.10191,0.0434045,0.570703,0.7,2.10824,-3.2513,7.166,0,0.652134,0.0056123,0.00556847
2876,door_2,2150,0,0.0545729,0.054573,0,0.016256,0,0,0,6.19596,0.0678518,0.68133,0.882621,2,-4.74848,9.23925,-0.014924,0.0285111,0.00519586,0.00641141
2876,door_1,1817,0,0.106994,0.106994,0,0.00763028,0,0,0,4.10191,0.0434045,0.570703,0.7,2.10824,-3.2513,7.166,0,0.652152,0.0056123,0.00556847
2877,door_2,2150,0,0.0545729,0.054573,0,0.016256,0,0,0,6.19596,0.0678518,0.681331,0.882621,2,-4.74848,9.23925,-0.014924,0.0285111,0.00519586,0.00641141
2877,door_1,1817,0,0.106994,0.106994,0,0.00763028,0,0,0,4.10191,0.0434045,0.570703,0.7,2.10824,-3.2513,7.166,0,0.65217,0.0056123,0.00556847
2878,door_2,2150,0,0.0545729,0.054573,0,0.016256,0,0,0,6.19596,0.0678518,0.681331,0.882621,2,-4.74848,9.23925,-0.014924,0.0285111,0.00519586,0.00641141
2878,door_1,1817,0,0.106994,0.106994,0,0.00763028,0,0,0,4.10191,0.0434045,0.570703,0.7,2.10824,-3.2513,7.166,0,0.652188,0.0056123,0.00556847
2879,door_2,2150,0,0.0545729,0.054573,0,0.016256,0,0,0,6.19596,0.0678518,0.68133,0.882621,2,-4.74848,9.23925,-0.014924,0.0285111,0.00519586,0.00641141
2879,door_1,1817,0,0.106994,0.106994,0,0.00763028,0,0,0,4.10191,0.0434045,0.570703,0.7,2.10824,-3.2513,7.166,0,0.652207,0.0056123,0.00556847
2880,door_2,2150,0,0.0545729,0.054573,0,0.016256,0,0,0,6.19596,0.0678518,0.68133,0.882621,2,-4.74848,9.23925,-0.014924,0.0285111,0.00519586,0.00641141
2880,door_1,1817,0,0.106994,0.106994,0,0.00763028,0,0,0,4.10191,0.0434045,0.570703,0.7,2.10824,-3.2513,7.166,0,0.652225,0.0056123,0.00556847
2882,door_2,2150,0,0.0545729,0.054573,0,0.016256,0,0,0,6.19596,0.0678518,0.68133,0.882621,2,-4.74848,9.23925,-0.014924,0.0285111,0.00519586,0.00641141
2882,door_1,1817,0,0.106994,0.106994,0,0.00763028,0,0,0,4.10191,0.0434045,0.570703,0.7,2.10824,-3.2513,7.166,0,0.652243,0.0056123,0.00556847
2883,door_2,2150,0,0.0545729,0.054573,0,0.016256,0,0,0,6.19596,0.0678518,0.681331,0.882621,2,-4.74848,9.23925,-0.014924,0.0285111,0.00519586,0.00641141
2883,door_1,1817,0,0.106994,0.106994,0,0.00763028,0,0,0,4.10191,0.0434045,0.570703,0.7,2.10824,-3.2513,7.166,0,0.652261,0.0056123,0.00556847
2884,door_2,2150,0,0.0545729,0.054573,0,0.016256,0,0,0,6.19596,0.0678518,0.68133,0.882621,2,-4.74848,9.23925,-0.014924,0.0285111,0.00519586,0.00641141
2884,door_1,1817,0,0.106994,0.106994,0,0.00763028,0,0,0,4.10191,0.0434045,0.570703,0.7,2.10824,-3.2513,7.166,0,0.652279,0.0056123,0.00556847
2885,door_2,2150,0,0.0545729,0.054573,0,0.016256,0,0,0,6.19596,0.0678518,0.68133,0.882621,2,-4.74848,9.23925,-0.014924,0.0285111,0.00519586,0.00641141
2885,door_1,1817,0,0.106994,0.106994,0,0.00763028,0,0,0,4.10191,0.0434045,0.570703,0.7,2.10824,-3.2513,7.166,0,0.652297,0.0056123,0.00556847
2887,door_2,2150,0,0.0545729,0.054573,0,0.016256,0,0,0,6.19596,0.0678518,0.68133,0.882621,2,-4.74848,9.23925,-0.014924,0.0285111,0.00519586,0.00641141
2887,door_1,1817,0,0.106994,0.106994,0,0.00763028,0,0,0,4.10191,0.0434045,0.570703,0.7,2.10824,-3.2513,7.166,0,0.652315,0.0056123,0.00556847
2888,door_2,2150,0,0.0545729,0.054573,0,0.016256,0,0,0,6.19596,0.0678518,0.68133,0.882621,2,-4.74848,9.23925,-0.014924,0.0285111,0.00519586,0.00641141
2888,door_1,1817,0,0.106994,0.106994,0,0.00763028,0,0,0,4.10191,0.0434045,0.570703,0.7,2.10824,-3.2513,7.166,0,0.652333,0.0056123,0.00556847
2889,door_2,2150,0,0.0545729,0.054573,0,0.016256,0,0,0,6.19596,0.0678518,0.681331,0.882621,2,-4.74848,9.23925,-0.014924,0.0285111,0.00519586,0.00641141
2889,door_1,1817,0,0.106994,0.106994,0,0.00763028,0,0,0,4.10191,0.0434045,0.570703,0.7,2.10824,-3.2513,7.166,0,0.652351,0.0056123,0.00556847
2890,door_2,2150,0,0.0545729,0.054573,0,0.016256,0,0,0,6.19596,0.0678518,0.681331,0.882621,2,-4.74848,9.23925,-0.014924,0.0285111,0.00519586,0.00641141
2890,door_1,1817,0,0.106994,0.106994,0,0.00763028,0,0,0,4.10191,0.0434045,0.570703,0.7,2.10824,-3.2513,7.166,0,0.652369,0.0056123,0.00556847
2892,door_2,2150,0,0.0545729,0.054573,0,0.016256,0,0,0,6.19596,0.0678518,0.68133,0.882621,2,-4.74848,9.23925,-0.014924,0.0285111,0.00519586,0.00641141
2892,door_1,1817,0,0.106994,0.106994,0,0.00763028,0,0,0,4.10191,0.0434045,0.570703,0.7,2.10824,-3.2513,7.166,0,0.652388,0.0056123,0.00556847
2893,door_2,2150,0,0.0545729,0.054573,0,0.016256,0,0,0,6.19596,0.0678518,0.68133,0.882621,2,-4.74848,9.23925,-0.014924,0.0285111,0.00519586,0.00641141
2893,door_1,1817,0,0.106994,0.106994,0,0.00763028,0,0,0,4.10191,0.0434045,0.570703,0.7,2.10824,-3.2513,7.166,0,0.652406,0.0056123,0.00556847
2895,door_2,2150,0,0.0545729,0.054573,0,0.016256,0,0,0,6.19596,0.0678518,0.68133,0.882621,2,-4.74848,9.23925,-0.014924,0.0285111,0.00519586,0.00641141
2895,door_1,1817,0,0.106994,0.106994,0,0.00763028,0,0,0,4.10191,0.0434045,0.570703,0.7,2.10824,-3.2513,7.166,0,0.652424,0.0056123,0.00556847
2896,door_2,2150,0,0.0545729,0.054573,0,0.016256,0,0,0,6.19596,0.0678518,0.681331,0.882621,2,-4.74848,9.23925,-0.014924,0.0285111,0.00519586,0.00641141
2896,door_1,1817,0,0.106994,0.106994,0,0.00763028,0,0,0,4.10191,0.0434045,0.570703,0.7,2.10824,-3.2513,7.166,0,0.652442,0.0056123,0.00556847
2897,door_2,2150,0,0.0545729,0.054573,0,0.016256,0,0,0,6.19596,0.0678518,0.68133,0.882621,2,-4.74848,9.23925,-0.014924,0.0285111,0.00519586,0.00641141
2897,door_1,1817,0,0.106994,0.106994,0,0.00763028,0,0,0,4.10191,0.0434045,0.570703,0.7,2.10824,-3.2513,7.166,0,0.65246,0.0056123,0.00556847
2899,door_2,2150,0,0.0545729,0.054573,0,0.016256,0,0,0,6.19596,0.0678518,0.68133,0.882621,2,-4.74848,9.23925,-0.014924,0.0285111,0.00519586,0.00641141
2899,door_1,1817,0,0.106994,0.106994,0,0.00763028,0,0,0,4.10191,0.0434045,0.570703,0.7,2.10824,-3.2513,7.166,0,0.652478,0.0056123,0.00556847
2900,door_2,2150,0,0.0545729,0.054573,0,0.016256,0,0,0,6.19596,0.0678518,0.68133,0.882621,2,-4.74848,9.23925,-0.014924,0.0285111,0.00519586,0.00641141
2900,door_1,1817,0,0.106994,0.106994,0,0.00763028,0,0,0,4.10191,0.0434045,0.570703,0.7,2.10824,-3.2513,7.166,0,0.652496,0.0056123,0.00556847
2901,door_2,2150,0,0.0545729,0.054573,0,0.016256,0,0,0,6.19596,0.0678518,0.68133,0.882621,2,-4.74848,9.23925,-0.014924,0.0285111,0.00519586,0.00641141
2901,door_1,1817,0,0.106994,0.106994,0,0.00763028,0,0,0,4.10191,0.0434045,0.570703,0.7,2.10824,-3.2513,7.166,0,0.652514,0.0056123,0.00556847
2902,door_2,2150,0,0.0545729,0.054573,0,0.016256,0,0,0,6.19596,0.0678518,0.681331,0.882621,2,-4.74848,9.23925,-0.014924,0.0285111,0.00519586,0.00641141
2902,door_1,1817,0,0.106994,0.106994,0,0.00763028,0,0,0,4.10191,0.0434045,0.570703,0.7,2.10824,-3.2513,7.166,0,0.652532,0.0056123,0.00556847
2903,door_2,2150,0,0.0545729,0.054573,0,0.016256,0,0,0,6.19596,0.0678518,0.681331,0.882621,2,-4.74848,9.23925,-0.014924,0.0285111,0.00519586,0.00641141
2903,door_1,1817,0,0.106994,0.106994,0,0.00763028,0,0,0,4.10191,0.0434045,0.570703,0.7,2.10824,-3.2513,7.166,0,0.652551,0.0056123,0.00556847
2904,door_2,2150,0,0.0545729,0.054573,0,0.016256,0,0,0,6.19596,0.0678518,0.68133,0.882621,2,-4.74848,9.23925,-0.014924,0.0285111,0.00519586,0.00641141
2904,door_1,1817,0,0.106994,0.106994,0,0.00763028,0,0,0,4.10191,0.0434045,0.570703,0.7,2.10824,-3.2513,7.166,0,0.652569,0.0056123,0.00556847
2905,door_2,2150,0,0.0545729,0.054573,0,0.016256,0,0,0,6.19596,0.0678518,0.68133,0.882621,2,-4.74848,9.23925,-0.014924,0.0285111,0.00519586,0.00641141
2905,door_1,1817,0,0.106994,0.106994,0,0.00763028,0,0,0,4.10191,0.0434045,0.570703,0.7,2.10824,-3.2513,7.166,0,0.652587,0.0056123,0.00556847
2906,door_2,2150,0,0.0545729,0.054573,0,0.016256,0,0,0,6.19596,0.0678518,0.68133,0.882621,2,-4.74848,9.23925,-0.014924,0.0285111,0.00519586,0.00641141
2906,door_1,1817,0,0.106994,0.106994,0,0.00763028,0,0,0,4.10191,0.0434045,0.570703,0.7,2.10824,-3.2513,7.166,0,0.652605,0.0056123,0.00556847
2907,door_2,2150,0,0.0545729,0.054573,0,0.016256,0,0,0,6.19596,0.0678518,0.681331,0.882621,2,-4.74848,9.23925,-0.014924,0.0285111,0.00519586,0.00641141
2907,door_1,1817,0,0.106994,0.106994,0,0.00763028,0,0,0,4.10191,0.0434045,0.570703,0.7,2.10824,-3.2513,7.166,0,0.652623,0.0056123,0.00556847
2908,door_2,2150,0,0.0545729,0.054573,0,0.016256,0,0,0,6.19596,0.0678518,0.68133,0.882621,2,-4.74848,9.23925,-0.014924,0.0285111,0.00519586,0.00641141
2908,door_1,1817,0,0.106994,0.106994,0,0.00763028,0,0,0,4.10191,0.0434045,0.570703,0.7,2.10824,-3.2513,7.166,0,0.652641,0.0056123,0.00556847
2909,door_2,2150,0,0.0545729,0.054573,0,0.016256,0,0,0,6.19596,0.0678518,0.68133,0.882621,2,-4.74848,9.23925,-0.014924,0.0285111,0.00519586,0.00641141
2909,door_1,1817,0,0.106994,0.106994,0,0.00763028,0,0,0,4.10191,0.0434045,0.570703,0.7,2.10824,-3.2513,7.166,0,0.652659,0.0056123,0.00556847
2910,door_2,2150,0,0.0545729,0.054573,0,0.016256,0,0,0,6.19596,0.0678518,0.68133,0.882621,2,-4.74848,9.23925,-0.014924,0.0285111,0.00519586,0.00641141
2910,door_1,1817,0,0.106994,0.106994,0,0.00763028,0,0,0,4.10191,0.0434045,0.570703,0.7,2.10824,-3.2513,7.166,0,0.652677,0.0056123,0.00556847
2911,door_2,2150,0,0.0545729,0.054573,0,0.016256,0,0,0,6.19596,0.0678518,0.68133,0.882621,2,-4.74848,9.23925,-0.014924,0.0285111,0.00519586,0.00641141
2911,door_1,1817,0,0.106994,0.106994,0,0.00763028,0,0,0,4.10191,0.0434045,0.570703,0.7,2.10824,-3.2513,7.166,0,0.652695,0.0056123,0.00556847
2912,door_2,2150,0,0.0545729,0.054573,0,0.016256,0,0,0,6.19596,0.0678518,0.681331,0.882621,2,-4.74848,9.23925,-0.014924,0.0285111,0.00519586,0.00641141
2912,door_1,1817,0,0.106994,0.106994,0,0.00763028,0,0,0,4.10191,0.0434045,0.570703,0.7,2.10824,-3.2513,7.166,0,0.652713,0.0056123,0.00556847
2913,door_2,2150,0,0.0545729,0.054573,0,0.016256,0,0,0,6.19596,0.0678518,0.681331,0.882621,2,-4.74848,9.23925,-0.014924,0.0285111,0.00519586,0.00641141
2913,door_1,1817,0,0.106994,0.106994,0,0.00763028,0,0,0,4.10191,0.0434045,0.570703,0.7,2.10824,-3.2513,7.166,0,0.652731,0.0056123,0.00556847
2914,door_2,2150,0,0.0545729,0.054573,0,0.016256,0,0,0,6.19596,0.0678518,0.68133,0.882621,2,-4.74848,9.23925,-0.014924,0.0285111,0.00519586,0.00641141
2914,door_1,1817,0,0.106994,0.106994,0,0.00763028,0,0,0,4.10191,0.0434045,0.570703,0.7,2.10824,-3.2513,7.166,0,0.65275,0.0056123,0.00556847
2915,door_2,2150,0,0.0545729,0.054573,0,0.016256,0,0,0,6.19596,0.0678518,0.68133,0.882621,2,-4.74848,9.23925,-0.014924,0.0285111,0.00519586,0.00641141
2915,door_1,1817,0,0.106994,0.106994,0,0.00763028,0,0,0,4.10191,0.0434045,0.570703,0.7,2.10824,-3.2513,7.166,0,0.652768,0.0056123,0.00556847
2916,door_2,2150,0,0.0545729,0.054573,0,0.016256,0,0,0,6.19596,0.0678518,0.68133,0.882621,2,-4.74848,9.23925,-0.014924,0.0285111,0.00519586,0.00641141
2916,door_1,1817,0,0.106994,0.106994,0,0.00763028,0,0,0,4.10191,0.0434045,0.570703,0.7,2.10824,-3.2513,7.166,0,0.652786,0.0056123,0.00556847
2917,door_2,2150,0,0.0545729,0.054573,0,0.016256,0,0,0,6.19596,0.0678518,0.681331,0.882621,2,-4.74848,9.23925,-0.014924,0.0285111,0.00519586,0.00641141
2917,door_1,1817,0,0.106994,0.106994,0,0.00763028,0,0,0,4.10191,0.0434045,0.570703,0.7,2.10824,-3.2513,7.166,0,0.652804,0.0056123,0.00556847
2918,door_2,2150,0,0.0545729,0.054573,0,0.016256,0,0,0,6.19596,0.0678518,0.68133,0.882621,2,-4.74848,9.23925,-0.014924,0.0285111,0.00519586,0.00641141
2918,door_1,1817,0,0.106994,0.106994,0,0.00763028,0,0,0,4.10191,0.0434045,0.570703,0.7,2.10824,-3.2513,7.166,0,0.652822,0.0056123,0.00556847
2919,door_2,2150,0,0.0545729,0.054573,0,0.016256,0,0,0,6.19596,0.0678518,0.68133,0.882621,2,-4.74848,9.23925,-0.014924,0.0285111,0.00519586,0.00641141
2919,door_1,1817,0,0.106994,0.106994,0,0.00763028,0,0,0,4.10191,0.0434045,0.570703,0.7,2.10824,-3.2513,7.166,0,0.65284,0.0056123,0.00556847
2920,door_2,2150,0,0.0545729,0.054573,0,0.016256,0,0,0,6.19596,0.0678518,0.68133,0.882621,2,-4.74848,9.23925,-0.014924,0.0285111,0.00519586,0.00641141
2920,door_1,1817,0,0.106994,0.106994,0,0.00763028,0,0,0,4.10191,0.0434045,0.570703,0.7,2.10824,-3.2513,7.166,0,0.652858,0.0056123,0.00556847
2921,door_2,2150,0,0.0545729,0.054573,0,0.016256,0,0,0,6.19596,0.0678518,0.68133,0.882621,2,-4.74848,9.23925,-0.014924,0.0285111,0.00519586,0.00641141
2921,door_1,1817,0,0.106994,0.106994,0,0.00763028,0,0,0,4.10191,0.0434045,0.570703,0.7,2.10824,-3.2513,7.166,0,0.652876,0.0056123,0.00556847
2922,door_2,2150,0,0.0545729,0.054573,0,0.016256,0,0,0,6.19596,0.0678518,0.681331,0.882621,2,-4.74848,9.23925,-0.014924,0.0285111,0.00519586,0.00641141
2922,door_1,1817,0,0.106994,0.106994,0,0.00763028,0,0,0,4.10191,0.0434045,0.570703,0.7,2.10824,-3.2513,7.166,0,0.652894,0.0056123,0.00556847
2923,door_2,2150,0,0.0545729,0.054573,0,0.016256,0,0,0,6.19596,0.0678518,0.681331,0.882621,2,-4.74848,9.23925,-0.014924,0.0285111,0.00519586,0.00641141
2923,door_1,1817,0,0.106994,0.106994,0,0.00763028,0,0,0,4.10191,0.0434045,0.570703,0.7,2.10824,-3.2513,7.166,0,0.652912,0.0056123,0.00556847
2924,door_2,2150,0,0.0545729,0.054573,0,0.016256,0,0,0,6.19596,0.0678518,0.68133,0.882621,2,-4.74848,9.23925,-0.014924,0.0285111,0.00519586,0.00641141
2924,door_1,1817,0,0.106994,0.106994,0,0.00763028,0,0,0,4.10191,0.0434045,0.570703,0.7,2.10824,-3.2513,7.166,0,0.65293,0.0056123,0.00556847
2926,door_2,2150,0,0.0545729,0.054573,0,0.016256,0,0,0,6.19596,0.0678518,0.68133,0.882621,2,-4.74848,9.23925,-0.014924,0.0285111,0.00519586,0.00641141
2926,door_1,1817,0,0.106994,0.106994,0,0.00763028,0,0,0,4.10191,0.0434045,0.570703,0.7,2.10824,-3.2513,7.166,0,0.652948,0.0056123,0.00556847
2927,door_2,2150,0,0.0545729,0.054573,0,0.016256,0,0,0,6.19596,0.0678518,0.68133,0.882621,2,-4.74848,9.23925,-0.014924,0.0285111,0.00519586,0.00641141
2927,door_1,1817,0,0.106994,0.106994,0,0.00763028,0,0,0,4.10191,0.0434045,0.570703,0.7,2.10824,-3.2513,7.166,0,0.652967,0.0056123,0.00556847
2928,door_2,2150,0,0.0545729,0.054573,0,0.016256,0,0,0,6.19596,0.0678518,0.681331,0.882621,2,-4.74848,9.23925,-0.014924,0.0285111,0.00519586,0.00641141
2928,door_1,1817,0,0.106994,0.106994,0,0.00763028,0,0,0,4.10191,0.0434045,0.570703,0.7,2.10824,-3.2513,7.166,0,0.652985,0.0056123,0.00556847
2929,door_2,2150,0,0.0545729,0.054573,0,0.016256,0,0,0,6.19596,0.0678518,0.68133,0.882621,2,-4.74848,9.23925,-0.014924,0.0285111,0.00519586,0.00641141
2929,door_1,1817,0,0.106994,0.106994,0,0.00763028,0,0,0,4.10191,0.0434045,0.570703,0.7,2.10824,-3.2513,7.166,0,0.653003,0.0056123,0.00556847
2930,door_2,2150,0,0.0545729,0.054573,0,0.016256,0,0,0,6.19596,0.0678518,0.68133,0.882621,2,-4.74848,9.23925,-0.014924,0.0285111,0.00519586,0.00641141
2930,door_1,1817,0,0.106994,0.106994,0,0.00763028,0,0,0,4.10191,0.0434045,0.570703,0.7,2.10824,-3.2513,7.166,0,0.653021,0.0056123,0.00556847
2931,door_2,2150,0,0.0545729,0.054573,0,0.016256,0,0,0,6.19596,0.0678518,0.68133,0.882621,2,-4.74848,9.23925,-0.014924,0.0285111,0.00519586,0.00641141
2931,door_1,1817,0,0.106994,0.106994,0,0.00763028,0,0,0,4.10191,0.0434045,0.570703,0.7,2.10824,-3.2513,7.166,0,0.653039,0.0056123,0.00556847
2932,door_2,2150,0,0.0545729,0.054573,0,0.016256,0,0,0,6.19596,0.0678518,0.68133,0.882621,2,-4.74848,9.23925,-0.014924,0.0285111,0.00519586,0.00641141
2932,door_1,1817,0,0.106994,0.106994,0,0.00763028,0,0,0,4.10191,0.0434045,0.570703,0.7,2.10824,-3.2513,7.166,0,0.653057,0.0056123,0.00556847
2933,door_2,2150,0,0.0545729,0.054573,0,0.016256,0,0,0,6.19596,0.0678518,0.681331,0.882621,2,-4.74848,9.23925,-0.014924,0.0285111,0.00519586,0.00641141
2933,door_1,1817,0,0.106994,0.106994,0,0.00763028,0,0,0,4.10191,0.0434045,0.570703,0.7,2.10824,-3.2513,7.166,0,0.653075,0.0056123,0.00556847
2934,door_2,2150,0,0.0545729,0.054573,0,0.016256,0,0,0,6.19596,0.0678518,0.681331,0.882621,2,-4.74848,9.23925,-0.014924,0.0285111,0.00519586,0.00641141
2934,door_1,1817,0,0.106994,0.106994,0,0.00763028,0,0,0,4.10191,0.0434045,0.570703,0.7,2.10824,-3.2513,7.166,0,0.653093,0.0056123,0.00556847
2935,door_2,2150,0,0.0545729,0.054573,0,0.016256,0,0,0,6.19596,0.0678518,0.68133,0.882621,2,-4.74848,9.23925,-0.014924,0.0285111,0.00519586,0.00641141
2935,door_1,1817,0,0.106994,0.106994,0,0.00763028,0,0,0,4.10191,0.0434045,0.570703,0.7,2.10824,-3.2513,7.166,0,0.653111,0.0056123,0.00556847
2936,door_2,2150,0,0.0545729,0.054573,0,0.016256,0,0,0,6.19596,0.0678518,0.68133,0.882621,2,-4.74848,9.23925,-0.014924,0.0285111,0.00519586,0.00641141
2936,door_1,1817,0,0.106994,0.106994,0,0.00763028,0,0,0,4.10191,0.0434045,0.570703,0.7,2.10824,-3.2513,7.166,0,0.653129,0.0056123,0.00556847
2937,door_2,2150,0,0.0545729,0.054573,0,0.016256,0,0,0,6.19596,0.0678518,0.68133,0.882621,2,-4.74848,9.23925,-0.014924,0.0285111,0.00519586,0.00641141
2937,door_1,1817,0,0.106994,0.106994,0,0.00763028,0,0,0,4.10191,0.0434045,0.570703,0.7,2.10824,-3.2513,7.166,0,0.653147,0.0056123,0.00556847
2938,door_2,2150,0,0.0545729,0.054573,0,0.016256,0,0,0,6.19596,0.0678518,0.681331,0.882621,2,-4.74848,9.23925,-0.014924,0.0285111,0.00519586,0.00641141
2938,door_1,1817,0,0.106994,0.106994,0,0.00763028,0,0,0,4.10191,0.0434045,0.570703,0.7,2.10824,-3.2513,7.166,0,0.653165,0.0056123,0.00556847
2939,door_2,2150,0,0.0545729,0.054573,0,0.016256,0,0,0,6.19596,0.0678518,0.68133,0.882621,2,-4.74848,9.23925,-0.014924,0.0285111,0.00519586,0.00641141
2939,door_1,1817,0,0.106994,0.106994,0,0.00763028,0,0,0,4.10191,0.0434045,0.570703,0.7,2.10824,-3.2513,7.166,0,0.653183,0.0056123,0.00556847
2940,door_2,2150,0,0.0545729,0.054573,0,0.016256,0,0,0,6.19596,0.0678518,0.68133,0.882621,2,-4.74848,9.23925,-0.014924,0.0285111,0.00519586,0.00641141
2940,door_1,1817,0,0.106994,0.106994,0,0.00763028,0,0,0,4.10191,0.0434045,0.570703,0.7,2.10824,-3.2513,7.166,0,0.653202,0.0056123,0.00556847
2941,door_2,2150,0,0.0545729,0.054573,0,0.016256,0,0,0,6.19596,0.0678518,0.68133,0.882621,2,-4.74848,9.23925,-0.014924,0.0285111,0.00519586,0.00641141
2941,door_1,1817,0,0.106994,0.106994,0,0.00763028,0,0,0,4.10191,0.0434045,0.570703,0.7,2.10824,-3.2513,7.166,0,0.65322,0.0056123,0.00556847
2942,door_2,2150,0,0.0545729,0.054573,0,0.016256,0,0,0,6.19596,0.0678518,0.68133,0.882621,2,-4.74848,9.23925,-0.014924,0.0285111,0.00519586,0.00641141
2942,door_1,1817,0,0.106994,0.106994,0,0.00763028,0,0,0,4.10191,0.0434045,0.570703,0.7,2.10824,-3.2513,7.166,0,0.653238,0.0056123,0.00556847
2943,door_2,2150,0,0.0545729,0.054573,0,0.016256,0,0,0,6.19596,0.0678518,0.681331,0.882621,2,-4.74848,9.23925,-0.014924,0.0285111,0.00519586,0.00641141
2943,door_1,1817,0,0.106994,0.106994,0,0.00763028,0,0,0,4.10191,0.0434045,0.570703,0.7,2.10824,-3.2513,7.166,0,0.653256,0.0056123,0.00556847
2944,door_2,2150,0,0.0545729,0.054573,0,0.016256,0,0,0,6.19596,0.0678518,0.681331,0.882621,2,-4.74848,9.23925,-0.014924,0.0285111,0.00519586,0.00641141
2944,door_1,1817,0,0.106994,0.106994,0,0.00763028,0,0,0,4.10191,0.0434045,0.570703,0.7,2.10824,-3.2513,7.166,0,0.653274,0.0056123,0.00556847
2945,door_2,2150,0,0.0545729,0.054573,0,0.016256,0,0,0,6.19596,0.0678518,0.68133,0.882621,2,-4.74848,9.23925,-0.014924,0.0285111,0.00519586,0.00641141
2945,door_1,1817,0,0.106994,0.106994,0,0.00763028,0,0,0,4.10191,0.0434045,0.570703,0.7,2.10824,-3.2513,7.166,0,0.653292,0.0056123,0.00556847
2946,door_2,2150,0,0.0545729,0.054573,0,0.016256,0,0,0,6.19596,0.0678518,0.68133,0.882621,2,-4.74848,9.23925,-0.014924,0.0285111,0.00519586,0.00641141
2946,door_1,1817,0,0.106994,0.106994,0,0.00763028,0,0,0,4.10191,0.0434045,0.570703,0.7,2.10824,-3.2513,7.166,0,0.65331,0.0056123,0.00556847
2947,door_2,2150,0,0.0545729,0.054573,0,0.016256,0,0,0,6.19596,0.0678518,0.68133,0.882621,2,-4.74848,9.23925,-0.014924,0.0285111,0.00519586,0.00641141
2947,door_1,1817,0,0.106994,0.106994,0,0.00763028,0,0,0,4.10191,0.0434045,0.570703,0.7,2.10824,-3.2513,7.166,0,0.653328,0.0056123,0.00556847
2948,door_2,2150,0,0.0545729,0.054573,0,0.016256,0,0,0,6.19596,0.0678518,0.681331,0.882621,2,-4.74848,9.23925,-0.014924,0.0285111,0.00519586,0.00641141
2948,door_1,1817,0,0.106994,0.106994,0,0.00763028,0,0,0,4.10191,0.0434045,0.570703,0.7,2.10824,-3.2513,7.166,0,0.653346,0.0056123,0.00556847
2949,door_2,2150,0,0.0545729,0.054573,0,0.016256,0,0,0,6.19596,0.0678518,0.68133,0.882621,2,-4.74848,9.23925,-0.014924,0.0285111,0.00519586,0.00641141
2949,door_1,1817,0,0.106994,0.106994,0,0.00763028,0,0,0,4.10191,0.0434045,0.570703,0.7,2.10824,-3.2513,7.166,0,0.653364,0.0056123,0.00556847
2950,door_2,2150,0,0.0545729,0.054573,0,0.016256,0,0,0,6.19596,0.0678518,0.68133,0.882621,2,-4.74848,9.23925,-0.014924,0.0285111,0.00519586,0.00641141
2950,door_1,1817,0,0.106994,0.106994,0,0.00763028,0,0,0,4.10191,0.0434045,0.570703,0.7,2.10824,-3.2513,7.166,0,0.653382,0.0056123,0.00556847
2951,door_2,2150,0,0.0545729,0.054573,0,0.016256,0,0,0,6.19596,0.0678518,0.68133,0.882621,2,-4.74848,9.23925,-0.014924,0.0285111,0.00519586,0.00641141
2951,door_1,1817,0,0.106994,0.106994,0,0.00763028,0,0,0,4.10191,0.0434045,0.570703,0.7,2.10824,-3.2513,7.166,0,0.6534,0.0056123,0.00556847
2953,door_2,2150,0,0.0545729,0.054573,0,0.016256,0,0,0,6.19596,0.0678518,0.68133,0.882621,2,-4.74848,9.23925,-0.014924,0.0285111,0.00519586,0.00641141
2953,door_1,1817,0,0.106994,0.106994,0,0.00763028,0,0,0,4.10191,0.0434045,0.570703,0.7,2.10824,-3.2513,7.166,0,0.653418,0.0056123,0.00556847
2954,door_2,2150,0,0.0545729,0.054573,0,0.016256,0,0,0,6.19596,0.0678518,0.681331,0.882621,2,-4.74848,9.23925,-0.014924,0.0285111,0.00519586,0.00641141
2954,door_1,1817,0,0.106994,0.106994,0,0.00763028,0,0,0,4.10191,0.0434045,0.570703,0.7,2.10824,-3.2513,7.166,0,0.653436,0.0056123,0.00556847
2955,door_2,2150,0,0.0545729,0.054573,0,0.016256,0,0,0,6.19596,0.0678518,0.681331,0.882621,2,-4.74848,9.23925,-0.014924,0.0285111,0.00519586,0.00641141
2955,door_1,1817,0,0.106994,0.106994,0,0.00763028,0,0,0,4.10191,0.0434045,0.570703,0.7,2.10824,-3.2513,7.166,0,0.653455,0.0056123,0.00556847
2956,door_2,2150,0,0.0545729,0.054573,0,0.016256,0,0,0,6.19596,0.0678518,0.68133,0.882621,2,-4.74848,9.23925,-0.014924,0.0285111,0.00519586,0.00641141
2956,door_1,1817,0,0.106994,0.106994,0,0.00763028,0,0,0,4.10191,0.0434045,0.570703,0.7,2.10824,-3.2513,7.166,0,0.653473,0.0056123,0.00556847
2957,door_2,2150,0,0.0545729,0.054573,0,0.016256,0,0,0,6.19596,0.0678518,0.68133,0.882621,2,-4.74848,9.23925,-0.014924,0.0285111,0.00519586,0.00641141
2957,door_1,1817,0,0.106994,0.106994,0,0.00763028,0,0,0,4.10191,0.0434045,0.570703,0.7,2.10824,-3.2513,7.166,0,0.653491,0.0056123,0.00556847
2958,door_2,2150,0,0.0545729,0.054573,0,0.016256,0,0,0,6.19596,0.0678518,0.68133,0.882621,2,-4.74848,9.23925,-0.014924,0.0285111,0.00519586,0.00641141
2958,door_1,1817,0,0.106994,0.106994,0,0.00763028,0,0,0,4.10191,0.0434045,0.570703,0.7,2.10824,-3.2513,7.166,0,0.653509,0.0056123,0.00556847
2959,door_2,2150,0,0.0545729,0.054573,0,0.016256,0,0,0,6.19596,0.0678518,0.681331,0.882621,2,-4.74848,9.23925,-0.014924,0.0285111,0.00519586,0.00641141
2959,door_1,1817,0,0.106994,0.106994,0,0.00763028,0,0,0,4.10191,0.0434045,0.570703,0.7,2.10824,-3.2513,7.166,0,0.653527,0.0056123,0.00556847
2960,door_2,2150,0,0.0545729,0.054573,0,0.016256,0,0,0,6.19596,0.0678518,0.68133,0.882621,2,-4.74848,9.23925,-0.014924,0.0285111,0.00519586,0.00641141
2960,door_1,1817,0,0.106994,0.106994,0,0.00763028,0,0,0,4.10191,0.0434045,0.570703,0.7,2.10824,-3.2513,7.166,0,0.653545,0.0056123,0.00556847
2961,door_2,2150,0,0.0545729,0.054573,0,0.016256,0,0,0,6.19596,0.0678518,0.68133,0.882621,2,-4.74848,9.23925,-0.014924,0.0285111,0.00519586,0.00641141
2961,door_1,1817,0,0.106994,0.106994,0,0.00763028,0,0,0,4.10191,0.0434045,0.570703,0.7,2.10824,-3.2513,7.166,0,0.653563,0.0056123,0.00556847
2962,door_2,2150,0,0.0545729,0.054573,0,0.016256,0,0,0,6.19596,0.0678518,0.68133,0.882621,2,-4.74848,9.23925,-0.014924,0.0285111,0.00519586,0.00641141
2962,door_1,1817,0,0.106994,0.106994,0,0.00763028,0,0,0,4.10191,0.0434045,0.570703,0.7,2.10824,-3.2513,7.166,0,0.653581,0.0056123,0.00556847
2963,door_2,2150,0,0.0545729,0.054573,0,0.016256,0,0,0,6.19596,0.0678518,0.68133,0.882621,2,-4.74848,9.23925,-0.014924,0.0285111,0.00519586,0.00641141
2963,door_1,1817,0,0.106994,0.106994,0,0.00763028,0,0,0,4.10191,0.0434045,0.570703,0.7,2.10824,-3.2513,7.166,0,0.653599,0.0056123,0.00556847
2964,door_2,2150,0,0.0545729,0.054573,0,0.016256,0,0,0,6.19596,0.0678518,0.681331,0.882621,2,-4.74848,9.23925,-0.014924,0.0285111,0.00519586,0.00641141
2964,door_1,1817,0,0.106994,0.106994,0,0.00763028,0,0,0,4.10191,0.0434045,0.570703,0.7,2.10824,-3.2513,7.166,0,0.653617,0.0056123,0.00556847
2966,door_2,2150,0,0.0545729,0.054573,0,0.016256,0,0,0,6.19596,0.0678518,0.681331,0.882621,2,-4.74848,9.23925,-0.014924,0.0285111,0.00519586,0.00641141
2966,door_1,1817,0,0.106994,0.106994,0,0.00763028,0,0,0,4.10191,0.0434045,0.570703,0.7,2.10824,-3.2513,7.166,0,0.653635,0.0056123,0.00556847
2967,door_2,2150,0,0.0545729,0.054573,0,0.016256,0,0,0,6.19596,0.0678518,0.68133,0.882621,2,-4.74848,9.23925,-0.014924,0.0285111,0.00519586,0.00641141
2967,door_1,1817,0,0.106994,0.106994,0,0.00763028,0,0,0,4.10191,0.0434045,0.570703,0.7,2.10824,-3.2513,7.166,0,0.653653,0.0056123,0.00556847
2968,door_2,2150,0,0.0545729,0.054573,0,0.016256,0,0,0,6.19596,0.0678518,0.68133,0.882621,2,-4.74848,9.23925,-0.014924,0.0285111,0.00519586,0.00641141
2968,door_1,1817,0,0.106994,0.106994,0,0.00763028,0,0,0,4.10191,0.0434045,0.570703,0.7,2.10824,-3.2513,7.166,0,0.653671,0.0056123,0.00556847
2969,door_2,2150,0,0.0545729,0.054573,0,0.016256,0,0,0,6.19596,0.0678518,0.68133,0.882621,2,-4.74848,9.23925,-0.014924,0.0285111,0.00519586,0.00641141
2969,door_1,1817,0,0.106994,0.106994,0,0.00763028,0,0,0,4.10191,0.0434045,0.570703,0.7,2.10824,-3.2513,7.166,0,0.653689,0.0056123,0.00556847
2970,door_2,2150,0,0.0545729,0.054573,0,0.016256,0,0,0,6.19596,0.0678518,0.681331,0.882621,2,-4.74848,9.23925,-0.014924,0.0285111,0.00519586,0.00641141
2970,door_1,1817,0,0.106994,0.106994,0,0.00763028,0,0,0,4.10191,0.0434045,0.570703,0.7,2.10824,-3.2513,7.166,0,0.653707,0.0056123,0.00556847
2971,door_2,2150,0,0.0545729,0.054573,0,0.016256,0,0,0,6.19596,0.0678518,0.68133,0.882621,2,-4.74848,9.23925,-0.014924,0.0285111,0.00519586,0.00641141
2971,door_1,1817,0,0.106994,0.106994,0,0.00763028,0,0,0,4.10191,0.0434045,0.570703,0.7,2.10824,-3.2513,7.166,0,0.653725,0.0056123,0.00556847
2972,door_2,2150,0,0.0545729,0.054573,0,0.016256,0,0,0,6.19596,0.0678518,0.68133,0.882621,2,-4.74848,9.23925,-0.014924,0.0285111,0.00519586,0.00641141
2972,door_1,1817,0,0.106994,0.106994,0,0.00763028,0,0,0,4.10191,0.0434045,0.570703,0.7,2.10824,-3.2513,7.166,0,0.653743,0.0056123,0.00556847
2973,door_2,2150,0,0.0545729,0.054573,0,0.016256,0,0,0,6.19596,0.0678518,0.68133,0.882621,2,-4.74848,9.23925,-0.014924,0.0285111,0.00519586,0.00641141
2973,door_1,1817,0,0.106994,0.106994,0,0.00763028,0,0,0,4.10191,0.0434045,0.570703,0.7,2.10824,-3.2513,7.166,0,0.653762,0.0056123,0.00556847
2974,door_2,2150,0,0.0545729,0.054573,0,0.016256,0,0,0,6.19596,0.0678518,0.68133,0.882621,2,-4.74848,9.23925,-0.014924,0.0285111,0.00519586,0.00641141
2974,door_1,1817,0,0.106994,0.106994,0,0.00763028,0,0,0,4.10191,0.0434045,0.570703,0.7,2.10824,-3.2513,7.166,0,0.65378,0.0056123,0.00556847
2975,door_2,2150,0,0.0545729,0.054573,0,0.016256,0,0,0,6.19596,0.0678518,0.681331,0.882621,2,-4.74848,9.23925,-0.014924,0.0285111,0.00519586,0.00641141
2975,door_1,1817,0,0.106994,0.106994,0,0.00763028,0,0,0,4.10191,0.0434045,0.570703,0.7,2.10824,-3.2513,7.166,0,0.653798,0.0056123,0.00556847
2976,door_2,2150,0,0.0545729,0.054573,0,0.016256,0,0,0,6.19596,0.0678518,0.681331,0.882621,2,-4.74848,9.23925,-0.014924,0.0285111,0.00519586,0.00641141
2976,door_1,1817,0,0.106994,0.106994,0,0.00763028,0,0,0,4.10191,0.0434045,0.570703,0.7,2.10824,-3.2513,7.166,0,0.653816,0.0056123,0.00556847
2977,door_2,2150,0,0.0545729,0.054573,0,0.016256,0,0,0,6.19596,0.0678518,0.68133,0.882621,2,-4.74848,9.23925,-0.014924,0.0285111,0.00519586,0.00641141
2977,door_1,1817,0,0.106994,0.106994,0,0.00763028,0,0,0,4.10191,0.0434045,0.570703,0.7,2.10824,-3.2513,7.166,0,0.653834,0.0056123,0.00556847
2978,door_2,2150,0,0.0545729,0.054573,0,0.016256,0,0,0,6.19596,0.0678518,0.68133,0.882621,2,-4.74848,9.23925,-0.014924,0.0285111,0.00519586,0.00641141
2978,door_1,1817,0,0.106994,0.106994,0,0.00763028,0,0,0,4.10191,0.0434045,0.570703,0.7,2.10824,-3.2513,7.166,0,0.653852,0.0056123,0.00556847
2979,door_2,2150,0,0.0545729,0.054573,0,0.016256,0,0,0,6.19596,0.0678518,0.68133,0.882621,2,-4.74848,9.23925,-0.014924,0.0285111,0.00519586,0.00641141
2979,door_1,1817,0,0.106994,0.106994,0,0.00763028,0,0,0,4.10191,0.0434045,0.570703,0.7,2.10824,-3.2513,7.166,0,0.65387,0.0056123,0.00556847
2980,door_2,2150,0,0.0545729,0.054573,0,0.016256,0,0,0,6.19596,0.0678518,0.681331,0.882621,2,-4.74848,9.23925,-0.014924,0.0285111,0.00519586,0.00641141
2980,door_1,1817,0,0.106994,0.106994,0,0.00763028,0,0,0,4.10191,0.0434045,0.570703,0.7,2.10824,-3.2513,7.166,0,0.653888,0.0056123,0.00556847
2981,door_2,2150,0,0.0545729,0.054573,0,0.016256,0,0,0,6.19596,0.0678518,0.68133,0.882621,2,-4.74848,9.23925,-0.014924,0.0285111,0.00519586,0.00641141
2981,door_1,1817,0,0.106994,0.106994,0,0.00763028,0,0,0,4.10191,0.0434045,0.570703,0.7,2.10824,-3.2513,7.166,0,0.653906,0.0056123,0.00556847
2982,door_2,2150,0,0.0545729,0.054573,0,0.016256,0,0,0,6.19596,0.0678518,0.68133,0.882621,2,-4.74848,9.23925,-0.014924,0.0285111,0.00519586,0.00641141
2982,door_1,1817,0,0.106994,0.106994,0,0.00763028,0,0,0,4.10191,0.0434045,0.570703,0.7,2.10824,-3.2513,7.166,0,0.653924,0.0056123,0.00556847
2983,door_2,2150,0,0.0545729,0.054573,0,0.016256,0,0,0,6.19596,0.0678518,0.68133,0.882621,2,-4.74848,9.23925,-0.014924,0.0285111,0.00519586,0.00641141
2983,door_1,1817,0,0.106994,0.106994,0,0.00763028,0,0,0,4.10191,0.0434045,0.570703,0.7,2.10824,-3.2513,7.166,0,0.653942,0.0056123,0.00556847
2984,door_2,2150,0,0.0545729,0.054573,0,0.016256,0,0,0,6.19596,0.0678518,0.68133,0.882621,2,-4.74848,9.23925,-0.014924,0.0285111,0.00519586,0.00641141
2984,door_1,1817,0,0.106994,0.106994,0,0.00763028,0,0,0,4.10191,0.0434045,0.570703,0.7,2.10824,-3.2513,7.166,0,0.65396,0.0056123,0.00556847
2985,door_2,2150,0,0.0545729,0.054573,0,0.016256,0,0,0,6.19596,0.0678518,0.681331,0.882621,2,-4.74848,9.23925,-0.014924,0.0285111,0.00519586,0.00641141
2985,door_1,1817,0,0.106994,0.106994,0,0.00763028,0,0,0,4.10191,0.0434045,0.570703,0.7,2.10824,-3.2513,7.166,0,0.653978,0.0056123,0.00556847
2986,door_2,2150,0,0.0545729,0.054573,0,0.016256,0,0,0,6.19596,0.0678518,0.681331,0.882621,2,-4.74848,9.23925,-0.014924,0.0285111,0.00519586,0.00641141
2986,door_1,1817,0,0.106994,0.106994,0,0.00763028,0,0,0,4.10191,0.0434045,0.570703,0.7,2.10824,-3.2513,7.166,0,0.653996,0.0056123,0.00556847
2987,door_2,2150,0,0.0545729,0.054573,0,0.016256,0,0,0,6.19596,0.0678518,0.68133,0.882621,2,-4.74848,9.23925,-0.014924,0.0285111,0.00519586,0.00641141
2987,door_1,1817,0,0.106994,0.106994,0,0.00763028,0,0,0,4.10191,0.0434045,0.570703,0.7,2.10824,-3.2513,7.166,0,0.654014,0.0056123,0.00556847
2988,door_2,2150,0,0.0545729,0.054573,0,0.016256,0,0,0,6.19596,0.0678518,0.68133,0.882621,2,-4.74848,9.23925,-0.014924,0.0285111,0.00519586,0.00641141
2988,door_1,1817,0,0.106994,0.106994,0,0.00763028,0,0,0,4.10191,0.0434045,0.570703,0.7,2.10824,-3.2513,7.166,0,0.654032,0.0056123,0.00556847
2989,door_2,2150,0,0.0545729,0.054573,0,0.016256,0,0,0,6.19596,0.0678518,0.68133,0.882621,2,-4.74848,9.23925,-0.014924,0.0285111,0.00519586,0.00641141
2989,door_1,1817,0,0.106994,0.106994,0,0.00763028,0,0,0,4.10191,0.0434045,0.570703,0.7,2.10824,-3.2513,7.166,0,0.65405,0.0056123,0.00556847
2990,door_2,2150,0,0.0545729,0.054573,0,0.016256,0,0,0,6.19596,0.0678518,0.681331,0.882621,2,-4.74848,9.23925,-0.014924,0.0285111,0.00519586,0.00641141
2990,door_1,1817,0,0.106994,0.106994,0,0.00763028,0,0,0,4.10191,0.0434045,0.570703,0.7,2.10824,-3.2513,7.166,0,0.654068,0.0056123,0.00556847
2991,door_2,2150,0,0.0545729,0.054573,0,0.016256,0,0,0,6.19596,0.0678518,0.68133,0.882621,2,-4.74848,9.23925,-0.014924,0.0285111,0.00519586,0.00641141
2991,door_1,1817,0,0.106994,0.106994,0,0.00763028,0,0,0,4.10191,0.0434045,0.570703,0.7,2.10824,-3.2513,7.166,0,0.654086,0.0056123,0.00556847
2992,door_2,2150,0,0.0545729,0.054573,0,0.016256,0,0,0,6.19596,0.0678518,0.68133,0.882621,2,-4.74848,9.23925,-0.014924,0.0285111,0.00519586,0.00641141
2992,door_1,1817,0,0.106994,0.106994,0,0.00763028,0,0,0,4.10191,0.0434045,0.570703,0.7,2.10824,-3.2513,7.166,0,0.654104,0.0056123,0.00556847
2994,door_2,2150,0,0.0545729,0.054573,0,0.016256,0,0,0,6.19596,0.0678518,0.68133,0.882621,2,-4.74848,9.23925,-0.014924,0.0285111,0.00519586,0.00641141
2994,door_1,1817,0,0.106994,0.106994,0,0.00763028,0,0,0,4.10191,0.0434045,0.570703,0.7,2.10824,-3.2513,7.166,0,0.654123,0.0056123,0.00556847
2995,door_2,2150,0,0.0545729,0.054573,0,0.016256,0,0,0,6.19596,0.0678518,0.68133,0.882621,2,-4.74848,9.23925,-0.014924,0.0285111,0.00519586,0.00641141
2995,door_1,1817,0,0.106994,0.106994,0,0.00763028,0,0,0,4.10191,0.0434045,0.570703,0.7,2.10824,-3.2513,7.166,0,0.654141,0.0056123,0.00556847
2997,door_2,2150,0,0.0545729,0.054573,0,0.016256,0,0,0,6.19596,0.0678518,0.681331,0.882621,2,-4.74848,9.23925,-0.014924,0.0285111,0.00519586,0.00641141
2997,door_1,1817,0,0.106994,0.106994,0,0.00763028,0,0,0,4.10191,0.0434045,0.570703,0.7,2.10824,-3.2513,7.166,0,0.654159,0.0056123,0.00556847
2999,door_2,2150,0,0.0545729,0.054573,0,0.016256,0,0,0,6.19596,0.0678518,0.681331,0.882621,2,-4.74848,9.23925,-0.014924,0.0285111,0.00519586,0.00641141
2999,door_1,1817,0,0.106994,0.106994,0,0.00763028,0,0,0,4.10191,0.0434045,0.570703,0.7,2.10824,-3.2513,7.166,0,0.654177,0.0056123,0.00556847
3000,door_2,2150,0,0.0545729,0.054573,0,0.016256,0,0,0,6.19596,0.0678518,0.68133,0.882621,2,-4.74848,9.23925,-0.014924,0.0285111,0.00519586,0.00641141
3000,door_1,1817,0,0.106994,0.106994,0,0.00763028,0,0,0,4.10191,0.0434045,0.570703,0.7,2.10824,-3.2513,7.166,0,0.654195,0.0056123,0.00556847
3001,door_2,2150,0,0.0545729,0.054573,0,0.016256,0,0,0,6.19596,0.0678518,0.68133,0.882621,2,-4.74848,9.23925,-0.014924,0.0285111,0.00519586,0.00641141
3001,door_1,1817,0,0.106994,0.106994,0,0.00763028,0,0,0,4.10191,0.0434045,0.570703,0.7,2.10824,-3.2513,7.166,0,0.654213,0.0056123,0.00556847
3002,door_2,2150,0,0.0545729,0.054573,0,0.016256,0,0,0,6.19596,0.0678518,0.68133,0.882621,2,-4.74848,9.23925,-0.014924,0.0285111,0.00519586,0.00641141
3002,door_1,1817,0,0.106994,0.106994,0,0.00763028,0,0,0,4.10191,0.0434045,0.570703,0.7,2.10824,-3.2513,7.166,0,0.654231,0.0056123,0.00556847
3003,door_2,2150,0,0.0545729,0.054573,0,0.016256,0,0,0,6.19596,0.0678518,0.681331,0.882621,2,-4.74848,9.23925,-0.014924,0.0285111,0.00519586,0.00641141
3003,door_1,1817,0,0.106994,0.106994,0,0.00763028,0,0,0,4.10191,0.0434045,0.570703,0.7,2.10824,-3.2513,7.166,0,0.654249,0.0056123,0.00556847
3004,door_2,2150,0,0.0545729,0.054573,0,0.016256,0,0,0,6.19596,0.0678518,0.68133,0.882621,2,-4.74848,9.23925,-0.014924,0.0285111,0.00519586,0.00641141
3004,door_1,1817,0,0.106994,0.106994,0,0.00763028,0,0,0,4.10191,0.0434045,0.570703,0.7,2.10824,-3.2513,7.166,0,0.654267,0.0056123,0.00556847
3005,door_2,2150,0,0.0545729,0.054573,0,0.016256,0,0,0,6.19596,0.0678518,0.68133,0.882621,2,-4.74848,9.23925,-0.014924,0.0285111,0.00519586,0.00641141
3005,door_1,1817,0,0.106994,0.106994,0,0.00763028,0,0,0,4.10191,0.0434045,0.570703,0.7,2.10824,-3.2513,7.166,0,0.654285,0.0056123,0.00556847
3006,door_2,2150,0,0.0545729,0.054573,0,0.016256,0,0,0,6.19596,0.0678518,0.68133,0.882621,2,-4.74848,9.23925,-0.014924,0.0285111,0.00519586,0.00641141
3006,door_1,1817,0,0.106994,0.106994,0,0.00763028,0,0,0,4.10191,0.0434045,0.570703,0.7,2.10824,-3.2513,7.166,0,0.654303,0.0056123,0.00556847
3007,door_2,2150,0,0.0545729,0.054573,0,0.016256,0,0,0,6.19596,0.0678518,0.68133,0.882621,2,-4.74848,9.23925,-0.014924,0.0285111,0.00519586,0.00641141
3007,door_1,1817,0,0.106994,0.106994,0,0.00763028,0,0,0,4.10191,0.0434045,0.570703,0.7,2.10824,-3.2513,7.166,0,0.654321,0.0056123,0.00556847
3008,door_2,2150,0,0.0545729,0.054573,0,0.016256,0,0,0,6.19596,0.0678518,0.681331,0.882621,2,-4.74848,9.23925,-0.014924,0.0285111,0.00519586,0.00641141
3008,door_1,1817,0,0.106994,0.106994,0,0.00763028,0,0,0,4.10191,0.0434045,0.570703,0.7,2.10824,-3.2513,7.166,0,0.654339,0.0056123,0.00556847
3009,door_2,2150,0,0.0545729,0.054573,0,0.016256,0,0,0,6.19596,0.0678518,0.681331,0.882621,2,-4.74848,9.23925,-0.014924,0.0285111,0.00519586,0.00641141
3009,door_1,1817,0,0.106994,0.106994,0,0.00763028,0,0,0,4.10191,0.0434045,0.570703,0.7,2.10824,-3.2513,7.166,0,0.654357,0.0056123,0.00556847
3011,door_2,2150,0,0.0545729,0.054573,0,0.016256,0,0,0,6.19596,0.0678518,0.68133,0.882621,2,-4.74848,9.23925,-0.014924,0.0285111,0.00519586,0.00641141
3011,door_1,1817,0,0.106994,0.106994,0,0.00763028,0,0,0,4.10191,0.0434045,0.570703,0.7,2.10824,-3.2513,7.166,0,0.654375,0.0056123,0.00556847
3012,door_2,2150,0,0.0545729,0.054573,0,0.016256,0,0,0,6.19596,0.0678518,0.68133,0.882621,2,-4.74848,9.23925,-0.014924,0.0285111,0.00519586,0.00641141
3012,door_1,1817,0,0.106994,0.106994,0,0.00763028,0,0,0,4.10191,0.0434045,0.570703,0.7,2.10824,-3.2513,7.166,0,0.654393,0.0056123,0.00556847
3014,door_2,2150,0,0.0545729,0.054573,0,0.016256,0,0,0,6.19596,0.0678518,0.68133,0.882621,2,-4.74848,9.23925,-0.014924,0.0285111,0.00519586,0.00641141
3014,door_1,1817,0,0.106994,0.106994,0,0.00763028,0,0,0,4.10191,0.0434045,0.570703,0.7,2.10824,-3.2513,7.166,0,0.654411,0.0056123,0.00556847
3016,door_2,2150,0,0.0545729,0.054573,0,0.016256,0,0,0,6.19596,0.0678518,0.681331,0.882621,2,-4.74848,9.23925,-0.014924,0.0285111,0.00519586,0.00641141
3016,door_1,1817,0,0.106994,0.106994,0,0.00763028,0,0,0,4.10191,0.0434045,0.570703,0.7,2.10824,-3.2513,7.166,0,0.654429,0.0056123,0.00556847
3017,door_2,2150,0,0.0545729,0.054573,0,0.016256,0,0,0,6.19596,0.0678518,0.68133,0.882621,2,-4.74848,9.23925,-0.014924,0.0285111,0.00519586,0.00641141
3017,door_1,1817,0,0.106994,0.106994,0,0.00763028,0,0,0,4.10191,0.0434045,0.570703,0.7,2.10824,-3.2513,7.166,0,0.654447,0.0056123,0.00556847
3018,door_2,2150,0,0.0545729,0.054573,0,0.016256,0,0,0,6.19596,0.0678518,0.68133,0.882621,2,-4.74848,9.23925,-0.014924,0.0285111,0.00519586,0.00641141
3018,door_1,1817,0,0.106994,0.106994,0,0.00763028,0,0,0,4.10191,0.0434045,0.570703,0.7,2.10824,-3.2513,7.166,0,0.654465,0.0056123,0.00556847
3019,door_2,2150,0,0.0545729,0.054573,0,0.016256,0,0,0,6.19596,0.0678518,0.68133,0.882621,2,-4.74848,9.23925,-0.014924,0.0285111,0.00519586,0.00641141
3019,door_1,1817,0,0.106994,0.106994,0,0.00763028,0,0,0,4.10191,0.0434045,0.570703,0.7,2.10824,-3.2513,7.166,0,0.654483,0.0056123,0.00556847
3020,door_2,2150,0,0.0545729,0.054573,0,0.016256,0,0,0,6.19596,0.0678518,0.68133,0.882621,2,-4.74848,9.23925,-0.014924,0.0285111,0.00519586,0.00641141
3020,door_1,1817,0,0.106994,0.106994,0,0.00763028,0,0,0,4.10191,0.0434045,0.570703,0.7,2.10824,-3.2513,7.166,0,0.654501,0.0056123,0.00556847
3021,door_2,2150,0,0.0545729,0.054573,0,0.016256,0,0,0,6.19596,0.0678518,0.681331,0.882621,2,-4.74848,9.23925,-0.014924,0.0285111,0.00519586,0.00641141
3021,door_1,1817,0,0.106994,0.106994,0,0.00763028,0,0,0,4.10191,0.0434045,0.570703,0.7,2.10824,-3.2513,7.166,0,0.654519,0.0056123,0.00556847
3022,door_2,2150,0,0.0545729,0.054573,0,0.016256,0,0,0,6.19596,0.0678518,0.681331,0.882621,2,-4.74848,9.23925,-0.014924,0.0285111,0.00519586,0.00641141
3022,door_1,1817,0,0.106994,0.106994,0,0.00763028,0,0,0,4.10191,0.0434045,0.570703,0.7,2.10824,-3.2513,7.166,0,0.654537,0.0056123,0.00556847
3023,door_2,2150,0,0.0545729,0.054573,0,0.016256,0,0,0,6.19596,0.0678518,0.68133,0.882621,2,-4.74848,9.23925,-0.014924,0.0285111,0.00519586,0.00641141
3023,door_1,1817,0,0.106994,0.106994,0,0.00763028,0,0,0,4.10191,0.0434045,0.570703,0.7,2.10824,-3.2513,7.166,0,0.654555,0.0056123,0.00556847
3024,door_2,2150,0,0.0545729,0.054573,0,0.016256,0,0,0,6.19596,0.0678518,0.68133,0.882621,2,-4.74848,9.23925,-0.014924,0.0285111,0.00519586,0.00641141
3024,door_1,1817,0,0.106994,0.106994,0,0.00763028,0,0,0,4.10191,0.0434045,0.570703,0.7,2.10824,-3.2513,7.166,0,0.654573,0.0056123,0.00556847
3025,door_2,2150,0,0.0545729,0.054573,0,0.016256,0,0,0,6.19596,0.0678518,0.68133,0.882621,2,-4.74848,9.23925,-0.014924,0.0285111,0.00519586,0.00641141
3025,door_1,1817,0,0.106994,0.106994,0,0.00763028,0,0,0,4.10191,0.0434045,0.570703,0.7,2.10824,-3.2513,7.166,0,0.654592,0.0056123,0.00556847
3026,door_2,2150,0,0.0545729,0.054573,0,0.016256,0,0,0,6.19596,0.0678518,0.681331,0.882621,2,-4.74848,9.23925,-0.014924,0.0285111,0.00519586,0.00641141
3026,door_1,1817,0,0.106994,0.106994,0,0.00763028,0,0,0,4.10191,0.0434045,0.570703,0.7,2.10824,-3.2513,7.166,0,0.65461,0.0056123,0.00556847
3027,door_2,2150,0,0.0545729,0.054573,0,0.016256,0,0,0,6.19596,0.0678518,0.68133,0.882621,2,-4.74848,9.23925,-0.014924,0.0285111,0.00519586,0.00641141
3027,door_1,1817,0,0.106994,0.106994,0,0.00763028,0,0,0,4.10191,0.0434045,0.570703,0.7,2.10824,-3.2513,7.166,0,0.654628,0.0056123,0.00556847
3028,door_2,2150,0,0.0545729,0.054573,0,0.016256,0,0,0,6.19596,0.0678518,0.68133,0.882621,2,-4.74848,9.23925,-0.014924,0.0285111,0.00519586,0.00641141
3028,door_1,1817,0,0.106994,0.106994,0,0.00763028,0,0,0,4.10191,0.0434045,0.570703,0.7,2.10824,-3.2513,7.166,0,0.654646,0.0056123,0.00556847
3029,door_2,2150,0,0.0545729,0.054573,0,0.016256,0,0,0,6.19596,0.0678518,0.68133,0.882621,2,-4.74848,9.23925,-0.014924,0.0285111,0.00519586,0.00641141
3029,door_1,1817,0,0.106994,0.106994,0,0.00763028,0,0,0,4.10191,0.0434045,0.570703,0.7,2.10824,-3.2513,7.166,0,0.654664,0.0056123,0.00556847
3030,door_2,2150,0,0.0545729,0.054573,0,0.016256,0,0,0,6.19596,0.0678518,0.68133,0.882621,2,-4.74848,9.23925,-0.014924,0.0285111,0.00519586,0.00641141
3030,door_1,1817,0,0.106994,0.106994,0,0.00763028,0,0,0,4.10191,0.0434045,0.570703,0.7,2.10824,-3.2513,7.166,0,0.654682,0.0056123,0.00556847
3031,door_2,2150,0,0.0545729,0.054573,0,0.016256,0,0,0,6.19596,0.0678518,0.681331,0.882621,2,-4.74848,9.23925,-0.014924,0.0285111,0.00519586,0.00641141
3031,door_1,1817,0,0.106994,0.106994,0,0.00763028,0,0,0,4.10191,0.0434045,0.570703,0.7,2.10824,-3.2513,7.166,0,0.6547,0.0056123,0.00556847
3032,door_2,2150,0,0.0545729,0.054573,0,0.016256,0,0,0,6.19596,0.0678518,0.681331,0.882621,2,-4.74848,9.23925,-0.014924,0.0285111,0.00519586,0.00641141
3032,door_1,1817,0,0.106994,0.106994,0,0.00763028,0,0,0,4.10191,0.0434045,0.570703,0.7,2.10824,-3.2513,7.166,0,0.654718,0.0056123,0.00556847
3033,door_2,2150,0,0.0545729,0.054573,0,0.016256,0,0,0,6.19596,0.0678518,0.68133,0.882621,2,-4.74848,9.23925,-0.014924,0.0285111,0.00519586,0.00641141
3033,door_1,1817,0,0.106994,0.106994,0,0.00763028,0,0,0,4.10191,0.0434045,0.570703,0.7,2.10824,-3.2513,7.166,0,0.654736,0.0056123,0.00556847
3034,door_2,2150,0,0.0545729,0.054573,0,0.016256,0,0,0,6.19596,0.0678518,0.68133,0.882621,2,-4.74848,9.23925,-0.014924,0.0285111,0.00519586,0.00641141
3034,door_1,1817,0,0.106994,0.106994,0,0.00763028,0,0,0,4.10191,0.0434045,0.570703,0.7,2.10824,-3.2513,7.166,0,0.654754,0.0056123,0.00556847
3035,door_2,2150,0,0.0545729,0.054573,0,0.016256,0,0,0,6.19596,0.0678518,0.68133,0.882621,2,-4.74848,9.23925,-0.014924,0.0285111,0.00519586,0.00641141
3035,door_1,1817,0,0.106994,0.106994,0,0.00763028,0,0,0,4.10191,0.0434045,0.570703,0.7,2.10824,-3.2513,7.166,0,0.654772,0.0056123,0.00556847
3036,door_2,2150,0,0.0545729,0.054573,0,0.016256,0,0,0,6.19596,0.0678518,0.681331,0.882621,2,-4.74848,9.23925,-0.014924,0.0285111,0.00519586,0.00641141
3036,door_1,1817,0,0.106994,0.106994,0,0.00763028,0,0,0,4.10191,0.0434045,0.570703,0.7,2.10824,-3.2513,7.166,0,0.65479,0.0056123,0.00556847
3037,door_2,2150,0,0.0545729,0.054573,0,0.016256,0,0,0,6.19596,0.0678518,0.68133,0.882621,2,-4.74848,9.23925,-0.014924,0.0285111,0.00519586,0.00641141
3037,door_1,1817,0,0.106994,0.106994,0,0.00763028,0,0,0,4.10191,0.0434045,0.570703,0.7,2.10824,-3.2513,7.166,0,0.654808,0.0056123,0.00556847
3038,door_2,2150,0,0.0545729,0.054573,0,0.016256,0,0,0,6.19596,0.0678518,0.68133,0.882621,2,-4.74848,9.23925,-0.014924,0.0285111,0.00519586,0.00641141
3038,door_1,1817,0,0.106994,0.106994,0,0.00763028,0,0,0,4.10191,0.0434045,0.570703,0.7,2.10824,-3.2513,7.166,0,0.654826,0.0056123,0.00556847
3039,door_2,2150,0,0.0545729,0.054573,0,0.016256,0,0,0,6.19596,0.0678518,0.68133,0.882621,2,-4.74848,9.23925,-0.014924,0.0285111,0.00519586,0.00641141
3039,door_1,1817,0,0.106994,0.106994,0,0.00763028,0,0,0,4.10191,0.0434045,0.570703,0.7,2.10824,-3.2513,7.166,0,0.654844,0.0056123,0.00556847
3040,door_2,2150,0,0.0545729,0.054573,0,0.016256,0,0,0,6.19596,0.0678518,0.68133,0.882621,2,-4.74848,9.23925,-0.014924,0.0285111,0.00519586,0.00641141
3040,door_1,1817,0,0.106994,0.106994,0,0.00763028,0,0,0,4.10191,0.0434045,0.570703,0.7,2.10824,-3.2513,7.166,0,0.654862,0.0056123,0.00556847
3041,door_2,2150,0,0.0545729,0.054573,0,0.016256,0,0,0,6.19596,0.0678518,0.681331,0.882621,2,-4.74848,9.23925,-0.014924,0.0285111,0.00519586,0.00641141
3041,door_1,1817,0,0.106994,0.106994,0,0.00763028,0,0,0,4.10191,0.0434045,0.570703,0.7,2.10824,-3.2513,7.166,0,0.65488,0.0056123,0.00556847
3043,door_2,2150,0,0.0545729,0.054573,0,0.016256,0,0,0,6.19596,0.0678518,0.681331,0.882621,2,-4.74848,9.23925,-0.014924,0.0285111,0.00519586,0.00641141
3043,door_1,1817,0,0.106994,0.106994,0,0.00763028,0,0,0,4.10191,0.0434045,0.570703,0.7,2.10824,-3.2513,7.166,0,0.654898,0.0056123,0.00556847
3044,door_2,2150,0,0.0545729,0.054573,0,0.016256,0,0,0,6.19596,0.0678518,0.68133,0.882621,2,-4.74848,9.23925,-0.014924,0.0285111,0.00519586,0.00641141
3044,door_1,1817,0,0.106994,0.106994,0,0.00763028,0,0,0,4.10191,0.0434045,0.570703,0.7,2.10824,-3.2513,7.166,0,0.654916,0.0056123,0.00556847
3045,door_2,2150,0,0.0545729,0.054573,0,0.016256,0,0,0,6.19596,0.0678518,0.68133,0.882621,2,-4.74848,9.23925,-0.014924,0.0285111,0.00519586,0.00641141
3045,door_1,1817,0,0.106994,0.106994,0,0.00763028,0,0,0,4.10191,0.0434045,0.570703,0.7,2.10824,-3.2513,7.166,0,0.654934,0.0056123,0.00556847
3046,door_2,2150,0,0.0545729,0.054573,0,0.016256,0,0,0,6.19596,0.0678518,0.68133,0.882621,2,-4.74848,9.23925,-0.014924,0.0285111,0.00519586,0.00641141
3046,door_1,1817,0,0.106994,0.106994,0,0.00763028,0,0,0,4.10191,0.0434045,0.570703,0.7,2.10824,-3.2513,7.166,0,0.654952,0.0056123,0.00556847
3047,door_2,2150,0,0.0545729,0.054573,0,0.016256,0,0,0,6.19596,0.0678518,0.681331,0.882621,2,-4.74848,9.23925,-0.014924,0.0285111,0.00519586,0.00641141
3047,door_1,1817,0,0.106994,0.106994,0,0.00763028,0,0,0,4.10191,0.0434045,0.570703,0.7,2.10824,-3.2513,7.166,0,0.65497,0.0056123,0.00556847
3048,door_2,2150,0,0.0545729,0.054573,0,0.016256,0,0,0,6.19596,0.0678518,0.68133,0.882621,2,-4.74848,9.23925,-0.014924,0.0285111,0.00519586,0.00641141
3048,door_1,1817,0,0.106994,0.106994,0,0.00763028,0,0,0,4.10191,0.0434045,0.570703,0.7,2.10824,-3.2513,7.166,0,0.654988,0.0056123,0.00556847
3049,door_2,2150,0,0.0545729,0.054573,0,0.016256,0,0,0,6.19596,0.0678518,0.68133,0.882621,2,-4.74848,9.23925,-0.014924,0.0285111,0.00519586,0.00641141
3049,door_1,1817,0,0.106994,0.106994,0,0.00763028,0,0,0,4.10191,0.0434045,0.570703,0.7,2.10824,-3.2513,7.166,0,0.655006,0.0056123,0.00556847
3050,door_2,2150,0,0.0545729,0.054573,0,0.016256,0,0,0,6.19596,0.0678518,0.68133,0.882621,2,-4.74848,9.23925,-0.014924,0.0285111,0.00519586,0.00641141
3050,door_1,1817,0,0.106994,0.106994,0,0.00763028,0,0,0,4.10191,0.0434045,0.570703,0.7,2.10824,-3.2513,7.166,0,0.655024,0.0056123,0.00556847
3051,door_2,2150,0,0.0545729,0.054573,0,0.016256,0,0,0,6.19596,0.0678518,0.68133,0.882621,2,-4.74848,9.23925,-0.014924,0.0285111,0.00519586,0.00641141
3051,door_1,1817,0,0.106994,0.106994,0,0.00763028,0,0,0,4.10191,0.0434045,0.570703,0.7,2.10824,-3.2513,7.166,0,0.655042,0.0056123,0.00556847
3052,door_2,2150,0,0.0545729,0.054573,0,0.016256,0,0,0,6.19596,0.0678518,0.681331,0.882621,2,-4.74848,9.23925,-0.014924,0.0285111,0.00519586,0.00641141
3052,door_1,1817,0,0.106994,0.106994,0,0.00763028,0,0,0,4.10191,0.0434045,0.570703,0.7,2.10824,-3.2513,7.166,0,0.65506,0.0056123,0.00556847
3053,door_2,2150,0,0.0545729,0.054573,0,0.016256,0,0,0,6.19596,0.0678518,0.681331,0.882621,2,-4.74848,9.23925,-0.014924,0.0285111,0.00519586,0.00641141
3053,door_1,1817,0,0.106994,0.106994,0,0.00763028,0,0,0,4.10191,0.0434045,0.570703,0.7,2.10824,-3.2513,7.166,0,0.655078,0.0056123,0.00556847
3054,door_2,2150,0,0.0545729,0.054573,0,0.016256,0,0,0,6.19596,0.0678518,0.68133,0.882621,2,-4.74848,9.23925,-0.014924,0.0285111,0.00519586,0.00641141
3054,door_1,1817,0,0.106994,0.106994,0,0.00763028,0,0,0,4.10191,0.0434045,0.570703,0.7,2.10824,-3.2513,7.166,0,0.655096,0.0056123,0.00556847
3055,door_2,2150,0,0.0545729,0.054573,0,0.016256,0,0,0,6.19596,0.0678518,0.68133,0.882621,2,-4.74848,9.23925,-0.014924,0.0285111,0.00519586,0.00641141
3055,door_1,1817,0,0.106994,0.106994,0,0.00763028,0,0,0,4.10191,0.0434045,0.570703,0.7,2.10824,-3.2513,7.166,0,0.655114,0.0056123,0.00556847
3056,door_2,2150,0,0.0545729,0.054573,0,0.016256,0,0,0,6.19596,0.0678518,0.68133,0.882621,2,-4.74848,9.23925,-0.014924,0.0285111,0.00519586,0.00641141
3056,door_1,1817,0,0.106994,0.106994,0,0.00763028,0,0,0,4.10191,0.0434045,0.570703,0.7,2.10824,-3.2513,7.166,0,0.655132,0.0056123,0.00556847
3057,door_2,2150,0,0.0545729,0.054573,0,0.016256,0,0,0,6.19596,0.0678518,0.681331,0.882621,2,-4.74848,9.23925,-0.014924,0.0285111,0.00519586,0.00641141
3057,door_1,1817,0,0.106994,0.106994,0,0.00763028,0,0,0,4.10191,0.0434045,0.570703,0.7,2.10824,-3.2513,7.166,0,0.65515,0.0056123,0.00556847
3058,door_2,2150,0,0.0545729,0.054573,0,0.016256,0,0,0,6.19596,0.0678518,0.68133,0.882621,2,-4.74848,9.23925,-0.014924,0.0285111,0.00519586,0.00641141
3058,door_1,1817,0,0.106994,0.106994,0,0.00763028,0,0,0,4.10191,0.0434045,0.570703,0.7,2.10824,-3.2513,7.166,0,0.655168,0.0056123,0.00556847
3059,door_2,2150,0,0.0545729,0.054573,0,0.016256,0,0,0,6.19596,0.0678518,0.68133,0.882621,2,-4.74848,9.23925,-0.014924,0.0285111,0.00519586,0.00641141
3059,door_1,1817,0,0.106994,0.106994,0,0.00763028,0,0,0,4.10191,0.0434045,0.570703,0.7,2.10824,-3.2513,7.166,0,0.655186,0.0056123,0.00556847
3060,door_2,2150,0,0.0545729,0.054573,0,0.016256,0,0,0,6.19596,0.0678518,0.68133,0.882621,2,-4.74848,9.23925,-0.014924,0.0285111,0.00519586,0.00641141
3060,door_1,1817,0,0.106994,0.106994,0,0.00763028,0,0,0,4.10191,0.0434045,0.570703,0.7,2.10824,-3.2513,7.166,0,0.655204,0.0056123,0.00556847
3061,door_2,2150,0,0.0545729,0.054573,0,0.016256,0,0,0,6.19596,0.0678518,0.68133,0.882621,2,-4.74848,9.23925,-0.014924,0.0285111,0.00519586,0.00641141
3061,door_1,1817,0,0.106994,0.106994,0,0.00763028,0,0,0,4.10191,0.0434045,0.570703,0.7,2.10824,-3.2513,7.166,0,0.655222,0.0056123,0.00556847
3062,door_2,2150,0,0.0545729,0.054573,0,0.016256,0,0,0,6.19596,0.0678518,0.681331,0.882621,2,-4.74848,9.23925,-0.014924,0.0285111,0.00519586,0.00641141
3062,door_1,1817,0,0.106994,0.106994,0,0.00763028,0,0,0,4.10191,0.0434045,0.570703,0.7,2.10824,-3.2513,7.166,0,0.65524,0.0056123,0.00556847
3063,door_2,2150,0,0.0545729,0.054573,0,0.016256,0,0,0,6.19596,0.0678518,0.681331,0.882621,2,-4.74848,9.23925,-0.014924,0.0285111,0.00519586,0.00641141
3063,door_1,1817,0,0.106994,0.106994,0,0.00763028,0,0,0,4.10191,0.0434045,0.570703,0.7,2.10824,-3.2513,7.166,0,0.655258,0.0056123,0.00556847
3064,door_2,2150,0,0.0545729,0.054573,0,0.016256,0,0,0,6.19596,0.0678518,0.68133,0.882621,2,-4.74848,9.23925,-0.014924,0.0285111,0.00519586,0.00641141
3064,door_1,1817,0,0.106994,0.106994,0,0.00763028,0,0,0,4.10191,0.0434045,0.570703,0.7,2.10824,-3.2513,7.166,0,0.655276,0.0056123,0.00556847
3065,door_2,2150,0,0.0545729,0.054573,0,0.016256,0,0,0,6.19596,0.0678518,0.68133,0.882621,2,-4.74848,9.23925,-0.014924,0.0285111,0.00519586,0.00641141
3065,door_1,1817,0,0.106994,0.106994,0,0.00763028,0,0,0,4.10191,0.0434045,0.570703,0.7,2.10824,-3.2513,7.166,0,0.655294,0.0056123,0.00556847
3066,door_2,2150,0,0.0545729,0.054573,0,0.016256,0,0,0,6.19596,0.0678518,0.68133,0.882621,2,-4.74848,9.23925,-0.014924,0.0285111,0.00519586,0.00641141
3066,door_1,1817,0,0.106994,0.106994,0,0.00763028,0,0,0,4.10191,0.0434045,0.570703,0.7,2.10824,-3.2513,7.166,0,0.655312,0.0056123,0.00556847
3067,door_2,2150,0,0.0545729,0.054573,0,0.016256,0,0,0,6.19596,0.0678518,0.681331,0.882621,2,-4.74848,9.23925,-0.014924,0.0285111,0.00519586,0.00641141
3067,door_1,1817,0,0.106994,0.106994,0,0.00763028,0,0,0,4.10191,0.0434045,0.570703,0.7,2.10824,-3.2513,7.166,0,0.65533,0.0056123,0.00556847
3068,door_2,2150,0,0.0545729,0.054573,0,0.016256,0,0,0,6.19596,0.0678518,0.68133,0.882621,2,-4.74848,9.23925,-0.014924,0.0285111,0.00519586,0.00641141
3068,door_1,1817,0,0.106994,0.106994,0,0.00763028,0,0,0,4.10191,0.0434045,0.570703,0.7,2.10824,-3.2513,7.166,0,0.655348,0.0056123,0.00556847
3069,door_2,2150,0,0.0545729,0.054573,0,0.016256,0,0,0,6.19596,0.0678518,0.68133,0.882621,2,-4.74848,9.23925,-0.014924,0.0285111,0.00519586,0.00641141
3069,door_1,1817,0,0.106994,0.106994,0,0.00763028,0,0,0,4.10191,0.0434045,0.570703,0.7,2.10824,-3.2513,7.166,0,0.655366,0.0056123,0.00556847
3070,door_2,2150,0,0.0545729,0.054573,0,0.016256,0,0,0,6.19596,0.0678518,0.68133,0.882621,2,-4.74848,9.23925,-0.014924,0.0285111,0.00519586,0.00641141
3070,door_1,1817,0,0.106994,0.106994,0,0.00763028,0,0,0,4.10191,0.0434045,0.570703,0.7,2.10824,-3.2513,7.166,0,0.655384,0.0056123,0.00556847
3071,door_2,2150,0,0.0545729,0.054573,0,0.016256,0,0,0,6.19596,0.0678518,0.68133,0.882621,2,-4.74848,9.23925,-0.014924,0.0285111,0.00519586,0.00641141
3071,door_1,1817,0,0.106994,0.106994,0,0.00763028,0,0,0,4.10191,0.0434045,0.570703,0.7,2.10824,-3.2513,7.166,0,0.655402,0.0056123,0.00556847
3072,door_2,2150,0,0.0545729,0.054573,0,0.016256,0,0,0,6.19596,0.0678518,0.681331,0.882621,2,-4.74848,9.23925,-0.014924,0.0285111,0.00519586,0.00641141
3072,door_1,1817,0,0.106994,0.106994,0,0.00763028,0,0,0,4.10191,0.0434045,0.570703,0.7,2.10824,-3.2513,7.166,0,0.65542,0.0056123,0.00556847
3073,door_2,2150,0,0.0545729,0.054573,0,0.016256,0,0,0,6.19596,0.0678518,0.681331,0.882621,2,-4.74848,9.23925,-0.014924,0.0285111,0.00519586,0.00641141
3073,door_1,1817,0,0.106994,0.106994,0,0.00763028,0,0,0,4.10191,0.0434045,0.570703,0.7,2.10824,-3.2513,7.166,0,0.655438,0.0056123,0.00556847
3075,door_2,2150,0,0.0545729,0.054573,0,0.016256,0,0,0,6.19596,0.0678518,0.68133,0.882621,2,-4.74848,9.23925,-0.014924,0.0285111,0.00519586,0.00641141
3075,door_1,1817,0,0.106994,0.106994,0,0.00763028,0,0,0,4.10191,0.0434045,0.570703,0.7,2.10824,-3.2513,7.166,0,0.655456,0.0056123,0.00556847
3076,door_2,2150,0,0.0545729,0.054573,0,0.016256,0,0,0,6.19596,0.0678518,0.68133,0.882621,2,-4.74848,9.23925,-0.014924,0.0285111,0.00519586,0.00641141
3076,door_1,1817,0,0.106994,0.106994,0,0.00763028,0,0,0,4.10191,0.0434045,0.570703,0.7,2.10824,-3.2513,7.166,0,0.655474,0.0056123,0.00556847
3077,door_2,2150,0,0.0545729,0.054573,0,0.016256,0,0,0,6.19596,0.0678518,0.68133,0.882621,2,-4.74848,9.23925,-0.014924,0.0285111,0.00519586,0.00641141
3077,door_1,1817,0,0.106994,0.106994,0,0.00763028,0,0,0,4.10191,0.0434045,0.570703,0.7,2.10824,-3.2513,7.166,0,0.655492,0.0056123,0.00556847
3078,door_2,2150,0,0.0545729,0.054573,0,0.016256,0,0,0,6.19596,0.0678518,0.681331,0.882621,2,-4.74848,9.23925,-0.014924,0.0285111,0.00519586,0.00641141
3078,door_1,1817,0,0.106994,0.106994,0,0.00763028,0,0,0,4.10191,0.0434045,0.570703,0.7,2.10824,-3.2513,7.166,0,0.65551,0.0056123,0.00556847
3079,door_2,2150,0,0.0545729,0.054573,0,0.016256,0,0,0,6.19596,0.0678518,0.68133,0.882621,2,-4.74848,9.23925,-0.014924,0.0285111,0.00519586,0.00641141
3079,door_1,1817,0,0.106994,0.106994,0,0.00763028,0,0,0,4.10191,0.0434045,0.570703,0.7,2.10824,-3.2513,7.166,0,0.655528,0.0056123,0.00556847
3080,door_2,2150,0,0.0545729,0.054573,0,0.016256,0,0,0,6.19596,0.0678518,0.68133,0.882621,2,-4.74848,9.23925,-0.014924,0.0285111,0.00519586,0.00641141
3080,door_1,1817,0,0.106994,0.106994,0,0.00763028,0,0,0,4.10191,0.0434045,0.570703,0.7,2.10824,-3.2513,7.166,0,0.655546,0.0056123,0.00556847
3081,door_2,2150,0,0.0545729,0.054573,0,0.016256,0,0,0,6.19596,0.0678518,0.68133,0.882621,2,-4.74848,9.23925,-0.014924,0.0285111,0.00519586,0.00641141
3081,door_1,1817,0,0.106994,0.106994,0,0.00763028,0,0,0,4.10191,0.0434045,0.570703,0.7,2.10824,-3.2513,7.166,0,0.655564,0.0056123,0.00556847
3082,door_2,2150,0,0.0545729,0.054573,0,0.016256,0,0,0,6.19596,0.0678518,0.68133,0.882621,2,-4.74848,9.23925,-0.014924,0.0285111,0.00519586,0.00641141
3082,door_1,1817,0,0.106994,0.106994,0,0.00763028,0,0,0,4.10191,0.0434045,0.570703,0.7,2.10824,-3.2513,7.166,0,0.655582,0.0056123,0.00556847
3083,door_2,2150,0,0.0545729,0.054573,0,0.016256,0,0,0,6.19596,0.0678518,0.681331,0.882621,2,-4.74848,9.23925,-0.014924,0.0285111,0.00519586,0.00641141
3083,door_1,1817,0,0.106994,0.106994,0,0.00763028,0,0,0,4.10191,0.0434045,0.570703,0.7,2.10824,-3.2513,7.166,0,0.6556,0.0056123,0.00556847
3084,door_2,2150,0,0.0545729,0.054573,0,0.016256,0,0,0,6.19596,0.0678518,0.681331,0.882621,2,-4.74848,9.23925,-0.014924,0.0285111,0.00519586,0.00641141
3084,door_1,1817,0,0.106994,0.106994,0,0.00763028,0,0,0,4.10191,0.0434045,0.570703,0.7,2.10824,-3.2513,7.166,0,0.655618,0.0056123,0.00556847
3085,door_2,2150,0,0.0545729,0.054573,0,0.016256,0,0,0,6.19596,0.0678518,0.68133,0.882621,2,-4.74848,9.23925,-0.014924,0.0285111,0.00519586,0.00641141
3085,door_1,1817,0,0.106994,0.106994,0,0.00763028,0,0,0,4.10191,0.0434045,0.570703,0.7,2.10824,-3.2513,7.166,0,0.655636,0.0056123,0.00556848
3086,door_2,2150,0,0.0545729,0.054573,0,0.016256,0,0,0,6.19596,0.0678518,0.68133,0.882621,2,-4.74848,9.23925,-0.014924,0.0285111,0.00519586,0.00641141
3086,door_1,1817,0,0.106994,0.106994,0,0.00763028,0,0,0,4.10191,0.0434045,0.570703,0.7,2.10824,-3.2513,7.166,0,0.655654,0.0056123,0.00556848
3087,door_2,2150,0,0.0545729,0.054573,0,0.016256,0,0,0,6.19596,0.0678518,0.68133,0.882621,2,-4.74848,9.23925,-0.014924,0.0285111,0.00519586,0.00641141
3087,door_1,1817,0,0.106994,0.106994,0,0.00763028,0,0,0,4.10191,0.0434045,0.570703,0.7,2.10824,-3.2513,7.166,0,0.655672,0.0056123,0.00556847
3088,door_2,2150,0,0.0545729,0.054573,0,0.016256,0,0,0,6.19596,0.0678518,0.681331,0.882621,2,-4.74848,9.23925,-0.014924,0.0285111,0.00519586,0.00641141
3088,door_1,1817,0,0.106994,0.106994,0,0.00763028,0,0,0,4.10191,0.0434045,0.570703,0.7,2.10824,-3.2513,7.166,0,0.65569,0.0056123,0.00556847
3089,door_2,2150,0,0.0545729,0.054573,0,0.016256,0,0,0,6.19596,0.0678518,0.68133,0.882621,2,-4.74848,9.23925,-0.014924,0.0285111,0.00519586,0.00641141
3089,door_1,1817,0,0.106994,0.106994,0,0.00763028,0,0,0,4.10191,0.0434045,0.570703,0.7,2.10824,-3.2513,7.166,0,0.655708,0.0056123,0.00556847
3090,door_2,2150,0,0.0545729,0.054573,0,0.016256,0,0,0,6.19596,0.0678518,0.68133,0.882621,2,-4.74848,9.23925,-0.014924,0.0285111,0.00519586,0.00641141
3090,door_1,1817,0,0.106994,0.106994,0,0.00763028,0,0,0,4.10191,0.0434045,0.570703,0.7,2.10824,-3.2513,7.166,0,0.655726,0.0056123,0.00556847
3091,door_2,2150,0,0.0545729,0.054573,0,0.016256,0,0,0,6.19596,0.0678518,0.68133,0.882621,2,-4.74848,9.23925,-0.014924,0.0285111,0.00519586,0.00641141
3091,door_1,1817,0,0.106994,0.106994,0,0.00763028,0,0,0,4.10191,0.0434045,0.570703,0.7,2.10824,-3.2513,7.166,0,0.655744,0.0056123,0.00556847
3092,door_2,2150,0,0.0545729,0.054573,0,0.016256,0,0,0,6.19596,0.0678518,0.68133,0.882621,2,-4.74848,9.23925,-0.014924,0.0285111,0.00519586,0.00641141
3092,door_1,1817,0,0.106994,0.106994,0,0.00763028,0,0,0,4.10191,0.0434045,0.570703,0.7,2.10824,-3.2513,7.166,0,0.655762,0.0056123,0.00556847
3093,door_2,2150,0,0.0545729,0.054573,0,0.016256,0,0,0,6.19596,0.0678518,0.681331,0.882621,2,-4.74848,9.23925,-0.014924,0.0285111,0.00519586,0.00641141
3093,door_1,1817,0,0.106994,0.106994,0,0.00763028,0,0,0,4.10191,0.0434045,0.570703,0.7,2.10824,-3.2513,7.166,0,0.65578,0.0056123,0.00556847
3094,door_2,2150,0,0.0545729,0.054573,0,0.016256,0,0,0,6.19596,0.0678518,0.681331,0.882621,2,-4.74848,9.23925,-0.014924,0.0285111,0.00519586,0.00641141
3094,door_1,1817,0,0.106994,0.106994,0,0.00763028,0,0,0,4.10191,0.0434045,0.570703,0.7,2.10824,-3.2513,7.166,0,0.655798,0.0056123,0.00556847
3096,door_2,2150,0,0.0545729,0.054573,0,0.016256,0,0,0,6.19596,0.0678518,0.68133,0.882621,2,-4.74848,9.23925,-0.014924,0.0285111,0.00519586,0.00641141
3096,door_1,1817,0,0.106994,0.106994,0,0.00763028,0,0,0,4.10191,0.0434045,0.570703,0.7,2.10824,-3.2513,7.166,0,0.655816,0.0056123,0.00556847
3098,door_2,2150,0,0.0545729,0.054573,0,0.016256,0,0,0,6.19596,0.0678518,0.68133,0.882621,2,-4.74848,9.23925,-0.014924,0.0285111,0.00519586,0.00641141
3098,door_1,1817,0,0.106994,0.106994,0,0.00763028,0,0,0,4.10191,0.0434045,0.570703,0.7,2.10824,-3.2513,7.166,0,0.655834,0.0056123,0.00556847
3100,door_2,2150,0,0.0545729,0.054573,0,0.016256,0,0,0,6.19596,0.0678518,0.68133,0.882621,2,-4.74848,9.23925,-0.014924,0.0285111,0.00519586,0.00641141
3100,door_1,1817,0,0.106994,0.106994,0,0.00763028,0,0,0,4.10191,0.0434045,0.570703,0.7,2.10824,-3.2513,7.166,0,0.655852,0.0056123,0.00556847
3101,door_2,2150,0,0.0545729,0.054573,0,0.016256,0,0,0,6.19596,0.0678518,0.681331,0.882621,2,-4.74848,9.23925,-0.014924,0.0285111,0.00519586,0.00641141
3101,door_1,1817,0,0.106994,0.106994,0,0.00763028,0,0,0,4.10191,0.0434045,0.570703,0.7,2.10824,-3.2513,7.166,0,0.65587,0.0056123,0.00556847
3102,door_2,2150,0,0.0545729,0.054573,0,0.016256,0,0,0,6.19596,0.0678518,0.68133,0.882621,2,-4.74848,9.23925,-0.014924,0.0285111,0.00519586,0.00641141
3102,door_1,1817,0,0.106994,0.106994,0,0.00763028,0,0,0,4.10191,0.0434045,0.570703,0.7,2.10824,-3.2513,7.166,0,0.655888,0.0056123,0.00556847
3103,door_2,2150,0,0.0545729,0.054573,0,0.016256,0,0,0,6.19596,0.0678518,0.68133,0.882621,2,-4.74848,9.23925,-0.014924,0.0285111,0.00519586,0.00641141
3103,door_1,1817,0,0.106994,0.106994,0,0.00763028,0,0,0,4.10191,0.0434045,0.570703,0.7,2.10824,-3.2513,7.166,0,0.655906,0.0056123,0.00556847
3104,door_2,2150,0,0.0545729,0.054573,0,0.016256,0,0,0,6.19596,0.0678518,0.68133,0.882621,2,-4.74848,9.23925,-0.014924,0.0285111,0.00519586,0.00641141
3104,door_1,1817,0,0.106994,0.106994,0,0.00763028,0,0,0,4.10191,0.0434045,0.570703,0.7,2.10824,-3.2513,7.166,0,0.655924,0.0056123,0.00556847
3106,door_2,2150,0,0.0545729,0.054573,0,0.016256,0,0,0,6.19596,0.0678518,0.68133,0.882621,2,-4.74848,9.23925,-0.014924,0.0285111,0.00519586,0.00641141
3106,door_1,1817,0,0.106994,0.106994,0,0.00763028,0,0,0,4.10191,0.0434045,0.570703,0.7,2.10824,-3.2513,7.166,0,0.655942,0.0056123,0.00556847
3107,door_2,2150,0,0.0545729,0.054573,0,0.016256,0,0,0,6.19596,0.0678518,0.681331,0.882621,2,-4.74848,9.23925,-0.014924,0.0285111,0.00519586,0.00641141
3107,door_1,1817,0,0.106994,0.106994,0,0.00763028,0,0,0,4.10191,0.0434045,0.570703,0.7,2.10824,-3.2513,7.166,0,0.65596,0.0056123,0.00556847
3108,door_2,2150,0,0.0545729,0.054573,0,0.016256,0,0,0,6.19596,0.0678518,0.681331,0.882621,2,-4.74848,9.23925,-0.014924,0.0285111,0.00519586,0.00641141
3108,door_1,1817,0,0.106994,0.106994,0,0.00763028,0,0,0,4.10191,0.0434045,0.570703,0.7,2.10824,-3.2513,7.166,0,0.655978,0.0056123,0.00556847
3109,door_2,2150,0,0.0545729,0.054573,0,0.016256,0,0,0,6.19596,0.0678518,0.68133,0.882621,2,-4.74848,9.23925,-0.014924,0.0285111,0.00519586,0.00641141
3109,door_1,1817,0,0.106994,0.106994,0,0.00763028,0,0,0,4.10191,0.0434045,0.570703,0.7,2.10824,-3.2513,7.166,0,0.655996,0.0056123,0.00556847
3110,door_2,2150,0,0.0545729,0.054573,0,0.016256,0,0,0,6.19596,0.0678518,0.68133,0.882621,2,-4.74848,9.23925,-0.014924,0.0285111,0.00519586,0.00641141
3110,door_1,1817,0,0.106994,0.106994,0,0.00763028,0,0,0,4.10191,0.0434045,0.570703,0.7,2.10824,-3.2513,7.166,0,0.656014,0.0056123,0.00556847
3111,door_2,2150,0,0.0545729,0.054573,0,0.016256,0,0,0,6.19596,0.0678518,0.68133,0.882621,2,-4.74848,9.23925,-0.014924,0.0285111,0.00519586,0.00641141
3111,door_1,1817,0,0.106994,0.106994,0,0.00763028,0,0,0,4.10191,0.0434045,0.570703,0.7,2.10824,-3.2513,7.166,0,0.656032,0.0056123,0.00556847
3113,door_2,2150,0,0.0545729,0.054573,0,0.016256,0,0,0,6.19596,0.0678518,0.681331,0.882621,2,-4.74848,9.23925,-0.014924,0.0285111,0.00519586,0.00641141
3113,door_1,1817,0,0.106994,0.106994,0,0.00763028,0,0,0,4.10191,0.0434045,0.570703,0.7,2.10824,-3.2513,7.166,0,0.65605,0.0056123,0.00556847
3114,door_2,2150,0,0.0545729,0.054573,0,0.016256,0,0,0,6.19596,0.0678518,0.68133,0.882621,2,-4.74848,9.23925,-0.014924,0.0285111,0.00519586,0.00641141
3114,door_1,1817,0,0.106994,0.106994,0,0.00763028,0,0,0,4.10191,0.0434045,0.570703,0.7,2.10824,-3.2513,7.166,0,0.656068,0.0056123,0.00556847
3115,door_2,2150,0,0.0545729,0.054573,0,0.016256,0,0,0,6.19596,0.0678518,0.68133,0.882621,2,-4.74848,9.23925,-0.014924,0.0285111,0.00519586,0.00641141
3115,door_1,1817,0,0.106994,0.106994,0,0.00763028,0,0,0,4.10191,0.0434045,0.570703,0.7,2.10824,-3.2513,7.166,0,0.656086,0.0056123,0.00556847
3116,door_2,2150,0,0.0545729,0.054573,0,0.016256,0,0,0,6.19596,0.0678518,0.68133,0.882621,2,-4.74848,9.23925,-0.014924,0.0285111,0.00519586,0.00641141
3116,door_1,1817,0,0.106994,0.106994,0,0.00763028,0,0,0,4.10191,0.0434045,0.570703,0.7,2.10824,-3.2513,7.166,0,0.656104,0.0056123,0.00556847
3117,door_2,2150,0,0.0545729,0.054573,0,0.016256,0,0,0,6.19596,0.0678518,0.68133,0.882621,2,-4.74848,9.23925,-0.014924,0.0285111,0.00519586,0.00641141
3117,door_1,1817,0,0.106994,0.106994,0,0.00763028,0,0,0,4.10191,0.0434045,0.570703,0.7,2.10824,-3.2513,7.166,0,0.656122,0.0056123,0.00556847
3118,door_2,2150,0,0.0545729,0.054573,0,0.016256,0,0,0,6.19596,0.0678518,0.681331,0.882621,2,-4.74848,9.23925,-0.014924,0.0285111,0.00519586,0.00641141
3118,door_1,1817,0,0.106994,0.106994,0,0.00763028,0,0,0,4.10191,0.0434045,0.570703,0.7,2.10824,-3.2513,7.166,0,0.65614,0.0056123,0.00556847
3119,door_2,2150,0,0.0545729,0.054573,0,0.016256,0,0,0,6.19596,0.0678518,0.681331,0.882621,2,-4.74848,9.23925,-0.014924,0.0285111,0.00519586,0.00641141
3119,door_1,1817,0,0.106994,0.106994,0,0.00763028,0,0,0,4.10191,0.0434045,0.570703,0.7,2.10824,-3.2513,7.166,0,0.656158,0.0056123,0.00556847
3120,door_2,2150,0,0.0545729,0.054573,0,0.016256,0,0,0,6.19596,0.0678518,0.68133,0.882621,2,-4.74848,9.23925,-0.014924,0.0285111,0.00519586,0.00641141
3120,door_1,1817,0,0.106994,0.106994,0,0.00763028,0,0,0,4.10191,0.0434045,0.570703,0.7,2.10824,-3.2513,7.166,0,0.656176,0.0056123,0.00556847
3121,door_2,2150,0,0.0545729,0.054573,0,0.016256,0,0,0,6.19596,0.0678518,0.68133,0.882621,2,-4.74848,9.23925,-0.014924,0.0285111,0.00519586,0.00641141
3121,door_1,1817,0,0.106994,0.106994,0,0.00763028,0,0,0,4.10191,0.0434045,0.570703,0.7,2.10824,-3.2513,7.166,0,0.656194,0.0056123,0.00556847
3122,door_2,2150,0,0.0545729,0.054573,0,0.016256,0,0,0,6.19596,0.0678518,0.68133,0.882621,2,-4.74848,9.23925,-0.014924,0.0285111,0.00519586,0.00641141
3122,door_1,1817,0,0.106994,0.106994,0,0.00763028,0,0,0,4.10191,0.0434045,0.570703,0.7,2.10824,-3.2513,7.166,0,0.656212,0.0056123,0.00556847
3123,door_2,2150,0,0.0545729,0.054573,0,0.016256,0,0,0,6.19596,0.0678518,0.681331,0.882621,2,-4.74848,9.23925,-0.014924,0.0285111,0.00519586,0.00641141
3123,door_1,1817,0,0.106994,0.106994,0,0.00763028,0,0,0,4.10191,0.0434045,0.570703,0.7,2.10824,-3.2513,7.166,0,0.65623,0.0056123,0.00556847
3124,door_2,2150,0,0.0545729,0.054573,0,0.016256,0,0,0,6.19596,0.0678518,0.68133,0.882621,2,-4.74848,9.23925,-0.014924,0.0285111,0.00519586,0.00641141
3124,door_1,1817,0,0.106994,0.106994,0,0.00763028,0,0,0,4.10191,0.0434045,0.570703,0.7,2.10824,-3.2513,7.166,0,0.656248,0.0056123,0.00556847
3126,door_2,2150,0,0.0545729,0.054573,0,0.016256,0,0,0,6.19596,0.0678518,0.68133,0.882621,2,-4.74848,9.23925,-0.014924,0.0285111,0.00519586,0.00641141
3126,door_1,1817,0,0.106994,0.106994,0,0.00763028,0,0,0,4.10191,0.0434045,0.570703,0.7,2.10824,-3.2513,7.166,0,0.656266,0.0056123,0.00556847
3127,door_2,2150,0,0.0545729,0.054573,0,0.016256,0,0,0,6.19596,0.0678518,0.68133,0.882621,2,-4.74848,9.23925,-0.014924,0.0285111,0.00519586,0.00641141
3127,door_1,1817,0,0.106994,0.106994,0,0.00763028,0,0,0,4.10191,0.0434045,0.570703,0.7,2.10824,-3.2513,7.166,0,0.656284,0.0056123,0.00556847
3128,door_2,2150,0,0.0545729,0.054573,0,0.016256,0,0,0,6.19596,0.0678518,0.68133,0.882621,2,-4.74848,9.23925,-0.014924,0.0285111,0.00519586,0.00641141
3128,door_1,1817,0,0.106994,0.106994,0,0.00763028,0,0,0,4.10191,0.0434045,0.570703,0.7,2.10824,-3.2513,7.166,0,0.656302,0.0056123,0.00556847
3129,door_2,2150,0,0.0545729,0.054573,0,0.016256,0,0,0,6.19596,0.0678518,0.681331,0.882621,2,-4.74848,9.23925,-0.014924,0.0285111,0.00519586,0.00641141
3129,door_1,1817,0,0.106994,0.106994,0,0.00763028,0,0,0,4.10191,0.0434045,0.570703,0.7,2.10824,-3.2513,7.166,0,0.656319,0.0056123,0.00556847
3130,door_2,2150,0,0.0545729,0.054573,0,0.016256,0,0,0,6.19596,0.0678518,0.681331,0.882621,2,-4.74848,9.23925,-0.014924,0.0285111,0.00519586,0.00641141
3130,door_1,1817,0,0.106994,0.106994,0,0.00763028,0,0,0,4.10191,0.0434045,0.570703,0.7,2.10824,-3.2513,7.166,0,0.656337,0.0056123,0.00556847
3131,door_2,2150,0,0.0545729,0.054573,0,0.016256,0,0,0,6.19596,0.0678518,0.68133,0.882621,2,-4.74848,9.23925,-0.014924,0.0285111,0.00519586,0.00641141
3131,door_1,1817,0,0.106994,0.106994,0,0.00763028,0,0,0,4.10191,0.0434045,0.570703,0.7,2.10824,-3.2513,7.166,0,0.656355,0.0056123,0.00556847
3132,door_2,2150,0,0.0545729,0.054573,0,0.016256,0,0,0,6.19596,0.0678518,0.68133,0.882621,2,-4.74848,9.23925,-0.014924,0.0285111,0.00519586,0.00641141
3132,door_1,1817,0,0.106994,0.106994,0,0.00763028,0,0,0,4.10191,0.0434045,0.570703,0.7,2.10824,-3.2513,7.166,0,0.656373,0.0056123,0.00556847
3133,door_2,2150,0,0.0545729,0.054573,0,0.016256,0,0,0,6.19596,0.0678518,0.68133,0.882621,2,-4.74848,9.23925,-0.014924,0.0285111,0.00519586,0.00641141
3133,door_1,1817,0,0.106994,0.106994,0,0.00763028,0,0,0,4.10191,0.0434045,0.570703,0.7,2.10824,-3.2513,7.166,0,0.656391,0.0056123,0.00556847
3134,door_2,2150,0,0.0545729,0.054573,0,0.016256,0,0,0,6.19596,0.0678518,0.681331,0.882621,2,-4.74848,9.23925,-0.014924,0.0285111,0.00519586,0.00641141
3134,door_1,1817,0,0.106994,0.106994,0,0.00763028,0,0,0,4.10191,0.0434045,0.570703,0.7,2.10824,-3.2513,7.166,0,0.656409,0.0056123,0.00556847
3135,door_2,2150,0,0.0545729,0.054573,0,0.016256,0,0,0,6.19596,0.0678518,0.68133,0.882621,2,-4.74848,9.23925,-0.014924,0.0285111,0.00519586,0.00641141
3135,door_1,1817,0,0.106994,0.106994,0,0.00763028,0,0,0,4.10191,0.0434045,0.570703,0.7,2.10824,-3.2513,7.166,0,0.656427,0.0056123,0.00556847
3136,door_2,2150,0,0.0545729,0.054573,0,0.016256,0,0,0,6.19596,0.0678518,0.68133,0.882621,2,-4.74848,9.23925,-0.014924,0.0285111,0.00519586,0.00641141
3136,door_1,1817,0,0.106994,0.106994,0,0.00763028,0,0,0,4.10191,0.0434045,0.570703,0.7,2.10824,-3.2513,7.166,0,0.656445,0.0056123,0.00556847
3137,door_2,2150,0,0.0545729,0.054573,0,0.016256,0,0,0,6.19596,0.0678518,0.68133,0.882621,2,-4.74848,9.23925,-0.014924,0.0285111,0.00519586,0.00641141
3137,door_1,1817,0,0.106994,0.106994,0,0.00763028,0,0,0,4.10191,0.0434045,0.570703,0.7,2.10824,-3.2513,7.166,0,0.656463,0.0056123,0.00556847
3138,door_2,2150,0,0.0545729,0.054573,0,0.016256,0,0,0,6.19596,0.0678518,0.68133,0.882621,2,-4.74848,9.23925,-0.014924,0.0285111,0.00519586,0.00641141
3138,door_1,1817,0,0.106994,0.106994,0,0.00763028,0,0,0,4.10191,0.0434045,0.570703,0.7,2.10824,-3.2513,7.166,0,0.656481,0.0056123,0.00556847
3139,door_2,2150,0,0.0545729,0.054573,0,0.016256,0,0,0,6.19596,0.0678518,0.681331,0.882621,2,-4.74848,9.23925,-0.014924,0.0285111,0.00519586,0.00641141
3139,door_1,1817,0,0.106994,0.106994,0,0.00763028,0,0,0,4.10191,0.0434045,0.570703,0.7,2.10824,-3.2513,7.166,0,0.656499,0.0056123,0.00556847
3140,door_2,2150,0,0.0545729,0.054573,0,0.016256,0,0,0,6.19596,0.0678518,0.681331,0.882621,2,-4.74848,9.23925,-0.014924,0.0285111,0.00519586,0.00641141
3140,door_1,1817,0,0.106994,0.106994,0,0.00763028,0,0,0,4.10191,0.0434045,0.570703,0.7,2.10824,-3.2513,7.166,0,0.656517,0.0056123,0.00556847
3141,door_2,2150,0,0.0545729,0.054573,0,0.016256,0,0,0,6.19596,0.0678518,0.68133,0.882621,2,-4.74848,9.23925,-0.014924,0.0285111,0.00519586,0.00641141
3141,door_1,1817,0,0.106994,0.106994,0,0.00763028,0,0,0,4.10191,0.0434045,0.570703,0.7,2.10824,-3.2513,7.166,0,0.656535,0.0056123,0.00556847
3142,door_2,2150,0,0.0545729,0.054573,0,0.016256,0,0,0,6.19596,0.0678518,0.68133,0.882621,2,-4.74848,9.23925,-0.014924,0.0285111,0.00519586,0.00641141
3142,door_1,1817,0,0.106994,0.106994,0,0.00763028,0,0,0,4.10191,0.0434045,0.570703,0.7,2.10824,-3.2513,7.166,0,0.656553,0.0056123,0.00556847
3143,door_2,2150,0,0.0545729,0.054573,0,0.016256,0,0,0,6.19596,0.0678518,0.68133,0.882621,2,-4.74848,9.23925,-0.014924,0.0285111,0.00519586,0.00641141
3143,door_1,1817,0,0.106994,0.106994,0,0.00763028,0,0,0,4.10191,0.0434045,0.570703,0.7,2.10824,-3.2513,7.166,0,0.656571,0.0056123,0.00556847
3144,door_2,2150,0,0.0545729,0.054573,0,0.016256,0,0,0,6.19596,0.0678518,0.681331,0.882621,2,-4.74848,9.23925,-0.014924,0.0285111,0.00519586,0.00641141
3144,door_1,1817,0,0.106994,0.106994,0,0.00763028,0,0,0,4.10191,0.0434045,0.570703,0.7,2.10824,-3.2513,7.166,0,0.656589,0.0056123,0.00556847
3145,door_2,2150,0,0.0545729,0.054573,0,0.016256,0,0,0,6.19596,0.0678518,0.68133,0.882621,2,-4.74848,9.23925,-0.014924,0.0285111,0.00519586,0.00641141
3145,door_1,1817,0,0.106994,0.106994,0,0.00763028,0,0,0,4.10191,0.0434045,0.570703,0.7,2.10824,-3.2513,7.166,0,0.656607,0.0056123,0.00556847
3146,door_2,2150,0,0.0545729,0.054573,0,0.016256,0,0,0,6.19596,0.0678518,0.68133,0.882621,2,-4.74848,9.23925,-0.014924,0.0285111,0.00519586,0.00641141
3146,door_1,1817,0,0.106994,0.106994,0,0.00763028,0,0,0,4.10191,0.0434045,0.570703,0.7,2.10824,-3.2513,7.166,0,0.656625,0.0056123,0.00556847
3147,door_2,2150,0,0.0545729,0.054573,0,0.016256,0,0,0,6.19596,0.0678518,0.68133,0.882621,2,-4.74848,9.23925,-0.014924,0.0285111,0.00519586,0.00641141
3147,door_1,1817,0,0.106994,0.106994,0,0.00763028,0,0,0,4.10191,0.0434045,0.570703,0.7,2.10824,-3.2513,7.166,0,0.656643,0.0056123,0.00556847
3148,door_2,2150,0,0.0545729,0.054573,0,0.016256,0,0,0,6.19596,0.0678518,0.68133,0.882621,2,-4.74848,9.23925,-0.014924,0.0285111,0.00519586,0.00641141
3148,door_1,1817,0,0.106994,0.106994,0,0.00763028,0,0,0,4.10191,0.0434045,0.570703,0.7,2.10824,-3.2513,7.166,0,0.656661,0.0056123,0.00556847
3149,door_2,2150,0,0.0545729,0.054573,0,0.016256,0,0,0,6.19596,0.0678518,0.681331,0.882621,2,-4.74848,9.23925,-0.014924,0.0285111,0.00519586,0.00641141
3149,door_1,1817,0,0.106994,0.106994,0,0.00763028,0,0,0,4.10191,0.0434045,0.570703,0.7,2.10824,-3.2513,7.166,0,0.656679,0.0056123,0.00556847
3150,door_2,2150,0,0.0545729,0.054573,0,0.016256,0,0,0,6.19596,0.0678518,0.681331,0.882621,2,-4.74848,9.23925,-0.014924,0.0285111,0.00519586,0.00641141
3150,door_1,1817,0,0.106994,0.106994,0,0.00763028,0,0,0,4.10191,0.0434045,0.570703,0.7,2.10824,-3.2513,7.166,0,0.656697,0.0056123,0.00556847
3151,door_2,2150,0,0.0545729,0.054573,0,0.016256,0,0,0,6.19596,0.0678518,0.68133,0.882621,2,-4.74848,9.23925,-0.014924,0.0285111,0.00519586,0.00641141
3151,door_1,1817,0,0.106994,0.106994,0,0.00763028,0,0,0,4.10191,0.0434045,0.570703,0.7,2.10824,-3.2513,7.166,0,0.656715,0.0056123,0.00556847
3152,door_2,2150,0,0.0545729,0.054573,0,0.016256,0,0,0,6.19596,0.0678518,0.68133,0.882621,2,-4.74848,9.23925,-0.014924,0.0285111,0.00519586,0.00641141
3152,door_1,1817,0,0.106994,0.106994,0,0.00763028,0,0,0,4.10191,0.0434045,0.570703,0.7,2.10824,-3.2513,7.166,0,0.656733,0.0056123,0.00556847
3154,door_2,2150,0,0.0545729,0.054573,0,0.016256,0,0,0,6.19596,0.0678518,0.68133,0.882621,2,-4.74848,9.23925,-0.014924,0.0285111,0.00519586,0.00641141
3154,door_1,1817,0,0.106994,0.106994,0,0.00763028,0,0,0,4.10191,0.0434045,0.570703,0.7,2.10824,-3.2513,7.166,0,0.656751,0.0056123,0.00556847
3155,door_2,2150,0,0.0545729,0.054573,0,0.016256,0,0,0,6.19596,0.0678518,0.681331,0.882621,2,-4.74848,9.23925,-0.014924,0.0285111,0.00519586,0.00641141
3155,door_1,1817,0,0.106994,0.106994,0,0.00763028,0,0,0,4.10191,0.0434045,0.570703,0.7,2.10824,-3.2513,7.166,0,0.656769,0.0056123,0.00556847
3156,door_2,2150,0,0.0545729,0.054573,0,0.016256,0,0,0,6.19596,0.0678518,0.68133,0.882621,2,-4.74848,9.23925,-0.014924,0.0285111,0.00519586,0.00641141
3156,door_1,1817,0,0.106994,0.106994,0,0.00763028,0,0,0,4.10191,0.0434045,0.570703,0.7,2.10824,-3.2513,7.166,0,0.656787,0.0056123,0.00556847
3157,door_2,2150,0,0.0545729,0.054573,0,0.016256,0,0,0,6.19596,0.0678518,0.68133,0.882621,2,-4.74848,9.23925,-0.014924,0.0285111,0.00519586,0.00641141
3157,door_1,1817,0,0.106994,0.106994,0,0.00763028,0,0,0,4.10191,0.0434045,0.570703,0.7,2.10824,-3.2513,7.166,0,0.656805,0.0056123,0.00556847
3158,door_2,2150,0,0.0545729,0.054573,0,0.016256,0,0,0,6.19596,0.0678518,0.68133,0.882621,2,-4.74848,9.23925,-0.014924,0.0285111,0.00519586,0.00641141
3158,door_1,1817,0,0.106994,0.106994,0,0.00763028,0,0,0,4.10191,0.0434045,0.570703,0.7,2.10824,-3.2513,7.166,0,0.656823,0.0056123,0.00556847
3159,door_2,2150,0,0.0545729,0.054573,0,0.016256,0,0,0,6.19596,0.0678518,0.68133,0.882621,2,-4.74848,9.23925,-0.014924,0.0285111,0.00519586,0.00641141
3159,door_1,1817,0,0.106994,0.106994,0,0.00763028,0,0,0,4.10191,0.0434045,0.570703,0.7,2.10824,-3.2513,7.166,0,0.65684,0.0056123,0.00556847
3160,door_2,2150,0,0.0545729,0.054573,0,0.016256,0,0,0,6.19596,0.0678518,0.681331,0.882621,2,-4.74848,9.23925,-0.014924,0.0285111,0.00519586,0.00641141
3160,door_1,1817,0,0.106994,0.106994,0,0.00763028,0,0,0,4.10191,0.0434045,0.570703,0.7,2.10824,-3.2513,7.166,0,0.656858,0.0056123,0.00556847
3161,door_2,2150,0,0.0545729,0.054573,0,0.016256,0,0,0,6.19596,0.0678518,0.681331,0.882621,2,-4.74848,9.23925,-0.014924,0.0285111,0.00519586,0.00641141
3161,door_1,1817,0,0.106994,0.106994,0,0.00763028,0,0,0,4.10191,0.0434045,0.570703,0.7,2.10824,-3.2513,7.166,0,0.656876,0.0056123,0.00556847
3162,door_2,2150,0,0.0545729,0.054573,0,0.016256,0,0,0,6.19596,0.0678518,0.68133,0.882621,2,-4.74848,9.23925,-0.014924,0.0285111,0.00519586,0.00641141
3162,door_1,1817,0,0.106994,0.106994,0,0.00763028,0,0,0,4.10191,0.0434045,0.570703,0.7,2.10824,-3.2513,7.166,0,0.656894,0.0056123,0.00556847
3163,door_2,2150,0,0.0545729,0.054573,0,0.016256,0,0,0,6.19596,0.0678518,0.68133,0.882621,2,-4.74848,9.23925,-0.014924,0.0285111,0.00519586,0.00641141
3163,door_1,1817,0,0.106994,0.106994,0,0.00763028,0,0,0,4.10191,0.0434045,0.570703,0.7,2.10824,-3.2513,7.166,0,0.656912,0.0056123,0.00556847
3164,door_2,2150,0,0.0545729,0.054573,0,0.016256,0,0,0,6.19596,0.0678518,0.68133,0.882621,2,-4.74848,9.23925,-0.014924,0.0285111,0.00519586,0.00641141
3164,door_1,1817,0,0.106994,0.106994,0,0.00763028,0,0,0,4.10191,0.0434045,0.570703,0.7,2.10824,-3.2513,7.166,0,0.65693,0.0056123,0.00556847
3165,door_2,2150,0,0.0545729,0.054573,0,0.016256,0,0,0,6.19596,0.0678518,0.681331,0.882621,2,-4.74848,9.23925,-0.014924,0.0285111,0.00519586,0.00641141
3165,door_1,1817,0,0.106994,0.106994,0,0.00763028,0,0,0,4.10191,0.0434045,0.570703,0.7,2.10824,-3.2513,7.166,0,0.656948,0.0056123,0.00556847
