cycle,n_door_slices,slice_idx,npts,conf,cx,cy,range,trunc_frac,motion_var
1,2,4,1816,1,-3.2513,7.12022,4.10191,0,2.48111e-15
1,2,5,2150,1,-4.74685,9.19619,6.19596,0,2.22269e-15
2,2,4,1816,1,-3.2513,7.12022,4.10191,0,8.67689e-19
2,2,5,2150,1,-4.74685,9.19619,6.19596,0,1.23085e-18
3,2,4,1816,1,-3.2513,7.12022,4.10191,0,1.00241e-18
3,2,5,2150,1,-4.74685,9.19619,6.19596,0,1.42195e-18
4,2,4,1816,1,-3.2513,7.12022,4.10191,0,1.58236e-18
4,2,5,2150,1,-4.74685,9.19619,6.19596,0,2.24464e-18
5,2,4,1816,1,-3.2513,7.12022,4.10191,0,6.57544e-19
5,2,5,2150,1,-4.74685,9.19619,6.19596,0,9.3275e-19
6,2,4,1816,1,-3.2513,7.12022,4.10191,0,1.13742e-18
6,2,5,2150,1,-4.74685,9.19619,6.19596,0,1.61347e-18
7,2,4,1816,1,-3.2513,7.12022,4.10191,0,8.0168e-17
7,2,5,2150,1,-4.74685,9.19619,6.19596,0,2.60866e-19
8,2,4,1816,1,-3.2513,7.12022,4.10191,0,8.0168e-17
8,2,5,2150,1,-4.74685,9.19619,6.19596,0,2.60866e-19
9,2,4,1816,1,-3.2513,7.12022,4.10191,0,6.46809e-19
9,2,5,2150,1,-4.74685,9.19619,6.19596,0,9.17522e-19
10,2,4,1816,1,-3.2513,7.12022,4.10191,0,9.82257e-19
10,2,5,2150,1,-4.74685,9.19619,6.19596,0,1.39337e-18
11,2,4,1816,1,-3.2513,7.12022,4.10191,0,2.44984e-15
11,2,5,2150,1,-4.74685,9.19619,6.19596,0,2.04786e-15
12,2,4,1816,1,-3.2513,7.12022,4.10191,0,1.16255e-18
12,2,5,2150,1,-4.74685,9.19619,6.19596,0,1.64912e-18
13,2,4,1816,1,-3.2513,7.12022,4.10191,0,7.58411e-19
13,2,5,2150,1,-4.74685,9.19619,6.19596,0,1.07583e-18
14,2,4,1816,1,-3.2513,7.12022,4.10191,0,7.40774e-19
14,2,5,2150,1,-4.74685,9.19619,6.19596,0,1.05082e-18
15,2,4,1816,1,-3.2513,7.12022,4.10191,0,1.04461e-18
15,2,5,2150,1,-4.74685,9.19619,6.19596,0,1.48181e-18
16,2,4,1816,1,-3.2513,7.12022,4.10191,0,8.05984e-17
16,2,5,2150,1,-4.74685,9.19619,6.19596,0,3.15667e-18
17,2,4,1816,1,-3.2513,7.12022,4.10191,0,1.00241e-18
17,2,5,2150,1,-4.74685,9.19619,6.19596,0,1.42195e-18
18,2,4,1816,1,-3.2513,7.12022,4.10191,0,1.00241e-18
18,2,5,2150,1,-4.74685,9.19619,6.19596,0,1.42195e-18
19,2,4,1816,1,-3.2513,7.12022,4.10191,0,1.02318e-18
19,2,5,2150,1,-4.74685,9.19619,6.19596,0,1.45142e-18
20,2,4,1816,1,-3.2513,7.12022,4.10191,0,6.91403e-19
20,2,5,2150,1,-4.74685,9.19619,6.19596,0,9.80781e-19
21,2,4,1816,1,-3.2513,7.12022,4.10191,0,9.25327e-19
21,2,5,2150,1,-4.74685,9.19619,6.19596,0,1.31261e-18
22,2,4,1816,1,-3.2513,7.12022,4.10191,0,1.11309e-18
22,2,5,2150,1,-4.74685,9.19619,6.19596,0,1.57896e-18
23,2,4,1816,1,-3.2513,7.12022,4.10191,0,9.6271e-19
23,2,5,2150,1,-4.74685,9.19619,6.19596,0,1.36564e-18
24,2,4,1816,1,-3.2513,7.12022,4.10191,0,1.02318e-18
24,2,5,2150,1,-4.74685,9.19619,6.19596,0,1.45142e-18
25,2,4,1816,1,-3.2513,7.12022,4.10191,0,1.02318e-18
25,2,5,2150,1,-4.74685,9.19619,6.19596,0,1.45142e-18
26,2,4,1816,1,-3.2513,7.12022,4.10191,0,1.02318e-18
26,2,5,2150,1,-4.74685,9.19619,6.19596,0,1.45142e-18
27,2,4,1816,1,-3.2513,7.12022,4.10191,0,2.35037e-18
27,2,5,2150,1,-4.74685,9.19619,6.19596,0,3.33408e-18
28,2,4,1816,1,-3.2513,7.12022,4.10191,0,2.66679e-19
28,2,5,2150,1,-4.74685,9.19619,6.19596,0,3.78294e-19
29,2,4,1816,1,-3.2513,7.12022,4.10191,0,1.02318e-18
29,2,5,2150,1,-4.74685,9.19619,6.19596,0,1.45142e-18
30,2,4,1816,1,-3.2513,7.12022,4.10191,0,1.32208e-18
30,2,5,2150,1,-4.74685,9.19619,6.19596,0,1.87542e-18
31,2,4,1816,1,-3.2513,7.12022,4.10191,0,5.87592e-19
31,2,5,2150,1,-4.74685,9.19619,6.19596,0,8.3352e-19
32,2,4,1816,1,-3.2513,7.12022,4.10191,0,5.87592e-19
32,2,5,2150,1,-4.74685,9.19619,6.19596,0,8.3352e-19
33,2,4,1816,1,-3.2513,7.12022,4.10191,0,1.10515e-18
33,2,5,2150,1,-4.74685,9.19619,6.19596,0,1.5677e-18
34,2,4,1816,1,-3.2513,7.12022,4.10191,0,2.35037e-18
34,2,5,2150,1,-4.74685,9.19619,6.19596,0,3.33408e-18
35,2,4,1816,1,-3.2513,7.12022,4.10191,0,5.69064e-17
35,2,5,2150,1,-4.74685,9.19619,6.19596,0,1.85172e-19
36,2,4,1816,1,-3.2513,7.12022,4.10191,0,8.56809e-19
36,2,5,2150,1,-4.74685,9.19619,6.19596,0,1.21541e-18
37,2,4,1816,1,-3.2513,7.12022,4.10191,0,1.08953e-18
37,2,5,2150,1,-4.74685,9.19619,6.19596,0,1.54554e-18
38,2,4,1816,1,-3.2513,7.12022,4.10191,0,6.57544e-19
38,2,5,2150,1,-4.74685,9.19619,6.19596,0,9.3275e-19
39,2,4,1816,1,-3.2513,7.12022,4.10191,0,8.29049e-16
39,2,5,2150,1,-4.74684,9.19619,6.19596,0,7.15896e-16
40,2,4,1816,1,-3.2513,7.12022,4.10191,0,9.43741e-19
40,2,5,2150,1,-4.74684,9.19619,6.19596,0,1.33873e-18
41,2,4,1816,1,-3.2513,7.12022,4.10191,0,9.43741e-19
41,2,5,2150,1,-4.74684,9.19619,6.19596,0,1.33873e-18
42,2,4,1816,1,-3.2513,7.12022,4.10191,0,2.50445e-18
42,2,5,2150,1,-4.74684,9.19619,6.19596,0,3.55265e-18
43,2,4,1816,1,-3.2513,7.12022,4.10191,0,2.90638e-19
43,2,5,2150,1,-4.74684,9.19619,6.19596,0,4.12281e-19
44,2,4,1816,1,-3.2513,7.12022,4.10191,0,2.90638e-19
44,2,5,2150,1,-4.74684,9.19619,6.19596,0,4.12281e-19
45,2,4,1816,1,-3.2513,7.12022,4.10191,0,1.11309e-18
45,2,5,2150,1,-4.74684,9.19619,6.19596,0,1.57896e-18
46,2,4,1816,1,-3.2513,7.12022,4.10191,0,1.08953e-18
46,2,5,2150,1,-4.74684,9.19619,6.19596,0,1.54554e-18
47,2,4,1816,1,-3.2513,7.12022,4.10191,0,9.25327e-19
47,2,5,2150,1,-4.74684,9.19619,6.19596,0,1.31261e-18
48,2,4,1816,1,-3.2513,7.12022,4.10191,0,9.25327e-19
48,2,5,2150,1,-4.74684,9.19619,6.19596,0,1.31261e-18
49,2,4,1816,1,-3.2513,7.12022,4.10191,0,1.22454e-18
49,2,5,2150,1,-4.74684,9.19619,6.19596,0,1.73706e-18
50,2,4,1816,1,-3.2513,7.12022,4.10191,0,9.07446e-19
50,2,5,2150,1,-4.74684,9.19619,6.19596,0,1.28725e-18
51,2,4,1816,1,-3.2513,7.12022,4.10191,0,1.02318e-18
51,2,5,2150,1,-4.74684,9.19619,6.19596,0,1.45142e-18
52,2,4,1816,1,-3.2513,7.12022,4.10191,0,1.16255e-18
52,2,5,2150,1,-4.74684,9.19619,6.19596,0,1.64912e-18
53,2,4,1816,1,-3.2513,7.12022,4.10191,0,1.00241e-18
53,2,5,2150,1,-4.74684,9.19619,6.19596,0,1.42195e-18
54,2,4,1816,1,-3.2513,7.12022,4.10191,0,1.00241e-18
54,2,5,2150,1,-4.74684,9.19619,6.19596,0,1.42195e-18
55,2,4,1816,1,-3.2513,7.12022,4.10191,0,9.43741e-19
55,2,5,2150,1,-4.74684,9.19619,6.19596,0,1.33873e-18
56,2,4,1816,1,-3.2513,7.12022,4.10191,0,1.11309e-18
56,2,5,2150,1,-4.74684,9.19619,6.19596,0,1.57896e-18
57,2,4,1816,1,-3.2513,7.12022,4.10191,0,2.1446e-18
57,2,5,2150,1,-4.74684,9.19619,6.19596,0,3.04219e-18
58,2,4,1816,1,-3.2513,7.12022,4.10191,0,5.3615e-19
58,2,5,2150,1,-4.74684,9.19619,6.19596,0,7.60548e-19
59,2,4,1816,1,-3.2513,7.12022,4.10191,0,9.6271e-19
59,2,5,2150,1,-4.74684,9.19619,6.19596,0,1.36564e-18
60,2,4,1816,1,-3.2513,7.12022,4.10191,0,7.15451e-19
60,2,5,2150,1,-4.74684,9.19619,6.19596,0,1.01489e-18
61,2,4,1816,1,-3.2513,7.12022,4.10191,0,9.17845e-17
61,2,5,2150,1,-4.74684,9.19619,6.19596,0,2.98662e-19
62,2,4,1816,1,-3.2513,7.12022,4.10191,0,2.08199e-18
62,2,5,2150,1,-4.74684,9.19619,6.19596,0,2.95337e-18
63,2,4,1816,1,-3.2513,7.12022,4.10191,0,5.87592e-19
63,2,5,2150,1,-4.74684,9.19619,6.19596,0,8.3352e-19
64,2,4,1816,1,-3.2513,7.12022,4.10191,0,1.02318e-18
64,2,5,2150,1,-4.74684,9.19619,6.19596,0,1.45142e-18
65,2,4,1816,1,-3.2513,7.12022,4.10191,0,6.46809e-19
65,2,5,2150,1,-4.74684,9.19619,6.19596,0,9.17522e-19
66,2,4,1816,1,-3.2513,7.12022,4.10191,0,3.95591e-19
66,2,5,2150,1,-4.74684,9.19619,6.19596,0,5.6116e-19
67,2,4,1816,1,-3.2513,7.12022,4.10191,0,1.30166e-18
67,2,5,2150,1,-4.74684,9.19619,6.19596,0,1.84646e-18
68,2,4,1816,1,-3.2513,7.12022,4.10191,0,1.44501e-16
68,2,5,2150,1,-4.74684,9.19619,6.19596,0,3.50324e-18
69,2,4,1816,1,-3.2513,7.12022,4.10191,0,1.04461e-18
69,2,5,2150,1,-4.74684,9.19619,6.19596,0,1.48181e-18
70,2,4,1816,1,-3.2513,7.12022,4.10191,0,1.04461e-18
70,2,5,2150,1,-4.74684,9.19619,6.19596,0,1.48181e-18
71,2,4,1816,1,-3.2513,7.12022,4.10191,0,0
71,2,5,2150,1,-4.74684,9.19619,6.19596,0,0
72,2,4,1816,1,-3.2513,7.12022,4.10191,0,0
72,2,5,2150,1,-4.74684,9.19619,6.19596,0,0
73,2,4,1816,1,-3.2513,7.12022,4.10191,0,0
73,2,5,2150,1,-4.74684,9.19619,6.19596,0,0
74,2,4,1816,1,-3.2513,7.12022,4.10191,0,0
74,2,5,2150,1,-4.74684,9.19619,6.19596,0,0
75,2,4,1816,1,-3.2513,7.12022,4.10191,0,0
75,2,5,2150,1,-4.74684,9.19619,6.19596,0,0
76,2,4,1816,1,-3.2513,7.12022,4.10191,0,0
76,2,5,2150,1,-4.74684,9.19619,6.19596,0,0
77,2,4,1816,1,-3.2513,7.12022,4.10191,0,0
77,2,5,2150,1,-4.74684,9.19619,6.19596,0,0
78,2,4,1816,1,-3.2513,7.12022,4.10191,0,0
78,2,5,2150,1,-4.74684,9.19619,6.19596,0,0
79,2,4,1816,1,-3.2513,7.12022,4.10191,0,0
79,2,5,2150,1,-4.74684,9.19619,6.19596,0,0
80,2,4,1816,1,-3.2513,7.12022,4.10191,0,0
80,2,5,2150,1,-4.74684,9.19619,6.19596,0,0
81,2,4,1816,1,-3.2513,7.12022,4.10191,0,0
81,2,5,2150,1,-4.74684,9.19619,6.19596,0,0
82,2,4,1816,1,-3.2513,7.12022,4.10191,0,0
82,2,5,2150,1,-4.74684,9.19619,6.19596,0,0
83,2,4,1816,1,-3.2513,7.12022,4.10191,0,0
83,2,5,2150,1,-4.74684,9.19619,6.19596,0,0
84,2,4,1816,1,-3.2513,7.12022,4.10191,0,0
84,2,5,2150,1,-4.74684,9.19619,6.19596,0,0
85,2,4,1816,1,-3.2513,7.12022,4.10191,0,0
85,2,5,2150,1,-4.74684,9.19619,6.19596,0,0
86,2,4,1816,1,-3.2513,7.12022,4.10191,0,0
86,2,5,2150,1,-4.74684,9.19619,6.19596,0,0
87,2,4,1816,1,-3.2513,7.12022,4.10191,0,0
87,2,5,2150,1,-4.74684,9.19619,6.19596,0,0
88,2,4,1816,1,-3.2513,7.12022,4.10191,0,0
88,2,5,2150,1,-4.74684,9.19619,6.19596,0,0
89,2,4,1816,1,-3.2513,7.12022,4.10191,0,0
89,2,5,2150,1,-4.74684,9.19619,6.19596,0,0
90,2,4,1816,1,-3.2513,7.12022,4.10191,0,0
90,2,5,2150,1,-4.74684,9.19619,6.19596,0,0
91,2,4,1816,1,-3.2513,7.12022,4.10191,0,0
91,2,5,2150,1,-4.74684,9.19619,6.19596,0,0
92,2,4,1816,1,-3.2513,7.12022,4.10191,0,0
92,2,5,2150,1,-4.74684,9.19619,6.19596,0,0
93,2,4,1816,1,-3.2513,7.12022,4.10191,0,0
93,2,5,2150,1,-4.74684,9.19619,6.19596,0,0
94,2,4,1816,1,-3.2513,7.12022,4.10191,0,0
94,2,5,2150,1,-4.74684,9.19619,6.19596,0,0
95,2,4,1816,1,-3.2513,7.12022,4.10191,0,0
95,2,5,2150,1,-4.74684,9.19619,6.19596,0,0
96,2,4,1816,1,-3.2513,7.12022,4.10191,0,0
96,2,5,2150,1,-4.74684,9.19619,6.19596,0,0
97,2,4,1816,1,-3.2513,7.12022,4.10191,0,0
97,2,5,2150,1,-4.74684,9.19619,6.19596,0,0
98,2,4,1816,1,-3.2513,7.12022,4.10191,0,0
98,2,5,2150,1,-4.74684,9.19619,6.19596,0,0
99,2,4,1816,1,-3.2513,7.12022,4.10191,0,0
99,2,5,2150,1,-4.74684,9.19619,6.19596,0,0
100,2,4,1816,1,-3.2513,7.12022,4.10191,0,0
100,2,5,2150,1,-4.74684,9.19619,6.19596,0,0
101,2,4,1816,1,-3.2513,7.12022,4.10191,0,0
101,2,5,2150,1,-4.74684,9.19619,6.19596,0,0
102,2,4,1816,1,-3.2513,7.12022,4.10191,0,0
102,2,5,2150,1,-4.74684,9.19619,6.19596,0,0
103,2,4,1816,1,-3.2513,7.12022,4.10191,0,0
103,2,5,2150,1,-4.74684,9.19619,6.19596,0,0
104,2,4,1816,1,-3.2513,7.12022,4.10191,0,0
104,2,5,2150,1,-4.74684,9.19619,6.19596,0,0
105,2,4,1816,1,-3.2513,7.12022,4.10191,0,0
105,2,5,2150,1,-4.74684,9.19619,6.19596,0,0
106,2,4,1816,1,-3.2513,7.12022,4.10191,0,0
106,2,5,2150,1,-4.74684,9.19619,6.19596,0,0
107,2,4,1816,1,-3.2513,7.12022,4.10191,0,0
107,2,5,2150,1,-4.74684,9.19619,6.19596,0,0
108,2,4,1816,1,-3.2513,7.12022,4.10191,0,0
108,2,5,2150,1,-4.74684,9.19619,6.19596,0,0
109,2,4,1816,1,-3.2513,7.12022,4.10191,0,0
109,2,5,2150,1,-4.74684,9.19619,6.19596,0,0
110,2,4,1816,1,-3.2513,7.12022,4.10191,0,0
110,2,5,2150,1,-4.74684,9.19619,6.19596,0,0
111,2,4,1816,1,-3.2513,7.12022,4.10191,0,0
111,2,5,2150,1,-4.74684,9.19619,6.19596,0,0
112,2,4,1816,1,-3.2513,7.12022,4.10191,0,0
112,2,5,2150,1,-4.74684,9.19619,6.19596,0,0
113,2,4,1816,1,-3.2513,7.12022,4.10191,0,0
113,2,5,2150,1,-4.74684,9.19619,6.19596,0,0
114,2,4,1816,1,-3.2513,7.12022,4.10191,0,0
114,2,5,2150,1,-4.74684,9.19619,6.19596,0,0
115,2,4,1816,1,-3.2513,7.12022,4.10191,0,0
115,2,5,2150,1,-4.74684,9.19619,6.19596,0,0
116,2,4,1816,1,-3.2513,7.12022,4.10191,0,0
116,2,5,2150,1,-4.74684,9.19619,6.19596,0,0
117,2,4,1816,1,-3.2513,7.12022,4.10191,0,0
117,2,5,2150,1,-4.74684,9.19619,6.19596,0,0
118,2,4,1816,1,-3.2513,7.12022,4.10191,0,0
118,2,5,2150,1,-4.74684,9.19619,6.19596,0,0
119,2,4,1816,1,-3.2513,7.12022,4.10191,0,0
119,2,5,2150,1,-4.74684,9.19619,6.19596,0,0
120,2,4,1816,1,-3.2513,7.12022,4.10191,0,0
120,2,5,2150,1,-4.74684,9.19619,6.19596,0,0
121,2,4,1816,1,-3.2513,7.12022,4.10191,0,0
121,2,5,2150,1,-4.74684,9.19619,6.19596,0,0
122,2,4,1816,1,-3.2513,7.12022,4.10191,0,0
122,2,5,2150,1,-4.74684,9.19619,6.19596,0,0
123,2,4,1816,1,-3.2513,7.12022,4.10191,0,0
123,2,5,2150,1,-4.74684,9.19619,6.19596,0,0
124,2,4,1816,1,-3.2513,7.12022,4.10191,0,0
124,2,5,2150,1,-4.74684,9.19619,6.19596,0,0
125,2,4,1816,1,-3.2513,7.12022,4.10191,0,0
125,2,5,2150,1,-4.74684,9.19619,6.19596,0,0
126,2,4,1816,1,-3.2513,7.12022,4.10191,0,0
126,2,5,2150,1,-4.74684,9.19619,6.19596,0,0
127,2,4,1816,1,-3.2513,7.12022,4.10191,0,0
127,2,5,2150,1,-4.74684,9.19619,6.19596,0,0
128,2,4,1816,1,-3.2513,7.12022,4.10191,0,0
128,2,5,2150,1,-4.74684,9.19619,6.19596,0,0
129,2,4,1816,1,-3.2513,7.12022,4.10191,0,0
129,2,5,2150,1,-4.74684,9.19619,6.19596,0,0
130,2,4,1816,1,-3.2513,7.12022,4.10191,0,0
130,2,5,2150,1,-4.74684,9.19619,6.19596,0,0
131,2,4,1816,1,-3.2513,7.12022,4.10191,0,0
131,2,5,2150,1,-4.74684,9.19619,6.19596,0,0
132,2,4,1816,1,-3.2513,7.12022,4.10191,0,0
132,2,5,2150,1,-4.74684,9.19619,6.19596,0,0
133,2,4,1816,1,-3.2513,7.12022,4.10191,0,0
133,2,5,2150,1,-4.74684,9.19619,6.19596,0,0
134,2,4,1816,1,-3.2513,7.12022,4.10191,0,0
134,2,5,2150,1,-4.74684,9.19619,6.19596,0,0
135,2,4,1816,1,-3.2513,7.12022,4.10191,0,0
135,2,5,2150,1,-4.74684,9.19619,6.19596,0,0
136,2,4,1816,1,-3.2513,7.12022,4.10191,0,0
136,2,5,2150,1,-4.74684,9.19619,6.19596,0,0
137,2,4,1816,1,-3.2513,7.12022,4.10191,0,0
137,2,5,2150,1,-4.74684,9.19619,6.19596,0,0
138,2,4,1816,1,-3.2513,7.12022,4.10191,0,0
138,2,5,2150,1,-4.74684,9.19619,6.19596,0,0
139,2,4,1816,1,-3.2513,7.12022,4.10191,0,0
139,2,5,2150,1,-4.74684,9.19619,6.19596,0,0
140,2,4,1816,1,-3.2513,7.12022,4.10191,0,0
140,2,5,2150,1,-4.74684,9.19619,6.19596,0,0
141,2,4,1816,1,-3.2513,7.12022,4.10191,0,0
141,2,5,2150,1,-4.74684,9.19619,6.19596,0,0
142,2,4,1816,1,-3.2513,7.12022,4.10191,0,0
142,2,5,2150,1,-4.74684,9.19619,6.19596,0,0
143,2,4,1816,1,-3.2513,7.12022,4.10191,0,0
143,2,5,2150,1,-4.74684,9.19619,6.19596,0,0
144,2,4,1816,1,-3.2513,7.12022,4.10191,0,0
144,2,5,2150,1,-4.74684,9.19619,6.19596,0,0
145,2,4,1816,1,-3.2513,7.12022,4.10191,0,0
145,2,5,2150,1,-4.74684,9.19619,6.19596,0,0
146,2,4,1816,1,-3.2513,7.12022,4.10191,0,0
146,2,5,2150,1,-4.74684,9.19619,6.19596,0,0
147,2,4,1816,1,-3.2513,7.12022,4.10191,0,0
147,2,5,2150,1,-4.74684,9.19619,6.19596,0,0
148,2,4,1816,1,-3.2513,7.12022,4.10191,0,0
148,2,5,2150,1,-4.74684,9.19619,6.19596,0,0
149,2,4,1816,1,-3.2513,7.12022,4.10191,0,0
149,2,5,2150,1,-4.74684,9.19619,6.19596,0,0
150,2,4,1816,1,-3.2513,7.12022,4.10191,0,0
150,2,5,2150,1,-4.74684,9.19619,6.19596,0,0
151,2,4,1816,1,-3.2513,7.12022,4.10191,0,0
151,2,5,2150,1,-4.74684,9.19619,6.19596,0,0
152,2,4,1816,1,-3.2513,7.12022,4.10191,0,0
152,2,5,2150,1,-4.74684,9.19619,6.19596,0,0
153,2,4,1816,1,-3.2513,7.12022,4.10191,0,0
153,2,5,2150,1,-4.74684,9.19619,6.19596,0,0
154,2,4,1816,1,-3.2513,7.12022,4.10191,0,0
154,2,5,2150,1,-4.74684,9.19619,6.19596,0,0
155,2,4,1816,1,-3.2513,7.12022,4.10191,0,0
155,2,5,2150,1,-4.74684,9.19619,6.19596,0,0
156,2,4,1816,1,-3.2513,7.12022,4.10191,0,0
156,2,5,2150,1,-4.74684,9.19619,6.19596,0,0
157,2,4,1816,1,-3.2513,7.12022,4.10191,0,0
157,2,5,2150,1,-4.74684,9.19619,6.19596,0,0
158,2,4,1816,1,-3.2513,7.12022,4.10191,0,0
158,2,5,2150,1,-4.74684,9.19619,6.19596,0,0
159,2,4,1816,1,-3.2513,7.12022,4.10191,0,0
159,2,5,2150,1,-4.74684,9.19619,6.19596,0,0
160,2,4,1816,1,-3.2513,7.12022,4.10191,0,0
160,2,5,2150,1,-4.74684,9.19619,6.19596,0,0
161,2,4,1816,1,-3.2513,7.12022,4.10191,0,0
161,2,5,2150,1,-4.74684,9.19619,6.19596,0,0
162,2,4,1816,1,-3.2513,7.12022,4.10191,0,0
162,2,5,2150,1,-4.74684,9.19619,6.19596,0,0
163,2,4,1816,1,-3.2513,7.12022,4.10191,0,0
163,2,5,2150,1,-4.74684,9.19619,6.19596,0,0
164,2,4,1816,1,-3.2513,7.12022,4.10191,0,0
164,2,5,2150,1,-4.74684,9.19619,6.19596,0,0
165,2,4,1816,1,-3.2513,7.12022,4.10191,0,0
165,2,5,2150,1,-4.74684,9.19619,6.19596,0,0
166,2,4,1816,1,-3.2513,7.12022,4.10191,0,0
166,2,5,2150,1,-4.74684,9.19619,6.19596,0,0
167,2,4,1816,1,-3.2513,7.12022,4.10191,0,0
167,2,5,2150,1,-4.74684,9.19619,6.19596,0,0
168,2,4,1816,1,-3.2513,7.12022,4.10191,0,0
168,2,5,2150,1,-4.74684,9.19619,6.19596,0,0
169,2,4,1816,1,-3.2513,7.12022,4.10191,0,0
169,2,5,2150,1,-4.74684,9.19619,6.19596,0,0
170,2,4,1816,1,-3.2513,7.12022,4.10191,0,0
170,2,5,2150,1,-4.74684,9.19619,6.19596,0,0
171,2,4,1816,1,-3.2513,7.12022,4.10191,0,0
171,2,5,2150,1,-4.74684,9.19619,6.19596,0,0
172,2,4,1816,1,-3.2513,7.12022,4.10191,0,0
172,2,5,2150,1,-4.74684,9.19619,6.19596,0,0
173,2,4,1816,1,-3.2513,7.12022,4.10191,0,0
173,2,5,2150,1,-4.74684,9.19619,6.19596,0,0
174,2,4,1816,1,-3.2513,7.12022,4.10191,0,0
174,2,5,2150,1,-4.74684,9.19619,6.19596,0,0
175,2,4,1816,1,-3.2513,7.12022,4.10191,0,0
175,2,5,2150,1,-4.74684,9.19619,6.19596,0,0
176,2,4,1816,1,-3.2513,7.12022,4.10191,0,0
176,2,5,2150,1,-4.74684,9.19619,6.19596,0,0
177,2,4,1816,1,-3.2513,7.12022,4.10191,0,0
177,2,5,2150,1,-4.74684,9.19619,6.19596,0,0
178,2,4,1816,1,-3.2513,7.12022,4.10191,0,0
178,2,5,2150,1,-4.74684,9.19619,6.19596,0,0
179,2,4,1816,1,-3.2513,7.12022,4.10191,0,0
179,2,5,2150,1,-4.74684,9.19619,6.19596,0,0
180,2,4,1816,1,-3.2513,7.12022,4.10191,0,0
180,2,5,2150,1,-4.74684,9.19619,6.19596,0,0
181,2,4,1816,1,-3.2513,7.12022,4.10191,0,0
181,2,5,2150,1,-4.74684,9.19619,6.19596,0,0
182,2,4,1816,1,-3.2513,7.12022,4.10191,0,0
182,2,5,2150,1,-4.74684,9.19619,6.19596,0,0
183,2,4,1816,1,-3.2513,7.12022,4.10191,0,0
183,2,5,2150,1,-4.74684,9.19619,6.19596,0,0
184,2,4,1816,1,-3.2513,7.12022,4.10191,0,0
184,2,5,2150,1,-4.74684,9.19619,6.19596,0,0
185,2,4,1816,1,-3.2513,7.12022,4.10191,0,0
185,2,5,2150,1,-4.74684,9.19619,6.19596,0,0
186,2,4,1816,1,-3.2513,7.12022,4.10191,0,0
186,2,5,2150,1,-4.74684,9.19619,6.19596,0,0
187,2,4,1816,1,-3.2513,7.12022,4.10191,0,0
187,2,5,2150,1,-4.74684,9.19619,6.19596,0,0
188,2,4,1816,1,-3.2513,7.12022,4.10191,0,0
188,2,5,2150,1,-4.74684,9.19619,6.19596,0,0
189,2,4,1816,1,-3.2513,7.12022,4.10191,0,0
189,2,5,2150,1,-4.74684,9.19619,6.19596,0,0
190,2,4,1816,1,-3.2513,7.12022,4.10191,0,0
190,2,5,2150,1,-4.74684,9.19619,6.19596,0,0
191,2,4,1816,1,-3.2513,7.12022,4.10191,0,0
191,2,5,2150,1,-4.74684,9.19619,6.19596,0,0
192,2,4,1816,1,-3.2513,7.12022,4.10191,0,0
192,2,5,2150,1,-4.74684,9.19619,6.19596,0,0
193,2,4,1816,1,-3.2513,7.12022,4.10191,0,0
193,2,5,2150,1,-4.74684,9.19619,6.19596,0,0
194,2,4,1816,1,-3.2513,7.12022,4.10191,0,0
194,2,5,2150,1,-4.74684,9.19619,6.19596,0,0
195,2,4,1816,1,-3.2513,7.12022,4.10191,0,0
195,2,5,2150,1,-4.74684,9.19619,6.19596,0,0
196,2,4,1816,1,-3.2513,7.12022,4.10191,0,0
196,2,5,2150,1,-4.74684,9.19619,6.19596,0,0
197,2,4,1816,1,-3.2513,7.12022,4.10191,0,0
197,2,5,2150,1,-4.74684,9.19619,6.19596,0,0
198,2,4,1816,1,-3.2513,7.12022,4.10191,0,0
198,2,5,2150,1,-4.74684,9.19619,6.19596,0,0
199,2,4,1816,1,-3.2513,7.12022,4.10191,0,0
199,2,5,2150,1,-4.74684,9.19619,6.19596,0,0
200,2,4,1816,1,-3.2513,7.12022,4.10191,0,0
200,2,5,2150,1,-4.74684,9.19619,6.19596,0,0
201,2,4,1816,1,-3.2513,7.12022,4.10191,0,0
201,2,5,2150,1,-4.74684,9.19619,6.19596,0,0
202,2,4,1816,1,-3.2513,7.12022,4.10191,0,0
202,2,5,2150,1,-4.74684,9.19619,6.19596,0,0
203,2,4,1816,1,-3.2513,7.12022,4.10191,0,0
203,2,5,2150,1,-4.74684,9.19619,6.19596,0,0
204,2,4,1816,1,-3.2513,7.12022,4.10191,0,0
204,2,5,2150,1,-4.74684,9.19619,6.19596,0,0
205,2,4,1816,1,-3.2513,7.12022,4.10191,0,0
205,2,5,2150,1,-4.74684,9.19619,6.19596,0,0
206,2,4,1816,1,-3.2513,7.12022,4.10191,0,0
206,2,5,2150,1,-4.74684,9.19619,6.19596,0,0
207,2,4,1816,1,-3.2513,7.12022,4.10191,0,0
207,2,5,2150,1,-4.74684,9.19619,6.19596,0,0
208,2,4,1816,1,-3.2513,7.12022,4.10191,0,0
208,2,5,2150,1,-4.74684,9.19619,6.19596,0,0
209,2,4,1816,1,-3.2513,7.12022,4.10191,0,0
209,2,5,2150,1,-4.74684,9.19619,6.19596,0,0
210,2,4,1816,1,-3.2513,7.12022,4.10191,0,0
210,2,5,2150,1,-4.74684,9.19619,6.19596,0,0
211,2,4,1816,1,-3.2513,7.12022,4.10191,0,0
211,2,5,2150,1,-4.74684,9.19619,6.19596,0,0
212,2,4,1816,1,-3.2513,7.12022,4.10191,0,0
212,2,5,2150,1,-4.74684,9.19619,6.19596,0,0
213,2,4,1816,1,-3.2513,7.12022,4.10191,0,0
213,2,5,2150,1,-4.74684,9.19619,6.19596,0,0
214,2,4,1816,1,-3.2513,7.12022,4.10191,0,0
214,2,5,2150,1,-4.74684,9.19619,6.19596,0,0
215,2,4,1816,1,-3.2513,7.12022,4.10191,0,0
215,2,5,2150,1,-4.74684,9.19619,6.19596,0,0
216,2,4,1816,1,-3.2513,7.12022,4.10191,0,0
216,2,5,2150,1,-4.74684,9.19619,6.19596,0,0
217,2,4,1816,1,-3.2513,7.12022,4.10191,0,0
217,2,5,2150,1,-4.74684,9.19619,6.19596,0,0
218,2,4,1816,1,-3.2513,7.12022,4.10191,0,0
218,2,5,2150,1,-4.74684,9.19619,6.19596,0,0
219,2,4,1816,1,-3.2513,7.12022,4.10191,0,0
219,2,5,2150,1,-4.74684,9.19619,6.19596,0,0
220,2,4,1816,1,-3.2513,7.12022,4.10191,0,0
220,2,5,2150,1,-4.74684,9.19619,6.19596,0,0
221,2,4,1816,1,-3.2513,7.12022,4.10191,0,0
221,2,5,2150,1,-4.74684,9.19619,6.19596,0,0
222,2,4,1816,1,-3.2513,7.12022,4.10191,0,0
222,2,5,2150,1,-4.74684,9.19619,6.19596,0,0
223,2,4,1816,1,-3.2513,7.12022,4.10191,0,0
223,2,5,2150,1,-4.74684,9.19619,6.19596,0,0
224,2,4,1816,1,-3.2513,7.12022,4.10191,0,0
224,2,5,2150,1,-4.74684,9.19619,6.19596,0,0
225,2,4,1816,1,-3.2513,7.12022,4.10191,0,0
225,2,5,2150,1,-4.74684,9.19619,6.19596,0,0
226,2,4,1816,1,-3.2513,7.12022,4.10191,0,0
226,2,5,2150,1,-4.74684,9.19619,6.19596,0,0
227,2,4,1816,1,-3.2513,7.12022,4.10191,0,0
227,2,5,2150,1,-4.74684,9.19619,6.19596,0,0
228,2,4,1816,1,-3.2513,7.12022,4.10191,0,0
228,2,5,2150,1,-4.74684,9.19619,6.19596,0,0
229,2,4,1816,1,-3.2513,7.12022,4.10191,0,0
229,2,5,2150,1,-4.74684,9.19619,6.19596,0,0
230,2,4,1816,1,-3.2513,7.12022,4.10191,0,0
230,2,5,2150,1,-4.74684,9.19619,6.19596,0,0
231,2,4,1816,1,-3.2513,7.12022,4.10191,0,0
231,2,5,2150,1,-4.74684,9.19619,6.19596,0,0
232,2,4,1816,1,-3.2513,7.12022,4.10191,0,0
232,2,5,2150,1,-4.74684,9.19619,6.19596,0,0
233,2,4,1816,1,-3.2513,7.12022,4.10191,0,0
233,2,5,2150,1,-4.74684,9.19619,6.19596,0,0
234,2,4,1816,1,-3.2513,7.12022,4.10191,0,0
234,2,5,2150,1,-4.74684,9.19619,6.19596,0,0
235,2,4,1816,1,-3.2513,7.12022,4.10191,0,0
235,2,5,2150,1,-4.74684,9.19619,6.19596,0,0
236,2,4,1816,1,-3.2513,7.12022,4.10191,0,0
236,2,5,2150,1,-4.74684,9.19619,6.19596,0,0
237,2,4,1816,1,-3.2513,7.12022,4.10191,0,0
237,2,5,2150,1,-4.74684,9.19619,6.19596,0,0
238,2,4,1816,1,-3.2513,7.12022,4.10191,0,0
238,2,5,2150,1,-4.74684,9.19619,6.19596,0,0
239,2,4,1816,1,-3.2513,7.12022,4.10191,0,0
239,2,5,2150,1,-4.74684,9.19619,6.19596,0,0
240,2,4,1816,1,-3.2513,7.12022,4.10191,0,0
240,2,5,2150,1,-4.74684,9.19619,6.19596,0,0
241,2,4,1816,1,-3.2513,7.12022,4.10191,0,0
241,2,5,2150,1,-4.74684,9.19619,6.19596,0,0
242,2,4,1816,1,-3.2513,7.12022,4.10191,0,0
242,2,5,2150,1,-4.74684,9.19619,6.19596,0,0
243,2,4,1816,1,-3.2513,7.12022,4.10191,0,0
243,2,5,2150,1,-4.74684,9.19619,6.19596,0,0
244,2,4,1816,1,-3.2513,7.12022,4.10191,0,0
244,2,5,2150,1,-4.74684,9.19619,6.19596,0,0
245,2,4,1816,1,-3.2513,7.12022,4.10191,0,0
245,2,5,2150,1,-4.74684,9.19619,6.19596,0,0
246,2,4,1816,1,-3.2513,7.12022,4.10191,0,0
246,2,5,2150,1,-4.74684,9.19619,6.19596,0,0
247,2,4,1816,1,-3.2513,7.12022,4.10191,0,0
247,2,5,2150,1,-4.74684,9.19619,6.19596,0,0
248,2,4,1816,1,-3.2513,7.12022,4.10191,0,0
248,2,5,2150,1,-4.74684,9.19619,6.19596,0,0
249,2,4,1816,1,-3.2513,7.12022,4.10191,0,0
249,2,5,2150,1,-4.74684,9.19619,6.19596,0,0
250,2,4,1816,1,-3.2513,7.12022,4.10191,0,0
250,2,5,2150,1,-4.74684,9.19619,6.19596,0,0
251,2,4,1816,1,-3.2513,7.12022,4.10191,0,0
251,2,5,2150,1,-4.74684,9.19619,6.19596,0,0
252,2,4,1816,1,-3.2513,7.12022,4.10191,0,0
252,2,5,2150,1,-4.74684,9.19619,6.19596,0,0
253,2,4,1816,1,-3.2513,7.12022,4.10191,0,0
253,2,5,2150,1,-4.74684,9.19619,6.19596,0,0
254,2,4,1816,1,-3.2513,7.12022,4.10191,0,0
254,2,5,2150,1,-4.74684,9.19619,6.19596,0,0
255,2,4,1816,1,-3.2513,7.12022,4.10191,0,0
255,2,5,2150,1,-4.74684,9.19619,6.19596,0,0
256,2,4,1816,1,-3.2513,7.12022,4.10191,0,0
256,2,5,2150,1,-4.74684,9.19619,6.19596,0,0
257,2,4,1816,1,-3.2513,7.12022,4.10191,0,0
257,2,5,2150,1,-4.74684,9.19619,6.19596,0,0
258,2,4,1816,1,-3.2513,7.12022,4.10191,0,0
258,2,5,2150,1,-4.74684,9.19619,6.19596,0,0
259,2,4,1816,1,-3.2513,7.12022,4.10191,0,0
259,2,5,2150,1,-4.74684,9.19619,6.19596,0,0
260,2,4,1816,1,-3.2513,7.12022,4.10191,0,0
260,2,5,2150,1,-4.74684,9.19619,6.19596,0,0
261,2,4,1816,1,-3.2513,7.12022,4.10191,0,0
261,2,5,2150,1,-4.74684,9.19619,6.19596,0,0
262,2,4,1816,1,-3.2513,7.12022,4.10191,0,0
262,2,5,2150,1,-4.74684,9.19619,6.19596,0,0
263,2,4,1816,1,-3.2513,7.12022,4.10191,0,0
263,2,5,2150,1,-4.74684,9.19619,6.19596,0,0
264,2,4,1816,1,-3.2513,7.12022,4.10191,0,0
264,2,5,2150,1,-4.74684,9.19619,6.19596,0,0
265,2,4,1816,1,-3.2513,7.12022,4.10191,0,0
265,2,5,2150,1,-4.74684,9.19619,6.19596,0,0
266,2,4,1816,1,-3.2513,7.12022,4.10191,0,0
266,2,5,2150,1,-4.74684,9.19619,6.19596,0,0
267,2,4,1816,1,-3.2513,7.12022,4.10191,0,0
267,2,5,2150,1,-4.74684,9.19619,6.19596,0,0
268,2,4,1816,1,-3.2513,7.12022,4.10191,0,0
268,2,5,2150,1,-4.74684,9.19619,6.19596,0,0
269,2,4,1816,1,-3.2513,7.12022,4.10191,0,0
269,2,5,2150,1,-4.74684,9.19619,6.19596,0,0
270,2,4,1816,1,-3.2513,7.12022,4.10191,0,0
270,2,5,2150,1,-4.74684,9.19619,6.19596,0,0
271,2,4,1816,1,-3.2513,7.12022,4.10191,0,0
271,2,5,2150,1,-4.74684,9.19619,6.19596,0,0
272,2,4,1816,1,-3.2513,7.12022,4.10191,0,0
272,2,5,2150,1,-4.74684,9.19619,6.19596,0,0
273,2,4,1816,1,-3.2513,7.12022,4.10191,0,0
273,2,5,2150,1,-4.74684,9.19619,6.19596,0,0
274,2,4,1816,1,-3.2513,7.12022,4.10191,0,0
274,2,5,2150,1,-4.74684,9.19619,6.19596,0,0
275,2,4,1816,1,-3.2513,7.12022,4.10191,0,0
275,2,5,2150,1,-4.74684,9.19619,6.19596,0,0
276,2,4,1816,1,-3.2513,7.12022,4.10191,0,0
276,2,5,2150,1,-4.74684,9.19619,6.19596,0,0
277,2,4,1816,1,-3.2513,7.12022,4.10191,0,0
277,2,5,2150,1,-4.74684,9.19619,6.19596,0,0
278,2,4,1816,1,-3.2513,7.12022,4.10191,0,0
278,2,5,2150,1,-4.74684,9.19619,6.19596,0,0
279,2,4,1816,1,-3.2513,7.12022,4.10191,0,0
279,2,5,2150,1,-4.74684,9.19619,6.19596,0,0
280,2,4,1816,1,-3.2513,7.12022,4.10191,0,0
280,2,5,2150,1,-4.74684,9.19619,6.19596,0,0
281,2,4,1816,1,-3.2513,7.12022,4.10191,0,0
281,2,5,2150,1,-4.74684,9.19619,6.19596,0,0
282,2,4,1816,1,-3.2513,7.12022,4.10191,0,0
282,2,5,2150,1,-4.74684,9.19619,6.19596,0,0
283,2,4,1816,1,-3.2513,7.12022,4.10191,0,0
283,2,5,2150,1,-4.74684,9.19619,6.19596,0,0
284,2,4,1816,1,-3.2513,7.12022,4.10191,0,0
284,2,5,2150,1,-4.74684,9.19619,6.19596,0,0
285,2,4,1816,1,-3.2513,7.12022,4.10191,0,0
285,2,5,2150,1,-4.74684,9.19619,6.19596,0,0
286,2,4,1816,1,-3.2513,7.12022,4.10191,0,0
286,2,5,2150,1,-4.74684,9.19619,6.19596,0,0
287,2,4,1816,1,-3.2513,7.12022,4.10191,0,0
287,2,5,2150,1,-4.74684,9.19619,6.19596,0,0
288,2,4,1816,1,-3.2513,7.12022,4.10191,0,0
288,2,5,2150,1,-4.74684,9.19619,6.19596,0,0
289,2,4,1816,1,-3.2513,7.12022,4.10191,0,0
289,2,5,2150,1,-4.74684,9.19619,6.19596,0,0
290,2,4,1816,1,-3.2513,7.12022,4.10191,0,0
290,2,5,2150,1,-4.74684,9.19619,6.19596,0,0
291,2,4,1816,1,-3.2513,7.12022,4.10191,0,0
291,2,5,2150,1,-4.74684,9.19619,6.19596,0,0
292,2,4,1816,1,-3.2513,7.12022,4.10191,0,0
292,2,5,2150,1,-4.74684,9.19619,6.19596,0,0
293,2,4,1816,1,-3.2513,7.12022,4.10191,0,0
293,2,5,2150,1,-4.74684,9.19619,6.19596,0,0
294,2,4,1816,1,-3.2513,7.12022,4.10191,0,0
294,2,5,2150,1,-4.74684,9.19619,6.19596,0,0
295,2,4,1816,1,-3.2513,7.12022,4.10191,0,0
295,2,5,2150,1,-4.74684,9.19619,6.19596,0,0
296,2,4,1816,1,-3.2513,7.12022,4.10191,0,0
296,2,5,2150,1,-4.74684,9.19619,6.19596,0,0
297,2,4,1816,1,-3.2513,7.12022,4.10191,0,0
297,2,5,2150,1,-4.74684,9.19619,6.19596,0,0
298,2,4,1816,1,-3.2513,7.12022,4.10191,0,0
298,2,5,2150,1,-4.74684,9.19619,6.19596,0,0
299,2,4,1816,1,-3.2513,7.12022,4.10191,0,0
299,2,5,2150,1,-4.74684,9.19619,6.19596,0,0
300,2,4,1816,1,-3.2513,7.12022,4.10191,0,0
300,2,5,2150,1,-4.74684,9.19619,6.19596,0,0
301,2,4,1816,1,-3.2513,7.12022,4.10191,0,0
301,2,5,2150,1,-4.74684,9.19619,6.19596,0,0
302,2,4,1816,1,-3.2513,7.12022,4.10191,0,0
302,2,5,2150,1,-4.74684,9.19619,6.19596,0,0
303,2,4,1816,1,-3.2513,7.12022,4.10191,0,0
303,2,5,2150,1,-4.74684,9.19619,6.19596,0,0
304,2,4,1816,1,-3.2513,7.12022,4.10191,0,0
304,2,5,2150,1,-4.74684,9.19619,6.19596,0,0
305,2,4,1816,1,-3.2513,7.12022,4.10191,0,0
305,2,5,2150,1,-4.74684,9.19619,6.19596,0,0
306,2,4,1816,1,-3.2513,7.12022,4.10191,0,0
306,2,5,2150,1,-4.74684,9.19619,6.19596,0,0
307,2,4,1816,1,-3.2513,7.12022,4.10191,0,0
307,2,5,2150,1,-4.74684,9.19619,6.19596,0,0
308,2,4,1816,1,-3.2513,7.12022,4.10191,0,0
308,2,5,2150,1,-4.74684,9.19619,6.19596,0,0
309,2,4,1816,1,-3.2513,7.12022,4.10191,0,0
309,2,5,2150,1,-4.74684,9.19619,6.19596,0,0
310,2,4,1816,1,-3.2513,7.12022,4.10191,0,0
310,2,5,2150,1,-4.74684,9.19619,6.19596,0,0
311,2,4,1816,1,-3.2513,7.12022,4.10191,0,0
311,2,5,2150,1,-4.74684,9.19619,6.19596,0,0
312,2,4,1816,1,-3.2513,7.12022,4.10191,0,0
312,2,5,2150,1,-4.74684,9.19619,6.19596,0,0
313,2,4,1816,1,-3.2513,7.12022,4.10191,0,0
313,2,5,2150,1,-4.74684,9.19619,6.19596,0,0
314,2,4,1816,1,-3.2513,7.12022,4.10191,0,0
314,2,5,2150,1,-4.74684,9.19619,6.19596,0,0
315,2,4,1816,1,-3.2513,7.12022,4.10191,0,0
315,2,5,2150,1,-4.74684,9.19619,6.19596,0,0
316,2,4,1816,1,-3.2513,7.12022,4.10191,0,0
316,2,5,2150,1,-4.74684,9.19619,6.19596,0,0
317,2,4,1816,1,-3.2513,7.12022,4.10191,0,0
317,2,5,2150,1,-4.74684,9.19619,6.19596,0,0
318,2,4,1816,1,-3.2513,7.12022,4.10191,0,0
318,2,5,2150,1,-4.74684,9.19619,6.19596,0,0
319,2,4,1816,1,-3.2513,7.12022,4.10191,0,0
319,2,5,2150,1,-4.74684,9.19619,6.19596,0,0
320,2,4,1816,1,-3.2513,7.12022,4.10191,0,0
320,2,5,2150,1,-4.74684,9.19619,6.19596,0,0
321,2,4,1816,1,-3.2513,7.12022,4.10191,0,0
321,2,5,2150,1,-4.74684,9.19619,6.19596,0,0
322,2,4,1816,1,-3.2513,7.12022,4.10191,0,0
322,2,5,2150,1,-4.74684,9.19619,6.19596,0,0
323,2,4,1816,1,-3.2513,7.12022,4.10191,0,0
323,2,5,2150,1,-4.74684,9.19619,6.19596,0,0
324,2,4,1816,1,-3.2513,7.12022,4.10191,0,0
324,2,5,2150,1,-4.74684,9.19619,6.19596,0,0
325,2,4,1816,1,-3.2513,7.12022,4.10191,0,0
325,2,5,2150,1,-4.74684,9.19619,6.19596,0,0
326,2,4,1816,1,-3.2513,7.12022,4.10191,0,0
326,2,5,2150,1,-4.74684,9.19619,6.19596,0,0
327,2,4,1816,1,-3.2513,7.12022,4.10191,0,0
327,2,5,2150,1,-4.74684,9.19619,6.19596,0,0
328,2,4,1816,1,-3.2513,7.12022,4.10191,0,0
328,2,5,2150,1,-4.74684,9.19619,6.19596,0,0
329,2,4,1816,1,-3.2513,7.12022,4.10191,0,0
329,2,5,2150,1,-4.74684,9.19619,6.19596,0,0
330,2,4,1816,1,-3.2513,7.12022,4.10191,0,0
330,2,5,2150,1,-4.74684,9.19619,6.19596,0,0
331,2,4,1816,1,-3.2513,7.12022,4.10191,0,0
331,2,5,2150,1,-4.74684,9.19619,6.19596,0,0
332,2,4,1816,1,-3.2513,7.12022,4.10191,0,0
332,2,5,2150,1,-4.74684,9.19619,6.19596,0,0
333,2,4,1816,1,-3.2513,7.12022,4.10191,0,0
333,2,5,2150,1,-4.74684,9.19619,6.19596,0,0
334,2,4,1816,1,-3.2513,7.12022,4.10191,0,0
334,2,5,2150,1,-4.74684,9.19619,6.19596,0,0
335,2,4,1816,1,-3.2513,7.12022,4.10191,0,0
335,2,5,2150,1,-4.74684,9.19619,6.19596,0,0
336,2,4,1816,1,-3.2513,7.12022,4.10191,0,0
336,2,5,2150,1,-4.74684,9.19619,6.19596,0,0
337,2,4,1816,1,-3.2513,7.12022,4.10191,0,0
337,2,5,2150,1,-4.74684,9.19619,6.19596,0,0
338,2,4,1816,1,-3.2513,7.12022,4.10191,0,0
338,2,5,2150,1,-4.74684,9.19619,6.19596,0,0
339,2,4,1816,1,-3.2513,7.12022,4.10191,0,0
339,2,5,2150,1,-4.74684,9.19619,6.19596,0,0
340,2,4,1816,1,-3.2513,7.12022,4.10191,0,0
340,2,5,2150,1,-4.74684,9.19619,6.19596,0,0
341,2,4,1816,1,-3.2513,7.12022,4.10191,0,0
341,2,5,2150,1,-4.74684,9.19619,6.19596,0,0
342,2,4,1816,1,-3.2513,7.12022,4.10191,0,0
342,2,5,2150,1,-4.74684,9.19619,6.19596,0,0
343,2,4,1816,1,-3.2513,7.12022,4.10191,0,0
343,2,5,2150,1,-4.74684,9.19619,6.19596,0,0
344,2,4,1816,1,-3.2513,7.12022,4.10191,0,0
344,2,5,2150,1,-4.74684,9.19619,6.19596,0,0
345,2,4,1816,1,-3.2513,7.12022,4.10191,0,0
345,2,5,2150,1,-4.74684,9.19619,6.19596,0,0
346,2,4,1816,1,-3.2513,7.12022,4.10191,0,0
346,2,5,2150,1,-4.74684,9.19619,6.19596,0,0
347,2,4,1816,1,-3.2513,7.12022,4.10191,0,0
347,2,5,2150,1,-4.74684,9.19619,6.19596,0,0
348,2,4,1816,1,-3.2513,7.12022,4.10191,0,0
348,2,5,2150,1,-4.74684,9.19619,6.19596,0,0
349,2,4,1816,1,-3.2513,7.12022,4.10191,0,0
349,2,5,2150,1,-4.74684,9.19619,6.19596,0,0
350,2,4,1816,1,-3.2513,7.12022,4.10191,0,0
350,2,5,2150,1,-4.74684,9.19619,6.19596,0,0
351,2,4,1816,1,-3.2513,7.12022,4.10191,0,0
351,2,5,2150,1,-4.74684,9.19619,6.19596,0,0
352,2,4,1816,1,-3.2513,7.12022,4.10191,0,0
352,2,5,2150,1,-4.74684,9.19619,6.19596,0,0
353,2,4,1816,1,-3.2513,7.12022,4.10191,0,0
353,2,5,2150,1,-4.74684,9.19619,6.19596,0,0
354,2,4,1816,1,-3.2513,7.12022,4.10191,0,0
354,2,5,2150,1,-4.74684,9.19619,6.19596,0,0
355,2,4,1816,1,-3.2513,7.12022,4.10191,0,0
355,2,5,2150,1,-4.74684,9.19619,6.19596,0,0
356,2,4,1816,1,-3.2513,7.12022,4.10191,0,0
356,2,5,2150,1,-4.74684,9.19619,6.19596,0,0
357,2,4,1816,1,-3.2513,7.12022,4.10191,0,0
357,2,5,2150,1,-4.74684,9.19619,6.19596,0,0
358,2,4,1816,1,-3.2513,7.12022,4.10191,0,0
358,2,5,2150,1,-4.74684,9.19619,6.19596,0,0
359,2,4,1816,1,-3.2513,7.12022,4.10191,0,0
359,2,5,2150,1,-4.74684,9.19619,6.19596,0,0
360,2,4,1816,1,-3.2513,7.12022,4.10191,0,0
360,2,5,2150,1,-4.74684,9.19619,6.19596,0,0
361,2,4,1816,1,-3.2513,7.12022,4.10191,0,0
361,2,5,2150,1,-4.74684,9.19619,6.19596,0,0
362,2,4,1816,1,-3.2513,7.12022,4.10191,0,0
362,2,5,2150,1,-4.74684,9.19619,6.19596,0,0
363,2,4,1816,1,-3.2513,7.12022,4.10191,0,0
363,2,5,2150,1,-4.74684,9.19619,6.19596,0,0
364,2,4,1816,1,-3.2513,7.12022,4.10191,0,0
364,2,5,2150,1,-4.74684,9.19619,6.19596,0,0
365,2,4,1816,1,-3.2513,7.12022,4.10191,0,0
365,2,5,2150,1,-4.74684,9.19619,6.19596,0,0
366,2,4,1816,1,-3.2513,7.12022,4.10191,0,0
366,2,5,2150,1,-4.74684,9.19619,6.19596,0,0
367,2,4,1816,1,-3.2513,7.12022,4.10191,0,0
367,2,5,2150,1,-4.74684,9.19619,6.19596,0,0
368,2,4,1816,1,-3.2513,7.12022,4.10191,0,0
368,2,5,2150,1,-4.74684,9.19619,6.19596,0,0
369,2,4,1816,1,-3.2513,7.12022,4.10191,0,0
369,2,5,2150,1,-4.74684,9.19619,6.19596,0,0
370,2,4,1816,1,-3.2513,7.12022,4.10191,0,0
370,2,5,2150,1,-4.74684,9.19619,6.19596,0,0
371,2,4,1816,1,-3.2513,7.12022,4.10191,0,0
371,2,5,2150,1,-4.74684,9.19619,6.19596,0,0
372,2,4,1816,1,-3.2513,7.12022,4.10191,0,0
372,2,5,2150,1,-4.74684,9.19619,6.19596,0,0
373,2,4,1816,1,-3.2513,7.12022,4.10191,0,0
373,2,5,2150,1,-4.74684,9.19619,6.19596,0,0
374,2,4,1816,1,-3.2513,7.12022,4.10191,0,0
374,2,5,2150,1,-4.74684,9.19619,6.19596,0,0
375,2,4,1816,1,-3.2513,7.12022,4.10191,0,0
375,2,5,2150,1,-4.74684,9.19619,6.19596,0,0
376,2,4,1816,1,-3.2513,7.12022,4.10191,0,0
376,2,5,2150,1,-4.74684,9.19619,6.19596,0,0
377,2,4,1816,1,-3.2513,7.12022,4.10191,0,0
377,2,5,2150,1,-4.74684,9.19619,6.19596,0,0
378,2,4,1816,1,-3.2513,7.12022,4.10191,0,0
378,2,5,2150,1,-4.74684,9.19619,6.19596,0,0
379,2,4,1816,1,-3.2513,7.12022,4.10191,0,0
379,2,5,2150,1,-4.74684,9.19619,6.19596,0,0
380,2,4,1816,1,-3.2513,7.12022,4.10191,0,0
380,2,5,2150,1,-4.74684,9.19619,6.19596,0,0
381,2,4,1816,1,-3.2513,7.12022,4.10191,0,0
381,2,5,2150,1,-4.74684,9.19619,6.19596,0,0
382,2,4,1816,1,-3.2513,7.12022,4.10191,0,0
382,2,5,2150,1,-4.74684,9.19619,6.19596,0,0
383,2,4,1816,1,-3.2513,7.12022,4.10191,0,0
383,2,5,2150,1,-4.74684,9.19619,6.19596,0,0
384,2,4,1816,1,-3.2513,7.12022,4.10191,0,0
384,2,5,2150,1,-4.74684,9.19619,6.19596,0,0
385,2,4,1816,1,-3.2513,7.12022,4.10191,0,0
385,2,5,2150,1,-4.74684,9.19619,6.19596,0,0
386,2,4,1816,1,-3.2513,7.12022,4.10191,0,0
386,2,5,2150,1,-4.74684,9.19619,6.19596,0,0
387,2,4,1816,1,-3.2513,7.12022,4.10191,0,0
387,2,5,2150,1,-4.74684,9.19619,6.19596,0,0
388,2,4,1816,1,-3.2513,7.12022,4.10191,0,0
388,2,5,2150,1,-4.74684,9.19619,6.19596,0,0
389,2,4,1816,1,-3.2513,7.12022,4.10191,0,0
389,2,5,2150,1,-4.74684,9.19619,6.19596,0,0
390,2,4,1816,1,-3.2513,7.12022,4.10191,0,0
390,2,5,2150,1,-4.74684,9.19619,6.19596,0,0
391,2,4,1816,1,-3.2513,7.12022,4.10191,0,0
391,2,5,2150,1,-4.74684,9.19619,6.19596,0,0
392,2,4,1816,1,-3.2513,7.12022,4.10191,0,0
392,2,5,2150,1,-4.74684,9.19619,6.19596,0,0
393,2,4,1816,1,-3.2513,7.12022,4.10191,0,0
393,2,5,2150,1,-4.74684,9.19619,6.19596,0,0
394,2,4,1816,1,-3.2513,7.12022,4.10191,0,0
394,2,5,2150,1,-4.74684,9.19619,6.19596,0,0
395,2,4,1816,1,-3.2513,7.12022,4.10191,0,0
395,2,5,2150,1,-4.74684,9.19619,6.19596,0,0
396,2,4,1816,1,-3.2513,7.12022,4.10191,0,0
396,2,5,2150,1,-4.74684,9.19619,6.19596,0,0
397,2,4,1816,1,-3.2513,7.12022,4.10191,0,0
397,2,5,2150,1,-4.74684,9.19619,6.19596,0,0
398,2,4,1816,1,-3.2513,7.12022,4.10191,0,0
398,2,5,2150,1,-4.74684,9.19619,6.19596,0,0
399,2,4,1816,1,-3.2513,7.12022,4.10191,0,0
399,2,5,2150,1,-4.74684,9.19619,6.19596,0,0
400,2,4,1816,1,-3.2513,7.12022,4.10191,0,0
400,2,5,2150,1,-4.74684,9.19619,6.19596,0,0
401,2,4,1816,1,-3.2513,7.12022,4.10191,0,0
401,2,5,2150,1,-4.74684,9.19619,6.19596,0,0
402,2,4,1816,1,-3.2513,7.12022,4.10191,0,0
402,2,5,2150,1,-4.74684,9.19619,6.19596,0,0
403,2,4,1816,1,-3.2513,7.12022,4.10191,0,0
403,2,5,2150,1,-4.74684,9.19619,6.19596,0,0
404,2,4,1816,1,-3.2513,7.12022,4.10191,0,0
404,2,5,2150,1,-4.74684,9.19619,6.19596,0,0
405,2,4,1816,1,-3.2513,7.12022,4.10191,0,0
405,2,5,2150,1,-4.74684,9.19619,6.19596,0,0
406,2,4,1816,1,-3.2513,7.12022,4.10191,0,0
406,2,5,2150,1,-4.74684,9.19619,6.19596,0,0
407,2,4,1816,1,-3.2513,7.12022,4.10191,0,0
407,2,5,2150,1,-4.74684,9.19619,6.19596,0,0
408,2,4,1816,1,-3.2513,7.12022,4.10191,0,0
408,2,5,2150,1,-4.74684,9.19619,6.19596,0,0
409,2,4,1816,1,-3.2513,7.12022,4.10191,0,0
409,2,5,2150,1,-4.74684,9.19619,6.19596,0,0
410,2,4,1816,1,-3.2513,7.12022,4.10191,0,0
410,2,5,2150,1,-4.74684,9.19619,6.19596,0,0
411,2,4,1816,1,-3.2513,7.12022,4.10191,0,0
411,2,5,2150,1,-4.74684,9.19619,6.19596,0,0
412,2,4,1816,1,-3.2513,7.12022,4.10191,0,0
412,2,5,2150,1,-4.74684,9.19619,6.19596,0,0
413,2,4,1816,1,-3.2513,7.12022,4.10191,0,0
413,2,5,2150,1,-4.74684,9.19619,6.19596,0,0
414,2,4,1816,1,-3.2513,7.12022,4.10191,0,0
414,2,5,2150,1,-4.74684,9.19619,6.19596,0,0
415,2,4,1816,1,-3.2513,7.12022,4.10191,0,0
415,2,5,2150,1,-4.74684,9.19619,6.19596,0,0
416,2,4,1816,1,-3.2513,7.12022,4.10191,0,0
416,2,5,2150,1,-4.74684,9.19619,6.19596,0,0
417,2,4,1816,1,-3.2513,7.12022,4.10191,0,0
417,2,5,2150,1,-4.74684,9.19619,6.19596,0,0
418,2,4,1816,1,-3.2513,7.12022,4.10191,0,0
418,2,5,2150,1,-4.74684,9.19619,6.19596,0,0
419,2,4,1816,1,-3.2513,7.12022,4.10191,0,0
419,2,5,2150,1,-4.74684,9.19619,6.19596,0,0
420,2,4,1816,1,-3.2513,7.12022,4.10191,0,0
420,2,5,2150,1,-4.74684,9.19619,6.19596,0,0
421,2,4,1816,1,-3.2513,7.12022,4.10191,0,0
421,2,5,2150,1,-4.74684,9.19619,6.19596,0,0
422,2,4,1816,1,-3.2513,7.12022,4.10191,0,0
422,2,5,2150,1,-4.74684,9.19619,6.19596,0,0
423,2,4,1816,1,-3.2513,7.12022,4.10191,0,0
423,2,5,2150,1,-4.74684,9.19619,6.19596,0,0
424,2,4,1816,1,-3.2513,7.12022,4.10191,0,0
424,2,5,2150,1,-4.74684,9.19619,6.19596,0,0
425,2,4,1816,1,-3.2513,7.12022,4.10191,0,0
425,2,5,2150,1,-4.74684,9.19619,6.19596,0,0
426,2,4,1816,1,-3.2513,7.12022,4.10191,0,0
426,2,5,2150,1,-4.74684,9.19619,6.19596,0,0
427,2,4,1816,1,-3.2513,7.12022,4.10191,0,0
427,2,5,2150,1,-4.74684,9.19619,6.19596,0,0
428,2,4,1816,1,-3.2513,7.12022,4.10191,0,0
428,2,5,2150,1,-4.74684,9.19619,6.19596,0,0
429,2,4,1816,1,-3.2513,7.12022,4.10191,0,0
429,2,5,2150,1,-4.74684,9.19619,6.19596,0,0
430,2,4,1816,1,-3.2513,7.12022,4.10191,0,0
430,2,5,2150,1,-4.74684,9.19619,6.19596,0,0
431,2,4,1816,1,-3.2513,7.12022,4.10191,0,0
431,2,5,2150,1,-4.74684,9.19619,6.19596,0,0
432,2,4,1816,1,-3.2513,7.12022,4.10191,0,0
432,2,5,2150,1,-4.74684,9.19619,6.19596,0,0
433,2,4,1816,1,-3.2513,7.12022,4.10191,0,0
433,2,5,2150,1,-4.74684,9.19619,6.19596,0,0
434,2,4,1816,1,-3.2513,7.12022,4.10191,0,0
434,2,5,2150,1,-4.74684,9.19619,6.19596,0,0
435,2,4,1816,1,-3.2513,7.12022,4.10191,0,0
435,2,5,2150,1,-4.74684,9.19619,6.19596,0,0
436,2,4,1816,1,-3.2513,7.12022,4.10191,0,0
436,2,5,2150,1,-4.74684,9.19619,6.19596,0,0
437,2,4,1816,1,-3.2513,7.12022,4.10191,0,0
437,2,5,2150,1,-4.74684,9.19619,6.19596,0,0
438,2,4,1816,1,-3.2513,7.12022,4.10191,0,0
438,2,5,2150,1,-4.74684,9.19619,6.19596,0,0
439,2,4,1816,1,-3.2513,7.12022,4.10191,0,0
439,2,5,2150,1,-4.74684,9.19619,6.19596,0,0
440,2,4,1816,1,-3.2513,7.12022,4.10191,0,0
440,2,5,2150,1,-4.74684,9.19619,6.19596,0,0
441,2,4,1816,1,-3.2513,7.12022,4.10191,0,0
441,2,5,2150,1,-4.74684,9.19619,6.19596,0,0
442,2,4,1816,1,-3.2513,7.12022,4.10191,0,0
442,2,5,2150,1,-4.74684,9.19619,6.19596,0,0
443,2,4,1816,1,-3.2513,7.12022,4.10191,0,0
443,2,5,2150,1,-4.74684,9.19619,6.19596,0,0
444,2,4,1816,1,-3.2513,7.12022,4.10191,0,0
444,2,5,2150,1,-4.74684,9.19619,6.19596,0,0
445,2,4,1816,1,-3.2513,7.12022,4.10191,0,0
445,2,5,2150,1,-4.74684,9.19619,6.19596,0,0
446,2,4,1816,1,-3.2513,7.12022,4.10191,0,0
446,2,5,2150,1,-4.74684,9.19619,6.19596,0,0
447,2,4,1816,1,-3.2513,7.12022,4.10191,0,0
447,2,5,2150,1,-4.74684,9.19619,6.19596,0,0
448,2,4,1816,1,-3.2513,7.12022,4.10191,0,0
448,2,5,2150,1,-4.74684,9.19619,6.19596,0,0
449,2,4,1816,1,-3.2513,7.12022,4.10191,0,0
449,2,5,2150,1,-4.74684,9.19619,6.19596,0,0
450,2,4,1816,1,-3.2513,7.12022,4.10191,0,0
450,2,5,2150,1,-4.74684,9.19619,6.19596,0,0
451,2,4,1816,1,-3.2513,7.12022,4.10191,0,0
451,2,5,2150,1,-4.74684,9.19619,6.19596,0,0
452,2,4,1816,1,-3.2513,7.12022,4.10191,0,0
452,2,5,2150,1,-4.74684,9.19619,6.19596,0,0
453,2,4,1816,1,-3.2513,7.12022,4.10191,0,0
453,2,5,2150,1,-4.74684,9.19619,6.19596,0,0
454,2,4,1816,1,-3.2513,7.12022,4.10191,0,0
454,2,5,2150,1,-4.74684,9.19619,6.19596,0,0
455,2,4,1816,1,-3.2513,7.12022,4.10191,0,0
455,2,5,2150,1,-4.74684,9.19619,6.19596,0,0
456,2,4,1816,1,-3.2513,7.12022,4.10191,0,0
456,2,5,2150,1,-4.74684,9.19619,6.19596,0,0
457,2,4,1816,1,-3.2513,7.12022,4.10191,0,0
457,2,5,2150,1,-4.74684,9.19619,6.19596,0,0
458,2,4,1816,1,-3.2513,7.12022,4.10191,0,0
458,2,5,2150,1,-4.74684,9.19619,6.19596,0,0
459,2,4,1816,1,-3.2513,7.12022,4.10191,0,0
459,2,5,2150,1,-4.74684,9.19619,6.19596,0,0
460,2,4,1816,1,-3.2513,7.12022,4.10191,0,0
460,2,5,2150,1,-4.74684,9.19619,6.19596,0,0
461,2,4,1816,1,-3.2513,7.12022,4.10191,0,0
461,2,5,2150,1,-4.74684,9.19619,6.19596,0,0
462,2,4,1816,1,-3.2513,7.12022,4.10191,0,0
462,2,5,2150,1,-4.74684,9.19619,6.19596,0,0
463,2,4,1816,1,-3.2513,7.12022,4.10191,0,0
463,2,5,2150,1,-4.74684,9.19619,6.19596,0,0
464,2,4,1816,1,-3.2513,7.12022,4.10191,0,0
464,2,5,2150,1,-4.74684,9.19619,6.19596,0,0
465,2,4,1816,1,-3.2513,7.12022,4.10191,0,0
465,2,5,2150,1,-4.74684,9.19619,6.19596,0,0
466,2,4,1816,1,-3.2513,7.12022,4.10191,0,0
466,2,5,2150,1,-4.74684,9.19619,6.19596,0,0
467,2,4,1816,1,-3.2513,7.12022,4.10191,0,0
467,2,5,2150,1,-4.74684,9.19619,6.19596,0,0
468,2,4,1816,1,-3.2513,7.12022,4.10191,0,0
468,2,5,2150,1,-4.74684,9.19619,6.19596,0,0
469,2,4,1816,1,-3.2513,7.12022,4.10191,0,0
469,2,5,2150,1,-4.74684,9.19619,6.19596,0,0
470,2,4,1816,1,-3.2513,7.12022,4.10191,0,0
470,2,5,2150,1,-4.74684,9.19619,6.19596,0,0
471,2,4,1816,1,-3.2513,7.12022,4.10191,0,0
471,2,5,2150,1,-4.74684,9.19619,6.19596,0,0
472,2,4,1816,1,-3.2513,7.12022,4.10191,0,0
472,2,5,2150,1,-4.74684,9.19619,6.19596,0,0
473,2,4,1816,1,-3.2513,7.12022,4.10191,0,0
473,2,5,2150,1,-4.74684,9.19619,6.19596,0,0
474,2,4,1816,1,-3.2513,7.12022,4.10191,0,0
474,2,5,2150,1,-4.74684,9.19619,6.19596,0,0
475,2,4,1816,1,-3.2513,7.12022,4.10191,0,0
475,2,5,2150,1,-4.74684,9.19619,6.19596,0,0
476,2,4,1816,1,-3.2513,7.12022,4.10191,0,0
476,2,5,2150,1,-4.74684,9.19619,6.19596,0,0
477,2,4,1816,1,-3.2513,7.12022,4.10191,0,0
477,2,5,2150,1,-4.74684,9.19619,6.19596,0,0
478,2,4,1816,1,-3.2513,7.12022,4.10191,0,0
478,2,5,2150,1,-4.74684,9.19619,6.19596,0,0
479,2,4,1816,1,-3.2513,7.12022,4.10191,0,0
479,2,5,2150,1,-4.74684,9.19619,6.19596,0,0
480,2,4,1816,1,-3.2513,7.12022,4.10191,0,0
480,2,5,2150,1,-4.74684,9.19619,6.19596,0,0
481,2,4,1816,1,-3.2513,7.12022,4.10191,0,0
481,2,5,2150,1,-4.74684,9.19619,6.19596,0,0
482,2,4,1816,1,-3.2513,7.12022,4.10191,0,0
482,2,5,2150,1,-4.74684,9.19619,6.19596,0,0
483,2,4,1816,1,-3.2513,7.12022,4.10191,0,0
483,2,5,2150,1,-4.74684,9.19619,6.19596,0,0
484,2,4,1816,1,-3.2513,7.12022,4.10191,0,0
484,2,5,2150,1,-4.74684,9.19619,6.19596,0,0
485,2,4,1816,1,-3.2513,7.12022,4.10191,0,0
485,2,5,2150,1,-4.74684,9.19619,6.19596,0,0
486,2,4,1816,1,-3.2513,7.12022,4.10191,0,0
486,2,5,2150,1,-4.74684,9.19619,6.19596,0,0
487,2,4,1816,1,-3.2513,7.12022,4.10191,0,0
487,2,5,2150,1,-4.74684,9.19619,6.19596,0,0
488,2,4,1816,1,-3.2513,7.12022,4.10191,0,0
488,2,5,2150,1,-4.74684,9.19619,6.19596,0,0
489,2,4,1816,1,-3.2513,7.12022,4.10191,0,0
489,2,5,2150,1,-4.74684,9.19619,6.19596,0,0
490,2,4,1816,1,-3.2513,7.12022,4.10191,0,0
490,2,5,2150,1,-4.74684,9.19619,6.19596,0,0
491,2,4,1816,1,-3.2513,7.12022,4.10191,0,0
491,2,5,2150,1,-4.74684,9.19619,6.19596,0,0
492,2,4,1816,1,-3.2513,7.12022,4.10191,0,0
492,2,5,2150,1,-4.74684,9.19619,6.19596,0,0
493,2,4,1816,1,-3.2513,7.12022,4.10191,0,0
493,2,5,2150,1,-4.74684,9.19619,6.19596,0,0
494,2,4,1816,1,-3.2513,7.12022,4.10191,0,0
494,2,5,2150,1,-4.74684,9.19619,6.19596,0,0
495,2,4,1816,1,-3.2513,7.12022,4.10191,0,0
495,2,5,2150,1,-4.74684,9.19619,6.19596,0,0
496,2,4,1816,1,-3.2513,7.12022,4.10191,0,0
496,2,5,2150,1,-4.74684,9.19619,6.19596,0,0
497,2,4,1816,1,-3.2513,7.12022,4.10191,0,0
497,2,5,2150,1,-4.74684,9.19619,6.19596,0,0
498,2,4,1816,1,-3.2513,7.12022,4.10191,0,0
498,2,5,2150,1,-4.74684,9.19619,6.19596,0,0
499,2,4,1816,1,-3.2513,7.12022,4.10191,0,0
499,2,5,2150,1,-4.74684,9.19619,6.19596,0,0
500,2,4,1816,1,-3.2513,7.12022,4.10191,0,0
500,2,5,2150,1,-4.74684,9.19619,6.19596,0,0
501,2,4,1816,1,-3.2513,7.12022,4.10191,0,0
501,2,5,2150,1,-4.74684,9.19619,6.19596,0,0
502,2,4,1816,1,-3.2513,7.12022,4.10191,0,0
502,2,5,2150,1,-4.74684,9.19619,6.19596,0,0
503,2,4,1816,1,-3.2513,7.12022,4.10191,0,0
503,2,5,2150,1,-4.74684,9.19619,6.19596,0,0
504,2,4,1816,1,-3.2513,7.12022,4.10191,0,0
504,2,5,2150,1,-4.74684,9.19619,6.19596,0,0
505,2,4,1816,1,-3.2513,7.12022,4.10191,0,0
505,2,5,2150,1,-4.74684,9.19619,6.19596,0,0
506,2,4,1816,1,-3.2513,7.12022,4.10191,0,0
506,2,5,2150,1,-4.74684,9.19619,6.19596,0,0
507,2,4,1816,1,-3.2513,7.12022,4.10191,0,0
507,2,5,2150,1,-4.74684,9.19619,6.19596,0,0
508,2,4,1816,1,-3.2513,7.12022,4.10191,0,0
508,2,5,2150,1,-4.74684,9.19619,6.19596,0,0
509,2,4,1816,1,-3.2513,7.12022,4.10191,0,0
509,2,5,2150,1,-4.74684,9.19619,6.19596,0,0
510,2,4,1816,1,-3.2513,7.12022,4.10191,0,0
510,2,5,2150,1,-4.74684,9.19619,6.19596,0,0
511,2,4,1816,1,-3.2513,7.12022,4.10191,0,0
511,2,5,2150,1,-4.74684,9.19619,6.19596,0,0
512,2,4,1816,1,-3.2513,7.12022,4.10191,0,0
512,2,5,2150,1,-4.74684,9.19619,6.19596,0,0
513,2,4,1816,1,-3.2513,7.12022,4.10191,0,0
513,2,5,2150,1,-4.74684,9.19619,6.19596,0,0
514,2,4,1816,1,-3.2513,7.12022,4.10191,0,0
514,2,5,2150,1,-4.74684,9.19619,6.19596,0,0
515,2,4,1816,1,-3.2513,7.12022,4.10191,0,0
515,2,5,2150,1,-4.74684,9.19619,6.19596,0,0
516,2,4,1816,1,-3.2513,7.12022,4.10191,0,0
516,2,5,2150,1,-4.74684,9.19619,6.19596,0,0
517,2,4,1816,1,-3.2513,7.12022,4.10191,0,0
517,2,5,2150,1,-4.74684,9.19619,6.19596,0,0
518,2,4,1816,1,-3.2513,7.12022,4.10191,0,0
518,2,5,2150,1,-4.74684,9.19619,6.19596,0,0
519,2,4,1816,1,-3.2513,7.12022,4.10191,0,0
519,2,5,2150,1,-4.74684,9.19619,6.19596,0,0
520,2,4,1816,1,-3.2513,7.12022,4.10191,0,0
520,2,5,2150,1,-4.74684,9.19619,6.19596,0,0
521,2,4,1816,1,-3.2513,7.12022,4.10191,0,0
521,2,5,2150,1,-4.74684,9.19619,6.19596,0,0
522,2,4,1816,1,-3.2513,7.12022,4.10191,0,0
522,2,5,2150,1,-4.74684,9.19619,6.19596,0,0
523,2,4,1816,1,-3.2513,7.12022,4.10191,0,0
523,2,5,2150,1,-4.74684,9.19619,6.19596,0,0
524,2,4,1816,1,-3.2513,7.12022,4.10191,0,0
524,2,5,2150,1,-4.74684,9.19619,6.19596,0,0
525,2,4,1816,1,-3.2513,7.12022,4.10191,0,0
525,2,5,2150,1,-4.74684,9.19619,6.19596,0,0
526,2,4,1816,1,-3.2513,7.12022,4.10191,0,0
526,2,5,2150,1,-4.74684,9.19619,6.19596,0,0
527,2,4,1816,1,-3.2513,7.12022,4.10191,0,0
527,2,5,2150,1,-4.74684,9.19619,6.19596,0,0
528,2,4,1816,1,-3.2513,7.12022,4.10191,0,0
528,2,5,2150,1,-4.74684,9.19619,6.19596,0,0
529,2,4,1816,1,-3.2513,7.12022,4.10191,0,0
529,2,5,2150,1,-4.74684,9.19619,6.19596,0,0
530,2,4,1816,1,-3.2513,7.12022,4.10191,0,0
530,2,5,2150,1,-4.74684,9.19619,6.19596,0,0
531,2,4,1816,1,-3.2513,7.12022,4.10191,0,0
531,2,5,2150,1,-4.74684,9.19619,6.19596,0,0
532,2,4,1816,1,-3.2513,7.12022,4.10191,0,0
532,2,5,2150,1,-4.74684,9.19619,6.19596,0,0
533,2,4,1816,1,-3.2513,7.12022,4.10191,0,0
533,2,5,2150,1,-4.74684,9.19619,6.19596,0,0
534,2,4,1816,1,-3.2513,7.12022,4.10191,0,0
534,2,5,2150,1,-4.74684,9.19619,6.19596,0,0
535,2,4,1816,1,-3.2513,7.12022,4.10191,0,0
535,2,5,2150,1,-4.74684,9.19619,6.19596,0,0
536,2,4,1816,1,-3.2513,7.12022,4.10191,0,0
536,2,5,2150,1,-4.74684,9.19619,6.19596,0,0
537,2,4,1816,1,-3.2513,7.12022,4.10191,0,0
537,2,5,2150,1,-4.74684,9.19619,6.19596,0,0
538,2,4,1816,1,-3.2513,7.12022,4.10191,0,0
538,2,5,2150,1,-4.74684,9.19619,6.19596,0,0
539,2,4,1816,1,-3.2513,7.12022,4.10191,0,0
539,2,5,2150,1,-4.74684,9.19619,6.19596,0,0
540,2,4,1816,1,-3.2513,7.12022,4.10191,0,0
540,2,5,2150,1,-4.74684,9.19619,6.19596,0,0
541,2,4,1816,1,-3.2513,7.12022,4.10191,0,0
541,2,5,2150,1,-4.74684,9.19619,6.19596,0,0
542,2,4,1816,1,-3.2513,7.12022,4.10191,0,0
542,2,5,2150,1,-4.74684,9.19619,6.19596,0,0
543,2,4,1816,1,-3.2513,7.12022,4.10191,0,0
543,2,5,2150,1,-4.74684,9.19619,6.19596,0,0
544,2,4,1816,1,-3.2513,7.12022,4.10191,0,0
544,2,5,2150,1,-4.74684,9.19619,6.19596,0,0
545,2,4,1816,1,-3.2513,7.12022,4.10191,0,0
545,2,5,2150,1,-4.74684,9.19619,6.19596,0,0
546,2,4,1816,1,-3.2513,7.12022,4.10191,0,0
546,2,5,2150,1,-4.74684,9.19619,6.19596,0,0
547,2,4,1816,1,-3.2513,7.12022,4.10191,0,0
547,2,5,2150,1,-4.74684,9.19619,6.19596,0,0
548,2,4,1816,1,-3.2513,7.12022,4.10191,0,0
548,2,5,2150,1,-4.74684,9.19619,6.19596,0,0
549,2,4,1816,1,-3.2513,7.12022,4.10191,0,0
549,2,5,2150,1,-4.74684,9.19619,6.19596,0,0
550,2,4,1816,1,-3.2513,7.12022,4.10191,0,0
550,2,5,2150,1,-4.74684,9.19619,6.19596,0,0
551,2,4,1816,1,-3.2513,7.12022,4.10191,0,0
551,2,5,2150,1,-4.74684,9.19619,6.19596,0,0
552,2,4,1816,1,-3.2513,7.12022,4.10191,0,0
552,2,5,2150,1,-4.74684,9.19619,6.19596,0,0
553,2,4,1816,1,-3.2513,7.12022,4.10191,0,0
553,2,5,2150,1,-4.74684,9.19619,6.19596,0,0
554,2,4,1816,1,-3.2513,7.12022,4.10191,0,0
554,2,5,2150,1,-4.74684,9.19619,6.19596,0,0
555,2,4,1816,1,-3.2513,7.12022,4.10191,0,0
555,2,5,2150,1,-4.74684,9.19619,6.19596,0,0
556,2,4,1816,1,-3.2513,7.12022,4.10191,0,0
556,2,5,2150,1,-4.74684,9.19619,6.19596,0,0
557,2,4,1816,1,-3.2513,7.12022,4.10191,0,0
557,2,5,2150,1,-4.74684,9.19619,6.19596,0,0
558,2,4,1816,1,-3.2513,7.12022,4.10191,0,0
558,2,5,2150,1,-4.74684,9.19619,6.19596,0,0
559,2,4,1816,1,-3.2513,7.12022,4.10191,0,0
559,2,5,2150,1,-4.74684,9.19619,6.19596,0,0
560,2,4,1816,1,-3.2513,7.12022,4.10191,0,0
560,2,5,2150,1,-4.74684,9.19619,6.19596,0,0
561,2,4,1816,1,-3.2513,7.12022,4.10191,0,0
561,2,5,2150,1,-4.74684,9.19619,6.19596,0,0
562,2,4,1816,1,-3.2513,7.12022,4.10191,0,0
562,2,5,2150,1,-4.74684,9.19619,6.19596,0,0
563,2,4,1816,1,-3.2513,7.12022,4.10191,0,0
563,2,5,2150,1,-4.74684,9.19619,6.19596,0,0
564,2,4,1816,1,-3.2513,7.12022,4.10191,0,0
564,2,5,2150,1,-4.74684,9.19619,6.19596,0,0
565,2,4,1816,1,-3.2513,7.12022,4.10191,0,0
565,2,5,2150,1,-4.74684,9.19619,6.19596,0,0
566,2,4,1816,1,-3.2513,7.12022,4.10191,0,0
566,2,5,2150,1,-4.74684,9.19619,6.19596,0,0
567,2,4,1816,1,-3.2513,7.12022,4.10191,0,0
567,2,5,2150,1,-4.74684,9.19619,6.19596,0,0
568,2,4,1816,1,-3.2513,7.12022,4.10191,0,0
568,2,5,2150,1,-4.74684,9.19619,6.19596,0,0
569,2,4,1816,1,-3.2513,7.12022,4.10191,0,0
569,2,5,2150,1,-4.74684,9.19619,6.19596,0,0
570,2,4,1816,1,-3.2513,7.12022,4.10191,0,0
570,2,5,2150,1,-4.74684,9.19619,6.19596,0,0
571,2,4,1816,1,-3.2513,7.12022,4.10191,0,0
571,2,5,2150,1,-4.74684,9.19619,6.19596,0,0
572,2,4,1816,1,-3.2513,7.12022,4.10191,0,0
572,2,5,2150,1,-4.74684,9.19619,6.19596,0,0
573,2,4,1816,1,-3.2513,7.12022,4.10191,0,0
573,2,5,2150,1,-4.74684,9.19619,6.19596,0,0
574,2,4,1816,1,-3.2513,7.12022,4.10191,0,0
574,2,5,2150,1,-4.74684,9.19619,6.19596,0,0
575,2,4,1816,1,-3.2513,7.12022,4.10191,0,0
575,2,5,2150,1,-4.74684,9.19619,6.19596,0,0
576,2,4,1816,1,-3.2513,7.12022,4.10191,0,0
576,2,5,2150,1,-4.74684,9.19619,6.19596,0,0
577,2,4,1816,1,-3.2513,7.12022,4.10191,0,0
577,2,5,2150,1,-4.74684,9.19619,6.19596,0,0
578,2,4,1816,1,-3.2513,7.12022,4.10191,0,0
578,2,5,2150,1,-4.74684,9.19619,6.19596,0,0
579,2,4,1816,1,-3.2513,7.12022,4.10191,0,0
579,2,5,2150,1,-4.74684,9.19619,6.19596,0,0
580,2,4,1816,1,-3.2513,7.12022,4.10191,0,0
580,2,5,2150,1,-4.74684,9.19619,6.19596,0,0
581,2,4,1816,1,-3.2513,7.12022,4.10191,0,0
581,2,5,2150,1,-4.74684,9.19619,6.19596,0,0
582,2,4,1816,1,-3.2513,7.12022,4.10191,0,0
582,2,5,2150,1,-4.74684,9.19619,6.19596,0,0
583,2,4,1816,1,-3.2513,7.12022,4.10191,0,0
583,2,5,2150,1,-4.74684,9.19619,6.19596,0,0
584,2,4,1816,1,-3.2513,7.12022,4.10191,0,0
584,2,5,2150,1,-4.74684,9.19619,6.19596,0,0
585,2,4,1816,1,-3.2513,7.12022,4.10191,0,0
585,2,5,2150,1,-4.74684,9.19619,6.19596,0,0
586,2,4,1816,1,-3.2513,7.12022,4.10191,0,0
586,2,5,2150,1,-4.74684,9.19619,6.19596,0,0
587,2,4,1816,1,-3.2513,7.12022,4.10191,0,0
587,2,5,2150,1,-4.74684,9.19619,6.19596,0,0
588,2,4,1816,1,-3.2513,7.12022,4.10191,0,0
588,2,5,2150,1,-4.74684,9.19619,6.19596,0,0
589,2,4,1816,1,-3.2513,7.12022,4.10191,0,0
589,2,5,2150,1,-4.74684,9.19619,6.19596,0,0
590,2,4,1816,1,-3.2513,7.12022,4.10191,0,0
590,2,5,2150,1,-4.74684,9.19619,6.19596,0,0
591,2,4,1816,1,-3.2513,7.12022,4.10191,0,0
591,2,5,2150,1,-4.74684,9.19619,6.19596,0,0
592,2,4,1816,1,-3.2513,7.12022,4.10191,0,0
592,2,5,2150,1,-4.74684,9.19619,6.19596,0,0
593,2,4,1816,1,-3.2513,7.12022,4.10191,0,0
593,2,5,2150,1,-4.74684,9.19619,6.19596,0,0
594,2,4,1816,1,-3.2513,7.12022,4.10191,0,0
594,2,5,2150,1,-4.74684,9.19619,6.19596,0,0
595,2,4,1816,1,-3.2513,7.12022,4.10191,0,0
595,2,5,2150,1,-4.74684,9.19619,6.19596,0,0
596,2,4,1816,1,-3.2513,7.12022,4.10191,0,0
596,2,5,2150,1,-4.74684,9.19619,6.19596,0,0
597,2,4,1816,1,-3.2513,7.12022,4.10191,0,0
597,2,5,2150,1,-4.74684,9.19619,6.19596,0,0
598,2,4,1816,1,-3.2513,7.12022,4.10191,0,0
598,2,5,2150,1,-4.74684,9.19619,6.19596,0,0
599,2,4,1816,1,-3.2513,7.12022,4.10191,0,0
599,2,5,2150,1,-4.74684,9.19619,6.19596,0,0
600,2,4,1816,1,-3.2513,7.12022,4.10191,0,0
600,2,5,2150,1,-4.74684,9.19619,6.19596,0,0
601,2,4,1816,1,-3.2513,7.12022,4.10191,0,0
601,2,5,2150,1,-4.74684,9.19619,6.19596,0,0
602,2,4,1816,1,-3.2513,7.12022,4.10191,0,0
602,2,5,2150,1,-4.74684,9.19619,6.19596,0,0
603,2,4,1816,1,-3.2513,7.12022,4.10191,0,0
603,2,5,2150,1,-4.74684,9.19619,6.19596,0,0
604,2,4,1816,1,-3.2513,7.12022,4.10191,0,0
604,2,5,2150,1,-4.74684,9.19619,6.19596,0,0
605,2,4,1816,1,-3.2513,7.12022,4.10191,0,0
605,2,5,2150,1,-4.74684,9.19619,6.19596,0,0
606,2,4,1816,1,-3.2513,7.12022,4.10191,0,0
606,2,5,2150,1,-4.74684,9.19619,6.19596,0,0
607,2,4,1816,1,-3.2513,7.12022,4.10191,0,0
607,2,5,2150,1,-4.74684,9.19619,6.19596,0,0
608,2,4,1816,1,-3.2513,7.12022,4.10191,0,0
608,2,5,2150,1,-4.74684,9.19619,6.19596,0,0
609,2,4,1816,1,-3.2513,7.12022,4.10191,0,0
609,2,5,2150,1,-4.74684,9.19619,6.19596,0,0
610,2,4,1816,1,-3.2513,7.12022,4.10191,0,0
610,2,5,2150,1,-4.74684,9.19619,6.19596,0,0
611,2,4,1816,1,-3.2513,7.12022,4.10191,0,0
611,2,5,2150,1,-4.74684,9.19619,6.19596,0,0
612,2,4,1816,1,-3.2513,7.12022,4.10191,0,0
612,2,5,2150,1,-4.74684,9.19619,6.19596,0,0
613,2,4,1816,1,-3.2513,7.12022,4.10191,0,0
613,2,5,2150,1,-4.74684,9.19619,6.19596,0,0
614,2,4,1816,1,-3.2513,7.12022,4.10191,0,0
614,2,5,2150,1,-4.74684,9.19619,6.19596,0,0
615,2,4,1816,1,-3.2513,7.12022,4.10191,0,0
615,2,5,2150,1,-4.74684,9.19619,6.19596,0,0
616,2,4,1816,1,-3.2513,7.12022,4.10191,0,0
616,2,5,2150,1,-4.74684,9.19619,6.19596,0,0
617,2,4,1816,1,-3.2513,7.12022,4.10191,0,0
617,2,5,2150,1,-4.74684,9.19619,6.19596,0,0
618,2,4,1816,1,-3.2513,7.12022,4.10191,0,0
618,2,5,2150,1,-4.74684,9.19619,6.19596,0,0
619,2,4,1816,1,-3.2513,7.12022,4.10191,0,0
619,2,5,2150,1,-4.74684,9.19619,6.19596,0,0
620,2,4,1816,1,-3.2513,7.12022,4.10191,0,0
620,2,5,2150,1,-4.74684,9.19619,6.19596,0,0
621,2,4,1816,1,-3.2513,7.12022,4.10191,0,0
621,2,5,2150,1,-4.74684,9.19619,6.19596,0,0
622,2,4,1816,1,-3.2513,7.12022,4.10191,0,0
622,2,5,2150,1,-4.74684,9.19619,6.19596,0,0
623,2,4,1816,1,-3.2513,7.12022,4.10191,0,0
623,2,5,2150,1,-4.74684,9.19619,6.19596,0,0
624,2,4,1816,1,-3.2513,7.12022,4.10191,0,0
624,2,5,2150,1,-4.74684,9.19619,6.19596,0,0
625,2,4,1816,1,-3.2513,7.12022,4.10191,0,0
625,2,5,2150,1,-4.74684,9.19619,6.19596,0,0
626,2,4,1816,1,-3.2513,7.12022,4.10191,0,0
626,2,5,2150,1,-4.74684,9.19619,6.19596,0,0
627,2,4,1816,1,-3.2513,7.12022,4.10191,0,0
627,2,5,2150,1,-4.74684,9.19619,6.19596,0,0
628,2,4,1816,1,-3.2513,7.12022,4.10191,0,0
628,2,5,2150,1,-4.74684,9.19619,6.19596,0,0
629,2,4,1816,1,-3.2513,7.12022,4.10191,0,0
629,2,5,2150,1,-4.74684,9.19619,6.19596,0,0
630,2,4,1816,1,-3.2513,7.12022,4.10191,0,0
630,2,5,2150,1,-4.74684,9.19619,6.19596,0,0
631,2,4,1816,1,-3.2513,7.12022,4.10191,0,0
631,2,5,2150,1,-4.74684,9.19619,6.19596,0,0
632,2,4,1816,1,-3.2513,7.12022,4.10191,0,0
632,2,5,2150,1,-4.74684,9.19619,6.19596,0,0
633,2,4,1816,1,-3.2513,7.12022,4.10191,0,0
633,2,5,2150,1,-4.74684,9.19619,6.19596,0,0
634,2,4,1816,1,-3.2513,7.12022,4.10191,0,0
634,2,5,2150,1,-4.74684,9.19619,6.19596,0,0
635,2,4,1816,1,-3.2513,7.12022,4.10191,0,0
635,2,5,2150,1,-4.74684,9.19619,6.19596,0,0
636,2,4,1816,1,-3.2513,7.12022,4.10191,0,0
636,2,5,2150,1,-4.74684,9.19619,6.19596,0,0
637,2,4,1816,1,-3.2513,7.12022,4.10191,0,0
637,2,5,2150,1,-4.74684,9.19619,6.19596,0,0
638,2,4,1816,1,-3.2513,7.12022,4.10191,0,0
638,2,5,2150,1,-4.74684,9.19619,6.19596,0,0
639,2,4,1816,1,-3.2513,7.12022,4.10191,0,0
639,2,5,2150,1,-4.74684,9.19619,6.19596,0,0
640,2,4,1816,1,-3.2513,7.12022,4.10191,0,0
640,2,5,2150,1,-4.74684,9.19619,6.19596,0,0
641,2,4,1816,1,-3.2513,7.12022,4.10191,0,0
641,2,5,2150,1,-4.74684,9.19619,6.19596,0,0
642,2,4,1816,1,-3.2513,7.12022,4.10191,0,0
642,2,5,2150,1,-4.74684,9.19619,6.19596,0,0
643,2,4,1816,1,-3.2513,7.12022,4.10191,0,0
643,2,5,2150,1,-4.74684,9.19619,6.19596,0,0
644,2,4,1816,1,-3.2513,7.12022,4.10191,0,0
644,2,5,2150,1,-4.74684,9.19619,6.19596,0,0
645,2,4,1816,1,-3.2513,7.12022,4.10191,0,0
645,2,5,2150,1,-4.74684,9.19619,6.19596,0,0
646,2,4,1816,1,-3.2513,7.12022,4.10191,0,0
646,2,5,2150,1,-4.74684,9.19619,6.19596,0,0
647,2,4,1816,1,-3.2513,7.12022,4.10191,0,0
647,2,5,2150,1,-4.74684,9.19619,6.19596,0,0
648,2,4,1816,1,-3.2513,7.12022,4.10191,0,0
648,2,5,2150,1,-4.74684,9.19619,6.19596,0,0
649,2,4,1816,1,-3.2513,7.12022,4.10191,0,0
649,2,5,2150,1,-4.74684,9.19619,6.19596,0,0
650,2,4,1816,1,-3.2513,7.12022,4.10191,0,0
650,2,5,2150,1,-4.74684,9.19619,6.19596,0,0
651,2,4,1816,1,-3.2513,7.12022,4.10191,0,0
651,2,5,2150,1,-4.74684,9.19619,6.19596,0,0
652,2,4,1816,1,-3.2513,7.12022,4.10191,0,0
652,2,5,2150,1,-4.74684,9.19619,6.19596,0,0
653,2,4,1816,1,-3.2513,7.12022,4.10191,0,0
653,2,5,2150,1,-4.74684,9.19619,6.19596,0,0
654,2,4,1816,1,-3.2513,7.12022,4.10191,0,0
654,2,5,2150,1,-4.74684,9.19619,6.19596,0,0
655,2,4,1816,1,-3.2513,7.12022,4.10191,0,0
655,2,5,2150,1,-4.74684,9.19619,6.19596,0,0
656,2,4,1816,1,-3.2513,7.12022,4.10191,0,0
656,2,5,2150,1,-4.74684,9.19619,6.19596,0,0
657,2,4,1816,1,-3.2513,7.12022,4.10191,0,0
657,2,5,2150,1,-4.74684,9.19619,6.19596,0,0
658,2,4,1816,1,-3.2513,7.12022,4.10191,0,0
658,2,5,2150,1,-4.74684,9.19619,6.19596,0,0
659,2,4,1816,1,-3.2513,7.12022,4.10191,0,0
659,2,5,2150,1,-4.74684,9.19619,6.19596,0,0
660,2,4,1816,1,-3.2513,7.12022,4.10191,0,0
660,2,5,2150,1,-4.74684,9.19619,6.19596,0,0
661,2,4,1816,1,-3.2513,7.12022,4.10191,0,0
661,2,5,2150,1,-4.74684,9.19619,6.19596,0,0
662,2,4,1816,1,-3.2513,7.12022,4.10191,0,0
662,2,5,2150,1,-4.74684,9.19619,6.19596,0,0
663,2,4,1816,1,-3.2513,7.12022,4.10191,0,0
663,2,5,2150,1,-4.74684,9.19619,6.19596,0,0
664,2,4,1816,1,-3.2513,7.12022,4.10191,0,0
664,2,5,2150,1,-4.74684,9.19619,6.19596,0,0
665,2,4,1816,1,-3.2513,7.12022,4.10191,0,0
665,2,5,2150,1,-4.74684,9.19619,6.19596,0,0
666,2,4,1816,1,-3.2513,7.12022,4.10191,0,0
666,2,5,2150,1,-4.74684,9.19619,6.19596,0,0
667,2,4,1816,1,-3.2513,7.12022,4.10191,0,0
667,2,5,2150,1,-4.74684,9.19619,6.19596,0,0
668,2,4,1816,1,-3.2513,7.12022,4.10191,0,0
668,2,5,2150,1,-4.74684,9.19619,6.19596,0,0
669,2,4,1816,1,-3.2513,7.12022,4.10191,0,0
669,2,5,2150,1,-4.74684,9.19619,6.19596,0,0
670,2,4,1816,1,-3.2513,7.12022,4.10191,0,0
670,2,5,2150,1,-4.74684,9.19619,6.19596,0,0
671,2,4,1816,1,-3.2513,7.12022,4.10191,0,0
671,2,5,2150,1,-4.74684,9.19619,6.19596,0,0
672,2,4,1816,1,-3.2513,7.12022,4.10191,0,0
672,2,5,2150,1,-4.74684,9.19619,6.19596,0,0
673,2,4,1816,1,-3.2513,7.12022,4.10191,0,0
673,2,5,2150,1,-4.74684,9.19619,6.19596,0,0
674,2,4,1816,1,-3.2513,7.12022,4.10191,0,0
674,2,5,2150,1,-4.74684,9.19619,6.19596,0,0
675,2,4,1816,1,-3.2513,7.12022,4.10191,0,0
675,2,5,2150,1,-4.74684,9.19619,6.19596,0,0
676,2,4,1816,1,-3.2513,7.12022,4.10191,0,0
676,2,5,2150,1,-4.74684,9.19619,6.19596,0,0
677,2,4,1816,1,-3.2513,7.12022,4.10191,0,0
677,2,5,2150,1,-4.74684,9.19619,6.19596,0,0
678,2,4,1816,1,-3.2513,7.12022,4.10191,0,0
678,2,5,2150,1,-4.74684,9.19619,6.19596,0,0
679,2,4,1816,1,-3.2513,7.12022,4.10191,0,0
679,2,5,2150,1,-4.74684,9.19619,6.19596,0,0
680,2,4,1816,1,-3.2513,7.12022,4.10191,0,0
680,2,5,2150,1,-4.74684,9.19619,6.19596,0,0
681,2,4,1816,1,-3.2513,7.12022,4.10191,0,0
681,2,5,2150,1,-4.74684,9.19619,6.19596,0,0
682,2,4,1816,1,-3.2513,7.12022,4.10191,0,0
682,2,5,2150,1,-4.74684,9.19619,6.19596,0,0
683,2,4,1816,1,-3.2513,7.12022,4.10191,0,0
683,2,5,2150,1,-4.74684,9.19619,6.19596,0,0
684,2,4,1816,1,-3.2513,7.12022,4.10191,0,0
684,2,5,2150,1,-4.74684,9.19619,6.19596,0,0
685,2,4,1816,1,-3.2513,7.12022,4.10191,0,0
685,2,5,2150,1,-4.74684,9.19619,6.19596,0,0
686,2,4,1816,1,-3.2513,7.12022,4.10191,0,0
686,2,5,2150,1,-4.74684,9.19619,6.19596,0,0
687,2,4,1816,1,-3.2513,7.12022,4.10191,0,0
687,2,5,2150,1,-4.74684,9.19619,6.19596,0,0
688,2,4,1816,1,-3.2513,7.12022,4.10191,0,0
688,2,5,2150,1,-4.74684,9.19619,6.19596,0,0
689,2,4,1816,1,-3.2513,7.12022,4.10191,0,0
689,2,5,2150,1,-4.74684,9.19619,6.19596,0,0
690,2,4,1816,1,-3.2513,7.12022,4.10191,0,0
690,2,5,2150,1,-4.74684,9.19619,6.19596,0,0
691,2,4,1816,1,-3.2513,7.12022,4.10191,0,0
691,2,5,2150,1,-4.74684,9.19619,6.19596,0,0
692,2,4,1816,1,-3.2513,7.12022,4.10191,0,0
692,2,5,2150,1,-4.74684,9.19619,6.19596,0,0
693,2,4,1816,1,-3.2513,7.12022,4.10191,0,0
693,2,5,2150,1,-4.74684,9.19619,6.19596,0,0
694,2,4,1816,1,-3.2513,7.12022,4.10191,0,0
694,2,5,2150,1,-4.74684,9.19619,6.19596,0,0
695,2,4,1816,1,-3.2513,7.12022,4.10191,0,0
695,2,5,2150,1,-4.74684,9.19619,6.19596,0,0
696,2,4,1816,1,-3.2513,7.12022,4.10191,0,0
696,2,5,2150,1,-4.74684,9.19619,6.19596,0,0
697,2,4,1816,1,-3.2513,7.12022,4.10191,0,0
697,2,5,2150,1,-4.74684,9.19619,6.19596,0,0
698,2,4,1816,1,-3.2513,7.12022,4.10191,0,0
698,2,5,2150,1,-4.74684,9.19619,6.19596,0,0
699,2,4,1816,1,-3.2513,7.12022,4.10191,0,0
699,2,5,2150,1,-4.74684,9.19619,6.19596,0,0
700,2,4,1816,1,-3.2513,7.12022,4.10191,0,0
700,2,5,2150,1,-4.74684,9.19619,6.19596,0,0
701,2,4,1816,1,-3.2513,7.12022,4.10191,0,0
701,2,5,2150,1,-4.74684,9.19619,6.19596,0,0
702,2,4,1816,1,-3.2513,7.12022,4.10191,0,0
702,2,5,2150,1,-4.74684,9.19619,6.19596,0,0
703,2,4,1816,1,-3.2513,7.12022,4.10191,0,0
703,2,5,2150,1,-4.74684,9.19619,6.19596,0,0
704,2,4,1816,1,-3.2513,7.12022,4.10191,0,0
704,2,5,2150,1,-4.74684,9.19619,6.19596,0,0
705,2,4,1816,1,-3.2513,7.12022,4.10191,0,0
705,2,5,2150,1,-4.74684,9.19619,6.19596,0,0
706,2,4,1816,1,-3.2513,7.12022,4.10191,0,0
706,2,5,2150,1,-4.74684,9.19619,6.19596,0,0
707,2,4,1816,1,-3.2513,7.12022,4.10191,0,0
707,2,5,2150,1,-4.74684,9.19619,6.19596,0,0
708,2,4,1816,1,-3.2513,7.12022,4.10191,0,0
708,2,5,2150,1,-4.74684,9.19619,6.19596,0,0
709,2,4,1816,1,-3.2513,7.12022,4.10191,0,0
709,2,5,2150,1,-4.74684,9.19619,6.19596,0,0
710,2,4,1816,1,-3.2513,7.12022,4.10191,0,0
710,2,5,2150,1,-4.74684,9.19619,6.19596,0,0
711,2,4,1816,1,-3.2513,7.12022,4.10191,0,0
711,2,5,2150,1,-4.74684,9.19619,6.19596,0,0
712,2,4,1816,1,-3.2513,7.12022,4.10191,0,0
712,2,5,2150,1,-4.74684,9.19619,6.19596,0,0
713,2,4,1816,1,-3.2513,7.12022,4.10191,0,0
713,2,5,2150,1,-4.74684,9.19619,6.19596,0,0
714,2,4,1816,1,-3.2513,7.12022,4.10191,0,0
714,2,5,2150,1,-4.74684,9.19619,6.19596,0,0
715,2,4,1816,1,-3.2513,7.12022,4.10191,0,0
715,2,5,2150,1,-4.74684,9.19619,6.19596,0,0
716,2,4,1816,1,-3.2513,7.12022,4.10191,0,0
716,2,5,2150,1,-4.74684,9.19619,6.19596,0,0
717,2,4,1816,1,-3.2513,7.12022,4.10191,0,0
717,2,5,2150,1,-4.74684,9.19619,6.19596,0,0
718,2,4,1816,1,-3.2513,7.12022,4.10191,0,0
718,2,5,2150,1,-4.74684,9.19619,6.19596,0,0
719,2,4,1816,1,-3.2513,7.12022,4.10191,0,0
719,2,5,2150,1,-4.74684,9.19619,6.19596,0,0
720,2,4,1816,1,-3.2513,7.12022,4.10191,0,0
720,2,5,2150,1,-4.74684,9.19619,6.19596,0,0
721,2,4,1816,1,-3.2513,7.12022,4.10191,0,0
721,2,5,2150,1,-4.74684,9.19619,6.19596,0,0
722,2,4,1816,1,-3.2513,7.12022,4.10191,0,0
722,2,5,2150,1,-4.74684,9.19619,6.19596,0,0
723,2,4,1816,1,-3.2513,7.12022,4.10191,0,0
723,2,5,2150,1,-4.74684,9.19619,6.19596,0,0
724,2,4,1816,1,-3.2513,7.12022,4.10191,0,0
724,2,5,2150,1,-4.74684,9.19619,6.19596,0,0
725,2,4,1816,1,-3.2513,7.12022,4.10191,0,0
725,2,5,2150,1,-4.74684,9.19619,6.19596,0,0
726,2,4,1816,1,-3.2513,7.12022,4.10191,0,0
726,2,5,2150,1,-4.74684,9.19619,6.19596,0,0
727,2,4,1816,1,-3.2513,7.12022,4.10191,0,0
727,2,5,2150,1,-4.74684,9.19619,6.19596,0,0
728,2,4,1816,1,-3.2513,7.12022,4.10191,0,0
728,2,5,2150,1,-4.74684,9.19619,6.19596,0,0
729,2,4,1816,1,-3.2513,7.12022,4.10191,0,0
729,2,5,2150,1,-4.74684,9.19619,6.19596,0,0
730,2,4,1816,1,-3.2513,7.12022,4.10191,0,0
730,2,5,2150,1,-4.74684,9.19619,6.19596,0,0
731,2,4,1816,1,-3.2513,7.12022,4.10191,0,0
731,2,5,2150,1,-4.74684,9.19619,6.19596,0,0
732,2,4,1816,1,-3.2513,7.12022,4.10191,0,0
732,2,5,2150,1,-4.74684,9.19619,6.19596,0,0
733,2,4,1816,1,-3.2513,7.12022,4.10191,0,0
733,2,5,2150,1,-4.74684,9.19619,6.19596,0,0
734,2,4,1816,1,-3.2513,7.12022,4.10191,0,0
734,2,5,2150,1,-4.74684,9.19619,6.19596,0,0
735,2,4,1816,1,-3.2513,7.12022,4.10191,0,0
735,2,5,2150,1,-4.74684,9.19619,6.19596,0,0
736,2,4,1816,1,-3.2513,7.12022,4.10191,0,0
736,2,5,2150,1,-4.74684,9.19619,6.19596,0,0
737,2,4,1816,1,-3.2513,7.12022,4.10191,0,0
737,2,5,2150,1,-4.74684,9.19619,6.19596,0,0
738,2,4,1816,1,-3.2513,7.12022,4.10191,0,0
738,2,5,2150,1,-4.74684,9.19619,6.19596,0,0
739,2,4,1816,1,-3.2513,7.12022,4.10191,0,0
739,2,5,2150,1,-4.74684,9.19619,6.19596,0,0
740,2,4,1816,1,-3.2513,7.12022,4.10191,0,0
740,2,5,2150,1,-4.74684,9.19619,6.19596,0,0
741,2,4,1816,1,-3.2513,7.12022,4.10191,0,0
741,2,5,2150,1,-4.74684,9.19619,6.19596,0,0
742,2,4,1816,1,-3.2513,7.12022,4.10191,0,0
742,2,5,2150,1,-4.74684,9.19619,6.19596,0,0
743,2,4,1816,1,-3.2513,7.12022,4.10191,0,0
743,2,5,2150,1,-4.74684,9.19619,6.19596,0,0
744,2,4,1816,1,-3.2513,7.12022,4.10191,0,0
744,2,5,2150,1,-4.74684,9.19619,6.19596,0,0
745,2,4,1816,1,-3.2513,7.12022,4.10191,0,0
745,2,5,2150,1,-4.74684,9.19619,6.19596,0,0
746,2,4,1816,1,-3.2513,7.12022,4.10191,0,0
746,2,5,2150,1,-4.74684,9.19619,6.19596,0,0
747,2,4,1816,1,-3.2513,7.12022,4.10191,0,0
747,2,5,2150,1,-4.74684,9.19619,6.19596,0,0
748,2,4,1816,1,-3.2513,7.12022,4.10191,0,0
748,2,5,2150,1,-4.74684,9.19619,6.19596,0,0
749,2,4,1816,1,-3.2513,7.12022,4.10191,0,0
749,2,5,2150,1,-4.74684,9.19619,6.19596,0,0
750,2,4,1816,1,-3.2513,7.12022,4.10191,0,0
750,2,5,2150,1,-4.74684,9.19619,6.19596,0,0
751,2,4,1816,1,-3.2513,7.12022,4.10191,0,0
751,2,5,2150,1,-4.74684,9.19619,6.19596,0,0
752,2,4,1816,1,-3.2513,7.12022,4.10191,0,0
752,2,5,2150,1,-4.74684,9.19619,6.19596,0,0
753,2,4,1816,1,-3.2513,7.12022,4.10191,0,0
753,2,5,2150,1,-4.74684,9.19619,6.19596,0,0
754,2,4,1816,1,-3.2513,7.12022,4.10191,0,0
754,2,5,2150,1,-4.74684,9.19619,6.19596,0,0
755,2,4,1816,1,-3.2513,7.12022,4.10191,0,0
755,2,5,2150,1,-4.74684,9.19619,6.19596,0,0
756,2,4,1816,1,-3.2513,7.12022,4.10191,0,0
756,2,5,2150,1,-4.74684,9.19619,6.19596,0,0
757,2,4,1816,1,-3.2513,7.12022,4.10191,0,0
757,2,5,2150,1,-4.74684,9.19619,6.19596,0,0
758,2,4,1816,1,-3.2513,7.12022,4.10191,0,0
758,2,5,2150,1,-4.74684,9.19619,6.19596,0,0
759,2,4,1816,1,-3.2513,7.12022,4.10191,0,0
759,2,5,2150,1,-4.74684,9.19619,6.19596,0,0
760,2,4,1816,1,-3.2513,7.12022,4.10191,0,0
760,2,5,2150,1,-4.74684,9.19619,6.19596,0,0
761,2,4,1816,1,-3.2513,7.12022,4.10191,0,0
761,2,5,2150,1,-4.74684,9.19619,6.19596,0,0
762,2,4,1816,1,-3.2513,7.12022,4.10191,0,0
762,2,5,2150,1,-4.74684,9.19619,6.19596,0,0
763,2,4,1816,1,-3.2513,7.12022,4.10191,0,0
763,2,5,2150,1,-4.74684,9.19619,6.19596,0,0
764,2,4,1816,1,-3.2513,7.12022,4.10191,0,0
764,2,5,2150,1,-4.74684,9.19619,6.19596,0,0
765,2,4,1816,1,-3.2513,7.12022,4.10191,0,0
765,2,5,2150,1,-4.74684,9.19619,6.19596,0,0
766,2,4,1816,1,-3.2513,7.12022,4.10191,0,0
766,2,5,2150,1,-4.74684,9.19619,6.19596,0,0
767,2,4,1816,1,-3.2513,7.12022,4.10191,0,0
767,2,5,2150,1,-4.74684,9.19619,6.19596,0,0
768,2,4,1816,1,-3.2513,7.12022,4.10191,0,0
768,2,5,2150,1,-4.74684,9.19619,6.19596,0,0
769,2,4,1816,1,-3.2513,7.12022,4.10191,0,0
769,2,5,2150,1,-4.74684,9.19619,6.19596,0,0
770,2,4,1816,1,-3.2513,7.12022,4.10191,0,0
770,2,5,2150,1,-4.74684,9.19619,6.19596,0,0
771,2,4,1816,1,-3.2513,7.12022,4.10191,0,0
771,2,5,2150,1,-4.74684,9.19619,6.19596,0,0
772,2,4,1816,1,-3.2513,7.12022,4.10191,0,0
772,2,5,2150,1,-4.74684,9.19619,6.19596,0,0
773,2,4,1816,1,-3.2513,7.12022,4.10191,0,0
773,2,5,2150,1,-4.74684,9.19619,6.19596,0,0
774,2,4,1816,1,-3.2513,7.12022,4.10191,0,0
774,2,5,2150,1,-4.74684,9.19619,6.19596,0,0
775,2,4,1816,1,-3.2513,7.12022,4.10191,0,0
775,2,5,2150,1,-4.74684,9.19619,6.19596,0,0
776,2,4,1816,1,-3.2513,7.12022,4.10191,0,0
776,2,5,2150,1,-4.74684,9.19619,6.19596,0,0
777,2,4,1816,1,-3.2513,7.12022,4.10191,0,0
777,2,5,2150,1,-4.74684,9.19619,6.19596,0,0
778,2,4,1816,1,-3.2513,7.12022,4.10191,0,0
778,2,5,2150,1,-4.74684,9.19619,6.19596,0,0
779,2,4,1816,1,-3.2513,7.12022,4.10191,0,0
779,2,5,2150,1,-4.74684,9.19619,6.19596,0,0
780,2,4,1816,1,-3.2513,7.12022,4.10191,0,0
780,2,5,2150,1,-4.74684,9.19619,6.19596,0,0
781,2,4,1816,1,-3.2513,7.12022,4.10191,0,0
781,2,5,2150,1,-4.74684,9.19619,6.19596,0,0
782,2,4,1816,1,-3.2513,7.12022,4.10191,0,0
782,2,5,2150,1,-4.74684,9.19619,6.19596,0,0
783,2,4,1816,1,-3.2513,7.12022,4.10191,0,0
783,2,5,2150,1,-4.74684,9.19619,6.19596,0,0
784,2,4,1816,1,-3.2513,7.12022,4.10191,0,0
784,2,5,2150,1,-4.74684,9.19619,6.19596,0,0
785,2,4,1816,1,-3.2513,7.12022,4.10191,0,0
785,2,5,2150,1,-4.74684,9.19619,6.19596,0,0
786,2,4,1816,1,-3.2513,7.12022,4.10191,0,0
786,2,5,2150,1,-4.74684,9.19619,6.19596,0,0
787,2,4,1816,1,-3.2513,7.12022,4.10191,0,0
787,2,5,2150,1,-4.74684,9.19619,6.19596,0,0
788,2,4,1816,1,-3.2513,7.12022,4.10191,0,0
788,2,5,2150,1,-4.74684,9.19619,6.19596,0,0
789,2,4,1816,1,-3.2513,7.12022,4.10191,0,0
789,2,5,2150,1,-4.74684,9.19619,6.19596,0,0
790,2,4,1816,1,-3.2513,7.12022,4.10191,0,0
790,2,5,2150,1,-4.74684,9.19619,6.19596,0,0
791,2,4,1816,1,-3.2513,7.12022,4.10191,0,0
791,2,5,2150,1,-4.74684,9.19619,6.19596,0,0
792,2,4,1816,1,-3.2513,7.12022,4.10191,0,0
792,2,5,2150,1,-4.74684,9.19619,6.19596,0,0
793,2,4,1816,1,-3.2513,7.12022,4.10191,0,0
793,2,5,2150,1,-4.74684,9.19619,6.19596,0,0
794,2,4,1816,1,-3.2513,7.12022,4.10191,0,0
794,2,5,2150,1,-4.74684,9.19619,6.19596,0,0
795,2,4,1816,1,-3.2513,7.12022,4.10191,0,0
795,2,5,2150,1,-4.74684,9.19619,6.19596,0,0
796,2,4,1816,1,-3.2513,7.12022,4.10191,0,0
796,2,5,2150,1,-4.74684,9.19619,6.19596,0,0
797,2,4,1816,1,-3.2513,7.12022,4.10191,0,0
797,2,5,2150,1,-4.74684,9.19619,6.19596,0,0
798,2,4,1816,1,-3.2513,7.12022,4.10191,0,0
798,2,5,2150,1,-4.74684,9.19619,6.19596,0,0
799,2,4,1816,1,-3.2513,7.12022,4.10191,0,0
799,2,5,2150,1,-4.74684,9.19619,6.19596,0,0
800,2,4,1816,1,-3.2513,7.12022,4.10191,0,0
800,2,5,2150,1,-4.74684,9.19619,6.19596,0,0
801,2,4,1816,1,-3.2513,7.12022,4.10191,0,0
801,2,5,2150,1,-4.74684,9.19619,6.19596,0,0
802,2,4,1816,1,-3.2513,7.12022,4.10191,0,0
802,2,5,2150,1,-4.74684,9.19619,6.19596,0,0
803,2,4,1816,1,-3.2513,7.12022,4.10191,0,0
803,2,5,2150,1,-4.74684,9.19619,6.19596,0,0
804,2,4,1816,1,-3.2513,7.12022,4.10191,0,0
804,2,5,2150,1,-4.74684,9.19619,6.19596,0,0
805,2,4,1816,1,-3.2513,7.12022,4.10191,0,0
805,2,5,2150,1,-4.74684,9.19619,6.19596,0,0
806,2,4,1816,1,-3.2513,7.12022,4.10191,0,0
806,2,5,2150,1,-4.74684,9.19619,6.19596,0,0
807,2,4,1816,1,-3.2513,7.12022,4.10191,0,0
807,2,5,2150,1,-4.74684,9.19619,6.19596,0,0
808,2,4,1816,1,-3.2513,7.12022,4.10191,0,0
808,2,5,2150,1,-4.74684,9.19619,6.19596,0,0
809,2,4,1816,1,-3.2513,7.12022,4.10191,0,0
809,2,5,2150,1,-4.74684,9.19619,6.19596,0,0
810,2,4,1816,1,-3.2513,7.12022,4.10191,0,0
810,2,5,2150,1,-4.74684,9.19619,6.19596,0,0
811,2,4,1816,1,-3.2513,7.12022,4.10191,0,0
811,2,5,2150,1,-4.74684,9.19619,6.19596,0,0
812,2,4,1816,1,-3.2513,7.12022,4.10191,0,0
812,2,5,2150,1,-4.74684,9.19619,6.19596,0,0
813,2,4,1816,1,-3.2513,7.12022,4.10191,0,0
813,2,5,2150,1,-4.74684,9.19619,6.19596,0,0
814,2,4,1816,1,-3.2513,7.12022,4.10191,0,0
814,2,5,2150,1,-4.74684,9.19619,6.19596,0,0
815,2,4,1816,1,-3.2513,7.12022,4.10191,0,0
815,2,5,2150,1,-4.74684,9.19619,6.19596,0,0
816,2,4,1816,1,-3.2513,7.12022,4.10191,0,0
816,2,5,2150,1,-4.74684,9.19619,6.19596,0,0
817,2,4,1816,1,-3.2513,7.12022,4.10191,0,0
817,2,5,2150,1,-4.74684,9.19619,6.19596,0,0
818,2,4,1816,1,-3.2513,7.12022,4.10191,0,0
818,2,5,2150,1,-4.74684,9.19619,6.19596,0,0
819,2,4,1816,1,-3.2513,7.12022,4.10191,0,0
819,2,5,2150,1,-4.74684,9.19619,6.19596,0,0
820,2,4,1816,1,-3.2513,7.12022,4.10191,0,0
820,2,5,2150,1,-4.74684,9.19619,6.19596,0,0
821,2,4,1816,1,-3.2513,7.12022,4.10191,0,0
821,2,5,2150,1,-4.74684,9.19619,6.19596,0,0
822,2,4,1816,1,-3.2513,7.12022,4.10191,0,0
822,2,5,2150,1,-4.74684,9.19619,6.19596,0,0
823,2,4,1816,1,-3.2513,7.12022,4.10191,0,0
823,2,5,2150,1,-4.74684,9.19619,6.19596,0,0
824,2,4,1816,1,-3.2513,7.12022,4.10191,0,0
824,2,5,2150,1,-4.74684,9.19619,6.19596,0,0
825,2,4,1816,1,-3.2513,7.12022,4.10191,0,0
825,2,5,2150,1,-4.74684,9.19619,6.19596,0,0
826,2,4,1816,1,-3.2513,7.12022,4.10191,0,0
826,2,5,2150,1,-4.74684,9.19619,6.19596,0,0
827,2,4,1816,1,-3.2513,7.12022,4.10191,0,0
827,2,5,2150,1,-4.74684,9.19619,6.19596,0,0
828,2,4,1816,1,-3.2513,7.12022,4.10191,0,0
828,2,5,2150,1,-4.74684,9.19619,6.19596,0,0
829,2,4,1816,1,-3.2513,7.12022,4.10191,0,0
829,2,5,2150,1,-4.74684,9.19619,6.19596,0,0
830,2,4,1816,1,-3.2513,7.12022,4.10191,0,0
830,2,5,2150,1,-4.74684,9.19619,6.19596,0,0
831,2,4,1816,1,-3.2513,7.12022,4.10191,0,0
831,2,5,2150,1,-4.74684,9.19619,6.19596,0,0
832,2,4,1816,1,-3.2513,7.12022,4.10191,0,0
832,2,5,2150,1,-4.74684,9.19619,6.19596,0,0
833,2,4,1816,1,-3.2513,7.12022,4.10191,0,0
833,2,5,2150,1,-4.74684,9.19619,6.19596,0,0
834,2,4,1816,1,-3.2513,7.12022,4.10191,0,0
834,2,5,2150,1,-4.74684,9.19619,6.19596,0,0
835,2,4,1816,1,-3.2513,7.12022,4.10191,0,0
835,2,5,2150,1,-4.74684,9.19619,6.19596,0,0
836,2,4,1816,1,-3.2513,7.12022,4.10191,0,0
836,2,5,2150,1,-4.74684,9.19619,6.19596,0,0
837,2,4,1816,1,-3.2513,7.12022,4.10191,0,0
837,2,5,2150,1,-4.74684,9.19619,6.19596,0,0
838,2,4,1816,1,-3.2513,7.12022,4.10191,0,0
838,2,5,2150,1,-4.74684,9.19619,6.19596,0,0
839,2,4,1816,1,-3.2513,7.12022,4.10191,0,0
839,2,5,2150,1,-4.74684,9.19619,6.19596,0,0
840,2,4,1816,1,-3.2513,7.12022,4.10191,0,0
840,2,5,2150,1,-4.74684,9.19619,6.19596,0,0
841,2,4,1816,1,-3.2513,7.12022,4.10191,0,0
841,2,5,2150,1,-4.74684,9.19619,6.19596,0,0
842,2,4,1816,1,-3.2513,7.12022,4.10191,0,0
842,2,5,2150,1,-4.74684,9.19619,6.19596,0,0
843,2,4,1816,1,-3.2513,7.12022,4.10191,0,0
843,2,5,2150,1,-4.74684,9.19619,6.19596,0,0
844,2,4,1816,1,-3.2513,7.12022,4.10191,0,0
844,2,5,2150,1,-4.74684,9.19619,6.19596,0,0
845,2,4,1816,1,-3.2513,7.12022,4.10191,0,0
845,2,5,2150,1,-4.74684,9.19619,6.19596,0,0
846,2,4,1816,1,-3.2513,7.12022,4.10191,0,0
846,2,5,2150,1,-4.74684,9.19619,6.19596,0,0
847,2,4,1816,1,-3.2513,7.12022,4.10191,0,0
847,2,5,2150,1,-4.74684,9.19619,6.19596,0,0
848,2,4,1816,1,-3.2513,7.12022,4.10191,0,0
848,2,5,2150,1,-4.74684,9.19619,6.19596,0,0
849,2,4,1816,1,-3.2513,7.12022,4.10191,0,0
849,2,5,2150,1,-4.74684,9.19619,6.19596,0,0
850,2,4,1816,1,-3.2513,7.12022,4.10191,0,0
850,2,5,2150,1,-4.74684,9.19619,6.19596,0,0
851,2,4,1816,1,-3.2513,7.12022,4.10191,0,0
851,2,5,2150,1,-4.74684,9.19619,6.19596,0,0
852,2,4,1816,1,-3.2513,7.12022,4.10191,0,0
852,2,5,2150,1,-4.74684,9.19619,6.19596,0,0
853,2,4,1816,1,-3.2513,7.12022,4.10191,0,0
853,2,5,2150,1,-4.74684,9.19619,6.19596,0,0
854,2,4,1816,1,-3.2513,7.12022,4.10191,0,0
854,2,5,2150,1,-4.74684,9.19619,6.19596,0,0
855,2,4,1816,1,-3.2513,7.12022,4.10191,0,0
855,2,5,2150,1,-4.74684,9.19619,6.19596,0,0
856,2,4,1816,1,-3.2513,7.12022,4.10191,0,0
856,2,5,2150,1,-4.74684,9.19619,6.19596,0,0
857,2,4,1816,1,-3.2513,7.12022,4.10191,0,0
857,2,5,2150,1,-4.74684,9.19619,6.19596,0,0
858,2,4,1816,1,-3.2513,7.12022,4.10191,0,0
858,2,5,2150,1,-4.74684,9.19619,6.19596,0,0
859,2,4,1816,1,-3.2513,7.12022,4.10191,0,0
859,2,5,2150,1,-4.74684,9.19619,6.19596,0,0
860,2,4,1816,1,-3.2513,7.12022,4.10191,0,0
860,2,5,2150,1,-4.74684,9.19619,6.19596,0,0
861,2,4,1816,1,-3.2513,7.12022,4.10191,0,0
861,2,5,2150,1,-4.74684,9.19619,6.19596,0,0
862,2,4,1816,1,-3.2513,7.12022,4.10191,0,0
862,2,5,2150,1,-4.74684,9.19619,6.19596,0,0
863,2,4,1816,1,-3.2513,7.12022,4.10191,0,0
863,2,5,2150,1,-4.74684,9.19619,6.19596,0,0
864,2,4,1816,1,-3.2513,7.12022,4.10191,0,0
864,2,5,2150,1,-4.74684,9.19619,6.19596,0,0
865,2,4,1816,1,-3.2513,7.12022,4.10191,0,0
865,2,5,2150,1,-4.74684,9.19619,6.19596,0,0
866,2,4,1816,1,-3.2513,7.12022,4.10191,0,0
866,2,5,2150,1,-4.74684,9.19619,6.19596,0,0
867,2,4,1816,1,-3.2513,7.12022,4.10191,0,0
867,2,5,2150,1,-4.74684,9.19619,6.19596,0,0
868,2,4,1816,1,-3.2513,7.12022,4.10191,0,0
868,2,5,2150,1,-4.74684,9.19619,6.19596,0,0
869,2,4,1816,1,-3.2513,7.12022,4.10191,0,0
869,2,5,2150,1,-4.74684,9.19619,6.19596,0,0
870,2,4,1816,1,-3.2513,7.12022,4.10191,0,0
870,2,5,2150,1,-4.74684,9.19619,6.19596,0,0
871,2,4,1816,1,-3.2513,7.12022,4.10191,0,0
871,2,5,2150,1,-4.74684,9.19619,6.19596,0,0
872,2,4,1816,1,-3.2513,7.12022,4.10191,0,0
872,2,5,2150,1,-4.74684,9.19619,6.19596,0,0
873,2,4,1816,1,-3.2513,7.12022,4.10191,0,0
873,2,5,2150,1,-4.74684,9.19619,6.19596,0,0
874,2,4,1816,1,-3.2513,7.12022,4.10191,0,0
874,2,5,2150,1,-4.74684,9.19619,6.19596,0,0
875,2,4,1816,1,-3.2513,7.12022,4.10191,0,0
875,2,5,2150,1,-4.74684,9.19619,6.19596,0,0
876,2,4,1816,1,-3.2513,7.12022,4.10191,0,0
876,2,5,2150,1,-4.74684,9.19619,6.19596,0,0
877,2,4,1816,1,-3.2513,7.12022,4.10191,0,0
877,2,5,2150,1,-4.74684,9.19619,6.19596,0,0
878,2,4,1816,1,-3.2513,7.12022,4.10191,0,0
878,2,5,2150,1,-4.74684,9.19619,6.19596,0,0
879,2,4,1816,1,-3.2513,7.12022,4.10191,0,0
879,2,5,2150,1,-4.74684,9.19619,6.19596,0,0
880,2,4,1816,1,-3.2513,7.12022,4.10191,0,0
880,2,5,2150,1,-4.74684,9.19619,6.19596,0,0
881,2,4,1816,1,-3.2513,7.12022,4.10191,0,0
881,2,5,2150,1,-4.74684,9.19619,6.19596,0,0
882,2,4,1816,1,-3.2513,7.12022,4.10191,0,0
882,2,5,2150,1,-4.74684,9.19619,6.19596,0,0
883,2,4,1816,1,-3.2513,7.12022,4.10191,0,0
883,2,5,2150,1,-4.74684,9.19619,6.19596,0,0
884,2,4,1816,1,-3.2513,7.12022,4.10191,0,0
884,2,5,2150,1,-4.74684,9.19619,6.19596,0,0
885,2,4,1816,1,-3.2513,7.12022,4.10191,0,0
885,2,5,2150,1,-4.74684,9.19619,6.19596,0,0
886,2,4,1816,1,-3.2513,7.12022,4.10191,0,0
886,2,5,2150,1,-4.74684,9.19619,6.19596,0,0
887,2,4,1816,1,-3.2513,7.12022,4.10191,0,0
887,2,5,2150,1,-4.74684,9.19619,6.19596,0,0
888,2,4,1816,1,-3.2513,7.12022,4.10191,0,0
888,2,5,2150,1,-4.74684,9.19619,6.19596,0,0
889,2,4,1816,1,-3.2513,7.12022,4.10191,0,0
889,2,5,2150,1,-4.74684,9.19619,6.19596,0,0
890,2,4,1816,1,-3.2513,7.12022,4.10191,0,0
890,2,5,2150,1,-4.74684,9.19619,6.19596,0,0
891,2,4,1816,1,-3.2513,7.12022,4.10191,0,0
891,2,5,2150,1,-4.74684,9.19619,6.19596,0,0
892,2,4,1816,1,-3.2513,7.12022,4.10191,0,0
892,2,5,2150,1,-4.74684,9.19619,6.19596,0,0
893,2,4,1816,1,-3.2513,7.12022,4.10191,0,0
893,2,5,2150,1,-4.74684,9.19619,6.19596,0,0
894,2,4,1816,1,-3.2513,7.12022,4.10191,0,0
894,2,5,2150,1,-4.74684,9.19619,6.19596,0,0
895,2,4,1816,1,-3.2513,7.12022,4.10191,0,0
895,2,5,2150,1,-4.74684,9.19619,6.19596,0,0
896,2,4,1816,1,-3.2513,7.12022,4.10191,0,0
896,2,5,2150,1,-4.74684,9.19619,6.19596,0,0
897,2,4,1816,1,-3.2513,7.12022,4.10191,0,0
897,2,5,2150,1,-4.74684,9.19619,6.19596,0,0
898,2,4,1816,1,-3.2513,7.12022,4.10191,0,0
898,2,5,2150,1,-4.74684,9.19619,6.19596,0,0
899,2,4,1816,1,-3.2513,7.12022,4.10191,0,0
899,2,5,2150,1,-4.74684,9.19619,6.19596,0,0
900,2,4,1816,1,-3.2513,7.12022,4.10191,0,0
900,2,5,2150,1,-4.74684,9.19619,6.19596,0,0
901,2,4,1816,1,-3.2513,7.12022,4.10191,0,0
901,2,5,2150,1,-4.74684,9.19619,6.19596,0,0
902,2,4,1816,1,-3.2513,7.12022,4.10191,0,0
902,2,5,2150,1,-4.74684,9.19619,6.19596,0,0
903,2,4,1816,1,-3.2513,7.12022,4.10191,0,0
903,2,5,2150,1,-4.74684,9.19619,6.19596,0,0
904,2,4,1816,1,-3.2513,7.12022,4.10191,0,0
904,2,5,2150,1,-4.74684,9.19619,6.19596,0,0
905,2,4,1816,1,-3.2513,7.12022,4.10191,0,0
905,2,5,2150,1,-4.74684,9.19619,6.19596,0,0
906,2,4,1816,1,-3.2513,7.12022,4.10191,0,0
906,2,5,2150,1,-4.74684,9.19619,6.19596,0,0
907,2,4,1816,1,-3.2513,7.12022,4.10191,0,0
907,2,5,2150,1,-4.74684,9.19619,6.19596,0,0
908,2,4,1816,1,-3.2513,7.12022,4.10191,0,0
908,2,5,2150,1,-4.74684,9.19619,6.19596,0,0
909,2,4,1816,1,-3.2513,7.12022,4.10191,0,0
909,2,5,2150,1,-4.74684,9.19619,6.19596,0,0
910,2,4,1816,1,-3.2513,7.12022,4.10191,0,0
910,2,5,2150,1,-4.74684,9.19619,6.19596,0,0
911,2,4,1816,1,-3.2513,7.12022,4.10191,0,0
911,2,5,2150,1,-4.74684,9.19619,6.19596,0,0
912,2,4,1816,1,-3.2513,7.12022,4.10191,0,0
912,2,5,2150,1,-4.74684,9.19619,6.19596,0,0
913,2,4,1816,1,-3.2513,7.12022,4.10191,0,0
913,2,5,2150,1,-4.74684,9.19619,6.19596,0,0
914,2,4,1816,1,-3.2513,7.12022,4.10191,0,0
914,2,5,2150,1,-4.74684,9.19619,6.19596,0,0
915,2,4,1816,1,-3.2513,7.12022,4.10191,0,0
915,2,5,2150,1,-4.74684,9.19619,6.19596,0,0
916,2,4,1816,1,-3.2513,7.12022,4.10191,0,0
916,2,5,2150,1,-4.74684,9.19619,6.19596,0,0
917,2,4,1816,1,-3.2513,7.12022,4.10191,0,0
917,2,5,2150,1,-4.74684,9.19619,6.19596,0,0
918,2,4,1816,1,-3.2513,7.12022,4.10191,0,0
918,2,5,2150,1,-4.74684,9.19619,6.19596,0,0
919,2,4,1816,1,-3.2513,7.12022,4.10191,0,0
919,2,5,2150,1,-4.74684,9.19619,6.19596,0,0
920,2,4,1816,1,-3.2513,7.12022,4.10191,0,0
920,2,5,2150,1,-4.74684,9.19619,6.19596,0,0
921,2,4,1816,1,-3.2513,7.12022,4.10191,0,0
921,2,5,2150,1,-4.74684,9.19619,6.19596,0,0
922,2,4,1816,1,-3.2513,7.12022,4.10191,0,0
922,2,5,2150,1,-4.74684,9.19619,6.19596,0,0
923,2,4,1816,1,-3.2513,7.12022,4.10191,0,0
923,2,5,2150,1,-4.74684,9.19619,6.19596,0,0
924,2,4,1816,1,-3.2513,7.12022,4.10191,0,0
924,2,5,2150,1,-4.74684,9.19619,6.19596,0,0
925,2,4,1816,1,-3.2513,7.12022,4.10191,0,0
925,2,5,2150,1,-4.74684,9.19619,6.19596,0,0
926,2,4,1816,1,-3.2513,7.12022,4.10191,0,0
926,2,5,2150,1,-4.74684,9.19619,6.19596,0,0
927,2,4,1816,1,-3.2513,7.12022,4.10191,0,0
927,2,5,2150,1,-4.74684,9.19619,6.19596,0,0
928,2,4,1816,1,-3.2513,7.12022,4.10191,0,0
928,2,5,2150,1,-4.74684,9.19619,6.19596,0,0
929,2,4,1816,1,-3.2513,7.12022,4.10191,0,0
929,2,5,2150,1,-4.74684,9.19619,6.19596,0,0
930,2,4,1816,1,-3.2513,7.12022,4.10191,0,0
930,2,5,2150,1,-4.74684,9.19619,6.19596,0,0
931,2,4,1816,1,-3.2513,7.12022,4.10191,0,0
931,2,5,2150,1,-4.74684,9.19619,6.19596,0,0
932,2,4,1816,1,-3.2513,7.12022,4.10191,0,0
932,2,5,2150,1,-4.74684,9.19619,6.19596,0,0
933,2,4,1816,1,-3.2513,7.12022,4.10191,0,0
933,2,5,2150,1,-4.74684,9.19619,6.19596,0,0
934,2,4,1816,1,-3.2513,7.12022,4.10191,0,0
934,2,5,2150,1,-4.74684,9.19619,6.19596,0,0
935,2,4,1816,1,-3.2513,7.12022,4.10191,0,0
935,2,5,2150,1,-4.74684,9.19619,6.19596,0,0
936,2,4,1816,1,-3.2513,7.12022,4.10191,0,0
936,2,5,2150,1,-4.74684,9.19619,6.19596,0,0
937,2,4,1816,1,-3.2513,7.12022,4.10191,0,0
937,2,5,2150,1,-4.74684,9.19619,6.19596,0,0
938,2,4,1816,1,-3.2513,7.12022,4.10191,0,0
938,2,5,2150,1,-4.74684,9.19619,6.19596,0,0
939,2,4,1816,1,-3.2513,7.12022,4.10191,0,0
939,2,5,2150,1,-4.74684,9.19619,6.19596,0,0
940,2,4,1816,1,-3.2513,7.12022,4.10191,0,0
940,2,5,2150,1,-4.74684,9.19619,6.19596,0,0
941,2,4,1816,1,-3.2513,7.12022,4.10191,0,0
941,2,5,2150,1,-4.74684,9.19619,6.19596,0,0
942,2,4,1816,1,-3.2513,7.12022,4.10191,0,0
942,2,5,2150,1,-4.74684,9.19619,6.19596,0,0
943,2,4,1816,1,-3.2513,7.12022,4.10191,0,0
943,2,5,2150,1,-4.74684,9.19619,6.19596,0,0
944,2,4,1816,1,-3.2513,7.12022,4.10191,0,0
944,2,5,2150,1,-4.74684,9.19619,6.19596,0,0
945,2,4,1816,1,-3.2513,7.12022,4.10191,0,0
945,2,5,2150,1,-4.74684,9.19619,6.19596,0,0
946,2,4,1816,1,-3.2513,7.12022,4.10191,0,0
946,2,5,2150,1,-4.74684,9.19619,6.19596,0,0
947,2,4,1816,1,-3.2513,7.12022,4.10191,0,0
947,2,5,2150,1,-4.74684,9.19619,6.19596,0,0
948,2,4,1816,1,-3.2513,7.12022,4.10191,0,0
948,2,5,2150,1,-4.74684,9.19619,6.19596,0,0
949,2,4,1816,1,-3.2513,7.12022,4.10191,0,0
949,2,5,2150,1,-4.74684,9.19619,6.19596,0,0
950,2,4,1816,1,-3.2513,7.12022,4.10191,0,0
950,2,5,2150,1,-4.74684,9.19619,6.19596,0,0
951,2,4,1816,1,-3.2513,7.12022,4.10191,0,0
951,2,5,2150,1,-4.74684,9.19619,6.19596,0,0
952,2,4,1816,1,-3.2513,7.12022,4.10191,0,0
952,2,5,2150,1,-4.74684,9.19619,6.19596,0,0
953,2,4,1816,1,-3.2513,7.12022,4.10191,0,0
953,2,5,2150,1,-4.74684,9.19619,6.19596,0,0
954,2,4,1816,1,-3.2513,7.12022,4.10191,0,0
954,2,5,2150,1,-4.74684,9.19619,6.19596,0,0
955,2,4,1816,1,-3.2513,7.12022,4.10191,0,0
955,2,5,2150,1,-4.74684,9.19619,6.19596,0,0
956,2,4,1816,1,-3.2513,7.12022,4.10191,0,0
956,2,5,2150,1,-4.74684,9.19619,6.19596,0,0
957,2,4,1816,1,-3.2513,7.12022,4.10191,0,0
957,2,5,2150,1,-4.74684,9.19619,6.19596,0,0
958,2,4,1816,1,-3.2513,7.12022,4.10191,0,0
958,2,5,2150,1,-4.74684,9.19619,6.19596,0,0
959,2,4,1816,1,-3.2513,7.12022,4.10191,0,0
959,2,5,2150,1,-4.74684,9.19619,6.19596,0,0
960,2,4,1816,1,-3.2513,7.12022,4.10191,0,0
960,2,5,2150,1,-4.74684,9.19619,6.19596,0,0
961,2,4,1816,1,-3.2513,7.12022,4.10191,0,0
961,2,5,2150,1,-4.74684,9.19619,6.19596,0,0
962,2,4,1816,1,-3.2513,7.12022,4.10191,0,0
962,2,5,2150,1,-4.74684,9.19619,6.19596,0,0
963,2,4,1816,1,-3.2513,7.12022,4.10191,0,0
963,2,5,2150,1,-4.74684,9.19619,6.19596,0,0
964,2,4,1816,1,-3.2513,7.12022,4.10191,0,0
964,2,5,2150,1,-4.74684,9.19619,6.19596,0,0
965,2,4,1816,1,-3.2513,7.12022,4.10191,0,0
965,2,5,2150,1,-4.74684,9.19619,6.19596,0,0
966,2,4,1816,1,-3.2513,7.12022,4.10191,0,0
966,2,5,2150,1,-4.74684,9.19619,6.19596,0,0
967,2,4,1816,1,-3.2513,7.12022,4.10191,0,0
967,2,5,2150,1,-4.74684,9.19619,6.19596,0,0
968,2,4,1816,1,-3.2513,7.12022,4.10191,0,0
968,2,5,2150,1,-4.74684,9.19619,6.19596,0,0
969,2,4,1816,1,-3.2513,7.12022,4.10191,0,0
969,2,5,2150,1,-4.74684,9.19619,6.19596,0,0
970,2,4,1816,1,-3.2513,7.12022,4.10191,0,0
970,2,5,2150,1,-4.74684,9.19619,6.19596,0,0
971,2,4,1816,1,-3.2513,7.12022,4.10191,0,0
971,2,5,2150,1,-4.74684,9.19619,6.19596,0,0
972,2,4,1816,1,-3.2513,7.12022,4.10191,0,0
972,2,5,2150,1,-4.74684,9.19619,6.19596,0,0
973,2,4,1816,1,-3.2513,7.12022,4.10191,0,0
973,2,5,2150,1,-4.74684,9.19619,6.19596,0,0
974,2,4,1816,1,-3.2513,7.12022,4.10191,0,0
974,2,5,2150,1,-4.74684,9.19619,6.19596,0,0
975,2,4,1816,1,-3.2513,7.12022,4.10191,0,0
975,2,5,2150,1,-4.74684,9.19619,6.19596,0,0
976,2,4,1816,1,-3.2513,7.12022,4.10191,0,0
976,2,5,2150,1,-4.74684,9.19619,6.19596,0,0
977,2,4,1816,1,-3.2513,7.12022,4.10191,0,0
977,2,5,2150,1,-4.74684,9.19619,6.19596,0,0
978,2,4,1816,1,-3.2513,7.12022,4.10191,0,0
978,2,5,2150,1,-4.74684,9.19619,6.19596,0,0
979,2,4,1816,1,-3.2513,7.12022,4.10191,0,0
979,2,5,2150,1,-4.74684,9.19619,6.19596,0,0
980,2,4,1816,1,-3.2513,7.12022,4.10191,0,0
980,2,5,2150,1,-4.74684,9.19619,6.19596,0,0
981,2,4,1816,1,-3.2513,7.12022,4.10191,0,0
981,2,5,2150,1,-4.74684,9.19619,6.19596,0,0
982,2,4,1816,1,-3.2513,7.12022,4.10191,0,0
982,2,5,2150,1,-4.74684,9.19619,6.19596,0,0
983,2,4,1816,1,-3.2513,7.12022,4.10191,0,0
983,2,5,2150,1,-4.74684,9.19619,6.19596,0,0
984,2,4,1816,1,-3.2513,7.12022,4.10191,0,0
984,2,5,2150,1,-4.74684,9.19619,6.19596,0,0
985,2,4,1816,1,-3.2513,7.12022,4.10191,0,0
985,2,5,2150,1,-4.74684,9.19619,6.19596,0,0
986,2,4,1816,1,-3.2513,7.12022,4.10191,0,0
986,2,5,2150,1,-4.74684,9.19619,6.19596,0,0
987,2,4,1816,1,-3.2513,7.12022,4.10191,0,0
987,2,5,2150,1,-4.74684,9.19619,6.19596,0,0
988,2,4,1816,1,-3.2513,7.12022,4.10191,0,0
988,2,5,2150,1,-4.74684,9.19619,6.19596,0,0
989,2,4,1816,1,-3.2513,7.12022,4.10191,0,0
989,2,5,2150,1,-4.74684,9.19619,6.19596,0,0
990,2,4,1816,1,-3.2513,7.12022,4.10191,0,0
990,2,5,2150,1,-4.74684,9.19619,6.19596,0,0
991,2,4,1816,1,-3.2513,7.12022,4.10191,0,0
991,2,5,2150,1,-4.74684,9.19619,6.19596,0,0
992,2,4,1816,1,-3.2513,7.12022,4.10191,0,0
992,2,5,2150,1,-4.74684,9.19619,6.19596,0,0
993,2,4,1816,1,-3.2513,7.12022,4.10191,0,0
993,2,5,2150,1,-4.74684,9.19619,6.19596,0,0
994,2,4,1816,1,-3.2513,7.12022,4.10191,0,0
994,2,5,2150,1,-4.74684,9.19619,6.19596,0,0
995,2,4,1816,1,-3.2513,7.12022,4.10191,0,0
995,2,5,2150,1,-4.74684,9.19619,6.19596,0,0
996,2,4,1816,1,-3.2513,7.12022,4.10191,0,0
996,2,5,2150,1,-4.74684,9.19619,6.19596,0,0
997,2,4,1816,1,-3.2513,7.12022,4.10191,0,0
997,2,5,2150,1,-4.74684,9.19619,6.19596,0,0
998,2,4,1816,1,-3.2513,7.12022,4.10191,0,0
998,2,5,2150,1,-4.74684,9.19619,6.19596,0,0
999,2,4,1816,1,-3.2513,7.12022,4.10191,0,0
999,2,5,2150,1,-4.74684,9.19619,6.19596,0,0
1000,2,4,1816,1,-3.2513,7.12022,4.10191,0,0
1000,2,5,2150,1,-4.74684,9.19619,6.19596,0,0
1001,2,4,1816,1,-3.2513,7.12022,4.10191,0,0
1001,2,5,2150,1,-4.74684,9.19619,6.19596,0,0
1002,2,4,1816,1,-3.2513,7.12022,4.10191,0,0
1002,2,5,2150,1,-4.74684,9.19619,6.19596,0,0
1003,2,4,1816,1,-3.2513,7.12022,4.10191,0,0
1003,2,5,2150,1,-4.74684,9.19619,6.19596,0,0
1004,2,4,1816,1,-3.2513,7.12022,4.10191,0,0
1004,2,5,2150,1,-4.74684,9.19619,6.19596,0,0
1005,2,4,1816,1,-3.2513,7.12022,4.10191,0,0
1005,2,5,2150,1,-4.74684,9.19619,6.19596,0,0
1006,2,4,1816,1,-3.2513,7.12022,4.10191,0,0
1006,2,5,2150,1,-4.74684,9.19619,6.19596,0,0
1007,2,4,1816,1,-3.2513,7.12022,4.10191,0,0
1007,2,5,2150,1,-4.74684,9.19619,6.19596,0,0
1008,2,4,1816,1,-3.2513,7.12022,4.10191,0,0
1008,2,5,2150,1,-4.74684,9.19619,6.19596,0,0
1009,2,4,1816,1,-3.2513,7.12022,4.10191,0,0
1009,2,5,2150,1,-4.74684,9.19619,6.19596,0,0
1010,2,4,1816,1,-3.2513,7.12022,4.10191,0,0
1010,2,5,2150,1,-4.74684,9.19619,6.19596,0,0
1011,2,4,1816,1,-3.2513,7.12022,4.10191,0,0
1011,2,5,2150,1,-4.74684,9.19619,6.19596,0,0
1012,2,4,1816,1,-3.2513,7.12022,4.10191,0,0
1012,2,5,2150,1,-4.74684,9.19619,6.19596,0,0
1013,2,4,1816,1,-3.2513,7.12022,4.10191,0,0
1013,2,5,2150,1,-4.74684,9.19619,6.19596,0,0
1014,2,4,1816,1,-3.2513,7.12022,4.10191,0,0
1014,2,5,2150,1,-4.74684,9.19619,6.19596,0,0
1015,2,4,1816,1,-3.2513,7.12022,4.10191,0,0
1015,2,5,2150,1,-4.74684,9.19619,6.19596,0,0
1016,2,4,1816,1,-3.2513,7.12022,4.10191,0,0
1016,2,5,2150,1,-4.74684,9.19619,6.19596,0,0
1017,2,4,1816,1,-3.2513,7.12022,4.10191,0,0
1017,2,5,2150,1,-4.74684,9.19619,6.19596,0,0
1018,2,4,1816,1,-3.2513,7.12022,4.10191,0,0
1018,2,5,2150,1,-4.74684,9.19619,6.19596,0,0
1019,2,4,1816,1,-3.2513,7.12022,4.10191,0,0
1019,2,5,2150,1,-4.74684,9.19619,6.19596,0,0
1020,2,4,1816,1,-3.2513,7.12022,4.10191,0,0
1020,2,5,2150,1,-4.74684,9.19619,6.19596,0,0
1021,2,4,1816,1,-3.2513,7.12022,4.10191,0,0
1021,2,5,2150,1,-4.74684,9.19619,6.19596,0,0
1022,2,4,1816,1,-3.2513,7.12022,4.10191,0,0
1022,2,5,2150,1,-4.74684,9.19619,6.19596,0,0
1023,2,4,1816,1,-3.2513,7.12022,4.10191,0,0
1023,2,5,2150,1,-4.74684,9.19619,6.19596,0,0
1024,2,4,1816,1,-3.2513,7.12022,4.10191,0,0
1024,2,5,2150,1,-4.74684,9.19619,6.19596,0,0
1025,2,4,1816,1,-3.2513,7.12022,4.10191,0,0
1025,2,5,2150,1,-4.74684,9.19619,6.19596,0,0
1026,2,4,1816,1,-3.2513,7.12022,4.10191,0,0
1026,2,5,2150,1,-4.74684,9.19619,6.19596,0,0
1027,2,4,1816,1,-3.2513,7.12022,4.10191,0,0
1027,2,5,2150,1,-4.74684,9.19619,6.19596,0,0
1028,2,4,1816,1,-3.2513,7.12022,4.10191,0,0
1028,2,5,2150,1,-4.74684,9.19619,6.19596,0,0
1029,2,4,1816,1,-3.2513,7.12022,4.10191,0,0
1029,2,5,2150,1,-4.74684,9.19619,6.19596,0,0
1030,2,4,1816,1,-3.2513,7.12022,4.10191,0,0
1030,2,5,2150,1,-4.74684,9.19619,6.19596,0,0
1031,2,4,1816,1,-3.2513,7.12022,4.10191,0,0
1031,2,5,2150,1,-4.74684,9.19619,6.19596,0,0
1032,2,4,1816,1,-3.2513,7.12022,4.10191,0,0
1032,2,5,2150,1,-4.74684,9.19619,6.19596,0,0
1033,2,4,1816,1,-3.2513,7.12022,4.10191,0,0
1033,2,5,2150,1,-4.74684,9.19619,6.19596,0,0
1034,2,4,1816,1,-3.2513,7.12022,4.10191,0,0
1034,2,5,2150,1,-4.74684,9.19619,6.19596,0,0
1035,2,4,1816,1,-3.2513,7.12022,4.10191,0,0
1035,2,5,2150,1,-4.74684,9.19619,6.19596,0,0
1036,2,4,1816,1,-3.2513,7.12022,4.10191,0,0
1036,2,5,2150,1,-4.74684,9.19619,6.19596,0,0
1037,2,4,1816,1,-3.2513,7.12022,4.10191,0,0
1037,2,5,2150,1,-4.74684,9.19619,6.19596,0,0
1038,2,4,1816,1,-3.2513,7.12022,4.10191,0,0
1038,2,5,2150,1,-4.74684,9.19619,6.19596,0,0
1039,2,4,1816,1,-3.2513,7.12022,4.10191,0,0
1039,2,5,2150,1,-4.74684,9.19619,6.19596,0,0
1040,2,4,1816,1,-3.2513,7.12022,4.10191,0,0
1040,2,5,2150,1,-4.74684,9.19619,6.19596,0,0
1041,2,4,1816,1,-3.2513,7.12022,4.10191,0,0
1041,2,5,2150,1,-4.74684,9.19619,6.19596,0,0
1042,2,4,1816,1,-3.2513,7.12022,4.10191,0,0
1042,2,5,2150,1,-4.74684,9.19619,6.19596,0,0
1043,2,4,1816,1,-3.2513,7.12022,4.10191,0,0
1043,2,5,2150,1,-4.74684,9.19619,6.19596,0,0
1044,2,4,1816,1,-3.2513,7.12022,4.10191,0,0
1044,2,5,2150,1,-4.74684,9.19619,6.19596,0,0
1045,2,4,1816,1,-3.2513,7.12022,4.10191,0,0
1045,2,5,2150,1,-4.74684,9.19619,6.19596,0,0
1046,2,4,1816,1,-3.2513,7.12022,4.10191,0,0
1046,2,5,2150,1,-4.74684,9.19619,6.19596,0,0
1047,2,4,1816,1,-3.2513,7.12022,4.10191,0,0
1047,2,5,2150,1,-4.74684,9.19619,6.19596,0,0
1048,2,4,1816,1,-3.2513,7.12022,4.10191,0,0
1048,2,5,2150,1,-4.74684,9.19619,6.19596,0,0
1049,2,4,1816,1,-3.2513,7.12022,4.10191,0,0
1049,2,5,2150,1,-4.74684,9.19619,6.19596,0,0
1050,2,4,1816,1,-3.2513,7.12022,4.10191,0,0
1050,2,5,2150,1,-4.74684,9.19619,6.19596,0,0
1051,2,4,1816,1,-3.2513,7.12022,4.10191,0,0
1051,2,5,2150,1,-4.74684,9.19619,6.19596,0,0
1052,2,4,1816,1,-3.2513,7.12022,4.10191,0,0
1052,2,5,2150,1,-4.74684,9.19619,6.19596,0,0
1053,2,4,1816,1,-3.2513,7.12022,4.10191,0,0
1053,2,5,2150,1,-4.74684,9.19619,6.19596,0,0
1054,2,4,1816,1,-3.2513,7.12022,4.10191,0,0
1054,2,5,2150,1,-4.74684,9.19619,6.19596,0,0
1055,2,4,1816,1,-3.2513,7.12022,4.10191,0,0
1055,2,5,2150,1,-4.74684,9.19619,6.19596,0,0
1056,2,4,1816,1,-3.2513,7.12022,4.10191,0,0
1056,2,5,2150,1,-4.74684,9.19619,6.19596,0,0
1057,2,4,1816,1,-3.2513,7.12022,4.10191,0,0
1057,2,5,2150,1,-4.74684,9.19619,6.19596,0,0
1058,2,4,1816,1,-3.2513,7.12022,4.10191,0,0
1058,2,5,2150,1,-4.74684,9.19619,6.19596,0,0
1059,2,4,1816,1,-3.2513,7.12022,4.10191,0,0
1059,2,5,2150,1,-4.74684,9.19619,6.19596,0,0
1060,2,4,1816,1,-3.2513,7.12022,4.10191,0,0
1060,2,5,2150,1,-4.74684,9.19619,6.19596,0,0
1061,2,4,1816,1,-3.2513,7.12022,4.10191,0,0
1061,2,5,2150,1,-4.74684,9.19619,6.19596,0,0
1062,2,4,1816,1,-3.2513,7.12022,4.10191,0,0
1062,2,5,2150,1,-4.74684,9.19619,6.19596,0,0
1063,2,4,1816,1,-3.2513,7.12022,4.10191,0,0
1063,2,5,2150,1,-4.74684,9.19619,6.19596,0,0
1064,2,4,1816,1,-3.2513,7.12022,4.10191,0,0
1064,2,5,2150,1,-4.74684,9.19619,6.19596,0,0
1065,2,4,1816,1,-3.2513,7.12022,4.10191,0,0
1065,2,5,2150,1,-4.74684,9.19619,6.19596,0,0
1066,2,4,1816,1,-3.2513,7.12022,4.10191,0,0
1066,2,5,2150,1,-4.74684,9.19619,6.19596,0,0
1067,2,4,1816,1,-3.2513,7.12022,4.10191,0,0
1067,2,5,2150,1,-4.74684,9.19619,6.19596,0,0
1068,2,4,1816,1,-3.2513,7.12022,4.10191,0,0
1068,2,5,2150,1,-4.74684,9.19619,6.19596,0,0
1069,2,4,1816,1,-3.2513,7.12022,4.10191,0,0
1069,2,5,2150,1,-4.74684,9.19619,6.19596,0,0
1070,2,4,1816,1,-3.2513,7.12022,4.10191,0,0
1070,2,5,2150,1,-4.74684,9.19619,6.19596,0,0
1071,2,4,1816,1,-3.2513,7.12022,4.10191,0,0
1071,2,5,2150,1,-4.74684,9.19619,6.19596,0,0
1072,2,4,1816,1,-3.2513,7.12022,4.10191,0,0
1072,2,5,2150,1,-4.74684,9.19619,6.19596,0,0
1073,2,4,1816,1,-3.2513,7.12022,4.10191,0,0
1073,2,5,2150,1,-4.74684,9.19619,6.19596,0,0
1074,2,4,1816,1,-3.2513,7.12022,4.10191,0,0
1074,2,5,2150,1,-4.74684,9.19619,6.19596,0,0
1075,2,4,1816,1,-3.2513,7.12022,4.10191,0,0
1075,2,5,2150,1,-4.74684,9.19619,6.19596,0,0
1076,2,4,1816,1,-3.2513,7.12022,4.10191,0,0
1076,2,5,2150,1,-4.74684,9.19619,6.19596,0,0
1077,2,4,1816,1,-3.2513,7.12022,4.10191,0,0
1077,2,5,2150,1,-4.74684,9.19619,6.19596,0,0
1078,2,4,1816,1,-3.2513,7.12022,4.10191,0,0
1078,2,5,2150,1,-4.74684,9.19619,6.19596,0,0
1079,2,4,1816,1,-3.2513,7.12022,4.10191,0,0
1079,2,5,2150,1,-4.74684,9.19619,6.19596,0,0
1080,2,4,1816,1,-3.2513,7.12022,4.10191,0,0
1080,2,5,2150,1,-4.74684,9.19619,6.19596,0,0
1081,2,4,1816,1,-3.2513,7.12022,4.10191,0,0
1081,2,5,2150,1,-4.74684,9.19619,6.19596,0,0
1082,2,4,1816,1,-3.2513,7.12022,4.10191,0,0
1082,2,5,2150,1,-4.74684,9.19619,6.19596,0,0
1083,2,4,1816,1,-3.2513,7.12022,4.10191,0,0
1083,2,5,2150,1,-4.74684,9.19619,6.19596,0,0
1084,2,4,1816,1,-3.2513,7.12022,4.10191,0,0
1084,2,5,2150,1,-4.74684,9.19619,6.19596,0,0
1085,2,4,1816,1,-3.2513,7.12022,4.10191,0,0
1085,2,5,2150,1,-4.74684,9.19619,6.19596,0,0
1086,2,4,1816,1,-3.2513,7.12022,4.10191,0,0
1086,2,5,2150,1,-4.74684,9.19619,6.19596,0,0
1087,2,4,1816,1,-3.2513,7.12022,4.10191,0,0
1087,2,5,2150,1,-4.74684,9.19619,6.19596,0,0
1088,2,4,1816,1,-3.2513,7.12022,4.10191,0,0
1088,2,5,2150,1,-4.74684,9.19619,6.19596,0,0
1089,2,4,1816,1,-3.2513,7.12022,4.10191,0,0
1089,2,5,2150,1,-4.74684,9.19619,6.19596,0,0
1090,2,4,1816,1,-3.2513,7.12022,4.10191,0,0
1090,2,5,2150,1,-4.74684,9.19619,6.19596,0,0
1091,2,4,1816,1,-3.2513,7.12022,4.10191,0,0
1091,2,5,2150,1,-4.74684,9.19619,6.19596,0,0
1092,2,4,1816,1,-3.2513,7.12022,4.10191,0,0
1092,2,5,2150,1,-4.74684,9.19619,6.19596,0,0
1093,2,4,1816,1,-3.2513,7.12022,4.10191,0,0
1093,2,5,2150,1,-4.74684,9.19619,6.19596,0,0
1094,2,4,1816,1,-3.2513,7.12022,4.10191,0,0
1094,2,5,2150,1,-4.74684,9.19619,6.19596,0,0
1095,2,4,1816,1,-3.2513,7.12022,4.10191,0,0
1095,2,5,2150,1,-4.74684,9.19619,6.19596,0,0
1096,2,4,1816,1,-3.2513,7.12022,4.10191,0,0
1096,2,5,2150,1,-4.74684,9.19619,6.19596,0,0
1097,2,4,1816,1,-3.2513,7.12022,4.10191,0,0
1097,2,5,2150,1,-4.74684,9.19619,6.19596,0,0
1098,2,4,1816,1,-3.2513,7.12022,4.10191,0,0
1098,2,5,2150,1,-4.74684,9.19619,6.19596,0,0
1099,2,4,1816,1,-3.2513,7.12022,4.10191,0,0
1099,2,5,2150,1,-4.74684,9.19619,6.19596,0,0
1100,2,4,1816,1,-3.2513,7.12022,4.10191,0,0
1100,2,5,2150,1,-4.74684,9.19619,6.19596,0,0
1101,2,4,1816,1,-3.2513,7.12022,4.10191,0,0
1101,2,5,2150,1,-4.74684,9.19619,6.19596,0,0
1102,2,4,1816,1,-3.2513,7.12022,4.10191,0,0
1102,2,5,2150,1,-4.74684,9.19619,6.19596,0,0
1103,2,4,1816,1,-3.2513,7.12022,4.10191,0,0
1103,2,5,2150,1,-4.74684,9.19619,6.19596,0,0
1104,2,4,1816,1,-3.2513,7.12022,4.10191,0,0
1104,2,5,2150,1,-4.74684,9.19619,6.19596,0,0
1105,2,4,1816,1,-3.2513,7.12022,4.10191,0,0
1105,2,5,2150,1,-4.74684,9.19619,6.19596,0,0
1106,2,4,1816,1,-3.2513,7.12022,4.10191,0,0
1106,2,5,2150,1,-4.74684,9.19619,6.19596,0,0
1107,2,4,1816,1,-3.2513,7.12022,4.10191,0,0
1107,2,5,2150,1,-4.74684,9.19619,6.19596,0,0
1108,2,4,1816,1,-3.2513,7.12022,4.10191,0,0
1108,2,5,2150,1,-4.74684,9.19619,6.19596,0,0
1109,2,4,1816,1,-3.2513,7.12022,4.10191,0,0
1109,2,5,2150,1,-4.74684,9.19619,6.19596,0,0
1110,2,4,1816,1,-3.2513,7.12022,4.10191,0,0
1110,2,5,2150,1,-4.74684,9.19619,6.19596,0,0
1111,2,4,1816,1,-3.2513,7.12022,4.10191,0,0
1111,2,5,2150,1,-4.74684,9.19619,6.19596,0,0
1112,2,4,1816,1,-3.2513,7.12022,4.10191,0,0
1112,2,5,2150,1,-4.74684,9.19619,6.19596,0,0
1113,2,4,1816,1,-3.2513,7.12022,4.10191,0,0
1113,2,5,2150,1,-4.74684,9.19619,6.19596,0,0
1114,2,4,1816,1,-3.2513,7.12022,4.10191,0,0
1114,2,5,2150,1,-4.74684,9.19619,6.19596,0,0
1115,2,4,1816,1,-3.2513,7.12022,4.10191,0,0
1115,2,5,2150,1,-4.74684,9.19619,6.19596,0,0
1116,2,4,1816,1,-3.2513,7.12022,4.10191,0,0
1116,2,5,2150,1,-4.74684,9.19619,6.19596,0,0
1117,2,4,1816,1,-3.2513,7.12022,4.10191,0,0
1117,2,5,2150,1,-4.74684,9.19619,6.19596,0,0
1118,2,4,1816,1,-3.2513,7.12022,4.10191,0,0
1118,2,5,2150,1,-4.74684,9.19619,6.19596,0,0
1119,2,4,1816,1,-3.2513,7.12022,4.10191,0,0
1119,2,5,2150,1,-4.74684,9.19619,6.19596,0,0
1120,2,4,1816,1,-3.2513,7.12022,4.10191,0,0
1120,2,5,2150,1,-4.74684,9.19619,6.19596,0,0
1121,2,4,1816,1,-3.2513,7.12022,4.10191,0,0
1121,2,5,2150,1,-4.74684,9.19619,6.19596,0,0
1122,2,4,1816,1,-3.2513,7.12022,4.10191,0,0
1122,2,5,2150,1,-4.74684,9.19619,6.19596,0,0
1123,2,4,1816,1,-3.2513,7.12022,4.10191,0,0
1123,2,5,2150,1,-4.74684,9.19619,6.19596,0,0
1124,2,4,1816,1,-3.2513,7.12022,4.10191,0,0
1124,2,5,2150,1,-4.74684,9.19619,6.19596,0,0
1125,2,4,1816,1,-3.2513,7.12022,4.10191,0,0
1125,2,5,2150,1,-4.74684,9.19619,6.19596,0,0
1126,2,4,1816,1,-3.2513,7.12022,4.10191,0,0
1126,2,5,2150,1,-4.74684,9.19619,6.19596,0,0
1127,2,4,1816,1,-3.2513,7.12022,4.10191,0,0
1127,2,5,2150,1,-4.74684,9.19619,6.19596,0,0
1128,2,4,1816,1,-3.2513,7.12022,4.10191,0,0
1128,2,5,2150,1,-4.74684,9.19619,6.19596,0,0
1129,2,4,1816,1,-3.2513,7.12022,4.10191,0,0
1129,2,5,2150,1,-4.74684,9.19619,6.19596,0,0
1130,2,4,1816,1,-3.2513,7.12022,4.10191,0,0
1130,2,5,2150,1,-4.74684,9.19619,6.19596,0,0
1131,2,4,1816,1,-3.2513,7.12022,4.10191,0,0
1131,2,5,2150,1,-4.74684,9.19619,6.19596,0,0
1132,2,4,1816,1,-3.2513,7.12022,4.10191,0,0
1132,2,5,2150,1,-4.74684,9.19619,6.19596,0,0
1133,2,4,1816,1,-3.2513,7.12022,4.10191,0,0
1133,2,5,2150,1,-4.74684,9.19619,6.19596,0,0
1134,2,4,1816,1,-3.2513,7.12022,4.10191,0,0
1134,2,5,2150,1,-4.74684,9.19619,6.19596,0,0
1135,2,4,1816,1,-3.2513,7.12022,4.10191,0,0
1135,2,5,2150,1,-4.74684,9.19619,6.19596,0,0
1136,2,4,1816,1,-3.2513,7.12022,4.10191,0,0
1136,2,5,2150,1,-4.74684,9.19619,6.19596,0,0
1137,2,4,1816,1,-3.2513,7.12022,4.10191,0,0
1137,2,5,2150,1,-4.74684,9.19619,6.19596,0,0
1138,2,4,1816,1,-3.2513,7.12022,4.10191,0,0
1138,2,5,2150,1,-4.74684,9.19619,6.19596,0,0
1139,2,4,1816,1,-3.2513,7.12022,4.10191,0,0
1139,2,5,2150,1,-4.74684,9.19619,6.19596,0,0
1140,2,4,1816,1,-3.2513,7.12022,4.10191,0,0
1140,2,5,2150,1,-4.74684,9.19619,6.19596,0,0
1141,2,4,1816,1,-3.2513,7.12022,4.10191,0,0
1141,2,5,2150,1,-4.74684,9.19619,6.19596,0,0
1142,2,4,1816,1,-3.2513,7.12022,4.10191,0,0
1142,2,5,2150,1,-4.74684,9.19619,6.19596,0,0
1143,2,4,1816,1,-3.2513,7.12022,4.10191,0,0
1143,2,5,2150,1,-4.74684,9.19619,6.19596,0,0
1144,2,4,1816,1,-3.2513,7.12022,4.10191,0,0
1144,2,5,2150,1,-4.74684,9.19619,6.19596,0,0
1145,2,4,1816,1,-3.2513,7.12022,4.10191,0,0
1145,2,5,2150,1,-4.74684,9.19619,6.19596,0,0
1146,2,4,1816,1,-3.2513,7.12022,4.10191,0,0
1146,2,5,2150,1,-4.74684,9.19619,6.19596,0,0
1147,2,4,1816,1,-3.2513,7.12022,4.10191,0,0
1147,2,5,2150,1,-4.74684,9.19619,6.19596,0,0
1148,2,4,1816,1,-3.2513,7.12022,4.10191,0,0
1148,2,5,2150,1,-4.74684,9.19619,6.19596,0,0
1149,2,4,1816,1,-3.2513,7.12022,4.10191,0,0
1149,2,5,2150,1,-4.74684,9.19619,6.19596,0,0
1150,2,4,1816,1,-3.2513,7.12022,4.10191,0,0
1150,2,5,2150,1,-4.74684,9.19619,6.19596,0,0
1151,2,4,1816,1,-3.2513,7.12022,4.10191,0,0
1151,2,5,2150,1,-4.74684,9.19619,6.19596,0,0
1152,2,4,1816,1,-3.2513,7.12022,4.10191,0,0
1152,2,5,2150,1,-4.74684,9.19619,6.19596,0,0
1153,2,4,1816,1,-3.2513,7.12022,4.10191,0,0
1153,2,5,2150,1,-4.74684,9.19619,6.19596,0,0
1154,2,4,1816,1,-3.2513,7.12022,4.10191,0,0
1154,2,5,2150,1,-4.74684,9.19619,6.19596,0,0
1155,2,4,1816,1,-3.2513,7.12022,4.10191,0,0
1155,2,5,2150,1,-4.74684,9.19619,6.19596,0,0
1156,2,4,1816,1,-3.2513,7.12022,4.10191,0,0
1156,2,5,2150,1,-4.74684,9.19619,6.19596,0,0
1157,2,4,1816,1,-3.2513,7.12022,4.10191,0,0
1157,2,5,2150,1,-4.74684,9.19619,6.19596,0,0
1158,2,4,1816,1,-3.2513,7.12022,4.10191,0,0
1158,2,5,2150,1,-4.74684,9.19619,6.19596,0,0
1159,2,4,1816,1,-3.2513,7.12022,4.10191,0,0
1159,2,5,2150,1,-4.74684,9.19619,6.19596,0,0
1160,2,4,1816,1,-3.2513,7.12022,4.10191,0,0
1160,2,5,2150,1,-4.74684,9.19619,6.19596,0,0
1161,2,4,1816,1,-3.2513,7.12022,4.10191,0,0
1161,2,5,2150,1,-4.74684,9.19619,6.19596,0,0
1162,2,4,1816,1,-3.2513,7.12022,4.10191,0,0
1162,2,5,2150,1,-4.74684,9.19619,6.19596,0,0
1163,2,4,1816,1,-3.2513,7.12022,4.10191,0,0
1163,2,5,2150,1,-4.74684,9.19619,6.19596,0,0
1164,2,4,1816,1,-3.2513,7.12022,4.10191,0,0
1164,2,5,2150,1,-4.74684,9.19619,6.19596,0,0
1165,2,4,1816,1,-3.2513,7.12022,4.10191,0,0
1165,2,5,2150,1,-4.74684,9.19619,6.19596,0,0
1166,2,4,1816,1,-3.2513,7.12022,4.10191,0,0
1166,2,5,2150,1,-4.74684,9.19619,6.19596,0,0
1167,2,4,1816,1,-3.2513,7.12022,4.10191,0,0
1167,2,5,2150,1,-4.74684,9.19619,6.19596,0,0
1168,2,4,1816,1,-3.2513,7.12022,4.10191,0,0
1168,2,5,2150,1,-4.74684,9.19619,6.19596,0,0
1169,2,4,1816,1,-3.2513,7.12022,4.10191,0,0
1169,2,5,2150,1,-4.74684,9.19619,6.19596,0,0
1170,2,4,1816,1,-3.2513,7.12022,4.10191,0,0
1170,2,5,2150,1,-4.74684,9.19619,6.19596,0,0
1171,2,4,1816,1,-3.2513,7.12022,4.10191,0,0
1171,2,5,2150,1,-4.74684,9.19619,6.19596,0,0
1172,2,4,1816,1,-3.2513,7.12022,4.10191,0,0
1172,2,5,2150,1,-4.74684,9.19619,6.19596,0,0
1173,2,4,1816,1,-3.2513,7.12022,4.10191,0,0
1173,2,5,2150,1,-4.74684,9.19619,6.19596,0,0
1174,2,4,1816,1,-3.2513,7.12022,4.10191,0,0
1174,2,5,2150,1,-4.74684,9.19619,6.19596,0,0
1175,2,4,1816,1,-3.2513,7.12022,4.10191,0,0
1175,2,5,2150,1,-4.74684,9.19619,6.19596,0,0
1176,2,4,1816,1,-3.2513,7.12022,4.10191,0,0
1176,2,5,2150,1,-4.74684,9.19619,6.19596,0,0
1177,2,4,1816,1,-3.2513,7.12022,4.10191,0,0
1177,2,5,2150,1,-4.74684,9.19619,6.19596,0,0
1178,2,4,1816,1,-3.2513,7.12022,4.10191,0,0
1178,2,5,2150,1,-4.74684,9.19619,6.19596,0,0
1179,2,4,1816,1,-3.2513,7.12022,4.10191,0,0
1179,2,5,2150,1,-4.74684,9.19619,6.19596,0,0
1180,2,4,1816,1,-3.2513,7.12022,4.10191,0,0
1180,2,5,2150,1,-4.74684,9.19619,6.19596,0,0
1181,2,4,1816,1,-3.2513,7.12022,4.10191,0,0
1181,2,5,2150,1,-4.74684,9.19619,6.19596,0,0
1182,2,4,1816,1,-3.2513,7.12022,4.10191,0,0
1182,2,5,2150,1,-4.74684,9.19619,6.19596,0,0
1183,2,4,1816,1,-3.2513,7.12022,4.10191,0,0
1183,2,5,2150,1,-4.74684,9.19619,6.19596,0,0
1184,2,4,1816,1,-3.2513,7.12022,4.10191,0,0
1184,2,5,2150,1,-4.74684,9.19619,6.19596,0,0
1185,2,4,1816,1,-3.2513,7.12022,4.10191,0,0
1185,2,5,2150,1,-4.74684,9.19619,6.19596,0,0
1186,2,4,1816,1,-3.2513,7.12022,4.10191,0,0
1186,2,5,2150,1,-4.74684,9.19619,6.19596,0,0
1187,2,4,1816,1,-3.2513,7.12022,4.10191,0,0
1187,2,5,2150,1,-4.74684,9.19619,6.19596,0,0
1188,2,4,1816,1,-3.2513,7.12022,4.10191,0,0
1188,2,5,2150,1,-4.74684,9.19619,6.19596,0,0
1189,2,4,1816,1,-3.2513,7.12022,4.10191,0,0
1189,2,5,2150,1,-4.74684,9.19619,6.19596,0,0
1190,2,4,1816,1,-3.2513,7.12022,4.10191,0,0
1190,2,5,2150,1,-4.74684,9.19619,6.19596,0,0
1191,2,4,1816,1,-3.2513,7.12022,4.10191,0,0
1191,2,5,2150,1,-4.74684,9.19619,6.19596,0,0
1192,2,4,1816,1,-3.2513,7.12022,4.10191,0,0
1192,2,5,2150,1,-4.74684,9.19619,6.19596,0,0
1193,2,4,1816,1,-3.2513,7.12022,4.10191,0,0
1193,2,5,2150,1,-4.74684,9.19619,6.19596,0,0
1194,2,4,1816,1,-3.2513,7.12022,4.10191,0,0
1194,2,5,2150,1,-4.74684,9.19619,6.19596,0,0
1195,2,4,1816,1,-3.2513,7.12022,4.10191,0,0
1195,2,5,2150,1,-4.74684,9.19619,6.19596,0,0
1196,2,4,1816,1,-3.2513,7.12022,4.10191,0,0
1196,2,5,2150,1,-4.74684,9.19619,6.19596,0,0
1197,2,4,1816,1,-3.2513,7.12022,4.10191,0,0
1197,2,5,2150,1,-4.74684,9.19619,6.19596,0,0
1198,2,4,1816,1,-3.2513,7.12022,4.10191,0,0
1198,2,5,2150,1,-4.74684,9.19619,6.19596,0,0
1199,2,4,1816,1,-3.2513,7.12022,4.10191,0,0
1199,2,5,2150,1,-4.74684,9.19619,6.19596,0,0
1200,2,4,1816,1,-3.2513,7.12022,4.10191,0,0
1200,2,5,2150,1,-4.74684,9.19619,6.19596,0,0
1201,2,4,1816,1,-3.2513,7.12022,4.10191,0,0
1201,2,5,2150,1,-4.74684,9.19619,6.19596,0,0
1202,2,4,1816,1,-3.2513,7.12022,4.10191,0,0
1202,2,5,2150,1,-4.74684,9.19619,6.19596,0,0
1203,2,4,1816,1,-3.2513,7.12022,4.10191,0,0
1203,2,5,2150,1,-4.74684,9.19619,6.19596,0,0
1204,2,4,1816,1,-3.2513,7.12022,4.10191,0,0
1204,2,5,2150,1,-4.74684,9.19619,6.19596,0,0
1205,2,4,1816,1,-3.2513,7.12022,4.10191,0,0
1205,2,5,2150,1,-4.74684,9.19619,6.19596,0,0
1206,2,4,1816,1,-3.2513,7.12022,4.10191,0,0
1206,2,5,2150,1,-4.74684,9.19619,6.19596,0,0
1207,2,4,1816,1,-3.2513,7.12022,4.10191,0,0
1207,2,5,2150,1,-4.74684,9.19619,6.19596,0,0
1208,2,4,1816,1,-3.2513,7.12022,4.10191,0,0
1208,2,5,2150,1,-4.74684,9.19619,6.19596,0,0
1209,2,4,1816,1,-3.2513,7.12022,4.10191,0,0
1209,2,5,2150,1,-4.74684,9.19619,6.19596,0,0
1210,2,4,1816,1,-3.2513,7.12022,4.10191,0,0
1210,2,5,2150,1,-4.74684,9.19619,6.19596,0,0
1211,2,4,1816,1,-3.2513,7.12022,4.10191,0,0
1211,2,5,2150,1,-4.74684,9.19619,6.19596,0,0
1212,2,4,1816,1,-3.2513,7.12022,4.10191,0,0
1212,2,5,2150,1,-4.74684,9.19619,6.19596,0,0
1213,2,4,1816,1,-3.2513,7.12022,4.10191,0,0
1213,2,5,2150,1,-4.74684,9.19619,6.19596,0,0
1214,2,4,1816,1,-3.2513,7.12022,4.10191,0,0
1214,2,5,2150,1,-4.74684,9.19619,6.19596,0,0
1215,2,4,1816,1,-3.2513,7.12022,4.10191,0,0
1215,2,5,2150,1,-4.74684,9.19619,6.19596,0,0
1216,2,4,1816,1,-3.2513,7.12022,4.10191,0,0
1216,2,5,2150,1,-4.74684,9.19619,6.19596,0,0
1217,2,4,1816,1,-3.2513,7.12022,4.10191,0,0
1217,2,5,2150,1,-4.74684,9.19619,6.19596,0,0
1218,2,4,1816,1,-3.2513,7.12022,4.10191,0,0
1218,2,5,2150,1,-4.74684,9.19619,6.19596,0,0
1219,2,4,1816,1,-3.2513,7.12022,4.10191,0,0
1219,2,5,2150,1,-4.74684,9.19619,6.19596,0,0
1220,2,4,1816,1,-3.2513,7.12022,4.10191,0,0
1220,2,5,2150,1,-4.74684,9.19619,6.19596,0,0
1221,2,4,1816,1,-3.2513,7.12022,4.10191,0,0
1221,2,5,2150,1,-4.74684,9.19619,6.19596,0,0
1222,2,4,1816,1,-3.2513,7.12022,4.10191,0,0
1222,2,5,2150,1,-4.74684,9.19619,6.19596,0,0
1223,2,4,1816,1,-3.2513,7.12022,4.10191,0,0
1223,2,5,2150,1,-4.74684,9.19619,6.19596,0,0
1224,2,4,1816,1,-3.2513,7.12022,4.10191,0,0
1224,2,5,2150,1,-4.74684,9.19619,6.19596,0,0
1225,2,4,1816,1,-3.2513,7.12022,4.10191,0,0
1225,2,5,2150,1,-4.74684,9.19619,6.19596,0,0
1226,2,4,1816,1,-3.2513,7.12022,4.10191,0,0
1226,2,5,2150,1,-4.74684,9.19619,6.19596,0,0
1227,2,4,1816,1,-3.2513,7.12022,4.10191,0,0
1227,2,5,2150,1,-4.74684,9.19619,6.19596,0,0
1228,2,4,1816,1,-3.2513,7.12022,4.10191,0,0
1228,2,5,2150,1,-4.74684,9.19619,6.19596,0,0
1229,2,4,1816,1,-3.2513,7.12022,4.10191,0,0
1229,2,5,2150,1,-4.74684,9.19619,6.19596,0,0
1230,2,4,1816,1,-3.2513,7.12022,4.10191,0,0
1230,2,5,2150,1,-4.74684,9.19619,6.19596,0,0
1231,2,4,1816,1,-3.2513,7.12022,4.10191,0,0
1231,2,5,2150,1,-4.74684,9.19619,6.19596,0,0
1232,2,4,1816,1,-3.2513,7.12022,4.10191,0,0
1232,2,5,2150,1,-4.74684,9.19619,6.19596,0,0
1233,2,4,1816,1,-3.2513,7.12022,4.10191,0,0
1233,2,5,2150,1,-4.74684,9.19619,6.19596,0,0
1234,2,4,1816,1,-3.2513,7.12022,4.10191,0,0
1234,2,5,2150,1,-4.74684,9.19619,6.19596,0,0
1235,2,4,1816,1,-3.2513,7.12022,4.10191,0,0
1235,2,5,2150,1,-4.74684,9.19619,6.19596,0,0
1236,2,4,1816,1,-3.2513,7.12022,4.10191,0,0
1236,2,5,2150,1,-4.74684,9.19619,6.19596,0,0
1237,2,4,1816,1,-3.2513,7.12022,4.10191,0,0
1237,2,5,2150,1,-4.74684,9.19619,6.19596,0,0
1238,2,4,1816,1,-3.2513,7.12022,4.10191,0,0
1238,2,5,2150,1,-4.74684,9.19619,6.19596,0,0
1239,2,4,1816,1,-3.2513,7.12022,4.10191,0,0
1239,2,5,2150,1,-4.74684,9.19619,6.19596,0,0
1240,2,4,1816,1,-3.2513,7.12022,4.10191,0,0
1240,2,5,2150,1,-4.74684,9.19619,6.19596,0,0
1241,2,4,1816,1,-3.2513,7.12022,4.10191,0,0
1241,2,5,2150,1,-4.74684,9.19619,6.19596,0,0
1242,2,4,1816,1,-3.2513,7.12022,4.10191,0,0
1242,2,5,2150,1,-4.74684,9.19619,6.19596,0,0
1243,2,4,1816,1,-3.2513,7.12022,4.10191,0,0
1243,2,5,2150,1,-4.74684,9.19619,6.19596,0,0
1244,2,4,1816,1,-3.2513,7.12022,4.10191,0,0
1244,2,5,2150,1,-4.74684,9.19619,6.19596,0,0
1245,2,4,1816,1,-3.2513,7.12022,4.10191,0,0
1245,2,5,2150,1,-4.74684,9.19619,6.19596,0,0
1246,2,4,1816,1,-3.2513,7.12022,4.10191,0,0
1246,2,5,2150,1,-4.74684,9.19619,6.19596,0,0
1247,2,4,1816,1,-3.2513,7.12022,4.10191,0,0
1247,2,5,2150,1,-4.74684,9.19619,6.19596,0,0
1248,2,4,1816,1,-3.2513,7.12022,4.10191,0,0
1248,2,5,2150,1,-4.74684,9.19619,6.19596,0,0
1249,2,4,1816,1,-3.2513,7.12022,4.10191,0,0
1249,2,5,2150,1,-4.74684,9.19619,6.19596,0,0
1250,2,4,1816,1,-3.2513,7.12022,4.10191,0,0
1250,2,5,2150,1,-4.74684,9.19619,6.19596,0,0
1251,2,4,1816,1,-3.2513,7.12022,4.10191,0,0
1251,2,5,2150,1,-4.74684,9.19619,6.19596,0,0
1252,2,4,1816,1,-3.2513,7.12022,4.10191,0,0
1252,2,5,2150,1,-4.74684,9.19619,6.19596,0,0
1253,2,4,1816,1,-3.2513,7.12022,4.10191,0,0
1253,2,5,2150,1,-4.74684,9.19619,6.19596,0,0
1254,2,4,1816,1,-3.2513,7.12022,4.10191,0,0
1254,2,5,2150,1,-4.74684,9.19619,6.19596,0,0
1255,2,4,1816,1,-3.2513,7.12022,4.10191,0,0
1255,2,5,2150,1,-4.74684,9.19619,6.19596,0,0
1256,2,4,1816,1,-3.2513,7.12022,4.10191,0,0
1256,2,5,2150,1,-4.74684,9.19619,6.19596,0,0
1257,2,4,1816,1,-3.2513,7.12022,4.10191,0,0
1257,2,5,2150,1,-4.74684,9.19619,6.19596,0,0
1258,2,4,1816,1,-3.2513,7.12022,4.10191,0,0
1258,2,5,2150,1,-4.74684,9.19619,6.19596,0,0
1259,2,4,1816,1,-3.2513,7.12022,4.10191,0,0
1259,2,5,2150,1,-4.74684,9.19619,6.19596,0,0
1260,2,4,1816,1,-3.2513,7.12022,4.10191,0,0
1260,2,5,2150,1,-4.74684,9.19619,6.19596,0,0
1261,2,4,1816,1,-3.2513,7.12022,4.10191,0,0
1261,2,5,2150,1,-4.74684,9.19619,6.19596,0,0
1262,2,4,1816,1,-3.2513,7.12022,4.10191,0,0
1262,2,5,2150,1,-4.74684,9.19619,6.19596,0,0
1263,2,4,1816,1,-3.2513,7.12022,4.10191,0,0
1263,2,5,2150,1,-4.74684,9.19619,6.19596,0,0
1264,2,4,1816,1,-3.2513,7.12022,4.10191,0,0
1264,2,5,2150,1,-4.74684,9.19619,6.19596,0,0
1265,2,4,1816,1,-3.2513,7.12022,4.10191,0,0
1265,2,5,2150,1,-4.74684,9.19619,6.19596,0,0
1266,2,4,1816,1,-3.2513,7.12022,4.10191,0,0
1266,2,5,2150,1,-4.74684,9.19619,6.19596,0,0
1267,2,4,1816,1,-3.2513,7.12022,4.10191,0,0
1267,2,5,2150,1,-4.74684,9.19619,6.19596,0,0
1268,2,4,1816,1,-3.2513,7.12022,4.10191,0,0
1268,2,5,2150,1,-4.74684,9.19619,6.19596,0,0
1269,2,4,1816,1,-3.2513,7.12022,4.10191,0,0
1269,2,5,2150,1,-4.74684,9.19619,6.19596,0,0
1270,2,4,1816,1,-3.2513,7.12022,4.10191,0,0
1270,2,5,2150,1,-4.74684,9.19619,6.19596,0,0
1271,2,4,1816,1,-3.2513,7.12022,4.10191,0,0
1271,2,5,2150,1,-4.74684,9.19619,6.19596,0,0
1272,2,4,1816,1,-3.2513,7.12022,4.10191,0,0
1272,2,5,2150,1,-4.74684,9.19619,6.19596,0,0
1273,2,4,1816,1,-3.2513,7.12022,4.10191,0,0
1273,2,5,2150,1,-4.74684,9.19619,6.19596,0,0
1274,2,4,1816,1,-3.2513,7.12022,4.10191,0,0
1274,2,5,2150,1,-4.74684,9.19619,6.19596,0,0
1275,2,4,1816,1,-3.2513,7.12022,4.10191,0,0
1275,2,5,2150,1,-4.74684,9.19619,6.19596,0,0
1276,2,4,1816,1,-3.2513,7.12022,4.10191,0,0
1276,2,5,2150,1,-4.74684,9.19619,6.19596,0,0
1277,2,4,1816,1,-3.2513,7.12022,4.10191,0,0
1277,2,5,2150,1,-4.74684,9.19619,6.19596,0,0
1278,2,4,1816,1,-3.2513,7.12022,4.10191,0,0
1278,2,5,2150,1,-4.74684,9.19619,6.19596,0,0
1279,2,4,1816,1,-3.2513,7.12022,4.10191,0,0
1279,2,5,2150,1,-4.74684,9.19619,6.19596,0,0
1280,2,4,1816,1,-3.2513,7.12022,4.10191,0,0
1280,2,5,2150,1,-4.74684,9.19619,6.19596,0,0
1281,2,4,1816,1,-3.2513,7.12022,4.10191,0,0
1281,2,5,2150,1,-4.74684,9.19619,6.19596,0,0
1282,2,4,1816,1,-3.2513,7.12022,4.10191,0,0
1282,2,5,2150,1,-4.74684,9.19619,6.19596,0,0
1283,2,4,1816,1,-3.2513,7.12022,4.10191,0,0
1283,2,5,2150,1,-4.74684,9.19619,6.19596,0,0
1284,2,4,1816,1,-3.2513,7.12022,4.10191,0,0
1284,2,5,2150,1,-4.74684,9.19619,6.19596,0,0
1285,2,4,1816,1,-3.2513,7.12022,4.10191,0,0
1285,2,5,2150,1,-4.74684,9.19619,6.19596,0,0
1286,2,4,1816,1,-3.2513,7.12022,4.10191,0,0
1286,2,5,2150,1,-4.74684,9.19619,6.19596,0,0
1287,2,4,1816,1,-3.2513,7.12022,4.10191,0,0
1287,2,5,2150,1,-4.74684,9.19619,6.19596,0,0
1288,2,4,1816,1,-3.2513,7.12022,4.10191,0,0
1288,2,5,2150,1,-4.74684,9.19619,6.19596,0,0
1289,2,4,1816,1,-3.2513,7.12022,4.10191,0,0
1289,2,5,2150,1,-4.74684,9.19619,6.19596,0,0
1290,2,4,1816,1,-3.2513,7.12022,4.10191,0,0
1290,2,5,2150,1,-4.74684,9.19619,6.19596,0,0
1291,2,4,1816,1,-3.2513,7.12022,4.10191,0,0
1291,2,5,2150,1,-4.74684,9.19619,6.19596,0,0
1292,2,4,1816,1,-3.2513,7.12022,4.10191,0,0
1292,2,5,2150,1,-4.74684,9.19619,6.19596,0,0
1293,2,4,1816,1,-3.2513,7.12022,4.10191,0,0
1293,2,5,2150,1,-4.74684,9.19619,6.19596,0,0
1294,2,4,1816,1,-3.2513,7.12022,4.10191,0,0
1294,2,5,2150,1,-4.74684,9.19619,6.19596,0,0
1295,2,4,1816,1,-3.2513,7.12022,4.10191,0,0
1295,2,5,2150,1,-4.74684,9.19619,6.19596,0,0
1296,2,4,1816,1,-3.2513,7.12022,4.10191,0,0
1296,2,5,2150,1,-4.74684,9.19619,6.19596,0,0
1297,2,4,1816,1,-3.2513,7.12022,4.10191,0,0
1297,2,5,2150,1,-4.74684,9.19619,6.19596,0,0
1298,2,4,1816,1,-3.2513,7.12022,4.10191,0,0
1298,2,5,2150,1,-4.74684,9.19619,6.19596,0,0
1299,2,4,1816,1,-3.2513,7.12022,4.10191,0,0
1299,2,5,2150,1,-4.74684,9.19619,6.19596,0,0
1300,2,4,1816,1,-3.2513,7.12022,4.10191,0,0
1300,2,5,2150,1,-4.74684,9.19619,6.19596,0,0
1301,2,4,1816,1,-3.2513,7.12022,4.10191,0,0
1301,2,5,2150,1,-4.74684,9.19619,6.19596,0,0
1302,2,4,1816,1,-3.2513,7.12022,4.10191,0,0
1302,2,5,2150,1,-4.74684,9.19619,6.19596,0,0
1303,2,4,1816,1,-3.2513,7.12022,4.10191,0,0
1303,2,5,2150,1,-4.74684,9.19619,6.19596,0,0
1304,2,4,1816,1,-3.2513,7.12022,4.10191,0,0
1304,2,5,2150,1,-4.74684,9.19619,6.19596,0,0
1305,2,4,1816,1,-3.2513,7.12022,4.10191,0,0
1305,2,5,2150,1,-4.74684,9.19619,6.19596,0,0
1306,2,4,1816,1,-3.2513,7.12022,4.10191,0,0
1306,2,5,2150,1,-4.74684,9.19619,6.19596,0,0
1307,2,4,1816,1,-3.2513,7.12022,4.10191,0,0
1307,2,5,2150,1,-4.74684,9.19619,6.19596,0,0
1308,2,4,1816,1,-3.2513,7.12022,4.10191,0,0
1308,2,5,2150,1,-4.74684,9.19619,6.19596,0,0
1309,2,4,1816,1,-3.2513,7.12022,4.10191,0,0
1309,2,5,2150,1,-4.74684,9.19619,6.19596,0,0
1310,2,4,1816,1,-3.2513,7.12022,4.10191,0,0
1310,2,5,2150,1,-4.74684,9.19619,6.19596,0,0
1311,2,4,1816,1,-3.2513,7.12022,4.10191,0,0
1311,2,5,2150,1,-4.74684,9.19619,6.19596,0,0
1312,2,4,1816,1,-3.2513,7.12022,4.10191,0,0
1312,2,5,2150,1,-4.74684,9.19619,6.19596,0,0
1313,2,4,1816,1,-3.2513,7.12022,4.10191,0,0
1313,2,5,2150,1,-4.74684,9.19619,6.19596,0,0
1314,2,4,1816,1,-3.2513,7.12022,4.10191,0,0
1314,2,5,2150,1,-4.74684,9.19619,6.19596,0,0
1315,2,4,1816,1,-3.2513,7.12022,4.10191,0,0
1315,2,5,2150,1,-4.74684,9.19619,6.19596,0,0
1316,2,4,1816,1,-3.2513,7.12022,4.10191,0,0
1316,2,5,2150,1,-4.74684,9.19619,6.19596,0,0
1317,2,4,1816,1,-3.2513,7.12022,4.10191,0,0
1317,2,5,2150,1,-4.74684,9.19619,6.19596,0,0
1318,2,4,1816,1,-3.2513,7.12022,4.10191,0,0
1318,2,5,2150,1,-4.74684,9.19619,6.19596,0,0
1319,2,4,1816,1,-3.2513,7.12022,4.10191,0,0
1319,2,5,2150,1,-4.74684,9.19619,6.19596,0,0
1320,2,4,1816,1,-3.2513,7.12022,4.10191,0,0
1320,2,5,2150,1,-4.74684,9.19619,6.19596,0,0
1321,2,4,1816,1,-3.2513,7.12022,4.10191,0,0
1321,2,5,2150,1,-4.74684,9.19619,6.19596,0,0
1322,2,4,1816,1,-3.2513,7.12022,4.10191,0,0
1322,2,5,2150,1,-4.74684,9.19619,6.19596,0,0
1323,2,4,1816,1,-3.2513,7.12022,4.10191,0,0
1323,2,5,2150,1,-4.74684,9.19619,6.19596,0,0
1324,2,4,1816,1,-3.2513,7.12022,4.10191,0,0
1324,2,5,2150,1,-4.74684,9.19619,6.19596,0,0
1325,2,4,1816,1,-3.2513,7.12022,4.10191,0,0
1325,2,5,2150,1,-4.74684,9.19619,6.19596,0,0
1326,2,4,1816,1,-3.2513,7.12022,4.10191,0,0
1326,2,5,2150,1,-4.74684,9.19619,6.19596,0,0
1327,2,4,1816,1,-3.2513,7.12022,4.10191,0,0
1327,2,5,2150,1,-4.74684,9.19619,6.19596,0,0
1328,2,4,1816,1,-3.2513,7.12022,4.10191,0,0
1328,2,5,2150,1,-4.74684,9.19619,6.19596,0,0
1329,2,4,1816,1,-3.2513,7.12022,4.10191,0,0
1329,2,5,2150,1,-4.74684,9.19619,6.19596,0,0
1330,2,4,1816,1,-3.2513,7.12022,4.10191,0,0
1330,2,5,2150,1,-4.74684,9.19619,6.19596,0,0
1331,2,4,1816,1,-3.2513,7.12022,4.10191,0,0
1331,2,5,2150,1,-4.74684,9.19619,6.19596,0,0
1332,2,4,1816,1,-3.2513,7.12022,4.10191,0,0
1332,2,5,2150,1,-4.74684,9.19619,6.19596,0,0
1333,2,4,1816,1,-3.2513,7.12022,4.10191,0,0
1333,2,5,2150,1,-4.74684,9.19619,6.19596,0,0
1334,2,4,1816,1,-3.2513,7.12022,4.10191,0,0
1334,2,5,2150,1,-4.74684,9.19619,6.19596,0,0
1335,2,4,1816,1,-3.2513,7.12022,4.10191,0,0
1335,2,5,2150,1,-4.74684,9.19619,6.19596,0,0
1336,2,4,1816,1,-3.2513,7.12022,4.10191,0,0
1336,2,5,2150,1,-4.74684,9.19619,6.19596,0,0
1337,2,4,1816,1,-3.2513,7.12022,4.10191,0,0
1337,2,5,2150,1,-4.74684,9.19619,6.19596,0,0
1338,2,4,1816,1,-3.2513,7.12022,4.10191,0,0
1338,2,5,2150,1,-4.74684,9.19619,6.19596,0,0
1339,2,4,1816,1,-3.2513,7.12022,4.10191,0,0
1339,2,5,2150,1,-4.74684,9.19619,6.19596,0,0
1340,2,4,1816,1,-3.2513,7.12022,4.10191,0,0
1340,2,5,2150,1,-4.74684,9.19619,6.19596,0,0
1341,2,4,1816,1,-3.2513,7.12022,4.10191,0,0
1341,2,5,2150,1,-4.74684,9.19619,6.19596,0,0
1342,2,4,1816,1,-3.2513,7.12022,4.10191,0,0
1342,2,5,2150,1,-4.74684,9.19619,6.19596,0,0
1343,2,4,1816,1,-3.2513,7.12022,4.10191,0,0
1343,2,5,2150,1,-4.74684,9.19619,6.19596,0,0
1344,2,4,1816,1,-3.2513,7.12022,4.10191,0,0
1344,2,5,2150,1,-4.74684,9.19619,6.19596,0,0
1345,2,4,1816,1,-3.2513,7.12022,4.10191,0,0
1345,2,5,2150,1,-4.74684,9.19619,6.19596,0,0
1346,2,4,1816,1,-3.2513,7.12022,4.10191,0,0
1346,2,5,2150,1,-4.74684,9.19619,6.19596,0,0
1347,2,4,1816,1,-3.2513,7.12022,4.10191,0,0
1347,2,5,2150,1,-4.74684,9.19619,6.19596,0,0
1348,2,4,1816,1,-3.2513,7.12022,4.10191,0,0
1348,2,5,2150,1,-4.74684,9.19619,6.19596,0,0
1349,2,4,1816,1,-3.2513,7.12022,4.10191,0,0
1349,2,5,2150,1,-4.74684,9.19619,6.19596,0,0
1350,2,4,1816,1,-3.2513,7.12022,4.10191,0,0
1350,2,5,2150,1,-4.74684,9.19619,6.19596,0,0
1351,2,4,1816,1,-3.2513,7.12022,4.10191,0,0
1351,2,5,2150,1,-4.74684,9.19619,6.19596,0,0
1352,2,4,1816,1,-3.2513,7.12022,4.10191,0,0
1352,2,5,2150,1,-4.74684,9.19619,6.19596,0,0
1353,2,4,1816,1,-3.2513,7.12022,4.10191,0,0
1353,2,5,2150,1,-4.74684,9.19619,6.19596,0,0
1354,2,4,1816,1,-3.2513,7.12022,4.10191,0,0
1354,2,5,2150,1,-4.74684,9.19619,6.19596,0,0
1355,2,4,1816,1,-3.2513,7.12022,4.10191,0,0
1355,2,5,2150,1,-4.74684,9.19619,6.19596,0,0
1356,2,4,1816,1,-3.2513,7.12022,4.10191,0,0
1356,2,5,2150,1,-4.74684,9.19619,6.19596,0,0
1357,2,4,1816,1,-3.2513,7.12022,4.10191,0,0
1357,2,5,2150,1,-4.74684,9.19619,6.19596,0,0
1358,2,4,1816,1,-3.2513,7.12022,4.10191,0,0
1358,2,5,2150,1,-4.74684,9.19619,6.19596,0,0
1359,2,4,1816,1,-3.2513,7.12022,4.10191,0,0
1359,2,5,2150,1,-4.74684,9.19619,6.19596,0,0
1360,2,4,1816,1,-3.2513,7.12022,4.10191,0,0
1360,2,5,2150,1,-4.74684,9.19619,6.19596,0,0
1361,2,4,1816,1,-3.2513,7.12022,4.10191,0,0
1361,2,5,2150,1,-4.74684,9.19619,6.19596,0,0
1362,2,4,1816,1,-3.2513,7.12022,4.10191,0,0
1362,2,5,2150,1,-4.74684,9.19619,6.19596,0,0
1363,2,4,1816,1,-3.2513,7.12022,4.10191,0,0
1363,2,5,2150,1,-4.74684,9.19619,6.19596,0,0
1364,2,4,1816,1,-3.2513,7.12022,4.10191,0,0
1364,2,5,2150,1,-4.74684,9.19619,6.19596,0,0
1365,2,4,1816,1,-3.2513,7.12022,4.10191,0,0
1365,2,5,2150,1,-4.74684,9.19619,6.19596,0,0
1366,2,4,1816,1,-3.2513,7.12022,4.10191,0,0
1366,2,5,2150,1,-4.74684,9.19619,6.19596,0,0
1367,2,4,1816,1,-3.2513,7.12022,4.10191,0,0
1367,2,5,2150,1,-4.74684,9.19619,6.19596,0,0
1368,2,4,1816,1,-3.2513,7.12022,4.10191,0,0
1368,2,5,2150,1,-4.74684,9.19619,6.19596,0,0
1369,2,4,1816,1,-3.2513,7.12022,4.10191,0,0
1369,2,5,2150,1,-4.74684,9.19619,6.19596,0,0
1370,2,4,1816,1,-3.2513,7.12022,4.10191,0,0
1370,2,5,2150,1,-4.74684,9.19619,6.19596,0,0
1371,2,4,1816,1,-3.2513,7.12022,4.10191,0,0
1371,2,5,2150,1,-4.74684,9.19619,6.19596,0,0
1372,2,4,1816,1,-3.2513,7.12022,4.10191,0,0
1372,2,5,2150,1,-4.74684,9.19619,6.19596,0,0
1373,2,4,1816,1,-3.2513,7.12022,4.10191,0,0
1373,2,5,2150,1,-4.74684,9.19619,6.19596,0,0
1374,2,4,1816,1,-3.2513,7.12022,4.10191,0,0
1374,2,5,2150,1,-4.74684,9.19619,6.19596,0,0
1375,2,4,1816,1,-3.2513,7.12022,4.10191,0,0
1375,2,5,2150,1,-4.74684,9.19619,6.19596,0,0
1376,2,4,1816,1,-3.2513,7.12022,4.10191,0,0
1376,2,5,2150,1,-4.74684,9.19619,6.19596,0,0
1377,2,4,1816,1,-3.2513,7.12022,4.10191,0,0
1377,2,5,2150,1,-4.74684,9.19619,6.19596,0,0
1378,2,4,1816,1,-3.2513,7.12022,4.10191,0,0
1378,2,5,2150,1,-4.74684,9.19619,6.19596,0,0
1379,2,4,1816,1,-3.2513,7.12022,4.10191,0,0
1379,2,5,2150,1,-4.74684,9.19619,6.19596,0,0
1380,2,4,1816,1,-3.2513,7.12022,4.10191,0,0
1380,2,5,2150,1,-4.74684,9.19619,6.19596,0,0
1381,2,4,1816,1,-3.2513,7.12022,4.10191,0,0
1381,2,5,2150,1,-4.74684,9.19619,6.19596,0,0
1382,2,4,1816,1,-3.2513,7.12022,4.10191,0,0
1382,2,5,2150,1,-4.74684,9.19619,6.19596,0,0
1383,2,4,1816,1,-3.2513,7.12022,4.10191,0,0
1383,2,5,2150,1,-4.74684,9.19619,6.19596,0,0
1384,2,4,1816,1,-3.2513,7.12022,4.10191,0,0
1384,2,5,2150,1,-4.74684,9.19619,6.19596,0,0
1385,2,4,1816,1,-3.2513,7.12022,4.10191,0,0
1385,2,5,2150,1,-4.74684,9.19619,6.19596,0,0
1386,2,4,1816,1,-3.2513,7.12022,4.10191,0,0
1386,2,5,2150,1,-4.74684,9.19619,6.19596,0,0
1387,2,4,1816,1,-3.2513,7.12022,4.10191,0,0
1387,2,5,2150,1,-4.74684,9.19619,6.19596,0,0
1388,2,4,1816,1,-3.2513,7.12022,4.10191,0,0
1388,2,5,2150,1,-4.74684,9.19619,6.19596,0,0
1389,2,4,1816,1,-3.2513,7.12022,4.10191,0,0
1389,2,5,2150,1,-4.74684,9.19619,6.19596,0,0
1390,2,4,1816,1,-3.2513,7.12022,4.10191,0,0
1390,2,5,2150,1,-4.74684,9.19619,6.19596,0,0
1391,2,4,1816,1,-3.2513,7.12022,4.10191,0,0
1391,2,5,2150,1,-4.74684,9.19619,6.19596,0,0
1392,2,4,1816,1,-3.2513,7.12022,4.10191,0,0
1392,2,5,2150,1,-4.74684,9.19619,6.19596,0,0
1393,2,4,1816,1,-3.2513,7.12022,4.10191,0,0
1393,2,5,2150,1,-4.74684,9.19619,6.19596,0,0
1394,2,4,1816,1,-3.2513,7.12022,4.10191,0,0
1394,2,5,2150,1,-4.74684,9.19619,6.19596,0,0
1395,2,4,1816,1,-3.2513,7.12022,4.10191,0,0
1395,2,5,2150,1,-4.74684,9.19619,6.19596,0,0
1396,2,4,1816,1,-3.2513,7.12022,4.10191,0,0
1396,2,5,2150,1,-4.74684,9.19619,6.19596,0,0
1397,2,4,1816,1,-3.2513,7.12022,4.10191,0,0
1397,2,5,2150,1,-4.74684,9.19619,6.19596,0,0
1398,2,4,1816,1,-3.2513,7.12022,4.10191,0,0
1398,2,5,2150,1,-4.74684,9.19619,6.19596,0,0
1399,2,4,1816,1,-3.2513,7.12022,4.10191,0,0
1399,2,5,2150,1,-4.74684,9.19619,6.19596,0,0
1400,2,4,1816,1,-3.2513,7.12022,4.10191,0,0
1400,2,5,2150,1,-4.74684,9.19619,6.19596,0,0
1401,2,4,1816,1,-3.2513,7.12022,4.10191,0,0
1401,2,5,2150,1,-4.74684,9.19619,6.19596,0,0
1402,2,4,1816,1,-3.2513,7.12022,4.10191,0,0
1402,2,5,2150,1,-4.74684,9.19619,6.19596,0,0
1403,2,4,1816,1,-3.2513,7.12022,4.10191,0,0
1403,2,5,2150,1,-4.74684,9.19619,6.19596,0,0
1404,2,4,1816,1,-3.2513,7.12022,4.10191,0,0
1404,2,5,2150,1,-4.74684,9.19619,6.19596,0,0
1405,2,4,1816,1,-3.2513,7.12022,4.10191,0,0
1405,2,5,2150,1,-4.74684,9.19619,6.19596,0,0
1406,2,4,1816,1,-3.2513,7.12022,4.10191,0,0
1406,2,5,2150,1,-4.74684,9.19619,6.19596,0,0
1407,2,4,1816,1,-3.2513,7.12022,4.10191,0,0
1407,2,5,2150,1,-4.74684,9.19619,6.19596,0,0
1408,2,4,1816,1,-3.2513,7.12022,4.10191,0,0
1408,2,5,2150,1,-4.74684,9.19619,6.19596,0,0
1409,2,4,1816,1,-3.2513,7.12022,4.10191,0,0
1409,2,5,2150,1,-4.74684,9.19619,6.19596,0,0
1410,2,4,1816,1,-3.2513,7.12022,4.10191,0,0
1410,2,5,2150,1,-4.74684,9.19619,6.19596,0,0
1411,2,4,1816,1,-3.2513,7.12022,4.10191,0,0
1411,2,5,2150,1,-4.74684,9.19619,6.19596,0,0
1412,2,4,1816,1,-3.2513,7.12022,4.10191,0,0
1412,2,5,2150,1,-4.74684,9.19619,6.19596,0,0
1413,2,4,1816,1,-3.2513,7.12022,4.10191,0,0
1413,2,5,2150,1,-4.74684,9.19619,6.19596,0,0
1414,2,4,1816,1,-3.2513,7.12022,4.10191,0,0
1414,2,5,2150,1,-4.74684,9.19619,6.19596,0,0
1415,2,4,1816,1,-3.2513,7.12022,4.10191,0,0
1415,2,5,2150,1,-4.74684,9.19619,6.19596,0,0
1416,2,4,1816,1,-3.2513,7.12022,4.10191,0,0
1416,2,5,2150,1,-4.74684,9.19619,6.19596,0,0
1417,2,4,1816,1,-3.2513,7.12022,4.10191,0,0
1417,2,5,2150,1,-4.74684,9.19619,6.19596,0,0
1418,2,4,1816,1,-3.2513,7.12022,4.10191,0,0
1418,2,5,2150,1,-4.74684,9.19619,6.19596,0,0
1419,2,4,1816,1,-3.2513,7.12022,4.10191,0,0
1419,2,5,2150,1,-4.74684,9.19619,6.19596,0,0
1420,2,4,1816,1,-3.2513,7.12022,4.10191,0,0
1420,2,5,2150,1,-4.74684,9.19619,6.19596,0,0
1421,2,4,1816,1,-3.2513,7.12022,4.10191,0,0
1421,2,5,2150,1,-4.74684,9.19619,6.19596,0,0
1422,2,4,1816,1,-3.2513,7.12022,4.10191,0,0
1422,2,5,2150,1,-4.74684,9.19619,6.19596,0,0
1423,2,4,1816,1,-3.2513,7.12022,4.10191,0,0
1423,2,5,2150,1,-4.74684,9.19619,6.19596,0,0
1424,2,4,1816,1,-3.2513,7.12022,4.10191,0,0
1424,2,5,2150,1,-4.74684,9.19619,6.19596,0,0
1425,2,4,1816,1,-3.2513,7.12022,4.10191,0,0
1425,2,5,2150,1,-4.74684,9.19619,6.19596,0,0
1426,2,4,1816,1,-3.2513,7.12022,4.10191,0,0
1426,2,5,2150,1,-4.74684,9.19619,6.19596,0,0
1427,2,4,1816,1,-3.2513,7.12022,4.10191,0,0
1427,2,5,2150,1,-4.74684,9.19619,6.19596,0,0
1428,2,4,1816,1,-3.2513,7.12022,4.10191,0,0
1428,2,5,2150,1,-4.74684,9.19619,6.19596,0,0
1429,2,4,1816,1,-3.2513,7.12022,4.10191,0,0
1429,2,5,2150,1,-4.74684,9.19619,6.19596,0,0
1430,2,4,1816,1,-3.2513,7.12022,4.10191,0,0
1430,2,5,2150,1,-4.74684,9.19619,6.19596,0,0
1431,2,4,1816,1,-3.2513,7.12022,4.10191,0,0
1431,2,5,2150,1,-4.74684,9.19619,6.19596,0,0
1432,2,4,1816,1,-3.2513,7.12022,4.10191,0,0
1432,2,5,2150,1,-4.74684,9.19619,6.19596,0,0
1433,2,4,1816,1,-3.2513,7.12022,4.10191,0,0
1433,2,5,2150,1,-4.74684,9.19619,6.19596,0,0
1434,2,4,1816,1,-3.2513,7.12022,4.10191,0,0
1434,2,5,2150,1,-4.74684,9.19619,6.19596,0,0
1435,2,4,1816,1,-3.2513,7.12022,4.10191,0,0
1435,2,5,2150,1,-4.74684,9.19619,6.19596,0,0
1436,2,4,1816,1,-3.2513,7.12022,4.10191,0,0
1436,2,5,2150,1,-4.74684,9.19619,6.19596,0,0
1437,2,4,1816,1,-3.2513,7.12022,4.10191,0,0
1437,2,5,2150,1,-4.74684,9.19619,6.19596,0,0
1438,2,4,1816,1,-3.2513,7.12022,4.10191,0,0
1438,2,5,2150,1,-4.74684,9.19619,6.19596,0,0
1439,2,4,1816,1,-3.2513,7.12022,4.10191,0,0
1439,2,5,2150,1,-4.74684,9.19619,6.19596,0,0
1440,2,4,1816,1,-3.2513,7.12022,4.10191,0,0
1440,2,5,2150,1,-4.74684,9.19619,6.19596,0,0
1441,2,4,1816,1,-3.2513,7.12022,4.10191,0,0
1441,2,5,2150,1,-4.74684,9.19619,6.19596,0,0
1442,2,4,1816,1,-3.2513,7.12022,4.10191,0,0
1442,2,5,2150,1,-4.74684,9.19619,6.19596,0,0
1443,2,4,1816,1,-3.2513,7.12022,4.10191,0,0
1443,2,5,2150,1,-4.74684,9.19619,6.19596,0,0
1444,2,4,1816,1,-3.2513,7.12022,4.10191,0,0
1444,2,5,2150,1,-4.74684,9.19619,6.19596,0,0
1445,2,4,1816,1,-3.2513,7.12022,4.10191,0,0
1445,2,5,2150,1,-4.74684,9.19619,6.19596,0,0
1446,2,4,1816,1,-3.2513,7.12022,4.10191,0,0
1446,2,5,2150,1,-4.74684,9.19619,6.19596,0,0
1447,2,4,1816,1,-3.2513,7.12022,4.10191,0,0
1447,2,5,2150,1,-4.74684,9.19619,6.19596,0,0
1448,2,4,1816,1,-3.2513,7.12022,4.10191,0,0
1448,2,5,2150,1,-4.74684,9.19619,6.19596,0,0
1449,2,4,1816,1,-3.2513,7.12022,4.10191,0,0
1449,2,5,2150,1,-4.74684,9.19619,6.19596,0,0
1450,2,4,1816,1,-3.2513,7.12022,4.10191,0,0
1450,2,5,2150,1,-4.74684,9.19619,6.19596,0,0
1451,2,4,1816,1,-3.2513,7.12022,4.10191,0,0
1451,2,5,2150,1,-4.74684,9.19619,6.19596,0,0
1452,2,4,1816,1,-3.2513,7.12022,4.10191,0,0
1452,2,5,2150,1,-4.74684,9.19619,6.19596,0,0
1453,2,4,1816,1,-3.2513,7.12022,4.10191,0,0
1453,2,5,2150,1,-4.74684,9.19619,6.19596,0,0
1454,2,4,1816,1,-3.2513,7.12022,4.10191,0,0
1454,2,5,2150,1,-4.74684,9.19619,6.19596,0,0
1455,2,4,1816,1,-3.2513,7.12022,4.10191,0,0
1455,2,5,2150,1,-4.74684,9.19619,6.19596,0,0
1456,2,4,1816,1,-3.2513,7.12022,4.10191,0,0
1456,2,5,2150,1,-4.74684,9.19619,6.19596,0,0
1457,2,4,1816,1,-3.2513,7.12022,4.10191,0,0
1457,2,5,2150,1,-4.74684,9.19619,6.19596,0,0
1458,2,4,1816,1,-3.2513,7.12022,4.10191,0,0
1458,2,5,2150,1,-4.74684,9.19619,6.19596,0,0
1459,2,4,1816,1,-3.2513,7.12022,4.10191,0,0
1459,2,5,2150,1,-4.74684,9.19619,6.19596,0,0
1460,2,4,1816,1,-3.2513,7.12022,4.10191,0,0
1460,2,5,2150,1,-4.74684,9.19619,6.19596,0,0
1461,2,4,1816,1,-3.2513,7.12022,4.10191,0,0
1461,2,5,2150,1,-4.74684,9.19619,6.19596,0,0
1462,2,4,1816,1,-3.2513,7.12022,4.10191,0,0
1462,2,5,2150,1,-4.74684,9.19619,6.19596,0,0
1463,2,4,1816,1,-3.2513,7.12022,4.10191,0,0
1463,2,5,2150,1,-4.74684,9.19619,6.19596,0,0
1464,2,4,1816,1,-3.2513,7.12022,4.10191,0,0
1464,2,5,2150,1,-4.74684,9.19619,6.19596,0,0
1465,2,4,1816,1,-3.2513,7.12022,4.10191,0,0
1465,2,5,2150,1,-4.74684,9.19619,6.19596,0,0
1466,2,4,1816,1,-3.2513,7.12022,4.10191,0,0
1466,2,5,2150,1,-4.74684,9.19619,6.19596,0,0
1467,2,4,1816,1,-3.2513,7.12022,4.10191,0,0
1467,2,5,2150,1,-4.74684,9.19619,6.19596,0,0
1468,2,4,1816,1,-3.2513,7.12022,4.10191,0,0
1468,2,5,2150,1,-4.74684,9.19619,6.19596,0,0
1469,2,4,1816,1,-3.2513,7.12022,4.10191,0,0
1469,2,5,2150,1,-4.74684,9.19619,6.19596,0,0
1470,2,4,1816,1,-3.2513,7.12022,4.10191,0,0
1470,2,5,2150,1,-4.74684,9.19619,6.19596,0,0
1471,2,4,1816,1,-3.2513,7.12022,4.10191,0,0
1471,2,5,2150,1,-4.74684,9.19619,6.19596,0,0
1472,2,4,1816,1,-3.2513,7.12022,4.10191,0,0
1472,2,5,2150,1,-4.74684,9.19619,6.19596,0,0
1473,2,4,1816,1,-3.2513,7.12022,4.10191,0,0
1473,2,5,2150,1,-4.74684,9.19619,6.19596,0,0
1474,2,4,1816,1,-3.2513,7.12022,4.10191,0,0
1474,2,5,2150,1,-4.74684,9.19619,6.19596,0,0
1475,2,4,1816,1,-3.2513,7.12022,4.10191,0,0
1475,2,5,2150,1,-4.74684,9.19619,6.19596,0,0
1476,2,4,1816,1,-3.2513,7.12022,4.10191,0,0
1476,2,5,2150,1,-4.74684,9.19619,6.19596,0,0
1477,2,4,1816,1,-3.2513,7.12022,4.10191,0,0
1477,2,5,2150,1,-4.74684,9.19619,6.19596,0,0
1478,2,4,1816,1,-3.2513,7.12022,4.10191,0,0
1478,2,5,2150,1,-4.74684,9.19619,6.19596,0,0
1479,2,4,1816,1,-3.2513,7.12022,4.10191,0,0
1479,2,5,2150,1,-4.74684,9.19619,6.19596,0,0
1480,2,4,1816,1,-3.2513,7.12022,4.10191,0,0
1480,2,5,2150,1,-4.74684,9.19619,6.19596,0,0
1481,2,4,1816,1,-3.2513,7.12022,4.10191,0,0
1481,2,5,2150,1,-4.74684,9.19619,6.19596,0,0
1482,2,4,1816,1,-3.2513,7.12022,4.10191,0,0
1482,2,5,2150,1,-4.74684,9.19619,6.19596,0,0
1483,2,4,1816,1,-3.2513,7.12022,4.10191,0,0
1483,2,5,2150,1,-4.74684,9.19619,6.19596,0,0
1484,2,4,1816,1,-3.2513,7.12022,4.10191,0,0
1484,2,5,2150,1,-4.74684,9.19619,6.19596,0,0
1485,2,4,1816,1,-3.2513,7.12022,4.10191,0,0
1485,2,5,2150,1,-4.74684,9.19619,6.19596,0,0
1486,2,4,1816,1,-3.2513,7.12022,4.10191,0,0
1486,2,5,2150,1,-4.74684,9.19619,6.19596,0,0
1487,2,4,1816,1,-3.2513,7.12022,4.10191,0,0
1487,2,5,2150,1,-4.74684,9.19619,6.19596,0,0
1488,2,4,1816,1,-3.2513,7.12022,4.10191,0,0
1488,2,5,2150,1,-4.74684,9.19619,6.19596,0,0
1489,2,4,1816,1,-3.2513,7.12022,4.10191,0,0
1489,2,5,2150,1,-4.74684,9.19619,6.19596,0,0
1490,2,4,1816,1,-3.2513,7.12022,4.10191,0,0
1490,2,5,2150,1,-4.74684,9.19619,6.19596,0,0
1491,2,4,1816,1,-3.2513,7.12022,4.10191,0,0
1491,2,5,2150,1,-4.74684,9.19619,6.19596,0,0
1492,2,4,1816,1,-3.2513,7.12022,4.10191,0,0
1492,2,5,2150,1,-4.74684,9.19619,6.19596,0,0
1493,2,4,1816,1,-3.2513,7.12022,4.10191,0,0
1493,2,5,2150,1,-4.74684,9.19619,6.19596,0,0
1494,2,4,1816,1,-3.2513,7.12022,4.10191,0,0
1494,2,5,2150,1,-4.74684,9.19619,6.19596,0,0
1495,2,4,1816,1,-3.2513,7.12022,4.10191,0,0
1495,2,5,2150,1,-4.74684,9.19619,6.19596,0,0
1496,2,4,1816,1,-3.2513,7.12022,4.10191,0,0
1496,2,5,2150,1,-4.74684,9.19619,6.19596,0,0
1497,2,4,1816,1,-3.2513,7.12022,4.10191,0,0
1497,2,5,2150,1,-4.74684,9.19619,6.19596,0,0
1498,2,4,1816,1,-3.2513,7.12022,4.10191,0,0
1498,2,5,2150,1,-4.74684,9.19619,6.19596,0,0
1499,2,4,1816,1,-3.2513,7.12022,4.10191,0,0
1499,2,5,2150,1,-4.74684,9.19619,6.19596,0,0
1500,2,4,1816,1,-3.2513,7.12022,4.10191,0,0
1500,2,5,2150,1,-4.74684,9.19619,6.19596,0,0
1501,2,4,1816,1,-3.2513,7.12022,4.10191,0,0
1501,2,5,2150,1,-4.74684,9.19619,6.19596,0,0
1502,2,4,1816,1,-3.2513,7.12022,4.10191,0,0
1502,2,5,2150,1,-4.74684,9.19619,6.19596,0,0
1503,2,4,1816,1,-3.2513,7.12022,4.10191,0,0
1503,2,5,2150,1,-4.74684,9.19619,6.19596,0,0
1504,2,4,1816,1,-3.2513,7.12022,4.10191,0,0
1504,2,5,2150,1,-4.74684,9.19619,6.19596,0,0
1505,2,4,1816,1,-3.2513,7.12022,4.10191,0,0
1505,2,5,2150,1,-4.74684,9.19619,6.19596,0,0
1506,2,4,1816,1,-3.2513,7.12022,4.10191,0,0
1506,2,5,2150,1,-4.74684,9.19619,6.19596,0,0
1507,2,4,1816,1,-3.2513,7.12022,4.10191,0,0
1507,2,5,2150,1,-4.74684,9.19619,6.19596,0,0
1508,2,4,1816,1,-3.2513,7.12022,4.10191,0,0
1508,2,5,2150,1,-4.74684,9.19619,6.19596,0,0
1509,2,4,1816,1,-3.2513,7.12022,4.10191,0,0
1509,2,5,2150,1,-4.74684,9.19619,6.19596,0,0
1510,2,4,1816,1,-3.2513,7.12022,4.10191,0,0
1510,2,5,2150,1,-4.74684,9.19619,6.19596,0,0
1511,2,4,1816,1,-3.2513,7.12022,4.10191,0,0
1511,2,5,2150,1,-4.74684,9.19619,6.19596,0,0
1512,2,4,1816,1,-3.2513,7.12022,4.10191,0,0
1512,2,5,2150,1,-4.74684,9.19619,6.19596,0,0
1513,2,4,1816,1,-3.2513,7.12022,4.10191,0,0
1513,2,5,2150,1,-4.74684,9.19619,6.19596,0,0
1514,2,4,1816,1,-3.2513,7.12022,4.10191,0,0
1514,2,5,2150,1,-4.74684,9.19619,6.19596,0,0
1515,2,4,1816,1,-3.2513,7.12022,4.10191,0,0
1515,2,5,2150,1,-4.74684,9.19619,6.19596,0,0
1516,2,4,1816,1,-3.2513,7.12022,4.10191,0,0
1516,2,5,2150,1,-4.74684,9.19619,6.19596,0,0
1517,2,4,1816,1,-3.2513,7.12022,4.10191,0,0
1517,2,5,2150,1,-4.74684,9.19619,6.19596,0,0
1518,2,4,1816,1,-3.2513,7.12022,4.10191,0,0
1518,2,5,2150,1,-4.74684,9.19619,6.19596,0,0
1519,2,4,1816,1,-3.2513,7.12022,4.10191,0,0
1519,2,5,2150,1,-4.74684,9.19619,6.19596,0,0
1520,2,4,1816,1,-3.2513,7.12022,4.10191,0,0
1520,2,5,2150,1,-4.74684,9.19619,6.19596,0,0
1521,2,4,1816,1,-3.2513,7.12022,4.10191,0,0
1521,2,5,2150,1,-4.74684,9.19619,6.19596,0,0
1522,2,4,1816,1,-3.2513,7.12022,4.10191,0,0
1522,2,5,2150,1,-4.74684,9.19619,6.19596,0,0
1523,2,4,1816,1,-3.2513,7.12022,4.10191,0,0
1523,2,5,2150,1,-4.74684,9.19619,6.19596,0,0
1524,2,4,1816,1,-3.2513,7.12022,4.10191,0,0
1524,2,5,2150,1,-4.74684,9.19619,6.19596,0,0
1525,2,4,1816,1,-3.2513,7.12022,4.10191,0,0
1525,2,5,2150,1,-4.74684,9.19619,6.19596,0,0
1526,2,4,1816,1,-3.2513,7.12022,4.10191,0,0
1526,2,5,2150,1,-4.74684,9.19619,6.19596,0,0
1527,2,4,1816,1,-3.2513,7.12022,4.10191,0,0
1527,2,5,2150,1,-4.74684,9.19619,6.19596,0,0
1528,2,4,1816,1,-3.2513,7.12022,4.10191,0,0
1528,2,5,2150,1,-4.74684,9.19619,6.19596,0,0
1529,2,4,1816,1,-3.2513,7.12022,4.10191,0,0
1529,2,5,2150,1,-4.74684,9.19619,6.19596,0,0
1530,2,4,1816,1,-3.2513,7.12022,4.10191,0,0
1530,2,5,2150,1,-4.74684,9.19619,6.19596,0,0
1531,2,4,1816,1,-3.2513,7.12022,4.10191,0,0
1531,2,5,2150,1,-4.74684,9.19619,6.19596,0,0
1532,2,4,1816,1,-3.2513,7.12022,4.10191,0,0
1532,2,5,2150,1,-4.74684,9.19619,6.19596,0,0
1533,2,4,1816,1,-3.2513,7.12022,4.10191,0,0
1533,2,5,2150,1,-4.74684,9.19619,6.19596,0,0
1534,2,4,1816,1,-3.2513,7.12022,4.10191,0,0
1534,2,5,2150,1,-4.74684,9.19619,6.19596,0,0
1535,2,4,1816,1,-3.2513,7.12022,4.10191,0,0
1535,2,5,2150,1,-4.74684,9.19619,6.19596,0,0
1536,2,4,1816,1,-3.2513,7.12022,4.10191,0,0
1536,2,5,2150,1,-4.74684,9.19619,6.19596,0,0
1537,2,4,1816,1,-3.2513,7.12022,4.10191,0,0
1537,2,5,2150,1,-4.74684,9.19619,6.19596,0,0
1538,2,4,1816,1,-3.2513,7.12022,4.10191,0,0
1538,2,5,2150,1,-4.74684,9.19619,6.19596,0,0
1539,2,4,1816,1,-3.2513,7.12022,4.10191,0,0
1539,2,5,2150,1,-4.74684,9.19619,6.19596,0,0
1540,2,4,1816,1,-3.2513,7.12022,4.10191,0,0
1540,2,5,2150,1,-4.74684,9.19619,6.19596,0,0
1541,2,4,1816,1,-3.2513,7.12022,4.10191,0,0
1541,2,5,2150,1,-4.74684,9.19619,6.19596,0,0
1542,2,4,1816,1,-3.2513,7.12022,4.10191,0,0
1542,2,5,2150,1,-4.74684,9.19619,6.19596,0,0
1543,2,4,1816,1,-3.2513,7.12022,4.10191,0,0
1543,2,5,2150,1,-4.74684,9.19619,6.19596,0,0
1544,2,4,1816,1,-3.2513,7.12022,4.10191,0,0
1544,2,5,2150,1,-4.74684,9.19619,6.19596,0,0
1545,2,4,1816,1,-3.2513,7.12022,4.10191,0,0
1545,2,5,2150,1,-4.74684,9.19619,6.19596,0,0
1546,2,4,1816,1,-3.2513,7.12022,4.10191,0,0
1546,2,5,2150,1,-4.74684,9.19619,6.19596,0,0
1547,2,4,1816,1,-3.2513,7.12022,4.10191,0,0
1547,2,5,2150,1,-4.74684,9.19619,6.19596,0,0
1548,2,4,1816,1,-3.2513,7.12022,4.10191,0,0
1548,2,5,2150,1,-4.74684,9.19619,6.19596,0,0
1549,2,4,1816,1,-3.2513,7.12022,4.10191,0,0
1549,2,5,2150,1,-4.74684,9.19619,6.19596,0,0
1550,2,4,1816,1,-3.2513,7.12022,4.10191,0,0
1550,2,5,2150,1,-4.74684,9.19619,6.19596,0,0
1551,2,4,1816,1,-3.2513,7.12022,4.10191,0,0
1551,2,5,2150,1,-4.74684,9.19619,6.19596,0,0
1552,2,4,1816,1,-3.2513,7.12022,4.10191,0,0
1552,2,5,2150,1,-4.74684,9.19619,6.19596,0,0
1553,2,4,1816,1,-3.2513,7.12022,4.10191,0,0
1553,2,5,2150,1,-4.74684,9.19619,6.19596,0,0
1554,2,4,1816,1,-3.2513,7.12022,4.10191,0,0
1554,2,5,2150,1,-4.74684,9.19619,6.19596,0,0
1555,2,4,1816,1,-3.2513,7.12022,4.10191,0,0
1555,2,5,2150,1,-4.74684,9.19619,6.19596,0,0
1556,2,4,1816,1,-3.2513,7.12022,4.10191,0,0
1556,2,5,2150,1,-4.74684,9.19619,6.19596,0,0
1557,2,4,1816,1,-3.2513,7.12022,4.10191,0,0
1557,2,5,2150,1,-4.74684,9.19619,6.19596,0,0
1558,2,4,1816,1,-3.2513,7.12022,4.10191,0,0
1558,2,5,2150,1,-4.74684,9.19619,6.19596,0,0
1559,2,4,1816,1,-3.2513,7.12022,4.10191,0,0
1559,2,5,2150,1,-4.74684,9.19619,6.19596,0,0
1560,2,4,1816,1,-3.2513,7.12022,4.10191,0,0
1560,2,5,2150,1,-4.74684,9.19619,6.19596,0,0
1561,2,4,1816,1,-3.2513,7.12022,4.10191,0,0
1561,2,5,2150,1,-4.74684,9.19619,6.19596,0,0
1562,2,4,1816,1,-3.2513,7.12022,4.10191,0,0
1562,2,5,2150,1,-4.74684,9.19619,6.19596,0,0
1563,2,4,1816,1,-3.2513,7.12022,4.10191,0,0
1563,2,5,2150,1,-4.74684,9.19619,6.19596,0,0
1564,2,4,1816,1,-3.2513,7.12022,4.10191,0,0
1564,2,5,2150,1,-4.74684,9.19619,6.19596,0,0
1565,2,4,1816,1,-3.2513,7.12022,4.10191,0,0
1565,2,5,2150,1,-4.74684,9.19619,6.19596,0,0
1566,2,4,1816,1,-3.2513,7.12022,4.10191,0,0
1566,2,5,2150,1,-4.74684,9.19619,6.19596,0,0
1567,2,4,1816,1,-3.2513,7.12022,4.10191,0,0
1567,2,5,2150,1,-4.74684,9.19619,6.19596,0,0
1568,2,4,1816,1,-3.2513,7.12022,4.10191,0,0
1568,2,5,2150,1,-4.74684,9.19619,6.19596,0,0
1569,2,4,1816,1,-3.2513,7.12022,4.10191,0,0
1569,2,5,2150,1,-4.74684,9.19619,6.19596,0,0
1570,2,4,1816,1,-3.2513,7.12022,4.10191,0,0
1570,2,5,2150,1,-4.74684,9.19619,6.19596,0,0
1571,2,4,1816,1,-3.2513,7.12022,4.10191,0,0
1571,2,5,2150,1,-4.74684,9.19619,6.19596,0,0
1572,2,4,1816,1,-3.2513,7.12022,4.10191,0,0
1572,2,5,2150,1,-4.74684,9.19619,6.19596,0,0
1573,2,4,1816,1,-3.2513,7.12022,4.10191,0,0
1573,2,5,2150,1,-4.74684,9.19619,6.19596,0,0
1574,2,4,1816,1,-3.2513,7.12022,4.10191,0,0
1574,2,5,2150,1,-4.74684,9.19619,6.19596,0,0
1575,2,4,1816,1,-3.2513,7.12022,4.10191,0,0
1575,2,5,2150,1,-4.74684,9.19619,6.19596,0,0
1576,2,4,1816,1,-3.2513,7.12022,4.10191,0,0
1576,2,5,2150,1,-4.74684,9.19619,6.19596,0,0
1577,2,4,1816,1,-3.2513,7.12022,4.10191,0,0
1577,2,5,2150,1,-4.74684,9.19619,6.19596,0,0
1578,2,4,1816,1,-3.2513,7.12022,4.10191,0,0
1578,2,5,2150,1,-4.74684,9.19619,6.19596,0,0
1579,2,4,1816,1,-3.2513,7.12022,4.10191,0,0
1579,2,5,2150,1,-4.74684,9.19619,6.19596,0,0
1580,2,4,1816,1,-3.2513,7.12022,4.10191,0,0
1580,2,5,2150,1,-4.74684,9.19619,6.19596,0,0
1581,2,4,1816,1,-3.2513,7.12022,4.10191,0,0
1581,2,5,2150,1,-4.74684,9.19619,6.19596,0,0
1582,2,4,1816,1,-3.2513,7.12022,4.10191,0,0
1582,2,5,2150,1,-4.74684,9.19619,6.19596,0,0
1583,2,4,1816,1,-3.2513,7.12022,4.10191,0,0
1583,2,5,2150,1,-4.74684,9.19619,6.19596,0,0
1584,2,4,1816,1,-3.2513,7.12022,4.10191,0,0
1584,2,5,2150,1,-4.74684,9.19619,6.19596,0,0
1585,2,4,1816,1,-3.2513,7.12022,4.10191,0,0
1585,2,5,2150,1,-4.74684,9.19619,6.19596,0,0
1586,2,4,1816,1,-3.2513,7.12022,4.10191,0,0
1586,2,5,2150,1,-4.74684,9.19619,6.19596,0,0
1587,2,4,1816,1,-3.2513,7.12022,4.10191,0,0
1587,2,5,2150,1,-4.74684,9.19619,6.19596,0,0
1588,2,4,1816,1,-3.2513,7.12022,4.10191,0,0
1588,2,5,2150,1,-4.74684,9.19619,6.19596,0,0
1589,2,4,1816,1,-3.2513,7.12022,4.10191,0,0
1589,2,5,2150,1,-4.74684,9.19619,6.19596,0,0
1590,2,4,1816,1,-3.2513,7.12022,4.10191,0,0
1590,2,5,2150,1,-4.74684,9.19619,6.19596,0,0
1591,2,4,1816,1,-3.2513,7.12022,4.10191,0,0
1591,2,5,2150,1,-4.74684,9.19619,6.19596,0,0
1592,2,4,1816,1,-3.2513,7.12022,4.10191,0,0
1592,2,5,2150,1,-4.74684,9.19619,6.19596,0,0
1593,2,4,1816,1,-3.2513,7.12022,4.10191,0,0
1593,2,5,2150,1,-4.74684,9.19619,6.19596,0,0
1594,2,4,1816,1,-3.2513,7.12022,4.10191,0,0
1594,2,5,2150,1,-4.74684,9.19619,6.19596,0,0
1595,2,4,1816,1,-3.2513,7.12022,4.10191,0,0
1595,2,5,2150,1,-4.74684,9.19619,6.19596,0,0
1596,2,4,1816,1,-3.2513,7.12022,4.10191,0,0
1596,2,5,2150,1,-4.74684,9.19619,6.19596,0,0
1597,2,4,1816,1,-3.2513,7.12022,4.10191,0,0
1597,2,5,2150,1,-4.74684,9.19619,6.19596,0,0
1598,2,4,1816,1,-3.2513,7.12022,4.10191,0,0
1598,2,5,2150,1,-4.74684,9.19619,6.19596,0,0
1599,2,4,1816,1,-3.2513,7.12022,4.10191,0,0
1599,2,5,2150,1,-4.74684,9.19619,6.19596,0,0
1600,2,4,1816,1,-3.2513,7.12022,4.10191,0,0
1600,2,5,2150,1,-4.74684,9.19619,6.19596,0,0
1601,2,4,1816,1,-3.2513,7.12022,4.10191,0,0
1601,2,5,2150,1,-4.74684,9.19619,6.19596,0,0
1602,2,4,1816,1,-3.2513,7.12022,4.10191,0,0
1602,2,5,2150,1,-4.74684,9.19619,6.19596,0,0
1603,2,4,1816,1,-3.2513,7.12022,4.10191,0,0
1603,2,5,2150,1,-4.74684,9.19619,6.19596,0,0
1604,2,4,1816,1,-3.2513,7.12022,4.10191,0,0
1604,2,5,2150,1,-4.74684,9.19619,6.19596,0,0
1605,2,4,1816,1,-3.2513,7.12022,4.10191,0,0
1605,2,5,2150,1,-4.74684,9.19619,6.19596,0,0
1606,2,4,1816,1,-3.2513,7.12022,4.10191,0,0
1606,2,5,2150,1,-4.74684,9.19619,6.19596,0,0
1607,2,4,1816,1,-3.2513,7.12022,4.10191,0,0
1607,2,5,2150,1,-4.74684,9.19619,6.19596,0,0
1608,2,4,1816,1,-3.2513,7.12022,4.10191,0,0
1608,2,5,2150,1,-4.74684,9.19619,6.19596,0,0
1609,2,4,1816,1,-3.2513,7.12022,4.10191,0,0
1609,2,5,2150,1,-4.74684,9.19619,6.19596,0,0
1610,2,4,1816,1,-3.2513,7.12022,4.10191,0,0
1610,2,5,2150,1,-4.74684,9.19619,6.19596,0,0
1611,2,4,1816,1,-3.2513,7.12022,4.10191,0,0
1611,2,5,2150,1,-4.74684,9.19619,6.19596,0,0
1612,2,4,1816,1,-3.2513,7.12022,4.10191,0,0
1612,2,5,2150,1,-4.74684,9.19619,6.19596,0,0
1613,2,4,1816,1,-3.2513,7.12022,4.10191,0,0
1613,2,5,2150,1,-4.74684,9.19619,6.19596,0,0
1614,2,4,1816,1,-3.2513,7.12022,4.10191,0,0
1614,2,5,2150,1,-4.74684,9.19619,6.19596,0,0
1615,2,4,1816,1,-3.2513,7.12022,4.10191,0,0
1615,2,5,2150,1,-4.74684,9.19619,6.19596,0,0
1616,2,4,1816,1,-3.2513,7.12022,4.10191,0,0
1616,2,5,2150,1,-4.74684,9.19619,6.19596,0,0
1617,2,4,1816,1,-3.2513,7.12022,4.10191,0,0
1617,2,5,2150,1,-4.74684,9.19619,6.19596,0,0
1618,2,4,1816,1,-3.2513,7.12022,4.10191,0,0
1618,2,5,2150,1,-4.74684,9.19619,6.19596,0,0
1619,2,4,1816,1,-3.2513,7.12022,4.10191,0,0
1619,2,5,2150,1,-4.74684,9.19619,6.19596,0,0
1620,2,4,1816,1,-3.2513,7.12022,4.10191,0,0
1620,2,5,2150,1,-4.74684,9.19619,6.19596,0,0
1621,2,4,1816,1,-3.2513,7.12022,4.10191,0,0
1621,2,5,2150,1,-4.74684,9.19619,6.19596,0,0
1622,2,4,1816,1,-3.2513,7.12022,4.10191,0,0
1622,2,5,2150,1,-4.74684,9.19619,6.19596,0,0
1623,2,4,1816,1,-3.2513,7.12022,4.10191,0,0
1623,2,5,2150,1,-4.74684,9.19619,6.19596,0,0
1624,2,4,1816,1,-3.2513,7.12022,4.10191,0,0
1624,2,5,2150,1,-4.74684,9.19619,6.19596,0,0
1625,2,4,1816,1,-3.2513,7.12022,4.10191,0,0
1625,2,5,2150,1,-4.74684,9.19619,6.19596,0,0
1626,2,4,1816,1,-3.2513,7.12022,4.10191,0,0
1626,2,5,2150,1,-4.74684,9.19619,6.19596,0,0
1627,2,4,1816,1,-3.2513,7.12022,4.10191,0,0
1627,2,5,2150,1,-4.74684,9.19619,6.19596,0,0
1628,2,4,1816,1,-3.2513,7.12022,4.10191,0,0
1628,2,5,2150,1,-4.74684,9.19619,6.19596,0,0
1629,2,4,1816,1,-3.2513,7.12022,4.10191,0,0
1629,2,5,2150,1,-4.74684,9.19619,6.19596,0,0
1630,2,4,1816,1,-3.2513,7.12022,4.10191,0,0
1630,2,5,2150,1,-4.74684,9.19619,6.19596,0,0
1631,2,4,1816,1,-3.2513,7.12022,4.10191,0,0
1631,2,5,2150,1,-4.74684,9.19619,6.19596,0,0
1632,2,4,1816,1,-3.2513,7.12022,4.10191,0,0
1632,2,5,2150,1,-4.74684,9.19619,6.19596,0,0
1633,2,4,1816,1,-3.2513,7.12022,4.10191,0,0
1633,2,5,2150,1,-4.74684,9.19619,6.19596,0,0
1634,2,4,1816,1,-3.2513,7.12022,4.10191,0,0
1634,2,5,2150,1,-4.74684,9.19619,6.19596,0,0
1635,2,4,1816,1,-3.2513,7.12022,4.10191,0,0
1635,2,5,2150,1,-4.74684,9.19619,6.19596,0,0
1636,2,4,1816,1,-3.2513,7.12022,4.10191,0,0
1636,2,5,2150,1,-4.74684,9.19619,6.19596,0,0
1637,2,4,1816,1,-3.2513,7.12022,4.10191,0,0
1637,2,5,2150,1,-4.74684,9.19619,6.19596,0,0
1638,2,4,1816,1,-3.2513,7.12022,4.10191,0,0
1638,2,5,2150,1,-4.74684,9.19619,6.19596,0,0
1639,2,4,1816,1,-3.2513,7.12022,4.10191,0,0
1639,2,5,2150,1,-4.74684,9.19619,6.19596,0,0
1640,2,4,1816,1,-3.2513,7.12022,4.10191,0,0
1640,2,5,2150,1,-4.74684,9.19619,6.19596,0,0
1641,2,4,1816,1,-3.2513,7.12022,4.10191,0,0
1641,2,5,2150,1,-4.74684,9.19619,6.19596,0,0
1642,2,4,1816,1,-3.2513,7.12022,4.10191,0,0
1642,2,5,2150,1,-4.74684,9.19619,6.19596,0,0
1643,2,4,1816,1,-3.2513,7.12022,4.10191,0,0
1643,2,5,2150,1,-4.74684,9.19619,6.19596,0,0
1644,2,4,1816,1,-3.2513,7.12022,4.10191,0,0
1644,2,5,2150,1,-4.74684,9.19619,6.19596,0,0
1645,2,4,1816,1,-3.2513,7.12022,4.10191,0,0
1645,2,5,2150,1,-4.74684,9.19619,6.19596,0,0
1646,2,4,1816,1,-3.2513,7.12022,4.10191,0,0
1646,2,5,2150,1,-4.74684,9.19619,6.19596,0,0
1647,2,4,1816,1,-3.2513,7.12022,4.10191,0,0
1647,2,5,2150,1,-4.74684,9.19619,6.19596,0,0
1648,2,4,1816,1,-3.2513,7.12022,4.10191,0,0
1648,2,5,2150,1,-4.74684,9.19619,6.19596,0,0
1649,2,4,1816,1,-3.2513,7.12022,4.10191,0,0
1649,2,5,2150,1,-4.74684,9.19619,6.19596,0,0
1650,2,4,1816,1,-3.2513,7.12022,4.10191,0,0
1650,2,5,2150,1,-4.74684,9.19619,6.19596,0,0
1651,2,4,1816,1,-3.2513,7.12022,4.10191,0,0
1651,2,5,2150,1,-4.74684,9.19619,6.19596,0,0
1652,2,4,1816,1,-3.2513,7.12022,4.10191,0,0
1652,2,5,2150,1,-4.74684,9.19619,6.19596,0,0
1653,2,4,1816,1,-3.2513,7.12022,4.10191,0,0
1653,2,5,2150,1,-4.74684,9.19619,6.19596,0,0
1654,2,4,1816,1,-3.2513,7.12022,4.10191,0,0
1654,2,5,2150,1,-4.74684,9.19619,6.19596,0,0
1655,2,4,1816,1,-3.2513,7.12022,4.10191,0,0
1655,2,5,2150,1,-4.74684,9.19619,6.19596,0,0
1656,2,4,1816,1,-3.2513,7.12022,4.10191,0,0
1656,2,5,2150,1,-4.74684,9.19619,6.19596,0,0
1657,2,4,1816,1,-3.2513,7.12022,4.10191,0,0
1657,2,5,2150,1,-4.74684,9.19619,6.19596,0,0
1658,2,4,1816,1,-3.2513,7.12022,4.10191,0,0
1658,2,5,2150,1,-4.74684,9.19619,6.19596,0,0
1659,2,4,1816,1,-3.2513,7.12022,4.10191,0,0
1659,2,5,2150,1,-4.74684,9.19619,6.19596,0,0
1660,2,4,1816,1,-3.2513,7.12022,4.10191,0,0
1660,2,5,2150,1,-4.74684,9.19619,6.19596,0,0
1661,2,4,1816,1,-3.2513,7.12022,4.10191,0,0
1661,2,5,2150,1,-4.74684,9.19619,6.19596,0,0
1662,2,4,1816,1,-3.2513,7.12022,4.10191,0,0
1662,2,5,2150,1,-4.74684,9.19619,6.19596,0,0
1663,2,4,1816,1,-3.2513,7.12022,4.10191,0,0
1663,2,5,2150,1,-4.74684,9.19619,6.19596,0,0
1664,2,4,1816,1,-3.2513,7.12022,4.10191,0,0
1664,2,5,2150,1,-4.74684,9.19619,6.19596,0,0
1665,2,4,1816,1,-3.2513,7.12022,4.10191,0,0
1665,2,5,2150,1,-4.74684,9.19619,6.19596,0,0
1666,2,4,1816,1,-3.2513,7.12022,4.10191,0,0
1666,2,5,2150,1,-4.74684,9.19619,6.19596,0,0
1667,2,4,1816,1,-3.2513,7.12022,4.10191,0,0
1667,2,5,2150,1,-4.74684,9.19619,6.19596,0,0
1668,2,4,1816,1,-3.2513,7.12022,4.10191,0,0
1668,2,5,2150,1,-4.74684,9.19619,6.19596,0,0
1669,2,4,1816,1,-3.2513,7.12022,4.10191,0,0
1669,2,5,2150,1,-4.74684,9.19619,6.19596,0,0
1670,2,4,1816,1,-3.2513,7.12022,4.10191,0,0
1670,2,5,2150,1,-4.74684,9.19619,6.19596,0,0
1671,2,4,1816,1,-3.2513,7.12022,4.10191,0,0
1671,2,5,2150,1,-4.74684,9.19619,6.19596,0,0
1672,2,4,1816,1,-3.2513,7.12022,4.10191,0,0
1672,2,5,2150,1,-4.74684,9.19619,6.19596,0,0
1673,2,4,1816,1,-3.2513,7.12022,4.10191,0,0
1673,2,5,2150,1,-4.74684,9.19619,6.19596,0,0
1674,2,4,1816,1,-3.2513,7.12022,4.10191,0,0
1674,2,5,2150,1,-4.74684,9.19619,6.19596,0,0
1675,2,4,1816,1,-3.2513,7.12022,4.10191,0,0
1675,2,5,2150,1,-4.74684,9.19619,6.19596,0,0
1676,2,4,1816,1,-3.2513,7.12022,4.10191,0,0
1676,2,5,2150,1,-4.74684,9.19619,6.19596,0,0
1677,2,4,1816,1,-3.2513,7.12022,4.10191,0,0
1677,2,5,2150,1,-4.74684,9.19619,6.19596,0,0
1678,2,4,1816,1,-3.2513,7.12022,4.10191,0,0
1678,2,5,2150,1,-4.74684,9.19619,6.19596,0,0
1679,2,4,1816,1,-3.2513,7.12022,4.10191,0,0
1679,2,5,2150,1,-4.74684,9.19619,6.19596,0,0
1680,2,4,1816,1,-3.2513,7.12022,4.10191,0,0
1680,2,5,2150,1,-4.74684,9.19619,6.19596,0,0
1681,2,4,1816,1,-3.2513,7.12022,4.10191,0,0
1681,2,5,2150,1,-4.74684,9.19619,6.19596,0,0
1682,2,4,1816,1,-3.2513,7.12022,4.10191,0,0
1682,2,5,2150,1,-4.74684,9.19619,6.19596,0,0
1683,2,4,1816,1,-3.2513,7.12022,4.10191,0,0
1683,2,5,2150,1,-4.74684,9.19619,6.19596,0,0
1684,2,4,1816,1,-3.2513,7.12022,4.10191,0,0
1684,2,5,2150,1,-4.74684,9.19619,6.19596,0,0
1685,2,4,1816,1,-3.2513,7.12022,4.10191,0,0
1685,2,5,2150,1,-4.74684,9.19619,6.19596,0,0
1686,2,4,1816,1,-3.2513,7.12022,4.10191,0,0
1686,2,5,2150,1,-4.74684,9.19619,6.19596,0,0
1687,2,4,1816,1,-3.2513,7.12022,4.10191,0,0
1687,2,5,2150,1,-4.74684,9.19619,6.19596,0,0
1688,2,4,1816,1,-3.2513,7.12022,4.10191,0,0
1688,2,5,2150,1,-4.74684,9.19619,6.19596,0,0
1689,2,4,1816,1,-3.2513,7.12022,4.10191,0,0
1689,2,5,2150,1,-4.74684,9.19619,6.19596,0,0
1690,2,4,1816,1,-3.2513,7.12022,4.10191,0,0
1690,2,5,2150,1,-4.74684,9.19619,6.19596,0,0
1691,2,4,1816,1,-3.2513,7.12022,4.10191,0,0
1691,2,5,2150,1,-4.74684,9.19619,6.19596,0,0
1692,2,4,1816,1,-3.2513,7.12022,4.10191,0,0
1692,2,5,2150,1,-4.74684,9.19619,6.19596,0,0
1693,2,4,1816,1,-3.2513,7.12022,4.10191,0,0
1693,2,5,2150,1,-4.74684,9.19619,6.19596,0,0
1694,2,4,1816,1,-3.2513,7.12022,4.10191,0,0
1694,2,5,2150,1,-4.74684,9.19619,6.19596,0,0
1695,2,4,1816,1,-3.2513,7.12022,4.10191,0,0
1695,2,5,2150,1,-4.74684,9.19619,6.19596,0,0
1696,2,4,1816,1,-3.2513,7.12022,4.10191,0,0
1696,2,5,2150,1,-4.74684,9.19619,6.19596,0,0
1697,2,4,1816,1,-3.2513,7.12022,4.10191,0,0
1697,2,5,2150,1,-4.74684,9.19619,6.19596,0,0
1698,2,4,1816,1,-3.2513,7.12022,4.10191,0,0
1698,2,5,2150,1,-4.74684,9.19619,6.19596,0,0
1699,2,4,1816,1,-3.2513,7.12022,4.10191,0,0
1699,2,5,2150,1,-4.74684,9.19619,6.19596,0,0
1700,2,4,1816,1,-3.2513,7.12022,4.10191,0,0
1700,2,5,2150,1,-4.74684,9.19619,6.19596,0,0
1701,2,4,1816,1,-3.2513,7.12022,4.10191,0,0
1701,2,5,2150,1,-4.74684,9.19619,6.19596,0,0
1702,2,4,1816,1,-3.2513,7.12022,4.10191,0,0
1702,2,5,2150,1,-4.74684,9.19619,6.19596,0,0
1703,2,4,1816,1,-3.2513,7.12022,4.10191,0,0
1703,2,5,2150,1,-4.74684,9.19619,6.19596,0,0
1704,2,4,1816,1,-3.2513,7.12022,4.10191,0,0
1704,2,5,2150,1,-4.74684,9.19619,6.19596,0,0
1705,2,4,1816,1,-3.2513,7.12022,4.10191,0,0
1705,2,5,2150,1,-4.74684,9.19619,6.19596,0,0
1706,2,4,1816,1,-3.2513,7.12022,4.10191,0,0
1706,2,5,2150,1,-4.74684,9.19619,6.19596,0,0
1707,2,4,1816,1,-3.2513,7.12022,4.10191,0,0
1707,2,5,2150,1,-4.74684,9.19619,6.19596,0,0
1708,2,4,1816,1,-3.2513,7.12022,4.10191,0,0
1708,2,5,2150,1,-4.74684,9.19619,6.19596,0,0
1709,2,4,1816,1,-3.2513,7.12022,4.10191,0,0
1709,2,5,2150,1,-4.74684,9.19619,6.19596,0,0
1710,2,4,1816,1,-3.2513,7.12022,4.10191,0,0
1710,2,5,2150,1,-4.74684,9.19619,6.19596,0,0
1711,2,4,1816,1,-3.2513,7.12022,4.10191,0,0
1711,2,5,2150,1,-4.74684,9.19619,6.19596,0,0
1712,2,4,1816,1,-3.2513,7.12022,4.10191,0,0
1712,2,5,2150,1,-4.74684,9.19619,6.19596,0,0
1713,2,4,1816,1,-3.2513,7.12022,4.10191,0,0
1713,2,5,2150,1,-4.74684,9.19619,6.19596,0,0
1714,2,4,1816,1,-3.2513,7.12022,4.10191,0,0
1714,2,5,2150,1,-4.74684,9.19619,6.19596,0,0
1715,2,4,1816,1,-3.2513,7.12022,4.10191,0,0
1715,2,5,2150,1,-4.74684,9.19619,6.19596,0,0
1716,2,4,1816,1,-3.2513,7.12022,4.10191,0,0
1716,2,5,2150,1,-4.74684,9.19619,6.19596,0,0
1717,2,4,1816,1,-3.2513,7.12022,4.10191,0,0
1717,2,5,2150,1,-4.74684,9.19619,6.19596,0,0
1718,2,4,1816,1,-3.2513,7.12022,4.10191,0,0
1718,2,5,2150,1,-4.74684,9.19619,6.19596,0,0
1719,2,4,1816,1,-3.2513,7.12022,4.10191,0,0
1719,2,5,2150,1,-4.74684,9.19619,6.19596,0,0
1720,2,4,1816,1,-3.2513,7.12022,4.10191,0,0
1720,2,5,2150,1,-4.74684,9.19619,6.19596,0,0
1721,2,4,1816,1,-3.2513,7.12022,4.10191,0,0
1721,2,5,2150,1,-4.74684,9.19619,6.19596,0,0
1722,2,4,1816,1,-3.2513,7.12022,4.10191,0,0
1722,2,5,2150,1,-4.74684,9.19619,6.19596,0,0
1723,2,4,1816,1,-3.2513,7.12022,4.10191,0,0
1723,2,5,2150,1,-4.74684,9.19619,6.19596,0,0
1724,2,4,1816,1,-3.2513,7.12022,4.10191,0,0
1724,2,5,2150,1,-4.74684,9.19619,6.19596,0,0
1725,2,4,1816,1,-3.2513,7.12022,4.10191,0,0
1725,2,5,2150,1,-4.74684,9.19619,6.19596,0,0
1726,2,4,1816,1,-3.2513,7.12022,4.10191,0,0
1726,2,5,2150,1,-4.74684,9.19619,6.19596,0,0
1727,2,4,1816,1,-3.2513,7.12022,4.10191,0,0
1727,2,5,2150,1,-4.74684,9.19619,6.19596,0,0
1728,2,4,1816,1,-3.2513,7.12022,4.10191,0,0
1728,2,5,2150,1,-4.74684,9.19619,6.19596,0,0
1729,2,4,1816,1,-3.2513,7.12022,4.10191,0,0
1729,2,5,2150,1,-4.74684,9.19619,6.19596,0,0
1730,2,4,1816,1,-3.2513,7.12022,4.10191,0,0
1730,2,5,2150,1,-4.74684,9.19619,6.19596,0,0
1731,2,4,1816,1,-3.2513,7.12022,4.10191,0,0
1731,2,5,2150,1,-4.74684,9.19619,6.19596,0,0
1732,2,4,1816,1,-3.2513,7.12022,4.10191,0,0
1732,2,5,2150,1,-4.74684,9.19619,6.19596,0,0
1733,2,4,1816,1,-3.2513,7.12022,4.10191,0,0
1733,2,5,2150,1,-4.74684,9.19619,6.19596,0,0
1734,2,4,1816,1,-3.2513,7.12022,4.10191,0,0
1734,2,5,2150,1,-4.74684,9.19619,6.19596,0,0
1735,2,4,1816,1,-3.2513,7.12022,4.10191,0,0
1735,2,5,2150,1,-4.74684,9.19619,6.19596,0,0
1736,2,4,1816,1,-3.2513,7.12022,4.10191,0,0
1736,2,5,2150,1,-4.74684,9.19619,6.19596,0,0
1737,2,4,1816,1,-3.2513,7.12022,4.10191,0,0
1737,2,5,2150,1,-4.74684,9.19619,6.19596,0,0
1738,2,4,1816,1,-3.2513,7.12022,4.10191,0,0
1738,2,5,2150,1,-4.74684,9.19619,6.19596,0,0
1739,2,4,1816,1,-3.2513,7.12022,4.10191,0,0
1739,2,5,2150,1,-4.74684,9.19619,6.19596,0,0
1740,2,4,1816,1,-3.2513,7.12022,4.10191,0,0
1740,2,5,2150,1,-4.74684,9.19619,6.19596,0,0
1741,2,4,1816,1,-3.2513,7.12022,4.10191,0,0
1741,2,5,2150,1,-4.74684,9.19619,6.19596,0,0
1742,2,4,1816,1,-3.2513,7.12022,4.10191,0,0
1742,2,5,2150,1,-4.74684,9.19619,6.19596,0,0
1743,2,4,1816,1,-3.2513,7.12022,4.10191,0,0
1743,2,5,2150,1,-4.74684,9.19619,6.19596,0,0
1744,2,4,1816,1,-3.2513,7.12022,4.10191,0,0
1744,2,5,2150,1,-4.74684,9.19619,6.19596,0,0
1745,2,4,1816,1,-3.2513,7.12022,4.10191,0,0
1745,2,5,2150,1,-4.74684,9.19619,6.19596,0,0
1746,2,4,1816,1,-3.2513,7.12022,4.10191,0,0
1746,2,5,2150,1,-4.74684,9.19619,6.19596,0,0
1747,2,4,1816,1,-3.2513,7.12022,4.10191,0,0
1747,2,5,2150,1,-4.74684,9.19619,6.19596,0,0
1748,2,4,1816,1,-3.2513,7.12022,4.10191,0,0
1748,2,5,2150,1,-4.74684,9.19619,6.19596,0,0
1749,2,4,1816,1,-3.2513,7.12022,4.10191,0,0
1749,2,5,2150,1,-4.74684,9.19619,6.19596,0,0
1750,2,4,1816,1,-3.2513,7.12022,4.10191,0,0
1750,2,5,2150,1,-4.74684,9.19619,6.19596,0,0
1751,2,4,1816,1,-3.2513,7.12022,4.10191,0,0
1751,2,5,2150,1,-4.74684,9.19619,6.19596,0,0
1752,2,4,1816,1,-3.2513,7.12022,4.10191,0,0
1752,2,5,2150,1,-4.74684,9.19619,6.19596,0,0
1753,2,4,1816,1,-3.2513,7.12022,4.10191,0,0
1753,2,5,2150,1,-4.74684,9.19619,6.19596,0,0
1754,2,4,1816,1,-3.2513,7.12022,4.10191,0,0
1754,2,5,2150,1,-4.74684,9.19619,6.19596,0,0
1755,2,4,1816,1,-3.2513,7.12022,4.10191,0,0
1755,2,5,2150,1,-4.74684,9.19619,6.19596,0,0
1756,2,4,1816,1,-3.2513,7.12022,4.10191,0,0
1756,2,5,2150,1,-4.74684,9.19619,6.19596,0,0
1757,2,4,1816,1,-3.2513,7.12022,4.10191,0,0
1757,2,5,2150,1,-4.74684,9.19619,6.19596,0,0
1758,2,4,1816,1,-3.2513,7.12022,4.10191,0,0
1758,2,5,2150,1,-4.74684,9.19619,6.19596,0,0
1759,2,4,1816,1,-3.2513,7.12022,4.10191,0,0
1759,2,5,2150,1,-4.74684,9.19619,6.19596,0,0
1760,2,4,1816,1,-3.2513,7.12022,4.10191,0,0
1760,2,5,2150,1,-4.74684,9.19619,6.19596,0,0
1761,2,4,1816,1,-3.2513,7.12022,4.10191,0,0
1761,2,5,2150,1,-4.74684,9.19619,6.19596,0,0
1762,2,4,1816,1,-3.2513,7.12022,4.10191,0,0
1762,2,5,2150,1,-4.74684,9.19619,6.19596,0,0
1763,2,4,1816,1,-3.2513,7.12022,4.10191,0,0
1763,2,5,2150,1,-4.74684,9.19619,6.19596,0,0
1764,2,4,1816,1,-3.2513,7.12022,4.10191,0,0
1764,2,5,2150,1,-4.74684,9.19619,6.19596,0,0
1765,2,4,1816,1,-3.2513,7.12022,4.10191,0,0
1765,2,5,2150,1,-4.74684,9.19619,6.19596,0,0
1766,2,4,1816,1,-3.2513,7.12022,4.10191,0,0
1766,2,5,2150,1,-4.74684,9.19619,6.19596,0,0
1767,2,4,1816,1,-3.2513,7.12022,4.10191,0,0
1767,2,5,2150,1,-4.74684,9.19619,6.19596,0,0
1768,2,4,1816,1,-3.2513,7.12022,4.10191,0,0
1768,2,5,2150,1,-4.74684,9.19619,6.19596,0,0
1769,2,4,1816,1,-3.2513,7.12022,4.10191,0,0
1769,2,5,2150,1,-4.74684,9.19619,6.19596,0,0
1770,2,4,1816,1,-3.2513,7.12022,4.10191,0,0
1770,2,5,2150,1,-4.74684,9.19619,6.19596,0,0
1771,2,4,1816,1,-3.2513,7.12022,4.10191,0,0
1771,2,5,2150,1,-4.74684,9.19619,6.19596,0,0
1772,2,4,1816,1,-3.2513,7.12022,4.10191,0,0
1772,2,5,2150,1,-4.74684,9.19619,6.19596,0,0
1773,2,4,1816,1,-3.2513,7.12022,4.10191,0,0
1773,2,5,2150,1,-4.74684,9.19619,6.19596,0,0
1774,2,4,1816,1,-3.2513,7.12022,4.10191,0,0
1774,2,5,2150,1,-4.74684,9.19619,6.19596,0,0
1775,2,4,1816,1,-3.2513,7.12022,4.10191,0,0
1775,2,5,2150,1,-4.74684,9.19619,6.19596,0,0
1776,2,4,1816,1,-3.2513,7.12022,4.10191,0,0
1776,2,5,2150,1,-4.74684,9.19619,6.19596,0,0
1777,2,4,1816,1,-3.2513,7.12022,4.10191,0,0
1777,2,5,2150,1,-4.74684,9.19619,6.19596,0,0
1778,2,4,1816,1,-3.2513,7.12022,4.10191,0,0
1778,2,5,2150,1,-4.74684,9.19619,6.19596,0,0
1779,2,4,1816,1,-3.2513,7.12022,4.10191,0,0
1779,2,5,2150,1,-4.74684,9.19619,6.19596,0,0
1780,2,4,1816,1,-3.2513,7.12022,4.10191,0,0
1780,2,5,2150,1,-4.74684,9.19619,6.19596,0,0
1781,2,4,1816,1,-3.2513,7.12022,4.10191,0,0
1781,2,5,2150,1,-4.74684,9.19619,6.19596,0,0
1782,2,4,1816,1,-3.2513,7.12022,4.10191,0,0
1782,2,5,2150,1,-4.74684,9.19619,6.19596,0,0
1783,2,4,1816,1,-3.2513,7.12022,4.10191,0,0
1783,2,5,2150,1,-4.74684,9.19619,6.19596,0,0
1784,2,4,1816,1,-3.2513,7.12022,4.10191,0,0
1784,2,5,2150,1,-4.74684,9.19619,6.19596,0,0
1785,2,4,1816,1,-3.2513,7.12022,4.10191,0,0
1785,2,5,2150,1,-4.74684,9.19619,6.19596,0,0
1786,2,4,1816,1,-3.2513,7.12022,4.10191,0,0
1786,2,5,2150,1,-4.74684,9.19619,6.19596,0,0
1787,2,4,1816,1,-3.2513,7.12022,4.10191,0,0
1787,2,5,2150,1,-4.74684,9.19619,6.19596,0,0
1788,2,4,1816,1,-3.2513,7.12022,4.10191,0,0
1788,2,5,2150,1,-4.74684,9.19619,6.19596,0,0
1789,2,4,1816,1,-3.2513,7.12022,4.10191,0,0
1789,2,5,2150,1,-4.74684,9.19619,6.19596,0,0
1790,2,4,1816,1,-3.2513,7.12022,4.10191,0,0
1790,2,5,2150,1,-4.74684,9.19619,6.19596,0,0
1791,2,4,1816,1,-3.2513,7.12022,4.10191,0,0
1791,2,5,2150,1,-4.74684,9.19619,6.19596,0,0
1792,2,4,1816,1,-3.2513,7.12022,4.10191,0,0
1792,2,5,2150,1,-4.74684,9.19619,6.19596,0,0
1793,2,4,1816,1,-3.2513,7.12022,4.10191,0,0
1793,2,5,2150,1,-4.74684,9.19619,6.19596,0,0
1794,2,4,1816,1,-3.2513,7.12022,4.10191,0,0
1794,2,5,2150,1,-4.74684,9.19619,6.19596,0,0
1795,2,4,1816,1,-3.2513,7.12022,4.10191,0,0
1795,2,5,2150,1,-4.74684,9.19619,6.19596,0,0
1796,2,4,1816,1,-3.2513,7.12022,4.10191,0,0
1796,2,5,2150,1,-4.74684,9.19619,6.19596,0,0
1797,2,4,1816,1,-3.2513,7.12022,4.10191,0,0
1797,2,5,2150,1,-4.74684,9.19619,6.19596,0,0
1798,2,4,1816,1,-3.2513,7.12022,4.10191,0,0
1798,2,5,2150,1,-4.74684,9.19619,6.19596,0,0
1799,2,4,1816,1,-3.2513,7.12022,4.10191,0,0
1799,2,5,2150,1,-4.74684,9.19619,6.19596,0,0
1800,2,4,1816,1,-3.2513,7.12022,4.10191,0,0
1800,2,5,2150,1,-4.74684,9.19619,6.19596,0,0
1801,2,4,1816,1,-3.2513,7.12022,4.10191,0,0
1801,2,5,2150,1,-4.74684,9.19619,6.19596,0,0
1802,2,4,1816,1,-3.2513,7.12022,4.10191,0,0
1802,2,5,2150,1,-4.74684,9.19619,6.19596,0,0
1803,2,4,1816,1,-3.2513,7.12022,4.10191,0,0
1803,2,5,2150,1,-4.74684,9.19619,6.19596,0,0
1804,2,4,1816,1,-3.2513,7.12022,4.10191,0,0
1804,2,5,2150,1,-4.74684,9.19619,6.19596,0,0
1805,2,4,1816,1,-3.2513,7.12022,4.10191,0,0
1805,2,5,2150,1,-4.74684,9.19619,6.19596,0,0
1806,2,4,1816,1,-3.2513,7.12022,4.10191,0,0
1806,2,5,2150,1,-4.74684,9.19619,6.19596,0,0
1807,2,4,1816,1,-3.2513,7.12022,4.10191,0,0
1807,2,5,2150,1,-4.74684,9.19619,6.19596,0,0
1808,2,4,1816,1,-3.2513,7.12022,4.10191,0,0
1808,2,5,2150,1,-4.74684,9.19619,6.19596,0,0
1809,2,4,1816,1,-3.2513,7.12022,4.10191,0,0
1809,2,5,2150,1,-4.74684,9.19619,6.19596,0,0
1810,2,4,1816,1,-3.2513,7.12022,4.10191,0,0
1810,2,5,2150,1,-4.74684,9.19619,6.19596,0,0
1811,2,4,1816,1,-3.2513,7.12022,4.10191,0,0
1811,2,5,2150,1,-4.74684,9.19619,6.19596,0,0
1812,2,4,1816,1,-3.2513,7.12022,4.10191,0,0
1812,2,5,2150,1,-4.74684,9.19619,6.19596,0,0
1813,2,4,1816,1,-3.2513,7.12022,4.10191,0,0
1813,2,5,2150,1,-4.74684,9.19619,6.19596,0,0
1814,2,4,1816,1,-3.2513,7.12022,4.10191,0,0
1814,2,5,2150,1,-4.74684,9.19619,6.19596,0,0
1815,2,4,1816,1,-3.2513,7.12022,4.10191,0,0
1815,2,5,2150,1,-4.74684,9.19619,6.19596,0,0
1816,2,4,1816,1,-3.2513,7.12022,4.10191,0,0
1816,2,5,2150,1,-4.74684,9.19619,6.19596,0,0
1817,2,4,1816,1,-3.2513,7.12022,4.10191,0,0
1817,2,5,2150,1,-4.74684,9.19619,6.19596,0,0
1818,2,4,1816,1,-3.2513,7.12022,4.10191,0,0
1818,2,5,2150,1,-4.74684,9.19619,6.19596,0,0
1819,2,4,1816,1,-3.2513,7.12022,4.10191,0,0
1819,2,5,2150,1,-4.74684,9.19619,6.19596,0,0
1820,2,4,1816,1,-3.2513,7.12022,4.10191,0,0
1820,2,5,2150,1,-4.74684,9.19619,6.19596,0,0
1821,2,4,1816,1,-3.2513,7.12022,4.10191,0,0
1821,2,5,2150,1,-4.74684,9.19619,6.19596,0,0
1822,2,4,1816,1,-3.2513,7.12022,4.10191,0,0
1822,2,5,2150,1,-4.74684,9.19619,6.19596,0,0
1823,2,4,1816,1,-3.2513,7.12022,4.10191,0,0
1823,2,5,2150,1,-4.74684,9.19619,6.19596,0,0
1824,2,4,1816,1,-3.2513,7.12022,4.10191,0,0
1824,2,5,2150,1,-4.74684,9.19619,6.19596,0,0
1825,2,4,1816,1,-3.2513,7.12022,4.10191,0,0
1825,2,5,2150,1,-4.74684,9.19619,6.19596,0,0
1826,2,4,1816,1,-3.2513,7.12022,4.10191,0,0
1826,2,5,2150,1,-4.74684,9.19619,6.19596,0,0
1827,2,4,1816,1,-3.2513,7.12022,4.10191,0,0
1827,2,5,2150,1,-4.74684,9.19619,6.19596,0,0
1828,2,4,1816,1,-3.2513,7.12022,4.10191,0,0
1828,2,5,2150,1,-4.74684,9.19619,6.19596,0,0
1829,2,4,1816,1,-3.2513,7.12022,4.10191,0,0
1829,2,5,2150,1,-4.74684,9.19619,6.19596,0,0
1830,2,4,1816,1,-3.2513,7.12022,4.10191,0,0
1830,2,5,2150,1,-4.74684,9.19619,6.19596,0,0
1831,2,4,1816,1,-3.2513,7.12022,4.10191,0,0
1831,2,5,2150,1,-4.74684,9.19619,6.19596,0,0
1832,2,4,1816,1,-3.2513,7.12022,4.10191,0,0
1832,2,5,2150,1,-4.74684,9.19619,6.19596,0,0
1833,2,4,1816,1,-3.2513,7.12022,4.10191,0,0
1833,2,5,2150,1,-4.74684,9.19619,6.19596,0,0
1834,2,4,1816,1,-3.2513,7.12022,4.10191,0,0
1834,2,5,2150,1,-4.74684,9.19619,6.19596,0,0
1835,2,4,1816,1,-3.2513,7.12022,4.10191,0,0
1835,2,5,2150,1,-4.74684,9.19619,6.19596,0,0
1836,2,4,1816,1,-3.2513,7.12022,4.10191,0,0
1836,2,5,2150,1,-4.74684,9.19619,6.19596,0,0
1837,2,4,1816,1,-3.2513,7.12022,4.10191,0,0
1837,2,5,2150,1,-4.74684,9.19619,6.19596,0,0
1838,2,4,1816,1,-3.2513,7.12022,4.10191,0,0
1838,2,5,2150,1,-4.74684,9.19619,6.19596,0,0
1839,2,4,1816,1,-3.2513,7.12022,4.10191,0,0
1839,2,5,2150,1,-4.74684,9.19619,6.19596,0,0
1840,2,4,1816,1,-3.2513,7.12022,4.10191,0,0
1840,2,5,2150,1,-4.74684,9.19619,6.19596,0,0
1841,2,4,1816,1,-3.2513,7.12022,4.10191,0,0
1841,2,5,2150,1,-4.74684,9.19619,6.19596,0,0
1842,2,4,1816,1,-3.2513,7.12022,4.10191,0,0
1842,2,5,2150,1,-4.74684,9.19619,6.19596,0,0
1843,2,4,1816,1,-3.2513,7.12022,4.10191,0,0
1843,2,5,2150,1,-4.74684,9.19619,6.19596,0,0
1844,2,4,1816,1,-3.2513,7.12022,4.10191,0,0
1844,2,5,2150,1,-4.74684,9.19619,6.19596,0,0
1845,2,4,1816,1,-3.2513,7.12022,4.10191,0,0
1845,2,5,2150,1,-4.74684,9.19619,6.19596,0,0
1846,2,4,1816,1,-3.2513,7.12022,4.10191,0,0
1846,2,5,2150,1,-4.74684,9.19619,6.19596,0,0
1847,2,4,1816,1,-3.2513,7.12022,4.10191,0,0
1847,2,5,2150,1,-4.74684,9.19619,6.19596,0,0
1848,2,4,1816,1,-3.2513,7.12022,4.10191,0,0
1848,2,5,2150,1,-4.74684,9.19619,6.19596,0,0
1849,2,4,1816,1,-3.2513,7.12022,4.10191,0,0
1849,2,5,2150,1,-4.74684,9.19619,6.19596,0,0
1850,2,4,1816,1,-3.2513,7.12022,4.10191,0,0
1850,2,5,2150,1,-4.74684,9.19619,6.19596,0,0
1851,2,4,1816,1,-3.2513,7.12022,4.10191,0,0
1851,2,5,2150,1,-4.74684,9.19619,6.19596,0,0
1852,2,4,1816,1,-3.2513,7.12022,4.10191,0,0
1852,2,5,2150,1,-4.74684,9.19619,6.19596,0,0
1853,2,4,1816,1,-3.2513,7.12022,4.10191,0,0
1853,2,5,2150,1,-4.74684,9.19619,6.19596,0,0
1854,2,4,1816,1,-3.2513,7.12022,4.10191,0,0
1854,2,5,2150,1,-4.74684,9.19619,6.19596,0,0
1855,2,4,1816,1,-3.2513,7.12022,4.10191,0,0
1855,2,5,2150,1,-4.74684,9.19619,6.19596,0,0
1856,2,4,1816,1,-3.2513,7.12022,4.10191,0,0
1856,2,5,2150,1,-4.74684,9.19619,6.19596,0,0
1857,2,4,1816,1,-3.2513,7.12022,4.10191,0,0
1857,2,5,2150,1,-4.74684,9.19619,6.19596,0,0
1858,2,4,1816,1,-3.2513,7.12022,4.10191,0,0
1858,2,5,2150,1,-4.74684,9.19619,6.19596,0,0
1859,2,4,1816,1,-3.2513,7.12022,4.10191,0,0
1859,2,5,2150,1,-4.74684,9.19619,6.19596,0,0
1860,2,4,1816,1,-3.2513,7.12022,4.10191,0,0
1860,2,5,2150,1,-4.74684,9.19619,6.19596,0,0
1861,2,4,1816,1,-3.2513,7.12022,4.10191,0,0
1861,2,5,2150,1,-4.74684,9.19619,6.19596,0,0
1862,2,4,1816,1,-3.2513,7.12022,4.10191,0,0
1862,2,5,2150,1,-4.74684,9.19619,6.19596,0,0
1863,2,4,1816,1,-3.2513,7.12022,4.10191,0,0
1863,2,5,2150,1,-4.74684,9.19619,6.19596,0,0
1864,2,4,1816,1,-3.2513,7.12022,4.10191,0,0
1864,2,5,2150,1,-4.74684,9.19619,6.19596,0,0
1865,2,4,1816,1,-3.2513,7.12022,4.10191,0,0
1865,2,5,2150,1,-4.74684,9.19619,6.19596,0,0
1866,2,4,1816,1,-3.2513,7.12022,4.10191,0,0
1866,2,5,2150,1,-4.74684,9.19619,6.19596,0,0
1867,2,4,1816,1,-3.2513,7.12022,4.10191,0,0
1867,2,5,2150,1,-4.74684,9.19619,6.19596,0,0
1868,2,4,1816,1,-3.2513,7.12022,4.10191,0,0
1868,2,5,2150,1,-4.74684,9.19619,6.19596,0,0
1869,2,4,1816,1,-3.2513,7.12022,4.10191,0,0
1869,2,5,2150,1,-4.74684,9.19619,6.19596,0,0
1870,2,4,1816,1,-3.2513,7.12022,4.10191,0,0
1870,2,5,2150,1,-4.74684,9.19619,6.19596,0,0
1871,2,4,1816,1,-3.2513,7.12022,4.10191,0,0
1871,2,5,2150,1,-4.74684,9.19619,6.19596,0,0
1872,2,4,1816,1,-3.2513,7.12022,4.10191,0,0
1872,2,5,2150,1,-4.74684,9.19619,6.19596,0,0
1873,2,4,1816,1,-3.2513,7.12022,4.10191,0,0
1873,2,5,2150,1,-4.74684,9.19619,6.19596,0,0
1874,2,4,1816,1,-3.2513,7.12022,4.10191,0,0
1874,2,5,2150,1,-4.74684,9.19619,6.19596,0,0
1875,2,4,1816,1,-3.2513,7.12022,4.10191,0,0
1875,2,5,2150,1,-4.74684,9.19619,6.19596,0,0
1876,2,4,1816,1,-3.2513,7.12022,4.10191,0,0
1876,2,5,2150,1,-4.74684,9.19619,6.19596,0,0
1877,2,4,1816,1,-3.2513,7.12022,4.10191,0,0
1877,2,5,2150,1,-4.74684,9.19619,6.19596,0,0
1878,2,4,1816,1,-3.2513,7.12022,4.10191,0,0
1878,2,5,2150,1,-4.74684,9.19619,6.19596,0,0
1879,2,4,1816,1,-3.2513,7.12022,4.10191,0,0
1879,2,5,2150,1,-4.74684,9.19619,6.19596,0,0
1880,2,4,1816,1,-3.2513,7.12022,4.10191,0,0
1880,2,5,2150,1,-4.74684,9.19619,6.19596,0,0
1881,2,4,1816,1,-3.2513,7.12022,4.10191,0,0
1881,2,5,2150,1,-4.74684,9.19619,6.19596,0,0
1882,2,4,1816,1,-3.2513,7.12022,4.10191,0,0
1882,2,5,2150,1,-4.74684,9.19619,6.19596,0,0
1883,2,4,1816,1,-3.2513,7.12022,4.10191,0,0
1883,2,5,2150,1,-4.74684,9.19619,6.19596,0,0
1884,2,4,1816,1,-3.2513,7.12022,4.10191,0,0
1884,2,5,2150,1,-4.74684,9.19619,6.19596,0,0
1885,2,4,1816,1,-3.2513,7.12022,4.10191,0,0
1885,2,5,2150,1,-4.74684,9.19619,6.19596,0,0
1886,2,4,1816,1,-3.2513,7.12022,4.10191,0,0
1886,2,5,2150,1,-4.74684,9.19619,6.19596,0,0
1887,2,4,1816,1,-3.2513,7.12022,4.10191,0,0
1887,2,5,2150,1,-4.74684,9.19619,6.19596,0,0
1888,2,4,1816,1,-3.2513,7.12022,4.10191,0,0
1888,2,5,2150,1,-4.74684,9.19619,6.19596,0,0
1889,2,4,1816,1,-3.2513,7.12022,4.10191,0,0
1889,2,5,2150,1,-4.74684,9.19619,6.19596,0,0
1890,2,4,1816,1,-3.2513,7.12022,4.10191,0,0
1890,2,5,2150,1,-4.74684,9.19619,6.19596,0,0
1891,2,4,1816,1,-3.2513,7.12022,4.10191,0,0
1891,2,5,2150,1,-4.74684,9.19619,6.19596,0,0
1892,2,4,1816,1,-3.2513,7.12022,4.10191,0,0
1892,2,5,2150,1,-4.74684,9.19619,6.19596,0,0
1893,2,4,1816,1,-3.2513,7.12022,4.10191,0,0
1893,2,5,2150,1,-4.74684,9.19619,6.19596,0,0
1894,2,4,1816,1,-3.2513,7.12022,4.10191,0,0
1894,2,5,2150,1,-4.74684,9.19619,6.19596,0,0
1895,2,4,1816,1,-3.2513,7.12022,4.10191,0,0
1895,2,5,2150,1,-4.74684,9.19619,6.19596,0,0
1896,2,4,1816,1,-3.2513,7.12022,4.10191,0,0
1896,2,5,2150,1,-4.74684,9.19619,6.19596,0,0
1897,2,4,1816,1,-3.2513,7.12022,4.10191,0,0
1897,2,5,2150,1,-4.74684,9.19619,6.19596,0,0
1898,2,4,1817,1,-3.25138,7.12022,4.10191,0,0
1898,2,5,2150,1,-4.74684,9.19619,6.19596,0,0
1899,2,4,1817,1,-3.25138,7.12022,4.10191,0,0
1899,2,5,2150,1,-4.74684,9.19619,6.19596,0,0
1900,2,4,1817,1,-3.25138,7.12022,4.10191,0,0
1900,2,5,2150,1,-4.74684,9.19619,6.19596,0,0
1901,2,4,1817,1,-3.25138,7.12022,4.10191,0,0
1901,2,5,2150,1,-4.74684,9.19619,6.19596,0,0
1902,2,4,1817,1,-3.25138,7.12022,4.10191,0,0
1902,2,5,2150,1,-4.74684,9.19619,6.19596,0,0
1903,2,4,1817,1,-3.25138,7.12022,4.10191,0,0
1903,2,5,2150,1,-4.74684,9.19619,6.19596,0,0
1904,2,4,1817,1,-3.25138,7.12022,4.10191,0,0
1904,2,5,2150,1,-4.74684,9.19619,6.19596,0,0
1905,2,4,1817,1,-3.25138,7.12022,4.10191,0,0
1905,2,5,2150,1,-4.74684,9.19619,6.19596,0,0
1906,2,4,1817,1,-3.25138,7.12022,4.10191,0,0
1906,2,5,2150,1,-4.74684,9.19619,6.19596,0,0
1907,2,4,1817,1,-3.25138,7.12022,4.10191,0,0
1907,2,5,2150,1,-4.74684,9.19619,6.19596,0,0
1908,2,4,1817,1,-3.25138,7.12022,4.10191,0,0
1908,2,5,2150,1,-4.74684,9.19619,6.19596,0,0
1909,2,4,1817,1,-3.25138,7.12022,4.10191,0,0
1909,2,5,2150,1,-4.74684,9.19619,6.19596,0,0
1910,2,4,1817,1,-3.25138,7.12022,4.10191,0,0
1910,2,5,2150,1,-4.74684,9.19619,6.19596,0,0
1911,2,4,1817,1,-3.25138,7.12022,4.10191,0,0
1911,2,5,2150,1,-4.74684,9.19619,6.19596,0,0
1912,2,4,1817,1,-3.25138,7.12022,4.10191,0,0
1912,2,5,2150,1,-4.74684,9.19619,6.19596,0,0
1913,2,4,1817,1,-3.25138,7.12022,4.10191,0,0
1913,2,5,2150,1,-4.74684,9.19619,6.19596,0,0
1914,2,4,1817,1,-3.25138,7.12022,4.10191,0,0
1914,2,5,2150,1,-4.74684,9.19619,6.19596,0,0
1915,2,4,1817,1,-3.25138,7.12022,4.10191,0,0
1915,2,5,2150,1,-4.74684,9.19619,6.19596,0,0
1916,2,4,1817,1,-3.25138,7.12022,4.10191,0,0
1916,2,5,2150,1,-4.74684,9.19619,6.19596,0,0
1917,2,4,1817,1,-3.25138,7.12022,4.10191,0,0
1917,2,5,2150,1,-4.74684,9.19619,6.19596,0,0
1918,2,4,1817,1,-3.25138,7.12022,4.10191,0,0
1918,2,5,2150,1,-4.74684,9.19619,6.19596,0,0
1919,2,4,1817,1,-3.25138,7.12022,4.10191,0,0
1919,2,5,2150,1,-4.74684,9.19619,6.19596,0,0
1920,2,4,1817,1,-3.25138,7.12022,4.10191,0,0
1920,2,5,2150,1,-4.74684,9.19619,6.19596,0,0
1921,2,4,1817,1,-3.25138,7.12022,4.10191,0,0
1921,2,5,2150,1,-4.74684,9.19619,6.19596,0,0
1922,2,4,1817,1,-3.25138,7.12022,4.10191,0,0
1922,2,5,2150,1,-4.74684,9.19619,6.19596,0,0
1923,2,4,1817,1,-3.25138,7.12022,4.10191,0,0
1923,2,5,2150,1,-4.74684,9.19619,6.19596,0,0
1924,2,4,1817,1,-3.25138,7.12022,4.10191,0,0
1924,2,5,2150,1,-4.74684,9.19619,6.19596,0,0
1925,2,4,1817,1,-3.25138,7.12022,4.10191,0,0
1925,2,5,2150,1,-4.74684,9.19619,6.19596,0,0
1926,2,4,1817,1,-3.25138,7.12022,4.10191,0,0
1926,2,5,2150,1,-4.74684,9.19619,6.19596,0,0
1927,2,4,1817,1,-3.25138,7.12022,4.10191,0,0
1927,2,5,2150,1,-4.74684,9.19619,6.19596,0,0
1928,2,4,1817,1,-3.25138,7.12022,4.10191,0,0
1928,2,5,2150,1,-4.74684,9.19619,6.19596,0,0
1929,2,4,1817,1,-3.25138,7.12022,4.10191,0,0
1929,2,5,2150,1,-4.74684,9.19619,6.19596,0,0
1930,2,4,1817,1,-3.25138,7.12022,4.10191,0,0
1930,2,5,2150,1,-4.74684,9.19619,6.19596,0,0
1931,2,4,1817,1,-3.25138,7.12022,4.10191,0,0
1931,2,5,2150,1,-4.74684,9.19619,6.19596,0,0
1932,2,4,1817,1,-3.25138,7.12022,4.10191,0,0
1932,2,5,2150,1,-4.74684,9.19619,6.19596,0,0
1933,2,4,1817,1,-3.25138,7.12022,4.10191,0,0
1933,2,5,2150,1,-4.74684,9.19619,6.19596,0,0
1934,2,4,1817,1,-3.25138,7.12022,4.10191,0,0
1934,2,5,2150,1,-4.74684,9.19619,6.19596,0,0
1935,2,4,1817,1,-3.25138,7.12022,4.10191,0,0
1935,2,5,2150,1,-4.74684,9.19619,6.19596,0,0
1936,2,4,1817,1,-3.25138,7.12022,4.10191,0,0
1936,2,5,2150,1,-4.74684,9.19619,6.19596,0,0
1937,2,4,1817,1,-3.25138,7.12022,4.10191,0,0
1937,2,5,2150,1,-4.74684,9.19619,6.19596,0,0
1938,2,4,1817,1,-3.25138,7.12022,4.10191,0,0
1938,2,5,2150,1,-4.74684,9.19619,6.19596,0,0
1939,2,4,1817,1,-3.25138,7.12022,4.10191,0,0
1939,2,5,2150,1,-4.74684,9.19619,6.19596,0,0
1940,2,4,1817,1,-3.25138,7.12022,4.10191,0,0
1940,2,5,2150,1,-4.74684,9.19619,6.19596,0,0
1941,2,4,1817,1,-3.25138,7.12022,4.10191,0,0
1941,2,5,2150,1,-4.74684,9.19619,6.19596,0,0
1942,2,4,1817,1,-3.25138,7.12022,4.10191,0,0
1942,2,5,2150,1,-4.74684,9.19619,6.19596,0,0
1943,2,4,1817,1,-3.25138,7.12022,4.10191,0,0
1943,2,5,2150,1,-4.74684,9.19619,6.19596,0,0
1944,2,4,1817,1,-3.25138,7.12022,4.10191,0,0
1944,2,5,2150,1,-4.74684,9.19619,6.19596,0,0
1945,2,4,1817,1,-3.25138,7.12022,4.10191,0,0
1945,2,5,2150,1,-4.74684,9.19619,6.19596,0,0
1946,2,4,1817,1,-3.25138,7.12022,4.10191,0,0
1946,2,5,2150,1,-4.74684,9.19619,6.19596,0,0
1947,2,4,1817,1,-3.25138,7.12022,4.10191,0,0
1947,2,5,2150,1,-4.74684,9.19619,6.19596,0,0
1948,2,4,1817,1,-3.25138,7.12022,4.10191,0,0
1948,2,5,2150,1,-4.74684,9.19619,6.19596,0,0
1949,2,4,1817,1,-3.25138,7.12022,4.10191,0,0
1949,2,5,2150,1,-4.74684,9.19619,6.19596,0,0
1950,2,4,1817,1,-3.25138,7.12022,4.10191,0,0
1950,2,5,2150,1,-4.74684,9.19619,6.19596,0,0
1951,2,4,1817,1,-3.25138,7.12022,4.10191,0,0
1951,2,5,2150,1,-4.74684,9.19619,6.19596,0,0
1952,2,4,1817,1,-3.25138,7.12022,4.10191,0,0
1952,2,5,2150,1,-4.74684,9.19619,6.19596,0,0
1953,2,4,1817,1,-3.25138,7.12022,4.10191,0,0
1953,2,5,2150,1,-4.74684,9.19619,6.19596,0,0
1954,2,4,1817,1,-3.25138,7.12022,4.10191,0,0
1954,2,5,2150,1,-4.74684,9.19619,6.19596,0,0
1955,2,4,1817,1,-3.25138,7.12022,4.10191,0,0
1955,2,5,2150,1,-4.74684,9.19619,6.19596,0,0
1956,2,4,1817,1,-3.25138,7.12022,4.10191,0,0
1956,2,5,2150,1,-4.74684,9.19619,6.19596,0,0
1957,2,4,1817,1,-3.25138,7.12022,4.10191,0,0
1957,2,5,2150,1,-4.74684,9.19619,6.19596,0,0
1958,2,4,1817,1,-3.25138,7.12022,4.10191,0,0
1958,2,5,2150,1,-4.74684,9.19619,6.19596,0,0
1959,2,4,1817,1,-3.25138,7.12022,4.10191,0,0
1959,2,5,2150,1,-4.74684,9.19619,6.19596,0,0
1960,2,4,1817,1,-3.25138,7.12022,4.10191,0,0
1960,2,5,2150,1,-4.74684,9.19619,6.19596,0,0
1961,2,4,1817,1,-3.25138,7.12022,4.10191,0,0
1961,2,5,2150,1,-4.74684,9.19619,6.19596,0,0
1962,2,4,1817,1,-3.25138,7.12022,4.10191,0,0
1962,2,5,2150,1,-4.74684,9.19619,6.19596,0,0
1963,2,4,1817,1,-3.25138,7.12022,4.10191,0,0
1963,2,5,2150,1,-4.74684,9.19619,6.19596,0,0
1964,2,4,1817,1,-3.25138,7.12022,4.10191,0,0
1964,2,5,2150,1,-4.74684,9.19619,6.19596,0,0
1965,2,4,1817,1,-3.25138,7.12022,4.10191,0,0
1965,2,5,2150,1,-4.74684,9.19619,6.19596,0,0
1966,2,4,1817,1,-3.25138,7.12022,4.10191,0,0
1966,2,5,2150,1,-4.74684,9.19619,6.19596,0,0
1967,2,4,1817,1,-3.25138,7.12022,4.10191,0,0
1967,2,5,2150,1,-4.74684,9.19619,6.19596,0,0
1968,2,4,1817,1,-3.25138,7.12022,4.10191,0,0
1968,2,5,2150,1,-4.74684,9.19619,6.19596,0,0
1969,2,4,1817,1,-3.25138,7.12022,4.10191,0,0
1969,2,5,2150,1,-4.74684,9.19619,6.19596,0,0
1970,2,4,1817,1,-3.25138,7.12022,4.10191,0,0
1970,2,5,2150,1,-4.74684,9.19619,6.19596,0,0
1971,2,4,1817,1,-3.25138,7.12022,4.10191,0,0
1971,2,5,2150,1,-4.74684,9.19619,6.19596,0,0
1972,2,4,1817,1,-3.25138,7.12022,4.10191,0,0
1972,2,5,2150,1,-4.74684,9.19619,6.19596,0,0
1973,2,4,1817,1,-3.25138,7.12022,4.10191,0,0
1973,2,5,2150,1,-4.74684,9.19619,6.19596,0,0
1974,2,4,1817,1,-3.25138,7.12022,4.10191,0,0
1974,2,5,2150,1,-4.74684,9.19619,6.19596,0,0
1975,2,4,1817,1,-3.25138,7.12022,4.10191,0,0
1975,2,5,2150,1,-4.74684,9.19619,6.19596,0,0
1976,2,4,1817,1,-3.25138,7.12022,4.10191,0,0
1976,2,5,2150,1,-4.74684,9.19619,6.19596,0,0
1977,2,4,1817,1,-3.25138,7.12022,4.10191,0,0
1977,2,5,2150,1,-4.74684,9.19619,6.19596,0,0
1978,2,4,1817,1,-3.25138,7.12022,4.10191,0,0
1978,2,5,2150,1,-4.74684,9.19619,6.19596,0,0
1979,2,4,1817,1,-3.25138,7.12022,4.10191,0,0
1979,2,5,2150,1,-4.74684,9.19619,6.19596,0,0
1980,2,4,1817,1,-3.25138,7.12022,4.10191,0,0
1980,2,5,2150,1,-4.74684,9.19619,6.19596,0,0
1981,2,4,1817,1,-3.25138,7.12022,4.10191,0,0
1981,2,5,2150,1,-4.74684,9.19619,6.19596,0,0
1982,2,4,1817,1,-3.25138,7.12022,4.10191,0,0
1982,2,5,2150,1,-4.74684,9.19619,6.19596,0,0
1983,2,4,1817,1,-3.25138,7.12022,4.10191,0,0
1983,2,5,2150,1,-4.74684,9.19619,6.19596,0,0
1984,2,4,1817,1,-3.25138,7.12022,4.10191,0,0
1984,2,5,2150,1,-4.74684,9.19619,6.19596,0,0
1985,2,4,1817,1,-3.25138,7.12022,4.10191,0,0
1985,2,5,2150,1,-4.74684,9.19619,6.19596,0,0
1986,2,4,1817,1,-3.25138,7.12022,4.10191,0,0
1986,2,5,2150,1,-4.74684,9.19619,6.19596,0,0
1987,2,4,1817,1,-3.25138,7.12022,4.10191,0,0
1987,2,5,2150,1,-4.74684,9.19619,6.19596,0,0
1988,2,4,1817,1,-3.25138,7.12022,4.10191,0,0
1988,2,5,2150,1,-4.74684,9.19619,6.19596,0,0
1989,2,4,1817,1,-3.25138,7.12022,4.10191,0,0
1989,2,5,2150,1,-4.74684,9.19619,6.19596,0,0
1990,2,4,1817,1,-3.25138,7.12022,4.10191,0,0
1990,2,5,2150,1,-4.74684,9.19619,6.19596,0,0
1991,2,4,1817,1,-3.25138,7.12022,4.10191,0,0
1991,2,5,2150,1,-4.74684,9.19619,6.19596,0,0
1992,2,4,1817,1,-3.25138,7.12022,4.10191,0,0
1992,2,5,2150,1,-4.74684,9.19619,6.19596,0,0
1993,2,4,1817,1,-3.25138,7.12022,4.10191,0,0
1993,2,5,2150,1,-4.74684,9.19619,6.19596,0,0
1994,2,4,1817,1,-3.25138,7.12022,4.10191,0,0
1994,2,5,2150,1,-4.74684,9.19619,6.19596,0,0
1995,2,4,1817,1,-3.25138,7.12022,4.10191,0,0
1995,2,5,2150,1,-4.74684,9.19619,6.19596,0,0
1996,2,4,1817,1,-3.25138,7.12022,4.10191,0,0
1996,2,5,2150,1,-4.74684,9.19619,6.19596,0,0
1997,2,4,1817,1,-3.25138,7.12022,4.10191,0,0
1997,2,5,2150,1,-4.74684,9.19619,6.19596,0,0
1998,2,4,1817,1,-3.25138,7.12022,4.10191,0,0
1998,2,5,2150,1,-4.74684,9.19619,6.19596,0,0
1999,2,4,1817,1,-3.25138,7.12022,4.10191,0,0
1999,2,5,2150,1,-4.74684,9.19619,6.19596,0,0
2000,2,4,1817,1,-3.25138,7.12022,4.10191,0,0
2000,2,5,2150,1,-4.74684,9.19619,6.19596,0,0
2001,2,4,1817,1,-3.25138,7.12022,4.10191,0,0
2001,2,5,2150,1,-4.74684,9.19619,6.19596,0,0
2002,2,4,1817,1,-3.25138,7.12022,4.10191,0,0
2002,2,5,2150,1,-4.74684,9.19619,6.19596,0,0
2003,2,4,1817,1,-3.25138,7.12022,4.10191,0,0
2003,2,5,2150,1,-4.74684,9.19619,6.19596,0,0
2004,2,4,1817,1,-3.25138,7.12022,4.10191,0,0
2004,2,5,2150,1,-4.74684,9.19619,6.19596,0,0
2005,2,4,1817,1,-3.25138,7.12022,4.10191,0,0
2005,2,5,2150,1,-4.74684,9.19619,6.19596,0,0
2006,2,4,1817,1,-3.25138,7.12022,4.10191,0,0
2006,2,5,2150,1,-4.74684,9.19619,6.19596,0,0
2007,2,4,1817,1,-3.25138,7.12022,4.10191,0,0
2007,2,5,2150,1,-4.74684,9.19619,6.19596,0,0
2008,2,4,1817,1,-3.25138,7.12022,4.10191,0,0
2008,2,5,2150,1,-4.74684,9.19619,6.19596,0,0
2009,2,4,1817,1,-3.25138,7.12022,4.10191,0,0
2009,2,5,2150,1,-4.74684,9.19619,6.19596,0,0
2010,2,4,1817,1,-3.25138,7.12022,4.10191,0,0
2010,2,5,2150,1,-4.74684,9.19619,6.19596,0,0
2011,2,4,1817,1,-3.25138,7.12022,4.10191,0,0
2011,2,5,2150,1,-4.74684,9.19619,6.19596,0,0
2012,2,4,1817,1,-3.25138,7.12022,4.10191,0,0
2012,2,5,2150,1,-4.74684,9.19619,6.19596,0,0
2013,2,4,1817,1,-3.25138,7.12022,4.10191,0,0
2013,2,5,2150,1,-4.74684,9.19619,6.19596,0,0
2014,2,4,1817,1,-3.25138,7.12022,4.10191,0,0
2014,2,5,2150,1,-4.74684,9.19619,6.19596,0,0
2015,2,4,1817,1,-3.25138,7.12022,4.10191,0,0
2015,2,5,2150,1,-4.74684,9.19619,6.19596,0,0
2016,2,4,1817,1,-3.25138,7.12022,4.10191,0,0
2016,2,5,2150,1,-4.74684,9.19619,6.19596,0,0
2017,2,4,1817,1,-3.25138,7.12022,4.10191,0,0
2017,2,5,2150,1,-4.74684,9.19619,6.19596,0,0
2018,2,4,1817,1,-3.25138,7.12022,4.10191,0,0
2018,2,5,2150,1,-4.74684,9.19619,6.19596,0,0
2019,2,4,1817,1,-3.25138,7.12022,4.10191,0,0
2019,2,5,2150,1,-4.74684,9.19619,6.19596,0,0
2020,2,4,1817,1,-3.25138,7.12022,4.10191,0,0
2020,2,5,2150,1,-4.74684,9.19619,6.19596,0,0
2021,2,4,1817,1,-3.25138,7.12022,4.10191,0,0
2021,2,5,2150,1,-4.74684,9.19619,6.19596,0,0
2022,2,4,1817,1,-3.25138,7.12022,4.10191,0,0
2022,2,5,2150,1,-4.74684,9.19619,6.19596,0,0
2023,2,4,1817,1,-3.25138,7.12022,4.10191,0,0
2023,2,5,2150,1,-4.74684,9.19619,6.19596,0,0
2024,2,4,1817,1,-3.25138,7.12022,4.10191,0,0
2024,2,5,2150,1,-4.74684,9.19619,6.19596,0,0
2025,2,4,1817,1,-3.25138,7.12022,4.10191,0,0
2025,2,5,2150,1,-4.74684,9.19619,6.19596,0,0
2026,2,4,1817,1,-3.25138,7.12022,4.10191,0,0
2026,2,5,2150,1,-4.74684,9.19619,6.19596,0,0
2027,2,4,1817,1,-3.25138,7.12022,4.10191,0,0
2027,2,5,2150,1,-4.74684,9.19619,6.19596,0,0
2028,2,4,1817,1,-3.25138,7.12022,4.10191,0,0
2028,2,5,2150,1,-4.74684,9.19619,6.19596,0,0
2029,2,4,1817,1,-3.25138,7.12022,4.10191,0,0
2029,2,5,2150,1,-4.74684,9.19619,6.19596,0,0
2030,2,4,1817,1,-3.25138,7.12022,4.10191,0,0
2030,2,5,2150,1,-4.74684,9.19619,6.19596,0,0
2031,2,4,1817,1,-3.25138,7.12022,4.10191,0,0
2031,2,5,2150,1,-4.74684,9.19619,6.19596,0,0
2032,2,4,1817,1,-3.25138,7.12022,4.10191,0,0
2032,2,5,2150,1,-4.74684,9.19619,6.19596,0,0
2033,2,4,1817,1,-3.25138,7.12022,4.10191,0,0
2033,2,5,2150,1,-4.74684,9.19619,6.19596,0,0
2034,2,4,1817,1,-3.25138,7.12022,4.10191,0,0
2034,2,5,2150,1,-4.74684,9.19619,6.19596,0,0
2035,2,4,1817,1,-3.25138,7.12022,4.10191,0,0
2035,2,5,2150,1,-4.74684,9.19619,6.19596,0,0
2036,2,4,1817,1,-3.25138,7.12022,4.10191,0,0
2036,2,5,2150,1,-4.74684,9.19619,6.19596,0,0
2037,2,4,1817,1,-3.25138,7.12022,4.10191,0,0
2037,2,5,2150,1,-4.74684,9.19619,6.19596,0,0
2038,2,4,1817,1,-3.25138,7.12022,4.10191,0,0
2038,2,5,2150,1,-4.74684,9.19619,6.19596,0,0
2039,2,4,1817,1,-3.25138,7.12022,4.10191,0,0
2039,2,5,2150,1,-4.74684,9.19619,6.19596,0,0
2040,2,4,1817,1,-3.25138,7.12022,4.10191,0,0
2040,2,5,2150,1,-4.74684,9.19619,6.19596,0,0
2041,2,4,1817,1,-3.25138,7.12022,4.10191,0,0
2041,2,5,2150,1,-4.74684,9.19619,6.19596,0,0
2042,2,4,1817,1,-3.25138,7.12022,4.10191,0,0
2042,2,5,2150,1,-4.74684,9.19619,6.19596,0,0
2043,2,4,1817,1,-3.25138,7.12022,4.10191,0,0
2043,2,5,2150,1,-4.74684,9.19619,6.19596,0,0
2044,2,4,1817,1,-3.25138,7.12022,4.10191,0,0
2044,2,5,2150,1,-4.74684,9.19619,6.19596,0,0
2045,2,4,1817,1,-3.25138,7.12022,4.10191,0,0
2045,2,5,2150,1,-4.74684,9.19619,6.19596,0,0
2046,2,4,1817,1,-3.25138,7.12022,4.10191,0,0
2046,2,5,2150,1,-4.74684,9.19619,6.19596,0,0
2047,2,4,1817,1,-3.25138,7.12022,4.10191,0,0
2047,2,5,2150,1,-4.74684,9.19619,6.19596,0,0
2048,2,4,1817,1,-3.25138,7.12022,4.10191,0,0
2048,2,5,2150,1,-4.74684,9.19619,6.19596,0,0
2049,2,4,1817,1,-3.25138,7.12022,4.10191,0,0
2049,2,5,2150,1,-4.74684,9.19619,6.19596,0,0
2050,2,4,1817,1,-3.25138,7.12022,4.10191,0,0
2050,2,5,2150,1,-4.74684,9.19619,6.19596,0,0
2051,2,4,1817,1,-3.25138,7.12022,4.10191,0,0
2051,2,5,2150,1,-4.74684,9.19619,6.19596,0,0
2052,2,4,1817,1,-3.25138,7.12022,4.10191,0,0
2052,2,5,2150,1,-4.74684,9.19619,6.19596,0,0
2053,2,4,1817,1,-3.25138,7.12022,4.10191,0,0
2053,2,5,2150,1,-4.74684,9.19619,6.19596,0,0
2054,2,4,1817,1,-3.25138,7.12022,4.10191,0,0
2054,2,5,2150,1,-4.74684,9.19619,6.19596,0,0
2055,2,4,1817,1,-3.25138,7.12022,4.10191,0,0
2055,2,5,2150,1,-4.74684,9.19619,6.19596,0,0
2056,2,4,1817,1,-3.25138,7.12022,4.10191,0,0
2056,2,5,2150,1,-4.74684,9.19619,6.19596,0,0
2057,2,4,1817,1,-3.25138,7.12022,4.10191,0,0
2057,2,5,2150,1,-4.74684,9.19619,6.19596,0,0
2058,2,4,1817,1,-3.25138,7.12022,4.10191,0,0
2058,2,5,2150,1,-4.74684,9.19619,6.19596,0,0
2059,2,4,1817,1,-3.25138,7.12022,4.10191,0,0
2059,2,5,2150,1,-4.74684,9.19619,6.19596,0,0
2060,2,4,1817,1,-3.25138,7.12022,4.10191,0,0
2060,2,5,2150,1,-4.74684,9.19619,6.19596,0,0
2061,2,4,1817,1,-3.25138,7.12022,4.10191,0,0
2061,2,5,2150,1,-4.74684,9.19619,6.19596,0,0
2062,2,4,1817,1,-3.25138,7.12022,4.10191,0,0
2062,2,5,2150,1,-4.74684,9.19619,6.19596,0,0
2063,2,4,1817,1,-3.25138,7.12022,4.10191,0,0
2063,2,5,2150,1,-4.74684,9.19619,6.19596,0,0
2064,2,4,1817,1,-3.25138,7.12022,4.10191,0,0
2064,2,5,2150,1,-4.74684,9.19619,6.19596,0,0
2065,2,4,1817,1,-3.25138,7.12022,4.10191,0,0
2065,2,5,2150,1,-4.74684,9.19619,6.19596,0,0
2066,2,4,1817,1,-3.25138,7.12022,4.10191,0,0
2066,2,5,2150,1,-4.74684,9.19619,6.19596,0,0
2067,2,4,1817,1,-3.25138,7.12022,4.10191,0,0
2067,2,5,2150,1,-4.74684,9.19619,6.19596,0,0
2068,2,4,1817,1,-3.25138,7.12022,4.10191,0,0
2068,2,5,2150,1,-4.74684,9.19619,6.19596,0,0
2069,2,4,1817,1,-3.25138,7.12022,4.10191,0,0
2069,2,5,2150,1,-4.74684,9.19619,6.19596,0,0
2070,2,4,1817,1,-3.25138,7.12022,4.10191,0,0
2070,2,5,2150,1,-4.74684,9.19619,6.19596,0,0
2071,2,4,1817,1,-3.25138,7.12022,4.10191,0,0
2071,2,5,2150,1,-4.74684,9.19619,6.19596,0,0
2072,2,4,1817,1,-3.25138,7.12022,4.10191,0,0
2072,2,5,2150,1,-4.74684,9.19619,6.19596,0,0
2073,2,4,1817,1,-3.25138,7.12022,4.10191,0,0
2073,2,5,2150,1,-4.74684,9.19619,6.19596,0,0
2074,2,4,1817,1,-3.25138,7.12022,4.10191,0,0
2074,2,5,2150,1,-4.74684,9.19619,6.19596,0,0
2075,2,4,1817,1,-3.25138,7.12022,4.10191,0,0
2075,2,5,2150,1,-4.74684,9.19619,6.19596,0,0
2076,2,4,1817,1,-3.25138,7.12022,4.10191,0,0
2076,2,5,2150,1,-4.74684,9.19619,6.19596,0,0
2077,2,4,1817,1,-3.25138,7.12022,4.10191,0,0
2077,2,5,2150,1,-4.74684,9.19619,6.19596,0,0
2078,2,4,1817,1,-3.25138,7.12022,4.10191,0,0
2078,2,5,2150,1,-4.74684,9.19619,6.19596,0,0
2079,2,4,1817,1,-3.25138,7.12022,4.10191,0,0
2079,2,5,2150,1,-4.74684,9.19619,6.19596,0,0
2080,2,4,1817,1,-3.25138,7.12022,4.10191,0,0
2080,2,5,2150,1,-4.74684,9.19619,6.19596,0,0
2081,2,4,1817,1,-3.25138,7.12022,4.10191,0,0
2081,2,5,2150,1,-4.74684,9.19619,6.19596,0,0
2082,2,4,1817,1,-3.25138,7.12022,4.10191,0,0
2082,2,5,2150,1,-4.74684,9.19619,6.19596,0,0
2083,2,4,1817,1,-3.25138,7.12022,4.10191,0,0
2083,2,5,2150,1,-4.74684,9.19619,6.19596,0,0
2084,2,4,1817,1,-3.25138,7.12022,4.10191,0,0
2084,2,5,2150,1,-4.74684,9.19619,6.19596,0,0
2085,2,4,1817,1,-3.25138,7.12022,4.10191,0,0
2085,2,5,2150,1,-4.74684,9.19619,6.19596,0,0
2086,2,4,1817,1,-3.25138,7.12022,4.10191,0,0
2086,2,5,2150,1,-4.74684,9.19619,6.19596,0,0
2087,2,4,1817,1,-3.25138,7.12022,4.10191,0,0
2087,2,5,2150,1,-4.74684,9.19619,6.19596,0,0
2088,2,4,1817,1,-3.25138,7.12022,4.10191,0,0
2088,2,5,2150,1,-4.74684,9.19619,6.19596,0,0
2089,2,4,1817,1,-3.25138,7.12022,4.10191,0,0
2089,2,5,2150,1,-4.74684,9.19619,6.19596,0,0
2090,2,4,1817,1,-3.25138,7.12022,4.10191,0,0
2090,2,5,2150,1,-4.74684,9.19619,6.19596,0,0
2091,2,4,1817,1,-3.25138,7.12022,4.10191,0,0
2091,2,5,2150,1,-4.74684,9.19619,6.19596,0,0
2092,2,4,1817,1,-3.25138,7.12022,4.10191,0,0
2092,2,5,2150,1,-4.74684,9.19619,6.19596,0,0
2093,2,4,1817,1,-3.25138,7.12022,4.10191,0,0
2093,2,5,2150,1,-4.74684,9.19619,6.19596,0,0
2094,2,4,1817,1,-3.25138,7.12022,4.10191,0,0
2094,2,5,2150,1,-4.74684,9.19619,6.19596,0,0
2095,2,4,1817,1,-3.25138,7.12022,4.10191,0,0
2095,2,5,2150,1,-4.74684,9.19619,6.19596,0,0
2096,2,4,1817,1,-3.25138,7.12022,4.10191,0,0
2096,2,5,2150,1,-4.74684,9.19619,6.19596,0,0
2097,2,4,1817,1,-3.25138,7.12022,4.10191,0,0
2097,2,5,2150,1,-4.74684,9.19619,6.19596,0,0
2098,2,4,1817,1,-3.25138,7.12022,4.10191,0,0
2098,2,5,2150,1,-4.74684,9.19619,6.19596,0,0
2099,2,4,1817,1,-3.25138,7.12022,4.10191,0,0
2099,2,5,2150,1,-4.74684,9.19619,6.19596,0,0
2100,2,4,1817,1,-3.25138,7.12022,4.10191,0,0
2100,2,5,2150,1,-4.74684,9.19619,6.19596,0,0
2101,2,4,1817,1,-3.25138,7.12022,4.10191,0,0
2101,2,5,2150,1,-4.74684,9.19619,6.19596,0,0
2102,2,4,1817,1,-3.25138,7.12022,4.10191,0,0
2102,2,5,2150,1,-4.74684,9.19619,6.19596,0,0
2103,2,4,1817,1,-3.25138,7.12022,4.10191,0,0
2103,2,5,2150,1,-4.74684,9.19619,6.19596,0,0
2104,2,4,1817,1,-3.25138,7.12022,4.10191,0,0
2104,2,5,2150,1,-4.74684,9.19619,6.19596,0,0
2105,2,4,1817,1,-3.25138,7.12022,4.10191,0,0
2105,2,5,2150,1,-4.74684,9.19619,6.19596,0,0
2106,2,4,1817,1,-3.25138,7.12022,4.10191,0,0
2106,2,5,2150,1,-4.74684,9.19619,6.19596,0,0
2107,2,4,1817,1,-3.25138,7.12022,4.10191,0,0
2107,2,5,2150,1,-4.74684,9.19619,6.19596,0,0
2108,2,4,1817,1,-3.25138,7.12022,4.10191,0,0
2108,2,5,2150,1,-4.74684,9.19619,6.19596,0,0
2109,2,4,1817,1,-3.25138,7.12022,4.10191,0,0
2109,2,5,2150,1,-4.74684,9.19619,6.19596,0,0
2110,2,4,1817,1,-3.25138,7.12022,4.10191,0,0
2110,2,5,2150,1,-4.74684,9.19619,6.19596,0,0
2111,2,4,1817,1,-3.25138,7.12022,4.10191,0,0
2111,2,5,2150,1,-4.74684,9.19619,6.19596,0,0
2112,2,4,1817,1,-3.25138,7.12022,4.10191,0,0
2112,2,5,2150,1,-4.74684,9.19619,6.19596,0,0
2113,2,4,1817,1,-3.25138,7.12022,4.10191,0,0
2113,2,5,2150,1,-4.74684,9.19619,6.19596,0,0
2114,2,4,1817,1,-3.25138,7.12022,4.10191,0,0
2114,2,5,2150,1,-4.74684,9.19619,6.19596,0,0
2115,2,4,1817,1,-3.25138,7.12022,4.10191,0,0
2115,2,5,2150,1,-4.74684,9.19619,6.19596,0,0
2116,2,4,1817,1,-3.25138,7.12022,4.10191,0,0
2116,2,5,2150,1,-4.74684,9.19619,6.19596,0,0
2117,2,4,1817,1,-3.25138,7.12022,4.10191,0,0
2117,2,5,2150,1,-4.74684,9.19619,6.19596,0,0
2118,2,4,1817,1,-3.25138,7.12022,4.10191,0,0
2118,2,5,2150,1,-4.74684,9.19619,6.19596,0,0
2119,2,4,1817,1,-3.25138,7.12022,4.10191,0,0
2119,2,5,2150,1,-4.74684,9.19619,6.19596,0,0
2120,2,4,1817,1,-3.25138,7.12022,4.10191,0,0
2120,2,5,2150,1,-4.74684,9.19619,6.19596,0,0
2121,2,4,1817,1,-3.25138,7.12022,4.10191,0,0
2121,2,5,2150,1,-4.74684,9.19619,6.19596,0,0
2122,2,4,1817,1,-3.25138,7.12022,4.10191,0,0
2122,2,5,2150,1,-4.74684,9.19619,6.19596,0,0
2123,2,4,1817,1,-3.25138,7.12022,4.10191,0,0
2123,2,5,2150,1,-4.74684,9.19619,6.19596,0,0
2124,2,4,1817,1,-3.25138,7.12022,4.10191,0,0
2124,2,5,2150,1,-4.74684,9.19619,6.19596,0,0
2125,2,4,1817,1,-3.25138,7.12022,4.10191,0,0
2125,2,5,2150,1,-4.74684,9.19619,6.19596,0,0
2126,2,4,1817,1,-3.25138,7.12022,4.10191,0,0
2126,2,5,2150,1,-4.74684,9.19619,6.19596,0,0
2127,2,4,1817,1,-3.25138,7.12022,4.10191,0,0
2127,2,5,2150,1,-4.74684,9.19619,6.19596,0,0
2128,2,4,1817,1,-3.25138,7.12022,4.10191,0,0
2128,2,5,2150,1,-4.74684,9.19619,6.19596,0,0
2129,2,4,1817,1,-3.25138,7.12022,4.10191,0,0
2129,2,5,2150,1,-4.74684,9.19619,6.19596,0,0
2130,2,4,1817,1,-3.25138,7.12022,4.10191,0,0
2130,2,5,2150,1,-4.74684,9.19619,6.19596,0,0
2131,2,4,1817,1,-3.25138,7.12022,4.10191,0,0
2131,2,5,2150,1,-4.74684,9.19619,6.19596,0,0
2132,2,4,1817,1,-3.25138,7.12022,4.10191,0,0
2132,2,5,2150,1,-4.74684,9.19619,6.19596,0,0
2133,2,4,1817,1,-3.25138,7.12022,4.10191,0,0
2133,2,5,2150,1,-4.74684,9.19619,6.19596,0,0
2134,2,4,1817,1,-3.25138,7.12022,4.10191,0,0
2134,2,5,2150,1,-4.74684,9.19619,6.19596,0,0
2135,2,4,1817,1,-3.25138,7.12022,4.10191,0,0
2135,2,5,2150,1,-4.74684,9.19619,6.19596,0,0
2136,2,4,1817,1,-3.25138,7.12022,4.10191,0,0
2136,2,5,2150,1,-4.74684,9.19619,6.19596,0,0
2137,2,4,1817,1,-3.25138,7.12022,4.10191,0,0
2137,2,5,2150,1,-4.74684,9.19619,6.19596,0,0
2138,2,4,1817,1,-3.25138,7.12022,4.10191,0,0
2138,2,5,2150,1,-4.74684,9.19619,6.19596,0,0
2139,2,4,1817,1,-3.25138,7.12022,4.10191,0,0
2139,2,5,2150,1,-4.74684,9.19619,6.19596,0,0
2140,2,4,1817,1,-3.25138,7.12022,4.10191,0,0
2140,2,5,2150,1,-4.74684,9.19619,6.19596,0,0
2141,2,4,1817,1,-3.25138,7.12022,4.10191,0,0
2141,2,5,2150,1,-4.74684,9.19619,6.19596,0,0
2142,2,4,1817,1,-3.25138,7.12022,4.10191,0,0
2142,2,5,2150,1,-4.74684,9.19619,6.19596,0,0
2143,2,4,1817,1,-3.25138,7.12022,4.10191,0,0
2143,2,5,2150,1,-4.74684,9.19619,6.19596,0,0
2144,2,4,1817,1,-3.25138,7.12022,4.10191,0,0
2144,2,5,2150,1,-4.74684,9.19619,6.19596,0,0
2145,2,4,1817,1,-3.25138,7.12022,4.10191,0,0
2145,2,5,2150,1,-4.74684,9.19619,6.19596,0,0
2146,2,4,1817,1,-3.25138,7.12022,4.10191,0,0
2146,2,5,2150,1,-4.74684,9.19619,6.19596,0,0
2147,2,4,1817,1,-3.25138,7.12022,4.10191,0,0
2147,2,5,2150,1,-4.74684,9.19619,6.19596,0,0
2148,2,4,1817,1,-3.25138,7.12022,4.10191,0,0
2148,2,5,2150,1,-4.74684,9.19619,6.19596,0,0
2149,2,4,1817,1,-3.25138,7.12022,4.10191,0,0
2149,2,5,2150,1,-4.74684,9.19619,6.19596,0,0
2150,2,4,1817,1,-3.25138,7.12022,4.10191,0,0
2150,2,5,2150,1,-4.74684,9.19619,6.19596,0,0
2151,2,4,1817,1,-3.25138,7.12022,4.10191,0,0
2151,2,5,2150,1,-4.74684,9.19619,6.19596,0,0
2152,2,4,1817,1,-3.25138,7.12022,4.10191,0,0
2152,2,5,2150,1,-4.74684,9.19619,6.19596,0,0
2153,2,4,1817,1,-3.25138,7.12022,4.10191,0,0
2153,2,5,2150,1,-4.74684,9.19619,6.19596,0,0
2154,2,4,1817,1,-3.25138,7.12022,4.10191,0,0
2154,2,5,2150,1,-4.74684,9.19619,6.19596,0,0
2155,2,4,1817,1,-3.25138,7.12022,4.10191,0,0
2155,2,5,2150,1,-4.74684,9.19619,6.19596,0,0
2156,2,4,1817,1,-3.25138,7.12022,4.10191,0,0
2156,2,5,2150,1,-4.74684,9.19619,6.19596,0,0
2157,2,4,1817,1,-3.25138,7.12022,4.10191,0,0
2157,2,5,2150,1,-4.74684,9.19619,6.19596,0,0
2158,2,4,1817,1,-3.25138,7.12022,4.10191,0,0
2158,2,5,2150,1,-4.74684,9.19619,6.19596,0,0
2159,2,4,1817,1,-3.25138,7.12022,4.10191,0,0
2159,2,5,2150,1,-4.74684,9.19619,6.19596,0,0
2160,2,4,1817,1,-3.25138,7.12022,4.10191,0,0
2160,2,5,2150,1,-4.74684,9.19619,6.19596,0,0
2161,2,4,1817,1,-3.25138,7.12022,4.10191,0,0
2161,2,5,2150,1,-4.74684,9.19619,6.19596,0,0
2162,2,4,1817,1,-3.25138,7.12022,4.10191,0,0
2162,2,5,2150,1,-4.74684,9.19619,6.19596,0,0
2163,2,4,1817,1,-3.25138,7.12022,4.10191,0,0
2163,2,5,2150,1,-4.74684,9.19619,6.19596,0,0
2164,2,4,1817,1,-3.25138,7.12022,4.10191,0,0
2164,2,5,2150,1,-4.74684,9.19619,6.19596,0,0
2165,2,4,1817,1,-3.25138,7.12022,4.10191,0,0
2165,2,5,2150,1,-4.74684,9.19619,6.19596,0,0
2166,2,4,1817,1,-3.25138,7.12022,4.10191,0,0
2166,2,5,2150,1,-4.74684,9.19619,6.19596,0,0
2167,2,4,1817,1,-3.25138,7.12022,4.10191,0,0
2167,2,5,2150,1,-4.74684,9.19619,6.19596,0,0
2168,2,4,1817,1,-3.25138,7.12022,4.10191,0,0
2168,2,5,2150,1,-4.74684,9.19619,6.19596,0,0
2169,2,4,1817,1,-3.25138,7.12022,4.10191,0,0
2169,2,5,2150,1,-4.74684,9.19619,6.19596,0,0
2170,2,4,1817,1,-3.25138,7.12022,4.10191,0,0
2170,2,5,2150,1,-4.74684,9.19619,6.19596,0,0
2171,2,4,1817,1,-3.25138,7.12022,4.10191,0,0
2171,2,5,2150,1,-4.74684,9.19619,6.19596,0,0
2172,2,4,1817,1,-3.25138,7.12022,4.10191,0,0
2172,2,5,2150,1,-4.74684,9.19619,6.19596,0,0
2173,2,4,1817,1,-3.25138,7.12022,4.10191,0,0
2173,2,5,2150,1,-4.74684,9.19619,6.19596,0,0
2174,2,4,1817,1,-3.25138,7.12022,4.10191,0,0
2174,2,5,2150,1,-4.74684,9.19619,6.19596,0,0
2175,2,4,1817,1,-3.25138,7.12022,4.10191,0,0
2175,2,5,2150,1,-4.74684,9.19619,6.19596,0,0
2176,2,4,1817,1,-3.25138,7.12022,4.10191,0,0
2176,2,5,2150,1,-4.74684,9.19619,6.19596,0,0
2177,2,4,1817,1,-3.25138,7.12022,4.10191,0,0
2177,2,5,2150,1,-4.74684,9.19619,6.19596,0,0
2178,2,4,1817,1,-3.25138,7.12022,4.10191,0,0
2178,2,5,2150,1,-4.74684,9.19619,6.19596,0,0
2179,2,4,1817,1,-3.25138,7.12022,4.10191,0,0
2179,2,5,2150,1,-4.74684,9.19619,6.19596,0,0
2180,2,4,1817,1,-3.25138,7.12022,4.10191,0,0
2180,2,5,2150,1,-4.74684,9.19619,6.19596,0,0
2181,2,4,1817,1,-3.25138,7.12022,4.10191,0,0
2181,2,5,2150,1,-4.74684,9.19619,6.19596,0,0
2182,2,4,1817,1,-3.25138,7.12022,4.10191,0,0
2182,2,5,2150,1,-4.74684,9.19619,6.19596,0,0
2183,2,4,1817,1,-3.25138,7.12022,4.10191,0,0
2183,2,5,2150,1,-4.74684,9.19619,6.19596,0,0
2184,2,4,1817,1,-3.25138,7.12022,4.10191,0,0
2184,2,5,2150,1,-4.74684,9.19619,6.19596,0,0
2185,2,4,1817,1,-3.25138,7.12022,4.10191,0,0
2185,2,5,2150,1,-4.74684,9.19619,6.19596,0,0
2186,2,4,1817,1,-3.25138,7.12022,4.10191,0,0
2186,2,5,2150,1,-4.74684,9.19619,6.19596,0,0
2187,2,4,1817,1,-3.25138,7.12022,4.10191,0,0
2187,2,5,2150,1,-4.74684,9.19619,6.19596,0,0
2188,2,4,1817,1,-3.25138,7.12022,4.10191,0,0
2188,2,5,2150,1,-4.74684,9.19619,6.19596,0,0
2189,2,4,1817,1,-3.25138,7.12022,4.10191,0,0
2189,2,5,2150,1,-4.74684,9.19619,6.19596,0,0
2190,2,4,1817,1,-3.25138,7.12022,4.10191,0,0
2190,2,5,2150,1,-4.74684,9.19619,6.19596,0,0
2191,2,4,1817,1,-3.25138,7.12022,4.10191,0,0
2191,2,5,2150,1,-4.74684,9.19619,6.19596,0,0
2192,2,4,1817,1,-3.25138,7.12022,4.10191,0,0
2192,2,5,2150,1,-4.74684,9.19619,6.19596,0,0
2193,2,4,1817,1,-3.25138,7.12022,4.10191,0,0
2193,2,5,2150,1,-4.74684,9.19619,6.19596,0,0
2194,2,4,1817,1,-3.25138,7.12022,4.10191,0,0
2194,2,5,2150,1,-4.74684,9.19619,6.19596,0,0
2195,2,4,1817,1,-3.25138,7.12022,4.10191,0,0
2195,2,5,2150,1,-4.74684,9.19619,6.19596,0,0
2196,2,4,1817,1,-3.25138,7.12022,4.10191,0,0
2196,2,5,2150,1,-4.74684,9.19619,6.19596,0,0
2197,2,4,1817,1,-3.25138,7.12022,4.10191,0,0
2197,2,5,2150,1,-4.74684,9.19619,6.19596,0,0
2198,2,4,1817,1,-3.25138,7.12022,4.10191,0,0
2198,2,5,2150,1,-4.74684,9.19619,6.19596,0,0
2199,2,4,1817,1,-3.25138,7.12022,4.10191,0,0
2199,2,5,2150,1,-4.74684,9.19619,6.19596,0,0
2200,2,4,1817,1,-3.25138,7.12022,4.10191,0,0
2200,2,5,2150,1,-4.74684,9.19619,6.19596,0,0
2201,2,4,1817,1,-3.25138,7.12022,4.10191,0,0
2201,2,5,2150,1,-4.74684,9.19619,6.19596,0,0
2202,2,4,1817,1,-3.25138,7.12022,4.10191,0,0
2202,2,5,2150,1,-4.74684,9.19619,6.19596,0,0
2203,2,4,1817,1,-3.25138,7.12022,4.10191,0,0
2203,2,5,2150,1,-4.74684,9.19619,6.19596,0,0
2204,2,4,1817,1,-3.25138,7.12022,4.10191,0,0
2204,2,5,2150,1,-4.74684,9.19619,6.19596,0,0
2205,2,4,1817,1,-3.25138,7.12022,4.10191,0,0
2205,2,5,2150,1,-4.74684,9.19619,6.19596,0,0
2206,2,4,1817,1,-3.25138,7.12022,4.10191,0,0
2206,2,5,2150,1,-4.74684,9.19619,6.19596,0,0
2207,2,4,1817,1,-3.25138,7.12022,4.10191,0,0
2207,2,5,2150,1,-4.74684,9.19619,6.19596,0,0
2208,2,4,1817,1,-3.25138,7.12022,4.10191,0,0
2208,2,5,2150,1,-4.74684,9.19619,6.19596,0,0
2209,2,4,1817,1,-3.25138,7.12022,4.10191,0,0
2209,2,5,2150,1,-4.74684,9.19619,6.19596,0,0
2210,2,4,1817,1,-3.25138,7.12022,4.10191,0,0
2210,2,5,2150,1,-4.74684,9.19619,6.19596,0,0
2211,2,4,1817,1,-3.25138,7.12022,4.10191,0,0
2211,2,5,2150,1,-4.74684,9.19619,6.19596,0,0
2212,2,4,1817,1,-3.25138,7.12022,4.10191,0,0
2212,2,5,2150,1,-4.74684,9.19619,6.19596,0,0
2213,2,4,1817,1,-3.25138,7.12022,4.10191,0,0
2213,2,5,2150,1,-4.74684,9.19619,6.19596,0,0
2214,2,4,1817,1,-3.25138,7.12022,4.10191,0,0
2214,2,5,2150,1,-4.74684,9.19619,6.19596,0,0
2215,2,4,1817,1,-3.25138,7.12022,4.10191,0,0
2215,2,5,2150,1,-4.74684,9.19619,6.19596,0,0
2216,2,4,1817,1,-3.25138,7.12022,4.10191,0,0
2216,2,5,2150,1,-4.74684,9.19619,6.19596,0,0
2217,2,4,1817,1,-3.25138,7.12022,4.10191,0,0
2217,2,5,2150,1,-4.74684,9.19619,6.19596,0,0
2218,2,4,1817,1,-3.25138,7.12022,4.10191,0,0
2218,2,5,2150,1,-4.74684,9.19619,6.19596,0,0
2219,2,4,1817,1,-3.25138,7.12022,4.10191,0,0
2219,2,5,2150,1,-4.74684,9.19619,6.19596,0,0
2220,2,4,1817,1,-3.25138,7.12022,4.10191,0,0
2220,2,5,2150,1,-4.74684,9.19619,6.19596,0,0
2221,2,4,1817,1,-3.25138,7.12022,4.10191,0,0
2221,2,5,2150,1,-4.74684,9.19619,6.19596,0,0
2222,2,4,1817,1,-3.25138,7.12022,4.10191,0,0
2222,2,5,2150,1,-4.74684,9.19619,6.19596,0,0
2223,2,4,1817,1,-3.25138,7.12022,4.10191,0,0
2223,2,5,2150,1,-4.74684,9.19619,6.19596,0,0
2224,2,4,1817,1,-3.25138,7.12022,4.10191,0,0
2224,2,5,2150,1,-4.74684,9.19619,6.19596,0,0
2225,2,4,1817,1,-3.25138,7.12022,4.10191,0,0
2225,2,5,2150,1,-4.74684,9.19619,6.19596,0,0
2226,2,4,1817,1,-3.25138,7.12022,4.10191,0,0
2226,2,5,2150,1,-4.74684,9.19619,6.19596,0,0
2227,2,4,1817,1,-3.25138,7.12022,4.10191,0,0
2227,2,5,2150,1,-4.74684,9.19619,6.19596,0,0
2228,2,4,1817,1,-3.25138,7.12022,4.10191,0,0
2228,2,5,2150,1,-4.74684,9.19619,6.19596,0,0
2229,2,4,1817,1,-3.25138,7.12022,4.10191,0,0
2229,2,5,2150,1,-4.74684,9.19619,6.19596,0,0
2230,2,4,1817,1,-3.25138,7.12022,4.10191,0,0
2230,2,5,2150,1,-4.74684,9.19619,6.19596,0,0
2231,2,4,1817,1,-3.25138,7.12022,4.10191,0,0
2231,2,5,2150,1,-4.74684,9.19619,6.19596,0,0
2232,2,4,1817,1,-3.25138,7.12022,4.10191,0,0
2232,2,5,2150,1,-4.74684,9.19619,6.19596,0,0
2233,2,4,1817,1,-3.25138,7.12022,4.10191,0,0
2233,2,5,2150,1,-4.74684,9.19619,6.19596,0,0
2234,2,4,1817,1,-3.25138,7.12022,4.10191,0,0
2234,2,5,2150,1,-4.74684,9.19619,6.19596,0,0
2235,2,4,1817,1,-3.25138,7.12022,4.10191,0,0
2235,2,5,2150,1,-4.74684,9.19619,6.19596,0,0
2236,2,4,1817,1,-3.25138,7.12022,4.10191,0,0
2236,2,5,2150,1,-4.74684,9.19619,6.19596,0,0
2237,2,4,1817,1,-3.25138,7.12022,4.10191,0,0
2237,2,5,2150,1,-4.74684,9.19619,6.19596,0,0
2238,2,4,1817,1,-3.25138,7.12022,4.10191,0,0
2238,2,5,2150,1,-4.74684,9.19619,6.19596,0,0
2239,2,4,1817,1,-3.25138,7.12022,4.10191,0,0
2239,2,5,2150,1,-4.74684,9.19619,6.19596,0,0
2240,2,4,1817,1,-3.25138,7.12022,4.10191,0,0
2240,2,5,2150,1,-4.74684,9.19619,6.19596,0,0
2241,2,4,1817,1,-3.25138,7.12022,4.10191,0,0
2241,2,5,2150,1,-4.74684,9.19619,6.19596,0,0
2242,2,4,1817,1,-3.25138,7.12022,4.10191,0,0
2242,2,5,2150,1,-4.74684,9.19619,6.19596,0,0
2243,2,4,1817,1,-3.25138,7.12022,4.10191,0,0
2243,2,5,2150,1,-4.74684,9.19619,6.19596,0,0
2244,2,4,1817,1,-3.25138,7.12022,4.10191,0,0
2244,2,5,2150,1,-4.74684,9.19619,6.19596,0,0
2245,2,4,1817,1,-3.25138,7.12022,4.10191,0,0
2245,2,5,2150,1,-4.74684,9.19619,6.19596,0,0
2246,2,4,1817,1,-3.25138,7.12022,4.10191,0,0
2246,2,5,2150,1,-4.74684,9.19619,6.19596,0,0
2247,2,4,1817,1,-3.25138,7.12022,4.10191,0,0
2247,2,5,2150,1,-4.74684,9.19619,6.19596,0,0
2248,2,4,1817,1,-3.25138,7.12022,4.10191,0,0
2248,2,5,2150,1,-4.74684,9.19619,6.19596,0,0
2249,2,4,1817,1,-3.25138,7.12022,4.10191,0,0
2249,2,5,2150,1,-4.74684,9.19619,6.19596,0,0
2250,2,4,1817,1,-3.25138,7.12022,4.10191,0,0
2250,2,5,2150,1,-4.74684,9.19619,6.19596,0,0
2251,2,4,1817,1,-3.25138,7.12022,4.10191,0,0
2251,2,5,2150,1,-4.74684,9.19619,6.19596,0,0
2252,2,4,1817,1,-3.25138,7.12022,4.10191,0,0
2252,2,5,2150,1,-4.74684,9.19619,6.19596,0,0
2253,2,4,1817,1,-3.25138,7.12022,4.10191,0,0
2253,2,5,2150,1,-4.74684,9.19619,6.19596,0,0
2254,2,4,1817,1,-3.25138,7.12022,4.10191,0,0
2254,2,5,2150,1,-4.74684,9.19619,6.19596,0,0
2255,2,4,1817,1,-3.25138,7.12022,4.10191,0,0
2255,2,5,2150,1,-4.74684,9.19619,6.19596,0,0
2256,2,4,1817,1,-3.25138,7.12022,4.10191,0,0
2256,2,5,2150,1,-4.74684,9.19619,6.19596,0,0
2257,2,4,1817,1,-3.25138,7.12022,4.10191,0,0
2257,2,5,2150,1,-4.74684,9.19619,6.19596,0,0
2258,2,4,1817,1,-3.25138,7.12022,4.10191,0,0
2258,2,5,2150,1,-4.74684,9.19619,6.19596,0,0
2259,2,4,1817,1,-3.25138,7.12022,4.10191,0,0
2259,2,5,2150,1,-4.74684,9.19619,6.19596,0,0
2260,2,4,1817,1,-3.25138,7.12022,4.10191,0,0
2260,2,5,2150,1,-4.74684,9.19619,6.19596,0,0
2261,2,4,1817,1,-3.25138,7.12022,4.10191,0,0
2261,2,5,2150,1,-4.74684,9.19619,6.19596,0,0
2262,2,4,1817,1,-3.25138,7.12022,4.10191,0,0
2262,2,5,2150,1,-4.74684,9.19619,6.19596,0,0
2263,2,4,1817,1,-3.25138,7.12022,4.10191,0,0
2263,2,5,2150,1,-4.74684,9.19619,6.19596,0,0
2264,2,4,1817,1,-3.25138,7.12022,4.10191,0,0
2264,2,5,2150,1,-4.74684,9.19619,6.19596,0,0
2265,2,4,1817,1,-3.25138,7.12022,4.10191,0,0
2265,2,5,2150,1,-4.74684,9.19619,6.19596,0,0
2266,2,4,1817,1,-3.25138,7.12022,4.10191,0,0
2266,2,5,2150,1,-4.74684,9.19619,6.19596,0,0
2267,2,4,1817,1,-3.25138,7.12022,4.10191,0,0
2267,2,5,2150,1,-4.74684,9.19619,6.19596,0,0
2268,2,4,1817,1,-3.25138,7.12022,4.10191,0,0
2268,2,5,2150,1,-4.74684,9.19619,6.19596,0,0
2269,2,4,1817,1,-3.25138,7.12022,4.10191,0,0
2269,2,5,2150,1,-4.74684,9.19619,6.19596,0,0
2270,2,4,1817,1,-3.25138,7.12022,4.10191,0,0
2270,2,5,2150,1,-4.74684,9.19619,6.19596,0,0
2271,2,4,1817,1,-3.25138,7.12022,4.10191,0,0
2271,2,5,2150,1,-4.74684,9.19619,6.19596,0,0
2272,2,4,1817,1,-3.25138,7.12022,4.10191,0,0
2272,2,5,2150,1,-4.74684,9.19619,6.19596,0,0
2273,2,4,1817,1,-3.25138,7.12022,4.10191,0,0
2273,2,5,2150,1,-4.74684,9.19619,6.19596,0,0
2274,2,4,1817,1,-3.25138,7.12022,4.10191,0,0
2274,2,5,2150,1,-4.74684,9.19619,6.19596,0,0
2275,2,4,1817,1,-3.25138,7.12022,4.10191,0,0
2275,2,5,2150,1,-4.74684,9.19619,6.19596,0,0
2276,2,4,1817,1,-3.25138,7.12022,4.10191,0,0
2276,2,5,2150,1,-4.74684,9.19619,6.19596,0,0
2277,2,4,1817,1,-3.25138,7.12022,4.10191,0,0
2277,2,5,2150,1,-4.74684,9.19619,6.19596,0,0
2278,2,4,1817,1,-3.25138,7.12022,4.10191,0,0
2278,2,5,2150,1,-4.74684,9.19619,6.19596,0,0
2279,2,4,1817,1,-3.25138,7.12022,4.10191,0,0
2279,2,5,2150,1,-4.74684,9.19619,6.19596,0,0
2280,2,4,1817,1,-3.25138,7.12022,4.10191,0,0
2280,2,5,2150,1,-4.74684,9.19619,6.19596,0,0
2281,2,4,1817,1,-3.25138,7.12022,4.10191,0,0
2281,2,5,2150,1,-4.74684,9.19619,6.19596,0,0
2282,2,4,1817,1,-3.25138,7.12022,4.10191,0,0
2282,2,5,2150,1,-4.74684,9.19619,6.19596,0,0
2283,2,4,1817,1,-3.25138,7.12022,4.10191,0,0
2283,2,5,2150,1,-4.74684,9.19619,6.19596,0,0
2284,2,4,1817,1,-3.25138,7.12022,4.10191,0,0
2284,2,5,2150,1,-4.74684,9.19619,6.19596,0,0
2285,2,4,1817,1,-3.25138,7.12022,4.10191,0,0
2285,2,5,2150,1,-4.74684,9.19619,6.19596,0,0
2286,2,4,1817,1,-3.25138,7.12022,4.10191,0,0
2286,2,5,2150,1,-4.74684,9.19619,6.19596,0,0
2287,2,4,1817,1,-3.25138,7.12022,4.10191,0,0
2287,2,5,2150,1,-4.74684,9.19619,6.19596,0,0
2288,2,4,1817,1,-3.25138,7.12022,4.10191,0,0
2288,2,5,2150,1,-4.74684,9.19619,6.19596,0,0
2289,2,4,1817,1,-3.25138,7.12022,4.10191,0,0
2289,2,5,2150,1,-4.74684,9.19619,6.19596,0,0
2290,2,4,1817,1,-3.25138,7.12022,4.10191,0,0
2290,2,5,2150,1,-4.74684,9.19619,6.19596,0,0
2291,2,4,1817,1,-3.25138,7.12022,4.10191,0,0
2291,2,5,2150,1,-4.74684,9.19619,6.19596,0,0
2292,2,4,1817,1,-3.25138,7.12022,4.10191,0,0
2292,2,5,2150,1,-4.74684,9.19619,6.19596,0,0
2293,2,4,1817,1,-3.25138,7.12022,4.10191,0,0
2293,2,5,2150,1,-4.74684,9.19619,6.19596,0,0
2294,2,4,1817,1,-3.25138,7.12022,4.10191,0,0
2294,2,5,2150,1,-4.74684,9.19619,6.19596,0,0
2295,2,4,1817,1,-3.25138,7.12022,4.10191,0,0
2295,2,5,2150,1,-4.74684,9.19619,6.19596,0,0
2296,2,4,1817,1,-3.25138,7.12022,4.10191,0,0
2296,2,5,2150,1,-4.74684,9.19619,6.19596,0,0
2297,2,4,1817,1,-3.25138,7.12022,4.10191,0,0
2297,2,5,2150,1,-4.74684,9.19619,6.19596,0,0
2298,2,4,1817,1,-3.25138,7.12022,4.10191,0,0
2298,2,5,2150,1,-4.74684,9.19619,6.19596,0,0
2299,2,4,1817,1,-3.25138,7.12022,4.10191,0,0
2299,2,5,2150,1,-4.74684,9.19619,6.19596,0,0
2300,2,4,1817,1,-3.25138,7.12022,4.10191,0,0
2300,2,5,2150,1,-4.74684,9.19619,6.19596,0,0
2301,2,4,1817,1,-3.25138,7.12022,4.10191,0,0
2301,2,5,2150,1,-4.74684,9.19619,6.19596,0,0
2302,2,4,1817,1,-3.25138,7.12022,4.10191,0,0
2302,2,5,2150,1,-4.74684,9.19619,6.19596,0,0
2303,2,4,1817,1,-3.25138,7.12022,4.10191,0,0
2303,2,5,2150,1,-4.74684,9.19619,6.19596,0,0
2304,2,4,1817,1,-3.25138,7.12022,4.10191,0,0
2304,2,5,2150,1,-4.74684,9.19619,6.19596,0,0
2305,2,4,1817,1,-3.25138,7.12022,4.10191,0,0
2305,2,5,2150,1,-4.74684,9.19619,6.19596,0,0
2306,2,4,1817,1,-3.25138,7.12022,4.10191,0,0
2306,2,5,2150,1,-4.74684,9.19619,6.19596,0,0
2307,2,4,1817,1,-3.25138,7.12022,4.10191,0,0
2307,2,5,2150,1,-4.74684,9.19619,6.19596,0,0
2308,2,4,1817,1,-3.25138,7.12022,4.10191,0,0
2308,2,5,2150,1,-4.74684,9.19619,6.19596,0,0
2309,2,4,1817,1,-3.25138,7.12022,4.10191,0,0
2309,2,5,2150,1,-4.74684,9.19619,6.19596,0,0
2310,2,4,1817,1,-3.25138,7.12022,4.10191,0,0
2310,2,5,2150,1,-4.74684,9.19619,6.19596,0,0
2311,2,4,1817,1,-3.25138,7.12022,4.10191,0,0
2311,2,5,2150,1,-4.74684,9.19619,6.19596,0,0
2312,2,4,1817,1,-3.25138,7.12022,4.10191,0,0
2312,2,5,2150,1,-4.74684,9.19619,6.19596,0,0
2313,2,4,1817,1,-3.25138,7.12022,4.10191,0,0
2313,2,5,2150,1,-4.74684,9.19619,6.19596,0,0
2314,2,4,1817,1,-3.25138,7.12022,4.10191,0,0
2314,2,5,2150,1,-4.74684,9.19619,6.19596,0,0
2315,2,4,1817,1,-3.25138,7.12022,4.10191,0,0
2315,2,5,2150,1,-4.74684,9.19619,6.19596,0,0
2316,2,4,1817,1,-3.25138,7.12022,4.10191,0,0
2316,2,5,2150,1,-4.74684,9.19619,6.19596,0,0
2317,2,4,1817,1,-3.25138,7.12022,4.10191,0,0
2317,2,5,2150,1,-4.74684,9.19619,6.19596,0,0
2318,2,4,1817,1,-3.25138,7.12022,4.10191,0,0
2318,2,5,2150,1,-4.74684,9.19619,6.19596,0,0
2319,2,4,1817,1,-3.25138,7.12022,4.10191,0,0
2319,2,5,2150,1,-4.74684,9.19619,6.19596,0,0
2320,2,4,1817,1,-3.25138,7.12022,4.10191,0,0
2320,2,5,2150,1,-4.74684,9.19619,6.19596,0,0
2321,2,4,1817,1,-3.25138,7.12022,4.10191,0,0
2321,2,5,2150,1,-4.74684,9.19619,6.19596,0,0
2322,2,4,1817,1,-3.25138,7.12022,4.10191,0,0
2322,2,5,2150,1,-4.74684,9.19619,6.19596,0,0
2323,2,4,1817,1,-3.25138,7.12022,4.10191,0,0
2323,2,5,2150,1,-4.74684,9.19619,6.19596,0,0
2324,2,4,1817,1,-3.25138,7.12022,4.10191,0,0
2324,2,5,2150,1,-4.74684,9.19619,6.19596,0,0
2325,2,4,1817,1,-3.25138,7.12022,4.10191,0,0
2325,2,5,2150,1,-4.74684,9.19619,6.19596,0,0
2326,2,4,1817,1,-3.25138,7.12022,4.10191,0,0
2326,2,5,2150,1,-4.74684,9.19619,6.19596,0,0
2327,2,4,1817,1,-3.25138,7.12022,4.10191,0,0
2327,2,5,2150,1,-4.74684,9.19619,6.19596,0,0
2328,2,4,1817,1,-3.25138,7.12022,4.10191,0,0
2328,2,5,2150,1,-4.74684,9.19619,6.19596,0,0
2329,2,4,1817,1,-3.25138,7.12022,4.10191,0,0
2329,2,5,2150,1,-4.74684,9.19619,6.19596,0,0
2330,2,4,1817,1,-3.25138,7.12022,4.10191,0,0
2330,2,5,2150,1,-4.74684,9.19619,6.19596,0,0
2331,2,4,1817,1,-3.25138,7.12022,4.10191,0,0
2331,2,5,2150,1,-4.74684,9.19619,6.19596,0,0
2332,2,4,1817,1,-3.25138,7.12022,4.10191,0,0
2332,2,5,2150,1,-4.74684,9.19619,6.19596,0,0
2333,2,4,1817,1,-3.25138,7.12022,4.10191,0,0
2333,2,5,2150,1,-4.74684,9.19619,6.19596,0,0
2334,2,4,1817,1,-3.25138,7.12022,4.10191,0,0
2334,2,5,2150,1,-4.74684,9.19619,6.19596,0,0
2335,2,4,1817,1,-3.25138,7.12022,4.10191,0,0
2335,2,5,2150,1,-4.74684,9.19619,6.19596,0,0
2336,2,4,1817,1,-3.25138,7.12022,4.10191,0,0
2336,2,5,2150,1,-4.74684,9.19619,6.19596,0,0
2337,2,4,1817,1,-3.25138,7.12022,4.10191,0,0
2337,2,5,2150,1,-4.74684,9.19619,6.19596,0,0
2338,2,4,1817,1,-3.25138,7.12022,4.10191,0,0
2338,2,5,2150,1,-4.74684,9.19619,6.19596,0,0
2339,2,4,1817,1,-3.25138,7.12022,4.10191,0,0
2339,2,5,2150,1,-4.74684,9.19619,6.19596,0,0
2340,2,4,1817,1,-3.25138,7.12022,4.10191,0,0
2340,2,5,2150,1,-4.74684,9.19619,6.19596,0,0
2341,2,4,1817,1,-3.25138,7.12022,4.10191,0,0
2341,2,5,2150,1,-4.74684,9.19619,6.19596,0,0
2342,2,4,1817,1,-3.25138,7.12022,4.10191,0,0
2342,2,5,2150,1,-4.74684,9.19619,6.19596,0,0
2343,2,4,1817,1,-3.25138,7.12022,4.10191,0,0
2343,2,5,2150,1,-4.74684,9.19619,6.19596,0,0
2344,2,4,1817,1,-3.25138,7.12022,4.10191,0,0
2344,2,5,2150,1,-4.74684,9.19619,6.19596,0,0
2345,2,4,1817,1,-3.25138,7.12022,4.10191,0,0
2345,2,5,2150,1,-4.74684,9.19619,6.19596,0,0
2346,2,4,1817,1,-3.25138,7.12022,4.10191,0,0
2346,2,5,2150,1,-4.74684,9.19619,6.19596,0,0
2347,2,4,1817,1,-3.25138,7.12022,4.10191,0,0
2347,2,5,2150,1,-4.74684,9.19619,6.19596,0,0
2348,2,4,1817,1,-3.25138,7.12022,4.10191,0,0
2348,2,5,2150,1,-4.74684,9.19619,6.19596,0,0
2349,2,4,1817,1,-3.25138,7.12022,4.10191,0,0
2349,2,5,2150,1,-4.74684,9.19619,6.19596,0,0
2350,2,4,1817,1,-3.25138,7.12022,4.10191,0,0
2350,2,5,2150,1,-4.74684,9.19619,6.19596,0,0
2351,2,4,1817,1,-3.25138,7.12022,4.10191,0,0
2351,2,5,2150,1,-4.74684,9.19619,6.19596,0,0
2352,2,4,1817,1,-3.25138,7.12022,4.10191,0,0
2352,2,5,2150,1,-4.74684,9.19619,6.19596,0,0
2353,2,4,1817,1,-3.25138,7.12022,4.10191,0,0
2353,2,5,2150,1,-4.74684,9.19619,6.19596,0,0
2354,2,4,1817,1,-3.25138,7.12022,4.10191,0,0
2354,2,5,2150,1,-4.74684,9.19619,6.19596,0,0
2355,2,4,1817,1,-3.25138,7.12022,4.10191,0,0
2355,2,5,2150,1,-4.74684,9.19619,6.19596,0,0
2356,2,4,1817,1,-3.25138,7.12022,4.10191,0,0
2356,2,5,2150,1,-4.74684,9.19619,6.19596,0,0
2357,2,4,1817,1,-3.25138,7.12022,4.10191,0,0
2357,2,5,2150,1,-4.74684,9.19619,6.19596,0,0
2358,2,4,1817,1,-3.25138,7.12022,4.10191,0,0
2358,2,5,2150,1,-4.74684,9.19619,6.19596,0,0
2359,2,4,1817,1,-3.25138,7.12022,4.10191,0,0
2359,2,5,2150,1,-4.74684,9.19619,6.19596,0,0
2360,2,4,1817,1,-3.25138,7.12022,4.10191,0,0
2360,2,5,2150,1,-4.74684,9.19619,6.19596,0,0
2361,2,4,1817,1,-3.25138,7.12022,4.10191,0,0
2361,2,5,2150,1,-4.74684,9.19619,6.19596,0,0
2362,2,4,1817,1,-3.25138,7.12022,4.10191,0,0
2362,2,5,2150,1,-4.74684,9.19619,6.19596,0,0
2363,2,4,1817,1,-3.25138,7.12022,4.10191,0,0
2363,2,5,2150,1,-4.74684,9.19619,6.19596,0,0
2364,2,4,1817,1,-3.25138,7.12022,4.10191,0,0
2364,2,5,2150,1,-4.74684,9.19619,6.19596,0,0
2365,2,4,1817,1,-3.25138,7.12022,4.10191,0,0
2365,2,5,2150,1,-4.74684,9.19619,6.19596,0,0
2366,2,4,1817,1,-3.25138,7.12022,4.10191,0,0
2366,2,5,2150,1,-4.74684,9.19619,6.19596,0,0
2367,2,4,1817,1,-3.25138,7.12022,4.10191,0,0
2367,2,5,2150,1,-4.74684,9.19619,6.19596,0,0
2368,2,4,1817,1,-3.25138,7.12022,4.10191,0,0
2368,2,5,2150,1,-4.74684,9.19619,6.19596,0,0
2369,2,4,1817,1,-3.25138,7.12022,4.10191,0,0
2369,2,5,2150,1,-4.74684,9.19619,6.19596,0,0
2370,2,4,1817,1,-3.25138,7.12022,4.10191,0,0
2370,2,5,2150,1,-4.74684,9.19619,6.19596,0,0
2371,2,4,1817,1,-3.25138,7.12022,4.10191,0,0
2371,2,5,2150,1,-4.74684,9.19619,6.19596,0,0
2372,2,4,1817,1,-3.25138,7.12022,4.10191,0,0
2372,2,5,2150,1,-4.74684,9.19619,6.19596,0,0
2373,2,4,1817,1,-3.25138,7.12022,4.10191,0,0
2373,2,5,2150,1,-4.74684,9.19619,6.19596,0,0
2374,2,4,1817,1,-3.25138,7.12022,4.10191,0,0
2374,2,5,2150,1,-4.74684,9.19619,6.19596,0,0
2375,2,4,1817,1,-3.25138,7.12022,4.10191,0,0
2375,2,5,2150,1,-4.74684,9.19619,6.19596,0,0
2376,2,4,1817,1,-3.25138,7.12022,4.10191,0,0
2376,2,5,2150,1,-4.74684,9.19619,6.19596,0,0
2377,2,4,1817,1,-3.25138,7.12022,4.10191,0,0
2377,2,5,2150,1,-4.74684,9.19619,6.19596,0,0
2378,2,4,1817,1,-3.25138,7.12022,4.10191,0,0
2378,2,5,2150,1,-4.74684,9.19619,6.19596,0,0
2379,2,4,1817,1,-3.25138,7.12022,4.10191,0,0
2379,2,5,2150,1,-4.74684,9.19619,6.19596,0,0
2380,2,4,1817,1,-3.25138,7.12022,4.10191,0,0
2380,2,5,2150,1,-4.74684,9.19619,6.19596,0,0
2381,2,4,1817,1,-3.25138,7.12022,4.10191,0,0
2381,2,5,2150,1,-4.74684,9.19619,6.19596,0,0
2382,2,4,1817,1,-3.25138,7.12022,4.10191,0,0
2382,2,5,2150,1,-4.74684,9.19619,6.19596,0,0
2383,2,4,1817,1,-3.25138,7.12022,4.10191,0,0
2383,2,5,2150,1,-4.74684,9.19619,6.19596,0,0
2384,2,4,1817,1,-3.25138,7.12022,4.10191,0,0
2384,2,5,2150,1,-4.74684,9.19619,6.19596,0,0
2385,2,4,1817,1,-3.25138,7.12022,4.10191,0,0
2385,2,5,2150,1,-4.74684,9.19619,6.19596,0,0
2386,2,4,1817,1,-3.25138,7.12022,4.10191,0,0
2386,2,5,2150,1,-4.74684,9.19619,6.19596,0,0
2387,2,4,1817,1,-3.25138,7.12022,4.10191,0,0
2387,2,5,2150,1,-4.74684,9.19619,6.19596,0,0
2388,2,4,1817,1,-3.25138,7.12022,4.10191,0,0
2388,2,5,2150,1,-4.74684,9.19619,6.19596,0,0
2389,2,4,1817,1,-3.25138,7.12022,4.10191,0,0
2389,2,5,2150,1,-4.74684,9.19619,6.19596,0,0
2390,2,4,1817,1,-3.25138,7.12022,4.10191,0,0
2390,2,5,2150,1,-4.74684,9.19619,6.19596,0,0
2391,2,4,1817,1,-3.25138,7.12022,4.10191,0,0
2391,2,5,2150,1,-4.74684,9.19619,6.19596,0,0
2392,2,4,1817,1,-3.25138,7.12022,4.10191,0,0
2392,2,5,2150,1,-4.74684,9.19619,6.19596,0,0
2393,2,4,1817,1,-3.25138,7.12022,4.10191,0,0
2393,2,5,2150,1,-4.74684,9.19619,6.19596,0,0
2394,2,4,1817,1,-3.25138,7.12022,4.10191,0,0
2394,2,5,2150,1,-4.74684,9.19619,6.19596,0,0
2395,2,4,1817,1,-3.25138,7.12022,4.10191,0,0
2395,2,5,2150,1,-4.74684,9.19619,6.19596,0,0
2396,2,4,1817,1,-3.25138,7.12022,4.10191,0,0
2396,2,5,2150,1,-4.74684,9.19619,6.19596,0,0
2397,2,4,1817,1,-3.25138,7.12022,4.10191,0,0
2397,2,5,2150,1,-4.74684,9.19619,6.19596,0,0
2398,2,4,1817,1,-3.25138,7.12022,4.10191,0,0
2398,2,5,2150,1,-4.74684,9.19619,6.19596,0,0
2399,2,4,1817,1,-3.25138,7.12022,4.10191,0,0
2399,2,5,2150,1,-4.74684,9.19619,6.19596,0,0
2400,2,4,1817,1,-3.25138,7.12022,4.10191,0,0
2400,2,5,2150,1,-4.74684,9.19619,6.19596,0,0
2401,2,4,1817,1,-3.25138,7.12022,4.10191,0,0
2401,2,5,2150,1,-4.74684,9.19619,6.19596,0,0
2402,2,4,1817,1,-3.25138,7.12022,4.10191,0,0
2402,2,5,2150,1,-4.74684,9.19619,6.19596,0,0
2403,2,4,1817,1,-3.25138,7.12022,4.10191,0,0
2403,2,5,2150,1,-4.74684,9.19619,6.19596,0,0
2404,2,4,1817,1,-3.25138,7.12022,4.10191,0,0
2404,2,5,2150,1,-4.74684,9.19619,6.19596,0,0
2405,2,4,1817,1,-3.25138,7.12022,4.10191,0,0
2405,2,5,2150,1,-4.74684,9.19619,6.19596,0,0
2406,2,4,1817,1,-3.25138,7.12022,4.10191,0,0
2406,2,5,2150,1,-4.74684,9.19619,6.19596,0,0
2407,2,4,1817,1,-3.25138,7.12022,4.10191,0,0
2407,2,5,2150,1,-4.74684,9.19619,6.19596,0,0
2408,2,4,1817,1,-3.25138,7.12022,4.10191,0,0
2408,2,5,2150,1,-4.74684,9.19619,6.19596,0,0
2409,2,4,1817,1,-3.25138,7.12022,4.10191,0,0
2409,2,5,2150,1,-4.74684,9.19619,6.19596,0,0
2410,2,4,1817,1,-3.25138,7.12022,4.10191,0,0
2410,2,5,2150,1,-4.74684,9.19619,6.19596,0,0
2411,2,4,1817,1,-3.25138,7.12022,4.10191,0,0
2411,2,5,2150,1,-4.74684,9.19619,6.19596,0,0
2412,2,4,1817,1,-3.25138,7.12022,4.10191,0,0
2412,2,5,2150,1,-4.74684,9.19619,6.19596,0,0
2413,2,4,1817,1,-3.25138,7.12022,4.10191,0,0
2413,2,5,2150,1,-4.74684,9.19619,6.19596,0,0
2414,2,4,1817,1,-3.25138,7.12022,4.10191,0,0
2414,2,5,2150,1,-4.74684,9.19619,6.19596,0,0
2415,2,4,1817,1,-3.25138,7.12022,4.10191,0,0
2415,2,5,2150,1,-4.74684,9.19619,6.19596,0,0
2416,2,4,1817,1,-3.25138,7.12022,4.10191,0,0
2416,2,5,2150,1,-4.74684,9.19619,6.19596,0,0
2417,2,4,1817,1,-3.25138,7.12022,4.10191,0,0
2417,2,5,2150,1,-4.74684,9.19619,6.19596,0,0
2418,2,4,1817,1,-3.25138,7.12022,4.10191,0,0
2418,2,5,2150,1,-4.74684,9.19619,6.19596,0,0
2419,2,4,1817,1,-3.25138,7.12022,4.10191,0,0
2419,2,5,2150,1,-4.74684,9.19619,6.19596,0,0
2420,2,4,1817,1,-3.25138,7.12022,4.10191,0,0
2420,2,5,2150,1,-4.74684,9.19619,6.19596,0,0
2421,2,4,1817,1,-3.25138,7.12022,4.10191,0,0
2421,2,5,2150,1,-4.74684,9.19619,6.19596,0,0
2422,2,4,1817,1,-3.25138,7.12022,4.10191,0,0
2422,2,5,2150,1,-4.74684,9.19619,6.19596,0,0
2423,2,4,1817,1,-3.25138,7.12022,4.10191,0,0
2423,2,5,2150,1,-4.74684,9.19619,6.19596,0,0
2424,2,4,1817,1,-3.25138,7.12022,4.10191,0,0
2424,2,5,2150,1,-4.74684,9.19619,6.19596,0,0
2425,2,4,1817,1,-3.25138,7.12022,4.10191,0,0
2425,2,5,2150,1,-4.74684,9.19619,6.19596,0,0
2426,2,4,1817,1,-3.25138,7.12022,4.10191,0,0
2426,2,5,2150,1,-4.74684,9.19619,6.19596,0,0
2427,2,4,1817,1,-3.25138,7.12022,4.10191,0,0
2427,2,5,2150,1,-4.74684,9.19619,6.19596,0,0
2428,2,4,1817,1,-3.25138,7.12022,4.10191,0,0
2428,2,5,2150,1,-4.74684,9.19619,6.19596,0,0
2429,2,4,1817,1,-3.25138,7.12022,4.10191,0,0
2429,2,5,2150,1,-4.74684,9.19619,6.19596,0,0
2430,2,4,1817,1,-3.25138,7.12022,4.10191,0,0
2430,2,5,2150,1,-4.74684,9.19619,6.19596,0,0
2431,2,4,1817,1,-3.25138,7.12022,4.10191,0,0
2431,2,5,2150,1,-4.74684,9.19619,6.19596,0,0
2432,2,4,1817,1,-3.25138,7.12022,4.10191,0,0
2432,2,5,2150,1,-4.74684,9.19619,6.19596,0,0
2433,2,4,1817,1,-3.25138,7.12022,4.10191,0,0
2433,2,5,2150,1,-4.74684,9.19619,6.19596,0,0
2434,2,4,1817,1,-3.25138,7.12022,4.10191,0,0
2434,2,5,2150,1,-4.74684,9.19619,6.19596,0,0
2435,2,4,1817,1,-3.25138,7.12022,4.10191,0,0
2435,2,5,2150,1,-4.74684,9.19619,6.19596,0,0
2436,2,4,1817,1,-3.25138,7.12022,4.10191,0,0
2436,2,5,2150,1,-4.74684,9.19619,6.19596,0,0
2437,2,4,1817,1,-3.25138,7.12022,4.10191,0,0
2437,2,5,2150,1,-4.74684,9.19619,6.19596,0,0
2438,2,4,1817,1,-3.25138,7.12022,4.10191,0,0
2438,2,5,2150,1,-4.74684,9.19619,6.19596,0,0
2439,2,4,1817,1,-3.25138,7.12022,4.10191,0,0
2439,2,5,2150,1,-4.74684,9.19619,6.19596,0,0
2440,2,4,1817,1,-3.25138,7.12022,4.10191,0,0
2440,2,5,2150,1,-4.74684,9.19619,6.19596,0,0
2441,2,4,1817,1,-3.25138,7.12022,4.10191,0,0
2441,2,5,2150,1,-4.74684,9.19619,6.19596,0,0
2442,2,4,1817,1,-3.25138,7.12022,4.10191,0,0
2442,2,5,2150,1,-4.74684,9.19619,6.19596,0,0
2443,2,4,1817,1,-3.25138,7.12022,4.10191,0,0
2443,2,5,2150,1,-4.74684,9.19619,6.19596,0,0
2444,2,4,1817,1,-3.25138,7.12022,4.10191,0,0
2444,2,5,2150,1,-4.74684,9.19619,6.19596,0,0
2445,2,4,1817,1,-3.25138,7.12022,4.10191,0,0
2445,2,5,2150,1,-4.74684,9.19619,6.19596,0,0
2446,2,4,1817,1,-3.25138,7.12022,4.10191,0,0
2446,2,5,2150,1,-4.74684,9.19619,6.19596,0,0
2447,2,4,1817,1,-3.25138,7.12022,4.10191,0,0
2447,2,5,2150,1,-4.74684,9.19619,6.19596,0,0
2448,2,4,1817,1,-3.25138,7.12022,4.10191,0,0
2448,2,5,2150,1,-4.74684,9.19619,6.19596,0,0
2449,2,4,1817,1,-3.25138,7.12022,4.10191,0,0
2449,2,5,2150,1,-4.74684,9.19619,6.19596,0,0
2450,2,4,1817,1,-3.25138,7.12022,4.10191,0,0
2450,2,5,2150,1,-4.74684,9.19619,6.19596,0,0
2451,2,4,1817,1,-3.25138,7.12022,4.10191,0,0
2451,2,5,2150,1,-4.74684,9.19619,6.19596,0,0
2452,2,4,1817,1,-3.25138,7.12022,4.10191,0,0
2452,2,5,2150,1,-4.74684,9.19619,6.19596,0,0
2453,2,4,1817,1,-3.25138,7.12022,4.10191,0,0
2453,2,5,2150,1,-4.74684,9.19619,6.19596,0,0
2454,2,4,1817,1,-3.25138,7.12022,4.10191,0,0
2454,2,5,2150,1,-4.74684,9.19619,6.19596,0,0
2455,2,4,1817,1,-3.25138,7.12022,4.10191,0,0
2455,2,5,2150,1,-4.74684,9.19619,6.19596,0,0
2456,2,4,1817,1,-3.25138,7.12022,4.10191,0,0
2456,2,5,2150,1,-4.74684,9.19619,6.19596,0,0
2457,2,4,1817,1,-3.25138,7.12022,4.10191,0,0
2457,2,5,2150,1,-4.74684,9.19619,6.19596,0,0
2458,2,4,1817,1,-3.25138,7.12022,4.10191,0,0
2458,2,5,2150,1,-4.74684,9.19619,6.19596,0,0
2459,2,4,1817,1,-3.25138,7.12022,4.10191,0,0
2459,2,5,2150,1,-4.74684,9.19619,6.19596,0,0
2460,2,4,1817,1,-3.25138,7.12022,4.10191,0,0
2460,2,5,2150,1,-4.74684,9.19619,6.19596,0,0
2461,2,4,1817,1,-3.25138,7.12022,4.10191,0,0
2461,2,5,2150,1,-4.74684,9.19619,6.19596,0,0
2462,2,4,1817,1,-3.25138,7.12022,4.10191,0,0
2462,2,5,2150,1,-4.74684,9.19619,6.19596,0,0
2463,2,4,1817,1,-3.25138,7.12022,4.10191,0,0
2463,2,5,2150,1,-4.74684,9.19619,6.19596,0,0
2464,2,4,1817,1,-3.25138,7.12022,4.10191,0,0
2464,2,5,2150,1,-4.74684,9.19619,6.19596,0,0
2465,2,4,1817,1,-3.25138,7.12022,4.10191,0,0
2465,2,5,2150,1,-4.74684,9.19619,6.19596,0,0
2466,2,4,1817,1,-3.25138,7.12022,4.10191,0,0
2466,2,5,2150,1,-4.74684,9.19619,6.19596,0,0
2467,2,4,1817,1,-3.25138,7.12022,4.10191,0,0
2467,2,5,2150,1,-4.74684,9.19619,6.19596,0,0
2468,2,4,1817,1,-3.25138,7.12022,4.10191,0,0
2468,2,5,2150,1,-4.74684,9.19619,6.19596,0,0
2469,2,4,1817,1,-3.25138,7.12022,4.10191,0,0
2469,2,5,2150,1,-4.74684,9.19619,6.19596,0,0
2470,2,4,1817,1,-3.25138,7.12022,4.10191,0,0
2470,2,5,2150,1,-4.74684,9.19619,6.19596,0,0
2471,2,4,1817,1,-3.25138,7.12022,4.10191,0,0
2471,2,5,2150,1,-4.74684,9.19619,6.19596,0,0
2472,2,4,1817,1,-3.25138,7.12022,4.10191,0,0
2472,2,5,2150,1,-4.74684,9.19619,6.19596,0,0
2473,2,4,1817,1,-3.25138,7.12022,4.10191,0,0
2473,2,5,2150,1,-4.74684,9.19619,6.19596,0,0
2474,2,4,1817,1,-3.25138,7.12022,4.10191,0,0
2474,2,5,2150,1,-4.74684,9.19619,6.19596,0,0
2475,2,4,1817,1,-3.25138,7.12022,4.10191,0,0
2475,2,5,2150,1,-4.74684,9.19619,6.19596,0,0
2476,2,4,1817,1,-3.25138,7.12022,4.10191,0,0
2476,2,5,2150,1,-4.74684,9.19619,6.19596,0,0
2477,2,4,1817,1,-3.25138,7.12022,4.10191,0,0
2477,2,5,2150,1,-4.74684,9.19619,6.19596,0,0
2478,2,4,1817,1,-3.25138,7.12022,4.10191,0,0
2478,2,5,2150,1,-4.74684,9.19619,6.19596,0,0
2479,2,4,1817,1,-3.25138,7.12022,4.10191,0,0
2479,2,5,2150,1,-4.74684,9.19619,6.19596,0,0
2480,2,4,1817,1,-3.25138,7.12022,4.10191,0,0
2480,2,5,2150,1,-4.74684,9.19619,6.19596,0,0
2481,2,4,1817,1,-3.25138,7.12022,4.10191,0,0
2481,2,5,2150,1,-4.74684,9.19619,6.19596,0,0
2482,2,4,1817,1,-3.25138,7.12022,4.10191,0,0
2482,2,5,2150,1,-4.74684,9.19619,6.19596,0,0
2483,2,4,1817,1,-3.25138,7.12022,4.10191,0,0
2483,2,5,2150,1,-4.74684,9.19619,6.19596,0,0
2484,2,4,1817,1,-3.25138,7.12022,4.10191,0,0
2484,2,5,2150,1,-4.74684,9.19619,6.19596,0,0
2485,2,4,1817,1,-3.25138,7.12022,4.10191,0,0
2485,2,5,2150,1,-4.74684,9.19619,6.19596,0,0
2486,2,4,1817,1,-3.25138,7.12022,4.10191,0,0
2486,2,5,2150,1,-4.74684,9.19619,6.19596,0,0
2487,2,4,1817,1,-3.25138,7.12022,4.10191,0,0
2487,2,5,2150,1,-4.74684,9.19619,6.19596,0,0
2488,2,4,1817,1,-3.25138,7.12022,4.10191,0,0
2488,2,5,2150,1,-4.74684,9.19619,6.19596,0,0
2489,2,4,1817,1,-3.25138,7.12022,4.10191,0,0
2489,2,5,2150,1,-4.74684,9.19619,6.19596,0,0
2490,2,4,1817,1,-3.25138,7.12022,4.10191,0,0
2490,2,5,2150,1,-4.74684,9.19619,6.19596,0,0
2491,2,4,1817,1,-3.25138,7.12022,4.10191,0,0
2491,2,5,2150,1,-4.74684,9.19619,6.19596,0,0
2492,2,4,1817,1,-3.25138,7.12022,4.10191,0,0
2492,2,5,2150,1,-4.74684,9.19619,6.19596,0,0
2493,2,4,1817,1,-3.25138,7.12022,4.10191,0,0
2493,2,5,2150,1,-4.74684,9.19619,6.19596,0,0
2494,2,4,1817,1,-3.25138,7.12022,4.10191,0,0
2494,2,5,2150,1,-4.74684,9.19619,6.19596,0,0
2495,2,4,1817,1,-3.25138,7.12022,4.10191,0,0
2495,2,5,2150,1,-4.74684,9.19619,6.19596,0,0
2496,2,4,1817,1,-3.25138,7.12022,4.10191,0,0
2496,2,5,2150,1,-4.74684,9.19619,6.19596,0,0
2497,2,4,1817,1,-3.25138,7.12022,4.10191,0,0
2497,2,5,2150,1,-4.74684,9.19619,6.19596,0,0
2498,2,4,1817,1,-3.25138,7.12022,4.10191,0,0
2498,2,5,2150,1,-4.74684,9.19619,6.19596,0,0
2499,2,4,1817,1,-3.25138,7.12022,4.10191,0,0
2499,2,5,2150,1,-4.74684,9.19619,6.19596,0,0
2500,2,4,1817,1,-3.25138,7.12022,4.10191,0,0
2500,2,5,2150,1,-4.74684,9.19619,6.19596,0,0
2501,2,4,1817,1,-3.25138,7.12022,4.10191,0,0
2501,2,5,2150,1,-4.74684,9.19619,6.19596,0,0
2502,2,4,1817,1,-3.25138,7.12022,4.10191,0,0
2502,2,5,2150,1,-4.74684,9.19619,6.19596,0,0
2503,2,4,1817,1,-3.25138,7.12022,4.10191,0,0
2503,2,5,2150,1,-4.74684,9.19619,6.19596,0,0
2504,2,4,1817,1,-3.25138,7.12022,4.10191,0,0
2504,2,5,2150,1,-4.74684,9.19619,6.19596,0,0
2505,2,4,1817,1,-3.25138,7.12022,4.10191,0,0
2505,2,5,2150,1,-4.74684,9.19619,6.19596,0,0
2506,2,4,1817,1,-3.25138,7.12022,4.10191,0,0
2506,2,5,2150,1,-4.74684,9.19619,6.19596,0,0
2507,2,4,1817,1,-3.25138,7.12022,4.10191,0,0
2507,2,5,2150,1,-4.74684,9.19619,6.19596,0,0
2508,2,4,1817,1,-3.25138,7.12022,4.10191,0,0
2508,2,5,2150,1,-4.74684,9.19619,6.19596,0,0
2509,2,4,1817,1,-3.25138,7.12022,4.10191,0,0
2509,2,5,2150,1,-4.74684,9.19619,6.19596,0,0
2510,2,4,1817,1,-3.25138,7.12022,4.10191,0,0
2510,2,5,2150,1,-4.74684,9.19619,6.19596,0,0
2511,2,4,1817,1,-3.25138,7.12022,4.10191,0,0
2511,2,5,2150,1,-4.74684,9.19619,6.19596,0,0
2512,2,4,1817,1,-3.25138,7.12022,4.10191,0,0
2512,2,5,2150,1,-4.74684,9.19619,6.19596,0,0
2513,2,4,1817,1,-3.25138,7.12022,4.10191,0,0
2513,2,5,2150,1,-4.74684,9.19619,6.19596,0,0
2514,2,4,1817,1,-3.25138,7.12022,4.10191,0,0
2514,2,5,2150,1,-4.74684,9.19619,6.19596,0,0
2515,2,4,1817,1,-3.25138,7.12022,4.10191,0,0
2515,2,5,2150,1,-4.74684,9.19619,6.19596,0,0
2516,2,4,1817,1,-3.25138,7.12022,4.10191,0,0
2516,2,5,2150,1,-4.74684,9.19619,6.19596,0,0
2517,2,4,1817,1,-3.25138,7.12022,4.10191,0,0
2517,2,5,2150,1,-4.74684,9.19619,6.19596,0,0
2518,2,4,1817,1,-3.25138,7.12022,4.10191,0,0
2518,2,5,2150,1,-4.74684,9.19619,6.19596,0,0
2519,2,4,1817,1,-3.25138,7.12022,4.10191,0,0
2519,2,5,2150,1,-4.74684,9.19619,6.19596,0,0
2520,2,4,1817,1,-3.25138,7.12022,4.10191,0,0
2520,2,5,2150,1,-4.74684,9.19619,6.19596,0,0
2521,2,4,1817,1,-3.25138,7.12022,4.10191,0,0
2521,2,5,2150,1,-4.74684,9.19619,6.19596,0,0
2522,2,4,1817,1,-3.25138,7.12022,4.10191,0,0
2522,2,5,2150,1,-4.74684,9.19619,6.19596,0,0
2523,2,4,1817,1,-3.25138,7.12022,4.10191,0,0
2523,2,5,2150,1,-4.74684,9.19619,6.19596,0,0
2524,2,4,1817,1,-3.25138,7.12022,4.10191,0,0
2524,2,5,2150,1,-4.74684,9.19619,6.19596,0,0
2525,2,4,1817,1,-3.25138,7.12022,4.10191,0,0
2525,2,5,2150,1,-4.74684,9.19619,6.19596,0,0
2526,2,4,1817,1,-3.25138,7.12022,4.10191,0,0
2526,2,5,2150,1,-4.74684,9.19619,6.19596,0,0
2527,2,4,1817,1,-3.25138,7.12022,4.10191,0,0
2527,2,5,2150,1,-4.74684,9.19619,6.19596,0,0
2528,2,4,1817,1,-3.25138,7.12022,4.10191,0,0
2528,2,5,2150,1,-4.74684,9.19619,6.19596,0,0
2529,2,4,1817,1,-3.25138,7.12022,4.10191,0,0
2529,2,5,2150,1,-4.74684,9.19619,6.19596,0,0
2530,2,4,1817,1,-3.25138,7.12022,4.10191,0,0
2530,2,5,2150,1,-4.74684,9.19619,6.19596,0,0
2531,2,4,1817,1,-3.25138,7.12022,4.10191,0,0
2531,2,5,2150,1,-4.74684,9.19619,6.19596,0,0
2532,2,4,1817,1,-3.25138,7.12022,4.10191,0,0
2532,2,5,2150,1,-4.74684,9.19619,6.19596,0,0
2533,2,4,1817,1,-3.25138,7.12022,4.10191,0,0
2533,2,5,2150,1,-4.74684,9.19619,6.19596,0,0
2534,2,4,1817,1,-3.25138,7.12022,4.10191,0,0
2534,2,5,2150,1,-4.74684,9.19619,6.19596,0,0
2535,2,4,1817,1,-3.25138,7.12022,4.10191,0,0
2535,2,5,2150,1,-4.74684,9.19619,6.19596,0,0
2536,2,4,1817,1,-3.25138,7.12022,4.10191,0,0
2536,2,5,2150,1,-4.74684,9.19619,6.19596,0,0
2537,2,4,1817,1,-3.25138,7.12022,4.10191,0,0
2537,2,5,2150,1,-4.74684,9.19619,6.19596,0,0
2538,2,4,1817,1,-3.25138,7.12022,4.10191,0,0
2538,2,5,2150,1,-4.74684,9.19619,6.19596,0,0
2539,2,4,1817,1,-3.25138,7.12022,4.10191,0,0
2539,2,5,2150,1,-4.74684,9.19619,6.19596,0,0
2540,2,4,1817,1,-3.25138,7.12022,4.10191,0,0
2540,2,5,2150,1,-4.74684,9.19619,6.19596,0,0
2541,2,4,1817,1,-3.25138,7.12022,4.10191,0,0
2541,2,5,2150,1,-4.74684,9.19619,6.19596,0,0
2542,2,4,1817,1,-3.25138,7.12022,4.10191,0,0
2542,2,5,2150,1,-4.74684,9.19619,6.19596,0,0
2543,2,4,1817,1,-3.25138,7.12022,4.10191,0,0
2543,2,5,2150,1,-4.74684,9.19619,6.19596,0,0
2544,2,4,1817,1,-3.25138,7.12022,4.10191,0,0
2544,2,5,2150,1,-4.74684,9.19619,6.19596,0,0
2545,2,4,1817,1,-3.25138,7.12022,4.10191,0,0
2545,2,5,2150,1,-4.74684,9.19619,6.19596,0,0
2546,2,4,1817,1,-3.25138,7.12022,4.10191,0,0
2546,2,5,2150,1,-4.74684,9.19619,6.19596,0,0
2547,2,4,1817,1,-3.25138,7.12022,4.10191,0,0
2547,2,5,2150,1,-4.74684,9.19619,6.19596,0,0
2548,2,4,1817,1,-3.25138,7.12022,4.10191,0,0
2548,2,5,2150,1,-4.74684,9.19619,6.19596,0,0
2549,2,4,1817,1,-3.25138,7.12022,4.10191,0,0
2549,2,5,2150,1,-4.74684,9.19619,6.19596,0,0
2550,2,4,1817,1,-3.25138,7.12022,4.10191,0,0
2550,2,5,2150,1,-4.74684,9.19619,6.19596,0,0
2551,2,4,1817,1,-3.25138,7.12022,4.10191,0,0
2551,2,5,2150,1,-4.74684,9.19619,6.19596,0,0
2552,2,4,1817,1,-3.25138,7.12022,4.10191,0,0
2552,2,5,2150,1,-4.74684,9.19619,6.19596,0,0
2553,2,4,1817,1,-3.25138,7.12022,4.10191,0,0
2553,2,5,2150,1,-4.74684,9.19619,6.19596,0,0
2554,2,4,1817,1,-3.25138,7.12022,4.10191,0,0
2554,2,5,2150,1,-4.74684,9.19619,6.19596,0,0
2555,2,4,1817,1,-3.25138,7.12022,4.10191,0,0
2555,2,5,2150,1,-4.74684,9.19619,6.19596,0,0
2556,2,4,1817,1,-3.25138,7.12022,4.10191,0,0
2556,2,5,2150,1,-4.74684,9.19619,6.19596,0,0
2557,2,4,1817,1,-3.25138,7.12022,4.10191,0,0
2557,2,5,2150,1,-4.74684,9.19619,6.19596,0,0
2558,2,4,1817,1,-3.25138,7.12022,4.10191,0,0
2558,2,5,2150,1,-4.74684,9.19619,6.19596,0,0
2559,2,4,1817,1,-3.25138,7.12022,4.10191,0,0
2559,2,5,2150,1,-4.74684,9.19619,6.19596,0,0
2560,2,4,1817,1,-3.25138,7.12022,4.10191,0,0
2560,2,5,2150,1,-4.74684,9.19619,6.19596,0,0
2561,2,4,1817,1,-3.25138,7.12022,4.10191,0,0
2561,2,5,2150,1,-4.74684,9.19619,6.19596,0,0
2562,2,4,1817,1,-3.25138,7.12022,4.10191,0,0
2562,2,5,2150,1,-4.74684,9.19619,6.19596,0,0
2563,2,4,1817,1,-3.25138,7.12022,4.10191,0,0
2563,2,5,2150,1,-4.74684,9.19619,6.19596,0,0
2564,2,4,1817,1,-3.25138,7.12022,4.10191,0,0
2564,2,5,2150,1,-4.74684,9.19619,6.19596,0,0
2565,2,4,1817,1,-3.25138,7.12022,4.10191,0,0
2565,2,5,2150,1,-4.74684,9.19619,6.19596,0,0
2566,2,4,1817,1,-3.25138,7.12022,4.10191,0,0
2566,2,5,2150,1,-4.74684,9.19619,6.19596,0,0
2567,2,4,1817,1,-3.25138,7.12022,4.10191,0,0
2567,2,5,2150,1,-4.74684,9.19619,6.19596,0,0
2568,2,4,1817,1,-3.25138,7.12022,4.10191,0,0
2568,2,5,2150,1,-4.74684,9.19619,6.19596,0,0
2569,2,4,1817,1,-3.25138,7.12022,4.10191,0,0
2569,2,5,2150,1,-4.74684,9.19619,6.19596,0,0
2570,2,4,1817,1,-3.25138,7.12022,4.10191,0,0
2570,2,5,2150,1,-4.74684,9.19619,6.19596,0,0
2571,2,4,1817,1,-3.25138,7.12022,4.10191,0,0
2571,2,5,2150,1,-4.74684,9.19619,6.19596,0,0
2572,2,4,1817,1,-3.25138,7.12022,4.10191,0,0
2572,2,5,2150,1,-4.74684,9.19619,6.19596,0,0
2573,2,4,1817,1,-3.25138,7.12022,4.10191,0,0
2573,2,5,2150,1,-4.74684,9.19619,6.19596,0,0
2574,2,4,1817,1,-3.25138,7.12022,4.10191,0,0
2574,2,5,2150,1,-4.74684,9.19619,6.19596,0,0
2575,2,4,1817,1,-3.25138,7.12022,4.10191,0,0
2575,2,5,2150,1,-4.74684,9.19619,6.19596,0,0
2576,2,4,1817,1,-3.25138,7.12022,4.10191,0,0
2576,2,5,2150,1,-4.74684,9.19619,6.19596,0,0
2577,2,4,1817,1,-3.25138,7.12022,4.10191,0,0
2577,2,5,2150,1,-4.74684,9.19619,6.19596,0,0
2578,2,4,1817,1,-3.25138,7.12022,4.10191,0,0
2578,2,5,2150,1,-4.74684,9.19619,6.19596,0,0
2579,2,4,1817,1,-3.25138,7.12022,4.10191,0,0
2579,2,5,2150,1,-4.74684,9.19619,6.19596,0,0
2580,2,4,1817,1,-3.25138,7.12022,4.10191,0,0
2580,2,5,2150,1,-4.74684,9.19619,6.19596,0,0
2581,2,4,1817,1,-3.25138,7.12022,4.10191,0,0
2581,2,5,2150,1,-4.74684,9.19619,6.19596,0,0
2582,2,4,1817,1,-3.25138,7.12022,4.10191,0,0
2582,2,5,2150,1,-4.74684,9.19619,6.19596,0,0
2583,2,4,1817,1,-3.25138,7.12022,4.10191,0,0
2583,2,5,2150,1,-4.74684,9.19619,6.19596,0,0
2584,2,4,1817,1,-3.25138,7.12022,4.10191,0,0
2584,2,5,2150,1,-4.74684,9.19619,6.19596,0,0
2585,2,4,1817,1,-3.25138,7.12022,4.10191,0,0
2585,2,5,2150,1,-4.74684,9.19619,6.19596,0,0
2586,2,4,1817,1,-3.25138,7.12022,4.10191,0,0
2586,2,5,2150,1,-4.74684,9.19619,6.19596,0,0
2587,2,4,1817,1,-3.25138,7.12022,4.10191,0,0
2587,2,5,2150,1,-4.74684,9.19619,6.19596,0,0
2588,2,4,1817,1,-3.25138,7.12022,4.10191,0,0
2588,2,5,2150,1,-4.74684,9.19619,6.19596,0,0
2589,2,4,1817,1,-3.25138,7.12022,4.10191,0,0
2589,2,5,2150,1,-4.74684,9.19619,6.19596,0,0
2590,2,4,1817,1,-3.25138,7.12022,4.10191,0,0
2590,2,5,2150,1,-4.74684,9.19619,6.19596,0,0
2591,2,4,1817,1,-3.25138,7.12022,4.10191,0,0
2591,2,5,2150,1,-4.74684,9.19619,6.19596,0,0
2592,2,4,1817,1,-3.25138,7.12022,4.10191,0,0
2592,2,5,2150,1,-4.74684,9.19619,6.19596,0,0
2593,2,4,1817,1,-3.25138,7.12022,4.10191,0,0
2593,2,5,2150,1,-4.74684,9.19619,6.19596,0,0
2594,2,4,1817,1,-3.25138,7.12022,4.10191,0,0
2594,2,5,2150,1,-4.74684,9.19619,6.19596,0,0
2595,2,4,1817,1,-3.25138,7.12022,4.10191,0,0
2595,2,5,2150,1,-4.74684,9.19619,6.19596,0,0
2596,2,4,1817,1,-3.25138,7.12022,4.10191,0,0
2596,2,5,2150,1,-4.74684,9.19619,6.19596,0,0
2597,2,4,1817,1,-3.25138,7.12022,4.10191,0,0
2597,2,5,2150,1,-4.74684,9.19619,6.19596,0,0
2598,2,4,1817,1,-3.25138,7.12022,4.10191,0,0
2598,2,5,2150,1,-4.74684,9.19619,6.19596,0,0
2599,2,4,1817,1,-3.25138,7.12022,4.10191,0,0
2599,2,5,2150,1,-4.74684,9.19619,6.19596,0,0
2600,2,4,1817,1,-3.25138,7.12022,4.10191,0,0
2600,2,5,2150,1,-4.74684,9.19619,6.19596,0,0
2601,2,4,1817,1,-3.25138,7.12022,4.10191,0,0
2601,2,5,2150,1,-4.74684,9.19619,6.19596,0,0
2602,2,4,1817,1,-3.25138,7.12022,4.10191,0,0
2602,2,5,2150,1,-4.74684,9.19619,6.19596,0,0
2603,2,4,1817,1,-3.25138,7.12022,4.10191,0,0
2603,2,5,2150,1,-4.74684,9.19619,6.19596,0,0
2604,2,4,1817,1,-3.25138,7.12022,4.10191,0,0
2604,2,5,2150,1,-4.74684,9.19619,6.19596,0,0
2605,2,4,1817,1,-3.25138,7.12022,4.10191,0,0
2605,2,5,2150,1,-4.74684,9.19619,6.19596,0,0
2606,2,4,1817,1,-3.25138,7.12022,4.10191,0,0
2606,2,5,2150,1,-4.74684,9.19619,6.19596,0,0
2607,2,4,1817,1,-3.25138,7.12022,4.10191,0,0
2607,2,5,2150,1,-4.74684,9.19619,6.19596,0,0
2608,2,4,1817,1,-3.25138,7.12022,4.10191,0,0
2608,2,5,2150,1,-4.74684,9.19619,6.19596,0,0
2609,2,4,1817,1,-3.25138,7.12022,4.10191,0,0
2609,2,5,2150,1,-4.74684,9.19619,6.19596,0,0
2610,2,4,1817,1,-3.25138,7.12022,4.10191,0,0
2610,2,5,2150,1,-4.74684,9.19619,6.19596,0,0
2611,2,4,1817,1,-3.25138,7.12022,4.10191,0,0
2611,2,5,2150,1,-4.74684,9.19619,6.19596,0,0
2612,2,4,1817,1,-3.25138,7.12022,4.10191,0,0
2612,2,5,2150,1,-4.74684,9.19619,6.19596,0,0
2613,2,4,1817,1,-3.25138,7.12022,4.10191,0,0
2613,2,5,2150,1,-4.74684,9.19619,6.19596,0,0
2614,2,4,1817,1,-3.25138,7.12022,4.10191,0,0
2614,2,5,2150,1,-4.74684,9.19619,6.19596,0,0
2615,2,4,1817,1,-3.25138,7.12022,4.10191,0,0
2615,2,5,2150,1,-4.74684,9.19619,6.19596,0,0
2616,2,4,1817,1,-3.25138,7.12022,4.10191,0,0
2616,2,5,2150,1,-4.74684,9.19619,6.19596,0,0
2617,2,4,1817,1,-3.25138,7.12022,4.10191,0,0
2617,2,5,2150,1,-4.74684,9.19619,6.19596,0,0
2618,2,4,1817,1,-3.25138,7.12022,4.10191,0,0
2618,2,5,2150,1,-4.74684,9.19619,6.19596,0,0
2619,2,4,1817,1,-3.25138,7.12022,4.10191,0,0
2619,2,5,2150,1,-4.74684,9.19619,6.19596,0,0
2620,2,4,1817,1,-3.25138,7.12022,4.10191,0,0
2620,2,5,2150,1,-4.74684,9.19619,6.19596,0,0
2621,2,4,1817,1,-3.25138,7.12022,4.10191,0,0
2621,2,5,2150,1,-4.74684,9.19619,6.19596,0,0
2622,2,4,1817,1,-3.25138,7.12022,4.10191,0,0
2622,2,5,2150,1,-4.74684,9.19619,6.19596,0,0
2623,2,4,1817,1,-3.25138,7.12022,4.10191,0,0
2623,2,5,2150,1,-4.74684,9.19619,6.19596,0,0
2624,2,4,1817,1,-3.25138,7.12022,4.10191,0,0
2624,2,5,2150,1,-4.74684,9.19619,6.19596,0,0
2625,2,4,1817,1,-3.25138,7.12022,4.10191,0,0
2625,2,5,2150,1,-4.74684,9.19619,6.19596,0,0
2626,2,4,1817,1,-3.25138,7.12022,4.10191,0,0
2626,2,5,2150,1,-4.74684,9.19619,6.19596,0,0
2627,2,4,1817,1,-3.25138,7.12022,4.10191,0,0
2627,2,5,2150,1,-4.74684,9.19619,6.19596,0,0
2628,2,4,1817,1,-3.25138,7.12022,4.10191,0,0
2628,2,5,2150,1,-4.74684,9.19619,6.19596,0,0
2629,2,4,1817,1,-3.25138,7.12022,4.10191,0,0
2629,2,5,2150,1,-4.74684,9.19619,6.19596,0,0
2630,2,4,1817,1,-3.25138,7.12022,4.10191,0,0
2630,2,5,2150,1,-4.74684,9.19619,6.19596,0,0
2631,2,4,1817,1,-3.25138,7.12022,4.10191,0,0
2631,2,5,2150,1,-4.74684,9.19619,6.19596,0,0
2632,2,4,1817,1,-3.25138,7.12022,4.10191,0,0
2632,2,5,2150,1,-4.74684,9.19619,6.19596,0,0
2633,2,4,1817,1,-3.25138,7.12022,4.10191,0,0
2633,2,5,2150,1,-4.74684,9.19619,6.19596,0,0
2634,2,4,1817,1,-3.25138,7.12022,4.10191,0,0
2634,2,5,2150,1,-4.74684,9.19619,6.19596,0,0
2635,2,4,1817,1,-3.25138,7.12022,4.10191,0,0
2635,2,5,2150,1,-4.74684,9.19619,6.19596,0,0
2636,2,4,1817,1,-3.25138,7.12022,4.10191,0,0
2636,2,5,2150,1,-4.74684,9.19619,6.19596,0,0
2637,2,4,1817,1,-3.25138,7.12022,4.10191,0,0
2637,2,5,2150,1,-4.74684,9.19619,6.19596,0,0
2638,2,4,1817,1,-3.25138,7.12022,4.10191,0,0
2638,2,5,2150,1,-4.74684,9.19619,6.19596,0,0
2639,2,4,1817,1,-3.25138,7.12022,4.10191,0,0
2639,2,5,2150,1,-4.74684,9.19619,6.19596,0,0
2640,2,4,1817,1,-3.25138,7.12022,4.10191,0,0
2640,2,5,2150,1,-4.74684,9.19619,6.19596,0,0
2641,2,4,1817,1,-3.25138,7.12022,4.10191,0,0
2641,2,5,2150,1,-4.74684,9.19619,6.19596,0,0
2642,2,4,1817,1,-3.25138,7.12022,4.10191,0,0
2642,2,5,2150,1,-4.74684,9.19619,6.19596,0,0
2643,2,4,1817,1,-3.25138,7.12022,4.10191,0,0
2643,2,5,2150,1,-4.74684,9.19619,6.19596,0,0
2644,2,4,1817,1,-3.25138,7.12022,4.10191,0,0
2644,2,5,2150,1,-4.74684,9.19619,6.19596,0,0
2645,2,4,1817,1,-3.25138,7.12022,4.10191,0,0
2645,2,5,2150,1,-4.74684,9.19619,6.19596,0,0
2646,2,4,1817,1,-3.25138,7.12022,4.10191,0,0
2646,2,5,2150,1,-4.74684,9.19619,6.19596,0,0
2647,2,4,1817,1,-3.25138,7.12022,4.10191,0,0
2647,2,5,2150,1,-4.74684,9.19619,6.19596,0,0
2648,2,4,1817,1,-3.25138,7.12022,4.10191,0,0
2648,2,5,2150,1,-4.74684,9.19619,6.19596,0,0
2649,2,4,1817,1,-3.25138,7.12022,4.10191,0,0
2649,2,5,2150,1,-4.74684,9.19619,6.19596,0,0
2650,2,4,1817,1,-3.25138,7.12022,4.10191,0,0
2650,2,5,2150,1,-4.74684,9.19619,6.19596,0,0
2651,2,4,1817,1,-3.25138,7.12022,4.10191,0,0
2651,2,5,2150,1,-4.74684,9.19619,6.19596,0,0
2652,2,4,1817,1,-3.25138,7.12022,4.10191,0,0
2652,2,5,2150,1,-4.74684,9.19619,6.19596,0,0
2653,2,4,1817,1,-3.25138,7.12022,4.10191,0,0
2653,2,5,2150,1,-4.74684,9.19619,6.19596,0,0
2654,2,4,1817,1,-3.25138,7.12022,4.10191,0,0
2654,2,5,2150,1,-4.74684,9.19619,6.19596,0,0
2655,2,4,1817,1,-3.25138,7.12022,4.10191,0,0
2655,2,5,2150,1,-4.74684,9.19619,6.19596,0,0
2656,2,4,1817,1,-3.25138,7.12022,4.10191,0,0
2656,2,5,2150,1,-4.74684,9.19619,6.19596,0,0
2657,2,4,1817,1,-3.25138,7.12022,4.10191,0,0
2657,2,5,2150,1,-4.74684,9.19619,6.19596,0,0
2658,2,4,1817,1,-3.25138,7.12022,4.10191,0,0
2658,2,5,2150,1,-4.74684,9.19619,6.19596,0,0
2659,2,4,1817,1,-3.25138,7.12022,4.10191,0,0
2659,2,5,2150,1,-4.74684,9.19619,6.19596,0,0
2660,2,4,1817,1,-3.25138,7.12022,4.10191,0,0
2660,2,5,2150,1,-4.74684,9.19619,6.19596,0,0
2661,2,4,1817,1,-3.25138,7.12022,4.10191,0,0
2661,2,5,2150,1,-4.74684,9.19619,6.19596,0,0
2662,2,4,1817,1,-3.25138,7.12022,4.10191,0,0
2662,2,5,2150,1,-4.74684,9.19619,6.19596,0,0
2663,2,4,1817,1,-3.25138,7.12022,4.10191,0,0
2663,2,5,2150,1,-4.74684,9.19619,6.19596,0,0
2664,2,4,1817,1,-3.25138,7.12022,4.10191,0,0
2664,2,5,2150,1,-4.74684,9.19619,6.19596,0,0
2665,2,4,1817,1,-3.25138,7.12022,4.10191,0,0
2665,2,5,2150,1,-4.74684,9.19619,6.19596,0,0
2666,2,4,1817,1,-3.25138,7.12022,4.10191,0,0
2666,2,5,2150,1,-4.74684,9.19619,6.19596,0,0
2667,2,4,1817,1,-3.25138,7.12022,4.10191,0,0
2667,2,5,2150,1,-4.74684,9.19619,6.19596,0,0
2668,2,4,1817,1,-3.25138,7.12022,4.10191,0,0
2668,2,5,2150,1,-4.74684,9.19619,6.19596,0,0
2669,2,4,1817,1,-3.25138,7.12022,4.10191,0,0
2669,2,5,2150,1,-4.74684,9.19619,6.19596,0,0
2670,2,4,1817,1,-3.25138,7.12022,4.10191,0,0
2670,2,5,2150,1,-4.74684,9.19619,6.19596,0,0
2671,2,4,1817,1,-3.25138,7.12022,4.10191,0,0
2671,2,5,2150,1,-4.74684,9.19619,6.19596,0,0
2672,2,4,1817,1,-3.25138,7.12022,4.10191,0,0
2672,2,5,2150,1,-4.74684,9.19619,6.19596,0,0
2673,2,4,1817,1,-3.25138,7.12022,4.10191,0,0
2673,2,5,2150,1,-4.74684,9.19619,6.19596,0,0
2674,2,4,1817,1,-3.25138,7.12022,4.10191,0,0
2674,2,5,2150,1,-4.74684,9.19619,6.19596,0,0
2675,2,4,1817,1,-3.25138,7.12022,4.10191,0,0
2675,2,5,2150,1,-4.74684,9.19619,6.19596,0,0
2676,2,4,1817,1,-3.25138,7.12022,4.10191,0,0
2676,2,5,2150,1,-4.74684,9.19619,6.19596,0,0
2677,2,4,1817,1,-3.25138,7.12022,4.10191,0,0
2677,2,5,2150,1,-4.74684,9.19619,6.19596,0,0
2678,2,4,1817,1,-3.25138,7.12022,4.10191,0,0
2678,2,5,2150,1,-4.74684,9.19619,6.19596,0,0
2679,2,4,1817,1,-3.25138,7.12022,4.10191,0,0
2679,2,5,2150,1,-4.74684,9.19619,6.19596,0,0
2680,2,4,1817,1,-3.25138,7.12022,4.10191,0,0
2680,2,5,2150,1,-4.74684,9.19619,6.19596,0,0
2681,2,4,1817,1,-3.25138,7.12022,4.10191,0,0
2681,2,5,2150,1,-4.74684,9.19619,6.19596,0,0
2682,2,4,1817,1,-3.25138,7.12022,4.10191,0,0
2682,2,5,2150,1,-4.74684,9.19619,6.19596,0,0
2683,2,4,1817,1,-3.25138,7.12022,4.10191,0,0
2683,2,5,2150,1,-4.74684,9.19619,6.19596,0,0
2684,2,4,1817,1,-3.25138,7.12022,4.10191,0,0
2684,2,5,2150,1,-4.74684,9.19619,6.19596,0,0
2685,2,4,1817,1,-3.25138,7.12022,4.10191,0,0
2685,2,5,2150,1,-4.74684,9.19619,6.19596,0,0
2686,2,4,1817,1,-3.25138,7.12022,4.10191,0,0
2686,2,5,2150,1,-4.74684,9.19619,6.19596,0,0
2687,2,4,1817,1,-3.25138,7.12022,4.10191,0,0
2687,2,5,2150,1,-4.74684,9.19619,6.19596,0,0
2688,2,4,1817,1,-3.25138,7.12022,4.10191,0,0
2688,2,5,2150,1,-4.74684,9.19619,6.19596,0,0
2689,2,4,1817,1,-3.25138,7.12022,4.10191,0,0
2689,2,5,2150,1,-4.74684,9.19619,6.19596,0,0
2690,2,4,1817,1,-3.25138,7.12022,4.10191,0,0
2690,2,5,2150,1,-4.74684,9.19619,6.19596,0,0
2691,2,4,1817,1,-3.25138,7.12022,4.10191,0,0
2691,2,5,2150,1,-4.74684,9.19619,6.19596,0,0
2692,2,4,1817,1,-3.25138,7.12022,4.10191,0,0
2692,2,5,2150,1,-4.74684,9.19619,6.19596,0,0
2693,2,4,1817,1,-3.25138,7.12022,4.10191,0,0
2693,2,5,2150,1,-4.74684,9.19619,6.19596,0,0
2694,2,4,1817,1,-3.25138,7.12022,4.10191,0,0
2694,2,5,2150,1,-4.74684,9.19619,6.19596,0,0
2695,2,4,1817,1,-3.25138,7.12022,4.10191,0,0
2695,2,5,2150,1,-4.74684,9.19619,6.19596,0,0
2696,2,4,1817,1,-3.25138,7.12022,4.10191,0,0
2696,2,5,2150,1,-4.74684,9.19619,6.19596,0,0
2697,2,4,1817,1,-3.25138,7.12022,4.10191,0,0
2697,2,5,2150,1,-4.74684,9.19619,6.19596,0,0
2698,2,4,1817,1,-3.25138,7.12022,4.10191,0,0
2698,2,5,2150,1,-4.74684,9.19619,6.19596,0,0
2699,2,4,1817,1,-3.25138,7.12022,4.10191,0,0
2699,2,5,2150,1,-4.74684,9.19619,6.19596,0,0
2700,2,4,1817,1,-3.25138,7.12022,4.10191,0,0
2700,2,5,2150,1,-4.74684,9.19619,6.19596,0,0
2701,2,4,1817,1,-3.25138,7.12022,4.10191,0,0
2701,2,5,2150,1,-4.74684,9.19619,6.19596,0,0
2702,2,4,1817,1,-3.25138,7.12022,4.10191,0,0
2702,2,5,2150,1,-4.74684,9.19619,6.19596,0,0
2703,2,4,1817,1,-3.25138,7.12022,4.10191,0,0
2703,2,5,2150,1,-4.74684,9.19619,6.19596,0,0
2704,2,4,1817,1,-3.25138,7.12022,4.10191,0,0
2704,2,5,2150,1,-4.74684,9.19619,6.19596,0,0
2705,2,4,1817,1,-3.25138,7.12022,4.10191,0,0
2705,2,5,2150,1,-4.74684,9.19619,6.19596,0,0
2706,2,4,1817,1,-3.25138,7.12022,4.10191,0,0
2706,2,5,2150,1,-4.74684,9.19619,6.19596,0,0
2707,2,4,1817,1,-3.25138,7.12022,4.10191,0,0
2707,2,5,2150,1,-4.74684,9.19619,6.19596,0,0
2708,2,4,1817,1,-3.25138,7.12022,4.10191,0,0
2708,2,5,2150,1,-4.74684,9.19619,6.19596,0,0
2709,2,4,1817,1,-3.25138,7.12022,4.10191,0,0
2709,2,5,2150,1,-4.74684,9.19619,6.19596,0,0
2710,2,4,1817,1,-3.25138,7.12022,4.10191,0,0
2710,2,5,2150,1,-4.74684,9.19619,6.19596,0,0
2711,2,4,1817,1,-3.25138,7.12022,4.10191,0,0
2711,2,5,2150,1,-4.74684,9.19619,6.19596,0,0
2712,2,4,1817,1,-3.25138,7.12022,4.10191,0,0
2712,2,5,2150,1,-4.74684,9.19619,6.19596,0,0
2713,2,4,1817,1,-3.25138,7.12022,4.10191,0,0
2713,2,5,2150,1,-4.74684,9.19619,6.19596,0,0
2714,2,4,1817,1,-3.25138,7.12022,4.10191,0,0
2714,2,5,2150,1,-4.74684,9.19619,6.19596,0,0
2715,2,4,1817,1,-3.25138,7.12022,4.10191,0,0
2715,2,5,2150,1,-4.74684,9.19619,6.19596,0,0
2716,2,4,1817,1,-3.25138,7.12022,4.10191,0,0
2716,2,5,2150,1,-4.74684,9.19619,6.19596,0,0
2717,2,4,1817,1,-3.25138,7.12022,4.10191,0,0
2717,2,5,2150,1,-4.74684,9.19619,6.19596,0,0
2718,2,4,1817,1,-3.25138,7.12022,4.10191,0,0
2718,2,5,2150,1,-4.74684,9.19619,6.19596,0,0
2719,2,4,1817,1,-3.25138,7.12022,4.10191,0,0
2719,2,5,2150,1,-4.74684,9.19619,6.19596,0,0
2720,2,4,1817,1,-3.25138,7.12022,4.10191,0,0
2720,2,5,2150,1,-4.74684,9.19619,6.19596,0,0
2721,2,4,1817,1,-3.25138,7.12022,4.10191,0,0
2721,2,5,2150,1,-4.74684,9.19619,6.19596,0,0
2722,2,4,1817,1,-3.25138,7.12022,4.10191,0,0
2722,2,5,2150,1,-4.74684,9.19619,6.19596,0,0
2723,2,4,1817,1,-3.25138,7.12022,4.10191,0,0
2723,2,5,2150,1,-4.74684,9.19619,6.19596,0,0
2724,2,4,1817,1,-3.25138,7.12022,4.10191,0,0
2724,2,5,2150,1,-4.74684,9.19619,6.19596,0,0
2725,2,4,1817,1,-3.25138,7.12022,4.10191,0,0
2725,2,5,2150,1,-4.74684,9.19619,6.19596,0,0
2726,2,4,1817,1,-3.25138,7.12022,4.10191,0,0
2726,2,5,2150,1,-4.74684,9.19619,6.19596,0,0
2727,2,4,1817,1,-3.25138,7.12022,4.10191,0,0
2727,2,5,2150,1,-4.74684,9.19619,6.19596,0,0
2728,2,4,1817,1,-3.25138,7.12022,4.10191,0,0
2728,2,5,2150,1,-4.74684,9.19619,6.19596,0,0
2729,2,4,1817,1,-3.25138,7.12022,4.10191,0,0
2729,2,5,2150,1,-4.74684,9.19619,6.19596,0,0
2730,2,4,1817,1,-3.25138,7.12022,4.10191,0,0
2730,2,5,2150,1,-4.74684,9.19619,6.19596,0,0
2731,2,4,1817,1,-3.25138,7.12022,4.10191,0,0
2731,2,5,2150,1,-4.74684,9.19619,6.19596,0,0
2732,2,4,1817,1,-3.25138,7.12022,4.10191,0,0
2732,2,5,2150,1,-4.74684,9.19619,6.19596,0,0
2733,2,4,1817,1,-3.25138,7.12022,4.10191,0,0
2733,2,5,2150,1,-4.74684,9.19619,6.19596,0,0
2734,2,4,1817,1,-3.25138,7.12022,4.10191,0,0
2734,2,5,2150,1,-4.74684,9.19619,6.19596,0,0
2735,2,4,1817,1,-3.25138,7.12022,4.10191,0,0
2735,2,5,2150,1,-4.74684,9.19619,6.19596,0,0
2736,2,4,1817,1,-3.25138,7.12022,4.10191,0,0
2736,2,5,2150,1,-4.74684,9.19619,6.19596,0,0
2737,2,4,1817,1,-3.25138,7.12022,4.10191,0,0
2737,2,5,2150,1,-4.74684,9.19619,6.19596,0,0
2738,2,4,1817,1,-3.25138,7.12022,4.10191,0,0
2738,2,5,2150,1,-4.74684,9.19619,6.19596,0,0
2739,2,4,1817,1,-3.25138,7.12022,4.10191,0,0
2739,2,5,2150,1,-4.74684,9.19619,6.19596,0,0
2740,2,4,1817,1,-3.25138,7.12022,4.10191,0,0
2740,2,5,2150,1,-4.74684,9.19619,6.19596,0,0
2741,2,4,1817,1,-3.25138,7.12022,4.10191,0,0
2741,2,5,2150,1,-4.74684,9.19619,6.19596,0,0
2742,2,4,1817,1,-3.25138,7.12022,4.10191,0,0
2742,2,5,2150,1,-4.74684,9.19619,6.19596,0,0
2743,2,4,1817,1,-3.25138,7.12022,4.10191,0,0
2743,2,5,2150,1,-4.74684,9.19619,6.19596,0,0
2744,2,4,1817,1,-3.25138,7.12022,4.10191,0,0
2744,2,5,2150,1,-4.74684,9.19619,6.19596,0,0
2745,2,4,1817,1,-3.25138,7.12022,4.10191,0,0
2745,2,5,2150,1,-4.74684,9.19619,6.19596,0,0
2746,2,4,1817,1,-3.25138,7.12022,4.10191,0,0
2746,2,5,2150,1,-4.74684,9.19619,6.19596,0,0
2747,2,4,1817,1,-3.25138,7.12022,4.10191,0,0
2747,2,5,2150,1,-4.74684,9.19619,6.19596,0,0
2748,2,4,1817,1,-3.25138,7.12022,4.10191,0,0
2748,2,5,2150,1,-4.74684,9.19619,6.19596,0,0
2749,2,4,1817,1,-3.25138,7.12022,4.10191,0,0
2749,2,5,2150,1,-4.74684,9.19619,6.19596,0,0
2750,2,4,1817,1,-3.25138,7.12022,4.10191,0,0
2750,2,5,2150,1,-4.74684,9.19619,6.19596,0,0
2751,2,4,1817,1,-3.25138,7.12022,4.10191,0,0
2751,2,5,2150,1,-4.74684,9.19619,6.19596,0,0
2752,2,4,1817,1,-3.25138,7.12022,4.10191,0,0
2752,2,5,2150,1,-4.74684,9.19619,6.19596,0,0
2753,2,4,1817,1,-3.25138,7.12022,4.10191,0,0
2753,2,5,2150,1,-4.74684,9.19619,6.19596,0,0
2754,2,4,1817,1,-3.25138,7.12022,4.10191,0,0
2754,2,5,2150,1,-4.74684,9.19619,6.19596,0,0
2755,2,4,1817,1,-3.25138,7.12022,4.10191,0,0
2755,2,5,2150,1,-4.74684,9.19619,6.19596,0,0
2756,2,4,1817,1,-3.25138,7.12022,4.10191,0,0
2756,2,5,2150,1,-4.74684,9.19619,6.19596,0,0
2757,2,4,1817,1,-3.25138,7.12022,4.10191,0,0
2757,2,5,2150,1,-4.74684,9.19619,6.19596,0,0
2758,2,4,1817,1,-3.25138,7.12022,4.10191,0,0
2758,2,5,2150,1,-4.74684,9.19619,6.19596,0,0
2759,2,4,1817,1,-3.25138,7.12022,4.10191,0,0
2759,2,5,2150,1,-4.74684,9.19619,6.19596,0,0
2760,2,4,1817,1,-3.25138,7.12022,4.10191,0,0
2760,2,5,2150,1,-4.74684,9.19619,6.19596,0,0
2761,2,4,1817,1,-3.25138,7.12022,4.10191,0,0
2761,2,5,2150,1,-4.74684,9.19619,6.19596,0,0
2762,2,4,1817,1,-3.25138,7.12022,4.10191,0,0
2762,2,5,2150,1,-4.74684,9.19619,6.19596,0,0
2763,2,4,1817,1,-3.25138,7.12022,4.10191,0,0
2763,2,5,2150,1,-4.74684,9.19619,6.19596,0,0
2764,2,4,1817,1,-3.25138,7.12022,4.10191,0,0
2764,2,5,2150,1,-4.74684,9.19619,6.19596,0,0
2765,2,4,1817,1,-3.25138,7.12022,4.10191,0,0
2765,2,5,2150,1,-4.74684,9.19619,6.19596,0,0
2766,2,4,1817,1,-3.25138,7.12022,4.10191,0,0
2766,2,5,2150,1,-4.74684,9.19619,6.19596,0,0
2767,2,4,1817,1,-3.25138,7.12022,4.10191,0,0
2767,2,5,2150,1,-4.74684,9.19619,6.19596,0,0
2768,2,4,1817,1,-3.25138,7.12022,4.10191,0,0
2768,2,5,2150,1,-4.74684,9.19619,6.19596,0,0
2769,2,4,1817,1,-3.25138,7.12022,4.10191,0,0
2769,2,5,2150,1,-4.74684,9.19619,6.19596,0,0
2770,2,4,1817,1,-3.25138,7.12022,4.10191,0,0
2770,2,5,2150,1,-4.74684,9.19619,6.19596,0,0
2771,2,4,1817,1,-3.25138,7.12022,4.10191,0,0
2771,2,5,2150,1,-4.74684,9.19619,6.19596,0,0
2772,2,4,1817,1,-3.25138,7.12022,4.10191,0,0
2772,2,5,2150,1,-4.74684,9.19619,6.19596,0,0
2773,2,4,1817,1,-3.25138,7.12022,4.10191,0,0
2773,2,5,2150,1,-4.74684,9.19619,6.19596,0,0
2774,2,4,1817,1,-3.25138,7.12022,4.10191,0,0
2774,2,5,2150,1,-4.74684,9.19619,6.19596,0,0
2775,2,4,1817,1,-3.25138,7.12022,4.10191,0,0
2775,2,5,2150,1,-4.74684,9.19619,6.19596,0,0
2776,2,4,1817,1,-3.25138,7.12022,4.10191,0,0
2776,2,5,2150,1,-4.74684,9.19619,6.19596,0,0
2777,2,4,1817,1,-3.25138,7.12022,4.10191,0,0
2777,2,5,2150,1,-4.74684,9.19619,6.19596,0,0
2778,2,4,1817,1,-3.25138,7.12022,4.10191,0,0
2778,2,5,2150,1,-4.74684,9.19619,6.19596,0,0
2779,2,4,1817,1,-3.25138,7.12022,4.10191,0,0
2779,2,5,2150,1,-4.74684,9.19619,6.19596,0,0
2780,2,4,1817,1,-3.25138,7.12022,4.10191,0,0
2780,2,5,2150,1,-4.74684,9.19619,6.19596,0,0
2781,2,4,1817,1,-3.25138,7.12022,4.10191,0,0
2781,2,5,2150,1,-4.74684,9.19619,6.19596,0,0
2782,2,4,1817,1,-3.25138,7.12022,4.10191,0,0
2782,2,5,2150,1,-4.74684,9.19619,6.19596,0,0
2783,2,4,1817,1,-3.25138,7.12022,4.10191,0,0
2783,2,5,2150,1,-4.74684,9.19619,6.19596,0,0
2784,2,4,1817,1,-3.25138,7.12022,4.10191,0,0
2784,2,5,2150,1,-4.74684,9.19619,6.19596,0,0
2785,2,4,1817,1,-3.25138,7.12022,4.10191,0,0
2785,2,5,2150,1,-4.74684,9.19619,6.19596,0,0
2786,2,4,1817,1,-3.25138,7.12022,4.10191,0,0
2786,2,5,2150,1,-4.74684,9.19619,6.19596,0,0
2787,2,4,1817,1,-3.25138,7.12022,4.10191,0,0
2787,2,5,2150,1,-4.74684,9.19619,6.19596,0,0
2788,2,4,1817,1,-3.25138,7.12022,4.10191,0,0
2788,2,5,2150,1,-4.74684,9.19619,6.19596,0,0
2789,2,4,1817,1,-3.25138,7.12022,4.10191,0,0
2789,2,5,2150,1,-4.74684,9.19619,6.19596,0,0
2790,2,4,1817,1,-3.25138,7.12022,4.10191,0,0
2790,2,5,2150,1,-4.74684,9.19619,6.19596,0,0
2791,2,4,1817,1,-3.25138,7.12022,4.10191,0,0
2791,2,5,2150,1,-4.74684,9.19619,6.19596,0,0
2792,2,4,1817,1,-3.25138,7.12022,4.10191,0,0
2792,2,5,2150,1,-4.74684,9.19619,6.19596,0,0
2793,2,4,1817,1,-3.25138,7.12022,4.10191,0,0
2793,2,5,2150,1,-4.74684,9.19619,6.19596,0,0
2794,2,4,1817,1,-3.25138,7.12022,4.10191,0,0
2794,2,5,2150,1,-4.74684,9.19619,6.19596,0,0
2795,2,4,1817,1,-3.25138,7.12022,4.10191,0,0
2795,2,5,2150,1,-4.74684,9.19619,6.19596,0,0
2796,2,4,1817,1,-3.25138,7.12022,4.10191,0,0
2796,2,5,2150,1,-4.74684,9.19619,6.19596,0,0
2797,2,4,1817,1,-3.25138,7.12022,4.10191,0,0
2797,2,5,2150,1,-4.74684,9.19619,6.19596,0,0
2798,2,4,1817,1,-3.25138,7.12022,4.10191,0,0
2798,2,5,2150,1,-4.74684,9.19619,6.19596,0,0
2799,2,4,1817,1,-3.25138,7.12022,4.10191,0,0
2799,2,5,2150,1,-4.74684,9.19619,6.19596,0,0
2800,2,4,1817,1,-3.25138,7.12022,4.10191,0,0
2800,2,5,2150,1,-4.74684,9.19619,6.19596,0,0
2801,2,4,1817,1,-3.25138,7.12022,4.10191,0,0
2801,2,5,2150,1,-4.74684,9.19619,6.19596,0,0
2802,2,4,1817,1,-3.25138,7.12022,4.10191,0,0
2802,2,5,2150,1,-4.74684,9.19619,6.19596,0,0
2803,2,4,1817,1,-3.25138,7.12022,4.10191,0,0
2803,2,5,2150,1,-4.74684,9.19619,6.19596,0,0
2804,2,4,1817,1,-3.25138,7.12022,4.10191,0,0
2804,2,5,2150,1,-4.74684,9.19619,6.19596,0,0
2805,2,4,1817,1,-3.25138,7.12022,4.10191,0,0
2805,2,5,2150,1,-4.74684,9.19619,6.19596,0,0
2806,2,4,1817,1,-3.25138,7.12022,4.10191,0,0
2806,2,5,2150,1,-4.74684,9.19619,6.19596,0,0
2807,2,4,1817,1,-3.25138,7.12022,4.10191,0,0
2807,2,5,2150,1,-4.74684,9.19619,6.19596,0,0
2808,2,4,1817,1,-3.25138,7.12022,4.10191,0,0
2808,2,5,2150,1,-4.74684,9.19619,6.19596,0,0
2809,2,4,1817,1,-3.25138,7.12022,4.10191,0,0
2809,2,5,2150,1,-4.74684,9.19619,6.19596,0,0
2810,2,4,1817,1,-3.25138,7.12022,4.10191,0,0
2810,2,5,2150,1,-4.74684,9.19619,6.19596,0,0
2811,2,4,1817,1,-3.25138,7.12022,4.10191,0,0
2811,2,5,2150,1,-4.74684,9.19619,6.19596,0,0
2812,2,4,1817,1,-3.25138,7.12022,4.10191,0,0
2812,2,5,2150,1,-4.74684,9.19619,6.19596,0,0
2813,2,4,1817,1,-3.25138,7.12022,4.10191,0,0
2813,2,5,2150,1,-4.74684,9.19619,6.19596,0,0
2814,2,4,1817,1,-3.25138,7.12022,4.10191,0,0
2814,2,5,2150,1,-4.74684,9.19619,6.19596,0,0
2815,2,4,1817,1,-3.25138,7.12022,4.10191,0,0
2815,2,5,2150,1,-4.74684,9.19619,6.19596,0,0
2816,2,4,1817,1,-3.25138,7.12022,4.10191,0,0
2816,2,5,2150,1,-4.74684,9.19619,6.19596,0,0
2817,2,4,1817,1,-3.25138,7.12022,4.10191,0,0
2817,2,5,2150,1,-4.74684,9.19619,6.19596,0,0
2818,2,4,1817,1,-3.25138,7.12022,4.10191,0,0
2818,2,5,2150,1,-4.74684,9.19619,6.19596,0,0
2819,2,4,1817,1,-3.25138,7.12022,4.10191,0,0
2819,2,5,2150,1,-4.74684,9.19619,6.19596,0,0
2820,2,4,1817,1,-3.25138,7.12022,4.10191,0,0
2820,2,5,2150,1,-4.74684,9.19619,6.19596,0,0
2821,2,4,1817,1,-3.25138,7.12022,4.10191,0,0
2821,2,5,2150,1,-4.74684,9.19619,6.19596,0,0
2822,2,4,1817,1,-3.25138,7.12022,4.10191,0,0
2822,2,5,2150,1,-4.74684,9.19619,6.19596,0,0
2823,2,4,1817,1,-3.25138,7.12022,4.10191,0,0
2823,2,5,2150,1,-4.74684,9.19619,6.19596,0,0
2824,2,4,1817,1,-3.25138,7.12022,4.10191,0,0
2824,2,5,2150,1,-4.74684,9.19619,6.19596,0,0
2825,2,4,1817,1,-3.25138,7.12022,4.10191,0,0
2825,2,5,2150,1,-4.74684,9.19619,6.19596,0,0
2826,2,4,1817,1,-3.25138,7.12022,4.10191,0,0
2826,2,5,2150,1,-4.74684,9.19619,6.19596,0,0
2827,2,4,1817,1,-3.25138,7.12022,4.10191,0,0
2827,2,5,2150,1,-4.74684,9.19619,6.19596,0,0
2828,2,4,1817,1,-3.25138,7.12022,4.10191,0,0
2828,2,5,2150,1,-4.74684,9.19619,6.19596,0,0
2829,2,4,1817,1,-3.25138,7.12022,4.10191,0,0
2829,2,5,2150,1,-4.74684,9.19619,6.19596,0,0
2830,2,4,1817,1,-3.25138,7.12022,4.10191,0,0
2830,2,5,2150,1,-4.74684,9.19619,6.19596,0,0
2831,2,4,1817,1,-3.25138,7.12022,4.10191,0,0
2831,2,5,2150,1,-4.74684,9.19619,6.19596,0,0
2832,2,4,1817,1,-3.25138,7.12022,4.10191,0,0
2832,2,5,2150,1,-4.74684,9.19619,6.19596,0,0
2833,2,4,1817,1,-3.25138,7.12022,4.10191,0,0
2833,2,5,2150,1,-4.74684,9.19619,6.19596,0,0
2834,2,4,1817,1,-3.25138,7.12022,4.10191,0,0
2834,2,5,2150,1,-4.74684,9.19619,6.19596,0,0
2835,2,4,1817,1,-3.25138,7.12022,4.10191,0,0
2835,2,5,2150,1,-4.74684,9.19619,6.19596,0,0
2836,2,4,1817,1,-3.25138,7.12022,4.10191,0,0
2836,2,5,2150,1,-4.74684,9.19619,6.19596,0,0
2837,2,4,1817,1,-3.25138,7.12022,4.10191,0,0
2837,2,5,2150,1,-4.74684,9.19619,6.19596,0,0
2838,2,4,1817,1,-3.25138,7.12022,4.10191,0,0
2838,2,5,2150,1,-4.74684,9.19619,6.19596,0,0
2839,2,4,1817,1,-3.25138,7.12022,4.10191,0,0
2839,2,5,2150,1,-4.74684,9.19619,6.19596,0,0
2840,2,4,1817,1,-3.25138,7.12022,4.10191,0,0
2840,2,5,2150,1,-4.74684,9.19619,6.19596,0,0
2841,2,4,1817,1,-3.25138,7.12022,4.10191,0,0
2841,2,5,2150,1,-4.74684,9.19619,6.19596,0,0
2842,2,4,1817,1,-3.25138,7.12022,4.10191,0,0
2842,2,5,2150,1,-4.74684,9.19619,6.19596,0,0
2843,2,4,1817,1,-3.25138,7.12022,4.10191,0,0
2843,2,5,2150,1,-4.74684,9.19619,6.19596,0,0
2844,2,4,1817,1,-3.25138,7.12022,4.10191,0,0
2844,2,5,2150,1,-4.74684,9.19619,6.19596,0,0
2845,2,4,1817,1,-3.25138,7.12022,4.10191,0,0
2845,2,5,2150,1,-4.74684,9.19619,6.19596,0,0
2846,2,4,1817,1,-3.25138,7.12022,4.10191,0,0
2846,2,5,2150,1,-4.74684,9.19619,6.19596,0,0
2847,2,4,1817,1,-3.25138,7.12022,4.10191,0,0
2847,2,5,2150,1,-4.74684,9.19619,6.19596,0,0
2848,2,4,1817,1,-3.25138,7.12022,4.10191,0,0
2848,2,5,2150,1,-4.74684,9.19619,6.19596,0,0
2849,2,4,1817,1,-3.25138,7.12022,4.10191,0,0
2849,2,5,2150,1,-4.74684,9.19619,6.19596,0,0
2850,2,4,1817,1,-3.25138,7.12022,4.10191,0,0
2850,2,5,2150,1,-4.74684,9.19619,6.19596,0,0
2851,2,4,1817,1,-3.25138,7.12022,4.10191,0,0
2851,2,5,2150,1,-4.74684,9.19619,6.19596,0,0
2852,2,4,1817,1,-3.25138,7.12022,4.10191,0,0
2852,2,5,2150,1,-4.74684,9.19619,6.19596,0,0
2853,2,4,1817,1,-3.25138,7.12022,4.10191,0,0
2853,2,5,2150,1,-4.74684,9.19619,6.19596,0,0
2854,2,4,1817,1,-3.25138,7.12022,4.10191,0,0
2854,2,5,2150,1,-4.74684,9.19619,6.19596,0,0
2855,2,4,1817,1,-3.25138,7.12022,4.10191,0,0
2855,2,5,2150,1,-4.74684,9.19619,6.19596,0,0
2856,2,4,1817,1,-3.25138,7.12022,4.10191,0,0
2856,2,5,2150,1,-4.74684,9.19619,6.19596,0,0
2857,2,4,1817,1,-3.25138,7.12022,4.10191,0,0
2857,2,5,2150,1,-4.74684,9.19619,6.19596,0,0
2858,2,4,1817,1,-3.25138,7.12022,4.10191,0,0
2858,2,5,2150,1,-4.74684,9.19619,6.19596,0,0
2859,2,4,1817,1,-3.25138,7.12022,4.10191,0,0
2859,2,5,2150,1,-4.74684,9.19619,6.19596,0,0
2860,2,4,1817,1,-3.25138,7.12022,4.10191,0,0
2860,2,5,2150,1,-4.74684,9.19619,6.19596,0,0
2861,2,4,1817,1,-3.25138,7.12022,4.10191,0,0
2861,2,5,2150,1,-4.74684,9.19619,6.19596,0,0
2862,2,4,1817,1,-3.25138,7.12022,4.10191,0,0
2862,2,5,2150,1,-4.74684,9.19619,6.19596,0,0
2863,2,4,1817,1,-3.25138,7.12022,4.10191,0,0
2863,2,5,2150,1,-4.74684,9.19619,6.19596,0,0
2864,2,4,1817,1,-3.25138,7.12022,4.10191,0,0
2864,2,5,2150,1,-4.74684,9.19619,6.19596,0,0
2865,2,4,1817,1,-3.25138,7.12022,4.10191,0,0
2865,2,5,2150,1,-4.74684,9.19619,6.19596,0,0
2866,2,4,1817,1,-3.25138,7.12022,4.10191,0,0
2866,2,5,2150,1,-4.74684,9.19619,6.19596,0,0
2867,2,4,1817,1,-3.25138,7.12022,4.10191,0,0
2867,2,5,2150,1,-4.74684,9.19619,6.19596,0,0
2868,2,4,1817,1,-3.25138,7.12022,4.10191,0,0
2868,2,5,2150,1,-4.74684,9.19619,6.19596,0,0
2869,2,4,1817,1,-3.25138,7.12022,4.10191,0,0
2869,2,5,2150,1,-4.74684,9.19619,6.19596,0,0
2870,2,4,1817,1,-3.25138,7.12022,4.10191,0,0
2870,2,5,2150,1,-4.74684,9.19619,6.19596,0,0
2871,2,4,1817,1,-3.25138,7.12022,4.10191,0,0
2871,2,5,2150,1,-4.74684,9.19619,6.19596,0,0
2872,2,4,1817,1,-3.25138,7.12022,4.10191,0,0
2872,2,5,2150,1,-4.74684,9.19619,6.19596,0,0
2873,2,4,1817,1,-3.25138,7.12022,4.10191,0,0
2873,2,5,2150,1,-4.74684,9.19619,6.19596,0,0
2874,2,4,1817,1,-3.25138,7.12022,4.10191,0,0
2874,2,5,2150,1,-4.74684,9.19619,6.19596,0,0
2875,2,4,1817,1,-3.25138,7.12022,4.10191,0,0
2875,2,5,2150,1,-4.74684,9.19619,6.19596,0,0
2876,2,4,1817,1,-3.25138,7.12022,4.10191,0,0
2876,2,5,2150,1,-4.74684,9.19619,6.19596,0,0
2877,2,4,1817,1,-3.25138,7.12022,4.10191,0,0
2877,2,5,2150,1,-4.74684,9.19619,6.19596,0,0
2878,2,4,1817,1,-3.25138,7.12022,4.10191,0,0
2878,2,5,2150,1,-4.74684,9.19619,6.19596,0,0
2879,2,4,1817,1,-3.25138,7.12022,4.10191,0,0
2879,2,5,2150,1,-4.74684,9.19619,6.19596,0,0
2880,2,4,1817,1,-3.25138,7.12022,4.10191,0,0
2880,2,5,2150,1,-4.74684,9.19619,6.19596,0,0
2881,2,4,1817,1,-3.25138,7.12022,4.10191,0,0
2881,2,5,2150,1,-4.74684,9.19619,6.19596,0,0
2882,2,4,1817,1,-3.25138,7.12022,4.10191,0,0
2882,2,5,2150,1,-4.74684,9.19619,6.19596,0,0
2883,2,4,1817,1,-3.25138,7.12022,4.10191,0,0
2883,2,5,2150,1,-4.74684,9.19619,6.19596,0,0
2884,2,4,1817,1,-3.25138,7.12022,4.10191,0,0
2884,2,5,2150,1,-4.74684,9.19619,6.19596,0,0
2885,2,4,1817,1,-3.25138,7.12022,4.10191,0,0
2885,2,5,2150,1,-4.74684,9.19619,6.19596,0,0
2886,2,4,1817,1,-3.25138,7.12022,4.10191,0,0
2886,2,5,2150,1,-4.74684,9.19619,6.19596,0,0
2887,2,4,1817,1,-3.25138,7.12022,4.10191,0,0
2887,2,5,2150,1,-4.74684,9.19619,6.19596,0,0
2888,2,4,1817,1,-3.25138,7.12022,4.10191,0,0
2888,2,5,2150,1,-4.74684,9.19619,6.19596,0,0
2889,2,4,1817,1,-3.25138,7.12022,4.10191,0,0
2889,2,5,2150,1,-4.74684,9.19619,6.19596,0,0
2890,2,4,1817,1,-3.25138,7.12022,4.10191,0,0
2890,2,5,2150,1,-4.74684,9.19619,6.19596,0,0
2891,2,4,1817,1,-3.25138,7.12022,4.10191,0,0
2891,2,5,2150,1,-4.74684,9.19619,6.19596,0,0
2892,2,4,1817,1,-3.25138,7.12022,4.10191,0,0
2892,2,5,2150,1,-4.74684,9.19619,6.19596,0,0
2893,2,4,1817,1,-3.25138,7.12022,4.10191,0,0
2893,2,5,2150,1,-4.74684,9.19619,6.19596,0,0
2894,2,4,1817,1,-3.25138,7.12022,4.10191,0,0
2894,2,5,2150,1,-4.74684,9.19619,6.19596,0,0
2895,2,4,1817,1,-3.25138,7.12022,4.10191,0,0
2895,2,5,2150,1,-4.74684,9.19619,6.19596,0,0
2896,2,4,1817,1,-3.25138,7.12022,4.10191,0,0
2896,2,5,2150,1,-4.74684,9.19619,6.19596,0,0
2897,2,4,1817,1,-3.25138,7.12022,4.10191,0,0
2897,2,5,2150,1,-4.74684,9.19619,6.19596,0,0
2898,2,4,1817,1,-3.25138,7.12022,4.10191,0,0
2898,2,5,2150,1,-4.74684,9.19619,6.19596,0,0
2899,2,4,1817,1,-3.25138,7.12022,4.10191,0,0
2899,2,5,2150,1,-4.74684,9.19619,6.19596,0,0
2900,2,4,1817,1,-3.25138,7.12022,4.10191,0,0
2900,2,5,2150,1,-4.74684,9.19619,6.19596,0,0
2901,2,4,1817,1,-3.25138,7.12022,4.10191,0,0
2901,2,5,2150,1,-4.74684,9.19619,6.19596,0,0
2902,2,4,1817,1,-3.25138,7.12022,4.10191,0,0
2902,2,5,2150,1,-4.74684,9.19619,6.19596,0,0
2903,2,4,1817,1,-3.25138,7.12022,4.10191,0,0
2903,2,5,2150,1,-4.74684,9.19619,6.19596,0,0
2904,2,4,1817,1,-3.25138,7.12022,4.10191,0,0
2904,2,5,2150,1,-4.74684,9.19619,6.19596,0,0
2905,2,4,1817,1,-3.25138,7.12022,4.10191,0,0
2905,2,5,2150,1,-4.74684,9.19619,6.19596,0,0
2906,2,4,1817,1,-3.25138,7.12022,4.10191,0,0
2906,2,5,2150,1,-4.74684,9.19619,6.19596,0,0
2907,2,4,1817,1,-3.25138,7.12022,4.10191,0,0
2907,2,5,2150,1,-4.74684,9.19619,6.19596,0,0
2908,2,4,1817,1,-3.25138,7.12022,4.10191,0,0
2908,2,5,2150,1,-4.74684,9.19619,6.19596,0,0
2909,2,4,1817,1,-3.25138,7.12022,4.10191,0,0
2909,2,5,2150,1,-4.74684,9.19619,6.19596,0,0
2910,2,4,1817,1,-3.25138,7.12022,4.10191,0,0
2910,2,5,2150,1,-4.74684,9.19619,6.19596,0,0
2911,2,4,1817,1,-3.25138,7.12022,4.10191,0,0
2911,2,5,2150,1,-4.74684,9.19619,6.19596,0,0
2912,2,4,1817,1,-3.25138,7.12022,4.10191,0,0
2912,2,5,2150,1,-4.74684,9.19619,6.19596,0,0
2913,2,4,1817,1,-3.25138,7.12022,4.10191,0,0
2913,2,5,2150,1,-4.74684,9.19619,6.19596,0,0
2914,2,4,1817,1,-3.25138,7.12022,4.10191,0,0
2914,2,5,2150,1,-4.74684,9.19619,6.19596,0,0
2915,2,4,1817,1,-3.25138,7.12022,4.10191,0,0
2915,2,5,2150,1,-4.74684,9.19619,6.19596,0,0
2916,2,4,1817,1,-3.25138,7.12022,4.10191,0,0
2916,2,5,2150,1,-4.74684,9.19619,6.19596,0,0
2917,2,4,1817,1,-3.25138,7.12022,4.10191,0,0
2917,2,5,2150,1,-4.74684,9.19619,6.19596,0,0
2918,2,4,1817,1,-3.25138,7.12022,4.10191,0,0
2918,2,5,2150,1,-4.74684,9.19619,6.19596,0,0
2919,2,4,1817,1,-3.25138,7.12022,4.10191,0,0
2919,2,5,2150,1,-4.74684,9.19619,6.19596,0,0
2920,2,4,1817,1,-3.25138,7.12022,4.10191,0,0
2920,2,5,2150,1,-4.74684,9.19619,6.19596,0,0
2921,2,4,1817,1,-3.25138,7.12022,4.10191,0,0
2921,2,5,2150,1,-4.74684,9.19619,6.19596,0,0
2922,2,4,1817,1,-3.25138,7.12022,4.10191,0,0
2922,2,5,2150,1,-4.74684,9.19619,6.19596,0,0
2923,2,4,1817,1,-3.25138,7.12022,4.10191,0,0
2923,2,5,2150,1,-4.74684,9.19619,6.19596,0,0
2924,2,4,1817,1,-3.25138,7.12022,4.10191,0,0
2924,2,5,2150,1,-4.74684,9.19619,6.19596,0,0
2925,2,4,1817,1,-3.25138,7.12022,4.10191,0,0
2925,2,5,2150,1,-4.74684,9.19619,6.19596,0,0
2926,2,4,1817,1,-3.25138,7.12022,4.10191,0,0
2926,2,5,2150,1,-4.74684,9.19619,6.19596,0,0
2927,2,4,1817,1,-3.25138,7.12022,4.10191,0,0
2927,2,5,2150,1,-4.74684,9.19619,6.19596,0,0
2928,2,4,1817,1,-3.25138,7.12022,4.10191,0,0
2928,2,5,2150,1,-4.74684,9.19619,6.19596,0,0
2929,2,4,1817,1,-3.25138,7.12022,4.10191,0,0
2929,2,5,2150,1,-4.74684,9.19619,6.19596,0,0
2930,2,4,1817,1,-3.25138,7.12022,4.10191,0,0
2930,2,5,2150,1,-4.74684,9.19619,6.19596,0,0
2931,2,4,1817,1,-3.25138,7.12022,4.10191,0,0
2931,2,5,2150,1,-4.74684,9.19619,6.19596,0,0
2932,2,4,1817,1,-3.25138,7.12022,4.10191,0,0
2932,2,5,2150,1,-4.74684,9.19619,6.19596,0,0
2933,2,4,1817,1,-3.25138,7.12022,4.10191,0,0
2933,2,5,2150,1,-4.74684,9.19619,6.19596,0,0
2934,2,4,1817,1,-3.25138,7.12022,4.10191,0,0
2934,2,5,2150,1,-4.74684,9.19619,6.19596,0,0
2935,2,4,1817,1,-3.25138,7.12022,4.10191,0,0
2935,2,5,2150,1,-4.74684,9.19619,6.19596,0,0
2936,2,4,1817,1,-3.25138,7.12022,4.10191,0,0
2936,2,5,2150,1,-4.74684,9.19619,6.19596,0,0
2937,2,4,1817,1,-3.25138,7.12022,4.10191,0,0
2937,2,5,2150,1,-4.74684,9.19619,6.19596,0,0
2938,2,4,1817,1,-3.25138,7.12022,4.10191,0,0
2938,2,5,2150,1,-4.74684,9.19619,6.19596,0,0
2939,2,4,1817,1,-3.25138,7.12022,4.10191,0,0
2939,2,5,2150,1,-4.74684,9.19619,6.19596,0,0
2940,2,4,1817,1,-3.25138,7.12022,4.10191,0,0
2940,2,5,2150,1,-4.74684,9.19619,6.19596,0,0
2941,2,4,1817,1,-3.25138,7.12022,4.10191,0,0
2941,2,5,2150,1,-4.74684,9.19619,6.19596,0,0
2942,2,4,1817,1,-3.25138,7.12022,4.10191,0,0
2942,2,5,2150,1,-4.74684,9.19619,6.19596,0,0
2943,2,4,1817,1,-3.25138,7.12022,4.10191,0,0
2943,2,5,2150,1,-4.74684,9.19619,6.19596,0,0
2944,2,4,1817,1,-3.25138,7.12022,4.10191,0,0
2944,2,5,2150,1,-4.74684,9.19619,6.19596,0,0
2945,2,4,1817,1,-3.25138,7.12022,4.10191,0,0
2945,2,5,2150,1,-4.74684,9.19619,6.19596,0,0
2946,2,4,1817,1,-3.25138,7.12022,4.10191,0,0
2946,2,5,2150,1,-4.74684,9.19619,6.19596,0,0
2947,2,4,1817,1,-3.25138,7.12022,4.10191,0,0
2947,2,5,2150,1,-4.74684,9.19619,6.19596,0,0
2948,2,4,1817,1,-3.25138,7.12022,4.10191,0,0
2948,2,5,2150,1,-4.74684,9.19619,6.19596,0,0
2949,2,4,1817,1,-3.25138,7.12022,4.10191,0,0
2949,2,5,2150,1,-4.74684,9.19619,6.19596,0,0
2950,2,4,1817,1,-3.25138,7.12022,4.10191,0,0
2950,2,5,2150,1,-4.74684,9.19619,6.19596,0,0
2951,2,4,1817,1,-3.25138,7.12022,4.10191,0,0
2951,2,5,2150,1,-4.74684,9.19619,6.19596,0,0
2952,2,4,1817,1,-3.25138,7.12022,4.10191,0,0
2952,2,5,2150,1,-4.74684,9.19619,6.19596,0,0
2953,2,4,1817,1,-3.25138,7.12022,4.10191,0,0
2953,2,5,2150,1,-4.74684,9.19619,6.19596,0,0
2954,2,4,1817,1,-3.25138,7.12022,4.10191,0,0
2954,2,5,2150,1,-4.74684,9.19619,6.19596,0,0
2955,2,4,1817,1,-3.25138,7.12022,4.10191,0,0
2955,2,5,2150,1,-4.74684,9.19619,6.19596,0,0
2956,2,4,1817,1,-3.25138,7.12022,4.10191,0,0
2956,2,5,2150,1,-4.74684,9.19619,6.19596,0,0
2957,2,4,1817,1,-3.25138,7.12022,4.10191,0,0
2957,2,5,2150,1,-4.74684,9.19619,6.19596,0,0
2958,2,4,1817,1,-3.25138,7.12022,4.10191,0,0
2958,2,5,2150,1,-4.74684,9.19619,6.19596,0,0
2959,2,4,1817,1,-3.25138,7.12022,4.10191,0,0
2959,2,5,2150,1,-4.74684,9.19619,6.19596,0,0
2960,2,4,1817,1,-3.25138,7.12022,4.10191,0,0
2960,2,5,2150,1,-4.74684,9.19619,6.19596,0,0
2961,2,4,1817,1,-3.25138,7.12022,4.10191,0,0
2961,2,5,2150,1,-4.74684,9.19619,6.19596,0,0
2962,2,4,1817,1,-3.25138,7.12022,4.10191,0,0
2962,2,5,2150,1,-4.74684,9.19619,6.19596,0,0
2963,2,4,1817,1,-3.25138,7.12022,4.10191,0,0
2963,2,5,2150,1,-4.74684,9.19619,6.19596,0,0
2964,2,4,1817,1,-3.25138,7.12022,4.10191,0,0
2964,2,5,2150,1,-4.74684,9.19619,6.19596,0,0
2965,2,4,1817,1,-3.25138,7.12022,4.10191,0,0
2965,2,5,2150,1,-4.74684,9.19619,6.19596,0,0
2966,2,4,1817,1,-3.25138,7.12022,4.10191,0,0
2966,2,5,2150,1,-4.74684,9.19619,6.19596,0,0
2967,2,4,1817,1,-3.25138,7.12022,4.10191,0,0
2967,2,5,2150,1,-4.74684,9.19619,6.19596,0,0
2968,2,4,1817,1,-3.25138,7.12022,4.10191,0,0
2968,2,5,2150,1,-4.74684,9.19619,6.19596,0,0
2969,2,4,1817,1,-3.25138,7.12022,4.10191,0,0
2969,2,5,2150,1,-4.74684,9.19619,6.19596,0,0
2970,2,4,1817,1,-3.25138,7.12022,4.10191,0,0
2970,2,5,2150,1,-4.74684,9.19619,6.19596,0,0
2971,2,4,1817,1,-3.25138,7.12022,4.10191,0,0
2971,2,5,2150,1,-4.74684,9.19619,6.19596,0,0
2972,2,4,1817,1,-3.25138,7.12022,4.10191,0,0
2972,2,5,2150,1,-4.74684,9.19619,6.19596,0,0
2973,2,4,1817,1,-3.25138,7.12022,4.10191,0,0
2973,2,5,2150,1,-4.74684,9.19619,6.19596,0,0
2974,2,4,1817,1,-3.25138,7.12022,4.10191,0,0
2974,2,5,2150,1,-4.74684,9.19619,6.19596,0,0
2975,2,4,1817,1,-3.25138,7.12022,4.10191,0,0
2975,2,5,2150,1,-4.74684,9.19619,6.19596,0,0
2976,2,4,1817,1,-3.25138,7.12022,4.10191,0,0
2976,2,5,2150,1,-4.74684,9.19619,6.19596,0,0
2977,2,4,1817,1,-3.25138,7.12022,4.10191,0,0
2977,2,5,2150,1,-4.74684,9.19619,6.19596,0,0
2978,2,4,1817,1,-3.25138,7.12022,4.10191,0,0
2978,2,5,2150,1,-4.74684,9.19619,6.19596,0,0
2979,2,4,1817,1,-3.25138,7.12022,4.10191,0,0
2979,2,5,2150,1,-4.74684,9.19619,6.19596,0,0
2980,2,4,1817,1,-3.25138,7.12022,4.10191,0,0
2980,2,5,2150,1,-4.74684,9.19619,6.19596,0,0
2981,2,4,1817,1,-3.25138,7.12022,4.10191,0,0
2981,2,5,2150,1,-4.74684,9.19619,6.19596,0,0
2982,2,4,1817,1,-3.25138,7.12022,4.10191,0,0
2982,2,5,2150,1,-4.74684,9.19619,6.19596,0,0
2983,2,4,1817,1,-3.25138,7.12022,4.10191,0,0
2983,2,5,2150,1,-4.74684,9.19619,6.19596,0,0
2984,2,4,1817,1,-3.25138,7.12022,4.10191,0,0
2984,2,5,2150,1,-4.74684,9.19619,6.19596,0,0
2985,2,4,1817,1,-3.25138,7.12022,4.10191,0,0
2985,2,5,2150,1,-4.74684,9.19619,6.19596,0,0
2986,2,4,1817,1,-3.25138,7.12022,4.10191,0,0
2986,2,5,2150,1,-4.74684,9.19619,6.19596,0,0
2987,2,4,1817,1,-3.25138,7.12022,4.10191,0,0
2987,2,5,2150,1,-4.74684,9.19619,6.19596,0,0
2988,2,4,1817,1,-3.25138,7.12022,4.10191,0,0
2988,2,5,2150,1,-4.74684,9.19619,6.19596,0,0
2989,2,4,1817,1,-3.25138,7.12022,4.10191,0,0
2989,2,5,2150,1,-4.74684,9.19619,6.19596,0,0
2990,2,4,1817,1,-3.25138,7.12022,4.10191,0,0
2990,2,5,2150,1,-4.74684,9.19619,6.19596,0,0
2991,2,4,1817,1,-3.25138,7.12022,4.10191,0,0
2991,2,5,2150,1,-4.74684,9.19619,6.19596,0,0
2992,2,4,1817,1,-3.25138,7.12022,4.10191,0,0
2992,2,5,2150,1,-4.74684,9.19619,6.19596,0,0
2993,2,4,1817,1,-3.25138,7.12022,4.10191,0,0
2993,2,5,2150,1,-4.74684,9.19619,6.19596,0,0
2994,2,4,1817,1,-3.25138,7.12022,4.10191,0,0
2994,2,5,2150,1,-4.74684,9.19619,6.19596,0,0
2995,2,4,1817,1,-3.25138,7.12022,4.10191,0,0
2995,2,5,2150,1,-4.74684,9.19619,6.19596,0,0
2996,2,4,1817,1,-3.25138,7.12022,4.10191,0,0
2996,2,5,2150,1,-4.74684,9.19619,6.19596,0,0
2997,2,4,1817,1,-3.25138,7.12022,4.10191,0,0
2997,2,5,2150,1,-4.74684,9.19619,6.19596,0,0
2998,2,4,1817,1,-3.25138,7.12022,4.10191,0,0
2998,2,5,2150,1,-4.74684,9.19619,6.19596,0,0
2999,2,4,1817,1,-3.25138,7.12022,4.10191,0,0
2999,2,5,2150,1,-4.74684,9.19619,6.19596,0,0
3000,2,4,1817,1,-3.25138,7.12022,4.10191,0,0
3000,2,5,2150,1,-4.74684,9.19619,6.19596,0,0
3001,2,4,1817,1,-3.25138,7.12022,4.10191,0,0
3001,2,5,2150,1,-4.74684,9.19619,6.19596,0,0
3002,2,4,1817,1,-3.25138,7.12022,4.10191,0,0
3002,2,5,2150,1,-4.74684,9.19619,6.19596,0,0
3003,2,4,1817,1,-3.25138,7.12022,4.10191,0,0
3003,2,5,2150,1,-4.74684,9.19619,6.19596,0,0
3004,2,4,1817,1,-3.25138,7.12022,4.10191,0,0
3004,2,5,2150,1,-4.74684,9.19619,6.19596,0,0
3005,2,4,1817,1,-3.25138,7.12022,4.10191,0,0
3005,2,5,2150,1,-4.74684,9.19619,6.19596,0,0
3006,2,4,1817,1,-3.25138,7.12022,4.10191,0,0
3006,2,5,2150,1,-4.74684,9.19619,6.19596,0,0
3007,2,4,1817,1,-3.25138,7.12022,4.10191,0,0
3007,2,5,2150,1,-4.74684,9.19619,6.19596,0,0
3008,2,4,1817,1,-3.25138,7.12022,4.10191,0,0
3008,2,5,2150,1,-4.74684,9.19619,6.19596,0,0
3009,2,4,1817,1,-3.25138,7.12022,4.10191,0,0
3009,2,5,2150,1,-4.74684,9.19619,6.19596,0,0
3010,2,4,1817,1,-3.25138,7.12022,4.10191,0,0
3010,2,5,2150,1,-4.74684,9.19619,6.19596,0,0
3011,2,4,1817,1,-3.25138,7.12022,4.10191,0,0
3011,2,5,2150,1,-4.74684,9.19619,6.19596,0,0
3012,2,4,1817,1,-3.25138,7.12022,4.10191,0,0
3012,2,5,2150,1,-4.74684,9.19619,6.19596,0,0
3013,2,4,1817,1,-3.25138,7.12022,4.10191,0,0
3013,2,5,2150,1,-4.74684,9.19619,6.19596,0,0
3014,2,4,1817,1,-3.25138,7.12022,4.10191,0,0
3014,2,5,2150,1,-4.74684,9.19619,6.19596,0,0
3015,2,4,1817,1,-3.25138,7.12022,4.10191,0,0
3015,2,5,2150,1,-4.74684,9.19619,6.19596,0,0
3016,2,4,1817,1,-3.25138,7.12022,4.10191,0,0
3016,2,5,2150,1,-4.74684,9.19619,6.19596,0,0
3017,2,4,1817,1,-3.25138,7.12022,4.10191,0,0
3017,2,5,2150,1,-4.74684,9.19619,6.19596,0,0
3018,2,4,1817,1,-3.25138,7.12022,4.10191,0,0
3018,2,5,2150,1,-4.74684,9.19619,6.19596,0,0
3019,2,4,1817,1,-3.25138,7.12022,4.10191,0,0
3019,2,5,2150,1,-4.74684,9.19619,6.19596,0,0
3020,2,4,1817,1,-3.25138,7.12022,4.10191,0,0
3020,2,5,2150,1,-4.74684,9.19619,6.19596,0,0
3021,2,4,1817,1,-3.25138,7.12022,4.10191,0,0
3021,2,5,2150,1,-4.74684,9.19619,6.19596,0,0
3022,2,4,1817,1,-3.25138,7.12022,4.10191,0,0
3022,2,5,2150,1,-4.74684,9.19619,6.19596,0,0
3023,2,4,1817,1,-3.25138,7.12022,4.10191,0,0
3023,2,5,2150,1,-4.74684,9.19619,6.19596,0,0
3024,2,4,1817,1,-3.25138,7.12022,4.10191,0,0
3024,2,5,2150,1,-4.74684,9.19619,6.19596,0,0
3025,2,4,1817,1,-3.25138,7.12022,4.10191,0,0
3025,2,5,2150,1,-4.74684,9.19619,6.19596,0,0
3026,2,4,1817,1,-3.25138,7.12022,4.10191,0,0
3026,2,5,2150,1,-4.74684,9.19619,6.19596,0,0
3027,2,4,1817,1,-3.25138,7.12022,4.10191,0,0
3027,2,5,2150,1,-4.74684,9.19619,6.19596,0,0
3028,2,4,1817,1,-3.25138,7.12022,4.10191,0,0
3028,2,5,2150,1,-4.74684,9.19619,6.19596,0,0
3029,2,4,1817,1,-3.25138,7.12022,4.10191,0,0
3029,2,5,2150,1,-4.74684,9.19619,6.19596,0,0
3030,2,4,1817,1,-3.25138,7.12022,4.10191,0,0
3030,2,5,2150,1,-4.74684,9.19619,6.19596,0,0
3031,2,4,1817,1,-3.25138,7.12022,4.10191,0,0
3031,2,5,2150,1,-4.74684,9.19619,6.19596,0,0
3032,2,4,1817,1,-3.25138,7.12022,4.10191,0,0
3032,2,5,2150,1,-4.74684,9.19619,6.19596,0,0
3033,2,4,1817,1,-3.25138,7.12022,4.10191,0,0
3033,2,5,2150,1,-4.74684,9.19619,6.19596,0,0
3034,2,4,1817,1,-3.25138,7.12022,4.10191,0,0
3034,2,5,2150,1,-4.74684,9.19619,6.19596,0,0
3035,2,4,1817,1,-3.25138,7.12022,4.10191,0,0
3035,2,5,2150,1,-4.74684,9.19619,6.19596,0,0
3036,2,4,1817,1,-3.25138,7.12022,4.10191,0,0
3036,2,5,2150,1,-4.74684,9.19619,6.19596,0,0
3037,2,4,1817,1,-3.25138,7.12022,4.10191,0,0
3037,2,5,2150,1,-4.74684,9.19619,6.19596,0,0
3038,2,4,1817,1,-3.25138,7.12022,4.10191,0,0
3038,2,5,2150,1,-4.74684,9.19619,6.19596,0,0
3039,2,4,1817,1,-3.25138,7.12022,4.10191,0,0
3039,2,5,2150,1,-4.74684,9.19619,6.19596,0,0
3040,2,4,1817,1,-3.25138,7.12022,4.10191,0,0
3040,2,5,2150,1,-4.74684,9.19619,6.19596,0,0
3041,2,4,1817,1,-3.25138,7.12022,4.10191,0,0
3041,2,5,2150,1,-4.74684,9.19619,6.19596,0,0
3042,2,4,1817,1,-3.25138,7.12022,4.10191,0,0
3042,2,5,2150,1,-4.74684,9.19619,6.19596,0,0
3043,2,4,1817,1,-3.25138,7.12022,4.10191,0,0
3043,2,5,2150,1,-4.74684,9.19619,6.19596,0,0
3044,2,4,1817,1,-3.25138,7.12022,4.10191,0,0
3044,2,5,2150,1,-4.74684,9.19619,6.19596,0,0
3045,2,4,1817,1,-3.25138,7.12022,4.10191,0,0
3045,2,5,2150,1,-4.74684,9.19619,6.19596,0,0
3046,2,4,1817,1,-3.25138,7.12022,4.10191,0,0
3046,2,5,2150,1,-4.74684,9.19619,6.19596,0,0
3047,2,4,1817,1,-3.25138,7.12022,4.10191,0,0
3047,2,5,2150,1,-4.74684,9.19619,6.19596,0,0
3048,2,4,1817,1,-3.25138,7.12022,4.10191,0,0
3048,2,5,2150,1,-4.74684,9.19619,6.19596,0,0
3049,2,4,1817,1,-3.25138,7.12022,4.10191,0,0
3049,2,5,2150,1,-4.74684,9.19619,6.19596,0,0
3050,2,4,1817,1,-3.25138,7.12022,4.10191,0,0
3050,2,5,2150,1,-4.74684,9.19619,6.19596,0,0
3051,2,4,1817,1,-3.25138,7.12022,4.10191,0,0
3051,2,5,2150,1,-4.74684,9.19619,6.19596,0,0
3052,2,4,1817,1,-3.25138,7.12022,4.10191,0,0
3052,2,5,2150,1,-4.74684,9.19619,6.19596,0,0
3053,2,4,1817,1,-3.25138,7.12022,4.10191,0,0
3053,2,5,2150,1,-4.74684,9.19619,6.19596,0,0
3054,2,4,1817,1,-3.25138,7.12022,4.10191,0,0
3054,2,5,2150,1,-4.74684,9.19619,6.19596,0,0
3055,2,4,1817,1,-3.25138,7.12022,4.10191,0,0
3055,2,5,2150,1,-4.74684,9.19619,6.19596,0,0
3056,2,4,1817,1,-3.25138,7.12022,4.10191,0,0
3056,2,5,2150,1,-4.74684,9.19619,6.19596,0,0
3057,2,4,1817,1,-3.25138,7.12022,4.10191,0,0
3057,2,5,2150,1,-4.74684,9.19619,6.19596,0,0
3058,2,4,1817,1,-3.25138,7.12022,4.10191,0,0
3058,2,5,2150,1,-4.74684,9.19619,6.19596,0,0
3059,2,4,1817,1,-3.25138,7.12022,4.10191,0,0
3059,2,5,2150,1,-4.74684,9.19619,6.19596,0,0
3060,2,4,1817,1,-3.25138,7.12022,4.10191,0,0
3060,2,5,2150,1,-4.74684,9.19619,6.19596,0,0
3061,2,4,1817,1,-3.25138,7.12022,4.10191,0,0
3061,2,5,2150,1,-4.74684,9.19619,6.19596,0,0
3062,2,4,1817,1,-3.25138,7.12022,4.10191,0,0
3062,2,5,2150,1,-4.74684,9.19619,6.19596,0,0
3063,2,4,1817,1,-3.25138,7.12022,4.10191,0,0
3063,2,5,2150,1,-4.74684,9.19619,6.19596,0,0
3064,2,4,1817,1,-3.25138,7.12022,4.10191,0,0
3064,2,5,2150,1,-4.74684,9.19619,6.19596,0,0
3065,2,4,1817,1,-3.25138,7.12022,4.10191,0,0
3065,2,5,2150,1,-4.74684,9.19619,6.19596,0,0
3066,2,4,1817,1,-3.25138,7.12022,4.10191,0,0
3066,2,5,2150,1,-4.74684,9.19619,6.19596,0,0
3067,2,4,1817,1,-3.25138,7.12022,4.10191,0,0
3067,2,5,2150,1,-4.74684,9.19619,6.19596,0,0
3068,2,4,1817,1,-3.25138,7.12022,4.10191,0,0
3068,2,5,2150,1,-4.74684,9.19619,6.19596,0,0
3069,2,4,1817,1,-3.25138,7.12022,4.10191,0,0
3069,2,5,2150,1,-4.74684,9.19619,6.19596,0,0
3070,2,4,1817,1,-3.25138,7.12022,4.10191,0,0
3070,2,5,2150,1,-4.74684,9.19619,6.19596,0,0
3071,2,4,1817,1,-3.25138,7.12022,4.10191,0,0
3071,2,5,2150,1,-4.74684,9.19619,6.19596,0,0
3072,2,4,1817,1,-3.25138,7.12022,4.10191,0,0
3072,2,5,2150,1,-4.74684,9.19619,6.19596,0,0
3073,2,4,1817,1,-3.25138,7.12022,4.10191,0,0
3073,2,5,2150,1,-4.74684,9.19619,6.19596,0,0
3074,2,4,1817,1,-3.25138,7.12022,4.10191,0,0
3074,2,5,2150,1,-4.74684,9.19619,6.19596,0,0
3075,2,4,1817,1,-3.25138,7.12022,4.10191,0,0
3075,2,5,2150,1,-4.74684,9.19619,6.19596,0,0
3076,2,4,1817,1,-3.25138,7.12022,4.10191,0,0
3076,2,5,2150,1,-4.74684,9.19619,6.19596,0,0
3077,2,4,1817,1,-3.25138,7.12022,4.10191,0,0
3077,2,5,2150,1,-4.74684,9.19619,6.19596,0,0
3078,2,4,1817,1,-3.25138,7.12022,4.10191,0,0
3078,2,5,2150,1,-4.74684,9.19619,6.19596,0,0
3079,2,4,1817,1,-3.25138,7.12022,4.10191,0,0
3079,2,5,2150,1,-4.74684,9.19619,6.19596,0,0
3080,2,4,1817,1,-3.25138,7.12022,4.10191,0,0
3080,2,5,2150,1,-4.74684,9.19619,6.19596,0,0
3081,2,4,1817,1,-3.25138,7.12022,4.10191,0,0
3081,2,5,2150,1,-4.74684,9.19619,6.19596,0,0
3082,2,4,1817,1,-3.25138,7.12022,4.10191,0,0
3082,2,5,2150,1,-4.74684,9.19619,6.19596,0,0
3083,2,4,1817,1,-3.25138,7.12022,4.10191,0,0
3083,2,5,2150,1,-4.74684,9.19619,6.19596,0,0
3084,2,4,1817,1,-3.25138,7.12022,4.10191,0,0
3084,2,5,2150,1,-4.74684,9.19619,6.19596,0,0
3085,2,4,1817,1,-3.25138,7.12022,4.10191,0,0
3085,2,5,2150,1,-4.74684,9.19619,6.19596,0,0
3086,2,4,1817,1,-3.25138,7.12022,4.10191,0,0
3086,2,5,2150,1,-4.74684,9.19619,6.19596,0,0
3087,2,4,1817,1,-3.25138,7.12022,4.10191,0,0
3087,2,5,2150,1,-4.74684,9.19619,6.19596,0,0
3088,2,4,1817,1,-3.25138,7.12022,4.10191,0,0
3088,2,5,2150,1,-4.74684,9.19619,6.19596,0,0
3089,2,4,1817,1,-3.25138,7.12022,4.10191,0,0
3089,2,5,2150,1,-4.74684,9.19619,6.19596,0,0
3090,2,4,1817,1,-3.25138,7.12022,4.10191,0,0
3090,2,5,2150,1,-4.74684,9.19619,6.19596,0,0
3091,2,4,1817,1,-3.25138,7.12022,4.10191,0,0
3091,2,5,2150,1,-4.74684,9.19619,6.19596,0,0
3092,2,4,1817,1,-3.25138,7.12022,4.10191,0,0
3092,2,5,2150,1,-4.74684,9.19619,6.19596,0,0
3093,2,4,1817,1,-3.25138,7.12022,4.10191,0,0
3093,2,5,2150,1,-4.74684,9.19619,6.19596,0,0
3094,2,4,1817,1,-3.25138,7.12022,4.10191,0,0
3094,2,5,2150,1,-4.74684,9.19619,6.19596,0,0
3095,2,4,1817,1,-3.25138,7.12022,4.10191,0,0
3095,2,5,2150,1,-4.74684,9.19619,6.19596,0,0
3096,2,4,1817,1,-3.25138,7.12022,4.10191,0,0
3096,2,5,2150,1,-4.74684,9.19619,6.19596,0,0
3097,2,4,1817,1,-3.25138,7.12022,4.10191,0,0
3097,2,5,2150,1,-4.74684,9.19619,6.19596,0,0
3098,2,4,1817,1,-3.25138,7.12022,4.10191,0,0
3098,2,5,2150,1,-4.74684,9.19619,6.19596,0,0
3099,2,4,1817,1,-3.25138,7.12022,4.10191,0,0
3099,2,5,2150,1,-4.74684,9.19619,6.19596,0,0
3100,2,4,1817,1,-3.25138,7.12022,4.10191,0,0
3100,2,5,2150,1,-4.74684,9.19619,6.19596,0,0
3101,2,4,1817,1,-3.25138,7.12022,4.10191,0,0
3101,2,5,2150,1,-4.74684,9.19619,6.19596,0,0
3102,2,4,1817,1,-3.25138,7.12022,4.10191,0,0
3102,2,5,2150,1,-4.74684,9.19619,6.19596,0,0
3103,2,4,1817,1,-3.25138,7.12022,4.10191,0,0
3103,2,5,2150,1,-4.74684,9.19619,6.19596,0,0
3104,2,4,1817,1,-3.25138,7.12022,4.10191,0,0
3104,2,5,2150,1,-4.74684,9.19619,6.19596,0,0
3105,2,4,1817,1,-3.25138,7.12022,4.10191,0,0
3105,2,5,2150,1,-4.74684,9.19619,6.19596,0,0
3106,2,4,1817,1,-3.25138,7.12022,4.10191,0,0
3106,2,5,2150,1,-4.74684,9.19619,6.19596,0,0
3107,2,4,1817,1,-3.25138,7.12022,4.10191,0,0
3107,2,5,2150,1,-4.74684,9.19619,6.19596,0,0
3108,2,4,1817,1,-3.25138,7.12022,4.10191,0,0
3108,2,5,2150,1,-4.74684,9.19619,6.19596,0,0
3109,2,4,1817,1,-3.25138,7.12022,4.10191,0,0
3109,2,5,2150,1,-4.74684,9.19619,6.19596,0,0
3110,2,4,1817,1,-3.25138,7.12022,4.10191,0,0
3110,2,5,2150,1,-4.74684,9.19619,6.19596,0,0
3111,2,4,1817,1,-3.25138,7.12022,4.10191,0,0
3111,2,5,2150,1,-4.74684,9.19619,6.19596,0,0
3112,2,4,1817,1,-3.25138,7.12022,4.10191,0,0
3112,2,5,2150,1,-4.74684,9.19619,6.19596,0,0
3113,2,4,1817,1,-3.25138,7.12022,4.10191,0,0
3113,2,5,2150,1,-4.74684,9.19619,6.19596,0,0
3114,2,4,1817,1,-3.25138,7.12022,4.10191,0,0
3114,2,5,2150,1,-4.74684,9.19619,6.19596,0,0
3115,2,4,1817,1,-3.25138,7.12022,4.10191,0,0
3115,2,5,2150,1,-4.74684,9.19619,6.19596,0,0
3116,2,4,1817,1,-3.25138,7.12022,4.10191,0,0
3116,2,5,2150,1,-4.74684,9.19619,6.19596,0,0
3117,2,4,1817,1,-3.25138,7.12022,4.10191,0,0
3117,2,5,2150,1,-4.74684,9.19619,6.19596,0,0
3118,2,4,1817,1,-3.25138,7.12022,4.10191,0,0
3118,2,5,2150,1,-4.74684,9.19619,6.19596,0,0
3119,2,4,1817,1,-3.25138,7.12022,4.10191,0,0
3119,2,5,2150,1,-4.74684,9.19619,6.19596,0,0
3120,2,4,1817,1,-3.25138,7.12022,4.10191,0,0
3120,2,5,2150,1,-4.74684,9.19619,6.19596,0,0
3121,2,4,1817,1,-3.25138,7.12022,4.10191,0,0
3121,2,5,2150,1,-4.74684,9.19619,6.19596,0,0
3122,2,4,1817,1,-3.25138,7.12022,4.10191,0,0
3122,2,5,2150,1,-4.74684,9.19619,6.19596,0,0
3123,2,4,1817,1,-3.25138,7.12022,4.10191,0,0
3123,2,5,2150,1,-4.74684,9.19619,6.19596,0,0
3124,2,4,1817,1,-3.25138,7.12022,4.10191,0,0
3124,2,5,2150,1,-4.74684,9.19619,6.19596,0,0
3125,2,4,1817,1,-3.25138,7.12022,4.10191,0,0
3125,2,5,2150,1,-4.74684,9.19619,6.19596,0,0
3126,2,4,1817,1,-3.25138,7.12022,4.10191,0,0
3126,2,5,2150,1,-4.74684,9.19619,6.19596,0,0
3127,2,4,1817,1,-3.25138,7.12022,4.10191,0,0
3127,2,5,2150,1,-4.74684,9.19619,6.19596,0,0
3128,2,4,1817,1,-3.25138,7.12022,4.10191,0,0
3128,2,5,2150,1,-4.74684,9.19619,6.19596,0,0
3129,2,4,1817,1,-3.25138,7.12022,4.10191,0,0
3129,2,5,2150,1,-4.74684,9.19619,6.19596,0,0
3130,2,4,1817,1,-3.25138,7.12022,4.10191,0,0
3130,2,5,2150,1,-4.74684,9.19619,6.19596,0,0
3131,2,4,1817,1,-3.25138,7.12022,4.10191,0,0
3131,2,5,2150,1,-4.74684,9.19619,6.19596,0,0
3132,2,4,1817,1,-3.25138,7.12022,4.10191,0,0
3132,2,5,2150,1,-4.74684,9.19619,6.19596,0,0
3133,2,4,1817,1,-3.25138,7.12022,4.10191,0,0
3133,2,5,2150,1,-4.74684,9.19619,6.19596,0,0
3134,2,4,1817,1,-3.25138,7.12022,4.10191,0,0
3134,2,5,2150,1,-4.74684,9.19619,6.19596,0,0
3135,2,4,1817,1,-3.25138,7.12022,4.10191,0,0
3135,2,5,2150,1,-4.74684,9.19619,6.19596,0,0
3136,2,4,1817,1,-3.25138,7.12022,4.10191,0,0
3136,2,5,2150,1,-4.74684,9.19619,6.19596,0,0
3137,2,4,1817,1,-3.25138,7.12022,4.10191,0,0
3137,2,5,2150,1,-4.74684,9.19619,6.19596,0,0
3138,2,4,1817,1,-3.25138,7.12022,4.10191,0,0
3138,2,5,2150,1,-4.74684,9.19619,6.19596,0,0
3139,2,4,1817,1,-3.25138,7.12022,4.10191,0,0
3139,2,5,2150,1,-4.74684,9.19619,6.19596,0,0
3140,2,4,1817,1,-3.25138,7.12022,4.10191,0,0
3140,2,5,2150,1,-4.74684,9.19619,6.19596,0,0
3141,2,4,1817,1,-3.25138,7.12022,4.10191,0,0
3141,2,5,2150,1,-4.74684,9.19619,6.19596,0,0
3142,2,4,1817,1,-3.25138,7.12022,4.10191,0,0
3142,2,5,2150,1,-4.74684,9.19619,6.19596,0,0
3143,2,4,1817,1,-3.25138,7.12022,4.10191,0,0
3143,2,5,2150,1,-4.74684,9.19619,6.19596,0,0
3144,2,4,1817,1,-3.25138,7.12022,4.10191,0,0
3144,2,5,2150,1,-4.74684,9.19619,6.19596,0,0
3145,2,4,1817,1,-3.25138,7.12022,4.10191,0,0
3145,2,5,2150,1,-4.74684,9.19619,6.19596,0,0
3146,2,4,1817,1,-3.25138,7.12022,4.10191,0,0
3146,2,5,2150,1,-4.74684,9.19619,6.19596,0,0
3147,2,4,1817,1,-3.25138,7.12022,4.10191,0,0
3147,2,5,2150,1,-4.74684,9.19619,6.19596,0,0
3148,2,4,1817,1,-3.25138,7.12022,4.10191,0,0
3148,2,5,2150,1,-4.74684,9.19619,6.19596,0,0
3149,2,4,1817,1,-3.25138,7.12022,4.10191,0,0
3149,2,5,2150,1,-4.74684,9.19619,6.19596,0,0
3150,2,4,1817,1,-3.25138,7.12022,4.10191,0,0
3150,2,5,2150,1,-4.74684,9.19619,6.19596,0,0
3151,2,4,1817,1,-3.25138,7.12022,4.10191,0,0
3151,2,5,2150,1,-4.74684,9.19619,6.19596,0,0
3152,2,4,1817,1,-3.25138,7.12022,4.10191,0,0
3152,2,5,2150,1,-4.74684,9.19619,6.19596,0,0
3153,2,4,1817,1,-3.25138,7.12022,4.10191,0,0
3153,2,5,2150,1,-4.74684,9.19619,6.19596,0,0
3154,2,4,1817,1,-3.25138,7.12022,4.10191,0,0
3154,2,5,2150,1,-4.74684,9.19619,6.19596,0,0
3155,2,4,1817,1,-3.25138,7.12022,4.10191,0,0
3155,2,5,2150,1,-4.74684,9.19619,6.19596,0,0
3156,2,4,1817,1,-3.25138,7.12022,4.10191,0,0
3156,2,5,2150,1,-4.74684,9.19619,6.19596,0,0
3157,2,4,1817,1,-3.25138,7.12022,4.10191,0,0
3157,2,5,2150,1,-4.74684,9.19619,6.19596,0,0
3158,2,4,1817,1,-3.25138,7.12022,4.10191,0,0
3158,2,5,2150,1,-4.74684,9.19619,6.19596,0,0
3159,2,4,1817,1,-3.25138,7.12022,4.10191,0,0
3159,2,5,2150,1,-4.74684,9.19619,6.19596,0,0
3160,2,4,1817,1,-3.25138,7.12022,4.10191,0,0
3160,2,5,2150,1,-4.74684,9.19619,6.19596,0,0
3161,2,4,1817,1,-3.25138,7.12022,4.10191,0,0
3161,2,5,2150,1,-4.74684,9.19619,6.19596,0,0
3162,2,4,1817,1,-3.25138,7.12022,4.10191,0,0
3162,2,5,2150,1,-4.74684,9.19619,6.19596,0,0
3163,2,4,1817,1,-3.25138,7.12022,4.10191,0,0
3163,2,5,2150,1,-4.74684,9.19619,6.19596,0,0
3164,2,4,1817,1,-3.25138,7.12022,4.10191,0,0
3164,2,5,2150,1,-4.74684,9.19619,6.19596,0,0
3165,2,4,1817,1,-3.25138,7.12022,4.10191,0,0
3165,2,5,2150,1,-4.74684,9.19619,6.19596,0,0
3166,2,4,1817,1,-3.25138,7.12022,4.10191,0,0
3166,2,5,2150,1,-4.74684,9.19619,6.19596,0,0
3167,2,4,1817,1,-3.25138,7.12022,4.10191,0,0
3167,2,5,2150,1,-4.74684,9.19619,6.19596,0,0
3168,2,4,1817,1,-3.25138,7.12022,4.10191,0,0
3168,2,5,2150,1,-4.74684,9.19619,6.19596,0,0
3169,2,4,1817,1,-3.25138,7.12022,4.10191,0,0
3169,2,5,2150,1,-4.74684,9.19619,6.19596,0,0
3170,2,4,1817,1,-3.25138,7.12022,4.10191,0,0
3170,2,5,2150,1,-4.74684,9.19619,6.19596,0,0
3171,2,4,1817,1,-3.25138,7.12022,4.10191,0,0
3171,2,5,2150,1,-4.74684,9.19619,6.19596,0,0
3172,2,4,1817,1,-3.25138,7.12022,4.10191,0,0
3172,2,5,2150,1,-4.74684,9.19619,6.19596,0,0
