cycle,node,L,p_exists,cx,cy,inroom,roomprior_loaded,won,since_det,sil_occ,sil_free,sil_free_eff,n_detectable,n_total,n_occluded,resolvability,central_frac,p_detect,oblq,remove_streak,obs_top_z,obs_top_conf,trunc,gated,gate_fresh
240,door_3,4,0.982014,-0.380777,4.60954,1,1,0,26,0,0,0,0,420,420,0,0,0,0.995878,0,2.01083,0.602786,0,0,0
300,door_3,4,0.982014,-0.380777,4.60954,1,1,0,91,0,0,0,0,420,420,0,0,0,0.995878,0,2.01083,0.602786,0,0,0
360,door_3,-4,0.0179862,-0.369549,4.60937,1,1,0,11,0,420,360,420,420,0,0.857143,1,0.857143,0.993637,7.6619,1.93576,0.815974,0,0,0
780,door_3,4,0.982014,-0.543499,4.61197,1,1,1,0,420,0,0,420,420,0,0.771429,1,0.771429,0.996736,0,1.97785,0.889817,0,0,1
840,door_3,-4,0.0179862,-0.529079,4.61175,1,1,0,16,0,420,350,420,420,0,0.833333,1,0.833333,0.996873,10.8333,1.83547,0.983485,0,0,0
1020,door_3,4,0.982014,-0.472868,4.61092,1,1,1,0,210,210,0,420,420,0,0.590476,1,0.590476,0.996176,0,2.02648,0.58188,0,0,1
1080,door_2,4,0.982014,0.749838,2.538,1,1,1,0,392,28,0,420,420,0,1,1,1,0.998875,0,2.05898,0.58188,0,0,1
1080,door_3,4,0.982014,-0.389679,4.60967,1,1,0,76,0,0,0,0,420,420,0,0,0,0.967417,0,2.02311,0.889738,0.0136104,0,0
1140,door_2,4,0.982014,0.772995,2.538,1,1,1,0,410,10,0,420,420,0,1,0.730952,0.730952,0.999242,0,2.04783,0.979724,0,0,1
1140,door_3,4,0.982014,-0.389679,4.60967,1,1,0,140,0,0,0,0,420,420,0,0,0,0.949418,0,2.02311,0.889738,0.0136104,0,0
1200,door_2,4,0.982014,0.792548,2.538,1,1,1,0,420,0,0,420,420,0,1,1,1,0.999439,0,2.02182,0.999017,0,0,1
1200,door_3,4,0.982014,-0.389679,4.60967,1,1,0,204,0,0,0,0,420,420,0,0,0,0.971227,0,2.02311,0.889738,0.0136104,0,0
1260,door_2,4,0.982014,0.767821,2.538,1,1,1,0,420,0,0,420,420,0,1,1,1,0.999181,0,2.03914,0.999955,0,0,1
1260,door_3,4,0.982014,-0.389679,4.60967,1,1,0,265,0,0,0,0,420,420,0,0,0,0.97367,0,2.02311,0.889738,0.0136104,0,0
1320,door_2,4,0.982014,0.778929,2.538,1,1,1,0,300,120,0,420,420,0,1,1,1,0.999262,0,2.06255,0.999998,0,0,1
1320,door_3,4,0.982014,-0.389679,4.60967,1,1,0,331,0,0,0,0,420,420,0,0,0,0.97496,0,2.02311,0.889738,0.0136104,0,0
1380,door_2,4,0.982014,0.741905,2.538,1,1,0,45,0,0,0,0,420,330,0,0,0,0.898601,0,1.98282,0.999999,0,0,0
1380,door_3,4,0.982014,-0.393183,4.60973,1,1,1,0,330,90,0,420,420,0,1,0.928571,0.928571,0.996454,0,2.02948,0.914681,0,0,1
1440,door_2,4,0.982014,0.741905,2.538,1,1,0,120,0,0,0,0,420,420,0,0,0,0.911023,0,1.98282,0.999999,0,0,0
1440,door_3,4,0.982014,-0.494715,4.61124,1,1,1,0,237,183,0,420,420,0,1,1,1,0.999999,0,2.03685,0.995863,0,0,1
1500,door_2,4,0.982014,0.741905,2.538,1,1,0,180,0,0,0,0,420,420,0,0,0,0.85777,0,1.98282,0.999999,0,0,0
1500,door_3,-4,0.0179862,-0.51536,4.61155,1,1,0,8,0,420,420,420,420,0,1,1,1,0.999884,7,1.98074,0.99952,0,0,0
1560,door_3,4,0.982014,-0.605817,4.6129,1,1,1,0,420,0,0,420,420,0,1,0.940476,0.940476,0.994903,0,2.07955,0.785361,0,0,1
1560,door_2,4,0.982014,0.741905,2.538,1,1,0,279,0,0,0,0,420,0,0,0,0,0.295677,0,1.98282,0.999999,0,0,0
1620,door_3,4,0.982014,-0.551527,4.61209,1,1,1,0,420,0,0,420,420,0,1,0.938095,0.938095,0.996897,0,2.07955,0.990112,0,0,1
1620,door_2,4,0.982014,0.741905,2.538,1,1,0,340,0,0,0,0,420,0,0,0,0,0.295679,0,1.98282,0.999999,0,0,0
1680,door_3,4,0.982014,-0.543517,4.61197,1,1,1,0,420,0,0,420,420,0,1,0.935714,0.935714,0.997151,0,2.07955,0.999544,0,0,1
1680,door_2,4,0.982014,0.741905,2.538,1,1,0,400,0,0,0,0,420,0,0,0,0,0.295681,0,1.98282,0.999999,0,0,0
1740,door_3,4,0.982014,-0.5013,4.61134,1,1,1,0,349,71,0,420,420,0,1,0.990476,0.990476,0.997751,0,1.95188,0.999979,0,0,1
1740,door_2,4,0.982014,0.741905,2.538,1,1,0,460,0,0,0,0,420,0,0,0,0,0.482567,0,1.98282,0.999999,0,0,0
1800,door_2,4,0.982014,0.741905,2.538,1,1,0,545,0,0,0,0,420,420,0,0,0,0.9255,0,1.98282,0.999999,0,0,0
1860,door_2,-4,0.0179862,0.739332,2.538,1,1,0,40,0,180,77.1429,180,420,240,1,1,0.428571,0.947768,15,1.99773,0.999999,0,0,0
1920,door_3,4,0.982014,-0.516142,4.61156,1,1,1,0,390,30,0,420,420,0,0.654762,1,0.654762,0.999882,0,2.02079,0.930557,0,0,1
1980,door_3,0.046993,0.511746,-0.511289,4.61149,1,1,0,3,0,420,195,420,420,0,0.464286,1,0.464286,0.999959,0,2.02811,0.995865,0,0,0
2100,door_2,4,0.982014,0.722799,2.538,1,1,1,0,261,69,0,330,420,90,0.90303,1,0.709524,0.968271,0,2.02286,0.833917,0,0,1
2160,door_2,-4,0.0179862,0.723077,2.538,1,1,1,6,88,212,136.286,300,420,120,0.9,1,0.642857,0.965155,1.92857,2.01992,0.985095,0,0,0
2220,door_3,4,0.982014,-0.473086,4.61092,1,1,1,0,420,0,0,420,420,0,0.547619,1,0.547619,0.99997,0,2.03739,0.641514,0,0,1
2220,door_2,4,0.982014,0.753746,2.538,1,1,1,0,169,161,0,330,420,90,1,1,0.785714,0.962419,0,2.03561,0.999157,0,0,1
2280,door_3,4,0.982014,-0.458898,4.61071,1,1,1,0,420,0,0,420,420,0,0.602381,1,0.602381,0.999984,0,2.03739,0.983485,0,0,1
2280,door_2,4,0.982014,0.764153,2.538,1,1,1,0,168,162,0,330,420,90,1,1,0.785714,0.961837,0,2.03645,0.999961,0,0,1
2340,door_3,4,0.982014,-0.454662,4.61064,1,1,1,0,420,0,0,420,420,0,0.602381,1,0.602381,0.999988,0,2.03739,0.999239,0,0,1
2340,door_2,4,0.982014,0.771756,2.538,1,1,1,0,179,151,0,330,420,90,0.909091,1,0.714286,0.96141,0,2.03649,0.999998,0,0,1
2400,door_3,4,0.982014,-0.453043,4.61062,1,1,1,0,420,0,0,420,420,0,0.602381,1,0.602381,0.999989,0,2.03739,0.999965,0,0,1
2400,door_2,4,0.982014,0.776473,2.538,1,1,1,0,181,149,0,330,420,90,0.912121,1,0.716667,0.961144,0,2.03649,0.999999,0,0,1
2460,door_3,4,0.982014,-0.452651,4.61061,1,1,1,0,420,0,0,420,420,0,0.602381,1,0.602381,0.999989,0,2.03739,0.999998,0,0,1
2460,door_2,4,0.982014,0.77944,2.538,1,1,1,0,181,149,0,330,420,90,0.912121,1,0.716667,0.960976,0,2.03649,0.999999,0,0,1
2520,door_3,4,0.982014,-0.452565,4.61061,1,1,1,0,420,0,0,420,420,0,0.602381,1,0.602381,0.999989,0,2.03739,0.999999,0,0,1
2520,door_2,4,0.982014,0.781276,2.538,1,1,1,0,183,177,0,360,420,60,0.919444,1,0.788095,0.960872,0,2.03649,0.999999,0,0,1
2580,door_3,4,0.982014,-0.452351,4.61061,1,1,1,0,420,0,0,420,420,0,0.602381,1,0.602381,0.99999,0,2.03739,0.999999,0,0,1
2580,door_2,4,0.982014,0.782499,2.538,1,1,1,0,183,177,0,360,420,60,0.919444,1,0.788095,0.960803,0,2.03649,0.999999,0,0,1
2640,door_3,4,0.982014,-0.452591,4.61061,1,1,1,0,420,0,0,420,420,0,0.602381,1,0.602381,0.999989,0,2.03739,0.999999,0,0,1
2640,door_2,4,0.982014,0.783237,2.538,1,1,1,0,183,177,0,360,420,60,0.919444,1,0.788095,0.960761,0,2.03649,0.999999,0,0,1
2700,door_3,4,0.982014,-0.452545,4.61061,1,1,1,0,420,0,0,420,420,0,0.602381,1,0.602381,0.999989,0,2.03739,0.999999,0,0,1
2700,door_2,4,0.982014,0.783725,2.538,1,1,1,0,183,177,0,360,420,60,0.919444,1,0.788095,0.960734,0,2.03649,0.999999,0,0,1
2760,door_3,4,0.982014,-0.452385,4.61061,1,1,1,0,420,0,0,420,420,0,0.602381,1,0.602381,0.999989,0,2.03739,0.999999,0,0,1
2760,door_2,4,0.982014,0.784009,2.538,1,1,1,0,183,177,0,360,420,60,0.919444,1,0.788095,0.960717,0,2.03649,0.999999,0,0,1
2820,door_3,4,0.982014,-0.452318,4.61061,1,1,1,0,420,0,0,420,420,0,0.602381,1,0.602381,0.99999,0,2.03739,0.999999,0,0,1
2820,door_2,4,0.982014,0.784192,2.538,1,1,1,0,183,177,0,360,420,60,0.919444,1,0.788095,0.960707,0,2.03649,0.999999,0,0,1
2880,door_3,4,0.982014,-0.452618,4.61061,1,1,1,0,420,0,0,420,420,0,0.602381,1,0.602381,0.999989,0,2.03739,0.999999,0,0,1
2880,door_2,4,0.982014,0.784315,2.538,1,1,1,0,183,177,0,360,420,60,0.919444,1,0.788095,0.9607,0,2.03649,0.999999,0,0,1
2940,door_3,4,0.982014,-0.496712,4.61127,1,1,1,0,420,0,0,420,420,0,0.769048,1,0.769048,0.999995,0,2.03473,0.999999,0,0,1
2940,door_2,-4,0.0179862,0.784347,2.538,1,1,0,31,0,150,53.5714,150,420,270,1,1,0.357143,0.938942,11.7881,2.03649,0.999999,0,0,0
3000,door_3,3.22665,0.961825,-0.518225,4.61159,1,1,0,54,0,0,0,0,420,0,0,0,0,0.999993,0,2.0361,0.999999,0,0,0
3000,door_2,-4,0.0179862,0.784589,2.538,1,1,0,60,0,0,0,0,420,0,0,0,0,0.939084,12.9309,2.02357,0.999999,0,0,0
3060,door_3,3.22665,0.961825,-0.518225,4.61159,1,1,0,127,0,0,0,0,420,0,0,0,0,0.999993,0,2.0361,0.999999,0,0,0
3060,door_2,-4,0.0179862,0.784589,2.538,1,1,0,133,0,0,0,0,420,0,0,0,0,0.939084,12.9309,2.02357,0.999999,0,0,0
3120,door_3,3.22665,0.961825,-0.518225,4.61159,1,1,0,197,0,0,0,0,420,0,0,0,0,0.999993,0,2.0361,0.999999,0,0,0
3120,door_2,-4,0.0179862,0.784589,2.538,1,1,0,203,0,0,0,0,420,0,0,0,0,0.939085,12.9309,2.02357,0.999999,0,0,0
3180,door_3,3.22665,0.961825,-0.518225,4.61159,1,1,0,267,0,0,0,0,420,0,0,0,0,0.999993,0,2.0361,0.999999,0,0,0
3180,door_2,-4,0.0179862,0.784589,2.538,1,1,0,273,0,0,0,0,420,0,0,0,0,0.939085,12.9309,2.02357,0.999999,0,0,0
3240,door_3,3.22665,0.961825,-0.518225,4.61159,1,1,0,339,0,0,0,0,420,0,0,0,0,0.999993,0,2.0361,0.999999,0,0,0
3240,door_2,-4,0.0179862,0.784589,2.538,1,1,0,345,0,0,0,0,420,0,0,0,0,0.939085,12.9309,2.02357,0.999999,0,0,0
3300,door_3,3.22665,0.961825,-0.518225,4.61159,1,1,0,411,0,0,0,0,420,0,0,0,0,0.999993,0,2.0361,0.999999,0,0,0
3300,door_2,-4,0.0179862,0.784589,2.538,1,1,0,417,0,0,0,0,420,0,0,0,0,0.939085,12.9309,2.02357,0.999999,0,0,0
3360,door_3,3.22665,0.961825,-0.518225,4.61159,1,1,0,486,0,0,0,0,420,0,0,0,0,0.99516,0,2.0361,0.999999,0,0,0
3360,door_2,-4,0.0179862,0.784589,2.538,1,1,0,492,0,0,0,0,420,0,0,0,0,0.896652,12.9309,2.02357,0.999999,0,0,0
3420,door_3,3.22665,0.961825,-0.518225,4.61159,1,1,0,554,0,90,0,90,420,0,1,0,0,0.97885,0,2.0361,0.999999,0,0,0
3420,door_2,-4,0.0179862,0.784589,2.538,1,1,0,560,0,0,0,0,420,0,0,0,0,0.820259,12.9309,2.02357,0.999999,0,0,0
3480,door_3,3.22665,0.961825,-0.518225,4.61159,1,1,0,619,0,90,0,90,420,0,1,0,0,0.97885,0,2.0361,0.999999,0,0,0
3480,door_2,-4,0.0179862,0.784589,2.538,1,1,0,625,0,0,0,0,420,0,0,0,0,0.820259,12.9309,2.02357,0.999999,0,0,0
3540,door_3,3.22665,0.961825,-0.518225,4.61159,1,1,0,683,0,90,0,90,420,0,1,0,0,0.978851,0,2.0361,0.999999,0,0,0
3540,door_2,-4,0.0179862,0.784589,2.538,1,1,0,689,0,0,0,0,420,0,0,0,0,0.82026,12.9309,2.02357,0.999999,0,0,0
3600,door_3,3.22665,0.961825,-0.518225,4.61159,1,1,0,750,0,0,0,0,420,0,0,0,0,0.965333,0,2.0361,0.999999,0,0,0
3600,door_2,-4,0.0179862,0.784589,2.538,1,1,0,756,0,0,0,0,420,0,0,0,0,0.767601,12.9309,2.02357,0.999999,0,0,0
3660,door_3,3.22665,0.961825,-0.518225,4.61159,1,1,0,827,0,0,0,0,420,0,0,0,0,0.96137,0,2.0361,0.999999,0,0,0
3660,door_2,-4,0.0179862,0.784589,2.538,1,1,0,833,0,0,0,0,420,0,0,0,0,0.753259,12.9309,2.02357,0.999999,0,0,0
3720,door_2,-4,0.0179862,0.784589,2.538,1,1,0,899,0,0,0,0,420,420,0,0,0,0.65528,12.9309,2.02357,0.999999,0,0,0
3780,door_2,-4,0.0179862,0.784589,2.538,1,1,0,959,0,0,0,0,420,420,0,0,0,0.711162,12.9309,2.02357,0.999999,0,0,0
3840,door_2,-4,0.0179862,0.784589,2.538,1,1,0,1037,0,0,0,0,420,420,0,0,0,0.829027,12.9309,2.02357,0.999999,0,0,0
3900,door_2,-4,0.0179862,0.784589,2.538,1,1,0,1116,0,0,0,0,420,420,0,0,0,0.907275,12.9309,2.02357,0.999999,0,0,0
3960,door_3,4,0.982014,-0.496075,4.61126,1,1,0,0,0,0,0,0,420,420,0,0,0,0.999245,0,2.04993,0.90056,0,0,1
3960,door_2,-4,0.0179862,0.784589,2.538,1,1,0,1185,0,0,0,0,420,240,0,0,0,0.901907,12.9309,2.02357,0.999999,0,0,0
4020,door_3,4,0.982014,-0.394179,4.60974,1,1,1,1,420,0,0,420,420,0,1,0.142857,0.142857,0.999563,0,2.03362,0.99408,0,0,0
4020,door_2,-4,0.0179862,0.784589,2.538,1,1,0,1265,0,0,0,0,420,0,0,0,0,0.915764,12.9309,2.02357,0.999999,0,0,0
4080,door_3,4,0.982014,-0.385834,4.60962,1,1,1,0,420,0,0,420,420,0,1,0.214286,0.214286,0.999931,0,2.0638,0.999199,0,0,1
4080,door_2,-4,0.0179862,0.784589,2.538,1,1,0,1340,0,0,0,0,420,90,0,0,0,0.931161,12.9309,2.02357,0.999999,0,0,0
4140,door_3,4,0.982014,-0.419272,4.61012,1,1,1,0,420,0,0,420,420,0,1,0.142857,0.142857,0.999899,0,2.0722,0.999963,0,0,1
4140,door_2,-4,0.0179862,0.784589,2.538,1,1,0,1410,0,0,0,0,420,30,0,0,0,0.925428,12.9309,2.02357,0.999999,0,0,0
4200,door_3,4,0.982014,-0.422497,4.61016,1,1,1,0,420,0,0,420,420,0,1,0.142857,0.142857,0.999907,0,2.07258,0.999998,0,0,1
4200,door_2,-4,0.0179862,0.784589,2.538,1,1,0,1481,0,0,0,0,420,30,0,0,0,0.925428,12.9309,2.02357,0.999999,0,0,0
4260,door_3,4,0.982014,-0.476446,4.61097,1,1,0,75,0,0,0,0,420,0,0,0,0,0.996626,0,2.00169,0.999999,0.023217,0,0
4260,door_2,-4,0.0179862,0.784589,2.538,1,1,0,1593,0,0,0,0,420,0,0,0,0,0.895516,12.9309,2.02357,0.999999,0,0,0
4320,door_3,-2.15841,0.103548,-0.483959,4.61108,1,1,1,0,192,228,0,420,420,0,0.65,1,0.65,0.94734,5.47619,2.00789,0.999999,0,0,1
4320,door_2,-4,0.0179862,0.784589,2.538,1,1,0,1659,0,0,0,0,420,420,0,0,0,0.756325,12.9309,2.02357,0.999999,0,0,0
4380,door_3,3.99079,0.98185,-0.496192,4.61126,1,1,0,94,0,0,0,0,420,0,0,0,0,0.975563,0,2.01205,0.999999,0,0,0
4380,door_2,-4,0.0179862,0.784589,2.538,1,1,0,1767,0,0,0,0,420,0,0,0,0,0.887367,12.9309,2.02357,0.999999,0,0,0
4440,door_3,-4,0.0179862,-0.496192,4.61126,1,1,0,214,0,0,0,0,420,0,0,0,0,0.950529,3.40362,2.01205,0.999999,0,0,0
4440,door_2,-4,0.0179862,0.784589,2.538,1,1,0,1887,0,0,0,0,420,0,0,0,0,0.833382,12.9309,2.02357,0.999999,0,0,0
4500,door_3,4,0.982014,-0.457144,4.61068,1,1,1,0,292,128,0,420,420,0,0.833333,1,0.833333,1,0,2.00329,0.999999,0,0,1
4560,door_2,4,0.982014,0.909436,2.538,1,1,1,0,390,30,0,420,420,0,1,1,1,0.961509,0,2.0381,0.905532,0,0,1
4560,door_3,4,0.982014,-0.382773,4.60957,1,1,1,0,420,0,0,420,420,0,1,0,0,0.999757,0,2.06303,0.999999,0,0,1
4620,door_2,4,0.982014,0.863138,2.538,1,1,1,0,417,3,0,420,420,0,1,0.559524,0.559524,0.998277,0,2.05153,0.994376,0,0,1
4620,door_3,4,0.982014,-0.370289,4.60939,1,1,0,17,0,0,0,0,420,420,0,0,0,0.96563,0,2.03632,0.999999,0,0,0
4680,door_2,3.21749,0.961487,0.839973,2.538,1,1,0,169,0,0,0,0,420,0,0,0,0,0.903885,0,2.02455,0.997639,0.0617433,0,0
4680,door_3,4,0.982014,-0.370289,4.60939,1,1,0,204,0,0,0,0,420,0,0,0,0,0.885921,0,2.03632,0.999999,0,0,0
4740,door_2,4,0.982014,0.824995,2.538,1,1,1,0,359,61,0,420,420,0,0.930952,1,0.930952,0.994942,0,2.04707,0.999013,0,0,1
4740,door_3,4,0.982014,-0.370289,4.60939,1,1,0,286,0,0,0,0,420,420,0,0,0,0.970809,0,2.03632,0.999999,0,0,0
4800,door_2,4,0.982014,0.777063,2.538,1,1,0,48,0,0,0,0,420,0,0,0,0,0.959987,0,2.05811,0.999681,0,0,0
4800,door_3,4,0.982014,-0.370289,4.60939,1,1,0,358,0,0,0,0,420,0,0,0,0,0.998905,0,2.03632,0.999999,0,0,0
4860,door_2,4,0.982014,0.777063,2.538,1,1,0,121,0,0,0,0,420,0,0,0,0,0.839813,0,2.05811,0.999681,0,0,0
4860,door_3,4,0.982014,-0.370289,4.60939,1,1,0,431,0,0,0,0,420,0,0,0,0,0.949306,0,2.03632,0.999999,0,0,0
4920,door_2,4,0.982014,0.777063,2.538,1,1,0,187,0,0,0,0,420,0,0,0,0,0.615158,0,2.05811,0.999681,0,0,0
4980,door_2,4,0.982014,0.777063,2.538,1,1,0,259,0,0,0,0,420,0,0,0,0,0.483713,0,2.05811,0.999681,0,0,0
5040,door_2,4,0.982014,0.777063,2.538,1,1,0,339,0,0,0,0,420,420,0,0,0,0.774339,0,2.05811,0.999681,0,0,0
5100,door_2,4,0.982014,0.777063,2.538,1,1,0,472,0,0,0,0,420,0,0,0,0,0.419865,0,2.05811,0.999681,0,0,0
5160,door_2,4,0.982014,0.777063,2.538,1,1,0,538,0,0,0,0,420,0,0,0,0,0.930031,0,2.05811,0.999681,0,0,0
5220,door_2,4,0.982014,0.777063,2.538,1,1,0,599,0,0,0,0,420,0,0,0,0,0.941214,0,2.05811,0.999681,0,0,0
5280,door_2,4,0.982014,0.777063,2.538,1,1,0,661,0,0,0,0,420,0,0,0,0,0.941214,0,2.05811,0.999681,0,0,0
5340,door_2,4,0.982014,0.777063,2.538,1,1,0,733,0,0,0,0,420,0,0,0,0,0.95201,0,2.05811,0.999681,0,0,0
5400,door_2,4,0.982014,0.777063,2.538,1,1,0,802,0,0,0,0,420,0,0,0,0,0.95201,0,2.05811,0.999681,0,0,0
5460,door_2,4,0.982014,0.777063,2.538,1,1,0,872,0,0,0,0,420,0,0,0,0,0.952011,0,2.05811,0.999681,0,0,0
5520,door_2,4,0.982014,0.777063,2.538,1,1,0,942,0,0,0,0,420,0,0,0,0,0.952011,0,2.05811,0.999681,0,0,0
5580,door_2,4,0.982014,0.777063,2.538,1,1,0,1015,0,0,0,0,420,0,0,0,0,0.952012,0,2.05811,0.999681,0,0,0
5640,door_2,4,0.982014,0.777063,2.538,1,1,0,1088,0,0,0,0,420,0,0,0,0,0.952013,0,2.05811,0.999681,0,0,0
5700,door_2,4,0.982014,0.777063,2.538,1,1,0,1158,0,0,0,0,420,0,0,0,0,0.952013,0,2.05811,0.999681,0,0,0
5760,door_2,4,0.982014,0.777063,2.538,1,1,0,1229,0,0,0,0,420,0,0,0,0,0.952014,0,2.05811,0.999681,0,0,0
5820,door_2,4,0.982014,0.777063,2.538,1,1,0,1301,0,0,0,0,420,0,0,0,0,0.952014,0,2.05811,0.999681,0,0,0
5880,door_2,4,0.982014,0.777063,2.538,1,1,0,1373,0,0,0,0,420,0,0,0,0,0.952015,0,2.05811,0.999681,0,0,0
5940,door_2,4,0.982014,0.777063,2.538,1,1,0,1446,0,0,0,0,420,0,0,0,0,0.952015,0,2.05811,0.999681,0,0,0
6000,door_2,4,0.982014,0.777063,2.538,1,1,0,1522,0,0,0,0,420,0,0,0,0,0.952017,0,2.05811,0.999681,0,0,0
6060,door_2,4,0.982014,0.777063,2.538,1,1,0,1594,0,0,0,0,420,0,0,0,0,0.952018,0,2.05811,0.999681,0,0,0
6120,door_2,4,0.982014,0.777063,2.538,1,1,0,1667,0,0,0,0,420,0,0,0,0,0.952018,0,2.05811,0.999681,0,0,0
6180,door_2,4,0.982014,0.777063,2.538,1,1,0,1744,0,0,0,0,420,0,0,0,0,0.952021,0,2.05811,0.999681,0,0,0
6240,door_2,4,0.982014,0.777063,2.538,1,1,0,1822,0,0,0,0,420,0,0,0,0,0.952021,0,2.05811,0.999681,0,0,0
6300,door_2,4,0.982014,0.777063,2.538,1,1,0,1902,0,0,0,0,420,0,0,0,0,0.952022,0,2.05811,0.999681,0,0,0
6360,door_2,4,0.982014,0.777063,2.538,1,1,0,1979,0,0,0,0,420,0,0,0,0,0.952024,0,2.05811,0.999681,0,0,0
6420,door_2,4,0.982014,0.777063,2.538,1,1,0,2055,0,0,0,0,420,0,0,0,0,0.952026,0,2.05811,0.999681,0,0,0
6480,door_2,4,0.982014,0.777063,2.538,1,1,0,2126,0,0,0,0,420,0,0,0,0,0.952028,0,2.05811,0.999681,0,0,0
6540,door_2,4,0.982014,0.777063,2.538,1,1,0,2194,0,0,0,0,420,0,0,0,0,0.952029,0,2.05811,0.999681,0,0,0
6600,door_2,4,0.982014,0.777063,2.538,1,1,0,2262,0,0,0,0,420,0,0,0,0,0.95203,0,2.05811,0.999681,0,0,0
6660,door_2,4,0.982014,0.777063,2.538,1,1,0,2329,0,0,0,0,420,0,0,0,0,0.952031,0,2.05811,0.999681,0,0,0
6720,door_2,4,0.982014,0.777063,2.538,1,1,0,2397,0,0,0,0,420,0,0,0,0,0.952032,0,2.05811,0.999681,0,0,0
6780,door_2,4,0.982014,0.777063,2.538,1,1,0,2465,0,0,0,0,420,0,0,0,0,0.952033,0,2.05811,0.999681,0,0,0
6840,door_2,4,0.982014,0.777063,2.538,1,1,0,2533,0,0,0,0,420,0,0,0,0,0.952034,0,2.05811,0.999681,0,0,0
6900,door_2,4,0.982014,0.777063,2.538,1,1,0,2600,0,0,0,0,420,0,0,0,0,0.952035,0,2.05811,0.999681,0,0,0
6960,door_2,4,0.982014,0.777063,2.538,1,1,0,2669,0,0,0,0,420,0,0,0,0,0.952036,0,2.05811,0.999681,0,0,0
7020,door_2,4,0.982014,0.777063,2.538,1,1,0,2736,0,0,0,0,420,0,0,0,0,0.952037,0,2.05811,0.999681,0,0,0
7080,door_2,4,0.982014,0.777063,2.538,1,1,0,2803,0,0,0,0,420,0,0,0,0,0.952038,0,2.05811,0.999681,0,0,0
7140,door_2,4,0.982014,0.777063,2.538,1,1,0,2872,0,0,0,0,420,0,0,0,0,0.952039,0,2.05811,0.999681,0,0,0
7200,door_2,4,0.982014,0.777063,2.538,1,1,0,2940,0,0,0,0,420,0,0,0,0,0.95204,0,2.05811,0.999681,0,0,0
7260,door_2,4,0.982014,0.777063,2.538,1,1,0,3012,0,0,0,0,420,0,0,0,0,0.952041,0,2.05811,0.999681,0,0,0
7320,door_2,4,0.982014,0.777063,2.538,1,1,0,3080,0,0,0,0,420,0,0,0,0,0.952043,0,2.05811,0.999681,0,0,0
7380,door_2,4,0.982014,0.777063,2.538,1,1,0,3148,0,0,0,0,420,0,0,0,0,0.952044,0,2.05811,0.999681,0,0,0
7440,door_2,4,0.982014,0.777063,2.538,1,1,0,3218,0,0,0,0,420,0,0,0,0,0.952045,0,2.05811,0.999681,0,0,0
7500,door_2,4,0.982014,0.777063,2.538,1,1,0,3288,0,0,0,0,420,0,0,0,0,0.952046,0,2.05811,0.999681,0,0,0
7560,door_2,4,0.982014,0.777063,2.538,1,1,0,3359,0,0,0,0,420,0,0,0,0,0.952047,0,2.05811,0.999681,0,0,0
7620,door_2,4,0.982014,0.777063,2.538,1,1,0,3434,0,0,0,0,420,0,0,0,0,0.952049,0,2.05811,0.999681,0,0,0
7680,door_2,4,0.982014,0.777063,2.538,1,1,0,3505,0,0,0,0,420,0,0,0,0,0.95205,0,2.05811,0.999681,0,0,0
7740,door_2,4,0.982014,0.777063,2.538,1,1,0,3580,0,0,0,0,420,0,0,0,0,0.952052,0,2.05811,0.999681,0,0,0
7800,door_2,4,0.982014,0.777063,2.538,1,1,0,3651,0,0,0,0,420,0,0,0,0,0.952053,0,2.05811,0.999681,0,0,0
7860,door_2,4,0.982014,0.777063,2.538,1,1,0,3730,0,0,0,0,420,0,0,0,0,0.952055,0,2.05811,0.999681,0,0,0
7920,door_2,4,0.982014,0.777063,2.538,1,1,0,3805,0,0,0,0,420,0,0,0,0,0.952056,0,2.05811,0.999681,0,0,0
7980,door_2,4,0.982014,0.777063,2.538,1,1,0,3878,0,0,0,0,420,0,0,0,0,0.952058,0,2.05811,0.999681,0,0,0
8040,door_2,4,0.982014,0.777063,2.538,1,1,0,3951,0,0,0,0,420,0,0,0,0,0.95206,0,2.05811,0.999681,0,0,0
8100,door_2,4,0.982014,0.777063,2.538,1,1,0,4023,0,0,0,0,420,0,0,0,0,0.952061,0,2.05811,0.999681,0,0,0
8160,door_2,4,0.982014,0.777063,2.538,1,1,0,4093,0,0,0,0,420,0,0,0,0,0.952063,0,2.05811,0.999681,0,0,0
8220,door_2,4,0.982014,0.777063,2.538,1,1,0,4167,0,0,0,0,420,0,0,0,0,0.952064,0,2.05811,0.999681,0,0,0
8280,door_2,4,0.982014,0.777063,2.538,1,1,0,4244,0,0,0,0,420,0,0,0,0,0.952066,0,2.05811,0.999681,0,0,0
8340,door_2,4,0.982014,0.777063,2.538,1,1,0,4314,0,0,0,0,420,0,0,0,0,0.952068,0,2.05811,0.999681,0,0,0
8400,door_2,4,0.982014,0.777063,2.538,1,1,0,4381,0,0,0,0,420,0,0,0,0,0.952069,0,2.05811,0.999681,0,0,0
8460,door_2,4,0.982014,0.777063,2.538,1,1,0,4448,0,0,0,0,420,0,0,0,0,0.952071,0,2.05811,0.999681,0,0,0
8520,door_2,4,0.982014,0.777063,2.538,1,1,0,4514,0,0,0,0,420,0,0,0,0,0.952073,0,2.05811,0.999681,0,0,0
8580,door_2,4,0.982014,0.777063,2.538,1,1,0,4580,0,0,0,0,420,0,0,0,0,0.952074,0,2.05811,0.999681,0,0,0
8640,door_2,4,0.982014,0.777063,2.538,1,1,0,4655,0,0,0,0,420,0,0,0,0,0.952076,0,2.05811,0.999681,0,0,0
8700,door_2,4,0.982014,0.777063,2.538,1,1,0,4732,0,0,0,0,420,0,0,0,0,0.952078,0,2.05811,0.999681,0,0,0
8760,door_2,4,0.982014,0.777063,2.538,1,1,0,4811,0,0,0,0,420,0,0,0,0,0.95208,0,2.05811,0.999681,0,0,0
8820,door_2,4,0.982014,0.777063,2.538,1,1,0,4890,0,0,0,0,420,0,0,0,0,0.952082,0,2.05811,0.999681,0,0,0
8880,door_2,4,0.982014,0.777063,2.538,1,1,0,4965,0,0,0,0,420,0,0,0,0,0.952084,0,2.05811,0.999681,0,0,0
8940,door_2,4,0.982014,0.777063,2.538,1,1,0,5032,0,0,0,0,420,0,0,0,0,0.952086,0,2.05811,0.999681,0,0,0
9000,door_2,4,0.982014,0.777063,2.538,1,1,0,5097,0,0,0,0,420,0,0,0,0,0.952087,0,2.05811,0.999681,0,0,0
9060,door_2,4,0.982014,0.777063,2.538,1,1,0,5169,0,0,0,0,420,0,0,0,0,0.952089,0,2.05811,0.999681,0,0,0
9120,door_2,4,0.982014,0.777063,2.538,1,1,0,5243,0,0,0,0,420,0,0,0,0,0.952091,0,2.05811,0.999681,0,0,0
9180,door_2,4,0.982014,0.777063,2.538,1,1,0,5309,0,0,0,0,420,0,0,0,0,0.952093,0,2.05811,0.999681,0,0,0
9240,door_2,4,0.982014,0.777063,2.538,1,1,0,5383,0,0,0,0,420,0,0,0,0,0.952096,0,2.05811,0.999681,0,0,0
9300,door_2,4,0.982014,0.777063,2.538,1,1,0,5462,0,0,0,0,420,0,0,0,0,0.952098,0,2.05811,0.999681,0,0,0
9360,door_2,4,0.982014,0.777063,2.538,1,1,0,5533,0,0,0,0,420,0,0,0,0,0.9521,0,2.05811,0.999681,0,0,0
9420,door_2,4,0.982014,0.777063,2.538,1,1,0,5611,0,0,0,0,420,0,0,0,0,0.952103,0,2.05811,0.999681,0,0,0
9480,door_2,4,0.982014,0.777063,2.538,1,1,0,5690,0,0,0,0,420,0,0,0,0,0.952105,0,2.05811,0.999681,0,0,0
9540,door_2,4,0.982014,0.777063,2.538,1,1,0,5770,0,0,0,0,420,0,0,0,0,0.952108,0,2.05811,0.999681,0,0,0
9600,door_2,4,0.982014,0.777063,2.538,1,1,0,5846,0,0,0,0,420,0,0,0,0,0.95211,0,2.05811,0.999681,0,0,0
9660,door_2,4,0.982014,0.777063,2.538,1,1,0,5921,0,0,0,0,420,0,0,0,0,0.952113,0,2.05811,0.999681,0,0,0
9720,door_2,4,0.982014,0.777063,2.538,1,1,0,5993,0,0,0,0,420,0,0,0,0,0.952115,0,2.05811,0.999681,0,0,0
9780,door_2,4,0.982014,0.777063,2.538,1,1,0,6061,0,0,0,0,420,0,0,0,0,0.952118,0,2.05811,0.999681,0,0,0
9840,door_2,4,0.982014,0.777063,2.538,1,1,0,6131,0,0,0,0,420,0,0,0,0,0.95212,0,2.05811,0.999681,0,0,0
9900,door_2,4,0.982014,0.777063,2.538,1,1,0,6210,0,0,0,0,420,0,0,0,0,0.952123,0,2.05811,0.999681,0,0,0
9960,door_2,4,0.982014,0.777063,2.538,1,1,0,6287,0,0,0,0,420,0,0,0,0,0.952126,0,2.05811,0.999681,0,0,0
10020,door_2,4,0.982014,0.777063,2.538,1,1,0,6364,0,0,0,0,420,0,0,0,0,0.952128,0,2.05811,0.999681,0,0,0
10080,door_2,4,0.982014,0.777063,2.538,1,1,0,6438,0,0,0,0,420,0,0,0,0,0.952131,0,2.05811,0.999681,0,0,0
10140,door_2,4,0.982014,0.777063,2.538,1,1,0,6512,0,0,0,0,420,0,0,0,0,0.952134,0,2.05811,0.999681,0,0,0
10200,door_2,4,0.982014,0.777063,2.538,1,1,0,6584,0,0,0,0,420,0,0,0,0,0.952137,0,2.05811,0.999681,0,0,0
10260,door_2,4,0.982014,0.777063,2.538,1,1,0,6657,0,0,0,0,420,0,0,0,0,0.952139,0,2.05811,0.999681,0,0,0
10320,door_2,4,0.982014,0.777063,2.538,1,1,0,6733,0,0,0,0,420,0,0,0,0,0.952142,0,2.05811,0.999681,0,0,0
10380,door_2,4,0.982014,0.777063,2.538,1,1,0,6805,0,0,0,0,420,0,0,0,0,0.952145,0,2.05811,0.999681,0,0,0
10440,door_2,4,0.982014,0.777063,2.538,1,1,0,6872,0,0,0,0,420,0,0,0,0,0.952148,0,2.05811,0.999681,0,0,0
10500,door_2,4,0.982014,0.777063,2.538,1,1,0,6937,0,0,0,0,420,0,0,0,0,0.95215,0,2.05811,0.999681,0,0,0
10560,door_2,4,0.982014,0.777063,2.538,1,1,0,7003,0,0,0,0,420,0,0,0,0,0.952153,0,2.05811,0.999681,0,0,0
10620,door_2,4,0.982014,0.777063,2.538,1,1,0,7072,0,0,0,0,420,0,0,0,0,0.952156,0,2.05811,0.999681,0,0,0
10680,door_2,4,0.982014,0.777063,2.538,1,1,0,7139,0,0,0,0,420,0,0,0,0,0.952158,0,2.05811,0.999681,0,0,0
10740,door_2,4,0.982014,0.777063,2.538,1,1,0,7214,0,0,0,0,420,0,0,0,0,0.952162,0,2.05811,0.999681,0,0,0
10800,door_2,4,0.982014,0.777063,2.538,1,1,0,7279,0,0,0,0,420,0,0,0,0,0.952164,0,2.05811,0.999681,0,0,0
10860,door_2,4,0.982014,0.777063,2.538,1,1,0,7344,0,0,0,0,420,0,0,0,0,0.952167,0,2.05811,0.999681,0,0,0
10920,door_2,4,0.982014,0.777063,2.538,1,1,0,7412,0,0,0,0,420,0,0,0,0,0.95217,0,2.05811,0.999681,0,0,0
10980,door_2,4,0.982014,0.777063,2.538,1,1,0,7475,0,0,0,0,420,0,0,0,0,0.952173,0,2.05811,0.999681,0,0,0
11040,door_2,4,0.982014,0.777063,2.538,1,1,0,7538,0,0,0,0,420,0,0,0,0,0.952176,0,2.05811,0.999681,0,0,0
11100,door_2,4,0.982014,0.777063,2.538,1,1,0,7606,0,0,0,0,420,0,0,0,0,0.952179,0,2.05811,0.999681,0,0,0
11160,door_2,4,0.982014,0.777063,2.538,1,1,0,7671,0,0,0,0,420,0,0,0,0,0.952182,0,2.05811,0.999681,0,0,0
11220,door_2,4,0.982014,0.777063,2.538,1,1,0,7739,0,0,0,0,420,0,0,0,0,0.952185,0,2.05811,0.999681,0,0,0
11280,door_2,4,0.982014,0.777063,2.538,1,1,0,7804,0,0,0,0,420,0,0,0,0,0.952188,0,2.05811,0.999681,0,0,0
11340,door_2,4,0.982014,0.777063,2.538,1,1,0,7869,0,0,0,0,420,0,0,0,0,0.952191,0,2.05811,0.999681,0,0,0
11400,door_2,4,0.982014,0.777063,2.538,1,1,0,7937,0,0,0,0,420,0,0,0,0,0.952195,0,2.05811,0.999681,0,0,0
11460,door_2,4,0.982014,0.777063,2.538,1,1,0,8009,0,0,0,0,420,0,0,0,0,0.952198,0,2.05811,0.999681,0,0,0
11520,door_2,4,0.982014,0.777063,2.538,1,1,0,8080,0,0,0,0,420,0,0,0,0,0.952201,0,2.05811,0.999681,0,0,0
11580,door_2,4,0.982014,0.777063,2.538,1,1,0,8148,0,0,0,0,420,0,0,0,0,0.952205,0,2.05811,0.999681,0,0,0
11640,door_2,4,0.982014,0.777063,2.538,1,1,0,8219,0,0,0,0,420,0,0,0,0,0.952209,0,2.05811,0.999681,0,0,0
11700,door_2,4,0.982014,0.777063,2.538,1,1,0,8292,0,0,0,0,420,0,0,0,0,0.952212,0,2.05811,0.999681,0,0,0
11760,door_2,4,0.982014,0.777063,2.538,1,1,0,8370,0,0,0,0,420,0,0,0,0,0.952216,0,2.05811,0.999681,0,0,0
11820,door_2,4,0.982014,0.777063,2.538,1,1,0,8453,0,0,0,0,420,0,0,0,0,0.952221,0,2.05811,0.999681,0,0,0
11880,door_2,4,0.982014,0.777063,2.538,1,1,0,8539,0,0,0,0,420,0,0,0,0,0.952225,0,2.05811,0.999681,0,0,0
11940,door_2,4,0.982014,0.777063,2.538,1,1,0,8622,0,0,0,0,420,0,0,0,0,0.952229,0,2.05811,0.999681,0,0,0
12000,door_2,4,0.982014,0.777063,2.538,1,1,0,8702,0,0,0,0,420,0,0,0,0,0.952312,0,2.05811,0.999681,0,0,0
12060,door_2,4,0.982014,0.777063,2.538,1,1,0,8774,0,0,0,0,420,0,0,0,0,0.805017,0,2.05811,0.999681,0,0,0
12120,door_2,4,0.982014,0.777063,2.538,1,1,0,8841,0,0,0,0,420,0,0,0,0,0.742808,0,2.05811,0.999681,0,0,0
12180,door_2,4,0.982014,0.777063,2.538,1,1,0,8908,0,0,0,0,420,420,0,0,0,0.734128,0,2.05811,0.999681,0,0,0
12240,door_3,4,0.982014,-0.380032,4.60953,1,1,1,0,266,98,0,364,420,56,0.604396,1,0.52381,0.937276,0,2.04177,0.806289,0,0,1
12240,door_2,4,0.982014,0.777063,2.538,1,1,0,8973,0,0,0,0,420,420,0,0,0,0.734128,0,2.05811,0.999681,0,0,0
12300,door_3,4,0.982014,-0.370911,4.60939,1,1,1,0,266,98,0,364,420,56,0.604396,1,0.52381,0.936791,0,2.04177,0.991076,0,0,1
12300,door_2,4,0.982014,0.777063,2.538,1,1,0,9042,0,0,0,0,420,420,0,0,0,0.734128,0,2.05811,0.999681,0,0,0
12360,door_3,4,0.982014,-0.370817,4.60939,1,1,1,0,266,98,0,364,420,56,0.604396,1,0.52381,0.936786,0,2.04177,0.999589,0,0,1
12360,door_2,4,0.982014,0.777063,2.538,1,1,0,9109,0,0,0,0,420,420,0,0,0,0.734128,0,2.05811,0.999681,0,0,0
12420,door_3,4,0.982014,-0.3676,4.60934,1,1,1,0,266,98,0,364,420,56,0.604396,1,0.52381,0.936614,0,2.04177,0.999981,0,0,1
12420,door_2,4,0.982014,0.777063,2.538,1,1,0,9177,0,0,0,0,420,420,0,0,0,0.734128,0,2.05811,0.999681,0,0,0
12480,door_3,4,0.982014,-0.371349,4.6094,1,1,1,1,266,98,51.3333,364,420,56,0.604396,1,0.52381,0.936814,0,2.04177,0.999999,0,0,0
12480,door_2,4,0.982014,0.777063,2.538,1,1,0,9246,0,0,0,0,420,420,0,0,0,0.734129,0,2.05811,0.999681,0,0,0
12540,door_3,4,0.982014,-0.369132,4.60937,1,1,1,0,266,98,0,364,420,56,0.604396,1,0.52381,0.936696,0,2.04177,0.999999,0,0,1
12540,door_2,4,0.982014,0.777063,2.538,1,1,0,9314,0,0,0,0,420,420,0,0,0,0.734129,0,2.05811,0.999681,0,0,0
12600,door_3,4,0.982014,-0.368619,4.60936,1,1,1,0,266,98,0,364,420,56,0.604396,1,0.52381,0.936669,0,2.04177,0.999999,0,0,1
12600,door_2,4,0.982014,0.777063,2.538,1,1,0,9384,0,0,0,0,420,420,0,0,0,0.734128,0,2.05811,0.999681,0,0,0
12660,door_3,4,0.982014,-0.368898,4.60936,1,1,1,0,266,98,0,364,420,56,0.604396,1,0.52381,0.936684,0,2.04177,0.999999,0,0,1
12660,door_2,4,0.982014,0.777063,2.538,1,1,0,9455,0,0,0,0,420,420,0,0,0,0.734128,0,2.05811,0.999681,0,0,0
12720,door_3,4,0.982014,-0.367345,4.60934,1,1,1,0,266,98,0,364,420,56,0.604396,1,0.52381,0.936601,0,2.04177,0.999999,0,0,1
12720,door_2,4,0.982014,0.777063,2.538,1,1,0,9524,0,0,0,0,420,420,0,0,0,0.734129,0,2.05811,0.999681,0,0,0
12780,door_3,4,0.982014,-0.374228,4.60944,1,1,1,1,266,98,51.3333,364,420,56,0.604396,1,0.52381,0.936968,0,2.04177,0.999999,0,0,0
12780,door_2,4,0.982014,0.777063,2.538,1,1,0,9596,0,0,0,0,420,420,0,0,0,0.734129,0,2.05811,0.999681,0,0,0
12840,door_3,4,0.982014,-0.36936,4.60937,1,1,1,0,266,98,0,364,420,56,0.604396,1,0.52381,0.936709,0,2.04177,0.999999,0,0,1
12840,door_2,4,0.982014,0.777063,2.538,1,1,0,9664,0,0,0,0,420,420,0,0,0,0.734129,0,2.05811,0.999681,0,0,0
12900,door_3,4,0.982014,-0.37276,4.60942,1,1,1,1,266,98,51.3333,364,420,56,0.604396,1,0.52381,0.93689,0,2.04177,0.999999,0,0,0
12900,door_2,4,0.982014,0.777063,2.538,1,1,0,9734,0,0,0,0,420,420,0,0,0,0.734129,0,2.05811,0.999681,0,0,0
12960,door_3,4,0.982014,-0.368888,4.60936,1,1,1,0,266,98,0,364,420,56,0.604396,1,0.52381,0.936684,0,2.04177,0.999999,0,0,1
12960,door_2,4,0.982014,0.777063,2.538,1,1,0,9803,0,0,0,0,420,420,0,0,0,0.734129,0,2.05811,0.999681,0,0,0
13020,door_3,4,0.982014,-0.374067,4.60944,1,1,1,0,266,98,0,364,420,56,0.604396,1,0.52381,0.93696,0,2.04177,0.999999,0,0,1
13020,door_2,4,0.982014,0.777063,2.538,1,1,0,9870,0,0,0,0,420,420,0,0,0,0.734129,0,2.05811,0.999681,0,0,0
13080,door_3,4,0.982014,-0.367381,4.60934,1,1,1,0,266,98,0,364,420,56,0.604396,1,0.52381,0.936604,0,2.04177,0.999999,0,0,1
13080,door_2,4,0.982014,0.777063,2.538,1,1,0,9938,0,0,0,0,420,420,0,0,0,0.734129,0,2.05811,0.999681,0,0,0
13140,door_3,4,0.982014,-0.369924,4.60938,1,1,1,0,266,98,0,364,420,56,0.604396,1,0.52381,0.936739,0,2.04177,0.999999,0,0,1
13140,door_2,4,0.982014,0.777063,2.538,1,1,0,10005,0,0,0,0,420,420,0,0,0,0.734129,0,2.05811,0.999681,0,0,0
13200,door_3,4,0.982014,-0.367452,4.60934,1,1,1,1,266,98,51.3333,364,420,56,0.604396,1,0.52381,0.936608,0,2.04177,0.999999,0,0,0
13200,door_2,4,0.982014,0.777063,2.538,1,1,0,10072,0,0,0,0,420,420,0,0,0,0.734129,0,2.05811,0.999681,0,0,0
13260,door_3,4,0.982014,-0.370444,4.60939,1,1,1,0,266,98,0,364,420,56,0.604396,1,0.52381,0.936767,0,2.04177,0.999999,0,0,1
13260,door_2,4,0.982014,0.777063,2.538,1,1,0,10138,0,0,0,0,420,420,0,0,0,0.734129,0,2.05811,0.999681,0,0,0
13320,door_3,4,0.982014,-0.369378,4.60937,1,1,1,0,266,98,0,364,420,56,0.604396,1,0.52381,0.93671,0,2.04177,0.999999,0,0,1
13320,door_2,4,0.982014,0.777063,2.538,1,1,0,10202,0,0,0,0,420,420,0,0,0,0.734129,0,2.05811,0.999681,0,0,0
13380,door_3,4,0.982014,-0.370258,4.60938,1,1,1,0,266,98,0,364,420,56,0.604396,1,0.52381,0.936757,0,2.04177,0.999999,0,0,1
13380,door_2,4,0.982014,0.777063,2.538,1,1,0,10269,0,0,0,0,420,420,0,0,0,0.734128,0,2.05811,0.999681,0,0,0
13440,door_3,4,0.982014,-0.370948,4.6094,1,1,1,0,266,98,0,364,420,56,0.604396,1,0.52381,0.936794,0,2.04177,0.999999,0,0,1
13440,door_2,4,0.982014,0.777063,2.538,1,1,0,10334,0,0,0,0,420,420,0,0,0,0.734128,0,2.05811,0.999681,0,0,0
13500,door_3,4,0.982014,-0.370669,4.60939,1,1,1,0,266,98,0,364,420,56,0.604396,1,0.52381,0.936779,0,2.04177,0.999999,0,0,1
13500,door_2,4,0.982014,0.777063,2.538,1,1,0,10402,0,0,0,0,420,420,0,0,0,0.734129,0,2.05811,0.999681,0,0,0
13560,door_3,4,0.982014,-0.370335,4.60939,1,1,1,0,266,98,0,364,420,56,0.604396,1,0.52381,0.936762,0,2.04177,0.999999,0,0,1
13560,door_2,4,0.982014,0.777063,2.538,1,1,0,10472,0,0,0,0,420,420,0,0,0,0.734129,0,2.05811,0.999681,0,0,0
13620,door_3,4,0.982014,-0.372349,4.60942,1,1,1,0,266,98,0,364,420,56,0.604396,1,0.52381,0.936869,0,2.04177,0.999999,0,0,1
13620,door_2,4,0.982014,0.777063,2.538,1,1,0,10537,0,0,0,0,420,420,0,0,0,0.734129,0,2.05811,0.999681,0,0,0
13680,door_3,4,0.982014,-0.370481,4.60939,1,1,1,0,266,98,0,364,420,56,0.604396,1,0.52381,0.93677,0,2.04177,0.999999,0,0,1
13680,door_2,4,0.982014,0.777063,2.538,1,1,0,10606,0,0,0,0,420,420,0,0,0,0.734129,0,2.05811,0.999681,0,0,0
13740,door_3,4,0.982014,-0.369919,4.60938,1,1,1,0,266,98,0,364,420,56,0.604396,1,0.52381,0.93674,0,2.04177,0.999999,0,0,1
13740,door_2,4,0.982014,0.777063,2.538,1,1,0,10674,0,0,0,0,420,420,0,0,0,0.734129,0,2.05811,0.999681,0,0,0
13800,door_3,4,0.982014,-0.368865,4.60936,1,1,1,0,266,98,0,364,420,56,0.604396,1,0.52381,0.936684,0,2.04177,0.999999,0,0,1
13800,door_2,4,0.982014,0.777063,2.538,1,1,0,10741,0,0,0,0,420,420,0,0,0,0.734129,0,2.05811,0.999681,0,0,0
13860,door_3,4,0.982014,-0.36734,4.60934,1,1,1,1,266,98,51.3333,364,420,56,0.604396,1,0.52381,0.936603,0,2.04177,0.999999,0,0,0
13860,door_2,4,0.982014,0.777063,2.538,1,1,0,10811,0,0,0,0,420,420,0,0,0,0.734129,0,2.05811,0.999681,0,0,0
13920,door_3,4,0.982014,-0.370838,4.60939,1,1,1,0,266,98,0,364,420,56,0.604396,1,0.52381,0.936789,0,2.04177,0.999999,0,0,1
13920,door_2,4,0.982014,0.777063,2.538,1,1,0,10882,0,0,0,0,420,420,0,0,0,0.734129,0,2.05811,0.999681,0,0,0
13980,door_3,4,0.982014,-0.368704,4.60936,1,1,1,0,266,98,0,364,420,56,0.604396,1,0.52381,0.936675,0,2.04177,0.999999,0,0,1
13980,door_2,4,0.982014,0.777063,2.538,1,1,0,10950,0,0,0,0,420,420,0,0,0,0.734129,0,2.05811,0.999681,0,0,0
14040,door_3,4,0.982014,-0.370714,4.60939,1,1,1,0,266,98,0,364,420,56,0.604396,1,0.52381,0.936783,0,2.04177,0.999999,0,0,1
14040,door_2,4,0.982014,0.777063,2.538,1,1,0,11018,0,0,0,0,420,420,0,0,0,0.734129,0,2.05811,0.999681,0,0,0
14100,door_3,4,0.982014,-0.370827,4.60939,1,1,1,0,266,98,0,364,420,56,0.604396,1,0.52381,0.936789,0,2.04177,0.999999,0,0,1
14100,door_2,4,0.982014,0.777063,2.538,1,1,0,11085,0,0,0,0,420,420,0,0,0,0.734129,0,2.05811,0.999681,0,0,0
14160,door_3,4,0.982014,-0.369126,4.60937,1,1,1,0,266,98,0,364,420,56,0.604396,1,0.52381,0.936699,0,2.04177,0.999999,0,0,1
14160,door_2,4,0.982014,0.777063,2.538,1,1,0,11153,0,0,0,0,420,420,0,0,0,0.73413,0,2.05811,0.999681,0,0,0
14220,door_3,4,0.982014,-0.370472,4.60939,1,1,1,1,266,98,51.3333,364,420,56,0.604396,1,0.52381,0.93677,0,2.04177,0.999999,0,0,0
14220,door_2,4,0.982014,0.777063,2.538,1,1,0,11224,0,0,0,0,420,420,0,0,0,0.73413,0,2.05811,0.999681,0,0,0
14280,door_3,4,0.982014,-0.3672,4.60934,1,1,1,1,266,98,51.3333,364,420,56,0.604396,1,0.52381,0.936596,0,2.04177,0.999999,0,0,0
14280,door_2,4,0.982014,0.777063,2.538,1,1,0,11292,0,0,0,0,420,420,0,0,0,0.73413,0,2.05811,0.999681,0,0,0
14340,door_3,4,0.982014,-0.36769,4.60935,1,1,1,0,266,98,0,364,420,56,0.604396,1,0.52381,0.936622,0,2.04177,0.999999,0,0,1
14340,door_2,4,0.982014,0.777063,2.538,1,1,0,11361,0,0,0,0,420,420,0,0,0,0.73413,0,2.05811,0.999681,0,0,0
14400,door_3,4,0.982014,-0.372279,4.60941,1,1,1,0,266,98,0,364,420,56,0.604396,1,0.52381,0.936867,0,2.04177,0.999999,0,0,1
14400,door_2,4,0.982014,0.777063,2.538,1,1,0,11427,0,0,0,0,420,420,0,0,0,0.73413,0,2.05811,0.999681,0,0,0
14460,door_3,4,0.982014,-0.367171,4.60934,1,1,1,0,266,98,0,364,420,56,0.604396,1,0.52381,0.936595,0,2.04177,0.999999,0,0,1
14460,door_2,4,0.982014,0.777063,2.538,1,1,0,11492,0,0,0,0,420,420,0,0,0,0.73413,0,2.05811,0.999681,0,0,0
14520,door_3,4,0.982014,-0.366519,4.60933,1,1,1,0,266,98,0,364,420,56,0.604396,1,0.52381,0.93656,0,2.04177,0.999999,0,0,1
14520,door_2,4,0.982014,0.777063,2.538,1,1,0,11557,0,0,0,0,420,420,0,0,0,0.73413,0,2.05811,0.999681,0,0,0
14580,door_3,4,0.982014,-0.367514,4.60934,1,1,1,1,266,98,51.3333,364,420,56,0.604396,1,0.52381,0.936613,0,2.04177,0.999999,0,0,0
14580,door_2,4,0.982014,0.777063,2.538,1,1,0,11625,0,0,0,0,420,420,0,0,0,0.734131,0,2.05811,0.999681,0,0,0
14640,door_3,4,0.982014,-0.370265,4.60938,1,1,1,1,266,98,51.3333,364,420,56,0.604396,1,0.52381,0.93676,0,2.04177,0.999999,0,0,0
14640,door_2,4,0.982014,0.777063,2.538,1,1,0,11696,0,0,0,0,420,420,0,0,0,0.734131,0,2.05811,0.999681,0,0,0
14700,door_3,4,0.982014,-0.370677,4.60939,1,1,1,0,266,98,0,364,420,56,0.604396,1,0.52381,0.936782,0,2.04177,0.999999,0,0,1
14700,door_2,4,0.982014,0.777063,2.538,1,1,0,11766,0,0,0,0,420,420,0,0,0,0.734131,0,2.05811,0.999681,0,0,0
14760,door_3,4,0.982014,-0.368711,4.60936,1,1,1,0,266,98,0,364,420,56,0.604396,1,0.52381,0.936678,0,2.04177,0.999999,0,0,1
14760,door_2,4,0.982014,0.777063,2.538,1,1,0,11833,0,0,0,0,420,420,0,0,0,0.734131,0,2.05811,0.999681,0,0,0
14820,door_3,4,0.982014,-0.370763,4.60939,1,1,1,1,266,98,51.3333,364,420,56,0.604396,1,0.52381,0.936787,0,2.04177,0.999999,0,0,0
14820,door_2,4,0.982014,0.777063,2.538,1,1,0,11913,0,0,0,0,420,420,0,0,0,0.734131,0,2.05811,0.999681,0,0,0
14880,door_3,4,0.982014,-0.368758,4.60936,1,1,1,0,266,98,0,364,420,56,0.604396,1,0.52381,0.93668,0,2.04177,0.999999,0,0,1
14880,door_2,4,0.982014,0.777063,2.538,1,1,0,11988,0,0,0,0,420,420,0,0,0,0.734131,0,2.05811,0.999681,0,0,0
14940,door_3,4,0.982014,-0.369271,4.60937,1,1,1,0,266,98,0,364,420,56,0.604396,1,0.52381,0.936708,0,2.04177,0.999999,0,0,1
14940,door_2,4,0.982014,0.777063,2.538,1,1,0,12054,0,0,0,0,420,420,0,0,0,0.734131,0,2.05811,0.999681,0,0,0
15000,door_3,4,0.982014,-0.369541,4.60937,1,1,1,0,266,98,0,364,420,56,0.604396,1,0.52381,0.936722,0,2.04177,0.999999,0,0,1
15000,door_2,4,0.982014,0.777063,2.538,1,1,0,12118,0,0,0,0,420,420,0,0,0,0.734132,0,2.05811,0.999681,0,0,0
15060,door_3,4,0.982014,-0.370311,4.60939,1,1,1,0,266,98,0,364,420,56,0.604396,1,0.52381,0.936763,0,2.04177,0.999999,0,0,1
15060,door_2,4,0.982014,0.777063,2.538,1,1,0,12186,0,0,0,0,420,420,0,0,0,0.734132,0,2.05811,0.999681,0,0,0
15120,door_3,4,0.982014,-0.366295,4.60933,1,1,1,0,266,98,0,364,420,56,0.604396,1,0.52381,0.936549,0,2.04177,0.999999,0,0,1
15120,door_2,4,0.982014,0.777063,2.538,1,1,0,12249,0,0,0,0,420,420,0,0,0,0.734132,0,2.05811,0.999681,0,0,0
15180,door_3,4,0.982014,-0.367076,4.60934,1,1,1,0,266,98,0,364,420,56,0.604396,1,0.52381,0.936591,0,2.04177,0.999999,0,0,1
15180,door_2,4,0.982014,0.777063,2.538,1,1,0,12311,0,0,0,0,420,420,0,0,0,0.734132,0,2.05811,0.999681,0,0,0
15240,door_3,4,0.982014,-0.372303,4.60942,1,1,1,0,266,98,0,364,420,56,0.604396,1,0.52381,0.93687,0,2.04177,0.999999,0,0,1
15240,door_2,4,0.982014,0.777063,2.538,1,1,0,12377,0,0,0,0,420,420,0,0,0,0.734132,0,2.05811,0.999681,0,0,0
15300,door_3,4,0.982014,-0.367377,4.60934,1,1,1,0,266,98,0,364,420,56,0.604396,1,0.52381,0.936607,0,2.04177,0.999999,0,0,1
15300,door_2,4,0.982014,0.777063,2.538,1,1,0,12443,0,0,0,0,420,420,0,0,0,0.734132,0,2.05811,0.999681,0,0,0
15360,door_3,4,0.982014,-0.369487,4.60937,1,1,1,0,266,98,0,364,420,56,0.604396,1,0.52381,0.93672,0,2.04177,0.999999,0,0,1
15360,door_2,4,0.982014,0.777063,2.538,1,1,0,12509,0,0,0,0,420,420,0,0,0,0.734132,0,2.05811,0.999681,0,0,0
15420,door_3,4,0.982014,-0.367228,4.60934,1,1,1,0,266,98,0,364,420,56,0.604396,1,0.52381,0.9366,0,2.04177,0.999999,0,0,1
15420,door_2,4,0.982014,0.777063,2.538,1,1,0,12576,0,0,0,0,420,420,0,0,0,0.734132,0,2.05811,0.999681,0,0,0
15480,door_3,4,0.982014,-0.367295,4.60934,1,1,1,0,266,98,0,364,420,56,0.604396,1,0.52381,0.936603,0,2.04177,0.999999,0,0,1
15480,door_2,4,0.982014,0.777063,2.538,1,1,0,12642,0,0,0,0,420,420,0,0,0,0.734133,0,2.05811,0.999681,0,0,0
15540,door_3,4,0.982014,-0.370577,4.60939,1,1,1,0,266,98,0,364,420,56,0.604396,1,0.52381,0.936778,0,2.04177,0.999999,0,0,1
15540,door_2,4,0.982014,0.777063,2.538,1,1,0,12710,0,0,0,0,420,420,0,0,0,0.734133,0,2.05811,0.999681,0,0,0
15600,door_3,4,0.982014,-0.365728,4.60932,1,1,1,0,266,98,0,364,420,56,0.604396,1,0.52381,0.93652,0,2.04177,0.999999,0,0,1
15600,door_2,4,0.982014,0.777063,2.538,1,1,0,12774,0,0,0,0,420,420,0,0,0,0.734133,0,2.05811,0.999681,0,0,0
15660,door_3,4,0.982014,-0.36892,4.60936,1,1,1,1,266,98,51.3333,364,420,56,0.604396,1,0.52381,0.93669,0,2.04177,0.999999,0,0,0
15660,door_2,4,0.982014,0.777063,2.538,1,1,0,12841,0,0,0,0,420,420,0,0,0,0.734133,0,2.05811,0.999681,0,0,0
15720,door_3,4,0.982014,-0.378076,4.6095,1,1,1,0,266,98,0,364,420,56,0.604396,1,0.52381,0.937178,0,2.04177,0.999999,0,0,1
15720,door_2,4,0.982014,0.777063,2.538,1,1,0,12905,0,0,0,0,420,420,0,0,0,0.734134,0,2.05811,0.999681,0,0,0
15780,door_3,4,0.982014,-0.370044,4.60938,1,1,1,0,266,98,0,364,420,56,0.604396,1,0.52381,0.93675,0,2.04177,0.999999,0,0,1
15780,door_2,4,0.982014,0.777063,2.538,1,1,0,12972,0,0,0,0,420,420,0,0,0,0.734134,0,2.05811,0.999681,0,0,0
15840,door_3,4,0.982014,-0.370016,4.60938,1,1,1,0,266,98,0,364,420,56,0.604396,1,0.52381,0.936749,0,2.04177,0.999999,0,0,1
15840,door_2,4,0.982014,0.777063,2.538,1,1,0,13043,0,0,0,0,420,420,0,0,0,0.734134,0,2.05811,0.999681,0,0,0
15900,door_3,4,0.982014,-0.36757,4.60934,1,1,1,0,266,98,0,364,420,56,0.604396,1,0.52381,0.936619,0,2.04177,0.999999,0,0,1
15900,door_2,4,0.982014,0.777063,2.538,1,1,0,13108,0,0,0,0,420,420,0,0,0,0.734134,0,2.05811,0.999681,0,0,0
15960,door_3,4,0.982014,-0.369423,4.60937,1,1,1,0,266,98,0,364,420,56,0.604396,1,0.52381,0.936718,0,2.04177,0.999999,0,0,1
15960,door_2,4,0.982014,0.777063,2.538,1,1,0,13177,0,0,0,0,420,420,0,0,0,0.734135,0,2.05811,0.999681,0,0,0
16020,door_3,4,0.982014,-0.370638,4.60939,1,1,1,0,266,98,0,364,420,56,0.604396,1,0.52381,0.936783,0,2.04177,0.999999,0,0,1
16020,door_2,4,0.982014,0.777063,2.538,1,1,0,13242,0,0,0,0,420,420,0,0,0,0.734135,0,2.05811,0.999681,0,0,0
16080,door_3,4,0.982014,-0.370681,4.60939,1,1,1,0,266,98,0,364,420,56,0.604396,1,0.52381,0.936785,0,2.04177,0.999999,0,0,1
16080,door_2,4,0.982014,0.777063,2.538,1,1,0,13309,0,0,0,0,420,420,0,0,0,0.734135,0,2.05811,0.999681,0,0,0
16140,door_3,4,0.982014,-0.367176,4.60934,1,1,1,0,266,98,0,364,420,56,0.604396,1,0.52381,0.936599,0,2.04177,0.999999,0,0,1
16140,door_2,4,0.982014,0.777063,2.538,1,1,0,13378,0,0,0,0,420,420,0,0,0,0.734135,0,2.05811,0.999681,0,0,0
16200,door_3,4,0.982014,-0.37367,4.60944,1,1,1,0,266,98,0,364,420,56,0.604396,1,0.52381,0.936945,0,2.04177,0.999999,0,0,1
16200,door_2,4,0.982014,0.777063,2.538,1,1,0,13443,0,0,0,0,420,420,0,0,0,0.734136,0,2.05811,0.999681,0,0,0
16260,door_3,4,0.982014,-0.370562,4.60939,1,1,1,0,266,98,0,364,420,56,0.604396,1,0.52381,0.93678,0,2.04177,0.999999,0,0,1
16260,door_2,4,0.982014,0.777063,2.538,1,1,0,13511,0,0,0,0,420,420,0,0,0,0.734136,0,2.05811,0.999681,0,0,0
16320,door_3,4,0.982014,-0.368272,4.60935,1,1,1,0,266,98,0,364,420,56,0.604396,1,0.52381,0.936658,0,2.04177,0.999999,0,0,1
16320,door_2,4,0.982014,0.777063,2.538,1,1,0,13575,0,0,0,0,420,420,0,0,0,0.734136,0,2.05811,0.999681,0,0,0
16380,door_3,4,0.982014,-0.369398,4.60937,1,1,1,0,266,98,0,364,420,56,0.604396,1,0.52381,0.936718,0,2.04177,0.999999,0,0,1
16380,door_2,4,0.982014,0.777063,2.538,1,1,0,13645,0,0,0,0,420,420,0,0,0,0.734136,0,2.05811,0.999681,0,0,0
16440,door_3,4,0.982014,-0.372014,4.60941,1,1,1,0,266,98,0,364,420,56,0.604396,1,0.52381,0.936857,0,2.04177,0.999999,0,0,1
16440,door_2,4,0.982014,0.777063,2.538,1,1,0,13714,0,0,0,0,420,420,0,0,0,0.734136,0,2.05811,0.999681,0,0,0
16500,door_3,4,0.982014,-0.370776,4.60939,1,1,1,0,266,98,0,364,420,56,0.604396,1,0.52381,0.936792,0,2.04177,0.999999,0,0,1
16500,door_2,4,0.982014,0.777063,2.538,1,1,0,13778,0,0,0,0,420,420,0,0,0,0.734137,0,2.05811,0.999681,0,0,0
16560,door_3,4,0.982014,-0.371099,4.6094,1,1,1,0,266,98,0,364,420,56,0.604396,1,0.52381,0.936809,0,2.04177,0.999999,0,0,1
16560,door_2,4,0.982014,0.777063,2.538,1,1,0,13842,0,0,0,0,420,420,0,0,0,0.734137,0,2.05811,0.999681,0,0,0
16620,door_3,4,0.982014,-0.370168,4.60938,1,1,1,1,266,98,51.3333,364,420,56,0.604396,1,0.52381,0.93676,0,2.04177,0.999999,0,0,0
16620,door_2,4,0.982014,0.777063,2.538,1,1,0,13913,0,0,0,0,420,420,0,0,0,0.734137,0,2.05811,0.999681,0,0,0
16680,door_3,4,0.982014,-0.372017,4.60941,1,1,1,0,266,98,0,364,420,56,0.604396,1,0.52381,0.936858,0,2.04177,0.999999,0,0,1
16680,door_2,4,0.982014,0.777063,2.538,1,1,0,13979,0,0,0,0,420,420,0,0,0,0.734138,0,2.05811,0.999681,0,0,0
16740,door_3,4,0.982014,-0.365655,4.60932,1,1,1,0,266,98,0,364,420,56,0.604396,1,0.52381,0.93652,0,2.04177,0.999999,0,0,1
16740,door_2,4,0.982014,0.777063,2.538,1,1,0,14048,0,0,0,0,420,420,0,0,0,0.734138,0,2.05811,0.999681,0,0,0
16800,door_3,4,0.982014,-0.368828,4.60936,1,1,1,0,266,98,0,364,420,56,0.604396,1,0.52381,0.936689,0,2.04177,0.999999,0,0,1
16800,door_2,4,0.982014,0.777063,2.538,1,1,0,14113,0,0,0,0,420,420,0,0,0,0.734138,0,2.05811,0.999681,0,0,0
16860,door_3,4,0.982014,-0.369354,4.60937,1,1,1,0,266,98,0,364,420,56,0.604396,1,0.52381,0.936717,0,2.04177,0.999999,0,0,1
16860,door_2,4,0.982014,0.777063,2.538,1,1,0,14182,0,0,0,0,420,420,0,0,0,0.734138,0,2.05811,0.999681,0,0,0
16920,door_3,4,0.982014,-0.36885,4.60936,1,1,1,0,266,98,0,364,420,56,0.604396,1,0.52381,0.93669,0,2.04177,0.999999,0,0,1
16920,door_2,4,0.982014,0.777063,2.538,1,1,0,14248,0,0,0,0,420,420,0,0,0,0.734138,0,2.05811,0.999681,0,0,0
16980,door_3,4,0.982014,-0.367746,4.60935,1,1,1,0,266,98,0,364,420,56,0.604396,1,0.52381,0.936632,0,2.04177,0.999999,0,0,1
16980,door_2,4,0.982014,0.777063,2.538,1,1,0,14317,0,0,0,0,420,420,0,0,0,0.734138,0,2.05811,0.999681,0,0,0
17040,door_3,4,0.982014,-0.370677,4.60939,1,1,1,0,266,98,0,364,420,56,0.604396,1,0.52381,0.936788,0,2.04177,0.999999,0,0,1
17040,door_2,4,0.982014,0.777063,2.538,1,1,0,14384,0,0,0,0,420,420,0,0,0,0.734138,0,2.05811,0.999681,0,0,0
17100,door_3,4,0.982014,-0.367318,4.60934,1,1,1,1,266,98,51.3333,364,420,56,0.604396,1,0.52381,0.936609,0,2.04177,0.999999,0,0,0
17100,door_2,4,0.982014,0.777063,2.538,1,1,0,14451,0,0,0,0,420,420,0,0,0,0.734138,0,2.05811,0.999681,0,0,0
17160,door_3,4,0.982014,-0.370324,4.60939,1,1,1,0,266,98,0,364,420,56,0.604396,1,0.52381,0.936769,0,2.04177,0.999999,0,0,1
17160,door_2,4,0.982014,0.777063,2.538,1,1,0,14519,0,0,0,0,420,420,0,0,0,0.734138,0,2.05811,0.999681,0,0,0
17220,door_3,4,0.982014,-0.368886,4.60936,1,1,1,0,266,98,0,364,420,56,0.604396,1,0.52381,0.936692,0,2.04177,0.999999,0,0,1
17220,door_2,4,0.982014,0.777063,2.538,1,1,0,14588,0,0,0,0,420,420,0,0,0,0.734139,0,2.05811,0.999681,0,0,0
17280,door_3,4,0.982014,-0.369364,4.60937,1,1,1,0,266,98,0,364,420,56,0.604396,1,0.52381,0.936718,0,2.04177,0.999999,0,0,1
17280,door_2,4,0.982014,0.777063,2.538,1,1,0,14656,0,0,0,0,420,420,0,0,0,0.734139,0,2.05811,0.999681,0,0,0
17340,door_3,4,0.982014,-0.369243,4.60937,1,1,1,0,266,98,0,364,420,56,0.604396,1,0.52381,0.936712,0,2.04177,0.999999,0,0,1
17340,door_2,4,0.982014,0.777063,2.538,1,1,0,14721,0,0,0,0,420,420,0,0,0,0.734139,0,2.05811,0.999681,0,0,0
17400,door_3,4,0.982014,-0.370347,4.60939,1,1,1,0,266,98,0,364,420,56,0.604396,1,0.52381,0.936771,0,2.04177,0.999999,0,0,1
17400,door_2,4,0.982014,0.777063,2.538,1,1,0,14789,0,0,0,0,420,420,0,0,0,0.73414,0,2.05811,0.999681,0,0,0
17460,door_3,4,0.982014,-0.370648,4.60939,1,1,1,0,266,98,0,364,420,56,0.604396,1,0.52381,0.936787,0,2.04177,0.999999,0,0,1
17460,door_2,4,0.982014,0.777063,2.538,1,1,0,14853,0,0,0,0,420,420,0,0,0,0.73414,0,2.05811,0.999681,0,0,0
17520,door_3,4,0.982014,-0.36953,4.60937,1,1,1,0,266,98,0,364,420,56,0.604396,1,0.52381,0.936727,0,2.04177,0.999999,0,0,1
17520,door_2,4,0.982014,0.777063,2.538,1,1,0,14921,0,0,0,0,420,420,0,0,0,0.73414,0,2.05811,0.999681,0,0,0
17580,door_3,4,0.982014,-0.367457,4.60934,1,1,1,0,266,98,0,364,420,56,0.604396,1,0.52381,0.936617,0,2.04177,0.999999,0,0,1
17580,door_2,4,0.982014,0.777063,2.538,1,1,0,14988,0,0,0,0,420,420,0,0,0,0.734141,0,2.05811,0.999681,0,0,0
17640,door_3,4,0.982014,-0.370143,4.60938,1,1,1,0,266,98,0,364,420,56,0.604396,1,0.52381,0.93676,0,2.04177,0.999999,0,0,1
17640,door_2,4,0.982014,0.777063,2.538,1,1,0,15053,0,0,0,0,420,420,0,0,0,0.73414,0,2.05811,0.999681,0,0,0
17700,door_3,4,0.982014,-0.36989,4.60938,1,1,1,0,266,98,0,364,420,56,0.604396,1,0.52381,0.936747,0,2.04177,0.999999,0,0,1
17700,door_2,4,0.982014,0.777063,2.538,1,1,0,15121,0,0,0,0,420,420,0,0,0,0.734141,0,2.05811,0.999681,0,0,0
17760,door_3,4,0.982014,-0.368568,4.60936,1,1,1,0,266,98,0,364,420,56,0.604396,1,0.52381,0.936677,0,2.04177,0.999999,0,0,1
17760,door_2,4,0.982014,0.777063,2.538,1,1,0,15192,0,0,0,0,420,420,0,0,0,0.734141,0,2.05811,0.999681,0,0,0
17820,door_3,4,0.982014,-0.369263,4.60937,1,1,1,0,266,98,0,364,420,56,0.604396,1,0.52381,0.936714,0,2.04177,0.999999,0,0,1
17820,door_2,4,0.982014,0.777063,2.538,1,1,0,15259,0,0,0,0,420,420,0,0,0,0.734141,0,2.05811,0.999681,0,0,0
17880,door_3,4,0.982014,-0.370123,4.60938,1,1,1,1,266,98,51.3333,364,420,56,0.604396,1,0.52381,0.93676,0,2.04177,0.999999,0,0,0
17880,door_2,4,0.982014,0.777063,2.538,1,1,0,15325,0,0,0,0,420,420,0,0,0,0.734142,0,2.05811,0.999681,0,0,0
17940,door_3,4,0.982014,-0.368494,4.60936,1,1,1,0,266,98,0,364,420,56,0.604396,1,0.52381,0.936673,0,2.04177,0.999999,0,0,1
17940,door_2,4,0.982014,0.777063,2.538,1,1,0,15388,0,0,0,0,420,420,0,0,0,0.734142,0,2.05811,0.999681,0,0,0
18000,door_3,4,0.982014,-0.372233,4.60941,1,1,1,0,266,98,0,364,420,56,0.604396,1,0.52381,0.936873,0,2.04177,0.999999,0,0,1
18000,door_2,4,0.982014,0.777063,2.538,1,1,0,15454,0,0,0,0,420,420,0,0,0,0.734142,0,2.05811,0.999681,0,0,0
18060,door_3,4,0.982014,-0.370582,4.60939,1,1,1,0,266,98,0,364,420,56,0.604396,1,0.52381,0.936785,0,2.04177,0.999999,0,0,1
18060,door_2,4,0.982014,0.777063,2.538,1,1,0,15523,0,0,0,0,420,420,0,0,0,0.734143,0,2.05811,0.999681,0,0,0
18120,door_3,4,0.982014,-0.369026,4.60937,1,1,1,0,266,98,0,364,420,56,0.604396,1,0.52381,0.936702,0,2.04177,0.999999,0,0,1
18120,door_2,4,0.982014,0.777063,2.538,1,1,0,15591,0,0,0,0,420,420,0,0,0,0.734143,0,2.05811,0.999681,0,0,0
18180,door_3,4,0.982014,-0.370079,4.60938,1,1,1,0,266,98,0,364,420,56,0.604396,1,0.52381,0.936759,0,2.04177,0.999999,0,0,1
18180,door_2,4,0.982014,0.777063,2.538,1,1,0,15655,0,0,0,0,420,420,0,0,0,0.734143,0,2.05811,0.999681,0,0,0
18240,door_3,4,0.982014,-0.368578,4.60936,1,1,1,0,266,98,0,364,420,56,0.604396,1,0.52381,0.936679,0,2.04177,0.999999,0,0,1
18240,door_2,4,0.982014,0.777063,2.538,1,1,0,15722,0,0,0,0,420,420,0,0,0,0.734143,0,2.05811,0.999681,0,0,0
18300,door_3,4,0.982014,-0.368145,4.60935,1,1,1,0,266,98,0,364,420,56,0.604396,1,0.52381,0.936656,0,2.04177,0.999999,0,0,1
18300,door_2,4,0.982014,0.777063,2.538,1,1,0,15791,0,0,0,0,420,420,0,0,0,0.734143,0,2.05811,0.999681,0,0,0
18360,door_3,4,0.982014,-0.368436,4.60936,1,1,1,0,266,98,0,364,420,56,0.604396,1,0.52381,0.936672,0,2.04177,0.999999,0,0,1
18360,door_2,4,0.982014,0.777063,2.538,1,1,0,15863,0,0,0,0,420,420,0,0,0,0.734144,0,2.05811,0.999681,0,0,0
18420,door_3,4,0.982014,-0.367302,4.60934,1,1,1,0,266,98,0,364,420,56,0.604396,1,0.52381,0.936612,0,2.04177,0.999999,0,0,1
18420,door_2,4,0.982014,0.777063,2.538,1,1,0,15928,0,0,0,0,420,420,0,0,0,0.734145,0,2.05811,0.999681,0,0,0
18480,door_3,4,0.982014,-0.367666,4.60935,1,1,1,0,266,98,0,364,420,56,0.604396,1,0.52381,0.936631,0,2.04177,0.999999,0,0,1
18480,door_2,4,0.982014,0.777063,2.538,1,1,0,15996,0,0,0,0,420,420,0,0,0,0.734145,0,2.05811,0.999681,0,0,0
18540,door_3,4,0.982014,-0.370208,4.60938,1,1,1,0,266,98,0,364,420,56,0.604396,1,0.52381,0.936767,0,2.04177,0.999999,0,0,1
18540,door_2,4,0.982014,0.777063,2.538,1,1,0,16064,0,0,0,0,420,420,0,0,0,0.734145,0,2.05811,0.999681,0,0,0
18600,door_3,4,0.982014,-0.368158,4.60935,1,1,1,0,266,98,0,364,420,56,0.604396,1,0.52381,0.936657,0,2.04177,0.999999,0,0,1
18600,door_2,4,0.982014,0.777063,2.538,1,1,0,16132,0,0,0,0,420,420,0,0,0,0.734145,0,2.05811,0.999681,0,0,0
18660,door_3,4,0.982014,-0.367368,4.60934,1,1,1,1,266,98,51.3333,364,420,56,0.604396,1,0.52381,0.936615,0,2.04177,0.999999,0,0,0
18660,door_2,4,0.982014,0.777063,2.538,1,1,0,16197,0,0,0,0,420,420,0,0,0,0.734145,0,2.05811,0.999681,0,0,0
18720,door_3,4,0.982014,-0.368474,4.60936,1,1,1,0,266,98,0,364,420,56,0.604396,1,0.52381,0.936675,0,2.04177,0.999999,0,0,1
18720,door_2,4,0.982014,0.777063,2.538,1,1,0,16265,0,0,0,0,420,420,0,0,0,0.734146,0,2.05811,0.999681,0,0,0
18780,door_3,4,0.982014,-0.372028,4.60941,1,1,1,0,266,98,0,364,420,56,0.604396,1,0.52381,0.936864,0,2.04177,0.999999,0,0,1
18780,door_2,4,0.982014,0.777063,2.538,1,1,0,16331,0,0,0,0,420,420,0,0,0,0.734146,0,2.05811,0.999681,0,0,0
18840,door_3,4,0.982014,-0.367693,4.60935,1,1,1,0,266,98,0,364,420,56,0.604396,1,0.52381,0.936633,0,2.04177,0.999999,0,0,1
18840,door_2,4,0.982014,0.777063,2.538,1,1,0,16396,0,0,0,0,420,420,0,0,0,0.734146,0,2.05811,0.999681,0,0,0
18900,door_3,4,0.982014,-0.370947,4.6094,1,1,1,0,266,98,0,364,420,56,0.604396,1,0.52381,0.936807,0,2.04177,0.999999,0,0,1
18900,door_2,4,0.982014,0.777063,2.538,1,1,0,16462,0,0,0,0,420,420,0,0,0,0.734146,0,2.05811,0.999681,0,0,0
18960,door_3,4,0.982014,-0.368668,4.60936,1,1,1,0,266,98,0,364,420,56,0.604396,1,0.52381,0.936686,0,2.04177,0.999999,0,0,1
18960,door_2,4,0.982014,0.777063,2.538,1,1,0,16528,0,0,0,0,420,420,0,0,0,0.734146,0,2.05811,0.999681,0,0,0
19020,door_3,4,0.982014,-0.369321,4.60937,1,1,1,0,266,98,0,364,420,56,0.604396,1,0.52381,0.93672,0,2.04177,0.999999,0,0,1
19020,door_2,4,0.982014,0.777063,2.538,1,1,0,16599,0,0,0,0,420,420,0,0,0,0.734146,0,2.05811,0.999681,0,0,0
19080,door_3,4,0.982014,-0.368777,4.60936,1,1,1,0,266,98,0,364,420,56,0.604396,1,0.52381,0.936692,0,2.04177,0.999999,0,0,1
19080,door_2,4,0.982014,0.777063,2.538,1,1,0,16667,0,0,0,0,420,420,0,0,0,0.734147,0,2.05811,0.999681,0,0,0
19140,door_3,4,0.982014,-0.370065,4.60938,1,1,1,0,266,98,0,364,420,56,0.604396,1,0.52381,0.936761,0,2.04177,0.999999,0,0,1
19140,door_2,4,0.982014,0.777063,2.538,1,1,0,16737,0,0,0,0,420,420,0,0,0,0.734147,0,2.05811,0.999681,0,0,0
19200,door_3,4,0.982014,-0.365894,4.60932,1,1,1,0,266,98,0,364,420,56,0.604396,1,0.52381,0.936539,0,2.04177,0.999999,0,0,1
19200,door_2,4,0.982014,0.777063,2.538,1,1,0,16806,0,0,0,0,420,420,0,0,0,0.734148,0,2.05811,0.999681,0,0,0
19260,door_3,4,0.982014,-0.367914,4.60935,1,1,1,0,266,98,0,364,420,56,0.604396,1,0.52381,0.936646,0,2.04177,0.999999,0,0,1
19260,door_2,4,0.982014,0.777063,2.538,1,1,0,16876,0,0,0,0,420,420,0,0,0,0.734148,0,2.05811,0.999681,0,0,0
19320,door_3,4,0.982014,-0.370287,4.60939,1,1,1,0,266,98,0,364,420,56,0.604396,1,0.52381,0.936773,0,2.04177,0.999999,0,0,1
19320,door_2,4,0.982014,0.777063,2.538,1,1,0,16942,0,0,0,0,420,420,0,0,0,0.734149,0,2.05811,0.999681,0,0,0
19380,door_3,4,0.982014,-0.369477,4.60937,1,1,1,0,266,98,0,364,420,56,0.604396,1,0.52381,0.93673,0,2.04177,0.999999,0,0,1
19380,door_2,4,0.982014,0.777063,2.538,1,1,0,17007,0,0,0,0,420,420,0,0,0,0.734149,0,2.05811,0.999681,0,0,0
19440,door_3,4,0.982014,-0.370428,4.60939,1,1,1,0,266,98,0,364,420,56,0.604396,1,0.52381,0.936781,0,2.04177,0.999999,0,0,1
19440,door_2,4,0.982014,0.777063,2.538,1,1,0,17078,0,0,0,0,420,420,0,0,0,0.734149,0,2.05811,0.999681,0,0,0
19500,door_3,4,0.982014,-0.369527,4.60937,1,1,1,0,266,98,0,364,420,56,0.604396,1,0.52381,0.936733,0,2.04177,0.999999,0,0,1
19500,door_2,4,0.982014,0.777063,2.538,1,1,0,17146,0,0,0,0,420,420,0,0,0,0.734149,0,2.05811,0.999681,0,0,0
19560,door_3,4,0.982014,-0.369137,4.60937,1,1,1,0,266,98,0,364,420,56,0.604396,1,0.52381,0.936712,0,2.04177,0.999999,0,0,1
19560,door_2,4,0.982014,0.777063,2.538,1,1,0,17210,0,0,0,0,420,420,0,0,0,0.734149,0,2.05811,0.999681,0,0,0
19620,door_3,4,0.982014,-0.368601,4.60936,1,1,1,0,266,98,0,364,420,56,0.604396,1,0.52381,0.936684,0,2.04177,0.999999,0,0,1
19620,door_2,4,0.982014,0.777063,2.538,1,1,0,17274,0,0,0,0,420,420,0,0,0,0.73415,0,2.05811,0.999681,0,0,0
19680,door_3,4,0.982014,-0.373025,4.60943,1,1,1,0,266,98,0,364,420,56,0.604396,1,0.52381,0.93692,0,2.04177,0.999999,0,0,1
19680,door_2,4,0.982014,0.777063,2.538,1,1,0,17342,0,0,0,0,420,420,0,0,0,0.73415,0,2.05811,0.999681,0,0,0
19740,door_3,4,0.982014,-0.366721,4.60933,1,1,1,0,266,98,0,364,420,56,0.604396,1,0.52381,0.936584,0,2.04177,0.999999,0,0,1
19740,door_2,4,0.982014,0.777063,2.538,1,1,0,17407,0,0,0,0,420,420,0,0,0,0.73415,0,2.05811,0.999681,0,0,0
19800,door_3,4,0.982014,-0.365703,4.60932,1,1,1,0,266,98,0,364,420,56,0.604396,1,0.52381,0.93653,0,2.04177,0.999999,0,0,1
19800,door_2,4,0.982014,0.777063,2.538,1,1,0,17472,0,0,0,0,420,420,0,0,0,0.73415,0,2.05811,0.999681,0,0,0
19860,door_3,4,0.982014,-0.370836,4.60939,1,1,1,0,266,98,0,364,420,56,0.604396,1,0.52381,0.936803,0,2.04177,0.999999,0,0,1
19860,door_2,4,0.982014,0.777063,2.538,1,1,0,17539,0,0,0,0,420,420,0,0,0,0.734151,0,2.05811,0.999681,0,0,0
19920,door_3,4,0.982014,-0.371772,4.60941,1,1,1,0,266,98,0,364,420,56,0.604396,1,0.52381,0.936853,0,2.04177,0.999999,0,0,1
19920,door_2,4,0.982014,0.777063,2.538,1,1,0,17610,0,0,0,0,420,420,0,0,0,0.734151,0,2.05811,0.999681,0,0,0
19980,door_3,4,0.982014,-0.368633,4.60936,1,1,1,0,266,98,0,364,420,56,0.604396,1,0.52381,0.936686,0,2.04177,0.999999,0,0,1
19980,door_2,4,0.982014,0.777063,2.538,1,1,0,17697,0,0,0,0,420,420,0,0,0,0.734151,0,2.05811,0.999681,0,0,0
20040,door_3,4,0.982014,-0.369253,4.60937,1,1,1,0,266,98,0,364,420,56,0.604396,1,0.52381,0.936719,0,2.04177,0.999999,0,0,1
20040,door_2,4,0.982014,0.777063,2.538,1,1,0,17779,0,0,0,0,420,420,0,0,0,0.734151,0,2.05811,0.999681,0,0,0
20100,door_3,4,0.982014,-0.374448,4.60945,1,1,1,0,266,98,0,364,420,56,0.604396,1,0.52381,0.936996,0,2.04177,0.999999,0,0,1
20100,door_2,4,0.982014,0.777063,2.538,1,1,0,17857,0,0,0,0,420,420,0,0,0,0.734151,0,2.05811,0.999681,0,0,0
20160,door_3,4,0.982014,-0.368806,4.60936,1,1,1,0,266,98,0,364,420,56,0.604396,1,0.52381,0.936696,0,2.04177,0.999999,0,0,1
20160,door_2,4,0.982014,0.777063,2.538,1,1,0,17924,0,0,0,0,420,420,0,0,0,0.734151,0,2.05811,0.999681,0,0,0
20220,door_3,4,0.982014,-0.368715,4.60936,1,1,1,0,266,98,0,364,420,56,0.604396,1,0.52381,0.936691,0,2.04177,0.999999,0,0,1
20220,door_2,4,0.982014,0.777063,2.538,1,1,0,17989,0,0,0,0,420,420,0,0,0,0.734151,0,2.05811,0.999681,0,0,0
20280,door_3,4,0.982014,-0.369437,4.60937,1,1,1,0,266,98,0,364,420,56,0.604396,1,0.52381,0.936729,0,2.04177,0.999999,0,0,1
20280,door_2,4,0.982014,0.777063,2.538,1,1,0,18062,0,0,0,0,420,420,0,0,0,0.734151,0,2.05811,0.999681,0,0,0
20340,door_3,4,0.982014,-0.369223,4.60937,1,1,1,1,266,98,51.3333,364,420,56,0.604396,1,0.52381,0.936718,0,2.04177,0.999999,0,0,0
20340,door_2,4,0.982014,0.777063,2.538,1,1,0,18145,0,0,0,0,420,420,0,0,0,0.734151,0,2.05811,0.999681,0,0,0
20400,door_3,4,0.982014,-0.37201,4.60941,1,1,1,0,266,98,0,364,420,56,0.604396,1,0.52381,0.936867,0,2.04177,0.999999,0,0,1
20400,door_2,4,0.982014,0.777063,2.538,1,1,0,18227,0,0,0,0,420,420,0,0,0,0.734152,0,2.05811,0.999681,0,0,0
20460,door_3,4,0.982014,-0.368882,4.60936,1,1,1,1,266,98,51.3333,364,420,56,0.604396,1,0.52381,0.9367,0,2.04177,0.999999,0,0,0
20460,door_2,4,0.982014,0.777063,2.538,1,1,0,18300,0,0,0,0,420,420,0,0,0,0.734152,0,2.05811,0.999681,0,0,0
20520,door_3,4,0.982014,-0.3699,4.60938,1,1,1,0,266,98,0,364,420,56,0.604396,1,0.52381,0.936755,0,2.04177,0.999999,0,0,1
20520,door_2,4,0.982014,0.777063,2.538,1,1,0,18368,0,0,0,0,420,420,0,0,0,0.734152,0,2.05811,0.999681,0,0,0
20580,door_3,4,0.982014,-0.367643,4.60935,1,1,1,1,266,98,51.3333,364,420,56,0.604396,1,0.52381,0.936635,0,2.04177,0.999999,0,0,0
20580,door_2,4,0.982014,0.777063,2.538,1,1,0,18442,0,0,0,0,420,420,0,0,0,0.734152,0,2.05811,0.999681,0,0,0
20640,door_3,4,0.982014,-0.369019,4.60937,1,1,1,0,266,98,0,364,420,56,0.604396,1,0.52381,0.936708,0,2.04177,0.999999,0,0,1
20640,door_2,4,0.982014,0.777063,2.538,1,1,0,18520,0,0,0,0,420,420,0,0,0,0.734153,0,2.05811,0.999681,0,0,0
20700,door_3,4,0.982014,-0.370583,4.60939,1,1,1,0,266,98,0,364,420,56,0.604396,1,0.52381,0.936792,0,2.04177,0.999999,0,0,1
20700,door_2,4,0.982014,0.777063,2.538,1,1,0,18599,0,0,0,0,420,420,0,0,0,0.734153,0,2.05811,0.999681,0,0,0
20760,door_3,4,0.982014,-0.370389,4.60939,1,1,1,0,266,98,0,364,420,56,0.604396,1,0.52381,0.936782,0,2.04177,0.999999,0,0,1
20760,door_2,4,0.982014,0.777063,2.538,1,1,0,18666,0,0,0,0,420,420,0,0,0,0.734154,0,2.05811,0.999681,0,0,0
20820,door_3,4,0.982014,-0.367193,4.60934,1,1,1,0,266,98,0,364,420,56,0.604396,1,0.52381,0.936611,0,2.04177,0.999999,0,0,1
20820,door_2,4,0.982014,0.777063,2.538,1,1,0,18737,0,0,0,0,420,420,0,0,0,0.734154,0,2.05811,0.999681,0,0,0
20880,door_3,4,0.982014,-0.371153,4.6094,1,1,1,0,266,98,0,364,420,56,0.604396,1,0.52381,0.936823,0,2.04177,0.999999,0,0,1
20880,door_2,4,0.982014,0.777063,2.538,1,1,0,18814,0,0,0,0,420,420,0,0,0,0.734154,0,2.05811,0.999681,0,0,0
20940,door_3,4,0.982014,-0.368662,4.60936,1,1,1,0,266,98,0,364,420,56,0.604396,1,0.52381,0.93669,0,2.04177,0.999999,0,0,1
20940,door_2,4,0.982014,0.777063,2.538,1,1,0,18907,0,0,0,0,420,420,0,0,0,0.734154,0,2.05811,0.999681,0,0,0
21000,door_3,4,0.982014,-0.366858,4.60933,1,1,1,1,266,98,51.3333,364,420,56,0.604396,1,0.52381,0.936594,0,2.04177,0.999999,0,0,0
21000,door_2,4,0.982014,0.777063,2.538,1,1,0,18993,0,0,0,0,420,420,0,0,0,0.734154,0,2.05811,0.999681,0,0,0
21060,door_3,4,0.982014,-0.367127,4.60934,1,1,1,0,266,98,0,364,420,56,0.604396,1,0.52381,0.936609,0,2.04177,0.999999,0,0,1
21060,door_2,4,0.982014,0.777063,2.538,1,1,0,19068,0,0,0,0,420,420,0,0,0,0.734155,0,2.05811,0.999681,0,0,0
21120,door_3,4,0.982014,-0.370132,4.60938,1,1,1,0,266,98,0,364,420,56,0.604396,1,0.52381,0.936769,0,2.04177,0.999999,0,0,1
21120,door_2,4,0.982014,0.777063,2.538,1,1,0,19141,0,0,0,0,420,420,0,0,0,0.734155,0,2.05811,0.999681,0,0,0
21180,door_3,4,0.982014,-0.370387,4.60939,1,1,1,0,266,98,0,364,420,56,0.604396,1,0.52381,0.936783,0,2.04177,0.999999,0,0,1
21180,door_2,4,0.982014,0.777063,2.538,1,1,0,19210,0,0,0,0,420,420,0,0,0,0.734155,0,2.05811,0.999681,0,0,0
21240,door_3,4,0.982014,-0.369157,4.60937,1,1,1,0,266,98,0,364,420,56,0.604396,1,0.52381,0.936717,0,2.04177,0.999999,0,0,1
21240,door_2,4,0.982014,0.777063,2.538,1,1,0,19280,0,0,0,0,420,420,0,0,0,0.734155,0,2.05811,0.999681,0,0,0
21300,door_3,4,0.982014,-0.370866,4.60939,1,1,1,1,266,98,51.3333,364,420,56,0.604396,1,0.52381,0.936808,0,2.04177,0.999999,0,0,0
21300,door_2,4,0.982014,0.777063,2.538,1,1,0,19354,0,0,0,0,420,420,0,0,0,0.734155,0,2.05811,0.999681,0,0,0
21360,door_3,4,0.982014,-0.367008,4.60934,1,1,1,1,266,98,51.3333,364,420,56,0.604396,1,0.52381,0.936603,0,2.04177,0.999999,0,0,0
21360,door_2,4,0.982014,0.777063,2.538,1,1,0,19443,0,0,0,0,420,420,0,0,0,0.734155,0,2.05811,0.999681,0,0,0
21420,door_3,4,0.982014,-0.366889,4.60933,1,1,1,0,266,98,0,364,420,56,0.604396,1,0.52381,0.936597,0,2.04177,0.999999,0,0,1
21420,door_2,4,0.982014,0.777063,2.538,1,1,0,19532,0,0,0,0,420,420,0,0,0,0.734156,0,2.05811,0.999681,0,0,0
21480,door_3,4,0.982014,-0.370645,4.60939,1,1,1,0,266,98,0,364,420,56,0.604396,1,0.52381,0.936797,0,2.04177,0.999999,0,0,1
21480,door_2,4,0.982014,0.777063,2.538,1,1,0,19605,0,0,0,0,420,420,0,0,0,0.734156,0,2.05811,0.999681,0,0,0
21540,door_3,4,0.982014,-0.367959,4.60935,1,1,1,0,266,98,0,364,420,56,0.604396,1,0.52381,0.936654,0,2.04177,0.999999,0,0,1
21540,door_2,4,0.982014,0.777063,2.538,1,1,0,19675,0,0,0,0,420,420,0,0,0,0.734156,0,2.05811,0.999681,0,0,0
21600,door_3,4,0.982014,-0.3685,4.60936,1,1,1,1,266,98,51.3333,364,420,56,0.604396,1,0.52381,0.936683,0,2.04177,0.999999,0,0,0
21600,door_2,4,0.982014,0.777063,2.538,1,1,0,19758,0,0,0,0,420,420,0,0,0,0.734156,0,2.05811,0.999681,0,0,0
21660,door_3,4,0.982014,-0.369888,4.60938,1,1,1,0,266,98,0,364,420,56,0.604396,1,0.52381,0.936757,0,2.04177,0.999999,0,0,1
21660,door_2,4,0.982014,0.777063,2.538,1,1,0,19847,0,0,0,0,420,420,0,0,0,0.734157,0,2.05811,0.999681,0,0,0
21720,door_3,4,0.982014,-0.366649,4.60933,1,1,1,0,266,98,0,364,420,56,0.604396,1,0.52381,0.936585,0,2.04177,0.999999,0,0,1
21720,door_2,4,0.982014,0.777063,2.538,1,1,0,19927,0,0,0,0,420,420,0,0,0,0.734157,0,2.05811,0.999681,0,0,0
21780,door_3,4,0.982014,-0.370474,4.60939,1,1,1,1,266,98,51.3333,364,420,56,0.604396,1,0.52381,0.936789,0,2.04177,0.999999,0,0,0
21780,door_2,4,0.982014,0.777063,2.538,1,1,0,19996,0,0,0,0,420,420,0,0,0,0.734158,0,2.05811,0.999681,0,0,0
21840,door_3,4,0.982014,-0.365673,4.60932,1,1,1,0,266,98,0,364,420,56,0.604396,1,0.52381,0.936533,0,2.04177,0.999999,0,0,1
21840,door_2,4,0.982014,0.777063,2.538,1,1,0,20066,0,0,0,0,420,420,0,0,0,0.734157,0,2.05811,0.999681,0,0,0
21900,door_3,4,0.982014,-0.369242,4.60937,1,1,1,0,266,98,0,364,420,56,0.604396,1,0.52381,0.936724,0,2.04177,0.999999,0,0,1
21900,door_2,4,0.982014,0.777063,2.538,1,1,0,20143,0,0,0,0,420,420,0,0,0,0.734158,0,2.05811,0.999681,0,0,0
21960,door_3,4,0.982014,-0.370711,4.60939,1,1,1,0,266,98,0,364,420,56,0.604396,1,0.52381,0.936802,0,2.04177,0.999999,0,0,1
21960,door_2,4,0.982014,0.777063,2.538,1,1,0,20220,0,0,0,0,420,420,0,0,0,0.734158,0,2.05811,0.999681,0,0,0
22020,door_3,4,0.982014,-0.369044,4.60937,1,1,1,0,266,98,0,364,420,56,0.604396,1,0.52381,0.936714,0,2.04177,0.999999,0,0,1
22020,door_2,4,0.982014,0.777063,2.538,1,1,0,20293,0,0,0,0,420,420,0,0,0,0.734158,0,2.05811,0.999681,0,0,0
22080,door_3,4,0.982014,-0.368782,4.60936,1,1,1,0,266,98,0,364,420,56,0.604396,1,0.52381,0.9367,0,2.04177,0.999999,0,0,1
22080,door_2,4,0.982014,0.777063,2.538,1,1,0,20360,0,0,0,0,420,420,0,0,0,0.734158,0,2.05811,0.999681,0,0,0
22140,door_3,4,0.982014,-0.370948,4.6094,1,1,1,0,266,98,0,364,420,56,0.604396,1,0.52381,0.936815,0,2.04177,0.999999,0,0,1
22140,door_2,4,0.982014,0.777063,2.538,1,1,0,20432,0,0,0,0,420,420,0,0,0,0.734159,0,2.05811,0.999681,0,0,0
22200,door_3,4,0.982014,-0.370015,4.60938,1,1,1,1,266,98,51.3333,364,420,56,0.604396,1,0.52381,0.936766,0,2.04177,0.999999,0,0,0
22200,door_2,4,0.982014,0.777063,2.538,1,1,0,20500,0,0,0,0,420,420,0,0,0,0.734159,0,2.05811,0.999681,0,0,0
22260,door_3,4,0.982014,-0.367435,4.60934,1,1,1,0,266,98,0,364,420,56,0.604396,1,0.52381,0.936628,0,2.04177,0.999999,0,0,1
22260,door_2,4,0.982014,0.777063,2.538,1,1,0,20571,0,0,0,0,420,420,0,0,0,0.734159,0,2.05811,0.999681,0,0,0
22320,door_3,4,0.982014,-0.367514,4.60934,1,1,1,0,266,98,0,364,420,56,0.604396,1,0.52381,0.936633,0,2.04177,0.999999,0,0,1
22320,door_2,4,0.982014,0.777063,2.538,1,1,0,20636,0,0,0,0,420,420,0,0,0,0.734159,0,2.05811,0.999681,0,0,0
22380,door_3,4,0.982014,-0.370145,4.60938,1,1,1,0,266,98,0,364,420,56,0.604396,1,0.52381,0.936773,0,2.04177,0.999999,0,0,1
22380,door_2,4,0.982014,0.777063,2.538,1,1,0,20702,0,0,0,0,420,420,0,0,0,0.734159,0,2.05811,0.999681,0,0,0
22440,door_3,4,0.982014,-0.367004,4.60934,1,1,1,0,266,98,0,364,420,56,0.604396,1,0.52381,0.936606,0,2.04177,0.999999,0,0,1
22440,door_2,4,0.982014,0.777063,2.538,1,1,0,20765,0,0,0,0,420,420,0,0,0,0.734159,0,2.05811,0.999681,0,0,0
22500,door_3,4,0.982014,-0.368363,4.60936,1,1,1,0,266,98,0,364,420,56,0.604396,1,0.52381,0.936678,0,2.04177,0.999999,0,0,1
22500,door_2,4,0.982014,0.777063,2.538,1,1,0,20836,0,0,0,0,420,420,0,0,0,0.73416,0,2.05811,0.999681,0,0,0
22560,door_3,4,0.982014,-0.368353,4.60936,1,1,1,0,266,98,0,364,420,56,0.604396,1,0.52381,0.936678,0,2.04177,0.999999,0,0,1
22560,door_2,4,0.982014,0.777063,2.538,1,1,0,20902,0,0,0,0,420,420,0,0,0,0.73416,0,2.05811,0.999681,0,0,0
22620,door_3,4,0.982014,-0.367497,4.60934,1,1,1,0,266,98,0,364,420,56,0.604396,1,0.52381,0.936633,0,2.04177,0.999999,0,0,1
22620,door_2,4,0.982014,0.777063,2.538,1,1,0,20971,0,0,0,0,420,420,0,0,0,0.73416,0,2.05811,0.999681,0,0,0
22680,door_3,4,0.982014,-0.367713,4.60935,1,1,1,0,266,98,0,364,420,56,0.604396,1,0.52381,0.936644,0,2.04177,0.999999,0,0,1
22680,door_2,4,0.982014,0.777063,2.538,1,1,0,21039,0,0,0,0,420,420,0,0,0,0.73416,0,2.05811,0.999681,0,0,0
22740,door_3,4,0.982014,-0.363892,4.60929,1,1,1,0,266,98,0,364,420,56,0.604396,1,0.52381,0.936441,0,2.04177,0.999999,0,0,1
22740,door_2,4,0.982014,0.777063,2.538,1,1,0,21106,0,0,0,0,420,420,0,0,0,0.734161,0,2.05811,0.999681,0,0,0
22800,door_3,4,0.982014,-0.368711,4.60936,1,1,1,0,266,98,0,364,420,56,0.604396,1,0.52381,0.936698,0,2.04177,0.999999,0,0,1
22800,door_2,4,0.982014,0.777063,2.538,1,1,0,21178,0,0,0,0,420,420,0,0,0,0.734161,0,2.05811,0.999681,0,0,0
22860,door_3,4,0.982014,-0.371874,4.60941,1,1,1,0,266,98,0,364,420,56,0.604396,1,0.52381,0.936867,0,2.04177,0.999999,0,0,1
22860,door_2,4,0.982014,0.777063,2.538,1,1,0,21250,0,0,0,0,420,420,0,0,0,0.734161,0,2.05811,0.999681,0,0,0
22920,door_3,4,0.982014,-0.369956,4.60938,1,1,1,0,266,98,0,364,420,56,0.604396,1,0.52381,0.936764,0,2.04177,0.999999,0,0,1
22920,door_2,4,0.982014,0.777063,2.538,1,1,0,21325,0,0,0,0,420,420,0,0,0,0.734161,0,2.05811,0.999681,0,0,0
22980,door_3,4,0.982014,-0.369098,4.60937,1,1,1,1,266,98,51.3333,364,420,56,0.604396,1,0.52381,0.936719,0,2.04177,0.999999,0,0,0
22980,door_2,4,0.982014,0.777063,2.538,1,1,0,21453,0,0,0,0,420,420,0,0,0,0.734161,0,2.05811,0.999681,0,0,0
23040,door_3,4,0.982014,-0.368771,4.60936,1,1,1,1,266,98,51.3333,364,420,56,0.604396,1,0.52381,0.936701,0,2.04177,0.999999,0,0,0
23040,door_2,4,0.982014,0.777063,2.538,1,1,0,21607,0,0,0,0,420,420,0,0,0,0.734161,0,2.05811,0.999681,0,0,0
23100,door_3,4,0.982014,-0.368904,4.60936,1,1,1,0,266,98,0,364,420,56,0.604396,1,0.52381,0.936708,0,2.04177,0.999999,0,0,1
23100,door_2,4,0.982014,0.777063,2.538,1,1,0,21695,0,0,0,0,420,420,0,0,0,0.734161,0,2.05811,0.999681,0,0,0
23160,door_3,4,0.982014,-0.368318,4.60936,1,1,1,1,266,98,51.3333,364,420,56,0.604396,1,0.52381,0.936677,0,2.04177,0.999999,0,0,0
23160,door_2,4,0.982014,0.777063,2.538,1,1,0,21769,0,0,0,0,420,420,0,0,0,0.734162,0,2.05811,0.999681,0,0,0
23220,door_3,4,0.982014,-0.365426,4.60931,1,1,1,0,266,98,0,364,420,56,0.604396,1,0.52381,0.936523,0,2.04177,0.999999,0,0,1
23220,door_2,4,0.982014,0.777063,2.538,1,1,0,21837,0,0,0,0,420,420,0,0,0,0.734162,0,2.05811,0.999681,0,0,0
23280,door_3,4,0.982014,-0.368681,4.60936,1,1,1,0,266,98,0,364,420,56,0.604396,1,0.52381,0.936697,0,2.04177,0.999999,0,0,1
23280,door_2,4,0.982014,0.777063,2.538,1,1,0,21905,0,0,0,0,420,420,0,0,0,0.734162,0,2.05811,0.999681,0,0,0
23340,door_3,4,0.982014,-0.367095,4.60934,1,1,1,0,266,98,0,364,420,56,0.604396,1,0.52381,0.936613,0,2.04177,0.999999,0,0,1
23340,door_2,4,0.982014,0.777063,2.538,1,1,0,21975,0,0,0,0,420,420,0,0,0,0.734163,0,2.05811,0.999681,0,0,0
23400,door_3,4,0.982014,-0.371828,4.60941,1,1,1,0,266,98,0,364,420,56,0.604396,1,0.52381,0.936865,0,2.04177,0.999999,0,0,1
23400,door_2,4,0.982014,0.777063,2.538,1,1,0,22039,0,0,0,0,420,420,0,0,0,0.734163,0,2.05811,0.999681,0,0,0
23460,door_3,4,0.982014,-0.367632,4.60935,1,1,1,0,266,98,0,364,420,56,0.604396,1,0.52381,0.936642,0,2.04177,0.999999,0,0,1
23460,door_2,4,0.982014,0.777063,2.538,1,1,0,22105,0,0,0,0,420,420,0,0,0,0.734163,0,2.05811,0.999681,0,0,0
23520,door_3,4,0.982014,-0.368285,4.60935,1,1,1,0,266,98,0,364,420,56,0.604396,1,0.52381,0.936676,0,2.04177,0.999999,0,0,1
23520,door_2,4,0.982014,0.777063,2.538,1,1,0,22172,0,0,0,0,420,420,0,0,0,0.734163,0,2.05811,0.999681,0,0,0
23580,door_3,4,0.982014,-0.368488,4.60936,1,1,1,0,266,98,0,364,420,56,0.604396,1,0.52381,0.936687,0,2.04177,0.999999,0,0,1
23580,door_2,4,0.982014,0.777063,2.538,1,1,0,22237,0,0,0,0,420,420,0,0,0,0.734163,0,2.05811,0.999681,0,0,0
23640,door_3,4,0.982014,-0.369746,4.60938,1,1,1,0,266,98,0,364,420,56,0.604396,1,0.52381,0.936755,0,2.04177,0.999999,0,0,1
23640,door_2,4,0.982014,0.777063,2.538,1,1,0,22303,0,0,0,0,420,420,0,0,0,0.734163,0,2.05811,0.999681,0,0,0
23700,door_3,4,0.982014,-0.370422,4.60939,1,1,1,1,266,98,51.3333,364,420,56,0.604396,1,0.52381,0.936791,0,2.04177,0.999999,0,0,0
23700,door_2,4,0.982014,0.777063,2.538,1,1,0,22372,0,0,0,0,420,420,0,0,0,0.734163,0,2.05811,0.999681,0,0,0
23760,door_3,4,0.982014,-0.368531,4.60936,1,1,1,0,266,98,0,364,420,56,0.604396,1,0.52381,0.93669,0,2.04177,0.999999,0,0,1
23760,door_2,4,0.982014,0.777063,2.538,1,1,0,22441,0,0,0,0,420,420,0,0,0,0.734163,0,2.05811,0.999681,0,0,0
23820,door_3,4,0.982014,-0.367113,4.60934,1,1,1,0,266,98,0,364,420,56,0.604396,1,0.52381,0.936614,0,2.04177,0.999999,0,0,1
23820,door_2,4,0.982014,0.777063,2.538,1,1,0,22511,0,0,0,0,420,420,0,0,0,0.734164,0,2.05811,0.999681,0,0,0
23880,door_3,4,0.982014,-0.367157,4.60934,1,1,1,1,266,98,51.3333,364,420,56,0.604396,1,0.52381,0.936617,0,2.04177,0.999999,0,0,0
23880,door_2,4,0.982014,0.777063,2.538,1,1,0,22581,0,0,0,0,420,420,0,0,0,0.734164,0,2.05811,0.999681,0,0,0
23940,door_3,4,0.982014,-0.371758,4.60941,1,1,1,0,266,98,0,364,420,56,0.604396,1,0.52381,0.936862,0,2.04177,0.999999,0,0,1
23940,door_2,4,0.982014,0.777063,2.538,1,1,0,22647,0,0,0,0,420,420,0,0,0,0.734164,0,2.05811,0.999681,0,0,0
24000,door_3,4,0.982014,-0.37208,4.60941,1,1,1,0,266,98,0,364,420,56,0.604396,1,0.52381,0.936879,0,2.04177,0.999999,0,0,1
24000,door_2,4,0.982014,0.777063,2.538,1,1,0,22713,0,0,0,0,420,420,0,0,0,0.734164,0,2.05811,0.999681,0,0,0
24060,door_3,4,0.982014,-0.367016,4.60934,1,1,1,0,266,98,0,364,420,56,0.604396,1,0.52381,0.936609,0,2.04177,0.999999,0,0,1
24060,door_2,4,0.982014,0.777063,2.538,1,1,0,22781,0,0,0,0,420,420,0,0,0,0.734164,0,2.05811,0.999681,0,0,0
24120,door_3,4,0.982014,-0.369604,4.60937,1,1,1,0,266,98,0,364,420,56,0.604396,1,0.52381,0.936748,0,2.04177,0.999999,0,0,1
24120,door_2,4,0.982014,0.777063,2.538,1,1,0,22849,0,0,0,0,420,420,0,0,0,0.734164,0,2.05811,0.999681,0,0,0
24180,door_3,4,0.982014,-0.372431,4.60942,1,1,1,0,266,98,0,364,420,56,0.604396,1,0.52381,0.936899,0,2.04177,0.999999,0,0,1
24180,door_2,4,0.982014,0.777063,2.538,1,1,0,22915,0,0,0,0,420,420,0,0,0,0.734165,0,2.05811,0.999681,0,0,0
24240,door_3,4,0.982014,-0.36992,4.60938,1,1,1,1,266,98,51.3333,364,420,56,0.604396,1,0.52381,0.936765,0,2.04177,0.999999,0,0,0
24240,door_2,4,0.982014,0.777063,2.538,1,1,0,22983,0,0,0,0,420,420,0,0,0,0.734165,0,2.05811,0.999681,0,0,0
24300,door_3,4,0.982014,-0.368565,4.60936,1,1,1,0,266,98,0,364,420,56,0.604396,1,0.52381,0.936693,0,2.04177,0.999999,0,0,1
24300,door_2,4,0.982014,0.777063,2.538,1,1,0,23051,0,0,0,0,420,420,0,0,0,0.734165,0,2.05811,0.999681,0,0,0
24360,door_3,4,0.982014,-0.373727,4.60944,1,1,1,0,266,98,0,364,420,56,0.604396,1,0.52381,0.936968,0,2.04177,0.999999,0,0,1
24360,door_2,4,0.982014,0.777063,2.538,1,1,0,23120,0,0,0,0,420,420,0,0,0,0.734165,0,2.05811,0.999681,0,0,0
24420,door_3,4,0.982014,-0.367577,4.60934,1,1,1,1,266,98,51.3333,364,420,56,0.604396,1,0.52381,0.936641,0,2.04177,0.999999,0,0,0
24420,door_2,4,0.982014,0.777063,2.538,1,1,0,23191,0,0,0,0,420,420,0,0,0,0.734166,0,2.05811,0.999681,0,0,0
24480,door_3,4,0.982014,-0.366738,4.60933,1,1,1,0,266,98,0,364,420,56,0.604396,1,0.52381,0.936596,0,2.04177,0.999999,0,0,1
24480,door_2,4,0.982014,0.777063,2.538,1,1,0,23270,0,0,0,0,420,420,0,0,0,0.734166,0,2.05811,0.999681,0,0,0
24540,door_3,4,0.982014,-0.370374,4.60939,1,1,1,0,266,98,0,364,420,56,0.604396,1,0.52381,0.93679,0,2.04177,0.999999,0,0,1
24540,door_2,4,0.982014,0.777063,2.538,1,1,0,23364,0,0,0,0,420,420,0,0,0,0.734166,0,2.05811,0.999681,0,0,0
24600,door_3,4,0.982014,-0.372074,4.60941,1,1,1,0,266,98,0,364,420,56,0.604396,1,0.52381,0.936881,0,2.04177,0.999999,0,0,1
24600,door_2,4,0.982014,0.777063,2.538,1,1,0,23453,0,0,0,0,420,420,0,0,0,0.734167,0,2.05811,0.999681,0,0,0
24660,door_3,4,0.982014,-0.36724,4.60934,1,1,1,0,266,98,0,364,420,56,0.604396,1,0.52381,0.936623,0,2.04177,0.999999,0,0,1
24660,door_2,4,0.982014,0.777063,2.538,1,1,0,23538,0,0,0,0,420,420,0,0,0,0.734167,0,2.05811,0.999681,0,0,0
24720,door_3,4,0.982014,-0.370548,4.60939,1,1,1,0,266,98,0,364,420,56,0.604396,1,0.52381,0.9368,0,2.04177,0.999999,0,0,1
24720,door_2,4,0.982014,0.777063,2.538,1,1,0,23619,0,0,0,0,420,420,0,0,0,0.734167,0,2.05811,0.999681,0,0,0
24780,door_3,4,0.982014,-0.371718,4.60941,1,1,1,0,266,98,0,364,420,56,0.604396,1,0.52381,0.936862,0,2.04177,0.999999,0,0,1
24780,door_2,4,0.982014,0.777063,2.538,1,1,0,23686,0,0,0,0,420,420,0,0,0,0.734167,0,2.05811,0.999681,0,0,0
24840,door_3,4,0.982014,-0.370406,4.60939,1,1,1,1,266,98,51.3333,364,420,56,0.604396,1,0.52381,0.936792,0,2.04177,0.999999,0,0,0
24840,door_2,4,0.982014,0.777063,2.538,1,1,0,23760,0,0,0,0,420,420,0,0,0,0.734167,0,2.05811,0.999681,0,0,0
24900,door_3,4,0.982014,-0.372923,4.60942,1,1,1,0,266,98,0,364,420,56,0.604396,1,0.52381,0.936927,0,2.04177,0.999999,0,0,1
24900,door_2,4,0.982014,0.777063,2.538,1,1,0,23855,0,0,0,0,420,420,0,0,0,0.734168,0,2.05811,0.999681,0,0,0
24960,door_3,4,0.982014,-0.370359,4.60939,1,1,1,1,266,98,51.3333,364,420,56,0.604396,1,0.52381,0.93679,0,2.04177,0.999999,0,0,0
24960,door_2,4,0.982014,0.777063,2.538,1,1,0,23974,0,0,0,0,420,420,0,0,0,0.734168,0,2.05811,0.999681,0,0,0
25020,door_3,4,0.982014,-0.366866,4.60933,1,1,1,0,266,98,0,364,420,56,0.604396,1,0.52381,0.936604,0,2.04177,0.999999,0,0,1
25020,door_2,4,0.982014,0.777063,2.538,1,1,0,24079,0,0,0,0,420,420,0,0,0,0.734168,0,2.05811,0.999681,0,0,0
25080,door_3,4,0.982014,-0.370357,4.60939,1,1,1,0,266,98,0,364,420,56,0.604396,1,0.52381,0.93679,0,2.04177,0.999999,0,0,1
25080,door_2,4,0.982014,0.777063,2.538,1,1,0,24169,0,0,0,0,420,420,0,0,0,0.734168,0,2.05811,0.999681,0,0,0
25140,door_3,4,0.982014,-0.371034,4.6094,1,1,1,1,266,98,51.3333,364,420,56,0.604396,1,0.52381,0.936827,0,2.04177,0.999999,0,0,0
25140,door_2,4,0.982014,0.777063,2.538,1,1,0,24260,0,0,0,0,420,420,0,0,0,0.734168,0,2.05811,0.999681,0,0,0
25200,door_3,4,0.982014,-0.367296,4.60934,1,1,1,1,266,98,51.3333,364,420,56,0.604396,1,0.52381,0.936628,0,2.04177,0.999999,0,0,0
25200,door_2,4,0.982014,0.777063,2.538,1,1,0,24349,0,0,0,0,420,420,0,0,0,0.734169,0,2.05811,0.999681,0,0,0
25260,door_3,4,0.982014,-0.371523,4.6094,1,1,1,0,266,98,0,364,420,56,0.604396,1,0.52381,0.936853,0,2.04177,0.999999,0,0,1
25260,door_2,4,0.982014,0.777063,2.538,1,1,0,24423,0,0,0,0,420,420,0,0,0,0.734169,0,2.05811,0.999681,0,0,0
25320,door_3,4,0.982014,-0.368522,4.60936,1,1,1,0,266,98,0,364,420,56,0.604396,1,0.52381,0.936694,0,2.04177,0.999999,0,0,1
25320,door_2,4,0.982014,0.777063,2.538,1,1,0,24491,0,0,0,0,420,420,0,0,0,0.73417,0,2.05811,0.999681,0,0,0
25380,door_3,4,0.982014,-0.366966,4.60934,1,1,1,0,266,98,0,364,420,56,0.604396,1,0.52381,0.936611,0,2.04177,0.999999,0,0,1
25380,door_2,4,0.982014,0.777063,2.538,1,1,0,24564,0,0,0,0,420,420,0,0,0,0.73417,0,2.05811,0.999681,0,0,0
25440,door_3,4,0.982014,-0.366523,4.60933,1,1,1,0,266,98,0,364,420,56,0.604396,1,0.52381,0.936587,0,2.04177,0.999999,0,0,1
25440,door_2,4,0.982014,0.777063,2.538,1,1,0,24644,0,0,0,0,420,420,0,0,0,0.73417,0,2.05811,0.999681,0,0,0
25500,door_3,4,0.982014,-0.367119,4.60934,1,1,1,1,266,98,51.3333,364,420,56,0.604396,1,0.52381,0.936619,0,2.04177,0.999999,0,0,0
25500,door_2,4,0.982014,0.777063,2.538,1,1,0,24731,0,0,0,0,420,420,0,0,0,0.73417,0,2.05811,0.999681,0,0,0
25560,door_3,4,0.982014,-0.368728,4.60936,1,1,1,1,266,98,51.3333,364,420,56,0.604396,1,0.52381,0.936705,0,2.04177,0.999999,0,0,0
25560,door_2,4,0.982014,0.777063,2.538,1,1,0,24830,0,0,0,0,420,420,0,0,0,0.73417,0,2.05811,0.999681,0,0,0
25620,door_3,4,0.982014,-0.369007,4.60937,1,1,1,0,266,98,0,364,420,56,0.604396,1,0.52381,0.93672,0,2.04177,0.999999,0,0,1
25620,door_2,4,0.982014,0.777063,2.538,1,1,0,24905,0,0,0,0,420,420,0,0,0,0.734171,0,2.05811,0.999681,0,0,0
25680,door_3,4,0.982014,-0.371861,4.60941,1,1,1,0,266,98,0,364,420,56,0.604396,1,0.52381,0.936872,0,2.04177,0.999999,0,0,1
25680,door_2,4,0.982014,0.777063,2.538,1,1,0,24983,0,0,0,0,420,420,0,0,0,0.734171,0,2.05811,0.999681,0,0,0
25740,door_3,4,0.982014,-0.369014,4.60937,1,1,1,1,266,98,51.3333,364,420,56,0.604396,1,0.52381,0.936721,0,2.04177,0.999999,0,0,0
25740,door_2,4,0.982014,0.777063,2.538,1,1,0,25069,0,0,0,0,420,420,0,0,0,0.734171,0,2.05811,0.999681,0,0,0
25800,door_3,4,0.982014,-0.370502,4.60939,1,1,1,0,266,98,0,364,420,56,0.604396,1,0.52381,0.9368,0,2.04177,0.999999,0,0,1
25800,door_2,4,0.982014,0.777063,2.538,1,1,0,25161,0,0,0,0,420,420,0,0,0,0.734171,0,2.05811,0.999681,0,0,0
25860,door_3,4,0.982014,-0.369867,4.60938,1,1,1,0,266,98,0,364,420,56,0.604396,1,0.52381,0.936766,0,2.04177,0.999999,0,0,1
25860,door_2,4,0.982014,0.777063,2.538,1,1,0,25239,0,0,0,0,420,420,0,0,0,0.734171,0,2.05811,0.999681,0,0,0
25920,door_3,4,0.982014,-0.367126,4.60934,1,1,1,0,266,98,0,364,420,56,0.604396,1,0.52381,0.936621,0,2.04177,0.999999,0,0,1
25920,door_2,4,0.982014,0.777063,2.538,1,1,0,25307,0,0,0,0,420,420,0,0,0,0.734171,0,2.05811,0.999681,0,0,0
25980,door_3,4,0.982014,-0.368461,4.60936,1,1,1,0,266,98,0,364,420,56,0.604396,1,0.52381,0.936692,0,2.04177,0.999999,0,0,1
25980,door_2,4,0.982014,0.777063,2.538,1,1,0,25376,0,0,0,0,420,420,0,0,0,0.734171,0,2.05811,0.999681,0,0,0
26040,door_3,4,0.982014,-0.371921,4.60941,1,1,1,0,266,98,0,364,420,56,0.604396,1,0.52381,0.936876,0,2.04177,0.999999,0,0,1
26040,door_2,4,0.982014,0.777063,2.538,1,1,0,25451,0,0,0,0,420,420,0,0,0,0.734171,0,2.05811,0.999681,0,0,0
26100,door_3,4,0.982014,-0.367681,4.60935,1,1,1,0,266,98,0,364,420,56,0.604396,1,0.52381,0.936651,0,2.04177,0.999999,0,0,1
26100,door_2,4,0.982014,0.777063,2.538,1,1,0,25531,0,0,0,0,420,420,0,0,0,0.734172,0,2.05811,0.999681,0,0,0
26160,door_3,4,0.982014,-0.368937,4.60936,1,1,1,0,266,98,0,364,420,56,0.604396,1,0.52381,0.936718,0,2.04177,0.999999,0,0,1
26160,door_2,4,0.982014,0.777063,2.538,1,1,0,25601,0,0,0,0,420,420,0,0,0,0.734172,0,2.05811,0.999681,0,0,0
26220,door_3,4,0.982014,-0.371706,4.60941,1,1,1,0,266,98,0,364,420,56,0.604396,1,0.52381,0.936865,0,2.04177,0.999999,0,0,1
26220,door_2,4,0.982014,0.777063,2.538,1,1,0,25669,0,0,0,0,420,420,0,0,0,0.734172,0,2.05811,0.999681,0,0,0
26280,door_3,4,0.982014,-0.371877,4.60941,1,1,1,0,266,98,0,364,420,56,0.604396,1,0.52381,0.936875,0,2.04177,0.999999,0,0,1
26280,door_2,4,0.982014,0.777063,2.538,1,1,0,25734,0,0,0,0,420,420,0,0,0,0.734173,0,2.05811,0.999681,0,0,0
26340,door_3,4,0.982014,-0.369511,4.60937,1,1,1,2,266,98,51.3333,364,420,56,0.604396,1,0.52381,0.936749,0,2.04177,0.999999,0,0,0
26340,door_2,4,0.982014,0.777063,2.538,1,1,0,25827,0,0,0,0,420,420,0,0,0,0.734174,0,2.05811,0.999681,0,0,0
26400,door_3,4,0.982014,-0.372428,4.60942,1,1,1,1,266,98,51.3333,364,420,56,0.604396,1,0.52381,0.936905,0,2.04177,0.999999,0,0,0
26400,door_2,4,0.982014,0.777063,2.538,1,1,0,25927,0,0,0,0,420,420,0,0,0,0.734174,0,2.05811,0.999681,0,0,0
26460,door_3,4,0.982014,-0.367339,4.60934,1,1,1,1,266,98,51.3333,364,420,56,0.604396,1,0.52381,0.936634,0,2.04177,0.999999,0,0,0
26460,door_2,4,0.982014,0.777063,2.538,1,1,0,26016,0,0,0,0,420,420,0,0,0,0.734174,0,2.05811,0.999681,0,0,0
26520,door_3,4,0.982014,-0.369682,4.60938,1,1,1,0,266,98,0,364,420,56,0.604396,1,0.52381,0.936759,0,2.04177,0.999999,0,0,1
26520,door_2,4,0.982014,0.777063,2.538,1,1,0,26110,0,0,0,0,420,420,0,0,0,0.734174,0,2.05811,0.999681,0,0,0
26580,door_3,4,0.982014,-0.368426,4.60936,1,1,1,1,266,98,51.3333,364,420,56,0.604396,1,0.52381,0.936692,0,2.04177,0.999999,0,0,0
26580,door_2,4,0.982014,0.777063,2.538,1,1,0,26218,0,0,0,0,420,420,0,0,0,0.734175,0,2.05811,0.999681,0,0,0
26640,door_3,4,0.982014,-0.366937,4.60933,1,1,1,1,266,98,51.3333,364,420,56,0.604396,1,0.52381,0.936613,0,2.04177,0.999999,0,0,0
26640,door_2,4,0.982014,0.777063,2.538,1,1,0,26342,0,0,0,0,420,420,0,0,0,0.734175,0,2.05811,0.999681,0,0,0
26700,door_3,4,0.982014,-0.370513,4.60939,1,1,1,1,266,98,51.3333,364,420,56,0.604396,1,0.52381,0.936804,0,2.04177,0.999999,0,0,0
26700,door_2,4,0.982014,0.777063,2.538,1,1,0,26440,0,0,0,0,420,420,0,0,0,0.734175,0,2.05811,0.999681,0,0,0
26760,door_3,4,0.982014,-0.370988,4.6094,1,1,1,1,266,98,51.3333,364,420,56,0.604396,1,0.52381,0.936829,0,2.04177,0.999999,0,0,0
26760,door_2,4,0.982014,0.777063,2.538,1,1,0,26538,0,0,0,0,420,420,0,0,0,0.734175,0,2.05811,0.999681,0,0,0
26820,door_3,4,0.982014,-0.365659,4.60932,1,1,1,1,266,98,51.3333,364,420,56,0.604396,1,0.52381,0.936545,0,2.04177,0.999999,0,0,0
26820,door_2,4,0.982014,0.777063,2.538,1,1,0,26640,0,0,0,0,420,420,0,0,0,0.734175,0,2.05811,0.999681,0,0,0
26880,door_3,4,0.982014,-0.370382,4.60939,1,1,1,1,266,98,51.3333,364,420,56,0.604396,1,0.52381,0.936797,0,2.04177,0.999999,0,0,0
26880,door_2,4,0.982014,0.777063,2.538,1,1,0,26739,0,0,0,0,420,420,0,0,0,0.734175,0,2.05811,0.999681,0,0,0
26940,door_3,4,0.982014,-0.368711,4.60936,1,1,1,2,266,98,51.3333,364,420,56,0.604396,1,0.52381,0.936708,0,2.04177,0.999999,0,0,0
26940,door_2,4,0.982014,0.777063,2.538,1,1,0,26849,0,0,0,0,420,420,0,0,0,0.734175,0,2.05811,0.999681,0,0,0
27000,door_3,4,0.982014,-0.365441,4.60931,1,1,1,1,266,98,51.3333,364,420,56,0.604396,1,0.52381,0.936534,0,2.04177,0.999999,0,0,0
27000,door_2,4,0.982014,0.777063,2.538,1,1,0,26978,0,0,0,0,420,420,0,0,0,0.734175,0,2.05811,0.999681,0,0,0
27060,door_3,4,0.982014,-0.369919,4.60938,1,1,1,1,266,98,51.3333,364,420,56,0.604396,1,0.52381,0.936773,0,2.04177,0.999999,0,0,0
27060,door_2,4,0.982014,0.777063,2.538,1,1,0,27081,0,0,0,0,420,420,0,0,0,0.734176,0,2.05811,0.999681,0,0,0
27120,door_3,4,0.982014,-0.36897,4.60937,1,1,1,1,266,98,51.3333,364,420,56,0.604396,1,0.52381,0.936722,0,2.04177,0.999999,0,0,0
27120,door_2,4,0.982014,0.777063,2.538,1,1,0,27179,0,0,0,0,420,420,0,0,0,0.734176,0,2.05811,0.999681,0,0,0
27180,door_3,4,0.982014,-0.370606,4.60939,1,1,1,0,266,98,0,364,420,56,0.604396,1,0.52381,0.936809,0,2.04177,0.999999,0,0,1
27180,door_2,4,0.982014,0.777063,2.538,1,1,0,27262,0,0,0,0,420,420,0,0,0,0.734176,0,2.05811,0.999681,0,0,0
27240,door_3,4,0.982014,-0.36537,4.60931,1,1,1,1,266,98,51.3333,364,420,56,0.604396,1,0.52381,0.93653,0,2.04177,0.999999,0,0,0
27240,door_2,4,0.982014,0.777063,2.538,1,1,0,27338,0,0,0,0,420,420,0,0,0,0.734176,0,2.05811,0.999681,0,0,0
27300,door_3,4,0.982014,-0.369604,4.60937,1,1,1,0,266,98,0,364,420,56,0.604396,1,0.52381,0.936756,0,2.04177,0.999999,0,0,1
27300,door_2,4,0.982014,0.777063,2.538,1,1,0,27414,0,0,0,0,420,420,0,0,0,0.734176,0,2.05811,0.999681,0,0,0
27360,door_3,4,0.982014,-0.370374,4.60939,1,1,1,2,266,98,51.3333,364,420,56,0.604396,1,0.52381,0.936797,0,2.04177,0.999999,0,0,0
27360,door_2,4,0.982014,0.777063,2.538,1,1,0,27531,0,0,0,0,420,420,0,0,0,0.734176,0,2.05811,0.999681,0,0,0
27420,door_3,4,0.982014,-0.370638,4.60939,1,1,1,1,266,98,51.3333,364,420,56,0.604396,1,0.52381,0.936811,0,2.04177,0.999999,0,0,0
27420,door_2,4,0.982014,0.777063,2.538,1,1,0,27671,0,0,0,0,420,420,0,0,0,0.734176,0,2.05811,0.999681,0,0,0
27480,door_3,4,0.982014,-0.368629,4.60936,1,1,1,1,266,98,51.3333,364,420,56,0.604396,1,0.52381,0.936705,0,2.04177,0.999999,0,0,0
27480,door_2,4,0.982014,0.777063,2.538,1,1,0,27784,0,0,0,0,420,420,0,0,0,0.734176,0,2.05811,0.999681,0,0,0
27540,door_3,4,0.982014,-0.367279,4.60934,1,1,1,0,266,98,0,364,420,56,0.604396,1,0.52381,0.936633,0,2.04177,0.999999,0,0,1
27540,door_2,4,0.982014,0.777063,2.538,1,1,0,27867,0,0,0,0,420,420,0,0,0,0.734176,0,2.05811,0.999681,0,0,0
27600,door_3,4,0.982014,-0.369017,4.60937,1,1,1,0,266,98,0,364,420,56,0.604396,1,0.52381,0.936725,0,2.04177,0.999999,0,0,1
27600,door_2,4,0.982014,0.777063,2.538,1,1,0,27945,0,0,0,0,420,420,0,0,0,0.734177,0,2.05811,0.999681,0,0,0
27660,door_3,4,0.982014,-0.371619,4.60941,1,1,1,0,266,98,0,364,420,56,0.604396,1,0.52381,0.936864,0,2.04177,0.999999,0,0,1
27660,door_2,4,0.982014,0.777063,2.538,1,1,0,28036,0,0,0,0,420,420,0,0,0,0.734177,0,2.05811,0.999681,0,0,0
27720,door_3,4,0.982014,-0.370252,4.60938,1,1,1,0,266,98,0,364,420,56,0.604396,1,0.52381,0.936792,0,2.04177,0.999999,0,0,1
27720,door_2,4,0.982014,0.777063,2.538,1,1,0,28120,0,0,0,0,420,420,0,0,0,0.734178,0,2.05811,0.999681,0,0,0
27780,door_3,4,0.982014,-0.370687,4.60939,1,1,1,1,266,98,51.3333,364,420,56,0.604396,1,0.52381,0.936815,0,2.04177,0.999999,0,0,0
27780,door_2,4,0.982014,0.777063,2.538,1,1,0,28222,0,0,0,0,420,420,0,0,0,0.734178,0,2.05811,0.999681,0,0,0
27840,door_3,4,0.982014,-0.370304,4.60939,1,1,1,1,266,98,51.3333,364,420,56,0.604396,1,0.52381,0.936795,0,2.04177,0.999999,0,0,0
27840,door_2,4,0.982014,0.777063,2.538,1,1,0,28315,0,0,0,0,420,420,0,0,0,0.734178,0,2.05811,0.999681,0,0,0
27900,door_3,4,0.982014,-0.366891,4.60933,1,1,1,1,266,98,51.3333,364,420,56,0.604396,1,0.52381,0.936613,0,2.04177,0.999999,0,0,0
27900,door_2,4,0.982014,0.777063,2.538,1,1,0,28402,0,0,0,0,420,420,0,0,0,0.734178,0,2.05811,0.999681,0,0,0
27960,door_3,4,0.982014,-0.368693,4.60936,1,1,1,1,266,98,51.3333,364,420,56,0.604396,1,0.52381,0.936709,0,2.04177,0.999999,0,0,0
27960,door_2,4,0.982014,0.777063,2.538,1,1,0,28490,0,0,0,0,420,420,0,0,0,0.734178,0,2.05811,0.999681,0,0,0
28020,door_3,4,0.982014,-0.367843,4.60935,1,1,1,1,266,98,51.3333,364,420,56,0.604396,1,0.52381,0.936664,0,2.04177,0.999999,0,0,0
28020,door_2,4,0.982014,0.777063,2.538,1,1,0,28577,0,0,0,0,420,420,0,0,0,0.734179,0,2.05811,0.999681,0,0,0
28080,door_3,4,0.982014,-0.368989,4.60937,1,1,1,1,266,98,51.3333,364,420,56,0.604396,1,0.52381,0.936726,0,2.04177,0.999999,0,0,0
28080,door_2,4,0.982014,0.777063,2.538,1,1,0,28677,0,0,0,0,420,420,0,0,0,0.734179,0,2.05811,0.999681,0,0,0
28140,door_3,4,0.982014,-0.370502,4.60939,1,1,1,1,266,98,51.3333,364,420,56,0.604396,1,0.52381,0.936806,0,2.04177,0.999999,0,0,0
28140,door_2,4,0.982014,0.777063,2.538,1,1,0,28768,0,0,0,0,420,420,0,0,0,0.734179,0,2.05811,0.999681,0,0,0
28200,door_3,4,0.982014,-0.369006,4.60937,1,1,1,1,266,98,51.3333,364,420,56,0.604396,1,0.52381,0.936727,0,2.04177,0.999999,0,0,0
28200,door_2,4,0.982014,0.777063,2.538,1,1,0,28857,0,0,0,0,420,420,0,0,0,0.734179,0,2.05811,0.999681,0,0,0
28260,door_3,4,0.982014,-0.368426,4.60936,1,1,1,1,266,98,51.3333,364,420,56,0.604396,1,0.52381,0.936696,0,2.04177,0.999999,0,0,0
28260,door_2,4,0.982014,0.777063,2.538,1,1,0,28950,0,0,0,0,420,420,0,0,0,0.734179,0,2.05811,0.999681,0,0,0
28320,door_3,4,0.982014,-0.366818,4.60933,1,1,1,0,266,98,0,364,420,56,0.604396,1,0.52381,0.93661,0,2.04177,0.999999,0,0,1
28320,door_2,4,0.982014,0.777063,2.538,1,1,0,29053,0,0,0,0,420,420,0,0,0,0.734179,0,2.05811,0.999681,0,0,0
28380,door_3,4,0.982014,-0.369701,4.60938,1,1,1,0,266,98,0,364,420,56,0.604396,1,0.52381,0.936764,0,2.04177,0.999999,0,0,1
28380,door_2,4,0.982014,0.777063,2.538,1,1,0,29145,0,0,0,0,420,420,0,0,0,0.73418,0,2.05811,0.999681,0,0,0
28440,door_3,4,0.982014,-0.368337,4.60936,1,1,1,0,266,98,0,364,420,56,0.604396,1,0.52381,0.936692,0,2.04177,0.999999,0,0,1
28440,door_2,4,0.982014,0.777063,2.538,1,1,0,29213,0,0,0,0,420,420,0,0,0,0.73418,0,2.05811,0.999681,0,0,0
28500,door_3,4,0.982014,-0.365076,4.60931,1,1,1,0,266,98,0,364,420,56,0.604396,1,0.52381,0.936518,0,2.04177,0.999999,0,0,1
28500,door_2,4,0.982014,0.777063,2.538,1,1,0,29281,0,0,0,0,420,420,0,0,0,0.734179,0,2.05811,0.999681,0,0,0
28560,door_3,4,0.982014,-0.370108,4.60938,1,1,1,0,266,98,0,364,420,56,0.604396,1,0.52381,0.936786,0,2.04177,0.999999,0,0,1
28560,door_2,4,0.982014,0.777063,2.538,1,1,0,29349,0,0,0,0,420,420,0,0,0,0.73418,0,2.05811,0.999681,0,0,0
28620,door_3,4,0.982014,-0.371887,4.60941,1,1,1,0,266,98,0,364,420,56,0.604396,1,0.52381,0.936881,0,2.04177,0.999999,0,0,1
28620,door_2,4,0.982014,0.777063,2.538,1,1,0,29415,0,0,0,0,420,420,0,0,0,0.73418,0,2.05811,0.999681,0,0,0
28680,door_3,4,0.982014,-0.367718,4.60935,1,1,1,0,266,98,0,364,420,56,0.604396,1,0.52381,0.936659,0,2.04177,0.999999,0,0,1
28680,door_2,4,0.982014,0.777063,2.538,1,1,0,29481,0,0,0,0,420,420,0,0,0,0.73418,0,2.05811,0.999681,0,0,0
28740,door_3,4,0.982014,-0.371594,4.6094,1,1,1,1,266,98,51.3333,364,420,56,0.604396,1,0.52381,0.936865,0,2.04177,0.999999,0,0,0
28740,door_2,4,0.982014,0.777063,2.538,1,1,0,29546,0,0,0,0,420,420,0,0,0,0.73418,0,2.05811,0.999681,0,0,0
28800,door_3,4,0.982014,-0.369513,4.60937,1,1,1,0,266,98,0,364,420,56,0.604396,1,0.52381,0.936755,0,2.04177,0.999999,0,0,1
28800,door_2,4,0.982014,0.777063,2.538,1,1,0,29612,0,0,0,0,420,420,0,0,0,0.73418,0,2.05811,0.999681,0,0,0
28860,door_3,4,0.982014,-0.367717,4.60935,1,1,1,1,266,98,51.3333,364,420,56,0.604396,1,0.52381,0.936659,0,2.04177,0.999999,0,0,0
28860,door_2,4,0.982014,0.777063,2.538,1,1,0,29679,0,0,0,0,420,420,0,0,0,0.73418,0,2.05811,0.999681,0,0,0
28920,door_3,4,0.982014,-0.36991,4.60938,1,1,1,0,266,98,0,364,420,56,0.604396,1,0.52381,0.936776,0,2.04177,0.999999,0,0,1
28920,door_2,4,0.982014,0.777063,2.538,1,1,0,29746,0,0,0,0,420,420,0,0,0,0.73418,0,2.05811,0.999681,0,0,0
28980,door_3,4,0.982014,-0.367454,4.60934,1,1,1,0,266,98,0,364,420,56,0.604396,1,0.52381,0.936645,0,2.04177,0.999999,0,0,1
28980,door_2,4,0.982014,0.777063,2.538,1,1,0,29813,0,0,0,0,420,420,0,0,0,0.73418,0,2.05811,0.999681,0,0,0
29040,door_3,4,0.982014,-0.366931,4.60933,1,1,1,0,266,98,0,364,420,56,0.604396,1,0.52381,0.936617,0,2.04177,0.999999,0,0,1
29040,door_2,4,0.982014,0.777063,2.538,1,1,0,29882,0,0,0,0,420,420,0,0,0,0.73418,0,2.05811,0.999681,0,0,0
29100,door_3,4,0.982014,-0.371698,4.60941,1,1,1,0,266,98,0,364,420,56,0.604396,1,0.52381,0.936872,0,2.04177,0.999999,0,0,1
29100,door_2,4,0.982014,0.777063,2.538,1,1,0,29947,0,0,0,0,420,420,0,0,0,0.73418,0,2.05811,0.999681,0,0,0
29160,door_3,4,0.982014,-0.367538,4.60934,1,1,1,1,266,98,51.3333,364,420,56,0.604396,1,0.52381,0.93665,0,2.04177,0.999999,0,0,0
29160,door_2,4,0.982014,0.777063,2.538,1,1,0,30010,0,0,0,0,420,420,0,0,0,0.73418,0,2.05811,0.999681,0,0,0
29220,door_3,4,0.982014,-0.37161,4.6094,1,1,1,0,266,98,0,364,420,56,0.604396,1,0.52381,0.936867,0,2.04177,0.999999,0,0,1
29220,door_2,4,0.982014,0.777063,2.538,1,1,0,30075,0,0,0,0,420,420,0,0,0,0.734181,0,2.05811,0.999681,0,0,0
29280,door_3,4,0.982014,-0.369801,4.60938,1,1,1,0,266,98,0,364,420,56,0.604396,1,0.52381,0.936771,0,2.04177,0.999999,0,0,1
29280,door_2,4,0.982014,0.777063,2.538,1,1,0,30142,0,0,0,0,420,420,0,0,0,0.734181,0,2.05811,0.999681,0,0,0
29340,door_3,4,0.982014,-0.365574,4.60931,1,1,1,0,266,98,0,364,420,56,0.604396,1,0.52381,0.936546,0,2.04177,0.999999,0,0,1
29340,door_2,4,0.982014,0.777063,2.538,1,1,0,30205,0,0,0,0,420,420,0,0,0,0.734181,0,2.05811,0.999681,0,0,0
29400,door_3,4,0.982014,-0.368199,4.60935,1,1,1,0,266,98,0,364,420,56,0.604396,1,0.52381,0.936686,0,2.04177,0.999999,0,0,1
29400,door_2,4,0.982014,0.777063,2.538,1,1,0,30272,0,0,0,0,420,420,0,0,0,0.734181,0,2.05811,0.999681,0,0,0
29460,door_3,4,0.982014,-0.369804,4.60938,1,1,1,0,266,98,0,364,420,56,0.604396,1,0.52381,0.936771,0,2.04177,0.999999,0,0,1
29460,door_2,4,0.982014,0.777063,2.538,1,1,0,30341,0,0,0,0,420,420,0,0,0,0.734181,0,2.05811,0.999681,0,0,0
29520,door_3,4,0.982014,-0.371732,4.60941,1,1,1,0,266,98,0,364,420,56,0.604396,1,0.52381,0.936874,0,2.04177,0.999999,0,0,1
29520,door_2,4,0.982014,0.777063,2.538,1,1,0,30404,0,0,0,0,420,420,0,0,0,0.734181,0,2.05811,0.999681,0,0,0
29580,door_3,4,0.982014,-0.366909,4.60933,1,1,1,1,266,98,51.3333,364,420,56,0.604396,1,0.52381,0.936617,0,2.04177,0.999999,0,0,0
29580,door_2,4,0.982014,0.777063,2.538,1,1,0,30469,0,0,0,0,420,420,0,0,0,0.734181,0,2.05811,0.999681,0,0,0
29640,door_3,4,0.982014,-0.366687,4.60933,1,1,1,0,266,98,0,364,420,56,0.604396,1,0.52381,0.936606,0,2.04177,0.999999,0,0,1
29640,door_2,4,0.982014,0.777063,2.538,1,1,0,30536,0,0,0,0,420,420,0,0,0,0.734181,0,2.05811,0.999681,0,0,0
29700,door_3,4,0.982014,-0.368283,4.60935,1,1,1,0,266,98,0,364,420,56,0.604396,1,0.52381,0.936691,0,2.04177,0.999999,0,0,1
29700,door_2,4,0.982014,0.777063,2.538,1,1,0,30605,0,0,0,0,420,420,0,0,0,0.734182,0,2.05811,0.999681,0,0,0
29760,door_3,4,0.982014,-0.368075,4.60935,1,1,1,0,266,98,0,364,420,56,0.604396,1,0.52381,0.93668,0,2.04177,0.999999,0,0,1
29760,door_2,4,0.982014,0.777063,2.538,1,1,0,30669,0,0,0,0,420,420,0,0,0,0.734182,0,2.05811,0.999681,0,0,0
29820,door_3,4,0.982014,-0.365002,4.60931,1,1,1,1,266,98,51.3333,364,420,56,0.604396,1,0.52381,0.936517,0,2.04177,0.999999,0,0,0
29820,door_2,4,0.982014,0.777063,2.538,1,1,0,30737,0,0,0,0,420,420,0,0,0,0.734182,0,2.05811,0.999681,0,0,0
29880,door_3,4,0.982014,-0.367215,4.60934,1,1,1,0,266,98,0,364,420,56,0.604396,1,0.52381,0.936635,0,2.04177,0.999999,0,0,1
29880,door_2,4,0.982014,0.777063,2.538,1,1,0,30804,0,0,0,0,420,420,0,0,0,0.734182,0,2.05811,0.999681,0,0,0
29940,door_3,4,0.982014,-0.366771,4.60933,1,1,1,0,266,98,0,364,420,56,0.604396,1,0.52381,0.936611,0,2.04177,0.999999,0,0,1
29940,door_2,4,0.982014,0.777063,2.538,1,1,0,30871,0,0,0,0,420,420,0,0,0,0.734182,0,2.05811,0.999681,0,0,0
30000,door_3,4,0.982014,-0.370227,4.60938,1,1,1,0,266,98,0,364,420,56,0.604396,1,0.52381,0.936795,0,2.04177,0.999999,0,0,1
30000,door_2,4,0.982014,0.777063,2.538,1,1,0,30937,0,0,0,0,420,420,0,0,0,0.734183,0,2.05811,0.999681,0,0,0
30060,door_3,4,0.982014,-0.365798,4.60932,1,1,1,0,266,98,0,364,420,56,0.604396,1,0.52381,0.936559,0,2.04177,0.999999,0,0,1
30060,door_2,4,0.982014,0.777063,2.538,1,1,0,31007,0,0,0,0,420,420,0,0,0,0.734183,0,2.05811,0.999681,0,0,0
30120,door_3,4,0.982014,-0.371724,4.60941,1,1,1,1,266,98,51.3333,364,420,56,0.604396,1,0.52381,0.936875,0,2.04177,0.999999,0,0,0
30120,door_2,4,0.982014,0.777063,2.538,1,1,0,31072,0,0,0,0,420,420,0,0,0,0.734183,0,2.05811,0.999681,0,0,0
30180,door_3,4,0.982014,-0.366834,4.60933,1,1,1,0,266,98,0,364,420,56,0.604396,1,0.52381,0.936615,0,2.04177,0.999999,0,0,1
30180,door_2,4,0.982014,0.777063,2.538,1,1,0,31139,0,0,0,0,420,420,0,0,0,0.734183,0,2.05811,0.999681,0,0,0
30240,door_3,4,0.982014,-0.367517,4.60934,1,1,1,0,266,98,0,364,420,56,0.604396,1,0.52381,0.936651,0,2.04177,0.999999,0,0,1
30240,door_2,4,0.982014,0.777063,2.538,1,1,0,31205,0,0,0,0,420,420,0,0,0,0.734184,0,2.05811,0.999681,0,0,0
30300,door_3,4,0.982014,-0.368995,4.60937,1,1,1,0,266,98,0,364,420,56,0.604396,1,0.52381,0.93673,0,2.04177,0.999999,0,0,1
30300,door_2,4,0.982014,0.777063,2.538,1,1,0,31271,0,0,0,0,420,420,0,0,0,0.734184,0,2.05811,0.999681,0,0,0
30360,door_3,4,0.982014,-0.370075,4.60938,1,1,1,1,266,98,51.3333,364,420,56,0.604396,1,0.52381,0.936788,0,2.04177,0.999999,0,0,0
30360,door_2,4,0.982014,0.777063,2.538,1,1,0,31339,0,0,0,0,420,420,0,0,0,0.734185,0,2.05811,0.999681,0,0,0
30420,door_3,4,0.982014,-0.369799,4.60938,1,1,1,0,266,98,0,364,420,56,0.604396,1,0.52381,0.936774,0,2.04177,0.999999,0,0,1
30420,door_2,4,0.982014,0.777063,2.538,1,1,0,31408,0,0,0,0,420,420,0,0,0,0.734185,0,2.05811,0.999681,0,0,0
30480,door_3,4,0.982014,-0.368639,4.60936,1,1,1,0,266,98,0,364,420,56,0.604396,1,0.52381,0.936712,0,2.04177,0.999999,0,0,1
30480,door_2,4,0.982014,0.777063,2.538,1,1,0,31474,0,0,0,0,420,420,0,0,0,0.734185,0,2.05811,0.999681,0,0,0
30540,door_3,4,0.982014,-0.368627,4.60936,1,1,1,0,266,98,0,364,420,56,0.604396,1,0.52381,0.936712,0,2.04177,0.999999,0,0,1
30540,door_2,4,0.982014,0.777063,2.538,1,1,0,31538,0,0,0,0,420,420,0,0,0,0.734186,0,2.05811,0.999681,0,0,0
30600,door_3,4,0.982014,-0.368789,4.60936,1,1,1,0,266,98,0,364,420,56,0.604396,1,0.52381,0.936721,0,2.04177,0.999999,0,0,1
30600,door_2,4,0.982014,0.777063,2.538,1,1,0,31604,0,0,0,0,420,420,0,0,0,0.734186,0,2.05811,0.999681,0,0,0
30660,door_3,4,0.982014,-0.369991,4.60938,1,1,1,0,266,98,0,364,420,56,0.604396,1,0.52381,0.936785,0,2.04177,0.999999,0,0,1
30660,door_2,4,0.982014,0.777063,2.538,1,1,0,31670,0,0,0,0,420,420,0,0,0,0.734187,0,2.05811,0.999681,0,0,0
30720,door_3,4,0.982014,-0.368176,4.60935,1,1,1,0,266,98,0,364,420,56,0.604396,1,0.52381,0.936688,0,2.04177,0.999999,0,0,1
30720,door_2,4,0.982014,0.777063,2.538,1,1,0,31738,0,0,0,0,420,420,0,0,0,0.734187,0,2.05811,0.999681,0,0,0
30780,door_3,4,0.982014,-0.370178,4.60938,1,1,1,0,266,98,0,364,420,56,0.604396,1,0.52381,0.936795,0,2.04177,0.999999,0,0,1
30780,door_2,4,0.982014,0.777063,2.538,1,1,0,31804,0,0,0,0,420,420,0,0,0,0.734187,0,2.05811,0.999681,0,0,0
30840,door_3,4,0.982014,-0.370242,4.60938,1,1,1,0,266,98,0,364,420,56,0.604396,1,0.52381,0.936799,0,2.04177,0.999999,0,0,1
30840,door_2,4,0.982014,0.777063,2.538,1,1,0,31868,0,0,0,0,420,420,0,0,0,0.734188,0,2.05811,0.999681,0,0,0
30900,door_3,4,0.982014,-0.367165,4.60934,1,1,1,0,266,98,0,364,420,56,0.604396,1,0.52381,0.936635,0,2.04177,0.999999,0,0,1
30900,door_2,4,0.982014,0.777063,2.538,1,1,0,31936,0,0,0,0,420,420,0,0,0,0.734188,0,2.05811,0.999681,0,0,0
30960,door_3,4,0.982014,-0.370187,4.60938,1,1,1,0,266,98,0,364,420,56,0.604396,1,0.52381,0.936796,0,2.04177,0.999999,0,0,1
30960,door_2,4,0.982014,0.777063,2.538,1,1,0,32000,0,0,0,0,420,420,0,0,0,0.734188,0,2.05811,0.999681,0,0,0
31020,door_3,4,0.982014,-0.365272,4.60931,1,1,1,0,266,98,0,364,420,56,0.604396,1,0.52381,0.936535,0,2.04177,0.999999,0,0,1
31020,door_2,4,0.982014,0.777063,2.538,1,1,0,32065,0,0,0,0,420,420,0,0,0,0.734188,0,2.05811,0.999681,0,0,0
31080,door_3,4,0.982014,-0.365951,4.60932,1,1,1,0,266,98,0,364,420,56,0.604396,1,0.52381,0.936571,0,2.04177,0.999999,0,0,1
31080,door_2,4,0.982014,0.777063,2.538,1,1,0,32133,0,0,0,0,420,420,0,0,0,0.734189,0,2.05811,0.999681,0,0,0
31140,door_3,4,0.982014,-0.370423,4.60939,1,1,1,0,266,98,0,364,420,56,0.604396,1,0.52381,0.93681,0,2.04177,0.999999,0,0,1
31140,door_2,4,0.982014,0.777063,2.538,1,1,0,32197,0,0,0,0,420,420,0,0,0,0.734189,0,2.05811,0.999681,0,0,0
31200,door_3,4,0.982014,-0.368468,4.60936,1,1,1,0,266,98,0,364,420,56,0.604396,1,0.52381,0.936706,0,2.04177,0.999999,0,0,1
31200,door_2,4,0.982014,0.777063,2.538,1,1,0,32264,0,0,0,0,420,420,0,0,0,0.73419,0,2.05811,0.999681,0,0,0
31260,door_3,4,0.982014,-0.368797,4.60936,1,1,1,0,266,98,0,364,420,56,0.604396,1,0.52381,0.936723,0,2.04177,0.999999,0,0,1
31260,door_2,4,0.982014,0.777063,2.538,1,1,0,32330,0,0,0,0,420,420,0,0,0,0.73419,0,2.05811,0.999681,0,0,0
31320,door_3,4,0.982014,-0.369425,4.60937,1,1,1,0,266,98,0,364,420,56,0.604396,1,0.52381,0.936757,0,2.04177,0.999999,0,0,1
31320,door_2,4,0.982014,0.777063,2.538,1,1,0,32399,0,0,0,0,420,420,0,0,0,0.73419,0,2.05811,0.999681,0,0,0
31380,door_3,4,0.982014,-0.36682,4.60933,1,1,1,0,266,98,0,364,420,56,0.604396,1,0.52381,0.936618,0,2.04177,0.999999,0,0,1
31380,door_2,4,0.982014,0.777063,2.538,1,1,0,32466,0,0,0,0,420,420,0,0,0,0.73419,0,2.05811,0.999681,0,0,0
31440,door_3,4,0.982014,-0.368562,4.60936,1,1,1,0,266,98,0,364,420,56,0.604396,1,0.52381,0.936711,0,2.04177,0.999999,0,0,1
31440,door_2,4,0.982014,0.777063,2.538,1,1,0,32533,0,0,0,0,420,420,0,0,0,0.734191,0,2.05811,0.999681,0,0,0
31500,door_3,4,0.982014,-0.365592,4.60931,1,1,1,0,266,98,0,364,420,56,0.604396,1,0.52381,0.936553,0,2.04177,0.999999,0,0,1
31500,door_2,4,0.982014,0.777063,2.538,1,1,0,32597,0,0,0,0,420,420,0,0,0,0.734191,0,2.05811,0.999681,0,0,0
31560,door_3,4,0.982014,-0.366542,4.60933,1,1,1,0,266,98,0,364,420,56,0.604396,1,0.52381,0.936604,0,2.04177,0.999999,0,0,1
31560,door_2,4,0.982014,0.777063,2.538,1,1,0,32661,0,0,0,0,420,420,0,0,0,0.734191,0,2.05811,0.999681,0,0,0
31620,door_3,4,0.982014,-0.36965,4.60938,1,1,1,1,266,98,51.3333,364,420,56,0.604396,1,0.52381,0.93677,0,2.04177,0.999999,0,0,0
31620,door_2,4,0.982014,0.777063,2.538,1,1,0,32730,0,0,0,0,420,420,0,0,0,0.734191,0,2.05811,0.999681,0,0,0
31680,door_3,4,0.982014,-0.369748,4.60938,1,1,1,0,266,98,0,364,420,56,0.604396,1,0.52381,0.936775,0,2.04177,0.999999,0,0,1
31680,door_2,4,0.982014,0.777063,2.538,1,1,0,32795,0,0,0,0,420,420,0,0,0,0.734191,0,2.05811,0.999681,0,0,0
31740,door_3,4,0.982014,-0.370734,4.60939,1,1,1,1,266,98,51.3333,364,420,56,0.604396,1,0.52381,0.936828,0,2.04177,0.999999,0,0,0
31740,door_2,4,0.982014,0.777063,2.538,1,1,0,32861,0,0,0,0,420,420,0,0,0,0.734191,0,2.05811,0.999681,0,0,0
31800,door_3,4,0.982014,-0.366722,4.60933,1,1,1,0,266,98,0,364,420,56,0.604396,1,0.52381,0.936614,0,2.04177,0.999999,0,0,1
31800,door_2,4,0.982014,0.777063,2.538,1,1,0,32926,0,0,0,0,420,420,0,0,0,0.734191,0,2.05811,0.999681,0,0,0
31860,door_3,4,0.982014,-0.370458,4.60939,1,1,1,0,266,98,0,364,420,56,0.604396,1,0.52381,0.936813,0,2.04177,0.999999,0,0,1
31860,door_2,4,0.982014,0.777063,2.538,1,1,0,32988,0,0,0,0,420,420,0,0,0,0.734192,0,2.05811,0.999681,0,0,0
31920,door_3,4,0.982014,-0.370494,4.60939,1,1,1,0,266,98,0,364,420,56,0.604396,1,0.52381,0.936815,0,2.04177,0.999999,0,0,1
31920,door_2,4,0.982014,0.777063,2.538,1,1,0,33051,0,0,0,0,420,420,0,0,0,0.734192,0,2.05811,0.999681,0,0,0
31980,door_3,4,0.982014,-0.367996,4.60935,1,1,1,0,266,98,0,364,420,56,0.604396,1,0.52381,0.936682,0,2.04177,0.999999,0,0,1
31980,door_2,4,0.982014,0.777063,2.538,1,1,0,33116,0,0,0,0,420,420,0,0,0,0.734192,0,2.05811,0.999681,0,0,0
32040,door_3,4,0.982014,-0.366801,4.60933,1,1,1,0,266,98,0,364,420,56,0.604396,1,0.52381,0.936618,0,2.04177,0.999999,0,0,1
32040,door_2,4,0.982014,0.777063,2.538,1,1,0,33184,0,0,0,0,420,420,0,0,0,0.734192,0,2.05811,0.999681,0,0,0
32100,door_3,4,0.982014,-0.368887,4.60936,1,1,1,0,266,98,0,364,420,56,0.604396,1,0.52381,0.93673,0,2.04177,0.999999,0,0,1
32100,door_2,4,0.982014,0.777063,2.538,1,1,0,33251,0,0,0,0,420,420,0,0,0,0.734192,0,2.05811,0.999681,0,0,0
32160,door_3,4,0.982014,-0.366636,4.60933,1,1,1,1,266,98,51.3333,364,420,56,0.604396,1,0.52381,0.93661,0,2.04177,0.999999,0,0,0
32160,door_2,4,0.982014,0.777063,2.538,1,1,0,33314,0,0,0,0,420,420,0,0,0,0.734192,0,2.05811,0.999681,0,0,0
32220,door_3,4,0.982014,-0.369989,4.60938,1,1,1,0,266,98,0,364,420,56,0.604396,1,0.52381,0.936789,0,2.04177,0.999999,0,0,1
32220,door_2,4,0.982014,0.777063,2.538,1,1,0,33381,0,0,0,0,420,420,0,0,0,0.734192,0,2.05811,0.999681,0,0,0
32280,door_3,4,0.982014,-0.366938,4.60933,1,1,1,1,266,98,51.3333,364,420,56,0.604396,1,0.52381,0.936626,0,2.04177,0.999999,0,0,0
32280,door_2,4,0.982014,0.777063,2.538,1,1,0,33453,0,0,0,0,420,420,0,0,0,0.734193,0,2.05811,0.999681,0,0,0
32340,door_3,4,0.982014,-0.371233,4.6094,1,1,1,0,266,98,0,364,420,56,0.604396,1,0.52381,0.936855,0,2.04177,0.999999,0,0,1
32340,door_2,4,0.982014,0.777063,2.538,1,1,0,33518,0,0,0,0,420,420,0,0,0,0.734193,0,2.05811,0.999681,0,0,0
32400,door_3,4,0.982014,-0.369963,4.60938,1,1,1,0,266,98,0,364,420,56,0.604396,1,0.52381,0.936788,0,2.04177,0.999999,0,0,1
32400,door_2,4,0.982014,0.777063,2.538,1,1,0,33583,0,0,0,0,420,420,0,0,0,0.734193,0,2.05811,0.999681,0,0,0
32460,door_3,4,0.982014,-0.367303,4.60934,1,1,1,0,266,98,0,364,420,56,0.604396,1,0.52381,0.936646,0,2.04177,0.999999,0,0,1
32460,door_2,4,0.982014,0.777063,2.538,1,1,0,33649,0,0,0,0,420,420,0,0,0,0.734193,0,2.05811,0.999681,0,0,0
32520,door_3,4,0.982014,-0.366054,4.60932,1,1,1,0,266,98,0,364,420,56,0.604396,1,0.52381,0.93658,0,2.04177,0.999999,0,0,1
32520,door_2,4,0.982014,0.777063,2.538,1,1,0,33710,0,0,0,0,420,420,0,0,0,0.734194,0,2.05811,0.999681,0,0,0
32580,door_3,4,0.982014,-0.373124,4.60943,1,1,1,0,266,98,0,364,420,56,0.604396,1,0.52381,0.936956,0,2.04177,0.999999,0,0,1
32580,door_2,4,0.982014,0.777063,2.538,1,1,0,33780,0,0,0,0,420,420,0,0,0,0.734194,0,2.05811,0.999681,0,0,0
32640,door_3,4,0.982014,-0.369397,4.60937,1,1,1,1,266,98,51.3333,364,420,56,0.604396,1,0.52381,0.936758,0,2.04177,0.999999,0,0,0
32640,door_2,4,0.982014,0.777063,2.538,1,1,0,33846,0,0,0,0,420,420,0,0,0,0.734194,0,2.05811,0.999681,0,0,0
32700,door_3,4,0.982014,-0.367993,4.60935,1,1,1,0,266,98,0,364,420,56,0.604396,1,0.52381,0.936683,0,2.04177,0.999999,0,0,1
32700,door_2,4,0.982014,0.777063,2.538,1,1,0,33911,0,0,0,0,420,420,0,0,0,0.734194,0,2.05811,0.999681,0,0,0
32760,door_3,4,0.982014,-0.370037,4.60938,1,1,1,0,266,98,0,364,420,56,0.604396,1,0.52381,0.936792,0,2.04177,0.999999,0,0,1
32760,door_2,4,0.982014,0.777063,2.538,1,1,0,33976,0,0,0,0,420,420,0,0,0,0.734194,0,2.05811,0.999681,0,0,0
32820,door_3,4,0.982014,-0.374279,4.60944,1,1,1,0,266,98,0,364,420,56,0.604396,1,0.52381,0.937018,0,2.04177,0.999999,0,0,1
32820,door_2,4,0.982014,0.777063,2.538,1,1,0,34044,0,0,0,0,420,420,0,0,0,0.734194,0,2.05811,0.999681,0,0,0
32880,door_3,4,0.982014,-0.368329,4.60936,1,1,1,0,266,98,0,364,420,56,0.604396,1,0.52381,0.936702,0,2.04177,0.999999,0,0,1
32880,door_2,4,0.982014,0.777063,2.538,1,1,0,34109,0,0,0,0,420,420,0,0,0,0.734194,0,2.05811,0.999681,0,0,0
32940,door_3,4,0.982014,-0.369875,4.60938,1,1,1,0,266,98,0,364,420,56,0.604396,1,0.52381,0.936784,0,2.04177,0.999999,0,0,1
32940,door_2,4,0.982014,0.777063,2.538,1,1,0,34173,0,0,0,0,420,420,0,0,0,0.734194,0,2.05811,0.999681,0,0,0
33000,door_3,4,0.982014,-0.370163,4.60938,1,1,1,0,266,98,0,364,420,56,0.604396,1,0.52381,0.936799,0,2.04177,0.999999,0,0,1
33000,door_2,4,0.982014,0.777063,2.538,1,1,0,34238,0,0,0,0,420,420,0,0,0,0.734194,0,2.05811,0.999681,0,0,0
33060,door_3,4,0.982014,-0.370216,4.60938,1,1,1,0,266,98,0,364,420,56,0.604396,1,0.52381,0.936802,0,2.04177,0.999999,0,0,1
33060,door_2,4,0.982014,0.777063,2.538,1,1,0,34304,0,0,0,0,420,420,0,0,0,0.734194,0,2.05811,0.999681,0,0,0
33120,door_3,4,0.982014,-0.368062,4.60935,1,1,1,0,266,98,0,364,420,56,0.604396,1,0.52381,0.936687,0,2.04177,0.999999,0,0,1
33120,door_2,4,0.982014,0.777063,2.538,1,1,0,34370,0,0,0,0,420,420,0,0,0,0.734194,0,2.05811,0.999681,0,0,0
33180,door_3,4,0.982014,-0.366572,4.60933,1,1,1,0,266,98,0,364,420,56,0.604396,1,0.52381,0.936608,0,2.04177,0.999999,0,0,1
33180,door_2,4,0.982014,0.777063,2.538,1,1,0,34437,0,0,0,0,420,420,0,0,0,0.734194,0,2.05811,0.999681,0,0,0
33240,door_3,4,0.982014,-0.365089,4.60931,1,1,1,0,266,98,0,364,420,56,0.604396,1,0.52381,0.936529,0,2.04177,0.999999,0,0,1
33240,door_2,4,0.982014,0.777063,2.538,1,1,0,34506,0,0,0,0,420,420,0,0,0,0.734194,0,2.05811,0.999681,0,0,0
33300,door_3,4,0.982014,-0.368225,4.60935,1,1,1,0,266,98,0,364,420,56,0.604396,1,0.52381,0.936696,0,2.04177,0.999999,0,0,1
33300,door_2,4,0.982014,0.777063,2.538,1,1,0,34573,0,0,0,0,420,420,0,0,0,0.734195,0,2.05811,0.999681,0,0,0
33360,door_3,4,0.982014,-0.366428,4.60933,1,1,1,0,266,98,0,364,420,56,0.604396,1,0.52381,0.936601,0,2.04177,0.999999,0,0,1
33360,door_2,4,0.982014,0.777063,2.538,1,1,0,34641,0,0,0,0,420,420,0,0,0,0.734195,0,2.05811,0.999681,0,0,0
33420,door_3,4,0.982014,-0.371401,4.6094,1,1,1,0,266,98,0,364,420,56,0.604396,1,0.52381,0.936866,0,2.04177,0.999999,0,0,1
33420,door_2,4,0.982014,0.777063,2.538,1,1,0,34706,0,0,0,0,420,420,0,0,0,0.734195,0,2.05811,0.999681,0,0,0
33480,door_3,4,0.982014,-0.367462,4.60934,1,1,1,0,266,98,0,364,420,56,0.604396,1,0.52381,0.936656,0,2.04177,0.999999,0,0,1
33480,door_2,4,0.982014,0.777063,2.538,1,1,0,34773,0,0,0,0,420,420,0,0,0,0.734195,0,2.05811,0.999681,0,0,0
33540,door_3,4,0.982014,-0.366991,4.60934,1,1,1,0,266,98,0,364,420,56,0.604396,1,0.52381,0.936631,0,2.04177,0.999999,0,0,1
33540,door_2,4,0.982014,0.777063,2.538,1,1,0,34843,0,0,0,0,420,420,0,0,0,0.734196,0,2.05811,0.999681,0,0,0
33600,door_3,4,0.982014,-0.367426,4.60934,1,1,1,0,266,98,0,364,420,56,0.604396,1,0.52381,0.936655,0,2.04177,0.999999,0,0,1
33600,door_2,4,0.982014,0.777063,2.538,1,1,0,34908,0,0,0,0,420,420,0,0,0,0.734196,0,2.05811,0.999681,0,0,0
33660,door_3,4,0.982014,-0.369626,4.60938,1,1,1,0,266,98,0,364,420,56,0.604396,1,0.52381,0.936772,0,2.04177,0.999999,0,0,1
33660,door_2,4,0.982014,0.777063,2.538,1,1,0,34977,0,0,0,0,420,420,0,0,0,0.734196,0,2.05811,0.999681,0,0,0
33720,door_3,4,0.982014,-0.369322,4.60937,1,1,1,0,266,98,0,364,420,56,0.604396,1,0.52381,0.936756,0,2.04177,0.999999,0,0,1
33720,door_2,4,0.982014,0.777063,2.538,1,1,0,35045,0,0,0,0,420,420,0,0,0,0.734197,0,2.05811,0.999681,0,0,0
33780,door_3,4,0.982014,-0.368302,4.60936,1,1,1,0,266,98,0,364,420,56,0.604396,1,0.52381,0.936702,0,2.04177,0.999999,0,0,1
33780,door_2,4,0.982014,0.777063,2.538,1,1,0,35112,0,0,0,0,420,420,0,0,0,0.734197,0,2.05811,0.999681,0,0,0
33840,door_3,4,0.982014,-0.370307,4.60939,1,1,1,1,266,98,51.3333,364,420,56,0.604396,1,0.52381,0.936809,0,2.04177,0.999999,0,0,0
33840,door_2,4,0.982014,0.777063,2.538,1,1,0,35179,0,0,0,0,420,420,0,0,0,0.734197,0,2.05811,0.999681,0,0,0
33900,door_3,4,0.982014,-0.369343,4.60937,1,1,1,0,266,98,0,364,420,56,0.604396,1,0.52381,0.936758,0,2.04177,0.999999,0,0,1
33900,door_2,4,0.982014,0.777063,2.538,1,1,0,35245,0,0,0,0,420,420,0,0,0,0.734198,0,2.05811,0.999681,0,0,0
33960,door_3,4,0.982014,-0.36946,4.60937,1,1,1,0,266,98,0,364,420,56,0.604396,1,0.52381,0.936765,0,2.04177,0.999999,0,0,1
33960,door_2,4,0.982014,0.777063,2.538,1,1,0,35310,0,0,0,0,420,420,0,0,0,0.734198,0,2.05811,0.999681,0,0,0
34020,door_3,4,0.982014,-0.368651,4.60936,1,1,1,1,266,98,51.3333,364,420,56,0.604396,1,0.52381,0.936722,0,2.04177,0.999999,0,0,0
34020,door_2,4,0.982014,0.777063,2.538,1,1,0,35378,0,0,0,0,420,420,0,0,0,0.734199,0,2.05811,0.999681,0,0,0
34080,door_3,4,0.982014,-0.367301,4.60934,1,1,1,0,266,98,0,364,420,56,0.604396,1,0.52381,0.93665,0,2.04177,0.999999,0,0,1
34080,door_2,4,0.982014,0.777063,2.538,1,1,0,35444,0,0,0,0,420,420,0,0,0,0.734199,0,2.05811,0.999681,0,0,0
34140,door_3,4,0.982014,-0.371405,4.6094,1,1,1,0,266,98,0,364,420,56,0.604396,1,0.52381,0.936869,0,2.04177,0.999999,0,0,1
34140,door_2,4,0.982014,0.777063,2.538,1,1,0,35509,0,0,0,0,420,420,0,0,0,0.734199,0,2.05811,0.999681,0,0,0
34200,door_3,4,0.982014,-0.370663,4.60939,1,1,1,0,266,98,0,364,420,56,0.604396,1,0.52381,0.936829,0,2.04177,0.999999,0,0,1
34200,door_2,4,0.982014,0.777063,2.538,1,1,0,35577,0,0,0,0,420,420,0,0,0,0.734199,0,2.05811,0.999681,0,0,0
34260,door_3,4,0.982014,-0.370515,4.60939,1,1,1,0,266,98,0,364,420,56,0.604396,1,0.52381,0.936822,0,2.04177,0.999999,0,0,1
34260,door_2,4,0.982014,0.777063,2.538,1,1,0,35646,0,0,0,0,420,420,0,0,0,0.734199,0,2.05811,0.999681,0,0,0
34320,door_3,4,0.982014,-0.368664,4.60936,1,1,1,0,266,98,0,364,420,56,0.604396,1,0.52381,0.936723,0,2.04177,0.999999,0,0,1
34320,door_2,4,0.982014,0.777063,2.538,1,1,0,35714,0,0,0,0,420,420,0,0,0,0.7342,0,2.05811,0.999681,0,0,0
34380,door_3,4,0.982014,-0.368302,4.60936,1,1,1,0,266,98,0,364,420,56,0.604396,1,0.52381,0.936704,0,2.04177,0.999999,0,0,1
34380,door_2,4,0.982014,0.777063,2.538,1,1,0,35782,0,0,0,0,420,420,0,0,0,0.7342,0,2.05811,0.999681,0,0,0
34440,door_3,4,0.982014,-0.367756,4.60935,1,1,1,0,266,98,0,364,420,56,0.604396,1,0.52381,0.936675,0,2.04177,0.999999,0,0,1
34440,door_2,4,0.982014,0.777063,2.538,1,1,0,35847,0,0,0,0,420,420,0,0,0,0.7342,0,2.05811,0.999681,0,0,0
34500,door_3,4,0.982014,-0.366719,4.60933,1,1,1,0,266,98,0,364,420,56,0.604396,1,0.52381,0.93662,0,2.04177,0.999999,0,0,1
34500,door_2,4,0.982014,0.777063,2.538,1,1,0,35915,0,0,0,0,420,420,0,0,0,0.7342,0,2.05811,0.999681,0,0,0
34560,door_3,4,0.982014,-0.368051,4.60935,1,1,1,0,266,98,0,364,420,56,0.604396,1,0.52381,0.936691,0,2.04177,0.999999,0,0,1
34560,door_2,4,0.982014,0.777063,2.538,1,1,0,35983,0,0,0,0,420,420,0,0,0,0.7342,0,2.05811,0.999681,0,0,0
34620,door_3,4,0.982014,-0.366679,4.60933,1,1,1,0,266,98,0,364,420,56,0.604396,1,0.52381,0.936618,0,2.04177,0.999999,0,0,1
34620,door_2,4,0.982014,0.777063,2.538,1,1,0,36053,0,0,0,0,420,420,0,0,0,0.734201,0,2.05811,0.999681,0,0,0
34680,door_3,4,0.982014,-0.366709,4.60933,1,1,1,0,266,98,0,364,420,56,0.604396,1,0.52381,0.93662,0,2.04177,0.999999,0,0,1
34680,door_2,4,0.982014,0.777063,2.538,1,1,0,36120,0,0,0,0,420,420,0,0,0,0.734201,0,2.05811,0.999681,0,0,0
34740,door_3,4,0.982014,-0.36742,4.60934,1,1,1,0,266,98,0,364,420,56,0.604396,1,0.52381,0.936658,0,2.04177,0.999999,0,0,1
34740,door_2,4,0.982014,0.777063,2.538,1,1,0,36187,0,0,0,0,420,420,0,0,0,0.734201,0,2.05811,0.999681,0,0,0
34800,door_3,4,0.982014,-0.366509,4.60933,1,1,1,0,266,98,0,364,420,56,0.604396,1,0.52381,0.936609,0,2.04177,0.999999,0,0,1
34800,door_2,4,0.982014,0.777063,2.538,1,1,0,36258,0,0,0,0,420,420,0,0,0,0.734201,0,2.05811,0.999681,0,0,0
34860,door_3,4,0.982014,-0.371409,4.6094,1,1,1,0,266,98,0,364,420,56,0.604396,1,0.52381,0.93687,0,2.04177,0.999999,0,0,1
34860,door_2,4,0.982014,0.777063,2.538,1,1,0,36328,0,0,0,0,420,420,0,0,0,0.734201,0,2.05811,0.999681,0,0,0
34920,door_3,4,0.982014,-0.366789,4.60933,1,1,1,0,266,98,0,364,420,56,0.604396,1,0.52381,0.936624,0,2.04177,0.999999,0,0,1
34920,door_2,4,0.982014,0.777063,2.538,1,1,0,36397,0,0,0,0,420,420,0,0,0,0.734201,0,2.05811,0.999681,0,0,0
34980,door_3,4,0.982014,-0.371182,4.6094,1,1,1,0,266,98,0,364,420,56,0.604396,1,0.52381,0.936858,0,2.04177,0.999999,0,0,1
34980,door_2,4,0.982014,0.777063,2.538,1,1,0,36469,0,0,0,0,420,420,0,0,0,0.734201,0,2.05811,0.999681,0,0,0
35040,door_3,4,0.982014,-0.370304,4.60939,1,1,1,0,266,98,0,364,420,56,0.604396,1,0.52381,0.936812,0,2.04177,0.999999,0,0,1
35040,door_2,4,0.982014,0.777063,2.538,1,1,0,36540,0,0,0,0,420,420,0,0,0,0.734202,0,2.05811,0.999681,0,0,0
35100,door_3,4,0.982014,-0.367783,4.60935,1,1,1,1,266,98,51.3333,364,420,56,0.604396,1,0.52381,0.936678,0,2.04177,0.999999,0,0,0
35100,door_2,4,0.982014,0.777063,2.538,1,1,0,36608,0,0,0,0,420,420,0,0,0,0.734202,0,2.05811,0.999681,0,0,0
35160,door_3,4,0.982014,-0.368943,4.60936,1,1,1,0,266,98,0,364,420,56,0.604396,1,0.52381,0.93674,0,2.04177,0.999999,0,0,1
35160,door_2,4,0.982014,0.777063,2.538,1,1,0,36673,0,0,0,0,420,420,0,0,0,0.734202,0,2.05811,0.999681,0,0,0
35220,door_3,4,0.982014,-0.370287,4.60939,1,1,1,0,266,98,0,364,420,56,0.604396,1,0.52381,0.936811,0,2.04177,0.999999,0,0,1
35220,door_2,4,0.982014,0.777063,2.538,1,1,0,36742,0,0,0,0,420,420,0,0,0,0.734202,0,2.05811,0.999681,0,0,0
35280,door_3,4,0.982014,-0.371283,4.6094,1,1,1,1,266,98,51.3333,364,420,56,0.604396,1,0.52381,0.936865,0,2.04177,0.999999,0,0,0
35280,door_2,4,0.982014,0.777063,2.538,1,1,0,36809,0,0,0,0,420,420,0,0,0,0.734203,0,2.05811,0.999681,0,0,0
35340,door_3,4,0.982014,-0.36491,4.6093,1,1,1,0,266,98,0,364,420,56,0.604396,1,0.52381,0.936525,0,2.04177,0.999999,0,0,1
35340,door_2,4,0.982014,0.777063,2.538,1,1,0,36875,0,0,0,0,420,420,0,0,0,0.734203,0,2.05811,0.999681,0,0,0
35400,door_3,4,0.982014,-0.36821,4.60935,1,1,1,0,266,98,0,364,420,56,0.604396,1,0.52381,0.936701,0,2.04177,0.999999,0,0,1
35400,door_2,4,0.982014,0.777063,2.538,1,1,0,36943,0,0,0,0,420,420,0,0,0,0.734203,0,2.05811,0.999681,0,0,0
35460,door_3,4,0.982014,-0.367841,4.60935,1,1,1,0,266,98,0,364,420,56,0.604396,1,0.52381,0.936682,0,2.04177,0.999999,0,0,1
35460,door_2,4,0.982014,0.777063,2.538,1,1,0,37009,0,0,0,0,420,420,0,0,0,0.734203,0,2.05811,0.999681,0,0,0
35520,door_3,4,0.982014,-0.368639,4.60936,1,1,1,0,266,98,0,364,420,56,0.604396,1,0.52381,0.936725,0,2.04177,0.999999,0,0,1
35520,door_2,4,0.982014,0.777063,2.538,1,1,0,37073,0,0,0,0,420,420,0,0,0,0.734204,0,2.05811,0.999681,0,0,0
35580,door_3,4,0.982014,-0.367327,4.60934,1,1,1,0,266,98,0,364,420,56,0.604396,1,0.52381,0.936655,0,2.04177,0.999999,0,0,1
35580,door_2,4,0.982014,0.777063,2.538,1,1,0,37141,0,0,0,0,420,420,0,0,0,0.734204,0,2.05811,0.999681,0,0,0
35640,door_3,4,0.982014,-0.36933,4.60937,1,1,1,0,266,98,0,364,420,56,0.604396,1,0.52381,0.936762,0,2.04177,0.999999,0,0,1
35640,door_2,4,0.982014,0.777063,2.538,1,1,0,37210,0,0,0,0,420,420,0,0,0,0.734204,0,2.05811,0.999681,0,0,0
35700,door_3,4,0.982014,-0.370012,4.60938,1,1,1,0,266,98,0,364,420,56,0.604396,1,0.52381,0.936799,0,2.04177,0.999999,0,0,1
35700,door_2,4,0.982014,0.777063,2.538,1,1,0,37282,0,0,0,0,420,420,0,0,0,0.734205,0,2.05811,0.999681,0,0,0
35760,door_3,4,0.982014,-0.366755,4.60933,1,1,1,0,266,98,0,364,420,56,0.604396,1,0.52381,0.936625,0,2.04177,0.999999,0,0,1
35760,door_2,4,0.982014,0.777063,2.538,1,1,0,37348,0,0,0,0,420,420,0,0,0,0.734205,0,2.05811,0.999681,0,0,0
35820,door_3,4,0.982014,-0.372173,4.60941,1,1,1,0,266,98,0,364,420,56,0.604396,1,0.52381,0.936914,0,2.04177,0.999999,0,0,1
35820,door_2,4,0.982014,0.777063,2.538,1,1,0,37415,0,0,0,0,420,420,0,0,0,0.734205,0,2.05811,0.999681,0,0,0
35880,door_3,4,0.982014,-0.367816,4.60935,1,1,1,0,266,98,0,364,420,56,0.604396,1,0.52381,0.936682,0,2.04177,0.999999,0,0,1
35880,door_2,4,0.982014,0.777063,2.538,1,1,0,37482,0,0,0,0,420,420,0,0,0,0.734205,0,2.05811,0.999681,0,0,0
35940,door_3,4,0.982014,-0.370073,4.60938,1,1,1,0,266,98,0,364,420,56,0.604396,1,0.52381,0.936803,0,2.04177,0.999999,0,0,1
35940,door_2,4,0.982014,0.777063,2.538,1,1,0,37552,0,0,0,0,420,420,0,0,0,0.734206,0,2.05811,0.999681,0,0,0
36000,door_3,4,0.982014,-0.371686,4.60941,1,1,1,0,266,98,0,364,420,56,0.604396,1,0.52381,0.936889,0,2.04177,0.999999,0,0,1
36000,door_2,4,0.982014,0.777063,2.538,1,1,0,37614,0,0,0,0,420,420,0,0,0,0.734206,0,2.05811,0.999681,0,0,0
36060,door_3,4,0.982014,-0.370205,4.60938,1,1,1,1,266,98,51.3333,364,420,56,0.604396,1,0.52381,0.93681,0,2.04177,0.999999,0,0,0
36060,door_2,4,0.982014,0.777063,2.538,1,1,0,37682,0,0,0,0,420,420,0,0,0,0.734206,0,2.05811,0.999681,0,0,0
36120,door_3,4,0.982014,-0.369975,4.60938,1,1,1,0,266,98,0,364,420,56,0.604396,1,0.52381,0.936797,0,2.04177,0.999999,0,0,1
36120,door_2,4,0.982014,0.777063,2.538,1,1,0,37746,0,0,0,0,420,420,0,0,0,0.734206,0,2.05811,0.999681,0,0,0
36180,door_3,4,0.982014,-0.366138,4.60932,1,1,1,0,266,98,0,364,420,56,0.604396,1,0.52381,0.936593,0,2.04177,0.999999,0,0,1
36180,door_2,4,0.982014,0.777063,2.538,1,1,0,37812,0,0,0,0,420,420,0,0,0,0.734206,0,2.05811,0.999681,0,0,0
36240,door_3,4,0.982014,-0.368424,4.60936,1,1,1,0,266,98,0,364,420,56,0.604396,1,0.52381,0.936715,0,2.04177,0.999999,0,0,1
36240,door_2,4,0.982014,0.777063,2.538,1,1,0,37879,0,0,0,0,420,420,0,0,0,0.734206,0,2.05811,0.999681,0,0,0
36300,door_3,4,0.982014,-0.369579,4.60937,1,1,1,1,266,98,51.3333,364,420,56,0.604396,1,0.52381,0.936777,0,2.04177,0.999999,0,0,0
36300,door_2,4,0.982014,0.777063,2.538,1,1,0,37943,0,0,0,0,420,420,0,0,0,0.734206,0,2.05811,0.999681,0,0,0
36360,door_3,4,0.982014,-0.369426,4.60937,1,1,1,0,266,98,0,364,420,56,0.604396,1,0.52381,0.936769,0,2.04177,0.999999,0,0,1
36360,door_2,4,0.982014,0.777063,2.538,1,1,0,38010,0,0,0,0,420,420,0,0,0,0.734206,0,2.05811,0.999681,0,0,0
36420,door_3,4,0.982014,-0.369862,4.60938,1,1,1,0,266,98,0,364,420,56,0.604396,1,0.52381,0.936792,0,2.04177,0.999999,0,0,1
36420,door_2,4,0.982014,0.777063,2.538,1,1,0,38075,0,0,0,0,420,420,0,0,0,0.734206,0,2.05811,0.999681,0,0,0
36480,door_3,4,0.982014,-0.36525,4.60931,1,1,1,0,266,98,0,364,420,56,0.604396,1,0.52381,0.936546,0,2.04177,0.999999,0,0,1
36480,door_2,4,0.982014,0.777063,2.538,1,1,0,38139,0,0,0,0,420,420,0,0,0,0.734207,0,2.05811,0.999681,0,0,0
36540,door_3,4,0.982014,-0.366332,4.60933,1,1,1,0,266,98,0,364,420,56,0.604396,1,0.52381,0.936604,0,2.04177,0.999999,0,0,1
36540,door_2,4,0.982014,0.777063,2.538,1,1,0,38207,0,0,0,0,420,420,0,0,0,0.734207,0,2.05811,0.999681,0,0,0
36600,door_3,4,0.982014,-0.369477,4.60937,1,1,1,0,266,98,0,364,420,56,0.604396,1,0.52381,0.936772,0,2.04177,0.999999,0,0,1
36600,door_2,4,0.982014,0.777063,2.538,1,1,0,38273,0,0,0,0,420,420,0,0,0,0.734207,0,2.05811,0.999681,0,0,0
36660,door_3,4,0.982014,-0.367367,4.60934,1,1,1,0,266,98,0,364,420,56,0.604396,1,0.52381,0.93666,0,2.04177,0.999999,0,0,1
36660,door_2,4,0.982014,0.777063,2.538,1,1,0,38337,0,0,0,0,420,420,0,0,0,0.734208,0,2.05811,0.999681,0,0,0
36720,door_3,4,0.982014,-0.368927,4.60936,1,1,1,0,266,98,0,364,420,56,0.604396,1,0.52381,0.936743,0,2.04177,0.999999,0,0,1
36720,door_2,4,0.982014,0.777063,2.538,1,1,0,38403,0,0,0,0,420,420,0,0,0,0.734208,0,2.05811,0.999681,0,0,0
36780,door_3,4,0.982014,-0.368886,4.60936,1,1,1,0,266,98,0,364,420,56,0.604396,1,0.52381,0.936741,0,2.04177,0.999999,0,0,1
36780,door_2,4,0.982014,0.777063,2.538,1,1,0,38472,0,0,0,0,420,420,0,0,0,0.734208,0,2.05811,0.999681,0,0,0
36840,door_3,4,0.982014,-0.364826,4.6093,1,1,1,0,266,98,0,364,420,56,0.604396,1,0.52381,0.936525,0,2.04177,0.999999,0,0,1
36840,door_2,4,0.982014,0.777063,2.538,1,1,0,38540,0,0,0,0,420,420,0,0,0,0.734208,0,2.05811,0.999681,0,0,0
36900,door_3,4,0.982014,-0.371208,4.6094,1,1,1,0,266,98,0,364,420,56,0.604396,1,0.52381,0.936865,0,2.04177,0.999999,0,0,1
36900,door_2,4,0.982014,0.777063,2.538,1,1,0,38603,0,0,0,0,420,420,0,0,0,0.734209,0,2.05811,0.999681,0,0,0
36960,door_3,4,0.982014,-0.369325,4.60937,1,1,1,0,266,98,0,364,420,56,0.604396,1,0.52381,0.936765,0,2.04177,0.999999,0,0,1
36960,door_2,4,0.982014,0.777063,2.538,1,1,0,38668,0,0,0,0,420,420,0,0,0,0.734209,0,2.05811,0.999681,0,0,0
37020,door_3,4,0.982014,-0.368486,4.60936,1,1,1,0,266,98,0,364,420,56,0.604396,1,0.52381,0.93672,0,2.04177,0.999999,0,0,1
37020,door_2,4,0.982014,0.777063,2.538,1,1,0,38733,0,0,0,0,420,420,0,0,0,0.734209,0,2.05811,0.999681,0,0,0
37080,door_3,4,0.982014,-0.371368,4.6094,1,1,1,0,266,98,0,364,420,56,0.604396,1,0.52381,0.936874,0,2.04177,0.999999,0,0,1
37080,door_2,4,0.982014,0.777063,2.538,1,1,0,38803,0,0,0,0,420,420,0,0,0,0.73421,0,2.05811,0.999681,0,0,0
37140,door_3,4,0.982014,-0.37112,4.6094,1,1,1,0,266,98,0,364,420,56,0.604396,1,0.52381,0.936861,0,2.04177,0.999999,0,0,1
37140,door_2,4,0.982014,0.777063,2.538,1,1,0,38868,0,0,0,0,420,420,0,0,0,0.73421,0,2.05811,0.999681,0,0,0
37200,door_3,4,0.982014,-0.36519,4.60931,1,1,1,0,266,98,0,364,420,56,0.604396,1,0.52381,0.936545,0,2.04177,0.999999,0,0,1
37200,door_2,4,0.982014,0.777063,2.538,1,1,0,38940,0,0,0,0,420,420,0,0,0,0.73421,0,2.05811,0.999681,0,0,0
37260,door_3,4,0.982014,-0.368139,4.60935,1,1,1,0,266,98,0,364,420,56,0.604396,1,0.52381,0.936702,0,2.04177,0.999999,0,0,1
37260,door_2,4,0.982014,0.777063,2.538,1,1,0,39005,0,0,0,0,420,420,0,0,0,0.73421,0,2.05811,0.999681,0,0,0
37320,door_3,4,0.982014,-0.369756,4.60938,1,1,1,0,266,98,0,364,420,56,0.604396,1,0.52381,0.936789,0,2.04177,0.999999,0,0,1
37320,door_2,4,0.982014,0.777063,2.538,1,1,0,39074,0,0,0,0,420,420,0,0,0,0.734211,0,2.05811,0.999681,0,0,0
37380,door_3,4,0.982014,-0.369798,4.60938,1,1,1,0,266,98,0,364,420,56,0.604396,1,0.52381,0.936791,0,2.04177,0.999999,0,0,1
37380,door_2,4,0.982014,0.777063,2.538,1,1,0,39141,0,0,0,0,420,420,0,0,0,0.734211,0,2.05811,0.999681,0,0,0
37440,door_3,4,0.982014,-0.369996,4.60938,1,1,1,0,266,98,0,364,420,56,0.604396,1,0.52381,0.936802,0,2.04177,0.999999,0,0,1
37440,door_2,4,0.982014,0.777063,2.538,1,1,0,39203,0,0,0,0,420,420,0,0,0,0.734211,0,2.05811,0.999681,0,0,0
37500,door_3,4,0.982014,-0.370872,4.60939,1,1,1,0,266,98,0,364,420,56,0.604396,1,0.52381,0.936849,0,2.04177,0.999999,0,0,1
37500,door_2,4,0.982014,0.777063,2.538,1,1,0,39271,0,0,0,0,420,420,0,0,0,0.734211,0,2.05811,0.999681,0,0,0
37560,door_3,4,0.982014,-0.367922,4.60935,1,1,1,0,266,98,0,364,420,56,0.604396,1,0.52381,0.936692,0,2.04177,0.999999,0,0,1
37560,door_2,4,0.982014,0.777063,2.538,1,1,0,39338,0,0,0,0,420,420,0,0,0,0.734212,0,2.05811,0.999681,0,0,0
37620,door_3,4,0.982014,-0.368692,4.60936,1,1,1,0,266,98,0,364,420,56,0.604396,1,0.52381,0.936733,0,2.04177,0.999999,0,0,1
37620,door_2,4,0.982014,0.777063,2.538,1,1,0,39405,0,0,0,0,420,420,0,0,0,0.734212,0,2.05811,0.999681,0,0,0
37680,door_3,4,0.982014,-0.366516,4.60933,1,1,1,0,266,98,0,364,420,56,0.604396,1,0.52381,0.936617,0,2.04177,0.999999,0,0,1
37680,door_2,4,0.982014,0.777063,2.538,1,1,0,39469,0,0,0,0,420,420,0,0,0,0.734212,0,2.05811,0.999681,0,0,0
37740,door_3,4,0.982014,-0.366906,4.60933,1,1,1,0,266,98,0,364,420,56,0.604396,1,0.52381,0.936638,0,2.04177,0.999999,0,0,1
37740,door_2,4,0.982014,0.777063,2.538,1,1,0,39535,0,0,0,0,420,420,0,0,0,0.734212,0,2.05811,0.999681,0,0,0
37800,door_3,4,0.982014,-0.370019,4.60938,1,1,1,0,266,98,0,364,420,56,0.604396,1,0.52381,0.936804,0,2.04177,0.999999,0,0,1
37800,door_2,4,0.982014,0.777063,2.538,1,1,0,39600,0,0,0,0,420,420,0,0,0,0.734212,0,2.05811,0.999681,0,0,0
37860,door_3,4,0.982014,-0.372188,4.60941,1,1,1,0,266,98,0,364,420,56,0.604396,1,0.52381,0.936919,0,2.04177,0.999999,0,0,1
37860,door_2,4,0.982014,0.777063,2.538,1,1,0,39667,0,0,0,0,420,420,0,0,0,0.734212,0,2.05811,0.999681,0,0,0
37920,door_3,4,0.982014,-0.369818,4.60938,1,1,1,0,266,98,0,364,420,56,0.604396,1,0.52381,0.936793,0,2.04177,0.999999,0,0,1
37920,door_2,4,0.982014,0.777063,2.538,1,1,0,39733,0,0,0,0,420,420,0,0,0,0.734212,0,2.05811,0.999681,0,0,0
37980,door_3,4,0.982014,-0.366656,4.60933,1,1,1,0,266,98,0,364,420,56,0.604396,1,0.52381,0.936625,0,2.04177,0.999999,0,0,1
37980,door_2,4,0.982014,0.777063,2.538,1,1,0,39800,0,0,0,0,420,420,0,0,0,0.734212,0,2.05811,0.999681,0,0,0
38040,door_3,4,0.982014,-0.367031,4.60934,1,1,1,1,266,98,51.3333,364,420,56,0.604396,1,0.52381,0.936645,0,2.04177,0.999999,0,0,0
38040,door_2,4,0.982014,0.777063,2.538,1,1,0,39865,0,0,0,0,420,420,0,0,0,0.734212,0,2.05811,0.999681,0,0,0
38100,door_3,4,0.982014,-0.364887,4.6093,1,1,1,0,266,98,0,364,420,56,0.604396,1,0.52381,0.93653,0,2.04177,0.999999,0,0,1
38100,door_2,4,0.982014,0.777063,2.538,1,1,0,39935,0,0,0,0,420,420,0,0,0,0.734212,0,2.05811,0.999681,0,0,0
38160,door_3,4,0.982014,-0.370041,4.60938,1,1,1,0,266,98,0,364,420,56,0.604396,1,0.52381,0.936805,0,2.04177,0.999999,0,0,1
38160,door_2,4,0.982014,0.777063,2.538,1,1,0,40000,0,0,0,0,420,420,0,0,0,0.734212,0,2.05811,0.999681,0,0,0
38220,door_3,4,0.982014,-0.366817,4.60933,1,1,1,0,266,98,0,364,420,56,0.604396,1,0.52381,0.936633,0,2.04177,0.999999,0,0,1
38220,door_2,4,0.982014,0.777063,2.538,1,1,0,40068,0,0,0,0,420,420,0,0,0,0.734212,0,2.05811,0.999681,0,0,0
38280,door_3,4,0.982014,-0.367708,4.60935,1,1,1,1,266,98,51.3333,364,420,56,0.604396,1,0.52381,0.936681,0,2.04177,0.999999,0,0,0
38280,door_2,4,0.982014,0.777063,2.538,1,1,0,40134,0,0,0,0,420,420,0,0,0,0.734212,0,2.05811,0.999681,0,0,0
38340,door_3,4,0.982014,-0.36831,4.60936,1,1,1,0,266,98,0,364,420,56,0.604396,1,0.52381,0.936713,0,2.04177,0.999999,0,0,1
38340,door_2,4,0.982014,0.777063,2.538,1,1,0,40202,0,0,0,0,420,420,0,0,0,0.734212,0,2.05811,0.999681,0,0,0
38400,door_3,4,0.982014,-0.375128,4.60946,1,1,1,0,266,98,0,364,420,56,0.604396,1,0.52381,0.937076,0,2.04177,0.999999,0,0,1
38400,door_2,4,0.982014,0.777063,2.538,1,1,0,40269,0,0,0,0,420,420,0,0,0,0.734212,0,2.05811,0.999681,0,0,0
38460,door_3,4,0.982014,-0.369827,4.60938,1,1,1,0,266,98,0,364,420,56,0.604396,1,0.52381,0.936794,0,2.04177,0.999999,0,0,1
38460,door_2,4,0.982014,0.777063,2.538,1,1,0,40335,0,0,0,0,420,420,0,0,0,0.734212,0,2.05811,0.999681,0,0,0
38520,door_3,4,0.982014,-0.367775,4.60935,1,1,1,0,266,98,0,364,420,56,0.604396,1,0.52381,0.936685,0,2.04177,0.999999,0,0,1
38520,door_2,4,0.982014,0.777063,2.538,1,1,0,40402,0,0,0,0,420,420,0,0,0,0.734212,0,2.05811,0.999681,0,0,0
38580,door_3,4,0.982014,-0.368398,4.60936,1,1,1,0,266,98,0,364,420,56,0.604396,1,0.52381,0.936718,0,2.04177,0.999999,0,0,1
38580,door_2,4,0.982014,0.777063,2.538,1,1,0,40472,0,0,0,0,420,420,0,0,0,0.734212,0,2.05811,0.999681,0,0,0
38640,door_3,4,0.982014,-0.369575,4.60937,1,1,1,0,266,98,0,364,420,56,0.604396,1,0.52381,0.936781,0,2.04177,0.999999,0,0,1
38640,door_2,4,0.982014,0.777063,2.538,1,1,0,40539,0,0,0,0,420,420,0,0,0,0.734212,0,2.05811,0.999681,0,0,0
38700,door_3,4,0.982014,-0.369919,4.60938,1,1,1,0,266,98,0,364,420,56,0.604396,1,0.52381,0.9368,0,2.04177,0.999999,0,0,1
38700,door_2,4,0.982014,0.777063,2.538,1,1,0,40605,0,0,0,0,420,420,0,0,0,0.734212,0,2.05811,0.999681,0,0,0
38760,door_3,4,0.982014,-0.369649,4.60938,1,1,1,0,266,98,0,364,420,56,0.604396,1,0.52381,0.936785,0,2.04177,0.999999,0,0,1
38760,door_2,4,0.982014,0.777063,2.538,1,1,0,40670,0,0,0,0,420,420,0,0,0,0.734212,0,2.05811,0.999681,0,0,0
38820,door_3,4,0.982014,-0.368966,4.60937,1,1,1,0,266,98,0,364,420,56,0.604396,1,0.52381,0.936749,0,2.04177,0.999999,0,0,1
38820,door_2,4,0.982014,0.777063,2.538,1,1,0,40733,0,0,0,0,420,420,0,0,0,0.734212,0,2.05811,0.999681,0,0,0
38880,door_3,4,0.982014,-0.367229,4.60934,1,1,1,0,266,98,0,364,420,56,0.604396,1,0.52381,0.936656,0,2.04177,0.999999,0,0,1
38880,door_2,4,0.982014,0.777063,2.538,1,1,0,40803,0,0,0,0,420,420,0,0,0,0.734212,0,2.05811,0.999681,0,0,0
38940,door_3,4,0.982014,-0.369768,4.60938,1,1,1,1,266,98,51.3333,364,420,56,0.604396,1,0.52381,0.936792,0,2.04177,0.999999,0,0,0
38940,door_2,4,0.982014,0.777063,2.538,1,1,0,40872,0,0,0,0,420,420,0,0,0,0.734212,0,2.05811,0.999681,0,0,0
39000,door_3,4,0.982014,-0.369399,4.60937,1,1,1,0,266,98,0,364,420,56,0.604396,1,0.52381,0.936772,0,2.04177,0.999999,0,0,1
39000,door_2,4,0.982014,0.777063,2.538,1,1,0,40938,0,0,0,0,420,420,0,0,0,0.734212,0,2.05811,0.999681,0,0,0
39060,door_3,4,0.982014,-0.365404,4.60931,1,1,1,1,266,98,51.3333,364,420,56,0.604396,1,0.52381,0.936559,0,2.04177,0.999999,0,0,0
39060,door_2,4,0.982014,0.777063,2.538,1,1,0,41005,0,0,0,0,420,420,0,0,0,0.734212,0,2.05811,0.999681,0,0,0
39120,door_3,4,0.982014,-0.370185,4.60938,1,1,1,0,266,98,0,364,420,56,0.604396,1,0.52381,0.936814,0,2.04177,0.999999,0,0,1
39120,door_2,4,0.982014,0.777063,2.538,1,1,0,41074,0,0,0,0,420,420,0,0,0,0.734212,0,2.05811,0.999681,0,0,0
39180,door_3,4,0.982014,-0.371106,4.6094,1,1,1,0,266,98,0,364,420,56,0.604396,1,0.52381,0.936863,0,2.04177,0.999999,0,0,1
39180,door_2,4,0.982014,0.777063,2.538,1,1,0,41139,0,0,0,0,420,420,0,0,0,0.734212,0,2.05811,0.999681,0,0,0
39240,door_3,4,0.982014,-0.366519,4.60933,1,1,1,0,266,98,0,364,420,56,0.604396,1,0.52381,0.936619,0,2.04177,0.999999,0,0,1
39240,door_2,4,0.982014,0.777063,2.538,1,1,0,41205,0,0,0,0,420,420,0,0,0,0.734212,0,2.05811,0.999681,0,0,0
39300,door_3,4,0.982014,-0.369405,4.60937,1,1,1,0,266,98,0,364,420,56,0.604396,1,0.52381,0.936773,0,2.04177,0.999999,0,0,1
39300,door_2,4,0.982014,0.777063,2.538,1,1,0,41269,0,0,0,0,420,420,0,0,0,0.734212,0,2.05811,0.999681,0,0,0
39360,door_3,4,0.982014,-0.371432,4.6094,1,1,1,0,266,98,0,364,420,56,0.604396,1,0.52381,0.936881,0,2.04177,0.999999,0,0,1
39360,door_2,4,0.982014,0.777063,2.538,1,1,0,41340,0,0,0,0,420,420,0,0,0,0.734212,0,2.05811,0.999681,0,0,0
39420,door_3,4,0.982014,-0.369388,4.60937,1,1,1,0,266,98,0,364,420,56,0.604396,1,0.52381,0.936772,0,2.04177,0.999999,0,0,1
39420,door_2,4,0.982014,0.777063,2.538,1,1,0,41406,0,0,0,0,420,420,0,0,0,0.734212,0,2.05811,0.999681,0,0,0
39480,door_3,4,0.982014,-0.371351,4.6094,1,1,1,0,266,98,0,364,420,56,0.604396,1,0.52381,0.936877,0,2.04177,0.999999,0,0,1
39480,door_2,4,0.982014,0.777063,2.538,1,1,0,41473,0,0,0,0,420,420,0,0,0,0.734212,0,2.05811,0.999681,0,0,0
39540,door_3,4,0.982014,-0.371932,4.60941,1,1,1,0,266,98,0,364,420,56,0.604396,1,0.52381,0.936908,0,2.04177,0.999999,0,0,1
39540,door_2,4,0.982014,0.777063,2.538,1,1,0,41538,0,0,0,0,420,420,0,0,0,0.734212,0,2.05811,0.999681,0,0,0
39600,door_3,4,0.982014,-0.369887,4.60938,1,1,1,0,266,98,0,364,420,56,0.604396,1,0.52381,0.936799,0,2.04177,0.999999,0,0,1
39600,door_2,4,0.982014,0.777063,2.538,1,1,0,41604,0,0,0,0,420,420,0,0,0,0.734212,0,2.05811,0.999681,0,0,0
39660,door_3,4,0.982014,-0.368604,4.60936,1,1,1,0,266,98,0,364,420,56,0.604396,1,0.52381,0.936731,0,2.04177,0.999999,0,0,1
39660,door_2,4,0.982014,0.777063,2.538,1,1,0,41670,0,0,0,0,420,420,0,0,0,0.734213,0,2.05811,0.999681,0,0,0
39720,door_3,4,0.982014,-0.368721,4.60936,1,1,1,0,266,98,0,364,420,56,0.604396,1,0.52381,0.936737,0,2.04177,0.999999,0,0,1
39720,door_2,4,0.982014,0.777063,2.538,1,1,0,41734,0,0,0,0,420,420,0,0,0,0.734213,0,2.05811,0.999681,0,0,0
39780,door_3,4,0.982014,-0.369793,4.60938,1,1,1,0,266,98,0,364,420,56,0.604396,1,0.52381,0.936794,0,2.04177,0.999999,0,0,1
39780,door_2,4,0.982014,0.777063,2.538,1,1,0,41803,0,0,0,0,420,420,0,0,0,0.734213,0,2.05811,0.999681,0,0,0
39840,door_3,4,0.982014,-0.368567,4.60936,1,1,1,0,266,98,0,364,420,56,0.604396,1,0.52381,0.936729,0,2.04177,0.999999,0,0,1
39840,door_2,4,0.982014,0.777063,2.538,1,1,0,41871,0,0,0,0,420,420,0,0,0,0.734213,0,2.05811,0.999681,0,0,0
39900,door_3,4,0.982014,-0.366415,4.60933,1,1,1,0,266,98,0,364,420,56,0.604396,1,0.52381,0.936614,0,2.04177,0.999999,0,0,1
39900,door_2,4,0.982014,0.777063,2.538,1,1,0,41941,0,0,0,0,420,420,0,0,0,0.734213,0,2.05811,0.999681,0,0,0
39960,door_3,4,0.982014,-0.366215,4.60932,1,1,1,0,266,98,0,364,420,56,0.604396,1,0.52381,0.936604,0,2.04177,0.999999,0,0,1
39960,door_2,4,0.982014,0.777063,2.538,1,1,0,42009,0,0,0,0,420,420,0,0,0,0.734213,0,2.05811,0.999681,0,0,0
40020,door_3,4,0.982014,-0.371403,4.6094,1,1,1,0,266,98,0,364,420,56,0.604396,1,0.52381,0.93688,0,2.04177,0.999999,0,0,1
40020,door_2,4,0.982014,0.777063,2.538,1,1,0,42076,0,0,0,0,420,420,0,0,0,0.734214,0,2.05811,0.999681,0,0,0
40080,door_3,4,0.982014,-0.369162,4.60937,1,1,1,0,266,98,0,364,420,56,0.604396,1,0.52381,0.936761,0,2.04177,0.999999,0,0,1
40080,door_2,4,0.982014,0.777063,2.538,1,1,0,42144,0,0,0,0,420,420,0,0,0,0.734214,0,2.05811,0.999681,0,0,0
40140,door_3,4,0.982014,-0.371667,4.60941,1,1,1,0,266,98,0,364,420,56,0.604396,1,0.52381,0.936894,0,2.04177,0.999999,0,0,1
40140,door_2,4,0.982014,0.777063,2.538,1,1,0,42212,0,0,0,0,420,420,0,0,0,0.734214,0,2.05811,0.999681,0,0,0
40200,door_3,4,0.982014,-0.368172,4.60935,1,1,1,0,266,98,0,364,420,56,0.604396,1,0.52381,0.936708,0,2.04177,0.999999,0,0,1
40200,door_2,4,0.982014,0.777063,2.538,1,1,0,42278,0,0,0,0,420,420,0,0,0,0.734214,0,2.05811,0.999681,0,0,0
40260,door_3,4,0.982014,-0.369869,4.60938,1,1,1,0,266,98,0,364,420,56,0.604396,1,0.52381,0.936799,0,2.04177,0.999999,0,0,1
40260,door_2,4,0.982014,0.777063,2.538,1,1,0,42346,0,0,0,0,420,420,0,0,0,0.734214,0,2.05811,0.999681,0,0,0
40320,door_3,4,0.982014,-0.367722,4.60935,1,1,1,0,266,98,0,364,420,56,0.604396,1,0.52381,0.936684,0,2.04177,0.999999,0,0,1
40320,door_2,4,0.982014,0.777063,2.538,1,1,0,42410,0,0,0,0,420,420,0,0,0,0.734214,0,2.05811,0.999681,0,0,0
40380,door_3,4,0.982014,-0.367347,4.60934,1,1,1,0,266,98,0,364,420,56,0.604396,1,0.52381,0.936665,0,2.04177,0.999999,0,0,1
40380,door_2,4,0.982014,0.777063,2.538,1,1,0,42476,0,0,0,0,420,420,0,0,0,0.734214,0,2.05811,0.999681,0,0,0
40440,door_3,4,0.982014,-0.36763,4.60935,1,1,1,0,266,98,0,364,420,56,0.604396,1,0.52381,0.93668,0,2.04177,0.999999,0,0,1
40440,door_2,4,0.982014,0.777063,2.538,1,1,0,42542,0,0,0,0,420,420,0,0,0,0.734214,0,2.05811,0.999681,0,0,0
40500,door_3,4,0.982014,-0.371927,4.60941,1,1,1,1,266,98,51.3333,364,420,56,0.604396,1,0.52381,0.936909,0,2.04177,0.999999,0,0,0
40500,door_2,4,0.982014,0.777063,2.538,1,1,0,42610,0,0,0,0,420,420,0,0,0,0.734215,0,2.05811,0.999681,0,0,0
40560,door_3,4,0.982014,-0.368258,4.60935,1,1,1,0,266,98,0,364,420,56,0.604396,1,0.52381,0.936714,0,2.04177,0.999999,0,0,1
40560,door_2,4,0.982014,0.777063,2.538,1,1,0,42677,0,0,0,0,420,420,0,0,0,0.734215,0,2.05811,0.999681,0,0,0
40620,door_3,4,0.982014,-0.369768,4.60938,1,1,1,0,266,98,0,364,420,56,0.604396,1,0.52381,0.936795,0,2.04177,0.999999,0,0,1
40620,door_2,4,0.982014,0.777063,2.538,1,1,0,42743,0,0,0,0,420,420,0,0,0,0.734216,0,2.05811,0.999681,0,0,0
40680,door_3,4,0.982014,-0.3666,4.60933,1,1,1,0,266,98,0,364,420,56,0.604396,1,0.52381,0.936625,0,2.04177,0.999999,0,0,1
40680,door_2,4,0.982014,0.777063,2.538,1,1,0,42809,0,0,0,0,420,420,0,0,0,0.734215,0,2.05811,0.999681,0,0,0
40740,door_3,4,0.982014,-0.367887,4.60935,1,1,1,0,266,98,0,364,420,56,0.604396,1,0.52381,0.936694,0,2.04177,0.999999,0,0,1
40740,door_2,4,0.982014,0.777063,2.538,1,1,0,42880,0,0,0,0,420,420,0,0,0,0.734216,0,2.05811,0.999681,0,0,0
40800,door_3,4,0.982014,-0.367907,4.60935,1,1,1,0,266,98,0,364,420,56,0.604396,1,0.52381,0.936695,0,2.04177,0.999999,0,0,1
40800,door_2,4,0.982014,0.777063,2.538,1,1,0,42946,0,0,0,0,420,420,0,0,0,0.734216,0,2.05811,0.999681,0,0,0
40860,door_3,4,0.982014,-0.365825,4.60932,1,1,1,0,266,98,0,364,420,56,0.604396,1,0.52381,0.936584,0,2.04177,0.999999,0,0,1
40860,door_2,4,0.982014,0.777063,2.538,1,1,0,43010,0,0,0,0,420,420,0,0,0,0.734216,0,2.05811,0.999681,0,0,0
40920,door_3,4,0.982014,-0.371553,4.6094,1,1,1,0,266,98,0,364,420,56,0.604396,1,0.52381,0.93689,0,2.04177,0.999999,0,0,1
40920,door_2,4,0.982014,0.777063,2.538,1,1,0,43079,0,0,0,0,420,420,0,0,0,0.734216,0,2.05811,0.999681,0,0,0
40980,door_3,4,0.982014,-0.369385,4.60937,1,1,1,0,266,98,0,364,420,56,0.604396,1,0.52381,0.936774,0,2.04177,0.999999,0,0,1
40980,door_2,4,0.982014,0.777063,2.538,1,1,0,43142,0,0,0,0,420,420,0,0,0,0.734216,0,2.05811,0.999681,0,0,0
41040,door_3,4,0.982014,-0.370284,4.60939,1,1,1,0,266,98,0,364,420,56,0.604396,1,0.52381,0.936822,0,2.04177,0.999999,0,0,1
41040,door_2,4,0.982014,0.777063,2.538,1,1,0,43209,0,0,0,0,420,420,0,0,0,0.734216,0,2.05811,0.999681,0,0,0
41100,door_3,4,0.982014,-0.369327,4.60937,1,1,1,0,266,98,0,364,420,56,0.604396,1,0.52381,0.936771,0,2.04177,0.999999,0,0,1
41100,door_2,4,0.982014,0.777063,2.538,1,1,0,43279,0,0,0,0,420,420,0,0,0,0.734216,0,2.05811,0.999681,0,0,0
41160,door_3,4,0.982014,-0.366647,4.60933,1,1,1,1,266,98,51.3333,364,420,56,0.604396,1,0.52381,0.936629,0,2.04177,0.999999,0,0,0
41160,door_2,4,0.982014,0.777063,2.538,1,1,0,43351,0,0,0,0,420,420,0,0,0,0.734216,0,2.05811,0.999681,0,0,0
41220,door_3,4,0.982014,-0.371092,4.6094,1,1,1,1,266,98,51.3333,364,420,56,0.604396,1,0.52381,0.936865,0,2.04177,0.999999,0,0,0
41220,door_2,4,0.982014,0.777063,2.538,1,1,0,43418,0,0,0,0,420,420,0,0,0,0.734216,0,2.05811,0.999681,0,0,0
41280,door_3,4,0.982014,-0.367744,4.60935,1,1,1,0,266,98,0,364,420,56,0.604396,1,0.52381,0.936687,0,2.04177,0.999999,0,0,1
41280,door_2,4,0.982014,0.777063,2.538,1,1,0,43487,0,0,0,0,420,420,0,0,0,0.734216,0,2.05811,0.999681,0,0,0
41340,door_3,4,0.982014,-0.36755,4.60934,1,1,1,0,266,98,0,364,420,56,0.604396,1,0.52381,0.936677,0,2.04177,0.999999,0,0,1
41340,door_2,4,0.982014,0.777063,2.538,1,1,0,43558,0,0,0,0,420,420,0,0,0,0.734217,0,2.05811,0.999681,0,0,0
41400,door_3,4,0.982014,-0.371552,4.6094,1,1,1,0,266,98,0,364,420,56,0.604396,1,0.52381,0.93689,0,2.04177,0.999999,0,0,1
41400,door_2,4,0.982014,0.777063,2.538,1,1,0,43624,0,0,0,0,420,420,0,0,0,0.734217,0,2.05811,0.999681,0,0,0
41460,door_3,4,0.982014,-0.36804,4.60935,1,1,1,0,266,98,0,364,420,56,0.604396,1,0.52381,0.936703,0,2.04177,0.999999,0,0,1
41460,door_2,4,0.982014,0.777063,2.538,1,1,0,43693,0,0,0,0,420,420,0,0,0,0.734217,0,2.05811,0.999681,0,0,0
41520,door_3,4,0.982014,-0.366418,4.60933,1,1,1,0,266,98,0,364,420,56,0.604396,1,0.52381,0.936617,0,2.04177,0.999999,0,0,1
41520,door_2,4,0.982014,0.777063,2.538,1,1,0,43757,0,0,0,0,420,420,0,0,0,0.734217,0,2.05811,0.999681,0,0,0
41580,door_3,4,0.982014,-0.370023,4.60938,1,1,1,0,266,98,0,364,420,56,0.604396,1,0.52381,0.936809,0,2.04177,0.999999,0,0,1
41580,door_2,4,0.982014,0.777063,2.538,1,1,0,43825,0,0,0,0,420,420,0,0,0,0.734217,0,2.05811,0.999681,0,0,0
41640,door_3,4,0.982014,-0.371488,4.6094,1,1,1,0,266,98,0,364,420,56,0.604396,1,0.52381,0.936888,0,2.04177,0.999999,0,0,1
41640,door_2,4,0.982014,0.777063,2.538,1,1,0,43891,0,0,0,0,420,420,0,0,0,0.734217,0,2.05811,0.999681,0,0,0
41700,door_3,4,0.982014,-0.369219,4.60937,1,1,1,0,266,98,0,364,420,56,0.604396,1,0.52381,0.936767,0,2.04177,0.999999,0,0,1
41700,door_2,4,0.982014,0.777063,2.538,1,1,0,43958,0,0,0,0,420,420,0,0,0,0.734217,0,2.05811,0.999681,0,0,0
41760,door_3,4,0.982014,-0.366392,4.60933,1,1,1,0,266,98,0,364,420,56,0.604396,1,0.52381,0.936616,0,2.04177,0.999999,0,0,1
41760,door_2,4,0.982014,0.777063,2.538,1,1,0,44026,0,0,0,0,420,420,0,0,0,0.734217,0,2.05811,0.999681,0,0,0
41820,door_3,4,0.982014,-0.367448,4.60934,1,1,1,0,266,98,0,364,420,56,0.604396,1,0.52381,0.936672,0,2.04177,0.999999,0,0,1
41820,door_2,4,0.982014,0.777063,2.538,1,1,0,44093,0,0,0,0,420,420,0,0,0,0.734216,0,2.05811,0.999681,0,0,0
41880,door_3,4,0.982014,-0.369707,4.60938,1,1,1,0,266,98,0,364,420,56,0.604396,1,0.52381,0.936793,0,2.04177,0.999999,0,0,1
41880,door_2,4,0.982014,0.777063,2.538,1,1,0,44154,0,0,0,0,420,420,0,0,0,0.734216,0,2.05811,0.999681,0,0,0
41940,door_3,4,0.982014,-0.366266,4.60932,1,1,1,0,266,98,0,364,420,56,0.604396,1,0.52381,0.936609,0,2.04177,0.999999,0,0,1
41940,door_2,4,0.982014,0.777063,2.538,1,1,0,44217,0,0,0,0,420,420,0,0,0,0.734216,0,2.05811,0.999681,0,0,0
42000,door_3,4,0.982014,-0.365988,4.60932,1,1,1,0,266,98,0,364,420,56,0.604396,1,0.52381,0.936594,0,2.04177,0.999999,0,0,1
42000,door_2,4,0.982014,0.777063,2.538,1,1,0,44285,0,0,0,0,420,420,0,0,0,0.734216,0,2.05811,0.999681,0,0,0
42060,door_3,4,0.982014,-0.371041,4.6094,1,1,1,0,266,98,0,364,420,56,0.604396,1,0.52381,0.936864,0,2.04177,0.999999,0,0,1
42060,door_2,4,0.982014,0.777063,2.538,1,1,0,44354,0,0,0,0,420,420,0,0,0,0.734216,0,2.05811,0.999681,0,0,0
42120,door_3,4,0.982014,-0.366715,4.60933,1,1,1,1,266,98,51.3333,364,420,56,0.604396,1,0.52381,0.936633,0,2.04177,0.999999,0,0,0
42120,door_2,4,0.982014,0.777063,2.538,1,1,0,44421,0,0,0,0,420,420,0,0,0,0.734216,0,2.05811,0.999681,0,0,0
42180,door_3,4,0.982014,-0.370129,4.60938,1,1,1,1,266,98,51.3333,364,420,56,0.604396,1,0.52381,0.936815,0,2.04177,0.999999,0,0,0
42180,door_2,4,0.982014,0.777063,2.538,1,1,0,44494,0,0,0,0,420,420,0,0,0,0.734216,0,2.05811,0.999681,0,0,0
42240,door_3,4,0.982014,-0.36824,4.60935,1,1,1,1,266,98,51.3333,364,420,56,0.604396,1,0.52381,0.936715,0,2.04177,0.999999,0,0,0
42240,door_2,4,0.982014,0.777063,2.538,1,1,0,44561,0,0,0,0,420,420,0,0,0,0.734216,0,2.05811,0.999681,0,0,0
42300,door_3,4,0.982014,-0.366385,4.60933,1,1,1,1,266,98,51.3333,364,420,56,0.604396,1,0.52381,0.936616,0,2.04177,0.999999,0,0,0
42300,door_2,4,0.982014,0.777063,2.538,1,1,0,44631,0,0,0,0,420,420,0,0,0,0.734216,0,2.05811,0.999681,0,0,0
42360,door_3,4,0.982014,-0.368445,4.60936,1,1,1,0,266,98,0,364,420,56,0.604396,1,0.52381,0.936725,0,2.04177,0.999999,0,0,1
42360,door_2,4,0.982014,0.777063,2.538,1,1,0,44695,0,0,0,0,420,420,0,0,0,0.734216,0,2.05811,0.999681,0,0,0
42420,door_3,4,0.982014,-0.3664,4.60933,1,1,1,1,266,98,51.3333,364,420,56,0.604396,1,0.52381,0.936616,0,2.04177,0.999999,0,0,0
42420,door_2,4,0.982014,0.777063,2.538,1,1,0,44765,0,0,0,0,420,420,0,0,0,0.734216,0,2.05811,0.999681,0,0,0
42480,door_3,4,0.982014,-0.369219,4.60937,1,1,1,1,266,98,51.3333,364,420,56,0.604396,1,0.52381,0.936767,0,2.04177,0.999999,0,0,0
42480,door_2,4,0.982014,0.777063,2.538,1,1,0,44836,0,0,0,0,420,420,0,0,0,0.734215,0,2.05811,0.999681,0,0,0
42540,door_3,4,0.982014,-0.367742,4.60935,1,1,1,0,266,98,0,364,420,56,0.604396,1,0.52381,0.936688,0,2.04177,0.999999,0,0,1
42540,door_2,4,0.982014,0.777063,2.538,1,1,0,44902,0,0,0,0,420,420,0,0,0,0.734215,0,2.05811,0.999681,0,0,0
42600,door_3,4,0.982014,-0.370469,4.60939,1,1,1,0,266,98,0,364,420,56,0.604396,1,0.52381,0.936833,0,2.04177,0.999999,0,0,1
42600,door_2,4,0.982014,0.777063,2.538,1,1,0,44972,0,0,0,0,420,420,0,0,0,0.734215,0,2.05811,0.999681,0,0,0
42660,door_3,4,0.982014,-0.37022,4.60938,1,1,1,0,266,98,0,364,420,56,0.604396,1,0.52381,0.93682,0,2.04177,0.999999,0,0,1
42660,door_2,4,0.982014,0.777063,2.538,1,1,0,45038,0,0,0,0,420,420,0,0,0,0.734215,0,2.05811,0.999681,0,0,0
42720,door_3,4,0.982014,-0.369415,4.60937,1,1,1,0,266,98,0,364,420,56,0.604396,1,0.52381,0.936777,0,2.04177,0.999999,0,0,1
42720,door_2,4,0.982014,0.777063,2.538,1,1,0,45105,0,0,0,0,420,420,0,0,0,0.734215,0,2.05811,0.999681,0,0,0
42780,door_3,4,0.982014,-0.370033,4.60938,1,1,1,0,266,98,0,364,420,56,0.604396,1,0.52381,0.93681,0,2.04177,0.999999,0,0,1
42780,door_2,4,0.982014,0.777063,2.538,1,1,0,45174,0,0,0,0,420,420,0,0,0,0.734215,0,2.05811,0.999681,0,0,0
42840,door_3,4,0.982014,-0.369752,4.60938,1,1,1,0,266,98,0,364,420,56,0.604396,1,0.52381,0.936795,0,2.04177,0.999999,0,0,1
42840,door_2,4,0.982014,0.777063,2.538,1,1,0,45241,0,0,0,0,420,420,0,0,0,0.734215,0,2.05811,0.999681,0,0,0
42900,door_3,4,0.982014,-0.369767,4.60938,1,1,1,0,266,98,0,364,420,56,0.604396,1,0.52381,0.936796,0,2.04177,0.999999,0,0,1
42900,door_2,4,0.982014,0.777063,2.538,1,1,0,45307,0,0,0,0,420,420,0,0,0,0.734215,0,2.05811,0.999681,0,0,0
42960,door_3,4,0.982014,-0.369638,4.60938,1,1,1,0,266,98,0,364,420,56,0.604396,1,0.52381,0.936789,0,2.04177,0.999999,0,0,1
42960,door_2,4,0.982014,0.777063,2.538,1,1,0,45374,0,0,0,0,420,420,0,0,0,0.734215,0,2.05811,0.999681,0,0,0
43020,door_3,4,0.982014,-0.370018,4.60938,1,1,1,0,266,98,0,364,420,56,0.604396,1,0.52381,0.93681,0,2.04177,0.999999,0,0,1
43020,door_2,4,0.982014,0.777063,2.538,1,1,0,45438,0,0,0,0,420,420,0,0,0,0.734215,0,2.05811,0.999681,0,0,0
43080,door_3,4,0.982014,-0.373717,4.60944,1,1,1,0,266,98,0,364,420,56,0.604396,1,0.52381,0.937007,0,2.04177,0.999999,0,0,1
43080,door_2,4,0.982014,0.777063,2.538,1,1,0,45505,0,0,0,0,420,420,0,0,0,0.734215,0,2.05811,0.999681,0,0,0
43140,door_3,4,0.982014,-0.369829,4.60938,1,1,1,0,266,98,0,364,420,56,0.604396,1,0.52381,0.9368,0,2.04177,0.999999,0,0,1
43140,door_2,4,0.982014,0.777063,2.538,1,1,0,45572,0,0,0,0,420,420,0,0,0,0.734215,0,2.05811,0.999681,0,0,0
43200,door_3,4,0.982014,-0.36787,4.60935,1,1,1,0,266,98,0,364,420,56,0.604396,1,0.52381,0.936696,0,2.04177,0.999999,0,0,1
43200,door_2,4,0.982014,0.777063,2.538,1,1,0,45642,0,0,0,0,420,420,0,0,0,0.734215,0,2.05811,0.999681,0,0,0
43260,door_3,4,0.982014,-0.369068,4.60937,1,1,1,0,266,98,0,364,420,56,0.604396,1,0.52381,0.936759,0,2.04177,0.999999,0,0,1
43260,door_2,4,0.982014,0.777063,2.538,1,1,0,45706,0,0,0,0,420,420,0,0,0,0.734215,0,2.05811,0.999681,0,0,0
43320,door_3,4,0.982014,-0.371347,4.6094,1,1,1,0,266,98,0,364,420,56,0.604396,1,0.52381,0.936881,0,2.04177,0.999999,0,0,1
43320,door_2,4,0.982014,0.777063,2.538,1,1,0,45777,0,0,0,0,420,420,0,0,0,0.734215,0,2.05811,0.999681,0,0,0
43380,door_3,4,0.982014,-0.368271,4.60935,1,1,1,0,266,98,0,364,420,56,0.604396,1,0.52381,0.936717,0,2.04177,0.999999,0,0,1
43380,door_2,4,0.982014,0.777063,2.538,1,1,0,45838,0,0,0,0,420,420,0,0,0,0.734215,0,2.05811,0.999681,0,0,0
43440,door_3,4,0.982014,-0.366009,4.60932,1,1,1,0,266,98,0,364,420,56,0.604396,1,0.52381,0.936596,0,2.04177,0.999999,0,0,1
43440,door_2,4,0.982014,0.777063,2.538,1,1,0,45904,0,0,0,0,420,420,0,0,0,0.734215,0,2.05811,0.999681,0,0,0
43500,door_3,4,0.982014,-0.368284,4.60935,1,1,1,0,266,98,0,364,420,56,0.604396,1,0.52381,0.936717,0,2.04177,0.999999,0,0,1
43500,door_2,4,0.982014,0.777063,2.538,1,1,0,45970,0,0,0,0,420,420,0,0,0,0.734214,0,2.05811,0.999681,0,0,0
43560,door_3,4,0.982014,-0.365072,4.60931,1,1,1,0,266,98,0,364,420,56,0.604396,1,0.52381,0.936546,0,2.04177,0.999999,0,0,1
43560,door_2,4,0.982014,0.777063,2.538,1,1,0,46034,0,0,0,0,420,420,0,0,0,0.734214,0,2.05811,0.999681,0,0,0
43620,door_3,4,0.982014,-0.369748,4.60938,1,1,1,0,266,98,0,364,420,56,0.604396,1,0.52381,0.936796,0,2.04177,0.999999,0,0,1
43620,door_2,4,0.982014,0.777063,2.538,1,1,0,46100,0,0,0,0,420,420,0,0,0,0.734214,0,2.05811,0.999681,0,0,0
43680,door_3,4,0.982014,-0.366354,4.60933,1,1,1,1,266,98,51.3333,364,420,56,0.604396,1,0.52381,0.936615,0,2.04177,0.999999,0,0,0
43680,door_2,4,0.982014,0.777063,2.538,1,1,0,46167,0,0,0,0,420,420,0,0,0,0.734214,0,2.05811,0.999681,0,0,0
43740,door_3,4,0.982014,-0.366383,4.60933,1,1,1,0,266,98,0,364,420,56,0.604396,1,0.52381,0.936616,0,2.04177,0.999999,0,0,1
43740,door_2,4,0.982014,0.777063,2.538,1,1,0,46233,0,0,0,0,420,420,0,0,0,0.734214,0,2.05811,0.999681,0,0,0
43800,door_3,4,0.982014,-0.368094,4.60935,1,1,1,0,266,98,0,364,420,56,0.604396,1,0.52381,0.936708,0,2.04177,0.999999,0,0,1
43800,door_2,4,0.982014,0.777063,2.538,1,1,0,46300,0,0,0,0,420,420,0,0,0,0.734214,0,2.05811,0.999681,0,0,0
43860,door_3,4,0.982014,-0.368482,4.60936,1,1,1,0,266,98,0,364,420,56,0.604396,1,0.52381,0.936728,0,2.04177,0.999999,0,0,1
43860,door_2,4,0.982014,0.777063,2.538,1,1,0,46366,0,0,0,0,420,420,0,0,0,0.734214,0,2.05811,0.999681,0,0,0
43920,door_3,4,0.982014,-0.371103,4.6094,1,1,1,1,266,98,51.3333,364,420,56,0.604396,1,0.52381,0.936868,0,2.04177,0.999999,0,0,0
43920,door_2,4,0.982014,0.777063,2.538,1,1,0,46433,0,0,0,0,420,420,0,0,0,0.734214,0,2.05811,0.999681,0,0,0
43980,door_3,4,0.982014,-0.370026,4.60938,1,1,1,0,266,98,0,364,420,56,0.604396,1,0.52381,0.936811,0,2.04177,0.999999,0,0,1
43980,door_2,4,0.982014,0.777063,2.538,1,1,0,46497,0,0,0,0,420,420,0,0,0,0.734214,0,2.05811,0.999681,0,0,0
44040,door_3,4,0.982014,-0.370222,4.60938,1,1,1,1,266,98,51.3333,364,420,56,0.604396,1,0.52381,0.936821,0,2.04177,0.999999,0,0,0
44040,door_2,4,0.982014,0.777063,2.538,1,1,0,46563,0,0,0,0,420,420,0,0,0,0.734214,0,2.05811,0.999681,0,0,0
44100,door_3,4,0.982014,-0.371305,4.6094,1,1,1,0,266,98,0,364,420,56,0.604396,1,0.52381,0.936879,0,2.04177,0.999999,0,0,1
44100,door_2,4,0.982014,0.777063,2.538,1,1,0,46629,0,0,0,0,420,420,0,0,0,0.734214,0,2.05811,0.999681,0,0,0
44160,door_3,4,0.982014,-0.36998,4.60938,1,1,1,0,266,98,0,364,420,56,0.604396,1,0.52381,0.936809,0,2.04177,0.999999,0,0,1
44160,door_2,4,0.982014,0.777063,2.538,1,1,0,46694,0,0,0,0,420,420,0,0,0,0.734215,0,2.05811,0.999681,0,0,0
44220,door_3,4,0.982014,-0.369263,4.60937,1,1,1,0,266,98,0,364,420,56,0.604396,1,0.52381,0.93677,0,2.04177,0.999999,0,0,1
44220,door_2,4,0.982014,0.777063,2.538,1,1,0,46761,0,0,0,0,420,420,0,0,0,0.734215,0,2.05811,0.999681,0,0,0
44280,door_3,4,0.982014,-0.369837,4.60938,1,1,1,0,266,98,0,364,420,56,0.604396,1,0.52381,0.936801,0,2.04177,0.999999,0,0,1
44280,door_2,4,0.982014,0.777063,2.538,1,1,0,46827,0,0,0,0,420,420,0,0,0,0.734215,0,2.05811,0.999681,0,0,0
44340,door_3,4,0.982014,-0.366895,4.60933,1,1,1,1,266,98,51.3333,364,420,56,0.604396,1,0.52381,0.936644,0,2.04177,0.999999,0,0,0
44340,door_2,4,0.982014,0.777063,2.538,1,1,0,46892,0,0,0,0,420,420,0,0,0,0.734215,0,2.05811,0.999681,0,0,0
44400,door_3,4,0.982014,-0.367672,4.60935,1,1,1,0,266,98,0,364,420,56,0.604396,1,0.52381,0.936686,0,2.04177,0.999999,0,0,1
44400,door_2,4,0.982014,0.777063,2.538,1,1,0,46959,0,0,0,0,420,420,0,0,0,0.734215,0,2.05811,0.999681,0,0,0
44460,door_3,4,0.982014,-0.368525,4.60936,1,1,1,0,266,98,0,364,420,56,0.604396,1,0.52381,0.936732,0,2.04177,0.999999,0,0,1
44460,door_2,4,0.982014,0.777063,2.538,1,1,0,47026,0,0,0,0,420,420,0,0,0,0.734216,0,2.05811,0.999681,0,0,0
44520,door_3,4,0.982014,-0.369322,4.60937,1,1,1,1,266,98,51.3333,364,420,56,0.604396,1,0.52381,0.936774,0,2.04177,0.999999,0,0,0
44520,door_2,4,0.982014,0.777063,2.538,1,1,0,47092,0,0,0,0,420,420,0,0,0,0.734217,0,2.05811,0.999681,0,0,0
44580,door_3,4,0.982014,-0.367132,4.60934,1,1,1,0,266,98,0,364,420,56,0.604396,1,0.52381,0.936658,0,2.04177,0.999999,0,0,1
44580,door_2,4,0.982014,0.777063,2.538,1,1,0,47157,0,0,0,0,420,420,0,0,0,0.734217,0,2.05811,0.999681,0,0,0
44640,door_3,4,0.982014,-0.365266,4.60931,1,1,1,0,266,98,0,364,420,56,0.604396,1,0.52381,0.936559,0,2.04177,0.999999,0,0,1
44640,door_2,4,0.982014,0.777063,2.538,1,1,0,47224,0,0,0,0,420,420,0,0,0,0.734218,0,2.05811,0.999681,0,0,0
44700,door_3,4,0.982014,-0.366276,4.60932,1,1,1,0,266,98,0,364,420,56,0.604396,1,0.52381,0.936613,0,2.04177,0.999999,0,0,1
44700,door_2,4,0.982014,0.777063,2.538,1,1,0,47290,0,0,0,0,420,420,0,0,0,0.734218,0,2.05811,0.999681,0,0,0
44760,door_3,4,0.982014,-0.366526,4.60933,1,1,1,1,266,98,51.3333,364,420,56,0.604396,1,0.52381,0.936626,0,2.04177,0.999999,0,0,0
44760,door_2,4,0.982014,0.777063,2.538,1,1,0,47359,0,0,0,0,420,420,0,0,0,0.734218,0,2.05811,0.999681,0,0,0
44820,door_3,4,0.982014,-0.367908,4.60935,1,1,1,0,266,98,0,364,420,56,0.604396,1,0.52381,0.9367,0,2.04177,0.999999,0,0,1
44820,door_2,4,0.982014,0.777063,2.538,1,1,0,47424,0,0,0,0,420,420,0,0,0,0.734219,0,2.05811,0.999681,0,0,0
44880,door_3,4,0.982014,-0.366588,4.60933,1,1,1,0,266,98,0,364,420,56,0.604396,1,0.52381,0.93663,0,2.04177,0.999999,0,0,1
44880,door_2,4,0.982014,0.777063,2.538,1,1,0,47491,0,0,0,0,420,420,0,0,0,0.734219,0,2.05811,0.999681,0,0,0
44940,door_3,4,0.982014,-0.367556,4.60934,1,1,1,0,266,98,0,364,420,56,0.604396,1,0.52381,0.936682,0,2.04177,0.999999,0,0,1
44940,door_2,4,0.982014,0.777063,2.538,1,1,0,47558,0,0,0,0,420,420,0,0,0,0.734219,0,2.05811,0.999681,0,0,0
45000,door_3,4,0.982014,-0.367672,4.60935,1,1,1,0,266,98,0,364,420,56,0.604396,1,0.52381,0.936688,0,2.04177,0.999999,0,0,1
45000,door_2,4,0.982014,0.777063,2.538,1,1,0,47624,0,0,0,0,420,420,0,0,0,0.734219,0,2.05811,0.999681,0,0,0
45060,door_3,4,0.982014,-0.36638,4.60933,1,1,1,0,266,98,0,364,420,56,0.604396,1,0.52381,0.936619,0,2.04177,0.999999,0,0,1
45060,door_2,4,0.982014,0.777063,2.538,1,1,0,47689,0,0,0,0,420,420,0,0,0,0.734219,0,2.05811,0.999681,0,0,0
45120,door_3,4,0.982014,-0.367529,4.60934,1,1,1,0,266,98,0,364,420,56,0.604396,1,0.52381,0.93668,0,2.04177,0.999999,0,0,1
45120,door_2,4,0.982014,0.777063,2.538,1,1,0,47754,0,0,0,0,420,420,0,0,0,0.734219,0,2.05811,0.999681,0,0,0
45180,door_3,4,0.982014,-0.369797,4.60938,1,1,1,1,266,98,51.3333,364,420,56,0.604396,1,0.52381,0.936801,0,2.04177,0.999999,0,0,0
45180,door_2,4,0.982014,0.777063,2.538,1,1,0,47820,0,0,0,0,420,420,0,0,0,0.73422,0,2.05811,0.999681,0,0,0
45240,door_3,4,0.982014,-0.368527,4.60936,1,1,1,0,266,98,0,364,420,56,0.604396,1,0.52381,0.936734,0,2.04177,0.999999,0,0,1
45240,door_2,4,0.982014,0.777063,2.538,1,1,0,47886,0,0,0,0,420,420,0,0,0,0.734219,0,2.05811,0.999681,0,0,0
45300,door_3,4,0.982014,-0.369131,4.60937,1,1,1,0,266,98,0,364,420,56,0.604396,1,0.52381,0.936766,0,2.04177,0.999999,0,0,1
45300,door_2,4,0.982014,0.777063,2.538,1,1,0,47955,0,0,0,0,420,420,0,0,0,0.73422,0,2.05811,0.999681,0,0,0
45360,door_3,4,0.982014,-0.371208,4.6094,1,1,1,1,266,98,51.3333,364,420,56,0.604396,1,0.52381,0.936877,0,2.04177,0.999999,0,0,0
45360,door_2,4,0.982014,0.777063,2.538,1,1,0,48023,0,0,0,0,420,420,0,0,0,0.73422,0,2.05811,0.999681,0,0,0
45420,door_3,4,0.982014,-0.369115,4.60937,1,1,1,0,266,98,0,364,420,56,0.604396,1,0.52381,0.936765,0,2.04177,0.999999,0,0,1
45420,door_2,4,0.982014,0.777063,2.538,1,1,0,48088,0,0,0,0,420,420,0,0,0,0.73422,0,2.05811,0.999681,0,0,0
45480,door_3,4,0.982014,-0.367356,4.60934,1,1,1,0,266,98,0,364,420,56,0.604396,1,0.52381,0.936672,0,2.04177,0.999999,0,0,1
45480,door_2,4,0.982014,0.777063,2.538,1,1,0,48154,0,0,0,0,420,420,0,0,0,0.73422,0,2.05811,0.999681,0,0,0
45540,door_3,4,0.982014,-0.368096,4.60935,1,1,1,0,266,98,0,364,420,56,0.604396,1,0.52381,0.936711,0,2.04177,0.999999,0,0,1
45540,door_2,4,0.982014,0.777063,2.538,1,1,0,48224,0,0,0,0,420,420,0,0,0,0.73422,0,2.05811,0.999681,0,0,0
45600,door_3,4,0.982014,-0.369018,4.60937,1,1,1,0,266,98,0,364,420,56,0.604396,1,0.52381,0.936761,0,2.04177,0.999999,0,0,1
45600,door_2,4,0.982014,0.777063,2.538,1,1,0,48289,0,0,0,0,420,420,0,0,0,0.73422,0,2.05811,0.999681,0,0,0
45660,door_3,4,0.982014,-0.369666,4.60938,1,1,1,0,266,98,0,364,420,56,0.604396,1,0.52381,0.936795,0,2.04177,0.999999,0,0,1
45660,door_2,4,0.982014,0.777063,2.538,1,1,0,48354,0,0,0,0,420,420,0,0,0,0.73422,0,2.05811,0.999681,0,0,0
45720,door_3,4,0.982014,-0.369283,4.60937,1,1,1,0,266,98,0,364,420,56,0.604396,1,0.52381,0.936775,0,2.04177,0.999999,0,0,1
45720,door_2,4,0.982014,0.777063,2.538,1,1,0,48423,0,0,0,0,420,420,0,0,0,0.734221,0,2.05811,0.999681,0,0,0
45780,door_3,4,0.982014,-0.367555,4.60934,1,1,1,0,266,98,0,364,420,56,0.604396,1,0.52381,0.936683,0,2.04177,0.999999,0,0,1
45780,door_2,4,0.982014,0.777063,2.538,1,1,0,48490,0,0,0,0,420,420,0,0,0,0.734221,0,2.05811,0.999681,0,0,0
45840,door_3,4,0.982014,-0.36808,4.60935,1,1,1,1,266,98,51.3333,364,420,56,0.604396,1,0.52381,0.936711,0,2.04177,0.999999,0,0,0
45840,door_2,4,0.982014,0.777063,2.538,1,1,0,48560,0,0,0,0,420,420,0,0,0,0.734221,0,2.05811,0.999681,0,0,0
45900,door_3,4,0.982014,-0.368202,4.60935,1,1,1,0,266,98,0,364,420,56,0.604396,1,0.52381,0.936718,0,2.04177,0.999999,0,0,1
45900,door_2,4,0.982014,0.777063,2.538,1,1,0,48624,0,0,0,0,420,420,0,0,0,0.734221,0,2.05811,0.999681,0,0,0
45960,door_3,4,0.982014,-0.366425,4.60933,1,1,1,0,266,98,0,364,420,56,0.604396,1,0.52381,0.936623,0,2.04177,0.999999,0,0,1
45960,door_2,4,0.982014,0.777063,2.538,1,1,0,48692,0,0,0,0,420,420,0,0,0,0.734221,0,2.05811,0.999681,0,0,0
46020,door_3,4,0.982014,-0.366688,4.60933,1,1,1,0,266,98,0,364,420,56,0.604396,1,0.52381,0.936637,0,2.04177,0.999999,0,0,1
46020,door_2,4,0.982014,0.777063,2.538,1,1,0,48757,0,0,0,0,420,420,0,0,0,0.734221,0,2.05811,0.999681,0,0,0
46080,door_3,4,0.982014,-0.369943,4.60938,1,1,1,0,266,98,0,364,420,56,0.604396,1,0.52381,0.936811,0,2.04177,0.999999,0,0,1
46080,door_2,4,0.982014,0.777063,2.538,1,1,0,48827,0,0,0,0,420,420,0,0,0,0.734221,0,2.05811,0.999681,0,0,0
46140,door_3,4,0.982014,-0.36974,4.60938,1,1,1,0,266,98,0,364,420,56,0.604396,1,0.52381,0.9368,0,2.04177,0.999999,0,0,1
46140,door_2,4,0.982014,0.777063,2.538,1,1,0,48897,0,0,0,0,420,420,0,0,0,0.734221,0,2.05811,0.999681,0,0,0
46200,door_3,4,0.982014,-0.372164,4.60941,1,1,1,0,266,98,0,364,420,56,0.604396,1,0.52381,0.936929,0,2.04177,0.999999,0,0,1
46200,door_2,4,0.982014,0.777063,2.538,1,1,0,48966,0,0,0,0,420,420,0,0,0,0.734221,0,2.05811,0.999681,0,0,0
46260,door_3,4,0.982014,-0.367855,4.60935,1,1,1,0,266,98,0,364,420,56,0.604396,1,0.52381,0.9367,0,2.04177,0.999999,0,0,1
46260,door_2,4,0.982014,0.777063,2.538,1,1,0,49033,0,0,0,0,420,420,0,0,0,0.734221,0,2.05811,0.999681,0,0,0
46320,door_3,4,0.982014,-0.369486,4.60937,1,1,1,0,266,98,0,364,420,56,0.604396,1,0.52381,0.936787,0,2.04177,0.999999,0,0,1
46320,door_2,4,0.982014,0.777063,2.538,1,1,0,49106,0,0,0,0,420,420,0,0,0,0.734221,0,2.05811,0.999681,0,0,0
46380,door_3,4,0.982014,-0.371284,4.6094,1,1,1,0,266,98,0,364,420,56,0.604396,1,0.52381,0.936883,0,2.04177,0.999999,0,0,1
46380,door_2,4,0.982014,0.777063,2.538,1,1,0,49175,0,0,0,0,420,420,0,0,0,0.734222,0,2.05811,0.999681,0,0,0
46440,door_3,4,0.982014,-0.369255,4.60937,1,1,1,0,266,98,0,364,420,56,0.604396,1,0.52381,0.936774,0,2.04177,0.999999,0,0,1
46440,door_2,4,0.982014,0.777063,2.538,1,1,0,49245,0,0,0,0,420,420,0,0,0,0.734222,0,2.05811,0.999681,0,0,0
46500,door_3,4,0.982014,-0.369332,4.60937,1,1,1,0,266,98,0,364,420,56,0.604396,1,0.52381,0.936779,0,2.04177,0.999999,0,0,1
46500,door_2,4,0.982014,0.777063,2.538,1,1,0,49312,0,0,0,0,420,420,0,0,0,0.734222,0,2.05811,0.999681,0,0,0
46560,door_3,4,0.982014,-0.367751,4.60935,1,1,1,0,266,98,0,364,420,56,0.604396,1,0.52381,0.936694,0,2.04177,0.999999,0,0,1
46560,door_2,4,0.982014,0.777063,2.538,1,1,0,49381,0,0,0,0,420,420,0,0,0,0.734222,0,2.05811,0.999681,0,0,0
46620,door_3,4,0.982014,-0.368979,4.60937,1,1,1,0,266,98,0,364,420,56,0.604396,1,0.52381,0.93676,0,2.04177,0.999999,0,0,1
46620,door_2,4,0.982014,0.777063,2.538,1,1,0,49448,0,0,0,0,420,420,0,0,0,0.734222,0,2.05811,0.999681,0,0,0
46680,door_3,4,0.982014,-0.369319,4.60937,1,1,1,0,266,98,0,364,420,56,0.604396,1,0.52381,0.936778,0,2.04177,0.999999,0,0,1
46680,door_2,4,0.982014,0.777063,2.538,1,1,0,49514,0,0,0,0,420,420,0,0,0,0.734222,0,2.05811,0.999681,0,0,0
46740,door_3,4,0.982014,-0.367879,4.60935,1,1,1,0,266,98,0,364,420,56,0.604396,1,0.52381,0.936702,0,2.04177,0.999999,0,0,1
46740,door_2,4,0.982014,0.777063,2.538,1,1,0,49582,0,0,0,0,420,420,0,0,0,0.734222,0,2.05811,0.999681,0,0,0
46800,door_3,4,0.982014,-0.366513,4.60933,1,1,1,0,266,98,0,364,420,56,0.604396,1,0.52381,0.936629,0,2.04177,0.999999,0,0,1
46800,door_2,4,0.982014,0.777063,2.538,1,1,0,49649,0,0,0,0,420,420,0,0,0,0.734222,0,2.05811,0.999681,0,0,0
46860,door_3,4,0.982014,-0.367901,4.60935,1,1,1,0,266,98,0,364,420,56,0.604396,1,0.52381,0.936703,0,2.04177,0.999999,0,0,1
46860,door_2,4,0.982014,0.777063,2.538,1,1,0,49714,0,0,0,0,420,420,0,0,0,0.734222,0,2.05811,0.999681,0,0,0
46920,door_3,4,0.982014,-0.371447,4.6094,1,1,1,0,266,98,0,364,420,56,0.604396,1,0.52381,0.936892,0,2.04177,0.999999,0,0,1
46920,door_2,4,0.982014,0.777063,2.538,1,1,0,49781,0,0,0,0,420,420,0,0,0,0.734223,0,2.05811,0.999681,0,0,0
46980,door_3,4,0.982014,-0.368351,4.60936,1,1,1,0,266,98,0,364,420,56,0.604396,1,0.52381,0.936727,0,2.04177,0.999999,0,0,1
46980,door_2,4,0.982014,0.777063,2.538,1,1,0,49843,0,0,0,0,420,420,0,0,0,0.734223,0,2.05811,0.999681,0,0,0
47040,door_3,4,0.982014,-0.37028,4.60939,1,1,1,0,266,98,0,364,420,56,0.604396,1,0.52381,0.936831,0,2.04177,0.999999,0,0,1
47040,door_2,4,0.982014,0.777063,2.538,1,1,0,49910,0,0,0,0,420,420,0,0,0,0.734224,0,2.05811,0.999681,0,0,0
47100,door_3,4,0.982014,-0.366472,4.60933,1,1,1,0,266,98,0,364,420,56,0.604396,1,0.52381,0.936628,0,2.04177,0.999999,0,0,1
47100,door_2,4,0.982014,0.777063,2.538,1,1,0,49975,0,0,0,0,420,420,0,0,0,0.734224,0,2.05811,0.999681,0,0,0
47160,door_3,4,0.982014,-0.371812,4.60941,1,1,1,1,266,98,51.3333,364,420,56,0.604396,1,0.52381,0.936913,0,2.04177,0.999999,0,0,0
47160,door_2,4,0.982014,0.777063,2.538,1,1,0,50039,0,0,0,0,420,420,0,0,0,0.734225,0,2.05811,0.999681,0,0,0
47220,door_3,4,0.982014,-0.368617,4.60936,1,1,1,0,266,98,0,364,420,56,0.604396,1,0.52381,0.936743,0,2.04177,0.999999,0,0,1
47220,door_2,4,0.982014,0.777063,2.538,1,1,0,50106,0,0,0,0,420,420,0,0,0,0.734225,0,2.05811,0.999681,0,0,0
47280,door_3,4,0.982014,-0.369581,4.60937,1,1,1,2,266,98,51.3333,364,420,56,0.604396,1,0.52381,0.936794,0,2.04177,0.999999,0,0,0
47280,door_2,4,0.982014,0.777063,2.538,1,1,0,50175,0,0,0,0,420,420,0,0,0,0.734225,0,2.05811,0.999681,0,0,0
47340,door_3,4,0.982014,-0.369592,4.60937,1,1,1,0,266,98,0,364,420,56,0.604396,1,0.52381,0.936795,0,2.04177,0.999999,0,0,1
47340,door_2,4,0.982014,0.777063,2.538,1,1,0,50240,0,0,0,0,420,420,0,0,0,0.734226,0,2.05811,0.999681,0,0,0
47400,door_3,4,0.982014,-0.368313,4.60936,1,1,1,0,266,98,0,364,420,56,0.604396,1,0.52381,0.936727,0,2.04177,0.999999,0,0,1
47400,door_2,4,0.982014,0.777063,2.538,1,1,0,50306,0,0,0,0,420,420,0,0,0,0.734226,0,2.05811,0.999681,0,0,0
47460,door_3,4,0.982014,-0.366282,4.60932,1,1,1,0,266,98,0,364,420,56,0.604396,1,0.52381,0.936619,0,2.04177,0.999999,0,0,1
47460,door_2,4,0.982014,0.777063,2.538,1,1,0,50373,0,0,0,0,420,420,0,0,0,0.734226,0,2.05811,0.999681,0,0,0
47520,door_3,4,0.982014,-0.368354,4.60936,1,1,1,0,266,98,0,364,420,56,0.604396,1,0.52381,0.936729,0,2.04177,0.999999,0,0,1
47520,door_2,4,0.982014,0.777063,2.538,1,1,0,50437,0,0,0,0,420,420,0,0,0,0.734226,0,2.05811,0.999681,0,0,0
47580,door_3,4,0.982014,-0.364641,4.6093,1,1,1,0,266,98,0,364,420,56,0.604396,1,0.52381,0.936532,0,2.04177,0.999999,0,0,1
47580,door_2,4,0.982014,0.777063,2.538,1,1,0,50505,0,0,0,0,420,420,0,0,0,0.734226,0,2.05811,0.999681,0,0,0
47640,door_3,4,0.982014,-0.370301,4.60939,1,1,1,0,266,98,0,364,420,56,0.604396,1,0.52381,0.936834,0,2.04177,0.999999,0,0,1
47640,door_2,4,0.982014,0.777063,2.538,1,1,0,50573,0,0,0,0,420,420,0,0,0,0.734227,0,2.05811,0.999681,0,0,0
47700,door_3,4,0.982014,-0.36823,4.60935,1,1,1,0,266,98,0,364,420,56,0.604396,1,0.52381,0.936723,0,2.04177,0.999999,0,0,1
47700,door_2,4,0.982014,0.777063,2.538,1,1,0,50637,0,0,0,0,420,420,0,0,0,0.734227,0,2.05811,0.999681,0,0,0
47760,door_3,4,0.982014,-0.366189,4.60932,1,1,1,0,266,98,0,364,420,56,0.604396,1,0.52381,0.936615,0,2.04177,0.999999,0,0,1
47760,door_2,4,0.982014,0.777063,2.538,1,1,0,50706,0,0,0,0,420,420,0,0,0,0.734227,0,2.05811,0.999681,0,0,0
47820,door_3,4,0.982014,-0.367468,4.60934,1,1,1,0,266,98,0,364,420,56,0.604396,1,0.52381,0.936683,0,2.04177,0.999999,0,0,1
47820,door_2,4,0.982014,0.777063,2.538,1,1,0,50770,0,0,0,0,420,420,0,0,0,0.734227,0,2.05811,0.999681,0,0,0
47880,door_3,4,0.982014,-0.369119,4.60937,1,1,1,1,266,98,51.3333,364,420,56,0.604396,1,0.52381,0.936771,0,2.04177,0.999999,0,0,0
47880,door_2,4,0.982014,0.777063,2.538,1,1,0,50837,0,0,0,0,420,420,0,0,0,0.734228,0,2.05811,0.999681,0,0,0
47940,door_3,4,0.982014,-0.36769,4.60935,1,1,1,0,266,98,0,364,420,56,0.604396,1,0.52381,0.936695,0,2.04177,0.999999,0,0,1
47940,door_2,4,0.982014,0.777063,2.538,1,1,0,50901,0,0,0,0,420,420,0,0,0,0.734228,0,2.05811,0.999681,0,0,0
48000,door_3,4,0.982014,-0.368235,4.60935,1,1,1,1,266,98,51.3333,364,420,56,0.604396,1,0.52381,0.936724,0,2.04177,0.999999,0,0,0
48000,door_2,4,0.982014,0.777063,2.538,1,1,0,50965,0,0,0,0,420,420,0,0,0,0.734228,0,2.05811,0.999681,0,0,0
48060,door_3,4,0.982014,-0.366329,4.60933,1,1,1,0,266,98,0,364,420,56,0.604396,1,0.52381,0.936623,0,2.04177,0.999999,0,0,1
48060,door_2,4,0.982014,0.777063,2.538,1,1,0,51034,0,0,0,0,420,420,0,0,0,0.734228,0,2.05811,0.999681,0,0,0
48120,door_3,4,0.982014,-0.368395,4.60936,1,1,1,0,266,98,0,364,420,56,0.604396,1,0.52381,0.936733,0,2.04177,0.999999,0,0,1
48120,door_2,4,0.982014,0.777063,2.538,1,1,0,51101,0,0,0,0,420,420,0,0,0,0.734228,0,2.05811,0.999681,0,0,0
48180,door_3,4,0.982014,-0.366528,4.60933,1,1,1,0,266,98,0,364,420,56,0.604396,1,0.52381,0.936634,0,2.04177,0.999999,0,0,1
48180,door_2,4,0.982014,0.777063,2.538,1,1,0,51171,0,0,0,0,420,420,0,0,0,0.734228,0,2.05811,0.999681,0,0,0
48240,door_3,4,0.982014,-0.369139,4.60937,1,1,1,0,266,98,0,364,420,56,0.604396,1,0.52381,0.936773,0,2.04177,0.999999,0,0,1
48240,door_2,4,0.982014,0.777063,2.538,1,1,0,51242,0,0,0,0,420,420,0,0,0,0.734228,0,2.05811,0.999681,0,0,0
48300,door_3,4,0.982014,-0.369008,4.60937,1,1,1,1,266,98,51.3333,364,420,56,0.604396,1,0.52381,0.936766,0,2.04177,0.999999,0,0,0
48300,door_2,4,0.982014,0.777063,2.538,1,1,0,51308,0,0,0,0,420,420,0,0,0,0.734228,0,2.05811,0.999681,0,0,0
48360,door_3,4,0.982014,-0.369408,4.60937,1,1,1,0,266,98,0,364,420,56,0.604396,1,0.52381,0.936787,0,2.04177,0.999999,0,0,1
48360,door_2,4,0.982014,0.777063,2.538,1,1,0,51376,0,0,0,0,420,420,0,0,0,0.734228,0,2.05811,0.999681,0,0,0
48420,door_3,4,0.982014,-0.36843,4.60936,1,1,1,0,266,98,0,364,420,56,0.604396,1,0.52381,0.936735,0,2.04177,0.999999,0,0,1
48420,door_2,4,0.982014,0.777063,2.538,1,1,0,51444,0,0,0,0,420,420,0,0,0,0.734229,0,2.05811,0.999681,0,0,0
48480,door_3,4,0.982014,-0.368026,4.60935,1,1,1,0,266,98,0,364,420,56,0.604396,1,0.52381,0.936714,0,2.04177,0.999999,0,0,1
48480,door_2,4,0.982014,0.777063,2.538,1,1,0,51513,0,0,0,0,420,420,0,0,0,0.734229,0,2.05811,0.999681,0,0,0
48540,door_3,4,0.982014,-0.36903,4.60937,1,1,1,0,266,98,0,364,420,56,0.604396,1,0.52381,0.936768,0,2.04177,0.999999,0,0,1
48540,door_2,4,0.982014,0.777063,2.538,1,1,0,51582,0,0,0,0,420,420,0,0,0,0.734229,0,2.05811,0.999681,0,0,0
48600,door_3,4,0.982014,-0.373161,4.60943,1,1,1,0,266,98,0,364,420,56,0.604396,1,0.52381,0.936988,0,2.04177,0.999999,0,0,1
48600,door_2,4,0.982014,0.777063,2.538,1,1,0,51654,0,0,0,0,420,420,0,0,0,0.734229,0,2.05811,0.999681,0,0,0
48660,door_3,4,0.982014,-0.367694,4.60935,1,1,1,0,266,98,0,364,420,56,0.604396,1,0.52381,0.936697,0,2.04177,0.999999,0,0,1
48660,door_2,4,0.982014,0.777063,2.538,1,1,0,51722,0,0,0,0,420,420,0,0,0,0.734229,0,2.05811,0.999681,0,0,0
48720,door_3,4,0.982014,-0.369345,4.60937,1,1,1,0,266,98,0,364,420,56,0.604396,1,0.52381,0.936785,0,2.04177,0.999999,0,0,1
48720,door_2,4,0.982014,0.777063,2.538,1,1,0,51789,0,0,0,0,420,420,0,0,0,0.73423,0,2.05811,0.999681,0,0,0
48780,door_3,4,0.982014,-0.367783,4.60935,1,1,1,0,266,98,0,364,420,56,0.604396,1,0.52381,0.936702,0,2.04177,0.999999,0,0,1
48780,door_2,4,0.982014,0.777063,2.538,1,1,0,51858,0,0,0,0,420,420,0,0,0,0.73423,0,2.05811,0.999681,0,0,0
48840,door_3,4,0.982014,-0.366461,4.60933,1,1,1,0,266,98,0,364,420,56,0.604396,1,0.52381,0.936632,0,2.04177,0.999999,0,0,1
48840,door_2,4,0.982014,0.777063,2.538,1,1,0,51924,0,0,0,0,420,420,0,0,0,0.73423,0,2.05811,0.999681,0,0,0
48900,door_3,4,0.982014,-0.370041,4.60938,1,1,1,0,266,98,0,364,420,56,0.604396,1,0.52381,0.936823,0,2.04177,0.999999,0,0,1
48900,door_2,4,0.982014,0.777063,2.538,1,1,0,51992,0,0,0,0,420,420,0,0,0,0.734231,0,2.05811,0.999681,0,0,0
48960,door_3,4,0.982014,-0.365383,4.60931,1,1,1,0,266,98,0,364,420,56,0.604396,1,0.52381,0.936575,0,2.04177,0.999999,0,0,1
48960,door_2,4,0.982014,0.777063,2.538,1,1,0,52058,0,0,0,0,420,420,0,0,0,0.734231,0,2.05811,0.999681,0,0,0
49020,door_3,4,0.982014,-0.369709,4.60938,1,1,1,1,266,98,51.3333,364,420,56,0.604396,1,0.52381,0.936805,0,2.04177,0.999999,0,0,0
49020,door_2,4,0.982014,0.777063,2.538,1,1,0,52125,0,0,0,0,420,420,0,0,0,0.734231,0,2.05811,0.999681,0,0,0
49080,door_3,4,0.982014,-0.369104,4.60937,1,1,1,0,266,98,0,364,420,56,0.604396,1,0.52381,0.936773,0,2.04177,0.999999,0,0,1
49080,door_2,4,0.982014,0.777063,2.538,1,1,0,52192,0,0,0,0,420,420,0,0,0,0.734231,0,2.05811,0.999681,0,0,0
49140,door_3,4,0.982014,-0.371053,4.6094,1,1,1,0,266,98,0,364,420,56,0.604396,1,0.52381,0.936877,0,2.04177,0.999999,0,0,1
49140,door_2,4,0.982014,0.777063,2.538,1,1,0,52258,0,0,0,0,420,420,0,0,0,0.734232,0,2.05811,0.999681,0,0,0
49200,door_3,4,0.982014,-0.368209,4.60935,1,1,1,0,266,98,0,364,420,56,0.604396,1,0.52381,0.936726,0,2.04177,0.999999,0,0,1
49200,door_2,4,0.982014,0.777063,2.538,1,1,0,52329,0,0,0,0,420,420,0,0,0,0.734232,0,2.05811,0.999681,0,0,0
49260,door_3,4,0.982014,-0.367703,4.60935,1,1,1,0,266,98,0,364,420,56,0.604396,1,0.52381,0.936699,0,2.04177,0.999999,0,0,1
49260,door_2,4,0.982014,0.777063,2.538,1,1,0,52397,0,0,0,0,420,420,0,0,0,0.734232,0,2.05811,0.999681,0,0,0
49320,door_3,4,0.982014,-0.369507,4.60937,1,1,1,0,266,98,0,364,420,56,0.604396,1,0.52381,0.936795,0,2.04177,0.999999,0,0,1
49320,door_2,4,0.982014,0.777063,2.538,1,1,0,52464,0,0,0,0,420,420,0,0,0,0.734232,0,2.05811,0.999681,0,0,0
49380,door_3,4,0.982014,-0.367289,4.60934,1,1,1,0,266,98,0,364,420,56,0.604396,1,0.52381,0.936678,0,2.04177,0.999999,0,0,1
49380,door_2,4,0.982014,0.777063,2.538,1,1,0,52533,0,0,0,0,420,420,0,0,0,0.734233,0,2.05811,0.999681,0,0,0
49440,door_3,4,0.982014,-0.369926,4.60938,1,1,1,0,266,98,0,364,420,56,0.604396,1,0.52381,0.936818,0,2.04177,0.999999,0,0,1
49440,door_2,4,0.982014,0.777063,2.538,1,1,0,52599,0,0,0,0,420,420,0,0,0,0.734232,0,2.05811,0.999681,0,0,0
49500,door_3,4,0.982014,-0.369239,4.60937,1,1,1,0,266,98,0,364,420,56,0.604396,1,0.52381,0.936782,0,2.04177,0.999999,0,0,1
49500,door_2,4,0.982014,0.777063,2.538,1,1,0,52667,0,0,0,0,420,420,0,0,0,0.734233,0,2.05811,0.999681,0,0,0
49560,door_3,4,0.982014,-0.367575,4.60934,1,1,1,0,266,98,0,364,420,56,0.604396,1,0.52381,0.936693,0,2.04177,0.999999,0,0,1
49560,door_2,4,0.982014,0.777063,2.538,1,1,0,52734,0,0,0,0,420,420,0,0,0,0.734233,0,2.05811,0.999681,0,0,0
49620,door_3,4,0.982014,-0.368954,4.60936,1,1,1,0,266,98,0,364,420,56,0.604396,1,0.52381,0.936767,0,2.04177,0.999999,0,0,1
49620,door_2,4,0.982014,0.777063,2.538,1,1,0,52802,0,0,0,0,420,420,0,0,0,0.734233,0,2.05811,0.999681,0,0,0
49680,door_3,4,0.982014,-0.365196,4.60931,1,1,1,0,266,98,0,364,420,56,0.604396,1,0.52381,0.936567,0,2.04177,0.999999,0,0,1
49680,door_2,4,0.982014,0.777063,2.538,1,1,0,52868,0,0,0,0,420,420,0,0,0,0.734234,0,2.05811,0.999681,0,0,0
49740,door_3,4,0.982014,-0.370881,4.60939,1,1,1,0,266,98,0,364,420,56,0.604396,1,0.52381,0.93687,0,2.04177,0.999999,0,0,1
49740,door_2,4,0.982014,0.777063,2.538,1,1,0,52934,0,0,0,0,420,420,0,0,0,0.734234,0,2.05811,0.999681,0,0,0
49800,door_3,4,0.982014,-0.367517,4.60934,1,1,1,0,266,98,0,364,420,56,0.604396,1,0.52381,0.936691,0,2.04177,0.999999,0,0,1
49800,door_2,4,0.982014,0.777063,2.538,1,1,0,52997,0,0,0,0,420,420,0,0,0,0.734234,0,2.05811,0.999681,0,0,0
49860,door_3,4,0.982014,-0.368958,4.60936,1,1,1,0,266,98,0,364,420,56,0.604396,1,0.52381,0.936768,0,2.04177,0.999999,0,0,1
49860,door_2,4,0.982014,0.777063,2.538,1,1,0,53060,0,0,0,0,420,420,0,0,0,0.734234,0,2.05811,0.999681,0,0,0
49920,door_3,4,0.982014,-0.364602,4.6093,1,1,1,0,266,98,0,364,420,56,0.604396,1,0.52381,0.936536,0,2.04177,0.999999,0,0,1
49920,door_2,4,0.982014,0.777063,2.538,1,1,0,53128,0,0,0,0,420,420,0,0,0,0.734234,0,2.05811,0.999681,0,0,0
49980,door_3,4,0.982014,-0.367535,4.60934,1,1,1,0,266,98,0,364,420,56,0.604396,1,0.52381,0.936692,0,2.04177,0.999999,0,0,1
49980,door_2,4,0.982014,0.777063,2.538,1,1,0,53196,0,0,0,0,420,420,0,0,0,0.734235,0,2.05811,0.999681,0,0,0
50040,door_3,4,0.982014,-0.364432,4.6093,1,1,1,0,266,98,0,364,420,56,0.604396,1,0.52381,0.936527,0,2.04177,0.999999,0,0,1
50040,door_2,4,0.982014,0.777063,2.538,1,1,0,53261,0,0,0,0,420,420,0,0,0,0.734235,0,2.05811,0.999681,0,0,0
50100,door_3,4,0.982014,-0.369844,4.60938,1,1,1,0,266,98,0,364,420,56,0.604396,1,0.52381,0.936816,0,2.04177,0.999999,0,0,1
50100,door_2,4,0.982014,0.777063,2.538,1,1,0,53326,0,0,0,0,420,420,0,0,0,0.734236,0,2.05811,0.999681,0,0,0
50160,door_3,4,0.982014,-0.367593,4.60934,1,1,1,0,266,98,0,364,420,56,0.604396,1,0.52381,0.936696,0,2.04177,0.999999,0,0,1
50160,door_2,4,0.982014,0.777063,2.538,1,1,0,53392,0,0,0,0,420,420,0,0,0,0.734236,0,2.05811,0.999681,0,0,0
50220,door_3,4,0.982014,-0.366588,4.60933,1,1,1,0,266,98,0,364,420,56,0.604396,1,0.52381,0.936643,0,2.04177,0.999999,0,0,1
50220,door_2,4,0.982014,0.777063,2.538,1,1,0,53459,0,0,0,0,420,420,0,0,0,0.734236,0,2.05811,0.999681,0,0,0
50280,door_3,4,0.982014,-0.365854,4.60932,1,1,1,1,266,98,51.3333,364,420,56,0.604396,1,0.52381,0.936604,0,2.04177,0.999999,0,0,0
50280,door_2,4,0.982014,0.777063,2.538,1,1,0,53529,0,0,0,0,420,420,0,0,0,0.734237,0,2.05811,0.999681,0,0,0
50340,door_3,4,0.982014,-0.367416,4.60934,1,1,1,0,266,98,0,364,420,56,0.604396,1,0.52381,0.936687,0,2.04177,0.999999,0,0,1
50340,door_2,4,0.982014,0.777063,2.538,1,1,0,53595,0,0,0,0,420,420,0,0,0,0.734237,0,2.05811,0.999681,0,0,0
50400,door_3,4,0.982014,-0.364569,4.6093,1,1,1,0,266,98,0,364,420,56,0.604396,1,0.52381,0.936535,0,2.04177,0.999999,0,0,1
50400,door_2,4,0.982014,0.777063,2.538,1,1,0,53666,0,0,0,0,420,420,0,0,0,0.734237,0,2.05811,0.999681,0,0,0
50460,door_3,4,0.982014,-0.369426,4.60937,1,1,1,0,266,98,0,364,420,56,0.604396,1,0.52381,0.936794,0,2.04177,0.999999,0,0,1
50460,door_2,4,0.982014,0.777063,2.538,1,1,0,53731,0,0,0,0,420,420,0,0,0,0.734237,0,2.05811,0.999681,0,0,0
50520,door_3,4,0.982014,-0.369513,4.60937,1,1,1,0,266,98,0,364,420,56,0.604396,1,0.52381,0.936799,0,2.04177,0.999999,0,0,1
50520,door_2,4,0.982014,0.777063,2.538,1,1,0,53800,0,0,0,0,420,420,0,0,0,0.734237,0,2.05811,0.999681,0,0,0
50580,door_3,4,0.982014,-0.367592,4.60934,1,1,1,1,266,98,51.3333,364,420,56,0.604396,1,0.52381,0.936697,0,2.04177,0.999999,0,0,0
50580,door_2,4,0.982014,0.777063,2.538,1,1,0,53870,0,0,0,0,420,420,0,0,0,0.734237,0,2.05811,0.999681,0,0,0
50640,door_3,4,0.982014,-0.36757,4.60934,1,1,1,0,266,98,0,364,420,56,0.604396,1,0.52381,0.936696,0,2.04177,0.999999,0,0,1
50640,door_2,4,0.982014,0.777063,2.538,1,1,0,53938,0,0,0,0,420,420,0,0,0,0.734238,0,2.05811,0.999681,0,0,0
50700,door_3,4,0.982014,-0.365933,4.60932,1,1,1,0,266,98,0,364,420,56,0.604396,1,0.52381,0.936609,0,2.04177,0.999999,0,0,1
50700,door_2,4,0.982014,0.777063,2.538,1,1,0,54004,0,0,0,0,420,420,0,0,0,0.734238,0,2.05811,0.999681,0,0,0
50760,door_3,4,0.982014,-0.369472,4.60937,1,1,1,0,266,98,0,364,420,56,0.604396,1,0.52381,0.936798,0,2.04177,0.999999,0,0,1
50760,door_2,4,0.982014,0.777063,2.538,1,1,0,54072,0,0,0,0,420,420,0,0,0,0.734238,0,2.05811,0.999681,0,0,0
50820,door_3,4,0.982014,-0.367885,4.60935,1,1,1,0,266,98,0,364,420,56,0.604396,1,0.52381,0.936714,0,2.04177,0.999999,0,0,1
50820,door_2,4,0.982014,0.777063,2.538,1,1,0,54139,0,0,0,0,420,420,0,0,0,0.734239,0,2.05811,0.999681,0,0,0
50880,door_3,4,0.982014,-0.367555,4.60934,1,1,1,1,266,98,51.3333,364,420,56,0.604396,1,0.52381,0.936696,0,2.04177,0.999999,0,0,0
50880,door_2,4,0.982014,0.777063,2.538,1,1,0,54207,0,0,0,0,420,420,0,0,0,0.734239,0,2.05811,0.999681,0,0,0
50940,door_3,4,0.982014,-0.368981,4.60937,1,1,1,0,266,98,0,364,420,56,0.604396,1,0.52381,0.936772,0,2.04177,0.999999,0,0,1
50940,door_2,4,0.982014,0.777063,2.538,1,1,0,54272,0,0,0,0,420,420,0,0,0,0.734239,0,2.05811,0.999681,0,0,0
51000,door_3,4,0.982014,-0.367607,4.60934,1,1,1,0,266,98,0,364,420,56,0.604396,1,0.52381,0.9367,0,2.04177,0.999999,0,0,1
51000,door_2,4,0.982014,0.777063,2.538,1,1,0,54340,0,0,0,0,420,420,0,0,0,0.73424,0,2.05811,0.999681,0,0,0
51060,door_3,4,0.982014,-0.367933,4.60935,1,1,1,0,266,98,0,364,420,56,0.604396,1,0.52381,0.936717,0,2.04177,0.999999,0,0,1
51060,door_2,4,0.982014,0.777063,2.538,1,1,0,54406,0,0,0,0,420,420,0,0,0,0.73424,0,2.05811,0.999681,0,0,0
51120,door_3,4,0.982014,-0.36447,4.6093,1,1,1,0,266,98,0,364,420,56,0.604396,1,0.52381,0.936533,0,2.04177,0.999999,0,0,1
51120,door_2,4,0.982014,0.777063,2.538,1,1,0,54472,0,0,0,0,420,420,0,0,0,0.73424,0,2.05811,0.999681,0,0,0
51180,door_3,4,0.982014,-0.367625,4.60935,1,1,1,0,266,98,0,364,420,56,0.604396,1,0.52381,0.936701,0,2.04177,0.999999,0,0,1
51180,door_2,4,0.982014,0.777063,2.538,1,1,0,54540,0,0,0,0,420,420,0,0,0,0.73424,0,2.05811,0.999681,0,0,0
51240,door_3,4,0.982014,-0.369514,4.60937,1,1,1,0,266,98,0,364,420,56,0.604396,1,0.52381,0.936802,0,2.04177,0.999999,0,0,1
51240,door_2,4,0.982014,0.777063,2.538,1,1,0,54607,0,0,0,0,420,420,0,0,0,0.734241,0,2.05811,0.999681,0,0,0
51300,door_3,4,0.982014,-0.369467,4.60937,1,1,1,0,266,98,0,364,420,56,0.604396,1,0.52381,0.9368,0,2.04177,0.999999,0,0,1
51300,door_2,4,0.982014,0.777063,2.538,1,1,0,54672,0,0,0,0,420,420,0,0,0,0.734241,0,2.05811,0.999681,0,0,0
51360,door_3,4,0.982014,-0.362406,4.60927,1,1,1,0,266,98,0,364,420,56,0.604396,1,0.52381,0.936423,0,2.04177,0.999999,0,0,1
51360,door_2,4,0.982014,0.777063,2.538,1,1,0,54737,0,0,0,0,420,420,0,0,0,0.734242,0,2.05811,0.999681,0,0,0
51420,door_3,4,0.982014,-0.36964,4.60938,1,1,1,0,266,98,0,364,420,56,0.604396,1,0.52381,0.936809,0,2.04177,0.999999,0,0,1
51420,door_2,4,0.982014,0.777063,2.538,1,1,0,54803,0,0,0,0,420,420,0,0,0,0.734242,0,2.05811,0.999681,0,0,0
51480,door_3,4,0.982014,-0.368968,4.60937,1,1,1,0,266,98,0,364,420,56,0.604396,1,0.52381,0.936773,0,2.04177,0.999999,0,0,1
51480,door_2,4,0.982014,0.777063,2.538,1,1,0,54868,0,0,0,0,420,420,0,0,0,0.734242,0,2.05811,0.999681,0,0,0
51540,door_3,4,0.982014,-0.367815,4.60935,1,1,1,0,266,98,0,364,420,56,0.604396,1,0.52381,0.936712,0,2.04177,0.999999,0,0,1
51540,door_2,4,0.982014,0.777063,2.538,1,1,0,54937,0,0,0,0,420,420,0,0,0,0.734243,0,2.05811,0.999681,0,0,0
51600,door_3,4,0.982014,-0.369889,4.60938,1,1,1,0,266,98,0,364,420,56,0.604396,1,0.52381,0.936823,0,2.04177,0.999999,0,0,1
51600,door_2,4,0.982014,0.777063,2.538,1,1,0,55000,0,0,0,0,420,420,0,0,0,0.734243,0,2.05811,0.999681,0,0,0
51660,door_3,4,0.982014,-0.36471,4.6093,1,1,1,0,266,98,0,364,420,56,0.604396,1,0.52381,0.936548,0,2.04177,0.999999,0,0,1
51660,door_2,4,0.982014,0.777063,2.538,1,1,0,55065,0,0,0,0,420,420,0,0,0,0.734244,0,2.05811,0.999681,0,0,0
51720,door_3,4,0.982014,-0.366701,4.60933,1,1,1,0,266,98,0,364,420,56,0.604396,1,0.52381,0.936654,0,2.04177,0.999999,0,0,1
51720,door_2,4,0.982014,0.777063,2.538,1,1,0,55132,0,0,0,0,420,420,0,0,0,0.734244,0,2.05811,0.999681,0,0,0
51780,door_3,4,0.982014,-0.36579,4.60932,1,1,1,0,266,98,0,364,420,56,0.604396,1,0.52381,0.936606,0,2.04177,0.999999,0,0,1
51780,door_2,4,0.982014,0.777063,2.538,1,1,0,55195,0,0,0,0,420,420,0,0,0,0.734244,0,2.05811,0.999681,0,0,0
51840,door_3,4,0.982014,-0.367313,4.60934,1,1,1,0,266,98,0,364,420,56,0.604396,1,0.52381,0.936687,0,2.04177,0.999999,0,0,1
51840,door_2,4,0.982014,0.777063,2.538,1,1,0,55259,0,0,0,0,420,420,0,0,0,0.734245,0,2.05811,0.999681,0,0,0
51900,door_3,4,0.982014,-0.369965,4.60938,1,1,1,0,266,98,0,364,420,56,0.604396,1,0.52381,0.936828,0,2.04177,0.999999,0,0,1
51900,door_2,4,0.982014,0.777063,2.538,1,1,0,55325,0,0,0,0,420,420,0,0,0,0.734245,0,2.05811,0.999681,0,0,0
51960,door_3,4,0.982014,-0.370883,4.60939,1,1,1,1,266,98,51.3333,364,420,56,0.604396,1,0.52381,0.936877,0,2.04177,0.999999,0,0,0
51960,door_2,4,0.982014,0.777063,2.538,1,1,0,55393,0,0,0,0,420,420,0,0,0,0.734245,0,2.05811,0.999681,0,0,0
52020,door_3,4,0.982014,-0.365529,4.60931,1,1,1,0,266,98,0,364,420,56,0.604396,1,0.52381,0.936592,0,2.04177,0.999999,0,0,1
52020,door_2,4,0.982014,0.777063,2.538,1,1,0,55457,0,0,0,0,420,420,0,0,0,0.734245,0,2.05811,0.999681,0,0,0
52080,door_3,4,0.982014,-0.366893,4.60933,1,1,1,0,266,98,0,364,420,56,0.604396,1,0.52381,0.936665,0,2.04177,0.999999,0,0,1
52080,door_2,4,0.982014,0.777063,2.538,1,1,0,55525,0,0,0,0,420,420,0,0,0,0.734245,0,2.05811,0.999681,0,0,0
52140,door_3,4,0.982014,-0.366078,4.60932,1,1,1,0,266,98,0,364,420,56,0.604396,1,0.52381,0.936622,0,2.04177,0.999999,0,0,1
52140,door_2,4,0.982014,0.777063,2.538,1,1,0,55592,0,0,0,0,420,420,0,0,0,0.734245,0,2.05811,0.999681,0,0,0
52200,door_3,4,0.982014,-0.366528,4.60933,1,1,1,0,266,98,0,364,420,56,0.604396,1,0.52381,0.936646,0,2.04177,0.999999,0,0,1
52200,door_2,4,0.982014,0.777063,2.538,1,1,0,55658,0,0,0,0,420,420,0,0,0,0.734245,0,2.05811,0.999681,0,0,0
52260,door_3,4,0.982014,-0.366102,4.60932,1,1,1,1,266,98,51.3333,364,420,56,0.604396,1,0.52381,0.936623,0,2.04177,0.999999,0,0,0
52260,door_2,4,0.982014,0.777063,2.538,1,1,0,55725,0,0,0,0,420,420,0,0,0,0.734245,0,2.05811,0.999681,0,0,0
52320,door_3,4,0.982014,-0.367066,4.60934,1,1,1,0,266,98,0,364,420,56,0.604396,1,0.52381,0.936675,0,2.04177,0.999999,0,0,1
52320,door_2,4,0.982014,0.777063,2.538,1,1,0,55793,0,0,0,0,420,420,0,0,0,0.734245,0,2.05811,0.999681,0,0,0
52380,door_3,4,0.982014,-0.369071,4.60937,1,1,1,0,266,98,0,364,420,56,0.604396,1,0.52381,0.936781,0,2.04177,0.999999,0,0,1
52380,door_2,4,0.982014,0.777063,2.538,1,1,0,55859,0,0,0,0,420,420,0,0,0,0.734245,0,2.05811,0.999681,0,0,0
52440,door_3,4,0.982014,-0.368948,4.60936,1,1,1,0,266,98,0,364,420,56,0.604396,1,0.52381,0.936775,0,2.04177,0.999999,0,0,1
52440,door_2,4,0.982014,0.777063,2.538,1,1,0,55928,0,0,0,0,420,420,0,0,0,0.734245,0,2.05811,0.999681,0,0,0
52500,door_3,4,0.982014,-0.371038,4.6094,1,1,1,1,266,98,51.3333,364,420,56,0.604396,1,0.52381,0.936886,0,2.04177,0.999999,0,0,0
52500,door_2,4,0.982014,0.777063,2.538,1,1,0,55996,0,0,0,0,420,420,0,0,0,0.734245,0,2.05811,0.999681,0,0,0
52560,door_3,4,0.982014,-0.367845,4.60935,1,1,1,0,266,98,0,364,420,56,0.604396,1,0.52381,0.936716,0,2.04177,0.999999,0,0,1
52560,door_2,4,0.982014,0.777063,2.538,1,1,0,56067,0,0,0,0,420,420,0,0,0,0.734245,0,2.05811,0.999681,0,0,0
52620,door_3,4,0.982014,-0.368855,4.60936,1,1,1,0,266,98,0,364,420,56,0.604396,1,0.52381,0.93677,0,2.04177,0.999999,0,0,1
52620,door_2,4,0.982014,0.777063,2.538,1,1,0,56132,0,0,0,0,420,420,0,0,0,0.734245,0,2.05811,0.999681,0,0,0
52680,door_3,4,0.982014,-0.367462,4.60934,1,1,1,0,266,98,0,364,420,56,0.604396,1,0.52381,0.936696,0,2.04177,0.999999,0,0,1
52680,door_2,4,0.982014,0.777063,2.538,1,1,0,56200,0,0,0,0,420,420,0,0,0,0.734246,0,2.05811,0.999681,0,0,0
52740,door_3,4,0.982014,-0.369447,4.60937,1,1,1,0,266,98,0,364,420,56,0.604396,1,0.52381,0.936802,0,2.04177,0.999999,0,0,1
52740,door_2,4,0.982014,0.777063,2.538,1,1,0,56264,0,0,0,0,420,420,0,0,0,0.734246,0,2.05811,0.999681,0,0,0
52800,door_3,4,0.982014,-0.364741,4.6093,1,1,1,0,266,98,0,364,420,56,0.604396,1,0.52381,0.936551,0,2.04177,0.999999,0,0,1
52800,door_2,4,0.982014,0.777063,2.538,1,1,0,56331,0,0,0,0,420,420,0,0,0,0.734246,0,2.05811,0.999681,0,0,0
52860,door_3,4,0.982014,-0.368697,4.60936,1,1,1,0,266,98,0,364,420,56,0.604396,1,0.52381,0.936762,0,2.04177,0.999999,0,0,1
52860,door_2,4,0.982014,0.777063,2.538,1,1,0,56401,0,0,0,0,420,420,0,0,0,0.734246,0,2.05811,0.999681,0,0,0
52920,door_3,4,0.982014,-0.365996,4.60932,1,1,1,0,266,98,0,364,420,56,0.604396,1,0.52381,0.936619,0,2.04177,0.999999,0,0,1
52920,door_2,4,0.982014,0.777063,2.538,1,1,0,56469,0,0,0,0,420,420,0,0,0,0.734246,0,2.05811,0.999681,0,0,0
52980,door_3,4,0.982014,-0.367553,4.60934,1,1,1,0,266,98,0,364,420,56,0.604396,1,0.52381,0.936702,0,2.04177,0.999999,0,0,1
52980,door_2,4,0.982014,0.777063,2.538,1,1,0,56534,0,0,0,0,420,420,0,0,0,0.734247,0,2.05811,0.999681,0,0,0
53040,door_3,4,0.982014,-0.364636,4.6093,1,1,1,0,266,98,0,364,420,56,0.604396,1,0.52381,0.936546,0,2.04177,0.999999,0,0,1
53040,door_2,4,0.982014,0.777063,2.538,1,1,0,56603,0,0,0,0,420,420,0,0,0,0.734247,0,2.05811,0.999681,0,0,0
53100,door_3,4,0.982014,-0.366003,4.60932,1,1,1,0,266,98,0,364,420,56,0.604396,1,0.52381,0.936619,0,2.04177,0.999999,0,0,1
53100,door_2,4,0.982014,0.777063,2.538,1,1,0,56667,0,0,0,0,420,420,0,0,0,0.734247,0,2.05811,0.999681,0,0,0
53160,door_3,4,0.982014,-0.368936,4.60936,1,1,1,1,266,98,51.3333,364,420,56,0.604396,1,0.52381,0.936776,0,2.04177,0.999999,0,0,0
53160,door_2,4,0.982014,0.777063,2.538,1,1,0,56731,0,0,0,0,420,420,0,0,0,0.734247,0,2.05811,0.999681,0,0,0
53220,door_3,4,0.982014,-0.370568,4.60939,1,1,1,0,266,98,0,364,420,56,0.604396,1,0.52381,0.936863,0,2.04177,0.999999,0,0,1
53220,door_2,4,0.982014,0.777063,2.538,1,1,0,56796,0,0,0,0,420,420,0,0,0,0.734247,0,2.05811,0.999681,0,0,0
53280,door_3,4,0.982014,-0.368897,4.60936,1,1,1,0,266,98,0,364,420,56,0.604396,1,0.52381,0.936774,0,2.04177,0.999999,0,0,1
53280,door_2,4,0.982014,0.777063,2.538,1,1,0,56865,0,0,0,0,420,420,0,0,0,0.734248,0,2.05811,0.999681,0,0,0
53340,door_3,4,0.982014,-0.367426,4.60934,1,1,1,1,266,98,51.3333,364,420,56,0.604396,1,0.52381,0.936696,0,2.04177,0.999999,0,0,0
53340,door_2,4,0.982014,0.777063,2.538,1,1,0,56929,0,0,0,0,420,420,0,0,0,0.734248,0,2.05811,0.999681,0,0,0
53400,door_3,4,0.982014,-0.367985,4.60935,1,1,1,0,266,98,0,364,420,56,0.604396,1,0.52381,0.936726,0,2.04177,0.999999,0,0,1
53400,door_2,4,0.982014,0.777063,2.538,1,1,0,56996,0,0,0,0,420,420,0,0,0,0.734248,0,2.05811,0.999681,0,0,0
53460,door_3,4,0.982014,-0.36782,4.60935,1,1,1,0,266,98,0,364,420,56,0.604396,1,0.52381,0.936717,0,2.04177,0.999999,0,0,1
53460,door_2,4,0.982014,0.777063,2.538,1,1,0,57062,0,0,0,0,420,420,0,0,0,0.734248,0,2.05811,0.999681,0,0,0
53520,door_3,4,0.982014,-0.369336,4.60937,1,1,1,1,266,98,51.3333,364,420,56,0.604396,1,0.52381,0.936798,0,2.04177,0.999999,0,0,0
53520,door_2,4,0.982014,0.777063,2.538,1,1,0,57131,0,0,0,0,420,420,0,0,0,0.734248,0,2.05811,0.999681,0,0,0
53580,door_3,4,0.982014,-0.368841,4.60936,1,1,1,1,266,98,51.3333,364,420,56,0.604396,1,0.52381,0.936772,0,2.04177,0.999999,0,0,0
53580,door_2,4,0.982014,0.777063,2.538,1,1,0,57198,0,0,0,0,420,420,0,0,0,0.734248,0,2.05811,0.999681,0,0,0
53640,door_3,4,0.982014,-0.367854,4.60935,1,1,1,0,266,98,0,364,420,56,0.604396,1,0.52381,0.936719,0,2.04177,0.999999,0,0,1
53640,door_2,4,0.982014,0.777063,2.538,1,1,0,57265,0,0,0,0,420,420,0,0,0,0.734248,0,2.05811,0.999681,0,0,0
53700,door_3,4,0.982014,-0.36895,4.60936,1,1,1,0,266,98,0,364,420,56,0.604396,1,0.52381,0.936778,0,2.04177,0.999999,0,0,1
53700,door_2,4,0.982014,0.777063,2.538,1,1,0,57334,0,0,0,0,420,420,0,0,0,0.734249,0,2.05811,0.999681,0,0,0
53760,door_3,4,0.982014,-0.367931,4.60935,1,1,1,1,266,98,51.3333,364,420,56,0.604396,1,0.52381,0.936724,0,2.04177,0.999999,0,0,0
53760,door_2,4,0.982014,0.777063,2.538,1,1,0,57398,0,0,0,0,420,420,0,0,0,0.734249,0,2.05811,0.999681,0,0,0
53820,door_3,4,0.982014,-0.368533,4.60936,1,1,1,0,266,98,0,364,420,56,0.604396,1,0.52381,0.936756,0,2.04177,0.999999,0,0,1
53820,door_2,4,0.982014,0.777063,2.538,1,1,0,57465,0,0,0,0,420,420,0,0,0,0.734249,0,2.05811,0.999681,0,0,0
53880,door_3,4,0.982014,-0.367557,4.60934,1,1,1,0,266,98,0,364,420,56,0.604396,1,0.52381,0.936704,0,2.04177,0.999999,0,0,1
53880,door_2,4,0.982014,0.777063,2.538,1,1,0,57532,0,0,0,0,420,420,0,0,0,0.734249,0,2.05811,0.999681,0,0,0
53940,door_3,4,0.982014,-0.367137,4.60934,1,1,1,0,266,98,0,364,420,56,0.604396,1,0.52381,0.936682,0,2.04177,0.999999,0,0,1
53940,door_2,4,0.982014,0.777063,2.538,1,1,0,57597,0,0,0,0,420,420,0,0,0,0.734249,0,2.05811,0.999681,0,0,0
54000,door_3,4,0.982014,-0.371114,4.6094,1,1,1,0,266,98,0,364,420,56,0.604396,1,0.52381,0.936893,0,2.04177,0.999999,0,0,1
54000,door_2,4,0.982014,0.777063,2.538,1,1,0,57663,0,0,0,0,420,420,0,0,0,0.734249,0,2.05811,0.999681,0,0,0
54060,door_3,4,0.982014,-0.370731,4.60939,1,1,1,0,266,98,0,364,420,56,0.604396,1,0.52381,0.936873,0,2.04177,0.999999,0,0,1
54060,door_2,4,0.982014,0.777063,2.538,1,1,0,57727,0,0,0,0,420,420,0,0,0,0.73425,0,2.05811,0.999681,0,0,0
54120,door_3,4,0.982014,-0.36801,4.60935,1,1,1,0,266,98,0,364,420,56,0.604396,1,0.52381,0.936729,0,2.04177,0.999999,0,0,1
54120,door_2,4,0.982014,0.777063,2.538,1,1,0,57797,0,0,0,0,420,420,0,0,0,0.73425,0,2.05811,0.999681,0,0,0
54180,door_3,4,0.982014,-0.37115,4.6094,1,1,1,0,266,98,0,364,420,56,0.604396,1,0.52381,0.936896,0,2.04177,0.999999,0,0,1
54180,door_2,4,0.982014,0.777063,2.538,1,1,0,57864,0,0,0,0,420,420,0,0,0,0.73425,0,2.05811,0.999681,0,0,0
54240,door_3,4,0.982014,-0.365633,4.60932,1,1,1,0,266,98,0,364,420,56,0.604396,1,0.52381,0.936602,0,2.04177,0.999999,0,0,1
54240,door_2,4,0.982014,0.777063,2.538,1,1,0,57927,0,0,0,0,420,420,0,0,0,0.734251,0,2.05811,0.999681,0,0,0
54300,door_3,4,0.982014,-0.372369,4.60942,1,1,1,0,266,98,0,364,420,56,0.604396,1,0.52381,0.936961,0,2.04177,0.999999,0,0,1
54300,door_2,4,0.982014,0.777063,2.538,1,1,0,57993,0,0,0,0,420,420,0,0,0,0.734251,0,2.05811,0.999681,0,0,0
54360,door_3,4,0.982014,-0.370724,4.60939,1,1,1,0,266,98,0,364,420,56,0.604396,1,0.52381,0.936874,0,2.04177,0.999999,0,0,1
54360,door_2,4,0.982014,0.777063,2.538,1,1,0,58058,0,0,0,0,420,420,0,0,0,0.734251,0,2.05811,0.999681,0,0,0
54420,door_3,4,0.982014,-0.367602,4.60934,1,1,1,0,266,98,0,364,420,56,0.604396,1,0.52381,0.936708,0,2.04177,0.999999,0,0,1
54420,door_2,4,0.982014,0.777063,2.538,1,1,0,58123,0,0,0,0,420,420,0,0,0,0.734251,0,2.05811,0.999681,0,0,0
54480,door_3,4,0.982014,-0.371052,4.6094,1,1,1,0,266,98,0,364,420,56,0.604396,1,0.52381,0.936891,0,2.04177,0.999999,0,0,1
54480,door_2,4,0.982014,0.777063,2.538,1,1,0,58187,0,0,0,0,420,420,0,0,0,0.734251,0,2.05811,0.999681,0,0,0
54540,door_3,4,0.982014,-0.367566,4.60934,1,1,1,0,266,98,0,364,420,56,0.604396,1,0.52381,0.936706,0,2.04177,0.999999,0,0,1
54540,door_2,4,0.982014,0.777063,2.538,1,1,0,58255,0,0,0,0,420,420,0,0,0,0.734251,0,2.05811,0.999681,0,0,0
54600,door_3,4,0.982014,-0.366332,4.60933,1,1,1,0,266,98,0,364,420,56,0.604396,1,0.52381,0.93664,0,2.04177,0.999999,0,0,1
54600,door_2,4,0.982014,0.777063,2.538,1,1,0,58322,0,0,0,0,420,420,0,0,0,0.734252,0,2.05811,0.999681,0,0,0
54660,door_3,4,0.982014,-0.368344,4.60936,1,1,1,0,266,98,0,364,420,56,0.604396,1,0.52381,0.936748,0,2.04177,0.999999,0,0,1
54660,door_2,4,0.982014,0.777063,2.538,1,1,0,58388,0,0,0,0,420,420,0,0,0,0.734252,0,2.05811,0.999681,0,0,0
54720,door_3,4,0.982014,-0.3693,4.60937,1,1,1,0,266,98,0,364,420,56,0.604396,1,0.52381,0.936799,0,2.04177,0.999999,0,0,1
54720,door_2,4,0.982014,0.777063,2.538,1,1,0,58453,0,0,0,0,420,420,0,0,0,0.734253,0,2.05811,0.999681,0,0,0
54780,door_3,4,0.982014,-0.368112,4.60935,1,1,1,0,266,98,0,364,420,56,0.604396,1,0.52381,0.936736,0,2.04177,0.999999,0,0,1
54780,door_2,4,0.982014,0.777063,2.538,1,1,0,58521,0,0,0,0,420,420,0,0,0,0.734253,0,2.05811,0.999681,0,0,0
54840,door_3,4,0.982014,-0.369374,4.60937,1,1,1,0,266,98,0,364,420,56,0.604396,1,0.52381,0.936803,0,2.04177,0.999999,0,0,1
54840,door_2,4,0.982014,0.777063,2.538,1,1,0,58588,0,0,0,0,420,420,0,0,0,0.734253,0,2.05811,0.999681,0,0,0
54900,door_3,4,0.982014,-0.367841,4.60935,1,1,1,0,266,98,0,364,420,56,0.604396,1,0.52381,0.936722,0,2.04177,0.999999,0,0,1
54900,door_2,4,0.982014,0.777063,2.538,1,1,0,58652,0,0,0,0,420,420,0,0,0,0.734253,0,2.05811,0.999681,0,0,0
54960,door_3,4,0.982014,-0.368093,4.60935,1,1,1,0,266,98,0,364,420,56,0.604396,1,0.52381,0.936735,0,2.04177,0.999999,0,0,1
54960,door_2,4,0.982014,0.777063,2.538,1,1,0,58721,0,0,0,0,420,420,0,0,0,0.734254,0,2.05811,0.999681,0,0,0
55020,door_3,4,0.982014,-0.37074,4.60939,1,1,1,0,266,98,0,364,420,56,0.604396,1,0.52381,0.936877,0,2.04177,0.999999,0,0,1
55020,door_2,4,0.982014,0.777063,2.538,1,1,0,58784,0,0,0,0,420,420,0,0,0,0.734254,0,2.05811,0.999681,0,0,0
55080,door_3,4,0.982014,-0.368776,4.60936,1,1,1,0,266,98,0,364,420,56,0.604396,1,0.52381,0.936772,0,2.04177,0.999999,0,0,1
55080,door_2,4,0.982014,0.777063,2.538,1,1,0,58849,0,0,0,0,420,420,0,0,0,0.734254,0,2.05811,0.999681,0,0,0
55140,door_3,4,0.982014,-0.367149,4.60934,1,1,1,0,266,98,0,364,420,56,0.604396,1,0.52381,0.936685,0,2.04177,0.999999,0,0,1
55140,door_2,4,0.982014,0.777063,2.538,1,1,0,58917,0,0,0,0,420,420,0,0,0,0.734254,0,2.05811,0.999681,0,0,0
55200,door_3,4,0.982014,-0.365733,4.60932,1,1,1,0,266,98,0,364,420,56,0.604396,1,0.52381,0.93661,0,2.04177,0.999999,0,0,1
55200,door_2,4,0.982014,0.777063,2.538,1,1,0,58987,0,0,0,0,420,420,0,0,0,0.734254,0,2.05811,0.999681,0,0,0
55260,door_3,4,0.982014,-0.367743,4.60935,1,1,1,0,266,98,0,364,420,56,0.604396,1,0.52381,0.936717,0,2.04177,0.999999,0,0,1
55260,door_2,4,0.982014,0.777063,2.538,1,1,0,59054,0,0,0,0,420,420,0,0,0,0.734254,0,2.05811,0.999681,0,0,0
55320,door_3,4,0.982014,-0.366135,4.60932,1,1,1,0,266,98,0,364,420,56,0.604396,1,0.52381,0.936632,0,2.04177,0.999999,0,0,1
55320,door_2,4,0.982014,0.777063,2.538,1,1,0,59120,0,0,0,0,420,420,0,0,0,0.734254,0,2.05811,0.999681,0,0,0
55380,door_3,4,0.982014,-0.367273,4.60934,1,1,1,1,266,98,51.3333,364,420,56,0.604396,1,0.52381,0.936693,0,2.04177,0.999999,0,0,0
55380,door_2,4,0.982014,0.777063,2.538,1,1,0,59187,0,0,0,0,420,420,0,0,0,0.734255,0,2.05811,0.999681,0,0,0
55440,door_3,4,0.982014,-0.368841,4.60936,1,1,1,0,266,98,0,364,420,56,0.604396,1,0.52381,0.936776,0,2.04177,0.999999,0,0,1
55440,door_2,4,0.982014,0.777063,2.538,1,1,0,59258,0,0,0,0,420,420,0,0,0,0.734255,0,2.05811,0.999681,0,0,0
55500,door_3,4,0.982014,-0.366971,4.60934,1,1,1,0,266,98,0,364,420,56,0.604396,1,0.52381,0.936677,0,2.04177,0.999999,0,0,1
55500,door_2,4,0.982014,0.777063,2.538,1,1,0,59326,0,0,0,0,420,420,0,0,0,0.734256,0,2.05811,0.999681,0,0,0
55560,door_3,4,0.982014,-0.367818,4.60935,1,1,1,0,266,98,0,364,420,56,0.604396,1,0.52381,0.936722,0,2.04177,0.999999,0,0,1
55560,door_2,4,0.982014,0.777063,2.538,1,1,0,59390,0,0,0,0,420,420,0,0,0,0.734256,0,2.05811,0.999681,0,0,0
55620,door_3,4,0.982014,-0.368183,4.60935,1,1,1,1,266,98,51.3333,364,420,56,0.604396,1,0.52381,0.936742,0,2.04177,0.999999,0,0,0
55620,door_2,4,0.982014,0.777063,2.538,1,1,0,59460,0,0,0,0,420,420,0,0,0,0.734256,0,2.05811,0.999681,0,0,0
55680,door_3,4,0.982014,-0.370503,4.60939,1,1,1,0,266,98,0,364,420,56,0.604396,1,0.52381,0.936866,0,2.04177,0.999999,0,0,1
55680,door_2,4,0.982014,0.777063,2.538,1,1,0,59527,0,0,0,0,420,420,0,0,0,0.734257,0,2.05811,0.999681,0,0,0
55740,door_3,4,0.982014,-0.369022,4.60937,1,1,1,0,266,98,0,364,420,56,0.604396,1,0.52381,0.936787,0,2.04177,0.999999,0,0,1
55740,door_2,4,0.982014,0.777063,2.538,1,1,0,59594,0,0,0,0,420,420,0,0,0,0.734257,0,2.05811,0.999681,0,0,0
55800,door_3,4,0.982014,-0.365766,4.60932,1,1,1,0,266,98,0,364,420,56,0.604396,1,0.52381,0.936614,0,2.04177,0.999999,0,0,1
55800,door_2,4,0.982014,0.777063,2.538,1,1,0,59658,0,0,0,0,420,420,0,0,0,0.734257,0,2.05811,0.999681,0,0,0
55860,door_3,4,0.982014,-0.367072,4.60934,1,1,1,0,266,98,0,364,420,56,0.604396,1,0.52381,0.936683,0,2.04177,0.999999,0,0,1
55860,door_2,4,0.982014,0.777063,2.538,1,1,0,59724,0,0,0,0,420,420,0,0,0,0.734258,0,2.05811,0.999681,0,0,0
55920,door_3,4,0.982014,-0.372629,4.60942,1,1,1,1,266,98,51.3333,364,420,56,0.604396,1,0.52381,0.936979,0,2.04177,0.999999,0,0,0
55920,door_2,4,0.982014,0.777063,2.538,1,1,0,59792,0,0,0,0,420,420,0,0,0,0.734258,0,2.05811,0.999681,0,0,0
55980,door_3,4,0.982014,-0.365797,4.60932,1,1,1,0,266,98,0,364,420,56,0.604396,1,0.52381,0.936616,0,2.04177,0.999999,0,0,1
55980,door_2,4,0.982014,0.777063,2.538,1,1,0,59857,0,0,0,0,420,420,0,0,0,0.734258,0,2.05811,0.999681,0,0,0
56040,door_3,4,0.982014,-0.367554,4.60934,1,1,1,0,266,98,0,364,420,56,0.604396,1,0.52381,0.936709,0,2.04177,0.999999,0,0,1
56040,door_2,4,0.982014,0.777063,2.538,1,1,0,59924,0,0,0,0,420,420,0,0,0,0.734258,0,2.05811,0.999681,0,0,0
56100,door_3,4,0.982014,-0.367206,4.60934,1,1,1,0,266,98,0,364,420,56,0.604396,1,0.52381,0.936691,0,2.04177,0.999999,0,0,1
56100,door_2,4,0.982014,0.777063,2.538,1,1,0,59988,0,0,0,0,420,420,0,0,0,0.734258,0,2.05811,0.999681,0,0,0
56160,door_3,4,0.982014,-0.367189,4.60934,1,1,1,0,266,98,0,364,420,56,0.604396,1,0.52381,0.93669,0,2.04177,0.999999,0,0,1
56160,door_2,4,0.982014,0.777063,2.538,1,1,0,60053,0,0,0,0,420,420,0,0,0,0.734258,0,2.05811,0.999681,0,0,0
56220,door_3,4,0.982014,-0.366749,4.60933,1,1,1,1,266,98,51.3333,364,420,56,0.604396,1,0.52381,0.936667,0,2.04177,0.999999,0,0,0
56220,door_2,4,0.982014,0.777063,2.538,1,1,0,60117,0,0,0,0,420,420,0,0,0,0.734258,0,2.05811,0.999681,0,0,0
56280,door_3,4,0.982014,-0.365978,4.60932,1,1,1,0,266,98,0,364,420,56,0.604396,1,0.52381,0.936626,0,2.04177,0.999999,0,0,1
56280,door_2,4,0.982014,0.777063,2.538,1,1,0,60184,0,0,0,0,420,420,0,0,0,0.734258,0,2.05811,0.999681,0,0,0
56340,door_3,4,0.982014,-0.371072,4.6094,1,1,1,0,266,98,0,364,420,56,0.604396,1,0.52381,0.936897,0,2.04177,0.999999,0,0,1
56340,door_2,4,0.982014,0.777063,2.538,1,1,0,60252,0,0,0,0,420,420,0,0,0,0.734259,0,2.05811,0.999681,0,0,0
56400,door_3,4,0.982014,-0.368808,4.60936,1,1,1,0,266,98,0,364,420,56,0.604396,1,0.52381,0.936777,0,2.04177,0.999999,0,0,1
56400,door_2,4,0.982014,0.777063,2.538,1,1,0,60316,0,0,0,0,420,420,0,0,0,0.734259,0,2.05811,0.999681,0,0,0
56460,door_3,4,0.982014,-0.370677,4.60939,1,1,1,1,266,98,51.3333,364,420,56,0.604396,1,0.52381,0.936876,0,2.04177,0.999999,0,0,0
56460,door_2,4,0.982014,0.777063,2.538,1,1,0,60383,0,0,0,0,420,420,0,0,0,0.734259,0,2.05811,0.999681,0,0,0
56520,door_3,4,0.982014,-0.371023,4.6094,1,1,1,0,266,98,0,364,420,56,0.604396,1,0.52381,0.936895,0,2.04177,0.999999,0,0,1
56520,door_2,4,0.982014,0.777063,2.538,1,1,0,60449,0,0,0,0,420,420,0,0,0,0.734259,0,2.05811,0.999681,0,0,0
56580,door_3,4,0.982014,-0.368667,4.60936,1,1,1,0,266,98,0,364,420,56,0.604396,1,0.52381,0.93677,0,2.04177,0.999999,0,0,1
56580,door_2,4,0.982014,0.777063,2.538,1,1,0,60513,0,0,0,0,420,420,0,0,0,0.734259,0,2.05811,0.999681,0,0,0
56640,door_3,4,0.982014,-0.369119,4.60937,1,1,1,0,266,98,0,364,420,56,0.604396,1,0.52381,0.936794,0,2.04177,0.999999,0,0,1
56640,door_2,4,0.982014,0.777063,2.538,1,1,0,60581,0,0,0,0,420,420,0,0,0,0.73426,0,2.05811,0.999681,0,0,0
56700,door_3,4,0.982014,-0.367618,4.60934,1,1,1,0,266,98,0,364,420,56,0.604396,1,0.52381,0.936714,0,2.04177,0.999999,0,0,1
56700,door_2,4,0.982014,0.777063,2.538,1,1,0,60650,0,0,0,0,420,420,0,0,0,0.73426,0,2.05811,0.999681,0,0,0
56760,door_3,4,0.982014,-0.367602,4.60934,1,1,1,0,266,98,0,364,420,56,0.604396,1,0.52381,0.936714,0,2.04177,0.999999,0,0,1
56760,door_2,4,0.982014,0.777063,2.538,1,1,0,60714,0,0,0,0,420,420,0,0,0,0.73426,0,2.05811,0.999681,0,0,0
56820,door_3,4,0.982014,-0.371971,4.60941,1,1,1,0,266,98,0,364,420,56,0.604396,1,0.52381,0.936946,0,2.04177,0.999999,0,0,1
56820,door_2,4,0.982014,0.777063,2.538,1,1,0,60779,0,0,0,0,420,420,0,0,0,0.73426,0,2.05811,0.999681,0,0,0
56880,door_3,4,0.982014,-0.37034,4.60939,1,1,1,0,266,98,0,364,420,56,0.604396,1,0.52381,0.93686,0,2.04177,0.999999,0,0,1
56880,door_2,4,0.982014,0.777063,2.538,1,1,0,60843,0,0,0,0,420,420,0,0,0,0.73426,0,2.05811,0.999681,0,0,0
56940,door_3,4,0.982014,-0.371231,4.6094,1,1,1,0,266,98,0,364,420,56,0.604396,1,0.52381,0.936907,0,2.04177,0.999999,0,0,1
56940,door_2,4,0.982014,0.777063,2.538,1,1,0,60909,0,0,0,0,420,420,0,0,0,0.734261,0,2.05811,0.999681,0,0,0
57000,door_3,4,0.982014,-0.369092,4.60937,1,1,1,0,266,98,0,364,420,56,0.604396,1,0.52381,0.936793,0,2.04177,0.999999,0,0,1
57000,door_2,4,0.982014,0.777063,2.538,1,1,0,60980,0,0,0,0,420,420,0,0,0,0.734261,0,2.05811,0.999681,0,0,0
57060,door_3,4,0.982014,-0.369577,4.60937,1,1,1,0,266,98,0,364,420,56,0.604396,1,0.52381,0.936819,0,2.04177,0.999999,0,0,1
57060,door_2,4,0.982014,0.777063,2.538,1,1,0,61046,0,0,0,0,420,420,0,0,0,0.734261,0,2.05811,0.999681,0,0,0
57120,door_3,4,0.982014,-0.365782,4.60932,1,1,1,0,266,98,0,364,420,56,0.604396,1,0.52381,0.936617,0,2.04177,0.999999,0,0,1
57120,door_2,4,0.982014,0.777063,2.538,1,1,0,61111,0,0,0,0,420,420,0,0,0,0.734261,0,2.05811,0.999681,0,0,0
57180,door_3,4,0.982014,-0.373574,4.60943,1,1,1,0,266,98,0,364,420,56,0.604396,1,0.52381,0.937032,0,2.04177,0.999999,0,0,1
57180,door_2,4,0.982014,0.777063,2.538,1,1,0,61176,0,0,0,0,420,420,0,0,0,0.734261,0,2.05811,0.999681,0,0,0
57240,door_3,4,0.982014,-0.371712,4.60941,1,1,1,0,266,98,0,364,420,56,0.604396,1,0.52381,0.936933,0,2.04177,0.999999,0,0,1
57240,door_2,4,0.982014,0.777063,2.538,1,1,0,61242,0,0,0,0,420,420,0,0,0,0.734261,0,2.05811,0.999681,0,0,0
57300,door_3,4,0.982014,-0.365763,4.60932,1,1,1,0,266,98,0,364,420,56,0.604396,1,0.52381,0.936616,0,2.04177,0.999999,0,0,1
57300,door_2,4,0.982014,0.777063,2.538,1,1,0,61308,0,0,0,0,420,420,0,0,0,0.734261,0,2.05811,0.999681,0,0,0
57360,door_3,4,0.982014,-0.368586,4.60936,1,1,1,1,266,98,51.3333,364,420,56,0.604396,1,0.52381,0.936767,0,2.04177,0.999999,0,0,0
57360,door_2,4,0.982014,0.777063,2.538,1,1,0,61376,0,0,0,0,420,420,0,0,0,0.734261,0,2.05811,0.999681,0,0,0
57420,door_3,4,0.982014,-0.369088,4.60937,1,1,1,0,266,98,0,364,420,56,0.604396,1,0.52381,0.936794,0,2.04177,0.999999,0,0,1
57420,door_2,4,0.982014,0.777063,2.538,1,1,0,61444,0,0,0,0,420,420,0,0,0,0.734261,0,2.05811,0.999681,0,0,0
57480,door_3,4,0.982014,-0.371073,4.6094,1,1,1,0,266,98,0,364,420,56,0.604396,1,0.52381,0.9369,0,2.04177,0.999999,0,0,1
57480,door_2,4,0.982014,0.777063,2.538,1,1,0,61511,0,0,0,0,420,420,0,0,0,0.734262,0,2.05811,0.999681,0,0,0
57540,door_3,4,0.982014,-0.367191,4.60934,1,1,1,0,266,98,0,364,420,56,0.604396,1,0.52381,0.936693,0,2.04177,0.999999,0,0,1
57540,door_2,4,0.982014,0.777063,2.538,1,1,0,61581,0,0,0,0,420,420,0,0,0,0.734262,0,2.05811,0.999681,0,0,0
57600,door_3,4,0.982014,-0.369297,4.60937,1,1,1,0,266,98,0,364,420,56,0.604396,1,0.52381,0.936805,0,2.04177,0.999999,0,0,1
57600,door_2,4,0.982014,0.777063,2.538,1,1,0,61650,0,0,0,0,420,420,0,0,0,0.734262,0,2.05811,0.999681,0,0,0
57660,door_3,4,0.982014,-0.370721,4.60939,1,1,1,0,266,98,0,364,420,56,0.604396,1,0.52381,0.936881,0,2.04177,0.999999,0,0,1
57660,door_2,4,0.982014,0.777063,2.538,1,1,0,61714,0,0,0,0,420,420,0,0,0,0.734262,0,2.05811,0.999681,0,0,0
57720,door_3,4,0.982014,-0.369137,4.60937,1,1,1,0,266,98,0,364,420,56,0.604396,1,0.52381,0.936797,0,2.04177,0.999999,0,0,1
57720,door_2,4,0.982014,0.777063,2.538,1,1,0,61779,0,0,0,0,420,420,0,0,0,0.734262,0,2.05811,0.999681,0,0,0
57780,door_3,4,0.982014,-0.367392,4.60934,1,1,1,0,266,98,0,364,420,56,0.604396,1,0.52381,0.936704,0,2.04177,0.999999,0,0,1
57780,door_2,4,0.982014,0.777063,2.538,1,1,0,61844,0,0,0,0,420,420,0,0,0,0.734262,0,2.05811,0.999681,0,0,0
57840,door_3,4,0.982014,-0.365995,4.60932,1,1,1,0,266,98,0,364,420,56,0.604396,1,0.52381,0.93663,0,2.04177,0.999999,0,0,1
57840,door_2,4,0.982014,0.777063,2.538,1,1,0,61914,0,0,0,0,420,420,0,0,0,0.734262,0,2.05811,0.999681,0,0,0
57900,door_3,4,0.982014,-0.365998,4.60932,1,1,1,1,266,98,51.3333,364,420,56,0.604396,1,0.52381,0.93663,0,2.04177,0.999999,0,0,0
57900,door_2,4,0.982014,0.777063,2.538,1,1,0,61982,0,0,0,0,420,420,0,0,0,0.734263,0,2.05811,0.999681,0,0,0
57960,door_3,4,0.982014,-0.36951,4.60937,1,1,1,0,266,98,0,364,420,56,0.604396,1,0.52381,0.936817,0,2.04177,0.999999,0,0,1
57960,door_2,4,0.982014,0.777063,2.538,1,1,0,62049,0,0,0,0,420,420,0,0,0,0.734263,0,2.05811,0.999681,0,0,0
58020,door_3,4,0.982014,-0.369242,4.60937,1,1,1,0,266,98,0,364,420,56,0.604396,1,0.52381,0.936803,0,2.04177,0.999999,0,0,1
58020,door_2,4,0.982014,0.777063,2.538,1,1,0,62112,0,0,0,0,420,420,0,0,0,0.734263,0,2.05811,0.999681,0,0,0
58080,door_3,4,0.982014,-0.368091,4.60935,1,1,1,0,266,98,0,364,420,56,0.604396,1,0.52381,0.936742,0,2.04177,0.999999,0,0,1
58080,door_2,4,0.982014,0.777063,2.538,1,1,0,62178,0,0,0,0,420,420,0,0,0,0.734263,0,2.05811,0.999681,0,0,0
58140,door_3,4,0.982014,-0.366975,4.60934,1,1,1,0,266,98,0,364,420,56,0.604396,1,0.52381,0.936682,0,2.04177,0.999999,0,0,1
58140,door_2,4,0.982014,0.777063,2.538,1,1,0,62244,0,0,0,0,420,420,0,0,0,0.734263,0,2.05811,0.999681,0,0,0
58200,door_3,4,0.982014,-0.367547,4.60934,1,1,1,0,266,98,0,364,420,56,0.604396,1,0.52381,0.936713,0,2.04177,0.999999,0,0,1
58200,door_2,4,0.982014,0.777063,2.538,1,1,0,62311,0,0,0,0,420,420,0,0,0,0.734263,0,2.05811,0.999681,0,0,0
58260,door_3,4,0.982014,-0.372044,4.60941,1,1,1,0,266,98,0,364,420,56,0.604396,1,0.52381,0.936953,0,2.04177,0.999999,0,0,1
58260,door_2,4,0.982014,0.777063,2.538,1,1,0,62379,0,0,0,0,420,420,0,0,0,0.734264,0,2.05811,0.999681,0,0,0
58320,door_3,4,0.982014,-0.36669,4.60933,1,1,1,0,266,98,0,364,420,56,0.604396,1,0.52381,0.936668,0,2.04177,0.999999,0,0,1
58320,door_2,4,0.982014,0.777063,2.538,1,1,0,62444,0,0,0,0,420,420,0,0,0,0.734264,0,2.05811,0.999681,0,0,0
58380,door_3,4,0.982014,-0.368745,4.60936,1,1,1,0,266,98,0,364,420,56,0.604396,1,0.52381,0.936777,0,2.04177,0.999999,0,0,1
58380,door_2,4,0.982014,0.777063,2.538,1,1,0,62509,0,0,0,0,420,420,0,0,0,0.734264,0,2.05811,0.999681,0,0,0
58440,door_3,4,0.982014,-0.366975,4.60934,1,1,1,0,266,98,0,364,420,56,0.604396,1,0.52381,0.936683,0,2.04177,0.999999,0,0,1
58440,door_2,4,0.982014,0.777063,2.538,1,1,0,62574,0,0,0,0,420,420,0,0,0,0.734264,0,2.05811,0.999681,0,0,0
58500,door_3,4,0.982014,-0.367477,4.60934,1,1,1,0,266,98,0,364,420,56,0.604396,1,0.52381,0.93671,0,2.04177,0.999999,0,0,1
58500,door_2,4,0.982014,0.777063,2.538,1,1,0,62643,0,0,0,0,420,420,0,0,0,0.734264,0,2.05811,0.999681,0,0,0
58560,door_3,4,0.982014,-0.365774,4.60932,1,1,1,1,266,98,51.3333,364,420,56,0.604396,1,0.52381,0.936619,0,2.04177,0.999999,0,0,0
58560,door_2,4,0.982014,0.777063,2.538,1,1,0,62708,0,0,0,0,420,420,0,0,0,0.734264,0,2.05811,0.999681,0,0,0
58620,door_3,4,0.982014,-0.365863,4.60932,1,1,1,0,266,98,0,364,420,56,0.604396,1,0.52381,0.936624,0,2.04177,0.999999,0,0,1
58620,door_2,4,0.982014,0.777063,2.538,1,1,0,62777,0,0,0,0,420,420,0,0,0,0.734264,0,2.05811,0.999681,0,0,0
58680,door_3,4,0.982014,-0.371024,4.6094,1,1,1,0,266,98,0,364,420,56,0.604396,1,0.52381,0.936899,0,2.04177,0.999999,0,0,1
58680,door_2,4,0.982014,0.777063,2.538,1,1,0,62842,0,0,0,0,420,420,0,0,0,0.734265,0,2.05811,0.999681,0,0,0
58740,door_3,4,0.982014,-0.366014,4.60932,1,1,1,0,266,98,0,364,420,56,0.604396,1,0.52381,0.936633,0,2.04177,0.999999,0,0,1
58740,door_2,4,0.982014,0.777063,2.538,1,1,0,62906,0,0,0,0,420,420,0,0,0,0.734265,0,2.05811,0.999681,0,0,0
58800,door_3,4,0.982014,-0.369209,4.60937,1,1,1,1,266,98,51.3333,364,420,56,0.604396,1,0.52381,0.936803,0,2.04177,0.999999,0,0,0
58800,door_2,4,0.982014,0.777063,2.538,1,1,0,62975,0,0,0,0,420,420,0,0,0,0.734265,0,2.05811,0.999681,0,0,0
58860,door_3,4,0.982014,-0.367097,4.60934,1,1,1,0,266,98,0,364,420,56,0.604396,1,0.52381,0.93669,0,2.04177,0.999999,0,0,1
58860,door_2,4,0.982014,0.777063,2.538,1,1,0,63039,0,0,0,0,420,420,0,0,0,0.734265,0,2.05811,0.999681,0,0,0
58920,door_3,4,0.982014,-0.367373,4.60934,1,1,1,0,266,98,0,364,420,56,0.604396,1,0.52381,0.936705,0,2.04177,0.999999,0,0,1
58920,door_2,4,0.982014,0.777063,2.538,1,1,0,63104,0,0,0,0,420,420,0,0,0,0.734265,0,2.05811,0.999681,0,0,0
58980,door_3,4,0.982014,-0.369086,4.60937,1,1,1,0,266,98,0,364,420,56,0.604396,1,0.52381,0.936797,0,2.04177,0.999999,0,0,1
58980,door_2,4,0.982014,0.777063,2.538,1,1,0,63172,0,0,0,0,420,420,0,0,0,0.734266,0,2.05811,0.999681,0,0,0
59040,door_3,4,0.982014,-0.365799,4.60932,1,1,1,0,266,98,0,364,420,56,0.604396,1,0.52381,0.936622,0,2.04177,0.999999,0,0,1
59040,door_2,4,0.982014,0.777063,2.538,1,1,0,63240,0,0,0,0,420,420,0,0,0,0.734266,0,2.05811,0.999681,0,0,0
59100,door_3,4,0.982014,-0.366289,4.60933,1,1,1,0,266,98,0,364,420,56,0.604396,1,0.52381,0.936648,0,2.04177,0.999999,0,0,1
59100,door_2,4,0.982014,0.777063,2.538,1,1,0,63308,0,0,0,0,420,420,0,0,0,0.734266,0,2.05811,0.999681,0,0,0
59160,door_3,4,0.982014,-0.365796,4.60932,1,1,1,1,266,98,51.3333,364,420,56,0.604396,1,0.52381,0.936622,0,2.04177,0.999999,0,0,0
59160,door_2,4,0.982014,0.777063,2.538,1,1,0,63377,0,0,0,0,420,420,0,0,0,0.734267,0,2.05811,0.999681,0,0,0
59220,door_3,4,0.982014,-0.367835,4.60935,1,1,1,1,266,98,51.3333,364,420,56,0.604396,1,0.52381,0.936731,0,2.04177,0.999999,0,0,0
59220,door_2,4,0.982014,0.777063,2.538,1,1,0,63448,0,0,0,0,420,420,0,0,0,0.734267,0,2.05811,0.999681,0,0,0
59280,door_3,4,0.982014,-0.369015,4.60937,1,1,1,0,266,98,0,364,420,56,0.604396,1,0.52381,0.936794,0,2.04177,0.999999,0,0,1
59280,door_2,4,0.982014,0.777063,2.538,1,1,0,63518,0,0,0,0,420,420,0,0,0,0.734267,0,2.05811,0.999681,0,0,0
59340,door_3,4,0.982014,-0.365636,4.60932,1,1,1,0,266,98,0,364,420,56,0.604396,1,0.52381,0.936615,0,2.04177,0.999999,0,0,1
59340,door_2,4,0.982014,0.777063,2.538,1,1,0,63584,0,0,0,0,420,420,0,0,0,0.734268,0,2.05811,0.999681,0,0,0
59400,door_3,4,0.982014,-0.366878,4.60933,1,1,1,0,266,98,0,364,420,56,0.604396,1,0.52381,0.936681,0,2.04177,0.999999,0,0,1
59400,door_2,4,0.982014,0.777063,2.538,1,1,0,63648,0,0,0,0,420,420,0,0,0,0.734268,0,2.05811,0.999681,0,0,0
59460,door_3,4,0.982014,-0.3641,4.60929,1,1,1,0,266,98,0,364,420,56,0.604396,1,0.52381,0.936533,0,2.04177,0.999999,0,0,1
59460,door_2,4,0.982014,0.777063,2.538,1,1,0,63714,0,0,0,0,420,420,0,0,0,0.734268,0,2.05811,0.999681,0,0,0
59520,door_3,4,0.982014,-0.367458,4.60934,1,1,1,0,266,98,0,364,420,56,0.604396,1,0.52381,0.936712,0,2.04177,0.999999,0,0,1
59520,door_2,4,0.982014,0.777063,2.538,1,1,0,63780,0,0,0,0,420,420,0,0,0,0.734268,0,2.05811,0.999681,0,0,0
59580,door_3,4,0.982014,-0.369399,4.60937,1,1,1,0,266,98,0,364,420,56,0.604396,1,0.52381,0.936815,0,2.04177,0.999999,0,0,1
59580,door_2,4,0.982014,0.777063,2.538,1,1,0,63850,0,0,0,0,420,420,0,0,0,0.734268,0,2.05811,0.999681,0,0,0
59640,door_3,4,0.982014,-0.367693,4.60935,1,1,1,0,266,98,0,364,420,56,0.604396,1,0.52381,0.936725,0,2.04177,0.999999,0,0,1
59640,door_2,4,0.982014,0.777063,2.538,1,1,0,63915,0,0,0,0,420,420,0,0,0,0.734268,0,2.05811,0.999681,0,0,0
59700,door_3,4,0.982014,-0.366429,4.60933,1,1,1,0,266,98,0,364,420,56,0.604396,1,0.52381,0.936657,0,2.04177,0.999999,0,0,1
59700,door_2,4,0.982014,0.777063,2.538,1,1,0,63986,0,0,0,0,420,420,0,0,0,0.734269,0,2.05811,0.999681,0,0,0
59760,door_3,4,0.982014,-0.366755,4.60933,1,1,1,0,266,98,0,364,420,56,0.604396,1,0.52381,0.936675,0,2.04177,0.999999,0,0,1
59760,door_2,4,0.982014,0.777063,2.538,1,1,0,64053,0,0,0,0,420,420,0,0,0,0.734269,0,2.05811,0.999681,0,0,0
59820,door_3,4,0.982014,-0.370494,4.60939,1,1,1,0,266,98,0,364,420,56,0.604396,1,0.52381,0.936874,0,2.04177,0.999999,0,0,1
59820,door_2,4,0.982014,0.777063,2.538,1,1,0,64120,0,0,0,0,420,420,0,0,0,0.734269,0,2.05811,0.999681,0,0,0
59880,door_3,4,0.982014,-0.369206,4.60937,1,1,1,0,266,98,0,364,420,56,0.604396,1,0.52381,0.936806,0,2.04177,0.999999,0,0,1
59880,door_2,4,0.982014,0.777063,2.538,1,1,0,64188,0,0,0,0,420,420,0,0,0,0.73427,0,2.05811,0.999681,0,0,0
59940,door_3,4,0.982014,-0.367051,4.60934,1,1,1,0,266,98,0,364,420,56,0.604396,1,0.52381,0.936691,0,2.04177,0.999999,0,0,1
59940,door_2,4,0.982014,0.777063,2.538,1,1,0,64252,0,0,0,0,420,420,0,0,0,0.73427,0,2.05811,0.999681,0,0,0
60000,door_3,4,0.982014,-0.36577,4.60932,1,1,1,1,266,98,51.3333,364,420,56,0.604396,1,0.52381,0.936623,0,2.04177,0.999999,0,0,0
60000,door_2,4,0.982014,0.777063,2.538,1,1,0,64320,0,0,0,0,420,420,0,0,0,0.73427,0,2.05811,0.999681,0,0,0
60060,door_3,4,0.982014,-0.367888,4.60935,1,1,1,1,266,98,51.3333,364,420,56,0.604396,1,0.52381,0.936736,0,2.04177,0.999999,0,0,0
60060,door_2,4,0.982014,0.777063,2.538,1,1,0,64384,0,0,0,0,420,420,0,0,0,0.73427,0,2.05811,0.999681,0,0,0
60120,door_3,4,0.982014,-0.365645,4.60932,1,1,1,0,266,98,0,364,420,56,0.604396,1,0.52381,0.936617,0,2.04177,0.999999,0,0,1
60120,door_2,4,0.982014,0.777063,2.538,1,1,0,64447,0,0,0,0,420,420,0,0,0,0.73427,0,2.05811,0.999681,0,0,0
60180,door_3,4,0.982014,-0.360899,4.60924,1,1,1,0,266,98,0,364,420,56,0.604396,1,0.52381,0.936364,0,2.04177,0.999999,0,0,1
60180,door_2,4,0.982014,0.777063,2.538,1,1,0,64513,0,0,0,0,420,420,0,0,0,0.73427,0,2.05811,0.999681,0,0,0
60240,door_3,4,0.982014,-0.368781,4.60936,1,1,1,0,266,98,0,364,420,56,0.604396,1,0.52381,0.936784,0,2.04177,0.999999,0,0,1
60240,door_2,4,0.982014,0.777063,2.538,1,1,0,64578,0,0,0,0,420,420,0,0,0,0.73427,0,2.05811,0.999681,0,0,0
60300,door_3,4,0.982014,-0.365951,4.60932,1,1,1,0,266,98,0,364,420,56,0.604396,1,0.52381,0.936633,0,2.04177,0.999999,0,0,1
60300,door_2,4,0.982014,0.777063,2.538,1,1,0,64645,0,0,0,0,420,420,0,0,0,0.73427,0,2.05811,0.999681,0,0,0
60360,door_3,4,0.982014,-0.367601,4.60934,1,1,1,0,266,98,0,364,420,56,0.604396,1,0.52381,0.936721,0,2.04177,0.999999,0,0,1
60360,door_2,4,0.982014,0.777063,2.538,1,1,0,64714,0,0,0,0,420,420,0,0,0,0.73427,0,2.05811,0.999681,0,0,0
60420,door_3,4,0.982014,-0.368273,4.60935,1,1,1,0,266,98,0,364,420,56,0.604396,1,0.52381,0.936757,0,2.04177,0.999999,0,0,1
60420,door_2,4,0.982014,0.777063,2.538,1,1,0,64783,0,0,0,0,420,420,0,0,0,0.73427,0,2.05811,0.999681,0,0,0
60480,door_3,4,0.982014,-0.367012,4.60934,1,1,1,0,266,98,0,364,420,56,0.604396,1,0.52381,0.93669,0,2.04177,0.999999,0,0,1
60480,door_2,4,0.982014,0.777063,2.538,1,1,0,64849,0,0,0,0,420,420,0,0,0,0.734271,0,2.05811,0.999681,0,0,0
60540,door_3,4,0.982014,-0.371382,4.6094,1,1,1,0,266,98,0,364,420,56,0.604396,1,0.52381,0.936923,0,2.04177,0.999999,0,0,1
60540,door_2,4,0.982014,0.777063,2.538,1,1,0,64918,0,0,0,0,420,420,0,0,0,0.734271,0,2.05811,0.999681,0,0,0
60600,door_3,4,0.982014,-0.366499,4.60933,1,1,1,0,266,98,0,364,420,56,0.604396,1,0.52381,0.936663,0,2.04177,0.999999,0,0,1
60600,door_2,4,0.982014,0.777063,2.538,1,1,0,64982,0,0,0,0,420,420,0,0,0,0.734271,0,2.05811,0.999681,0,0,0
60660,door_3,4,0.982014,-0.368977,4.60937,1,1,1,0,266,98,0,364,420,56,0.604396,1,0.52381,0.936795,0,2.04177,0.999999,0,0,1
60660,door_2,4,0.982014,0.777063,2.538,1,1,0,65047,0,0,0,0,420,420,0,0,0,0.734271,0,2.05811,0.999681,0,0,0
60720,door_3,4,0.982014,-0.366636,4.60933,1,1,1,0,266,98,0,364,420,56,0.604396,1,0.52381,0.936671,0,2.04177,0.999999,0,0,1
60720,door_2,4,0.982014,0.777063,2.538,1,1,0,65114,0,0,0,0,420,420,0,0,0,0.734271,0,2.05811,0.999681,0,0,0
60780,door_3,4,0.982014,-0.367636,4.60935,1,1,1,0,266,98,0,364,420,56,0.604396,1,0.52381,0.936724,0,2.04177,0.999999,0,0,1
60780,door_2,4,0.982014,0.777063,2.538,1,1,0,65184,0,0,0,0,420,420,0,0,0,0.734271,0,2.05811,0.999681,0,0,0
60840,door_3,4,0.982014,-0.368782,4.60936,1,1,1,0,266,98,0,364,420,56,0.604396,1,0.52381,0.936785,0,2.04177,0.999999,0,0,1
60840,door_2,4,0.982014,0.777063,2.538,1,1,0,65248,0,0,0,0,420,420,0,0,0,0.734271,0,2.05811,0.999681,0,0,0
60900,door_3,4,0.982014,-0.367489,4.60934,1,1,1,0,266,98,0,364,420,56,0.604396,1,0.52381,0.936716,0,2.04177,0.999999,0,0,1
60900,door_2,4,0.982014,0.777063,2.538,1,1,0,65317,0,0,0,0,420,420,0,0,0,0.734271,0,2.05811,0.999681,0,0,0
60960,door_3,4,0.982014,-0.365718,4.60932,1,1,1,1,266,98,51.3333,364,420,56,0.604396,1,0.52381,0.936622,0,2.04177,0.999999,0,0,0
60960,door_2,4,0.982014,0.777063,2.538,1,1,0,65389,0,0,0,0,420,420,0,0,0,0.734271,0,2.05811,0.999681,0,0,0
61020,door_3,4,0.982014,-0.369082,4.60937,1,1,1,0,266,98,0,364,420,56,0.604396,1,0.52381,0.936801,0,2.04177,0.999999,0,0,1
61020,door_2,4,0.982014,0.777063,2.538,1,1,0,65454,0,0,0,0,420,420,0,0,0,0.734271,0,2.05811,0.999681,0,0,0
61080,door_3,4,0.982014,-0.367532,4.60934,1,1,1,0,266,98,0,364,420,56,0.604396,1,0.52381,0.936719,0,2.04177,0.999999,0,0,1
61080,door_2,4,0.982014,0.777063,2.538,1,1,0,65521,0,0,0,0,420,420,0,0,0,0.734271,0,2.05811,0.999681,0,0,0
61140,door_3,4,0.982014,-0.367357,4.60934,1,1,1,0,266,98,0,364,420,56,0.604396,1,0.52381,0.93671,0,2.04177,0.999999,0,0,1
61140,door_2,4,0.982014,0.777063,2.538,1,1,0,65587,0,0,0,0,420,420,0,0,0,0.734271,0,2.05811,0.999681,0,0,0
61200,door_3,4,0.982014,-0.367207,4.60934,1,1,1,0,266,98,0,364,420,56,0.604396,1,0.52381,0.936702,0,2.04177,0.999999,0,0,1
61200,door_2,4,0.982014,0.777063,2.538,1,1,0,65653,0,0,0,0,420,420,0,0,0,0.734272,0,2.05811,0.999681,0,0,0
61260,door_3,4,0.982014,-0.371152,4.6094,1,1,1,1,266,98,51.3333,364,420,56,0.604396,1,0.52381,0.936912,0,2.04177,0.999999,0,0,0
61260,door_2,4,0.982014,0.777063,2.538,1,1,0,65721,0,0,0,0,420,420,0,0,0,0.734272,0,2.05811,0.999681,0,0,0
61320,door_3,4,0.982014,-0.368262,4.60935,1,1,1,0,266,98,0,364,420,56,0.604396,1,0.52381,0.936758,0,2.04177,0.999999,0,0,1
61320,door_2,4,0.982014,0.777063,2.538,1,1,0,65787,0,0,0,0,420,420,0,0,0,0.734272,0,2.05811,0.999681,0,0,0
61380,door_3,4,0.982014,-0.368851,4.60936,1,1,1,0,266,98,0,364,420,56,0.604396,1,0.52381,0.93679,0,2.04177,0.999999,0,0,1
61380,door_2,4,0.982014,0.777063,2.538,1,1,0,65854,0,0,0,0,420,420,0,0,0,0.734272,0,2.05811,0.999681,0,0,0
61440,door_3,4,0.982014,-0.369062,4.60937,1,1,1,1,266,98,51.3333,364,420,56,0.604396,1,0.52381,0.936801,0,2.04177,0.999999,0,0,0
61440,door_2,4,0.982014,0.777063,2.538,1,1,0,65920,0,0,0,0,420,420,0,0,0,0.734272,0,2.05811,0.999681,0,0,0
61500,door_3,4,0.982014,-0.369152,4.60937,1,1,1,1,266,98,51.3333,364,420,56,0.604396,1,0.52381,0.936806,0,2.04177,0.999999,0,0,0
61500,door_2,4,0.982014,0.777063,2.538,1,1,0,65990,0,0,0,0,420,420,0,0,0,0.734272,0,2.05811,0.999681,0,0,0
61560,door_3,4,0.982014,-0.370309,4.60939,1,1,1,0,266,98,0,364,420,56,0.604396,1,0.52381,0.936867,0,2.04177,0.999999,0,0,1
61560,door_2,4,0.982014,0.777063,2.538,1,1,0,66056,0,0,0,0,420,420,0,0,0,0.734272,0,2.05811,0.999681,0,0,0
61620,door_3,4,0.982014,-0.369521,4.60937,1,1,1,0,266,98,0,364,420,56,0.604396,1,0.52381,0.936826,0,2.04177,0.999999,0,0,1
61620,door_2,4,0.982014,0.777063,2.538,1,1,0,66119,0,0,0,0,420,420,0,0,0,0.734272,0,2.05811,0.999681,0,0,0
61680,door_3,4,0.982014,-0.367563,4.60934,1,1,1,0,266,98,0,364,420,56,0.604396,1,0.52381,0.936721,0,2.04177,0.999999,0,0,1
61680,door_2,4,0.982014,0.777063,2.538,1,1,0,66187,0,0,0,0,420,420,0,0,0,0.734272,0,2.05811,0.999681,0,0,0
61740,door_3,4,0.982014,-0.367528,4.60934,1,1,1,0,266,98,0,364,420,56,0.604396,1,0.52381,0.93672,0,2.04177,0.999999,0,0,1
61740,door_2,4,0.982014,0.777063,2.538,1,1,0,66250,0,0,0,0,420,420,0,0,0,0.734272,0,2.05811,0.999681,0,0,0
61800,door_3,4,0.982014,-0.36717,4.60934,1,1,1,0,266,98,0,364,420,56,0.604396,1,0.52381,0.9367,0,2.04177,0.999999,0,0,1
61800,door_2,4,0.982014,0.777063,2.538,1,1,0,66317,0,0,0,0,420,420,0,0,0,0.734272,0,2.05811,0.999681,0,0,0
61860,door_3,4,0.982014,-0.367123,4.60934,1,1,1,0,266,98,0,364,420,56,0.604396,1,0.52381,0.936698,0,2.04177,0.999999,0,0,1
61860,door_2,4,0.982014,0.777063,2.538,1,1,0,66385,0,0,0,0,420,420,0,0,0,0.734272,0,2.05811,0.999681,0,0,0
61920,door_3,4,0.982014,-0.365606,4.60931,1,1,1,0,266,98,0,364,420,56,0.604396,1,0.52381,0.936617,0,2.04177,0.999999,0,0,1
61920,door_2,4,0.982014,0.777063,2.538,1,1,0,66455,0,0,0,0,420,420,0,0,0,0.734272,0,2.05811,0.999681,0,0,0
61980,door_3,4,0.982014,-0.366891,4.60933,1,1,1,0,266,98,0,364,420,56,0.604396,1,0.52381,0.936686,0,2.04177,0.999999,0,0,1
61980,door_2,4,0.982014,0.777063,2.538,1,1,0,66520,0,0,0,0,420,420,0,0,0,0.734272,0,2.05811,0.999681,0,0,0
62040,door_3,4,0.982014,-0.370403,4.60939,1,1,1,0,266,98,0,364,420,56,0.604396,1,0.52381,0.936873,0,2.04177,0.999999,0,0,1
62040,door_2,4,0.982014,0.777063,2.538,1,1,0,66589,0,0,0,0,420,420,0,0,0,0.734272,0,2.05811,0.999681,0,0,0
62100,door_3,4,0.982014,-0.369383,4.60937,1,1,1,0,266,98,0,364,420,56,0.604396,1,0.52381,0.936819,0,2.04177,0.999999,0,0,1
62100,door_2,4,0.982014,0.777063,2.538,1,1,0,66655,0,0,0,0,420,420,0,0,0,0.734272,0,2.05811,0.999681,0,0,0
62160,door_3,4,0.982014,-0.364148,4.60929,1,1,1,1,266,98,51.3333,364,420,56,0.604396,1,0.52381,0.93654,0,2.04177,0.999999,0,0,0
62160,door_2,4,0.982014,0.777063,2.538,1,1,0,66722,0,0,0,0,420,420,0,0,0,0.734273,0,2.05811,0.999681,0,0,0
62220,door_3,4,0.982014,-0.366549,4.60933,1,1,1,0,266,98,0,364,420,56,0.604396,1,0.52381,0.936668,0,2.04177,0.999999,0,0,1
62220,door_2,4,0.982014,0.777063,2.538,1,1,0,66787,0,0,0,0,420,420,0,0,0,0.734273,0,2.05811,0.999681,0,0,0
62280,door_3,4,0.982014,-0.368558,4.60936,1,1,1,1,266,98,51.3333,364,420,56,0.604396,1,0.52381,0.936776,0,2.04177,0.999999,0,0,0
62280,door_2,4,0.982014,0.777063,2.538,1,1,0,66857,0,0,0,0,420,420,0,0,0,0.734273,0,2.05811,0.999681,0,0,0
62340,door_3,4,0.982014,-0.368967,4.60937,1,1,1,0,266,98,0,364,420,56,0.604396,1,0.52381,0.936798,0,2.04177,0.999999,0,0,1
62340,door_2,4,0.982014,0.777063,2.538,1,1,0,66923,0,0,0,0,420,420,0,0,0,0.734274,0,2.05811,0.999681,0,0,0
62400,door_3,4,0.982014,-0.36858,4.60936,1,1,1,0,266,98,0,364,420,56,0.604396,1,0.52381,0.936777,0,2.04177,0.999999,0,0,1
62400,door_2,4,0.982014,0.777063,2.538,1,1,0,66989,0,0,0,0,420,420,0,0,0,0.734274,0,2.05811,0.999681,0,0,0
62460,door_3,4,0.982014,-0.366516,4.60933,1,1,1,0,266,98,0,364,420,56,0.604396,1,0.52381,0.936667,0,2.04177,0.999999,0,0,1
62460,door_2,4,0.982014,0.777063,2.538,1,1,0,67059,0,0,0,0,420,420,0,0,0,0.734274,0,2.05811,0.999681,0,0,0
62520,door_3,4,0.982014,-0.366283,4.60933,1,1,1,0,266,98,0,364,420,56,0.604396,1,0.52381,0.936655,0,2.04177,0.999999,0,0,1
62520,door_2,4,0.982014,0.777063,2.538,1,1,0,67133,0,0,0,0,420,420,0,0,0,0.734274,0,2.05811,0.999681,0,0,0
62580,door_3,4,0.982014,-0.366593,4.60933,1,1,1,0,266,98,0,364,420,56,0.604396,1,0.52381,0.936672,0,2.04177,0.999999,0,0,1
62580,door_2,4,0.982014,0.777063,2.538,1,1,0,67203,0,0,0,0,420,420,0,0,0,0.734274,0,2.05811,0.999681,0,0,0
62640,door_3,4,0.982014,-0.368422,4.60936,1,1,1,0,266,98,0,364,420,56,0.604396,1,0.52381,0.93677,0,2.04177,0.999999,0,0,1
62640,door_2,4,0.982014,0.777063,2.538,1,1,0,67274,0,0,0,0,420,420,0,0,0,0.734275,0,2.05811,0.999681,0,0,0
62700,door_3,4,0.982014,-0.368314,4.60936,1,1,1,1,266,98,51.3333,364,420,56,0.604396,1,0.52381,0.936764,0,2.04177,0.999999,0,0,0
62700,door_2,4,0.982014,0.777063,2.538,1,1,0,67342,0,0,0,0,420,420,0,0,0,0.734275,0,2.05811,0.999681,0,0,0
62760,door_3,4,0.982014,-0.366764,4.60933,1,1,1,0,266,98,0,364,420,56,0.604396,1,0.52381,0.936682,0,2.04177,0.999999,0,0,1
62760,door_2,4,0.982014,0.777063,2.538,1,1,0,67414,0,0,0,0,420,420,0,0,0,0.734276,0,2.05811,0.999681,0,0,0
62820,door_3,4,0.982014,-0.36757,4.60934,1,1,1,0,266,98,0,364,420,56,0.604396,1,0.52381,0.936725,0,2.04177,0.999999,0,0,1
62820,door_2,4,0.982014,0.777063,2.538,1,1,0,67482,0,0,0,0,420,420,0,0,0,0.734276,0,2.05811,0.999681,0,0,0
62880,door_3,4,0.982014,-0.364693,4.6093,1,1,1,0,266,98,0,364,420,56,0.604396,1,0.52381,0.936572,0,2.04177,0.999999,0,0,1
62880,door_2,4,0.982014,0.777063,2.538,1,1,0,67550,0,0,0,0,420,420,0,0,0,0.734276,0,2.05811,0.999681,0,0,0
62940,door_3,4,0.982014,-0.366862,4.60933,1,1,1,0,266,98,0,364,420,56,0.604396,1,0.52381,0.936687,0,2.04177,0.999999,0,0,1
62940,door_2,4,0.982014,0.777063,2.538,1,1,0,67619,0,0,0,0,420,420,0,0,0,0.734276,0,2.05811,0.999681,0,0,0
63000,door_3,4,0.982014,-0.366902,4.60933,1,1,1,0,266,98,0,364,420,56,0.604396,1,0.52381,0.93669,0,2.04177,0.999999,0,0,1
63000,door_2,4,0.982014,0.777063,2.538,1,1,0,67684,0,0,0,0,420,420,0,0,0,0.734277,0,2.05811,0.999681,0,0,0
63060,door_3,4,0.982014,-0.364339,4.6093,1,1,1,0,266,98,0,364,420,56,0.604396,1,0.52381,0.936554,0,2.04177,0.999999,0,0,1
63060,door_2,4,0.982014,0.777063,2.538,1,1,0,67753,0,0,0,0,420,420,0,0,0,0.734277,0,2.05811,0.999681,0,0,0
63120,door_3,4,0.982014,-0.370418,4.60939,1,1,1,1,266,98,51.3333,364,420,56,0.604396,1,0.52381,0.936878,0,2.04177,0.999999,0,0,0
63120,door_2,4,0.982014,0.777063,2.538,1,1,0,67820,0,0,0,0,420,420,0,0,0,0.734277,0,2.05811,0.999681,0,0,0
63180,door_3,4,0.982014,-0.367415,4.60934,1,1,1,1,266,98,51.3333,364,420,56,0.604396,1,0.52381,0.936718,0,2.04177,0.999999,0,0,0
63180,door_2,4,0.982014,0.777063,2.538,1,1,0,67888,0,0,0,0,420,420,0,0,0,0.734278,0,2.05811,0.999681,0,0,0
63240,door_3,4,0.982014,-0.365503,4.60931,1,1,1,0,266,98,0,364,420,56,0.604396,1,0.52381,0.936616,0,2.04177,0.999999,0,0,1
63240,door_2,4,0.982014,0.777063,2.538,1,1,0,67955,0,0,0,0,420,420,0,0,0,0.734278,0,2.05811,0.999681,0,0,0
63300,door_3,4,0.982014,-0.366167,4.60932,1,1,1,0,266,98,0,364,420,56,0.604396,1,0.52381,0.936652,0,2.04177,0.999999,0,0,1
63300,door_2,4,0.982014,0.777063,2.538,1,1,0,68023,0,0,0,0,420,420,0,0,0,0.734278,0,2.05811,0.999681,0,0,0
63360,door_3,4,0.982014,-0.36849,4.60936,1,1,1,1,266,98,51.3333,364,420,56,0.604396,1,0.52381,0.936776,0,2.04177,0.999999,0,0,0
63360,door_2,4,0.982014,0.777063,2.538,1,1,0,68090,0,0,0,0,420,420,0,0,0,0.734279,0,2.05811,0.999681,0,0,0
63420,door_3,4,0.982014,-0.369442,4.60937,1,1,1,0,266,98,0,364,420,56,0.604396,1,0.52381,0.936827,0,2.04177,0.999999,0,0,1
63420,door_2,4,0.982014,0.777063,2.538,1,1,0,68158,0,0,0,0,420,420,0,0,0,0.734279,0,2.05811,0.999681,0,0,0
63480,door_3,4,0.982014,-0.369019,4.60937,1,1,1,0,266,98,0,364,420,56,0.604396,1,0.52381,0.936804,0,2.04177,0.999999,0,0,1
63480,door_2,4,0.982014,0.777063,2.538,1,1,0,68228,0,0,0,0,420,420,0,0,0,0.734279,0,2.05811,0.999681,0,0,0
63540,door_3,4,0.982014,-0.367186,4.60934,1,1,1,0,266,98,0,364,420,56,0.604396,1,0.52381,0.936707,0,2.04177,0.999999,0,0,1
63540,door_2,4,0.982014,0.777063,2.538,1,1,0,68294,0,0,0,0,420,420,0,0,0,0.73428,0,2.05811,0.999681,0,0,0
63600,door_3,4,0.982014,-0.36763,4.60935,1,1,1,1,266,98,51.3333,364,420,56,0.604396,1,0.52381,0.936731,0,2.04177,0.999999,0,0,0
63600,door_2,4,0.982014,0.777063,2.538,1,1,0,68365,0,0,0,0,420,420,0,0,0,0.73428,0,2.05811,0.999681,0,0,0
63660,door_3,4,0.982014,-0.370665,4.60939,1,1,1,0,266,98,0,364,420,56,0.604396,1,0.52381,0.936893,0,2.04177,0.999999,0,0,1
63660,door_2,4,0.982014,0.777063,2.538,1,1,0,68433,0,0,0,0,420,420,0,0,0,0.73428,0,2.05811,0.999681,0,0,0
63720,door_3,4,0.982014,-0.367384,4.60934,1,1,1,0,266,98,0,364,420,56,0.604396,1,0.52381,0.936718,0,2.04177,0.999999,0,0,1
63720,door_2,4,0.982014,0.777063,2.538,1,1,0,68502,0,0,0,0,420,420,0,0,0,0.734281,0,2.05811,0.999681,0,0,0
63780,door_3,4,0.982014,-0.369284,4.60937,1,1,1,1,266,98,51.3333,364,420,56,0.604396,1,0.52381,0.93682,0,2.04177,0.999999,0,0,0
63780,door_2,4,0.982014,0.777063,2.538,1,1,0,68570,0,0,0,0,420,420,0,0,0,0.734281,0,2.05811,0.999681,0,0,0
63840,door_3,4,0.982014,-0.365351,4.60931,1,1,1,0,266,98,0,364,420,56,0.604396,1,0.52381,0.93661,0,2.04177,0.999999,0,0,1
63840,door_2,4,0.982014,0.777063,2.538,1,1,0,68637,0,0,0,0,420,420,0,0,0,0.734281,0,2.05811,0.999681,0,0,0
63900,door_3,4,0.982014,-0.36736,4.60934,1,1,1,0,266,98,0,364,420,56,0.604396,1,0.52381,0.936718,0,2.04177,0.999999,0,0,1
63900,door_2,4,0.982014,0.777063,2.538,1,1,0,68707,0,0,0,0,420,420,0,0,0,0.734282,0,2.05811,0.999681,0,0,0
63960,door_3,4,0.982014,-0.36745,4.60934,1,1,1,0,266,98,0,364,420,56,0.604396,1,0.52381,0.936723,0,2.04177,0.999999,0,0,1
63960,door_2,4,0.982014,0.777063,2.538,1,1,0,68776,0,0,0,0,420,420,0,0,0,0.734282,0,2.05811,0.999681,0,0,0
64020,door_3,4,0.982014,-0.364295,4.6093,1,1,1,0,266,98,0,364,420,56,0.604396,1,0.52381,0.936554,0,2.04177,0.999999,0,0,1
64020,door_2,4,0.982014,0.777063,2.538,1,1,0,68842,0,0,0,0,420,420,0,0,0,0.734282,0,2.05811,0.999681,0,0,0
64080,door_3,4,0.982014,-0.367731,4.60935,1,1,1,0,266,98,0,364,420,56,0.604396,1,0.52381,0.936738,0,2.04177,0.999999,0,0,1
64080,door_2,4,0.982014,0.777063,2.538,1,1,0,68908,0,0,0,0,420,420,0,0,0,0.734282,0,2.05811,0.999681,0,0,0
64140,door_3,4,0.982014,-0.370352,4.60939,1,1,1,0,266,98,0,364,420,56,0.604396,1,0.52381,0.936878,0,2.04177,0.999999,0,0,1
64140,door_2,4,0.982014,0.777063,2.538,1,1,0,68975,0,0,0,0,420,420,0,0,0,0.734283,0,2.05811,0.999681,0,0,0
64200,door_3,4,0.982014,-0.368161,4.60935,1,1,1,0,266,98,0,364,420,56,0.604396,1,0.52381,0.936761,0,2.04177,0.999999,0,0,1
64200,door_2,4,0.982014,0.777063,2.538,1,1,0,69047,0,0,0,0,420,420,0,0,0,0.734284,0,2.05811,0.999681,0,0,0
64260,door_3,4,0.982014,-0.366971,4.60934,1,1,1,0,266,98,0,364,420,56,0.604396,1,0.52381,0.936698,0,2.04177,0.999999,0,0,1
64260,door_2,4,0.982014,0.777063,2.538,1,1,0,69114,0,0,0,0,420,420,0,0,0,0.734284,0,2.05811,0.999681,0,0,0
64320,door_3,4,0.982014,-0.3667,4.60933,1,1,1,0,266,98,0,364,420,56,0.604396,1,0.52381,0.936684,0,2.04177,0.999999,0,0,1
64320,door_2,4,0.982014,0.777063,2.538,1,1,0,69181,0,0,0,0,420,420,0,0,0,0.734284,0,2.05811,0.999681,0,0,0
64380,door_3,4,0.982014,-0.368443,4.60936,1,1,1,0,266,98,0,364,420,56,0.604396,1,0.52381,0.936777,0,2.04177,0.999999,0,0,1
64380,door_2,4,0.982014,0.777063,2.538,1,1,0,69250,0,0,0,0,420,420,0,0,0,0.734285,0,2.05811,0.999681,0,0,0
64440,door_3,4,0.982014,-0.36927,4.60937,1,1,1,0,266,98,0,364,420,56,0.604396,1,0.52381,0.936821,0,2.04177,0.999999,0,0,1
64440,door_2,4,0.982014,0.777063,2.538,1,1,0,69314,0,0,0,0,420,420,0,0,0,0.734285,0,2.05811,0.999681,0,0,0
64500,door_3,4,0.982014,-0.367706,4.60935,1,1,1,1,266,98,51.3333,364,420,56,0.604396,1,0.52381,0.936738,0,2.04177,0.999999,0,0,0
64500,door_2,4,0.982014,0.777063,2.538,1,1,0,69384,0,0,0,0,420,420,0,0,0,0.734285,0,2.05811,0.999681,0,0,0
64560,door_3,4,0.982014,-0.366684,4.60933,1,1,1,0,266,98,0,364,420,56,0.604396,1,0.52381,0.936684,0,2.04177,0.999999,0,0,1
64560,door_2,4,0.982014,0.777063,2.538,1,1,0,69451,0,0,0,0,420,420,0,0,0,0.734285,0,2.05811,0.999681,0,0,0
64620,door_3,4,0.982014,-0.368959,4.60936,1,1,1,1,266,98,51.3333,364,420,56,0.604396,1,0.52381,0.936806,0,2.04177,0.999999,0,0,0
64620,door_2,4,0.982014,0.777063,2.538,1,1,0,69521,0,0,0,0,420,420,0,0,0,0.734286,0,2.05811,0.999681,0,0,0
64680,door_3,4,0.982014,-0.366336,4.60933,1,1,1,0,266,98,0,364,420,56,0.604396,1,0.52381,0.936666,0,2.04177,0.999999,0,0,1
64680,door_2,4,0.982014,0.777063,2.538,1,1,0,69585,0,0,0,0,420,420,0,0,0,0.734286,0,2.05811,0.999681,0,0,0
64740,door_3,4,0.982014,-0.36649,4.60933,1,1,1,1,266,98,51.3333,364,420,56,0.604396,1,0.52381,0.936674,0,2.04177,0.999999,0,0,0
64740,door_2,4,0.982014,0.777063,2.538,1,1,0,69655,0,0,0,0,420,420,0,0,0,0.734286,0,2.05811,0.999681,0,0,0
64800,door_3,4,0.982014,-0.367178,4.60934,1,1,1,0,266,98,0,364,420,56,0.604396,1,0.52381,0.936711,0,2.04177,0.999999,0,0,1
64800,door_2,4,0.982014,0.777063,2.538,1,1,0,69724,0,0,0,0,420,420,0,0,0,0.734287,0,2.05811,0.999681,0,0,0
64860,door_3,4,0.982014,-0.367324,4.60934,1,1,1,0,266,98,0,364,420,56,0.604396,1,0.52381,0.936719,0,2.04177,0.999999,0,0,1
64860,door_2,4,0.982014,0.777063,2.538,1,1,0,69788,0,0,0,0,420,420,0,0,0,0.734287,0,2.05811,0.999681,0,0,0
64920,door_3,4,0.982014,-0.366908,4.60933,1,1,1,1,266,98,51.3333,364,420,56,0.604396,1,0.52381,0.936697,0,2.04177,0.999999,0,0,0
64920,door_2,4,0.982014,0.777063,2.538,1,1,0,69857,0,0,0,0,420,420,0,0,0,0.734287,0,2.05811,0.999681,0,0,0
64980,door_3,4,0.982014,-0.367459,4.60934,1,1,1,0,266,98,0,364,420,56,0.604396,1,0.52381,0.936727,0,2.04177,0.999999,0,0,1
64980,door_2,4,0.982014,0.777063,2.538,1,1,0,69925,0,0,0,0,420,420,0,0,0,0.734287,0,2.05811,0.999681,0,0,0
65040,door_3,4,0.982014,-0.373963,4.60944,1,1,1,0,266,98,0,364,420,56,0.604396,1,0.52381,0.937073,0,2.04177,0.999999,0,0,1
65040,door_2,4,0.982014,0.777063,2.538,1,1,0,69992,0,0,0,0,420,420,0,0,0,0.734288,0,2.05811,0.999681,0,0,0
65100,door_3,4,0.982014,-0.367607,4.60934,1,1,1,1,266,98,51.3333,364,420,56,0.604396,1,0.52381,0.936735,0,2.04177,0.999999,0,0,0
65100,door_2,4,0.982014,0.777063,2.538,1,1,0,70059,0,0,0,0,420,420,0,0,0,0.734288,0,2.05811,0.999681,0,0,0
65160,door_3,4,0.982014,-0.368491,4.60936,1,1,1,1,266,98,51.3333,364,420,56,0.604396,1,0.52381,0.936782,0,2.04177,0.999999,0,0,0
65160,door_2,4,0.982014,0.777063,2.538,1,1,0,70126,0,0,0,0,420,420,0,0,0,0.734288,0,2.05811,0.999681,0,0,0
65220,door_3,4,0.982014,-0.367454,4.60934,1,1,1,0,266,98,0,364,420,56,0.604396,1,0.52381,0.936727,0,2.04177,0.999999,0,0,1
65220,door_2,4,0.982014,0.777063,2.538,1,1,0,70190,0,0,0,0,420,420,0,0,0,0.734288,0,2.05811,0.999681,0,0,0
65280,door_3,4,0.982014,-0.366874,4.60933,1,1,1,1,266,98,51.3333,364,420,56,0.604396,1,0.52381,0.936696,0,2.04177,0.999999,0,0,0
65280,door_2,4,0.982014,0.777063,2.538,1,1,0,70259,0,0,0,0,420,420,0,0,0,0.734288,0,2.05811,0.999681,0,0,0
65340,door_3,4,0.982014,-0.365669,4.60932,1,1,1,0,266,98,0,364,420,56,0.604396,1,0.52381,0.936632,0,2.04177,0.999999,0,0,1
65340,door_2,4,0.982014,0.777063,2.538,1,1,0,70324,0,0,0,0,420,420,0,0,0,0.734289,0,2.05811,0.999681,0,0,0
65400,door_3,4,0.982014,-0.367621,4.60934,1,1,1,0,266,98,0,364,420,56,0.604396,1,0.52381,0.936737,0,2.04177,0.999999,0,0,1
65400,door_2,4,0.982014,0.777063,2.538,1,1,0,70392,0,0,0,0,420,420,0,0,0,0.734289,0,2.05811,0.999681,0,0,0
65460,door_3,4,0.982014,-0.365395,4.60931,1,1,1,1,266,98,51.3333,364,420,56,0.604396,1,0.52381,0.936618,0,2.04177,0.999999,0,0,0
65460,door_2,4,0.982014,0.777063,2.538,1,1,0,70457,0,0,0,0,420,420,0,0,0,0.73429,0,2.05811,0.999681,0,0,0
65520,door_3,4,0.982014,-0.370304,4.60939,1,1,1,0,266,98,0,364,420,56,0.604396,1,0.52381,0.93688,0,2.04177,0.999999,0,0,1
65520,door_2,4,0.982014,0.777063,2.538,1,1,0,70523,0,0,0,0,420,420,0,0,0,0.73429,0,2.05811,0.999681,0,0,0
65580,door_3,4,0.982014,-0.364013,4.60929,1,1,1,0,266,98,0,364,420,56,0.604396,1,0.52381,0.936545,0,2.04177,0.999999,0,0,1
65580,door_2,4,0.982014,0.777063,2.538,1,1,0,70588,0,0,0,0,420,420,0,0,0,0.73429,0,2.05811,0.999681,0,0,0
65640,door_3,4,0.982014,-0.366556,4.60933,1,1,1,0,266,98,0,364,420,56,0.604396,1,0.52381,0.936681,0,2.04177,0.999999,0,0,1
65640,door_2,4,0.982014,0.777063,2.538,1,1,0,70651,0,0,0,0,420,420,0,0,0,0.73429,0,2.05811,0.999681,0,0,0
65700,door_3,4,0.982014,-0.367903,4.60935,1,1,1,0,266,98,0,364,420,56,0.604396,1,0.52381,0.936752,0,2.04177,0.999999,0,0,1
65700,door_2,4,0.982014,0.777063,2.538,1,1,0,70717,0,0,0,0,420,420,0,0,0,0.73429,0,2.05811,0.999681,0,0,0
65760,door_3,4,0.982014,-0.370283,4.60939,1,1,1,0,266,98,0,364,420,56,0.604396,1,0.52381,0.936879,0,2.04177,0.999999,0,0,1
65760,door_2,4,0.982014,0.777063,2.538,1,1,0,70785,0,0,0,0,420,420,0,0,0,0.73429,0,2.05811,0.999681,0,0,0
65820,door_3,4,0.982014,-0.37007,4.60938,1,1,1,0,266,98,0,364,420,56,0.604396,1,0.52381,0.936868,0,2.04177,0.999999,0,0,1
65820,door_2,4,0.982014,0.777063,2.538,1,1,0,70848,0,0,0,0,420,420,0,0,0,0.734291,0,2.05811,0.999681,0,0,0
65880,door_3,4,0.982014,-0.367216,4.60934,1,1,1,0,266,98,0,364,420,56,0.604396,1,0.52381,0.936716,0,2.04177,0.999999,0,0,1
65880,door_2,4,0.982014,0.777063,2.538,1,1,0,70916,0,0,0,0,420,420,0,0,0,0.734291,0,2.05811,0.999681,0,0,0
65940,door_3,4,0.982014,-0.370209,4.60938,1,1,1,0,266,98,0,364,420,56,0.604396,1,0.52381,0.936876,0,2.04177,0.999999,0,0,1
65940,door_2,4,0.982014,0.777063,2.538,1,1,0,70982,0,0,0,0,420,420,0,0,0,0.734291,0,2.05811,0.999681,0,0,0
66000,door_3,4,0.982014,-0.367416,4.60934,1,1,1,0,266,98,0,364,420,56,0.604396,1,0.52381,0.936727,0,2.04177,0.999999,0,0,1
66000,door_2,4,0.982014,0.777063,2.538,1,1,0,71045,0,0,0,0,420,420,0,0,0,0.734291,0,2.05811,0.999681,0,0,0
66060,door_3,4,0.982014,-0.369023,4.60937,1,1,1,0,266,98,0,364,420,56,0.604396,1,0.52381,0.936813,0,2.04177,0.999999,0,0,1
66060,door_2,4,0.982014,0.777063,2.538,1,1,0,71112,0,0,0,0,420,420,0,0,0,0.734292,0,2.05811,0.999681,0,0,0
66120,door_3,4,0.982014,-0.370135,4.60938,1,1,1,0,266,98,0,364,420,56,0.604396,1,0.52381,0.936873,0,2.04177,0.999999,0,0,1
66120,door_2,4,0.982014,0.777063,2.538,1,1,0,71180,0,0,0,0,420,420,0,0,0,0.734292,0,2.05811,0.999681,0,0,0
66180,door_3,4,0.982014,-0.367341,4.60934,1,1,1,0,266,98,0,364,420,56,0.604396,1,0.52381,0.936724,0,2.04177,0.999999,0,0,1
66180,door_2,4,0.982014,0.777063,2.538,1,1,0,71248,0,0,0,0,420,420,0,0,0,0.734292,0,2.05811,0.999681,0,0,0
66240,door_3,4,0.982014,-0.367165,4.60934,1,1,1,0,266,98,0,364,420,56,0.604396,1,0.52381,0.936715,0,2.04177,0.999999,0,0,1
66240,door_2,4,0.982014,0.777063,2.538,1,1,0,71315,0,0,0,0,420,420,0,0,0,0.734293,0,2.05811,0.999681,0,0,0
66300,door_3,4,0.982014,-0.366605,4.60933,1,1,1,0,266,98,0,364,420,56,0.604396,1,0.52381,0.936685,0,2.04177,0.999999,0,0,1
66300,door_2,4,0.982014,0.777063,2.538,1,1,0,71383,0,0,0,0,420,420,0,0,0,0.734293,0,2.05811,0.999681,0,0,0
66360,door_3,4,0.982014,-0.364028,4.60929,1,1,1,0,266,98,0,364,420,56,0.604396,1,0.52381,0.936548,0,2.04177,0.999999,0,0,1
66360,door_2,4,0.982014,0.777063,2.538,1,1,0,71450,0,0,0,0,420,420,0,0,0,0.734294,0,2.05811,0.999681,0,0,0
66420,door_3,4,0.982014,-0.366745,4.60933,1,1,1,0,266,98,0,364,420,56,0.604396,1,0.52381,0.936693,0,2.04177,0.999999,0,0,1
66420,door_2,4,0.982014,0.777063,2.538,1,1,0,71516,0,0,0,0,420,420,0,0,0,0.734294,0,2.05811,0.999681,0,0,0
66480,door_3,4,0.982014,-0.367098,4.60934,1,1,1,0,266,98,0,364,420,56,0.604396,1,0.52381,0.936712,0,2.04177,0.999999,0,0,1
66480,door_2,4,0.982014,0.777063,2.538,1,1,0,71583,0,0,0,0,420,420,0,0,0,0.734294,0,2.05811,0.999681,0,0,0
66540,door_3,4,0.982014,-0.366886,4.60933,1,1,1,0,266,98,0,364,420,56,0.604396,1,0.52381,0.936701,0,2.04177,0.999999,0,0,1
66540,door_2,4,0.982014,0.777063,2.538,1,1,0,71648,0,0,0,0,420,420,0,0,0,0.734295,0,2.05811,0.999681,0,0,0
66600,door_3,4,0.982014,-0.365204,4.60931,1,1,1,0,266,98,0,364,420,56,0.604396,1,0.52381,0.936612,0,2.04177,0.999999,0,0,1
66600,door_2,4,0.982014,0.777063,2.538,1,1,0,71713,0,0,0,0,420,420,0,0,0,0.734295,0,2.05811,0.999681,0,0,0
66660,door_3,4,0.982014,-0.369922,4.60938,1,1,1,0,266,98,0,364,420,56,0.604396,1,0.52381,0.936864,0,2.04177,0.999999,0,0,1
66660,door_2,4,0.982014,0.777063,2.538,1,1,0,71776,0,0,0,0,420,420,0,0,0,0.734295,0,2.05811,0.999681,0,0,0
66720,door_3,4,0.982014,-0.368946,4.60936,1,1,1,0,266,98,0,364,420,56,0.604396,1,0.52381,0.936812,0,2.04177,0.999999,0,0,1
66720,door_2,4,0.982014,0.777063,2.538,1,1,0,71842,0,0,0,0,420,420,0,0,0,0.734296,0,2.05811,0.999681,0,0,0
66780,door_3,4,0.982014,-0.37494,4.60945,1,1,1,0,266,98,0,364,420,56,0.604396,1,0.52381,0.937131,0,2.04177,0.999999,0,0,1
66780,door_2,4,0.982014,0.777063,2.538,1,1,0,71909,0,0,0,0,420,420,0,0,0,0.734296,0,2.05811,0.999681,0,0,0
66840,door_3,4,0.982014,-0.367459,4.60934,1,1,1,0,266,98,0,364,420,56,0.604396,1,0.52381,0.936733,0,2.04177,0.999999,0,0,1
66840,door_2,4,0.982014,0.777063,2.538,1,1,0,71978,0,0,0,0,420,420,0,0,0,0.734297,0,2.05811,0.999681,0,0,0
66900,door_3,4,0.982014,-0.368919,4.60936,1,1,1,0,266,98,0,364,420,56,0.604396,1,0.52381,0.936811,0,2.04177,0.999999,0,0,1
66900,door_2,4,0.982014,0.777063,2.538,1,1,0,72048,0,0,0,0,420,420,0,0,0,0.734297,0,2.05811,0.999681,0,0,0
66960,door_3,4,0.982014,-0.36848,4.60936,1,1,1,0,266,98,0,364,420,56,0.604396,1,0.52381,0.936788,0,2.04177,0.999999,0,0,1
66960,door_2,4,0.982014,0.777063,2.538,1,1,0,72115,0,0,0,0,420,420,0,0,0,0.734297,0,2.05811,0.999681,0,0,0
67020,door_3,4,0.982014,-0.367218,4.60934,1,1,1,0,266,98,0,364,420,56,0.604396,1,0.52381,0.936721,0,2.04177,0.999999,0,0,1
67020,door_2,4,0.982014,0.777063,2.538,1,1,0,72183,0,0,0,0,420,420,0,0,0,0.734297,0,2.05811,0.999681,0,0,0
67080,door_3,4,0.982014,-0.36691,4.60933,1,1,1,0,266,98,0,364,420,56,0.604396,1,0.52381,0.936705,0,2.04177,0.999999,0,0,1
67080,door_2,4,0.982014,0.777063,2.538,1,1,0,72252,0,0,0,0,420,420,0,0,0,0.734297,0,2.05811,0.999681,0,0,0
67140,door_3,4,0.982014,-0.368193,4.60935,1,1,1,0,266,98,0,364,420,56,0.604396,1,0.52381,0.936773,0,2.04177,0.999999,0,0,1
67140,door_2,4,0.982014,0.777063,2.538,1,1,0,72318,0,0,0,0,420,420,0,0,0,0.734297,0,2.05811,0.999681,0,0,0
67200,door_3,4,0.982014,-0.36901,4.60937,1,1,1,1,266,98,51.3333,364,420,56,0.604396,1,0.52381,0.936817,0,2.04177,0.999999,0,0,0
67200,door_2,4,0.982014,0.777063,2.538,1,1,0,72386,0,0,0,0,420,420,0,0,0,0.734297,0,2.05811,0.999681,0,0,0
67260,door_3,4,0.982014,-0.364376,4.6093,1,1,1,0,266,98,0,364,420,56,0.604396,1,0.52381,0.93657,0,2.04177,0.999999,0,0,1
67260,door_2,4,0.982014,0.777063,2.538,1,1,0,72451,0,0,0,0,420,420,0,0,0,0.734298,0,2.05811,0.999681,0,0,0
67320,door_3,4,0.982014,-0.366985,4.60934,1,1,1,0,266,98,0,364,420,56,0.604396,1,0.52381,0.936709,0,2.04177,0.999999,0,0,1
67320,door_2,4,0.982014,0.777063,2.538,1,1,0,72519,0,0,0,0,420,420,0,0,0,0.734297,0,2.05811,0.999681,0,0,0
67380,door_3,4,0.982014,-0.368669,4.60936,1,1,1,0,266,98,0,364,420,56,0.604396,1,0.52381,0.936799,0,2.04177,0.999999,0,0,1
67380,door_2,4,0.982014,0.777063,2.538,1,1,0,72587,0,0,0,0,420,420,0,0,0,0.734298,0,2.05811,0.999681,0,0,0
67440,door_3,4,0.982014,-0.368536,4.60936,1,1,1,0,266,98,0,364,420,56,0.604396,1,0.52381,0.936792,0,2.04177,0.999999,0,0,1
67440,door_2,4,0.982014,0.777063,2.538,1,1,0,72650,0,0,0,0,420,420,0,0,0,0.734298,0,2.05811,0.999681,0,0,0
67500,door_3,4,0.982014,-0.370198,4.60938,1,1,1,0,266,98,0,364,420,56,0.604396,1,0.52381,0.93688,0,2.04177,0.999999,0,0,1
67500,door_2,4,0.982014,0.777063,2.538,1,1,0,72716,0,0,0,0,420,420,0,0,0,0.734298,0,2.05811,0.999681,0,0,0
67560,door_3,4,0.982014,-0.368906,4.60936,1,1,1,0,266,98,0,364,420,56,0.604396,1,0.52381,0.936812,0,2.04177,0.999999,0,0,1
67560,door_2,4,0.982014,0.777063,2.538,1,1,0,72782,0,0,0,0,420,420,0,0,0,0.734298,0,2.05811,0.999681,0,0,0
67620,door_3,4,0.982014,-0.370277,4.60939,1,1,1,0,266,98,0,364,420,56,0.604396,1,0.52381,0.936885,0,2.04177,0.999999,0,0,1
67620,door_2,4,0.982014,0.777063,2.538,1,1,0,72849,0,0,0,0,420,420,0,0,0,0.734298,0,2.05811,0.999681,0,0,0
67680,door_3,4,0.982014,-0.368351,4.60936,1,1,1,0,266,98,0,364,420,56,0.604396,1,0.52381,0.936782,0,2.04177,0.999999,0,0,1
67680,door_2,4,0.982014,0.777063,2.538,1,1,0,72915,0,0,0,0,420,420,0,0,0,0.734298,0,2.05811,0.999681,0,0,0
67740,door_3,4,0.982014,-0.367364,4.60934,1,1,1,0,266,98,0,364,420,56,0.604396,1,0.52381,0.93673,0,2.04177,0.999999,0,0,1
67740,door_2,4,0.982014,0.777063,2.538,1,1,0,72981,0,0,0,0,420,420,0,0,0,0.734298,0,2.05811,0.999681,0,0,0
67800,door_3,4,0.982014,-0.365272,4.60931,1,1,1,0,266,98,0,364,420,56,0.604396,1,0.52381,0.936618,0,2.04177,0.999999,0,0,1
67800,door_2,4,0.982014,0.777063,2.538,1,1,0,73048,0,0,0,0,420,420,0,0,0,0.734298,0,2.05811,0.999681,0,0,0
67860,door_3,4,0.982014,-0.368755,4.60936,1,1,1,0,266,98,0,364,420,56,0.604396,1,0.52381,0.936804,0,2.04177,0.999999,0,0,1
67860,door_2,4,0.982014,0.777063,2.538,1,1,0,73112,0,0,0,0,420,420,0,0,0,0.734298,0,2.05811,0.999681,0,0,0
67920,door_3,4,0.982014,-0.368393,4.60936,1,1,1,0,266,98,0,364,420,56,0.604396,1,0.52381,0.936785,0,2.04177,0.999999,0,0,1
67920,door_2,4,0.982014,0.777063,2.538,1,1,0,73178,0,0,0,0,420,420,0,0,0,0.734298,0,2.05811,0.999681,0,0,0
67980,door_3,4,0.982014,-0.370822,4.60939,1,1,1,0,266,98,0,364,420,56,0.604396,1,0.52381,0.936915,0,2.04177,0.999999,0,0,1
67980,door_2,4,0.982014,0.777063,2.538,1,1,0,73245,0,0,0,0,420,420,0,0,0,0.734299,0,2.05811,0.999681,0,0,0
68040,door_3,4,0.982014,-0.369069,4.60937,1,1,1,0,266,98,0,364,420,56,0.604396,1,0.52381,0.936821,0,2.04177,0.999999,0,0,1
68040,door_2,4,0.982014,0.777063,2.538,1,1,0,73313,0,0,0,0,420,420,0,0,0,0.734299,0,2.05811,0.999681,0,0,0
68100,door_3,4,0.982014,-0.365932,4.60932,1,1,1,0,266,98,0,364,420,56,0.604396,1,0.52381,0.936654,0,2.04177,0.999999,0,0,1
68100,door_2,4,0.982014,0.777063,2.538,1,1,0,73386,0,0,0,0,420,420,0,0,0,0.734299,0,2.05811,0.999681,0,0,0
68160,door_3,4,0.982014,-0.364946,4.60931,1,1,1,0,266,98,0,364,420,56,0.604396,1,0.52381,0.936602,0,2.04177,0.999999,0,0,1
68160,door_2,4,0.982014,0.777063,2.538,1,1,0,73453,0,0,0,0,420,420,0,0,0,0.734299,0,2.05811,0.999681,0,0,0
68220,door_3,4,0.982014,-0.366871,4.60933,1,1,1,0,266,98,0,364,420,56,0.604396,1,0.52381,0.936705,0,2.04177,0.999999,0,0,1
68220,door_2,4,0.982014,0.777063,2.538,1,1,0,73524,0,0,0,0,420,420,0,0,0,0.7343,0,2.05811,0.999681,0,0,0
68280,door_3,4,0.982014,-0.369998,4.60938,1,1,1,0,266,98,0,364,420,56,0.604396,1,0.52381,0.936871,0,2.04177,0.999999,0,0,1
68280,door_2,4,0.982014,0.777063,2.538,1,1,0,73592,0,0,0,0,420,420,0,0,0,0.7343,0,2.05811,0.999681,0,0,0
68340,door_3,4,0.982014,-0.363988,4.60929,1,1,1,1,266,98,51.3333,364,420,56,0.604396,1,0.52381,0.936551,0,2.04177,0.999999,0,0,0
68340,door_2,4,0.982014,0.777063,2.538,1,1,0,73661,0,0,0,0,420,420,0,0,0,0.7343,0,2.05811,0.999681,0,0,0
68400,door_3,4,0.982014,-0.367292,4.60934,1,1,1,0,266,98,0,364,420,56,0.604396,1,0.52381,0.936727,0,2.04177,0.999999,0,0,1
68400,door_2,4,0.982014,0.777063,2.538,1,1,0,73730,0,0,0,0,420,420,0,0,0,0.7343,0,2.05811,0.999681,0,0,0
68460,door_3,4,0.982014,-0.366514,4.60933,1,1,1,0,266,98,0,364,420,56,0.604396,1,0.52381,0.936686,0,2.04177,0.999999,0,0,1
68460,door_2,4,0.982014,0.777063,2.538,1,1,0,73797,0,0,0,0,420,420,0,0,0,0.734301,0,2.05811,0.999681,0,0,0
68520,door_3,4,0.982014,-0.366853,4.60933,1,1,1,0,266,98,0,364,420,56,0.604396,1,0.52381,0.936704,0,2.04177,0.999999,0,0,1
68520,door_2,4,0.982014,0.777063,2.538,1,1,0,73867,0,0,0,0,420,420,0,0,0,0.734301,0,2.05811,0.999681,0,0,0
68580,door_3,4,0.982014,-0.368351,4.60936,1,1,1,1,266,98,51.3333,364,420,56,0.604396,1,0.52381,0.936784,0,2.04177,0.999999,0,0,0
68580,door_2,4,0.982014,0.777063,2.538,1,1,0,73937,0,0,0,0,420,420,0,0,0,0.734301,0,2.05811,0.999681,0,0,0
68640,door_3,4,0.982014,-0.367241,4.60934,1,1,1,0,266,98,0,364,420,56,0.604396,1,0.52381,0.936725,0,2.04177,0.999999,0,0,1
68640,door_2,4,0.982014,0.777063,2.538,1,1,0,74006,0,0,0,0,420,420,0,0,0,0.734301,0,2.05811,0.999681,0,0,0
68700,door_3,4,0.982014,-0.366688,4.60933,1,1,1,0,266,98,0,364,420,56,0.604396,1,0.52381,0.936696,0,2.04177,0.999999,0,0,1
68700,door_2,4,0.982014,0.777063,2.538,1,1,0,74072,0,0,0,0,420,420,0,0,0,0.734302,0,2.05811,0.999681,0,0,0
68760,door_3,4,0.982014,-0.368164,4.60935,1,1,1,0,266,98,0,364,420,56,0.604396,1,0.52381,0.936774,0,2.04177,0.999999,0,0,1
68760,door_2,4,0.982014,0.777063,2.538,1,1,0,74140,0,0,0,0,420,420,0,0,0,0.734302,0,2.05811,0.999681,0,0,0
68820,door_3,4,0.982014,-0.366587,4.60933,1,1,1,0,266,98,0,364,420,56,0.604396,1,0.52381,0.936691,0,2.04177,0.999999,0,0,1
68820,door_2,4,0.982014,0.777063,2.538,1,1,0,74208,0,0,0,0,420,420,0,0,0,0.734302,0,2.05811,0.999681,0,0,0
68880,door_3,4,0.982014,-0.36617,4.60932,1,1,1,0,266,98,0,364,420,56,0.604396,1,0.52381,0.936669,0,2.04177,0.999999,0,0,1
68880,door_2,4,0.982014,0.777063,2.538,1,1,0,74279,0,0,0,0,420,420,0,0,0,0.734302,0,2.05811,0.999681,0,0,0
68940,door_3,4,0.982014,-0.368159,4.60935,1,1,1,0,266,98,0,364,420,56,0.604396,1,0.52381,0.936775,0,2.04177,0.999999,0,0,1
68940,door_2,4,0.982014,0.777063,2.538,1,1,0,74345,0,0,0,0,420,420,0,0,0,0.734303,0,2.05811,0.999681,0,0,0
69000,door_3,4,0.982014,-0.367249,4.60934,1,1,1,0,266,98,0,364,420,56,0.604396,1,0.52381,0.936727,0,2.04177,0.999999,0,0,1
69000,door_2,4,0.982014,0.777063,2.538,1,1,0,74412,0,0,0,0,420,420,0,0,0,0.734303,0,2.05811,0.999681,0,0,0
69060,door_3,4,0.982014,-0.368137,4.60935,1,1,1,0,266,98,0,364,420,56,0.604396,1,0.52381,0.936774,0,2.04177,0.999999,0,0,1
69060,door_2,4,0.982014,0.777063,2.538,1,1,0,74477,0,0,0,0,420,420,0,0,0,0.734303,0,2.05811,0.999681,0,0,0
69120,door_3,4,0.982014,-0.366607,4.60933,1,1,1,0,266,98,0,364,420,56,0.604396,1,0.52381,0.936692,0,2.04177,0.999999,0,0,1
69120,door_2,4,0.982014,0.777063,2.538,1,1,0,74545,0,0,0,0,420,420,0,0,0,0.734303,0,2.05811,0.999681,0,0,0
69180,door_3,4,0.982014,-0.370036,4.60938,1,1,1,0,266,98,0,364,420,56,0.604396,1,0.52381,0.936875,0,2.04177,0.999999,0,0,1
69180,door_2,4,0.982014,0.777063,2.538,1,1,0,74612,0,0,0,0,420,420,0,0,0,0.734303,0,2.05811,0.999681,0,0,0
69240,door_3,4,0.982014,-0.368212,4.60935,1,1,1,0,266,98,0,364,420,56,0.604396,1,0.52381,0.936778,0,2.04177,0.999999,0,0,1
69240,door_2,4,0.982014,0.777063,2.538,1,1,0,74676,0,0,0,0,420,420,0,0,0,0.734303,0,2.05811,0.999681,0,0,0
69300,door_3,4,0.982014,-0.368817,4.60936,1,1,1,0,266,98,0,364,420,56,0.604396,1,0.52381,0.93681,0,2.04177,0.999999,0,0,1
69300,door_2,4,0.982014,0.777063,2.538,1,1,0,74744,0,0,0,0,420,420,0,0,0,0.734304,0,2.05811,0.999681,0,0,0
69360,door_3,4,0.982014,-0.366783,4.60933,1,1,1,0,266,98,0,364,420,56,0.604396,1,0.52381,0.936702,0,2.04177,0.999999,0,0,1
69360,door_2,4,0.982014,0.777063,2.538,1,1,0,74809,0,0,0,0,420,420,0,0,0,0.734304,0,2.05811,0.999681,0,0,0
69420,door_3,4,0.982014,-0.370039,4.60938,1,1,1,0,266,98,0,364,420,56,0.604396,1,0.52381,0.936876,0,2.04177,0.999999,0,0,1
69420,door_2,4,0.982014,0.777063,2.538,1,1,0,74875,0,0,0,0,420,420,0,0,0,0.734304,0,2.05811,0.999681,0,0,0
69480,door_3,4,0.982014,-0.366618,4.60933,1,1,1,0,266,98,0,364,420,56,0.604396,1,0.52381,0.936694,0,2.04177,0.999999,0,0,1
69480,door_2,4,0.982014,0.777063,2.538,1,1,0,74941,0,0,0,0,420,420,0,0,0,0.734304,0,2.05811,0.999681,0,0,0
69540,door_3,4,0.982014,-0.365141,4.60931,1,1,1,0,266,98,0,364,420,56,0.604396,1,0.52381,0.936615,0,2.04177,0.999999,0,0,1
69540,door_2,4,0.982014,0.777063,2.538,1,1,0,75007,0,0,0,0,420,420,0,0,0,0.734304,0,2.05811,0.999681,0,0,0
69600,door_3,4,0.982014,-0.367103,4.60934,1,1,1,0,266,98,0,364,420,56,0.604396,1,0.52381,0.93672,0,2.04177,0.999999,0,0,1
69600,door_2,4,0.982014,0.777063,2.538,1,1,0,75074,0,0,0,0,420,420,0,0,0,0.734305,0,2.05811,0.999681,0,0,0
69660,door_3,4,0.982014,-0.368224,4.60935,1,1,1,0,266,98,0,364,420,56,0.604396,1,0.52381,0.936779,0,2.04177,0.999999,0,0,1
69660,door_2,4,0.982014,0.777063,2.538,1,1,0,75142,0,0,0,0,420,420,0,0,0,0.734305,0,2.05811,0.999681,0,0,0
69720,door_3,4,0.982014,-0.365416,4.60931,1,1,1,0,266,98,0,364,420,56,0.604396,1,0.52381,0.93663,0,2.04177,0.999999,0,0,1
69720,door_2,4,0.982014,0.777063,2.538,1,1,0,75207,0,0,0,0,420,420,0,0,0,0.734305,0,2.05811,0.999681,0,0,0
69780,door_3,4,0.982014,-0.368917,4.60936,1,1,1,0,266,98,0,364,420,56,0.604396,1,0.52381,0.936816,0,2.04177,0.999999,0,0,1
69780,door_2,4,0.982014,0.777063,2.538,1,1,0,75273,0,0,0,0,420,420,0,0,0,0.734305,0,2.05811,0.999681,0,0,0
69840,door_3,4,0.982014,-0.367204,4.60934,1,1,1,0,266,98,0,364,420,56,0.604396,1,0.52381,0.936725,0,2.04177,0.999999,0,0,1
69840,door_2,4,0.982014,0.777063,2.538,1,1,0,75338,0,0,0,0,420,420,0,0,0,0.734305,0,2.05811,0.999681,0,0,0
69900,door_3,4,0.982014,-0.368783,4.60936,1,1,1,0,266,98,0,364,420,56,0.604396,1,0.52381,0.93681,0,2.04177,0.999999,0,0,1
69900,door_2,4,0.982014,0.777063,2.538,1,1,0,75406,0,0,0,0,420,420,0,0,0,0.734305,0,2.05811,0.999681,0,0,0
69960,door_3,4,0.982014,-0.364567,4.6093,1,1,1,0,266,98,0,364,420,56,0.604396,1,0.52381,0.936585,0,2.04177,0.999999,0,0,1
69960,door_2,4,0.982014,0.777063,2.538,1,1,0,75475,0,0,0,0,420,420,0,0,0,0.734306,0,2.05811,0.999681,0,0,0
70020,door_3,4,0.982014,-0.367965,4.60935,1,1,1,0,266,98,0,364,420,56,0.604396,1,0.52381,0.936766,0,2.04177,0.999999,0,0,1
70020,door_2,4,0.982014,0.777063,2.538,1,1,0,75542,0,0,0,0,420,420,0,0,0,0.734306,0,2.05811,0.999681,0,0,0
70080,door_3,4,0.982014,-0.366706,4.60933,1,1,1,0,266,98,0,364,420,56,0.604396,1,0.52381,0.936699,0,2.04177,0.999999,0,0,1
70080,door_2,4,0.982014,0.777063,2.538,1,1,0,75608,0,0,0,0,420,420,0,0,0,0.734306,0,2.05811,0.999681,0,0,0
70140,door_3,4,0.982014,-0.365025,4.60931,1,1,1,0,266,98,0,364,420,56,0.604396,1,0.52381,0.93661,0,2.04177,0.999999,0,0,1
70140,door_2,4,0.982014,0.777063,2.538,1,1,0,75673,0,0,0,0,420,420,0,0,0,0.734307,0,2.05811,0.999681,0,0,0
70200,door_3,4,0.982014,-0.366428,4.60933,1,1,1,0,266,98,0,364,420,56,0.604396,1,0.52381,0.936685,0,2.04177,0.999999,0,0,1
70200,door_2,4,0.982014,0.777063,2.538,1,1,0,75740,0,0,0,0,420,420,0,0,0,0.734307,0,2.05811,0.999681,0,0,0
70260,door_3,4,0.982014,-0.368314,4.60936,1,1,1,0,266,98,0,364,420,56,0.604396,1,0.52381,0.936786,0,2.04177,0.999999,0,0,1
70260,door_2,4,0.982014,0.777063,2.538,1,1,0,75808,0,0,0,0,420,420,0,0,0,0.734307,0,2.05811,0.999681,0,0,0
70320,door_3,4,0.982014,-0.365467,4.60931,1,1,1,0,266,98,0,364,420,56,0.604396,1,0.52381,0.936634,0,2.04177,0.999999,0,0,1
70320,door_2,4,0.982014,0.777063,2.538,1,1,0,75878,0,0,0,0,420,420,0,0,0,0.734308,0,2.05811,0.999681,0,0,0
70380,door_3,4,0.982014,-0.367125,4.60934,1,1,1,0,266,98,0,364,420,56,0.604396,1,0.52381,0.936723,0,2.04177,0.999999,0,0,1
70380,door_2,4,0.982014,0.777063,2.538,1,1,0,75941,0,0,0,0,420,420,0,0,0,0.734308,0,2.05811,0.999681,0,0,0
70440,door_3,4,0.982014,-0.367356,4.60934,1,1,1,0,266,98,0,364,420,56,0.604396,1,0.52381,0.936735,0,2.04177,0.999999,0,0,1
70440,door_2,4,0.982014,0.777063,2.538,1,1,0,76008,0,0,0,0,420,420,0,0,0,0.734308,0,2.05811,0.999681,0,0,0
70500,door_3,4,0.982014,-0.365282,4.60931,1,1,1,0,266,98,0,364,420,56,0.604396,1,0.52381,0.936625,0,2.04177,0.999999,0,0,1
70500,door_2,4,0.982014,0.777063,2.538,1,1,0,76072,0,0,0,0,420,420,0,0,0,0.734308,0,2.05811,0.999681,0,0,0
70560,door_3,4,0.982014,-0.368494,4.60936,1,1,1,0,266,98,0,364,420,56,0.604396,1,0.52381,0.936796,0,2.04177,0.999999,0,0,1
70560,door_2,4,0.982014,0.777063,2.538,1,1,0,76138,0,0,0,0,420,420,0,0,0,0.734308,0,2.05811,0.999681,0,0,0
70620,door_3,4,0.982014,-0.367148,4.60934,1,1,1,0,266,98,0,364,420,56,0.604396,1,0.52381,0.936724,0,2.04177,0.999999,0,0,1
70620,door_2,4,0.982014,0.777063,2.538,1,1,0,76206,0,0,0,0,420,420,0,0,0,0.734308,0,2.05811,0.999681,0,0,0
70680,door_3,4,0.982014,-0.36888,4.60936,1,1,1,0,266,98,0,364,420,56,0.604396,1,0.52381,0.936817,0,2.04177,0.999999,0,0,1
70680,door_2,4,0.982014,0.777063,2.538,1,1,0,76269,0,0,0,0,420,420,0,0,0,0.734309,0,2.05811,0.999681,0,0,0
70740,door_3,4,0.982014,-0.363454,4.60928,1,1,1,0,266,98,0,364,420,56,0.604396,1,0.52381,0.936528,0,2.04177,0.999999,0,0,1
70740,door_2,4,0.982014,0.777063,2.538,1,1,0,76336,0,0,0,0,420,420,0,0,0,0.734309,0,2.05811,0.999681,0,0,0
70800,door_3,4,0.982014,-0.36527,4.60931,1,1,1,0,266,98,0,364,420,56,0.604396,1,0.52381,0.936625,0,2.04177,0.999999,0,0,1
70800,door_2,4,0.982014,0.777063,2.538,1,1,0,76406,0,0,0,0,420,420,0,0,0,0.734309,0,2.05811,0.999681,0,0,0
70860,door_3,4,0.982014,-0.364595,4.6093,1,1,1,0,266,98,0,364,420,56,0.604396,1,0.52381,0.936589,0,2.04177,0.999999,0,0,1
70860,door_2,4,0.982014,0.777063,2.538,1,1,0,76472,0,0,0,0,420,420,0,0,0,0.734309,0,2.05811,0.999681,0,0,0
70920,door_3,4,0.982014,-0.367187,4.60934,1,1,1,0,266,98,0,364,420,56,0.604396,1,0.52381,0.936727,0,2.04177,0.999999,0,0,1
70920,door_2,4,0.982014,0.777063,2.538,1,1,0,76541,0,0,0,0,420,420,0,0,0,0.734309,0,2.05811,0.999681,0,0,0
70980,door_3,4,0.982014,-0.368206,4.60935,1,1,1,0,266,98,0,364,420,56,0.604396,1,0.52381,0.936781,0,2.04177,0.999999,0,0,1
70980,door_2,4,0.982014,0.777063,2.538,1,1,0,76604,0,0,0,0,420,420,0,0,0,0.734309,0,2.05811,0.999681,0,0,0
71040,door_3,4,0.982014,-0.371428,4.6094,1,1,1,0,266,98,0,364,420,56,0.604396,1,0.52381,0.936953,0,2.04177,0.999999,0,0,1
71040,door_2,4,0.982014,0.777063,2.538,1,1,0,76671,0,0,0,0,420,420,0,0,0,0.734309,0,2.05811,0.999681,0,0,0
71100,door_3,4,0.982014,-0.363411,4.60928,1,1,1,0,266,98,0,364,420,56,0.604396,1,0.52381,0.936526,0,2.04177,0.999999,0,0,1
71100,door_2,4,0.982014,0.777063,2.538,1,1,0,76738,0,0,0,0,420,420,0,0,0,0.73431,0,2.05811,0.999681,0,0,0
71160,door_3,4,0.982014,-0.365853,4.60932,1,1,1,0,266,98,0,364,420,56,0.604396,1,0.52381,0.936657,0,2.04177,0.999999,0,0,1
71160,door_2,4,0.982014,0.777063,2.538,1,1,0,76804,0,0,0,0,420,420,0,0,0,0.73431,0,2.05811,0.999681,0,0,0
71220,door_3,4,0.982014,-0.367095,4.60934,1,1,1,0,266,98,0,364,420,56,0.604396,1,0.52381,0.936723,0,2.04177,0.999999,0,0,1
71220,door_2,4,0.982014,0.777063,2.538,1,1,0,76873,0,0,0,0,420,420,0,0,0,0.73431,0,2.05811,0.999681,0,0,0
71280,door_3,4,0.982014,-0.365083,4.60931,1,1,1,0,266,98,0,364,420,56,0.604396,1,0.52381,0.936616,0,2.04177,0.999999,0,0,1
71280,door_2,4,0.982014,0.777063,2.538,1,1,0,76938,0,0,0,0,420,420,0,0,0,0.734311,0,2.05811,0.999681,0,0,0
71340,door_3,4,0.982014,-0.368425,4.60936,1,1,1,0,266,98,0,364,420,56,0.604396,1,0.52381,0.936794,0,2.04177,0.999999,0,0,1
71340,door_2,4,0.982014,0.777063,2.538,1,1,0,77003,0,0,0,0,420,420,0,0,0,0.734311,0,2.05811,0.999681,0,0,0
71400,door_3,4,0.982014,-0.36688,4.60933,1,1,1,0,266,98,0,364,420,56,0.604396,1,0.52381,0.936712,0,2.04177,0.999999,0,0,1
71400,door_2,4,0.982014,0.777063,2.538,1,1,0,77071,0,0,0,0,420,420,0,0,0,0.734311,0,2.05811,0.999681,0,0,0
71460,door_3,4,0.982014,-0.370378,4.60939,1,1,1,0,266,98,0,364,420,56,0.604396,1,0.52381,0.936899,0,2.04177,0.999999,0,0,1
71460,door_2,4,0.982014,0.777063,2.538,1,1,0,77139,0,0,0,0,420,420,0,0,0,0.734311,0,2.05811,0.999681,0,0,0
71520,door_3,4,0.982014,-0.365162,4.60931,1,1,1,0,266,98,0,364,420,56,0.604396,1,0.52381,0.936621,0,2.04177,0.999999,0,0,1
71520,door_2,4,0.982014,0.777063,2.538,1,1,0,77210,0,0,0,0,420,420,0,0,0,0.734312,0,2.05811,0.999681,0,0,0
71580,door_3,4,0.982014,-0.368806,4.60936,1,1,1,0,266,98,0,364,420,56,0.604396,1,0.52381,0.936816,0,2.04177,0.999999,0,0,1
71580,door_2,4,0.982014,0.777063,2.538,1,1,0,77280,0,0,0,0,420,420,0,0,0,0.734312,0,2.05811,0.999681,0,0,0
71640,door_3,4,0.982014,-0.366851,4.60933,1,1,1,0,266,98,0,364,420,56,0.604396,1,0.52381,0.936711,0,2.04177,0.999999,0,0,1
71640,door_2,4,0.982014,0.777063,2.538,1,1,0,77347,0,0,0,0,420,420,0,0,0,0.734312,0,2.05811,0.999681,0,0,0
71700,door_3,4,0.982014,-0.365366,4.60931,1,1,1,0,266,98,0,364,420,56,0.604396,1,0.52381,0.936633,0,2.04177,0.999999,0,0,1
71700,door_2,4,0.982014,0.777063,2.538,1,1,0,77414,0,0,0,0,420,420,0,0,0,0.734312,0,2.05811,0.999681,0,0,0
71760,door_3,4,0.982014,-0.368517,4.60936,1,1,1,0,266,98,0,364,420,56,0.604396,1,0.52381,0.9368,0,2.04177,0.999999,0,0,1
71760,door_2,4,0.982014,0.777063,2.538,1,1,0,77478,0,0,0,0,420,420,0,0,0,0.734312,0,2.05811,0.999681,0,0,0
71820,door_3,4,0.982014,-0.372778,4.60942,1,1,1,0,266,98,0,364,420,56,0.604396,1,0.52381,0.937027,0,2.04177,0.999999,0,0,1
71820,door_2,4,0.982014,0.777063,2.538,1,1,0,77545,0,0,0,0,420,420,0,0,0,0.734313,0,2.05811,0.999681,0,0,0
71880,door_3,4,0.982014,-0.368293,4.60935,1,1,1,0,266,98,0,364,420,56,0.604396,1,0.52381,0.936789,0,2.04177,0.999999,0,0,1
71880,door_2,4,0.982014,0.777063,2.538,1,1,0,77610,0,0,0,0,420,420,0,0,0,0.734313,0,2.05811,0.999681,0,0,0
71940,door_3,4,0.982014,-0.368312,4.60936,1,1,1,0,266,98,0,364,420,56,0.604396,1,0.52381,0.93679,0,2.04177,0.999999,0,0,1
71940,door_2,4,0.982014,0.777063,2.538,1,1,0,77680,0,0,0,0,420,420,0,0,0,0.734313,0,2.05811,0.999681,0,0,0
72000,door_3,4,0.982014,-0.36711,4.60934,1,1,1,0,266,98,0,364,420,56,0.604396,1,0.52381,0.936726,0,2.04177,0.999999,0,0,1
72000,door_2,4,0.982014,0.777063,2.538,1,1,0,77749,0,0,0,0,420,420,0,0,0,0.734314,0,2.05811,0.999681,0,0,0
72060,door_3,4,0.982014,-0.369954,4.60938,1,1,1,0,266,98,0,364,420,56,0.604396,1,0.52381,0.936878,0,2.04177,0.999999,0,0,1
72060,door_2,4,0.982014,0.777063,2.538,1,1,0,77818,0,0,0,0,420,420,0,0,0,0.734314,0,2.05811,0.999681,0,0,0
72120,door_3,4,0.982014,-0.368615,4.60936,1,1,1,0,266,98,0,364,420,56,0.604396,1,0.52381,0.936807,0,2.04177,0.999999,0,0,1
72120,door_2,4,0.982014,0.777063,2.538,1,1,0,77881,0,0,0,0,420,420,0,0,0,0.734314,0,2.05811,0.999681,0,0,0
72180,door_3,4,0.982014,-0.363977,4.60929,1,1,1,0,266,98,0,364,420,56,0.604396,1,0.52381,0.93656,0,2.04177,0.999999,0,0,1
72180,door_2,4,0.982014,0.777063,2.538,1,1,0,77952,0,0,0,0,420,420,0,0,0,0.734314,0,2.05811,0.999681,0,0,0
72240,door_3,4,0.982014,-0.36484,4.6093,1,1,1,0,266,98,0,364,420,56,0.604396,1,0.52381,0.936606,0,2.04177,0.999999,0,0,1
72240,door_2,4,0.982014,0.777063,2.538,1,1,0,78017,0,0,0,0,420,420,0,0,0,0.734314,0,2.05811,0.999681,0,0,0
