# https://github.com/mikedh/trimesh
mtllib material.mtl

o door.obj
usemtl Puerta
v 0.41800010 0.13178081 0.95904764
v -0.41799989 0.13178081 0.00190474
v -0.41799989 0.13178081 0.95904764
v -0.50000000 -0.26380777 1.00000000
v -0.50000000 -0.26380777 1.00000000
v -0.50000000 -0.26380777 1.00000000
v -0.50000000 0.50000000 0.00000000
v -0.50000000 0.50000000 1.00000000
v -0.50000000 0.50000000 1.00000000
v 0.50000000 -0.26380777 1.00000000
v 0.50000000 -0.26380777 1.00000000
v 0.50000000 -0.26380777 1.00000000
v 0.50000000 -0.26380777 1.00000000
v 0.50000000 -0.26380777 0.00000000
v 0.50000000 -0.26380777 0.00000000
v 0.50000000 0.50000000 1.00000000
v 0.50000000 0.50000000 1.00000000
v 0.50000000 0.50000000 0.00000000
v -0.39999989 0.11809611 0.96190480
v -0.39999989 -0.26380777 0.00000000
v -0.39999989 -0.26380777 0.00000000
v -0.39999989 -0.26380777 0.96190480
v -0.39999989 -0.26380777 0.96190480
v -0.39999989 -0.26380777 0.96190480
v 0.42000011 -0.26380777 0.96190480
v 0.42000011 -0.26380777 0.96190480
v 0.42000011 -0.26380777 0.96190480
v -0.41999999 -0.26380777 0.96190480
v -0.41999999 -0.26380777 0.96190480
v -0.41999999 -0.26380777 0.96190480
v -0.50000000 -0.26380777 0.00000000
v -0.50000000 -0.26380777 0.00000000
v 0.40000001 -0.26380777 0.95238100
v 0.40000001 -0.26380777 0.95238100
v -0.39999989 0.11809611 0.95238100
v -0.39999989 -0.26380777 0.95238100
v -0.39999989 -0.26380777 0.95238100
v 0.40000001 -0.26380777 0.96190480
v 0.40000001 -0.26380777 0.96190480
v 0.40000001 -0.26380777 0.96190480
v 0.40000001 -0.26380777 0.96190480
v 0.40000001 0.11809611 0.00000000
v 0.40000001 0.11809611 0.96190480
v 0.42000011 -0.26380777 0.00000000
v 0.37652829 0.11334343 0.48787335
v 0.38037059 0.08373497 0.48961477
v 0.37965140 0.11299458 0.48984382
v 0.37721640 0.08409292 0.48757385
v 0.37973511 0.05448816 0.48979432
v 0.38205940 0.11265285 0.49203001
v 0.38289890 0.08338384 0.49184432
v 0.37286279 0.11369420 0.48609861
v 0.37441281 0.13757692 0.48874954
v 0.37089130 0.13790470 0.48713050
v 0.37352279 0.08445144 0.48574195
v 0.37665081 0.05484041 0.48778048
v 0.37159100 0.03093330 0.48671333
v 0.37304190 0.05519210 0.48597577
v 0.37500519 0.03060038 0.48842336
v 0.38029969 0.02993910 0.49240239
v 0.38224161 0.05414215 0.49198238
v 0.38208801 0.02962269 0.49460243
v 0.38412759 0.05380810 0.49430719
v 0.38479951 0.08304353 0.49421716
v 0.38386390 0.11232072 0.49436623
v 0.37951070 0.13694068 0.49258098
v 0.38108149 0.13663224 0.49478908
v 0.37739921 0.13725424 0.49053337
v 0.38517481 0.11200168 0.49677624
v 0.38666341 0.08241982 0.49920147
v 0.38581029 0.11170725 0.49922622
v 0.38607499 0.08271972 0.49668286
v 0.38591430 0.05319691 0.49920811
v 0.38560000 0.11144739 0.50169334
v 0.38651180 0.08215007 0.50173432
v 0.38243091 0.13633006 0.49702953
v 0.38535771 0.05349112 0.49672952
v 0.38324949 0.02932280 0.49689619
v 0.38365650 0.02879183 0.50160286
v 0.38578749 0.05293058 0.50169953
v 0.38289499 0.02857046 0.50393385
v 0.38497990 0.05269668 0.50416194
v 0.38566631 0.08191334 0.50424192
v 0.38470960 0.11121805 0.50414621
v 0.38282281 0.13581902 0.50156147
v 0.38186490 0.13561074 0.50384762
v 0.38314411 0.13605348 0.49928526
v 0.38331461 0.11101638 0.50654527
v 0.38204709 0.08154913 0.50900195
v 0.38129219 0.11085526 0.50881860
v 0.38418189 0.08171074 0.50668100
v 0.38138130 0.05234214 0.50883148
v 0.37851989 0.11074663 0.51090481
v 0.37925601 0.08143360 0.51116003
v 0.38068059 0.13541498 0.50610953
v 0.38350150 0.05249978 0.50655288
v 0.38149261 0.02838381 0.50619667
v 0.37690300 0.02812602 0.51037002
v 0.37865519 0.05222719 0.51095953
v 0.37379560 0.02805887 0.51220766
v 0.37537020 0.05215662 0.51289952
v 0.37589109 0.08136360 0.51313005
v 0.37517330 0.11068176 0.51281716
v 0.37626141 0.13516685 0.51012762
v 0.37303150 0.13511393 0.51187955
v 0.37892970 0.13525847 0.50823288
v 0.37144610 0.11065139 0.51456238
v 0.36775830 0.08135677 0.51639100
v 0.36730769 0.11066675 0.51605000
v 0.37204450 0.08133686 0.51488907
v 0.36735070 0.05215321 0.51608667
v 0.36271629 0.11073874 0.51719668
v 0.36307570 0.08142620 0.51759478
v 0.36963081 0.13507751 0.51355620
v 0.37157971 0.05213159 0.51461812
v 0.37020519 0.02803553 0.51383333
v 0.36184880 0.02811919 0.51635478
v 0.36275569 0.05221979 0.51728052
v 0.35722819 0.02822447 0.51720622
v 0.35787359 0.05233133 0.51817862
v 0.35809299 0.08154173 0.51850003
v 0.35781011 0.11085554 0.51805572
v 0.36158481 0.13515774 0.51598381
v 0.35694820 0.13527498 0.51673193
v 0.36588490 0.13508320 0.51497859
v 0.35274950 0.11100457 0.51868004
v 0.34762600 0.08189399 0.51938763
v 0.34762600 0.08189399 0.51938763
v 0.34760401 0.11119237 0.51898289
v 0.34760401 0.11119237 0.51898289
v 0.35291499 0.08169765 0.51910766
v 0.34758201 0.05268018 0.51902955
v 0.34758201 0.05268018 0.51902955
v 0.34242371 0.11142555 0.51888287
v 0.34230661 0.08212959 0.51931577
v 0.35224241 0.13540700 0.51737481
v 0.35278651 0.05248612 0.51876434
v 0.35241169 0.02837072 0.51775958
v 0.34252760 0.02877362 0.51795338
v 0.34234929 0.05291123 0.51896955
v 0.33763200 0.02902345 0.51759098
v 0.33717820 0.05317529 0.51858479
v 0.33704111 0.08239991 0.51891290
v 0.33727261 0.11169274 0.51845860
v 0.34272540 0.13579512 0.51756146
v 0.33792460 0.13605064 0.51710529
v 0.34750521 0.13557318 0.51771433
v 0.34750521 0.13557318 0.51771433
v 0.33223459 0.11198133 0.51779477
v 0.32704440 0.08301621 0.51718953
v 0.32746071 0.11229112 0.51683144
v 0.33191910 0.08269640 0.51820621
v 0.32737210 0.05378250 0.51687147
v 0.32307959 0.11262311 0.51551146
v 0.32251349 0.08335596 0.51586052
v 0.33317459 0.13631583 0.51654148
v 0.33215761 0.05346722 0.51788100
v 0.33287999 0.02930002 0.51692290
v 0.32411659 0.02991463 0.51473762
v 0.32290390 0.05411597 0.51557333
v 0.32025760 0.03024128 0.51325812
v 0.31882951 0.05446141 0.51400908
v 0.31837621 0.08370822 0.51425857
v 0.31906369 0.11296912 0.51391814
v 0.32473671 0.13690768 0.51443715
v 0.32105800 0.13723318 0.51289907
v 0.32871541 0.13659810 0.51570764
v 0.31539819 0.11331989 0.51214334
v 0.31152841 0.08442412 0.51038574
v 0.31227511 0.11366880 0.51017241
v 0.31468260 0.08406617 0.51242672
v 0.31213641 0.05516479 0.51019052
v 0.30986711 0.11401046 0.50798623
v 0.30899998 0.08477582 0.50815619
v 0.31753650 0.13756041 0.51128004
v 0.31522059 0.05481310 0.51220385
v 0.31684339 0.03057420 0.51154815
v 0.31154901 0.03123548 0.50756905
v 0.30962989 0.05551079 0.50800241
v 0.30976060 0.03155189 0.50536908
v 0.30774379 0.05584542 0.50567766
v 0.30709949 0.08511613 0.50578335
v 0.30806261 0.11434266 0.50565001
v 0.31243870 0.13819721 0.50744860
v 0.31086779 0.13850509 0.50524050
v 0.31455019 0.13788308 0.50949621
v 0.30675170 0.11466164 0.50324000
v 0.30523551 0.08573928 0.50079904
v 0.30611619 0.11495606 0.50079002
v 0.30582410 0.08543937 0.50331765
v 0.30595711 0.05645661 0.50077668
v 0.30632651 0.11521599 0.49832335
v 0.30538720 0.08600901 0.49826619
v 0.30951849 0.13880727 0.50300004
v 0.30651370 0.05616239 0.50325527
v 0.30859911 0.03185179 0.50307526
v 0.30819210 0.03238217 0.49836860
v 0.30608389 0.05672294 0.49828480
v 0.30895370 0.03260412 0.49603765
v 0.30689159 0.05695626 0.49582240
v 0.30623260 0.08624632 0.49575859
v 0.30721691 0.11544526 0.49587002
v 0.30912659 0.13931830 0.49846810
v 0.31008440 0.13952659 0.49618195
v 0.30880520 0.13908384 0.50074381
v 0.30861190 0.11564693 0.49347097
v 0.30985191 0.08660997 0.49099811
v 0.31063429 0.11580813 0.49119810
v 0.30771699 0.08644835 0.49331957
v 0.31049010 0.05731137 0.49115286
v 0.31340659 0.11591661 0.48911142
v 0.31264290 0.08672549 0.48884048
v 0.31126881 0.13972235 0.49392004
v 0.30836990 0.05715374 0.49343191
v 0.31035599 0.03279077 0.49377432
v 0.31494561 0.03304856 0.48960143
v 0.31321621 0.05742632 0.48902525
v 0.31805301 0.03311573 0.48776385
v 0.31650120 0.05749688 0.48708481
v 0.31600791 0.08679605 0.48687052
v 0.31675321 0.11598155 0.48719908
v 0.31568780 0.13997104 0.48990195
v 0.31891781 0.14002340 0.48815003
v 0.31301960 0.13987884 0.49179670
v 0.32048041 0.11601200 0.48545386
v 0.32414061 0.08680232 0.48360958
v 0.32461870 0.11599656 0.48396669
v 0.31985441 0.08682281 0.48511144
v 0.32452071 0.05750030 0.48389767
v 0.32921019 0.11592464 0.48281956
v 0.32882321 0.08673289 0.48240573
v 0.32231849 0.14006038 0.48647287
v 0.32029179 0.05752135 0.48536621
v 0.32164341 0.03313905 0.48613812
v 0.32999980 0.03305539 0.48361667
v 0.32911569 0.05743315 0.48270432
v 0.33462039 0.03295012 0.48276529
v 0.33399779 0.05732161 0.48180571
v 0.33380589 0.08661793 0.48150048
v 0.33411640 0.11580776 0.48196051
v 0.33036450 0.13997958 0.48404526
v 0.33500111 0.13986235 0.48329719
v 0.32606441 0.14005469 0.48505099
v 0.33917701 0.11565873 0.48133619
v 0.34427291 0.08626568 0.48061288
v 0.34432241 0.11547101 0.48103335
v 0.33898401 0.08646201 0.48089291
v 0.34428939 0.05697276 0.48095478
v 0.34950271 0.11523783 0.48113337
v 0.34959239 0.08602950 0.48068480
v 0.33970690 0.13973032 0.48265477
v 0.33908489 0.05716739 0.48121999
v 0.33943689 0.03280330 0.48221193
v 0.34932089 0.03240038 0.48201813
v 0.34952211 0.05674172 0.48101524
v 0.35421661 0.03215113 0.48238053
v 0.35469312 0.05647823 0.48140000
v 0.35485780 0.08575976 0.48108762
v 0.35465389 0.11497057 0.48155764
v 0.34922391 0.13934277 0.48246812
v 0.35402471 0.13908669 0.48292429
v 0.34444410 0.13956414 0.48231525
v 0.36938551 0.08480371 0.48413955
v 0.36449930 0.05587045 0.48311338
v 0.36896750 0.05553754 0.48441146
v 0.36884689 0.11404027 0.48450478
v 0.36485451 0.08514287 0.48281098
v 0.35997990 0.08546270 0.48179430
v 0.35971379 0.05618572 0.48210385
v 0.35969189 0.11468205 0.48222192
v 0.36773199 0.03125995 0.48523383
v 0.36721271 0.13823022 0.48559242
v 0.36323389 0.13853923 0.48432194
v 0.36446580 0.11437218 0.48318479
v 0.35877469 0.13882150 0.48348809
v 0.35896859 0.03187456 0.48304861
v 0.36349919 0.03157578 0.48400575
v 0.37517101 0.01480438 0.49115479
v 0.37387389 0.00645032 0.49381099
v 0.37734339 0.01450449 0.49304862
v 0.36956739 0.00698747 0.49057429
v 0.37194100 0.00671660 0.49212623
v 0.37045041 0.00310808 0.49456479
v 0.36667100 0.00357983 0.49172432
v 0.36875421 0.00334200 0.49308620
v 0.37897831 0.01421482 0.49506002
v 0.37792340 0.03026690 0.49033099
v 0.37250310 0.01510885 0.48941098
v 0.36938191 0.01541333 0.48784764
v 0.36679041 0.00725843 0.48918386
v 0.36423379 0.00381719 0.49050385
v 0.36212921 0.00243832 0.49159143
v 0.36428660 0.00222771 0.49267192
v 0.36613050 0.00201718 0.49387719
v 0.36763200 0.00180999 0.49518621
v 0.36876211 0.00160968 0.49657671
v 0.37172711 0.00288162 0.49613575
v 0.37532860 0.00619253 0.49560050
v 0.38051921 0.01368616 0.49930240
v 0.37660429 0.00551704 0.50129479
v 0.38041219 0.01345569 0.50146003
v 0.37627330 0.00594841 0.49746624
v 0.37669951 0.00572241 0.49937529
v 0.37284669 0.00228918 0.50113289
v 0.37255621 0.00266766 0.49777289
v 0.37293020 0.00246897 0.49944812
v 0.37971601 0.01325309 0.50359098
v 0.38377351 0.02904451 0.49924336
v 0.38004011 0.01394109 0.49715669
v 0.36949599 0.00142016 0.49802572
v 0.36982709 0.00124430 0.49950858
v 0.36975321 0.00108504 0.50099954
v 0.36927190 0.00094498 0.50247286
v 0.37230310 0.00213099 0.50279671
v 0.37598491 0.00533659 0.50319095
v 0.37659580 0.01294642 0.50763195
v 0.37111110 0.00497521 0.50842571
v 0.37423810 0.01284674 0.50947481
v 0.37484419 0.00518527 0.50503143
v 0.37320879 0.00506401 0.50678619
v 0.36802569 0.00181343 0.50739098
v 0.37130201 0.00199780 0.50441239
v 0.36986670 0.00189143 0.50595241
v 0.37139729 0.01278535 0.51115481
v 0.37948200 0.02823470 0.50835430
v 0.37843391 0.01308295 0.50566000
v 0.36838579 0.00082716 0.50390286
v 0.36711541 0.00073331 0.50526576
v 0.36548579 0.00066447 0.50653954
v 0.36352229 0.00062179 0.50770098
v 0.36580750 0.00176559 0.50870291
v 0.36858359 0.00492060 0.50992049
v 0.36445209 0.01278306 0.51391144
v 0.35886610 0.00496959 0.51329382
v 0.36047539 0.01284054 0.51494623
v 0.36566311 0.00490179 0.51124286
v 0.36240420 0.00491832 0.51237336
v 0.35727930 0.00180884 0.51166338
v 0.36324450 0.00174908 0.50986338
v 0.36038449 0.00176331 0.51085577
v 0.35625121 0.01293725 0.51572479
v 0.36619869 0.02805602 0.51522286
v 0.36811480 0.01276425 0.51264147
v 0.36125350 0.00060700 0.50872811
v 0.35872191 0.00062008 0.50960623
v 0.35597339 0.00065989 0.51032148
v 0.35305369 0.00072643 0.51085957
v 0.35398090 0.00188399 0.51227146
v 0.35510770 0.00505551 0.51398671
v 0.34734190 0.01323944 0.51645861
v 0.34734190 0.01323944 0.51645861
v 0.34315041 0.00550225 0.51459429
v 0.34281179 0.01343917 0.51640763
v 0.35119000 0.00517437 0.51443619
v 0.34718090 0.00532409 0.51463953
v 0.34718090 0.00532409 0.51463953
v 0.34348691 0.00227610 0.51280478
v 0.35054261 0.00198815 0.51266621
v 0.34702420 0.00212019 0.51284429
v 0.34702420 0.00212019 0.51284429
v 0.33833611 0.01366736 0.51607622
v 0.34748289 0.02855510 0.51800906
v 0.34748289 0.02855510 0.51800906
v 0.35184780 0.01307101 0.51623052
v 0.35001019 0.00081924 0.51120908
v 0.34689581 0.00093534 0.51136666
v 0.34689581 0.00093534 0.51136666
v 0.34376469 0.00107359 0.51133147
v 0.34067121 0.00123122 0.51110241
v 0.33999211 0.00245417 0.51254576
v 0.33916831 0.00570542 0.51429910
v 0.32984990 0.01419323 0.51459048
v 0.32817501 0.00642980 0.51197861
v 0.32598019 0.01448177 0.51346810
v 0.33530301 0.00593017 0.51375619
v 0.33161789 0.00617316 0.51297718
v 0.33034420 0.00309042 0.51050910
v 0.33659989 0.00265171 0.51206909
v 0.33336580 0.00286510 0.51138574
v 0.32245219 0.01478051 0.51211524
v 0.32834950 0.02959880 0.51596576
v 0.33399171 0.01392008 0.51546576
v 0.33766851 0.00140594 0.51068047
v 0.33480579 0.00159489 0.51007529
v 0.33213109 0.00179463 0.50929958
v 0.32969269 0.00200066 0.50836429
v 0.32758939 0.00332377 0.50945290
v 0.32503611 0.00669560 0.51077476
v 0.31666309 0.01539003 0.50880809
v 0.31795251 0.00750428 0.50614762
v 0.31449071 0.01568935 0.50691431
v 0.32225901 0.00696647 0.50938433
v 0.31988531 0.00723733 0.50783239
v 0.32137281 0.00403287 0.50539195
v 0.32515219 0.00356112 0.50823242
v 0.32306901 0.00379895 0.50687049
v 0.31285569 0.01597902 0.50490291
v 0.31392521 0.03090768 0.50964051
v 0.31933090 0.01508499 0.51055241
v 0.32753530 0.00221118 0.50728431
v 0.32569140 0.00242181 0.50607860
v 0.32418990 0.00262889 0.50477002
v 0.32305980 0.00282920 0.50337953
v 0.32009611 0.00425877 0.50382145
v 0.31649789 0.00776207 0.50435812
v 0.31131479 0.01650767 0.50066048
v 0.31522199 0.00843756 0.49866383
v 0.31142181 0.01673815 0.49850336
v 0.31555310 0.00800563 0.50249239
v 0.31512681 0.00823210 0.50058333
v 0.31897649 0.00485177 0.49882431
v 0.31926700 0.00447330 0.50218386
v 0.31889290 0.00467188 0.50050857
v 0.31211799 0.01694075 0.49637195
v 0.30807510 0.03213007 0.50072860
v 0.31179389 0.01625333 0.50280619
v 0.32232588 0.00301872 0.50193051
v 0.32199481 0.00319458 0.50044715
v 0.32206869 0.00335394 0.49895624
v 0.32254991 0.00349390 0.49748338
v 0.31952009 0.00500997 0.49716004
v 0.31584141 0.00861735 0.49676767
v 0.31523821 0.01724751 0.49233099
v 0.32071531 0.00897929 0.49153290
v 0.31759590 0.01734710 0.49048812
v 0.31698221 0.00876933 0.49492719
v 0.31861761 0.00889050 0.49317243
v 0.32379740 0.00532752 0.49256571
v 0.32052121 0.00514316 0.49554481
v 0.32195649 0.00524952 0.49400429
v 0.32043669 0.01740859 0.48880812
v 0.31236661 0.03293930 0.49161715
v 0.31340009 0.01711147 0.49430333
v 0.32343611 0.00361172 0.49605338
v 0.32470661 0.00370558 0.49469002
v 0.32633609 0.00377508 0.49341669
v 0.32829961 0.00381719 0.49225526
v 0.32601559 0.00537526 0.49125384
v 0.32324281 0.00903390 0.49003813
v 0.32738191 0.01741136 0.48605143
v 0.33296031 0.00898445 0.48666479
v 0.33135861 0.01735331 0.48501670
v 0.32616329 0.00905271 0.48871576
v 0.32942209 0.00903620 0.48758526
v 0.33454379 0.00533211 0.48829337
v 0.32857871 0.00539178 0.49009337
v 0.33143869 0.00537756 0.48910098
v 0.33558279 0.01725716 0.48423809
v 0.32564989 0.03311857 0.48474814
v 0.32371920 0.01742959 0.48732192
v 0.33056840 0.00383198 0.49122813
v 0.33309999 0.00381890 0.49035001
v 0.33584851 0.00377900 0.48963481
v 0.33876821 0.00371245 0.48909667
v 0.33784220 0.00525696 0.48768529
v 0.33671859 0.00889909 0.48597242
v 0.34449211 0.01695498 0.48350433
v 0.34867600 0.00845236 0.48536434
v 0.34902221 0.01675467 0.48355525
v 0.34063640 0.00878013 0.48552243
v 0.34464550 0.00862985 0.48531909
v 0.34833619 0.00486485 0.48715242
v 0.34128049 0.00515280 0.48729048
v 0.34479901 0.00502076 0.48711240
v 0.35349801 0.01652649 0.48388671
v 0.34436569 0.03261948 0.48196238
v 0.33998620 0.01712340 0.48373242
v 0.34181169 0.00361964 0.48874716
v 0.34492609 0.00350364 0.48858957
v 0.34805721 0.00336530 0.48862477
v 0.35115069 0.00320766 0.48885382
v 0.35183111 0.00468669 0.48741099
v 0.35265821 0.00824919 0.48565952
v 0.36198410 0.01600060 0.48537239
v 0.36365139 0.00752472 0.48798001
v 0.36585391 0.01571207 0.48649523
v 0.35652340 0.00802434 0.48620238
v 0.36020851 0.00778136 0.48698144
v 0.36147901 0.00405101 0.48944765
v 0.35522330 0.00448924 0.48788766
v 0.35845739 0.00427586 0.48857095
v 0.35784230 0.01627376 0.48449717
v 0.35415339 0.00303295 0.48927576
v 0.35701621 0.00284400 0.48988049
v 0.35969079 0.00264483 0.49065672
v 0.36198550 -0.00315639 0.49358433
v 0.36445859 0.00030424 0.49438099
v 0.36276710 0.00049710 0.49327523
v 0.36169490 -0.01005482 0.49369667
v 0.36359879 -0.00334075 0.49463905
v 0.36491251 -0.00352167 0.49578430
v 0.36583599 0.00011414 0.49558193
v 0.36456960 -0.01041390 0.49585720
v 0.36078799 0.00069006 0.49228432
v 0.36009800 -0.00297259 0.49263905
v 0.35984111 -0.00987379 0.49276859
v 0.35979950 -0.02133913 0.49278381
v 0.36164841 -0.02151949 0.49371001
v 0.36327940 -0.01023574 0.49473243
v 0.36322880 -0.02169994 0.49474287
v 0.36548409 -0.02204928 0.49705621
v 0.36554059 -0.01058576 0.49705196
v 0.36590111 -0.00369697 0.49700052
v 0.36687270 -0.00006964 0.49685719
v 0.36158091 -0.05754691 0.49372051
v 0.36321399 -0.03831707 0.49474049
v 0.36163431 -0.03813671 0.49370813
v 0.36145160 -0.07665557 0.49376286
v 0.36315611 -0.05772677 0.49475002
v 0.36443880 -0.05790369 0.49586810
v 0.36450040 -0.03849466 0.49586190
v 0.36428762 -0.07701007 0.49589432
v 0.35973790 -0.05736711 0.49279715
v 0.35978609 -0.03795627 0.49278239
v 0.35962269 -0.07647741 0.49284716
v 0.35940859 -0.09219258 0.49294957
v 0.36120990 -0.09236845 0.49385192
v 0.36301479 -0.07683421 0.49478477
v 0.36400339 -0.09271733 0.49595143
v 0.36494690 -0.09288402 0.49711196
v 0.36524561 -0.07717964 0.49707290
v 0.36540419 -0.05807441 0.49705576
v 0.36546850 -0.03866593 0.49705286
v 0.36451569 -0.02187743 0.49586480
v 0.36654320 -0.00386262 0.49826857
v 0.36784971 -0.00040486 0.49954718
v 0.36754590 -0.00024322 0.49818671
v 0.36617121 -0.01074845 0.49829718
v 0.36683291 -0.00401682 0.49956619
v 0.36676830 -0.00415621 0.50087051
v 0.36778179 -0.00055113 0.50091479
v 0.36639219 -0.01103641 0.50085286
v 0.36639690 -0.02236235 0.49956954
v 0.36645570 -0.01089988 0.49957147
v 0.36633360 -0.02249888 0.50084718
v 0.36592111 -0.02261899 0.50210955
v 0.36597869 -0.01115709 0.50211858
v 0.36634719 -0.00427861 0.50215956
v 0.36734039 -0.00067973 0.50226623
v 0.36603120 -0.05823662 0.49829383
v 0.36638081 -0.03897891 0.49956529
v 0.36609721 -0.03882816 0.49829480
v 0.36586779 -0.07734014 0.49830144
v 0.36631399 -0.05838689 0.49956097
v 0.36625090 -0.05852287 0.50083480
v 0.36631751 -0.03911553 0.50084241
v 0.36608580 -0.07762466 0.50082289
v 0.36611310 -0.02221150 0.49829860
v 0.36555979 -0.09304222 0.49832239
v 0.36614850 -0.07748927 0.49955910
v 0.36577451 -0.09332226 0.50080574
v 0.36537269 -0.09343951 0.50203576
v 0.36567780 -0.07774305 0.50207146
v 0.36583981 -0.05864239 0.50209337
v 0.36590520 -0.03923498 0.50210433
v 0.36557189 -0.00438163 0.50341052
v 0.36536211 -0.00087374 0.50482860
v 0.36652750 -0.00078781 0.50357810
v 0.36521730 -0.01125781 0.50334717
v 0.36446041 -0.00446412 0.50460290
v 0.36303470 -0.00452446 0.50571717
v 0.36386719 -0.00093695 0.50599668
v 0.36272529 -0.01139836 0.50561289
v 0.36516169 -0.02271972 0.50333525
v 0.36412561 -0.01133916 0.50451860
v 0.36267620 -0.02285968 0.50559529
v 0.36099338 -0.02289606 0.50659051
v 0.36103821 -0.01143483 0.50661050
v 0.36131680 -0.00456141 0.50673334
v 0.36206591 -0.00097619 0.50706191
v 0.36508280 -0.05874312 0.50331481
v 0.36405769 -0.03941714 0.50449714
v 0.36514610 -0.03933628 0.50332957
v 0.36492661 -0.07784321 0.50328382
v 0.36399740 -0.05882389 0.50447909
v 0.36260530 -0.05888251 0.50556719
v 0.36266169 -0.03947577 0.50558813
v 0.36246821 -0.07798146 0.50551905
v 0.36463270 -0.09353795 0.50322955
v 0.36384961 -0.07792293 0.50443952
v 0.36221120 -0.09367390 0.50543146
v 0.36057180 -0.09370922 0.50640097
v 0.36080369 -0.07801735 0.50650338
v 0.36092791 -0.05891898 0.50655907
v 0.36097950 -0.03951214 0.50658336
v 0.36407280 -0.02280049 0.50450333
v 0.35933179 -0.00457449 0.50763195
v 0.35766229 -0.00097790 0.50881002
v 0.35998470 -0.00098927 0.50800428
v 0.35908869 -0.01144734 0.50749339
v 0.35711691 -0.00456313 0.50840051
v 0.35471210 -0.00452790 0.50902573
v 0.35514090 -0.00094096 0.50946573
v 0.35455149 -0.01140179 0.50886242
v 0.35904899 -0.02290867 0.50747096
v 0.35691330 -0.01143597 0.50824815
v 0.35452369 -0.02286312 0.50883619
v 0.35202140 -0.02280622 0.50929719
v 0.35204271 -0.01134489 0.50932478
v 0.35215771 -0.00446985 0.50949667
v 0.35246250 -0.00088004 0.50995954
v 0.35898969 -0.05893150 0.50743668
v 0.35686711 -0.03951387 0.50821528
v 0.35903591 -0.03952464 0.50746335
v 0.35888040 -0.07802928 0.50737429
v 0.35682699 -0.05892014 0.50818718
v 0.35447902 -0.05888596 0.50879765
v 0.35451230 -0.03947969 0.50882813
v 0.35440409 -0.07798489 0.50872476
v 0.35867730 -0.09372172 0.50725860
v 0.35673419 -0.07801850 0.50811861
v 0.35426840 -0.09367734 0.50858909
v 0.35183060 -0.09362158 0.50903811
v 0.35192901 -0.07792855 0.50918099
v 0.35198471 -0.05882905 0.50925762
v 0.35201111 -0.03942278 0.50928907
v 0.35687929 -0.02289721 0.50822334
v 0.34949490 -0.00438898 0.50980241
v 0.34681359 -0.00068823 0.51042480
v 0.34681359 -0.00068823 0.51042480
v 0.34967059 -0.00079527 0.51028004
v 0.34942749 -0.01126517 0.50962524
v 0.34677011 -0.00428711 0.50994052
v 0.34677011 -0.00428711 0.50994052
v 0.34403059 -0.00416594 0.50991004
v 0.34394130 -0.00056135 0.51039290
v 0.34406099 -0.01104672 0.50973049
v 0.34941301 -0.02272707 0.50959669
v 0.34675139 -0.01116501 0.50976052
v 0.34675139 -0.01116501 0.50976052
v 0.34406030 -0.02250852 0.50970193
v 0.34140909 -0.02237371 0.50950575
v 0.34140280 -0.01091067 0.50953334
v 0.34132409 -0.00402817 0.50970954
v 0.34110341 -0.00041679 0.51018241
v 0.34938470 -0.05875057 0.50955621
v 0.34673569 -0.03924357 0.50972385
v 0.34673569 -0.03924357 0.50972385
v 0.34940371 -0.03934314 0.50958857
v 0.34934890 -0.07785007 0.50947765
v 0.34672421 -0.05865089 0.50969098
v 0.34672421 -0.05865089 0.50969098
v 0.34404931 -0.05853259 0.50966095
v 0.34405330 -0.03912518 0.50969336
v 0.34405440 -0.07763439 0.50958148
v 0.34928921 -0.09354472 0.50933000
v 0.34670869 -0.07775155 0.50961100
v 0.34670869 -0.07775155 0.50961100
v 0.34407431 -0.09333190 0.50943241
v 0.34149119 -0.09320043 0.50924099
v 0.34143189 -0.07750064 0.50938717
v 0.34140649 -0.05839825 0.50946528
v 0.34140310 -0.03899028 0.50949718
v 0.34674379 -0.02262691 0.50973191
v 0.34674379 -0.02262691 0.50973191
v 0.33869699 -0.00387513 0.50934005
v 0.33572280 -0.00008330 0.50924048
v 0.33834889 -0.00025630 0.50979526
v 0.33882260 -0.01076048 0.50917100
v 0.33619240 -0.00371005 0.50881099
v 0.33385229 -0.00353533 0.50813195
v 0.33326921 0.00009935 0.50852858
v 0.33406451 -0.01042698 0.50798430
v 0.33883569 -0.02222343 0.50914381
v 0.33636281 -0.01059827 0.50865096
v 0.33408991 -0.02189108 0.50796051
v 0.33199999 -0.02171417 0.50715909
v 0.33196920 -0.01024939 0.50718100
v 0.33171889 -0.00335498 0.50731383
v 0.33103231 0.00028887 0.50767095
v 0.33884141 -0.05824855 0.50910481
v 0.33637819 -0.03867844 0.50861764
v 0.33883071 -0.03884066 0.50913575
v 0.33888641 -0.07735207 0.50902954
v 0.33639580 -0.05808759 0.50858812
v 0.33411089 -0.05791735 0.50792481
v 0.33408681 -0.03850773 0.50795291
v 0.33419210 -0.07702316 0.50785907
v 0.33898401 -0.09305416 0.50888859
v 0.33645949 -0.07719216 0.50851671
v 0.33436039 -0.09273040 0.50773572
v 0.33232430 -0.09255797 0.50695524
v 0.33212501 -0.07684787 0.50706622
v 0.33202779 -0.05774043 0.50712622
v 0.33199781 -0.03833073 0.50715193
v 0.33638221 -0.02206179 0.50862576
v 0.32983139 -0.00317061 0.50636861
v 0.32736170 0.00067526 0.50557383
v 0.32905319 0.00048173 0.50668003
v 0.33011541 -0.01006904 0.50625287
v 0.32821810 -0.00298682 0.50531430
v 0.32690439 -0.00280523 0.50416909
v 0.32598421 0.00086535 0.50437334
v 0.32724079 -0.00970986 0.50409240
v 0.33015111 -0.02153371 0.50623334
v 0.32853100 -0.00988802 0.50521671
v 0.32728389 -0.02117577 0.50407860
v 0.32631540 -0.02100449 0.50288668
v 0.32626981 -0.00953800 0.50289764
v 0.32591569 -0.00263050 0.50295242
v 0.32494760 0.00104857 0.50309814
v 0.33018479 -0.05756114 0.50620337
v 0.32856989 -0.03797048 0.50519338
v 0.33014959 -0.03815093 0.50622619
v 0.33029610 -0.07666980 0.50615052
v 0.32860950 -0.05738134 0.50517334
v 0.32732680 -0.05720434 0.50405528
v 0.32728359 -0.03779291 0.50407242
v 0.32745999 -0.07631577 0.50401906
v 0.33052301 -0.09238211 0.50605288
v 0.32873291 -0.07649107 0.50512861
v 0.32772949 -0.09203324 0.50395338
v 0.32678589 -0.09186654 0.50279290
v 0.32650199 -0.07614621 0.50284002
v 0.32636139 -0.05703305 0.50286767
v 0.32631549 -0.03762162 0.50288095
v 0.32857069 -0.02135336 0.50520002
v 0.32527360 -0.00246437 0.50168477
v 0.32397059 0.00138379 0.50040810
v 0.32427439 0.00122272 0.50176861
v 0.32563910 -0.00937531 0.50165241
v 0.32498390 -0.00231076 0.50038715
v 0.32504860 -0.00217126 0.49908289
v 0.32403839 0.00153006 0.49904002
v 0.32541812 -0.00908735 0.49909668
v 0.32540259 -0.02069095 0.50037381
v 0.32535461 -0.00922389 0.50037812
v 0.32546601 -0.02055432 0.49909571
v 0.32587841 -0.02043421 0.49783334
v 0.32583171 -0.00896667 0.49783096
v 0.32546961 -0.00204896 0.49779383
v 0.32447991 0.00165867 0.49768904
v 0.32573441 -0.05687141 0.50162953
v 0.32540301 -0.03730807 0.50036910
v 0.32568669 -0.03745893 0.50163953
v 0.32587990 -0.07598514 0.50161143
v 0.32545161 -0.05672122 0.50036291
v 0.32551470 -0.05658518 0.49908907
v 0.32546639 -0.03717154 0.49909191
v 0.32566181 -0.07570120 0.49909049
v 0.32568640 -0.02084170 0.50164480
v 0.32617310 -0.09170776 0.50158242
v 0.32559910 -0.07583611 0.50035434
v 0.32595840 -0.09142772 0.49909906
v 0.32636020 -0.09131106 0.49786905
v 0.32606980 -0.07558223 0.49784146
v 0.32592580 -0.05646507 0.49783050
v 0.32587859 -0.03705200 0.49782954
v 0.32624489 -0.00194537 0.49654288
v 0.32645819 0.00185324 0.49512667
v 0.32529280 0.00176674 0.49637718
v 0.32659310 -0.00886538 0.49660242
v 0.32735649 -0.00186345 0.49535004
v 0.32878220 -0.00180311 0.49423572
v 0.32795310 0.00191645 0.49395813
v 0.32908499 -0.00872541 0.49433671
v 0.32663789 -0.02033348 0.49660810
v 0.32768479 -0.00878460 0.49543100
v 0.32912329 -0.02019352 0.49434812
v 0.33080611 -0.02015714 0.49335289
v 0.33077219 -0.00868894 0.49333859
v 0.33050010 -0.00176607 0.49322000
v 0.32975429 0.00195512 0.49289286
v 0.32668289 -0.05636434 0.49660907
v 0.32772619 -0.03687052 0.49543718
v 0.32663781 -0.03695071 0.49660480
v 0.32682100 -0.07548266 0.49662956
v 0.32776821 -0.05628413 0.49544433
v 0.32916030 -0.05622552 0.49435624
v 0.32912231 -0.03681132 0.49434573
v 0.32927939 -0.07534441 0.49439432
v 0.32710010 -0.09121263 0.49667525
v 0.32789800 -0.07540302 0.49547385
v 0.32952160 -0.09107667 0.49447334
v 0.33116111 -0.09104133 0.49350383
v 0.33094400 -0.07530850 0.49340954
v 0.33083770 -0.05618904 0.49336430
v 0.33080441 -0.03677484 0.49335096
v 0.32772669 -0.02025271 0.49543957
v 0.33248499 -0.00175298 0.49232099
v 0.33415800 0.00195683 0.49114525
v 0.33183560 0.00196877 0.49195048
v 0.33272171 -0.00867643 0.49245576
v 0.33469990 -0.00176434 0.49155289
v 0.33710471 -0.00179910 0.49092715
v 0.33667931 0.00192046 0.49048909
v 0.33725879 -0.00872197 0.49108718
v 0.33275059 -0.02014463 0.49247239
v 0.33489701 -0.00868732 0.49170144
v 0.33727589 -0.02019008 0.49110716
v 0.33977810 -0.02024698 0.49064576
v 0.33976760 -0.00877888 0.49062476
v 0.33965921 -0.00185772 0.49045622
v 0.33935770 0.00185898 0.48999573
v 0.33277589 -0.05617652 0.49248669
v 0.33491680 -0.03677312 0.49171859
v 0.33274800 -0.03676234 0.49247097
v 0.33286730 -0.07529600 0.49253909
v 0.33493859 -0.05618743 0.49173669
v 0.33728671 -0.05622150 0.49112572
v 0.33727151 -0.03680730 0.49110619
v 0.33734351 -0.07534039 0.49118811
v 0.33305550 -0.09102883 0.49264620
v 0.33501351 -0.07530679 0.49179431
v 0.33746439 -0.09107322 0.49131572
v 0.33990231 -0.09112842 0.49086669
v 0.33981869 -0.07539729 0.49073193
v 0.33978090 -0.05627841 0.49066619
v 0.33977279 -0.03686477 0.49064525
v 0.33492020 -0.02015599 0.49172001
v 0.34232190 -0.00193849 0.49015048
v 0.34500670 0.00166774 0.48953002
v 0.34214971 0.00177419 0.48967477
v 0.34238279 -0.00885860 0.49032429
v 0.34504679 -0.00204036 0.49001242
v 0.34778619 -0.00216104 0.49004336
v 0.34787899 0.00154085 0.48956238
v 0.34774941 -0.00907705 0.49021905
v 0.34238660 -0.02032613 0.49034620
v 0.34505889 -0.00895875 0.49018862
v 0.34773919 -0.02054468 0.49024147
v 0.35039040 -0.02067949 0.49043766
v 0.35040760 -0.00921253 0.49041574
v 0.35049269 -0.00229930 0.49024386
v 0.35071680 0.00139629 0.48977241
v 0.34238091 -0.05635756 0.49036766
v 0.34504831 -0.03704352 0.49021048
v 0.34238011 -0.03694384 0.49034575
v 0.34239870 -0.07547529 0.49043573
v 0.34504151 -0.05645714 0.49023290
v 0.34771630 -0.05657495 0.49026287
v 0.34773061 -0.03716180 0.49024050
v 0.34769329 -0.07569156 0.49033190
v 0.34244358 -0.09120585 0.49057480
v 0.34503889 -0.07557431 0.49030193
v 0.34765849 -0.09141865 0.49047239
v 0.35024160 -0.09155013 0.49066381
v 0.35031581 -0.07582523 0.49052621
v 0.35035911 -0.05670977 0.49045860
v 0.35038081 -0.03729729 0.49043669
v 0.34505570 -0.02042629 0.49021099
v 0.35311991 -0.00245187 0.49061289
v 0.35609749 0.00106223 0.49071479
v 0.35347131 0.00123581 0.49015956
v 0.35298771 -0.00936281 0.49077859
v 0.35562441 -0.00261742 0.49114241
v 0.35796449 -0.00279157 0.49182099
v 0.35855111 0.00087958 0.49142669
v 0.35774580 -0.00969621 0.49196479
v 0.35296390 -0.02082977 0.49079909
v 0.35544759 -0.00952492 0.49129812
v 0.35770971 -0.02116212 0.49198289
v 0.35292420 -0.05685891 0.49081907
v 0.35540569 -0.03760855 0.49131668
v 0.35295331 -0.03744700 0.49079858
v 0.35286129 -0.07597320 0.49088384
v 0.35536981 -0.05702054 0.49133576
v 0.35765469 -0.05719068 0.49199862
v 0.35769710 -0.03777925 0.49198147
v 0.35755551 -0.07630212 0.49205430
v 0.35274881 -0.09169640 0.49101622
v 0.35528809 -0.07613313 0.49139667
v 0.35737249 -0.09202015 0.49216909
v 0.35541740 -0.02099140 0.49131765
v 0.36234391 -0.10200131 0.49497669
v 0.36306369 -0.10347747 0.49615431
v 0.36356780 -0.10217031 0.49604384
v 0.36041421 -0.10314684 0.49416334
v 0.36187449 -0.10331363 0.49511810
v 0.36448890 -0.10233367 0.49717718
v 0.36274961 -0.09254431 0.49485862
v 0.36084071 -0.10183003 0.49399429
v 0.35908219 -0.10165817 0.49311385
v 0.35870561 -0.10298013 0.49330765
v 0.36395860 -0.10363625 0.49725575
v 0.36535710 -0.10263127 0.49956716
v 0.36474350 -0.10405168 0.50075857
v 0.36529681 -0.10276102 0.50078287
v 0.36453989 -0.10378595 0.49840333
v 0.36480209 -0.10392536 0.49957766
v 0.36490449 -0.10287540 0.50198336
v 0.36583620 -0.09318906 0.49956051
v 0.36508721 -0.10248786 0.49835860
v 0.36436239 -0.10416270 0.50192529
v 0.36314660 -0.10304840 0.50426003
v 0.36136389 -0.10438516 0.50514576
v 0.36181831 -0.10310416 0.50529857
v 0.36366060 -0.10425599 0.50305766
v 0.36265451 -0.10433056 0.50413719
v 0.36021781 -0.10313892 0.50624481
v 0.36357200 -0.09361643 0.50436766
v 0.36418220 -0.10297154 0.50314906
v 0.35980889 -0.10441877 0.50606571
v 0.35630480 -0.10314063 0.50779811
v 0.35383040 -0.10438861 0.50814097
v 0.35406429 -0.10310761 0.50838098
v 0.35801211 -0.10443013 0.50687906
v 0.35600719 -0.10441993 0.50757479
v 0.35168430 -0.10305356 0.50881956
v 0.35656351 -0.09371095 0.50799191
v 0.35836840 -0.10315086 0.50708240
v 0.35151821 -0.10433570 0.50856718
v 0.34666470 -0.10288342 0.50923339
v 0.34666470 -0.10288342 0.50923339
v 0.34416160 -0.10406084 0.50894098
v 0.34411249 -0.10277067 0.50920432
v 0.34910780 -0.10426229 0.50884385
v 0.34664130 -0.10417006 0.50896857
v 0.34664130 -0.10417006 0.50896857
v 0.34159079 -0.10264206 0.50901767
v 0.34668881 -0.09344743 0.50946193
v 0.34668881 -0.09344743 0.50946193
v 0.34920350 -0.10297842 0.50910481
v 0.34171161 -0.10393557 0.50875956
v 0.33680961 -0.10234561 0.50818048
v 0.33494821 -0.10348998 0.50733194
v 0.33462939 -0.10218340 0.50754811
v 0.33933359 -0.10379732 0.50842526
v 0.33706641 -0.10364761 0.50794621
v 0.33264169 -0.10201497 0.50678619
v 0.33659369 -0.09289654 0.50838382
v 0.33914319 -0.10249981 0.50867384
v 0.33301711 -0.10332615 0.50659148
v 0.32938009 -0.10167183 0.50492289
v 0.32865900 -0.10282872 0.50374431
v 0.32815611 -0.10150274 0.50385574
v 0.33130851 -0.10315993 0.50573573
v 0.32984820 -0.10299322 0.50478098
v 0.32723510 -0.10133949 0.50272240
v 0.32898331 -0.09220624 0.50504619
v 0.33088321 -0.10184312 0.50590529
v 0.32776409 -0.10267052 0.50264338
v 0.32636690 -0.10104179 0.50033242
v 0.32697919 -0.10225510 0.49914050
v 0.32642710 -0.10091204 0.49911717
v 0.32718280 -0.10252033 0.50149574
v 0.32692060 -0.10238084 0.50032096
v 0.32681939 -0.10079765 0.49791622
v 0.32589659 -0.09156092 0.50034429
v 0.32663679 -0.10118519 0.50154098
v 0.32736030 -0.10214415 0.49797384
v 0.32857731 -0.10062522 0.49563955
v 0.33035880 -0.10192160 0.49475286
v 0.32990560 -0.10056890 0.49460096
v 0.32806209 -0.10205077 0.49684147
v 0.32906821 -0.10197631 0.49576143
v 0.33150619 -0.10053424 0.49365478
v 0.32816091 -0.09113414 0.49553715
v 0.32754171 -0.10070151 0.49675052
v 0.33191380 -0.10188808 0.49383336
v 0.33541921 -0.10053251 0.49210148
v 0.33789229 -0.10191826 0.49175810
v 0.33765969 -0.10056555 0.49151860
v 0.33371061 -0.10187606 0.49301956
v 0.33571550 -0.10188637 0.49232429
v 0.34003961 -0.10061960 0.49108002
v 0.33516940 -0.09103962 0.49191290
v 0.33335561 -0.10052230 0.49281719
v 0.34020451 -0.10197115 0.49133195
v 0.34505919 -0.10078974 0.49066671
v 0.34756109 -0.10224602 0.49095815
v 0.34761149 -0.10090240 0.49069526
v 0.34261489 -0.10204399 0.49105476
v 0.34508139 -0.10213613 0.49093005
v 0.35013309 -0.10103099 0.49088191
v 0.34504411 -0.09130313 0.49044288
v 0.34252050 -0.10069530 0.49079529
v 0.35001111 -0.10237063 0.49113957
v 0.35491431 -0.10132755 0.49171904
v 0.35677451 -0.10281620 0.49256719
v 0.35709450 -0.10149024 0.49235148
v 0.35238910 -0.10250897 0.49147336
v 0.35465631 -0.10265858 0.49195241
v 0.35513911 -0.09185403 0.49152099
v 0.35258070 -0.10117383 0.49122574
v 0.36141059 -0.12465186 0.49651143
v 0.36029741 -0.20452820 0.49555190
v 0.36137301 -0.20467617 0.49648957
v 0.36033511 -0.12450341 0.49557382
v 0.35897651 -0.20437733 0.49468860
v 0.36133841 -0.27806722 0.49646953
v 0.35894200 -0.27776788 0.49466862
v 0.36026281 -0.27791865 0.49553192
v 0.36225930 -0.04145383 0.49752953
v 0.36222011 -0.12479527 0.49750717
v 0.36037430 -0.04116187 0.49559624
v 0.36144981 -0.04131044 0.49653385
v 0.35905340 -0.04101112 0.49473288
v 0.35750809 -0.04086083 0.49395910
v 0.35901421 -0.12435254 0.49471000
v 0.35746890 -0.12420170 0.49393622
v 0.35739669 -0.27761704 0.49389478
v 0.35736680 -0.34105773 0.49387764
v 0.35891211 -0.34120789 0.49465148
v 0.36023301 -0.34135877 0.49551478
v 0.36130849 -0.34150730 0.49645239
v 0.36211801 -0.34165071 0.49744813
v 0.36214781 -0.27821059 0.49746527
v 0.36218241 -0.20481957 0.49748525
v 0.36292991 -0.12517088 0.50067575
v 0.36294529 -0.20508139 0.49958572
v 0.36294529 -0.20508139 0.49958572
v 0.36289230 -0.20519577 0.50065383
v 0.36298290 -0.12505707 0.49960763
v 0.36298290 -0.12505707 0.49960763
v 0.36270809 -0.20495555 0.49852334
v 0.36285779 -0.27858622 0.50063385
v 0.36291069 -0.27847240 0.49956574
v 0.36291069 -0.27847240 0.49956574
v 0.36262450 -0.04193017 0.50175334
v 0.36258531 -0.12527161 0.50173098
v 0.36296919 -0.04182944 0.50069811
v 0.36278501 -0.04158933 0.49856761
v 0.36302221 -0.04171563 0.49963000
v 0.36302221 -0.04171563 0.49963000
v 0.36274579 -0.12493075 0.49854525
v 0.36267349 -0.27834610 0.49850381
v 0.36264369 -0.34178612 0.49848621
v 0.36288080 -0.34191252 0.49954860
v 0.36288080 -0.34191252 0.49954860
v 0.36282790 -0.34202691 0.50061671
v 0.36251310 -0.27868695 0.50168908
v 0.36248320 -0.34212707 0.50167194
v 0.36254761 -0.20529593 0.50170907
v 0.35987320 -0.12547248 0.50464383
v 0.36100280 -0.20544781 0.50370957
v 0.35983550 -0.20549739 0.50462191
v 0.36104050 -0.12542302 0.50373148
v 0.36191291 -0.20538012 0.50273336
v 0.35980099 -0.27888783 0.50460239
v 0.36187831 -0.27877113 0.50271338
v 0.36096820 -0.27883825 0.50369004
v 0.35991239 -0.04213106 0.50466620
v 0.35846680 -0.12550323 0.50547574
v 0.35850599 -0.04216179 0.50549811
v 0.36198971 -0.04201438 0.50277763
v 0.36107969 -0.04208217 0.50375384
v 0.36195049 -0.12535582 0.50275476
v 0.36184850 -0.34221126 0.50269623
v 0.36093840 -0.34227894 0.50367290
v 0.35977110 -0.34232792 0.50458479
v 0.35839450 -0.27891856 0.50543384
v 0.35836470 -0.34235868 0.50541670
v 0.35842910 -0.20552755 0.50545382
v 0.35502821 -0.12550438 0.50684051
v 0.35302171 -0.20550013 0.50733098
v 0.35305929 -0.12547534 0.50735289
v 0.35680389 -0.20553776 0.50618958
v 0.35499051 -0.20552858 0.50681860
v 0.35298711 -0.27889068 0.50731100
v 0.35495600 -0.27891970 0.50679908
v 0.35100719 -0.04208665 0.50776098
v 0.35096800 -0.12542809 0.50773811
v 0.35309860 -0.04213449 0.50737525
v 0.35506740 -0.04216294 0.50686288
v 0.35684159 -0.12551345 0.50621143
v 0.35688081 -0.04217201 0.50623385
v 0.35676941 -0.27892877 0.50617005
v 0.35673949 -0.34236889 0.50615291
v 0.35492611 -0.34235972 0.50678148
v 0.35295731 -0.34233126 0.50729385
v 0.35086590 -0.34228353 0.50767907
v 0.35089570 -0.27884341 0.50769672
v 0.35093030 -0.20545239 0.50771619
v 0.34421280 -0.12528077 0.50807717
v 0.34625480 -0.20560028 0.50808194
v 0.34346581 -0.20601351 0.50806002
v 0.34652391 -0.12531543 0.50810147
v 0.34871721 -0.20542337 0.50796716
v 0.34567580 -0.27954736 0.50806621
v 0.34164190 -0.28111518 0.50805287
v 0.34861451 -0.27888381 0.50794763
v 0.34213749 -0.04172470 0.50793480
v 0.34213749 -0.04172470 0.50793480
v 0.34191579 -0.12516973 0.50791289
v 0.34191579 -0.12516973 0.50791289
v 0.34435341 -0.04183794 0.50809908
v 0.34659621 -0.04193703 0.50812383
v 0.34878370 -0.12536613 0.50798861
v 0.34882709 -0.04202010 0.50801098
v 0.34850511 -0.34236487 0.50793145
v 0.34500951 -0.34331353 0.50805571
v 0.33916560 -0.34613447 0.50805957
v 0.33693481 -0.28147712 0.50789574
v 0.33693481 -0.28147712 0.50789574
v 0.32776299 -0.35328160 0.50791527
v 0.32776299 -0.35328160 0.50791527
v 0.34060121 -0.20591680 0.50789813
v 0.34060121 -0.20591680 0.50789813
v 0.33568621 -0.12439695 0.50662100
v 0.33559871 -0.20329838 0.50715671
v 0.33358550 -0.20255804 0.50660192
v 0.33761421 -0.12461434 0.50717669
v 0.33794659 -0.20472735 0.50759290
v 0.33011839 -0.27276561 0.50713956
v 0.32794139 -0.27085581 0.50658859
v 0.33304340 -0.27705361 0.50758194
v 0.33427340 -0.04117390 0.50597386
v 0.33394089 -0.12423588 0.50595195
v 0.33602011 -0.04132180 0.50664337
v 0.33793601 -0.04146463 0.50719905
v 0.33970201 -0.12491137 0.50761049
v 0.33998659 -0.04159953 0.50763241
v 0.32228291 -0.33477340 0.50756099
v 0.31909361 -0.32712775 0.50712049
v 0.31693921 -0.32419808 0.50658285
v 0.32624281 -0.27038575 0.50593242
v 0.31536061 -0.32348623 0.50594718
v 0.33185011 -0.20230416 0.50593623
v 0.33000749 -0.12377893 0.50337907
v 0.32903269 -0.20196332 0.50431004
v 0.32797509 -0.20180053 0.50337907
v 0.33108079 -0.12392911 0.50431572
v 0.33033121 -0.20213173 0.50516767
v 0.32354110 -0.26995154 0.50433286
v 0.32252619 -0.26975514 0.50341716
v 0.32478640 -0.27016264 0.50517624
v 0.32952231 -0.04058033 0.50240286
v 0.32919970 -0.12363438 0.50238430
v 0.33033171 -0.04072373 0.50339860
v 0.33140731 -0.04087230 0.50433621
v 0.33239880 -0.12408227 0.50517857
v 0.33272809 -0.04102305 0.50520002
v 0.31402621 -0.32316409 0.50521478
v 0.31288430 -0.32287038 0.50439860
v 0.31195271 -0.32260927 0.50351287
v 0.32176161 -0.26957822 0.50244481
v 0.31124961 -0.32238612 0.50257288
v 0.32717902 -0.20164748 0.50239003
v 0.32843819 -0.12337202 0.50028576
v 0.32647860 -0.20126740 0.49924382
v 0.32849100 -0.12325820 0.49921861
v 0.32666150 -0.20150638 0.50135910
v 0.32666150 -0.20150638 0.50135910
v 0.32642749 -0.20137891 0.50030432
v 0.32108399 -0.26918897 0.49935196
v 0.32126391 -0.26942347 0.50143097
v 0.32126391 -0.26942347 0.50143097
v 0.32103750 -0.26929315 0.50039430
v 0.32881230 -0.04020473 0.49923434
v 0.32883480 -0.12315863 0.49816429
v 0.32915700 -0.04010457 0.49817905
v 0.32875931 -0.04031853 0.50030240
v 0.32867500 -0.12349834 0.50134718
v 0.32867500 -0.12349834 0.50134718
v 0.32899651 -0.04044485 0.50136478
v 0.32899651 -0.04044485 0.50136478
v 0.31079009 -0.32220523 0.50159286
v 0.31079009 -0.32220523 0.50159286
v 0.31057850 -0.32206857 0.50059100
v 0.31061631 -0.32197866 0.49958430
v 0.31090519 -0.32193712 0.49859004
v 0.32140520 -0.26911385 0.49832239
v 0.32681629 -0.20117461 0.49819620
v 0.33037600 -0.12301006 0.49616527
v 0.32947820 -0.20101982 0.49530480
v 0.33154061 -0.12296338 0.49525382
v 0.32946801 -0.12307613 0.49714097
v 0.32833230 -0.20105001 0.49621051
v 0.32394808 -0.26906943 0.49548146
v 0.32743901 -0.20110176 0.49717957
v 0.32285261 -0.26905349 0.49637099
v 0.33186910 -0.03990312 0.49526620
v 0.33294389 -0.12293607 0.49442288
v 0.33327559 -0.03987294 0.49443429
v 0.33070180 -0.03995258 0.49617860
v 0.32979169 -0.04001978 0.49715476
v 0.32199931 -0.26906829 0.49732336
v 0.31144360 -0.32194569 0.49762524
v 0.31221911 -0.32200317 0.49670574
v 0.31321621 -0.32210784 0.49584766
v 0.31441960 -0.32225925 0.49506576
v 0.32526889 -0.26911556 0.49467100
v 0.33085930 -0.20101238 0.49447908
v 0.33639330 -0.12302257 0.49305810
v 0.33664900 -0.20303554 0.49258717
v 0.33839911 -0.12321266 0.49254386
v 0.33456770 -0.12293893 0.49368764
v 0.33438450 -0.20171520 0.49311527
v 0.33176130 -0.27538175 0.49275526
v 0.33247381 -0.20110920 0.49374764
v 0.32892290 -0.27120697 0.49331429
v 0.33868301 -0.03990026 0.49255714
v 0.34055319 -0.12339311 0.49215575
v 0.34055319 -0.12339311 0.49215575
v 0.34077430 -0.03994809 0.49217192
v 0.34077430 -0.03994809 0.49217192
v 0.33671409 -0.03987123 0.49306957
v 0.33490071 -0.03986216 0.49369860
v 0.32684860 -0.26943083 0.49395053
v 0.31588310 -0.32282094 0.49436958
v 0.31793711 -0.32561961 0.49374668
v 0.32103890 -0.33315144 0.49317623
v 0.32643801 -0.35155387 0.49259290
v 0.32643801 -0.35155387 0.49259290
v 0.33558491 -0.27971695 0.49228574
v 0.33558491 -0.27971695 0.49228574
v 0.33924180 -0.20414411 0.49217811
v 0.33924180 -0.20414411 0.49217811
v 0.34511301 -0.12347618 0.49178716
v 0.34731820 -0.20359950 0.49179051
v 0.34738481 -0.12354272 0.49181146
v 0.34281409 -0.12345679 0.49190240
v 0.34484449 -0.20376162 0.49177286
v 0.34721580 -0.27705994 0.49177286
v 0.34206870 -0.20419184 0.49190382
v 0.34426671 -0.27771040 0.49177002
v 0.34742820 -0.04019623 0.49183382
v 0.34960491 -0.12365090 0.49197529
v 0.34964409 -0.04030946 0.49199765
v 0.34518531 -0.04009712 0.49180862
v 0.34295440 -0.04001405 0.49192147
v 0.34024870 -0.27929864 0.49194191
v 0.33777660 -0.34432369 0.49199810
v 0.34360120 -0.34147714 0.49177099
v 0.34710649 -0.34054100 0.49175764
v 0.34950280 -0.34050625 0.49191619
v 0.34953260 -0.27706624 0.49193385
v 0.34956720 -0.20367512 0.49195338
v 0.35565001 -0.27746915 0.49322477
v 0.35376859 -0.20393575 0.49268907
v 0.35373411 -0.27732631 0.49266909
v 0.35572219 -0.12405381 0.49326666
v 0.35568449 -0.20407859 0.49324481
v 0.35168350 -0.27719140 0.49223573
v 0.35380629 -0.12391154 0.49271098
v 0.35171801 -0.20380038 0.49225571
v 0.35562009 -0.34090973 0.49320762
v 0.35743120 -0.20422659 0.49391476
v 0.35576141 -0.04071294 0.49328909
v 0.35384551 -0.04057012 0.49273334
v 0.35179490 -0.04043462 0.49230005
v 0.35175571 -0.12377607 0.49227762
v 0.35165361 -0.34063152 0.49221859
v 0.35370421 -0.34076689 0.49265194
v 0.36018169 -0.39231605 0.49550956
v 0.36102071 -0.43154001 0.49648049
v 0.36102071 -0.43154001 0.49648049
v 0.36125389 -0.39246405 0.49644524
v 0.35866550 -0.43124633 0.49471051
v 0.35866550 -0.43124633 0.49471051
v 0.35997251 -0.43139432 0.49555622
v 0.35997251 -0.43139432 0.49555622
v 0.35944101 -0.45998271 0.49570478
v 0.36042419 -0.46012210 0.49659714
v 0.36206061 -0.39260746 0.49743956
v 0.35886261 -0.39216521 0.49464813
v 0.35731909 -0.39201501 0.49387622
v 0.35713491 -0.43109787 0.49395098
v 0.35713491 -0.43109787 0.49395098
v 0.35816681 -0.45984044 0.49490051
v 0.35667139 -0.45969703 0.49417623
v 0.35721281 -0.47933885 0.49528050
v 0.35842311 -0.47946974 0.49600382
v 0.35927960 -0.47959664 0.49683386
v 0.36116099 -0.46025758 0.49755048
v 0.35991690 -0.47972191 0.49772861
v 0.36180860 -0.43168110 0.49746385
v 0.36180860 -0.43168110 0.49746385
v 0.36282459 -0.39286867 0.49953577
v 0.36282459 -0.39286867 0.49953577
v 0.36251801 -0.43205101 0.50057908
v 0.36251801 -0.43205101 0.50057908
v 0.36277041 -0.39298248 0.50060144
v 0.36233690 -0.43181487 0.49848576
v 0.36233690 -0.43181487 0.49848576
v 0.36258051 -0.43193947 0.49952952
v 0.36258051 -0.43193947 0.49952952
v 0.36258051 -0.43193947 0.49952952
v 0.36195430 -0.46050794 0.49953384
v 0.36186901 -0.46061379 0.50054047
v 0.36242509 -0.39308207 0.50165429
v 0.36258659 -0.39274283 0.49847571
v 0.36169541 -0.46038790 0.49853384
v 0.36046329 -0.47984419 0.49863716
v 0.36075190 -0.47995630 0.49955194
v 0.36062220 -0.48005141 0.50047480
v 0.36150610 -0.46070776 0.50154143
v 0.36023450 -0.48013564 0.50140145
v 0.36216781 -0.43214953 0.50161858
v 0.36216781 -0.43214953 0.50161858
v 0.36088580 -0.39323395 0.50365195
v 0.35951081 -0.43234810 0.50448573
v 0.35951081 -0.43234810 0.50448573
v 0.35971990 -0.39328292 0.50456191
v 0.36155239 -0.43223315 0.50262908
v 0.36155239 -0.43223315 0.50262908
v 0.36066729 -0.43230027 0.50359098
v 0.36066729 -0.43230027 0.50359098
v 0.36011061 -0.46085565 0.50344810
v 0.35897961 -0.46090003 0.50429954
v 0.35831490 -0.39331369 0.50539144
v 0.36179280 -0.39316683 0.50267716
v 0.36093640 -0.46078967 0.50252048
v 0.35975391 -0.48021467 0.50231811
v 0.35904351 -0.48027840 0.50317909
v 0.35796231 -0.48031596 0.50394719
v 0.35761431 -0.46092621 0.50508002
v 0.35665339 -0.48033709 0.50465762
v 0.35811651 -0.43237713 0.50530192
v 0.35811651 -0.43237713 0.50530192
v 0.35488480 -0.39331483 0.50675480
v 0.35280490 -0.43235155 0.50715239
v 0.35280490 -0.43235155 0.50715239
v 0.35291949 -0.39328627 0.50726524
v 0.35652220 -0.43238851 0.50603097
v 0.35652220 -0.43238851 0.50603097
v 0.35474551 -0.43238001 0.50665336
v 0.35474551 -0.43238001 0.50665336
v 0.35440391 -0.46093251 0.50639904
v 0.35253030 -0.46090292 0.50686714
v 0.35083151 -0.39323853 0.50764955
v 0.35669360 -0.39332390 0.50612668
v 0.35609311 -0.46093880 0.50579193
v 0.35527450 -0.48035189 0.50533717
v 0.35375550 -0.48034954 0.50591335
v 0.35201248 -0.48031938 0.50632099
v 0.35052839 -0.46085565 0.50721812
v 0.35013321 -0.48027157 0.50662480
v 0.35073999 -0.43230372 0.50752767
v 0.35073999 -0.43230372 0.50752767
v 0.33756629 -0.39590749 0.50806621
v 0.34431699 -0.43251769 0.50793003
v 0.34431699 -0.43251769 0.50793003
v 0.33703420 -0.43320624 0.50798242
v 0.33703420 -0.43320624 0.50798242
v 0.34452149 -0.39392769 0.50803624
v 0.34833339 -0.43228376 0.50778386
v 0.34833339 -0.43228376 0.50778386
v 0.33756131 -0.46147708 0.50770910
v 0.34443751 -0.46102473 0.50764194
v 0.32508841 -0.40067871 0.50802239
v 0.32508841 -0.40067871 0.50802239
v 0.34841710 -0.39327720 0.50790290
v 0.34822249 -0.46083292 0.50747811
v 0.34804159 -0.48026937 0.50689098
v 0.34483379 -0.48055732 0.50706957
v 0.33923051 -0.48141891 0.50711623
v 0.32793340 -0.48321721 0.50712815
v 0.32508361 -0.46117490 0.50773952
v 0.32432550 -0.43428074 0.50797624
v 0.32432550 -0.43428074 0.50797624
v 0.32432550 -0.43428074 0.50797624
v 0.34311590 -0.39209521 0.49178143
v 0.34695649 -0.43048835 0.49186147
v 0.34695649 -0.43048835 0.49186147
v 0.34702119 -0.39145734 0.49176099
v 0.33617920 -0.39409899 0.49202620
v 0.34292841 -0.43070744 0.49187384
v 0.34292841 -0.43070744 0.49187384
v 0.34309691 -0.45927705 0.49213957
v 0.34689730 -0.45910519 0.49215381
v 0.33623260 -0.45974476 0.49234381
v 0.34947109 -0.39146528 0.49191909
v 0.32375160 -0.39893618 0.49256429
v 0.32375160 -0.39893618 0.49256429
v 0.33566150 -0.43141645 0.49210909
v 0.33566150 -0.43141645 0.49210909
v 0.32379219 -0.45949159 0.49280623
v 0.32673639 -0.48165672 0.49328716
v 0.33799729 -0.47981062 0.49285619
v 0.34358969 -0.47893537 0.49268333
v 0.34681761 -0.47867302 0.49273573
v 0.34924030 -0.45917632 0.49232287
v 0.34894800 -0.47872659 0.49291857
v 0.34939921 -0.43055546 0.49202195
v 0.34939921 -0.43055546 0.49202195
v 0.35152179 -0.43067842 0.49231480
v 0.35152179 -0.43067842 0.49231480
v 0.35366520 -0.39172478 0.49265194
v 0.35161850 -0.39158987 0.49222000
v 0.35324410 -0.45942046 0.49298766
v 0.35354200 -0.43081105 0.49273669
v 0.35354200 -0.43081105 0.49273669
v 0.35542011 -0.43095158 0.49328716
v 0.35542011 -0.43095158 0.49328716
v 0.35557640 -0.39186762 0.49320717
v 0.35129601 -0.45929412 0.49259432
v 0.35087320 -0.47883407 0.49314762
v 0.35268089 -0.47894846 0.49348572
v 0.35503229 -0.45955593 0.49352574
v 0.35429430 -0.47907373 0.49400099
v 0.30370641 -0.43272935 0.49341715
v 0.30370641 -0.43272935 0.49341715
v 0.28065291 -0.44437219 0.49444667
v 0.30398971 -0.45576180 0.49353954
v 0.28092089 -0.40579468 0.49442095
v 0.28077850 -0.42562327 0.49437429
v 0.28077850 -0.42562327 0.49437429
v 0.25811481 -0.40388203 0.49532478
v 0.25811481 -0.40388203 0.49532478
v 0.25782660 -0.41933723 0.49537428
v 0.30404511 -0.47305224 0.49381241
v 0.32299730 -0.43254899 0.49261862
v 0.32299730 -0.43254899 0.49261862
v 0.32299730 -0.43254899 0.49261862
v 0.30408809 -0.40654256 0.49342147
v 0.30419040 -0.38212494 0.49358239
v 0.28074121 -0.38875300 0.49459812
v 0.25823739 -0.38802575 0.49538479
v 0.25811949 -0.37452083 0.49555525
v 0.23923460 -0.34790947 0.49616861
v 0.23903920 -0.36104441 0.49611100
v 0.23903920 -0.36104441 0.49611100
v 0.23870660 -0.37378167 0.49615528
v 0.25736889 -0.43174662 0.49553624
v 0.23828229 -0.38390214 0.49630241
v 0.28025630 -0.45906251 0.49464290
v 0.29868239 -0.48717112 0.49532194
v 0.27809280 -0.47158287 0.49539574
v 0.27702501 -0.47253551 0.49591481
v 0.30020461 -0.48611661 0.49474719
v 0.27929711 -0.46772905 0.49496528
v 0.25602320 -0.44243565 0.49618576
v 0.25531191 -0.44298769 0.49665476
v 0.25674000 -0.43917933 0.49580957
v 0.31573299 -0.49335818 0.49573480
v 0.29755899 -0.48700040 0.49595478
v 0.31694969 -0.49339061 0.49509147
v 0.31870621 -0.49250797 0.49449384
v 0.30228150 -0.48231408 0.49423765
v 0.32157451 -0.48959199 0.49395240
v 0.23780860 -0.38976827 0.49655190
v 0.23731691 -0.39205424 0.49689767
v 0.23683590 -0.39201444 0.49733051
v 0.25465530 -0.44226208 0.49720670
v 0.23639411 -0.39090185 0.49784243
v 0.27612171 -0.47213147 0.49651143
v 0.29520541 -0.48624750 0.49820766
v 0.27469361 -0.47114070 0.49791100
v 0.27421331 -0.47081066 0.49870147
v 0.29577449 -0.48642278 0.49738909
v 0.27533829 -0.47158344 0.49717860
v 0.25362250 -0.44076308 0.49852192
v 0.25327009 -0.44024578 0.49926192
v 0.25408730 -0.44143915 0.49783289
v 0.31275600 -0.49300599 0.49877050
v 0.29481929 -0.48615133 0.49907335
v 0.31314030 -0.49301907 0.49791339
v 0.31371611 -0.49308054 0.49710957
v 0.29658100 -0.48667659 0.49664051
v 0.31462720 -0.49319770 0.49639528
v 0.23601601 -0.38976369 0.49842525
v 0.23571050 -0.38882193 0.49906767
v 0.23548201 -0.38808998 0.49975767
v 0.25303471 -0.43989637 0.50004099
v 0.23533520 -0.38758300 0.50048433
v 0.27388748 -0.47060003 0.49953338
v 0.29450661 -0.48619116 0.50084860
v 0.27385521 -0.47070762 0.50211954
v 0.29471660 -0.48633173 0.50173336
v 0.27370560 -0.47051239 0.50039004
v 0.27368849 -0.47054828 0.50125670
v 0.25306061 -0.43990725 0.50247337
v 0.25291979 -0.43972337 0.50084480
v 0.25292799 -0.43972735 0.50166047
v 0.31257251 -0.49322501 0.50135240
v 0.29512480 -0.48654911 0.50260523
v 0.31305271 -0.49339239 0.50220242
v 0.31230950 -0.49310209 0.50049812
v 0.29456311 -0.48613141 0.49995811
v 0.31242409 -0.49303152 0.49963624
v 0.23527379 -0.38731262 0.50123524
v 0.23529760 -0.38728025 0.50199767
v 0.23540550 -0.38748459 0.50275810
v 0.23559630 -0.38792328 0.50350385
v 0.25331399 -0.44026058 0.50327002
v 0.27418441 -0.47098701 0.50296576
v 0.29636750 -0.48719559 0.50424572
v 0.27603671 -0.47249397 0.50525526
v 0.29730049 -0.48761444 0.50496053
v 0.29565889 -0.48683935 0.50345241
v 0.27526769 -0.47188904 0.50455096
v 0.25474411 -0.44229508 0.50542862
v 0.27465260 -0.47138369 0.50378240
v 0.25416201 -0.44146646 0.50476048
v 0.31532770 -0.49411107 0.50449572
v 0.29839349 -0.48808848 0.50560528
v 0.31654379 -0.49441503 0.50511051
v 0.31429640 -0.49383734 0.50381952
v 0.31358370 -0.49359726 0.50304143
v 0.25368300 -0.44078417 0.50403671
v 0.23586801 -0.38859316 0.50422194
v 0.23621480 -0.38947918 0.50490001
v 0.23663020 -0.39056446 0.50552762
v 0.23710750 -0.39183180 0.50609290
v 0.25541830 -0.44325683 0.50602955
v 0.27693269 -0.47318875 0.50588905
v 0.30123880 -0.48746484 0.50670671
v 0.28036490 -0.46912159 0.50731287
v 0.30339691 -0.48376858 0.50713718
v 0.29962239 -0.48839692 0.50619196
v 0.27908981 -0.47288322 0.50692527
v 0.25773779 -0.44048028 0.50734812
v 0.27793589 -0.47372315 0.50644860
v 0.25695789 -0.44365458 0.50699526
v 0.32267350 -0.49102494 0.50666147
v 0.30522880 -0.47459559 0.50750099
v 0.31972131 -0.49383108 0.50623192
v 0.31786749 -0.49458682 0.50570434
v 0.25616789 -0.44410419 0.50655384
v 0.23763619 -0.39305810 0.50658575
v 0.23819050 -0.39319358 0.50700003
v 0.23874059 -0.39098376 0.50733052
v 0.23925690 -0.38517290 0.50757286
v 0.25841281 -0.43310783 0.50760765
v 0.28137741 -0.46052387 0.50760765
v 0.30496260 -0.43436713 0.50794433
v 0.30496260 -0.43436713 0.50794433
v 0.28208351 -0.40731075 0.50786526
v 0.30534419 -0.40818034 0.50794672
v 0.28180799 -0.44587859 0.50780526
v 0.28194770 -0.42714784 0.50789478
v 0.28194770 -0.42714784 0.50789478
v 0.25919640 -0.40529222 0.50783239
v 0.25919640 -0.40529222 0.50783239
v 0.25931031 -0.38942455 0.50779146
v 0.30542001 -0.38372808 0.50780145
v 0.30522201 -0.45736895 0.50779095
v 0.25889841 -0.42073432 0.50777001
v 0.23970680 -0.37508540 0.50772192
v 0.24004790 -0.36236016 0.50777620
v 0.24004790 -0.36236016 0.50777620
v 0.24023490 -0.34921320 0.50773527
v 0.25916499 -0.37588375 0.50764574
v 0.24022239 -0.33786404 0.50759670
v 0.28187540 -0.39023211 0.50771477
v 0.30027261 -0.35967068 0.49446574
v 0.27990839 -0.37761322 0.49491334
v 0.30241549 -0.36707493 0.49396142
v 0.29863560 -0.35673710 0.49504333
v 0.27874959 -0.37159010 0.49534335
v 0.25770581 -0.36547649 0.49583477
v 0.27767149 -0.36894390 0.49586338
v 0.25709709 -0.36030809 0.49621477
v 0.29740971 -0.35599495 0.49569762
v 0.27674121 -0.36802534 0.49646624
v 0.25642219 -0.35776134 0.49668479
v 0.25576770 -0.35659312 0.49723809
v 0.23827671 -0.32142039 0.49736621
v 0.23870490 -0.32404791 0.49693240
v 0.23905320 -0.32878438 0.49658335
v 0.23924780 -0.33659325 0.49632671
v 0.29554769 -0.35542647 0.49724382
v 0.27594560 -0.36747845 0.49714908
v 0.29639050 -0.35567452 0.49643428
v 0.29489431 -0.35525290 0.49811099
v 0.27529010 -0.36703684 0.49789908
v 0.25519809 -0.35576963 0.49786621
v 0.27478489 -0.36670795 0.49870386
v 0.25473201 -0.35509413 0.49855717
v 0.29444331 -0.35515840 0.49902192
v 0.27443981 -0.36649799 0.49954956
v 0.25437641 -0.35457683 0.49929956
v 0.25413871 -0.35422742 0.50008004
v 0.23693030 -0.31712663 0.49979382
v 0.23715881 -0.31785858 0.49910383
v 0.23746440 -0.31880034 0.49846146
v 0.23784240 -0.31993850 0.49787859
v 0.29418099 -0.35521310 0.50091240
v 0.27426329 -0.36641206 0.50042194
v 0.29420510 -0.35514531 0.49996100
v 0.27441600 -0.36661124 0.50218811
v 0.27441600 -0.36661124 0.50218811
v 0.27425581 -0.36645072 0.50130670
v 0.25402439 -0.35405498 0.50088572
v 0.25416571 -0.35423876 0.50251906
v 0.25416571 -0.35423876 0.50251906
v 0.25403380 -0.35405957 0.50170384
v 0.29436931 -0.35535928 0.50186000
v 0.29436931 -0.35535928 0.50186000
v 0.29476881 -0.35558297 0.50278672
v 0.27474260 -0.36689286 0.50305096
v 0.25441870 -0.35459280 0.50331765
v 0.23704460 -0.31695993 0.50354000
v 0.23685379 -0.31652124 0.50279432
v 0.23685379 -0.31652124 0.50279432
v 0.23674589 -0.31631690 0.50203382
v 0.23672210 -0.31634927 0.50127100
v 0.23678350 -0.31661965 0.50052004
v 0.29537550 -0.35588056 0.50367670
v 0.27587500 -0.36779941 0.50466194
v 0.27523240 -0.36729122 0.50388004
v 0.29617649 -0.35624595 0.50451525
v 0.27665779 -0.36840666 0.50538383
v 0.25527281 -0.35579922 0.50481146
v 0.25479040 -0.35511629 0.50408621
v 0.25585660 -0.35662834 0.50548147
v 0.29715622 -0.35667329 0.50528858
v 0.29829910 -0.35715424 0.50598289
v 0.27756849 -0.36910382 0.50603239
v 0.25653270 -0.35759008 0.50608479
v 0.23855580 -0.32086845 0.50612906
v 0.23807850 -0.31960111 0.50556384
v 0.23766319 -0.31851583 0.50493623
v 0.23731630 -0.31762981 0.50425810
v 0.29963380 -0.35803852 0.50658620
v 0.27976361 -0.37291207 0.50706906
v 0.27859959 -0.37015434 0.50659619
v 0.30136481 -0.36109509 0.50709528
v 0.28099221 -0.37902682 0.50744576
v 0.25803390 -0.36152930 0.50704862
v 0.25728041 -0.35888023 0.50660908
v 0.25870559 -0.36678022 0.50739671
v 0.30358690 -0.36860238 0.50750667
v 0.23998530 -0.32999930 0.50736146
v 0.23957850 -0.32518664 0.50703477
v 0.23907700 -0.32246416 0.50662191
v 0.22595289 -0.29446128 0.49662099
v 0.22595289 -0.29446128 0.49662099
v 0.21780360 -0.22447907 0.49695477
v 0.22559830 -0.30462569 0.49666481
v 0.22622220 -0.28408468 0.49667287
v 0.21814320 -0.21583867 0.49691146
v 0.21814320 -0.21583867 0.49691146
v 0.21384250 -0.14893115 0.49712240
v 0.21847540 -0.20898749 0.49695812
v 0.21409950 -0.13966883 0.49708335
v 0.21409950 -0.13966883 0.49708335
v 0.22520471 -0.31251259 0.49680480
v 0.22634570 -0.27496853 0.49682052
v 0.21868589 -0.20294100 0.49709385
v 0.21449781 -0.13760301 0.49712144
v 0.21330510 -0.09332904 0.49731052
v 0.21273160 -0.08081212 0.49725955
v 0.21223220 -0.07722462 0.49723525
v 0.21223220 -0.07722462 0.49723525
v 0.21209291 -0.08938703 0.49726335
v 0.21223500 -0.10825433 0.49731575
v 0.21361171 -0.15697233 0.49723860
v 0.21745519 -0.23113277 0.49708811
v 0.22409610 -0.31659294 0.49777862
v 0.21673439 -0.23010900 0.49762285
v 0.21645680 -0.22768812 0.49801908
v 0.22443560 -0.31742547 0.49736814
v 0.21708310 -0.23227040 0.49731143
v 0.21278250 -0.14489357 0.49773287
v 0.21249770 -0.13970806 0.49811905
v 0.21320210 -0.15297170 0.49743956
v 0.22379920 -0.31503981 0.49826477
v 0.22481009 -0.31650979 0.49704145
v 0.21164940 -0.09043583 0.49747861
v 0.21111140 -0.07489252 0.49776097
v 0.21079370 -0.06685257 0.49814238
v 0.21231580 -0.13691557 0.49858527
v 0.21062151 -0.06342326 0.49860764
v 0.21624079 -0.22558305 0.49849195
v 0.22321039 -0.31136924 0.50008623
v 0.21593191 -0.22225111 0.49962529
v 0.21583870 -0.22105996 0.50026476
v 0.22335321 -0.31233166 0.49942956
v 0.21606660 -0.22376651 0.49903049
v 0.21207410 -0.13302254 0.49970714
v 0.21200520 -0.13162715 0.50034049
v 0.21217810 -0.13479468 0.49911859
v 0.22312510 -0.31069317 0.50077810
v 0.22355039 -0.31356194 0.49881858
v 0.21049879 -0.06106385 0.49914005
v 0.21040741 -0.05909085 0.49972764
v 0.21034861 -0.05753496 0.50036001
v 0.21197300 -0.13063526 0.50100811
v 0.21032371 -0.05642639 0.50102622
v 0.21578890 -0.22021722 0.50093909
v 0.22313330 -0.31024989 0.50222099
v 0.21590670 -0.21990252 0.50305335
v 0.22322521 -0.31048325 0.50294669
v 0.21578410 -0.21974260 0.50163669
v 0.21582370 -0.21963786 0.50234576
v 0.21209990 -0.13022833 0.50310240
v 0.21197849 -0.13007014 0.50169908
v 0.21202120 -0.12993465 0.50240099
v 0.22337431 -0.31101818 0.50365904
v 0.22309950 -0.31031988 0.50149380
v 0.21033360 -0.05579072 0.50171622
v 0.21037769 -0.05563193 0.50241762
v 0.21045481 -0.05594891 0.50311812
v 0.21056400 -0.05673936 0.50380573
v 0.21221361 -0.13094881 0.50379097
v 0.21603189 -0.22053420 0.50374811
v 0.22383431 -0.31295875 0.50499334
v 0.21663789 -0.22451151 0.50563718
v 0.22413629 -0.31432565 0.50559336
v 0.22357871 -0.31184901 0.50434478
v 0.21640110 -0.22286227 0.50505096
v 0.21274410 -0.13553271 0.50566335
v 0.21619770 -0.22152838 0.50441767
v 0.21253890 -0.13362863 0.50508195
v 0.22447980 -0.31592765 0.50613480
v 0.21236090 -0.13209088 0.50445429
v 0.21070389 -0.05799821 0.50446813
v 0.21087161 -0.05969635 0.50509523
v 0.21106410 -0.06180083 0.50567624
v 0.21127810 -0.06427911 0.50620047
v 0.21297330 -0.13777323 0.50618810
v 0.21690451 -0.22644863 0.50616670
v 0.22526890 -0.31851125 0.50700383
v 0.21794809 -0.23339825 0.50731429
v 0.22569899 -0.31766904 0.50732002
v 0.22485951 -0.31758820 0.50660715
v 0.21754640 -0.23116802 0.50701286
v 0.21405500 -0.15408361 0.50730146
v 0.21720120 -0.22865844 0.50662810
v 0.21358560 -0.14594064 0.50702001
v 0.22613390 -0.31372417 0.50755049
v 0.21323501 -0.14066922 0.50664524
v 0.21152990 -0.06781259 0.50665620
v 0.21191260 -0.07593741 0.50702671
v 0.21249831 -0.09154267 0.50729481
v 0.21311100 -0.10939651 0.50744525
v 0.21449851 -0.15812865 0.50749339
v 0.21835820 -0.23230963 0.50753051
v 0.22717570 -0.28532816 0.50770001
v 0.21907680 -0.21705600 0.50770717
v 0.21907680 -0.21705600 0.50770717
v 0.21940130 -0.21019508 0.50766527
v 0.22691449 -0.29571501 0.50774145
v 0.22691449 -0.29571501 0.50774145
v 0.21872950 -0.22568606 0.50766192
v 0.21501280 -0.14085931 0.50764381
v 0.21501280 -0.14085931 0.50764381
v 0.21540430 -0.13878558 0.50760476
v 0.21474899 -0.15011315 0.50760572
v 0.22727490 -0.27618011 0.50756621
v 0.22655190 -0.30586917 0.50769144
v 0.21297800 -0.09054114 0.50749861
v 0.21312180 -0.07838446 0.50752381
v 0.21312180 -0.07838446 0.50752381
v 0.21361670 -0.08196624 0.50749481
v 0.21418101 -0.09447122 0.50743957
v 0.21568960 -0.13786710 0.50749145
v 0.21958891 -0.20411839 0.50753619
v 0.22607710 -0.26353401 0.49739051
v 0.21867490 -0.19622978 0.49731859
v 0.22628160 -0.26815097 0.49706098
v 0.22580031 -0.26066641 0.49780144
v 0.21851450 -0.19020840 0.49763000
v 0.21473910 -0.12792298 0.49743575
v 0.21830670 -0.18638926 0.49802669
v 0.21450821 -0.11784166 0.49772719
v 0.22551240 -0.25882315 0.49828810
v 0.21810061 -0.18408505 0.49849910
v 0.21429510 -0.11197160 0.49811241
v 0.21412340 -0.10908183 0.49857908
v 0.21226090 -0.05062001 0.49812955
v 0.21251690 -0.05879266 0.49774905
v 0.21290360 -0.07473602 0.49746953
v 0.21480291 -0.13671069 0.49723667
v 0.22506639 -0.25611428 0.49945243
v 0.21792640 -0.18226793 0.49903764
v 0.22526370 -0.25734468 0.49884146
v 0.22492360 -0.25515200 0.50010956
v 0.21779171 -0.18075254 0.49963238
v 0.21398570 -0.10696082 0.49911195
v 0.21769850 -0.17956197 0.50027242
v 0.21388170 -0.10518927 0.49970050
v 0.22483830 -0.25447593 0.50080143
v 0.21764880 -0.17871919 0.50094624
v 0.21381280 -0.10379331 0.50033384
v 0.21378060 -0.10280140 0.50100147
v 0.21182460 -0.04128312 0.50034667
v 0.21188340 -0.04283958 0.49971430
v 0.21197490 -0.04481259 0.49912671
v 0.21209750 -0.04717200 0.49859430
v 0.22484650 -0.25403319 0.50224431
v 0.21764401 -0.17824458 0.50164384
v 0.22481281 -0.25410262 0.50151714
v 0.21776649 -0.17840394 0.50306096
v 0.21776649 -0.17840394 0.50306096
v 0.21768360 -0.17813985 0.50235285
v 0.21378610 -0.10223629 0.50169243
v 0.21390750 -0.10239449 0.50309575
v 0.21390750 -0.10239449 0.50309575
v 0.21382880 -0.10210090 0.50239480
v 0.22493839 -0.25426655 0.50297001
v 0.22493839 -0.25426655 0.50297001
v 0.22508740 -0.25480084 0.50368192
v 0.21789160 -0.17903617 0.50375526
v 0.21402121 -0.10311552 0.50378433
v 0.21204001 -0.04048810 0.50379239
v 0.21193080 -0.03969707 0.50310478
v 0.21193080 -0.03969707 0.50310478
v 0.21185359 -0.03938067 0.50240428
v 0.21180961 -0.03953944 0.50170288
v 0.21179970 -0.04017512 0.50101334
v 0.22529189 -0.25563234 0.50436766
v 0.21826090 -0.18136427 0.50505811
v 0.21805760 -0.18003038 0.50442477
v 0.22554760 -0.25674205 0.50501621
v 0.21849769 -0.18301293 0.50564479
v 0.21434639 -0.10579477 0.50507525
v 0.21416859 -0.10425713 0.50444764
v 0.21455170 -0.10769896 0.50565671
v 0.22584949 -0.25810842 0.50561669
v 0.22619300 -0.25971031 0.50615812
v 0.21876430 -0.18495005 0.50617385
v 0.21478090 -0.10993940 0.50618146
v 0.21275410 -0.04802784 0.50618719
v 0.21254000 -0.04554956 0.50566290
v 0.21234760 -0.04344451 0.50508195
v 0.21217990 -0.04174694 0.50445480
v 0.22656380 -0.26166173 0.50663002
v 0.21932641 -0.19126743 0.50702001
v 0.21905109 -0.18736015 0.50663525
v 0.22691040 -0.26462035 0.50702620
v 0.21953990 -0.19735774 0.50732099
v 0.21531130 -0.11888885 0.50701433
v 0.21503240 -0.11293333 0.50663860
v 0.21559189 -0.12903499 0.50729765
v 0.22717039 -0.26930955 0.50734000
v 0.21375240 -0.07584288 0.50728619
v 0.21331810 -0.05983746 0.50701479
v 0.21299709 -0.05158012 0.50664291
v 0.21087749 -0.02174481 0.50666005
v 0.21135689 -0.01460234 0.50703477
v 0.21135689 -0.01460234 0.50703477
v 0.21127710 -0.03162810 0.50703381
v 0.21170040 -0.01438943 0.50665052
v 0.21096431 -0.00419039 0.50665716
v 0.21096431 -0.00419039 0.50665716
v 0.21203110 -0.03735934 0.50732337
v 0.21203110 -0.03735934 0.50732337
v 0.21195050 -0.05282465 0.50731287
v 0.21206430 -0.02422432 0.50702529
v 0.21063040 -0.01781989 0.50620337
v 0.21145830 -0.01047138 0.50619383
v 0.21072049 -0.00014306 0.50620047
v 0.21072049 -0.00014306 0.50620047
v 0.21265671 -0.04521550 0.50730622
v 0.21007469 -0.01117074 0.50447098
v 0.21033201 0.00479945 0.50509478
v 0.21033201 0.00479945 0.50509478
v 0.21023740 -0.01296732 0.50509813
v 0.21090260 -0.00382224 0.50446144
v 0.21017089 0.00662839 0.50446762
v 0.21017089 0.00662839 0.50446762
v 0.21051620 0.00253046 0.50567572
v 0.21051620 0.00253046 0.50567572
v 0.21042369 -0.01519525 0.50567908
v 0.21106540 -0.00561881 0.50508859
v 0.20993841 -0.00984076 0.50380857
v 0.21076630 -0.00249225 0.50379858
v 0.21003580 0.00798223 0.50380528
v 0.21003580 0.00798223 0.50380528
v 0.21125160 -0.00784674 0.50566954
v 0.20980831 0.00898894 0.50171576
v 0.20980831 0.00898894 0.50171576
v 0.20975490 -0.00867529 0.50242052
v 0.20971011 -0.00884886 0.50171906
v 0.21058290 -0.00132735 0.50241098
v 0.20985331 0.00916652 0.50241717
v 0.20985331 0.00916652 0.50241717
v 0.20992950 0.00883073 0.50311767
v 0.20992950 0.00883073 0.50311767
v 0.20992950 0.00883073 0.50311767
v 0.20983140 -0.00900649 0.50312096
v 0.20969810 -0.00952722 0.50102957
v 0.20979550 0.00829588 0.50102622
v 0.20979550 0.00829588 0.50102622
v 0.21053810 -0.00150035 0.50170958
v 0.21052600 -0.00217928 0.50101952
v 0.21065929 -0.00165855 0.50311148
v 0.21065929 -0.00165855 0.50311148
v 0.20995100 0.00326744 0.49914005
v 0.20995100 0.00326744 0.49914005
v 0.20977330 -0.01236181 0.49973048
v 0.20985851 -0.01445837 0.49914289
v 0.21060120 -0.00501387 0.49972100
v 0.20986780 0.00540486 0.49972718
v 0.20986780 0.00540486 0.49972718
v 0.20971940 -0.01070749 0.50036291
v 0.21054730 -0.00335899 0.50035337
v 0.20981561 0.00709164 0.50035956
v 0.20981561 0.00709164 0.50035956
v 0.20997380 -0.01696404 0.49861099
v 0.21006390 0.00071278 0.49860764
v 0.21006390 0.00071278 0.49860764
v 0.21068650 -0.00710976 0.49913335
v 0.21080179 -0.00961544 0.49860145
v 0.21117739 -0.03624620 0.49745193
v 0.21117739 -0.03624620 0.49745193
v 0.21047521 -0.03058208 0.49776051
v 0.21109900 -0.05171437 0.49746669
v 0.21126240 -0.02317839 0.49775143
v 0.21055441 -0.01355573 0.49775381
v 0.21055441 -0.01355573 0.49775381
v 0.21014130 -0.02078480 0.49814528
v 0.21096410 -0.01342942 0.49813574
v 0.21022791 -0.00323037 0.49814192
v 0.21022791 -0.00323037 0.49814192
v 0.21180540 -0.04410520 0.49746050
v 0.35746899 -0.49139826 0.49720148
v 0.35537109 -0.49613586 0.49691765
v 0.35512421 -0.49726208 0.49758528
v 0.35573199 -0.49118144 0.49589620
v 0.35687181 -0.49116778 0.49646715
v 0.35399750 -0.49712158 0.49673860
v 0.35241920 -0.49932898 0.49780718
v 0.35792601 -0.49154907 0.49802096
v 0.35523981 -0.49757792 0.49841906
v 0.35578579 -0.47920569 0.49462383
v 0.35437110 -0.49110525 0.49534953
v 0.35181811 -0.49973474 0.49892763
v 0.35003501 -0.49951173 0.49758715
v 0.34567481 -0.49989180 0.49984190
v 0.35246381 -0.49723135 0.49633239
v 0.35866401 -0.49179434 0.50036291
v 0.35714340 -0.49650641 0.49961813
v 0.35622850 -0.49758759 0.50013715
v 0.35853049 -0.49162020 0.49881858
v 0.35891810 -0.49159580 0.49958430
v 0.35614189 -0.49747491 0.49913573
v 0.35365221 -0.49958685 0.49968574
v 0.35819930 -0.49190531 0.50118148
v 0.35545331 -0.49785627 0.50088669
v 0.35195520 -0.49991350 0.50051289
v 0.35637960 -0.49202603 0.50338480
v 0.35584331 -0.49675111 0.50237811
v 0.35450530 -0.49778400 0.50261000
v 0.35788539 -0.49194124 0.50201571
v 0.35741690 -0.49187856 0.50277145
v 0.35548201 -0.49772880 0.50172240
v 0.35274771 -0.49975757 0.50160575
v 0.35511771 -0.49207831 0.50398335
v 0.35304681 -0.49799164 0.50307480
v 0.35040951 -0.50000000 0.50191813
v 0.35122800 -0.49203108 0.50545860
v 0.35181889 -0.49680575 0.50445905
v 0.35041630 -0.49779708 0.50434143
v 0.35396951 -0.49205847 0.50463145
v 0.35277060 -0.49194124 0.50517385
v 0.35219461 -0.49781473 0.50380528
v 0.34994811 -0.49979506 0.50305335
v 0.34950700 -0.49202254 0.50567624
v 0.34866539 -0.49794782 0.50439667
v 0.34759510 -0.49997212 0.50276719
v 0.34538361 -0.49206985 0.50617953
v 0.34421420 -0.49796888 0.50489763
v 0.34192809 -0.49279991 0.50611952
v 0.34772551 -0.49197872 0.50596813
v 0.34574240 -0.49681079 0.50531861
v 0.34709659 -0.49773442 0.50482860
v 0.34589660 -0.49973360 0.50364429
v 0.33767530 -0.49407636 0.50594287
v 0.34199241 -0.49847308 0.50453910
v 0.34408000 -0.49992830 0.50283764
v 0.33155951 -0.49729907 0.50545763
v 0.33727899 -0.49931532 0.50405005
v 0.33012459 -0.49774359 0.50494622
v 0.33413181 -0.49599416 0.50574050
v 0.33691001 -0.49887834 0.50469719
v 0.33952919 -0.49885273 0.50454051
v 0.34143311 -0.49985197 0.50321383
v 0.32895431 -0.49764116 0.50435574
v 0.33650821 -0.49928182 0.50335761
v 0.34101740 -0.49986278 0.50209718
v 0.32604399 -0.49711412 0.50256334
v 0.33248529 -0.49868364 0.50279194
v 0.33371469 -0.49891412 0.50212386
v 0.32764471 -0.49743913 0.50382668
v 0.32646730 -0.49723135 0.50327667
v 0.33480191 -0.49908655 0.50295860
v 0.33835840 -0.49964319 0.50188095
v 0.32566950 -0.49698323 0.50176668
v 0.33381221 -0.49887144 0.50129575
v 0.33924431 -0.49963230 0.50076005
v 0.32492691 -0.49667080 0.49950193
v 0.33077711 -0.49826651 0.50013431
v 0.33263731 -0.49857153 0.49960383
v 0.32505599 -0.49683868 0.50099478
v 0.32456809 -0.49669641 0.50025670
v 0.33272269 -0.49868307 0.50059049
v 0.33713579 -0.49937792 0.50000954
v 0.32540500 -0.49663836 0.49870811
v 0.33360138 -0.49859657 0.49885815
v 0.33910751 -0.49945425 0.49917859
v 0.32701790 -0.49662136 0.49657761
v 0.33202061 -0.49807757 0.49741906
v 0.33430061 -0.49843275 0.49716191
v 0.32564071 -0.49658836 0.49790004
v 0.32593939 -0.49654276 0.49717241
v 0.33336121 -0.49845373 0.49803668
v 0.33803111 -0.49921630 0.49809623
v 0.32823181 -0.49669869 0.49599957
v 0.33593231 -0.49853056 0.49669762
v 0.34064379 -0.49937565 0.49777669
v 0.33315259 -0.49471778 0.49441766
v 0.33610141 -0.49782376 0.49534715
v 0.33873880 -0.49782262 0.49540051
v 0.33658090 -0.49840543 0.49597714
v 0.33063790 -0.49609717 0.49479952
v 0.32929620 -0.49666347 0.49536526
v 0.34086531 -0.49911166 0.49664767
v 0.33664930 -0.49273845 0.49407859
v 0.34119391 -0.49743166 0.49530577
v 0.34356821 -0.49926126 0.49691861
v 0.34666121 -0.49059130 0.49366096
v 0.34479669 -0.49557760 0.49438286
v 0.34623089 -0.49660600 0.49481763
v 0.34334630 -0.49683761 0.49486146
v 0.34429070 -0.49064487 0.49354192
v 0.34085730 -0.49140338 0.49373669
v 0.34523931 -0.49887663 0.49604384
v 0.34848711 -0.49069260 0.49388195
v 0.34786901 -0.49690932 0.49518667
v 0.34708360 -0.49930508 0.49685146
v 0.35311490 -0.49094413 0.49474860
v 0.35100111 -0.49573929 0.49500144
v 0.35148841 -0.49689395 0.49563813
v 0.35023990 -0.49074268 0.49403148
v 0.35182640 -0.49071024 0.49425479
v 0.34962341 -0.49676306 0.49517288
v 0.34937909 -0.49905305 0.49647385
v 0.41800010 0.13178081 0.00190474
v -0.39999989 0.11809611 0.00000000
v -0.41999999 -0.26380777 0.00000000
v 0.40000001 0.11809611 0.95238100
v 0.40000001 -0.26380777 0.00000000
v 0.40000001 -0.26380777 0.00000000
vt 0.71953827 0.34074161
vt 0.07096773 0.07098782
vt 0.71953827 0.07098776
vt 0.04516124 0.67741931
vt 0.04516124 0.67741931
vt 0.04516124 0.67741931
vt 0.07096767 0.00000000
vt 0.07096767 0.67741931
vt 0.07096767 0.67741931
vt 0.04516124 0.99999982
vt 0.74857873 0.04517400
vt 0.04516124 0.99999982
vt 0.74857873 0.04517400
vt 0.07096767 0.04517406
vt 0.07096767 0.04517406
vt 0.07096767 1.00000000
vt 0.74857873 0.07098776
vt 0.07096767 0.07098782
vt 0.00000000 0.65161282
vt 0.01290321 0.00000000
vt 0.01290321 0.00000000
vt 0.32910529 0.36010191
vt 0.01290321 0.65161282
vt 0.01290321 0.65161282
vt 0.01935482 0.97419351
vt 0.01935482 0.97419351
vt 0.72276503 0.01936030
vt 0.01935482 0.70322567
vt 0.01935482 0.65161282
vt 0.01935482 0.70322567
vt 0.04516124 0.00000000
vt 0.04516124 0.00000000
vt 0.07096767 0.35364839
vt 0.07096767 0.35364839
vt 0.32910529 0.34074149
vt 0.32910529 0.35364839
vt 0.32910529 0.35364839
vt 0.72276503 0.01290684
vt 0.07096767 0.36010191
vt 0.72276503 0.01290684
vt 0.01909029 0.96774381
vt 0.07096767 0.00000000
vt 0.72276503 0.00000000
vt 0.07096767 0.01936030
vt 0.08816593 0.37748069
vt 0.08718818 0.37900299
vt 0.08675795 0.37817711
vt 0.08855938 0.37834379
vt 0.08760344 0.37980020
vt 0.08538043 0.37893179
vt 0.08586210 0.37974879
vt 0.08962845 0.37686122
vt 0.08766889 0.37636420
vt 0.08919435 0.37571251
vt 0.08997005 0.37776521
vt 0.08892917 0.37915900
vt 0.09061664 0.37947670
vt 0.09028536 0.37859991
vt 0.08931064 0.38001800
vt 0.08680337 0.38132390
vt 0.08631813 0.38051900
vt 0.08561122 0.38208371
vt 0.08508276 0.38130981
vt 0.08457964 0.38057300
vt 0.08403480 0.37977511
vt 0.08475035 0.37788469
vt 0.08334243 0.37876120
vt 0.08619379 0.37709421
vt 0.08275955 0.38072139
vt 0.08216768 0.38243100
vt 0.08155524 0.38172960
vt 0.08334511 0.38146749
vt 0.08275896 0.38310811
vt 0.08039379 0.38278699
vt 0.08105409 0.38346800
vt 0.08201372 0.37975350
vt 0.08389651 0.38217270
vt 0.08446961 0.38291770
vt 0.08234006 0.38477799
vt 0.08167874 0.38410959
vt 0.08135968 0.38579771
vt 0.08066338 0.38516921
vt 0.08000087 0.38457090
vt 0.07928365 0.38392290
vt 0.07953542 0.38191739
vt 0.07837277 0.38309959
vt 0.08075225 0.38080990
vt 0.07826536 0.38514230
vt 0.07808947 0.38694480
vt 0.07732921 0.38640481
vt 0.07900995 0.38573089
vt 0.07882410 0.38746601
vt 0.07644438 0.38770530
vt 0.07724654 0.38821560
vt 0.07731360 0.38437551
vt 0.07971209 0.38628781
vt 0.08044517 0.38687810
vt 0.07880818 0.38919240
vt 0.07800579 0.38869551
vt 0.07809066 0.39041969
vt 0.07726198 0.38996801
vt 0.07647484 0.38953751
vt 0.07562476 0.38907030
vt 0.07540702 0.38705730
vt 0.07454723 0.38847631
vt 0.07633376 0.38569739
vt 0.07490855 0.39049530
vt 0.07514363 0.39230710
vt 0.07427346 0.39194381
vt 0.07577252 0.39090240
vt 0.07598888 0.39265540
vt 0.07368224 0.39342090
vt 0.07459014 0.39375749
vt 0.07380574 0.38996109
vt 0.07659059 0.39128670
vt 0.07744914 0.39169469
vt 0.07637900 0.39437741
vt 0.07545787 0.39406821
vt 0.07595306 0.39579430
vt 0.07499563 0.39552620
vt 0.07409536 0.39525911
vt 0.07314181 0.39495569
vt 0.07252615 0.39299610
vt 0.07195532 0.39455789
vt 0.07314455 0.39146921
vt 0.07265990 0.39654189
vt 0.07317852 0.39850670
vt 0.12491340 0.39840969
vt 0.07214611 0.39817530
vt 0.12594929 0.39806929
vt 0.07363593 0.39682519
vt 0.07423388 0.39875281
vt 0.12385380 0.39866441
vt 0.12542141 0.39643031
vt 0.12444180 0.39672199
vt 0.07146942 0.39614841
vt 0.07459187 0.39706609
vt 0.07560986 0.39728859
vt 0.12246010 0.39720151
vt 0.12348220 0.39697081
vt 0.12210470 0.39570150
vt 0.12306540 0.39542520
vt 0.12396900 0.39515021
vt 0.12492580 0.39483851
vt 0.12661600 0.39602631
vt 0.12611631 0.39443010
vt 0.12713119 0.39759180
vt 0.07096773 0.39770850
vt 0.12437150 0.39329860
vt 0.12289370 0.39218891
vt 0.12376620 0.39181721
vt 0.12346070 0.39364359
vt 0.12204610 0.39254540
vt 0.12311690 0.39036480
vt 0.12225100 0.39078060
vt 0.12553130 0.39286321
vt 0.12259040 0.39396220
vt 0.12166630 0.39427981
vt 0.12057060 0.39158979
vt 0.12143100 0.39117310
vt 0.11991590 0.39031231
vt 0.12074600 0.38985190
vt 0.12153440 0.38941291
vt 0.12238600 0.38893679
vt 0.12422240 0.38981941
vt 0.12346550 0.38833109
vt 0.12489840 0.39133170
vt 0.12155130 0.38756990
vt 0.11989090 0.38681752
vt 0.12065130 0.38626859
vt 0.12074840 0.38808921
vt 0.11915610 0.38734719
vt 0.11970000 0.38500610
vt 0.11895580 0.38560391
vt 0.12258980 0.38691020
vt 0.11998830 0.38857761
vt 0.11918520 0.38908339
vt 0.11752150 0.38676849
vt 0.11825410 0.38616931
vt 0.11659370 0.38568920
vt 0.11728890 0.38505191
vt 0.11795030 0.38444519
vt 0.11866630 0.38378799
vt 0.12065110 0.38422731
vt 0.11957560 0.38295269
vt 0.12164710 0.38554919
vt 0.11754100 0.38265490
vt 0.11575500 0.38231140
vt 0.11636480 0.38160130
vt 0.11688270 0.38334471
vt 0.11516620 0.38299659
vt 0.11514620 0.38059819
vt 0.11456400 0.38135269
vt 0.11839680 0.38177350
vt 0.11625980 0.38399461
vt 0.11560030 0.38467160
vt 0.11344580 0.38281870
vt 0.11401560 0.38206571
vt 0.11229240 0.38198990
vt 0.11281710 0.38120830
vt 0.11331640 0.38046420
vt 0.11385700 0.37965819
vt 0.11588740 0.37961930
vt 0.11454380 0.37863371
vt 0.11716430 0.38067031
vt 0.11249840 0.37882259
vt 0.11068400 0.37890941
vt 0.11110880 0.37807679
vt 0.11202160 0.37964711
vt 0.11027390 0.37971309
vt 0.10968970 0.37739009
vt 0.10930240 0.37825939
vt 0.11312190 0.37776569
vt 0.11157000 0.38042429
vt 0.11108920 0.38123631
vt 0.10856240 0.37994549
vt 0.10893820 0.37908050
vt 0.10724800 0.37941280
vt 0.10757300 0.37853080
vt 0.10788240 0.37769109
vt 0.10821720 0.37678149
vt 0.11017850 0.37626529
vt 0.10864220 0.37562540
vt 0.11166570 0.37698480
vt 0.10670180 0.37629089
vt 0.10496180 0.37680259
vt 0.10517770 0.37589461
vt 0.10643340 0.37720320
vt 0.10475300 0.37767890
vt 0.10363900 0.37556249
vt 0.10346790 0.37649730
vt 0.10705790 0.37511828
vt 0.10617820 0.37806371
vt 0.10590300 0.37896499
vt 0.10314700 0.37830770
vt 0.10330790 0.37737981
vt 0.10174620 0.37810051
vt 0.10185380 0.37716809
vt 0.10195610 0.37628031
vt 0.10206680 0.37531879
vt 0.10384830 0.37435600
vt 0.10220700 0.37409690
vt 0.10546080 0.37470370
vt 0.10048070 0.37519950
vt 0.09891253 0.37610591
vt 0.09890836 0.37517381
vt 0.10043510 0.37614811
vt 0.09891635 0.37700561
vt 0.09733670 0.37521371
vt 0.09739071 0.37616140
vt 0.10055020 0.37397781
vt 0.10039020 0.37704331
vt 0.10033540 0.37798279
vt 0.09750574 0.37799421
vt 0.09744328 0.37705571
vt 0.09609705 0.37812319
vt 0.09598183 0.37719259
vt 0.09587210 0.37630671
vt 0.09575307 0.37534711
vt 0.09725594 0.37399331
vt 0.09560173 0.37412801
vt 0.09890270 0.37395141
vt 0.09141087 0.37726641
vt 0.09309142 0.37772691
vt 0.09167259 0.37812260
vt 0.09113526 0.37635860
vt 0.09287577 0.37685400
vt 0.09436422 0.37653649
vt 0.09453141 0.37741631
vt 0.09418517 0.37560469
vt 0.09195446 0.37901929
vt 0.09076952 0.37519231
vt 0.09235906 0.37476400
vt 0.09265220 0.37594980
vt 0.09396511 0.37440211
vt 0.09469962 0.37834141
vt 0.09331762 0.37864250
vt 0.08852791 0.38157520
vt 0.08796834 0.38326821
vt 0.08734905 0.38223371
vt 0.09023600 0.38208720
vt 0.08908385 0.38264260
vt 0.08860939 0.38433930
vt 0.09074616 0.38322639
vt 0.08966010 0.38374889
vt 0.08621078 0.38296160
vt 0.08803898 0.38063639
vt 0.08974331 0.38098669
vt 0.09099227 0.38047120
vt 0.09141904 0.38160110
vt 0.09186029 0.38276970
vt 0.09224772 0.38379589
vt 0.09119409 0.38422710
vt 0.09016633 0.38472089
vt 0.08917254 0.38528001
vt 0.08821529 0.38589621
vt 0.08759647 0.38499039
vt 0.08689194 0.38395891
vt 0.08407592 0.38461569
vt 0.08393144 0.38639378
vt 0.08308511 0.38553399
vt 0.08585697 0.38471049
vt 0.08486825 0.38552231
vt 0.08480775 0.38728371
vt 0.08662164 0.38569739
vt 0.08568954 0.38646159
vt 0.08214986 0.38651040
vt 0.08337932 0.38381839
vt 0.08511847 0.38375711
vt 0.08729332 0.38656419
vt 0.08641123 0.38728681
vt 0.08557760 0.38806501
vt 0.08479291 0.38889030
vt 0.08397692 0.38815609
vt 0.08304786 0.38731971
vt 0.08046227 0.38862449
vt 0.08074313 0.39039129
vt 0.07971370 0.38975409
vt 0.08221870 0.38829541
vt 0.08144861 0.38931969
vt 0.08180862 0.39104870
vt 0.08319634 0.38907430
vt 0.08247095 0.39003891
vt 0.07903218 0.39092961
vt 0.07959550 0.38801211
vt 0.08127474 0.38754219
vt 0.08405482 0.38975781
vt 0.08336889 0.39066970
vt 0.08274382 0.39162460
vt 0.08217883 0.39261439
vt 0.08120888 0.39209700
vt 0.08010250 0.39150539
vt 0.07788407 0.39340991
vt 0.07860237 0.39508119
vt 0.07742148 0.39471471
vt 0.07952797 0.39265820
vt 0.07902526 0.39384970
vt 0.07981336 0.39544579
vt 0.08067119 0.39317951
vt 0.08020269 0.39429629
vt 0.07704085 0.39607030
vt 0.07688015 0.39301431
vt 0.07842165 0.39214900
vt 0.08167177 0.39363459
vt 0.08123016 0.39468500
vt 0.08086389 0.39576149
vt 0.08057570 0.39685360
vt 0.07950824 0.39662170
vt 0.07826554 0.39635241
vt 0.12147760 0.39891151
vt 0.07659852 0.39898261
vt 0.12002880 0.39759371
vt 0.12130860 0.39740869
vt 0.07803076 0.39766189
vt 0.12014040 0.39895019
vt 0.07792890 0.39901230
vt 0.11875280 0.39775631
vt 0.07930135 0.39781481
vt 0.07921707 0.39901769
vt 0.11884580 0.39896411
vt 0.12101290 0.39598680
vt 0.07536256 0.39890209
vt 0.12271980 0.39882231
vt 0.07675653 0.39748660
vt 0.08037394 0.39794859
vt 0.08027654 0.39903119
vt 0.11778180 0.39898470
vt 0.11767600 0.39789861
vt 0.11746510 0.39680001
vt 0.11853640 0.39655879
vt 0.11978360 0.39627910
vt 0.12014590 0.39331779
vt 0.11848720 0.39257410
vt 0.11959600 0.39205381
vt 0.11943580 0.39500359
vt 0.11900160 0.39376840
vt 0.11734180 0.39310679
vt 0.11822120 0.39537919
vt 0.11782120 0.39422631
vt 0.11897290 0.39083210
vt 0.12115240 0.39291269
vt 0.12062050 0.39462650
vt 0.11716750 0.39570451
vt 0.11679130 0.39462480
vt 0.11633920 0.39357179
vt 0.11582140 0.39254969
vt 0.11679280 0.39202210
vt 0.11790090 0.39141899
vt 0.11751750 0.38852471
vt 0.11574900 0.38820690
vt 0.11669240 0.38744250
vt 0.11724840 0.39030340
vt 0.11653090 0.38923109
vt 0.11477170 0.38899729
vt 0.11618170 0.39097241
vt 0.11550810 0.38996181
vt 0.11580480 0.38641170
vt 0.11838450 0.38790229
vt 0.11827880 0.38965499
vt 0.11524540 0.39155850
vt 0.11460970 0.39060280
vt 0.11391330 0.38969079
vt 0.11316500 0.38882381
vt 0.11398010 0.38807979
vt 0.11490800 0.38723209
vt 0.11385440 0.38452190
vt 0.11206560 0.38463029
vt 0.11280030 0.38366711
vt 0.11401300 0.38630781
vt 0.11306500 0.38543871
vt 0.11130440 0.38562730
vt 0.11313870 0.38720870
vt 0.11224650 0.38638869
vt 0.11169700 0.38287631
vt 0.11454830 0.38371530
vt 0.11485720 0.38543731
vt 0.11237030 0.38799951
vt 0.11152700 0.38722301
vt 0.11063560 0.38650280
vt 0.10970470 0.38583800
vt 0.11032010 0.38492400
vt 0.11102040 0.38388300
vt 0.10936000 0.38150191
vt 0.10764980 0.38202840
vt 0.10813590 0.38092071
vt 0.10993430 0.38319731
vt 0.10880990 0.38257739
vt 0.10714600 0.38317499
vt 0.10929840 0.38427720
vt 0.10823940 0.38369191
vt 0.10687910 0.38041320
vt 0.10984340 0.38055590
vt 0.11054840 0.38215399
vt 0.10873930 0.38522551
vt 0.10773770 0.38467091
vt 0.10670320 0.38418201
vt 0.10564340 0.38375619
vt 0.10602520 0.38272449
vt 0.10645960 0.38154939
vt 0.10428760 0.37963009
vt 0.10275220 0.38054401
vt 0.10296290 0.37935451
vt 0.10524430 0.38113990
vt 0.10400720 0.38080329
vt 0.10253350 0.38177529
vt 0.10488150 0.38233760
vt 0.10371620 0.38201910
vt 0.10162380 0.37915820
vt 0.10453390 0.37859821
vt 0.10559440 0.37998280
vt 0.10456230 0.38338950
vt 0.10346010 0.38308731
vt 0.10234120 0.38285670
vt 0.10121270 0.38269341
vt 0.10134000 0.38160229
vt 0.10148450 0.38035971
vt 0.09892439 0.37900901
vt 0.09764969 0.38025799
vt 0.09757369 0.37905371
vt 0.10020860 0.38024870
vt 0.09892886 0.38021371
vt 0.09772801 0.38150471
vt 0.10013900 0.38149661
vt 0.09893316 0.38146231
vt 0.09622752 0.37917879
vt 0.09892022 0.37794951
vt 0.10027570 0.37904340
vt 0.10007740 0.38259259
vt 0.09893673 0.38255939
vt 0.09779667 0.38259971
vt 0.09666270 0.38270751
vt 0.09652858 0.38161841
vt 0.09637564 0.38037810
vt 0.09357142 0.37967041
vt 0.09262806 0.38118389
vt 0.09227025 0.38003230
vt 0.09511089 0.38057131
vt 0.09385997 0.38083920
vt 0.09299832 0.38237611
vt 0.09533768 0.38179931
vt 0.09415882 0.38205060
vt 0.09489172 0.37938511
vt 0.09553670 0.38287801
vt 0.09442138 0.38311499
vt 0.09332346 0.38342330
vt 0.09166651 0.38528380
vt 0.09050762 0.38537630
vt 0.09149610 0.38490281
vt 0.09179538 0.38557220
vt 0.09069943 0.38574451
vt 0.08976751 0.38627270
vt 0.08955305 0.38591480
vt 0.08992999 0.38654360
vt 0.09250962 0.38448960
vt 0.09265768 0.38488191
vt 0.09276908 0.38517699
vt 0.09293168 0.38560751
vt 0.09198457 0.38599521
vt 0.09084564 0.38602510
vt 0.09106099 0.38643870
vt 0.08930724 0.38749400
vt 0.08904796 0.38711470
vt 0.08887010 0.38685441
vt 0.08863353 0.38650829
vt 0.09254926 0.38725859
vt 0.09136325 0.38701901
vt 0.09225064 0.38659051
vt 0.09283256 0.38789231
vt 0.09170186 0.38766930
vt 0.09087955 0.38812819
vt 0.09050351 0.38750070
vt 0.09123635 0.38872361
vt 0.09341925 0.38689911
vt 0.09316134 0.38621589
vt 0.09366399 0.38754731
vt 0.09386235 0.38807219
vt 0.09306168 0.38840550
vt 0.09202301 0.38828590
vt 0.09152549 0.38920540
vt 0.09079337 0.38967031
vt 0.09047704 0.38920701
vt 0.09008634 0.38863501
vt 0.08967506 0.38803279
vt 0.09016793 0.38694111
vt 0.08800220 0.38747960
vt 0.08689790 0.38784310
vt 0.08774656 0.38714960
vt 0.08819568 0.38772950
vt 0.08717131 0.38815570
vt 0.08639061 0.38888910
vt 0.08609753 0.38859201
vt 0.08661252 0.38911390
vt 0.08768653 0.38874471
vt 0.08737963 0.38839379
vt 0.08693778 0.38944382
vt 0.08623290 0.39018539
vt 0.08589076 0.38987771
vt 0.08565622 0.38966680
vt 0.08534443 0.38938630
vt 0.08932560 0.38918900
vt 0.08811688 0.38923651
vt 0.08887696 0.38860950
vt 0.08975052 0.38973799
vt 0.08859950 0.38978821
vt 0.08790928 0.39042818
vt 0.08739548 0.38990751
vt 0.08839648 0.39092210
vt 0.08847987 0.38809621
vt 0.09009402 0.39018261
vt 0.08905702 0.39031130
vt 0.08879119 0.39132169
vt 0.08819043 0.39194611
vt 0.08777356 0.39157110
vt 0.08725863 0.39110789
vt 0.08671581 0.39061969
vt 0.08496057 0.39047921
vt 0.08397400 0.39109459
vt 0.08463400 0.39021921
vt 0.08520758 0.39067611
vt 0.08431386 0.39133319
vt 0.08373004 0.39223120
vt 0.08337467 0.39201251
vt 0.08399897 0.39239669
vt 0.08556997 0.39096460
vt 0.08457273 0.39151499
vt 0.08439308 0.39263949
vt 0.08388549 0.39352641
vt 0.08348059 0.39330959
vt 0.08320283 0.39316109
vt 0.08283323 0.39296371
vt 0.08665150 0.39182651
vt 0.08548897 0.39215890
vt 0.08607953 0.39137071
vt 0.08719390 0.39225891
vt 0.08608818 0.39258021
vt 0.08556944 0.39336491
vt 0.08494752 0.39298111
vt 0.08615928 0.39372921
vt 0.08763277 0.39260921
vt 0.08665627 0.39297989
vt 0.08663702 0.39402410
vt 0.08620083 0.39477250
vt 0.08570766 0.39450631
vt 0.08509862 0.39417809
vt 0.08445674 0.39383289
vt 0.08495408 0.39178300
vt 0.08272343 0.39411470
vt 0.08191877 0.39494729
vt 0.08234483 0.39394161
vt 0.08300960 0.39424610
vt 0.08230435 0.39509520
vt 0.08195948 0.39609849
vt 0.08156597 0.39597601
vt 0.08225643 0.39619210
vt 0.08342897 0.39443880
vt 0.08259761 0.39520839
vt 0.08269125 0.39633131
vt 0.08241289 0.39729241
vt 0.08198016 0.39718279
vt 0.08168268 0.39710981
vt 0.08128529 0.39701509
vt 0.08467912 0.39501780
vt 0.08363127 0.39561120
vt 0.08401775 0.39471081
vt 0.08530652 0.39531010
vt 0.08430969 0.39587921
vt 0.08399027 0.39675689
vt 0.08330351 0.39652970
vt 0.08464348 0.39697549
vt 0.08581465 0.39554781
vt 0.08495289 0.39613491
vt 0.08517426 0.39715341
vt 0.08491808 0.39798030
vt 0.08437997 0.39783019
vt 0.08372020 0.39764610
vt 0.08303052 0.39745739
vt 0.08302956 0.39537600
vt 0.08146852 0.39811429
vt 0.08095681 0.39905921
vt 0.11709920 0.39901781
vt 0.08107775 0.39805010
vt 0.08176302 0.39816731
vt 0.11672460 0.39904761
vt 0.08133053 0.39908621
vt 0.11657780 0.39807370
vt 0.11696970 0.39800611
vt 0.11628240 0.39812949
vt 0.08219474 0.39825159
vt 0.08161187 0.39912051
vt 0.11644270 0.39908430
vt 0.11584920 0.39821821
vt 0.11562150 0.39725581
vt 0.11605600 0.39714199
vt 0.11635440 0.39706609
vt 0.11675320 0.39696780
vt 0.08349508 0.39854321
vt 0.11543730 0.39927840
vt 0.08261477 0.39930159
vt 0.08280307 0.39838371
vt 0.08416277 0.39869899
vt 0.11474890 0.39942840
vt 0.08330130 0.39944661
vt 0.11454730 0.39852089
vt 0.11524020 0.39835489
vt 0.11387680 0.39868420
vt 0.08471071 0.39882359
vt 0.11406910 0.39957461
vt 0.08397942 0.39958629
vt 0.11332700 0.39881489
vt 0.11311020 0.39796940
vt 0.11364970 0.39781341
vt 0.11431100 0.39762241
vt 0.11500550 0.39742509
vt 0.11602950 0.39915800
vt 0.08202499 0.39919031
vt 0.11606880 0.39605170
vt 0.11610120 0.39489371
vt 0.11646340 0.39592549
vt 0.11577090 0.39614791
vt 0.11571470 0.39504540
vt 0.11528550 0.39406279
vt 0.11566490 0.39388570
vt 0.11499870 0.39419711
vt 0.11533490 0.39629120
vt 0.11542090 0.39516139
vt 0.11457840 0.39439419
vt 0.11411270 0.39347971
vt 0.11451790 0.39325881
vt 0.11479590 0.39310721
vt 0.11516610 0.39290580
vt 0.11403200 0.39673081
vt 0.11438200 0.39557609
vt 0.11472120 0.39649621
vt 0.11337700 0.39695641
vt 0.11370270 0.39585081
vt 0.11332410 0.39498711
vt 0.11398700 0.39467311
vt 0.11269520 0.39528629
vt 0.11284470 0.39714021
vt 0.11305810 0.39611352
vt 0.11218570 0.39552960
vt 0.11179070 0.39475200
vt 0.11228510 0.39448029
vt 0.11289530 0.39414540
vt 0.11353770 0.39379370
vt 0.11498840 0.39533320
vt 0.11425780 0.39217630
vt 0.11400420 0.39103469
vt 0.11461370 0.39195350
vt 0.11398840 0.39234480
vt 0.11366410 0.39127719
vt 0.11300760 0.39042279
vt 0.11333420 0.39015901
vt 0.11276060 0.39062259
vt 0.11359320 0.39259249
vt 0.11340500 0.39146200
vt 0.11239810 0.39091530
vt 0.11172600 0.39013609
vt 0.11206790 0.38982430
vt 0.11230230 0.38961059
vt 0.11261400 0.38932639
vt 0.11241620 0.39333019
vt 0.11248830 0.39211601
vt 0.11304020 0.39293861
vt 0.11182490 0.39370129
vt 0.11188840 0.39254430
vt 0.11131610 0.39178991
vt 0.11188840 0.39132741
vt 0.11077330 0.39222869
vt 0.11134600 0.39400169
vt 0.11131940 0.39295059
vt 0.11033390 0.39258429
vt 0.10976820 0.39192060
vt 0.11018530 0.39154050
vt 0.11070030 0.39107099
vt 0.11124310 0.39057630
vt 0.11302320 0.39173421
vt 0.11155860 0.38883361
vt 0.11104170 0.38778541
vt 0.11185130 0.38853291
vt 0.11133700 0.38906121
vt 0.11076890 0.38810131
vt 0.10992950 0.38742709
vt 0.11018420 0.38709390
vt 0.10973690 0.38767940
vt 0.11025480 0.38869679
vt 0.11056110 0.38834211
vt 0.10945400 0.38804930
vt 0.10861760 0.38745111
vt 0.10887610 0.38706779
vt 0.10905320 0.38680509
vt 0.10928870 0.38645571
vt 0.11004140 0.39039150
vt 0.10982490 0.38919449
vt 0.11055480 0.38986450
vt 0.10955440 0.39089149
vt 0.10934310 0.38975221
vt 0.10860930 0.38915428
vt 0.10905610 0.38857001
vt 0.10818530 0.38970840
vt 0.11101220 0.38939500
vt 0.10915970 0.39129600
vt 0.10888610 0.39028099
vt 0.10784230 0.39015740
vt 0.10713640 0.38964570
vt 0.10745210 0.38917831
vt 0.10784170 0.38860121
vt 0.10825220 0.38799280
vt 0.10814840 0.38622621
vt 0.10739920 0.38533121
vt 0.10836140 0.38586539
vt 0.10798700 0.38649911
vt 0.10720890 0.38570210
vt 0.10623570 0.38524520
vt 0.10640430 0.38486189
vt 0.10610810 0.38553539
vt 0.10775060 0.38689911
vt 0.10706380 0.38598490
vt 0.10592060 0.38596079
vt 0.10496890 0.38557619
vt 0.10512920 0.38514411
vt 0.10523900 0.38484770
vt 0.10538520 0.38445339
vt 0.10704170 0.38809660
vt 0.10655090 0.38698381
vt 0.10741570 0.38746500
vt 0.10668650 0.38869640
vt 0.10621380 0.38763949
vt 0.10536090 0.38723189
vt 0.10565710 0.38655969
vt 0.10507950 0.38786930
vt 0.10639840 0.38918200
vt 0.10589430 0.38826060
vt 0.10485200 0.38838550
vt 0.10404700 0.38805461
vt 0.10424350 0.38752711
vt 0.10448590 0.38687581
vt 0.10474080 0.38619009
vt 0.10684970 0.38640189
vt 0.10422460 0.38449970
vt 0.10328720 0.38380760
vt 0.10434630 0.38409939
vt 0.10413220 0.38480270
vt 0.10318990 0.38421240
vt 0.10213820 0.38399830
vt 0.10221150 0.38358670
vt 0.10208270 0.38430980
vt 0.10399710 0.38524711
vt 0.10311570 0.38452080
vt 0.10200110 0.38476649
vt 0.10098760 0.38461780
vt 0.10104110 0.38416091
vt 0.10107790 0.38384750
vt 0.10112660 0.38343069
vt 0.10359150 0.38657370
vt 0.10285350 0.38560989
vt 0.10380600 0.38587201
vt 0.10338780 0.38723919
vt 0.10268090 0.38632521
vt 0.10175780 0.38613081
vt 0.10188670 0.38540930
vt 0.10163520 0.38681501
vt 0.10322230 0.38777789
vt 0.10251710 0.38700271
vt 0.10153610 0.38736901
vt 0.10067800 0.38723779
vt 0.10074420 0.38668031
vt 0.10082560 0.38599181
vt 0.10091110 0.38526690
vt 0.10300630 0.38497570
vt 0.10001170 0.38374931
vt 0.09893894 0.38329920
vt 0.10003530 0.38333231
vt 0.09999364 0.38406500
vt 0.09894013 0.38371491
vt 0.09786921 0.38375580
vt 0.09784317 0.38333890
vt 0.09788900 0.38407129
vt 0.09996736 0.38452789
vt 0.09894102 0.38403171
vt 0.09791773 0.38453469
vt 0.09689843 0.38463000
vt 0.09684288 0.38417149
vt 0.09680444 0.38385901
vt 0.09675329 0.38344321
vt 0.09988719 0.38590980
vt 0.09894394 0.38514930
vt 0.09992957 0.38517889
vt 0.09984683 0.38660309
vt 0.09894555 0.38588381
vt 0.09800422 0.38591340
vt 0.09795856 0.38518181
vt 0.09804743 0.38660631
vt 0.09981364 0.38716420
vt 0.09894698 0.38657951
vt 0.09808272 0.38716701
vt 0.09721958 0.38724369
vt 0.09715133 0.38668719
vt 0.09706699 0.38599989
vt 0.09697800 0.38527641
vt 0.09894233 0.38449880
vt 0.09574645 0.38401720
vt 0.09459835 0.38383281
vt 0.09567075 0.38360640
vt 0.09580373 0.38432831
vt 0.09469777 0.38423619
vt 0.09366697 0.38452840
vt 0.09354323 0.38413000
vt 0.09376078 0.38482979
vt 0.09588646 0.38478139
vt 0.09477341 0.38454351
vt 0.09389805 0.38527161
vt 0.09613680 0.38614300
vt 0.09504091 0.38562879
vt 0.09600448 0.38542330
vt 0.09626233 0.38682559
vt 0.09521669 0.38634169
vt 0.09430974 0.38659409
vt 0.09409254 0.38589650
vt 0.09451586 0.38725659
vt 0.09636360 0.38737801
vt 0.09538316 0.38701671
vt 0.09468322 0.38779288
vt 0.09488505 0.38499641
vt 0.09245198 0.38910991
vt 0.09181207 0.38968310
vt 0.09171396 0.38951889
vt 0.09328866 0.38891441
vt 0.09253954 0.38927799
vt 0.09099960 0.38997230
vt 0.09228295 0.38878521
vt 0.09321039 0.38873970
vt 0.09399163 0.38841441
vt 0.09405994 0.38859519
vt 0.09110850 0.39013189
vt 0.08966809 0.39101020
vt 0.08918231 0.39171770
vt 0.08904826 0.39158139
vt 0.09043437 0.39062330
vt 0.08979272 0.39115271
vt 0.08846211 0.39219061
vt 0.08942741 0.39073491
vt 0.09031724 0.39047211
vt 0.08860558 0.39231959
vt 0.08741521 0.39351389
vt 0.08711075 0.39431629
vt 0.08694821 0.39421570
vt 0.08806765 0.39295650
vt 0.08757001 0.39362291
vt 0.08652251 0.39494601
vt 0.08711612 0.39330351
vt 0.08791810 0.39283749
vt 0.08669239 0.39503771
vt 0.08581387 0.39647821
vt 0.08570235 0.39733019
vt 0.08552086 0.39726910
vt 0.08631885 0.39578369
vt 0.08598989 0.39654830
vt 0.08527046 0.39807820
vt 0.08547431 0.39634281
vt 0.08614546 0.39570290
vt 0.08545708 0.39812979
vt 0.11312690 0.39974600
vt 0.08491861 0.39974800
vt 0.11277910 0.39893970
vt 0.11296720 0.39889771
vt 0.08525693 0.39894241
vt 0.11293360 0.39976960
vt 0.08511102 0.39976960
vt 0.11275690 0.39807120
vt 0.08454573 0.39969090
vt 0.11350100 0.39968511
vt 0.08506935 0.39890251
vt 0.11256980 0.39812490
vt 0.11219470 0.39646661
vt 0.11167990 0.39577150
vt 0.11185390 0.39568871
vt 0.11231500 0.39732310
vt 0.11201810 0.39653879
vt 0.11146810 0.39492929
vt 0.11253520 0.39632711
vt 0.11249700 0.39725989
vt 0.11129770 0.39502290
vt 0.11055910 0.39349350
vt 0.10989850 0.39293680
vt 0.11004820 0.39281601
vt 0.11087110 0.39429930
vt 0.11040390 0.39360431
vt 0.10949640 0.39216840
vt 0.11085860 0.39327961
vt 0.11103410 0.39419681
vt 0.10935280 0.39229920
vt 0.10827540 0.39098761
vt 0.10750220 0.39060250
vt 0.10761930 0.39044979
vt 0.10876850 0.39169690
vt 0.10815070 0.39113179
vt 0.10693060 0.38995040
vt 0.10851600 0.39070919
vt 0.10890260 0.39155901
vt 0.10682180 0.39011139
vt 0.10546710 0.38909009
vt 0.10462620 0.38889721
vt 0.10470410 0.38872170
vt 0.10611240 0.38966331
vt 0.10537990 0.38925931
vt 0.10391870 0.38839850
vt 0.10563550 0.38876331
vt 0.10621040 0.38949779
vt 0.10385090 0.38858011
vt 0.10229780 0.38790730
vt 0.10143760 0.38791800
vt 0.10147180 0.38772950
vt 0.10305790 0.38831180
vt 0.10225300 0.38809180
vt 0.10063480 0.38760120
vt 0.10238430 0.38755101
vt 0.10311410 0.38812831
vt 0.10061190 0.38779309
vt 0.09894853 0.38750821
vt 0.09811764 0.38772261
vt 0.09810596 0.38753179
vt 0.09978044 0.38772020
vt 0.09894883 0.38769761
vt 0.09726411 0.38760650
vt 0.09894800 0.38714239
vt 0.09979158 0.38752931
vt 0.09728765 0.38779801
vt 0.09560567 0.38791820
vt 0.09484934 0.38832450
vt 0.09479260 0.38814181
vt 0.09646385 0.38792551
vt 0.09565109 0.38810211
vt 0.09551799 0.38756311
vt 0.09642910 0.38773760
vt 0.08457368 0.45037490
vt 0.08384799 0.44766870
vt 0.08457225 0.44766810
vt 0.08384901 0.45037511
vt 0.08312398 0.44766921
vt 0.08456856 0.44518799
vt 0.08312237 0.44519061
vt 0.08384525 0.44518951
vt 0.08529889 0.45319489
vt 0.08529812 0.45037460
vt 0.08384937 0.45319521
vt 0.08457428 0.45319501
vt 0.08312445 0.45319521
vt 0.08239984 0.45319521
vt 0.08312439 0.45037529
vt 0.08240014 0.45037529
vt 0.08239996 0.44519100
vt 0.08239871 0.44305429
vt 0.08311891 0.44305310
vt 0.08383983 0.44305101
vt 0.08456116 0.44304779
vt 0.08528292 0.44304389
vt 0.08529192 0.44518599
vt 0.08529633 0.44766730
vt 0.07169389 0.43700111
vt 0.08674544 0.44766551
vt 0.07097148 0.43429211
vt 0.07169634 0.43429321
vt 0.08674752 0.45037389
vt 0.07096904 0.43700060
vt 0.08602064 0.44766641
vt 0.07170158 0.43181041
vt 0.08674067 0.44518131
vt 0.07097673 0.43180779
vt 0.07241725 0.43982181
vt 0.07241845 0.43700150
vt 0.07169258 0.43982160
vt 0.08602350 0.45319459
vt 0.08674836 0.45319441
vt 0.07096767 0.43982121
vt 0.08602261 0.45037430
vt 0.08601588 0.44518369
vt 0.08600586 0.44303891
vt 0.07098710 0.42965960
vt 0.08673083 0.44303319
vt 0.07171207 0.42966551
vt 0.07242554 0.43181279
vt 0.07243502 0.42967060
vt 0.07242065 0.43429419
vt 0.07459223 0.43700251
vt 0.07386898 0.43429589
vt 0.07459306 0.43429640
vt 0.07386755 0.43700230
vt 0.07314479 0.43429509
vt 0.07459509 0.43181771
vt 0.07314896 0.43181491
vt 0.07387220 0.43181661
vt 0.07459169 0.43982261
vt 0.07531648 0.43700269
vt 0.07531630 0.43982270
vt 0.07314187 0.43982211
vt 0.07386678 0.43982241
vt 0.07314288 0.43700200
vt 0.07315665 0.42967480
vt 0.07387810 0.42967799
vt 0.07459890 0.42968041
vt 0.07531750 0.43181840
vt 0.07531923 0.42968151
vt 0.07531672 0.43429670
vt 0.07676535 0.43700251
vt 0.07748830 0.43429580
vt 0.07749003 0.43700221
vt 0.07604038 0.43429670
vt 0.07676428 0.43429640
vt 0.07748514 0.43181711
vt 0.07676237 0.43181801
vt 0.07821559 0.43982229
vt 0.07821440 0.43700180
vt 0.07749086 0.43982249
vt 0.07676589 0.43982261
vt 0.07604080 0.43700260
vt 0.07604098 0.43982270
vt 0.07603979 0.43181860
vt 0.07603925 0.42968169
vt 0.07675969 0.42968109
vt 0.07748031 0.42967939
vt 0.07820093 0.42967671
vt 0.07820779 0.43181550
vt 0.07821214 0.43429509
vt 0.08042156 0.43699649
vt 0.07974559 0.43428201
vt 0.08064687 0.43426189
vt 0.07967448 0.43699941
vt 0.07894659 0.43429270
vt 0.07991385 0.43177971
vt 0.08121609 0.43171471
vt 0.07896262 0.43180960
vt 0.08111506 0.43982100
vt 0.07096767 0.42252371
vt 0.08117228 0.43699610
vt 0.07262754 0.42054060
vt 0.08039039 0.43982130
vt 0.07966536 0.43982169
vt 0.07894027 0.43700120
vt 0.07894033 0.43982199
vt 0.07897907 0.42966750
vt 0.08010762 0.42962331
vt 0.08199214 0.42950481
vt 0.08274191 0.43168840
vt 0.07639443 0.41717160
vt 0.08567738 0.42921469
vt 0.07981169 0.41592589
vt 0.08157944 0.43425941
vt 0.07436048 0.41872230
vt 0.07425165 0.42180342
vt 0.07566905 0.41962731
vt 0.07626891 0.42005691
vt 0.07371228 0.42137620
vt 0.07503414 0.41917780
vt 0.07830077 0.41830420
vt 0.07899761 0.41874450
vt 0.07744842 0.41777739
vt 0.07301992 0.42420590
vt 0.07478594 0.42224190
vt 0.07251274 0.42377842
vt 0.07200038 0.42335680
vt 0.07317042 0.42095551
vt 0.07148474 0.42293930
vt 0.08141398 0.41694871
vt 0.08242499 0.41751799
vt 0.08313953 0.41795281
vt 0.07959455 0.41918111
vt 0.08368808 0.41839290
vt 0.07684183 0.42049310
vt 0.07632619 0.42364910
vt 0.07792162 0.42146611
vt 0.07841277 0.42199731
vt 0.07582741 0.42316651
vt 0.07739496 0.42096251
vt 0.08064085 0.42020479
vt 0.08108067 0.42078030
vt 0.08014231 0.41966820
vt 0.07497870 0.42599040
vt 0.07680553 0.42413971
vt 0.07450038 0.42553371
vt 0.07401436 0.42508340
vt 0.07531255 0.42269641
vt 0.07352066 0.42464069
vt 0.08416283 0.41888899
vt 0.08457624 0.41943699
vt 0.08492255 0.42002639
vt 0.08145409 0.42138371
vt 0.08519643 0.42064649
vt 0.07886087 0.42254749
vt 0.11769680 0.41139230
vt 0.11582740 0.40949020
vt 0.11807190 0.41083449
vt 0.11523550 0.41071910
vt 0.07926148 0.42310750
vt 0.11550820 0.41010901
vt 0.11314740 0.40847239
vt 0.11277440 0.40978399
vt 0.08175683 0.42200539
vt 0.11292670 0.40913239
vt 0.12013230 0.41236520
vt 0.11847080 0.41027850
vt 0.12052390 0.41185400
vt 0.11975070 0.41288340
vt 0.07726341 0.42463249
vt 0.11734260 0.41194621
vt 0.07545065 0.42645201
vt 0.11937510 0.41340810
vt 0.08539468 0.42128831
vt 0.10923530 0.40911350
vt 0.10927840 0.40845719
vt 0.10939590 0.40779612
vt 0.10958930 0.40714261
vt 0.11343890 0.40781799
vt 0.11619570 0.40887421
vt 0.11933560 0.40919489
vt 0.11756050 0.40714571
vt 0.11979550 0.40867591
vt 0.11889280 0.40973041
vt 0.11706870 0.40769330
vt 0.11471000 0.40600789
vt 0.11661130 0.40827221
vt 0.11422650 0.40657461
vt 0.12176700 0.41037169
vt 0.12026770 0.40817589
vt 0.12220250 0.40989631
vt 0.12134130 0.41085660
vt 0.12092670 0.41135091
vt 0.11380030 0.40718159
vt 0.10985880 0.40650859
vt 0.11020040 0.40590471
vt 0.11060930 0.40534139
vt 0.11107980 0.40482971
vt 0.11524120 0.40549210
vt 0.11807750 0.40663549
vt 0.12123250 0.40722680
vt 0.11975820 0.40520841
vt 0.12171830 0.40676761
vt 0.12074790 0.40769449
vt 0.11917170 0.40569410
vt 0.11731320 0.40399539
vt 0.11861310 0.40616080
vt 0.11649510 0.40455699
vt 0.12355150 0.40851250
vt 0.07654434 0.45036769
vt 0.12220310 0.40631551
vt 0.07660102 0.45319271
vt 0.12400780 0.40805861
vt 0.12309690 0.40896860
vt 0.12264640 0.40942910
vt 0.11582050 0.40502760
vt 0.11162450 0.40437311
vt 0.11233540 0.40391809
vt 0.11333770 0.40332100
vt 0.11490820 0.40226039
vt 0.07204002 0.44258571
vt 0.11831340 0.40335012
vt 0.07497531 0.44505969
vt 0.07613754 0.44763100
vt 0.12037580 0.40471721
vt 0.07804208 0.45037130
vt 0.07877045 0.44766471
vt 0.07877635 0.45037320
vt 0.07729506 0.45036828
vt 0.07797145 0.44765401
vt 0.07875490 0.44518161
vt 0.07707023 0.44763359
vt 0.07780373 0.44515151
vt 0.07877582 0.45319399
vt 0.07950216 0.45037401
vt 0.07950055 0.45319441
vt 0.07805079 0.45319360
vt 0.07732570 0.45319301
vt 0.07650136 0.44508630
vt 0.07572561 0.44287631
vt 0.07761025 0.44299510
vt 0.07873880 0.44303960
vt 0.07951688 0.44304889
vt 0.07950973 0.44518760
vt 0.07950496 0.44766721
vt 0.08167767 0.44519100
vt 0.08095276 0.44766879
vt 0.08095508 0.44519049
vt 0.08167582 0.45037511
vt 0.08167672 0.44766921
vt 0.08023232 0.44518939
vt 0.08095121 0.45037490
vt 0.08022874 0.44766810
vt 0.08167862 0.44305429
vt 0.08240032 0.44766930
vt 0.08167517 0.45319521
vt 0.08095020 0.45319501
vt 0.08022522 0.45319471
vt 0.08022660 0.45037439
vt 0.08023756 0.44305161
vt 0.08095818 0.44305340
vt 0.08383208 0.44133750
vt 0.12926979 0.36924329
vt 0.08453822 0.44001281
vt 0.08455020 0.44133359
vt 0.12852220 0.37070560
vt 0.08311092 0.44002071
vt 0.08382463 0.44001821
vt 0.12893230 0.36999330
vt 0.12798980 0.36951190
vt 0.12825880 0.36887401
vt 0.08526897 0.44132781
vt 0.08311432 0.44134110
vt 0.08239686 0.44134319
vt 0.08239507 0.44002160
vt 0.12802000 0.37137419
vt 0.12763040 0.37010402
vt 0.12719551 0.37065521
vt 0.12700459 0.36967361
vt 0.12732659 0.36917290
vt 0.12754410 0.36861959
vt 0.12844931 0.36819899
vt 0.12769710 0.36802751
vt 0.08525365 0.44000539
vt 0.12951741 0.36844239
vt 0.07100719 0.42793420
vt 0.08671116 0.44130769
vt 0.07174974 0.42662290
vt 0.12960020 0.36596951
vt 0.07172936 0.42794550
vt 0.12964161 0.36761311
vt 0.08596879 0.43999621
vt 0.08668160 0.43998301
vt 0.07103705 0.42660949
vt 0.12966220 0.36679020
vt 0.12860380 0.36681691
vt 0.12853549 0.36612821
vt 0.07244926 0.42795461
vt 0.08598899 0.44131890
vt 0.12857009 0.36750820
vt 0.12781620 0.36742780
vt 0.12785990 0.36683551
vt 0.12778650 0.36624619
vt 0.12838010 0.36544430
vt 0.12763740 0.36565331
vt 0.07246494 0.42663220
vt 0.12943460 0.36514750
vt 0.07388621 0.42796460
vt 0.12832689 0.36293721
vt 0.07460755 0.42664799
vt 0.07460391 0.42796829
vt 0.12914710 0.36436000
vt 0.07318031 0.42663971
vt 0.07389390 0.42664531
vt 0.12877220 0.36362791
vt 0.12785511 0.36415610
vt 0.12746650 0.36358279
vt 0.07532137 0.42797059
vt 0.07316809 0.42796049
vt 0.12815580 0.36477971
vt 0.12745480 0.36506969
vt 0.12720969 0.36452800
vt 0.12686311 0.36404410
vt 0.12700440 0.36305401
vt 0.12644820 0.36359200
vt 0.12779170 0.36229461
vt 0.07532340 0.42664900
vt 0.07675629 0.42796880
vt 0.07746660 0.42664650
vt 0.12578639 0.36086619
vt 0.07747393 0.42796710
vt 0.07603919 0.42665011
vt 0.12716870 0.36173820
vt 0.07675296 0.42664960
vt 0.12649730 0.36126861
vt 0.12593190 0.36216229
vt 0.12531801 0.36183211
vt 0.07819193 0.42796391
vt 0.07603877 0.42797041
vt 0.12649180 0.36257339
vt 0.12600820 0.36316231
vt 0.12553270 0.36279741
vt 0.12499310 0.36252871
vt 0.12465750 0.36156729
vt 0.12440420 0.36231720
vt 0.12502579 0.36054239
vt 0.07818239 0.42664170
vt 0.08248609 0.42781261
vt 0.08028417 0.42660421
vt 0.12264760 0.36010191
vt 0.08263945 0.42654571
vt 0.12005230 0.36010191
vt 0.08024209 0.42791229
vt 0.07898098 0.42663270
vt 0.12413200 0.36028311
vt 0.12025430 0.36114180
vt 0.12260930 0.36117831
vt 0.08097219 0.41449490
vt 0.08651942 0.42759439
vt 0.07898575 0.42795309
vt 0.12388770 0.36135769
vt 0.12373830 0.36212790
vt 0.12269770 0.36198351
vt 0.12083130 0.36195949
vt 0.11702970 0.36217061
vt 0.11602040 0.36134780
vt 0.11569970 0.36040029
vt 0.08675038 0.42645201
vt 0.08142733 0.41340810
vt 0.07747608 0.44128409
vt 0.12446590 0.37356681
vt 0.07873737 0.44000471
vt 0.07873237 0.44132510
vt 0.07523196 0.44118410
vt 0.12299250 0.37382200
vt 0.07743412 0.43997601
vt 0.12290040 0.37274900
vt 0.12416800 0.37250590
vt 0.12055030 0.37290299
vt 0.07952618 0.44133601
vt 0.11371630 0.40085009
vt 0.07119834 0.44096509
vt 0.12040060 0.37395141
vt 0.07507872 0.43991721
vt 0.11631150 0.37290880
vt 0.11727820 0.37203759
vt 0.12108550 0.37205800
vt 0.12294820 0.37194061
vt 0.12398020 0.37174430
vt 0.12492630 0.37225789
vt 0.12463570 0.37152180
vt 0.12534550 0.37326309
vt 0.07953596 0.44001371
vt 0.08025175 0.44001871
vt 0.12608890 0.37290150
vt 0.08096188 0.44134119
vt 0.08024424 0.44133931
vt 0.12616921 0.37159970
vt 0.12677871 0.37246391
vt 0.08096545 0.44002199
vt 0.12742560 0.37196121
vt 0.08167922 0.44002250
vt 0.08167940 0.44134280
vt 0.12557261 0.37196040
vt 0.12521321 0.37128100
vt 0.12573861 0.37098551
vt 0.12670770 0.37116110
vt 0.12619521 0.37059709
vt 0.10701310 0.40103960
vt 0.10956800 0.37367019
vt 0.10196650 0.37267879
vt 0.10969710 0.37286931
vt 0.09976905 0.40283501
vt 0.09967195 0.40216979
vt 0.10193620 0.37332580
vt 0.09243512 0.40320259
vt 0.09444713 0.37289610
vt 0.09447288 0.37236229
vt 0.10973120 0.37224221
vt 0.11323820 0.39976960
vt 0.11603860 0.37387061
vt 0.07096767 0.43982270
vt 0.10727960 0.40190551
vt 0.10743890 0.40274441
vt 0.09974706 0.40342841
vt 0.09246301 0.40373710
vt 0.09240853 0.40420631
vt 0.08621007 0.40466070
vt 0.08622878 0.40421179
vt 0.08810055 0.37244350
vt 0.08818054 0.37201360
vt 0.09441566 0.37191090
vt 0.08818995 0.37164229
vt 0.10188550 0.37214831
vt 0.10793370 0.37108702
vt 0.10120320 0.37143919
vt 0.10084380 0.37109789
vt 0.10845320 0.37145829
vt 0.10159410 0.37176189
vt 0.09405100 0.37128869
vt 0.09382015 0.37098020
vt 0.09426325 0.37157550
vt 0.11353420 0.37044570
vt 0.10754000 0.37067369
vt 0.11396400 0.37086511
vt 0.11456920 0.37124440
vt 0.10914740 0.37180939
vt 0.11553720 0.37158009
vt 0.08812302 0.37135991
vt 0.08800286 0.37110600
vt 0.08785563 0.37082741
vt 0.09359526 0.37062469
vt 0.08770364 0.37050569
vt 0.10052970 0.37070921
vt 0.10667490 0.36917439
vt 0.10001400 0.36978930
vt 0.09982717 0.36926490
vt 0.10689600 0.36972451
vt 0.10025090 0.37027210
vt 0.09322285 0.36977571
vt 0.09308421 0.36929539
vt 0.09339416 0.37022120
vt 0.11241750 0.36841240
vt 0.10651100 0.36858881
vt 0.11258270 0.36899599
vt 0.11280840 0.36953849
vt 0.10719130 0.37022221
vt 0.11314040 0.37001261
vt 0.08756619 0.37014020
vt 0.08744847 0.36973670
vt 0.08735215 0.36930221
vt 0.09297978 0.36878830
vt 0.08727866 0.36884379
vt 0.09968763 0.36870980
vt 0.10632950 0.36737809
vt 0.09956294 0.36696670
vt 0.10635730 0.36676681
vt 0.09959238 0.36813590
vt 0.09954869 0.36755210
vt 0.09288400 0.36719179
vt 0.09291088 0.36826289
vt 0.09287869 0.36772779
vt 0.11223920 0.36663479
vt 0.10644980 0.36615989
vt 0.11235770 0.36603770
vt 0.11219200 0.36723000
vt 0.10638810 0.36798730
vt 0.11226910 0.36782211
vt 0.08722949 0.36836868
vt 0.08720499 0.36788481
vt 0.08720541 0.36740020
vt 0.08723092 0.36692321
vt 0.09292650 0.36666361
vt 0.09962922 0.36638871
vt 0.10677710 0.36500621
vt 0.10011310 0.36480010
vt 0.10704700 0.36449429
vt 0.10658390 0.36556670
vt 0.09990078 0.36529419
vt 0.09326845 0.36521181
vt 0.09974062 0.36582729
vt 0.09311974 0.36566529
vt 0.11299900 0.36440310
vt 0.10737240 0.36402580
vt 0.11337050 0.36395070
vt 0.11269130 0.36489329
vt 0.11249330 0.36544660
vt 0.09300535 0.36615199
vt 0.08728152 0.36646181
vt 0.08735615 0.36602309
vt 0.08745360 0.36561429
vt 0.08757263 0.36524260
vt 0.09344905 0.36479881
vt 0.10036960 0.36434960
vt 0.10824500 0.36319569
vt 0.10137940 0.36324170
vt 0.10892050 0.36280870
vt 0.10774490 0.36359319
vt 0.10100540 0.36358571
vt 0.09406799 0.36381209
vt 0.10066360 0.36394540
vt 0.09387069 0.36411169
vt 0.11531380 0.36271611
vt 0.10948170 0.36234531
vt 0.11436400 0.36310059
vt 0.11377870 0.36351019
vt 0.09365582 0.36443231
vt 0.08770841 0.36491361
vt 0.08784139 0.36462700
vt 0.08794832 0.36436489
vt 0.08800011 0.36407611
vt 0.09420275 0.36346650
vt 0.10165070 0.36283880
vt 0.10924670 0.36092520
vt 0.08765798 0.41455030
vt 0.09490442 0.41624591
vt 0.08740639 0.41541761
vt 0.10170450 0.36230299
vt 0.09499502 0.41558170
vt 0.10164120 0.36165771
vt 0.09418255 0.36247781
vt 0.10223090 0.41656521
vt 0.10220360 0.41709799
vt 0.08726149 0.41625509
vt 0.10941590 0.36171931
vt 0.09423625 0.36301050
vt 0.08797043 0.36370340
vt 0.08786660 0.36327761
vt 0.10842160 0.41759139
vt 0.10843470 0.41803780
vt 0.10225890 0.41756409
vt 0.10850320 0.41842970
vt 0.09493190 0.41683629
vt 0.10621600 0.40385649
vt 0.09949040 0.40387270
vt 0.10691260 0.40338981
vt 0.10566580 0.40426180
vt 0.09911495 0.40423101
vt 0.09225720 0.40456080
vt 0.09876179 0.40459251
vt 0.09204930 0.40486640
vt 0.10523860 0.40469640
vt 0.09845530 0.40500119
vt 0.09182983 0.40519839
vt 0.09162455 0.40558320
vt 0.08573937 0.40596428
vt 0.08587783 0.40564600
vt 0.08601766 0.40536380
vt 0.08613717 0.40505639
vt 0.10456930 0.40572581
vt 0.09819275 0.40546370
vt 0.10487590 0.40518650
vt 0.10432320 0.40630421
vt 0.09797626 0.40597180
vt 0.09145081 0.40601862
vt 0.09780913 0.40651569
vt 0.09131377 0.40649560
vt 0.10414150 0.40691149
vt 0.09769427 0.40708581
vt 0.09121543 0.40700451
vt 0.09115755 0.40753621
vt 0.08542799 0.40768710
vt 0.08546048 0.40720549
vt 0.08552390 0.40675160
vt 0.08561772 0.40633461
vt 0.10398100 0.40817100
vt 0.09763407 0.40767241
vt 0.10402750 0.40753749
vt 0.09767597 0.40885350
vt 0.09707450 0.42104501
vt 0.09762829 0.40826500
vt 0.09114122 0.40808171
vt 0.10353680 0.42141011
vt 0.09122943 0.40917501
vt 0.09116572 0.40863121
vt 0.10400140 0.40880099
vt 0.09070783 0.42097589
vt 0.09058856 0.42035350
vt 0.09700977 0.42046070
vt 0.10351810 0.42086801
vt 0.10919570 0.42152739
vt 0.08560001 0.40971330
vt 0.10916530 0.42203099
vt 0.08551460 0.40920940
vt 0.08545613 0.40869790
vt 0.08542662 0.40818739
vt 0.09040200 0.41975099
vt 0.09671956 0.41935241
vt 0.09689074 0.41989329
vt 0.09015130 0.41917819
vt 0.09649956 0.41884759
vt 0.10335830 0.41983381
vt 0.10345820 0.42033970
vt 0.10322010 0.41935980
vt 0.08984059 0.41864520
vt 0.08947432 0.41816211
vt 0.09623384 0.41838849
vt 0.10304540 0.41892681
vt 0.10901330 0.41969359
vt 0.10910460 0.42010719
vt 0.10916560 0.42055681
vt 0.10919600 0.42103320
vt 0.08904445 0.41773549
vt 0.09556931 0.41762710
vt 0.09592467 0.41798371
vt 0.08849275 0.41734061
vt 0.09519177 0.41727510
vt 0.10261930 0.41821581
vt 0.10283940 0.41854471
vt 0.10241090 0.41791430
vt 0.08779448 0.41688779
vt 0.10862010 0.41873270
vt 0.10875790 0.41901079
vt 0.10889420 0.41932601
vt 0.08334130 0.37212479
vt 0.08154028 0.40527710
vt 0.07989555 0.37173331
vt 0.08347821 0.37179679
vt 0.08147662 0.40564299
vt 0.07971209 0.37198210
vt 0.07793486 0.40642330
vt 0.07712411 0.37178490
vt 0.07788062 0.40668759
vt 0.07512837 0.40758970
vt 0.07686722 0.37198409
vt 0.08354562 0.37150711
vt 0.08138066 0.40596929
vt 0.07781159 0.40692630
vt 0.07517242 0.40773699
vt 0.07375991 0.40850231
vt 0.07331037 0.40862659
vt 0.07311010 0.40858570
vt 0.07465559 0.37210739
vt 0.07504427 0.37193009
vt 0.07566469 0.37174651
vt 0.07733535 0.37159091
vt 0.08001083 0.37150249
vt 0.08333677 0.37078860
vt 0.07983720 0.37111860
vt 0.07970952 0.37087101
vt 0.08344537 0.37104791
vt 0.07996678 0.37131891
vt 0.07684552 0.37128860
vt 0.07663047 0.37105331
vt 0.07715415 0.37145469
vt 0.08322077 0.37048688
vt 0.08352553 0.37127501
vt 0.07502102 0.37171301
vt 0.07443100 0.37158510
vt 0.07409846 0.37135380
vt 0.07649445 0.37075630
vt 0.07392686 0.37104091
vt 0.07959735 0.37057570
vt 0.08294665 0.36935359
vt 0.07940942 0.36986280
vt 0.07933616 0.36945811
vt 0.08302265 0.36976311
vt 0.07949703 0.37023750
vt 0.07628047 0.37002841
vt 0.07619601 0.36961201
vt 0.07638090 0.37041211
vt 0.08288806 0.36892119
vt 0.08311450 0.37014309
vt 0.07379257 0.37067339
vt 0.07367372 0.37026179
vt 0.07357376 0.36981359
vt 0.07613009 0.36916989
vt 0.07349622 0.36933681
vt 0.07927918 0.36903009
vt 0.08282697 0.36801609
vt 0.07921761 0.36767939
vt 0.08282542 0.36755890
vt 0.07923996 0.36858571
vt 0.07921916 0.36813280
vt 0.07606148 0.36776960
vt 0.07608497 0.36870971
vt 0.07606154 0.36823991
vt 0.08284330 0.36710909
vt 0.08284801 0.36847282
vt 0.07344353 0.36883989
vt 0.07341694 0.36833250
vt 0.07341748 0.36782441
vt 0.07344460 0.36732539
vt 0.07608360 0.36730769
vt 0.07923483 0.36723369
vt 0.08293616 0.36626169
vt 0.07939273 0.36601710
vt 0.08300906 0.36587769
vt 0.08288049 0.36667439
vt 0.07932370 0.36639559
vt 0.07627177 0.36605439
vt 0.07927060 0.36680341
vt 0.07619076 0.36644271
vt 0.08309823 0.36552921
vt 0.07612723 0.36686280
vt 0.07349759 0.36684531
vt 0.07357430 0.36639270
vt 0.07367169 0.36597571
vt 0.07378667 0.36560181
vt 0.07636797 0.36570481
vt 0.07947617 0.36567441
vt 0.08329468 0.36495659
vt 0.07980811 0.36490861
vt 0.08336311 0.36472350
vt 0.08319914 0.36522201
vt 0.07968878 0.36511871
vt 0.07699197 0.36496431
vt 0.07957357 0.36537370
vt 0.07669180 0.36515221
vt 0.08337068 0.36448720
vt 0.07648885 0.36540091
vt 0.07394176 0.36527991
vt 0.07426190 0.36502680
vt 0.07484477 0.36485711
vt 0.07548707 0.36477670
vt 0.07716584 0.36481330
vt 0.07984226 0.36471921
vt 0.11311670 0.41910830
vt 0.11659030 0.42002001
vt 0.07951492 0.36425570
vt 0.11663210 0.42028239
vt 0.08313065 0.36387870
vt 0.11306460 0.41874459
vt 0.07971376 0.36449331
vt 0.07667410 0.36444971
vt 0.11929790 0.42132151
vt 0.11924720 0.42146289
vt 0.07694339 0.36463201
vt 0.11320370 0.41943130
vt 0.08328694 0.36419910
vt 0.07485574 0.36463630
vt 0.07445621 0.36448589
vt 0.12123060 0.42242509
vt 0.12103130 0.42245200
vt 0.12059810 0.42229959
vt 0.11918600 0.42157459
vt 0.11669260 0.42051730
vt 0.08115464 0.40651909
vt 0.07767653 0.40718770
vt 0.08126455 0.40624431
vt 0.08106893 0.40683401
vt 0.07753807 0.40747601
vt 0.07501471 0.40812421
vt 0.07746493 0.40779501
vt 0.07475167 0.40845260
vt 0.08101218 0.40719780
vt 0.07745039 0.40815291
vt 0.07463884 0.40878230
vt 0.07464069 0.40912750
vt 0.07260382 0.40957829
vt 0.07277959 0.40924010
vt 0.07321512 0.40886179
vt 0.07523149 0.40785781
vt 0.08098316 0.40804240
vt 0.07746905 0.40854740
vt 0.08098393 0.40760389
vt 0.08100897 0.40850440
vt 0.07751393 0.40897059
vt 0.07468354 0.40950361
vt 0.07758301 0.40941459
vt 0.07475107 0.40990791
vt 0.08106029 0.40898141
vt 0.07767456 0.40987161
vt 0.07484149 0.41033319
vt 0.07495325 0.41077250
vt 0.07278394 0.41107860
vt 0.07269561 0.41066369
vt 0.07263171 0.41027200
vt 0.07259321 0.40991059
vt 0.08123242 0.40994760
vt 0.07778680 0.41033420
vt 0.08113557 0.40946531
vt 0.11662410 0.42386350
vt 0.07806259 0.41124579
vt 0.07791697 0.41079479
vt 0.07508498 0.41121891
vt 0.07539862 0.41210279
vt 0.11920850 0.42489609
vt 0.07523423 0.41166470
vt 0.11339270 0.42287040
vt 0.08134818 0.41042060
vt 0.11347400 0.42239779
vt 0.11674740 0.42341489
vt 0.11935500 0.42446300
vt 0.12132740 0.42532811
vt 0.07335472 0.41282400
vt 0.12117670 0.42575771
vt 0.07318389 0.41238990
vt 0.07303011 0.41194919
vt 0.07289594 0.41150960
vt 0.11353180 0.42193061
vt 0.11693070 0.42253670
vt 0.11685030 0.42297009
vt 0.11356440 0.42147690
vt 0.11698660 0.42212221
vt 0.11958560 0.42362040
vt 0.11948120 0.42403531
vt 0.11966630 0.42322490
vt 0.11357060 0.42104521
vt 0.11354920 0.42064440
vt 0.11701580 0.42173460
vt 0.11972160 0.42285600
vt 0.12168680 0.42375881
vt 0.12163570 0.42411450
vt 0.12155810 0.42449930
vt 0.12145500 0.42490619
vt 0.11349880 0.42028451
vt 0.11694740 0.42106509
vt 0.11701110 0.42138171
vt 0.11341870 0.41997299
vt 0.11681870 0.42077711
vt 0.11963590 0.42218450
vt 0.11973530 0.42251551
vt 0.11938950 0.42184690
vt 0.11331390 0.41970199
vt 0.12111660 0.42268610
vt 0.12152850 0.42308500
vt 0.12168840 0.42342961
vt 0.07225149 0.36515340
vt 0.07201910 0.36478651
vt 0.12300230 0.42369059
vt 0.07265347 0.36489019
vt 0.12285180 0.42393181
vt 0.07157951 0.36507630
vt 0.12323650 0.42408279
vt 0.07291954 0.36457941
vt 0.12238930 0.42317840
vt 0.07347023 0.36471671
vt 0.12263420 0.42358011
vt 0.07207000 0.36549461
vt 0.12287240 0.42426699
vt 0.07138866 0.36543319
vt 0.12325650 0.42442879
vt 0.12207340 0.42312360
vt 0.07174628 0.36681801
vt 0.12314000 0.42518520
vt 0.07114237 0.36630470
vt 0.07183134 0.36633649
vt 0.12265930 0.42542821
vt 0.07105535 0.36680082
vt 0.12303930 0.42559609
vt 0.12321320 0.42479411
vt 0.07125467 0.36584589
vt 0.07194042 0.36589241
vt 0.12275960 0.42501780
vt 0.07168811 0.36732790
vt 0.12253300 0.42585260
vt 0.07099652 0.36732501
vt 0.12291290 0.42602059
vt 0.12283170 0.42462820
vt 0.07099634 0.36896709
vt 0.07138645 0.41253421
vt 0.07165831 0.36839470
vt 0.07168662 0.36893201
vt 0.07193499 0.41283500
vt 0.07154101 0.41297460
vt 0.07096868 0.36841771
vt 0.07171356 0.41340810
vt 0.12276270 0.42645201
vt 0.07096767 0.36786750
vt 0.07165867 0.36785680
vt 0.07174342 0.36945880
vt 0.07105338 0.36950740
vt 0.07125270 0.41209441
vt 0.07178050 0.41239420
vt 0.07164663 0.41195399
vt 0.12238280 0.42628398
vt 0.07210731 0.41326869
vt 0.07099759 0.41084900
vt 0.07138836 0.37097219
vt 0.07193815 0.37044191
vt 0.07207036 0.37088010
vt 0.07145076 0.41110480
vt 0.07105660 0.41124520
vt 0.07125216 0.37051940
vt 0.07182806 0.36996520
vt 0.07153612 0.41152191
vt 0.07113939 0.37002811
vt 0.07114219 0.41166249
vt 0.07222080 0.37127101
vt 0.07154405 0.37137801
vt 0.07096767 0.41047981
vt 0.07139289 0.41070989
vt 0.07136499 0.41034469
vt 0.07311832 0.37212610
vt 0.07189667 0.40927431
vt 0.07283526 0.37183729
vt 0.07365894 0.37195101
vt 0.07163125 0.40966681
vt 0.07220834 0.37198371
vt 0.07125312 0.40975320
vt 0.07242023 0.37160170
vt 0.07139790 0.41000870
vt 0.07100075 0.41013321
vt 0.07175374 0.37172401
vt 0.07221949 0.40924031
vt 0.12687521 0.36839211
vt 0.12624030 0.36861521
vt 0.12612850 0.36819860
vt 0.12642780 0.36926249
vt 0.12673360 0.36886901
vt 0.12583540 0.36876529
vt 0.12529390 0.36812410
vt 0.12697490 0.36786240
vt 0.12612240 0.36766660
vt 0.12661301 0.37014589
vt 0.12605371 0.36965409
vt 0.12505320 0.36741871
vt 0.12457420 0.36832821
vt 0.12310350 0.36695519
vt 0.12539481 0.36906889
vt 0.12709101 0.36636680
vt 0.12664220 0.36686620
vt 0.12634461 0.36655560
vt 0.12711550 0.36734241
vt 0.12719530 0.36685231
vt 0.12636059 0.36719132
vt 0.12558000 0.36689290
vt 0.12692450 0.36585450
vt 0.12608279 0.36609301
vt 0.12502740 0.36639431
vt 0.12630770 0.36448371
vt 0.12615290 0.36513960
vt 0.12574090 0.36500999
vt 0.12679820 0.36533049
vt 0.12663279 0.36486131
vt 0.12606220 0.36556119
vt 0.12523229 0.36567771
vt 0.12591431 0.36411139
vt 0.12528570 0.36472890
vt 0.12450330 0.36550990
vt 0.12470490 0.36318901
vt 0.12488460 0.36384991
vt 0.12445420 0.36393511
vt 0.12555030 0.36370799
vt 0.12517750 0.36337009
vt 0.12500881 0.36426860
vt 0.12433110 0.36477789
vt 0.12417050 0.36304429
vt 0.12390950 0.36390820
vt 0.12360430 0.36499089
vt 0.12286130 0.36271229
vt 0.12249320 0.36359921
vt 0.12173980 0.36275801
vt 0.12360840 0.36285350
vt 0.12297920 0.36331010
vt 0.12341150 0.36363259
vt 0.12305110 0.36442840
vt 0.12033180 0.36291739
vt 0.12178290 0.36385629
vt 0.12249150 0.36498579
vt 0.11831260 0.36338490
vt 0.12025480 0.36425570
vt 0.11786050 0.36377001
vt 0.11915570 0.36312929
vt 0.12011090 0.36381569
vt 0.12097850 0.36388230
vt 0.12163430 0.36476609
vt 0.11750000 0.36420301
vt 0.12002570 0.36474511
vt 0.12153490 0.36552989
vt 0.11662040 0.36550409
vt 0.11872810 0.36521319
vt 0.11915930 0.36564770
vt 0.11709150 0.36459661
vt 0.11672790 0.36500218
vt 0.11948130 0.36505231
vt 0.12068370 0.36572379
vt 0.11653310 0.36606160
vt 0.11922600 0.36621401
vt 0.12101520 0.36646929
vt 0.11639240 0.36764121
vt 0.11828460 0.36707649
vt 0.11891810 0.36740041
vt 0.11636640 0.36660770
vt 0.11623970 0.36712801
vt 0.11890100 0.36672109
vt 0.12036540 0.36702409
vt 0.11658630 0.36817831
vt 0.11926830 0.36789051
vt 0.12104230 0.36754560
vt 0.11721780 0.36961341
vt 0.11882130 0.36891511
vt 0.11958160 0.36903790
vt 0.11670170 0.36873069
vt 0.11683440 0.36922660
vt 0.11923010 0.36845949
vt 0.12074870 0.36830679
vt 0.11764560 0.36998591
vt 0.12014090 0.36931720
vt 0.12160850 0.36845759
vt 0.11935320 0.37097460
vt 0.12027260 0.37024120
vt 0.12113580 0.37013099
vt 0.12039430 0.36979461
vt 0.11849840 0.37076190
vt 0.11802750 0.37040019
vt 0.12174630 0.36921540
vt 0.12053850 0.37112680
vt 0.12194040 0.37011641
vt 0.12259140 0.36895290
vt 0.12381410 0.37102619
vt 0.12316260 0.37060180
vt 0.12357830 0.37025800
vt 0.12266290 0.37033749
vt 0.12307510 0.37120470
vt 0.12195270 0.37121540
vt 0.12317830 0.36948141
vt 0.12436580 0.37080741
vt 0.12406170 0.36995780
vt 0.12370250 0.36889181
vt 0.12571040 0.37007528
vt 0.12503850 0.36996689
vt 0.12514140 0.36954260
vt 0.12489220 0.37063611
vt 0.12535509 0.37043139
vt 0.12460440 0.36990351
vt 0.12443910 0.36906800
vt 0.07096773 0.34074161
vt 0.00000000 0.00000000
vt 0.01935482 0.00000000
vt 0.07096767 0.34074161
vt 0.07096767 0.01290684
vt 0.07096767 0.01290684
f 1/1 2/2 3/3
f 6/6 7/7 9/9
f 8/8 10/10 5/5
f 14/14 17/17 18/18
f 19/19 21/21 23/23
f 15/15 27/27 11/11
f 29/29 32/32 4/4
f 33/33 35/35 36/36
f 28/28 12/12 26/26
f 20/20 29/29 24/24
f 38/38 42/42 43/43
f 44/44 40/40 27/27
f 22/22 34/34 37/37
f 30/30 25/25 41/41
f 45/45 46/46 47/47
f 48/48 49/49 46/46
f 46/46 50/50 47/47
f 49/49 51/51 46/46
f 52/52 53/53 54/54
f 52/52 48/48 45/45
f 55/55 56/56 48/48
f 57/57 56/56 58/58
f 59/59 49/49 56/56
f 49/49 60/60 61/61
f 61/61 62/62 63/63
f 61/61 64/64 51/51
f 51/51 65/65 50/50
f 66/66 65/65 67/67
f 68/68 50/50 66/66
f 45/45 68/68 53/53
f 69/69 70/70 71/71
f 72/72 73/73 70/70
f 70/70 74/74 71/71
f 73/73 75/75 70/70
f 65/65 76/76 67/67
f 65/65 72/72 69/69
f 64/64 77/77 72/72
f 62/62 77/77 63/63
f 78/78 73/73 77/77
f 73/73 79/79 80/80
f 80/80 81/81 82/82
f 80/80 83/83 75/75
f 75/75 84/84 74/74
f 85/85 84/84 86/86
f 87/87 74/74 85/85
f 69/69 87/87 76/76
f 88/88 89/89 90/90
f 91/91 92/92 89/89
f 89/89 93/93 90/90
f 92/92 94/94 89/89
f 84/84 95/95 86/86
f 84/84 91/91 88/88
f 83/83 96/96 91/91
f 81/81 96/96 82/82
f 97/97 92/92 96/96
f 92/92 98/98 99/99
f 99/99 100/100 101/101
f 99/99 102/102 94/94
f 94/94 103/103 93/93
f 104/104 103/103 105/105
f 106/106 93/93 104/104
f 88/88 106/106 95/95
f 107/107 108/108 109/109
f 110/110 111/111 108/108
f 108/108 112/112 109/109
f 111/111 113/113 108/108
f 103/103 114/114 105/105
f 103/103 110/110 107/107
f 102/102 115/115 110/110
f 100/100 115/115 101/101
f 116/116 111/111 115/115
f 111/111 117/117 118/118
f 118/118 119/119 120/120
f 118/118 121/121 113/113
f 113/113 122/122 112/112
f 123/123 122/122 124/124
f 125/125 112/112 123/123
f 107/107 125/125 114/114
f 126/126 127/127 129/129
f 131/131 132/132 127/127
f 128/128 134/134 130/130
f 133/133 135/135 128/128
f 122/122 136/136 124/124
f 122/122 131/131 126/126
f 121/121 137/137 131/131
f 119/119 137/137 120/120
f 138/138 132/132 137/137
f 133/133 139/139 140/140
f 140/140 141/141 142/142
f 140/140 143/143 135/135
f 135/135 144/144 134/134
f 145/145 144/144 146/146
f 147/147 134/134 145/145
f 126/126 148/148 136/136
f 149/149 150/150 151/151
f 152/152 153/153 150/150
f 150/150 154/154 151/151
f 153/153 155/155 150/150
f 144/144 156/156 146/146
f 144/144 152/152 149/149
f 143/143 157/157 152/152
f 141/141 157/157 142/142
f 158/158 153/153 157/157
f 153/153 159/159 160/160
f 160/160 161/161 162/162
f 160/160 163/163 155/155
f 155/155 164/164 154/154
f 165/165 164/164 166/166
f 167/167 154/154 165/165
f 149/149 167/167 156/156
f 168/168 169/169 170/170
f 171/171 172/172 169/169
f 169/169 173/173 170/170
f 172/172 174/174 169/169
f 164/164 175/175 166/166
f 164/164 171/171 168/168
f 163/163 176/176 171/171
f 161/161 176/176 162/162
f 177/177 172/172 176/176
f 172/172 178/178 179/179
f 179/179 180/180 181/181
f 179/179 182/182 174/174
f 174/174 183/183 173/173
f 184/184 183/183 185/185
f 186/186 173/173 184/184
f 168/168 186/186 175/175
f 187/187 188/188 189/189
f 190/190 191/191 188/188
f 188/188 192/192 189/189
f 191/191 193/193 188/188
f 183/183 194/194 185/185
f 183/183 190/190 187/187
f 182/182 195/195 190/190
f 180/180 195/195 181/181
f 196/196 191/191 195/195
f 191/191 197/197 198/198
f 198/198 199/199 200/200
f 198/198 201/201 193/193
f 193/193 202/202 192/192
f 203/203 202/202 204/204
f 205/205 192/192 203/203
f 187/187 205/205 194/194
f 206/206 207/207 208/208
f 209/209 210/210 207/207
f 207/207 211/211 208/208
f 210/210 212/212 207/207
f 202/202 213/213 204/204
f 202/202 209/209 206/206
f 201/201 214/214 209/209
f 199/199 214/214 200/200
f 215/215 210/210 214/214
f 210/210 216/216 217/217
f 217/217 218/218 219/219
f 217/217 220/220 212/212
f 212/212 221/221 211/211
f 222/222 221/221 223/223
f 224/224 211/211 222/222
f 206/206 224/224 213/213
f 225/225 226/226 227/227
f 228/228 229/229 226/226
f 226/226 230/230 227/227
f 229/229 231/231 226/226
f 221/221 232/232 223/223
f 221/221 228/228 225/225
f 220/220 233/233 228/228
f 218/218 233/233 219/219
f 234/234 229/229 233/233
f 229/229 235/235 236/236
f 236/236 237/237 238/238
f 236/236 239/239 231/231
f 231/231 240/240 230/230
f 241/241 240/240 242/242
f 243/243 230/230 241/241
f 225/225 243/243 232/232
f 244/244 245/245 246/246
f 247/247 248/248 245/245
f 245/245 249/249 246/246
f 248/248 250/250 245/245
f 240/240 251/251 242/242
f 240/240 247/247 244/244
f 239/239 252/252 247/247
f 237/237 252/252 238/238
f 253/253 248/248 252/252
f 248/248 254/254 255/255
f 255/255 256/256 257/257
f 255/255 258/258 250/250
f 250/250 259/259 249/249
f 260/260 259/259 261/261
f 262/262 249/249 260/260
f 244/244 262/262 251/251
f 263/263 264/264 265/265
f 266/266 267/267 263/263
f 264/264 268/268 269/269
f 267/267 270/270 268/268
f 57/57 265/265 271/271
f 55/55 265/265 58/58
f 52/52 263/263 55/55
f 52/52 272/272 266/266
f 266/266 273/273 274/274
f 273/273 270/270 274/274
f 275/275 259/259 270/270
f 268/268 259/259 258/258
f 269/269 258/258 257/257
f 269/269 256/256 276/276
f 264/264 276/276 277/277
f 271/271 264/264 277/277
f 278/278 279/279 280/280
f 278/278 281/281 282/282
f 282/282 283/283 279/279
f 282/282 284/284 285/285
f 60/60 286/286 62/62
f 287/287 280/280 60/60
f 287/287 288/288 278/278
f 59/59 289/289 288/288
f 288/288 290/290 281/281
f 281/281 291/291 284/284
f 284/284 292/292 293/293
f 285/285 293/293 294/294
f 285/285 295/295 283/283
f 283/283 296/296 297/297
f 279/279 297/297 298/298
f 280/280 298/298 286/286
f 299/299 300/300 301/301
f 299/299 302/302 303/303
f 303/303 304/304 300/300
f 303/303 305/305 306/306
f 79/79 307/307 81/81
f 308/308 301/301 79/79
f 308/308 309/309 299/299
f 78/78 286/286 309/309
f 309/309 298/298 302/302
f 302/302 297/297 305/305
f 305/305 296/296 310/310
f 306/306 310/310 311/311
f 306/306 312/312 304/304
f 304/304 313/313 314/314
f 300/300 314/314 315/315
f 301/301 315/315 307/307
f 316/316 317/317 318/318
f 316/316 319/319 320/320
f 320/320 321/321 317/317
f 320/320 322/322 323/323
f 98/98 324/324 100/100
f 325/325 318/318 98/98
f 325/325 326/326 316/316
f 97/97 307/307 326/326
f 326/326 315/315 319/319
f 319/319 314/314 322/322
f 322/322 313/313 327/327
f 323/323 327/327 328/328
f 323/323 329/329 321/321
f 321/321 330/330 331/331
f 317/317 331/331 332/332
f 318/318 332/332 324/324
f 333/333 334/334 335/335
f 333/333 336/336 337/337
f 337/337 338/338 334/334
f 337/337 339/339 340/340
f 117/117 341/341 119/119
f 342/342 335/335 117/117
f 342/342 343/343 333/333
f 116/116 324/324 343/343
f 343/343 332/332 336/336
f 336/336 331/331 339/339
f 339/339 330/330 344/344
f 340/340 344/344 345/345
f 340/340 346/346 338/338
f 338/338 347/347 348/348
f 334/334 348/348 349/349
f 335/335 349/349 341/341
f 350/350 352/352 353/353
f 351/351 354/354 356/356
f 355/355 357/357 352/352
f 356/356 358/358 359/359
f 139/139 361/361 141/141
f 363/363 353/353 139/139
f 362/362 364/364 351/351
f 138/138 341/341 364/364
f 364/364 349/349 354/354
f 354/354 348/348 358/358
f 358/358 347/347 365/365
f 359/359 365/365 366/366
f 360/360 368/368 357/357
f 357/357 369/369 370/370
f 352/352 370/370 371/371
f 353/353 371/371 361/361
f 372/372 373/373 374/374
f 372/372 375/375 376/376
f 376/376 377/377 373/373
f 376/376 378/378 379/379
f 159/159 380/380 161/161
f 381/381 374/374 159/159
f 381/381 382/382 372/372
f 158/158 361/361 382/382
f 382/382 371/371 375/375
f 375/375 370/370 378/378
f 378/378 369/369 383/383
f 379/379 383/383 384/384
f 379/379 385/385 377/377
f 377/377 386/386 387/387
f 373/373 387/387 388/388
f 374/374 388/388 380/380
f 389/389 390/390 391/391
f 389/389 392/392 393/393
f 393/393 394/394 390/390
f 393/393 395/395 396/396
f 178/178 397/397 180/180
f 398/398 391/391 178/178
f 398/398 399/399 389/389
f 177/177 380/380 399/399
f 399/399 388/388 392/392
f 392/392 387/387 395/395
f 395/395 386/386 400/400
f 396/396 400/400 401/401
f 396/396 402/402 394/394
f 394/394 403/403 404/404
f 390/390 404/404 405/405
f 391/391 405/405 397/397
f 406/406 407/407 408/408
f 406/406 409/409 410/410
f 410/410 411/411 407/407
f 410/410 412/412 413/413
f 197/197 414/414 199/199
f 415/415 408/408 197/197
f 415/415 416/416 406/406
f 196/196 397/397 416/416
f 416/416 405/405 409/409
f 409/409 404/404 412/412
f 412/412 403/403 417/417
f 413/413 417/417 418/418
f 413/413 419/419 411/411
f 411/411 420/420 421/421
f 407/407 421/421 422/422
f 408/408 422/422 414/414
f 423/423 424/424 425/425
f 423/423 426/426 427/427
f 427/427 428/428 424/424
f 427/427 429/429 430/430
f 216/216 431/431 218/218
f 432/432 425/425 216/216
f 432/432 433/433 423/423
f 215/215 414/414 433/433
f 433/433 422/422 426/426
f 426/426 421/421 429/429
f 429/429 420/420 434/434
f 430/430 434/434 435/435
f 430/430 436/436 428/428
f 428/428 437/437 438/438
f 424/424 438/438 439/439
f 425/425 439/439 431/431
f 440/440 441/441 442/442
f 440/440 443/443 444/444
f 444/444 445/445 441/441
f 444/444 446/446 447/447
f 235/235 448/448 237/237
f 449/449 442/442 235/235
f 449/449 450/450 440/440
f 234/234 431/431 450/450
f 450/450 439/439 443/443
f 443/443 438/438 446/446
f 446/446 437/437 451/451
f 447/447 451/451 452/452
f 447/447 453/453 445/445
f 445/445 454/454 455/455
f 441/441 455/455 456/456
f 442/442 456/456 448/448
f 457/457 458/458 459/459
f 457/457 460/460 461/461
f 461/461 462/462 458/458
f 461/461 463/463 464/464
f 254/254 465/465 256/256
f 466/466 459/459 254/254
f 466/466 467/467 457/457
f 253/253 448/448 467/467
f 467/467 456/456 460/460
f 460/460 455/455 463/463
f 463/463 454/454 468/468
f 464/464 468/468 469/469
f 464/464 470/470 462/462
f 462/462 471/471 472/472
f 458/458 472/472 473/473
f 459/459 473/473 465/465
f 474/474 475/475 476/476
f 474/474 477/477 478/478
f 478/478 479/479 475/475
f 478/478 480/480 481/481
f 271/271 289/289 57/57
f 277/277 476/476 271/271
f 277/277 482/482 474/474
f 276/276 465/465 482/482
f 482/482 473/473 477/477
f 477/477 472/472 480/480
f 480/480 471/471 483/483
f 481/481 483/483 484/484
f 481/481 485/485 479/479
f 479/479 292/292 291/291
f 475/475 291/291 290/290
f 476/476 290/290 289/289
f 486/486 487/487 488/488
f 489/489 490/490 486/486
f 487/487 491/491 492/492
f 490/490 493/493 491/491
f 494/494 293/293 292/292
f 495/495 488/488 494/494
f 496/496 486/486 495/495
f 497/497 489/489 496/496
f 498/498 499/499 489/489
f 500/500 493/493 499/499
f 493/493 501/501 502/502
f 491/491 502/502 503/503
f 492/492 503/503 504/504
f 295/295 504/504 296/296
f 294/294 492/492 295/295
f 488/488 294/294 293/293
f 505/505 506/506 507/507
f 508/508 509/509 505/505
f 506/506 510/510 511/511
f 509/509 512/512 510/510
f 497/497 507/507 498/498
f 513/513 507/507 514/514
f 515/515 505/505 513/513
f 516/516 508/508 515/515
f 517/517 518/518 508/508
f 518/518 519/519 512/512
f 512/512 520/520 521/521
f 510/510 521/521 522/522
f 511/511 522/522 523/523
f 524/524 523/523 501/501
f 500/500 511/511 524/524
f 498/498 506/506 500/500
f 525/525 526/526 527/527
f 528/528 529/529 525/525
f 526/526 530/530 531/531
f 529/529 532/532 530/530
f 504/504 310/310 296/296
f 503/503 527/527 504/504
f 502/502 525/525 503/503
f 501/501 528/528 502/502
f 528/528 533/533 534/534
f 534/534 535/535 532/532
f 532/532 536/536 537/537
f 530/530 537/537 538/538
f 531/531 538/538 539/539
f 312/312 539/539 313/313
f 311/311 531/531 312/312
f 527/527 311/311 310/310
f 540/540 541/541 542/542
f 543/543 544/544 540/540
f 541/541 545/545 546/546
f 544/544 547/547 545/545
f 501/501 542/542 548/548
f 522/522 542/542 523/523
f 521/521 540/540 522/522
f 520/520 543/543 521/521
f 549/549 550/550 543/543
f 550/550 551/551 547/547
f 547/547 552/552 553/553
f 545/545 553/553 554/554
f 546/546 554/554 555/555
f 535/535 555/555 536/536
f 541/541 535/535 533/533
f 542/542 533/533 548/548
f 556/556 557/557 558/558
f 559/559 560/560 556/556
f 557/557 561/561 562/562
f 560/560 563/563 561/561
f 539/539 327/327 313/313
f 538/538 558/558 539/539
f 537/537 556/556 538/538
f 536/536 559/559 537/537
f 564/564 565/565 559/559
f 565/565 566/566 563/563
f 563/563 567/567 568/568
f 561/561 568/568 569/569
f 562/562 569/569 570/570
f 329/329 570/570 330/330
f 328/328 562/562 329/329
f 558/558 328/328 327/327
f 571/571 572/572 573/573
f 574/574 575/575 571/571
f 572/572 576/576 577/577
f 575/575 578/578 576/576
f 555/555 564/564 536/536
f 554/554 573/573 555/555
f 553/553 571/571 554/554
f 552/552 574/574 553/553
f 579/579 580/580 574/574
f 580/580 581/581 578/578
f 578/578 582/582 583/583
f 576/576 583/583 584/584
f 577/577 584/584 585/585
f 566/566 585/585 567/567
f 572/572 566/566 586/586
f 564/564 572/572 586/586
f 587/587 588/588 589/589
f 590/590 591/591 587/587
f 588/588 592/592 593/593
f 591/591 594/594 592/592
f 570/570 344/344 330/330
f 569/569 589/589 570/570
f 568/568 587/587 569/569
f 567/567 590/590 568/568
f 595/595 596/596 590/590
f 596/596 597/597 594/594
f 594/594 598/598 599/599
f 592/592 599/599 600/600
f 593/593 600/600 601/601
f 346/346 601/601 347/347
f 345/345 593/593 346/346
f 589/589 345/345 344/344
f 602/602 603/603 604/604
f 605/605 606/606 602/602
f 603/603 607/607 608/608
f 606/606 609/609 607/607
f 567/567 604/604 595/595
f 584/584 604/604 585/585
f 583/583 602/602 584/584
f 582/582 605/605 583/583
f 610/610 611/611 605/605
f 611/611 612/612 609/609
f 609/609 613/613 614/614
f 607/607 614/614 615/615
f 608/608 615/615 616/616
f 608/608 598/598 597/597
f 617/617 608/608 597/597
f 595/595 603/603 617/617
f 618/618 619/619 621/621
f 622/622 624/624 618/618
f 620/620 625/625 626/626
f 623/623 627/627 625/625
f 601/601 365/365 347/347
f 600/600 621/621 601/601
f 599/599 618/618 600/600
f 598/598 622/622 599/599
f 628/628 629/629 622/622
f 630/630 631/631 627/627
f 627/627 632/632 633/633
f 625/625 633/633 634/634
f 626/626 634/634 635/635
f 368/368 635/635 369/369
f 367/367 626/626 368/368
f 621/621 366/366 365/365
f 636/636 638/638 639/639
f 640/640 642/642 636/636
f 637/637 643/643 644/644
f 641/641 645/645 643/643
f 616/616 628/628 598/598
f 615/615 639/639 616/616
f 614/614 636/636 615/615
f 613/613 640/640 614/614
f 646/646 648/648 640/640
f 647/647 649/649 645/645
f 645/645 650/650 651/651
f 643/643 651/651 652/652
f 644/644 652/652 653/653
f 631/631 653/653 632/632
f 654/654 644/644 631/631
f 639/639 655/655 628/628
f 656/656 657/657 658/658
f 659/659 660/660 656/656
f 657/657 661/661 662/662
f 660/660 663/663 661/661
f 635/635 383/383 369/369
f 634/634 658/658 635/635
f 633/633 656/656 634/634
f 632/632 659/659 633/633
f 664/664 665/665 659/659
f 665/665 666/666 663/663
f 663/663 667/667 668/668
f 661/661 668/668 669/669
f 662/662 669/669 670/670
f 385/385 670/670 386/386
f 384/384 662/662 385/385
f 658/658 384/384 383/383
f 671/671 672/672 673/673
f 674/674 675/675 671/671
f 672/672 676/676 677/677
f 675/675 678/678 676/676
f 653/653 664/664 632/632
f 652/652 673/673 653/653
f 651/651 671/671 652/652
f 650/650 674/674 651/651
f 679/679 680/680 674/674
f 680/680 681/681 678/678
f 678/678 682/682 683/683
f 676/676 683/683 684/684
f 677/677 684/684 685/685
f 666/666 685/685 667/667
f 686/686 677/677 666/666
f 673/673 686/686 664/664
f 687/687 688/688 689/689
f 690/690 691/691 687/687
f 688/688 692/692 693/693
f 691/691 694/694 692/692
f 670/670 400/400 386/386
f 669/669 689/689 670/670
f 668/668 687/687 669/669
f 667/667 690/690 668/668
f 695/695 696/696 690/690
f 696/696 697/697 694/694
f 694/694 698/698 699/699
f 692/692 699/699 700/700
f 693/693 700/700 701/701
f 402/402 701/701 403/403
f 401/401 693/693 402/402
f 689/689 401/401 400/400
f 702/702 703/703 704/704
f 705/705 706/706 702/702
f 703/703 707/707 708/708
f 706/706 709/709 707/707
f 685/685 695/695 667/667
f 684/684 704/704 685/685
f 683/683 702/702 684/684
f 682/682 705/705 683/683
f 710/710 711/711 705/705
f 711/711 712/712 709/709
f 709/709 713/713 714/714
f 707/707 714/714 715/715
f 708/708 715/715 716/716
f 708/708 698/698 697/697
f 703/703 697/697 717/717
f 704/704 717/717 695/695
f 718/718 719/719 720/720
f 721/721 722/722 718/718
f 719/719 723/723 724/724
f 722/722 725/725 723/723
f 701/701 417/417 403/403
f 700/700 720/720 701/701
f 699/699 718/718 700/700
f 698/698 721/721 699/699
f 721/721 726/726 727/727
f 727/727 728/728 725/725
f 725/725 729/729 730/730
f 723/723 730/730 731/731
f 724/724 731/731 732/732
f 419/419 732/732 420/420
f 418/418 724/724 419/419
f 720/720 418/418 417/417
f 733/733 734/734 735/735
f 736/736 737/737 733/733
f 734/734 738/738 739/739
f 737/737 740/740 738/738
f 698/698 735/735 741/741
f 715/715 735/735 716/716
f 714/714 733/733 715/715
f 713/713 736/736 714/714
f 742/742 743/743 736/736
f 743/743 744/744 740/740
f 740/740 745/745 746/746
f 738/738 746/746 747/747
f 739/739 747/747 748/748
f 739/739 729/729 728/728
f 734/734 728/728 726/726
f 741/741 734/734 726/726
f 749/749 750/750 751/751
f 752/752 753/753 749/749
f 750/750 754/754 755/755
f 753/753 756/756 754/754
f 732/732 434/434 420/420
f 731/731 751/751 732/732
f 730/730 749/749 731/731
f 729/729 752/752 730/730
f 757/757 758/758 752/752
f 758/758 759/759 756/756
f 756/756 760/760 761/761
f 754/754 761/761 762/762
f 755/755 762/762 763/763
f 436/436 763/763 437/437
f 435/435 755/755 436/436
f 751/751 435/435 434/434
f 764/764 765/765 766/766
f 767/767 768/768 764/764
f 765/765 769/769 770/770
f 768/768 771/771 769/769
f 748/748 757/757 729/729
f 747/747 766/766 748/748
f 746/746 764/764 747/747
f 745/745 767/767 746/746
f 772/772 773/773 767/767
f 773/773 774/774 771/771
f 771/771 775/775 776/776
f 769/769 776/776 777/777
f 770/770 777/777 778/778
f 759/759 778/778 760/760
f 779/779 770/770 759/759
f 766/766 779/779 757/757
f 780/780 781/781 782/782
f 783/783 784/784 780/780
f 781/781 785/785 786/786
f 784/784 787/787 785/785
f 763/763 451/451 437/437
f 762/762 782/782 763/763
f 761/761 780/780 762/762
f 760/760 783/783 761/761
f 788/788 789/789 783/783
f 789/789 790/790 787/787
f 787/787 791/791 792/792
f 785/785 792/792 793/793
f 786/786 793/793 794/794
f 453/453 794/794 454/454
f 452/452 786/786 453/453
f 782/782 452/452 451/451
f 795/795 796/796 797/797
f 798/798 799/799 795/795
f 796/796 800/800 801/801
f 799/799 802/802 800/800
f 778/778 788/788 760/760
f 777/777 797/797 778/778
f 776/776 795/795 777/777
f 775/775 798/798 776/776
f 803/803 804/804 798/798
f 804/804 805/805 802/802
f 802/802 806/806 807/807
f 800/800 807/807 808/808
f 801/801 808/808 809/809
f 790/790 809/809 791/791
f 796/796 790/790 810/810
f 797/797 810/810 788/788
f 811/811 812/812 813/813
f 814/814 815/815 811/811
f 812/812 816/816 817/817
f 815/815 818/818 816/816
f 794/794 468/468 454/454
f 793/793 813/813 794/794
f 792/792 811/811 793/793
f 791/791 814/814 792/792
f 819/819 820/820 814/814
f 820/820 821/821 818/818
f 818/818 822/822 823/823
f 816/816 823/823 824/824
f 817/817 824/824 825/825
f 470/470 825/825 471/471
f 469/469 817/817 470/470
f 813/813 469/469 468/468
f 826/826 827/827 828/828
f 829/829 830/830 826/826
f 827/827 831/831 832/832
f 830/830 833/833 831/831
f 791/791 828/828 819/819
f 808/808 828/828 809/809
f 807/807 826/826 808/808
f 806/806 829/829 807/807
f 834/834 835/835 829/829
f 835/835 836/836 833/833
f 833/833 837/837 838/838
f 831/831 838/838 839/839
f 832/832 839/839 840/840
f 832/832 822/822 821/821
f 827/827 821/821 841/841
f 828/828 841/841 819/819
f 842/842 843/843 844/844
f 845/845 846/846 842/842
f 843/843 847/847 848/848
f 846/846 849/849 847/847
f 825/825 483/483 471/471
f 824/824 844/844 825/825
f 823/823 842/842 824/824
f 822/822 845/845 823/823
f 850/850 851/851 845/845
f 851/851 852/852 849/849
f 849/849 497/497 496/496
f 847/847 496/496 495/495
f 848/848 495/495 494/494
f 485/485 494/494 292/292
f 484/484 848/848 485/485
f 844/844 484/484 483/483
f 853/853 854/854 855/855
f 856/856 857/857 853/853
f 854/854 858/858 859/859
f 857/857 860/860 858/858
f 840/840 850/850 822/822
f 839/839 855/855 840/840
f 838/838 853/853 839/839
f 837/837 856/856 838/838
f 861/861 862/862 856/856
f 862/862 863/863 860/860
f 860/860 516/516 515/515
f 858/858 515/515 513/513
f 859/859 513/513 514/514
f 852/852 514/514 497/497
f 864/864 859/859 852/852
f 855/855 864/864 850/850
f 865/865 866/866 867/867
f 865/865 868/868 869/869
f 519/519 870/870 520/520
f 871/871 867/867 519/519
f 871/871 872/872 865/865
f 517/517 873/873 872/872
f 872/872 874/874 868/868
f 867/867 875/875 870/870
f 876/876 877/877 878/878
f 876/876 879/879 880/880
f 551/551 881/881 552/552
f 882/882 878/878 551/551
f 882/882 883/883 876/876
f 549/549 870/870 883/883
f 883/883 875/875 879/879
f 878/878 884/884 881/881
f 885/885 886/886 887/887
f 885/885 888/888 889/889
f 581/581 890/890 582/582
f 891/891 887/887 581/581
f 891/891 892/892 885/885
f 579/579 881/881 892/892
f 892/892 884/884 888/888
f 887/887 893/893 890/890
f 894/894 895/895 896/896
f 894/894 897/897 898/898
f 612/612 899/899 613/613
f 900/900 896/896 612/612
f 900/900 901/901 894/894
f 610/610 890/890 901/901
f 901/901 893/893 897/897
f 896/896 902/902 899/899
f 903/903 905/905 906/906
f 904/904 907/907 909/909
f 649/649 910/910 650/650
f 912/912 906/906 649/649
f 911/911 913/913 904/904
f 646/646 899/899 913/913
f 913/913 902/902 907/907
f 906/906 914/914 910/910
f 915/915 916/916 917/917
f 915/915 918/918 919/919
f 681/681 920/920 682/682
f 921/921 917/917 681/681
f 921/921 922/922 915/915
f 679/679 910/910 922/922
f 922/922 914/914 918/918
f 917/917 923/923 920/920
f 924/924 925/925 926/926
f 924/924 927/927 928/928
f 712/712 929/929 713/713
f 930/930 926/926 712/712
f 930/930 931/931 924/924
f 710/710 920/920 931/931
f 931/931 923/923 927/927
f 926/926 932/932 929/929
f 933/933 934/934 935/935
f 933/933 936/936 937/937
f 744/744 938/938 745/745
f 939/939 935/935 744/744
f 939/939 940/940 933/933
f 742/742 929/929 940/940
f 940/940 932/932 936/936
f 935/935 941/941 938/938
f 942/942 943/943 944/944
f 942/942 945/945 946/946
f 774/774 947/947 775/775
f 948/948 944/944 774/774
f 948/948 949/949 942/942
f 772/772 938/938 949/949
f 949/949 941/941 945/945
f 944/944 950/950 947/947
f 951/951 952/952 953/953
f 951/951 954/954 955/955
f 805/805 956/956 806/806
f 957/957 953/953 805/805
f 957/957 958/958 951/951
f 803/803 947/947 958/958
f 958/958 950/950 954/954
f 953/953 959/959 956/956
f 960/960 961/961 962/962
f 960/960 963/963 964/964
f 836/836 965/965 837/837
f 966/966 962/962 836/836
f 966/966 967/967 960/960
f 834/834 956/956 967/967
f 967/967 959/959 963/963
f 962/962 968/968 965/965
f 969/969 970/970 971/971
f 969/969 972/972 973/973
f 863/863 873/873 516/516
f 974/974 971/971 863/863
f 974/974 975/975 969/969
f 861/861 965/965 975/975
f 975/975 968/968 972/972
f 971/971 874/874 873/873
f 976/976 977/977 978/978
f 979/979 980/980 977/977
f 977/977 981/981 978/978
f 977/977 982/982 983/983
f 984/984 976/976 985/985
f 986/986 976/976 987/987
f 988/988 979/979 986/986
f 989/989 990/990 988/988
f 991/991 980/980 990/990
f 980/980 992/992 982/982
f 982/982 993/993 994/994
f 983/983 994/994 995/995
f 981/981 995/995 996/996
f 981/981 997/997 998/998
f 978/978 998/998 999/999
f 985/985 978/978 999/999
f 1000/1000 1002/1002 1003/1003
f 1004/1004 1006/1006 1001/1001
f 1002/1002 1007/1007 1003/1003
f 1006/1006 1008/1008 1001/1001
f 1010/1010 1000/1000 1011/1011
f 1012/1012 1005/1005 1000/1000
f 1013/1013 1004/1004 1014/1014
f 1013/1013 985/985 1016/1016
f 1016/1016 999/999 1006/1006
f 999/999 1017/1017 1006/1006
f 1017/1017 997/997 1018/1018
f 1008/1008 1018/1018 1020/1020
f 1007/1007 1019/1019 1021/1021
f 1022/1022 1021/1021 1023/1023
f 1024/1024 1007/1007 1022/1022
f 1000/1000 1024/1024 1011/1011
f 1025/1025 1026/1026 1027/1027
f 1028/1028 1029/1029 1026/1026
f 1026/1026 1030/1030 1027/1027
f 1026/1026 1031/1031 1032/1032
f 1033/1033 1034/1034 1035/1035
f 1033/1033 1028/1028 1025/1025
f 1036/1036 1028/1028 1037/1037
f 1010/1010 1038/1038 1036/1036
f 1011/1011 1029/1029 1038/1038
f 1024/1024 1031/1031 1029/1029
f 1022/1022 1039/1039 1031/1031
f 1032/1032 1039/1039 1040/1040
f 1032/1032 1041/1041 1030/1030
f 1042/1042 1041/1041 1043/1043
f 1027/1027 1042/1042 1044/1044
f 1034/1034 1027/1027 1044/1044
f 1045/1045 1046/1046 1047/1047
f 1045/1045 1048/1048 1049/1049
f 1049/1049 1050/1050 1046/1046
f 1048/1048 1051/1051 1049/1049
f 1052/1052 1047/1047 1053/1053
f 1054/1054 1045/1045 1047/1047
f 1055/1055 1056/1056 1045/1045
f 1035/1035 1056/1056 1057/1057
f 1034/1034 1048/1048 1056/1056
f 1048/1048 1042/1042 1058/1058
f 1042/1042 1059/1059 1058/1058
f 1058/1058 1060/1060 1051/1051
f 1050/1050 1060/1060 1061/1061
f 1050/1050 1062/1062 1063/1063
f 1064/1064 1050/1050 1063/1063
f 1047/1047 1064/1064 1053/1053
f 1065/1065 1066/1066 1067/1067
f 1068/1068 1069/1069 1066/1066
f 1067/1067 1070/1070 1071/1071
f 1066/1066 1072/1072 1070/1070
f 1073/1073 1065/1065 1075/1075
f 1077/1077 1068/1068 1065/1065
f 1078/1078 1079/1079 1068/1068
f 1080/1080 1053/1053 1079/1079
f 1079/1079 1064/1064 1069/1069
f 1069/1069 1063/1063 1072/1072
f 1072/1072 1062/1062 1081/1081
f 1070/1070 1081/1081 1082/1082
f 1071/1071 1082/1082 1083/1083
f 1084/1084 1083/1083 1086/1086
f 1088/1088 1071/1071 1084/1084
f 1075/1075 1067/1067 1088/1088
f 1090/1090 1091/1091 1092/1092
f 1093/1093 1094/1094 1091/1091
f 1092/1092 1095/1095 1096/1096
f 1091/1091 1097/1097 1095/1095
f 1098/1098 1090/1090 1099/1099
f 1100/1100 1093/1093 1090/1090
f 1101/1101 1102/1102 1093/1093
f 1103/1103 1076/1076 1102/1102
f 1102/1102 1089/1089 1094/1094
f 1094/1094 1085/1085 1097/1097
f 1097/1097 1087/1087 1104/1104
f 1095/1095 1104/1104 1105/1105
f 1096/1096 1105/1105 1106/1106
f 1107/1107 1106/1106 1108/1108
f 1109/1109 1096/1096 1107/1107
f 1099/1099 1092/1092 1109/1109
f 1110/1110 1111/1111 1112/1112
f 1113/1113 1114/1114 1111/1111
f 1112/1112 1115/1115 1116/1116
f 1111/1111 1117/1117 1115/1115
f 1118/1118 1110/1110 1119/1119
f 1120/1120 1113/1113 1110/1110
f 1121/1121 1122/1122 1113/1113
f 1123/1123 1099/1099 1122/1122
f 1122/1122 1109/1109 1114/1114
f 1114/1114 1107/1107 1117/1117
f 1117/1117 1108/1108 1124/1124
f 1115/1115 1124/1124 1125/1125
f 1116/1116 1125/1125 1126/1126
f 1127/1127 1126/1126 1128/1128
f 1129/1129 1116/1116 1127/1127
f 1119/1119 1112/1112 1129/1129
f 1130/1130 1131/1131 1132/1132
f 1130/1130 1133/1133 1135/1135
f 1135/1135 1136/1136 1131/1131
f 1135/1135 1137/1137 1139/1139
f 1140/1140 1141/1141 1142/1142
f 1143/1143 1132/1132 1140/1140
f 1143/1143 1145/1145 1130/1130
f 1146/1146 1119/1119 1144/1144
f 1144/1144 1129/1129 1134/1134
f 1134/1134 1127/1127 1138/1138
f 1138/1138 1128/1128 1148/1148
f 1139/1139 1149/1149 1150/1150
f 1139/1139 1151/1151 1136/1136
f 1136/1136 1152/1152 1153/1153
f 1131/1131 1153/1153 1154/1154
f 1132/1132 1154/1154 1141/1141
f 1155/1155 1156/1156 1157/1157
f 1158/1158 1159/1159 1155/1155
f 1159/1159 1160/1160 1156/1156
f 1161/1161 1162/1162 1159/1159
f 1163/1163 1164/1164 1165/1165
f 1166/1166 1157/1157 1163/1163
f 1167/1167 1155/1155 1166/1166
f 1142/1142 1158/1158 1167/1167
f 1141/1141 1161/1161 1158/1158
f 1154/1154 1168/1168 1161/1161
f 1153/1153 1169/1169 1168/1168
f 1168/1168 1170/1170 1162/1162
f 1162/1162 1171/1171 1160/1160
f 1160/1160 1172/1172 1173/1173
f 1156/1156 1173/1173 1174/1174
f 1157/1157 1174/1174 1164/1164
f 1175/1175 1176/1176 1177/1177
f 1178/1178 1179/1179 1175/1175
f 1179/1179 1180/1180 1176/1176
f 1181/1181 1182/1182 1179/1179
f 1183/1183 1185/1185 1187/1187
f 1188/1188 1177/1177 1183/1183
f 1189/1189 1175/1175 1188/1188
f 1165/1165 1178/1178 1189/1189
f 1164/1164 1181/1181 1178/1178
f 1174/1174 1190/1190 1181/1181
f 1173/1173 1191/1191 1190/1190
f 1190/1190 1192/1192 1182/1182
f 1182/1182 1193/1193 1180/1180
f 1180/1180 1194/1194 1196/1196
f 1176/1176 1196/1196 1199/1199
f 1177/1177 1199/1199 1185/1185
f 1200/1200 1201/1201 1202/1202
f 1203/1203 1204/1204 1200/1200
f 1204/1204 1205/1205 1201/1201
f 1206/1206 1207/1207 1204/1204
f 1208/1208 1209/1209 1210/1210
f 1211/1211 1202/1202 1208/1208
f 1212/1212 1200/1200 1211/1211
f 1186/1186 1203/1203 1212/1212
f 1184/1184 1206/1206 1203/1203
f 1198/1198 1213/1213 1206/1206
f 1197/1197 1214/1214 1213/1213
f 1213/1213 1215/1215 1207/1207
f 1207/1207 1216/1216 1205/1205
f 1205/1205 1217/1217 1218/1218
f 1201/1201 1218/1218 1219/1219
f 1202/1202 1219/1219 1209/1209
f 1220/1220 1221/1221 1222/1222
f 1223/1223 1221/1221 1224/1224
f 1221/1221 1225/1225 1222/1222
f 1226/1226 1227/1227 1221/1221
f 992/992 1228/1228 993/993
f 992/992 1224/1224 1220/1220
f 991/991 1224/1224 1229/1229
f 991/991 1230/1230 1223/1223
f 1223/1223 1231/1231 1226/1226
f 1226/1226 1232/1232 1233/1233
f 1233/1233 1210/1210 1209/1209
f 1227/1227 1209/1209 1219/1219
f 1225/1225 1219/1219 1218/1218
f 1225/1225 1217/1217 1234/1234
f 1235/1235 1225/1225 1234/1234
f 1220/1220 1235/1235 1228/1228
f 1236/1236 1238/1238 1239/1239
f 1236/1236 1241/1241 1242/1242
f 1237/1237 1244/1244 1245/1245
f 1240/1240 1244/1244 1243/1243
f 996/996 1246/1246 997/997
f 995/995 1239/1239 996/996
f 995/995 1247/1247 1236/1236
f 994/994 1248/1248 1247/1247
f 1247/1247 1249/1249 1241/1241
f 1250/1250 1251/1251 1240/1240
f 1252/1252 1253/1253 1251/1251
f 1251/1251 1254/1254 1244/1244
f 1245/1245 1254/1254 1255/1255
f 1256/1256 1255/1255 1257/1257
f 1259/1259 1245/1245 1256/1256
f 1239/1239 1258/1258 1246/1246
f 1260/1260 1262/1262 1264/1264
f 1261/1261 1266/1266 1267/1267
f 1263/1263 1270/1270 1271/1271
f 1265/1265 1270/1270 1269/1269
f 1021/1021 1272/1272 1023/1023
f 1019/1019 1264/1264 1021/1021
f 1020/1020 1273/1273 1261/1261
f 1018/1018 1246/1246 1273/1273
f 1273/1273 1258/1258 1266/1266
f 1259/1259 1274/1274 1265/1265
f 1256/1256 1275/1275 1274/1274
f 1274/1274 1276/1276 1270/1270
f 1271/1271 1276/1276 1277/1277
f 1278/1278 1277/1277 1279/1279
f 1281/1281 1271/1271 1278/1278
f 1264/1264 1280/1280 1272/1272
f 1282/1282 1284/1284 1285/1285
f 1282/1282 1287/1287 1288/1288
f 1283/1283 1290/1290 1291/1291
f 1286/1286 1290/1290 1289/1289
f 1041/1041 1292/1292 1043/1043
f 1040/1040 1285/1285 1041/1041
f 1040/1040 1293/1293 1282/1282
f 1039/1039 1272/1272 1293/1293
f 1293/1293 1280/1280 1287/1287
f 1281/1281 1294/1294 1286/1286
f 1278/1278 1295/1295 1294/1294
f 1294/1294 1296/1296 1290/1290
f 1291/1291 1296/1296 1297/1297
f 1298/1298 1297/1297 1299/1299
f 1300/1300 1291/1291 1298/1298
f 1285/1285 1301/1301 1292/1292
f 1302/1302 1303/1303 1305/1305
f 1302/1302 1306/1306 1308/1308
f 1304/1304 1310/1310 1311/1311
f 1307/1307 1310/1310 1309/1309
f 1061/1061 1312/1312 1062/1062
f 1060/1060 1305/1305 1061/1061
f 1060/1060 1313/1313 1302/1302
f 1059/1059 1292/1292 1313/1313
f 1313/1313 1301/1301 1306/1306
f 1300/1300 1314/1314 1307/1307
f 1298/1298 1315/1315 1314/1314
f 1314/1314 1316/1316 1310/1310
f 1311/1311 1316/1316 1317/1317
f 1318/1318 1317/1317 1319/1319
f 1320/1320 1311/1311 1318/1318
f 1305/1305 1321/1321 1312/1312
f 1322/1322 1323/1323 1325/1325
f 1327/1327 1328/1328 1323/1323
f 1324/1324 1330/1330 1326/1326
f 1329/1329 1331/1331 1324/1324
f 1086/1086 1322/1322 1333/1333
f 1083/1083 1327/1327 1322/1322
f 1082/1082 1334/1334 1327/1327
f 1081/1081 1312/1312 1334/1334
f 1334/1334 1321/1321 1328/1328
f 1329/1329 1318/1318 1335/1335
f 1318/1318 1336/1336 1335/1335
f 1335/1335 1337/1337 1331/1331
f 1331/1331 1338/1338 1330/1330
f 1330/1330 1339/1339 1340/1340
f 1326/1326 1340/1340 1341/1341
f 1333/1333 1325/1325 1342/1342
f 1344/1344 1346/1346 1347/1347
f 1348/1348 1350/1350 1344/1344
f 1345/1345 1351/1351 1352/1352
f 1349/1349 1353/1353 1351/1351
f 1216/1216 1354/1354 1217/1217
f 1215/1215 1347/1347 1216/1216
f 1214/1214 1344/1344 1215/1215
f 1195/1195 1348/1348 1214/1214
f 1356/1356 1358/1358 1348/1348
f 1357/1357 1359/1359 1353/1353
f 1353/1353 1360/1360 1361/1361
f 1351/1351 1361/1361 1362/1362
f 1352/1352 1362/1362 1363/1363
f 1364/1364 1363/1363 1365/1365
f 1345/1345 1364/1364 1366/1366
f 1347/1347 1367/1367 1354/1354
f 1368/1368 1370/1370 1371/1371
f 1369/1369 1372/1372 1373/1373
f 1370/1370 1376/1376 1377/1377
f 1372/1372 1375/1375 1373/1373
f 1354/1354 1234/1234 1217/1217
f 1367/1367 1371/1371 1354/1354
f 1366/1366 1378/1378 1369/1369
f 1364/1364 1379/1379 1378/1378
f 1378/1378 1380/1380 1372/1372
f 1380/1380 1381/1381 1372/1372
f 1382/1382 1252/1252 1381/1381
f 1381/1381 1250/1250 1375/1375
f 1377/1377 1249/1249 1248/1248
f 1228/1228 1248/1248 993/993
f 1235/1235 1377/1377 1228/1228
f 1371/1371 1235/1235 1234/1234
f 1384/1384 1385/1385 1386/1386
f 1383/1383 1387/1387 1388/1388
f 1385/1385 1391/1391 1392/1392
f 1387/1387 1390/1390 1388/1388
f 1359/1359 1393/1393 1360/1360
f 1395/1395 1386/1386 1359/1359
f 1394/1394 1397/1397 1383/1383
f 1355/1355 1398/1398 1397/1397
f 1398/1398 1387/1387 1397/1397
f 1399/1399 1400/1400 1387/1387
f 1401/1401 1402/1402 1400/1400
f 1400/1400 1403/1403 1390/1390
f 1391/1391 1405/1405 1392/1392
f 1406/1406 1405/1405 1407/1407
f 1408/1408 1392/1392 1406/1406
f 1393/1393 1385/1385 1408/1408
f 1409/1409 1410/1410 1411/1411
f 1412/1412 1413/1413 1410/1410
f 1411/1411 1414/1414 1415/1415
f 1410/1410 1416/1416 1414/1414
f 1417/1417 1409/1409 1418/1418
f 1419/1419 1412/1412 1409/1409
f 1420/1420 1421/1421 1412/1412
f 1422/1422 1393/1393 1421/1421
f 1421/1421 1408/1408 1413/1413
f 1413/1413 1406/1406 1416/1416
f 1416/1416 1407/1407 1423/1423
f 1414/1414 1423/1423 1424/1424
f 1415/1415 1424/1424 1425/1425
f 1426/1426 1425/1425 1427/1427
f 1428/1428 1415/1415 1426/1426
f 1418/1418 1411/1411 1428/1428
f 1429/1429 1430/1430 1431/1431
f 1432/1432 1433/1433 1430/1430
f 1431/1431 1434/1434 1435/1435
f 1430/1430 1436/1436 1434/1434
f 1437/1437 1429/1429 1438/1438
f 1439/1439 1432/1432 1429/1429
f 1440/1440 1441/1441 1432/1432
f 1442/1442 1418/1418 1441/1441
f 1441/1441 1428/1428 1433/1433
f 1433/1433 1426/1426 1436/1436
f 1436/1436 1427/1427 1443/1443
f 1434/1434 1443/1443 1444/1444
f 1435/1435 1444/1444 1445/1445
f 1446/1446 1445/1445 1447/1447
f 1448/1448 1435/1435 1446/1446
f 1438/1438 1431/1431 1448/1448
f 1449/1449 1450/1450 1451/1451
f 1449/1449 1452/1452 1453/1453
f 1453/1453 1454/1454 1450/1450
f 1453/1453 1455/1455 1456/1456
f 1457/1457 1458/1458 1459/1459
f 1460/1460 1451/1451 1457/1457
f 1460/1460 1461/1461 1449/1449
f 1462/1462 1438/1438 1461/1461
f 1461/1461 1448/1448 1452/1452
f 1452/1452 1446/1446 1455/1455
f 1455/1455 1447/1447 1463/1463
f 1456/1456 1463/1463 1464/1464
f 1456/1456 1465/1465 1454/1454
f 1454/1454 1466/1466 1467/1467
f 1450/1450 1467/1467 1468/1468
f 1451/1451 1468/1468 1458/1458
f 1469/1469 1470/1470 1471/1471
f 1472/1472 1473/1473 1469/1469
f 1473/1473 1474/1474 1470/1470
f 1475/1475 1476/1476 1473/1473
f 1477/1477 1478/1478 1479/1479
f 1480/1480 1471/1471 1477/1477
f 1481/1481 1469/1469 1480/1480
f 1459/1459 1472/1472 1481/1481
f 1458/1458 1475/1475 1472/1472
f 1468/1468 1482/1482 1475/1475
f 1467/1467 1483/1483 1482/1482
f 1482/1482 1484/1484 1476/1476
f 1476/1476 1485/1485 1474/1474
f 1474/1474 1486/1486 1487/1487
f 1470/1470 1487/1487 1488/1488
f 1471/1471 1488/1488 1478/1478
f 1489/1489 1490/1490 1491/1491
f 1492/1492 1493/1493 1489/1489
f 1493/1493 1494/1494 1490/1490
f 1495/1495 1496/1496 1493/1493
f 1497/1497 1498/1498 1339/1339
f 1499/1499 1491/1491 1497/1497
f 1500/1500 1489/1489 1499/1499
f 1479/1479 1492/1492 1500/1500
f 1478/1478 1495/1495 1492/1492
f 1488/1488 1501/1501 1495/1495
f 1487/1487 1502/1502 1501/1501
f 1501/1501 1503/1503 1496/1496
f 1496/1496 1504/1504 1494/1494
f 1494/1494 1505/1505 1506/1506
f 1490/1490 1506/1506 1507/1507
f 1491/1491 1507/1507 1498/1498
f 1509/1509 1510/1510 1511/1511
f 1508/1508 1512/1512 1514/1514
f 1510/1510 1516/1516 1517/1517
f 1512/1512 1515/1515 1514/1514
f 1332/1332 1518/1518 1087/1087
f 1343/1343 1511/1511 1332/1332
f 1341/1341 1519/1519 1508/1508
f 1340/1340 1498/1498 1519/1519
f 1498/1498 1512/1512 1519/1519
f 1507/1507 1520/1520 1512/1512
f 1506/1506 1521/1521 1520/1520
f 1515/1515 1521/1521 1522/1522
f 1517/1517 1523/1523 1524/1524
f 1525/1525 1524/1524 1526/1526
f 1527/1527 1517/1517 1525/1525
f 1518/1518 1510/1510 1527/1527
f 1528/1528 1529/1529 1530/1530
f 1531/1531 1532/1532 1528/1528
f 1532/1532 1533/1533 1529/1529
f 1534/1534 1535/1535 1532/1532
f 1193/1193 1398/1398 1194/1194
f 1192/1192 1530/1530 1193/1193
f 1191/1191 1528/1528 1192/1192
f 1172/1172 1531/1531 1191/1191
f 1536/1536 1534/1534 1531/1531
f 1537/1537 1538/1538 1534/1534
f 1539/1539 1540/1540 1538/1538
f 1538/1538 1541/1541 1535/1535
f 1535/1535 1542/1542 1533/1533
f 1533/1533 1543/1543 1401/1401
f 1529/1529 1401/1401 1399/1399
f 1530/1530 1399/1399 1398/1398
f 1544/1544 1545/1545 1546/1546
f 1547/1547 1548/1548 1544/1544
f 1548/1548 1549/1549 1545/1545
f 1550/1550 1551/1551 1548/1548
f 1171/1171 1536/1536 1172/1172
f 1170/1170 1546/1546 1171/1171
f 1169/1169 1544/1544 1170/1170
f 1152/1152 1547/1547 1169/1169
f 1552/1552 1550/1550 1547/1547
f 1553/1553 1554/1554 1550/1550
f 1555/1555 1556/1556 1554/1554
f 1554/1554 1557/1557 1551/1551
f 1551/1551 1558/1558 1549/1549
f 1549/1549 1559/1559 1539/1539
f 1545/1545 1539/1539 1537/1537
f 1546/1546 1537/1537 1536/1536
f 1560/1560 1561/1561 1562/1562
f 1560/1560 1563/1563 1565/1565
f 1565/1565 1566/1566 1561/1561
f 1565/1565 1568/1568 1569/1569
f 1151/1151 1552/1552 1152/1152
f 1150/1150 1562/1562 1151/1151
f 1150/1150 1570/1570 1560/1560
f 1148/1148 1572/1572 1571/1571
f 1571/1571 1573/1573 1564/1564
f 1564/1564 1574/1574 1567/1567
f 1567/1567 1575/1575 1577/1577
f 1569/1569 1576/1576 1578/1578
f 1569/1569 1579/1579 1566/1566
f 1566/1566 1580/1580 1555/1555
f 1561/1561 1555/1555 1553/1553
f 1562/1562 1553/1553 1552/1552
f 1581/1581 1582/1582 1583/1583
f 1584/1584 1585/1585 1582/1582
f 1583/1583 1586/1586 1587/1587
f 1582/1582 1588/1588 1586/1586
f 1128/1128 1581/1581 1572/1572
f 1126/1126 1584/1584 1581/1581
f 1125/1125 1589/1589 1584/1584
f 1124/1124 1590/1590 1589/1589
f 1589/1589 1591/1591 1585/1585
f 1585/1585 1592/1592 1588/1588
f 1588/1588 1593/1593 1594/1594
f 1586/1586 1594/1594 1595/1595
f 1587/1587 1595/1595 1596/1596
f 1574/1574 1596/1596 1575/1575
f 1573/1573 1587/1587 1574/1574
f 1572/1572 1583/1583 1573/1573
f 1597/1597 1598/1598 1599/1599
f 1600/1600 1601/1601 1598/1598
f 1599/1599 1602/1602 1603/1603
f 1598/1598 1604/1604 1602/1602
f 1108/1108 1597/1597 1590/1590
f 1106/1106 1600/1600 1597/1597
f 1105/1105 1605/1605 1600/1600
f 1104/1104 1518/1518 1605/1605
f 1605/1605 1527/1527 1601/1601
f 1601/1601 1525/1525 1604/1604
f 1604/1604 1526/1526 1606/1606
f 1602/1602 1606/1606 1607/1607
f 1603/1603 1607/1607 1608/1608
f 1592/1592 1608/1608 1593/1593
f 1591/1591 1603/1603 1592/1592
f 1590/1590 1599/1599 1591/1591
f 1609/1609 1611/1611 1612/1612
f 1613/1613 1615/1615 1610/1610
f 1614/1614 1616/1616 1611/1611
f 1617/1617 1618/1618 1615/1615
f 1405/1405 1620/1620 1407/1407
f 1404/1404 1612/1612 1405/1405
f 1402/1402 1610/1610 1403/1403
f 1543/1543 1613/1613 1402/1402
f 1621/1621 1617/1617 1613/1613
f 1622/1622 1623/1623 1617/1617
f 1623/1623 1624/1624 1625/1625
f 1618/1618 1625/1625 1626/1626
f 1619/1619 1628/1628 1616/1616
f 1616/1616 1629/1629 1630/1630
f 1611/1611 1630/1630 1631/1631
f 1612/1612 1631/1631 1620/1620
f 1632/1632 1633/1633 1634/1634
f 1635/1635 1636/1636 1633/1633
f 1634/1634 1637/1637 1638/1638
f 1633/1633 1639/1639 1637/1637
f 1427/1427 1632/1632 1640/1640
f 1425/1425 1635/1635 1632/1632
f 1424/1424 1641/1641 1635/1635
f 1423/1423 1620/1620 1641/1641
f 1641/1641 1631/1631 1636/1636
f 1636/1636 1630/1630 1639/1639
f 1639/1639 1629/1629 1642/1642
f 1637/1637 1642/1642 1643/1643
f 1638/1638 1643/1643 1644/1644
f 1645/1645 1644/1644 1646/1646
f 1647/1647 1638/1638 1645/1645
f 1640/1640 1634/1634 1647/1647
f 1648/1648 1649/1649 1650/1650
f 1651/1651 1652/1652 1649/1649
f 1650/1650 1653/1653 1654/1654
f 1649/1649 1655/1655 1653/1653
f 1447/1447 1648/1648 1656/1656
f 1445/1445 1651/1651 1648/1648
f 1444/1444 1657/1657 1651/1651
f 1443/1443 1640/1640 1657/1657
f 1657/1657 1647/1647 1652/1652
f 1652/1652 1645/1645 1655/1655
f 1655/1655 1646/1646 1658/1658
f 1653/1653 1658/1658 1659/1659
f 1654/1654 1659/1659 1660/1660
f 1661/1661 1660/1660 1662/1662
f 1663/1663 1654/1654 1661/1661
f 1656/1656 1650/1650 1663/1663
f 1664/1664 1665/1665 1666/1666
f 1664/1664 1667/1667 1668/1668
f 1668/1668 1669/1669 1665/1665
f 1668/1668 1670/1670 1671/1671
f 1465/1465 1672/1672 1466/1466
f 1464/1464 1666/1666 1465/1465
f 1464/1464 1673/1673 1664/1664
f 1463/1463 1656/1656 1673/1673
f 1673/1673 1663/1663 1667/1667
f 1667/1667 1661/1661 1670/1670
f 1670/1670 1662/1662 1674/1674
f 1671/1671 1674/1674 1675/1675
f 1671/1671 1676/1676 1669/1669
f 1669/1669 1677/1677 1678/1678
f 1665/1665 1678/1678 1679/1679
f 1666/1666 1679/1679 1672/1672
f 1680/1680 1681/1681 1682/1682
f 1683/1683 1684/1684 1680/1680
f 1684/1684 1685/1685 1681/1681
f 1686/1686 1687/1687 1684/1684
f 1485/1485 1688/1688 1486/1486
f 1484/1484 1682/1682 1485/1485
f 1483/1483 1680/1680 1484/1484
f 1466/1466 1683/1683 1483/1483
f 1672/1672 1686/1686 1683/1683
f 1679/1679 1689/1689 1686/1686
f 1678/1678 1690/1690 1689/1689
f 1689/1689 1691/1691 1687/1687
f 1687/1687 1692/1692 1685/1685
f 1685/1685 1693/1693 1694/1694
f 1681/1681 1694/1694 1695/1695
f 1682/1682 1695/1695 1688/1688
f 1696/1696 1697/1697 1698/1698
f 1699/1699 1700/1700 1696/1696
f 1700/1700 1701/1701 1697/1697
f 1702/1702 1703/1703 1700/1700
f 1504/1504 1704/1704 1505/1505
f 1503/1503 1698/1698 1504/1504
f 1502/1502 1696/1696 1503/1503
f 1486/1486 1699/1699 1502/1502
f 1688/1688 1702/1702 1699/1699
f 1695/1695 1705/1705 1702/1702
f 1694/1694 1706/1706 1705/1705
f 1705/1705 1707/1707 1703/1703
f 1703/1703 1708/1708 1701/1701
f 1701/1701 1709/1709 1710/1710
f 1697/1697 1710/1710 1711/1711
f 1698/1698 1711/1711 1704/1704
f 1712/1712 1713/1713 1715/1715
f 1716/1716 1718/1718 1714/1714
f 1715/1715 1720/1720 1721/1721
f 1714/1714 1722/1722 1719/1719
f 1526/1526 1712/1712 1723/1723
f 1524/1524 1717/1717 1712/1712
f 1522/1522 1724/1724 1716/1716
f 1521/1521 1704/1704 1724/1724
f 1724/1724 1711/1711 1718/1718
f 1718/1718 1710/1710 1722/1722
f 1722/1722 1709/1709 1725/1725
f 1719/1719 1725/1725 1726/1726
f 1720/1720 1728/1728 1721/1721
f 1721/1721 1729/1729 1730/1730
f 1731/1731 1721/1721 1730/1730
f 1723/1723 1715/1715 1731/1731
f 1732/1732 1733/1733 1734/1734
f 1735/1735 1736/1736 1732/1732
f 1736/1736 1737/1737 1733/1733
f 1738/1738 1739/1739 1736/1736
f 1542/1542 1621/1621 1543/1543
f 1541/1541 1734/1734 1542/1542
f 1540/1540 1732/1732 1541/1541
f 1559/1559 1735/1735 1540/1540
f 1740/1740 1738/1738 1735/1735
f 1741/1741 1742/1742 1738/1738
f 1743/1743 1744/1744 1742/1742
f 1742/1742 1745/1745 1739/1739
f 1739/1739 1746/1746 1737/1737
f 1737/1737 1624/1624 1747/1747
f 1733/1733 1747/1747 1622/1622
f 1734/1734 1622/1622 1621/1621
f 1748/1748 1749/1749 1750/1750
f 1751/1751 1752/1752 1748/1748
f 1752/1752 1753/1753 1749/1749
f 1754/1754 1755/1755 1752/1752
f 1558/1558 1740/1740 1559/1559
f 1557/1557 1750/1750 1558/1558
f 1556/1556 1748/1748 1557/1557
f 1580/1580 1751/1751 1556/1556
f 1756/1756 1754/1754 1751/1751
f 1757/1757 1758/1758 1754/1754
f 1759/1759 1760/1760 1758/1758
f 1758/1758 1761/1761 1755/1755
f 1755/1755 1762/1762 1753/1753
f 1753/1753 1763/1763 1743/1743
f 1749/1749 1743/1743 1741/1741
f 1750/1750 1741/1741 1740/1740
f 1764/1764 1765/1765 1766/1766
f 1764/1764 1768/1768 1769/1769
f 1769/1769 1770/1770 1765/1765
f 1769/1769 1771/1771 1773/1773
f 1579/1579 1756/1756 1580/1580
f 1578/1578 1766/1766 1579/1579
f 1578/1578 1775/1775 1764/1764
f 1577/1577 1776/1776 1774/1774
f 1774/1774 1777/1777 1767/1767
f 1767/1767 1778/1778 1772/1772
f 1772/1772 1779/1779 1781/1781
f 1773/1773 1780/1780 1782/1782
f 1773/1773 1783/1783 1770/1770
f 1770/1770 1784/1784 1759/1759
f 1765/1765 1759/1759 1757/1757
f 1766/1766 1757/1757 1756/1756
f 1785/1785 1786/1786 1787/1787
f 1788/1788 1789/1789 1786/1786
f 1787/1787 1790/1790 1791/1791
f 1786/1786 1792/1792 1790/1790
f 1575/1575 1785/1785 1776/1776
f 1596/1596 1788/1788 1785/1785
f 1595/1595 1793/1793 1788/1788
f 1594/1594 1794/1794 1793/1793
f 1793/1793 1795/1795 1789/1789
f 1789/1789 1796/1796 1792/1792
f 1792/1792 1797/1797 1798/1798
f 1790/1790 1798/1798 1799/1799
f 1791/1791 1799/1799 1800/1800
f 1778/1778 1800/1800 1779/1779
f 1777/1777 1791/1791 1778/1778
f 1776/1776 1787/1787 1777/1777
f 1801/1801 1802/1802 1803/1803
f 1804/1804 1805/1805 1802/1802
f 1803/1803 1806/1806 1807/1807
f 1802/1802 1808/1808 1806/1806
f 1593/1593 1801/1801 1794/1794
f 1608/1608 1804/1804 1801/1801
f 1607/1607 1809/1809 1804/1804
f 1606/1606 1723/1723 1809/1809
f 1809/1809 1731/1731 1805/1805
f 1805/1805 1730/1730 1808/1808
f 1808/1808 1729/1729 1810/1810
f 1806/1806 1810/1810 1811/1811
f 1807/1807 1811/1811 1812/1812
f 1796/1796 1812/1812 1797/1797
f 1795/1795 1807/1807 1796/1796
f 1794/1794 1803/1803 1795/1795
f 1813/1813 1814/1814 1816/1816
f 1817/1817 1815/1815 1819/1819
f 1816/1816 1820/1820 1822/1822
f 1823/1823 1821/1821 1815/1815
f 1693/1693 1813/1813 1706/1706
f 1824/1824 1818/1818 1813/1813
f 1825/1825 1819/1819 1827/1827
f 1797/1797 1817/1817 1825/1825
f 1812/1812 1823/1823 1817/1817
f 1811/1811 1828/1828 1823/1823
f 1810/1810 1728/1728 1828/1828
f 1828/1828 1727/1727 1821/1821
f 1822/1822 1726/1726 1725/1725
f 1708/1708 1725/1725 1709/1709
f 1707/1707 1822/1822 1708/1708
f 1706/1706 1816/1816 1707/1707
f 1829/1829 1831/1831 1832/1832
f 1833/1833 1830/1830 1835/1835
f 1832/1832 1837/1837 1838/1838
f 1839/1839 1836/1836 1830/1830
f 1677/1677 1829/1829 1690/1690
f 1840/1840 1834/1834 1829/1829
f 1841/1841 1835/1835 1843/1843
f 1779/1779 1833/1833 1841/1841
f 1800/1800 1839/1839 1833/1833
f 1799/1799 1844/1844 1839/1839
f 1798/1798 1825/1825 1844/1844
f 1844/1844 1827/1827 1836/1836
f 1838/1838 1826/1826 1824/1824
f 1692/1692 1824/1824 1693/1693
f 1691/1691 1838/1838 1692/1692
f 1690/1690 1832/1832 1691/1691
f 1845/1845 1847/1847 1848/1848
f 1846/1846 1849/1849 1850/1850
f 1847/1847 1854/1854 1855/1855
f 1849/1849 1852/1852 1850/1850
f 1856/1856 1674/1674 1662/1662
f 1857/1857 1848/1848 1856/1856
f 1858/1858 1859/1859 1846/1846
f 1860/1860 1783/1783 1859/1859
f 1859/1859 1782/1782 1849/1849
f 1782/1782 1862/1862 1849/1849
f 1781/1781 1841/1841 1861/1861
f 1861/1861 1843/1843 1853/1853
f 1855/1855 1842/1842 1840/1840
f 1676/1676 1840/1840 1677/1677
f 1675/1675 1855/1855 1676/1676
f 1848/1848 1675/1675 1674/1674
f 1864/1864 1865/1865 1866/1866
f 1863/1863 1867/1867 1868/1868
f 1869/1869 1870/1870 1865/1865
f 1868/1868 1871/1871 1873/1873
f 1874/1874 1658/1658 1646/1646
f 1875/1875 1866/1866 1874/1874
f 1876/1876 1877/1877 1863/1863
f 1878/1878 1762/1762 1877/1877
f 1877/1877 1761/1761 1867/1867
f 1867/1867 1760/1760 1871/1871
f 1871/1871 1784/1784 1860/1860
f 1873/1873 1860/1860 1858/1858
f 1872/1872 1856/1856 1870/1870
f 1870/1870 1662/1662 1660/1660
f 1865/1865 1660/1660 1659/1659
f 1866/1866 1659/1659 1658/1658
f 1879/1879 1881/1881 1882/1882
f 1880/1880 1883/1883 1885/1885
f 1884/1884 1886/1886 1881/1881
f 1885/1885 1887/1887 1888/1888
f 1628/1628 1642/1642 1629/1629
f 1627/1627 1882/1882 1628/1628
f 1626/1626 1890/1890 1880/1880
f 1625/1625 1746/1746 1890/1890
f 1890/1890 1745/1745 1883/1883
f 1883/1883 1744/1744 1887/1887
f 1887/1887 1763/1763 1878/1878
f 1888/1888 1878/1878 1876/1876
f 1889/1889 1874/1874 1886/1886
f 1886/1886 1646/1646 1644/1644
f 1881/1881 1644/1644 1643/1643
f 1882/1882 1643/1643 1642/1642
f 1891/1891 1892/1892 1893/1893
f 1894/1894 1892/1892 1895/1895
f 1893/1893 1896/1896 1897/1897
f 1257/1257 1891/1891 1898/1898
f 1255/1255 1895/1895 1891/1891
f 1898/1898 1893/1893 1899/1899
f 1900/1900 1894/1894 1253/1253
f 1901/1901 1896/1896 1894/1894
f 1253/1253 1895/1895 1254/1254
f 1902/1902 1903/1903 1904/1904
f 1899/1899 1897/1897 1902/1902
f 1897/1897 1905/1905 1903/1903
f 1906/1906 1907/1907 1908/1908
f 1909/1909 1907/1907 1910/1910
f 1908/1908 1911/1911 1912/1912
f 1279/1279 1906/1906 1913/1913
f 1277/1277 1910/1910 1906/1906
f 1913/1913 1908/1908 1914/1914
f 1257/1257 1909/1909 1275/1275
f 1898/1898 1911/1911 1909/1909
f 1275/1275 1910/1910 1276/1276
f 1915/1915 1902/1902 1904/1904
f 1914/1914 1912/1912 1915/1915
f 1912/1912 1899/1899 1902/1902
f 1916/1916 1917/1917 1918/1918
f 1919/1919 1917/1917 1920/1920
f 1918/1918 1921/1921 1922/1922
f 1299/1299 1916/1916 1923/1923
f 1297/1297 1920/1920 1916/1916
f 1923/1923 1918/1918 1924/1924
f 1279/1279 1919/1919 1295/1295
f 1913/1913 1921/1921 1919/1919
f 1295/1295 1920/1920 1296/1296
f 1925/1925 1915/1915 1904/1904
f 1924/1924 1922/1922 1925/1925
f 1922/1922 1914/1914 1915/1915
f 1926/1926 1927/1927 1928/1928
f 1929/1929 1927/1927 1930/1930
f 1928/1928 1931/1931 1932/1932
f 1319/1319 1926/1926 1933/1933
f 1317/1317 1930/1930 1926/1926
f 1933/1933 1928/1928 1934/1934
f 1299/1299 1929/1929 1315/1315
f 1923/1923 1931/1931 1929/1929
f 1315/1315 1930/1930 1316/1316
f 1935/1935 1925/1925 1904/1904
f 1934/1934 1932/1932 1935/1935
f 1932/1932 1924/1924 1925/1925
f 1936/1936 1937/1937 1938/1938
f 1939/1939 1940/1940 1936/1936
f 1937/1937 1941/1941 1942/1942
f 1338/1338 1943/1943 1339/1339
f 1337/1337 1938/1938 1338/1338
f 1938/1938 1944/1944 1943/1943
f 1319/1319 1939/1939 1336/1336
f 1933/1933 1941/1941 1939/1939
f 1336/1336 1936/1936 1337/1337
f 1945/1945 1935/1935 1904/1904
f 1945/1945 1937/1937 1942/1942
f 1942/1942 1934/1934 1935/1935
f 1946/1946 1947/1947 1948/1948
f 1949/1949 1950/1950 1946/1946
f 1947/1947 1951/1951 1952/1952
f 1500/1500 1953/1953 1479/1479
f 1499/1499 1948/1948 1500/1500
f 1948/1948 1954/1954 1953/1953
f 1339/1339 1949/1949 1497/1497
f 1943/1943 1951/1951 1949/1949
f 1497/1497 1946/1946 1499/1499
f 1955/1955 1945/1945 1904/1904
f 1954/1954 1952/1952 1955/1955
f 1952/1952 1944/1944 1945/1945
f 1956/1956 1957/1957 1958/1958
f 1959/1959 1957/1957 1960/1960
f 1958/1958 1961/1961 1962/1962
f 1481/1481 1963/1963 1459/1459
f 1480/1480 1956/1956 1481/1481
f 1963/1963 1958/1958 1964/1964
f 1479/1479 1959/1959 1477/1477
f 1953/1953 1961/1961 1959/1959
f 1477/1477 1960/1960 1480/1480
f 1965/1965 1955/1955 1904/1904
f 1964/1964 1962/1962 1965/1965
f 1962/1962 1954/1954 1955/1955
f 1966/1966 1967/1967 1968/1968
f 1969/1969 1967/1967 1970/1970
f 1968/1968 1971/1971 1972/1972
f 1437/1437 1966/1966 1973/1973
f 1462/1462 1970/1970 1966/1966
f 1973/1973 1968/1968 1974/1974
f 1459/1459 1969/1969 1457/1457
f 1963/1963 1971/1971 1969/1969
f 1457/1457 1970/1970 1460/1460
f 1975/1975 1965/1965 1904/1904
f 1974/1974 1972/1972 1975/1975
f 1972/1972 1964/1964 1965/1965
f 1976/1976 1977/1977 1978/1978
f 1979/1979 1977/1977 1980/1980
f 1978/1978 1981/1981 1982/1982
f 1417/1417 1976/1976 1983/1983
f 1442/1442 1980/1980 1976/1976
f 1983/1983 1978/1978 1984/1984
f 1973/1973 1439/1439 1437/1437
f 1973/1973 1981/1981 1979/1979
f 1979/1979 1440/1440 1439/1439
f 1985/1985 1975/1975 1904/1904
f 1984/1984 1982/1982 1985/1985
f 1982/1982 1974/1974 1975/1975
f 1986/1986 1987/1987 1988/1988
f 1989/1989 1990/1990 1991/1991
f 1988/1988 1989/1989 1992/1992
f 1360/1360 1986/1986 1993/1993
f 1422/1422 1990/1990 1986/1986
f 1993/1993 1988/1988 1994/1994
f 1983/1983 1419/1419 1417/1417
f 1984/1984 1991/1991 1983/1983
f 1991/1991 1420/1420 1419/1419
f 1995/1995 1985/1985 1904/1904
f 1994/1994 1992/1992 1995/1995
f 1992/1992 1984/1984 1985/1985
f 1996/1996 1997/1997 1998/1998
f 1999/1999 2000/2000 2001/2001
f 1998/1998 1999/1999 2002/2002
f 1365/1365 1996/1996 2003/2003
f 1363/1363 2000/2000 1996/1996
f 2003/2003 1998/1998 2004/2004
f 1993/1993 1361/1361 1360/1360
f 1994/1994 2001/2001 1993/1993
f 2001/2001 1362/1362 1361/1361
f 2005/2005 1995/1995 1904/1904
f 2004/2004 2002/2002 2005/2005
f 1995/1995 1999/1999 1994/1994
f 2006/2006 2007/2007 2008/2008
f 2009/2009 2007/2007 2010/2010
f 2008/2008 2011/2011 2012/2012
f 1900/1900 2006/2006 1901/1901
f 1382/1382 2010/2010 2006/2006
f 1901/1901 2008/2008 1905/1905
f 1365/1365 2009/2009 1379/1379
f 2003/2003 2011/2011 2009/2009
f 1379/1379 2010/2010 1380/1380
f 1903/1903 2005/2005 1904/1904
f 1905/1905 2012/2012 1903/1903
f 2012/2012 2004/2004 2005/2005
f 1/1 2013/2013 2/2
f 6/6 31/31 7/7
f 8/8 16/16 10/10
f 14/14 13/13 17/17
f 19/19 2014/2014 21/21
f 15/15 44/44 27/27
f 29/29 2015/2015 32/32
f 33/33 2016/2016 35/35
f 28/28 4/4 12/12
f 20/20 2015/2015 29/29
f 38/38 2018/2018 42/42
f 44/44 2017/2017 40/40
f 22/22 39/39 34/34
f 45/45 48/48 46/46
f 48/48 56/56 49/49
f 46/46 51/51 50/50
f 49/49 61/61 51/51
f 52/52 45/45 53/53
f 52/52 55/55 48/48
f 55/55 58/58 56/56
f 57/57 59/59 56/56
f 59/59 287/287 49/49
f 49/49 287/287 60/60
f 61/61 60/60 62/62
f 61/61 63/63 64/64
f 51/51 64/64 65/65
f 66/66 50/50 65/65
f 68/68 47/47 50/50
f 45/45 47/47 68/68
f 69/69 72/72 70/70
f 72/72 77/77 73/73
f 70/70 75/75 74/74
f 73/73 80/80 75/75
f 65/65 69/69 76/76
f 65/65 64/64 72/72
f 64/64 63/63 77/77
f 62/62 78/78 77/77
f 78/78 308/308 73/73
f 73/73 308/308 79/79
f 80/80 79/79 81/81
f 80/80 82/82 83/83
f 75/75 83/83 84/84
f 85/85 74/74 84/84
f 87/87 71/71 74/74
f 69/69 71/71 87/87
f 88/88 91/91 89/89
f 91/91 96/96 92/92
f 89/89 94/94 93/93
f 92/92 99/99 94/94
f 84/84 88/88 95/95
f 84/84 83/83 91/91
f 83/83 82/82 96/96
f 81/81 97/97 96/96
f 97/97 325/325 92/92
f 92/92 325/325 98/98
f 99/99 98/98 100/100
f 99/99 101/101 102/102
f 94/94 102/102 103/103
f 104/104 93/93 103/103
f 106/106 90/90 93/93
f 88/88 90/90 106/106
f 107/107 110/110 108/108
f 110/110 115/115 111/111
f 108/108 113/113 112/112
f 111/111 118/118 113/113
f 103/103 107/107 114/114
f 103/103 102/102 110/110
f 102/102 101/101 115/115
f 100/100 116/116 115/115
f 116/116 342/342 111/111
f 111/111 342/342 117/117
f 118/118 117/117 119/119
f 118/118 120/120 121/121
f 113/113 121/121 122/122
f 123/123 112/112 122/122
f 125/125 109/109 112/112
f 107/107 109/109 125/125
f 126/126 131/131 127/127
f 131/131 137/137 132/132
f 128/128 135/135 134/134
f 133/133 140/140 135/135
f 122/122 126/126 136/136
f 122/122 121/121 131/131
f 121/121 120/120 137/137
f 119/119 138/138 137/137
f 138/138 362/362 132/132
f 133/133 363/363 139/139
f 140/140 139/139 141/141
f 140/140 142/142 143/143
f 135/135 143/143 144/144
f 145/145 134/134 144/144
f 147/147 130/130 134/134
f 126/126 129/129 148/148
f 149/149 152/152 150/150
f 152/152 157/157 153/153
f 150/150 155/155 154/154
f 153/153 160/160 155/155
f 144/144 149/149 156/156
f 144/144 143/143 152/152
f 143/143 142/142 157/157
f 141/141 158/158 157/157
f 158/158 381/381 153/153
f 153/153 381/381 159/159
f 160/160 159/159 161/161
f 160/160 162/162 163/163
f 155/155 163/163 164/164
f 165/165 154/154 164/164
f 167/167 151/151 154/154
f 149/149 151/151 167/167
f 168/168 171/171 169/169
f 171/171 176/176 172/172
f 169/169 174/174 173/173
f 172/172 179/179 174/174
f 164/164 168/168 175/175
f 164/164 163/163 171/171
f 163/163 162/162 176/176
f 161/161 177/177 176/176
f 177/177 398/398 172/172
f 172/172 398/398 178/178
f 179/179 178/178 180/180
f 179/179 181/181 182/182
f 174/174 182/182 183/183
f 184/184 173/173 183/183
f 186/186 170/170 173/173
f 168/168 170/170 186/186
f 187/187 190/190 188/188
f 190/190 195/195 191/191
f 188/188 193/193 192/192
f 191/191 198/198 193/193
f 183/183 187/187 194/194
f 183/183 182/182 190/190
f 182/182 181/181 195/195
f 180/180 196/196 195/195
f 196/196 415/415 191/191
f 191/191 415/415 197/197
f 198/198 197/197 199/199
f 198/198 200/200 201/201
f 193/193 201/201 202/202
f 203/203 192/192 202/202
f 205/205 189/189 192/192
f 187/187 189/189 205/205
f 206/206 209/209 207/207
f 209/209 214/214 210/210
f 207/207 212/212 211/211
f 210/210 217/217 212/212
f 202/202 206/206 213/213
f 202/202 201/201 209/209
f 201/201 200/200 214/214
f 199/199 215/215 214/214
f 215/215 432/432 210/210
f 210/210 432/432 216/216
f 217/217 216/216 218/218
f 217/217 219/219 220/220
f 212/212 220/220 221/221
f 222/222 211/211 221/221
f 224/224 208/208 211/211
f 206/206 208/208 224/224
f 225/225 228/228 226/226
f 228/228 233/233 229/229
f 226/226 231/231 230/230
f 229/229 236/236 231/231
f 221/221 225/225 232/232
f 221/221 220/220 228/228
f 220/220 219/219 233/233
f 218/218 234/234 233/233
f 234/234 449/449 229/229
f 229/229 449/449 235/235
f 236/236 235/235 237/237
f 236/236 238/238 239/239
f 231/231 239/239 240/240
f 241/241 230/230 240/240
f 243/243 227/227 230/230
f 225/225 227/227 243/243
f 244/244 247/247 245/245
f 247/247 252/252 248/248
f 245/245 250/250 249/249
f 248/248 255/255 250/250
f 240/240 244/244 251/251
f 240/240 239/239 247/247
f 239/239 238/238 252/252
f 237/237 253/253 252/252
f 253/253 466/466 248/248
f 248/248 466/466 254/254
f 255/255 254/254 256/256
f 255/255 257/257 258/258
f 250/250 258/258 259/259
f 260/260 249/249 259/259
f 262/262 246/246 249/249
f 244/244 246/246 262/262
f 263/263 267/267 264/264
f 266/266 274/274 267/267
f 264/264 267/267 268/268
f 267/267 274/274 270/270
f 57/57 58/58 265/265
f 55/55 263/263 265/265
f 52/52 266/266 263/263
f 52/52 54/54 272/272
f 266/266 272/272 273/273
f 273/273 275/275 270/270
f 275/275 261/261 259/259
f 268/268 270/270 259/259
f 269/269 268/268 258/258
f 269/269 257/257 256/256
f 264/264 269/269 276/276
f 271/271 265/265 264/264
f 278/278 282/282 279/279
f 278/278 288/288 281/281
f 282/282 285/285 283/283
f 282/282 281/281 284/284
f 60/60 280/280 286/286
f 287/287 278/278 280/280
f 287/287 59/59 288/288
f 59/59 57/57 289/289
f 288/288 289/289 290/290
f 281/281 290/290 291/291
f 284/284 291/291 292/292
f 285/285 284/284 293/293
f 285/285 294/294 295/295
f 283/283 295/295 296/296
f 279/279 283/283 297/297
f 280/280 279/279 298/298
f 299/299 303/303 300/300
f 299/299 309/309 302/302
f 303/303 306/306 304/304
f 303/303 302/302 305/305
f 79/79 301/301 307/307
f 308/308 299/299 301/301
f 308/308 78/78 309/309
f 78/78 62/62 286/286
f 309/309 286/286 298/298
f 302/302 298/298 297/297
f 305/305 297/297 296/296
f 306/306 305/305 310/310
f 306/306 311/311 312/312
f 304/304 312/312 313/313
f 300/300 304/304 314/314
f 301/301 300/300 315/315
f 316/316 320/320 317/317
f 316/316 326/326 319/319
f 320/320 323/323 321/321
f 320/320 319/319 322/322
f 98/98 318/318 324/324
f 325/325 316/316 318/318
f 325/325 97/97 326/326
f 97/97 81/81 307/307
f 326/326 307/307 315/315
f 319/319 315/315 314/314
f 322/322 314/314 313/313
f 323/323 322/322 327/327
f 323/323 328/328 329/329
f 321/321 329/329 330/330
f 317/317 321/321 331/331
f 318/318 317/317 332/332
f 333/333 337/337 334/334
f 333/333 343/343 336/336
f 337/337 340/340 338/338
f 337/337 336/336 339/339
f 117/117 335/335 341/341
f 342/342 333/333 335/335
f 342/342 116/116 343/343
f 116/116 100/100 324/324
f 343/343 324/324 332/332
f 336/336 332/332 331/331
f 339/339 331/331 330/330
f 340/340 339/339 344/344
f 340/340 345/345 346/346
f 338/338 346/346 347/347
f 334/334 338/338 348/348
f 335/335 334/334 349/349
f 350/350 355/355 352/352
f 351/351 364/364 354/354
f 355/355 360/360 357/357
f 356/356 354/354 358/358
f 139/139 353/353 361/361
f 363/363 350/350 353/353
f 362/362 138/138 364/364
f 138/138 119/119 341/341
f 364/364 341/341 349/349
f 354/354 349/349 348/348
f 358/358 348/348 347/347
f 359/359 358/358 365/365
f 360/360 367/367 368/368
f 357/357 368/368 369/369
f 352/352 357/357 370/370
f 353/353 352/352 371/371
f 372/372 376/376 373/373
f 372/372 382/382 375/375
f 376/376 379/379 377/377
f 376/376 375/375 378/378
f 159/159 374/374 380/380
f 381/381 372/372 374/374
f 381/381 158/158 382/382
f 158/158 141/141 361/361
f 382/382 361/361 371/371
f 375/375 371/371 370/370
f 378/378 370/370 369/369
f 379/379 378/378 383/383
f 379/379 384/384 385/385
f 377/377 385/385 386/386
f 373/373 377/377 387/387
f 374/374 373/373 388/388
f 389/389 393/393 390/390
f 389/389 399/399 392/392
f 393/393 396/396 394/394
f 393/393 392/392 395/395
f 178/178 391/391 397/397
f 398/398 389/389 391/391
f 398/398 177/177 399/399
f 177/177 161/161 380/380
f 399/399 380/380 388/388
f 392/392 388/388 387/387
f 395/395 387/387 386/386
f 396/396 395/395 400/400
f 396/396 401/401 402/402
f 394/394 402/402 403/403
f 390/390 394/394 404/404
f 391/391 390/390 405/405
f 406/406 410/410 407/407
f 406/406 416/416 409/409
f 410/410 413/413 411/411
f 410/410 409/409 412/412
f 197/197 408/408 414/414
f 415/415 406/406 408/408
f 415/415 196/196 416/416
f 196/196 180/180 397/397
f 416/416 397/397 405/405
f 409/409 405/405 404/404
f 412/412 404/404 403/403
f 413/413 412/412 417/417
f 413/413 418/418 419/419
f 411/411 419/419 420/420
f 407/407 411/411 421/421
f 408/408 407/407 422/422
f 423/423 427/427 424/424
f 423/423 433/433 426/426
f 427/427 430/430 428/428
f 427/427 426/426 429/429
f 216/216 425/425 431/431
f 432/432 423/423 425/425
f 432/432 215/215 433/433
f 215/215 199/199 414/414
f 433/433 414/414 422/422
f 426/426 422/422 421/421
f 429/429 421/421 420/420
f 430/430 429/429 434/434
f 430/430 435/435 436/436
f 428/428 436/436 437/437
f 424/424 428/428 438/438
f 425/425 424/424 439/439
f 440/440 444/444 441/441
f 440/440 450/450 443/443
f 444/444 447/447 445/445
f 444/444 443/443 446/446
f 235/235 442/442 448/448
f 449/449 440/440 442/442
f 449/449 234/234 450/450
f 234/234 218/218 431/431
f 450/450 431/431 439/439
f 443/443 439/439 438/438
f 446/446 438/438 437/437
f 447/447 446/446 451/451
f 447/447 452/452 453/453
f 445/445 453/453 454/454
f 441/441 445/445 455/455
f 442/442 441/441 456/456
f 457/457 461/461 458/458
f 457/457 467/467 460/460
f 461/461 464/464 462/462
f 461/461 460/460 463/463
f 254/254 459/459 465/465
f 466/466 457/457 459/459
f 466/466 253/253 467/467
f 253/253 237/237 448/448
f 467/467 448/448 456/456
f 460/460 456/456 455/455
f 463/463 455/455 454/454
f 464/464 463/463 468/468
f 464/464 469/469 470/470
f 462/462 470/470 471/471
f 458/458 462/462 472/472
f 459/459 458/458 473/473
f 474/474 478/478 475/475
f 474/474 482/482 477/477
f 478/478 481/481 479/479
f 478/478 477/477 480/480
f 271/271 476/476 289/289
f 277/277 474/474 476/476
f 277/277 276/276 482/482
f 276/276 256/256 465/465
f 482/482 465/465 473/473
f 477/477 473/473 472/472
f 480/480 472/472 471/471
f 481/481 480/480 483/483
f 481/481 484/484 485/485
f 479/479 485/485 292/292
f 475/475 479/479 291/291
f 476/476 475/475 290/290
f 486/486 490/490 487/487
f 489/489 499/499 490/490
f 487/487 490/490 491/491
f 490/490 499/499 493/493
f 494/494 488/488 293/293
f 495/495 486/486 488/488
f 496/496 489/489 486/486
f 497/497 498/498 489/489
f 498/498 500/500 499/499
f 500/500 524/524 493/493
f 493/493 524/524 501/501
f 491/491 493/493 502/502
f 492/492 491/491 503/503
f 295/295 492/492 504/504
f 294/294 487/487 492/492
f 488/488 487/487 294/294
f 505/505 509/509 506/506
f 508/508 518/518 509/509
f 506/506 509/509 510/510
f 509/509 518/518 512/512
f 497/497 514/514 507/507
f 513/513 505/505 507/507
f 515/515 508/508 505/505
f 516/516 517/517 508/508
f 517/517 871/871 518/518
f 518/518 871/871 519/519
f 512/512 519/519 520/520
f 510/510 512/512 521/521
f 511/511 510/510 522/522
f 524/524 511/511 523/523
f 500/500 506/506 511/511
f 498/498 507/507 506/506
f 525/525 529/529 526/526
f 528/528 534/534 529/529
f 526/526 529/529 530/530
f 529/529 534/534 532/532
f 504/504 527/527 310/310
f 503/503 525/525 527/527
f 502/502 528/528 525/525
f 501/501 548/548 528/528
f 528/528 548/548 533/533
f 534/534 533/533 535/535
f 532/532 535/535 536/536
f 530/530 532/532 537/537
f 531/531 530/530 538/538
f 312/312 531/531 539/539
f 311/311 526/526 531/531
f 527/527 526/526 311/311
f 540/540 544/544 541/541
f 543/543 550/550 544/544
f 541/541 544/544 545/545
f 544/544 550/550 547/547
f 501/501 523/523 542/542
f 522/522 540/540 542/542
f 521/521 543/543 540/540
f 520/520 549/549 543/543
f 549/549 882/882 550/550
f 550/550 882/882 551/551
f 547/547 551/551 552/552
f 545/545 547/547 553/553
f 546/546 545/545 554/554
f 535/535 546/546 555/555
f 541/541 546/546 535/535
f 542/542 541/541 533/533
f 556/556 560/560 557/557
f 559/559 565/565 560/560
f 557/557 560/560 561/561
f 560/560 565/565 563/563
f 539/539 558/558 327/327
f 538/538 556/556 558/558
f 537/537 559/559 556/556
f 536/536 564/564 559/559
f 564/564 586/586 565/565
f 565/565 586/586 566/566
f 563/563 566/566 567/567
f 561/561 563/563 568/568
f 562/562 561/561 569/569
f 329/329 562/562 570/570
f 328/328 557/557 562/562
f 558/558 557/557 328/328
f 571/571 575/575 572/572
f 574/574 580/580 575/575
f 572/572 575/575 576/576
f 575/575 580/580 578/578
f 555/555 573/573 564/564
f 554/554 571/571 573/573
f 553/553 574/574 571/571
f 552/552 579/579 574/574
f 579/579 891/891 580/580
f 580/580 891/891 581/581
f 578/578 581/581 582/582
f 576/576 578/578 583/583
f 577/577 576/576 584/584
f 566/566 577/577 585/585
f 572/572 577/577 566/566
f 564/564 573/573 572/572
f 587/587 591/591 588/588
f 590/590 596/596 591/591
f 588/588 591/591 592/592
f 591/591 596/596 594/594
f 570/570 589/589 344/344
f 569/569 587/587 589/589
f 568/568 590/590 587/587
f 567/567 595/595 590/590
f 595/595 617/617 596/596
f 596/596 617/617 597/597
f 594/594 597/597 598/598
f 592/592 594/594 599/599
f 593/593 592/592 600/600
f 346/346 593/593 601/601
f 345/345 588/588 593/593
f 589/589 588/588 345/345
f 602/602 606/606 603/603
f 605/605 611/611 606/606
f 603/603 606/606 607/607
f 606/606 611/611 609/609
f 567/567 585/585 604/604
f 584/584 602/602 604/604
f 583/583 605/605 602/602
f 582/582 610/610 605/605
f 610/610 900/900 611/611
f 611/611 900/900 612/612
f 609/609 612/612 613/613
f 607/607 609/609 614/614
f 608/608 607/607 615/615
f 608/608 616/616 598/598
f 617/617 603/603 608/608
f 595/595 604/604 603/603
f 618/618 624/624 619/619
f 622/622 629/629 624/624
f 620/620 623/623 625/625
f 623/623 630/630 627/627
f 601/601 621/621 365/365
f 600/600 618/618 621/621
f 599/599 622/622 618/618
f 598/598 628/628 622/622
f 628/628 655/655 629/629
f 630/630 654/654 631/631
f 627/627 631/631 632/632
f 625/625 627/627 633/633
f 626/626 625/625 634/634
f 368/368 626/626 635/635
f 367/367 620/620 626/626
f 621/621 619/619 366/366
f 636/636 642/642 638/638
f 640/640 648/648 642/642
f 637/637 641/641 643/643
f 641/641 647/647 645/645
f 616/616 639/639 628/628
f 615/615 636/636 639/639
f 614/614 640/640 636/636
f 613/613 646/646 640/640
f 646/646 911/911 648/648
f 647/647 912/912 649/649
f 645/645 649/649 650/650
f 643/643 645/645 651/651
f 644/644 643/643 652/652
f 631/631 644/644 653/653
f 654/654 637/637 644/644
f 639/639 638/638 655/655
f 656/656 660/660 657/657
f 659/659 665/665 660/660
f 657/657 660/660 661/661
f 660/660 665/665 663/663
f 635/635 658/658 383/383
f 634/634 656/656 658/658
f 633/633 659/659 656/656
f 632/632 664/664 659/659
f 664/664 686/686 665/665
f 665/665 686/686 666/666
f 663/663 666/666 667/667
f 661/661 663/663 668/668
f 662/662 661/661 669/669
f 385/385 662/662 670/670
f 384/384 657/657 662/662
f 658/658 657/657 384/384
f 671/671 675/675 672/672
f 674/674 680/680 675/675
f 672/672 675/675 676/676
f 675/675 680/680 678/678
f 653/653 673/673 664/664
f 652/652 671/671 673/673
f 651/651 674/674 671/671
f 650/650 679/679 674/674
f 679/679 921/921 680/680
f 680/680 921/921 681/681
f 678/678 681/681 682/682
f 676/676 678/678 683/683
f 677/677 676/676 684/684
f 666/666 677/677 685/685
f 686/686 672/672 677/677
f 673/673 672/672 686/686
f 687/687 691/691 688/688
f 690/690 696/696 691/691
f 688/688 691/691 692/692
f 691/691 696/696 694/694
f 670/670 689/689 400/400
f 669/669 687/687 689/689
f 668/668 690/690 687/687
f 667/667 695/695 690/690
f 695/695 717/717 696/696
f 696/696 717/717 697/697
f 694/694 697/697 698/698
f 692/692 694/694 699/699
f 693/693 692/692 700/700
f 402/402 693/693 701/701
f 401/401 688/688 693/693
f 689/689 688/688 401/401
f 702/702 706/706 703/703
f 705/705 711/711 706/706
f 703/703 706/706 707/707
f 706/706 711/711 709/709
f 685/685 704/704 695/695
f 684/684 702/702 704/704
f 683/683 705/705 702/702
f 682/682 710/710 705/705
f 710/710 930/930 711/711
f 711/711 930/930 712/712
f 709/709 712/712 713/713
f 707/707 709/709 714/714
f 708/708 707/707 715/715
f 708/708 716/716 698/698
f 703/703 708/708 697/697
f 704/704 703/703 717/717
f 718/718 722/722 719/719
f 721/721 727/727 722/722
f 719/719 722/722 723/723
f 722/722 727/727 725/725
f 701/701 720/720 417/417
f 700/700 718/718 720/720
f 699/699 721/721 718/718
f 698/698 741/741 721/721
f 721/721 741/741 726/726
f 727/727 726/726 728/728
f 725/725 728/728 729/729
f 723/723 725/725 730/730
f 724/724 723/723 731/731
f 419/419 724/724 732/732
f 418/418 719/719 724/724
f 720/720 719/719 418/418
f 733/733 737/737 734/734
f 736/736 743/743 737/737
f 734/734 737/737 738/738
f 737/737 743/743 740/740
f 698/698 716/716 735/735
f 715/715 733/733 735/735
f 714/714 736/736 733/733
f 713/713 742/742 736/736
f 742/742 939/939 743/743
f 743/743 939/939 744/744
f 740/740 744/744 745/745
f 738/738 740/740 746/746
f 739/739 738/738 747/747
f 739/739 748/748 729/729
f 734/734 739/739 728/728
f 741/741 735/735 734/734
f 749/749 753/753 750/750
f 752/752 758/758 753/753
f 750/750 753/753 754/754
f 753/753 758/758 756/756
f 732/732 751/751 434/434
f 731/731 749/749 751/751
f 730/730 752/752 749/749
f 729/729 757/757 752/752
f 757/757 779/779 758/758
f 758/758 779/779 759/759
f 756/756 759/759 760/760
f 754/754 756/756 761/761
f 755/755 754/754 762/762
f 436/436 755/755 763/763
f 435/435 750/750 755/755
f 751/751 750/750 435/435
f 764/764 768/768 765/765
f 767/767 773/773 768/768
f 765/765 768/768 769/769
f 768/768 773/773 771/771
f 748/748 766/766 757/757
f 747/747 764/764 766/766
f 746/746 767/767 764/764
f 745/745 772/772 767/767
f 772/772 948/948 773/773
f 773/773 948/948 774/774
f 771/771 774/774 775/775
f 769/769 771/771 776/776
f 770/770 769/769 777/777
f 759/759 770/770 778/778
f 779/779 765/765 770/770
f 766/766 765/765 779/779
f 780/780 784/784 781/781
f 783/783 789/789 784/784
f 781/781 784/784 785/785
f 784/784 789/789 787/787
f 763/763 782/782 451/451
f 762/762 780/780 782/782
f 761/761 783/783 780/780
f 760/760 788/788 783/783
f 788/788 810/810 789/789
f 789/789 810/810 790/790
f 787/787 790/790 791/791
f 785/785 787/787 792/792
f 786/786 785/785 793/793
f 453/453 786/786 794/794
f 452/452 781/781 786/786
f 782/782 781/781 452/452
f 795/795 799/799 796/796
f 798/798 804/804 799/799
f 796/796 799/799 800/800
f 799/799 804/804 802/802
f 778/778 797/797 788/788
f 777/777 795/795 797/797
f 776/776 798/798 795/795
f 775/775 803/803 798/798
f 803/803 957/957 804/804
f 804/804 957/957 805/805
f 802/802 805/805 806/806
f 800/800 802/802 807/807
f 801/801 800/800 808/808
f 790/790 801/801 809/809
f 796/796 801/801 790/790
f 797/797 796/796 810/810
f 811/811 815/815 812/812
f 814/814 820/820 815/815
f 812/812 815/815 816/816
f 815/815 820/820 818/818
f 794/794 813/813 468/468
f 793/793 811/811 813/813
f 792/792 814/814 811/811
f 791/791 819/819 814/814
f 819/819 841/841 820/820
f 820/820 841/841 821/821
f 818/818 821/821 822/822
f 816/816 818/818 823/823
f 817/817 816/816 824/824
f 470/470 817/817 825/825
f 469/469 812/812 817/817
f 813/813 812/812 469/469
f 826/826 830/830 827/827
f 829/829 835/835 830/830
f 827/827 830/830 831/831
f 830/830 835/835 833/833
f 791/791 809/809 828/828
f 808/808 826/826 828/828
f 807/807 829/829 826/826
f 806/806 834/834 829/829
f 834/834 966/966 835/835
f 835/835 966/966 836/836
f 833/833 836/836 837/837
f 831/831 833/833 838/838
f 832/832 831/831 839/839
f 832/832 840/840 822/822
f 827/827 832/832 821/821
f 828/828 827/827 841/841
f 842/842 846/846 843/843
f 845/845 851/851 846/846
f 843/843 846/846 847/847
f 846/846 851/851 849/849
f 825/825 844/844 483/483
f 824/824 842/842 844/844
f 823/823 845/845 842/842
f 822/822 850/850 845/845
f 850/850 864/864 851/851
f 851/851 864/864 852/852
f 849/849 852/852 497/497
f 847/847 849/849 496/496
f 848/848 847/847 495/495
f 485/485 848/848 494/494
f 484/484 843/843 848/848
f 844/844 843/843 484/484
f 853/853 857/857 854/854
f 856/856 862/862 857/857
f 854/854 857/857 858/858
f 857/857 862/862 860/860
f 840/840 855/855 850/850
f 839/839 853/853 855/855
f 838/838 856/856 853/853
f 837/837 861/861 856/856
f 861/861 974/974 862/862
f 862/862 974/974 863/863
f 860/860 863/863 516/516
f 858/858 860/860 515/515
f 859/859 858/858 513/513
f 852/852 859/859 514/514
f 864/864 854/854 859/859
f 855/855 854/854 864/864
f 865/865 869/869 866/866
f 865/865 872/872 868/868
f 519/519 867/867 870/870
f 871/871 865/865 867/867
f 871/871 517/517 872/872
f 517/517 516/516 873/873
f 872/872 873/873 874/874
f 867/867 866/866 875/875
f 876/876 880/880 877/877
f 876/876 883/883 879/879
f 551/551 878/878 881/881
f 882/882 876/876 878/878
f 882/882 549/549 883/883
f 549/549 520/520 870/870
f 883/883 870/870 875/875
f 878/878 877/877 884/884
f 885/885 889/889 886/886
f 885/885 892/892 888/888
f 581/581 887/887 890/890
f 891/891 885/885 887/887
f 891/891 579/579 892/892
f 579/579 552/552 881/881
f 892/892 881/881 884/884
f 887/887 886/886 893/893
f 894/894 898/898 895/895
f 894/894 901/901 897/897
f 612/612 896/896 899/899
f 900/900 894/894 896/896
f 900/900 610/610 901/901
f 610/610 582/582 890/890
f 901/901 890/890 893/893
f 896/896 895/895 902/902
f 903/903 908/908 905/905
f 904/904 913/913 907/907
f 649/649 906/906 910/910
f 912/912 903/903 906/906
f 911/911 646/646 913/913
f 646/646 613/613 899/899
f 913/913 899/899 902/902
f 906/906 905/905 914/914
f 915/915 919/919 916/916
f 915/915 922/922 918/918
f 681/681 917/917 920/920
f 921/921 915/915 917/917
f 921/921 679/679 922/922
f 679/679 650/650 910/910
f 922/922 910/910 914/914
f 917/917 916/916 923/923
f 924/924 928/928 925/925
f 924/924 931/931 927/927
f 712/712 926/926 929/929
f 930/930 924/924 926/926
f 930/930 710/710 931/931
f 710/710 682/682 920/920
f 931/931 920/920 923/923
f 926/926 925/925 932/932
f 933/933 937/937 934/934
f 933/933 940/940 936/936
f 744/744 935/935 938/938
f 939/939 933/933 935/935
f 939/939 742/742 940/940
f 742/742 713/713 929/929
f 940/940 929/929 932/932
f 935/935 934/934 941/941
f 942/942 946/946 943/943
f 942/942 949/949 945/945
f 774/774 944/944 947/947
f 948/948 942/942 944/944
f 948/948 772/772 949/949
f 772/772 745/745 938/938
f 949/949 938/938 941/941
f 944/944 943/943 950/950
f 951/951 955/955 952/952
f 951/951 958/958 954/954
f 805/805 953/953 956/956
f 957/957 951/951 953/953
f 957/957 803/803 958/958
f 803/803 775/775 947/947
f 958/958 947/947 950/950
f 953/953 952/952 959/959
f 960/960 964/964 961/961
f 960/960 967/967 963/963
f 836/836 962/962 965/965
f 966/966 960/960 962/962
f 966/966 834/834 967/967
f 834/834 806/806 956/956
f 967/967 956/956 959/959
f 962/962 961/961 968/968
f 969/969 973/973 970/970
f 969/969 975/975 972/972
f 863/863 971/971 873/873
f 974/974 969/969 971/971
f 974/974 861/861 975/975
f 861/861 837/837 965/965
f 975/975 965/965 968/968
f 971/971 970/970 874/874
f 976/976 979/979 977/977
f 979/979 990/990 980/980
f 977/977 983/983 981/981
f 977/977 980/980 982/982
f 984/984 987/987 976/976
f 986/986 979/979 976/976
f 988/988 990/990 979/979
f 989/989 991/991 990/990
f 991/991 1229/1229 980/980
f 980/980 1229/1229 992/992
f 982/982 992/992 993/993
f 983/983 982/982 994/994
f 981/981 983/983 995/995
f 981/981 996/996 997/997
f 978/978 981/981 998/998
f 985/985 976/976 978/978
f 1000/1000 1005/1005 1002/1002
f 1004/1004 1016/1016 1006/1006
f 1002/1002 1009/1009 1007/1007
f 1006/1006 1017/1017 1008/1008
f 1010/1010 1012/1012 1000/1000
f 1012/1012 1015/1015 1005/1005
f 1013/1013 1016/1016 1004/1004
f 1013/1013 984/984 985/985
f 1016/1016 985/985 999/999
f 999/999 998/998 1017/1017
f 1017/1017 998/998 997/997
f 1008/1008 1017/1017 1018/1018
f 1007/1007 1009/1009 1019/1019
f 1022/1022 1007/1007 1021/1021
f 1024/1024 1003/1003 1007/1007
f 1000/1000 1003/1003 1024/1024
f 1025/1025 1028/1028 1026/1026
f 1028/1028 1038/1038 1029/1029
f 1026/1026 1032/1032 1030/1030
f 1026/1026 1029/1029 1031/1031
f 1033/1033 1025/1025 1034/1034
f 1033/1033 1037/1037 1028/1028
f 1036/1036 1038/1038 1028/1028
f 1010/1010 1011/1011 1038/1038
f 1011/1011 1024/1024 1029/1029
f 1024/1024 1022/1022 1031/1031
f 1022/1022 1023/1023 1039/1039
f 1032/1032 1031/1031 1039/1039
f 1032/1032 1040/1040 1041/1041
f 1042/1042 1030/1030 1041/1041
f 1027/1027 1030/1030 1042/1042
f 1034/1034 1025/1025 1027/1027
f 1045/1045 1049/1049 1046/1046
f 1045/1045 1056/1056 1048/1048
f 1049/1049 1051/1051 1050/1050
f 1048/1048 1058/1058 1051/1051
f 1052/1052 1054/1054 1047/1047
f 1054/1054 1055/1055 1045/1045
f 1055/1055 1057/1057 1056/1056
f 1035/1035 1034/1034 1056/1056
f 1034/1034 1044/1044 1048/1048
f 1048/1048 1044/1044 1042/1042
f 1042/1042 1043/1043 1059/1059
f 1058/1058 1059/1059 1060/1060
f 1050/1050 1051/1051 1060/1060
f 1050/1050 1061/1061 1062/1062
f 1064/1064 1046/1046 1050/1050
f 1047/1047 1046/1046 1064/1064
f 1065/1065 1068/1068 1066/1066
f 1068/1068 1079/1079 1069/1069
f 1067/1067 1066/1066 1070/1070
f 1066/1066 1069/1069 1072/1072
f 1073/1073 1077/1077 1065/1065
f 1077/1077 1078/1078 1068/1068
f 1078/1078 1080/1080 1079/1079
f 1080/1080 1052/1052 1053/1053
f 1079/1079 1053/1053 1064/1064
f 1069/1069 1064/1064 1063/1063
f 1072/1072 1063/1063 1062/1062
f 1070/1070 1072/1072 1081/1081
f 1071/1071 1070/1070 1082/1082
f 1084/1084 1071/1071 1083/1083
f 1088/1088 1067/1067 1071/1071
f 1075/1075 1065/1065 1067/1067
f 1090/1090 1093/1093 1091/1091
f 1093/1093 1102/1102 1094/1094
f 1092/1092 1091/1091 1095/1095
f 1091/1091 1094/1094 1097/1097
f 1098/1098 1100/1100 1090/1090
f 1100/1100 1101/1101 1093/1093
f 1101/1101 1103/1103 1102/1102
f 1103/1103 1074/1074 1076/1076
f 1102/1102 1076/1076 1089/1089
f 1094/1094 1089/1089 1085/1085
f 1097/1097 1085/1085 1087/1087
f 1095/1095 1097/1097 1104/1104
f 1096/1096 1095/1095 1105/1105
f 1107/1107 1096/1096 1106/1106
f 1109/1109 1092/1092 1096/1096
f 1099/1099 1090/1090 1092/1092
f 1110/1110 1113/1113 1111/1111
f 1113/1113 1122/1122 1114/1114
f 1112/1112 1111/1111 1115/1115
f 1111/1111 1114/1114 1117/1117
f 1118/1118 1120/1120 1110/1110
f 1120/1120 1121/1121 1113/1113
f 1121/1121 1123/1123 1122/1122
f 1123/1123 1098/1098 1099/1099
f 1122/1122 1099/1099 1109/1109
f 1114/1114 1109/1109 1107/1107
f 1117/1117 1107/1107 1108/1108
f 1115/1115 1117/1117 1124/1124
f 1116/1116 1115/1115 1125/1125
f 1127/1127 1116/1116 1126/1126
f 1129/1129 1112/1112 1116/1116
f 1119/1119 1110/1110 1112/1112
f 1130/1130 1135/1135 1131/1131
f 1130/1130 1145/1145 1133/1133
f 1135/1135 1139/1139 1136/1136
f 1135/1135 1133/1133 1137/1137
f 1140/1140 1132/1132 1141/1141
f 1143/1143 1130/1130 1132/1132
f 1143/1143 1147/1147 1145/1145
f 1146/1146 1118/1118 1119/1119
f 1144/1144 1119/1119 1129/1129
f 1134/1134 1129/1129 1127/1127
f 1138/1138 1127/1127 1128/1128
f 1139/1139 1137/1137 1149/1149
f 1139/1139 1150/1150 1151/1151
f 1136/1136 1151/1151 1152/1152
f 1131/1131 1136/1136 1153/1153
f 1132/1132 1131/1131 1154/1154
f 1155/1155 1159/1159 1156/1156
f 1158/1158 1161/1161 1159/1159
f 1159/1159 1162/1162 1160/1160
f 1161/1161 1168/1168 1162/1162
f 1163/1163 1157/1157 1164/1164
f 1166/1166 1155/1155 1157/1157
f 1167/1167 1158/1158 1155/1155
f 1142/1142 1141/1141 1158/1158
f 1141/1141 1154/1154 1161/1161
f 1154/1154 1153/1153 1168/1168
f 1153/1153 1152/1152 1169/1169
f 1168/1168 1169/1169 1170/1170
f 1162/1162 1170/1170 1171/1171
f 1160/1160 1171/1171 1172/1172
f 1156/1156 1160/1160 1173/1173
f 1157/1157 1156/1156 1174/1174
f 1175/1175 1179/1179 1176/1176
f 1178/1178 1181/1181 1179/1179
f 1179/1179 1182/1182 1180/1180
f 1181/1181 1190/1190 1182/1182
f 1183/1183 1177/1177 1185/1185
f 1188/1188 1175/1175 1177/1177
f 1189/1189 1178/1178 1175/1175
f 1165/1165 1164/1164 1178/1178
f 1164/1164 1174/1174 1181/1181
f 1174/1174 1173/1173 1190/1190
f 1173/1173 1172/1172 1191/1191
f 1190/1190 1191/1191 1192/1192
f 1182/1182 1192/1192 1193/1193
f 1180/1180 1193/1193 1194/1194
f 1176/1176 1180/1180 1196/1196
f 1177/1177 1176/1176 1199/1199
f 1200/1200 1204/1204 1201/1201
f 1203/1203 1206/1206 1204/1204
f 1204/1204 1207/1207 1205/1205
f 1206/1206 1213/1213 1207/1207
f 1208/1208 1202/1202 1209/1209
f 1211/1211 1200/1200 1202/1202
f 1212/1212 1203/1203 1200/1200
f 1186/1186 1184/1184 1203/1203
f 1184/1184 1198/1198 1206/1206
f 1198/1198 1197/1197 1213/1213
f 1197/1197 1195/1195 1214/1214
f 1213/1213 1214/1214 1215/1215
f 1207/1207 1215/1215 1216/1216
f 1205/1205 1216/1216 1217/1217
f 1201/1201 1205/1205 1218/1218
f 1202/1202 1201/1201 1219/1219
f 1220/1220 1224/1224 1221/1221
f 1223/1223 1226/1226 1221/1221
f 1221/1221 1227/1227 1225/1225
f 1226/1226 1233/1233 1227/1227
f 992/992 1220/1220 1228/1228
f 992/992 1229/1229 1224/1224
f 991/991 1223/1223 1224/1224
f 991/991 989/989 1230/1230
f 1223/1223 1230/1230 1231/1231
f 1226/1226 1231/1231 1232/1232
f 1233/1233 1232/1232 1210/1210
f 1227/1227 1233/1233 1209/1209
f 1225/1225 1227/1227 1219/1219
f 1225/1225 1218/1218 1217/1217
f 1235/1235 1222/1222 1225/1225
f 1220/1220 1222/1222 1235/1235
f 1236/1236 1242/1242 1238/1238
f 1236/1236 1247/1247 1241/1241
f 1237/1237 1243/1243 1244/1244
f 1240/1240 1251/1251 1244/1244
f 996/996 1239/1239 1246/1246
f 995/995 1236/1236 1239/1239
f 995/995 994/994 1247/1247
f 994/994 993/993 1248/1248
f 1247/1247 1248/1248 1249/1249
f 1250/1250 1252/1252 1251/1251
f 1252/1252 1900/1900 1253/1253
f 1251/1251 1253/1253 1254/1254
f 1245/1245 1244/1244 1254/1254
f 1256/1256 1245/1245 1255/1255
f 1259/1259 1237/1237 1245/1245
f 1239/1239 1238/1238 1258/1258
f 1260/1260 1268/1268 1262/1262
f 1261/1261 1273/1273 1266/1266
f 1263/1263 1269/1269 1270/1270
f 1265/1265 1274/1274 1270/1270
f 1021/1021 1264/1264 1272/1272
f 1019/1019 1260/1260 1264/1264
f 1020/1020 1018/1018 1273/1273
f 1018/1018 997/997 1246/1246
f 1273/1273 1246/1246 1258/1258
f 1259/1259 1256/1256 1274/1274
f 1256/1256 1257/1257 1275/1275
f 1274/1274 1275/1275 1276/1276
f 1271/1271 1270/1270 1276/1276
f 1278/1278 1271/1271 1277/1277
f 1281/1281 1263/1263 1271/1271
f 1264/1264 1262/1262 1280/1280
f 1282/1282 1288/1288 1284/1284
f 1282/1282 1293/1293 1287/1287
f 1283/1283 1289/1289 1290/1290
f 1286/1286 1294/1294 1290/1290
f 1041/1041 1285/1285 1292/1292
f 1040/1040 1282/1282 1285/1285
f 1040/1040 1039/1039 1293/1293
f 1039/1039 1023/1023 1272/1272
f 1293/1293 1272/1272 1280/1280
f 1281/1281 1278/1278 1294/1294
f 1278/1278 1279/1279 1295/1295
f 1294/1294 1295/1295 1296/1296
f 1291/1291 1290/1290 1296/1296
f 1298/1298 1291/1291 1297/1297
f 1300/1300 1283/1283 1291/1291
f 1285/1285 1284/1284 1301/1301
f 1302/1302 1308/1308 1303/1303
f 1302/1302 1313/1313 1306/1306
f 1304/1304 1309/1309 1310/1310
f 1307/1307 1314/1314 1310/1310
f 1061/1061 1305/1305 1312/1312
f 1060/1060 1302/1302 1305/1305
f 1060/1060 1059/1059 1313/1313
f 1059/1059 1043/1043 1292/1292
f 1313/1313 1292/1292 1301/1301
f 1300/1300 1298/1298 1314/1314
f 1298/1298 1299/1299 1315/1315
f 1314/1314 1315/1315 1316/1316
f 1311/1311 1310/1310 1316/1316
f 1318/1318 1311/1311 1317/1317
f 1320/1320 1304/1304 1311/1311
f 1305/1305 1303/1303 1321/1321
f 1322/1322 1327/1327 1323/1323
f 1327/1327 1334/1334 1328/1328
f 1324/1324 1331/1331 1330/1330
f 1329/1329 1335/1335 1331/1331
f 1086/1086 1083/1083 1322/1322
f 1083/1083 1082/1082 1327/1327
f 1082/1082 1081/1081 1334/1334
f 1081/1081 1062/1062 1312/1312
f 1334/1334 1312/1312 1321/1321
f 1329/1329 1320/1320 1318/1318
f 1318/1318 1319/1319 1336/1336
f 1335/1335 1336/1336 1337/1337
f 1331/1331 1337/1337 1338/1338
f 1330/1330 1338/1338 1339/1339
f 1326/1326 1330/1330 1340/1340
f 1333/1333 1322/1322 1325/1325
f 1344/1344 1350/1350 1346/1346
f 1348/1348 1358/1358 1350/1350
f 1345/1345 1349/1349 1351/1351
f 1349/1349 1357/1357 1353/1353
f 1216/1216 1347/1347 1354/1354
f 1215/1215 1344/1344 1347/1347
f 1214/1214 1348/1348 1344/1344
f 1195/1195 1356/1356 1348/1348
f 1356/1356 1396/1396 1358/1358
f 1357/1357 1395/1395 1359/1359
f 1353/1353 1359/1359 1360/1360
f 1351/1351 1353/1353 1361/1361
f 1352/1352 1351/1351 1362/1362
f 1364/1364 1352/1352 1363/1363
f 1345/1345 1352/1352 1364/1364
f 1347/1347 1346/1346 1367/1367
f 1368/1368 1374/1374 1370/1370
f 1369/1369 1378/1378 1372/1372
f 1370/1370 1374/1374 1376/1376
f 1372/1372 1381/1381 1375/1375
f 1354/1354 1371/1371 1234/1234
f 1367/1367 1368/1368 1371/1371
f 1366/1366 1364/1364 1378/1378
f 1364/1364 1365/1365 1379/1379
f 1378/1378 1379/1379 1380/1380
f 1380/1380 1382/1382 1381/1381
f 1382/1382 1900/1900 1252/1252
f 1381/1381 1252/1252 1250/1250
f 1377/1377 1376/1376 1249/1249
f 1228/1228 1377/1377 1248/1248
f 1235/1235 1370/1370 1377/1377
f 1371/1371 1370/1370 1235/1235
f 1384/1384 1389/1389 1385/1385
f 1383/1383 1397/1397 1387/1387
f 1385/1385 1389/1389 1391/1391
f 1387/1387 1400/1400 1390/1390
f 1359/1359 1386/1386 1393/1393
f 1395/1395 1384/1384 1386/1386
f 1394/1394 1355/1355 1397/1397
f 1355/1355 1194/1194 1398/1398
f 1398/1398 1399/1399 1387/1387
f 1399/1399 1401/1401 1400/1400
f 1401/1401 1543/1543 1402/1402
f 1400/1400 1402/1402 1403/1403
f 1391/1391 1404/1404 1405/1405
f 1406/1406 1392/1392 1405/1405
f 1408/1408 1385/1385 1392/1392
f 1393/1393 1386/1386 1385/1385
f 1409/1409 1412/1412 1410/1410
f 1412/1412 1421/1421 1413/1413
f 1411/1411 1410/1410 1414/1414
f 1410/1410 1413/1413 1416/1416
f 1417/1417 1419/1419 1409/1409
f 1419/1419 1420/1420 1412/1412
f 1420/1420 1422/1422 1421/1421
f 1422/1422 1360/1360 1393/1393
f 1421/1421 1393/1393 1408/1408
f 1413/1413 1408/1408 1406/1406
f 1416/1416 1406/1406 1407/1407
f 1414/1414 1416/1416 1423/1423
f 1415/1415 1414/1414 1424/1424
f 1426/1426 1415/1415 1425/1425
f 1428/1428 1411/1411 1415/1415
f 1418/1418 1409/1409 1411/1411
f 1429/1429 1432/1432 1430/1430
f 1432/1432 1441/1441 1433/1433
f 1431/1431 1430/1430 1434/1434
f 1430/1430 1433/1433 1436/1436
f 1437/1437 1439/1439 1429/1429
f 1439/1439 1440/1440 1432/1432
f 1440/1440 1442/1442 1441/1441
f 1442/1442 1417/1417 1418/1418
f 1441/1441 1418/1418 1428/1428
f 1433/1433 1428/1428 1426/1426
f 1436/1436 1426/1426 1427/1427
f 1434/1434 1436/1436 1443/1443
f 1435/1435 1434/1434 1444/1444
f 1446/1446 1435/1435 1445/1445
f 1448/1448 1431/1431 1435/1435
f 1438/1438 1429/1429 1431/1431
f 1449/1449 1453/1453 1450/1450
f 1449/1449 1461/1461 1452/1452
f 1453/1453 1456/1456 1454/1454
f 1453/1453 1452/1452 1455/1455
f 1457/1457 1451/1451 1458/1458
f 1460/1460 1449/1449 1451/1451
f 1460/1460 1462/1462 1461/1461
f 1462/1462 1437/1437 1438/1438
f 1461/1461 1438/1438 1448/1448
f 1452/1452 1448/1448 1446/1446
f 1455/1455 1446/1446 1447/1447
f 1456/1456 1455/1455 1463/1463
f 1456/1456 1464/1464 1465/1465
f 1454/1454 1465/1465 1466/1466
f 1450/1450 1454/1454 1467/1467
f 1451/1451 1450/1450 1468/1468
f 1469/1469 1473/1473 1470/1470
f 1472/1472 1475/1475 1473/1473
f 1473/1473 1476/1476 1474/1474
f 1475/1475 1482/1482 1476/1476
f 1477/1477 1471/1471 1478/1478
f 1480/1480 1469/1469 1471/1471
f 1481/1481 1472/1472 1469/1469
f 1459/1459 1458/1458 1472/1472
f 1458/1458 1468/1468 1475/1475
f 1468/1468 1467/1467 1482/1482
f 1467/1467 1466/1466 1483/1483
f 1482/1482 1483/1483 1484/1484
f 1476/1476 1484/1484 1485/1485
f 1474/1474 1485/1485 1486/1486
f 1470/1470 1474/1474 1487/1487
f 1471/1471 1470/1470 1488/1488
f 1489/1489 1493/1493 1490/1490
f 1492/1492 1495/1495 1493/1493
f 1493/1493 1496/1496 1494/1494
f 1495/1495 1501/1501 1496/1496
f 1497/1497 1491/1491 1498/1498
f 1499/1499 1489/1489 1491/1491
f 1500/1500 1492/1492 1489/1489
f 1479/1479 1478/1478 1492/1492
f 1478/1478 1488/1488 1495/1495
f 1488/1488 1487/1487 1501/1501
f 1487/1487 1486/1486 1502/1502
f 1501/1501 1502/1502 1503/1503
f 1496/1496 1503/1503 1504/1504
f 1494/1494 1504/1504 1505/1505
f 1490/1490 1494/1494 1506/1506
f 1491/1491 1490/1490 1507/1507
f 1509/1509 1513/1513 1510/1510
f 1508/1508 1519/1519 1512/1512
f 1510/1510 1513/1513 1516/1516
f 1512/1512 1520/1520 1515/1515
f 1332/1332 1511/1511 1518/1518
f 1343/1343 1509/1509 1511/1511
f 1341/1341 1340/1340 1519/1519
f 1340/1340 1339/1339 1498/1498
f 1498/1498 1507/1507 1512/1512
f 1507/1507 1506/1506 1520/1520
f 1506/1506 1505/1505 1521/1521
f 1515/1515 1520/1520 1521/1521
f 1517/1517 1516/1516 1523/1523
f 1525/1525 1517/1517 1524/1524
f 1527/1527 1510/1510 1517/1517
f 1518/1518 1511/1511 1510/1510
f 1528/1528 1532/1532 1529/1529
f 1531/1531 1534/1534 1532/1532
f 1532/1532 1535/1535 1533/1533
f 1534/1534 1538/1538 1535/1535
f 1193/1193 1530/1530 1398/1398
f 1192/1192 1528/1528 1530/1530
f 1191/1191 1531/1531 1528/1528
f 1172/1172 1536/1536 1531/1531
f 1536/1536 1537/1537 1534/1534
f 1537/1537 1539/1539 1538/1538
f 1539/1539 1559/1559 1540/1540
f 1538/1538 1540/1540 1541/1541
f 1535/1535 1541/1541 1542/1542
f 1533/1533 1542/1542 1543/1543
f 1529/1529 1533/1533 1401/1401
f 1530/1530 1529/1529 1399/1399
f 1544/1544 1548/1548 1545/1545
f 1547/1547 1550/1550 1548/1548
f 1548/1548 1551/1551 1549/1549
f 1550/1550 1554/1554 1551/1551
f 1171/1171 1546/1546 1536/1536
f 1170/1170 1544/1544 1546/1546
f 1169/1169 1547/1547 1544/1544
f 1152/1152 1552/1552 1547/1547
f 1552/1552 1553/1553 1550/1550
f 1553/1553 1555/1555 1554/1554
f 1555/1555 1580/1580 1556/1556
f 1554/1554 1556/1556 1557/1557
f 1551/1551 1557/1557 1558/1558
f 1549/1549 1558/1558 1559/1559
f 1545/1545 1549/1549 1539/1539
f 1546/1546 1545/1545 1537/1537
f 1560/1560 1565/1565 1561/1561
f 1560/1560 1570/1570 1563/1563
f 1565/1565 1569/1569 1566/1566
f 1565/1565 1563/1563 1568/1568
f 1151/1151 1562/1562 1552/1552
f 1150/1150 1560/1560 1562/1562
f 1150/1150 1149/1149 1570/1570
f 1148/1148 1128/1128 1572/1572
f 1571/1571 1572/1572 1573/1573
f 1564/1564 1573/1573 1574/1574
f 1567/1567 1574/1574 1575/1575
f 1569/1569 1568/1568 1576/1576
f 1569/1569 1578/1578 1579/1579
f 1566/1566 1579/1579 1580/1580
f 1561/1561 1566/1566 1555/1555
f 1562/1562 1561/1561 1553/1553
f 1581/1581 1584/1584 1582/1582
f 1584/1584 1589/1589 1585/1585
f 1583/1583 1582/1582 1586/1586
f 1582/1582 1585/1585 1588/1588
f 1128/1128 1126/1126 1581/1581
f 1126/1126 1125/1125 1584/1584
f 1125/1125 1124/1124 1589/1589
f 1124/1124 1108/1108 1590/1590
f 1589/1589 1590/1590 1591/1591
f 1585/1585 1591/1591 1592/1592
f 1588/1588 1592/1592 1593/1593
f 1586/1586 1588/1588 1594/1594
f 1587/1587 1586/1586 1595/1595
f 1574/1574 1587/1587 1596/1596
f 1573/1573 1583/1583 1587/1587
f 1572/1572 1581/1581 1583/1583
f 1597/1597 1600/1600 1598/1598
f 1600/1600 1605/1605 1601/1601
f 1599/1599 1598/1598 1602/1602
f 1598/1598 1601/1601 1604/1604
f 1108/1108 1106/1106 1597/1597
f 1106/1106 1105/1105 1600/1600
f 1105/1105 1104/1104 1605/1605
f 1104/1104 1087/1087 1518/1518
f 1605/1605 1518/1518 1527/1527
f 1601/1601 1527/1527 1525/1525
f 1604/1604 1525/1525 1526/1526
f 1602/1602 1604/1604 1606/1606
f 1603/1603 1602/1602 1607/1607
f 1592/1592 1603/1603 1608/1608
f 1591/1591 1599/1599 1603/1603
f 1590/1590 1597/1597 1599/1599
f 1609/1609 1614/1614 1611/1611
f 1613/1613 1617/1617 1615/1615
f 1614/1614 1619/1619 1616/1616
f 1617/1617 1623/1623 1618/1618
f 1405/1405 1612/1612 1620/1620
f 1404/1404 1609/1609 1612/1612
f 1402/1402 1613/1613 1610/1610
f 1543/1543 1621/1621 1613/1613
f 1621/1621 1622/1622 1617/1617
f 1622/1622 1747/1747 1623/1623
f 1623/1623 1747/1747 1624/1624
f 1618/1618 1623/1623 1625/1625
f 1619/1619 1627/1627 1628/1628
f 1616/1616 1628/1628 1629/1629
f 1611/1611 1616/1616 1630/1630
f 1612/1612 1611/1611 1631/1631
f 1632/1632 1635/1635 1633/1633
f 1635/1635 1641/1641 1636/1636
f 1634/1634 1633/1633 1637/1637
f 1633/1633 1636/1636 1639/1639
f 1427/1427 1425/1425 1632/1632
f 1425/1425 1424/1424 1635/1635
f 1424/1424 1423/1423 1641/1641
f 1423/1423 1407/1407 1620/1620
f 1641/1641 1620/1620 1631/1631
f 1636/1636 1631/1631 1630/1630
f 1639/1639 1630/1630 1629/1629
f 1637/1637 1639/1639 1642/1642
f 1638/1638 1637/1637 1643/1643
f 1645/1645 1638/1638 1644/1644
f 1647/1647 1634/1634 1638/1638
f 1640/1640 1632/1632 1634/1634
f 1648/1648 1651/1651 1649/1649
f 1651/1651 1657/1657 1652/1652
f 1650/1650 1649/1649 1653/1653
f 1649/1649 1652/1652 1655/1655
f 1447/1447 1445/1445 1648/1648
f 1445/1445 1444/1444 1651/1651
f 1444/1444 1443/1443 1657/1657
f 1443/1443 1427/1427 1640/1640
f 1657/1657 1640/1640 1647/1647
f 1652/1652 1647/1647 1645/1645
f 1655/1655 1645/1645 1646/1646
f 1653/1653 1655/1655 1658/1658
f 1654/1654 1653/1653 1659/1659
f 1661/1661 1654/1654 1660/1660
f 1663/1663 1650/1650 1654/1654
f 1656/1656 1648/1648 1650/1650
f 1664/1664 1668/1668 1665/1665
f 1664/1664 1673/1673 1667/1667
f 1668/1668 1671/1671 1669/1669
f 1668/1668 1667/1667 1670/1670
f 1465/1465 1666/1666 1672/1672
f 1464/1464 1664/1664 1666/1666
f 1464/1464 1463/1463 1673/1673
f 1463/1463 1447/1447 1656/1656
f 1673/1673 1656/1656 1663/1663
f 1667/1667 1663/1663 1661/1661
f 1670/1670 1661/1661 1662/1662
f 1671/1671 1670/1670 1674/1674
f 1671/1671 1675/1675 1676/1676
f 1669/1669 1676/1676 1677/1677
f 1665/1665 1669/1669 1678/1678
f 1666/1666 1665/1665 1679/1679
f 1680/1680 1684/1684 1681/1681
f 1683/1683 1686/1686 1684/1684
f 1684/1684 1687/1687 1685/1685
f 1686/1686 1689/1689 1687/1687
f 1485/1485 1682/1682 1688/1688
f 1484/1484 1680/1680 1682/1682
f 1483/1483 1683/1683 1680/1680
f 1466/1466 1672/1672 1683/1683
f 1672/1672 1679/1679 1686/1686
f 1679/1679 1678/1678 1689/1689
f 1678/1678 1677/1677 1690/1690
f 1689/1689 1690/1690 1691/1691
f 1687/1687 1691/1691 1692/1692
f 1685/1685 1692/1692 1693/1693
f 1681/1681 1685/1685 1694/1694
f 1682/1682 1681/1681 1695/1695
f 1696/1696 1700/1700 1697/1697
f 1699/1699 1702/1702 1700/1700
f 1700/1700 1703/1703 1701/1701
f 1702/1702 1705/1705 1703/1703
f 1504/1504 1698/1698 1704/1704
f 1503/1503 1696/1696 1698/1698
f 1502/1502 1699/1699 1696/1696
f 1486/1486 1688/1688 1699/1699
f 1688/1688 1695/1695 1702/1702
f 1695/1695 1694/1694 1705/1705
f 1694/1694 1693/1693 1706/1706
f 1705/1705 1706/1706 1707/1707
f 1703/1703 1707/1707 1708/1708
f 1701/1701 1708/1708 1709/1709
f 1697/1697 1701/1701 1710/1710
f 1698/1698 1697/1697 1711/1711
f 1712/1712 1717/1717 1713/1713
f 1716/1716 1724/1724 1718/1718
f 1715/1715 1713/1713 1720/1720
f 1714/1714 1718/1718 1722/1722
f 1526/1526 1524/1524 1712/1712
f 1524/1524 1523/1523 1717/1717
f 1522/1522 1521/1521 1724/1724
f 1521/1521 1505/1505 1704/1704
f 1724/1724 1704/1704 1711/1711
f 1718/1718 1711/1711 1710/1710
f 1722/1722 1710/1710 1709/1709
f 1719/1719 1722/1722 1725/1725
f 1720/1720 1727/1727 1728/1728
f 1721/1721 1728/1728 1729/1729
f 1731/1731 1715/1715 1721/1721
f 1723/1723 1712/1712 1715/1715
f 1732/1732 1736/1736 1733/1733
f 1735/1735 1738/1738 1736/1736
f 1736/1736 1739/1739 1737/1737
f 1738/1738 1742/1742 1739/1739
f 1542/1542 1734/1734 1621/1621
f 1541/1541 1732/1732 1734/1734
f 1540/1540 1735/1735 1732/1732
f 1559/1559 1740/1740 1735/1735
f 1740/1740 1741/1741 1738/1738
f 1741/1741 1743/1743 1742/1742
f 1743/1743 1763/1763 1744/1744
f 1742/1742 1744/1744 1745/1745
f 1739/1739 1745/1745 1746/1746
f 1737/1737 1746/1746 1624/1624
f 1733/1733 1737/1737 1747/1747
f 1734/1734 1733/1733 1622/1622
f 1748/1748 1752/1752 1749/1749
f 1751/1751 1754/1754 1752/1752
f 1752/1752 1755/1755 1753/1753
f 1754/1754 1758/1758 1755/1755
f 1558/1558 1750/1750 1740/1740
f 1557/1557 1748/1748 1750/1750
f 1556/1556 1751/1751 1748/1748
f 1580/1580 1756/1756 1751/1751
f 1756/1756 1757/1757 1754/1754
f 1757/1757 1759/1759 1758/1758
f 1759/1759 1784/1784 1760/1760
f 1758/1758 1760/1760 1761/1761
f 1755/1755 1761/1761 1762/1762
f 1753/1753 1762/1762 1763/1763
f 1749/1749 1753/1753 1743/1743
f 1750/1750 1749/1749 1741/1741
f 1764/1764 1769/1769 1765/1765
f 1764/1764 1775/1775 1768/1768
f 1769/1769 1773/1773 1770/1770
f 1769/1769 1768/1768 1771/1771
f 1579/1579 1766/1766 1756/1756
f 1578/1578 1764/1764 1766/1766
f 1578/1578 1576/1576 1775/1775
f 1577/1577 1575/1575 1776/1776
f 1774/1774 1776/1776 1777/1777
f 1767/1767 1777/1777 1778/1778
f 1772/1772 1778/1778 1779/1779
f 1773/1773 1771/1771 1780/1780
f 1773/1773 1782/1782 1783/1783
f 1770/1770 1783/1783 1784/1784
f 1765/1765 1770/1770 1759/1759
f 1766/1766 1765/1765 1757/1757
f 1785/1785 1788/1788 1786/1786
f 1788/1788 1793/1793 1789/1789
f 1787/1787 1786/1786 1790/1790
f 1786/1786 1789/1789 1792/1792
f 1575/1575 1596/1596 1785/1785
f 1596/1596 1595/1595 1788/1788
f 1595/1595 1594/1594 1793/1793
f 1594/1594 1593/1593 1794/1794
f 1793/1793 1794/1794 1795/1795
f 1789/1789 1795/1795 1796/1796
f 1792/1792 1796/1796 1797/1797
f 1790/1790 1792/1792 1798/1798
f 1791/1791 1790/1790 1799/1799
f 1778/1778 1791/1791 1800/1800
f 1777/1777 1787/1787 1791/1791
f 1776/1776 1785/1785 1787/1787
f 1801/1801 1804/1804 1802/1802
f 1804/1804 1809/1809 1805/1805
f 1803/1803 1802/1802 1806/1806
f 1802/1802 1805/1805 1808/1808
f 1593/1593 1608/1608 1801/1801
f 1608/1608 1607/1607 1804/1804
f 1607/1607 1606/1606 1809/1809
f 1606/1606 1526/1526 1723/1723
f 1809/1809 1723/1723 1731/1731
f 1805/1805 1731/1731 1730/1730
f 1808/1808 1730/1730 1729/1729
f 1806/1806 1808/1808 1810/1810
f 1807/1807 1806/1806 1811/1811
f 1796/1796 1807/1807 1812/1812
f 1795/1795 1803/1803 1807/1807
f 1794/1794 1801/1801 1803/1803
f 1813/1813 1818/1818 1814/1814
f 1817/1817 1823/1823 1815/1815
f 1816/1816 1814/1814 1820/1820
f 1823/1823 1828/1828 1821/1821
f 1693/1693 1824/1824 1813/1813
f 1824/1824 1826/1826 1818/1818
f 1825/1825 1817/1817 1819/1819
f 1797/1797 1812/1812 1817/1817
f 1812/1812 1811/1811 1823/1823
f 1811/1811 1810/1810 1828/1828
f 1810/1810 1729/1729 1728/1728
f 1828/1828 1728/1728 1727/1727
f 1822/1822 1820/1820 1726/1726
f 1708/1708 1822/1822 1725/1725
f 1707/1707 1816/1816 1822/1822
f 1706/1706 1813/1813 1816/1816
f 1829/1829 1834/1834 1831/1831
f 1833/1833 1839/1839 1830/1830
f 1832/1832 1831/1831 1837/1837
f 1839/1839 1844/1844 1836/1836
f 1677/1677 1840/1840 1829/1829
f 1840/1840 1842/1842 1834/1834
f 1841/1841 1833/1833 1835/1835
f 1779/1779 1800/1800 1833/1833
f 1800/1800 1799/1799 1839/1839
f 1799/1799 1798/1798 1844/1844
f 1798/1798 1797/1797 1825/1825
f 1844/1844 1825/1825 1827/1827
f 1838/1838 1837/1837 1826/1826
f 1692/1692 1838/1838 1824/1824
f 1691/1691 1832/1832 1838/1838
f 1690/1690 1829/1829 1832/1832
f 1845/1845 1851/1851 1847/1847
f 1846/1846 1859/1859 1849/1849
f 1847/1847 1851/1851 1854/1854
f 1849/1849 1862/1862 1852/1852
f 1856/1856 1848/1848 1674/1674
f 1857/1857 1845/1845 1848/1848
f 1858/1858 1860/1860 1859/1859
f 1860/1860 1784/1784 1783/1783
f 1859/1859 1783/1783 1782/1782
f 1782/1782 1780/1780 1862/1862
f 1781/1781 1779/1779 1841/1841
f 1861/1861 1841/1841 1843/1843
f 1855/1855 1854/1854 1842/1842
f 1676/1676 1855/1855 1840/1840
f 1675/1675 1847/1847 1855/1855
f 1848/1848 1847/1847 1675/1675
f 1864/1864 1869/1869 1865/1865
f 1863/1863 1877/1877 1867/1867
f 1869/1869 1872/1872 1870/1870
f 1868/1868 1867/1867 1871/1871
f 1874/1874 1866/1866 1658/1658
f 1875/1875 1864/1864 1866/1866
f 1876/1876 1878/1878 1877/1877
f 1878/1878 1763/1763 1762/1762
f 1877/1877 1762/1762 1761/1761
f 1867/1867 1761/1761 1760/1760
f 1871/1871 1760/1760 1784/1784
f 1873/1873 1871/1871 1860/1860
f 1872/1872 1857/1857 1856/1856
f 1870/1870 1856/1856 1662/1662
f 1865/1865 1870/1870 1660/1660
f 1866/1866 1865/1865 1659/1659
f 1879/1879 1884/1884 1881/1881
f 1880/1880 1890/1890 1883/1883
f 1884/1884 1889/1889 1886/1886
f 1885/1885 1883/1883 1887/1887
f 1628/1628 1882/1882 1642/1642
f 1627/1627 1879/1879 1882/1882
f 1626/1626 1625/1625 1890/1890
f 1625/1625 1624/1624 1746/1746
f 1890/1890 1746/1746 1745/1745
f 1883/1883 1745/1745 1744/1744
f 1887/1887 1744/1744 1763/1763
f 1888/1888 1887/1887 1878/1878
f 1889/1889 1875/1875 1874/1874
f 1886/1886 1874/1874 1646/1646
f 1881/1881 1886/1886 1644/1644
f 1882/1882 1881/1881 1643/1643
f 1891/1891 1895/1895 1892/1892
f 1894/1894 1896/1896 1892/1892
f 1893/1893 1892/1892 1896/1896
f 1257/1257 1255/1255 1891/1891
f 1255/1255 1254/1254 1895/1895
f 1898/1898 1891/1891 1893/1893
f 1900/1900 1901/1901 1894/1894
f 1901/1901 1905/1905 1896/1896
f 1253/1253 1894/1894 1895/1895
f 1902/1902 1897/1897 1903/1903
f 1899/1899 1893/1893 1897/1897
f 1897/1897 1896/1896 1905/1905
f 1906/1906 1910/1910 1907/1907
f 1909/1909 1911/1911 1907/1907
f 1908/1908 1907/1907 1911/1911
f 1279/1279 1277/1277 1906/1906
f 1277/1277 1276/1276 1910/1910
f 1913/1913 1906/1906 1908/1908
f 1257/1257 1898/1898 1909/1909
f 1898/1898 1899/1899 1911/1911
f 1275/1275 1909/1909 1910/1910
f 1915/1915 1912/1912 1902/1902
f 1914/1914 1908/1908 1912/1912
f 1912/1912 1911/1911 1899/1899
f 1916/1916 1920/1920 1917/1917
f 1919/1919 1921/1921 1917/1917
f 1918/1918 1917/1917 1921/1921
f 1299/1299 1297/1297 1916/1916
f 1297/1297 1296/1296 1920/1920
f 1923/1923 1916/1916 1918/1918
f 1279/1279 1913/1913 1919/1919
f 1913/1913 1914/1914 1921/1921
f 1295/1295 1919/1919 1920/1920
f 1925/1925 1922/1922 1915/1915
f 1924/1924 1918/1918 1922/1922
f 1922/1922 1921/1921 1914/1914
f 1926/1926 1930/1930 1927/1927
f 1929/1929 1931/1931 1927/1927
f 1928/1928 1927/1927 1931/1931
f 1319/1319 1317/1317 1926/1926
f 1317/1317 1316/1316 1930/1930
f 1933/1933 1926/1926 1928/1928
f 1299/1299 1923/1923 1929/1929
f 1923/1923 1924/1924 1931/1931
f 1315/1315 1929/1929 1930/1930
f 1935/1935 1932/1932 1925/1925
f 1934/1934 1928/1928 1932/1932
f 1932/1932 1931/1931 1924/1924
f 1936/1936 1940/1940 1937/1937
f 1939/1939 1941/1941 1940/1940
f 1937/1937 1940/1940 1941/1941
f 1338/1338 1938/1938 1943/1943
f 1337/1337 1936/1936 1938/1938
f 1938/1938 1937/1937 1944/1944
f 1319/1319 1933/1933 1939/1939
f 1933/1933 1934/1934 1941/1941
f 1336/1336 1939/1939 1936/1936
f 1945/1945 1942/1942 1935/1935
f 1945/1945 1944/1944 1937/1937
f 1942/1942 1941/1941 1934/1934
f 1946/1946 1950/1950 1947/1947
f 1949/1949 1951/1951 1950/1950
f 1947/1947 1950/1950 1951/1951
f 1500/1500 1948/1948 1953/1953
f 1499/1499 1946/1946 1948/1948
f 1948/1948 1947/1947 1954/1954
f 1339/1339 1943/1943 1949/1949
f 1943/1943 1944/1944 1951/1951
f 1497/1497 1949/1949 1946/1946
f 1955/1955 1952/1952 1945/1945
f 1954/1954 1947/1947 1952/1952
f 1952/1952 1951/1951 1944/1944
f 1956/1956 1960/1960 1957/1957
f 1959/1959 1961/1961 1957/1957
f 1958/1958 1957/1957 1961/1961
f 1481/1481 1956/1956 1963/1963
f 1480/1480 1960/1960 1956/1956
f 1963/1963 1956/1956 1958/1958
f 1479/1479 1953/1953 1959/1959
f 1953/1953 1954/1954 1961/1961
f 1477/1477 1959/1959 1960/1960
f 1965/1965 1962/1962 1955/1955
f 1964/1964 1958/1958 1962/1962
f 1962/1962 1961/1961 1954/1954
f 1966/1966 1970/1970 1967/1967
f 1969/1969 1971/1971 1967/1967
f 1968/1968 1967/1967 1971/1971
f 1437/1437 1462/1462 1966/1966
f 1462/1462 1460/1460 1970/1970
f 1973/1973 1966/1966 1968/1968
f 1459/1459 1963/1963 1969/1969
f 1963/1963 1964/1964 1971/1971
f 1457/1457 1969/1969 1970/1970
f 1975/1975 1972/1972 1965/1965
f 1974/1974 1968/1968 1972/1972
f 1972/1972 1971/1971 1964/1964
f 1976/1976 1980/1980 1977/1977
f 1979/1979 1981/1981 1977/1977
f 1978/1978 1977/1977 1981/1981
f 1417/1417 1442/1442 1976/1976
f 1442/1442 1440/1440 1980/1980
f 1983/1983 1976/1976 1978/1978
f 1973/1973 1979/1979 1439/1439
f 1973/1973 1974/1974 1981/1981
f 1979/1979 1980/1980 1440/1440
f 1985/1985 1982/1982 1975/1975
f 1984/1984 1978/1978 1982/1982
f 1982/1982 1981/1981 1974/1974
f 1986/1986 1990/1990 1987/1987
f 1989/1989 1987/1987 1990/1990
f 1988/1988 1987/1987 1989/1989
f 1360/1360 1422/1422 1986/1986
f 1422/1422 1420/1420 1990/1990
f 1993/1993 1986/1986 1988/1988
f 1983/1983 1991/1991 1419/1419
f 1984/1984 1989/1989 1991/1991
f 1991/1991 1990/1990 1420/1420
f 1995/1995 1992/1992 1985/1985
f 1994/1994 1988/1988 1992/1992
f 1992/1992 1989/1989 1984/1984
f 1996/1996 2000/2000 1997/1997
f 1999/1999 1997/1997 2000/2000
f 1998/1998 1997/1997 1999/1999
f 1365/1365 1363/1363 1996/1996
f 1363/1363 1362/1362 2000/2000
f 2003/2003 1996/1996 1998/1998
f 1993/1993 2001/2001 1361/1361
f 1994/1994 1999/1999 2001/2001
f 2001/2001 2000/2000 1362/1362
f 2005/2005 2002/2002 1995/1995
f 2004/2004 1998/1998 2002/2002
f 1995/1995 2002/2002 1999/1999
f 2006/2006 2010/2010 2007/2007
f 2009/2009 2011/2011 2007/2007
f 2008/2008 2007/2007 2011/2011
f 1900/1900 1382/1382 2006/2006
f 1382/1382 1380/1380 2010/2010
f 1901/1901 2006/2006 2008/2008
f 1365/1365 2003/2003 2009/2009
f 2003/2003 2004/2004 2011/2011
f 1379/1379 2009/2009 2010/2010
f 1903/1903 2012/2012 2005/2005
f 1905/1905 2008/2008 2012/2012
f 2012/2012 2011/2011 2004/2004

